syn_count,deflection_soma,deflection_siz,syn_type
1,0.09630358774141712,0.16971976006026068,LC22
2,0.1940667465502628,0.34213395656597356,LC22
3,0.287096431006276,0.5059162658787812,LC22
4,0.38768225284069047,0.6836244248317627,LC22
5,0.4772022801600997,0.8408178442907541,LC22
6,0.5757923248448691,1.0149591063518528,LC22
7,0.6722545815845677,1.1849961396735438,LC22
8,0.7606395287098309,1.3404428803496131,LC22
9,0.8501241487716555,1.4978291133815418,LC22
10,0.9457234908750394,1.666243274439168,LC22
11,1.0285404556391171,1.8113761482610897,LC22
12,1.1213178671825688,1.9750818364721283,LC22
13,1.2244637920379517,2.157547638669783,LC22
14,1.2890433070038227,2.268702644040985,LC22
15,1.388534733074522,2.4453253762197136,LC22
16,1.4702699665571828,2.5884861058722777,LC22
17,1.586157911291835,2.795130222729739,LC22
18,1.6619697763438808,2.9274212930748433,LC22
19,1.7634439963616728,3.1069057467984607,LC22
20,1.8198791298190713,3.203258606411495,LC22
21,1.8907354595555859,3.3262036174299396,LC22
22,2.0088513323572954,3.537395365847516,LC22
23,2.0782915850949024,3.658128257319376,LC22
24,2.178768534215479,3.8357596862582,LC22
25,2.2482612107753965,3.9575728533341703,LC22
26,2.323914315860037,4.08971313213479,LC22
27,2.441179902398474,4.299307316936009,LC22
28,2.4931739578945553,4.388148667815457,LC22
29,2.5836061155329446,4.54671035828747,LC22
30,2.6557330659493914,4.672199723619059,LC22
31,2.744221947062101,4.829208318300616,LC22
32,2.837689895955208,4.9947682014693555,LC22
33,2.911993154777221,5.125416357866229,LC22
34,2.9461658446732883,5.17830248956389,LC22
35,3.08305952935153,5.426682487428934,LC22
36,3.1460365989939447,5.535731079658092,LC22
37,3.2103048382091828,5.646270008520105,LC22
38,3.2660247628182617,5.742537126068896,LC22
39,3.3290997792398116,5.85059307689238,LC22
40,3.4625284670859884,6.09150170564925,LC22
41,3.492825007806502,6.139857331769676,LC22
42,3.571849678031512,6.2788868089299115,LC22
43,3.68483763610098,6.4808719093689575,LC22
44,3.726186737631565,6.550380351755834,LC22
45,3.7975810949167936,6.6758288584512115,LC22
46,3.8265857866639976,6.7194359748361165,LC22
47,3.9441593022274617,6.932628338773853,LC22
48,3.980980413980845,6.992075989052893,LC22
49,4.046809641039047,7.106395277430309,LC22
50,4.158437487031492,7.306794637443417,LC22
51,4.218126124754093,7.410826052474263,LC22
52,4.314813950044808,7.582282406727231,LC22
53,4.346042788334486,7.63255345206268,LC22
54,4.441957565018626,7.802827595793829,LC22
55,4.451212920535625,7.810355146918468,LC22
56,4.554148950830125,7.996093689559473,LC22
57,4.676524815346582,8.218742847601163,LC22
58,4.689538128377578,8.23271939268335,LC22
59,4.747133187895415,8.332787610584447,LC22
60,4.7981264023134855,8.419775829059418,LC22
61,4.845796143119685,8.500497690439758,LC22
62,4.938546338357611,8.66398894327449,LC22
63,5.051105238822686,8.869301892289016,LC22
64,5.179737756775779,9.102835550960208,LC22
65,5.16159891216337,9.059593623813072,LC22
66,5.2327581753434345,9.184634224678632,LC22
67,5.245232444233238,9.199707597531187,LC22
68,5.348700515275581,9.383348540127045,LC22
69,5.367192337244404,9.411434998167366,LC22
70,5.397523956625676,9.458420125580737,LC22
71,5.568027520587677,9.770931526721974,LC22
72,5.519369659008859,9.668446586172955,LC22
73,5.663548444138073,9.935837904517392,LC22
74,5.760306707869162,10.107255871816498,LC22
75,5.793038287277227,10.160250260132983,LC22
76,5.858805592105213,10.27699860585858,LC22
77,5.837279432383454,10.22767307027911,LC22
78,5.965699567124162,10.460841541174112,LC22
79,6.00832420256387,10.531572324752759,LC22
80,6.045453131750449,10.594715558915986,LC22
81,6.050839369404642,10.59444310636529,LC22
82,6.199264601372192,10.867325739692092,LC22
83,6.233837516163291,10.925360580433114,LC22
84,6.3068432139975386,11.052038920738205,LC22
85,6.334538120345158,11.097230221311747,LC22
86,6.34304336645026,11.10492987109835,LC22
87,6.4759497958401795,11.345772855997474,LC22
88,6.579081647594791,11.532981541251317,LC22
89,6.545459693560346,11.460355553985671,LC22
90,6.656629055628741,11.663504313438914,LC22
91,6.720111046675157,11.773147067512198,LC22
92,6.812975659926678,11.941387192097643,LC22
93,6.724814772128838,11.764702061249771,LC22
94,6.7805896224210045,11.861685969588649,LC22
95,6.9066218062133515,12.093522848586332,LC22
96,6.915397967054801,12.102294418778165,LC22
97,6.93014393478731,12.118356266510538,LC22
98,7.108786789185558,12.450365930494087,LC22
99,7.165266987660559,12.548293388859456,LC22
100,7.178737668760419,12.566941369405086,LC22
101,7.208817543198165,12.615886235786796,LC22
102,7.265347831789782,12.713687856761275,LC22
103,7.317053476910559,12.802615853083736,LC22
104,7.355713711797023,12.8656855495353,LC22
105,7.339427848551082,12.828461562488492,LC22
106,7.536562920454841,13.1943734155793,LC22
107,7.55208516142639,13.215238808246873,LC22
108,7.601219511134225,13.301409705164907,LC22
109,7.625160732418095,13.336910382371336,LC22
110,7.692618439327113,13.456666951984054,LC22
111,7.723200266339518,13.505272371109164,LC22
112,7.796256850307124,13.636246917485899,LC22
113,7.798374289186327,13.632163473581677,LC22
114,7.908263472343869,13.833501585257707,LC22
115,7.893867239556542,13.796900872665844,LC22
116,7.982636743115279,13.956898155078257,LC22
117,8.0050949323768,13.990622458213778,LC22
118,8.024117225771128,14.019068699764276,LC22
119,8.11280175828282,14.179820317084747,LC22
120,8.066238968436977,14.082771007046034,LC22
121,8.17131595129041,14.27585160833842,LC22
122,8.231598031274686,14.381883688568351,LC22
123,8.253375623079336,14.414064378325328,LC22
124,8.33787767843188,14.565978712371404,LC22
125,8.433685178038992,14.740399180568843,LC22
126,8.422501279578846,14.710176395231173,LC22
127,8.43373419484336,14.725209268989822,LC22
128,8.558493222024126,14.952831526991645,LC22
129,8.632861822113604,15.088418591465803,LC22
130,8.592509593843062,15.002205413121125,LC22
131,8.694381812634617,15.189440956124706,LC22
132,8.731840812959732,15.25093049200359,LC22
133,8.752518040533147,15.282801799252319,LC22
134,8.796496834014881,15.360038786191609,LC22
135,8.844786963321646,15.442328881869074,LC22
136,8.92222556259987,15.582191535991974,LC22
137,8.919762539153801,15.57046025350482,LC22
138,8.941267356316551,15.601829714714555,LC22
139,9.011752527429977,15.727893325585434,LC22
140,9.039189090478516,15.773799784289707,LC22
141,9.088843940883372,15.859638641052975,LC22
142,9.10435503811459,15.883016262934667,LC22
143,9.1940405994959,16.04441552615937,LC22
144,9.242858516947592,16.129669530030114,LC22
145,9.244151572143913,16.124020382760776,LC22
146,9.27149164928251,16.16939160353848,LC22
147,9.312712828922145,16.2386650787029,LC22
148,9.388620526347736,16.377383874715363,LC22
149,9.421633865399833,16.430876908773918,LC22
150,9.435713956615736,16.451828438991484,LC22
151,9.525682371336217,16.614643699633177,LC22
152,9.584748813156288,16.719419761176674,LC22
153,9.564782167299391,16.675556652338088,LC22
154,9.622498873246762,16.776765470116956,LC22
155,9.690490715123715,16.898217401467704,LC22
156,9.67296290814781,16.856928863079034,LC22
157,9.764536952849092,17.02423693428655,LC22
158,9.785802386764608,17.05806211494572,LC22
159,9.795607453951114,17.06734674124683,LC22
160,9.83520079601297,17.136105193610277,LC22
161,9.930841205053966,17.3116817139828,LC22
162,9.922968288864368,17.288659976689857,LC22
163,9.948247937602602,17.330351856565507,LC22
164,9.999694736568244,17.421294469452967,LC22
165,10.060214779390108,17.528933106348497,LC22
166,10.097647205424678,17.59203378574489,LC22
167,10.081737105056604,17.554268405022746,LC22
168,10.210602010381862,17.793650547729698,LC22
169,10.168704983288528,17.707339564868306,LC22
170,10.22450456666725,17.803899421639883,LC22
171,10.27884058926383,17.900907679241065,LC22
172,10.311551687045352,17.955830524867025,LC22
173,10.369477764480735,18.059726839875466,LC22
174,10.365129907133408,18.04334749195585,LC22
175,10.442109507648524,18.183646660514796,LC22
176,10.476158081203167,18.241472862783404,LC22
177,10.481476902196839,18.245145305663904,LC22
178,10.537408649067117,18.34376124541604,LC22
179,10.559138520273521,18.377901149453372,LC22
180,10.604085751768274,18.45646872515068,LC22
181,10.63408940630503,18.506615268734706,LC22
182,10.656249628040918,18.541433128738866,LC22
183,10.705948534841582,18.62977323717211,LC22
184,10.739263067870581,18.68619310054882,LC22
185,10.761846391523548,18.722018537671325,LC22
186,10.812905630909142,18.812716772358456,LC22
187,10.839392782194537,18.856149233708308,LC22
188,10.869688945284523,18.906891303346164,LC22
189,10.904838154474874,18.96696426916766,LC22
190,10.932811431441046,19.013306806497532,LC22
1,0.09395210055743064,0.16539698576517026,LC4
2,0.1906098562470362,0.3357290016890744,LC4
3,0.2888979087865522,0.5091919909367846,LC4
4,0.3828969641574105,0.6747086331527044,LC4
5,0.47747865643511034,0.8413655094921069,LC4
6,0.5670037363883011,0.9989442344406001,LC4
7,0.6570946130681108,1.1571730805816145,LC4
8,0.7522026747367363,1.3250702826936163,LC4
9,0.8531699557966306,1.5033177736704886,LC4
10,0.9368059321071911,1.6502006072732058,LC4
11,1.0279252435788777,1.810582644855998,LC4
12,1.124162861588644,1.9805937075291808,LC4
13,1.2089889176546933,2.1298468834596065,LC4
14,1.2936458587914217,2.278523389822226,LC4
15,1.3766434207948635,2.4240922671391587,LC4
16,1.4808278243846047,2.6091672666029098,LC4
17,1.5533542639201414,2.7352630369645965,LC4
18,1.6563617193681353,2.918236733647788,LC4
19,1.7402315263391017,3.06550150954223,LC4
20,1.8325959687321642,3.228803997310891,LC4
21,1.913255105042353,3.3698430873390492,LC4
22,2.017507004859681,3.555632553262484,LC4
23,2.077231263303929,3.658302653037026,LC4
24,2.167669156962731,3.81783511119707,LC4
25,2.264417982864117,3.9894404276017497,LC4
26,2.316355115665104,4.0770020153046715,LC4
27,2.4273051215913455,4.275559983271492,LC4
28,2.5038404700278676,4.409783941522591,LC4
29,2.5675310590016522,4.5196171220348305,LC4
30,2.664885547710597,4.692906424314572,LC4
31,2.7527057515508204,4.848304846107496,LC4
32,2.8128199422573914,4.951899567069589,LC4
33,2.920026020145997,5.143141076923968,LC4
34,3.0015164035655175,5.286796621527557,LC4
35,3.057875824036884,5.382996470109248,LC4
36,3.136682099679774,5.522088026103589,LC4
37,3.24459126523692,5.715198216441507,LC4
38,3.303958976201727,5.817184263502611,LC4
39,3.3547660094254326,5.903443687010139,LC4
40,3.476437826137186,6.122909265585335,LC4
41,3.497228401451622,6.151812656337839,LC4
42,3.617735208485442,6.369707063622116,LC4
43,3.699714919303929,6.514674721055101,LC4
44,3.775253343837207,6.647531326125446,LC4
45,3.8371969015909997,6.754771063151068,LC4
46,3.9260100379491263,6.912546236687376,LC4
47,3.9615533957037314,6.9697545433362365,LC4
48,3.998609958783476,7.029997292337683,LC4
49,4.124925428525813,7.258911252023793,LC4
50,4.222653306313589,7.4340040038418636,LC4
51,4.265316924351524,7.5053127393330215,LC4
52,4.357534479756367,7.669492425559014,LC4
53,4.443579362471937,7.823006785318427,LC4
54,4.458022321171711,7.840477415355508,LC4
55,4.562748167714446,8.029358878462943,LC4
56,4.6651333553577246,8.213010067118745,LC4
57,4.737624985917137,8.340543510591687,LC4
58,4.776778670056814,8.40509276802058,LC4
59,4.858914858041928,8.551140076781422,LC4
60,4.858770375015126,8.54129237827081,LC4
61,5.006253218084581,8.81077652166438,LC4
62,4.979767062725642,8.75110343000128,LC4
63,5.090424833855323,8.951646391900638,LC4
64,5.187747222024257,9.126961485305003,LC4
65,5.275302832041703,9.283414161330711,LC4
66,5.2941735306345805,9.30908461738737,LC4
67,5.4073570960436115,9.514047371438046,LC4
68,5.389228939516201,9.47011253545191,LC4
69,5.5478045485962895,9.762199570592614,LC4
70,5.628989924801644,9.907110708913791,LC4
71,5.663009407417974,9.961718500778417,LC4
72,5.665035699725308,9.955931377417045,LC4
73,5.7654908450823825,10.137837293959258,LC4
74,5.844518385593005,10.2780957144777,LC4
75,5.963306339912123,10.495404456334967,LC4
76,5.937464376050812,10.436312879877363,LC4
77,6.070493453468046,10.680255851177847,LC4
78,6.070826994549833,10.671499373639598,LC4
79,6.217762963796844,10.942065731402195,LC4
80,6.160719501549707,10.823020518789654,LC4
81,6.277906065446999,11.037077647199936,LC4
82,6.34404847776581,11.153284996617906,LC4
83,6.405680619608276,11.261259690954546,LC4
84,6.525092404016306,11.479796209981323,LC4
85,6.548840823715466,11.516169538545299,LC4
86,6.5907804833748,11.587058960711936,LC4
87,6.681829634039559,11.751034388571995,LC4
88,6.727801190285973,11.829378336506778,LC4
89,6.726811398039359,11.818040373176387,LC4
90,6.856535766906362,12.056686889555806,LC4
91,6.914972593244045,12.158529501985718,LC4
92,6.954637829183241,12.225839890852455,LC4
93,7.040410950449285,12.380064910271493,LC4
94,7.0769851413726315,12.440325667737199,LC4
95,7.172645941920905,12.613624377130996,LC4
96,7.21645339020283,12.688530407553408,LC4
97,7.25592083278724,12.754842923059194,LC4
98,7.205914917364211,12.649259362304392,LC4
99,7.379412872986876,12.972693415757057,LC4
100,7.3980024902621295,12.998864888436337,LC4
101,7.434164051691269,13.057867355532558,LC4
102,7.523075275107672,13.219390906309748,LC4
103,7.5627069920696215,13.286140170871128,LC4
104,7.685061966476084,13.510555620699066,LC4
105,7.704903700334562,13.540642156661775,LC4
106,7.701706439020313,13.524935307193275,LC4
107,7.787676401757025,13.680483969812116,LC4
108,7.803637624713566,13.70266876400322,LC4
109,7.887421484538827,13.853775055775564,LC4
110,7.967158712004647,13.997521840646435,LC4
111,8.045224261742838,14.137842683868989,LC4
112,8.100702072493476,14.235253780383665,LC4
113,8.121849345811867,14.266695008120195,LC4
114,8.192822084109046,14.393797936787188,LC4
115,8.261607825857425,14.516836534641051,LC4
116,8.275357953619121,14.534645235541248,LC4
117,8.357659079050386,14.683655276877474,LC4
118,8.38428519310709,14.725802069878355,LC4
119,8.462165299969087,14.866377694015625,LC4
120,8.450970104270588,14.836604604493182,LC4
121,8.5546625146253,15.02598697161924,LC4
122,8.58455201943302,15.07526745096817,LC4
123,8.727760810408881,15.341289891788236,LC4
124,8.630873499235662,15.145995294312293,LC4
125,8.754440550749003,15.375170829787095,LC4
126,8.808631305621056,15.470547731495714,LC4
127,8.802593939688542,15.449751949487123,LC4
128,8.884119284308326,15.597532525133936,LC4
129,8.930510379334912,15.678596125547855,LC4
130,8.981514879827017,15.767400218027156,LC4
131,9.062139010277505,15.914363666939188,LC4
132,9.104930286568326,15.987563952686422,LC4
133,9.185113151018292,16.133529530108206,LC4
134,9.156676664675906,16.06989806994779,LC4
135,9.262439776307247,16.264371316666484,LC4
136,9.325038819678127,16.37691180306271,LC4
137,9.36849806701288,16.451955647723267,LC4
138,9.334113900864942,16.377612988554667,LC4
139,9.387876571213717,16.471853273236036,LC4
140,9.51734818781042,16.71302738822324,LC4
141,9.513425847164584,16.69671085355047,LC4
142,9.602785703229308,16.860733080006405,LC4
143,9.487587425386756,16.630139947162647,LC4
144,9.69055263007845,17.012334357286797,LC4
145,9.754989900990282,17.128257773622927,LC4
146,9.84981725050428,17.302618783647397,LC4
147,9.799664205943202,17.197940560049567,LC4
148,9.786224466320931,17.16392879931194,LC4
149,9.85418506490997,17.286279134990423,LC4
150,9.940522610058707,17.444188101470118,LC4
151,9.926969860695358,17.409598549761526,LC4
152,10.003002869434631,17.547804553226186,LC4
153,10.032131907429317,17.59649361764027,LC4
154,10.006274085092556,17.539098426502235,LC4
155,10.157560770059526,17.821608414143235,LC4
156,10.24400326820679,17.980168337421816,LC4
157,10.303461804891775,18.086412083298242,LC4
158,10.292100272980676,18.05590757591203,LC4
159,10.349716490934156,18.159859907737804,LC4
160,10.39336624484774,18.23555065195889,LC4
161,10.395779634056204,18.232151671140706,LC4
162,10.429715579827622,18.28940903464214,LC4
163,10.529224894114016,18.473964330411704,LC4
164,10.496240731501288,18.401554324419422,LC4
165,10.602288740564902,18.598861364519074,LC4
166,10.620736993054898,18.62613732743074,LC4
167,10.61980578035977,18.616234132321637,LC4
168,10.639943021890367,18.647947051655727,LC4
169,10.716102288015811,18.786646782709347,LC4
170,10.753625057650979,18.850890969526255,LC4
171,10.686214178453511,18.713006380334754,LC4
172,10.86671604807961,19.05434274850935,LC4
173,10.805786893427296,18.92817217718077,LC4
174,10.896122699622673,19.0939443987157,LC4
175,11.101926489204779,19.484886002765556,LC4
176,10.985592584289222,19.252043576678467,LC4
177,11.028981678266192,19.328254506468866,LC4
178,11.084669760984866,19.427522473665455,LC4
179,11.095303888709523,19.440443855955728,LC4
180,11.171997964660292,19.58141250236598,LC4
181,11.20460621581141,19.63668779784468,LC4
182,11.334362469810287,19.87988713983971,LC4
183,11.29623828681131,19.79861496700685,LC4
184,11.33887132802905,19.873368339635412,LC4
185,11.410927704040482,20.00514579326814,LC4
186,11.332753316074658,19.846285741015897,LC4
187,11.413321723160465,19.994154839592625,LC4
188,11.472209663816592,20.1003779064407,LC4
189,11.480871657254326,20.109092160293507,LC4
190,11.470461596156682,20.081528662039034,LC4
191,11.567927655239338,20.262891057313333,LC4
192,11.636542924304898,20.388116600956423,LC4
193,11.685407583831847,20.474551594497186,LC4
194,11.769392785623438,20.629935951339526,LC4
195,11.78483392683318,20.65262483274487,LC4
196,11.689627831191352,20.461123246498467,LC4
197,11.809511720090768,20.68538433591481,LC4
198,11.769339477890902,20.59994073037806,LC4
199,11.87802382750418,20.803619224230175,LC4
200,11.86332712258406,20.768072847870435,LC4
201,11.977647497630201,20.981321444463333,LC4
202,11.834975254354717,20.697836025751656,LC4
203,12.005243464663621,21.020027524096918,LC4
204,12.106309801091271,21.208576818617125,LC4
205,12.070560468696762,21.13237964741551,LC4
206,12.138429259010401,21.255999468499724,LC4
207,12.133881952544101,21.240027790745565,LC4
208,12.248357570637864,21.454792448338075,LC4
209,12.302299141558322,21.552604186264524,LC4
210,12.329720253577257,21.598172602504576,LC4
211,12.307950127214163,21.54808305008074,LC4
212,12.277272827695569,21.48206208213969,LC4
213,12.442619979172449,21.795613483132676,LC4
214,12.422176291196912,21.7482446543789,LC4
215,12.398952603503432,21.69599589232238,LC4
216,12.503236389166823,21.891505741604377,LC4
217,12.611737077466948,22.095170843359966,LC4
218,12.608952010875157,22.082604130838668,LC4
219,12.643675971961862,22.14290842126178,LC4
220,12.551740103607372,21.956751844353867,LC4
221,12.673899198274988,22.187669140945935,LC4
222,12.723871505547116,22.27717491211407,LC4
223,12.738680226631047,22.29842433192153,LC4
224,12.800254505173477,22.4117480936277,LC4
225,12.746145153832927,22.299394466723157,LC4
226,12.691518933052052,22.185809092188634,LC4
227,12.716585446483535,22.22770033910468,LC4
228,12.772827970243732,22.328873955484504,LC4
229,12.916635287178806,22.601810217237386,LC4
230,12.939760260696929,22.640016238471723,LC4
231,12.946796407052524,22.646660762951313,LC4
232,13.006785561193041,22.756773170928504,LC4
233,13.062131386888822,22.857427932028408,LC4
234,13.092714543570857,22.90957396664666,LC4
235,13.12641891045515,22.96858120895201,LC4
236,13.105035501102478,22.919340515184516,LC4
237,13.12764737657237,22.956490660799396,LC4
238,13.225701710963328,23.140788808110024,LC4
239,13.1735078886394,23.03183495944476,LC4
240,13.232621811955674,23.140373294220524,LC4
241,13.249648790275025,23.166088264197214,LC4
242,13.226649573663728,23.11412218454646,LC4
243,13.344381011867597,23.337236358931804,LC4
244,13.463784546473555,23.562342097972554,LC4
245,13.492857250226706,23.61214518762319,LC4
246,13.460534152738184,23.54275070507412,LC4
247,13.482372800804761,23.578811463224525,LC4
248,13.540319131852655,23.684088209185795,LC4
249,13.538635395416392,23.674574071721985,LC4
250,13.530467110129052,23.65153764869715,LC4
251,13.524285613398767,23.632963197442628,LC4
252,13.571684303389652,23.71820832925711,LC4
253,13.68813811227679,23.938614065258683,LC4
254,13.709271538983636,23.9729065467182,LC4
255,13.706166114259972,23.959580575912234,LC4
256,13.712613901333846,23.966276882487335,LC4
257,13.760458102758612,24.052270770550216,LC4
258,13.820566162363406,24.163098622184435,LC4
259,13.839389985855327,24.19324983040122,LC4
260,13.78127584006348,24.0734387692653,LC4
261,13.814443913509422,24.130198850888696,LC4
262,13.913771521734482,24.31819155538588,LC4
263,13.881438030875167,24.249089292166012,LC4
264,13.908325129337918,24.294326452013365,LC4
265,13.946408863093168,24.36235005835021,LC4
266,13.965830472537512,24.393117023509106,LC4
267,13.941362825876986,24.339418928466245,LC4
268,14.034288560743086,24.513983840507294,LC4
269,14.142496093924407,24.718285275008306,LC4
270,14.068766739481084,24.568373061030734,LC4
271,14.140561128636378,24.701614706447167,LC4
272,14.253497808365566,24.915952921107824,LC4
273,14.165246674725942,24.73590434903754,LC4
274,14.204831718847188,24.807078735613544,LC4
275,14.250683679309311,24.890863757125445,LC4
276,14.26666429877924,24.915396917463696,LC4
277,14.247232597345025,24.871508897270168,LC4
278,14.397647229886083,25.158597766453106,LC4
279,14.390797234799265,25.139351925313683,LC4
280,14.337677986046117,25.02813744814268,LC4
281,14.408682499301591,25.160423707412946,LC4
282,14.39238432885972,25.122333599540426,LC4
283,14.456858904950003,25.24238429189866,LC4
284,14.485901011520042,25.292850750577585,LC4
285,14.532906413000077,25.378464053819805,LC4
286,14.510781816863947,25.328790185297912,LC4
287,14.526489552615963,25.35328652635679,LC4
288,14.575301630075217,25.44194986789544,LC4
289,14.546797723821818,25.377933040038492,LC4
290,14.724102960719726,25.7205008015357,LC4
291,14.720307158547527,25.70652263080403,LC4
292,14.55178406485512,25.370902739375815,LC4
293,14.731592396728601,25.716292486011447,LC4
294,14.710826908030683,25.668702039276695,LC4
295,14.729274448951358,25.69879715445368,LC4
296,14.707996409707143,25.65065119652848,LC4
297,14.86961774326899,25.96163534217132,LC4
298,14.806041231374273,25.831340913063627,LC4
299,14.87191506806414,25.953503299120605,LC4
300,14.836023287062815,25.87627024816738,LC4
301,14.852420974568098,25.902817273560238,LC4
302,14.951494363570227,26.090318109395554,LC4
303,14.990053436478632,26.159801909221635,LC4
304,14.982279477860423,26.13853772970284,LC4
305,14.91774978216214,26.005712909630127,LC4
306,15.089317849914366,26.33550902650547,LC4
307,15.008581961521848,26.17131342855759,LC4
308,15.133554646290492,26.409924556274035,LC4
309,15.052174637665118,26.243911028063998,LC4
310,15.173546697220338,26.476967677862014,LC4
311,15.168886191993089,26.460975838885467,LC4
312,15.226537169640359,26.567432172453138,LC4
313,15.122260085190177,26.357361449479058,LC4
314,15.198573940265852,26.500875528449363,LC4
315,15.2092756096161,26.51582990285113,LC4
316,15.335263391258927,26.75606797085655,LC4
317,15.23328273366343,26.550940866282595,LC4
318,15.299364023557416,26.673631942417714,LC4
319,15.374427676955598,26.81469328130941,LC4
320,15.365531664869359,26.791633162196383,LC4
321,15.31969145211658,26.69571463866769,LC4
322,15.461722884691966,26.968034820165833,LC4
323,15.314753457158673,26.674906856934435,LC4
324,15.408579900950777,26.852729149328866,LC4
325,15.48057522940487,26.987125255046514,LC4
326,15.434548822163421,26.892606645165294,LC4
327,15.58274641061356,27.176133288458175,LC4
328,15.529565761480406,27.065572123174114,LC4
329,15.672109954183028,27.33901521847094,LC4
330,15.554392854179994,27.103247821355936,LC4
331,15.604204160934195,27.19336911747766,LC4
332,15.65512799224149,27.28838759217593,LC4
333,15.63894773600046,27.250655830731738,LC4
334,15.73790953102894,27.43991169058188,LC4
335,15.722765849702746,27.403566357649083,LC4
336,15.723009006100348,27.397395218023163,LC4
337,15.735621167282297,27.41637853067921,LC4
338,15.685181256814936,27.312800123087136,LC4
339,15.82764458657094,27.586045447758295,LC4
340,15.884530464935438,27.69216114907819,LC4
341,15.827127155334878,27.572556200548647,LC4
342,15.885753380385736,27.68203451079436,LC4
343,15.855268100794675,27.61689244644907,LC4
344,15.915246555837626,27.728948600751984,LC4
345,15.960869722906601,27.812896577313253,LC4
346,15.982489665433569,27.8500879451424,LC4
347,16.00612751416127,27.89111682962097,LC4
348,16.01462880694774,27.900927700179274,LC4
349,16.04915752957251,27.963364351358337,LC4
350,16.097502251227752,28.053092287324546,LC4
351,16.03569934834875,27.925637072945115,LC4
352,16.148224606420705,28.140594033835058,LC4
353,16.06856730227112,27.978859369828335,LC4
354,16.081481526816212,27.998110882186843,LC4
355,16.085742913435993,28.001258197626363,LC4
356,16.1412148011889,28.104090735040074,LC4
357,16.104750620505882,28.02718198405146,LC4
358,16.177232781063978,28.164459075197527,LC4
359,16.147284003343046,28.09980321646279,LC4
360,16.230250823477363,28.2576884437283,LC4
361,16.136320769604517,28.065962883167664,LC4
362,16.281186647358965,28.346138292778257,LC4
363,16.33546002662291,28.447945471533025,LC4
364,16.21356364595026,28.20112742554271,LC4
365,16.384857186082876,28.53396876412279,LC4
366,16.342752753193707,28.44443803617534,LC4
367,16.420714199959768,28.592606389607283,LC4
368,16.38763212591524,28.521815954241532,LC4
369,16.386015630776313,28.513821945096247,LC4
370,16.409351775985222,28.553139378855825,LC4
371,16.482452207981638,28.692146092982256,LC4
372,16.457440332995652,28.637622775095167,LC4
373,16.54016164346576,28.79490632501537,LC4
374,16.472335564576674,28.65639079987138,LC4
375,16.530653099220473,28.765339471562484,LC4
376,16.524454694257578,28.747825036921284,LC4
377,16.556546985038203,28.805113390868343,LC4
378,16.562587866260202,28.81166880321487,LC4
379,16.53831430501115,28.757110468611884,LC4
380,16.624559539892367,28.922622873175165,LC4
381,16.692833306969348,29.051074603493795,LC4
382,16.691675494728386,29.043376456331565,LC4
383,16.641210991860987,28.93861207553541,LC4
384,16.68076821768384,29.01229348033268,LC4
385,16.717156503959202,29.076012581826276,LC4
386,16.810606234446794,29.25534786945442,LC4
387,16.749491803392644,29.12922839774722,LC4
388,16.700830481993577,29.0290068835453,LC4
389,16.71740494334825,29.057213837587675,LC4
390,16.768777380615404,29.15244398028564,LC4
391,16.862021722449313,29.330891910761927,LC4
392,16.768014573631483,29.139468668418758,LC4
393,16.830818612320883,29.258668936664286,LC4
394,16.88225061182701,29.35443780084743,LC4
395,16.855295607579606,29.295816792250506,LC4
396,16.929095949932687,29.43574585218692,LC4
397,16.890892479654667,29.355382714837532,LC4
398,16.900575700466142,29.3692594933286,LC4
399,16.919805575397397,29.401956354098544,LC4
400,16.929323626725697,29.414785829938708,LC4
401,17.00110727727438,29.552456889566344,LC4
402,16.96339563133924,29.47211682684751,LC4
403,17.02003601302011,29.57714922254818,LC4
404,17.08402189548216,29.697798604896825,LC4
405,17.08390891695064,29.692379748993787,LC4
406,17.13879487974721,29.795482701716416,LC4
407,17.049275362523197,29.61511575289979,LC4
408,17.155647315832034,29.81939544681473,LC4
409,17.1670785452828,29.835799903567803,LC4
410,17.084948295793808,29.66926939760811,LC4
411,17.153833945349476,29.79875162027863,LC4
412,17.13032732981594,29.748126938308168,LC4
413,17.246492584077387,29.971546837183197,LC4
414,17.215629691968203,29.903937884239234,LC4
415,17.238092426656692,29.944764984621514,LC4
416,17.344596861679122,30.150150042761624,LC4
417,17.261494342590396,29.98086262124359,LC4
418,17.31717860330427,30.085250718489192,LC4
419,17.349993127955422,30.143623545649938,LC4
420,17.27545846079147,29.99387138762053,LC4
421,17.340522759030108,30.115084277008656,LC4
422,17.36487339833735,30.15947677913701,LC4
423,17.386982696104177,30.19748202387941,LC4
424,17.399416864639058,30.216417339980033,LC4
425,17.509627725428622,30.42849241283988,LC4
426,17.382331003256326,30.174144919583,LC4
427,17.453144134732995,30.308988715891573,LC4
428,17.423680816646367,30.244281210674487,LC4
429,17.389593807469716,30.172777254973127,LC4
430,17.46196238723237,30.310061608295385,LC4
431,17.470735417197602,30.320655336540796,LC4
432,17.48663892945639,30.34779987641958,LC4
433,17.526077064404696,30.421141876507768,LC4
434,17.552212273755337,30.468189333168453,LC4
435,17.623845155052713,30.604600840561844,LC4
436,17.590553244363846,30.533230363681824,LC4
437,17.57832256339102,30.504766157176974,LC4
438,17.59139546213312,30.525124320150375,LC4
439,17.63960725751219,30.615407311734423,LC4
440,17.69846364595248,30.725880664450145,LC4
441,17.663299952940626,30.65268112314223,LC4
442,17.633472983041578,30.589090418160012,LC4
443,17.639603000125682,30.594608736504846,LC4
444,17.711967472334024,30.73314579848543,LC4
445,17.690650713847887,30.68745007484801,LC4
446,17.769081636037846,30.836605867996944,LC4
447,17.697820855880472,30.690555320486823,LC4
448,17.77543953169466,30.83965548766438,LC4
449,17.78561535739164,30.854252673369345,LC4
450,17.835631460040545,30.947168045280563,LC4
451,17.743957609971282,30.76252505651427,LC4
452,17.844601016359597,30.955412738146904,LC4
453,17.89124678684429,31.043612018045742,LC4
454,17.896595028823242,31.0485159455599,LC4
455,17.893769218263472,31.03853490523811,LC4
456,17.87232010043079,30.990980990874448,LC4
457,17.929422016049394,31.098270480337554,LC4
458,17.95244031527958,31.140699954846987,LC4
459,17.96333632254664,31.156109736273073,LC4
460,17.938496924136857,31.103325615931965,LC4
461,17.96253414242247,31.14513821022142,LC4
462,17.953842419348582,31.123149784413386,LC4
463,18.001139820759086,31.21265932689294,LC4
464,18.029594282921252,31.26243626179022,LC4
465,18.113460635286927,31.423154940411386,LC4
466,18.004400668821084,31.204838746370342,LC4
467,18.00290328758944,31.19692487574276,LC4
468,18.066020177246486,31.316371047115695,LC4
469,18.069453511087566,31.317260883443367,LC4
470,18.103012796371594,31.378791584550534,LC4
471,18.059774479037472,31.290292589360128,LC4
472,18.122355869197648,31.40691305719843,LC4
473,18.09794677791657,31.355504307752227,LC4
474,18.23010950623093,31.61087440479482,LC4
475,18.222005395282338,31.590713371593488,LC4
476,18.10759044538063,31.361109477720298,LC4
477,18.217434526615946,31.57120532558033,LC4
478,18.196577559926112,31.528790021982715,LC4
479,18.241911156900663,31.609882927982405,LC4
480,18.27604759724563,31.672681319997004,LC4
481,18.256519680665576,31.63177085743002,LC4
482,18.229702643868777,31.573276047772204,LC4
483,18.260662435306067,31.629798145705635,LC4
484,18.35376623388381,31.807687453229796,LC4
485,18.272957917099816,31.645039154625287,LC4
486,18.365987685764082,31.82267843246815,LC4
487,18.35398295307879,31.79467477043471,LC4
488,18.317123111061377,31.718478371730605,LC4
489,18.387522980269594,31.85372756798526,LC4
490,18.371698045896153,31.816895741536477,LC4
491,18.392733681579976,31.852483512128714,LC4
492,18.40007454357948,31.863878242576057,LC4
493,18.427937416358326,31.912991252221964,LC4
494,18.447558321683204,31.947762540722657,LC4
495,18.446182244910048,31.939962051941805,LC4
496,18.47523381978577,31.993515151599723,LC4
497,18.44975894816188,31.939666979171754,LC4
498,18.49975160415393,32.031840980027944,LC4
499,18.563188107845647,32.15183182996088,LC4
500,18.544842247351568,32.11217216155735,LC4
501,18.53656444456616,32.09191179422179,LC4
502,18.545430606395037,32.10410542202537,LC4
503,18.590806838569236,32.189374293161556,LC4
504,18.571793499144952,32.14726266154409,LC4
505,18.495456811229303,31.993229416402038,LC4
506,18.5765007569913,32.14795308010828,LC4
507,18.60526151866457,32.2005894428167,LC4
508,18.646387432244047,32.27532138188331,LC4
509,18.66016480528654,32.29881395300072,LC4
510,18.69204037496806,32.35759494939961,LC4
511,18.66699574647491,32.30400092533713,LC4
512,18.708794986280886,32.381350790893975,LC4
513,18.69301816594416,32.346579932242975,LC4
514,18.69230213439657,32.340019538535365,LC4
515,18.704254111651927,32.35944365149866,LC4
516,18.751096784754758,32.446750366378524,LC4
517,18.750569861507657,32.44068148720547,LC4
518,18.79236404986957,32.51992737509487,LC4
519,18.738855329947256,32.41124587454544,LC4
520,18.820883413966797,32.56652607079852,LC4
521,18.792322588849686,32.506562721271926,LC4
522,18.806551081795362,32.53167531089111,LC4
523,18.824858724509745,32.562359516469876,LC4
524,18.75454011580596,32.42181821401119,LC4
525,18.910024817158963,32.720950576835534,LC4
526,18.903142240213747,32.703537013527175,LC4
527,18.86434725208447,32.62341001261985,LC4
528,18.920865410476793,32.73033033933291,LC4
529,18.903113865981332,32.68953066025163,LC4
530,18.904470469291446,32.6899402571551,LC4
531,18.910664210070593,32.697688077779105,LC4
532,18.90575730596401,32.6835327371479,LC4
533,18.984510278024032,32.83455448760492,LC4
534,18.91845129157221,32.6992940629684,LC4
535,18.923089637671154,32.70404295973453,LC4
536,18.97545364115468,32.805764375824275,LC4
537,19.02540578386524,32.897400410388386,LC4
538,18.978296629551743,32.800213734431274,LC4
539,18.921285641172247,32.68545496276969,LC4
540,18.983477667168707,32.80199225475397,LC4
541,18.96856681119553,32.76947488203296,LC4
542,19.025919836250452,32.87689633938191,LC4
543,19.077250869578563,32.97299958657395,LC4
544,19.071694917135737,32.958743972737004,LC4
545,19.15354053172365,33.11560607845662,LC4
546,19.116555155613803,33.041018612682926,LC4
547,19.110111189607608,33.023272362339966,LC4
548,19.1496533849255,33.09568008998887,LC4
549,19.166716481873067,33.12578174934699,LC4
550,19.162610667895557,33.11328582897847,LC4
551,19.166694194349887,33.11881835494277,LC4
552,19.16730146625779,33.114372377314545,LC4
553,19.167098239525686,33.10926690458207,LC4
554,19.214680547873563,33.19942675612138,LC4
555,19.216860318221173,33.198455024516754,LC4
556,19.22581879266636,33.21302917342959,LC4
557,19.262974895648988,33.28167204982118,LC4
558,19.197272399132537,33.14887528643826,LC4
559,19.282127318665637,33.31134578449314,LC4
560,19.24103661477769,33.22674093299667,LC4
561,19.254988288424727,33.24883235981089,LC4
562,19.261844324637337,33.260332227048664,LC4
563,19.307386800551036,33.345969407821016,LC4
564,19.338532266768176,33.402796884990615,LC4
565,19.284595825214318,33.29291319273562,LC4
566,19.312838019340766,33.34356472181279,LC4
567,19.313356645988904,33.341042686364624,LC4
568,19.378410655478717,33.46467065310907,LC4
569,19.382219255177837,33.46835488541314,LC4
570,19.367840224067898,33.43574906669263,LC4
571,19.431173143615695,33.556028632648506,LC4
572,19.374391678661546,33.441306151813954,LC4
573,19.458916107363443,33.60226585276805,LC4
574,19.451079465404177,33.582121828282354,LC4
575,19.47989302382023,33.63520269092734,LC4
576,19.453703236995977,33.57996260931946,LC4
577,19.42463596582457,33.519817436973916,LC4
578,19.473621205736357,33.61142999819398,LC4
579,19.497104620667592,33.656590589713126,LC4
580,19.484531351187258,33.62666429804937,LC4
581,19.501405405346468,33.6533980064029,LC4
582,19.519412510778338,33.685823090238095,LC4
583,19.461120297908508,33.56702804063438,LC4
584,19.56747901353755,33.77244856768778,LC4
585,19.543483322547303,33.72110513142584,LC4
586,19.5015682228085,33.63746230196946,LC4
587,19.552107704875517,33.73068200713155,LC4
588,19.588474549942376,33.79736873085858,LC4
589,19.623991869693796,33.861652180860744,LC4
590,19.579002827898762,33.7723453827175,LC4
591,19.60514618438571,33.82033325415285,LC4
592,19.625480115869436,33.85643010762298,LC4
593,19.56951658558821,33.740748274542376,LC4
594,19.663157645516797,33.92125580674281,LC4
595,19.665205983312802,33.922412995777265,LC4
596,19.643479380751742,33.876703377866036,LC4
597,19.704982582967112,33.99170525748911,LC4
598,19.708237602982372,33.995807161441576,LC4
599,19.6563908922953,33.88969754056632,LC4
600,19.762007675580698,34.092822511338156,LC4
601,19.67392428594804,33.91536720197594,LC4
602,19.703046964412806,33.97036317448091,LC4
603,19.689199793729152,33.93780649016308,LC4
604,19.729683858893075,34.01527405594595,LC4
605,19.75026705661088,34.051332900768756,LC4
606,19.719881263692542,33.987738222047035,LC4
607,19.74626672185873,34.035794547274364,LC4
608,19.801692661864166,34.140496483901515,LC4
609,19.830240689494232,34.190389333881875,LC4
610,19.824679053757656,34.176762914431514,LC4
611,19.871883937699742,34.26639889060093,LC4
612,19.78377906919559,34.09042040622694,LC4
613,19.807642694822242,34.13266068499703,LC4
614,19.84539018864396,34.20316517943682,LC4
615,19.85631422393351,34.221636535936405,LC4
616,19.83027818688575,34.16798964830619,LC4
617,19.872920114734313,34.24594858810231,LC4
618,19.90744766976855,34.31025292412426,LC4
619,19.8467140410703,34.18557351916013,LC4
620,19.926748045949488,34.33990421507179,LC4
621,19.911854026610136,34.306535936177816,LC4
622,19.97463702597104,34.42665633639463,LC4
623,19.9537084197963,34.383483209395166,LC4
624,19.954587055501634,34.37893779868163,LC4
625,19.97551715944656,34.41746762379522,LC4
626,19.978589200882247,34.419526545965134,LC4
627,20.013692992881126,34.485397823711004,LC4
628,20.011489523353518,34.47743333110267,LC4
629,19.998185421168003,34.446339976403216,LC4
630,19.96421019837301,34.37526421349702,LC4
631,19.980137575619096,34.40529329165342,LC4
632,20.0217374429402,34.481769105103574,LC4
633,20.048248222211328,34.53001516237376,LC4
634,20.070066548994866,34.569377577240715,LC4
635,20.0513000906548,34.52873333247051,LC4
636,20.068010655479796,34.55698011618597,LC4
637,20.077945780247248,34.57329444919546,LC4
638,20.08462588130574,34.584243594610825,LC4
639,20.10343679602566,34.617683212094114,LC4
640,20.087273863967006,34.58051355043911,LC4
641,20.079745470861297,34.562700693875925,LC4
642,20.102359220963407,34.603587756564345,LC4
643,20.13340299774758,34.66064273728744,LC4
644,20.133344267079302,34.65703683334291,LC4
645,20.189983269757754,34.76473766757417,LC4
646,20.205066206282424,34.79025234057227,LC4
647,20.192724360495063,34.762127406497115,LC4
648,20.18933153895879,34.75165021975221,LC4
649,20.189560769239407,34.748535286308226,LC4
650,20.182938820036988,34.7330645849773,LC4
651,20.228018889467712,34.81744149630633,LC4
652,20.212272702694975,34.78210658891604,LC4
653,20.217116699950083,34.788328321199494,LC4
654,20.259326301670903,34.86858656412574,LC4
655,20.25990412178293,34.86435499769233,LC4
656,20.25747344744495,34.856311815485924,LC4
657,20.252270325917102,34.84348430162887,LC4
658,20.274719455536527,34.882858084361885,LC4
659,20.26627806397787,34.863073511466844,LC4
660,20.27457526989229,34.87640745519032,LC4
661,20.284131302558748,34.89190484432213,LC4
662,20.30648116009253,34.93043220521083,LC4
663,20.302343848807283,34.91915447948202,LC4
664,20.321771375655146,34.95420351020508,LC4
665,20.325933089718085,34.95873196773372,LC4
666,20.357976584268577,35.01760061829578,LC4
667,20.32699517120075,34.954327898329325,LC4
668,20.365756399485278,35.02618693177674,LC4
669,20.375061620475797,35.04164741707087,LC4
670,20.400682988681403,35.08941044362753,LC4
671,20.421298458513746,35.12501895567698,LC4
672,20.38919975640014,35.05865289272529,LC4
673,20.41185441999223,35.098998302025635,LC4
674,20.41138647476231,35.093724649116304,LC4
675,20.45213137447176,35.171495087859675,LC4
676,20.442460698198502,35.14907272178862,LC4
677,20.442442914782397,35.14554018508556,LC4
678,20.467687767351116,35.19104436083385,LC4
679,20.46484436674003,35.181959634118776,LC4
680,20.483693679564617,35.21518318577782,LC4
681,20.50683920153196,35.257553373467054,LC4
682,20.47797458850831,35.19793238700872,LC4
683,20.49322522374984,35.224574471929095,LC4
684,20.507533557191564,35.24797502022964,LC4
685,20.525734284074773,35.27961997360782,LC4
686,20.527711147335523,35.28085069781395,LC4
687,20.533567124385172,35.289860290039805,LC4
688,20.536564824530167,35.29188164834711,LC4
689,20.577047175575032,35.36831936905543,LC4
690,20.573376883341567,35.3568237888721,LC4
691,20.570410313054538,35.3474957186791,LC4
692,20.581320333456432,35.36627641483409,LC4
693,20.57747852939744,35.355000278384836,LC4
694,20.594609351829526,35.38526506654906,LC4
695,20.59494110506406,35.38153648538837,LC4
696,20.618091690874515,35.424552534477776,LC4
697,20.62252823548547,35.42957664878402,LC4
698,20.6310209231655,35.442659911315964,LC4
699,20.632807044496275,35.44380931343155,LC4
700,20.646853170374612,35.46748296406683,LC4
701,20.654108824002826,35.47777927850051,LC4
702,20.656063438919887,35.478138845556565,LC4
703,20.66167339363063,35.485598754882425,LC4
704,20.68321536555456,35.52449118237414,LC4
705,20.687970120900047,35.530681309806795,LC4
706,20.706775951106067,35.56398308051814,LC4
707,20.705314378923987,35.557813243454916,LC4
708,20.70940983332236,35.56229557902031,LC4
709,20.724024463769823,35.58791937964933,LC4
710,20.729925494685872,35.59587758729284,LC4
711,20.7404506491414,35.613163858782436,LC4
712,20.749697911803068,35.62784850038803,LC4
1,0.09772732615097368,0.1722911742850073,LPLC1
2,0.19516959260012356,0.34407869234030386,LPLC1
3,0.29700884195654,0.5239203181616716,LPLC1
4,0.3895469677846677,0.6864115855580479,LPLC1
5,0.4862979702037933,0.8574670840562533,LPLC1
6,0.5848434377676881,1.0313299379964604,LPLC1
7,0.6829002228636369,1.2046108424683268,LPLC1
8,0.775265736097225,1.3668898828301224,LPLC1
9,0.868343463581013,1.5313418251160869,LPLC1
10,0.9723093003705259,1.714891457077286,LPLC1
11,1.0829276483525376,1.911494716675051,LPLC1
12,1.1481332425751845,2.024541279901115,LPLC1
13,1.257050489712114,2.217488174159101,LPLC1
14,1.3429375733177977,2.368785817064449,LPLC1
15,1.4186557908503232,2.5003619794821788,LPLC1
16,1.5536923677826877,2.7425214073816733,LPLC1
17,1.6278042206280503,2.8716457402961595,LPLC1
18,1.7291517369899623,3.0509683979347386,LPLC1
19,1.7948985787727452,3.1653370489198807,LPLC1
20,1.8700235315346134,3.296201173782052,LPLC1
21,1.9733112133386612,3.4798997142911077,LPLC1
22,2.0871135568899177,3.682963318536707,LPLC1
23,2.1493858481910593,3.789668454669396,LPLC1
24,2.229722249895417,3.9307299448898476,LPLC1
25,2.3246486386538976,4.098776365196727,LPLC1
26,2.449574733130845,4.322661357858223,LPLC1
27,2.532344516537435,4.468298582135063,LPLC1
28,2.5995787232147194,4.58510237097002,LPLC1
29,2.7049253451341286,4.773367667462566,LPLC1
30,2.7644459058384143,4.8748934896118925,LPLC1
31,2.8858513289261936,5.093543080158639,LPLC1
32,2.9639234773116243,5.230451844764673,LPLC1
33,3.054951198566499,5.39070709934326,LPLC1
34,3.111979271413688,5.49032646551899,LPLC1
35,3.177857482041162,5.605631346423678,LPLC1
36,3.281120494411155,5.788262495694468,LPLC1
37,3.3235323324060033,5.858770530363813,LPLC1
38,3.4075855254666294,6.006746402369387,LPLC1
39,3.537618813933591,6.241847095613807,LPLC1
40,3.62374909474795,6.3943966420170995,LPLC1
41,3.661632863673489,6.458592022196427,LPLC1
42,3.7657819813255315,6.6431532373122195,LPLC1
43,3.872999071562461,6.834041564926309,LPLC1
44,3.9516318551966094,6.97288329956676,LPLC1
45,4.013572041838685,7.080579831122776,LPLC1
46,4.104171553550344,7.24028866089472,LPLC1
47,4.147086875198994,7.314242787963025,LPLC1
48,4.304047242387867,7.598415315600548,LPLC1
49,4.374384241095271,7.721781701280406,LPLC1
50,4.410780186297416,7.782090166643783,LPLC1
51,4.496005102491338,7.9331794389986925,LPLC1
52,4.600712855470817,8.120889093947142,LPLC1
53,4.683132718163492,8.266850026999336,LPLC1
54,4.770523369149984,8.42187029376538,LPLC1
55,4.825743694329404,8.518450929431452,LPLC1
56,4.859949406263297,8.573873466247349,LPLC1
57,4.98322921731048,8.797576787766829,LPLC1
58,4.982294616479493,8.787163984591743,LPLC1
59,5.109110000975164,9.015709420253714,LPLC1
60,5.222337508477665,9.220337584624303,LPLC1
61,5.234660751900947,9.235741907801426,LPLC1
62,5.338830988076168,9.422141855461817,LPLC1
63,5.386193739652015,9.503796989806126,LPLC1
64,5.429261361154602,9.577173853329889,LPLC1
65,5.497102620524075,9.696678592595426,LPLC1
66,5.582392088695457,9.84674644895562,LPLC1
67,5.662869857785921,9.991474319293026,LPLC1
68,5.7569762877846955,10.157058903719623,LPLC1
69,5.8148969394101755,10.257958095567439,LPLC1
70,5.90518190275715,10.421732717689238,LPLC1
71,5.93021820962575,10.456646955962256,LPLC1
72,6.073838783923364,10.721465806117266,LPLC1
73,6.077445385066895,10.721121621562325,LPLC1
74,6.205827049163375,10.952882683821372,LPLC1
75,6.1911703179586794,10.916758220618036,LPLC1
76,6.354231955866382,11.215062624307244,LPLC1
77,6.3916964682827455,11.277933798324767,LPLC1
78,6.4779816518536535,11.432848001511204,LPLC1
79,6.478123261047102,11.420638568901033,LPLC1
80,6.6209775879353145,11.686649496005316,LPLC1
81,6.634504996392934,11.701848517976352,LPLC1
82,6.727238717502573,11.87144729148212,LPLC1
83,6.837735837977135,12.070104844611095,LPLC1
84,6.958476921019582,12.288874843805573,LPLC1
85,6.938185026802429,12.24427231476362,LPLC1
86,7.041210588988065,12.428821887590182,LPLC1
87,7.082219003262992,12.49973742784443,LPLC1
88,7.162483815001494,12.644914452571506,LPLC1
89,7.113272311931169,12.5418118338251,LPLC1
90,7.224677347613579,12.74729819229048,LPLC1
91,7.293150605281184,12.866035993604456,LPLC1
92,7.362245709176875,12.98662423612759,LPLC1
93,7.4408294810346405,13.128787040597338,LPLC1
94,7.560281184725831,13.347984546298534,LPLC1
95,7.4746493746957015,13.17711670623131,LPLC1
96,7.580182054403743,13.365952759804124,LPLC1
97,7.738597546302557,13.660187746682077,LPLC1
98,7.763428783189298,13.699197095530884,LPLC1
99,7.876442958734145,13.904228222217796,LPLC1
100,7.90748596887417,13.956473285255214,LPLC1
101,7.93931637849753,14.006619311154616,LPLC1
102,8.0535129941141,14.215128390445813,LPLC1
103,8.061608737374172,14.22711277469157,LPLC1
104,8.194451436358527,14.472340542747297,LPLC1
105,8.213054424351313,14.495352144695076,LPLC1
106,8.216013570819676,14.489246303649203,LPLC1
107,8.395549220213496,14.82589005857762,LPLC1
108,8.426837255179187,14.878466131276312,LPLC1
109,8.503810078924083,15.015654432071472,LPLC1
110,8.501717960951567,15.006706190162518,LPLC1
111,8.511980953496511,15.013382555129937,LPLC1
112,8.558070223136248,15.095536486281738,LPLC1
113,8.684050121377979,15.326818506214835,LPLC1
114,8.693005228911886,15.334023047332444,LPLC1
115,8.783414815103633,15.501617305937074,LPLC1
116,8.80464621634519,15.530528597976456,LPLC1
117,8.980904862349142,15.860037608376146,LPLC1
118,8.965430675353922,15.822020892232139,LPLC1
119,9.087351115765586,16.04449446894826,LPLC1
120,9.079602542406484,16.017940738945434,LPLC1
121,9.192997836874895,16.232948198115835,LPLC1
122,9.190887547232578,16.22268914244426,LPLC1
123,9.260074781125027,16.344307657537556,LPLC1
124,9.295305641165868,16.3990722628943,LPLC1
125,9.247098718325248,16.30052380019322,LPLC1
126,9.364983184754848,16.51495879369277,LPLC1
127,9.528161961632641,16.82299009674388,LPLC1
128,9.51225848842995,16.78888376612516,LPLC1
129,9.59847019930497,16.938872960449388,LPLC1
130,9.683894395633331,17.095395185905645,LPLC1
131,9.707545245852636,17.13626610476735,LPLC1
132,9.753888813539838,17.216644123420835,LPLC1
133,9.800084303694327,17.294170183551344,LPLC1
134,9.836182552353897,17.36036498454027,LPLC1
135,9.804132263043087,17.290121217772153,LPLC1
136,10.044619920262669,17.740347793774163,LPLC1
137,9.93243651289405,17.51941249707555,LPLC1
138,10.015063055626293,17.665717824372237,LPLC1
139,10.120638652412381,17.86373055487627,LPLC1
140,10.193748580919376,17.993970120216183,LPLC1
141,10.243568735829932,18.083334693249817,LPLC1
142,10.310836868841598,18.20446796821078,LPLC1
143,10.345449154644562,18.261532385874155,LPLC1
144,10.380513649087376,18.32069077086487,LPLC1
145,10.41369526335614,18.377852276868325,LPLC1
146,10.426394091397682,18.389595487737893,LPLC1
147,10.438729112205152,18.409066572324996,LPLC1
148,10.615260639236467,18.73556681658171,LPLC1
149,10.643822433619661,18.788092000940914,LPLC1
150,10.564635614135362,18.62541327274426,LPLC1
151,10.794066611470768,19.05595355361863,LPLC1
152,10.715833055923127,18.89954283421784,LPLC1
153,10.92352883034075,19.291152733855768,LPLC1
154,10.95230129751937,19.343850109055893,LPLC1
155,11.02974953875124,19.47986777349046,LPLC1
156,11.037946987008723,19.48451560689562,LPLC1
157,11.057210653976327,19.51706517147447,LPLC1
158,11.189929863216669,19.768114573569093,LPLC1
159,11.079947663553554,19.546717830951863,LPLC1
160,11.12991232701031,19.64163488316121,LPLC1
161,11.328227072648588,20.010169418837634,LPLC1
162,11.266489883551536,19.885282315726286,LPLC1
163,11.329670228907077,19.996867331515936,LPLC1
164,11.437112490956409,20.196363170857026,LPLC1
165,11.398012545604587,20.11137480799662,LPLC1
166,11.535836275855566,20.36973518075535,LPLC1
167,11.52415430628534,20.3448350423943,LPLC1
168,11.59699409168416,20.47005220529787,LPLC1
169,11.564408472388713,20.403627576675994,LPLC1
170,11.660242789808478,20.581062874253995,LPLC1
171,11.721651443977272,20.687569862828482,LPLC1
172,11.74918943569147,20.738260534617382,LPLC1
173,11.759958270493257,20.754512889112597,LPLC1
174,11.826127411919146,20.867466629198695,LPLC1
175,11.92314429437566,21.05203720747135,LPLC1
176,11.942078938220142,21.08288624973261,LPLC1
177,11.991771480278011,21.171584053982862,LPLC1
178,11.9940280971201,21.16946521395098,LPLC1
179,12.096423542096403,21.356772651575966,LPLC1
180,12.133417495420147,21.41904240337407,LPLC1
181,12.18773675510797,21.515139843732726,LPLC1
182,12.203513190706857,21.540717656235636,LPLC1
183,12.208375922767608,21.541144988525957,LPLC1
184,12.234149975612993,21.588687694958942,LPLC1
185,12.286523124064338,21.67525210032737,LPLC1
186,12.38188807390118,21.860051888362918,LPLC1
187,12.500201162877431,22.07230049829846,LPLC1
188,12.384255597602412,21.84458439401238,LPLC1
189,12.57349257949248,22.203886938952834,LPLC1
190,12.485663077750871,22.027431614594576,LPLC1
191,12.615190411623985,22.271422178850116,LPLC1
192,12.62782575677565,22.289294696477135,LPLC1
193,12.748309706112018,22.511970449808835,LPLC1
194,12.787678937720642,22.580107409145597,LPLC1
195,12.819668776105793,22.6361659061347,LPLC1
196,12.780972096230911,22.55670225085416,LPLC1
197,12.855930885326003,22.691534060418256,LPLC1
198,12.846049405727847,22.669434479428816,LPLC1
199,13.008407569271611,22.971057369050172,LPLC1
200,13.034722186429072,23.020176437398725,LPLC1
201,13.022397553336816,22.993433244852184,LPLC1
202,13.206687513528166,23.3343620805147,LPLC1
203,13.098127016797882,23.114495999316993,LPLC1
204,13.202056033010486,23.318023818882637,LPLC1
205,13.194191563914842,23.294186793564755,LPLC1
206,13.285619318705464,23.464752175163518,LPLC1
207,13.272523819849148,23.428431040806487,LPLC1
208,13.25362732681662,23.38586584955914,LPLC1
209,13.398296294348022,23.657085556767747,LPLC1
210,13.409123335910401,23.677244080801472,LPLC1
211,13.537429249202212,23.908656456920156,LPLC1
212,13.444732152479233,23.72613937724588,LPLC1
213,13.430549911931841,23.696373061517768,LPLC1
214,13.579671861684908,23.968689476512274,LPLC1
215,13.590119872133329,23.993680879292107,LPLC1
216,13.534080387071256,23.86859347748056,LPLC1
217,13.645660751101012,24.08101588669482,LPLC1
218,13.631497177433523,24.050865910190645,LPLC1
219,13.651243020940711,24.079303015392995,LPLC1
220,13.78437359793893,24.334495594013745,LPLC1
221,13.819086843218216,24.391621809979362,LPLC1
222,13.809700406092361,24.367445291101355,LPLC1
223,13.787536577699647,24.31737620195061,LPLC1
224,13.85681012136854,24.447580819642837,LPLC1
225,13.878065383268712,24.477362249085694,LPLC1
226,13.99732929856092,24.707352887080795,LPLC1
227,14.037501338638641,24.778374746366346,LPLC1
228,14.061250449555132,24.821969031461286,LPLC1
229,14.142883853085607,24.967519644882067,LPLC1
230,14.2811261941902,25.231780337414044,LPLC1
231,14.10765685448063,24.89140990158713,LPLC1
232,14.188247347428238,25.03322418390642,LPLC1
233,14.295844804126446,25.245068552221703,LPLC1
234,14.25119549307675,25.14540216686911,LPLC1
235,14.35581957162971,25.343026588488364,LPLC1
236,14.305732070700259,25.231796138169777,LPLC1
237,14.361574986690819,25.344617048348866,LPLC1
238,14.468251819297492,25.539812870814984,LPLC1
239,14.350346561622402,25.309026968507084,LPLC1
240,14.47495652622031,25.543636453797674,LPLC1
241,14.494932996727123,25.575004974413446,LPLC1
242,14.610272157941026,25.791187334141,LPLC1
243,14.597029046608682,25.755407668231626,LPLC1
244,14.65174876728107,25.85502697015822,LPLC1
245,14.597189861431097,25.747479450579426,LPLC1
246,14.670157632362567,25.88292204217818,LPLC1
247,14.694695453948576,25.924390477654775,LPLC1
248,14.818652351858127,26.158103102710186,LPLC1
249,14.778155269945579,26.066814108671835,LPLC1
250,14.882444659405678,26.27093450151355,LPLC1
251,14.792978769591812,26.08654338752791,LPLC1
252,14.96811567405419,26.42699687815849,LPLC1
253,15.011925323570637,26.5031170775655,LPLC1
254,15.001283988340305,26.47278382134391,LPLC1
255,15.018286884970642,26.504551334271746,LPLC1
256,14.967717871149127,26.398494729486217,LPLC1
257,15.088361740408537,26.6261011971706,LPLC1
258,15.105789248764225,26.65777939507666,LPLC1
259,15.195172338529431,26.819467687436294,LPLC1
260,15.182243208122372,26.79189434423649,LPLC1
261,15.184889178110616,26.78639828913213,LPLC1
262,15.120559478884772,26.65465504860674,LPLC1
263,15.333325116525927,27.06593035202259,LPLC1
264,15.265752723024733,26.93486485044407,LPLC1
265,15.202225828022677,26.79866556939247,LPLC1
266,15.336568234169562,27.053044110902377,LPLC1
267,15.324861044503038,27.027914919909463,LPLC1
268,15.451754328958131,27.262485814414354,LPLC1
269,15.402371874267686,27.167408338251384,LPLC1
270,15.520843499348992,27.393256991917475,LPLC1
271,15.521455406322112,27.386820644509093,LPLC1
272,15.524169302943598,27.38631938923951,LPLC1
273,15.700753008020662,27.725696790453604,LPLC1
274,15.506585867953952,27.337869863836467,LPLC1
275,15.72465002411397,27.75472035756971,LPLC1
276,15.826027374410693,27.94797499781059,LPLC1
277,15.75888769812785,27.80949339697596,LPLC1
278,15.729342615283244,27.742499104853742,LPLC1
279,15.809093310866771,27.897150913428952,LPLC1
280,15.84851479723742,27.970522003881378,LPLC1
281,15.884778546478309,28.037706358987634,LPLC1
282,15.786715342650282,27.839040229697382,LPLC1
283,15.994865553912916,28.243060284419748,LPLC1
284,15.829308281879001,27.912250468159606,LPLC1
285,15.94903881069343,28.13559682630352,LPLC1
286,15.99997759449223,28.228360613395218,LPLC1
287,16.14573828230791,28.517710249194607,LPLC1
288,16.01678193313694,28.246344087051405,LPLC1
289,15.98706556474255,28.18596583571953,LPLC1
290,16.04165986358342,28.283692793089237,LPLC1
291,16.101946955902058,28.400111078838705,LPLC1
292,16.15242275660534,28.493638405661038,LPLC1
293,16.204319793366217,28.589436212001253,LPLC1
294,16.383515472690448,28.93381690047312,LPLC1
295,16.17158481091134,28.511646817788154,LPLC1
296,16.334229182191947,28.824886648228016,LPLC1
297,16.437282920872697,29.020730593136953,LPLC1
298,16.446347084559207,29.025202552040476,LPLC1
299,16.294398860754598,28.7290381128566,LPLC1
300,16.371287607706456,28.880953347667813,LPLC1
301,16.42210500338186,28.97261940101685,LPLC1
302,16.52597852310511,29.166306819182402,LPLC1
303,16.546357563850307,29.201830709821266,LPLC1
304,16.437393563696745,28.971930028548165,LPLC1
305,16.47807747893456,29.04933244898698,LPLC1
306,16.547763833615143,29.181879318159375,LPLC1
307,16.671493100495418,29.421583810396754,LPLC1
308,16.5525086545303,29.18277823389787,LPLC1
309,16.669021100218536,29.407527835027715,LPLC1
310,16.770581833516424,29.60432445604902,LPLC1
311,16.632229462598247,29.32052562893263,LPLC1
312,16.767117709427332,29.584935376213295,LPLC1
313,16.700924298724743,29.44620855952492,LPLC1
314,16.59850144913613,29.234587258749634,LPLC1
315,16.855964054651047,29.735401304985196,LPLC1
316,16.836843469073017,29.695688755381703,LPLC1
317,16.881142337668706,29.765741153625235,LPLC1
318,16.904253288699202,29.815606148051245,LPLC1
319,16.964484111518537,29.930284384187132,LPLC1
320,17.012016893537066,30.01695250945871,LPLC1
321,16.98980182929313,29.968957800088425,LPLC1
322,16.95301932756555,29.88739371852283,LPLC1
323,17.096582737151977,30.162093179705415,LPLC1
324,17.154821950901955,30.27704411023187,LPLC1
325,17.027672808365395,30.020334100370356,LPLC1
326,17.125128076250498,30.206370715785233,LPLC1
327,17.003259469691386,29.95367429279851,LPLC1
328,17.224916918593678,30.399089903625296,LPLC1
329,17.139326041015167,30.217709240900795,LPLC1
330,17.212652984152378,30.35908460325731,LPLC1
331,17.280979841563273,30.48551215347586,LPLC1
332,17.287903814661377,30.494588608351876,LPLC1
333,17.245081347373286,30.402896744695596,LPLC1
334,17.34876791702405,30.59817121715278,LPLC1
335,17.359195586226512,30.61817222386052,LPLC1
336,17.345143897637968,30.584862277217667,LPLC1
337,17.359323149334898,30.60168423824433,LPLC1
338,17.34548215107374,30.567559758845846,LPLC1
339,17.40119654595223,30.68288710784772,LPLC1
340,17.509393130295997,30.887253864165075,LPLC1
341,17.47781613715459,30.815285460629354,LPLC1
342,17.44516359819331,30.740566211390437,LPLC1
343,17.494017558156592,30.82862801629362,LPLC1
344,17.471861842712592,30.7850020819442,LPLC1
345,17.542902224079846,30.927144096776182,LPLC1
346,17.637451461305396,31.09426962165582,LPLC1
347,17.608541544782057,31.042123295280618,LPLC1
348,17.65424026590678,31.123913934609938,LPLC1
349,17.68089178944998,31.179601615194635,LPLC1
350,17.796818670449312,31.39317537683573,LPLC1
351,17.67980391946567,31.159135926494187,LPLC1
352,17.833519850507194,31.455331748322628,LPLC1
353,17.81171805229733,31.408803076520172,LPLC1
354,17.807332112414848,31.395591220630905,LPLC1
355,17.757273118664024,31.292955884898248,LPLC1
356,17.834129023097745,31.445743651430504,LPLC1
357,17.905232544438668,31.56684439698582,LPLC1
358,17.79070773912936,31.33709483016505,LPLC1
359,17.987887070309327,31.720226757719423,LPLC1
360,17.955374161299602,31.653678483429296,LPLC1
361,18.001484381977484,31.73949030201802,LPLC1
362,17.930314623099612,31.589855794390758,LPLC1
363,17.943671953342687,31.619193066704142,LPLC1
364,18.05537366831141,31.835469291780406,LPLC1
365,17.954727731853907,31.63258713363603,LPLC1
366,18.096775446895677,31.905689276881894,LPLC1
367,18.174760782127578,32.046255247163664,LPLC1
368,18.109621552497487,31.9244113959923,LPLC1
369,18.086875269456804,31.870406634260867,LPLC1
370,18.159284245548363,32.003649916341146,LPLC1
371,18.169949209774117,32.01822694776235,LPLC1
372,18.22356700159186,32.123306749307176,LPLC1
373,18.210110369523527,32.088354090472706,LPLC1
374,18.170871313271967,32.002293053922884,LPLC1
375,18.282983975801038,32.22293168505651,LPLC1
376,18.287180620418006,32.22063627154562,LPLC1
377,18.25544315042692,32.155686963862834,LPLC1
378,18.31277409397721,32.26584812518951,LPLC1
379,18.40242777475354,32.44636887449982,LPLC1
380,18.40948763650831,32.44540191928983,LPLC1
381,18.338252478096607,32.305834976024734,LPLC1
382,18.46905612960996,32.552426490262896,LPLC1
383,18.441410890653486,32.492751326658315,LPLC1
384,18.394506377424456,32.39710297136992,LPLC1
385,18.463534463414604,32.53406242340111,LPLC1
386,18.547107620887395,32.686012314627,LPLC1
387,18.50070444552251,32.588444855308566,LPLC1
388,18.51035557705341,32.60428406523493,LPLC1
389,18.568181919033364,32.71308329555116,LPLC1
390,18.567292370566086,32.707751572227174,LPLC1
391,18.574814189280247,32.72162535331375,LPLC1
392,18.560621451058232,32.68932817380691,LPLC1
393,18.747513358155523,33.05285611380698,LPLC1
394,18.70468971851389,32.96188800191152,LPLC1
395,18.690065080171316,32.92110590394235,LPLC1
396,18.684083587986073,32.915948003868046,LPLC1
397,18.694393132159604,32.92334006939809,LPLC1
398,18.67422377213041,32.875505004405774,LPLC1
399,18.75567233168512,33.041131372366074,LPLC1
400,18.822710945954675,33.16421464474757,LPLC1
401,18.92276034831076,33.35874398358817,LPLC1
402,18.78547046044703,33.07506575669793,LPLC1
403,18.877465912640226,33.263221895660834,LPLC1
404,19.024962483082852,33.54924658430973,LPLC1
405,18.905862225792276,33.30574438071956,LPLC1
406,18.888754722685157,33.26344070054482,LPLC1
407,18.94999769913091,33.380961823325976,LPLC1
408,18.933232558503256,33.34315137500752,LPLC1
409,19.014094325779446,33.49991953532564,LPLC1
410,19.03232083401504,33.53772872156001,LPLC1
411,19.037084201015176,33.53769678733072,LPLC1
412,19.05400924938641,33.568084585940625,LPLC1
413,19.013707072399086,33.476782275081995,LPLC1
414,19.126372065803878,33.6910380322404,LPLC1
415,19.183386875927297,33.80342949931388,LPLC1
416,19.23037038764032,33.900511119632284,LPLC1
417,19.20604423157117,33.84193642395488,LPLC1
418,19.192792538496988,33.80943690456734,LPLC1
419,19.128191192105263,33.67738926689431,LPLC1
420,19.1990517397862,33.81265082787148,LPLC1
421,19.15343770939205,33.71980850562133,LPLC1
422,19.36999409141505,34.14133546365218,LPLC1
423,19.303843124072372,34.00679095339175,LPLC1
424,19.325484399191602,34.04971257087937,LPLC1
425,19.19292834059361,33.77471090431628,LPLC1
426,19.301445566232204,33.98330511614282,LPLC1
427,19.356575743511627,34.08925951752306,LPLC1
428,19.4007265409086,34.178509087632165,LPLC1
429,19.368295564875666,34.10826030700889,LPLC1
430,19.310931945357922,33.98597387972141,LPLC1
431,19.386415918958562,34.12657785633166,LPLC1
432,19.50345904829782,34.360785348625164,LPLC1
433,19.394179492476916,34.130638150446124,LPLC1
434,19.45957819112043,34.26414013472764,LPLC1
435,19.50684925837976,34.35097544404921,LPLC1
436,19.52324684952869,34.38228120940866,LPLC1
437,19.502273463449242,34.32844965149991,LPLC1
438,19.601697755973703,34.5261174352979,LPLC1
439,19.558519382034937,34.43372937255346,LPLC1
440,19.64153286443672,34.596583019150444,LPLC1
441,19.577825261393635,34.46610930725948,LPLC1
442,19.59893862821051,34.49195837064178,LPLC1
443,19.635106846726337,34.56471143552249,LPLC1
444,19.696136814892604,34.68375440749582,LPLC1
445,19.616141924840484,34.517532122391195,LPLC1
446,19.725334635725886,34.73526653856452,LPLC1
447,19.65014668555979,34.580024138130845,LPLC1
448,19.66787611291128,34.61271911146578,LPLC1
449,19.800219854689708,34.86737348701186,LPLC1
450,19.741528211074282,34.75020768966098,LPLC1
451,19.819410339011526,34.89524039887225,LPLC1
452,19.788078270531678,34.829451570716294,LPLC1
453,19.73246508439184,34.715738640204464,LPLC1
454,19.867080535444735,34.973830218215234,LPLC1
455,19.78894069594233,34.813344125903626,LPLC1
456,19.913993211669066,35.064906578348406,LPLC1
457,19.816929241065132,34.87093959976816,LPLC1
458,19.929301492414368,35.074004688827586,LPLC1
459,19.929078231050816,35.082293128660034,LPLC1
460,20.03950020033446,35.29921743200279,LPLC1
461,19.87511158961673,34.9605962068422,LPLC1
462,19.846191904320648,34.88440216271515,LPLC1
463,19.975799022351794,35.152141296157076,LPLC1
464,20.02007383327691,35.23770518710546,LPLC1
465,20.016338535808146,35.21910890645126,LPLC1
466,19.93949860062782,35.072867618707114,LPLC1
467,20.04913996071192,35.27665808062428,LPLC1
468,19.949967239600042,35.075305462989206,LPLC1
469,20.072240376851887,35.31942950343578,LPLC1
470,20.01607994628477,35.198803267182974,LPLC1
471,20.173706864067682,35.51859147037265,LPLC1
472,20.111605592461146,35.375831611001026,LPLC1
473,20.071875364889628,35.28854941770012,LPLC1
474,20.208187462874115,35.57418394600867,LPLC1
475,20.178642469750883,35.50098084419304,LPLC1
476,20.220472353542924,35.583474378364166,LPLC1
477,20.217724694652517,35.557175193968554,LPLC1
478,20.23523128501082,35.602928101715776,LPLC1
479,20.214320634405638,35.55810081663234,LPLC1
480,20.220219048758977,35.56023677265434,LPLC1
481,20.249140117604448,35.61571984809556,LPLC1
482,20.250684195811388,35.60244524757903,LPLC1
483,20.301524627849652,35.709123357696384,LPLC1
484,20.283541344024037,35.667822667455084,LPLC1
485,20.462179622851714,36.01456580654706,LPLC1
486,20.44285626004801,35.97957724933597,LPLC1
487,20.39298542666326,35.87403237841351,LPLC1
488,20.334307916431044,35.75457556479517,LPLC1
489,20.458766626647332,35.998865477609044,LPLC1
490,20.412589827143968,35.897997592687915,LPLC1
491,20.572835766687838,36.21587099922944,LPLC1
492,20.503536524438275,36.07798987464098,LPLC1
493,20.43423203497875,35.923512680263876,LPLC1
494,20.52626229710326,36.10754069656391,LPLC1
495,20.478701742683718,36.00593400737081,LPLC1
496,20.5270998089879,36.10152936065471,LPLC1
497,20.49725433999251,36.02959870311311,LPLC1
498,20.578061993230754,36.19403589823531,LPLC1
499,20.52133113204863,36.07746651604536,LPLC1
500,20.612394760272586,36.255629726509156,LPLC1
501,20.6022468913102,36.22610182400751,LPLC1
502,20.68462163568877,36.388804462357456,LPLC1
503,20.596489474538835,36.212302623142655,LPLC1
504,20.726228922012034,36.464823091020996,LPLC1
505,20.657823097693957,36.32285558806022,LPLC1
506,20.72574569409982,36.45259691144149,LPLC1
507,20.680687885346018,36.35501208267971,LPLC1
508,20.658103465189697,36.317366969265684,LPLC1
509,20.69575522967063,36.37978519829835,LPLC1
510,20.7237591244875,36.43931205781317,LPLC1
511,20.72181239881651,36.430868232074396,LPLC1
512,20.733838991881818,36.43804757162334,LPLC1
513,20.79699974463005,36.564766056013255,LPLC1
514,20.77923386796119,36.52529837106557,LPLC1
515,20.80374611370827,36.57279515107898,LPLC1
516,20.855052962195295,36.66471888107231,LPLC1
517,20.810291216023927,36.57912276717691,LPLC1
518,20.851360778554856,36.645558120113854,LPLC1
519,20.862660133016078,36.676551617359024,LPLC1
520,20.8915246437086,36.72667039238123,LPLC1
521,20.96784655825374,36.87998310175802,LPLC1
522,20.92270563748201,36.77612779606771,LPLC1
523,20.95472858347396,36.844263768766325,LPLC1
524,20.870734318071072,36.67085066263045,LPLC1
525,20.93566280415117,36.78711149782685,LPLC1
526,21.00383521892043,36.92012549315363,LPLC1
527,20.897966470959062,36.70417276350009,LPLC1
528,20.97433918211034,36.85624417076288,LPLC1
529,21.030610379423727,36.968694264816776,LPLC1
530,21.022620947010516,36.939353553791825,LPLC1
531,21.02887946511877,36.946660104838415,LPLC1
532,21.117430039510666,37.123202398367404,LPLC1
533,21.05040245478861,36.986759402715215,LPLC1
534,21.12724604756543,37.13819330451723,LPLC1
535,21.083050540720762,37.04145462681673,LPLC1
536,21.108066821636406,37.089920249267315,LPLC1
537,21.094345269179072,37.054874789734754,LPLC1
538,21.145609718956642,37.15787443720222,LPLC1
539,21.140406334402236,37.147155930078604,LPLC1
540,21.231313066429266,37.326516813342636,LPLC1
541,21.25054561622438,37.355392284623804,LPLC1
542,21.114492825429316,37.07844961867261,LPLC1
543,21.196182160995342,37.233592272895365,LPLC1
544,21.186294671597686,37.214917872901864,LPLC1
545,21.257745433395556,37.348740078024356,LPLC1
546,21.194118340275224,37.218464966609595,LPLC1
547,21.27445513708512,37.372342864430514,LPLC1
548,21.325465325399875,37.47625918873522,LPLC1
549,21.245823519792772,37.308364807636465,LPLC1
550,21.312486156221695,37.43659508575923,LPLC1
551,21.319419962195113,37.44517127012256,LPLC1
552,21.339222842780906,37.49149206027642,LPLC1
553,21.348518457718697,37.501827255817034,LPLC1
554,21.38796290788372,37.57491491193149,LPLC1
555,21.32882379372363,37.44796920567551,LPLC1
556,21.47763924936872,37.74289741145385,LPLC1
557,21.346252170811717,37.48114633270558,LPLC1
558,21.443399292354968,37.66663222327606,LPLC1
559,21.442519816330716,37.666606381200104,LPLC1
560,21.498537771012046,37.76745457025582,LPLC1
561,21.372652476315658,37.51889926796543,LPLC1
562,21.470613234050433,37.70757726280436,LPLC1
563,21.432593460649016,37.62257374447128,LPLC1
564,21.488697069143022,37.73184919886495,LPLC1
565,21.501117037218705,37.76009500293913,LPLC1
566,21.477766833221708,37.711078579683814,LPLC1
567,21.5433853755508,37.83134681914023,LPLC1
568,21.51404182585206,37.77449771980102,LPLC1
569,21.584008032385064,37.91036712663104,LPLC1
570,21.54373678565309,37.81331517098947,LPLC1
571,21.603064213314084,37.93286859995945,LPLC1
572,21.61153743283142,37.94222511185218,LPLC1
573,21.636212687454616,37.98854461315237,LPLC1
574,21.51453340431854,37.74002882803213,LPLC1
575,21.726640240779524,38.162845852448385,LPLC1
576,21.611265327197913,37.928708466809915,LPLC1
577,21.66132112822868,38.032568943525106,LPLC1
578,21.619104174879638,37.940022594935826,LPLC1
579,21.65599568313845,38.01051408448554,LPLC1
580,21.64866391071243,37.98861073904406,LPLC1
581,21.686773700970882,38.06256556712902,LPLC1
582,21.702614635519637,38.08852233057154,LPLC1
583,21.625878524114086,37.93790746021082,LPLC1
584,21.689699285884032,38.06019186645637,LPLC1
585,21.733827996571918,38.145886382323525,LPLC1
586,21.71225811724478,38.09490398264109,LPLC1
587,21.834238154772798,38.333237682698524,LPLC1
588,21.815947726686844,38.295828748330244,LPLC1
589,21.828875141090997,38.31631280750451,LPLC1
590,21.692143205708916,38.03670155778295,LPLC1
591,21.890041472484846,38.42915720603034,LPLC1
592,21.82977944505449,38.30428653697033,LPLC1
593,21.874191739597315,38.395273740554956,LPLC1
594,21.836029830953102,38.31625108986103,LPLC1
595,21.921672343215143,38.476418524250576,LPLC1
596,21.924990484215122,38.48743407868168,LPLC1
597,21.849139137859908,38.324051515007234,LPLC1
598,21.812736198625878,38.25262411693124,LPLC1
599,21.83262132351591,38.28406839860678,LPLC1
600,21.890433005440904,38.395537319468794,LPLC1
601,21.88677501320076,38.387831413842164,LPLC1
602,21.940232634967607,38.487721605546845,LPLC1
603,21.86583823727112,38.335716927165585,LPLC1
604,21.959451611311472,38.525806517655056,LPLC1
605,22.064395936097796,38.720573468084844,LPLC1
606,21.978120511738673,38.54537621926019,LPLC1
607,21.999005379210928,38.58413496144389,LPLC1
608,22.053131295761204,38.690418993898945,LPLC1
609,22.055852249827623,38.68494509626667,LPLC1
610,22.173908851637492,38.92245396094754,LPLC1
611,22.043029657121295,38.65641365966175,LPLC1
612,22.075934892867892,38.72235538436794,LPLC1
613,22.008001382183487,38.58344143741639,LPLC1
614,22.144918742851736,38.85431092856526,LPLC1
615,22.09723395611409,38.751368576397475,LPLC1
616,22.196740360705327,38.94829826596053,LPLC1
617,22.23749849688984,39.022929008223976,LPLC1
618,22.191467850577205,38.936213285706835,LPLC1
619,22.20380326865218,38.95741252985419,LPLC1
620,22.255164853258847,39.04828616854588,LPLC1
621,22.097751663435467,38.72186085180587,LPLC1
622,22.13575260707603,38.797931129904434,LPLC1
623,22.23511515564502,38.999240494247374,LPLC1
624,22.198525920543446,38.919434286107325,LPLC1
625,22.25287686297868,39.02808330055621,LPLC1
626,22.317037023292443,39.15706382061788,LPLC1
627,22.213075750848034,38.93969675024452,LPLC1
628,22.279149764252594,39.06075964519169,LPLC1
629,22.268923262203216,39.04220144454248,LPLC1
630,22.333913642573258,39.17049876630955,LPLC1
631,22.255134449458936,39.00672593366209,LPLC1
632,22.371078007838697,39.23168978318738,LPLC1
633,22.290925307287417,39.0687218174952,LPLC1
634,22.289040057513027,39.059370946245664,LPLC1
635,22.280953847401967,39.041514197683746,LPLC1
636,22.20946439062368,38.88912676706555,LPLC1
637,22.428006801836297,39.32595768817083,LPLC1
638,22.393293151658398,39.25880484729785,LPLC1
639,22.355602611273177,39.18084263158576,LPLC1
640,22.436159758370017,39.332570066435814,LPLC1
641,22.42514199387933,39.31000368307139,LPLC1
642,22.37905168671397,39.210911835856535,LPLC1
643,22.4446054647241,39.33745792769475,LPLC1
644,22.45756418304638,39.36286631999375,LPLC1
645,22.432647240073102,39.31109434085249,LPLC1
646,22.43545972561708,39.31712913223607,LPLC1
647,22.453587584617075,39.35067756589616,LPLC1
648,22.471878789613527,39.379899488101124,LPLC1
649,22.47748986061427,39.38080875995517,LPLC1
650,22.55943244537462,39.54931286941335,LPLC1
651,22.542865094529816,39.517278617803655,LPLC1
652,22.531379055897105,39.488001039396224,LPLC1
653,22.576875158854655,39.57446487146547,LPLC1
654,22.50158974617981,39.42086010902609,LPLC1
655,22.622169232843767,39.65294759357103,LPLC1
656,22.611712273085274,39.62524114304189,LPLC1
657,22.62035717607828,39.64398176115246,LPLC1
658,22.589657035384363,39.57009062196288,LPLC1
659,22.5165034624103,39.42851490466873,LPLC1
660,22.582367910804876,39.560693579243214,LPLC1
661,22.662416572331416,39.71330913280515,LPLC1
662,22.56964932199876,39.52565561725657,LPLC1
663,22.671300261976114,39.719540668589616,LPLC1
664,22.725047718305532,39.82988142578509,LPLC1
665,22.609495643944754,39.59038078826883,LPLC1
666,22.739963133449237,39.851650226029996,LPLC1
667,22.715120019722903,39.79983807217674,LPLC1
668,22.649353475824,39.65998532225595,LPLC1
669,22.702368558240366,39.76942815876674,LPLC1
670,22.72019862108973,39.80088203666404,LPLC1
671,22.68955631485646,39.726937461819155,LPLC1
672,22.752668543510993,39.85091905146899,LPLC1
673,22.74764582800659,39.83722853846276,LPLC1
674,22.75568327430608,39.84801211050402,LPLC1
675,22.75030806919029,39.83283650531243,LPLC1
676,22.794208900806744,39.92795130037036,LPLC1
677,22.77541951483854,39.87914712292202,LPLC1
678,22.82850086967578,39.97116456902482,LPLC1
679,22.780452381641027,39.88329721901436,LPLC1
680,22.8214907430568,39.962401286792,LPLC1
681,22.837788097786664,39.99252341947475,LPLC1
682,22.861375277755776,40.03560645236067,LPLC1
683,22.833721840545486,39.9776087007741,LPLC1
684,22.86424415366639,40.030044261803745,LPLC1
685,22.845357748923142,39.99437336727431,LPLC1
686,22.826084295822277,39.94930865939967,LPLC1
687,22.872677837411366,40.035699667851326,LPLC1
688,22.914481944156556,40.122333563656284,LPLC1
689,22.884234880295622,40.05315973624917,LPLC1
690,22.867517852740967,40.021888698659794,LPLC1
691,22.809616237542002,39.89593671122903,LPLC1
692,22.950393992663678,40.177174219420074,LPLC1
693,22.98780822825983,40.24295611367688,LPLC1
694,22.923640802280296,40.117117574352314,LPLC1
695,22.84644685569176,39.95822186758458,LPLC1
696,23.022160964964087,40.30305908678864,LPLC1
697,22.92900765925166,40.11353837457736,LPLC1
698,22.930066015039266,40.12071412261307,LPLC1
699,23.036521547567716,40.3255794865127,LPLC1
700,22.97483727856556,40.196662102306696,LPLC1
701,22.984813429413727,40.2160547748213,LPLC1
702,23.087904668965287,40.41883726631174,LPLC1
703,23.032196484643308,40.30224595400828,LPLC1
704,23.043735290569572,40.32031245125304,LPLC1
705,22.965980227912162,40.16709738347004,LPLC1
706,23.057535466733633,40.34605352670364,LPLC1
707,23.004944385145166,40.23731348469306,LPLC1
708,23.089568964164776,40.3981941810682,LPLC1
709,23.021766695957922,40.26279825927918,LPLC1
710,23.138686638175884,40.49412547989309,LPLC1
711,23.11762437699241,40.45168996025735,LPLC1
712,23.08889650877792,40.384712136788984,LPLC1
713,23.06084506805253,40.326223866951956,LPLC1
714,23.112467414879873,40.42399159662032,LPLC1
715,23.17346614613208,40.53919979811344,LPLC1
716,23.131411738955222,40.45490342060428,LPLC1
717,23.123633085429155,40.44131954646246,LPLC1
718,23.131429203005737,40.445794259108055,LPLC1
719,23.18184932944562,40.54681632707533,LPLC1
720,23.10358896391279,40.3870079144293,LPLC1
721,23.22264395447653,40.619745226909366,LPLC1
722,23.233647462611856,40.641157881896305,LPLC1
723,23.262920053665376,40.69557436023629,LPLC1
724,23.245904917927888,40.66340604485205,LPLC1
725,23.24177619508051,40.644079551735,LPLC1
726,23.23625726932505,40.627574758446514,LPLC1
727,23.262183581131197,40.686610528213016,LPLC1
728,23.241750613084513,40.63936570136661,LPLC1
729,23.29908262197211,40.74860729102374,LPLC1
730,23.251451347342048,40.650405149921774,LPLC1
731,23.299842467162158,40.73333607629892,LPLC1
732,23.260137229012948,40.65595051588043,LPLC1
733,23.317893352900747,40.77056612692123,LPLC1
734,23.37582935063871,40.884016710501015,LPLC1
735,23.304270488875247,40.738445805247046,LPLC1
736,23.294154289791912,40.71440551859275,LPLC1
737,23.35626766560552,40.83713881705052,LPLC1
738,23.374780600271052,40.863274295850644,LPLC1
739,23.42976427495629,40.97262167341058,LPLC1
740,23.340940094562995,40.795754499086776,LPLC1
741,23.345488332573154,40.801311455477034,LPLC1
742,23.365244699727434,40.83461352116363,LPLC1
743,23.39133876718519,40.88723787883059,LPLC1
744,23.34606183041148,40.792764222030684,LPLC1
745,23.410020330031408,40.913022703453784,LPLC1
746,23.390333769576415,40.874633666490446,LPLC1
747,23.403650298687936,40.88782584284237,LPLC1
748,23.439248756445792,40.96086934341546,LPLC1
749,23.428340767761043,40.940796228658726,LPLC1
750,23.478118077336966,41.029633006546526,LPLC1
751,23.48250158413162,41.03736522802591,LPLC1
752,23.491333758385892,41.0535523268024,LPLC1
753,23.450339223250566,40.96838724260493,LPLC1
754,23.495614425551217,41.05138977561649,LPLC1
755,23.473319865453007,41.01023157678239,LPLC1
756,23.528197161764673,41.115824647927134,LPLC1
757,23.55093807295156,41.16157084414778,LPLC1
758,23.570654446139038,41.18733827117823,LPLC1
759,23.54212391691648,41.131733217469794,LPLC1
760,23.50184270576149,41.05248411763164,LPLC1
761,23.568290734765817,41.17618147551782,LPLC1
762,23.56296081166716,41.16467460818092,LPLC1
763,23.55270589815902,41.14346783621043,LPLC1
764,23.488518297589046,41.008457504206625,LPLC1
765,23.5252608226901,41.07893427135426,LPLC1
766,23.539312600688007,41.10990571744772,LPLC1
767,23.593265431928323,41.20722677093555,LPLC1
768,23.581389565068086,41.17784254917545,LPLC1
769,23.655481794844377,41.322055355470184,LPLC1
770,23.546377418215087,41.111812613182884,LPLC1
771,23.63611631977114,41.280233869507654,LPLC1
772,23.703856325091863,41.41178120554385,LPLC1
773,23.635903931838037,41.27821664429632,LPLC1
774,23.700922847386472,41.403391099338876,LPLC1
775,23.612597219436942,41.223381364998495,LPLC1
776,23.718754436461637,41.42632398633514,LPLC1
777,23.73701672377676,41.46671960610204,LPLC1
778,23.743088998972887,41.47354249362408,LPLC1
779,23.66828409239956,41.31972868220659,LPLC1
780,23.627378906997727,41.23601766485771,LPLC1
781,23.743523397111737,41.461647468630275,LPLC1
782,23.634175309264684,41.24494788342825,LPLC1
783,23.72007323310124,41.4092375301104,LPLC1
784,23.743692934922606,41.45286029401264,LPLC1
785,23.68321032064531,41.32836275142636,LPLC1
786,23.736839255007553,41.42980519154642,LPLC1
787,23.784477338610913,41.520699780884215,LPLC1
788,23.74961052321953,41.44949627154887,LPLC1
789,23.73702050687678,41.42733475345564,LPLC1
790,23.828723769306272,41.6015041015181,LPLC1
791,23.754593045825075,41.45161078865862,LPLC1
792,23.765418972020257,41.47669791626848,LPLC1
793,23.783216666422497,41.502094339271665,LPLC1
794,23.797485264896913,41.523755667709395,LPLC1
795,23.85930327732654,41.64840149879761,LPLC1
796,23.7994407859904,41.52732034956683,LPLC1
797,23.84151873609887,41.60686176375088,LPLC1
798,23.846260216900575,41.61334177579447,LPLC1
799,23.87904653926909,41.674607486618534,LPLC1
800,23.84059173965189,41.598905823262186,LPLC1
801,23.790400585359862,41.49378188676842,LPLC1
802,23.93649450148947,41.781729317506745,LPLC1
803,23.82096046037337,41.544463789394996,LPLC1
804,23.90209930603656,41.712809064691626,LPLC1
805,23.878886177346033,41.650311406852346,LPLC1
806,23.864505326543608,41.62689468737925,LPLC1
807,23.97114072243472,41.83405103704129,LPLC1
808,23.93135445368962,41.75280400771125,LPLC1
809,23.943201108156536,41.77589257468881,LPLC1
810,23.961407812785367,41.811403038728116,LPLC1
811,23.943881646471567,41.7727690378956,LPLC1
812,23.977035742816753,41.82772062408604,LPLC1
813,23.899354427477952,41.66781675052056,LPLC1
814,23.941469151402572,41.752031075845444,LPLC1
815,23.89124287477282,41.65571274932397,LPLC1
816,24.011023738593124,41.88173267123871,LPLC1
817,23.975341904348802,41.80979248212252,LPLC1
818,23.96949005149849,41.795280162127185,LPLC1
819,23.98069113179693,41.812652030367666,LPLC1
820,24.018284739985276,41.88599886045977,LPLC1
821,24.002693402987155,41.85260238568131,LPLC1
822,24.026717572080962,41.89809885367018,LPLC1
823,23.967561214274006,41.77817328920159,LPLC1
824,23.996749589003315,41.8335928595391,LPLC1
825,23.940269205108983,41.71859261216485,LPLC1
826,24.119790815991315,42.06996504813537,LPLC1
827,24.074470904451438,41.97854505813201,LPLC1
828,24.095570919340958,42.007315119527746,LPLC1
829,24.126350208474022,42.0741585300634,LPLC1
830,24.09842629482175,42.0145033841562,LPLC1
831,24.120844946765224,42.06151950132468,LPLC1
832,24.13257567460387,42.07651028875188,LPLC1
833,24.06485284391654,41.935112339618996,LPLC1
834,24.164627493664675,42.13442093915428,LPLC1
835,24.1096116345768,42.02463543179002,LPLC1
836,24.07106844845393,41.94790735051339,LPLC1
837,24.143114155904613,42.08409037720864,LPLC1
838,24.101345684787383,41.998849586595774,LPLC1
839,24.15604503457756,42.0993338344608,LPLC1
840,24.06539366847339,41.91665038512322,LPLC1
841,24.13974455201175,42.06600209950052,LPLC1
842,24.117946995821548,42.01659183565397,LPLC1
843,24.21210626834136,42.20194888651474,LPLC1
844,24.246730338877,42.26462876038003,LPLC1
845,24.202488947264996,42.179556588727294,LPLC1
846,24.20451717523043,42.172632956573366,LPLC1
847,24.192488966127662,42.14702028319411,LPLC1
848,24.213076914950797,42.1906959363792,LPLC1
849,24.26502799293482,42.278409732415035,LPLC1
850,24.281253741361,42.31685448541063,LPLC1
851,24.21148387970223,42.177285911197615,LPLC1
852,24.192808990138126,42.13664382588183,LPLC1
853,24.261452214982874,42.271290798860235,LPLC1
854,24.24893207329893,42.242930743316435,LPLC1
855,24.26986229868038,42.279988086494555,LPLC1
856,24.256361975241973,42.25126342393382,LPLC1
857,24.30201612629743,42.333853494562945,LPLC1
858,24.30680700538631,42.34484288000305,LPLC1
859,24.252940836670078,42.228879677278876,LPLC1
860,24.245550822334252,42.22291134060283,LPLC1
861,24.30221280426774,42.32879979549429,LPLC1
862,24.23290130375767,42.18301761757553,LPLC1
863,24.352626348408492,42.42335575652811,LPLC1
864,24.35010065651499,42.408331298957904,LPLC1
865,24.327610155726163,42.35857733100612,LPLC1
866,24.365584321590717,42.43244400492107,LPLC1
867,24.395363107904984,42.49020314173414,LPLC1
868,24.37403869322972,42.44024313414152,LPLC1
869,24.347977495198236,42.39398339743971,LPLC1
870,24.40203814953022,42.49689376391066,LPLC1
871,24.402500902913665,42.49636543210987,LPLC1
872,24.38237053626733,42.4565440372089,LPLC1
873,24.387233514242062,42.46052534143135,LPLC1
874,24.38147452997425,42.44718771797696,LPLC1
875,24.455810119151728,42.58915647115059,LPLC1
876,24.390199180382034,42.45634869620646,LPLC1
877,24.39655469043626,42.467963131989904,LPLC1
878,24.41148426280226,42.49511330675336,LPLC1
879,24.451499420192945,42.56410661749416,LPLC1
880,24.39002981498522,42.44285020759192,LPLC1
881,24.47913156448464,42.614180093880876,LPLC1
882,24.40669202615117,42.47115727045005,LPLC1
883,24.479074380726033,42.60967417465038,LPLC1
884,24.50231442268811,42.65224270670615,LPLC1
885,24.521381337451977,42.68850281418291,LPLC1
886,24.49984663319873,42.64825943527471,LPLC1
887,24.473794282503498,42.58813589549631,LPLC1
888,24.446226546327473,42.53626846039084,LPLC1
889,24.543379679119163,42.72114863896269,LPLC1
890,24.500463906705043,42.635864147081506,LPLC1
891,24.474327128052714,42.5786840472187,LPLC1
892,24.491531446013084,42.612639091784885,LPLC1
893,24.524961363057187,42.67941346021384,LPLC1
894,24.55792324478228,42.73668101481027,LPLC1
895,24.4885773471877,42.6017355184986,LPLC1
896,24.547783519569357,42.71381391853385,LPLC1
897,24.542583203079737,42.69551060285991,LPLC1
898,24.599503904729552,42.805444042391585,LPLC1
899,24.57155870555924,42.743962860662805,LPLC1
900,24.581856777078066,42.766016733239965,LPLC1
901,24.590054481203502,42.78395788345709,LPLC1
902,24.584818001413588,42.76856878493888,LPLC1
903,24.566150040440995,42.72789992265936,LPLC1
904,24.578979204096058,42.75540235950767,LPLC1
905,24.58675663456107,42.762186957669414,LPLC1
906,24.569666120489607,42.72507352042403,LPLC1
907,24.652807959734886,42.887442863621814,LPLC1
908,24.66175315550808,42.90061681768514,LPLC1
909,24.63536243584514,42.846426391786515,LPLC1
910,24.631710011292604,42.83802193774331,LPLC1
911,24.63101990687381,42.83367543059738,LPLC1
912,24.60274144455176,42.777699982253,LPLC1
913,24.65976130071919,42.88021786727715,LPLC1
914,24.700418844161995,42.956520542107334,LPLC1
915,24.66885270402682,42.8925230514734,LPLC1
916,24.67724103989726,42.90933165102665,LPLC1
917,24.70351362735753,42.96279979577683,LPLC1
918,24.691465406682177,42.933884485792774,LPLC1
919,24.658818755217922,42.864855870843,LPLC1
920,24.72113786286876,42.9836193006564,LPLC1
921,24.675968759930996,42.89161285914848,LPLC1
922,24.690052757298687,42.91589837573551,LPLC1
923,24.70683928846931,42.947970469430764,LPLC1
924,24.72385742670717,42.980840761311995,LPLC1
925,24.752641005954032,43.03508157572335,LPLC1
926,24.738801999347416,43.00266953823391,LPLC1
927,24.733644561544246,42.9888071496551,LPLC1
928,24.73183383036379,42.982979630772704,LPLC1
929,24.76886519424381,43.05520199583648,LPLC1
930,24.721008806800675,42.957425502348386,LPLC1
931,24.733114694731682,42.977336436918876,LPLC1
932,24.76890756020621,43.04449172657648,LPLC1
933,24.803478560362983,43.10991547901126,LPLC1
934,24.739160743308652,42.981394934958416,LPLC1
935,24.79270317639498,43.07823986977046,LPLC1
936,24.79891537155467,43.09326676652867,LPLC1
937,24.76796967825001,43.02954791435623,LPLC1
938,24.771182075034517,43.03073097244528,LPLC1
939,24.82772486546785,43.13970546970448,LPLC1
940,24.82218355230023,43.123625413020015,LPLC1
941,24.773850078143568,43.03197430664775,LPLC1
942,24.79829367303889,43.07490156638429,LPLC1
943,24.796816148470796,43.0668814906001,LPLC1
944,24.83642252233276,43.14813239572267,LPLC1
945,24.88326449879468,43.237386558368925,LPLC1
946,24.8377783549748,43.14042867160777,LPLC1
947,24.900524798149092,43.26541174070959,LPLC1
948,24.867817994775812,43.19611599599017,LPLC1
949,24.861502100006767,43.18394618455983,LPLC1
950,24.89412391746159,43.24143180290943,LPLC1
951,24.857859222596083,43.16855716093526,LPLC1
952,24.907488202218467,43.26362727131426,LPLC1
953,24.888394345018433,43.224790570452,LPLC1
954,24.88301123404807,43.213268200365846,LPLC1
955,24.94274677221658,43.325349655302745,LPLC1
956,24.90929351504907,43.25546091264964,LPLC1
957,24.918671971306367,43.27223631317743,LPLC1
958,24.91494044202745,43.260155454997374,LPLC1
959,24.94292239532075,43.31244782718039,LPLC1
960,24.911468541758367,43.243191307615064,LPLC1
961,24.965483105780237,43.35129092121678,LPLC1
962,24.91229808562735,43.24279527581874,LPLC1
963,24.918877884719954,43.253520708103785,LPLC1
964,24.92721015198434,43.26744660112351,LPLC1
965,24.929393188357686,43.27366386058493,LPLC1
966,24.979318181568267,43.3637865320338,LPLC1
967,24.93350490674628,43.27537742862597,LPLC1
968,24.958397084047057,43.3160969881277,LPLC1
969,24.965852155278554,43.33332703481173,LPLC1
970,25.010581156134158,43.41543113049114,LPLC1
971,25.041107699420444,43.47555624630418,LPLC1
972,25.043899460389476,43.47721186115193,LPLC1
973,25.015127406257875,43.41827464672795,LPLC1
974,25.032464534480674,43.45172218096117,LPLC1
975,25.06839170543921,43.51252820036033,LPLC1
976,25.055674034376068,43.488847712488834,LPLC1
977,25.05130548771283,43.47878690193016,LPLC1
978,25.049493966071438,43.471095845839656,LPLC1
979,25.03091991437769,43.43200974073852,LPLC1
980,25.04733261360743,43.46315736027586,LPLC1
981,25.058123612086426,43.48225991632881,LPLC1
982,25.067675335172595,43.49534518194413,LPLC1
983,25.095489568196186,43.54605803041868,LPLC1
984,25.036163366694687,43.433965483073365,LPLC1
985,25.064887408356114,43.4805701624865,LPLC1
986,25.09738646407245,43.54240068044403,LPLC1
987,25.094345451015563,43.53668833775029,LPLC1
988,25.11086838378288,43.56057738495916,LPLC1
989,25.16774990282299,43.673368501264186,LPLC1
990,25.069161242639773,43.480406930653956,LPLC1
991,25.115117429960087,43.568237713816885,LPLC1
992,25.05363694942352,43.44091088034016,LPLC1
993,25.097862140275417,43.52836535028392,LPLC1
994,25.100494878543678,43.527207920738505,LPLC1
995,25.05730130928157,43.44313365947774,LPLC1
996,25.104970629959695,43.53270130495331,LPLC1
997,25.142143653618696,43.60029584726419,LPLC1
998,25.162353058852908,43.6374497265774,LPLC1
999,25.20651730939172,43.723749596121486,LPLC1
1000,25.19275667731278,43.69461625627868,LPLC1
1001,25.14691200288869,43.60305272071059,LPLC1
1002,25.21985197662776,43.74520374917411,LPLC1
1003,25.151327308036713,43.60680906009123,LPLC1
1004,25.16628832473601,43.63125046768019,LPLC1
1005,25.210938481385888,43.717668348846075,LPLC1
1006,25.18297969188334,43.657870108936734,LPLC1
1007,25.180279675102696,43.650872693333525,LPLC1
1008,25.19980561185435,43.68810336721049,LPLC1
1009,25.238747314653843,43.758765332453095,LPLC1
1010,25.23942572003083,43.758721916718315,LPLC1
1011,25.222856028477366,43.71962661010606,LPLC1
1012,25.20997568052117,43.697558405061855,LPLC1
1013,25.252910162075544,43.77947915672756,LPLC1
1014,25.277900127930288,43.8221210645534,LPLC1
1015,25.207939172690978,43.686736257173365,LPLC1
1016,25.237553827672166,43.740064782954846,LPLC1
1017,25.268826149029792,43.796910336414996,LPLC1
1018,25.23578922249596,43.7297794186736,LPLC1
1019,25.271868228291986,43.799999933877096,LPLC1
1020,25.2650067045264,43.78001711488372,LPLC1
1021,25.271198572530636,43.791429745778906,LPLC1
1022,25.280315344458288,43.80901899903095,LPLC1
1023,25.287922946388633,43.81922536028862,LPLC1
1024,25.286667315689307,43.815935006945395,LPLC1
1025,25.31839647490026,43.87372771845065,LPLC1
1026,25.286991024339088,43.80875020476923,LPLC1
1027,25.31497179839014,43.86155158310475,LPLC1
1028,25.343724881154515,43.91711829920011,LPLC1
1029,25.325589633692353,43.88214155739609,LPLC1
1030,25.300071862436006,43.82897581071771,LPLC1
1031,25.354345023654396,43.92739256835155,LPLC1
1032,25.346450827072353,43.911730436175475,LPLC1
1033,25.349925300743728,43.91612359822868,LPLC1
1034,25.343512172809767,43.90009317770558,LPLC1
1035,25.354325167371407,43.91665166715947,LPLC1
1036,25.364851453145747,43.93626839574327,LPLC1
1037,25.394318368416762,43.99099093432109,LPLC1
1038,25.357060848814392,43.91899371199531,LPLC1
1039,25.338807981688326,43.880964163969615,LPLC1
1040,25.420020667206487,44.03355975557868,LPLC1
1041,25.41146961057217,44.01388563338044,LPLC1
1042,25.396831061162317,43.98728558666602,LPLC1
1043,25.368900951227864,43.92473269781596,LPLC1
1044,25.38693258563959,43.959413289073495,LPLC1
1045,25.382016903849888,43.949379535718165,LPLC1
1046,25.39532659970365,43.97367946052476,LPLC1
1047,25.381727885648324,43.94261182980419,LPLC1
1048,25.4352627732723,44.04383478889672,LPLC1
1049,25.4315341658369,44.03707772121851,LPLC1
1050,25.414351294116663,43.99572388340556,LPLC1
1051,25.455403329028087,44.07376916433555,LPLC1
1052,25.446793782885194,44.05687659208186,LPLC1
1053,25.44246480901832,44.044535265682796,LPLC1
1054,25.493175453938512,44.13819644873562,LPLC1
1055,25.469847644624046,44.0951171716904,LPLC1
1056,25.45026246266439,44.054539467193464,LPLC1
1057,25.48424632950968,44.114852665703836,LPLC1
1058,25.443512045030616,44.036250595297766,LPLC1
1059,25.49567479621711,44.13069424078397,LPLC1
1060,25.49959962216996,44.13890466494168,LPLC1
1061,25.495691314943052,44.129711771014314,LPLC1
1062,25.494124219090452,44.122501232531846,LPLC1
1063,25.493307707305917,44.11926172975251,LPLC1
1064,25.499138099124217,44.126721158851936,LPLC1
1065,25.525000593546032,44.176117619347465,LPLC1
1066,25.508756135947046,44.14277119071917,LPLC1
1067,25.51077451802501,44.141782844081334,LPLC1
1068,25.53149263788587,44.18043914815798,LPLC1
1069,25.51532072242852,44.14803969171019,LPLC1
1070,25.53491524968419,44.18361843400539,LPLC1
1071,25.532116022223512,44.17242171252487,LPLC1
1072,25.534570965658844,44.178501242503586,LPLC1
1073,25.506416483404017,44.12129052862941,LPLC1
1074,25.547797183222563,44.19419073777151,LPLC1
1075,25.551296100028843,44.202891344854564,LPLC1
1076,25.564671743010962,44.22454440304678,LPLC1
1077,25.579288354334352,44.2511504498888,LPLC1
1078,25.583801326108834,44.25807682159665,LPLC1
1079,25.55121367750545,44.195906968972835,LPLC1
1080,25.583835925527296,44.255426194372006,LPLC1
1081,25.580118266887347,44.243388699306315,LPLC1
1082,25.596859602001878,44.27359514373688,LPLC1
1083,25.585918265004167,44.249192503229494,LPLC1
1084,25.606285182835016,44.28460139145716,LPLC1
1085,25.64015008390455,44.34801332227003,LPLC1
1086,25.649921024321657,44.36576594704236,LPLC1
1087,25.617690899861486,44.303555515579575,LPLC1
1088,25.599337284205227,44.265751936223396,LPLC1
1089,25.64099834949775,44.34128026803948,LPLC1
1090,25.621295471423927,44.30284406109866,LPLC1
1091,25.641671092940918,44.33369775394259,LPLC1
1092,25.672872249903946,44.397059646323946,LPLC1
1093,25.647992831882306,44.34569733578132,LPLC1
1094,25.673165073679783,44.39073722477688,LPLC1
1095,25.670475429419994,44.380327160110554,LPLC1
1096,25.657635761479817,44.358866360987186,LPLC1
1097,25.662944528580297,44.366140741147504,LPLC1
1098,25.65222415216089,44.343435936970316,LPLC1
1099,25.698729206708407,44.42815633326214,LPLC1
1100,25.697471328616913,44.42663484557752,LPLC1
1101,25.68593631342658,44.40017380419076,LPLC1
1102,25.679861494134137,44.3873023956662,LPLC1
1103,25.683074338392586,44.39040654892679,LPLC1
1104,25.731832146322184,44.48291252897404,LPLC1
1105,25.720797952417747,44.455795010526344,LPLC1
1106,25.70261721191534,44.41747768138018,LPLC1
1107,25.712728926189406,44.43723457805201,LPLC1
1108,25.705048100871345,44.418021316955986,LPLC1
1109,25.74107967746759,44.48541081455848,LPLC1
1110,25.728353723228246,44.46346933069143,LPLC1
1111,25.713261486015377,44.431526275462744,LPLC1
1112,25.7680487021519,44.53359204709833,LPLC1
1113,25.761456335881057,44.516985420133594,LPLC1
1114,25.754250414604357,44.50054652289488,LPLC1
1115,25.736984493454642,44.46565495183795,LPLC1
1116,25.759541200864753,44.505325338151195,LPLC1
1117,25.8010807393311,44.58235204440378,LPLC1
1118,25.759980858957377,44.501526613919154,LPLC1
1119,25.75584630860972,44.49356996837524,LPLC1
1120,25.771988294028752,44.52319655291032,LPLC1
1121,25.799052347310514,44.571710226583185,LPLC1
1122,25.80050667675448,44.57160459601134,LPLC1
1123,25.771862917006352,44.51265652113685,LPLC1
1124,25.802894016900744,44.5721136589309,LPLC1
1125,25.82123769454369,44.60766289705862,LPLC1
1126,25.800458003950666,44.55869884231119,LPLC1
1127,25.78551415251532,44.53116883025892,LPLC1
1128,25.827837735866773,44.608928257791106,LPLC1
1129,25.831437251285642,44.615251101455804,LPLC1
1130,25.81050143763151,44.573120488827584,LPLC1
1131,25.817767645717936,44.581231742008214,LPLC1
1132,25.812921918106618,44.572135352864066,LPLC1
1133,25.85348477919655,44.64939081712396,LPLC1
1134,25.81805263770697,44.57637680327313,LPLC1
1135,25.8330946409235,44.599172762291786,LPLC1
1136,25.859103104298427,44.64919735281801,LPLC1
1137,25.841801593298833,44.616659865350634,LPLC1
1138,25.85509997182219,44.63573481961859,LPLC1
1139,25.886976442263474,44.69684411870635,LPLC1
1140,25.872888867753176,44.670175608688936,LPLC1
1141,25.862974504367692,44.6478952738647,LPLC1
1142,25.86511886737867,44.64807186437369,LPLC1
1143,25.86437216924969,44.64429253008235,LPLC1
1144,25.89748719475933,44.704461945125345,LPLC1
1145,25.881446542472936,44.67606751587205,LPLC1
1146,25.89095945397213,44.68783103197603,LPLC1
1147,25.91492239639097,44.72964057167319,LPLC1
1148,25.930630052305588,44.75768116378315,LPLC1
1149,25.905200138812297,44.71074303979938,LPLC1
1150,25.91383994545923,44.724833576409665,LPLC1
1151,25.892928092106914,44.68175190178044,LPLC1
1152,25.90195586768965,44.696657155502635,LPLC1
1153,25.911786768674617,44.7112416081066,LPLC1
1154,25.950950280056098,44.78798263955426,LPLC1
1155,25.943976493424827,44.768552741175895,LPLC1
1156,25.959764360811846,44.79912965105237,LPLC1
1157,25.94337365796705,44.76551628395626,LPLC1
1158,25.930981766727697,44.738477708022586,LPLC1
1159,25.950767997011617,44.77497710500718,LPLC1
1160,25.95128431071845,44.77170697169609,LPLC1
1161,25.96679119443121,44.79965721268742,LPLC1
1162,25.959114943401218,44.78402735229694,LPLC1
1163,25.966225378987737,44.79266980318762,LPLC1
1164,25.972995289919886,44.80484264189542,LPLC1
1165,25.975439230573812,44.805532377318244,LPLC1
1166,25.974199005762642,44.80324538978055,LPLC1
1167,25.966808873314697,44.78485541462999,LPLC1
1168,25.984747190136638,44.81859279785763,LPLC1
1169,25.99137936924506,44.82923757433932,LPLC1
1170,26.00400746545362,44.851396341678395,LPLC1
1171,26.029334009537408,44.89726377727199,LPLC1
1172,26.021091799049486,44.87867456662471,LPLC1
1173,26.01713506962247,44.86807658547691,LPLC1
1174,26.0139950429326,44.85982754909855,LPLC1
1175,26.015871744409168,44.86271564625043,LPLC1
1176,26.03879932913427,44.905557977957514,LPLC1
1177,26.020238672349997,44.865543397470574,LPLC1
1178,26.035227609953665,44.89308342138801,LPLC1
1179,26.05641921631471,44.931477127174276,LPLC1
1180,26.059514371537638,44.932715761827346,LPLC1
1181,26.069076474758496,44.94887730719717,LPLC1
1182,26.042436518893524,44.89760919196553,LPLC1
1183,26.04677214109465,44.902456645909766,LPLC1
1184,26.0597969543459,44.92760932129582,LPLC1
1185,26.08723813529823,44.97699441486548,LPLC1
1186,26.082736057599448,44.96475828330536,LPLC1
1187,26.084202249798786,44.965709015096365,LPLC1
1188,26.07888408901058,44.95601502604464,LPLC1
1189,26.07938059109417,44.95100077385213,LPLC1
1190,26.081558230654913,44.9541102803015,LPLC1
1191,26.079612559228558,44.94806644284723,LPLC1
1192,26.08505702216852,44.955138007418014,LPLC1
1193,26.127135465130067,45.03361745070613,LPLC1
1194,26.127425597968177,45.032010755359025,LPLC1
1195,26.112015952315012,45.00120283414077,LPLC1
1196,26.11358088193432,45.00141722437127,LPLC1
1197,26.121543520715704,45.01303849567928,LPLC1
1198,26.136019845118817,45.03719456025655,LPLC1
1199,26.124046795679646,45.01515902768403,LPLC1
1200,26.135195816695862,45.03633109205362,LPLC1
1201,26.129099131933366,45.02181705992261,LPLC1
1202,26.146651728038286,45.05193878248458,LPLC1
1203,26.151331135419007,45.059099303476756,LPLC1
1204,26.16315547125396,45.08063427903393,LPLC1
1205,26.15090870769412,45.051961983699655,LPLC1
1206,26.154468040966023,45.057950947893396,LPLC1
1207,26.156425608891844,45.05862809465739,LPLC1
1208,26.158726126243167,45.06270540972663,LPLC1
1209,26.174109121274682,45.08713396424407,LPLC1
1210,26.17872840954564,45.09520805547919,LPLC1
1211,26.191660868295337,45.11846367594778,LPLC1
1212,26.182042655781345,45.099400177477214,LPLC1
1213,26.194718505561312,45.11890831996638,LPLC1
1214,26.19970625980207,45.127363431625085,LPLC1
1215,26.198527035635756,45.12280016936797,LPLC1
1216,26.21142417968344,45.14379504062027,LPLC1
1217,26.20127275616766,45.124467674159135,LPLC1
1218,26.214602914695412,45.14643128645946,LPLC1
1219,26.201754622847176,45.122125678896246,LPLC1
1220,26.206240036810613,45.12529154661293,LPLC1
1221,26.227503175120297,45.16299954614661,LPLC1
1222,26.214085934769678,45.13581232479463,LPLC1
1223,26.22092829473705,45.147098420863955,LPLC1
1224,26.227287130631083,45.15854368961321,LPLC1
1225,26.23058320540831,45.16031041462199,LPLC1
1226,26.248438161539887,45.19315971300474,LPLC1
1227,26.250707314119268,45.19430458834793,LPLC1
1228,26.262955903456664,45.21562224661215,LPLC1
1229,26.250047452033606,45.18946068814742,LPLC1
1230,26.2505309925832,45.18892505089849,LPLC1
1231,26.245965366479844,45.17969774680762,LPLC1
1232,26.275601287692687,45.23162034474771,LPLC1
1233,26.271101402054136,45.22104933694788,LPLC1
1234,26.28276629852217,45.240347777939434,LPLC1
1235,26.271774617816625,45.217159386049154,LPLC1
1236,26.283168339015496,45.23867953185533,LPLC1
1237,26.285649781670166,45.24107912518595,LPLC1
1238,26.286164711193514,45.23891699319839,LPLC1
1239,26.29057885309848,45.244727280393,LPLC1
1240,26.307383102452526,45.27430024377081,LPLC1
1241,26.288487743057722,45.236833772355,LPLC1
1242,26.302638060847464,45.261993174059675,LPLC1
1243,26.307014900610234,45.267432817234834,LPLC1
1244,26.308253660668207,45.266856127321375,LPLC1
1245,26.311065595097226,45.270500234178385,LPLC1
1246,26.319267001737877,45.2837202097655,LPLC1
1247,26.31711252094427,45.27808375680455,LPLC1
1248,26.334055058170065,45.30852450858609,LPLC1
1249,26.331263517122686,45.3006948334388,LPLC1
1250,26.338082043191797,45.31200254656933,LPLC1
1251,26.348150811914607,45.328116057706865,LPLC1
1252,26.34562351341402,45.321429717289874,LPLC1
1253,26.34893511878748,45.325175748723794,LPLC1
1254,26.3551981952358,45.33534593237695,LPLC1
1255,26.345613133366626,45.31531278061301,LPLC1
1256,26.360063371571137,45.338278244056426,LPLC1
1257,26.365816622132158,45.349465416027584,LPLC1
1258,26.36705884008626,45.349256320179336,LPLC1
1259,26.36698375587273,45.34767860706107,LPLC1
1260,26.38076456284015,45.370286984545906,LPLC1
1261,26.376381925229467,45.36056124694629,LPLC1
1262,26.38242724203772,45.36984702800404,LPLC1
1263,26.389750012529987,45.38183776008283,LPLC1
1264,26.392162142242483,45.38406499525641,LPLC1
1265,26.398426335389246,45.39370796106702,LPLC1
1266,26.400236645941632,45.39510114479482,LPLC1
1267,26.403990966061926,45.40025404027808,LPLC1
1268,26.407715249222193,45.40513892590715,LPLC1
1269,26.41432063122904,45.41566154482864,LPLC1
1,0.09524341422360294,0.16777456739396257,LPLC2
2,0.18850756500168586,0.33191636348232123,LPLC2
3,0.28179527586657116,0.49604735520973975,LPLC2
4,0.34948766697840483,0.6124543058406005,LPLC2
5,0.45625705175510234,0.801893667410539,LPLC2
6,0.5460796983147418,0.9597222477394212,LPLC2
7,0.6333410777598942,1.112680076604903,LPLC2
8,0.6969958220997512,1.2215223130242236,LPLC2
9,0.8006965572080418,1.4055308180762722,LPLC2
10,0.8861448384093364,1.5553113408494568,LPLC2
11,0.9422080200726413,1.6500503126333257,LPLC2
12,1.0322199209234668,1.8084393205124911,LPLC2
13,1.1112312055787328,1.9462613431529405,LPLC2
14,1.1951775285598671,2.093329236566362,LPLC2
1,0.09634748090010703,0.1697734108542619,LPLC4
2,0.19568553164060631,0.34507996378565053,LPLC4
3,0.2915798058229768,0.5141080590027229,LPLC4
4,0.38712606057329424,0.6825163377832837,LPLC4
5,0.4795452709004735,0.8452497013213929,LPLC4
6,0.5831241781077665,1.0282706088913756,LPLC4
7,0.674846726122027,1.1899540395823607,LPLC4
8,0.7727264441028012,1.3628215896535778,LPLC4
9,0.8608611280087928,1.5176279153964174,LPLC4
10,0.958303852921901,1.6896807492131671,LPLC4
11,1.058076591946147,1.8659519684361356,LPLC4
12,1.148229711179141,2.0247465245447245,LPLC4
13,1.2366847772556895,2.180516989016226,LPLC4
14,1.3267990671426872,2.3395263718703774,LPLC4
15,1.4256135048916008,2.513754303738793,LPLC4
16,1.5030885671307033,2.6492197404497517,LPLC4
17,1.602331119626939,2.8254564791241847,LPLC4
18,1.6737449159699764,2.9498656712417812,LPLC4
19,1.8002606151539737,3.1757707795891577,LPLC4
20,1.8755050816301377,3.3074562094084854,LPLC4
21,1.9458781646269472,3.428771821508292,LPLC4
22,2.060465609051491,3.634191379023761,LPLC4
23,2.1590568838053343,3.808731083903723,LPLC4
24,2.2165588047499796,3.907586283463118,LPLC4
25,2.3061263566462458,4.066176473077377,LPLC4
26,2.393108785373954,4.21972044479358,LPLC4
27,2.498640193092953,4.4065999820289505,LPLC4
28,2.5565977300611706,4.507106712299915,LPLC4
29,2.649651420479046,4.671578896455799,LPLC4
30,2.729120885862102,4.810428837676298,LPLC4
31,2.8384099255321473,5.005562455597882,LPLC4
32,2.8945191473476655,5.102328814491017,LPLC4
33,2.995499988368266,5.28207553125678,LPLC4
34,3.1002886524599944,5.468896281392659,LPLC4
35,3.162554616035081,5.5766557570634205,LPLC4
36,3.239682854408045,5.712919172475608,LPLC4
37,3.3317026889842793,5.874107675384764,LPLC4
38,3.4117505305690656,6.015094477519099,LPLC4
39,3.466838258025277,6.109376651272257,LPLC4
40,3.554208713645565,6.2660621223806885,LPLC4
41,3.6071261935382353,6.355841112159354,LPLC4
42,3.750207197072683,6.614579853574028,LPLC4
43,3.743210498592518,6.592435611761786,LPLC4
44,3.859241348984682,6.800974621526336,LPLC4
45,3.925380426949175,6.916449130874753,LPLC4
46,4.004507389184852,7.055950482454833,LPLC4
47,4.086235121822895,7.202294744737273,LPLC4
48,4.159221232487582,7.328714939770492,LPLC4
49,4.260330892283449,7.509799583877182,LPLC4
50,4.295812354370682,7.566421110000178,LPLC4
51,4.42385634662358,7.798067790774681,LPLC4
52,4.500629112332078,7.933536579925317,LPLC4
53,4.533038548717386,7.984542196222279,LPLC4
54,4.631265425970923,8.163459338037143,LPLC4
55,4.69984765382182,8.282835308279417,LPLC4
56,4.768209192155695,8.40052885861975,LPLC4
57,4.827863134940046,8.506369739692829,LPLC4
58,4.956963575633296,8.73899530093749,LPLC4
59,4.980987995028627,8.77591671962098,LPLC4
60,5.152141010781733,9.089125423147166,LPLC4
61,5.111773729803119,9.005700345793414,LPLC4
62,5.201712144667994,9.165876990261125,LPLC4
63,5.277113399319035,9.300119350579962,LPLC4
64,5.402395058030763,9.523616095592239,LPLC4
65,5.460884016371068,9.627084808832578,LPLC4
66,5.479706416106538,9.654287630152098,LPLC4
67,5.606610435871559,9.88524348310466,LPLC4
68,5.595818000876079,9.855734395449694,LPLC4
69,5.694569514090503,10.03412711632565,LPLC4
70,5.781954862143905,10.191250023162546,LPLC4
71,5.863792741833066,10.332359233509706,LPLC4
72,5.903788661971689,10.402399906901316,LPLC4
73,5.975905307903091,10.527657497259845,LPLC4
74,6.056701195641011,10.672973299533446,LPLC4
75,6.221790949345447,10.975235505602107,LPLC4
76,6.227889336302795,10.97800363328178,LPLC4
77,6.270867541417843,11.049698054427665,LPLC4
78,6.3637606219339915,11.219547400397289,LPLC4
79,6.4041343107316635,11.286557533460503,LPLC4
80,6.419921917621181,11.308499417643617,LPLC4
81,6.459649353666961,11.373650326209585,LPLC4
82,6.561710660013631,11.557496682179163,LPLC4
83,6.62536848584476,11.670055651014032,LPLC4
84,6.667741712784107,11.74211085480227,LPLC4
85,6.790615775950727,11.968496229848135,LPLC4
86,6.80340848461131,11.982049790994147,LPLC4
87,6.915367177217192,12.184857843068244,LPLC4
88,6.948405158170345,12.238320495011621,LPLC4
89,7.025949341618272,12.37810367633341,LPLC4
90,7.071824161513092,12.454695018778146,LPLC4
91,7.127163434992113,12.551859173954774,LPLC4
92,7.234193077368147,12.745035305266263,LPLC4
93,7.274570651385645,12.816217964881446,LPLC4
94,7.35703396296141,12.961507426683994,LPLC4
95,7.337031389866453,12.916841672346472,LPLC4
96,7.2943145885219,12.827730758850095,LPLC4
97,7.465448681670537,13.142716950339604,LPLC4
98,7.615429915712056,13.417892798602736,LPLC4
99,7.575899596040806,13.337124581425797,LPLC4
100,7.696950534100466,13.55570916025826,LPLC4
101,7.707769364403944,13.570371711626336,LPLC4
102,7.818080928083411,13.771079978511914,LPLC4
103,7.841147249112474,13.80775151682051,LPLC4
104,7.9241891676594065,13.953658647623627,LPLC4
105,8.005549049515523,14.103369571249864,LPLC4
106,8.080710152822554,14.235918446673871,LPLC4
107,8.07867169567048,14.223707475714043,LPLC4
108,8.156620238802354,14.365041213298134,LPLC4
109,8.24279541695131,14.518927153268109,LPLC4
110,8.202257123894569,14.434724301262342,LPLC4
111,8.330614737443177,14.671080617475049,LPLC4
112,8.394867251623438,14.783477925540332,LPLC4
113,8.384759533932815,14.756707735120685,LPLC4
114,8.464368217184322,14.896883466928891,LPLC4
115,8.501527131130842,14.962882145429148,LPLC4
116,8.61140372371139,15.162342581607135,LPLC4
117,8.66831827630589,15.262973545770876,LPLC4
118,8.727673389619298,15.368372481300234,LPLC4
119,8.722178009369358,15.350647782439225,LPLC4
120,8.801136763118159,15.492307550515555,LPLC4
121,8.830054657169377,15.538731754639585,LPLC4
122,8.929940476879722,15.720705783258765,LPLC4
123,8.98323604004296,15.81762926297889,LPLC4
124,8.978385645763524,15.799530323328646,LPLC4
125,9.002725913629483,15.836503078516166,LPLC4
126,9.100946784391517,16.01490232874415,LPLC4
127,9.164645588230407,16.12869933945955,LPLC4
128,9.21546612062194,16.216548919890563,LPLC4
129,9.279661493858377,16.335054680936075,LPLC4
130,9.354794758229446,16.466700405335274,LPLC4
131,9.387946805585052,16.524639178461634,LPLC4
132,9.50105975295672,16.728870465126697,LPLC4
133,9.523166698005284,16.768216905621898,LPLC4
134,9.463615858892837,16.643372526436252,LPLC4
135,9.612299206473715,16.920667124765707,LPLC4
136,9.67049231019589,17.026439256616754,LPLC4
137,9.605744479593447,16.887499268676947,LPLC4
138,9.72768736591349,17.11658923350133,LPLC4
139,9.849489446489372,17.34145746070014,LPLC4
140,9.792500488631127,17.225148542441865,LPLC4
141,9.900152929185367,17.424332936674617,LPLC4
142,9.967038545858188,17.540926691838926,LPLC4
143,9.949652743393003,17.49953504171048,LPLC4
144,10.114440106038607,17.806022935410574,LPLC4
145,10.103131153114028,17.777251141280374,LPLC4
146,10.004161198386392,17.58300630170485,LPLC4
147,10.140509015852778,17.835489655286175,LPLC4
148,10.221676189134257,17.98427063799531,LPLC4
149,10.395353422173372,18.305576426377783,LPLC4
150,10.326187079038732,18.166735206716744,LPLC4
151,10.42895114445794,18.35375824065573,LPLC4
152,10.418772766006768,18.328367679900644,LPLC4
153,10.470601034596449,18.420670324033566,LPLC4
154,10.569764160234108,18.604589943567305,LPLC4
155,10.612175617476716,18.674920142747425,LPLC4
156,10.5272609628188,18.506936138234046,LPLC4
157,10.650419877141886,18.73425647389722,LPLC4
158,10.777192972913063,18.971166987606914,LPLC4
159,10.760238147089467,18.93153798367181,LPLC4
160,10.682058192630002,18.769830192130385,LPLC4
161,10.822665378933657,19.03546650672883,LPLC4
162,10.846128172386138,19.071703127712794,LPLC4
163,11.012757108748708,19.385403954429272,LPLC4
164,11.041871722942219,19.434382367036108,LPLC4
165,11.067301550660908,19.472680604946923,LPLC4
166,10.994546069382139,19.32614480458338,LPLC4
167,11.092207687720247,19.51113894638543,LPLC4
168,11.183607425959131,19.67297229387175,LPLC4
169,11.135208463841458,19.573578119734805,LPLC4
170,11.22997254917157,19.749483831120685,LPLC4
171,11.26266766410835,19.80580039191146,LPLC4
172,11.382286049967092,20.025576342984678,LPLC4
173,11.35964946808435,19.977049552872373,LPLC4
174,11.492762780125233,20.22309611229643,LPLC4
175,11.48726448239509,20.206241670553197,LPLC4
176,11.477402982692993,20.178730728398364,LPLC4
177,11.47718195708081,20.17138440828014,LPLC4
178,11.507957672361208,20.224254658028293,LPLC4
179,11.678401323347686,20.54649314490996,LPLC4
180,11.765866414456106,20.70138843863871,LPLC4
181,11.67114166864463,20.51709117673704,LPLC4
182,11.7112920204629,20.582928693287336,LPLC4
183,11.778123706178306,20.707932115471536,LPLC4
184,11.808980185379447,20.758807157020144,LPLC4
185,11.931591706298882,20.98733044403258,LPLC4
186,12.022702608464158,21.15773688118076,LPLC4
187,11.974077765981619,21.05667055688886,LPLC4
188,11.988813581597007,21.07566149194971,LPLC4
189,12.069276121998698,21.221546410706047,LPLC4
190,12.095158558729324,21.264478359968805,LPLC4
191,12.077556727990952,21.225065495572863,LPLC4
192,12.092010103460119,21.24690680724504,LPLC4
193,12.242321386650197,21.527368460712474,LPLC4
194,12.146908200929644,21.336251882541973,LPLC4
195,12.271618377329006,21.572668594303465,LPLC4
196,12.337335932938032,21.691102456006533,LPLC4
197,12.286094039002755,21.58269012302491,LPLC4
198,12.395397566738126,21.78899218954875,LPLC4
199,12.39649214760086,21.783848629857587,LPLC4
200,12.402086884354247,21.781340851274685,LPLC4
201,12.594074020207017,22.150609968116804,LPLC4
202,12.537029882852039,22.02939261424271,LPLC4
203,12.585406186514952,22.12058987923836,LPLC4
204,12.545813020324836,22.036323722312936,LPLC4
205,12.673247337332548,22.27221690919842,LPLC4
206,12.563479118119098,22.05608537305457,LPLC4
207,12.690993744970328,22.29389734128806,LPLC4
208,12.96884476603757,22.825592580762887,LPLC4
209,12.793894849524591,22.48204087885474,LPLC4
210,12.911349793201602,22.700752269381724,LPLC4
211,12.749022051206452,22.382265497625426,LPLC4
212,12.849823503207716,22.564133001302217,LPLC4
213,12.96982363328182,22.78646429771412,LPLC4
214,12.93420881460969,22.715938417786525,LPLC4
215,12.955882530549289,22.748335404910286,LPLC4
216,13.02899385244848,22.887338127897955,LPLC4
217,13.0247591709349,22.868267696205052,LPLC4
218,13.091020759796443,22.991765567969594,LPLC4
219,13.156004535181758,23.10844485723741,LPLC4
220,13.295251951614091,23.374451591391583,LPLC4
221,13.134686926044992,23.054117696089897,LPLC4
222,13.26000134673609,23.29062465250319,LPLC4
223,13.34305212869755,23.442542482357098,LPLC4
224,13.431570843376562,23.614324255870834,LPLC4
225,13.354640888898928,23.454920802929507,LPLC4
226,13.405343877311566,23.544274695781652,LPLC4
227,13.233785933681396,23.20042563432787,LPLC4
228,13.441378012245877,23.600830256104956,LPLC4
229,13.598668912762726,23.893220675321075,LPLC4
230,13.542959355051316,23.7793767084365,LPLC4
231,13.596628521586126,23.88346396451766,LPLC4
232,13.594707172533589,23.87725219149759,LPLC4
233,13.641121376536752,23.95390650992921,LPLC4
234,13.661756299506422,23.986775919968508,LPLC4
235,13.78079710862346,24.212949927270692,LPLC4
236,13.793424712414378,24.234371806649285,LPLC4
237,13.867085192372095,24.364107293285834,LPLC4
238,13.698374695847924,24.031057130892542,LPLC4
239,13.843047997067323,24.306685954621223,LPLC4
240,13.866529741195272,24.342186050106477,LPLC4
241,13.92066564515006,24.442429955487988,LPLC4
242,13.977261627557652,24.542777253870398,LPLC4
243,13.98310571071486,24.551199060470218,LPLC4
244,14.082205043099947,24.733754587870322,LPLC4
245,14.146884429098286,24.858076339188088,LPLC4
246,14.082446779262362,24.724700278610577,LPLC4
247,14.158694074751352,24.86208546636783,LPLC4
248,14.211525671824127,24.966625792288866,LPLC4
249,14.160096768835771,24.85533654695515,LPLC4
250,14.151716437735857,24.83147723012555,LPLC4
251,14.233789068970708,24.98841440193548,LPLC4
252,14.40107891930441,25.299383771105532,LPLC4
253,14.34592172841672,25.189153389315777,LPLC4
254,14.253459086546115,24.997291258337228,LPLC4
255,14.338898697167437,25.166385039868466,LPLC4
256,14.34973716542165,25.179203167297338,LPLC4
257,14.437497384915439,25.33583084773575,LPLC4
258,14.358763501735105,25.179815322308883,LPLC4
259,14.535266616275315,25.519447022265382,LPLC4
260,14.480562992264964,25.412567944523346,LPLC4
261,14.534570426785557,25.504397206098275,LPLC4
262,14.479331948775986,25.38758853901937,LPLC4
263,14.64900343469111,25.713680805597576,LPLC4
264,14.628169631465909,25.664063681232626,LPLC4
265,14.690361966807842,25.777053759254414,LPLC4
266,14.719995250505384,25.832134457135567,LPLC4
267,14.684153500912188,25.757303941709253,LPLC4
268,14.748765209870207,25.873410056568936,LPLC4
269,14.744285978586156,25.864467618351433,LPLC4
270,14.869910580447609,26.098659969750834,LPLC4
271,14.872124807255013,26.10199115990479,LPLC4
272,14.837892764460648,26.023976018925666,LPLC4
273,14.915692138391037,26.170305362068476,LPLC4
274,14.915115939915395,26.16137662409706,LPLC4
275,14.903758887062338,26.133728716205205,LPLC4
276,14.908990429480404,26.139200982209985,LPLC4
277,14.957456165986123,26.221777785650914,LPLC4
278,15.03653681076564,26.37035920444319,LPLC4
279,14.981178060861993,26.261457047617277,LPLC4
280,15.107915481857262,26.499313299278484,LPLC4
281,15.097434351094918,26.469758459360825,LPLC4
282,15.126148512372389,26.521897824965514,LPLC4
283,15.160860764418743,26.5837020839994,LPLC4
284,15.188446719256113,26.63134665781623,LPLC4
285,15.188563901192033,26.623594567550228,LPLC4
286,15.25501692876233,26.74655401196852,LPLC4
287,15.247984118126112,26.728822736743176,LPLC4
288,15.300721910160327,26.825796893275076,LPLC4
289,15.257657360831644,26.735305370629504,LPLC4
290,15.379689892870275,26.9738393949209,LPLC4
291,15.44007592017379,27.08584758486071,LPLC4
292,15.52560401529989,27.238733570070877,LPLC4
293,15.46541523357903,27.115791905945102,LPLC4
294,15.386640138158015,26.95352910518305,LPLC4
295,15.603584877484451,27.373207513781473,LPLC4
296,15.494592313127711,27.153634593394145,LPLC4
297,15.520815095906137,27.200414157721205,LPLC4
298,15.520801457342642,27.190994624790243,LPLC4
299,15.565670361509603,27.273891816851325,LPLC4
300,15.629735092653448,27.39742554310653,LPLC4
301,15.600395654546169,27.33012848909388,LPLC4
302,15.694970563564361,27.50958586257299,LPLC4
303,15.736925580059278,27.58756313166606,LPLC4
304,15.694158065709615,27.494163355723167,LPLC4
305,15.852693486902808,27.802090963751603,LPLC4
306,15.877633145184362,27.846077997267635,LPLC4
307,15.894914836917948,27.87289197580013,LPLC4
308,15.821515055981408,27.725608570452252,LPLC4
309,15.808851413271647,27.694024965658663,LPLC4
310,15.926643762393162,27.919224611740134,LPLC4
311,15.917668634131097,27.891114940584593,LPLC4
312,15.96933420335759,27.990844384617922,LPLC4
313,15.968156732523212,27.977130494665367,LPLC4
314,16.107754108377954,28.247314762249964,LPLC4
315,16.053258348416577,28.131723062735908,LPLC4
316,16.08451359828034,28.190560281431523,LPLC4
317,16.067093909616915,28.150365596819846,LPLC4
318,16.10926104706342,28.22822144096505,LPLC4
319,16.220516829973242,28.437892682015146,LPLC4
320,16.097093433344497,28.18711466576289,LPLC4
321,16.210463033399122,28.40214437597315,LPLC4
322,16.199706614006153,28.380526141171664,LPLC4
323,16.252961809186772,28.47621979834679,LPLC4
324,16.28869528372158,28.545007314201648,LPLC4
325,16.297325909201057,28.554651762551536,LPLC4
326,16.339601277903526,28.628586086861745,LPLC4
327,16.23784867808702,28.42502635404118,LPLC4
328,16.33107574318685,28.60132721726351,LPLC4
329,16.385673443966617,28.704325598285635,LPLC4
330,16.45238167016332,28.83062517037734,LPLC4
331,16.349999683098595,28.6217269194983,LPLC4
332,16.37332370871175,28.658529394863898,LPLC4
333,16.46703101001883,28.834538537802167,LPLC4
334,16.46180074637286,28.824758427764493,LPLC4
335,16.541531465718627,28.974760784774894,LPLC4
336,16.492056032485117,28.871524979586248,LPLC4
337,16.555186540286,28.988053926805975,LPLC4
338,16.672093079749928,29.216932873527952,LPLC4
339,16.553300209613,28.976569146087755,LPLC4
340,16.681639837120322,29.221897173038954,LPLC4
341,16.64754443951857,29.142331328863754,LPLC4
342,16.600198142017064,29.04659598491518,LPLC4
343,16.675691135047586,29.18980318644018,LPLC4
344,16.70488428943871,29.236923944621445,LPLC4
345,16.73120634699481,29.28699741063606,LPLC4
346,16.75624193061622,29.330613532678377,LPLC4
347,16.82372783410218,29.460207625862054,LPLC4
348,16.858835395029566,29.523137954594368,LPLC4
349,16.77883915515301,29.361177559911944,LPLC4
350,16.840345624403874,29.474545489036224,LPLC4
351,16.848169310951832,29.48191735228182,LPLC4
352,16.994226354484788,29.767201915491718,LPLC4
353,16.895594660600032,29.562756184039493,LPLC4
354,16.955902350568458,29.68103085519993,LPLC4
355,16.903151147368433,29.567635797800953,LPLC4
356,16.948059727815092,29.65452076986105,LPLC4
357,16.991847962125817,29.727925246939954,LPLC4
358,17.031927088307896,29.80502804947914,LPLC4
359,16.956168627307896,29.651470374615705,LPLC4
360,16.972922105444823,29.67774462928974,LPLC4
361,17.07036241456622,29.86689173214306,LPLC4
362,17.18697540114767,30.08807542371801,LPLC4
363,17.158851286889508,30.03119613707566,LPLC4
364,17.113130274555665,29.933655486258914,LPLC4
365,17.2510971500594,30.204807039986598,LPLC4
366,17.26883101884068,30.230706073455288,LPLC4
367,17.286015338557682,30.25187782980904,LPLC4
368,17.260173213922705,30.195233643772347,LPLC4
369,17.250413095992478,30.170993175554926,LPLC4
370,17.27013515205371,30.21043167201514,LPLC4
371,17.20991517426802,30.08624317650854,LPLC4
372,17.390321733312966,30.43316313675456,LPLC4
373,17.320075209326482,30.290566305371847,LPLC4
374,17.42363091429175,30.48922537533958,LPLC4
375,17.40218814760466,30.442295515297594,LPLC4
376,17.47120965068771,30.572619612999013,LPLC4
377,17.42340136966122,30.468394855684217,LPLC4
378,17.424662067542236,30.474975784236705,LPLC4
379,17.43357734870024,30.479074206368836,LPLC4
380,17.458929215625695,30.527717230717705,LPLC4
381,17.464594780695386,30.53105071357748,LPLC4
382,17.465068612863817,30.52796176194699,LPLC4
383,17.62381652136301,30.836537976758464,LPLC4
384,17.40252369608784,30.39431426595017,LPLC4
385,17.627162346010458,30.829786474638468,LPLC4
386,17.55469553611122,30.68560700178425,LPLC4
387,17.779872895135,31.126164522840966,LPLC4
388,17.68503589104823,30.926659165577405,LPLC4
389,17.66224133189754,30.87370449801714,LPLC4
390,17.794990070431417,31.133962333070237,LPLC4
391,17.772772109124446,31.08296987256528,LPLC4
392,17.794144816217873,31.1229273798834,LPLC4
393,17.754328849702162,31.037459013408338,LPLC4
394,17.794153276089837,31.114920390719476,LPLC4
395,17.752660568984666,31.020322203690057,LPLC4
396,18.00312843961155,31.515150364653607,LPLC4
397,17.867610971710583,31.245060861338942,LPLC4
398,17.792877859144888,31.083296694054575,LPLC4
399,17.821576331384406,31.13254707623684,LPLC4
400,17.863262884103875,31.21743277324334,LPLC4
401,17.818750985894987,31.122772827780885,LPLC4
402,17.862015844710086,31.202644692150805,LPLC4
403,17.89069663754757,31.24974046359641,LPLC4
404,17.989877964764013,31.44288470752226,LPLC4
405,17.970266250813403,31.40435052742332,LPLC4
406,18.026386035720407,31.506119934886186,LPLC4
407,18.04494309249432,31.53723538753841,LPLC4
408,18.039796564117985,31.521049532694533,LPLC4
409,18.115560010564778,31.665375995698625,LPLC4
410,18.08202359383153,31.599979451110663,LPLC4
411,18.062663674356692,31.55203826345631,LPLC4
412,18.06302905477066,31.545370915079324,LPLC4
413,18.0793525241424,31.574386910800754,LPLC4
414,18.094925913801887,31.59794106267543,LPLC4
415,18.18940007881966,31.780971559780426,LPLC4
416,18.296975066294486,31.993432248541538,LPLC4
417,18.247058946265554,31.88706290865995,LPLC4
418,18.177319661594538,31.73862518188735,LPLC4
419,18.17448295059986,31.737187433663017,LPLC4
420,18.313829442413642,32.002163088267395,LPLC4
421,18.300154757605462,31.970000648602166,LPLC4
422,18.303516078928062,31.969642383977124,LPLC4
423,18.345412901641367,32.05032828175461,LPLC4
424,18.415245226875363,32.187148808091955,LPLC4
425,18.31182522193093,31.970727386909047,LPLC4
426,18.41540166956375,32.17368295711485,LPLC4
427,18.429313305873336,32.19323846546094,LPLC4
428,18.34145394607166,32.01861245091101,LPLC4
429,18.327577586579395,31.990647858133578,LPLC4
430,18.416312092448393,32.155932353238185,LPLC4
431,18.406106302901087,32.12729870411463,LPLC4
432,18.416784714216803,32.14122679316098,LPLC4
433,18.42435034120372,32.15508101627369,LPLC4
434,18.508118754500067,32.31499288712687,LPLC4
435,18.589292105613758,32.466921004113296,LPLC4
436,18.49087107649183,32.27290793837575,LPLC4
437,18.45306623061507,32.184234528901605,LPLC4
438,18.549984908922852,32.378950812057184,LPLC4
439,18.693269812878647,32.661238201117214,LPLC4
440,18.454048443993514,32.17558011746551,LPLC4
441,18.598555482086496,32.455839090807025,LPLC4
442,18.561918007759452,32.3774376648838,LPLC4
443,18.60597774618529,32.46836686000944,LPLC4
444,18.780541209384523,32.81098566181499,LPLC4
445,18.761738816105968,32.758684163296074,LPLC4
446,18.66502959745727,32.567336328858495,LPLC4
447,18.739858157851707,32.7055780797385,LPLC4
448,18.752345611872975,32.73232264535293,LPLC4
449,18.818642201441257,32.857368157937515,LPLC4
450,18.648971404738703,32.51410728861673,LPLC4
451,18.765181806107066,32.73438662390859,LPLC4
452,18.775816549321753,32.754700017397965,LPLC4
453,18.79144226153872,32.77796044694674,LPLC4
454,18.867348832834672,32.926392689591005,LPLC4
455,18.854412872505918,32.89386623480002,LPLC4
456,18.911649903132435,33.004872494003976,LPLC4
457,18.865565147458348,32.90988995785493,LPLC4
458,18.993786613169704,33.15955297609039,LPLC4
459,18.905097705993192,32.97303153917047,LPLC4
460,18.946363401247616,33.04965040462489,LPLC4
461,18.97594650155048,33.104070041662865,LPLC4
462,18.976496696519433,33.10715700199385,LPLC4
463,18.98519838409264,33.11191604518314,LPLC4
464,19.030622601371114,33.19567067037276,LPLC4
465,18.92008742515427,32.96841160176419,LPLC4
466,19.090365715249682,33.30850896632046,LPLC4
467,19.024286507239786,33.1702604468463,LPLC4
468,19.0286977376281,33.180667045859735,LPLC4
469,19.01295085959326,33.1429787597476,LPLC4
470,19.06251505874785,33.23852222549459,LPLC4
471,19.082783752210148,33.2655277177729,LPLC4
472,19.25708048565864,33.614709140056846,LPLC4
473,19.18166351722141,33.45817389814451,LPLC4
474,19.151900254010528,33.392590289293146,LPLC4
475,19.307464731877147,33.69844121367614,LPLC4
476,19.20195865094238,33.48108464967334,LPLC4
477,19.30184857660386,33.67906877082436,LPLC4
478,19.215708994275793,33.503467205382634,LPLC4
479,19.228447272382212,33.51978141511242,LPLC4
480,19.23540157412245,33.52885106326214,LPLC4
481,19.296426466786798,33.643670972484394,LPLC4
482,19.270536219379288,33.587986798964444,LPLC4
483,19.17659418528939,33.39536792773713,LPLC4
484,19.35041945079729,33.73823558419139,LPLC4
485,19.296722140641847,33.62401224375244,LPLC4
486,19.33103777153258,33.69214555051675,LPLC4
487,19.465656351462954,33.95658645107199,LPLC4
488,19.323895360734646,33.66513825994855,LPLC4
489,19.371280612949242,33.75371885947888,LPLC4
490,19.35230717112981,33.721444553697914,LPLC4
491,19.315960989682367,33.64157998853508,LPLC4
492,19.48062390890732,33.959720551964466,LPLC4
493,19.48423294160694,33.959359472934025,LPLC4
494,19.4321188192868,33.85364494329843,LPLC4
495,19.503412128124594,33.99340848542456,LPLC4
496,19.397464054760526,33.78329533525417,LPLC4
497,19.372689229635064,33.72274993703382,LPLC4
498,19.440827050927425,33.85240846532203,LPLC4
499,19.516324021853215,33.99630082883489,LPLC4
500,19.539183379576052,34.03770217665365,LPLC4
501,19.588885237371926,34.13380627740006,LPLC4
502,19.468177375143817,33.8859176344546,LPLC4
503,19.639858824175832,34.22153063454239,LPLC4
504,19.53064811365826,34.001010868591294,LPLC4
505,19.63575279596374,34.20475779392006,LPLC4
506,19.68684901220889,34.30835525176755,LPLC4
507,19.634866233359432,34.19543423726007,LPLC4
508,19.718044939496423,34.35583555641151,LPLC4
509,19.64988828038728,34.2179762539593,LPLC4
510,19.61885520616167,34.144238092386594,LPLC4
511,19.573547966406366,34.050955758773,LPLC4
512,19.663431192500937,34.228003491675175,LPLC4
513,19.651888706600936,34.20275631446599,LPLC4
514,19.689379486881883,34.27481255864273,LPLC4
515,19.800194437470658,34.48670052096297,LPLC4
516,19.76368220449296,34.413101508154874,LPLC4
517,19.726040140276595,34.33326325738674,LPLC4
518,19.806055099636403,34.486286797785944,LPLC4
519,19.840109157346376,34.55163233367457,LPLC4
520,19.89192654854945,34.64424404029727,LPLC4
521,19.718047337657232,34.29713542429001,LPLC4
522,19.72715028946959,34.30954956413807,LPLC4
523,19.935142288435387,34.72249132230669,LPLC4
524,19.914341830607377,34.67708207241904,LPLC4
525,19.829043818345966,34.49983388026715,LPLC4
526,19.894749058056078,34.62536823331881,LPLC4
527,19.93073351396113,34.6925326170225,LPLC4
528,19.994406208241372,34.81766244236965,LPLC4
529,19.97218648192066,34.769482954067314,LPLC4
530,19.999027072645752,34.817731247628835,LPLC4
531,20.004054739511986,34.82168783130765,LPLC4
532,19.931217769144077,34.67495618275839,LPLC4
533,19.975076521420966,34.75383969259764,LPLC4
534,19.882454574822084,34.56148645761895,LPLC4
535,20.08479813066961,34.96861196395893,LPLC4
536,20.059943009541144,34.912400452209006,LPLC4
537,19.999856981049476,34.78938605278532,LPLC4
538,20.06986753900121,34.91912238350738,LPLC4
539,20.189501218623775,35.15686695830464,LPLC4
540,20.18411567177919,35.14518529763485,LPLC4
541,20.1315026987778,35.033463565693864,LPLC4
542,20.15125239760404,35.06820882101572,LPLC4
543,20.122907816833937,35.00579473584881,LPLC4
544,20.13381882371749,35.02180213566834,LPLC4
545,20.188054689774646,35.12604901415895,LPLC4
546,20.16401711171492,35.08060021985078,LPLC4
547,20.14714394121644,35.02638081980982,LPLC4
548,20.227277015871003,35.19709609171995,LPLC4
549,20.239873877279898,35.209859188481325,LPLC4
550,20.184518080141714,35.1018461178515,LPLC4
551,20.16879809666748,35.06034963559072,LPLC4
552,20.231762251422857,35.185719056073275,LPLC4
553,20.22435050117017,35.1610153045518,LPLC4
554,20.198232162627782,35.108798139418454,LPLC4
555,20.288964859041002,35.27666230830715,LPLC4
556,20.34463521949924,35.390063591025935,LPLC4
557,20.28566948187722,35.273948079396824,LPLC4
558,20.377636561230567,35.4435104653233,LPLC4
559,20.319029460865067,35.329374354384576,LPLC4
560,20.311322395689466,35.29972331410775,LPLC4
561,20.293813097292123,35.268098048260974,LPLC4
562,20.32079293623044,35.31634518762419,LPLC4
563,20.254078286585973,35.17832484099193,LPLC4
564,20.401000132378364,35.467326499049506,LPLC4
565,20.365632013222466,35.39153557781114,LPLC4
566,20.369089728477377,35.38990526877879,LPLC4
567,20.41545621879174,35.48407035968319,LPLC4
568,20.46634681488171,35.58299466089761,LPLC4
569,20.378171729909496,35.399701354523444,LPLC4
570,20.435868688379323,35.5122211898458,LPLC4
571,20.52709720686304,35.688253076989085,LPLC4
572,20.580364522970292,35.79391032558578,LPLC4
573,20.431386196221794,35.49206070420124,LPLC4
574,20.53377618126757,35.688919185257696,LPLC4
575,20.500646183464113,35.619712437737384,LPLC4
576,20.557843412407486,35.733983580471715,LPLC4
577,20.548352187071295,35.705838572095765,LPLC4
578,20.581218770969926,35.76474589713773,LPLC4
579,20.61671737143007,35.83328748264427,LPLC4
580,20.57999614258941,35.75525642448759,LPLC4
581,20.60364927043947,35.79600917917724,LPLC4
582,20.525124768161994,35.64030580570876,LPLC4
583,20.535313802152032,35.65689503398321,LPLC4
584,20.68425441465653,35.94587150750165,LPLC4
585,20.621183271134647,35.81973818544878,LPLC4
586,20.72766734447893,36.026597740434674,LPLC4
587,20.6342972428802,35.829565806219264,LPLC4
588,20.676940406331695,35.92163549770196,LPLC4
589,20.66907015298753,35.89638695695277,LPLC4
590,20.663747396763526,35.88082772427607,LPLC4
591,20.622227907728792,35.79267897843458,LPLC4
592,20.755758766850768,36.059739053444076,LPLC4
593,20.77144397143372,36.08011552062322,LPLC4
594,20.70373645820699,35.946896471674954,LPLC4
595,20.777824569567855,36.08754455050417,LPLC4
596,20.769386656760958,36.07371149151806,LPLC4
597,20.786452462902282,36.090551224914094,LPLC4
598,20.820133070314995,36.15943682358329,LPLC4
599,20.794565734211332,36.10760271660205,LPLC4
600,20.778751321861392,36.065578947222114,LPLC4
601,20.841050837274352,36.186853912839965,LPLC4
602,20.834650826807547,36.169124794265976,LPLC4
603,20.874319910300997,36.250637122052225,LPLC4
604,20.859754906037836,36.21588979641891,LPLC4
605,20.821362123352422,36.135447300450075,LPLC4
606,20.968074567352062,36.424957944246835,LPLC4
607,20.865144815714046,36.21543755173715,LPLC4
608,20.92221543393586,36.323993857513365,LPLC4
609,20.99701530425927,36.470276301803054,LPLC4
610,20.836934260035235,36.143845362871595,LPLC4
611,20.94145153493681,36.34787401774895,LPLC4
612,20.883573777391966,36.235246622876154,LPLC4
613,20.97605305845461,36.405571736308545,LPLC4
614,20.889202054249616,36.23174310282932,LPLC4
615,20.97738910133627,36.40868232912527,LPLC4
616,20.99532785574973,36.43261291886707,LPLC4
617,21.003796964766238,36.443832152881235,LPLC4
618,20.936837142524908,36.31282604994438,LPLC4
619,20.97526088492819,36.386403393038364,LPLC4
620,21.038967161597448,36.50270966540674,LPLC4
621,21.124103423860674,36.67732812698512,LPLC4
622,21.10497463076824,36.63135659786508,LPLC4
623,20.977269818308947,36.36815654223879,LPLC4
624,21.065059761391467,36.540368142059506,LPLC4
625,21.06648766539888,36.541026890539946,LPLC4
626,21.08908297346799,36.58230711213606,LPLC4
627,21.109405701232866,36.61813012427336,LPLC4
628,21.088166226193508,36.57805287865213,LPLC4
629,21.192047928122,36.775637771311395,LPLC4
630,21.194073377631632,36.77821271773986,LPLC4
631,21.107776747845897,36.601097218076156,LPLC4
632,21.05611403196984,36.488448378870515,LPLC4
633,21.15514771666546,36.685484724094366,LPLC4
634,21.189377711560617,36.74744081072066,LPLC4
635,21.201111506178137,36.770067240975266,LPLC4
636,21.208082857714516,36.775202173093945,LPLC4
637,21.15123258927204,36.655563275521004,LPLC4
638,21.334343627780257,37.02677325624994,LPLC4
639,21.195995331279626,36.743093984037856,LPLC4
640,21.243113231237288,36.83442148463582,LPLC4
641,21.279084209903132,36.89614738225414,LPLC4
642,21.205180315285702,36.748098524439484,LPLC4
643,21.296667040679154,36.92873664382791,LPLC4
644,21.27411558947182,36.88369947917072,LPLC4
645,21.2546042740087,36.83256521929738,LPLC4
646,21.302755602314,36.92907900650659,LPLC4
647,21.292328724546046,36.906113302246126,LPLC4
648,21.32867066404718,36.97681474609517,LPLC4
649,21.34627390899641,37.006771197154436,LPLC4
650,21.326889425381182,36.959597432238375,LPLC4
651,21.42030226292423,37.143797429558646,LPLC4
652,21.370644299140842,37.038591139397,LPLC4
653,21.422627057643524,37.13899986973253,LPLC4
654,21.43229916260499,37.159139090967216,LPLC4
655,21.346140050892913,36.97559553329982,LPLC4
656,21.398882788201647,37.080934780306535,LPLC4
657,21.45747825947913,37.19699084705463,LPLC4
658,21.396555049563354,37.07391186207786,LPLC4
659,21.38694409865613,37.04653556531359,LPLC4
660,21.4250008942873,37.118046620966524,LPLC4
661,21.372703593580148,37.00865935840922,LPLC4
662,21.405914735572793,37.07813933720049,LPLC4
663,21.460545917133487,37.17867970627502,LPLC4
664,21.493674690687158,37.24135919861428,LPLC4
665,21.44821524409764,37.14606178713675,LPLC4
666,21.50305988248428,37.25097972145668,LPLC4
667,21.478050844832275,37.199872934837124,LPLC4
668,21.487185083547864,37.21284069933823,LPLC4
669,21.500465060570342,37.24088220663562,LPLC4
670,21.534084191099346,37.3000310733664,LPLC4
671,21.663042417240753,37.55846067539553,LPLC4
672,21.550906600733505,37.323011807554124,LPLC4
673,21.56895740787637,37.36091465790451,LPLC4
674,21.58892081473909,37.3910256326437,LPLC4
675,21.56777634816946,37.35218945857188,LPLC4
676,21.68858361829284,37.587652121677294,LPLC4
677,21.578438733792048,37.35738519951612,LPLC4
678,21.612630920842136,37.420521611517046,LPLC4
679,21.702525015409492,37.607542756539004,LPLC4
680,21.69503232858827,37.57967158560219,LPLC4
681,21.640024965069088,37.468451663700286,LPLC4
682,21.641564730354567,37.46522543886566,LPLC4
683,21.641109294446927,37.46106099729707,LPLC4
684,21.70043765685442,37.578644609573885,LPLC4
685,21.62074149677536,37.41686241352399,LPLC4
686,21.697685462171044,37.5719588415936,LPLC4
687,21.751756763527887,37.66563498962098,LPLC4
688,21.69204001255322,37.55345271611438,LPLC4
689,21.803645161265408,37.765063477435895,LPLC4
690,21.758965031364696,37.66954366409458,LPLC4
691,21.727425716200358,37.60344828932644,LPLC4
692,21.746474859206266,37.64306503444065,LPLC4
693,21.7859268909221,37.72166690563035,LPLC4
694,21.796436259023118,37.73335072908649,LPLC4
695,21.734644561729837,37.60102362976949,LPLC4
696,21.85955416095497,37.85141068872812,LPLC4
697,21.763753481379197,37.660465641772966,LPLC4
698,21.850873764367392,37.82226919922337,LPLC4
699,21.761922673953364,37.64201972198091,LPLC4
700,21.7980945116611,37.71220254767386,LPLC4
701,21.88395886284713,37.88133165287997,LPLC4
702,21.754606530654364,37.616978308334005,LPLC4
703,21.88113736941336,37.86622580602629,LPLC4
704,21.844895742975062,37.79271590610356,LPLC4
705,21.8406653426183,37.785557699451324,LPLC4
706,21.85336804464268,37.805794474582235,LPLC4
707,21.90996005606482,37.91478454080751,LPLC4
708,21.84733395676765,37.78185255343252,LPLC4
709,21.908842326426416,37.899740748227615,LPLC4
710,21.899740512156356,37.876804785673436,LPLC4
711,21.945798232555497,37.9678167027536,LPLC4
712,21.94352748432143,37.961487031515226,LPLC4
713,21.986453257660436,38.04105489262169,LPLC4
714,21.995751324829968,38.061238409016454,LPLC4
715,22.005294872181366,38.07325678058213,LPLC4
716,21.963708569486087,37.98442059419735,LPLC4
717,21.989714909500968,38.04058122936952,LPLC4
718,22.026582873781166,38.10574113109961,LPLC4
719,21.877693628534217,37.79843440212684,LPLC4
720,21.95400670053585,37.95062592732898,LPLC4
721,22.11462350645307,38.27505397595947,LPLC4
722,22.147364272430508,38.33463370755598,LPLC4
723,21.977727399041676,37.98741207863683,LPLC4
724,22.009332445936437,38.04706550213737,LPLC4
725,22.053886415792782,38.13564922139781,LPLC4
726,22.00436943427289,38.025998411435715,LPLC4
727,22.071493992183896,38.15844036911976,LPLC4
728,22.035958907109993,38.08357970064247,LPLC4
729,22.089320445196954,38.19266615487799,LPLC4
730,22.10392415342705,38.222080869506236,LPLC4
731,22.13187260898728,38.27072648338326,LPLC4
732,22.0511072324554,38.098224738198276,LPLC4
733,22.19452979958654,38.3837295522172,LPLC4
734,22.11127346152025,38.2184803301475,LPLC4
735,22.16256810362527,38.314267991730205,LPLC4
736,22.127427160663736,38.24087468449715,LPLC4
737,22.195342700544103,38.37909212230146,LPLC4
738,22.127675129076216,38.228571400749146,LPLC4
739,22.15543068547852,38.28931360904893,LPLC4
740,22.125124989073726,38.222286678653234,LPLC4
741,22.290472441015204,38.550190000273574,LPLC4
742,22.118676976791512,38.19463190165996,LPLC4
743,22.15174171900845,38.263342855000225,LPLC4
744,22.26946272432064,38.49996393365445,LPLC4
745,22.18939649385272,38.324033612284076,LPLC4
746,22.162034753684466,38.271884621002215,LPLC4
747,22.19150522385258,38.322874909596806,LPLC4
748,22.3026628241729,38.54951402807713,LPLC4
749,22.30034529325416,38.539779684416565,LPLC4
750,22.295888267225855,38.52815934355437,LPLC4
751,22.22880808873991,38.38642721324834,LPLC4
752,22.287858426333784,38.506285013141245,LPLC4
753,22.339779203502452,38.60556474561389,LPLC4
754,22.28428924484308,38.487761722725956,LPLC4
755,22.30075071269382,38.5156236429135,LPLC4
756,22.20931194173179,38.327537062416084,LPLC4
757,22.342360208621848,38.59914311855171,LPLC4
758,22.211410869043455,38.33035790185758,LPLC4
759,22.381561843781377,38.671044921106606,LPLC4
760,22.339816142546418,38.575241049496206,LPLC4
761,22.308074464113716,38.50754022617531,LPLC4
762,22.413360863985112,38.718661551104795,LPLC4
763,22.307200295784376,38.506864016273546,LPLC4
764,22.371817245875135,38.625925085976235,LPLC4
765,22.329211382807962,38.54183542727807,LPLC4
766,22.36609129800592,38.61049805410622,LPLC4
767,22.349663995793648,38.57551961203837,LPLC4
768,22.435265165218524,38.739892687374095,LPLC4
769,22.372359968674587,38.612093499423075,LPLC4
770,22.45110705569305,38.76945335364045,LPLC4
771,22.40457783759407,38.67666213535999,LPLC4
772,22.416201923453492,38.69362851069727,LPLC4
773,22.51378727167282,38.88553746306879,LPLC4
774,22.508056262714362,38.87123341695213,LPLC4
775,22.470126775231464,38.792030824468526,LPLC4
776,22.51578161877557,38.87975124858259,LPLC4
777,22.467854319389964,38.780526481031906,LPLC4
778,22.412795674637394,38.665184744089956,LPLC4
779,22.418627618251726,38.67475282096708,LPLC4
780,22.432492846261262,38.69764298907923,LPLC4
781,22.47723101511165,38.78530552847051,LPLC4
782,22.51763130864213,38.858897237542635,LPLC4
783,22.482747573560914,38.7904003504221,LPLC4
784,22.56810173961022,38.95306922139086,LPLC4
785,22.524227947511775,38.85840102122455,LPLC4
786,22.52051899032243,38.85299391043738,LPLC4
787,22.59040565610581,38.99431149833668,LPLC4
788,22.504007422994363,38.80910307396518,LPLC4
789,22.542910034619972,38.890652206537645,LPLC4
790,22.57634655027274,38.95467139209866,LPLC4
791,22.54398427295135,38.88249102755319,LPLC4
792,22.5859597814028,38.96574903097075,LPLC4
793,22.58262237903564,38.95348582884958,LPLC4
794,22.621613317227286,39.02731026221333,LPLC4
795,22.59053554325053,38.961774008848664,LPLC4
796,22.595247667815606,38.963098364123006,LPLC4
797,22.6069997583864,38.990733457839845,LPLC4
798,22.695015523444766,39.162896928184345,LPLC4
799,22.617244120402873,39.0014616451848,LPLC4
800,22.615979185748827,38.98872940286633,LPLC4
801,22.623702343009477,39.00897023788165,LPLC4
802,22.65938994915232,39.071563488976594,LPLC4
803,22.66979681050669,39.094297380879354,LPLC4
804,22.628975194297098,39.00168431512649,LPLC4
805,22.684475525661462,39.11740834512635,LPLC4
806,22.742102665537438,39.230657715330395,LPLC4
807,22.673874565497457,39.08578293593864,LPLC4
808,22.654693021601368,39.040005146267525,LPLC4
809,22.70747371063596,39.14760716799085,LPLC4
810,22.72311769111164,39.17442069640235,LPLC4
811,22.75388777050054,39.227678162000785,LPLC4
812,22.782902704825027,39.28732091640687,LPLC4
813,22.806693072176735,39.33171020113254,LPLC4
814,22.75378588867612,39.22311763564757,LPLC4
815,22.709358210384607,39.13012423959581,LPLC4
816,22.78583663416442,39.28123534213135,LPLC4
817,22.765057663128992,39.2357329150221,LPLC4
818,22.760766333310954,39.22957913060553,LPLC4
819,22.787896923290297,39.27482128763283,LPLC4
820,22.77241896608144,39.24131461893429,LPLC4
821,22.719611888684234,39.1294942814771,LPLC4
822,22.78654231820243,39.26010124171051,LPLC4
823,22.80673854178218,39.29979170694377,LPLC4
824,22.817032166586266,39.31582184287616,LPLC4
825,22.825065865253364,39.32576953905723,LPLC4
826,22.824691119142145,39.32195291450878,LPLC4
827,22.831226322999328,39.336392831367675,LPLC4
828,22.85263338140315,39.3727726672985,LPLC4
829,22.792612347942452,39.25191680697141,LPLC4
830,22.832460237325172,39.32333097742384,LPLC4
831,22.877641378423924,39.41484914521653,LPLC4
832,22.919692291859526,39.49230132871444,LPLC4
833,22.877295702083302,39.40548860085796,LPLC4
834,22.867290393196186,39.392532284945005,LPLC4
835,22.824024336349126,39.29862667006459,LPLC4
836,22.938169720319188,39.52178708188049,LPLC4
837,22.970067193238307,39.58227356510499,LPLC4
838,22.914017648940344,39.46841350584567,LPLC4
839,22.886406595848882,39.408622935700905,LPLC4
840,22.937290729513457,39.50254974459357,LPLC4
841,22.97241917087939,39.57088391793289,LPLC4
842,22.896419381734823,39.41680621084944,LPLC4
843,22.955685435838646,39.53605166698634,LPLC4
844,22.92365940848773,39.46583351771665,LPLC4
845,22.910776194953662,39.43904749903284,LPLC4
846,22.97241728517364,39.549898621799144,LPLC4
847,23.0195435772903,39.64836154282941,LPLC4
848,23.00365824529394,39.60618472312442,LPLC4
849,22.991550350649646,39.573785722258954,LPLC4
850,23.01635322674729,39.632342896217956,LPLC4
851,22.97923261088453,39.553160583660734,LPLC4
852,23.02698871165061,39.63805239978181,LPLC4
853,23.005254144447278,39.59768068416115,LPLC4
854,23.053474331191914,39.689648929037325,LPLC4
855,23.001732664046592,39.5874638116291,LPLC4
856,23.061832293514698,39.70455600079042,LPLC4
857,23.099125199947096,39.77409674846681,LPLC4
858,23.0753056516089,39.71879991742399,LPLC4
859,23.069617240647176,39.70912701850638,LPLC4
860,23.10529053096542,39.780076883531315,LPLC4
861,23.087470490290357,39.73562095466837,LPLC4
862,23.07328113675576,39.70885490627371,LPLC4
863,23.096051475873864,39.74880457865694,LPLC4
864,23.11942162281889,39.79318250793157,LPLC4
865,23.12269397044728,39.79500098797017,LPLC4
866,23.096562796507953,39.740137407713746,LPLC4
867,23.1292261137514,39.80367820198506,LPLC4
868,23.13723839991261,39.81578834336739,LPLC4
869,23.16694818814728,39.87133359623647,LPLC4
870,23.14192248037881,39.81514367696049,LPLC4
871,23.162956559289846,39.85883571810068,LPLC4
872,23.16319712236504,39.857722864852576,LPLC4
873,23.16509402634572,39.853857176242734,LPLC4
874,23.147691035428046,39.812137704549194,LPLC4
875,23.12628774255618,39.76891790788169,LPLC4
876,23.17556951864659,39.866369908136804,LPLC4
877,23.15438147745413,39.81998501980444,LPLC4
878,23.23400098209627,39.97522802553486,LPLC4
879,23.23765518657283,39.982361163018304,LPLC4
880,23.1878726834629,39.879182337310354,LPLC4
881,23.226022482149283,39.9520858092238,LPLC4
882,23.20652273070383,39.914353237196934,LPLC4
883,23.20933151156231,39.90689800229843,LPLC4
884,23.201970446239123,39.893042415537565,LPLC4
885,23.245920159237137,39.97793069256402,LPLC4
886,23.24787183406415,39.982269591360314,LPLC4
887,23.285311423159598,40.05165968093382,LPLC4
888,23.198233235224684,39.869735578903736,LPLC4
889,23.271810037406972,40.01320619172771,LPLC4
890,23.24061857036409,39.94979791100806,LPLC4
891,23.331356990751488,40.1295013248112,LPLC4
892,23.254789562354368,39.97027684148222,LPLC4
893,23.29484458173222,40.04529366072799,LPLC4
894,23.233071237190686,39.917548312585325,LPLC4
895,23.27146265278919,39.993475156509376,LPLC4
896,23.3181435983481,40.085568482992784,LPLC4
897,23.29682904995787,40.046518519034514,LPLC4
898,23.29237039995828,40.03410482191422,LPLC4
899,23.321490541140037,40.08838132289375,LPLC4
900,23.331716310452542,40.101771330402556,LPLC4
901,23.268537222732718,39.97519183853317,LPLC4
902,23.313170330349436,40.06138207446815,LPLC4
903,23.407575480730152,40.246783438999124,LPLC4
904,23.32527145529447,40.07811773058467,LPLC4
905,23.296523044498727,40.012814532596664,LPLC4
906,23.416832179061146,40.2604794639656,LPLC4
907,23.328883006084958,40.07397172996809,LPLC4
908,23.356552414478138,40.12688994145917,LPLC4
909,23.44436754060257,40.29617841650723,LPLC4
910,23.39146674757997,40.191838616446624,LPLC4
911,23.395991420465386,40.19949159347038,LPLC4
912,23.409675431501462,40.22440471261823,LPLC4
913,23.383288533942483,40.16569157639442,LPLC4
914,23.43206943473558,40.258236314602044,LPLC4
915,23.399712504862407,40.19085167481905,LPLC4
916,23.47746489412907,40.35103358097253,LPLC4
917,23.465234497687135,40.31566301590042,LPLC4
918,23.436766782228098,40.259122710205496,LPLC4
919,23.482812265444593,40.35006073457955,LPLC4
920,23.43903110933178,40.26080721501081,LPLC4
921,23.443877961301517,40.26150164663403,LPLC4
922,23.425667551893817,40.22403439231539,LPLC4
923,23.474881465865487,40.32346741745348,LPLC4
924,23.468256285093048,40.29838064834883,LPLC4
925,23.491671908958047,40.34662027094577,LPLC4
926,23.48823823346453,40.335129309110776,LPLC4
927,23.50866959261861,40.37441747853311,LPLC4
928,23.474316963862606,40.304118669594644,LPLC4
929,23.52082020240524,40.39492849985088,LPLC4
930,23.52472003625332,40.39575665262117,LPLC4
931,23.427227180573873,40.193907264677755,LPLC4
932,23.51651905809217,40.37663184973406,LPLC4
933,23.57761727114977,40.49744927035238,LPLC4
934,23.534870728349908,40.40843096162202,LPLC4
935,23.594353413745303,40.5220221285403,LPLC4
936,23.5755850973341,40.48107498342534,LPLC4
937,23.523656655601187,40.37597313563634,LPLC4
938,23.54209423451106,40.407296100110834,LPLC4
939,23.540546300380207,40.40254563895909,LPLC4
940,23.5411368717658,40.39676124950841,LPLC4
941,23.593231737953367,40.50239163240078,LPLC4
942,23.59122205189196,40.49321950202756,LPLC4
943,23.57932160635398,40.469818131166555,LPLC4
944,23.608952445323396,40.52010957557712,LPLC4
945,23.609685090734082,40.52396825285579,LPLC4
946,23.573225240984883,40.44506221410336,LPLC4
947,23.63988904279246,40.57911218905557,LPLC4
948,23.616884908099287,40.52951064220487,LPLC4
949,23.656412177385114,40.60437544921064,LPLC4
950,23.668551034092467,40.627282717966615,LPLC4
951,23.64589802835362,40.57821522708855,LPLC4
952,23.65015967262724,40.58118519815623,LPLC4
953,23.603320331193338,40.4863558250822,LPLC4
954,23.611531442781704,40.50320352208968,LPLC4
955,23.656348237380335,40.584103079175456,LPLC4
956,23.67597671575087,40.62047415020999,LPLC4
957,23.666152157818956,40.603484119659306,LPLC4
958,23.676976303089482,40.61898624568021,LPLC4
959,23.6823502582172,40.62239562694182,LPLC4
960,23.69835061758028,40.65708827673331,LPLC4
961,23.690729926630652,40.640429290196046,LPLC4
962,23.714965081364937,40.68253863911883,LPLC4
963,23.72866008926463,40.707031323607744,LPLC4
964,23.72145326116486,40.68277640378815,LPLC4
965,23.684328554536563,40.6139436160665,LPLC4
966,23.734304721689696,40.71169340900797,LPLC4
967,23.714723919186092,40.66630668672999,LPLC4
968,23.741663441899796,40.71423931868435,LPLC4
969,23.731135088463354,40.69350891370895,LPLC4
970,23.756397605568687,40.74129793878637,LPLC4
971,23.763967890760817,40.75091255983383,LPLC4
972,23.764967975169526,40.75538709547817,LPLC4
973,23.73772503229697,40.69549405918771,LPLC4
974,23.767941751689484,40.75359689402189,LPLC4
975,23.761163275865727,40.73474943526904,LPLC4
976,23.800859607979277,40.814071924997755,LPLC4
977,23.756068947153544,40.72157443460266,LPLC4
978,23.785012171818465,40.779493330911755,LPLC4
979,23.785978591469387,40.776684641057045,LPLC4
980,23.819532115815754,40.83617396391823,LPLC4
981,23.755685284815968,40.70862476893228,LPLC4
982,23.825183194260433,40.846089647847265,LPLC4
983,23.80912229448657,40.80836074373386,LPLC4
984,23.82724112122809,40.842295356670725,LPLC4
985,23.84166190488157,40.86696792253313,LPLC4
986,23.84830564929986,40.878703188454246,LPLC4
987,23.85997385075882,40.89800763112906,LPLC4
988,23.813420213702592,40.79714609422457,LPLC4
989,23.88322707196015,40.93817320201699,LPLC4
990,23.84475320478711,40.85719113285726,LPLC4
991,23.82899650585982,40.82612185278397,LPLC4
992,23.899790398772794,40.96576849471417,LPLC4
993,23.86418119826051,40.888394320627384,LPLC4
994,23.849834812538937,40.85981059436197,LPLC4
995,23.89458106144118,40.946633215934746,LPLC4
996,23.9198760837021,40.9917665643049,LPLC4
997,23.893025988492262,40.938429098548035,LPLC4
998,23.92284680486675,40.99104975102782,LPLC4
999,23.897959027340832,40.94171072616747,LPLC4
1000,23.907362181520526,40.958380808112636,LPLC4
1001,23.91705360316424,40.97106038094719,LPLC4
1002,23.887452948184098,40.910777437241165,LPLC4
1003,23.93261012322612,40.998365672641434,LPLC4
1004,23.935583829165118,41.00380174825724,LPLC4
1005,23.917061065806884,40.96359046051159,LPLC4
1006,23.957932321516367,41.04057332709834,LPLC4
1007,23.9618339179206,41.04541423852321,LPLC4
1008,23.949363805192796,41.01839061829292,LPLC4
1009,23.962570381176945,41.042675281103854,LPLC4
1010,23.99146347495204,41.09767054300641,LPLC4
1011,23.962384718065167,41.03428504666553,LPLC4
1012,24.002730617540358,41.1117330724045,LPLC4
1013,23.99224662088423,41.09135321248517,LPLC4
1014,23.98429522513443,41.07243857096398,LPLC4
1015,23.956478720130136,41.01276674523561,LPLC4
1016,24.01146313260412,41.12067606348754,LPLC4
1017,24.019196438347528,41.13277398156259,LPLC4
1018,24.002380093858456,41.09757284276138,LPLC4
1019,24.0005094163025,41.091108085767324,LPLC4
1020,24.004936417769315,41.09568148505743,LPLC4
1021,24.025575512596966,41.13241556640184,LPLC4
1022,24.046886605021662,41.176915429248396,LPLC4
1023,24.050342074533887,41.18110427103856,LPLC4
1024,24.056082098728652,41.185700892647,LPLC4
1025,24.055865659085455,41.18372366580605,LPLC4
1026,24.058295809801407,41.18598136184459,LPLC4
1027,24.05070725175689,41.16619040288068,LPLC4
1028,24.07185459083889,41.20694308619337,LPLC4
1029,24.082696309531926,41.22607347549296,LPLC4
1030,24.073301700495122,41.202997182882726,LPLC4
1031,24.104986999997692,41.266238356941635,LPLC4
1032,24.087077421661554,41.2288894862598,LPLC4
1033,24.07351860953512,41.1926483425695,LPLC4
1034,24.078350274355152,41.20161178870781,LPLC4
1035,24.079572232658208,41.199417116622236,LPLC4
1036,24.141912026832124,41.32532806627066,LPLC4
1037,24.12234574096106,41.282928820687516,LPLC4
1038,24.094669598897212,41.22365924204066,LPLC4
1039,24.114282529021708,41.26034564868971,LPLC4
1040,24.127508639801732,41.2866222534565,LPLC4
1041,24.135067514230364,41.29558898924912,LPLC4
1042,24.115131998238148,41.25615508892374,LPLC4
1043,24.130482152625326,41.28426073881378,LPLC4
1044,24.14934908632705,41.31692597017131,LPLC4
1045,24.15232307317678,41.320359703439664,LPLC4
1046,24.173127722460478,41.36087519562733,LPLC4
1047,24.15517630303391,41.31777214890247,LPLC4
1048,24.19178206330671,41.39019900163285,LPLC4
1049,24.188160388387416,41.3799533125272,LPLC4
1050,24.16387528906145,41.32828528591674,LPLC4
1051,24.161857389790782,41.322732996255624,LPLC4
1052,24.177644733133313,41.35316460604684,LPLC4
1053,24.21092498101511,41.41590684922988,LPLC4
1054,24.201225568485967,41.39189467998191,LPLC4
1055,24.207689187380048,41.403513963682535,LPLC4
1056,24.201110594815077,41.38787023758709,LPLC4
1057,24.19699050070391,41.37695452140678,LPLC4
1058,24.21892826128113,41.41734029310439,LPLC4
1059,24.21434784093313,41.40586742910365,LPLC4
1060,24.246364857225295,41.46827917477863,LPLC4
1061,24.242163693769086,41.45646897370412,LPLC4
1062,24.244379242310664,41.45883668674175,LPLC4
1063,24.234242113946536,41.435515599473874,LPLC4
1064,24.24905379269058,41.461323806762856,LPLC4
1065,24.248882946475,41.45605649610143,LPLC4
1066,24.26519086437935,41.48802621920183,LPLC4
1067,24.242646398672804,41.44112949545075,LPLC4
1068,24.27030395200802,41.49245621421758,LPLC4
1069,24.26228150778482,41.475474257927935,LPLC4
1070,24.272535131716616,41.493035210355785,LPLC4
1071,24.27919897484707,41.504148385538954,LPLC4
1072,24.29392351607892,41.52962110984301,LPLC4
1073,24.28149492820406,41.50308942452402,LPLC4
1074,24.280474201451838,41.49727345632712,LPLC4
1075,24.28790412057331,41.509782464926715,LPLC4
1076,24.311039661008607,41.5539446507085,LPLC4
1077,24.30703490187753,41.54014815664024,LPLC4
1078,24.30654729604675,41.53997925336205,LPLC4
1079,24.313305553278113,41.55025241417654,LPLC4
1080,24.330716511485008,41.58270995770448,LPLC4
1081,24.323337967422198,41.56100679615609,LPLC4
1082,24.34053761654343,41.59748291241204,LPLC4
1083,24.34980901680086,41.61187918528363,LPLC4
1084,24.337353792630097,41.58326021684484,LPLC4
1085,24.334563053577206,41.57500466633511,LPLC4
1086,24.35635163236389,41.616755766326825,LPLC4
1087,24.352006630540465,41.60513134096869,LPLC4
1088,24.366986539245488,41.631634628494865,LPLC4
1089,24.35703358123041,41.609656513203404,LPLC4
1090,24.377559002956048,41.648941988202466,LPLC4
1091,24.363627471164207,41.61728891461937,LPLC4
1092,24.38376122898218,41.6541651265473,LPLC4
1093,24.3886391729338,41.6631972817416,LPLC4
1094,24.396835432619177,41.67604363031592,LPLC4
1095,24.388530764126642,41.65520906407202,LPLC4
1096,24.399280855410424,41.67521053710044,LPLC4
1097,24.400708292896688,41.67600553744519,LPLC4
1098,24.404414660319553,41.680334397573915,LPLC4
1099,24.407833132560462,41.68487861129722,LPLC4
1100,24.42197070147482,41.70990027887825,LPLC4
1101,24.4247601491306,41.712980287902006,LPLC4
1102,24.42791248553423,41.71669411392921,LPLC4
1103,24.43144252646065,41.7209224872815,LPLC4
