pre,pre_x,pre_y,pre_z,post_x,post_y,post_z,type,VPN_color,mappedSection,mappedSegRangeVar
720575940620903551,408.272,244.16,151.8,408.256,244.032,151.6,LC4,blue,dend[1376],0.8667884896043669
720575940612518055,406.672,244.032,158.56,406.848,244.144,158.56,LC4,blue,dend[1327],0.30933575637776217
720575940612518055,406.752,243.76,157.64,406.896,243.648,157.52,LC4,blue,dend[1323],0.989030195028073
720575940633580384,408.224,244.448,154.6,408.16,244.256,154.56,LC4,blue,dend[1336],0.7559465016261968
720575940633580384,407.744,244.512,154.96,407.744,244.32,154.84,LC4,blue,dend[1336],0.8669545971354902
720575940605598892,409.424,240.72,156.64,409.6,240.768,156.68,LC4,blue,dend[1334],0.7966243837124243
720575940605598892,408.064,240.864,157.36,407.936,240.704,157.32,LC4,blue,dend[1280],0.772028303609161
720575940605598892,409.328,240.864,156.56,409.456,241.008,156.52,LC4,blue,dend[1334],0.6307231766448439
720575940614914107,407.616,244.432,157.8,407.632,244.272,157.84,LC4,blue,dend[1326],0.629066054239696
720575940611134833,407.36,244.368,158.08,407.344,244.288,157.96,LC4,blue,dend[1326],0.1958741282676601
720575940611134833,409.344,243.168,154.36,409.376,242.944,154.44,LC4,blue,dend[1276],0.6831200992910272
720575940611134833,409.456,242.608,155.28,409.264,242.464,155.28,LC4,blue,dend[1277],0.6629712045351828
720575940629753807,407.44,244.0,154.4,407.52,244.176,154.36,LC4,blue,dend[1336],0.9233250357336404
720575940618312606,406.096,243.712,157.76,406.064,243.584,157.6,LC4,blue,dend[1324],0.7743232788865981
720575940618312606,408.384,243.52,154.48,408.544,243.632,154.52,LC4,blue,dend[1336],0.49099519577112544
720575940618312606,406.624,243.68,157.28,406.528,243.552,157.4,LC4,blue,dend[1324],0.3878434045808715
720575940640612480,408.816,243.936,154.72,408.64,243.808,154.6,LC4,blue,dend[1336],0.5052900603708399
720575940625991043,408.624,242.272,154.88,408.736,242.368,155.04,LC4,blue,dend[1277],0.4984473271307889
720575940630484495,409.328,242.656,155.92,409.28,242.72,155.8,LC4,blue,dend[1335],0.752591703704013
720575940630484495,408.672,242.32,156.64,408.496,242.272,156.48,LC4,blue,dend[1279],0.8822591465492708
720575940630484495,408.32,242.96,157.12,408.16,243.088,157.04,LC4,blue,dend[1322],0.8867039391051073
720575940628081541,408.08,240.112,157.36,408.0,240.112,157.2,LC4,blue,dend[1280],0.9796305719909048
720575940628081541,407.408,240.352,157.64,407.392,240.224,157.56,LC4,blue,dend[1281],0.1135936343975392
720575940630851036,408.88,241.536,155.84,408.736,241.712,155.84,LC4,blue,dend[1278],0.6572309914440896
720575940630851036,408.976,241.632,155.2,409.008,241.872,155.24,LC4,blue,dend[1278],0.12362082633160225
720575940630851036,408.816,241.248,156.68,408.768,241.424,156.6,LC4,blue,dend[1280],0.09481855320473022
720575940630851036,407.648,240.832,158.6,407.52,240.992,158.6,LC4,blue,dend[1319],0.4922757193029233
720575940615127227,406.112,242.16,158.4,406.096,241.952,158.4,LC4,blue,dend[1318],0.8765883668639214
720575940615127227,406.176,242.24,158.68,406.192,242.08,158.72,LC4,blue,dend[1318],0.96086095372117
720575940618676440,408.576,238.704,157.32,408.336,238.688,157.36,LC4,blue,dend[1282],0.09532994364959427
720575940628462340,406.832,241.248,157.72,406.88,241.312,157.88,LC4,blue,dend[1318],0.44273132588069336
720575940634517856,407.92,243.744,156.24,407.808,243.584,156.32,LC4,blue,dend[1332],0.9008798044474292
720575940615462587,405.776,243.776,157.36,406.0,243.68,157.4,LC4,blue,dend[1324],0.8108448826756168
720575940628462340,407.136,241.04,157.48,407.28,241.024,157.6,LC4,blue,dend[1280],0.8516642053733454
720575940628462340,408.128,240.032,156.88,407.936,239.92,157.04,LC4,blue,dend[1281],0.22779899127873096
720575940634517856,408.912,243.008,154.8,409.088,242.912,154.8,LC4,blue,dend[1276],1.0
720575940615462587,408.704,237.888,157.92,408.752,237.696,157.8,LC4,blue,dend[1305],0.61438527017117
720575940628462340,405.776,241.872,158.32,405.968,241.92,158.36,LC4,blue,dend[1318],0.885097917211355
720575940615462587,405.648,243.52,157.64,405.792,243.456,157.64,LC4,blue,dend[1324],1.0
720575940628462340,407.536,240.4,157.16,407.68,240.272,157.24,LC4,blue,dend[1280],0.9915984042242155
720575940628462340,409.584,240.368,156.84,409.728,240.544,156.8,LC4,blue,dend[1334],0.9442040805739434
720575940624017251,406.8,241.552,158.12,406.672,241.44,158.04,LC4,blue,dend[1318],0.5521082000563149
720575940624017251,408.16,242.384,155.36,408.336,242.192,155.44,LC4,blue,dend[1278],0.40896757494146563
720575940620903551,407.44,244.608,154.6,407.536,244.4,154.56,LC4,blue,dend[1336],0.9637574354651041
720575940612518055,406.816,243.952,160.12,407.024,243.888,160.08,LC4,blue,dend[1331],0.9561395281778794
720575940612518055,409.52,235.2,159.68,409.616,235.328,159.56,LC4,blue,dend[1310],0.9123852624975133
720575940612518055,406.752,244.016,159.6,406.928,244.16,159.64,LC4,blue,dend[1327],0.9060243561735264
720575940624111763,406.56,239.488,158.88,406.592,239.248,158.92,LC4,blue,dend[1285],0.5667422576609691
720575940626626895,406.8,241.648,160.36,406.912,241.568,160.8,LC4,blue,dend[1320],0.879390660827765
720575940626626895,406.864,241.328,160.04,407.056,241.312,160.08,LC4,blue,dend[1320],0.3314095784311123
720575940638496720,407.008,245.584,159.68,407.056,245.376,159.64,LC4,blue,dend[1329],0.916457918683199
720575940638496720,406.96,244.848,160.8,407.04,244.72,160.72,LC4,blue,dend[1330],0.8523837713138871
720575940616713355,406.96,245.344,159.48,407.056,245.344,159.64,LC4,blue,dend[1329],0.887401240913919
720575940618002644,407.28,241.04,159.64,407.056,241.088,159.64,LC4,blue,dend[1319],0.9515554990143664
720575940617266722,406.8,244.48,159.08,406.832,244.304,159.16,LC4,blue,dend[1327],0.6490919704017516
720575940630851036,407.392,240.56,159.2,407.296,240.784,159.2,LC4,blue,dend[1319],0.720436426788956
720575940614572742,406.96,241.216,160.28,407.056,241.392,160.24,LC4,blue,dend[1320],0.4640550074386309
720575940618807105,407.28,241.024,159.08,407.264,240.848,159.08,LC4,blue,dend[1319],0.6860369682527255
720575940618723749,409.248,237.696,159.12,409.168,237.6,159.0,LC4,blue,dend[1317],0.7812821482144778
720575940638456227,406.32,240.976,159.88,406.448,241.088,159.88,LC4,blue,dend[1321],0.9185275668393715
720575940626605200,406.064,239.44,159.6,406.064,239.264,159.6,LC4,blue,dend[1285],0.8412305042336982
720575940626605200,405.872,239.408,159.76,405.92,239.216,159.76,LC4,blue,dend[1285],0.9038920740818334
720575940626605200,405.728,239.312,160.04,405.872,239.2,160.0,LC4,blue,dend[1285],0.9719972110340581
720575940624017251,406.944,240.832,159.36,407.152,240.848,159.36,LC4,blue,dend[1319],0.8051198275887362
720575940628699560,406.88,241.712,161.0,406.912,241.584,160.84,LC4,blue,dend[1320],0.912116751657293
720575940628699560,407.344,241.504,160.88,407.136,241.408,160.68,LC4,blue,dend[1320],0.827523805868007
720575940630484495,425.824,243.968,141.08,425.904,243.776,141.04,LC4,blue,dend[1105],0.9381861974047494
720575940628081541,425.344,241.696,141.16,425.328,241.888,141.24,LC4,blue,dend[1109],0.5361953915066298
720575940613260959,425.152,243.216,139.2,425.36,243.296,139.16,LC4,blue,dend[1113],0.10324016379684779
720575940613260959,424.864,243.968,138.48,424.864,244.144,138.6,LC4,blue,dend[1116],0.050042956569251916
720575940613260959,423.888,242.992,139.24,423.696,243.024,139.28,LC4,blue,dend[1115],0.8507857617962896
720575940613260959,424.32,241.76,141.72,424.448,241.856,141.76,LC4,blue,dend[1109],0.9561955434368213
720575940628462340,425.664,243.04,138.4,425.472,243.104,138.32,LC4,blue,dend[1113],0.5712295377335546
720575940615575007,425.424,242.928,147.96,425.504,242.912,148.12,LC4,blue,dend[1201],0.8680182664935058
720575940615575007,424.752,242.528,147.6,424.88,242.336,147.48,LC4,blue,dend[1202],0.8164184680994794
720575940605598892,425.664,242.88,145.36,425.744,242.64,145.32,LC4,blue,dend[1186],0.3390223610719915
720575940605598892,425.584,243.28,144.84,425.568,243.504,144.88,LC4,blue,dend[1185],0.4947868527912691
720575940614914107,419.12,242.496,147.0,419.2,242.688,146.92,LC4,blue,dend[1251],0.4350178792945991
720575940614914107,425.472,239.68,147.68,425.584,239.68,147.8,LC4,blue,dend[1203],1.0
720575940614914107,424.576,238.816,147.84,424.768,238.832,147.92,LC4,blue,dend[1206],0.76224648620055
720575940632769180,415.024,239.296,146.96,414.784,239.296,147.04,LC4,blue,dend[1413],0.30495820544784197
720575940631338271,424.608,243.76,144.76,424.8,243.744,144.84,LC4,blue,dend[1185],0.9451217315995543
720575940624111763,425.216,242.208,145.04,425.248,241.936,145.12,LC4,blue,dend[1186],0.8263314940348558
720575940624111763,425.44,242.528,145.24,425.632,242.464,145.28,LC4,blue,dend[1186],0.45581496226576707
720575940611134833,411.104,244.768,147.92,411.248,244.72,148.04,LC4,blue,dend[1398],0.9606359781567194
720575940611134833,411.424,244.608,147.64,411.52,244.512,147.8,LC4,blue,dend[1398],0.7146430936568514
720575940617176321,419.888,243.488,147.12,419.696,243.376,147.28,LC4,blue,dend[1250],0.5296234056300068
720575940649229433,425.936,239.52,147.88,425.968,239.68,147.84,LC4,blue,dend[1207],1.0
720575940649229433,425.472,239.376,148.04,425.296,239.424,148.12,LC4,blue,dend[1204],0.46156311643200054
720575940638496720,425.888,242.4,145.16,425.792,242.512,145.28,LC4,blue,dend[1186],0.3805622706273762
720575940638496720,425.424,241.936,145.08,425.28,241.968,145.12,LC4,blue,dend[1186],0.8017734133713854
720575940615053580,425.504,238.528,148.32,425.328,238.624,148.32,LC4,blue,dend[1205],0.24356833654675436
720575940626916936,419.696,243.184,147.44,419.776,243.232,147.36,LC4,blue,dend[1250],0.3204029554431351
720575940626916936,421.008,242.448,148.4,420.944,242.608,148.52,LC4,blue,dend[1249],0.35142519284057877
720575940626916936,419.84,242.928,147.16,419.92,242.88,147.28,LC4,blue,dend[1249],1.0
720575940626916936,418.992,242.896,146.72,419.024,242.688,146.72,LC4,blue,dend[1251],0.58433137022067
720575940626916936,419.184,242.544,146.48,419.088,242.704,146.56,LC4,blue,dend[1251],0.6324958275744492
720575940625991043,418.464,240.336,148.2,418.432,240.528,148.16,LC4,blue,dend[1417],0.9637519513814976
720575940625991043,422.624,234.896,148.44,422.784,234.784,148.48,LC4,blue,dend[1752],0.8928996602131585
720575940625991043,418.816,240.448,148.44,418.88,240.656,148.48,LC4,blue,dend[1419],0.9942973802238692
720575940630484495,425.824,243.808,144.8,425.824,243.632,144.96,LC4,blue,dend[1185],0.37106660382917606
720575940630484495,425.296,243.952,145.04,425.136,243.792,144.96,LC4,blue,dend[1185],0.7554756695034999
720575940617026260,420.832,242.912,148.08,420.704,242.768,148.12,LC4,blue,dend[1249],0.5465902614125929
720575940618002644,425.824,242.832,147.72,425.92,242.912,147.84,LC4,blue,dend[1201],0.5713549104134084
720575940628081541,425.344,236.304,144.2,425.36,236.384,144.08,LC4,blue,dend[1777],0.9137687831530991
720575940613256863,420.768,242.64,147.88,420.56,242.768,147.96,LC4,blue,dend[1249],0.633365098414024
720575940613256863,422.896,234.72,148.32,422.832,234.64,148.48,LC4,blue,dend[1752],0.8190537378223058
720575940613256863,414.464,239.792,145.84,414.352,239.824,145.72,LC4,blue,dend[1411],0.7876296337196426
720575940620795728,424.912,239.44,147.88,425.072,239.312,147.96,LC4,blue,dend[1204],0.6259524757930479
720575940620795728,425.184,239.76,147.96,425.376,239.728,148.04,LC4,blue,dend[1203],0.9711179880191813
720575940620795728,424.992,240.208,148.4,425.184,240.32,148.44,LC4,blue,dend[1203],0.7387145436674739
720575940622531767,425.04,241.744,144.88,425.12,241.744,145.0,LC4,blue,dend[1186],0.9627529599561064
720575940614572742,425.888,236.608,144.44,426.0,236.432,144.44,LC4,blue,dend[1777],0.7792048197412879
720575940614572742,415.168,238.352,146.2,414.96,238.464,146.28,LC4,blue,dend[1413],0.7611552362598321
720575940618723749,424.784,242.24,147.2,424.816,242.16,147.36,LC4,blue,dend[1202],0.922046418417075
720575940618723749,420.8,245.696,147.6,420.672,245.6,147.64,LC4,blue,dend[1238],0.9508401856015355
720575940638456227,425.936,239.904,147.72,425.792,239.744,147.8,LC4,blue,dend[1207],1.0
720575940618676440,420.512,245.424,147.6,420.624,245.6,147.6,LC4,blue,dend[1238],0.9679451184058186
720575940615462587,425.712,241.104,148.32,425.632,241.216,148.44,LC4,blue,dend[1203],0.43401842677969826
720575940615462587,425.328,240.784,148.16,425.408,240.592,148.28,LC4,blue,dend[1203],0.6591710918330891
720575940625038090,422.704,240.8,151.44,422.768,240.752,151.56,LC4,blue,dend[1228],0.4180571181695119
720575940625038090,414.912,230.784,149.52,414.864,231.024,149.44,LC4,blue,dend[1631],0.8013938736540698
720575940625038090,424.608,234.784,153.36,424.768,234.864,153.24,LC4,blue,dend[1725],0.1549058169488633
720575940625038090,412.096,231.2,149.2,412.256,231.312,149.16,LC4,blue,dend[1641],1.0
720575940625038090,422.976,240.816,151.2,423.008,240.672,151.28,LC4,blue,dend[1228],0.39712063748200077
720575940625038090,414.72,231.712,150.32,414.608,231.536,150.32,LC4,blue,dend[1632],0.4754256520596191
720575940625038090,425.072,233.44,152.76,425.168,233.6,152.72,LC4,blue,dend[1723],0.6129570036808283
720575940612518055,411.216,242.704,153.2,411.008,242.752,153.2,LC4,blue,dend[1274],0.25218209463720986
720575940622108001,425.792,232.368,151.08,425.536,232.336,151.12,LC4,blue,dend[1742],0.400203488865913
720575940622108001,416.24,241.936,152.8,416.32,241.92,152.96,LC4,blue,dend[1454],0.8164071916594424
720575940622108001,411.76,240.608,152.68,411.584,240.528,152.68,LC4,blue,dend[1345],0.7187409413047104
720575940633580384,416.864,242.96,152.92,417.024,242.816,152.84,LC4,blue,dend[1450],1.0
720575940615575007,425.584,242.08,148.68,425.568,242.208,148.68,LC4,blue,dend[1201],1.0
720575940633580384,416.928,243.248,152.92,417.104,243.168,152.88,LC4,blue,dend[1451],0.9543927934863924
720575940633580384,410.592,242.64,152.44,410.72,242.592,152.6,LC4,blue,dend[1273],0.6887427740608303
720575940622108001,417.216,242.0,152.2,417.424,242.048,152.24,LC4,blue,dend[1448],0.9602905632646859
720575940633580384,421.104,245.712,149.24,421.264,245.856,149.28,LC4,blue,dend[1236],0.3976278397206312
720575940622108001,419.504,240.48,149.8,419.712,240.48,149.84,LC4,blue,dend[1458],0.2685931353093536
720575940605598892,425.488,240.512,152.6,425.584,240.592,152.76,LC4,blue,dend[1214],0.7490457534285248
720575940605598892,425.728,241.632,148.68,425.744,241.472,148.56,LC4,blue,dend[1203],0.33700511758621277
720575940605598892,411.984,240.24,152.8,411.808,240.176,152.76,LC4,blue,dend[1345],0.8384430109692182
720575940605598892,421.2,243.84,151.84,421.312,243.664,151.76,LC4,blue,dend[1247],0.8650650632039183
720575940605598892,418.928,242.0,153.44,418.672,241.984,153.48,LC4,blue,dend[1425],0.2933194476666946
720575940605598892,413.632,238.016,151.36,413.536,238.048,151.2,LC4,blue,dend[1382],0.709694238032784
720575940614914107,419.824,241.2,149.6,419.92,241.184,149.48,LC4,blue,dend[1458],0.15324051492307603
720575940614914107,423.968,234.128,153.08,424.032,234.128,152.92,LC4,blue,dend[1724],0.5609094031643137
720575940614914107,417.68,241.68,152.4,417.536,241.776,152.28,LC4,blue,dend[1448],0.9292642637977054
720575940614914107,418.832,241.936,152.2,418.816,242.176,152.24,LC4,blue,dend[1422],0.4505498959697676
720575940614914107,416.48,242.128,153.56,416.48,242.432,153.68,LC4,blue,dend[1453],0.20869406715158179
720575940614914107,416.576,241.984,153.12,416.448,242.048,153.04,LC4,blue,dend[1454],0.5327726144826658
720575940632769180,415.088,231.984,151.88,415.216,232.0,151.76,LC4,blue,dend[1634],0.4437896915880802
720575940631338271,419.296,243.248,150.56,419.264,243.296,150.4,LC4,blue,dend[1455],0.22993379313516177
720575940631338271,411.952,241.936,151.44,411.872,242.048,151.32,LC4,blue,dend[1378],0.9102420075627974
720575940631338271,411.84,242.608,152.32,411.664,242.784,152.24,LC4,blue,dend[1272],1.0
720575940631338271,421.392,243.488,149.4,421.392,243.296,149.44,LC4,blue,dend[1246],0.8286656086767034
720575940631338271,421.648,243.728,151.76,421.504,243.6,151.8,LC4,blue,dend[1247],0.8826770730751695
720575940611134833,410.608,243.824,149.4,410.688,243.632,149.44,LC4,blue,dend[1394],0.9869509006791972
720575940624111763,421.872,243.216,150.92,421.76,243.44,151.0,LC4,blue,dend[1247],0.5731063038996432
720575940628064260,425.152,238.0,148.84,425.344,238.064,148.88,LC4,blue,dend[1205],0.7084552626953998
720575940626626895,425.68,232.816,152.52,425.744,233.008,152.6,LC4,blue,dend[1723],0.2692660586524961
720575940626626895,415.872,231.616,151.2,415.68,231.776,151.24,LC4,blue,dend[1635],0.8550885177921265
720575940626626895,423.408,243.904,149.32,423.456,243.808,149.16,LC4,blue,dend[1230],0.5162517555671406
720575940626626895,425.056,241.36,152.52,425.088,241.584,152.56,LC4,blue,dend[1213],0.6010442818888464
720575940617176321,410.624,244.88,152.4,410.608,244.72,152.48,LC4,blue,dend[1346],0.57804194047432
720575940617176321,415.216,231.744,151.76,415.184,231.968,151.72,LC4,blue,dend[1634],0.36289231885742557
720575940649229433,416.944,242.592,153.2,416.848,242.496,153.08,LC4,blue,dend[1452],0.5253617170232059
720575940649229433,418.224,242.0,153.56,418.4,242.032,153.64,LC4,blue,dend[1425],0.3686763545013859
720575940649229433,425.056,238.544,148.52,425.248,238.576,148.52,LC4,blue,dend[1205],0.31809975371901017
720575940629753807,423.904,242.16,149.52,423.904,242.368,149.48,LC4,blue,dend[1210],1.0
720575940629753807,410.752,244.464,152.6,410.656,244.48,152.44,LC4,blue,dend[1346],0.5070710589390475
720575940629753807,415.952,241.984,150.12,416.16,242.064,150.16,LC4,blue,dend[1415],0.8220455117210994
720575940629753807,421.28,242.8,152.08,421.328,243.04,152.08,LC4,blue,dend[1247],0.9824707869342668
720575940629753807,411.392,243.792,152.0,411.296,243.68,152.08,LC4,blue,dend[1346],0.20188156847317862
720575940629753807,420.768,236.752,151.8,420.752,236.56,151.76,LC4,blue,dend[1458],0.9923776859107041
720575940638496720,422.128,243.904,149.68,422.256,243.952,149.56,LC4,blue,dend[1230],1.0
720575940638496720,422.4,240.88,151.76,422.528,240.784,151.68,LC4,blue,dend[1228],0.45960409863369256
720575940638496720,422.832,242.128,149.2,422.768,242.272,149.08,LC4,blue,dend[1230],0.5511829272748537
720575940615053580,418.16,245.504,150.8,418.144,245.44,150.96,LC4,blue,dend[1455],0.8165419779410669
720575940615053580,425.184,240.88,152.68,425.392,240.992,152.76,LC4,blue,dend[1214],0.32322244482799406
720575940619397542,419.824,240.304,149.52,419.808,240.384,149.68,LC4,blue,dend[1458],0.2781628985439111
720575940627519107,417.392,241.776,152.44,417.472,241.76,152.28,LC4,blue,dend[1448],0.9818864073090818
720575940627519107,417.52,243.712,149.6,417.696,243.632,149.48,LC4,blue,dend[1418],0.7525966902259915
720575940627519107,418.72,243.952,150.56,418.864,244.096,150.64,LC4,blue,dend[1455],0.45007218345887606
720575940627519107,417.264,241.44,152.64,417.424,241.296,152.56,LC4,blue,dend[1449],0.7599344855486755
720575940627519107,420.096,237.328,151.56,420.064,237.216,151.4,LC4,blue,dend[1458],0.8491218305015034
720575940627519107,418.624,242.416,152.0,418.736,242.256,152.04,LC4,blue,dend[1420],0.9757801284608941
720575940627519107,417.392,244.0,149.28,417.6,243.968,149.32,LC4,blue,dend[1418],0.9144499499455712
720575940627519107,420.224,237.136,151.72,420.272,236.928,151.68,LC4,blue,dend[1458],0.9147664228071195
720575940640612480,410.544,244.592,152.28,410.624,244.528,152.4,LC4,blue,dend[1346],0.5190949586503146
720575940640612480,422.192,244.704,149.12,422.192,244.768,149.28,LC4,blue,dend[1231],0.8445957080252585
720575940640612480,412.576,244.48,150.28,412.592,244.336,150.16,LC4,blue,dend[1399],0.9529674004203416
720575940640612480,425.152,243.488,148.6,425.12,243.28,148.64,LC4,blue,dend[1210],0.1337935491512248
720575940640612480,422.16,244.4,149.2,422.256,244.432,149.32,LC4,blue,dend[1231],0.6207344298560276
720575940640612480,410.928,244.128,151.88,410.864,243.92,151.96,LC4,blue,dend[1346],0.2964425228056742
720575940626916936,418.192,242.0,149.76,418.224,242.192,149.72,LC4,blue,dend[1257],0.46664901244233237
720575940626916936,417.568,242.656,149.52,417.696,242.496,149.48,LC4,blue,dend[1418],0.2108623821076145
720575940626916936,420.496,242.304,150.4,420.448,242.16,150.48,LC4,blue,dend[1253],0.89400145055775
720575940626916936,421.68,243.456,150.12,421.68,243.264,150.08,LC4,blue,dend[1247],0.2117353890003733
720575940626916936,421.28,243.376,151.6,421.472,243.424,151.68,LC4,blue,dend[1247],0.8334145592253639
720575940625991043,411.728,240.096,152.44,411.76,240.24,152.6,LC4,blue,dend[1345],0.8236398195796726
720575940625991043,422.736,234.528,148.64,422.88,234.512,148.52,LC4,blue,dend[1752],0.7477027496795658
720575940630484495,411.152,240.816,152.56,411.008,240.96,152.68,LC4,blue,dend[1345],0.5436704976695577
720575940630484495,412.976,241.808,150.84,412.8,241.904,150.8,LC4,blue,dend[1395],0.4977766679972962
720575940617026260,413.504,233.904,153.44,413.408,234.0,153.28,LC4,blue,dend[1657],0.9791690303595921
720575940616713355,424.544,242.208,150.44,424.624,242.384,150.48,LC4,blue,dend[1211],0.4546961216920129
720575940616713355,424.848,234.336,152.72,424.8,234.224,152.88,LC4,blue,dend[1723],0.9090428975384065
720575940617026260,418.528,244.96,150.84,418.464,244.928,150.68,LC4,blue,dend[1455],0.6600435357842621
720575940617026260,418.576,244.368,150.68,418.768,244.416,150.68,LC4,blue,dend[1455],0.5284779786369435
720575940616713355,424.336,242.064,150.96,424.464,242.24,151.0,LC4,blue,dend[1211],0.6629127213626643
720575940616713355,424.96,234.56,152.88,424.88,234.528,153.04,LC4,blue,dend[1725],0.0428388039206273
720575940616713355,424.384,242.224,149.52,424.256,242.4,149.48,LC4,blue,dend[1210],0.9539058069398357
720575940617026260,425.104,234.656,153.28,424.928,234.64,153.12,LC4,blue,dend[1725],0.08028977565743088
720575940616713355,425.968,240.64,152.6,425.872,240.592,152.76,LC4,blue,dend[1214],0.9000766806168763
720575940616713355,423.568,234.336,152.68,423.632,234.192,152.8,LC4,blue,dend[1724],0.9265895029758969
720575940617026260,418.496,244.432,150.64,418.672,244.512,150.64,LC4,blue,dend[1455],0.5527510388183104
720575940616713355,418.256,242.288,151.8,418.384,242.192,151.92,LC4,blue,dend[1422],0.6883083902341328
720575940617026260,413.552,232.032,150.8,413.536,232.256,150.76,LC4,blue,dend[1663],0.7730938247386804
720575940628454522,424.944,233.92,148.88,424.864,233.888,148.72,LC4,blue,dend[1751],0.30284548826838725
720575940628454522,420.64,241.648,149.24,420.432,241.728,149.12,LC4,blue,dend[1252],0.7687409612109453
720575940628454522,423.248,232.576,150.92,423.44,232.672,150.96,LC4,blue,dend[1742],0.9754590446185399
720575940628454522,425.344,234.24,149.12,425.456,234.192,149.24,LC4,blue,dend[1754],0.5154098177891027
720575940618002644,423.552,241.312,153.48,423.632,241.36,153.6,LC4,blue,dend[1218],1.0
720575940618002644,415.424,231.952,152.08,415.312,232.064,151.88,LC4,blue,dend[1634],0.672694527777684
720575940618002644,425.968,241.376,148.56,425.76,241.472,148.6,LC4,blue,dend[1203],0.33358273474831257
720575940612580977,422.32,244.976,150.0,422.432,244.976,149.84,LC4,blue,dend[1245],0.7164489312670482
720575940612580977,421.424,245.584,149.6,421.344,245.504,149.52,LC4,blue,dend[1235],0.2976686403674756
720575940628081541,416.672,238.896,153.52,416.88,238.944,153.56,LC4,blue,dend[1445],0.9057847094132143
720575940617266722,412.512,234.192,153.44,412.432,234.032,153.4,LC4,blue,dend[1656],0.6166578503790469
720575940628081541,416.864,238.72,153.28,416.992,238.688,153.44,LC4,blue,dend[1445],0.9654515265142192
720575940628081541,419.68,238.56,150.68,419.856,238.672,150.76,LC4,blue,dend[1458],0.591113244052946
720575940628081541,420.064,237.936,150.76,420.032,238.0,150.92,LC4,blue,dend[1458],0.7061849894963753
720575940617266722,412.096,234.48,153.56,411.952,234.336,153.52,LC4,blue,dend[1653],1.0
720575940630998339,422.496,245.632,149.0,422.384,245.792,149.0,LC4,blue,dend[1233],0.18832485685058545
720575940630998339,422.368,245.184,149.84,422.4,244.976,149.8,LC4,blue,dend[1245],0.6280348783914671
720575940620795728,414.144,237.856,150.96,414.016,238.016,150.96,LC4,blue,dend[1382],0.9504947501058795
720575940620795728,417.376,241.12,152.68,417.44,241.28,152.56,LC4,blue,dend[1449],0.7803009029753034
720575940620795728,416.32,241.744,153.0,416.336,241.904,152.96,LC4,blue,dend[1454],0.8194021622020037
720575940620795728,420.144,239.312,150.52,419.84,239.344,150.32,LC4,blue,dend[1458],0.46753662386304
720575940622531767,421.92,243.2,149.2,421.936,243.184,149.36,LC4,blue,dend[1246],0.4257788914895774
720575940622531767,418.848,244.512,150.48,418.704,244.56,150.68,LC4,blue,dend[1455],0.5638318745630009
720575940622531767,419.328,243.712,150.4,419.184,243.632,150.52,LC4,blue,dend[1455],0.3172684008269393
720575940622531767,418.528,242.912,152.88,418.736,242.8,152.92,LC4,blue,dend[1424],0.6899255730640519
720575940614572742,419.648,239.792,150.16,419.808,239.824,150.24,LC4,blue,dend[1458],0.3908135857195551
720575940614572742,419.456,239.296,150.32,419.664,239.296,150.36,LC4,blue,dend[1458],0.4698900408637557
720575940615127227,423.44,234.032,152.8,423.616,234.192,152.8,LC4,blue,dend[1724],0.9410186239884532
720575940615127227,419.808,240.032,150.4,419.824,239.856,150.32,LC4,blue,dend[1458],0.39090591794642615
720575940618723749,419.424,242.608,150.56,419.328,242.432,150.48,LC4,blue,dend[1255],1.0
720575940618723749,422.016,242.32,149.4,421.92,242.48,149.32,LC4,blue,dend[1246],0.7608715143610464
720575940625934973,421.248,245.328,149.44,421.36,245.504,149.44,LC4,blue,dend[1234],1.0
720575940625934973,412.992,241.568,151.16,413.152,241.648,151.2,LC4,blue,dend[1395],0.8090669617956447
720575940613260959,418.016,245.296,151.08,418.096,245.488,151.04,LC4,blue,dend[1455],0.8371448594496548
720575940613260959,412.352,242.496,151.64,412.16,242.56,151.6,LC4,blue,dend[1378],1.0
720575940613260959,424.272,232.96,150.88,424.064,232.752,150.96,LC4,blue,dend[1742],0.8099204212784793
720575940613260959,424.304,232.896,151.28,424.224,232.704,151.16,LC4,blue,dend[1742],0.7488419464612073
720575940613260959,424.672,232.816,151.0,424.56,232.592,151.0,LC4,blue,dend[1742],0.6729670948067683
720575940613260959,416.528,242.864,150.52,416.608,242.656,150.52,LC4,blue,dend[1416],0.6983950648419799
720575940613260959,423.888,233.936,152.88,423.792,234.176,152.84,LC4,blue,dend[1724],0.7798050026210218
720575940638456227,424.592,240.768,150.96,424.64,240.992,151.0,LC4,blue,dend[1229],0.5992213353752892
720575940622939836,418.848,242.384,148.92,418.928,242.176,148.96,LC4,blue,dend[1257],0.8203819895947558
720575940622939836,410.72,241.76,152.8,410.88,241.648,152.72,LC4,blue,dend[1345],0.32331496236781093
720575940622939836,417.728,242.592,149.64,417.664,242.4,149.56,LC4,blue,dend[1260],0.04034292254776953
720575940622939836,410.032,245.584,152.88,410.24,245.632,152.92,LC4,blue,dend[1346],0.8926401858657007
720575940622939836,410.144,245.088,152.64,410.352,245.152,152.64,LC4,blue,dend[1346],0.7307607980186397
720575940618676440,413.6,234.08,153.16,413.424,234.192,153.16,LC4,blue,dend[1657],1.0
720575940618676440,413.616,234.032,153.2,413.408,234.048,153.2,LC4,blue,dend[1657],1.0
720575940618676440,425.728,241.44,153.04,425.712,241.632,152.92,LC4,blue,dend[1215],0.3334547591665965
720575940634517856,416.384,242.32,150.28,416.448,242.384,150.2,LC4,blue,dend[1414],0.9796144913719084
720575940634517856,412.88,242.448,150.44,412.928,242.272,150.44,LC4,blue,dend[1400],1.0
720575940615462587,423.984,241.12,151.48,423.952,241.312,151.36,LC4,blue,dend[1227],0.917200634595189
720575940628462340,414.272,231.968,149.72,414.096,231.808,149.72,LC4,blue,dend[1639],0.3728310798826732
720575940634517856,418.624,242.112,151.36,418.64,242.32,151.4,LC4,blue,dend[1420],0.6759419134704173
720575940634517856,420.272,242.064,150.56,420.432,242.16,150.48,LC4,blue,dend[1253],0.8861656552687996
720575940615462587,422.272,239.504,150.96,422.272,239.408,150.8,LC4,blue,dend[1228],0.9359158764706977
720575940634517856,419.568,242.096,150.56,419.488,242.272,150.44,LC4,blue,dend[1255],0.7246091786706835
720575940615462587,412.48,244.768,149.84,412.512,244.528,149.8,LC4,blue,dend[1399],1.0
720575940615462587,410.656,245.392,152.68,410.432,245.376,152.68,LC4,blue,dend[1346],0.7848088422580242
720575940615462587,424.432,241.648,152.16,424.464,241.888,152.16,LC4,blue,dend[1212],0.5554267052802294
720575940628462340,420.128,236.656,151.8,420.288,236.816,151.72,LC4,blue,dend[1458],0.9341266436223403
720575940628462340,422.96,234.448,149.04,422.928,234.256,148.92,LC4,blue,dend[1752],0.5814913586353391
720575940628462340,420.592,236.4,151.76,420.656,236.592,151.76,LC4,blue,dend[1458],0.983874284003449
720575940615462587,423.056,240.4,151.12,422.848,240.464,151.08,LC4,blue,dend[1228],0.5005285790612252
720575940615462587,424.704,241.616,152.6,424.72,241.808,152.52,LC4,blue,dend[1212],1.0
720575940615462587,423.392,240.8,151.6,423.248,240.944,151.56,LC4,blue,dend[1228],0.25385898519848826
720575940634517856,416.384,242.368,150.32,416.48,242.448,150.24,LC4,blue,dend[1414],1.0
720575940624017251,410.88,241.68,152.52,410.88,241.552,152.68,LC4,blue,dend[1345],0.35447175322353935
720575940624017251,410.624,242.352,152.56,410.736,242.544,152.6,LC4,blue,dend[1273],0.6926666093404026
720575940624017251,418.544,242.416,151.2,418.64,242.32,151.36,LC4,blue,dend[1420],0.6573838056894159
720575940624017251,425.664,240.48,152.96,425.648,240.592,152.8,LC4,blue,dend[1214],0.781521632371596
720575940628699560,423.2,241.184,151.84,423.264,241.008,151.68,LC4,blue,dend[1228],0.2270361549008624
720575940628699560,420.832,245.328,149.72,420.848,245.456,149.72,LC4,blue,dend[1235],0.7138069675159335
720575940628699560,424.272,241.36,151.44,424.16,241.344,151.28,LC4,blue,dend[1227],0.8550747330170726
720575940628699560,421.584,243.328,150.88,421.792,243.408,150.84,LC4,blue,dend[1247],0.5109121866567647
720575940628699560,424.192,241.792,151.92,424.24,241.984,151.96,LC4,blue,dend[1211],1.0
720575940628699560,424.784,242.192,151.28,424.592,242.256,151.24,LC4,blue,dend[1211],0.7519214760722019
720575940620903551,410.912,243.616,152.12,410.992,243.824,152.08,LC4,blue,dend[1346],0.269685928782108
720575940620903551,410.8,243.168,152.76,410.8,243.008,152.8,LC4,blue,dend[1273],0.761358104579182
720575940612518055,417.104,240.0,156.84,416.976,240.064,156.68,LC4,blue,dend[1428],0.9705125870710143
720575940625038090,415.856,237.968,156.68,415.952,238.016,156.8,LC4,blue,dend[1434],0.32550930689766305
720575940612518055,411.568,242.912,153.68,411.504,243.104,153.68,LC4,blue,dend[1338],0.30915763328036644
720575940622108001,411.648,244.592,155.4,411.824,244.736,155.32,LC4,blue,dend[1341],0.7158500173588137
720575940633580384,421.936,239.36,156.68,422.016,239.248,156.8,LC4,blue,dend[1223],0.5684558345645057
720575940615575007,422.816,240.304,154.6,423.024,240.4,154.64,LC4,blue,dend[1225],0.8404226563057988
720575940615575007,417.856,243.232,156.0,417.936,243.104,156.12,LC4,blue,dend[1444],0.6654923891299069
720575940615575007,418.4,242.72,155.32,418.336,242.528,155.2,LC4,blue,dend[1444],0.3322782498318311
720575940622108001,410.752,242.464,153.84,410.688,242.624,153.72,LC4,blue,dend[1275],0.2489529043354985
720575940622108001,410.56,242.336,154.32,410.384,242.352,154.36,LC4,blue,dend[1337],0.07291865321370336
720575940615575007,417.76,242.736,155.52,417.936,242.64,155.56,LC4,blue,dend[1444],0.4379749250496062
720575940605598892,417.088,239.904,156.16,416.96,240.096,156.16,LC4,blue,dend[1428],0.8456702709398712
720575940614914107,424.384,231.552,156.2,424.272,231.648,156.28,LC4,blue,dend[1741],0.5631452590939382
720575940614914107,424.368,231.536,156.0,424.224,231.632,156.04,LC4,blue,dend[1741],0.9296278558642607
720575940614914107,411.856,243.2,155.4,411.968,243.264,155.28,LC4,blue,dend[1339],0.7554703409879694
720575940614914107,425.264,231.44,155.76,425.312,231.664,155.76,LC4,blue,dend[1729],0.8754496905567357
720575940614914107,422.176,231.824,157.2,422.128,232.016,157.2,LC4,blue,dend[1739],0.6997238386239018
720575940632769180,412.032,244.464,155.24,411.888,244.64,155.2,LC4,blue,dend[1341],0.6135115789344362
720575940632769180,411.808,243.296,154.56,411.808,243.488,154.6,LC4,blue,dend[1338],0.8844710783305604
720575940632769180,418.16,243.328,157.12,418.288,243.456,157.0,LC4,blue,dend[1444],0.9449984471989965
720575940632769180,411.6,243.104,154.08,411.456,243.248,154.04,LC4,blue,dend[1338],0.4774271334299628
720575940611134833,421.808,233.28,158.2,421.872,233.136,158.32,LC4,blue,dend[1736],0.9659717340216458
720575940611134833,418.304,241.04,154.28,418.48,241.024,154.4,LC4,blue,dend[1425],0.9613030103223102
720575940624111763,418.48,240.16,154.4,418.368,240.08,154.28,LC4,blue,dend[1445],0.34296151174933415
720575940611134833,425.296,232.464,154.0,425.456,232.592,153.92,LC4,blue,dend[1726],0.48460246123923967
720575940624111763,417.856,240.944,155.4,417.92,240.928,155.56,LC4,blue,dend[1428],0.3457552923863947
720575940624111763,418.608,240.336,154.4,418.592,240.464,154.28,LC4,blue,dend[1445],0.2171488557830691
720575940611134833,418.128,241.6,153.88,418.352,241.728,153.84,LC4,blue,dend[1425],0.5393584268763967
720575940611134833,422.336,233.072,158.0,422.208,232.848,158.16,LC4,blue,dend[1736],0.5834371210219481
720575940611134833,425.856,232.064,155.16,425.792,231.856,155.16,LC4,blue,dend[1726],0.977254174492184
720575940611134833,415.312,242.912,154.96,415.44,243.056,154.96,LC4,blue,dend[1453],0.9536506035409479
720575940611134833,416.032,242.608,154.48,416.064,242.752,154.44,LC4,blue,dend[1453],0.5967667900605013
720575940611134833,425.424,232.384,154.08,425.6,232.448,154.0,LC4,blue,dend[1726],0.5205101588321709
720575940611134833,418.224,240.816,154.24,418.336,240.624,154.28,LC4,blue,dend[1445],0.21375188069737316
720575940624111763,418.512,240.576,154.96,418.592,240.768,155.0,LC4,blue,dend[1427],1.0
720575940611134833,421.808,231.968,156.92,422.0,231.936,157.0,LC4,blue,dend[1739],0.9234534328575843
720575940626626895,409.648,237.408,158.4,409.488,237.328,158.28,LC4,blue,dend[1315],0.4965389789025231
720575940626626895,423.12,242.208,153.64,423.136,242.032,153.6,LC4,blue,dend[1217],0.49090428282289916
720575940626626895,409.84,236.96,158.52,409.904,237.024,158.64,LC4,blue,dend[1316],0.28066813381723993
720575940626626895,423.632,241.856,153.68,423.6,241.728,153.56,LC4,blue,dend[1216],1.0
720575940626626895,423.088,241.632,155.12,423.264,241.552,155.16,LC4,blue,dend[1226],0.7909583400835356
720575940626626895,423.664,241.296,153.8,423.6,241.168,153.76,LC4,blue,dend[1220],0.1536658174558253
720575940617176321,412.096,245.216,155.04,411.936,245.152,155.12,LC4,blue,dend[1341],0.8591710104554852
720575940617176321,422.368,239.072,156.76,422.224,239.248,156.76,LC4,blue,dend[1223],0.5273587673018075
720575940649229433,415.984,242.928,154.32,416.032,242.832,154.48,LC4,blue,dend[1453],0.6279558308090543
720575940649229433,416.528,242.704,153.68,416.528,242.496,153.64,LC4,blue,dend[1453],0.19283563721974953
720575940629753807,421.248,238.24,157.28,421.28,238.224,157.12,LC4,blue,dend[1223],0.9667719131407111
720575940618312606,417.84,237.856,157.88,418.016,237.968,157.88,LC4,blue,dend[1441],0.9828219498301023
720575940618312606,418.208,242.016,154.6,418.384,241.904,154.64,LC4,blue,dend[1444],0.07130292669978448
720575940618312606,417.856,237.92,157.72,418.0,238.096,157.72,LC4,blue,dend[1441],0.9200324961714997
720575940618312606,423.968,235.616,154.08,424.144,235.696,154.04,LC4,blue,dend[1725],0.5240531029254208
720575940638496720,419.808,240.512,155.08,419.712,240.704,155.0,LC4,blue,dend[1443],0.8011350399594823
720575940638496720,421.088,238.016,157.04,421.216,238.192,157.12,LC4,blue,dend[1223],0.9851615508460562
720575940638496720,419.904,240.496,155.04,419.888,240.656,154.92,LC4,blue,dend[1443],0.9357569820137227
720575940615053580,412.048,245.008,155.92,411.936,245.024,155.84,LC4,blue,dend[1342],0.6389464760238239
720575940619397542,414.768,236.784,158.24,414.896,236.848,158.32,LC4,blue,dend[1438],0.90428074428943
720575940619397542,415.808,237.2,157.04,415.84,237.44,157.0,LC4,blue,dend[1434],0.9170883890799667
720575940619397542,414.608,237.44,158.28,414.816,237.504,158.28,LC4,blue,dend[1438],0.43242089910369486
720575940627519107,417.872,239.792,153.84,417.792,239.616,153.88,LC4,blue,dend[1445],0.5793914614674966
720575940640612480,415.888,238.208,156.92,415.968,238.176,156.76,LC4,blue,dend[1434],0.16900349473437798
720575940640612480,422.192,232.848,158.32,422.176,232.88,158.16,LC4,blue,dend[1736],0.6119506375955336
720575940640612480,422.864,232.256,157.92,422.8,232.272,157.76,LC4,blue,dend[1735],0.7789707236291314
720575940640612480,422.032,232.512,158.56,421.856,232.576,158.6,LC4,blue,dend[1737],0.7806360434919949
720575940640612480,416.448,237.792,156.84,416.608,237.888,156.76,LC4,blue,dend[1433],0.8885832719484454
720575940640612480,424.256,232.272,158.16,424.448,232.24,158.2,LC4,blue,dend[1740],0.4329326272872293
720575940640612480,421.616,232.752,158.4,421.792,232.688,158.36,LC4,blue,dend[1737],0.35657761603669436
720575940640612480,415.872,238.352,157.36,415.92,238.544,157.44,LC4,blue,dend[1435],0.16070240898012697
720575940630484495,423.168,240.24,155.96,423.248,240.336,156.08,LC4,blue,dend[1223],0.020913402963250664
720575940616713355,415.792,237.552,157.16,415.84,237.504,157.0,LC4,blue,dend[1434],0.8595015179532252
720575940617026260,424.688,235.136,153.6,424.672,235.248,153.48,LC4,blue,dend[1725],0.2846665322305185
720575940628454522,414.992,236.688,158.52,414.896,236.816,158.36,LC4,blue,dend[1438],0.9259590868746701
720575940628454522,420.112,240.944,154.72,419.92,240.896,154.84,LC4,blue,dend[1443],0.9485179811151286
720575940628454522,420.144,240.784,155.0,419.92,240.832,154.96,LC4,blue,dend[1443],0.9495902317177459
720575940628454522,421.312,238.832,156.92,421.536,238.816,156.92,LC4,blue,dend[1223],0.7642409165356728
720575940628454522,425.952,231.456,155.16,425.792,231.632,155.16,LC4,blue,dend[1726],1.0
720575940618002644,423.056,241.92,153.72,423.104,242.032,153.64,LC4,blue,dend[1217],0.5153780707985434
720575940618002644,410.048,237.184,158.48,409.92,237.072,158.64,LC4,blue,dend[1316],0.2771422496822472
720575940618002644,418.544,242.416,155.08,418.384,242.384,155.12,LC4,blue,dend[1444],0.2836119769990603
720575940612580977,424.304,236.288,155.68,424.192,236.16,155.56,LC4,blue,dend[1725],0.9898519673960163
720575940617266722,411.84,234.768,154.08,411.696,234.896,154.04,LC4,blue,dend[1659],0.7439862033598461
720575940617266722,422.416,242.416,153.64,422.512,242.256,153.68,LC4,blue,dend[1217],0.9999431736062737
720575940617266722,416.416,240.352,158.12,416.512,240.144,158.12,LC4,blue,dend[1442],0.3763392285762935
720575940630851036,416.688,239.968,158.64,416.56,240.176,158.56,LC4,blue,dend[1442],0.5537539988752287
720575940630851036,423.168,240.144,154.68,423.024,240.368,154.64,LC4,blue,dend[1225],0.8693288630516204
720575940630851036,422.16,239.792,155.76,422.352,239.856,155.84,LC4,blue,dend[1224],0.8406660591902577
720575940613256863,416.768,237.888,153.76,416.784,238.096,153.68,LC4,blue,dend[1447],0.7572120503441486
720575940620795728,425.296,232.72,153.76,425.472,232.688,153.84,LC4,blue,dend[1726],0.44351597662511305
720575940620795728,412.128,242.928,155.08,411.984,243.04,155.16,LC4,blue,dend[1339],0.8882397287242229
720575940622531767,416.0,242.896,154.84,415.856,242.944,154.72,LC4,blue,dend[1453],0.7624886413320773
720575940618807105,423.024,240.672,154.56,423.04,240.64,154.72,LC4,blue,dend[1225],0.549629189430204
720575940618807105,416.784,240.72,156.48,416.864,240.496,156.48,LC4,blue,dend[1428],0.909162374958941
720575940614572742,414.816,237.44,158.08,414.896,237.44,158.24,LC4,blue,dend[1438],0.4718131050365318
720575940618807105,419.728,241.056,154.96,419.872,240.864,154.92,LC4,blue,dend[1443],0.9130547459884469
720575940618807105,424.544,232.272,157.56,424.512,232.08,157.6,LC4,blue,dend[1740],0.21565612830772402
720575940614572742,424.432,231.936,157.92,424.496,232.16,157.92,LC4,blue,dend[1740],0.3337298392287313
720575940618807105,423.36,241.088,153.8,423.488,241.216,153.76,LC4,blue,dend[1220],0.16682361865844486
720575940614572742,425.248,231.12,154.76,425.376,231.216,154.84,LC4,blue,dend[1727],0.9356053424895023
720575940614572742,423.008,232.0,157.6,422.96,232.224,157.6,LC4,blue,dend[1735],0.6553147988095305
720575940614572742,409.616,242.128,154.92,409.52,242.288,154.84,LC4,blue,dend[1277],0.11896031210164537
720575940618807105,418.736,241.712,154.92,418.576,241.76,154.8,LC4,blue,dend[1426],1.0
720575940625934973,412.528,244.032,154.8,412.304,243.968,154.72,LC4,blue,dend[1344],0.8456217031672578
720575940625934973,414.672,237.728,158.32,414.816,237.568,158.32,LC4,blue,dend[1438],0.3833517954921033
720575940618723749,418.368,237.744,157.6,418.32,237.968,157.64,LC4,blue,dend[1441],1.0
720575940618723749,424.48,235.84,153.72,424.416,235.616,153.76,LC4,blue,dend[1725],0.4282288857719799
720575940625934973,415.488,238.208,158.08,415.328,238.368,158.12,LC4,blue,dend[1435],0.7577652306764662
720575940618723749,423.936,236.192,154.72,424.048,236.0,154.76,LC4,blue,dend[1725],0.7634599969840488
720575940613260959,410.96,243.2,153.6,410.992,243.008,153.6,LC4,blue,dend[1274],0.9583388154533341
720575940638456227,415.2,237.536,158.16,414.992,237.424,158.24,LC4,blue,dend[1438],0.4719920688548652
720575940638456227,415.328,237.952,158.44,415.136,238.016,158.48,LC4,blue,dend[1436],1.0
720575940622939836,418.752,240.784,155.2,418.624,240.736,155.12,LC4,blue,dend[1427],1.0
720575940622939836,417.824,241.04,155.72,417.776,240.88,155.64,LC4,blue,dend[1428],0.41044714762373674
720575940618676440,422.64,240.752,155.76,422.8,240.608,155.68,LC4,blue,dend[1222],0.824405201774577
720575940618676440,411.872,245.248,155.64,411.904,245.008,155.64,LC4,blue,dend[1342],0.1191642458686694
720575940618676440,423.056,240.688,154.96,423.056,240.848,154.84,LC4,blue,dend[1221],0.7952706111911122
720575940634517856,414.96,237.04,158.36,414.928,236.96,158.28,LC4,blue,dend[1438],0.8197754374686985
720575940634517856,414.864,237.488,158.44,414.864,237.584,158.32,LC4,blue,dend[1438],0.3657544158520722
720575940615462587,416.944,238.512,153.72,416.848,238.464,153.6,LC4,blue,dend[1447],0.21110742395562185
720575940628462340,416.544,238.176,153.64,416.72,238.144,153.68,LC4,blue,dend[1447],0.7333147742236148
720575940628462340,425.472,231.648,154.96,425.616,231.792,155.0,LC4,blue,dend[1726],0.9448368534166789
720575940615462587,417.04,238.992,153.8,417.056,239.12,153.68,LC4,blue,dend[1445],0.8253621974579984
720575940626605200,418.08,240.512,154.36,418.288,240.464,154.24,LC4,blue,dend[1445],0.2639674282392708
720575940626605200,416.384,239.984,156.28,416.512,240.096,156.4,LC4,blue,dend[1430],0.042904135093341574
720575940626605200,418.064,241.632,154.36,418.304,241.616,154.36,LC4,blue,dend[1425],0.7997215896828797
720575940626605200,418.176,241.104,154.68,418.32,241.2,154.72,LC4,blue,dend[1425],1.0
720575940626605200,417.776,239.408,153.96,417.744,239.6,153.88,LC4,blue,dend[1445],0.5900600828787079
720575940626605200,416.288,239.952,156.36,416.416,240.064,156.48,LC4,blue,dend[1430],0.0644216254791613
720575940624017251,423.376,240.128,156.4,423.232,240.176,156.28,LC4,blue,dend[1223],0.08399195601789584
720575940628699560,416.368,240.08,156.84,416.432,239.904,156.76,LC4,blue,dend[1430],0.4406085596585981
720575940628699560,416.448,239.968,158.08,416.544,240.144,158.08,LC4,blue,dend[1442],0.35319175674786435
720575940628699560,417.792,238.992,157.8,417.712,238.816,157.72,LC4,blue,dend[1441],0.537573280086602
720575940628699560,424.224,236.384,155.24,424.112,236.176,155.28,LC4,blue,dend[1725],0.9238579733266625
720575940628699560,416.576,239.824,157.12,416.656,239.728,157.0,LC4,blue,dend[1430],0.772658433457119
720575940620903551,417.968,242.864,156.44,417.904,242.928,156.28,LC4,blue,dend[1444],0.6655315608948128
720575940620903551,418.352,243.2,156.88,418.336,243.408,156.92,LC4,blue,dend[1444],0.9165086023017472
720575940610522009,423.168,241.296,155.32,423.184,241.136,155.2,LC4,blue,dend[1221],0.3364136356873899
720575940610522009,423.376,241.632,155.28,423.28,241.6,155.16,LC4,blue,dend[1226],0.8646940345653557
720575940615575007,424.624,232.576,159.0,424.736,232.688,158.92,LC4,blue,dend[1740],0.7865385845217636
720575940624111763,421.824,232.544,158.8,421.872,232.56,158.64,LC4,blue,dend[1737],0.8492041163984889
720575940617176321,416.304,240.4,159.32,416.208,240.224,159.28,LC4,blue,dend[1442],0.9308287705270228
720575940629753807,415.28,237.664,159.32,415.136,237.792,159.32,LC4,blue,dend[1437],0.8774495466038766
720575940627519107,424.464,232.48,158.72,424.656,232.56,158.68,LC4,blue,dend[1740],0.6740995940468835
720575940640612480,421.488,233.424,158.8,421.632,233.6,158.8,LC4,blue,dend[1738],0.2617208465255179
720575940618002644,420.56,235.216,159.76,420.64,235.072,159.92,LC4,blue,dend[1738],0.9958861993269904
720575940618002644,421.12,234.912,159.72,421.04,234.784,159.8,LC4,blue,dend[1738],0.8417749463651514
720575940617266722,416.416,240.576,158.84,416.544,240.4,158.84,LC4,blue,dend[1442],0.7008444978972356
720575940630851036,416.288,239.968,159.08,416.288,240.144,159.04,LC4,blue,dend[1442],0.8049266095351126
720575940630998339,420.832,234.448,159.48,421.056,234.496,159.56,LC4,blue,dend[1738],0.7194469555681293
720575940630998339,421.424,233.792,158.84,421.616,233.68,158.84,LC4,blue,dend[1738],0.2923003946581557
720575940622939836,420.832,234.688,159.88,420.896,234.88,159.92,LC4,blue,dend[1738],0.909776027848371
720575940626605200,421.6,234.064,159.28,421.584,234.096,159.16,LC4,blue,dend[1738],0.4652177370012744
720575940626605200,422.064,233.952,159.12,421.984,233.84,158.92,LC4,blue,dend[1738],0.29673023301473817
720575940626605200,421.008,234.272,159.64,421.072,234.48,159.56,LC4,blue,dend[1738],0.7130274980503569
720575940624017251,422.272,233.936,158.84,422.032,233.808,158.92,LC4,blue,dend[1738],0.28162214766285404
720575940615053580,422.192,248.608,135.88,422.176,248.48,135.72,LC4,blue,dend[1094],0.24877936011357693
720575940615053580,422.16,249.04,135.84,422.064,249.168,135.64,LC4,blue,dend[1084],1.0
720575940612518055,420.4,246.224,148.28,420.496,246.304,148.44,LC4,blue,dend[1237],0.9890523587715476
720575940612518055,418.848,247.28,149.32,418.88,247.52,149.28,LC4,blue,dend[1239],0.8893981824519346
720575940633580384,420.992,245.856,148.92,420.976,246.064,148.92,LC4,blue,dend[1236],0.8787999049617699
720575940631338271,421.376,246.144,149.36,421.264,245.968,149.32,LC4,blue,dend[1236],0.4785542068888356
720575940638496720,409.952,246.0,153.2,410.128,245.856,153.16,LC4,blue,dend[1346],0.9841638346720767
720575940619397542,420.24,246.496,149.0,420.336,246.64,148.92,LC4,blue,dend[1239],0.1067507211252438
720575940616713355,416.944,246.352,151.08,417.168,246.32,151.08,LC4,blue,dend[1456],0.899972183461403
720575940618002644,417.76,246.0,151.68,417.632,246.016,151.52,LC4,blue,dend[1457],0.36331521735876937
720575940630998339,420.944,245.76,150.12,420.912,245.568,150.0,LC4,blue,dend[1235],0.9204310638787712
720575940625934973,417.392,246.192,151.56,417.424,246.048,151.52,LC4,blue,dend[1457],0.8143755299128665
720575940628699560,417.168,246.096,151.48,417.376,246.048,151.48,LC4,blue,dend[1457],0.8996170945069978
720575940625038090,431.264,244.704,137.76,431.376,244.864,137.8,LC4,blue,dend[25],0.7186849946433234
720575940625038090,439.456,238.0,137.64,439.376,237.968,137.8,LC4,blue,dend[17],0.6353924524882413
720575940625038090,429.504,235.76,137.72,429.344,235.744,137.6,LC4,blue,dend[1778],0.7225638119989175
720575940625038090,438.032,239.664,137.6,438.032,239.84,137.52,LC4,blue,dend[19],0.7022993421490781
720575940625038090,432.096,243.936,138.04,432.144,244.096,138.16,LC4,blue,dend[24],1.0
720575940625038090,437.76,239.92,138.0,437.728,240.144,137.96,LC4,blue,dend[20],0.4250050964605499
720575940612518055,436.176,232.08,137.72,435.984,232.16,137.68,LC4,blue,dend[1838],0.957635458432233
720575940625038090,430.752,245.072,137.92,430.8,245.264,137.96,LC4,blue,dend[25],0.8981247190417032
720575940622108001,436.368,235.424,135.12,436.352,235.376,135.28,LC4,blue,dend[15],1.0
720575940622108001,436.112,240.256,137.44,436.16,240.464,137.4,LC4,blue,dend[20],0.7979552876431156
720575940622108001,430.32,236.416,138.16,430.512,236.256,138.2,LC4,blue,dend[1807],0.768011955072018
720575940622108001,436.384,240.032,137.12,436.384,240.256,137.08,LC4,blue,dend[20],0.697390486800348
720575940622108001,438.128,232.672,137.44,438.224,232.624,137.28,LC4,blue,dend[9],1.0
720575940605598892,439.168,235.904,136.88,438.992,235.776,136.84,LC4,blue,dend[17],0.21361921638521417
720575940605598892,439.648,236.544,136.12,439.616,236.688,135.96,LC4,blue,dend[17],0.3884674250330586
720575940605598892,440.512,236.4,136.4,440.576,236.464,136.24,LC4,blue,dend[17],0.43039542731508823
720575940605598892,439.168,236.016,136.64,438.976,236.064,136.64,LC4,blue,dend[17],0.25507748222437343
720575940614914107,437.648,237.408,136.88,437.552,237.264,136.84,LC4,blue,dend[16],1.0
720575940614914107,438.672,235.968,137.84,438.768,236.032,137.96,LC4,blue,dend[17],0.27060821456399275
720575940614914107,437.376,237.424,136.8,437.456,237.296,136.84,LC4,blue,dend[16],1.0
720575940614914107,438.16,237.808,137.36,438.336,238.0,137.36,LC4,blue,dend[17],0.5509653973382476
720575940614914107,438.144,238.208,137.08,438.352,238.224,137.16,LC4,blue,dend[17],0.5841082894918757
720575940614914107,438.64,234.144,136.88,438.784,234.128,136.76,LC4,blue,dend[14],0.4805054840631175
720575940614914107,437.232,237.632,136.96,437.248,237.472,137.04,LC4,blue,dend[16],1.0
720575940614914107,433.984,236.768,135.84,433.952,236.528,135.8,LC4,blue,dend[1500],0.8399423373460233
720575940614914107,438.688,236.0,137.84,438.816,236.016,137.96,LC4,blue,dend[17],0.2715156066619793
720575940632769180,433.904,242.272,137.52,434.096,242.384,137.52,LC4,blue,dend[21],0.934500615186373
720575940632769180,434.416,241.104,136.0,434.56,241.216,135.88,LC4,blue,dend[21],0.4881100067186983
720575940632769180,433.264,242.752,137.76,433.248,242.912,137.64,LC4,blue,dend[22],0.6706988038670243
720575940632769180,434.192,238.464,134.84,434.384,238.528,134.92,LC4,blue,dend[1500],1.0
720575940631338271,432.8,234.656,136.72,432.976,234.576,136.76,LC4,blue,dend[1506],1.0
720575940624111763,434.288,236.368,137.28,434.368,236.336,137.12,LC4,blue,dend[1497],0.9146008372890551
720575940611134833,437.952,231.808,138.12,437.824,232.0,138.04,LC4,blue,dend[1849],0.7512162309977116
720575940628064260,435.184,235.296,137.16,435.376,235.36,137.24,LC4,blue,dend[1822],0.26077039958039167
720575940628064260,435.248,235.2,137.48,435.456,235.184,137.44,LC4,blue,dend[1822],0.27075851934760736
720575940626626895,438.784,236.272,136.68,438.912,236.4,136.6,LC4,blue,dend[17],0.30539403254222924
720575940626626895,441.36,235.808,136.64,441.36,235.872,136.44,LC4,blue,dend[17],0.39542716346791634
720575940626626895,440.288,235.76,136.72,440.24,235.536,136.64,LC4,blue,dend[17],0.2611315373029376
720575940626626895,436.528,235.616,137.16,436.672,235.424,137.2,LC4,blue,dend[1822],0.19755753090447453
720575940626626895,435.568,235.712,136.64,435.472,235.76,136.48,LC4,blue,dend[1497],0.17562694000099352
720575940626626895,434.384,235.952,137.32,434.272,236.128,137.16,LC4,blue,dend[1497],0.8945615231897655
720575940617176321,436.848,232.16,137.08,436.848,232.032,136.96,LC4,blue,dend[1838],0.5160991014680872
720575940617176321,435.648,232.4,137.72,435.584,232.224,137.68,LC4,blue,dend[1840],0.5132061342440026
720575940617176321,435.728,232.272,138.12,435.504,232.256,138.08,LC4,blue,dend[1841],0.12421218002433827
720575940617176321,435.584,232.512,138.16,435.424,232.432,138.2,LC4,blue,dend[1841],0.22852240358514975
720575940617176321,436.544,233.056,137.24,436.48,233.232,137.16,LC4,blue,dend[1831],0.47262993187032193
720575940649229433,431.568,235.088,135.88,431.648,235.168,135.72,LC4,blue,dend[1514],0.10395431221370695
720575940649229433,436.544,236.592,135.48,436.624,236.464,135.4,LC4,blue,dend[16],1.0
720575940649229433,431.072,235.536,135.56,431.248,235.536,135.44,LC4,blue,dend[1514],0.21992188400156668
720575940649229433,431.584,236.784,135.4,431.408,236.912,135.4,LC4,blue,dend[1514],0.6538774946994782
720575940649229433,434.864,237.92,135.48,434.944,238.048,135.4,LC4,blue,dend[1500],1.0
720575940649229433,436.848,236.416,135.72,436.944,236.24,135.72,LC4,blue,dend[16],1.0
720575940649229433,436.64,238.448,135.12,436.752,238.608,135.08,LC4,blue,dend[17],0.4715095994831999
720575940649229433,430.832,235.648,135.32,431.04,235.68,135.2,LC4,blue,dend[1514],0.26102452805834647
720575940649229433,436.592,236.688,135.36,436.704,236.56,135.36,LC4,blue,dend[16],1.0
720575940629753807,433.216,234.064,137.52,432.992,234.08,137.6,LC4,blue,dend[1519],0.7042566281412103
720575940629753807,431.552,238.016,136.12,431.456,237.888,136.08,LC4,blue,dend[1514],0.9938655522865852
720575940629753807,434.0,233.68,137.0,433.92,233.808,136.88,LC4,blue,dend[1507],1.0
720575940629753807,433.472,233.68,137.68,433.344,233.536,137.68,LC4,blue,dend[1519],0.9007023318776785
720575940618312606,439.232,237.184,136.84,439.088,237.184,136.68,LC4,blue,dend[17],0.4518686523280878
720575940618312606,438.688,236.56,136.88,438.896,236.576,136.8,LC4,blue,dend[17],0.3391534035200056
720575940618312606,437.056,234.224,137.8,437.2,234.336,137.88,LC4,blue,dend[1824],0.7341345711563508
720575940618312606,437.12,234.272,137.2,437.312,234.176,137.16,LC4,blue,dend[1824],0.49766327166720664
720575940618312606,432.352,236.192,136.72,432.512,236.064,136.64,LC4,blue,dend[1517],0.33828528912265765
720575940638496720,437.584,230.96,138.04,437.68,230.768,138.0,LC4,blue,dend[1859],0.28547063173249704
720575940638496720,437.568,231.056,137.88,437.712,230.928,137.8,LC4,blue,dend[7],1.0
720575940615053580,436.144,240.528,138.04,436.336,240.592,138.08,LC4,blue,dend[20],0.8226694201656402
720575940619397542,435.28,231.728,137.88,435.28,231.888,137.96,LC4,blue,dend[1842],0.30282248634830766
720575940619397542,435.616,231.92,137.56,435.648,232.096,137.64,LC4,blue,dend[1840],0.41879730295981255
720575940619397542,435.888,231.968,137.36,435.888,232.224,137.44,LC4,blue,dend[1838],0.9622700023470904
720575940627519107,435.744,235.168,137.4,435.456,235.36,137.32,LC4,blue,dend[1822],0.2825530036940105
720575940640612480,436.08,233.84,137.64,436.144,233.744,137.8,LC4,blue,dend[1831],0.7188760066318741
720575940640612480,437.36,233.856,137.36,437.456,234.064,137.36,LC4,blue,dend[1824],0.5125720271072125
720575940640612480,436.048,234.736,138.2,436.176,234.864,138.32,LC4,blue,dend[1827],1.0
720575940626916936,439.648,235.36,136.68,439.776,235.392,136.6,LC4,blue,dend[17],0.20130301666942382
720575940626916936,439.824,235.216,136.8,439.968,235.232,136.72,LC4,blue,dend[17],0.19218616355444623
720575940626916936,438.944,237.888,137.56,439.152,238.016,137.6,LC4,blue,dend[17],0.6211809357478446
720575940626916936,439.168,237.552,137.84,439.376,237.616,137.8,LC4,blue,dend[17],0.5765184609326055
720575940625991043,435.248,239.296,135.6,435.184,239.44,135.48,LC4,blue,dend[20],0.8011187900451796
720575940625991043,434.16,236.288,135.4,434.048,236.144,135.44,LC4,blue,dend[1499],0.22936951584756687
720575940625991043,436.976,240.032,136.96,436.992,240.224,136.96,LC4,blue,dend[20],0.529808787360343
720575940625991043,435.344,235.2,135.36,435.36,235.296,135.52,LC4,blue,dend[1496],0.728025666921714
720575940625991043,431.232,237.904,136.12,431.44,237.888,136.04,LC4,blue,dend[1514],0.9925597941503123
720575940625991043,434.928,238.336,135.36,434.8,238.272,135.4,LC4,blue,dend[1500],1.0
720575940625991043,430.688,237.088,138.2,430.8,237.04,138.36,LC4,blue,dend[1809],0.3082271748273653
720575940625991043,433.808,236.688,135.72,433.904,236.512,135.76,LC4,blue,dend[1500],0.816808389437828
720575940625991043,430.816,237.136,138.12,431.024,237.088,138.2,LC4,blue,dend[1809],0.6478116208443475
720575940625991043,435.904,235.312,135.2,436.08,235.328,135.12,LC4,blue,dend[15],1.0
720575940625991043,435.632,234.96,135.44,435.632,234.8,135.52,LC4,blue,dend[1821],0.6847519538007008
720575940625991043,435.28,239.312,135.6,435.232,239.472,135.52,LC4,blue,dend[20],0.79480373145641
720575940625991043,436.464,239.904,136.64,436.352,240.096,136.56,LC4,blue,dend[20],0.647817687767426
720575940617026260,433.808,234.752,136.96,433.568,234.72,136.92,LC4,blue,dend[1503],1.0
720575940617026260,433.84,234.528,136.72,433.664,234.48,136.64,LC4,blue,dend[1503],0.8113764737264905
720575940617026260,437.488,230.224,137.36,437.568,230.144,137.28,LC4,blue,dend[7],0.9385014414052428
720575940628454522,438.624,234.448,136.72,438.72,234.288,136.6,LC4,blue,dend[14],0.6286985585396907
720575940628454522,438.144,235.136,136.92,438.112,235.328,136.92,LC4,blue,dend[16],1.0
720575940628454522,437.312,237.648,137.4,437.232,237.504,137.32,LC4,blue,dend[16],1.0
720575940628454522,434.592,240.16,137.84,434.576,240.112,137.68,LC4,blue,dend[21],0.12953177150326003
720575940628454522,437.392,239.76,137.4,437.584,239.84,137.44,LC4,blue,dend[20],0.3932909763196057
720575940628454522,438.544,235.568,136.92,438.704,235.68,137.04,LC4,blue,dend[17],0.18157864690192987
720575940628454522,433.888,234.64,135.48,433.792,234.768,135.64,LC4,blue,dend[1505],0.13405708230912958
720575940628454522,430.864,239.408,135.4,431.04,239.52,135.4,LC4,blue,dend[1514],1.0
720575940618002644,431.664,234.624,137.92,431.616,234.416,137.84,LC4,blue,dend[1533],1.0
720575940612580977,438.048,235.408,137.04,438.128,235.376,136.92,LC4,blue,dend[16],1.0
720575940612580977,437.712,234.064,137.88,437.728,234.08,137.72,LC4,blue,dend[1824],0.5695944846855754
720575940612580977,437.2,234.592,137.76,437.104,234.496,137.88,LC4,blue,dend[1824],0.7729590190904657
720575940612580977,437.456,234.384,137.56,437.44,234.16,137.56,LC4,blue,dend[1824],0.5835052448938186
720575940628081541,439.792,238.432,137.88,439.792,238.656,137.88,LC4,blue,dend[17],0.7837279422387735
720575940617266722,435.456,234.16,136.92,435.552,234.368,136.96,LC4,blue,dend[1823],0.5027785318702273
720575940628081541,431.152,237.072,137.96,431.12,237.088,138.16,LC4,blue,dend[1809],0.7745544347431385
720575940617266722,435.344,233.936,136.56,435.344,234.048,136.4,LC4,blue,dend[1821],0.9054022384767193
720575940628081541,439.584,237.536,138.04,439.504,237.68,137.96,LC4,blue,dend[17],0.6011922722217707
720575940628081541,436.672,240.048,137.44,436.64,240.288,137.4,LC4,blue,dend[20],0.6628949148775568
720575940628081541,437.12,239.952,137.4,437.168,240.176,137.28,LC4,blue,dend[20],0.5097559615485326
720575940628081541,435.248,235.968,138.2,435.328,235.728,138.16,LC4,blue,dend[1822],0.6688487006513313
720575940628081541,434.688,236.288,137.04,434.464,236.192,137.08,LC4,blue,dend[1497],0.832792325828577
720575940628081541,438.768,232.944,137.76,438.592,232.768,137.68,LC4,blue,dend[1832],0.5024825367720477
720575940628081541,428.496,236.464,137.92,428.448,236.288,137.8,LC4,blue,dend[1778],1.0
720575940628081541,439.856,238.416,137.88,439.872,238.608,137.84,LC4,blue,dend[17],0.7805687678202019
720575940628081541,437.184,240.032,137.52,437.312,240.208,137.48,LC4,blue,dend[20],0.49315079827444785
720575940617266722,436.112,233.408,137.2,436.32,233.392,137.24,LC4,blue,dend[1831],0.5334347410337547
720575940630851036,434.368,235.2,135.88,434.48,235.248,136.04,LC4,blue,dend[1496],1.0
720575940630851036,432.48,236.032,136.28,432.384,235.824,136.24,LC4,blue,dend[1516],1.0
720575940630851036,434.384,240.144,137.6,434.56,240.112,137.68,LC4,blue,dend[21],0.13698704152299743
720575940630851036,434.032,234.944,135.8,434.0,234.736,135.8,LC4,blue,dend[1505],0.0779662693379429
720575940613256863,431.072,237.472,135.68,431.296,237.456,135.72,LC4,blue,dend[1514],0.844442546855181
720575940613256863,431.52,236.512,135.52,431.312,236.432,135.52,LC4,blue,dend[1514],0.508104405778037
720575940613256863,435.952,239.824,135.96,435.968,239.888,135.84,LC4,blue,dend[20],0.666568185877522
720575940613256863,435.28,235.488,135.52,435.36,235.28,135.56,LC4,blue,dend[1496],0.7270447807248126
720575940613256863,435.088,240.512,137.8,434.944,240.544,137.84,LC4,blue,dend[21],0.061000566524983736
720575940613256863,435.696,240.016,136.0,435.664,240.048,135.84,LC4,blue,dend[20],0.7556875232185513
720575940613256863,434.672,236.032,136.36,434.56,235.904,136.4,LC4,blue,dend[1497],0.315847996256367
720575940613256863,435.952,240.112,136.68,436.096,240.272,136.6,LC4,blue,dend[20],0.7294413836879705
720575940613256863,435.984,240.256,137.2,436.144,240.4,137.2,LC4,blue,dend[20],0.7796462288226237
720575940613256863,435.024,236.448,136.08,435.136,236.544,136.24,LC4,blue,dend[1497],0.30934875925120153
720575940613256863,432.688,235.856,136.16,432.64,235.712,136.24,LC4,blue,dend[1516],0.9359697321912118
720575940613256863,435.712,240.048,136.0,435.728,240.112,135.88,LC4,blue,dend[20],0.7476644982392822
720575940630998339,436.464,234.8,136.28,436.464,234.64,136.16,LC4,blue,dend[15],1.0
720575940630998339,436.32,234.816,136.28,436.24,234.72,136.12,LC4,blue,dend[15],1.0
720575940630998339,436.576,234.864,136.68,436.576,234.72,136.72,LC4,blue,dend[15],1.0
720575940630998339,438.032,235.568,136.68,438.08,235.36,136.84,LC4,blue,dend[16],1.0
720575940630998339,435.376,234.544,137.24,435.216,234.768,137.12,LC4,blue,dend[1822],0.05924922244606783
720575940620795728,433.712,236.128,135.12,433.904,236.192,135.24,LC4,blue,dend[1499],0.7194526826823808
720575940618807105,438.432,236.8,136.4,438.336,236.896,136.24,LC4,blue,dend[17],0.33542068241241313
720575940614572742,432.784,236.592,136.88,432.736,236.4,136.92,LC4,blue,dend[1517],0.773871247514218
720575940618807105,438.56,236.544,136.48,438.704,236.432,136.32,LC4,blue,dend[17],0.2874941717212407
720575940614572742,433.536,234.64,137.24,433.392,234.704,137.12,LC4,blue,dend[1506],0.9311327503421605
720575940614572742,434.672,240.736,135.96,434.848,240.784,135.92,LC4,blue,dend[21],0.24300243906899788
720575940618807105,433.152,234.784,138.16,432.96,234.768,138.2,LC4,blue,dend[1526],0.5127443347751676
720575940614572742,433.184,231.248,137.96,433.072,231.136,138.04,LC4,blue,dend[1531],0.42116930608533315
720575940614572742,434.032,236.08,137.08,434.24,236.064,137.12,LC4,blue,dend[1497],0.8566356674817479
720575940614572742,434.192,236.4,137.04,434.352,236.32,137.12,LC4,blue,dend[1497],0.9125633185065418
720575940614572742,434.512,231.2,138.0,434.4,231.344,137.72,LC4,blue,dend[1848],0.9233193311007863
720575940615127227,432.336,235.696,136.56,432.384,235.84,136.44,LC4,blue,dend[1516],0.9757392216898493
720575940615127227,437.312,233.92,136.92,437.248,234.08,137.04,LC4,blue,dend[1824],0.461030104125042
720575940615127227,436.368,233.536,137.76,436.224,233.616,137.72,LC4,blue,dend[1831],0.6758767656272927
720575940615127227,433.008,235.152,135.08,432.944,235.2,134.76,LC4,blue,dend[1505],0.4351082392397647
720575940625934973,438.192,233.696,136.8,438.272,233.632,136.64,LC4,blue,dend[14],0.24022623089363515
720575940625934973,439.072,235.232,136.44,439.168,235.216,136.32,LC4,blue,dend[17],0.11875162382642632
720575940618723749,433.472,235.184,136.4,433.68,235.072,136.44,LC4,blue,dend[1503],1.0
720575940625934973,439.136,235.552,137.0,438.96,235.696,137.08,LC4,blue,dend[17],0.20447001863267883
720575940618723749,433.184,234.832,136.92,433.344,234.736,137.0,LC4,blue,dend[1506],0.8229119236085128
720575940625934973,439.056,235.504,136.84,438.944,235.68,136.92,LC4,blue,dend[17],0.19618593837351814
720575940625934973,437.68,233.856,137.28,437.536,234.048,137.24,LC4,blue,dend[1824],0.4650637379016823
720575940613260959,435.328,235.712,137.92,435.344,235.536,138.0,LC4,blue,dend[1822],0.5605071423540116
720575940613260959,435.488,235.792,138.0,435.408,235.696,138.12,LC4,blue,dend[1822],0.6423562442026401
720575940613260959,427.184,236.624,137.2,427.312,236.8,137.12,LC4,blue,dend[1784],0.29679831078721725
720575940638456227,436.752,235.088,137.2,436.64,235.2,137.16,LC4,blue,dend[1822],0.12155197065222653
720575940638456227,436.944,234.768,137.88,437.056,234.56,137.92,LC4,blue,dend[1824],0.8008433269948413
720575940638456227,436.88,234.928,137.12,436.752,234.816,137.08,LC4,blue,dend[1824],0.6590441406664987
720575940622939836,439.52,238.608,137.64,439.552,238.784,137.56,LC4,blue,dend[17],0.7783922622722915
720575940622939836,439.44,238.048,138.0,439.424,237.92,137.84,LC4,blue,dend[17],0.6320510374172521
720575940622939836,439.456,238.688,137.88,439.632,238.784,137.92,LC4,blue,dend[17],0.7942950982448939
720575940622939836,441.184,237.936,136.96,441.216,238.096,136.88,LC4,blue,dend[17],0.7687904113057739
720575940618676440,432.656,233.712,138.08,432.592,233.856,138.0,LC4,blue,dend[1519],1.0
720575940618676440,437.472,231.872,137.52,437.664,231.872,137.44,LC4,blue,dend[9],0.5436504480886286
720575940618676440,437.312,231.92,138.12,437.36,232.064,138.24,LC4,blue,dend[1851],0.16518222159500973
720575940615462587,438.752,237.344,136.8,438.896,237.328,136.68,LC4,blue,dend[17],0.46161953656243737
720575940615462587,436.592,235.264,137.36,436.624,235.184,137.16,LC4,blue,dend[1822],0.11777919455440013
720575940628462340,436.384,238.448,135.68,436.528,238.592,135.56,LC4,blue,dend[1500],1.0
720575940615462587,436.736,235.376,137.36,436.688,235.392,137.2,LC4,blue,dend[1822],0.18746810433105734
720575940628462340,438.656,237.488,136.6,438.8,237.408,136.52,LC4,blue,dend[17],0.463419528416068
720575940628462340,435.136,236.688,136.36,435.2,236.528,136.28,LC4,blue,dend[1497],0.31894352620976446
720575940615462587,435.328,235.408,138.16,435.344,235.568,138.08,LC4,blue,dend[1822],0.5957710055447285
720575940628462340,438.448,238.032,137.04,438.384,238.16,137.2,LC4,blue,dend[17],0.5768962896878911
720575940615462587,438.336,236.192,138.04,438.576,236.176,138.08,LC4,blue,dend[17],0.2836692204429569
720575940628462340,441.52,237.952,137.32,441.616,238.128,137.2,LC4,blue,dend[17],0.8128319386022862
720575940624017251,431.504,236.32,135.32,431.296,236.384,135.36,LC4,blue,dend[1514],0.48629199389849576
720575940626605200,435.296,239.776,138.16,435.328,239.968,138.24,LC4,blue,dend[20],1.0
720575940624017251,433.552,241.232,136.52,433.76,241.152,136.56,LC4,blue,dend[21],0.817571037530135
720575940624017251,430.784,234.96,138.2,430.944,234.8,138.2,LC4,blue,dend[1539],0.34920548475137564
720575940624017251,431.408,236.256,135.72,431.312,236.416,135.64,LC4,blue,dend[1514],0.5081537773332396
720575940624017251,431.36,235.856,135.6,431.28,235.76,135.44,LC4,blue,dend[1514],0.2906914265308435
720575940624017251,430.688,235.376,138.04,430.528,235.44,138.04,LC4,blue,dend[1807],0.5012884742524676
720575940624017251,432.08,235.824,136.28,432.304,235.808,136.32,LC4,blue,dend[1516],0.991867216861659
720575940624017251,431.968,235.84,135.84,432.192,235.84,135.88,LC4,blue,dend[1518],0.973951219989226
720575940628699560,430.976,234.752,137.44,430.864,234.592,137.48,LC4,blue,dend[1542],1.0
720575940628699560,430.992,234.864,137.64,430.928,234.768,137.76,LC4,blue,dend[1542],1.0
720575940620903551,433.52,235.232,136.92,433.504,235.024,136.92,LC4,blue,dend[1516],0.39211043144953645
720575940620903551,434.448,235.84,136.72,434.512,236.048,136.68,LC4,blue,dend[1497],0.5374322736770425
720575940620903551,434.304,235.216,136.36,434.304,235.136,136.16,LC4,blue,dend[1496],1.0
720575940620903551,434.336,235.584,136.12,434.544,235.568,136.04,LC4,blue,dend[1496],0.9966687863326879
720575940610522009,433.2,233.44,137.28,433.072,233.552,137.16,LC4,blue,dend[1508],0.9011304691443542
720575940612518055,431.92,234.176,140.24,431.952,234.064,140.36,LC4,blue,dend[1544],0.6512786905267829
720575940612518055,433.344,233.792,142.24,433.472,233.872,142.12,LC4,blue,dend[1545],0.8933610114920298
720575940612518055,432.784,242.176,142.44,432.88,242.304,142.36,LC4,blue,dend[1122],0.9500543271707327
720575940625038090,427.76,240.512,143.08,427.872,240.368,143.08,LC4,blue,dend[1170],0.24190839618864776
720575940625038090,433.92,240.096,140.6,433.792,240.128,140.72,LC4,blue,dend[1468],0.22494164085884508
720575940625038090,430.032,233.968,139.16,430.096,233.712,139.24,LC4,blue,dend[1549],0.32026724571617826
720575940612518055,433.536,240.816,142.16,433.472,240.72,142.32,LC4,blue,dend[1459],0.9547294633988002
720575940612518055,435.408,231.6,139.6,435.2,231.648,139.56,LC4,blue,dend[1843],0.5418364494745062
720575940625038090,432.112,242.0,138.8,432.208,242.016,138.92,LC4,blue,dend[24],1.0
720575940625038090,432.256,242.0,138.6,432.448,242.064,138.68,LC4,blue,dend[24],0.8171786645693174
720575940625038090,433.312,240.128,140.28,433.216,240.0,140.36,LC4,blue,dend[1468],0.7372155863049591
720575940625038090,427.504,240.432,143.08,427.424,240.288,143.16,LC4,blue,dend[1170],0.6360227699048063
720575940612518055,435.456,231.84,140.0,435.232,231.872,140.04,LC4,blue,dend[1843],0.7571679411254667
720575940612518055,437.072,232.112,138.32,437.28,232.096,138.36,LC4,blue,dend[1851],0.3479661706993536
720575940625038090,430.4,236.256,138.56,430.64,236.256,138.52,LC4,blue,dend[1807],0.7705118085559927
720575940612518055,437.056,239.616,142.44,436.944,239.856,142.52,LC4,blue,dend[1463],1.0
720575940612518055,431.968,234.0,138.4,432.0,233.824,138.32,LC4,blue,dend[1529],0.807836936593707
720575940625038090,430.336,236.576,138.68,430.512,236.672,138.6,LC4,blue,dend[1807],0.9051021233571095
720575940612518055,435.408,231.76,139.8,435.168,231.744,139.84,LC4,blue,dend[1843],0.665737888040205
720575940612518055,434.784,231.904,141.44,434.816,231.712,141.44,LC4,blue,dend[1847],0.7764928815908012
720575940625038090,429.648,240.0,140.64,429.696,239.856,140.6,LC4,blue,dend[1125],0.7473649824163384
720575940625038090,430.112,237.168,138.8,430.32,237.216,138.76,LC4,blue,dend[1808],0.11808342724591073
720575940612518055,437.344,238.528,142.16,437.376,238.352,142.12,LC4,blue,dend[1480],0.49214536399377845
720575940622108001,437.712,232.816,138.24,437.696,232.72,138.44,LC4,blue,dend[1850],0.5760907463582734
720575940633580384,437.616,237.824,142.04,437.456,238.016,142.08,LC4,blue,dend[1480],0.5097394798557133
720575940633580384,438.288,237.152,143.08,438.512,237.168,143.08,LC4,blue,dend[1482],0.5081581097350322
720575940615575007,430.512,242.128,141.8,430.64,242.16,141.96,LC4,blue,dend[1128],0.923904716234582
720575940633580384,437.904,238.048,141.8,437.92,238.288,141.84,LC4,blue,dend[1478],1.0
720575940622108001,435.328,240.064,138.88,435.2,240.208,138.96,LC4,blue,dend[1470],1.0
720575940622108001,435.344,236.176,138.88,435.232,236.048,138.76,LC4,blue,dend[1822],0.9615190944559133
720575940622108001,433.056,239.776,140.24,433.072,239.968,140.28,LC4,blue,dend[1468],0.8603832741806139
720575940622108001,430.208,237.136,138.56,430.4,237.136,138.68,LC4,blue,dend[1808],0.07331947968943685
720575940615575007,431.184,241.12,141.56,431.28,241.024,141.44,LC4,blue,dend[1124],0.1820104856528806
720575940622108001,434.576,239.136,139.64,434.784,239.2,139.64,LC4,blue,dend[1470],1.0
720575940633580384,438.016,237.76,142.36,438.144,237.904,142.4,LC4,blue,dend[1482],0.03497943479156511
720575940622108001,427.936,235.488,140.04,428.0,235.712,140.04,LC4,blue,dend[1781],0.6853149926804498
720575940622108001,435.68,240.32,138.6,435.824,240.464,138.68,LC4,blue,dend[20],0.9964045618794708
720575940622108001,438.208,233.184,138.32,438.4,233.136,138.4,LC4,blue,dend[1836],0.7614795481478919
720575940622108001,430.912,239.952,142.48,431.04,240.08,142.56,LC4,blue,dend[1152],0.7252268105183284
720575940622108001,436.544,234.8,138.68,436.752,234.88,138.72,LC4,blue,dend[1825],0.8033819432412787
720575940622108001,430.624,239.344,142.68,430.8,239.216,142.72,LC4,blue,dend[1152],0.9302447905468398
720575940615575007,430.432,243.76,140.52,430.256,243.728,140.48,LC4,blue,dend[1121],0.6547607747033125
720575940615575007,431.616,244.032,140.0,431.728,244.176,140.0,LC4,blue,dend[1121],0.46799606043061537
720575940605598892,437.44,230.624,138.68,437.424,230.832,138.64,LC4,blue,dend[1859],0.4720398777067357
720575940605598892,437.392,239.712,141.2,437.52,239.808,141.12,LC4,blue,dend[1472],0.8231961525482124
720575940605598892,435.136,232.304,139.04,435.296,232.416,139.12,LC4,blue,dend[1841],0.854249569789978
720575940605598892,433.504,233.792,138.88,433.376,233.952,138.88,LC4,blue,dend[1524],0.21926644966505235
720575940605598892,436.736,240.144,142.6,436.832,239.952,142.56,LC4,blue,dend[1463],1.0
720575940605598892,433.728,234.064,138.8,433.568,234.24,138.84,LC4,blue,dend[1520],0.9968865575010076
720575940632769180,432.432,242.288,138.6,432.464,242.08,138.68,LC4,blue,dend[24],0.7977364228391389
720575940632769180,431.616,242.016,139.32,431.712,241.792,139.36,LC4,blue,dend[1127],0.8406662155481525
720575940632769180,426.352,241.936,141.32,426.16,242.08,141.24,LC4,blue,dend[1109],0.185700629736741
720575940632769180,427.472,243.616,138.68,427.52,243.792,138.72,LC4,blue,dend[1102],0.9631497281959785
720575940631338271,429.472,242.256,140.16,429.408,242.176,140.0,LC4,blue,dend[1098],0.7148366629038253
720575940631338271,437.6,238.656,142.92,437.552,238.576,142.76,LC4,blue,dend[1480],1.0
720575940631338271,432.336,233.888,138.48,432.24,233.792,138.36,LC4,blue,dend[1529],0.5148359280518415
720575940631338271,432.016,233.632,139.12,431.872,233.488,139.04,LC4,blue,dend[1544],0.2964338142444368
720575940631338271,429.328,242.528,140.24,429.36,242.656,140.08,LC4,blue,dend[1098],0.49049156110752656
720575940631338271,436.672,239.696,143.32,436.784,239.84,143.32,LC4,blue,dend[1463],1.0
720575940611134833,430.176,240.032,141.32,430.224,239.968,141.12,LC4,blue,dend[1124],0.9421948141378796
720575940624111763,436.8,239.92,139.72,437.008,239.952,139.76,LC4,blue,dend[1472],0.6849914330345335
720575940624111763,438.848,236.32,138.36,438.768,236.176,138.32,LC4,blue,dend[1479],1.0
720575940611134833,436.224,237.92,141.2,436.24,237.92,141.08,LC4,blue,dend[1474],0.9071199273920693
720575940624111763,436.4,240.64,140.28,436.416,240.864,140.24,LC4,blue,dend[1470],1.0
720575940611134833,437.744,232.352,138.68,437.616,232.512,138.64,LC4,blue,dend[1850],0.5065404088517516
720575940624111763,431.744,235.504,140.16,431.648,235.536,140.04,LC4,blue,dend[1540],0.9670961647894171
720575940611134833,435.872,237.808,140.72,435.856,237.92,140.68,LC4,blue,dend[1477],0.549907658733452
720575940611134833,436.16,237.808,140.72,436.112,237.968,140.8,LC4,blue,dend[1474],1.0
720575940611134833,437.584,232.72,139.08,437.712,232.848,138.96,LC4,blue,dend[1850],0.9437580830596664
720575940624111763,426.08,243.568,139.88,426.08,243.488,139.72,LC4,blue,dend[1110],0.5363539827876759
720575940611134833,438.176,238.288,139.2,438.384,238.272,139.24,LC4,blue,dend[1479],0.8798035899523344
720575940611134833,437.68,237.472,140.76,437.872,237.376,140.8,LC4,blue,dend[1479],0.6120371148326936
720575940624111763,433.248,235.632,138.8,433.328,235.424,138.8,LC4,blue,dend[1526],0.9657026229097003
720575940624111763,436.384,240.256,140.36,436.544,240.256,140.4,LC4,blue,dend[1470],1.0
720575940628064260,430.448,241.984,142.12,430.64,242.128,142.0,LC4,blue,dend[1128],0.9211498341185834
720575940628064260,432.464,241.424,143.16,432.368,241.344,143.24,LC4,blue,dend[1149],0.8684029587615346
720575940628064260,433.296,235.248,138.96,433.312,235.36,138.8,LC4,blue,dend[1526],0.9394394587396191
720575940628064260,431.328,235.36,139.48,431.44,235.456,139.4,LC4,blue,dend[1540],0.12579402047490962
720575940628064260,428.688,235.92,140.12,428.432,235.84,140.16,LC4,blue,dend[1781],0.9465443533853649
720575940628064260,433.44,240.752,142.56,433.552,240.672,142.44,LC4,blue,dend[1459],0.9782826647674435
720575940628064260,433.584,234.688,139.4,433.712,234.496,139.4,LC4,blue,dend[1521],0.3843105044183087
720575940626626895,433.712,235.712,138.64,433.584,235.504,138.68,LC4,blue,dend[1526],1.0
720575940626626895,432.944,239.488,142.84,432.736,239.408,142.8,LC4,blue,dend[1461],0.8386204181224743
720575940626626895,429.216,242.288,139.8,429.408,242.224,139.84,LC4,blue,dend[1098],0.6782315224735914
720575940626626895,431.424,235.664,139.96,431.536,235.552,139.88,LC4,blue,dend[1540],0.744236649384923
720575940626626895,435.328,237.872,142.64,435.36,237.664,142.76,LC4,blue,dend[1492],0.4275926703840105
720575940626626895,428.448,242.112,140.0,428.4,241.936,140.08,LC4,blue,dend[1100],0.7350501708223632
720575940626626895,430.016,244.784,139.24,430.176,244.848,139.28,LC4,blue,dend[1096],0.16494851705552732
720575940626626895,430.208,244.352,139.48,430.368,244.352,139.6,LC4,blue,dend[1095],0.8058998955257415
720575940626626895,435.648,237.984,142.6,435.728,237.856,142.72,LC4,blue,dend[1491],0.9432884466843008
720575940626626895,432.016,241.424,141.16,431.92,241.232,141.24,LC4,blue,dend[1123],1.0
720575940617176321,434.88,240.304,141.08,434.864,240.416,140.92,LC4,blue,dend[1464],0.9993269751260351
720575940617176321,435.104,240.736,141.12,435.008,240.64,140.96,LC4,blue,dend[1464],0.9776136817239436
720575940617176321,434.736,240.336,141.16,434.592,240.384,141.04,LC4,blue,dend[1465],0.6513254185714293
720575940617176321,435.072,237.072,142.72,435.232,237.008,142.68,LC4,blue,dend[1494],0.7380615553747594
720575940617176321,435.152,241.232,141.56,435.2,241.44,141.56,LC4,blue,dend[1464],1.0
720575940617176321,434.976,240.928,141.08,435.104,240.96,140.92,LC4,blue,dend[1464],0.9301704916224834
720575940617176321,432.304,234.256,140.44,432.08,234.192,140.48,LC4,blue,dend[1544],0.7077934200818919
720575940617176321,435.552,232.304,138.76,435.376,232.432,138.72,LC4,blue,dend[1841],0.5809351092620539
720575940617176321,435.424,232.192,139.2,435.312,232.352,139.2,LC4,blue,dend[1841],0.9002558577484506
720575940617176321,434.928,237.136,142.64,434.768,237.264,142.64,LC4,blue,dend[1493],0.8329532671560543
720575940649229433,430.496,244.016,139.44,430.576,244.176,139.64,LC4,blue,dend[1095],0.8118480233567679
720575940649229433,431.6,243.376,138.84,431.68,243.344,139.0,LC4,blue,dend[24],1.0
720575940649229433,431.584,243.568,138.84,431.728,243.632,139.0,LC4,blue,dend[24],1.0
720575940649229433,428.384,241.552,139.88,428.304,241.664,140.08,LC4,blue,dend[1100],1.0
720575940649229433,431.984,243.552,138.76,432.016,243.776,138.76,LC4,blue,dend[24],1.0
720575940629753807,432.128,236.688,138.32,432.08,236.784,138.48,LC4,blue,dend[1810],0.9307353168604345
720575940629753807,434.88,239.088,139.76,434.848,239.2,139.64,LC4,blue,dend[1470],1.0
720575940629753807,436.08,238.192,142.68,436.016,237.968,142.64,LC4,blue,dend[1491],0.8113814911273413
720575940629753807,431.744,236.784,138.24,431.616,236.944,138.28,LC4,blue,dend[1810],0.33661324408326304
720575940629753807,430.688,238.768,142.88,430.752,238.96,142.8,LC4,blue,dend[1152],0.9853160624642561
720575940618312606,433.248,240.336,141.8,433.2,240.144,141.92,LC4,blue,dend[1460],0.04454108872328335
720575940618312606,432.512,242.24,138.96,432.448,242.096,138.84,LC4,blue,dend[24],0.9347006345301421
720575940618312606,431.568,235.728,139.08,431.568,235.552,139.16,LC4,blue,dend[1539],0.9698673774863802
720575940618312606,432.688,241.712,139.32,432.576,241.808,139.4,LC4,blue,dend[24],0.6133285003820462
720575940618312606,433.424,235.552,138.36,433.408,235.392,138.44,LC4,blue,dend[1526],0.8971775030747617
720575940618312606,433.68,240.72,141.04,433.776,240.544,141.0,LC4,blue,dend[1467],0.6444632539059799
720575940618312606,431.232,235.632,139.24,431.376,235.456,139.28,LC4,blue,dend[1539],0.9329498027868913
720575940618312606,433.056,240.8,142.12,433.248,240.816,142.24,LC4,blue,dend[1459],0.9325875747598642
720575940638496720,433.312,231.648,138.92,433.264,231.472,139.0,LC4,blue,dend[1532],0.6849368587530741
720575940638496720,437.312,230.976,138.44,437.392,230.88,138.56,LC4,blue,dend[1859],0.46339155602739623
720575940638496720,433.056,231.68,139.0,433.04,231.52,138.96,LC4,blue,dend[1532],0.5604376646809704
720575940638496720,435.008,232.0,138.48,435.024,231.776,138.44,LC4,blue,dend[1843],0.0644126409910498
720575940638496720,437.312,239.84,142.92,437.04,239.888,142.76,LC4,blue,dend[1463],1.0
720575940615053580,435.296,241.152,138.96,435.52,241.12,138.96,LC4,blue,dend[20],1.0
720575940615053580,433.264,231.36,138.84,433.248,231.488,139.0,LC4,blue,dend[1532],0.6749999071167978
720575940615053580,428.032,241.712,140.08,428.272,241.712,140.08,LC4,blue,dend[1100],1.0
720575940615053580,427.6,243.664,139.56,427.792,243.648,139.6,LC4,blue,dend[1102],0.3220142842536566
720575940619397542,436.496,239.024,141.12,436.608,238.944,141.0,LC4,blue,dend[1472],0.9391555289641929
720575940619397542,433.84,240.784,142.36,433.6,240.688,142.36,LC4,blue,dend[1459],0.9637132812112951
720575940619397542,436.336,238.88,141.24,436.48,238.688,141.24,LC4,blue,dend[1472],0.9963161584792029
720575940619397542,436.08,238.896,141.52,436.144,238.736,141.6,LC4,blue,dend[1473],0.6816223004171974
720575940619397542,435.36,240.272,142.72,435.504,240.272,142.8,LC4,blue,dend[1463],0.9773682007227212
720575940619397542,434.544,241.424,142.16,434.736,241.552,142.12,LC4,blue,dend[1459],0.8121301149608408
720575940619397542,432.88,241.952,143.16,432.992,241.84,143.28,LC4,blue,dend[1150],0.9040006935095296
720575940619397542,434.32,232.256,141.16,434.432,232.08,141.16,LC4,blue,dend[1846],0.6479976890708238
720575940627519107,431.392,231.68,142.64,431.28,231.728,142.76,LC4,blue,dend[1682],0.7040830269574148
720575940627519107,431.248,231.904,142.24,431.04,231.968,142.24,LC4,blue,dend[1681],1.0
720575940627519107,430.88,242.672,143.12,430.8,242.88,143.2,LC4,blue,dend[1154],0.6735694740308475
720575940627519107,431.36,232.048,142.8,431.312,231.84,142.84,LC4,blue,dend[1682],0.7321568209732513
720575940627519107,431.984,232.224,142.76,431.856,232.16,142.92,LC4,blue,dend[1765],0.49218607292007366
720575940627519107,436.288,230.448,143.12,436.512,230.448,143.08,LC4,blue,dend[1867],0.8716244375171132
720575940627519107,435.504,230.064,142.52,435.504,229.92,142.36,LC4,blue,dend[1864],1.0
720575940627519107,435.712,240.512,142.92,435.568,240.416,142.8,LC4,blue,dend[1463],0.9691639342833313
720575940627519107,436.256,230.08,142.88,436.448,230.112,142.88,LC4,blue,dend[1867],0.43472175402453994
720575940627519107,432.88,233.952,141.48,433.056,234.016,141.4,LC4,blue,dend[1545],0.4223528222784348
720575940640612480,436.672,231.04,139.6,436.848,231.168,139.56,LC4,blue,dend[1859],0.7949755988741227
720575940640612480,435.792,234.56,138.52,435.792,234.384,138.52,LC4,blue,dend[1828],0.8899187049021513
720575940640612480,434.624,233.568,140.56,434.512,233.744,140.56,LC4,blue,dend[1523],0.9092635241181162
720575940626916936,432.784,239.328,141.76,432.912,239.392,141.6,LC4,blue,dend[1460],0.8190243294025371
720575940626916936,431.088,240.464,141.4,430.96,240.544,141.28,LC4,blue,dend[1124],0.46865546658727875
720575940626916936,426.4,242.368,141.12,426.304,242.352,140.96,LC4,blue,dend[1109],0.04756099132346025
720575940626916936,436.624,229.904,139.28,436.592,229.824,139.16,LC4,blue,dend[1860],0.5726806947456325
720575940626916936,436.928,231.808,142.68,436.736,231.664,142.76,LC4,blue,dend[1868],0.9453288335097537
720575940626916936,426.544,242.832,141.2,426.4,242.864,141.12,LC4,blue,dend[1107],0.9599026920685538
720575940626916936,426.224,242.304,141.24,426.16,242.176,141.12,LC4,blue,dend[1109],0.15347060116358655
720575940626916936,438.496,232.656,140.24,438.608,232.432,140.28,LC4,blue,dend[1833],0.3116248171288268
720575940626916936,436.48,229.792,139.52,436.352,229.68,139.48,LC4,blue,dend[1860],0.6665782476282887
720575940626916936,438.176,232.512,141.08,438.352,232.4,141.08,LC4,blue,dend[1833],0.45830628041079363
720575940626916936,435.312,236.976,142.24,435.328,237.168,142.4,LC4,blue,dend[1494],0.27675603138869315
720575940626916936,438.384,232.88,139.72,438.384,232.752,139.6,LC4,blue,dend[1833],0.16498436373509645
720575940625991043,430.464,237.12,138.36,430.512,237.072,138.52,LC4,blue,dend[1807],1.0
720575940625991043,439.184,238.608,139.12,439.152,238.784,139.2,LC4,blue,dend[1479],0.8164754471571041
720575940625991043,440.56,238.64,138.84,440.512,238.848,138.88,LC4,blue,dend[17],0.8971776149289957
720575940625991043,440.768,238.08,139.2,440.944,238.128,139.2,LC4,blue,dend[17],0.8178318759539528
720575940630484495,430.896,240.032,143.04,430.976,240.128,142.88,LC4,blue,dend[1152],0.6905587075919204
720575940630484495,433.776,240.384,140.68,433.76,240.16,140.72,LC4,blue,dend[1468],0.2362396765045264
720575940630484495,426.72,243.584,141.24,426.528,243.584,141.16,LC4,blue,dend[1105],0.6043734693914143
720575940630484495,433.712,240.496,140.8,433.776,240.512,140.96,LC4,blue,dend[1467],0.611074259852715
720575940630484495,426.784,244.8,140.04,426.976,244.768,140.0,LC4,blue,dend[1119],0.9001391611398801
720575940630484495,426.512,243.2,141.56,426.384,243.248,141.48,LC4,blue,dend[1108],0.913808147103723
720575940630484495,434.016,240.432,140.64,434.16,240.288,140.68,LC4,blue,dend[1469],1.0
720575940616713355,437.04,238.336,141.96,437.184,238.32,142.08,LC4,blue,dend[1491],0.261930902124571
720575940617026260,436.72,231.456,139.48,436.864,231.36,139.6,LC4,blue,dend[1859],0.8238809755494817
720575940616713355,436.208,237.92,142.28,436.224,237.952,142.48,LC4,blue,dend[1491],0.7130737252075903
720575940616713355,436.16,231.216,142.92,436.368,231.136,142.92,LC4,blue,dend[1868],0.5294848452406866
720575940617026260,433.76,233.856,142.32,433.584,233.904,142.2,LC4,blue,dend[1545],0.9584088479746684
720575940616713355,436.224,238.784,141.84,436.112,238.736,141.72,LC4,blue,dend[1473],0.8223578276795884
720575940617026260,432.24,241.216,143.32,432.352,241.296,143.2,LC4,blue,dend[1149],0.916981058614006
720575940617026260,431.568,243.248,139.2,431.68,243.296,139.08,LC4,blue,dend[24],1.0
720575940617026260,435.568,232.384,140.6,435.376,232.352,140.6,LC4,blue,dend[1844],0.8772045209001449
720575940616713355,431.968,234.08,140.8,432.032,234.224,140.72,LC4,blue,dend[1544],0.7575058342126051
720575940617026260,429.856,243.552,140.2,429.696,243.68,140.12,LC4,blue,dend[1097],0.38361648101150625
720575940617026260,430.48,242.288,141.96,430.688,242.192,141.92,LC4,blue,dend[1128],0.8784145122883041
720575940617026260,430.032,243.648,140.28,430.144,243.824,140.28,LC4,blue,dend[1095],1.0
720575940628454522,432.496,241.936,138.96,432.464,242.096,138.84,LC4,blue,dend[24],0.8977686626432422
720575940628454522,434.736,240.656,138.24,434.864,240.704,138.4,LC4,blue,dend[21],0.11644156150428174
720575940628454522,432.032,241.76,139.16,432.016,241.92,139.2,LC4,blue,dend[24],1.0
720575940628454522,426.912,240.208,143.28,427.088,240.256,143.32,LC4,blue,dend[1170],0.941057629169318
720575940628454522,429.728,241.744,139.84,429.68,241.904,139.76,LC4,blue,dend[1098],0.7668893835076254
720575940618002644,431.472,233.648,139.64,431.648,233.536,139.6,LC4,blue,dend[1544],0.3928298817662357
720575940618002644,430.976,233.92,139.16,430.848,233.776,139.08,LC4,blue,dend[1543],1.0
720575940618002644,429.36,243.968,140.48,429.248,243.824,140.36,LC4,blue,dend[1101],0.1110597843666417
720575940618002644,430.384,234.528,140.96,430.096,234.544,140.88,LC4,blue,dend[1552],0.49345941783446984
720575940618002644,436.4,240.544,142.28,436.224,240.64,142.12,LC4,blue,dend[1463],0.8745007208181758
720575940618002644,431.28,235.168,138.24,431.104,235.024,138.28,LC4,blue,dend[1539],0.4807494656733045
720575940618002644,436.448,240.4,141.96,436.416,240.608,142.0,LC4,blue,dend[1463],0.8647422757850535
720575940612580977,431.248,232.848,138.4,431.168,232.928,138.24,LC4,blue,dend[1534],0.8142876126570489
720575940612580977,430.624,232.816,138.64,430.496,232.928,138.6,LC4,blue,dend[1549],0.30354051121978903
720575940612580977,432.288,232.304,138.24,432.384,232.272,138.12,LC4,blue,dend[1530],0.6964167706415292
720575940612580977,437.488,232.96,138.48,437.648,232.816,138.52,LC4,blue,dend[1850],0.6879270335097591
720575940612580977,434.656,232.192,140.84,434.576,231.984,140.92,LC4,blue,dend[1845],0.7956477386391579
720575940612580977,437.344,232.64,138.68,437.552,232.576,138.64,LC4,blue,dend[1850],0.5508132501643412
720575940612580977,433.248,234.048,141.44,433.04,234.064,141.4,LC4,blue,dend[1545],0.4028280447335102
720575940612580977,432.656,231.84,138.76,432.736,231.632,138.72,LC4,blue,dend[1532],0.2830660108170423
720575940612580977,430.672,244.192,140.0,430.608,244.096,139.88,LC4,blue,dend[1095],0.871653152307774
720575940612580977,426.176,243.136,141.24,426.352,243.072,141.28,LC4,blue,dend[1108],0.592912700542419
720575940612580977,433.408,234.144,142.12,433.536,233.952,142.12,LC4,blue,dend[1545],0.8965622571025419
720575940612580977,430.88,244.48,139.56,430.816,244.32,139.52,LC4,blue,dend[1095],0.7527772351536083
720575940612580977,436.64,231.696,140.0,436.752,231.536,140.0,LC4,blue,dend[1859],0.9497388714121983
720575940612580977,430.288,244.16,140.28,430.064,243.952,140.16,LC4,blue,dend[1095],0.9932216604671826
720575940628081541,438.608,233.408,138.88,438.496,233.36,138.96,LC4,blue,dend[1836],0.5521804797775245
720575940628081541,426.256,243.328,139.16,426.224,243.456,139.32,LC4,blue,dend[1110],0.5739376599500219
720575940617266722,434.672,231.824,140.48,434.832,231.904,140.6,LC4,blue,dend[1843],0.9964003287252288
720575940628081541,438.448,238.624,139.16,438.48,238.464,139.28,LC4,blue,dend[1479],0.8136452982931964
720575940628081541,427.984,236.224,139.84,428.0,236.032,139.76,LC4,blue,dend[1779],0.965778946201646
720575940628081541,438.624,238.784,139.08,438.768,238.864,139.2,LC4,blue,dend[1479],0.7401969279111068
720575940617266722,434.768,231.776,140.4,434.96,231.872,140.44,LC4,blue,dend[1843],0.9272374814260392
720575940628081541,427.648,236.56,139.4,427.504,236.416,139.52,LC4,blue,dend[1780],0.6722480308367681
720575940628081541,436.112,234.672,138.92,436.16,234.56,138.76,LC4,blue,dend[1827],0.7108282689942547
720575940628081541,426.416,243.104,139.72,426.48,243.344,139.76,LC4,blue,dend[1110],0.11749585354891301
720575940628081541,426.416,243.024,140.08,426.608,243.184,140.12,LC4,blue,dend[1106],0.804085074065576
720575940628081541,427.952,236.272,139.28,428.08,236.128,139.32,LC4,blue,dend[1779],0.7474420134022745
720575940628081541,428.544,236.336,138.6,428.656,236.208,138.64,LC4,blue,dend[1779],0.36619174166710144
720575940617266722,434.24,233.712,140.6,434.448,233.728,140.56,LC4,blue,dend[1523],0.9136068891855468
720575940628081541,428.48,236.368,138.72,428.64,236.24,138.76,LC4,blue,dend[1779],0.42224263991564454
720575940628081541,426.128,242.128,140.8,426.144,242.224,140.96,LC4,blue,dend[1109],0.12898487829865202
720575940617266722,435.616,240.064,142.88,435.472,240.192,142.84,LC4,blue,dend[1463],0.987708415062652
720575940617266722,433.424,233.536,139.28,433.328,233.712,139.28,LC4,blue,dend[1524],0.8724931271443769
720575940628081541,438.688,232.896,138.32,438.56,232.736,138.36,LC4,blue,dend[1832],0.8276456334037333
720575940630851036,430.192,244.96,139.48,430.16,245.104,139.4,LC4,blue,dend[1096],0.22368234582047433
720575940630851036,430.48,244.656,139.44,430.496,244.544,139.36,LC4,blue,dend[1096],0.4381166420548753
720575940630851036,430.768,243.248,139.2,430.944,243.2,139.12,LC4,blue,dend[1120],1.0
720575940630851036,431.6,240.864,141.2,431.712,241.056,141.24,LC4,blue,dend[1127],0.3885368045938822
720575940630851036,431.28,240.72,141.16,431.12,240.752,141.28,LC4,blue,dend[1124],0.34293593603453604
720575940630851036,431.472,241.712,139.4,431.68,241.744,139.4,LC4,blue,dend[1127],0.7382004375480233
720575940630851036,430.352,245.008,139.52,430.384,245.152,139.44,LC4,blue,dend[1096],0.8611026534040129
720575940613256863,427.808,240.208,142.88,427.84,240.304,143.04,LC4,blue,dend[1170],0.2802500768236266
720575940613256863,430.304,239.808,140.8,430.32,239.968,140.96,LC4,blue,dend[1124],0.9211024821358349
720575940613256863,427.904,239.984,143.0,428.048,240.112,143.08,LC4,blue,dend[1170],0.18454626312880712
720575940613256863,429.856,239.84,140.96,429.888,239.984,140.88,LC4,blue,dend[1125],0.3378383617472047
720575940613256863,435.104,240.272,138.6,435.28,240.192,138.6,LC4,blue,dend[20],1.0
720575940630998339,429.568,232.64,142.44,429.696,232.544,142.52,LC4,blue,dend[1766],0.3927827151267321
720575940630998339,434.704,233.984,140.16,434.496,234.016,140.12,LC4,blue,dend[1523],0.3498302493011909
720575940630998339,428.528,243.824,140.52,428.544,243.744,140.36,LC4,blue,dend[1101],0.47599575350165296
720575940630998339,429.808,233.648,140.48,429.92,233.808,140.52,LC4,blue,dend[1550],0.6333896205855949
720575940630998339,431.392,240.672,143.28,431.296,240.848,143.28,LC4,blue,dend[1152],0.45510512726771957
720575940630998339,434.88,233.984,139.68,434.704,234.128,139.72,LC4,blue,dend[1522],0.6773170839759138
720575940630998339,428.4,245.616,139.8,428.304,245.52,139.72,LC4,blue,dend[1119],1.0
720575940620795728,436.496,234.352,138.84,436.336,234.448,138.68,LC4,blue,dend[1827],0.4545985487932556
720575940620795728,431.36,238.096,140.08,431.168,238.112,140.04,LC4,blue,dend[1808],0.9589257216454251
720575940620795728,436.768,234.768,138.88,436.8,234.864,138.72,LC4,blue,dend[1825],0.7675126369851472
720575940620795728,438.016,237.6,141.44,438.0,237.776,141.32,LC4,blue,dend[1479],0.3229310637255032
720575940620795728,431.28,237.792,139.84,431.056,237.76,139.84,LC4,blue,dend[1808],0.7633587535880278
720575940620795728,435.344,237.904,140.4,435.424,238.016,140.52,LC4,blue,dend[1477],1.0
720575940620795728,436.24,237.504,141.2,436.336,237.696,141.16,LC4,blue,dend[1476],0.9475155193044488
720575940620795728,432.016,237.008,138.6,431.984,236.832,138.52,LC4,blue,dend[1810],0.8370106686181064
720575940620795728,430.96,244.272,138.44,431.088,244.432,138.48,LC4,blue,dend[1120],1.0
720575940622531767,429.424,244.096,140.0,429.488,243.872,140.0,LC4,blue,dend[1097],0.5175711997628109
720575940622531767,435.984,238.0,142.4,436.08,237.952,142.56,LC4,blue,dend[1491],0.7790988647441167
720575940622531767,428.992,243.968,140.44,428.976,243.808,140.4,LC4,blue,dend[1101],0.2526101798100373
720575940622531767,438.352,237.52,142.96,438.464,237.456,142.84,LC4,blue,dend[1482],0.3565891326604054
720575940618807105,431.872,234.592,140.52,431.92,234.544,140.68,LC4,blue,dend[1544],0.7518385621082252
720575940614572742,428.288,241.536,140.2,428.304,241.664,140.08,LC4,blue,dend[1100],1.0
720575940614572742,430.416,237.248,139.28,430.432,237.44,139.2,LC4,blue,dend[1808],0.36007587773392635
720575940614572742,431.28,237.12,138.44,431.216,237.088,138.24,LC4,blue,dend[1809],0.8393794694787142
720575940618807105,433.696,240.16,140.92,433.824,240.144,140.84,LC4,blue,dend[1468],0.14580125804142496
720575940618807105,433.632,235.168,138.48,433.424,235.328,138.52,LC4,blue,dend[1526],0.896667413107279
720575940614572742,426.992,243.28,139.96,426.848,243.408,140.0,LC4,blue,dend[1106],0.42861818705598115
720575940618807105,433.728,240.288,141.04,433.872,240.336,141.04,LC4,blue,dend[1466],0.9673626680198036
720575940614572742,428.144,235.856,140.24,428.096,235.728,140.08,LC4,blue,dend[1781],0.7763318837203976
720575940618807105,427.984,243.888,140.4,427.872,243.792,140.32,LC4,blue,dend[1101],0.8289516098940322
720575940618807105,429.488,234.768,140.88,429.536,234.736,140.72,LC4,blue,dend[1551],0.8180549639637495
720575940618807105,431.04,241.168,143.24,431.232,241.008,143.28,LC4,blue,dend[1152],0.42614724405764165
720575940614572742,428.496,241.968,140.4,428.688,242.016,140.4,LC4,blue,dend[1098],1.0
720575940615127227,430.624,238.992,142.6,430.8,239.008,142.72,LC4,blue,dend[1152],0.9769953243538657
720575940615127227,432.224,235.856,139.24,432.16,235.888,139.08,LC4,blue,dend[1541],0.8368050377094465
720575940615127227,431.712,235.488,139.28,431.52,235.504,139.24,LC4,blue,dend[1539],0.9631157196198086
720575940615127227,431.712,235.488,139.52,431.52,235.52,139.52,LC4,blue,dend[1540],0.29091919888222306
720575940615127227,428.88,243.536,140.32,428.832,243.76,140.32,LC4,blue,dend[1101],0.3260839920074509
720575940615127227,430.64,239.488,141.32,430.512,239.6,141.2,LC4,blue,dend[1126],0.8081627514090696
720575940615127227,431.072,240.272,141.24,430.864,240.448,141.24,LC4,blue,dend[1124],0.5387903211387952
720575940615127227,437.28,238.24,141.84,437.248,238.368,142.04,LC4,blue,dend[1491],0.2292251978508319
720575940615127227,435.888,233.52,138.4,435.984,233.808,138.36,LC4,blue,dend[1831],0.8790542807629874
720575940625934973,432.128,243.184,138.92,432.304,243.328,139.0,LC4,blue,dend[24],1.0
720575940618723749,431.248,234.112,138.64,431.136,233.936,138.6,LC4,blue,dend[1543],0.12265626858983876
720575940625934973,436.144,234.336,138.84,436.176,234.528,138.76,LC4,blue,dend[1827],0.6680030432633604
720575940618723749,429.968,234.144,140.44,429.808,234.032,140.52,LC4,blue,dend[1550],0.730309875155923
720575940618723749,436.816,240.32,138.48,436.848,240.528,138.44,LC4,blue,dend[20],0.7195154102998174
720575940625934973,432.144,243.216,139.52,432.352,243.28,139.48,LC4,blue,dend[24],1.0
720575940625934973,432.016,243.248,139.32,432.032,243.44,139.24,LC4,blue,dend[24],1.0
720575940625934973,432.992,234.448,141.16,432.848,234.4,141.2,LC4,blue,dend[1545],0.16035006860097048
720575940618723749,433.28,239.968,142.68,433.04,239.904,142.72,LC4,blue,dend[1461],0.39689746281206895
720575940625934973,433.968,240.832,142.64,433.76,240.88,142.6,LC4,blue,dend[1459],0.9755939656474195
720575940625934973,432.528,243.52,140.24,432.56,243.712,140.24,LC4,blue,dend[24],1.0
720575940618723749,433.984,240.064,141.36,433.936,240.208,141.24,LC4,blue,dend[1466],0.9409263373847204
720575940618723749,429.088,233.488,143.32,429.168,233.328,143.36,LC4,blue,dend[1766],0.8932680790023202
720575940625934973,434.352,234.304,140.2,434.192,234.24,139.88,LC4,blue,dend[1521],0.9149961954833394
720575940625934973,436.064,234.0,138.6,435.936,233.824,138.56,LC4,blue,dend[1831],0.9339792729149636
720575940613260959,432.416,242.496,141.96,432.24,242.448,142.08,LC4,blue,dend[1122],0.9339785971921206
720575940613260959,437.968,232.56,138.44,437.776,232.64,138.48,LC4,blue,dend[1850],0.5411554916501561
720575940613260959,432.784,242.096,140.08,432.96,241.968,140.04,LC4,blue,dend[1467],1.0
720575940613260959,434.224,241.264,143.08,434.24,241.472,143.04,LC4,blue,dend[1129],0.9825768449786232
720575940613260959,438.032,232.752,138.64,437.824,232.784,138.64,LC4,blue,dend[1850],0.7408542976032396
720575940613260959,432.112,235.392,141.24,432.176,235.216,141.32,LC4,blue,dend[1546],0.8658692979117967
720575940613260959,432.64,242.032,139.76,432.768,241.888,139.76,LC4,blue,dend[1467],1.0
720575940613260959,433.536,242.048,142.48,433.584,242.224,142.52,LC4,blue,dend[1129],0.8269676830869407
720575940613260959,432.448,242.848,139.24,432.496,243.04,139.16,LC4,blue,dend[24],1.0
720575940613260959,427.92,235.76,139.6,427.888,236.0,139.64,LC4,blue,dend[1779],0.9230876921660424
720575940613260959,438.24,232.8,138.52,438.432,232.848,138.48,LC4,blue,dend[1832],0.898231942279441
720575940613260959,434.736,235.824,138.28,434.96,235.84,138.36,LC4,blue,dend[1822],0.7857528639717098
720575940613260959,438.352,232.448,138.88,438.56,232.512,138.92,LC4,blue,dend[1833],0.047792447488016275
720575940638456227,433.232,239.952,142.0,433.168,240.128,141.96,LC4,blue,dend[1459],0.9746117080234885
720575940638456227,435.424,239.696,140.88,435.344,239.888,140.8,LC4,blue,dend[1470],0.8046260757439404
720575940638456227,431.056,239.776,142.92,430.976,239.856,142.8,LC4,blue,dend[1152],0.7594149170503565
720575940638456227,436.384,238.88,140.76,436.592,238.96,140.8,LC4,blue,dend[1472],0.9133376532931049
720575940622939836,435.92,241.136,139.28,435.84,241.232,139.16,LC4,blue,dend[20],1.0
720575940622939836,434.72,241.536,139.6,434.8,241.744,139.56,LC4,blue,dend[1464],0.5487367836625877
720575940622939836,435.072,241.312,139.6,435.264,241.232,139.56,LC4,blue,dend[1464],0.5734746453911358
720575940622939836,438.336,239.536,138.36,438.368,239.712,138.28,LC4,blue,dend[17],0.8650736712316067
720575940622939836,430.688,240.72,141.16,430.768,240.528,141.2,LC4,blue,dend[1124],0.5535388252935312
720575940622939836,438.576,239.344,138.28,438.704,239.472,138.16,LC4,blue,dend[17],0.8467065700708343
720575940622939836,434.96,241.472,139.84,435.008,241.68,139.84,LC4,blue,dend[1464],0.6088923078256266
720575940618676440,432.48,233.504,138.28,432.32,233.504,138.16,LC4,blue,dend[1529],0.5706673968534416
720575940628462340,441.28,238.176,138.24,441.264,238.304,138.36,LC4,blue,dend[17],0.8479879043743598
720575940628462340,435.216,240.208,140.6,435.184,240.032,140.68,LC4,blue,dend[1470],0.5777241636780467
720575940615462587,438.08,238.768,140.04,438.208,238.944,140.08,LC4,blue,dend[1478],0.6712554288399648
720575940628462340,430.8,237.84,139.48,430.592,237.728,139.48,LC4,blue,dend[1808],0.5699513081685841
720575940628462340,436.0,240.88,140.48,436.096,241.056,140.44,LC4,blue,dend[1464],0.7495595729259812
720575940615462587,433.776,235.472,138.92,433.6,235.52,138.76,LC4,blue,dend[1526],1.0
720575940628462340,430.928,238.24,139.96,431.136,238.224,140.04,LC4,blue,dend[1808],0.9903960902883167
720575940628462340,430.656,238.048,139.44,430.544,237.888,139.4,LC4,blue,dend[1808],0.5857773687573254
720575940628462340,431.536,237.456,138.24,431.376,237.44,138.12,LC4,blue,dend[1811],0.1713652915991644
720575940615462587,435.968,235.216,138.4,436.096,235.104,138.52,LC4,blue,dend[1829],0.8621037631888424
720575940615462587,432.064,235.088,141.2,432.176,235.2,141.32,LC4,blue,dend[1546],0.8501183490154802
720575940624017251,428.24,243.584,140.12,428.192,243.776,140.12,LC4,blue,dend[1101],0.6611314614585395
720575940624017251,437.616,240.112,138.24,437.664,240.256,138.12,LC4,blue,dend[20],0.463670392136104
720575940626605200,437.136,231.648,139.68,436.976,231.424,139.64,LC4,blue,dend[1859],0.8257698164163988
720575940626605200,427.472,244.08,140.0,427.36,244.0,140.08,LC4,blue,dend[1119],0.24401203026028528
720575940624017251,436.704,240.688,138.88,436.752,240.864,138.8,LC4,blue,dend[20],0.8005029892745451
720575940624017251,432.864,239.872,141.52,433.04,239.712,141.6,LC4,blue,dend[1460],0.5569917672980329
720575940626605200,435.056,232.032,139.72,435.152,231.84,139.68,LC4,blue,dend[1843],0.600664780224485
720575940624017251,432.784,240.096,142.2,433.008,240.176,142.28,LC4,blue,dend[1459],1.0
720575940624017251,432.784,239.968,140.16,433.008,239.968,140.2,LC4,blue,dend[1468],0.9342294204802805
720575940624017251,428.864,236.176,138.96,428.656,236.272,138.92,LC4,blue,dend[1779],0.49361012627756345
720575940626605200,430.928,243.024,138.8,430.752,243.104,138.76,LC4,blue,dend[1120],1.0
720575940626605200,439.104,232.4,141.24,438.88,232.352,141.24,LC4,blue,dend[1833],0.5053458632373928
720575940624017251,430.512,236.048,138.76,430.656,236.224,138.72,LC4,blue,dend[1807],0.7608896498793414
720575940626605200,430.736,233.584,139.88,430.72,233.392,139.84,LC4,blue,dend[1549],0.656481490527687
720575940626605200,429.744,243.376,139.72,429.744,243.472,139.84,LC4,blue,dend[1097],0.2753812276564381
720575940626605200,435.056,232.032,140.08,435.136,231.84,140.2,LC4,blue,dend[1843],0.8240178322350767
720575940626605200,435.408,237.504,142.88,435.264,237.552,142.76,LC4,blue,dend[1492],0.6144922860148044
720575940626605200,439.12,232.432,140.72,438.8,232.32,140.8,LC4,blue,dend[1833],0.4200442982085364
720575940626605200,429.696,243.632,139.0,429.904,243.632,139.0,LC4,blue,dend[1120],0.9329723621654877
720575940626605200,435.248,239.104,139.56,434.896,239.216,139.64,LC4,blue,dend[1470],1.0
720575940624017251,432.624,239.776,142.8,432.816,239.872,142.84,LC4,blue,dend[1461],0.5424365989571692
720575940626605200,438.608,238.272,139.16,438.416,238.32,139.2,LC4,blue,dend[1479],0.880554539532744
720575940626605200,435.504,237.872,143.16,435.568,238.048,143.28,LC4,blue,dend[1495],0.7020986066738044
720575940626605200,431.424,233.712,140.04,431.632,233.776,140.0,LC4,blue,dend[1544],0.4983238605526592
720575940628699560,431.184,235.184,139.32,431.328,235.36,139.28,LC4,blue,dend[1539],0.8877864602161165
720575940628699560,431.232,232.496,142.36,431.2,232.288,142.28,LC4,blue,dend[1681],1.0
720575940628699560,431.712,231.536,143.2,431.584,231.568,143.28,LC4,blue,dend[1682],1.0
720575940628699560,430.992,234.496,138.4,430.896,234.288,138.36,LC4,blue,dend[1537],1.0
720575940628699560,431.664,232.768,143.16,431.648,232.672,143.28,LC4,blue,dend[1765],0.7861396769399605
720575940628699560,431.072,233.248,140.96,430.992,233.024,141.0,LC4,blue,dend[1681],0.49311684858278926
720575940628699560,432.016,231.28,143.28,431.952,231.248,143.4,LC4,blue,dend[1683],0.11244724732368407
720575940628699560,431.2,234.752,138.64,431.264,234.944,138.6,LC4,blue,dend[1539],0.548912832651125
720575940628699560,430.912,233.216,141.12,430.848,232.976,141.08,LC4,blue,dend[1681],0.5075049741701076
720575940628699560,432.016,232.064,143.08,431.84,232.064,143.0,LC4,blue,dend[1765],0.44160923334240687
720575940620903551,435.584,240.848,138.96,435.6,240.96,138.84,LC4,blue,dend[20],1.0
720575940620903551,433.136,235.424,138.64,433.344,235.36,138.68,LC4,blue,dend[1526],0.9216702943880575
720575940620903551,433.248,242.48,143.16,433.152,242.304,143.04,LC4,blue,dend[1148],0.5403409309163437
720575940620903551,432.592,234.912,141.32,432.464,234.816,141.24,LC4,blue,dend[1544],0.9853772987095284
720575940620903551,430.736,243.152,143.0,430.608,243.168,143.12,LC4,blue,dend[1154],0.7934139685019987
720575940610522009,436.816,231.632,142.92,436.736,231.664,142.76,LC4,blue,dend[1868],0.9453288335097537
720575940610522009,436.432,230.832,142.84,436.448,230.816,143.0,LC4,blue,dend[1868],0.30737783979874717
720575940610522009,436.448,230.544,142.76,436.48,230.352,142.88,LC4,blue,dend[1867],0.6228824149013202
720575940610522009,431.248,232.832,140.72,431.024,232.832,140.68,LC4,blue,dend[1681],0.4049403741005193
720575940610522009,430.48,242.896,143.2,430.672,243.008,143.24,LC4,blue,dend[1154],0.7159244477338155
720575940612518055,429.104,240.944,148.36,429.296,240.912,148.28,LC4,blue,dend[1189],0.025146598930674717
720575940612518055,429.376,242.064,144.8,429.408,242.128,144.64,LC4,blue,dend[1167],0.3059524713886327
720575940612518055,428.72,242.864,145.36,428.816,242.96,145.32,LC4,blue,dend[1172],0.7707842719861739
720575940612518055,429.28,241.92,144.72,429.28,241.952,144.52,LC4,blue,dend[1167],0.3718619661624961
720575940612518055,431.504,234.24,145.72,431.616,234.384,145.6,LC4,blue,dend[1770],0.3503925814152748
720575940612518055,431.184,234.336,145.52,431.2,234.528,145.48,LC4,blue,dend[1770],0.22105286904433688
720575940612518055,428.608,242.944,145.52,428.624,242.896,145.72,LC4,blue,dend[1172],0.6442037320760046
720575940612518055,429.168,241.216,146.56,429.232,241.088,146.44,LC4,blue,dend[1175],0.8044960325742513
720575940612518055,429.392,242.496,145.36,429.392,242.72,145.36,LC4,blue,dend[1166],1.0
720575940612518055,433.952,240.72,146.24,433.952,240.912,146.2,LC4,blue,dend[1139],0.8325596807343106
720575940612518055,432.0,232.768,148.0,431.84,232.656,148.12,LC4,blue,dend[1690],0.9315916262079054
720575940612518055,428.624,241.968,145.88,428.576,242.064,145.84,LC4,blue,dend[1177],0.9773042762856582
720575940625038090,427.424,240.848,143.36,427.584,240.944,143.44,LC4,blue,dend[1169],0.9884668402277165
720575940615575007,426.752,243.872,146.96,426.768,243.728,146.88,LC4,blue,dend[1198],0.944485728092186
720575940633580384,433.232,239.632,146.72,433.392,239.728,146.72,LC4,blue,dend[1147],0.3504039790841724
720575940633580384,428.944,243.984,144.8,429.04,244.08,144.68,LC4,blue,dend[1159],0.8877859232504637
720575940633580384,433.792,239.408,146.56,433.68,239.584,146.44,LC4,blue,dend[1147],0.3059341396152303
720575940622108001,426.592,236.768,144.92,426.592,236.56,144.8,LC4,blue,dend[1777],0.658771340820134
720575940633580384,436.016,238.528,145.0,436.08,238.736,144.92,LC4,blue,dend[1462],0.9437658985458254
720575940633580384,429.504,233.84,145.08,429.44,234.096,145.04,LC4,blue,dend[1768],0.9586595695684932
720575940633580384,433.424,239.472,146.56,433.408,239.664,146.48,LC4,blue,dend[1147],0.25526323321235933
720575940633580384,432.768,240.096,146.16,432.704,239.92,146.04,LC4,blue,dend[1146],0.5801227028990529
720575940633580384,430.496,243.04,145.16,430.4,242.88,145.04,LC4,blue,dend[1158],1.0
720575940633580384,429.536,233.36,143.72,429.328,233.344,143.6,LC4,blue,dend[1766],0.9081735812511318
720575940633580384,429.632,233.6,143.76,429.376,233.648,143.76,LC4,blue,dend[1768],0.1214015755681641
720575940615575007,431.616,235.36,147.68,431.648,235.552,147.64,LC4,blue,dend[1772],0.8422483177123318
720575940605598892,433.232,238.976,145.24,433.04,239.088,145.16,LC4,blue,dend[1141],0.7587183301067528
720575940605598892,426.096,243.568,144.92,426.032,243.584,145.08,LC4,blue,dend[1185],0.22790468269649866
720575940605598892,435.76,239.248,144.76,435.952,239.136,144.76,LC4,blue,dend[1462],0.9025507487946584
720575940605598892,437.04,240.112,144.32,437.248,240.064,144.36,LC4,blue,dend[1462],0.8606445008353002
720575940614914107,428.88,240.272,143.72,428.784,240.48,143.72,LC4,blue,dend[1167],0.8007628169858299
720575940614914107,429.312,240.176,144.96,429.488,240.112,145.0,LC4,blue,dend[1161],0.8177914737188618
720575940631338271,432.368,239.392,145.32,432.352,239.296,145.2,LC4,blue,dend[1142],0.6596140538227959
720575940631338271,438.144,235.616,144.36,438.288,235.776,144.4,LC4,blue,dend[1484],0.909635719336954
720575940611134833,428.24,232.16,148.16,428.256,232.08,148.28,LC4,blue,dend[1747],0.5560307995209354
720575940624111763,428.128,234.016,145.0,428.288,234.16,145.08,LC4,blue,dend[1776],1.0
720575940624111763,429.04,234.128,144.12,429.248,234.0,144.16,LC4,blue,dend[1768],0.4464596981221819
720575940611134833,433.76,239.072,147.32,433.632,239.136,147.48,LC4,blue,dend[1147],0.9048240088915434
720575940628064260,427.456,242.784,146.52,427.504,242.96,146.6,LC4,blue,dend[1197],0.7522149805797096
720575940628064260,433.104,241.36,143.36,433.152,241.44,143.52,LC4,blue,dend[1150],1.0
720575940628064260,435.888,240.88,144.28,435.664,240.912,144.32,LC4,blue,dend[1130],0.9374408036022805
720575940628064260,433.216,239.984,146.68,433.36,239.76,146.64,LC4,blue,dend[1147],0.2984540168748063
720575940628064260,426.32,243.616,145.24,426.128,243.52,145.16,LC4,blue,dend[1185],0.14795811559582941
720575940628064260,429.312,240.64,146.6,429.36,240.848,146.52,LC4,blue,dend[1175],0.9392523361451628
720575940628064260,427.2,243.392,145.4,427.392,243.344,145.44,LC4,blue,dend[1183],0.9156713485872396
720575940628064260,432.512,238.16,144.8,432.64,238.304,144.96,LC4,blue,dend[1143],0.5714502128040739
720575940626626895,430.176,240.8,145.2,430.016,240.848,145.28,LC4,blue,dend[1161],0.530541324237629
720575940626626895,432.56,231.44,147.32,432.464,231.264,147.32,LC4,blue,dend[1761],0.7411592533244433
720575940626626895,432.416,231.888,146.08,432.368,231.616,146.08,LC4,blue,dend[1763],0.7005591863746309
720575940626626895,429.216,239.2,145.28,429.136,239.392,145.24,LC4,blue,dend[1163],0.9768056013125653
720575940617176321,426.432,242.128,148.0,426.4,242.256,148.12,LC4,blue,dend[1201],0.4970167905815333
720575940617176321,430.8,241.92,146.36,430.848,241.744,146.28,LC4,blue,dend[1165],0.838281648131953
720575940617176321,427.408,242.192,148.0,427.424,242.384,148.04,LC4,blue,dend[1199],0.937136921144639
720575940617176321,430.768,236.32,148.08,430.928,236.384,148.16,LC4,blue,dend[1775],0.3708105995637127
720575940617176321,427.248,242.224,147.56,427.28,242.416,147.56,LC4,blue,dend[1200],1.0
720575940617176321,426.496,241.888,148.2,426.32,242.0,148.28,LC4,blue,dend[1201],0.6139830310146192
720575940617176321,430.576,235.952,148.16,430.608,235.728,148.08,LC4,blue,dend[1774],0.38729692959414813
720575940649229433,428.544,240.416,143.64,428.688,240.56,143.68,LC4,blue,dend[1167],0.8114185409044394
720575940629753807,430.832,232.72,145.2,430.864,232.48,145.16,LC4,blue,dend[1684],0.15184057342019017
720575940629753807,430.112,233.968,145.08,429.904,234.176,144.96,LC4,blue,dend[1769],0.2666183902997133
720575940629753807,438.224,235.92,144.48,438.352,235.824,144.4,LC4,blue,dend[1484],0.8648080134520401
720575940629753807,426.512,243.744,146.88,426.736,243.696,146.92,LC4,blue,dend[1198],0.9154808965114358
720575940618312606,431.696,240.752,143.52,431.552,240.944,143.48,LC4,blue,dend[1152],0.3862094542830805
720575940638496720,427.488,242.976,145.44,427.424,242.928,145.6,LC4,blue,dend[1182],0.9426838846849301
720575940638496720,437.472,239.84,143.52,437.328,239.84,143.64,LC4,blue,dend[1462],0.8112115102602895
720575940638496720,437.296,240.24,144.44,437.248,240.08,144.36,LC4,blue,dend[1462],0.8597524140476029
720575940638496720,433.648,234.08,145.2,433.552,234.288,145.2,LC4,blue,dend[1770],0.9709468720066584
720575940638496720,426.48,242.832,145.2,426.416,242.976,145.32,LC4,blue,dend[1184],0.8031954176027619
720575940619397542,429.088,242.16,144.48,429.184,242.096,144.4,LC4,blue,dend[1167],0.38936277780601336
720575940619397542,430.72,243.264,143.44,430.752,243.088,143.32,LC4,blue,dend[1154],0.6884307919386276
720575940619397542,432.016,234.448,145.16,431.936,234.496,145.28,LC4,blue,dend[1770],0.4592650538084756
720575940619397542,431.52,242.4,143.8,431.504,242.24,143.88,LC4,blue,dend[1153],0.9537836676828144
720575940619397542,429.792,243.872,144.64,429.728,243.84,144.8,LC4,blue,dend[1159],0.6240279774271882
720575940619397542,429.152,242.176,144.6,429.328,242.048,144.56,LC4,blue,dend[1167],0.3440143837214677
720575940619397542,430.992,236.624,148.16,430.96,236.416,148.2,LC4,blue,dend[1775],0.43555906960547147
720575940627519107,435.44,241.056,143.4,435.376,241.104,143.24,LC4,blue,dend[1462],0.635771450824592
720575940627519107,429.824,240.272,145.44,429.776,240.272,145.28,LC4,blue,dend[1161],0.7448262351426829
720575940627519107,434.544,241.152,144.96,434.432,241.008,144.88,LC4,blue,dend[1134],0.3241654084431809
720575940627519107,429.2,242.16,144.2,429.232,242.112,144.36,LC4,blue,dend[1167],0.38807355013773404
720575940627519107,437.2,230.272,145.52,436.944,230.272,145.52,LC4,blue,dend[1869],0.6417395445049209
720575940627519107,429.024,241.712,144.32,429.216,241.776,144.32,LC4,blue,dend[1167],0.44417515463447665
720575940627519107,436.544,230.128,144.48,436.624,229.904,144.52,LC4,blue,dend[1869],0.30029335953674724
720575940627519107,434.064,241.216,146.0,434.176,241.008,146.08,LC4,blue,dend[1139],0.45839796345974554
720575940627519107,435.296,241.104,144.28,435.504,241.04,144.24,LC4,blue,dend[1130],0.8431251858473061
720575940627519107,429.728,233.808,144.52,429.552,233.936,144.48,LC4,blue,dend[1768],0.6155004803497959
720575940627519107,436.752,229.84,144.08,436.928,229.824,144.2,LC4,blue,dend[1869],0.20895632770203326
720575940640612480,433.984,241.392,144.16,434.064,241.536,144.04,LC4,blue,dend[1131],1.0
720575940640612480,430.88,235.856,147.52,430.864,235.68,147.56,LC4,blue,dend[1771],0.8549940002146943
720575940640612480,433.312,242.416,146.32,433.296,242.208,146.4,LC4,blue,dend[1155],0.8594229357487385
720575940640612480,433.152,231.6,147.24,433.072,231.376,147.28,LC4,blue,dend[1761],0.9528263017390276
720575940640612480,430.304,235.92,147.2,430.336,235.696,147.12,LC4,blue,dend[1771],0.6537406320085734
720575940640612480,433.12,242.384,146.64,433.216,242.192,146.6,LC4,blue,dend[1155],0.8928817112309487
720575940640612480,433.264,241.472,144.6,433.04,241.52,144.56,LC4,blue,dend[1151],0.028940627315874518
720575940640612480,432.704,234.16,145.44,432.672,234.336,145.36,LC4,blue,dend[1770],0.6897923375190962
720575940640612480,434.224,241.248,144.56,434.448,241.232,144.6,LC4,blue,dend[1132],0.858351262646403
720575940640612480,432.848,237.76,144.88,432.768,237.936,145.04,LC4,blue,dend[1143],0.882114165492766
720575940630484495,436.848,231.744,146.28,436.864,231.584,146.16,LC4,blue,dend[1869],0.9813992845330848
720575940630484495,431.568,232.128,147.12,431.472,232.048,147.24,LC4,blue,dend[1690],0.5111727068861257
720575940630484495,428.688,241.536,143.68,428.816,241.344,143.64,LC4,blue,dend[1167],0.6934883314209094
720575940630484495,428.848,241.68,143.8,429.008,241.568,143.88,LC4,blue,dend[1167],0.588395091963757
720575940630484495,428.688,242.144,144.2,428.88,242.176,144.32,LC4,blue,dend[1167],0.4377310212539352
720575940630484495,429.168,232.416,148.16,429.216,232.192,148.08,LC4,blue,dend[1705],0.4313222300333757
720575940630484495,429.088,238.912,148.12,429.28,238.944,148.12,LC4,blue,dend[1190],0.6304263633216343
720575940617026260,435.616,240.976,146.68,435.568,241.136,146.8,LC4,blue,dend[1137],0.8525950207402211
720575940617026260,431.744,241.072,143.44,431.568,241.04,143.48,LC4,blue,dend[1152],0.3628812683656263
720575940616713355,430.096,235.888,148.16,430.192,235.728,148.24,LC4,blue,dend[1774],0.8876879540770708
720575940617026260,435.824,238.816,144.88,436.032,238.912,144.84,LC4,blue,dend[1462],0.9250619710386583
720575940616713355,428.64,234.912,144.76,428.48,234.816,144.72,LC4,blue,dend[1777],0.20272856481692164
720575940617026260,431.296,232.56,145.2,431.056,232.464,145.0,LC4,blue,dend[1684],8.869468542753668e-05
720575940617026260,435.296,239.264,144.36,435.488,239.392,144.28,LC4,blue,dend[1462],0.8287108340808736
720575940616713355,433.936,240.72,145.0,434.016,240.56,145.04,LC4,blue,dend[1140],0.2984784928293393
720575940616713355,429.12,234.656,144.6,429.088,234.416,144.76,LC4,blue,dend[1768],0.8970838816374039
720575940617026260,435.28,240.72,146.28,435.216,240.912,146.24,LC4,blue,dend[1136],1.0
720575940617026260,432.144,241.376,143.6,432.08,241.552,143.64,LC4,blue,dend[1152],0.17632871228718003
720575940618002644,433.36,240.048,144.52,433.328,239.904,144.6,LC4,blue,dend[1144],0.8945688785900375
720575940618002644,431.184,241.008,143.56,431.312,240.976,143.4,LC4,blue,dend[1152],0.41300320750605535
720575940618002644,426.032,242.512,147.56,426.256,242.56,147.6,LC4,blue,dend[1201],0.3588876732635161
720575940618002644,430.304,235.344,145.88,430.336,235.136,145.96,LC4,blue,dend[1771],0.12909702618254465
720575940618002644,433.536,239.568,145.2,433.328,239.648,145.2,LC4,blue,dend[1141],0.20974263739685697
720575940618002644,429.328,244.272,146.68,429.104,244.336,146.64,LC4,blue,dend[1178],0.724492590590391
720575940612580977,430.848,240.416,148.16,430.8,240.528,148.28,LC4,blue,dend[1195],0.7940292052693835
720575940612580977,435.248,241.056,146.12,435.2,240.928,146.24,LC4,blue,dend[1136],1.0
720575940612580977,430.064,235.504,146.96,430.288,235.536,146.96,LC4,blue,dend[1771],0.5652747471459472
720575940617266722,432.224,242.032,144.64,432.304,241.856,144.6,LC4,blue,dend[1153],0.20523107150619505
720575940617266722,429.248,243.072,145.68,429.136,242.88,145.64,LC4,blue,dend[1172],0.521999145508704
720575940617266722,433.12,239.536,145.4,433.184,239.536,145.24,LC4,blue,dend[1141],0.3527923891343623
720575940617266722,430.08,235.536,148.2,430.208,235.712,148.24,LC4,blue,dend[1774],0.8741463097020559
720575940617266722,432.448,242.016,145.28,432.64,242.0,145.32,LC4,blue,dend[1155],0.43895758634384624
720575940617266722,429.232,243.088,145.88,429.264,242.88,145.96,LC4,blue,dend[1176],0.6365619778578258
720575940617266722,430.24,235.376,148.12,430.416,235.488,148.16,LC4,blue,dend[1774],0.6892502253356231
720575940617266722,434.176,240.256,145.12,434.064,240.432,145.12,LC4,blue,dend[1140],0.3362521830083163
720575940617266722,429.92,242.976,145.16,429.936,242.768,145.2,LC4,blue,dend[1164],1.0
720575940617266722,432.656,234.608,145.32,432.56,234.432,145.36,LC4,blue,dend[1770],0.6500181197740202
720575940617266722,430.608,235.392,146.48,430.368,235.44,146.56,LC4,blue,dend[1771],0.4049292574542058
720575940613256863,429.824,232.224,146.52,429.936,232.128,146.64,LC4,blue,dend[1762],1.0
720575940630998339,428.432,233.184,144.32,428.384,233.104,144.16,LC4,blue,dend[1767],0.6215969037984846
720575940630998339,430.976,241.536,146.44,430.96,241.664,146.32,LC4,blue,dend[1165],0.9265136521878307
720575940630998339,428.352,233.968,145.16,428.352,234.16,145.08,LC4,blue,dend[1776],0.9847358069539097
720575940630998339,428.992,233.104,143.36,429.072,233.296,143.36,LC4,blue,dend[1766],0.9100195261528324
720575940630998339,428.944,233.12,143.56,428.976,233.328,143.56,LC4,blue,dend[1766],0.9849975712384728
720575940630998339,431.92,240.752,145.08,432.032,240.944,145.12,LC4,blue,dend[1157],0.8915002425388919
720575940622531767,432.368,241.84,144.96,432.4,241.888,144.8,LC4,blue,dend[1155],0.2528248379636227
720575940622531767,438.352,231.984,144.2,438.576,231.984,144.24,LC4,blue,dend[1835],0.9247533679733785
720575940622531767,429.952,241.376,145.48,430.032,241.28,145.32,LC4,blue,dend[1161],0.3757283868308874
720575940622531767,438.48,232.048,144.08,438.624,232.0,144.16,LC4,blue,dend[1835],0.8331836119561191
720575940622531767,438.592,236.16,144.24,438.704,236.064,144.32,LC4,blue,dend[1484],0.6164690904946744
720575940618807105,427.568,242.832,145.92,427.632,242.912,145.76,LC4,blue,dend[1182],0.7831460180825055
720575940618807105,427.168,235.728,144.68,427.216,236.032,144.72,LC4,blue,dend[1777],0.5145379357801545
720575940618807105,427.296,235.616,144.56,427.504,235.68,144.64,LC4,blue,dend[1777],0.4432231683727876
720575940618807105,429.744,241.232,145.24,429.984,241.168,145.32,LC4,blue,dend[1161],0.4174482048529183
720575940618807105,428.896,241.12,146.24,429.072,240.976,146.28,LC4,blue,dend[1175],0.9071936599681825
720575940618807105,429.328,241.52,144.32,429.216,241.696,144.24,LC4,blue,dend[1167],0.4707335094072297
720575940618723749,430.192,242.624,144.8,430.336,242.624,144.92,LC4,blue,dend[1158],1.0
720575940625934973,431.344,232.304,144.72,431.184,232.192,144.76,LC4,blue,dend[1683],0.8737133448206116
720575940618723749,428.704,244.032,144.56,428.832,244.112,144.52,LC4,blue,dend[1159],0.9694875229626209
720575940618723749,429.664,242.784,145.12,429.728,242.688,145.24,LC4,blue,dend[1166],0.8074581125541921
720575940618723749,432.576,231.008,147.24,432.576,231.232,147.24,LC4,blue,dend[1761],0.7830859299826319
720575940618723749,430.672,242.688,143.6,430.848,242.784,143.48,LC4,blue,dend[1154],0.5664360056904474
720575940625934973,431.984,232.16,144.8,431.888,231.952,144.76,LC4,blue,dend[1683],0.8780475420378009
720575940618723749,431.488,231.088,148.2,431.504,230.96,148.04,LC4,blue,dend[1756],0.5209571546028398
720575940618723749,427.344,242.656,145.48,427.296,242.88,145.56,LC4,blue,dend[1182],1.0
720575940618723749,431.072,242.224,144.16,431.264,242.24,144.12,LC4,blue,dend[1153],1.0
720575940625934973,429.632,239.92,145.0,429.488,240.096,145.0,LC4,blue,dend[1161],0.8234772945137341
720575940618723749,429.088,233.888,144.6,429.28,233.968,144.52,LC4,blue,dend[1768],0.6274608642820727
720575940625934973,427.904,242.912,147.72,427.696,242.864,147.68,LC4,blue,dend[1197],0.7651651725666946
720575940625934973,428.656,242.784,147.56,428.672,242.624,147.6,LC4,blue,dend[1187],1.0
720575940618723749,431.904,241.632,144.08,432.016,241.808,144.16,LC4,blue,dend[1153],0.2841471292108656
720575940618723749,432.208,231.088,147.32,432.256,231.296,147.24,LC4,blue,dend[1761],0.6627756915037067
720575940613260959,433.504,241.216,143.56,433.392,241.408,143.6,LC4,blue,dend[1148],0.3436422626507469
720575940613260959,434.816,239.44,143.68,434.992,239.552,143.72,LC4,blue,dend[1462],0.7518979844376211
720575940638456227,434.928,240.976,146.28,435.056,240.912,146.2,LC4,blue,dend[1136],0.9259350138695365
720575940638456227,426.144,239.728,147.76,426.016,239.664,147.84,LC4,blue,dend[1207],1.0
720575940638456227,434.352,241.408,144.76,434.496,241.328,144.68,LC4,blue,dend[1132],0.8901425108148332
720575940638456227,434.544,241.36,145.52,434.512,241.072,145.4,LC4,blue,dend[1135],0.2884471693917676
720575940622939836,427.664,233.584,143.8,427.808,233.44,143.92,LC4,blue,dend[1767],0.9763598583274614
720575940622939836,428.208,234.368,145.04,428.336,234.192,145.08,LC4,blue,dend[1776],0.9976441625282374
720575940618676440,427.952,242.72,145.8,427.856,242.896,145.84,LC4,blue,dend[1182],0.6487028849002318
720575940618676440,428.944,242.688,145.2,429.056,242.832,145.32,LC4,blue,dend[1172],0.6524727133283096
720575940618676440,432.0,232.976,143.4,431.84,232.816,143.4,LC4,blue,dend[1765],0.9523725360754106
720575940615462587,431.632,232.0,146.2,431.6,231.792,146.16,LC4,blue,dend[1684],0.7936428932413567
720575940615462587,434.608,231.696,145.24,434.624,231.536,145.32,LC4,blue,dend[1764],0.8489130273555139
720575940615462587,427.792,235.52,144.76,427.6,235.616,144.68,LC4,blue,dend[1777],0.41905927704068663
720575940628462340,427.536,235.936,144.52,427.504,235.808,144.64,LC4,blue,dend[1777],0.4518880863067843
720575940615462587,433.488,231.6,145.12,433.456,231.408,145.04,LC4,blue,dend[1764],0.5519029368985392
720575940615462587,428.256,235.216,144.64,428.192,235.072,144.72,LC4,blue,dend[1777],0.2723478653763704
720575940615462587,434.192,231.696,145.32,434.208,231.456,145.36,LC4,blue,dend[1764],0.7445518825779521
720575940628462340,426.208,236.336,144.36,426.032,236.432,144.44,LC4,blue,dend[1777],0.7733948792200163
720575940628462340,426.496,236.32,144.64,426.48,236.464,144.72,LC4,blue,dend[1777],0.6774106657966628
720575940615462587,429.008,240.448,148.0,429.184,240.56,148.08,LC4,blue,dend[1189],0.21453984964829168
720575940615462587,433.328,240.0,145.88,433.104,239.936,145.76,LC4,blue,dend[1145],0.5490162074927589
720575940634517856,429.84,239.36,145.28,429.824,239.568,145.32,LC4,blue,dend[1161],0.9924271925337194
720575940626605200,427.504,235.888,144.88,427.408,235.904,144.68,LC4,blue,dend[1777],0.4734149855198145
720575940626605200,427.568,235.744,144.88,427.552,235.68,144.68,LC4,blue,dend[1777],0.4321066467895913
720575940624017251,432.704,238.8,144.8,432.736,238.72,144.96,LC4,blue,dend[1143],0.22321387050253758
720575940626605200,430.224,239.68,145.32,429.968,239.648,145.28,LC4,blue,dend[1161],0.9588969563113983
720575940624017251,429.472,240.16,148.04,429.248,240.096,148.08,LC4,blue,dend[1189],0.4377592455187715
720575940624017251,433.168,239.776,144.92,433.36,239.808,144.96,LC4,blue,dend[1144],0.4332962098995545
720575940628699560,432.032,231.36,143.36,431.904,231.36,143.44,LC4,blue,dend[1683],0.14297110984276593
720575940628699560,435.36,240.368,145.88,435.232,240.432,146.0,LC4,blue,dend[1138],0.9631419676667737
720575940628699560,430.56,242.24,144.48,430.72,242.256,144.48,LC4,blue,dend[1158],0.566642472045339
720575940628699560,429.424,241.984,148.04,429.344,241.776,147.92,LC4,blue,dend[1188],0.5568297275310612
720575940628699560,432.624,232.864,148.04,432.48,232.976,148.16,LC4,blue,dend[1691],0.8986120524907726
720575940628699560,431.408,241.792,145.68,431.36,241.936,145.56,LC4,blue,dend[1158],0.39248308584218883
720575940628699560,436.56,231.28,145.84,436.64,231.152,146.0,LC4,blue,dend[1869],0.8758632940449709
720575940628699560,431.136,241.632,146.2,430.928,241.696,146.28,LC4,blue,dend[1165],0.8878928629741386
720575940628699560,434.48,240.816,145.88,434.464,241.056,145.92,LC4,blue,dend[1135],0.8219078285459359
720575940620903551,433.776,231.328,145.0,433.616,231.36,145.12,LC4,blue,dend[1764],0.5945523202796201
720575940620903551,436.096,239.104,145.0,436.048,238.96,144.88,LC4,blue,dend[1462],0.9265484385033891
720575940620903551,436.144,239.024,145.08,436.096,238.832,145.0,LC4,blue,dend[1462],0.9461733162884234
720575940620903551,434.208,231.296,145.24,434.16,231.424,145.32,LC4,blue,dend[1764],0.7329954995902456
720575940620903551,431.76,231.664,147.4,431.584,231.712,147.28,LC4,blue,dend[1761],0.39067258656403014
720575940620903551,439.264,236.88,144.28,439.424,236.768,144.16,LC4,blue,dend[1483],0.9838263662508296
720575940620903551,431.648,231.968,147.76,431.456,232.112,147.72,LC4,blue,dend[1690],0.6080849921830263
720575940610522009,427.584,242.48,148.28,427.584,242.4,148.12,LC4,blue,dend[1199],0.7022824487731518
720575940610522009,430.8,241.632,146.12,430.848,241.744,146.24,LC4,blue,dend[1165],0.823186678852773
720575940610522009,426.96,243.584,147.16,426.848,243.6,147.0,LC4,blue,dend[1198],0.7919978415932893
720575940610522009,427.04,243.168,147.4,427.008,242.976,147.36,LC4,blue,dend[1197],1.0
720575940610522009,430.368,241.76,146.04,430.24,241.92,145.92,LC4,blue,dend[1160],1.0
720575940610522009,426.8,243.36,147.32,426.72,243.248,147.2,LC4,blue,dend[1198],0.5112075331222935
720575940610522009,435.552,240.688,144.32,435.616,240.912,144.28,LC4,blue,dend[1130],0.9113022200539447
720575940610522009,434.336,240.72,144.76,434.336,240.864,144.88,LC4,blue,dend[1134],0.55431167598287
720575940612518055,428.128,233.744,151.8,428.048,233.552,151.88,LC4,blue,dend[1743],0.3588216671727797
720575940612518055,431.984,232.88,148.52,431.968,232.752,148.4,LC4,blue,dend[1690],1.0
720575940612518055,431.328,233.104,149.24,431.312,233.344,149.24,LC4,blue,dend[1692],0.47179421556880946
720575940633580384,431.12,235.2,150.12,431.248,235.168,150.28,LC4,blue,dend[1700],0.5741988026550596
720575940622108001,426.4,232.384,151.44,426.4,232.448,151.6,LC4,blue,dend[1742],0.12757597559394138
720575940622108001,427.248,231.872,151.4,427.12,231.744,151.44,LC4,blue,dend[1716],0.34150867436908544
720575940622108001,426.432,232.56,151.44,426.464,232.496,151.6,LC4,blue,dend[1742],0.11090951310005218
720575940633580384,430.656,234.944,149.96,430.704,234.768,149.92,LC4,blue,dend[1700],0.2947682752417722
720575940622108001,427.008,231.12,152.2,426.896,231.088,152.08,LC4,blue,dend[1716],0.8771815974774781
720575940622108001,427.808,232.064,151.08,427.792,232.256,151.0,LC4,blue,dend[1714],0.4321148874637376
720575940631338271,428.384,233.552,149.8,428.384,233.36,149.76,LC4,blue,dend[1712],0.045821116422522845
720575940631338271,428.064,233.616,149.92,428.08,233.456,150.08,LC4,blue,dend[1711],0.7517282079306877
720575940631338271,431.888,233.216,151.36,431.904,233.408,151.24,LC4,blue,dend[1693],0.7410865400119474
720575940631338271,431.248,233.584,149.08,431.36,233.408,149.08,LC4,blue,dend[1692],0.42357816527246167
720575940611134833,431.312,235.936,150.56,431.168,235.824,150.64,LC4,blue,dend[1700],0.9543145845176014
720575940611134833,431.456,236.128,151.08,431.6,236.096,151.12,LC4,blue,dend[1701],0.5326419142368006
720575940626626895,434.64,230.896,149.36,434.56,230.72,149.28,LC4,blue,dend[1758],0.9784817412425255
720575940626626895,432.896,233.856,152.2,433.056,233.936,152.12,LC4,blue,dend[1695],0.23621894439561278
720575940626626895,432.768,233.648,151.84,432.752,233.84,151.84,LC4,blue,dend[1695],0.08063830275994581
720575940626626895,432.688,233.552,151.32,432.608,233.76,151.36,LC4,blue,dend[1694],1.0
720575940617176321,428.704,234.08,152.48,428.512,234.032,152.52,LC4,blue,dend[1743],0.6247044043222381
720575940617176321,433.28,234.192,151.04,433.232,233.984,151.0,LC4,blue,dend[1698],0.25884661788731206
720575940617176321,428.944,232.672,150.24,428.832,232.544,150.32,LC4,blue,dend[1713],0.4234855646217154
720575940617176321,428.176,233.104,151.76,427.904,233.072,151.72,LC4,blue,dend[1743],0.1873610127925622
720575940618312606,427.984,235.44,153.48,428.0,235.216,153.36,LC4,blue,dend[1744],0.18050317527368376
720575940619397542,431.008,236.672,148.68,431.2,236.544,148.64,LC4,blue,dend[1775],0.9237172552353391
720575940619397542,430.608,236.064,150.84,430.736,236.176,150.8,LC4,blue,dend[1704],0.7436555682625934
720575940619397542,432.512,234.048,151.84,432.576,233.888,151.76,LC4,blue,dend[1695],0.004484714959903676
720575940619397542,432.032,233.92,152.16,431.888,233.856,152.04,LC4,blue,dend[1699],0.9717618952095278
720575940640612480,433.936,230.4,148.84,433.888,230.4,148.96,LC4,blue,dend[1757],0.9535314713990298
720575940640612480,426.128,243.6,148.76,426.192,243.376,148.76,LC4,blue,dend[1209],0.011270652981899611
720575940626916936,428.64,234.0,149.48,428.48,233.904,149.32,LC4,blue,dend[1712],0.39029247092633373
720575940626916936,428.08,233.664,150.24,428.08,233.488,150.12,LC4,blue,dend[1711],0.8809294638153794
720575940626916936,431.28,233.44,148.84,431.376,233.28,148.92,LC4,blue,dend[1692],0.326931465593725
720575940626916936,431.408,233.2,148.48,431.472,233.008,148.56,LC4,blue,dend[1692],0.10565312430077069
720575940626916936,427.696,233.36,151.68,427.888,233.264,151.72,LC4,blue,dend[1743],0.24184278869887202
720575940630484495,427.84,232.464,148.72,427.712,232.448,148.6,LC4,blue,dend[1747],0.8949389298819758
720575940630484495,426.608,232.192,151.84,426.736,232.368,151.84,LC4,blue,dend[1715],1.0
720575940630484495,428.672,232.416,148.6,428.736,232.192,148.68,LC4,blue,dend[1705],0.79369312097905
720575940630484495,428.176,231.888,149.6,428.384,231.792,149.56,LC4,blue,dend[1707],0.5364586569622422
720575940630484495,426.512,232.176,151.6,426.464,232.432,151.6,LC4,blue,dend[1742],0.11040796851866018
720575940630484495,428.048,232.192,149.64,428.208,232.256,149.76,LC4,blue,dend[1709],0.28490855415575694
720575940630484495,426.896,232.304,152.6,426.752,232.48,152.6,LC4,blue,dend[1722],0.6172723933908221
720575940630484495,428.416,238.992,148.84,428.56,239.04,148.96,LC4,blue,dend[1191],0.6223567669870783
720575940617026260,434.256,234.16,150.52,434.288,234.272,150.64,LC4,blue,dend[1698],0.6690803950248205
720575940617026260,434.176,234.032,150.76,434.112,234.208,150.76,LC4,blue,dend[1698],0.5912739723961405
720575940616713355,427.312,234.944,152.84,427.504,234.912,153.0,LC4,blue,dend[1743],0.9074719026926094
720575940616713355,427.808,234.72,148.76,427.872,234.528,148.76,LC4,blue,dend[1712],0.9128320214111285
720575940628454522,426.096,234.368,148.56,426.176,234.192,148.48,LC4,blue,dend[1755],0.34557151375799955
720575940612580977,428.576,234.464,149.04,428.496,234.336,149.12,LC4,blue,dend[1712],0.6164466732581539
720575940617266722,431.952,233.392,151.0,431.904,233.488,151.2,LC4,blue,dend[1693],0.7188672075989545
720575940628081541,427.984,230.704,152.0,427.952,230.496,151.96,LC4,blue,dend[1717],0.8239223294907216
720575940617266722,431.216,233.696,150.68,431.376,233.84,150.68,LC4,blue,dend[1693],0.3349068651680473
720575940628081541,428.128,231.84,150.64,428.128,232.064,150.6,LC4,blue,dend[1709],0.809371100728891
720575940630851036,428.064,238.336,149.64,427.968,238.448,149.44,LC4,blue,dend[1192],0.8314625054980679
720575940630851036,431.392,237.184,151.84,431.392,237.008,151.8,LC4,blue,dend[1702],0.9096195895954838
720575940630998339,429.296,232.688,150.4,429.232,232.544,150.48,LC4,blue,dend[1713],0.7245668939462429
720575940630998339,431.456,234.128,149.84,431.232,234.176,149.84,LC4,blue,dend[1692],0.9337923542410183
720575940630998339,431.424,233.696,149.84,431.248,233.68,149.8,LC4,blue,dend[1692],0.7803442840322474
720575940630998339,431.44,234.32,150.2,431.264,234.512,150.08,LC4,blue,dend[1700],0.2213991510525477
720575940620795728,434.752,234.912,150.76,434.688,234.864,150.6,LC4,blue,dend[1698],0.897149333761456
720575940622531767,428.384,232.432,149.48,428.384,232.256,149.56,LC4,blue,dend[1707],0.4757125141694704
720575940622531767,428.192,233.456,149.28,428.272,233.648,149.32,LC4,blue,dend[1712],0.3304203651630466
720575940614572742,426.288,230.544,152.32,426.176,230.736,152.36,LC4,blue,dend[1718],0.3395543427840752
720575940614572742,427.312,231.008,152.08,427.152,230.992,151.96,LC4,blue,dend[1716],0.9411113843191531
720575940614572742,427.52,232.432,150.72,427.68,232.512,150.84,LC4,blue,dend[1714],0.39457842875569105
720575940615127227,428.256,232.336,150.76,428.128,232.192,150.68,LC4,blue,dend[1709],0.9807725403860404
720575940615127227,426.288,232.688,151.8,426.304,232.496,151.64,LC4,blue,dend[1742],0.14989691261359694
720575940615127227,433.648,233.664,152.44,433.568,233.872,152.36,LC4,blue,dend[1695],0.4585896838418314
720575940615127227,429.008,232.368,150.44,429.024,232.544,150.4,LC4,blue,dend[1713],0.5683634149701743
720575940625934973,431.28,236.416,151.68,431.264,236.496,151.52,LC4,blue,dend[1703],0.5319003179016324
720575940625934973,429.472,241.136,148.64,429.536,241.008,148.44,LC4,blue,dend[1188],0.9571822169637677
720575940618723749,429.376,231.792,149.84,429.312,231.648,149.84,LC4,blue,dend[1746],0.5147211355319926
720575940618723749,427.712,234.336,148.8,427.856,234.528,148.8,LC4,blue,dend[1712],0.9001244784975152
720575940625934973,433.504,234.144,152.6,433.68,234.032,152.56,LC4,blue,dend[1695],0.5323118273747303
720575940625934973,433.28,233.936,152.4,433.36,233.904,152.28,LC4,blue,dend[1695],0.3713151106747799
720575940638456227,428.704,239.184,149.52,428.72,238.992,149.48,LC4,blue,dend[1191],0.9899541428651241
720575940622939836,427.76,238.144,149.2,427.904,238.288,149.24,LC4,blue,dend[1192],1.0
720575940618676440,428.48,234.272,152.52,428.48,234.032,152.52,LC4,blue,dend[1743],0.623139361415477
720575940618676440,434.368,230.896,149.24,434.528,230.704,149.24,LC4,blue,dend[1758],0.9156072532014051
720575940618676440,433.632,231.072,148.8,433.648,230.864,148.84,LC4,blue,dend[1759],0.9354259915940297
720575940618676440,427.76,234.672,153.16,427.712,234.88,153.08,LC4,blue,dend[1743],0.921562574310228
720575940618676440,428.32,234.368,152.32,428.112,234.272,152.32,LC4,blue,dend[1743],0.6414002173116263
720575940634517856,427.52,232.4,151.8,427.392,232.512,151.72,LC4,blue,dend[1714],0.9192746360811658
720575940624017251,428.896,239.36,148.88,428.88,239.168,148.84,LC4,blue,dend[1191],0.3602691357102416
720575940624017251,428.704,239.488,149.92,428.816,239.344,149.96,LC4,blue,dend[1193],0.8195845193931905
720575940624017251,428.752,239.248,148.48,428.864,239.168,148.56,LC4,blue,dend[1189],0.9882271232326698
720575940628699560,427.024,242.864,148.84,426.912,243.008,148.76,LC4,blue,dend[1201],0.4040135154726847
720575940628699560,433.536,234.064,150.64,433.632,234.144,150.76,LC4,blue,dend[1698],0.43455238312476746
720575940628699560,427.248,235.328,153.12,427.216,235.184,153.08,LC4,blue,dend[1745],0.7488243803750031
720575940620903551,431.936,234.0,151.16,431.936,233.776,151.24,LC4,blue,dend[1693],0.7237244086636223
720575940620903551,430.96,240.832,149.28,430.96,241.024,149.36,LC4,blue,dend[1196],0.5423454251755309
720575940610522009,427.168,242.8,148.48,426.992,242.896,148.48,LC4,blue,dend[1201],0.2789514775383598
720575940610522009,428.176,238.208,149.08,427.952,238.224,149.16,LC4,blue,dend[1192],1.0
720575940610522009,426.24,241.392,153.44,426.064,241.552,153.4,LC4,blue,dend[1215],0.8468895115427598
720575940610522009,431.376,233.712,151.08,431.504,233.808,150.96,LC4,blue,dend[1693],0.4878984723424473
720575940610522009,428.432,238.672,149.28,428.304,238.816,149.24,LC4,blue,dend[1192],0.2973821710715668
720575940610522009,428.816,232.416,149.04,428.784,232.224,148.96,LC4,blue,dend[1705],0.866613508473818
720575940614914107,426.064,231.04,155.88,426.176,231.04,155.8,LC4,blue,dend[1730],0.38588546746681396
720575940626626895,429.456,235.184,154.68,429.344,235.104,154.56,LC4,blue,dend[1744],0.9746791136900703
720575940629753807,429.168,235.296,154.6,429.28,235.136,154.52,LC4,blue,dend[1744],0.9392711369288526
720575940628454522,426.08,231.504,154.8,426.0,231.712,154.8,LC4,blue,dend[1726],0.8602809582828261
720575940628454522,426.352,231.664,155.08,426.448,231.808,155.08,LC4,blue,dend[1728],0.5055719894639528
720575940628081541,426.304,230.496,155.8,426.352,230.624,156.0,LC4,blue,dend[1730],0.606883111998154
720575940620795728,426.816,231.6,155.0,426.64,231.728,155.08,LC4,blue,dend[1728],0.6239111350301962
720575940615127227,429.472,235.296,153.88,429.392,235.136,153.88,LC4,blue,dend[1744],0.9177051052012792
720575940638456227,428.256,235.088,153.84,428.4,235.216,153.8,LC4,blue,dend[1744],0.4271723854096335
720575940638456227,428.144,235.072,153.68,428.128,235.216,153.56,LC4,blue,dend[1744],0.2664675870683816
720575940615462587,428.528,235.072,154.08,428.544,235.232,153.92,LC4,blue,dend[1744],0.5116376099627502
720575940628462340,426.704,229.856,156.4,426.624,230.096,156.48,LC4,blue,dend[1730],0.9317585069819185
720575940615462587,428.496,235.136,154.36,428.704,235.168,154.36,LC4,blue,dend[1744],0.64075855175272
720575940624017251,427.2,231.872,155.4,427.024,231.856,155.24,LC4,blue,dend[1728],0.921252761383033
720575940614914107,427.872,248.176,135.8,427.92,248.256,135.96,LC4,blue,dend[26],0.5383431326783487
720575940614914107,426.592,246.4,136.4,426.416,246.544,136.44,LC4,blue,dend[26],0.4897208210196651
720575940624111763,427.6,246.304,137.28,427.744,246.16,137.32,LC4,blue,dend[26],0.32683133730428887
720575940624111763,427.104,246.272,137.24,427.2,246.128,137.24,LC4,blue,dend[1102],1.0
720575940649229433,427.824,249.216,133.48,427.904,249.44,133.48,LC4,blue,dend[26],0.7328130316708145
720575940649229433,426.4,246.976,136.04,426.4,247.136,136.16,LC4,blue,dend[26],0.5502257875618976
720575940649229433,427.504,249.472,133.96,427.568,249.696,133.96,LC4,blue,dend[26],0.75971329237132
720575940625991043,427.824,246.048,137.2,427.776,246.16,137.32,LC4,blue,dend[26],0.3244878040148175
720575940625991043,429.152,247.04,134.52,429.296,247.168,134.48,LC4,blue,dend[26],0.4060576776353864
720575940625991043,429.104,246.48,137.04,429.232,246.592,137.12,LC4,blue,dend[26],0.26098614978113804
720575940628081541,428.448,247.584,135.88,428.544,247.776,135.84,LC4,blue,dend[26],0.4580254150071338
720575940613256863,429.856,245.872,137.28,430.016,245.952,137.16,LC4,blue,dend[26],0.14963702067947846
720575940613256863,429.12,246.352,137.68,429.008,246.56,137.64,LC4,blue,dend[26],0.25455923512037176
720575940614572742,427.808,247.296,137.44,427.888,247.504,137.4,LC4,blue,dend[26],0.42316902704939424
720575940614572742,426.352,247.888,137.84,426.384,248.032,137.68,LC4,blue,dend[26],0.5656429293162335
720575940614572742,429.824,245.904,137.0,430.0,245.952,137.08,LC4,blue,dend[26],0.1539184428472518
720575940614572742,428.176,246.864,137.48,428.288,246.96,137.56,LC4,blue,dend[26],0.3431344744990938
720575940614572742,426.272,247.856,138.0,426.352,248.0,138.08,LC4,blue,dend[26],0.5498192982031559
720575940614572742,429.152,246.24,137.24,429.168,246.448,137.28,LC4,blue,dend[26],0.24766891477073136
720575940614572742,428.208,246.368,137.6,428.192,246.512,137.68,LC4,blue,dend[26],0.30883617605938374
720575940614572742,426.8,247.648,137.56,426.768,247.84,137.48,LC4,blue,dend[26],0.5295813479257043
720575940614572742,427.808,245.92,137.52,427.632,246.064,137.52,LC4,blue,dend[1102],1.0
720575940630998339,428.848,246.048,139.4,428.896,246.256,139.36,LC4,blue,dend[1119],1.0
720575940630998339,429.04,246.0,139.52,429.12,246.176,139.52,LC4,blue,dend[1096],1.0
720575940613470947,405.84,231.104,148.24,406.032,230.912,148.28,LPLC2,orange,dend[1610],0.9082630195340147
720575940613470947,406.48,231.072,147.52,406.544,231.136,147.72,LPLC2,orange,dend[1610],0.20677655997002428
720575940611821334,406.88,232.144,147.4,406.896,231.952,147.52,LPLC2,orange,dend[1607],0.7189784358196906
720575940611821334,406.448,242.352,147.64,406.528,242.56,147.72,LPLC2,orange,dend[1375],1.0
720575940613470947,405.952,231.616,148.08,405.856,231.824,148.16,LPLC2,orange,dend[1609],0.8625314599759769
720575940626236041,406.752,239.664,146.88,406.8,239.856,146.84,LPLC2,orange,dend[1392],0.9222130471739863
720575940618608177,408.096,231.12,147.36,408.016,231.296,147.24,LPLC2,orange,dend[1605],1.0
720575940618608177,408.512,231.296,145.44,408.672,231.216,145.32,LPLC2,orange,dend[1613],0.8067794646688795
720575940618608177,408.272,230.976,147.16,408.032,231.088,147.08,LPLC2,orange,dend[1605],1.0
720575940640302389,408.288,231.472,145.08,408.4,231.28,145.12,LPLC2,orange,dend[1613],0.9823860666774394
720575940612560680,407.408,239.824,146.24,407.536,239.744,146.36,LPLC2,orange,dend[1392],0.6193473721716253
720575940640302389,406.304,243.008,148.04,406.496,242.992,147.96,LPLC2,orange,dend[1375],0.9398185554095024
720575940612560680,407.92,230.896,146.92,407.904,231.168,147.0,LPLC2,orange,dend[1605],1.0
720575940640302389,407.088,242.672,147.96,406.896,242.816,147.88,LPLC2,orange,dend[1375],0.9269657830003809
720575940635516084,406.464,230.944,147.72,406.496,231.104,147.76,LPLC2,orange,dend[1610],0.2693348961045513
720575940635516084,407.12,231.008,147.48,407.168,231.216,147.48,LPLC2,orange,dend[1606],0.6798177812140715
720575940635234478,409.536,239.84,146.32,409.472,239.664,146.44,LPLC2,orange,dend[1390],0.7738216992098348
720575940623551684,409.2,239.744,146.32,409.344,239.632,146.44,LPLC2,orange,dend[1390],0.8388771151846904
720575940625700739,407.888,239.648,146.84,407.856,239.792,146.72,LPLC2,orange,dend[1392],0.5264188823114179
720575940625700739,407.168,239.344,146.48,407.232,239.552,146.44,LPLC2,orange,dend[1392],0.7172179901248146
720575940625700739,408.144,233.696,148.36,408.304,233.84,148.44,LPLC2,orange,dend[1601],0.9914006525568362
720575940628395797,406.816,239.824,147.04,406.8,239.856,146.84,LPLC2,orange,dend[1392],0.9222130471739863
720575940619750822,408.672,231.744,147.44,408.784,231.6,147.36,LPLC2,orange,dend[1604],1.0
720575940627368254,408.048,231.376,147.48,408.032,231.456,147.32,LPLC2,orange,dend[1605],0.9446862825821222
720575940627368254,409.152,231.312,147.68,409.152,231.584,147.6,LPLC2,orange,dend[1612],0.6218260087262089
720575940627368254,408.752,231.36,147.44,408.752,231.552,147.32,LPLC2,orange,dend[1604],0.991874109470357
720575940629292785,409.008,231.168,146.92,408.88,231.36,146.88,LPLC2,orange,dend[1604],0.711047797209905
720575940655750305,408.464,231.232,144.92,408.384,231.184,145.08,LPLC2,orange,dend[1613],1.0
720575940655750305,408.528,231.024,144.92,408.48,231.04,145.12,LPLC2,orange,dend[1613],0.9729480186512484
720575940639895003,406.976,231.872,147.36,406.976,231.76,147.48,LPLC2,orange,dend[1606],0.9256640641796254
720575940639895003,407.984,231.824,147.36,407.952,231.632,147.32,LPLC2,orange,dend[1606],0.16467685356235326
720575940615055989,408.88,239.632,146.64,408.896,239.568,146.48,LPLC2,orange,dend[1392],0.11599727679564897
720575940615055989,408.032,239.536,146.48,407.968,239.728,146.56,LPLC2,orange,dend[1392],0.47157855530686466
720575940615055989,409.024,239.552,146.64,409.136,239.488,146.52,LPLC2,orange,dend[1390],0.9533210112417058
720575940624208824,408.848,231.072,145.16,408.672,231.152,145.2,LPLC2,orange,dend[1613],0.8505129201644647
720575940624359093,408.576,234.304,148.4,408.64,234.128,148.4,LPLC2,orange,dend[1601],0.7337669440352398
720575940624359093,408.96,238.96,146.56,409.104,239.168,146.48,LPLC2,orange,dend[1390],1.0
720575940617997241,407.392,239.504,146.2,407.36,239.584,146.4,LPLC2,orange,dend[1392],0.6713818906277602
720575940617997241,407.728,239.488,146.36,407.744,239.68,146.48,LPLC2,orange,dend[1392],0.5445141858127652
720575940618927892,407.376,231.12,147.56,407.36,231.232,147.44,LPLC2,orange,dend[1606],0.536304516041854
720575940618927892,408.928,231.456,147.6,408.928,231.616,147.48,LPLC2,orange,dend[1604],0.9982652285765896
720575940618927892,406.08,231.568,147.64,406.096,231.696,147.88,LPLC2,orange,dend[1609],0.545175221842991
720575940623827348,407.44,239.872,146.84,407.472,239.776,146.68,LPLC2,orange,dend[1392],0.6624437222937923
720575940623827348,409.168,238.464,146.88,409.376,238.448,146.88,LPLC2,orange,dend[1391],0.8336376601179487
720575940623827348,409.488,238.464,146.56,409.504,238.512,146.68,LPLC2,orange,dend[1391],0.7751770755505364
720575940623827348,407.248,239.888,146.92,407.072,239.792,146.84,LPLC2,orange,dend[1392],0.8177357109420679
720575940623827348,409.488,238.384,146.56,409.6,238.352,146.68,LPLC2,orange,dend[1391],0.943769167311668
720575940606126438,407.856,231.808,146.96,408.0,231.856,147.04,LPLC2,orange,dend[1611],0.6266729322121731
720575940606126438,406.096,231.088,148.16,406.112,230.96,148.2,LPLC2,orange,dend[1610],0.798015546231307
720575940606126438,408.16,230.864,145.2,408.352,230.912,145.32,LPLC2,orange,dend[1613],0.9828694307883764
720575940607845250,407.584,240.144,146.44,407.616,239.904,146.48,LPLC2,orange,dend[1392],0.6107150191574842
720575940607845250,407.84,232.288,147.0,407.952,232.064,147.0,LPLC2,orange,dend[1611],0.9125227889011926
720575940616083345,409.312,234.368,148.32,409.152,234.176,148.28,LPLC2,orange,dend[1601],0.41268313526107014
720575940616083345,409.536,234.272,148.2,409.504,234.112,148.16,LPLC2,orange,dend[1601],0.2036288937327363
720575940616083345,409.392,234.224,147.88,409.424,234.096,148.0,LPLC2,orange,dend[1601],0.2083286942814163
720575940614738444,406.672,243.296,148.24,406.624,243.12,148.12,LPLC2,orange,dend[1375],0.8775891825523422
720575940622680088,409.568,231.728,147.72,409.248,231.6,147.6,LPLC2,orange,dend[1612],0.7453825286898446
720575940645328436,409.408,233.904,148.04,409.488,234.096,148.0,LPLC2,orange,dend[1601],0.17350566749640586
720575940636295019,408.016,240.048,146.52,408.0,239.856,146.6,LPLC2,orange,dend[1392],0.47332320349988044
720575940636295019,408.096,239.92,146.36,408.064,239.76,146.44,LPLC2,orange,dend[1392],0.43311611517296406
720575940636295019,409.408,231.408,145.48,409.168,231.328,145.48,LPLC2,orange,dend[1613],0.5241804455699318
720575940636295019,408.912,231.728,145.48,408.768,231.504,145.28,LPLC2,orange,dend[1613],0.744656812499493
720575940625695269,408.24,231.232,145.24,408.384,231.264,145.12,LPLC2,orange,dend[1613],0.9912781205365726
720575940625695269,408.16,231.792,146.88,408.144,231.6,146.96,LPLC2,orange,dend[1605],0.8956808079591396
720575940625695269,409.216,239.824,146.56,409.328,239.632,146.52,LPLC2,orange,dend[1390],0.8329346353863497
720575940625695269,408.688,231.936,147.16,408.656,231.616,147.28,LPLC2,orange,dend[1604],1.0
720575940630731847,409.264,234.592,147.36,409.424,234.752,147.4,LPLC2,orange,dend[1600],0.9070924558046612
720575940617294219,409.12,232.064,147.52,409.104,231.84,147.6,LPLC2,orange,dend[1612],0.6744923382928105
720575940617294219,409.296,231.536,145.88,409.344,231.344,145.72,LPLC2,orange,dend[1613],0.37042094127081754
720575940617294219,409.312,231.664,146.56,409.36,231.456,146.6,LPLC2,orange,dend[1604],0.3800138866371579
720575940639878352,406.496,239.872,146.84,406.704,239.888,146.88,LPLC2,orange,dend[1392],0.9620424629830953
720575940613470947,406.112,242.768,151.2,406.064,242.96,151.32,LPLC2,orange,dend[1366],0.5082993131529965
720575940613470947,405.664,242.784,151.88,405.552,242.96,151.76,LPLC2,orange,dend[1366],0.6905191984878808
720575940613470947,408.896,233.024,152.12,408.88,232.88,152.12,LPLC2,orange,dend[1661],0.906352929153586
720575940623262461,407.84,240.144,151.28,408.048,240.288,151.32,LPLC2,orange,dend[1377],0.8348445054365241
720575940623262461,403.584,239.152,150.0,403.664,239.28,150.04,LPLC2,orange,dend[1360],1.0
720575940613470947,407.28,243.232,149.52,407.472,243.184,149.52,LPLC2,orange,dend[1375],0.4073425675840638
720575940622156799,404.896,240.32,151.08,405.024,240.112,151.12,LPLC2,orange,dend[1355],0.17757073326549183
720575940622156799,404.944,240.336,150.8,405.12,240.24,150.76,LPLC2,orange,dend[1354],0.9358341202375061
720575940626236041,401.424,244.16,152.24,401.456,244.112,152.4,LPLC2,orange,dend[1372],1.0
720575940630209603,407.232,240.16,150.72,407.2,240.176,150.56,LPLC2,orange,dend[1351],0.2979899694975639
720575940630209603,407.12,240.976,151.12,407.2,241.072,151.0,LPLC2,orange,dend[1350],0.6817920873082721
720575940630209603,407.264,240.736,151.0,407.232,240.896,150.88,LPLC2,orange,dend[1350],0.751482310069535
720575940630209603,407.168,240.448,150.88,407.088,240.544,150.72,LPLC2,orange,dend[1351],0.12803264287778593
720575940624417584,404.992,239.936,150.4,405.072,240.096,150.32,LPLC2,orange,dend[1354],1.0
720575940624417584,403.84,239.648,152.0,403.936,239.536,152.04,LPLC2,orange,dend[1355],0.8186016374525508
720575940624417584,408.16,238.8,149.28,408.272,238.976,149.24,LPLC2,orange,dend[1353],0.7935660062367158
720575940614631079,406.64,241.12,150.68,406.656,240.896,150.72,LPLC2,orange,dend[1350],0.9497486136767666
720575940614631079,408.304,242.784,150.64,408.016,242.784,150.76,LPLC2,orange,dend[1365],0.723992839120633
720575940627902078,405.04,238.48,149.88,404.864,238.56,149.96,LPLC2,orange,dend[1363],0.655125633696878
720575940618608177,408.432,242.624,151.36,408.464,242.72,151.24,LPLC2,orange,dend[1348],0.5091379222253745
720575940618608177,407.648,242.72,151.48,407.408,242.736,151.36,LPLC2,orange,dend[1366],0.1466437813134582
720575940618608177,408.016,242.912,151.28,408.064,242.816,151.12,LPLC2,orange,dend[1365],0.7372682241928921
720575940618608177,408.208,242.912,151.4,408.432,242.944,151.44,LPLC2,orange,dend[1348],0.7838176173284538
720575940618608177,401.472,244.112,153.28,401.632,244.032,153.28,LPLC2,orange,dend[1371],0.879485769168384
720575940618608177,408.048,243.488,151.4,408.224,243.52,151.44,LPLC2,orange,dend[1376],0.5335228073179183
720575940618608177,404.576,239.472,149.8,404.32,239.248,149.76,LPLC2,orange,dend[1360],0.7168846820051177
720575940618608177,404.672,239.968,149.64,404.704,239.888,149.32,LPLC2,orange,dend[1359],0.8464286099136926
720575940640302389,404.64,243.424,153.0,404.704,243.2,152.96,LPLC2,orange,dend[1367],0.4368850123892444
720575940612560680,404.688,242.864,151.76,404.688,243.104,151.72,LPLC2,orange,dend[1366],0.9215553426930925
720575940635516084,404.864,240.4,149.48,404.976,240.432,149.6,LPLC2,orange,dend[1357],0.525061416318662
720575940635516084,404.768,238.448,149.68,404.528,238.512,149.76,LPLC2,orange,dend[1362],0.9178393127042357
720575940635516084,404.944,240.544,149.36,405.072,240.544,149.52,LPLC2,orange,dend[1357],0.7674196978309408
720575940635516084,405.104,242.592,151.72,405.152,242.8,151.76,LPLC2,orange,dend[1366],0.7941259137420875
720575940635234478,409.504,232.832,152.2,409.488,232.64,152.12,LPLC2,orange,dend[1661],0.6473441901288883
720575940619981494,404.464,242.96,152.08,404.592,243.152,152.0,LPLC2,orange,dend[1366],0.9769706513679489
720575940619981494,403.568,243.312,152.0,403.68,243.456,151.96,LPLC2,orange,dend[1368],0.6818579163891288
720575940625700739,408.32,240.4,151.6,408.288,240.304,151.44,LPLC2,orange,dend[1377],0.8601303069023253
720575940623551684,404.784,242.912,152.04,404.752,243.12,151.96,LPLC2,orange,dend[1366],0.9292287425545931
720575940623551684,406.672,242.736,148.88,406.72,242.832,148.64,LPLC2,orange,dend[1375],0.7394372325030759
720575940603989420,407.408,242.816,151.52,407.296,242.768,151.4,LPLC2,orange,dend[1366],0.1815087904612924
720575940603989420,407.056,242.944,151.16,406.944,242.8,151.24,LPLC2,orange,dend[1366],0.2603645302536159
720575940628921303,408.432,243.872,151.68,408.272,243.984,151.56,LPLC2,orange,dend[1376],0.8336050384572944
720575940628395797,409.2,237.312,150.48,409.168,237.104,150.4,LPLC2,orange,dend[1384],0.7792973728059112
720575940619750822,409.056,236.912,150.08,409.056,237.008,150.24,LPLC2,orange,dend[1384],0.821039231604523
720575940648418425,403.792,239.616,149.0,403.776,239.344,148.96,LPLC2,orange,dend[1361],0.699117421213964
720575940619750822,409.488,237.248,149.88,409.584,237.328,150.0,LPLC2,orange,dend[1384],0.647787454715552
720575940648418425,404.528,239.824,149.16,404.672,239.888,149.32,LPLC2,orange,dend[1359],0.8614087967043264
720575940619750822,408.512,236.64,150.32,408.528,236.848,150.36,LPLC2,orange,dend[1384],0.9712527327947966
720575940619750822,401.376,243.904,152.8,401.488,244.112,152.72,LPLC2,orange,dend[1370],1.0
720575940639884878,408.88,237.296,150.36,409.04,237.088,150.36,LPLC2,orange,dend[1384],0.8126427700560934
720575940639884878,404.96,239.696,151.32,404.816,239.808,151.4,LPLC2,orange,dend[1355],0.35534372374796835
720575940615907723,403.344,238.96,148.92,403.44,239.12,148.92,LPLC2,orange,dend[1361],0.9544683749745788
720575940619263937,404.912,240.592,149.76,404.864,240.352,149.72,LPLC2,orange,dend[1356],1.0
720575940619263937,405.6,240.96,150.2,405.648,241.248,150.28,LPLC2,orange,dend[1354],0.49914375992659815
720575940627368254,407.872,239.104,148.96,407.664,238.944,149.04,LPLC2,orange,dend[1352],0.92871139077849
720575940653666465,409.04,236.72,150.4,409.008,236.944,150.32,LPLC2,orange,dend[1384],0.8416859494132004
720575940627368254,408.336,240.016,151.12,408.224,240.144,151.32,LPLC2,orange,dend[1377],0.9085916241413393
720575940629292785,406.032,243.184,151.32,406.032,243.024,151.4,LPLC2,orange,dend[1366],0.5265217327866148
720575940629292785,405.056,243.648,151.56,405.008,243.392,151.64,LPLC2,orange,dend[1366],0.8342132453749368
720575940629292785,407.456,241.488,150.56,407.424,241.296,150.72,LPLC2,orange,dend[1350],0.5316987573598447
720575940629292785,407.632,241.744,150.68,407.808,241.76,150.76,LPLC2,orange,dend[1350],0.210619420942004
720575940629292785,409.216,241.712,150.76,409.248,241.92,150.76,LPLC2,orange,dend[1347],0.6884422170918909
720575940620306904,401.52,244.48,152.64,401.488,244.256,152.68,LPLC2,orange,dend[1372],0.662003713763993
720575940655750305,403.968,239.344,152.08,403.696,239.424,152.2,LPLC2,orange,dend[1355],0.9451148187377723
720575940655750305,404.592,239.856,151.76,404.384,239.712,151.72,LPLC2,orange,dend[1355],0.5799719280651043
720575940617480094,406.272,240.352,150.52,406.16,240.576,150.56,LPLC2,orange,dend[1354],0.339207756492716
720575940639895003,407.392,241.584,150.92,407.424,241.376,150.92,LPLC2,orange,dend[1350],0.4867113877947223
720575940639895003,407.296,241.488,150.72,407.264,241.264,150.76,LPLC2,orange,dend[1350],0.5951121607161609
720575940639895003,405.84,243.056,151.12,405.888,242.992,151.28,LPLC2,orange,dend[1366],0.5521760147816267
720575940639895003,408.288,241.936,151.28,408.24,242.112,151.16,LPLC2,orange,dend[1347],1.0
720575940639895003,408.208,241.216,151.12,408.064,241.232,150.96,LPLC2,orange,dend[1377],0.40333516649005235
720575940639895003,407.232,239.488,150.24,407.136,239.696,150.08,LPLC2,orange,dend[1351],0.5331495850575344
720575940647369507,402.272,243.856,152.28,402.336,243.856,152.44,LPLC2,orange,dend[1370],0.3648752109071312
720575940617997241,407.888,239.456,150.0,407.616,239.504,150.04,LPLC2,orange,dend[1351],0.6994580195986333
720575940611567638,406.64,240.736,150.52,406.576,240.784,150.64,LPLC2,orange,dend[1350],1.0
720575940618927892,407.04,241.376,150.76,407.04,241.152,150.84,LPLC2,orange,dend[1350],0.7104068465422275
720575940618927892,406.592,242.752,151.28,406.656,242.88,151.4,LPLC2,orange,dend[1366],0.35579133337235525
720575940618927892,406.832,242.512,151.52,406.928,242.72,151.52,LPLC2,orange,dend[1366],0.29135771391921234
720575940618927892,406.048,241.168,150.84,406.016,240.912,150.88,LPLC2,orange,dend[1354],0.334052910788068
720575940623827348,404.496,238.352,150.0,404.464,238.448,149.84,LPLC2,orange,dend[1362],0.9408341720756148
720575940632129848,406.016,242.704,151.84,405.904,242.896,151.72,LPLC2,orange,dend[1366],0.5905295346208136
720575940632129848,406.192,242.752,151.8,406.208,242.96,151.72,LPLC2,orange,dend[1366],0.5104561495225994
720575940606126438,403.168,243.776,151.96,403.28,243.664,152.08,LPLC2,orange,dend[1369],0.24907219555162158
720575940606126438,402.704,243.856,152.2,402.736,243.664,152.28,LPLC2,orange,dend[1369],0.8636089478237631
720575940607845250,407.632,241.264,150.52,407.568,241.328,150.72,LPLC2,orange,dend[1350],0.4711831519491844
720575940628976956,404.704,239.312,151.52,404.576,239.632,151.52,LPLC2,orange,dend[1355],0.47746530508997104
720575940607845250,404.624,243.28,151.44,404.752,243.2,151.56,LPLC2,orange,dend[1366],0.8902915981676629
720575940632080146,403.6,244.016,152.12,403.552,244.016,152.0,LPLC2,orange,dend[1374],0.5194170818705145
720575940632080146,409.2,242.576,151.08,409.04,242.4,151.04,LPLC2,orange,dend[1347],0.739301845368923
720575940632080146,408.384,243.12,151.08,408.16,243.056,151.0,LPLC2,orange,dend[1365],1.0
720575940632080146,408.096,244.08,151.48,408.24,244.032,151.56,LPLC2,orange,dend[1376],0.851528288109941
720575940632080146,403.952,243.632,152.16,403.936,243.488,152.04,LPLC2,orange,dend[1368],0.5142853034567281
720575940632080146,402.416,243.152,152.4,402.448,243.28,152.32,LPLC2,orange,dend[1373],0.8122196507155264
720575940632080146,402.848,243.312,152.2,402.768,243.52,152.2,LPLC2,orange,dend[1369],0.8803432477640434
720575940632080146,403.936,239.152,148.92,403.68,239.136,149.0,LPLC2,orange,dend[1361],0.73482734650055
720575940612096462,404.32,239.12,150.04,404.304,239.184,149.84,LPLC2,orange,dend[1360],0.7677746826631647
720575940612096462,404.288,238.224,149.84,404.384,238.336,149.76,LPLC2,orange,dend[1364],0.5089921317852909
720575940625216202,404.512,240.048,149.92,404.64,239.872,149.92,LPLC2,orange,dend[1360],0.1005835749091831
720575940612096462,404.016,239.248,150.2,403.904,239.264,150.04,LPLC2,orange,dend[1360],0.9439103551636744
720575940625216202,402.336,244.112,152.88,402.128,244.048,152.76,LPLC2,orange,dend[1370],0.6393597596101833
720575940617289782,407.008,242.896,151.68,406.976,242.768,151.56,LPLC2,orange,dend[1366],0.28366980237783535
720575940617289782,405.936,243.392,151.6,405.856,243.2,151.64,LPLC2,orange,dend[1366],0.6022804129340936
720575940622680088,409.264,232.416,151.96,409.408,232.608,152.04,LPLC2,orange,dend[1661],0.6598092143557756
720575940612874536,408.4,240.72,151.4,408.352,240.544,151.28,LPLC2,orange,dend[1377],0.7475905661486162
720575940612874536,407.888,240.48,151.48,408.096,240.368,151.32,LPLC2,orange,dend[1377],0.8052748595824856
720575940612874536,408.272,240.88,151.32,408.24,240.816,151.12,LPLC2,orange,dend[1377],0.6079567825872154
720575940622680088,408.608,232.768,152.12,408.656,232.944,152.16,LPLC2,orange,dend[1661],1.0
720575940622680088,408.96,232.64,152.08,409.056,232.784,152.12,LPLC2,orange,dend[1661],0.8279249901386153
720575940612874536,407.12,239.904,150.64,407.248,240.032,150.52,LPLC2,orange,dend[1351],0.36062918772821795
720575940634700980,404.256,238.288,149.56,404.368,238.368,149.68,LPLC2,orange,dend[1364],0.5663438377473416
720575940622425271,407.36,239.872,150.04,407.392,239.76,150.2,LPLC2,orange,dend[1351],0.5409994533017553
720575940622425271,406.096,240.384,150.96,405.936,240.592,150.84,LPLC2,orange,dend[1354],0.43773168551377495
720575940622425271,407.408,239.488,149.76,407.472,239.456,149.92,LPLC2,orange,dend[1351],0.7097137065426996
720575940635004271,409.376,236.912,150.2,409.136,236.992,150.28,LPLC2,orange,dend[1384],0.8039603560844528
720575940615332502,404.928,243.2,151.24,405.008,243.168,151.4,LPLC2,orange,dend[1366],0.8045596294134724
720575940615332502,401.44,243.92,152.52,401.424,244.112,152.4,LPLC2,orange,dend[1372],1.0
720575940642414837,405.664,239.968,150.8,405.504,240.128,150.76,LPLC2,orange,dend[1354],0.7551366032991109
720575940645328436,408.608,233.856,148.52,408.512,233.984,148.44,LPLC2,orange,dend[1601],0.846118957998454
720575940645328436,404.592,242.96,153.2,404.704,243.152,153.16,LPLC2,orange,dend[1367],0.5405879269981188
720575940619900993,408.128,238.672,149.84,408.0,238.688,149.76,LPLC2,orange,dend[1352],0.22900686077943783
720575940607854531,405.184,240.416,151.04,405.2,240.224,150.96,LPLC2,orange,dend[1354],0.8853687838602873
720575940636295019,407.968,243.088,150.24,407.824,243.024,150.32,LPLC2,orange,dend[1375],0.16107292297233186
720575940636295019,405.184,243.504,151.8,405.168,243.36,151.68,LPLC2,orange,dend[1366],0.7946288436348045
720575940629368015,404.592,238.528,149.52,404.496,238.56,149.72,LPLC2,orange,dend[1362],0.847105214563951
720575940615953302,407.888,238.496,149.64,408.016,238.624,149.72,LPLC2,orange,dend[1352],0.16598830660347702
720575940615953302,407.696,238.768,149.68,407.792,238.992,149.64,LPLC2,orange,dend[1351],0.977139073721628
720575940615953302,407.584,238.72,149.04,407.632,238.944,149.12,LPLC2,orange,dend[1352],0.8292818442078183
720575940635307639,404.576,238.944,149.72,404.384,238.88,149.72,LPLC2,orange,dend[1362],0.5023140034133873
720575940624755504,408.112,243.984,151.72,408.256,244.032,151.6,LPLC2,orange,dend[1376],0.8667884896043669
720575940624755504,408.592,243.136,151.64,408.416,243.008,151.52,LPLC2,orange,dend[1348],0.8733536221858104
720575940639878352,409.376,242.224,151.2,409.488,242.208,151.04,LPLC2,orange,dend[1347],0.593165423546555
720575940639878352,408.752,242.64,151.32,408.576,242.624,151.2,LPLC2,orange,dend[1348],0.4369210252968093
720575940639878352,408.128,242.24,151.4,408.176,242.336,151.24,LPLC2,orange,dend[1347],1.0
720575940623262461,407.424,240.24,157.28,407.616,240.304,157.32,LPLC2,orange,dend[1280],1.0
720575940613470947,406.0,234.4,158.4,406.096,234.368,158.56,LPLC2,orange,dend[1297],0.537302303018773
720575940622156799,409.424,235.968,156.28,409.424,235.808,156.4,LPLC2,orange,dend[1307],0.7693798214510883
720575940622156799,409.216,236.432,157.08,409.264,236.32,157.24,LPLC2,orange,dend[1307],0.15060001210192778
720575940622156799,409.2,236.176,156.64,409.344,235.968,156.64,LPLC2,orange,dend[1307],0.5845961526928746
720575940625697772,409.28,236.192,157.48,409.312,236.336,157.36,LPLC2,orange,dend[1306],0.9917693838868001
720575940610226645,404.576,238.736,158.6,404.576,238.672,158.76,LPLC2,orange,dend[1304],0.5409719799026327
720575940610226645,406.176,233.76,158.64,406.352,233.888,158.6,LPLC2,orange,dend[1297],0.8037849291438184
720575940625697772,408.912,236.4,157.48,409.056,236.544,157.48,LPLC2,orange,dend[1306],0.7178072833894064
720575940625697772,408.864,236.112,158.0,409.04,235.968,158.08,LPLC2,orange,dend[1308],0.4937802983573083
720575940631380695,408.576,234.736,157.96,408.464,234.848,157.88,LPLC2,orange,dend[1314],0.45923767897675166
720575940631380695,409.056,234.48,158.04,409.232,234.592,158.16,LPLC2,orange,dend[1311],0.413397826254617
720575940632777124,408.096,234.592,157.68,408.288,234.56,157.72,LPLC2,orange,dend[1314],0.6486724478106916
720575940632777124,408.096,234.224,157.2,408.192,234.048,157.2,LPLC2,orange,dend[1314],0.9895826275279149
720575940630209603,404.832,238.864,158.24,404.912,238.656,158.32,LPLC2,orange,dend[1304],0.3858984152885265
720575940627902078,408.0,237.168,155.96,407.728,237.296,155.88,LPLC2,orange,dend[1282],0.8928717233274474
720575940636529520,406.24,234.624,158.56,406.032,234.624,158.64,LPLC2,orange,dend[1297],0.40224834638234197
720575940618608177,407.36,237.552,156.0,407.488,237.504,155.88,LPLC2,orange,dend[1282],0.8673386391393216
720575940618608177,408.608,234.528,157.68,408.4,234.576,157.68,LPLC2,orange,dend[1314],0.6238744296250794
720575940612560680,409.184,235.792,156.52,409.344,235.904,156.52,LPLC2,orange,dend[1307],0.6676669766371011
720575940619981494,406.656,238.368,158.24,406.72,238.224,158.12,LPLC2,orange,dend[1287],0.6453042572750195
720575940619981494,406.784,238.64,158.08,406.944,238.464,158.08,LPLC2,orange,dend[1287],0.4949220173415171
720575940635234478,408.304,235.184,157.8,408.48,235.056,157.88,LPLC2,orange,dend[1314],0.38198887281913363
720575940625700739,405.744,237.232,158.56,405.776,237.056,158.48,LPLC2,orange,dend[1289],0.6296748674097384
720575940623551684,405.696,234.832,158.32,405.696,234.624,158.36,LPLC2,orange,dend[1297],0.34430749942133687
720575940625700739,405.856,238.112,158.16,405.92,238.24,158.28,LPLC2,orange,dend[1304],0.0945980971820872
720575940621914904,406.304,237.824,157.92,406.336,237.984,158.04,LPLC2,orange,dend[1287],0.8743695472686427
720575940621914904,406.128,237.616,158.52,406.176,237.424,158.44,LPLC2,orange,dend[1288],0.6057240585901812
720575940621914904,406.112,237.2,157.8,405.936,237.184,157.76,LPLC2,orange,dend[1303],0.9560713010623416
720575940648418425,408.496,237.136,157.84,408.704,237.088,157.88,LPLC2,orange,dend[1305],0.7978043937572507
720575940615907723,406.864,238.016,158.28,406.816,238.08,158.12,LPLC2,orange,dend[1287],0.5968824276343832
720575940615907723,407.408,236.912,155.68,407.04,236.848,155.68,LPLC2,orange,dend[1284],0.7545839721087628
720575940613219474,408.912,235.84,158.24,409.056,235.856,158.04,LPLC2,orange,dend[1308],0.5591142884054612
720575940615055989,409.344,234.224,158.56,409.536,234.272,158.52,LPLC2,orange,dend[1311],0.6645748779515266
720575940624359093,407.888,237.76,157.8,407.888,237.968,157.76,LPLC2,orange,dend[1286],1.0
720575940617997241,408.08,237.952,157.6,407.92,238.064,157.68,LPLC2,orange,dend[1286],1.0
720575940643740964,406.144,237.056,158.2,406.096,237.264,158.24,LPLC2,orange,dend[1288],0.7734221785454111
720575940617997241,408.208,238.24,157.08,408.0,238.208,157.12,LPLC2,orange,dend[1282],0.28074442699935986
720575940643740964,406.096,236.944,158.36,406.048,237.104,158.4,LPLC2,orange,dend[1288],0.9962078232130676
720575940643740964,407.232,237.776,155.6,407.392,237.616,155.6,LPLC2,orange,dend[1283],0.6961060854607205
720575940623827348,408.88,235.552,157.84,408.992,235.488,157.96,LPLC2,orange,dend[1308],0.8045189127032237
720575940623827348,408.72,235.392,157.76,408.704,235.232,157.88,LPLC2,orange,dend[1314],0.2609532120879045
720575940623827348,409.456,235.84,157.0,409.44,236.0,156.88,LPLC2,orange,dend[1307],0.45768106471169673
720575940623827348,409.136,236.112,157.2,409.264,236.272,157.2,LPLC2,orange,dend[1307],0.18609405289058836
720575940628976956,405.36,234.56,158.08,405.568,234.56,158.24,LPLC2,orange,dend[1297],0.350579425682846
720575940613763759,405.728,234.48,158.56,405.744,234.64,158.44,LPLC2,orange,dend[1297],0.3406223583445426
720575940626617084,408.464,234.864,158.12,408.432,234.832,157.92,LPLC2,orange,dend[1314],0.4628740971105579
720575940612766691,407.936,241.424,155.32,408.016,241.488,155.52,LPLC2,orange,dend[1333],0.47808876966270325
720575940612766691,406.352,237.376,158.56,406.144,237.376,158.48,LPLC2,orange,dend[1288],0.6753166117292246
720575940612766691,406.576,236.912,158.48,406.464,236.896,158.6,LPLC2,orange,dend[1302],0.8138439293505169
720575940612766691,407.952,237.712,156.88,407.92,237.952,156.92,LPLC2,orange,dend[1282],0.40042359246938575
720575940626617084,408.928,234.784,158.56,409.152,234.768,158.6,LPLC2,orange,dend[1311],0.30886938512212975
720575940614738444,405.696,236.416,158.28,405.536,236.48,158.44,LPLC2,orange,dend[1292],0.23047456544312855
720575940625216202,406.64,233.664,158.64,406.304,234.0,158.64,LPLC2,orange,dend[1297],0.7383685442224263
720575940617289782,405.472,234.656,158.44,405.664,234.624,158.36,LPLC2,orange,dend[1297],0.33524296172977575
720575940612874536,405.312,235.328,158.64,405.44,235.312,158.8,LPLC2,orange,dend[1295],0.7672375259464741
720575940612874536,405.6,236.544,157.64,405.472,236.64,157.76,LPLC2,orange,dend[1301],0.9811101422862594
720575940641552347,407.984,237.984,156.36,407.536,237.536,155.84,LPLC2,orange,dend[1282],0.8735644320319406
720575940639109795,408.24,241.264,155.16,408.256,241.504,155.24,LPLC2,orange,dend[1333],0.4400280373436217
720575940639109795,408.192,241.2,155.24,408.096,241.344,155.4,LPLC2,orange,dend[1333],0.49480609257236696
720575940635004271,407.008,241.152,155.6,407.104,241.28,155.52,LPLC2,orange,dend[1333],0.9395308426741937
720575940626375172,404.784,243.792,153.84,404.736,243.6,153.92,LPLC2,orange,dend[1367],1.0
720575940642414837,406.736,236.656,155.6,406.912,236.8,155.64,LPLC2,orange,dend[1284],0.9001488383037297
720575940613145258,405.92,238.352,158.12,405.952,238.224,158.24,LPLC2,orange,dend[1304],0.0792411516472124
720575940613145258,406.496,234.032,158.52,406.336,233.952,158.56,LPLC2,orange,dend[1297],0.7780007540133532
720575940613145258,406.912,238.048,157.84,406.864,238.048,158.04,LPLC2,orange,dend[1287],0.5601283107153335
720575940613145258,407.2,238.288,157.44,407.392,238.384,157.56,LPLC2,orange,dend[1281],1.0
720575940624755504,409.552,235.472,158.04,409.152,235.92,157.88,LPLC2,orange,dend[1308],0.42131038386037706
720575940623262461,403.904,237.968,161.76,404.016,237.824,161.72,LPLC2,orange,dend[1293],0.9762522858740373
720575940630831185,405.264,235.664,159.12,405.392,235.536,159.0,LPLC2,orange,dend[1295],0.5691911160482305
720575940630831185,405.12,236.4,159.2,405.2,236.48,159.04,LPLC2,orange,dend[1292],1.0
720575940645407268,403.552,236.176,159.48,403.728,236.24,159.56,LPLC2,orange,dend[1298],0.915291859566369
720575940622156799,405.632,236.704,159.32,405.456,236.64,159.28,LPLC2,orange,dend[1293],0.0913577899033706
720575940622156799,404.784,236.928,160.48,404.704,237.184,160.48,LPLC2,orange,dend[1293],0.5269160245132606
720575940610226645,404.544,236.48,158.96,404.72,236.432,159.04,LPLC2,orange,dend[1298],0.26346191642265143
720575940610226645,404.736,234.704,159.8,404.928,234.752,159.8,LPLC2,orange,dend[1296],0.9390865309757988
720575940627902078,403.408,236.656,159.4,403.36,236.448,159.44,LPLC2,orange,dend[1300],0.7381650942786767
720575940627902078,403.456,236.544,159.96,403.632,236.352,159.96,LPLC2,orange,dend[1299],0.16756718554887123
720575940622312072,403.376,236.16,160.16,403.44,236.016,160.12,LPLC2,orange,dend[1299],0.7671282182501328
720575940625700739,406.0,236.992,158.8,405.888,236.896,158.68,LPLC2,orange,dend[1289],0.9493999848341428
720575940625700739,406.112,237.216,158.72,406.08,237.168,158.56,LPLC2,orange,dend[1288],0.9430464692649119
720575940616377817,404.704,236.4,158.72,404.912,236.496,158.84,LPLC2,orange,dend[1294],0.5922964071241087
720575940628921303,409.104,233.312,158.8,409.04,233.408,158.64,LPLC2,orange,dend[1312],0.8619406789079281
720575940619750822,404.368,238.784,159.36,404.208,238.72,159.28,LPLC2,orange,dend[1304],0.7185094772310466
720575940619750822,403.776,238.864,159.4,403.888,238.72,159.44,LPLC2,orange,dend[1304],0.8255458666666554
720575940629292785,403.888,236.656,159.84,403.824,236.432,159.8,LPLC2,orange,dend[1298],0.9555440927873615
720575940607845250,404.224,239.008,158.96,404.368,238.768,158.96,LPLC2,orange,dend[1304],0.6311044308194567
720575940613763759,404.976,236.752,159.0,404.88,236.496,159.0,LPLC2,orange,dend[1294],0.5703074746949377
720575940613763759,405.072,236.816,159.52,405.232,236.704,159.6,LPLC2,orange,dend[1293],0.2001972579179616
720575940626617084,409.488,233.76,158.84,409.648,233.792,158.72,LPLC2,orange,dend[1313],0.3416922007540152
720575940614738444,404.0,238.592,159.64,403.888,238.736,159.56,LPLC2,orange,dend[1304],0.8449212567865314
720575940614738444,404.64,238.448,158.96,404.592,238.672,158.92,LPLC2,orange,dend[1304],0.5613838066058098
720575940617289782,405.36,235.2,159.36,405.232,235.168,159.24,LPLC2,orange,dend[1296],0.24276383677814553
720575940617289782,405.248,235.088,159.12,405.232,235.184,159.2,LPLC2,orange,dend[1296],0.20675215089183877
720575940617289782,405.984,235.168,158.88,405.712,235.168,158.84,LPLC2,orange,dend[1295],0.9696626270105374
720575940612874536,403.376,235.76,160.2,403.408,235.968,160.12,LPLC2,orange,dend[1299],0.8380502101650227
720575940612874536,405.04,235.824,158.88,405.168,236.0,158.88,LPLC2,orange,dend[1294],1.0
720575940622680088,405.328,236.768,159.8,405.104,236.784,159.88,LPLC2,orange,dend[1293],0.29047291109678763
720575940638626118,403.504,236.016,159.64,403.68,236.224,159.64,LPLC2,orange,dend[1298],0.9634774898873232
720575940642414837,403.888,236.688,159.32,403.68,236.448,159.44,LPLC2,orange,dend[1298],0.9172948285409507
720575940619900993,403.568,235.936,159.92,403.664,236.144,159.88,LPLC2,orange,dend[1299],0.24188858183645082
720575940624531652,404.672,238.768,159.04,404.48,238.688,158.96,LPLC2,orange,dend[1304],0.5973656480293625
720575940624531652,404.336,238.944,158.8,404.4,238.752,158.88,LPLC2,orange,dend[1304],0.6096132838143559
720575940624531652,404.208,237.92,161.4,404.208,237.76,161.4,LPLC2,orange,dend[1293],0.8711461720574435
720575940625695269,403.04,236.288,159.36,403.232,236.384,159.4,LPLC2,orange,dend[1300],0.9422119346200215
720575940625695269,403.344,238.496,159.92,403.504,238.624,159.84,LPLC2,orange,dend[1304],0.9800506673794005
720575940624755504,409.408,235.44,159.04,409.552,235.52,159.0,LPLC2,orange,dend[1310],0.48698701742967127
720575940632009167,414.608,229.232,140.52,414.592,229.376,140.4,LPLC2,orange,dend[1573],0.9075950094170339
720575940611567638,411.2,228.768,144.32,411.248,228.976,144.4,LPLC2,orange,dend[1615],0.8556562468642979
720575940616083345,411.408,229.072,144.68,411.488,229.04,144.56,LPLC2,orange,dend[1615],0.5759437015176483
720575940616083345,411.168,229.248,144.48,411.264,229.072,144.4,LPLC2,orange,dend[1615],0.7579839525750677
720575940612096462,410.944,228.832,144.4,411.152,228.976,144.36,LPLC2,orange,dend[1615],0.9443831045035115
720575940636295019,411.712,229.328,144.88,411.808,229.328,144.72,LPLC2,orange,dend[1614],0.9436709909644468
720575940613470947,416.976,230.976,140.32,416.992,231.056,140.16,LPLC2,orange,dend[1577],0.22667172958802576
720575940613470947,416.928,231.312,140.56,416.752,231.488,140.52,LPLC2,orange,dend[1577],0.4176714901977319
720575940613470947,415.488,232.48,141.48,415.6,232.656,141.4,LPLC2,orange,dend[1577],0.9868688565598571
720575940613470947,415.968,231.536,140.72,416.064,231.712,140.64,LPLC2,orange,dend[1577],0.58147565297866
720575940641704656,412.384,233.2,142.76,412.336,233.408,142.88,LPLC2,orange,dend[1623],0.8786567348002058
720575940627685765,412.592,231.296,141.32,412.672,231.136,141.4,LPLC2,orange,dend[1575],0.9695785402625279
720575940630209603,413.776,230.432,140.76,413.84,230.592,140.92,LPLC2,orange,dend[1575],0.4731208512188482
720575940640302389,415.616,231.712,140.24,415.696,231.84,140.36,LPLC2,orange,dend[1577],0.619898997997157
720575940640302389,415.84,231.552,140.36,415.872,231.76,140.44,LPLC2,orange,dend[1577],0.5889101320429898
720575940622312072,415.312,229.936,139.76,415.392,230.016,139.92,LPLC2,orange,dend[1572],0.7491937975483716
720575940635234478,415.136,230.128,140.6,415.024,230.208,140.44,LPLC2,orange,dend[1572],0.9589109551991163
720575940622312072,414.8,229.376,140.16,414.8,229.568,140.28,LPLC2,orange,dend[1573],0.5859597078083078
720575940616377817,415.536,232.864,141.52,415.616,232.672,141.4,LPLC2,orange,dend[1577],0.9886613824594395
720575940648418425,416.576,229.712,140.24,416.4,229.776,140.16,LPLC2,orange,dend[1572],0.2822909525135347
720575940648418425,416.592,229.632,140.24,416.4,229.6,140.24,LPLC2,orange,dend[1572],0.2936601768366538
720575940653666465,414.48,229.664,140.28,414.688,229.552,140.32,LPLC2,orange,dend[1573],0.6669206378416985
720575940653666465,412.4,233.536,142.72,412.416,233.408,142.88,LPLC2,orange,dend[1623],1.0
720575940653666465,414.112,230.56,140.56,414.16,230.528,140.72,LPLC2,orange,dend[1575],0.33367455751606784
720575940653666465,414.544,230.432,140.0,414.768,230.464,139.88,LPLC2,orange,dend[1576],0.3706680486009618
720575940629292785,414.704,230.608,140.56,414.656,230.384,140.56,LPLC2,orange,dend[1575],0.14030306334632495
720575940629292785,415.056,231.008,139.88,414.848,230.848,139.8,LPLC2,orange,dend[1576],0.8851692691259935
720575940629292785,415.568,231.664,140.84,415.744,231.856,140.88,LPLC2,orange,dend[1577],0.6947964412132864
720575940655750305,416.096,232.208,140.56,416.048,232.0,140.6,LPLC2,orange,dend[1577],0.6480780609002023
720575940655750305,416.288,232.08,140.44,416.192,231.92,140.48,LPLC2,orange,dend[1577],0.5915815776285932
720575940655750305,415.712,232.512,140.92,415.648,232.32,141.0,LPLC2,orange,dend[1577],0.8388408454857817
720575940615055989,413.28,231.12,141.32,413.152,230.944,141.28,LPLC2,orange,dend[1575],0.7831768771324401
720575940615055989,414.0,230.784,141.28,413.792,230.752,141.32,LPLC2,orange,dend[1575],0.5783491026599664
720575940615055989,413.6,230.96,141.44,413.616,230.768,141.36,LPLC2,orange,dend[1575],0.6400920345783732
720575940615055989,414.176,230.72,140.92,414.112,230.576,140.84,LPLC2,orange,dend[1575],0.3752955772685928
720575940624359093,411.888,233.712,143.28,411.856,233.44,143.2,LPLC2,orange,dend[1622],0.41798997338403726
720575940611567638,412.896,230.816,141.32,413.104,230.816,141.24,LPLC2,orange,dend[1575],0.776369183479082
720575940623827348,411.264,233.264,143.16,411.472,233.264,143.16,LPLC2,orange,dend[1622],0.9854575926718945
720575940619197318,414.512,230.416,143.24,414.528,230.256,143.36,LPLC2,orange,dend[1592],0.8347284264962488
720575940632080146,415.6,230.272,140.28,415.408,230.144,140.32,LPLC2,orange,dend[1572],0.7652989087810899
720575940632080146,412.448,233.2,143.32,412.336,233.408,143.28,LPLC2,orange,dend[1621],0.6154003479923253
720575940632080146,415.632,230.24,140.24,415.536,230.064,140.16,LPLC2,orange,dend[1572],0.6942513179167238
720575940632080146,416.736,230.48,140.2,416.96,230.48,140.16,LPLC2,orange,dend[1577],0.0900489791091922
720575940628847164,412.688,233.344,142.92,412.464,233.408,142.88,LPLC2,orange,dend[1623],1.0
720575940614738444,415.632,229.76,139.84,415.664,229.968,139.88,LPLC2,orange,dend[1572],0.615299290689676
720575940614738444,415.312,229.728,140.2,415.152,229.888,140.16,LPLC2,orange,dend[1572],0.8872784480696516
720575940614738444,416.24,229.888,140.32,416.304,229.776,140.2,LPLC2,orange,dend[1572],0.3319190585843616
720575940614738444,417.216,230.272,140.16,417.056,230.432,140.2,LPLC2,orange,dend[1577],0.07153793559132221
720575940614738444,416.704,230.128,139.68,416.736,229.904,139.72,LPLC2,orange,dend[1571],0.926838518210893
720575940617289782,414.72,229.808,140.08,414.864,229.808,140.2,LPLC2,orange,dend[1572],1.0
720575940628552247,414.432,230.256,140.48,414.544,230.384,140.6,LPLC2,orange,dend[1575],0.1811723312449041
720575940617289782,414.816,230.24,139.68,414.8,230.544,139.68,LPLC2,orange,dend[1576],0.6635751882930133
720575940634700980,416.464,231.568,140.04,416.48,231.52,140.2,LPLC2,orange,dend[1577],0.4139458462268223
720575940626375172,415.36,232.112,141.12,415.568,232.224,141.12,LPLC2,orange,dend[1577],0.8438143299970011
720575940626375172,415.456,232.096,140.48,415.52,231.888,140.44,LPLC2,orange,dend[1577],0.6668607669697164
720575940626375172,415.424,232.096,140.88,415.6,232.176,140.92,LPLC2,orange,dend[1577],0.7980867018437978
720575940607854531,411.984,233.216,143.08,411.984,233.408,143.12,LPLC2,orange,dend[1622],0.2507365409885359
720575940613145258,416.448,229.552,140.44,416.384,229.6,140.24,LPLC2,orange,dend[1572],0.30146334678028197
720575940613145258,416.128,232.192,141.0,415.936,232.096,140.92,LPLC2,orange,dend[1577],0.7339950349798258
720575940613145258,416.576,231.536,140.72,416.608,231.552,140.56,LPLC2,orange,dend[1577],0.4583557749789673
720575940629368015,414.544,230.656,139.68,414.752,230.592,139.72,LPLC2,orange,dend[1576],0.6839292065454564
720575940629368015,414.592,230.704,139.52,414.784,230.688,139.6,LPLC2,orange,dend[1576],0.9134038252279385
720575940613470947,413.792,232.928,144.84,413.888,232.976,144.72,LPLC2,orange,dend[1618],0.21772713842434252
720575940613470947,410.304,233.408,148.0,410.336,233.632,148.0,LPLC2,orange,dend[1599],0.16526937628914629
720575940613470947,410.176,233.232,147.76,410.272,233.04,147.72,LPLC2,orange,dend[1602],0.6557614714607964
720575940613470947,414.064,232.336,144.76,414.24,232.368,144.72,LPLC2,orange,dend[1617],0.7973676780984534
720575940613470947,410.656,233.632,147.32,410.832,233.504,147.32,LPLC2,orange,dend[1598],0.4995961573095024
720575940613470947,414.336,232.096,144.12,414.272,231.904,144.2,LPLC2,orange,dend[1617],0.6096531213184538
720575940613470947,410.608,240.768,147.6,410.8,240.88,147.56,LPLC2,orange,dend[1388],0.7929364943666783
720575940613470947,414.48,232.048,144.12,414.496,231.84,144.16,LPLC2,orange,dend[1617],0.5656583687168242
720575940630831185,410.992,240.144,147.56,410.896,240.256,147.4,LPLC2,orange,dend[1388],0.9042706189038799
720575940630831185,411.2,239.904,147.72,411.36,239.904,147.76,LPLC2,orange,dend[1393],0.9100816921686925
720575940630831185,413.12,230.384,144.72,413.088,230.144,144.8,LPLC2,orange,dend[1594],0.9841193592863362
720575940630831185,410.016,234.512,147.84,409.632,234.528,147.68,LPLC2,orange,dend[1599],1.0
720575940641704656,412.48,229.616,144.8,412.4,229.776,144.72,LPLC2,orange,dend[1614],0.5505344345110628
720575940641704656,412.576,229.648,144.76,412.544,229.84,144.72,LPLC2,orange,dend[1614],0.46620016577139195
720575940641704656,410.528,239.152,147.16,410.672,239.088,147.2,LPLC2,orange,dend[1389],0.8697186154218939
720575940622156799,412.224,230.992,145.24,412.272,231.008,145.4,LPLC2,orange,dend[1595],0.5212976158402195
720575940625697772,414.656,233.52,145.76,414.64,233.312,145.68,LPLC2,orange,dend[1625],0.9939633633559226
720575940625697772,415.04,230.384,147.16,414.896,230.208,147.24,LPLC2,orange,dend[1630],0.5075567412670591
720575940631380695,414.064,229.728,147.4,414.128,229.936,147.32,LPLC2,orange,dend[1630],0.9755929248827867
720575940631380695,410.144,241.312,147.32,410.4,241.264,147.36,LPLC2,orange,dend[1388],0.8172696126862249
720575940632777124,410.688,239.008,147.36,410.608,239.008,147.24,LPLC2,orange,dend[1389],0.9506041923218592
720575940624417584,413.056,230.608,145.56,413.2,230.528,145.6,LPLC2,orange,dend[1595],0.16295293122980112
720575940624417584,411.152,239.536,147.28,410.96,239.648,147.24,LPLC2,orange,dend[1389],0.35477541229108656
720575940624417584,412.576,230.576,145.16,412.752,230.704,145.2,LPLC2,orange,dend[1595],0.26473969581523454
720575940640302389,410.72,240.928,148.16,410.768,240.816,148.04,LPLC2,orange,dend[1388],0.7112818696164709
720575940640302389,411.04,241.008,148.16,411.04,241.168,148.04,LPLC2,orange,dend[1388],0.6333034270087835
720575940640302389,411.808,231.392,144.96,411.872,231.28,145.08,LPLC2,orange,dend[1595],0.6526113659970512
720575940635234478,413.216,233.184,144.16,413.136,233.344,144.16,LPLC2,orange,dend[1620],0.23968669378166169
720575940635234478,411.2,231.584,146.2,411.2,231.488,146.04,LPLC2,orange,dend[1603],0.30581062698743533
720575940635234478,410.656,231.744,146.32,410.576,231.584,146.2,LPLC2,orange,dend[1603],0.6096267700849608
720575940635234478,410.08,240.0,147.0,410.208,239.968,146.92,LPLC2,orange,dend[1390],0.29250336468989246
720575940625700739,413.968,230.288,147.44,414.144,230.144,147.36,LPLC2,orange,dend[1630],0.9441251846649883
720575940616377817,411.44,232.912,147.0,411.44,233.072,146.88,LPLC2,orange,dend[1596],0.8541300175093174
720575940616377817,411.04,233.024,146.72,411.184,233.2,146.84,LPLC2,orange,dend[1596],0.9404544262313463
720575940603989420,410.72,233.648,148.08,410.656,233.744,147.96,LPLC2,orange,dend[1599],0.06614890172297905
720575940621914904,412.176,232.016,145.44,412.08,231.776,145.52,LPLC2,orange,dend[1595],0.8209175461018939
720575940628395797,412.528,231.088,145.08,412.512,231.104,145.28,LPLC2,orange,dend[1595],0.4622102410990264
720575940628395797,413.552,230.08,145.2,413.536,230.192,145.12,LPLC2,orange,dend[1594],0.828306011017895
720575940628395797,414.08,231.728,144.2,414.24,231.696,144.32,LPLC2,orange,dend[1617],0.5513528580270467
720575940628395797,413.216,230.368,145.4,413.168,230.544,145.48,LPLC2,orange,dend[1595],0.1547043212994347
720575940648418425,414.768,233.488,145.48,414.656,233.28,145.56,LPLC2,orange,dend[1625],0.9065804077362661
720575940619750822,410.768,230.096,144.4,410.96,230.016,144.44,LPLC2,orange,dend[1616],0.5165127517335776
720575940619750822,411.168,229.936,144.12,411.152,230.112,144.2,LPLC2,orange,dend[1616],0.4810418062176964
720575940639884878,414.0,230.368,145.0,413.888,230.208,144.92,LPLC2,orange,dend[1594],0.6102408125284138
720575940639884878,414.08,231.424,144.32,414.272,231.616,144.28,LPLC2,orange,dend[1617],0.5196106516751636
720575940639884878,414.16,231.76,144.72,414.304,231.872,144.6,LPLC2,orange,dend[1617],0.6206710528781861
720575940639884878,413.632,230.512,145.16,413.504,230.416,145.08,LPLC2,orange,dend[1594],0.8419552856612695
720575940615907723,412.32,231.712,145.4,412.144,231.632,145.48,LPLC2,orange,dend[1595],0.7539246215827186
720575940615907723,410.832,230.128,143.56,410.768,230.16,143.76,LPLC2,orange,dend[1616],0.7766759745967843
720575940629292785,409.792,231.168,146.08,409.792,231.376,146.12,LPLC2,orange,dend[1603],1.0
720575940629292785,410.8,230.336,144.28,410.784,230.192,144.16,LPLC2,orange,dend[1616],0.7025930181382919
720575940629292785,411.104,230.288,144.4,411.088,230.08,144.4,LPLC2,orange,dend[1616],0.4709288284572896
720575940620306904,413.856,229.92,147.4,414.048,229.984,147.32,LPLC2,orange,dend[1630],1.0
720575940655750305,411.536,230.224,144.56,411.568,230.016,144.48,LPLC2,orange,dend[1616],0.18636271292442708
720575940655750305,410.224,233.936,147.68,410.352,233.92,147.8,LPLC2,orange,dend[1599],0.3306228565221481
720575940655750305,410.48,234.096,148.2,410.48,234.032,148.0,LPLC2,orange,dend[1599],0.3335318227937879
720575940655750305,410.144,233.808,147.72,410.352,233.712,147.76,LPLC2,orange,dend[1599],0.20374848906745743
720575940655750305,414.272,230.432,143.44,414.368,230.24,143.4,LPLC2,orange,dend[1592],0.9179957329926437
720575940617480094,411.2,233.296,143.76,411.44,233.328,143.88,LPLC2,orange,dend[1624],0.9153772342975462
720575940639895003,412.848,231.232,145.32,412.704,231.104,145.28,LPLC2,orange,dend[1595],0.4097457085091889
720575940639895003,412.704,231.168,145.56,412.432,231.088,145.56,LPLC2,orange,dend[1595],0.5299830238849907
720575940615055989,413.712,232.704,144.48,413.824,232.88,144.56,LPLC2,orange,dend[1618],0.26544207669943887
720575940615055989,412.576,231.584,145.6,412.448,231.424,145.6,LPLC2,orange,dend[1595],0.6314821017512705
720575940615055989,414.0,232.032,144.52,414.224,231.888,144.52,LPLC2,orange,dend[1617],0.6283508167358308
720575940624208824,411.728,233.296,144.12,411.536,233.296,144.0,LPLC2,orange,dend[1624],0.895475877271415
720575940624208824,410.72,230.464,143.8,410.88,230.352,143.84,LPLC2,orange,dend[1616],0.7477906112791259
720575940624208824,410.56,230.384,143.8,410.688,230.192,143.88,LPLC2,orange,dend[1616],0.8047528736439167
720575940625477721,410.336,234.128,147.72,410.336,233.968,147.84,LPLC2,orange,dend[1599],0.3684871073109525
720575940625477721,410.672,241.232,148.04,410.896,241.2,147.96,LPLC2,orange,dend[1388],0.6588946098672839
720575940625477721,410.592,241.056,147.84,410.784,240.944,147.88,LPLC2,orange,dend[1388],0.7226380220580583
720575940625477721,414.48,231.328,144.52,414.64,231.376,144.44,LPLC2,orange,dend[1617],0.41669571941110767
720575940623652083,410.4,230.192,143.84,410.608,230.16,143.92,LPLC2,orange,dend[1616],0.8323844632742552
720575940623652083,410.256,230.32,144.08,410.304,230.128,144.08,LPLC2,orange,dend[1616],0.9570196798167312
720575940624359093,412.656,233.328,144.12,412.848,233.392,144.08,LPLC2,orange,dend[1620],0.4283188482643523
720575940624359093,414.688,230.048,144.08,414.848,230.112,144.24,LPLC2,orange,dend[1593],0.7605337741694111
720575940618927892,410.64,231.216,146.12,410.304,231.392,146.12,LPLC2,orange,dend[1603],0.7566549158912514
720575940618927892,411.424,231.216,145.72,411.568,231.36,145.76,LPLC2,orange,dend[1603],0.12262761475899603
720575940623827348,414.608,230.432,147.28,414.592,230.224,147.28,LPLC2,orange,dend[1630],0.6812589609673939
720575940628976956,411.408,233.344,146.36,411.392,233.264,146.56,LPLC2,orange,dend[1596],0.8682828770477257
720575940607845250,410.144,231.792,146.32,410.016,231.568,146.28,LPLC2,orange,dend[1603],0.8887685722566694
720575940628976956,411.616,233.056,146.24,411.648,232.944,146.4,LPLC2,orange,dend[1596],0.6438585922511578
720575940628976956,414.032,233.2,144.6,413.936,233.04,144.6,LPLC2,orange,dend[1618],0.26400844943777485
720575940619197318,410.352,229.872,144.12,410.32,230.128,144.08,LPLC2,orange,dend[1616],0.9485239474468817
720575940632080146,412.112,233.216,143.84,412.032,233.36,143.8,LPLC2,orange,dend[1624],0.31281574737779505
720575940632080146,411.344,232.736,146.32,411.504,232.784,146.44,LPLC2,orange,dend[1596],0.6022080909804346
720575940628847164,412.816,233.472,143.52,412.72,233.472,143.68,LPLC2,orange,dend[1620],0.6638206645956668
720575940612766691,412.512,231.36,145.2,412.432,231.28,145.36,LPLC2,orange,dend[1595],0.550199571421816
720575940612766691,412.4,232.192,146.04,412.144,232.176,146.0,LPLC2,orange,dend[1596],0.1187572323375636
720575940616083345,409.664,239.648,146.28,409.376,239.6,146.4,LPLC2,orange,dend[1390],0.8386767517962741
720575940612766691,412.128,232.736,146.52,411.888,232.928,146.56,LPLC2,orange,dend[1596],0.6413041502338737
720575940614738444,411.088,233.68,147.16,410.896,233.488,147.24,LPLC2,orange,dend[1598],0.4198568647978711
720575940612096462,409.984,239.936,146.48,409.856,239.744,146.6,LPLC2,orange,dend[1390],0.5562074506680423
720575940612096462,410.208,240.144,146.76,410.208,239.984,146.84,LPLC2,orange,dend[1390],0.3018270940073941
720575940612096462,410.96,233.664,147.96,410.704,233.744,147.92,LPLC2,orange,dend[1599],0.0407958648920549
720575940617289782,414.288,232.592,145.16,414.288,232.624,145.0,LPLC2,orange,dend[1617],0.8945186970471446
720575940617289782,414.384,232.704,145.2,414.352,232.848,145.08,LPLC2,orange,dend[1617],0.9674162397330971
720575940617289782,414.704,231.088,144.12,414.736,231.216,144.28,LPLC2,orange,dend[1617],0.34539254219867815
720575940617289782,414.96,230.288,143.84,414.96,230.096,143.8,LPLC2,orange,dend[1592],0.2738122534392596
720575940617289782,414.688,230.304,143.72,414.72,230.112,143.64,LPLC2,orange,dend[1592],0.5291767582385051
720575940617289782,414.56,233.04,145.56,414.56,233.2,145.48,LPLC2,orange,dend[1625],0.7739728393710825
720575940622680088,411.776,231.28,146.2,411.728,231.408,146.04,LPLC2,orange,dend[1595],0.9030565220148995
720575940634700980,413.12,233.712,144.72,413.328,233.76,144.68,LPLC2,orange,dend[1619],0.3829169326758958
720575940634700980,409.68,238.08,146.72,409.632,238.288,146.68,LPLC2,orange,dend[1391],1.0
720575940622680088,410.704,240.544,148.08,410.736,240.784,148.0,LPLC2,orange,dend[1388],0.726943109752928
720575940638626118,412.016,232.976,146.72,411.856,232.928,146.6,LPLC2,orange,dend[1596],0.6561289536016782
720575940639109795,413.584,234.176,145.08,413.488,234.0,145.08,LPLC2,orange,dend[1619],0.9355274914057801
720575940632009167,412.304,233.632,143.68,412.416,233.456,143.72,LPLC2,orange,dend[1620],0.8140845589351201
720575940632009167,412.528,233.712,143.56,412.592,233.536,143.68,LPLC2,orange,dend[1620],0.7298095110594395
720575940632009167,411.504,233.616,146.72,411.424,233.456,146.64,LPLC2,orange,dend[1596],0.9713946088457601
720575940632009167,411.424,233.824,146.8,411.456,233.856,146.64,LPLC2,orange,dend[1597],0.8154199530759563
720575940635004271,413.248,234.0,144.48,413.328,233.888,144.68,LPLC2,orange,dend[1619],0.4748949751959334
720575940635004271,412.88,233.664,143.72,412.704,233.536,143.76,LPLC2,orange,dend[1620],0.6344340591602284
720575940626375172,411.84,230.96,145.36,412.016,231.152,145.4,LPLC2,orange,dend[1595],0.6335251074046606
720575940626375172,412.544,231.104,145.76,412.448,231.2,145.6,LPLC2,orange,dend[1595],0.5657213306151238
720575940626375172,411.728,230.128,144.64,411.616,230.016,144.48,LPLC2,orange,dend[1616],0.1608755158149018
720575940645328436,412.512,230.08,144.76,412.592,229.904,144.76,LPLC2,orange,dend[1614],0.42016117143765136
720575940645328436,409.92,233.648,148.08,410.128,233.744,148.04,LPLC2,orange,dend[1599],0.3422544860496455
720575940607854531,411.776,233.456,143.8,411.824,233.328,143.84,LPLC2,orange,dend[1624],0.5340875159827225
720575940619900993,410.448,230.0,143.8,410.64,230.144,143.88,LPLC2,orange,dend[1616],0.818937775558
720575940624531652,409.936,231.424,145.84,409.84,231.408,146.0,LPLC2,orange,dend[1603],0.9737153426653944
720575940624531652,409.808,231.776,146.28,409.824,231.552,146.32,LPLC2,orange,dend[1603],0.9862983630947562
720575940615953302,413.584,234.192,144.6,413.536,234.016,144.72,LPLC2,orange,dend[1619],0.6144610677669925
720575940624755504,412.064,232.32,146.2,412.032,232.368,146.04,LPLC2,orange,dend[1596],0.23313139179191752
720575940635307639,409.648,234.88,147.48,409.488,234.736,147.44,LPLC2,orange,dend[1600],0.8110515380614801
720575940611821334,411.328,233.152,150.68,411.36,233.024,150.8,LPLC2,orange,dend[1648],0.9499871962816046
720575940630831185,410.832,240.528,150.48,410.848,240.592,150.64,LPLC2,orange,dend[1385],0.6198305895723508
720575940630831185,410.72,240.448,151.0,410.656,240.384,150.84,LPLC2,orange,dend[1385],0.9684399867869298
720575940630831185,411.056,240.416,150.36,411.264,240.256,150.36,LPLC2,orange,dend[1379],1.0
720575940641704656,411.648,239.088,150.24,411.456,238.976,150.32,LPLC2,orange,dend[1380],0.8050897024428666
720575940641704656,411.456,239.904,150.2,411.296,239.936,150.32,LPLC2,orange,dend[1380],0.2246785547281413
720575940641704656,411.84,238.512,150.4,411.664,238.688,150.52,LPLC2,orange,dend[1380],0.9907858633860447
720575940625697772,410.768,241.216,152.68,410.944,241.2,152.76,LPLC2,orange,dend[1345],0.4619046444430955
720575940610226645,411.968,238.368,151.04,412.032,238.512,150.88,LPLC2,orange,dend[1381],0.7350161036566111
720575940625697772,412.64,230.592,149.48,412.576,230.768,149.52,LPLC2,orange,dend[1643],0.5706744148978401
720575940626236041,410.032,237.456,149.72,410.016,237.568,149.92,LPLC2,orange,dend[1384],0.5087714070521532
720575940614631079,410.576,231.776,150.84,410.768,231.84,150.88,LPLC2,orange,dend[1662],0.7162365114336482
720575940636529520,410.448,238.08,150.24,410.544,238.064,150.12,LPLC2,orange,dend[1384],0.30785419505545564
720575940636529520,409.952,237.936,149.92,410.0,237.696,149.96,LPLC2,orange,dend[1384],0.49364218062793896
720575940618608177,411.376,232.544,150.6,411.408,232.72,150.68,LPLC2,orange,dend[1648],0.8664516967484384
720575940618608177,410.336,232.672,151.72,410.24,232.48,151.68,LPLC2,orange,dend[1661],0.27141739573387985
720575940618608177,410.064,232.736,152.16,409.856,232.592,152.08,LPLC2,orange,dend[1661],0.4965611228115004
720575940622009284,409.6,232.352,151.88,409.648,232.528,151.96,LPLC2,orange,dend[1661],0.546144657021362
720575940612560680,410.128,233.184,151.04,410.176,233.328,150.96,LPLC2,orange,dend[1650],0.637236163424469
720575940612560680,410.592,232.0,150.88,410.768,231.904,150.88,LPLC2,orange,dend[1662],0.655868753184773
720575940622009284,411.312,233.712,152.08,411.504,233.616,151.88,LPLC2,orange,dend[1653],0.1893936942060481
720575940635516084,411.008,234.624,153.52,411.088,234.464,153.48,LPLC2,orange,dend[1654],0.9716873673904726
720575940635516084,411.808,233.296,151.16,411.584,233.184,151.16,LPLC2,orange,dend[1649],0.6490346555931937
720575940625700739,412.448,230.96,148.72,412.272,231.104,148.8,LPLC2,orange,dend[1642],0.8251219517581452
720575940616377817,411.376,238.544,150.6,411.488,238.704,150.56,LPLC2,orange,dend[1380],0.9699486093236249
720575940623551684,410.32,232.208,151.64,410.256,232.448,151.68,LPLC2,orange,dend[1661],0.2612592297732859
720575940603989420,413.312,232.928,149.32,413.312,233.008,149.48,LPLC2,orange,dend[1645],0.530214237318781
720575940603989420,413.584,232.784,149.44,413.472,232.784,149.6,LPLC2,orange,dend[1645],0.4111447276269923
720575940648418425,410.624,238.352,150.04,410.656,238.192,150.16,LPLC2,orange,dend[1384],0.2618946109362931
720575940619750822,412.144,232.496,150.96,412.08,232.656,150.84,LPLC2,orange,dend[1648],0.6210725510547105
720575940648418425,410.944,238.656,150.08,411.056,238.608,150.2,LPLC2,orange,dend[1384],0.10422048365278411
720575940619750822,410.592,240.656,150.6,410.736,240.512,150.68,LPLC2,orange,dend[1385],0.7665802187639824
720575940615907723,414.72,231.536,149.08,414.768,231.44,149.2,LPLC2,orange,dend[1631],0.8146894405111755
720575940615907723,411.984,233.792,153.0,411.888,233.968,153.0,LPLC2,orange,dend[1653],0.7894128764682592
720575940615907723,414.736,231.136,148.68,414.88,231.104,148.8,LPLC2,orange,dend[1631],0.620254434866603
720575940615907723,413.712,232.08,149.56,413.728,232.08,149.72,LPLC2,orange,dend[1639],0.9288211448406353
720575940615907723,412.048,233.664,153.2,412.112,233.824,153.28,LPLC2,orange,dend[1655],0.9721517391252092
720575940615907723,411.968,233.776,153.56,412.048,233.968,153.48,LPLC2,orange,dend[1655],0.7565978195100191
720575940615907723,414.608,231.344,148.96,414.704,231.232,149.04,LPLC2,orange,dend[1631],0.7457868434125968
720575940615907723,411.664,233.824,153.24,411.664,234.096,153.24,LPLC2,orange,dend[1653],0.8831061985381922
720575940653666465,410.432,240.336,150.76,410.64,240.32,150.84,LPLC2,orange,dend[1385],0.9854580381203732
720575940653666465,410.96,240.784,150.76,410.928,240.624,150.64,LPLC2,orange,dend[1385],0.5361525300884283
720575940613219474,413.296,233.984,148.8,413.216,233.904,148.96,LPLC2,orange,dend[1645],0.9974929582009586
720575940627368254,410.592,240.08,150.8,410.64,240.288,150.84,LPLC2,orange,dend[1385],0.9856149489185229
720575940627368254,410.976,239.808,150.36,411.12,239.824,150.24,LPLC2,orange,dend[1380],0.27918696308423824
720575940613219474,409.728,233.792,151.2,409.712,233.616,151.16,LPLC2,orange,dend[1650],0.9610249378115654
720575940655750305,410.4,235.648,151.28,410.352,235.456,151.28,LPLC2,orange,dend[1652],0.7472580302819559
720575940639895003,409.616,235.888,151.32,409.84,235.888,151.32,LPLC2,orange,dend[1652],1.0
720575940615055989,411.232,238.736,150.0,411.216,238.832,150.16,LPLC2,orange,dend[1380],0.873965936735553
720575940615055989,413.104,233.104,149.32,413.296,233.072,149.44,LPLC2,orange,dend[1645],0.5644639802262109
720575940615055989,411.696,238.336,150.72,411.664,238.592,150.64,LPLC2,orange,dend[1381],0.30534653685373275
720575940615055989,412.336,233.664,153.48,412.192,233.776,153.4,LPLC2,orange,dend[1656],0.6445839872455569
720575940615055989,413.088,233.536,149.12,413.28,233.6,149.16,LPLC2,orange,dend[1645],0.8331414676183658
720575940624208824,411.344,239.6,150.64,411.312,239.632,150.44,LPLC2,orange,dend[1380],0.40684200925592734
720575940624208824,410.496,237.696,150.08,410.272,237.76,150.04,LPLC2,orange,dend[1384],0.41839245382116985
720575940625477721,412.224,230.416,149.48,412.304,230.64,149.52,LPLC2,orange,dend[1643],0.8449243297639805
720575940647369507,410.576,242.512,150.96,410.528,242.288,151.0,LPLC2,orange,dend[1347],0.2505765114327317
720575940623925774,410.288,242.288,153.48,410.32,242.464,153.6,LPLC2,orange,dend[1275],0.5595563057464933
720575940618927892,413.2,233.456,149.56,413.296,233.296,149.44,LPLC2,orange,dend[1645],0.6539527830212903
720575940618927892,413.2,234.032,149.24,413.232,233.904,149.08,LPLC2,orange,dend[1645],0.972458750812859
720575940632129848,411.936,234.208,152.84,411.856,233.968,152.96,LPLC2,orange,dend[1653],0.7664584530649898
720575940632129848,411.776,234.48,153.28,411.808,234.272,153.28,LPLC2,orange,dend[1653],0.93035116089358
720575940606126438,411.008,234.88,151.44,410.704,234.832,151.28,LPLC2,orange,dend[1652],0.4662002916970308
720575940606126438,411.248,234.704,151.08,411.008,234.608,151.12,LPLC2,orange,dend[1652],0.32562898807818014
720575940607845250,411.216,232.384,151.24,410.992,232.448,151.2,LPLC2,orange,dend[1660],0.6255554388193025
720575940607845250,412.016,230.608,149.52,412.256,230.672,149.52,LPLC2,orange,dend[1643],0.8133562159459228
720575940607845250,411.856,233.936,152.48,411.744,233.76,152.52,LPLC2,orange,dend[1653],0.5314368903832571
720575940607845250,411.6,233.904,152.28,411.584,233.68,152.28,LPLC2,orange,dend[1653],0.39295237337117533
720575940607845250,411.776,233.168,151.32,411.44,233.28,151.28,LPLC2,orange,dend[1649],1.0
720575940613763759,410.064,237.76,149.76,410.032,237.648,149.92,LPLC2,orange,dend[1384],0.4931547683539883
720575940632080146,410.176,242.416,150.76,410.208,242.208,150.8,LPLC2,orange,dend[1347],0.3664793446690924
720575940632080146,409.888,242.176,150.52,409.968,242.064,150.64,LPLC2,orange,dend[1347],0.4547082470230318
720575940608088259,412.208,230.72,149.32,412.352,230.832,149.4,LPLC2,orange,dend[1643],0.42398803163338367
720575940616083345,412.448,233.232,153.44,412.24,233.344,153.4,LPLC2,orange,dend[1658],0.7505189504521499
720575940614738444,412.72,232.528,150.2,412.752,232.336,150.28,LPLC2,orange,dend[1648],0.24275789654278176
720575940614738444,412.368,232.464,150.8,412.16,232.56,150.72,LPLC2,orange,dend[1648],0.5597553509326042
720575940612096462,411.584,234.432,153.44,411.696,234.24,153.44,LPLC2,orange,dend[1653],0.9905109928968207
720575940625216202,410.736,241.936,149.76,410.864,241.888,149.92,LPLC2,orange,dend[1386],0.9253860365903491
720575940617289782,411.424,233.504,150.92,411.488,233.312,151.0,LPLC2,orange,dend[1649],0.9634061779167873
720575940617289782,413.584,233.856,149.04,413.424,233.696,149.12,LPLC2,orange,dend[1645],0.8751236590901517
720575940617289782,410.592,233.296,151.16,410.48,233.264,151.0,LPLC2,orange,dend[1650],0.45252165412674694
720575940617289782,411.072,233.568,151.28,411.264,233.584,151.32,LPLC2,orange,dend[1651],0.4940299939872297
720575940612874536,411.472,233.984,151.36,411.44,233.808,151.32,LPLC2,orange,dend[1651],0.7982912858038781
720575940612874536,413.648,233.296,149.48,413.456,233.12,149.52,LPLC2,orange,dend[1645],0.562235792282369
720575940612874536,413.6,233.568,149.4,413.424,233.44,149.36,LPLC2,orange,dend[1645],0.7237926600579998
720575940635004271,409.824,237.216,149.96,409.776,237.424,150.0,LPLC2,orange,dend[1384],0.5874265053895684
720575940615332502,413.552,230.992,149.6,413.76,231.104,149.64,LPLC2,orange,dend[1639],0.4404919219352286
720575940615332502,410.864,231.824,150.96,410.784,231.904,150.88,LPLC2,orange,dend[1662],0.6581344883998896
720575940615332502,411.92,234.16,151.52,411.712,233.76,151.4,LPLC2,orange,dend[1651],0.8693277128112671
720575940615332502,412.496,237.808,150.84,412.56,238.032,150.92,LPLC2,orange,dend[1382],0.27557898137825787
720575940626375172,410.992,234.208,151.16,411.104,234.336,151.2,LPLC2,orange,dend[1652],0.21538975633024052
720575940638835288,410.064,237.328,150.08,409.952,237.488,150.0,LPLC2,orange,dend[1384],0.5356244883699754
720575940645328436,411.632,239.248,150.56,411.472,239.136,150.52,LPLC2,orange,dend[1380],0.7122254430660769
720575940645328436,411.776,238.88,150.92,411.744,238.72,150.76,LPLC2,orange,dend[1381],0.43266041509798675
720575940636295019,410.032,236.0,151.24,409.904,235.856,151.32,LPLC2,orange,dend[1652],0.9802432286840043
720575940636295019,412.048,233.056,153.56,412.16,233.232,153.48,LPLC2,orange,dend[1658],0.9733769724469999
720575940625695269,413.632,231.792,149.4,413.776,231.712,149.52,LPLC2,orange,dend[1639],0.6368642901076833
720575940625695269,412.064,232.8,150.44,412.128,232.704,150.56,LPLC2,orange,dend[1648],0.5755388258454083
720575940635307639,411.712,240.304,152.88,411.696,240.24,152.76,LPLC2,orange,dend[1345],0.8104617858750355
720575940635307639,411.6,240.16,153.04,411.584,240.16,152.88,LPLC2,orange,dend[1345],0.8199115894469511
720575940635307639,411.76,239.504,152.6,411.776,239.728,152.6,LPLC2,orange,dend[1345],0.9800091388858454
720575940617294219,410.736,240.944,152.76,410.944,241.008,152.72,LPLC2,orange,dend[1345],0.522150635572879
720575940626414279,413.536,232.672,149.88,413.536,232.592,149.68,LPLC2,orange,dend[1645],0.31606667921798337
720575940624755504,411.648,238.864,152.04,411.584,238.64,152.08,LPLC2,orange,dend[1383],0.9157048313560983
720575940639878352,412.272,231.072,149.72,412.4,231.072,149.56,LPLC2,orange,dend[1641],0.8980143820931945
720575940639878352,410.224,235.312,151.12,410.368,235.376,151.24,LPLC2,orange,dend[1652],0.7190341126506515
720575940639878352,412.16,230.672,149.72,412.304,230.624,149.6,LPLC2,orange,dend[1643],0.9512767423985006
720575940639878352,410.336,234.896,151.2,410.56,234.864,151.24,LPLC2,orange,dend[1652],0.5117643465574917
720575940613470947,411.376,235.232,154.04,411.536,235.12,154.12,LPLC2,orange,dend[1659],0.9291966926667787
720575940622009284,410.032,242.176,153.64,410.224,242.288,153.68,LPLC2,orange,dend[1275],0.7486932338050887
720575940639895003,409.776,233.648,158.48,409.616,233.76,158.56,LPLC2,orange,dend[1311],1.0
720575940639895003,409.728,234.256,158.0,409.536,234.4,158.04,LPLC2,orange,dend[1311],0.5606133521560094
720575940641552347,409.648,236.096,156.6,409.408,235.936,156.56,LPLC2,orange,dend[1307],0.6442771967336647
720575940635307639,409.632,235.84,156.36,409.472,235.744,156.4,LPLC2,orange,dend[1307],0.7936753610890553
720575940624755504,409.616,235.296,158.0,409.408,235.232,157.96,LPLC2,orange,dend[1308],0.991781526343411
720575940635516084,409.84,233.792,159.04,409.808,233.728,158.88,LPLC2,orange,dend[1313],0.7620922827438315
720575940628921303,409.76,233.408,158.88,409.84,233.6,158.8,LPLC2,orange,dend[1313],0.8405733290844677
720575940617294219,410.0,233.504,159.0,409.84,233.632,158.88,LPLC2,orange,dend[1313],0.8894198626537351
