pre,connector,prepost.x,post_x,post_y,post_z,confidence,bodyid.x,bodyid.y,prepost.y,weight,name,type,VPN_color,mappedSection,mappedSegRangeVar
1221971218,170673170,1,100.656,171,211.568,0.9946,2307027729,2307027729,0,30,LPLC2_R,LPLC2,orange,dend[1247],1
1221971218,171364653,1,99.04,171.112,213.448,0.984771,2307027729,2307027729,0,30,LPLC2_R,LPLC2,orange,dend[1248],0.740151381
1221971218,170227826,1,90.264,160.128,210.552,0.7603,2307027729,2307027729,0,30,LPLC2_R,LPLC2,orange,dend[1074],1
1221971218,170848095,1,95.576,167.376,211.984,0.996306,2307027729,2307027729,0,30,LPLC2_R,LPLC2,orange,dend[1109],0.727255567
1221971218,170624477,1,100.512,163.264,211.512,0.853671,2307027729,2307027729,0,30,LPLC2_R,LPLC2,orange,dend[1082],1
1221971218,170876316,1,95.752,167.264,212.168,0.944653,2307027729,2307027729,0,30,LPLC2_R,LPLC2,orange,dend[1109],0.814434088
1221971218,171745090,1,98.848,170.536,214.336,0.860806,2307027729,2307027729,0,30,LPLC2_R,LPLC2,orange,dend[1248],1
1221971218,171745084,1,99.04,170.312,214.312,0.953205,2307027729,2307027729,0,30,LPLC2_R,LPLC2,orange,dend[1248],1
1221971218,170829259,1,100.576,165.248,212.128,0.290158,2307027729,2307027729,0,30,LPLC2_R,LPLC2,orange,dend[1090],0.428627252
1221971218,170256031,1,95.792,167.4,210.464,0.898762,2307027729,2307027729,0,30,LPLC2_R,LPLC2,orange,dend[1108],0.283356662
1221971218,175459511,1,90.808,167.176,224.936,0.941341,2307027729,2307027729,0,30,LPLC2_R,LPLC2,orange,dend[282],1
1221971218,175526272,1,90.624,167.216,225.048,0.993148,2307027729,2307027729,0,30,LPLC2_R,LPLC2,orange,dend[282],1
1221971218,175692783,1,91.496,167.24,225.36,0.845202,2307027729,2307027729,0,30,LPLC2_R,LPLC2,orange,dend[263],1
1221971218,170231453,1,94.496,166.392,210.216,0.762355,2307027729,2307027729,0,30,LPLC2_R,LPLC2,orange,dend[1118],0.839743729
1221971218,169875881,1,99.416,171.512,209.576,0.874109,2307027729,2307027729,0,30,LPLC2_R,LPLC2,orange,dend[1258],0.871429
1221971218,171552632,1,101.752,167.408,214,0.945353,2307027729,2307027729,0,30,LPLC2_R,LPLC2,orange,dend[1231],0.653429961
1221971218,172124924,1,98.368,169.464,215.336,0.749521,2307027729,2307027729,0,30,LPLC2_R,LPLC2,orange,dend[1253],1
1221971218,170069064,1,90.32,160.232,210.216,0.980841,2307027729,2307027729,0,30,LPLC2_R,LPLC2,orange,dend[1074],0.930678283
1221971218,171962041,1,98.584,170.064,214.96,0.993028,2307027729,2307027729,0,30,LPLC2_R,LPLC2,orange,dend[1251],0.398695544
1221971218,169785465,1,99.784,171.88,209.6,0.519451,2307027729,2307027729,0,30,LPLC2_R,LPLC2,orange,dend[1258],0.771817353
1221971218,170099746,1,98.872,161.624,210.432,0.845829,2307027729,2307027729,0,30,LPLC2_R,LPLC2,orange,dend[1080],0.974390031
1221971218,174704660,1,93.072,165.832,222.992,0.967318,2307027729,2307027729,0,30,LPLC2_R,LPLC2,orange,dend[279],0.402992129
1221971218,175055803,1,92.016,167.176,223.944,0.946271,2307027729,2307027729,0,30,LPLC2_R,LPLC2,orange,dend[266],0.480142802
1221971218,168786877,1,93.888,161.44,206.816,0.944531,2307027729,2307027729,0,30,LPLC2_R,LPLC2,orange,dend[1068],0.868276591
1221971218,175620052,1,91.664,168.776,225.552,0.967659,2307027729,2307027729,0,30,LPLC2_R,LPLC2,orange,dend[264],0.400110457
1221971218,170710525,1,100.656,163.36,211.432,0.978772,2307027729,2307027729,0,30,LPLC2_R,LPLC2,orange,dend[1081],0.861590996
1221971218,175805569,1,92.096,167.296,226.288,0.945761,2307027729,2307027729,0,30,LPLC2_R,LPLC2,orange,dend[263],0.602687264
1221971218,170962572,1,95.64,167.368,212.456,0.950724,2307027729,2307027729,0,30,LPLC2_R,LPLC2,orange,dend[1109],1
1221971218,171262928,1,99.576,171.08,213.28,0.976273,2307027729,2307027729,0,30,LPLC2_R,LPLC2,orange,dend[1248],0.597254358
1221971218,170577596,1,100.36,171.328,211.52,0.934817,2307027729,2307027729,0,30,LPLC2_R,LPLC2,orange,dend[1247],1
1282007450,169588305,1,100.112,162.112,209.128,0.993526,2307027729,2307027729,0,24,LPLC2_R,LPLC2,orange,dend[1080],0.45974923
1282007450,175871328,1,94.592,171.056,226.68,0.983618,2307027729,2307027729,0,24,LPLC2_R,LPLC2,orange,dend[261],0.243316446
1282007450,174063974,1,95.032,162.544,221.104,0.813716,2307027729,2307027729,0,24,LPLC2_R,LPLC2,orange,dend[314],1
1282007450,169226099,1,99.752,164.648,207.904,0.980306,2307027729,2307027729,0,24,LPLC2_R,LPLC2,orange,dend[1092],0.849271611
1282007450,168571140,1,96.68,161.416,205.976,0.995761,2307027729,2307027729,0,24,LPLC2_R,LPLC2,orange,dend[1066],0.858723961
1282007450,168639067,1,95.208,166.512,206.56,0.943071,2307027729,2307027729,0,24,LPLC2_R,LPLC2,orange,dend[1101],1
1282007450,169226109,1,99.024,165.064,207.976,0.876973,2307027729,2307027729,0,24,LPLC2_R,LPLC2,orange,dend[1100],0.341975502
1282007450,175870263,1,93.208,170.848,226.352,0.673709,2307027729,2307027729,0,24,LPLC2_R,LPLC2,orange,dend[260],1
1282007450,169586880,1,100.608,162.64,208.88,0.840823,2307027729,2307027729,0,24,LPLC2_R,LPLC2,orange,dend[1080],0.277292842
1282007450,168318482,1,96.04,161.488,206.016,0.981594,2307027729,2307027729,0,24,LPLC2_R,LPLC2,orange,dend[1068],0.107502633
1282007450,170958864,1,106.896,172.128,212.184,0.766934,2307027729,2307027729,0,24,LPLC2_R,LPLC2,orange,dend[1216],0.946984291
1282007450,176253804,1,94.656,171.024,227.232,0.910614,2307027729,2307027729,0,24,LPLC2_R,LPLC2,orange,dend[261],0.143366947
1282007450,169954598,1,94.448,166.224,210.008,0.99718,2307027729,2307027729,0,24,LPLC2_R,LPLC2,orange,dend[1118],0.852990083
1282007450,174917843,1,95.64,171.088,223.728,0.613401,2307027729,2307027729,0,24,LPLC2_R,LPLC2,orange,dend[261],0.864093734
1282007450,169842253,1,92.488,161.824,209.544,0.977519,2307027729,2307027729,0,24,LPLC2_R,LPLC2,orange,dend[1073],0.716667139
1282007450,171522337,1,99.632,174.72,213.568,0.996788,2307027729,2307027729,0,24,LPLC2_R,LPLC2,orange,dend[1245],0.478489321
1282007450,169775298,1,103.64,174.76,209.592,0.944955,2307027729,2307027729,0,24,LPLC2_R,LPLC2,orange,dend[1221],0.585252107
1282007450,168835212,1,95.256,166.52,207.016,0.828372,2307027729,2307027729,0,24,LPLC2_R,LPLC2,orange,dend[1101],0.939258058
1282007450,174667676,1,93.624,166.448,222.584,0.986707,2307027729,2307027729,0,24,LPLC2_R,LPLC2,orange,dend[278],1
1282007450,174431006,1,94.256,165.72,222.24,0.987168,2307027729,2307027729,0,24,LPLC2_R,LPLC2,orange,dend[280],0.818394214
1282007450,169179246,1,98.496,165.336,208.056,0.900656,2307027729,2307027729,0,24,LPLC2_R,LPLC2,orange,dend[1100],0.589618049
1282007450,174393921,1,94.856,162.832,221.928,0.998952,2307027729,2307027729,0,24,LPLC2_R,LPLC2,orange,dend[314],0.683154478
1282007450,174481891,1,93.864,165.552,222.328,0.728168,2307027729,2307027729,0,24,LPLC2_R,LPLC2,orange,dend[280],0.466546941
1282007450,169995697,1,99.504,161.696,209.808,0.924661,2307027729,2307027729,0,24,LPLC2_R,LPLC2,orange,dend[1080],0.727629907
1283013506,168651854,1,91.84,162.496,206.6,0.367211,2307027729,2307027729,0,20,LPLC2_R,LPLC2,orange,dend[1075],0.25923394
1283013506,174542488,1,95.776,167.504,222.648,0.701164,2307027729,2307027729,0,20,LPLC2_R,LPLC2,orange,dend[259],0.862552145
1283013506,176674266,1,93.512,169.808,228.672,0.995999,2307027729,2307027729,0,20,LPLC2_R,LPLC2,orange,dend[256],0.825116128
1283013506,169174822,1,100.272,165.472,208,0.660488,2307027729,2307027729,0,20,LPLC2_R,LPLC2,orange,dend[1092],0.945113864
1283013506,169387869,1,92.928,160.568,208.72,0.614151,2307027729,2307027729,0,20,LPLC2_R,LPLC2,orange,dend[1071],0.199157743
1283013506,176606625,1,91.624,167.568,228.656,0.881062,2307027729,2307027729,0,20,LPLC2_R,LPLC2,orange,dend[286],0.303726792
1283013506,176217733,1,92.488,167.336,227.208,0.956298,2307027729,2307027729,0,20,LPLC2_R,LPLC2,orange,dend[262],1
1283013506,171878160,1,102.072,172.096,214.848,0.975537,2307027729,2307027729,0,20,LPLC2_R,LPLC2,orange,dend[1238],0.928655499
1283013506,175293158,1,92.08,167.312,224.608,0.859369,2307027729,2307027729,0,20,LPLC2_R,LPLC2,orange,dend[265],0.817778202
1283013506,176544402,1,93.28,169.96,228.448,0.994906,2307027729,2307027729,0,20,LPLC2_R,LPLC2,orange,dend[256],0.941129382
1283013506,176355921,1,92.256,167.472,228.24,0.99014,2307027729,2307027729,0,20,LPLC2_R,LPLC2,orange,dend[262],0.840225588
1283013506,175171174,1,92.28,167.28,223.92,0.968726,2307027729,2307027729,0,20,LPLC2_R,LPLC2,orange,dend[266],0.593793807
1283013506,169163809,1,99.24,165.472,207.952,0.905,2307027729,2307027729,0,20,LPLC2_R,LPLC2,orange,dend[1100],0.262991526
1283013506,169140812,1,99.256,165.44,207.96,0.871532,2307027729,2307027729,0,20,LPLC2_R,LPLC2,orange,dend[1100],0.255968665
1283013506,170770998,1,103.608,173.248,211.912,0.998511,2307027729,2307027729,0,20,LPLC2_R,LPLC2,orange,dend[1259],0.442404731
1283013506,171144635,1,103.832,173.336,212.816,0.983,2307027729,2307027729,0,20,LPLC2_R,LPLC2,orange,dend[1259],0.673189723
1283013506,169491016,1,92.44,161.456,208.752,0.892832,2307027729,2307027729,0,20,LPLC2_R,LPLC2,orange,dend[1072],0.772608102
1283013506,169060443,1,92.936,161.216,207.832,0.9984,2307027729,2307027729,0,20,LPLC2_R,LPLC2,orange,dend[1070],0.631132951
1283013506,169441554,1,99.96,166.368,208.344,0.948585,2307027729,2307027729,0,20,LPLC2_R,LPLC2,orange,dend[1097],0.277801969
1283013506,169460462,1,92.768,160.544,208.48,0.715663,2307027729,2307027729,0,20,LPLC2_R,LPLC2,orange,dend[1071],0.186437539
1343749180,171035990,1,120.44,168.44,212.864,0.987131,2307027729,2307027729,0,28,LPLC2_R,LPLC2,orange,dend[1204],0.88658935
1343749180,172856235,1,100.16,168.528,217.552,0.710412,2307027729,2307027729,0,28,LPLC2_R,LPLC2,orange,dend[1255],1
1343749180,175496310,1,94.72,171.248,224.984,0.996294,2307027729,2307027729,0,28,LPLC2_R,LPLC2,orange,dend[261],0.577870573
1343749180,174650479,1,93.336,165.688,222.536,0.953874,2307027729,2307027729,0,28,LPLC2_R,LPLC2,orange,dend[279],0.689368607
1343749180,171743901,1,123.6,168.048,214.464,0.995934,2307027729,2307027729,0,28,LPLC2_R,LPLC2,orange,dend[1199],0.5340078
1343749180,174415023,1,93.248,165.152,222.28,0.841598,2307027729,2307027729,0,28,LPLC2_R,LPLC2,orange,dend[281],0.595518597
1343749180,175649747,1,94.44,171.752,225.856,0.964817,2307027729,2307027729,0,28,LPLC2_R,LPLC2,orange,dend[261],0.426290464
1343749180,171435091,1,123.312,168.664,213.664,0.800124,2307027729,2307027729,0,28,LPLC2_R,LPLC2,orange,dend[1199],0.809387958
1343749180,169785508,1,103.44,174.568,209.656,0.93056,2307027729,2307027729,0,28,LPLC2_R,LPLC2,orange,dend[1221],0.563944441
1343749180,174203801,1,91.792,161.544,221.432,0.999564,2307027729,2307027729,0,28,LPLC2_R,LPLC2,orange,dend[313],0.76578183
1343749180,170967129,1,118.912,168.872,212.2,0.999121,2307027729,2307027729,0,28,LPLC2_R,LPLC2,orange,dend[1267],1
1343749180,171021771,1,117.968,168.8,212.6,0.997634,2307027729,2307027729,0,28,LPLC2_R,LPLC2,orange,dend[1268],0.384398368
1343749180,171357852,1,124.312,167.48,213.56,0.99462,2307027729,2307027729,0,28,LPLC2_R,LPLC2,orange,dend[154],1
1343749180,168570844,1,94.496,161.632,206.432,0.999432,2307027729,2307027729,0,28,LPLC2_R,LPLC2,orange,dend[1068],0.630260294
1343749180,174486226,1,93.816,165.552,222.312,0.981348,2307027729,2307027729,0,28,LPLC2_R,LPLC2,orange,dend[280],0.43870446
1343749180,170059980,1,98.672,161.864,210.264,0.999628,2307027729,2307027729,0,28,LPLC2_R,LPLC2,orange,dend[1080],0.983477441
1343749180,171079375,1,122.88,167.888,212.64,0.848725,2307027729,2307027729,0,28,LPLC2_R,LPLC2,orange,dend[1199],0.710984533
1343749180,168663729,1,93.512,166.84,206.768,0.921809,2307027729,2307027729,0,28,LPLC2_R,LPLC2,orange,dend[1103],0.642428474
1343749180,170693169,1,119.656,168.768,211.896,0.999517,2307027729,2307027729,0,28,LPLC2_R,LPLC2,orange,dend[1267],0.628010119
1343749180,172158956,1,124.176,167.752,215.488,0.999752,2307027729,2307027729,0,28,LPLC2_R,LPLC2,orange,dend[1190],0.451547665
1343749180,169888822,1,99.016,162.856,209.664,0.945668,2307027729,2307027729,0,28,LPLC2_R,LPLC2,orange,dend[1080],0.759155682
1343749180,169894271,1,98.96,161.912,209.856,0.96655,2307027729,2307027729,0,28,LPLC2_R,LPLC2,orange,dend[1080],0.851618804
1343749180,170791400,1,120.568,168.36,211.936,0.999782,2307027729,2307027729,0,28,LPLC2_R,LPLC2,orange,dend[1207],0.915370599
1343749180,168344775,1,95.4,161.68,206.144,0.985,2307027729,2307027729,0,28,LPLC2_R,LPLC2,orange,dend[1068],0.322633515
1343749180,170951600,1,116.928,170.224,212.232,0.944314,2307027729,2307027729,0,28,LPLC2_R,LPLC2,orange,dend[1268],0.997929185
1343749180,170901603,1,120.704,168.24,212.4,0.999576,2307027729,2307027729,0,28,LPLC2_R,LPLC2,orange,dend[1204],0.796683347
1343749180,170901614,1,118.432,168.832,212.376,0.873401,2307027729,2307027729,0,28,LPLC2_R,LPLC2,orange,dend[1268],0.220156709
1343749180,171025827,1,121.856,167.976,212.296,0.999988,2307027729,2307027729,0,28,LPLC2_R,LPLC2,orange,dend[1204],0.582443672
1403392477,175973845,1,93.04,170.896,226.712,0.985831,2307027729,2307027729,0,17,LPLC2_R,LPLC2,orange,dend[260],0.981007963
1403392477,170388929,1,101.072,163.048,210.832,0.958123,2307027729,2307027729,0,17,LPLC2_R,LPLC2,orange,dend[1081],0.622691131
1403392477,174847333,1,92.128,169.056,223,0.994526,2307027729,2307027729,0,17,LPLC2_R,LPLC2,orange,dend[268],0.476868697
1403392477,176120945,1,87.648,164.784,227.144,0.961001,2307027729,2307027729,0,17,LPLC2_R,LPLC2,orange,dend[288],0.5798851
1403392477,176097903,1,88.024,165.168,227.168,0.905174,2307027729,2307027729,0,17,LPLC2_R,LPLC2,orange,dend[288],0.386088374
1403392477,172038631,1,98.376,169.432,215.352,0.936758,2307027729,2307027729,0,17,LPLC2_R,LPLC2,orange,dend[1253],1
1403392477,174532673,1,91.808,167.712,222.512,0.977935,2307027729,2307027729,0,17,LPLC2_R,LPLC2,orange,dend[272],0.577984546
1403392477,169375278,1,91.272,165.504,208.728,0.957309,2307027729,2307027729,0,17,LPLC2_R,LPLC2,orange,dend[1076],0.961288092
1403392477,169234376,1,100.304,165.4,208,0.995261,2307027729,2307027729,0,17,LPLC2_R,LPLC2,orange,dend[1092],0.92344712
1403392477,171369556,1,99.376,175,213.544,0.98631,2307027729,2307027729,0,17,LPLC2_R,LPLC2,orange,dend[1245],0.610472651
1403392477,175792679,1,91.232,169.752,226.048,0.990395,2307027729,2307027729,0,17,LPLC2_R,LPLC2,orange,dend[264],0.735407117
1403392477,170240121,1,100.368,164.584,210.6,0.997423,2307027729,2307027729,0,17,LPLC2_R,LPLC2,orange,dend[1091],0.393199115
1403392477,175418466,1,89.848,163.88,224.896,0.988338,2307027729,2307027729,0,17,LPLC2_R,LPLC2,orange,dend[285],0.938511743
1403392477,174768142,1,91.888,167.68,222.968,0.937984,2307027729,2307027729,0,17,LPLC2_R,LPLC2,orange,dend[267],0.809930612
1403392477,170221957,1,101.192,163.36,210.632,0.45189136,2307027729,2307027729,0,17,LPLC2_R,LPLC2,orange,dend[1081],0.601798088
1403392477,174341594,1,92.552,167.72,222.064,0.994883,2307027729,2307027729,0,17,LPLC2_R,LPLC2,orange,dend[276],0.984023011
1403392477,168932244,1,93.472,161.576,207.656,0.836153,2307027729,2307027729,0,17,LPLC2_R,LPLC2,orange,dend[1069],0.688342834
1407179534,175735063,1,91.312,169.288,225.792,0.998171,2307027729,2307027729,0,26,LPLC2_R,LPLC2,orange,dend[264],0.583075946
1407179534,175874249,1,90.944,169.928,226.32,0.971284,2307027729,2307027729,0,26,LPLC2_R,LPLC2,orange,dend[264],0.823355364
1407179534,169401371,1,100.04,167.592,208.784,0.993692,2307027729,2307027729,0,26,LPLC2_R,LPLC2,orange,dend[1099],0.354839783
1407179534,176147129,1,94.504,170.888,227.04,0.885424,2307027729,2307027729,0,26,LPLC2_R,LPLC2,orange,dend[261],0.160793187
1407179534,173009833,1,99.984,168.832,217.584,0.974585,2307027729,2307027729,0,26,LPLC2_R,LPLC2,orange,dend[1255],0.817310419
1407179534,168962434,1,91.152,163.544,207.512,0.99712,2307027729,2307027729,0,26,LPLC2_R,LPLC2,orange,dend[1075],0.578244534
1407179534,175524201,1,89.856,168,225.32,0.912892,2307027729,2307027729,0,26,LPLC2_R,LPLC2,orange,dend[283],0.299200875
1407179534,171475198,1,103.976,173.44,213.936,0.991272,2307027729,2307027729,0,26,LPLC2_R,LPLC2,orange,dend[1259],0.950241042
1407179534,169507968,1,100.008,167.104,208.84,0.871008,2307027729,2307027729,0,26,LPLC2_R,LPLC2,orange,dend[1097],0.800954415
1407179534,175726106,1,89.696,167.736,225.384,0.971,2307027729,2307027729,0,26,LPLC2_R,LPLC2,orange,dend[283],0.293013328
1407179534,169247120,1,100.296,166.072,208,0.9068,2307027729,2307027729,0,26,LPLC2_R,LPLC2,orange,dend[1093],0.83798418
1407179534,169761184,1,91.096,161.48,209.176,0.885575,2307027729,2307027729,0,26,LPLC2_R,LPLC2,orange,dend[1074],0.317097707
1407179534,169790637,1,103.92,174.12,209.536,0.852506,2307027729,2307027729,0,26,LPLC2_R,LPLC2,orange,dend[1221],0.343238238
1407179534,175950859,1,93.08,170.976,226.656,0.82129,2307027729,2307027729,0,26,LPLC2_R,LPLC2,orange,dend[260],1
1407179534,171998813,1,98.488,163.432,214.976,0.980541,2307027729,2307027729,0,26,LPLC2_R,LPLC2,orange,dend[1085],0.555442075
1407179534,169995673,1,90.504,160.72,209.664,0.860686,2307027729,2307027729,0,26,LPLC2_R,LPLC2,orange,dend[1074],0.688768755
1407179534,169970223,1,90.352,160.352,210.024,0.772241,2307027729,2307027729,0,26,LPLC2_R,LPLC2,orange,dend[1074],0.862550049
1407179534,168907409,1,99.432,167.424,207.608,0.973274,2307027729,2307027729,0,26,LPLC2_R,LPLC2,orange,dend[1095],0.82116715
1407179534,171722830,1,101.272,174.624,214.296,0.990771,2307027729,2307027729,0,26,LPLC2_R,LPLC2,orange,dend[1242],0.356298762
1407179534,176043848,1,93.432,169.832,227.12,0.999193,2307027729,2307027729,0,26,LPLC2_R,LPLC2,orange,dend[260],0.47654595
1407179534,176194897,1,93.184,169.928,226.864,0.99988,2307027729,2307027729,0,26,LPLC2_R,LPLC2,orange,dend[260],0.629144243
1407179534,172850311,1,99.632,169.376,217.392,0.867682,2307027729,2307027729,0,26,LPLC2_R,LPLC2,orange,dend[1255],0.28542126
1407179534,169584083,1,91.728,161.32,208.984,0.974394,2307027729,2307027729,0,26,LPLC2_R,LPLC2,orange,dend[1074],0.152914278
1407179534,169124657,1,91.04,164.072,207.896,0.861871,2307027729,2307027729,0,26,LPLC2_R,LPLC2,orange,dend[1075],0.706541376
1407179534,169184841,1,96.488,166.32,207.728,0.996442,2307027729,2307027729,0,26,LPLC2_R,LPLC2,orange,dend[1101],0.509261268
1407179534,170193064,1,90.352,160.16,210.504,0.754477,2307027729,2307027729,0,26,LPLC2_R,LPLC2,orange,dend[1074],0.995588185
1437850908,168455635,1,92.36,162.504,206.608,0.964539,2307027729,2307027729,0,15,LPLC2_R,LPLC2,orange,dend[1075],0.196334827
1437850908,170702689,1,102.144,172.12,211.624,0.787565,2307027729,2307027729,0,15,LPLC2_R,LPLC2,orange,dend[1234],1
1437850908,176662553,1,93.24,170.072,228.536,0.979503,2307027729,2307027729,0,15,LPLC2_R,LPLC2,orange,dend[256],1
1437850908,176598813,1,90.848,167.64,228.832,0.988032,2307027729,2307027729,0,15,LPLC2_R,LPLC2,orange,dend[286],0.478199186
1437850908,170228708,1,104.256,172.768,210.432,0.997637,2307027729,2307027729,0,15,LPLC2_R,LPLC2,orange,dend[1222],0.77992942
1437850908,170183484,1,103.944,173.344,210.528,0.976957,2307027729,2307027729,0,15,LPLC2_R,LPLC2,orange,dend[1260],0.589251286
1437850908,171687676,1,101.136,167.352,214.376,0.968072,2307027729,2307027729,0,15,LPLC2_R,LPLC2,orange,dend[1231],1
1437850908,171606466,1,101.472,167.4,213.968,0.939211,2307027729,2307027729,0,15,LPLC2_R,LPLC2,orange,dend[1231],0.752307722
1437850908,170517686,1,98.656,168.288,211.2,0.787164,2307027729,2307027729,0,15,LPLC2_R,LPLC2,orange,dend[1098],0.469293144
1437850908,170655759,1,103.472,173.104,211.68,0.932924,2307027729,2307027729,0,15,LPLC2_R,LPLC2,orange,dend[1259],0.369566375
1437850908,170312010,1,103.8,172.936,210.856,0.998753,2307027729,2307027729,0,15,LPLC2_R,LPLC2,orange,dend[1260],0.428352656
1437850908,175437665,1,88.92,168.032,225.36,0.970514,2307027729,2307027729,0,15,LPLC2_R,LPLC2,orange,dend[283],0.488737292
1437850908,174477540,1,96.136,167.48,222.008,0.905126,2307027729,2307027729,0,15,LPLC2_R,LPLC2,orange,dend[259],0.97156901
1437850908,170832161,1,102.28,172.472,211.768,0.936697,2307027729,2307027729,0,15,LPLC2_R,LPLC2,orange,dend[1234],1
1437850908,170578926,1,103.664,173.056,211.2,0.931837,2307027729,2307027729,0,15,LPLC2_R,LPLC2,orange,dend[1259],0.266778491
1438908304,174256310,1,92.048,169.824,221.296,0.92805,2307027729,2307027729,0,19,LPLC2_R,LPLC2,orange,dend[269],0.458490865
1438908304,169971382,1,99.352,164.808,209.664,0.866162,2307027729,2307027729,0,19,LPLC2_R,LPLC2,orange,dend[1091],1
1438908304,169824384,1,99.056,163.048,209.72,0.999121,2307027729,2307027729,0,19,LPLC2_R,LPLC2,orange,dend[1080],0.747901179
1438908304,173103291,1,98.184,173.128,218.168,0.993769,2307027729,2307027729,0,19,LPLC2_R,LPLC2,orange,dend[1252],0.772908665
1438908304,174542513,1,92.128,169.52,222.352,0.496376,2307027729,2307027729,0,19,LPLC2_R,LPLC2,orange,dend[268],0.687483347
1438908304,173274113,1,100.192,171.752,218.904,0.98697,2307027729,2307027729,0,19,LPLC2_R,LPLC2,orange,dend[1256],0.766009678
1438908304,171131840,1,99.264,163.176,212.88,0.942623,2307027729,2307027729,0,19,LPLC2_R,LPLC2,orange,dend[1085],0.067912924
1438908304,171201572,1,101.728,172.68,212.728,0.9267,2307027729,2307027729,0,19,LPLC2_R,LPLC2,orange,dend[1237],0.645653931
1438908304,171262939,1,100.224,171.432,213.096,0.998526,2307027729,2307027729,0,19,LPLC2_R,LPLC2,orange,dend[1248],0.376677418
1438908304,169966862,1,103.024,172.656,210.12,0.965118,2307027729,2307027729,0,19,LPLC2_R,LPLC2,orange,dend[1223],0.717221691
1438908304,171453819,1,98.92,163.376,213.544,0.992059,2307027729,2307027729,0,19,LPLC2_R,LPLC2,orange,dend[1085],0.218821199
1438908304,171660355,1,98.712,163.448,214.448,0.999203,2307027729,2307027729,0,19,LPLC2_R,LPLC2,orange,dend[1085],0.425574344
1438908304,174690115,1,92.312,170.032,222.56,0.955624,2307027729,2307027729,0,19,LPLC2_R,LPLC2,orange,dend[268],0.892522086
1438908304,169357199,1,98.36,165.344,208.512,0.622808,2307027729,2307027729,0,19,LPLC2_R,LPLC2,orange,dend[1100],0.711335419
1438908304,171179101,1,99.904,171.4,213.232,0.875,2307027729,2307027729,0,19,LPLC2_R,LPLC2,orange,dend[1248],0.476570528
1438908304,170708043,1,99.664,163.496,211.88,0.875319,2307027729,2307027729,0,19,LPLC2_R,LPLC2,orange,dend[1083],1
1438908304,173092414,1,100.04,170.976,218.288,0.892713,2307027729,2307027729,0,19,LPLC2_R,LPLC2,orange,dend[1256],0.51712697
1438908304,171150689,1,100.896,173.512,213.192,0.877251,2307027729,2307027729,0,19,LPLC2_R,LPLC2,orange,dend[1241],0.405359554
1438908304,176089003,1,87.368,166.216,226.744,0.488971,2307027729,2307027729,0,19,LPLC2_R,LPLC2,orange,dend[289],1
1438912593,170031687,1,94.752,166.008,209.968,0.990328,2307027729,2307027729,0,14,LPLC2_R,LPLC2,orange,dend[1118],0.669188871
1438912593,170439957,1,95.144,163.88,211.16,0.699006,2307027729,2307027729,0,14,LPLC2_R,LPLC2,orange,dend[1115],0.11628104
1438912593,171488332,1,93.016,161.136,213.664,0.947974,2307027729,2307027729,0,14,LPLC2_R,LPLC2,orange,dend[1115],0.994099707
1438912593,169842285,1,96.728,164.28,209.632,0.738057,2307027729,2307027729,0,14,LPLC2_R,LPLC2,orange,dend[1105],1
1438912593,174803289,1,95.832,167.656,223.392,0.972356,2307027729,2307027729,0,14,LPLC2_R,LPLC2,orange,dend[259],0.750305291
1438912593,175841799,1,90.736,170.072,226.272,0.935641,2307027729,2307027729,0,14,LPLC2_R,LPLC2,orange,dend[264],0.873887037
1438912593,169960697,1,99.992,164.72,210.064,0.980553,2307027729,2307027729,0,14,LPLC2_R,LPLC2,orange,dend[1091],0.716658959
1438912593,170061404,1,100.752,164.648,210.432,0.67159,2307027729,2307027729,0,14,LPLC2_R,LPLC2,orange,dend[1091],0.386869132
1438912593,170257158,1,94.72,166.048,210.248,0.945516,2307027729,2307027729,0,14,LPLC2_R,LPLC2,orange,dend[1118],0.660475217
1438912593,171189457,1,98.816,174.896,212.984,0.99492,2307027729,2307027729,0,14,LPLC2_R,LPLC2,orange,dend[1245],0.916799488
1438912593,169717686,1,100.584,162.4,208.984,0.699432,2307027729,2307027729,0,14,LPLC2_R,LPLC2,orange,dend[1080],0.311404691
1438912593,169645961,1,97.912,165.312,208.784,0.992481,2307027729,2307027729,0,14,LPLC2_R,LPLC2,orange,dend[1100],0.939113929
1438912593,171156633,1,98.872,175.096,212.936,0.70825,2307027729,2307027729,0,14,LPLC2_R,LPLC2,orange,dend[1245],0.921840975
1438912593,169644202,1,101.544,162.312,208.904,0.985763,2307027729,2307027729,0,14,LPLC2_R,LPLC2,orange,dend[1079],0.837860473
1441598865,168824318,1,92.816,162.28,206.856,0.995445,2307027729,2307027729,0,24,LPLC2_R,LPLC2,orange,dend[1075],0.108601152
1441598865,174529536,1,94.608,162.952,221.96,0.994671,2307027729,2307027729,0,24,LPLC2_R,LPLC2,orange,dend[314],0.549257016
1441598865,171251631,1,102.792,168.04,213.312,0.375615,2307027729,2307027729,0,24,LPLC2_R,LPLC2,orange,dend[1229],0.952428207
1441598865,171148645,1,102.488,168,212.744,0.858099,2307027729,2307027729,0,24,LPLC2_R,LPLC2,orange,dend[1229],0.754997693
1441598865,169539350,1,99.696,167.048,208.792,0.981981,2307027729,2307027729,0,24,LPLC2_R,LPLC2,orange,dend[1097],0.785526637
1441598865,174207739,1,94.96,162.52,221.352,0.952,2307027729,2307027729,0,24,LPLC2_R,LPLC2,orange,dend[314],0.967613406
1441598865,174058326,1,94.944,162.464,220.92,0.956979,2307027729,2307027729,0,24,LPLC2_R,LPLC2,orange,dend[314],1
1441598865,174272483,1,94.696,162.656,221.368,0.976375,2307027729,2307027729,0,24,LPLC2_R,LPLC2,orange,dend[314],0.834539451
1441598865,169594442,1,97.848,165.552,208.784,0.899771,2307027729,2307027729,0,24,LPLC2_R,LPLC2,orange,dend[1100],0.976202224
1441598865,174864711,1,94.016,163.368,223.408,0.933038,2307027729,2307027729,0,24,LPLC2_R,LPLC2,orange,dend[311],0.650417172
1441598865,168823268,1,93.024,162.232,207.12,0.978727,2307027729,2307027729,0,24,LPLC2_R,LPLC2,orange,dend[1075],0.085074219
1441598865,169141990,1,96.72,166.216,207.848,0.935829,2307027729,2307027729,0,24,LPLC2_R,LPLC2,orange,dend[1101],0.423094437
1441598865,168509121,1,92.032,162.536,206.448,0.963309,2307027729,2307027729,0,24,LPLC2_R,LPLC2,orange,dend[1075],0.236268922
1441598865,174640130,1,94.192,162.688,222.592,0.988725,2307027729,2307027729,0,24,LPLC2_R,LPLC2,orange,dend[312],0.460764792
1441598865,169854349,1,100.848,172.016,209.56,0.99985,2307027729,2307027729,0,24,LPLC2_R,LPLC2,orange,dend[1258],0.509383021
1441598865,175099811,1,95.784,168.232,224,0.999918,2307027729,2307027729,0,24,LPLC2_R,LPLC2,orange,dend[259],0.631711371
1441598865,169645992,1,99.928,167.776,208.824,0.840709,2307027729,2307027729,0,24,LPLC2_R,LPLC2,orange,dend[1099],0.402125166
1441598865,168713598,1,92.392,162.488,206.696,0.778378,2307027729,2307027729,0,24,LPLC2_R,LPLC2,orange,dend[1075],0.193139433
1441598865,174786707,1,95.728,167.952,223.152,0.875763,2307027729,2307027729,0,24,LPLC2_R,LPLC2,orange,dend[259],0.765370458
1441598865,169133544,1,98.24,165.576,208.032,0.93502,2307027729,2307027729,0,24,LPLC2_R,LPLC2,orange,dend[1100],0.70536513
1441598865,175924433,1,87.424,166.248,226.744,0.879882,2307027729,2307027729,0,24,LPLC2_R,LPLC2,orange,dend[289],1
1441598865,176048476,1,87.576,166,227.056,0.923527,2307027729,2307027729,0,24,LPLC2_R,LPLC2,orange,dend[289],0.735188817
1441598865,176074577,1,93.056,167.592,227.12,0.910733,2307027729,2307027729,0,24,LPLC2_R,LPLC2,orange,dend[262],0.858763667
1441598865,176314659,1,87.944,165.672,227.6,0.990682,2307027729,2307027729,0,24,LPLC2_R,LPLC2,orange,dend[287],1
1467548306,171103007,1,98.976,165.376,212.936,0.787597,2307027729,2307027729,0,27,LPLC2_R,LPLC2,orange,dend[1090],0.924254365
1467548306,172086452,1,101.384,171.696,215.52,0.794626,2307027729,2307027729,0,27,LPLC2_R,LPLC2,orange,dend[1240],0.959407853
1467548306,170280210,1,102.552,175.52,210.464,0.7559,2307027729,2307027729,0,27,LPLC2_R,LPLC2,orange,dend[1221],1
1467548306,171680681,1,99.456,169.952,214.048,0.939367,2307027729,2307027729,0,27,LPLC2_R,LPLC2,orange,dend[1249],0.171187932
1467548306,168907362,1,90.992,163.392,207.608,0.998032,2307027729,2307027729,0,27,LPLC2_R,LPLC2,orange,dend[1075],0.574055665
1467548306,171777998,1,99.24,170.64,214.312,0.995664,2307027729,2307027729,0,27,LPLC2_R,LPLC2,orange,dend[1248],0.95002741
1467548306,174288657,1,94.408,165.728,222.12,0.517775,2307027729,2307027729,0,27,LPLC2_R,LPLC2,orange,dend[280],0.964500918
1467548306,175493836,1,88.488,168.496,225.184,0.951449,2307027729,2307027729,0,27,LPLC2_R,LPLC2,orange,dend[283],0.64564285
1467548306,169018890,1,92.528,161.664,207.744,0.999887,2307027729,2307027729,0,27,LPLC2_R,LPLC2,orange,dend[1069],1
1467548306,170220848,1,98.864,168.288,210.824,0.912181,2307027729,2307027729,0,27,LPLC2_R,LPLC2,orange,dend[1098],0.405381763
1467548306,169067484,1,91.224,163.368,207.28,0.691203,2307027729,2307027729,0,27,LPLC2_R,LPLC2,orange,dend[1075],0.52672465
1467548306,168974501,1,95.872,166.624,207.384,0.585091,2307027729,2307027729,0,27,LPLC2_R,LPLC2,orange,dend[1101],0.744987731
1467548306,171474512,1,99.44,169.464,213.648,0.998926,2307027729,2307027729,0,27,LPLC2_R,LPLC2,orange,dend[1249],0.346661492
1467548306,171070671,1,99.48,165.184,212.496,0.984142,2307027729,2307027729,0,27,LPLC2_R,LPLC2,orange,dend[1090],0.692260072
1467548306,171043987,1,99.232,163.608,212.52,0.989648,2307027729,2307027729,0,27,LPLC2_R,LPLC2,orange,dend[1084],0.828583288
1467548306,169105582,1,95.936,166.592,207.4,0.621072,2307027729,2307027729,0,27,LPLC2_R,LPLC2,orange,dend[1101],0.723451892
1467548306,175092450,1,90.352,167.112,223.816,0.990322,2307027729,2307027729,0,27,LPLC2_R,LPLC2,orange,dend[284],0.252765231
1467548306,170023468,1,99.224,168.064,210.016,0.996977,2307027729,2307027729,0,27,LPLC2_R,LPLC2,orange,dend[1098],0.253363996
1467548306,173655765,1,91.344,166.68,219.936,0.999878,2307027729,2307027729,0,27,LPLC2_R,LPLC2,orange,dend[274],0.293252183
1467548306,171474539,1,99.624,170.712,213.664,0.989424,2307027729,2307027729,0,27,LPLC2_R,LPLC2,orange,dend[1248],0.720018075
1467548306,174315063,1,96.112,167.328,221.848,0.988113,2307027729,2307027729,0,27,LPLC2_R,LPLC2,orange,dend[259],1
1467548306,173719127,1,91.144,167.144,220.032,0.959,2307027729,2307027729,0,27,LPLC2_R,LPLC2,orange,dend[274],0.231436905
1467548306,175656311,1,94.864,171.696,225.864,0.998146,2307027729,2307027729,0,27,LPLC2_R,LPLC2,orange,dend[261],0.450327681
1467548306,175442155,1,88.12,168.84,225.088,0.995372,2307027729,2307027729,0,27,LPLC2_R,LPLC2,orange,dend[283],0.769749208
1467548306,175502382,1,89.76,167.64,225.368,0.97658,2307027729,2307027729,0,27,LPLC2_R,LPLC2,orange,dend[283],0.268325525
1467548306,175567137,1,89.888,167.248,225.184,0.947153,2307027729,2307027729,0,27,LPLC2_R,LPLC2,orange,dend[283],0.200308527
1467548306,174504904,1,91.672,161.92,221.704,0.989913,2307027729,2307027729,0,27,LPLC2_R,LPLC2,orange,dend[313],0.725127269
1470971204,176014267,1,93,170.096,226.656,0.923298,2307027729,2307027729,0,15,LPLC2_R,LPLC2,orange,dend[260],0.774284357
1470971204,168723987,1,94.432,166.96,206.96,0.940419,2307027729,2307027729,0,15,LPLC2_R,LPLC2,orange,dend[1103],0.293336401
1470971204,170251644,1,98.832,161.952,210.76,0.997766,2307027729,2307027729,0,15,LPLC2_R,LPLC2,orange,dend[1080],1
1470971204,175898591,1,93.152,169.688,226.824,0.811824,2307027729,2307027729,0,15,LPLC2_R,LPLC2,orange,dend[260],0.57778211
1470971204,171124789,1,98.928,162.952,213.056,0.886577,2307027729,2307027729,0,15,LPLC2_R,LPLC2,orange,dend[1085],0.139390121
1470971204,168786968,1,93.56,166.832,206.768,0.87177,2307027729,2307027729,0,15,LPLC2_R,LPLC2,orange,dend[1103],0.623393752
1470971204,172268492,1,98.312,170.648,216.072,0.955673,2307027729,2307027729,0,15,LPLC2_R,LPLC2,orange,dend[1252],0.116782319
1470971204,168835227,1,94.224,166.984,206.912,0.946579,2307027729,2307027729,0,15,LPLC2_R,LPLC2,orange,dend[1103],0.377892302
1470971204,173204798,1,100.168,171.408,218.304,0.961696,2307027729,2307027729,0,15,LPLC2_R,LPLC2,orange,dend[1256],0.613306843
1470971204,169245096,1,96.648,165.92,207.848,0.897878,2307027729,2307027729,0,15,LPLC2_R,LPLC2,orange,dend[1101],0.407882643
1470971204,172031064,1,98.328,169.552,215.36,0.925216,2307027729,2307027729,0,15,LPLC2_R,LPLC2,orange,dend[1253],0.997769179
1470971204,175809990,1,92.68,167.512,226.528,0.974288,2307027729,2307027729,0,15,LPLC2_R,LPLC2,orange,dend[263],0.372266269
1470971204,172042163,1,98.464,169.696,215.384,0.9938,2307027729,2307027729,0,15,LPLC2_R,LPLC2,orange,dend[1253],0.795595031
1470971204,169463301,1,91.456,161.176,209,0.998896,2307027729,2307027729,0,15,LPLC2_R,LPLC2,orange,dend[1074],0.245443055
1470971204,174413817,1,92.632,167.784,222.088,0.778042,2307027729,2307027729,0,15,LPLC2_R,LPLC2,orange,dend[276],1
1500598873,173147518,1,90.928,165.728,218.184,0.78631,2307027729,2307027729,0,27,LPLC2_R,LPLC2,orange,dend[274],0.794331343
1500598873,173105404,1,90.632,165.64,217.88,0.904055,2307027729,2307027729,0,27,LPLC2_R,LPLC2,orange,dend[274],0.881640924
1500598873,176374393,1,93.088,167.448,228.08,0.95,2307027729,2307027729,0,27,LPLC2_R,LPLC2,orange,dend[262],0.619024876
1500598873,170827482,1,103.512,173.256,212.056,0.783423,2307027729,2307027729,0,27,LPLC2_R,LPLC2,orange,dend[1259],0.470337218
1500598873,173515348,1,91.688,165.744,219.136,0.700257,2307027729,2307027729,0,27,LPLC2_R,LPLC2,orange,dend[274],0.554057991
1500598873,174635771,1,92.976,165.84,222.848,0.949373,2307027729,2307027729,0,27,LPLC2_R,LPLC2,orange,dend[279],0.402439644
1500598873,173418028,1,91.328,166.016,219.136,0.998916,2307027729,2307027729,0,27,LPLC2_R,LPLC2,orange,dend[274],0.539320157
1500598873,176358687,1,92.608,166.544,227.872,0.925644,2307027729,2307027729,0,27,LPLC2_R,LPLC2,orange,dend[262],1
1500598873,173262990,1,91.28,165.712,218.696,0.978411,2307027729,2307027729,0,27,LPLC2_R,LPLC2,orange,dend[274],0.669779382
1500598873,170060053,1,95.392,168.088,210.056,0.721383,2307027729,2307027729,0,27,LPLC2_R,LPLC2,orange,dend[1108],0.678348078
1500598873,173707800,1,91.56,166.336,219.736,0.921567,2307027729,2307027729,0,27,LPLC2_R,LPLC2,orange,dend[274],0.364996351
1500598873,176468949,1,92.984,167.352,228.248,0.961025,2307027729,2307027729,0,27,LPLC2_R,LPLC2,orange,dend[262],0.637049291
1500598873,169369321,1,93.48,158.168,208.4,0.995355,2307027729,2307027729,0,27,LPLC2_R,LPLC2,orange,dend[1071],0.850049357
1500598873,170615015,1,102.28,172.504,211.624,0.96048,2307027729,2307027729,0,27,LPLC2_R,LPLC2,orange,dend[1234],0.956408419
1500598873,168800169,1,94.688,166.832,207.056,0.961448,2307027729,2307027729,0,27,LPLC2_R,LPLC2,orange,dend[1101],1
1500598873,169762867,1,95.224,168.264,209.696,0.967277,2307027729,2307027729,0,27,LPLC2_R,LPLC2,orange,dend[1108],0.874010941
1500598873,172254596,1,98.208,163.136,215.552,0.6472,2307027729,2307027729,0,27,LPLC2_R,LPLC2,orange,dend[1085],0.71843711
1500598873,172358743,1,97.936,162.84,216.16,0.99811,2307027729,2307027729,0,27,LPLC2_R,LPLC2,orange,dend[1085],0.888176117
1500598873,170148785,1,99.944,164.656,210.336,0.999585,2307027729,2307027729,0,27,LPLC2_R,LPLC2,orange,dend[1091],0.606284574
1500598873,171990800,1,98.456,162.976,215.024,0.983076,2307027729,2307027729,0,27,LPLC2_R,LPLC2,orange,dend[1085],0.599758768
1500598873,168784480,1,95.168,166.864,206.64,0.991841,2307027729,2307027729,0,27,LPLC2_R,LPLC2,orange,dend[1101],1
1500598873,170711647,1,101.824,172.392,211.992,0.999227,2307027729,2307027729,0,27,LPLC2_R,LPLC2,orange,dend[1236],0.90645176
1500598873,170305492,1,100.28,164.736,210.448,0.999352,2307027729,2307027729,0,27,LPLC2_R,LPLC2,orange,dend[1091],0.499577786
1500598873,174362038,1,89.496,166.256,221.584,0.477,2307027729,2307027729,0,27,LPLC2_R,LPLC2,orange,dend[284],0.842205364
1500598873,169322713,1,96.376,166.264,207.768,0.66,2307027729,2307027729,0,27,LPLC2_R,LPLC2,orange,dend[1101],0.52422902
1500598873,169075356,1,96.112,166.432,207.528,0.998512,2307027729,2307027729,0,27,LPLC2_R,LPLC2,orange,dend[1101],0.643497894
1500598873,169477818,1,93.728,157.624,208.552,0.799682,2307027729,2307027729,0,27,LPLC2_R,LPLC2,orange,dend[1071],1
1530636214,170517602,1,100,163.76,211.392,0.994823,2307027729,2307027729,0,23,LPLC2_R,LPLC2,orange,dend[1082],0.516956416
1530636214,172960532,1,99.864,168.608,217.6,0.991025,2307027729,2307027729,0,23,LPLC2_R,LPLC2,orange,dend[1255],0.868410431
1530636214,171342658,1,123.344,165.816,213.384,0.835745,2307027729,2307027729,0,23,LPLC2_R,LPLC2,orange,dend[154],0.668247834
1530636214,175404667,1,94.64,171.544,224.856,0.884136,2307027729,2307027729,0,23,LPLC2_R,LPLC2,orange,dend[261],0.613367038
1530636214,173093067,1,121.52,170.336,217.984,0.558377,2307027729,2307027729,0,23,LPLC2_R,LPLC2,orange,dend[1185],0.962993592
1530636214,171630053,1,123.488,168.224,214.24,0.898,2307027729,2307027729,0,23,LPLC2_R,LPLC2,orange,dend[1199],0.615829644
1530636214,169889620,1,99.496,167.896,209.832,0.828336,2307027729,2307027729,0,23,LPLC2_R,LPLC2,orange,dend[1098],0.184348378
1530636214,175041003,1,89.824,166.28,223.696,0.980102,2307027729,2307027729,0,23,LPLC2_R,LPLC2,orange,dend[284],0.383802978
1530636214,168759343,1,94.504,166.944,206.96,0.998871,2307027729,2307027729,0,23,LPLC2_R,LPLC2,orange,dend[1103],0.264367639
1530636214,171380464,1,122.352,167.728,213.632,0.983804,2307027729,2307027729,0,23,LPLC2_R,LPLC2,orange,dend[1196],0.619288062
1530636214,169675152,1,99.784,167.272,209.128,0.992894,2307027729,2307027729,0,23,LPLC2_R,LPLC2,orange,dend[1097],1
1530636214,168952809,1,95.872,166.44,207.328,0.897137,2307027729,2307027729,0,23,LPLC2_R,LPLC2,orange,dend[1101],0.733160127
1530636214,171745007,1,123.792,165.024,214.272,0.997192,2307027729,2307027729,0,23,LPLC2_R,LPLC2,orange,dend[1192],0.230411876
1530636214,170491580,1,100.472,163.376,211.312,0.951918,2307027729,2307027729,0,23,LPLC2_R,LPLC2,orange,dend[1081],0.858684113
1530636214,172899958,1,99.44,169.52,217.344,0.999994,2307027729,2307027729,0,23,LPLC2_R,LPLC2,orange,dend[1254],1
1530636214,172850306,1,98.8,168.96,217.328,0.838265,2307027729,2307027729,0,23,LPLC2_R,LPLC2,orange,dend[1254],1
1530636214,169631441,1,100.112,167.816,208.92,0.99999,2307027729,2307027729,0,23,LPLC2_R,LPLC2,orange,dend[1099],0.539555738
1530636214,171865249,1,122.096,168.112,214.592,0.997839,2307027729,2307027729,0,23,LPLC2_R,LPLC2,orange,dend[1196],0.728729327
1530636214,171711140,1,121.904,168.192,214.376,0.977246,2307027729,2307027729,0,23,LPLC2_R,LPLC2,orange,dend[1196],0.773599375
1530636214,169631437,1,100,167.448,208.968,0.994,2307027729,2307027729,0,23,LPLC2_R,LPLC2,orange,dend[1099],0.219089337
1530636214,169056729,1,96.584,165.952,207.792,0.975104,2307027729,2307027729,0,23,LPLC2_R,LPLC2,orange,dend[1101],0.435499791
1530636214,172772687,1,99.272,169.84,217.232,0.997071,2307027729,2307027729,0,23,LPLC2_R,LPLC2,orange,dend[1254],0.906087945
1530636214,171460277,1,122.952,166.952,213.76,0.982077,2307027729,2307027729,0,23,LPLC2_R,LPLC2,orange,dend[1193],0.456919108
1533683889,168800113,1,93.072,162.264,207.12,0.872493,2307027729,2307027729,0,20,LPLC2_R,LPLC2,orange,dend[1075],0.085036879
1533683889,170768564,1,95.648,162.928,211.888,0.995916,2307027729,2307027729,0,20,LPLC2_R,LPLC2,orange,dend[1115],0.277042628
1533683889,172656051,1,98.312,171.8,217,0.8537,2307027729,2307027729,0,20,LPLC2_R,LPLC2,orange,dend[1252],0.414115121
1533683889,171242337,1,102.712,168.104,213.28,0.806702,2307027729,2307027729,0,20,LPLC2_R,LPLC2,orange,dend[1229],0.901068753
1533683889,174838407,1,90.04,166.36,223.104,0.45312786,2307027729,2307027729,0,20,LPLC2_R,LPLC2,orange,dend[284],0.470984628
1533683889,168671729,1,93.656,162.304,206.52,0.921277,2307027729,2307027729,0,20,LPLC2_R,LPLC2,orange,dend[1078],0.786148882
1533683889,171222443,1,102.552,169.208,213.04,0.957926,2307027729,2307027729,0,20,LPLC2_R,LPLC2,orange,dend[1228],0.822412818
1533683889,171402050,1,103.552,168.288,213.448,0.925347,2307027729,2307027729,0,20,LPLC2_R,LPLC2,orange,dend[1230],1
1533683889,171966153,1,98.608,170.44,215.168,0.891918,2307027729,2307027729,0,20,LPLC2_R,LPLC2,orange,dend[1251],0.526990376
1533683889,168694900,1,91.84,162.544,206.76,0.932,2307027729,2307027729,0,20,LPLC2_R,LPLC2,orange,dend[1075],0.274969498
1533683889,175713475,1,92.352,167.008,225.504,0.876918,2307027729,2307027729,0,20,LPLC2_R,LPLC2,orange,dend[263],0.92313352
1533683889,170657958,1,95.576,161.928,211.768,0.952741,2307027729,2307027729,0,20,LPLC2_R,LPLC2,orange,dend[1115],0.413754204
1533683889,171826152,1,98.704,170.808,214.8,0.986296,2307027729,2307027729,0,20,LPLC2_R,LPLC2,orange,dend[1257],0.59849922
1533683889,168630613,1,94.432,161.696,206.52,0.801029,2307027729,2307027729,0,20,LPLC2_R,LPLC2,orange,dend[1068],0.670554187
1533683889,168486416,1,95.416,161.664,206.12,0.749472,2307027729,2307027729,0,20,LPLC2_R,LPLC2,orange,dend[1068],0.312132149
1533683889,171046269,1,96.032,167.416,212.576,0.939224,2307027729,2307027729,0,20,LPLC2_R,LPLC2,orange,dend[1110],0.930582105
1533683889,171944252,1,98.888,170.472,214.992,0.993042,2307027729,2307027729,0,20,LPLC2_R,LPLC2,orange,dend[1250],1
1533683889,168634317,1,94.368,161.768,206.92,0.956207,2307027729,2307027729,0,20,LPLC2_R,LPLC2,orange,dend[1068],0.778080124
1533683889,172378801,1,98.312,170.992,216.16,0.999216,2307027729,2307027729,0,20,LPLC2_R,LPLC2,orange,dend[1252],0.181959644
1533683889,169087868,1,92.352,161.512,207.736,0.749455,2307027729,2307027729,0,20,LPLC2_R,LPLC2,orange,dend[1070],0.653119074
1534363304,170699203,1,102.408,169.384,211.888,0.997141,2307027729,2307027729,0,22,LPLC2_R,LPLC2,orange,dend[1227],0.726640996
1534363304,170641953,1,95.696,161.896,211.72,0.969353,2307027729,2307027729,0,22,LPLC2_R,LPLC2,orange,dend[1115],0.400736347
1534363304,173195669,1,98.08,173.4,218.432,0.959857,2307027729,2307027729,0,22,LPLC2_R,LPLC2,orange,dend[1252],0.851781432
1534363304,174688815,1,93.648,166.432,222.632,0.880444,2307027729,2307027729,0,22,LPLC2_R,LPLC2,orange,dend[278],1
1534363304,175540851,1,89.432,168.064,225.28,0.992304,2307027729,2307027729,0,22,LPLC2_R,LPLC2,orange,dend[283],0.394596671
1534363304,173215763,1,98.008,173.888,218.608,0.994846,2307027729,2307027729,0,22,LPLC2_R,LPLC2,orange,dend[1252],0.952751651
1534363304,170555299,1,95.488,162.712,211.496,0.50522,2307027729,2307027729,0,22,LPLC2_R,LPLC2,orange,dend[1115],0.2824453
1534363304,174477796,1,94.384,165.72,222.112,0.793823,2307027729,2307027729,0,22,LPLC2_R,LPLC2,orange,dend[280],0.94803221
1534363304,170028853,1,95.16,168.456,209.808,0.666894,2307027729,2307027729,0,22,LPLC2_R,LPLC2,orange,dend[1108],0.902818733
1534363304,169723905,1,90.976,161.504,209.32,0.989772,2307027729,2307027729,0,22,LPLC2_R,LPLC2,orange,dend[1074],0.371908979
1534363304,170705719,1,101.064,170.488,211.776,0.967498,2307027729,2307027729,0,22,LPLC2_R,LPLC2,orange,dend[1247],1
1534363304,175288708,1,89.504,163.888,224.808,0.910268,2307027729,2307027729,0,22,LPLC2_R,LPLC2,orange,dend[285],0.971405967
1534363304,170791407,1,102.632,168.848,212.064,0.786884,2307027729,2307027729,0,22,LPLC2_R,LPLC2,orange,dend[1227],0.883926695
1534363304,174552884,1,94.128,165.728,222.24,0.748,2307027729,2307027729,0,22,LPLC2_R,LPLC2,orange,dend[280],0.732847219
1534363304,176314686,1,93.272,167.96,227.496,0.934911,2307027729,2307027729,0,22,LPLC2_R,LPLC2,orange,dend[262],0.55547981
1534363304,169920197,1,95.376,168.016,209.888,0.96016,2307027729,2307027729,0,22,LPLC2_R,LPLC2,orange,dend[1108],0.715780844
1534363304,176652282,1,93.136,169.912,228.688,0.833335,2307027729,2307027729,0,22,LPLC2_R,LPLC2,orange,dend[256],0.960138483
1534363304,169973310,1,94.44,166.352,210.104,0.53579,2307027729,2307027729,0,22,LPLC2_R,LPLC2,orange,dend[1118],0.871343993
1534363304,170710652,1,102.504,169.976,211.448,0.875263,2307027729,2307027729,0,22,LPLC2_R,LPLC2,orange,dend[1227],0.467770939
1534363304,169856921,1,95.664,167.912,210,0.95355,2307027729,2307027729,0,22,LPLC2_R,LPLC2,orange,dend[1108],0.592496739
1534363304,173318904,1,97.952,173.64,218.448,0.984817,2307027729,2307027729,0,22,LPLC2_R,LPLC2,orange,dend[1252],0.895358965
1534363304,175148595,1,92.296,167.656,224.264,0.764382,2307027729,2307027729,0,22,LPLC2_R,LPLC2,orange,dend[266],0.419804956
1566411868,171927544,1,99.624,168.256,214.776,0.988041,2307027729,2307027729,0,32,LPLC2_R,LPLC2,orange,dend[1249],0.978232226
1566411868,176588248,1,88.568,166.944,228.408,0.958438,2307027729,2307027729,0,32,LPLC2_R,LPLC2,orange,dend[286],0.965503631
1566411868,176461233,1,88.936,166.576,228.304,0.928503,2307027729,2307027729,0,32,LPLC2_R,LPLC2,orange,dend[286],0.899937361
1566411868,170929218,1,94.672,167.936,212.448,0.737618,2307027729,2307027729,0,32,LPLC2_R,LPLC2,orange,dend[1111],0.695664209
1566411868,174612444,1,91.92,167.24,222.32,0.997255,2307027729,2307027729,0,32,LPLC2_R,LPLC2,orange,dend[272],0.967633907
1566411868,176264260,1,88.024,165.92,227.52,0.992142,2307027729,2307027729,0,32,LPLC2_R,LPLC2,orange,dend[287],1
1566411868,173761597,1,91.112,170.104,219.816,0.945938,2307027729,2307027729,0,32,LPLC2_R,LPLC2,orange,dend[269],0.971501246
1566411868,174742634,1,92.76,166.192,222.888,0.999131,2307027729,2307027729,0,32,LPLC2_R,LPLC2,orange,dend[277],1
1566411868,176538683,1,88.704,166.568,228.368,0.987233,2307027729,2307027729,0,32,LPLC2_R,LPLC2,orange,dend[286],0.954691403
1566411868,169093563,1,98.336,165.536,207.968,0.780366,2307027729,2307027729,0,32,LPLC2_R,LPLC2,orange,dend[1100],0.653856912
1566411868,170558067,1,99.856,163.88,211.544,0.993,2307027729,2307027729,0,32,LPLC2_R,LPLC2,orange,dend[1083],0.703468741
1566411868,170655590,1,99.528,163.84,211.984,0.957016,2307027729,2307027729,0,32,LPLC2_R,LPLC2,orange,dend[1089],0.85893819
1566411868,171092339,1,94.488,167.92,212.888,0.942691,2307027729,2307027729,0,32,LPLC2_R,LPLC2,orange,dend[1111],0.946531697
1566411868,170795898,1,99.28,163.68,212.272,0.944,2307027729,2307027729,0,32,LPLC2_R,LPLC2,orange,dend[1084],0.582368988
1566411868,170904778,1,99.76,165.176,212.176,0.85777,2307027729,2307027729,0,32,LPLC2_R,LPLC2,orange,dend[1090],0.571570075
1566411868,176089048,1,93.312,169.672,226.76,0.838867,2307027729,2307027729,0,32,LPLC2_R,LPLC2,orange,dend[260],0.54424811
1566411868,171876125,1,101.656,172.144,214.872,0.997407,2307027729,2307027729,0,32,LPLC2_R,LPLC2,orange,dend[1238],0.889701245
1566411868,170640579,1,102.496,169.48,211.744,0.995104,2307027729,2307027729,0,32,LPLC2_R,LPLC2,orange,dend[1227],0.661913589
1566411868,176268180,1,94.488,170.824,227.104,0.967212,2307027729,2307027729,0,32,LPLC2_R,LPLC2,orange,dend[261],0.144118108
1566411868,174193385,1,91.632,167.024,221.472,0.982032,2307027729,2307027729,0,32,LPLC2_R,LPLC2,orange,dend[273],0.670135846
1566411868,176093731,1,88.016,166.56,227.256,0.993329,2307027729,2307027729,0,32,LPLC2_R,LPLC2,orange,dend[289],0.484844689
1566411868,171062476,1,102.816,169,212.4,0.808775,2307027729,2307027729,0,32,LPLC2_R,LPLC2,orange,dend[1227],0.907262191
1566411868,176100276,1,93.896,169.408,227.184,0.995607,2307027729,2307027729,0,32,LPLC2_R,LPLC2,orange,dend[260],0.214333725
1566411868,171455200,1,101.584,172.408,213.832,0.989722,2307027729,2307027729,0,32,LPLC2_R,LPLC2,orange,dend[1238],0.419658596
1566411868,174955466,1,92.256,167.176,223.552,0.998173,2307027729,2307027729,0,32,LPLC2_R,LPLC2,orange,dend[266],0.799014088
1566411868,171732265,1,101.632,172.44,214.384,0.989176,2307027729,2307027729,0,32,LPLC2_R,LPLC2,orange,dend[1238],0.665475533
1566411868,170791310,1,95.496,163,211.872,0.993406,2307027729,2307027729,0,32,LPLC2_R,LPLC2,orange,dend[1115],0.280859133
1566411868,176299291,1,94.68,170.352,227.376,0.925856,2307027729,2307027729,0,32,LPLC2_R,LPLC2,orange,dend[261],0.07928885
1566411868,170985172,1,94.736,167.76,212.4,0.999,2307027729,2307027729,0,32,LPLC2_R,LPLC2,orange,dend[1111],0.583541861
1566411868,170758973,1,95.104,163.16,211.784,0.925122,2307027729,2307027729,0,32,LPLC2_R,LPLC2,orange,dend[1115],0.289358914
1566411868,172599477,1,99.88,169.712,216.936,0.736188,2307027729,2307027729,0,32,LPLC2_R,LPLC2,orange,dend[1255],0.150308414
1566411868,170823375,1,100.776,170.488,211.88,0.971461,2307027729,2307027729,0,32,LPLC2_R,LPLC2,orange,dend[1247],1
1626482563,176121361,1,93.32,169.632,226.952,0.997607,2307027729,2307027729,0,25,LPLC2_R,LPLC2,orange,dend[260],0.48725467
1626482563,170165358,1,100.664,164.768,210.432,0.955364,2307027729,2307027729,0,25,LPLC2_R,LPLC2,orange,dend[1091],0.426244994
1626482563,175846682,1,94.688,171.672,226,0.998123,2307027729,2307027729,0,25,LPLC2_R,LPLC2,orange,dend[261],0.411755113
1626482563,169664396,1,92.448,161.872,209.36,0.854826,2307027729,2307027729,0,25,LPLC2_R,LPLC2,orange,dend[1073],0.596376797
1626482563,170404026,1,102.68,172.504,211.096,0.998153,2307027729,2307027729,0,25,LPLC2_R,LPLC2,orange,dend[1233],0.599650902
1626482563,175354066,1,89.408,163.888,224.6,0.432,2307027729,2307027729,0,25,LPLC2_R,LPLC2,orange,dend[285],0.981769044
1626482563,170591254,1,103.632,173.128,211.504,0.996326,2307027729,2307027729,0,25,LPLC2_R,LPLC2,orange,dend[1259],0.340541997
1626482563,170346964,1,103.016,172.496,210.992,0.932393,2307027729,2307027729,0,25,LPLC2_R,LPLC2,orange,dend[1225],0.98752231
1626482563,175282118,1,89.456,164.088,224.688,0.920018,2307027729,2307027729,0,25,LPLC2_R,LPLC2,orange,dend[285],0.925418232
1626482563,171912514,1,102.144,175.08,214.912,0.968389,2307027729,2307027729,0,25,LPLC2_R,LPLC2,orange,dend[1242],0.892599765
1626482563,170289163,1,103.36,171.76,210.768,0.894505,2307027729,2307027729,0,25,LPLC2_R,LPLC2,orange,dend[1225],0.949722195
1626482563,170037075,1,100.184,164.68,210.216,0.992626,2307027729,2307027729,0,25,LPLC2_R,LPLC2,orange,dend[1091],0.605768578
1626482563,169749330,1,91.168,161.576,209.56,0.823304,2307027729,2307027729,0,25,LPLC2_R,LPLC2,orange,dend[1074],0.364308853
1626482563,176455774,1,93.192,170.088,228.424,0.829875,2307027729,2307027729,0,25,LPLC2_R,LPLC2,orange,dend[256],1
1626482563,174562210,1,92.584,167.856,222.24,0.910655,2307027729,2307027729,0,25,LPLC2_R,LPLC2,orange,dend[276],1
1626482563,169582330,1,100.544,162.648,208.912,0.875918,2307027729,2307027729,0,25,LPLC2_R,LPLC2,orange,dend[1080],0.296773252
1626482563,175278252,1,91.568,166.992,224.768,0.884306,2307027729,2307027729,0,25,LPLC2_R,LPLC2,orange,dend[265],0.797166789
1626482563,169771907,1,99.944,162.608,209.408,0.973917,2307027729,2307027729,0,25,LPLC2_R,LPLC2,orange,dend[1080],0.515023611
1626482563,169473050,1,99.976,166.904,208.624,0.908137,2307027729,2307027729,0,25,LPLC2_R,LPLC2,orange,dend[1097],0.622096946
1626482563,171901465,1,102.568,175.088,214.68,0.888131,2307027729,2307027729,0,25,LPLC2_R,LPLC2,orange,dend[1244],0.805479435
1626482563,174799135,1,92.704,166.736,223.2,0.906113,2307027729,2307027729,0,25,LPLC2_R,LPLC2,orange,dend[277],0.61811507
1626482563,174659495,1,93.344,166.56,222.72,0.995565,2307027729,2307027729,0,25,LPLC2_R,LPLC2,orange,dend[278],0.633576215
1626482563,174787322,1,92.688,166.84,223.104,0.872722,2307027729,2307027729,0,25,LPLC2_R,LPLC2,orange,dend[277],0.56559595
1626482563,174784620,1,92.912,166.344,222.848,0.985245,2307027729,2307027729,0,25,LPLC2_R,LPLC2,orange,dend[277],1
1626482563,170548694,1,103.08,171.872,210.856,0.735867,2307027729,2307027729,0,25,LPLC2_R,LPLC2,orange,dend[1225],1
1626827782,174595180,1,91.728,170.432,222.976,0.977249,2307027729,2307027729,0,19,LPLC2,LPLC2,orange,dend[268],1
1626827782,172359256,1,99.32,169.04,216.496,0.915981,2307027729,2307027729,0,19,LPLC2,LPLC2,orange,dend[1255],0.077058363
1626827782,170681089,1,100.808,170.68,211.584,0.970947,2307027729,2307027729,0,19,LPLC2,LPLC2,orange,dend[1247],1
1626827782,174045153,1,91.744,169.88,220.624,0.96456,2307027729,2307027729,0,19,LPLC2,LPLC2,orange,dend[269],0.681807554
1626827782,174860755,1,91.216,170.536,223.216,0.99886,2307027729,2307027729,0,19,LPLC2,LPLC2,orange,dend[270],0.523876684
1626827782,174993988,1,91.728,170.464,223.592,0.457178,2307027729,2307027729,0,19,LPLC2,LPLC2,orange,dend[271],0.898616516
1626827782,175747308,1,92.112,167.56,226.272,0.974948,2307027729,2307027729,0,19,LPLC2,LPLC2,orange,dend[263],0.604156025
1626827782,172481438,1,99.368,169.176,216.608,0.915648,2307027729,2307027729,0,19,LPLC2,LPLC2,orange,dend[1255],0.059200848
1626827782,174529494,1,93.136,161.632,222.008,0.783572,2307027729,2307027729,0,19,LPLC2,LPLC2,orange,dend[313],0.336550148
1626827782,175164206,1,93.728,161.72,224.272,0.808776,2307027729,2307027729,0,19,LPLC2,LPLC2,orange,dend[307],1
1626827782,172553177,1,99.888,169.592,216.912,0.98734,2307027729,2307027729,0,19,LPLC2,LPLC2,orange,dend[1255],0.212216935
1626827782,174675009,1,92.024,169.712,222.832,0.939546,2307027729,2307027729,0,19,LPLC2,LPLC2,orange,dend[268],0.76091499
1626827782,170496116,1,103.232,171.544,210.816,0.943292,2307027729,2307027729,0,19,LPLC2,LPLC2,orange,dend[1226],0.543857404
1626827782,170961056,1,94.072,165.2,212.184,0.849599,2307027729,2307027729,0,19,LPLC2,LPLC2,orange,dend[1116],0.847726425
1626827782,171306661,1,94.56,165.208,212.872,0.360971,2307027729,2307027729,0,19,LPLC2,LPLC2,orange,dend[1116],0.993229919
1626827782,171703932,1,99.544,168.92,214.4,0.931498,2307027729,2307027729,0,19,LPLC2,LPLC2,orange,dend[1249],0.653303768
1626827782,172456769,1,99.24,169.704,216.256,0.46155968,2307027729,2307027729,0,19,LPLC2,LPLC2,orange,dend[1254],0.540748476
1626827782,171306656,1,99.416,165.376,212.944,0.664503,2307027729,2307027729,0,19,LPLC2,LPLC2,orange,dend[1090],0.844823572
1626827782,170934169,1,103.952,172.72,212.632,0.976691,2307027729,2307027729,0,19,LPLC2,LPLC2,orange,dend[1259],0.594420839
1627131491,169792643,1,99.768,162.488,209.56,0.959795,2307027729,2307027729,0,25,LPLC2_R,LPLC2,orange,dend[1080],0.585799796
1627131491,169644289,1,91.328,165.448,208.88,0.993485,2307027729,2307027729,0,25,LPLC2_R,LPLC2,orange,dend[1076],1
1627131491,174920353,1,87.528,169.36,223.76,0.68547,2307027729,2307027729,0,25,LPLC2_R,LPLC2,orange,dend[283],1
1627131491,174349247,1,93.712,162.928,221.984,0.927139,2307027729,2307027729,0,25,LPLC2_R,LPLC2,orange,dend[312],1
1627131491,169886271,1,99.96,172.224,209.664,0.997393,2307027729,2307027729,0,25,LPLC2_R,LPLC2,orange,dend[1258],0.715971114
1627131491,169966700,1,101.6,162.76,210.176,0.658283,2307027729,2307027729,0,25,LPLC2_R,LPLC2,orange,dend[1081],0.359308577
1627131491,174635748,1,93.152,164.488,222.712,0.905531,2307027729,2307027729,0,25,LPLC2_R,LPLC2,orange,dend[281],1
1627131491,170267449,1,98.96,162.064,210.752,0.89329,2307027729,2307027729,0,25,LPLC2_R,LPLC2,orange,dend[1080],0.978296273
1627131491,169889479,1,99.92,162.328,209.496,0.995808,2307027729,2307027729,0,25,LPLC2_R,LPLC2,orange,dend[1080],0.54886298
1627131491,169784550,1,99.568,172.04,209.448,0.950079,2307027729,2307027729,0,25,LPLC2_R,LPLC2,orange,dend[1258],0.83984266
1627131491,169931388,1,99.544,162.632,209.632,0.948719,2307027729,2307027729,0,25,LPLC2_R,LPLC2,orange,dend[1080],0.64177397
1627131491,174354752,1,93.36,162.168,222.008,0.980661,2307027729,2307027729,0,25,LPLC2_R,LPLC2,orange,dend[313],0.199114837
1627131491,169645966,1,89.848,165.44,208.688,0.660352,2307027729,2307027729,0,25,LPLC2_R,LPLC2,orange,dend[1077],1
1627131491,172798426,1,97.888,173.112,217.52,0.842044,2307027729,2307027729,0,25,LPLC2_R,LPLC2,orange,dend[1252],0.698212252
1627131491,170455374,1,95.48,164.408,211.216,0.939925,2307027729,2307027729,0,25,LPLC2_R,LPLC2,orange,dend[1114],1
1627131491,170558069,1,95.336,164.024,211.52,0.79106,2307027729,2307027729,0,25,LPLC2_R,LPLC2,orange,dend[1115],0.114372748
1627131491,170490911,1,95.568,164.536,211.16,0.978273,2307027729,2307027729,0,25,LPLC2_R,LPLC2,orange,dend[1114],0.843049351
1627131491,170431635,1,95.072,164.04,211.384,0.981231,2307027729,2307027729,0,25,LPLC2_R,LPLC2,orange,dend[1115],0.124936841
1627131491,168792945,1,95.464,167,206.608,0.99667,2307027729,2307027729,0,25,LPLC2_R,LPLC2,orange,dend[1101],1
1627131491,170079260,1,99.232,161.992,210.064,0.999555,2307027729,2307027729,0,25,LPLC2_R,LPLC2,orange,dend[1080],0.814492984
1627131491,169793703,1,100.256,162.184,209.168,0.670651,2307027729,2307027729,0,25,LPLC2_R,LPLC2,orange,dend[1080],0.427964334
1627131491,168954210,1,95.584,166.664,207.248,0.802373,2307027729,2307027729,0,25,LPLC2_R,LPLC2,orange,dend[1101],0.840131769
1627131491,174707929,1,93.272,164.888,222.624,0.928108,2307027729,2307027729,0,25,LPLC2_R,LPLC2,orange,dend[281],0.779660853
1627131491,170432574,1,95.296,164.024,211.136,0.967592,2307027729,2307027729,0,25,LPLC2_R,LPLC2,orange,dend[1115],0.077506285
1627131491,168671797,1,95.344,167.08,206.528,0.96273,2307027729,2307027729,0,25,LPLC2_R,LPLC2,orange,dend[1102],0.64649636
1682707330,172292977,1,102.136,173.488,215.976,0.905398,2307027729,2307027729,0,17,LPLC2_R,LPLC2,orange,dend[1239],0.888157296
1682707330,172101288,1,98.432,169.8,215.312,0.979758,2307027729,2307027729,0,17,LPLC2_R,LPLC2,orange,dend[1253],0.701471063
1682707330,172763814,1,99.304,169.872,217.04,0.996817,2307027729,2307027729,0,17,LPLC2_R,LPLC2,orange,dend[1254],0.827267485
1682707330,170080841,1,100.992,172.136,209.912,0.994533,2307027729,2307027729,0,17,LPLC2_R,LPLC2,orange,dend[1258],0.433307965
1682707330,169927001,1,101.304,172.2,209.888,0.979205,2307027729,2307027729,0,17,LPLC2_R,LPLC2,orange,dend[1258],0.357340869
1682707330,171446261,1,104,173.504,213.88,0.872036,2307027729,2307027729,0,17,LPLC2_R,LPLC2,orange,dend[1259],0.943280992
1682707330,170322590,1,98.8,162.088,210.872,0.609,2307027729,2307027729,0,17,LPLC2_R,LPLC2,orange,dend[1080],1
1682707330,171527260,1,104.264,173.496,213.872,0.892373,2307027729,2307027729,0,17,LPLC2_R,LPLC2,orange,dend[1259],0.957701315
1682707330,174351788,1,93.032,165.088,222.288,0.972693,2307027729,2307027729,0,17,LPLC2_R,LPLC2,orange,dend[281],0.907260081
1682707330,170396142,1,98.968,161.992,210.832,0.823502,2307027729,2307027729,0,17,LPLC2_R,LPLC2,orange,dend[1080],0.992286292
1682707330,170160185,1,101.168,173.2,210.52,0.996385,2307027729,2307027729,0,17,LPLC2_R,LPLC2,orange,dend[1235],0.572440631
1682707330,172498915,1,102,173.976,216.664,0.997,2307027729,2307027729,0,17,LPLC2_R,LPLC2,orange,dend[1239],1
1682707330,171794094,1,98.64,170.224,214.784,0.810483,2307027729,2307027729,0,17,LPLC2_R,LPLC2,orange,dend[1250],1
1682707330,171435696,1,104.024,173.552,213.384,0.995581,2307027729,2307027729,0,17,LPLC2_R,LPLC2,orange,dend[1259],0.832850191
1682707330,169398357,1,89.904,165.464,208.56,0.999956,2307027729,2307027729,0,17,LPLC2_R,LPLC2,orange,dend[1077],0.976164961
1682707330,173014896,1,99.968,170.16,217.768,0.977455,2307027729,2307027729,0,17,LPLC2_R,LPLC2,orange,dend[1256],0.27922335
1682707330,174675242,1,93.104,164.432,222.648,0.925549,2307027729,2307027729,0,17,LPLC2_R,LPLC2,orange,dend[281],1
1688164533,169926622,1,99.352,162.704,209.656,1,2307027729,2307027729,0,27,LPLC2_R,LPLC2,orange,dend[1080],0.686822641
1688164533,171133835,1,94.544,165.176,212.88,0.959529,2307027729,2307027729,0,27,LPLC2_R,LPLC2,orange,dend[1116],0.996030991
1688164533,172875423,1,90.984,165.456,217.56,0.667713,2307027729,2307027729,0,27,LPLC2_R,LPLC2,orange,dend[274],0.958216485
1688164533,175346842,1,89.52,163.944,224.528,0.945979,2307027729,2307027729,0,27,LPLC2_R,LPLC2,orange,dend[285],0.956385403
1688164533,169951686,1,99.168,162.04,209.984,0.943475,2307027729,2307027729,0,27,LPLC2_R,LPLC2,orange,dend[1080],0.814990388
1688164533,171502320,1,100.712,173.976,213.696,0.999866,2307027729,2307027729,0,27,LPLC2_R,LPLC2,orange,dend[1241],0.729565542
1688164533,174034593,1,90.648,168.032,221.16,0.797289,2307027729,2307027729,0,27,LPLC2_R,LPLC2,orange,dend[275],0.874626883
1688164533,169888811,1,98.744,161.744,209.88,0.941126,2307027729,2307027729,0,27,LPLC2_R,LPLC2,orange,dend[1080],0.915134242
1688164533,173942048,1,91.48,166.976,220.648,0.966859,2307027729,2307027729,0,27,LPLC2_R,LPLC2,orange,dend[273],1
1688164533,171656008,1,100.528,174.072,214.496,0.978992,2307027729,2307027729,0,27,LPLC2_R,LPLC2,orange,dend[1242],0.027249318
1688164533,170084806,1,99.416,161.928,210.048,0.997316,2307027729,2307027729,0,27,LPLC2_R,LPLC2,orange,dend[1080],0.772107568
1688164533,173864872,1,91.224,167.08,220.112,0.978422,2307027729,2307027729,0,27,LPLC2_R,LPLC2,orange,dend[274],0.217415597
1688164533,171044056,1,95,167.632,212.464,0.95212,2307027729,2307027729,0,27,LPLC2_R,LPLC2,orange,dend[1111],0.41248526
1688164533,174094868,1,91.072,167.4,221.168,0.999903,2307027729,2307027729,0,27,LPLC2_R,LPLC2,orange,dend[275],0.36405472
1688164533,169789274,1,99.024,163.04,209.568,0.998839,2307027729,2307027729,0,27,LPLC2_R,LPLC2,orange,dend[1080],0.733008895
1688164533,171546505,1,99.68,169.336,214.016,0.988867,2307027729,2307027729,0,27,LPLC2_R,LPLC2,orange,dend[1249],0.457422978
1688164533,171347661,1,99.632,171.256,213.184,0.999973,2307027729,2307027729,0,27,LPLC2_R,LPLC2,orange,dend[1248],0.541362924
1688164533,175446342,1,90.528,165.36,225.184,0.885937,2307027729,2307027729,0,27,LPLC2_R,LPLC2,orange,dend[285],0.490010629
1688164533,171396920,1,100.784,173.52,213.296,0.975059,2307027729,2307027729,0,27,LPLC2_R,LPLC2,orange,dend[1241],0.45106586
1688164533,169995694,1,91.032,161.56,209.632,0.984204,2307027729,2307027729,0,27,LPLC2_R,LPLC2,orange,dend[1074],0.414569684
1688164533,175311985,1,92.112,167.36,224.792,0.983811,2307027729,2307027729,0,27,LPLC2_R,LPLC2,orange,dend[265],0.638873871
1688164533,170955338,1,100.344,171.272,212.736,0.63327,2307027729,2307027729,0,27,LPLC2_R,LPLC2,orange,dend[1248],0.294754365
1688164533,171274658,1,99.856,171.4,213.12,0.928399,2307027729,2307027729,0,27,LPLC2_R,LPLC2,orange,dend[1248],0.462057963
1688164533,170749912,1,95.28,167.64,212.04,0.994432,2307027729,2307027729,0,27,LPLC2_R,LPLC2,orange,dend[1109],0.895706024
1688164533,176041238,1,92.776,167.4,226.704,0.999671,2307027729,2307027729,0,27,LPLC2_R,LPLC2,orange,dend[262],1
1688164533,175455940,1,90.2,164.312,224.832,0.905574,2307027729,2307027729,0,27,LPLC2_R,LPLC2,orange,dend[285],0.792628663
1688164533,171242430,1,100.8,173.672,213.24,0.992721,2307027729,2307027729,0,27,LPLC2_R,LPLC2,orange,dend[1241],0.4929701
1691259738,169117152,1,92.848,160.232,207.904,0.841677,2307027729,2307027729,0,26,LPLC2_R,LPLC2,orange,dend[1071],0.253992273
1691259738,176546993,1,91.76,167.328,228.528,0.756477,2307027729,2307027729,0,26,LPLC2_R,LPLC2,orange,dend[286],0.278081065
1691259738,176433874,1,92.008,166.064,227.752,0.813,2307027729,2307027729,0,26,LPLC2_R,LPLC2,orange,dend[262],1
1691259738,176342646,1,91.848,165.984,227.8,0.616182,2307027729,2307027729,0,26,LPLC2_R,LPLC2,orange,dend[262],1
1691259738,170809065,1,100.944,170.76,212,0.98098,2307027729,2307027729,0,26,LPLC2_R,LPLC2,orange,dend[1247],0.726380935
1691259738,170673195,1,101.76,171.944,211.576,0.996764,2307027729,2307027729,0,26,LPLC2_R,LPLC2,orange,dend[1234],1
1691259738,169593331,1,99.832,162.256,209.424,0.957352,2307027729,2307027729,0,26,LPLC2_R,LPLC2,orange,dend[1080],0.562627254
1691259738,169911347,1,98.76,161.592,209.936,0.974137,2307027729,2307027729,0,26,LPLC2_R,LPLC2,orange,dend[1080],0.92789609
1691259738,175433670,1,91.336,167.008,225.048,0.904106,2307027729,2307027729,0,26,LPLC2_R,LPLC2,orange,dend[282],0.648079409
1691259738,175146025,1,93.672,163.976,224.024,0.890293,2307027729,2307027729,0,26,LPLC2_R,LPLC2,orange,dend[311],1
1691259738,169949586,1,98.76,161.56,209.952,0.96,2307027729,2307027729,0,26,LPLC2_R,LPLC2,orange,dend[1080],0.93201059
1691259738,169766714,1,100.048,162.168,209.088,0.99,2307027729,2307027729,0,26,LPLC2_R,LPLC2,orange,dend[1080],0.465837082
1691259738,169842251,1,99.384,161.752,209.72,0.999831,2307027729,2307027729,0,26,LPLC2_R,LPLC2,orange,dend[1080],0.739703703
1691259738,172773150,1,97.968,173.072,217.52,0.792868,2307027729,2307027729,0,26,LPLC2_R,LPLC2,orange,dend[1252],0.689553252
1691259738,176366060,1,92.56,166.96,227.968,0.643,2307027729,2307027729,0,26,LPLC2_R,LPLC2,orange,dend[262],0.989494907
1691259738,170921787,1,95.232,162.448,212.2,0.840187,2307027729,2307027729,0,26,LPLC2_R,LPLC2,orange,dend[1115],0.421672899
1691259738,170744810,1,101.912,172.208,211.704,0.916294,2307027729,2307027729,0,26,LPLC2_R,LPLC2,orange,dend[1234],1
1691259738,176414984,1,92.096,166.104,227.696,0.97484,2307027729,2307027729,0,26,LPLC2_R,LPLC2,orange,dend[262],1
1691259738,172837457,1,98.384,172.656,217.336,0.943172,2307027729,2307027729,0,26,LPLC2_R,LPLC2,orange,dend[1252],0.58878836
1691259738,168938974,1,93.072,161.448,207.304,0.988081,2307027729,2307027729,0,26,LPLC2_R,LPLC2,orange,dend[1069],0.729093285
1691259738,170940300,1,94.912,162.432,212.2,0.901,2307027729,2307027729,0,26,LPLC2_R,LPLC2,orange,dend[1115],0.457112394
1691259738,172719577,1,98.472,169.384,217.496,0.982243,2307027729,2307027729,0,26,LPLC2_R,LPLC2,orange,dend[1254],0.979876183
1691259738,170912860,1,95.064,162.328,212.288,0.934543,2307027729,2307027729,0,26,LPLC2_R,LPLC2,orange,dend[1115],0.465531784
1691259738,171083696,1,100.52,171.368,212.808,0.999626,2307027729,2307027729,0,26,LPLC2_R,LPLC2,orange,dend[1248],0.261377693
1691259738,169096733,1,92.504,161.384,207.672,0.880587,2307027729,2307027729,0,26,LPLC2_R,LPLC2,orange,dend[1070],0.626123355
1691259738,169800301,1,99.688,167.256,209.104,0.980896,2307027729,2307027729,0,26,LPLC2_R,LPLC2,orange,dend[1097],1
1716496582,168787982,1,93.248,167.088,206.72,0.998969,2307027729,2307027729,0,19,LPLC2_R,LPLC2,orange,dend[1103],0.771553355
1716496582,175260447,1,89.416,163.744,224.592,0.734905,2307027729,2307027729,0,19,LPLC2_R,LPLC2,orange,dend[285],1
1716496582,173785181,1,91.088,169.824,219.944,0.932232,2307027729,2307027729,0,19,LPLC2_R,LPLC2,orange,dend[269],0.939871548
1716496582,169372061,1,92.52,161.536,208.496,0.877408,2307027729,2307027729,0,19,LPLC2_R,LPLC2,orange,dend[1072],0.540117822
1716496582,168641946,1,92.552,167.576,206.56,0.995665,2307027729,2307027729,0,19,LPLC2_R,LPLC2,orange,dend[1103],1
1716496582,174854620,1,89.68,166.416,222.848,0.995875,2307027729,2307027729,0,19,LPLC2_R,LPLC2,orange,dend[284],0.56155433
1716496582,169564542,1,91.672,161.176,208.984,0.623746,2307027729,2307027729,0,19,LPLC2_R,LPLC2,orange,dend[1074],0.190531
1716496582,176590592,1,89.416,167.464,228.512,0.979228,2307027729,2307027729,0,19,LPLC2_R,LPLC2,orange,dend[286],0.765153991
1716496582,169995170,1,103.056,175.256,209.656,0.997834,2307027729,2307027729,0,19,LPLC2_R,LPLC2,orange,dend[1221],0.832707441
1716496582,168704203,1,92.856,167.304,206.544,0.80893,2307027729,2307027729,0,19,LPLC2_R,LPLC2,orange,dend[1103],0.954370436
1716496582,174948358,1,89.728,166.536,223.488,0.946651,2307027729,2307027729,0,19,LPLC2_R,LPLC2,orange,dend[284],0.422752744
1716496582,168412472,1,95.48,161.632,206.304,0.999397,2307027729,2307027729,0,19,LPLC2_R,LPLC2,orange,dend[1068],0.331954594
1716496582,170327449,1,104.096,173.816,210.552,0.974491,2307027729,2307027729,0,19,LPLC2_R,LPLC2,orange,dend[1260],0.888253706
1716496582,168634381,1,93.384,166.944,206.768,0.997326,2307027729,2307027729,0,19,LPLC2_R,LPLC2,orange,dend[1103],0.701799111
1716496582,170286292,1,100.544,173.696,210.752,0.961246,2307027729,2307027729,0,19,LPLC2_R,LPLC2,orange,dend[1235],0.793170977
1716496582,169191912,1,92.576,161.656,207.952,0.965134,2307027729,2307027729,0,19,LPLC2_R,LPLC2,orange,dend[1070],0.51745552
1716496582,176455739,1,88.584,167.088,228.368,0.840467,2307027729,2307027729,0,19,LPLC2_R,LPLC2,orange,dend[286],0.950736612
1716496582,169467185,1,91.928,161.416,208.808,0.99974,2307027729,2307027729,0,19,LPLC2_R,LPLC2,orange,dend[1072],1
1716496582,170093009,1,103.032,175.264,210.096,0.997186,2307027729,2307027729,0,19,LPLC2_R,LPLC2,orange,dend[1221],0.872501052
1719225241,173292555,1,98.16,173.376,218.28,0.996218,2307027729,2307027729,0,23,LPLC2_R,LPLC2,orange,dend[1252],0.826666521
1719225241,176194860,1,92.608,167.232,226.912,0.729039,2307027729,2307027729,0,23,LPLC2_R,LPLC2,orange,dend[262],1
1719225241,175992669,1,93.128,170.648,226.704,0.950628,2307027729,2307027729,0,23,LPLC2_R,LPLC2,orange,dend[260],0.887598385
1719225241,175773497,1,93.064,170.392,226.384,0.998122,2307027729,2307027729,0,23,LPLC2_R,LPLC2,orange,dend[260],0.903473735
1719225241,172941907,1,98.288,172.888,217.936,0.999166,2307027729,2307027729,0,23,LPLC2_R,LPLC2,orange,dend[1252],0.703071956
1719225241,170901516,1,99.632,163.656,212.376,0.939371,2307027729,2307027729,0,23,LPLC2_R,LPLC2,orange,dend[1083],1
1719225241,169809714,1,99.224,162.864,209.736,0.997388,2307027729,2307027729,0,23,LPLC2_R,LPLC2,orange,dend[1080],0.720506357
1719225241,176070645,1,93.472,169.808,227.144,0.90288,2307027729,2307027729,0,23,LPLC2_R,LPLC2,orange,dend[260],0.453383498
1719225241,170254085,1,103.328,173.296,210.736,0.901167,2307027729,2307027729,0,23,LPLC2_R,LPLC2,orange,dend[1260],0.482331663
1719225241,173003078,1,98.12,172.992,218.08,0.999,2307027729,2307027729,0,23,LPLC2_R,LPLC2,orange,dend[1252],0.742384156
1719225241,170206845,1,90.288,160.144,210.56,0.898576,2307027729,2307027729,0,23,LPLC2_R,LPLC2,orange,dend[1074],1
1719225241,175652139,1,92.272,166.912,225.52,0.937096,2307027729,2307027729,0,23,LPLC2_R,LPLC2,orange,dend[263],0.932485086
1719225241,175823597,1,93.208,170.52,226.36,0.913287,2307027729,2307027729,0,23,LPLC2_R,LPLC2,orange,dend[260],0.906688468
1719225241,176414986,1,92.544,166.336,227.808,0.895921,2307027729,2307027729,0,23,LPLC2_R,LPLC2,orange,dend[262],1
1719225241,173142719,1,98.12,172.992,218.088,0.999857,2307027729,2307027729,0,23,LPLC2_R,LPLC2,orange,dend[1252],0.743382915
1719225241,170296153,1,103.512,173.024,211.072,0.986583,2307027729,2307027729,0,23,LPLC2_R,LPLC2,orange,dend[1259],0.225040874
1719225241,172885156,1,98.256,172.128,217.168,0.917431,2307027729,2307027729,0,23,LPLC2_R,LPLC2,orange,dend[1252],0.488409932
1719225241,170715209,1,99.664,163.784,211.64,0.950277,2307027729,2307027729,0,23,LPLC2_R,LPLC2,orange,dend[1089],0.679255261
1719225241,170740736,1,100.376,163.312,211.512,0.932128,2307027729,2307027729,0,23,LPLC2_R,LPLC2,orange,dend[1082],1
1719225241,174224044,1,91.04,161.16,221.536,0.983502,2307027729,2307027729,0,23,LPLC2_R,LPLC2,orange,dend[313],1
1719225241,169897730,1,96.632,164.632,209.648,0.842708,2307027729,2307027729,0,23,LPLC2_R,LPLC2,orange,dend[1105],0.768267946
1719225241,171178951,1,99.184,163.352,213.08,0.983963,2307027729,2307027729,0,23,LPLC2_R,LPLC2,orange,dend[1085],0.104074482
1719225241,170456211,1,100.264,163.64,211.128,0.876285,2307027729,2307027729,0,23,LPLC2_R,LPLC2,orange,dend[1081],0.877159141
1719595635,169996672,1,96.144,165.6,209.872,0.993,2307027729,2307027729,0,22,LPLC2,LPLC2,orange,dend[1104],0.998406098
1719595635,170968730,1,94.744,168.008,212.384,0.668907,2307027729,2307027729,0,22,LPLC2,LPLC2,orange,dend[1111],0.656896086
1719595635,169861513,1,101.432,172.096,209.92,0.784594,2307027729,2307027729,0,22,LPLC2,LPLC2,orange,dend[1258],0.323512115
1719595635,169960719,1,94.608,166.16,209.992,0.942075,2307027729,2307027729,0,22,LPLC2,LPLC2,orange,dend[1118],0.765571062
1719595635,170556019,1,97.84,169.248,211.296,0.983297,2307027729,2307027729,0,22,LPLC2,LPLC2,orange,dend[1098],0.677452056
1719595635,175522665,1,91.248,167.024,225.064,0.95765,2307027729,2307027729,0,22,LPLC2,LPLC2,orange,dend[282],0.758093703
1719595635,174946757,1,95.936,167.648,223.256,0.981433,2307027729,2307027729,0,22,LPLC2,LPLC2,orange,dend[259],0.774819468
1719595635,170289407,1,90.272,160.184,210.48,0.728891,2307027729,2307027729,0,22,LPLC2,LPLC2,orange,dend[1074],1
1719595635,170759092,1,97.544,169.712,211.936,0.737245,2307027729,2307027729,0,22,LPLC2,LPLC2,orange,dend[1098],0.830504636
1719595635,175349235,1,95.408,168.304,224.696,0.99845,2307027729,2307027729,0,22,LPLC2,LPLC2,orange,dend[259],0.511519918
1719595635,175734433,1,92.344,167.456,225.584,0.935058,2307027729,2307027729,0,22,LPLC2,LPLC2,orange,dend[263],0.882290869
1719595635,170280915,1,95.216,165.84,210.24,0.675202,2307027729,2307027729,0,22,LPLC2,LPLC2,orange,dend[1118],0.382812866
1719595635,170610490,1,97.696,169.208,211.344,0.909989,2307027729,2307027729,0,22,LPLC2,LPLC2,orange,dend[1098],0.694561603
1719595635,175314747,1,91.16,166.928,224.568,0.848295,2307027729,2307027729,0,22,LPLC2,LPLC2,orange,dend[282],0.69430157
1719595635,173696669,1,91.168,170.096,219.712,0.848812,2307027729,2307027729,0,22,LPLC2,LPLC2,orange,dend[269],0.997262872
1719595635,173157989,1,98.128,173.536,218.32,0.789385,2307027729,2307027729,0,22,LPLC2,LPLC2,orange,dend[1252],0.857808511
1719595635,169251517,1,93.152,159.4,208.072,0.953022,2307027729,2307027729,0,22,LPLC2,LPLC2,orange,dend[1071],0.496606223
1719595635,169582438,1,100.408,167.736,208.912,0.970962,2307027729,2307027729,0,22,LPLC2,LPLC2,orange,dend[1099],0.677229031
1719595635,174985957,1,96.112,168.024,223.816,0.974202,2307027729,2307027729,0,22,LPLC2,LPLC2,orange,dend[259],0.683000206
1719595635,169111212,1,92.912,160.064,208.016,0.970073,2307027729,2307027729,0,22,LPLC2,LPLC2,orange,dend[1071],0.305737746
1719595635,175359353,1,90.624,166.024,225.056,0.997163,2307027729,2307027729,0,22,LPLC2,LPLC2,orange,dend[285],0.310708549
1719595635,175033417,1,89.944,166.28,223.944,0.985251,2307027729,2307027729,0,22,LPLC2,LPLC2,orange,dend[284],0.320418966
1751329909,176120962,1,87.872,166.056,227.064,0.96,2307027729,2307027729,0,8,LPLC2,LPLC2,orange,dend[289],0.584421039
1751329909,175374283,1,95.624,168.64,225.176,0.906824,2307027729,2307027729,0,8,LPLC2,LPLC2,orange,dend[259],0.434973798
1751329909,175601487,1,95.496,168.92,225.632,0.957137,2307027729,2307027729,0,8,LPLC2,LPLC2,orange,dend[259],0.349667142
1751329909,175411302,1,95.808,168.448,224.544,0.998451,2307027729,2307027729,0,8,LPLC2,LPLC2,orange,dend[259],0.543613424
1751329909,176283010,1,88.36,166.032,227.72,0.847881,2307027729,2307027729,0,8,LPLC2,LPLC2,orange,dend[287],0.856462723
1751329909,171404061,1,101.96,167.504,213.536,0.987395,2307027729,2307027729,0,8,LPLC2,LPLC2,orange,dend[1231],0.39014152
1751329909,176209854,1,88.128,165.232,227.24,0.707048,2307027729,2307027729,0,8,LPLC2,LPLC2,orange,dend[288],0.338798149
1751329909,171109326,1,106.408,171.856,212.928,0.895228,2307027729,2307027729,0,8,LPLC2,LPLC2,orange,dend[1216],1
1751670748,170116333,1,94.008,166.184,210.256,0.571481,2307027729,2307027729,0,1,LPLC2,LPLC2,orange,dend[1118],1
1752016801,170551776,1,102.6,169.68,211.584,0.995202,2307027729,2307027729,0,21,LPLC2_R,LPLC2,orange,dend[1227],0.565862108
1752016801,170832094,1,97.28,169.648,211.912,0.993535,2307027729,2307027729,0,21,LPLC2_R,LPLC2,orange,dend[1098],0.850892346
1752016801,170936851,1,102.464,169.328,212.016,0.999816,2307027729,2307027729,0,21,LPLC2_R,LPLC2,orange,dend[1227],0.765525738
1752016801,174917440,1,93.272,165.248,223.136,0.966992,2307027729,2307027729,0,21,LPLC2_R,LPLC2,orange,dend[279],0.84411398
1752016801,171033069,1,102.736,169.168,212.176,0.997713,2307027729,2307027729,0,21,LPLC2_R,LPLC2,orange,dend[1227],0.819999227
1752016801,170556031,1,102.752,170.136,211.368,0.965761,2307027729,2307027729,0,21,LPLC2_R,LPLC2,orange,dend[1227],0.388167632
1752016801,170719072,1,96.992,170.04,212,0.969307,2307027729,2307027729,0,21,LPLC2_R,LPLC2,orange,dend[1098],0.935988348
1752016801,171347620,1,102.536,169.296,213.056,0.432658,2307027729,2307027729,0,21,LPLC2_R,LPLC2,orange,dend[1228],0.922620228
1752016801,170913319,1,94.016,161.616,212.688,0.810652,2307027729,2307027729,0,21,LPLC2_R,LPLC2,orange,dend[1115],0.718023621
1752016801,169375263,1,90.888,165.064,208.536,0.988523,2307027729,2307027729,0,21,LPLC2_R,LPLC2,orange,dend[1075],0.936834887
1752016801,171086435,1,102.448,168.672,212.448,0.981605,2307027729,2307027729,0,21,LPLC2_R,LPLC2,orange,dend[1227],1
1752016801,171286607,1,99.496,169.248,213.416,0.928543,2307027729,2307027729,0,21,LPLC2_R,LPLC2,orange,dend[1249],0.426556159
1752016801,169491102,1,91.16,165.36,208.824,0.991902,2307027729,2307027729,0,21,LPLC2_R,LPLC2,orange,dend[1076],0.809985482
1752016801,171477928,1,99.376,169.128,213.696,0.996349,2307027729,2307027729,0,21,LPLC2_R,LPLC2,orange,dend[1249],0.488302601
1752016801,171036980,1,94.208,161.864,212.52,0.798697,2307027729,2307027729,0,21,LPLC2_R,LPLC2,orange,dend[1115],0.644948651
1752016801,176628783,1,90.96,167.656,228.76,0.928274,2307027729,2307027729,0,21,LPLC2_R,LPLC2,orange,dend[286],0.447738008
1752016801,170711460,1,94.896,162.672,211.944,0.845164,2307027729,2307027729,0,21,LPLC2_R,LPLC2,orange,dend[1115],0.397333494
1752016801,171222431,1,102.256,168.224,213.16,0.988498,2307027729,2307027729,0,21,LPLC2_R,LPLC2,orange,dend[1229],0.819628976
1752016801,170648265,1,96.576,170.504,211.896,0.911972,2307027729,2307027729,0,21,LPLC2_R,LPLC2,orange,dend[1098],1
1752016801,176530371,1,91.544,167.6,228.72,0.934815,2307027729,2307027729,0,21,LPLC2_R,LPLC2,orange,dend[286],0.324056062
1752016801,171144521,1,94.552,165.128,212.712,0.995473,2307027729,2307027729,0,21,LPLC2_R,LPLC2,orange,dend[1116],0.920602667
1753674977,171355978,1,93.152,161.344,213.544,0.965387,2307027729,2307027729,0,23,LPLC2_R,LPLC2,orange,dend[1115],0.937638017
1753674977,173068088,1,90.592,165.656,217.808,0.929205,2307027729,2307027729,0,23,LPLC2_R,LPLC2,orange,dend[274],0.897375876
1753674977,175500737,1,95.512,168.968,225.328,0.981559,2307027729,2307027729,0,23,LPLC2_R,LPLC2,orange,dend[259],0.391682127
1753674977,175496225,1,89.976,167.176,225.032,0.808049,2307027729,2307027729,0,23,LPLC2_R,LPLC2,orange,dend[283],0.180984891
1753674977,170205042,1,101.68,162.976,210.448,0.975537,2307027729,2307027729,0,23,LPLC2_R,LPLC2,orange,dend[1081],0.443277451
1753674977,174684257,1,93.576,166.416,222.72,0.988611,2307027729,2307027729,0,23,LPLC2_R,LPLC2,orange,dend[278],0.928537687
1753674977,175049594,1,90.768,166.84,224.024,0.98295,2307027729,2307027729,0,23,LPLC2_R,LPLC2,orange,dend[284],0.176549356
1753674977,176494814,1,89.528,166.728,228.48,0.999603,2307027729,2307027729,0,23,LPLC2_R,LPLC2,orange,dend[286],0.780390584
1753674977,174647932,1,93.4,166.488,222.64,0.808012,2307027729,2307027729,0,23,LPLC2_R,LPLC2,orange,dend[278],0.751699205
1753674977,171028097,1,94.888,167.888,212.432,0.933272,2307027729,2307027729,0,23,LPLC2_R,LPLC2,orange,dend[1111],0.551225691
1753674977,174866854,1,93.008,166.2,223.008,0.996003,2307027729,2307027729,0,23,LPLC2_R,LPLC2,orange,dend[277],1
1753674977,171156510,1,94.608,167.936,212.76,0.82592,2307027729,2307027729,0,23,LPLC2_R,LPLC2,orange,dend[1111],0.839583832
1753674977,170490902,1,100.952,163.744,211.112,0.941255,2307027729,2307027729,0,23,LPLC2_R,LPLC2,orange,dend[1081],0.799225952
1753674977,170371697,1,103.272,171.28,210.816,0.991,2307027729,2307027729,0,23,LPLC2_R,LPLC2,orange,dend[1226],0.766140104
1753674977,171348565,1,93.408,161.328,213.472,0.998459,2307027729,2307027729,0,23,LPLC2_R,LPLC2,orange,dend[1115],0.905688106
1753674977,174653215,1,93.064,165.904,222.688,0.966431,2307027729,2307027729,0,23,LPLC2_R,LPLC2,orange,dend[279],0.420059807
1753674977,175204503,1,91.128,166.952,224.52,0.915677,2307027729,2307027729,0,23,LPLC2_R,LPLC2,orange,dend[282],0.706006045
1753674977,175087021,1,95.584,168.224,224.248,0.914723,2307027729,2307027729,0,23,LPLC2_R,LPLC2,orange,dend[259],0.587694856
1753674977,170407803,1,101.128,163.4,210.952,0.989391,2307027729,2307027729,0,23,LPLC2_R,LPLC2,orange,dend[1081],0.691852677
1753674977,170269722,1,102.872,170.752,210.912,0.978168,2307027729,2307027729,0,23,LPLC2_R,LPLC2,orange,dend[1227],0.117542633
1753674977,170991946,1,95.032,167.616,212.464,0.868904,2307027729,2307027729,0,23,LPLC2_R,LPLC2,orange,dend[1111],0.388914147
1753674977,174579909,1,92.936,166.136,222.776,0.954985,2307027729,2307027729,0,23,LPLC2_R,LPLC2,orange,dend[277],1
1753674977,170555877,1,100.984,162.952,211.296,0.909041,2307027729,2307027729,0,23,LPLC2_R,LPLC2,orange,dend[1081],0.731795623
1782364786,173777556,1,91.152,167.208,220.016,0.986619,2307027729,2307027729,0,12,LPLC2_R,LPLC2,orange,dend[274],0.228037561
1782364786,175791129,1,94.616,171.552,226.048,0.998827,2307027729,2307027729,0,12,LPLC2_R,LPLC2,orange,dend[261],0.391000628
1782364786,171769871,1,98.544,170.904,214.704,0.980593,2307027729,2307027729,0,12,LPLC2_R,LPLC2,orange,dend[1257],0.899681913
1782364786,175848508,1,94.696,171.168,226.384,0.767686,2307027729,2307027729,0,12,LPLC2_R,LPLC2,orange,dend[261],0.311800081
1782364786,172042176,1,98.12,170.608,215.576,0.930063,2307027729,2307027729,0,12,LPLC2_R,LPLC2,orange,dend[1251],1
1782364786,174259462,1,91.408,161.024,221.464,0.983542,2307027729,2307027729,0,12,LPLC2_R,LPLC2,orange,dend[313],0.942820063
1782364786,175544682,1,88.208,168.952,225.048,0.772099,2307027729,2307027729,0,12,LPLC2_R,LPLC2,orange,dend[283],0.769007237
1782364786,169183131,1,93.008,160.928,208.16,0.873124,2307027729,2307027729,0,12,LPLC2_R,LPLC2,orange,dend[1070],1
1782364786,174202775,1,91.76,161.184,221.584,0.99426,2307027729,2307027729,0,12,LPLC2_R,LPLC2,orange,dend[313],0.813527174
1782364786,169460454,1,92.656,160.28,208.488,0.980034,2307027729,2307027729,0,12,LPLC2_R,LPLC2,orange,dend[1071],0.247546896
1782364786,171927581,1,98.672,170.448,214.728,0.928649,2307027729,2307027729,0,12,LPLC2_R,LPLC2,orange,dend[1250],1
1782364786,174211120,1,91.592,161.384,221.344,0.99975,2307027729,2307027729,0,12,LPLC2_R,LPLC2,orange,dend[313],0.850491736
1782369015,172899935,1,100.224,168.464,217.512,0.908765,2307027729,2307027729,0,6,LPLC2_R,LPLC2,orange,dend[1255],1
1782369015,171487168,1,93.032,161.224,213.704,0.977941,2307027729,2307027729,0,6,LPLC2_R,LPLC2,orange,dend[1115],0.984211736
1782369015,173008796,1,98.048,172.984,218.048,0.914638,2307027729,2307027729,0,6,LPLC2_R,LPLC2,orange,dend[1252],0.739250815
1782369015,169569608,1,100.584,168.008,208.96,0.45464876,2307027729,2307027729,0,6,LPLC2_R,LPLC2,orange,dend[1099],0.967540679
1782369015,169911352,1,92.696,161.968,209.88,0.996141,2307027729,2307027729,0,6,LPLC2_R,LPLC2,orange,dend[1073],1
1782369015,172648795,1,98.136,172.072,217.072,0.995891,2307027729,2307027729,0,6,LPLC2_R,LPLC2,orange,dend[1252],0.471139622
1782369340,174371375,1,91.688,166.856,222.088,0.904152,2307027729,2307027729,0,21,LPLC2_R,LPLC2,orange,dend[273],0.258036172
1782369340,168677257,1,91.504,162.552,206.808,0.928121,2307027729,2307027729,0,21,LPLC2_R,LPLC2,orange,dend[1075],0.320324963
1782369340,170962524,1,94.312,165.144,212.392,0.957154,2307027729,2307027729,0,21,LPLC2_R,LPLC2,orange,dend[1116],0.859150898
1782369340,175679198,1,94.4,171.624,225.976,0.994183,2307027729,2307027729,0,21,LPLC2_R,LPLC2,orange,dend[261],0.393882044
1782369340,171194190,1,94.536,165.184,212.88,0.828382,2307027729,2307027729,0,21,LPLC2_R,LPLC2,orange,dend[1116],0.999268219
1782369340,171743560,1,101.728,172.544,214.064,0.878447,2307027729,2307027729,0,21,LPLC2_R,LPLC2,orange,dend[1238],0.533874131
1782369340,171556327,1,99.576,169.64,214,0.661472,2307027729,2307027729,0,21,LPLC2_R,LPLC2,orange,dend[1249],0.314259639
1782369340,171522262,1,99.456,169.456,213.608,0.83203,2307027729,2307027729,0,21,LPLC2_R,LPLC2,orange,dend[1249],0.348534222
1782369340,174880931,1,92.096,167.144,223.632,0.919327,2307027729,2307027729,0,21,LPLC2_R,LPLC2,orange,dend[266],0.693052456
1782369340,175133465,1,92.168,167.68,224.184,0.823787,2307027729,2307027729,0,21,LPLC2_R,LPLC2,orange,dend[266],0.425107743
1782369340,171978709,1,101.864,172.768,215.2,0.652535,2307027729,2307027729,0,21,LPLC2_R,LPLC2,orange,dend[1238],1
1782369340,168643174,1,91.576,162.808,206.92,0.990698,2307027729,2307027729,0,21,LPLC2_R,LPLC2,orange,dend[1075],0.363641953
1782369340,175553047,1,92.008,168.688,225.512,0.286982,2307027729,2307027729,0,21,LPLC2_R,LPLC2,orange,dend[264],0.34946285
1782369340,176014262,1,93.264,169.664,226.736,0.767872,2307027729,2307027729,0,21,LPLC2_R,LPLC2,orange,dend[260],0.56037101
1782369340,173562546,1,100.432,172.528,219.384,0.608413,2307027729,2307027729,0,21,LPLC2_R,LPLC2,orange,dend[1256],1
1782369340,175289457,1,91.744,167.448,224.856,0.820164,2307027729,2307027729,0,21,LPLC2_R,LPLC2,orange,dend[265],0.652784247
1782369340,174946737,1,91.96,167.168,223.32,0.987989,2307027729,2307027729,0,21,LPLC2_R,LPLC2,orange,dend[266],0.834934487
1782369340,175687652,1,92.32,167.608,225.816,0.900605,2307027729,2307027729,0,21,LPLC2_R,LPLC2,orange,dend[263],0.77650668
1782369340,169681830,1,90.976,161.32,209.192,0.980485,2307027729,2307027729,0,21,LPLC2_R,LPLC2,orange,dend[1074],0.376041367
1782369340,175239414,1,92.104,167.576,224.096,0.65,2307027729,2307027729,0,21,LPLC2_R,LPLC2,orange,dend[266],0.448235399
1782369340,170054623,1,103.352,175.432,209.944,0.999413,2307027729,2307027729,0,21,LPLC2_R,LPLC2,orange,dend[1221],0.860778986
1782369359,170827433,1,97.424,169.872,211.944,0.969,2307027729,2307027729,0,5,LPLC2,LPLC2,orange,dend[1098],0.862523807
1782369359,172759078,1,98.712,169.16,217.192,0.953645,2307027729,2307027729,0,5,LPLC2,LPLC2,orange,dend[1254],0.950536854
1782369359,171579479,1,104.288,173.48,213.896,0.864444,2307027729,2307027729,0,5,LPLC2,LPLC2,orange,dend[1259],0.963681684
1782369359,170699224,1,96.576,170.216,211.872,0.921398,2307027729,2307027729,0,5,LPLC2,LPLC2,orange,dend[1098],0.988794237
1782369359,175604271,1,94.936,171.384,225.312,0.998956,2307027729,2307027729,0,5,LPLC2,LPLC2,orange,dend[261],0.539549236
1783051578,170020033,1,99.448,167.84,210.232,0.989524,2307027729,2307027729,0,16,LPLC2_R,LPLC2,orange,dend[1098],0.22652743
1783051578,173962272,1,95.008,162.432,220.856,0.839931,2307027729,2307027729,0,16,LPLC2_R,LPLC2,orange,dend[314],1
1783051578,171553818,1,101.792,172.512,213.752,0.818145,2307027729,2307027729,0,16,LPLC2_R,LPLC2,orange,dend[1238],0.405859232
1783051578,170971678,1,100.504,165.376,212.208,0.629358,2307027729,2307027729,0,16,LPLC2_R,LPLC2,orange,dend[1090],0.489874327
1783051578,176396833,1,88.576,167.088,228.376,0.550603,2307027729,2307027729,0,16,LPLC2_R,LPLC2,orange,dend[286],0.953080288
1783051578,174529496,1,93.168,161.656,222.04,0.963213,2307027729,2307027729,0,16,LPLC2_R,LPLC2,orange,dend[313],0.321836622
1783051578,171631309,1,104.08,173.392,214.072,0.932398,2307027729,2307027729,0,16,LPLC2_R,LPLC2,orange,dend[1259],0.985109738
1783051578,170494792,1,100.848,163.896,211.096,0.813614,2307027729,2307027729,0,16,LPLC2_R,LPLC2,orange,dend[1081],0.829325089
1783051578,170743448,1,100.392,163.88,211.72,0.987156,2307027729,2307027729,0,16,LPLC2_R,LPLC2,orange,dend[1082],0.70139698
1783051578,170049513,1,99.384,167.6,209.816,0.930029,2307027729,2307027729,0,16,LPLC2_R,LPLC2,orange,dend[1098],0.162906656
1783051578,171843425,1,101.712,172.032,214.72,0.896159,2307027729,2307027729,0,16,LPLC2_R,LPLC2,orange,dend[1238],0.832892776
1783051578,174430946,1,93.072,161.8,222.176,0.999755,2307027729,2307027729,0,16,LPLC2_R,LPLC2,orange,dend[313],0.31767053
1783051578,175170504,1,93.672,161.656,224.472,0.865521,2307027729,2307027729,0,16,LPLC2_R,LPLC2,orange,dend[307],0.977436384
1783051578,171680728,1,101.88,172.36,214.2,0.998458,2307027729,2307027729,0,16,LPLC2_R,LPLC2,orange,dend[1238],0.615995278
1783051578,171606542,1,106.416,171.568,213.864,0.955867,2307027729,2307027729,0,16,LPLC2_R,LPLC2,orange,dend[1218],1
1783051578,174556794,1,93.472,162.016,222.52,0.783303,2307027729,2307027729,0,16,LPLC2_R,LPLC2,orange,dend[312],0.560431653
1783051753,171352788,1,100.648,173.792,213.456,0.999253,2307027729,2307027729,0,28,LPLC2_R,LPLC2,orange,dend[1241],0.613948318
1783051753,169841002,1,99.56,167.456,209.6,0.995198,2307027729,2307027729,0,28,LPLC2_R,LPLC2,orange,dend[1098],0.103992061
1783051753,172765827,1,98.416,172.6,217.28,0.779263,2307027729,2307027729,0,28,LPLC2_R,LPLC2,orange,dend[1252],0.572032171
1783051753,169701178,1,98.944,172.24,209.44,0.990801,2307027729,2307027729,0,28,LPLC2_R,LPLC2,orange,dend[1258],0.993085265
1783051753,172611826,1,98.272,171.704,216.776,0.973614,2307027729,2307027729,0,28,LPLC2_R,LPLC2,orange,dend[1252],0.372205667
1783051753,170000428,1,99.176,167.816,209.92,0.961381,2307027729,2307027729,0,28,LPLC2_R,LPLC2,orange,dend[1098],0.221343408
1783051753,174098801,1,88.784,166.2,221.272,0.780565,2307027729,2307027729,0,28,LPLC2_R,LPLC2,orange,dend[284],0.99176662
1783051753,171566397,1,101.56,167.44,214.136,0.803332,2307027729,2307027729,0,28,LPLC2_R,LPLC2,orange,dend[1231],0.767035962
1783051753,174354586,1,89.248,166.352,221.68,0.959987,2307027729,2307027729,0,28,LPLC2_R,LPLC2,orange,dend[284],0.847624277
1783051753,172961336,1,98.648,169.056,217.512,0.916186,2307027729,2307027729,0,28,LPLC2_R,LPLC2,orange,dend[1254],1
1783051753,170906471,1,100.032,165.496,212.2,0.948561,2307027729,2307027729,0,28,LPLC2_R,LPLC2,orange,dend[1090],0.604447663
1783051753,170305484,1,95.896,164.376,210.504,0.991,2307027729,2307027729,0,28,LPLC2_R,LPLC2,orange,dend[1117],1
1783051753,170313552,1,95.736,164.792,210.72,0.978667,2307027729,2307027729,0,28,LPLC2_R,LPLC2,orange,dend[1113],1
1783051753,171222550,1,100.784,173.624,213.208,0.986209,2307027729,2307027729,0,28,LPLC2_R,LPLC2,orange,dend[1241],0.46987331
1783051753,171151621,1,101.152,172.864,212.744,0.900923,2307027729,2307027729,0,28,LPLC2_R,LPLC2,orange,dend[1237],0.95115402
1783051753,172575968,1,98.224,171.216,216.528,0.879,2307027729,2307027729,0,28,LPLC2_R,LPLC2,orange,dend[1252],0.265783201
1783051753,169099256,1,93.576,161.696,207.448,0.999506,2307027729,2307027729,0,28,LPLC2_R,LPLC2,orange,dend[1069],0.437504485
1783051753,170538171,1,95.264,163.92,211.104,0.860988,2307027729,2307027729,0,28,LPLC2_R,LPLC2,orange,dend[1115],0.092180048
1783051753,171085823,1,99.576,165.512,212.784,0.323427,2307027729,2307027729,0,28,LPLC2_R,LPLC2,orange,dend[1090],0.814909469
1783051753,169463346,1,91.304,165.392,208.848,0.999827,2307027729,2307027729,0,28,LPLC2_R,LPLC2,orange,dend[1076],1
1783051753,175516645,1,91.672,168.84,225.488,0.805403,2307027729,2307027729,0,28,LPLC2_R,LPLC2,orange,dend[264],0.41265181
1783051753,175587559,1,91.328,169.608,225.68,0.746428,2307027729,2307027729,0,28,LPLC2_R,LPLC2,orange,dend[264],0.662442682
1783051753,168893935,1,94.352,161.776,206.952,0.665508,2307027729,2307027729,0,28,LPLC2_R,LPLC2,orange,dend[1068],0.789812344
1783051753,172837411,1,98.92,169.424,217.184,0.981689,2307027729,2307027729,0,28,LPLC2_R,LPLC2,orange,dend[1254],0.922242463
1783051753,169818673,1,99.232,171.424,209.616,0.94765,2307027729,2307027729,0,28,LPLC2_R,LPLC2,orange,dend[1258],0.9141424
1783051753,171460283,1,101.528,167.344,213.888,0.66,2307027729,2307027729,0,28,LPLC2_R,LPLC2,orange,dend[1231],0.716195079
1783051753,172528339,1,98.368,170.968,216.24,0.987094,2307027729,2307027729,0,28,LPLC2_R,LPLC2,orange,dend[1252],0.186516062
1783051753,168867678,1,93.08,162.24,207.136,0.920352,2307027729,2307027729,0,28,LPLC2_R,LPLC2,orange,dend[1075],0.080271127
1809614687,173059209,1,91.104,165.792,218.272,0.925419,2307027729,2307027729,0,22,LPLC2_R,LPLC2,orange,dend[274],0.761689138
1809614687,169333744,1,93.608,158.784,208.296,0.975785,2307027729,2307027729,0,22,LPLC2_R,LPLC2,orange,dend[1071],0.695448705
1809614687,169104251,1,93.144,160.192,208.12,0.991061,2307027729,2307027729,0,22,LPLC2_R,LPLC2,orange,dend[1071],0.291924992
1809614687,169161902,1,93.312,159.656,208.2,0.99994,2307027729,2307027729,0,22,LPLC2_R,LPLC2,orange,dend[1071],0.445372277
1809614687,176396830,1,89.28,166.736,228.424,0.918045,2307027729,2307027729,0,22,LPLC2_R,LPLC2,orange,dend[286],0.827867497
1809614687,174183744,1,88.672,166.152,221.256,0.837403,2307027729,2307027729,0,22,LPLC2_R,LPLC2,orange,dend[284],1
1809614687,176689994,1,89.464,167.36,228.552,0.986,2307027729,2307027729,0,22,LPLC2_R,LPLC2,orange,dend[286],0.76411929
1809614687,169924967,1,96.96,165.688,209.704,0.872212,2307027729,2307027729,0,22,LPLC2_R,LPLC2,orange,dend[1104],0.674433933
1809614687,171708581,1,101.416,174.736,214.608,0.987054,2307027729,2307027729,0,22,LPLC2_R,LPLC2,orange,dend[1242],0.483271904
1809614687,171431052,1,100.216,174.672,213.496,0.920791,2307027729,2307027729,0,22,LPLC2_R,LPLC2,orange,dend[1245],0.255160489
1809614687,171630146,1,101.152,174.616,214.328,0.996115,2307027729,2307027729,0,22,LPLC2_R,LPLC2,orange,dend[1242],0.310770879
1809614687,169251516,1,93.2,159.376,208.064,0.80513,2307027729,2307027729,0,22,LPLC2_R,LPLC2,orange,dend[1071],0.505886972
1809614687,171488546,1,99.496,174.736,213.544,0.910167,2307027729,2307027729,0,22,LPLC2_R,LPLC2,orange,dend[1245],0.537857438
1809614687,171380929,1,100.624,174.12,213.592,0.989506,2307027729,2307027729,0,22,LPLC2_R,LPLC2,orange,dend[1241],0.774157587
1809614687,174213187,1,94.96,162.992,221.752,0.995,2307027729,2307027729,0,22,LPLC2_R,LPLC2,orange,dend[314],0.841859257
1809614687,176569781,1,89.568,167.352,228.552,0.909431,2307027729,2307027729,0,22,LPLC2_R,LPLC2,orange,dend[286],0.742561765
1809614687,169743593,1,97.48,165.544,209.28,0.984896,2307027729,2307027729,0,22,LPLC2_R,LPLC2,orange,dend[1104],0.34833173
1809614687,174306050,1,94.88,162.872,221.44,0.88403,2307027729,2307027729,0,22,LPLC2_R,LPLC2,orange,dend[314],0.928348837
1809614687,176554297,1,89.152,167.304,228.624,0.999916,2307027729,2307027729,0,22,LPLC2_R,LPLC2,orange,dend[286],0.839163268
1809614687,173058496,1,90.84,165.752,218.08,0.803973,2307027729,2307027729,0,22,LPLC2_R,LPLC2,orange,dend[274],0.818096941
1809614687,176557011,1,90.976,167.32,228.6,0.440982,2307027729,2307027729,0,22,LPLC2_R,LPLC2,orange,dend[286],0.450303104
1809614687,171539056,1,99.984,174.704,213.704,0.993085,2307027729,2307027729,0,22,LPLC2_R,LPLC2,orange,dend[1245],0.314746912
1811630361,174650464,1,93.192,164.816,222.568,0.992736,2307027729,2307027729,0,27,LPLC2_R,LPLC2,orange,dend[281],1
1811630361,169372118,1,90.616,164.8,208.352,0.879776,2307027729,2307027729,0,27,LPLC2_R,LPLC2,orange,dend[1075],0.913854433
1811630361,171103141,1,103.808,172.84,212.792,0.722466,2307027729,2307027729,0,27,LPLC2_R,LPLC2,orange,dend[1259],0.630944433
1811630361,174453198,1,96.056,167.584,221.952,0.916937,2307027729,2307027729,0,27,LPLC2_R,LPLC2,orange,dend[259],0.970887838
1811630361,169290043,1,93.456,159.48,208.272,0.996619,2307027729,2307027729,0,27,LPLC2_R,LPLC2,orange,dend[1071],0.503394312
1811630361,171251011,1,107.048,172.752,213.008,0.887,2307027729,2307027729,0,27,LPLC2_R,LPLC2,orange,dend[1217],0.979797059
1811630361,174507371,1,93.72,162.664,222.32,0.81338,2307027729,2307027729,0,27,LPLC2_R,LPLC2,orange,dend[312],0.81073152
1811630361,171527220,1,99.28,170.872,214.024,0.891598,2307027729,2307027729,0,27,LPLC2_R,LPLC2,orange,dend[1248],0.848136009
1811630361,171200143,1,101.72,172.56,213.312,0.931426,2307027729,2307027729,0,27,LPLC2_R,LPLC2,orange,dend[1238],0.203967702
1811630361,170541110,1,95.272,162.864,211.296,0.941352,2307027729,2307027729,0,27,LPLC2_R,LPLC2,orange,dend[1115],0.261878146
1811630361,169586928,1,91.152,165.488,208.728,0.870368,2307027729,2307027729,0,27,LPLC2_R,LPLC2,orange,dend[1076],0.81269878
1811630361,171464849,1,99.24,169.288,213.52,0.661828,2307027729,2307027729,0,27,LPLC2_R,LPLC2,orange,dend[1249],0.390575859
1811630361,169197064,1,90.904,163.744,207.736,0.99593,2307027729,2307027729,0,27,LPLC2_R,LPLC2,orange,dend[1075],0.655782781
1811630361,169812426,1,96.584,165.048,209.76,0.999913,2307027729,2307027729,0,27,LPLC2_R,LPLC2,orange,dend[1105],0.453192882
1811630361,171229746,1,106.92,172.416,212.936,0.98729,2307027729,2307027729,0,27,LPLC2_R,LPLC2,orange,dend[1217],0.68307528
1811630361,174111729,1,90.432,168.04,221.28,0.887844,2307027729,2307027729,0,27,LPLC2_R,LPLC2,orange,dend[275],0.971852223
1811630361,171000946,1,106.984,172.032,212.224,0.520211,2307027729,2307027729,0,27,LPLC2_R,LPLC2,orange,dend[1216],0.965486309
1811630361,174376901,1,93.76,162.664,222.152,0.841503,2307027729,2307027729,0,27,LPLC2_R,LPLC2,orange,dend[312],1
1811630361,174916722,1,96.144,170.968,223.216,0.971279,2307027729,2307027729,0,27,LPLC2_R,LPLC2,orange,dend[261],0.986344073
1811630361,171208166,1,103.792,173.4,213.336,0.974493,2307027729,2307027729,0,27,LPLC2_R,LPLC2,orange,dend[1259],0.79611445
1811630361,170185706,1,95.936,164.288,210.504,0.995679,2307027729,2307027729,0,27,LPLC2_R,LPLC2,orange,dend[1117],1
1811630361,169525810,1,93.464,158.208,208.44,0.999908,2307027729,2307027729,0,27,LPLC2_R,LPLC2,orange,dend[1071],0.839875748
1811630361,169508462,1,93.584,158.248,208.464,0.99669,2307027729,2307027729,0,27,LPLC2_R,LPLC2,orange,dend[1071],0.838555302
1811630361,174704687,1,91.848,167.504,223.048,0.970944,2307027729,2307027729,0,27,LPLC2_R,LPLC2,orange,dend[267],0.516142569
1811630361,174442216,1,93.36,162.232,222.048,0.902166,2307027729,2307027729,0,27,LPLC2_R,LPLC2,orange,dend[313],0.187022986
1811630361,175099809,1,90.968,167.36,224.048,0.644763,2307027729,2307027729,0,27,LPLC2_R,LPLC2,orange,dend[284],0.120231838
1811630361,169924927,1,96.72,164.296,209.64,0.962552,2307027729,2307027729,0,27,LPLC2_R,LPLC2,orange,dend[1105],1
1813403630,174287599,1,88.808,166.056,221.408,0.976058,2307027729,2307027729,0,9,LPLC2,LPLC2,orange,dend[284],0.96967024
1813403630,172088079,1,101.672,171.8,215.432,0.815351,2307027729,2307027729,0,9,LPLC2,LPLC2,orange,dend[1240],0.766604079
1813403630,175392788,1,91.72,167.024,224.824,0.454918,2307027729,2307027729,0,9,LPLC2,LPLC2,orange,dend[265],0.711618533
1813403630,175496198,1,90.56,165.864,225.048,0.833571,2307027729,2307027729,0,9,LPLC2,LPLC2,orange,dend[285],0.358159775
1813403630,171687700,1,99.624,169.136,214.32,0.936433,2307027729,2307027729,0,9,LPLC2,LPLC2,orange,dend[1249],0.562368147
1813403630,173734968,1,91.368,170.128,220.08,0.662,2307027729,2307027729,0,9,LPLC2,LPLC2,orange,dend[269],0.871164952
1813403630,173708504,1,91.288,169.936,220.16,0.986561,2307027729,2307027729,0,9,LPLC2,LPLC2,orange,dend[269],0.857327749
1813403630,174212302,1,90.6,168.072,221.136,0.998845,2307027729,2307027729,0,9,LPLC2,LPLC2,orange,dend[275],0.914624665
1813403630,170280052,1,99.336,168.272,210.336,0.725912,2307027729,2307027729,0,9,LPLC2,LPLC2,orange,dend[1098],0.297739342
1813403762,170683235,1,100.736,170.608,211.744,0.983,2307027729,2307027729,0,20,LPLC2,LPLC2,orange,dend[1247],1
1813403762,170190725,1,101.728,162.784,210.224,0.932384,2307027729,2307027729,0,20,LPLC2,LPLC2,orange,dend[1081],0.357615188
1813403762,170940385,1,96.024,167.44,212.432,0.995577,2307027729,2307027729,0,20,LPLC2,LPLC2,orange,dend[1110],0.749751004
1813403762,169856929,1,99.32,168.064,209.976,0.993648,2307027729,2307027729,0,20,LPLC2,LPLC2,orange,dend[1098],0.238177451
1813403762,175369320,1,89.656,164.272,224.88,0.949535,2307027729,2307027729,0,20,LPLC2,LPLC2,orange,dend[285],0.857508176
1813403762,169425687,1,91.424,165.472,208.8,0.531936,2307027729,2307027729,0,20,LPLC2,LPLC2,orange,dend[1076],1
1813403762,174714545,1,90.336,170.272,223.104,0.986117,2307027729,2307027729,0,20,LPLC2,LPLC2,orange,dend[270],0.915095604
1813403762,175649855,1,94.832,168.912,225.728,0.437137,2307027729,2307027729,0,20,LPLC2,LPLC2,orange,dend[259],0.307237717
1813403762,170820429,1,95.552,162.704,211.84,0.995194,2307027729,2307027729,0,20,LPLC2,LPLC2,orange,dend[1115],0.313688692
1813403762,170495332,1,97.52,169.384,211.536,0.907908,2307027729,2307027729,0,20,LPLC2,LPLC2,orange,dend[1098],0.754411579
1813403762,175831664,1,95.12,168.848,226.112,0.991388,2307027729,2307027729,0,20,LPLC2,LPLC2,orange,dend[259],0.26780696
1813403762,170265005,1,101.504,162.832,210.552,0.800261,2307027729,2307027729,0,20,LPLC2,LPLC2,orange,dend[1081],0.471175436
1813403762,174883970,1,90.04,166.096,223.736,0.833002,2307027729,2307027729,0,20,LPLC2,LPLC2,orange,dend[284],0.35997102
1813403762,170478023,1,97.848,169.256,211.312,0.919632,2307027729,2307027729,0,20,LPLC2,LPLC2,orange,dend[1098],0.679135272
1813403762,175325876,1,90.272,165.12,225.088,0.994294,2307027729,2307027729,0,20,LPLC2,LPLC2,orange,dend[285],0.577583661
1813403762,175256943,1,90.112,164.52,224.872,0.995474,2307027729,2307027729,0,20,LPLC2,LPLC2,orange,dend[285],0.748087705
1813403762,175637596,1,95.352,168.952,225.52,0.992464,2307027729,2307027729,0,20,LPLC2,LPLC2,orange,dend[259],0.357873423
1813403762,175437615,1,90.128,165.128,225.264,0.940829,2307027729,2307027729,0,20,LPLC2,LPLC2,orange,dend[285],0.589452616
1813403762,170080649,1,102.032,162.648,209.856,0.914671,2307027729,2307027729,0,20,LPLC2,LPLC2,orange,dend[1081],0.212325688
1813403762,169817104,1,102.224,162.384,209.416,0.999624,2307027729,2307027729,0,20,LPLC2,LPLC2,orange,dend[1079],0.472263415
1813403869,171826032,1,98.608,163.536,214.856,0.728091,2307027729,2307027729,0,10,LPLC2,LPLC2,orange,dend[1085],0.515484328
1813403869,170536336,1,102.584,169.736,211.52,0.959533,2307027729,2307027729,0,10,LPLC2,LPLC2,orange,dend[1227],0.53833227
1813403869,170491021,1,102.624,170.304,211.224,0.925212,2307027729,2307027729,0,10,LPLC2,LPLC2,orange,dend[1227],0.323297656
1813403869,170020036,1,99.568,167.872,210.104,0.999497,2307027729,2307027729,0,10,LPLC2,LPLC2,orange,dend[1098],0.202692571
1813403869,170257717,1,98.952,168.072,210.304,0.800862,2307027729,2307027729,0,10,LPLC2,LPLC2,orange,dend[1098],0.315988026
1813403869,170530790,1,102.504,169.68,211.592,0.936432,2307027729,2307027729,0,10,LPLC2,LPLC2,orange,dend[1227],0.575731829
1813403869,175760886,1,95.288,168.856,225.984,0.993025,2307027729,2307027729,0,10,LPLC2,LPLC2,orange,dend[259],0.293161194
1813403869,173972006,1,94.992,162.424,220.816,0.431293,2307027729,2307027729,0,10,LPLC2,LPLC2,orange,dend[314],1
1813403869,174147494,1,95.024,162.52,221.048,0.928443,2307027729,2307027729,0,10,LPLC2,LPLC2,orange,dend[314],1
1813403869,171071277,1,103.896,172.648,212.656,0.520322,2307027729,2307027729,0,10,LPLC2,LPLC2,orange,dend[1259],0.591329386
1813403953,172333417,1,102.096,173.264,215.968,0.652925,2307027729,2307027729,0,18,LPLC2_R,LPLC2,orange,dend[1239],0.775549695
1813403953,172712900,1,99.832,169.88,217.12,0.999782,2307027729,2307027729,0,18,LPLC2_R,LPLC2,orange,dend[1254],0.947745287
1813403953,169875226,1,99.368,171.504,209.568,0.997515,2307027729,2307027729,0,18,LPLC2_R,LPLC2,orange,dend[1258],0.884367181
1813403953,169808364,1,99.16,172.224,209.416,0.790293,2307027729,2307027729,0,18,LPLC2_R,LPLC2,orange,dend[1258],0.94218471
1813403953,170568542,1,95.136,163.768,211.208,0.716872,2307027729,2307027729,0,18,LPLC2_R,LPLC2,orange,dend[1115],0.138148066
1813403953,173817602,1,91.44,166.624,220.224,0.988806,2307027729,2307027729,0,18,LPLC2_R,LPLC2,orange,dend[274],0.23187501
1813403953,169463359,1,97.36,165.536,209.04,0.998991,2307027729,2307027729,0,18,LPLC2_R,LPLC2,orange,dend[1104],0.297253196
1813403953,169900071,1,99.672,172.272,209.608,0.970185,2307027729,2307027729,0,18,LPLC2_R,LPLC2,orange,dend[1258],0.793066059
1813403953,169161985,1,96.96,165.984,208.016,0.999,2307027729,2307027729,0,18,LPLC2_R,LPLC2,orange,dend[1101],0.313533764
1813403953,175391095,1,90.44,167.376,225.048,0.995387,2307027729,2307027729,0,18,LPLC2_R,LPLC2,orange,dend[283],0.113740293
1813403953,172777014,1,98.168,171.824,216.968,0.996009,2307027729,2307027729,0,18,LPLC2_R,LPLC2,orange,dend[1252],0.418144752
1813403953,172413530,1,98.136,171.264,216.528,0.94908,2307027729,2307027729,0,18,LPLC2_R,LPLC2,orange,dend[1252],0.275938229
1813403953,171155142,1,106.992,172.856,212.976,0.445249,2307027729,2307027729,0,18,LPLC2_R,LPLC2,orange,dend[1217],1
1813403953,170194082,1,100.464,174.128,210.448,0.787113,2307027729,2307027729,0,18,LPLC2_R,LPLC2,orange,dend[1235],0.960666241
1813403953,169881417,1,99.56,171.896,209.624,0.995725,2307027729,2307027729,0,18,LPLC2_R,LPLC2,orange,dend[1258],0.824708968
1813403953,174221032,1,88.96,166.144,221.264,0.550653,2307027729,2307027729,0,18,LPLC2_R,LPLC2,orange,dend[284],0.975371912
1813403953,170380731,1,95.192,162.968,211.328,0.995842,2307027729,2307027729,0,18,LPLC2_R,LPLC2,orange,dend[1115],0.258812639
1813403953,172663944,1,99.68,170.152,217.344,0.57243,2307027729,2307027729,0,18,LPLC2_R,LPLC2,orange,dend[1256],0.198873658
1813403998,169683765,1,92.376,161.64,209.064,0.993,2307027729,2307027729,0,16,LPLC2,LPLC2,orange,dend[1072],1
1813403998,174666788,1,93.384,165.408,222.816,0.973749,2307027729,2307027729,0,16,LPLC2,LPLC2,orange,dend[279],0.837695511
1813403998,176036019,1,92.776,167.336,226.96,0.987084,2307027729,2307027729,0,16,LPLC2,LPLC2,orange,dend[262],1
1813403998,170420644,1,98.04,169.12,211.192,0.90588,2307027729,2307027729,0,16,LPLC2,LPLC2,orange,dend[1098],0.629568993
1813403998,176325842,1,92.776,167.168,228.024,0.973997,2307027729,2307027729,0,16,LPLC2,LPLC2,orange,dend[262],0.83219872
1813403998,169463989,1,92.416,161.536,208.672,0.978994,2307027729,2307027729,0,16,LPLC2,LPLC2,orange,dend[1072],0.737393906
1813403998,171255152,1,100.376,171.224,212.96,0.932626,2307027729,2307027729,0,16,LPLC2,LPLC2,orange,dend[1248],0.343364921
1813403998,176171576,1,92.976,167.456,227.04,0.94,2307027729,2307027729,0,16,LPLC2,LPLC2,orange,dend[262],0.953872527
1813403998,174848125,1,93.272,165.304,223.104,0.45025414,2307027729,2307027729,0,16,LPLC2,LPLC2,orange,dend[279],0.811703105
1813403998,171043963,1,94.456,162.04,212.568,0.997168,2307027729,2307027729,0,16,LPLC2,LPLC2,orange,dend[1115],0.599367667
1813403998,171477955,1,99.872,170.952,213.432,0.669141,2307027729,2307027729,0,16,LPLC2,LPLC2,orange,dend[1248],0.58637268
1813403998,171352720,1,99.232,170.936,213.512,0.429808,2307027729,2307027729,0,16,LPLC2,LPLC2,orange,dend[1248],0.737923778
1813403998,170164682,1,98.4,168.64,210.64,0.805392,2307027729,2307027729,0,16,LPLC2,LPLC2,orange,dend[1098],0.476926913
1813403998,169326246,1,92.616,161.552,208.32,0.528387,2307027729,2307027729,0,16,LPLC2,LPLC2,orange,dend[1072],0.350548709
1813403998,174079201,1,95.008,162.448,220.832,0.777858,2307027729,2307027729,0,16,LPLC2,LPLC2,orange,dend[314],1
1813403998,170680543,1,96.6,170.504,211.92,0.971159,2307027729,2307027729,0,16,LPLC2,LPLC2,orange,dend[1098],1
1814414329,174016035,1,91.288,166.992,220.952,0.715292,2307027729,2307027729,0,12,LPLC2_R,LPLC2,orange,dend[273],1
1814414329,174866865,1,92.512,167.04,223.184,0.999231,2307027729,2307027729,0,12,LPLC2_R,LPLC2,orange,dend[266],1
1814414329,170551732,1,95.816,167.48,211.56,0.964248,2307027729,2307027729,0,12,LPLC2_R,LPLC2,orange,dend[1107],1
1814414329,175068645,1,95.744,167.824,224.12,0.999904,2307027729,2307027729,0,12,LPLC2_R,LPLC2,orange,dend[259],0.633260102
1814414329,174654030,1,92,167.328,222.32,0.950299,2307027729,2307027729,0,12,LPLC2_R,LPLC2,orange,dend[272],0.896010678
1814414329,170615941,1,101.032,170.856,211.744,0.98649,2307027729,2307027729,0,12,LPLC2_R,LPLC2,orange,dend[1247],0.81515688
1814414329,173964972,1,91.272,166.904,220.36,0.767043,2307027729,2307027729,0,12,LPLC2_R,LPLC2,orange,dend[274],0.179102259
1814414329,171262418,1,102.224,168.088,213.232,0.994641,2307027729,2307027729,0,12,LPLC2_R,LPLC2,orange,dend[1229],0.959323418
1814414329,174306119,1,91.544,167.168,221.456,0.871507,2307027729,2307027729,0,12,LPLC2_R,LPLC2,orange,dend[273],0.67424251
1814414329,171250911,1,102.232,168.104,212.976,0.9921,2307027729,2307027729,0,12,LPLC2_R,LPLC2,orange,dend[1229],0.824525013
1814414329,170827916,1,101.104,171.304,211.896,0.989,2307027729,2307027729,0,12,LPLC2_R,LPLC2,orange,dend[1246],1
1814414329,174542491,1,92.456,167.744,222.288,0.886436,2307027729,2307027729,0,12,LPLC2_R,LPLC2,orange,dend[276],0.841026955
1814418212,174806844,1,95.864,170.928,223.208,0.964195,2307027729,2307027729,0,15,LPLC2_R,LPLC2,orange,dend[261],0.966508787
1814418212,175691844,1,94.784,171.168,225.656,0.997398,2307027729,2307027729,0,15,LPLC2_R,LPLC2,orange,dend[261],0.45286783
1814418212,174997474,1,89.864,166.144,223.736,0.829,2307027729,2307027729,0,15,LPLC2_R,LPLC2,orange,dend[284],0.37837605
1814418212,175133523,1,95.296,171.08,224.168,0.977205,2307027729,2307027729,0,15,LPLC2_R,LPLC2,orange,dend[261],0.758635808
1814418212,169996628,1,92.672,162.136,209.88,0.877817,2307027729,2307027729,0,15,LPLC2_R,LPLC2,orange,dend[1073],1
1814418212,171150572,1,101.848,167.544,213.288,0.967995,2307027729,2307027729,0,15,LPLC2_R,LPLC2,orange,dend[1231],0.338207705
1814418212,175158170,1,89.856,166.232,223.856,0.775766,2307027729,2307027729,0,15,LPLC2_R,LPLC2,orange,dend[284],0.35088142
1814418212,171092342,1,102.232,168.024,212.904,0.995639,2307027729,2307027729,0,15,LPLC2_R,LPLC2,orange,dend[1229],0.849624375
1814418212,175131648,1,90.048,166.096,223.736,0.715,2307027729,2307027729,0,15,LPLC2_R,LPLC2,orange,dend[284],0.359018027
1814418212,175369332,1,90.336,165.256,225.104,0.994542,2307027729,2307027729,0,15,LPLC2_R,LPLC2,orange,dend[285],0.536252479
1814418212,169560233,1,92.44,161.8,209.224,0.801346,2307027729,2307027729,0,15,LPLC2_R,LPLC2,orange,dend[1073],0.468850615
1814418212,171122507,1,102.584,169.312,213.016,0.873649,2307027729,2307027729,0,15,LPLC2_R,LPLC2,orange,dend[1228],0.891296818
1814418212,174904841,1,95.6,171.072,223.64,0.999053,2307027729,2307027729,0,15,LPLC2_R,LPLC2,orange,dend[261],0.876781691
1814418212,169766706,1,92.416,161.528,208.92,0.709,2307027729,2307027729,0,15,LPLC2_R,LPLC2,orange,dend[1072],0.938946119
1814418212,175257042,1,94.928,171.168,224.816,0.997176,2307027729,2307027729,0,15,LPLC2_R,LPLC2,orange,dend[261],0.618519533
1814422650,172050563,1,102.072,172.096,214.864,0.833845,2307027729,2307027729,0,16,LPLC2_R,LPLC2,orange,dend[1238],0.935645613
1814422650,172066977,1,101.704,172.112,215.288,0.998315,2307027729,2307027729,0,16,LPLC2_R,LPLC2,orange,dend[1240],0.48586494
1814422650,174200315,1,88.856,166.024,221.392,0.88222,2307027729,2307027729,0,16,LPLC2_R,LPLC2,orange,dend[284],0.968826531
1814422650,175333232,1,95.72,168.088,224.568,0.964422,2307027729,2307027729,0,16,LPLC2_R,LPLC2,orange,dend[259],0.554456218
1814422650,170148853,1,95.784,167.592,210.36,0.876479,2307027729,2307027729,0,16,LPLC2_R,LPLC2,orange,dend[1108],0.368763082
1814422650,175228487,1,95.336,168.184,224.672,0.756934,2307027729,2307027729,0,16,LPLC2_R,LPLC2,orange,dend[259],0.517872977
1814422650,171917547,1,102.016,172.48,214.752,0.997075,2307027729,2307027729,0,16,LPLC2_R,LPLC2,orange,dend[1238],0.869534127
1814422650,170079352,1,95.712,168.008,210.16,0.98961,2307027729,2307027729,0,16,LPLC2_R,LPLC2,orange,dend[1108],0.557246362
1814422650,175341652,1,95.344,168.168,224.832,0.882197,2307027729,2307027729,0,16,LPLC2_R,LPLC2,orange,dend[259],0.496010741
1814422650,171051343,1,102.376,168.12,212.656,0.962923,2307027729,2307027729,0,16,LPLC2_R,LPLC2,orange,dend[1229],0.639987525
1814422650,170624675,1,101.936,171.928,211.568,0.951459,2307027729,2307027729,0,16,LPLC2_R,LPLC2,orange,dend[1234],1
1814422650,175142300,1,95.64,167.928,224.224,0.99709,2307027729,2307027729,0,16,LPLC2_R,LPLC2,orange,dend[259],0.60851176
1814422650,172301347,1,102.128,172.792,215.752,0.942325,2307027729,2307027729,0,16,LPLC2_R,LPLC2,orange,dend[1239],0.445927247
1814422650,170832113,1,101.064,170.496,211.864,0.949936,2307027729,2307027729,0,16,LPLC2_R,LPLC2,orange,dend[1247],0.928914976
1814422650,170269631,1,96.256,166.992,210.744,0.83484,2307027729,2307027729,0,16,LPLC2_R,LPLC2,orange,dend[1107],0.641879135
1814422650,170058677,1,95.552,168.008,210.176,0.905936,2307027729,2307027729,0,16,LPLC2_R,LPLC2,orange,dend[1108],0.585696588
1814426918,175831672,1,95.192,169.024,226.048,0.904031,2307027729,2307027729,0,5,LPLC2,LPLC2,orange,dend[259],0.271291856
1814426918,170889418,1,102.4,168.824,212.264,0.888298,2307027729,2307027729,0,5,LPLC2,LPLC2,orange,dend[1227],0.955351397
1814426918,169931370,1,91.016,161.6,209.592,0.953983,2307027729,2307027729,0,5,LPLC2,LPLC2,orange,dend[1074],0.403260322
1814426918,171250879,1,98.864,165.52,213.104,0.999947,2307027729,2307027729,0,5,LPLC2,LPLC2,orange,dend[1090],1
1814426918,175722090,1,94.936,169.08,225.944,0.990471,2307027729,2307027729,0,5,LPLC2,LPLC2,orange,dend[259],0.272242556
1814777260,170036697,1,94.368,166.208,210.104,0.991576,2307027729,2307027729,0,27,LPLC2_R,LPLC2,orange,dend[1118],0.877088524
1814777260,171187751,1,99.152,163.896,212.888,0.931038,2307027729,2307027729,0,27,LPLC2_R,LPLC2,orange,dend[1088],0.56792395
1814777260,170555918,1,95.56,164.64,211.288,0.959412,2307027729,2307027729,0,27,LPLC2_R,LPLC2,orange,dend[1114],0.832106981
1814777260,171401991,1,98.888,165.472,213.368,0.971835,2307027729,2307027729,0,27,LPLC2_R,LPLC2,orange,dend[1090],1
1814777260,172882925,1,100.144,168.64,217.432,0.999229,2307027729,2307027729,0,27,LPLC2_R,LPLC2,orange,dend[1255],0.975974751
1814777260,170023437,1,94.432,166.208,210.016,0.986,2307027729,2307027729,0,27,LPLC2_R,LPLC2,orange,dend[1118],0.856539624
1814777260,171155019,1,98.92,165.336,213.072,0.880459,2307027729,2307027729,0,27,LPLC2_R,LPLC2,orange,dend[1090],0.953357813
1814777260,175802935,1,94.864,169.104,226.568,0.991177,2307027729,2307027729,0,27,LPLC2_R,LPLC2,orange,dend[259],0.178115218
1814777260,174111728,1,90.968,167.856,221.248,0.743665,2307027729,2307027729,0,27,LPLC2_R,LPLC2,orange,dend[275],0.653549748
1814777260,176106927,1,94.6,169.256,227.08,0.994426,2307027729,2307027729,0,27,LPLC2_R,LPLC2,orange,dend[259],0.085258405
1814777260,170604941,1,95.664,165.36,211.344,0.953049,2307027729,2307027729,0,27,LPLC2_R,LPLC2,orange,dend[1114],0.097997989
1814777260,171049091,1,99.384,165.216,212.656,0.925967,2307027729,2307027729,0,27,LPLC2_R,LPLC2,orange,dend[1090],0.75131771
1814777260,172900599,1,97.952,173.048,217.568,0.750954,2307027729,2307027729,0,27,LPLC2_R,LPLC2,orange,dend[1252],0.692236585
1814777260,174581491,1,91.992,169.568,222.552,0.93724,2307027729,2307027729,0,27,LPLC2_R,LPLC2,orange,dend[268],0.707678663
1814777260,176018455,1,94.848,170.16,227.168,0.870336,2307027729,2307027729,0,27,LPLC2_R,LPLC2,orange,dend[261],0.118149128
1814777260,175263769,1,96.096,168.216,224.112,0.820983,2307027729,2307027729,0,27,LPLC2_R,LPLC2,orange,dend[259],0.630041619
1814777260,175488625,1,95.408,168.2,224.824,0.980995,2307027729,2307027729,0,27,LPLC2_R,LPLC2,orange,dend[259],0.498346318
1814777260,171268836,1,99.08,165.416,213.36,0.956308,2307027729,2307027729,0,27,LPLC2_R,LPLC2,orange,dend[1090],1
1814777260,170848034,1,100.2,163.8,211.936,0.733787,2307027729,2307027729,0,27,LPLC2_R,LPLC2,orange,dend[1082],1
1814777260,170390536,1,98.84,168.264,211.016,0.9217,2307027729,2307027729,0,27,LPLC2_R,LPLC2,orange,dend[1098],0.426052373
1814777260,170883039,1,94.12,165.296,212.072,0.984785,2307027729,2307027729,0,27,LPLC2_R,LPLC2,orange,dend[1116],0.804494383
1814777260,170908240,1,99.608,163.824,212.376,0.999581,2307027729,2307027729,0,27,LPLC2_R,LPLC2,orange,dend[1083],1
1814777260,170854529,1,95.816,167.192,212.392,0.999569,2307027729,2307027729,0,27,LPLC2_R,LPLC2,orange,dend[1110],0.619805264
1814777260,171268306,1,106.432,171.704,213.264,0.989707,2307027729,2307027729,0,27,LPLC2_R,LPLC2,orange,dend[1218],0.6212444
1814777260,175549465,1,95.528,168.736,225.536,0.410038,2307027729,2307027729,0,27,LPLC2_R,LPLC2,orange,dend[259],0.374149152
1814777260,171602728,1,106.376,171.512,213.816,0.799959,2307027729,2307027729,0,27,LPLC2_R,LPLC2,orange,dend[1218],0.988835658
1814777260,175687665,1,94.856,168.816,225.952,0.828691,2307027729,2307027729,0,27,LPLC2_R,LPLC2,orange,dend[259],0.280899024
1814780768,172645534,1,99.944,169.664,217.064,0.828584,2307027729,2307027729,0,7,LPLC2_R,LPLC2,orange,dend[1255],0.241506625
1814780768,172720944,1,98.808,168.92,217.272,0.964516,2307027729,2307027729,0,7,LPLC2_R,LPLC2,orange,dend[1254],1
1814780768,172602779,1,99.528,169.096,216.952,0.964855,2307027729,2307027729,0,7,LPLC2_R,LPLC2,orange,dend[1255],0.271732077
1814780768,170038286,1,101.36,163.096,210.36,0.975912,2307027729,2307027729,0,7,LPLC2_R,LPLC2,orange,dend[1081],0.47953516
1814780768,170049477,1,99.808,164.568,210.032,0.999339,2307027729,2307027729,0,7,LPLC2_R,LPLC2,orange,dend[1091],0.745273146
1814780768,172810507,1,99.632,169.272,217.072,0.832663,2307027729,2307027729,0,7,LPLC2_R,LPLC2,orange,dend[1255],0.267255763
1814780768,169824413,1,99.456,164.68,209.84,0.996958,2307027729,2307027729,0,7,LPLC2_R,LPLC2,orange,dend[1091],0.919791502
1814781082,172513917,1,99.344,169.808,216.672,0.706154,2307027729,2307027729,0,21,LPLC2_R,LPLC2,orange,dend[1254],0.701338983
1814781082,175650725,1,92.208,166.968,225.48,0.72421,2307027729,2307027729,0,21,LPLC2_R,LPLC2,orange,dend[263],0.963296936
1814781082,175501765,1,90.72,166.16,225.176,0.839677,2307027729,2307027729,0,21,LPLC2_R,LPLC2,orange,dend[285],0.265807447
1814781082,172676151,1,98.808,169.168,217.072,0.996373,2307027729,2307027729,0,21,LPLC2_R,LPLC2,orange,dend[1254],0.917022211
1814781082,172710153,1,98.84,169.408,217.152,0.861037,2307027729,2307027729,0,21,LPLC2_R,LPLC2,orange,dend[1254],0.899419247
1814781082,172610352,1,99.768,169.864,216.944,0.882686,2307027729,2307027729,0,21,LPLC2_R,LPLC2,orange,dend[1254],0.869952324
1814781082,171274682,1,101.568,172.552,213.152,0.992651,2307027729,2307027729,0,21,LPLC2_R,LPLC2,orange,dend[1238],0.116714146
1814781082,171083711,1,101.128,172.824,212.824,0.945704,2307027729,2307027729,0,21,LPLC2_R,LPLC2,orange,dend[1237],0.999209158
1814781082,171345448,1,101.568,172.448,213.408,0.990093,2307027729,2307027729,0,21,LPLC2_R,LPLC2,orange,dend[1238],0.231455378
1814781082,170749971,1,101.248,171.728,211.976,0.733493,2307027729,2307027729,0,21,LPLC2_R,LPLC2,orange,dend[1246],0.717684305
1814781082,172586809,1,99.408,169.84,216.832,0.915142,2307027729,2307027729,0,21,LPLC2_R,LPLC2,orange,dend[1254],0.769044878
1814781082,175112206,1,92.256,167.424,224.144,0.999572,2307027729,2307027729,0,21,LPLC2_R,LPLC2,orange,dend[266],0.46127361
1814781082,172536519,1,98.792,168.92,216.848,0.316474,2307027729,2307027729,0,21,LPLC2_R,LPLC2,orange,dend[1254],0.881493139
1814781082,171187860,1,100.264,171.576,212.928,0.99085,2307027729,2307027729,0,21,LPLC2_R,LPLC2,orange,dend[1248],0.31265046
1814781082,174315045,1,91.552,166.792,221.904,0.961158,2307027729,2307027729,0,21,LPLC2_R,LPLC2,orange,dend[273],0.442926325
1814781082,172399638,1,98.776,169.832,215.848,0.882638,2307027729,2307027729,0,21,LPLC2_R,LPLC2,orange,dend[1254],0.268531114
1814781082,174602805,1,91.816,167.624,222.408,0.511163,2307027729,2307027729,0,21,LPLC2_R,LPLC2,orange,dend[272],0.706348859
1814781082,174860751,1,90.384,170.208,223.072,0.718465,2307027729,2307027729,0,21,LPLC2_R,LPLC2,orange,dend[270],0.868806074
1814781082,174978115,1,92.376,167.4,223.352,0.941586,2307027729,2307027729,0,21,LPLC2_R,LPLC2,orange,dend[266],0.976989553
1814781082,170057802,1,100.864,172.064,209.872,0.982894,2307027729,2307027729,0,21,LPLC2_R,LPLC2,orange,dend[1258],0.470593553
1814781082,175460448,1,90.136,165.176,225.248,0.795418,2307027729,2307027729,0,21,LPLC2_R,LPLC2,orange,dend[285],0.576406717
1814781356,170080699,1,96.672,165.824,209.944,0.970999,2307027729,2307027729,0,12,LPLC2_R,LPLC2,orange,dend[1104],0.857367962
1814781356,169960648,1,92.672,162.088,209.944,0.887085,2307027729,2307027729,0,12,LPLC2_R,LPLC2,orange,dend[1073],1
1814781356,175444386,1,92.232,167.6,224.664,0.915,2307027729,2307027729,0,12,LPLC2_R,LPLC2,orange,dend[265],0.717559416
1814781356,172383086,1,99.32,168.912,216.472,0.89511,2307027729,2307027729,0,12,LPLC2_R,LPLC2,orange,dend[1255],0.1385087
1814781356,170290251,1,96.192,166.792,210.656,0.999996,2307027729,2307027729,0,12,LPLC2_R,LPLC2,orange,dend[1107],0.519339439
1814781356,175447626,1,92.192,167.52,225.008,0.982102,2307027729,2307027729,0,12,LPLC2_R,LPLC2,orange,dend[265],0.413936551
1814781356,170210438,1,96.336,166.112,210.224,0.995,2307027729,2307027729,0,12,LPLC2_R,LPLC2,orange,dend[1106],0.922686278
1814781356,174337066,1,93.112,162.112,221.928,0.992389,2307027729,2307027729,0,12,LPLC2_R,LPLC2,orange,dend[313],0.281878595
1814781356,174585052,1,93.088,164.416,222.632,0.356084,2307027729,2307027729,0,12,LPLC2_R,LPLC2,orange,dend[281],1
1814781356,169368266,1,90.208,165.352,208.472,0.939409,2307027729,2307027729,0,12,LPLC2_R,LPLC2,orange,dend[1077],0.549460579
1814781356,170183352,1,96.184,166.616,210.576,0.991286,2307027729,2307027729,0,12,LPLC2_R,LPLC2,orange,dend[1107],0.406297097
1814781356,169371596,1,90.544,164.992,208.52,0.878902,2307027729,2307027729,0,12,LPLC2_R,LPLC2,orange,dend[1075],0.965611089
1814781537,171220907,1,98.664,174.8,213.168,0.968,2307027729,2307027729,0,2,LPLC2_R,LPLC2,orange,dend[1245],0.936612966
1814781537,169775140,1,96.696,165.44,209.552,0.968388,2307027729,2307027729,0,2,LPLC2_R,LPLC2,orange,dend[1104],0.700720637
1814781628,171782272,1,101.048,167.312,214.392,0.827375,2307027729,2307027729,0,13,LPLC2,LPLC2,orange,dend[1231],1
1814781628,170624456,1,95.68,161.944,211.696,0.792726,2307027729,2307027729,0,13,LPLC2,LPLC2,orange,dend[1115],0.393012261
1814781628,174755588,1,89.744,166.576,222.8,0.98194,2307027729,2307027729,0,13,LPLC2,LPLC2,orange,dend[284],0.554895465
1814781628,174918347,1,95.992,167.744,223.776,0.975458,2307027729,2307027729,0,13,LPLC2,LPLC2,orange,dend[259],0.69762014
1814781628,174401034,1,89.36,166.328,222.088,0.994477,2307027729,2307027729,0,13,LPLC2,LPLC2,orange,dend[284],0.754803265
1814781628,172662835,1,98.936,168.552,216.936,0.993704,2307027729,2307027729,0,13,LPLC2,LPLC2,orange,dend[1255],0.209117551
1814781628,170708153,1,100.92,170.432,211.76,0.999773,2307027729,2307027729,0,13,LPLC2,LPLC2,orange,dend[1247],1
1814781628,176013753,1,92.4,167.224,226.824,0.985855,2307027729,2307027729,0,13,LPLC2,LPLC2,orange,dend[262],1
1814781628,173376826,1,91.48,165.552,218.848,0.853716,2307027729,2307027729,0,13,LPLC2,LPLC2,orange,dend[274],0.645325053
1814781628,174500937,1,94.712,162.744,222.08,0.985294,2307027729,2307027729,0,13,LPLC2,LPLC2,orange,dend[314],0.52315648
1814781628,175766223,1,91.352,169.12,225.688,0.567,2307027729,2307027729,0,13,LPLC2,LPLC2,orange,dend[264],0.526353604
1814781628,174111716,1,91.24,167.08,221.136,0.888356,2307027729,2307027729,0,13,LPLC2,LPLC2,orange,dend[273],1
1814781628,174058389,1,91.36,166.872,220.864,0.973398,2307027729,2307027729,0,13,LPLC2,LPLC2,orange,dend[273],1
1814781633,174734470,1,92.776,166.032,222.824,0.938258,2307027729,2307027729,0,12,LPLC2_R,LPLC2,orange,dend[279],0.212368186
1814781633,172370855,1,98.248,170.912,216.296,0.758914,2307027729,2307027729,0,12,LPLC2_R,LPLC2,orange,dend[1252],0.188222173
1814781633,172159049,1,101.968,173.016,215.496,0.77481,2307027729,2307027729,0,12,LPLC2_R,LPLC2,orange,dend[1239],0.399895896
1814781633,171255201,1,103.848,173.424,213.104,0.971467,2307027729,2307027729,0,12,LPLC2_R,LPLC2,orange,dend[1259],0.747428352
1814781633,173204026,1,98.04,173.952,218.664,0.953748,2307027729,2307027729,0,12,LPLC2_R,LPLC2,orange,dend[1252],0.968881917
1814781633,171103148,1,103.68,173.352,212.936,0.708609,2307027729,2307027729,0,12,LPLC2_R,LPLC2,orange,dend[1259],0.692533063
1814781633,174916665,1,92.648,166.992,223.16,0.949158,2307027729,2307027729,0,12,LPLC2_R,LPLC2,orange,dend[277],0.444079882
1814781633,169766758,1,97.928,165.352,208.84,0.987871,2307027729,2307027729,0,12,LPLC2_R,LPLC2,orange,dend[1100],0.941683181
1814781633,169441535,1,91.232,165.432,208.664,0.704762,2307027729,2307027729,0,12,LPLC2_R,LPLC2,orange,dend[1076],0.858810368
1814781633,169375268,1,90.44,165.152,208.528,0.990955,2307027729,2307027729,0,12,LPLC2_R,LPLC2,orange,dend[1075],1
1814781633,174470454,1,95.856,167.4,222.392,0.933956,2307027729,2307027729,0,12,LPLC2_R,LPLC2,orange,dend[259],0.908118797
1814781633,171322179,1,103.776,173.456,213.432,0.695406,2307027729,2307027729,0,12,LPLC2_R,LPLC2,orange,dend[1259],0.821388032
1815126312,174755517,1,93.48,162.16,222.592,0.938823,2307027729,2307027729,0,16,LPLC2_R,LPLC2,orange,dend[312],0.479893949
1815126312,170458421,1,95.832,165.056,210.984,0.897331,2307027729,2307027729,0,16,LPLC2_R,LPLC2,orange,dend[1113],0.890867901
1815126312,170193446,1,95.984,164.552,210.568,0.692613,2307027729,2307027729,0,16,LPLC2_R,LPLC2,orange,dend[1117],0.846651357
1815126312,174627197,1,93.76,162.76,222.36,0.957445,2307027729,2307027729,0,16,LPLC2_R,LPLC2,orange,dend[312],0.764619145
1815126312,175873462,1,93.064,170.952,226.632,0.981469,2307027729,2307027729,0,16,LPLC2_R,LPLC2,orange,dend[260],1
1815126312,175859550,1,93.104,170.632,226.304,0.999255,2307027729,2307027729,0,16,LPLC2_R,LPLC2,orange,dend[260],0.979739362
1815126312,172877141,1,98.4,172.44,217.272,0.997373,2307027729,2307027729,0,16,LPLC2_R,LPLC2,orange,dend[1252],0.546299852
1815126312,174864211,1,93.792,162.512,223.144,0.954459,2307027729,2307027729,0,16,LPLC2_R,LPLC2,orange,dend[310],0.936615721
1815126312,171182486,1,98.824,163,213.176,0.723182,2307027729,2307027729,0,16,LPLC2_R,LPLC2,orange,dend[1085],0.167882201
1815126312,175037404,1,90.592,171.288,223.76,0.939746,2307027729,2307027729,0,16,LPLC2_R,LPLC2,orange,dend[270],1
1815126312,170257148,1,96.192,165.272,210.288,0.993502,2307027729,2307027729,0,16,LPLC2_R,LPLC2,orange,dend[1104],1
1815126312,170286846,1,95.848,164.912,210.648,0.993561,2307027729,2307027729,0,16,LPLC2_R,LPLC2,orange,dend[1113],0.808588168
1815126312,175691820,1,91.32,169.664,225.704,0.846193,2307027729,2307027729,0,16,LPLC2_R,LPLC2,orange,dend[264],0.680216614
1815126312,174426726,1,93.808,162.984,222.008,0.947313,2307027729,2307027729,0,16,LPLC2_R,LPLC2,orange,dend[312],1
1815126312,174649647,1,93.68,161.976,222.824,0.862139,2307027729,2307027729,0,16,LPLC2_R,LPLC2,orange,dend[312],0.184670212
1815126312,174997419,1,93.856,161.856,223.792,0.995109,2307027729,2307027729,0,16,LPLC2_R,LPLC2,orange,dend[310],0.421824588
1815126433,171044148,1,101.328,171.832,212.328,0.94246,2307027729,2307027729,0,11,LPLC2_R,LPLC2,orange,dend[1246],0.644140435
1815126433,169937999,1,98.592,161.512,210.024,0.976117,2307027729,2307027729,0,11,LPLC2_R,LPLC2,orange,dend[1080],0.985023398
1815126433,173968619,1,91.704,169.92,220.912,0.899329,2307027729,2307027729,0,11,LPLC2_R,LPLC2,orange,dend[269],0.600136344
1815126433,170153371,1,98.28,168.496,210.616,0.710788,2307027729,2307027729,0,11,LPLC2_R,LPLC2,orange,dend[1098],0.472196352
1815126433,170830399,1,101.376,171.608,211.912,0.9389,2307027729,2307027729,0,11,LPLC2_R,LPLC2,orange,dend[1246],0.697029937
1815126433,173012959,1,90.592,165.584,217.848,0.993285,2307027729,2307027729,0,11,LPLC2_R,LPLC2,orange,dend[274],0.896005943
1815126433,174628530,1,91.64,170.608,223.032,0.804,2307027729,2307027729,0,11,LPLC2_R,LPLC2,orange,dend[270],0.276126569
1815126433,170883122,1,100.992,170.832,211.912,0.948038,2307027729,2307027729,0,11,LPLC2_R,LPLC2,orange,dend[1247],0.722568975
1815126433,170830410,1,101.8,172.04,211.888,0.987013,2307027729,2307027729,0,11,LPLC2_R,LPLC2,orange,dend[1236],0.76080059
1815126433,174690972,1,91.84,170.48,223.048,0.870703,2307027729,2307027729,0,11,LPLC2_R,LPLC2,orange,dend[268],1
1815126433,173962416,1,91.832,169.968,220.776,0.945,2307027729,2307027729,0,11,LPLC2_R,LPLC2,orange,dend[269],0.628215666
1815131045,173016121,1,99.792,170.344,217.64,0.827306,2307027729,2307027729,0,11,LPLC2_R,LPLC2,orange,dend[1256],0.28552864
1815131045,171278553,1,98.984,165.576,212.984,0.989432,2307027729,2307027729,0,11,LPLC2_R,LPLC2,orange,dend[1090],0.981588024
1815131045,174341503,1,92.96,161.656,222.032,0.90098,2307027729,2307027729,0,11,LPLC2_R,LPLC2,orange,dend[313],0.380078914
1815131045,175432371,1,89.64,163.672,224.848,0.928028,2307027729,2307027729,0,11,LPLC2_R,LPLC2,orange,dend[285],1
1815131045,174393906,1,91.76,161.752,221.808,0.985195,2307027729,2307027729,0,11,LPLC2_R,LPLC2,orange,dend[313],0.716336366
1815131045,169931574,1,100.992,171.96,209.72,0.996256,2307027729,2307027729,0,11,LPLC2_R,LPLC2,orange,dend[1258],0.456876859
1815131045,174269489,1,91.816,161.232,221.616,0.996385,2307027729,2307027729,0,11,LPLC2_R,LPLC2,orange,dend[313],0.788789559
1815131045,171956604,1,101.576,172.056,215.36,0.696657,2307027729,2307027729,0,11,LPLC2_R,LPLC2,orange,dend[1240],0.588679547
1815131045,172297543,1,101.992,173.008,215.84,0.847726,2307027729,2307027729,0,11,LPLC2_R,LPLC2,orange,dend[1239],0.578681542
1815131045,170008051,1,100.616,172.008,209.704,0.999606,2307027729,2307027729,0,11,LPLC2_R,LPLC2,orange,dend[1258],0.551501281
1815131045,173147847,1,99.984,171.088,218.152,0.83318,2307027729,2307027729,0,11,LPLC2_R,LPLC2,orange,dend[1256],0.516440585
1815471919,174895179,1,91.808,170.52,223.632,0.879174,2307027729,2307027729,0,18,LPLC2_R,LPLC2,orange,dend[271],0.945308646
1815471919,170111299,1,96.28,165.888,210.04,0.998033,2307027729,2307027729,0,18,LPLC2_R,LPLC2,orange,dend[1106],0.559229776
1815471919,169951732,1,94.984,165.744,209.872,0.814191,2307027729,2307027729,0,18,LPLC2_R,LPLC2,orange,dend[1118],0.51664847
1815471919,169966743,1,95.464,165.904,210.264,0.881059,2307027729,2307027729,0,18,LPLC2_R,LPLC2,orange,dend[1118],0.274244025
1815471919,170415665,1,95.264,165.016,211.056,0.805,2307027729,2307027729,0,18,LPLC2_R,LPLC2,orange,dend[1114],0.357240439
1815471919,170870055,1,94.264,161.832,212.448,0.96142,2307027729,2307027729,0,18,LPLC2_R,LPLC2,orange,dend[1115],0.636000817
1815471919,174785398,1,90.184,166.592,223.128,0.998503,2307027729,2307027729,0,18,LPLC2_R,LPLC2,orange,dend[284],0.436702936
1815471919,172292984,1,101.88,173.624,216.136,0.772299,2307027729,2307027729,0,18,LPLC2_R,LPLC2,orange,dend[1239],1
1815471919,174366232,1,89.088,166.152,221.784,0.987688,2307027729,2307027729,0,18,LPLC2_R,LPLC2,orange,dend[284],0.856768427
1815471919,174164750,1,90.984,167.784,221.272,0.943772,2307027729,2307027729,0,18,LPLC2_R,LPLC2,orange,dend[275],0.60949176
1815471919,174254492,1,89.208,166.024,221.528,0.990145,2307027729,2307027729,0,18,LPLC2_R,LPLC2,orange,dend[284],0.899975007
1815471919,170255490,1,102.56,175.512,210.464,0.936984,2307027729,2307027729,0,18,LPLC2_R,LPLC2,orange,dend[1221],1
1815471919,170093787,1,94.44,166.064,210.136,0.986217,2307027729,2307027729,0,18,LPLC2_R,LPLC2,orange,dend[1118],0.810328464
1815471919,174470458,1,91.64,167.48,222.592,0.372205,2307027729,2307027729,0,18,LPLC2_R,LPLC2,orange,dend[272],0.69416633
1815471919,172185824,1,98.112,170.68,215.6,0.991823,2307027729,2307027729,0,18,LPLC2_R,LPLC2,orange,dend[1251],1
1815471919,169954587,1,96.064,165.824,210.072,0.985618,2307027729,2307027729,0,18,LPLC2_R,LPLC2,orange,dend[1106],0.670180763
1815471919,172478378,1,98.072,171.232,216.344,0.804159,2307027729,2307027729,0,18,LPLC2_R,LPLC2,orange,dend[1252],0.249811929
1815471919,174899763,1,90.288,166.888,223.36,0.96145,2307027729,2307027729,0,18,LPLC2_R,LPLC2,orange,dend[284],0.362600272
1815480848,174254119,1,91.728,161.2,221.672,0.915472,2307027729,2307027729,0,21,LPLC2_R,LPLC2,orange,dend[313],0.813341192
1815480848,174121592,1,91.832,169.912,221.152,0.970829,2307027729,2307027729,0,21,LPLC2_R,LPLC2,orange,dend[269],0.51851169
1815480848,170115638,1,100.808,164.664,210.568,0.732034,2307027729,2307027729,0,21,LPLC2_R,LPLC2,orange,dend[1091],0.321894453
1815480848,171318854,1,103.496,168.28,213.392,0.962632,2307027729,2307027729,0,21,LPLC2_R,LPLC2,orange,dend[1230],0.978661881
1815480848,174675330,1,92.288,170.12,222.568,0.90765,2307027729,2307027729,0,21,LPLC2_R,LPLC2,orange,dend[268],0.93025984
1815480848,170279971,1,101.624,163.232,210.392,0.776633,2307027729,2307027729,0,21,LPLC2_R,LPLC2,orange,dend[1081],0.471756017
1815480848,174650546,1,91.944,169.8,222.552,0.976624,2307027729,2307027729,0,21,LPLC2_R,LPLC2,orange,dend[268],0.807143448
1815480848,170313544,1,100.736,164.168,210.736,0.966805,2307027729,2307027729,0,21,LPLC2_R,LPLC2,orange,dend[1091],0.18753541
1815480848,170326238,1,100.984,163.776,210.896,0.995782,2307027729,2307027729,0,21,LPLC2_R,LPLC2,orange,dend[1081],0.747866452
1815480848,171274590,1,102.616,168.256,212.96,0.46059138,2307027729,2307027729,0,21,LPLC2_R,LPLC2,orange,dend[1229],0.649672787
1815480848,171070732,1,102.576,168.592,212.424,0.985695,2307027729,2307027729,0,21,LPLC2_R,LPLC2,orange,dend[1229],0.151057417
1815480848,173015698,1,99.936,170.168,217.528,0.758012,2307027729,2307027729,0,21,LPLC2_R,LPLC2,orange,dend[1256],0.245275336
1815480848,174315449,1,92.12,169.888,221.496,0.9395,2307027729,2307027729,0,21,LPLC2_R,LPLC2,orange,dend[269],0.392529635
1815480848,171037071,1,102.472,168.072,212.616,0.934221,2307027729,2307027729,0,21,LPLC2_R,LPLC2,orange,dend[1229],0.642952483
1815480848,171017926,1,102.704,169.016,212.584,0.983662,2307027729,2307027729,0,21,LPLC2_R,LPLC2,orange,dend[1227],0.954852235
1815480848,173036310,1,100.08,168.656,217.592,0.998375,2307027729,2307027729,0,21,LPLC2_R,LPLC2,orange,dend[1255],0.966760107
1815480848,170193432,1,101.344,163.28,210.608,0.32992,2307027729,2307027729,0,21,LPLC2_R,LPLC2,orange,dend[1081],0.565743976
1815480848,174692511,1,91.96,170.192,222.752,0.94388,2307027729,2307027729,0,21,LPLC2_R,LPLC2,orange,dend[268],0.967362846
1815480848,170218742,1,100.472,164.4,210.552,0.999702,2307027729,2307027729,0,21,LPLC2_R,LPLC2,orange,dend[1091],0.359165879
1815480848,172804272,1,99.912,170.288,217.608,0.989916,2307027729,2307027729,0,21,LPLC2_R,LPLC2,orange,dend[1256],0.278357935
1815480848,168630702,1,92.928,167.088,206.488,0.989677,2307027729,2307027729,0,21,LPLC2_R,LPLC2,orange,dend[1103],0.908281488
1815809293,173274014,1,91.224,166.008,218.952,0.987754,2307027729,2307027729,0,8,LPLC2_R,LPLC2,orange,dend[274],0.584665283
1815809293,174357942,1,91.6,161.568,221.736,0.94666,2307027729,2307027729,0,8,LPLC2_R,LPLC2,orange,dend[313],0.792103332
1815809293,174405665,1,89.152,166.264,221.8,0.874918,2307027729,2307027729,0,8,LPLC2_R,LPLC2,orange,dend[284],0.840002214
1815809293,170058571,1,99.352,161.864,210.168,0.973478,2307027729,2307027729,0,8,LPLC2_R,LPLC2,orange,dend[1080],0.808668143
1815809293,170495954,1,101.24,162.904,210.864,0.933631,2307027729,2307027729,0,8,LPLC2_R,LPLC2,orange,dend[1081],0.589292698
1815809293,174361937,1,91.496,161.728,221.632,0.790526,2307027729,2307027729,0,8,LPLC2_R,LPLC2,orange,dend[313],0.806451906
1815809293,174224053,1,91.032,161.192,221.528,0.967775,2307027729,2307027729,0,8,LPLC2_R,LPLC2,orange,dend[313],1
1815809293,170130182,1,99.224,161.632,210.16,0.966833,2307027729,2307027729,0,8,LPLC2_R,LPLC2,orange,dend[1080],0.850031373
1815826155,168680421,1,93.88,161.568,206.688,0.998717,2307027729,2307027729,0,36,LPLC2_R,LPLC2,orange,dend[1068],0.850785531
1815826155,174090437,1,91.416,166.88,221.072,0.969259,2307027729,2307027729,0,36,LPLC2_R,LPLC2,orange,dend[273],1
1815826155,171345227,1,93.592,161.416,213.36,0.936001,2307027729,2307027729,0,36,LPLC2_R,LPLC2,orange,dend[1115],0.862153726
1815826155,170920582,1,94.832,161.792,212.488,0.9998,2307027729,2307027729,0,36,LPLC2_R,LPLC2,orange,dend[1115],0.587085102
1815826155,168771359,1,93.128,162.16,206.768,0.965077,2307027729,2307027729,0,36,LPLC2_R,LPLC2,orange,dend[1075],0.04374514
1815826155,172218524,1,98.864,169.704,216,0.945339,2307027729,2307027729,0,36,LPLC2_R,LPLC2,orange,dend[1254],0.373888011
1815826155,171318722,1,94.008,161.624,213.056,0.999605,2307027729,2307027729,0,36,LPLC2_R,LPLC2,orange,dend[1115],0.757019683
1815826155,170180235,1,100.744,164.744,210.64,0.842713,2307027729,2307027729,0,36,LPLC2_R,LPLC2,orange,dend[1091],0.320098778
1815826155,170762475,1,100.496,165.544,212.144,0.828882,2307027729,2307027729,0,36,LPLC2_R,LPLC2,orange,dend[1090],0.518865104
1815826155,170649327,1,100.648,165.472,212.104,0.482649,2307027729,2307027729,0,36,LPLC2_R,LPLC2,orange,dend[1090],0.464908722
1815826155,174262285,1,89.512,166.088,221.664,0.529975,2307027729,2307027729,0,36,LPLC2_R,LPLC2,orange,dend[284],0.833427023
1815826155,171251519,1,93.864,161.424,213.216,0.977,2307027729,2307027729,0,36,LPLC2_R,LPLC2,orange,dend[1115],0.817446121
1815826155,170640628,1,101.864,172.312,211.808,0.514323,2307027729,2307027729,0,36,LPLC2_R,LPLC2,orange,dend[1236],0.635692143
1815826155,176643541,1,92.128,167.384,228.376,0.946524,2307027729,2307027729,0,36,LPLC2_R,LPLC2,orange,dend[262],0.872763086
1815826155,170317996,1,98.952,161.848,210.568,0.99513,2307027729,2307027729,0,36,LPLC2_R,LPLC2,orange,dend[1080],0.964029249
1815826155,171088382,1,103.664,172.888,212.592,0.922255,2307027729,2307027729,0,36,LPLC2_R,LPLC2,orange,dend[1259],0.578637612
1815826155,174094864,1,91.64,167.016,221.232,0.910976,2307027729,2307027729,0,36,LPLC2_R,LPLC2,orange,dend[273],0.838826517
1815826155,170037046,1,102.024,162.856,210.024,0.987,2307027729,2307027729,0,36,LPLC2_R,LPLC2,orange,dend[1081],0.281651725
1815826155,170688132,1,100.344,165.24,212.016,0.852901,2307027729,2307027729,0,36,LPLC2_R,LPLC2,orange,dend[1090],0.445950226
1815826155,170338975,1,101.032,173.24,210.648,0.986893,2307027729,2307027729,0,36,LPLC2_R,LPLC2,orange,dend[1235],0.592726481
1815826155,168966191,1,92.784,161.776,207.448,0.92005,2307027729,2307027729,0,36,LPLC2_R,LPLC2,orange,dend[1069],0.924290539
1815826155,170311183,1,101.416,173.144,210.704,0.993003,2307027729,2307027729,0,36,LPLC2_R,LPLC2,orange,dend[1235],0.484369592
1815826155,176411345,1,92.6,167.144,228.112,0.983522,2307027729,2307027729,0,36,LPLC2_R,LPLC2,orange,dend[262],0.873077189
1815826155,174978102,1,89.968,166.248,223.296,0.998326,2307027729,2307027729,0,36,LPLC2_R,LPLC2,orange,dend[284],0.447532314
1815826155,174642206,1,89.696,166.296,222.656,0.906122,2307027729,2307027729,0,36,LPLC2_R,LPLC2,orange,dend[284],0.604054856
1815826155,176509198,1,92.512,166.592,227.976,0.832166,2307027729,2307027729,0,36,LPLC2_R,LPLC2,orange,dend[262],1
1815826155,172348542,1,99.216,169.024,216.464,0.408149,2307027729,2307027729,0,36,LPLC2_R,LPLC2,orange,dend[1254],0.776202718
1815826155,170369106,1,100.784,164.424,210.776,0.97815,2307027729,2307027729,0,36,LPLC2_R,LPLC2,orange,dend[1091],0.203041191
1815826155,170780077,1,103.512,173.176,212.064,0.838641,2307027729,2307027729,0,36,LPLC2_R,LPLC2,orange,dend[1259],0.466531506
1815826155,171716873,1,99.544,168.128,214.712,0.96821,2307027729,2307027729,0,36,LPLC2_R,LPLC2,orange,dend[1249],1
1815826155,169197060,1,90.936,163.56,207.76,0.988243,2307027729,2307027729,0,36,LPLC2_R,LPLC2,orange,dend[1075],0.618684869
1815826155,172158983,1,98.416,169.512,215.424,0.996399,2307027729,2307027729,0,36,LPLC2_R,LPLC2,orange,dend[1253],1
1815826155,171088387,1,103.864,173.136,212.68,0.910178,2307027729,2307027729,0,36,LPLC2_R,LPLC2,orange,dend[1259],0.629434294
1815826155,171335660,1,107.064,172.8,213.008,0.569312,2307027729,2307027729,0,36,LPLC2_R,LPLC2,orange,dend[1217],1
1815826155,170345606,1,100.752,173.568,210.744,0.999362,2307027729,2307027729,0,36,LPLC2_R,LPLC2,orange,dend[1235],0.719998731
1815826155,171156591,1,103.672,173.296,212.768,0.989113,2307027729,2307027729,0,36,LPLC2_R,LPLC2,orange,dend[1259],0.648981745
1844750081,170832135,1,100.632,171.096,211.808,0.990138,2307027729,2307027729,0,15,LPLC2_R,LPLC2,orange,dend[1247],0.840915704
1844750081,174642166,1,93.992,162.784,222.608,0.997653,2307027729,2307027729,0,15,LPLC2_R,LPLC2,orange,dend[312],0.456818743
1844750081,174720668,1,95.664,167.896,223.152,0.944182,2307027729,2307027729,0,15,LPLC2_R,LPLC2,orange,dend[259],0.765395242
1844750081,176048513,1,94.824,169.096,226.984,0.999707,2307027729,2307027729,0,15,LPLC2_R,LPLC2,orange,dend[259],0.116922769
1844750081,169900063,1,99.248,171.4,209.6,0.843729,2307027729,2307027729,0,15,LPLC2_R,LPLC2,orange,dend[1258],0.912261299
1844750081,170746858,1,101.104,171.648,212.152,0.979608,2307027729,2307027729,0,15,LPLC2_R,LPLC2,orange,dend[1246],0.891675698
1844750081,170934148,1,100.504,171.52,212.648,0.913947,2307027729,2307027729,0,15,LPLC2_R,LPLC2,orange,dend[1248],0.209578649
1844750081,172199030,1,102.088,173.544,215.976,0.601498,2307027729,2307027729,0,15,LPLC2_R,LPLC2,orange,dend[1239],0.909330209
1844750081,171079353,1,96,167.384,212.592,0.957771,2307027729,2307027729,0,15,LPLC2_R,LPLC2,orange,dend[1110],0.93133334
1844750081,174946681,1,93.96,163.408,223.368,0.753806,2307027729,2307027729,0,15,LPLC2_R,LPLC2,orange,dend[311],0.660482368
1844750081,169552267,1,93.68,157.552,208.568,0.832052,2307027729,2307027729,0,15,LPLC2_R,LPLC2,orange,dend[1071],1
1844750081,174746565,1,89.776,166.592,223.032,0.999503,2307027729,2307027729,0,15,LPLC2_R,LPLC2,orange,dend[284],0.50430781
1844750081,170830382,1,96.496,170.336,211.944,0.867114,2307027729,2307027729,0,15,LPLC2_R,LPLC2,orange,dend[1098],1
1844750081,174542859,1,94.776,163.008,222.04,0.978645,2307027729,2307027729,0,15,LPLC2_R,LPLC2,orange,dend[314],0.6102101
1844750081,171559221,1,106.488,171.448,213.872,0.936146,2307027729,2307027729,0,15,LPLC2_R,LPLC2,orange,dend[1218],1
1845449270,169980267,1,101.776,172.28,210.152,0.992401,2307027729,2307027729,0,16,LPLC2_R,LPLC2,orange,dend[1258],0.209838057
1845449270,174770317,1,91.664,167.304,222.416,0.93387,2307027729,2307027729,0,16,LPLC2_R,LPLC2,orange,dend[272],0.924240127
1845449270,170128053,1,101.352,173.064,210.56,0.869094,2307027729,2307027729,0,16,LPLC2_R,LPLC2,orange,dend[1235],0.49559525
1845449270,170348712,1,101.912,172.728,210.704,0.973518,2307027729,2307027729,0,16,LPLC2_R,LPLC2,orange,dend[1233],1
1845449270,174164745,1,90.976,167.592,221.304,0.890919,2307027729,2307027729,0,16,LPLC2_R,LPLC2,orange,dend[275],0.511376103
1845449270,170060009,1,99.592,164.624,210.12,0.995144,2307027729,2307027729,0,16,LPLC2_R,LPLC2,orange,dend[1091],0.766704427
1845449270,174134023,1,90.584,167.808,221.2,0.966241,2307027729,2307027729,0,16,LPLC2_R,LPLC2,orange,dend[275],0.782563022
1845449270,175130762,1,90.872,167.288,223.96,0.792411,2307027729,2307027729,0,16,LPLC2_R,LPLC2,orange,dend[284],0.152927691
1845449270,169789305,1,97.552,165.416,209.4,0.677172,2307027729,2307027729,0,16,LPLC2_R,LPLC2,orange,dend[1104],0.36909223
1845449270,170373208,1,100.184,163.776,211.096,0.975953,2307027729,2307027729,0,16,LPLC2_R,LPLC2,orange,dend[1081],0.898192782
1845449270,174955471,1,90.496,167.056,223.616,0.971653,2307027729,2307027729,0,16,LPLC2_R,LPLC2,orange,dend[284],0.278186974
1845449270,172354327,1,101.952,173.712,216.296,0.995917,2307027729,2307027729,0,16,LPLC2_R,LPLC2,orange,dend[1239],1
1845449270,172318319,1,102.08,173.632,216.12,0.9685,2307027729,2307027729,0,16,LPLC2_R,LPLC2,orange,dend[1239],1
1845449270,174226452,1,94.752,162.744,221.288,0.900126,2307027729,2307027729,0,16,LPLC2_R,LPLC2,orange,dend[314],0.913359607
1845449270,172975568,1,98.432,169.016,217.576,0.841926,2307027729,2307027729,0,16,LPLC2_R,LPLC2,orange,dend[1254],1
1845449270,174501739,1,91.456,166.848,221.944,0.733747,2307027729,2307027729,0,16,LPLC2_R,LPLC2,orange,dend[273],0.430268224
1845453234,170624464,1,95.288,162.512,211.688,0.958904,2307027729,2307027729,0,24,LPLC2_R,LPLC2,orange,dend[1115],0.352093556
1845453234,175411309,1,87.808,169.048,224.816,0.913584,2307027729,2307027729,0,24,LPLC2_R,LPLC2,orange,dend[283],0.873705122
1845453234,174757939,1,93.864,162.768,223.088,0.969625,2307027729,2307027729,0,24,LPLC2_R,LPLC2,orange,dend[310],1
1845453234,175798849,1,91.52,169,225.792,0.99612,2307027729,2307027729,0,24,LPLC2_R,LPLC2,orange,dend[264],0.489230441
1845453234,171864778,1,98.72,163.416,214.872,0.88084,2307027729,2307027729,0,24,LPLC2_R,LPLC2,orange,dend[1085],0.521989106
1845453234,171522297,1,106.504,171.672,213.464,0.960943,2307027729,2307027729,0,24,LPLC2_R,LPLC2,orange,dend[1218],0.736579089
1845453234,170705576,1,95.608,162.712,211.776,0.922195,2307027729,2307027729,0,24,LPLC2_R,LPLC2,orange,dend[1115],0.299912662
1845453234,174996720,1,93.872,163.464,223.528,0.918855,2307027729,2307027729,0,24,LPLC2_R,LPLC2,orange,dend[311],0.751061802
1845453234,170624458,1,95.608,162,211.696,0.925836,2307027729,2307027729,0,24,LPLC2_R,LPLC2,orange,dend[1115],0.392519046
1845453234,171306780,1,106.856,172.304,212.904,0.910417,2307027729,2307027729,0,24,LPLC2_R,LPLC2,orange,dend[1217],0.573185201
1845453234,171281773,1,99.056,163.72,213.008,0.280091,2307027729,2307027729,0,24,LPLC2_R,LPLC2,orange,dend[1088],0.641773031
1845453234,171419194,1,99.256,175.056,213.488,0.812989,2307027729,2307027729,0,24,LPLC2_R,LPLC2,orange,dend[1245],0.672742463
1845453234,175939558,1,92.304,167.656,226.32,0.967302,2307027729,2307027729,0,24,LPLC2_R,LPLC2,orange,dend[263],0.542631442
1845453234,170611965,1,95.832,162.832,211.816,0.871137,2307027729,2307027729,0,24,LPLC2_R,LPLC2,orange,dend[1115],0.263920405
1845453234,171165636,1,99.136,163.872,213.032,0.948776,2307027729,2307027729,0,24,LPLC2_R,LPLC2,orange,dend[1088],0.774459648
1845453234,171779474,1,101.504,174.832,214.4,0.994293,2307027729,2307027729,0,24,LPLC2_R,LPLC2,orange,dend[1242],0.507670146
1845453234,171148580,1,106.712,171.832,212.648,0.975919,2307027729,2307027729,0,24,LPLC2_R,LPLC2,orange,dend[1216],1
1845453234,176295818,1,93.864,168.416,228.088,0.962997,2307027729,2307027729,0,24,LPLC2_R,LPLC2,orange,dend[254],1
1845453234,175407869,1,88.296,168.816,224.984,0.984291,2307027729,2307027729,0,24,LPLC2_R,LPLC2,orange,dend[283],0.736692075
1845453234,171323434,1,98.784,175.168,213.352,0.969,2307027729,2307027729,0,24,LPLC2_R,LPLC2,orange,dend[1245],0.893088182
1845453234,174438988,1,92.016,161.72,221.8,0.999805,2307027729,2307027729,0,24,LPLC2_R,LPLC2,orange,dend[313],0.65053301
1845453234,171617623,1,102.12,175.488,214.2,0.976189,2307027729,2307027729,0,24,LPLC2_R,LPLC2,orange,dend[1243],0.678017802
1845453234,172124331,1,98.328,163.184,215.448,0.997746,2307027729,2307027729,0,24,LPLC2_R,LPLC2,orange,dend[1085],0.685982573
1845453234,174383418,1,92.992,162.008,222.144,0.401755,2307027729,2307027729,0,24,LPLC2_R,LPLC2,orange,dend[313],0.313055309
1872033743,171323339,1,103.544,168.256,213.384,0.722535,2307027729,2307027729,0,23,LPLC2_R,LPLC2,orange,dend[1230],1
1872033743,171216231,1,106.456,171.72,213.072,0.996474,2307027729,2307027729,0,23,LPLC2_R,LPLC2,orange,dend[1218],0.501660613
1872033743,173413568,1,100.192,172.248,219.152,0.642061,2307027729,2307027729,0,23,LPLC2_R,LPLC2,orange,dend[1256],0.898141066
1872033743,174130491,1,91.248,161.048,221.376,0.919858,2307027729,2307027729,0,23,LPLC2_R,LPLC2,orange,dend[313],0.990572164
1872033743,175443577,1,90.664,167.216,224.912,0.917964,2307027729,2307027729,0,23,LPLC2_R,LPLC2,orange,dend[282],1
1872033743,170314935,1,100.496,174.072,210.512,0.993546,2307027729,2307027729,0,23,LPLC2_R,LPLC2,orange,dend[1235],0.931395412
1872033743,172798379,1,98.408,169.064,217.568,0.656898,2307027729,2307027729,0,23,LPLC2_R,LPLC2,orange,dend[1254],1
1872033743,170876234,1,99.616,163.608,212.152,0.956767,2307027729,2307027729,0,23,LPLC2_R,LPLC2,orange,dend[1083],1
1872033743,170150411,1,100.568,174.336,210.424,0.45295244,2307027729,2307027729,0,23,LPLC2_R,LPLC2,orange,dend[1235],0.996778206
1872033743,173303147,1,100.064,172.112,219.16,0.98192,2307027729,2307027729,0,23,LPLC2_R,LPLC2,orange,dend[1256],0.863603632
1872033743,168680418,1,95.2,161.328,206.592,0.867475,2307027729,2307027729,0,23,LPLC2_R,LPLC2,orange,dend[1068],0.452395117
1872033743,170998545,1,98.912,162.904,212.856,0.837117,2307027729,2307027729,0,23,LPLC2_R,LPLC2,orange,dend[1085],0.098944829
1872033743,170823240,1,99.616,163.56,211.888,0.695,2307027729,2307027729,0,23,LPLC2_R,LPLC2,orange,dend[1083],1
1872033743,171182608,1,106.768,172.416,212.92,0.936473,2307027729,2307027729,0,23,LPLC2_R,LPLC2,orange,dend[1217],0.627301808
1872033743,175907154,1,94.736,168.936,226.064,0.741151,2307027729,2307027729,0,23,LPLC2_R,LPLC2,orange,dend[259],0.253494154
1872033743,173092421,1,100.016,171.264,218.264,0.966544,2307027729,2307027729,0,23,LPLC2_R,LPLC2,orange,dend[1256],0.568870922
1872033743,169479709,1,93.712,157.736,208.544,0.991724,2307027729,2307027729,0,23,LPLC2_R,LPLC2,orange,dend[1071],0.983009747
1872033743,168774015,1,94.792,161.584,206.616,0.822349,2307027729,2307027729,0,23,LPLC2_R,LPLC2,orange,dend[1068],0.585245729
1872033743,175186790,1,90.384,166.768,223.96,0.997455,2307027729,2307027729,0,23,LPLC2_R,LPLC2,orange,dend[284],0.238802391
1872033743,171045021,1,106.768,172.256,212.576,0.977411,2307027729,2307027729,0,23,LPLC2_R,LPLC2,orange,dend[1216],1
1872033743,171089198,1,99.328,163.256,212.752,0.925598,2307027729,2307027729,0,23,LPLC2_R,LPLC2,orange,dend[1085],0.030605221
1872033743,175085860,1,90.632,166.776,223.888,0.998884,2307027729,2307027729,0,23,LPLC2_R,LPLC2,orange,dend[284],0.223084491
1872033743,170897148,1,99.392,163.512,212.456,0.976572,2307027729,2307027729,0,23,LPLC2_R,LPLC2,orange,dend[1084],0.693654522
1876147388,175915197,1,94.736,170.96,226.48,0.988619,2307027729,2307027729,0,16,LPLC2_R,LPLC2,orange,dend[261],0.284632805
1876147388,174465381,1,91.616,166.872,222.088,0.924259,2307027729,2307027729,0,16,LPLC2_R,LPLC2,orange,dend[273],0.275705421
1876147388,171708423,1,99.616,168.048,214.768,0.920649,2307027729,2307027729,0,16,LPLC2_R,LPLC2,orange,dend[1249],1
1876147388,176112352,1,87.992,165.328,227.224,0.946046,2307027729,2307027729,0,16,LPLC2_R,LPLC2,orange,dend[288],0.315422076
1876147388,176054362,1,87.736,165.92,227.072,0.503233,2307027729,2307027729,0,16,LPLC2_R,LPLC2,orange,dend[289],0.620154392
1876147388,176118685,1,93.64,169.408,227.224,0.583,2307027729,2307027729,0,16,LPLC2_R,LPLC2,orange,dend[260],0.274699142
1876147388,176167126,1,93.48,169.672,227.232,0.947503,2307027729,2307027729,0,16,LPLC2_R,LPLC2,orange,dend[260],0.39222847
1876147388,176289663,1,91.264,165.688,227.784,0.899859,2307027729,2307027729,0,16,LPLC2_R,LPLC2,orange,dend[286],0.415099902
1876147388,176652277,1,93.856,169.456,228.64,0.992255,2307027729,2307027729,0,16,LPLC2_R,LPLC2,orange,dend[256],0.549092404
1876147388,176257517,1,94.208,169.552,227.424,0.925426,2307027729,2307027729,0,16,LPLC2_R,LPLC2,orange,dend[258],0.530504124
1876147388,176467379,1,93.648,168.912,228.2,0.545127,2307027729,2307027729,0,16,LPLC2_R,LPLC2,orange,dend[255],0.404216893
1876147388,176018464,1,94.688,170.616,227.136,0.998017,2307027729,2307027729,0,16,LPLC2_R,LPLC2,orange,dend[261],0.139684234
1876147388,168799600,1,93.6,166.976,206.872,0.994107,2307027729,2307027729,0,16,LPLC2_R,LPLC2,orange,dend[1103],0.61632937
1876147388,169938002,1,92.552,162.096,209.904,0.930517,2307027729,2307027729,0,16,LPLC2_R,LPLC2,orange,dend[1073],1
1876147388,176018463,1,94.944,170.536,227.12,0.970507,2307027729,2307027729,0,16,LPLC2_R,LPLC2,orange,dend[261],0.155383265
1876147388,171262297,1,93.32,161.232,213.416,0.999977,2307027729,2307027729,0,16,LPLC2_R,LPLC2,orange,dend[1115],0.922466207
1876147437,174043919,1,91.856,169.888,220.72,0.9798,2307027729,2307027729,0,11,LPLC2_R,LPLC2,orange,dend[269],0.643674694
1876147437,168711352,1,91.344,163.184,207.144,0.818443,2307027729,2307027729,0,11,LPLC2_R,LPLC2,orange,dend[1075],0.471843635
1876147437,169937997,1,99.4,161.632,209.92,0.885618,2307027729,2307027729,0,11,LPLC2_R,LPLC2,orange,dend[1080],0.772420408
1876147437,169824470,1,95.032,168.528,209.744,0.922371,2307027729,2307027729,0,11,LPLC2_R,LPLC2,orange,dend[1108],0.968935322
1876147437,175443600,1,89.464,167.96,224.968,0.85473,2307027729,2307027729,0,11,LPLC2_R,LPLC2,orange,dend[283],0.390476905
1876147437,168905501,1,90.88,163.352,207.344,0.982058,2307027729,2307027729,0,11,LPLC2_R,LPLC2,orange,dend[1075],0.569305898
1876147437,174007942,1,91.92,169.864,221.024,0.941255,2307027729,2307027729,0,11,LPLC2_R,LPLC2,orange,dend[269],0.549074915
1876147437,169991116,1,98.688,161.424,210.08,0.835641,2307027729,2307027729,0,11,LPLC2_R,LPLC2,orange,dend[1080],0.975503331
1876147437,175061049,1,90.464,167.176,223.8,0.856832,2307027729,2307027729,0,11,LPLC2_R,LPLC2,orange,dend[284],0.239175955
1876147437,175496248,1,88.336,168.592,225.064,0.992263,2307027729,2307027729,0,11,LPLC2_R,LPLC2,orange,dend[283],0.694939073
1876147437,174692461,1,91.68,167.688,222.56,0.999286,2307027729,2307027729,0,11,LPLC2_R,LPLC2,orange,dend[272],0.588519359
1876484146,175060472,1,95.36,171.136,224.168,0.996932,2307027729,2307027729,0,14,LPLC2_R,LPLC2,orange,dend[261],0.766227207
1876484146,173450972,1,91.76,165.776,219.104,0.983095,2307027729,2307027729,0,14,LPLC2_R,LPLC2,orange,dend[274],0.555116496
1876484146,175488681,1,94.824,171.208,224.928,0.997426,2307027729,2307027729,0,14,LPLC2_R,LPLC2,orange,dend[261],0.592999033
1876484146,169387864,1,92.984,160.488,208.592,0.987541,2307027729,2307027729,0,14,LPLC2_R,LPLC2,orange,dend[1071],0.21957694
1876484146,170778520,1,96.528,170.256,211.96,0.729834,2307027729,2307027729,0,14,LPLC2_R,LPLC2,orange,dend[1098],1
1876484146,172184430,1,102.2,172.808,215.784,0.797242,2307027729,2307027729,0,14,LPLC2_R,LPLC2,orange,dend[1239],0.477492854
1876484146,174858588,1,96.16,170.952,223.296,0.45747,2307027729,2307027729,0,14,LPLC2_R,LPLC2,orange,dend[261],0.971655784
1876484146,172206191,1,101.728,171.872,215.432,0.954884,2307027729,2307027729,0,14,LPLC2_R,LPLC2,orange,dend[1240],0.696678699
1876484146,175637619,1,94.736,171.232,225.376,0.924733,2307027729,2307027729,0,14,LPLC2_R,LPLC2,orange,dend[261],0.505283777
1876484146,174252632,1,91.192,161.272,221.384,0.965202,2307027729,2307027729,0,14,LPLC2_R,LPLC2,orange,dend[313],0.973966498
1876484146,173146039,1,100.216,171.44,218.456,0.810619,2307027729,2307027729,0,14,LPLC2_R,LPLC2,orange,dend[1256],0.64402812
1876484146,170762554,1,97.248,169.944,212.024,0.923137,2307027729,2307027729,0,14,LPLC2_R,LPLC2,orange,dend[1098],0.898971924
1876484146,170364369,1,100.464,173.608,210.592,0.763204,2307027729,2307027729,0,14,LPLC2_R,LPLC2,orange,dend[1235],0.807636674
1876484146,172254766,1,102.264,172.952,215.776,0.697357,2307027729,2307027729,0,14,LPLC2_R,LPLC2,orange,dend[1239],0.546919999
1876492837,170028801,1,94.928,165.712,209.92,0.955813,2307027729,2307027729,0,11,LPLC2_R,LPLC2,orange,dend[1118],0.531567604
1876492837,170599912,1,95.608,165.584,211.448,0.996964,2307027729,2307027729,0,11,LPLC2_R,LPLC2,orange,dend[1114],0.248159557
1876492837,170061432,1,95.616,165.848,210.256,0.914976,2307027729,2307027729,0,11,LPLC2_R,LPLC2,orange,dend[1118],0.191329614
1876492837,170778310,1,97.384,169.616,211.624,0.994377,2307027729,2307027729,0,11,LPLC2_R,LPLC2,orange,dend[1098],0.804712474
1876492837,170296016,1,95.336,165.096,211.104,0.751454,2307027729,2307027729,0,11,LPLC2_R,LPLC2,orange,dend[1114],0.24907003
1876492837,170286157,1,96.016,165.44,210.792,0.978,2307027729,2307027729,0,11,LPLC2_R,LPLC2,orange,dend[1112],1
1876492837,170858473,1,97.248,169.936,212.024,0.910466,2307027729,2307027729,0,11,LPLC2_R,LPLC2,orange,dend[1098],0.898095072
1876492837,176321450,1,94.72,170.936,227.288,0.997644,2307027729,2307027729,0,11,LPLC2_R,LPLC2,orange,dend[261],0.132212544
1876492837,170427532,1,95.672,165.656,211.352,0.905615,2307027729,2307027729,0,11,LPLC2_R,LPLC2,orange,dend[1114],0.469544457
1876492837,170261263,1,96.152,166.376,210.48,0.967084,2307027729,2307027729,0,11,LPLC2_R,LPLC2,orange,dend[1106],1
1876492837,173341957,1,91.424,165.56,218.776,0.80423,2307027729,2307027729,0,11,LPLC2_R,LPLC2,orange,dend[274],0.662487125
1938195143,170185794,1,98.384,168.488,210.56,0.911,2307027729,2307027729,0,9,LPLC2_R,LPLC2,orange,dend[1098],0.453509951
1938195143,171796186,1,100.704,174.232,214.496,0.963264,2307027729,2307027729,0,9,LPLC2_R,LPLC2,orange,dend[1242],0.076400573
1938195143,170127968,1,98.568,168.528,210.592,0.999748,2307027729,2307027729,0,9,LPLC2_R,LPLC2,orange,dend[1098],0.440432225
1938195143,170210479,1,98.784,168.296,210.496,0.999,2307027729,2307027729,0,9,LPLC2_R,LPLC2,orange,dend[1098],0.380190792
1938195143,174529598,1,91.904,167.328,222.192,0.985153,2307027729,2307027729,0,9,LPLC2_R,LPLC2,orange,dend[272],1
1938195143,174301783,1,91.784,167.152,221.984,0.990788,2307027729,2307027729,0,9,LPLC2_R,LPLC2,orange,dend[273],0.234440064
1938195143,170848675,1,95.176,162.056,212.2,0.952689,2307027729,2307027729,0,9,LPLC2_R,LPLC2,orange,dend[1115],0.483166687
1938195143,174500981,1,94.384,165.712,222.152,0.903873,2307027729,2307027729,0,9,LPLC2_R,LPLC2,orange,dend[280],0.932502389
1938195143,170966273,1,94.848,161.864,212.288,0.999165,2307027729,2307027729,0,9,LPLC2_R,LPLC2,orange,dend[1115],0.553837509
2059978318,169672253,1,98.848,172.264,209.408,0.847557,2307027729,2307027729,0,5,LPLC2_R,LPLC2,orange,dend[1258],1
2059978318,173514437,1,91.472,166.632,219.744,0.934711,2307027729,2307027729,0,5,LPLC2_R,LPLC2,orange,dend[274],0.33583935
2059978318,173431142,1,91.28,166.112,219.128,0.335139,2307027729,2307027729,0,5,LPLC2_R,LPLC2,orange,dend[274],0.532930476
2059978318,173432772,1,91.584,166.456,219.536,0.533575,2307027729,2307027729,0,5,LPLC2_R,LPLC2,orange,dend[274],0.395824149
2059978318,169933785,1,96.888,165.752,209.76,0.723599,2307027729,2307027729,0,5,LPLC2_R,LPLC2,orange,dend[1104],0.71888583
5812987894,172907725,1,100.104,170.312,217.92,0.855039,2307027729,2307027729,0,29,LPLC2_R,LPLC2,orange,dend[1256],0.339672916
5812987894,176461355,1,115.992,174.936,228.328,0.706354,2307027729,2307027729,0,29,LPLC2_R,LPLC2,orange,dend[387],0.946603971
5812987894,170364367,1,103.288,173.336,210.696,0.76175,2307027729,2307027729,0,29,LPLC2_R,LPLC2,orange,dend[1260],0.483490622
5812987894,174467851,1,91.584,166.8,222,0.739309,2307027729,2307027729,0,29,LPLC2_R,LPLC2,orange,dend[273],0.363893645
5812987894,169651255,1,103.56,173.776,209.232,0.975375,2307027729,2307027729,0,29,LPLC2_R,LPLC2,orange,dend[1221],0.273390214
5812987894,174817979,1,91.992,167.624,223.24,0.994313,2307027729,2307027729,0,29,LPLC2_R,LPLC2,orange,dend[266],0.926960176
5812987894,176324946,1,112.536,176.632,227.704,0.93515,2307027729,2307027729,0,29,LPLC2_R,LPLC2,orange,dend[391],0.894903978
5812987894,173212102,1,100.2,170.872,218.224,0.72367,2307027729,2307027729,0,29,LPLC2_R,LPLC2,orange,dend[1256],0.498826532
5812987894,176451635,1,112.576,176.744,228.12,0.885123,2307027729,2307027729,0,29,LPLC2_R,LPLC2,orange,dend[391],0.831459881
5812987894,176645336,1,113.712,175.68,228.992,0.940902,2307027729,2307027729,0,29,LPLC2_R,LPLC2,orange,dend[394],0.950380429
5812987894,169470793,1,101.536,162.872,208.8,0.99979,2307027729,2307027729,0,29,LPLC2_R,LPLC2,orange,dend[1079],1
5812987894,176794691,1,114.176,175.016,229.56,0.839876,2307027729,2307027729,0,29,LPLC2_R,LPLC2,orange,dend[390],0.395606445
5812987894,169475840,1,100.768,162.416,208.936,0.865298,2307027729,2307027729,0,29,LPLC2_R,LPLC2,orange,dend[1080],0.259936494
5812987894,176288237,1,118.016,174.768,227.568,0.81947,2307027729,2307027729,0,29,LPLC2_R,LPLC2,orange,dend[381],1
5812987894,171901460,1,101.472,174.696,214.576,0.966905,2307027729,2307027729,0,29,LPLC2_R,LPLC2,orange,dend[1242],0.493166177
5812987894,176287456,1,118.312,174.664,227.384,0.833826,2307027729,2307027729,0,29,LPLC2_R,LPLC2,orange,dend[381],1
5812987894,169644216,1,100.856,162.6,208.976,0.96151,2307027729,2307027729,0,29,LPLC2_R,LPLC2,orange,dend[1080],0.235381874
5812987894,176358766,1,119,174.208,228.088,0.904895,2307027729,2307027729,0,29,LPLC2_R,LPLC2,orange,dend[381],0.818964348
5812987894,169833473,1,102.136,162.768,209.584,0.976088,2307027729,2307027729,0,29,LPLC2_R,LPLC2,orange,dend[1081],0.150280122
5812987894,170820432,1,94.952,162.76,211.96,1,2307027729,2307027729,0,29,LPLC2_R,LPLC2,orange,dend[1115],0.38073645
5812987894,176288225,1,118.048,174.312,227.56,0.997826,2307027729,2307027729,0,29,LPLC2_R,LPLC2,orange,dend[381],0.960593371
5812987894,174806858,1,95.824,171.224,223.344,0.959793,2307027729,2307027729,0,29,LPLC2_R,LPLC2,orange,dend[261],0.955728404
5812987894,170651404,1,95.072,163.648,211.512,0.543783,2307027729,2307027729,0,29,LPLC2_R,LPLC2,orange,dend[1115],0.194297257
5812987894,171647617,1,102.192,175.352,214.312,0.996021,2307027729,2307027729,0,29,LPLC2_R,LPLC2,orange,dend[1242],0.878568322
5812987894,175553095,1,94.528,171.304,225.648,0.955479,2307027729,2307027729,0,29,LPLC2_R,LPLC2,orange,dend[261],0.444871216
5812987894,170466487,1,95.056,163.24,211.448,0.996469,2307027729,2307027729,0,29,LPLC2_R,LPLC2,orange,dend[1115],0.247082909
5812987894,174790850,1,92.144,169.096,223.032,0.987392,2307027729,2307027729,0,29,LPLC2_R,LPLC2,orange,dend[268],0.492471052
5812987894,174750448,1,92.28,169.128,222.896,0.981,2307027729,2307027729,0,29,LPLC2_R,LPLC2,orange,dend[268],0.504549855
5812987894,176017261,1,94.632,171.096,226.424,0.962578,2307027729,2307027729,0,29,LPLC2_R,LPLC2,orange,dend[261],0.2958576
5812996383,170431151,1,103.216,170.944,210.816,0.9626,2307027729,2307027729,0,14,LPLC2,LPLC2,orange,dend[1226],1
5812996383,176361086,1,91.32,165.624,227.744,0.960339,2307027729,2307027729,0,14,LPLC2,LPLC2,orange,dend[286],0.403607804
5812996383,175030926,1,90.208,166.176,223.528,0.5031,2307027729,2307027729,0,14,LPLC2,LPLC2,orange,dend[284],0.376861669
5812996383,170926389,1,94.328,165.128,212.144,0.999256,2307027729,2307027729,0,14,LPLC2,LPLC2,orange,dend[1116],0.754522477
5812996383,175606295,1,90.512,165.736,225.16,0.973575,2307027729,2307027729,0,14,LPLC2,LPLC2,orange,dend[285],0.395403745
5812996383,169401345,1,90.104,165.424,208.616,0.9851,2307027729,2307027729,0,14,LPLC2,LPLC2,orange,dend[1077],0.72176251
5812996383,175467555,1,90.664,166.248,225.216,0.994395,2307027729,2307027729,0,14,LPLC2,LPLC2,orange,dend[285],0.248776819
5812996383,170404426,1,103.92,170.488,210.648,0.976489,2307027729,2307027729,0,14,LPLC2,LPLC2,orange,dend[1232],0.637968881
5812996383,170945383,1,94.448,165.12,212.576,0.994344,2307027729,2307027729,0,14,LPLC2,LPLC2,orange,dend[1116],0.892901098
5812996383,170517716,1,102.824,170.264,211.224,0.99514,2307027729,2307027729,0,14,LPLC2,LPLC2,orange,dend[1227],0.316683509
5812996383,170561547,1,101.984,171.96,211.56,0.994257,2307027729,2307027729,0,14,LPLC2,LPLC2,orange,dend[1234],1
5812996383,170390585,1,102.616,170.496,211.08,0.932041,2307027729,2307027729,0,14,LPLC2,LPLC2,orange,dend[1227],0.24231611
5812996383,172301335,1,101.384,171.816,215.584,0.772626,2307027729,2307027729,0,14,LPLC2,LPLC2,orange,dend[1240],0.891647566
5812996383,176463106,1,91.528,165.744,227.792,0.915302,2307027729,2307027729,0,14,LPLC2,LPLC2,orange,dend[286],0.356720662
5812998825,174306552,1,93.744,162.888,221.936,0.747967,2307027729,2307027729,0,6,LPLC2,LPLC2,orange,dend[312],1
5812998825,168411557,1,95.88,161.352,205.992,0.999815,2307027729,2307027729,0,6,LPLC2,LPLC2,orange,dend[1068],0.138247824
5812998825,172043328,1,98.104,170.688,215.536,0.924177,2307027729,2307027729,0,6,LPLC2,LPLC2,orange,dend[1251],1
5812998825,171502680,1,101.664,172.552,214.024,0.921494,2307027729,2307027729,0,6,LPLC2,LPLC2,orange,dend[1238],0.508775625
5812998825,171156575,1,103.896,172.696,212.768,0.934243,2307027729,2307027729,0,6,LPLC2,LPLC2,orange,dend[1259],0.620778761
5812998825,172138482,1,98.488,169.624,215.408,0.933529,2307027729,2307027729,0,6,LPLC2,LPLC2,orange,dend[1253],0.86712607
5812999264,171460203,1,98.72,163.192,213.784,0.95705,2307027729,2307027729,0,18,LPLC2_R,LPLC2,orange,dend[1085],0.295087597
5812999264,174635760,1,93.16,165.096,222.824,0.975163,2307027729,2307027729,0,18,LPLC2_R,LPLC2,orange,dend[279],0.991744864
5812999264,170171466,1,102.8,175.376,210.328,0.96741,2307027729,2307027729,0,18,LPLC2_R,LPLC2,orange,dend[1221],0.96088543
5812999264,169889535,1,96.632,164.632,209.664,0.881,2307027729,2307027729,0,18,LPLC2_R,LPLC2,orange,dend[1105],0.765049577
5812999264,170324480,1,100.432,173.864,210.656,0.92558,2307027729,2307027729,0,18,LPLC2_R,LPLC2,orange,dend[1235],0.871407435
5812999264,175311932,1,89.72,163.656,224.784,0.830118,2307027729,2307027729,0,18,LPLC2_R,LPLC2,orange,dend[285],1
5812999264,169894270,1,92.744,162.016,209.896,0.975438,2307027729,2307027729,0,18,LPLC2_R,LPLC2,orange,dend[1073],1
5812999264,171673749,1,98.536,163.128,214.256,0.851331,2307027729,2307027729,0,18,LPLC2_R,LPLC2,orange,dend[1085],0.413876568
5812999264,170540765,1,98.416,168.624,211.168,0.961,2307027729,2307027729,0,18,LPLC2_R,LPLC2,orange,dend[1098],0.529941138
5812999264,170228744,1,100.56,174.36,210.368,0.905788,2307027729,2307027729,0,18,LPLC2_R,LPLC2,orange,dend[1235],1
5812999264,170036680,1,96.608,165.232,209.984,0.99123,2307027729,2307027729,0,18,LPLC2_R,LPLC2,orange,dend[1104],0.888675383
5812999264,170504287,1,98.512,168.384,211.168,0.99213,2307027729,2307027729,0,18,LPLC2_R,LPLC2,orange,dend[1098],0.492735751
5812999264,173592771,1,100.24,172.48,219.392,0.801841,2307027729,2307027729,0,18,LPLC2_R,LPLC2,orange,dend[1256],0.980475628
5812999264,174600323,1,93.296,165.648,222.528,0.977738,2307027729,2307027729,0,18,LPLC2_R,LPLC2,orange,dend[279],0.707886895
5812999264,169792694,1,96.656,164.584,209.672,0.47868815,2307027729,2307027729,0,18,LPLC2_R,LPLC2,orange,dend[1105],0.800149859
5812999264,169341809,1,93.2,160.24,208.408,0.996113,2307027729,2307027729,0,18,LPLC2_R,LPLC2,orange,dend[1071],0.292821262
5812999264,171198138,1,98.784,163.008,213.256,0.298879,2307027729,2307027729,0,18,LPLC2_R,LPLC2,orange,dend[1085],0.187124026
5812999264,170109098,1,95.968,164.488,210.528,0.916207,2307027729,2307027729,0,18,LPLC2_R,LPLC2,orange,dend[1117],0.935540913
5813034151,175078530,1,95.632,167.872,223.88,0.821275,2307027729,2307027729,0,15,LPLC2_R,LPLC2,orange,dend[259],0.660473273
5813034151,170420635,1,98.272,168.632,211.112,0.904131,2307027729,2307027729,0,15,LPLC2_R,LPLC2,orange,dend[1098],0.54116635
5813034151,170420600,1,95.944,167.048,211.08,0.873543,2307027729,2307027729,0,15,LPLC2_R,LPLC2,orange,dend[1107],0.822168068
5813034151,170345566,1,102.984,170.624,210.896,0.982336,2307027729,2307027729,0,15,LPLC2_R,LPLC2,orange,dend[1227],0.136878094
5813034151,175496170,1,89.76,164.216,224.976,0.999747,2307027729,2307027729,0,15,LPLC2_R,LPLC2,orange,dend[285],0.861054975
5813034151,170153426,1,103.368,170.728,210.576,0.88675,2307027729,2307027729,0,15,LPLC2_R,LPLC2,orange,dend[1232],0.335726511
5813034151,174274516,1,92.216,169.824,221.696,0.885974,2307027729,2307027729,0,15,LPLC2_R,LPLC2,orange,dend[269],0.326237713
5813034151,170958753,1,99.664,165.52,212.4,0.994626,2307027729,2307027729,0,15,LPLC2_R,LPLC2,orange,dend[1090],0.720086494
5813034151,170440011,1,96,167,210.992,0.993273,2307027729,2307027729,0,15,LPLC2_R,LPLC2,orange,dend[1107],0.761359222
5813034151,175493774,1,90.448,165.264,225.224,0.491054,2307027729,2307027729,0,15,LPLC2_R,LPLC2,orange,dend[285],0.52252223
5813034151,175409925,1,90.104,164.104,224.84,0.99249,2307027729,2307027729,0,15,LPLC2_R,LPLC2,orange,dend[285],0.855543215
5813034151,174578153,1,92.304,170.064,222.528,0.751253,2307027729,2307027729,0,15,LPLC2_R,LPLC2,orange,dend[268],0.907022933
5813034151,170348620,1,98.304,168.56,210.704,0.986332,2307027729,2307027729,0,15,LPLC2_R,LPLC2,orange,dend[1098],0.485916968
5813034151,175605895,1,90.16,164.96,225.28,0.974044,2307027729,2307027729,0,15,LPLC2_R,LPLC2,orange,dend[285],0.629203037
5813034151,170323405,1,103.704,170.416,210.56,0.93676,2307027729,2307027729,0,15,LPLC2_R,LPLC2,orange,dend[1232],0.646954865
5813038769,172895136,1,90.56,165.712,217.592,0.973718,2307027729,2307027729,0,30,LPLC2_R,LPLC2,orange,dend[274],0.940462832
5813038769,174808456,1,95.888,170.984,223.088,0.796752,2307027729,2307027729,0,30,LPLC2_R,LPLC2,orange,dend[261],0.993654647
5813038769,172413585,1,102,174.024,216.664,0.9007,2307027729,2307027729,0,30,LPLC2_R,LPLC2,orange,dend[1239],1
5813038769,169231241,1,99.272,164.912,207.96,0.983504,2307027729,2307027729,0,30,LPLC2_R,LPLC2,orange,dend[1100],0.227668668
5813038769,171827703,1,100.512,174.128,214.56,0.842336,2307027729,2307027729,0,30,LPLC2_R,LPLC2,orange,dend[1242],0.012984464
5813038769,170824407,1,95,162.04,212.176,0.998205,2307027729,2307027729,0,30,LPLC2_R,LPLC2,orange,dend[1115],0.501118014
5813038769,169998085,1,99.44,164.856,209.712,0.942393,2307027729,2307027729,0,30,LPLC2_R,LPLC2,orange,dend[1091],1
5813038769,171716808,1,98.8,163.408,214.536,0.967552,2307027729,2307027729,0,30,LPLC2_R,LPLC2,orange,dend[1085],0.443692516
5813038769,175361798,1,94.88,171.336,224.776,0.45644265,2307027729,2307027729,0,30,LPLC2_R,LPLC2,orange,dend[261],0.63243144
5813038769,171777851,1,98.56,163.072,214.416,0.947075,2307027729,2307027729,0,30,LPLC2_R,LPLC2,orange,dend[1085],0.452316459
5813038769,170732493,1,95.352,162.352,212.072,0.990215,2307027729,2307027729,0,30,LPLC2_R,LPLC2,orange,dend[1115],0.409203009
5813038769,170579623,1,95.096,162.568,211.552,0.982708,2307027729,2307027729,0,30,LPLC2_R,LPLC2,orange,dend[1115],0.349512581
5813038769,169987766,1,103.696,174.608,209.6,0.996979,2307027729,2307027729,0,30,LPLC2_R,LPLC2,orange,dend[1221],0.531067263
5813038769,171342604,1,99.008,163.232,213.4,0.956746,2307027729,2307027729,0,30,LPLC2_R,LPLC2,orange,dend[1085],0.19250745
5813038769,175402334,1,94.952,171.488,225.12,0.866162,2307027729,2307027729,0,30,LPLC2_R,LPLC2,orange,dend[261],0.582298038
5813038769,170174071,1,104.12,173.816,210.592,0.565246,2307027729,2307027729,0,30,LPLC2_R,LPLC2,orange,dend[1260],0.90525375
5813038769,175588944,1,94.656,171.808,225.672,0.99387,2307027729,2307027729,0,30,LPLC2_R,LPLC2,orange,dend[261],0.478341083
5813038769,170057867,1,103.456,174.984,209.856,0.994516,2307027729,2307027729,0,30,LPLC2_R,LPLC2,orange,dend[1221],0.70226725
5813038769,175368677,1,87.736,169.072,224.872,0.955822,2307027729,2307027729,0,30,LPLC2_R,LPLC2,orange,dend[283],0.888412715
5813038769,174252657,1,94.624,162.768,221.424,0.955297,2307027729,2307027729,0,30,LPLC2_R,LPLC2,orange,dend[314],0.783800785
5813038769,169290107,1,98.568,165.296,208.344,0.531046,2307027729,2307027729,0,30,LPLC2_R,LPLC2,orange,dend[1100],0.597233491
5813038769,171674250,1,101.136,167.288,214.384,0.980758,2307027729,2307027729,0,30,LPLC2_R,LPLC2,orange,dend[1231],1
5813038769,170230901,1,103.96,173.696,210.536,0.756871,2307027729,2307027729,0,30,LPLC2_R,LPLC2,orange,dend[1260],0.78715633
5813038769,174504898,1,93.16,161.656,222.024,0.931836,2307027729,2307027729,0,30,LPLC2_R,LPLC2,orange,dend[313],0.325289494
5813038769,171716799,1,98.448,163.016,214.752,0.861145,2307027729,2307027729,0,30,LPLC2_R,LPLC2,orange,dend[1085],0.536680291
5813038769,174306009,1,92.072,161.592,221.568,0.976536,2307027729,2307027729,0,30,LPLC2_R,LPLC2,orange,dend[313],0.670949919
5813038769,172768479,1,90.664,165.496,217.528,0.935618,2307027729,2307027729,0,30,LPLC2_R,LPLC2,orange,dend[274],0.973095626
5813038769,175873437,1,90.864,170.08,226.432,0.909667,2307027729,2307027729,0,30,LPLC2_R,LPLC2,orange,dend[264],0.878950114
5813038769,175973835,1,93.008,170.136,226.696,0.961762,2307027729,2307027729,0,30,LPLC2_R,LPLC2,orange,dend[260],0.774601931
5813038769,174250842,1,92.792,161.928,221.864,0.945957,2307027729,2307027729,0,30,LPLC2_R,LPLC2,orange,dend[313],0.40135344
5813038821,169717672,1,91.736,161.28,208.984,0.992798,2307027729,2307027729,0,21,LPLC2_R,LPLC2,orange,dend[1074],0.157741087
5813038821,175085515,1,96.088,168.08,224.128,0.960306,2307027729,2307027729,0,21,LPLC2_R,LPLC2,orange,dend[259],0.634243697
5813038821,170778244,1,95.648,165.672,211.496,0.898071,2307027729,2307027729,0,21,LPLC2_R,LPLC2,orange,dend[1114],0.34406334
5813038821,170624650,1,101,170.712,211.672,0.696629,2307027729,2307027729,0,21,LPLC2_R,LPLC2,orange,dend[1247],0.978782373
5813038821,175950777,1,92.928,167.56,226.848,0.997447,2307027729,2307027729,0,21,LPLC2_R,LPLC2,orange,dend[262],0.990427685
5813038821,174864759,1,92.576,167.176,223.28,0.69684,2307027729,2307027729,0,21,LPLC2_R,LPLC2,orange,dend[266],1
5813038821,169988721,1,101.672,172.104,210.048,0.997863,2307027729,2307027729,0,21,LPLC2_R,LPLC2,orange,dend[1258],0.249671924
5813038821,169470777,1,91.832,161.392,208.88,0.955907,2307027729,2307027729,0,21,LPLC2_R,LPLC2,orange,dend[1074],0.09414689
5813038821,170892642,1,96.008,167.192,212.536,0.886562,2307027729,2307027729,0,21,LPLC2_R,LPLC2,orange,dend[1110],0.990182262
5813038821,170415198,1,95.888,165.088,211.104,0.757615,2307027729,2307027729,0,21,LPLC2_R,LPLC2,orange,dend[1113],0.933102932
5813038821,170404418,1,104.088,170.392,210.672,0.961864,2307027729,2307027729,0,21,LPLC2_R,LPLC2,orange,dend[1232],0.740316589
5813038821,175061061,1,92.408,167.904,223.784,0.800913,2307027729,2307027729,0,21,LPLC2_R,LPLC2,orange,dend[266],0.764921597
5813038821,170361232,1,103.616,172.168,210.68,0.809086,2307027729,2307027729,0,21,LPLC2_R,LPLC2,orange,dend[1224],1
5813038821,176144825,1,92.592,167.456,227.496,0.839949,2307027729,2307027729,0,21,LPLC2_R,LPLC2,orange,dend[262],0.949272015
5813038821,169912445,1,90.328,160.432,209.936,0.930222,2307027729,2307027729,0,21,LPLC2_R,LPLC2,orange,dend[1074],0.836343472
5813038821,175600126,1,89.912,167.2,225.152,0.935181,2307027729,2307027729,0,21,LPLC2_R,LPLC2,orange,dend[283],0.190800118
5813038821,170286780,1,90.36,160.272,210.432,0.885472,2307027729,2307027729,0,21,LPLC2_R,LPLC2,orange,dend[1074],0.959711585
5813038821,174542511,1,92.144,169.536,222.368,0.811774,2307027729,2307027729,0,21,LPLC2_R,LPLC2,orange,dend[268],0.693329921
5813038821,171372811,1,99.456,169.16,213.416,0.749,2307027729,2307027729,0,21,LPLC2_R,LPLC2,orange,dend[1249],0.460146824
5813038821,169859138,1,90.568,160.768,209.6,0.965068,2307027729,2307027729,0,21,LPLC2_R,LPLC2,orange,dend[1074],0.651982399
5813038821,175485010,1,90.616,167.128,225.032,0.968175,2307027729,2307027729,0,21,LPLC2_R,LPLC2,orange,dend[282],1
5813038822,169647457,1,99.848,167.144,209.032,0.986694,2307027729,2307027729,0,16,LPLC2,LPLC2,orange,dend[1097],0.923031448
5813038822,171520484,1,92.92,160.968,213.896,0.972338,2307027729,2307027729,0,16,LPLC2,LPLC2,orange,dend[1115],1
5813038822,171021836,1,103.68,172.848,212.672,0.865537,2307027729,2307027729,0,16,LPLC2,LPLC2,orange,dend[1259],0.595432298
5813038822,170605079,1,102.656,172.36,211.36,0.874204,2307027729,2307027729,0,16,LPLC2,LPLC2,orange,dend[1234],0.591699543
5813038822,171799985,1,102.04,172.144,214.544,0.95598,2307027729,2307027729,0,16,LPLC2,LPLC2,orange,dend[1238],0.790805054
5813038822,176295822,1,94.152,168.824,228.088,0.998614,2307027729,2307027729,0,16,LPLC2,LPLC2,orange,dend[257],0.351580289
5813038822,169749096,1,97.688,165.368,209.016,0.996419,2307027729,2307027729,0,16,LPLC2,LPLC2,orange,dend[1104],0.181840606
5813038822,176222631,1,94.52,169.272,227.256,0.977578,2307027729,2307027729,0,16,LPLC2,LPLC2,orange,dend[258],0.970088658
5813038822,170148848,1,95.928,167.304,210.416,0.938507,2307027729,2307027729,0,16,LPLC2,LPLC2,orange,dend[1108],0.244639614
5813038822,170847618,1,95.864,167.44,212.176,0.991447,2307027729,2307027729,0,16,LPLC2,LPLC2,orange,dend[1109],0.819482042
5813038822,171786245,1,99.432,168.664,214.504,0.999521,2307027729,2307027729,0,16,LPLC2,LPLC2,orange,dend[1249],0.759999405
5813038822,171952896,1,101.848,171.952,214.84,0.475227,2307027729,2307027729,0,16,LPLC2,LPLC2,orange,dend[1238],0.90327435
5813038822,170153348,1,96.272,167,210.672,0.984891,2307027729,2307027729,0,16,LPLC2,LPLC2,orange,dend[1107],0.61722401
5813038822,170555974,1,95.752,167.352,211.4,0.720241,2307027729,2307027729,0,16,LPLC2,LPLC2,orange,dend[1107],1
5813038822,170253965,1,95.952,167.24,210.752,0.553407,2307027729,2307027729,0,16,LPLC2,LPLC2,orange,dend[1107],0.789516555
5813038822,175502396,1,90.016,167.912,225.352,0.291142,2307027729,2307027729,0,16,LPLC2,LPLC2,orange,dend[283],0.253886706
5813038825,174991339,1,90.264,166.608,223.256,0.989391,2307027729,2307027729,0,2,LPLC2,LPLC2,orange,dend[284],0.400983084
5813038825,174427376,1,89.568,166.152,221.824,0.821266,2307027729,2307027729,0,2,LPLC2,LPLC2,orange,dend[284],0.791671257
5813039136,170495259,1,95.784,165.544,211.4,0.788183,2307027729,2307027729,0,7,LPLC2,LPLC2,orange,dend[1114],0.363630325
5813039136,170355033,1,95.152,165.008,211.144,0.980368,2307027729,2307027729,0,7,LPLC2,LPLC2,orange,dend[1114],0.524316967
5813039136,170553999,1,95.456,164.648,211.256,0.964463,2307027729,2307027729,0,7,LPLC2,LPLC2,orange,dend[1114],0.866021741
5813039136,170686224,1,94.456,165.184,211.736,0.82926,2307027729,2307027729,0,7,LPLC2,LPLC2,orange,dend[1116],0.567466352
5813039136,175224407,1,96.016,167.816,224.056,0.866692,2307027729,2307027729,0,7,LPLC2,LPLC2,orange,dend[259],0.654758921
5813039136,171917463,1,99.688,168.128,214.8,0.872813,2307027729,2307027729,0,7,LPLC2,LPLC2,orange,dend[1249],1
5813039136,170478333,1,96.048,165.4,210.84,0.963177,2307027729,2307027729,0,7,LPLC2,LPLC2,orange,dend[1112],1
5813046478,171522200,1,98.984,165.592,213.384,0.999451,2307027729,2307027729,0,5,LPLC2_R,LPLC2,orange,dend[1090],1
5813046478,170023460,1,99.064,167.912,210.128,0.992133,2307027729,2307027729,0,5,LPLC2_R,LPLC2,orange,dend[1098],0.266872994
5813046478,173701452,1,91.024,170.064,219.936,0.356,2307027729,2307027729,0,5,LPLC2_R,LPLC2,orange,dend[269],0.944507193
5813046478,169606578,1,90.808,161.04,209.272,0.999965,2307027729,2307027729,0,5,LPLC2_R,LPLC2,orange,dend[1074],0.480077748
5813046478,171211984,1,98.848,174.992,212.912,0.713187,2307027729,2307027729,0,5,LPLC2_R,LPLC2,orange,dend[1245],0.925481943
5813050827,174549119,1,93.768,162.16,222.472,0.999458,2307027729,2307027729,0,25,LPLC2_R,LPLC2,orange,dend[312],0.60668799
5813050827,170362280,1,100.24,163.808,211.016,0.73872,2307027729,2307027729,0,25,LPLC2_R,LPLC2,orange,dend[1081],0.876240228
5813050827,169973290,1,96.448,165.264,210.184,0.993526,2307027729,2307027729,0,25,LPLC2_R,LPLC2,orange,dend[1104],1
5813050827,174450844,1,93.784,162.856,221.992,0.960901,2307027729,2307027729,0,25,LPLC2_R,LPLC2,orange,dend[312],1
5813050827,171674401,1,101.032,174.4,214.336,0.996653,2307027729,2307027729,0,25,LPLC2_R,LPLC2,orange,dend[1242],0.21967849
5813050827,174793198,1,90.056,166.92,223.304,0.996553,2307027729,2307027729,0,25,LPLC2_R,LPLC2,orange,dend[284],0.399614495
5813050827,171799113,1,101.352,174.656,214.528,0.683979,2307027729,2307027729,0,25,LPLC2_R,LPLC2,orange,dend[1242],0.429380491
5813050827,169749341,1,100.328,162.664,209.408,0.909201,2307027729,2307027729,0,25,LPLC2_R,LPLC2,orange,dend[1080],0.421474799
5813050827,169541551,1,98.256,165.456,208.56,0.758349,2307027729,2307027729,0,25,LPLC2_R,LPLC2,orange,dend[1100],0.766965728
5813050827,174809997,1,96.064,171.008,223.192,0.996647,2307027729,2307027729,0,25,LPLC2_R,LPLC2,orange,dend[261],0.987689902
5813050827,170092793,1,99.96,164.504,210.08,0.908742,2307027729,2307027729,0,25,LPLC2_R,LPLC2,orange,dend[1091],0.681495534
5813050827,175685104,1,91.44,169.2,225.688,0.989912,2307027729,2307027729,0,25,LPLC2_R,LPLC2,orange,dend[264],0.54250237
5813050827,174744270,1,89.824,166.592,222.736,0.98444,2307027729,2307027729,0,25,LPLC2_R,LPLC2,orange,dend[284],0.557180092
5813050827,170098196,1,100.072,164.592,210.392,0.999377,2307027729,2307027729,0,25,LPLC2_R,LPLC2,orange,dend[1091],0.544579726
5813050827,175713939,1,91.704,168.936,225.648,0.817315,2307027729,2307027729,0,25,LPLC2_R,LPLC2,orange,dend[264],0.44859758
5813050827,174305075,1,94.504,162.864,221.992,0.986806,2307027729,2307027729,0,25,LPLC2_R,LPLC2,orange,dend[314],0.466767704
5813050827,169690630,1,99.824,162.624,209.424,0.999463,2307027729,2307027729,0,25,LPLC2_R,LPLC2,orange,dend[1080],0.544876944
5813050827,171357951,1,100.568,173.992,213.544,0.997564,2307027729,2307027729,0,25,LPLC2_R,LPLC2,orange,dend[1241],0.723497544
5813050827,171816383,1,102.664,175.216,214.744,0.956549,2307027729,2307027729,0,25,LPLC2_R,LPLC2,orange,dend[1244],0.964604893
5813050827,172055756,1,102.12,175.168,215.064,0.763843,2307027729,2307027729,0,25,LPLC2_R,LPLC2,orange,dend[1242],0.923059747
5813050827,171251740,1,100.328,174.416,213.488,0.928434,2307027729,2307027729,0,25,LPLC2_R,LPLC2,orange,dend[1241],0.910353982
5813050827,174171586,1,89.416,166.36,221.648,0.916182,2307027729,2307027729,0,25,LPLC2_R,LPLC2,orange,dend[284],0.833518705
5813050827,169060547,1,99.44,167.712,207.728,0.987463,2307027729,2307027729,0,25,LPLC2_R,LPLC2,orange,dend[1095],1
5813050827,170098412,1,102.752,175.448,210.424,0.86431,2307027729,2307027729,0,25,LPLC2_R,LPLC2,orange,dend[1221],0.997576629
5813050827,174452219,1,94.16,162.472,222.336,0.909198,2307027729,2307027729,0,25,LPLC2_R,LPLC2,orange,dend[312],0.759140789
5901214470,172917153,1,98.368,169.272,217.496,0.99812,2307027729,2307027729,0,19,LPLC2_R,LPLC2,orange,dend[1254],0.987826189
5901214470,169926879,1,99.848,164.792,210.072,0.991412,2307027729,2307027729,0,19,LPLC2_R,LPLC2,orange,dend[1091],0.757254309
5901214470,169958902,1,98.888,163.072,209.752,0.813019,2307027729,2307027729,0,19,LPLC2_R,LPLC2,orange,dend[1080],0.791054628
5901214470,176007525,1,87.624,166.192,226.912,0.978291,2307027729,2307027729,0,19,LPLC2_R,LPLC2,orange,dend[289],0.856753187
5901214470,175228512,1,87.808,169.064,224.488,0.798842,2307027729,2307027729,0,19,LPLC2_R,LPLC2,orange,dend[283],0.892688085
5901214470,170098153,1,98.68,161.816,210.408,0.999927,2307027729,2307027729,0,19,LPLC2_R,LPLC2,orange,dend[1080],1
5901214470,169747404,1,99.624,172.216,209.528,0.972937,2307027729,2307027729,0,19,LPLC2_R,LPLC2,orange,dend[1258],0.814578467
5901214470,174722396,1,93.76,162,222.856,0.856566,2307027729,2307027729,0,19,LPLC2_R,LPLC2,orange,dend[310],0.979187622
5901214470,169749168,1,100.2,167.816,208.976,0.831283,2307027729,2307027729,0,19,LPLC2_R,LPLC2,orange,dend[1099],0.591777803
5901214470,173109064,1,99.936,168.704,217.664,0.910624,2307027729,2307027729,0,19,LPLC2_R,LPLC2,orange,dend[1255],0.874494965
5901214470,169933553,1,101.096,172.152,209.704,0.994219,2307027729,2307027729,0,19,LPLC2_R,LPLC2,orange,dend[1258],0.429924789
5901214470,169775259,1,100.256,172.144,209.672,0.4955,2307027729,2307027729,0,19,LPLC2_R,LPLC2,orange,dend[1258],0.642601259
5901214470,172348597,1,98.136,171.064,216.224,0.998775,2307027729,2307027729,0,19,LPLC2_R,LPLC2,orange,dend[1252],0.206479005
5901214470,175023649,1,87.528,169.328,223.864,0.986865,2307027729,2307027729,0,19,LPLC2_R,LPLC2,orange,dend[283],1
5901214470,174707883,1,94.096,162.368,222.712,0.990219,2307027729,2307027729,0,19,LPLC2_R,LPLC2,orange,dend[312],0.310349991
5901214470,169982947,1,99.592,167.792,209.984,0.919243,2307027729,2307027729,0,19,LPLC2_R,LPLC2,orange,dend[1098],0.178338966
5901214470,169647479,1,100.496,167.984,208.992,0.99255,2307027729,2307027729,0,19,LPLC2_R,LPLC2,orange,dend[1099],0.892533442
5901214470,175532933,1,88.448,168.432,225.168,0.675359,2307027729,2307027729,0,19,LPLC2_R,LPLC2,orange,dend[283],0.646006037
5901214470,169971791,1,99.584,168.144,210.16,0.994378,2307027729,2307027729,0,19,LPLC2_R,LPLC2,orange,dend[1098],0.236690283
5901226269,171460279,1,101.832,167.36,213.832,0.968022,2307027729,2307027729,0,8,LPLC2,LPLC2,orange,dend[1231],0.5757446
5901226269,170809021,1,102.752,168.856,212.192,0.801791,2307027729,2307027729,0,8,LPLC2,LPLC2,orange,dend[1227],0.90126598
5901226269,170864118,1,94.616,161.728,212.352,0.992,2307027729,2307027729,0,8,LPLC2,LPLC2,orange,dend[1115],0.604039465
5901226269,176014245,1,92.624,167.528,226.576,0.946603,2307027729,2307027729,0,8,LPLC2,LPLC2,orange,dend[263],0.360636368
5901226269,175959699,1,94.888,168.888,226.28,0.96201,2307027729,2307027729,0,8,LPLC2,LPLC2,orange,dend[259],0.231482005
5901226269,171193837,1,102.48,167.928,213.328,0.283811,2307027729,2307027729,0,8,LPLC2,LPLC2,orange,dend[1229],1
5901226269,171640193,1,101.488,167.288,214.016,0.997637,2307027729,2307027729,0,8,LPLC2,LPLC2,orange,dend[1231],0.789057319
5901226269,170409950,1,104.32,170.36,210.8,0.737596,2307027729,2307027729,0,8,LPLC2,LPLC2,orange,dend[1232],0.763550306
1158187240,176859064,1,115.864,174.416,229.832,0.995571,2307027729,2307027729,0,26,LC4,LC4,blue,dend[385],0.91854519
1158187240,175637530,1,124.888,165.04,225.488,0.999982,2307027729,2307027729,0,26,LC4,LC4,blue,dend[163],0.915358532
1158187240,173975576,1,121.408,165.912,220.28,0.928854,2307027729,2307027729,0,26,LC4,LC4,blue,dend[1174],0.244981586
1158187240,173937780,1,120.624,166.68,220.696,0.629995,2307027729,2307027729,0,26,LC4,LC4,blue,dend[1174],0.577562082
1158187240,173991688,1,120.56,166.888,220.632,0.942004,2307027729,2307027729,0,26,LC4,LC4,blue,dend[1174],0.629442143
1158187240,176020272,1,104.704,162.472,226.704,0.999449,2307027729,2307027729,0,26,LC4,LC4,blue,dend[341],0.508617072
1158187240,176171613,1,118.216,170.128,226.992,0.415508,2307027729,2307027729,0,26,LC4,LC4,blue,dend[371],0.849658957
1158187240,176084745,1,118.4,169.92,227.2,0.600386,2307027729,2307027729,0,26,LC4,LC4,blue,dend[371],0.779281061
1158187240,177238555,1,97.248,167.512,230.208,0.981934,2307027729,2307027729,0,26,LC4,LC4,blue,dend[247],0.785478554
1158187240,173766502,1,120.864,166.152,220.192,0.630243,2307027729,2307027729,0,26,LC4,LC4,blue,dend[1174],0.371906455
1158187240,176334902,1,118.952,169.192,227.736,0.99964,2307027729,2307027729,0,26,LC4,LC4,blue,dend[371],0.56447797
1158187240,176347182,1,115.24,170.6,227.44,0.949709,2307027729,2307027729,0,26,LC4,LC4,blue,dend[369],0.833232339
1158187240,175189476,1,113.44,167.048,224.48,0.540118,2307027729,2307027729,0,26,LC4,LC4,blue,dend[986],1
1158187240,176674253,1,119.504,168.2,228.728,0.999004,2307027729,2307027729,0,26,LC4,LC4,blue,dend[371],0.273041252
1158187240,175375459,1,113.36,167.44,225.168,0.999,2307027729,2307027729,0,26,LC4,LC4,blue,dend[986],0.930300659
1158187240,176461258,1,119.312,168.528,228.032,0.994348,2307027729,2307027729,0,26,LC4,LC4,blue,dend[371],0.407155856
1158187240,175526282,1,113.32,167.632,225.144,0.966584,2307027729,2307027729,0,26,LC4,LC4,blue,dend[986],0.995195227
1158187240,173361539,1,122.12,166.336,218.856,0.999997,2307027729,2307027729,0,26,LC4,LC4,blue,dend[1149],0.855968733
1158187240,174948336,1,124.504,165.048,223.312,0.999796,2307027729,2307027729,0,26,LC4,LC4,blue,dend[163],0.639220172
1158187240,173157908,1,121.6,167.048,218.384,0.832117,2307027729,2307027729,0,26,LC4,LC4,blue,dend[1158],0.797374483
1158187240,176550989,1,116.296,173.2,228.656,0.989752,2307027729,2307027729,0,26,LC4,LC4,blue,dend[388],1
1158187240,173341961,1,121.656,165.664,218.648,0.999965,2307027729,2307027729,0,26,LC4,LC4,blue,dend[1159],0.430711209
1158187240,176709320,1,116.216,174.064,228.92,0.980122,2307027729,2307027729,0,26,LC4,LC4,blue,dend[388],0.391619213
1158187240,174707923,1,123.184,164.264,222.784,0.994278,2307027729,2307027729,0,26,LC4,LC4,blue,dend[995],0.701480974
1158187240,174670933,1,124.136,164.792,222.784,0.412575,2307027729,2307027729,0,26,LC4,LC4,blue,dend[995],0.542543272
1158187240,174579890,1,123.872,164.784,222.744,0.999877,2307027729,2307027729,0,26,LC4,LC4,blue,dend[995],0.574866426
1158864995,177500709,1,95.168,160.488,231.712,0.973676,2307027729,2307027729,0,33,LC4,LC4,blue,dend[320],0.566642357
1158864995,172931792,1,118.784,155.224,217.896,0.935,2307027729,2307027729,0,33,LC4,LC4,blue,dend[1026],0.948887073
1158864995,177471379,1,108.28,165.648,231.296,0.999874,2307027729,2307027729,0,33,LC4,LC4,blue,dend[176],1
1158864995,172922904,1,118.656,155.264,217.752,0.999778,2307027729,2307027729,0,33,LC4,LC4,blue,dend[1026],0.911673377
1158864995,177854811,1,95.264,160.232,232.416,0.853205,2307027729,2307027729,0,33,LC4,LC4,blue,dend[320],0.896235136
1158864995,175552808,1,100.176,153.648,225.584,0.682968,2307027729,2307027729,0,33,LC4,LC4,blue,dend[185],0.909197471
1158864995,175743373,1,100.816,154.096,225.792,0.999732,2307027729,2307027729,0,33,LC4,LC4,blue,dend[185],0.826302488
1158864995,170762312,1,118.288,153.4,211.976,0.994682,2307027729,2307027729,0,33,LC4,LC4,blue,dend[1169],0.675129644
1158864995,174160193,1,108.52,154.6,221.304,0.938785,2307027729,2307027729,0,33,LC4,LC4,blue,dend[1048],0.670288429
1158864995,174201506,1,108.384,154.544,221.56,0.456535,2307027729,2307027729,0,33,LC4,LC4,blue,dend[1048],0.685088346
1158864995,174518671,1,124.328,165.104,221.936,0.947758,2307027729,2307027729,0,33,LC4,LC4,blue,dend[1147],0.610738694
1158864995,174674953,1,124.688,165.056,223.088,0.999536,2307027729,2307027729,0,33,LC4,LC4,blue,dend[163],0.577198088
1158864995,170538017,1,117.128,152.376,211.016,0.843477,2307027729,2307027729,0,33,LC4,LC4,blue,dend[1169],0.975555895
1158864995,177310981,1,107.576,164.128,230.8,0.998641,2307027729,2307027729,0,33,LC4,LC4,blue,dend[181],0.57717973
1158864995,173835408,1,121.936,164.248,220.064,0.956368,2307027729,2307027729,0,33,LC4,LC4,blue,dend[1175],0.76426175
1158864995,173601666,1,111.128,155.968,219.288,0.93543,2307027729,2307027729,0,33,LC4,LC4,blue,dend[1050],0.896542413
1158864995,173632052,1,110.72,155.816,219.456,0.986465,2307027729,2307027729,0,33,LC4,LC4,blue,dend[1050],0.848718064
1158864995,172955523,1,115.968,159.952,217.896,0.789268,2307027729,2307027729,0,33,LC4,LC4,blue,dend[1133],0.367092118
1158864995,173054512,1,115.536,159.944,218.096,0.996725,2307027729,2307027729,0,33,LC4,LC4,blue,dend[1028],0.82136631
1158864995,174359107,1,123.096,164.616,221.968,0.996237,2307027729,2307027729,0,33,LC4,LC4,blue,dend[995],0.758036952
1158864995,173389644,1,114.672,158.144,219.056,0.942562,2307027729,2307027729,0,33,LC4,LC4,blue,dend[1029],0.382889467
1158864995,173795863,1,121.784,163.84,220,0.987318,2307027729,2307027729,0,33,LC4,LC4,blue,dend[1177],0.004837799
1158864995,178328477,1,106.928,164.792,234.368,0.994793,2307027729,2307027729,0,33,LC4,LC4,blue,dend[195],0.916553974
1158864995,173555906,1,112.992,157.152,219.8,0.835234,2307027729,2307027729,0,33,LC4,LC4,blue,dend[1029],0.767359221
1158864995,175409798,1,99.848,153.256,225.008,0.98654,2307027729,2307027729,0,33,LC4,LC4,blue,dend[185],0.985970425
1158864995,173169868,1,120.048,164.416,218.368,0.851704,2307027729,2307027729,0,33,LC4,LC4,blue,dend[1161],0.621124157
1158864995,173831908,1,111.208,155.672,220.44,0.994505,2307027729,2307027729,0,33,LC4,LC4,blue,dend[1032],1
1158864995,173854487,1,111.496,155.88,220.336,0.62528,2307027729,2307027729,0,33,LC4,LC4,blue,dend[1032],1
1158864995,176652123,1,104.624,159.2,228.704,0.807535,2307027729,2307027729,0,33,LC4,LC4,blue,dend[185],0.08178764
1158864995,174627235,1,124.36,165.168,222.496,0.964512,2307027729,2307027729,0,33,LC4,LC4,blue,dend[995],0.507101937
1158864995,177550190,1,99.04,161.056,231.688,0.932897,2307027729,2307027729,0,33,LC4,LC4,blue,dend[297],0.1348714
1158864995,173160050,1,115.08,159.656,218.272,0.999595,2307027729,2307027729,0,33,LC4,LC4,blue,dend[1028],0.731624008
1158864995,178316348,1,106.88,165.224,233.856,0.999845,2307027729,2307027729,0,33,LC4,LC4,blue,dend[195],0.781849126
1189559257,174734552,1,122.328,171.112,222.792,0.999999,2307027729,2307027729,0,32,LC4,LC4,blue,dend[1144],0.936625081
1189559257,172216245,1,121.344,167,215.808,0.98717,2307027729,2307027729,0,32,LC4,LC4,blue,dend[1191],0.874246929
1189559257,172034783,1,121.592,165.512,215.072,0.999199,2307027729,2307027729,0,32,LC4,LC4,blue,dend[1194],0.700325581
1189559257,177989465,1,106.68,165.824,232.952,0.99902,2307027729,2307027729,0,32,LC4,LC4,blue,dend[195],0.550333344
1189559257,178004655,1,106.912,165.904,232.944,0.964,2307027729,2307027729,0,32,LC4,LC4,blue,dend[195],0.54489297
1189559257,177973458,1,93.624,158.376,232.704,0.320713,2307027729,2307027729,0,32,LC4,LC4,blue,dend[325],0.303995997
1189559257,174858511,1,123.984,165.304,223.344,0.990362,2307027729,2307027729,0,32,LC4,LC4,blue,dend[163],0.727802947
1189559257,171743856,1,121.296,165.536,214.328,0.997191,2307027729,2307027729,0,32,LC4,LC4,blue,dend[1195],0.701606897
1189559257,177868501,1,93.288,158.12,232.8,0.866917,2307027729,2307027729,0,32,LC4,LC4,blue,dend[325],0.476801079
1189559257,172218495,1,121.872,167.064,215.856,0.999772,2307027729,2307027729,0,32,LC4,LC4,blue,dend[1191],0.757242143
1189559257,175919847,1,101.96,156.936,226.92,0.99999,2307027729,2307027729,0,32,LC4,LC4,blue,dend[185],0.499567729
1189559257,176098546,1,101.728,156.24,227.064,0.962808,2307027729,2307027729,0,32,LC4,LC4,blue,dend[185],0.555875022
1189559257,175925619,1,115.12,164.616,226.432,0.99902,2307027729,2307027729,0,32,LC4,LC4,blue,dend[987],0.767546147
1189559257,175786231,1,114.408,164.216,225.968,0.926625,2307027729,2307027729,0,32,LC4,LC4,blue,dend[989],0.504523515
1189559257,175792576,1,115.072,163.8,226.024,0.996028,2307027729,2307027729,0,32,LC4,LC4,blue,dend[988],0.188494744
1189559257,175907074,1,114.608,164.352,226,0.844098,2307027729,2307027729,0,32,LC4,LC4,blue,dend[989],0.393021174
1189559257,176977716,1,101.112,163.608,229.904,0.909245,2307027729,2307027729,0,32,LC4,LC4,blue,dend[229],0.228454348
1189559257,174259521,1,120.32,163.456,221.648,0.999951,2307027729,2307027729,0,32,LC4,LC4,blue,dend[999],1
1189559257,175061030,1,123.928,165.52,223.92,0.999976,2307027729,2307027729,0,32,LC4,LC4,blue,dend[163],0.829103643
1189559257,172361084,1,121.344,167.168,216.104,0.940627,2307027729,2307027729,0,32,LC4,LC4,blue,dend[1191],0.904801012
1189559257,175040987,1,123.64,165.4,223.76,0.941677,2307027729,2307027729,0,32,LC4,LC4,blue,dend[163],0.845572623
1189559257,173432620,1,110.672,155.84,219.456,0.998157,2307027729,2307027729,0,32,LC4,LC4,blue,dend[1050],0.871696527
1189559257,171745012,1,121.248,165.368,214.192,0.76129,2307027729,2307027729,0,32,LC4,LC4,blue,dend[1195],0.768923496
1189559257,176962843,1,116.416,166.72,229.504,0.940896,2307027729,2307027729,0,32,LC4,LC4,blue,dend[369],0.451643349
1189559257,178070374,1,107,165.112,233.736,0.854534,2307027729,2307027729,0,32,LC4,LC4,blue,dend[195],0.757797283
1189559257,173361797,1,111.24,156.152,219.016,0.992865,2307027729,2307027729,0,32,LC4,LC4,blue,dend[1053],0.408171792
1189559257,177619138,1,106.08,165.216,231.456,1,2307027729,2307027729,0,32,LC4,LC4,blue,dend[196],1
1189559257,173504999,1,109.816,156.168,219.632,0.904022,2307027729,2307027729,0,32,LC4,LC4,blue,dend[1051],1
1189559257,177006315,1,116.128,168.472,229.784,0.968069,2307027729,2307027729,0,32,LC4,LC4,blue,dend[379],0.901465729
1189559257,176978998,1,116.56,168.28,229.792,0.99717,2307027729,2307027729,0,32,LC4,LC4,blue,dend[379],0.815536663
1189559257,177116379,1,102.936,163.976,230.632,0.982054,2307027729,2307027729,0,32,LC4,LC4,blue,dend[228],0.796257449
1189559257,173181857,1,111.416,155.904,218.408,0.98416,2307027729,2307027729,0,32,LC4,LC4,blue,dend[1053],0.769137041
1218901359,175978775,1,109.848,165.104,227.016,0.482748,2307027729,2307027729,0,18,LC4,LC4,blue,dend[178],0.595196309
1218901359,173036275,1,124.504,166.496,217.824,0.999796,2307027729,2307027729,0,18,LC4,LC4,blue,dend[158],1
1218901359,176010079,1,108.8,163.848,226.496,0.760353,2307027729,2307027729,0,18,LC4,LC4,blue,dend[179],0.769671037
1218901359,175962562,1,104.312,162.528,226.512,0.998391,2307027729,2307027729,0,18,LC4,LC4,blue,dend[341],0.539210486
1218901359,176272768,1,118.984,170.808,227.792,0.99107,2307027729,2307027729,0,18,LC4,LC4,blue,dend[371],0.74709164
1218901359,176088649,1,120.16,169.776,226.608,0.971282,2307027729,2307027729,0,18,LC4,LC4,blue,dend[371],0.581759667
1218901359,176976601,1,115.864,174.232,229.92,0.96566,2307027729,2307027729,0,18,LC4,LC4,blue,dend[385],0.890469382
1218901359,172859504,1,124.768,167.4,217.712,1,2307027729,2307027729,0,18,LC4,LC4,blue,dend[158],1
1218901359,176245021,1,120.472,169.824,227.824,0.999993,2307027729,2307027729,0,18,LC4,LC4,blue,dend[380],0.114798204
1218901359,176074498,1,100,162.808,227.04,0.95971,2307027729,2307027729,0,18,LC4,LC4,blue,dend[229],0.690812689
1218901359,177086635,1,115.032,174.064,229.816,0.869016,2307027729,2307027729,0,18,LC4,LC4,blue,dend[396],0.784162056
1218901359,175802664,1,104.208,162.672,225.928,0.969267,2307027729,2307027729,0,18,LC4,LC4,blue,dend[341],0.591058945
1218901359,175966941,1,109.272,163.96,226.64,0.999575,2307027729,2307027729,0,18,LC4,LC4,blue,dend[179],0.49464106
1218901359,172662802,1,121.056,167.184,216.744,0.981889,2307027729,2307027729,0,18,LC4,LC4,blue,dend[1191],1
1218901359,176291007,1,119.056,171.224,227.824,0.535932,2307027729,2307027729,0,18,LC4,LC4,blue,dend[371],0.783699085
1218901359,175769303,1,109.184,163.976,226.296,0.941908,2307027729,2307027729,0,18,LC4,LC4,blue,dend[179],0.790973942
1218901359,173105439,1,119.744,167.84,218.16,0.87798,2307027729,2307027729,0,18,LC4,LC4,blue,dend[1153],0.878011092
1218901359,175154586,1,94.304,161.432,224.384,0.992465,2307027729,2307027729,0,18,LC4,LC4,blue,dend[308],0.867243894
1249932198,173144264,1,118.864,170.176,218.64,0.998478,2307027729,2307027729,0,30,LC4,LC4,blue,dend[1154],0.486843977
1249932198,173370982,1,118.536,170.48,218.952,0.76102,2307027729,2307027729,0,30,LC4,LC4,blue,dend[1154],0.58950569
1249932198,177249599,1,115.528,173.792,230.488,0.826297,2307027729,2307027729,0,30,LC4,LC4,blue,dend[385],0.845063526
1249932198,177383825,1,118.424,170.576,231.568,0.839293,2307027729,2307027729,0,30,LC4,LC4,blue,dend[384],0.511400487
1249932198,174860749,1,116.968,169.968,223.24,0.905,2307027729,2307027729,0,30,LC4,LC4,blue,dend[377],1
1249932198,175202189,1,103.896,162.2,224.32,0.994459,2307027729,2307027729,0,30,LC4,LC4,blue,dend[341],0.769033024
1249932198,173179175,1,119.384,169.664,218.712,0.941801,2307027729,2307027729,0,30,LC4,LC4,blue,dend[1154],0.338047426
1249932198,172403554,1,123.104,167.824,216.024,0.524481,2307027729,2307027729,0,30,LC4,LC4,blue,dend[1190],0.673255676
1249932198,174674930,1,121.736,163.456,222.92,0.955415,2307027729,2307027729,0,30,LC4,LC4,blue,dend[996],0.239427312
1249932198,172469804,1,123.664,167.608,216.256,0.998208,2307027729,2307027729,0,30,LC4,LC4,blue,dend[1190],0.519953469
1249932198,173518760,1,119.144,169.944,219.024,0.895695,2307027729,2307027729,0,30,LC4,LC4,blue,dend[1154],0.424408115
1249932198,174973278,1,122.168,162.472,223.608,0.998458,2307027729,2307027729,0,30,LC4,LC4,blue,dend[996],0.658243263
1249932198,175375037,1,94.128,161.432,224.488,0.826291,2307027729,2307027729,0,30,LC4,LC4,blue,dend[308],0.544656384
1249932198,175375038,1,93.864,161.64,224.648,0.999966,2307027729,2307027729,0,30,LC4,LC4,blue,dend[307],0.907638319
1249932198,172131828,1,122.536,168.56,215.832,0.798293,2307027729,2307027729,0,30,LC4,LC4,blue,dend[1190],0.922121656
1249932198,174963717,1,119.552,164.24,223.376,0.678942,2307027729,2307027729,0,30,LC4,LC4,blue,dend[1142],0.596912308
1249932198,176017172,1,119.952,165.84,226.608,0.972492,2307027729,2307027729,0,30,LC4,LC4,blue,dend[164],0.848412981
1249932198,175619945,1,93.656,161.632,225.624,0.990712,2307027729,2307027729,0,30,LC4,LC4,blue,dend[307],0.495722281
1249932198,175171246,1,119.152,171.256,223.92,1,2307027729,2307027729,0,30,LC4,LC4,blue,dend[374],0.537540519
1249932198,174675639,1,118.176,165.04,223.168,0.726883,2307027729,2307027729,0,30,LC4,LC4,blue,dend[1005],1
1249932198,172399609,1,123.36,167.728,216.024,0.916517,2307027729,2307027729,0,30,LC4,LC4,blue,dend[1190],0.604731317
1249932198,177300655,1,117.936,171.448,230.576,0.674552,2307027729,2307027729,0,30,LC4,LC4,blue,dend[384],0.811752056
1249932198,174329084,1,114.4,166.304,221.64,0.894181,2307027729,2307027729,0,30,LC4,LC4,blue,dend[1136],1
1249932198,175337806,1,103.952,162.272,224.872,0.996011,2307027729,2307027729,0,30,LC4,LC4,blue,dend[341],0.71346818
1249932198,175504744,1,100,162.848,225.04,0.605374,2307027729,2307027729,0,30,LC4,LC4,blue,dend[229],0.968907256
1249932198,175802660,1,99.824,162.68,226.048,0.488949,2307027729,2307027729,0,30,LC4,LC4,blue,dend[229],0.839316217
1249932198,177284227,1,118.736,171.472,231.184,0.994018,2307027729,2307027729,0,30,LC4,LC4,blue,dend[384],0.676249834
1249932198,175776000,1,120.152,165.512,226.184,0.998958,2307027729,2307027729,0,30,LC4,LC4,blue,dend[1142],1
1249932198,177390086,1,118.48,171.992,231.072,0.870872,2307027729,2307027729,0,30,LC4,LC4,blue,dend[384],0.988734976
1249932198,177350381,1,117.824,171.424,230.624,0.930924,2307027729,2307027729,0,30,LC4,LC4,blue,dend[384],0.862276054
1251287671,174459554,1,115.6,159.24,222.104,0.999887,2307027729,2307027729,0,25,LC4,LC4,blue,dend[1013],0.636558595
1251287671,174223897,1,107.504,150.624,221.544,0.950727,2307027729,2307027729,0,25,LC4,LC4,blue,dend[1041],0.38558388
1251287671,170441127,1,117.384,153.12,211.272,0.997642,2307027729,2307027729,0,25,LC4,LC4,blue,dend[1169],0.837850093
1251287671,174610130,1,118.232,164.448,222.728,0.735304,2307027729,2307027729,0,25,LC4,LC4,blue,dend[1005],0.749617392
1251287671,174256153,1,118.376,159.688,221.392,0.989277,2307027729,2307027729,0,25,LC4,LC4,blue,dend[1137],1
1251287671,173686665,1,121.68,160.712,220.016,0.661946,2307027729,2307027729,0,25,LC4,LC4,blue,dend[1138],0.915599902
1251287671,178233156,1,97.6,164.4,234.184,0.999937,2307027729,2307027729,0,25,LC4,LC4,blue,dend[240],0.738437315
1251287671,178362063,1,98.032,164.736,234.184,0.87903,2307027729,2307027729,0,25,LC4,LC4,blue,dend[239],0.895217159
1251287671,175326176,1,121.952,168.008,224.552,0.45516098,2307027729,2307027729,0,25,LC4,LC4,blue,dend[163],1
1251287671,178397104,1,96.896,164.384,234.384,0.879366,2307027729,2307027729,0,25,LC4,LC4,blue,dend[242],0.301524912
1251287671,173987638,1,107.416,151.136,220.456,0.743,2307027729,2307027729,0,25,LC4,LC4,blue,dend[1040],1
1251287671,172239690,1,124.008,161.696,215.792,0.902637,2307027729,2307027729,0,25,LC4,LC4,blue,dend[1192],0.870498351
1251287671,177325737,1,110.048,164.312,230.76,0.942895,2307027729,2307027729,0,25,LC4,LC4,blue,dend[173],0.635512984
1251287671,174916651,1,121.152,165.608,223.08,0.46054524,2307027729,2307027729,0,25,LC4,LC4,blue,dend[995],0.721455264
1251287671,174138993,1,107.64,150.56,221.4,0.99164,2307027729,2307027729,0,25,LC4,LC4,blue,dend[1041],0.394564467
1251287671,173482349,1,121.624,160.272,219.144,0.768998,2307027729,2307027729,0,25,LC4,LC4,blue,dend[1139],0.801668093
1251287671,178749599,1,100.72,160.448,235.504,0.997362,2307027729,2307027729,0,25,LC4,LC4,blue,dend[334],1
1251287671,175158005,1,109.512,153.296,224,0.973131,2307027729,2307027729,0,25,LC4,LC4,blue,dend[1046],0.833269744
1251287671,177301612,1,109,162.64,230.808,0.672673,2307027729,2307027729,0,25,LC4,LC4,blue,dend[342],0.29184596
1251287671,171026471,1,115.008,149.48,212.832,0.842829,2307027729,2307027729,0,25,LC4,LC4,blue,dend[1023],1
1251287671,178655760,1,100.616,160.752,235.168,0.999943,2307027729,2307027729,0,25,LC4,LC4,blue,dend[334],0.775544718
1251287671,178419503,1,113.712,169.144,234.68,0.891242,2307027729,2307027729,0,25,LC4,LC4,blue,dend[412],0.946719151
1251287671,178088417,1,95.448,159.68,233.312,0.999583,2307027729,2307027729,0,25,LC4,LC4,blue,dend[326],0.613661404
1251287671,171201266,1,114.944,149.352,212.84,0.985437,2307027729,2307027729,0,25,LC4,LC4,blue,dend[1023],0.98118174
1251287671,175030334,1,120.784,166.224,223.376,0.994647,2307027729,2307027729,0,25,LC4,LC4,blue,dend[1142],1
1281303666,174157583,1,116,164.2,221.488,0.994865,2307027729,2307027729,0,17,LC4,LC4,blue,dend[1134],0.681265121
1281303666,175305885,1,124.056,170.888,224.392,0.989668,2307027729,2307027729,0,17,LC4,LC4,blue,dend[1144],0.634293449
1281303666,175527778,1,123.416,167.104,225.696,0.831666,2307027729,2307027729,0,17,LC4,LC4,blue,dend[163],1
1281303666,173612347,1,111.44,159.992,219.48,0.914194,2307027729,2307027729,0,17,LC4,LC4,blue,dend[1058],0.616698923
1281303666,174160311,1,116.04,163.728,221.504,0.993271,2307027729,2307027729,0,17,LC4,LC4,blue,dend[1134],0.600917122
1281303666,175346760,1,119.48,171.152,224.992,0.826994,2307027729,2307027729,0,17,LC4,LC4,blue,dend[373],0.852183595
1281303666,175692844,1,119.536,171.176,225.464,0.996021,2307027729,2307027729,0,17,LC4,LC4,blue,dend[373],0.790793167
1281303666,172905390,1,121.248,165.648,217.624,0.532507,2307027729,2307027729,0,17,LC4,LC4,blue,dend[1159],0.934300795
1281303666,175670135,1,124.344,166,226.08,0.999811,2307027729,2307027729,0,17,LC4,LC4,blue,dend[163],1
1281303666,172591090,1,123.048,166.016,216.816,0.98531,2307027729,2307027729,0,17,LC4,LC4,blue,dend[1188],0.969693986
1281303666,174357996,1,118.264,164.68,221.816,0.718015,2307027729,2307027729,0,17,LC4,LC4,blue,dend[1001],1
1281303666,172543780,1,124.704,164.272,216.512,0.45066693,2307027729,2307027729,0,17,LC4,LC4,blue,dend[1189],0.828578156
1281303666,176161698,1,93.792,161.68,227.296,0.987651,2307027729,2307027729,0,17,LC4,LC4,blue,dend[316],0.752646696
1281303666,175540808,1,124.672,165.576,225.472,0.995,2307027729,2307027729,0,17,LC4,LC4,blue,dend[163],0.956339607
1281303666,176279880,1,93.576,161.776,227.408,0.793,2307027729,2307027729,0,17,LC4,LC4,blue,dend[316],1
1281303666,172772006,1,121.056,165.96,216.88,0.954788,2307027729,2307027729,0,17,LC4,LC4,blue,dend[1172],0.893171584
1281303666,172715033,1,123.96,164.936,217.392,0.995018,2307027729,2307027729,0,17,LC4,LC4,blue,dend[1187],0.165878475
1405780725,177581405,1,98.752,160.368,231.64,0.998037,2307027729,2307027729,0,20,LC4,LC4,blue,dend[297],0.222763047
1405780725,176007552,1,122.408,167.64,227.008,0.999999,2307027729,2307027729,0,20,LC4,LC4,blue,dend[164],0.575749413
1405780725,176410339,1,112.048,162.296,227.856,0.981063,2307027729,2307027729,0,20,LC4,LC4,blue,dend[357],0.863242008
1405780725,177364272,1,112.024,165.712,231.168,0.656086,2307027729,2307027729,0,20,LC4,LC4,blue,dend[362],0.990624847
1405780725,177422610,1,87.424,163.912,231.312,0.804456,2307027729,2307027729,0,20,LC4,LC4,blue,dend[291],0.626589797
1405780725,174666782,1,127.52,164.848,223.016,0.996,2307027729,2307027729,0,20,LC4,LC4,blue,axon[0],0.050719072
1405780725,173899240,1,126.104,163.264,220.648,0.999941,2307027729,2307027729,0,20,LC4,LC4,blue,dend[1182],0.430817495
1405780725,174912613,1,120.704,166.312,223.296,0.865799,2307027729,2307027729,0,20,LC4,LC4,blue,dend[1174],0.724487868
1405780725,176908196,1,113.904,164.264,229.608,0.988923,2307027729,2307027729,0,20,LC4,LC4,blue,dend[166],0.334384448
1405780725,177351031,1,94.552,161.744,231.136,0.994979,2307027729,2307027729,0,20,LC4,LC4,blue,dend[327],0.936009356
1405780725,175756781,1,105.328,158.032,225.84,0.663765,2307027729,2307027729,0,20,LC4,LC4,blue,dend[354],1
1405780725,177154533,1,112.4,165.224,230.68,0.921747,2307027729,2307027729,0,20,LC4,LC4,blue,dend[362],0.598048416
1405780725,175087061,1,118.168,172.032,224.08,0.904493,2307027729,2307027729,0,20,LC4,LC4,blue,dend[375],0.973425228
1405780725,177415488,1,87.616,164.784,231.248,0.994248,2307027729,2307027729,0,20,LC4,LC4,blue,dend[291],0.433354785
1405780725,177581410,1,99.024,160.936,231.632,0.949812,2307027729,2307027729,0,20,LC4,LC4,blue,dend[297],0.149547724
1405780725,175234078,1,118.04,171.704,224.184,0.888,2307027729,2307027729,0,20,LC4,LC4,blue,dend[375],1
1405780725,173820311,1,109.816,159.856,220.288,0.898876,2307027729,2307027729,0,20,LC4,LC4,blue,dend[1058],0.954257786
1405780725,174758619,1,120.192,166.616,222.728,0.992283,2307027729,2307027729,0,20,LC4,LC4,blue,dend[1174],0.816564314
1405780725,177675247,1,87.488,163.416,231.928,0.97983,2307027729,2307027729,0,20,LC4,LC4,blue,dend[291],0.740486845
1405780725,176287298,1,111.712,162.52,227.584,0.91348,2307027729,2307027729,0,20,LC4,LC4,blue,dend[357],0.902614387
1438524573,179469004,1,97.424,163.464,237.672,0.996554,2307027729,2307027729,0,35,LC4,LC4,blue,dend[244],0.836640885
1438524573,179375508,1,97.776,163.808,237.944,0.999902,2307027729,2307027729,0,35,LC4,LC4,blue,dend[243],1
1438524573,176757628,1,112.976,163.416,229.32,0.999632,2307027729,2307027729,0,35,LC4,LC4,blue,dend[166],0.754583647
1438524573,176496253,1,102.912,158.64,228.136,0.997023,2307027729,2307027729,0,35,LC4,LC4,blue,dend[185],0.259811324
1438524573,176741353,1,114.176,163.656,229.336,0.999954,2307027729,2307027729,0,35,LC4,LC4,blue,dend[165],0.989362371
1438524573,176676569,1,111.416,162.584,229.056,0.92505,2307027729,2307027729,0,35,LC4,LC4,blue,dend[346],0.445934152
1438524573,177489671,1,108.928,162.608,231.416,0.901813,2307027729,2307027729,0,35,LC4,LC4,blue,dend[342],0.399865204
1438524573,172593050,1,116.888,159.368,216.624,0.757,2307027729,2307027729,0,35,LC4,LC4,blue,dend[1133],0.993960641
1438524573,176637203,1,110.08,161.16,228.272,0.999001,2307027729,2307027729,0,35,LC4,LC4,blue,dend[346],0.919691946
1438524573,176937020,1,112.656,163.552,229.424,0.999992,2307027729,2307027729,0,35,LC4,LC4,blue,dend[166],1
1438524573,176596313,1,106.92,160.816,229.128,0.74292,2307027729,2307027729,0,35,LC4,LC4,blue,dend[182],0.854974151
1438524573,177152816,1,108.84,162.576,230.776,0.879589,2307027729,2307027729,0,35,LC4,LC4,blue,dend[342],0.291281847
1438524573,177456383,1,108.44,165.144,231.2,0.986659,2307027729,2307027729,0,35,LC4,LC4,blue,dend[176],1
1438524573,172659490,1,116.44,159.44,217.064,0.999102,2307027729,2307027729,0,35,LC4,LC4,blue,dend[1133],0.759974644
1438524573,172519281,1,113.96,158.304,216.656,0.819,2307027729,2307027729,0,35,LC4,LC4,blue,dend[1130],1
1438524573,176883064,1,116.728,165.76,229.504,0.999974,2307027729,2307027729,0,35,LC4,LC4,blue,dend[983],0.663476345
1438524573,177177020,1,109.04,164.168,230.552,0.999489,2307027729,2307027729,0,35,LC4,LC4,blue,dend[175],1
1438524573,179685139,1,109.472,167.784,238.872,0.985095,2307027729,2307027729,0,35,LC4,LC4,blue,dend[208],0.839498611
1438524573,176962837,1,116.456,166.656,229.512,0.96,2307027729,2307027729,0,35,LC4,LC4,blue,dend[369],0.443796735
1438524573,172611622,1,114.064,158.84,216.72,0.915205,2307027729,2307027729,0,35,LC4,LC4,blue,dend[1130],0.774316172
1438524573,177718443,1,93.376,156.488,231.976,0.976679,2307027729,2307027729,0,35,LC4,LC4,blue,dend[323],0.408798298
1438524573,177700836,1,93.056,156.16,231.832,0.942547,2307027729,2307027729,0,35,LC4,LC4,blue,dend[323],0.990059834
1438524573,177287255,1,108.96,165.08,231,1,2307027729,2307027729,0,35,LC4,LC4,blue,dend[176],0.931573722
1438524573,176878502,1,108.048,161.448,229.6,0.977634,2307027729,2307027729,0,35,LC4,LC4,blue,dend[182],0.637272971
1438524573,177272461,1,108.848,164.704,230.712,0.99886,2307027729,2307027729,0,35,LC4,LC4,blue,dend[176],0.570468675
1438524573,174912583,1,126.648,164.872,223.568,0.949,2307027729,2307027729,0,35,LC4,LC4,blue,axon[0],0.043163716
1438524573,174430991,1,124.632,165.208,222.24,0.876,2307027729,2307027729,0,35,LC4,LC4,blue,dend[1182],0.111819999
1438524573,178557524,1,100.696,161.112,235.08,0.947399,2307027729,2307027729,0,35,LC4,LC4,blue,dend[334],0.487798894
1438524573,174768095,1,126.536,164.704,222.808,0.969,2307027729,2307027729,0,35,LC4,LC4,blue,axon[0],0.031208454
1438524573,176884706,1,117,165.936,229.128,0.999998,2307027729,2307027729,0,35,LC4,LC4,blue,dend[983],0.633025059
1438524573,179550657,1,108.984,167.712,238.672,0.649105,2307027729,2307027729,0,35,LC4,LC4,blue,dend[208],0.486616165
1438524573,172660908,1,113.92,158.456,216.632,0.928839,2307027729,2307027729,0,35,LC4,LC4,blue,dend[1130],0.975116121
1438524573,173103118,1,115.304,160.872,218.256,0.999967,2307027729,2307027729,0,35,LC4,LC4,blue,dend[1028],1
1438524573,173092921,1,115.144,160.752,218.024,0.834,2307027729,2307027729,0,35,LC4,LC4,blue,dend[1056],0.259707755
1438524573,174811402,1,125.168,165.432,223.296,0.999,2307027729,2307027729,0,35,LC4,LC4,blue,dend[163],0.544295307
1466861327,173002747,1,119.76,167.944,218.152,0.977631,2307027729,2307027729,0,22,LC4,LC4,blue,dend[1153],0.845940345
1466861327,177993247,1,118.04,171.056,233.432,1,2307027729,2307027729,0,22,LC4,LC4,blue,dend[402],0.004411286
1466861327,173266422,1,121.504,167.136,218.544,0.918944,2307027729,2307027729,0,22,LC4,LC4,blue,dend[1150],0.994684629
1466861327,174524869,1,103.456,161.176,222.28,0.912571,2307027729,2307027729,0,22,LC4,LC4,blue,dend[341],1
1466861327,173396242,1,111.264,159.824,218.872,0.996546,2307027729,2307027729,0,22,LC4,LC4,blue,dend[1058],0.554056365
1466861327,173482340,1,110.92,159.896,219.176,0.998785,2307027729,2307027729,0,22,LC4,LC4,blue,dend[1058],0.641798573
1466861327,176194905,1,114.032,170.928,226.88,0.736788,2307027729,2307027729,0,22,LC4,LC4,blue,dend[369],0.998807945
1466861327,173422050,1,120.856,167.68,218.776,0.969939,2307027729,2307027729,0,22,LC4,LC4,blue,dend[1151],0.62738237
1466861327,176034280,1,105.728,163.056,227.024,0.786298,2307027729,2307027729,0,22,LC4,LC4,blue,dend[341],0.416554154
1466861327,173184090,1,120.952,167.664,218.568,0.999242,2307027729,2307027729,0,22,LC4,LC4,blue,dend[1151],0.59425818
1466861327,171875895,1,110.112,158.056,214.864,0.959189,2307027729,2307027729,0,22,LC4,LC4,blue,dend[1122],0.236838824
1466861327,173659013,1,116.784,171.656,219.864,0.999647,2307027729,2307027729,0,22,LC4,LC4,blue,dend[1156],1
1466861327,176821753,1,117.408,170.832,229.592,0.998473,2307027729,2307027729,0,22,LC4,LC4,blue,dend[383],0.622061701
1466861327,178119357,1,117.688,170.656,233.792,1,2307027729,2307027729,0,22,LC4,LC4,blue,dend[401],0.433212683
1466861327,176041145,1,94.536,160.784,226.672,0.4635061,2307027729,2307027729,0,22,LC4,LC4,blue,dend[306],0.490834578
1466861327,173297232,1,122.52,169.544,218.36,0.937896,2307027729,2307027729,0,22,LC4,LC4,blue,dend[1185],0.504190539
1466861327,176352804,1,120.528,170.12,227.976,0.98384,2307027729,2307027729,0,22,LC4,LC4,blue,dend[380],0.002202896
1466861327,176496836,1,120.04,171.144,228.016,0.996224,2307027729,2307027729,0,22,LC4,LC4,blue,dend[373],0.433892007
1466861327,173309500,1,120.336,168.608,218.768,0.40285,2307027729,2307027729,0,22,LC4,LC4,blue,dend[1152],1
1466861327,176129674,1,105.144,162.912,227.024,0.999632,2307027729,2307027729,0,22,LC4,LC4,blue,dend[341],0.444895782
1466861327,173915585,1,122.344,171.576,220.28,0.999973,2307027729,2307027729,0,22,LC4,LC4,blue,dend[1181],0.877864931
1466861327,176129672,1,104.896,162.768,226.944,0.999934,2307027729,2307027729,0,22,LC4,LC4,blue,dend[341],0.467522191
1471601440,177284121,1,86.92,162.344,231.104,0.588,2307027729,2307027729,0,28,LC4,LC4,blue,dend[291],0.978613272
1471601440,173533466,1,116.712,159.12,219.432,0.999592,2307027729,2307027729,0,28,LC4,LC4,blue,dend[1018],1
1471601440,173456475,1,116.648,158.808,219.448,0.520203,2307027729,2307027729,0,28,LC4,LC4,blue,dend[1018],1
1471601440,177448176,1,99.16,161.904,231.496,0.99712,2307027729,2307027729,0,28,LC4,LC4,blue,dend[297],0.036635866
1471601440,176990593,1,104.648,158.464,229.848,0.996706,2307027729,2307027729,0,28,LC4,LC4,blue,dend[190],0.438428596
1471601440,173766503,1,124.088,166.256,220.168,0.99997,2307027729,2307027729,0,28,LC4,LC4,blue,dend[1147],0.76628748
1471601440,170847458,1,118.544,153.088,212.08,0.759717,2307027729,2307027729,0,28,LC4,LC4,blue,dend[1169],0.687090993
1471601440,176902049,1,100.896,163.464,229.928,0.943746,2307027729,2307027729,0,28,LC4,LC4,blue,dend[229],0.236780563
1471601440,173377382,1,115.928,157.368,218.672,0.987583,2307027729,2307027729,0,28,LC4,LC4,blue,dend[1019],0.746751564
1471601440,173743292,1,123.408,165.864,219.768,0.968502,2307027729,2307027729,0,28,LC4,LC4,blue,dend[1148],0.8472652
1471601440,173042103,1,122.752,162.712,217.68,0.45987347,2307027729,2307027729,0,28,LC4,LC4,blue,dend[1187],0.930389327
1471601440,173042455,1,122.856,163.056,217.696,0.71752,2307027729,2307027729,0,28,LC4,LC4,blue,dend[1187],0.821717995
1471601440,173296028,1,116.336,157.688,218.76,0.976827,2307027729,2307027729,0,28,LC4,LC4,blue,dend[1019],0.697909696
1471601440,173734898,1,124.576,166.528,220.048,0.999708,2307027729,2307027729,0,28,LC4,LC4,blue,dend[1147],0.617874313
1471601440,177310920,1,107.88,160.312,230.864,0.817,2307027729,2307027729,0,28,LC4,LC4,blue,dend[183],0.629223443
1471601440,172112133,1,109.624,155.088,215.216,0.4674862,2307027729,2307027729,0,28,LC4,LC4,blue,dend[1123],0.907903093
1471601440,177116368,1,86.688,162.24,230.552,0.975959,2307027729,2307027729,0,28,LC4,LC4,blue,dend[293],0.813403266
1471601440,177505447,1,106.912,159.272,231.464,0.999689,2307027729,2307027729,0,28,LC4,LC4,blue,dend[183],0.945971398
1471601440,173417953,1,122.336,162.44,219.328,0.804097,2307027729,2307027729,0,28,LC4,LC4,blue,dend[1177],0.354119895
1471601440,171348549,1,122.968,160.128,213.56,0.978962,2307027729,2307027729,0,28,LC4,LC4,blue,dend[1202],0.763713418
1471601440,176876661,1,100.744,163.528,229.264,0.999963,2307027729,2307027729,0,28,LC4,LC4,blue,dend[229],0.332085348
1471601440,173863613,1,124.52,166.4,220.464,0.99998,2307027729,2307027729,0,28,LC4,LC4,blue,dend[1147],0.616767276
1471601440,173131329,1,117.424,160.456,218.376,0.759344,2307027729,2307027729,0,28,LC4,LC4,blue,dend[1008],1
1471601440,177492158,1,86.968,162.88,231.264,0.978591,2307027729,2307027729,0,28,LC4,LC4,blue,dend[291],0.875322394
1471601440,178947642,1,111.808,168.144,236.712,0.960984,2307027729,2307027729,0,28,LC4,LC4,blue,dend[409],0.986784462
1471601440,173395821,1,116.112,157.336,218.832,0.697748,2307027729,2307027729,0,28,LC4,LC4,blue,dend[1019],0.77735955
1471601440,176729881,1,103.944,158.952,228.608,0.997234,2307027729,2307027729,0,28,LC4,LC4,blue,dend[185],0.147915056
1471601440,177467055,1,99.712,162.696,231.448,0.991604,2307027729,2307027729,0,28,LC4,LC4,blue,dend[296],0.67821308
1498574596,171453667,1,114.336,148.336,213.552,0.37796,2307027729,2307027729,0,23,LC4,LC4,blue,dend[1024],0.302989497
1498574596,172456748,1,122.944,168,216.128,0.985088,2307027729,2307027729,0,23,LC4,LC4,blue,dend[1190],0.736095962
1498574596,175804795,1,120.36,169.776,226.664,0.980952,2307027729,2307027729,0,23,LC4,LC4,blue,dend[371],0.549048529
1498574596,177474704,1,101.264,164.888,231.192,1,2307027729,2307027729,0,23,LC4,LC4,blue,dend[230],0.624109532
1498574596,172594297,1,124.04,168.128,216.488,0.68539,2307027729,2307027729,0,23,LC4,LC4,blue,dend[1190],0.536945911
1498574596,174784596,1,121.76,164.96,222.904,0.999989,2307027729,2307027729,0,23,LC4,LC4,blue,dend[995],0.753530181
1498574596,175354129,1,113.6,166.92,224.624,0.995508,2307027729,2307027729,0,23,LC4,LC4,blue,dend[986],0.887294381
1498574596,174209311,1,116.472,162.184,221.048,0.99293,2307027729,2307027729,0,23,LC4,LC4,blue,dend[1134],0.292932383
1498574596,175311259,1,119.448,171.296,224.568,0.919,2307027729,2307027729,0,23,LC4,LC4,blue,dend[373],0.920051384
1498574596,176088631,1,122.16,169.128,226.736,0.999997,2307027729,2307027729,0,23,LC4,LC4,blue,dend[368],1
1498574596,176105654,1,120.56,171.44,227.472,0.999834,2307027729,2307027729,0,23,LC4,LC4,blue,dend[373],0.498088414
1498574596,173228404,1,121.048,167.312,218.576,0.922993,2307027729,2307027729,0,23,LC4,LC4,blue,dend[1151],0.34538021
1498574596,174310440,1,121.968,163.864,221.528,0.999176,2307027729,2307027729,0,23,LC4,LC4,blue,dend[995],1
1498574596,172767743,1,124.4,167.632,216.84,0.907869,2307027729,2307027729,0,23,LC4,LC4,blue,dend[158],0.499945311
1498574596,173701342,1,122.36,163.16,219.792,0.991986,2307027729,2307027729,0,23,LC4,LC4,blue,dend[1177],0.181686708
1498574596,173339767,1,122.992,161.928,219.056,0.923395,2307027729,2307027729,0,23,LC4,LC4,blue,dend[1177],0.508095573
1498574596,175314817,1,119.512,171.032,224.736,0.967085,2307027729,2307027729,0,23,LC4,LC4,blue,dend[373],0.873010826
1498574596,174603676,1,103.768,161.208,222.64,0.999289,2307027729,2307027729,0,23,LC4,LC4,blue,dend[341],0.96694669
1498574596,174259510,1,116.688,162.952,221.448,0.949323,2307027729,2307027729,0,23,LC4,LC4,blue,dend[1134],0.410557869
1498574596,174201626,1,116.488,163.24,221.664,0.998466,2307027729,2307027729,0,23,LC4,LC4,blue,dend[1134],0.483632959
1498574596,176234314,1,120.368,171.528,227.68,0.999706,2307027729,2307027729,0,23,LC4,LC4,blue,dend[373],0.489882822
1498574596,173042538,1,120.504,167.68,217.944,0.992634,2307027729,2307027729,0,23,LC4,LC4,blue,dend[1157],0.926769906
1498574596,175924410,1,109.192,163.872,226.576,0.98115,2307027729,2307027729,0,23,LC4,LC4,blue,dend[179],0.587496179
1503999967,173268683,1,120.048,164.616,218.6,0.4619624,2307027729,2307027729,0,20,LC4,LC4,blue,dend[1161],0.75568656
1503999967,178875124,1,112.6,168.888,236.184,0.846239,2307027729,2307027729,0,20,LC4,LC4,blue,dend[409],0.714812763
1503999967,174366738,1,123.56,165.032,221.896,0.951182,2307027729,2307027729,0,20,LC4,LC4,blue,dend[995],0.66993622
1503999967,182869596,1,112.4,181.712,250.936,0.985924,2307027729,2307027729,0,20,LC4,LC4,blue,dend[463],1
1503999967,178005154,1,108.48,161.568,233.016,0.963075,2307027729,2307027729,0,20,LC4,LC4,blue,dend[342],0.803048488
1503999967,172696893,1,119.144,164.056,216.96,0.847179,2307027729,2307027729,0,20,LC4,LC4,blue,dend[1162],0.365583112
1503999967,178104894,1,96.616,162.272,233.24,0.762737,2307027729,2307027729,0,20,LC4,LC4,blue,dend[328],0.984365147
1503999967,178875133,1,113.184,169.544,236.064,0.882628,2307027729,2307027729,0,20,LC4,LC4,blue,dend[409],0.510415339
1503999967,173305332,1,111.416,159.768,218.84,0.969705,2307027729,2307027729,0,20,LC4,LC4,blue,dend[1058],0.531655099
1503999967,173310728,1,111.512,159.44,219.016,0.480226,2307027729,2307027729,0,20,LC4,LC4,blue,dend[1058],0.558228135
1503999967,173878261,1,125.528,164.832,220.152,0.972239,2307027729,2307027729,0,20,LC4,LC4,blue,dend[1182],0.355757017
1503999967,178874323,1,113.792,170.088,236,0.921796,2307027729,2307027729,0,20,LC4,LC4,blue,dend[409],0.318873407
1503999967,178217354,1,108.44,161.056,233.544,0.977436,2307027729,2307027729,0,20,LC4,LC4,blue,dend[342],0.960309278
1503999967,174315019,1,122.264,164.432,221.888,0.830277,2307027729,2307027729,0,20,LC4,LC4,blue,dend[995],0.873366157
1503999967,179356694,1,113.376,172.024,237.88,0.752348,2307027729,2307027729,0,20,LC4,LC4,blue,dend[417],0.924747474
1503999967,173181842,1,109.672,155.024,218.384,0.84238,2307027729,2307027729,0,20,LC4,LC4,blue,dend[1052],1
1503999967,180112688,1,113.272,175.224,240.816,0.996985,2307027729,2307027729,0,20,LC4,LC4,blue,dend[421],0.94838648
1503999967,178804551,1,114.256,170.28,236.224,0.597109,2307027729,2307027729,0,20,LC4,LC4,blue,dend[409],0.213785302
1503999967,172538141,1,119.104,161.2,216.488,0.54,2307027729,2307027729,0,20,LC4,LC4,blue,dend[1171],0.859013039
1503999967,178875138,1,114.016,169.952,236.056,0.821815,2307027729,2307027729,0,20,LC4,LC4,blue,dend[409],0.297065076
1562673627,171333157,1,115.72,149.344,213.448,0.984255,2307027729,2307027729,0,39,LC4,LC4,blue,dend[1023],0.992419633
1562673627,171598143,1,114.24,148.432,213.72,0.999969,2307027729,2307027729,0,39,LC4,LC4,blue,dend[1024],0.309978127
1562673627,171617246,1,115.056,148.92,213.96,0.998837,2307027729,2307027729,0,39,LC4,LC4,blue,dend[1022],0.93840626
1562673627,173677247,1,122.352,163.192,219.792,0.99027,2307027729,2307027729,0,39,LC4,LC4,blue,dend[1177],0.175143655
1562673627,171549592,1,115.072,148.904,213.92,0.936,2307027729,2307027729,0,39,LC4,LC4,blue,dend[1022],0.947432297
1562673627,176327630,1,103.776,158.704,228.128,0.686,2307027729,2307027729,0,39,LC4,LC4,blue,dend[185],0.199586176
1562673627,177789804,1,100.84,165.896,232.608,0.925306,2307027729,2307027729,0,39,LC4,LC4,blue,dend[233],0.357030941
1562673627,177429931,1,119.264,168.784,231.072,0.771243,2307027729,2307027729,0,39,LC4,LC4,blue,dend[380],0.737209989
1562673627,178507344,1,96.208,164.36,234.856,0.959539,2307027729,2307027729,0,39,LC4,LC4,blue,dend[242],0.646130603
1562673627,171560060,1,114.624,148.64,213.736,0.997402,2307027729,2307027729,0,39,LC4,LC4,blue,dend[1022],1
1562673627,175586665,1,118.8,165.176,225.656,0.994345,2307027729,2307027729,0,39,LC4,LC4,blue,dend[1142],1
1562673627,173766286,1,106.568,151.832,220.328,0.91492,2307027729,2307027729,0,39,LC4,LC4,blue,dend[1039],0.898108834
1562673627,176125195,1,118.704,168.232,226.776,0.856918,2307027729,2307027729,0,39,LC4,LC4,blue,dend[371],0.57892223
1562673627,173204709,1,120.232,164.528,218.2,0.718097,2307027729,2307027729,0,39,LC4,LC4,blue,dend[1161],0.458338303
1562673627,176169006,1,118.312,169.352,227.248,0.824113,2307027729,2307027729,0,39,LC4,LC4,blue,dend[371],0.718812297
1562673627,175637525,1,124.792,164.88,225.512,0.992438,2307027729,2307027729,0,39,LC4,LC4,blue,dend[163],0.930302075
1562673627,176735574,1,105.192,159.12,228.904,0.966754,2307027729,2307027729,0,39,LC4,LC4,blue,dend[185],0.040596773
1562673627,177094389,1,119.16,168.76,230.2,0.999595,2307027729,2307027729,0,39,LC4,LC4,blue,dend[380],0.488516313
1562673627,173075010,1,120.728,164.552,217.92,1,2307027729,2307027729,0,39,LC4,LC4,blue,dend[1160],0.74220011
1562673627,178506894,1,96.616,164.24,234.568,0.989592,2307027729,2307027729,0,39,LC4,LC4,blue,dend[242],0.440855387
1562673627,176590945,1,104.856,159.016,228.8,0.998358,2307027729,2307027729,0,39,LC4,LC4,blue,dend[185],0.074759525
1562673627,176679518,1,104.4,158.984,228.536,0.974324,2307027729,2307027729,0,39,LC4,LC4,blue,dend[185],0.119577195
1562673627,173937732,1,125.888,163.304,220.568,0.852984,2307027729,2307027729,0,39,LC4,LC4,blue,dend[1182],0.484701246
1562673627,178358905,1,98.224,164.744,234.272,0.996725,2307027729,2307027729,0,39,LC4,LC4,blue,dend[239],0.911039873
1562673627,176452440,1,106.8,163.128,228.136,0.999986,2307027729,2307027729,0,39,LC4,LC4,blue,dend[341],0.270265814
1562673627,178235893,1,96.56,164.376,234.352,0.906664,2307027729,2307027729,0,39,LC4,LC4,blue,dend[242],0.427665064
1562673627,173939225,1,125.888,163.304,220.56,0.814,2307027729,2307027729,0,39,LC4,LC4,blue,dend[1182],0.486118879
1562673627,172552995,1,114.024,158.232,216.648,0.749198,2307027729,2307027729,0,39,LC4,LC4,blue,dend[1130],1
1562673627,174991326,1,124.888,165,223.296,0.988201,2307027729,2307027729,0,39,LC4,LC4,blue,dend[163],0.577828394
1562673627,177967992,1,99.56,165.768,233.12,0.9958,2307027729,2307027729,0,39,LC4,LC4,blue,dend[246],1
1562673627,173630015,1,125.192,164.152,219.68,0.4760531,2307027729,2307027729,0,39,LC4,LC4,blue,dend[1182],0.637710404
1562673627,173337005,1,111.296,156.192,219.008,0.928868,2307027729,2307027729,0,39,LC4,LC4,blue,dend[1053],0.439099229
1562673627,176447265,1,106.352,163.16,227.824,0.977426,2307027729,2307027729,0,39,LC4,LC4,blue,dend[341],0.314968563
1562673627,177418692,1,118.944,169.392,231.024,0.996,2307027729,2307027729,0,39,LC4,LC4,blue,dend[380],0.934517849
1562673627,173637369,1,109.592,156.392,219.584,0.769615,2307027729,2307027729,0,39,LC4,LC4,blue,dend[1051],1
1562673627,176433834,1,106.648,163.016,227.92,0.994893,2307027729,2307027729,0,39,LC4,LC4,blue,dend[341],0.300360623
1562673627,177967381,1,99.92,165.032,232.984,0.959097,2307027729,2307027729,0,39,LC4,LC4,blue,dend[233],0.320070831
1562673627,173196289,1,121.104,165.24,218.264,0.999666,2307027729,2307027729,0,39,LC4,LC4,blue,dend[1159],0.888274348
1562673627,178416156,1,97.728,163.784,234.432,0.995306,2307027729,2307027729,0,39,LC4,LC4,blue,dend[240],0.982125269
1590979045,177086530,1,112.384,166.088,229.84,0.996563,2307027729,2307027729,0,31,LC4,LC4,blue,dend[364],1
1590979045,176161713,1,99.808,162.944,227.416,0.952196,2307027729,2307027729,0,31,LC4,LC4,blue,dend[229],0.639552818
1590979045,173198545,1,107.776,160.256,218.816,0.810417,2307027729,2307027729,0,31,LC4,LC4,blue,dend[1125],0.846089376
1590979045,175318094,1,119.304,171.368,224.76,0.99988,2307027729,2307027729,0,31,LC4,LC4,blue,dend[373],0.909806231
1590979045,176538640,1,99.872,163.248,228.28,0.960576,2307027729,2307027729,0,31,LC4,LC4,blue,dend[229],0.5063505
1590979045,174673371,1,122.64,171.264,222.936,0.942555,2307027729,2307027729,0,31,LC4,LC4,blue,dend[1144],0.92176326
1590979045,175670899,1,119.648,171.312,225.56,0.861808,2307027729,2307027729,0,31,LC4,LC4,blue,dend[373],0.783449665
1590979045,173229310,1,112.328,161.072,218.288,0.60866,2307027729,2307027729,0,31,LC4,LC4,blue,dend[1058],0.280720902
1590979045,174732521,1,122.328,171.328,222.816,0.997,2307027729,2307027729,0,31,LC4,LC4,blue,dend[1144],0.964433846
1590979045,176892458,1,116.768,170.84,229.76,0.78,2307027729,2307027729,0,31,LC4,LC4,blue,dend[379],0.837069014
1590979045,176366132,1,117.248,172.064,228.04,0.46872061,2307027729,2307027729,0,31,LC4,LC4,blue,dend[383],0.999676642
1590979045,176868915,1,117.28,170.624,229.472,0.820445,2307027729,2307027729,0,31,LC4,LC4,blue,dend[379],0.726947124
1590979045,173297160,1,119.968,164.696,218.576,0.963025,2307027729,2307027729,0,31,LC4,LC4,blue,dend[1161],0.793758874
1590979045,177162216,1,101.976,161.864,230.176,0.988319,2307027729,2307027729,0,31,LC4,LC4,blue,dend[336],1
1590979045,173039354,1,121.544,167.04,218.304,0.816707,2307027729,2307027729,0,31,LC4,LC4,blue,dend[1158],0.924097563
1590979045,173229328,1,113.368,162.888,218.408,0.972138,2307027729,2307027729,0,31,LC4,LC4,blue,dend[1129],0.622040627
1590979045,173109024,1,121.192,165.688,217.672,0.99245,2307027729,2307027729,0,31,LC4,LC4,blue,dend[1159],0.912902791
1590979045,177216812,1,103.184,162.072,230.336,0.64976,2307027729,2307027729,0,31,LC4,LC4,blue,dend[336],1
1590979045,176182517,1,118.08,173.52,226.792,0.841913,2307027729,2307027729,0,31,LC4,LC4,blue,dend[381],0.984199444
1590979045,174524484,1,122.24,171.152,222.624,0.987547,2307027729,2307027729,0,31,LC4,LC4,blue,dend[1144],0.963767377
1590979045,173701473,1,123.736,171.488,219.816,0.828476,2307027729,2307027729,0,31,LC4,LC4,blue,dend[1179],1
1590979045,173286467,1,122.2,166.68,219.056,0.999987,2307027729,2307027729,0,31,LC4,LC4,blue,dend[1149],0.798341515
1590979045,173198655,1,121.632,166.896,218.792,0.964476,2307027729,2307027729,0,31,LC4,LC4,blue,dend[1150],0.638786155
1590979045,175649896,1,119.44,171.576,225.776,0.775,2307027729,2307027729,0,31,LC4,LC4,blue,dend[373],0.789777447
1590979045,173396899,1,116.584,164.696,219.344,0.68239,2307027729,2307027729,0,31,LC4,LC4,blue,dend[1003],0.949949486
1590979045,173870564,1,123.384,171.28,220.112,0.992,2307027729,2307027729,0,31,LC4,LC4,blue,dend[1179],1
1590979045,173229336,1,113.536,163.016,218.416,0.981215,2307027729,2307027729,0,31,LC4,LC4,blue,dend[1129],0.636297701
1590979045,173599002,1,123.36,171.064,219.96,0.996689,2307027729,2307027729,0,31,LC4,LC4,blue,dend[1179],1
1590979045,173396900,1,116.832,164.76,219.352,0.628138,2307027729,2307027729,0,31,LC4,LC4,blue,dend[1003],0.851284677
1590979045,176606538,1,96.528,160.496,228.76,0.928323,2307027729,2307027729,0,31,LC4,LC4,blue,dend[317],0.76158814
1590979045,176982212,1,115.728,169.904,229.808,0.889836,2307027729,2307027729,0,31,LC4,LC4,blue,dend[379],1
1621357756,176097904,1,109.832,165.136,227.008,0.990522,2307027729,2307027729,0,36,LC4,LC4,blue,dend[178],0.611695556
1621357756,176415017,1,119.032,168.92,227.696,0.794412,2307027729,2307027729,0,36,LC4,LC4,blue,dend[371],0.525174186
1621357756,172131811,1,122.216,167.136,215.8,0.99948,2307027729,2307027729,0,36,LC4,LC4,blue,dend[1191],0.676510775
1621357756,172599411,1,124.728,166.4,216.952,0.79955,2307027729,2307027729,0,36,LC4,LC4,blue,dend[158],0.772068444
1621357756,175871170,1,99.936,163.056,226.552,0.90948,2307027729,2307027729,0,36,LC4,LC4,blue,dend[229],0.75244466
1621357756,175996529,1,104.96,162.776,226.864,0.999962,2307027729,2307027729,0,36,LC4,LC4,blue,dend[341],0.472049548
1621357756,173900499,1,126.968,164.512,220.296,0.992806,2307027729,2307027729,0,36,LC4,LC4,blue,dend[159],1
1621357756,175142344,1,117.328,170.848,224.12,0.541844,2307027729,2307027729,0,36,LC4,LC4,blue,dend[377],0.754378585
1621357756,172700866,1,124.64,166.104,216.968,0.611,2307027729,2307027729,0,36,LC4,LC4,blue,dend[158],0.778774481
1621357756,174888991,1,116.92,170.256,223.248,0.947387,2307027729,2307027729,0,36,LC4,LC4,blue,dend[377],1
1621357756,176112350,1,123.6,165.192,227.288,0.999739,2307027729,2307027729,0,36,LC4,LC4,blue,dend[163],1
1621357756,175818402,1,104.016,162.608,226.144,0.809,2307027729,2307027729,0,36,LC4,LC4,blue,dend[341],0.581250858
1621357756,176082866,1,117.952,173.912,227.08,0.992304,2307027729,2307027729,0,36,LC4,LC4,blue,dend[381],0.992065301
1621357756,173383063,1,124.856,164.336,219.168,0.984536,2307027729,2307027729,0,36,LC4,LC4,blue,dend[1182],0.767802657
1621357756,175992643,1,120.264,169.608,226.664,0.98448,2307027729,2307027729,0,36,LC4,LC4,blue,dend[371],0.542073119
1621357756,173032853,1,125.4,165.64,217.856,0.999991,2307027729,2307027729,0,36,LC4,LC4,blue,dend[159],0.275902955
1621357756,172280730,1,123.448,167.56,215.936,0.94479,2307027729,2307027729,0,36,LC4,LC4,blue,dend[1190],0.557555765
1621357756,172306591,1,121.416,167.264,215.696,0.96044,2307027729,2307027729,0,36,LC4,LC4,blue,dend[1191],0.864266741
1621357756,176085396,1,123.024,167.192,226.8,0.99016,2307027729,2307027729,0,36,LC4,LC4,blue,dend[163],1
1621357756,173229508,1,120.24,168.4,218.552,0.943864,2307027729,2307027729,0,36,LC4,LC4,blue,dend[1152],1
1621357756,176089072,1,114.112,170.88,226.84,0.749282,2307027729,2307027729,0,36,LC4,LC4,blue,dend[369],0.988676006
1621357756,176119299,1,119.168,168.328,227.384,0.974346,2307027729,2307027729,0,36,LC4,LC4,blue,dend[371],0.467096464
1621357756,176097913,1,110.208,165.624,227.168,0.931723,2307027729,2307027729,0,36,LC4,LC4,blue,dend[178],1
1621357756,175773457,1,123.704,167.744,226.296,0.997766,2307027729,2307027729,0,36,LC4,LC4,blue,dend[163],1
1621357756,175200120,1,117.672,171.176,224.24,0.983484,2307027729,2307027729,0,36,LC4,LC4,blue,dend[375],1
1621357756,172859510,1,120.464,167.712,217.848,0.679,2307027729,2307027729,0,36,LC4,LC4,blue,dend[1157],1
1621357756,173655729,1,127.088,164.84,219.912,0.999801,2307027729,2307027729,0,36,LC4,LC4,blue,dend[159],1
1621357756,175939626,1,118.256,173.544,226.44,0.979618,2307027729,2307027729,0,36,LC4,LC4,blue,dend[381],1
1621357756,173132247,1,120.064,167.848,218.4,0.972038,2307027729,2307027729,0,36,LC4,LC4,blue,dend[1153],0.374277485
1621357756,172218498,1,121.448,167.24,215.92,0.861034,2307027729,2307027729,0,36,LC4,LC4,blue,dend[1191],0.871338312
1621357756,172239797,1,123.104,167.568,215.52,0.990097,2307027729,2307027729,0,36,LC4,LC4,blue,dend[1191],0.472367888
1621357756,176295010,1,120.968,169.168,227.616,0.999683,2307027729,2307027729,0,36,LC4,LC4,blue,dend[378],0.857603729
1621357756,173770249,1,126.432,163.952,220.304,0.857806,2307027729,2307027729,0,36,LC4,LC4,blue,dend[1182],0.29373409
1621357756,172406294,1,123.104,167.808,216.04,0.910518,2307027729,2307027729,0,36,LC4,LC4,blue,dend[1190],0.670192355
1621357756,175804703,1,123.608,164.08,226.592,0.996458,2307027729,2307027729,0,36,LC4,LC4,blue,dend[163],1
1621357756,175642281,1,123.688,167.04,225.904,0.919,2307027729,2307027729,0,36,LC4,LC4,blue,dend[163],1
1625080038,173363646,1,121.568,160.32,218.928,0.768753,2307027729,2307027729,0,35,LC4,LC4,blue,dend[1139],0.970444949
1625080038,172765572,1,116.48,156.936,217.328,0.961786,2307027729,2307027729,0,35,LC4,LC4,blue,dend[1027],0.294929086
1625080038,176974485,1,109.008,165.176,229.944,0.957532,2307027729,2307027729,0,35,LC4,LC4,blue,dend[176],1
1625080038,174850866,1,123.536,165.184,223.448,0.996131,2307027729,2307027729,0,35,LC4,LC4,blue,dend[995],0.486506615
1625080038,175333242,1,121.888,168.488,224.68,0.742538,2307027729,2307027729,0,35,LC4,LC4,blue,dend[163],1
1625080038,177196420,1,109.28,164.88,230.352,0.963637,2307027729,2307027729,0,35,LC4,LC4,blue,dend[176],0.665835789
1625080038,174848107,1,122.976,164.648,223.064,0.997429,2307027729,2307027729,0,35,LC4,LC4,blue,dend[995],0.647819797
1625080038,174804899,1,122.28,164.488,222.984,0.892139,2307027729,2307027729,0,35,LC4,LC4,blue,dend[995],0.74642082
1625080038,175798179,1,115.4,163.952,226.224,0.993279,2307027729,2307027729,0,35,LC4,LC4,blue,dend[988],0.079247045
1625080038,177050676,1,109.096,164.976,230.36,0.803,2307027729,2307027729,0,35,LC4,LC4,blue,dend[176],0.820566333
1625080038,176084554,1,102.584,157.648,227.336,0.931558,2307027729,2307027729,0,35,LC4,LC4,blue,dend[185],0.38919614
1625080038,176494831,1,116.896,168.328,228.424,0.999982,2307027729,2307027729,0,35,LC4,LC4,blue,dend[369],0.509080915
1625080038,176105586,1,116.392,166.064,227.52,0.80591,2307027729,2307027729,0,35,LC4,LC4,blue,dend[983],0.786550421
1625080038,172941749,1,121.424,164.92,217.92,0.999956,2307027729,2307027729,0,35,LC4,LC4,blue,dend[1160],0.183836921
1625080038,172932064,1,121.392,165.408,217.992,0.998691,2307027729,2307027729,0,35,LC4,LC4,blue,dend[1159],0.854776114
1625080038,176307014,1,102.896,158.432,227.824,0.986121,2307027729,2307027729,0,35,LC4,LC4,blue,dend[185],0.290584441
1625080038,175819457,1,115.496,164.128,226.392,0.95134,2307027729,2307027729,0,35,LC4,LC4,blue,dend[988],0.013175658
1625080038,174149238,1,112.536,155.728,220.992,0.636001,2307027729,2307027729,0,35,LC4,LC4,blue,dend[1030],0.779008989
1625080038,173015997,1,121.184,164.144,217.648,0.999481,2307027729,2307027729,0,35,LC4,LC4,blue,dend[1160],0.856240986
1625080038,174883962,1,122.984,165.272,223.624,0.843788,2307027729,2307027729,0,35,LC4,LC4,blue,dend[995],0.513777287
1625080038,177014840,1,109.056,163.656,229.64,0.999998,2307027729,2307027729,0,35,LC4,LC4,blue,dend[175],0.62144376
1625080038,175684693,1,93.92,161.648,225.92,0.954265,2307027729,2307027729,0,35,LC4,LC4,blue,dend[307],0.38057693
1625080038,177574240,1,109.504,166.768,231.528,0.857533,2307027729,2307027729,0,35,LC4,LC4,blue,dend[345],1
1625080038,176352659,1,103.208,158.584,227.944,0.999,2307027729,2307027729,0,35,LC4,LC4,blue,dend[185],0.253867397
1625080038,175341556,1,115.088,162.32,224.976,0.999713,2307027729,2307027729,0,35,LC4,LC4,blue,dend[988],0.824605418
1625080038,172800327,1,121.272,164.432,217.6,0.921,2307027729,2307027729,0,35,LC4,LC4,blue,dend[1160],0.620146231
1625080038,173829893,1,112.592,155.832,220,0.911117,2307027729,2307027729,0,35,LC4,LC4,blue,dend[1029],1
1625080038,173818278,1,113.2,156.816,220.088,0.994091,2307027729,2307027729,0,35,LC4,LC4,blue,dend[1029],0.822094704
1625080038,173569431,1,111.048,153.624,219.84,0.811314,2307027729,2307027729,0,35,LC4,LC4,blue,dend[1049],0.342091972
1625080038,173614771,1,122.528,162.296,219.32,0.998948,2307027729,2307027729,0,35,LC4,LC4,blue,dend[1177],0.392498067
1625080038,174494882,1,122.184,163.88,222.16,1,2307027729,2307027729,0,35,LC4,LC4,blue,dend[995],0.916238321
1625080038,173753684,1,112.2,155.616,219.968,0.989885,2307027729,2307027729,0,35,LC4,LC4,blue,dend[1030],0.618080257
1625080038,175620099,1,123.36,170.744,225.584,0.999544,2307027729,2307027729,0,35,LC4,LC4,blue,dend[1144],0.558453936
1625080038,176467155,1,117.024,166.232,227.96,0.976942,2307027729,2307027729,0,35,LC4,LC4,blue,dend[983],0.668272033
1625080038,175173556,1,112.72,154.272,224.056,0.994098,2307027729,2307027729,0,35,LC4,LC4,blue,dend[1054],1
1627117134,172698554,1,120.952,163.992,217.096,0.958,2307027729,2307027729,0,35,LC4,LC4,blue,dend[1163],0.182643077
1627117134,177608167,1,111.6,162.832,231.352,0.832739,2307027729,2307027729,0,35,LC4,LC4,blue,dend[170],0.541454227
1627117134,173131244,1,115.68,154.072,218.32,0.926299,2307027729,2307027729,0,35,LC4,LC4,blue,dend[1020],0.513303629
1627117134,173863539,1,116.968,161.52,220.552,0.999147,2307027729,2307027729,0,35,LC4,LC4,blue,dend[1006],1
1627117134,176289553,1,117.704,159.344,227.792,0.391796,2307027729,2307027729,0,35,LC4,LC4,blue,dend[990],0.982852371
1627117134,177940986,1,92.408,158.256,233.16,0.991867,2307027729,2307027729,0,35,LC4,LC4,blue,dend[325],0.915393535
1627117134,173099858,1,123.056,159.776,218.4,0.719733,2307027729,2307027729,0,35,LC4,LC4,blue,dend[1177],0.973875205
1627117134,172870561,1,120.744,163.352,217.304,1,2307027729,2307027729,0,35,LC4,LC4,blue,dend[1163],0.362258359
1627117134,176182342,1,118.064,159.328,226.744,0.53744,2307027729,2307027729,0,35,LC4,LC4,blue,dend[993],0.583978848
1627117134,177609063,1,107.296,159.904,231.752,0.995107,2307027729,2307027729,0,35,LC4,LC4,blue,dend[183],1
1627117134,177919193,1,112.72,164.112,232.728,0.997,2307027729,2307027729,0,35,LC4,LC4,blue,dend[360],0.504910549
1627117134,177782414,1,112.456,164.784,232.672,0.849903,2307027729,2307027729,0,35,LC4,LC4,blue,dend[358],1
1627117134,177619115,1,111.76,162.584,231.408,0.992045,2307027729,2307027729,0,35,LC4,LC4,blue,dend[170],0.634460693
1627117134,179374604,1,97.152,163.256,237.488,0.645128,2307027729,2307027729,0,35,LC4,LC4,blue,dend[244],1
1627117134,177350215,1,95.128,152.968,230.744,0.983051,2307027729,2307027729,0,35,LC4,LC4,blue,dend[298],0.639809518
1627117134,174131373,1,118.728,162.504,221.032,0.997862,2307027729,2307027729,0,35,LC4,LC4,blue,dend[1006],0.293970723
1627117134,177771957,1,112.12,164.36,232.616,0.990143,2307027729,2307027729,0,35,LC4,LC4,blue,dend[359],0.193242217
1627117134,177636145,1,107.424,159.904,231.856,0.914756,2307027729,2307027729,0,35,LC4,LC4,blue,dend[183],1
1627117134,178335634,1,97.68,163.424,234.616,0.997006,2307027729,2307027729,0,35,LC4,LC4,blue,dend[241],0.333828848
1627117134,173147429,1,114.224,159.768,218.192,0.967487,2307027729,2307027729,0,35,LC4,LC4,blue,dend[1056],0.389226224
1627117134,172899046,1,115.664,153.984,217.832,0.999499,2307027729,2307027729,0,35,LC4,LC4,blue,dend[1020],0.557047418
1627117134,173287857,1,109.752,155.256,218.488,0.840847,2307027729,2307027729,0,35,LC4,LC4,blue,dend[1052],0.953595409
1627117134,173925006,1,116.672,161.984,220.744,0.999845,2307027729,2307027729,0,35,LC4,LC4,blue,dend[1134],0.231384184
1627117134,173068046,1,120.872,164.04,217.816,0.960248,2307027729,2307027729,0,35,LC4,LC4,blue,dend[1160],1
1627117134,176748260,1,117.592,164.032,229.032,0.999999,2307027729,2307027729,0,35,LC4,LC4,blue,dend[990],0.496939577
1627117134,174341439,1,116.552,157.592,221.848,0.921761,2307027729,2307027729,0,35,LC4,LC4,blue,dend[1014],0.927704062
1627117134,178129633,1,96.576,162.376,233.288,0.99967,2307027729,2307027729,0,35,LC4,LC4,blue,dend[328],1
1627117134,173150090,1,115.752,154.888,218.448,0.999994,2307027729,2307027729,0,35,LC4,LC4,blue,dend[1020],0.372162058
1627117134,176264182,1,117.84,159,227.656,0.983,2307027729,2307027729,0,35,LC4,LC4,blue,dend[991],0.230479365
1627117134,177324042,1,95.344,153.04,231.104,0.935014,2307027729,2307027729,0,35,LC4,LC4,blue,dend[298],0.542050619
1627117134,177325617,1,95.952,153.184,230.744,0.93485,2307027729,2307027729,0,35,LC4,LC4,blue,dend[298],0.331988024
1627117134,173219626,1,114.76,159.832,218.608,0.997133,2307027729,2307027729,0,35,LC4,LC4,blue,dend[1028],0.932969557
1627117134,178099670,1,93.08,158.176,233.104,0.954329,2307027729,2307027729,0,35,LC4,LC4,blue,dend[325],0.616704309
1627117134,173133146,1,116.024,154.872,218.272,0.98291,2307027729,2307027729,0,35,LC4,LC4,blue,dend[1020],0.371185155
1627117134,173084960,1,109.704,155.176,218.456,0.990304,2307027729,2307027729,0,35,LC4,LC4,blue,dend[1052],1
1688505620,179589025,1,113.712,173.68,238.208,0.910803,2307027729,2307027729,0,34,LC4,LC4,blue,dend[418],1
1688505620,173721611,1,117.616,164.216,220.288,0.989243,2307027729,2307027729,0,34,LC4,LC4,blue,dend[1002],0.652184807
1688505620,177612204,1,99.816,162.968,232.32,0.718479,2307027729,2307027729,0,34,LC4,LC4,blue,dend[330],0.540939543
1688505620,178065816,1,112.24,164.6,233.112,0.938977,2307027729,2307027729,0,34,LC4,LC4,blue,dend[359],0.547399559
1688505620,171339698,1,115.712,149.376,213.432,0.970557,2307027729,2307027729,0,34,LC4,LC4,blue,dend[1023],1
1688505620,175455823,1,99.76,153.184,224.864,0.888239,2307027729,2307027729,0,34,LC4,LC4,blue,dend[185],1
1688505620,176533995,1,117.32,166.288,228.536,0.842975,2307027729,2307027729,0,34,LC4,LC4,blue,dend[983],0.597544273
1688505620,171335460,1,122.784,161.928,213.192,0.959742,2307027729,2307027729,0,34,LC4,LC4,blue,dend[1200],0.744973672
1688505620,175218461,1,109.528,153.368,224.352,0.746516,2307027729,2307027729,0,34,LC4,LC4,blue,dend[1046],0.969662993
1688505620,172898326,1,120.576,163.744,217.376,1,2307027729,2307027729,0,34,LC4,LC4,blue,dend[1163],0.22987805
1688505620,175148396,1,99.728,152.808,224.2,0.996624,2307027729,2307027729,0,34,LC4,LC4,blue,dend[187],0.336736762
1688505620,177782394,1,96.856,162.976,232.688,0.997633,2307027729,2307027729,0,34,LC4,LC4,blue,dend[328],0.749678886
1688505620,173003561,1,120.08,164.464,218.232,0.838396,2307027729,2307027729,0,34,LC4,LC4,blue,dend[1161],0.544268593
1688505620,177329171,1,101.944,163.8,230.912,0.997238,2307027729,2307027729,0,34,LC4,LC4,blue,dend[228],0.997982253
1688505620,174376838,1,115.368,158.384,221.952,0.998909,2307027729,2307027729,0,34,LC4,LC4,blue,dend[1014],0.108009195
1688505620,173802473,1,117.072,164.28,219.952,0.998053,2307027729,2307027729,0,34,LC4,LC4,blue,dend[1002],0.912031497
1688505620,171278471,1,122.664,160.888,212.856,0.998974,2307027729,2307027729,0,34,LC4,LC4,blue,dend[1200],0.915330543
1688505620,172911902,1,120.28,164.464,217.816,0.80915,2307027729,2307027729,0,34,LC4,LC4,blue,dend[1160],1
1688505620,176921003,1,106.616,159.896,229.552,0.999998,2307027729,2307027729,0,34,LC4,LC4,blue,dend[182],1
1688505620,171848195,1,114.984,149.648,214.76,0.995,2307027729,2307027729,0,34,LC4,LC4,blue,dend[1022],0.683149182
1688505620,172875396,1,120.528,164.112,217.44,0.996532,2307027729,2307027729,0,34,LC4,LC4,blue,dend[1160],1
1688505620,177899500,1,112.888,164.064,233.104,0.820764,2307027729,2307027729,0,34,LC4,LC4,blue,dend[360],0.865809402
1688505620,172074370,1,114.272,149.76,215.152,0.93864,2307027729,2307027729,0,34,LC4,LC4,blue,dend[1022],0.607478625
1688505620,171396700,1,122.88,159.832,213.28,0.98727,2307027729,2307027729,0,34,LC4,LC4,blue,dend[1202],0.509586173
1688505620,177082711,1,106.472,160.176,229.768,0.998515,2307027729,2307027729,0,34,LC4,LC4,blue,dend[182],1
1688505620,176751352,1,117.624,166.44,229.016,0.99994,2307027729,2307027729,0,34,LC4,LC4,blue,dend[983],0.525747233
1688505620,176502010,1,116.848,166.144,228.176,0.999489,2307027729,2307027729,0,34,LC4,LC4,blue,dend[983],0.688062475
1688505620,175060872,1,109.904,153.016,223.584,0.614091,2307027729,2307027729,0,34,LC4,LC4,blue,dend[1046],0.676606516
1688505620,177428248,1,111.784,161.28,231.424,0.952231,2307027729,2307027729,0,34,LC4,LC4,blue,dend[170],1
1688505620,177941069,1,112.936,164.136,233.104,0.735,2307027729,2307027729,0,34,LC4,LC4,blue,dend[360],0.857154185
1688505620,177976280,1,112.072,164.512,233.232,0.735974,2307027729,2307027729,0,34,LC4,LC4,blue,dend[359],0.723700173
1688505620,174497388,1,115.632,159.072,222.376,0.9924,2307027729,2307027729,0,34,LC4,LC4,blue,dend[1013],0.764741191
1688505620,176559852,1,117.376,167.624,228.856,0.988952,2307027729,2307027729,0,34,LC4,LC4,blue,dend[369],0.40876152
1688505620,177534965,1,99.296,162.72,231.352,0.99853,2307027729,2307027729,0,34,LC4,LC4,blue,dend[296],0.770227293
1715459859,177119872,1,119.176,169.28,230.128,0.940378,2307027729,2307027729,0,32,LC4,LC4,blue,dend[380],0.606000405
1715459859,174518601,1,103.488,161.176,222.24,0.557353,2307027729,2307027729,0,32,LC4,LC4,blue,dend[341],1
1715459859,177350369,1,118.952,169.472,230.848,0.99487,2307027729,2307027729,0,32,LC4,LC4,blue,dend[380],0.903121221
1715459859,175233949,1,121.68,161.552,224.2,0.986263,2307027729,2307027729,0,32,LC4,LC4,blue,dend[998],0.652730216
1715459859,172358808,1,122.864,166.816,215.88,0.951029,2307027729,2307027729,0,32,LC4,LC4,blue,dend[1191],0.511913095
1715459859,174246465,1,120.208,167.736,221.144,0.997747,2307027729,2307027729,0,32,LC4,LC4,blue,dend[1174],0.926895378
1715459859,175147029,1,114.64,162.304,224.464,0.996705,2307027729,2307027729,0,32,LC4,LC4,blue,dend[988],0.979051893
1715459859,175873742,1,118.232,159.248,226.688,0.997788,2307027729,2307027729,0,32,LC4,LC4,blue,dend[993],0.616023014
1715459859,177505531,1,99.672,165.56,231.432,0.999729,2307027729,2307027729,0,32,LC4,LC4,blue,dend[233],0.401066945
1715459859,174415025,1,118.432,164.944,222.2,0.966647,2307027729,2307027729,0,32,LC4,LC4,blue,dend[1005],0.446213776
1715459859,176982218,1,117.456,170.616,229.664,0.985157,2307027729,2307027729,0,32,LC4,LC4,blue,dend[379],0.699061785
1715459859,174667675,1,120.056,166.664,222.784,0.992061,2307027729,2307027729,0,32,LC4,LC4,blue,dend[1174],0.852828182
1715459859,173228425,1,120.208,168.568,218.584,0.997917,2307027729,2307027729,0,32,LC4,LC4,blue,dend[1152],1
1715459859,177082170,1,117.328,170.952,230.056,0.998299,2307027729,2307027729,0,32,LC4,LC4,blue,dend[379],0.742596297
1715459859,173465619,1,119.584,169.536,218.968,0.991513,2307027729,2307027729,0,32,LC4,LC4,blue,dend[1154],0.298440525
1715459859,177459572,1,100.736,164.808,231.144,0.557367,2307027729,2307027729,0,32,LC4,LC4,blue,dend[230],0.995237629
1715459859,172301818,1,122.336,166.984,215.896,0.999807,2307027729,2307027729,0,32,LC4,LC4,blue,dend[1191],0.646572131
1715459859,174978078,1,121.864,164.656,223.216,0.919785,2307027729,2307027729,0,32,LC4,LC4,blue,dend[995],0.74438488
1715459859,172923108,1,120.616,167.696,218.064,0.845406,2307027729,2307027729,0,32,LC4,LC4,blue,dend[1157],0.717548579
1715459859,172850934,1,125.856,165.192,217.632,0.999964,2307027729,2307027729,0,32,LC4,LC4,blue,dend[159],0.268245022
1715459859,175741828,1,125.936,164.84,226.16,0.999987,2307027729,2307027729,0,32,LC4,LC4,blue,dend[163],0.856351751
1715459859,176967682,1,97.12,162.76,229.696,0.968202,2307027729,2307027729,0,32,LC4,LC4,blue,dend[302],1
1715459859,174847258,1,118.112,164.976,223.04,0.879481,2307027729,2307027729,0,32,LC4,LC4,blue,dend[1005],1
1715459859,174935794,1,121.92,162.608,223.56,0.983585,2307027729,2307027729,0,32,LC4,LC4,blue,dend[996],0.597031799
1715459859,172669781,1,121.136,167.256,216.688,0.930286,2307027729,2307027729,0,32,LC4,LC4,blue,dend[1191],1
1715459859,177472357,1,100.6,165.016,231.256,0.999873,2307027729,2307027729,0,32,LC4,LC4,blue,dend[231],0.612775386
1715459859,174549174,1,118.368,164.92,222.472,0.973491,2307027729,2307027729,0,32,LC4,LC4,blue,dend[1005],0.623945399
1715459859,177144461,1,115.376,173.584,230.608,0.921274,2307027729,2307027729,0,32,LC4,LC4,blue,dend[396],1
1715459859,172676096,1,124.56,165.896,217.024,0.997822,2307027729,2307027729,0,32,LC4,LC4,blue,dend[1186],0.507823593
1715459859,174470361,1,103.8,161.192,222.552,0.847121,2307027729,2307027729,0,32,LC4,LC4,blue,dend[341],0.974394391
1715459859,173878754,1,126.712,164.072,220.584,0.397402,2307027729,2307027729,0,32,LC4,LC4,blue,dend[1182],0.161028928
1715459859,174884533,1,122.008,163.168,223.288,0.976658,2307027729,2307027729,0,32,LC4,LC4,blue,dend[996],0.405334416
1745821751,174834810,1,124.744,169.208,223.08,0.418921,2307027729,2307027729,0,32,LC4,LC4,blue,dend[1146],0.924268399
1745821751,176390873,1,100,163.24,227.968,0.97,2307027729,2307027729,0,32,LC4,LC4,blue,dend[229],0.546244465
1745821751,174413867,1,125.096,169.968,221.936,0.88823,2307027729,2307027729,0,32,LC4,LC4,blue,dend[1146],0.959246459
1745821751,172066693,1,108.8,155.52,215.224,0.992629,2307027729,2307027729,0,32,LC4,LC4,blue,dend[1122],1
1745821751,171981690,1,109.472,157.184,214.944,0.984977,2307027729,2307027729,0,32,LC4,LC4,blue,dend[1122],0.519057423
1745821751,175051809,1,123.896,165.04,223.416,0.990434,2307027729,2307027729,0,32,LC4,LC4,blue,dend[995],0.469814429
1745821751,174782185,1,126.168,169.688,222.784,0.999996,2307027729,2307027729,0,32,LC4,LC4,blue,dend[1146],0.770388665
1745821751,176483786,1,94.224,160.496,227.792,0.539809,2307027729,2307027729,0,32,LC4,LC4,blue,dend[305],0.917451038
1745821751,176584992,1,95.592,161.296,228.336,0.924291,2307027729,2307027729,0,32,LC4,LC4,blue,dend[304],0.434084488
1745821751,176590571,1,113.416,166.2,228.296,0.998,2307027729,2307027729,0,32,LC4,LC4,blue,dend[363],0.958017835
1745821751,176569839,1,119.672,172.864,228.72,0.997407,2307027729,2307027729,0,32,LC4,LC4,blue,dend[383],0.566831257
1745821751,174922149,1,123.992,164.928,223.36,0.46806347,2307027729,2307027729,0,32,LC4,LC4,blue,dend[995],0.479062199
1745821751,176569716,1,96.512,160.344,228.568,0.998673,2307027729,2307027729,0,32,LC4,LC4,blue,dend[317],0.926137015
1745821751,174413830,1,121.336,168.768,221.864,0.996973,2307027729,2307027729,0,32,LC4,LC4,blue,dend[1178],0.94589131
1745821751,175142612,1,124.096,165.528,224.176,0.995403,2307027729,2307027729,0,32,LC4,LC4,blue,dend[163],0.843231372
1745821751,176363803,1,115.88,170.128,227.528,0.786056,2307027729,2307027729,0,32,LC4,LC4,blue,dend[369],0.736408735
1745821751,175552947,1,104.112,162.664,225.536,0.857878,2307027729,2307027729,0,32,LC4,LC4,blue,dend[341],0.631001395
1745821751,178290453,1,108.224,172.568,234.424,0.993646,2307027729,2307027729,0,32,LC4,LC4,blue,dend[204],0.712825885
1745821751,174942516,1,125.872,169.576,223.504,0.999997,2307027729,2307027729,0,32,LC4,LC4,blue,dend[1146],0.835235518
1745821751,178528979,1,107.68,172.272,234.824,0.993778,2307027729,2307027729,0,32,LC4,LC4,blue,dend[204],0.946173599
1745821751,174830697,1,125.68,168.848,223.512,0.933,2307027729,2307027729,0,32,LC4,LC4,blue,dend[1146],0.71930746
1745821751,176210423,1,115.32,170.504,227.512,0.959454,2307027729,2307027729,0,32,LC4,LC4,blue,dend[369],0.817579409
1745821751,175030968,1,125.704,168.872,223.472,0.905939,2307027729,2307027729,0,32,LC4,LC4,blue,dend[1146],0.718071863
1745821751,177322970,1,101.904,164.368,230.808,0.999989,2307027729,2307027729,0,32,LC4,LC4,blue,dend[228],0.95437327
1745821751,176637276,1,113.416,166.2,228.304,0.990851,2307027729,2307027729,0,32,LC4,LC4,blue,dend[363],0.956112446
1745821751,176746519,1,100.808,163.64,229.208,0.926668,2307027729,2307027729,0,32,LC4,LC4,blue,dend[229],0.334059739
1745821751,176776324,1,112.896,166.2,229.6,0.764418,2307027729,2307027729,0,32,LC4,LC4,blue,dend[364],1
1745821751,176015087,1,119.8,172.176,226.544,0.99998,2307027729,2307027729,0,32,LC4,LC4,blue,dend[373],0.721140865
1745821751,173507248,1,110.808,159.952,219.2,0.882534,2307027729,2307027729,0,32,LC4,LC4,blue,dend[1058],0.657809748
1745821751,173616536,1,110.504,160.104,219.584,0.985181,2307027729,2307027729,0,32,LC4,LC4,blue,dend[1058],0.749417976
1745821751,176496399,1,119.352,171.76,228.288,0.811154,2307027729,2307027729,0,32,LC4,LC4,blue,dend[383],0.628648943
1745821751,174918310,1,123.824,165.296,223.736,0.999956,2307027729,2307027729,0,32,LC4,LC4,blue,dend[163],0.812009429
1749258134,175986467,1,120.08,169.704,226.472,0.987097,2307027729,2307027729,0,29,LC4,LC4,blue,dend[371],0.597523426
1749258134,172414673,1,124.6,163.992,216.424,0.931422,2307027729,2307027729,0,29,LC4,LC4,blue,dend[1189],0.93949441
1749258134,177107637,1,115.728,169.944,229.88,0.908482,2307027729,2307027729,0,29,LC4,LC4,blue,dend[379],1
1749258134,176327702,1,109.728,164.08,227.904,0.999984,2307027729,2307027729,0,29,LC4,LC4,blue,dend[177],0.726949681
1749258134,176991513,1,115.736,169.68,229.936,0.999926,2307027729,2307027729,0,29,LC4,LC4,blue,dend[379],1
1749258134,175831364,1,123.736,166.976,225.984,0.999794,2307027729,2307027729,0,29,LC4,LC4,blue,dend[163],1
1749258134,173841569,1,116.864,160.744,220.416,0.999676,2307027729,2307027729,0,29,LC4,LC4,blue,dend[1007],0.34458812
1749258134,178082711,1,101.816,164.424,233.368,0.510911,2307027729,2307027729,0,29,LC4,LC4,blue,dend[331],0.575640333
1749258134,175988027,1,122.624,168.072,226.76,0.995033,2307027729,2307027729,0,29,LC4,LC4,blue,dend[164],0.513802597
1749258134,176604293,1,107.216,163.152,228.4,0.990563,2307027729,2307027729,0,29,LC4,LC4,blue,dend[341],0.228994844
1749258134,178266853,1,101.8,163.824,233.84,0.877211,2307027729,2307027729,0,29,LC4,LC4,blue,dend[331],0.818780417
1749258134,176176842,1,115.912,165.848,227.288,0.999904,2307027729,2307027729,0,29,LC4,LC4,blue,dend[983],0.87569146
1749258134,175958848,1,122.536,169.08,226.576,0.999983,2307027729,2307027729,0,29,LC4,LC4,blue,dend[368],1
1749258134,175627495,1,122.712,168.392,225.584,0.45689285,2307027729,2307027729,0,29,LC4,LC4,blue,dend[163],1
1749258134,175588935,1,119.528,171.12,225.672,0.936349,2307027729,2307027729,0,29,LC4,LC4,blue,dend[373],0.760074358
1749258134,176340300,1,112.968,165.784,227.896,0.961151,2307027729,2307027729,0,29,LC4,LC4,blue,dend[363],0.92922408
1749258134,174008495,1,121.144,159.608,220.528,0.879743,2307027729,2307027729,0,29,LC4,LC4,blue,dend[1140],0.83683328
1749258134,173756332,1,121.416,160.224,220.088,0.945029,2307027729,2307027729,0,29,LC4,LC4,blue,dend[1138],0.983542552
1749258134,176418718,1,109.648,161.408,227.96,0.943454,2307027729,2307027729,0,29,LC4,LC4,blue,dend[346],0.902453358
1749258134,174015347,1,118.144,160.504,220.512,0.998002,2307027729,2307027729,0,29,LC4,LC4,blue,dend[1137],0.436309766
1749258134,176017206,1,123.064,168.672,226.592,0.999994,2307027729,2307027729,0,29,LC4,LC4,blue,dend[163],1
1749258134,177138152,1,101.24,160.976,230.16,0.924207,2307027729,2307027729,0,29,LC4,LC4,blue,dend[336],1
1749258134,173198569,1,123.024,161.152,218.792,0.292227,2307027729,2307027729,0,29,LC4,LC4,blue,dend[1177],0.6786634
1749258134,176450845,1,116.392,165.936,227.728,0.999318,2307027729,2307027729,0,29,LC4,LC4,blue,dend[983],0.782902365
1749258134,174262253,1,115.696,164.36,221.544,0.540224,2307027729,2307027729,0,29,LC4,LC4,blue,dend[1134],0.738221379
1749258134,171681276,1,115.584,159.192,214.616,0.846527,2307027729,2307027729,0,29,LC4,LC4,blue,dend[1128],0.673294654
1749258134,172405239,1,114.752,159.968,216.088,0.994265,2307027729,2307027729,0,29,LC4,LC4,blue,dend[1126],0.431369711
1749258134,173677194,1,121.472,159.672,219.656,0.890057,2307027729,2307027729,0,29,LC4,LC4,blue,dend[1139],0.325721238
1749258134,171916078,1,115.32,159.664,215.056,0.985399,2307027729,2307027729,0,29,LC4,LC4,blue,dend[1126],0.82806327
1781268241,176681469,1,119.416,168.12,228.888,1,2307027729,2307027729,0,32,LC4,LC4,blue,dend[371],0.259608385
1781268241,177818424,1,112.552,164.368,232.432,0.957646,2307027729,2307027729,0,32,LC4,LC4,blue,dend[358],0.939748273
1781268241,177561216,1,97.992,159.44,231.544,0.874498,2307027729,2307027729,0,32,LC4,LC4,blue,dend[297],0.35372769
1781268241,172406186,1,123.376,161.928,215.88,0.79823,2307027729,2307027729,0,32,LC4,LC4,blue,dend[1192],0.875799003
1781268241,175873248,1,105.712,158.328,226.416,0.751412,2307027729,2307027729,0,32,LC4,LC4,blue,dend[354],0.863324333
1781268241,173181859,1,117.792,156.24,218.264,0.946692,2307027729,2307027729,0,32,LC4,LC4,blue,dend[1026],0.423832329
1781268241,177077885,1,110.352,163.248,230.16,0.961085,2307027729,2307027729,0,32,LC4,LC4,blue,dend[172],0.687085347
1781268241,175384369,1,115.248,165.68,224.768,0.955132,2307027729,2307027729,0,32,LC4,LC4,blue,dend[985],1
1781268241,177099302,1,110.472,162.368,230.104,0.963912,2307027729,2307027729,0,32,LC4,LC4,blue,dend[174],0.560214937
1781268241,176796804,1,118.952,167.728,229.12,1,2307027729,2307027729,0,32,LC4,LC4,blue,dend[369],0.232348557
1781268241,177428209,1,97.92,158.576,231.632,0.999467,2307027729,2307027729,0,32,LC4,LC4,blue,dend[297],0.453222742
1781268241,174916631,1,121.704,164.52,223.12,0.728825,2307027729,2307027729,0,32,LC4,LC4,blue,dend[995],0.786995449
1781268241,173890113,1,120.888,160.936,220.568,0.988722,2307027729,2307027729,0,32,LC4,LC4,blue,dend[1138],0.657439771
1781268241,174247496,1,119.472,162.312,221.456,0.999845,2307027729,2307027729,0,32,LC4,LC4,blue,dend[1000],0.977919185
1781268241,174193082,1,119.152,161.96,221.176,0.995179,2307027729,2307027729,0,32,LC4,LC4,blue,dend[1006],0.253639304
1781268241,179297988,1,113.488,171.992,237.936,0.761745,2307027729,2307027729,0,32,LC4,LC4,blue,dend[417],0.903424082
1781268241,176500861,1,108.992,160,228.392,0.86976,2307027729,2307027729,0,32,LC4,LC4,blue,dend[348],0.7893851
1781268241,176976440,1,110.336,161.88,230.12,0.722588,2307027729,2307027729,0,32,LC4,LC4,blue,dend[174],0.688032651
1781268241,178058294,1,96.656,162.224,233.32,0.914185,2307027729,2307027729,0,32,LC4,LC4,blue,dend[328],1
1781268241,175416643,1,123.464,170.672,225.248,0.995275,2307027729,2307027729,0,32,LC4,LC4,blue,dend[1144],0.571007881
1781268241,174157917,1,118.784,161.696,221.04,0.999922,2307027729,2307027729,0,32,LC4,LC4,blue,dend[1006],0.423161361
1781268241,174361903,1,118.008,160.192,221.504,0.883943,2307027729,2307027729,0,32,LC4,LC4,blue,dend[1137],0.84998955
1781268241,175232663,1,121.96,168.04,224.52,0.812031,2307027729,2307027729,0,32,LC4,LC4,blue,dend[163],1
1781268241,174670919,1,121.136,164.152,222.712,1,2307027729,2307027729,0,32,LC4,LC4,blue,dend[995],0.932204425
1781268241,174055401,1,116.504,162.024,221.208,0.895606,2307027729,2307027729,0,32,LC4,LC4,blue,dend[1134],0.268918153
1781268241,177735438,1,112.168,164.496,232.744,0.999329,2307027729,2307027729,0,32,LC4,LC4,blue,dend[359],0.287513377
1781268241,177240419,1,110.792,163.792,230.4,0.999579,2307027729,2307027729,0,32,LC4,LC4,blue,dend[171],0.911323778
1781268241,175432429,1,122.264,168.128,225,0.999998,2307027729,2307027729,0,32,LC4,LC4,blue,dend[163],1
1781268241,173765750,1,109.952,159.912,220.216,0.822725,2307027729,2307027729,0,32,LC4,LC4,blue,dend[1058],0.923643722
1781268241,173878178,1,121.272,160.208,220.304,0.579153,2307027729,2307027729,0,32,LC4,LC4,blue,dend[1138],0.940319671
1781268241,173994287,1,118.248,161,220.584,0.99964,2307027729,2307027729,0,32,LC4,LC4,blue,dend[1006],0.749761541
1781268241,179441688,1,114.08,172.032,238.208,0.999876,2307027729,2307027729,0,32,LC4,LC4,blue,dend[417],0.722383289
1782668028,175073001,1,99.704,151.384,224.2,0.999379,2307027729,2307027729,0,47,LC4,LC4,blue,dend[188],0.872013427
1782668028,174893004,1,98.48,151.384,223.856,0.99865,2307027729,2307027729,0,47,LC4,LC4,blue,dend[189],0.51550583
1782668028,177448141,1,98.2,159.416,231.544,0.999987,2307027729,2307027729,0,47,LC4,LC4,blue,dend[297],0.349670412
1782668028,176604283,1,110.992,161.328,228.488,0.923215,2307027729,2307027729,0,47,LC4,LC4,blue,dend[346],0.844249929
1782668028,174989091,1,98.392,151.08,223.856,0.965182,2307027729,2307027729,0,47,LC4,LC4,blue,dend[189],0.801056565
1782668028,171869300,1,122.12,165.552,214.664,0.914,2307027729,2307027729,0,47,LC4,LC4,blue,dend[1193],0.897505852
1782668028,179990321,1,113.776,174.64,239.992,0.991096,2307027729,2307027729,0,47,LC4,LC4,blue,dend[421],0.460028518
1782668028,174098061,1,116.432,162.112,221.048,0.987062,2307027729,2307027729,0,47,LC4,LC4,blue,dend[1134],0.285000287
1782668028,176235088,1,109.392,159.792,227.784,0.498646,2307027729,2307027729,0,47,LC4,LC4,blue,dend[348],0.842222454
1782668028,176390848,1,112.008,162.104,227.816,0.995005,2307027729,2307027729,0,47,LC4,LC4,blue,dend[357],0.899287793
1782668028,176564823,1,110.64,160.896,228.296,0.969863,2307027729,2307027729,0,47,LC4,LC4,blue,dend[346],0.981343725
1782668028,176640448,1,116.48,163.896,228.928,0.806,2307027729,2307027729,0,47,LC4,LC4,blue,dend[165],0.718016985
1782668028,177375413,1,98.76,161.408,231.488,0.99741,2307027729,2307027729,0,47,LC4,LC4,blue,dend[297],0.106011634
1782668028,176662516,1,117.528,166.2,228.648,0.999981,2307027729,2307027729,0,47,LC4,LC4,blue,dend[983],0.56624646
1782668028,172899882,1,121.192,165.56,217.464,0.819176,2307027729,2307027729,0,47,LC4,LC4,blue,dend[1159],1
1782668028,180048988,1,113.776,174.64,239.984,0.992,2307027729,2307027729,0,47,LC4,LC4,blue,dend[421],0.457941958
1782668028,172322135,1,121.464,165.784,215.688,0.964231,2307027729,2307027729,0,47,LC4,LC4,blue,dend[1194],1
1782668028,176308132,1,117.168,166.232,228.072,0.88358,2307027729,2307027729,0,47,LC4,LC4,blue,dend[983],0.64245621
1782668028,173014682,1,120.056,164.536,218.12,0.91355,2307027729,2307027729,0,47,LC4,LC4,blue,dend[1161],0.510268516
1782668028,177361764,1,89.832,166.68,230.752,0.794,2307027729,2307027729,0,47,LC4,LC4,blue,dend[294],0.999311424
1782668028,177487119,1,98.408,160.04,231.568,0.997036,2307027729,2307027729,0,47,LC4,LC4,blue,dend[297],0.271878598
1782668028,177359277,1,89.96,166.824,230.952,0.771,2307027729,2307027729,0,47,LC4,LC4,blue,dend[294],1
1782668028,176556990,1,117.84,165.264,228.44,0.999983,2307027729,2307027729,0,47,LC4,LC4,blue,dend[983],0.57056833
1782668028,176355911,1,118.992,166.896,228.176,0.404449,2307027729,2307027729,0,47,LC4,LC4,blue,dend[369],0.212613716
1782668028,178306627,1,96.488,164.344,234.416,0.996767,2307027729,2307027729,0,47,LC4,LC4,blue,dend[242],0.466157357
1782668028,172456609,1,119.96,159.704,216.32,0.861934,2307027729,2307027729,0,47,LC4,LC4,blue,dend[1165],1
1782668028,176365980,1,109.848,160.264,228,0.433679,2307027729,2307027729,0,47,LC4,LC4,blue,dend[348],0.424812367
1782668028,176681458,1,118.848,167.384,229.032,0.997047,2307027729,2307027729,0,47,LC4,LC4,blue,dend[369],0.22909471
1782668028,177474684,1,87.912,164.32,231.192,0.978713,2307027729,2307027729,0,47,LC4,LC4,blue,dend[291],0.489253552
1782668028,172382831,1,115.608,152.184,216.72,0.6531,2307027729,2307027729,0,47,LC4,LC4,blue,dend[1020],0.912278313
1782668028,176695073,1,114.816,163.056,229.2,0.999804,2307027729,2307027729,0,47,LC4,LC4,blue,dend[165],0.952940469
1782668028,176208357,1,109.112,159.424,227.632,0.769154,2307027729,2307027729,0,47,LC4,LC4,blue,dend[348],1
1782668028,179370940,1,113.392,171.96,237.848,0.881,2307027729,2307027729,0,47,LC4,LC4,blue,dend[417],0.948679053
1782668028,176500891,1,111.72,162.224,228.512,0.771624,2307027729,2307027729,0,47,LC4,LC4,blue,dend[357],0.641911362
1782668028,177578203,1,98.568,160.232,231.592,0.991,2307027729,2307027729,0,47,LC4,LC4,blue,dend[297],0.244652397
1782668028,178940913,1,113.312,169.72,235.984,0.999216,2307027729,2307027729,0,47,LC4,LC4,blue,dend[409],0.459115076
1782668028,177427232,1,87.048,163.064,231.392,0.974334,2307027729,2307027729,0,47,LC4,LC4,blue,dend[291],0.835825828
1782668028,172875409,1,119.944,164.424,217.4,0.999843,2307027729,2307027729,0,47,LC4,LC4,blue,dend[1162],0.156370282
1782668028,173925616,1,121.264,159.456,220.424,0.472523,2307027729,2307027729,0,47,LC4,LC4,blue,dend[1140],0.865891245
1782668028,176709157,1,114.68,162.856,228.864,0.993,2307027729,2307027729,0,47,LC4,LC4,blue,dend[165],0.973349553
1782668028,172488906,1,98.144,162.976,216.56,0.884954,2307027729,2307027729,0,47,LC4,LC4,blue,dend[1085],0.957620195
1782668028,175046892,1,99.408,151.976,224.04,0.991655,2307027729,2307027729,0,47,LC4,LC4,blue,dend[187],0.74733618
1782668028,177503038,1,87.456,163.944,231.272,0.995908,2307027729,2307027729,0,47,LC4,LC4,blue,dend[291],0.615295818
1782668028,176791685,1,116.36,163.744,228.952,0.404448,2307027729,2307027729,0,47,LC4,LC4,blue,dend[165],0.740437172
1782668028,179902612,1,114.184,173.976,239.848,0.995928,2307027729,2307027729,0,47,LC4,LC4,blue,dend[421],0.145910576
1782668028,172594169,1,119.136,161.208,216.496,0.913658,2307027729,2307027729,0,47,LC4,LC4,blue,dend[1171],0.8356091
1782668028,176831528,1,114.408,163.488,229.352,0.999998,2307027729,2307027729,0,47,LC4,LC4,blue,dend[165],0.974429967
1809264255,174490892,1,122.888,164.464,221.944,0.99973,2307027729,2307027729,0,39,LC4,LC4,blue,dend[995],0.799622499
1809264255,176426278,1,119.336,171.688,228.24,0.998445,2307027729,2307027729,0,39,LC4,LC4,blue,dend[383],0.635581717
1809264255,174922112,1,103.872,161.776,223.424,0.960113,2307027729,2307027729,0,39,LC4,LC4,blue,dend[341],0.868729218
1809264255,177459672,1,117.936,174.416,230.984,0.999998,2307027729,2307027729,0,39,LC4,LC4,blue,dend[399],0.845706191
1809264255,173574906,1,116.488,164.712,219.44,0.780114,2307027729,2307027729,0,39,LC4,LC4,blue,dend[1003],0.937698864
1809264255,174247576,1,114.488,166.264,221.616,0.729,2307027729,2307027729,0,39,LC4,LC4,blue,dend[1136],1
1809264255,174405720,1,121.288,169.056,221.76,0.998615,2307027729,2307027729,0,39,LC4,LC4,blue,dend[1178],0.992600494
1809264255,174718032,1,124.552,169.264,223.128,0.45338845,2307027729,2307027729,0,39,LC4,LC4,blue,dend[1146],0.970014158
1809264255,174406535,1,121.432,168.664,221.768,0.796512,2307027729,2307027729,0,39,LC4,LC4,blue,dend[1178],0.902649732
1809264255,173023533,1,122.12,169.776,217.752,0.998749,2307027729,2307027729,0,39,LC4,LC4,blue,dend[1185],0.712530396
1809264255,174529564,1,122.36,164.44,222.16,1,2307027729,2307027729,0,39,LC4,LC4,blue,dend[995],0.833114744
1809264255,172594282,1,121.024,167.216,216.68,0.948677,2307027729,2307027729,0,39,LC4,LC4,blue,dend[1191],1
1809264255,175834939,1,109.272,163.784,226.48,0.963214,2307027729,2307027729,0,39,LC4,LC4,blue,dend[179],0.659629994
1809264255,173042595,1,121.856,170.272,217.952,0.999785,2307027729,2307027729,0,39,LC4,LC4,blue,dend[1185],0.863798176
1809264255,176403925,1,119.112,171.264,227.952,0.987383,2307027729,2307027729,0,39,LC4,LC4,blue,dend[371],0.768175446
1809264255,173371011,1,123.2,171.128,219.28,0.993988,2307027729,2307027729,0,39,LC4,LC4,blue,dend[1180],1
1809264255,174254246,1,121.296,169.056,221.776,0.802,2307027729,2307027729,0,39,LC4,LC4,blue,dend[1178],0.993274877
1809264255,175329693,1,103.968,162.144,224.672,0.995936,2307027729,2307027729,0,39,LC4,LC4,blue,dend[341],0.736207053
1809264255,176659882,1,117.816,172.728,228.864,0.83924,2307027729,2307027729,0,39,LC4,LC4,blue,dend[383],0.804622658
1809264255,172362988,1,121.24,167.224,216.304,0.973099,2307027729,2307027729,0,39,LC4,LC4,blue,dend[1191],0.946629516
1809264255,172348427,1,118.272,164.416,216.216,0.872785,2307027729,2307027729,0,39,LC4,LC4,blue,dend[1162],0.637179643
1809264255,174444921,1,123.256,165.184,222.32,0.969749,2307027729,2307027729,0,39,LC4,LC4,blue,dend[995],0.637469679
1809264255,174938339,1,104.136,162.072,223.728,0.98559,2307027729,2307027729,0,39,LC4,LC4,blue,dend[341],0.818978248
1809264255,174648032,1,122.024,171.16,222.576,0.999033,2307027729,2307027729,0,39,LC4,LC4,blue,dend[1144],0.98511761
1809264255,176847304,1,112.672,165.152,229.136,0.999965,2307027729,2307027729,0,39,LC4,LC4,blue,dend[363],0.456957734
1809264255,172644038,1,119.072,164.968,216.68,0.811949,2307027729,2307027729,0,39,LC4,LC4,blue,dend[1162],0.422523438
1809264255,177089562,1,112.224,164.64,229.872,0.999593,2307027729,2307027729,0,39,LC4,LC4,blue,dend[167],0.658934975
1809264255,174040744,1,114.968,165.624,221.176,0.823178,2307027729,2307027729,0,39,LC4,LC4,blue,dend[1134],1
1809264255,177574329,1,117.792,174.528,231.656,0.99999,2307027729,2307027729,0,39,LC4,LC4,blue,dend[399],0.759548337
1809264255,177301740,1,118.048,173.784,230.856,1,2307027729,2307027729,0,39,LC4,LC4,blue,dend[399],0.699276293
1809264255,176423453,1,109.68,164.024,227.744,0.607425,2307027729,2307027729,0,39,LC4,LC4,blue,dend[177],0.772538572
1809264255,177740040,1,117.616,174.16,232.232,0.999905,2307027729,2307027729,0,39,LC4,LC4,blue,dend[402],0.546731974
1809264255,177089572,1,112.464,165.584,229.888,0.982073,2307027729,2307027729,0,39,LC4,LC4,blue,dend[364],0.777816198
1809264255,174642196,1,122.8,164.776,222.728,0.999838,2307027729,2307027729,0,39,LC4,LC4,blue,dend[995],0.687401185
1809264255,176390858,1,111.568,162.48,227.856,0.844002,2307027729,2307027729,0,39,LC4,LC4,blue,dend[357],0.811730509
1809264255,176997633,1,112.392,166.016,229.76,0.806189,2307027729,2307027729,0,39,LC4,LC4,blue,dend[364],0.99493914
1809264255,175330669,1,104.144,162.272,224.808,0.978126,2307027729,2307027729,0,39,LC4,LC4,blue,dend[341],0.711877022
1809264255,172237078,1,122.136,168.672,215.936,0.990838,2307027729,2307027729,0,39,LC4,LC4,blue,dend[1190],1
1809264255,174524922,1,122.752,164.136,222.208,0.99644,2307027729,2307027729,0,39,LC4,LC4,blue,dend[995],0.823067267
1810956698,174109851,1,106.928,149.376,221.352,0.992556,2307027729,2307027729,0,29,LC4,LC4,blue,dend[1041],1
1810956698,174201574,1,118.48,159.88,221.56,0.983179,2307027729,2307027729,0,29,LC4,LC4,blue,dend[1137],1
1810956698,172375358,1,114.6,151.056,215.92,0.995275,2307027729,2307027729,0,29,LC4,LC4,blue,dend[1022],0.252756741
1810956698,175097517,1,126.016,165.032,223.952,0.99659,2307027729,2307027729,0,29,LC4,LC4,blue,dend[163],0.508977491
1810956698,174357229,1,107,149.2,221.816,0.988345,2307027729,2307027729,0,29,LC4,LC4,blue,dend[1043],0.870773447
1810956698,174183494,1,106.552,149.576,221.16,0.989802,2307027729,2307027729,0,29,LC4,LC4,blue,dend[1041],1
1810956698,177082634,1,96.368,154.328,230,0.521132,2307027729,2307027729,0,29,LC4,LC4,blue,dend[299],1
1810956698,175687634,1,118.888,165.408,226.024,0.999411,2307027729,2307027729,0,29,LC4,LC4,blue,dend[1142],1
1810956698,176554725,1,99.96,163.352,228.224,0.985624,2307027729,2307027729,0,29,LC4,LC4,blue,dend[229],0.507854486
1810956698,171229680,1,120.528,168.296,212.912,0.927203,2307027729,2307027729,0,29,LC4,LC4,blue,dend[1204],0.865829498
1810956698,174667635,1,126.52,164.664,222.752,0.701574,2307027729,2307027729,0,29,LC4,LC4,blue,axon[0],0.030709774
1810956698,173480721,1,116.592,164.832,219.44,0.990413,2307027729,2307027729,0,29,LC4,LC4,blue,dend[1003],0.989419665
1810956698,175158277,1,118.136,172.152,224.016,0.947004,2307027729,2307027729,0,29,LC4,LC4,blue,dend[376],0.384023372
1810956698,175747288,1,119.824,166.392,226.216,0.987026,2307027729,2307027729,0,29,LC4,LC4,blue,dend[164],0.818678155
1810956698,170934088,1,120.896,168.056,212.456,0.987619,2307027729,2307027729,0,29,LC4,LC4,blue,dend[1204],0.756727439
1810956698,172202066,1,121.344,167.008,215.768,0.995947,2307027729,2307027729,0,29,LC4,LC4,blue,dend[1191],0.871851492
1810956698,177244748,1,95.496,161.48,230.92,0.996146,2307027729,2307027729,0,29,LC4,LC4,blue,dend[319],0.897683146
1810956698,173150197,1,113.424,162.88,218.416,0.998153,2307027729,2307027729,0,29,LC4,LC4,blue,dend[1129],0.618638027
1810956698,174948294,1,121.928,162.68,223.416,0.895648,2307027729,2307027729,0,29,LC4,LC4,blue,dend[996],0.550274885
1810956698,174413788,1,126.704,165.504,222.016,0.864984,2307027729,2307027729,0,29,LC4,LC4,blue,axon[0],0.005469445
1810956698,175211442,1,121.68,161.392,224,0.893497,2307027729,2307027729,0,29,LC4,LC4,blue,dend[996],0.979733887
1810956698,177297512,1,94.832,161.68,230.984,0.843512,2307027729,2307027729,0,29,LC4,LC4,blue,dend[327],0.730294945
1810956698,177162235,1,96.968,163.736,229.896,0.905815,2307027729,2307027729,0,29,LC4,LC4,blue,dend[318],0.976749281
1810956698,175384451,1,119.272,171.208,224.576,0.969605,2307027729,2307027729,0,29,LC4,LC4,blue,dend[373],0.921792152
1810956698,174290035,1,115.648,164.912,221.328,0.967615,2307027729,2307027729,0,29,LC4,LC4,blue,dend[1134],0.825943579
1810956698,173003526,1,113.648,162.576,218.048,0.998286,2307027729,2307027729,0,29,LC4,LC4,blue,dend[1129],0.513865323
1810956698,171290455,1,113.072,148.096,213.384,0.9764,2307027729,2307027729,0,29,LC4,LC4,blue,dend[1024],0.963029947
1810956698,176471465,1,114.024,159.552,227.88,0.998625,2307027729,2307027729,0,29,LC4,LC4,blue,dend[366],0.76610683
1810956698,172614721,1,119.136,164.944,216.688,0.992394,2307027729,2307027729,0,29,LC4,LC4,blue,dend[1162],0.411042577
1815070402,179615825,1,114.512,173.048,238.808,0.999955,2307027729,2307027729,0,60,LC4,LC4,blue,dend[417],0.184729487
1815070402,176827658,1,88.808,166.344,228.784,0.990191,2307027729,2307027729,0,60,LC4,LC4,blue,dend[286],0.979160253
1815070402,175091221,1,93.992,162.04,223.696,0.933792,2307027729,2307027729,0,60,LC4,LC4,blue,dend[310],0.492880999
1815070402,175186778,1,124.52,165.648,224.04,0.656,2307027729,2307027729,0,60,LC4,LC4,blue,dend[163],0.760763868
1815070402,172159812,1,114.544,150.904,215.824,0.880377,2307027729,2307027729,0,60,LC4,LC4,blue,dend[1022],0.295447984
1815070402,173786397,1,117.816,164.128,220.36,0.746324,2307027729,2307027729,0,60,LC4,LC4,blue,dend[1002],0.574168598
1815070402,174019840,1,122.904,167.232,220.648,0.999976,2307027729,2307027729,0,60,LC4,LC4,blue,dend[1178],0.308732145
1815070402,171580062,1,122.504,163.632,214.408,0.923349,2307027729,2307027729,0,60,LC4,LC4,blue,dend[1192],0.562922961
1815070402,175703646,1,123.656,170.416,225.472,0.407879,2307027729,2307027729,0,60,LC4,LC4,blue,dend[1144],0.501196502
1815070402,179472196,1,114.256,172.12,238.36,1,2307027729,2307027729,0,60,LC4,LC4,blue,dend[417],0.630795697
1815070402,176611925,1,103.992,159.056,228.584,0.670917,2307027729,2307027729,0,60,LC4,LC4,blue,dend[185],0.138756158
1815070402,171277642,1,122.416,162.344,212.912,0.845874,2307027729,2307027729,0,60,LC4,LC4,blue,dend[1200],0.694996215
1815070402,177573651,1,96.856,163.088,232.112,0.996886,2307027729,2307027729,0,60,LC4,LC4,blue,dend[328],0.558574709
1815070402,171591056,1,123.272,164.632,214.232,0.966276,2307027729,2307027729,0,60,LC4,LC4,blue,dend[1192],0.330376988
1815070402,176324787,1,87.896,165.328,227.552,0.999024,2307027729,2307027729,0,60,LC4,LC4,blue,dend[288],0.270688019
1815070402,177192879,1,102.336,161.816,230.488,0.76335,2307027729,2307027729,0,60,LC4,LC4,blue,dend[336],1
1815070402,176483851,1,88.248,165.592,227.816,0.840898,2307027729,2307027729,0,60,LC4,LC4,blue,dend[287],0.937607862
1815070402,175518148,1,124.192,169.944,225.272,0.943341,2307027729,2307027729,0,60,LC4,LC4,blue,dend[1144],0.4141795
1815070402,171169837,1,122.608,162.456,212.96,0.99995,2307027729,2307027729,0,60,LC4,LC4,blue,dend[1200],0.667321482
1815070402,175202182,1,94.848,162.272,224.44,0.961446,2307027729,2307027729,0,60,LC4,LC4,blue,dend[315],0.670349942
1815070402,177279148,1,108.792,164.064,230.536,0.999932,2307027729,2307027729,0,60,LC4,LC4,blue,dend[180],0.320520754
1815070402,179640551,1,114.448,172.728,238.72,0.999976,2307027729,2307027729,0,60,LC4,LC4,blue,dend[417],0.322752459
1815070402,177361722,1,97.576,162.344,230.576,0.997169,2307027729,2307027729,0,60,LC4,LC4,blue,dend[301],0.343254839
1815070402,174917734,1,124.288,165.552,223.792,0.992,2307027729,2307027729,0,60,LC4,LC4,blue,dend[163],0.755746903
1815070402,176650936,1,104.416,159.16,228.744,0.799423,2307027729,2307027729,0,60,LC4,LC4,blue,dend[185],0.09612499
1815070402,175973658,1,106.64,158.12,226.648,0.993526,2307027729,2307027729,0,60,LC4,LC4,blue,dend[354],0.405922496
1815070402,172040690,1,115.544,159.688,215.112,0.949023,2307027729,2307027729,0,60,LC4,LC4,blue,dend[1126],0.851405119
1815070402,176500846,1,104.336,159.056,228.528,0.913687,2307027729,2307027729,0,60,LC4,LC4,blue,dend[185],0.119135829
1815070402,175171150,1,124.384,165.632,224.032,0.982656,2307027729,2307027729,0,60,LC4,LC4,blue,dend[163],0.779740363
1815070402,172101071,1,109.592,155.2,215.192,0.977623,2307027729,2307027729,0,60,LC4,LC4,blue,dend[1123],0.80994071
1815070402,173677257,1,117.048,164.304,219.784,0.868715,2307027729,2307027729,0,60,LC4,LC4,blue,dend[1002],0.973257369
1815070402,177295824,1,108.512,164.568,230.696,0.999882,2307027729,2307027729,0,60,LC4,LC4,blue,dend[180],0.551556343
1815070402,171608661,1,119.784,159.36,214.496,0.946402,2307027729,2307027729,0,60,LC4,LC4,blue,dend[1166],0.443519355
1815070402,174933868,1,124.344,165.096,223.52,0.919039,2307027729,2307027729,0,60,LC4,LC4,blue,dend[163],0.696293644
1815070402,176099328,1,107.448,158.536,227.2,0.715648,2307027729,2307027729,0,60,LC4,LC4,blue,dend[353],0.835042691
1815070402,175937266,1,105.888,158.312,226.448,0.884,2307027729,2307027729,0,60,LC4,LC4,blue,dend[354],0.779548493
1815070402,174061004,1,118.36,164.192,220.768,0.756915,2307027729,2307027729,0,60,LC4,LC4,blue,dend[1002],0.289437283
1815070402,171000785,1,122.856,163,212.336,0.907812,2307027729,2307027729,0,60,LC4,LC4,blue,dend[1200],0.561207112
1815070402,171772552,1,122.984,164.28,214.24,0.996865,2307027729,2307027729,0,60,LC4,LC4,blue,dend[1192],0.410681145
1815070402,176528466,1,88.152,165.936,227.88,0.988776,2307027729,2307027729,0,60,LC4,LC4,blue,dend[287],0.848701586
1815070402,177000388,1,108.8,162.944,229.976,0.999999,2307027729,2307027729,0,60,LC4,LC4,blue,dend[342],0.103944725
1815070402,179764313,1,114.424,173.824,239.616,0.999809,2307027729,2307027729,0,60,LC4,LC4,blue,dend[419],0.970854351
1815070402,174895102,1,124.648,165.576,223.704,0.972266,2307027729,2307027729,0,60,LC4,LC4,blue,dend[163],0.688373013
1815070402,173848302,1,120.8,166.04,220.008,0.898955,2307027729,2307027729,0,60,LC4,LC4,blue,dend[1174],0.337748276
1815070402,177451847,1,108.2,164.768,230.816,0.999952,2307027729,2307027729,0,60,LC4,LC4,blue,dend[180],0.819588575
1815070402,175825038,1,106.152,158.144,226.344,0.972823,2307027729,2307027729,0,60,LC4,LC4,blue,dend[354],0.678772108
1815070402,179050572,1,111.848,168.216,236.672,0.990439,2307027729,2307027729,0,60,LC4,LC4,blue,dend[409],0.967852917
1815070402,176875456,1,107.752,160.576,229.608,0.854648,2307027729,2307027729,0,60,LC4,LC4,blue,dend[182],0.860807532
1815070402,175106403,1,93.832,161.72,224.152,0.874116,2307027729,2307027729,0,60,LC4,LC4,blue,dend[308],0.601546301
1815070402,172213511,1,114.928,159.776,215.872,0.999947,2307027729,2307027729,0,60,LC4,LC4,blue,dend[1126],0.531914311
1815070402,177250289,1,108.528,163.344,230.272,0.997705,2307027729,2307027729,0,60,LC4,LC4,blue,dend[180],0.53898569
1815070402,175233997,1,123.984,165.736,224.184,0.939,2307027729,2307027729,0,60,LC4,LC4,blue,dend[163],0.865570725
1815070402,172570204,1,114.016,158.464,216.632,0.957789,2307027729,2307027729,0,60,LC4,LC4,blue,dend[1130],0.971819804
1815070402,177557680,1,97.28,162.656,231.512,0.983965,2307027729,2307027729,0,60,LC4,LC4,blue,dend[328],0.291623439
1815070402,178347442,1,102.512,162.32,234.648,0.704713,2307027729,2307027729,0,60,LC4,LC4,blue,dend[335],0.96045974
1815070402,171987531,1,108.912,156.488,214.824,0.999985,2307027729,2307027729,0,60,LC4,LC4,blue,dend[1122],0.735734457
1815070402,175204437,1,93.856,161.72,224.472,0.998971,2307027729,2307027729,0,60,LC4,LC4,blue,dend[307],0.987583333
1815070402,175086975,1,124.264,165.768,224.304,0.964,2307027729,2307027729,0,60,LC4,LC4,blue,dend[163],0.842386001
1815070402,172710537,1,114.896,160.4,217.416,0.991835,2307027729,2307027729,0,60,LC4,LC4,blue,dend[1056],0.573305626
1815070402,179558308,1,114.368,172.36,238.504,0.999869,2307027729,2307027729,0,60,LC4,LC4,blue,dend[417],0.501351642
1838257401,176604387,1,120.072,169.808,228.456,0.941166,2307027729,2307027729,0,32,LC4,LC4,blue,dend[380],0.125531644
1838257401,176108479,1,115.04,170.592,227.104,0.438,2307027729,2307027729,0,32,LC4,LC4,blue,dend[369],0.864307301
1838257401,175841679,1,99.576,162.408,226.072,0.995413,2307027729,2307027729,0,32,LC4,LC4,blue,dend[229],0.853049952
1838257401,177095370,1,96.688,168.128,230.232,0.972724,2307027729,2307027729,0,32,LC4,LC4,blue,dend[249],0.679487567
1838257401,176403430,1,95.864,161.64,228.36,0.994674,2307027729,2307027729,0,32,LC4,LC4,blue,dend[304],0.331105516
1838257401,172432377,1,122.448,167.072,216.056,0.807885,2307027729,2307027729,0,32,LC4,LC4,blue,dend[1191],0.636618737
1838257401,176480147,1,95.72,161.776,228.584,0.45665497,2307027729,2307027729,0,32,LC4,LC4,blue,dend[304],0.305423438
1838257401,175871161,1,99.864,162.84,226.712,0.994571,2307027729,2307027729,0,32,LC4,LC4,blue,dend[229],0.739771613
1838257401,177105900,1,96.392,167.744,230.24,0.990669,2307027729,2307027729,0,32,LC4,LC4,blue,dend[249],0.891317285
1838257401,173050207,1,123.376,168.128,218.48,0.61607,2307027729,2307027729,0,32,LC4,LC4,blue,dend[1184],0.756870421
1838257401,176554383,1,117.24,172.72,228.328,0.956076,2307027729,2307027729,0,32,LC4,LC4,blue,dend[383],0.986265698
1838257401,175402192,1,104.12,162.432,224.952,0.997576,2307027729,2307027729,0,32,LC4,LC4,blue,dend[341],0.693316612
1838257401,175146160,1,117.992,171.536,224.176,0.633648,2307027729,2307027729,0,32,LC4,LC4,blue,dend[375],1
1838257401,177042010,1,97.24,167.512,230.176,0.987919,2307027729,2307027729,0,32,LC4,LC4,blue,dend[247],0.792422962
1838257401,175979889,1,99.96,162.808,226.296,0.840308,2307027729,2307027729,0,32,LC4,LC4,blue,dend[229],0.796020485
1838257401,176253790,1,115.272,170.392,227.288,0.700084,2307027729,2307027729,0,32,LC4,LC4,blue,dend[369],0.82352584
1838257401,176583735,1,117.248,173.128,228.56,0.994892,2307027729,2307027729,0,32,LC4,LC4,blue,dend[383],0.966383359
1838257401,176485321,1,95.68,161.616,228.432,0.995,2307027729,2307027729,0,32,LC4,LC4,blue,dend[304],0.366643149
1838257401,175556776,1,104.048,162.472,225.36,0.997193,2307027729,2307027729,0,32,LC4,LC4,blue,dend[341],0.657169019
1838257401,176249071,1,99.808,162.904,227.176,0.824344,2307027729,2307027729,0,32,LC4,LC4,blue,dend[229],0.674468575
1838257401,172469808,1,123.008,167.864,216.208,0.978011,2307027729,2307027729,0,32,LC4,LC4,blue,dend[1190],0.697841116
1838257401,175060475,1,117.656,171.28,224.152,0.939782,2307027729,2307027729,0,32,LC4,LC4,blue,dend[375],1
1838257401,176712781,1,116.376,173.272,228.664,0.882923,2307027729,2307027729,0,32,LC4,LC4,blue,dend[388],0.994007804
1838257401,176176881,1,116.064,169.8,227.472,0.997845,2307027729,2307027729,0,32,LC4,LC4,blue,dend[369],0.701219237
1838257401,176496390,1,119.864,171.128,228.296,0.990873,2307027729,2307027729,0,32,LC4,LC4,blue,dend[380],0.466639943
1838257401,172619113,1,123.072,166.04,216.792,0.958532,2307027729,2307027729,0,32,LC4,LC4,blue,dend[1188],0.972385587
1838257401,175019634,1,117.848,171.264,224.152,0.838121,2307027729,2307027729,0,32,LC4,LC4,blue,dend[375],1
1838257401,173284997,1,123.704,168.768,218.688,0.45045114,2307027729,2307027729,0,32,LC4,LC4,blue,dend[1183],1
1838257401,176707078,1,117.768,172.776,228.92,0.999387,2307027729,2307027729,0,32,LC4,LC4,blue,dend[383],0.804220018
1838257401,176585107,1,120.128,170.552,228.456,0.868821,2307027729,2307027729,0,32,LC4,LC4,blue,dend[380],0.319206614
1838257401,176557072,1,117.288,172.44,228.264,0.855921,2307027729,2307027729,0,32,LC4,LC4,blue,dend[383],0.974714835
1838257401,176268167,1,115.712,170.224,227.344,0.978761,2307027729,2307027729,0,32,LC4,LC4,blue,dend[369],0.764912198
1839288696,174148390,1,122.248,164.016,221.592,0.978571,2307027729,2307027729,0,30,LC4,LC4,blue,dend[995],0.955438804
1839288696,173185868,1,121.736,165.904,218.68,0.999605,2307027729,2307027729,0,30,LC4,LC4,blue,dend[1159],0.300335002
1839288696,172383141,1,119.008,164.712,216.528,0.99071,2307027729,2307027729,0,30,LC4,LC4,blue,dend[1162],0.461813881
1839288696,174130587,1,122.2,168.24,221.352,0.999345,2307027729,2307027729,0,30,LC4,LC4,blue,dend[1178],0.669846455
1839288696,173592614,1,122.768,162.24,219.32,0.994806,2307027729,2307027729,0,30,LC4,LC4,blue,dend[1177],0.415990571
1839288696,176171533,1,110.224,165.56,227.128,0.951574,2307027729,2307027729,0,30,LC4,LC4,blue,dend[178],1
1839288696,173324128,1,124.48,164.4,218.88,0.808568,2307027729,2307027729,0,30,LC4,LC4,blue,dend[1182],0.888993444
1839288696,176849533,1,119.352,170.688,229.688,0.992339,2307027729,2307027729,0,30,LC4,LC4,blue,dend[380],0.832505255
1839288696,174306611,1,114.464,166.2,221.632,0.940071,2307027729,2307027729,0,30,LC4,LC4,blue,dend[1136],0.970724308
1839288696,174158033,1,120.144,168.072,221.248,0.776083,2307027729,2307027729,0,30,LC4,LC4,blue,dend[1174],1
1839288696,176908332,1,114.608,174.552,229.584,0.309103,2307027729,2307027729,0,30,LC4,LC4,blue,dend[389],1
1839288696,175502281,1,104.064,162.472,225.464,0.823759,2307027729,2307027729,0,30,LC4,LC4,blue,dend[341],0.647023223
1839288696,176468089,1,119.864,168.256,228.088,0.997409,2307027729,2307027729,0,30,LC4,LC4,blue,dend[371],0.294236813
1839288696,174262706,1,122.544,164.296,221.784,0.998588,2307027729,2307027729,0,30,LC4,LC4,blue,dend[995],0.871747671
1839288696,176090522,1,110.016,165.248,227.04,0.973899,2307027729,2307027729,0,30,LC4,LC4,blue,dend[178],0.736509935
1839288696,173696582,1,124,166.232,219.664,0.997073,2307027729,2307027729,0,30,LC4,LC4,blue,dend[1148],0.52298986
1839288696,174271273,1,121.904,168.448,221.328,0.996348,2307027729,2307027729,0,30,LC4,LC4,blue,dend[1178],0.746654901
1839288696,175633120,1,114.184,166.08,225.824,0.999976,2307027729,2307027729,0,30,LC4,LC4,blue,dend[984],1
1839288696,172885035,1,120,164.52,217.376,0.990844,2307027729,2307027729,0,30,LC4,LC4,blue,dend[1162],0.151267728
1839288696,175446300,1,104.256,162.36,225.024,0.935483,2307027729,2307027729,0,30,LC4,LC4,blue,dend[341],0.684280406
1839288696,174579894,1,123.768,165.216,222.584,0.999954,2307027729,2307027729,0,30,LC4,LC4,blue,dend[995],0.55265964
1839288696,175521615,1,114.808,165.68,224.952,0.950243,2307027729,2307027729,0,30,LC4,LC4,blue,dend[985],0.730979469
1839288696,177072154,1,113.912,175.056,229.792,0.981148,2307027729,2307027729,0,30,LC4,LC4,blue,dend[390],0.515107376
1839288696,172706920,1,119.28,164.16,216.952,0.667736,2307027729,2307027729,0,30,LC4,LC4,blue,dend[1162],0.344815732
1839288696,177027986,1,114.52,174.624,229.672,0.912756,2307027729,2307027729,0,30,LC4,LC4,blue,dend[389],1
1839288696,175533960,1,113.792,166.416,225.472,0.998077,2307027729,2307027729,0,30,LC4,LC4,blue,dend[986],0.471908835
1839288696,173347832,1,121.424,166.912,218.808,0.933088,2307027729,2307027729,0,30,LC4,LC4,blue,dend[1150],0.773840571
1839288696,173179659,1,120.944,165.424,218.344,0.786048,2307027729,2307027729,0,30,LC4,LC4,blue,dend[1159],0.820725514
1839288696,177196480,1,119.008,171.424,230.376,0.912803,2307027729,2307027729,0,30,LC4,LC4,blue,dend[382],1
1839288696,173363017,1,121.736,166.792,218.992,0.999474,2307027729,2307027729,0,30,LC4,LC4,blue,dend[1149],1
1840636280,177229725,1,117.456,171.36,230.528,0.716599,2307027729,2307027729,0,35,LC4,LC4,blue,dend[384],0.95684164
1840636280,175142733,1,119.376,171.504,224.24,0.462511,2307027729,2307027729,0,35,LC4,LC4,blue,dend[373],0.983292622
1840636280,175346767,1,119.528,171.344,225.056,0.96,2307027729,2307027729,0,35,LC4,LC4,blue,dend[373],0.857242492
1840636280,177547819,1,117.24,175.504,231.968,0.985589,2307027729,2307027729,0,35,LC4,LC4,blue,dend[403],0.698001475
1840636280,174157984,1,114.864,165.48,221.128,0.395628,2307027729,2307027729,0,35,LC4,LC4,blue,dend[1134],0.98708694
1840636280,176544383,1,116.76,168.144,228.328,0.996875,2307027729,2307027729,0,35,LC4,LC4,blue,dend[369],0.517590477
1840636280,175123831,1,103.84,162.176,224.216,0.9258,2307027729,2307027729,0,35,LC4,LC4,blue,dend[341],0.781677013
1840636280,175925743,1,120.544,172.68,226.744,1,2307027729,2307027729,0,35,LC4,LC4,blue,dend[373],0.694948467
1840636280,174996810,1,120.8,169.616,223.448,0.897599,2307027729,2307027729,0,35,LC4,LC4,blue,dend[1178],1
1840636280,173109589,1,124.432,164.344,218.304,0.533705,2307027729,2307027729,0,35,LC4,LC4,blue,dend[1182],1
1840636280,174997237,1,104.224,162.192,223.608,0.758596,2307027729,2307027729,0,35,LC4,LC4,blue,dend[341],0.8218247
1840636280,176084673,1,110.208,165.624,227.184,0.929238,2307027729,2307027729,0,35,LC4,LC4,blue,dend[178],1
1840636280,172840316,1,123.304,164.336,217.128,0.971401,2307027729,2307027729,0,35,LC4,LC4,blue,dend[1187],0.403900749
1840636280,177244810,1,109.312,165.272,230.832,0.999686,2307027729,2307027729,0,35,LC4,LC4,blue,dend[176],1
1840636280,175707951,1,125.536,165.104,225.976,1,2307027729,2307027729,0,35,LC4,LC4,blue,dend[163],0.893801972
1840636280,172519440,1,121.192,167.192,216.688,0.946831,2307027729,2307027729,0,35,LC4,LC4,blue,dend[1191],0.983431044
1840636280,175757498,1,119.84,171.96,226.224,0.999845,2307027729,2307027729,0,35,LC4,LC4,blue,dend[373],0.741686005
1840636280,174578096,1,120.168,166.72,222.536,0.865672,2307027729,2307027729,0,35,LC4,LC4,blue,dend[1174],0.826292644
1840636280,173196328,1,119.848,167.808,218.2,0.893068,2307027729,2307027729,0,35,LC4,LC4,blue,dend[1153],0.752449179
1840636280,172611725,1,123.016,165.984,216.76,0.456689,2307027729,2307027729,0,35,LC4,LC4,blue,dend[1188],0.997368426
1840636280,176546989,1,113.288,166.2,228.256,0.793594,2307027729,2307027729,0,35,LC4,LC4,blue,dend[363],0.963701134
1840636280,176979007,1,116,169.224,229.936,0.982859,2307027729,2307027729,0,35,LC4,LC4,blue,dend[379],0.948123074
1840636280,172768452,1,123.456,164.296,217.408,0.999072,2307027729,2307027729,0,35,LC4,LC4,blue,dend[1187],0.401974514
1840636280,174112325,1,120.528,166.888,220.84,0.999968,2307027729,2307027729,0,35,LC4,LC4,blue,dend[1174],0.653659559
1840636280,177338625,1,86.92,162.312,231.168,0.985615,2307027729,2307027729,0,35,LC4,LC4,blue,dend[291],0.987367677
1840636280,175576224,1,119.608,171.616,225.8,0.997588,2307027729,2307027729,0,35,LC4,LC4,blue,dend[373],0.780422946
1840636280,177256402,1,86.92,162.336,231.128,0.415542,2307027729,2307027729,0,35,LC4,LC4,blue,dend[291],0.98111729
1840636280,177249466,1,86.68,161.984,230.488,0.971061,2307027729,2307027729,0,35,LC4,LC4,blue,dend[293],0.969029782
1840636280,172715028,1,123.824,164.832,217.32,0.994931,2307027729,2307027729,0,35,LC4,LC4,blue,dend[1187],0.209246467
1840636280,171740092,1,114.944,149.072,214.288,0.999997,2307027729,2307027729,0,35,LC4,LC4,blue,dend[1022],0.860525812
1840636280,174595120,1,120.56,167.008,222.92,0.991031,2307027729,2307027729,0,35,LC4,LC4,blue,dend[1174],0.872659531
1840636280,176996340,1,116.32,168.752,230.016,0.373706,2307027729,2307027729,0,35,LC4,LC4,blue,dend[379],0.878653754
1840636280,175721421,1,124.904,164.904,225.504,0.999886,2307027729,2307027729,0,35,LC4,LC4,blue,dend[163],0.912652197
1840636280,177358395,1,117.368,174.784,231.04,0.990095,2307027729,2307027729,0,35,LC4,LC4,blue,dend[399],0.97024692
1840636280,171534710,1,113.624,147.872,213.56,0.988081,2307027729,2307027729,0,35,LC4,LC4,blue,dend[1024],0.729872687
1845078711,173835420,1,122.24,165.216,220.064,0.999829,2307027729,2307027729,0,28,LC4,LC4,blue,dend[1173],0.850800086
1845078711,176967680,1,113.568,162.704,229.48,0.999617,2307027729,2307027729,0,28,LC4,LC4,blue,dend[165],1
1845078711,174830650,1,125.008,165.752,223.6,0.999987,2307027729,2307027729,0,28,LC4,LC4,blue,dend[163],0.621613715
1845078711,171372661,1,93.2,161.344,213.496,0.986331,2307027729,2307027729,0,28,LC4,LC4,blue,dend[1115],0.927536516
1845078711,177459509,1,107.664,160.12,231.056,0.992514,2307027729,2307027729,0,28,LC4,LC4,blue,dend[183],0.722336653
1845078711,171322696,1,93.84,161.416,213.2,0.994454,2307027729,2307027729,0,28,LC4,LC4,blue,dend[1115],0.819361284
1845078711,174098429,1,104.104,148.192,220.864,0.927227,2307027729,2307027729,0,28,LC4,LC4,blue,dend[1045],1
1845078711,178312735,1,106.744,163.328,234.528,0.824,2307027729,2307027729,0,28,LC4,LC4,blue,dend[195],1
1845078711,173369888,1,110.952,152.408,218.864,0.997136,2307027729,2307027729,0,28,LC4,LC4,blue,dend[1049],0.882688252
1845078711,173792368,1,116.2,156.992,220.104,0.46049166,2307027729,2307027729,0,28,LC4,LC4,blue,dend[1132],1
1845078711,176881458,1,105.64,159.52,229.592,0.97831,2307027729,2307027729,0,28,LC4,LC4,blue,dend[184],0.752209175
1845078711,176849434,1,113.248,162.808,229.496,0.998372,2307027729,2307027729,0,28,LC4,LC4,blue,dend[166],0.410354503
1845078711,177267958,1,107.824,160.312,230.688,0.978745,2307027729,2307027729,0,28,LC4,LC4,blue,dend[183],0.539989445
1845078711,175357727,1,125.136,169.024,224.976,0.999,2307027729,2307027729,0,28,LC4,LC4,blue,dend[163],0.879802929
1845078711,173768359,1,118.008,160.84,220.056,0.99998,2307027729,2307027729,0,28,LC4,LC4,blue,dend[1006],0.897611139
1845078711,177472295,1,107.984,159.768,231.216,0.728367,2307027729,2307027729,0,28,LC4,LC4,blue,dend[183],0.876292192
1845078711,177072168,1,110.488,160.832,230.408,0.988253,2307027729,2307027729,0,28,LC4,LC4,blue,dend[174],1
1845078711,175174907,1,99.704,151.216,224.184,0.923,2307027729,2307027729,0,28,LC4,LC4,blue,dend[188],0.943736356
1845078711,173992630,1,103.92,148.192,221.024,0.994091,2307027729,2307027729,0,28,LC4,LC4,blue,dend[1045],1
1845078711,177456336,1,111.704,161.664,231.296,0.944318,2307027729,2307027729,0,28,LC4,LC4,blue,dend[170],0.913973624
1845078711,176997593,1,113.144,162.112,229.568,0.99314,2307027729,2307027729,0,28,LC4,LC4,blue,dend[361],0.675246488
1845078711,171210280,1,94.08,161.36,213,0.700277,2307027729,2307027729,0,28,LC4,LC4,blue,dend[1115],0.781081557
1845078711,173769849,1,121.896,164.544,220.112,0.995056,2307027729,2307027729,0,28,LC4,LC4,blue,dend[1175],0.531577923
1845078711,174599128,1,124.624,165.696,222.392,0.997809,2307027729,2307027729,0,28,LC4,LC4,blue,dend[161],0.507258422
1845078711,175097302,1,98.936,151.376,223.976,0.94907,2307027729,2307027729,0,28,LC4,LC4,blue,dend[187],1
1845078711,174497525,1,124.248,165.672,222.336,0.999757,2307027729,2307027729,0,28,LC4,LC4,blue,dend[1147],0.618061082
1845078711,178650669,1,106.928,164.016,234.912,0.98138,2307027729,2307027729,0,28,LC4,LC4,blue,dend[195],1
1845078711,173796187,1,117.376,160.44,219.904,0.999994,2307027729,2307027729,0,28,LC4,LC4,blue,dend[1007],0.635067352
1874035952,173924953,1,121.112,159.528,220.584,0.791502,2307027729,2307027729,0,21,LC4,LC4,blue,dend[1140],0.951150644
1874035952,177464498,1,97.464,162.264,230.952,0.999581,2307027729,2307027729,0,21,LC4,LC4,blue,dend[301],0.319699723
1874035952,177736643,1,100.352,164.552,232.456,0.572,2307027729,2307027729,0,21,LC4,LC4,blue,dend[231],1
1874035952,176596354,1,110.04,163.776,229,0.781239,2307027729,2307027729,0,21,LC4,LC4,blue,dend[177],0.410627496
1874035952,176538647,1,109.776,163.84,228.248,0.995777,2307027729,2307027729,0,21,LC4,LC4,blue,dend[177],0.623944316
1874035952,174412922,1,116.648,163.336,221.616,0.998065,2307027729,2307027729,0,21,LC4,LC4,blue,dend[1134],0.482474058
1874035952,175444304,1,114.784,162.4,224.744,0.997537,2307027729,2307027729,0,21,LC4,LC4,blue,dend[988],0.878323457
1874035952,175792566,1,115.168,163.48,225.976,0.995896,2307027729,2307027729,0,21,LC4,LC4,blue,dend[988],0.277943311
1874035952,176866389,1,109.296,163.568,229.552,0.999397,2307027729,2307027729,0,21,LC4,LC4,blue,dend[173],1
1874035952,178034958,1,99.896,162.784,232.864,0.777618,2307027729,2307027729,0,21,LC4,LC4,blue,dend[330],0.673635477
1874035952,174948404,1,120.784,169.512,223.424,0.696031,2307027729,2307027729,0,21,LC4,LC4,blue,dend[1178],1
1874035952,174628470,1,120.904,166.72,223.08,0.4577384,2307027729,2307027729,0,21,LC4,LC4,blue,dend[1174],0.770387869
1874035952,172609655,1,115.096,151.752,216.712,0.985787,2307027729,2307027729,0,21,LC4,LC4,blue,dend[1020],1
1874035952,172201896,1,108.576,155.064,215.536,0.610967,2307027729,2307027729,0,21,LC4,LC4,blue,dend[1124],1
1874035952,174830707,1,120.768,169.712,223.44,0.824134,2307027729,2307027729,0,21,LC4,LC4,blue,dend[1178],1
1874035952,174835310,1,124.208,171.376,223.184,0.594805,2307027729,2307027729,0,21,LC4,LC4,blue,dend[1144],0.799402618
1874035952,177561244,1,99.096,162.192,231.552,0.98848,2307027729,2307027729,0,21,LC4,LC4,blue,dend[296],0.968215927
1874035952,175049107,1,120.976,169.192,223.76,0.998597,2307027729,2307027729,0,21,LC4,LC4,blue,dend[1178],1
1874035952,173418049,1,121.832,166.992,219.152,0.998847,2307027729,2307027729,0,21,LC4,LC4,blue,dend[1150],0.553038268
1874035952,177873054,1,99.888,162.864,232.736,0.946228,2307027729,2307027729,0,21,LC4,LC4,blue,dend[330],0.632350783
1874035952,177505500,1,99,162.608,231.264,0.999992,2307027729,2307027729,0,21,LC4,LC4,blue,dend[296],0.879013196
1876471221,174710335,1,112.152,154.872,222.576,0.755175,2307027729,2307027729,0,32,LC4,LC4,blue,dend[1054],0.595800938
1876471221,173813663,1,117.208,159.936,220.016,0.998869,2307027729,2307027729,0,32,LC4,LC4,blue,dend[1007],0.920155489
1876471221,173918396,1,104.024,147.904,220.72,0.933,2307027729,2307027729,0,32,LC4,LC4,blue,dend[1045],1
1876471221,172368842,1,98.296,162.728,216.24,0.999081,2307027729,2307027729,0,32,LC4,LC4,blue,dend[1085],0.896223117
1876471221,177466975,1,97.936,157.096,231.432,0.971693,2307027729,2307027729,0,32,LC4,LC4,blue,dend[297],0.622516102
1876471221,179146798,1,111.84,168.216,236.768,0.809005,2307027729,2307027729,0,32,LC4,LC4,blue,dend[409],0.973184573
1876471221,174193209,1,112.656,155.488,221.496,0.828271,2307027729,2307027729,0,32,LC4,LC4,blue,dend[1054],0.297671958
1876471221,174260192,1,118.968,162.912,221.296,0.999721,2307027729,2307027729,0,32,LC4,LC4,blue,dend[1006],0.124875136
1876471221,177518720,1,97.888,157.048,231.456,0.661511,2307027729,2307027729,0,32,LC4,LC4,blue,dend[297],0.629292295
1876471221,179638444,1,114.632,173.416,238.848,0.964,2307027729,2307027729,0,32,LC4,LC4,blue,dend[417],0.026222284
1876471221,179875242,1,114.416,173.424,239.76,0.626618,2307027729,2307027729,0,32,LC4,LC4,blue,dend[420],0.591375678
1876471221,174590362,1,121.072,163.88,222.544,0.995649,2307027729,2307027729,0,32,LC4,LC4,blue,dend[995],0.988586388
1876471221,179683269,1,114.552,173.336,238.928,0.998943,2307027729,2307027729,0,32,LC4,LC4,blue,dend[417],0.057585557
1876471221,179715111,1,114.72,173.816,239.288,0.998859,2307027729,2307027729,0,32,LC4,LC4,blue,dend[416],0.939304253
1876471221,174436769,1,112.384,155.264,221.872,0.881401,2307027729,2307027729,0,32,LC4,LC4,blue,dend[1054],0.398572923
1876471221,179603261,1,114.472,172.36,238.608,0.952247,2307027729,2307027729,0,32,LC4,LC4,blue,dend[417],0.462894586
1876471221,177546979,1,97.248,156.832,231.52,0.897164,2307027729,2307027729,0,32,LC4,LC4,blue,dend[297],0.674032001
1876471221,178649477,1,100.84,160.504,235.376,0.997794,2307027729,2307027729,0,32,LC4,LC4,blue,dend[334],0.947226542
1876471221,174307044,1,115.928,157.992,221.712,0.997054,2307027729,2307027729,0,32,LC4,LC4,blue,dend[1014],0.492583682
1876471221,174307049,1,115.704,158.264,221.608,0.338482,2307027729,2307027729,0,32,LC4,LC4,blue,dend[1014],0.2714778
1876471221,172138369,1,98.408,163.072,215.448,0.972613,2307027729,2307027729,0,32,LC4,LC4,blue,dend[1085],0.689927109
1876471221,178782156,1,112.504,168.824,236.248,0.988807,2307027729,2307027729,0,32,LC4,LC4,blue,dend[409],0.744230438
1876471221,177523366,1,107.304,163.44,231.792,0.958474,2307027729,2307027729,0,32,LC4,LC4,blue,dend[193],0.833516887
1876471221,176913163,1,104.568,157.488,229.736,0.999978,2307027729,2307027729,0,32,LC4,LC4,blue,dend[190],0.872573289
1876471221,171242259,1,122.752,161.944,213.184,0.982136,2307027729,2307027729,0,32,LC4,LC4,blue,dend[1200],0.744016869
1876471221,171744971,1,122.68,163.336,214.16,0.46808943,2307027729,2307027729,0,32,LC4,LC4,blue,dend[1192],0.590437445
1876471221,171273727,1,122.992,162.136,213.104,0.998959,2307027729,2307027729,0,32,LC4,LC4,blue,dend[1200],0.699801347
1876471221,174201463,1,108.16,150.856,221.72,0.805413,2307027729,2307027729,0,32,LC4,LC4,blue,dend[1037],1
1876471221,178844061,1,112.608,169.024,236,0.950233,2307027729,2307027729,0,32,LC4,LC4,blue,dend[409],0.687551074
1876471221,177554567,1,99.104,162.12,231.64,0.919036,2307027729,2307027729,0,32,LC4,LC4,blue,dend[296],0.98238445
1876471221,178953973,1,112.016,168.408,236.592,0.996882,2307027729,2307027729,0,32,LC4,LC4,blue,dend[409],0.90680073
1876471221,174406312,1,112.512,155.64,221.696,0.960992,2307027729,2307027729,0,32,LC4,LC4,blue,dend[1054],0.327038888
1876894387,176477061,1,117.248,172.216,227.936,0.991382,2307027729,2307027729,0,43,LC4,LC4,blue,dend[383],1
1876894387,174201561,1,113.448,158.872,221.672,0.958056,2307027729,2307027729,0,43,LC4,LC4,blue,dend[1015],0.750515874
1876894387,174220483,1,115.368,159.056,221.296,0.956866,2307027729,2307027729,0,43,LC4,LC4,blue,dend[1012],0.417245196
1876894387,173887221,1,115.408,159.616,220.688,0.994314,2307027729,2307027729,0,43,LC4,LC4,blue,dend[1011],0.807702913
1876894387,173653480,1,115.76,160.04,220.032,0.91446,2307027729,2307027729,0,43,LC4,LC4,blue,dend[1010],1
1876894387,176516690,1,114.16,160.304,228.64,1,2307027729,2307027729,0,43,LC4,LC4,blue,dend[366],0.390422834
1876894387,176598880,1,117.8,173.216,228.888,0.823084,2307027729,2307027729,0,43,LC4,LC4,blue,dend[383],0.830802625
1876894387,174301714,1,116.744,162.056,221.192,0.849985,2307027729,2307027729,0,43,LC4,LC4,blue,dend[1134],0.250703748
1876894387,173219776,1,124.264,168.336,218.808,0.998052,2307027729,2307027729,0,43,LC4,LC4,blue,dend[1183],0.831018945
1876894387,176324708,1,108.144,158.704,227.592,0.999996,2307027729,2307027729,0,43,LC4,LC4,blue,dend[353],0.543801882
1876894387,176222352,1,117.904,173.616,227.24,0.981,2307027729,2307027729,0,43,LC4,LC4,blue,dend[381],0.9434283
1876894387,172895121,1,123.976,165.04,217.376,0.999688,2307027729,2307027729,0,43,LC4,LC4,blue,dend[1187],0.134457199
1876894387,177595414,1,93.288,156.256,231.848,0.999193,2307027729,2307027729,0,43,LC4,LC4,blue,dend[323],0.733265373
1876894387,173963754,1,115.28,159.144,220.824,0.569483,2307027729,2307027729,0,43,LC4,LC4,blue,dend[1011],0.980252142
1876894387,173065945,1,124.72,166.688,217.96,0.999734,2307027729,2307027729,0,43,LC4,LC4,blue,dend[158],1
1876894387,173117099,1,116.016,154.8,218.176,0.907806,2307027729,2307027729,0,43,LC4,LC4,blue,dend[1020],0.388742864
1876894387,176509123,1,110.064,160.488,227.984,1,2307027729,2307027729,0,43,LC4,LC4,blue,dend[346],1
1876894387,173265436,1,125.512,168.464,218.536,0.975717,2307027729,2307027729,0,43,LC4,LC4,blue,dend[1183],0.663858474
1876894387,178430930,1,107.032,164.616,234.536,0.777475,2307027729,2307027729,0,43,LC4,LC4,blue,dend[195],0.961779754
1876894387,173050011,1,116.104,155.24,218.32,0.982,2307027729,2307027729,0,43,LC4,LC4,blue,dend[1020],0.305671282
1876894387,177317531,1,94.904,153.032,230.752,0.998361,2307027729,2307027729,0,43,LC4,LC4,blue,dend[298],0.706353956
1876894387,176469003,1,117.224,172.584,228.16,0.932507,2307027729,2307027729,0,43,LC4,LC4,blue,dend[383],1
1876894387,176784545,1,107.552,160.8,229.6,0.99999,2307027729,2307027729,0,43,LC4,LC4,blue,dend[182],0.815590035
1876894387,173343836,1,115.6,160.488,219,0.916,2307027729,2307027729,0,43,LC4,LC4,blue,dend[1028],0.991845295
1876894387,173050022,1,117.16,156.624,218.272,0.841106,2307027729,2307027729,0,43,LC4,LC4,blue,dend[1026],0.160746611
1876894387,174959657,1,118.144,164.944,223.176,0.762095,2307027729,2307027729,0,43,LC4,LC4,blue,dend[1005],1
1876894387,176676685,1,119.176,172.96,229.032,0.999946,2307027729,2307027729,0,43,LC4,LC4,blue,dend[383],0.588163689
1876894387,173109597,1,124.416,164.416,218.304,0.702436,2307027729,2307027729,0,43,LC4,LC4,blue,dend[1182],1
1876894387,176537064,1,108.992,159.992,228.392,0.826926,2307027729,2307027729,0,43,LC4,LC4,blue,dend[348],0.793123941
1876894387,177446902,1,95.264,153.16,230.912,0.990617,2307027729,2307027729,0,43,LC4,LC4,blue,dend[298],0.560614192
1876894387,176841217,1,106.888,160.648,229.72,0.999332,2307027729,2307027729,0,43,LC4,LC4,blue,dend[182],0.877228057
1876894387,176796733,1,112.888,161.08,229.008,0.968223,2307027729,2307027729,0,43,LC4,LC4,blue,dend[361],0.946567501
1876894387,176278827,1,108.648,159.12,227.64,0.999806,2307027729,2307027729,0,43,LC4,LC4,blue,dend[353],0.294276686
1876894387,176357968,1,110.384,160.64,228.232,0.991187,2307027729,2307027729,0,43,LC4,LC4,blue,dend[346],1
1876894387,178461838,1,106.848,163.952,234.52,0.999469,2307027729,2307027729,0,43,LC4,LC4,blue,dend[195],0.983084236
1876894387,173431078,1,122.464,162.56,219.256,0.998588,2307027729,2307027729,0,43,LC4,LC4,blue,dend[1177],0.343601608
1876894387,173310760,1,116.024,161.024,218.896,0.999,2307027729,2307027729,0,43,LC4,LC4,blue,dend[1009],0.365922115
1876894387,173248754,1,125.032,166.128,218.272,0.999884,2307027729,2307027729,0,43,LC4,LC4,blue,dend[159],0.350835876
1876894387,176590970,1,114.248,160.472,228.84,0.975835,2307027729,2307027729,0,43,LC4,LC4,blue,dend[366],0.294190292
1876894387,174183641,1,114.32,159.408,221.4,0.99971,2307027729,2307027729,0,43,LC4,LC4,blue,dend[1015],0.424052652
1876894387,177160468,1,94.36,153.096,230.544,0.783015,2307027729,2307027729,0,43,LC4,LC4,blue,dend[298],0.889932636
1876894387,172434005,1,116.616,156.464,216.496,0.997824,2307027729,2307027729,0,43,LC4,LC4,blue,dend[1027],0.63535567
1876894387,176508691,1,117.376,173.168,228.472,0.974862,2307027729,2307027729,0,43,LC4,LC4,blue,dend[383],0.965987258
1876898200,171026610,1,122.912,161.592,212.688,0.999906,2307027729,2307027729,0,31,LC4(lVLPT8)_R,LC4,blue,dend[1200],0.787642674
1876898200,172513714,1,116.792,159.32,216.624,0.959729,2307027729,2307027729,0,31,LC4(lVLPT8)_R,LC4,blue,dend[1133],0.979157932
1876898200,178176087,1,111.816,164.616,233.424,0.976376,2307027729,2307027729,0,31,LC4(lVLPT8)_R,LC4,blue,dend[359],1
1876898200,179972994,1,114.04,174.304,240.168,0.988704,2307027729,2307027729,0,31,LC4(lVLPT8)_R,LC4,blue,dend[421],0.354014008
1876898200,174180680,1,109.112,153.888,221.416,0.979975,2307027729,2307027729,0,31,LC4(lVLPT8)_R,LC4,blue,dend[1048],0.291021381
1876898200,173062657,1,116.536,156.896,217.824,0.979517,2307027729,2307027729,0,31,LC4(lVLPT8)_R,LC4,blue,dend[1025],1
1876898200,176309378,1,87.872,165.112,227.536,0.98265,2307027729,2307027729,0,31,LC4(lVLPT8)_R,LC4,blue,dend[288],0.362603972
1876898200,172800351,1,123.912,165.648,217.464,0.729074,2307027729,2307027729,0,31,LC4(lVLPT8)_R,LC4,blue,dend[1186],1
1876898200,171257795,1,123.416,162.048,213.32,0.997587,2307027729,2307027729,0,31,LC4(lVLPT8)_R,LC4,blue,dend[1200],0.693554633
1876898200,171018664,1,123.272,162.632,212.544,0.71841,2307027729,2307027729,0,31,LC4(lVLPT8)_R,LC4,blue,dend[1200],0.600291921
1876898200,177144391,1,89.112,165.664,230.424,0.993969,2307027729,2307027729,0,31,LC4(lVLPT8)_R,LC4,blue,dend[290],1
1876898200,173482481,1,125.128,167.88,219.216,0.999452,2307027729,2307027729,0,31,LC4(lVLPT8)_R,LC4,blue,dend[1183],0.581783313
1876898200,177557635,1,95.464,160.568,231.496,0.527127,2307027729,2307027729,0,31,LC4(lVLPT8)_R,LC4,blue,dend[320],0.410378623
1876898200,173788450,1,111.184,155.504,220.088,0.999623,2307027729,2307027729,0,31,LC4(lVLPT8)_R,LC4,blue,dend[1032],1
1876898200,177392213,1,88.264,165.392,230.84,0.821996,2307027729,2307027729,0,31,LC4(lVLPT8)_R,LC4,blue,dend[291],0.22829022
1876898200,173097516,1,124.08,166.256,217.848,0.999221,2307027729,2307027729,0,31,LC4(lVLPT8)_R,LC4,blue,dend[1188],0.036586019
1876898200,173099974,1,124.784,167.552,218.232,0.479748,2307027729,2307027729,0,31,LC4(lVLPT8)_R,LC4,blue,dend[1183],0.654426179
1876898200,173347251,1,125.088,167.104,218.424,0.770945,2307027729,2307027729,0,31,LC4(lVLPT8)_R,LC4,blue,dend[159],0.388383324
1876898200,173572108,1,111.112,155.8,219.344,0.984143,2307027729,2307027729,0,31,LC4(lVLPT8)_R,LC4,blue,dend[1050],0.799213779
1876898200,172590995,1,116.616,159.184,216.92,0.670491,2307027729,2307027729,0,31,LC4(lVLPT8)_R,LC4,blue,dend[1133],0.851948375
1876898200,177595504,1,108.808,162.568,231.64,0.971373,2307027729,2307027729,0,31,LC4(lVLPT8)_R,LC4,blue,dend[342],0.441377897
1876898200,171154972,1,123.008,161.944,213.152,0.9785,2307027729,2307027729,0,31,LC4(lVLPT8)_R,LC4,blue,dend[1200],0.73023824
1876898200,174139023,1,108.4,154.344,221.304,0.770278,2307027729,2307027729,0,31,LC4(lVLPT8)_R,LC4,blue,dend[1048],0.632043023
1876898200,178833709,1,114.712,169.144,235.552,0.999878,2307027729,2307027729,0,31,LC4(lVLPT8)_R,LC4,blue,dend[410],0.624749583
1876898200,172670481,1,116.304,159.272,217.264,0.772517,2307027729,2307027729,0,31,LC4(lVLPT8)_R,LC4,blue,dend[1133],0.674359313
1876898200,172713868,1,123.208,164.448,217.256,0.46934095,2307027729,2307027729,0,31,LC4(lVLPT8)_R,LC4,blue,dend[1187],0.383842258
1876898200,177643783,1,98.976,160.864,231.664,0.960879,2307027729,2307027729,0,31,LC4(lVLPT8)_R,LC4,blue,dend[297],0.158968572
1876898200,170945353,1,123.208,162.432,212.56,0.998705,2307027729,2307027729,0,31,LC4(lVLPT8)_R,LC4,blue,dend[1200],0.635939384
1876898200,172254560,1,119.064,161.448,215.744,0.940799,2307027729,2307027729,0,31,LC4(lVLPT8)_R,LC4,blue,dend[1171],1
1876898200,177484186,1,98.064,160.008,231.608,0.996657,2307027729,2307027729,0,31,LC4(lVLPT8)_R,LC4,blue,dend[297],0.286332514
1876898200,173592533,1,113.832,157.04,219.464,0.973578,2307027729,2307027729,0,31,LC4(lVLPT8)_R,LC4,blue,dend[1029],0.680527839
1876902545,171688408,1,122.68,163.32,214.168,0.787278,2307027729,2307027729,0,26,LC4,LC4,blue,dend[1192],0.593617144
1876902545,172361817,1,120.312,160.168,215.952,0.961658,2307027729,2307027729,0,26,LC4,LC4,blue,dend[1164],0.994449608
1876902545,171467415,1,122.144,165.496,214.104,0.999593,2307027729,2307027729,0,26,LC4,LC4,blue,dend[1193],0.881457687
1876902545,177348326,1,95.376,153.248,231.008,0.995207,2307027729,2307027729,0,26,LC4,LC4,blue,dend[298],0.506755327
1876902545,177309348,1,94.408,153.064,230.6,0.848985,2307027729,2307027729,0,26,LC4,LC4,blue,dend[298],0.87577811
1876902545,177571964,1,86.664,161.064,231.8,0.999992,2307027729,2307027729,0,26,LC4,LC4,blue,dend[292],0.580196272
1876902545,173473150,1,117.192,160.8,219.096,0.990143,2307027729,2307027729,0,26,LC4,LC4,blue,dend[1007],0.985246676
1876902545,180144961,1,113.4,175.384,240.968,0.759443,2307027729,2307027729,0,26,LC4,LC4,blue,dend[421],1
1876902545,177614742,1,97.56,155.392,231.472,0.70389,2307027729,2307027729,0,26,LC4,LC4,blue,dend[297],0.827665434
1876902545,173084997,1,117.2,156.8,218.304,0.999621,2307027729,2307027729,0,26,LC4,LC4,blue,dend[1026],0.130253272
1876902545,177625991,1,97.512,155.776,231.784,0.978,2307027729,2307027729,0,26,LC4,LC4,blue,dend[297],0.782645884
1876902545,180397259,1,113.36,175.064,241.24,0.632524,2307027729,2307027729,0,26,LC4,LC4,blue,dend[421],0.994479105
1876902545,178282232,1,108.376,161.376,234.016,0.943974,2307027729,2307027729,0,26,LC4,LC4,blue,dend[342],0.99914148
1876902545,180355339,1,113.392,175.072,241.264,0.971,2307027729,2307027729,0,26,LC4,LC4,blue,dend[421],0.996389745
1876902545,172983421,1,116.024,159.992,217.976,0.922367,2307027729,2307027729,0,26,LC4,LC4,blue,dend[1133],0.347582706
1876902545,173183989,1,117.16,160.6,218.752,0.998763,2307027729,2307027729,0,26,LC4,LC4,blue,dend[1008],0.756416441
1876902545,177472756,1,97.416,155.272,231.488,0.997364,2307027729,2307027729,0,26,LC4,LC4,blue,dend[297],0.845815135
1876902545,172989148,1,118.992,155.224,217.888,0.93514,2307027729,2307027729,0,26,LC4,LC4,blue,dend[1026],1
1876902545,174371240,1,116.456,157.56,221.944,0.996882,2307027729,2307027729,0,26,LC4,LC4,blue,dend[1014],0.912655623
1876902545,177252299,1,94.912,152.992,230.784,0.998936,2307027729,2307027729,0,26,LC4,LC4,blue,dend[298],0.707799391
1876902545,177249861,1,94.624,152.824,230.688,0.999806,2307027729,2307027729,0,26,LC4,LC4,blue,dend[298],0.83204323
1876902545,177541294,1,86.728,161.352,231.744,0.846309,2307027729,2307027729,0,26,LC4,LC4,blue,dend[292],0.456327889
1876902545,174465218,1,116.192,157.68,222.088,0.750823,2307027729,2307027729,0,26,LC4,LC4,blue,dend[1014],0.764292335
1876902545,178515013,1,107.344,164.136,235.024,0.942302,2307027729,2307027729,0,26,LC4,LC4,blue,dend[195],1
1876902545,172720810,1,116.296,159.408,217.264,0.999792,2307027729,2307027729,0,26,LC4,LC4,blue,dend[1133],0.666970076
1876902545,172125890,1,120.504,160.44,215.824,0.603922,2307027729,2307027729,0,26,LC4,LC4,blue,dend[1164],0.884546088
1877217777,172484282,1,120.496,160.328,216.208,0.824456,2307027729,2307027729,0,29,LC4,LC4,blue,dend[1164],0.88588
1877217777,173593239,1,112.872,164.376,219.696,0.920478,2307027729,2307027729,0,29,LC4,LC4,blue,dend[1129],1
1877217777,177910688,1,94.224,157.2,232.376,0.824013,2307027729,2307027729,0,29,LC4,LC4,blue,dend[322],0.603913029
1877217777,172301155,1,121.144,160.448,216.072,0.842489,2307027729,2307027729,0,29,LC4,LC4,blue,dend[1164],0.905022084
1877217777,176810841,1,115.208,161.296,229.288,0.966097,2307027729,2307027729,0,29,LC4,LC4,blue,dend[365],0.947374731
1877217777,171251518,1,93.184,161.272,213.416,0.970245,2307027729,2307027729,0,29,LC4,LC4,blue,dend[1115],0.930879329
1877217777,174306061,1,118.872,163.56,221.52,0.996509,2307027729,2307027729,0,29,LC4,LC4,blue,dend[1001],0.604357392
1877217777,177427096,1,95.424,153.08,231.152,0.72032,2307027729,2307027729,0,29,LC4,LC4,blue,dend[298],0.507564599
1877217777,171092241,1,93.896,161.4,213.08,0.69042,2307027729,2307027729,0,29,LC4,LC4,blue,dend[1115],0.803013869
1877217777,176659762,1,116.736,161.984,228.88,0.999994,2307027729,2307027729,0,29,LC4,LC4,blue,dend[990],0.745017139
1877217777,172345896,1,120.192,159.872,216.104,0.956187,2307027729,2307027729,0,29,LC4,LC4,blue,dend[1165],0.675384012
1877217777,178218472,1,108.536,160.848,233.672,0.91091,2307027729,2307027729,0,29,LC4,LC4,blue,dend[342],1
1877217777,173137034,1,115.464,154.632,218.264,0.994092,2307027729,2307027729,0,29,LC4,LC4,blue,dend[1020],0.438580505
1877217777,177810308,1,94.28,158.344,232.408,0.973929,2307027729,2307027729,0,29,LC4,LC4,blue,dend[321],1
1877217777,174306066,1,120.72,163.552,221.48,0.999,2307027729,2307027729,0,29,LC4,LC4,blue,dend[999],0.918070665
1877217777,178235891,1,97.6,163.92,234.312,0.984897,2307027729,2307027729,0,29,LC4,LC4,blue,dend[240],0.985563077
1877217777,178013535,1,108.672,160.88,233.576,0.971501,2307027729,2307027729,0,29,LC4,LC4,blue,dend[342],0.993596097
1877217777,175354044,1,114.744,162.368,224.568,0.996175,2307027729,2307027729,0,29,LC4,LC4,blue,dend[988],0.93072264
1877217777,178538377,1,96.144,164.216,234.792,0.996871,2307027729,2307027729,0,29,LC4,LC4,blue,dend[242],0.661267765
1877217777,174029584,1,123.184,167.296,220.56,0.996893,2307027729,2307027729,0,29,LC4,LC4,blue,dend[1178],0.270290732
1877217777,173311015,1,115.032,154.336,218.76,0.98297,2307027729,2307027729,0,29,LC4,LC4,blue,dend[1020],0.478455695
1877217777,176920997,1,113.872,159.192,229.776,0.996616,2307027729,2307027729,0,29,LC4,LC4,blue,dend[367],0.471836665
1877217777,172434006,1,116.728,156.48,216.408,0.981806,2307027729,2307027729,0,29,LC4,LC4,blue,dend[1027],0.661673622
1877217777,176962399,1,113.48,158.944,230.024,0.90191,2307027729,2307027729,0,29,LC4,LC4,blue,dend[367],0.569486831
1877217777,174337293,1,116.808,162.824,221.528,0.999957,2307027729,2307027729,0,29,LC4,LC4,blue,dend[1134],0.380783017
1877217777,178563560,1,95.528,163.816,235.096,0.985297,2307027729,2307027729,0,29,LC4,LC4,blue,dend[242],0.951849393
1877217777,172254535,1,120.44,159.6,215.56,0.994752,2307027729,2307027729,0,29,LC4,LC4,blue,dend[1166],0.1983485
1877217777,172252073,1,120.432,159.92,215.784,0.97115,2307027729,2307027729,0,29,LC4,LC4,blue,dend[1164],1
1877217777,174271193,1,120.992,163.68,221.272,0.961436,2307027729,2307027729,0,29,LC4,LC4,blue,dend[999],0.675543644
1877930505,174942045,1,98.36,151.408,223.864,0.906263,2307027729,2307027729,0,38,LC4,LC4,blue,dend[189],0.591936366
1877930505,176153517,1,116.256,165.992,227.344,0.987251,2307027729,2307027729,0,38,LC4,LC4,blue,dend[983],0.817134796
1877930505,175019380,1,99.672,152.704,224.176,0.924137,2307027729,2307027729,0,38,LC4,LC4,blue,dend[187],0.39164418
1877930505,175962604,1,115.256,164.976,226.632,0.998573,2307027729,2307027729,0,38,LC4,LC4,blue,dend[987],0.483929962
1877930505,178231796,1,108.376,161.376,234.008,0.967,2307027729,2307027729,0,38,LC4,LC4,blue,dend[342],0.997755145
1877930505,176057088,1,87.552,164.064,226.856,0.959443,2307027729,2307027729,0,38,LC4,LC4,blue,dend[288],0.926182
1877930505,175731638,1,115.096,163.72,225.96,0.758755,2307027729,2307027729,0,38,LC4,LC4,blue,dend[988],0.223037325
1877930505,176120936,1,87.656,163.896,226.936,0.686204,2307027729,2307027729,0,38,LC4,LC4,blue,dend[288],0.971086838
1877930505,174260127,1,113.376,159.096,221.576,0.390219,2307027729,2307027729,0,38,LC4,LC4,blue,dend[1015],0.758692405
1877930505,176503336,1,119.416,166.952,228.288,0.999994,2307027729,2307027729,0,38,LC4,LC4,blue,dend[164],1
1877930505,178606780,1,100.8,161.248,235.12,0.995112,2307027729,2307027729,0,38,LC4,LC4,blue,dend[334],0.375648922
1877930505,176406538,1,119.752,167.144,227.984,0.991,2307027729,2307027729,0,38,LC4,LC4,blue,dend[164],1
1877930505,176057112,1,115.568,165.624,226.856,0.999996,2307027729,2307027729,0,38,LC4,LC4,blue,dend[983],0.954278086
1877930505,176544354,1,118.432,166.296,228.424,0.998389,2307027729,2307027729,0,38,LC4,LC4,blue,dend[983],0.440915491
1877930505,173134776,1,116.184,157.72,218.648,0.988676,2307027729,2307027729,0,38,LC4,LC4,blue,dend[1019],0.669129226
1877930505,176496791,1,91.2,165.472,227.792,0.988154,2307027729,2307027729,0,38,LC4,LC4,blue,dend[286],0.441486092
1877930505,173507229,1,114.744,158.584,219.272,0.992956,2307027729,2307027729,0,38,LC4,LC4,blue,dend[1131],1
1877930505,176290935,1,92.136,165.832,227.72,0.911057,2307027729,2307027729,0,38,LC4,LC4,blue,dend[262],1
1877930505,172715238,1,120.528,162.968,217.152,0.924937,2307027729,2307027729,0,38,LC4,LC4,blue,dend[1163],0.518636773
1877930505,177818330,1,97.232,156.712,232.344,0.819107,2307027729,2307027729,0,38,LC4,LC4,blue,dend[297],0.680169136
1877930505,173363633,1,116.264,159.928,218.888,0.411417,2307027729,2307027729,0,38,LC4,LC4,blue,dend[1009],0.706156151
1877930505,172697614,1,120.872,163.2,216.88,0.904501,2307027729,2307027729,0,38,LC4,LC4,blue,dend[1163],0.476371721
1877930505,178168115,1,99.968,161.8,233.616,0.76371,2307027729,2307027729,0,38,LC4,LC4,blue,dend[330],1
1877930505,176209864,1,116.064,165.688,227.28,0.986124,2307027729,2307027729,0,38,LC4,LC4,blue,dend[983],0.860910242
1877930505,175521558,1,114.944,162.32,224.952,0.996093,2307027729,2307027729,0,38,LC4,LC4,blue,dend[988],0.839960433
1877930505,173131326,1,117.288,160.424,218.464,0.810988,2307027729,2307027729,0,38,LC4,LC4,blue,dend[1008],1
1877930505,177436288,1,107.6,163.976,231.16,0.869,2307027729,2307027729,0,38,LC4,LC4,blue,dend[193],0.404203484
1877930505,177222497,1,94.024,152.848,230.568,0.999535,2307027729,2307027729,0,38,LC4,LC4,blue,dend[298],1
1877930505,178624385,1,101.184,161.736,234.784,0.747318,2307027729,2307027729,0,38,LC4,LC4,blue,dend[332],0.862393097
1877930505,171509526,1,122.76,163.928,214.144,0.712691,2307027729,2307027729,0,38,LC4,LC4,blue,dend[1192],0.481603972
1877930505,174642059,1,114.872,158.016,222.416,0.941105,2307027729,2307027729,0,38,LC4,LC4,blue,dend[1014],0.125545746
1877930505,171640127,1,122.824,164.024,214.176,0.929,2307027729,2307027729,0,38,LC4,LC4,blue,dend[1192],0.462363312
1877930505,178510755,1,100.808,161.64,234.976,0.991835,2307027729,2307027729,0,38,LC4,LC4,blue,dend[332],1
1877930505,171107240,1,123.296,163.264,212.664,0.999757,2307027729,2307027729,0,38,LC4,LC4,blue,dend[1200],0.498582535
1877930505,177528097,1,107.24,165.096,231.2,0.999636,2307027729,2307027729,0,38,LC4,LC4,blue,dend[196],0.502871223
1877930505,173421901,1,115.744,159.312,218.952,0.99976,2307027729,2307027729,0,38,LC4,LC4,blue,dend[1131],0.650779277
1877930505,177256435,1,108.096,164.568,230.808,0.999476,2307027729,2307027729,0,38,LC4,LC4,blue,dend[180],0.915968125
1877930505,177118576,1,93.968,153.168,230.224,0.997842,2307027729,2307027729,0,38,LC4,LC4,blue,dend[298],1
1877939213,171564209,1,125.696,164.208,213.912,0.915449,2307027729,2307027729,0,23,LC4,LC4,blue,dend[1197],1
1877939213,172593096,1,98.504,162.312,216.632,0.92888,2307027729,2307027729,0,23,LC4,LC4,blue,dend[1085],1
1877939213,174012380,1,122.616,167.36,220.672,0.912915,2307027729,2307027729,0,23,LC4,LC4,blue,dend[1178],0.375494975
1877939213,176314578,1,109.224,159.896,227.592,0.997074,2307027729,2307027729,0,23,LC4,LC4,blue,dend[348],0.884212777
1877939213,171635973,1,127.008,164.648,213.944,0.970549,2307027729,2307027729,0,23,LC4,LC4,blue,dend[1197],1
1877939213,172036453,1,125.472,164.84,215.44,0.988327,2307027729,2307027729,0,23,LC4,LC4,blue,dend[156],0.895803037
1877939213,174033134,1,122.688,168.144,221.016,0.944237,2307027729,2307027729,0,23,LC4,LC4,blue,dend[1178],0.544896235
1877939213,172138261,1,116.768,156.072,215.576,0.989521,2307027729,2307027729,0,23,LC4,LC4,blue,dend[1027],0.995854016
1877939213,174703246,1,121.28,164.696,222.624,0.992909,2307027729,2307027729,0,23,LC4,LC4,blue,dend[995],0.863758587
1877939213,174058406,1,122.728,167.688,220.872,0.997638,2307027729,2307027729,0,23,LC4,LC4,blue,dend[1178],0.441051832
1877939213,171743847,1,123.976,164.944,214.384,0.951076,2307027729,2307027729,0,23,LC4,LC4,blue,dend[1192],0.237927071
1877939213,174646868,1,121.152,165.424,223.056,0.990229,2307027729,2307027729,0,23,LC4,LC4,blue,dend[995],0.745441763
1877939213,174083386,1,114.736,165.152,220.96,0.798,2307027729,2307027729,0,23,LC4,LC4,blue,dend[1135],1
1877939213,176671936,1,110.072,163.928,228.576,0.509637,2307027729,2307027729,0,23,LC4,LC4,blue,dend[177],0.542605093
1877939213,172339132,1,114.616,150.92,216.128,0.999752,2307027729,2307027729,0,23,LC4,LC4,blue,dend[1022],0.243958226
1877939213,172066861,1,121.528,165.4,215.224,0.991835,2307027729,2307027729,0,23,LC4,LC4,blue,dend[1194],0.8497334
1877939213,171454080,1,120.232,157.792,213.992,0.999989,2307027729,2307027729,0,23,LC4,LC4,blue,dend[1166],0.835640668
1877939213,171469032,1,120.016,157.384,213.544,0.998126,2307027729,2307027729,0,23,LC4,LC4,blue,dend[1166],0.998809263
1877939213,175923400,1,109.456,160.176,226.824,0.994864,2307027729,2307027729,0,23,LC4,LC4,blue,dend[356],1
1877939213,171732140,1,125.936,164.76,214.432,0.999996,2307027729,2307027729,0,23,LC4,LC4,blue,dend[1197],0.846800783
1877939213,178322417,1,98.656,165.112,234.312,0.702503,2307027729,2307027729,0,23,LC4,LC4,blue,dend[239],0.833919701
1877939213,171546346,1,120.264,158.072,214,0.923053,2307027729,2307027729,0,23,LC4,LC4,blue,dend[1166],0.778093235
1877939213,172480180,1,98.728,162.472,216.6,0.998,2307027729,2307027729,0,23,LC4,LC4,blue,dend[1085],0.973300196
1878271377,176002138,1,119.904,166.44,226.36,0.999819,2307027729,2307027729,0,38,LC4,LC4,blue,dend[164],0.829705318
1878271377,170832078,1,120.36,168.36,211.904,0.999999,2307027729,2307027729,0,38,LC4,LC4,blue,dend[1207],0.957548081
1878271377,171302011,1,120.408,168.304,213.016,0.985381,2307027729,2307027729,0,38,LC4,LC4,blue,dend[1204],0.893465765
1878271377,171608784,1,121.896,165.848,214.336,0.965717,2307027729,2307027729,0,38,LC4,LC4,blue,dend[1193],0.944205634
1878271377,178066574,1,106.768,165.552,233.592,0.9714,2307027729,2307027729,0,38,LC4,LC4,blue,dend[195],0.708741498
1878271377,178042576,1,101.76,164.104,233.472,0.995404,2307027729,2307027729,0,38,LC4,LC4,blue,dend[331],0.657919162
1878271377,176590554,1,117.44,164.16,228.48,0.997,2307027729,2307027729,0,38,LC4,LC4,blue,dend[983],0.674432737
1878271377,176559827,1,117.464,164.112,228.824,0.997925,2307027729,2307027729,0,38,LC4,LC4,blue,dend[983],0.657856929
1878271377,178396231,1,101.448,163.088,234.152,0.944218,2307027729,2307027729,0,38,LC4,LC4,blue,dend[331],1
1878271377,179849259,1,113.672,174.768,239.92,0.906543,2307027729,2307027729,0,38,LC4,LC4,blue,dend[421],0.499836705
1878271377,180104602,1,113.568,175.04,240.152,0.970794,2307027729,2307027729,0,38,LC4,LC4,blue,dend[421],0.660500461
1878271377,173185741,1,116.048,157.688,218.64,0.992923,2307027729,2307027729,0,38,LC4,LC4,blue,dend[1019],0.657588682
1878271377,173593269,1,124.64,166.584,220.032,0.984629,2307027729,2307027729,0,38,LC4,LC4,blue,dend[1147],0.598426229
1878271377,170848119,1,119.464,168.752,211.952,0.956917,2307027729,2307027729,0,38,LC4,LC4,blue,dend[1267],0.739522003
1878271377,173376731,1,116.328,159.856,218.936,0.945737,2307027729,2307027729,0,38,LC4,LC4,blue,dend[1009],0.695326183
1878271377,172696885,1,121.144,163.56,217.136,0.971247,2307027729,2307027729,0,38,LC4,LC4,blue,dend[1163],0.308710304
1878271377,172927837,1,111.6,156.096,218.008,0.986449,2307027729,2307027729,0,38,LC4,LC4,blue,dend[1053],1
1878271377,176662505,1,117.968,165.056,228.672,1,2307027729,2307027729,0,38,LC4,LC4,blue,dend[983],0.550755971
1878271377,173361854,1,117.112,160.512,219.192,0.878217,2307027729,2307027729,0,38,LC4,LC4,blue,dend[1007],1
1878271377,176327378,1,119.224,165.752,227.936,0.990751,2307027729,2307027729,0,38,LC4,LC4,blue,dend[983],0.371076944
1878271377,172062166,1,121.672,165.568,215.008,0.635636,2307027729,2307027729,0,38,LC4,LC4,blue,dend[1194],0.620440413
1878271377,176500931,1,118.936,165.632,228.472,0.997564,2307027729,2307027729,0,38,LC4,LC4,blue,dend[983],0.394377175
1878271377,173944431,1,109.928,153.704,220.936,0.414273,2307027729,2307027729,0,38,LC4,LC4,blue,dend[1035],0.394659526
1878271377,172007780,1,114.736,150.44,215.544,0.849373,2307027729,2307027729,0,38,LC4,LC4,blue,dend[1022],0.420559583
1878271377,176497756,1,117.672,164.408,228.616,0.999968,2307027729,2307027729,0,38,LC4,LC4,blue,dend[983],0.624099649
1878271377,172193629,1,114.504,150.12,215.688,0.98675,2307027729,2307027729,0,38,LC4,LC4,blue,dend[1022],0.456755615
1878271377,178063953,1,106.92,165.976,232.968,0.999267,2307027729,2307027729,0,38,LC4,LC4,blue,dend[195],0.547784954
1878271377,176125148,1,119.88,166.112,226.784,0.978347,2307027729,2307027729,0,38,LC4,LC4,blue,dend[164],0.891830783
1878271377,173886599,1,110.384,153.832,220.696,0.999984,2307027729,2307027729,0,38,LC4,LC4,blue,dend[1034],1
1878271377,178184416,1,93.176,157.904,233.352,0.985538,2307027729,2307027729,0,38,LC4,LC4,blue,dend[325],0.628013404
1878271377,173347719,1,115.656,159,218.936,0.973253,2307027729,2307027729,0,38,LC4,LC4,blue,dend[1017],1
1878271377,173839294,1,126,168.4,220.448,0.99994,2307027729,2307027729,0,38,LC4,LC4,blue,dend[161],0.654993752
1878271377,173625584,1,117.536,160.752,219.472,0.999906,2307027729,2307027729,0,38,LC4,LC4,blue,dend[1007],0.656294793
1878271377,178053001,1,100.024,161.84,233.624,0.956954,2307027729,2307027729,0,38,LC4,LC4,blue,dend[330],1
1878271377,172890996,1,124.072,166.384,217.768,0.999619,2307027729,2307027729,0,38,LC4,LC4,blue,dend[1188],0.121142856
1878271377,178106120,1,101.616,163.824,233.696,0.995865,2307027729,2307027729,0,38,LC4,LC4,blue,dend[331],0.765455109
1878271377,176244987,1,119.192,164.784,227.576,0.997326,2307027729,2307027729,0,38,LC4,LC4,blue,dend[983],0.43335571
1878271377,171945143,1,121.944,165.6,214.752,0.709687,2307027729,2307027729,0,38,LC4,LC4,blue,dend[1193],0.958111414
1906159299,173588730,1,123.68,166.072,219.728,0.998781,2307027729,2307027729,0,26,LC4,LC4,blue,dend[1148],0.639241875
1906159299,174319688,1,113.656,159.424,221.64,0.980287,2307027729,2307027729,0,26,LC4,LC4,blue,dend[1015],0.679379896
1906159299,174264491,1,113.16,159.296,221.76,0.908901,2307027729,2307027729,0,26,LC4,LC4,blue,dend[1015],0.85987138
1906159299,174803222,1,121.84,162.808,223.36,0.988463,2307027729,2307027729,0,26,LC4,LC4,blue,dend[996],0.500359915
1906159299,176589949,1,109.44,157.16,228.648,0.761369,2307027729,2307027729,0,26,LC4,LC4,blue,dend[351],1
1906159299,176996313,1,112.448,166.2,229.784,0.751182,2307027729,2307027729,0,26,LC4,LC4,blue,dend[364],1
1906159299,173196335,1,122.92,168.064,218.192,0.812206,2307027729,2307027729,0,26,LC4,LC4,blue,dend[1184],1
1906159299,175349241,1,121.248,168.728,224.6,0.854928,2307027729,2307027729,0,26,LC4,LC4,blue,dend[1178],1
1906159299,176551894,1,112.888,160.696,228.72,0.799624,2307027729,2307027729,0,26,LC4,LC4,blue,dend[361],1
1906159299,173487010,1,123.32,165.472,219.608,0.801463,2307027729,2307027729,0,26,LC4,LC4,blue,dend[1148],1
1906159299,174737599,1,121.792,163.344,222.992,0.991674,2307027729,2307027729,0,26,LC4,LC4,blue,dend[996],0.286294504
1906159299,175582444,1,118.576,164.408,225.456,0.883239,2307027729,2307027729,0,26,LC4,LC4,blue,dend[1142],1
1906159299,176662510,1,113.144,165.712,228.448,0.999668,2307027729,2307027729,0,26,LC4,LC4,blue,dend[363],0.783893189
1906159299,175637093,1,118.496,164.312,225.584,0.737,2307027729,2307027729,0,26,LC4,LC4,blue,dend[1142],1
1906159299,175400926,1,114.328,164.472,225.28,0.844904,2307027729,2307027729,0,26,LC4,LC4,blue,dend[989],0.963982915
1906159299,173964823,1,120.888,166.808,220.688,0.95188,2307027729,2307027729,0,26,LC4,LC4,blue,dend[1174],0.568305885
1906159299,174413758,1,122.12,163.512,221.944,0.521428,2307027729,2307027729,0,26,LC4,LC4,blue,dend[995],0.988980517
1906159299,173422051,1,123.552,167.976,218.824,0.923281,2307027729,2307027729,0,26,LC4,LC4,blue,dend[1183],0.888352452
1906159299,175018286,1,120.728,169.656,223.432,0.9725,2307027729,2307027729,0,26,LC4,LC4,blue,dend[1178],1
1906159299,174864701,1,122.256,162.192,223.416,0.924827,2307027729,2307027729,0,26,LC4,LC4,blue,dend[996],0.697211104
1906159299,175123936,1,120.832,169.136,223.968,0.851,2307027729,2307027729,0,26,LC4,LC4,blue,dend[1178],1
1906159299,175213465,1,115.136,165.592,224.688,0.4583748,2307027729,2307027729,0,26,LC4,LC4,blue,dend[985],1
1906159299,174153790,1,121.128,169.008,221.704,0.978641,2307027729,2307027729,0,26,LC4,LC4,blue,dend[1178],1
1906159299,171824229,1,121.248,168.488,214.64,0.900266,2307027729,2307027729,0,26,LC4,LC4,blue,dend[1196],0.937209007
1906159299,175841850,1,120.92,172.816,226.064,0.999999,2307027729,2307027729,0,26,LC4,LC4,blue,dend[373],0.771424955
1906159299,176327622,1,109.544,157.848,227.88,0.439519,2307027729,2307027729,0,26,LC4,LC4,blue,dend[351],0.312904194
1906496111,175037266,1,119.72,163.056,223.816,0.992444,2307027729,2307027729,0,39,LC4,LC4,blue,dend[1143],1
1906496111,174269406,1,108.264,154.568,221.488,0.918114,2307027729,2307027729,0,39,LC4,LC4,blue,dend[1048],0.729278947
1906496111,177633973,1,93.224,156.08,231.864,0.887486,2307027729,2307027729,0,39,LC4,LC4,blue,dend[323],0.914676071
1906496111,171572069,1,121.856,165.536,214.264,0.999955,2307027729,2307027729,0,39,LC4,LC4,blue,dend[1193],0.98437945
1906496111,176391976,1,109.656,158.952,227.688,0.78,2307027729,2307027729,0,39,LC4,LC4,blue,dend[349],0.440187714
1906496111,177309454,1,102.52,162.528,230.56,0.931194,2307027729,2307027729,0,39,LC4,LC4,blue,dend[336],0.772692188
1906496111,176590459,1,105.192,155.736,228.552,0.999036,2307027729,2307027729,0,39,LC4,LC4,blue,dend[191],0.732618121
1906496111,178553203,1,114.432,167.728,235.248,0.898144,2307027729,2307027729,0,39,LC4,LC4,blue,dend[411],0.781041151
1906496111,177534991,1,106.336,165.208,231.416,0.999983,2307027729,2307027729,0,39,LC4,LC4,blue,dend[196],1
1906496111,174111510,1,108.256,154.392,221.24,0.929123,2307027729,2307027729,0,39,LC4,LC4,blue,dend[1048],0.689791881
1906496111,178746003,1,114.792,169.088,235.696,0.997567,2307027729,2307027729,0,39,LC4,LC4,blue,dend[410],0.613322815
1906496111,172890917,1,113.84,161.656,217.76,0.878154,2307027729,2307027729,0,39,LC4,LC4,blue,dend[1129],0.313281838
1906496111,171564235,1,121.28,165.48,214.184,0.948219,2307027729,2307027729,0,39,LC4,LC4,blue,dend[1195],0.743656692
1906496111,178763668,1,114.592,168.536,235.304,0.975674,2307027729,2307027729,0,39,LC4,LC4,blue,dend[410],0.892279372
1906496111,176357906,1,105.592,155.44,228.352,0.99368,2307027729,2307027729,0,39,LC4,LC4,blue,dend[191],0.950758117
1906496111,174072089,1,120.912,162.72,220.936,0.983,2307027729,2307027729,0,39,LC4,LC4,blue,dend[1000],0.599192576
1906496111,176391728,1,108.408,158.344,227.984,0.924518,2307027729,2307027729,0,39,LC4,LC4,blue,dend[353],0.502769453
1906496111,178553205,1,114.52,168.304,235.2,0.980396,2307027729,2307027729,0,39,LC4,LC4,blue,dend[410],0.99880645
1906496111,175014271,1,119.64,162.976,223.776,0.952937,2307027729,2307027729,0,39,LC4,LC4,blue,dend[1143],1
1906496111,173494539,1,111.392,160.016,219.24,0.999551,2307027729,2307027729,0,39,LC4,LC4,blue,dend[1058],0.585766224
1906496111,173796182,1,110.456,160.072,219.696,0.45408896,2307027729,2307027729,0,39,LC4,LC4,blue,dend[1058],0.773762059
1906496111,177700599,1,106.656,166.096,232.24,0.978031,2307027729,2307027729,0,39,LC4,LC4,blue,dend[195],0.375034108
1906496111,176364486,1,112.216,162.088,227.768,0.920178,2307027729,2307027729,0,39,LC4,LC4,blue,dend[357],0.928719197
1906496111,174415005,1,121.648,164.176,222.24,0.99998,2307027729,2307027729,0,39,LC4,LC4,blue,dend[995],0.928100238
1906496111,177222521,1,96.584,154.52,230.552,0.958,2307027729,2307027729,0,39,LC4,LC4,blue,dend[297],0.967314181
1906496111,177386921,1,102.184,161.64,230.808,0.982231,2307027729,2307027729,0,39,LC4,LC4,blue,dend[336],1
1906496111,176391975,1,109.672,158.816,227.688,0.866645,2307027729,2307027729,0,39,LC4,LC4,blue,dend[349],0.51382885
1906496111,177860849,1,99.792,162.888,232.28,0.937948,2307027729,2307027729,0,39,LC4,LC4,blue,dend[330],0.55621058
1906496111,173939789,1,120.76,162.408,220.464,0.920288,2307027729,2307027729,0,39,LC4,LC4,blue,dend[1000],0.933760401
1906496111,171599557,1,121.352,165.6,214.304,0.959567,2307027729,2307027729,0,39,LC4,LC4,blue,dend[1195],0.644820659
1906496111,173311095,1,111.848,160.352,218.688,0.928047,2307027729,2307027729,0,39,LC4,LC4,blue,dend[1058],0.430599515
1906496111,174277717,1,120.904,163.192,221.568,0.986046,2307027729,2307027729,0,39,LC4,LC4,blue,dend[1000],0.190257566
1906496111,175798172,1,115.288,163.208,225.992,0.933229,2307027729,2307027729,0,39,LC4,LC4,blue,dend[988],0.338074266
1906496111,177297701,1,96.528,154.312,230.36,0.4525193,2307027729,2307027729,0,39,LC4,LC4,blue,dend[297],0.994595665
1906496111,174153045,1,120.912,163.096,221.424,0.999,2307027729,2307027729,0,39,LC4,LC4,blue,dend[1000],0.277209862
1906496111,176333494,1,110.776,160.896,227.648,0.88269,2307027729,2307027729,0,39,LC4,LC4,blue,dend[347],0.875173544
1906496111,175091719,1,120.928,169.192,224.152,0.99066,2307027729,2307027729,0,39,LC4,LC4,blue,dend[1178],1
1906496111,175138934,1,121.216,168.808,224.344,0.46930027,2307027729,2307027729,0,39,LC4,LC4,blue,dend[1178],1
1906496111,177325080,1,103.616,164.2,231.128,0.999994,2307027729,2307027729,0,39,LC4,LC4,blue,dend[228],0.643702336
1907156409,177618194,1,97.456,156.464,232.144,0.962764,2307027729,2307027729,0,36,LC4,LC4,blue,dend[297],0.702939057
1907156409,172478202,1,120.392,160.464,216.248,0.989754,2307027729,2307027729,0,36,LC4,LC4,blue,dend[1164],0.795273812
1907156409,178959080,1,113.008,169.416,236.056,0.93587,2307027729,2307027729,0,36,LC4,LC4,blue,dend[409],0.560812787
1907156409,179875940,1,114.448,173.6,239.736,0.99553,2307027729,2307027729,0,36,LC4,LC4,blue,dend[419],1
1907156409,173785065,1,122.256,163.304,219.864,0.749387,2307027729,2307027729,0,36,LC4,LC4,blue,dend[1177],0.143020359
1907156409,173835434,1,125.184,166.096,220.16,0.996,2307027729,2307027729,0,36,LC4,LC4,blue,dend[159],0.935962554
1907156409,173557584,1,117.32,159.592,219.824,0.999706,2307027729,2307027729,0,36,LC4,LC4,blue,dend[1007],1
1907156409,178510782,1,97.968,162.896,234.936,0.954181,2307027729,2307027729,0,36,LC4,LC4,blue,dend[241],0.71587694
1907156409,177239097,1,104.632,157.104,230.608,0.999955,2307027729,2307027729,0,36,LC4,LC4,blue,dend[192],0.983664425
1907156409,175102181,1,109.752,153.192,224.056,0.860526,2307027729,2307027729,0,36,LC4,LC4,blue,dend[1046],0.857253815
1907156409,173693430,1,122.024,163.736,220.016,0.983019,2307027729,2307027729,0,36,LC4,LC4,blue,dend[1177],0.036261185
1907156409,175117244,1,93.824,163.768,223.808,0.930414,2307027729,2307027729,0,36,LC4,LC4,blue,dend[311],1
1907156409,178051819,1,108.52,161.536,233.008,0.910322,2307027729,2307027729,0,36,LC4,LC4,blue,dend[342],0.806660464
1907156409,173347676,1,116.104,156.44,218.752,0.99919,2307027729,2307027729,0,36,LC4,LC4,blue,dend[1020],0.089096428
1907156409,173728145,1,117.48,159.824,219.912,0.994644,2307027729,2307027729,0,36,LC4,LC4,blue,dend[1007],0.944691228
1907156409,177123185,1,104.408,157.016,230.296,0.710637,2307027729,2307027729,0,36,LC4,LC4,blue,dend[192],0.750564787
1907156409,178083561,1,108.896,161.624,233.104,0.99979,2307027729,2307027729,0,36,LC4,LC4,blue,dend[342],0.819707303
1907156409,174313295,1,107.688,150.384,221.624,0.999,2307027729,2307027729,0,36,LC4,LC4,blue,dend[1041],0.411916931
1907156409,178873769,1,112.52,168.832,236.304,0.998393,2307027729,2307027729,0,36,LC4,LC4,blue,dend[409],0.74233822
1907156409,173160018,1,117.08,156.936,218.28,0.852,2307027729,2307027729,0,36,LC4,LC4,blue,dend[1025],1
1907156409,173579988,1,116.224,157.512,219.616,0.371566,2307027729,2307027729,0,36,LC4,LC4,blue,dend[1132],0.797576915
1907156409,173768415,1,121.904,163.56,219.952,0.778663,2307027729,2307027729,0,36,LC4,LC4,blue,dend[1177],0.068486577
1907156409,171978356,1,123.288,163.152,215.304,0.91894,2307027729,2307027729,0,36,LC4,LC4,blue,dend[1192],0.640090444
1907156409,177407505,1,111.752,161.376,231.464,0.958119,2307027729,2307027729,0,36,LC4,LC4,blue,dend[170],1
1907156409,179809172,1,114.752,173.992,239.648,0.999963,2307027729,2307027729,0,36,LC4,LC4,blue,dend[419],0.910369975
1907156409,173859471,1,117.968,160.776,220.128,0.999991,2307027729,2307027729,0,36,LC4,LC4,blue,dend[1006],0.914638097
1907156409,173505127,1,125.072,164.72,219.552,0.956224,2307027729,2307027729,0,36,LC4,LC4,blue,dend[1182],0.582045964
1907156409,178612044,1,97.936,162.44,235.2,0.976753,2307027729,2307027729,0,36,LC4,LC4,blue,dend[241],1
1907156409,172368885,1,124.824,165.12,216.128,0.929006,2307027729,2307027729,0,36,LC4,LC4,blue,dend[1189],0.444920605
1907156409,180095307,1,115.152,174.704,240.04,0.999256,2307027729,2307027729,0,36,LC4,LC4,blue,dend[421],0.204715846
1907156409,173679409,1,125.752,165.528,219.904,0.862961,2307027729,2307027729,0,36,LC4,LC4,blue,dend[159],0.933485493
1907156409,177194756,1,94.288,152.48,230.64,0.777742,2307027729,2307027729,0,36,LC4,LC4,blue,dend[298],0.994598702
1907156409,179985307,1,114.32,174.048,239.968,0.999877,2307027729,2307027729,0,36,LC4,LC4,blue,dend[421],0.169694441
1907156409,178166524,1,108.496,161.088,233.448,0.854599,2307027729,2307027729,0,36,LC4,LC4,blue,dend[342],0.940681106
1907156409,176394035,1,92.552,166.36,227.888,0.982257,2307027729,2307027729,0,36,LC4,LC4,blue,dend[262],1
1907156409,173738775,1,125.32,165.04,219.576,0.985353,2307027729,2307027729,0,36,LC4,LC4,blue,dend[1182],0.464884
1907169406,174452090,1,109.616,153.384,222.12,0.677146,2307027729,2307027729,0,28,LC4,LC4,blue,dend[1035],1
1907169406,172898345,1,123.616,164.712,217.392,0.843265,2307027729,2307027729,0,28,LC4,LC4,blue,dend[1187],0.266486024
1907169406,176884649,1,114.168,162.472,229.176,0.879324,2307027729,2307027729,0,28,LC4,LC4,blue,dend[365],0.453070154
1907169406,174264421,1,109.344,153.248,221.608,0.735357,2307027729,2307027729,0,28,LC4,LC4,blue,dend[1035],1
1907169406,177590831,1,86.904,161.344,231.744,0.4681491,2307027729,2307027729,0,28,LC4,LC4,blue,dend[292],0.448201701
1907169406,172327136,1,115.04,159.736,215.656,0.996288,2307027729,2307027729,0,28,LC4,LC4,blue,dend[1126],0.612364393
1907169406,177598327,1,86.896,161.296,231.784,0.871,2307027729,2307027729,0,28,LC4,LC4,blue,dend[292],0.473524739
1907169406,173863541,1,117.224,161.64,220.64,0.999326,2307027729,2307027729,0,28,LC4,LC4,blue,dend[1006],0.933079764
1907169406,178732938,1,98.688,164.472,235.64,0.693014,2307027729,2307027729,0,28,LC4,LC4,blue,dend[243],0.260810081
1907169406,172645466,1,123.312,164.608,217.256,0.797882,2307027729,2307027729,0,28,LC4,LC4,blue,dend[1187],0.3272296
1907169406,173042085,1,113.936,161.432,217.712,0.938919,2307027729,2307027729,0,28,LC4,LC4,blue,dend[1129],0.264333516
1907169406,177129049,1,110.36,161.76,230.256,0.996979,2307027729,2307027729,0,28,LC4,LC4,blue,dend[174],0.729596977
1907169406,174373229,1,115.944,158.152,221.752,0.997616,2307027729,2307027729,0,28,LC4,LC4,blue,dend[1014],0.424270744
1907169406,176784548,1,114.16,160.888,229.584,0.969447,2307027729,2307027729,0,28,LC4,LC4,blue,dend[367],0.074313058
1907169406,177976231,1,108.744,161.248,233.352,0.4570595,2307027729,2307027729,0,28,LC4,LC4,blue,dend[342],0.908415604
1907169406,178079252,1,108.504,160.928,233.464,0.999768,2307027729,2307027729,0,28,LC4,LC4,blue,dend[342],0.964433014
1907169406,174024293,1,116.864,161.984,220.896,0.980096,2307027729,2307027729,0,28,LC4,LC4,blue,dend[1134],0.217947251
1907169406,177613675,1,86.288,159.872,232.056,0.928876,2307027729,2307027729,0,28,LC4,LC4,blue,dend[292],1
1907169406,174539160,1,109.424,152.952,222.528,0.874559,2307027729,2307027729,0,28,LC4,LC4,blue,dend[1036],0.61503049
1907169406,176875467,1,113.28,162.064,229.488,0.944342,2307027729,2307027729,0,28,LC4,LC4,blue,dend[361],0.703474141
1907169406,173532685,1,117.328,160.864,219.232,0.970633,2307027729,2307027729,0,28,LC4,LC4,blue,dend[1007],0.815191966
1907169406,176794537,1,113.112,161.496,229.312,0.99997,2307027729,2307027729,0,28,LC4,LC4,blue,dend[361],0.837960317
1907169406,173012894,1,114.264,161.096,217.784,0.996271,2307027729,2307027729,0,28,LC4,LC4,blue,dend[1056],0.66126294
1907169406,173355092,1,113.288,163.112,218.696,0.967123,2307027729,2307027729,0,28,LC4,LC4,blue,dend[1129],0.696689382
1907169406,174500806,1,109.248,152.776,222,0.996222,2307027729,2307027729,0,28,LC4,LC4,blue,dend[1036],0.692669276
1907169406,177520079,1,97.736,158.416,231.704,0.913739,2307027729,2307027729,0,28,LC4,LC4,blue,dend[297],0.476669941
1907169406,173480728,1,125.568,165.672,219.336,0.999883,2307027729,2307027729,0,28,LC4,LC4,blue,dend[1182],0.337105559
1907169406,174518571,1,115.784,159.112,222.112,0.627778,2307027729,2307027729,0,28,LC4,LC4,blue,dend[1013],0.624505586
1907510214,176213745,1,113.96,159.072,227.24,0.986853,2307027729,2307027729,0,39,LC4,LC4,blue,dend[366],1
1907510214,177403790,1,97.648,156.392,231.48,0.867414,2307027729,2307027729,0,39,LC4,LC4,blue,dend[297],0.711291057
1907510214,177643735,1,97.36,155.992,231.704,0.997,2307027729,2307027729,0,39,LC4,LC4,blue,dend[297],0.763875918
1907510214,175440792,1,124.504,170.192,225.024,0.998984,2307027729,2307027729,0,39,LC4,LC4,blue,dend[1144],0.447881454
1907510214,172324408,1,120.648,162.048,216.216,0.999967,2307027729,2307027729,0,39,LC4,LC4,blue,dend[1163],0.964778437
1907510214,177168203,1,89.12,165.632,230.4,0.797142,2307027729,2307027729,0,39,LC4,LC4,blue,dend[290],1
1907510214,173900505,1,125.488,164.776,220.12,0.946441,2307027729,2307027729,0,39,LC4,LC4,blue,dend[1182],0.380445778
1907510214,176716098,1,116.184,163.472,229.008,0.999977,2307027729,2307027729,0,39,LC4,LC4,blue,dend[165],0.776597612
1907510214,176168167,1,113.952,159.32,227.512,0.971371,2307027729,2307027729,0,39,LC4,LC4,blue,dend[366],0.91816325
1907510214,173841607,1,120.528,162.504,220.656,0.999992,2307027729,2307027729,0,39,LC4,LC4,blue,dend[1000],0.893039991
1907510214,172280633,1,119.136,161.84,216,0.910687,2307027729,2307027729,0,39,LC4,LC4,blue,dend[1171],0.872556871
1907510214,175432447,1,125.128,169.136,225.024,0.990361,2307027729,2307027729,0,39,LC4,LC4,blue,dend[163],0.890647857
1907510214,177704172,1,94.04,156.592,232.32,0.909246,2307027729,2307027729,0,39,LC4,LC4,blue,dend[322],0.937496831
1907510214,176342647,1,117.04,166.184,227.984,0.941655,2307027729,2307027729,0,39,LC4,LC4,blue,dend[983],0.666965182
1907510214,176700222,1,115.024,161.224,229.248,0.99997,2307027729,2307027729,0,39,LC4,LC4,blue,dend[365],0.96306292
1907510214,175363296,1,123.968,170.472,224.864,0.988719,2307027729,2307027729,0,39,LC4,LC4,blue,dend[1144],0.540629546
1907510214,178645742,1,95.472,163.784,235.136,0.717694,2307027729,2307027729,0,39,LC4,LC4,blue,dend[242],0.98023837
1907510214,177253335,1,96.136,153.792,230.928,0.99946,2307027729,2307027729,0,39,LC4,LC4,blue,dend[298],0.17896015
1907510214,173848231,1,119.392,161.616,220.136,0.996088,2307027729,2307027729,0,39,LC4,LC4,blue,dend[1006],0.33819388
1907510214,174239237,1,116.656,162.064,221.256,0.997678,2307027729,2307027729,0,39,LC4,LC4,blue,dend[1134],0.262477636
1907510214,175060895,1,112.32,154.752,223.696,0.994216,2307027729,2307027729,0,39,LC4,LC4,blue,dend[1054],0.88523549
1907510214,174670947,1,126.6,164.816,222.744,0.958431,2307027729,2307027729,0,39,LC4,LC4,blue,axon[0],0.029179088
1907510214,174542460,1,126.696,164.92,222.528,0.984951,2307027729,2307027729,0,39,LC4,LC4,blue,axon[0],0.025301773
1907510214,177407440,1,97.456,156.616,231.568,0.999966,2307027729,2307027729,0,39,LC4,LC4,blue,dend[297],0.691287216
1907510214,174160297,1,116.792,162.952,221.408,0.49748,2307027729,2307027729,0,39,LC4,LC4,blue,dend[1134],0.39933545
1907510214,172257956,1,120.264,161.488,216.248,0.76,2307027729,2307027729,0,39,LC4,LC4,blue,dend[1164],0.223778324
1907510214,175773174,1,119.736,166.896,225.944,0.998278,2307027729,2307027729,0,39,LC4,LC4,blue,dend[371],0.362053521
1907510214,177666841,1,86.616,159.88,231.832,0.990528,2307027729,2307027729,0,39,LC4,LC4,blue,dend[292],1
1907510214,173682378,1,125.192,164.168,219.712,0.432115,2307027729,2307027729,0,39,LC4,LC4,blue,dend[1182],0.629096368
1907510214,176550038,1,115.568,162.776,228.936,0.986491,2307027729,2307027729,0,39,LC4,LC4,blue,dend[365],0.446841312
1907510214,175918769,1,119.048,165.688,226.312,0.999523,2307027729,2307027729,0,39,LC4,LC4,blue,dend[983],0.470959114
1907510214,173859492,1,117.952,161.712,220.168,0.969975,2307027729,2307027729,0,39,LC4,LC4,blue,dend[1006],0.746022108
1907510214,175302413,1,123.512,170.968,224.712,0.978392,2307027729,2307027729,0,39,LC4,LC4,blue,dend[1144],0.656726982
1907510214,177802471,1,94.232,157.016,232.328,0.992531,2307027729,2307027729,0,39,LC4,LC4,blue,dend[322],0.696346349
1907510214,177642923,1,97.352,156.2,231.856,0.671233,2307027729,2307027729,0,39,LC4,LC4,blue,dend[297],0.739068597
1907510214,174732308,1,112.232,154.664,222.728,0.91242,2307027729,2307027729,0,39,LC4,LC4,blue,dend[1054],0.654504843
1907510214,177939879,1,93.664,156.832,232.656,0.789602,2307027729,2307027729,0,39,LC4,LC4,blue,dend[324],0.95272905
1907510214,175864254,1,107.072,156.456,226.408,0.580911,2307027729,2307027729,0,39,LC4,LC4,blue,dend[355],1
1907510214,173584120,1,118.032,160.984,219.592,0.999635,2307027729,2307027729,0,39,LC4,LC4,blue,dend[1006],0.906076805
1907519001,174149219,1,110.336,154.336,220.928,0.955677,2307027729,2307027729,0,35,LC4,LC4,blue,dend[1034],0.81756605
1907519001,176934287,1,116.68,166.648,229.792,0.998857,2307027729,2307027729,0,35,LC4,LC4,blue,dend[369],0.410828006
1907519001,174036204,1,111.512,155.848,220.416,0.828408,2307027729,2307027729,0,35,LC4,LC4,blue,dend[1032],1
1907519001,173987749,1,115.44,159.776,220.528,0.990472,2307027729,2307027729,0,35,LC4,LC4,blue,dend[1011],0.687938433
1907519001,175931326,1,106.472,158.064,226.552,0.993757,2307027729,2307027729,0,35,LC4,LC4,blue,dend[354],0.496339214
1907519001,173818286,1,113.128,156.96,220.112,0.860809,2307027729,2307027729,0,35,LC4,LC4,blue,dend[1029],0.806441627
1907519001,173899115,1,112.304,155.928,220.696,0.99623,2307027729,2307027729,0,35,LC4,LC4,blue,dend[1030],0.736911851
1907519001,172254564,1,123.064,161.688,215.584,0.990736,2307027729,2307027729,0,35,LC4,LC4,blue,dend[1192],0.922983853
1907519001,176797427,1,109.416,163.048,229.344,0.999997,2307027729,2307027729,0,35,LC4,LC4,blue,dend[344],0.710112735
1907519001,173600457,1,125.44,168.784,219.704,0.929817,2307027729,2307027729,0,35,LC4,LC4,blue,dend[1179],0.486179314
1907519001,171281726,1,122.616,160.416,212.992,0.9312,2307027729,2307027729,0,35,LC4,LC4,blue,dend[1200],0.994919259
1907519001,176751362,1,91.592,167.408,228.896,0.881756,2307027729,2307027729,0,35,LC4,LC4,blue,dend[286],0.339049669
1907519001,176973381,1,110.44,163.776,229.568,0.998126,2307027729,2307027729,0,35,LC4,LC4,blue,dend[172],0.531125574
1907519001,173273947,1,116.248,161.056,219.08,0.99986,2307027729,2307027729,0,35,LC4,LC4,blue,dend[1007],1
1907519001,173711405,1,116.264,157.608,219.736,0.853339,2307027729,2307027729,0,35,LC4,LC4,blue,dend[1132],0.78871764
1907519001,176533972,1,110.008,163.712,228.64,0.722691,2307027729,2307027729,0,35,LC4,LC4,blue,dend[177],0.518178547
1907519001,175734194,1,99.656,153.088,225.488,0.890986,2307027729,2307027729,0,35,LC4,LC4,blue,dend[186],0.996123819
1907519001,173179638,1,119.712,164.592,218.384,0.93591,2307027729,2307027729,0,35,LC4,LC4,blue,dend[1161],0.81982327
1907519001,176259609,1,90.736,164.888,227.792,0.939671,2307027729,2307027729,0,35,LC4,LC4,blue,dend[286],0.572642519
1907519001,176922124,1,113.888,163.888,229.48,0.999996,2307027729,2307027729,0,35,LC4,LC4,blue,dend[165],1
1907519001,176906935,1,117.656,166.728,229.408,0.999909,2307027729,2307027729,0,35,LC4,LC4,blue,dend[369],0.317610353
1907519001,173991255,1,114.864,159.832,220.752,0.999059,2307027729,2307027729,0,35,LC4,LC4,blue,dend[1015],0.141525514
1907519001,174351420,1,109.36,153.92,221.392,0.797,2307027729,2307027729,0,35,LC4,LC4,blue,dend[1035],0.811921527
1907519001,171193716,1,120.36,159.12,213.216,0.706822,2307027729,2307027729,0,35,LC4,LC4,blue,dend[1167],0.783975856
1907519001,173281798,1,123.36,168.992,218.96,0.836403,2307027729,2307027729,0,35,LC4,LC4,blue,dend[1183],1
1907519001,173937585,1,111.384,155.344,220.448,0.986093,2307027729,2307027729,0,35,LC4,LC4,blue,dend[1031],0.905976781
1907519001,174089279,1,110.824,154.616,220.768,0.999741,2307027729,2307027729,0,35,LC4,LC4,blue,dend[1034],0.483270476
1907519001,173510078,1,123.528,171.2,219.376,0.620034,2307027729,2307027729,0,35,LC4,LC4,blue,dend[1180],0.669409357
1907519001,173693307,1,113.576,157.312,219.976,0.926784,2307027729,2307027729,0,35,LC4,LC4,blue,dend[1029],0.693117647
1907519001,171246229,1,120.424,158.984,213.112,0.997938,2307027729,2307027729,0,35,LC4,LC4,blue,dend[1167],0.768806672
1907519001,173681818,1,115.488,159.592,220.216,0.999342,2307027729,2307027729,0,35,LC4,LC4,blue,dend[1010],1
1907519001,173414401,1,123.336,171.312,219.248,0.308987,2307027729,2307027729,0,35,LC4,LC4,blue,dend[1180],0.984455433
1907519001,176266516,1,107.568,158.384,227.2,0.866949,2307027729,2307027729,0,35,LC4,LC4,blue,dend[353],0.839139306
1907519001,174319633,1,108.64,154.416,221.544,0.656936,2307027729,2307027729,0,35,LC4,LC4,blue,dend[1048],0.574663753
1907519001,172238300,1,122.712,161.424,215.624,0.564,2307027729,2307027729,0,35,LC4,LC4,blue,dend[1192],0.99377813
1907571222,174915946,1,109.712,152.888,223.28,0.956326,2307027729,2307027729,0,47,LC4,LC4,blue,dend[1046],0.539160481
1907571222,171927481,1,122.344,163.696,214.568,0.655978,2307027729,2307027729,0,47,LC4,LC4,blue,dend[1192],0.570250524
1907571222,172286919,1,120.528,160.632,215.92,0.85585,2307027729,2307027729,0,47,LC4,LC4,blue,dend[1164],0.767359783
1907571222,175639941,1,118.552,164.416,225.592,0.852424,2307027729,2307027729,0,47,LC4,LC4,blue,dend[1142],1
1907571222,173105225,1,115.68,153.88,218.016,0.982397,2307027729,2307027729,0,47,LC4,LC4,blue,dend[1020],0.561874265
1907571222,176088441,1,101.568,155.728,226.816,0.997,2307027729,2307027729,0,47,LC4,LC4,blue,dend[185],0.613962205
1907571222,177700564,1,99.992,163.2,232.176,0.972373,2307027729,2307027729,0,47,LC4,LC4,blue,dend[330],0.446325679
1907571222,174736723,1,121.328,165.304,223.048,0.999793,2307027729,2307027729,0,47,LC4,LC4,blue,dend[995],0.742217227
1907571222,176231992,1,117.928,158.8,227.736,0.870346,2307027729,2307027729,0,47,LC4,LC4,blue,dend[991],0.381120523
1907571222,175898408,1,101.672,155.808,226.864,0.999822,2307027729,2307027729,0,47,LC4,LC4,blue,dend[185],0.599295798
1907571222,178568298,1,95.696,164.144,234.92,0.997047,2307027729,2307027729,0,47,LC4,LC4,blue,dend[242],0.8570295
1907571222,172476573,1,119.96,159.728,216.32,0.960143,2307027729,2307027729,0,47,LC4,LC4,blue,dend[1165],1
1907571222,177736553,1,94.312,158.704,232.424,0.996362,2307027729,2307027729,0,47,LC4,LC4,blue,dend[321],0.826605302
1907571222,177798814,1,94.792,159.4,232.232,0.999847,2307027729,2307027729,0,47,LC4,LC4,blue,dend[321],0.320767372
1907571222,175992490,1,118.256,159.304,226.696,0.991986,2307027729,2307027729,0,47,LC4,LC4,blue,dend[993],0.699011716
1907571222,174646855,1,121.608,164.632,222.952,0.982,2307027729,2307027729,0,47,LC4,LC4,blue,dend[995],0.802027351
1907571222,174920109,1,109.904,153.136,223.704,0.958064,2307027729,2307027729,0,47,LC4,LC4,blue,dend[1046],0.733970542
1907571222,176250937,1,119.16,164.672,227.52,0.984201,2307027729,2307027729,0,47,LC4,LC4,blue,dend[983],0.445296771
1907571222,177572004,1,100.048,163.456,231.632,0.999997,2307027729,2307027729,0,47,LC4,LC4,blue,dend[329],0.963904328
1907571222,176646521,1,100.096,163.144,228.568,0.999971,2307027729,2307027729,0,47,LC4,LC4,blue,dend[229],0.462727096
1907571222,177697020,1,95.328,160.44,231.776,0.804052,2307027729,2307027729,0,47,LC4,LC4,blue,dend[320],0.581408661
1907571222,175791024,1,115.048,164.656,226.288,0.948066,2307027729,2307027729,0,47,LC4,LC4,blue,dend[987],0.781984548
1907571222,173117089,1,116.096,154.704,218.152,0.835109,2307027729,2307027729,0,47,LC4,LC4,blue,dend[1020],0.401339331
1907571222,177705434,1,99.984,162.968,232.12,0.719136,2307027729,2307027729,0,47,LC4,LC4,blue,dend[330],0.496662508
1907571222,174160286,1,118.352,162.12,221.312,0.999783,2307027729,2307027729,0,47,LC4,LC4,blue,dend[1006],0.450232907
1907571222,174666781,1,121.464,164.688,222.856,0.999988,2307027729,2307027729,0,47,LC4,LC4,blue,dend[995],0.820683166
1907571222,174358890,1,113.72,159.432,221.552,0.993935,2307027729,2307027729,0,47,LC4,LC4,blue,dend[1015],0.644066994
1907571222,177557640,1,95.624,160.88,231.344,0.999282,2307027729,2307027729,0,47,LC4,LC4,blue,dend[320],0.203502847
1907571222,171770779,1,122.992,163.256,214.784,0.991199,2307027729,2307027729,0,47,LC4,LC4,blue,dend[1192],0.615263783
1907571222,177346916,1,96.336,161.464,230.8,0.945829,2307027729,2307027729,0,47,LC4,LC4,blue,dend[319],0.440806289
1907571222,174316464,1,118.76,162.536,221.512,0.999701,2307027729,2307027729,0,47,LC4,LC4,blue,dend[1006],0.235493627
1907571222,174024267,1,114.864,159.816,220.824,0.948195,2307027729,2307027729,0,47,LC4,LC4,blue,dend[1015],0.153388893
1907571222,177795357,1,95.224,160.208,232.2,0.953767,2307027729,2307027729,0,47,LC4,LC4,blue,dend[320],0.838988203
1907571222,175556806,1,90.216,165.144,225.28,0.997197,2307027729,2307027729,0,47,LC4,LC4,blue,dend[285],0.576437574
1907571222,176611426,1,104.408,156.608,228.576,0.9986,2307027729,2307027729,0,47,LC4,LC4,blue,dend[191],0.288649192
1907571222,174532634,1,120.4,164.048,222.448,0.99965,2307027729,2307027729,0,47,LC4,LC4,blue,dend[999],0.925334895
1907571222,174106885,1,114.6,159.648,221.032,0.998721,2307027729,2307027729,0,47,LC4,LC4,blue,dend[1015],0.272997677
1907571222,172360961,1,120.304,160.48,216.12,0.940364,2307027729,2307027729,0,47,LC4,LC4,blue,dend[1164],0.79755473
1907571222,177454784,1,99.824,162.824,231.376,0.928608,2307027729,2307027729,0,47,LC4,LC4,blue,dend[296],0.618156691
1907571222,175699788,1,115.328,164.024,226.096,0.959137,2307027729,2307027729,0,47,LC4,LC4,blue,dend[988],0.095040167
1907571222,174916641,1,121.872,164.92,223.12,0.985281,2307027729,2307027729,0,47,LC4,LC4,blue,dend[995],0.723287546
1907571222,172484313,1,120.688,162.04,216.248,0.816027,2307027729,2307027729,0,47,LC4,LC4,blue,dend[1163],0.960707544
1907571222,174200261,1,118.168,161.896,221.216,0.985,2307027729,2307027729,0,47,LC4,LC4,blue,dend[1006],0.554198958
1907571222,175879485,1,101.536,155.472,226.744,0.999211,2307027729,2307027729,0,47,LC4,LC4,blue,dend[185],0.637334378
1907571222,174610118,1,119.616,163.784,222.968,0.995522,2307027729,2307027729,0,47,LC4,LC4,blue,dend[1141],0.926063513
1907571222,172959057,1,115.216,152.6,217.536,0.984327,2307027729,2307027729,0,47,LC4,LC4,blue,dend[1020],0.81782696
1907571222,172064030,1,123.2,163.096,215.312,0.971717,2307027729,2307027729,0,47,LC4,LC4,blue,dend[1192],0.65595201
1907574944,173756423,1,121.192,166.056,220.184,0.748894,2307027729,2307027729,0,37,LC4(lVLPT8)_R,LC4,blue,dend[1174],0.301013412
1907574944,177282071,1,111.648,164.84,230.952,0.997631,2307027729,2307027729,0,37,LC4(lVLPT8)_R,LC4,blue,dend[167],1
1907574944,173719092,1,121.856,164.96,220.04,0.971552,2307027729,2307027729,0,37,LC4(lVLPT8)_R,LC4,blue,dend[1173],1
1907574944,177250291,1,111.552,163.408,230.296,0.939058,2307027729,2307027729,0,37,LC4(lVLPT8)_R,LC4,blue,dend[169],1
1907574944,172975022,1,121.472,170.2,218.032,0.922154,2307027729,2307027729,0,37,LC4(lVLPT8)_R,LC4,blue,dend[1185],0.944115181
1907574944,172215906,1,123.824,161.832,215.856,0.612171,2307027729,2307027729,0,37,LC4(lVLPT8)_R,LC4,blue,dend[1192],0.862075122
1907574944,176588111,1,109.464,157.248,228.48,0.692774,2307027729,2307027729,0,37,LC4(lVLPT8)_R,LC4,blue,dend[351],0.904795494
1907574944,176375131,1,109.816,157.368,227.648,0.4631848,2307027729,2307027729,0,37,LC4(lVLPT8)_R,LC4,blue,dend[352],0.634198317
1907574944,176483886,1,119.424,167.96,228.04,0.988167,2307027729,2307027729,0,37,LC4(lVLPT8)_R,LC4,blue,dend[371],0.323488419
1907574944,176796739,1,111.296,161.656,228.976,0.999988,2307027729,2307027729,0,37,LC4(lVLPT8)_R,LC4,blue,dend[346],0.691659705
1907574944,176121359,1,121.728,169.344,226.968,0.999999,2307027729,2307027729,0,37,LC4(lVLPT8)_R,LC4,blue,dend[378],0.632812078
1907574944,177448133,1,97.936,158.296,231.56,1,2307027729,2307027729,0,37,LC4(lVLPT8)_R,LC4,blue,dend[297],0.485159871
1907574944,175904955,1,120.456,169.6,226.752,0.875,2307027729,2307027729,0,37,LC4(lVLPT8)_R,LC4,blue,dend[371],0.506324634
1907574944,182638640,1,112.608,182.424,250.016,0.6572,2307027729,2307027729,0,37,LC4(lVLPT8)_R,LC4,blue,dend[463],0.824769879
1907574944,175117074,1,112.656,154.416,223.88,0.879,2307027729,2307027729,0,37,LC4(lVLPT8)_R,LC4,blue,dend[1054],0.973140316
1907574944,177507443,1,97.536,157.072,231.56,0.975361,2307027729,2307027729,0,37,LC4(lVLPT8)_R,LC4,blue,dend[297],0.637033938
1907574944,174787277,1,123.152,164.328,222.84,0.999883,2307027729,2307027729,0,37,LC4(lVLPT8)_R,LC4,blue,dend[995],0.691252482
1907574944,177754238,1,94.224,157.768,232.224,0.996692,2307027729,2307027729,0,37,LC4(lVLPT8)_R,LC4,blue,dend[322],0.331289521
1907574944,174998442,1,112.384,154.688,223.776,0.762335,2307027729,2307027729,0,37,LC4(lVLPT8)_R,LC4,blue,dend[1054],0.912902047
1907574944,175656222,1,118.6,165.36,225.84,0.999,2307027729,2307027729,0,37,LC4(lVLPT8)_R,LC4,blue,dend[1142],1
1907574944,175652108,1,118.504,164.336,225.592,0.986542,2307027729,2307027729,0,37,LC4(lVLPT8)_R,LC4,blue,dend[1142],1
1907574944,174901932,1,112.512,154.704,223.528,0.98639,2307027729,2307027729,0,37,LC4(lVLPT8)_R,LC4,blue,dend[1054],0.856175901
1907574944,177474644,1,95.648,161.32,231.048,0.999781,2307027729,2307027729,0,37,LC4(lVLPT8)_R,LC4,blue,dend[319],0.902801694
1907574944,175369443,1,122.656,171.472,224.952,0.999135,2307027729,2307027729,0,37,LC4(lVLPT8)_R,LC4,blue,dend[1144],0.768179045
1907574944,179458005,1,113.832,173.88,238.416,0.997855,2307027729,2307027729,0,37,LC4(lVLPT8)_R,LC4,blue,dend[418],0.809059995
1907574944,177185515,1,104.328,157.064,230.48,0.967046,2307027729,2307027729,0,37,LC4(lVLPT8)_R,LC4,blue,dend[192],0.898762844
1907574944,176231978,1,109.936,156.992,227.632,0.814254,2307027729,2307027729,0,37,LC4(lVLPT8)_R,LC4,blue,dend[352],1
1907574944,174114703,1,106.384,149.528,221.016,0.972163,2307027729,2307027729,0,37,LC4(lVLPT8)_R,LC4,blue,dend[1045],0.291501818
1907574944,177691904,1,94.6,159.432,231.944,0.999814,2307027729,2307027729,0,37,LC4(lVLPT8)_R,LC4,blue,dend[321],0.336988558
1907574944,173732063,1,120.904,166.144,219.944,0.45220512,2307027729,2307027729,0,37,LC4(lVLPT8)_R,LC4,blue,dend[1174],0.340894472
1907574944,171677874,1,121.256,168.536,214.384,0.975223,2307027729,2307027729,0,37,LC4(lVLPT8)_R,LC4,blue,dend[1196],0.941079208
1907574944,177410253,1,95.488,160.968,231.36,0.978504,2307027729,2307027729,0,37,LC4(lVLPT8)_R,LC4,blue,dend[320],0.195623858
1907574944,173834023,1,121.544,165.736,220.168,0.929752,2307027729,2307027729,0,37,LC4(lVLPT8)_R,LC4,blue,dend[1174],0.173550027
1907574944,175707961,1,118.48,165.48,225.888,0.97685,2307027729,2307027729,0,37,LC4(lVLPT8)_R,LC4,blue,dend[983],0.580978987
1907574944,174784584,1,121.712,163.728,222.672,0.999991,2307027729,2307027729,0,37,LC4(lVLPT8)_R,LC4,blue,dend[995],0.926783793
1907574944,174243856,1,106.848,149.912,221.416,0.9951,2307027729,2307027729,0,37,LC4(lVLPT8)_R,LC4,blue,dend[1041],0.827155877
1907574944,174106019,1,118.648,160.176,221.472,0.961243,2307027729,2307027729,0,37,LC4(lVLPT8)_R,LC4,blue,dend[1137],0.992765743
1907578957,177505480,1,99.112,161.968,231.432,0.993392,2307027729,2307027729,0,31,LC4,LC4,blue,dend[296],1
1907578957,177329162,1,98.512,162.792,231,0.888274,2307027729,2307027729,0,31,LC4,LC4,blue,dend[300],0.469246921
1907578957,175368730,1,121.656,172.496,225.016,0.988428,2307027729,2307027729,0,31,LC4,LC4,blue,dend[1144],0.97821383
1907578957,176045932,1,118.168,173.368,226.656,0.597751,2307027729,2307027729,0,31,LC4,LC4,blue,dend[381],0.982102965
1907578957,175920022,1,118,170.56,226.672,0.997288,2307027729,2307027729,0,31,LC4,LC4,blue,dend[371],0.962165035
1907578957,175266074,1,122.84,171.6,224.392,0.999999,2307027729,2307027729,0,31,LC4,LC4,blue,dend[1144],0.822722028
1907578957,174832386,1,124.68,169.16,223.288,0.961707,2307027729,2307027729,0,31,LC4,LC4,blue,dend[1146],0.936258744
1907578957,176259077,1,116.264,169.632,227.64,0.967593,2307027729,2307027729,0,31,LC4,LC4,blue,dend[369],0.66602225
1907578957,176043854,1,118.208,170.128,227.128,0.813,2307027729,2307027729,0,31,LC4,LC4,blue,dend[371],0.837269453
1907578957,175278189,1,94.568,162.216,224.616,0.955252,2307027729,2307027729,0,31,LC4,LC4,blue,dend[309],1
1907578957,173185775,1,115.048,160.536,218.568,0.978378,2307027729,2307027729,0,31,LC4,LC4,blue,dend[1028],1
1907578957,175277330,1,95.088,162.288,224.496,0.946382,2307027729,2307027729,0,31,LC4,LC4,blue,dend[315],0.887139464
1907578957,172766893,1,114.984,152.336,217.08,0.99576,2307027729,2307027729,0,31,LC4,LC4,blue,dend[1020],0.898764287
1907578957,175282230,1,122.648,171.888,224.72,0.999965,2307027729,2307027729,0,31,LC4,LC4,blue,dend[1144],0.847341818
1907578957,171996651,1,123.136,167.512,215.424,0.999916,2307027729,2307027729,0,31,LC4,LC4,blue,dend[1191],0.454855741
1907578957,177152825,1,99.04,162.872,230.92,0.755994,2307027729,2307027729,0,31,LC4,LC4,blue,dend[296],0.813537758
1907578957,172176150,1,122.232,168.544,215.816,0.999579,2307027729,2307027729,0,31,LC4,LC4,blue,dend[1190],0.980062536
1907578957,175313432,1,124.496,165.56,224.328,0.999852,2307027729,2307027729,0,31,LC4,LC4,blue,dend[163],0.80684863
1907578957,177174514,1,111.536,164.688,230.328,0.999978,2307027729,2307027729,0,31,LC4,LC4,blue,dend[167],1
1907578957,175992673,1,117.952,170.792,226.648,0.819693,2307027729,2307027729,0,31,LC4,LC4,blue,dend[371],0.998699447
1907578957,173203912,1,120.336,168.12,218.672,0.999581,2307027729,2307027729,0,31,LC4,LC4,blue,dend[1152],0.694384987
1907578957,173197583,1,122.504,169.376,218.2,0.990199,2307027729,2307027729,0,31,LC4,LC4,blue,dend[1185],0.489400419
1907578957,172538010,1,114.632,152.4,216.392,0.729118,2307027729,2307027729,0,31,LC4,LC4,blue,dend[1021],0.501447667
1907578957,171880791,1,122.856,167.616,215.008,0.992457,2307027729,2307027729,0,31,LC4,LC4,blue,dend[1191],0.496893603
1907578957,175158995,1,124.976,169.56,224.224,0.990713,2307027729,2307027729,0,31,LC4,LC4,blue,dend[1146],1
1907578957,176020333,1,114.52,165.808,226.736,0.781355,2307027729,2307027729,0,31,LC4,LC4,blue,dend[984],0.298801826
1907578957,175699824,1,114.64,165.976,226.016,0.980055,2307027729,2307027729,0,31,LC4,LC4,blue,dend[984],0.811233756
1907578957,173286478,1,120.752,167.64,218.76,0.988794,2307027729,2307027729,0,31,LC4,LC4,blue,dend[1151],0.668641804
1907578957,173050214,1,123.032,168.264,218.2,0.512748,2307027729,2307027729,0,31,LC4,LC4,blue,dend[1184],0.976829376
1907578957,175752230,1,114.312,165.88,225.968,0.981294,2307027729,2307027729,0,31,LC4,LC4,blue,dend[984],0.961908782
1907578957,175516690,1,121.336,172.344,225.376,0.998171,2307027729,2307027729,0,31,LC4,LC4,blue,dend[373],0.796066285
1907584319,175919989,1,122.536,168.976,226.72,0.902791,2307027729,2307027729,0,36,LC4(lVLPT8)_R,LC4,blue,dend[368],1
1907584319,179652497,1,114.632,173.432,238.832,0.998328,2307027729,2307027729,0,36,LC4(lVLPT8)_R,LC4,blue,dend[417],0.023282163
1907584319,176283016,1,120.088,166.432,227.656,0.997196,2307027729,2307027729,0,36,LC4(lVLPT8)_R,LC4,blue,dend[164],1
1907584319,175804602,1,107.12,156.512,226.432,0.890949,2307027729,2307027729,0,36,LC4(lVLPT8)_R,LC4,blue,dend[355],1
1907584319,176310469,1,119.848,166.168,227.36,0.996381,2307027729,2307027729,0,36,LC4(lVLPT8)_R,LC4,blue,dend[164],0.986298295
1907584319,171508913,1,123.248,164.664,214.16,0.641125,2307027729,2307027729,0,36,LC4(lVLPT8)_R,LC4,blue,dend[1192],0.322775852
1907584319,177196367,1,101.24,160.896,230.152,0.795578,2307027729,2307027729,0,36,LC4(lVLPT8)_R,LC4,blue,dend[336],1
1907584319,176959271,1,114.2,160.424,229.568,0.689874,2307027729,2307027729,0,36,LC4(lVLPT8)_R,LC4,blue,dend[367],0.170367412
1907584319,174928170,1,124.736,168.76,223.208,0.983358,2307027729,2307027729,0,36,LC4(lVLPT8)_R,LC4,blue,dend[1146],0.841305599
1907584319,171711100,1,122.12,165.448,214.248,0.999944,2307027729,2307027729,0,36,LC4(lVLPT8)_R,LC4,blue,dend[1193],0.897449778
1907584319,171599551,1,121.856,164.976,214.456,0.823009,2307027729,2307027729,0,36,LC4(lVLPT8)_R,LC4,blue,dend[1194],0.030417224
1907584319,171342654,1,123.368,165.784,213.392,0.983909,2307027729,2307027729,0,36,LC4(lVLPT8)_R,LC4,blue,dend[154],0.663480697
1907584319,178053028,1,111.824,164.552,233.44,0.936994,2307027729,2307027729,0,36,LC4(lVLPT8)_R,LC4,blue,dend[359],1
1907584319,171409240,1,123.912,165.728,213.52,0.999997,2307027729,2307027729,0,36,LC4(lVLPT8)_R,LC4,blue,dend[154],0.667559505
1907584319,179519312,1,114.392,173.568,238.776,0.96888,2307027729,2307027729,0,36,LC4(lVLPT8)_R,LC4,blue,dend[416],1
1907584319,171875901,1,120.384,159.088,214.856,0.983,2307027729,2307027729,0,36,LC4(lVLPT8)_R,LC4,blue,dend[1166],0.424319712
1907584319,174510276,1,109.08,152.344,221.928,0.997,2307027729,2307027729,0,36,LC4(lVLPT8)_R,LC4,blue,dend[1036],1
1907584319,179015756,1,114.512,170.392,236.264,0.999999,2307027729,2307027729,0,36,LC4(lVLPT8)_R,LC4,blue,dend[409],0.151661421
1907584319,178215949,1,101.736,163.216,234.16,0.61369,2307027729,2307027729,0,36,LC4(lVLPT8)_R,LC4,blue,dend[331],1
1907584319,176299151,1,109.8,157.864,227.584,0.45629036,2307027729,2307027729,0,36,LC4(lVLPT8)_R,LC4,blue,dend[349],1
1907584319,178310056,1,102.432,162.224,234.584,0.997363,2307027729,2307027729,0,36,LC4(lVLPT8)_R,LC4,blue,dend[335],0.96109345
1907584319,176624897,1,114.328,160.472,228.896,0.886103,2307027729,2307027729,0,36,LC4(lVLPT8)_R,LC4,blue,dend[366],0.273559993
1907584319,176334872,1,119.872,166.192,227.776,0.999996,2307027729,2307027729,0,36,LC4(lVLPT8)_R,LC4,blue,dend[164],1
1907584319,171783100,1,120.216,158.536,214.664,0.975908,2307027729,2307027729,0,36,LC4(lVLPT8)_R,LC4,blue,dend[1166],0.570420362
1907584319,178420397,1,101.912,163.336,234.272,0.953183,2307027729,2307027729,0,36,LC4(lVLPT8)_R,LC4,blue,dend[331],1
1907584319,176342640,1,88.016,165.856,227.848,0.9153,2307027729,2307027729,0,36,LC4(lVLPT8)_R,LC4,blue,dend[287],0.928013974
1907584319,176892331,1,113.92,160,229.688,0.994616,2307027729,2307027729,0,36,LC4(lVLPT8)_R,LC4,blue,dend[367],0.28639127
1907584319,178922727,1,115.08,170.76,236.368,0.968395,2307027729,2307027729,0,36,LC4(lVLPT8)_R,LC4,blue,dend[408],0.976347721
1907584319,174453009,1,110.336,152.736,221.696,0.755978,2307027729,2307027729,0,36,LC4(lVLPT8)_R,LC4,blue,dend[1035],0.790620106
1907584319,175978646,1,101.416,155.184,226.784,0.821587,2307027729,2307027729,0,36,LC4(lVLPT8)_R,LC4,blue,dend[185],0.66315508
1907584319,176013725,1,120.208,165.24,226.744,0.99005,2307027729,2307027729,0,36,LC4(lVLPT8)_R,LC4,blue,dend[164],0.81852583
1907584319,176098552,1,107.528,156.8,227.088,0.927825,2307027729,2307027729,0,36,LC4(lVLPT8)_R,LC4,blue,dend[355],0.730934765
1907584319,176168986,1,122.296,167.784,227.272,1,2307027729,2307027729,0,36,LC4(lVLPT8)_R,LC4,blue,dend[164],0.636131232
1907584319,174371174,1,109,152.328,221.936,0.999898,2307027729,2307027729,0,36,LC4(lVLPT8)_R,LC4,blue,dend[1036],1
1907584319,176119232,1,119.688,164.6,227.472,0.999405,2307027729,2307027729,0,36,LC4(lVLPT8)_R,LC4,blue,dend[164],0.995883695
1907584319,174474953,1,109.264,152.696,222.208,0.997538,2307027729,2307027729,0,36,LC4(lVLPT8)_R,LC4,blue,dend[1036],0.802392799
1907587934,176753128,1,118.384,164.792,228.928,0.999482,2307027729,2307027729,0,40,LC4,LC4,blue,dend[983],0.490546395
1907587934,179463775,1,108.408,168.08,238.24,0.993928,2307027729,2307027729,0,40,LC4,LC4,blue,dend[207],0.904322373
1907587934,174306973,1,109.36,153.352,221.536,0.98644,2307027729,2307027729,0,40,LC4,LC4,blue,dend[1035],1
1907587934,175164120,1,109.552,153.416,224.24,0.29104,2307027729,2307027729,0,40,LC4,LC4,blue,dend[1046],0.936552213
1907587934,178091822,1,95.496,159.704,233.24,0.96034,2307027729,2307027729,0,40,LC4,LC4,blue,dend[326],0.589347355
1907587934,174366746,1,124.56,165.32,221.904,0.994583,2307027729,2307027729,0,40,LC4,LC4,blue,dend[1182],0.166444766
1907587934,173907882,1,106.464,151.68,220.576,0.930241,2307027729,2307027729,0,40,LC4,LC4,blue,dend[1039],0.796325439
1907587934,175099601,1,98.288,150.952,224.024,0.995062,2307027729,2307027729,0,40,LC4,LC4,blue,dend[189],0.985192049
1907587934,176414872,1,109.864,157.04,227.632,0.998489,2307027729,2307027729,0,40,LC4,LC4,blue,dend[352],0.965570233
1907587934,177016867,1,107.224,160.656,230.04,0.998237,2307027729,2307027729,0,40,LC4,LC4,blue,dend[182],0.849989942
1907587934,174024153,1,106.856,151.656,220.752,0.999916,2307027729,2307027729,0,40,LC4,LC4,blue,dend[1038],1
1907587934,177110504,1,107.648,160.48,230.432,0.809386,2307027729,2307027729,0,40,LC4,LC4,blue,dend[183],0.378947221
1907587934,175854621,1,117.872,159.128,226.496,0.915644,2307027729,2307027729,0,40,LC4,LC4,blue,dend[992],0.927981764
1907587934,174060654,1,109.984,153.504,221.096,0.998824,2307027729,2307027729,0,40,LC4,LC4,blue,dend[1035],0.490635679
1907587934,175571969,1,117.344,159.168,225.672,0.751502,2307027729,2307027729,0,40,LC4,LC4,blue,dend[994],1
1907587934,172646102,1,98.576,162.448,216.72,0.999932,2307027729,2307027729,0,40,LC4,LC4,blue,dend[1085],1
1907587934,174012367,1,124.808,166.304,220.608,0.999998,2307027729,2307027729,0,40,LC4,LC4,blue,dend[1147],0.519450603
1907587934,176628750,1,118.704,164.92,228.784,0.91711,2307027729,2307027729,0,40,LC4,LC4,blue,dend[983],0.444977875
1907587934,178901603,1,101.152,161.72,235.872,0.958669,2307027729,2307027729,0,40,LC4,LC4,blue,dend[333],1
1907587934,176383733,1,117.32,163.8,228.192,0.734685,2307027729,2307027729,0,40,LC4,LC4,blue,dend[990],0.542944177
1907587934,176467961,1,108.504,158.28,227.92,0.643814,2307027729,2307027729,0,40,LC4,LC4,blue,dend[353],0.501053228
1907587934,176550854,1,117.136,163.52,228.824,0.991398,2307027729,2307027729,0,40,LC4,LC4,blue,dend[990],0.571884695
1907587934,176781163,1,118.04,164.648,228.984,0.927121,2307027729,2307027729,0,40,LC4,LC4,blue,dend[983],0.544164878
1907587934,177392167,1,107.688,160.368,230.944,0.816454,2307027729,2307027729,0,40,LC4,LC4,blue,dend[183],0.640084308
1907587934,176635310,1,112.96,161.264,229.128,0.998254,2307027729,2307027729,0,40,LC4,LC4,blue,dend[361],0.898057021
1907587934,178825858,1,100.816,160.416,235.456,0.996895,2307027729,2307027729,0,40,LC4,LC4,blue,dend[334],1
1907587934,173649026,1,122.664,165.528,219.864,0.982295,2307027729,2307027729,0,40,LC4,LC4,blue,dend[1173],0.533314474
1907587934,178166916,1,96.576,162.336,233.384,0.776796,2307027729,2307027729,0,40,LC4,LC4,blue,dend[328],1
1907587934,176798823,1,115.352,162.808,229.032,0.999962,2307027729,2307027729,0,40,LC4,LC4,blue,dend[365],0.416382731
1907587934,172306444,1,116.872,156.208,215.656,0.618145,2307027729,2307027729,0,40,LC4,LC4,blue,dend[1027],0.950086229
1907587934,173679422,1,122.944,165.728,219.984,0.997031,2307027729,2307027729,0,40,LC4,LC4,blue,dend[1173],0.370688265
1907587934,172414509,1,114.488,153.064,216.328,0.76747,2307027729,2307027729,0,40,LC4,LC4,blue,dend[1021],1
1907587934,178151063,1,95.664,159.712,233.512,0.434201,2307027729,2307027729,0,40,LC4,LC4,blue,dend[326],0.747497814
1907587934,172257163,1,114.616,150.64,216,0.999663,2307027729,2307027729,0,40,LC4,LC4,blue,dend[1022],0.31399051
1907587934,172709247,1,115.208,154.328,217.448,0.937283,2307027729,2307027729,0,40,LC4,LC4,blue,dend[1020],0.54844789
1907587934,176327267,1,109.536,157.776,227.936,0.999497,2307027729,2307027729,0,40,LC4,LC4,blue,dend[351],0.374895983
1907587934,176709156,1,114.952,162.84,229.016,0.997697,2307027729,2307027729,0,40,LC4,LC4,blue,dend[165],0.94759195
1907587934,174160169,1,107.248,151.544,221.264,0.994185,2307027729,2307027729,0,40,LC4,LC4,blue,dend[1038],0.63860107
1907587934,172325383,1,114.52,150.368,215.816,0.882169,2307027729,2307027729,0,40,LC4,LC4,blue,dend[1022],0.392277593
1907587934,173505120,1,122.304,163.96,219.688,0.997315,2307027729,2307027729,0,40,LC4,LC4,blue,dend[1176],0.90777744
1907924777,177415486,1,103.768,164.472,231.272,0.998,2307027729,2307027729,0,21,LC4,LC4,blue,dend[228],0.589089053
1907924777,178664915,1,106.856,164.056,234.872,0.999547,2307027729,2307027729,0,21,LC4,LC4,blue,dend[195],1
1907924777,178288617,1,106.568,165.432,233.72,0.998977,2307027729,2307027729,0,21,LC4,LC4,blue,dend[195],0.743435188
1907924777,172047360,1,120.4,159.024,215.04,0.926444,2307027729,2307027729,0,21,LC4,LC4,blue,dend[1166],0.404520528
1907924777,177529109,1,107.888,159.872,231.248,0.983445,2307027729,2307027729,0,21,LC4,LC4,blue,dend[183],0.868230687
1907924777,174556834,1,118.128,164.384,222.728,0.896313,2307027729,2307027729,0,21,LC4,LC4,blue,dend[1005],0.759855231
1907924777,176153908,1,117.256,159.36,226.912,0.807636,2307027729,2307027729,0,21,LC4,LC4,blue,dend[992],0.421927969
1907924777,174675276,1,125.432,167.248,222.488,0.908,2307027729,2307027729,0,21,LC4,LC4,blue,dend[161],1
1907924777,177403217,1,103.632,164.392,231.248,0.820164,2307027729,2307027729,0,21,LC4,LC4,blue,dend[228],0.622288545
1907924777,174553157,1,118.488,164.664,222.312,0.650737,2307027729,2307027729,0,21,LC4,LC4,blue,dend[1005],0.472214579
1907924777,173214553,1,111,152.24,218.624,0.965391,2307027729,2307027729,0,21,LC4,LC4,blue,dend[1049],0.990752216
1907924777,172455655,1,114.384,152.672,216.168,0.957616,2307027729,2307027729,0,21,LC4,LC4,blue,dend[1021],0.872238061
1907924777,174306576,1,118.56,164.024,221.672,0.999233,2307027729,2307027729,0,21,LC4,LC4,blue,dend[1001],0.846344512
1907924777,171717027,1,120.616,158.28,214.456,0.99466,2307027729,2307027729,0,21,LC4,LC4,blue,dend[1166],0.650942237
1907924777,174426732,1,120.616,163.864,222.224,0.999999,2307027729,2307027729,0,21,LC4,LC4,blue,dend[999],0.798622554
1907924777,174357967,1,116.808,163.24,221.688,0.562341,2307027729,2307027729,0,21,LC4,LC4,blue,dend[1134],0.453844265
1907924777,174654010,1,124.16,165.656,222.432,0.911099,2307027729,2307027729,0,21,LC4,LC4,blue,dend[1178],0.049295046
1907924777,176530334,1,117.056,164.384,228.84,0.997769,2307027729,2307027729,0,21,LC4,LC4,blue,dend[983],0.704568732
1907924777,177964591,1,106.336,166.296,232.816,0.999926,2307027729,2307027729,0,21,LC4,LC4,blue,dend[195],0.502256762
1907924777,177350303,1,103.04,161.672,230.584,0.981646,2307027729,2307027729,0,21,LC4,LC4,blue,dend[336],1
1907924777,174357446,1,120.984,163.736,221.824,0.999909,2307027729,2307027729,0,21,LC4,LC4,blue,dend[999],0.552320493
1907933561,176375144,1,108.504,158.432,227.8,0.957778,2307027729,2307027729,0,47,LC4,LC4,blue,dend[353],0.480847683
1907933561,173653579,1,123.552,166.28,220.024,0.998621,2307027729,2307027729,0,47,LC4,LC4,blue,dend[1147],0.941787675
1907933561,176417733,1,109.576,158.744,227.616,0.987709,2307027729,2307027729,0,47,LC4,LC4,blue,dend[349],0.536577962
1907933561,174675496,1,112.088,154.872,223.056,0.997,2307027729,2307027729,0,47,LC4,LC4,blue,dend[1054],0.70994904
1907933561,176369400,1,105.912,155.48,228.184,0.885659,2307027729,2307027729,0,47,LC4,LC4,blue,dend[191],1
1907933561,172759867,1,120.48,163.16,217.152,0.998624,2307027729,2307027729,0,47,LC4,LC4,blue,dend[1163],0.458382164
1907933561,174224018,1,114.328,159.448,221.488,0.982574,2307027729,2307027729,0,47,LC4,LC4,blue,dend[1015],0.436137064
1907933561,176259537,1,108.752,158.96,227.656,0.788,2307027729,2307027729,0,47,LC4,LC4,blue,dend[353],0.302492558
1907933561,177200712,1,110.36,161.888,230.12,0.547066,2307027729,2307027729,0,47,LC4,LC4,blue,dend[174],0.687735779
1907933561,175919830,1,101.544,155.112,226.728,0.995541,2307027729,2307027729,0,47,LC4,LC4,blue,dend[185],0.662574162
1907933561,176036639,1,101.304,154.8,226.512,0.989303,2307027729,2307027729,0,47,LC4,LC4,blue,dend[185],0.710418352
1907933561,177016900,1,110.768,162.944,230.024,0.994,2307027729,2307027729,0,47,LC4,LC4,blue,dend[344],1
1907933561,173811069,1,116.656,161.008,220.32,0.917358,2307027729,2307027729,0,47,LC4,LC4,blue,dend[1006],1
1907933561,172594208,1,120.504,162.776,216.648,0.999931,2307027729,2307027729,0,47,LC4,LC4,blue,dend[1163],0.664104258
1907933561,176559835,1,117.36,165.456,228.84,1,2307027729,2307027729,0,47,LC4,LC4,blue,dend[983],0.614239829
1907933561,176572079,1,110.176,160.632,228.272,0.994965,2307027729,2307027729,0,47,LC4,LC4,blue,dend[346],1
1907933561,178471289,1,102.224,163.12,234.792,0.632131,2307027729,2307027729,0,47,LC4,LC4,blue,dend[335],0.490667585
1907933561,173912536,1,123.32,166.88,220.4,0.562556,2307027729,2307027729,0,47,LC4,LC4,blue,dend[1178],0.158113584
1907933561,177620803,1,112.256,164.288,231.656,0.849211,2307027729,2307027729,0,47,LC4,LC4,blue,dend[358],0.640837974
1907933561,176783022,1,115.552,163.96,229.28,0.999759,2307027729,2307027729,0,47,LC4,LC4,blue,dend[165],0.821251573
1907933561,177110526,1,111.048,163.648,230.32,0.997187,2307027729,2307027729,0,47,LC4,LC4,blue,dend[171],0.671572843
1907933561,176209726,1,107.568,156.816,227.072,0.46569562,2307027729,2307027729,0,47,LC4,LC4,blue,dend[355],0.719285729
1907933561,176525191,1,116.936,165.976,228.248,0.636599,2307027729,2307027729,0,47,LC4,LC4,blue,dend[983],0.679378114
1907933561,178596905,1,114.56,168.696,235.272,0.999987,2307027729,2307027729,0,47,LC4,LC4,blue,dend[410],0.844106257
1907933561,174012260,1,115.032,159.912,220.744,0.9702,2307027729,2307027729,0,47,LC4,LC4,blue,dend[1015],0.085904347
1907933561,176325801,1,90.584,164.752,227.856,0.797837,2307027729,2307027729,0,47,LC4,LC4,blue,dend[286],0.617691094
1907933561,178347455,1,101.208,163.048,234.448,0.932425,2307027729,2307027729,0,47,LC4,LC4,blue,dend[332],0.210958747
1907933561,176064034,1,101.264,153.88,226.376,0.476767,2307027729,2307027729,0,47,LC4,LC4,blue,dend[185],0.783515054
1907933561,177025132,1,110.768,162.944,230.032,0.327492,2307027729,2307027729,0,47,LC4,LC4,blue,dend[344],1
1907933561,176303069,1,109.584,159.232,227.784,0.924008,2307027729,2307027729,0,47,LC4,LC4,blue,dend[348],1
1907933561,173878803,1,123.072,167.104,220.624,0.91309,2307027729,2307027729,0,47,LC4,LC4,blue,dend[1178],0.259085246
1907933561,177899412,1,92.464,158.304,233.136,0.993567,2307027729,2307027729,0,47,LC4,LC4,blue,dend[325],0.885018856
1907933561,176550037,1,114.672,162.816,228.928,0.869726,2307027729,2307027729,0,47,LC4,LC4,blue,dend[165],0.977748298
1907933561,176590974,1,112.864,160.904,228.84,0.983582,2307027729,2307027729,0,47,LC4,LC4,blue,dend[361],1
1907933561,173642808,1,122.84,165.76,219.88,0.851189,2307027729,2307027729,0,47,LC4,LC4,blue,dend[1173],0.3909423
1907933561,177805396,1,112.288,164.512,232.336,0.997425,2307027729,2307027729,0,47,LC4,LC4,blue,dend[358],0.908851608
1907933561,172185663,1,120.712,160.352,215.816,0.999629,2307027729,2307027729,0,47,LC4,LC4,blue,dend[1164],0.954265967
1907933561,176556924,1,110.56,160.848,228.376,0.999212,2307027729,2307027729,0,47,LC4,LC4,blue,dend[346],0.982358082
1907933561,172027235,1,120.392,159.096,215.08,0.970142,2307027729,2307027729,0,47,LC4,LC4,blue,dend[1166],0.383348964
1907933561,177939100,1,92.32,158.296,233.176,0.965723,2307027729,2307027729,0,47,LC4,LC4,blue,dend[325],0.954792602
1907933561,178655784,1,97.824,162.408,235.352,0.995793,2307027729,2307027729,0,47,LC4,LC4,blue,dend[241],1
1907933561,175986253,1,101.28,153.904,226.352,0.892113,2307027729,2307027729,0,47,LC4,LC4,blue,dend[185],0.781986847
1907933561,176576396,1,117.064,165.064,228.944,0.999663,2307027729,2307027729,0,47,LC4,LC4,blue,dend[983],0.66948326
1907933561,178557564,1,102.352,163,234.912,0.966,2307027729,2307027729,0,47,LC4,LC4,blue,dend[335],0.623411163
1907933561,173821038,1,117.08,161.448,220.448,0.989877,2307027729,2307027729,0,47,LC4,LC4,blue,dend[1006],1
1907933561,173012930,1,120.592,164.208,217.776,0.999998,2307027729,2307027729,0,47,LC4,LC4,blue,dend[1160],1
1907933561,176619760,1,116.656,164.112,228.936,0.671736,2307027729,2307027729,0,47,LC4,LC4,blue,dend[983],0.770065513
1908226457,179855924,1,108.728,168.112,239.176,0.926387,2307027729,2307027729,0,39,LC4,LC4,blue,dend[208],0.310470368
1908226457,173998468,1,106.92,149.872,220.904,0.404783,2307027729,2307027729,0,39,LC4,LC4,blue,dend[1041],0.898281765
1908226457,177793743,1,97.288,156.584,232.28,0.992356,2307027729,2307027729,0,39,LC4,LC4,blue,dend[297],0.693483746
1908226457,179556236,1,109.696,168.048,238.864,0.988789,2307027729,2307027729,0,39,LC4,LC4,blue,dend[208],0.91344948
1908226457,174327950,1,117.968,160.096,221.448,0.934389,2307027729,2307027729,0,39,LC4,LC4,blue,dend[1137],0.852686366
1908226457,179553881,1,108.688,168.184,238.488,0.978941,2307027729,2307027729,0,39,LC4,LC4,blue,dend[207],1
1908226457,178447406,1,100.728,162.016,234.832,0.99021,2307027729,2307027729,0,39,LC4,LC4,blue,dend[332],0.82231703
1908226457,176771764,1,111.36,162.152,228.928,0.917628,2307027729,2307027729,0,39,LC4,LC4,blue,dend[346],0.573159631
1908226457,174635743,1,119.952,164.08,222.824,0.502,2307027729,2307027729,0,39,LC4,LC4,blue,dend[1141],0.761161731
1908226457,174553508,1,125.512,167.16,222.288,0.999934,2307027729,2307027729,0,39,LC4,LC4,blue,dend[161],1
1908226457,178233612,1,106.928,164.752,234.112,0.979045,2307027729,2307027729,0,39,LC4,LC4,blue,dend[195],0.858590433
1908226457,174036706,1,104.656,148.432,221.04,0.985816,2307027729,2307027729,0,39,LC4,LC4,blue,dend[1045],1
1908226457,177654501,1,106.936,163.176,232.088,0.4649149,2307027729,2307027729,0,39,LC4,LC4,blue,dend[193],1
1908226457,173693437,1,122.048,164.128,220.04,0.969238,2307027729,2307027729,0,39,LC4,LC4,blue,dend[1175],0.867384849
1908226457,174250913,1,124.576,165.136,221.88,0.363377,2307027729,2307027729,0,39,LC4,LC4,blue,dend[1182],0.201061594
1908226457,173598863,1,121.856,163.664,219.936,0.585552,2307027729,2307027729,0,39,LC4,LC4,blue,dend[1177],0.047293699
1908226457,171964575,1,123.032,162.96,214.976,0.839912,2307027729,2307027729,0,39,LC4,LC4,blue,dend[1192],0.673686043
1908226457,179618753,1,108.656,168.304,238.632,0.895541,2307027729,2307027729,0,39,LC4,LC4,blue,dend[207],1
1908226457,172456653,1,120.672,162.112,216.208,0.653,2307027729,2307027729,0,39,LC4,LC4,blue,dend[1163],0.944604725
1908226457,176695070,1,111.216,162.696,229.144,0.938461,2307027729,2307027729,0,39,LC4,LC4,blue,dend[344],1
1908226457,173227219,1,110.928,152.448,218.672,0.969645,2307027729,2307027729,0,39,LC4,LC4,blue,dend[1049],0.926515906
1908226457,178290361,1,106.896,164.104,234.536,0.998,2307027729,2307027729,0,39,LC4,LC4,blue,dend[195],0.981055991
1908226457,176950846,1,108.16,161.608,229.608,0.946,2307027729,2307027729,0,39,LC4,LC4,blue,dend[182],0.593432165
1908226457,171567209,1,124.36,164.416,213.976,0.632568,2307027729,2307027729,0,39,LC4,LC4,blue,dend[1198],0.709026327
1908226457,174736707,1,119.464,164.288,223.232,0.678451,2307027729,2307027729,0,39,LC4,LC4,blue,dend[1142],0.609641705
1908226457,174090434,1,125.112,166.488,221.04,0.966654,2307027729,2307027729,0,39,LC4,LC4,blue,dend[160],1
1908226457,179685941,1,108.912,167.776,238.696,0.969683,2307027729,2307027729,0,39,LC4,LC4,blue,dend[208],0.425001791
1908226457,174650450,1,120.144,163.904,222.448,0.999723,2307027729,2307027729,0,39,LC4,LC4,blue,dend[999],1
1908226457,171662763,1,122.968,163.336,214.688,0.955811,2307027729,2307027729,0,39,LC4,LC4,blue,dend[1192],0.598123552
1908226457,176978912,1,107.696,161.552,229.848,0.999961,2307027729,2307027729,0,39,LC4,LC4,blue,dend[182],0.619141667
1908226457,174142688,1,104,148.232,220.976,0.750508,2307027729,2307027729,0,39,LC4,LC4,blue,dend[1045],1
1908226457,173994116,1,106.304,149.328,220.72,0.999287,2307027729,2307027729,0,39,LC4,LC4,blue,dend[1045],0.565835147
1908226457,176761811,1,113.048,162.68,229.432,0.999923,2307027729,2307027729,0,39,LC4,LC4,blue,dend[361],0.552905751
1908226457,173711396,1,116.048,157.384,219.864,0.999508,2307027729,2307027729,0,39,LC4,LC4,blue,dend[1132],0.863760178
1908226457,171541556,1,124.408,163.712,213.736,0.988919,2307027729,2307027729,0,39,LC4,LC4,blue,dend[1198],0.965239392
1908226457,171552577,1,124.144,164.968,214.096,0.999303,2307027729,2307027729,0,39,LC4,LC4,blue,dend[155],1
1908226457,174206686,1,125.944,168.616,221.416,1,2307027729,2307027729,0,39,LC4,LC4,blue,dend[1146],0.51589358
1908226457,178481225,1,107.168,164.296,234.872,0.827366,2307027729,2307027729,0,39,LC4,LC4,blue,dend[195],1
1908226457,178833635,1,98.68,164.344,235.616,0.669294,2307027729,2307027729,0,39,LC4,LC4,blue,dend[243],0.26530331
1936848448,177595472,1,95.312,160.32,231.72,0.868502,2307027729,2307027729,0,30,LC4,LC4,blue,dend[320],0.614233785
1936848448,173532673,1,107.216,160.584,219.232,0.45399588,2307027729,2307027729,0,30,LC4,LC4,blue,dend[1125],0.968869417
1936848448,176494778,1,117.312,163.88,228.248,0.999598,2307027729,2307027729,0,30,LC4,LC4,blue,dend[990],0.534499276
1936848448,173480511,1,106.952,160.344,219.296,0.4561004,2307027729,2307027729,0,30,LC4,LC4,blue,dend[1125],0.995675725
1936848448,173832033,1,120.248,162.176,220.496,0.985936,2307027729,2307027729,0,30,LC4,LC4,blue,dend[1000],1
1936848448,176240603,1,102.096,156.576,227.16,0.763965,2307027729,2307027729,0,30,LC4,LC4,blue,dend[185],0.503928875
1936848448,176494708,1,114.064,160.056,228.376,0.998681,2307027729,2307027729,0,30,LC4,LC4,blue,dend[366],0.52184214
1936848448,178419448,1,106.72,163.816,234.552,0.976419,2307027729,2307027729,0,30,LC4,LC4,blue,dend[195],0.995883473
1936848448,174220957,1,119.32,162.008,221.192,0.914503,2307027729,2307027729,0,30,LC4,LC4,blue,dend[1006],0.193547041
1936848448,176597554,1,116.808,163.768,228.808,0.913,2307027729,2307027729,0,30,LC4,LC4,blue,dend[990],0.561614156
1936848448,176219667,1,118.712,168.24,226.888,0.999895,2307027729,2307027729,0,30,LC4,LC4,blue,dend[371],0.567690878
1936848448,177471105,1,111.68,161.984,231.416,0.978183,2307027729,2307027729,0,30,LC4,LC4,blue,dend[170],0.832093825
1936848448,177771911,1,109,162.04,232.536,0.968444,2307027729,2307027729,0,30,LC4,LC4,blue,dend[342],0.669339513
1936848448,176127237,1,101.648,155.736,227.032,0.918921,2307027729,2307027729,0,30,LC4,LC4,blue,dend[185],0.597611418
1936848448,176180294,1,101.872,156.224,227.104,0.97768,2307027729,2307027729,0,30,LC4,LC4,blue,dend[185],0.545660234
1936848448,176678187,1,116.896,163.888,228.792,0.974794,2307027729,2307027729,0,30,LC4,LC4,blue,dend[990],0.545686367
1936848448,173444918,1,123,161.832,218.992,0.972921,2307027729,2307027729,0,30,LC4,LC4,blue,dend[1177],0.531849349
1936848448,173396279,1,122.832,161.616,218.984,0.918717,2307027729,2307027729,0,30,LC4,LC4,blue,dend[1177],0.564808076
1936848448,174858512,1,124.32,165.408,223.536,0.99998,2307027729,2307027729,0,30,LC4,LC4,blue,dend[163],0.708680734
1936848448,175400977,1,122.44,168.248,225.216,0.999938,2307027729,2307027729,0,30,LC4,LC4,blue,dend[163],1
1936848448,174155675,1,118.736,161.8,221.216,0.99856,2307027729,2307027729,0,30,LC4,LC4,blue,dend[1006],0.402742966
1936848448,175902084,1,118.32,173.408,226.424,0.639909,2307027729,2307027729,0,30,LC4,LC4,blue,dend[381],1
1936848448,177337091,1,111.456,162.768,231.312,0.951422,2307027729,2307027729,0,30,LC4,LC4,blue,dend[170],0.553846394
1936848448,173795829,1,120.688,162.312,220.24,0.933505,2307027729,2307027729,0,30,LC4,LC4,blue,dend[1138],0.299059836
1936848448,176070628,1,118.4,169.336,227.256,0.998234,2307027729,2307027729,0,30,LC4,LC4,blue,dend[371],0.704162198
1936848448,175603429,1,119.424,171.296,225.664,0.998516,2307027729,2307027729,0,30,LC4,LC4,blue,dend[373],0.781687353
1936848448,176927334,1,112.976,161.256,229.184,0.999622,2307027729,2307027729,0,30,LC4,LC4,blue,dend[361],0.895503287
1936848448,176222149,1,113.856,159.176,227.344,0.97466,2307027729,2307027729,0,30,LC4,LC4,blue,dend[366],1
1936848448,176583605,1,116.848,163.192,228.744,0.99439,2307027729,2307027729,0,30,LC4,LC4,blue,dend[990],0.619060681
1936848448,176264234,1,119.232,164.648,227.52,0.995047,2307027729,2307027729,0,30,LC4,LC4,blue,dend[983],0.435893485
1937875810,177464662,1,111.824,174.864,230.944,0.926475,2307027729,2307027729,0,22,LC4,LC4,blue,dend[395],0.543178797
1937875810,172260017,1,114.72,150.216,215.44,0.666832,2307027729,2307027729,0,22,LC4,LC4,blue,dend[1022],0.476976885
1937875810,176247040,1,109.616,164.04,227.616,0.427112,2307027729,2307027729,0,22,LC4,LC4,blue,dend[177],0.807689702
1937875810,175601536,1,122.184,171.744,225.736,0.99944,2307027729,2307027729,0,22,LC4,LC4,blue,dend[1144],0.770222499
1937875810,176106849,1,122.76,165.376,227.088,0.615578,2307027729,2307027729,0,22,LC4,LC4,blue,dend[163],1
1937875810,175526212,1,114.288,164.4,225.176,0.991435,2307027729,2307027729,0,22,LC4,LC4,blue,dend[989],1
1937875810,175649665,1,119.864,166.576,225.896,0.667671,2307027729,2307027729,0,22,LC4,LC4,blue,dend[164],0.76720104
1937875810,175544727,1,122.168,171.664,224.96,0.999999,2307027729,2307027729,0,22,LC4,LC4,blue,dend[1144],0.830074589
1937875810,176327683,1,106.96,163.048,228.08,0.9519,2307027729,2307027729,0,22,LC4,LC4,blue,dend[341],0.272336004
1937875810,177636234,1,94,157.632,232.168,0.898231,2307027729,2307027729,0,22,LC4,LC4,blue,dend[322],0.437740657
1937875810,177507471,1,98.048,159.608,231.496,0.996033,2307027729,2307027729,0,22,LC4,LC4,blue,dend[297],0.333312214
1937875810,176388747,1,116.528,169.4,227.816,0.950234,2307027729,2307027729,0,22,LC4,LC4,blue,dend[369],0.620324953
1937875810,171508809,1,120.768,157.984,214.12,0.972661,2307027729,2307027729,0,22,LC4,LC4,blue,dend[1166],0.766025879
1937875810,177355145,1,115.4,173.656,230.624,0.840483,2307027729,2307027729,0,22,LC4,LC4,blue,dend[396],1
1937875810,176419543,1,116.624,169.048,228.144,0.921633,2307027729,2307027729,0,22,LC4,LC4,blue,dend[369],0.582967123
1937875810,171313866,1,120.528,157.248,213.344,0.986615,2307027729,2307027729,0,22,LC4,LC4,blue,dend[1166],1
1937875810,176027872,1,109.32,163.88,226.68,0.892772,2307027729,2307027729,0,22,LC4,LC4,blue,dend[179],0.465876921
1937875810,176909661,1,116.736,171.032,229.752,0.97779,2307027729,2307027729,0,22,LC4,LC4,blue,dend[379],0.847506344
1937875810,174711372,1,118.048,164.664,222.6,0.903665,2307027729,2307027729,0,22,LC4,LC4,blue,dend[1005],0.728042066
1937875810,174260203,1,118.448,164.008,221.264,0.976191,2307027729,2307027729,0,22,LC4,LC4,blue,dend[1001],0.82373294
1937875810,177336660,1,99.784,163.36,231.024,0.998962,2307027729,2307027729,0,22,LC4,LC4,blue,dend[329],1
1937875810,171970869,1,114.664,149.72,215.112,0.988068,2307027729,2307027729,0,22,LC4,LC4,blue,dend[1022],0.617513945
1938207942,177262901,1,112.16,163.28,230.696,0.354899,2307027729,2307027729,0,25,LC4,LC4,blue,dend[170],0.271753043
1938207942,177217648,1,112.248,163.352,230.424,0.9979,2307027729,2307027729,0,25,LC4,LC4,blue,dend[168],1
1938207942,175119183,1,99.816,152.64,224.128,0.942685,2307027729,2307027729,0,25,LC4,LC4,blue,dend[187],0.405096116
1938207942,177422796,1,111.824,163.016,231,0.989365,2307027729,2307027729,0,25,LC4,LC4,blue,dend[170],0.414747587
1938207942,176411215,1,103.56,159.264,228.256,0.985672,2307027729,2307027729,0,25,LC4,LC4,blue,dend[185],0.168502225
1938207942,176997598,1,112.68,162.712,229.504,0.995955,2307027729,2307027729,0,25,LC4,LC4,blue,dend[361],0.5129044
1938207942,173696454,1,116.24,160.328,219.464,0.999991,2307027729,2307027729,0,25,LC4,LC4,blue,dend[1009],0.498245212
1938207942,171767708,1,120.448,158.16,214.408,0.999995,2307027729,2307027729,0,25,LC4,LC4,blue,dend[1166],0.686022323
1938207942,177297509,1,102.16,161.56,230.904,0.928556,2307027729,2307027729,0,25,LC4,LC4,blue,dend[336],1
1938207942,175021433,1,98.84,151.656,223.848,0.99869,2307027729,2307027729,0,25,LC4,LC4,blue,dend[187],1
1938207942,177192656,1,110.208,163.264,230.312,0.999854,2307027729,2307027729,0,25,LC4,LC4,blue,dend[172],0.92359099
1938207942,177033153,1,101.368,160.984,230.2,0.84,2307027729,2307027729,0,25,LC4,LC4,blue,dend[336],1
1938207942,176496712,1,103.192,158.784,227.968,0.916742,2307027729,2307027729,0,25,LC4,LC4,blue,dend[185],0.239855484
1938207942,174082003,1,104.576,147.624,221.208,0.855389,2307027729,2307027729,0,25,LC4,LC4,blue,dend[1045],1
1938207942,177388856,1,108.992,162.904,230.624,0.973393,2307027729,2307027729,0,25,LC4,LC4,blue,dend[342],0.225453181
1938207942,173782914,1,115.904,160.264,220,0.325759,2307027729,2307027729,0,25,LC4,LC4,blue,dend[1010],1
1938207942,176259533,1,102.568,158.312,227.744,0.888222,2307027729,2307027729,0,25,LC4,LC4,blue,dend[185],0.32415991
1938207942,172885021,1,123.048,163.36,217.416,0.451492,2307027729,2307027729,0,25,LC4,LC4,blue,dend[1187],0.711681377
1938207942,177185611,1,110.448,163.968,230.464,1,2307027729,2307027729,0,25,LC4,LC4,blue,dend[172],0.884515729
1938207942,177099789,1,109.6,163.928,230.392,1,2307027729,2307027729,0,25,LC4,LC4,blue,dend[173],1
1938207942,177051496,1,108.064,163.576,230.248,0.982113,2307027729,2307027729,0,25,LC4,LC4,blue,dend[180],0.909820919
1938207942,177177012,1,112.376,163.576,230.632,0.999998,2307027729,2307027729,0,25,LC4,LC4,blue,dend[168],0.993682458
1938207942,173097477,1,120.92,164.104,217.832,0.99996,2307027729,2307027729,0,25,LC4,LC4,blue,dend[1160],0.981999709
1938207942,172895087,1,122.872,163.36,217.52,0.921662,2307027729,2307027729,0,25,LC4,LC4,blue,dend[1187],0.731762952
1938207942,176496707,1,102.856,158.632,227.984,0.911616,2307027729,2307027729,0,25,LC4,LC4,blue,dend[185],0.271462615
1938541380,172577331,1,120.504,162.216,216.768,0.99291,2307027729,2307027729,0,31,LC4,LC4,blue,dend[1163],0.825063543
1938541380,176818558,1,107.784,161.368,229.592,1,2307027729,2307027729,0,31,LC4,LC4,blue,dend[182],0.668373516
1938541380,178901892,1,101.192,161.784,235.872,0.864906,2307027729,2307027729,0,31,LC4,LC4,blue,dend[333],1
1938541380,174547509,1,112.968,159.304,222.224,0.922476,2307027729,2307027729,0,31,LC4,LC4,blue,dend[1015],0.998997483
1938541380,173780832,1,123.392,166.824,220.416,0.908347,2307027729,2307027729,0,31,LC4,LC4,blue,dend[1178],0.139613847
1938541380,173842241,1,113.352,155.696,220.208,0.967824,2307027729,2307027729,0,31,LC4,LC4,blue,dend[1055],0.885545118
1938541380,176913201,1,106.48,160.224,229.704,0.999784,2307027729,2307027729,0,31,LC4,LC4,blue,dend[182],0.998068902
1938541380,173632917,1,116.592,158.864,219.504,0.993259,2307027729,2307027729,0,31,LC4,LC4,blue,dend[1018],1
1938541380,176961730,1,107.504,161.344,229.72,0.963855,2307027729,2307027729,0,31,LC4,LC4,blue,dend[182],0.682081133
1938541380,176818548,1,106.84,160.656,229.56,0.98605,2307027729,2307027729,0,31,LC4,LC4,blue,dend[182],0.882725288
1938541380,173607167,1,111.016,152.824,219.408,0.990395,2307027729,2307027729,0,31,LC4,LC4,blue,dend[1049],0.640329646
1938541380,176415742,1,117.224,160.576,228.272,0.995981,2307027729,2307027729,0,31,LC4,LC4,blue,dend[990],0.873468646
1938541380,176876649,1,115.152,161.984,229.208,0.999869,2307027729,2307027729,0,31,LC4,LC4,blue,dend[365],0.695972381
1938541380,173795891,1,122.368,165.528,220.064,0.860844,2307027729,2307027729,0,31,LC4,LC4,blue,dend[1173],0.705456354
1938541380,174256008,1,107.28,148.888,221.352,0.664351,2307027729,2307027729,0,31,LC4,LC4,blue,dend[1042],1
1938541380,173559832,1,116.344,158.512,219.416,0.996725,2307027729,2307027729,0,31,LC4,LC4,blue,dend[1131],1
1938541380,176550831,1,117.048,161.184,228.608,0.999876,2307027729,2307027729,0,31,LC4,LC4,blue,dend[990],0.815546489
1938541380,176388622,1,109.344,160.064,227.8,0.454624,2307027729,2307027729,0,31,LC4,LC4,blue,dend[348],0.72958872
1938541380,173631679,1,110.976,153.32,219.744,0.872716,2307027729,2307027729,0,31,LC4,LC4,blue,dend[1049],0.432573824
1938541380,176755611,1,115.104,161.456,229.304,0.999999,2307027729,2307027729,0,31,LC4,LC4,blue,dend[365],0.881259254
1938541380,176342580,1,109.72,161.304,227.984,0.762273,2307027729,2307027729,0,31,LC4,LC4,blue,dend[346],0.925093523
1938541380,173105236,1,118.008,155.92,218.16,0.90528,2307027729,2307027729,0,31,LC4,LC4,blue,dend[1026],0.561810249
1938541380,174260663,1,107.584,150.336,221.32,0.866448,2307027729,2307027729,0,31,LC4,LC4,blue,dend[1041],0.500595999
1938541380,173772846,1,122.976,165.776,219.984,0.984936,2307027729,2307027729,0,31,LC4,LC4,blue,dend[1148],0.613763176
1938541380,174050391,1,104.176,147.976,220.72,0.67,2307027729,2307027729,0,31,LC4,LC4,blue,dend[1045],1
1938541380,173262830,1,116.008,156.32,218.72,0.996472,2307027729,2307027729,0,31,LC4,LC4,blue,dend[1020],0.115014718
1938541380,176054282,1,109.448,160.096,226.968,0.945661,2307027729,2307027729,0,31,LC4,LC4,blue,dend[356],0.863946503
1938541380,174428572,1,113.4,158.832,221.768,0.948392,2307027729,2307027729,0,31,LC4,LC4,blue,dend[1015],0.781860112
1938541380,173757900,1,113.536,156.72,219.848,0.972816,2307027729,2307027729,0,31,LC4,LC4,blue,dend[1029],0.789222245
1938541380,173820424,1,122.176,165.488,220.128,0.827969,2307027729,2307027729,0,31,LC4,LC4,blue,dend[1173],0.816373468
1938541380,173802385,1,117.208,159.336,219.928,0.996861,2307027729,2307027729,0,31,LC4,LC4,blue,dend[1009],0.312033123
1938544937,179491837,1,113.656,171.656,238.136,0.874972,2307027729,2307027729,0,40,LC4,LC4,blue,dend[417],0.952138516
1938544937,178567317,1,97.688,163.304,234.72,0.999014,2307027729,2307027729,0,40,LC4,LC4,blue,dend[241],0.425466523
1938544937,177700571,1,112.36,164.184,232.352,0.835348,2307027729,2307027729,0,40,LC4,LC4,blue,dend[358],0.890311945
1938544937,174267916,1,106.744,150.152,221.168,0.984137,2307027729,2307027729,0,40,LC4,LC4,blue,dend[1041],0.804960305
1938544937,177163210,1,96.056,153.328,230.76,0.970229,2307027729,2307027729,0,40,LC4,LC4,blue,dend[298],0.276487949
1938544937,178336425,1,97.464,164.208,234.264,0.944512,2307027729,2307027729,0,40,LC4,LC4,blue,dend[240],0.883174315
1938544937,179495022,1,113.408,171.912,237.92,0.93537,2307027729,2307027729,0,40,LC4,LC4,blue,dend[417],0.95029098
1938544937,176982078,1,114.176,159.208,229.92,0.999636,2307027729,2307027729,0,40,LC4,LC4,blue,dend[367],0.473152923
1938544937,172570447,1,120.256,162.08,216.664,1,2307027729,2307027729,0,40,LC4,LC4,blue,dend[1163],0.894686772
1938544937,177451823,1,108.592,162.552,230.84,0.97527,2307027729,2307027729,0,40,LC4,LC4,blue,dend[342],0.30031176
1938544937,173866345,1,106.736,151.48,220.736,0.902164,2307027729,2307027729,0,40,LC4,LC4,blue,dend[1038],1
1938544937,178472766,1,96.92,164.384,234.384,0.966475,2307027729,2307027729,0,40,LC4,LC4,blue,dend[242],0.292149572
1938544937,177250019,1,107.792,164.032,230.888,1,2307027729,2307027729,0,40,LC4,LC4,blue,dend[180],1
1938544937,174088154,1,104.496,148.312,221.128,0.998677,2307027729,2307027729,0,40,LC4,LC4,blue,dend[1045],1
1938544937,174428657,1,120.224,163.44,221.744,0.999226,2307027729,2307027729,0,40,LC4,LC4,blue,dend[999],1
1938544937,177222656,1,107.232,164.096,230.56,0.999905,2307027729,2307027729,0,40,LC4,LC4,blue,dend[181],1
1938544937,174337094,1,118.824,164.064,221.672,0.380936,2307027729,2307027729,0,40,LC4,LC4,blue,dend[1001],0.799919351
1938544937,177489673,1,111.536,162.864,231.304,0.953879,2307027729,2307027729,0,40,LC4,LC4,blue,dend[170],0.521338795
1938544937,173446511,1,111.096,153.048,219.368,0.875,2307027729,2307027729,0,40,LC4,LC4,blue,dend[1049],0.606538588
1938544937,177250296,1,108,163.736,230.248,0.994,2307027729,2307027729,0,40,LC4,LC4,blue,dend[180],0.954540932
1938544937,173968343,1,107.016,151.36,220.928,0.9624,2307027729,2307027729,0,40,LC4,LC4,blue,dend[1038],0.895453582
1938544937,173965478,1,107.208,151.224,220.672,0.998878,2307027729,2307027729,0,40,LC4,LC4,blue,dend[1040],0.83635171
1938544937,176928772,1,114.384,159.048,229.872,0.985852,2307027729,2307027729,0,40,LC4,LC4,blue,dend[367],0.493621945
1938544937,177403776,1,97.552,154.872,231.336,0.575902,2307027729,2307027729,0,40,LC4,LC4,blue,dend[297],0.888228685
1938544937,172151545,1,123.488,162.528,215.56,0.4593889,2307027729,2307027729,0,40,LC4,LC4,blue,dend[1192],0.748259594
1938544937,171000788,1,124.736,163.4,212.192,0.993265,2307027729,2307027729,0,40,LC4,LC4,blue,dend[1203],0.980701532
1938544937,176982090,1,114.104,160.016,229.728,0.896365,2307027729,2307027729,0,40,LC4,LC4,blue,dend[367],0.280332723
1938544937,177901651,1,106.296,166.44,232.856,0.960589,2307027729,2307027729,0,40,LC4,LC4,blue,dend[195],0.506334918
1938544937,174209109,1,103.904,148.04,221.016,0.871993,2307027729,2307027729,0,40,LC4,LC4,blue,dend[1045],1
1938544937,177448215,1,112.296,164.248,231.528,0.964718,2307027729,2307027729,0,40,LC4,LC4,blue,dend[358],0.591838407
1938544937,173220600,1,116.208,156.936,218.568,1,2307027729,2307027729,0,40,LC4,LC4,blue,dend[1019],0.954358254
1938544937,173172298,1,116.656,156.952,217.968,0.999448,2307027729,2307027729,0,40,LC4,LC4,blue,dend[1025],1
1938544937,172210285,1,123.84,161.928,215.832,0.930434,2307027729,2307027729,0,40,LC4,LC4,blue,dend[1192],0.843156725
1938544937,176388691,1,90.608,164.856,227.8,0.992017,2307027729,2307027729,0,40,LC4,LC4,blue,dend[286],0.602187411
1938544937,174114687,1,104.072,148.168,221.104,0.941821,2307027729,2307027729,0,40,LC4,LC4,blue,dend[1045],1
1938544937,173551342,1,110.976,152.928,219.368,0.526208,2307027729,2307027729,0,40,LC4,LC4,blue,dend[1049],0.626032877
1938544937,177361708,1,103.064,161.584,230.544,0.46269447,2307027729,2307027729,0,40,LC4,LC4,blue,dend[336],1
1938544937,177432145,1,97.368,154.696,231.08,0.850481,2307027729,2307027729,0,40,LC4,LC4,blue,dend[297],0.916673528
1938544937,172654607,1,97.912,162.752,216.616,0.999987,2307027729,2307027729,0,40,LC4,LC4,blue,dend[1085],0.997232493
1938544937,177653870,1,108.968,161.792,232.456,0.971686,2307027729,2307027729,0,40,LC4,LC4,blue,dend[342],0.687066135
1998922583,174153679,1,120.712,163,221.504,0.956239,2307027729,2307027729,0,36,LC4,LC4,blue,dend[1000],0.342226727
1998922583,176314652,1,119.376,164.936,227.656,0.755217,2307027729,2307027729,0,36,LC4,LC4,blue,dend[983],0.396593065
1998922583,173161204,1,121.712,170.168,218.136,0.999963,2307027729,2307027729,0,36,LC4,LC4,blue,dend[1185],0.864418625
1998922583,173890128,1,120.824,162.304,220.44,0.996829,2307027729,2307027729,0,36,LC4,LC4,blue,dend[1138],0.308187467
1998922583,177846955,1,99.656,165.472,232.632,0.976804,2307027729,2307027729,0,36,LC4,LC4,blue,dend[233],0.462409161
1998922583,174255827,1,119.768,162.456,221.352,0.996664,2307027729,2307027729,0,36,LC4,LC4,blue,dend[1000],0.875745179
1998922583,175962591,1,123.84,163.952,226.648,0.998753,2307027729,2307027729,0,36,LC4,LC4,blue,dend[163],1
1998922583,176483799,1,109.688,161.44,227.944,0.701664,2307027729,2307027729,0,36,LC4,LC4,blue,dend[346],0.896534026
1998922583,176211888,1,119.592,164.792,227.56,0.995925,2307027729,2307027729,0,36,LC4,LC4,blue,dend[983],0.375722538
1998922583,175684765,1,120.072,165.304,226.12,0.343,2307027729,2307027729,0,36,LC4,LC4,blue,dend[1142],1
1998922583,175743640,1,121.272,172.496,225.728,1,2307027729,2307027729,0,36,LC4,LC4,blue,dend[373],0.767493069
1998922583,175631726,1,121.176,172.84,225.296,0.998463,2307027729,2307027729,0,36,LC4,LC4,blue,dend[373],0.856679069
1998922583,176097870,1,111.336,162.608,227.12,0.997353,2307027729,2307027729,0,36,LC4,LC4,blue,dend[357],1
1998922583,174810380,1,112.248,154.76,223.384,0.999989,2307027729,2307027729,0,36,LC4,LC4,blue,dend[1054],0.805910542
1998922583,172798319,1,121.24,165.48,217.464,0.7469,2307027729,2307027729,0,36,LC4,LC4,blue,dend[1159],1
1998922583,176645151,1,117.344,173.48,229.072,0.990032,2307027729,2307027729,0,36,LC4,LC4,blue,dend[383],0.879323413
1998922583,175847357,1,120.032,165.32,226.12,0.807404,2307027729,2307027729,0,36,LC4,LC4,blue,dend[1142],1
1998922583,175631552,1,115.352,162.536,225.48,0.843365,2307027729,2307027729,0,36,LC4,LC4,blue,dend[988],0.631536109
1998922583,173169898,1,120.952,165.408,218.352,0.94261,2307027729,2307027729,0,36,LC4,LC4,blue,dend[1159],0.822233236
1998922583,176597559,1,110.016,163.896,228.664,0.857854,2307027729,2307027729,0,36,LC4,LC4,blue,dend[177],0.512155398
1998922583,175317444,1,118.44,164.192,224.968,0.985329,2307027729,2307027729,0,36,LC4,LC4,blue,dend[1142],1
1998922583,177818439,1,100,166.152,232.448,0.999998,2307027729,2307027729,0,36,LC4,LC4,blue,dend[233],0.568923303
1998922583,177649934,1,100.256,166.032,232.152,0.923216,2307027729,2307027729,0,36,LC4,LC4,blue,dend[233],0.4695401
1998922583,173932079,1,120.68,162.136,220.744,0.995267,2307027729,2307027729,0,36,LC4,LC4,blue,dend[1138],0.295561986
1998922583,174722538,1,122.144,171.296,222.768,0.838411,2307027729,2307027729,0,36,LC4,LC4,blue,dend[1144],0.9778755
1998922583,173108998,1,121.28,165.136,217.848,0.915827,2307027729,2307027729,0,36,LC4,LC4,blue,dend[1159],1
1998922583,173738768,1,112.856,164.408,219.696,0.788,2307027729,2307027729,0,36,LC4,LC4,blue,dend[1129],1
1998922583,173515246,1,107.152,160.496,219.224,0.771093,2307027729,2307027729,0,36,LC4,LC4,blue,dend[1125],0.971273538
1998922583,174521975,1,122.048,171.24,222.616,0.9976,2307027729,2307027729,0,36,LC4,LC4,blue,dend[1144],0.990850508
1998922583,173400276,1,124.584,164.288,219,0.81267,2307027729,2307027729,0,36,LC4,LC4,blue,dend[1182],0.865671993
1998922583,173080324,1,120.168,164.616,218.272,0.898,2307027729,2307027729,0,36,LC4,LC4,blue,dend[1161],0.535627423
1998922583,176194771,1,109.616,160.16,226.808,0.320858,2307027729,2307027729,0,36,LC4,LC4,blue,dend[356],1
1998922583,174453127,1,120.296,162.936,221.816,1,2307027729,2307027729,0,36,LC4,LC4,blue,dend[1000],0.372298332
1998922583,175931324,1,107.432,157.52,226.76,0.976437,2307027729,2307027729,0,36,LC4,LC4,blue,dend[355],0.355190789
1998922583,173355136,1,121.304,167.056,218.832,0.999951,2307027729,2307027729,0,36,LC4,LC4,blue,dend[1150],0.982359317
1998922583,177095453,1,117.088,174.232,230.016,0.993658,2307027729,2307027729,0,36,LC4,LC4,blue,dend[397],1
2121711447,175018200,1,119.472,164.152,223.424,0.970507,2307027729,2307027729,0,29,LC4,LC4,blue,dend[1142],0.636316369
2121711447,175171100,1,119.616,163.184,223.944,0.318,2307027729,2307027729,0,29,LC4,LC4,blue,dend[1143],0.981852115
2121711447,175171254,1,119.136,171.4,224.032,0.995853,2307027729,2307027729,0,29,LC4,LC4,blue,dend[374],0.312261448
2121711447,177609056,1,86.76,159.792,231.776,0.822577,2307027729,2307027729,0,29,LC4,LC4,blue,dend[292],1
2121711447,176908327,1,112.904,174.144,229.448,0.995931,2307027729,2307027729,0,29,LC4,LC4,blue,dend[395],0.018653126
2121711447,176977761,1,115.928,169.08,229.896,0.981129,2307027729,2307027729,0,29,LC4,LC4,blue,dend[379],0.957089667
2121711447,174757996,1,120.48,166.136,223.24,0.983286,2307027729,2307027729,0,29,LC4,LC4,blue,dend[1142],1
2121711447,176118538,1,108.384,158.824,227.32,0.900489,2307027729,2307027729,0,29,LC4,LC4,blue,dend[353],0.486613299
2121711447,176892455,1,117.248,170.672,229.496,0.997028,2307027729,2307027729,0,29,LC4,LC4,blue,dend[379],0.734833984
2121711447,177655607,1,86.528,159.76,232.216,0.783144,2307027729,2307027729,0,29,LC4,LC4,blue,dend[292],1
2121711447,175117238,1,119.624,163.152,223.96,0.980473,2307027729,2307027729,0,29,LC4,LC4,blue,dend[1143],1
2121711447,177171098,1,112.592,174.472,230.248,0.941462,2307027729,2307027729,0,29,LC4,LC4,blue,dend[395],0.240560775
2121711447,174437005,1,121.28,168.968,221.896,0.905,2307027729,2307027729,0,29,LC4,LC4,blue,dend[1178],0.993386865
2121711447,174872504,1,119.672,163.44,223.416,0.673327,2307027729,2307027729,0,29,LC4,LC4,blue,dend[1143],0.528231286
2121711447,177282160,1,118.232,172.576,231.136,0.629432,2307027729,2307027729,0,29,LC4,LC4,blue,dend[384],1
2121711447,176208350,1,109.704,158.624,227.624,0.46729243,2307027729,2307027729,0,29,LC4,LC4,blue,dend[349],0.625423951
2121711447,176200347,1,113.808,159.264,227.152,0.794,2307027729,2307027729,0,29,LC4,LC4,blue,dend[366],1
2121711447,174866863,1,120.536,166.96,222.912,0.996923,2307027729,2307027729,0,29,LC4,LC4,blue,dend[1174],0.864185629
2121711447,176554643,1,104.552,156.672,228.392,0.45926353,2307027729,2307027729,0,29,LC4,LC4,blue,dend[191],0.336521842
2121711447,176538575,1,102.392,158.024,228.208,0.96685,2307027729,2307027729,0,29,LC4,LC4,blue,dend[185],0.332825793
2121711447,174834779,1,125.552,167.576,222.96,0.999936,2307027729,2307027729,0,29,LC4,LC4,blue,dend[1146],0.452034189
2121711447,176038534,1,107.76,158.328,227.12,0.730094,2307027729,2307027729,0,29,LC4,LC4,blue,dend[353],0.81106383
2121711447,174978987,1,120.728,169.648,223.448,0.680225,2307027729,2307027729,0,29,LC4,LC4,blue,dend[1178],1
2121711447,177355141,1,118.328,172.704,230.84,1,2307027729,2307027729,0,29,LC4,LC4,blue,dend[384],1
2121711447,177031907,1,117.36,171.208,230.136,0.930454,2307027729,2307027729,0,29,LC4,LC4,blue,dend[379],0.745029438
2121711447,176352751,1,112.704,165.776,227.936,0.998238,2307027729,2307027729,0,29,LC4,LC4,blue,dend[363],0.909642506
2121711447,176099323,1,110.048,158.216,227.312,0.955744,2307027729,2307027729,0,29,LC4,LC4,blue,dend[349],0.937508744
2121711447,176257344,1,107.624,158.336,227.248,0.981288,2307027729,2307027729,0,29,LC4,LC4,blue,dend[353],0.828499288
2121711447,174606498,1,124.08,165.52,222.6,0.999233,2307027729,2307027729,0,29,LC4,LC4,blue,dend[995],0.483616169
2215161310,176921197,1,113.576,175.152,229.632,0.944865,2307027729,2307027729,0,19,LC4,LC4,blue,dend[390],0.74272757
2215161310,174107005,1,120.376,167.648,221.144,0.977637,2307027729,2307027729,0,19,LC4,LC4,blue,dend[1174],0.881899128
2215161310,176585035,1,119.656,165.352,228.408,0.994,2307027729,2307027729,0,19,LC4,LC4,blue,dend[164],1
2215161310,176547860,1,119.648,165.536,228.128,1,2307027729,2307027729,0,19,LC4,LC4,blue,dend[164],1
2215161310,172369918,1,124.184,168.12,216.432,0.988972,2307027729,2307027729,0,19,LC4,LC4,blue,dend[1190],0.507307849
2215161310,175848513,1,119.88,171.808,226.28,0.990865,2307027729,2307027729,0,19,LC4,LC4,blue,dend[373],0.719614235
2215161310,177627392,1,86.248,159.952,232.104,0.972737,2307027729,2307027729,0,19,LC4,LC4,blue,dend[292],1
2215161310,176173208,1,120.728,171.472,227.272,0.986592,2307027729,2307027729,0,19,LC4,LC4,blue,dend[373],0.516628282
2215161310,177653846,1,86.384,159.76,232.24,0.972257,2307027729,2307027729,0,19,LC4,LC4,blue,dend[292],1
2215161310,175862308,1,119.832,166.176,226.52,0.818817,2307027729,2307027729,0,19,LC4,LC4,blue,dend[164],0.859805681
2215161310,175314757,1,113.552,167.016,224.584,0.95577,2307027729,2307027729,0,19,LC4,LC4,blue,dend[986],0.935650983
2215161310,176950855,1,97.08,162.432,229.704,0.997171,2307027729,2307027729,0,19,LC4,LC4,blue,dend[302],1
2215161310,176969547,1,113.856,174.944,229.408,0.953565,2307027729,2307027729,0,19,LC4,LC4,blue,dend[390],0.594963683
2215161310,173404391,1,124.064,168.68,218.752,0.891,2307027729,2307027729,0,19,LC4,LC4,blue,dend[1183],0.925816695
2215161310,173569572,1,116.84,164.736,219.544,0.906,2307027729,2307027729,0,19,LC4,LC4,blue,dend[1003],0.649041209
2215161310,175760832,1,119.816,166.504,226.016,0.405,2307027729,2307027729,0,19,LC4,LC4,blue,dend[164],0.791423629
2215161310,176168965,1,119.776,166.072,227.304,0.958,2307027729,2307027729,0,19,LC4,LC4,blue,dend[164],0.986613057
2215161310,176222654,1,115.336,170.592,227.28,0.848757,2307027729,2307027729,0,19,LC4,LC4,blue,dend[369],0.826675028
2215161310,173518723,1,124.832,168.312,219.144,0.929,2307027729,2307027729,0,19,LC4,LC4,blue,dend[1183],0.708421595
5812993692,174785395,1,120.888,166.552,223.12,0.45242783,2307027729,2307027729,0,38,LC4,LC4,blue,dend[1174],0.737232451
5812993692,176196231,1,117.48,159.48,226.992,0.74944,2307027729,2307027729,0,38,LC4,LC4,blue,dend[992],0.415339842
5812993692,174524933,1,118.56,164.72,222.136,0.935426,2307027729,2307027729,0,38,LC4,LC4,blue,dend[1005],0.356837444
5812993692,174470423,1,117.992,164.688,222.632,0.711956,2307027729,2307027729,0,38,LC4,LC4,blue,dend[1005],0.760623829
5812993692,175970174,1,117.512,159.208,226.84,0.475815,2307027729,2307027729,0,38,LC4,LC4,blue,dend[992],0.55447646
5812993692,176936952,1,104.648,157.488,229.464,0.716624,2307027729,2307027729,0,38,LC4,LC4,blue,dend[190],0.857962313
5812993692,175246193,1,98.304,150.928,224.128,0.84428,2307027729,2307027729,0,38,LC4,LC4,blue,dend[189],0.997382808
5812993692,176447249,1,112.232,162.232,227.864,0.955716,2307027729,2307027729,0,38,LC4,LC4,blue,dend[357],0.879536289
5812993692,173291027,1,115.272,160.936,218.488,0.996822,2307027729,2307027729,0,38,LC4,LC4,blue,dend[1028],1
5812993692,175255447,1,99.776,151.168,224.216,0.993424,2307027729,2307027729,0,38,LC4,LC4,blue,dend[188],1
5812993692,174922263,1,122.752,171.248,223.472,0.647408,2307027729,2307027729,0,38,LC4,LC4,blue,dend[1144],0.863093795
5812993692,176712624,1,117.208,161.272,228.672,0.99285,2307027729,2307027729,0,38,LC4,LC4,blue,dend[990],0.798661072
5812993692,172899537,1,115.008,151.752,217.52,0.919969,2307027729,2307027729,0,38,LC4,LC4,blue,dend[1020],0.964400615
5812993692,174575218,1,118.416,164.688,222.216,0.426256,2307027729,2307027729,0,38,LC4,LC4,blue,dend[1005],0.427779014
5812993692,174031804,1,111.168,155.792,220.552,0.803819,2307027729,2307027729,0,38,LC4,LC4,blue,dend[1032],1
5812993692,174313478,1,118.744,164.104,221.672,0.999578,2307027729,2307027729,0,38,LC4,LC4,blue,dend[1001],0.831444334
5812993692,177119478,1,118.352,167.472,230.256,0.928151,2307027729,2307027729,0,38,LC4,LC4,blue,dend[369],0.254238469
5812993692,174860769,1,122.368,171.224,223.016,0.999812,2307027729,2307027729,0,38,LC4,LC4,blue,dend[1144],0.929074183
5812993692,176870008,1,96.952,163.672,229.872,0.996937,2307027729,2307027729,0,38,LC4,LC4,blue,dend[318],0.936021452
5812993692,176791646,1,111.408,161.552,228.912,0.94233,2307027729,2307027729,0,38,LC4,LC4,blue,dend[346],0.726634932
5812993692,175544604,1,114.248,164.416,225.144,0.896508,2307027729,2307027729,0,38,LC4,LC4,blue,dend[989],1
5812993692,173549759,1,115.024,159.192,219.232,0.972478,2307027729,2307027729,0,38,LC4,LC4,blue,dend[1131],1
5812993692,176745057,1,117.872,164.392,229.136,1,2307027729,2307027729,0,38,LC4,LC4,blue,dend[983],0.572866012
5812993692,176596282,1,104.6,157.008,229.12,0.999195,2307027729,2307027729,0,38,LC4,LC4,blue,dend[190],1
5812993692,177171054,1,117.792,171.4,230.48,0.990747,2307027729,2307027729,0,38,LC4,LC4,blue,dend[384],0.820122058
5812993692,172519390,1,118.984,164.848,216.672,0.997421,2307027729,2307027729,0,38,LC4,LC4,blue,dend[1162],0.438665264
5812993692,177192637,1,96.696,161.872,230.448,0.990567,2307027729,2307027729,0,38,LC4,LC4,blue,dend[301],0.98945824
5812993692,177295768,1,95.792,161.376,230.808,0.847724,2307027729,2307027729,0,38,LC4,LC4,blue,dend[319],0.740106067
5812993692,171996616,1,121.192,165.96,215.568,0.927093,2307027729,2307027729,0,38,LC4,LC4,blue,dend[1194],1
5812993692,176698204,1,116.744,163.016,228.776,0.983328,2307027729,2307027729,0,38,LC4,LC4,blue,dend[990],0.641193495
5812993692,176314571,1,117.512,159.552,227.624,0.875505,2307027729,2307027729,0,38,LC4,LC4,blue,dend[990],0.972402729
5812993692,176706959,1,115.328,162.6,228.944,0.963078,2307027729,2307027729,0,38,LC4,LC4,blue,dend[365],0.494607088
5812993692,175293966,1,121.952,167.952,224.464,0.85758,2307027729,2307027729,0,38,LC4,LC4,blue,dend[163],1
5812993692,174726406,1,121.08,165.856,223.08,0.394963,2307027729,2307027729,0,38,LC4,LC4,blue,dend[995],0.700011238
5812993692,177234115,1,118.608,167.176,230.48,1,2307027729,2307027729,0,38,LC4,LC4,blue,dend[369],0.204887554
5812993692,177100357,1,118.872,172.128,230.32,0.992686,2307027729,2307027729,0,38,LC4,LC4,blue,dend[384],0.655675628
5812993692,177386914,1,95.768,161.104,231.032,0.915267,2307027729,2307027729,0,38,LC4,LC4,blue,dend[319],0.893089735
5812993692,171467422,1,123.784,166.008,213.944,1,2307027729,2307027729,0,38,LC4,LC4,blue,dend[154],1
5812998136,173324196,1,124.008,168.232,218.824,0.997603,2307027729,2307027729,0,25,LC4,LC4,blue,dend[1183],0.855153624
5812998136,176791754,1,119.88,170.008,229.016,0.75325,2307027729,2307027729,0,25,LC4,LC4,blue,dend[380],0.37295538
5812998136,173841708,1,125.792,169.16,220.472,0.999953,2307027729,2307027729,0,25,LC4,LC4,blue,dend[1179],0.498350092
5812998136,176921638,1,113.672,174.76,229.472,0.999685,2307027729,2307027729,0,25,LC4,LC4,blue,dend[390],0.67091901
5812998136,178046313,1,117.56,172.16,233.512,0.999923,2307027729,2307027729,0,25,LC4,LC4,blue,dend[402],0.55061784
5812998136,174913572,1,104.12,162.096,223.576,0.997347,2307027729,2307027729,0,25,LC4,LC4,blue,dend[341],0.832574504
5812998136,173832160,1,125.56,169.632,220.472,0.999645,2307027729,2307027729,0,25,LC4,LC4,blue,dend[1179],0.592868078
5812998136,177833841,1,117.2,175.36,232.472,0.999834,2307027729,2307027729,0,25,LC4,LC4,blue,dend[403],0.601580952
5812998136,173451001,1,123.584,168,218.824,0.900218,2307027729,2307027729,0,25,LC4,LC4,blue,dend[1183],0.887031184
5812998136,174590322,1,103.584,161.376,222.648,0.904041,2307027729,2307027729,0,25,LC4,LC4,blue,dend[341],0.966736983
5812998136,176870138,1,113.568,174.928,229.616,0.982,2307027729,2307027729,0,25,LC4,LC4,blue,dend[390],0.725997726
5812998136,174207836,1,121.272,168.84,221.504,0.99939,2307027729,2307027729,0,25,LC4,LC4,blue,dend[1178],0.927088078
5812998136,173708445,1,121.296,166.112,220.232,0.987,2307027729,2307027729,0,25,LC4,LC4,blue,dend[1174],0.303480308
5812998136,177890587,1,116.256,175.152,232.896,0.860167,2307027729,2307027729,0,25,LC4,LC4,blue,dend[404],1
5812998136,176417860,1,118.92,170.632,227.84,0.46118152,2307027729,2307027729,0,25,LC4,LC4,blue,dend[371],0.730061033
5812998136,176209928,1,118.544,169.904,227.16,0.903181,2307027729,2307027729,0,25,LC4,LC4,blue,dend[371],0.761781779
5812998136,174996819,1,116.952,170.072,223.264,0.915894,2307027729,2307027729,0,25,LC4,LC4,blue,dend[377],1
5812998136,177936780,1,117.416,174.736,232.664,1,2307027729,2307027729,0,25,LC4,LC4,blue,dend[404],0.435828101
5812998136,178054889,1,117.64,172.008,233.584,1,2307027729,2307027729,0,25,LC4,LC4,blue,dend[402],0.518111051
5812998136,173666773,1,122.728,166.04,219.344,0.632888,2307027729,2307027729,0,25,LC4,LC4,blue,dend[1149],0.374781389
5812998136,173396967,1,122.696,166.624,219.296,0.973271,2307027729,2307027729,0,25,LC4,LC4,blue,dend[1149],0.465284525
5812998136,177784035,1,115.672,175.056,232.6,0.76721,2307027729,2307027729,0,25,LC4,LC4,blue,dend[407],0.581212685
5812998136,176892581,1,119.496,169.552,229.312,0.763,2307027729,2307027729,0,25,LC4,LC4,blue,dend[380],0.392455128
5812998136,173490980,1,122.4,166.152,219.248,0.998966,2307027729,2307027729,0,25,LC4,LC4,blue,dend[1149],0.586986391
5812998136,176295014,1,118.848,169.376,227.616,0.989768,2307027729,2307027729,0,25,LC4,LC4,blue,dend[371],0.612412188
5813000577,171435519,1,123.344,161.952,213.368,0.999894,2307027729,2307027729,0,33,LC4,LC4,blue,dend[1200],0.713205723
5813000577,177821962,1,93.336,158.224,232.72,0.726035,2307027729,2307027729,0,33,LC4,LC4,blue,dend[325],0.438139579
5813000577,177415447,1,111.936,162.368,231.384,0.486774,2307027729,2307027729,0,33,LC4,LC4,blue,dend[170],0.701675125
5813000577,177762369,1,97.288,156.696,232.344,0.74522,2307027729,2307027729,0,33,LC4,LC4,blue,dend[297],0.680158725
5813000577,173653431,1,113.336,156.688,220.008,0.683138,2307027729,2307027729,0,33,LC4,LC4,blue,dend[1029],0.825009362
5813000577,173108861,1,116.56,156.912,217.784,0.998924,2307027729,2307027729,0,33,LC4,LC4,blue,dend[1025],1
5813000577,176496329,1,117.44,164.928,228.376,0.997287,2307027729,2307027729,0,33,LC4,LC4,blue,dend[983],0.645881082
5813000577,173655587,1,112.768,156.032,219.92,0.998818,2307027729,2307027729,0,33,LC4,LC4,blue,dend[1029],0.987422463
5813000577,174074621,1,120.832,163.056,220.968,0.995025,2307027729,2307027729,0,33,LC4,LC4,blue,dend[1000],0.480252426
5813000577,171617414,1,124.504,163.328,213.928,0.869391,2307027729,2307027729,0,33,LC4,LC4,blue,dend[1198],1
5813000577,173915433,1,119.712,162.216,220.424,0.999809,2307027729,2307027729,0,33,LC4,LC4,blue,dend[1000],1
5813000577,172646722,1,116.768,156.56,216.576,0.783618,2307027729,2307027729,0,33,LC4,LC4,blue,dend[1027],0.59369052
5813000577,175154603,1,95.072,162.448,224.56,0.936789,2307027729,2307027729,0,33,LC4,LC4,blue,dend[315],0.978098705
5813000577,178587133,1,101.184,161.76,234.768,0.936937,2307027729,2307027729,0,33,LC4,LC4,blue,dend[332],0.847900424
5813000577,177655584,1,93.984,157.92,232.192,0.521347,2307027729,2307027729,0,33,LC4,LC4,blue,dend[322],0.29646448
5813000577,174055433,1,121.44,163.672,221.296,0.997336,2307027729,2307027729,0,33,LC4,LC4,blue,dend[999],0.236622853
5813000577,173784916,1,112.576,155.936,219.928,0.73704,2307027729,2307027729,0,33,LC4,LC4,blue,dend[1029],1
5813000577,176662467,1,114.696,162.856,228.776,0.777461,2307027729,2307027729,0,33,LC4,LC4,blue,dend[165],0.970007061
5813000577,172875273,1,115.128,154.488,217.376,0.861972,2307027729,2307027729,0,33,LC4,LC4,blue,dend[1020],0.531354907
5813000577,173628989,1,118.16,160.912,219.744,0.971225,2307027729,2307027729,0,33,LC4,LC4,blue,dend[1006],0.867414518
5813000577,174852909,1,94.152,161.784,223.52,0.992701,2307027729,2307027729,0,33,LC4,LC4,blue,dend[310],0.500781771
5813000577,171848752,1,123.16,163,215.032,0.638424,2307027729,2307027729,0,33,LC4,LC4,blue,dend[1192],0.661203247
5813000577,176681340,1,104.92,155.8,228.752,0.999,2307027729,2307027729,0,33,LC4,LC4,blue,dend[191],0.614302238
5813000577,176105577,1,116.272,165.768,227.536,0.999975,2307027729,2307027729,0,33,LC4,LC4,blue,dend[983],0.816014595
5813000577,177765724,1,97.544,156.568,232.064,0.999705,2307027729,2307027729,0,33,LC4,LC4,blue,dend[297],0.68905051
5813000577,177695657,1,94.32,158.08,232.28,0.798,2307027729,2307027729,0,33,LC4,LC4,blue,dend[322],0.158338707
5813000577,177481402,1,111.784,161.712,231.304,0.349912,2307027729,2307027729,0,33,LC4,LC4,blue,dend[170],0.900273255
5813000577,176576303,1,109.512,157.12,228.704,0.541213,2307027729,2307027729,0,33,LC4,LC4,blue,dend[351],1
5813000577,178349908,1,101.224,162.336,234.504,0.994602,2307027729,2307027729,0,33,LC4,LC4,blue,dend[332],0.526423697
5813000577,174529570,1,123.512,165.296,222.216,0.965414,2307027729,2307027729,0,33,LC4,LC4,blue,dend[995],0.609487582
5813000577,172719459,1,122.672,162.52,217.576,0.820485,2307027729,2307027729,0,33,LC4,LC4,blue,dend[1187],0.992361376
5813000577,177553337,1,103.12,164.832,231.992,0.999462,2307027729,2307027729,0,33,LC4,LC4,blue,dend[228],0.673685991
5813000577,173753703,1,113.056,157.024,219.976,0.974289,2307027729,2307027729,0,33,LC4,LC4,blue,dend[1029],0.794017874
5813055129,174085375,1,110.24,154.192,221.024,0.999801,2307027729,2307027729,0,36,LC4,LC4,blue,dend[1034],0.950366282
5813055129,175587677,1,94,161.856,225.52,0.843031,2307027729,2307027729,0,36,LC4,LC4,blue,dend[307],0.566994391
5813055129,174037287,1,110.816,154.36,220.752,0.999685,2307027729,2307027729,0,36,LC4,LC4,blue,dend[1034],0.632080231
5813055129,173429701,1,124.88,164.576,219.296,0.981582,2307027729,2307027729,0,36,LC4,LC4,blue,dend[1182],0.695738373
5813055129,173989662,1,110.536,153.656,221,0.452991,2307027729,2307027729,0,36,LC4,LC4,blue,dend[1034],1
5813055129,173916283,1,113.384,155.672,220.256,0.868881,2307027729,2307027729,0,36,LC4,LC4,blue,dend[1055],0.937237452
5813055129,173803265,1,121.344,160.304,219.952,0.874163,2307027729,2307027729,0,36,LC4,LC4,blue,dend[1138],0.962179898
5813055129,172892733,1,120.88,164.776,217.888,0.925085,2307027729,2307027729,0,36,LC4,LC4,blue,dend[1160],0.522118447
5813055129,173811067,1,120.856,161,220.4,0.881192,2307027729,2307027729,0,36,LC4,LC4,blue,dend[1138],0.650694916
5813055129,173980087,1,118.312,160.84,220.592,0.989595,2307027729,2307027729,0,36,LC4,LC4,blue,dend[1006],0.759036322
5813055129,175251147,1,94.544,162.208,224.616,0.951241,2307027729,2307027729,0,36,LC4,LC4,blue,dend[309],1
5813055129,172172658,1,116.672,156.176,215.584,0.827687,2307027729,2307027729,0,36,LC4,LC4,blue,dend[1027],0.981970825
5813055129,172354736,1,119.344,161.824,216.096,0.635527,2307027729,2307027729,0,36,LC4,LC4,blue,dend[1171],0.719013172
5813055129,179557596,1,114.544,172.88,238.592,0.999634,2307027729,2307027729,0,36,LC4,LC4,blue,dend[417],0.2709502
5813055129,175846441,1,101.24,153.96,226.096,0.831919,2307027729,2307027729,0,36,LC4,LC4,blue,dend[185],0.793258672
5813055129,175267252,1,94.88,162.56,224.432,0.933168,2307027729,2307027729,0,36,LC4,LC4,blue,dend[315],0.883384244
5813055129,174140732,1,122.784,167.944,220.976,0.982416,2307027729,2307027729,0,36,LC4,LC4,blue,dend[1178],0.490787647
5813055129,175323314,1,93.72,161.72,224.488,0.781509,2307027729,2307027729,0,36,LC4,LC4,blue,dend[307],0.977524345
5813055129,172850245,1,121.048,164.36,217.472,0.999945,2307027729,2307027729,0,36,LC4,LC4,blue,dend[1160],0.778385366
5813055129,173080244,1,122.976,159.992,218.448,0.954331,2307027729,2307027729,0,36,LC4,LC4,blue,dend[1177],0.924591347
5813055129,173832118,1,123.104,167.304,220.416,0.998456,2307027729,2307027729,0,36,LC4,LC4,blue,dend[1178],0.26679743
5813055129,179380520,1,114.296,172.112,238.112,0.996847,2307027729,2307027729,0,36,LC4,LC4,blue,dend[417],0.665277426
5813055129,174149481,1,118.12,160.016,221.352,0.568282,2307027729,2307027729,0,36,LC4,LC4,blue,dend[1137],0.880898805
5813055129,177919200,1,111.96,164.376,232.672,0.984982,2307027729,2307027729,0,36,LC4,LC4,blue,dend[359],0.333535809
5813055129,175831167,1,101.184,153.92,225.8,0.528462,2307027729,2307027729,0,36,LC4,LC4,blue,dend[185],0.814192756
5813055129,174036275,1,120.76,161.328,220.632,0.990539,2307027729,2307027729,0,36,LC4,LC4,blue,dend[1138],0.527274477
5813055129,173629026,1,122.448,162.944,219.632,0.991387,2307027729,2307027729,0,36,LC4,LC4,blue,dend[1177],0.240106869
5813055129,173956919,1,119.168,161.824,220.904,0.999966,2307027729,2307027729,0,36,LC4,LC4,blue,dend[1006],0.298007566
5813055129,174203927,1,125.608,169.728,221.272,1,2307027729,2307027729,0,36,LC4,LC4,blue,dend[1146],0.790035582
5813055129,173003479,1,123.208,159.808,218.248,0.943784,2307027729,2307027729,0,36,LC4,LC4,blue,dend[1177],0.987678332
5813055129,175582393,1,93.664,161.808,225.6,0.983855,2307027729,2307027729,0,36,LC4,LC4,blue,dend[307],0.521149674
5813055129,173518814,1,122.088,166.672,219.096,0.999956,2307027729,2307027729,0,36,LC4,LC4,blue,dend[1149],0.847514515
5813055129,174297941,1,109.56,153.776,221.464,0.990127,2307027729,2307027729,0,36,LC4,LC4,blue,dend[1035],0.788838909
5813055129,174192997,1,110.536,153.656,221.008,0.866,2307027729,2307027729,0,36,LC4,LC4,blue,dend[1034],1
5813055129,178058014,1,111.824,164.56,233.416,0.999119,2307027729,2307027729,0,36,LC4,LC4,blue,dend[359],1
5813055129,173828387,1,120.8,162.264,220.496,0.964323,2307027729,2307027729,0,36,LC4,LC4,blue,dend[1138],0.308648986
5813061197,174168038,1,121.296,168.96,221.472,0.741,2307027729,2307027729,0,25,LC4,LC4,blue,dend[1178],0.941560337
5813061197,176272842,1,93.984,161.544,227.256,0.96989,2307027729,2307027729,0,25,LC4,LC4,blue,dend[316],0.539451938
5813061197,176034250,1,94.096,161.32,226.896,0.993425,2307027729,2307027729,0,25,LC4,LC4,blue,dend[306],0.888500839
5813061197,175256949,1,115.128,165.192,224.776,0.927981,2307027729,2307027729,0,25,LC4,LC4,blue,dend[985],1
5813061197,176234166,1,94.816,161.208,227.536,0.986802,2307027729,2307027729,0,25,LC4,LC4,blue,dend[304],0.887680291
5813061197,173642891,1,124.128,170.632,219.84,0.913584,2307027729,2307027729,0,25,LC4,LC4,blue,dend[1179],0.891527181
5813061197,174645460,1,120.264,167.264,222.8,0.750991,2307027729,2307027729,0,25,LC4,LC4,blue,dend[1174],0.964235268
5813061197,176014147,1,94.08,161.056,226.472,0.969098,2307027729,2307027729,0,25,LC4,LC4,blue,dend[306],1
5813061197,176088985,1,123.4,165.632,226.76,0.997443,2307027729,2307027729,0,25,LC4,LC4,blue,dend[163],1
5813061197,174707958,1,120.08,166.744,222.736,0.951733,2307027729,2307027729,0,25,LC4,LC4,blue,dend[1174],0.863510541
5813061197,176959455,1,115.584,174.672,229.616,0.758541,2307027729,2307027729,0,25,LC4,LC4,blue,dend[385],1
5813061197,175656208,1,115.24,163.704,226.024,0.715923,2307027729,2307027729,0,25,LC4,LC4,blue,dend[988],0.202547437
5813061197,177082926,1,114.792,174.864,229.792,0.999213,2307027729,2307027729,0,25,LC4,LC4,blue,dend[389],0.906977451
5813061197,176502145,1,117.088,172.904,228.232,0.4575612,2307027729,2307027729,0,25,LC4,LC4,blue,dend[383],1
5813061197,176822446,1,115.56,174.912,229.776,0.99887,2307027729,2307027729,0,25,LC4,LC4,blue,dend[385],1
5813061197,173797434,1,123.968,170.848,219.944,0.324659,2307027729,2307027729,0,25,LC4,LC4,blue,dend[1179],0.938020996
5813061197,176798949,1,116.144,174.344,229.04,0.999279,2307027729,2307027729,0,25,LC4,LC4,blue,dend[386],1
5813061197,176070571,1,122.584,165.824,227.16,0.889546,2307027729,2307027729,0,25,LC4,LC4,blue,dend[164],0.535756804
5813061197,176480300,1,115.832,174.784,228.44,0.44432,2307027729,2307027729,0,25,LC4,LC4,blue,dend[387],0.775835761
5813061197,173682003,1,124.512,170.352,220.04,0.999908,2307027729,2307027729,0,25,LC4,LC4,blue,dend[1179],0.809089419
5813061197,176036013,1,123.168,167.064,226.992,1,2307027729,2307027729,0,25,LC4,LC4,blue,dend[163],1
5813061197,175726007,1,109.632,163.568,225.504,0.449435,2307027729,2307027729,0,25,LC4,LC4,blue,dend[179],1
5813061197,178367074,1,108.32,172.752,234.12,0.999885,2307027729,2307027729,0,25,LC4,LC4,blue,dend[204],0.569036178
5813061197,175552946,1,115.256,162.832,225.68,0.999704,2307027729,2307027729,0,25,LC4,LC4,blue,dend[988],0.512835225
5813061197,176328855,1,95.04,161.28,227.6,0.808041,2307027729,2307027729,0,25,LC4,LC4,blue,dend[304],0.800590437
5813069053,176798878,1,117.064,168.072,228.776,0.997564,2307027729,2307027729,0,32,LC4,LC4,blue,dend[369],0.467894717
5813069053,173107599,1,126.288,164.704,218.176,0.998942,2307027729,2307027729,0,32,LC4,LC4,blue,dend[159],0.489048826
5813069053,177006320,1,116.752,168.272,229.824,0.617088,2307027729,2307027729,0,32,LC4,LC4,blue,dend[379],0.780028434
5813069053,177533053,1,109.504,166.76,231.536,0.75535,2307027729,2307027729,0,32,LC4,LC4,blue,dend[345],1
5813069053,174809917,1,123.128,164.488,223.024,0.998162,2307027729,2307027729,0,32,LC4,LC4,blue,dend[995],0.655172514
5813069053,177096954,1,118.448,167.6,230.16,0.999182,2307027729,2307027729,0,32,LC4,LC4,blue,dend[369],0.252700049
5813069053,177538492,1,99.768,165.2,231.432,0.99999,2307027729,2307027729,0,32,LC4,LC4,blue,dend[233],0.286961821
5813069053,174106995,1,120.376,167.008,221,0.88,2307027729,2307027729,0,32,LC4,LC4,blue,dend[1174],0.718851401
5813069053,177094345,1,108.136,165.056,230.488,0.999408,2307027729,2307027729,0,32,LC4,LC4,blue,dend[176],1
5813069053,175699791,1,114.36,164.256,225.952,0.747615,2307027729,2307027729,0,32,LC4,LC4,blue,dend[989],0.540585074
5813069053,174111718,1,120.432,167.296,221.088,0.999896,2307027729,2307027729,0,32,LC4,LC4,blue,dend[1174],0.786258371
5813069053,176597615,1,117.056,167.936,228.64,0.997344,2307027729,2307027729,0,32,LC4,LC4,blue,dend[369],0.465766307
5813069053,172664435,1,124.6,163.496,216.672,0.860727,2307027729,2307027729,0,32,LC4,LC4,blue,dend[1189],1
5813069053,174736815,1,122.92,171.208,223.264,0.999982,2307027729,2307027729,0,32,LC4,LC4,blue,dend[1144],0.86386018
5813069053,174782103,1,123.384,164.952,222.752,0.997924,2307027729,2307027729,0,32,LC4,LC4,blue,dend[995],0.604489535
5813069053,174007867,1,118.144,164.16,220.92,0.343779,2307027729,2307027729,0,32,LC4,LC4,blue,dend[1002],0.300085173
5813069053,172052673,1,114.664,149.608,215.04,0.999935,2307027729,2307027729,0,32,LC4,LC4,blue,dend[1022],0.648812363
5813069053,173766480,1,117.36,164.312,220.184,0.972342,2307027729,2307027729,0,32,LC4,LC4,blue,dend[1002],0.75608994
5813069053,171711917,1,115.024,149.136,214.448,0.985092,2307027729,2307027729,0,32,LC4,LC4,blue,dend[1022],0.823172973
5813069053,177324188,1,109.408,166.328,231.24,0.712366,2307027729,2307027729,0,32,LC4,LC4,blue,dend[345],0.88382131
5813069053,175879626,1,118.632,168.28,226.752,0.853076,2307027729,2307027729,0,32,LC4,LC4,blue,dend[371],0.596796814
5813069053,177505533,1,99.456,165.768,231.432,0.999955,2307027729,2307027729,0,32,LC4,LC4,blue,dend[233],0.49646672
5813069053,177122901,1,118.656,167.976,230.296,0.923209,2307027729,2307027729,0,32,LC4,LC4,blue,dend[369],0.24471772
5813069053,177627424,1,97,163.176,232.128,0.986197,2307027729,2307027729,0,32,LC4,LC4,blue,dend[328],0.53681582
5813069053,174058356,1,118.248,164.216,220.904,0.998,2307027729,2307027729,0,32,LC4,LC4,blue,dend[1002],0.275855524
5813069053,176121291,1,115.264,165.424,226.872,0.99854,2307027729,2307027729,0,32,LC4,LC4,blue,dend[983],1
5813069053,177474724,1,109.608,166.456,231.168,0.92106,2307027729,2307027729,0,32,LC4,LC4,blue,dend[345],0.894692273
5813069053,175189550,1,118.192,171.352,224.248,0.420499,2307027729,2307027729,0,32,LC4,LC4,blue,dend[375],0.800227234
5813069053,175385039,1,118.616,171.448,224.48,0.974507,2307027729,2307027729,0,32,LC4,LC4,blue,dend[373],0.991559909
5813069053,173989889,1,122.392,168.088,221.032,0.990157,2307027729,2307027729,0,32,LC4,LC4,blue,dend[1178],0.578885355
5813069053,176071133,1,114.568,165.776,226.696,0.614123,2307027729,2307027729,0,32,LC4,LC4,blue,dend[984],0.307012328
5813069053,174950224,1,123.168,164.992,223.592,0.998054,2307027729,2307027729,0,32,LC4,LC4,blue,dend[995],0.530929957
5813069377,176731116,1,117.336,167.736,228.776,0.998832,2307027729,2307027729,0,28,LC4,LC4,blue,dend[369],0.421014729
5813069377,177871654,1,93.632,156.696,232.464,0.979017,2307027729,2307027729,0,28,LC4,LC4,blue,dend[324],0.522570989
5813069377,174258040,1,105.104,147.952,221.12,0.535,2307027729,2307027729,0,28,LC4,LC4,blue,dend[1045],1
5813069377,177166844,1,117.496,171.096,230.552,0.940018,2307027729,2307027729,0,28,LC4,LC4,blue,dend[384],0.825641097
5813069377,173866477,1,120.928,161.36,220.64,0.856779,2307027729,2307027729,0,28,LC4,LC4,blue,dend[1138],0.55010657
5813069377,177208487,1,115.76,174.048,230.368,0.702234,2307027729,2307027729,0,28,LC4,LC4,blue,dend[385],0.847821405
5813069377,177695633,1,93.96,156.576,232.288,0.950592,2307027729,2307027729,0,28,LC4,LC4,blue,dend[322],0.960064303
5813069377,174410405,1,107.008,149.104,221.96,0.715047,2307027729,2307027729,0,28,LC4,LC4,blue,dend[1043],1
5813069377,177322891,1,97.232,155.256,230.832,0.72,2307027729,2307027729,0,28,LC4,LC4,blue,dend[297],0.859992871
5813069377,174734422,1,121.832,163.392,222.912,0.945072,2307027729,2307027729,0,28,LC4,LC4,blue,dend[996],0.260687554
5813069377,177110517,1,102.88,162,230.48,0.999239,2307027729,2307027729,0,28,LC4,LC4,blue,dend[336],1
5813069377,176835496,1,118.656,167.52,229.152,0.974233,2307027729,2307027729,0,28,LC4,LC4,blue,dend[369],0.253783019
5813069377,176586801,1,117.144,168.16,228.776,0.989905,2307027729,2307027729,0,28,LC4,LC4,blue,dend[369],0.463450308
5813069377,177216811,1,102.352,162.12,230.352,0.988836,2307027729,2307027729,0,28,LC4,LC4,blue,dend[336],0.924794207
5813069377,177253343,1,96.896,155.024,230.968,0.985141,2307027729,2307027729,0,28,LC4,LC4,blue,dend[297],0.895940182
5813069377,174916633,1,122.288,164.848,223.224,0.989368,2307027729,2307027729,0,28,LC4,LC4,blue,dend[995],0.677746532
5813069377,175687662,1,124.032,168.456,226.008,0.999976,2307027729,2307027729,0,28,LC4,LC4,blue,dend[163],1
5813069377,175649537,1,105.528,158.128,225.952,0.397457,2307027729,2307027729,0,28,LC4,LC4,blue,dend[354],1
5813069377,177317805,1,116.56,174.792,230.552,0.999615,2307027729,2307027729,0,28,LC4,LC4,blue,dend[397],1
5813069377,173980657,1,121.152,160.744,220.4,0.99416,2307027729,2307027729,0,28,LC4,LC4,blue,dend[1138],0.771944136
5813069377,173983962,1,120.84,161.44,220.72,0.995328,2307027729,2307027729,0,28,LC4,LC4,blue,dend[1138],0.505622614
5813069377,174916630,1,121.872,164.56,223.144,0.95217,2307027729,2307027729,0,28,LC4,LC4,blue,dend[995],0.762526576
5813069377,175021574,1,122.784,165.192,223.688,0.700643,2307027729,2307027729,0,28,LC4,LC4,blue,dend[995],0.536636376
5813069377,174072130,1,114.952,165.288,221.016,0.974223,2307027729,2307027729,0,28,LC4,LC4,blue,dend[1135],0.754777591
5813069377,173866470,1,120.952,161.048,220.552,0.999663,2307027729,2307027729,0,28,LC4,LC4,blue,dend[1138],0.642441817
5813069377,174224030,1,118.704,160.128,221.48,0.768458,2307027729,2307027729,0,28,LC4,LC4,blue,dend[1137],1
5813069377,175748525,1,124.056,167.12,225.776,0.999,2307027729,2307027729,0,28,LC4,LC4,blue,dend[163],1
5813069377,177072342,1,116.24,174.592,230.296,0.999176,2307027729,2307027729,0,28,LC4,LC4,blue,dend[385],0.840071656
5813075607,176350592,1,119.056,171.016,227.928,0.757844,2307027729,2307027729,0,47,LC4,LC4,blue,dend[371],0.748615585
5813075607,177010755,1,97.112,161.64,229.704,0.987649,2307027729,2307027729,0,47,LC4,LC4,blue,dend[303],0.239702242
5813075607,175092437,1,125.264,165.888,223.816,0.937707,2307027729,2307027729,0,47,LC4,LC4,blue,dend[163],0.618900834
5813075607,173408518,1,121.736,166.96,219.104,0.972755,2307027729,2307027729,0,47,LC4,LC4,blue,dend[1150],0.586179409
5813075607,178959091,1,115.424,170.784,236.224,0.857755,2307027729,2307027729,0,47,LC4,LC4,blue,dend[408],0.932156108
5813075607,173163465,1,109.712,155.088,218.456,0.99068,2307027729,2307027729,0,47,LC4,LC4,blue,dend[1052],1
5813075607,176051949,1,101.472,155.464,226.944,0.995,2307027729,2307027729,0,47,LC4,LC4,blue,dend[185],0.632241267
5813075607,178176899,1,117.824,171.432,233.864,0.999996,2307027729,2307027729,0,47,LC4,LC4,blue,dend[402],0.425140421
5813075607,173769915,1,123.448,171.24,220.096,0.993875,2307027729,2307027729,0,47,LC4,LC4,blue,dend[1179],1
5813075607,177767463,1,96.696,162.848,232.768,0.995463,2307027729,2307027729,0,47,LC4,LC4,blue,dend[328],0.806458061
5813075607,177050578,1,104.376,157.232,230.184,0.45889056,2307027729,2307027729,0,47,LC4,LC4,blue,dend[192],0.65586232
5813075607,174916682,1,124.84,168.656,223.272,0.761,2307027729,2307027729,0,47,LC4,LC4,blue,dend[1146],0.806368499
5813075607,175850084,1,101.056,154.056,226.168,0.95039,2307027729,2307027729,0,47,LC4,LC4,blue,dend[185],0.795030958
5813075607,173616371,1,116.896,164.712,219.432,0.886677,2307027729,2307027729,0,47,LC4,LC4,blue,dend[1003],0.692788898
5813075607,178922730,1,116.04,171.216,236.272,0.889687,2307027729,2307027729,0,47,LC4,LC4,blue,dend[408],0.799608019
5813075607,175132623,1,99.656,152.12,224.28,0.876594,2307027729,2307027729,0,47,LC4,LC4,blue,dend[187],0.591767845
5813075607,178969555,1,116.344,171.168,236.2,0.56789,2307027729,2307027729,0,47,LC4,LC4,blue,dend[408],0.776223016
5813075607,173418092,1,123.232,169.016,219.064,0.631924,2307027729,2307027729,0,47,LC4,LC4,blue,dend[1185],0.144854389
5813075607,177282443,1,95.92,161.632,230.768,0.948745,2307027729,2307027729,0,47,LC4,LC4,blue,dend[319],0.596892079
5813075607,173286473,1,121.4,167.304,218.752,0.99976,2307027729,2307027729,0,47,LC4,LC4,blue,dend[1150],1
5813075607,178764835,1,117.376,172.344,235.92,0.99992,2307027729,2307027729,0,47,LC4,LC4,blue,dend[405],0.624138183
5813075607,176287223,1,102.08,156.88,227.304,0.999357,2307027729,2307027729,0,47,LC4,LC4,blue,dend[185],0.47681626
5813075607,173766594,1,123.776,170.936,219.944,0.46776617,2307027729,2307027729,0,47,LC4,LC4,blue,dend[1179],0.969501065
5813075607,176866490,1,117.584,170.552,229.584,0.850409,2307027729,2307027729,0,47,LC4,LC4,blue,dend[379],0.671060102
5813075607,178176165,1,118.128,171.376,233.272,0.999999,2307027729,2307027729,0,47,LC4,LC4,blue,dend[402],0.002957638
5813075607,178493107,1,97.904,162.68,234.936,0.966649,2307027729,2307027729,0,47,LC4,LC4,blue,dend[241],0.814781091
5813075607,173310673,1,110.304,155.568,219.056,0.835594,2307027729,2307027729,0,47,LC4,LC4,blue,dend[1052],0.340255587
5813075607,175021592,1,125.96,167.104,223.792,1,2307027729,2307027729,0,47,LC4,LC4,blue,dend[163],0.534734175
5813075607,175629012,1,100.112,153.52,225.52,0.987256,2307027729,2307027729,0,47,LC4,LC4,blue,dend[185],0.925377847
5813075607,173152820,1,111.416,156.12,218.16,0.96559,2307027729,2307027729,0,47,LC4,LC4,blue,dend[1053],0.925801784
5813075607,178371891,1,97.712,163.256,234.512,0.939105,2307027729,2307027729,0,47,LC4,LC4,blue,dend[241],0.385120821
5813075607,177301608,1,94.784,162.192,230.832,0.899085,2307027729,2307027729,0,47,LC4,LC4,blue,dend[327],1
5813075607,175085867,1,125.976,166.976,223.96,0.987,2307027729,2307027729,0,47,LC4,LC4,blue,dend[163],0.555538854
5813075607,175802561,1,100.92,153.928,225.92,0.974,2307027729,2307027729,0,47,LC4,LC4,blue,dend[185],0.824917449
5813075607,175835768,1,100.856,154.208,225.808,0.998108,2307027729,2307027729,0,47,LC4,LC4,blue,dend[185],0.815146865
5813075607,176450502,1,102.32,158.176,228.056,0.904199,2307027729,2307027729,0,47,LC4,LC4,blue,dend[185],0.334417322
5813075607,172810369,1,114.816,160.304,217.232,0.89503,2307027729,2307027729,0,47,LC4,LC4,blue,dend[1056],0.670563135
5813075607,176098543,1,101.48,155.496,226.952,0.769647,2307027729,2307027729,0,47,LC4,LC4,blue,dend[185],0.629108712
5813075607,173849712,1,123.008,171.304,220.112,0.99999,2307027729,2307027729,0,47,LC4,LC4,blue,dend[1181],0.438388986
5813075607,175085869,1,125.872,167.352,223.824,0.998,2307027729,2307027729,0,47,LC4,LC4,blue,dend[163],0.557946058
5813075607,176070414,1,101.712,156.056,227.032,0.991354,2307027729,2307027729,0,47,LC4,LC4,blue,dend[185],0.571249951
5813075607,176064062,1,101.296,154.888,226.464,0.929351,2307027729,2307027729,0,47,LC4,LC4,blue,dend[185],0.707187725
5813075607,177154602,1,117.608,171.08,230.432,0.68552,2307027729,2307027729,0,47,LC4,LC4,blue,dend[384],0.734427202
5813075607,172391831,1,114.864,151.208,216.232,0.700819,2307027729,2307027729,0,47,LC4,LC4,blue,dend[1022],0.174143134
5813075607,172898254,1,113.912,159.752,217.384,0.99998,2307027729,2307027729,0,47,LC4,LC4,blue,dend[1056],0.836632854
5813075607,173870471,1,120.672,166.448,220.208,0.94595,2307027729,2307027729,0,47,LC4,LC4,blue,dend[1174],0.470487829
5813075607,178063906,1,96.584,162.536,233.136,0.877469,2307027729,2307027729,0,47,LC4,LC4,blue,dend[328],0.952057093
5901215446,177683116,1,87.368,163.328,232.064,0.976066,2307027729,2307027729,0,41,LC4,LC4,blue,dend[291],0.776056216
5901215446,176559785,1,96.56,160.64,228.832,0.897157,2307027729,2307027729,0,41,LC4,LC4,blue,dend[317],0.633507783
5901215446,175189313,1,99.76,152.816,224.352,0.872529,2307027729,2307027729,0,41,LC4,LC4,blue,dend[187],0.290210992
5901215446,175035592,1,122.824,165.216,223.704,0.4519728,2307027729,2307027729,0,41,LC4,LC4,blue,dend[995],0.528013099
5901215446,175925613,1,115.376,164.096,226.424,0.989956,2307027729,2307027729,0,41,LC4,LC4,blue,dend[988],0.004090857
5901215446,177472869,1,99.608,162.64,231.552,0.996834,2307027729,2307027729,0,41,LC4,LC4,blue,dend[296],0.710596635
5901215446,175588934,1,119.48,171.112,225.664,0.882,2307027729,2307027729,0,41,LC4,LC4,blue,dend[373],0.763177922
5901215446,175709007,1,118.536,165.544,225.904,0.763001,2307027729,2307027729,0,41,LC4,LC4,blue,dend[983],0.569393024
5901215446,177599084,1,100.016,162.92,232.208,0.99718,2307027729,2307027729,0,41,LC4,LC4,blue,dend[330],0.521548913
5901215446,177410274,1,87.08,162.576,231.392,0.998767,2307027729,2307027729,0,41,LC4,LC4,blue,dend[291],0.927363865
5901215446,176819333,1,112.4,163.704,229.472,0.998192,2307027729,2307027729,0,41,LC4,LC4,blue,dend[168],1
5901215446,176007568,1,118.904,168.2,227.016,0.98788,2307027729,2307027729,0,41,LC4,LC4,blue,dend[371],0.524166815
5901215446,175284480,1,99.648,152.304,224.304,0.999984,2307027729,2307027729,0,41,LC4,LC4,blue,dend[187],0.516505111
5901215446,176597520,1,96.44,160.472,228.656,0.908009,2307027729,2307027729,0,41,LC4,LC4,blue,dend[317],0.807757336
5901215446,175540802,1,118.576,165.048,225.48,0.993536,2307027729,2307027729,0,41,LC4,LC4,blue,dend[1142],1
5901215446,177221642,1,99.08,162.776,230.896,0.939602,2307027729,2307027729,0,41,LC4,LC4,blue,dend[296],0.837704488
5901215446,174717788,1,118.224,164.992,223.096,0.999886,2307027729,2307027729,0,41,LC4,LC4,blue,dend[1005],1
5901215446,177484210,1,99.288,162.256,231.608,0.867652,2307027729,2307027729,0,41,LC4,LC4,blue,dend[296],0.900534505
5901215446,171907569,1,121.712,165.376,215.056,0.728718,2307027729,2307027729,0,41,LC4,LC4,blue,dend[1194],0.627532738
5901215446,171827539,1,121.744,165.016,214.456,0.751,2307027729,2307027729,0,41,LC4,LC4,blue,dend[1194],0.012751628
5901215446,176921492,1,112.984,163.792,229.52,0.999996,2307027729,2307027729,0,41,LC4,LC4,blue,dend[166],0.876024201
5901215446,175508269,1,100.008,153.32,225.248,0.998996,2307027729,2307027729,0,41,LC4,LC4,blue,dend[185],0.959355858
5901215446,172827126,1,123.664,165.864,217.24,0.45935273,2307027729,2307027729,0,41,LC4,LC4,blue,dend[1188],0.363285134
5901215446,176761844,1,112.624,164.984,229.368,0.93807,2307027729,2307027729,0,41,LC4,LC4,blue,dend[363],0.355590518
5901215446,172644052,1,123.032,165.992,216.736,0.918304,2307027729,2307027729,0,41,LC4,LC4,blue,dend[1188],0.998817247
5901215446,175404559,1,118.216,164,224.832,0.937832,2307027729,2307027729,0,41,LC4,LC4,blue,dend[1142],1
5901215446,173612418,1,126.736,165.096,219.656,1,2307027729,2307027729,0,41,LC4,LC4,blue,dend[159],0.979648083
5901215446,172125898,1,118.88,161.48,215.784,0.45665094,2307027729,2307027729,0,41,LC4,LC4,blue,dend[1171],1
5901215446,171716829,1,121.904,165,214.52,0.605383,2307027729,2307027729,0,41,LC4,LC4,blue,dend[1194],0.015837837
5901215446,174640160,1,118.48,164.816,222.464,0.859,2307027729,2307027729,0,41,LC4,LC4,blue,dend[1005],0.586869446
5901215446,172854464,1,123.968,165.608,217.472,0.981,2307027729,2307027729,0,41,LC4,LC4,blue,dend[1186],1
5901215446,175586527,1,100.8,153.752,225.728,0.72687,2307027729,2307027729,0,41,LC4,LC4,blue,dend[185],0.854347007
5901215446,176875464,1,97.088,161.768,229.608,0.996242,2307027729,2307027729,0,41,LC4,LC4,blue,dend[302],0.950894519
5901215446,177189207,1,112.584,164.976,230.16,0.995235,2307027729,2307027729,0,41,LC4,LC4,blue,dend[364],0.469073257
5901215446,172198661,1,114.512,150.024,215.64,0.804383,2307027729,2307027729,0,41,LC4,LC4,blue,dend[1022],0.481347192
5901215446,171905472,1,121.736,165.352,214.728,0.999141,2307027729,2307027729,0,41,LC4,LC4,blue,dend[1194],0.310823044
5901215446,175632060,1,100.608,153.704,225.616,0.99863,2307027729,2307027729,0,41,LC4,LC4,blue,dend[185],0.87565419
5901215446,173534915,1,126.632,165.304,219.096,0.999,2307027729,2307027729,0,41,LC4,LC4,blue,dend[159],0.796287756
5901215446,174642195,1,118.416,164.856,222.528,0.99753,2307027729,2307027729,0,41,LC4,LC4,blue,dend[1005],0.642735289
5901215446,175703393,1,99.576,153.048,225.48,0.855,2307027729,2307027729,0,41,LC4,LC4,blue,dend[186],1
5901215446,178447416,1,102.408,162.632,234.76,0.889716,2307027729,2307027729,0,41,LC4,LC4,blue,dend[335],0.791587479
