0.00000 -60.13330 0.74430
0.05000 -60.17448 0.74652
0.10000 -60.17559 0.74563
0.15000 -60.17140 0.74377
0.20000 -60.17017 0.74411
0.25000 -60.17333 0.74569
0.30000 -60.16988 0.74714
0.35000 -60.16935 0.74705
0.40000 -60.17009 0.74640
0.45000 -60.16959 0.74789
0.50000 -60.16910 0.74561
0.55000 -60.17251 0.74841
0.60000 -60.17329 0.74775
0.65000 -60.17264 0.74476
0.70000 -60.17296 0.74303
0.75000 -60.17066 0.74929
0.80000 -60.16996 0.74982
0.85000 -60.16688 0.74714
0.90000 -60.16951 0.74983
0.95000 -60.17362 0.74686
1.00000 -60.17255 0.74865
1.05000 -60.16803 0.75055
1.10000 -60.16844 0.74628
1.15000 -60.17033 0.74970
1.20000 -60.16861 0.74990
1.25000 -60.16984 0.75176
1.30000 -60.16795 0.74847
1.35000 -60.16647 0.74824
1.40000 -60.16824 0.74775
1.45000 -60.16499 0.74821
1.50000 -60.16495 0.74887
1.55000 -60.16380 0.74885
1.60000 -60.16532 0.75100
1.65000 -60.16314 0.75149
1.70000 -60.16347 0.75036
1.75000 -60.16178 0.74757
1.80000 -60.16256 0.75298
1.85000 -60.16594 0.75299
1.90000 -60.16614 0.75274
1.95000 -60.16511 0.75151
2.00000 -60.15993 0.74931
2.05000 -60.16240 0.74718
2.10000 -60.16454 0.75108
2.15000 -60.16733 0.75043
2.20000 -60.16413 0.74799
2.25000 -60.16791 0.74881
2.30000 -60.16446 0.74626
2.35000 -60.16232 0.74668
2.40000 -60.16080 0.74707
2.45000 -60.15989 0.74659
2.50000 -60.15928 0.74846
2.55000 -60.16145 0.74635
2.60000 -60.16409 0.75007
2.65000 -60.16433 0.75128
2.70000 -60.16367 0.74767
2.75000 -60.16141 0.74795
2.80000 -60.16240 0.74754
2.85000 -60.16367 0.74627
2.90000 -60.16010 0.74900
2.95000 -60.16034 0.75018
3.00000 -60.16067 0.74890
3.05000 -60.16088 0.74957
3.10000 -60.16002 0.74756
3.15000 -60.16034 0.74622
3.20000 -60.16178 0.74806
3.25000 -60.16359 0.74798
3.30000 -60.16392 0.74581
3.35000 -60.16088 0.74701
3.40000 -60.16034 0.74923
3.45000 -60.15973 0.74819
3.50000 -60.15919 0.75074
3.55000 -60.15722 0.74785
3.60000 -60.16088 0.74941
3.65000 -60.15887 0.74959
3.70000 -60.15882 0.74891
3.75000 -60.15693 0.75102
3.80000 -60.15792 0.75185
3.85000 -60.16071 0.75019
3.90000 -60.15944 0.75090
3.95000 -60.15952 0.75109
4.00000 -60.15554 0.75014
4.05000 -60.15665 0.75009
4.10000 -60.15681 0.74939
4.15000 -60.15702 0.75021
4.20000 -60.15689 0.75272
4.25000 -60.15463 0.75318
4.30000 -60.15410 0.75234
4.35000 -60.15722 0.75328
4.40000 -60.15644 0.75287
4.45000 -60.15488 0.75219
4.50000 -60.15364 0.75296
4.55000 -60.15800 0.75566
4.60000 -60.15549 0.75672
4.65000 -60.15430 0.75287
4.70000 -60.15652 0.75175
4.75000 -60.15521 0.75313
4.80000 -60.15180 0.75350
4.85000 -60.15151 0.75209
4.90000 -60.15430 0.75183
4.95000 -60.15525 0.75754
5.00000 -60.15825 0.75363
5.05000 -60.15426 0.75355
5.10000 -60.15443 0.75406
5.15000 -60.15591 0.75544
5.20000 -60.15554 0.75844
5.25000 -60.15660 0.75553
5.30000 -60.15558 0.75522
5.35000 -60.15734 0.75231
5.40000 -60.15706 0.75218
5.45000 -60.15574 0.75184
5.50000 -60.15554 0.75514
5.55000 -60.15607 0.75524
5.60000 -60.15418 0.75510
5.65000 -60.15282 0.75583
5.70000 -60.15693 0.75546
5.75000 -60.15796 0.75565
5.80000 -60.15755 0.75972
5.85000 -60.15845 0.75334
5.90000 -60.15521 0.75009
5.95000 -60.15669 0.75482
6.00000 -60.15924 0.75693
6.05000 -60.15948 0.75359
6.10000 -60.16113 0.75417
6.15000 -60.15878 0.75220
6.20000 -60.15878 0.75339
6.25000 -60.15599 0.75563
6.30000 -60.15804 0.75509
6.35000 -60.15566 0.75900
6.40000 -60.16006 0.75681
6.45000 -60.15722 0.75378
6.50000 -60.15603 0.75487
6.55000 -60.15845 0.75512
6.60000 -60.15418 0.75600
6.65000 -60.15500 0.75917
6.70000 -60.15492 0.75737
6.75000 -60.15422 0.75868
6.80000 -60.15545 0.75742
6.85000 -60.15282 0.75506
6.90000 -60.15393 0.75726
6.95000 -60.15681 0.75719
7.00000 -60.15911 0.75365
7.05000 -60.15529 0.75608
7.10000 -60.15628 0.75790
7.15000 -60.15607 0.75696
7.20000 -60.15615 0.75574
7.25000 -60.15734 0.75678
7.30000 -60.15397 0.75531
7.35000 -60.15603 0.75328
7.40000 -60.15997 0.75707
7.45000 -60.15718 0.75534
7.50000 -60.15759 0.75581
7.55000 -60.15878 0.75425
7.60000 -60.15599 0.75738
7.65000 -60.15660 0.75807
7.70000 -60.15389 0.75466
7.75000 -60.15636 0.75677
7.80000 -60.15681 0.75399
7.85000 -60.15360 0.75357
7.90000 -60.15878 0.75734
7.95000 -60.15845 0.75594
8.00000 -60.15804 0.75444
8.05000 -60.15924 0.75652
8.10000 -60.15656 0.75970
8.15000 -60.15759 0.75587
8.20000 -60.16088 0.75879
8.25000 -60.15665 0.75564
8.30000 -60.15685 0.75147
8.35000 -60.15640 0.75448
8.40000 -60.15603 0.75404
8.45000 -60.15771 0.75474
8.50000 -60.15401 0.75307
8.55000 -60.15603 0.75615
8.60000 -60.15726 0.75783
8.65000 -60.15554 0.75639
8.70000 -60.15385 0.75635
8.75000 -60.15582 0.75335
8.80000 -60.15718 0.75768
8.85000 -60.15554 0.75264
8.90000 -60.15952 0.75405
8.95000 -60.15952 0.75488
9.00000 -60.15989 0.75523
9.05000 -60.15862 0.75519
9.10000 -60.15821 0.75382
9.15000 -60.16174 0.75230
9.20000 -60.16084 0.75324
9.25000 -60.16084 0.75446
9.30000 -60.16010 0.75347
9.35000 -60.16141 0.75442
9.40000 -60.16084 0.75375
9.45000 -60.16388 0.75807
9.50000 -60.16429 0.75769
9.55000 -60.16076 0.75561
9.60000 -60.15829 0.75672
9.65000 -60.16191 0.75697
9.70000 -60.16121 0.75522
9.75000 -60.16269 0.75911
9.80000 -60.16339 0.75818
9.85000 -60.16178 0.75746
9.90000 -60.16051 0.75659
9.95000 -60.16219 0.75613
10.00000 -60.16174 0.75680
10.05000 -60.16367 0.75754
10.10000 -60.16322 0.75799
10.15000 -60.16433 0.75830
10.20000 -60.16573 0.75951
10.25000 -60.16630 0.75671
10.30000 -60.16285 0.75746
10.35000 -60.16113 0.75494
10.40000 -60.16277 0.75626
10.45000 -60.16224 0.75577
10.50000 -60.16380 0.75634
10.55000 -60.16125 0.75347
10.60000 -60.15977 0.75542
10.65000 -60.16224 0.75554
10.70000 -60.16129 0.75491
10.75000 -60.15545 0.75752
10.80000 -60.15940 0.75837
10.85000 -60.15591 0.75862
10.90000 -60.15928 0.75497
10.95000 -60.15759 0.75545
11.00000 -60.15475 0.75710
11.05000 -60.15426 0.75484
11.10000 -60.15566 0.75731
11.15000 -60.15525 0.75849
11.20000 -60.15537 0.76114
11.25000 -60.15389 0.75839
11.30000 -60.15438 0.76002
11.35000 -60.15217 0.75894
11.40000 -60.15406 0.76016
11.45000 -60.15455 0.76012
11.50000 -60.15463 0.75949
11.55000 -60.15443 0.76064
11.60000 -60.15463 0.76245
11.65000 -60.15303 0.76227
11.70000 -60.15426 0.76017
11.75000 -60.15619 0.76078
11.80000 -60.15414 0.76378
11.85000 -60.15673 0.76196
11.90000 -60.15422 0.76179
11.95000 -60.15447 0.76248
12.00000 -60.15332 0.76011
12.05000 -60.15586 0.75919
12.10000 -60.15517 0.76136
12.15000 -60.15418 0.76120
12.20000 -60.15623 0.76444
12.25000 -60.15414 0.76177
12.30000 -60.15323 0.75875
12.35000 -60.15660 0.75969
12.40000 -60.15549 0.76256
12.45000 -60.15340 0.76476
12.50000 -60.15430 0.76285
12.55000 -60.15241 0.76277
12.60000 -60.15385 0.76336
12.65000 -60.15393 0.76123
12.70000 -60.15496 0.76061
12.75000 -60.15184 0.75921
12.80000 -60.15114 0.76149
12.85000 -60.15360 0.75862
12.90000 -60.15274 0.75574
12.95000 -60.15274 0.75818
13.00000 -60.15438 0.75734
13.05000 -60.15443 0.75972
13.10000 -60.15299 0.76003
13.15000 -60.15077 0.75859
13.20000 -60.14966 0.76207
13.25000 -60.15122 0.76149
13.30000 -60.15027 0.76113
13.35000 -60.15217 0.75875
13.40000 -60.15665 0.76030
13.45000 -60.15311 0.75924
13.50000 -60.15299 0.76107
13.55000 -60.15689 0.76056
13.60000 -60.15397 0.76066
13.65000 -60.15291 0.76187
13.70000 -60.15529 0.76086
13.75000 -60.15286 0.76269
13.80000 -60.15406 0.76174
13.85000 -60.15171 0.75822
13.90000 -60.15196 0.75968
13.95000 -60.15364 0.75983
14.00000 -60.15196 0.75697
14.05000 -60.14916 0.75505
14.10000 -60.15110 0.75701
14.15000 -60.15229 0.75228
14.20000 -60.15241 0.75338
14.25000 -60.15212 0.75179
14.30000 -60.15628 0.75101
14.35000 -60.15340 0.75159
14.40000 -60.15060 0.75302
14.45000 -60.14838 0.75470
14.50000 -60.15110 0.75515
14.55000 -60.14826 0.75093
14.60000 -60.15122 0.75453
14.65000 -60.14900 0.75126
14.70000 -60.15319 0.75334
14.75000 -60.14896 0.75843
14.80000 -60.15027 0.75703
14.85000 -60.15196 0.75698
14.90000 -60.15151 0.75661
14.95000 -60.15114 0.76047
15.00000 -60.15167 0.75796
15.05000 -60.15237 0.75920
15.10000 -60.14871 0.76157
15.15000 -60.15233 0.75934
15.20000 -60.15106 0.75792
15.25000 -60.15286 0.75836
15.30000 -60.15019 0.75740
15.35000 -60.15052 0.75884
15.40000 -60.15443 0.75782
15.45000 -60.15373 0.75695
15.50000 -60.15270 0.75526
15.55000 -60.15295 0.76029
15.60000 -60.15377 0.75628
15.65000 -60.15204 0.75591
15.70000 -60.15258 0.75515
15.75000 -60.15340 0.75294
15.80000 -60.15237 0.75334
15.85000 -60.15282 0.75561
15.90000 -60.15056 0.75292
15.95000 -60.15295 0.75671
16.00000 -60.15032 0.75585
16.05000 -60.15295 0.75548
16.10000 -60.15315 0.75569
16.15000 -60.15163 0.75296
16.20000 -60.15327 0.75466
16.25000 -60.15364 0.75473
16.30000 -60.15895 0.75916
16.35000 -60.15064 0.75737
16.40000 -60.15291 0.75862
16.45000 -60.15122 0.75667
16.50000 -60.15262 0.75426
16.55000 -60.15480 0.75303
16.60000 -60.15118 0.75305
16.65000 -60.15118 0.75317
16.70000 -60.15443 0.75351
16.75000 -60.14600 0.75399
16.80000 -60.15019 0.75500
16.85000 -60.15262 0.75487
16.90000 -60.15352 0.75438
16.95000 -60.15430 0.75609
17.00000 -60.15089 0.75195
17.05000 -60.15307 0.75032
17.10000 -60.15151 0.75194
17.15000 -60.15015 0.75088
17.20000 -60.15344 0.75303
17.25000 -60.15360 0.75421
17.30000 -60.15282 0.75093
17.35000 -60.15393 0.75296
17.40000 -60.15570 0.75214
17.45000 -60.15167 0.75034
17.50000 -60.15512 0.74906
17.55000 -60.15393 0.75157
17.60000 -60.15475 0.75153
17.65000 -60.15299 0.75566
17.70000 -60.15101 0.75559
17.75000 -60.15241 0.75451
17.80000 -60.15221 0.75559
17.85000 -60.15603 0.75318
17.90000 -60.15595 0.75581
17.95000 -60.15693 0.75105
18.00000 -60.15517 0.75383
18.05000 -60.15492 0.75453
18.10000 -60.15258 0.75433
18.15000 -60.15549 0.75324
18.20000 -60.15689 0.75199
18.25000 -60.15656 0.75122
18.30000 -60.15422 0.75350
18.35000 -60.15677 0.75312
18.40000 -60.15813 0.75460
18.45000 -60.15656 0.75334
18.50000 -60.15804 0.75243
18.55000 -60.15455 0.75514
18.60000 -60.15208 0.75098
18.65000 -60.15282 0.75497
18.70000 -60.15455 0.75346
18.75000 -60.15134 0.75262
18.80000 -60.15862 0.75254
18.85000 -60.15697 0.75319
18.90000 -60.15665 0.75266
18.95000 -60.15418 0.75294
19.00000 -60.15397 0.75361
19.05000 -60.15521 0.75253
19.10000 -60.15578 0.75074
19.15000 -60.15734 0.75199
19.20000 -60.15702 0.75139
19.25000 -60.15348 0.75197
19.30000 -60.15443 0.74974
19.35000 -60.15640 0.75314
19.40000 -60.15887 0.75013
19.45000 -60.16010 0.74723
19.50000 -60.16080 0.74947
19.55000 -60.15948 0.74773
19.60000 -60.15508 0.75311
19.65000 -60.15714 0.75187
19.70000 -60.15599 0.75147
19.75000 -60.15656 0.75223
19.80000 -60.15344 0.75164
19.85000 -60.15607 0.74881
19.90000 -60.15393 0.75330
19.95000 -60.15496 0.75099
20.00000 -60.15077 0.74859
20.05000 -60.15274 0.74907
20.10000 -60.15192 0.74917
20.15000 -60.15175 0.74855
20.20000 -60.15196 0.75232
20.25000 -60.15430 0.75000
20.30000 -60.15364 0.74843
20.35000 -60.15352 0.75158
20.40000 -60.15475 0.75133
20.45000 -60.15529 0.75221
20.50000 -60.15434 0.75177
20.55000 -60.15422 0.75078
20.60000 -60.15632 0.74820
20.65000 -60.15615 0.74787
20.70000 -60.15180 0.74648
20.75000 -60.15200 0.74910
20.80000 -60.15126 0.74830
20.85000 -60.15085 0.74889
20.90000 -60.15537 0.75036
20.95000 -60.15644 0.74830
21.00000 -60.15722 0.75092
21.05000 -60.15492 0.75149
21.10000 -60.15377 0.74994
21.15000 -60.15636 0.75009
21.20000 -60.15496 0.75109
21.25000 -60.15673 0.74768
21.30000 -60.15533 0.75128
21.35000 -60.15763 0.74672
21.40000 -60.15887 0.74850
21.45000 -60.15961 0.75023
21.50000 -60.16039 0.74821
21.55000 -60.16318 0.74759
21.60000 -60.15940 0.75106
21.65000 -60.16421 0.74977
21.70000 -60.16466 0.75046
21.75000 -60.16228 0.74760
21.80000 -60.16051 0.74967
21.85000 -60.15948 0.75094
21.90000 -60.15878 0.74720
21.95000 -60.15895 0.75060
22.00000 -60.15517 0.75000
22.05000 -60.15562 0.74819
22.10000 -60.15792 0.74827
22.15000 -60.15767 0.74793
22.20000 -60.15776 0.75297
22.25000 -60.15315 0.75123
22.30000 -60.15628 0.74918
22.35000 -60.15591 0.75154
22.40000 -60.15636 0.74855
22.45000 -60.15796 0.75321
22.50000 -60.15549 0.74929
22.55000 -60.15714 0.74683
22.60000 -60.15825 0.75037
22.65000 -60.15266 0.74921
22.70000 -60.15426 0.74521
22.75000 -60.15311 0.74807
22.80000 -60.15401 0.74872
22.85000 -60.15163 0.74682
22.90000 -60.15484 0.74874
22.95000 -60.15722 0.74922
23.00000 -60.15562 0.74675
23.05000 -60.15549 0.74897
23.10000 -60.15689 0.74808
23.15000 -60.15850 0.74670
23.20000 -60.15545 0.74509
23.25000 -60.15660 0.74288
23.30000 -60.15784 0.74690
23.35000 -60.15702 0.74280
23.40000 -60.15582 0.74349
23.45000 -60.15311 0.74033
23.50000 -60.15463 0.74343
23.55000 -60.15356 0.74404
23.60000 -60.15878 0.74246
23.65000 -60.15578 0.74201
23.70000 -60.15529 0.74436
23.75000 -60.15903 0.74250
23.80000 -60.15891 0.74350
23.85000 -60.15808 0.74367
23.90000 -60.16261 0.74019
23.95000 -60.16084 0.74374
24.00000 -60.16141 0.74273
24.05000 -60.16141 0.74343
24.10000 -60.16006 0.74492
24.15000 -60.16240 0.74631
24.20000 -60.16178 0.74392
24.25000 -60.16355 0.74180
24.30000 -60.16076 0.74295
24.35000 -60.16269 0.74375
24.40000 -60.16051 0.73933
24.45000 -60.16289 0.73736
24.50000 -60.16285 0.73905
24.55000 -60.15965 0.73837
24.60000 -60.15928 0.73791
24.65000 -60.16030 0.73632
24.70000 -60.15903 0.73194
24.75000 -60.15443 0.73906
24.80000 -60.15603 0.74034
24.85000 -60.15414 0.74045
24.90000 -60.15681 0.73748
24.95000 -60.15973 0.73547
25.00000 -60.16047 0.73600
25.05000 -60.15903 0.73504
25.10000 -60.15928 0.73623
25.15000 -60.16084 0.73683
25.20000 -60.16002 0.73730
25.25000 -60.15997 0.73738
25.30000 -60.15628 0.73880
25.35000 -60.15784 0.73664
25.40000 -60.15759 0.73741
25.45000 -60.15603 0.73528
25.50000 -60.15751 0.73833
25.55000 -60.15829 0.73706
25.60000 -60.15434 0.73395
25.65000 -60.15644 0.73663
25.70000 -60.15660 0.73648
25.75000 -60.15356 0.73604
25.80000 -60.15414 0.74182
25.85000 -60.15800 0.74014
25.90000 -60.15574 0.73585
25.95000 -60.15693 0.73734
26.00000 -60.15586 0.73292
26.05000 -60.15463 0.73766
26.10000 -60.15319 0.73736
26.15000 -60.15295 0.73900
26.20000 -60.15389 0.73915
26.25000 -60.15286 0.73771
26.30000 -60.15360 0.73768
26.35000 -60.15817 0.73951
26.40000 -60.15393 0.73768
26.45000 -60.15562 0.73956
26.50000 -60.15710 0.73819
26.55000 -60.15159 0.73674
26.60000 -60.15171 0.73939
26.65000 -60.15323 0.74143
26.70000 -60.15377 0.74031
26.75000 -60.15508 0.73921
26.80000 -60.15295 0.73823
26.85000 -60.15282 0.73955
26.90000 -60.15278 0.73795
26.95000 -60.15512 0.73717
27.00000 -60.15233 0.73595
27.05000 -60.15295 0.73822
27.10000 -60.15447 0.73754
27.15000 -60.15669 0.73738
27.20000 -60.15566 0.73607
27.25000 -60.15344 0.73867
27.30000 -60.15348 0.73373
27.35000 -60.15155 0.73555
27.40000 -60.15274 0.73694
27.45000 -60.15266 0.73376
27.50000 -60.15389 0.73475
27.55000 -60.15364 0.73776
27.60000 -60.15295 0.73724
27.65000 -60.15196 0.73887
27.70000 -60.15356 0.73878
27.75000 -60.15389 0.73835
27.80000 -60.15151 0.73496
27.85000 -60.15274 0.73377
27.90000 -60.15410 0.74057
27.95000 -60.15681 0.73564
28.00000 -60.15784 0.73355
28.05000 -60.15517 0.73405
28.10000 -60.15866 0.73199
28.15000 -60.15956 0.73661
28.20000 -60.15858 0.73541
28.25000 -60.16117 0.73737
28.30000 -60.16187 0.73397
28.35000 -60.15911 0.73647
28.40000 -60.15850 0.73609
28.45000 -60.16141 0.73737
28.50000 -60.16367 0.73770
28.55000 -60.16335 0.73727
28.60000 -60.16256 0.73412
28.65000 -60.16252 0.73420
28.70000 -60.16359 0.73474
28.75000 -60.16006 0.73551
28.80000 -60.16277 0.73600
28.85000 -60.16409 0.73359
28.90000 -60.15854 0.73798
28.95000 -60.15948 0.73526
29.00000 -60.16014 0.73555
29.05000 -60.16117 0.73511
29.10000 -60.16076 0.73791
29.15000 -60.15940 0.73644
29.20000 -60.15965 0.73876
29.25000 -60.16158 0.73886
29.30000 -60.15911 0.73399
29.35000 -60.15862 0.74062
29.40000 -60.15928 0.73790
29.45000 -60.15887 0.74070
29.50000 -60.16450 0.73957
29.55000 -60.15928 0.73591
29.60000 -60.15952 0.73945
29.65000 -60.15743 0.73737
29.70000 -60.15525 0.73663
29.75000 -60.15685 0.73940
29.80000 -60.15615 0.74089
29.85000 -60.15586 0.73946
29.90000 -60.15829 0.74078
29.95000 -60.15459 0.73582
30.00000 -60.15677 0.73599
30.05000 -60.15989 0.73847
30.10000 -60.15730 0.73739
30.15000 -60.15722 0.73359
30.20000 -60.15529 0.73468
30.25000 -60.15854 0.73514
30.30000 -60.15673 0.73582
30.35000 -60.15463 0.73357
30.40000 -60.15373 0.73264
30.45000 -60.15286 0.73402
30.50000 -60.15299 0.73464
30.55000 -60.15426 0.73168
30.60000 -60.15229 0.73367
30.65000 -60.14888 0.73634
30.70000 -60.15254 0.73458
30.75000 -60.15221 0.73524
30.80000 -60.15118 0.73574
30.85000 -60.14760 0.73411
30.90000 -60.14949 0.73474
30.95000 -60.15327 0.73180
31.00000 -60.15138 0.73440
31.05000 -60.14974 0.73194
31.10000 -60.14867 0.73233
31.15000 -60.14925 0.73560
31.20000 -60.15040 0.73720
31.25000 -60.15081 0.73433
31.30000 -60.15200 0.73225
31.35000 -60.14888 0.73013
31.40000 -60.14464 0.73148
31.45000 -60.14649 0.73092
31.50000 -60.14719 0.73617
31.55000 -60.14723 0.73687
31.60000 -60.14608 0.73699
31.65000 -60.14481 0.73381
31.70000 -60.14645 0.73361
31.75000 -60.15159 0.73448
31.80000 -60.14608 0.73494
31.85000 -60.14851 0.73812
31.90000 -60.14362 0.73492
31.95000 -60.14908 0.73392
32.00000 -60.15171 0.73833
32.05000 -60.14929 0.73880
32.10000 -60.14888 0.73967
32.15000 -60.14888 0.73840
32.20000 -60.14916 0.73905
32.25000 -60.14990 0.73966
32.30000 -60.14497 0.74148
32.35000 -60.15122 0.74232
32.40000 -60.14945 0.74376
32.45000 -60.14801 0.74397
32.50000 -60.14814 0.74247
32.55000 -60.14608 0.74416
32.60000 -60.14805 0.74346
32.65000 -60.14810 0.74093
32.70000 -60.14875 0.74353
32.75000 -60.14571 0.74545
32.80000 -60.14797 0.74472
32.85000 -60.14526 0.74491
32.90000 -60.14888 0.74446
32.95000 -60.14888 0.74524
33.00000 -60.14563 0.74520
33.05000 -60.14674 0.75033
33.10000 -60.14855 0.74674
33.15000 -60.14892 0.74593
33.20000 -60.14941 0.74518
33.25000 -60.14633 0.74693
33.30000 -60.14637 0.74637
33.35000 -60.15007 0.74432
33.40000 -60.15217 0.74546
33.45000 -60.14830 0.74613
33.50000 -60.15036 0.74747
33.55000 -60.15081 0.74900
33.60000 -60.15249 0.74674
33.65000 -60.14764 0.74845
33.70000 -60.15623 0.74446
33.75000 -60.15188 0.74490
33.80000 -60.14686 0.74625
33.85000 -60.15315 0.74564
33.90000 -60.15217 0.74262
33.95000 -60.14970 0.74506
34.00000 -60.15262 0.74495
34.05000 -60.15401 0.74992
34.10000 -60.15521 0.74435
34.15000 -60.15525 0.74564
34.20000 -60.15595 0.74663
34.25000 -60.15591 0.74978
34.30000 -60.15471 0.74840
34.35000 -60.15595 0.74195
34.40000 -60.15944 0.74049
34.45000 -60.15652 0.74317
34.50000 -60.15697 0.74322
34.55000 -60.15574 0.74473
34.60000 -60.15525 0.74305
34.65000 -60.15722 0.74440
34.70000 -60.15911 0.74152
34.75000 -60.15665 0.74679
34.80000 -60.15755 0.74364
34.85000 -60.15821 0.74161
34.90000 -60.15887 0.73720
34.95000 -60.15660 0.74095
35.00000 -60.15792 0.74388
35.05000 -60.15652 0.74439
35.10000 -60.15965 0.74366
35.15000 -60.16076 0.74369
35.20000 -60.16256 0.74321
35.25000 -60.16117 0.74046
35.30000 -60.16248 0.73814
35.35000 -60.16076 0.73938
35.40000 -60.16589 0.74028
35.45000 -60.16265 0.74097
35.50000 -60.16367 0.74116
35.55000 -60.16515 0.73819
35.60000 -60.16417 0.74182
35.65000 -60.16285 0.74167
35.70000 -60.16963 0.74021
35.75000 -60.16273 0.74079
35.80000 -60.16244 0.74098
35.85000 -60.16483 0.74199
35.90000 -60.16594 0.74389
35.95000 -60.16639 0.74369
36.00000 -60.16536 0.74310
36.05000 -60.16667 0.74208
36.10000 -60.16647 0.74181
36.15000 -60.16478 0.74115
36.20000 -60.16544 0.74351
36.25000 -60.16918 0.74229
36.30000 -60.17062 0.74247
36.35000 -60.17165 0.74254
36.40000 -60.17227 0.74136
36.45000 -60.17169 0.74136
36.50000 -60.17185 0.74429
36.55000 -60.17161 0.73970
36.60000 -60.16865 0.74083
36.65000 -60.17300 0.74242
36.70000 -60.17296 0.74541
36.75000 -60.16885 0.74349
36.80000 -60.16766 0.73976
36.85000 -60.17140 0.74023
36.90000 -60.17169 0.74353
36.95000 -60.16939 0.74335
37.00000 -60.16939 0.74328
37.05000 -60.17074 0.74635
37.10000 -60.16947 0.74559
37.15000 -60.17099 0.74859
37.20000 -60.16898 0.74487
37.25000 -60.16972 0.74885
37.30000 -60.16857 0.74524
37.35000 -60.16910 0.74830
37.40000 -60.17140 0.74784
37.45000 -60.17091 0.74659
37.50000 -60.16696 0.74505
37.55000 -60.16717 0.74515
37.60000 -60.17111 0.74502
37.65000 -60.16992 0.74501
37.70000 -60.16778 0.74438
37.75000 -60.17017 0.74396
37.80000 -60.16778 0.74267
37.85000 -60.17346 0.74582
37.90000 -60.17050 0.74411
37.95000 -60.16783 0.74040
38.00000 -60.16951 0.74142
38.05000 -60.17062 0.74267
38.10000 -60.17148 0.74035
38.15000 -60.17379 0.74237
38.20000 -60.17198 0.73973
38.25000 -60.17383 0.73908
38.30000 -60.17046 0.73947
38.35000 -60.17120 0.73898
38.40000 -60.17596 0.73525
38.45000 -60.17539 0.73859
38.50000 -60.17699 0.74077
38.55000 -60.17465 0.73795
38.60000 -60.17559 0.73836
38.65000 -60.17387 0.73495
38.70000 -60.17317 0.73621
38.75000 -60.17403 0.73867
38.80000 -60.17124 0.73728
38.85000 -60.17017 0.73614
38.90000 -60.17251 0.73587
38.95000 -60.17621 0.74141
39.00000 -60.17457 0.73662
39.05000 -60.17638 0.73682
39.10000 -60.17214 0.73623
39.15000 -60.17317 0.73722
39.20000 -60.17329 0.73783
39.25000 -60.17313 0.73924
39.30000 -60.17703 0.73593
39.35000 -60.17888 0.73707
39.40000 -60.17436 0.73642
39.45000 -60.17185 0.73682
39.50000 -60.17120 0.73611
39.55000 -60.17227 0.73884
39.60000 -60.17399 0.73992
39.65000 -60.17346 0.73865
39.70000 -60.17033 0.73970
39.75000 -60.17087 0.73607
39.80000 -60.17037 0.73537
39.85000 -60.17206 0.73791
39.90000 -60.17559 0.73917
39.95000 -60.17329 0.73899
40.00000 -60.17292 0.74126
40.05000 -60.17292 0.74124
40.10000 -60.17502 0.74038
40.15000 -60.17050 0.73938
40.20000 -60.17033 0.74013
40.25000 -60.17169 0.73681
40.30000 -60.17247 0.73506
40.35000 -60.17535 0.73851
40.40000 -60.17411 0.73677
40.45000 -60.17580 0.73822
40.50000 -60.17568 0.73547
40.55000 -60.17609 0.73563
40.60000 -60.17222 0.73499
40.65000 -60.17436 0.73585
40.70000 -60.17370 0.73601
40.75000 -60.17161 0.73386
40.80000 -60.17136 0.73758
40.85000 -60.17079 0.73786
40.90000 -60.17576 0.73649
40.95000 -60.17609 0.73637
41.00000 -60.17518 0.73820
41.05000 -60.17662 0.73490
41.10000 -60.17835 0.73221
41.15000 -60.17629 0.73385
41.20000 -60.17535 0.73376
41.25000 -60.17498 0.73269
41.30000 -60.17633 0.73352
41.35000 -60.17518 0.73517
41.40000 -60.17613 0.73495
41.45000 -60.17609 0.73292
41.50000 -60.17707 0.73231
41.55000 -60.17757 0.73507
41.60000 -60.17646 0.73325
41.65000 -60.17617 0.73437
41.70000 -60.17222 0.73264
41.75000 -60.17555 0.73130
41.80000 -60.17490 0.73365
41.85000 -60.17391 0.72945
41.90000 -60.17239 0.73250
41.95000 -60.17387 0.73473
42.00000 -60.17494 0.73486
42.05000 -60.17654 0.73553
42.10000 -60.17666 0.73686
42.15000 -60.17535 0.73471
42.20000 -60.17522 0.73687
42.25000 -60.17473 0.74099
42.30000 -60.17148 0.73903
42.35000 -60.17461 0.73881
42.40000 -60.17547 0.73576
42.45000 -60.17613 0.73949
42.50000 -60.17596 0.74037
42.55000 -60.17868 0.73930
42.60000 -60.17716 0.73892
42.65000 -60.17403 0.73799
42.70000 -60.17111 0.74004
42.75000 -60.17021 0.73881
42.80000 -60.17173 0.73868
42.85000 -60.17543 0.74114
42.90000 -60.17074 0.74012
42.95000 -60.17227 0.73909
43.00000 -60.17153 0.74032
43.05000 -60.16939 0.73746
43.10000 -60.17095 0.73882
43.15000 -60.17210 0.73864
43.20000 -60.17005 0.73909
43.25000 -60.17288 0.74122
43.30000 -60.17070 0.74270
43.35000 -60.17198 0.74167
43.40000 -60.16980 0.73949
43.45000 -60.17066 0.73839
43.50000 -60.17116 0.73971
43.55000 -60.16881 0.73648
43.60000 -60.16787 0.73683
43.65000 -60.16737 0.73966
43.70000 -60.16503 0.73957
43.75000 -60.16441 0.73838
43.80000 -60.16680 0.74221
43.85000 -60.16844 0.74112
43.90000 -60.16680 0.74241
43.95000 -60.16573 0.74058
44.00000 -60.16458 0.74132
44.05000 -60.16869 0.74312
44.10000 -60.16873 0.73934
44.15000 -60.16770 0.73755
44.20000 -60.17091 0.74195
44.25000 -60.16458 0.74305
44.30000 -60.16598 0.74246
44.35000 -60.16667 0.74435
44.40000 -60.17013 0.74297
44.45000 -60.16717 0.73961
44.50000 -60.16754 0.74178
44.55000 -60.16783 0.74295
44.60000 -60.16807 0.74269
44.65000 -60.16865 0.74122
44.70000 -60.16491 0.74310
44.75000 -60.16285 0.74028
44.80000 -60.16635 0.74086
44.85000 -60.16630 0.74314
44.90000 -60.16610 0.74243
44.95000 -60.16548 0.74392
45.00000 -60.16265 0.74237
45.05000 -60.16121 0.74636
45.10000 -60.16240 0.74827
45.15000 -60.15973 0.74272
45.20000 -60.16478 0.74363
45.25000 -60.16137 0.74116
45.30000 -60.15895 0.74211
45.35000 -60.16043 0.74816
45.40000 -60.16162 0.74592
45.45000 -60.15911 0.74491
45.50000 -60.15932 0.74708
45.55000 -60.16100 0.74699
45.60000 -60.15389 0.74543
45.65000 -60.15763 0.74689
45.70000 -60.15952 0.74370
45.75000 -60.16215 0.74640
45.80000 -60.16076 0.74699
45.85000 -60.15837 0.74486
45.90000 -60.16047 0.74610
45.95000 -60.16429 0.74431
46.00000 -60.15911 0.74243
46.05000 -60.15973 0.74322
46.10000 -60.15850 0.74157
46.15000 -60.15804 0.74199
46.20000 -60.15919 0.74190
46.25000 -60.15891 0.74554
46.30000 -60.15800 0.74621
46.35000 -60.15882 0.74309
46.40000 -60.15899 0.74368
46.45000 -60.15866 0.74180
46.50000 -60.15702 0.74203
46.55000 -60.15517 0.74562
46.60000 -60.15660 0.74518
46.65000 -60.15541 0.74265
46.70000 -60.15623 0.74175
46.75000 -60.15151 0.73785
46.80000 -60.15463 0.74281
46.85000 -60.15549 0.73919
46.90000 -60.15780 0.73878
46.95000 -60.16133 0.74034
47.00000 -60.15628 0.73884
47.05000 -60.15751 0.73719
47.10000 -60.15841 0.73984
47.15000 -60.15739 0.73950
47.20000 -60.15689 0.73782
47.25000 -60.15714 0.73480
47.30000 -60.15229 0.73393
47.35000 -60.15644 0.73308
47.40000 -60.15747 0.73635
47.45000 -60.15936 0.73402
47.50000 -60.15537 0.73435
47.55000 -60.15697 0.73530
47.60000 -60.15903 0.73855
47.65000 -60.15619 0.73808
47.70000 -60.15697 0.73767
47.75000 -60.15291 0.73630
47.80000 -60.15291 0.73865
47.85000 -60.15151 0.73544
47.90000 -60.15295 0.73439
47.95000 -60.15332 0.73846
48.00000 -60.15295 0.73487
48.05000 -60.15508 0.73477
48.10000 -60.15134 0.73571
48.15000 -60.15377 0.73724
48.20000 -60.15217 0.73295
48.25000 -60.14966 0.73370
48.30000 -60.15266 0.73526
48.35000 -60.15348 0.73497
48.40000 -60.15401 0.73513
48.45000 -60.15373 0.73605
48.50000 -60.15521 0.73533
48.55000 -60.15217 0.73503
48.60000 -60.14908 0.73626
48.65000 -60.15143 0.73337
48.70000 -60.15167 0.73016
48.75000 -60.15208 0.73074
48.80000 -60.14999 0.73806
48.85000 -60.15036 0.73731
48.90000 -60.15237 0.73383
48.95000 -60.15208 0.73442
49.00000 -60.15217 0.73465
49.05000 -60.15767 0.73654
49.10000 -60.15512 0.73521
49.15000 -60.15459 0.73456
49.20000 -60.15467 0.73684
49.25000 -60.15508 0.73536
49.30000 -60.15508 0.73632
49.35000 -60.15262 0.73467
49.40000 -60.15385 0.73723
49.45000 -60.15521 0.73623
49.50000 -60.15410 0.73423
49.55000 -60.15776 0.73780
49.60000 -60.15537 0.73793
49.65000 -60.15504 0.73947
49.70000 -60.15669 0.73779
49.75000 -60.15796 0.73771
49.80000 -60.15422 0.73942
49.85000 -60.15364 0.73632
49.90000 -60.15484 0.73723
49.95000 -60.15628 0.73569
50.00000 -60.15566 0.73815
50.05000 -60.15747 0.74007
50.10000 -60.15632 0.74074
50.15000 -60.15607 0.74020
50.20000 -60.15438 0.73722
50.25000 -60.15492 0.73639
50.30000 -60.15718 0.73703
50.35000 -60.15940 0.73884
50.40000 -60.15702 0.73959
50.45000 -60.15722 0.74043
50.50000 -60.15504 0.73779
50.55000 -60.15492 0.73991
50.60000 -60.15821 0.73962
50.65000 -60.15628 0.73583
50.70000 -60.15591 0.73895
50.75000 -60.15397 0.73947
50.80000 -60.15669 0.73989
50.85000 -60.15759 0.73714
50.90000 -60.15915 0.73507
50.95000 -60.15628 0.73867
51.00000 -60.15685 0.73674
51.05000 -60.15521 0.73746
51.10000 -60.15496 0.73723
51.15000 -60.15961 0.73651
51.20000 -60.15747 0.73921
51.25000 -60.15570 0.73383
51.30000 -60.15866 0.73607
51.35000 -60.15965 0.73369
51.40000 -60.16363 0.73255
51.45000 -60.16096 0.73396
51.50000 -60.15833 0.73855
51.55000 -60.15919 0.73437
51.60000 -60.15862 0.73599
51.65000 -60.15944 0.73553
51.70000 -60.16244 0.73039
51.75000 -60.16252 0.73422
51.80000 -60.16141 0.73483
51.85000 -60.16010 0.73400
51.90000 -60.15755 0.73685
51.95000 -60.15870 0.73601
52.00000 -60.16047 0.73822
52.05000 -60.16088 0.73755
52.10000 -60.16298 0.73844
52.15000 -60.16289 0.73467
52.20000 -60.16561 0.73843
52.25000 -60.16532 0.73937
52.30000 -60.16598 0.73787
52.35000 -60.16363 0.73407
52.40000 -60.16470 0.73867
52.45000 -60.16425 0.73545
52.50000 -60.16557 0.73518
52.55000 -60.16704 0.73174
52.60000 -60.16943 0.73118
52.65000 -60.16713 0.73358
52.70000 -60.16684 0.73337
52.75000 -60.16626 0.73469
52.80000 -60.16606 0.73236
52.85000 -60.16466 0.73303
52.90000 -60.16639 0.73226
52.95000 -60.16487 0.73248
53.00000 -60.16815 0.72779
53.05000 -60.16799 0.73053
53.10000 -60.17243 0.72978
53.15000 -60.17288 0.72880
53.20000 -60.17013 0.73000
53.25000 -60.16976 0.72803
53.30000 -60.17198 0.72847
53.35000 -60.17342 0.72942
53.40000 -60.16968 0.72937
53.45000 -60.16733 0.72270
53.50000 -60.16803 0.72460
53.55000 -60.17017 0.72687
53.60000 -60.17037 0.72719
53.65000 -60.17079 0.72988
53.70000 -60.17033 0.72718
53.75000 -60.16873 0.72885
53.80000 -60.16865 0.72817
53.85000 -60.16951 0.72662
53.90000 -60.16918 0.73078
53.95000 -60.16495 0.72750
54.00000 -60.16840 0.72952
54.05000 -60.16931 0.72738
54.10000 -60.16783 0.73072
54.15000 -60.16351 0.72984
54.20000 -60.16433 0.73027
54.25000 -60.16684 0.72831
54.30000 -60.16766 0.72668
54.35000 -60.16848 0.72859
54.40000 -60.16762 0.73065
54.45000 -60.16425 0.73014
54.50000 -60.16635 0.73124
54.55000 -60.16852 0.73276
54.60000 -60.16507 0.72879
54.65000 -60.16799 0.72957
54.70000 -60.16848 0.72983
54.75000 -60.16848 0.73193
54.80000 -60.16758 0.73257
54.85000 -60.16889 0.73267
54.90000 -60.16569 0.73397
54.95000 -60.16729 0.73709
55.00000 -60.16799 0.73220
55.05000 -60.16655 0.73211
55.10000 -60.16741 0.73308
55.15000 -60.16918 0.73470
55.20000 -60.17103 0.73325
55.25000 -60.16803 0.73107
55.30000 -60.16626 0.73065
55.35000 -60.16922 0.73038
55.40000 -60.16573 0.73313
55.45000 -60.16594 0.73432
55.50000 -60.16458 0.73401
55.55000 -60.16659 0.73541
55.60000 -60.16754 0.73378
55.65000 -60.16758 0.72947
55.70000 -60.16630 0.73198
55.75000 -60.16935 0.73325
55.80000 -60.16721 0.73588
55.85000 -60.16515 0.73349
55.90000 -60.16684 0.73439
55.95000 -60.16503 0.73909
56.00000 -60.16322 0.73533
56.05000 -60.16511 0.73373
56.10000 -60.16240 0.73289
56.15000 -60.16298 0.73773
56.20000 -60.16581 0.73630
56.25000 -60.16725 0.73918
56.30000 -60.16688 0.73819
56.35000 -60.16532 0.74003
56.40000 -60.16491 0.73727
56.45000 -60.16404 0.73824
56.50000 -60.16639 0.73759
56.55000 -60.16400 0.73749
56.60000 -60.16261 0.73844
56.65000 -60.16676 0.74036
56.70000 -60.16869 0.74056
56.75000 -60.16454 0.73769
56.80000 -60.16569 0.74138
56.85000 -60.16158 0.74070
56.90000 -60.16322 0.73856
56.95000 -60.16355 0.74088
57.00000 -60.16462 0.74245
57.05000 -60.16717 0.74275
57.10000 -60.16548 0.74022
57.15000 -60.16655 0.74305
57.20000 -60.16589 0.74386
57.25000 -60.16622 0.74449
57.30000 -60.16667 0.74582
57.35000 -60.16552 0.74082
57.40000 -60.16704 0.74344
57.45000 -60.16709 0.74155
57.50000 -60.16396 0.73991
57.55000 -60.16532 0.74230
57.60000 -60.16787 0.74291
57.65000 -60.16811 0.74525
57.70000 -60.16820 0.74323
57.75000 -60.16507 0.74127
57.80000 -60.16367 0.74083
57.85000 -60.16643 0.74174
57.90000 -60.16680 0.74319
57.95000 -60.16466 0.74121
58.00000 -60.16388 0.74475
58.05000 -60.16520 0.74483
58.10000 -60.16499 0.74913
58.15000 -60.16429 0.74133
58.20000 -60.16318 0.74472
58.25000 -60.16433 0.74501
58.30000 -60.16256 0.74466
58.35000 -60.16285 0.74477
58.40000 -60.16474 0.74418
58.45000 -60.16359 0.74164
58.50000 -60.16454 0.74236
58.55000 -60.16125 0.74251
58.60000 -60.16059 0.74327
58.65000 -60.16174 0.74142
58.70000 -60.16289 0.73935
58.75000 -60.16285 0.74209
58.80000 -60.15985 0.74508
58.85000 -60.16170 0.74306
58.90000 -60.16450 0.74328
58.95000 -60.16528 0.74150
59.00000 -60.16626 0.74253
59.05000 -60.16721 0.74207
59.10000 -60.16528 0.74550
59.15000 -60.16869 0.74298
59.20000 -60.16585 0.74467
59.25000 -60.16807 0.74720
59.30000 -60.16713 0.74706
59.35000 -60.16614 0.74266
59.40000 -60.16573 0.74336
59.45000 -60.16770 0.73997
59.50000 -60.16676 0.74250
59.55000 -60.16630 0.74068
59.60000 -60.16861 0.74457
59.65000 -60.16663 0.74392
59.70000 -60.16700 0.74481
59.75000 -60.16577 0.74555
59.80000 -60.16598 0.74863
59.85000 -60.16425 0.74880
59.90000 -60.16507 0.74505
59.95000 -60.16351 0.74742
60.00000 -60.16174 0.74543
60.05000 -60.16363 0.74853
60.10000 -60.15932 0.75378
60.15000 -60.16100 0.74993
60.20000 -60.15706 0.74983
60.25000 -60.16400 0.74947
60.30000 -60.16034 0.74953
60.35000 -60.16306 0.74756
60.40000 -60.16335 0.74627
60.45000 -60.15706 0.74816
60.50000 -60.16100 0.74428
60.55000 -60.16039 0.74678
60.60000 -60.15981 0.74551
60.65000 -60.16121 0.74523
60.70000 -60.16293 0.74491
60.75000 -60.15895 0.74406
60.80000 -60.15685 0.74586
60.85000 -60.15771 0.74272
60.90000 -60.16014 0.74556
60.95000 -60.15932 0.74875
61.00000 -60.15743 0.74481
61.05000 -60.15463 0.74386
61.10000 -60.15928 0.74355
61.15000 -60.16063 0.74515
61.20000 -60.15854 0.74855
61.25000 -60.15562 0.74787
61.30000 -60.15850 0.74421
61.35000 -60.15928 0.74893
61.40000 -60.15878 0.74837
61.45000 -60.15619 0.74914
61.50000 -60.15759 0.74799
61.55000 -60.15833 0.74594
61.60000 -60.16076 0.74888
61.65000 -60.16006 0.74739
61.70000 -60.15887 0.74791
61.75000 -60.16256 0.75300
61.80000 -60.15656 0.75047
61.85000 -60.15632 0.75014
61.90000 -60.15582 0.74934
61.95000 -60.15751 0.75007
62.00000 -60.15862 0.74697
62.05000 -60.15471 0.74603
62.10000 -60.15755 0.74810
62.15000 -60.15496 0.74803
62.20000 -60.15278 0.75004
62.25000 -60.15628 0.74767
62.30000 -60.15726 0.74785
62.35000 -60.15410 0.74768
62.40000 -60.15377 0.74882
62.45000 -60.15529 0.74548
62.50000 -60.15385 0.74930
62.55000 -60.15073 0.74886
62.60000 -60.15430 0.74795
62.65000 -60.15410 0.74577
62.70000 -60.15303 0.74820
62.75000 -60.15069 0.75208
62.80000 -60.14785 0.74896
62.85000 -60.15106 0.74619
62.90000 -60.15291 0.74677
62.95000 -60.14879 0.74737
63.00000 -60.15138 0.74549
63.05000 -60.15159 0.74541
63.10000 -60.15451 0.74857
63.15000 -60.15488 0.74710
63.20000 -60.15784 0.74741
63.25000 -60.15508 0.74724
63.30000 -60.15352 0.74789
63.35000 -60.15110 0.74598
63.40000 -60.15364 0.75041
63.45000 -60.15447 0.75133
63.50000 -60.15274 0.74907
63.55000 -60.15319 0.74790
63.60000 -60.15537 0.74928
63.65000 -60.15241 0.74871
63.70000 -60.15438 0.74866
63.75000 -60.15430 0.75207
63.80000 -60.15048 0.75148
63.85000 -60.15114 0.75032
63.90000 -60.15628 0.74779
63.95000 -60.15225 0.74948
64.00000 -60.15192 0.74854
64.05000 -60.15467 0.74889
64.10000 -60.15422 0.74965
64.15000 -60.14999 0.74766
64.20000 -60.14990 0.74571
64.25000 -60.15221 0.74591
64.30000 -60.14674 0.74620
64.35000 -60.14842 0.74672
64.40000 -60.15073 0.74669
64.45000 -60.15093 0.74532
64.50000 -60.14933 0.74727
64.55000 -60.14777 0.74704
64.60000 -60.14863 0.74792
64.65000 -60.14970 0.74643
64.70000 -60.15089 0.74770
64.75000 -60.15282 0.74968
64.80000 -60.15315 0.74606
64.85000 -60.15081 0.74625
64.90000 -60.14723 0.74618
64.95000 -60.14818 0.74617
65.00000 -60.15027 0.74285
65.05000 -60.15138 0.74455
65.10000 -60.14904 0.74702
65.15000 -60.15036 0.74262
65.20000 -60.15007 0.74477
65.25000 -60.15019 0.74318
65.30000 -60.15048 0.74116
65.35000 -60.14600 0.74366
65.40000 -60.14962 0.74525
65.45000 -60.14974 0.74512
65.50000 -60.14621 0.74564
65.55000 -60.14608 0.74586
65.60000 -60.14736 0.74651
65.65000 -60.14830 0.74355
65.70000 -60.14781 0.74311
65.75000 -60.15015 0.74642
65.80000 -60.14719 0.74900
65.85000 -60.14690 0.74712
65.90000 -60.14682 0.74776
65.95000 -60.14292 0.74593
66.00000 -60.14547 0.74435
66.05000 -60.14797 0.74299
66.10000 -60.14399 0.74583
66.15000 -60.14579 0.74754
66.20000 -60.14641 0.74370
66.25000 -60.14612 0.74166
66.30000 -60.14300 0.74132
66.35000 -60.14505 0.73991
66.40000 -60.14489 0.74091
66.45000 -60.14374 0.74007
66.50000 -60.14723 0.73943
66.55000 -60.14279 0.74131
66.60000 -60.14296 0.74512
66.65000 -60.14366 0.74025
66.70000 -60.14563 0.74202
66.75000 -60.14600 0.74400
66.80000 -60.14588 0.74122
66.85000 -60.14567 0.73874
66.90000 -60.14670 0.74079
66.95000 -60.14621 0.74243
67.00000 -60.14316 0.74067
67.05000 -60.14246 0.73992
67.10000 -60.14571 0.74395
67.15000 -60.15081 0.74473
67.20000 -60.14838 0.74365
67.25000 -60.14312 0.74253
67.30000 -60.14292 0.74354
67.35000 -60.14214 0.74367
67.40000 -60.14119 0.74287
67.45000 -60.14275 0.74224
67.50000 -60.14177 0.74440
67.55000 -60.14341 0.74498
67.60000 -60.14172 0.74639
67.65000 -60.14086 0.74458
67.70000 -60.14177 0.74215
67.75000 -60.13848 0.74210
67.80000 -60.14020 0.74437
67.85000 -60.14103 0.74384
67.90000 -60.14399 0.74906
67.95000 -60.14353 0.74826
68.00000 -60.14288 0.74403
68.05000 -60.14016 0.74257
68.10000 -60.14205 0.74803
68.15000 -60.14152 0.74796
68.20000 -60.14341 0.74827
68.25000 -60.14415 0.74735
68.30000 -60.14345 0.74958
68.35000 -60.14456 0.74958
68.40000 -60.14267 0.74699
68.45000 -60.14608 0.74564
68.50000 -60.14649 0.74718
68.55000 -60.14152 0.74582
68.60000 -60.14103 0.74411
68.65000 -60.14197 0.74153
68.70000 -60.14518 0.73943
68.75000 -60.14674 0.74009
68.80000 -60.14588 0.74599
68.85000 -60.14485 0.74451
68.90000 -60.14559 0.74340
68.95000 -60.14542 0.73936
69.00000 -60.14366 0.74016
69.05000 -60.14477 0.74320
69.10000 -60.14789 0.74194
69.15000 -60.14584 0.74199
69.20000 -60.14686 0.74378
69.25000 -60.14637 0.74259
69.30000 -60.14760 0.74313
69.35000 -60.15048 0.74124
69.40000 -60.14863 0.74078
69.45000 -60.14879 0.74263
69.50000 -60.14645 0.74382
69.55000 -60.14649 0.74268
69.60000 -60.14764 0.74180
69.65000 -60.14797 0.74355
69.70000 -60.14896 0.74409
69.75000 -60.14629 0.74208
69.80000 -60.14805 0.74370
69.85000 -60.14551 0.74192
69.90000 -60.14604 0.74388
69.95000 -60.14855 0.74471
70.00000 -60.15278 0.74502
70.05000 -60.14879 0.74500
70.10000 -60.14925 0.74708
70.15000 -60.14937 0.74654
70.20000 -60.14785 0.74683
70.25000 -60.14855 0.74493
70.30000 -60.14510 0.74483
70.35000 -60.14670 0.74265
70.40000 -60.14579 0.74166
70.45000 -60.14657 0.74032
70.50000 -60.14682 0.73955
70.55000 -60.14296 0.74105
70.60000 -60.14267 0.73879
70.65000 -60.14468 0.74071
70.70000 -60.14399 0.74177
70.75000 -60.14575 0.74019
70.80000 -60.14283 0.74081
70.85000 -60.14378 0.74153
70.90000 -60.14530 0.73872
70.95000 -60.14201 0.73509
71.00000 -60.14526 0.73716
71.05000 -60.14448 0.74112
71.10000 -60.14427 0.73740
71.15000 -60.14390 0.73429
71.20000 -60.14752 0.73620
71.25000 -60.14731 0.73685
71.30000 -60.14810 0.73683
71.35000 -60.14744 0.73897
71.40000 -60.15060 0.74097
71.45000 -60.15208 0.73865
71.50000 -60.14982 0.73762
71.55000 -60.14929 0.73776
71.60000 -60.15134 0.73845
71.65000 -60.14694 0.73815
71.70000 -60.14908 0.73968
71.75000 -60.14900 0.74029
71.80000 -60.14690 0.74128
71.85000 -60.14777 0.74100
71.90000 -60.15048 0.74291
71.95000 -60.15122 0.74366
72.00000 -60.14921 0.73797
72.05000 -60.14723 0.73944
72.10000 -60.14719 0.73942
72.15000 -60.14736 0.73963
72.20000 -60.14863 0.74155
72.25000 -60.14937 0.73887
72.30000 -60.14789 0.73792
72.35000 -60.14892 0.73817
72.40000 -60.15114 0.73719
72.45000 -60.15151 0.73622
72.50000 -60.15258 0.73869
72.55000 -60.14925 0.73886
72.60000 -60.14773 0.73748
72.65000 -60.14715 0.73933
72.70000 -60.14990 0.73803
72.75000 -60.14912 0.73382
72.80000 -60.15143 0.73445
72.85000 -60.15036 0.73879
72.90000 -60.15147 0.73412
72.95000 -60.14789 0.73576
73.00000 -60.14773 0.73556
73.05000 -60.14616 0.73207
73.10000 -60.14526 0.73284
73.15000 -60.14674 0.73010
73.20000 -60.14584 0.73233
73.25000 -60.14703 0.73307
73.30000 -60.14760 0.73410
73.35000 -60.14452 0.73642
73.40000 -60.14362 0.73196
73.45000 -60.14473 0.73247
73.50000 -60.14485 0.72927
73.55000 -60.14534 0.72607
73.60000 -60.14736 0.73087
73.65000 -60.14394 0.73184
73.70000 -60.14653 0.73185
73.75000 -60.14752 0.73042
73.80000 -60.14489 0.72754
73.85000 -60.14933 0.72984
73.90000 -60.14830 0.73337
73.95000 -60.14744 0.72995
74.00000 -60.15110 0.73061
74.05000 -60.14916 0.73255
74.10000 -60.15097 0.73363
74.15000 -60.15282 0.73528
74.20000 -60.15344 0.73458
74.25000 -60.15060 0.73509
74.30000 -60.15221 0.74020
74.35000 -60.15451 0.73951
74.40000 -60.15430 0.73953
74.45000 -60.15332 0.73723
74.50000 -60.15484 0.73658
74.55000 -60.15541 0.74191
74.60000 -60.15730 0.73944
74.65000 -60.15492 0.73937
74.70000 -60.15496 0.73554
74.75000 -60.15570 0.73778
74.80000 -60.15463 0.74108
74.85000 -60.15574 0.74089
74.90000 -60.15726 0.74127
74.95000 -60.15973 0.74171
75.00000 -60.16010 0.74125
75.05000 -60.15813 0.74558
75.10000 -60.15455 0.74109
75.15000 -60.16055 0.73966
75.20000 -60.16051 0.73794
75.25000 -60.15796 0.74016
75.30000 -60.15525 0.73823
75.35000 -60.15504 0.73918
75.40000 -60.15356 0.73801
75.45000 -60.15500 0.73895
75.50000 -60.15504 0.73944
75.55000 -60.15739 0.73945
75.60000 -60.15763 0.74177
75.65000 -60.15710 0.73958
75.70000 -60.15932 0.73581
75.75000 -60.15607 0.73526
75.80000 -60.15525 0.73766
75.85000 -60.15414 0.73993
75.90000 -60.15558 0.73918
75.95000 -60.15669 0.73805
76.00000 -60.15434 0.74161
76.05000 -60.15254 0.73951
76.10000 -60.15623 0.73988
76.15000 -60.15924 0.73804
76.20000 -60.16178 0.73992
76.25000 -60.15595 0.73959
76.30000 -60.15677 0.73976
76.35000 -60.15665 0.73916
76.40000 -60.15714 0.74166
76.45000 -60.15940 0.73978
76.50000 -60.15656 0.74329
76.55000 -60.15578 0.74401
76.60000 -60.15467 0.73851
76.65000 -60.15632 0.73942
76.70000 -60.15726 0.73923
76.75000 -60.15697 0.74037
76.80000 -60.15512 0.74145
76.85000 -60.15603 0.74211
76.90000 -60.15307 0.73989
76.95000 -60.15315 0.74516
77.00000 -60.15430 0.74411
77.05000 -60.15434 0.74101
77.10000 -60.15570 0.74103
77.15000 -60.15521 0.74022
77.20000 -60.16034 0.74082
77.25000 -60.16047 0.74074
77.30000 -60.16092 0.74122
77.35000 -60.15759 0.74108
77.40000 -60.15915 0.73966
77.45000 -60.16096 0.74105
77.50000 -60.15911 0.74271
77.55000 -60.15981 0.74459
77.60000 -60.15854 0.74024
77.65000 -60.16039 0.73683
77.70000 -60.15874 0.73932
77.75000 -60.15734 0.73768
77.80000 -60.16043 0.73835
77.85000 -60.15825 0.73742
77.90000 -60.15656 0.73460
77.95000 -60.15549 0.73877
78.00000 -60.15808 0.73985
78.05000 -60.15595 0.74214
78.10000 -60.15660 0.74311
78.15000 -60.15944 0.74000
78.20000 -60.15899 0.74109
78.25000 -60.16059 0.74073
78.30000 -60.15932 0.74230
78.35000 -60.16372 0.74607
78.40000 -60.16166 0.74570
78.45000 -60.16367 0.74550
78.50000 -60.16100 0.74278
78.55000 -60.16236 0.74464
78.60000 -60.16117 0.74471
78.65000 -60.16014 0.74444
78.70000 -60.16076 0.74333
78.75000 -60.15718 0.74127
78.80000 -60.15981 0.74153
78.85000 -60.15792 0.74162
78.90000 -60.15956 0.74220
78.95000 -60.15989 0.73810
79.00000 -60.16108 0.74039
79.05000 -60.16022 0.74067
79.10000 -60.15948 0.73999
79.15000 -60.16339 0.73846
79.20000 -60.16170 0.73970
79.25000 -60.16178 0.73906
79.30000 -60.16178 0.73898
79.35000 -60.16318 0.73975
79.40000 -60.16248 0.73863
79.45000 -60.16030 0.73981
79.50000 -60.16051 0.74015
79.55000 -60.15887 0.73843
79.60000 -60.15866 0.73990
79.65000 -60.15780 0.74091
79.70000 -60.16100 0.74031
79.75000 -60.15899 0.74162
79.80000 -60.15965 0.74254
79.85000 -60.16084 0.73961
79.90000 -60.15817 0.74203
79.95000 -60.15841 0.74526
80.00000 -60.15821 0.74623
80.05000 -60.15784 0.74790
80.10000 -60.15443 0.74452
80.15000 -60.15751 0.74283
80.20000 -60.15825 0.74373
80.25000 -60.15763 0.74574
80.30000 -60.15656 0.74544
80.35000 -60.15784 0.74448
80.40000 -60.15878 0.74370
80.45000 -60.15743 0.74295
80.50000 -60.15903 0.74091
80.55000 -60.16261 0.74416
80.60000 -60.15985 0.74353
80.65000 -60.16158 0.73915
80.70000 -60.16043 0.73900
80.75000 -60.16051 0.74461
80.80000 -60.15911 0.74117
80.85000 -60.15364 0.73782
80.90000 -60.15784 0.74029
80.95000 -60.15632 0.74122
81.00000 -60.15689 0.74044
81.05000 -60.15792 0.74307
81.10000 -60.15928 0.73915
81.15000 -60.15965 0.74147
81.20000 -60.15751 0.74215
81.25000 -60.15862 0.74340
81.30000 -60.15784 0.74263
81.35000 -60.15825 0.74209
81.40000 -60.16145 0.74138
81.45000 -60.15808 0.73921
81.50000 -60.15911 0.73817
81.55000 -60.16030 0.74213
81.60000 -60.16388 0.74219
81.65000 -60.16203 0.74020
81.70000 -60.16261 0.73915
81.75000 -60.16076 0.74165
81.80000 -60.15887 0.74131
81.85000 -60.16030 0.74360
81.90000 -60.16113 0.73945
81.95000 -60.15895 0.74003
82.00000 -60.16145 0.74284
82.05000 -60.16076 0.74244
82.10000 -60.16232 0.74159
82.15000 -60.16195 0.74197
82.20000 -60.16215 0.74218
82.25000 -60.16076 0.73880
82.30000 -60.16273 0.73761
82.35000 -60.15981 0.74024
82.40000 -60.15858 0.73958
82.45000 -60.16121 0.73920
82.50000 -60.16281 0.73838
82.55000 -60.15919 0.73977
82.60000 -60.15915 0.74118
82.65000 -60.15956 0.73889
82.70000 -60.16182 0.73971
82.75000 -60.15907 0.73726
82.80000 -60.16006 0.73637
82.85000 -60.15734 0.73648
82.90000 -60.16104 0.73781
82.95000 -60.16413 0.73796
83.00000 -60.16219 0.73839
83.05000 -60.16174 0.73710
83.10000 -60.16273 0.73292
83.15000 -60.16219 0.73305
83.20000 -60.16248 0.73408
83.25000 -60.16026 0.73544
83.30000 -60.15969 0.73448
83.35000 -60.15845 0.73755
83.40000 -60.16355 0.73728
83.45000 -60.15989 0.73445
83.50000 -60.15718 0.73522
83.55000 -60.16219 0.73644
83.60000 -60.16154 0.73564
83.65000 -60.16318 0.73256
83.70000 -60.16174 0.73285
83.75000 -60.16104 0.73485
83.80000 -60.15784 0.73460
83.85000 -60.16039 0.73428
83.90000 -60.16022 0.73282
83.95000 -60.15841 0.73457
84.00000 -60.16043 0.73420
84.05000 -60.15747 0.73349
84.10000 -60.15591 0.73601
84.15000 -60.15919 0.73297
84.20000 -60.16207 0.73293
84.25000 -60.16117 0.73419
84.30000 -60.16014 0.73150
84.35000 -60.16141 0.73466
84.40000 -60.15911 0.73416
84.45000 -60.15973 0.73444
84.50000 -60.15763 0.73282
84.55000 -60.15734 0.73343
84.60000 -60.16125 0.73790
84.65000 -60.15973 0.73877
84.70000 -60.15829 0.73317
84.75000 -60.15882 0.73532
84.80000 -60.16018 0.73752
84.85000 -60.15936 0.73819
84.90000 -60.15681 0.73714
84.95000 -60.15591 0.74043
85.00000 -60.15825 0.74127
85.05000 -60.15800 0.74064
85.10000 -60.15480 0.74084
85.15000 -60.15595 0.74072
85.20000 -60.15636 0.74418
85.25000 -60.15710 0.74419
85.30000 -60.15517 0.74542
85.35000 -60.15471 0.74597
85.40000 -60.15722 0.74763
85.45000 -60.15418 0.74700
85.50000 -60.15640 0.74964
85.55000 -60.15924 0.75072
85.60000 -60.16047 0.74966
85.65000 -60.15767 0.74590
85.70000 -60.15825 0.74735
85.75000 -60.15578 0.74730
85.80000 -60.15508 0.74585
85.85000 -60.15800 0.74907
85.90000 -60.15681 0.75034
85.95000 -60.16088 0.74692
86.00000 -60.15977 0.74677
86.05000 -60.16232 0.74654
86.10000 -60.15845 0.75101
86.15000 -60.15899 0.75141
86.20000 -60.15751 0.74856
86.25000 -60.15607 0.74791
86.30000 -60.15508 0.74821
86.35000 -60.15689 0.74937
86.40000 -60.15956 0.75141
86.45000 -60.15529 0.74964
86.50000 -60.15517 0.75060
86.55000 -60.15525 0.74946
86.60000 -60.15586 0.75252
86.65000 -60.15611 0.75002
86.70000 -60.15870 0.75351
86.75000 -60.15850 0.75457
86.80000 -60.16108 0.75263
86.85000 -60.15743 0.75296
86.90000 -60.15792 0.75378
86.95000 -60.15776 0.75525
87.00000 -60.16006 0.75053
87.05000 -60.15948 0.75257
87.10000 -60.15973 0.75642
87.15000 -60.15932 0.75264
87.20000 -60.15985 0.75203
87.25000 -60.15808 0.75172
87.30000 -60.15837 0.75010
87.35000 -60.15961 0.75131
87.40000 -60.16002 0.75253
87.45000 -60.16191 0.74905
87.50000 -60.16495 0.75057
87.55000 -60.16335 0.75058
87.60000 -60.15899 0.74789
87.65000 -60.15759 0.74976
87.70000 -60.15997 0.74780
87.75000 -60.15739 0.75111
87.80000 -60.15833 0.75146
87.85000 -60.15845 0.74894
87.90000 -60.15993 0.75166
87.95000 -60.16195 0.75240
88.00000 -60.16322 0.75085
88.05000 -60.15924 0.75479
88.10000 -60.15718 0.75042
88.15000 -60.15607 0.75087
88.20000 -60.15570 0.75291
88.25000 -60.15771 0.75223
88.30000 -60.15607 0.75429
88.35000 -60.15521 0.75311
88.40000 -60.15554 0.75343
88.45000 -60.15467 0.75476
88.50000 -60.15755 0.75125
88.55000 -60.15291 0.75415
88.60000 -60.15426 0.75618
88.65000 -60.15459 0.75471
88.70000 -60.15512 0.75292
88.75000 -60.15389 0.75332
88.80000 -60.15344 0.75456
88.85000 -60.15151 0.75632
88.90000 -60.15225 0.75414
88.95000 -60.15225 0.75352
89.00000 -60.15286 0.75457
89.05000 -60.15369 0.75351
89.10000 -60.15258 0.75305
89.15000 -60.15007 0.75032
89.20000 -60.15229 0.75373
89.25000 -60.15081 0.75252
89.30000 -60.15512 0.75097
89.35000 -60.15480 0.74692
89.40000 -60.15340 0.75009
89.45000 -60.15299 0.75434
89.50000 -60.15245 0.75460
89.55000 -60.15850 0.75233
89.60000 -60.15336 0.75164
89.65000 -60.15480 0.75091
89.70000 -60.15401 0.75043
89.75000 -60.15406 0.74755
89.80000 -60.15607 0.74786
89.85000 -60.15862 0.74779
89.90000 -60.15410 0.74769
89.95000 -60.15537 0.74801
90.00000 -60.15882 0.75090
90.05000 -60.16141 0.74686
90.10000 -60.15891 0.74818
90.15000 -60.15899 0.74915
90.20000 -60.15291 0.74903
90.25000 -60.15545 0.74926
90.30000 -60.15730 0.74877
90.35000 -60.15730 0.75001
90.40000 -60.15730 0.74918
90.45000 -60.15767 0.74782
90.50000 -60.15817 0.74830
90.55000 -60.15755 0.75112
90.60000 -60.15648 0.75359
90.65000 -60.15566 0.75302
90.70000 -60.15586 0.75089
90.75000 -60.15401 0.75042
90.80000 -60.15323 0.75344
90.85000 -60.15734 0.75204
90.90000 -60.15410 0.75243
90.95000 -60.15204 0.75160
91.00000 -60.15081 0.75206
91.05000 -60.15217 0.75318
91.10000 -60.15180 0.75093
91.15000 -60.15180 0.75060
91.20000 -60.15225 0.75075
91.25000 -60.15266 0.75131
91.30000 -60.14953 0.75175
91.35000 -60.15311 0.74803
91.40000 -60.15118 0.74659
91.45000 -60.15327 0.74497
91.50000 -60.14953 0.74702
91.55000 -60.15093 0.74801
91.60000 -60.15015 0.74973
91.65000 -60.14855 0.74881
91.70000 -60.14970 0.75005
91.75000 -60.15315 0.74950
91.80000 -60.15196 0.75130
91.85000 -60.15015 0.75134
91.90000 -60.15480 0.74816
91.95000 -60.15184 0.74732
92.00000 -60.15138 0.74827
92.05000 -60.15422 0.74916
92.10000 -60.15586 0.75046
92.15000 -60.15603 0.74921
92.20000 -60.15693 0.75083
92.25000 -60.15669 0.74564
92.30000 -60.16055 0.75008
92.35000 -60.15776 0.75079
92.40000 -60.15903 0.75126
92.45000 -60.15796 0.74857
92.50000 -60.16084 0.75109
92.55000 -60.16022 0.75036
92.60000 -60.16096 0.74927
92.65000 -60.15652 0.74830
92.70000 -60.16006 0.74898
92.75000 -60.15915 0.74837
92.80000 -60.16145 0.74860
92.85000 -60.16335 0.74846
92.90000 -60.15874 0.74653
92.95000 -60.15722 0.74545
93.00000 -60.15529 0.74775
93.05000 -60.15862 0.74712
93.10000 -60.16096 0.74835
93.15000 -60.16215 0.74820
93.20000 -60.16158 0.74714
93.25000 -60.15722 0.74538
93.30000 -60.15718 0.74421
93.35000 -60.15780 0.74571
93.40000 -60.15850 0.74330
93.45000 -60.15537 0.74383
93.50000 -60.15512 0.74423
93.55000 -60.15804 0.74306
93.60000 -60.15829 0.74615
93.65000 -60.15459 0.74450
93.70000 -60.15866 0.74154
93.75000 -60.15685 0.74265
93.80000 -60.15628 0.74293
93.85000 -60.15669 0.74374
93.90000 -60.15850 0.74267
93.95000 -60.15710 0.74193
94.00000 -60.15911 0.74240
94.05000 -60.15866 0.74256
94.10000 -60.15743 0.74462
94.15000 -60.15833 0.74448
94.20000 -60.15817 0.74243
94.25000 -60.15940 0.74339
94.30000 -60.15887 0.74635
94.35000 -60.15841 0.74478
94.40000 -60.16380 0.74319
94.45000 -60.16141 0.74243
94.50000 -60.16137 0.74427
94.55000 -60.16199 0.74734
94.60000 -60.16088 0.74712
94.65000 -60.15817 0.74383
94.70000 -60.15977 0.74307
94.75000 -60.16117 0.74409
94.80000 -60.16322 0.74331
94.85000 -60.15911 0.74558
94.90000 -60.15780 0.74568
94.95000 -60.16108 0.74706
95.00000 -60.15878 0.74610
95.05000 -60.16063 0.74750
95.10000 -60.15965 0.74976
95.15000 -60.15907 0.74846
95.20000 -60.16396 0.75064
95.25000 -60.16026 0.74848
95.30000 -60.16071 0.74856
95.35000 -60.16076 0.74700
95.40000 -60.15866 0.74503
95.45000 -60.16215 0.74540
95.50000 -60.16166 0.74552
95.55000 -60.15965 0.74228
95.60000 -60.16145 0.74570
95.65000 -60.15907 0.74441
95.70000 -60.15899 0.74291
95.75000 -60.15734 0.74216
95.80000 -60.15837 0.74631
95.85000 -60.15660 0.74646
95.90000 -60.15455 0.74529
95.95000 -60.15714 0.74308
96.00000 -60.15529 0.74711
96.05000 -60.15907 0.74424
96.10000 -60.15763 0.74316
96.15000 -60.15702 0.74308
96.20000 -60.15961 0.74337
96.25000 -60.15582 0.74296
96.30000 -60.15656 0.74327
96.35000 -60.15665 0.74167
96.40000 -60.15504 0.74511
96.45000 -60.15517 0.74566
96.50000 -60.15755 0.74807
96.55000 -60.15570 0.74809
96.60000 -60.15410 0.74650
96.65000 -60.15508 0.74391
96.70000 -60.15591 0.74342
96.75000 -60.15286 0.74751
96.80000 -60.15603 0.74723
96.85000 -60.15463 0.74633
96.90000 -60.15517 0.74301
96.95000 -60.15677 0.74351
97.00000 -60.15549 0.74634
97.05000 -60.15759 0.74635
97.10000 -60.15677 0.74696
97.15000 -60.15689 0.74431
97.20000 -60.15763 0.74489
97.25000 -60.15808 0.74035
97.30000 -60.15673 0.74135
97.35000 -60.15689 0.74131
97.40000 -60.15706 0.74553
97.45000 -60.15517 0.74757
97.50000 -60.15776 0.74678
97.55000 -60.15730 0.74287
97.60000 -60.16006 0.74534
97.65000 -60.16051 0.74145
97.70000 -60.15948 0.74275
97.75000 -60.15734 0.74043
97.80000 -60.15512 0.74094
97.85000 -60.15660 0.73978
97.90000 -60.15484 0.73905
97.95000 -60.15586 0.73842
98.00000 -60.15430 0.73988
98.05000 -60.15533 0.74011
98.10000 -60.16030 0.73693
98.15000 -60.15726 0.73966
98.20000 -60.15512 0.73762
98.25000 -60.15833 0.73970
98.30000 -60.15948 0.73950
98.35000 -60.16117 0.73814
98.40000 -60.15915 0.74037
98.45000 -60.15841 0.73935
98.50000 -60.15919 0.73723
98.55000 -60.16269 0.73598
98.60000 -60.15989 0.74026
98.65000 -60.15673 0.73878
98.70000 -60.15582 0.73843
98.75000 -60.15521 0.73973
98.80000 -60.15673 0.73795
98.85000 -60.15681 0.73847
98.90000 -60.15887 0.73832
98.95000 -60.15878 0.74185
99.00000 -60.15776 0.73981
99.05000 -60.15989 0.73992
99.10000 -60.15944 0.74112
99.15000 -60.16043 0.74193
99.20000 -60.16084 0.74161
99.25000 -60.15969 0.74123
99.30000 -60.15562 0.74329
99.35000 -60.15903 0.74285
99.40000 -60.15850 0.74274
99.45000 -60.15739 0.74219
99.50000 -60.15854 0.73885
99.55000 -60.15928 0.74095
99.60000 -60.16018 0.74034
99.65000 -60.15734 0.74353
99.70000 -60.15792 0.74191
99.75000 -60.15512 0.74029
99.80000 -60.15266 0.74072
99.85000 -60.15467 0.73955
99.90000 -60.15443 0.74014
99.95000 -60.15833 0.73894
100.00000 -60.15591 0.73999
100.05000 -60.15714 0.73871
100.10000 -60.15845 0.73589
100.15000 -60.15924 0.74054
100.20000 -60.15850 0.73977
100.25000 -60.15788 0.74206
100.30000 -60.15743 0.74154
100.35000 -60.15887 0.73864
100.40000 -60.16055 0.73925
100.45000 -60.15825 0.74013
100.50000 -60.15673 0.74049
100.55000 -60.15874 0.73932
100.60000 -60.15582 0.73927
100.65000 -60.15677 0.73962
100.70000 -60.15447 0.73798
100.75000 -60.15077 0.74131
100.80000 -60.15512 0.74116
100.85000 -60.15364 0.73920
100.90000 -60.15175 0.73695
100.95000 -60.15073 0.74013
101.00000 -60.15134 0.74082
101.05000 -60.14929 0.74091
101.10000 -60.15036 0.73762
101.15000 -60.15167 0.73924
101.20000 -60.15138 0.73813
101.25000 -60.14851 0.73872
101.30000 -60.15143 0.73966
101.35000 -60.14929 0.74359
101.40000 -60.14723 0.74039
101.45000 -60.14884 0.73950
101.50000 -60.14452 0.73835
101.55000 -60.15048 0.73847
101.60000 -60.14933 0.73971
101.65000 -60.14600 0.73906
101.70000 -60.14419 0.73586
101.75000 -60.14197 0.73815
101.80000 -60.14230 0.74024
101.85000 -60.14645 0.74097
101.90000 -60.14653 0.74009
101.95000 -60.14325 0.74157
102.00000 -60.14242 0.73942
102.05000 -60.14275 0.73997
102.10000 -60.14218 0.73985
102.15000 -60.14493 0.74031
102.20000 -60.14633 0.74159
102.25000 -60.14657 0.74117
102.30000 -60.14567 0.74184
102.35000 -60.14612 0.74219
102.40000 -60.14456 0.74256
102.45000 -60.14510 0.74268
102.50000 -60.14341 0.74508
102.55000 -60.14452 0.74502
102.60000 -60.14653 0.74571
102.65000 -60.14501 0.74283
102.70000 -60.14670 0.74465
102.75000 -60.14448 0.74652
102.80000 -60.14288 0.74869
102.85000 -60.14238 0.74771
102.90000 -60.14440 0.74901
102.95000 -60.14123 0.75037
103.00000 -60.14436 0.74719
103.05000 -60.14070 0.74776
103.10000 -60.13934 0.75147
103.15000 -60.14300 0.74659
103.20000 -60.14029 0.74975
103.25000 -60.14407 0.74694
103.30000 -60.14292 0.74608
103.35000 -60.13987 0.74491
103.40000 -60.13930 0.74890
103.45000 -60.14152 0.75127
103.50000 -60.14267 0.75003
103.55000 -60.14074 0.74737
103.60000 -60.13992 0.74876
103.65000 -60.13889 0.74807
103.70000 -60.13737 0.74270
103.75000 -60.14197 0.74711
103.80000 -60.14300 0.74741
103.85000 -60.14119 0.74802
103.90000 -60.13893 0.74918
103.95000 -60.14033 0.74766
104.00000 -60.13955 0.74688
104.05000 -60.14127 0.74470
104.10000 -60.14325 0.74466
104.15000 -60.14308 0.74425
104.20000 -60.14374 0.74652
104.25000 -60.14193 0.74621
104.30000 -60.14234 0.74729
104.35000 -60.14374 0.74693
104.40000 -60.14078 0.74648
104.45000 -60.14259 0.74378
104.50000 -60.14160 0.74618
104.55000 -60.14234 0.74389
104.60000 -60.14086 0.74464
104.65000 -60.14008 0.74472
104.70000 -60.14497 0.74767
104.75000 -60.14283 0.74652
104.80000 -60.14349 0.74689
104.85000 -60.14201 0.74698
104.90000 -60.14431 0.74570
104.95000 -60.14263 0.74701
105.00000 -60.14444 0.74632
105.05000 -60.14563 0.74769
105.10000 -60.14185 0.74860
105.15000 -60.14135 0.75056
105.20000 -60.14271 0.75225
105.25000 -60.14209 0.75033
105.30000 -60.14082 0.75251
105.35000 -60.14061 0.74946
105.40000 -60.14234 0.75175
105.45000 -60.13971 0.75435
105.50000 -60.14209 0.75388
105.55000 -60.14337 0.75394
105.60000 -60.14329 0.75205
105.65000 -60.14045 0.75432
105.70000 -60.14296 0.75242
105.75000 -60.14197 0.75493
105.80000 -60.14526 0.75446
105.85000 -60.14242 0.75495
105.90000 -60.13918 0.75483
105.95000 -60.13930 0.75697
106.00000 -60.14296 0.75628
106.05000 -60.13963 0.75406
106.10000 -60.13872 0.75621
106.15000 -60.14209 0.75561
106.20000 -60.14148 0.75540
106.25000 -60.14501 0.75486
106.30000 -60.14312 0.75823
106.35000 -60.14374 0.75822
106.40000 -60.14538 0.75632
106.45000 -60.14407 0.75720
106.50000 -60.14131 0.75864
106.55000 -60.13975 0.75962
106.60000 -60.14004 0.75831
106.65000 -60.14115 0.75974
106.70000 -60.14107 0.75757
106.75000 -60.13930 0.76104
106.80000 -60.14300 0.75852
106.85000 -60.14448 0.75670
106.90000 -60.14246 0.75682
106.95000 -60.13979 0.75699
107.00000 -60.14255 0.76145
107.05000 -60.14156 0.76240
107.10000 -60.14049 0.76151
107.15000 -60.14304 0.76619
107.20000 -60.14699 0.76187
107.25000 -60.14209 0.76065
107.30000 -60.14135 0.76047
107.35000 -60.14436 0.75893
107.40000 -60.14057 0.76335
107.45000 -60.14098 0.76104
107.50000 -60.14164 0.75876
107.55000 -60.14337 0.75863
107.60000 -60.14267 0.76195
107.65000 -60.14501 0.76367
107.70000 -60.14197 0.76170
107.75000 -60.13955 0.75890
107.80000 -60.13987 0.76126
107.85000 -60.14078 0.76244
107.90000 -60.14279 0.75954
107.95000 -60.14164 0.76024
108.00000 -60.14029 0.76205
108.05000 -60.14127 0.76177
108.10000 -60.14164 0.76094
108.15000 -60.14226 0.75737
108.20000 -60.14156 0.76029
108.25000 -60.14218 0.76113
108.30000 -60.14156 0.76315
108.35000 -60.14078 0.75996
108.40000 -60.13983 0.75910
108.45000 -60.14012 0.75966
108.50000 -60.14037 0.75532
108.55000 -60.14222 0.75844
108.60000 -60.14181 0.75941
108.65000 -60.13712 0.75850
108.70000 -60.14004 0.76209
108.75000 -60.14016 0.75691
108.80000 -60.14275 0.75445
108.85000 -60.14029 0.75471
108.90000 -60.14131 0.75846
108.95000 -60.14283 0.75823
109.00000 -60.14300 0.75764
109.05000 -60.14222 0.75550
109.10000 -60.14115 0.75566
109.15000 -60.14148 0.75599
109.20000 -60.14066 0.75431
109.25000 -60.14366 0.75613
109.30000 -60.14078 0.75281
109.35000 -60.13930 0.75365
109.40000 -60.13482 0.75256
109.45000 -60.13827 0.75493
109.50000 -60.14127 0.75468
109.55000 -60.13848 0.75488
109.60000 -60.14012 0.75295
109.65000 -60.13794 0.75027
109.70000 -60.13630 0.75314
109.75000 -60.14008 0.75303
109.80000 -60.13942 0.75589
109.85000 -60.14070 0.75651
109.90000 -60.14057 0.75394
109.95000 -60.13729 0.75410
110.00000 -60.13519 0.75771
110.05000 -60.13868 0.75485
110.10000 -60.13387 0.75502
110.15000 -60.13819 0.75458
110.20000 -60.13790 0.75494
110.25000 -60.13231 0.75490
110.30000 -60.13474 0.75309
110.35000 -60.13322 0.75633
110.40000 -60.13515 0.75568
110.45000 -60.13416 0.75376
110.50000 -60.13511 0.75434
110.55000 -60.13782 0.75512
110.60000 -60.13840 0.75415
110.65000 -60.13716 0.75310
110.70000 -60.13724 0.75465
110.75000 -60.13708 0.75620
110.80000 -60.13745 0.75784
110.85000 -60.13548 0.75634
110.90000 -60.13774 0.75812
110.95000 -60.13798 0.75445
111.00000 -60.13576 0.75144
111.05000 -60.13507 0.75241
111.10000 -60.13724 0.75125
111.15000 -60.13412 0.75374
111.20000 -60.13618 0.75634
111.25000 -60.13486 0.75773
111.30000 -60.13116 0.75455
111.35000 -60.13535 0.75610
111.40000 -60.13453 0.75621
111.45000 -60.13539 0.75423
111.50000 -60.13708 0.75530
111.55000 -60.13597 0.75497
111.60000 -60.13523 0.75226
111.65000 -60.13597 0.75422
111.70000 -60.13560 0.75568
111.75000 -60.13005 0.75678
111.80000 -60.13416 0.75376
111.85000 -60.13535 0.75289
111.90000 -60.13424 0.75099
111.95000 -60.12853 0.75253
112.00000 -60.13120 0.75125
112.05000 -60.13178 0.75292
112.10000 -60.13375 0.75413
112.15000 -60.13330 0.75009
112.20000 -60.13646 0.74864
112.25000 -60.13515 0.74692
112.30000 -60.13281 0.74897
112.35000 -60.13856 0.74850
112.40000 -60.13667 0.74554
112.45000 -60.13609 0.74778
112.50000 -60.13334 0.74651
112.55000 -60.13437 0.74733
112.60000 -60.13535 0.74744
112.65000 -60.14316 0.74878
112.70000 -60.13979 0.74778
112.75000 -60.13967 0.74968
112.80000 -60.13864 0.75068
112.85000 -60.13872 0.74946
112.90000 -60.13922 0.75050
112.95000 -60.13782 0.75451
113.00000 -60.13975 0.75345
113.05000 -60.13729 0.75206
113.10000 -60.13692 0.75081
113.15000 -60.13683 0.75279
113.20000 -60.13819 0.75245
113.25000 -60.13798 0.75758
113.30000 -60.13597 0.75659
113.35000 -60.13457 0.75439
113.40000 -60.13289 0.75338
113.45000 -60.13593 0.75488
113.50000 -60.13075 0.75613
113.55000 -60.13145 0.75521
113.60000 -60.13174 0.75444
113.65000 -60.13161 0.75174
113.70000 -60.13502 0.75458
113.75000 -60.13305 0.75599
113.80000 -60.12828 0.75430
113.85000 -60.13108 0.75097
113.90000 -60.13091 0.74924
113.95000 -60.13248 0.75121
114.00000 -60.13050 0.75160
114.05000 -60.12783 0.75082
114.10000 -60.12902 0.75210
114.15000 -60.12906 0.75131
114.20000 -60.12927 0.75308
114.25000 -60.13145 0.74922
114.30000 -60.12878 0.74915
114.35000 -60.13268 0.74515
114.40000 -60.13478 0.75067
114.45000 -60.13272 0.75046
114.50000 -60.13359 0.75242
114.55000 -60.13794 0.75533
114.60000 -60.13782 0.75073
114.65000 -60.13844 0.74811
114.70000 -60.13650 0.75356
114.75000 -60.13646 0.75111
114.80000 -60.13712 0.75021
114.85000 -60.13827 0.74714
114.90000 -60.13815 0.74890
114.95000 -60.13379 0.74798
115.00000 -60.13334 0.74976
115.05000 -60.13552 0.74665
115.10000 -60.13572 0.74586
115.15000 -60.13354 0.74692
115.20000 -60.13605 0.74394
115.25000 -60.13881 0.74902
115.30000 -60.13778 0.74946
115.35000 -60.13663 0.74551
115.40000 -60.13770 0.74488
115.45000 -60.13930 0.74291
115.50000 -60.13786 0.74366
115.55000 -60.13511 0.74654
115.60000 -60.13729 0.74744
115.65000 -60.13914 0.74615
115.70000 -60.13601 0.74232
115.75000 -60.13634 0.74406
115.80000 -60.13835 0.74494
115.85000 -60.13679 0.74393
115.90000 -60.14020 0.74279
115.95000 -60.13535 0.74139
116.00000 -60.13478 0.74049
116.05000 -60.13445 0.74479
116.10000 -60.13531 0.74041
116.15000 -60.13716 0.74004
116.20000 -60.13486 0.74107
116.25000 -60.13548 0.74722
116.30000 -60.13449 0.74535
116.35000 -60.13675 0.74236
116.40000 -60.13811 0.74287
116.45000 -60.13692 0.74289
116.50000 -60.13470 0.74304
116.55000 -60.13482 0.74371
116.60000 -60.13539 0.74253
116.65000 -60.13396 0.74355
116.70000 -60.13712 0.74242
116.75000 -60.13297 0.74165
116.80000 -60.13671 0.74227
116.85000 -60.13646 0.74088
116.90000 -60.13650 0.74207
116.95000 -60.13272 0.74110
117.00000 -60.13486 0.74119
117.05000 -60.13428 0.74056
117.10000 -60.13412 0.74348
117.15000 -60.13359 0.74013
117.20000 -60.13252 0.74345
117.25000 -60.13305 0.74363
117.30000 -60.13564 0.74409
117.35000 -60.13729 0.73983
117.40000 -60.13593 0.73975
117.45000 -60.13593 0.73926
117.50000 -60.13252 0.74198
117.55000 -60.13576 0.74257
117.60000 -60.13424 0.74024
117.65000 -60.13354 0.73866
117.70000 -60.13379 0.73633
117.75000 -60.13330 0.73697
117.80000 -60.13379 0.74051
117.85000 -60.13420 0.73840
117.90000 -60.13338 0.74150
117.95000 -60.13276 0.74059
118.00000 -60.13424 0.74059
118.05000 -60.13322 0.73754
118.10000 -60.13244 0.74002
118.15000 -60.13868 0.74096
118.20000 -60.13778 0.73828
118.25000 -60.13716 0.73801
118.30000 -60.13453 0.73730
118.35000 -60.13511 0.73908
118.40000 -60.13235 0.74229
118.45000 -60.13285 0.73784
118.50000 -60.13428 0.73835
118.55000 -60.13420 0.74026
118.60000 -60.13441 0.74078
118.65000 -60.13354 0.74146
118.70000 -60.13297 0.73957
118.75000 -60.13490 0.74200
118.80000 -60.13515 0.74140
118.85000 -60.13211 0.74243
118.90000 -60.13157 0.74038
118.95000 -60.13465 0.73963
119.00000 -60.13305 0.74087
119.05000 -60.13165 0.74089
119.10000 -60.13597 0.74249
119.15000 -60.13190 0.74041
119.20000 -60.12980 0.73760
119.25000 -60.13539 0.73850
119.30000 -60.13223 0.73678
119.35000 -60.13165 0.73859
119.40000 -60.13346 0.73903
119.45000 -60.13519 0.73783
119.50000 -60.13293 0.73754
119.55000 -60.13252 0.73834
119.60000 -60.13416 0.73761
119.65000 -60.13309 0.73336
119.70000 -60.13165 0.73508
119.75000 -60.13437 0.72921
119.80000 -60.13511 0.73533
119.85000 -60.13618 0.73494
119.90000 -60.14012 0.73564
119.95000 -60.13712 0.73641
120.00000 -60.13556 0.73608
120.05000 -60.13638 0.73425
120.10000 -60.13593 0.73320
120.15000 -60.13507 0.73488
120.20000 -60.13646 0.73510
120.25000 -60.13770 0.73589
120.30000 -60.13613 0.73747
120.35000 -60.13667 0.74131
120.40000 -60.13145 0.73995
120.45000 -60.13157 0.73930
120.50000 -60.13342 0.74252
120.55000 -60.13556 0.74050
120.60000 -60.13334 0.74271
120.65000 -60.13445 0.74139
120.70000 -60.13622 0.73785
120.75000 -60.13244 0.73895
120.80000 -60.13198 0.74348
120.85000 -60.13568 0.74207
120.90000 -60.13786 0.74133
120.95000 -60.13519 0.74073
121.00000 -60.13379 0.74271
121.05000 -60.13112 0.74241
121.10000 -60.13087 0.74213
121.15000 -60.13293 0.74078
121.20000 -60.12993 0.74531
121.25000 -60.12845 0.74389
121.30000 -60.12820 0.74295
121.35000 -60.12989 0.74415
121.40000 -60.13281 0.74074
121.45000 -60.13116 0.74251
121.50000 -60.12989 0.74211
121.55000 -60.12746 0.73952
121.60000 -60.12742 0.74451
121.65000 -60.12680 0.74611
121.70000 -60.12824 0.74657
121.75000 -60.12890 0.74678
121.80000 -60.12701 0.74655
121.85000 -60.12528 0.74672
121.90000 -60.12853 0.74737
121.95000 -60.12668 0.74735
122.00000 -60.12245 0.74690
122.05000 -60.12298 0.74468
122.10000 -60.12627 0.74663
122.15000 -60.12537 0.74420
122.20000 -60.12639 0.74686
122.25000 -60.12582 0.74611
122.30000 -60.12421 0.74728
122.35000 -60.12693 0.74776
122.40000 -60.12479 0.74835
122.45000 -60.12368 0.74606
122.50000 -60.12175 0.74834
122.55000 -60.12689 0.74476
122.60000 -60.12487 0.74717
122.65000 -60.12434 0.74821
122.70000 -60.12413 0.74536
122.75000 -60.12487 0.74635
122.80000 -60.12430 0.74720
122.85000 -60.12693 0.74522
122.90000 -60.12541 0.74320
122.95000 -60.12520 0.74427
123.00000 -60.12602 0.74482
123.05000 -60.12578 0.74478
123.10000 -60.12606 0.74362
123.15000 -60.12931 0.74335
123.20000 -60.12931 0.74335
123.25000 -60.12771 0.74637
123.30000 -60.13059 0.74610
123.35000 -60.13120 0.74656
123.40000 -60.12845 0.74497
123.45000 -60.13141 0.74571
123.50000 -60.13038 0.74127
123.55000 -60.13523 0.74653
123.60000 -60.13293 0.74302
123.65000 -60.13075 0.74180
123.70000 -60.13013 0.74368
123.75000 -60.13317 0.74419
123.80000 -60.13334 0.74577
123.85000 -60.13424 0.74660
123.90000 -60.13457 0.74879
123.95000 -60.13309 0.74715
124.00000 -60.13297 0.74586
124.05000 -60.13026 0.74750
124.10000 -60.13313 0.74744
124.15000 -60.13404 0.74464
124.20000 -60.13482 0.74642
124.25000 -60.13190 0.74584
124.30000 -60.13708 0.74675
124.35000 -60.13613 0.74871
124.40000 -60.13548 0.74739
124.45000 -60.13400 0.74734
124.50000 -60.13404 0.74813
124.55000 -60.13831 0.74579
124.60000 -60.13934 0.74740
124.65000 -60.13893 0.74484
124.70000 -60.13807 0.74424
124.75000 -60.13449 0.74768
124.80000 -60.13313 0.74668
124.85000 -60.13404 0.74620
124.90000 -60.13560 0.74631
124.95000 -60.13605 0.74720
125.00000 -60.13655 0.74799
125.05000 -60.13774 0.74692
125.10000 -60.13544 0.74712
125.15000 -60.13918 0.74747
125.20000 -60.13872 0.74831
125.25000 -60.13823 0.74740
125.30000 -60.13778 0.74966
125.35000 -60.13844 0.74760
125.40000 -60.14304 0.74486
125.45000 -60.13901 0.74556
125.50000 -60.13761 0.74906
125.55000 -60.14053 0.74880
125.60000 -60.13782 0.75079
125.65000 -60.14144 0.74860
125.70000 -60.14037 0.75186
125.75000 -60.13975 0.74966
125.80000 -60.13831 0.75162
125.85000 -60.13872 0.75117
125.90000 -60.13872 0.75141
125.95000 -60.13815 0.74890
126.00000 -60.13585 0.75216
126.05000 -60.13766 0.74952
126.10000 -60.13951 0.75214
126.15000 -60.13840 0.75057
126.20000 -60.13593 0.75286
126.25000 -60.13959 0.74874
126.30000 -60.13827 0.75221
126.35000 -60.13811 0.75155
126.40000 -60.13864 0.75161
126.45000 -60.14041 0.75131
126.50000 -60.13992 0.75147
126.55000 -60.13971 0.75378
126.60000 -60.13852 0.75288
126.65000 -60.13831 0.75285
126.70000 -60.14029 0.74946
126.75000 -60.14111 0.75461
126.80000 -60.13840 0.75230
126.85000 -60.14090 0.75159
126.90000 -60.14168 0.75290
126.95000 -60.13975 0.75386
127.00000 -60.14008 0.75297
127.05000 -60.14255 0.75163
127.10000 -60.14218 0.75497
127.15000 -60.14205 0.75866
127.20000 -60.13646 0.75573
127.25000 -60.14156 0.75507
127.30000 -60.13963 0.75312
127.35000 -60.14209 0.75577
127.40000 -60.14226 0.75705
127.45000 -60.14234 0.75550
127.50000 -60.14366 0.75356
127.55000 -60.14514 0.75742
127.60000 -60.14251 0.75377
127.65000 -60.14156 0.75473
127.70000 -60.14259 0.75503
127.75000 -60.14193 0.75425
127.80000 -60.13983 0.75615
127.85000 -60.14353 0.75550
127.90000 -60.14407 0.75468
127.95000 -60.14070 0.75485
128.00000 -60.14185 0.75656
128.05000 -60.14123 0.75661
128.10000 -60.13959 0.75850
128.15000 -60.14131 0.75132
128.20000 -60.14172 0.75494
128.25000 -60.14045 0.75540
128.30000 -60.14501 0.75506
128.35000 -60.14255 0.75719
128.40000 -60.14267 0.75732
128.45000 -60.14135 0.75636
128.50000 -60.14362 0.75501
128.55000 -60.14074 0.75402
128.60000 -60.14160 0.75363
128.65000 -60.14148 0.75727
128.70000 -60.14263 0.75396
128.75000 -60.14283 0.75540
128.80000 -60.13983 0.75533
128.85000 -60.14357 0.75866
128.90000 -60.14485 0.75814
128.95000 -60.14325 0.75924
129.00000 -60.14662 0.75109
129.05000 -60.14329 0.74900
129.10000 -60.14596 0.75407
129.15000 -60.14341 0.75361
129.20000 -60.14423 0.75300
129.25000 -60.14555 0.75180
129.30000 -60.14316 0.75099
129.35000 -60.14542 0.74861
129.40000 -60.14921 0.74897
129.45000 -60.14933 0.74918
129.50000 -60.14649 0.75126
129.55000 -60.14645 0.74722
129.60000 -60.14592 0.75058
129.65000 -60.14699 0.74882
129.70000 -60.14682 0.75013
129.75000 -60.14736 0.75051
129.80000 -60.14777 0.74863
129.85000 -60.14641 0.75002
129.90000 -60.14834 0.74726
129.95000 -60.14744 0.74696
130.00000 -60.14756 0.75256
130.05000 -60.14797 0.74945
130.10000 -60.15023 0.74946
130.15000 -60.14974 0.74998
130.20000 -60.14966 0.74883
130.25000 -60.14896 0.74927
130.30000 -60.15064 0.74840
130.35000 -60.14871 0.75027
130.40000 -60.14653 0.75122
130.45000 -60.14575 0.74636
130.50000 -60.14497 0.74870
130.55000 -60.14760 0.75064
130.60000 -60.14600 0.74977
130.65000 -60.14542 0.75051
130.70000 -60.14731 0.75114
130.75000 -60.14526 0.74871
130.80000 -60.14962 0.75028
130.85000 -60.14649 0.74909
130.90000 -60.14879 0.74998
130.95000 -60.14847 0.74662
131.00000 -60.14929 0.75115
131.05000 -60.15007 0.74977
131.10000 -60.15225 0.74813
131.15000 -60.15130 0.74636
131.20000 -60.15397 0.75026
131.25000 -60.15266 0.75016
131.30000 -60.15130 0.74820
131.35000 -60.15508 0.74911
131.40000 -60.15340 0.74930
131.45000 -60.15492 0.75001
131.50000 -60.15652 0.75200
131.55000 -60.15747 0.75047
131.60000 -60.15517 0.75169
131.65000 -60.15545 0.74844
131.70000 -60.15529 0.75130
131.75000 -60.15344 0.75282
131.80000 -60.15529 0.74983
131.85000 -60.15808 0.74936
131.90000 -60.15373 0.75145
131.95000 -60.15319 0.75467
132.00000 -60.15549 0.75378
132.05000 -60.15545 0.75187
132.10000 -60.15562 0.75104
132.15000 -60.15640 0.75330
132.20000 -60.15845 0.75173
132.25000 -60.15952 0.75102
132.30000 -60.15574 0.74928
132.35000 -60.15545 0.75318
132.40000 -60.15434 0.75020
132.45000 -60.15710 0.74852
132.50000 -60.15751 0.75048
132.55000 -60.15755 0.75174
132.60000 -60.15648 0.75204
132.65000 -60.15615 0.75278
132.70000 -60.15274 0.75107
132.75000 -60.15644 0.75359
132.80000 -60.15430 0.75129
132.85000 -60.15529 0.75123
132.90000 -60.15307 0.75114
132.95000 -60.15175 0.75304
133.00000 -60.15566 0.75314
133.05000 -60.15562 0.75375
133.10000 -60.15484 0.75062
133.15000 -60.15788 0.75258
133.20000 -60.15406 0.75138
133.25000 -60.15549 0.75144
133.30000 -60.15570 0.75133
133.35000 -60.16071 0.75000
133.40000 -60.15693 0.75072
133.45000 -60.15656 0.75003
133.50000 -60.15541 0.74906
133.55000 -60.15549 0.75114
133.60000 -60.15570 0.74744
133.65000 -60.15508 0.75035
133.70000 -60.15418 0.74879
133.75000 -60.15718 0.74821
133.80000 -60.15780 0.75110
133.85000 -60.15710 0.75030
133.90000 -60.15767 0.75031
133.95000 -60.15722 0.75048
134.00000 -60.15512 0.74995
134.05000 -60.15554 0.74893
134.10000 -60.15582 0.74822
134.15000 -60.15332 0.74769
134.20000 -60.15422 0.74884
134.25000 -60.15710 0.75124
134.30000 -60.15500 0.75119
134.35000 -60.15952 0.75165
134.40000 -60.15660 0.74905
134.45000 -60.15726 0.75027
134.50000 -60.15924 0.74674
134.55000 -60.15652 0.75092
134.60000 -60.15673 0.74649
134.65000 -60.15689 0.75061
134.70000 -60.15636 0.74808
134.75000 -60.15471 0.74865
134.80000 -60.15295 0.74760
134.85000 -60.15291 0.74576
134.90000 -60.15521 0.74809
134.95000 -60.15447 0.74942
135.00000 -60.15438 0.74817
135.05000 -60.15480 0.74822
135.10000 -60.15582 0.75221
135.15000 -60.15685 0.74786
135.20000 -60.15586 0.74842
135.25000 -60.15327 0.75284
135.30000 -60.15270 0.75208
135.35000 -60.15291 0.75398
135.40000 -60.15401 0.75018
135.45000 -60.15217 0.75215
135.50000 -60.15138 0.75714
135.55000 -60.15508 0.75149
135.60000 -60.15660 0.75336
135.65000 -60.15377 0.75505
135.70000 -60.15192 0.75183
135.75000 -60.15229 0.75467
135.80000 -60.14768 0.75567
135.85000 -60.14999 0.75600
135.90000 -60.15118 0.75437
135.95000 -60.14978 0.75552
136.00000 -60.14773 0.75257
136.05000 -60.15056 0.75301
136.10000 -60.15093 0.75554
136.15000 -60.15015 0.75821
136.20000 -60.15192 0.75530
136.25000 -60.15418 0.75559
136.30000 -60.15574 0.75509
136.35000 -60.15549 0.75510
136.40000 -60.15319 0.75602
136.45000 -60.15233 0.75493
136.50000 -60.15406 0.75401
136.55000 -60.15541 0.75135
136.60000 -60.15019 0.75569
136.65000 -60.14875 0.75305
136.70000 -60.15089 0.75261
136.75000 -60.15241 0.75576
136.80000 -60.14958 0.75505
136.85000 -60.15221 0.75522
136.90000 -60.15056 0.75276
136.95000 -60.15184 0.75378
137.00000 -60.15040 0.75232
137.05000 -60.14921 0.75478
137.10000 -60.15233 0.75416
137.15000 -60.14970 0.75429
137.20000 -60.15447 0.75336
137.25000 -60.15529 0.75245
137.30000 -60.15159 0.75203
137.35000 -60.15521 0.75552
137.40000 -60.15217 0.75393
137.45000 -60.15311 0.75163
137.50000 -60.15114 0.75102
137.55000 -60.14805 0.75001
137.60000 -60.14879 0.75070
137.65000 -60.15101 0.74975
137.70000 -60.14896 0.74706
137.75000 -60.15175 0.74858
137.80000 -60.14941 0.74761
137.85000 -60.14863 0.74745
137.90000 -60.15040 0.75028
137.95000 -60.15036 0.74937
138.00000 -60.14703 0.75104
138.05000 -60.14958 0.74697
138.10000 -60.14662 0.74988
138.15000 -60.14941 0.74772
138.20000 -60.15184 0.75141
138.25000 -60.15126 0.75085
138.30000 -60.15081 0.74939
138.35000 -60.14982 0.74725
138.40000 -60.15233 0.74925
138.45000 -60.15163 0.75034
138.50000 -60.15064 0.74921
138.55000 -60.15048 0.74823
138.60000 -60.15089 0.75102
138.65000 -60.15118 0.75045
138.70000 -60.15545 0.74994
138.75000 -60.15147 0.75366
138.80000 -60.15245 0.75334
138.85000 -60.15188 0.75156
138.90000 -60.15360 0.75212
138.95000 -60.15188 0.75050
139.00000 -60.14851 0.75550
139.05000 -60.15015 0.75298
139.10000 -60.15167 0.75097
139.15000 -60.15143 0.75270
139.20000 -60.15126 0.75090
139.25000 -60.15138 0.75029
139.30000 -60.14945 0.75174
139.35000 -60.15208 0.75298
139.40000 -60.15212 0.75080
139.45000 -60.14970 0.75351
139.50000 -60.14999 0.75246
139.55000 -60.14567 0.75125
139.60000 -60.15171 0.74956
139.65000 -60.15180 0.75004
139.70000 -60.14826 0.75257
139.75000 -60.14386 0.75481
139.80000 -60.15081 0.74959
139.85000 -60.15221 0.75047
139.90000 -60.15225 0.75169
139.95000 -60.15221 0.74861
140.00000 -60.15229 0.75028
140.05000 -60.14937 0.74959
140.10000 -60.15114 0.75201
140.15000 -60.14974 0.74864
140.20000 -60.15229 0.74882
140.25000 -60.15743 0.74939
140.30000 -60.15480 0.75101
140.35000 -60.16039 0.74839
140.40000 -60.15780 0.74889
140.45000 -60.15924 0.74832
140.50000 -60.15718 0.74791
140.55000 -60.15574 0.74812
140.60000 -60.15525 0.74961
140.65000 -60.15615 0.74519
140.70000 -60.15615 0.74922
140.75000 -60.15459 0.74624
140.80000 -60.15393 0.74785
140.85000 -60.15529 0.74655
140.90000 -60.15751 0.74814
140.95000 -60.15562 0.75124
141.00000 -60.15373 0.74953
141.05000 -60.15570 0.74744
141.10000 -60.15521 0.74994
141.15000 -60.15475 0.74670
141.20000 -60.15562 0.74690
141.25000 -60.15434 0.74643
141.30000 -60.15254 0.74770
141.35000 -60.15455 0.74648
141.40000 -60.15410 0.74861
141.45000 -60.15381 0.74667
141.50000 -60.15545 0.74493
141.55000 -60.15558 0.74537
141.60000 -60.15521 0.74389
141.65000 -60.15249 0.74184
141.70000 -60.15393 0.74414
141.75000 -60.15471 0.74572
141.80000 -60.15360 0.74355
141.85000 -60.15315 0.74398
141.90000 -60.15702 0.74569
141.95000 -60.15455 0.74605
142.00000 -60.15693 0.74889
142.05000 -60.15443 0.74756
142.10000 -60.15467 0.74406
142.15000 -60.15549 0.74543
142.20000 -60.14826 0.74631
142.25000 -60.15291 0.74583
142.30000 -60.15282 0.74614
142.35000 -60.15669 0.74752
142.40000 -60.15566 0.74400
142.45000 -60.15734 0.74882
142.50000 -60.15837 0.75001
142.55000 -60.15467 0.74661
142.60000 -60.15582 0.74502
142.65000 -60.15270 0.74613
142.70000 -60.15299 0.74520
142.75000 -60.15319 0.74350
142.80000 -60.15196 0.74697
142.85000 -60.15278 0.73975
142.90000 -60.15418 0.74040
142.95000 -60.15299 0.74184
143.00000 -60.15048 0.74468
143.05000 -60.15414 0.74674
143.10000 -60.15282 0.74638
143.15000 -60.15554 0.74739
143.20000 -60.15689 0.74079
143.25000 -60.15673 0.74342
143.30000 -60.15640 0.74448
143.35000 -60.15418 0.74618
143.40000 -60.15907 0.74587
143.45000 -60.15463 0.74441
143.50000 -60.15537 0.74017
143.55000 -60.15447 0.73957
143.60000 -60.15533 0.74021
143.65000 -60.15254 0.74314
143.70000 -60.15381 0.73882
143.75000 -60.15303 0.74528
143.80000 -60.15500 0.74548
143.85000 -60.15188 0.74225
143.90000 -60.15278 0.74066
143.95000 -60.14982 0.74030
144.00000 -60.15032 0.74163
144.05000 -60.15438 0.74208
144.10000 -60.15134 0.74353
144.15000 -60.15245 0.74334
144.20000 -60.15401 0.73986
144.25000 -60.15327 0.74211
144.30000 -60.15291 0.73952
144.35000 -60.15463 0.73788
144.40000 -60.15282 0.73725
144.45000 -60.15381 0.73898
144.50000 -60.14925 0.73943
144.55000 -60.15369 0.73610
144.60000 -60.15348 0.73704
144.65000 -60.15069 0.73676
144.70000 -60.15438 0.73883
144.75000 -60.15369 0.73386
144.80000 -60.14974 0.73408
144.85000 -60.14933 0.73513
144.90000 -60.14785 0.73338
144.95000 -60.14752 0.73422
145.00000 -60.14879 0.73306
145.05000 -60.15323 0.73471
145.10000 -60.15019 0.73575
145.15000 -60.14916 0.73673
145.20000 -60.15023 0.73939
145.25000 -60.15036 0.73733
145.30000 -60.14884 0.73654
145.35000 -60.15167 0.73501
145.40000 -60.15233 0.73720
145.45000 -60.15106 0.73549
145.50000 -60.15093 0.73805
145.55000 -60.14793 0.73761
145.60000 -60.15110 0.73779
145.65000 -60.15249 0.73718
145.70000 -60.15171 0.73633
145.75000 -60.15101 0.74060
145.80000 -60.14879 0.74343
145.85000 -60.14921 0.74054
145.90000 -60.14986 0.73637
145.95000 -60.14851 0.74053
146.00000 -60.15200 0.73967
146.05000 -60.15036 0.74062
146.10000 -60.14900 0.74170
146.15000 -60.15069 0.74200
146.20000 -60.14953 0.74347
146.25000 -60.14633 0.73958
146.30000 -60.14904 0.74152
146.35000 -60.14575 0.74053
146.40000 -60.14657 0.74159
146.45000 -60.14612 0.73876
146.50000 -60.14518 0.73932
146.55000 -60.14707 0.74098
146.60000 -60.14510 0.74057
146.65000 -60.14308 0.74168
146.70000 -60.14267 0.74074
146.75000 -60.14041 0.74075
146.80000 -60.14489 0.74188
146.85000 -60.14394 0.74482
146.90000 -60.14374 0.74675
146.95000 -60.14053 0.74518
147.00000 -60.14053 0.74425
147.05000 -60.14197 0.74348
147.10000 -60.13897 0.74168
147.15000 -60.14119 0.74254
147.20000 -60.13992 0.74367
147.25000 -60.13852 0.74272
147.30000 -60.13696 0.74290
147.35000 -60.13597 0.74435
147.40000 -60.14029 0.74666
147.45000 -60.13975 0.74288
147.50000 -60.14086 0.74590
147.55000 -60.14197 0.74642
147.60000 -60.14283 0.74389
147.65000 -60.13790 0.74579
147.70000 -60.13897 0.74547
147.75000 -60.14111 0.74812
147.80000 -60.13774 0.75007
147.85000 -60.13860 0.74728
147.90000 -60.14107 0.74865
147.95000 -60.13860 0.74541
148.00000 -60.14049 0.74189
148.05000 -60.14218 0.74344
148.10000 -60.14460 0.74420
148.15000 -60.14292 0.74314
148.20000 -60.14255 0.74339
148.25000 -60.14349 0.74212
148.30000 -60.14419 0.74281
148.35000 -60.14547 0.74159
148.40000 -60.14510 0.74078
148.45000 -60.14242 0.74400
148.50000 -60.14678 0.74245
148.55000 -60.14477 0.74812
148.60000 -60.14781 0.74627
148.65000 -60.14637 0.74321
148.70000 -60.14621 0.74564
148.75000 -60.14657 0.74812
148.80000 -60.14707 0.74568
148.85000 -60.14723 0.74298
148.90000 -60.14760 0.74157
148.95000 -60.14653 0.74429
149.00000 -60.14921 0.74457
149.05000 -60.15011 0.74451
149.10000 -60.14810 0.74644
149.15000 -60.15089 0.74442
149.20000 -60.15052 0.74377
149.25000 -60.15003 0.74352
149.30000 -60.15381 0.74436
149.35000 -60.15143 0.74523
149.40000 -60.14982 0.74130
149.45000 -60.14916 0.74364
149.50000 -60.14842 0.74267
149.55000 -60.14649 0.74343
149.60000 -60.14879 0.74356
149.65000 -60.14436 0.74097
149.70000 -60.14797 0.74066
149.75000 -60.14781 0.73986
149.80000 -60.14427 0.74367
149.85000 -60.14427 0.74259
149.90000 -60.14378 0.73883
149.95000 -60.14579 0.74333
150.00000 -60.14222 0.74094
150.05000 -60.14592 0.73918
150.10000 -60.14686 0.74454
150.15000 -60.14571 0.74493
150.20000 -60.14493 0.74381
150.25000 -60.14255 0.74254
150.30000 -60.14748 0.74226
150.35000 -60.14575 0.74445
150.40000 -60.14694 0.74407
150.45000 -60.14510 0.74447
150.50000 -60.14259 0.74546
150.55000 -60.14423 0.74671
150.60000 -60.14970 0.74697
150.65000 -60.14941 0.74343
150.70000 -60.14871 0.74129
150.75000 -60.14851 0.74270
150.80000 -60.14477 0.74263
150.85000 -60.14760 0.74383
150.90000 -60.15007 0.74402
150.95000 -60.15118 0.74205
151.00000 -60.14999 0.74330
151.05000 -60.15237 0.74810
151.10000 -60.14941 0.74422
151.15000 -60.14875 0.74654
151.20000 -60.14768 0.74412
151.25000 -60.14826 0.74754
151.30000 -60.15069 0.74467
151.35000 -60.15064 0.74113
151.40000 -60.15480 0.74663
151.45000 -60.15118 0.74362
151.50000 -60.15188 0.74380
151.55000 -60.14929 0.74317
151.60000 -60.14900 0.74399
151.65000 -60.15060 0.74620
151.70000 -60.14797 0.74466
151.75000 -60.15143 0.74161
151.80000 -60.15151 0.74142
151.85000 -60.15130 0.74235
151.90000 -60.15340 0.74426
151.95000 -60.15323 0.74594
152.00000 -60.15327 0.74460
152.05000 -60.15488 0.74330
152.10000 -60.15459 0.74711
152.15000 -60.15426 0.75067
152.20000 -60.15385 0.74920
152.25000 -60.15430 0.74681
152.30000 -60.15862 0.74547
152.35000 -60.15767 0.74595
152.40000 -60.15558 0.75028
152.45000 -60.15693 0.74939
152.50000 -60.15829 0.74702
152.55000 -60.15554 0.74618
152.60000 -60.15393 0.74688
152.65000 -60.15073 0.75065
152.70000 -60.15192 0.75028
152.75000 -60.15270 0.75006
152.80000 -60.15011 0.75101
152.85000 -60.15089 0.74943
152.90000 -60.15229 0.74998
152.95000 -60.15069 0.75018
153.00000 -60.15311 0.74864
153.05000 -60.15134 0.75085
153.10000 -60.14999 0.75183
153.15000 -60.14748 0.74730
153.20000 -60.14538 0.75038
153.25000 -60.14921 0.75112
153.30000 -60.14896 0.75534
153.35000 -60.14489 0.75570
153.40000 -60.14801 0.75524
153.45000 -60.14592 0.75428
153.50000 -60.14592 0.75140
153.55000 -60.14612 0.75414
153.60000 -60.14464 0.75275
153.65000 -60.14370 0.75332
153.70000 -60.14826 0.75771
153.75000 -60.14382 0.75558
153.80000 -60.14304 0.75490
153.85000 -60.14608 0.75535
153.90000 -60.14534 0.75557
153.95000 -60.14493 0.75674
154.00000 -60.14481 0.75619
154.05000 -60.14514 0.75707
154.10000 -60.14251 0.75571
154.15000 -60.14222 0.75405
154.20000 -60.14436 0.75697
154.25000 -60.14378 0.75614
154.30000 -60.14312 0.75879
154.35000 -60.14485 0.75926
154.40000 -60.14847 0.75722
154.45000 -60.14904 0.75647
154.50000 -60.15060 0.75651
154.55000 -60.14703 0.75950
154.60000 -60.14411 0.75738
154.65000 -60.14115 0.75787
154.70000 -60.14394 0.75744
154.75000 -60.14608 0.75766
154.80000 -60.14440 0.75968
154.85000 -60.14382 0.75665
154.90000 -60.14427 0.75344
154.95000 -60.14563 0.75392
155.00000 -60.14419 0.75475
155.05000 -60.14505 0.75311
155.10000 -60.14061 0.75435
155.15000 -60.14234 0.75460
155.20000 -60.14164 0.75481
155.25000 -60.14374 0.75520
155.30000 -60.14394 0.75642
155.35000 -60.14584 0.75416
155.40000 -60.14423 0.74930
155.45000 -60.14760 0.75334
155.50000 -60.14501 0.75308
155.55000 -60.14559 0.75214
155.60000 -60.14045 0.75320
155.65000 -60.14403 0.74902
155.70000 -60.14152 0.75193
155.75000 -60.13983 0.75446
155.80000 -60.14325 0.75398
155.85000 -60.14053 0.75373
155.90000 -60.14020 0.75318
155.95000 -60.13815 0.75325
156.00000 -60.13646 0.75096
156.05000 -60.14156 0.75272
156.10000 -60.14033 0.75360
156.15000 -60.13983 0.75649
156.20000 -60.13757 0.75315
156.25000 -60.13745 0.75315
156.30000 -60.13930 0.75153
156.35000 -60.13901 0.75198
156.40000 -60.14024 0.74990
156.45000 -60.13872 0.75466
156.50000 -60.14267 0.74934
156.55000 -60.14066 0.74976
156.60000 -60.13387 0.74980
156.65000 -60.13671 0.75017
156.70000 -60.13815 0.74848
156.75000 -60.13687 0.74700
156.80000 -60.13704 0.74679
156.85000 -60.14074 0.74451
156.90000 -60.13766 0.74718
156.95000 -60.13975 0.74610
157.00000 -60.14024 0.74962
157.05000 -60.13955 0.75075
157.10000 -60.13835 0.74556
157.15000 -60.13893 0.74442
157.20000 -60.14086 0.74718
157.25000 -60.14320 0.74976
157.30000 -60.13840 0.75048
157.35000 -60.14016 0.75100
157.40000 -60.13897 0.74739
157.45000 -60.13840 0.74404
157.50000 -60.13757 0.74767
157.55000 -60.14164 0.74505
157.60000 -60.14107 0.74314
157.65000 -60.13979 0.74482
157.70000 -60.13663 0.74905
157.75000 -60.13885 0.74413
157.80000 -60.13807 0.74547
157.85000 -60.13683 0.74824
157.90000 -60.13782 0.74532
157.95000 -60.13757 0.74525
158.00000 -60.14103 0.74430
158.05000 -60.13959 0.74031
158.10000 -60.13671 0.74389
158.15000 -60.13774 0.74215
158.20000 -60.13811 0.74377
158.25000 -60.13942 0.74218
158.30000 -60.14066 0.74048
158.35000 -60.14086 0.73799
158.40000 -60.13975 0.73794
158.45000 -60.13885 0.74069
158.50000 -60.13790 0.74036
158.55000 -60.13872 0.74024
158.60000 -60.14053 0.74063
158.65000 -60.14016 0.73605
158.70000 -60.14000 0.73821
158.75000 -60.14086 0.74017
158.80000 -60.14107 0.73633
158.85000 -60.14353 0.73736
158.90000 -60.14320 0.73778
158.95000 -60.14160 0.73639
159.00000 -60.14041 0.73427
159.05000 -60.13971 0.73782
159.10000 -60.14349 0.73624
159.15000 -60.14148 0.73436
159.20000 -60.14160 0.73652
159.25000 -60.14251 0.73770
159.30000 -60.14214 0.73831
159.35000 -60.14703 0.73637
159.40000 -60.14884 0.73648
159.45000 -60.14226 0.73596
159.50000 -60.14300 0.73642
159.55000 -60.14275 0.73728
159.60000 -60.14135 0.73665
159.65000 -60.14801 0.73772
159.70000 -60.14485 0.73565
159.75000 -60.14337 0.73848
159.80000 -60.14690 0.73390
159.85000 -60.14756 0.73771
159.90000 -60.14694 0.73768
159.95000 -60.14612 0.73966
160.00000 -60.14337 0.73638
160.05000 -60.14818 0.73458
160.10000 -60.14748 0.73420
160.15000 -60.14567 0.73441
160.20000 -60.14407 0.73367
160.25000 -60.14559 0.73521
160.30000 -60.14222 0.73509
160.35000 -60.14555 0.73634
160.40000 -60.14805 0.73663
160.45000 -60.14345 0.73225
160.50000 -60.14234 0.73308
160.55000 -60.14222 0.73154
160.60000 -60.14596 0.73050
160.65000 -60.14666 0.73108
160.70000 -60.14489 0.72999
160.75000 -60.14670 0.73077
160.80000 -60.14489 0.73193
160.85000 -60.14473 0.73171
160.90000 -60.14682 0.73405
160.95000 -60.14818 0.73316
161.00000 -60.14715 0.73325
161.05000 -60.14440 0.73299
161.10000 -60.14768 0.73368
161.15000 -60.14616 0.73425
161.20000 -60.14567 0.73229
161.25000 -60.15015 0.73277
161.30000 -60.14999 0.73166
161.35000 -60.14904 0.73310
161.40000 -60.14711 0.73305
161.45000 -60.14489 0.73339
161.50000 -60.15093 0.73427
161.55000 -60.14431 0.73479
161.60000 -60.14625 0.73570
161.65000 -60.14633 0.73346
161.70000 -60.14822 0.73306
161.75000 -60.14456 0.73253
161.80000 -60.14596 0.72847
161.85000 -60.14723 0.73067
161.90000 -60.14612 0.73386
161.95000 -60.14727 0.73453
162.00000 -60.14534 0.73390
162.05000 -60.14682 0.73488
162.10000 -60.14473 0.73635
162.15000 -60.14547 0.73544
162.20000 -60.14834 0.73386
162.25000 -60.14929 0.73067
162.30000 -60.15249 0.73586
162.35000 -60.15459 0.72968
162.40000 -60.15467 0.73226
162.45000 -60.15323 0.73463
162.50000 -60.14999 0.73183
162.55000 -60.15192 0.73601
162.60000 -60.15262 0.73662
162.65000 -60.15344 0.73642
162.70000 -60.15291 0.73390
162.75000 -60.15467 0.73421
162.80000 -60.15044 0.73441
162.85000 -60.15101 0.73257
162.90000 -60.15291 0.73934
162.95000 -60.15118 0.73355
163.00000 -60.15188 0.73376
163.05000 -60.15447 0.73738
163.10000 -60.15175 0.73816
163.15000 -60.15229 0.73583
163.20000 -60.15093 0.73650
163.25000 -60.15438 0.73572
163.30000 -60.15410 0.73732
163.35000 -60.15467 0.73849
163.40000 -60.15517 0.73801
163.45000 -60.15537 0.73707
163.50000 -60.14945 0.73734
163.55000 -60.15233 0.73916
163.60000 -60.15254 0.74013
163.65000 -60.15167 0.73622
163.70000 -60.14921 0.73845
163.75000 -60.15155 0.73606
163.80000 -60.14612 0.74021
163.85000 -60.14838 0.74234
163.90000 -60.14534 0.74021
163.95000 -60.14727 0.73804
164.00000 -60.14411 0.73914
164.05000 -60.14308 0.74271
164.10000 -60.14419 0.74032
164.15000 -60.14362 0.73911
164.20000 -60.14349 0.74152
164.25000 -60.14333 0.74017
164.30000 -60.14263 0.74268
164.35000 -60.14218 0.74132
164.40000 -60.14004 0.73867
164.45000 -60.13926 0.74122
164.50000 -60.13987 0.74237
164.55000 -60.14045 0.73941
164.60000 -60.14029 0.74173
164.65000 -60.13922 0.74236
164.70000 -60.14304 0.73849
164.75000 -60.14403 0.74231
164.80000 -60.14016 0.74026
164.85000 -60.13868 0.74202
164.90000 -60.14029 0.74005
164.95000 -60.14259 0.74419
165.00000 -60.14456 0.74697
165.05000 -60.14345 0.74485
165.10000 -60.14115 0.74214
165.15000 -60.14645 0.74108
165.20000 -60.14731 0.74016
165.25000 -60.14929 0.74085
165.30000 -60.14711 0.73973
165.35000 -60.14694 0.74136
165.40000 -60.14674 0.74272
165.45000 -60.14785 0.74318
165.50000 -60.14929 0.74419
165.55000 -60.15151 0.74517
165.60000 -60.14789 0.74255
165.65000 -60.14592 0.74455
165.70000 -60.14851 0.74552
165.75000 -60.14526 0.74211
165.80000 -60.14847 0.74145
165.85000 -60.14653 0.74387
165.90000 -60.14707 0.74323
165.95000 -60.14694 0.74415
166.00000 -60.14653 0.74608
166.05000 -60.14830 0.74874
166.10000 -60.14748 0.74732
166.15000 -60.15134 0.74473
166.20000 -60.14921 0.74869
166.25000 -60.14727 0.74644
166.30000 -60.14851 0.74648
166.35000 -60.15212 0.74351
166.40000 -60.15027 0.74477
166.45000 -60.15175 0.74258
166.50000 -60.14953 0.74367
166.55000 -60.14986 0.74520
166.60000 -60.14847 0.74764
166.65000 -60.14916 0.74384
166.70000 -60.15060 0.74378
166.75000 -60.15311 0.74391
166.80000 -60.14900 0.74761
166.85000 -60.14921 0.75010
166.90000 -60.14760 0.74693
166.95000 -60.14859 0.74579
167.00000 -60.15106 0.74449
167.05000 -60.14986 0.74563
167.10000 -60.14851 0.74886
167.15000 -60.14884 0.74807
167.20000 -60.14403 0.74885
167.25000 -60.14493 0.74853
167.30000 -60.14242 0.74770
167.35000 -60.14316 0.74833
167.40000 -60.14522 0.74715
167.45000 -60.14575 0.74867
167.50000 -60.14752 0.74625
167.55000 -60.14740 0.74729
167.60000 -60.14662 0.74618
167.65000 -60.14896 0.74828
167.70000 -60.14773 0.74652
167.75000 -60.14518 0.74800
167.80000 -60.14296 0.75030
167.85000 -60.14707 0.74791
167.90000 -60.14838 0.74954
167.95000 -60.14621 0.74986
168.00000 -60.14399 0.74926
168.05000 -60.14234 0.74971
168.10000 -60.14218 0.75012
168.15000 -60.14382 0.74907
168.20000 -60.14415 0.75045
168.25000 -60.14267 0.74647
168.30000 -60.14279 0.74895
168.35000 -60.14378 0.74900
168.40000 -60.14255 0.74803
168.45000 -60.14296 0.74922
168.50000 -60.14374 0.75081
168.55000 -60.14501 0.74823
168.60000 -60.14382 0.74738
168.65000 -60.14000 0.74884
168.70000 -60.14415 0.74544
168.75000 -60.14029 0.74650
168.80000 -60.14238 0.75028
168.85000 -60.14181 0.75037
168.90000 -60.14164 0.74907
168.95000 -60.14337 0.74989
169.00000 -60.14419 0.74700
169.05000 -60.14497 0.74722
169.10000 -60.14711 0.74817
169.15000 -60.14547 0.75298
169.20000 -60.14501 0.74955
169.25000 -60.14341 0.74927
169.30000 -60.14292 0.75138
169.35000 -60.14703 0.75231
169.40000 -60.14460 0.75177
169.45000 -60.14633 0.74917
169.50000 -60.14904 0.75285
169.55000 -60.14797 0.74957
169.60000 -60.14801 0.74995
169.65000 -60.14600 0.74932
169.70000 -60.14801 0.74915
169.75000 -60.14785 0.74791
169.80000 -60.14999 0.75031
169.85000 -60.15040 0.75042
169.90000 -60.14859 0.74860
169.95000 -60.14608 0.74864
170.00000 -60.14641 0.74475
170.05000 -60.14900 0.74659
170.10000 -60.14884 0.74771
170.15000 -60.14805 0.74455
170.20000 -60.14949 0.74484
170.25000 -60.14703 0.74633
170.30000 -60.15097 0.74657
170.35000 -60.14600 0.74724
170.40000 -60.14970 0.75000
170.45000 -60.15217 0.74917
170.50000 -60.14937 0.74504
170.55000 -60.14764 0.74863
170.60000 -60.14538 0.74886
170.65000 -60.14748 0.74800
170.70000 -60.14616 0.75049
170.75000 -60.14978 0.74993
170.80000 -60.14921 0.74770
170.85000 -60.14682 0.74704
170.90000 -60.14859 0.74886
170.95000 -60.15036 0.74898
171.00000 -60.14871 0.74826
171.05000 -60.14896 0.74911
171.10000 -60.15044 0.74755
171.15000 -60.15040 0.74802
171.20000 -60.14522 0.74601
171.25000 -60.14863 0.74669
171.30000 -60.14567 0.74696
171.35000 -60.14633 0.74596
171.40000 -60.15073 0.74638
171.45000 -60.15208 0.74414
171.50000 -60.15512 0.74384
171.55000 -60.15204 0.74514
171.60000 -60.15307 0.74466
171.65000 -60.15036 0.74550
171.70000 -60.15525 0.74491
171.75000 -60.15134 0.74571
171.80000 -60.15397 0.74574
171.85000 -60.15591 0.74426
171.90000 -60.15406 0.74258
171.95000 -60.15697 0.74289
172.00000 -60.15315 0.74010
172.05000 -60.15221 0.74077
172.10000 -60.15356 0.74410
172.15000 -60.15422 0.74371
172.20000 -60.15574 0.74779
172.25000 -60.15393 0.74316
172.30000 -60.15500 0.74240
172.35000 -60.15582 0.74768
172.40000 -60.15221 0.74841
172.45000 -60.15241 0.74953
172.50000 -60.15319 0.74656
172.55000 -60.15040 0.74547
172.60000 -60.15192 0.74435
172.65000 -60.15241 0.74530
172.70000 -60.14875 0.74860
172.75000 -60.15184 0.75106
172.80000 -60.14916 0.74817
172.85000 -60.14567 0.75037
172.90000 -60.14579 0.74713
172.95000 -60.14773 0.74994
173.00000 -60.14801 0.75051
173.05000 -60.14958 0.74873
173.10000 -60.14933 0.75173
173.15000 -60.14773 0.75189
173.20000 -60.14559 0.74903
173.25000 -60.14851 0.74798
173.30000 -60.14637 0.74755
173.35000 -60.14875 0.74635
173.40000 -60.15258 0.75347
173.45000 -60.15003 0.74873
173.50000 -60.15192 0.75135
173.55000 -60.14966 0.74469
173.60000 -60.14518 0.74257
173.65000 -60.14547 0.74998
173.70000 -60.15040 0.74924
173.75000 -60.14863 0.75014
173.80000 -60.14707 0.75018
173.85000 -60.14579 0.74636
173.90000 -60.14682 0.74911
173.95000 -60.14559 0.74704
174.00000 -60.14477 0.74577
174.05000 -60.14962 0.74643
174.10000 -60.14978 0.74670
174.15000 -60.14999 0.74738
174.20000 -60.15266 0.74654
174.25000 -60.14995 0.74837
174.30000 -60.14810 0.74949
174.35000 -60.14888 0.74900
174.40000 -60.14838 0.74954
174.45000 -60.14916 0.74766
174.50000 -60.14760 0.74724
174.55000 -60.14822 0.75034
174.60000 -60.15060 0.74777
174.65000 -60.14740 0.74766
174.70000 -60.14990 0.74875
174.75000 -60.14559 0.74753
174.80000 -60.14547 0.74773
174.85000 -60.14390 0.75009
174.90000 -60.14308 0.74952
174.95000 -60.14209 0.74819
175.00000 -60.14460 0.74761
175.05000 -60.14094 0.74921
175.10000 -60.14164 0.75001
175.15000 -60.14370 0.74968
175.20000 -60.14526 0.75338
175.25000 -60.14621 0.75220
175.30000 -60.14407 0.75162
175.35000 -60.14374 0.75194
175.40000 -60.14670 0.75045
175.45000 -60.14666 0.75456
175.50000 -60.14452 0.75584
175.55000 -60.14542 0.75641
175.60000 -60.14933 0.75561
175.65000 -60.14657 0.75357
175.70000 -60.14810 0.75305
175.75000 -60.14612 0.75583
175.80000 -60.14674 0.75922
175.85000 -60.14312 0.75541
175.90000 -60.14320 0.75748
175.95000 -60.14275 0.75751
176.00000 -60.14341 0.75507
176.05000 -60.14563 0.75918
176.10000 -60.14567 0.76063
176.15000 -60.14842 0.75489
176.20000 -60.14596 0.75645
176.25000 -60.14473 0.75740
176.30000 -60.14592 0.75500
176.35000 -60.14555 0.75328
176.40000 -60.14571 0.75534
176.45000 -60.14218 0.75669
176.50000 -60.14390 0.75230
176.55000 -60.14711 0.75343
176.60000 -60.14534 0.75855
176.65000 -60.14505 0.75601
176.70000 -60.14448 0.75586
176.75000 -60.14678 0.75725
176.80000 -60.14559 0.75491
176.85000 -60.14378 0.75536
176.90000 -60.14283 0.75866
176.95000 -60.14107 0.75447
177.00000 -60.13983 0.75686
177.05000 -60.13942 0.75744
177.10000 -60.14362 0.75728
177.15000 -60.14103 0.75613
177.20000 -60.14086 0.75423
177.25000 -60.14497 0.75520
177.30000 -60.14288 0.75142
177.35000 -60.14078 0.75106
177.40000 -60.14657 0.75624
177.45000 -60.14378 0.75518
177.50000 -60.14362 0.75731
177.55000 -60.14464 0.75387
177.60000 -60.14481 0.75315
177.65000 -60.14341 0.75454
177.70000 -60.14082 0.75632
177.75000 -60.13926 0.75399
177.80000 -60.13946 0.75186
177.85000 -60.14045 0.75300
177.90000 -60.14440 0.75254
177.95000 -60.14246 0.75396
178.00000 -60.14296 0.75442
178.05000 -60.14320 0.75218
178.10000 -60.14172 0.75388
178.15000 -60.13934 0.75285
178.20000 -60.14115 0.75248
178.25000 -60.13733 0.75090
178.30000 -60.13753 0.75302
178.35000 -60.14074 0.75172
178.40000 -60.14271 0.74930
178.45000 -60.14103 0.75238
178.50000 -60.13992 0.75311
178.55000 -60.14094 0.75178
178.60000 -60.14008 0.75087
178.65000 -60.13704 0.75230
178.70000 -60.14057 0.74894
178.75000 -60.13737 0.75196
178.80000 -60.13638 0.75298
178.85000 -60.13926 0.75014
178.90000 -60.13909 0.74826
178.95000 -60.14119 0.74673
179.00000 -60.13708 0.74860
179.05000 -60.13687 0.75298
179.10000 -60.13975 0.75083
179.15000 -60.14288 0.74729
179.20000 -60.14152 0.74568
179.25000 -60.14234 0.74799
179.30000 -60.13938 0.74719
179.35000 -60.13889 0.74640
179.40000 -60.14201 0.74575
179.45000 -60.14209 0.74438
179.50000 -60.13708 0.74460
179.55000 -60.13663 0.74202
179.60000 -60.13807 0.74745
179.65000 -60.14090 0.74671
179.70000 -60.14033 0.74518
179.75000 -60.13860 0.74727
179.80000 -60.13778 0.74844
179.85000 -60.13494 0.74487
179.90000 -60.13761 0.74731
179.95000 -60.13987 0.74384
180.00000 -60.14238 0.74162
180.05000 -60.14288 0.74487
180.10000 -60.13934 0.74633
180.15000 -60.13922 0.74792
180.20000 -60.13716 0.74627
180.25000 -60.13831 0.74793
180.30000 -60.13971 0.74680
180.35000 -60.14037 0.74624
180.40000 -60.14168 0.74706
180.45000 -60.13889 0.74288
180.50000 -60.14024 0.74250
180.55000 -60.14148 0.74246
180.60000 -60.13938 0.74214
180.65000 -60.14086 0.74136
180.70000 -60.13798 0.74216
180.75000 -60.13700 0.74636
180.80000 -60.13581 0.74686
180.85000 -60.13716 0.74581
180.90000 -60.13897 0.74710
180.95000 -60.14144 0.74389
181.00000 -60.14242 0.74747
181.05000 -60.14172 0.74990
181.10000 -60.14127 0.74864
181.15000 -60.13720 0.74701
181.20000 -60.14222 0.74673
181.25000 -60.14378 0.74944
181.30000 -60.14000 0.74807
181.35000 -60.14292 0.74258
181.40000 -60.13844 0.74700
181.45000 -60.14296 0.74487
181.50000 -60.13901 0.74602
181.55000 -60.13889 0.74576
181.60000 -60.13864 0.74281
181.65000 -60.13716 0.74450
181.70000 -60.13716 0.74342
181.75000 -60.14029 0.74479
181.80000 -60.14255 0.74214
181.85000 -60.13868 0.74522
181.90000 -60.14029 0.74126
181.95000 -60.13400 0.74436
182.00000 -60.14012 0.74397
182.05000 -60.13979 0.74016
182.10000 -60.14144 0.74293
182.15000 -60.14070 0.73902
182.20000 -60.13889 0.74224
182.25000 -60.14649 0.74530
182.30000 -60.14300 0.74274
182.35000 -60.14086 0.74074
182.40000 -60.14078 0.74059
182.45000 -60.13885 0.74212
182.50000 -60.14078 0.74089
182.55000 -60.14316 0.73995
182.60000 -60.14078 0.73663
182.65000 -60.14452 0.73851
182.70000 -60.14419 0.73822
182.75000 -60.14205 0.73927
182.80000 -60.14189 0.74030
182.85000 -60.13987 0.73778
182.90000 -60.14144 0.73805
182.95000 -60.14201 0.73691
183.00000 -60.13975 0.73474
183.05000 -60.13889 0.73952
183.10000 -60.14456 0.73730
183.15000 -60.14571 0.73657
183.20000 -60.14407 0.73996
183.25000 -60.14057 0.73505
183.30000 -60.14094 0.73543
183.35000 -60.14201 0.74057
183.40000 -60.14205 0.73835
183.45000 -60.14152 0.73767
183.50000 -60.14304 0.74019
183.55000 -60.14436 0.73849
183.60000 -60.14160 0.73475
183.65000 -60.14127 0.73582
183.70000 -60.14148 0.73758
183.75000 -60.13893 0.73835
183.80000 -60.13844 0.73843
183.85000 -60.13983 0.73608
183.90000 -60.14127 0.74033
183.95000 -60.14061 0.73984
184.00000 -60.14086 0.73855
184.05000 -60.14288 0.73469
184.10000 -60.14049 0.73715
184.15000 -60.14049 0.73864
184.20000 -60.14172 0.73518
184.25000 -60.14172 0.73785
184.30000 -60.14477 0.73662
184.35000 -60.14579 0.74000
184.40000 -60.14473 0.74107
184.45000 -60.14288 0.74171
184.50000 -60.13967 0.73783
184.55000 -60.14382 0.73940
184.60000 -60.14538 0.74000
184.65000 -60.14288 0.73848
184.70000 -60.14514 0.73641
184.75000 -60.14694 0.73534
184.80000 -60.14444 0.73884
184.85000 -60.14407 0.73713
184.90000 -60.14078 0.73475
184.95000 -60.14288 0.73772
185.00000 -60.14431 0.73556
185.05000 -60.13942 0.73574
185.10000 -60.14201 0.73593
185.15000 -60.13897 0.73656
185.20000 -60.14534 0.73770
185.25000 -60.14600 0.74173
185.30000 -60.14464 0.73786
185.35000 -60.14674 0.74126
185.40000 -60.14419 0.74071
185.45000 -60.14308 0.74167
185.50000 -60.14719 0.74453
185.55000 -60.14584 0.74319
185.60000 -60.14674 0.74263
185.65000 -60.14514 0.74052
185.70000 -60.14690 0.74548
185.75000 -60.14949 0.74493
185.80000 -60.14666 0.74397
185.85000 -60.14736 0.74482
185.90000 -60.14953 0.74445
185.95000 -60.14797 0.74391
186.00000 -60.14641 0.74312
186.05000 -60.14773 0.74408
186.10000 -60.14731 0.74509
186.15000 -60.14596 0.74673
186.20000 -60.14304 0.74655
186.25000 -60.14588 0.74561
186.30000 -60.14542 0.74436
186.35000 -60.14353 0.74370
186.40000 -60.14362 0.74477
186.45000 -60.14542 0.74472
186.50000 -60.14559 0.74656
186.55000 -60.14353 0.74425
186.60000 -60.14666 0.74401
186.65000 -60.14579 0.74473
186.70000 -60.14777 0.74150
186.75000 -60.14625 0.74081
186.80000 -60.14834 0.74280
186.85000 -60.14563 0.74381
186.90000 -60.14657 0.74317
186.95000 -60.14682 0.74325
187.00000 -60.14990 0.74306
187.05000 -60.15114 0.74200
187.10000 -60.14690 0.74419
187.15000 -60.14460 0.74369
187.20000 -60.14501 0.74595
187.25000 -60.14785 0.74690
187.30000 -60.14908 0.74271
187.35000 -60.14941 0.74403
187.40000 -60.14645 0.74618
187.45000 -60.14904 0.74282
187.50000 -60.14608 0.74112
187.55000 -60.14777 0.74544
187.60000 -60.14238 0.74597
187.65000 -60.14431 0.74374
187.70000 -60.14900 0.74798
187.75000 -60.14530 0.74570
187.80000 -60.14518 0.74641
187.85000 -60.14477 0.74669
187.90000 -60.14621 0.74655
187.95000 -60.14493 0.74557
188.00000 -60.14600 0.74704
188.05000 -60.14690 0.74664
188.10000 -60.14736 0.74657
188.15000 -60.14468 0.74600
188.20000 -60.14666 0.74774
188.25000 -60.14489 0.74419
188.30000 -60.14423 0.74488
188.35000 -60.14534 0.74419
188.40000 -60.14526 0.74251
188.45000 -60.14744 0.74401
188.50000 -60.14592 0.74636
188.55000 -60.14625 0.74194
188.60000 -60.14209 0.74167
188.65000 -60.14571 0.74260
188.70000 -60.14666 0.73998
188.75000 -60.14415 0.73880
188.80000 -60.14859 0.74239
188.85000 -60.14818 0.73703
188.90000 -60.14740 0.73998
188.95000 -60.14801 0.73869
189.00000 -60.14662 0.73991
189.05000 -60.14707 0.73902
189.10000 -60.14879 0.73929
189.15000 -60.15114 0.73867
189.20000 -60.14941 0.73901
189.25000 -60.15233 0.73856
189.30000 -60.15291 0.74097
189.35000 -60.15533 0.74301
189.40000 -60.15171 0.73624
189.45000 -60.15147 0.73596
189.50000 -60.15192 0.73855
189.55000 -60.14962 0.73520
189.60000 -60.15270 0.73877
189.65000 -60.15069 0.74073
189.70000 -60.15134 0.73965
189.75000 -60.14958 0.73800
189.80000 -60.14908 0.73927
189.85000 -60.15307 0.73957
189.90000 -60.15217 0.74163
189.95000 -60.15225 0.74060
190.00000 -60.15143 0.73690
190.05000 -60.15200 0.73649
190.10000 -60.15032 0.73544
190.15000 -60.15406 0.73840
190.20000 -60.15451 0.74042
190.25000 -60.15377 0.74143
190.30000 -60.15356 0.73936
190.35000 -60.15595 0.74004
190.40000 -60.15669 0.74079
190.45000 -60.15656 0.74051
190.50000 -60.15693 0.73985
190.55000 -60.15373 0.73798
190.60000 -60.15352 0.74087
190.65000 -60.15245 0.73738
190.70000 -60.15241 0.73754
190.75000 -60.15221 0.73751
190.80000 -60.15327 0.73858
190.85000 -60.15529 0.74116
190.90000 -60.15521 0.73894
190.95000 -60.15130 0.73971
191.00000 -60.14978 0.73991
191.05000 -60.15332 0.73980
191.10000 -60.15052 0.73748
191.15000 -60.15184 0.73686
191.20000 -60.15763 0.74118
191.25000 -60.15299 0.73684
191.30000 -60.14962 0.73853
191.35000 -60.15237 0.74018
191.40000 -60.15093 0.73778
191.45000 -60.15126 0.73788
191.50000 -60.15237 0.73668
191.55000 -60.15241 0.73802
191.60000 -60.15274 0.74064
191.65000 -60.15212 0.73739
191.70000 -60.15295 0.74043
191.75000 -60.15081 0.74049
191.80000 -60.15118 0.74419
191.85000 -60.15106 0.74317
191.90000 -60.15245 0.73922
191.95000 -60.15077 0.73879
192.00000 -60.15188 0.74057
192.05000 -60.14982 0.74052
192.10000 -60.15064 0.74074
192.15000 -60.15410 0.74258
192.20000 -60.15537 0.74170
192.25000 -60.15303 0.74307
192.30000 -60.15064 0.73981
192.35000 -60.15015 0.74115
192.40000 -60.15377 0.74166
192.45000 -60.15492 0.74206
192.50000 -60.15570 0.74140
192.55000 -60.15607 0.73922
192.60000 -60.15644 0.73924
192.65000 -60.15586 0.73893
192.70000 -60.15669 0.73916
192.75000 -60.15414 0.74010
192.80000 -60.15175 0.73748
192.85000 -60.15327 0.74030
192.90000 -60.15451 0.73895
192.95000 -60.15319 0.74261
193.00000 -60.15558 0.74100
193.05000 -60.15615 0.74106
193.10000 -60.15303 0.74079
193.15000 -60.15319 0.74380
193.20000 -60.15138 0.74197
193.25000 -60.15660 0.74087
193.30000 -60.15578 0.74041
193.35000 -60.15484 0.74068
193.40000 -60.15545 0.74103
193.45000 -60.15467 0.74605
193.50000 -60.15282 0.74629
193.55000 -60.15438 0.74280
193.60000 -60.15603 0.73879
193.65000 -60.15599 0.74359
193.70000 -60.15656 0.74032
193.75000 -60.15360 0.74038
193.80000 -60.15500 0.74068
193.85000 -60.15270 0.74097
193.90000 -60.15410 0.73982
193.95000 -60.14871 0.73902
194.00000 -60.15143 0.73815
194.05000 -60.15081 0.73889
194.10000 -60.14953 0.73978
194.15000 -60.15221 0.74060
194.20000 -60.14978 0.74187
194.25000 -60.15369 0.74019
194.30000 -60.15315 0.73730
194.35000 -60.15504 0.73753
194.40000 -60.15241 0.74080
194.45000 -60.15192 0.73885
194.50000 -60.15249 0.73748
194.55000 -60.15069 0.73883
194.60000 -60.15418 0.74087
194.65000 -60.15369 0.73966
194.70000 -60.15422 0.73944
194.75000 -60.15299 0.73604
194.80000 -60.15673 0.73927
194.85000 -60.15229 0.73813
194.90000 -60.14962 0.73900
194.95000 -60.15175 0.73565
195.00000 -60.14320 0.73610
195.05000 -60.14863 0.73893
195.10000 -60.15237 0.73860
195.15000 -60.14777 0.73797
195.20000 -60.14657 0.74122
195.25000 -60.14653 0.74011
195.30000 -60.14526 0.73768
195.35000 -60.14616 0.73788
195.40000 -60.15003 0.73624
195.45000 -60.14818 0.73841
195.50000 -60.14748 0.73778
195.55000 -60.14793 0.73763
195.60000 -60.14530 0.73854
195.65000 -60.14621 0.73514
195.70000 -60.14867 0.73489
195.75000 -60.14801 0.73697
195.80000 -60.14653 0.73864
195.85000 -60.14777 0.74082
195.90000 -60.14822 0.73833
195.95000 -60.14493 0.73796
196.00000 -60.14826 0.74058
196.05000 -60.14921 0.73957
196.10000 -60.14686 0.73914
196.15000 -60.14937 0.73864
196.20000 -60.15097 0.73862
196.25000 -60.14970 0.73885
196.30000 -60.15093 0.73624
196.35000 -60.15175 0.73865
196.40000 -60.15163 0.74110
196.45000 -60.15406 0.74092
196.50000 -60.15233 0.74049
196.55000 -60.15229 0.73824
196.60000 -60.15192 0.73796
196.65000 -60.15258 0.74055
196.70000 -60.15451 0.73812
196.75000 -60.15443 0.73782
196.80000 -60.15254 0.74056
196.85000 -60.15467 0.74173
196.90000 -60.15336 0.74004
196.95000 -60.15800 0.73987
197.00000 -60.15558 0.73992
197.05000 -60.15829 0.74437
197.10000 -60.15488 0.73945
197.15000 -60.15282 0.73989
197.20000 -60.15784 0.73732
197.25000 -60.15989 0.74231
197.30000 -60.16063 0.73948
197.35000 -60.15874 0.73862
197.40000 -60.15813 0.73613
197.45000 -60.16002 0.73689
197.50000 -60.15911 0.73668
197.55000 -60.15792 0.73508
197.60000 -60.15792 0.73925
197.65000 -60.15919 0.73722
197.70000 -60.15854 0.73954
197.75000 -60.15652 0.74152
197.80000 -60.15397 0.74316
197.85000 -60.15623 0.73867
197.90000 -60.15414 0.73833
197.95000 -60.15566 0.74151
198.00000 -60.15792 0.74178
198.05000 -60.15706 0.74111
198.10000 -60.15911 0.74265
198.15000 -60.15332 0.74509
198.20000 -60.15545 0.74460
198.25000 -60.15771 0.74341
198.30000 -60.15940 0.74459
198.35000 -60.15850 0.74394
198.40000 -60.15767 0.74356
198.45000 -60.15430 0.74426
198.50000 -60.15911 0.74480
198.55000 -60.15537 0.74408
198.60000 -60.15484 0.74410
198.65000 -60.15932 0.74361
198.70000 -60.16026 0.74517
198.75000 -60.15924 0.74372
198.80000 -60.15776 0.74466
198.85000 -60.15903 0.74384
198.90000 -60.16306 0.74107
198.95000 -60.16055 0.74351
199.00000 -60.16100 0.74321
199.05000 -60.15977 0.74125
199.10000 -60.15993 0.74465
199.15000 -60.16096 0.74356
199.20000 -60.15985 0.74442
199.25000 -60.15895 0.74302
199.30000 -60.15743 0.74318
199.35000 -60.16018 0.73905
199.40000 -60.15981 0.73700
199.45000 -60.15928 0.74205
199.50000 -60.15928 0.74253
199.55000 -60.15940 0.73994
199.60000 -60.16088 0.73908
199.65000 -60.16108 0.73951
199.70000 -60.16207 0.74073
199.75000 -60.15924 0.73929
199.80000 -60.15866 0.74120
199.85000 -60.16071 0.74079
199.90000 -60.16067 0.73963
199.95000 -60.16051 0.74026
200.00000 -60.15808 0.74085
200.05000 -60.15887 0.73630
200.10000 -60.16145 0.73709
200.15000 -60.16293 0.73891
200.20000 -60.15837 0.73773
200.25000 -60.15714 0.73615
200.30000 -60.16026 0.73834
200.35000 -60.16071 0.74021
200.40000 -60.16030 0.73753
200.45000 -60.16030 0.73681
200.50000 -60.16006 0.73680
200.55000 -60.16240 0.73925
200.60000 -60.15956 0.73969
200.65000 -60.16141 0.73770
200.70000 -60.16059 0.73459
200.75000 -60.16363 0.73514
200.80000 -60.16067 0.73801
200.85000 -60.16339 0.73797
200.90000 -60.16224 0.73720
200.95000 -60.15997 0.73779
201.00000 -60.16145 0.73514
201.05000 -60.16256 0.73657
201.10000 -60.16610 0.73788
201.15000 -60.16454 0.73844
201.20000 -60.16158 0.73546
201.25000 -60.15907 0.73603
201.30000 -60.15739 0.73803
201.35000 -60.15722 0.73434
201.40000 -60.15578 0.73690
201.45000 -60.15245 0.73988
201.50000 -60.15488 0.73951
201.55000 -60.15841 0.73760
201.60000 -60.15997 0.73784
201.65000 -60.16002 0.73558
201.70000 -60.16051 0.73458
201.75000 -60.15796 0.73268
201.80000 -60.15632 0.73399
201.85000 -60.15817 0.73352
201.90000 -60.16047 0.73439
201.95000 -60.15648 0.73506
202.00000 -60.15928 0.73207
202.05000 -60.16113 0.73371
202.10000 -60.16030 0.73603
202.15000 -60.16063 0.73228
202.20000 -60.15870 0.73225
202.25000 -60.15850 0.73145
202.30000 -60.15969 0.73491
202.35000 -60.16544 0.73229
202.40000 -60.16232 0.73009
202.45000 -60.16125 0.72868
202.50000 -60.16006 0.73016
202.55000 -60.16133 0.73235
202.60000 -60.16018 0.73468
202.65000 -60.15915 0.73628
202.70000 -60.16269 0.73198
202.75000 -60.16055 0.73627
202.80000 -60.15866 0.73269
202.85000 -60.16244 0.73274
202.90000 -60.16384 0.73230
202.95000 -60.16351 0.73391
203.00000 -60.16174 0.73030
203.05000 -60.16429 0.73257
203.10000 -60.16581 0.73257
203.15000 -60.16347 0.73347
203.20000 -60.16170 0.73305
203.25000 -60.16339 0.73067
203.30000 -60.16137 0.73376
203.35000 -60.15973 0.73319
203.40000 -60.16261 0.73430
203.45000 -60.16199 0.73124
203.50000 -60.16133 0.72952
203.55000 -60.16022 0.73133
203.60000 -60.16055 0.72989
203.65000 -60.15792 0.73144
203.70000 -60.15907 0.72860
203.75000 -60.15924 0.73380
203.80000 -60.15940 0.73584
203.85000 -60.15582 0.73563
203.90000 -60.15586 0.73574
203.95000 -60.15591 0.73515
204.00000 -60.15628 0.73439
204.05000 -60.15878 0.73257
204.10000 -60.15788 0.73527
204.15000 -60.15792 0.73257
204.20000 -60.15919 0.73765
204.25000 -60.15989 0.73608
204.30000 -60.15969 0.73499
204.35000 -60.15956 0.73250
204.40000 -60.15944 0.73332
204.45000 -60.16224 0.73184
204.50000 -60.15792 0.72907
204.55000 -60.15743 0.73431
204.60000 -60.15681 0.73024
204.65000 -60.15677 0.73090
204.70000 -60.15858 0.73203
204.75000 -60.15722 0.73455
204.80000 -60.15739 0.73307
204.85000 -60.15656 0.72997
204.90000 -60.15710 0.73332
204.95000 -60.15813 0.73140
205.00000 -60.15841 0.73255
205.05000 -60.15850 0.73726
205.10000 -60.15891 0.73217
205.15000 -60.15850 0.73269
205.20000 -60.16117 0.73193
205.25000 -60.16076 0.73069
205.30000 -60.16298 0.73159
205.35000 -60.16219 0.73213
205.40000 -60.15928 0.73567
205.45000 -60.15874 0.73682
205.50000 -60.15697 0.73473
205.55000 -60.15562 0.73436
205.60000 -60.15648 0.73620
205.65000 -60.16187 0.73627
205.70000 -60.16059 0.73604
205.75000 -60.15845 0.74202
205.80000 -60.15915 0.74038
205.85000 -60.15956 0.74002
205.90000 -60.16055 0.74023
205.95000 -60.15874 0.74326
206.00000 -60.15517 0.74045
206.05000 -60.15369 0.73845
206.10000 -60.15619 0.74223
206.15000 -60.15899 0.74360
206.20000 -60.15689 0.74098
206.25000 -60.15784 0.74275
206.30000 -60.16071 0.74245
206.35000 -60.15771 0.74193
206.40000 -60.16039 0.74164
206.45000 -60.15956 0.73916
206.50000 -60.15969 0.73980
206.55000 -60.15936 0.74265
206.60000 -60.15808 0.74273
206.65000 -60.15718 0.74409
206.70000 -60.16117 0.74299
206.75000 -60.15993 0.74104
206.80000 -60.15866 0.74185
206.85000 -60.15808 0.74296
206.90000 -60.16080 0.74180
206.95000 -60.15895 0.74107
207.00000 -60.15451 0.74326
207.05000 -60.15784 0.74394
207.10000 -60.15924 0.74228
207.15000 -60.15710 0.74130
207.20000 -60.15985 0.74400
207.25000 -60.16174 0.74529
207.30000 -60.16121 0.74179
207.35000 -60.16043 0.74243
207.40000 -60.15895 0.74503
207.45000 -60.15961 0.74556
207.50000 -60.15788 0.74342
207.55000 -60.15776 0.74167
207.60000 -60.15813 0.74122
207.65000 -60.15714 0.74263
207.70000 -60.15369 0.74050
207.75000 -60.15566 0.74005
207.80000 -60.15525 0.73901
207.85000 -60.15702 0.73805
207.90000 -60.15500 0.73626
207.95000 -60.15438 0.73788
208.00000 -60.15660 0.73934
208.05000 -60.15554 0.74055
208.10000 -60.15574 0.74181
208.15000 -60.15549 0.74036
208.20000 -60.15315 0.74294
208.25000 -60.15410 0.74173
208.30000 -60.15385 0.74568
208.35000 -60.15274 0.74240
208.40000 -60.15064 0.73911
208.45000 -60.15303 0.73979
208.50000 -60.15447 0.73753
208.55000 -60.15360 0.73947
208.60000 -60.15356 0.73884
208.65000 -60.15147 0.73861
208.70000 -60.15438 0.73711
208.75000 -60.15344 0.73862
208.80000 -60.15303 0.73871
208.85000 -60.15599 0.73799
208.90000 -60.15504 0.73620
208.95000 -60.15410 0.74343
209.00000 -60.15360 0.74221
209.05000 -60.15574 0.73972
209.10000 -60.15180 0.73908
209.15000 -60.15274 0.73755
209.20000 -60.15348 0.73732
209.25000 -60.15426 0.73954
209.30000 -60.15640 0.73975
209.35000 -60.15726 0.73830
209.40000 -60.15948 0.73901
209.45000 -60.15841 0.73978
209.50000 -60.15911 0.74045
209.55000 -60.15944 0.74025
209.60000 -60.15850 0.73780
209.65000 -60.15759 0.73973
209.70000 -60.15882 0.74221
209.75000 -60.15973 0.73671
209.80000 -60.15796 0.74140
209.85000 -60.15891 0.74454
209.90000 -60.15961 0.74112
209.95000 -60.15911 0.73975
210.00000 -60.15784 0.74335
210.05000 -60.15623 0.73972
210.10000 -60.15480 0.74345
210.15000 -60.15266 0.74064
210.20000 -60.15249 0.74241
210.25000 -60.15229 0.74607
210.30000 -60.15401 0.74506
210.35000 -60.15418 0.74428
210.40000 -60.15389 0.74315
210.45000 -60.15286 0.74381
210.50000 -60.14752 0.74224
210.55000 -60.14958 0.73969
210.60000 -60.14974 0.74044
210.65000 -60.14925 0.74354
210.70000 -60.15048 0.74466
210.75000 -60.15085 0.74197
210.80000 -60.14649 0.74129
210.85000 -60.14958 0.74680
210.90000 -60.14904 0.74738
210.95000 -60.15171 0.74581
211.00000 -60.14633 0.74256
211.05000 -60.14793 0.74137
211.10000 -60.15073 0.74420
211.15000 -60.15130 0.74223
211.20000 -60.14810 0.74210
211.25000 -60.14797 0.74171
211.30000 -60.15303 0.73963
211.35000 -60.14990 0.74084
211.40000 -60.14781 0.74255
211.45000 -60.15151 0.73981
211.50000 -60.15270 0.74043
211.55000 -60.14970 0.74185
211.60000 -60.15122 0.74153
211.65000 -60.14933 0.74090
211.70000 -60.15118 0.74065
211.75000 -60.15060 0.74111
211.80000 -60.15032 0.74177
211.85000 -60.14999 0.74347
211.90000 -60.15027 0.74403
211.95000 -60.14892 0.73942
212.00000 -60.15438 0.73937
212.05000 -60.15163 0.73999
212.10000 -60.15254 0.74262
212.15000 -60.15545 0.74488
212.20000 -60.15595 0.74374
212.25000 -60.15525 0.74169
212.30000 -60.15307 0.73978
212.35000 -60.15147 0.74093
212.40000 -60.15278 0.74177
212.45000 -60.15291 0.74362
212.50000 -60.15233 0.74476
212.55000 -60.15249 0.74234
212.60000 -60.15254 0.74474
212.65000 -60.15089 0.74579
212.70000 -60.15438 0.74288
212.75000 -60.15377 0.74549
212.80000 -60.15484 0.74424
212.85000 -60.15196 0.74438
212.90000 -60.15554 0.74732
212.95000 -60.15393 0.74660
213.00000 -60.15192 0.74589
213.05000 -60.15241 0.74660
213.10000 -60.15200 0.74544
213.15000 -60.15734 0.74811
213.20000 -60.15291 0.74718
213.25000 -60.15303 0.74441
213.30000 -60.15443 0.74246
213.35000 -60.14896 0.74323
213.40000 -60.15073 0.74667
213.45000 -60.14879 0.74426
213.50000 -60.15011 0.74434
213.55000 -60.14859 0.74422
213.60000 -60.14925 0.74698
213.65000 -60.15171 0.74663
213.70000 -60.15093 0.74563
213.75000 -60.14925 0.74367
213.80000 -60.15023 0.74606
213.85000 -60.14703 0.74504
213.90000 -60.14908 0.74608
213.95000 -60.14912 0.74381
214.00000 -60.14740 0.74264
214.05000 -60.14514 0.74708
214.10000 -60.14370 0.74413
214.15000 -60.14657 0.74723
214.20000 -60.14949 0.74738
214.25000 -60.14888 0.74669
214.30000 -60.14900 0.74948
214.35000 -60.14801 0.74814
214.40000 -60.14777 0.75333
214.45000 -60.14793 0.75230
214.50000 -60.15044 0.75019
214.55000 -60.14863 0.75162
214.60000 -60.14871 0.75552
214.65000 -60.14859 0.75527
214.70000 -60.14604 0.75403
214.75000 -60.14814 0.75032
214.80000 -60.14945 0.75237
214.85000 -60.14982 0.75039
214.90000 -60.14974 0.75075
214.95000 -60.15077 0.75061
215.00000 -60.14986 0.74974
215.05000 -60.14768 0.75313
215.10000 -60.14777 0.75382
215.15000 -60.14916 0.75242
215.20000 -60.15192 0.75154
215.25000 -60.15233 0.75386
215.30000 -60.15023 0.75224
215.35000 -60.15262 0.74812
215.40000 -60.15221 0.74870
215.45000 -60.15393 0.75071
215.50000 -60.15796 0.74758
215.55000 -60.15533 0.74848
215.60000 -60.15677 0.75154
215.65000 -60.15447 0.74590
215.70000 -60.15488 0.74600
215.75000 -60.15669 0.74694
215.80000 -60.15270 0.74365
215.85000 -60.15323 0.74564
215.90000 -60.15434 0.74351
215.95000 -60.15303 0.74153
216.00000 -60.15554 0.74434
216.05000 -60.15348 0.74767
216.10000 -60.15073 0.74494
216.15000 -60.15171 0.74454
216.20000 -60.15508 0.74624
216.25000 -60.15837 0.74708
216.30000 -60.15512 0.74675
216.35000 -60.15730 0.74419
216.40000 -60.15706 0.74679
216.45000 -60.15870 0.74718
216.50000 -60.15858 0.74744
216.55000 -60.15919 0.74274
216.60000 -60.15681 0.74185
216.65000 -60.15792 0.74289
216.70000 -60.15706 0.73933
216.75000 -60.15677 0.74308
216.80000 -60.15496 0.74262
216.85000 -60.15443 0.74534
216.90000 -60.15800 0.74220
216.95000 -60.15792 0.74162
217.00000 -60.15644 0.74455
217.05000 -60.15788 0.74602
217.10000 -60.16145 0.74277
217.15000 -60.16067 0.74242
217.20000 -60.15858 0.74643
217.25000 -60.15734 0.74274
217.30000 -60.15985 0.74331
217.35000 -60.15924 0.74673
217.40000 -60.15722 0.74442
217.45000 -60.16002 0.74171
217.50000 -60.15841 0.74326
217.55000 -60.16067 0.74668
217.60000 -60.15858 0.74621
217.65000 -60.15743 0.74758
217.70000 -60.15997 0.74792
217.75000 -60.16318 0.74982
217.80000 -60.16080 0.74579
217.85000 -60.15969 0.74679
217.90000 -60.15447 0.74967
217.95000 -60.15726 0.74811
218.00000 -60.16055 0.75127
218.05000 -60.15776 0.74846
218.10000 -60.15997 0.74909
218.15000 -60.16014 0.75115
218.20000 -60.15776 0.75180
218.25000 -60.15952 0.74713
218.30000 -60.15726 0.74902
218.35000 -60.15730 0.74875
218.40000 -60.15887 0.75435
218.45000 -60.16080 0.75443
218.50000 -60.16265 0.75188
218.55000 -60.16351 0.75151
218.60000 -60.15969 0.75371
218.65000 -60.15566 0.75515
218.70000 -60.15989 0.75360
218.75000 -60.15903 0.75338
218.80000 -60.15993 0.75197
218.85000 -60.16261 0.75428
218.90000 -60.16104 0.75047
218.95000 -60.16026 0.75128
219.00000 -60.16133 0.75128
219.05000 -60.16125 0.75323
219.10000 -60.16018 0.74783
219.15000 -60.16252 0.74748
219.20000 -60.16692 0.74978
219.25000 -60.16326 0.74949
219.30000 -60.16318 0.74980
219.35000 -60.16248 0.74949
219.40000 -60.16363 0.74747
219.45000 -60.16125 0.74888
219.50000 -60.16187 0.74958
219.55000 -60.16335 0.74962
219.60000 -60.16306 0.74755
219.65000 -60.15763 0.74959
219.70000 -60.16236 0.74855
219.75000 -60.16039 0.74897
219.80000 -60.15887 0.74823
219.85000 -60.16195 0.74919
219.90000 -60.16133 0.74864
219.95000 -60.16137 0.74743
220.00000 -60.16133 0.75036
220.05000 -60.16281 0.74570
220.10000 -60.15882 0.74972
220.15000 -60.15928 0.74819
220.20000 -60.16047 0.75047
220.25000 -60.16145 0.74772
220.30000 -60.15989 0.75148
220.35000 -60.15985 0.75245
220.40000 -60.15780 0.75052
220.45000 -60.15562 0.75514
220.50000 -60.15648 0.75648
220.55000 -60.15763 0.75239
220.60000 -60.16006 0.75484
220.65000 -60.15862 0.75635
220.70000 -60.15533 0.75580
220.75000 -60.15360 0.75776
220.80000 -60.15611 0.75566
220.85000 -60.15434 0.75479
220.90000 -60.15566 0.75447
220.95000 -60.15907 0.75488
221.00000 -60.15652 0.75185
221.05000 -60.15997 0.75391
221.10000 -60.15652 0.75274
221.15000 -60.15784 0.75400
221.20000 -60.16022 0.75605
221.25000 -60.16409 0.75711
221.30000 -60.16113 0.75331
221.35000 -60.15878 0.75020
221.40000 -60.16240 0.75560
221.45000 -60.16384 0.75368
221.50000 -60.16339 0.75020
221.55000 -60.16532 0.75137
221.60000 -60.16548 0.75200
221.65000 -60.16429 0.75636
221.70000 -60.16573 0.75216
221.75000 -60.16351 0.75144
221.80000 -60.16573 0.74874
221.85000 -60.16725 0.75285
221.90000 -60.16622 0.75376
221.95000 -60.16483 0.75132
222.00000 -60.16676 0.75127
222.05000 -60.16372 0.74905
222.10000 -60.16474 0.75069
222.15000 -60.16581 0.75059
222.20000 -60.16441 0.75316
222.25000 -60.16585 0.75331
222.30000 -60.16836 0.75342
222.35000 -60.16984 0.75196
222.40000 -60.16910 0.75266
222.45000 -60.17062 0.75380
222.50000 -60.16770 0.75452
222.55000 -60.16865 0.75300
222.60000 -60.17005 0.74785
222.65000 -60.16721 0.75056
222.70000 -60.16803 0.74708
222.75000 -60.16692 0.74796
222.80000 -60.16614 0.74784
222.85000 -60.16725 0.74637
222.90000 -60.17079 0.74568
222.95000 -60.16918 0.74922
223.00000 -60.17181 0.74674
223.05000 -60.16963 0.74953
223.10000 -60.17005 0.74687
223.15000 -60.17099 0.74726
223.20000 -60.17231 0.74891
223.25000 -60.17157 0.74755
223.30000 -60.16852 0.74673
223.35000 -60.17321 0.75026
223.40000 -60.17337 0.74714
223.45000 -60.17259 0.75084
223.50000 -60.17325 0.75062
223.55000 -60.17391 0.74550
223.60000 -60.17272 0.74988
223.65000 -60.16840 0.75076
223.70000 -60.16889 0.75126
223.75000 -60.16832 0.75080
223.80000 -60.16861 0.75261
223.85000 -60.17227 0.75246
223.90000 -60.17202 0.75466
223.95000 -60.17009 0.75338
224.00000 -60.17181 0.75585
224.05000 -60.16914 0.75656
224.10000 -60.17116 0.75620
224.15000 -60.17058 0.75582
224.20000 -60.16799 0.75727
224.25000 -60.17087 0.75616
224.30000 -60.16811 0.75657
224.35000 -60.17362 0.75599
224.40000 -60.17136 0.75217
224.45000 -60.17066 0.75458
224.50000 -60.17231 0.75222
224.55000 -60.17366 0.75295
224.60000 -60.17173 0.74913
224.65000 -60.17111 0.75083
224.70000 -60.17222 0.75116
224.75000 -60.17218 0.75249
224.80000 -60.16873 0.75363
224.85000 -60.17140 0.75546
224.90000 -60.17268 0.75185
224.95000 -60.17251 0.75035
225.00000 -60.17214 0.75227
225.05000 -60.17198 0.75474
225.10000 -60.17070 0.75635
225.15000 -60.16848 0.75547
225.20000 -60.16696 0.75644
225.25000 -60.16425 0.75601
225.30000 -60.16713 0.75575
225.35000 -60.16746 0.75658
225.40000 -60.16487 0.75548
225.45000 -60.16614 0.75745
225.50000 -60.16507 0.75730
225.55000 -60.16495 0.75685
225.60000 -60.16380 0.75982
225.65000 -60.16495 0.75945
225.70000 -60.16441 0.75895
225.75000 -60.16709 0.76165
225.80000 -60.16466 0.76060
225.85000 -60.16807 0.75854
225.90000 -60.17042 0.75736
225.95000 -60.16914 0.75836
226.00000 -60.16857 0.75916
226.05000 -60.16557 0.75690
226.10000 -60.16503 0.76007
226.15000 -60.16737 0.75737
226.20000 -60.16704 0.75554
226.25000 -60.16939 0.75319
226.30000 -60.16359 0.75575
226.35000 -60.16421 0.75580
226.40000 -60.16725 0.75540
226.45000 -60.16721 0.75381
226.50000 -60.16388 0.75483
226.55000 -60.16577 0.75413
226.60000 -60.16458 0.75504
226.65000 -60.16474 0.75653
226.70000 -60.16487 0.75524
226.75000 -60.16511 0.75519
226.80000 -60.16273 0.75677
226.85000 -60.16536 0.75533
226.90000 -60.16610 0.75627
226.95000 -60.16372 0.75605
227.00000 -60.16565 0.75664
227.05000 -60.16425 0.76283
227.10000 -60.16384 0.76129
227.15000 -60.16372 0.75690
227.20000 -60.16552 0.75759
227.25000 -60.16672 0.75884
227.30000 -60.16733 0.75954
227.35000 -60.16392 0.75959
227.40000 -60.16852 0.76119
227.45000 -60.16655 0.75859
227.50000 -60.17025 0.75721
227.55000 -60.16926 0.75696
227.60000 -60.16778 0.75907
227.65000 -60.16598 0.75515
227.70000 -60.16622 0.76202
227.75000 -60.16622 0.75963
227.80000 -60.16594 0.75668
227.85000 -60.16688 0.75902
227.90000 -60.16820 0.76068
227.95000 -60.16795 0.76127
228.00000 -60.16828 0.75666
228.05000 -60.17387 0.75604
228.10000 -60.17514 0.75635
228.15000 -60.17025 0.75886
228.20000 -60.17300 0.76076
228.25000 -60.17091 0.75796
228.30000 -60.17239 0.75966
228.35000 -60.17259 0.76028
228.40000 -60.17222 0.75885
228.45000 -60.17074 0.76015
228.50000 -60.17362 0.75931
228.55000 -60.17313 0.75915
228.60000 -60.17264 0.76038
228.65000 -60.17120 0.75786
228.70000 -60.17190 0.75974
228.75000 -60.16931 0.76051
228.80000 -60.16741 0.76189
228.85000 -60.16939 0.76397
228.90000 -60.16565 0.76116
228.95000 -60.16914 0.76250
229.00000 -60.16844 0.75942
229.05000 -60.16762 0.75844
229.10000 -60.16540 0.76115
229.15000 -60.16630 0.75949
229.20000 -60.16939 0.76222
229.25000 -60.17091 0.76140
229.30000 -60.16844 0.76153
229.35000 -60.17325 0.76206
229.40000 -60.17300 0.76095
229.45000 -60.17005 0.76659
229.50000 -60.16791 0.76500
229.55000 -60.16688 0.76093
229.60000 -60.17054 0.76399
229.65000 -60.16947 0.76170
229.70000 -60.16799 0.76028
229.75000 -60.16746 0.76156
229.80000 -60.16577 0.76091
229.85000 -60.16811 0.75849
229.90000 -60.16857 0.76225
229.95000 -60.16832 0.75954
230.00000 -60.16598 0.75986
230.05000 -60.16783 0.75743
230.10000 -60.16840 0.75769
230.15000 -60.16914 0.76189
230.20000 -60.17025 0.75855
230.25000 -60.16758 0.75927
230.30000 -60.16972 0.76232
230.35000 -60.16667 0.76048
230.40000 -60.16770 0.76298
230.45000 -60.17070 0.76518
230.50000 -60.16976 0.76018
230.55000 -60.16857 0.76136
230.60000 -60.16737 0.75791
230.65000 -60.16577 0.76037
230.70000 -60.16487 0.75962
230.75000 -60.16310 0.76108
230.80000 -60.16228 0.76010
230.85000 -60.16581 0.75709
230.90000 -60.16536 0.76153
230.95000 -60.16791 0.75806
231.00000 -60.16388 0.75953
231.05000 -60.16285 0.76025
231.10000 -60.16108 0.76087
231.15000 -60.16047 0.75871
231.20000 -60.16174 0.76036
231.25000 -60.16425 0.76045
231.30000 -60.16178 0.75925
231.35000 -60.16450 0.76462
231.40000 -60.16487 0.76462
231.45000 -60.16528 0.76189
231.50000 -60.16310 0.76287
231.55000 -60.16330 0.76496
231.60000 -60.16195 0.76643
231.65000 -60.16598 0.76471
231.70000 -60.16491 0.76427
231.75000 -60.16446 0.76359
231.80000 -60.16511 0.76574
231.85000 -60.16240 0.76540
231.90000 -60.16187 0.76849
231.95000 -60.16310 0.76694
232.00000 -60.16532 0.76670
232.05000 -60.16380 0.76826
232.10000 -60.16672 0.76801
232.15000 -60.16561 0.76653
232.20000 -60.16478 0.77038
232.25000 -60.16688 0.76808
232.30000 -60.16820 0.76629
232.35000 -60.16926 0.76869
232.40000 -60.16622 0.76625
232.45000 -60.16359 0.76667
232.50000 -60.16096 0.76265
232.55000 -60.16293 0.76601
232.60000 -60.16515 0.76634
232.65000 -60.16306 0.76248
232.70000 -60.16166 0.76299
232.75000 -60.16363 0.76513
232.80000 -60.16330 0.76671
232.85000 -60.16404 0.76405
232.90000 -60.16310 0.76197
232.95000 -60.16548 0.76697
233.00000 -60.16495 0.76252
233.05000 -60.16256 0.76633
233.10000 -60.16145 0.76434
233.15000 -60.16261 0.76527
233.20000 -60.16199 0.76581
233.25000 -60.16474 0.76389
233.30000 -60.16524 0.76555
233.35000 -60.16770 0.76536
233.40000 -60.16651 0.76527
233.45000 -60.16487 0.76677
233.50000 -60.16351 0.76676
233.55000 -60.16433 0.76973
233.60000 -60.15969 0.76911
233.65000 -60.15665 0.76498
233.70000 -60.16162 0.76426
233.75000 -60.15895 0.76313
233.80000 -60.15903 0.76723
233.85000 -60.15973 0.76591
233.90000 -60.16121 0.76224
233.95000 -60.16178 0.76856
234.00000 -60.16630 0.76729
234.05000 -60.16059 0.76784
234.10000 -60.16076 0.76867
234.15000 -60.16347 0.76744
234.20000 -60.16310 0.76736
234.25000 -60.16372 0.77206
234.30000 -60.16182 0.76852
234.35000 -60.16306 0.76665
234.40000 -60.16219 0.76832
234.45000 -60.16034 0.76830
234.50000 -60.16228 0.77019
234.55000 -60.16084 0.76881
234.60000 -60.16228 0.77051
234.65000 -60.16026 0.76406
234.70000 -60.16059 0.76807
234.75000 -60.15751 0.76751
234.80000 -60.15319 0.76846
234.85000 -60.15743 0.76700
234.90000 -60.15747 0.76677
234.95000 -60.15648 0.76650
235.00000 -60.15652 0.76482
235.05000 -60.15821 0.76311
235.10000 -60.15611 0.76297
235.15000 -60.15636 0.76535
235.20000 -60.15817 0.76454
235.25000 -60.15484 0.76804
235.30000 -60.15369 0.76302
235.35000 -60.15541 0.76285
235.40000 -60.15323 0.76429
235.45000 -60.15344 0.76152
235.50000 -60.15373 0.75899
235.55000 -60.15595 0.76153
235.60000 -60.15496 0.76226
235.65000 -60.15356 0.75965
235.70000 -60.15574 0.76027
235.75000 -60.15377 0.76095
235.80000 -60.15044 0.76061
235.85000 -60.15254 0.75838
235.90000 -60.15352 0.76002
235.95000 -60.15443 0.76184
236.00000 -60.15138 0.76047
236.05000 -60.14953 0.76178
236.10000 -60.15356 0.75976
236.15000 -60.15060 0.75739
236.20000 -60.14888 0.75647
236.25000 -60.14970 0.75225
236.30000 -60.14822 0.75493
236.35000 -60.14690 0.75603
236.40000 -60.14649 0.75618
236.45000 -60.14953 0.75827
236.50000 -60.15040 0.75905
236.55000 -60.14760 0.75795
236.60000 -60.14542 0.75671
236.65000 -60.14436 0.76033
236.70000 -60.14456 0.76015
236.75000 -60.14699 0.75889
236.80000 -60.14830 0.75797
236.85000 -60.14497 0.75772
236.90000 -60.14456 0.75801
236.95000 -60.14436 0.76042
237.00000 -60.14485 0.75744
237.05000 -60.14752 0.75743
237.10000 -60.14621 0.76127
237.15000 -60.14871 0.76331
237.20000 -60.14608 0.76109
237.25000 -60.14859 0.75990
237.30000 -60.15011 0.75755
237.35000 -60.14888 0.75784
237.40000 -60.14962 0.75838
237.45000 -60.14908 0.75586
237.50000 -60.15155 0.75922
237.55000 -60.14986 0.76091
237.60000 -60.14723 0.75801
237.65000 -60.14982 0.75614
237.70000 -60.14966 0.75690
237.75000 -60.14805 0.75608
237.80000 -60.14744 0.75590
237.85000 -60.14978 0.75353
237.90000 -60.14974 0.75476
237.95000 -60.15085 0.75431
238.00000 -60.14752 0.75225
238.05000 -60.15155 0.75003
238.10000 -60.14986 0.75388
238.15000 -60.14875 0.75059
238.20000 -60.14888 0.75042
238.25000 -60.15385 0.75315
238.30000 -60.15106 0.75586
238.35000 -60.15163 0.75478
238.40000 -60.14995 0.75546
238.45000 -60.15480 0.75380
238.50000 -60.15410 0.75624
238.55000 -60.15459 0.75532
238.60000 -60.15406 0.75613
238.65000 -60.15623 0.75629
238.70000 -60.16039 0.75512
238.75000 -60.15611 0.75148
238.80000 -60.15591 0.75275
238.85000 -60.15077 0.75110
238.90000 -60.14933 0.75128
238.95000 -60.15360 0.75262
239.00000 -60.15225 0.75216
239.05000 -60.15089 0.75222
239.10000 -60.14851 0.75135
239.15000 -60.14982 0.75073
239.20000 -60.15697 0.75258
239.25000 -60.15249 0.75084
239.30000 -60.15245 0.75109
239.35000 -60.15274 0.74777
239.40000 -60.15151 0.74875
239.45000 -60.15114 0.74810
239.50000 -60.15060 0.74519
239.55000 -60.14760 0.74707
239.60000 -60.14900 0.75227
239.65000 -60.15323 0.74888
239.70000 -60.14929 0.75109
239.75000 -60.15056 0.75011
239.80000 -60.15077 0.75112
239.85000 -60.15081 0.74706
239.90000 -60.15015 0.74816
239.95000 -60.14641 0.74592
240.00000 -60.14641 0.74691
240.05000 -60.14542 0.74442
240.10000 -60.14847 0.74223
240.15000 -60.14875 0.74108
240.20000 -60.15032 0.74063
240.25000 -60.15073 0.74328
240.30000 -60.14690 0.74105
240.35000 -60.14871 0.73695
240.40000 -60.14871 0.74028
240.45000 -60.14925 0.74189
240.50000 -60.15019 0.74268
240.55000 -60.14933 0.74216
240.60000 -60.14645 0.74110
240.65000 -60.14366 0.74117
240.70000 -60.14744 0.73993
240.75000 -60.14818 0.74002
240.80000 -60.14921 0.74132
240.85000 -60.15274 0.74023
240.90000 -60.15122 0.73662
240.95000 -60.14945 0.73951
241.00000 -60.14752 0.74180
241.05000 -60.14588 0.74297
241.10000 -60.14818 0.74022
241.15000 -60.14834 0.73711
241.20000 -60.14892 0.73866
241.25000 -60.14962 0.73910
241.30000 -60.14822 0.74046
241.35000 -60.14394 0.73881
241.40000 -60.14612 0.73824
241.45000 -60.14588 0.74176
241.50000 -60.14625 0.73954
241.55000 -60.14999 0.74279
241.60000 -60.14851 0.74038
241.65000 -60.14859 0.73839
241.70000 -60.14810 0.74278
241.75000 -60.14657 0.74367
241.80000 -60.14715 0.74254
241.85000 -60.15081 0.73743
241.90000 -60.14982 0.73954
241.95000 -60.14814 0.74117
242.00000 -60.14962 0.73803
242.05000 -60.14826 0.73876
242.10000 -60.14875 0.73723
242.15000 -60.14916 0.73920
242.20000 -60.15229 0.74043
242.25000 -60.15171 0.73854
242.30000 -60.14970 0.73975
242.35000 -60.15097 0.73923
242.40000 -60.15204 0.73935
242.45000 -60.15064 0.73893
242.50000 -60.14982 0.74127
242.55000 -60.14896 0.73785
242.60000 -60.15003 0.74019
242.65000 -60.15175 0.73891
242.70000 -60.15204 0.73983
242.75000 -60.15138 0.73787
242.80000 -60.15188 0.73883
242.85000 -60.15155 0.74017
242.90000 -60.15369 0.73863
242.95000 -60.15180 0.73829
243.00000 -60.15134 0.73559
243.05000 -60.14867 0.74128
243.10000 -60.15089 0.74009
243.15000 -60.15266 0.73462
243.20000 -60.14888 0.73745
243.25000 -60.15069 0.73508
243.30000 -60.14962 0.73588
243.35000 -60.14908 0.73439
243.40000 -60.15393 0.73714
243.45000 -60.15200 0.73751
243.50000 -60.15258 0.73695
243.55000 -60.15048 0.73576
243.60000 -60.15122 0.73530
243.65000 -60.15019 0.73621
243.70000 -60.15286 0.73514
243.75000 -60.15200 0.73450
243.80000 -60.15147 0.73572
243.85000 -60.15406 0.73126
243.90000 -60.15040 0.73527
243.95000 -60.15443 0.73760
244.00000 -60.15204 0.73751
244.05000 -60.15175 0.73600
244.10000 -60.15163 0.73535
244.15000 -60.15085 0.74085
244.20000 -60.15319 0.74057
244.25000 -60.15019 0.73788
244.30000 -60.14871 0.73799
244.35000 -60.15073 0.73789
244.40000 -60.15311 0.73628
244.45000 -60.15455 0.73970
244.50000 -60.15163 0.73819
244.55000 -60.15401 0.73656
244.60000 -60.15471 0.73533
244.65000 -60.15685 0.73543
244.70000 -60.15554 0.73666
244.75000 -60.15369 0.73748
244.80000 -60.15348 0.73829
244.85000 -60.15241 0.73861
244.90000 -60.15303 0.73531
244.95000 -60.15332 0.73640
245.00000 -60.14945 0.73672
245.05000 -60.15286 0.73667
245.10000 -60.15484 0.73749
245.15000 -60.15558 0.73994
245.20000 -60.15295 0.73796
245.25000 -60.15073 0.74000
245.30000 -60.15266 0.73679
245.35000 -60.15541 0.73419
245.40000 -60.15143 0.73420
245.45000 -60.15356 0.73431
245.50000 -60.15595 0.73142
245.55000 -60.15397 0.73503
245.60000 -60.15093 0.73408
245.65000 -60.15118 0.73421
245.70000 -60.15397 0.73525
245.75000 -60.15241 0.73518
245.80000 -60.14995 0.73715
245.85000 -60.14933 0.73604
245.90000 -60.14941 0.72946
245.95000 -60.15311 0.73039
246.00000 -60.15278 0.73350
246.05000 -60.15200 0.73540
246.10000 -60.15406 0.73522
246.15000 -60.15545 0.73708
246.20000 -60.15106 0.73642
246.25000 -60.14962 0.73463
246.30000 -60.15196 0.73332
246.35000 -60.15249 0.73188
246.40000 -60.15097 0.73583
246.45000 -60.14588 0.73727
246.50000 -60.14653 0.73709
246.55000 -60.14764 0.73056
246.60000 -60.15019 0.73352
246.65000 -60.14871 0.73386
246.70000 -60.15015 0.73669
246.75000 -60.14884 0.73395
246.80000 -60.14953 0.73367
246.85000 -60.15064 0.73260
246.90000 -60.15221 0.72980
246.95000 -60.15069 0.73404
247.00000 -60.15414 0.73333
247.05000 -60.15274 0.73282
247.10000 -60.15233 0.73654
247.15000 -60.15229 0.73328
247.20000 -60.15414 0.73544
247.25000 -60.15418 0.73238
247.30000 -60.14953 0.73150
247.35000 -60.15570 0.73292
247.40000 -60.15422 0.73361
247.45000 -60.15200 0.73226
247.50000 -60.15340 0.73948
247.55000 -60.15064 0.73605
247.60000 -60.15274 0.73199
247.65000 -60.15138 0.73326
247.70000 -60.15101 0.73236
247.75000 -60.15180 0.73870
247.80000 -60.15307 0.73518
247.85000 -60.15126 0.73555
247.90000 -60.15344 0.73555
247.95000 -60.15496 0.73612
248.00000 -60.15537 0.73756
248.05000 -60.15545 0.73371
248.10000 -60.15192 0.73459
248.15000 -60.15315 0.73391
248.20000 -60.15533 0.73619
248.25000 -60.15233 0.73918
248.30000 -60.15130 0.73687
248.35000 -60.15488 0.73680
248.40000 -60.15599 0.73458
248.45000 -60.15603 0.73556
248.50000 -60.15381 0.73458
248.55000 -60.15385 0.73911
248.60000 -60.15126 0.73571
248.65000 -60.15258 0.73572
248.70000 -60.15180 0.73454
248.75000 -60.14900 0.73862
248.80000 -60.15044 0.73836
248.85000 -60.15023 0.73339
248.90000 -60.14912 0.73678
248.95000 -60.14678 0.73399
249.00000 -60.14731 0.73413
249.05000 -60.15093 0.73463
249.10000 -60.14953 0.73716
249.15000 -60.14781 0.73455
249.20000 -60.14653 0.73380
249.25000 -60.14822 0.73014
249.30000 -60.14867 0.73239
249.35000 -60.14855 0.73489
249.40000 -60.14756 0.73303
249.45000 -60.14694 0.73350
249.50000 -60.14801 0.73318
249.55000 -60.14341 0.73179
249.60000 -60.14390 0.73201
249.65000 -60.14604 0.73084
249.70000 -60.14608 0.72778
249.75000 -60.14768 0.72745
249.80000 -60.14559 0.73168
249.85000 -60.14694 0.73158
249.90000 -60.14555 0.72997
249.95000 -60.14275 0.73065
250.00000 -60.14374 0.72864
250.05000 -60.13428 0.73271
250.10000 -60.14427 0.73752
250.15000 -60.15517 0.73200
250.20000 -60.16215 0.73189
250.25000 -60.17786 0.73412
250.30000 -60.18986 0.73578
250.35000 -60.19972 0.73705
250.40000 -60.21045 0.73398
250.45000 -60.21974 0.73549
250.50000 -60.22513 0.73402
250.55000 -60.23425 0.73549
250.60000 -60.24153 0.73322
250.65000 -60.24646 0.73210
250.70000 -60.25443 0.73355
250.75000 -60.25760 0.73573
250.80000 -60.26356 0.73611
250.85000 -60.26524 0.73764
250.90000 -60.27457 0.73901
250.95000 -60.27725 0.74044
251.00000 -60.28629 0.73702
251.05000 -60.28843 0.73716
251.10000 -60.28834 0.73939
251.15000 -60.29237 0.73719
251.20000 -60.29874 0.73568
251.25000 -60.30203 0.73647
251.30000 -60.30816 0.73771
251.35000 -60.31103 0.73695
251.40000 -60.31646 0.74171
251.45000 -60.31601 0.73920
251.50000 -60.32045 0.74066
251.55000 -60.32304 0.73334
251.60000 -60.32710 0.73897
251.65000 -60.33056 0.74052
251.70000 -60.33274 0.73821
251.75000 -60.33257 0.73878
251.80000 -60.33376 0.73673
251.85000 -60.33520 0.74173
251.90000 -60.33730 0.73700
251.95000 -60.33989 0.73799
252.00000 -60.34244 0.74033
252.05000 -60.34293 0.73754
252.10000 -60.34893 0.73975
252.15000 -60.34926 0.74239
252.20000 -60.35390 0.74091
252.25000 -60.35456 0.74126
252.30000 -60.35760 0.74041
252.35000 -60.35625 0.74317
252.40000 -60.36003 0.74066
252.45000 -60.36344 0.74108
252.50000 -60.36241 0.74119
252.55000 -60.36566 0.74258
252.60000 -60.36632 0.74001
252.65000 -60.37117 0.74361
252.70000 -60.36714 0.74061
252.75000 -60.37026 0.74241
252.80000 -60.37359 0.74405
252.85000 -60.37503 0.74473
252.90000 -60.37528 0.74449
252.95000 -60.37890 0.74084
253.00000 -60.38070 0.74148
253.05000 -60.38264 0.73756
253.10000 -60.38149 0.73673
253.15000 -60.38856 0.73974
253.20000 -60.38334 0.74058
253.25000 -60.38239 0.73935
253.30000 -60.38605 0.73858
253.35000 -60.38765 0.73783
253.40000 -60.39221 0.73970
253.45000 -60.39263 0.73846
253.50000 -60.39501 0.73897
253.55000 -60.39115 0.73666
253.60000 -60.39690 0.73932
253.65000 -60.39530 0.73917
253.70000 -60.39365 0.73843
253.75000 -60.39780 0.73952
253.80000 -60.39953 0.73576
253.85000 -60.40011 0.73702
253.90000 -60.40150 0.73957
253.95000 -60.40459 0.74216
254.00000 -60.40450 0.73775
254.05000 -60.40529 0.73439
254.10000 -60.40779 0.73747
254.15000 -60.40541 0.73580
254.20000 -60.40631 0.73947
254.25000 -60.41051 0.73726
254.30000 -60.41055 0.73297
254.35000 -60.41351 0.73532
254.40000 -60.41203 0.73620
254.45000 -60.41141 0.73893
254.50000 -60.40824 0.73540
254.55000 -60.41605 0.73562
254.60000 -60.41527 0.73633
254.65000 -60.41721 0.73580
254.70000 -60.41737 0.73511
254.75000 -60.41704 0.73719
254.80000 -60.42136 0.73338
254.85000 -60.41967 0.73378
254.90000 -60.41823 0.73467
254.95000 -60.41914 0.73628
255.00000 -60.42029 0.74116
255.05000 -60.42444 0.73631
255.10000 -60.42395 0.73523
255.15000 -60.42485 0.73342
255.20000 -60.42917 0.73191
255.25000 -60.43126 0.73355
255.30000 -60.42789 0.73108
255.35000 -60.43093 0.73261
255.40000 -60.43467 0.73229
255.45000 -60.43200 0.73401
255.50000 -60.43644 0.73458
255.55000 -60.43019 0.73292
255.60000 -60.43455 0.73317
255.65000 -60.43348 0.73144
255.70000 -60.43718 0.73200
255.75000 -60.43755 0.72993
255.80000 -60.43743 0.73254
255.85000 -60.43772 0.73251
255.90000 -60.43739 0.73088
255.95000 -60.44080 0.73002
256.00000 -60.43796 0.73368
256.05000 -60.44129 0.73170
256.10000 -60.44117 0.73265
256.15000 -60.44232 0.73420
256.20000 -60.44306 0.73329
256.25000 -60.44475 0.73368
256.30000 -60.44803 0.73239
256.35000 -60.44614 0.73084
256.40000 -60.44512 0.73152
256.45000 -60.44351 0.73143
256.50000 -60.44812 0.73200
256.55000 -60.44849 0.73218
256.60000 -60.44544 0.73364
256.65000 -60.44520 0.73068
256.70000 -60.44499 0.73141
256.75000 -60.44676 0.73208
256.80000 -60.44705 0.73265
256.85000 -60.44836 0.72928
256.90000 -60.45153 0.73348
256.95000 -60.45083 0.73489
257.00000 -60.45165 0.73340
257.05000 -60.45124 0.73262
257.10000 -60.45276 0.73108
257.15000 -60.45120 0.73149
257.20000 -60.45449 0.73177
257.25000 -60.45593 0.73473
257.30000 -60.45630 0.73353
257.35000 -60.45436 0.73661
257.40000 -60.45021 0.73339
257.45000 -60.45214 0.73099
257.50000 -60.45675 0.73575
257.55000 -60.45547 0.73093
257.60000 -60.45897 0.73148
257.65000 -60.46090 0.73028
257.70000 -60.45958 0.73109
257.75000 -60.45519 0.73163
257.80000 -60.45531 0.72797
257.85000 -60.45942 0.73219
257.90000 -60.45823 0.73416
257.95000 -60.46008 0.73376
258.00000 -60.45991 0.73268
258.05000 -60.46102 0.73270
258.10000 -60.46201 0.73123
258.15000 -60.46341 0.73306
258.20000 -60.46110 0.73180
258.25000 -60.46234 0.73096
258.30000 -60.46443 0.73122
258.35000 -60.46398 0.73454
258.40000 -60.46168 0.73339
258.45000 -60.46143 0.73508
258.50000 -60.46316 0.73702
258.55000 -60.46374 0.73732
258.60000 -60.46226 0.73540
258.65000 -60.46213 0.73490
258.70000 -60.46415 0.73363
258.75000 -60.46493 0.73953
258.80000 -60.46357 0.73700
258.85000 -60.46431 0.74018
258.90000 -60.46308 0.74163
258.95000 -60.46423 0.74103
259.00000 -60.46361 0.74101
259.05000 -60.46115 0.74301
259.10000 -60.46106 0.74262
259.15000 -60.46082 0.74555
259.20000 -60.46386 0.74137
259.25000 -60.46308 0.73980
259.30000 -60.46361 0.74092
259.35000 -60.46509 0.74087
259.40000 -60.46374 0.74057
259.45000 -60.46386 0.73964
259.50000 -60.45999 0.74343
259.55000 -60.46398 0.74217
259.60000 -60.46686 0.74150
259.65000 -60.46452 0.74233
259.70000 -60.46522 0.74142
259.75000 -60.46041 0.73997
259.80000 -60.46402 0.74371
259.85000 -60.46460 0.74468
259.90000 -60.46439 0.74394
259.95000 -60.46094 0.74390
260.00000 -60.46439 0.74644
260.05000 -60.46230 0.74460
260.10000 -60.46279 0.74495
260.15000 -60.46402 0.74425
260.20000 -60.45901 0.74122
260.25000 -60.46406 0.74145
260.30000 -60.46197 0.74190
260.35000 -60.46127 0.74236
260.40000 -60.46201 0.74421
260.45000 -60.46172 0.74478
260.50000 -60.46184 0.74059
260.55000 -60.46197 0.73902
260.60000 -60.46258 0.74340
260.65000 -60.46073 0.74302
260.70000 -60.46189 0.74413
260.75000 -60.46020 0.74164
260.80000 -60.46378 0.74364
260.85000 -60.46316 0.74201
260.90000 -60.46341 0.74209
260.95000 -60.46213 0.74098
261.00000 -60.46147 0.74384
261.05000 -60.46291 0.74355
261.10000 -60.46402 0.74555
261.15000 -60.46600 0.74344
261.20000 -60.46501 0.74169
261.25000 -60.46752 0.74037
261.30000 -60.46785 0.74142
261.35000 -60.46579 0.74203
261.40000 -60.47027 0.74349
261.45000 -60.46838 0.74523
261.50000 -60.46920 0.74551
261.55000 -60.46912 0.74358
261.60000 -60.46928 0.74578
261.65000 -60.46789 0.74388
261.70000 -60.47023 0.74514
261.75000 -60.46998 0.74525
261.80000 -60.46970 0.74569
261.85000 -60.46871 0.74513
261.90000 -60.47060 0.74692
261.95000 -60.47019 0.74678
262.00000 -60.47056 0.74635
262.05000 -60.47204 0.74976
262.10000 -60.47311 0.74821
262.15000 -60.47089 0.74599
262.20000 -60.46900 0.74779
262.25000 -60.46990 0.74552
262.30000 -60.46891 0.74919
262.35000 -60.47146 0.74806
262.40000 -60.46957 0.75031
262.45000 -60.46760 0.74953
262.50000 -60.47072 0.75264
262.55000 -60.47118 0.74795
262.60000 -60.46805 0.74572
262.65000 -60.46546 0.74699
262.70000 -60.46649 0.74744
262.75000 -60.46965 0.74679
262.80000 -60.47196 0.74578
262.85000 -60.46813 0.74520
262.90000 -60.46822 0.74731
262.95000 -60.46850 0.74777
263.00000 -60.46702 0.74456
263.05000 -60.46657 0.75144
263.10000 -60.46493 0.74794
263.15000 -60.46690 0.74701
263.20000 -60.46550 0.74642
263.25000 -60.46875 0.74682
263.30000 -60.46789 0.74749
263.35000 -60.47044 0.74832
263.40000 -60.46760 0.74655
263.45000 -60.46924 0.75066
263.50000 -60.46896 0.74657
263.55000 -60.46530 0.74623
263.60000 -60.46559 0.74698
263.65000 -60.46575 0.74869
263.70000 -60.46550 0.74803
263.75000 -60.46579 0.75364
263.80000 -60.46394 0.75197
263.85000 -60.46258 0.75287
263.90000 -60.46591 0.75341
263.95000 -60.46620 0.75351
264.00000 -60.46316 0.75393
264.05000 -60.46563 0.75164
264.10000 -60.45987 0.75432
264.15000 -60.46320 0.75600
264.20000 -60.46349 0.75582
264.25000 -60.46271 0.75556
264.30000 -60.46197 0.75189
264.35000 -60.46316 0.74900
264.40000 -60.46300 0.74867
264.45000 -60.46184 0.75259
264.50000 -60.46032 0.75279
264.55000 -60.46078 0.75471
264.60000 -60.46415 0.75365
264.65000 -60.45889 0.74845
264.70000 -60.46090 0.75180
264.75000 -60.46098 0.75002
264.80000 -60.46082 0.75099
264.85000 -60.46123 0.75365
264.90000 -60.46304 0.75268
264.95000 -60.46258 0.75128
265.00000 -60.46234 0.75686
265.05000 -60.46230 0.75706
265.10000 -60.46242 0.75548
265.15000 -60.45605 0.75871
265.20000 -60.45667 0.75769
265.25000 -60.45835 0.75943
265.30000 -60.45741 0.75686
265.35000 -60.45991 0.76016
265.40000 -60.45876 0.76166
265.45000 -60.45987 0.76120
265.50000 -60.45897 0.75934
265.55000 -60.45761 0.76081
265.60000 -60.45662 0.75939
265.65000 -60.45646 0.75840
265.70000 -60.45864 0.75702
265.75000 -60.45827 0.75750
265.80000 -60.45819 0.76026
265.85000 -60.45543 0.75841
265.90000 -60.45588 0.75862
265.95000 -60.45790 0.76066
266.00000 -60.45432 0.75793
266.05000 -60.45572 0.75611
266.10000 -60.45753 0.75980
266.15000 -60.45523 0.76036
266.20000 -60.45736 0.75891
266.25000 -60.45523 0.75734
266.30000 -60.45428 0.75570
266.35000 -60.45650 0.75822
266.40000 -60.45473 0.75662
266.45000 -60.45391 0.75576
266.50000 -60.45391 0.75742
266.55000 -60.45576 0.75664
266.60000 -60.45576 0.75823
266.65000 -60.45712 0.75976
266.70000 -60.45753 0.75568
266.75000 -60.45749 0.75763
266.80000 -60.45913 0.75727
266.85000 -60.45868 0.75452
266.90000 -60.45482 0.75673
266.95000 -60.45556 0.75510
267.00000 -60.45605 0.75173
267.05000 -60.45843 0.75341
267.10000 -60.45823 0.75348
267.15000 -60.45786 0.75222
267.20000 -60.45856 0.75763
267.25000 -60.45551 0.75591
267.30000 -60.44984 0.75537
267.35000 -60.45186 0.75169
267.40000 -60.45506 0.75031
267.45000 -60.45140 0.75086
267.50000 -60.45527 0.74715
267.55000 -60.45588 0.74858
267.60000 -60.45387 0.75011
267.65000 -60.45272 0.75107
267.70000 -60.45671 0.75096
267.75000 -60.45564 0.74885
267.80000 -60.45630 0.74823
267.85000 -60.45683 0.74626
267.90000 -60.45860 0.74442
267.95000 -60.46008 0.74326
268.00000 -60.45609 0.74112
268.05000 -60.45856 0.74251
268.10000 -60.45864 0.74348
268.15000 -60.45864 0.74162
268.20000 -60.45909 0.74448
268.25000 -60.45662 0.74170
268.30000 -60.45679 0.74190
268.35000 -60.46287 0.74331
268.40000 -60.46069 0.74244
268.45000 -60.45695 0.74276
268.50000 -60.45564 0.74317
268.55000 -60.45827 0.74218
268.60000 -60.45753 0.74059
268.65000 -60.45720 0.74491
268.70000 -60.45806 0.74424
268.75000 -60.45934 0.74200
268.80000 -60.45901 0.74350
268.85000 -60.45889 0.74479
268.90000 -60.45839 0.74210
268.95000 -60.45905 0.74119
269.00000 -60.46041 0.74071
269.05000 -60.46102 0.74322
269.10000 -60.46238 0.74324
269.15000 -60.46209 0.74399
269.20000 -60.45934 0.74354
269.25000 -60.45753 0.74551
269.30000 -60.45999 0.74131
269.35000 -60.46115 0.74139
269.40000 -60.46230 0.74611
269.45000 -60.45671 0.74503
269.50000 -60.46147 0.74481
269.55000 -60.46398 0.74426
269.60000 -60.46168 0.74780
269.65000 -60.45741 0.74513
269.70000 -60.46045 0.74338
269.75000 -60.46110 0.74839
269.80000 -60.46332 0.74463
269.85000 -60.46147 0.74754
269.90000 -60.46143 0.74604
269.95000 -60.46016 0.74672
270.00000 -60.45963 0.74731
270.05000 -60.45979 0.74784
270.10000 -60.46098 0.74778
270.15000 -60.46316 0.74976
270.20000 -60.46304 0.74888
270.25000 -60.46345 0.75031
270.30000 -60.46127 0.74871
270.35000 -60.46263 0.74752
270.40000 -60.46287 0.75079
270.45000 -60.46600 0.75174
270.50000 -60.46752 0.75175
270.55000 -60.46522 0.74675
270.60000 -60.46263 0.74872
270.65000 -60.46476 0.75344
270.70000 -60.46591 0.74972
270.75000 -60.46567 0.75079
270.80000 -60.46472 0.75237
270.85000 -60.46579 0.75126
270.90000 -60.46443 0.75264
270.95000 -60.46633 0.75565
271.00000 -60.46295 0.74896
271.05000 -60.46583 0.74904
271.10000 -60.46526 0.75386
271.15000 -60.46563 0.75567
271.20000 -60.46620 0.75872
271.25000 -60.46452 0.75791
271.30000 -60.46184 0.75642
271.35000 -60.46575 0.75983
271.40000 -60.46571 0.76033
271.45000 -60.46485 0.75992
271.50000 -60.46443 0.76058
271.55000 -60.46386 0.75901
271.60000 -60.46382 0.75712
271.65000 -60.46698 0.75646
271.70000 -60.46608 0.75707
271.75000 -60.46575 0.76025
271.80000 -60.46530 0.75730
271.85000 -60.46193 0.75762
271.90000 -60.46365 0.75903
271.95000 -60.46867 0.75725
272.00000 -60.46633 0.75983
272.05000 -60.46867 0.75390
272.10000 -60.46665 0.75547
272.15000 -60.46706 0.75566
272.20000 -60.46809 0.75551
272.25000 -60.46727 0.75630
272.30000 -60.46994 0.75904
272.35000 -60.46669 0.75894
272.40000 -60.46209 0.75691
272.45000 -60.46402 0.75781
272.50000 -60.46238 0.75813
272.55000 -60.46365 0.75822
272.60000 -60.46698 0.75808
272.65000 -60.46690 0.76122
272.70000 -60.47039 0.75986
272.75000 -60.46608 0.75730
272.80000 -60.46480 0.76259
272.85000 -60.46924 0.75964
272.90000 -60.47064 0.76169
272.95000 -60.46690 0.76175
273.00000 -60.46612 0.76012
273.05000 -60.46941 0.76133
273.10000 -60.47068 0.75894
273.15000 -60.46735 0.75900
273.20000 -60.46776 0.76229
273.25000 -60.46780 0.76088
273.30000 -60.47270 0.76102
273.35000 -60.47007 0.75991
273.40000 -60.46924 0.75759
273.45000 -60.46961 0.76086
273.50000 -60.47039 0.75909
273.55000 -60.47286 0.76008
273.60000 -60.47286 0.75991
273.65000 -60.46982 0.75793
273.70000 -60.46982 0.75710
273.75000 -60.47208 0.76079
273.80000 -60.46871 0.76086
273.85000 -60.47093 0.76058
273.90000 -60.47126 0.76090
273.95000 -60.47372 0.75893
274.00000 -60.47146 0.76023
274.05000 -60.47035 0.76013
274.10000 -60.46838 0.76019
274.15000 -60.47348 0.75929
274.20000 -60.47138 0.76058
274.25000 -60.47278 0.76390
274.30000 -60.47159 0.76238
274.35000 -60.47072 0.76036
274.40000 -60.47393 0.76428
274.45000 -60.47360 0.76149
274.50000 -60.47200 0.76330
274.55000 -60.47294 0.76111
274.60000 -60.47142 0.76404
274.65000 -60.46970 0.76421
274.70000 -60.47315 0.76384
274.75000 -60.46937 0.76482
274.80000 -60.46883 0.76272
274.85000 -60.47048 0.76126
274.90000 -60.47027 0.76427
274.95000 -60.47085 0.75984
275.00000 -60.47118 0.76140
275.05000 -60.47097 0.76327
275.10000 -60.47175 0.76295
275.15000 -60.47019 0.76126
275.20000 -60.46978 0.76178
275.25000 -60.47200 0.76241
275.30000 -60.47187 0.76149
275.35000 -60.47044 0.75867
275.40000 -60.46900 0.75664
275.45000 -60.46986 0.75918
275.50000 -60.46920 0.76118
275.55000 -60.47368 0.76296
275.60000 -60.47459 0.75689
275.65000 -60.47118 0.75795
275.70000 -60.46937 0.75651
275.75000 -60.46904 0.75880
275.80000 -60.46961 0.75873
275.85000 -60.47183 0.75966
275.90000 -60.47163 0.75853
275.95000 -60.46904 0.75690
276.00000 -60.46998 0.75560
276.05000 -60.46830 0.75834
276.10000 -60.46723 0.75741
276.15000 -60.47044 0.75673
276.20000 -60.46924 0.75963
276.25000 -60.46801 0.75945
276.30000 -60.46961 0.75824
276.35000 -60.47163 0.75481
276.40000 -60.46978 0.75731
276.45000 -60.47019 0.75588
276.50000 -60.47175 0.75696
276.55000 -60.47134 0.75885
276.60000 -60.46809 0.75903
276.65000 -60.47237 0.75626
276.70000 -60.47146 0.75384
276.75000 -60.47081 0.75592
276.80000 -60.46891 0.75623
276.85000 -60.46937 0.75161
276.90000 -60.46846 0.75129
276.95000 -60.46965 0.75274
277.00000 -60.46867 0.75226
277.05000 -60.46690 0.75076
277.10000 -60.46822 0.75574
277.15000 -60.47093 0.75508
277.20000 -60.47224 0.75203
277.25000 -60.47237 0.75379
277.30000 -60.47426 0.75233
277.35000 -60.47278 0.75137
277.40000 -60.47130 0.75662
277.45000 -60.47257 0.75305
277.50000 -60.47319 0.75297
277.55000 -60.47249 0.75259
277.60000 -60.47113 0.75140
277.65000 -60.47002 0.75230
277.70000 -60.46949 0.75327
277.75000 -60.46912 0.75320
277.80000 -60.47122 0.75274
277.85000 -60.46982 0.75194
277.90000 -60.46838 0.75596
277.95000 -60.46994 0.75262
278.00000 -60.46904 0.75312
278.05000 -60.47323 0.75356
278.10000 -60.47261 0.75541
278.15000 -60.47241 0.75624
278.20000 -60.47167 0.75561
278.25000 -60.46809 0.75545
278.30000 -60.46756 0.75318
278.35000 -60.46924 0.75601
278.40000 -60.47048 0.76053
278.45000 -60.46924 0.75609
278.50000 -60.47212 0.75347
278.55000 -60.47031 0.75453
278.60000 -60.47011 0.75433
278.65000 -60.46920 0.75352
278.70000 -60.46822 0.75230
278.75000 -60.46965 0.75173
278.80000 -60.47192 0.75322
278.85000 -60.46949 0.75566
278.90000 -60.46830 0.75272
278.95000 -60.46748 0.75139
279.00000 -60.46830 0.75075
279.05000 -60.47183 0.75166
279.10000 -60.46912 0.75375
279.15000 -60.46900 0.75212
279.20000 -60.46797 0.75245
279.25000 -60.46891 0.74997
279.30000 -60.46785 0.75052
279.35000 -60.46653 0.75251
279.40000 -60.46764 0.75060
279.45000 -60.46817 0.75391
279.50000 -60.46456 0.75545
279.55000 -60.46698 0.75473
279.60000 -60.46920 0.75146
279.65000 -60.47007 0.74981
279.70000 -60.46945 0.75049
279.75000 -60.47076 0.75239
279.80000 -60.47056 0.74655
279.85000 -60.46591 0.74862
279.90000 -60.46933 0.75000
279.95000 -60.46933 0.75046
280.00000 -60.46797 0.75260
280.05000 -60.47311 0.74650
280.10000 -60.47015 0.74666
280.15000 -60.47212 0.74626
280.20000 -60.47192 0.74831
280.25000 -60.46920 0.74674
280.30000 -60.47015 0.74546
280.35000 -60.46924 0.74654
280.40000 -60.47118 0.74758
280.45000 -60.46789 0.74785
280.50000 -60.46686 0.75428
280.55000 -60.46920 0.74994
280.60000 -60.47146 0.75139
280.65000 -60.47027 0.74843
280.70000 -60.47122 0.74892
280.75000 -60.46924 0.74976
280.80000 -60.46924 0.75207
280.85000 -60.47134 0.74924
280.90000 -60.47068 0.74907
280.95000 -60.46994 0.74957
281.00000 -60.47146 0.75056
281.05000 -60.47039 0.75034
281.10000 -60.47163 0.75008
281.15000 -60.47109 0.74796
281.20000 -60.47303 0.75000
281.25000 -60.47566 0.74913
281.30000 -60.47307 0.74915
281.35000 -60.47677 0.74936
281.40000 -60.47274 0.75360
281.45000 -60.47039 0.75576
281.50000 -60.47233 0.75411
281.55000 -60.47089 0.75101
281.60000 -60.46990 0.75226
281.65000 -60.47155 0.75365
281.70000 -60.46945 0.75108
281.75000 -60.46875 0.75273
281.80000 -60.46891 0.75313
281.85000 -60.46928 0.75644
281.90000 -60.47031 0.75495
281.95000 -60.46830 0.75518
282.00000 -60.46785 0.75515
282.05000 -60.46657 0.75901
282.10000 -60.46583 0.75685
282.15000 -60.46513 0.75876
282.20000 -60.46501 0.75986
282.25000 -60.46382 0.75938
282.30000 -60.46406 0.75917
282.35000 -60.46957 0.75483
282.40000 -60.46267 0.75568
282.45000 -60.46542 0.75209
282.50000 -60.46583 0.75621
282.55000 -60.46575 0.75568
282.60000 -60.46546 0.75297
282.65000 -60.46727 0.75382
282.70000 -60.46546 0.75263
282.75000 -60.46896 0.75500
282.80000 -60.46933 0.75640
282.85000 -60.46780 0.75470
282.90000 -60.46480 0.75476
282.95000 -60.46838 0.75558
283.00000 -60.46415 0.75477
283.05000 -60.46600 0.75757
283.10000 -60.46633 0.75726
283.15000 -60.46653 0.75776
283.20000 -60.46448 0.75742
283.25000 -60.46509 0.75742
283.30000 -60.46304 0.75575
283.35000 -60.46115 0.75753
283.40000 -60.46365 0.75705
283.45000 -60.46616 0.75428
283.50000 -60.46439 0.75680
283.55000 -60.46394 0.75745
283.60000 -60.46316 0.75426
283.65000 -60.46431 0.75814
283.70000 -60.46427 0.75478
283.75000 -60.46522 0.75815
283.80000 -60.46135 0.75822
283.85000 -60.46226 0.75831
283.90000 -60.46382 0.75774
283.95000 -60.46291 0.75859
284.00000 -60.46230 0.76232
284.05000 -60.45917 0.76394
284.10000 -60.46246 0.76112
284.15000 -60.46604 0.76213
284.20000 -60.46480 0.76001
284.25000 -60.46406 0.76201
284.30000 -60.46238 0.75982
284.35000 -60.45954 0.76002
284.40000 -60.46263 0.76001
284.45000 -60.46312 0.76037
284.50000 -60.46300 0.76148
284.55000 -60.46390 0.76134
284.60000 -60.46517 0.76077
284.65000 -60.46201 0.75833
284.70000 -60.46283 0.75850
284.75000 -60.46004 0.75826
284.80000 -60.46209 0.75826
284.85000 -60.46361 0.76096
284.90000 -60.46669 0.75636
284.95000 -60.46135 0.75709
285.00000 -60.45880 0.75731
285.05000 -60.46357 0.75722
285.10000 -60.46226 0.75685
285.15000 -60.46382 0.75954
285.20000 -60.46036 0.75942
285.25000 -60.46180 0.75701
285.30000 -60.46164 0.75639
285.35000 -60.46546 0.75535
285.40000 -60.46468 0.75753
285.45000 -60.46246 0.76103
285.50000 -60.46411 0.75730
285.55000 -60.46567 0.75845
285.60000 -60.46386 0.75524
285.65000 -60.46271 0.75982
285.70000 -60.46230 0.75745
285.75000 -60.46180 0.75660
285.80000 -60.46110 0.75523
285.85000 -60.46147 0.75536
285.90000 -60.46172 0.76052
285.95000 -60.46291 0.75964
286.00000 -60.46184 0.75727
286.05000 -60.45995 0.75738
286.10000 -60.46110 0.76158
286.15000 -60.45843 0.75790
286.20000 -60.46156 0.75948
286.25000 -60.46242 0.75439
286.30000 -60.46065 0.75645
286.35000 -60.46267 0.75544
286.40000 -60.46193 0.75190
286.45000 -60.46008 0.75552
286.50000 -60.46184 0.75611
286.55000 -60.45991 0.75820
286.60000 -60.46283 0.75638
286.65000 -60.46304 0.75698
286.70000 -60.46180 0.75180
286.75000 -60.46230 0.75532
286.80000 -60.46283 0.75205
286.85000 -60.46365 0.75330
286.90000 -60.46164 0.75366
286.95000 -60.46008 0.75509
287.00000 -60.45893 0.75443
287.05000 -60.45872 0.75372
287.10000 -60.46123 0.75606
287.15000 -60.46008 0.75316
287.20000 -60.45778 0.74881
287.25000 -60.46094 0.74847
287.30000 -60.46012 0.75013
287.35000 -60.45934 0.74868
287.40000 -60.46172 0.75049
287.45000 -60.46263 0.74980
287.50000 -60.45843 0.75085
287.55000 -60.45802 0.75044
287.60000 -60.45827 0.75447
287.65000 -60.45995 0.75021
287.70000 -60.46110 0.75014
287.75000 -60.45847 0.75147
287.80000 -60.46008 0.74947
287.85000 -60.45967 0.75144
287.90000 -60.46057 0.75102
287.95000 -60.46456 0.75004
288.00000 -60.46106 0.75149
288.05000 -60.45958 0.74810
288.10000 -60.46041 0.74978
288.15000 -60.46028 0.74940
288.20000 -60.45913 0.74862
288.25000 -60.46258 0.75340
288.30000 -60.45967 0.75254
288.35000 -60.46127 0.75299
288.40000 -60.46123 0.75421
288.45000 -60.46382 0.75591
288.50000 -60.46427 0.75189
288.55000 -60.46390 0.75470
288.60000 -60.46460 0.75226
288.65000 -60.46238 0.75330
288.70000 -60.45971 0.75346
288.75000 -60.45868 0.75245
288.80000 -60.46012 0.75184
288.85000 -60.46587 0.75100
288.90000 -60.46349 0.74893
288.95000 -60.46637 0.74795
289.00000 -60.46357 0.74617
289.05000 -60.46579 0.74771
289.10000 -60.46493 0.75081
289.15000 -60.46542 0.74897
289.20000 -60.46369 0.74910
289.25000 -60.46628 0.74830
289.30000 -60.46275 0.74628
289.35000 -60.46456 0.74761
289.40000 -60.46501 0.75061
289.45000 -60.46390 0.74637
289.50000 -60.46415 0.74734
289.55000 -60.46501 0.74751
289.60000 -60.46448 0.74652
289.65000 -60.46743 0.74661
289.70000 -60.46221 0.74869
289.75000 -60.46238 0.75012
289.80000 -60.46028 0.75065
289.85000 -60.46082 0.74740
289.90000 -60.45999 0.74807
289.95000 -60.45535 0.74927
290.00000 -60.45728 0.74770
290.05000 -60.46304 0.74424
290.10000 -60.45967 0.74559
290.15000 -60.45765 0.74299
290.20000 -60.45630 0.74657
290.25000 -60.45749 0.74488
290.30000 -60.45716 0.74941
290.35000 -60.45917 0.74420
290.40000 -60.45605 0.74667
290.45000 -60.45695 0.74619
290.50000 -60.45884 0.74745
290.55000 -60.46041 0.74804
290.60000 -60.46008 0.74489
290.65000 -60.45794 0.74693
290.70000 -60.45580 0.74653
290.75000 -60.45424 0.74880
290.80000 -60.45560 0.74762
290.85000 -60.45428 0.74481
290.90000 -60.45317 0.74641
290.95000 -60.45210 0.74762
291.00000 -60.45190 0.74949
291.05000 -60.45551 0.74737
291.10000 -60.45362 0.74792
291.15000 -60.45251 0.74708
291.20000 -60.45383 0.74506
291.25000 -60.45708 0.74595
291.30000 -60.45658 0.74648
291.35000 -60.45753 0.74873
291.40000 -60.45329 0.74481
291.45000 -60.45297 0.74612
291.50000 -60.45514 0.75050
291.55000 -60.45293 0.75089
291.60000 -60.45288 0.75082
291.65000 -60.45219 0.74799
291.70000 -60.45210 0.74881
291.75000 -60.45140 0.74637
291.80000 -60.45584 0.74711
291.85000 -60.45206 0.74714
291.90000 -60.45535 0.74705
291.95000 -60.45256 0.74919
292.00000 -60.45457 0.74747
292.05000 -60.45313 0.75034
292.10000 -60.45350 0.75120
292.15000 -60.45268 0.74792
292.20000 -60.45490 0.74933
292.25000 -60.45424 0.75063
292.30000 -60.45531 0.75274
292.35000 -60.45494 0.75375
292.40000 -60.45473 0.75264
292.45000 -60.45560 0.75049
292.50000 -60.45593 0.74866
292.55000 -60.45720 0.75099
292.60000 -60.45584 0.75144
292.65000 -60.45806 0.74956
292.70000 -60.45699 0.74884
292.75000 -60.45909 0.74824
292.80000 -60.45749 0.74906
292.85000 -60.45790 0.74504
292.90000 -60.45950 0.74558
292.95000 -60.45938 0.74576
293.00000 -60.45769 0.74694
293.05000 -60.45720 0.74734
293.10000 -60.45412 0.74773
293.15000 -60.45416 0.74808
293.20000 -60.45440 0.74713
293.25000 -60.45477 0.74556
293.30000 -60.45917 0.74760
293.35000 -60.45893 0.75000
293.40000 -60.45897 0.75178
293.45000 -60.45576 0.74842
293.50000 -60.45967 0.75167
293.55000 -60.45810 0.75004
293.60000 -60.45654 0.74848
293.65000 -60.45864 0.74864
293.70000 -60.45486 0.75126
293.75000 -60.45490 0.75151
293.80000 -60.45387 0.74802
293.85000 -60.45412 0.74913
293.90000 -60.45453 0.74946
293.95000 -60.45449 0.75174
294.00000 -60.45317 0.75130
294.05000 -60.45506 0.75220
294.10000 -60.45231 0.75208
294.15000 -60.45613 0.75153
294.20000 -60.45625 0.75006
294.25000 -60.45954 0.74712
294.30000 -60.45601 0.74733
294.35000 -60.45605 0.74810
294.40000 -60.45523 0.74800
294.45000 -60.45366 0.74698
294.50000 -60.45638 0.75151
294.55000 -60.45630 0.75234
294.60000 -60.45288 0.75357
294.65000 -60.45465 0.75117
294.70000 -60.45428 0.75054
294.75000 -60.45597 0.74982
294.80000 -60.45469 0.74798
294.85000 -60.45206 0.75028
294.90000 -60.45346 0.75331
294.95000 -60.45523 0.75039
295.00000 -60.45572 0.75085
295.05000 -60.45231 0.74848
295.10000 -60.45543 0.75007
295.15000 -60.45227 0.74928
295.20000 -60.45317 0.74775
295.25000 -60.45741 0.74969
295.30000 -60.45987 0.74819
295.35000 -60.45864 0.75026
295.40000 -60.45638 0.75124
295.45000 -60.45391 0.74750
295.50000 -60.45301 0.74897
295.55000 -60.45560 0.74815
295.60000 -60.45716 0.74742
295.65000 -60.45884 0.74758
295.70000 -60.45588 0.74420
295.75000 -60.45630 0.74606
295.80000 -60.45683 0.74568
295.85000 -60.45971 0.74623
295.90000 -60.46049 0.74840
295.95000 -60.46115 0.74803
296.00000 -60.46036 0.74776
296.05000 -60.45893 0.74819
296.10000 -60.46032 0.74986
296.15000 -60.45839 0.74638
296.20000 -60.45597 0.74780
296.25000 -60.45724 0.74694
296.30000 -60.45938 0.74615
296.35000 -60.46110 0.74967
296.40000 -60.46394 0.74849
296.45000 -60.46283 0.74927
296.50000 -60.46110 0.74662
296.55000 -60.46012 0.74659
296.60000 -60.45852 0.74706
296.65000 -60.45958 0.74730
296.70000 -60.46168 0.74550
296.75000 -60.45954 0.75082
296.80000 -60.45720 0.75052
296.85000 -60.45790 0.74767
296.90000 -60.46028 0.75092
296.95000 -60.45798 0.75324
297.00000 -60.45954 0.75174
297.05000 -60.45942 0.74710
297.10000 -60.46098 0.74628
297.15000 -60.46176 0.74670
297.20000 -60.45979 0.74863
297.25000 -60.46041 0.74627
297.30000 -60.45963 0.74345
297.35000 -60.46221 0.74335
297.40000 -60.46217 0.74343
297.45000 -60.46098 0.74557
297.50000 -60.46382 0.74693
297.55000 -60.46102 0.74839
297.60000 -60.46020 0.74782
297.65000 -60.46230 0.74947
297.70000 -60.46069 0.75175
297.75000 -60.46036 0.75264
297.80000 -60.46189 0.74713
297.85000 -60.45971 0.74581
297.90000 -60.45921 0.74909
297.95000 -60.46127 0.75148
298.00000 -60.45794 0.75137
298.05000 -60.45893 0.74973
298.10000 -60.46197 0.75159
298.15000 -60.46217 0.75140
298.20000 -60.46365 0.75185
298.25000 -60.45934 0.74913
298.30000 -60.46028 0.74920
298.35000 -60.46172 0.75283
298.40000 -60.46119 0.75124
298.45000 -60.45889 0.75545
298.50000 -60.46020 0.75628
298.55000 -60.46501 0.75534
298.60000 -60.46139 0.75437
298.65000 -60.46078 0.75474
298.70000 -60.46328 0.75379
298.75000 -60.46032 0.75623
298.80000 -60.46012 0.75393
298.85000 -60.46324 0.75429
298.90000 -60.46221 0.75066
298.95000 -60.45991 0.75276
299.00000 -60.46386 0.75112
299.05000 -60.46189 0.75386
299.10000 -60.46254 0.75087
299.15000 -60.46234 0.75017
299.20000 -60.46172 0.74952
299.25000 -60.45921 0.75117
299.30000 -60.45827 0.74748
299.35000 -60.46078 0.75030
299.40000 -60.46086 0.74768
299.45000 -60.46201 0.74618
299.50000 -60.46176 0.74991
299.55000 -60.46180 0.75080
299.60000 -60.46143 0.75022
299.65000 -60.46324 0.74889
299.70000 -60.46394 0.74706
299.75000 -60.46258 0.74841
299.80000 -60.46349 0.74689
299.85000 -60.46431 0.74691
299.90000 -60.46258 0.74710
299.95000 -60.46197 0.74944
300.00000 -60.46304 0.74734
300.05000 -60.47368 0.75107
300.10000 -60.46612 0.74802
300.15000 -60.45761 0.74425
300.20000 -60.44491 0.74317
300.25000 -60.43098 0.74351
300.30000 -60.42197 0.74772
300.35000 -60.41334 0.74498
300.40000 -60.40175 0.74039
300.45000 -60.39004 0.74169
300.50000 -60.38387 0.74273
300.55000 -60.37725 0.74706
300.60000 -60.36829 0.74592
300.65000 -60.36171 0.74378
300.70000 -60.35119 0.74152
300.75000 -60.34474 0.74506
300.80000 -60.34038 0.74471
300.85000 -60.33652 0.74281
300.90000 -60.33023 0.73914
300.95000 -60.32830 0.74461
301.00000 -60.32341 0.74580
301.05000 -60.31921 0.74352
301.10000 -60.31247 0.74372
301.15000 -60.30972 0.74184
301.20000 -60.30585 0.74488
301.25000 -60.29907 0.74373
301.30000 -60.30010 0.74232
301.35000 -60.29977 0.74215
301.40000 -60.29369 0.74152
301.45000 -60.28941 0.74177
301.50000 -60.28510 0.74224
301.55000 -60.28526 0.74040
301.60000 -60.28033 0.74785
301.65000 -60.27449 0.74607
301.70000 -60.27445 0.74335
301.75000 -60.27174 0.74684
301.80000 -60.26952 0.74466
301.85000 -60.26500 0.74598
301.90000 -60.26282 0.74453
301.95000 -60.25978 0.74532
302.00000 -60.25764 0.74223
302.05000 -60.25690 0.73891
302.10000 -60.25571 0.74357
302.15000 -60.25456 0.74590
302.20000 -60.25102 0.74204
302.25000 -60.25003 0.74246
302.30000 -60.24773 0.74279
302.35000 -60.24033 0.74202
302.40000 -60.23972 0.74306
302.45000 -60.23931 0.74323
302.50000 -60.23709 0.74317
302.55000 -60.23314 0.74079
302.60000 -60.23873 0.74166
302.65000 -60.23339 0.74280
302.70000 -60.22878 0.74509
302.75000 -60.22907 0.74566
302.80000 -60.23018 0.74539
302.85000 -60.22615 0.74094
302.90000 -60.22422 0.74097
302.95000 -60.22291 0.74061
303.00000 -60.22056 0.73990
303.05000 -60.22245 0.74075
303.10000 -60.22299 0.74227
303.15000 -60.21990 0.73930
303.20000 -60.21917 0.74271
303.25000 -60.21958 0.74339
303.30000 -60.21559 0.74466
303.35000 -60.21686 0.74263
303.40000 -60.21399 0.74521
303.45000 -60.21320 0.74617
303.50000 -60.21440 0.74157
303.55000 -60.21226 0.74131
303.60000 -60.20942 0.74457
303.65000 -60.20996 0.74549
303.70000 -60.20848 0.74002
303.75000 -60.20827 0.74162
303.80000 -60.20774 0.74182
303.85000 -60.20749 0.74213
303.90000 -60.20355 0.74418
303.95000 -60.20215 0.74195
304.00000 -60.20252 0.74218
304.05000 -60.19931 0.74038
304.10000 -60.19656 0.74299
304.15000 -60.19800 0.74191
304.20000 -60.19779 0.74381
304.25000 -60.19458 0.74090
304.30000 -60.19310 0.74212
304.35000 -60.19393 0.73981
304.40000 -60.19298 0.74111
304.45000 -60.19105 0.74012
304.50000 -60.19249 0.74278
304.55000 -60.19327 0.74212
304.60000 -60.18978 0.73859
304.65000 -60.19002 0.74177
304.70000 -60.18743 0.73939
304.75000 -60.18702 0.74279
304.80000 -60.18690 0.73909
304.85000 -60.18398 0.74134
304.90000 -60.18493 0.73998
304.95000 -60.18530 0.74232
305.00000 -60.18406 0.74174
305.05000 -60.18172 0.73891
305.10000 -60.18127 0.73832
305.15000 -60.18308 0.74046
305.20000 -60.18287 0.74014
305.25000 -60.18250 0.73903
305.30000 -60.17954 0.73934
305.35000 -60.18020 0.74034
305.40000 -60.18172 0.73896
305.45000 -60.17724 0.74312
305.50000 -60.17757 0.74410
305.55000 -60.17461 0.73889
305.60000 -60.17190 0.74053
305.65000 -60.17091 0.74069
305.70000 -60.16869 0.74174
305.75000 -60.16988 0.74322
305.80000 -60.16980 0.74390
305.85000 -60.16828 0.74059
305.90000 -60.16828 0.74234
305.95000 -60.17210 0.74494
306.00000 -60.16889 0.74607
306.05000 -60.16552 0.74163
306.10000 -60.16318 0.74386
306.15000 -60.16413 0.74051
306.20000 -60.16565 0.74258
306.25000 -60.16487 0.74126
306.30000 -60.16487 0.74297
306.35000 -60.16487 0.74126
306.40000 -60.16441 0.74180
306.45000 -60.16166 0.74350
306.50000 -60.16026 0.74236
306.55000 -60.16014 0.74063
306.60000 -60.15989 0.73941
306.65000 -60.16096 0.73979
306.70000 -60.16071 0.74206
306.75000 -60.15817 0.74063
306.80000 -60.16067 0.74098
306.85000 -60.15985 0.74188
306.90000 -60.16076 0.74160
306.95000 -60.15644 0.74205
307.00000 -60.15574 0.74091
307.05000 -60.15747 0.74416
307.10000 -60.15430 0.74321
307.15000 -60.15455 0.74348
307.20000 -60.15484 0.74330
307.25000 -60.15389 0.74246
307.30000 -60.15023 0.74363
307.35000 -60.15151 0.74187
307.40000 -60.15184 0.74011
307.45000 -60.14995 0.74089
307.50000 -60.15385 0.74032
307.55000 -60.14974 0.73861
307.60000 -60.14818 0.74249
307.65000 -60.14740 0.73886
307.70000 -60.14842 0.73972
307.75000 -60.14760 0.74180
307.80000 -60.14916 0.74257
307.85000 -60.15032 0.74064
307.90000 -60.14760 0.74030
307.95000 -60.14694 0.73598
308.00000 -60.14230 0.74256
308.05000 -60.14251 0.74339
308.10000 -60.14123 0.74033
308.15000 -60.13720 0.74028
308.20000 -60.13646 0.73830
308.25000 -60.13922 0.73903
308.30000 -60.13852 0.74099
308.35000 -60.13646 0.74124
308.40000 -60.13864 0.74040
308.45000 -60.13638 0.74077
308.50000 -60.13700 0.73888
308.55000 -60.13914 0.73771
308.60000 -60.14086 0.73511
308.65000 -60.14209 0.73972
308.70000 -60.13868 0.73930
308.75000 -60.13942 0.73928
308.80000 -60.13831 0.74227
308.85000 -60.13778 0.73854
308.90000 -60.13720 0.73781
308.95000 -60.13618 0.74022
309.00000 -60.13766 0.73865
309.05000 -60.13930 0.74101
309.10000 -60.13844 0.74207
309.15000 -60.13663 0.73704
309.20000 -60.13544 0.74089
309.25000 -60.13951 0.73865
309.30000 -60.13655 0.73986
309.35000 -60.13593 0.73998
309.40000 -60.13404 0.73932
309.45000 -60.13671 0.73945
309.50000 -60.13642 0.74314
309.55000 -60.13486 0.74229
309.60000 -60.13482 0.74408
309.65000 -60.13552 0.74241
309.70000 -60.13548 0.74115
309.75000 -60.13671 0.74374
309.80000 -60.13626 0.74376
309.85000 -60.13749 0.74313
309.90000 -60.13885 0.74474
309.95000 -60.13757 0.74552
310.00000 -60.13478 0.74888
310.05000 -60.13790 0.74893
310.10000 -60.13589 0.75059
310.15000 -60.13564 0.74988
310.20000 -60.13630 0.75109
310.25000 -60.13461 0.75019
310.30000 -60.13798 0.75138
310.35000 -60.13753 0.75122
310.40000 -60.13593 0.75211
310.45000 -60.13478 0.75292
310.50000 -60.13371 0.75304
310.55000 -60.13486 0.75160
310.60000 -60.13593 0.75456
310.65000 -60.13482 0.75145
310.70000 -60.13613 0.75068
310.75000 -60.13034 0.75075
310.80000 -60.12906 0.75178
310.85000 -60.13157 0.74686
310.90000 -60.13498 0.74893
310.95000 -60.13087 0.74825
311.00000 -60.13157 0.74880
311.05000 -60.13428 0.74868
311.10000 -60.13379 0.74916
311.15000 -60.13281 0.74829
311.20000 -60.13244 0.74967
311.25000 -60.13235 0.74929
311.30000 -60.13244 0.74951
311.35000 -60.13133 0.75011
311.40000 -60.13470 0.74822
311.45000 -60.12993 0.75056
311.50000 -60.12943 0.74595
311.55000 -60.13124 0.74676
311.60000 -60.12878 0.74548
311.65000 -60.12989 0.75088
311.70000 -60.12791 0.75011
311.75000 -60.12730 0.75065
311.80000 -60.12939 0.74880
311.85000 -60.13128 0.75241
311.90000 -60.12779 0.74771
311.95000 -60.12828 0.74586
312.00000 -60.13017 0.75176
312.05000 -60.12771 0.74834
312.10000 -60.12726 0.74826
312.15000 -60.12697 0.74534
312.20000 -60.12734 0.74681
312.25000 -60.12553 0.74490
312.30000 -60.12721 0.74916
312.35000 -60.12931 0.74852
312.40000 -60.12857 0.74776
312.45000 -60.13108 0.74730
312.50000 -60.12824 0.74851
312.55000 -60.12948 0.74852
312.60000 -60.12680 0.74981
312.65000 -60.12438 0.74816
312.70000 -60.13026 0.74959
312.75000 -60.12976 0.74971
312.80000 -60.12935 0.75006
312.85000 -60.12590 0.74866
312.90000 -60.12569 0.74703
312.95000 -60.13161 0.74851
313.00000 -60.12586 0.74831
313.05000 -60.12569 0.74493
313.10000 -60.12647 0.74599
313.15000 -60.12734 0.74687
313.20000 -60.12791 0.74830
313.25000 -60.12730 0.74809
313.30000 -60.12783 0.74814
313.35000 -60.12993 0.74567
313.40000 -60.13190 0.74273
313.45000 -60.13174 0.74335
313.50000 -60.13067 0.74583
313.55000 -60.12832 0.74589
313.60000 -60.13075 0.74621
313.65000 -60.13013 0.74509
313.70000 -60.12894 0.74389
313.75000 -60.13013 0.74480
313.80000 -60.12968 0.74543
313.85000 -60.12832 0.74278
313.90000 -60.13165 0.74443
313.95000 -60.13046 0.74407
314.00000 -60.12927 0.74392
314.05000 -60.13096 0.74495
314.10000 -60.12828 0.74839
314.15000 -60.12742 0.74807
314.20000 -60.12721 0.74476
314.25000 -60.12989 0.74750
314.30000 -60.12820 0.74800
314.35000 -60.12820 0.74655
314.40000 -60.12697 0.74814
314.45000 -60.13227 0.74941
314.50000 -60.12767 0.74731
314.55000 -60.12795 0.74795
314.60000 -60.12939 0.74701
314.65000 -60.12775 0.74807
314.70000 -60.12923 0.74861
314.75000 -60.12524 0.74754
314.80000 -60.12915 0.74959
314.85000 -60.12964 0.74698
314.90000 -60.12619 0.74400
314.95000 -60.12865 0.74671
315.00000 -60.12693 0.74940
315.05000 -60.12598 0.74785
315.10000 -60.12775 0.74677
315.15000 -60.12783 0.74735
315.20000 -60.13075 0.74818
315.25000 -60.13174 0.74843
315.30000 -60.13017 0.74379
315.35000 -60.12964 0.74485
315.40000 -60.12775 0.74635
315.45000 -60.12882 0.74557
315.50000 -60.12956 0.74747
315.55000 -60.12837 0.74421
315.60000 -60.12767 0.74421
315.65000 -60.12828 0.74826
315.70000 -60.13009 0.74395
315.75000 -60.12976 0.74387
315.80000 -60.12763 0.74242
315.85000 -60.13153 0.74199
315.90000 -60.13034 0.74486
315.95000 -60.13030 0.74079
316.00000 -60.12590 0.73855
316.05000 -60.12845 0.74159
316.10000 -60.12615 0.74105
316.15000 -60.12828 0.74176
316.20000 -60.12861 0.73758
316.25000 -60.12956 0.74071
316.30000 -60.12853 0.74450
316.35000 -60.12898 0.74471
316.40000 -60.13096 0.74665
316.45000 -60.12726 0.74307
316.50000 -60.13022 0.74305
316.55000 -60.13096 0.74547
316.60000 -60.12861 0.74507
316.65000 -60.13022 0.74506
316.70000 -60.12964 0.74415
316.75000 -60.12911 0.74185
316.80000 -60.12861 0.74389
316.85000 -60.12721 0.74434
316.90000 -60.13141 0.74460
316.95000 -60.13038 0.74697
317.00000 -60.13207 0.74468
317.05000 -60.13235 0.74422
317.10000 -60.13112 0.74897
317.15000 -60.13133 0.74842
317.20000 -60.13178 0.75013
317.25000 -60.13350 0.74694
317.30000 -60.13482 0.74810
317.35000 -60.12993 0.74790
317.40000 -60.13211 0.74604
317.45000 -60.13013 0.74723
317.50000 -60.13001 0.75021
317.55000 -60.13054 0.74805
317.60000 -60.13071 0.75009
317.65000 -60.12943 0.75167
317.70000 -60.12816 0.75199
317.75000 -60.12869 0.75249
317.80000 -60.12586 0.75110
317.85000 -60.12869 0.74934
317.90000 -60.13096 0.75056
317.95000 -60.13235 0.75086
318.00000 -60.13104 0.74901
318.05000 -60.13293 0.74995
318.10000 -60.13281 0.74657
318.15000 -60.13494 0.74959
318.20000 -60.13581 0.74892
318.25000 -60.13227 0.75072
318.30000 -60.13470 0.75092
318.35000 -60.13470 0.74978
318.40000 -60.13313 0.74971
318.45000 -60.13054 0.74907
318.50000 -60.13079 0.74768
318.55000 -60.13141 0.74624
318.60000 -60.13507 0.75149
318.65000 -60.12943 0.75169
318.70000 -60.12902 0.75124
318.75000 -60.13211 0.75190
318.80000 -60.13100 0.75185
318.85000 -60.13116 0.74912
318.90000 -60.13289 0.75377
318.95000 -60.12911 0.75454
319.00000 -60.12865 0.75370
319.05000 -60.12939 0.75214
319.10000 -60.12746 0.75333
319.15000 -60.12997 0.75052
319.20000 -60.12898 0.75286
319.25000 -60.13383 0.75324
319.30000 -60.13194 0.74990
319.35000 -60.13100 0.75073
319.40000 -60.13227 0.75106
319.45000 -60.13141 0.75395
319.50000 -60.13017 0.75000
319.55000 -60.12820 0.75051
319.60000 -60.12812 0.75176
319.65000 -60.12594 0.75058
319.70000 -60.12713 0.75023
319.75000 -60.12693 0.74956
319.80000 -60.12549 0.75288
319.85000 -60.12742 0.75064
319.90000 -60.12808 0.74856
319.95000 -60.13071 0.75445
320.00000 -60.12894 0.75304
320.05000 -60.13116 0.74945
320.10000 -60.13067 0.74972
320.15000 -60.12808 0.74833
320.20000 -60.12652 0.75261
320.25000 -60.12861 0.75459
320.30000 -60.12853 0.75098
320.35000 -60.12820 0.74965
320.40000 -60.12943 0.75194
320.45000 -60.13116 0.75363
320.50000 -60.12939 0.75386
320.55000 -60.12923 0.75149
320.60000 -60.13112 0.75593
320.65000 -60.12943 0.75308
320.70000 -60.12898 0.75269
320.75000 -60.12565 0.75519
320.80000 -60.12500 0.75035
320.85000 -60.12865 0.75219
320.90000 -60.12894 0.75395
320.95000 -60.12878 0.75306
321.00000 -60.12738 0.75203
321.05000 -60.12528 0.75274
321.10000 -60.12787 0.74927
321.15000 -60.13050 0.75013
321.20000 -60.12824 0.75323
321.25000 -60.13260 0.75240
321.30000 -60.13223 0.75377
321.35000 -60.12931 0.75306
321.40000 -60.12878 0.75542
321.45000 -60.12968 0.75339
321.50000 -60.12980 0.75473
321.55000 -60.12980 0.75448
321.60000 -60.12721 0.75387
321.65000 -60.12869 0.75692
321.70000 -60.12804 0.75493
321.75000 -60.12972 0.75713
321.80000 -60.13030 0.75946
321.85000 -60.12915 0.75705
321.90000 -60.13178 0.75718
321.95000 -60.13067 0.75608
322.00000 -60.13285 0.75483
322.05000 -60.13096 0.75764
322.10000 -60.13207 0.75432
322.15000 -60.13038 0.75271
322.20000 -60.13309 0.75364
322.25000 -60.13202 0.75537
322.30000 -60.12956 0.75542
322.35000 -60.13054 0.75930
322.40000 -60.13112 0.76050
322.45000 -60.12948 0.75969
322.50000 -60.13256 0.76040
322.55000 -60.13116 0.75772
322.60000 -60.12980 0.75489
322.65000 -60.12763 0.75712
322.70000 -60.13022 0.75767
322.75000 -60.12939 0.76132
322.80000 -60.12812 0.76120
322.85000 -60.12841 0.75714
322.90000 -60.12763 0.75812
322.95000 -60.12960 0.75598
323.00000 -60.12816 0.75552
323.05000 -60.12960 0.75672
323.10000 -60.12709 0.75601
323.15000 -60.12824 0.75729
323.20000 -60.13145 0.75941
323.25000 -60.12874 0.75647
323.30000 -60.13022 0.75500
323.35000 -60.12721 0.75172
323.40000 -60.12976 0.75141
323.45000 -60.13161 0.75574
323.50000 -60.13334 0.75411
323.55000 -60.13100 0.75306
323.60000 -60.13128 0.75235
323.65000 -60.13079 0.75096
323.70000 -60.12849 0.74990
323.75000 -60.12923 0.75108
323.80000 -60.13050 0.74981
323.85000 -60.12976 0.74927
323.90000 -60.12890 0.75136
323.95000 -60.13030 0.74646
324.00000 -60.12972 0.74759
324.05000 -60.12993 0.74849
324.10000 -60.12849 0.74998
324.15000 -60.13157 0.74626
324.20000 -60.12997 0.74672
324.25000 -60.13186 0.74824
324.30000 -60.13359 0.74820
324.35000 -60.13622 0.74755
324.40000 -60.13498 0.74218
324.45000 -60.13548 0.74233
324.50000 -60.13478 0.74393
324.55000 -60.13535 0.74330
324.60000 -60.13342 0.74475
324.65000 -60.13285 0.74535
324.70000 -60.13465 0.74273
324.75000 -60.13391 0.74378
324.80000 -60.13359 0.74457
324.85000 -60.13827 0.74524
324.90000 -60.13663 0.74673
324.95000 -60.13433 0.74154
325.00000 -60.13054 0.74328
325.05000 -60.13556 0.74540
325.10000 -60.13835 0.74226
325.15000 -60.13708 0.73989
325.20000 -60.13309 0.74188
325.25000 -60.13819 0.74192
325.30000 -60.13564 0.73993
325.35000 -60.13745 0.74059
325.40000 -60.13786 0.74110
325.45000 -60.13700 0.74029
325.50000 -60.13803 0.73886
325.55000 -60.13782 0.73967
325.60000 -60.13926 0.74040
325.65000 -60.13605 0.73872
325.70000 -60.13671 0.73753
325.75000 -60.13638 0.73816
325.80000 -60.13807 0.73717
325.85000 -60.13975 0.73900
325.90000 -60.13720 0.73853
325.95000 -60.13622 0.73548
326.00000 -60.14049 0.73382
326.05000 -60.14086 0.73509
326.10000 -60.13901 0.73423
326.15000 -60.14168 0.73497
326.20000 -60.14082 0.73387
326.25000 -60.14053 0.73673
326.30000 -60.13819 0.73747
326.35000 -60.14098 0.73106
326.40000 -60.14000 0.73134
326.45000 -60.14234 0.73218
326.50000 -60.13905 0.73143
326.55000 -60.13987 0.73192
326.60000 -60.14131 0.73467
326.65000 -60.13971 0.73264
326.70000 -60.14164 0.73531
326.75000 -60.13704 0.73393
326.80000 -60.13630 0.73237
326.85000 -60.14037 0.72943
326.90000 -60.13893 0.73169
326.95000 -60.13934 0.73352
327.00000 -60.13593 0.73113
327.05000 -60.13712 0.73197
327.10000 -60.13745 0.73354
327.15000 -60.13683 0.73128
327.20000 -60.13379 0.72941
327.25000 -60.13745 0.73300
327.30000 -60.13737 0.73271
327.35000 -60.13770 0.72952
327.40000 -60.14012 0.73219
327.45000 -60.13942 0.73239
327.50000 -60.13996 0.73374
327.55000 -60.13733 0.73316
327.60000 -60.13712 0.73268
327.65000 -60.13605 0.72995
327.70000 -60.14016 0.72890
327.75000 -60.13971 0.73031
327.80000 -60.13671 0.73271
327.85000 -60.13803 0.73318
327.90000 -60.14107 0.73340
327.95000 -60.13987 0.73429
328.00000 -60.14074 0.73185
328.05000 -60.14020 0.73241
328.10000 -60.13992 0.73145
328.15000 -60.13581 0.73134
328.20000 -60.13667 0.73367
328.25000 -60.13671 0.73140
328.30000 -60.13544 0.72979
328.35000 -60.13692 0.72772
328.40000 -60.13761 0.73032
328.45000 -60.13437 0.72954
328.50000 -60.13589 0.72768
328.55000 -60.13951 0.73009
328.60000 -60.13975 0.73275
328.65000 -60.13733 0.73182
328.70000 -60.13840 0.73308
328.75000 -60.13437 0.73226
328.80000 -60.13844 0.72979
328.85000 -60.13790 0.73084
328.90000 -60.13642 0.73336
328.95000 -60.13683 0.73007
329.00000 -60.13264 0.73099
329.05000 -60.13511 0.73278
329.10000 -60.13560 0.73209
329.15000 -60.13391 0.72722
329.20000 -60.13461 0.73176
329.25000 -60.13412 0.73041
329.30000 -60.13687 0.73266
329.35000 -60.13753 0.73197
329.40000 -60.13803 0.73273
329.45000 -60.13770 0.73145
329.50000 -60.13482 0.73264
329.55000 -60.13548 0.73321
329.60000 -60.13687 0.73153
329.65000 -60.13581 0.73070
329.70000 -60.13441 0.73288
329.75000 -60.13544 0.73309
329.80000 -60.13708 0.73246
329.85000 -60.13807 0.73452
329.90000 -60.13387 0.73118
329.95000 -60.13490 0.73285
330.00000 -60.13453 0.73262
330.05000 -60.13511 0.73145
330.10000 -60.13490 0.73200
330.15000 -60.13848 0.73326
330.20000 -60.13959 0.73326
330.25000 -60.13309 0.73126
330.30000 -60.13519 0.73189
330.35000 -60.13659 0.73163
330.40000 -60.13675 0.72970
330.45000 -60.13815 0.73297
330.50000 -60.13622 0.73197
330.55000 -60.13589 0.73159
330.60000 -60.13305 0.72924
330.65000 -60.13650 0.72961
330.70000 -60.13803 0.73290
330.75000 -60.13782 0.73257
330.80000 -60.13749 0.73382
330.85000 -60.13741 0.73368
330.90000 -60.14029 0.73222
330.95000 -60.14156 0.73538
331.00000 -60.13992 0.73616
331.05000 -60.13794 0.73648
331.10000 -60.13572 0.73866
331.15000 -60.13889 0.73933
331.20000 -60.13844 0.73593
331.25000 -60.14218 0.73637
331.30000 -60.14140 0.73550
331.35000 -60.13659 0.73521
331.40000 -60.14049 0.73467
331.45000 -60.13975 0.73622
331.50000 -60.14082 0.73850
331.55000 -60.14160 0.73569
331.60000 -60.13951 0.73732
331.65000 -60.13811 0.73469
331.70000 -60.14135 0.73197
331.75000 -60.14308 0.73571
331.80000 -60.13967 0.73464
331.85000 -60.14098 0.73451
331.90000 -60.13753 0.73256
331.95000 -60.14230 0.73641
332.00000 -60.14111 0.73730
332.05000 -60.14329 0.73445
332.10000 -60.14625 0.73115
332.15000 -60.14279 0.73304
332.20000 -60.14316 0.73240
332.25000 -60.14468 0.73679
332.30000 -60.14493 0.73669
332.35000 -60.14271 0.73657
332.40000 -60.14625 0.73297
332.45000 -60.14559 0.73242
332.50000 -60.14403 0.73470
332.55000 -60.14510 0.73459
332.60000 -60.14547 0.73697
332.65000 -60.14592 0.73532
332.70000 -60.14768 0.73386
332.75000 -60.14547 0.73719
332.80000 -60.14090 0.73899
332.85000 -60.14300 0.73980
332.90000 -60.14452 0.73835
332.95000 -60.14366 0.73747
333.00000 -60.14222 0.73445
333.05000 -60.14477 0.73870
333.10000 -60.14547 0.73920
333.15000 -60.14493 0.73591
333.20000 -60.14193 0.73575
333.25000 -60.14119 0.73531
333.30000 -60.14497 0.73940
333.35000 -60.14662 0.73829
333.40000 -60.14144 0.74129
333.45000 -60.14041 0.74054
333.50000 -60.14214 0.73940
333.55000 -60.14325 0.74036
333.60000 -60.14370 0.74065
333.65000 -60.14078 0.73934
333.70000 -60.14353 0.74073
333.75000 -60.14707 0.73989
333.80000 -60.14551 0.74220
333.85000 -60.14703 0.74046
333.90000 -60.14390 0.74209
333.95000 -60.14444 0.73889
334.00000 -60.14814 0.73848
334.05000 -60.14653 0.74116
334.10000 -60.14629 0.74232
334.15000 -60.14863 0.74324
334.20000 -60.14621 0.74099
334.25000 -60.14694 0.74177
334.30000 -60.14773 0.73970
334.35000 -60.14600 0.74115
334.40000 -60.14834 0.73909
334.45000 -60.14731 0.73842
334.50000 -60.14625 0.73808
334.55000 -60.14399 0.74061
334.60000 -60.14156 0.74138
334.65000 -60.14423 0.73965
334.70000 -60.14444 0.73989
334.75000 -60.14621 0.74051
334.80000 -60.14267 0.73768
334.85000 -60.14238 0.73979
334.90000 -60.14325 0.73941
334.95000 -60.14016 0.73626
335.00000 -60.14049 0.73878
335.05000 -60.14312 0.74202
335.10000 -60.14168 0.74274
335.15000 -60.14300 0.74484
335.20000 -60.13926 0.74462
335.25000 -60.13926 0.74576
335.30000 -60.14234 0.74666
335.35000 -60.14037 0.74786
335.40000 -60.13955 0.74834
335.45000 -60.13827 0.74714
335.50000 -60.13897 0.74482
335.55000 -60.13852 0.74503
335.60000 -60.13959 0.74642
335.65000 -60.13959 0.74877
335.70000 -60.13724 0.74726
335.75000 -60.13864 0.74656
335.80000 -60.14066 0.74333
335.85000 -60.14353 0.74753
335.90000 -60.13996 0.74673
335.95000 -60.13881 0.74501
336.00000 -60.13852 0.74357
336.05000 -60.13823 0.74468
336.10000 -60.13605 0.74451
336.15000 -60.13753 0.74610
336.20000 -60.13687 0.74638
336.25000 -60.13663 0.74738
336.30000 -60.13498 0.74799
336.35000 -60.13918 0.74667
336.40000 -60.13716 0.74349
336.45000 -60.13774 0.74820
336.50000 -60.13852 0.74607
336.55000 -60.13774 0.74449
336.60000 -60.13807 0.74759
336.65000 -60.13815 0.74569
336.70000 -60.13835 0.74743
336.75000 -60.13823 0.74343
336.80000 -60.13790 0.74414
336.85000 -60.13605 0.74428
336.90000 -60.13831 0.74518
336.95000 -60.13609 0.74472
337.00000 -60.13437 0.74621
337.05000 -60.13749 0.74517
337.10000 -60.13860 0.74620
337.15000 -60.14193 0.74579
337.20000 -60.14177 0.74607
337.25000 -60.13971 0.74578
337.30000 -60.13967 0.74634
337.35000 -60.13967 0.74596
337.40000 -60.14107 0.74391
337.45000 -60.13860 0.74546
337.50000 -60.14037 0.74655
337.55000 -60.14074 0.74346
337.60000 -60.13987 0.74613
337.65000 -60.13979 0.74664
337.70000 -60.14037 0.74613
337.75000 -60.13926 0.74595
337.80000 -60.13794 0.74517
337.85000 -60.13963 0.74390
337.90000 -60.13741 0.74586
337.95000 -60.13971 0.74072
338.00000 -60.13811 0.73939
338.05000 -60.13955 0.74281
338.10000 -60.14057 0.74293
338.15000 -60.14653 0.74205
338.20000 -60.14238 0.74356
338.25000 -60.14341 0.74576
338.30000 -60.14394 0.74185
338.35000 -60.14164 0.73885
338.40000 -60.14144 0.74263
338.45000 -60.14090 0.74233
338.50000 -60.13934 0.73858
338.55000 -60.13946 0.74138
338.60000 -60.14061 0.74068
338.65000 -60.14086 0.74329
338.70000 -60.14103 0.74137
338.75000 -60.13983 0.74100
338.80000 -60.13811 0.74221
338.85000 -60.13926 0.74214
338.90000 -60.13893 0.74176
338.95000 -60.13983 0.74135
339.00000 -60.14177 0.73955
339.05000 -60.14024 0.74435
339.10000 -60.13996 0.73969
339.15000 -60.13955 0.73829
339.20000 -60.13934 0.74112
339.25000 -60.13967 0.74019
339.30000 -60.13835 0.74171
339.35000 -60.13807 0.74331
339.40000 -60.13798 0.73965
339.45000 -60.13807 0.74438
339.50000 -60.13679 0.74362
339.55000 -60.13770 0.74070
339.60000 -60.13885 0.74124
339.65000 -60.13642 0.74008
339.70000 -60.13840 0.74038
339.75000 -60.13844 0.74202
339.80000 -60.13930 0.74163
339.85000 -60.13317 0.73939
339.90000 -60.13371 0.74259
339.95000 -60.13523 0.74270
340.00000 -60.13766 0.74016
340.05000 -60.13634 0.73965
340.10000 -60.13470 0.74357
340.15000 -60.13297 0.74035
340.20000 -60.13112 0.74187
340.25000 -60.13470 0.74470
340.30000 -60.13511 0.74373
340.35000 -60.13437 0.74209
340.40000 -60.13165 0.73739
340.45000 -60.13313 0.74011
340.50000 -60.13441 0.74088
340.55000 -60.13716 0.74203
340.60000 -60.13330 0.74038
340.65000 -60.13659 0.73851
340.70000 -60.13556 0.73746
340.75000 -60.13252 0.73665
340.80000 -60.13416 0.74003
340.85000 -60.13367 0.73613
340.90000 -60.13400 0.73686
340.95000 -60.13342 0.73943
341.00000 -60.13494 0.73899
341.05000 -60.13634 0.74084
341.10000 -60.13679 0.74005
341.15000 -60.13465 0.73697
341.20000 -60.13416 0.73719
341.25000 -60.13687 0.73939
341.30000 -60.13626 0.73924
341.35000 -60.13770 0.74162
341.40000 -60.13716 0.74013
341.45000 -60.13334 0.73628
341.50000 -60.12989 0.73916
341.55000 -60.13354 0.74260
341.60000 -60.13317 0.73618
341.65000 -60.13297 0.73523
341.70000 -60.13519 0.73613
341.75000 -60.13317 0.73713
341.80000 -60.13515 0.73999
341.85000 -60.13486 0.73925
341.90000 -60.13511 0.73434
341.95000 -60.13720 0.73416
342.00000 -60.13490 0.73821
342.05000 -60.13420 0.73766
342.10000 -60.13359 0.74048
342.15000 -60.13235 0.73910
342.20000 -60.13400 0.73676
342.25000 -60.13605 0.73914
342.30000 -60.13556 0.73486
342.35000 -60.13868 0.73713
342.40000 -60.13844 0.73429
342.45000 -60.13679 0.73595
342.50000 -60.13753 0.73959
342.55000 -60.13864 0.73803
342.60000 -60.13872 0.73937
342.65000 -60.13955 0.73939
342.70000 -60.13930 0.73787
342.75000 -60.14078 0.74094
342.80000 -60.13909 0.73977
342.85000 -60.14345 0.74202
342.90000 -60.14119 0.74238
342.95000 -60.14090 0.74117
343.00000 -60.13667 0.74221
343.05000 -60.13831 0.74192
343.10000 -60.14024 0.74449
343.15000 -60.13983 0.74240
343.20000 -60.13872 0.74364
343.25000 -60.13819 0.74540
343.30000 -60.13659 0.74378
343.35000 -60.13946 0.74474
343.40000 -60.13844 0.74443
343.45000 -60.13646 0.74271
343.50000 -60.14000 0.74209
343.55000 -60.13679 0.74513
343.60000 -60.13996 0.74533
343.65000 -60.13827 0.74053
343.70000 -60.13630 0.74045
343.75000 -60.13819 0.74203
343.80000 -60.13585 0.74236
343.85000 -60.13720 0.74524
343.90000 -60.13716 0.74126
343.95000 -60.13597 0.74267
344.00000 -60.13729 0.74454
344.05000 -60.13638 0.74493
344.10000 -60.13309 0.74411
344.15000 -60.14119 0.74277
344.20000 -60.13700 0.74136
344.25000 -60.13955 0.74209
344.30000 -60.13827 0.73877
344.35000 -60.13683 0.74067
344.40000 -60.13753 0.74275
344.45000 -60.13618 0.74242
344.50000 -60.13774 0.74218
344.55000 -60.13856 0.74264
344.60000 -60.13679 0.74116
344.65000 -60.13766 0.74557
344.70000 -60.14177 0.74200
344.75000 -60.13909 0.74495
344.80000 -60.14041 0.74569
344.85000 -60.13905 0.74677
344.90000 -60.13622 0.74843
344.95000 -60.13687 0.74713
345.00000 -60.13819 0.74699
345.05000 -60.13934 0.74968
345.10000 -60.13692 0.74532
345.15000 -60.13807 0.74305
345.20000 -60.13663 0.74523
345.25000 -60.14045 0.74957
345.30000 -60.13819 0.74777
345.35000 -60.13930 0.74482
345.40000 -60.13667 0.74391
345.45000 -60.13938 0.74466
345.50000 -60.13897 0.74489
345.55000 -60.13922 0.74418
345.60000 -60.13667 0.74482
345.65000 -60.13872 0.74612
345.70000 -60.13864 0.74499
345.75000 -60.13679 0.74408
345.80000 -60.13852 0.74230
345.85000 -60.13959 0.74512
345.90000 -60.13934 0.74595
345.95000 -60.13951 0.74622
346.00000 -60.13848 0.74619
346.05000 -60.13930 0.74817
346.10000 -60.14041 0.74686
346.15000 -60.13885 0.74559
346.20000 -60.14115 0.75057
346.25000 -60.13794 0.74506
346.30000 -60.14049 0.74506
346.35000 -60.14115 0.74483
346.40000 -60.14016 0.74181
346.45000 -60.13930 0.74868
346.50000 -60.14004 0.74619
346.55000 -60.14111 0.74577
346.60000 -60.13979 0.74424
346.65000 -60.14185 0.74655
346.70000 -60.14308 0.74777
346.75000 -60.14172 0.74639
346.80000 -60.13815 0.74949
346.85000 -60.14061 0.74638
346.90000 -60.14337 0.74658
346.95000 -60.13959 0.74633
347.00000 -60.14066 0.74423
347.05000 -60.14345 0.74567
347.10000 -60.14172 0.74423
347.15000 -60.14078 0.74195
347.20000 -60.13951 0.74767
347.25000 -60.14390 0.74747
347.30000 -60.14214 0.74671
347.35000 -60.14300 0.74776
347.40000 -60.14181 0.75131
347.45000 -60.13934 0.75060
347.50000 -60.14316 0.74746
347.55000 -60.14045 0.74880
347.60000 -60.14193 0.74782
347.65000 -60.14164 0.74514
347.70000 -60.14259 0.74558
347.75000 -60.14205 0.74530
347.80000 -60.14259 0.74447
347.85000 -60.14296 0.75083
347.90000 -60.14357 0.74886
347.95000 -60.14049 0.74962
348.00000 -60.14111 0.74806
348.05000 -60.14333 0.74603
348.10000 -60.14374 0.74504
348.15000 -60.14205 0.74399
348.20000 -60.14131 0.74658
348.25000 -60.14485 0.74684
348.30000 -60.14431 0.74528
348.35000 -60.14386 0.74407
348.40000 -60.13992 0.74243
348.45000 -60.14053 0.74433
348.50000 -60.14074 0.74409
348.55000 -60.14522 0.74155
348.60000 -60.14481 0.73994
348.65000 -60.14448 0.74269
348.70000 -60.14522 0.74084
348.75000 -60.14349 0.74655
348.80000 -60.14382 0.74395
348.85000 -60.14292 0.74155
348.90000 -60.14119 0.74288
348.95000 -60.14534 0.74422
349.00000 -60.14399 0.74261
349.05000 -60.14111 0.74109
349.10000 -60.14271 0.74124
349.15000 -60.14271 0.73929
349.20000 -60.14140 0.74034
349.25000 -60.14419 0.74328
349.30000 -60.13938 0.74370
349.35000 -60.13642 0.74169
349.40000 -60.14094 0.74111
349.45000 -60.13942 0.74119
349.50000 -60.13782 0.74388
349.55000 -60.14205 0.74141
349.60000 -60.13922 0.74005
349.65000 -60.14070 0.74140
349.70000 -60.13979 0.74116
349.75000 -60.14061 0.73846
349.80000 -60.13708 0.73956
349.85000 -60.13642 0.74091
349.90000 -60.13663 0.73975
349.95000 -60.13766 0.74314
350.00000 -60.13914 0.74363
350.05000 -60.13897 0.74396
350.10000 -60.13486 0.74064
350.15000 -60.13638 0.73922
350.20000 -60.13683 0.74142
350.25000 -60.13996 0.74172
350.30000 -60.13585 0.74243
350.35000 -60.13934 0.74381
350.40000 -60.14078 0.74153
350.45000 -60.13461 0.74055
350.50000 -60.13877 0.74083
350.55000 -60.13671 0.74119
350.60000 -60.13675 0.74014
350.65000 -60.13753 0.73891
350.70000 -60.13650 0.73942
350.75000 -60.13576 0.74160
350.80000 -60.13367 0.74491
350.85000 -60.13515 0.74269
350.90000 -60.13539 0.73997
350.95000 -60.13634 0.73929
351.00000 -60.13309 0.74113
351.05000 -60.13708 0.74302
351.10000 -60.13671 0.74429
351.15000 -60.14016 0.73974
351.20000 -60.13757 0.73893
351.25000 -60.13507 0.74254
351.30000 -60.13338 0.74145
351.35000 -60.13860 0.74422
351.40000 -60.13914 0.74661
351.45000 -60.13827 0.74499
351.50000 -60.13712 0.74604
351.55000 -60.13831 0.74384
351.60000 -60.13959 0.74429
351.65000 -60.13979 0.74127
351.70000 -60.13946 0.74229
351.75000 -60.13597 0.74200
351.80000 -60.13544 0.74146
351.85000 -60.13576 0.74009
351.90000 -60.13815 0.74131
351.95000 -60.13749 0.74319
352.00000 -60.13708 0.74133
352.05000 -60.13650 0.74224
352.10000 -60.14193 0.74053
352.15000 -60.14090 0.74187
352.20000 -60.13790 0.73971
352.25000 -60.14349 0.73914
352.30000 -60.13860 0.73968
352.35000 -60.14082 0.74314
352.40000 -60.14094 0.74284
352.45000 -60.13770 0.74183
352.50000 -60.13975 0.74078
352.55000 -60.14029 0.73979
352.60000 -60.13807 0.74096
352.65000 -60.13934 0.74047
352.70000 -60.14041 0.74145
352.75000 -60.13922 0.74340
352.80000 -60.13687 0.74078
352.85000 -60.13539 0.74319
352.90000 -60.13848 0.73947
352.95000 -60.14020 0.73931
353.00000 -60.14057 0.73936
353.05000 -60.13987 0.74363
353.10000 -60.13967 0.74038
353.15000 -60.13877 0.73866
353.20000 -60.14070 0.73909
353.25000 -60.14329 0.73846
353.30000 -60.14374 0.73554
353.35000 -60.14271 0.73958
353.40000 -60.13992 0.73645
353.45000 -60.14135 0.73641
353.50000 -60.14271 0.73603
353.55000 -60.14012 0.73381
353.60000 -60.14119 0.73540
353.65000 -60.14756 0.73563
353.70000 -60.14514 0.73528
353.75000 -60.14555 0.73601
353.80000 -60.14514 0.73491
353.85000 -60.14563 0.73713
353.90000 -60.14744 0.73329
353.95000 -60.14555 0.73374
354.00000 -60.14629 0.73250
354.05000 -60.14542 0.73071
354.10000 -60.14575 0.73190
354.15000 -60.14349 0.73734
354.20000 -60.14325 0.73264
354.25000 -60.14283 0.73593
354.30000 -60.14090 0.73645
354.35000 -60.14090 0.73371
354.40000 -60.14045 0.73564
354.45000 -60.14370 0.73397
354.50000 -60.14164 0.73311
354.55000 -60.14049 0.73564
354.60000 -60.14041 0.73444
354.65000 -60.14312 0.73573
354.70000 -60.14337 0.73318
354.75000 -60.14168 0.73168
354.80000 -60.13946 0.73148
354.85000 -60.14263 0.73377
354.90000 -60.14259 0.73236
354.95000 -60.14485 0.73576
355.00000 -60.14230 0.73720
355.05000 -60.14345 0.73498
355.10000 -60.14094 0.73564
355.15000 -60.14181 0.73568
355.20000 -60.14386 0.74221
355.25000 -60.14288 0.73791
355.30000 -60.14238 0.73624
355.35000 -60.14279 0.73767
355.40000 -60.14218 0.73648
355.45000 -60.14168 0.73429
355.50000 -60.13914 0.73767
355.55000 -60.13803 0.73864
355.60000 -60.14037 0.74008
355.65000 -60.14148 0.73662
355.70000 -60.14103 0.73955
355.75000 -60.14571 0.73641
355.80000 -60.14263 0.73817
355.85000 -60.13872 0.73768
355.90000 -60.14189 0.73958
355.95000 -60.14024 0.73830
356.00000 -60.13987 0.73754
356.05000 -60.14177 0.73657
356.10000 -60.14242 0.73356
356.15000 -60.14066 0.73239
356.20000 -60.14057 0.73369
356.25000 -60.14345 0.73671
356.30000 -60.14341 0.73404
356.35000 -60.14493 0.73347
356.40000 -60.14382 0.73463
356.45000 -60.14320 0.73596
356.50000 -60.14407 0.73848
356.55000 -60.13901 0.73657
356.60000 -60.14283 0.73949
356.65000 -60.14131 0.73854
356.70000 -60.14242 0.73716
356.75000 -60.14238 0.73723
356.80000 -60.14292 0.73609
356.85000 -60.14337 0.73467
356.90000 -60.13996 0.73503
356.95000 -60.13770 0.73493
357.00000 -60.14037 0.73574
357.05000 -60.14041 0.73221
357.10000 -60.14551 0.73551
357.15000 -60.14197 0.73353
357.20000 -60.14271 0.73327
357.25000 -60.14156 0.73297
357.30000 -60.14148 0.73250
357.35000 -60.14431 0.73212
357.40000 -60.14115 0.73464
357.45000 -60.14061 0.73104
357.50000 -60.14255 0.73125
357.55000 -60.14419 0.73036
357.60000 -60.14144 0.73240
357.65000 -60.14292 0.73176
357.70000 -60.14288 0.73219
357.75000 -60.14423 0.73371
357.80000 -60.14468 0.72905
357.85000 -60.14604 0.73052
357.90000 -60.14916 0.72817
357.95000 -60.14637 0.72921
358.00000 -60.14600 0.73047
358.05000 -60.14399 0.73022
358.10000 -60.14678 0.72996
358.15000 -60.14300 0.72996
358.20000 -60.14374 0.73250
358.25000 -60.14341 0.72885
358.30000 -60.14415 0.73549
358.35000 -60.14345 0.73232
358.40000 -60.14251 0.73079
358.45000 -60.14353 0.72680
358.50000 -60.14423 0.72785
358.55000 -60.14481 0.72798
358.60000 -60.14374 0.73056
358.65000 -60.14744 0.72813
358.70000 -60.14530 0.72625
358.75000 -60.14394 0.72727
358.80000 -60.14497 0.73081
358.85000 -60.14551 0.73138
358.90000 -60.14362 0.72994
358.95000 -60.14621 0.72574
359.00000 -60.14547 0.72453
359.05000 -60.14682 0.72854
359.10000 -60.14341 0.72950
359.15000 -60.14382 0.72672
359.20000 -60.14464 0.72631
359.25000 -60.14419 0.72940
359.30000 -60.14440 0.72982
359.35000 -60.14452 0.73207
359.40000 -60.14399 0.73081
359.45000 -60.14205 0.73173
359.50000 -60.14214 0.73240
359.55000 -60.14542 0.73149
359.60000 -60.14341 0.73275
359.65000 -60.13955 0.72996
359.70000 -60.14337 0.73103
359.75000 -60.14193 0.73464
359.80000 -60.13872 0.73683
359.85000 -60.13642 0.73042
359.90000 -60.13749 0.73062
359.95000 -60.13650 0.73489
360.00000 -60.13934 0.73630
360.05000 -60.14078 0.73156
360.10000 -60.13827 0.73263
360.15000 -60.13786 0.72897
360.20000 -60.13683 0.73335
360.25000 -60.13729 0.73311
360.30000 -60.14107 0.73128
360.35000 -60.14312 0.73245
360.40000 -60.14514 0.73529
360.45000 -60.13971 0.73528
360.50000 -60.14300 0.73289
360.55000 -60.14189 0.73004
360.60000 -60.14234 0.73305
360.65000 -60.14473 0.73106
360.70000 -60.14308 0.73031
360.75000 -60.14296 0.73566
360.80000 -60.14267 0.73263
360.85000 -60.14103 0.73224
360.90000 -60.14518 0.73269
360.95000 -60.14748 0.73246
361.00000 -60.14547 0.73332
361.05000 -60.14292 0.73289
361.10000 -60.14012 0.73401
361.15000 -60.14259 0.73561
361.20000 -60.14530 0.73669
361.25000 -60.14604 0.73821
361.30000 -60.14493 0.73983
361.35000 -60.14764 0.73668
361.40000 -60.14530 0.73912
361.45000 -60.14641 0.73969
361.50000 -60.14653 0.73961
361.55000 -60.14444 0.73746
361.60000 -60.14185 0.73884
361.65000 -60.14131 0.74124
361.70000 -60.14193 0.74034
361.75000 -60.14168 0.73972
361.80000 -60.14226 0.73965
361.85000 -60.14255 0.73852
361.90000 -60.14407 0.73972
361.95000 -60.14156 0.73955
362.00000 -60.14267 0.74182
362.05000 -60.14341 0.73939
362.10000 -60.13835 0.74045
362.15000 -60.13729 0.73887
362.20000 -60.13872 0.73707
362.25000 -60.13761 0.73915
362.30000 -60.13922 0.73900
362.35000 -60.13901 0.74101
362.40000 -60.14140 0.74074
362.45000 -60.14107 0.74251
362.50000 -60.13926 0.74158
362.55000 -60.13601 0.74112
362.60000 -60.13712 0.74535
362.65000 -60.13975 0.74724
362.70000 -60.13979 0.74662
362.75000 -60.13490 0.74213
362.80000 -60.13416 0.74371
362.85000 -60.13798 0.74537
362.90000 -60.13798 0.74179
362.95000 -60.14144 0.73992
363.00000 -60.14115 0.73768
363.05000 -60.13889 0.74031
363.10000 -60.13679 0.73972
363.15000 -60.13897 0.73862
363.20000 -60.14255 0.74254
363.25000 -60.14164 0.74231
363.30000 -60.14004 0.74358
363.35000 -60.14209 0.73989
363.40000 -60.14230 0.74277
363.45000 -60.14238 0.74387
363.50000 -60.13918 0.74350
363.55000 -60.14061 0.74415
363.60000 -60.13827 0.74292
363.65000 -60.14226 0.74146
363.70000 -60.14481 0.74205
363.75000 -60.14653 0.74280
363.80000 -60.14292 0.74143
363.85000 -60.14542 0.73988
363.90000 -60.14575 0.73951
363.95000 -60.14152 0.74122
364.00000 -60.14333 0.73845
364.05000 -60.14205 0.74015
364.10000 -60.14357 0.73974
364.15000 -60.14333 0.74169
364.20000 -60.14752 0.73898
364.25000 -60.14394 0.73844
364.30000 -60.14403 0.74018
364.35000 -60.14530 0.73989
364.40000 -60.14596 0.73974
364.45000 -60.14719 0.74111
364.50000 -60.14649 0.73983
364.55000 -60.14773 0.73968
364.60000 -60.14637 0.73657
364.65000 -60.14662 0.73700
364.70000 -60.14579 0.74038
364.75000 -60.14608 0.73960
364.80000 -60.14386 0.73926
364.85000 -60.14538 0.73525
364.90000 -60.14694 0.73607
364.95000 -60.14666 0.73742
365.00000 -60.14760 0.73663
365.05000 -60.14990 0.73741
365.10000 -60.14699 0.73635
365.15000 -60.14921 0.73604
365.20000 -60.14781 0.73824
365.25000 -60.15073 0.74232
365.30000 -60.14949 0.73863
365.35000 -60.15130 0.73898
365.40000 -60.15069 0.73894
365.45000 -60.14711 0.73468
365.50000 -60.15237 0.73452
365.55000 -60.15258 0.73555
365.60000 -60.15356 0.73772
365.65000 -60.15475 0.73594
365.70000 -60.15488 0.73672
365.75000 -60.15463 0.73462
365.80000 -60.15106 0.73578
365.85000 -60.15373 0.73003
365.90000 -60.15919 0.73266
365.95000 -60.15344 0.73375
366.00000 -60.15492 0.73743
366.05000 -60.15755 0.73218
366.10000 -60.15911 0.73707
366.15000 -60.16076 0.73289
366.20000 -60.15985 0.73267
366.25000 -60.15808 0.73440
366.30000 -60.15817 0.73346
366.35000 -60.16310 0.73133
366.40000 -60.16466 0.73179
366.45000 -60.16067 0.73337
366.50000 -60.16240 0.72943
366.55000 -60.16002 0.73125
366.60000 -60.15948 0.72975
366.65000 -60.15833 0.72561
366.70000 -60.15644 0.72670
366.75000 -60.15697 0.72524
366.80000 -60.15899 0.72673
366.85000 -60.15669 0.72748
366.90000 -60.15989 0.72703
366.95000 -60.15763 0.73083
367.00000 -60.15665 0.72817
367.05000 -60.16014 0.72716
367.10000 -60.15977 0.72703
367.15000 -60.15915 0.72738
367.20000 -60.15763 0.72830
367.25000 -60.15882 0.72708
367.30000 -60.16125 0.72766
367.35000 -60.15796 0.72877
367.40000 -60.16096 0.72822
367.45000 -60.15771 0.72417
367.50000 -60.15401 0.72785
367.55000 -60.15130 0.72731
367.60000 -60.15381 0.72782
367.65000 -60.15217 0.72884
367.70000 -60.15081 0.72880
367.75000 -60.15249 0.72690
367.80000 -60.15122 0.72829
367.85000 -60.15673 0.72841
367.90000 -60.15870 0.72701
367.95000 -60.15229 0.72811
368.00000 -60.15262 0.72669
368.05000 -60.15081 0.72656
368.10000 -60.15060 0.72767
368.15000 -60.15496 0.73005
368.20000 -60.14990 0.73158
368.25000 -60.14990 0.72820
368.30000 -60.15044 0.73136
368.35000 -60.14768 0.72950
368.40000 -60.15106 0.73255
368.45000 -60.14871 0.73121
368.50000 -60.14481 0.73307
368.55000 -60.14440 0.73357
368.60000 -60.14723 0.73247
368.65000 -60.14879 0.72930
368.70000 -60.14855 0.73195
368.75000 -60.14547 0.73010
368.80000 -60.14489 0.73363
368.85000 -60.14448 0.73588
368.90000 -60.14288 0.73794
368.95000 -60.14473 0.73505
369.00000 -60.14863 0.73324
369.05000 -60.14805 0.73482
369.10000 -60.14863 0.73813
369.15000 -60.14493 0.73680
369.20000 -60.14851 0.73491
369.25000 -60.14958 0.73307
369.30000 -60.15019 0.73363
369.35000 -60.14657 0.73337
369.40000 -60.14884 0.74039
369.45000 -60.14867 0.73626
369.50000 -60.14596 0.73956
369.55000 -60.14888 0.73704
369.60000 -60.15130 0.73492
369.65000 -60.15241 0.73064
369.70000 -60.15208 0.73301
369.75000 -60.14822 0.73320
369.80000 -60.14653 0.73396
369.85000 -60.14666 0.73383
369.90000 -60.14715 0.73201
369.95000 -60.14633 0.73503
370.00000 -60.14859 0.73145
370.05000 -60.14867 0.73232
370.10000 -60.14953 0.73822
370.15000 -60.15122 0.73935
370.20000 -60.15204 0.74056
370.25000 -60.15056 0.73662
370.30000 -60.14937 0.73875
370.35000 -60.14999 0.73918
370.40000 -60.14933 0.74062
370.45000 -60.14797 0.73992
370.50000 -60.14945 0.73983
370.55000 -60.15048 0.74112
370.60000 -60.15171 0.73947
370.65000 -60.14871 0.73920
370.70000 -60.14621 0.73813
370.75000 -60.15282 0.73966
370.80000 -60.15217 0.74213
370.85000 -60.15093 0.73853
370.90000 -60.15027 0.74370
370.95000 -60.14933 0.74089
371.00000 -60.15221 0.74221
371.05000 -60.15155 0.74284
371.10000 -60.15089 0.74101
371.15000 -60.15336 0.73705
371.20000 -60.15348 0.73680
371.25000 -60.15430 0.73864
371.30000 -60.15726 0.73968
371.35000 -60.15364 0.73898
371.40000 -60.15225 0.73854
371.45000 -60.15192 0.74121
371.50000 -60.15077 0.74317
371.55000 -60.14949 0.74111
371.60000 -60.15130 0.73680
371.65000 -60.15196 0.74019
371.70000 -60.15332 0.73826
371.75000 -60.15015 0.73798
371.80000 -60.15114 0.73879
371.85000 -60.15319 0.73966
371.90000 -60.15241 0.73796
371.95000 -60.15352 0.73763
372.00000 -60.15451 0.73668
372.05000 -60.15455 0.74009
372.10000 -60.15430 0.74022
372.15000 -60.15673 0.73829
372.20000 -60.15537 0.74072
372.25000 -60.15722 0.74018
372.30000 -60.15225 0.74088
372.35000 -60.15241 0.74105
372.40000 -60.15533 0.73950
372.45000 -60.15377 0.74174
372.50000 -60.15397 0.74045
372.55000 -60.15389 0.73984
372.60000 -60.15570 0.74059
372.65000 -60.15249 0.73989
372.70000 -60.15266 0.74015
372.75000 -60.15266 0.74326
372.80000 -60.15245 0.74453
372.85000 -60.15381 0.74442
372.90000 -60.15508 0.74403
372.95000 -60.15406 0.74363
373.00000 -60.15619 0.74509
373.05000 -60.15344 0.74131
373.10000 -60.15669 0.74163
373.15000 -60.15669 0.74468
373.20000 -60.15426 0.74347
373.25000 -60.15562 0.74577
373.30000 -60.15512 0.74442
373.35000 -60.15430 0.74195
373.40000 -60.15615 0.74269
373.45000 -60.15155 0.74279
373.50000 -60.15504 0.74437
373.55000 -60.15352 0.74285
373.60000 -60.15044 0.74144
373.65000 -60.15217 0.74196
373.70000 -60.15356 0.73969
373.75000 -60.15204 0.73999
373.80000 -60.14896 0.74163
373.85000 -60.15254 0.74234
373.90000 -60.15319 0.74100
373.95000 -60.15430 0.74238
374.00000 -60.15533 0.74119
374.05000 -60.15533 0.74060
374.10000 -60.15447 0.73916
374.15000 -60.15595 0.73896
374.20000 -60.15344 0.74294
374.25000 -60.15451 0.74233
374.30000 -60.15792 0.74407
374.35000 -60.15878 0.74406
374.40000 -60.15882 0.74447
374.45000 -60.15813 0.74013
374.50000 -60.15582 0.74018
374.55000 -60.15702 0.74340
374.60000 -60.15714 0.74273
374.65000 -60.15599 0.74171
374.70000 -60.15430 0.73925
374.75000 -60.15155 0.74179
374.80000 -60.15286 0.74171
374.85000 -60.15410 0.73955
374.90000 -60.15743 0.73911
374.95000 -60.15385 0.73650
375.00000 -60.15097 0.73464
375.05000 -60.15475 0.74186
375.10000 -60.15484 0.74192
375.15000 -60.15286 0.73957
375.20000 -60.15262 0.73663
375.25000 -60.15282 0.73736
375.30000 -60.15180 0.74054
375.35000 -60.15155 0.74099
375.40000 -60.15533 0.74205
375.45000 -60.15122 0.73844
375.50000 -60.15208 0.74148
375.55000 -60.15266 0.73929
375.60000 -60.15578 0.73961
375.65000 -60.15360 0.74096
375.70000 -60.15093 0.73948
375.75000 -60.15373 0.74190
375.80000 -60.15373 0.74523
375.85000 -60.15093 0.74454
375.90000 -60.15200 0.74135
375.95000 -60.15249 0.74182
376.00000 -60.15237 0.74093
376.05000 -60.15323 0.74001
376.10000 -60.15229 0.74513
376.15000 -60.15056 0.74601
376.20000 -60.15019 0.74111
376.25000 -60.15249 0.74224
376.30000 -60.15377 0.74297
376.35000 -60.15245 0.74443
376.40000 -60.15163 0.74339
376.45000 -60.15245 0.74644
376.50000 -60.14830 0.74395
376.55000 -60.14842 0.74437
376.60000 -60.15200 0.74914
376.65000 -60.15073 0.74454
376.70000 -60.15360 0.74718
376.75000 -60.15036 0.74807
376.80000 -60.14694 0.74903
376.85000 -60.14999 0.74713
376.90000 -60.15007 0.74647
376.95000 -60.14990 0.74658
377.00000 -60.14814 0.74667
377.05000 -60.14818 0.74373
377.10000 -60.14966 0.74480
377.15000 -60.14916 0.74780
377.20000 -60.14616 0.74460
377.25000 -60.14645 0.74490
377.30000 -60.14859 0.74498
377.35000 -60.14731 0.74363
377.40000 -60.14810 0.74655
377.45000 -60.14711 0.74492
377.50000 -60.14653 0.74514
377.55000 -60.14736 0.74850
377.60000 -60.15106 0.74827
377.65000 -60.14662 0.74585
377.70000 -60.14637 0.74867
377.75000 -60.14921 0.75135
377.80000 -60.14838 0.75054
377.85000 -60.14830 0.74661
377.90000 -60.15188 0.74932
377.95000 -60.14855 0.75007
378.00000 -60.14366 0.75306
378.05000 -60.14933 0.75473
378.10000 -60.14781 0.75520
378.15000 -60.14731 0.75330
378.20000 -60.14958 0.75542
378.25000 -60.14933 0.75660
378.30000 -60.15036 0.75451
378.35000 -60.15492 0.75379
378.40000 -60.15237 0.75804
378.45000 -60.15056 0.75620
378.50000 -60.15122 0.75750
378.55000 -60.14990 0.75709
378.60000 -60.14982 0.75501
378.65000 -60.14715 0.75761
378.70000 -60.14933 0.75613
378.75000 -60.14953 0.75676
378.80000 -60.14822 0.75876
378.85000 -60.14875 0.75565
378.90000 -60.14925 0.75633
378.95000 -60.15356 0.76042
379.00000 -60.15143 0.75683
379.05000 -60.15229 0.75511
379.10000 -60.15303 0.75621
379.15000 -60.15295 0.75566
379.20000 -60.15348 0.75903
379.25000 -60.15147 0.75476
379.30000 -60.14859 0.75410
379.35000 -60.15023 0.75565
379.40000 -60.15360 0.75785
379.45000 -60.15488 0.75614
379.50000 -60.15463 0.75337
379.55000 -60.15426 0.75251
379.60000 -60.15184 0.75741
379.65000 -60.15595 0.75648
379.70000 -60.15237 0.75584
379.75000 -60.15110 0.75459
379.80000 -60.15352 0.75277
379.85000 -60.15500 0.75511
379.90000 -60.15632 0.75713
379.95000 -60.15377 0.75537
380.00000 -60.15574 0.75437
380.05000 -60.15697 0.75473
380.10000 -60.15718 0.75103
380.15000 -60.15895 0.75219
380.20000 -60.16174 0.75273
380.25000 -60.15936 0.75258
380.30000 -60.16121 0.75266
380.35000 -60.16310 0.75553
380.40000 -60.16104 0.75478
380.45000 -60.16014 0.75658
380.50000 -60.15455 0.75459
380.55000 -60.15956 0.75485
380.60000 -60.15739 0.75548
380.65000 -60.15870 0.75505
380.70000 -60.16055 0.75533
380.75000 -60.15903 0.75440
380.80000 -60.15800 0.75415
380.85000 -60.15545 0.75616
380.90000 -60.15874 0.75704
380.95000 -60.16076 0.75831
381.00000 -60.15878 0.75584
381.05000 -60.15956 0.75412
381.10000 -60.15541 0.75779
381.15000 -60.15829 0.75837
381.20000 -60.15895 0.75678
381.25000 -60.15689 0.75643
381.30000 -60.16022 0.75623
381.35000 -60.15808 0.75481
381.40000 -60.15689 0.75634
381.45000 -60.16055 0.75507
381.50000 -60.15874 0.75684
381.55000 -60.15743 0.75739
381.60000 -60.15924 0.75632
381.65000 -60.15903 0.75381
381.70000 -60.15965 0.75812
381.75000 -60.16113 0.75564
381.80000 -60.15932 0.75928
381.85000 -60.15956 0.75645
381.90000 -60.15755 0.75899
381.95000 -60.15845 0.75828
382.00000 -60.15595 0.75776
382.05000 -60.15726 0.75584
382.10000 -60.15739 0.75740
382.15000 -60.15915 0.75901
382.20000 -60.16104 0.75685
382.25000 -60.16100 0.75928
382.30000 -60.15689 0.75774
382.35000 -60.16063 0.75846
382.40000 -60.15771 0.75845
382.45000 -60.15636 0.75981
382.50000 -60.15767 0.75960
382.55000 -60.15969 0.75942
382.60000 -60.15833 0.75762
382.65000 -60.15813 0.75616
382.70000 -60.15430 0.75576
382.75000 -60.15562 0.75967
382.80000 -60.15389 0.75446
382.85000 -60.15545 0.75711
382.90000 -60.15648 0.75685
382.95000 -60.15948 0.75751
383.00000 -60.15512 0.75558
383.05000 -60.15866 0.75529
383.10000 -60.15360 0.75390
383.15000 -60.15578 0.75180
383.20000 -60.15500 0.75245
383.25000 -60.15640 0.75451
383.30000 -60.15508 0.75243
383.35000 -60.15475 0.75426
383.40000 -60.15348 0.75232
383.45000 -60.14986 0.75175
383.50000 -60.14921 0.74853
383.55000 -60.15258 0.75073
383.60000 -60.15180 0.74766
383.65000 -60.15237 0.74685
383.70000 -60.15459 0.74753
383.75000 -60.15381 0.74744
383.80000 -60.15504 0.74879
383.85000 -60.15628 0.74734
383.90000 -60.15792 0.74807
383.95000 -60.16071 0.74563
384.00000 -60.15837 0.74485
384.05000 -60.15389 0.74676
384.10000 -60.15607 0.74837
384.15000 -60.15808 0.74510
384.20000 -60.15870 0.74308
384.25000 -60.15619 0.74511
384.30000 -60.15924 0.74408
384.35000 -60.16026 0.74342
384.40000 -60.15554 0.74144
384.45000 -60.15500 0.74219
384.50000 -60.15595 0.74415
384.55000 -60.15106 0.74619
384.60000 -60.15327 0.74348
384.65000 -60.15192 0.74169
384.70000 -60.15397 0.74110
384.75000 -60.15315 0.74147
384.80000 -60.15418 0.74128
384.85000 -60.15533 0.74334
384.90000 -60.15578 0.74203
384.95000 -60.15340 0.74409
385.00000 -60.15628 0.74351
385.05000 -60.15430 0.74406
385.10000 -60.15430 0.74357
385.15000 -60.15488 0.74022
385.20000 -60.15393 0.73979
385.25000 -60.15788 0.74223
385.30000 -60.15303 0.74170
385.35000 -60.15554 0.74115
385.40000 -60.15533 0.74357
385.45000 -60.15377 0.74059
385.50000 -60.15295 0.74145
385.55000 -60.15644 0.74087
385.60000 -60.15887 0.73969
385.65000 -60.15808 0.74204
385.70000 -60.16096 0.74077
385.75000 -60.16113 0.74220
385.80000 -60.15706 0.73980
385.85000 -60.15640 0.74144
385.90000 -60.15611 0.74064
385.95000 -60.15570 0.73887
386.00000 -60.15529 0.73679
386.05000 -60.15447 0.73797
386.10000 -60.15673 0.74193
386.15000 -60.15685 0.74051
386.20000 -60.15521 0.74147
386.25000 -60.15512 0.73941
386.30000 -60.16067 0.74046
386.35000 -60.15525 0.73956
386.40000 -60.15447 0.74226
386.45000 -60.15521 0.73956
386.50000 -60.15862 0.74148
386.55000 -60.15804 0.74264
386.60000 -60.15410 0.74060
386.65000 -60.15447 0.74137
386.70000 -60.15599 0.74343
386.75000 -60.15504 0.74206
386.80000 -60.15599 0.74496
386.85000 -60.15640 0.74461
386.90000 -60.15311 0.74389
386.95000 -60.15315 0.74464
387.00000 -60.15406 0.74358
387.05000 -60.15636 0.74520
387.10000 -60.15640 0.74405
387.15000 -60.15471 0.74752
387.20000 -60.15401 0.74762
387.25000 -60.15471 0.74551
387.30000 -60.15163 0.74621
387.35000 -60.15241 0.74583
387.40000 -60.15726 0.74847
387.45000 -60.15278 0.74451
387.50000 -60.15192 0.74716
387.55000 -60.15204 0.74597
387.60000 -60.15245 0.74897
387.65000 -60.15899 0.74853
387.70000 -60.15389 0.74811
387.75000 -60.15003 0.74685
387.80000 -60.14933 0.74821
387.85000 -60.15311 0.74806
387.90000 -60.15315 0.74813
387.95000 -60.15434 0.74503
388.00000 -60.15204 0.74413
388.05000 -60.15196 0.74373
388.10000 -60.15233 0.74617
388.15000 -60.15254 0.74671
388.20000 -60.15081 0.74266
388.25000 -60.14888 0.74517
388.30000 -60.15356 0.74439
388.35000 -60.15480 0.74353
388.40000 -60.15147 0.74266
388.45000 -60.15389 0.74290
388.50000 -60.15656 0.74389
388.55000 -60.15533 0.74308
388.60000 -60.15599 0.74379
388.65000 -60.15233 0.74074
388.70000 -60.15521 0.74401
388.75000 -60.15254 0.74426
388.80000 -60.15521 0.74740
388.85000 -60.15217 0.74023
388.90000 -60.15521 0.74114
388.95000 -60.15813 0.74226
389.00000 -60.15944 0.74059
389.05000 -60.15714 0.74036
389.10000 -60.15673 0.74227
389.15000 -60.15632 0.74285
389.20000 -60.15640 0.74193
389.25000 -60.15739 0.74352
389.30000 -60.15891 0.74251
389.35000 -60.15989 0.74315
389.40000 -60.15841 0.74205
389.45000 -60.15504 0.74636
389.50000 -60.16039 0.74214
389.55000 -60.15952 0.74120
389.60000 -60.15788 0.74134
389.65000 -60.15607 0.74466
389.70000 -60.15911 0.74515
389.75000 -60.15751 0.74528
389.80000 -60.15410 0.74743
389.85000 -60.15549 0.74708
389.90000 -60.16076 0.74211
389.95000 -60.15747 0.74259
390.00000 -60.15225 0.74301
390.05000 -60.15619 0.74551
390.10000 -60.15459 0.74750
390.15000 -60.15377 0.74556
390.20000 -60.15488 0.74326
390.25000 -60.15356 0.74299
390.30000 -60.15393 0.74185
390.35000 -60.15406 0.74731
390.40000 -60.15155 0.74412
390.45000 -60.14916 0.74214
390.50000 -60.15093 0.74537
390.55000 -60.15352 0.74337
390.60000 -60.15254 0.74708
390.65000 -60.15143 0.74456
390.70000 -60.15295 0.73944
390.75000 -60.15212 0.74343
390.80000 -60.15340 0.74768
390.85000 -60.15138 0.74630
390.90000 -60.15426 0.74724
390.95000 -60.15212 0.74667
391.00000 -60.15669 0.74766
391.05000 -60.15673 0.74808
391.10000 -60.15545 0.74851
391.15000 -60.15693 0.74818
391.20000 -60.15603 0.74717
391.25000 -60.15451 0.75151
391.30000 -60.15463 0.75262
391.35000 -60.15521 0.75311
391.40000 -60.15410 0.75024
391.45000 -60.15262 0.75085
391.50000 -60.15430 0.74913
391.55000 -60.15299 0.75036
391.60000 -60.15110 0.74744
391.65000 -60.14929 0.74919
391.70000 -60.15147 0.75040
391.75000 -60.15126 0.74956
391.80000 -60.15184 0.75179
391.85000 -60.15048 0.75108
391.90000 -60.15060 0.74887
391.95000 -60.14999 0.74893
392.00000 -60.14707 0.75206
392.05000 -60.14867 0.74872
392.10000 -60.14838 0.75113
392.15000 -60.15081 0.74953
392.20000 -60.15151 0.75226
392.25000 -60.15138 0.75417
392.30000 -60.14847 0.75204
392.35000 -60.15163 0.75056
392.40000 -60.15274 0.75116
392.45000 -60.15171 0.75426
392.50000 -60.14978 0.75465
392.55000 -60.14834 0.75197
392.60000 -60.14945 0.75485
392.65000 -60.14768 0.75017
392.70000 -60.15015 0.75310
392.75000 -60.15237 0.75125
392.80000 -60.14785 0.75218
392.85000 -60.14571 0.75184
392.90000 -60.15015 0.75114
392.95000 -60.14875 0.74989
393.00000 -60.14958 0.75035
393.05000 -60.15163 0.74774
393.10000 -60.14670 0.75141
393.15000 -60.14937 0.75001
393.20000 -60.14986 0.74968
393.25000 -60.14953 0.75068
393.30000 -60.14838 0.74739
393.35000 -60.14768 0.74758
393.40000 -60.14686 0.74623
393.45000 -60.14386 0.74780
393.50000 -60.14510 0.74578
393.55000 -60.14641 0.74501
393.60000 -60.14559 0.74787
393.65000 -60.14460 0.74971
393.70000 -60.14826 0.74783
393.75000 -60.14641 0.74787
393.80000 -60.14621 0.75070
393.85000 -60.14534 0.75009
393.90000 -60.14555 0.75076
393.95000 -60.14744 0.74618
394.00000 -60.14481 0.74602
394.05000 -60.14682 0.74623
394.10000 -60.14423 0.74934
394.15000 -60.14477 0.74926
394.20000 -60.14834 0.74421
394.25000 -60.14731 0.74520
394.30000 -60.14592 0.74812
394.35000 -60.14526 0.74871
394.40000 -60.14818 0.74529
394.45000 -60.14637 0.74468
394.50000 -60.14662 0.74748
394.55000 -60.14789 0.74555
394.60000 -60.14760 0.74770
394.65000 -60.14621 0.74834
394.70000 -60.14452 0.74919
394.75000 -60.14456 0.74584
394.80000 -60.14456 0.74598
394.85000 -60.14616 0.75038
394.90000 -60.14263 0.74817
394.95000 -60.14563 0.74870
395.00000 -60.14822 0.75093
395.05000 -60.14916 0.75247
395.10000 -60.14629 0.75049
395.15000 -60.14908 0.74762
395.20000 -60.14925 0.74610
395.25000 -60.15110 0.74823
395.30000 -60.15007 0.74914
395.35000 -60.14892 0.74881
395.40000 -60.14888 0.74911
395.45000 -60.15151 0.74471
395.50000 -60.14501 0.74509
395.55000 -60.15032 0.74400
395.60000 -60.14612 0.74411
395.65000 -60.14707 0.74448
395.70000 -60.14752 0.74506
395.75000 -60.14892 0.74567
395.80000 -60.14826 0.74790
395.85000 -60.14986 0.74695
395.90000 -60.15003 0.74606
395.95000 -60.15097 0.74716
396.00000 -60.15315 0.74538
396.05000 -60.15147 0.74489
396.10000 -60.15340 0.74425
396.15000 -60.15607 0.74560
396.20000 -60.15451 0.74464
396.25000 -60.15722 0.74633
396.30000 -60.15475 0.74562
396.35000 -60.15364 0.74682
396.40000 -60.15619 0.74842
396.45000 -60.15595 0.74641
396.50000 -60.15455 0.74521
396.55000 -60.15254 0.74696
396.60000 -60.15776 0.74849
396.65000 -60.15586 0.74901
396.70000 -60.15739 0.74895
396.75000 -60.15656 0.74856
396.80000 -60.15286 0.74989
396.85000 -60.15315 0.74762
396.90000 -60.15422 0.74710
396.95000 -60.15660 0.74681
397.00000 -60.15796 0.74803
397.05000 -60.15936 0.75062
397.10000 -60.15512 0.75270
397.15000 -60.15874 0.75102
397.20000 -60.15623 0.74899
397.25000 -60.15438 0.74969
397.30000 -60.15471 0.75171
397.35000 -60.15385 0.75382
397.40000 -60.15619 0.75310
397.45000 -60.15352 0.75217
397.50000 -60.15340 0.75041
397.55000 -60.15529 0.75120
397.60000 -60.15426 0.75604
397.65000 -60.15611 0.75816
397.70000 -60.15702 0.75791
397.75000 -60.15471 0.75518
397.80000 -60.15521 0.75704
397.85000 -60.15739 0.75897
397.90000 -60.15599 0.75328
397.95000 -60.15578 0.75396
398.00000 -60.15512 0.75386
398.05000 -60.15393 0.75894
398.10000 -60.15249 0.75648
398.15000 -60.15726 0.75685
398.20000 -60.15919 0.75707
398.25000 -60.16010 0.75851
398.30000 -60.15989 0.75796
398.35000 -60.16145 0.75800
398.40000 -60.15887 0.75785
398.45000 -60.15755 0.75424
398.50000 -60.16055 0.75787
398.55000 -60.16006 0.75807
398.60000 -60.16293 0.75916
398.65000 -60.16055 0.75587
398.70000 -60.16137 0.75690
398.75000 -60.16474 0.75802
398.80000 -60.16166 0.76010
398.85000 -60.16409 0.75936
398.90000 -60.16520 0.75748
398.95000 -60.16256 0.75896
399.00000 -60.16162 0.75763
399.05000 -60.16203 0.75773
399.10000 -60.16326 0.75381
399.15000 -60.16478 0.75590
399.20000 -60.16532 0.75513
399.25000 -60.16244 0.75336
399.30000 -60.16117 0.75711
399.35000 -60.16191 0.75694
399.40000 -60.16113 0.75809
399.45000 -60.16232 0.75563
399.50000 -60.16314 0.75212
399.55000 -60.15985 0.75494
399.60000 -60.15948 0.75638
399.65000 -60.16026 0.75572
399.70000 -60.16043 0.75320
399.75000 -60.15928 0.75589
399.80000 -60.15841 0.75689
399.85000 -60.15788 0.75552
399.90000 -60.15817 0.75439
399.95000 -60.15895 0.75661
400.00000 -60.15706 0.75256
400.05000 -60.15845 0.75689
400.10000 -60.15965 0.75489
400.15000 -60.15862 0.75410
400.20000 -60.15480 0.75583
400.25000 -60.15726 0.75529
400.30000 -60.15611 0.75534
400.35000 -60.15693 0.75335
400.40000 -60.15796 0.75410
400.45000 -60.15574 0.75356
400.50000 -60.15496 0.75651
400.55000 -60.15360 0.75892
400.60000 -60.15130 0.75572
400.65000 -60.15455 0.75559
400.70000 -60.16010 0.75239
400.75000 -60.15319 0.75560
400.80000 -60.15414 0.75438
400.85000 -60.15517 0.75448
400.90000 -60.15850 0.75313
400.95000 -60.16154 0.75021
401.00000 -60.15763 0.75234
401.05000 -60.15537 0.75377
401.10000 -60.15204 0.75018
401.15000 -60.15500 0.75410
401.20000 -60.16076 0.75300
401.25000 -60.15854 0.75130
401.30000 -60.15434 0.75136
401.35000 -60.15122 0.75197
401.40000 -60.15800 0.74961
401.45000 -60.15837 0.75151
401.50000 -60.15940 0.75074
401.55000 -60.15652 0.75096
401.60000 -60.15410 0.74979
401.65000 -60.15426 0.74968
401.70000 -60.15492 0.74903
401.75000 -60.15463 0.74841
401.80000 -60.15463 0.75088
401.85000 -60.15673 0.74719
401.90000 -60.15759 0.74864
401.95000 -60.15525 0.74767
402.00000 -60.15512 0.74826
402.05000 -60.15784 0.74850
402.10000 -60.15759 0.74985
402.15000 -60.15771 0.74902
402.20000 -60.15965 0.74700
402.25000 -60.15874 0.74915
402.30000 -60.15570 0.75036
402.35000 -60.15739 0.74980
402.40000 -60.15406 0.75087
402.45000 -60.15348 0.75097
402.50000 -60.15689 0.75058
402.55000 -60.15763 0.74975
402.60000 -60.15656 0.74957
402.65000 -60.15430 0.74942
402.70000 -60.15767 0.74913
402.75000 -60.15369 0.74795
402.80000 -60.15410 0.74968
402.85000 -60.14966 0.74817
402.90000 -60.15163 0.74699
402.95000 -60.15381 0.74802
403.00000 -60.15582 0.74450
403.05000 -60.15804 0.74823
403.10000 -60.15611 0.74868
403.15000 -60.15500 0.74993
403.20000 -60.15525 0.74811
403.25000 -60.15570 0.74652
403.30000 -60.15286 0.74547
403.35000 -60.15291 0.74688
403.40000 -60.15599 0.74886
403.45000 -60.15582 0.74655
403.50000 -60.15628 0.74763
403.55000 -60.15484 0.74513
403.60000 -60.15533 0.74283
403.65000 -60.15389 0.74135
403.70000 -60.15434 0.74014
403.75000 -60.15566 0.74162
403.80000 -60.15443 0.73859
403.85000 -60.15401 0.73790
403.90000 -60.15463 0.74179
403.95000 -60.15636 0.73814
404.00000 -60.15529 0.74099
404.05000 -60.15595 0.73875
404.10000 -60.15776 0.73914
404.15000 -60.15944 0.74026
404.20000 -60.15776 0.74121
404.25000 -60.15866 0.73973
404.30000 -60.15303 0.73956
404.35000 -60.15533 0.74076
404.40000 -60.15566 0.73924
404.45000 -60.16014 0.74042
404.50000 -60.15607 0.73988
404.55000 -60.15636 0.74185
404.60000 -60.15870 0.74414
404.65000 -60.15607 0.74486
404.70000 -60.15952 0.74240
404.75000 -60.15755 0.73958
404.80000 -60.15512 0.74017
404.85000 -60.15578 0.74006
404.90000 -60.15615 0.74265
404.95000 -60.15759 0.74325
405.00000 -60.15751 0.74285
405.05000 -60.15554 0.74051
405.10000 -60.15443 0.74211
405.15000 -60.15636 0.74074
405.20000 -60.15525 0.74172
405.25000 -60.15451 0.74103
405.30000 -60.15475 0.74275
405.35000 -60.15652 0.74158
405.40000 -60.15706 0.74273
405.45000 -60.15734 0.74369
405.50000 -60.15895 0.74561
405.55000 -60.15418 0.74545
405.60000 -60.15858 0.74498
405.65000 -60.16039 0.74799
405.70000 -60.15743 0.74374
405.75000 -60.15936 0.74459
405.80000 -60.15681 0.74900
405.85000 -60.15636 0.75100
405.90000 -60.16084 0.74747
405.95000 -60.16014 0.74891
406.00000 -60.15841 0.74830
406.05000 -60.16043 0.74812
406.10000 -60.15932 0.74767
406.15000 -60.16071 0.74742
406.20000 -60.15878 0.74485
406.25000 -60.16047 0.74656
406.30000 -60.16256 0.74617
406.35000 -60.16265 0.74795
406.40000 -60.16207 0.74731
406.45000 -60.16228 0.74430
406.50000 -60.16298 0.75021
406.55000 -60.16150 0.75094
406.60000 -60.16002 0.74883
406.65000 -60.15973 0.74852
406.70000 -60.15850 0.74671
406.75000 -60.16100 0.75021
406.80000 -60.15915 0.75174
406.85000 -60.16133 0.74652
406.90000 -60.15533 0.74450
406.95000 -60.15669 0.74384
407.00000 -60.15607 0.74302
407.05000 -60.15652 0.74342
407.10000 -60.15599 0.74262
407.15000 -60.15578 0.74298
407.20000 -60.15570 0.74220
407.25000 -60.15940 0.74176
407.30000 -60.15825 0.74001
407.35000 -60.15911 0.74143
407.40000 -60.15615 0.74236
407.45000 -60.15817 0.74235
407.50000 -60.15874 0.74510
407.55000 -60.15985 0.74448
407.60000 -60.15796 0.74468
407.65000 -60.15677 0.74432
407.70000 -60.15508 0.74249
407.75000 -60.15767 0.74435
407.80000 -60.15693 0.74238
407.85000 -60.16076 0.74356
407.90000 -60.15854 0.74352
407.95000 -60.15829 0.74589
408.00000 -60.16154 0.74678
408.05000 -60.15673 0.74816
408.10000 -60.15969 0.74950
408.15000 -60.15648 0.74776
408.20000 -60.15406 0.74838
408.25000 -60.15434 0.74893
408.30000 -60.15397 0.74572
408.35000 -60.15784 0.74591
408.40000 -60.15878 0.74612
408.45000 -60.15623 0.74443
408.50000 -60.15619 0.74393
408.55000 -60.15430 0.74597
408.60000 -60.15734 0.74649
408.65000 -60.15660 0.74709
408.70000 -60.15656 0.74889
408.75000 -60.15504 0.74463
408.80000 -60.15759 0.74618
408.85000 -60.15628 0.74855
408.90000 -60.15508 0.74922
408.95000 -60.15656 0.74777
409.00000 -60.15763 0.74488
409.05000 -60.15891 0.74715
409.10000 -60.16244 0.74767
409.15000 -60.15948 0.75036
409.20000 -60.15845 0.74528
409.25000 -60.16129 0.74747
409.30000 -60.15792 0.74669
409.35000 -60.15989 0.74785
409.40000 -60.15924 0.74896
409.45000 -60.15788 0.74986
409.50000 -60.16088 0.74893
409.55000 -60.15850 0.74805
409.60000 -60.15854 0.74870
409.65000 -60.16006 0.74965
409.70000 -60.16166 0.74887
409.75000 -60.15854 0.75042
409.80000 -60.15669 0.74917
409.85000 -60.15788 0.75137
409.90000 -60.15796 0.75083
409.95000 -60.15665 0.75465
410.00000 -60.16002 0.75388
410.05000 -60.16154 0.75015
410.10000 -60.15948 0.75219
410.15000 -60.16096 0.75005
410.20000 -60.16228 0.75163
410.25000 -60.15829 0.75200
410.30000 -60.16285 0.74943
410.35000 -60.16199 0.74782
410.40000 -60.16034 0.75079
410.45000 -60.16084 0.75467
410.50000 -60.15911 0.75524
410.55000 -60.15993 0.75168
410.60000 -60.15911 0.75398
410.65000 -60.15862 0.75248
410.70000 -60.15656 0.75275
410.75000 -60.15734 0.75380
410.80000 -60.15722 0.75521
410.85000 -60.15977 0.75332
410.90000 -60.15833 0.75203
410.95000 -60.15702 0.75101
411.00000 -60.15665 0.75278
411.05000 -60.16018 0.75307
411.10000 -60.15997 0.75366
411.15000 -60.15969 0.75239
411.20000 -60.15961 0.75435
411.25000 -60.15878 0.75405
411.30000 -60.15734 0.75572
411.35000 -60.15780 0.75542
411.40000 -60.16244 0.75613
411.45000 -60.16125 0.75874
411.50000 -60.16108 0.75329
411.55000 -60.16141 0.75609
411.60000 -60.15989 0.75415
411.65000 -60.16310 0.75594
411.70000 -60.16511 0.75743
411.75000 -60.16376 0.75392
411.80000 -60.16318 0.75459
411.85000 -60.16363 0.75752
411.90000 -60.16454 0.75518
411.95000 -60.16487 0.75366
412.00000 -60.16495 0.75560
412.05000 -60.16610 0.75504
412.10000 -60.16343 0.75457
412.15000 -60.16598 0.75162
412.20000 -60.16429 0.74973
412.25000 -60.16330 0.75039
412.30000 -60.16195 0.75094
412.35000 -60.16273 0.75440
412.40000 -60.16524 0.75388
412.45000 -60.16499 0.75084
412.50000 -60.16236 0.75006
412.55000 -60.16417 0.74990
412.60000 -60.16429 0.75061
412.65000 -60.16828 0.75201
412.70000 -60.16569 0.75195
412.75000 -60.16355 0.75208
412.80000 -60.16487 0.75448
412.85000 -60.16565 0.75033
412.90000 -60.16795 0.75059
412.95000 -60.17214 0.75305
413.00000 -60.16922 0.75061
413.05000 -60.16963 0.74924
413.10000 -60.16832 0.75308
413.15000 -60.16709 0.75159
413.20000 -60.16655 0.75324
413.25000 -60.16783 0.75301
413.30000 -60.16770 0.75265
413.35000 -60.16766 0.75267
413.40000 -60.16684 0.75131
413.45000 -60.17017 0.74957
413.50000 -60.17099 0.75213
413.55000 -60.16906 0.75151
413.60000 -60.16877 0.75072
413.65000 -60.16968 0.74983
413.70000 -60.16951 0.74794
413.75000 -60.17148 0.75034
413.80000 -60.17181 0.75335
413.85000 -60.17268 0.75009
413.90000 -60.16955 0.74688
413.95000 -60.16918 0.74932
414.00000 -60.16552 0.75127
414.05000 -60.16902 0.74589
414.10000 -60.16766 0.74918
414.15000 -60.16807 0.75054
414.20000 -60.16618 0.74971
414.25000 -60.16359 0.74702
414.30000 -60.16799 0.74937
414.35000 -60.16585 0.74599
414.40000 -60.16618 0.74555
414.45000 -60.17066 0.74731
414.50000 -60.16811 0.74359
414.55000 -60.16931 0.74434
414.60000 -60.16815 0.74557
414.65000 -60.16947 0.74720
414.70000 -60.17037 0.74608
414.75000 -60.17000 0.74369
414.80000 -60.17033 0.74496
414.85000 -60.17025 0.74262
414.90000 -60.17128 0.74044
414.95000 -60.16955 0.74164
415.00000 -60.17337 0.74382
415.05000 -60.17190 0.74478
415.10000 -60.17013 0.74466
415.15000 -60.17083 0.74127
415.20000 -60.17132 0.74031
415.25000 -60.17107 0.74089
415.30000 -60.17268 0.74133
415.35000 -60.17181 0.73842
415.40000 -60.16976 0.74319
415.45000 -60.17181 0.74284
415.50000 -60.17099 0.74004
415.55000 -60.16968 0.73890
415.60000 -60.16889 0.73898
415.65000 -60.17083 0.73982
415.70000 -60.16959 0.73861
415.75000 -60.17050 0.73801
415.80000 -60.16959 0.73648
415.85000 -60.16729 0.73732
415.90000 -60.17251 0.73494
415.95000 -60.17000 0.73337
416.00000 -60.16918 0.73436
416.05000 -60.16836 0.73621
416.10000 -60.16404 0.73435
416.15000 -60.16598 0.73461
416.20000 -60.16524 0.73478
416.25000 -60.16778 0.73573
416.30000 -60.16778 0.73942
416.35000 -60.16630 0.73604
416.40000 -60.16754 0.73665
416.45000 -60.16828 0.73751
416.50000 -60.16499 0.73677
416.55000 -60.16577 0.73687
416.60000 -60.16931 0.73471
416.65000 -60.16988 0.73413
416.70000 -60.16639 0.73651
416.75000 -60.16741 0.73581
416.80000 -60.16721 0.73637
416.85000 -60.16746 0.73541
416.90000 -60.16836 0.73630
416.95000 -60.16803 0.73570
417.00000 -60.16684 0.73534
417.05000 -60.16815 0.73758
417.10000 -60.16606 0.73976
417.15000 -60.16947 0.73654
417.20000 -60.16828 0.73589
417.25000 -60.16581 0.73618
417.30000 -60.16824 0.73882
417.35000 -60.16713 0.74004
417.40000 -60.16704 0.73754
417.45000 -60.16696 0.74012
417.50000 -60.16335 0.74035
417.55000 -60.16203 0.73869
417.60000 -60.16495 0.74102
417.65000 -60.16602 0.73878
417.70000 -60.16293 0.73983
417.75000 -60.16293 0.73773
417.80000 -60.16137 0.74211
417.85000 -60.16207 0.73627
417.90000 -60.16010 0.73805
417.95000 -60.16277 0.73878
418.00000 -60.16347 0.73986
418.05000 -60.16561 0.73721
418.10000 -60.16285 0.73801
418.15000 -60.16499 0.73840
418.20000 -60.16421 0.73896
418.25000 -60.16240 0.74145
418.30000 -60.16536 0.73736
418.35000 -60.16441 0.73675
418.40000 -60.16622 0.73716
418.45000 -60.16483 0.73772
418.50000 -60.16281 0.73694
418.55000 -60.16626 0.73581
418.60000 -60.16561 0.73749
418.65000 -60.15977 0.73617
418.70000 -60.16182 0.73860
418.75000 -60.16503 0.73579
418.80000 -60.16240 0.73775
418.85000 -60.16236 0.74016
418.90000 -60.16441 0.74115
418.95000 -60.16228 0.73673
419.00000 -60.16170 0.73683
419.05000 -60.15833 0.73693
419.10000 -60.15755 0.73805
419.15000 -60.16224 0.73599
419.20000 -60.16059 0.73515
419.25000 -60.15800 0.73336
419.30000 -60.16039 0.73471
419.35000 -60.16141 0.73413
419.40000 -60.15874 0.73700
419.45000 -60.15928 0.73299
419.50000 -60.16339 0.73249
419.55000 -60.16010 0.73040
419.60000 -60.16351 0.73254
419.65000 -60.16150 0.73419
419.70000 -60.16071 0.73236
419.75000 -60.15796 0.73095
419.80000 -60.15743 0.73233
419.85000 -60.15817 0.72963
419.90000 -60.15915 0.73431
419.95000 -60.15841 0.73579
420.00000 -60.15944 0.72956
420.05000 -60.16022 0.73532
420.10000 -60.15751 0.73302
420.15000 -60.16195 0.73116
420.20000 -60.15919 0.73283
420.25000 -60.15669 0.73351
420.30000 -60.15940 0.73470
420.35000 -60.15895 0.73419
420.40000 -60.16104 0.73211
420.45000 -60.16195 0.73494
420.50000 -60.16388 0.73368
420.55000 -60.16339 0.73087
420.60000 -60.15895 0.73023
420.65000 -60.16051 0.73376
420.70000 -60.15985 0.73220
420.75000 -60.15887 0.73556
420.80000 -60.15693 0.73790
420.85000 -60.15759 0.73461
420.90000 -60.15808 0.73352
420.95000 -60.15759 0.73869
421.00000 -60.15743 0.73709
421.05000 -60.15681 0.73604
421.10000 -60.15977 0.73523
421.15000 -60.15845 0.73269
421.20000 -60.16006 0.73208
421.25000 -60.15743 0.73230
421.30000 -60.15677 0.73176
421.35000 -60.15217 0.73447
421.40000 -60.15418 0.73677
421.45000 -60.15451 0.73639
421.50000 -60.15459 0.73341
421.55000 -60.15529 0.73190
421.60000 -60.15360 0.73389
421.65000 -60.15562 0.73641
421.70000 -60.15780 0.73367
421.75000 -60.15595 0.73367
421.80000 -60.15138 0.72798
421.85000 -60.15180 0.73294
421.90000 -60.14801 0.73024
421.95000 -60.15245 0.73145
422.00000 -60.14879 0.73294
422.05000 -60.15525 0.73022
422.10000 -60.15410 0.72928
422.15000 -60.15377 0.72828
422.20000 -60.15681 0.72766
422.25000 -60.15623 0.72981
422.30000 -60.15771 0.72741
422.35000 -60.15611 0.72682
422.40000 -60.15677 0.72725
422.45000 -60.15669 0.72648
422.50000 -60.15644 0.72889
422.55000 -60.15858 0.72995
422.60000 -60.15291 0.72825
422.65000 -60.15217 0.72845
422.70000 -60.15278 0.73083
422.75000 -60.15221 0.72822
422.80000 -60.15307 0.72994
422.85000 -60.15512 0.72666
422.90000 -60.15603 0.72884
422.95000 -60.15438 0.72855
423.00000 -60.15196 0.72356
423.05000 -60.15545 0.72827
423.10000 -60.15549 0.72824
423.15000 -60.15258 0.72545
423.20000 -60.15373 0.72629
423.25000 -60.15628 0.72675
423.30000 -60.15492 0.73088
423.35000 -60.15410 0.72970
423.40000 -60.15171 0.72936
423.45000 -60.15101 0.73232
423.50000 -60.15217 0.72884
423.55000 -60.15336 0.73148
423.60000 -60.14797 0.72892
423.65000 -60.14896 0.73198
423.70000 -60.14953 0.73490
423.75000 -60.14604 0.73102
423.80000 -60.14542 0.73033
423.85000 -60.14740 0.72933
423.90000 -60.15093 0.72983
423.95000 -60.14863 0.72845
424.00000 -60.14678 0.73252
424.05000 -60.14703 0.73158
424.10000 -60.14731 0.73255
424.15000 -60.15052 0.73388
424.20000 -60.14884 0.73092
424.25000 -60.14966 0.72907
424.30000 -60.14740 0.73180
424.35000 -60.15011 0.73010
424.40000 -60.14916 0.72995
424.45000 -60.14805 0.73201
424.50000 -60.14801 0.72956
424.55000 -60.15036 0.72960
424.60000 -60.14596 0.73014
424.65000 -60.14715 0.73376
424.70000 -60.14596 0.73506
424.75000 -60.14366 0.73394
424.80000 -60.14501 0.73278
424.85000 -60.14415 0.73158
424.90000 -60.14567 0.73355
424.95000 -60.14300 0.73119
425.00000 -60.14308 0.73109
425.05000 -60.14456 0.72972
425.10000 -60.14374 0.72982
425.15000 -60.14616 0.72903
425.20000 -60.14345 0.73163
425.25000 -60.14423 0.73087
425.30000 -60.14559 0.73453
425.35000 -60.14538 0.72981
425.40000 -60.14863 0.73082
425.45000 -60.15036 0.73013
425.50000 -60.14448 0.72931
425.55000 -60.14538 0.73075
425.60000 -60.14559 0.73143
425.65000 -60.14579 0.72684
425.70000 -60.14958 0.72885
425.75000 -60.14497 0.73031
425.80000 -60.14657 0.73067
425.85000 -60.14468 0.73100
425.90000 -60.14699 0.73200
425.95000 -60.14612 0.73202
426.00000 -60.14559 0.73213
426.05000 -60.14690 0.72946
426.10000 -60.14666 0.73443
426.15000 -60.14826 0.73392
426.20000 -60.15138 0.73415
426.25000 -60.14974 0.73058
426.30000 -60.15171 0.73302
426.35000 -60.15381 0.73508
426.40000 -60.15064 0.73507
426.45000 -60.15504 0.73014
426.50000 -60.15171 0.73600
426.55000 -60.15064 0.73236
426.60000 -60.15151 0.73394
426.65000 -60.15106 0.73404
426.70000 -60.15007 0.73342
426.75000 -60.14847 0.73308
426.80000 -60.14666 0.73381
426.85000 -60.14896 0.72857
426.90000 -60.14727 0.73216
426.95000 -60.14801 0.73199
427.00000 -60.15130 0.73260
427.05000 -60.14875 0.72971
427.10000 -60.15270 0.73021
427.15000 -60.15151 0.73220
427.20000 -60.15401 0.72975
427.25000 -60.15204 0.73406
427.30000 -60.15258 0.73522
427.35000 -60.15114 0.73413
427.40000 -60.15607 0.73708
427.45000 -60.15410 0.73452
427.50000 -60.15418 0.73426
427.55000 -60.15295 0.73383
427.60000 -60.14995 0.73518
427.65000 -60.15023 0.73691
427.70000 -60.14699 0.73287
427.75000 -60.15106 0.73188
427.80000 -60.15073 0.73431
427.85000 -60.14962 0.73403
427.90000 -60.15044 0.73258
427.95000 -60.14929 0.73140
428.00000 -60.15085 0.73264
428.05000 -60.14670 0.73213
428.10000 -60.14670 0.73334
428.15000 -60.14875 0.73164
428.20000 -60.14875 0.73482
428.25000 -60.15208 0.73336
428.30000 -60.14900 0.73224
428.35000 -60.14547 0.73314
428.40000 -60.14464 0.73325
428.45000 -60.14382 0.73151
428.50000 -60.14600 0.73119
428.55000 -60.14818 0.73159
428.60000 -60.14538 0.73357
428.65000 -60.14440 0.73397
428.70000 -60.13955 0.73621
428.75000 -60.14070 0.73563
428.80000 -60.14045 0.73510
428.85000 -60.14292 0.73202
428.90000 -60.14251 0.73545
428.95000 -60.14259 0.73309
429.00000 -60.14053 0.73526
429.05000 -60.13942 0.73798
429.10000 -60.13987 0.73871
429.15000 -60.13992 0.73597
429.20000 -60.13983 0.73565
429.25000 -60.13951 0.73423
429.30000 -60.14255 0.73145
429.35000 -60.14148 0.73560
429.40000 -60.14119 0.73597
429.45000 -60.14329 0.73860
429.50000 -60.14259 0.73930
429.55000 -60.14436 0.73831
429.60000 -60.14386 0.73621
429.65000 -60.14423 0.73901
429.70000 -60.14649 0.73847
429.75000 -60.14810 0.73840
429.80000 -60.14226 0.74277
429.85000 -60.14489 0.74135
429.90000 -60.14341 0.74136
429.95000 -60.14579 0.73808
430.00000 -60.14489 0.73672
430.05000 -60.14218 0.74287
430.10000 -60.14255 0.74206
430.15000 -60.14362 0.73905
430.20000 -60.14567 0.73936
430.25000 -60.14304 0.73897
430.30000 -60.14353 0.73619
430.35000 -60.14123 0.73474
430.40000 -60.13967 0.73733
430.45000 -60.14205 0.73607
430.50000 -60.14407 0.73614
430.55000 -60.14345 0.73720
430.60000 -60.14214 0.73589
430.65000 -60.14584 0.73370
430.70000 -60.14411 0.73526
430.75000 -60.14489 0.73614
430.80000 -60.14214 0.73476
430.85000 -60.14452 0.73506
430.90000 -60.14563 0.73601
430.95000 -60.14283 0.73340
431.00000 -60.13979 0.73223
431.05000 -60.14510 0.73552
431.10000 -60.14267 0.73844
431.15000 -60.14329 0.73798
431.20000 -60.14653 0.73704
431.25000 -60.14633 0.73469
431.30000 -60.14501 0.73511
431.35000 -60.14645 0.73423
431.40000 -60.14111 0.73231
431.45000 -60.14308 0.73330
431.50000 -60.14547 0.73181
431.55000 -60.14296 0.73534
431.60000 -60.14357 0.73547
431.65000 -60.14160 0.73514
431.70000 -60.14234 0.73380
431.75000 -60.14263 0.73465
431.80000 -60.14452 0.73861
431.85000 -60.14477 0.73433
431.90000 -60.14349 0.73635
431.95000 -60.14460 0.73573
432.00000 -60.14444 0.73638
432.05000 -60.14168 0.73624
432.10000 -60.14193 0.73978
432.15000 -60.14288 0.73837
432.20000 -60.14629 0.73821
432.25000 -60.14686 0.73864
432.30000 -60.14534 0.73842
432.35000 -60.14625 0.73822
432.40000 -60.14789 0.74147
432.45000 -60.14740 0.73736
432.50000 -60.14662 0.73453
432.55000 -60.14838 0.73842
432.60000 -60.14694 0.73804
432.65000 -60.14781 0.73692
432.70000 -60.15069 0.73263
432.75000 -60.14855 0.73139
432.80000 -60.14941 0.73912
432.85000 -60.14884 0.73559
432.90000 -60.15032 0.73644
432.95000 -60.14777 0.73623
433.00000 -60.14814 0.73375
433.05000 -60.15044 0.73535
433.10000 -60.15003 0.73697
433.15000 -60.15151 0.73442
433.20000 -60.14810 0.73515
433.25000 -60.14925 0.73611
433.30000 -60.15369 0.73901
433.35000 -60.15315 0.74134
433.40000 -60.15410 0.74000
433.45000 -60.15081 0.74093
433.50000 -60.15237 0.74254
433.55000 -60.14904 0.74185
433.60000 -60.15073 0.74206
433.65000 -60.15233 0.74361
433.70000 -60.15266 0.74413
433.75000 -60.15081 0.74464
433.80000 -60.15237 0.74551
433.85000 -60.15467 0.74520
433.90000 -60.14974 0.74191
433.95000 -60.15307 0.74338
434.00000 -60.15266 0.74176
434.05000 -60.15221 0.74344
434.10000 -60.15237 0.74258
434.15000 -60.15081 0.74198
434.20000 -60.15044 0.74256
434.25000 -60.15200 0.74304
434.30000 -60.15364 0.74656
434.35000 -60.15233 0.74429
434.40000 -60.14810 0.74572
434.45000 -60.14867 0.74678
434.50000 -60.14908 0.74299
434.55000 -60.14990 0.74239
434.60000 -60.14966 0.73949
434.65000 -60.14962 0.74304
434.70000 -60.15007 0.73999
434.75000 -60.14781 0.74256
434.80000 -60.14822 0.74310
434.85000 -60.14970 0.74299
434.90000 -60.14941 0.74224
434.95000 -60.15048 0.74131
435.00000 -60.15048 0.74258
435.05000 -60.14962 0.74533
435.10000 -60.14970 0.74321
435.15000 -60.15126 0.74294
435.20000 -60.14945 0.74035
435.25000 -60.14863 0.74112
435.30000 -60.14912 0.74547
435.35000 -60.15307 0.74503
435.40000 -60.14982 0.74781
435.45000 -60.15110 0.74350
435.50000 -60.14962 0.74211
435.55000 -60.14884 0.73983
435.60000 -60.14752 0.74431
435.65000 -60.15044 0.74242
435.70000 -60.15056 0.74513
435.75000 -60.14929 0.74088
435.80000 -60.15151 0.73975
435.85000 -60.14978 0.74004
435.90000 -60.14962 0.74014
435.95000 -60.14723 0.74338
436.00000 -60.14921 0.74014
436.05000 -60.15130 0.74141
436.10000 -60.14814 0.74462
436.15000 -60.14768 0.74205
436.20000 -60.14838 0.74163
436.25000 -60.15147 0.73801
436.30000 -60.14962 0.73770
436.35000 -60.14559 0.74146
436.40000 -60.14616 0.73872
436.45000 -60.14781 0.74107
436.50000 -60.15019 0.73876
436.55000 -60.14962 0.74188
436.60000 -60.14896 0.74409
436.65000 -60.14958 0.74591
436.70000 -60.15052 0.74455
436.75000 -60.14838 0.74615
436.80000 -60.14444 0.74298
436.85000 -60.14353 0.74067
436.90000 -60.14394 0.73941
436.95000 -60.14612 0.74196
437.00000 -60.14888 0.73708
437.05000 -60.14773 0.73993
437.10000 -60.14415 0.74097
437.15000 -60.14518 0.74418
437.20000 -60.14481 0.74166
437.25000 -60.14251 0.74487
437.30000 -60.14205 0.74357
437.35000 -60.14304 0.74312
437.40000 -60.14255 0.74500
437.45000 -60.14678 0.74563
437.50000 -60.14407 0.74135
437.55000 -60.14686 0.74339
437.60000 -60.14838 0.73926
437.65000 -60.14526 0.74213
437.70000 -60.14567 0.74077
437.75000 -60.14485 0.74204
437.80000 -60.14600 0.74166
437.85000 -60.14538 0.74256
437.90000 -60.14773 0.74310
437.95000 -60.14711 0.74125
438.00000 -60.14859 0.73898
438.05000 -60.14863 0.73906
438.10000 -60.14678 0.74048
438.15000 -60.14518 0.74070
438.20000 -60.14937 0.73936
438.25000 -60.14830 0.73802
438.30000 -60.14670 0.74044
438.35000 -60.14399 0.73435
438.40000 -60.14242 0.73988
438.45000 -60.14460 0.73955
438.50000 -60.14773 0.74026
438.55000 -60.14399 0.74088
438.60000 -60.14867 0.74110
438.65000 -60.14510 0.74091
438.70000 -60.14160 0.73891
438.75000 -60.14394 0.74501
438.80000 -60.14785 0.74201
438.85000 -60.14251 0.74305
438.90000 -60.14489 0.74064
438.95000 -60.14690 0.74267
439.00000 -60.14333 0.74420
439.05000 -60.14489 0.74311
439.10000 -60.14526 0.73956
439.15000 -60.14966 0.74309
439.20000 -60.15282 0.74224
439.25000 -60.15019 0.74181
439.30000 -60.15044 0.74354
439.35000 -60.14978 0.74311
439.40000 -60.14986 0.74334
439.45000 -60.15044 0.74560
439.50000 -60.15151 0.74491
439.55000 -60.14793 0.74368
439.60000 -60.14851 0.74389
439.65000 -60.14740 0.73870
439.70000 -60.14678 0.73849
439.75000 -60.14867 0.74203
439.80000 -60.14555 0.74233
439.85000 -60.14941 0.74012
439.90000 -60.15056 0.74167
439.95000 -60.14649 0.74217
440.00000 -60.14452 0.74298
440.05000 -60.15015 0.73885
440.10000 -60.14851 0.74011
440.15000 -60.15007 0.73768
440.20000 -60.14736 0.73756
440.25000 -60.15093 0.74276
440.30000 -60.15048 0.73998
440.35000 -60.14814 0.74096
440.40000 -60.14814 0.74041
440.45000 -60.14888 0.74178
440.50000 -60.14929 0.74168
440.55000 -60.14805 0.73961
440.60000 -60.14288 0.74296
440.65000 -60.14189 0.74097
440.70000 -60.14863 0.74304
440.75000 -60.14551 0.74279
440.80000 -60.14505 0.74390
440.85000 -60.14522 0.74436
440.90000 -60.14785 0.74461
440.95000 -60.14777 0.74586
441.00000 -60.14485 0.74245
441.05000 -60.14805 0.74466
441.10000 -60.14892 0.74459
441.15000 -60.14625 0.74496
441.20000 -60.14604 0.74425
441.25000 -60.14727 0.74483
441.30000 -60.14473 0.74256
441.35000 -60.14621 0.74446
441.40000 -60.14448 0.74305
441.45000 -60.14160 0.73751
441.50000 -60.14144 0.74005
441.55000 -60.14214 0.73963
441.60000 -60.14362 0.73835
441.65000 -60.14341 0.74005
441.70000 -60.14399 0.73760
441.75000 -60.14164 0.74125
441.80000 -60.14320 0.74258
441.85000 -60.14526 0.74057
441.90000 -60.14168 0.73958
441.95000 -60.14201 0.73825
442.00000 -60.14218 0.73866
442.05000 -60.14427 0.73901
442.10000 -60.14810 0.74270
442.15000 -60.14744 0.74067
442.20000 -60.14814 0.74235
442.25000 -60.14612 0.74370
442.30000 -60.14604 0.74378
442.35000 -60.14366 0.74399
442.40000 -60.14551 0.74366
442.45000 -60.14366 0.74567
442.50000 -60.14394 0.74520
442.55000 -60.14074 0.74347
442.60000 -60.14160 0.74343
442.65000 -60.14542 0.74275
442.70000 -60.14312 0.74514
442.75000 -60.14271 0.74422
442.80000 -60.14337 0.74892
442.85000 -60.14304 0.74867
442.90000 -60.14464 0.74646
442.95000 -60.14259 0.74252
443.00000 -60.14362 0.74574
443.05000 -60.14362 0.74236
443.10000 -60.14300 0.74394
443.15000 -60.14534 0.74237
443.20000 -60.14699 0.74044
443.25000 -60.14518 0.74332
443.30000 -60.13992 0.74398
443.35000 -60.14234 0.74534
443.40000 -60.14464 0.74506
443.45000 -60.14563 0.74150
443.50000 -60.14481 0.74334
443.55000 -60.14682 0.74060
443.60000 -60.14518 0.74430
443.65000 -60.14699 0.74290
443.70000 -60.14563 0.74331
443.75000 -60.14814 0.74086
443.80000 -60.14748 0.74492
443.85000 -60.14789 0.74466
443.90000 -60.14896 0.74459
443.95000 -60.15032 0.74376
444.00000 -60.14970 0.74162
444.05000 -60.15101 0.74381
444.10000 -60.15151 0.74560
444.15000 -60.15229 0.74479
444.20000 -60.15032 0.74278
444.25000 -60.14896 0.74442
444.30000 -60.15052 0.74205
444.35000 -60.15147 0.74126
444.40000 -60.15085 0.74262
444.45000 -60.15069 0.74587
444.50000 -60.15541 0.74601
444.55000 -60.15780 0.74311
444.60000 -60.15401 0.74449
444.65000 -60.15015 0.74534
444.70000 -60.15204 0.74573
444.75000 -60.15595 0.74422
444.80000 -60.15504 0.74703
444.85000 -60.15599 0.74426
444.90000 -60.15418 0.74595
444.95000 -60.15447 0.74676
445.00000 -60.15315 0.74359
445.05000 -60.15381 0.74354
445.10000 -60.15603 0.74708
445.15000 -60.15229 0.74397
445.20000 -60.15262 0.74340
445.25000 -60.15418 0.74356
445.30000 -60.15344 0.74433
445.35000 -60.15743 0.74216
445.40000 -60.15554 0.74053
445.45000 -60.15895 0.74428
445.50000 -60.15689 0.74524
445.55000 -60.15722 0.74400
445.60000 -60.15574 0.74408
445.65000 -60.15771 0.74492
445.70000 -60.15636 0.74335
445.75000 -60.15459 0.74335
445.80000 -60.15730 0.74294
445.85000 -60.16034 0.74561
445.90000 -60.15911 0.74114
445.95000 -60.15993 0.74215
446.00000 -60.16211 0.74549
446.05000 -60.16503 0.74274
446.10000 -60.16030 0.74817
446.15000 -60.16351 0.74662
446.20000 -60.16544 0.74734
446.25000 -60.16256 0.74622
446.30000 -60.16310 0.74527
446.35000 -60.16096 0.74485
446.40000 -60.15993 0.74544
446.45000 -60.16170 0.74613
446.50000 -60.15989 0.74502
446.55000 -60.15915 0.74453
446.60000 -60.15771 0.74519
446.65000 -60.15924 0.74703
446.70000 -60.16256 0.74830
446.75000 -60.16018 0.74515
446.80000 -60.15800 0.74255
446.85000 -60.16261 0.74119
446.90000 -60.16265 0.74275
446.95000 -60.16470 0.74552
447.00000 -60.16400 0.74317
447.05000 -60.16466 0.74486
447.10000 -60.16256 0.74636
447.15000 -60.16524 0.74343
447.20000 -60.16852 0.74552
447.25000 -60.16515 0.74527
447.30000 -60.16437 0.74216
447.35000 -60.16429 0.74044
447.40000 -60.16302 0.74506
447.45000 -60.16417 0.74126
447.50000 -60.16487 0.74241
447.55000 -60.16635 0.74344
447.60000 -60.16614 0.74621
447.65000 -60.16926 0.74280
447.70000 -60.16696 0.74444
447.75000 -60.16766 0.74334
447.80000 -60.16618 0.74436
447.85000 -60.16454 0.74166
447.90000 -60.16491 0.73753
447.95000 -60.16618 0.74028
448.00000 -60.16873 0.74077
448.05000 -60.16659 0.73890
448.10000 -60.16577 0.73764
448.15000 -60.16799 0.73690
448.20000 -60.16725 0.73720
448.25000 -60.16737 0.74009
448.30000 -60.16532 0.73565
448.35000 -60.16618 0.73484
448.40000 -60.16680 0.73780
448.45000 -60.16680 0.73950
448.50000 -60.16918 0.73988
448.55000 -60.17136 0.73880
448.60000 -60.16844 0.73681
448.65000 -60.16881 0.73576
448.70000 -60.17255 0.73755
448.75000 -60.16947 0.73654
448.80000 -60.16696 0.73791
448.85000 -60.16655 0.73693
448.90000 -60.16791 0.73907
448.95000 -60.16811 0.73478
449.00000 -60.16667 0.73608
449.05000 -60.17099 0.73410
449.10000 -60.17399 0.73474
449.15000 -60.16984 0.73594
449.20000 -60.17116 0.73712
449.25000 -60.17000 0.73289
449.30000 -60.16840 0.73429
449.35000 -60.16931 0.73270
449.40000 -60.16943 0.73494
449.45000 -60.16869 0.73386
449.50000 -60.16898 0.73364
449.55000 -60.16848 0.73478
449.60000 -60.17136 0.73173
449.65000 -60.17185 0.73162
449.70000 -60.17366 0.73197
449.75000 -60.16914 0.73409
449.80000 -60.17058 0.73234
449.85000 -60.17510 0.73331
449.90000 -60.17091 0.73439
449.95000 -60.17025 0.72950
450.00000 -60.16984 0.73038
450.05000 -60.16935 0.73246
450.10000 -60.17079 0.73242
450.15000 -60.16877 0.73076
450.20000 -60.17013 0.73044
450.25000 -60.16877 0.73074
450.30000 -60.16852 0.72992
450.35000 -60.17255 0.72800
450.40000 -60.16725 0.72939
450.45000 -60.16824 0.72883
450.50000 -60.16910 0.72751
450.55000 -60.16700 0.73009
450.60000 -60.16663 0.72972
450.65000 -60.17029 0.72955
450.70000 -60.16935 0.72975
450.75000 -60.16926 0.73169
450.80000 -60.17017 0.73203
450.85000 -60.17140 0.73416
450.90000 -60.17103 0.73099
450.95000 -60.17214 0.73242
451.00000 -60.17161 0.73032
451.05000 -60.16963 0.73425
451.10000 -60.17325 0.72957
451.15000 -60.17091 0.73354
451.20000 -60.17054 0.73380
451.25000 -60.17559 0.73132
451.30000 -60.17259 0.72887
451.35000 -60.16877 0.73308
451.40000 -60.17342 0.73291
451.45000 -60.17062 0.73339
451.50000 -60.16889 0.73393
451.55000 -60.17120 0.73249
451.60000 -60.16840 0.73424
451.65000 -60.16918 0.73423
451.70000 -60.17091 0.73258
451.75000 -60.17021 0.73396
451.80000 -60.17140 0.73284
451.85000 -60.16939 0.73038
451.90000 -60.16902 0.73097
451.95000 -60.17074 0.73152
452.00000 -60.16976 0.73458
452.05000 -60.17165 0.73462
452.10000 -60.17074 0.73607
452.15000 -60.17013 0.73419
452.20000 -60.17013 0.73467
452.25000 -60.16795 0.73773
452.30000 -60.16684 0.73803
452.35000 -60.16766 0.73834
452.40000 -60.17148 0.73779
452.45000 -60.16918 0.73504
452.50000 -60.16774 0.73361
452.55000 -60.17017 0.73431
452.60000 -60.16713 0.73008
452.65000 -60.16655 0.73123
452.70000 -60.16807 0.73042
452.75000 -60.16635 0.73502
452.80000 -60.17132 0.73526
452.85000 -60.17194 0.73011
452.90000 -60.17190 0.73391
452.95000 -60.17305 0.73658
453.00000 -60.17333 0.73103
453.05000 -60.17309 0.73114
453.10000 -60.17506 0.73091
453.15000 -60.17403 0.73222
453.20000 -60.17194 0.73128
453.25000 -60.17268 0.73020
453.30000 -60.17157 0.73085
453.35000 -60.16947 0.73060
453.40000 -60.17157 0.73052
453.45000 -60.17054 0.72696
453.50000 -60.17428 0.72859
453.55000 -60.17420 0.73139
453.60000 -60.16799 0.73012
453.65000 -60.17050 0.72906
453.70000 -60.17050 0.73038
453.75000 -60.17144 0.72835
453.80000 -60.16947 0.72838
453.85000 -60.17136 0.72943
453.90000 -60.17383 0.73053
453.95000 -60.17370 0.73118
454.00000 -60.17165 0.72925
454.05000 -60.17292 0.72910
454.10000 -60.17539 0.72950
454.15000 -60.17272 0.73047
454.20000 -60.17033 0.73349
454.25000 -60.17251 0.73044
454.30000 -60.17296 0.73040
454.35000 -60.17531 0.72953
454.40000 -60.17272 0.73036
454.45000 -60.17235 0.73174
454.50000 -60.17070 0.73155
454.55000 -60.16840 0.73195
454.60000 -60.16976 0.73070
454.65000 -60.17091 0.73216
454.70000 -60.16766 0.73346
454.75000 -60.16885 0.73239
454.80000 -60.17362 0.73346
454.85000 -60.17576 0.73158
454.90000 -60.17144 0.73205
454.95000 -60.17383 0.72978
455.00000 -60.17333 0.72984
455.05000 -60.16996 0.73386
455.10000 -60.17005 0.73094
455.15000 -60.17206 0.72928
455.20000 -60.17329 0.73051
455.25000 -60.17268 0.73165
455.30000 -60.17473 0.73208
455.35000 -60.17243 0.73126
455.40000 -60.17111 0.72919
455.45000 -60.17453 0.73059
455.50000 -60.17000 0.72899
455.55000 -60.16910 0.73046
455.60000 -60.17185 0.73242
455.65000 -60.17481 0.73180
455.70000 -60.17547 0.73513
455.75000 -60.17494 0.73418
455.80000 -60.17206 0.73375
455.85000 -60.17411 0.73229
455.90000 -60.17453 0.73320
455.95000 -60.17309 0.73314
456.00000 -60.17403 0.73117
456.05000 -60.17777 0.72998
456.10000 -60.17555 0.73246
456.15000 -60.17461 0.73166
456.20000 -60.17720 0.73326
456.25000 -60.17892 0.73402
456.30000 -60.17522 0.73287
456.35000 -60.17358 0.73403
456.40000 -60.17124 0.73444
456.45000 -60.17259 0.73139
456.50000 -60.17309 0.73286
456.55000 -60.17399 0.73242
456.60000 -60.17465 0.72711
456.65000 -60.17317 0.73404
456.70000 -60.16733 0.73040
456.75000 -60.16955 0.73385
456.80000 -60.16840 0.73165
456.85000 -60.16470 0.73404
456.90000 -60.16351 0.73113
456.95000 -60.16557 0.72776
457.00000 -60.16676 0.72977
457.05000 -60.16696 0.73272
457.10000 -60.16540 0.73039
457.15000 -60.16709 0.73305
457.20000 -60.16643 0.73388
457.25000 -60.16602 0.73352
457.30000 -60.16392 0.73209
457.35000 -60.16351 0.73091
457.40000 -60.16446 0.73030
457.45000 -60.16240 0.73077
457.50000 -60.16219 0.73380
457.55000 -60.16174 0.73497
457.60000 -60.16096 0.73500
457.65000 -60.15911 0.73444
457.70000 -60.15969 0.73135
457.75000 -60.15800 0.73312
457.80000 -60.15734 0.73406
457.85000 -60.16006 0.73444
457.90000 -60.15817 0.73481
457.95000 -60.15484 0.73277
458.00000 -60.15697 0.73059
458.05000 -60.15792 0.72993
458.10000 -60.15878 0.73185
458.15000 -60.16006 0.73139
458.20000 -60.15722 0.73221
458.25000 -60.15882 0.73609
458.30000 -60.16154 0.73517
458.35000 -60.15965 0.73147
458.40000 -60.15825 0.73055
458.45000 -60.15652 0.73369
458.50000 -60.15784 0.73358
458.55000 -60.15919 0.73394
458.60000 -60.15813 0.73196
458.65000 -60.15882 0.73066
458.70000 -60.15907 0.72786
458.75000 -60.15632 0.73087
458.80000 -60.15652 0.73152
458.85000 -60.15652 0.72869
458.90000 -60.15854 0.72910
458.95000 -60.15800 0.72726
459.00000 -60.15845 0.73075
459.05000 -60.15582 0.73171
459.10000 -60.15212 0.73072
459.15000 -60.15603 0.73141
459.20000 -60.15644 0.72895
459.25000 -60.15541 0.72990
459.30000 -60.15410 0.72749
459.35000 -60.15615 0.72670
459.40000 -60.15438 0.72825
459.45000 -60.15052 0.72844
459.50000 -60.15599 0.73087
459.55000 -60.15665 0.73098
459.60000 -60.15381 0.73057
459.65000 -60.15500 0.73032
459.70000 -60.15332 0.73056
459.75000 -60.15771 0.72915
459.80000 -60.15562 0.73176
459.85000 -60.15603 0.72999
459.90000 -60.15710 0.73027
459.95000 -60.15821 0.73413
460.00000 -60.15977 0.73163
460.05000 -60.15776 0.73161
460.10000 -60.15607 0.73107
460.15000 -60.15525 0.72918
460.20000 -60.15771 0.72589
460.25000 -60.15948 0.72887
460.30000 -60.15837 0.72815
460.35000 -60.15743 0.72574
460.40000 -60.15989 0.72848
460.45000 -60.15619 0.72480
460.50000 -60.16047 0.72509
460.55000 -60.15813 0.72579
460.60000 -60.15545 0.72860
460.65000 -60.15492 0.73061
460.70000 -60.15295 0.72838
460.75000 -60.15032 0.72765
460.80000 -60.15722 0.72455
460.85000 -60.15463 0.72597
460.90000 -60.15681 0.72549
460.95000 -60.15726 0.72636
461.00000 -60.15430 0.72782
461.05000 -60.16084 0.73106
461.10000 -60.15969 0.72819
461.15000 -60.15882 0.72694
461.20000 -60.15800 0.73195
461.25000 -60.15845 0.72955
461.30000 -60.15977 0.73008
461.35000 -60.15985 0.72772
461.40000 -60.16211 0.72982
461.45000 -60.15730 0.73005
461.50000 -60.16113 0.73165
461.55000 -60.15903 0.73283
461.60000 -60.16199 0.73184
461.65000 -60.16006 0.73075
461.70000 -60.16228 0.73234
461.75000 -60.15948 0.73079
461.80000 -60.15874 0.73392
461.85000 -60.16067 0.73060
461.90000 -60.16059 0.73336
461.95000 -60.16396 0.73272
462.00000 -60.16141 0.73114
462.05000 -60.16302 0.73035
462.10000 -60.16458 0.73188
462.15000 -60.16343 0.73203
462.20000 -60.16277 0.73606
462.25000 -60.16548 0.73067
462.30000 -60.16536 0.73221
462.35000 -60.16733 0.73361
462.40000 -60.16417 0.73038
462.45000 -60.16355 0.72941
462.50000 -60.16207 0.72996
462.55000 -60.16417 0.73030
462.60000 -60.16339 0.73003
462.65000 -60.16256 0.73043
462.70000 -60.15611 0.73050
462.75000 -60.15924 0.72710
462.80000 -60.16096 0.72673
462.85000 -60.16125 0.72746
462.90000 -60.16565 0.72798
462.95000 -60.16474 0.72795
463.00000 -60.16067 0.72818
463.05000 -60.16080 0.72952
463.10000 -60.16548 0.73370
463.15000 -60.16577 0.72868
463.20000 -60.16351 0.72963
463.25000 -60.16224 0.73227
463.30000 -60.16010 0.73362
463.35000 -60.16141 0.72876
463.40000 -60.16458 0.73298
463.45000 -60.16010 0.73443
463.50000 -60.16063 0.73580
463.55000 -60.15977 0.73713
463.60000 -60.16228 0.73481
463.65000 -60.16256 0.73441
463.70000 -60.16104 0.73199
463.75000 -60.16154 0.73198
463.80000 -60.15644 0.73432
463.85000 -60.15973 0.73263
463.90000 -60.15726 0.73333
463.95000 -60.15841 0.73183
464.00000 -60.15767 0.73022
464.05000 -60.16059 0.73108
464.10000 -60.15771 0.73346
464.15000 -60.15993 0.73095
464.20000 -60.16043 0.73271
464.25000 -60.15956 0.73356
464.30000 -60.15862 0.73252
464.35000 -60.16330 0.73609
464.40000 -60.15882 0.72942
464.45000 -60.15841 0.73420
464.50000 -60.15981 0.73332
464.55000 -60.15817 0.72782
464.60000 -60.16051 0.73069
464.65000 -60.16121 0.72925
464.70000 -60.15899 0.73229
464.75000 -60.15788 0.73312
464.80000 -60.15788 0.72952
464.85000 -60.15993 0.73147
464.90000 -60.16010 0.73232
464.95000 -60.15780 0.72936
465.00000 -60.15776 0.73261
465.05000 -60.15989 0.73052
465.10000 -60.15693 0.73090
465.15000 -60.15977 0.73033
465.20000 -60.15874 0.72831
465.25000 -60.15985 0.73264
465.30000 -60.16022 0.73274
465.35000 -60.15788 0.73119
465.40000 -60.16022 0.73177
465.45000 -60.15714 0.73421
465.50000 -60.15763 0.73196
465.55000 -60.15961 0.72819
465.60000 -60.15792 0.73227
465.65000 -60.15623 0.73109
465.70000 -60.15558 0.73127
465.75000 -60.15734 0.72902
465.80000 -60.15702 0.73296
465.85000 -60.15549 0.73093
465.90000 -60.15739 0.72937
465.95000 -60.15463 0.72655
466.00000 -60.15184 0.72798
466.05000 -60.15155 0.72888
466.10000 -60.15134 0.73282
466.15000 -60.15073 0.72807
466.20000 -60.15163 0.72711
466.25000 -60.15340 0.72702
466.30000 -60.14949 0.72692
466.35000 -60.15110 0.72806
466.40000 -60.15048 0.72909
466.45000 -60.14921 0.72895
466.50000 -60.14912 0.73025
466.55000 -60.14949 0.73026
466.60000 -60.14995 0.72912
466.65000 -60.15155 0.72802
466.70000 -60.15484 0.72762
466.75000 -60.14962 0.72811
466.80000 -60.14793 0.73055
466.85000 -60.14534 0.73160
466.90000 -60.15048 0.72942
466.95000 -60.14810 0.73110
467.00000 -60.14904 0.73147
467.05000 -60.15015 0.73202
467.10000 -60.15015 0.73140
467.15000 -60.14666 0.73055
467.20000 -60.14875 0.72834
467.25000 -60.14805 0.72976
467.30000 -60.14916 0.73211
467.35000 -60.15118 0.73024
467.40000 -60.14793 0.73209
467.45000 -60.14604 0.73114
467.50000 -60.14900 0.73152
467.55000 -60.14814 0.72887
467.60000 -60.15077 0.72813
467.65000 -60.15184 0.73142
467.70000 -60.14604 0.72955
467.75000 -60.14485 0.72900
467.80000 -60.14567 0.72995
467.85000 -60.14703 0.72746
467.90000 -60.14847 0.72863
467.95000 -60.14962 0.73047
468.00000 -60.14834 0.72795
468.05000 -60.14953 0.72759
468.10000 -60.14986 0.73023
468.15000 -60.14888 0.72708
468.20000 -60.14629 0.72880
468.25000 -60.14781 0.73073
468.30000 -60.14744 0.72765
468.35000 -60.14773 0.73089
468.40000 -60.14649 0.73070
468.45000 -60.14723 0.73050
468.50000 -60.15073 0.72969
468.55000 -60.14723 0.73185
468.60000 -60.14510 0.73202
468.65000 -60.14773 0.73361
468.70000 -60.14736 0.73433
468.75000 -60.14115 0.72909
468.80000 -60.14719 0.73189
468.85000 -60.14653 0.73129
468.90000 -60.14900 0.72970
468.95000 -60.14884 0.73051
469.00000 -60.14810 0.73042
469.05000 -60.14694 0.73099
469.10000 -60.14711 0.73061
469.15000 -60.14789 0.73046
469.20000 -60.14789 0.72956
469.25000 -60.14608 0.73047
469.30000 -60.14744 0.73186
469.35000 -60.14748 0.73071
469.40000 -60.14464 0.73185
469.45000 -60.14723 0.72916
469.50000 -60.14851 0.72796
469.55000 -60.14810 0.72693
469.60000 -60.14781 0.72996
469.65000 -60.15069 0.73121
469.70000 -60.14879 0.73240
469.75000 -60.14584 0.73314
469.80000 -60.14464 0.73092
469.85000 -60.14740 0.72928
469.90000 -60.15122 0.72866
469.95000 -60.15032 0.72949
470.00000 -60.14645 0.73065
470.05000 -60.15217 0.72781
470.10000 -60.14822 0.72920
470.15000 -60.14719 0.73135
470.20000 -60.14921 0.72958
470.25000 -60.14949 0.72889
470.30000 -60.14962 0.72807
470.35000 -60.14896 0.72621
470.40000 -60.14723 0.72873
470.45000 -60.14604 0.72847
470.50000 -60.15060 0.72890
470.55000 -60.14921 0.72739
470.60000 -60.14826 0.72906
470.65000 -60.15130 0.72923
470.70000 -60.14995 0.72787
470.75000 -60.14764 0.72625
470.80000 -60.14723 0.72657
470.85000 -60.15081 0.72820
470.90000 -60.14986 0.73094
470.95000 -60.14867 0.72860
471.00000 -60.14838 0.72652
471.05000 -60.14653 0.72884
471.10000 -60.14842 0.72682
471.15000 -60.15093 0.72379
471.20000 -60.15138 0.72531
471.25000 -60.14674 0.72666
471.30000 -60.14986 0.72776
471.35000 -60.15015 0.73128
471.40000 -60.14884 0.72788
471.45000 -60.14600 0.72926
471.50000 -60.14612 0.72940
471.55000 -60.14608 0.73115
471.60000 -60.14703 0.72681
471.65000 -60.15077 0.72788
471.70000 -60.14892 0.72963
471.75000 -60.14764 0.72707
471.80000 -60.14600 0.72589
471.85000 -60.14941 0.72787
471.90000 -60.14970 0.73012
471.95000 -60.14773 0.72965
472.00000 -60.14386 0.73034
472.05000 -60.14481 0.72928
472.10000 -60.14349 0.73079
472.15000 -60.14731 0.73202
472.20000 -60.14958 0.73247
472.25000 -60.14740 0.73511
472.30000 -60.14612 0.73983
472.35000 -60.14501 0.73272
472.40000 -60.15188 0.73085
472.45000 -60.15101 0.73338
472.50000 -60.14929 0.73568
472.55000 -60.14559 0.73974
472.60000 -60.14571 0.73509
472.65000 -60.14756 0.73389
472.70000 -60.14292 0.73431
472.75000 -60.14189 0.73893
472.80000 -60.14218 0.73667
472.85000 -60.14625 0.73584
472.90000 -60.14670 0.73680
472.95000 -60.14879 0.73629
473.00000 -60.14185 0.73443
473.05000 -60.14357 0.73761
473.10000 -60.14407 0.73913
473.15000 -60.14477 0.73701
473.20000 -60.14296 0.73816
473.25000 -60.14686 0.73669
473.30000 -60.14612 0.74041
473.35000 -60.14345 0.73729
473.40000 -60.14444 0.73546
473.45000 -60.14773 0.73849
473.50000 -60.14485 0.73864
473.55000 -60.14575 0.73754
473.60000 -60.14715 0.73944
473.65000 -60.14341 0.73886
473.70000 -60.14452 0.74172
473.75000 -60.14551 0.73785
473.80000 -60.14341 0.73814
473.85000 -60.14477 0.74028
473.90000 -60.14431 0.73882
473.95000 -60.14485 0.74480
474.00000 -60.14394 0.73933
474.05000 -60.14547 0.73634
474.10000 -60.14353 0.74251
474.15000 -60.14662 0.74323
474.20000 -60.14538 0.74112
474.25000 -60.14107 0.74062
474.30000 -60.14394 0.73753
474.35000 -60.14596 0.74017
474.40000 -60.14460 0.74107
474.45000 -60.14436 0.74020
474.50000 -60.14526 0.73893
474.55000 -60.14440 0.74262
474.60000 -60.14559 0.74011
474.65000 -60.14674 0.74136
474.70000 -60.14670 0.73959
474.75000 -60.14781 0.74176
474.80000 -60.14616 0.74143
474.85000 -60.14785 0.74000
474.90000 -60.14666 0.74010
474.95000 -60.14699 0.73772
475.00000 -60.14662 0.74078
475.05000 -60.14863 0.74219
475.10000 -60.14657 0.74014
475.15000 -60.14699 0.73713
475.20000 -60.14567 0.74046
475.25000 -60.14542 0.73601
475.30000 -60.14538 0.73379
475.35000 -60.14518 0.73509
475.40000 -60.14879 0.73170
475.45000 -60.14382 0.73532
475.50000 -60.14440 0.73482
475.55000 -60.14571 0.73357
475.60000 -60.14621 0.73774
475.65000 -60.14608 0.73617
475.70000 -60.14399 0.73346
475.75000 -60.14140 0.73298
475.80000 -60.14510 0.73716
475.85000 -60.14357 0.73486
475.90000 -60.14670 0.73389
475.95000 -60.14682 0.73677
476.00000 -60.14094 0.73499
476.05000 -60.14185 0.72997
476.10000 -60.14736 0.73231
476.15000 -60.14781 0.73455
476.20000 -60.14822 0.73321
476.25000 -60.14723 0.73153
476.30000 -60.14925 0.73001
476.35000 -60.14719 0.72890
476.40000 -60.14436 0.73423
476.45000 -60.14575 0.73357
476.50000 -60.14789 0.73455
476.55000 -60.14571 0.72993
476.60000 -60.14995 0.73259
476.65000 -60.14579 0.73690
476.70000 -60.14752 0.73405
476.75000 -60.14736 0.73471
476.80000 -60.14538 0.73630
476.85000 -60.14505 0.73543
476.90000 -60.14333 0.73203
476.95000 -60.14230 0.73305
477.00000 -60.14271 0.73639
477.05000 -60.14666 0.73661
477.10000 -60.14501 0.73487
477.15000 -60.14707 0.73527
477.20000 -60.14773 0.73684
477.25000 -60.14715 0.73296
477.30000 -60.14879 0.73297
477.35000 -60.14727 0.73473
477.40000 -60.14723 0.73638
477.45000 -60.14518 0.73725
477.50000 -60.14382 0.73336
477.55000 -60.14448 0.72987
477.60000 -60.14625 0.73035
477.65000 -60.14711 0.73637
477.70000 -60.14283 0.73357
477.75000 -60.14456 0.73241
477.80000 -60.14427 0.73562
477.85000 -60.14460 0.73400
477.90000 -60.14423 0.73455
477.95000 -60.14345 0.73654
478.00000 -60.14312 0.73290
478.05000 -60.14522 0.73461
478.10000 -60.14431 0.73498
478.15000 -60.14041 0.73713
478.20000 -60.13987 0.73897
478.25000 -60.13864 0.73775
478.30000 -60.14172 0.73471
478.35000 -60.13881 0.73845
478.40000 -60.14156 0.73702
478.45000 -60.14148 0.74142
478.50000 -60.13860 0.73923
478.55000 -60.13831 0.73898
478.60000 -60.13687 0.73827
478.65000 -60.14140 0.73794
478.70000 -60.13975 0.73665
478.75000 -60.13909 0.73755
478.80000 -60.14082 0.74039
478.85000 -60.14312 0.73950
478.90000 -60.14353 0.73844
478.95000 -60.14242 0.73983
479.00000 -60.14201 0.73925
479.05000 -60.13761 0.74162
479.10000 -60.14000 0.74526
479.15000 -60.14020 0.74428
479.20000 -60.14172 0.74448
479.25000 -60.13914 0.74514
479.30000 -60.13831 0.74087
479.35000 -60.13926 0.74247
479.40000 -60.13971 0.74347
479.45000 -60.14094 0.74424
479.50000 -60.14029 0.74861
479.55000 -60.14127 0.74382
479.60000 -60.13852 0.74483
479.65000 -60.13671 0.74574
479.70000 -60.13609 0.74243
479.75000 -60.13655 0.74455
479.80000 -60.13852 0.74513
479.85000 -60.13967 0.74372
479.90000 -60.13893 0.74611
479.95000 -60.14103 0.74418
480.00000 -60.14131 0.74254
480.05000 -60.13823 0.73921
480.10000 -60.13708 0.74078
480.15000 -60.13979 0.74271
480.20000 -60.14000 0.74077
480.25000 -60.14033 0.74075
480.30000 -60.14016 0.74493
480.35000 -60.14041 0.74446
480.40000 -60.14098 0.74541
480.45000 -60.14242 0.74115
480.50000 -60.14066 0.74120
480.55000 -60.14107 0.74321
480.60000 -60.14111 0.74208
480.65000 -60.14218 0.74237
480.70000 -60.14522 0.74233
480.75000 -60.14242 0.74104
480.80000 -60.14448 0.74076
480.85000 -60.14407 0.74194
480.90000 -60.14427 0.73989
480.95000 -60.14547 0.74066
481.00000 -60.14411 0.73793
481.05000 -60.14592 0.74327
481.10000 -60.14748 0.74405
481.15000 -60.14629 0.74284
481.20000 -60.14616 0.74352
481.25000 -60.14896 0.74499
481.30000 -60.14567 0.74442
481.35000 -60.14896 0.74686
481.40000 -60.14801 0.74050
481.45000 -60.15052 0.74206
481.50000 -60.14542 0.74300
481.55000 -60.14637 0.73984
481.60000 -60.14612 0.74239
481.65000 -60.14588 0.74073
481.70000 -60.14456 0.74071
481.75000 -60.14637 0.74199
481.80000 -60.14694 0.74328
481.85000 -60.14419 0.74300
481.90000 -60.14682 0.74071
481.95000 -60.14686 0.74196
482.00000 -60.14990 0.74152
482.05000 -60.15007 0.74082
482.10000 -60.14970 0.74275
482.15000 -60.15167 0.74180
482.20000 -60.15069 0.74463
482.25000 -60.15011 0.74244
482.30000 -60.15200 0.74228
482.35000 -60.15110 0.74457
482.40000 -60.15085 0.74263
482.45000 -60.15254 0.74580
482.50000 -60.15019 0.74381
482.55000 -60.15315 0.73952
482.60000 -60.15134 0.74344
482.65000 -60.14970 0.74116
482.70000 -60.15241 0.74381
482.75000 -60.15159 0.74137
482.80000 -60.15171 0.74002
482.85000 -60.14937 0.74370
482.90000 -60.15393 0.74346
482.95000 -60.15188 0.74626
483.00000 -60.14789 0.74488
483.05000 -60.14805 0.74526
483.10000 -60.15184 0.74534
483.15000 -60.15385 0.74155
483.20000 -60.15167 0.74603
483.25000 -60.15344 0.74576
483.30000 -60.15303 0.74811
483.35000 -60.14859 0.74887
483.40000 -60.14707 0.74622
483.45000 -60.14867 0.74911
483.50000 -60.15143 0.74857
483.55000 -60.14929 0.74683
483.60000 -60.15291 0.74736
483.65000 -60.15143 0.75295
483.70000 -60.15175 0.74888
483.75000 -60.15356 0.75297
483.80000 -60.15245 0.75069
483.85000 -60.15204 0.74983
483.90000 -60.15118 0.75107
483.95000 -60.15073 0.75164
484.00000 -60.15315 0.75018
484.05000 -60.15307 0.75048
484.10000 -60.15521 0.75059
484.15000 -60.15656 0.75239
484.20000 -60.15595 0.75108
484.25000 -60.15615 0.75273
484.30000 -60.15730 0.75541
484.35000 -60.15623 0.74944
484.40000 -60.15554 0.75156
484.45000 -60.15315 0.75041
484.50000 -60.15574 0.75207
484.55000 -60.15677 0.75243
484.60000 -60.15147 0.75245
484.65000 -60.15578 0.75020
484.70000 -60.15665 0.75143
484.75000 -60.15628 0.74980
484.80000 -60.15200 0.74950
484.85000 -60.15356 0.74926
484.90000 -60.15414 0.74831
484.95000 -60.15866 0.74756
485.00000 -60.15480 0.74896
485.05000 -60.15874 0.74707
485.10000 -60.15570 0.74908
485.15000 -60.15743 0.74668
485.20000 -60.16096 0.74772
485.25000 -60.16063 0.74690
485.30000 -60.16063 0.75000
485.35000 -60.15813 0.74654
485.40000 -60.15854 0.74983
485.45000 -60.15829 0.75052
485.50000 -60.15780 0.74971
485.55000 -60.15615 0.74696
485.60000 -60.15734 0.74581
485.65000 -60.15467 0.75014
485.70000 -60.15985 0.74927
485.75000 -60.15623 0.75139
485.80000 -60.15545 0.74766
485.85000 -60.15730 0.74862
485.90000 -60.15599 0.74865
485.95000 -60.15582 0.74952
486.00000 -60.15759 0.74875
486.05000 -60.15697 0.74956
486.10000 -60.15586 0.74770
486.15000 -60.16154 0.74509
486.20000 -60.15673 0.74878
486.25000 -60.15841 0.74611
486.30000 -60.15665 0.74634
486.35000 -60.15475 0.74936
486.40000 -60.15574 0.75160
486.45000 -60.15940 0.75180
486.50000 -60.15989 0.75289
486.55000 -60.16047 0.75083
486.60000 -60.16047 0.75118
486.65000 -60.15919 0.75007
486.70000 -60.16076 0.75258
486.75000 -60.16010 0.75373
486.80000 -60.15800 0.75202
486.85000 -60.15767 0.75365
486.90000 -60.15710 0.75485
486.95000 -60.15755 0.75551
487.00000 -60.15706 0.75082
487.05000 -60.15915 0.75282
487.10000 -60.15751 0.75590
487.15000 -60.16236 0.75445
487.20000 -60.16137 0.75694
487.25000 -60.15936 0.75576
487.30000 -60.15706 0.75876
487.35000 -60.15685 0.75710
487.40000 -60.15307 0.75720
487.45000 -60.15426 0.75930
487.50000 -60.15373 0.76018
487.55000 -60.15595 0.75819
487.60000 -60.15891 0.75974
487.65000 -60.15702 0.75972
487.70000 -60.15545 0.76020
487.75000 -60.15286 0.76218
487.80000 -60.15434 0.76108
487.85000 -60.15582 0.75934
487.90000 -60.15315 0.76067
487.95000 -60.15574 0.76253
488.00000 -60.15069 0.76090
488.05000 -60.15578 0.75955
488.10000 -60.15364 0.75892
488.15000 -60.15681 0.76169
488.20000 -60.15541 0.75915
488.25000 -60.15751 0.75531
488.30000 -60.15200 0.75853
488.35000 -60.15438 0.75855
488.40000 -60.15340 0.75859
488.45000 -60.15837 0.75806
488.50000 -60.15685 0.75671
488.55000 -60.15385 0.75702
488.60000 -60.15825 0.76106
488.65000 -60.15410 0.75839
488.70000 -60.15443 0.75930
488.75000 -60.15422 0.75925
488.80000 -60.15401 0.75882
488.85000 -60.15373 0.75593
488.90000 -60.15262 0.75758
488.95000 -60.15438 0.75672
489.00000 -60.15422 0.75960
489.05000 -60.15508 0.75674
489.10000 -60.15702 0.75487
489.15000 -60.15517 0.75611
489.20000 -60.15291 0.75841
489.25000 -60.15249 0.75637
489.30000 -60.15771 0.75746
489.35000 -60.15710 0.75552
489.40000 -60.15443 0.75683
489.45000 -60.15693 0.75868
489.50000 -60.15973 0.75346
489.55000 -60.15817 0.75509
489.60000 -60.15685 0.75479
489.65000 -60.15751 0.75470
489.70000 -60.16076 0.75178
489.75000 -60.15660 0.75475
489.80000 -60.15796 0.75536
489.85000 -60.15714 0.75307
489.90000 -60.16014 0.75358
489.95000 -60.15488 0.75403
490.00000 -60.15993 0.75685
490.05000 -60.15965 0.75617
490.10000 -60.15825 0.75517
490.15000 -60.16051 0.75644
490.20000 -60.15985 0.75895
490.25000 -60.16261 0.75785
490.30000 -60.16162 0.75937
490.35000 -60.16359 0.75848
490.40000 -60.16166 0.75639
490.45000 -60.16219 0.75589
490.50000 -60.16339 0.75831
490.55000 -60.16421 0.75840
490.60000 -60.16717 0.76056
490.65000 -60.16421 0.75606
490.70000 -60.16487 0.75511
490.75000 -60.16289 0.75942
490.80000 -60.16215 0.75743
490.85000 -60.16462 0.75768
490.90000 -60.16462 0.75683
490.95000 -60.16335 0.75470
491.00000 -60.16203 0.75555
491.05000 -60.16265 0.75914
491.10000 -60.16515 0.75748
491.15000 -60.16166 0.75574
491.20000 -60.16446 0.75595
491.25000 -60.16236 0.75258
491.30000 -60.16433 0.75838
491.35000 -60.15977 0.75791
491.40000 -60.16326 0.75600
491.45000 -60.16022 0.75597
491.50000 -60.16388 0.75503
491.55000 -60.16314 0.75660
491.60000 -60.16108 0.75914
491.65000 -60.15977 0.75569
491.70000 -60.15771 0.75347
491.75000 -60.15932 0.75715
491.80000 -60.15632 0.75903
491.85000 -60.15961 0.75635
491.90000 -60.16154 0.75252
491.95000 -60.16047 0.75503
492.00000 -60.16059 0.75556
492.05000 -60.16314 0.75610
492.10000 -60.16187 0.75451
492.15000 -60.16293 0.75441
492.20000 -60.16289 0.75453
492.25000 -60.15948 0.75301
492.30000 -60.16018 0.75689
492.35000 -60.16269 0.75555
492.40000 -60.15932 0.75390
492.45000 -60.16108 0.75313
492.50000 -60.15578 0.75347
492.55000 -60.15829 0.75377
492.60000 -60.15862 0.75434
492.65000 -60.16010 0.75418
492.70000 -60.15780 0.75374
492.75000 -60.15541 0.75439
492.80000 -60.15611 0.75460
492.85000 -60.15640 0.75583
492.90000 -60.15640 0.75626
492.95000 -60.15451 0.75643
493.00000 -60.15175 0.75540
493.05000 -60.15299 0.75469
493.10000 -60.15307 0.75498
493.15000 -60.15496 0.75778
493.20000 -60.15508 0.75696
493.25000 -60.15492 0.75536
493.30000 -60.15739 0.75667
493.35000 -60.15607 0.75598
493.40000 -60.15549 0.75652
493.45000 -60.15459 0.75849
493.50000 -60.15648 0.75700
493.55000 -60.15521 0.75471
493.60000 -60.15734 0.75834
493.65000 -60.15541 0.75442
493.70000 -60.15521 0.75973
493.75000 -60.15418 0.75514
493.80000 -60.15291 0.75524
493.85000 -60.15710 0.75635
493.90000 -60.15747 0.75500
493.95000 -60.15833 0.75750
494.00000 -60.15961 0.75640
494.05000 -60.15932 0.75537
494.10000 -60.16071 0.75813
494.15000 -60.15973 0.75634
494.20000 -60.16137 0.75710
494.25000 -60.15410 0.75475
494.30000 -60.15681 0.75596
494.35000 -60.16055 0.76048
494.40000 -60.15595 0.75747
494.45000 -60.15554 0.75778
494.50000 -60.15784 0.76034
494.55000 -60.15706 0.75917
494.60000 -60.15743 0.75742
494.65000 -60.15969 0.75820
494.70000 -60.15611 0.75835
494.75000 -60.15636 0.75864
494.80000 -60.15878 0.75562
494.85000 -60.15936 0.75586
494.90000 -60.15739 0.75607
494.95000 -60.15726 0.75537
495.00000 -60.15586 0.75588
495.05000 -60.15660 0.75538
495.10000 -60.15570 0.75547
495.15000 -60.15792 0.75570
495.20000 -60.15307 0.75688
495.25000 -60.15578 0.75640
495.30000 -60.15512 0.75738
495.35000 -60.15697 0.75871
495.40000 -60.15434 0.75713
495.45000 -60.15348 0.75878
495.50000 -60.15332 0.75491
495.55000 -60.15406 0.76171
495.60000 -60.15422 0.75912
495.65000 -60.15410 0.76076
495.70000 -60.15525 0.75557
495.75000 -60.15508 0.75952
495.80000 -60.15241 0.76089
495.85000 -60.15348 0.75762
495.90000 -60.15726 0.75891
495.95000 -60.15217 0.76395
496.00000 -60.15118 0.76347
496.05000 -60.15159 0.76174
496.10000 -60.15159 0.76575
496.15000 -60.15023 0.76097
496.20000 -60.15064 0.76421
496.25000 -60.15118 0.76537
496.30000 -60.15011 0.76216
496.35000 -60.15369 0.76145
496.40000 -60.15537 0.76279
496.45000 -60.15073 0.76269
496.50000 -60.15422 0.76472
496.55000 -60.15496 0.76275
496.60000 -60.15373 0.75981
496.65000 -60.15270 0.76203
496.70000 -60.15681 0.76225
496.75000 -60.15636 0.76396
496.80000 -60.15611 0.76331
496.85000 -60.15636 0.76303
496.90000 -60.15628 0.76300
496.95000 -60.15780 0.76195
497.00000 -60.15447 0.76329
497.05000 -60.15282 0.76283
497.10000 -60.15221 0.76141
497.15000 -60.15430 0.76046
497.20000 -60.15319 0.76230
497.25000 -60.15665 0.76105
497.30000 -60.15455 0.75948
497.35000 -60.15069 0.76302
497.40000 -60.15274 0.75940
497.45000 -60.15504 0.75772
497.50000 -60.15377 0.76315
497.55000 -60.15459 0.76095
497.60000 -60.15118 0.76194
497.65000 -60.15217 0.75953
497.70000 -60.15163 0.75668
497.75000 -60.15438 0.76127
497.80000 -60.15332 0.76283
497.85000 -60.15052 0.75771
497.90000 -60.15167 0.75902
497.95000 -60.15175 0.76142
498.00000 -60.15258 0.76216
498.05000 -60.15225 0.76018
498.10000 -60.15044 0.76331
498.15000 -60.15159 0.76102
498.20000 -60.15196 0.76105
498.25000 -60.14793 0.76348
498.30000 -60.15023 0.76116
498.35000 -60.15077 0.76002
498.40000 -60.15044 0.76347
498.45000 -60.15081 0.76189
498.50000 -60.15081 0.76006
498.55000 -60.15036 0.75927
498.60000 -60.15184 0.75856
498.65000 -60.14830 0.76242
498.70000 -60.14937 0.75685
498.75000 -60.15274 0.76100
498.80000 -60.15027 0.75885
498.85000 -60.15221 0.75925
498.90000 -60.15278 0.76296
498.95000 -60.15056 0.76384
499.00000 -60.14916 0.76184
499.05000 -60.15126 0.76177
499.10000 -60.14842 0.75892
499.15000 -60.14694 0.75872
499.20000 -60.14892 0.75970
499.25000 -60.14949 0.76055
499.30000 -60.14641 0.76125
499.35000 -60.14641 0.76123
499.40000 -60.14859 0.76131
499.45000 -60.14953 0.75985
499.50000 -60.15032 0.75957
499.55000 -60.14789 0.76039
499.60000 -60.14904 0.76205
499.65000 -60.14818 0.76048
499.70000 -60.14588 0.76097
499.75000 -60.14522 0.75928
499.80000 -60.14752 0.75773
499.85000 -60.14649 0.75784
499.90000 -60.14756 0.75458
499.95000 -60.14937 0.75616
500.00000 -60.14760 0.75705
500.05000 -60.14768 0.75845
500.10000 -60.14440 0.75770
500.15000 -60.14357 0.75710
500.20000 -60.14263 0.75698
500.25000 -60.14670 0.75522
500.30000 -60.14694 0.75666
500.35000 -60.14805 0.75794
500.40000 -60.15044 0.75539
500.45000 -60.15266 0.75668
500.50000 -60.15138 0.75771
500.55000 -60.15126 0.75649
500.60000 -60.14999 0.75895
500.65000 -60.14785 0.75641
500.70000 -60.15097 0.75612
500.75000 -60.15134 0.75890
500.80000 -60.14785 0.75990
500.85000 -60.14958 0.75586
500.90000 -60.15036 0.75957
500.95000 -60.15188 0.76328
501.00000 -60.15385 0.76275
501.05000 -60.15323 0.76273
501.10000 -60.15307 0.76182
501.15000 -60.15077 0.76109
501.20000 -60.14851 0.75951
501.25000 -60.14847 0.76135
501.30000 -60.15015 0.76350
501.35000 -60.15225 0.75950
501.40000 -60.15286 0.76267
501.45000 -60.15295 0.76437
501.50000 -60.15262 0.76276
501.55000 -60.14888 0.76110
501.60000 -60.14834 0.75944
501.65000 -60.15155 0.76096
501.70000 -60.14867 0.75865
501.75000 -60.14995 0.76173
501.80000 -60.15237 0.75845
501.85000 -60.15093 0.75848
501.90000 -60.15332 0.76107
501.95000 -60.15069 0.76318
502.00000 -60.14847 0.76173
502.05000 -60.14962 0.76226
502.10000 -60.14945 0.75841
502.15000 -60.15060 0.75981
502.20000 -60.15143 0.76218
502.25000 -60.15188 0.76261
502.30000 -60.15077 0.75949
502.35000 -60.15159 0.76010
502.40000 -60.15114 0.76105
502.45000 -60.15007 0.76399
502.50000 -60.15027 0.76257
502.55000 -60.15434 0.75912
502.60000 -60.15270 0.76176
502.65000 -60.15422 0.76140
502.70000 -60.15570 0.75994
502.75000 -60.15640 0.75859
502.80000 -60.15291 0.76057
502.85000 -60.15319 0.75833
502.90000 -60.15385 0.76067
502.95000 -60.15323 0.76093
503.00000 -60.15430 0.75909
503.05000 -60.15364 0.75828
503.10000 -60.15249 0.76341
503.15000 -60.15512 0.76044
503.20000 -60.15348 0.76025
503.25000 -60.15574 0.76267
503.30000 -60.15512 0.76260
503.35000 -60.15455 0.75837
503.40000 -60.15640 0.75850
503.45000 -60.15373 0.75735
503.50000 -60.15319 0.75694
503.55000 -60.15344 0.75940
503.60000 -60.15611 0.76093
503.65000 -60.15529 0.76310
503.70000 -60.15221 0.76450
503.75000 -60.15286 0.76218
503.80000 -60.15221 0.76772
503.85000 -60.15237 0.76370
503.90000 -60.15114 0.76467
503.95000 -60.14884 0.76255
504.00000 -60.14978 0.75921
504.05000 -60.15356 0.76232
504.10000 -60.15258 0.75959
504.15000 -60.15134 0.75992
504.20000 -60.15159 0.76001
504.25000 -60.15060 0.76035
504.30000 -60.15356 0.75595
504.35000 -60.15545 0.76067
504.40000 -60.15525 0.75811
504.45000 -60.15734 0.76045
504.50000 -60.15241 0.76034
504.55000 -60.15295 0.75857
504.60000 -60.15644 0.75783
504.65000 -60.15710 0.75654
504.70000 -60.15611 0.75713
504.75000 -60.15858 0.75523
504.80000 -60.15743 0.75509
504.85000 -60.15718 0.75531
504.90000 -60.16043 0.75745
504.95000 -60.15623 0.75596
505.00000 -60.15940 0.75420
505.05000 -60.15944 0.75502
505.10000 -60.15808 0.75523
505.15000 -60.15734 0.75640
505.20000 -60.15784 0.75837
505.25000 -60.15845 0.75779
505.30000 -60.15825 0.75436
505.35000 -60.15702 0.75371
505.40000 -60.15595 0.75533
505.45000 -60.15771 0.75741
505.50000 -60.15562 0.75464
505.55000 -60.15821 0.75407
505.60000 -60.15866 0.75669
505.65000 -60.15956 0.75664
505.70000 -60.15845 0.75866
505.75000 -60.15767 0.75604
505.80000 -60.15932 0.75621
505.85000 -60.15562 0.75623
505.90000 -60.15895 0.75429
505.95000 -60.16145 0.75583
506.00000 -60.16080 0.75486
506.05000 -60.15722 0.75691
506.10000 -60.15722 0.75331
506.15000 -60.15722 0.75578
506.20000 -60.15763 0.75749
506.25000 -60.15714 0.75566
506.30000 -60.15660 0.75420
506.35000 -60.15850 0.75399
506.40000 -60.15878 0.75539
506.45000 -60.15817 0.75196
506.50000 -60.15858 0.75035
506.55000 -60.15669 0.75195
506.60000 -60.15825 0.75240
506.65000 -60.15743 0.75418
506.70000 -60.15697 0.75074
506.75000 -60.15652 0.75205
506.80000 -60.15693 0.75297
506.85000 -60.15385 0.75229
506.90000 -60.15734 0.75491
506.95000 -60.15796 0.75911
507.00000 -60.15385 0.75453
507.05000 -60.15549 0.75423
507.10000 -60.15340 0.75625
507.15000 -60.15570 0.75601
507.20000 -60.15656 0.75815
507.25000 -60.15467 0.75920
507.30000 -60.15512 0.75650
507.35000 -60.15549 0.75906
507.40000 -60.15188 0.75798
507.45000 -60.15278 0.75851
507.50000 -60.14879 0.76111
507.55000 -60.15019 0.75872
507.60000 -60.15241 0.75923
507.65000 -60.15311 0.76067
507.70000 -60.15364 0.76148
507.75000 -60.15138 0.76025
507.80000 -60.15315 0.75863
507.85000 -60.15032 0.75866
507.90000 -60.15089 0.75939
507.95000 -60.15245 0.75936
508.00000 -60.15196 0.75868
508.05000 -60.15200 0.75854
508.10000 -60.15311 0.75707
508.15000 -60.15056 0.75628
508.20000 -60.15023 0.75639
508.25000 -60.15356 0.75577
508.30000 -60.15184 0.75692
508.35000 -60.15003 0.75779
508.40000 -60.15069 0.75842
508.45000 -60.15266 0.76028
508.50000 -60.15480 0.75686
508.55000 -60.15278 0.75932
508.60000 -60.15295 0.75579
508.65000 -60.15093 0.75390
508.70000 -60.15373 0.75656
508.75000 -60.14962 0.75339
508.80000 -60.14818 0.75292
508.85000 -60.15106 0.75700
508.90000 -60.15126 0.75263
508.95000 -60.15122 0.75451
509.00000 -60.15167 0.75246
509.05000 -60.15130 0.75673
509.10000 -60.15430 0.75340
509.15000 -60.15081 0.75462
509.20000 -60.15175 0.75654
509.25000 -60.15295 0.75699
509.30000 -60.15282 0.75309
509.35000 -60.15549 0.75493
509.40000 -60.15480 0.75415
509.45000 -60.15175 0.75379
509.50000 -60.15085 0.75303
509.55000 -60.15360 0.75569
509.60000 -60.15192 0.75692
509.65000 -60.14875 0.75430
509.70000 -60.15332 0.75452
509.75000 -60.14941 0.75481
509.80000 -60.15163 0.75405
509.85000 -60.15249 0.75316
509.90000 -60.15155 0.75567
509.95000 -60.15060 0.75424
510.00000 -60.14937 0.75416
510.05000 -60.14949 0.75478
510.10000 -60.15192 0.75768
510.15000 -60.15323 0.75389
510.20000 -60.15052 0.75932
510.25000 -60.14859 0.75537
510.30000 -60.15040 0.75669
510.35000 -60.15044 0.75847
510.40000 -60.15093 0.75572
510.45000 -60.14855 0.75900
510.50000 -60.15360 0.75963
510.55000 -60.15056 0.75863
510.60000 -60.15237 0.75915
510.65000 -60.15163 0.76213
510.70000 -60.15389 0.75822
510.75000 -60.15254 0.75545
510.80000 -60.15163 0.75601
510.85000 -60.15122 0.75822
510.90000 -60.15126 0.75609
510.95000 -60.15364 0.75698
511.00000 -60.15533 0.75610
511.05000 -60.15434 0.75737
511.10000 -60.15512 0.75750
511.15000 -60.15438 0.75470
511.20000 -60.15615 0.75447
511.25000 -60.15508 0.75361
511.30000 -60.15455 0.75755
511.35000 -60.15475 0.75358
511.40000 -60.15237 0.75436
511.45000 -60.15303 0.75277
511.50000 -60.15475 0.75205
511.55000 -60.15628 0.75281
511.60000 -60.15504 0.75480
511.65000 -60.15225 0.75497
511.70000 -60.15500 0.75619
511.75000 -60.15734 0.75487
511.80000 -60.15689 0.75680
511.85000 -60.15488 0.75483
511.90000 -60.15648 0.75760
511.95000 -60.15813 0.75539
512.00000 -60.15632 0.75105
512.05000 -60.15591 0.75028
512.10000 -60.15056 0.75382
512.15000 -60.15582 0.75159
512.20000 -60.15866 0.75536
512.25000 -60.15500 0.75485
512.30000 -60.15677 0.75284
512.35000 -60.15521 0.75547
512.40000 -60.15418 0.75473
512.45000 -60.15451 0.75685
512.50000 -60.15426 0.75315
512.55000 -60.15401 0.75054
512.60000 -60.15175 0.75342
512.65000 -60.15718 0.75333
512.70000 -60.15525 0.75070
512.75000 -60.15315 0.75421
512.80000 -60.14978 0.75482
512.85000 -60.15463 0.74992
512.90000 -60.15348 0.75324
512.95000 -60.15406 0.74971
513.00000 -60.15295 0.75064
513.05000 -60.15447 0.75195
513.10000 -60.15451 0.75546
513.15000 -60.15730 0.75669
513.20000 -60.15989 0.75330
513.25000 -60.16100 0.75420
513.30000 -60.15763 0.75136
513.35000 -60.15718 0.75491
513.40000 -60.15734 0.75430
513.45000 -60.15393 0.75505
513.50000 -60.15714 0.75376
513.55000 -60.15529 0.75266
513.60000 -60.15706 0.75190
513.65000 -60.15751 0.75251
513.70000 -60.16026 0.75419
513.75000 -60.15434 0.75095
513.80000 -60.15443 0.75033
513.85000 -60.15064 0.75119
513.90000 -60.15685 0.75154
513.95000 -60.15360 0.74963
514.00000 -60.15315 0.75045
514.05000 -60.15134 0.75190
514.10000 -60.15155 0.75029
514.15000 -60.15299 0.74827
514.20000 -60.15410 0.74998
514.25000 -60.15648 0.74812
514.30000 -60.15541 0.74768
514.35000 -60.15389 0.74514
514.40000 -60.15389 0.74295
514.45000 -60.15274 0.74341
514.50000 -60.15188 0.74341
514.55000 -60.15130 0.74675
514.60000 -60.15512 0.74186
514.65000 -60.15500 0.74342
514.70000 -60.15644 0.74207
514.75000 -60.15521 0.74568
514.80000 -60.15475 0.74062
514.85000 -60.15582 0.74000
514.90000 -60.15911 0.74082
514.95000 -60.15911 0.73900
515.00000 -60.15640 0.74091
515.05000 -60.15541 0.73845
515.10000 -60.15665 0.74118
515.15000 -60.15422 0.74082
515.20000 -60.15685 0.74199
515.25000 -60.15776 0.74113
515.30000 -60.16022 0.74034
515.35000 -60.16026 0.74316
515.40000 -60.15669 0.74343
515.45000 -60.15743 0.74365
515.50000 -60.15385 0.74260
515.55000 -60.15447 0.74130
515.60000 -60.15480 0.74646
515.65000 -60.15595 0.74765
515.70000 -60.15525 0.74582
515.75000 -60.15385 0.74760
515.80000 -60.15073 0.74637
515.85000 -60.15418 0.74615
515.90000 -60.15340 0.74431
515.95000 -60.15369 0.74730
516.00000 -60.15245 0.74806
516.05000 -60.15406 0.74537
516.10000 -60.14916 0.75005
516.15000 -60.14892 0.74797
516.20000 -60.15081 0.74879
516.25000 -60.15085 0.74904
516.30000 -60.15077 0.74842
516.35000 -60.15171 0.74704
516.40000 -60.15188 0.74766
516.45000 -60.15110 0.74765
516.50000 -60.14962 0.75047
516.55000 -60.14941 0.74804
516.60000 -60.15011 0.74980
516.65000 -60.14933 0.74424
516.70000 -60.14945 0.74802
516.75000 -60.14579 0.74662
516.80000 -60.14785 0.74939
516.85000 -60.14859 0.74864
516.90000 -60.14945 0.74657
516.95000 -60.14879 0.74790
517.00000 -60.14752 0.74786
517.05000 -60.14945 0.75119
517.10000 -60.14859 0.74896
517.15000 -60.14970 0.74799
517.20000 -60.14888 0.75021
517.25000 -60.14830 0.75010
517.30000 -60.14847 0.74890
517.35000 -60.14851 0.74771
517.40000 -60.14953 0.74653
517.45000 -60.14616 0.75138
517.50000 -60.14349 0.75157
517.55000 -60.14740 0.75223
517.60000 -60.14703 0.75172
517.65000 -60.14571 0.74855
517.70000 -60.14148 0.74868
517.75000 -60.14460 0.75149
517.80000 -60.14164 0.74998
517.85000 -60.14522 0.75208
517.90000 -60.14711 0.74993
517.95000 -60.14185 0.74910
518.00000 -60.14362 0.75009
518.05000 -60.14288 0.74378
518.10000 -60.14386 0.74754
518.15000 -60.14357 0.75043
518.20000 -60.14411 0.74886
518.25000 -60.14674 0.75084
518.30000 -60.14686 0.74879
518.35000 -60.14423 0.75200
518.40000 -60.14481 0.74934
518.45000 -60.14390 0.74957
518.50000 -60.14657 0.75455
518.55000 -60.14764 0.75004
518.60000 -60.14653 0.75198
518.65000 -60.14637 0.75313
518.70000 -60.14666 0.75448
518.75000 -60.14916 0.75469
518.80000 -60.14801 0.75467
518.85000 -60.14884 0.75719
518.90000 -60.14744 0.75579
518.95000 -60.14966 0.75438
519.00000 -60.14978 0.75426
519.05000 -60.15052 0.76058
519.10000 -60.14805 0.75535
519.15000 -60.14925 0.75483
519.20000 -60.15126 0.75941
519.25000 -60.14966 0.75758
519.30000 -60.15052 0.76112
519.35000 -60.15196 0.75786
519.40000 -60.15089 0.76043
519.45000 -60.15027 0.76113
519.50000 -60.14990 0.76180
519.55000 -60.15064 0.76250
519.60000 -60.14990 0.76132
519.65000 -60.14933 0.75821
519.70000 -60.15175 0.75672
519.75000 -60.15447 0.75859
519.80000 -60.15188 0.75934
519.85000 -60.15459 0.76182
519.90000 -60.15800 0.76201
519.95000 -60.15825 0.75801
520.00000 -60.15825 0.75958
520.05000 -60.15792 0.76121
520.10000 -60.15549 0.76316
520.15000 -60.15648 0.76173
520.20000 -60.15595 0.76388
520.25000 -60.15554 0.75811
520.30000 -60.15776 0.76243
520.35000 -60.15747 0.76368
520.40000 -60.15973 0.76341
520.45000 -60.15710 0.76284
520.50000 -60.16071 0.76150
520.55000 -60.16293 0.76323
520.60000 -60.15874 0.76364
520.65000 -60.15714 0.76397
520.70000 -60.15800 0.76382
520.75000 -60.15763 0.76349
520.80000 -60.15841 0.76208
520.85000 -60.16043 0.76267
520.90000 -60.16269 0.76356
520.95000 -60.16499 0.76296
521.00000 -60.15973 0.76177
521.05000 -60.15850 0.76314
521.10000 -60.15969 0.76298
521.15000 -60.15841 0.76496
521.20000 -60.16170 0.76025
521.25000 -60.15730 0.76044
521.30000 -60.15739 0.76202
521.35000 -60.16162 0.76367
521.40000 -60.15878 0.76464
521.45000 -60.16129 0.76450
521.50000 -60.15652 0.76369
521.55000 -60.16150 0.76526
521.60000 -60.16043 0.76559
521.65000 -60.16088 0.76294
521.70000 -60.16191 0.76331
521.75000 -60.16067 0.76374
521.80000 -60.15973 0.76329
521.85000 -60.16108 0.76382
521.90000 -60.16071 0.76273
521.95000 -60.16137 0.76418
522.00000 -60.16252 0.76320
522.05000 -60.16125 0.76312
522.10000 -60.16117 0.76200
522.15000 -60.16055 0.76058
522.20000 -60.16043 0.76093
522.25000 -60.15862 0.76089
522.30000 -60.16129 0.76204
522.35000 -60.16113 0.75821
522.40000 -60.16269 0.75705
522.45000 -60.15915 0.75741
522.50000 -60.15780 0.75997
522.55000 -60.15858 0.75586
522.60000 -60.15956 0.75765
522.65000 -60.15730 0.75732
522.70000 -60.15969 0.75404
522.75000 -60.16100 0.75338
522.80000 -60.15722 0.75472
522.85000 -60.15808 0.75757
522.90000 -60.15866 0.75670
522.95000 -60.15911 0.75562
523.00000 -60.16076 0.75819
523.05000 -60.16002 0.75541
523.10000 -60.15788 0.75712
523.15000 -60.16281 0.75631
523.20000 -60.16166 0.75872
523.25000 -60.15866 0.75855
523.30000 -60.15623 0.75751
523.35000 -60.15813 0.75606
523.40000 -60.15796 0.75637
523.45000 -60.15882 0.76017
523.50000 -60.16265 0.75682
523.55000 -60.16125 0.75460
523.60000 -60.15887 0.75532
523.65000 -60.16117 0.75626
523.70000 -60.16145 0.75454
523.75000 -60.16084 0.75541
523.80000 -60.16491 0.75762
523.85000 -60.16166 0.75937
523.90000 -60.16256 0.75706
523.95000 -60.16330 0.75499
524.00000 -60.16404 0.75823
524.05000 -60.16409 0.75679
524.10000 -60.16014 0.76019
524.15000 -60.16585 0.75483
524.20000 -60.16433 0.75675
524.25000 -60.16335 0.75980
524.30000 -60.16096 0.75765
524.35000 -60.16536 0.75453
524.40000 -60.16491 0.75579
524.45000 -60.16515 0.75406
524.50000 -60.16178 0.75297
524.55000 -60.16466 0.75533
524.60000 -60.16396 0.75171
524.65000 -60.16203 0.75121
524.70000 -60.16269 0.74790
524.75000 -60.16384 0.75292
524.80000 -60.16162 0.75024
524.85000 -60.16211 0.75171
524.90000 -60.16063 0.75098
524.95000 -60.16199 0.75189
525.00000 -60.16298 0.75082
525.05000 -60.16367 0.74902
525.10000 -60.15969 0.74732
525.15000 -60.15693 0.74574
525.20000 -60.15944 0.74927
525.25000 -60.16133 0.74946
525.30000 -60.15961 0.74530
525.35000 -60.16441 0.74673
525.40000 -60.16014 0.74771
525.45000 -60.16182 0.74678
525.50000 -60.16310 0.74783
525.55000 -60.16034 0.74740
525.60000 -60.16125 0.75031
525.65000 -60.15800 0.74757
525.70000 -60.15936 0.74735
525.75000 -60.16182 0.74711
525.80000 -60.15677 0.75064
525.85000 -60.16055 0.74881
525.90000 -60.15997 0.75024
525.95000 -60.15829 0.75242
526.00000 -60.16310 0.75155
526.05000 -60.16314 0.75204
526.10000 -60.15915 0.74818
526.15000 -60.15899 0.74631
526.20000 -60.15936 0.74775
526.25000 -60.15845 0.74824
526.30000 -60.15911 0.75063
526.35000 -60.16162 0.74858
526.40000 -60.16170 0.74891
526.45000 -60.16006 0.74952
526.50000 -60.16063 0.74964
526.55000 -60.16178 0.74598
526.60000 -60.16039 0.74833
526.65000 -60.15763 0.74451
526.70000 -60.15652 0.74420
526.75000 -60.15373 0.74472
526.80000 -60.15225 0.74615
526.85000 -60.15866 0.74861
526.90000 -60.15813 0.74606
526.95000 -60.15833 0.74801
527.00000 -60.16039 0.74849
527.05000 -60.15919 0.74596
527.10000 -60.16002 0.74407
527.15000 -60.15759 0.74314
527.20000 -60.16006 0.74269
527.25000 -60.15845 0.74445
527.30000 -60.16034 0.74201
527.35000 -60.15813 0.74112
527.40000 -60.15903 0.74778
527.45000 -60.15928 0.74537
527.50000 -60.15722 0.74427
527.55000 -60.15673 0.74068
527.60000 -60.15850 0.74079
527.65000 -60.15776 0.74213
527.70000 -60.15854 0.74335
527.75000 -60.15808 0.74237
527.80000 -60.16022 0.74364
527.85000 -60.15730 0.74361
527.90000 -60.16178 0.74642
527.95000 -60.15615 0.74508
528.00000 -60.16055 0.74385
528.05000 -60.15899 0.74621
528.10000 -60.16051 0.74483
528.15000 -60.16010 0.74583
528.20000 -60.16335 0.74496
528.25000 -60.16129 0.74651
528.30000 -60.16256 0.74599
528.35000 -60.15825 0.74670
528.40000 -60.16014 0.74728
528.45000 -60.15800 0.74762
528.50000 -60.15845 0.74968
528.55000 -60.15595 0.75171
528.60000 -60.15928 0.75250
528.65000 -60.15915 0.75148
528.70000 -60.15677 0.75217
528.75000 -60.15817 0.75286
528.80000 -60.15636 0.75314
528.85000 -60.15689 0.75149
528.90000 -60.15385 0.75569
528.95000 -60.15340 0.75513
529.00000 -60.15537 0.75509
529.05000 -60.15389 0.75797
529.10000 -60.15673 0.75730
529.15000 -60.15554 0.75240
529.20000 -60.15410 0.75231
529.25000 -60.15586 0.75176
529.30000 -60.15508 0.75156
529.35000 -60.15533 0.75403
529.40000 -60.15311 0.75367
529.45000 -60.15274 0.75084
529.50000 -60.15599 0.75079
529.55000 -60.15537 0.74945
529.60000 -60.15599 0.74856
529.65000 -60.15455 0.74780
529.70000 -60.15381 0.74608
529.75000 -60.15237 0.74840
529.80000 -60.15327 0.74510
529.85000 -60.15619 0.74856
529.90000 -60.15410 0.74798
529.95000 -60.15389 0.74478
530.00000 -60.15438 0.74567
530.05000 -60.15385 0.74626
530.10000 -60.15360 0.74445
530.15000 -60.15007 0.74434
530.20000 -60.15295 0.74485
530.25000 -60.15430 0.74444
530.30000 -60.15414 0.74508
530.35000 -60.15225 0.74483
530.40000 -60.15467 0.74820
530.45000 -60.15788 0.74486
530.50000 -60.15780 0.74370
530.55000 -60.15566 0.74296
530.60000 -60.15348 0.74180
530.65000 -60.15767 0.74499
530.70000 -60.15792 0.74388
530.75000 -60.15928 0.74409
530.80000 -60.15878 0.74173
530.85000 -60.15813 0.74070
530.90000 -60.15702 0.74010
530.95000 -60.15767 0.74023
531.00000 -60.15714 0.74189
531.05000 -60.15480 0.74285
531.10000 -60.15537 0.73991
531.15000 -60.15640 0.73997
531.20000 -60.15393 0.73896
531.25000 -60.15771 0.73835
531.30000 -60.15685 0.73990
531.35000 -60.15845 0.73935
531.40000 -60.15644 0.73647
531.45000 -60.15249 0.73612
531.50000 -60.15163 0.73965
531.55000 -60.15373 0.74143
531.60000 -60.15278 0.74283
531.65000 -60.15480 0.73834
531.70000 -60.15562 0.73934
531.75000 -60.15455 0.73879
531.80000 -60.15447 0.73759
531.85000 -60.15348 0.73969
531.90000 -60.15340 0.73810
531.95000 -60.15780 0.73776
532.00000 -60.15644 0.73404
532.05000 -60.15882 0.73789
532.10000 -60.15258 0.73721
532.15000 -60.15192 0.73677
532.20000 -60.15492 0.73771
532.25000 -60.15356 0.73540
532.30000 -60.15566 0.73313
532.35000 -60.15369 0.73586
532.40000 -60.15480 0.73453
532.45000 -60.15192 0.73663
532.50000 -60.15060 0.73498
532.55000 -60.15237 0.73559
532.60000 -60.15282 0.73688
532.65000 -60.15286 0.73544
532.70000 -60.15319 0.73835
532.75000 -60.15032 0.73878
532.80000 -60.15611 0.74002
532.85000 -60.15364 0.73807
532.90000 -60.14937 0.73466
532.95000 -60.15282 0.73458
533.00000 -60.15451 0.74070
533.05000 -60.15254 0.73686
533.10000 -60.14995 0.73850
533.15000 -60.14896 0.73814
533.20000 -60.15204 0.73874
533.25000 -60.15036 0.74210
533.30000 -60.15204 0.74018
533.35000 -60.15286 0.73970
533.40000 -60.15015 0.73716
533.45000 -60.14884 0.73655
533.50000 -60.14855 0.73530
533.55000 -60.14579 0.73987
533.60000 -60.14921 0.73943
533.65000 -60.15126 0.73881
533.70000 -60.15060 0.73911
533.75000 -60.14781 0.73900
533.80000 -60.14900 0.73975
533.85000 -60.14900 0.73909
533.90000 -60.14937 0.73851
533.95000 -60.14711 0.73455
534.00000 -60.14526 0.73625
534.05000 -60.14501 0.73877
534.10000 -60.14662 0.74073
534.15000 -60.14711 0.74101
534.20000 -60.14777 0.74195
534.25000 -60.14337 0.74005
534.30000 -60.14234 0.73904
534.35000 -60.14197 0.73533
534.40000 -60.14616 0.73640
534.45000 -60.14579 0.73479
534.50000 -60.14362 0.73464
534.55000 -60.14362 0.73757
534.60000 -60.14329 0.73843
534.65000 -60.14066 0.74218
534.70000 -60.14041 0.73579
534.75000 -60.13987 0.73679
534.80000 -60.13856 0.73904
534.85000 -60.13794 0.73830
534.90000 -60.14131 0.73763
534.95000 -60.14349 0.73902
535.00000 -60.13922 0.73771
535.05000 -60.13914 0.74184
535.10000 -60.13909 0.73711
535.15000 -60.13983 0.73383
535.20000 -60.13946 0.73452
535.25000 -60.13655 0.73608
535.30000 -60.13790 0.73590
535.35000 -60.13778 0.73621
535.40000 -60.13675 0.73592
535.45000 -60.13679 0.73456
535.50000 -60.13811 0.73767
535.55000 -60.13601 0.73621
535.60000 -60.13844 0.73048
535.65000 -60.13683 0.73286
535.70000 -60.13490 0.73143
535.75000 -60.13515 0.73189
535.80000 -60.13552 0.73030
535.85000 -60.13753 0.73228
535.90000 -60.13498 0.73175
535.95000 -60.13317 0.73224
536.00000 -60.13712 0.73449
536.05000 -60.13897 0.73173
536.10000 -60.13679 0.73242
536.15000 -60.13638 0.72966
536.20000 -60.13556 0.72836
536.25000 -60.13811 0.73137
536.30000 -60.13877 0.72978
536.35000 -60.13696 0.73599
536.40000 -60.13959 0.73452
536.45000 -60.14029 0.73464
536.50000 -60.14020 0.73668
536.55000 -60.13737 0.73235
536.60000 -60.13885 0.73290
536.65000 -60.13848 0.73392
536.70000 -60.13650 0.73293
536.75000 -60.13650 0.73271
536.80000 -60.13667 0.73122
536.85000 -60.13618 0.73494
536.90000 -60.13737 0.73331
536.95000 -60.13465 0.73483
537.00000 -60.13655 0.73243
537.05000 -60.14049 0.73155
537.10000 -60.13774 0.73035
537.15000 -60.13774 0.73001
537.20000 -60.13733 0.73178
537.25000 -60.13716 0.73225
537.30000 -60.13757 0.73252
537.35000 -60.13840 0.73350
537.40000 -60.13786 0.73038
537.45000 -60.13696 0.73519
537.50000 -60.13309 0.73144
537.55000 -60.13437 0.73361
537.60000 -60.13831 0.73210
537.65000 -60.13860 0.73503
537.70000 -60.13556 0.73510
537.75000 -60.13437 0.73622
537.80000 -60.13424 0.73811
537.85000 -60.13926 0.73626
537.90000 -60.13835 0.73614
537.95000 -60.13704 0.73279
538.00000 -60.13749 0.73334
538.05000 -60.14111 0.73571
538.10000 -60.14563 0.73673
538.15000 -60.14049 0.73738
538.20000 -60.14148 0.73772
538.25000 -60.14341 0.73564
538.30000 -60.14135 0.73348
538.35000 -60.13992 0.73347
538.40000 -60.14094 0.73394
538.45000 -60.14209 0.73676
538.50000 -60.14497 0.73652
538.55000 -60.14349 0.73207
538.60000 -60.13955 0.73503
538.65000 -60.14004 0.73513
538.70000 -60.14037 0.73221
538.75000 -60.13979 0.73426
538.80000 -60.13811 0.73305
538.85000 -60.14074 0.73560
538.90000 -60.14103 0.73538
538.95000 -60.14070 0.73589
539.00000 -60.14107 0.73775
539.05000 -60.14378 0.73767
539.10000 -60.14263 0.73344
539.15000 -60.14016 0.73634
539.20000 -60.13840 0.73617
539.25000 -60.14008 0.73791
539.30000 -60.14160 0.73716
539.35000 -60.14033 0.73463
539.40000 -60.13971 0.73552
539.45000 -60.13930 0.73655
539.50000 -60.14251 0.73550
539.55000 -60.13963 0.73494
539.60000 -60.14399 0.73314
539.65000 -60.14205 0.73373
539.70000 -60.14337 0.73513
539.75000 -60.14427 0.73586
539.80000 -60.14366 0.73393
539.85000 -60.14267 0.73154
539.90000 -60.14308 0.73353
539.95000 -60.14847 0.73504
540.00000 -60.14686 0.73463
540.05000 -60.14292 0.73345
540.10000 -60.14600 0.73219
540.15000 -60.14670 0.72858
540.20000 -60.14764 0.73307
540.25000 -60.14584 0.73414
540.30000 -60.14777 0.73379
540.35000 -60.14670 0.73743
540.40000 -60.14666 0.73322
540.45000 -60.14629 0.73401
540.50000 -60.14473 0.73472
540.55000 -60.14370 0.73532
540.60000 -60.14612 0.73500
540.65000 -60.14633 0.73467
540.70000 -60.14592 0.73382
540.75000 -60.14419 0.73664
540.80000 -60.14678 0.73566
540.85000 -60.14551 0.73531
540.90000 -60.14711 0.73518
540.95000 -60.14431 0.73660
541.00000 -60.14744 0.73857
541.05000 -60.14329 0.73635
541.10000 -60.14514 0.73771
541.15000 -60.14999 0.73736
541.20000 -60.14859 0.73735
541.25000 -60.14855 0.73316
541.30000 -60.14699 0.73734
541.35000 -60.14830 0.73795
541.40000 -60.15171 0.73448
541.45000 -60.14740 0.73782
541.50000 -60.14736 0.73731
541.55000 -60.14427 0.73620
541.60000 -60.14666 0.73818
541.65000 -60.14559 0.73458
541.70000 -60.14793 0.73175
541.75000 -60.14884 0.73359
541.80000 -60.14781 0.73235
541.85000 -60.14925 0.73529
541.90000 -60.15064 0.73821
541.95000 -60.15040 0.73712
542.00000 -60.15027 0.73347
542.05000 -60.14814 0.73093
542.10000 -60.14542 0.73185
542.15000 -60.14740 0.73236
542.20000 -60.14657 0.73267
542.25000 -60.14538 0.73307
542.30000 -60.14925 0.73641
542.35000 -60.14818 0.73540
542.40000 -60.14604 0.73149
542.45000 -60.14633 0.73238
542.50000 -60.14514 0.73162
542.55000 -60.14596 0.73214
542.60000 -60.14477 0.73136
542.65000 -60.14481 0.73202
542.70000 -60.14571 0.73376
542.75000 -60.14584 0.73354
542.80000 -60.14571 0.73181
542.85000 -60.14768 0.73398
542.90000 -60.14760 0.73687
542.95000 -60.14641 0.73507
543.00000 -60.14649 0.73353
543.05000 -60.14501 0.73091
543.10000 -60.14752 0.73186
543.15000 -60.14916 0.73178
543.20000 -60.14501 0.73267
543.25000 -60.14555 0.73025
543.30000 -60.14851 0.73084
543.35000 -60.14690 0.73117
543.40000 -60.14768 0.73308
543.45000 -60.14768 0.72955
543.50000 -60.14789 0.73307
543.55000 -60.14633 0.73306
543.60000 -60.14501 0.73377
543.65000 -60.14181 0.73108
543.70000 -60.14325 0.72978
543.75000 -60.14468 0.73068
543.80000 -60.14205 0.73225
543.85000 -60.14197 0.72968
543.90000 -60.14029 0.73049
543.95000 -60.13955 0.73020
544.00000 -60.14218 0.73049
544.05000 -60.14530 0.72983
544.10000 -60.14057 0.73207
544.15000 -60.14123 0.73255
544.20000 -60.14263 0.73101
544.25000 -60.14510 0.72959
544.30000 -60.14070 0.72960
544.35000 -60.14230 0.73052
544.40000 -60.14078 0.73084
544.45000 -60.14296 0.73010
544.50000 -60.14325 0.72868
544.55000 -60.13790 0.72999
544.60000 -60.13963 0.73258
544.65000 -60.14177 0.73096
544.70000 -60.14086 0.73069
544.75000 -60.14090 0.72777
544.80000 -60.14218 0.72767
544.85000 -60.14148 0.73243
544.90000 -60.14296 0.72983
544.95000 -60.14115 0.73208
545.00000 -60.14283 0.73151
545.05000 -60.14579 0.72850
545.10000 -60.14004 0.73183
545.15000 -60.13983 0.73302
545.20000 -60.13889 0.73030
545.25000 -60.14242 0.73111
545.30000 -60.14181 0.73212
545.35000 -60.14300 0.72886
545.40000 -60.14218 0.72897
545.45000 -60.14226 0.73078
545.50000 -60.14460 0.72918
545.55000 -60.14431 0.72472
545.60000 -60.13766 0.72845
545.65000 -60.14201 0.72842
545.70000 -60.14090 0.72790
545.75000 -60.14411 0.72906
545.80000 -60.14012 0.72912
545.85000 -60.14152 0.72697
545.90000 -60.14230 0.72763
545.95000 -60.14209 0.72588
546.00000 -60.13971 0.72471
546.05000 -60.13885 0.72519
546.10000 -60.13840 0.72647
546.15000 -60.14189 0.72564
546.20000 -60.14616 0.72300
546.25000 -60.14300 0.72393
546.30000 -60.14288 0.72569
546.35000 -60.14390 0.72357
546.40000 -60.14427 0.72624
546.45000 -60.14230 0.72570
546.50000 -60.14378 0.72750
546.55000 -60.14362 0.72299
546.60000 -60.14341 0.72256
546.65000 -60.14444 0.72508
546.70000 -60.14456 0.72648
546.75000 -60.14123 0.72544
546.80000 -60.13885 0.72690
546.85000 -60.14271 0.72403
546.90000 -60.14444 0.72540
546.95000 -60.14201 0.72850
547.00000 -60.14501 0.72649
547.05000 -60.14633 0.72642
547.10000 -60.14592 0.72485
547.15000 -60.14740 0.72912
547.20000 -60.14604 0.72667
547.25000 -60.14468 0.72269
547.30000 -60.14625 0.72334
547.35000 -60.14851 0.72594
547.40000 -60.14670 0.72258
547.45000 -60.14596 0.72447
547.50000 -60.14744 0.72258
547.55000 -60.14267 0.72118
547.60000 -60.14534 0.72193
547.65000 -60.14538 0.72141
547.70000 -60.14534 0.72404
547.75000 -60.14357 0.72346
547.80000 -60.14320 0.72269
547.85000 -60.14296 0.72160
547.90000 -60.14386 0.72402
547.95000 -60.14555 0.72484
548.00000 -60.14657 0.72566
548.05000 -60.14863 0.72640
548.10000 -60.14756 0.72686
548.15000 -60.15015 0.72678
548.20000 -60.14867 0.72450
548.25000 -60.14805 0.72768
548.30000 -60.14949 0.72573
548.35000 -60.15122 0.72763
548.40000 -60.14999 0.72450
548.45000 -60.15167 0.72620
548.50000 -60.15323 0.72761
548.55000 -60.15217 0.72538
548.60000 -60.15529 0.72644
548.65000 -60.14826 0.72499
548.70000 -60.15056 0.72831
548.75000 -60.14781 0.73467
548.80000 -60.15266 0.73489
548.85000 -60.15249 0.73235
548.90000 -60.14953 0.73155
548.95000 -60.14999 0.72765
549.00000 -60.14867 0.72565
549.05000 -60.14727 0.73073
549.10000 -60.14842 0.73119
549.15000 -60.14884 0.73149
549.20000 -60.14925 0.73154
549.25000 -60.14818 0.73273
549.30000 -60.14953 0.73103
549.35000 -60.14916 0.73123
549.40000 -60.14571 0.73214
549.45000 -60.14682 0.73264
549.50000 -60.14916 0.72992
549.55000 -60.14501 0.73280
549.60000 -60.14320 0.73568
549.65000 -60.14263 0.73501
549.70000 -60.14563 0.73780
549.75000 -60.14473 0.73535
549.80000 -60.14160 0.73957
549.85000 -60.13868 0.73472
549.90000 -60.13951 0.73450
549.95000 -60.14016 0.73554
