0.00000 -74.28883 0.54654
0.05000 -74.31760 0.54159
0.10000 -74.31809 0.54088
0.15000 -74.31785 0.54047
0.20000 -74.32076 0.54093
0.25000 -74.31883 0.54202
0.30000 -74.31924 0.54343
0.35000 -74.31682 0.54126
0.40000 -74.32183 0.54116
0.45000 -74.32228 0.54314
0.50000 -74.31743 0.54614
0.55000 -74.31526 0.54792
0.60000 -74.31234 0.54833
0.65000 -74.31287 0.54974
0.70000 -74.31028 0.55609
0.75000 -74.30958 0.55922
0.80000 -74.31004 0.56164
0.85000 -74.31447 0.55970
0.90000 -74.31678 0.56100
0.95000 -74.31694 0.55752
1.00000 -74.31941 0.55991
1.05000 -74.31842 0.55718
1.10000 -74.31887 0.55804
1.15000 -74.32175 0.55818
1.20000 -74.32052 0.55742
1.25000 -74.31595 0.56025
1.30000 -74.31698 0.55934
1.35000 -74.31949 0.55677
1.40000 -74.31748 0.55831
1.45000 -74.31554 0.55912
1.50000 -74.31275 0.55783
1.55000 -74.30938 0.55861
1.60000 -74.31016 0.56119
1.65000 -74.30650 0.56077
1.70000 -74.30556 0.56313
1.75000 -74.30654 0.56711
1.80000 -74.30305 0.56822
1.85000 -74.30206 0.56338
1.90000 -74.30054 0.56788
1.95000 -74.29717 0.56634
2.00000 -74.29729 0.56471
2.05000 -74.29799 0.56376
2.10000 -74.29918 0.56282
2.15000 -74.29890 0.55779
2.20000 -74.29746 0.55354
2.25000 -74.30272 0.55175
2.30000 -74.30371 0.54956
2.35000 -74.30695 0.54780
2.40000 -74.30999 0.54535
2.45000 -74.30946 0.54416
2.50000 -74.31312 0.54143
2.55000 -74.31723 0.54279
2.60000 -74.31830 0.54481
2.65000 -74.31579 0.54430
2.70000 -74.31887 0.54766
2.75000 -74.31497 0.54815
2.80000 -74.31526 0.54747
2.85000 -74.31768 0.55326
2.90000 -74.31842 0.55336
2.95000 -74.31698 0.55151
3.00000 -74.32331 0.55063
3.05000 -74.32500 0.54776
3.10000 -74.32713 0.54248
3.15000 -74.32849 0.53605
3.20000 -74.33022 0.53661
3.25000 -74.32824 0.53587
3.30000 -74.32783 0.53713
3.35000 -74.32841 0.53815
3.40000 -74.32718 0.54506
3.45000 -74.32455 0.54467
3.50000 -74.32422 0.54778
3.55000 -74.32755 0.54864
3.60000 -74.32590 0.54932
3.65000 -74.32348 0.55342
3.70000 -74.31978 0.55728
3.75000 -74.31682 0.56001
3.80000 -74.31645 0.56576
3.85000 -74.31090 0.56541
3.90000 -74.30880 0.56858
3.95000 -74.30650 0.57317
4.00000 -74.30177 0.58143
4.05000 -74.29869 0.58313
4.10000 -74.29865 0.58769
4.15000 -74.29536 0.58739
4.20000 -74.29717 0.59319
4.25000 -74.29388 0.59155
4.30000 -74.29717 0.59168
4.35000 -74.29709 0.59214
4.40000 -74.29458 0.59183
4.45000 -74.29684 0.59200
4.50000 -74.29487 0.59157
4.55000 -74.29487 0.59557
4.60000 -74.29244 0.59655
4.65000 -74.29429 0.60040
4.70000 -74.29511 0.59954
4.75000 -74.29548 0.59858
4.80000 -74.29717 0.59940
4.85000 -74.29803 0.59493
4.90000 -74.30054 0.59514
4.95000 -74.30239 0.59668
5.00000 -74.30301 0.59370
5.05000 -74.30634 0.59061
5.10000 -74.30732 0.58928
5.15000 -74.30888 0.58502
5.20000 -74.30962 0.58449
5.25000 -74.30671 0.58650
5.30000 -74.30703 0.58199
5.35000 -74.30366 0.58125
5.40000 -74.30535 0.57765
5.45000 -74.30227 0.57675
5.50000 -74.30745 0.57991
5.55000 -74.30708 0.57751
5.60000 -74.30769 0.57666
5.65000 -74.30872 0.57710
5.70000 -74.30802 0.57716
5.75000 -74.30753 0.57736
5.80000 -74.30634 0.57884
5.85000 -74.30469 0.57861
5.90000 -74.30403 0.57703
5.95000 -74.30169 0.57955
6.00000 -74.29902 0.57646
6.05000 -74.29935 0.57904
6.10000 -74.29688 0.58299
6.15000 -74.29692 0.58322
6.20000 -74.29483 0.58556
6.25000 -74.29565 0.58192
6.30000 -74.29577 0.58160
6.35000 -74.28718 0.58330
6.40000 -74.28685 0.58061
6.45000 -74.28422 0.58149
6.50000 -74.28319 0.58498
6.55000 -74.28537 0.58440
6.60000 -74.28673 0.58233
6.65000 -74.28439 0.58752
6.70000 -74.28217 0.58607
6.75000 -74.28406 0.58608
6.80000 -74.28319 0.58721
6.85000 -74.28241 0.58845
6.90000 -74.28389 0.58866
6.95000 -74.28192 0.58925
7.00000 -74.27966 0.59014
7.05000 -74.28204 0.58818
7.10000 -74.28015 0.59188
7.15000 -74.27777 0.58890
7.20000 -74.27633 0.59214
7.25000 -74.27575 0.59435
7.30000 -74.27292 0.59650
7.35000 -74.27370 0.59755
7.40000 -74.27571 0.60005
7.45000 -74.27218 0.60095
7.50000 -74.27177 0.60198
7.55000 -74.27193 0.60208
7.60000 -74.27341 0.60556
7.65000 -74.26971 0.60438
7.70000 -74.26934 0.60697
7.75000 -74.27226 0.60913
7.80000 -74.27062 0.60788
7.85000 -74.27103 0.60586
7.90000 -74.27152 0.60499
7.95000 -74.27654 0.60024
8.00000 -74.27440 0.59811
8.05000 -74.27970 0.59591
8.10000 -74.27563 0.59483
8.15000 -74.27876 0.59090
8.20000 -74.27978 0.58969
8.25000 -74.28274 0.58640
8.30000 -74.28241 0.58909
8.35000 -74.28422 0.58433
8.40000 -74.28295 0.58371
8.45000 -74.28270 0.58391
8.50000 -74.28307 0.58089
8.55000 -74.28208 0.57931
8.60000 -74.28126 0.57587
8.65000 -74.28332 0.57442
8.70000 -74.28398 0.57426
8.75000 -74.28250 0.57188
8.80000 -74.28040 0.57538
8.85000 -74.27481 0.57615
8.90000 -74.27325 0.57717
8.95000 -74.27485 0.57792
9.00000 -74.27296 0.58249
9.05000 -74.27066 0.58398
9.10000 -74.27197 0.58296
9.15000 -74.27621 0.58773
9.20000 -74.27892 0.58878
9.25000 -74.27728 0.59055
9.30000 -74.27707 0.58922
9.35000 -74.27917 0.59096
9.40000 -74.27966 0.59241
9.45000 -74.28685 0.59187
9.50000 -74.28447 0.59393
9.55000 -74.28488 0.59387
9.60000 -74.29026 0.59182
9.65000 -74.28981 0.59469
9.70000 -74.28883 0.59560
9.75000 -74.28784 0.59813
9.80000 -74.28698 0.59774
9.85000 -74.28611 0.60000
9.90000 -74.28829 0.59890
9.95000 -74.28648 0.59765
10.00000 -74.28065 0.59913
10.05000 -74.27777 0.59843
10.10000 -74.27510 0.60039
10.15000 -74.27460 0.60133
10.20000 -74.27337 0.59825
10.25000 -74.26971 0.60178
10.30000 -74.26877 0.59960
10.35000 -74.26573 0.60042
10.40000 -74.26515 0.60182
10.45000 -74.26375 0.60070
10.50000 -74.26351 0.60285
10.55000 -74.26392 0.60104
10.60000 -74.26671 0.59914
10.65000 -74.26922 0.59911
10.70000 -74.27132 0.59960
10.75000 -74.27353 0.59855
10.80000 -74.27226 0.59908
10.85000 -74.27686 0.59579
10.90000 -74.27789 0.58913
10.95000 -74.27896 0.58688
11.00000 -74.28287 0.58410
11.05000 -74.28636 0.57633
11.10000 -74.28755 0.57278
11.15000 -74.28751 0.57332
11.20000 -74.28846 0.57038
11.25000 -74.29035 0.56510
11.30000 -74.28977 0.56128
11.35000 -74.29133 0.55906
11.40000 -74.29121 0.55710
11.45000 -74.29343 0.55566
11.50000 -74.29006 0.55599
11.55000 -74.29063 0.55573
11.60000 -74.29429 0.55702
11.65000 -74.29174 0.55864
11.70000 -74.29384 0.55964
11.75000 -74.29265 0.56112
11.80000 -74.29433 0.56340
11.85000 -74.29265 0.55920
11.90000 -74.29228 0.55990
11.95000 -74.29088 0.55971
12.00000 -74.29146 0.56207
12.05000 -74.29059 0.56119
12.10000 -74.28878 0.56418
12.15000 -74.28788 0.56606
12.20000 -74.28973 0.56630
12.25000 -74.29207 0.56449
12.30000 -74.29429 0.56252
12.35000 -74.29524 0.55900
12.40000 -74.29413 0.56079
12.45000 -74.29347 0.55695
12.50000 -74.29746 0.55430
12.55000 -74.29812 0.55549
12.60000 -74.30116 0.55507
12.65000 -74.30046 0.55217
12.70000 -74.30325 0.55339
12.75000 -74.30683 0.55274
12.80000 -74.30523 0.54733
12.85000 -74.30757 0.54454
12.90000 -74.31082 0.54341
12.95000 -74.31571 0.54175
13.00000 -74.31723 0.53667
13.05000 -74.31949 0.53242
13.10000 -74.31678 0.53017
13.15000 -74.31801 0.53010
13.20000 -74.32043 0.53020
13.25000 -74.31628 0.52691
13.30000 -74.31410 0.53015
13.35000 -74.31546 0.53089
13.40000 -74.31698 0.53132
13.45000 -74.31102 0.53415
13.50000 -74.30868 0.53480
13.55000 -74.30950 0.53627
13.60000 -74.31139 0.53898
13.65000 -74.30962 0.53834
13.70000 -74.30708 0.53798
13.75000 -74.30280 0.53801
13.80000 -74.30399 0.53966
13.85000 -74.30601 0.54117
13.90000 -74.30543 0.54729
13.95000 -74.30251 0.54642
14.00000 -74.29992 0.54800
14.05000 -74.29606 0.55134
14.10000 -74.29421 0.55375
14.15000 -74.29294 0.55504
14.20000 -74.29442 0.55494
14.25000 -74.30116 0.55604
14.30000 -74.29832 0.55393
14.35000 -74.29725 0.55327
14.40000 -74.30112 0.55100
14.45000 -74.30005 0.54937
14.50000 -74.30116 0.54722
14.55000 -74.29820 0.54696
14.60000 -74.29742 0.54897
14.65000 -74.29528 0.55200
14.70000 -74.29244 0.55701
14.75000 -74.29117 0.56371
14.80000 -74.28656 0.56425
14.85000 -74.28648 0.56458
14.90000 -74.28303 0.56941
14.95000 -74.28266 0.56708
15.00000 -74.28377 0.57157
15.05000 -74.28221 0.57209
15.10000 -74.27937 0.57508
15.15000 -74.27867 0.57537
15.20000 -74.27847 0.57516
15.25000 -74.27633 0.57688
15.30000 -74.27641 0.57747
15.35000 -74.27789 0.57234
15.40000 -74.27530 0.57110
15.45000 -74.27275 0.56977
15.50000 -74.27267 0.57094
15.55000 -74.27358 0.57302
15.60000 -74.27686 0.57777
15.65000 -74.27662 0.57616
15.70000 -74.27966 0.57420
15.75000 -74.28052 0.57243
15.80000 -74.27970 0.56972
15.85000 -74.27974 0.56488
15.90000 -74.28369 0.56244
15.95000 -74.28517 0.56008
16.00000 -74.28948 0.55995
16.05000 -74.28891 0.55876
16.10000 -74.29388 0.55650
16.15000 -74.29750 0.55574
16.20000 -74.29409 0.55356
16.25000 -74.29865 0.54853
16.30000 -74.29931 0.55077
16.35000 -74.29943 0.55010
16.40000 -74.29968 0.55104
16.45000 -74.30140 0.54830
16.50000 -74.30399 0.54700
16.55000 -74.30666 0.54392
16.60000 -74.30457 0.54431
16.65000 -74.30798 0.54401
16.70000 -74.30408 0.54137
16.75000 -74.30823 0.54242
16.80000 -74.30551 0.54222
16.85000 -74.30416 0.54063
16.90000 -74.30827 0.54384
16.95000 -74.30621 0.54716
17.00000 -74.30362 0.55243
17.05000 -74.30366 0.55499
17.10000 -74.30177 0.55620
17.15000 -74.30617 0.55427
17.20000 -74.30728 0.55407
17.25000 -74.30543 0.55302
17.30000 -74.30880 0.55422
17.35000 -74.30605 0.55439
17.40000 -74.30654 0.55263
17.45000 -74.30699 0.55479
17.50000 -74.30239 0.55705
17.55000 -74.30268 0.55815
17.60000 -74.30362 0.55884
17.65000 -74.30321 0.56117
17.70000 -74.30605 0.56228
17.75000 -74.30321 0.55957
17.80000 -74.30153 0.55742
17.85000 -74.30288 0.55275
17.90000 -74.30564 0.54901
17.95000 -74.30379 0.54781
18.00000 -74.30350 0.54716
18.05000 -74.30469 0.54297
18.10000 -74.30646 0.54131
18.15000 -74.31069 0.54097
18.20000 -74.31168 0.53672
18.25000 -74.31102 0.53422
18.30000 -74.30790 0.53114
18.35000 -74.31267 0.53560
18.40000 -74.31184 0.53863
18.45000 -74.31024 0.53863
18.50000 -74.30876 0.54310
18.55000 -74.30646 0.54915
18.60000 -74.30424 0.55342
18.65000 -74.30169 0.55781
18.70000 -74.29923 0.56397
18.75000 -74.30083 0.56859
18.80000 -74.29733 0.57596
18.85000 -74.29331 0.57953
18.90000 -74.29429 0.58129
18.95000 -74.29298 0.58057
19.00000 -74.29088 0.58165
19.05000 -74.29232 0.58021
19.10000 -74.29405 0.58133
19.15000 -74.29310 0.57718
19.20000 -74.29425 0.57101
19.25000 -74.29742 0.56925
19.30000 -74.30050 0.56110
19.35000 -74.30420 0.55544
19.40000 -74.30539 0.55018
19.45000 -74.30416 0.54729
19.50000 -74.30506 0.54371
19.55000 -74.30695 0.54261
19.60000 -74.30416 0.54341
19.65000 -74.30408 0.54672
19.70000 -74.30149 0.54831
19.75000 -74.30317 0.55030
19.80000 -74.30025 0.55279
19.85000 -74.30058 0.55346
19.90000 -74.29643 0.55691
19.95000 -74.30058 0.56102
20.00000 -74.29844 0.56267
20.05000 -74.30288 0.56280
20.10000 -74.30243 0.55937
20.15000 -74.30247 0.55634
20.20000 -74.30301 0.55669
20.25000 -74.30461 0.55142
20.30000 -74.30371 0.55205
20.35000 -74.30186 0.55222
20.40000 -74.30535 0.55087
20.45000 -74.30547 0.54711
20.50000 -74.30691 0.54340
20.55000 -74.31078 0.54181
20.60000 -74.30847 0.54104
20.65000 -74.30658 0.53552
20.70000 -74.30580 0.53886
20.75000 -74.30597 0.53575
20.80000 -74.30827 0.53296
20.85000 -74.30149 0.53745
20.90000 -74.30284 0.54051
20.95000 -74.30157 0.54069
21.00000 -74.30432 0.53851
21.05000 -74.31036 0.53878
21.10000 -74.31012 0.54168
21.15000 -74.30342 0.54020
21.20000 -74.30432 0.54405
21.25000 -74.30231 0.54416
21.30000 -74.30087 0.54441
21.35000 -74.30058 0.55040
21.40000 -74.29680 0.55781
21.45000 -74.29080 0.56053
21.50000 -74.28936 0.56586
21.55000 -74.28410 0.56427
21.60000 -74.28513 0.56829
21.65000 -74.28118 0.56857
21.70000 -74.27966 0.57247
21.75000 -74.27982 0.57550
21.80000 -74.27403 0.57867
21.85000 -74.27095 0.58098
21.90000 -74.26799 0.58369
21.95000 -74.26346 0.58371
22.00000 -74.26704 0.58891
22.05000 -74.26429 0.59061
22.10000 -74.26248 0.59173
22.15000 -74.26149 0.59289
22.20000 -74.26683 0.59478
22.25000 -74.27049 0.59170
22.30000 -74.27419 0.58919
22.35000 -74.27325 0.58269
22.40000 -74.27341 0.58236
22.45000 -74.27460 0.58213
22.50000 -74.27711 0.57714
22.55000 -74.27929 0.57748
22.60000 -74.28188 0.57127
22.65000 -74.27978 0.56910
22.70000 -74.28291 0.56313
22.75000 -74.28763 0.55976
22.80000 -74.28685 0.55523
22.85000 -74.28796 0.55577
22.90000 -74.29224 0.55366
22.95000 -74.29183 0.54805
23.00000 -74.29228 0.54921
23.05000 -74.29738 0.54824
23.10000 -74.29536 0.54958
23.15000 -74.29462 0.55385
23.20000 -74.29359 0.55712
23.25000 -74.28817 0.55980
23.30000 -74.28895 0.55925
23.35000 -74.29018 0.56335
23.40000 -74.29224 0.56653
23.45000 -74.29018 0.56912
23.50000 -74.28784 0.57311
23.55000 -74.29121 0.57386
23.60000 -74.29265 0.57292
23.65000 -74.29146 0.57491
23.70000 -74.29109 0.57269
23.75000 -74.29142 0.57802
23.80000 -74.28763 0.57741
23.85000 -74.28739 0.57750
23.90000 -74.28973 0.57900
23.95000 -74.28648 0.57889
24.00000 -74.28336 0.58120
24.05000 -74.28167 0.58164
24.10000 -74.27818 0.58176
24.15000 -74.27962 0.57998
24.20000 -74.27723 0.58376
24.25000 -74.27892 0.58748
24.30000 -74.27584 0.58503
24.35000 -74.27571 0.58240
24.40000 -74.27358 0.58448
24.45000 -74.27279 0.58490
24.50000 -74.26918 0.59064
24.55000 -74.26914 0.59205
24.60000 -74.26848 0.59529
24.65000 -74.26934 0.59904
24.70000 -74.27321 0.60200
24.75000 -74.27148 0.60383
24.80000 -74.26947 0.60409
24.85000 -74.26967 0.60347
24.90000 -74.26942 0.60136
24.95000 -74.27218 0.60137
25.00000 -74.27189 0.60329
25.05000 -74.26918 0.60030
25.10000 -74.26790 0.59374
25.15000 -74.27173 0.59294
25.20000 -74.27337 0.58891
25.25000 -74.27349 0.58669
25.30000 -74.27444 0.58381
25.35000 -74.27506 0.58178
25.40000 -74.27547 0.58126
25.45000 -74.27699 0.58187
25.50000 -74.27871 0.58318
25.55000 -74.27863 0.58325
25.60000 -74.27674 0.58544
25.65000 -74.27917 0.58669
25.70000 -74.28023 0.58546
25.75000 -74.28241 0.58057
25.80000 -74.28406 0.58246
25.85000 -74.28702 0.57704
25.90000 -74.29059 0.57115
25.95000 -74.29244 0.56784
26.00000 -74.29651 0.56685
26.05000 -74.29824 0.56482
26.10000 -74.30013 0.56349
26.15000 -74.30025 0.55979
26.20000 -74.30075 0.55903
26.25000 -74.30453 0.55584
26.30000 -74.30120 0.55627
26.35000 -74.29935 0.55845
26.40000 -74.30103 0.55447
26.45000 -74.30671 0.55600
26.50000 -74.30782 0.55463
26.55000 -74.30856 0.55418
26.60000 -74.31020 0.55397
26.65000 -74.31620 0.55316
26.70000 -74.31768 0.55056
26.75000 -74.31793 0.54791
26.80000 -74.31990 0.54520
26.85000 -74.32450 0.54116
26.90000 -74.33338 0.54089
26.95000 -74.33445 0.53895
27.00000 -74.33758 0.53595
27.05000 -74.33799 0.53587
27.10000 -74.34070 0.53513
27.15000 -74.34201 0.53351
27.20000 -74.34185 0.53874
27.25000 -74.34164 0.53727
27.30000 -74.33807 0.54164
27.35000 -74.33951 0.54692
27.40000 -74.33420 0.54962
27.45000 -74.33240 0.54999
27.50000 -74.32734 0.55337
27.55000 -74.32093 0.55957
27.60000 -74.31612 0.56638
27.65000 -74.31254 0.56994
27.70000 -74.30876 0.57458
27.75000 -74.30617 0.57908
27.80000 -74.30144 0.58345
27.85000 -74.29935 0.58428
27.90000 -74.29409 0.58493
27.95000 -74.29536 0.58367
28.00000 -74.29713 0.58276
28.05000 -74.29479 0.58172
28.10000 -74.29594 0.57952
28.15000 -74.29429 0.58085
28.20000 -74.29553 0.58320
28.25000 -74.29951 0.58240
28.30000 -74.29853 0.58462
28.35000 -74.30218 0.57803
28.40000 -74.30301 0.57662
28.45000 -74.30297 0.57418
28.50000 -74.30703 0.57374
28.55000 -74.30790 0.57096
28.60000 -74.30564 0.56898
28.65000 -74.30305 0.56762
28.70000 -74.30218 0.57008
28.75000 -74.30033 0.57248
28.80000 -74.30112 0.57289
28.85000 -74.29927 0.57100
28.90000 -74.30017 0.57132
28.95000 -74.30194 0.57326
29.00000 -74.30223 0.57283
29.05000 -74.30284 0.57119
29.10000 -74.30272 0.57140
29.15000 -74.30268 0.57011
29.20000 -74.29820 0.57296
29.25000 -74.29927 0.57098
29.30000 -74.29655 0.57211
29.35000 -74.29606 0.57567
29.40000 -74.29446 0.57619
29.45000 -74.29265 0.57845
29.50000 -74.29117 0.57714
29.55000 -74.29380 0.57858
29.60000 -74.29643 0.57718
29.65000 -74.29516 0.57674
29.70000 -74.29631 0.56818
29.75000 -74.29828 0.56968
29.80000 -74.29795 0.56936
29.85000 -74.29865 0.56682
29.90000 -74.29902 0.56323
29.95000 -74.30070 0.56164
30.00000 -74.30157 0.55856
30.05000 -74.30264 0.55372
30.10000 -74.30202 0.55194
30.15000 -74.30305 0.54959
30.20000 -74.30276 0.54480
30.25000 -74.30539 0.54519
30.30000 -74.30753 0.54441
30.35000 -74.30597 0.54046
30.40000 -74.30675 0.53920
30.45000 -74.30884 0.53902
30.50000 -74.30588 0.53995
30.55000 -74.31008 0.54143
30.60000 -74.30823 0.54019
30.65000 -74.30757 0.54559
30.70000 -74.30909 0.54310
30.75000 -74.30835 0.54355
30.80000 -74.30539 0.54626
30.85000 -74.30831 0.54509
30.90000 -74.30814 0.54566
30.95000 -74.30876 0.54934
31.00000 -74.31061 0.54987
31.05000 -74.30597 0.55338
31.10000 -74.30720 0.55445
31.15000 -74.30917 0.55385
31.20000 -74.30428 0.56147
31.25000 -74.30580 0.56354
31.30000 -74.30584 0.56619
31.35000 -74.30564 0.56585
31.40000 -74.30609 0.56837
31.45000 -74.30305 0.57081
31.50000 -74.30223 0.57154
31.55000 -74.30736 0.57053
31.60000 -74.30506 0.56715
31.65000 -74.30720 0.56923
31.70000 -74.31119 0.56978
31.75000 -74.31053 0.56614
31.80000 -74.31110 0.56428
31.85000 -74.31221 0.56332
31.90000 -74.31328 0.56288
31.95000 -74.31308 0.56063
32.00000 -74.31817 0.56350
32.05000 -74.31789 0.56519
32.10000 -74.31813 0.56799
32.15000 -74.31867 0.56751
32.20000 -74.32126 0.56910
32.25000 -74.32187 0.56684
32.30000 -74.32578 0.56586
32.35000 -74.32911 0.56570
32.40000 -74.32644 0.56348
32.45000 -74.32611 0.56352
32.50000 -74.32681 0.56139
32.55000 -74.32512 0.56656
32.60000 -74.32529 0.56345
32.65000 -74.32393 0.56331
32.70000 -74.32200 0.56141
32.75000 -74.32085 0.56136
32.80000 -74.31974 0.56391
32.85000 -74.31928 0.56170
32.90000 -74.31822 0.56245
32.95000 -74.31896 0.56150
33.00000 -74.32076 0.55899
33.05000 -74.32508 0.55600
33.10000 -74.32750 0.55268
33.15000 -74.33507 0.54342
33.20000 -74.33655 0.53881
33.25000 -74.33823 0.53414
33.30000 -74.33922 0.52703
33.35000 -74.34436 0.52552
33.40000 -74.34432 0.52244
33.45000 -74.34506 0.52348
33.50000 -74.34473 0.52583
33.55000 -74.34382 0.52780
33.60000 -74.34621 0.52898
33.65000 -74.34571 0.52984
33.70000 -74.34489 0.53180
33.75000 -74.34354 0.53547
33.80000 -74.34251 0.53530
33.85000 -74.33700 0.54144
33.90000 -74.33420 0.54252
33.95000 -74.33573 0.54489
34.00000 -74.33605 0.54864
34.05000 -74.33355 0.55170
34.10000 -74.33231 0.55551
34.15000 -74.33281 0.55512
34.20000 -74.33166 0.55866
34.25000 -74.32870 0.56118
34.30000 -74.32985 0.56524
34.35000 -74.33178 0.56370
34.40000 -74.33104 0.56067
34.45000 -74.33133 0.56249
34.50000 -74.32783 0.55994
34.55000 -74.32134 0.56012
34.60000 -74.32048 0.55798
34.65000 -74.31801 0.55818
34.70000 -74.31678 0.56376
34.75000 -74.31172 0.56784
34.80000 -74.31020 0.56994
34.85000 -74.30691 0.56677
34.90000 -74.30658 0.57180
34.95000 -74.30276 0.57371
35.00000 -74.30432 0.57488
35.05000 -74.30568 0.57858
35.10000 -74.30288 0.58243
35.15000 -74.30395 0.58012
35.20000 -74.30588 0.58186
35.25000 -74.30445 0.58627
35.30000 -74.30206 0.58661
35.35000 -74.30181 0.58348
35.40000 -74.30346 0.58387
35.45000 -74.30202 0.58277
35.50000 -74.29795 0.58364
35.55000 -74.29873 0.58282
35.60000 -74.29746 0.57965
35.65000 -74.29672 0.57907
35.70000 -74.29561 0.57667
35.75000 -74.29701 0.57317
35.80000 -74.29701 0.57230
35.85000 -74.29618 0.57303
35.90000 -74.29803 0.56914
35.95000 -74.29824 0.57062
36.00000 -74.29754 0.56691
36.05000 -74.29647 0.56722
36.10000 -74.29573 0.56556
36.15000 -74.29684 0.56531
36.20000 -74.29392 0.56839
36.25000 -74.29499 0.56819
36.30000 -74.29553 0.57137
36.35000 -74.29861 0.56977
36.40000 -74.29996 0.57135
36.45000 -74.30440 0.56774
36.50000 -74.29988 0.56356
36.55000 -74.30132 0.56345
36.60000 -74.30218 0.56032
36.65000 -74.30116 0.55737
36.70000 -74.30050 0.55402
36.75000 -74.29775 0.55489
36.80000 -74.29947 0.55484
36.85000 -74.30038 0.55909
36.90000 -74.30227 0.55947
36.95000 -74.29873 0.55550
37.00000 -74.30087 0.55346
37.05000 -74.30029 0.55586
37.10000 -74.29959 0.55327
37.15000 -74.29684 0.55150
37.20000 -74.29696 0.55539
37.25000 -74.29216 0.55713
37.30000 -74.29298 0.55642
37.35000 -74.29433 0.56160
37.40000 -74.29314 0.56029
37.45000 -74.29088 0.56496
37.50000 -74.29121 0.56038
37.55000 -74.29298 0.56191
37.60000 -74.29174 0.56040
37.65000 -74.29158 0.55760
37.70000 -74.29289 0.55639
37.75000 -74.29405 0.55545
37.80000 -74.29680 0.55212
37.85000 -74.29746 0.55153
37.90000 -74.30083 0.54984
37.95000 -74.29853 0.55046
38.00000 -74.29943 0.55136
38.05000 -74.29779 0.55242
38.10000 -74.30033 0.54934
38.15000 -74.30153 0.55214
38.20000 -74.29886 0.55801
38.25000 -74.29729 0.56023
38.30000 -74.29548 0.56202
38.35000 -74.29240 0.56526
38.40000 -74.29442 0.56866
38.45000 -74.29248 0.56887
38.50000 -74.29187 0.56784
38.55000 -74.29100 0.57044
38.60000 -74.29339 0.56886
38.65000 -74.29376 0.57228
38.70000 -74.29298 0.57798
38.75000 -74.28944 0.58044
38.80000 -74.29285 0.58255
38.85000 -74.29014 0.57895
38.90000 -74.29442 0.58286
38.95000 -74.29310 0.58182
39.00000 -74.29236 0.58211
39.05000 -74.29462 0.58380
39.10000 -74.29413 0.58494
39.15000 -74.29479 0.58608
39.20000 -74.29553 0.59017
39.25000 -74.29326 0.58727
39.30000 -74.29302 0.58864
39.35000 -74.29413 0.58574
39.40000 -74.29261 0.58657
39.45000 -74.29355 0.58568
39.50000 -74.29622 0.58805
39.55000 -74.29483 0.58545
39.60000 -74.29487 0.58214
39.65000 -74.29779 0.57982
39.70000 -74.30001 0.57691
39.75000 -74.30079 0.57523
39.80000 -74.30157 0.57133
39.85000 -74.29886 0.57190
39.90000 -74.29709 0.56884
39.95000 -74.29894 0.56914
40.00000 -74.29561 0.57038
40.05000 -74.29803 0.57028
40.10000 -74.29803 0.57021
40.15000 -74.29520 0.56756
40.20000 -74.29413 0.56635
40.25000 -74.29503 0.56928
40.30000 -74.29799 0.56600
40.35000 -74.29676 0.56846
40.40000 -74.29442 0.56762
40.45000 -74.29363 0.56980
40.50000 -74.29495 0.56687
40.55000 -74.29285 0.56195
40.60000 -74.28833 0.56326
40.65000 -74.29244 0.56501
40.70000 -74.29363 0.56625
40.75000 -74.29368 0.56255
40.80000 -74.29080 0.56414
40.85000 -74.28957 0.56473
40.90000 -74.28841 0.56338
40.95000 -74.28994 0.56212
41.00000 -74.28940 0.56449
41.05000 -74.28788 0.56758
41.10000 -74.28759 0.56812
41.15000 -74.28295 0.56986
41.20000 -74.28028 0.57688
41.25000 -74.27830 0.57707
41.30000 -74.27645 0.58110
41.35000 -74.27674 0.58436
41.40000 -74.27464 0.58797
41.45000 -74.27403 0.59275
41.50000 -74.27789 0.59225
41.55000 -74.28097 0.59295
41.60000 -74.28204 0.59136
41.65000 -74.28410 0.59210
41.70000 -74.28817 0.59025
41.75000 -74.28533 0.59143
41.80000 -74.28455 0.59378
41.85000 -74.28747 0.59452
41.90000 -74.28928 0.59249
41.95000 -74.29002 0.59148
42.00000 -74.29002 0.58783
42.05000 -74.28928 0.58788
42.10000 -74.28743 0.58989
42.15000 -74.28952 0.58629
42.20000 -74.28595 0.58322
42.25000 -74.28451 0.58337
42.30000 -74.28065 0.58654
42.35000 -74.27945 0.58937
42.40000 -74.27818 0.58673
42.45000 -74.27703 0.58986
42.50000 -74.27760 0.58939
42.55000 -74.27691 0.59432
42.60000 -74.27448 0.59641
42.65000 -74.27337 0.59626
42.70000 -74.27403 0.59770
42.75000 -74.28019 0.59562
42.80000 -74.28213 0.59100
42.85000 -74.28299 0.59097
42.90000 -74.28492 0.59076
42.95000 -74.28422 0.58631
43.00000 -74.28661 0.58043
43.05000 -74.28636 0.57825
43.10000 -74.28726 0.57492
43.15000 -74.28570 0.57081
43.20000 -74.28825 0.57080
43.25000 -74.28944 0.57160
43.30000 -74.28846 0.56951
43.35000 -74.29063 0.57021
43.40000 -74.29211 0.57208
43.45000 -74.29236 0.57241
43.50000 -74.29294 0.56732
43.55000 -74.29655 0.56507
43.60000 -74.29742 0.56581
43.65000 -74.30132 0.56525
43.70000 -74.30317 0.56387
43.75000 -74.30391 0.56288
43.80000 -74.30465 0.56059
43.85000 -74.30510 0.56069
43.90000 -74.30597 0.56294
43.95000 -74.31024 0.56228
44.00000 -74.31147 0.55837
44.05000 -74.31008 0.55992
44.10000 -74.30950 0.55897
44.15000 -74.31024 0.56063
44.20000 -74.31131 0.56313
44.25000 -74.30498 0.57013
44.30000 -74.30140 0.57346
44.35000 -74.30165 0.57968
44.40000 -74.30482 0.58258
44.45000 -74.30445 0.58351
44.50000 -74.30638 0.58403
44.55000 -74.30782 0.58308
44.60000 -74.31168 0.58125
44.65000 -74.31320 0.58116
44.70000 -74.31213 0.57525
44.75000 -74.31464 0.56975
44.80000 -74.31460 0.56516
44.85000 -74.31263 0.56704
44.90000 -74.30872 0.56489
44.95000 -74.30666 0.56208
45.00000 -74.30703 0.56070
45.05000 -74.30646 0.56067
45.10000 -74.30260 0.56148
45.15000 -74.30190 0.56160
45.20000 -74.30062 0.55928
45.25000 -74.30124 0.55655
45.30000 -74.30112 0.55495
45.35000 -74.30210 0.55234
45.40000 -74.29832 0.54676
45.45000 -74.29717 0.54803
45.50000 -74.29992 0.54804
45.55000 -74.30021 0.54677
45.60000 -74.29738 0.54552
45.65000 -74.29429 0.54686
45.70000 -74.29335 0.54500
45.75000 -74.29339 0.55079
45.80000 -74.28772 0.55351
45.85000 -74.28710 0.55658
45.90000 -74.29002 0.55707
45.95000 -74.29253 0.56073
46.00000 -74.29055 0.56310
46.05000 -74.29026 0.56312
46.10000 -74.28759 0.56222
46.15000 -74.28710 0.55792
46.20000 -74.29076 0.56134
46.25000 -74.29088 0.56195
46.30000 -74.29326 0.55844
46.35000 -74.29553 0.55916
46.40000 -74.29651 0.56372
46.45000 -74.29577 0.56307
46.50000 -74.30033 0.56757
46.55000 -74.30013 0.56466
46.60000 -74.29988 0.57106
46.65000 -74.29795 0.56829
46.70000 -74.29725 0.57263
46.75000 -74.29507 0.57700
46.80000 -74.29450 0.58118
46.85000 -74.29162 0.58401
46.90000 -74.28615 0.58648
46.95000 -74.28681 0.58891
47.00000 -74.28139 0.58977
47.05000 -74.28134 0.59483
47.10000 -74.28056 0.59583
47.15000 -74.27674 0.59725
47.20000 -74.27732 0.59680
47.25000 -74.27986 0.59868
47.30000 -74.27637 0.59388
47.35000 -74.27312 0.59950
47.40000 -74.26963 0.60007
47.45000 -74.26577 0.59985
47.50000 -74.26342 0.59754
47.55000 -74.26597 0.59599
47.60000 -74.26536 0.59599
47.65000 -74.26716 0.59599
47.70000 -74.26774 0.59436
47.75000 -74.26667 0.59329
47.80000 -74.26597 0.59271
47.85000 -74.26823 0.58918
47.90000 -74.27164 0.58807
47.95000 -74.27390 0.58528
48.00000 -74.27559 0.58305
48.05000 -74.27974 0.58197
48.10000 -74.28200 0.57908
48.15000 -74.28377 0.57684
48.20000 -74.28443 0.57801
48.25000 -74.28944 0.57607
48.30000 -74.28985 0.57169
48.35000 -74.29207 0.56926
48.40000 -74.29294 0.56773
48.45000 -74.29659 0.56676
48.50000 -74.29959 0.56399
48.55000 -74.30210 0.56288
48.60000 -74.30469 0.55999
48.65000 -74.30531 0.55831
48.70000 -74.30510 0.55956
48.75000 -74.30868 0.55847
48.80000 -74.31123 0.55353
48.85000 -74.31287 0.55279
48.90000 -74.31501 0.55225
48.95000 -74.31567 0.54964
49.00000 -74.31789 0.55125
49.05000 -74.31530 0.55299
49.10000 -74.31743 0.55201
49.15000 -74.31657 0.55405
49.20000 -74.31719 0.55445
49.25000 -74.31982 0.55423
49.30000 -74.32159 0.55336
49.35000 -74.32048 0.55676
49.40000 -74.31838 0.56024
49.45000 -74.31600 0.56405
49.50000 -74.31172 0.56925
49.55000 -74.31069 0.57380
49.60000 -74.30757 0.57832
49.65000 -74.30403 0.58439
49.70000 -74.30420 0.58771
49.75000 -74.30395 0.59054
49.80000 -74.30157 0.59615
49.85000 -74.29750 0.59577
49.90000 -74.29783 0.59832
49.95000 -74.29746 0.59301
50.00000 -74.29890 0.59809
50.05000 -74.29363 0.59633
50.10000 -74.29548 0.59256
50.15000 -74.29232 0.59127
50.20000 -74.29803 0.59169
50.25000 -74.29820 0.59009
50.30000 -74.29881 0.58753
50.35000 -74.30058 0.58517
50.40000 -74.30235 0.58047
50.45000 -74.30403 0.57905
50.50000 -74.30334 0.57802
50.55000 -74.30297 0.57467
50.60000 -74.30210 0.57176
50.65000 -74.29721 0.57243
50.70000 -74.30107 0.57546
50.75000 -74.30194 0.57351
50.80000 -74.30428 0.56962
50.85000 -74.30473 0.56925
50.90000 -74.30597 0.56814
50.95000 -74.30198 0.56747
51.00000 -74.30091 0.56907
51.05000 -74.30169 0.56955
51.10000 -74.29779 0.56881
51.15000 -74.29844 0.56846
51.20000 -74.29705 0.57314
51.25000 -74.30157 0.57276
51.30000 -74.30251 0.57255
51.35000 -74.30149 0.57094
51.40000 -74.30445 0.56748
51.45000 -74.30420 0.56859
51.50000 -74.30428 0.56522
51.55000 -74.30362 0.56162
51.60000 -74.30362 0.56325
51.65000 -74.30095 0.56404
51.70000 -74.29803 0.56913
51.75000 -74.29524 0.56981
51.80000 -74.29384 0.57052
51.85000 -74.29343 0.57187
51.90000 -74.29248 0.57587
51.95000 -74.29516 0.57419
52.00000 -74.29602 0.57619
52.05000 -74.29688 0.57730
52.10000 -74.29532 0.57408
52.15000 -74.29717 0.57656
52.20000 -74.29610 0.57882
52.25000 -74.29363 0.57931
52.30000 -74.29191 0.57924
52.35000 -74.29035 0.57996
52.40000 -74.28891 0.57940
52.45000 -74.28615 0.58424
52.50000 -74.28681 0.58453
52.55000 -74.28591 0.58010
52.60000 -74.28878 0.58132
52.65000 -74.28644 0.57723
52.70000 -74.28484 0.57523
52.75000 -74.28328 0.57329
52.80000 -74.28763 0.56891
52.85000 -74.28800 0.56559
52.90000 -74.28730 0.56565
52.95000 -74.28850 0.56091
53.00000 -74.28583 0.55980
53.05000 -74.28467 0.56293
53.10000 -74.28011 0.56188
53.15000 -74.28073 0.56211
53.20000 -74.28073 0.56212
53.25000 -74.28307 0.56008
53.30000 -74.27802 0.56437
53.35000 -74.27830 0.56769
53.40000 -74.28089 0.57021
53.45000 -74.27896 0.56906
53.50000 -74.27851 0.57495
53.55000 -74.27954 0.57852
53.60000 -74.28048 0.57937
53.65000 -74.27802 0.57776
53.70000 -74.28406 0.57701
53.75000 -74.28225 0.57366
53.80000 -74.28324 0.57129
53.85000 -74.28578 0.56981
53.90000 -74.28562 0.57034
53.95000 -74.28636 0.57001
54.00000 -74.28698 0.56902
54.05000 -74.28356 0.57084
54.10000 -74.28188 0.56797
54.15000 -74.27888 0.57391
54.20000 -74.27970 0.57463
54.25000 -74.28241 0.57218
54.30000 -74.27863 0.57758
54.35000 -74.27419 0.57880
54.40000 -74.27485 0.57882
54.45000 -74.26757 0.58318
54.50000 -74.26490 0.58292
54.55000 -74.26338 0.58582
54.60000 -74.26108 0.58871
54.65000 -74.26330 0.59472
54.70000 -74.26219 0.59390
54.75000 -74.25911 0.59805
54.80000 -74.25841 0.59953
54.85000 -74.25882 0.60733
54.90000 -74.25726 0.60209
54.95000 -74.25939 0.60020
55.00000 -74.26194 0.59757
55.05000 -74.25993 0.59753
55.10000 -74.26244 0.59420
55.15000 -74.26593 0.59422
55.20000 -74.26753 0.59169
55.25000 -74.26642 0.58556
55.30000 -74.26309 0.58582
55.35000 -74.26449 0.58402
55.40000 -74.26367 0.58689
55.45000 -74.26359 0.58528
55.50000 -74.26346 0.58722
55.55000 -74.26519 0.58817
55.60000 -74.26548 0.59310
55.65000 -74.26634 0.59439
55.70000 -74.26663 0.59253
55.75000 -74.26745 0.59431
55.80000 -74.26938 0.59251
55.85000 -74.26844 0.59201
55.90000 -74.26659 0.59035
55.95000 -74.26737 0.58971
56.00000 -74.26548 0.59467
56.05000 -74.26938 0.59859
56.10000 -74.26692 0.60234
56.15000 -74.26601 0.60361
56.20000 -74.26346 0.60892
56.25000 -74.26322 0.61220
56.30000 -74.26852 0.61412
56.35000 -74.26893 0.61554
56.40000 -74.26589 0.61553
56.45000 -74.26762 0.61476
56.50000 -74.26967 0.61166
56.55000 -74.27206 0.61256
56.60000 -74.27041 0.60997
56.65000 -74.27156 0.60862
56.70000 -74.27444 0.60760
56.75000 -74.27728 0.60895
56.80000 -74.27814 0.60651
56.85000 -74.27748 0.60293
56.90000 -74.28159 0.60409
56.95000 -74.28369 0.60016
57.00000 -74.28513 0.59754
57.05000 -74.28480 0.59932
57.10000 -74.28377 0.59519
57.15000 -74.28693 0.59501
57.20000 -74.29035 0.59608
57.25000 -74.28994 0.59105
57.30000 -74.29043 0.59107
57.35000 -74.29018 0.58921
57.40000 -74.29158 0.59119
57.45000 -74.29174 0.58928
57.50000 -74.28911 0.58691
57.55000 -74.29014 0.58764
57.60000 -74.29018 0.59004
57.65000 -74.28911 0.58857
57.70000 -74.28804 0.58657
57.75000 -74.29039 0.58749
57.80000 -74.29174 0.58054
57.85000 -74.29269 0.57605
57.90000 -74.29828 0.57340
57.95000 -74.30288 0.57331
58.00000 -74.30317 0.56949
58.05000 -74.30588 0.56358
58.10000 -74.30913 0.55829
58.15000 -74.30971 0.55612
58.20000 -74.30708 0.55251
58.25000 -74.30699 0.55171
58.30000 -74.30399 0.55052
58.35000 -74.30354 0.54977
58.40000 -74.30206 0.55224
58.45000 -74.30292 0.55121
58.50000 -74.30412 0.55158
58.55000 -74.29947 0.55278
58.60000 -74.29849 0.55042
58.65000 -74.29717 0.54789
58.70000 -74.29733 0.54783
58.75000 -74.29684 0.54925
58.80000 -74.29606 0.55279
58.85000 -74.29462 0.55732
58.90000 -74.29022 0.55564
58.95000 -74.28677 0.55716
59.00000 -74.28578 0.55951
59.05000 -74.28841 0.56037
59.10000 -74.28751 0.56351
59.15000 -74.28673 0.56022
59.20000 -74.28562 0.56140
59.25000 -74.28718 0.56181
59.30000 -74.28920 0.55979
59.35000 -74.28969 0.55914
59.40000 -74.29018 0.55349
59.45000 -74.29026 0.55158
59.50000 -74.28726 0.55562
59.55000 -74.28533 0.55538
59.60000 -74.28019 0.55518
59.65000 -74.28069 0.55351
59.70000 -74.28069 0.55676
59.75000 -74.27929 0.56016
59.80000 -74.27600 0.56114
59.85000 -74.27641 0.56406
59.90000 -74.27263 0.56341
59.95000 -74.27473 0.56401
60.00000 -74.27489 0.56397
60.05000 -74.27181 0.56485
60.10000 -74.27247 0.56960
60.15000 -74.27033 0.57155
60.20000 -74.26745 0.57477
60.25000 -74.26897 0.57633
60.30000 -74.27127 0.58029
60.35000 -74.27201 0.58257
60.40000 -74.27584 0.58042
60.45000 -74.27982 0.57768
60.50000 -74.27978 0.57730
60.55000 -74.28106 0.57383
60.60000 -74.28328 0.57229
60.65000 -74.28418 0.57207
60.70000 -74.28735 0.56689
60.75000 -74.29072 0.56566
60.80000 -74.28973 0.56660
60.85000 -74.29232 0.56583
60.90000 -74.29248 0.56802
60.95000 -74.28837 0.56535
61.00000 -74.29129 0.56627
61.05000 -74.28837 0.56636
61.10000 -74.28850 0.56881
61.15000 -74.28788 0.57304
61.20000 -74.28936 0.57342
61.25000 -74.28870 0.57586
61.30000 -74.28911 0.57887
61.35000 -74.28640 0.58009
61.40000 -74.28726 0.58190
61.45000 -74.28702 0.57906
61.50000 -74.28517 0.58132
61.55000 -74.28287 0.58515
61.60000 -74.28048 0.58453
61.65000 -74.27904 0.58435
61.70000 -74.27608 0.58626
61.75000 -74.27444 0.58477
61.80000 -74.27136 0.58377
61.85000 -74.27399 0.58444
61.90000 -74.27132 0.58410
61.95000 -74.27251 0.58101
62.00000 -74.27230 0.57840
62.05000 -74.27238 0.57771
62.10000 -74.27469 0.57586
62.15000 -74.27259 0.57592
62.20000 -74.27008 0.57343
62.25000 -74.27617 0.57224
62.30000 -74.27567 0.57259
62.35000 -74.27863 0.56865
62.40000 -74.28139 0.57018
62.45000 -74.28167 0.56499
62.50000 -74.28060 0.56280
62.55000 -74.28176 0.56083
62.60000 -74.28393 0.56303
62.65000 -74.28772 0.56160
62.70000 -74.28837 0.56090
62.75000 -74.28907 0.56181
62.80000 -74.28883 0.56174
62.85000 -74.29261 0.56933
62.90000 -74.29376 0.57293
62.95000 -74.29462 0.56954
63.00000 -74.29643 0.56649
63.05000 -74.29536 0.56839
63.10000 -74.29795 0.56688
63.15000 -74.30268 0.56578
63.20000 -74.30301 0.56317
63.25000 -74.30687 0.55563
63.30000 -74.30543 0.55344
63.35000 -74.30280 0.55490
63.40000 -74.30358 0.55481
63.45000 -74.30346 0.55239
63.50000 -74.30202 0.55167
63.55000 -74.30009 0.55389
63.60000 -74.30235 0.55616
63.65000 -74.30342 0.56237
63.70000 -74.30181 0.56178
63.75000 -74.30334 0.56059
63.80000 -74.30214 0.56266
63.85000 -74.30514 0.56063
63.90000 -74.30683 0.56339
63.95000 -74.30794 0.55949
64.00000 -74.30868 0.56148
64.05000 -74.31119 0.56040
64.10000 -74.30983 0.55737
64.15000 -74.30921 0.55573
64.20000 -74.30798 0.55849
64.25000 -74.30654 0.55881
64.30000 -74.31168 0.55672
64.35000 -74.31131 0.55840
64.40000 -74.31209 0.55810
64.45000 -74.31156 0.56154
64.50000 -74.31172 0.56263
64.55000 -74.31246 0.56566
64.60000 -74.31320 0.56559
64.65000 -74.31575 0.56799
64.70000 -74.31431 0.56629
64.75000 -74.31928 0.56147
64.80000 -74.31904 0.56338
64.85000 -74.31969 0.56437
64.90000 -74.32179 0.55951
64.95000 -74.31941 0.56013
65.00000 -74.31920 0.55979
65.05000 -74.31772 0.56426
65.10000 -74.31764 0.56521
65.15000 -74.31748 0.56401
65.20000 -74.31558 0.56925
65.25000 -74.31468 0.57217
65.30000 -74.31094 0.57625
65.35000 -74.31131 0.58255
65.40000 -74.30983 0.58696
65.45000 -74.30658 0.59181
65.50000 -74.30535 0.59184
65.55000 -74.30235 0.59404
65.60000 -74.30251 0.59906
65.65000 -74.30210 0.59834
65.70000 -74.30358 0.59708
65.75000 -74.30161 0.59705
65.80000 -74.29931 0.59641
65.85000 -74.29775 0.60058
65.90000 -74.29622 0.60191
65.95000 -74.30042 0.60271
66.00000 -74.30103 0.59858
66.05000 -74.29914 0.59841
66.10000 -74.29992 0.59888
66.15000 -74.30342 0.59878
66.20000 -74.30720 0.60045
66.25000 -74.31147 0.59923
66.30000 -74.31032 0.59828
66.35000 -74.30987 0.59603
66.40000 -74.31016 0.59741
66.45000 -74.31094 0.59886
66.50000 -74.30782 0.59975
66.55000 -74.31004 0.60046
66.60000 -74.31053 0.60140
66.65000 -74.31217 0.59780
66.70000 -74.31164 0.59742
66.75000 -74.31193 0.59756
66.80000 -74.31234 0.59670
66.85000 -74.31020 0.59583
66.90000 -74.31357 0.59566
66.95000 -74.31357 0.59402
67.00000 -74.31534 0.59116
67.05000 -74.31456 0.58748
67.10000 -74.31530 0.58938
67.15000 -74.31513 0.59088
67.20000 -74.32027 0.59109
67.25000 -74.31965 0.59292
67.30000 -74.31776 0.59220
67.35000 -74.31752 0.59537
67.40000 -74.31612 0.59374
67.45000 -74.31332 0.59449
67.50000 -74.31053 0.59656
67.55000 -74.30732 0.59889
67.60000 -74.30445 0.59402
67.65000 -74.30264 0.59256
67.70000 -74.30046 0.59152
67.75000 -74.29701 0.59006
67.80000 -74.29536 0.59116
67.85000 -74.29413 0.59325
67.90000 -74.29343 0.59438
67.95000 -74.29269 0.59154
68.00000 -74.29380 0.59003
68.05000 -74.29417 0.59129
68.10000 -74.29705 0.59113
68.15000 -74.29721 0.58776
68.20000 -74.29910 0.59110
68.25000 -74.29783 0.58564
68.30000 -74.30001 0.58245
68.35000 -74.29886 0.58099
68.40000 -74.29898 0.57853
68.45000 -74.29651 0.57557
68.50000 -74.29779 0.57702
68.55000 -74.29733 0.57574
68.60000 -74.29606 0.57155
68.65000 -74.29507 0.57528
68.70000 -74.29281 0.57440
68.75000 -74.29236 0.57009
68.80000 -74.29285 0.56803
68.85000 -74.28911 0.56758
68.90000 -74.29170 0.57105
68.95000 -74.29174 0.57371
69.00000 -74.29289 0.57476
69.05000 -74.29355 0.57451
69.10000 -74.29479 0.57237
69.15000 -74.29479 0.57011
69.20000 -74.29277 0.57098
69.25000 -74.29622 0.56752
69.30000 -74.29976 0.56400
69.35000 -74.29742 0.56226
69.40000 -74.29927 0.55843
69.45000 -74.30103 0.55641
69.50000 -74.30362 0.55444
69.55000 -74.30588 0.55142
69.60000 -74.30860 0.55381
69.65000 -74.30835 0.54951
69.70000 -74.30605 0.55012
69.75000 -74.30716 0.55455
69.80000 -74.30847 0.55400
69.85000 -74.30888 0.55753
69.90000 -74.30769 0.55635
69.95000 -74.30769 0.55887
70.00000 -74.30868 0.55740
70.05000 -74.31110 0.55906
70.10000 -74.31242 0.55631
70.15000 -74.30921 0.55839
70.20000 -74.30864 0.56162
70.25000 -74.30638 0.56311
70.30000 -74.30560 0.56083
70.35000 -74.30050 0.56254
70.40000 -74.30140 0.56490
70.45000 -74.29783 0.56543
70.50000 -74.29347 0.56550
70.55000 -74.29072 0.56904
70.60000 -74.28763 0.57197
70.65000 -74.28780 0.57624
70.70000 -74.28619 0.57790
70.75000 -74.28689 0.57681
70.80000 -74.28644 0.58027
70.85000 -74.28282 0.57869
70.90000 -74.27781 0.58109
70.95000 -74.27929 0.58567
71.00000 -74.27958 0.58524
71.05000 -74.28241 0.58722
71.10000 -74.28315 0.58487
71.15000 -74.28159 0.58309
71.20000 -74.28410 0.58282
71.25000 -74.28804 0.57956
71.30000 -74.29253 0.57838
71.35000 -74.29059 0.57536
71.40000 -74.29532 0.56950
71.45000 -74.29713 0.56794
71.50000 -74.29557 0.56787
71.55000 -74.29396 0.56197
71.60000 -74.29368 0.56196
71.65000 -74.29133 0.56013
71.70000 -74.29220 0.56668
71.75000 -74.29035 0.56377
71.80000 -74.29310 0.56657
71.85000 -74.28977 0.56585
71.90000 -74.28587 0.56362
71.95000 -74.28546 0.56507
72.00000 -74.28546 0.56531
72.05000 -74.28862 0.56699
72.10000 -74.28903 0.56883
72.15000 -74.29191 0.56744
72.20000 -74.28870 0.56788
72.25000 -74.29166 0.56297
72.30000 -74.29544 0.56248
72.35000 -74.29622 0.55840
72.40000 -74.29742 0.56016
72.45000 -74.29828 0.55760
72.50000 -74.29964 0.55848
72.55000 -74.30144 0.55911
72.60000 -74.30535 0.55804
72.65000 -74.30794 0.55530
72.70000 -74.30839 0.55274
72.75000 -74.31172 0.54861
72.80000 -74.31016 0.54699
72.85000 -74.31036 0.54370
72.90000 -74.30597 0.54642
72.95000 -74.30917 0.54283
73.00000 -74.30580 0.54105
73.05000 -74.30482 0.54452
73.10000 -74.30334 0.54812
73.15000 -74.30646 0.54855
73.20000 -74.30403 0.55330
73.25000 -74.30383 0.55347
73.30000 -74.29713 0.55468
73.35000 -74.29820 0.55992
73.40000 -74.29787 0.56161
73.45000 -74.29569 0.56795
73.50000 -74.29680 0.57343
73.55000 -74.29651 0.57334
73.60000 -74.29454 0.57715
73.65000 -74.29458 0.57732
73.70000 -74.29651 0.57661
73.75000 -74.29614 0.57358
73.80000 -74.29696 0.57023
73.85000 -74.29816 0.57189
73.90000 -74.29881 0.56873
73.95000 -74.30214 0.56474
74.00000 -74.30058 0.56480
74.05000 -74.29931 0.56217
74.10000 -74.30062 0.55951
74.15000 -74.29898 0.56345
74.20000 -74.30165 0.56511
74.25000 -74.29964 0.56514
74.30000 -74.29672 0.56436
74.35000 -74.29959 0.57005
74.40000 -74.29988 0.56948
74.45000 -74.29902 0.57350
74.50000 -74.29807 0.57172
74.55000 -74.29964 0.57134
74.60000 -74.30190 0.57023
74.65000 -74.30646 0.56806
74.70000 -74.30679 0.56334
74.75000 -74.30720 0.55699
74.80000 -74.30983 0.55823
74.85000 -74.31123 0.55393
74.90000 -74.30905 0.55587
74.95000 -74.31143 0.54873
75.00000 -74.31316 0.55085
75.05000 -74.30979 0.54712
75.10000 -74.30851 0.54685
75.15000 -74.30942 0.54954
75.20000 -74.30819 0.54782
75.25000 -74.30514 0.54479
75.30000 -74.30613 0.54767
75.35000 -74.30560 0.54905
75.40000 -74.30436 0.54958
75.45000 -74.30342 0.54779
75.50000 -74.30025 0.54582
75.55000 -74.30079 0.55231
75.60000 -74.29861 0.55602
75.65000 -74.29659 0.55743
75.70000 -74.29729 0.56323
75.75000 -74.29692 0.56746
75.80000 -74.29923 0.56464
75.85000 -74.30009 0.56282
75.90000 -74.30420 0.56429
75.95000 -74.29968 0.56224
76.00000 -74.30001 0.56479
76.05000 -74.30075 0.56666
76.10000 -74.29927 0.56708
76.15000 -74.30050 0.56673
76.20000 -74.30186 0.56220
76.25000 -74.30280 0.56409
76.30000 -74.30054 0.56684
76.35000 -74.30050 0.56578
76.40000 -74.30379 0.56341
76.45000 -74.30506 0.56309
76.50000 -74.30699 0.56269
76.55000 -74.30613 0.56208
76.60000 -74.30691 0.55994
76.65000 -74.31057 0.55849
76.70000 -74.30876 0.56127
76.75000 -74.30962 0.55653
76.80000 -74.30819 0.55689
76.85000 -74.31267 0.55809
76.90000 -74.31390 0.55359
76.95000 -74.31217 0.55283
77.00000 -74.30979 0.55371
77.05000 -74.30868 0.55416
77.10000 -74.31189 0.55256
77.15000 -74.30703 0.55143
77.20000 -74.30646 0.55441
77.25000 -74.30342 0.55705
77.30000 -74.30629 0.56122
77.35000 -74.30198 0.56517
77.40000 -74.29980 0.56821
77.45000 -74.30350 0.56927
77.50000 -74.30486 0.56784
77.55000 -74.30666 0.56875
77.60000 -74.30925 0.56738
77.65000 -74.31382 0.56297
77.70000 -74.31258 0.56251
77.75000 -74.31624 0.56141
77.80000 -74.31904 0.56085
77.85000 -74.31706 0.56586
77.90000 -74.31624 0.56272
77.95000 -74.31530 0.55964
78.00000 -74.31550 0.56309
78.05000 -74.31657 0.56205
78.10000 -74.31435 0.56232
78.15000 -74.31238 0.56314
78.20000 -74.31119 0.56300
78.25000 -74.31180 0.56389
78.30000 -74.31213 0.56432
78.35000 -74.31201 0.56363
78.40000 -74.31053 0.56355
78.45000 -74.30983 0.55701
78.50000 -74.30732 0.56100
78.55000 -74.30921 0.55755
78.60000 -74.30519 0.56045
78.65000 -74.30864 0.56035
78.70000 -74.30621 0.56044
78.75000 -74.30403 0.55966
78.80000 -74.30473 0.55719
78.85000 -74.30169 0.55766
78.90000 -74.30013 0.55983
78.95000 -74.29458 0.56135
79.00000 -74.29783 0.56544
79.05000 -74.29894 0.56780
79.10000 -74.29680 0.56705
79.15000 -74.29392 0.56831
79.20000 -74.29602 0.57033
79.25000 -74.29289 0.56994
79.30000 -74.29479 0.56663
79.35000 -74.29828 0.56356
79.40000 -74.30375 0.56037
79.45000 -74.30338 0.55466
79.50000 -74.30724 0.55092
79.55000 -74.31283 0.54463
79.60000 -74.31867 0.54047
79.65000 -74.31484 0.53769
79.70000 -74.32146 0.53707
79.75000 -74.32159 0.52751
79.80000 -74.32504 0.52292
79.85000 -74.32886 0.52122
79.90000 -74.32878 0.51657
79.95000 -74.33153 0.51516
80.00000 -74.32746 0.51657
80.05000 -74.32664 0.51614
80.10000 -74.32779 0.52001
80.15000 -74.32676 0.52110
80.20000 -74.32570 0.52792
80.25000 -74.32154 0.52906
80.30000 -74.32265 0.52909
80.35000 -74.32397 0.52586
80.40000 -74.32352 0.52499
80.45000 -74.32335 0.52346
80.50000 -74.32738 0.52133
80.55000 -74.32442 0.52325
80.60000 -74.32668 0.52636
80.65000 -74.32566 0.52370
80.70000 -74.32570 0.52888
80.75000 -74.32405 0.53488
80.80000 -74.32422 0.53895
80.85000 -74.32072 0.53693
80.90000 -74.32187 0.54095
80.95000 -74.32023 0.54339
81.00000 -74.31772 0.54249
81.05000 -74.31484 0.54334
81.10000 -74.31563 0.54064
81.15000 -74.31686 0.54125
81.20000 -74.31571 0.53901
81.25000 -74.31373 0.54144
81.30000 -74.31460 0.54355
81.35000 -74.31152 0.54742
81.40000 -74.30905 0.55156
81.45000 -74.30761 0.55437
81.50000 -74.30893 0.55226
81.55000 -74.31386 0.55020
81.60000 -74.31415 0.54968
81.65000 -74.31147 0.55159
81.70000 -74.31863 0.55037
81.75000 -74.32011 0.54978
81.80000 -74.31953 0.54854
81.85000 -74.31719 0.54754
81.90000 -74.31612 0.55037
81.95000 -74.31982 0.55675
82.00000 -74.31998 0.55341
82.05000 -74.32019 0.55457
82.10000 -74.31801 0.55424
82.15000 -74.31558 0.55712
82.20000 -74.31846 0.55833
82.25000 -74.31489 0.55962
82.30000 -74.31189 0.56252
82.35000 -74.30917 0.56105
82.40000 -74.30847 0.56143
82.45000 -74.30728 0.56422
82.50000 -74.30313 0.56788
82.55000 -74.30136 0.56499
82.60000 -74.30264 0.56249
82.65000 -74.30276 0.56225
82.70000 -74.30798 0.56396
82.75000 -74.31139 0.56056
82.80000 -74.31201 0.55748
82.85000 -74.31341 0.55124
82.90000 -74.31797 0.55068
82.95000 -74.32175 0.54745
83.00000 -74.32598 0.54736
83.05000 -74.32385 0.54455
83.10000 -74.32615 0.54293
83.15000 -74.32570 0.53944
83.20000 -74.32298 0.54081
83.25000 -74.32426 0.54123
83.30000 -74.32393 0.54429
83.35000 -74.32068 0.54579
83.40000 -74.32265 0.54653
83.45000 -74.32154 0.54732
83.50000 -74.32027 0.55030
83.55000 -74.32064 0.55109
83.60000 -74.32228 0.54871
83.65000 -74.32344 0.55209
83.70000 -74.32496 0.55083
83.75000 -74.32294 0.55321
83.80000 -74.31912 0.55003
83.85000 -74.31637 0.55453
83.90000 -74.32122 0.55227
83.95000 -74.31887 0.55496
84.00000 -74.31760 0.55477
84.05000 -74.32023 0.55377
84.10000 -74.31748 0.55203
84.15000 -74.31813 0.55390
84.20000 -74.31785 0.54785
84.25000 -74.31608 0.55079
84.30000 -74.31830 0.55342
84.35000 -74.32060 0.55168
84.40000 -74.32208 0.55090
84.45000 -74.32011 0.55237
84.50000 -74.31896 0.55279
84.55000 -74.31727 0.55258
84.60000 -74.31776 0.55183
84.65000 -74.31879 0.55229
84.70000 -74.31780 0.55717
84.75000 -74.31743 0.55532
84.80000 -74.31628 0.55522
84.85000 -74.31489 0.55426
84.90000 -74.31620 0.55190
84.95000 -74.31439 0.55448
85.00000 -74.31279 0.55444
85.05000 -74.31156 0.55119
85.10000 -74.31439 0.55146
85.15000 -74.31719 0.55052
85.20000 -74.31493 0.55337
85.25000 -74.31283 0.55481
85.30000 -74.31098 0.55316
85.35000 -74.31065 0.55476
85.40000 -74.31312 0.55529
85.45000 -74.31069 0.55508
85.50000 -74.30794 0.55275
85.55000 -74.31008 0.55268
85.60000 -74.30971 0.55204
85.65000 -74.30917 0.55222
85.70000 -74.30847 0.55406
85.75000 -74.30391 0.55523
85.80000 -74.30593 0.55585
85.85000 -74.30642 0.55593
85.90000 -74.30621 0.55852
85.95000 -74.30473 0.56268
86.00000 -74.30502 0.56326
86.05000 -74.30683 0.56358
86.10000 -74.30560 0.56627
86.15000 -74.30687 0.56813
86.20000 -74.30239 0.56956
86.25000 -74.30218 0.56883
86.30000 -74.30198 0.56802
86.35000 -74.29627 0.57078
86.40000 -74.29359 0.57169
86.45000 -74.29277 0.57188
86.50000 -74.28800 0.57449
86.55000 -74.28525 0.57619
86.60000 -74.28566 0.57834
86.65000 -74.27986 0.57923
86.70000 -74.28167 0.57997
86.75000 -74.28093 0.57704
86.80000 -74.28262 0.57255
86.85000 -74.28237 0.57228
86.90000 -74.28270 0.56888
86.95000 -74.28566 0.56469
87.00000 -74.29047 0.57080
87.05000 -74.29224 0.56843
87.10000 -74.29244 0.56468
87.15000 -74.29072 0.56625
87.20000 -74.29174 0.56635
87.25000 -74.29561 0.56817
87.30000 -74.29232 0.56721
87.35000 -74.29010 0.56584
87.40000 -74.29117 0.56867
87.45000 -74.29310 0.56826
87.50000 -74.29425 0.56936
87.55000 -74.28874 0.56834
87.60000 -74.28977 0.56999
87.65000 -74.28944 0.57054
87.70000 -74.28817 0.57128
87.75000 -74.28998 0.57271
87.80000 -74.29047 0.57370
87.85000 -74.28739 0.57187
87.90000 -74.28977 0.57000
87.95000 -74.29105 0.56942
88.00000 -74.29018 0.56730
88.05000 -74.29166 0.56597
88.10000 -74.29236 0.56412
88.15000 -74.28899 0.56361
88.20000 -74.29100 0.56426
88.25000 -74.29100 0.56511
88.30000 -74.29043 0.56202
88.35000 -74.29010 0.56531
88.40000 -74.29031 0.56225
88.45000 -74.29072 0.55736
88.50000 -74.29142 0.55560
88.55000 -74.29072 0.55295
88.60000 -74.29055 0.54913
88.65000 -74.29240 0.54782
88.70000 -74.29273 0.54707
88.75000 -74.29421 0.54858
88.80000 -74.29396 0.54556
88.85000 -74.29688 0.54774
88.90000 -74.29672 0.54964
88.95000 -74.29627 0.55026
89.00000 -74.30506 0.55074
89.05000 -74.30593 0.55140
89.10000 -74.30769 0.54946
89.15000 -74.30905 0.55200
89.20000 -74.30683 0.55092
89.25000 -74.30395 0.55278
89.30000 -74.30194 0.55374
89.35000 -74.29844 0.55599
89.40000 -74.29787 0.56074
89.45000 -74.29355 0.56221
89.50000 -74.28989 0.56889
89.55000 -74.28566 0.57413
89.60000 -74.28587 0.57976
89.65000 -74.28192 0.58212
89.70000 -74.27785 0.58510
89.75000 -74.27469 0.58826
89.80000 -74.27403 0.59524
89.85000 -74.27099 0.59854
89.90000 -74.26819 0.59842
89.95000 -74.26770 0.59536
90.00000 -74.26947 0.59624
90.05000 -74.27078 0.59830
90.10000 -74.27115 0.59300
90.15000 -74.27066 0.59109
90.20000 -74.27214 0.58838
90.25000 -74.27177 0.58438
90.30000 -74.27501 0.58412
90.35000 -74.27781 0.58380
90.40000 -74.27349 0.58248
90.45000 -74.28019 0.58189
90.50000 -74.27880 0.58096
90.55000 -74.27765 0.58317
90.60000 -74.28019 0.58345
90.65000 -74.27917 0.58026
90.70000 -74.28208 0.58200
90.75000 -74.28176 0.58157
90.80000 -74.27876 0.58160
90.85000 -74.27555 0.58312
90.90000 -74.28023 0.57893
90.95000 -74.28303 0.58590
91.00000 -74.28032 0.58857
91.05000 -74.28254 0.59033
91.10000 -74.28122 0.59196
91.15000 -74.28196 0.59566
91.20000 -74.28303 0.59638
91.25000 -74.28669 0.59791
91.30000 -74.28632 0.59803
91.35000 -74.28492 0.59829
91.40000 -74.29055 0.60031
91.45000 -74.29442 0.59705
91.50000 -74.29376 0.59559
91.55000 -74.29433 0.59528
91.60000 -74.29495 0.59487
91.65000 -74.29750 0.59552
91.70000 -74.29647 0.59359
91.75000 -74.29651 0.59200
91.80000 -74.29622 0.59048
91.85000 -74.29557 0.59075
91.90000 -74.30132 0.59053
91.95000 -74.29910 0.59265
92.00000 -74.29955 0.59364
92.05000 -74.29980 0.59315
92.10000 -74.29762 0.59614
92.15000 -74.29828 0.59471
92.20000 -74.30033 0.59674
92.25000 -74.29807 0.59533
92.30000 -74.29881 0.59111
92.35000 -74.30005 0.59187
92.40000 -74.30403 0.58778
92.45000 -74.30679 0.58709
92.50000 -74.30905 0.58540
92.55000 -74.30732 0.58269
92.60000 -74.30810 0.57909
92.65000 -74.31250 0.57650
92.70000 -74.30671 0.57484
92.75000 -74.30675 0.57009
92.80000 -74.30629 0.57466
92.85000 -74.30403 0.57089
92.90000 -74.30239 0.57518
92.95000 -74.30198 0.57651
93.00000 -74.30083 0.57589
93.05000 -74.30190 0.57943
93.10000 -74.30218 0.58018
93.15000 -74.29598 0.58307
93.20000 -74.29688 0.58799
93.25000 -74.29220 0.58896
93.30000 -74.29211 0.58863
93.35000 -74.28780 0.59491
93.40000 -74.28866 0.59343
93.45000 -74.28841 0.60092
93.50000 -74.28698 0.60181
93.55000 -74.28525 0.60330
93.60000 -74.28196 0.60348
93.65000 -74.28167 0.60375
93.70000 -74.28192 0.59796
93.75000 -74.28406 0.59457
93.80000 -74.28615 0.59020
93.85000 -74.28509 0.58558
93.90000 -74.28636 0.58244
93.95000 -74.28373 0.58191
94.00000 -74.28484 0.57911
94.05000 -74.28422 0.57388
94.10000 -74.28402 0.57235
94.15000 -74.27892 0.56964
94.20000 -74.28102 0.57042
94.25000 -74.28262 0.56909
94.30000 -74.28003 0.56928
94.35000 -74.27884 0.57152
94.40000 -74.27962 0.57130
94.45000 -74.27645 0.56895
94.50000 -74.27740 0.57327
94.55000 -74.28052 0.57316
94.60000 -74.28114 0.57257
94.65000 -74.27711 0.57343
94.70000 -74.27674 0.57621
94.75000 -74.27715 0.57514
94.80000 -74.28040 0.57384
94.85000 -74.27999 0.57579
94.90000 -74.27982 0.57597
94.95000 -74.28003 0.57651
95.00000 -74.28644 0.57618
95.05000 -74.28406 0.57664
95.10000 -74.28624 0.57823
95.15000 -74.28763 0.57815
95.20000 -74.28932 0.57943
95.25000 -74.28693 0.58142
95.30000 -74.28858 0.57891
95.35000 -74.28780 0.58058
95.40000 -74.28763 0.58033
95.45000 -74.29059 0.58034
95.50000 -74.28792 0.57854
95.55000 -74.29117 0.57956
95.60000 -74.29068 0.57692
95.65000 -74.29507 0.58149
95.70000 -74.29294 0.57939
95.75000 -74.29483 0.57884
95.80000 -74.29380 0.58044
95.85000 -74.29368 0.57925
95.90000 -74.29433 0.57783
95.95000 -74.29380 0.57905
96.00000 -74.29376 0.58240
96.05000 -74.29326 0.58464
96.10000 -74.29331 0.58276
96.15000 -74.29191 0.58467
96.20000 -74.29158 0.58506
96.25000 -74.29520 0.58690
96.30000 -74.29487 0.58412
96.35000 -74.29433 0.58833
96.40000 -74.28977 0.58833
96.45000 -74.29080 0.59032
96.50000 -74.29248 0.59410
96.55000 -74.29306 0.59104
96.60000 -74.29195 0.59173
96.65000 -74.28846 0.59159
96.70000 -74.28763 0.59446
96.75000 -74.28895 0.59646
96.80000 -74.29121 0.59730
96.85000 -74.29236 0.59704
96.90000 -74.29125 0.59619
96.95000 -74.29384 0.59639
97.00000 -74.29553 0.59416
97.05000 -74.29466 0.59536
97.10000 -74.29951 0.59681
97.15000 -74.29894 0.59074
97.20000 -74.29692 0.58964
97.25000 -74.30116 0.59062
97.30000 -74.30046 0.58720
97.35000 -74.30181 0.58622
97.40000 -74.30436 0.58516
97.45000 -74.30432 0.58684
97.50000 -74.30605 0.58287
97.55000 -74.30658 0.58403
97.60000 -74.30371 0.58378
97.65000 -74.30436 0.58384
97.70000 -74.30358 0.57730
97.75000 -74.30584 0.57329
97.80000 -74.30551 0.57059
97.85000 -74.30387 0.56789
97.90000 -74.30218 0.57144
97.95000 -74.30013 0.57130
98.00000 -74.30157 0.57223
98.05000 -74.30079 0.57353
98.10000 -74.30597 0.57094
98.15000 -74.30769 0.57140
98.20000 -74.30806 0.56887
98.25000 -74.31106 0.57292
98.30000 -74.30975 0.57341
98.35000 -74.31028 0.57416
98.40000 -74.31065 0.57504
98.45000 -74.31073 0.57325
98.50000 -74.31119 0.57365
98.55000 -74.30958 0.57416
98.60000 -74.30987 0.57515
98.65000 -74.30556 0.57493
98.70000 -74.30547 0.57662
98.75000 -74.30116 0.57583
98.80000 -74.30272 0.57777
98.85000 -74.29894 0.57624
98.90000 -74.30083 0.57104
98.95000 -74.29816 0.57221
99.00000 -74.29865 0.57083
99.05000 -74.29927 0.57260
99.10000 -74.30066 0.56533
99.15000 -74.30009 0.56402
99.20000 -74.30399 0.55941
99.25000 -74.30535 0.55556
99.30000 -74.30634 0.55555
99.35000 -74.30658 0.55072
99.40000 -74.30749 0.54848
99.45000 -74.31008 0.54333
99.50000 -74.31176 0.54106
99.55000 -74.30769 0.54173
99.60000 -74.31082 0.54196
99.65000 -74.31435 0.54259
99.70000 -74.31378 0.54294
99.75000 -74.31493 0.54434
99.80000 -74.31221 0.54675
99.85000 -74.31493 0.54808
99.90000 -74.31386 0.54941
99.95000 -74.31645 0.54988
100.00000 -74.31415 0.55184
100.05000 -74.31583 0.55291
100.10000 -74.31604 0.55552
100.15000 -74.31423 0.55453
100.20000 -74.31538 0.55744
100.25000 -74.31505 0.55880
100.30000 -74.31160 0.56000
100.35000 -74.31049 0.56278
100.40000 -74.31086 0.56580
100.45000 -74.31209 0.56383
100.50000 -74.30703 0.56557
100.55000 -74.30925 0.56452
100.60000 -74.30777 0.56392
100.65000 -74.30687 0.56748
100.70000 -74.30847 0.56769
100.75000 -74.30358 0.57028
100.80000 -74.30477 0.56966
100.85000 -74.30954 0.57060
100.90000 -74.31263 0.56893
100.95000 -74.31267 0.56769
101.00000 -74.31036 0.56729
101.05000 -74.31357 0.56666
101.10000 -74.31406 0.56306
101.15000 -74.31336 0.56086
101.20000 -74.31480 0.56148
101.25000 -74.31497 0.56108
101.30000 -74.31234 0.56360
101.35000 -74.31336 0.56082
101.40000 -74.31242 0.56207
101.45000 -74.31119 0.56286
101.50000 -74.30872 0.56172
101.55000 -74.31073 0.56639
101.60000 -74.30679 0.57655
101.65000 -74.30514 0.58062
101.70000 -74.29955 0.58431
101.75000 -74.30165 0.59194
101.80000 -74.30223 0.59481
101.85000 -74.30276 0.59697
101.90000 -74.30116 0.59749
101.95000 -74.29935 0.59635
102.00000 -74.30013 0.59577
102.05000 -74.30276 0.59416
102.10000 -74.30642 0.59077
102.15000 -74.30371 0.58951
102.20000 -74.30231 0.58942
102.25000 -74.30556 0.58558
102.30000 -74.30769 0.58392
102.35000 -74.31041 0.58084
102.40000 -74.31587 0.57827
102.45000 -74.31493 0.57490
102.50000 -74.31965 0.57133
102.55000 -74.31928 0.56995
102.60000 -74.31953 0.56588
102.65000 -74.31965 0.56328
102.70000 -74.31961 0.56234
102.75000 -74.32327 0.56395
102.80000 -74.32368 0.56108
102.85000 -74.32200 0.56472
102.90000 -74.32389 0.56187
102.95000 -74.32319 0.55846
103.00000 -74.32344 0.55929
103.05000 -74.32401 0.55902
103.10000 -74.32302 0.56117
103.15000 -74.32126 0.56524
103.20000 -74.32200 0.56923
103.25000 -74.32154 0.57084
103.30000 -74.32249 0.57080
103.35000 -74.31891 0.57699
103.40000 -74.31723 0.58239
103.45000 -74.31637 0.58532
103.50000 -74.31415 0.58597
103.55000 -74.31386 0.58708
103.60000 -74.31558 0.58542
103.65000 -74.31678 0.58504
103.70000 -74.31854 0.58549
103.75000 -74.32006 0.58294
103.80000 -74.32302 0.57825
103.85000 -74.32080 0.57842
103.90000 -74.31694 0.57873
103.95000 -74.32043 0.58108
104.00000 -74.31928 0.58149
104.05000 -74.32204 0.58113
104.10000 -74.32344 0.58155
104.15000 -74.32639 0.57826
104.20000 -74.32701 0.57842
104.25000 -74.32956 0.57603
104.30000 -74.32874 0.57705
104.35000 -74.32467 0.57653
104.40000 -74.32590 0.57652
104.45000 -74.32471 0.57517
104.50000 -74.32738 0.57387
104.55000 -74.32516 0.57300
104.60000 -74.32520 0.57189
104.65000 -74.32150 0.57218
104.70000 -74.31891 0.57727
104.75000 -74.32056 0.57856
104.80000 -74.31706 0.57945
104.85000 -74.31304 0.58421
104.90000 -74.31357 0.58358
104.95000 -74.31423 0.58607
105.00000 -74.31073 0.58724
105.05000 -74.31082 0.58601
105.10000 -74.31324 0.58520
105.15000 -74.30790 0.58496
105.20000 -74.30930 0.58011
105.25000 -74.30786 0.57983
105.30000 -74.30930 0.58052
105.35000 -74.30593 0.58137
105.40000 -74.30362 0.58067
105.45000 -74.30013 0.58008
105.50000 -74.29762 0.58012
105.55000 -74.29651 0.58154
105.60000 -74.29594 0.58467
105.65000 -74.29392 0.58396
105.70000 -74.29047 0.58924
105.75000 -74.28451 0.58750
105.80000 -74.28615 0.59570
105.85000 -74.29158 0.59516
105.90000 -74.29289 0.59097
105.95000 -74.29828 0.59132
106.00000 -74.29877 0.58899
106.05000 -74.29927 0.58925
106.10000 -74.29705 0.58599
106.15000 -74.29766 0.58215
106.20000 -74.29959 0.57842
106.25000 -74.29996 0.58052
106.30000 -74.30260 0.58367
106.35000 -74.30268 0.58698
106.40000 -74.30083 0.59108
106.45000 -74.30210 0.59774
106.50000 -74.30038 0.60285
106.55000 -74.29927 0.60473
106.60000 -74.29807 0.60493
106.65000 -74.29343 0.60822
106.70000 -74.29277 0.60964
106.75000 -74.29590 0.61281
106.80000 -74.30177 0.61538
106.85000 -74.29635 0.61369
106.90000 -74.30046 0.61277
106.95000 -74.30292 0.60903
107.00000 -74.30149 0.60746
107.05000 -74.30494 0.60379
107.10000 -74.30753 0.59640
107.15000 -74.30691 0.59344
107.20000 -74.31020 0.58897
107.25000 -74.31254 0.58250
107.30000 -74.31147 0.57840
107.35000 -74.31353 0.57425
107.40000 -74.31139 0.57029
107.45000 -74.31780 0.57270
107.50000 -74.31653 0.57041
107.55000 -74.31620 0.56560
107.60000 -74.31743 0.56567
107.65000 -74.32031 0.56267
107.70000 -74.32249 0.56062
107.75000 -74.32450 0.55862
107.80000 -74.32434 0.56100
107.85000 -74.32829 0.55556
107.90000 -74.33108 0.55602
107.95000 -74.33704 0.55512
108.00000 -74.34008 0.55612
108.05000 -74.33725 0.55544
108.10000 -74.34070 0.55444
108.15000 -74.34140 0.55587
108.20000 -74.34280 0.55661
108.25000 -74.34386 0.55662
108.30000 -74.34119 0.55802
108.35000 -74.33745 0.55814
108.40000 -74.33704 0.55815
108.45000 -74.33622 0.55640
108.50000 -74.33203 0.55993
108.55000 -74.32940 0.56143
108.60000 -74.33042 0.56630
108.65000 -74.33297 0.56968
108.70000 -74.32672 0.57181
108.75000 -74.32520 0.57490
108.80000 -74.32397 0.57292
108.85000 -74.32060 0.57175
108.90000 -74.31616 0.57728
108.95000 -74.31669 0.57683
109.00000 -74.31452 0.57791
109.05000 -74.31250 0.57884
109.10000 -74.31004 0.57802
109.15000 -74.30999 0.57715
109.20000 -74.30962 0.57781
109.25000 -74.30638 0.57936
109.30000 -74.30642 0.57934
109.35000 -74.30901 0.57966
109.40000 -74.30547 0.57991
109.45000 -74.30724 0.57652
109.50000 -74.30371 0.58093
109.55000 -74.29939 0.58218
109.60000 -74.30379 0.58411
109.65000 -74.30247 0.58366
109.70000 -74.30288 0.58522
109.75000 -74.30346 0.58452
109.80000 -74.30260 0.58201
109.85000 -74.30066 0.58347
109.90000 -74.30066 0.58362
109.95000 -74.29927 0.58061
110.00000 -74.30136 0.57863
110.05000 -74.30305 0.57443
110.10000 -74.29939 0.56847
110.15000 -74.30379 0.57250
110.20000 -74.30379 0.56766
110.25000 -74.30342 0.56867
110.30000 -74.30165 0.57080
110.35000 -74.30103 0.56958
110.40000 -74.30798 0.56766
110.45000 -74.30662 0.56616
110.50000 -74.30901 0.56555
110.55000 -74.30498 0.56738
110.60000 -74.30703 0.56901
110.65000 -74.30946 0.57036
110.70000 -74.30679 0.57239
110.75000 -74.30379 0.57721
110.80000 -74.30136 0.58257
110.85000 -74.29906 0.58731
110.90000 -74.29631 0.59298
110.95000 -74.29770 0.59603
111.00000 -74.29943 0.59664
111.05000 -74.29709 0.60056
111.10000 -74.29437 0.60179
111.15000 -74.29540 0.60148
111.20000 -74.29113 0.59750
111.25000 -74.29339 0.59903
111.30000 -74.29179 0.60065
111.35000 -74.28525 0.60058
111.40000 -74.28726 0.60331
111.45000 -74.28685 0.59863
111.50000 -74.28928 0.60090
111.55000 -74.28821 0.60011
111.60000 -74.28944 0.60059
111.65000 -74.29076 0.59914
111.70000 -74.29326 0.59763
111.75000 -74.29721 0.59485
111.80000 -74.30173 0.59276
111.85000 -74.30321 0.58597
111.90000 -74.30239 0.58421
111.95000 -74.30260 0.58295
112.00000 -74.29988 0.58410
112.05000 -74.30132 0.58298
112.10000 -74.30202 0.58482
112.15000 -74.29705 0.58669
112.20000 -74.29996 0.58489
112.25000 -74.30292 0.58244
112.30000 -74.30375 0.58355
112.35000 -74.30465 0.58034
112.40000 -74.30568 0.57954
112.45000 -74.30461 0.57794
112.50000 -74.30839 0.57677
112.55000 -74.31201 0.57106
112.60000 -74.31698 0.57123
112.65000 -74.31464 0.56792
112.70000 -74.31484 0.56881
112.75000 -74.32163 0.56587
112.80000 -74.32274 0.56689
112.85000 -74.32401 0.56591
112.90000 -74.32693 0.55856
112.95000 -74.32734 0.55840
113.00000 -74.33272 0.55410
113.05000 -74.33375 0.55224
113.10000 -74.33388 0.55235
113.15000 -74.33277 0.54917
113.20000 -74.33199 0.54918
113.25000 -74.33236 0.54753
113.30000 -74.33457 0.55140
113.35000 -74.33223 0.55454
113.40000 -74.33211 0.55552
113.45000 -74.32997 0.55442
113.50000 -74.32948 0.55768
113.55000 -74.33125 0.56010
113.60000 -74.32845 0.56174
113.65000 -74.32570 0.56495
113.70000 -74.32455 0.56957
113.75000 -74.32122 0.57478
113.80000 -74.31768 0.57941
113.85000 -74.31632 0.58771
113.90000 -74.31711 0.59288
113.95000 -74.31887 0.59317
114.00000 -74.31678 0.59648
114.05000 -74.31008 0.60031
114.10000 -74.31184 0.59746
114.15000 -74.31127 0.59877
114.20000 -74.30975 0.59763
114.25000 -74.30958 0.59854
114.30000 -74.30897 0.59812
114.35000 -74.30761 0.60268
114.40000 -74.31283 0.60455
114.45000 -74.30851 0.60290
114.50000 -74.30880 0.59636
114.55000 -74.31032 0.59666
114.60000 -74.31180 0.59237
114.65000 -74.31012 0.59099
114.70000 -74.30831 0.58735
114.75000 -74.30650 0.58955
114.80000 -74.30329 0.58742
114.85000 -74.30264 0.59101
114.90000 -74.29820 0.59064
114.95000 -74.29672 0.59388
115.00000 -74.29565 0.59271
115.05000 -74.29548 0.59787
115.10000 -74.29425 0.59372
115.15000 -74.29721 0.59574
115.20000 -74.29298 0.59853
115.25000 -74.28599 0.59685
115.30000 -74.28418 0.59369
115.35000 -74.28134 0.59469
115.40000 -74.27711 0.59561
115.45000 -74.27748 0.59315
115.50000 -74.27144 0.59538
115.55000 -74.26712 0.59432
115.60000 -74.25907 0.59975
115.65000 -74.25676 0.59900
115.70000 -74.25894 0.60056
115.75000 -74.25726 0.59869
115.80000 -74.25939 0.59904
115.85000 -74.25808 0.59437
115.90000 -74.25997 0.59432
115.95000 -74.26071 0.59247
116.00000 -74.26186 0.58984
116.05000 -74.26194 0.58888
116.10000 -74.26511 0.58770
116.15000 -74.26548 0.58447
116.20000 -74.26215 0.58103
116.25000 -74.26626 0.57860
116.30000 -74.26873 0.57585
116.35000 -74.27062 0.57666
116.40000 -74.26975 0.57920
116.45000 -74.27243 0.57859
116.50000 -74.27164 0.57511
116.55000 -74.27053 0.57327
116.60000 -74.27226 0.57171
116.65000 -74.27152 0.57041
116.70000 -74.27156 0.57230
116.75000 -74.27234 0.56975
116.80000 -74.26934 0.56968
116.85000 -74.27008 0.57036
116.90000 -74.27090 0.57016
116.95000 -74.27206 0.57024
117.00000 -74.27238 0.57174
117.05000 -74.26807 0.56695
117.10000 -74.27082 0.56817
117.15000 -74.27144 0.56746
117.20000 -74.26930 0.56741
117.25000 -74.27386 0.56833
117.30000 -74.27415 0.56592
117.35000 -74.27629 0.56391
117.40000 -74.27978 0.56246
117.45000 -74.28007 0.56179
117.50000 -74.27970 0.56229
117.55000 -74.27917 0.56073
117.60000 -74.28052 0.55914
117.65000 -74.28484 0.55601
117.70000 -74.28176 0.55716
117.75000 -74.28665 0.55791
117.80000 -74.28619 0.55449
117.85000 -74.28319 0.55593
117.90000 -74.28196 0.55431
117.95000 -74.28102 0.56107
118.00000 -74.28089 0.55966
118.05000 -74.27715 0.56047
118.10000 -74.27243 0.56055
118.15000 -74.27169 0.56658
118.20000 -74.27078 0.57050
118.25000 -74.26889 0.57462
118.30000 -74.26655 0.57672
118.35000 -74.26597 0.58046
118.40000 -74.26416 0.58390
118.45000 -74.26729 0.58873
118.50000 -74.26692 0.58641
118.55000 -74.26786 0.58415
118.60000 -74.26708 0.58384
118.65000 -74.26963 0.58143
118.70000 -74.27021 0.58355
118.75000 -74.27078 0.57953
118.80000 -74.27169 0.57607
118.85000 -74.27033 0.57332
118.90000 -74.27234 0.57073
118.95000 -74.27802 0.57262
119.00000 -74.27797 0.56932
119.05000 -74.28065 0.56453
119.10000 -74.28093 0.56284
119.15000 -74.28180 0.55903
119.20000 -74.28097 0.55838
119.25000 -74.28340 0.55890
119.30000 -74.28340 0.55669
119.35000 -74.28529 0.55233
119.40000 -74.28669 0.55476
119.45000 -74.28652 0.55362
119.50000 -74.28961 0.55157
119.55000 -74.28887 0.55051
119.60000 -74.28587 0.55276
119.65000 -74.28772 0.55432
119.70000 -74.28747 0.55637
119.75000 -74.28850 0.55750
119.80000 -74.28587 0.55443
119.85000 -74.28583 0.55887
119.90000 -74.28369 0.56413
119.95000 -74.28254 0.56761
120.00000 -74.28365 0.56728
120.05000 -74.28167 0.57171
120.10000 -74.28040 0.57742
120.15000 -74.28443 0.57799
120.20000 -74.28295 0.57831
120.25000 -74.28673 0.58193
120.30000 -74.28710 0.58616
120.35000 -74.28566 0.59142
120.40000 -74.28385 0.58988
120.45000 -74.28422 0.59267
120.50000 -74.28928 0.59128
120.55000 -74.29191 0.58949
120.60000 -74.29380 0.58798
120.65000 -74.29585 0.58856
120.70000 -74.30062 0.58940
120.75000 -74.30214 0.58709
120.80000 -74.30473 0.58749
120.85000 -74.30325 0.58481
120.90000 -74.30276 0.58401
120.95000 -74.30724 0.58387
121.00000 -74.30662 0.58560
121.05000 -74.30432 0.58410
121.10000 -74.30473 0.58690
121.15000 -74.30181 0.58685
121.20000 -74.29832 0.58677
121.25000 -74.30038 0.58663
121.30000 -74.29881 0.58868
121.35000 -74.29758 0.58761
121.40000 -74.29598 0.58953
121.45000 -74.29207 0.58924
121.50000 -74.29179 0.59263
121.55000 -74.28936 0.59393
121.60000 -74.28763 0.59320
121.65000 -74.28825 0.59188
121.70000 -74.29072 0.59602
121.75000 -74.29322 0.59313
121.80000 -74.29442 0.59236
121.85000 -74.29553 0.58953
121.90000 -74.29544 0.58877
121.95000 -74.29618 0.58800
122.00000 -74.29894 0.58448
122.05000 -74.29849 0.58406
122.10000 -74.29861 0.58114
122.15000 -74.29828 0.58098
122.20000 -74.29647 0.57918
122.25000 -74.30033 0.58260
122.30000 -74.30313 0.58316
122.35000 -74.30436 0.58199
122.40000 -74.30486 0.57963
122.45000 -74.30354 0.57383
122.50000 -74.30556 0.57594
122.55000 -74.30802 0.57212
122.60000 -74.31180 0.56946
122.65000 -74.31378 0.56613
122.70000 -74.31308 0.56653
122.75000 -74.31563 0.56815
122.80000 -74.31209 0.56848
122.85000 -74.31427 0.56858
122.90000 -74.31678 0.57092
122.95000 -74.31341 0.57350
123.00000 -74.31460 0.57454
123.05000 -74.31571 0.57067
123.10000 -74.31822 0.56644
123.15000 -74.31715 0.56467
123.20000 -74.31254 0.57020
123.25000 -74.31304 0.56680
123.30000 -74.30934 0.57286
123.35000 -74.30999 0.57222
123.40000 -74.30321 0.57946
123.45000 -74.29976 0.58403
123.50000 -74.29088 0.59164
123.55000 -74.28944 0.59000
123.60000 -74.28324 0.59762
123.65000 -74.27806 0.60001
123.70000 -74.27719 0.60368
123.75000 -74.27267 0.60831
123.80000 -74.27247 0.60698
123.85000 -74.27543 0.60562
123.90000 -74.27485 0.60668
123.95000 -74.27703 0.60845
124.00000 -74.27600 0.60767
124.05000 -74.27497 0.60413
124.10000 -74.28007 0.60428
124.15000 -74.27913 0.60278
124.20000 -74.28451 0.60139
124.25000 -74.28800 0.59578
124.30000 -74.29240 0.59098
124.35000 -74.29610 0.59152
124.40000 -74.29807 0.58399
124.45000 -74.29729 0.58259
124.50000 -74.29692 0.57758
124.55000 -74.29754 0.57623
124.60000 -74.29923 0.57250
124.65000 -74.30033 0.57071
124.70000 -74.30198 0.56988
124.75000 -74.30038 0.56720
124.80000 -74.29857 0.56267
124.85000 -74.30153 0.56355
124.90000 -74.30502 0.56149
124.95000 -74.30556 0.56279
125.00000 -74.30720 0.55799
125.05000 -74.30823 0.55821
125.10000 -74.30843 0.55577
125.15000 -74.31008 0.55425
125.20000 -74.31147 0.56076
125.25000 -74.30671 0.56388
125.30000 -74.30991 0.56746
125.35000 -74.30872 0.57145
125.40000 -74.30761 0.57318
125.45000 -74.30757 0.57853
125.50000 -74.30490 0.58294
125.55000 -74.30699 0.58573
125.60000 -74.30609 0.59036
125.65000 -74.30979 0.59302
125.70000 -74.31115 0.59840
125.75000 -74.31036 0.59878
125.80000 -74.31098 0.59763
125.85000 -74.31041 0.59865
125.90000 -74.31267 0.59789
125.95000 -74.31365 0.59682
126.00000 -74.31078 0.59606
126.05000 -74.31115 0.59287
126.10000 -74.31073 0.59632
126.15000 -74.31283 0.59994
126.20000 -74.30876 0.59608
126.25000 -74.30864 0.59953
126.30000 -74.30835 0.60582
126.35000 -74.30967 0.60860
126.40000 -74.30638 0.60707
126.45000 -74.30247 0.61305
126.50000 -74.30214 0.61215
126.55000 -74.30206 0.61229
126.60000 -74.30950 0.60924
126.65000 -74.30971 0.60991
126.70000 -74.31258 0.61308
126.75000 -74.31378 0.61016
126.80000 -74.31139 0.60692
126.85000 -74.31143 0.60741
126.90000 -74.31546 0.60328
126.95000 -74.31563 0.60094
127.00000 -74.31776 0.60206
127.05000 -74.32011 0.60375
127.10000 -74.31883 0.59908
127.15000 -74.31776 0.59799
127.20000 -74.31682 0.59746
127.25000 -74.31538 0.59809
127.30000 -74.31353 0.60228
127.35000 -74.31082 0.60327
127.40000 -74.30827 0.60285
127.45000 -74.31131 0.60528
127.50000 -74.30708 0.60699
127.55000 -74.30621 0.61253
127.60000 -74.30642 0.61207
127.65000 -74.30284 0.61352
127.70000 -74.30190 0.61384
127.75000 -74.30042 0.61597
127.80000 -74.29787 0.61638
127.85000 -74.29931 0.61357
127.90000 -74.29561 0.61125
127.95000 -74.29573 0.61178
128.00000 -74.29729 0.61168
128.05000 -74.29594 0.60865
128.10000 -74.29750 0.60828
128.15000 -74.29791 0.60235
128.20000 -74.29865 0.60167
128.25000 -74.30038 0.60182
128.30000 -74.30317 0.60168
128.35000 -74.30136 0.60182
128.40000 -74.30255 0.60047
128.45000 -74.30313 0.60095
128.50000 -74.30136 0.59803
128.55000 -74.29968 0.59615
128.60000 -74.29984 0.59601
128.65000 -74.29828 0.59441
128.70000 -74.30260 0.59862
128.75000 -74.30132 0.59815
128.80000 -74.30149 0.59697
128.85000 -74.30218 0.59883
128.90000 -74.30079 0.60096
128.95000 -74.30177 0.59594
129.00000 -74.30453 0.59359
129.05000 -74.30264 0.59316
129.10000 -74.30317 0.59123
129.15000 -74.30535 0.58919
129.20000 -74.30173 0.58748
129.25000 -74.30218 0.58873
129.30000 -74.29775 0.59102
129.35000 -74.29470 0.59218
129.40000 -74.28895 0.59743
129.45000 -74.28356 0.60412
129.50000 -74.28451 0.60612
129.55000 -74.28003 0.60686
129.60000 -74.27514 0.60770
129.65000 -74.27329 0.60877
129.70000 -74.27555 0.60554
129.75000 -74.27715 0.60122
129.80000 -74.27181 0.60491
129.85000 -74.27329 0.60117
129.90000 -74.27090 0.59915
129.95000 -74.27456 0.59672
130.00000 -74.27374 0.59314
130.05000 -74.27641 0.58878
130.10000 -74.27625 0.58722
130.15000 -74.27510 0.58129
130.20000 -74.27571 0.58313
130.25000 -74.27485 0.58216
130.30000 -74.27045 0.58025
130.35000 -74.26823 0.58266
130.40000 -74.26770 0.58112
130.45000 -74.26901 0.58210
130.50000 -74.26926 0.57751
130.55000 -74.27152 0.57959
130.60000 -74.27049 0.58050
130.65000 -74.26959 0.57760
130.70000 -74.27086 0.57572
130.75000 -74.27111 0.57317
130.80000 -74.27037 0.57348
130.85000 -74.27353 0.57388
130.90000 -74.27876 0.57328
130.95000 -74.27719 0.57496
131.00000 -74.27691 0.57475
131.05000 -74.27485 0.57334
131.10000 -74.27752 0.57030
131.15000 -74.27966 0.56840
131.20000 -74.28200 0.56401
131.25000 -74.28541 0.56035
131.30000 -74.28792 0.56097
131.35000 -74.28841 0.55934
131.40000 -74.29211 0.55498
131.45000 -74.29548 0.55194
131.50000 -74.29696 0.55199
131.55000 -74.29886 0.54863
131.60000 -74.29968 0.54375
131.65000 -74.30124 0.53765
131.70000 -74.29968 0.53305
131.75000 -74.29783 0.53258
131.80000 -74.29853 0.52892
131.85000 -74.29647 0.52992
131.90000 -74.29470 0.53250
131.95000 -74.29302 0.53507
132.00000 -74.29166 0.53621
132.05000 -74.29405 0.53618
132.10000 -74.28989 0.53755
132.15000 -74.29442 0.54072
132.20000 -74.29166 0.54317
132.25000 -74.28895 0.54458
132.30000 -74.29142 0.54598
132.35000 -74.29088 0.54722
132.40000 -74.28780 0.54806
132.45000 -74.28825 0.54963
132.50000 -74.28743 0.55228
132.55000 -74.28406 0.55664
132.60000 -74.28439 0.55792
132.65000 -74.28903 0.56291
132.70000 -74.28813 0.56395
132.75000 -74.29080 0.56473
132.80000 -74.28763 0.56644
132.85000 -74.28957 0.57303
132.90000 -74.28940 0.57304
132.95000 -74.29528 0.57671
133.00000 -74.29306 0.57547
133.05000 -74.29754 0.57773
133.10000 -74.29886 0.58147
133.15000 -74.29968 0.58196
133.20000 -74.30313 0.58230
133.25000 -74.30576 0.57871
133.30000 -74.30461 0.57939
133.35000 -74.30477 0.57844
133.40000 -74.30449 0.57996
133.45000 -74.29877 0.58275
133.50000 -74.29639 0.58556
133.55000 -74.29840 0.58896
133.60000 -74.29643 0.59080
133.65000 -74.29544 0.59470
133.70000 -74.29590 0.59713
133.75000 -74.29450 0.59631
133.80000 -74.29372 0.59651
133.85000 -74.29142 0.59555
133.90000 -74.29454 0.60173
133.95000 -74.29339 0.60477
134.00000 -74.29392 0.60672
134.05000 -74.29454 0.61245
134.10000 -74.29388 0.61310
134.15000 -74.29133 0.61123
134.20000 -74.29331 0.61442
134.25000 -74.28841 0.61617
134.30000 -74.29133 0.61399
134.35000 -74.29092 0.61392
134.40000 -74.28936 0.61348
134.45000 -74.29043 0.61159
134.50000 -74.29072 0.61205
134.55000 -74.28948 0.61473
134.60000 -74.28640 0.61689
134.65000 -74.28661 0.61478
134.70000 -74.28114 0.61607
134.75000 -74.28093 0.61136
134.80000 -74.27999 0.60795
134.85000 -74.27847 0.60852
134.90000 -74.28023 0.60529
134.95000 -74.28097 0.59838
135.00000 -74.28348 0.59561
135.05000 -74.28023 0.59220
135.10000 -74.28151 0.59094
135.15000 -74.28278 0.58957
135.20000 -74.28332 0.58532
135.25000 -74.28344 0.57960
135.30000 -74.28213 0.57763
135.35000 -74.28521 0.57996
135.40000 -74.28595 0.57551
135.45000 -74.28180 0.57449
135.50000 -74.28204 0.57411
135.55000 -74.28373 0.57492
135.60000 -74.28233 0.57889
135.65000 -74.28377 0.57898
135.70000 -74.28171 0.58221
135.75000 -74.27917 0.58474
135.80000 -74.28254 0.58595
135.85000 -74.28237 0.58652
135.90000 -74.28254 0.58923
135.95000 -74.28048 0.59027
136.00000 -74.28044 0.58972
136.05000 -74.28488 0.59026
136.10000 -74.28389 0.59182
136.15000 -74.28566 0.59147
136.20000 -74.28492 0.59408
136.25000 -74.28369 0.59242
136.30000 -74.28476 0.59369
136.35000 -74.28932 0.59383
136.40000 -74.28800 0.59218
136.45000 -74.28829 0.58962
136.50000 -74.28887 0.58458
136.55000 -74.28833 0.58558
136.60000 -74.29080 0.58350
136.65000 -74.28825 0.58593
136.70000 -74.28739 0.58475
136.75000 -74.28648 0.58466
136.80000 -74.28562 0.58170
136.85000 -74.28702 0.58122
136.90000 -74.28792 0.57860
136.95000 -74.28722 0.57752
137.00000 -74.29014 0.57735
137.05000 -74.29010 0.57602
137.10000 -74.29536 0.57132
137.15000 -74.29877 0.56866
137.20000 -74.29943 0.56579
137.25000 -74.30075 0.56347
137.30000 -74.29832 0.56334
137.35000 -74.29503 0.56108
137.40000 -74.29721 0.56065
137.45000 -74.30136 0.56336
137.50000 -74.30334 0.55984
137.55000 -74.30103 0.55826
137.60000 -74.30005 0.55646
137.65000 -74.30070 0.55846
137.70000 -74.29779 0.55718
137.75000 -74.29787 0.55849
137.80000 -74.29696 0.55799
137.85000 -74.29836 0.55613
137.90000 -74.29561 0.55523
137.95000 -74.29651 0.55768
138.00000 -74.29417 0.55906
138.05000 -74.29400 0.56125
138.10000 -74.29359 0.56153
138.15000 -74.29355 0.56430
138.20000 -74.29318 0.56579
138.25000 -74.29035 0.56466
138.30000 -74.29232 0.56378
138.35000 -74.29257 0.56541
138.40000 -74.29088 0.56115
138.45000 -74.29203 0.55858
138.50000 -74.29232 0.55925
138.55000 -74.29606 0.55705
138.60000 -74.29635 0.55591
138.65000 -74.29491 0.55750
138.70000 -74.29807 0.55320
138.75000 -74.29627 0.55291
138.80000 -74.29721 0.55004
138.85000 -74.29400 0.54915
138.90000 -74.29339 0.55187
138.95000 -74.29458 0.54904
139.00000 -74.29154 0.55173
139.05000 -74.29113 0.54958
139.10000 -74.29240 0.55098
139.15000 -74.28985 0.55641
139.20000 -74.28755 0.55798
139.25000 -74.28546 0.56004
139.30000 -74.28628 0.56838
139.35000 -74.28792 0.57058
139.40000 -74.28722 0.57745
139.45000 -74.28661 0.58023
139.50000 -74.28381 0.58252
139.55000 -74.28200 0.58414
139.60000 -74.28106 0.58356
139.65000 -74.28361 0.58646
139.70000 -74.28241 0.58827
139.75000 -74.28229 0.58744
139.80000 -74.28447 0.58666
139.85000 -74.28295 0.58758
139.90000 -74.28291 0.58570
139.95000 -74.28402 0.58854
140.00000 -74.28340 0.58433
140.05000 -74.28439 0.58212
140.10000 -74.28533 0.57938
140.15000 -74.28332 0.57917
140.20000 -74.28225 0.58215
140.25000 -74.28319 0.58010
140.30000 -74.28804 0.57999
140.35000 -74.28866 0.57902
140.40000 -74.29055 0.57650
140.45000 -74.29187 0.57176
140.50000 -74.29174 0.56724
140.55000 -74.29602 0.56298
140.60000 -74.29836 0.56281
140.65000 -74.30083 0.55880
140.70000 -74.30025 0.55834
140.75000 -74.30420 0.56066
140.80000 -74.30777 0.55935
140.85000 -74.30650 0.55750
140.90000 -74.30683 0.55834
140.95000 -74.30712 0.56099
141.00000 -74.30782 0.56288
141.05000 -74.30666 0.56215
141.10000 -74.30835 0.55953
141.15000 -74.30802 0.56227
141.20000 -74.30827 0.55634
141.25000 -74.31057 0.56061
141.30000 -74.31119 0.56011
141.35000 -74.31078 0.55869
141.40000 -74.30897 0.55853
141.45000 -74.31267 0.56014
141.50000 -74.31127 0.55683
141.55000 -74.30876 0.55251
141.60000 -74.30909 0.55507
141.65000 -74.31004 0.55564
141.70000 -74.31049 0.55539
141.75000 -74.30761 0.55591
141.80000 -74.30695 0.55649
141.85000 -74.30666 0.55872
141.90000 -74.30593 0.55999
141.95000 -74.30675 0.56201
142.00000 -74.30107 0.56154
142.05000 -74.30116 0.55873
142.10000 -74.30087 0.55563
142.15000 -74.30366 0.55679
142.20000 -74.30165 0.55336
142.25000 -74.30440 0.55352
142.30000 -74.30432 0.55174
142.35000 -74.30395 0.55182
142.40000 -74.30588 0.54902
142.45000 -74.30925 0.54500
142.50000 -74.30856 0.54516
142.55000 -74.30975 0.54512
142.60000 -74.31041 0.54708
142.65000 -74.31028 0.54891
142.70000 -74.30901 0.55201
142.75000 -74.30584 0.55591
142.80000 -74.30317 0.56035
142.85000 -74.30116 0.56411
142.90000 -74.30379 0.56559
142.95000 -74.30231 0.57206
143.00000 -74.29750 0.57474
143.05000 -74.29742 0.57688
143.10000 -74.29931 0.57976
143.15000 -74.29705 0.58280
143.20000 -74.29331 0.58911
143.25000 -74.29117 0.59606
143.30000 -74.29006 0.60012
143.35000 -74.28751 0.60206
143.40000 -74.28726 0.60868
143.45000 -74.28583 0.60968
143.50000 -74.28735 0.61084
143.55000 -74.28730 0.61315
143.60000 -74.28743 0.61113
143.65000 -74.28693 0.61258
143.70000 -74.28447 0.61229
143.75000 -74.28048 0.61214
143.80000 -74.28587 0.61256
143.85000 -74.28669 0.61276
143.90000 -74.28698 0.61030
143.95000 -74.28759 0.60699
144.00000 -74.28813 0.60397
144.05000 -74.28850 0.60137
144.10000 -74.28969 0.60123
144.15000 -74.28578 0.60007
144.20000 -74.28829 0.60041
144.25000 -74.28763 0.59968
144.30000 -74.28833 0.59753
144.35000 -74.28681 0.60018
144.40000 -74.28961 0.60095
144.45000 -74.29109 0.60166
144.50000 -74.28813 0.60170
144.55000 -74.28817 0.60510
144.60000 -74.28800 0.60959
144.65000 -74.28952 0.61138
144.70000 -74.29158 0.61401
144.75000 -74.29166 0.61354
144.80000 -74.28936 0.61734
144.85000 -74.29199 0.61720
144.90000 -74.29536 0.61377
144.95000 -74.29766 0.61004
145.00000 -74.29832 0.60565
145.05000 -74.30243 0.60514
145.10000 -74.30646 0.60170
145.15000 -74.30654 0.59783
145.20000 -74.30642 0.59538
145.25000 -74.30638 0.59203
145.30000 -74.30716 0.58842
145.35000 -74.30905 0.58712
145.40000 -74.30810 0.58927
145.45000 -74.30547 0.58865
145.50000 -74.30551 0.59009
145.55000 -74.30814 0.59150
145.60000 -74.30942 0.59684
145.65000 -74.31073 0.60078
145.70000 -74.31049 0.60243
145.75000 -74.31517 0.60351
145.80000 -74.31505 0.60467
145.85000 -74.31620 0.60447
145.90000 -74.31706 0.60165
145.95000 -74.31608 0.59867
146.00000 -74.31645 0.59554
146.05000 -74.31924 0.59544
146.10000 -74.31760 0.58937
146.15000 -74.31809 0.58720
146.20000 -74.31517 0.58214
146.25000 -74.31785 0.58165
146.30000 -74.31817 0.58147
146.35000 -74.31612 0.57624
146.40000 -74.31628 0.57685
146.45000 -74.31912 0.57829
146.50000 -74.31785 0.57538
146.55000 -74.32142 0.57639
146.60000 -74.31994 0.57863
146.65000 -74.31801 0.57801
146.70000 -74.31637 0.57612
146.75000 -74.31682 0.57484
146.80000 -74.31863 0.57572
146.85000 -74.31896 0.57652
146.90000 -74.32048 0.57590
146.95000 -74.32253 0.57550
147.00000 -74.32467 0.57150
147.05000 -74.32598 0.56368
147.10000 -74.32903 0.55900
147.15000 -74.32578 0.55871
147.20000 -74.32734 0.55948
147.25000 -74.32866 0.55393
147.30000 -74.32977 0.55443
147.35000 -74.32878 0.55269
147.40000 -74.33014 0.55134
147.45000 -74.32981 0.55456
147.50000 -74.33005 0.56067
147.55000 -74.33203 0.55972
147.60000 -74.33371 0.56008
147.65000 -74.33149 0.56152
147.70000 -74.33022 0.56360
147.75000 -74.33445 0.56339
147.80000 -74.33470 0.56124
147.85000 -74.33556 0.56396
147.90000 -74.33675 0.56332
147.95000 -74.33622 0.56256
148.00000 -74.33762 0.56274
148.05000 -74.34243 0.56570
148.10000 -74.34078 0.56619
148.15000 -74.34592 0.56168
148.20000 -74.34617 0.55768
148.25000 -74.34551 0.55811
148.30000 -74.34510 0.55747
148.35000 -74.34933 0.55300
148.40000 -74.34908 0.55139
148.45000 -74.34954 0.54739
148.50000 -74.34913 0.54881
148.55000 -74.35056 0.54689
148.60000 -74.34814 0.54472
148.65000 -74.35274 0.54103
148.70000 -74.35221 0.54104
148.75000 -74.34941 0.53815
148.80000 -74.35093 0.54113
148.85000 -74.34822 0.54085
148.90000 -74.34489 0.54251
148.95000 -74.34641 0.54502
149.00000 -74.34391 0.54361
149.05000 -74.34041 0.54583
149.10000 -74.34238 0.54806
149.15000 -74.34132 0.54651
149.20000 -74.33996 0.54774
149.25000 -74.33688 0.55181
149.30000 -74.33873 0.55389
149.35000 -74.33815 0.55442
149.40000 -74.33770 0.55496
149.45000 -74.33659 0.55767
149.50000 -74.33548 0.56477
149.55000 -74.33359 0.56555
149.60000 -74.33170 0.56624
149.65000 -74.32861 0.56863
149.70000 -74.32557 0.56799
149.75000 -74.32348 0.57159
149.80000 -74.32450 0.57116
149.85000 -74.32196 0.57289
149.90000 -74.31928 0.57189
149.95000 -74.31748 0.57718
150.00000 -74.31468 0.57986
150.05000 -74.30642 0.58617
150.10000 -74.30671 0.59021
150.15000 -74.30350 0.59485
150.20000 -74.30482 0.60026
150.25000 -74.30099 0.60158
150.30000 -74.29980 0.60473
150.35000 -74.30033 0.60573
150.40000 -74.30292 0.60790
150.45000 -74.29849 0.60173
150.50000 -74.29618 0.60282
150.55000 -74.29742 0.60259
150.60000 -74.29992 0.59928
150.65000 -74.30005 0.59997
150.70000 -74.30103 0.59994
150.75000 -74.30136 0.59688
150.80000 -74.29758 0.59152
150.85000 -74.29939 0.58971
150.90000 -74.29709 0.58563
150.95000 -74.29733 0.58552
151.00000 -74.29635 0.58308
151.05000 -74.29602 0.58415
151.10000 -74.29631 0.58516
151.15000 -74.29783 0.58569
151.20000 -74.29746 0.58331
151.25000 -74.29347 0.58218
151.30000 -74.29483 0.57822
151.35000 -74.29544 0.57885
151.40000 -74.29499 0.58264
151.45000 -74.29610 0.58264
151.50000 -74.29840 0.58585
151.55000 -74.29495 0.58580
151.60000 -74.29824 0.58130
151.65000 -74.30066 0.58104
151.70000 -74.30334 0.58226
151.75000 -74.30650 0.57691
151.80000 -74.30876 0.57727
151.85000 -74.30983 0.57440
151.90000 -74.31332 0.57071
151.95000 -74.31632 0.57054
152.00000 -74.31908 0.56923
152.05000 -74.31612 0.56842
152.10000 -74.32294 0.56712
152.15000 -74.32085 0.56378
152.20000 -74.32323 0.56417
152.25000 -74.32397 0.56174
152.30000 -74.32611 0.56270
152.35000 -74.32812 0.55610
152.40000 -74.32607 0.55564
152.45000 -74.32755 0.55245
152.50000 -74.32668 0.55443
152.55000 -74.32697 0.55620
152.60000 -74.32274 0.55604
152.65000 -74.32220 0.55597
152.70000 -74.31961 0.56326
152.75000 -74.31563 0.56414
152.80000 -74.31369 0.56832
152.85000 -74.31838 0.56950
152.90000 -74.31822 0.56885
152.95000 -74.31813 0.57000
153.00000 -74.32163 0.56741
153.05000 -74.32446 0.56632
153.10000 -74.32750 0.56455
153.15000 -74.32602 0.56042
153.20000 -74.32450 0.56425
153.25000 -74.32422 0.55888
153.30000 -74.32282 0.55921
153.35000 -74.32323 0.55986
153.40000 -74.32705 0.55779
153.45000 -74.32442 0.55713
153.50000 -74.32233 0.55628
153.55000 -74.32064 0.55360
153.60000 -74.32245 0.55413
153.65000 -74.32331 0.55309
153.70000 -74.32652 0.54987
153.75000 -74.32228 0.54996
153.80000 -74.32261 0.54909
153.85000 -74.32249 0.55008
153.90000 -74.31928 0.54969
153.95000 -74.31850 0.55049
154.00000 -74.32048 0.55007
154.05000 -74.32006 0.55024
154.10000 -74.32208 0.55394
154.15000 -74.32039 0.55178
154.20000 -74.31969 0.55435
154.25000 -74.31834 0.55532
154.30000 -74.31916 0.55652
154.35000 -74.31830 0.55928
154.40000 -74.31891 0.55989
154.45000 -74.32126 0.56050
154.50000 -74.32278 0.56063
154.55000 -74.32352 0.56011
154.60000 -74.32508 0.55680
154.65000 -74.32372 0.55634
154.70000 -74.32697 0.55754
154.75000 -74.32804 0.55975
154.80000 -74.32541 0.56267
154.85000 -74.32405 0.55934
154.90000 -74.32545 0.56094
154.95000 -74.32516 0.56252
155.00000 -74.32187 0.56658
155.05000 -74.32282 0.56801
155.10000 -74.32331 0.57002
155.15000 -74.31945 0.57307
155.20000 -74.31731 0.57760
155.25000 -74.31616 0.58024
155.30000 -74.31341 0.58404
155.35000 -74.30851 0.58328
155.40000 -74.30654 0.58822
155.45000 -74.30638 0.58831
155.50000 -74.30083 0.59097
155.55000 -74.30013 0.59069
155.60000 -74.29511 0.59140
155.65000 -74.29824 0.59219
155.70000 -74.29902 0.59339
155.75000 -74.30046 0.59376
155.80000 -74.30284 0.59621
155.85000 -74.30177 0.59312
155.90000 -74.30042 0.59358
155.95000 -74.29939 0.58982
156.00000 -74.29664 0.59624
156.05000 -74.29980 0.59396
156.10000 -74.30334 0.59142
156.15000 -74.30531 0.59093
156.20000 -74.31098 0.58592
156.25000 -74.31209 0.57981
156.30000 -74.31653 0.57836
156.35000 -74.32068 0.56942
156.40000 -74.32175 0.56375
156.45000 -74.32294 0.55817
156.50000 -74.32533 0.55635
156.55000 -74.32220 0.55227
156.60000 -74.32122 0.54943
156.65000 -74.32109 0.55337
156.70000 -74.31982 0.55711
156.75000 -74.31600 0.56194
156.80000 -74.31341 0.56568
156.85000 -74.30925 0.57170
156.90000 -74.30995 0.57582
156.95000 -74.30420 0.58255
157.00000 -74.30038 0.58796
157.05000 -74.29684 0.59028
157.10000 -74.29643 0.59421
157.15000 -74.29664 0.59452
157.20000 -74.29544 0.59005
157.25000 -74.29076 0.59091
157.30000 -74.29031 0.58743
157.35000 -74.28854 0.58958
157.40000 -74.28730 0.58648
157.45000 -74.28574 0.58731
157.50000 -74.28352 0.58935
157.55000 -74.28348 0.59003
157.60000 -74.28085 0.58936
157.65000 -74.28151 0.59218
157.70000 -74.28492 0.59115
157.75000 -74.28102 0.58991
157.80000 -74.27806 0.58766
157.85000 -74.28073 0.58485
157.90000 -74.28060 0.58406
157.95000 -74.28587 0.57892
158.00000 -74.28677 0.58114
158.05000 -74.28492 0.57737
158.10000 -74.28439 0.57995
158.15000 -74.29150 0.57697
158.20000 -74.29289 0.57769
158.25000 -74.29396 0.57451
158.30000 -74.29211 0.57861
158.35000 -74.29680 0.58018
158.40000 -74.29631 0.57584
158.45000 -74.29380 0.58079
158.50000 -74.29363 0.57865
158.55000 -74.28936 0.58278
158.60000 -74.28751 0.58544
158.65000 -74.28262 0.59050
158.70000 -74.28291 0.59496
158.75000 -74.28369 0.59680
158.80000 -74.27962 0.59792
158.85000 -74.27847 0.60216
158.90000 -74.27588 0.60130
158.95000 -74.27822 0.60410
159.00000 -74.27501 0.60274
159.05000 -74.27785 0.60484
159.10000 -74.27699 0.60150
159.15000 -74.27765 0.60271
159.20000 -74.28241 0.60058
159.25000 -74.28196 0.59515
159.30000 -74.28015 0.59431
159.35000 -74.28155 0.59255
159.40000 -74.28180 0.59422
159.45000 -74.28406 0.59377
159.50000 -74.27982 0.59434
159.55000 -74.28073 0.59717
159.60000 -74.27929 0.59814
159.65000 -74.27723 0.59518
159.70000 -74.27884 0.59857
159.75000 -74.27962 0.60094
159.80000 -74.27596 0.60163
159.85000 -74.27440 0.60263
159.90000 -74.27563 0.60453
159.95000 -74.27460 0.60531
160.00000 -74.27555 0.60421
160.05000 -74.27493 0.59955
160.10000 -74.27547 0.59883
160.15000 -74.27715 0.59207
160.20000 -74.27411 0.58885
160.25000 -74.27464 0.58982
160.30000 -74.27312 0.59144
160.35000 -74.27255 0.59387
160.40000 -74.27308 0.59333
160.45000 -74.27469 0.59902
160.50000 -74.27325 0.60405
160.55000 -74.27386 0.59963
160.60000 -74.27374 0.59775
160.65000 -74.27481 0.59512
160.70000 -74.27781 0.59635
160.75000 -74.27863 0.59362
160.80000 -74.27847 0.58953
160.85000 -74.27547 0.58855
160.90000 -74.27559 0.58844
160.95000 -74.27871 0.58461
161.00000 -74.27908 0.58147
161.05000 -74.28241 0.57913
161.10000 -74.28159 0.57801
161.15000 -74.28969 0.57425
161.20000 -74.29043 0.57074
161.25000 -74.29117 0.56953
161.30000 -74.29339 0.56499
161.35000 -74.29211 0.56195
161.40000 -74.29158 0.56265
161.45000 -74.29084 0.55981
161.50000 -74.29610 0.55828
161.55000 -74.30001 0.55228
161.60000 -74.30050 0.55099
161.65000 -74.29635 0.55190
161.70000 -74.29951 0.54850
161.75000 -74.30276 0.54791
161.80000 -74.30605 0.55088
161.85000 -74.30202 0.54970
161.90000 -74.30107 0.55122
161.95000 -74.29684 0.55278
162.00000 -74.29783 0.55719
162.05000 -74.29668 0.55800
162.10000 -74.29701 0.55601
162.15000 -74.29869 0.55430
162.20000 -74.29923 0.55240
162.25000 -74.29918 0.55169
162.30000 -74.29992 0.54909
162.35000 -74.29606 0.55092
162.40000 -74.29898 0.55235
162.45000 -74.29680 0.54687
162.50000 -74.29849 0.54614
162.55000 -74.30223 0.54562
162.60000 -74.30153 0.54222
162.65000 -74.30325 0.54233
162.70000 -74.30646 0.54135
162.75000 -74.30675 0.54735
162.80000 -74.30494 0.54719
162.85000 -74.30823 0.54866
162.90000 -74.30950 0.55021
162.95000 -74.30556 0.55259
163.00000 -74.31045 0.55229
163.05000 -74.31012 0.55493
163.10000 -74.31049 0.55639
163.15000 -74.31073 0.55629
163.20000 -74.30991 0.56036
163.25000 -74.31221 0.56025
163.30000 -74.30843 0.55906
163.35000 -74.30942 0.56447
163.40000 -74.30687 0.56616
163.45000 -74.30519 0.57254
163.50000 -74.30297 0.57952
163.55000 -74.30149 0.58539
163.60000 -74.30424 0.58666
163.65000 -74.29935 0.59024
163.70000 -74.29610 0.59896
163.75000 -74.29795 0.60094
163.80000 -74.29577 0.60481
163.85000 -74.29310 0.60554
163.90000 -74.29179 0.60682
163.95000 -74.29314 0.60403
164.00000 -74.29606 0.60367
164.05000 -74.29606 0.60198
164.10000 -74.29840 0.59481
164.15000 -74.29890 0.59162
164.20000 -74.29955 0.58942
164.25000 -74.29561 0.58643
164.30000 -74.29553 0.58425
164.35000 -74.29236 0.58438
164.40000 -74.29298 0.57977
164.45000 -74.29273 0.58245
164.50000 -74.28883 0.58299
164.55000 -74.29170 0.58256
164.60000 -74.29351 0.58218
164.65000 -74.29100 0.58333
164.70000 -74.28813 0.58550
164.75000 -74.28924 0.58253
164.80000 -74.28957 0.58352
164.85000 -74.28887 0.58315
164.90000 -74.28574 0.57997
164.95000 -74.28854 0.58122
165.00000 -74.28837 0.58106
165.05000 -74.28656 0.58175
165.10000 -74.28504 0.57869
165.15000 -74.28624 0.58023
165.20000 -74.28369 0.57690
165.25000 -74.28143 0.57954
165.30000 -74.27703 0.57863
165.35000 -74.27945 0.58194
165.40000 -74.27756 0.58496
165.45000 -74.27719 0.58819
165.50000 -74.27469 0.58484
165.55000 -74.27551 0.58761
165.60000 -74.27440 0.58723
165.65000 -74.27596 0.58769
165.70000 -74.27744 0.59067
165.75000 -74.27826 0.58965
165.80000 -74.27366 0.58890
165.85000 -74.27785 0.58613
165.90000 -74.27941 0.58453
165.95000 -74.27802 0.58700
166.00000 -74.27682 0.58973
166.05000 -74.27321 0.58859
166.10000 -74.27358 0.59404
166.15000 -74.27156 0.59202
166.20000 -74.27501 0.59264
166.25000 -74.27238 0.59074
166.30000 -74.27062 0.59139
166.35000 -74.26696 0.58780
166.40000 -74.26959 0.58544
166.45000 -74.27115 0.58694
166.50000 -74.27004 0.58669
166.55000 -74.26856 0.58643
166.60000 -74.27099 0.58920
166.65000 -74.26819 0.58675
166.70000 -74.27325 0.58547
166.75000 -74.27353 0.58324
166.80000 -74.27115 0.58245
166.85000 -74.26811 0.58000
166.90000 -74.27481 0.58125
166.95000 -74.27427 0.58112
167.00000 -74.27230 0.57878
167.05000 -74.27296 0.57926
167.10000 -74.27300 0.57856
167.15000 -74.27699 0.57961
167.20000 -74.28217 0.58096
167.25000 -74.28217 0.58266
167.30000 -74.28385 0.58122
167.35000 -74.29055 0.57972
167.40000 -74.29495 0.57658
167.45000 -74.29783 0.58153
167.50000 -74.29996 0.57478
167.55000 -74.29754 0.57169
167.60000 -74.30116 0.56523
167.65000 -74.30482 0.56682
167.70000 -74.30806 0.56091
167.75000 -74.30901 0.55886
167.80000 -74.30835 0.56043
167.85000 -74.30769 0.55963
167.90000 -74.30428 0.55963
167.95000 -74.30527 0.56094
168.00000 -74.30745 0.56158
168.05000 -74.30802 0.56451
168.10000 -74.30535 0.57117
168.15000 -74.30531 0.57578
168.20000 -74.30819 0.57702
168.25000 -74.31246 0.57722
168.30000 -74.31435 0.57832
168.35000 -74.31764 0.57343
168.40000 -74.31912 0.57482
168.45000 -74.32298 0.57226
168.50000 -74.32298 0.57040
168.55000 -74.32829 0.56898
168.60000 -74.32812 0.56749
168.65000 -74.33211 0.57031
168.70000 -74.33684 0.56570
168.75000 -74.33975 0.56308
168.80000 -74.33827 0.56159
168.85000 -74.34436 0.56171
168.90000 -74.34206 0.55801
168.95000 -74.34296 0.55574
169.00000 -74.34366 0.55482
169.05000 -74.34107 0.55607
169.10000 -74.34247 0.55679
169.15000 -74.34391 0.55580
169.20000 -74.34674 0.55563
169.25000 -74.34612 0.56091
169.30000 -74.34633 0.55968
169.35000 -74.34214 0.56056
169.40000 -74.33967 0.55645
169.45000 -74.33700 0.55608
169.50000 -74.33716 0.55899
169.55000 -74.33544 0.55731
169.60000 -74.33281 0.55955
169.65000 -74.33355 0.55812
169.70000 -74.33478 0.55761
169.75000 -74.33314 0.55931
169.80000 -74.33149 0.56094
169.85000 -74.33034 0.55774
169.90000 -74.32779 0.56283
169.95000 -74.32857 0.56315
170.00000 -74.32693 0.56133
170.05000 -74.32479 0.56146
170.10000 -74.31974 0.56149
170.15000 -74.31908 0.56286
170.20000 -74.32072 0.56125
170.25000 -74.32006 0.56197
170.30000 -74.31797 0.55950
170.35000 -74.31883 0.56126
170.40000 -74.31563 0.56193
170.45000 -74.31517 0.56395
170.50000 -74.31386 0.56109
170.55000 -74.31583 0.56198
170.60000 -74.31382 0.56339
170.65000 -74.31287 0.55973
170.70000 -74.31197 0.55884
170.75000 -74.31201 0.55853
170.80000 -74.31189 0.55962
170.85000 -74.30946 0.56207
170.90000 -74.30991 0.56283
170.95000 -74.30921 0.56456
171.00000 -74.30814 0.56951
171.05000 -74.30642 0.56901
171.10000 -74.30634 0.57516
171.15000 -74.30884 0.57300
171.20000 -74.30662 0.57179
171.25000 -74.30831 0.57177
171.30000 -74.30654 0.57437
171.35000 -74.30613 0.56997
171.40000 -74.30695 0.57278
171.45000 -74.30506 0.57233
171.50000 -74.30399 0.57368
171.55000 -74.30202 0.57476
171.60000 -74.30338 0.57803
171.65000 -74.30523 0.57746
171.70000 -74.30408 0.57816
171.75000 -74.30013 0.57834
171.80000 -74.30017 0.57733
171.85000 -74.29992 0.57970
171.90000 -74.30412 0.58157
171.95000 -74.30177 0.58104
172.00000 -74.30264 0.58271
172.05000 -74.30634 0.58560
172.10000 -74.30358 0.58457
172.15000 -74.30650 0.58607
172.20000 -74.30806 0.58751
172.25000 -74.30445 0.58859
172.30000 -74.30399 0.58893
172.35000 -74.30556 0.59211
172.40000 -74.30317 0.59882
172.45000 -74.30017 0.60044
172.50000 -74.30260 0.60223
172.55000 -74.30218 0.60268
172.60000 -74.30292 0.60191
172.65000 -74.30292 0.60483
172.70000 -74.30346 0.60615
172.75000 -74.29959 0.60439
172.80000 -74.29988 0.60174
172.85000 -74.30005 0.59823
172.90000 -74.29676 0.59700
172.95000 -74.29458 0.59847
173.00000 -74.29413 0.60121
173.05000 -74.29211 0.60012
173.10000 -74.29409 0.60035
173.15000 -74.29339 0.59648
173.20000 -74.29516 0.59758
173.25000 -74.29511 0.59513
173.30000 -74.29520 0.59492
173.35000 -74.29409 0.59406
173.40000 -74.29849 0.59292
173.45000 -74.29861 0.59697
173.50000 -74.29984 0.58917
173.55000 -74.30149 0.58676
173.60000 -74.29898 0.58352
173.65000 -74.29976 0.58570
173.70000 -74.30025 0.58417
173.75000 -74.30046 0.58287
173.80000 -74.29622 0.58197
173.85000 -74.29651 0.58374
173.90000 -74.29302 0.58074
173.95000 -74.29211 0.58462
174.00000 -74.28994 0.59011
174.05000 -74.28435 0.59151
174.10000 -74.28443 0.59359
174.15000 -74.28340 0.59694
174.20000 -74.28266 0.60143
174.25000 -74.28258 0.59936
174.30000 -74.28015 0.60018
174.35000 -74.28044 0.59949
174.40000 -74.27769 0.59830
174.45000 -74.27353 0.60255
174.50000 -74.27600 0.60116
174.55000 -74.27456 0.60126
174.60000 -74.27617 0.59995
174.65000 -74.27732 0.59927
174.70000 -74.27777 0.59651
174.75000 -74.27670 0.59650
174.80000 -74.27588 0.59396
174.85000 -74.27641 0.58879
174.90000 -74.27793 0.58508
174.95000 -74.27575 0.58521
175.00000 -74.27374 0.58174
175.05000 -74.27440 0.58242
175.10000 -74.27489 0.58108
175.15000 -74.27337 0.58170
175.20000 -74.27349 0.58527
175.25000 -74.26988 0.58732
175.30000 -74.27115 0.58973
175.35000 -74.26984 0.59095
175.40000 -74.26930 0.59523
175.45000 -74.26971 0.59796
175.50000 -74.27066 0.59642
175.55000 -74.27012 0.59956
175.60000 -74.27362 0.59676
175.65000 -74.27847 0.59854
175.70000 -74.27715 0.59672
175.75000 -74.27917 0.59647
175.80000 -74.28410 0.58939
175.85000 -74.28344 0.58446
175.90000 -74.28714 0.58166
175.95000 -74.29240 0.58059
176.00000 -74.29211 0.57883
176.05000 -74.29384 0.57993
176.10000 -74.29158 0.57962
176.15000 -74.29376 0.57586
176.20000 -74.29372 0.57750
176.25000 -74.29289 0.57682
176.30000 -74.29331 0.57610
176.35000 -74.29421 0.57624
176.40000 -74.29672 0.57484
176.45000 -74.29659 0.57689
176.50000 -74.29721 0.57908
176.55000 -74.29758 0.58167
176.60000 -74.29380 0.58496
176.65000 -74.29610 0.58789
176.70000 -74.29413 0.59023
176.75000 -74.29470 0.58965
176.80000 -74.29216 0.59015
176.85000 -74.29014 0.58835
176.90000 -74.29051 0.58717
176.95000 -74.29039 0.58740
177.00000 -74.28850 0.58391
177.05000 -74.29035 0.58512
177.10000 -74.29166 0.58054
177.15000 -74.29643 0.57347
177.20000 -74.29742 0.57036
177.25000 -74.30366 0.56203
177.30000 -74.30605 0.55587
177.35000 -74.30749 0.55268
177.40000 -74.30827 0.54933
177.45000 -74.30740 0.54242
177.50000 -74.31119 0.54041
177.55000 -74.31152 0.53815
177.60000 -74.30930 0.53706
177.65000 -74.31073 0.53642
177.70000 -74.30880 0.53499
177.75000 -74.30872 0.53946
177.80000 -74.31057 0.54047
177.85000 -74.30666 0.54514
177.90000 -74.30309 0.54673
177.95000 -74.30198 0.54591
178.00000 -74.29959 0.55039
178.05000 -74.30050 0.55182
178.10000 -74.29709 0.55373
178.15000 -74.29622 0.55469
178.20000 -74.29873 0.55484
178.25000 -74.29992 0.55249
178.30000 -74.30132 0.55276
178.35000 -74.29976 0.55287
178.40000 -74.30009 0.55312
178.45000 -74.30079 0.55189
178.50000 -74.30132 0.55272
178.55000 -74.30153 0.55442
178.60000 -74.29968 0.55560
178.65000 -74.30009 0.55766
178.70000 -74.30157 0.55727
178.75000 -74.30313 0.55718
178.80000 -74.30235 0.55601
178.85000 -74.30001 0.55862
178.90000 -74.29988 0.55659
178.95000 -74.30391 0.55476
179.00000 -74.30202 0.55260
179.05000 -74.30436 0.55550
179.10000 -74.30457 0.55487
179.15000 -74.30490 0.55707
179.20000 -74.30539 0.55675
179.25000 -74.30666 0.55583
179.30000 -74.30757 0.55535
179.35000 -74.30650 0.55787
179.40000 -74.30601 0.55977
179.45000 -74.30358 0.56082
179.50000 -74.30860 0.56306
179.55000 -74.30843 0.56326
179.60000 -74.30868 0.56707
179.65000 -74.31057 0.56823
179.70000 -74.30950 0.56675
179.75000 -74.31480 0.55949
179.80000 -74.31591 0.55947
179.85000 -74.31439 0.55646
179.90000 -74.31423 0.55513
179.95000 -74.31550 0.55138
180.00000 -74.31254 0.55009
180.05000 -74.31452 0.54806
180.10000 -74.31320 0.55131
180.15000 -74.30786 0.55072
180.20000 -74.30527 0.55788
180.25000 -74.30399 0.56026
180.30000 -74.29931 0.55785
180.35000 -74.29931 0.56113
180.40000 -74.30070 0.56394
180.45000 -74.29996 0.56557
180.50000 -74.29590 0.57185
180.55000 -74.29688 0.56981
180.60000 -74.29474 0.56884
180.65000 -74.29228 0.56593
180.70000 -74.29384 0.56756
180.75000 -74.29236 0.56604
180.80000 -74.29253 0.56660
180.85000 -74.29092 0.56544
180.90000 -74.29544 0.56509
180.95000 -74.29729 0.56456
181.00000 -74.29746 0.56237
181.05000 -74.29635 0.56259
181.10000 -74.29787 0.56445
181.15000 -74.29861 0.56489
181.20000 -74.30214 0.56263
181.25000 -74.30214 0.56140
181.30000 -74.30243 0.56235
181.35000 -74.30572 0.56196
181.40000 -74.30856 0.56030
181.45000 -74.30773 0.56246
181.50000 -74.30527 0.56539
181.55000 -74.30732 0.56282
181.60000 -74.30769 0.56694
181.65000 -74.30527 0.56770
181.70000 -74.30658 0.56816
181.75000 -74.30736 0.56881
181.80000 -74.30539 0.56701
181.85000 -74.30358 0.56821
181.90000 -74.30140 0.56843
181.95000 -74.29766 0.57148
182.00000 -74.29705 0.56935
182.05000 -74.30033 0.56949
182.10000 -74.30317 0.56859
182.15000 -74.30181 0.56734
182.20000 -74.30005 0.56614
182.25000 -74.29816 0.56445
182.30000 -74.29409 0.56306
182.35000 -74.29664 0.56543
182.40000 -74.29540 0.56776
182.45000 -74.29495 0.57157
182.50000 -74.29520 0.57316
182.55000 -74.29179 0.57193
182.60000 -74.29105 0.57559
182.65000 -74.28825 0.57883
182.70000 -74.28661 0.57967
182.75000 -74.29224 0.58156
182.80000 -74.29310 0.58194
182.85000 -74.29499 0.57505
182.90000 -74.29783 0.57473
182.95000 -74.30153 0.57503
183.00000 -74.30445 0.57455
183.05000 -74.30539 0.57047
183.10000 -74.30745 0.57094
183.15000 -74.31365 0.56805
183.20000 -74.31168 0.56510
183.25000 -74.30999 0.56525
183.30000 -74.31201 0.56383
183.35000 -74.31443 0.56289
183.40000 -74.31398 0.56098
183.45000 -74.31435 0.56056
183.50000 -74.31189 0.56268
183.55000 -74.31094 0.56266
183.60000 -74.31246 0.56282
183.65000 -74.30967 0.56806
183.70000 -74.31357 0.56832
183.75000 -74.31230 0.57046
183.80000 -74.30917 0.56971
183.85000 -74.30880 0.56994
183.90000 -74.30728 0.56635
183.95000 -74.30625 0.56812
184.00000 -74.30350 0.56672
184.05000 -74.29840 0.56974
184.10000 -74.29659 0.57247
184.15000 -74.29376 0.57514
184.20000 -74.29388 0.57659
184.25000 -74.29302 0.57848
184.30000 -74.29002 0.58107
184.35000 -74.28714 0.58447
184.40000 -74.28603 0.58537
184.45000 -74.28241 0.58815
184.50000 -74.27592 0.59353
184.55000 -74.27427 0.59398
184.60000 -74.27337 0.60018
184.65000 -74.27136 0.60229
184.70000 -74.27263 0.60435
184.75000 -74.27275 0.60673
184.80000 -74.27148 0.60610
184.85000 -74.26593 0.60568
184.90000 -74.26614 0.60577
184.95000 -74.26827 0.60651
185.00000 -74.26252 0.60512
185.05000 -74.26552 0.60533
185.10000 -74.26441 0.60269
185.15000 -74.27004 0.59963
185.20000 -74.26984 0.59942
185.25000 -74.26975 0.59466
185.30000 -74.27316 0.58978
185.35000 -74.27238 0.58970
185.40000 -74.27485 0.59206
185.45000 -74.27148 0.59405
185.50000 -74.26988 0.59437
185.55000 -74.27214 0.59686
185.60000 -74.27559 0.59889
185.65000 -74.28184 0.59665
185.70000 -74.28632 0.59800
185.75000 -74.28780 0.59573
185.80000 -74.29429 0.59067
185.85000 -74.29569 0.58840
185.90000 -74.29310 0.58279
185.95000 -74.29713 0.57825
186.00000 -74.29972 0.57657
186.05000 -74.29959 0.57252
186.10000 -74.30087 0.56850
186.15000 -74.30325 0.56694
186.20000 -74.30445 0.56238
186.25000 -74.30473 0.55856
186.30000 -74.30617 0.55843
186.35000 -74.29968 0.55968
186.40000 -74.29898 0.55981
186.45000 -74.30099 0.56259
186.50000 -74.30120 0.56132
186.55000 -74.30260 0.55901
186.60000 -74.30334 0.56056
186.65000 -74.30338 0.56197
186.70000 -74.30432 0.56281
186.75000 -74.30498 0.56241
186.80000 -74.30519 0.56079
186.85000 -74.30272 0.56373
186.90000 -74.30362 0.56160
186.95000 -74.30280 0.55819
187.00000 -74.30416 0.56210
187.05000 -74.30305 0.55765
187.10000 -74.30490 0.55773
187.15000 -74.30116 0.55491
187.20000 -74.29910 0.55224
187.25000 -74.29754 0.55340
187.30000 -74.29392 0.55586
187.35000 -74.29179 0.56155
187.40000 -74.28595 0.56588
187.45000 -74.28439 0.57023
187.50000 -74.28274 0.57214
187.55000 -74.28114 0.57165
187.60000 -74.27925 0.57779
187.65000 -74.27440 0.57552
187.70000 -74.27423 0.57819
187.75000 -74.27477 0.57920
187.80000 -74.27419 0.57997
187.85000 -74.26951 0.58180
187.90000 -74.26979 0.58482
187.95000 -74.27004 0.58618
188.00000 -74.26934 0.58756
188.05000 -74.27181 0.59160
188.10000 -74.27489 0.59791
188.15000 -74.27230 0.60094
188.20000 -74.27148 0.60132
188.25000 -74.27263 0.60409
188.30000 -74.27390 0.60276
188.35000 -74.27871 0.60357
188.40000 -74.27341 0.59822
188.45000 -74.27210 0.59569
188.50000 -74.27645 0.59441
188.55000 -74.27760 0.58741
188.60000 -74.27608 0.58391
188.65000 -74.27917 0.58512
188.70000 -74.27797 0.58042
188.75000 -74.27543 0.57747
188.80000 -74.27452 0.58160
188.85000 -74.27473 0.58216
188.90000 -74.27177 0.58026
188.95000 -74.27510 0.58145
189.00000 -74.27510 0.58388
189.05000 -74.27658 0.58054
189.10000 -74.27719 0.57738
189.15000 -74.27896 0.57869
189.20000 -74.27662 0.57436
189.25000 -74.27473 0.57249
189.30000 -74.27662 0.57178
189.35000 -74.27691 0.57648
189.40000 -74.27600 0.57847
189.45000 -74.27493 0.57841
189.50000 -74.27658 0.58476
189.55000 -74.27658 0.58452
189.60000 -74.27571 0.58519
189.65000 -74.27966 0.58604
189.70000 -74.28003 0.59024
189.75000 -74.27941 0.59319
189.80000 -74.28184 0.59097
189.85000 -74.28328 0.59206
189.90000 -74.28332 0.59348
189.95000 -74.28562 0.59392
190.00000 -74.28944 0.59580
190.05000 -74.28804 0.59672
190.10000 -74.29363 0.59778
190.15000 -74.29314 0.59611
190.20000 -74.29289 0.59585
190.25000 -74.29561 0.59273
190.30000 -74.29585 0.59215
190.35000 -74.29676 0.59198
190.40000 -74.30005 0.58798
190.45000 -74.30194 0.58675
190.50000 -74.30375 0.58445
190.55000 -74.30502 0.58378
190.60000 -74.30440 0.57750
190.65000 -74.30329 0.57936
190.70000 -74.30436 0.58061
190.75000 -74.30621 0.58034
190.80000 -74.30658 0.57916
190.85000 -74.30457 0.57715
190.90000 -74.30227 0.57714
190.95000 -74.29931 0.57784
191.00000 -74.29898 0.58071
191.05000 -74.30017 0.58139
191.10000 -74.29918 0.58053
191.15000 -74.30354 0.57711
191.20000 -74.30580 0.57124
191.25000 -74.30477 0.57324
191.30000 -74.31119 0.57336
191.35000 -74.31575 0.56973
191.40000 -74.31575 0.56892
191.45000 -74.31937 0.56403
191.50000 -74.31941 0.56009
191.55000 -74.32039 0.55763
191.60000 -74.32302 0.55886
191.65000 -74.32426 0.55580
191.70000 -74.32709 0.55637
191.75000 -74.32467 0.55466
191.80000 -74.32438 0.55222
191.85000 -74.32097 0.55289
191.90000 -74.31961 0.55175
191.95000 -74.32130 0.55144
192.00000 -74.31702 0.55511
192.05000 -74.31505 0.55878
192.10000 -74.31604 0.56173
192.15000 -74.31575 0.56612
192.20000 -74.31702 0.56977
192.25000 -74.31752 0.56934
192.30000 -74.31571 0.57502
192.35000 -74.31061 0.57279
192.40000 -74.31546 0.57584
192.45000 -74.31534 0.57425
192.50000 -74.31542 0.57536
192.55000 -74.31423 0.57471
192.60000 -74.31468 0.57562
192.65000 -74.31349 0.57648
192.70000 -74.31657 0.57607
192.75000 -74.31879 0.57623
192.80000 -74.31694 0.57640
192.85000 -74.31505 0.57670
192.90000 -74.30893 0.58047
192.95000 -74.30979 0.58084
193.00000 -74.30408 0.58165
193.05000 -74.30243 0.58407
193.10000 -74.30202 0.58799
193.15000 -74.30042 0.59230
193.20000 -74.30083 0.59535
193.25000 -74.29914 0.59652
193.30000 -74.29659 0.59631
193.35000 -74.29849 0.59395
193.40000 -74.29643 0.59517
193.45000 -74.29503 0.59781
193.50000 -74.29405 0.59644
193.55000 -74.29179 0.59599
193.60000 -74.29298 0.59184
193.65000 -74.28887 0.58981
193.70000 -74.28624 0.59285
193.75000 -74.28463 0.59860
193.80000 -74.27917 0.59771
193.85000 -74.27645 0.60063
193.90000 -74.27374 0.59920
193.95000 -74.27049 0.60436
194.00000 -74.27156 0.60754
194.05000 -74.26910 0.60527
194.10000 -74.26466 0.60721
194.15000 -74.26277 0.60885
194.20000 -74.26351 0.60726
194.25000 -74.26416 0.60798
194.30000 -74.26256 0.60962
194.35000 -74.26457 0.61077
194.40000 -74.26178 0.61204
194.45000 -74.25857 0.61320
194.50000 -74.25853 0.61667
194.55000 -74.26083 0.61942
194.60000 -74.26042 0.61850
194.65000 -74.25874 0.62292
194.70000 -74.25927 0.62044
194.75000 -74.25385 0.62190
194.80000 -74.25393 0.62107
194.85000 -74.25039 0.62111
194.90000 -74.25060 0.62049
194.95000 -74.24756 0.62047
195.00000 -74.24723 0.61847
195.05000 -74.24624 0.61875
195.10000 -74.24497 0.61865
195.15000 -74.24110 0.62146
195.20000 -74.24489 0.62042
195.25000 -74.24735 0.62215
195.30000 -74.24941 0.61853
195.35000 -74.25113 0.61902
195.40000 -74.25183 0.61450
195.45000 -74.25228 0.61299
195.50000 -74.25590 0.61204
195.55000 -74.25726 0.61184
195.60000 -74.25718 0.60884
195.65000 -74.25693 0.60818
195.70000 -74.26022 0.60834
195.75000 -74.26231 0.60111
195.80000 -74.26712 0.60042
195.85000 -74.27095 0.59349
195.90000 -74.27127 0.59240
195.95000 -74.27551 0.59030
196.00000 -74.27760 0.59052
196.05000 -74.27477 0.58901
196.10000 -74.27469 0.59340
196.15000 -74.27571 0.59193
196.20000 -74.27600 0.59539
196.25000 -74.27929 0.59601
196.30000 -74.27419 0.59625
196.35000 -74.27777 0.59595
196.40000 -74.27473 0.60226
196.45000 -74.27612 0.60607
196.50000 -74.27427 0.61111
196.55000 -74.27612 0.61243
196.60000 -74.27707 0.61469
196.65000 -74.27945 0.61730
196.70000 -74.27370 0.61527
196.75000 -74.27600 0.61612
196.80000 -74.27621 0.61665
196.85000 -74.27247 0.61983
196.90000 -74.27403 0.61872
196.95000 -74.27300 0.61750
197.00000 -74.27234 0.62116
197.05000 -74.27353 0.62179
197.10000 -74.27551 0.61904
197.15000 -74.27551 0.61580
197.20000 -74.28040 0.61233
197.25000 -74.28048 0.60850
197.30000 -74.28619 0.60748
197.35000 -74.28562 0.60162
197.40000 -74.28496 0.60127
197.45000 -74.28858 0.59661
197.50000 -74.28381 0.59826
197.55000 -74.28056 0.59504
197.60000 -74.27945 0.59449
197.65000 -74.28015 0.59462
197.70000 -74.28056 0.59651
197.75000 -74.27686 0.59651
197.80000 -74.27514 0.59923
197.85000 -74.27008 0.59624
197.90000 -74.26704 0.59773
197.95000 -74.26675 0.60046
198.00000 -74.26466 0.59919
198.05000 -74.26499 0.59881
198.10000 -74.26996 0.59815
198.15000 -74.26803 0.59869
198.20000 -74.26864 0.59577
198.25000 -74.27489 0.59006
198.30000 -74.27629 0.58632
198.35000 -74.27333 0.58515
198.40000 -74.27460 0.58647
198.45000 -74.27604 0.58446
198.50000 -74.27588 0.58621
198.55000 -74.27316 0.58462
198.60000 -74.27292 0.58649
198.65000 -74.27756 0.58781
198.70000 -74.27600 0.58948
198.75000 -74.27970 0.59210
198.80000 -74.27645 0.58917
198.85000 -74.28176 0.58763
198.90000 -74.28566 0.58699
198.95000 -74.28480 0.58494
199.00000 -74.28669 0.58238
199.05000 -74.28915 0.58141
199.10000 -74.29035 0.57801
199.15000 -74.29096 0.57432
199.20000 -74.29516 0.57536
199.25000 -74.29840 0.57453
199.30000 -74.29791 0.56982
199.35000 -74.30099 0.56825
199.40000 -74.30210 0.56754
199.45000 -74.30465 0.56672
199.50000 -74.30629 0.56975
199.55000 -74.30383 0.56836
199.60000 -74.30399 0.56963
199.65000 -74.30214 0.56790
199.70000 -74.30329 0.56954
199.75000 -74.30412 0.56584
199.80000 -74.30597 0.56688
199.85000 -74.30819 0.56782
199.90000 -74.31098 0.56353
199.95000 -74.31032 0.55908
200.00000 -74.31123 0.56186
200.05000 -74.31156 0.56171
200.10000 -74.31657 0.55752
200.15000 -74.31760 0.55396
200.20000 -74.32048 0.55649
200.25000 -74.32006 0.55544
200.30000 -74.31920 0.55416
200.35000 -74.31854 0.55866
200.40000 -74.31941 0.56054
200.45000 -74.31916 0.56531
200.50000 -74.31764 0.56561
200.55000 -74.31189 0.57247
200.60000 -74.31172 0.57801
200.65000 -74.30983 0.58202
200.70000 -74.31057 0.58369
200.75000 -74.30482 0.58779
200.80000 -74.30284 0.58911
200.85000 -74.30005 0.58867
200.90000 -74.29898 0.59091
200.95000 -74.29873 0.59342
201.00000 -74.29812 0.59547
201.05000 -74.29692 0.59697
201.10000 -74.29507 0.59694
201.15000 -74.29684 0.59838
201.20000 -74.29959 0.59923
201.25000 -74.29581 0.60322
201.30000 -74.29742 0.60309
201.35000 -74.29096 0.60124
201.40000 -74.29322 0.60126
201.45000 -74.29503 0.60277
201.50000 -74.29076 0.60383
201.55000 -74.29322 0.60099
201.60000 -74.29063 0.59995
201.65000 -74.29273 0.60014
201.70000 -74.29146 0.59942
201.75000 -74.29232 0.59810
201.80000 -74.29207 0.59485
201.85000 -74.29380 0.59023
201.90000 -74.29179 0.58695
201.95000 -74.29166 0.58076
202.00000 -74.29232 0.57932
202.05000 -74.29199 0.57506
202.10000 -74.29655 0.57608
202.15000 -74.29442 0.57277
202.20000 -74.29742 0.56976
202.25000 -74.30017 0.56500
202.30000 -74.30165 0.56411
202.35000 -74.30346 0.56353
202.40000 -74.30416 0.56265
202.45000 -74.30703 0.56001
202.50000 -74.30934 0.55368
202.55000 -74.30962 0.55238
202.60000 -74.31135 0.55242
202.65000 -74.31115 0.55138
202.70000 -74.31119 0.55429
202.75000 -74.31176 0.55679
202.80000 -74.30930 0.55996
202.85000 -74.30621 0.56051
202.90000 -74.30371 0.56137
202.95000 -74.30346 0.56485
203.00000 -74.29902 0.56490
203.05000 -74.29976 0.56649
203.10000 -74.29968 0.56679
203.15000 -74.29581 0.56662
203.20000 -74.29696 0.56794
203.25000 -74.29849 0.57166
203.30000 -74.29799 0.57223
203.35000 -74.30124 0.57006
203.40000 -74.30391 0.56720
203.45000 -74.30165 0.56320
203.50000 -74.30149 0.56124
203.55000 -74.30260 0.55888
203.60000 -74.29931 0.55596
203.65000 -74.30255 0.55379
203.70000 -74.30354 0.55495
203.75000 -74.30091 0.55629
203.80000 -74.30334 0.55340
203.85000 -74.30046 0.55286
203.90000 -74.30301 0.55275
203.95000 -74.30099 0.55177
204.00000 -74.30128 0.55186
204.05000 -74.29705 0.55598
204.10000 -74.29503 0.55462
204.15000 -74.29347 0.55577
204.20000 -74.29199 0.56229
204.25000 -74.29026 0.56261
204.30000 -74.28952 0.56549
204.35000 -74.28989 0.56879
204.40000 -74.28788 0.57163
204.45000 -74.28640 0.57627
204.50000 -74.28509 0.57357
204.55000 -74.28800 0.57046
204.60000 -74.28833 0.56864
204.65000 -74.28673 0.57121
204.70000 -74.28669 0.57208
204.75000 -74.28944 0.57188
204.80000 -74.29068 0.57168
204.85000 -74.28948 0.57419
204.90000 -74.29076 0.57665
204.95000 -74.28977 0.57315
205.00000 -74.29269 0.56789
205.05000 -74.29610 0.57090
205.10000 -74.29269 0.57284
205.15000 -74.29228 0.56952
205.20000 -74.29495 0.56818
205.25000 -74.29668 0.57120
205.30000 -74.29561 0.57237
205.35000 -74.29754 0.57610
205.40000 -74.29766 0.57410
205.45000 -74.29655 0.57867
205.50000 -74.30136 0.57377
205.55000 -74.30066 0.57270
205.60000 -74.30165 0.57245
205.65000 -74.30539 0.57266
205.70000 -74.30461 0.57274
205.75000 -74.30551 0.57198
205.80000 -74.30510 0.57003
205.85000 -74.30317 0.56938
205.90000 -74.30736 0.56624
205.95000 -74.30983 0.56504
206.00000 -74.30991 0.56459
206.05000 -74.31160 0.56389
206.10000 -74.30925 0.56557
206.15000 -74.30905 0.56544
206.20000 -74.31443 0.56503
206.25000 -74.31164 0.56093
206.30000 -74.31069 0.56370
206.35000 -74.30979 0.55967
206.40000 -74.30946 0.56447
206.45000 -74.30666 0.56447
206.50000 -74.30206 0.56697
206.55000 -74.29968 0.57141
206.60000 -74.29894 0.57582
206.65000 -74.29590 0.57689
206.70000 -74.29322 0.57865
206.75000 -74.29326 0.57838
206.80000 -74.29450 0.58195
206.85000 -74.29359 0.58518
206.90000 -74.29170 0.58286
206.95000 -74.29220 0.58125
207.00000 -74.28755 0.58127
207.05000 -74.28944 0.58276
207.10000 -74.28961 0.58055
207.15000 -74.29014 0.58183
207.20000 -74.28841 0.57701
207.25000 -74.28932 0.57626
207.30000 -74.29261 0.57350
207.35000 -74.29606 0.57084
207.40000 -74.29548 0.56629
207.45000 -74.29959 0.56030
207.50000 -74.29520 0.55715
207.55000 -74.29561 0.55809
207.60000 -74.29631 0.55518
207.65000 -74.29820 0.55138
207.70000 -74.29499 0.54890
207.75000 -74.29795 0.54966
207.80000 -74.29544 0.55156
207.85000 -74.29339 0.55160
207.90000 -74.29548 0.55624
207.95000 -74.29442 0.55884
208.00000 -74.29709 0.55572
208.05000 -74.29343 0.55786
208.10000 -74.29602 0.55971
208.15000 -74.29750 0.55979
208.20000 -74.29959 0.55726
208.25000 -74.29668 0.55791
208.30000 -74.29672 0.55610
208.35000 -74.29602 0.55703
208.40000 -74.29795 0.55325
208.45000 -74.30083 0.55466
208.50000 -74.29935 0.55449
208.55000 -74.29935 0.55722
208.60000 -74.29384 0.56217
208.65000 -74.29520 0.56561
208.70000 -74.29569 0.56517
208.75000 -74.29442 0.56887
208.80000 -74.29442 0.57260
208.85000 -74.29322 0.57332
208.90000 -74.29211 0.57477
208.95000 -74.28969 0.57222
209.00000 -74.28788 0.57158
209.05000 -74.28821 0.57466
209.10000 -74.28644 0.57643
209.15000 -74.28435 0.58090
209.20000 -74.28513 0.58314
209.25000 -74.28410 0.58510
209.30000 -74.27686 0.58771
209.35000 -74.27913 0.59177
209.40000 -74.27876 0.59222
209.45000 -74.27703 0.59611
209.50000 -74.27333 0.59495
209.55000 -74.27888 0.59705
209.60000 -74.27728 0.59956
209.65000 -74.27337 0.59896
209.70000 -74.27206 0.60130
209.75000 -74.26831 0.59978
209.80000 -74.26790 0.60118
209.85000 -74.26552 0.60133
209.90000 -74.26905 0.60342
209.95000 -74.26852 0.60323
210.00000 -74.26737 0.60104
210.05000 -74.26745 0.59622
210.10000 -74.27095 0.59387
210.15000 -74.26901 0.59299
210.20000 -74.27703 0.58756
210.25000 -74.27933 0.58165
210.30000 -74.27806 0.58224
210.35000 -74.27748 0.58250
210.40000 -74.28451 0.57736
210.45000 -74.28155 0.57535
210.50000 -74.28176 0.57379
210.55000 -74.28233 0.57209
210.60000 -74.28134 0.57647
210.65000 -74.28245 0.57688
210.70000 -74.28139 0.57884
210.75000 -74.27913 0.58442
210.80000 -74.27847 0.58997
210.85000 -74.27538 0.59391
210.90000 -74.27855 0.59770
210.95000 -74.27830 0.59719
211.00000 -74.27785 0.59968
211.05000 -74.27839 0.59951
211.10000 -74.28139 0.59928
211.15000 -74.28011 0.59824
211.20000 -74.27974 0.59827
211.25000 -74.28032 0.59454
211.30000 -74.27962 0.59624
211.35000 -74.28245 0.59749
211.40000 -74.28200 0.59841
211.45000 -74.27933 0.59586
211.50000 -74.27855 0.59465
211.55000 -74.28151 0.59731
211.60000 -74.27695 0.59699
211.65000 -74.27625 0.59238
211.70000 -74.27789 0.59868
211.75000 -74.27789 0.59691
211.80000 -74.27954 0.59645
211.85000 -74.27629 0.59505
211.90000 -74.27617 0.59749
211.95000 -74.27395 0.59795
212.00000 -74.27477 0.59274
212.05000 -74.27411 0.59328
212.10000 -74.27452 0.59506
212.15000 -74.27358 0.59577
212.20000 -74.27177 0.59947
212.25000 -74.27617 0.60238
212.30000 -74.27464 0.59822
212.35000 -74.27633 0.60115
212.40000 -74.27691 0.59995
212.45000 -74.27888 0.60043
212.50000 -74.28015 0.59610
212.55000 -74.28348 0.59237
212.60000 -74.28365 0.58969
212.65000 -74.28385 0.58735
212.70000 -74.28730 0.58236
212.75000 -74.28891 0.58126
212.80000 -74.28767 0.57930
212.85000 -74.28846 0.57833
212.90000 -74.29043 0.57901
212.95000 -74.28862 0.57865
213.00000 -74.28587 0.57979
213.05000 -74.28554 0.58044
213.10000 -74.28698 0.57712
213.15000 -74.28521 0.57760
213.20000 -74.28578 0.58034
213.25000 -74.28134 0.58071
213.30000 -74.28028 0.58118
213.35000 -74.27999 0.58287
213.40000 -74.27514 0.58245
213.45000 -74.27325 0.58027
213.50000 -74.27238 0.57828
213.55000 -74.27316 0.57798
213.60000 -74.27222 0.57721
213.65000 -74.26922 0.57529
213.70000 -74.26823 0.57314
213.75000 -74.26478 0.57214
213.80000 -74.26716 0.57345
213.85000 -74.26626 0.57101
213.90000 -74.26462 0.57634
213.95000 -74.26420 0.57735
214.00000 -74.26441 0.57639
214.05000 -74.26075 0.57851
214.10000 -74.26133 0.58170
214.15000 -74.25882 0.58184
214.20000 -74.25627 0.58253
214.25000 -74.25607 0.58361
214.30000 -74.25660 0.58258
214.35000 -74.25446 0.58485
214.40000 -74.25413 0.58712
214.45000 -74.25446 0.58556
214.50000 -74.25274 0.58479
214.55000 -74.24945 0.58722
214.60000 -74.25241 0.58902
214.65000 -74.24731 0.58905
214.70000 -74.24739 0.58912
214.75000 -74.24468 0.59130
214.80000 -74.24209 0.59211
214.85000 -74.23831 0.59659
214.90000 -74.23728 0.59290
214.95000 -74.23917 0.59460
215.00000 -74.23897 0.59211
215.05000 -74.24020 0.59352
215.10000 -74.24139 0.59160
215.15000 -74.24057 0.59203
215.20000 -74.24160 0.59018
215.25000 -74.23971 0.58489
215.30000 -74.23962 0.58237
215.35000 -74.24123 0.58203
215.40000 -74.24604 0.57791
215.45000 -74.24443 0.57818
215.50000 -74.24493 0.57443
215.55000 -74.24817 0.57459
215.60000 -74.24875 0.57435
215.65000 -74.24534 0.57375
215.70000 -74.24723 0.57315
215.75000 -74.24624 0.57610
215.80000 -74.24694 0.57668
215.85000 -74.24550 0.57718
215.90000 -74.24772 0.57667
215.95000 -74.24920 0.57910
216.00000 -74.24789 0.57796
216.05000 -74.24846 0.58397
216.10000 -74.25261 0.58475
216.15000 -74.24969 0.58419
216.20000 -74.25060 0.58895
216.25000 -74.25150 0.59162
216.30000 -74.24994 0.59324
216.35000 -74.25212 0.59316
216.40000 -74.24941 0.59500
216.45000 -74.25019 0.59007
216.50000 -74.24916 0.58949
216.55000 -74.24969 0.58748
216.60000 -74.25261 0.58744
216.65000 -74.25467 0.58294
216.70000 -74.25960 0.57948
216.75000 -74.26042 0.57844
216.80000 -74.26063 0.57387
216.85000 -74.26240 0.57224
216.90000 -74.26264 0.57197
216.95000 -74.26346 0.57243
217.00000 -74.26075 0.57000
217.05000 -74.26137 0.57125
217.10000 -74.26429 0.56953
217.15000 -74.26466 0.56637
217.20000 -74.26683 0.57211
217.25000 -74.26827 0.56841
217.30000 -74.26893 0.56491
217.35000 -74.26996 0.56569
217.40000 -74.26885 0.56410
217.45000 -74.26811 0.56352
217.50000 -74.27012 0.55997
217.55000 -74.27473 0.56072
217.60000 -74.27390 0.55853
217.65000 -74.27362 0.55706
217.70000 -74.27337 0.55733
217.75000 -74.27321 0.55780
217.80000 -74.27230 0.55635
217.85000 -74.27181 0.55595
217.90000 -74.27238 0.55591
217.95000 -74.27259 0.55293
218.00000 -74.27255 0.55006
218.05000 -74.27127 0.54894
218.10000 -74.26868 0.54871
218.15000 -74.27025 0.54716
218.20000 -74.26577 0.54533
218.25000 -74.26470 0.54672
218.30000 -74.26293 0.54809
218.35000 -74.26022 0.54961
218.40000 -74.25960 0.55335
218.45000 -74.26059 0.55301
218.50000 -74.26285 0.55156
218.55000 -74.26194 0.54868
218.60000 -74.25783 0.54614
218.65000 -74.26223 0.54847
218.70000 -74.26355 0.54965
218.75000 -74.26100 0.55240
218.80000 -74.26079 0.55221
218.85000 -74.26034 0.55315
218.90000 -74.25870 0.55497
218.95000 -74.25874 0.55474
219.00000 -74.25849 0.55915
219.05000 -74.25537 0.56192
219.10000 -74.25578 0.56198
219.15000 -74.25512 0.56446
219.20000 -74.25483 0.56815
219.25000 -74.25335 0.56842
219.30000 -74.25500 0.57043
219.35000 -74.25171 0.57072
219.40000 -74.24838 0.57132
219.45000 -74.24752 0.57239
219.50000 -74.24517 0.57345
219.55000 -74.24715 0.57548
219.60000 -74.24534 0.57528
219.65000 -74.24636 0.57937
219.70000 -74.24295 0.58032
219.75000 -74.24382 0.58305
219.80000 -74.24258 0.58140
219.85000 -74.24201 0.58628
219.90000 -74.23745 0.58684
219.95000 -74.23481 0.58931
220.00000 -74.23658 0.59108
220.05000 -74.23494 0.58974
220.10000 -74.23650 0.59096
220.15000 -74.23325 0.59067
220.20000 -74.23017 0.58996
220.25000 -74.23099 0.59023
220.30000 -74.23666 0.58794
220.35000 -74.23745 0.58297
220.40000 -74.24123 0.58498
220.45000 -74.24114 0.58221
220.50000 -74.24431 0.58028
220.55000 -74.24542 0.57715
220.60000 -74.24756 0.57445
220.65000 -74.25113 0.57335
220.70000 -74.25150 0.56884
220.75000 -74.25311 0.57002
220.80000 -74.25463 0.57072
220.85000 -74.25426 0.57010
220.90000 -74.25311 0.56722
220.95000 -74.25220 0.56536
221.00000 -74.25257 0.56812
221.05000 -74.25352 0.56713
221.10000 -74.25113 0.56617
221.15000 -74.25422 0.56983
221.20000 -74.25627 0.56874
221.25000 -74.25709 0.57011
221.30000 -74.25787 0.57236
221.35000 -74.26092 0.57306
221.40000 -74.25787 0.57537
221.45000 -74.25792 0.57764
221.50000 -74.25870 0.57854
221.55000 -74.26178 0.57655
221.60000 -74.26145 0.57908
221.65000 -74.26018 0.58250
221.70000 -74.26013 0.57979
221.75000 -74.25738 0.58129
221.80000 -74.26050 0.58419
221.85000 -74.25997 0.58544
221.90000 -74.26137 0.58515
221.95000 -74.26235 0.58187
222.00000 -74.26116 0.58438
222.05000 -74.26248 0.58270
222.10000 -74.26585 0.58170
222.15000 -74.26762 0.57821
222.20000 -74.26918 0.57656
222.25000 -74.27152 0.57520
222.30000 -74.27308 0.57165
222.35000 -74.27501 0.57417
222.40000 -74.27723 0.57529
222.45000 -74.28089 0.57448
222.50000 -74.28028 0.57153
222.55000 -74.28796 0.56626
222.60000 -74.28550 0.56803
222.65000 -74.28870 0.56278
222.70000 -74.29088 0.56192
222.75000 -74.29121 0.56243
222.80000 -74.29392 0.55815
222.85000 -74.29355 0.55852
222.90000 -74.29713 0.55520
222.95000 -74.29524 0.55592
223.00000 -74.29959 0.55380
223.05000 -74.30103 0.55486
223.10000 -74.30001 0.55631
223.15000 -74.30486 0.55550
223.20000 -74.30445 0.55255
223.25000 -74.30350 0.55208
223.30000 -74.30584 0.55382
223.35000 -74.30736 0.54870
223.40000 -74.30798 0.55031
223.45000 -74.30909 0.54874
223.50000 -74.30547 0.55168
223.55000 -74.30745 0.55472
223.60000 -74.30436 0.55839
223.65000 -74.30675 0.56146
223.70000 -74.30975 0.56269
223.75000 -74.30987 0.56372
223.80000 -74.30962 0.56776
223.85000 -74.30843 0.57122
223.90000 -74.31094 0.56947
223.95000 -74.31016 0.57204
224.00000 -74.31131 0.57143
224.05000 -74.31283 0.56608
224.10000 -74.31279 0.56791
224.15000 -74.31221 0.56780
224.20000 -74.31789 0.56564
224.25000 -74.31608 0.56387
224.30000 -74.31324 0.56352
224.35000 -74.31526 0.56406
224.40000 -74.31612 0.56290
224.45000 -74.31361 0.56325
224.50000 -74.31415 0.56154
224.55000 -74.31234 0.56450
224.60000 -74.31452 0.56457
224.65000 -74.30913 0.56470
224.70000 -74.31069 0.57028
224.75000 -74.30967 0.57419
224.80000 -74.30325 0.57521
224.85000 -74.30375 0.57610
224.90000 -74.30486 0.58074
224.95000 -74.30408 0.57954
225.00000 -74.30547 0.57863
225.05000 -74.30420 0.57671
225.10000 -74.30938 0.57752
225.15000 -74.31073 0.57755
225.20000 -74.31616 0.58209
225.25000 -74.31563 0.57946
225.30000 -74.31386 0.58041
225.35000 -74.31711 0.58377
225.40000 -74.31579 0.58700
225.45000 -74.31887 0.58222
225.50000 -74.31916 0.57667
225.55000 -74.31986 0.57247
225.60000 -74.32228 0.57335
225.65000 -74.32676 0.56939
225.70000 -74.32866 0.56464
225.75000 -74.32323 0.56497
225.80000 -74.32713 0.56621
225.85000 -74.32648 0.56421
225.90000 -74.32442 0.56034
225.95000 -74.32833 0.56148
226.00000 -74.32405 0.56286
226.05000 -74.32385 0.56420
226.10000 -74.32228 0.56828
226.15000 -74.32035 0.56930
226.20000 -74.31945 0.57263
226.25000 -74.31879 0.57344
226.30000 -74.32080 0.57522
226.35000 -74.31826 0.57664
226.40000 -74.31435 0.57808
226.45000 -74.31563 0.57953
226.50000 -74.31279 0.58148
226.55000 -74.30638 0.58792
226.60000 -74.30440 0.59486
226.65000 -74.30366 0.59959
226.70000 -74.30231 0.60778
226.75000 -74.29758 0.61393
226.80000 -74.29462 0.62061
226.85000 -74.28985 0.62604
226.90000 -74.28743 0.62855
226.95000 -74.28587 0.63077
227.00000 -74.28270 0.62921
227.05000 -74.28196 0.62717
227.10000 -74.28463 0.62807
227.15000 -74.28599 0.62455
227.20000 -74.28611 0.62108
227.25000 -74.28521 0.61907
227.30000 -74.28270 0.61655
227.35000 -74.28718 0.61281
227.40000 -74.29035 0.61322
227.45000 -74.29216 0.60951
227.50000 -74.29487 0.60834
227.55000 -74.29984 0.60316
227.60000 -74.30001 0.60027
227.65000 -74.30297 0.59858
227.70000 -74.30440 0.59621
227.75000 -74.30769 0.59390
227.80000 -74.30950 0.59260
227.85000 -74.30814 0.59256
227.90000 -74.31279 0.59084
227.95000 -74.31308 0.59291
228.00000 -74.31139 0.59682
228.05000 -74.31082 0.59377
228.10000 -74.31110 0.59480
228.15000 -74.30856 0.59397
228.20000 -74.30860 0.58866
228.25000 -74.30519 0.58876
228.30000 -74.30445 0.58598
228.35000 -74.30646 0.58483
228.40000 -74.30732 0.58395
228.45000 -74.30490 0.58378
228.50000 -74.30629 0.58107
228.55000 -74.30642 0.58086
228.60000 -74.30572 0.57744
228.65000 -74.30408 0.57906
228.70000 -74.30551 0.58062
228.75000 -74.30334 0.58187
228.80000 -74.30284 0.58129
228.85000 -74.30169 0.58177
228.90000 -74.30288 0.58226
228.95000 -74.30112 0.58019
229.00000 -74.30416 0.57887
229.05000 -74.30634 0.57666
229.10000 -74.30765 0.57492
229.15000 -74.30860 0.57415
229.20000 -74.31115 0.57049
229.25000 -74.31480 0.56413
229.30000 -74.31842 0.56230
229.35000 -74.31571 0.56161
229.40000 -74.31612 0.56049
229.45000 -74.31649 0.55813
229.50000 -74.31612 0.55531
229.55000 -74.31369 0.55564
229.60000 -74.31016 0.55807
229.65000 -74.30740 0.55917
229.70000 -74.30601 0.55927
229.75000 -74.30432 0.56429
229.80000 -74.29955 0.56696
229.85000 -74.29844 0.56999
229.90000 -74.29857 0.56852
229.95000 -74.29672 0.57226
230.00000 -74.29775 0.57482
230.05000 -74.30025 0.57182
230.10000 -74.29807 0.57080
230.15000 -74.29606 0.57275
230.20000 -74.29877 0.57359
230.25000 -74.29310 0.57362
230.30000 -74.28874 0.57181
230.35000 -74.29014 0.57198
230.40000 -74.28924 0.57092
230.45000 -74.28735 0.56822
230.50000 -74.28755 0.56876
230.55000 -74.28328 0.57052
230.60000 -74.28089 0.57444
230.65000 -74.28192 0.57749
230.70000 -74.28060 0.58146
230.75000 -74.27662 0.58260
230.80000 -74.28060 0.58534
230.85000 -74.27839 0.58463
230.90000 -74.27982 0.58837
230.95000 -74.27806 0.58306
231.00000 -74.28118 0.58506
231.05000 -74.27954 0.58824
231.10000 -74.27867 0.58618
231.15000 -74.27896 0.58445
231.20000 -74.27958 0.58802
231.25000 -74.28287 0.58656
231.30000 -74.28685 0.58648
231.35000 -74.28632 0.58443
231.40000 -74.28895 0.58119
231.45000 -74.29183 0.57637
231.50000 -74.29540 0.57235
231.55000 -74.30062 0.56598
231.60000 -74.30473 0.56664
231.65000 -74.30934 0.56460
231.70000 -74.31045 0.56146
231.75000 -74.31172 0.55883
231.80000 -74.31386 0.55879
231.85000 -74.31809 0.55776
231.90000 -74.31809 0.55629
231.95000 -74.31817 0.55381
232.00000 -74.31859 0.55438
232.05000 -74.31916 0.55814
232.10000 -74.32233 0.55799
232.15000 -74.32385 0.55975
232.20000 -74.32323 0.55716
232.25000 -74.32344 0.55572
232.30000 -74.32323 0.55894
232.35000 -74.32311 0.56112
232.40000 -74.32574 0.56237
232.45000 -74.32372 0.56164
232.50000 -74.32134 0.55964
232.55000 -74.32504 0.55696
232.60000 -74.32841 0.55416
232.65000 -74.33059 0.55524
232.70000 -74.32738 0.55183
232.75000 -74.32566 0.54986
232.80000 -74.32845 0.54909
232.85000 -74.32566 0.54629
232.90000 -74.32652 0.54837
232.95000 -74.32319 0.54945
233.00000 -74.32220 0.54903
233.05000 -74.31834 0.55117
233.10000 -74.31637 0.55173
233.15000 -74.31468 0.55574
233.20000 -74.31353 0.56095
233.25000 -74.30810 0.56679
233.30000 -74.30679 0.56701
233.35000 -74.30354 0.56892
233.40000 -74.30202 0.57213
233.45000 -74.30046 0.57621
233.50000 -74.29717 0.58061
233.55000 -74.29540 0.58575
233.60000 -74.29384 0.59015
233.65000 -74.29302 0.59344
233.70000 -74.29080 0.59614
233.75000 -74.29100 0.59338
233.80000 -74.29018 0.59702
233.85000 -74.29195 0.59429
233.90000 -74.29277 0.58936
233.95000 -74.29487 0.58892
234.00000 -74.29310 0.58982
234.05000 -74.28948 0.58740
234.10000 -74.29174 0.58700
234.15000 -74.29240 0.58168
234.20000 -74.29359 0.58351
234.25000 -74.29146 0.58038
234.30000 -74.29170 0.57915
234.35000 -74.29294 0.58298
234.40000 -74.29105 0.58067
234.45000 -74.28846 0.58245
234.50000 -74.28504 0.58430
234.55000 -74.28060 0.58517
234.60000 -74.28188 0.58101
234.65000 -74.28418 0.58549
234.70000 -74.27937 0.58759
234.75000 -74.27769 0.58744
234.80000 -74.27871 0.58742
234.85000 -74.27859 0.59146
234.90000 -74.27769 0.59244
234.95000 -74.28007 0.59320
235.00000 -74.27810 0.59379
235.05000 -74.27945 0.59181
235.10000 -74.28056 0.58925
235.15000 -74.27802 0.59005
235.20000 -74.27592 0.59254
235.25000 -74.27522 0.58803
235.30000 -74.27341 0.58839
235.35000 -74.27197 0.58729
235.40000 -74.27185 0.58630
235.45000 -74.27304 0.58876
235.50000 -74.26959 0.59149
235.55000 -74.27140 0.59007
235.60000 -74.26794 0.58819
235.65000 -74.26885 0.58858
235.70000 -74.26901 0.58892
235.75000 -74.27243 0.58961
235.80000 -74.27070 0.58714
235.85000 -74.27181 0.58642
235.90000 -74.27419 0.58400
235.95000 -74.27247 0.57999
236.00000 -74.27707 0.58333
236.05000 -74.27773 0.57546
236.10000 -74.27908 0.57825
236.15000 -74.28126 0.57757
236.20000 -74.28196 0.57778
236.25000 -74.28463 0.57648
236.30000 -74.28307 0.57443
236.35000 -74.28336 0.57526
236.40000 -74.28073 0.57193
236.45000 -74.28451 0.57194
236.50000 -74.28862 0.57418
236.55000 -74.29051 0.57451
236.60000 -74.29253 0.57467
236.65000 -74.29117 0.57017
236.70000 -74.29084 0.56883
236.75000 -74.28833 0.56875
236.80000 -74.28607 0.57055
236.85000 -74.28340 0.57158
236.90000 -74.28208 0.57451
236.95000 -74.28241 0.57387
237.00000 -74.28430 0.57443
237.05000 -74.28570 0.57503
237.10000 -74.28533 0.57489
237.15000 -74.28546 0.57374
237.20000 -74.28693 0.57554
237.25000 -74.28874 0.57399
237.30000 -74.29318 0.57562
237.35000 -74.29179 0.57628
237.40000 -74.28809 0.57251
237.45000 -74.28969 0.57656
237.50000 -74.29257 0.57761
237.55000 -74.28825 0.57848
237.60000 -74.28998 0.58354
237.65000 -74.28636 0.58075
237.70000 -74.29417 0.57681
237.75000 -74.29594 0.57465
237.80000 -74.29861 0.57209
237.85000 -74.30112 0.57166
237.90000 -74.30317 0.56950
237.95000 -74.30617 0.56555
238.00000 -74.30868 0.56585
238.05000 -74.30777 0.56638
238.10000 -74.30395 0.56729
238.15000 -74.30551 0.56699
238.20000 -74.30683 0.56548
238.25000 -74.31156 0.56667
238.30000 -74.31209 0.56548
238.35000 -74.31147 0.56750
238.40000 -74.31049 0.56835
238.45000 -74.31258 0.56865
238.50000 -74.31197 0.56632
238.55000 -74.31184 0.56735
238.60000 -74.31287 0.56498
238.65000 -74.31534 0.56495
238.70000 -74.31558 0.56362
238.75000 -74.31345 0.56246
238.80000 -74.31373 0.56302
238.85000 -74.31542 0.56501
238.90000 -74.31563 0.56612
238.95000 -74.31271 0.56798
239.00000 -74.31357 0.56962
239.05000 -74.31378 0.57293
239.10000 -74.30995 0.57579
239.15000 -74.30975 0.57679
239.20000 -74.30934 0.57925
239.25000 -74.31086 0.57906
239.30000 -74.31378 0.57853
239.35000 -74.31526 0.58300
239.40000 -74.31242 0.57926
239.45000 -74.31484 0.57891
239.50000 -74.31805 0.57712
239.55000 -74.31998 0.57793
239.60000 -74.32372 0.57159
239.65000 -74.32179 0.56913
239.70000 -74.32319 0.56780
239.75000 -74.32175 0.56556
239.80000 -74.32208 0.56317
239.85000 -74.32212 0.56506
239.90000 -74.32372 0.56337
239.95000 -74.32331 0.55954
240.00000 -74.32142 0.55703
240.05000 -74.32130 0.55882
240.10000 -74.32056 0.56078
240.15000 -74.31706 0.56016
240.20000 -74.31279 0.55823
240.25000 -74.31032 0.55823
240.30000 -74.31304 0.56017
240.35000 -74.31106 0.56462
240.40000 -74.31102 0.56810
240.45000 -74.31032 0.57208
240.50000 -74.30921 0.57052
240.55000 -74.30761 0.57132
240.60000 -74.30724 0.57265
240.65000 -74.30280 0.57567
240.70000 -74.30280 0.57899
240.75000 -74.29742 0.57970
240.80000 -74.29191 0.58401
240.85000 -74.29166 0.58719
240.90000 -74.28755 0.58974
240.95000 -74.28422 0.59375
241.00000 -74.28825 0.59497
241.05000 -74.28587 0.59339
241.10000 -74.28521 0.59209
241.15000 -74.28554 0.59168
241.20000 -74.28430 0.58660
241.25000 -74.28336 0.58624
241.30000 -74.28143 0.58729
241.35000 -74.27999 0.58514
241.40000 -74.28180 0.58687
241.45000 -74.28102 0.58831
241.50000 -74.27933 0.58521
241.55000 -74.27851 0.58837
241.60000 -74.27370 0.58941
241.65000 -74.27279 0.59195
241.70000 -74.27481 0.59395
241.75000 -74.27284 0.59349
241.80000 -74.27473 0.59339
241.85000 -74.27267 0.59276
241.90000 -74.27111 0.59470
241.95000 -74.27534 0.59356
242.00000 -74.27337 0.59717
242.05000 -74.27321 0.59675
242.10000 -74.27288 0.60465
242.15000 -74.27608 0.60656
242.20000 -74.27518 0.60809
242.25000 -74.27867 0.60504
242.30000 -74.27929 0.60085
242.35000 -74.27892 0.60352
242.40000 -74.28217 0.60046
242.45000 -74.28139 0.60077
242.50000 -74.27752 0.60066
242.55000 -74.28044 0.59912
242.60000 -74.27884 0.59984
242.65000 -74.27625 0.60311
242.70000 -74.27703 0.60576
242.75000 -74.27308 0.60994
242.80000 -74.26897 0.61392
242.85000 -74.27070 0.61709
242.90000 -74.27411 0.61469
242.95000 -74.27390 0.61478
243.00000 -74.27132 0.61200
243.05000 -74.27197 0.60989
243.10000 -74.27284 0.61050
243.15000 -74.27164 0.61203
243.20000 -74.27115 0.61430
243.25000 -74.26963 0.61064
243.30000 -74.26992 0.60922
243.35000 -74.27156 0.60524
243.40000 -74.27111 0.60418
243.45000 -74.27144 0.59895
243.50000 -74.27156 0.59791
243.55000 -74.27390 0.59917
243.60000 -74.27185 0.59661
243.65000 -74.27025 0.59642
243.70000 -74.27300 0.59673
243.75000 -74.27111 0.59658
243.80000 -74.26996 0.59676
243.85000 -74.27053 0.60011
243.90000 -74.27345 0.59989
243.95000 -74.27353 0.59924
244.00000 -74.27382 0.59723
244.05000 -74.27534 0.59720
244.10000 -74.27481 0.59532
244.15000 -74.27374 0.59728
244.20000 -74.27600 0.59787
244.25000 -74.27567 0.59766
244.30000 -74.28019 0.59620
244.35000 -74.28081 0.59513
244.40000 -74.27744 0.59487
244.45000 -74.28163 0.59265
244.50000 -74.28583 0.58858
244.55000 -74.28632 0.58448
244.60000 -74.28825 0.58537
244.65000 -74.28702 0.58403
244.70000 -74.28973 0.58283
244.75000 -74.28607 0.58189
244.80000 -74.28287 0.58160
244.85000 -74.28525 0.58467
244.90000 -74.28365 0.58427
244.95000 -74.28065 0.58567
245.00000 -74.28176 0.58852
245.05000 -74.27995 0.58964
245.10000 -74.27941 0.59246
245.15000 -74.27962 0.59334
245.20000 -74.27699 0.59787
245.25000 -74.27719 0.59910
245.30000 -74.27678 0.60232
245.35000 -74.27567 0.60071
245.40000 -74.27822 0.60043
245.45000 -74.27736 0.59820
245.50000 -74.27855 0.60057
245.55000 -74.27765 0.59956
245.60000 -74.27949 0.59884
245.65000 -74.27839 0.59864
245.70000 -74.27526 0.59790
245.75000 -74.27551 0.60143
245.80000 -74.27419 0.60404
245.85000 -74.26918 0.60086
245.90000 -74.26749 0.60065
245.95000 -74.26844 0.60442
246.00000 -74.26527 0.60492
246.05000 -74.26437 0.61333
246.10000 -74.26363 0.61607
246.15000 -74.26268 0.61549
246.20000 -74.26190 0.61612
246.25000 -74.26326 0.61850
246.30000 -74.26231 0.61980
246.35000 -74.26198 0.61755
246.40000 -74.26252 0.61896
246.45000 -74.26198 0.61772
246.50000 -74.26235 0.61561
246.55000 -74.26231 0.61712
246.60000 -74.26663 0.61575
246.65000 -74.26429 0.61271
246.70000 -74.26671 0.60660
246.75000 -74.26646 0.60644
246.80000 -74.26523 0.60558
246.85000 -74.26568 0.60494
246.90000 -74.26840 0.60187
246.95000 -74.26831 0.59518
247.00000 -74.27008 0.59436
247.05000 -74.27016 0.59175
247.10000 -74.27419 0.58652
247.15000 -74.27345 0.58029
247.20000 -74.27304 0.57745
247.25000 -74.27506 0.57285
247.30000 -74.27481 0.57066
247.35000 -74.27596 0.57112
247.40000 -74.27497 0.57202
247.45000 -74.27263 0.57359
247.50000 -74.27304 0.57406
247.55000 -74.27555 0.57841
247.60000 -74.27534 0.58021
247.65000 -74.27974 0.58373
247.70000 -74.27839 0.57982
247.75000 -74.28196 0.57998
247.80000 -74.28245 0.58113
247.85000 -74.28233 0.58085
247.90000 -74.28788 0.58021
247.95000 -74.28504 0.57798
248.00000 -74.29051 0.57507
248.05000 -74.29039 0.57450
248.10000 -74.29355 0.57190
248.15000 -74.29265 0.57122
248.20000 -74.29253 0.56915
248.25000 -74.29676 0.56546
248.30000 -74.29816 0.56614
248.35000 -74.30005 0.56530
248.40000 -74.30120 0.56322
248.45000 -74.30161 0.56504
248.50000 -74.30354 0.56145
248.55000 -74.30453 0.56049
248.60000 -74.30288 0.55670
248.65000 -74.30539 0.55731
248.70000 -74.31209 0.55498
248.75000 -74.31476 0.55305
248.80000 -74.31357 0.55032
248.85000 -74.31805 0.54948
248.90000 -74.31604 0.54760
248.95000 -74.31390 0.54552
249.00000 -74.31489 0.54535
249.05000 -74.31665 0.53927
249.10000 -74.32233 0.54256
249.15000 -74.32134 0.53895
249.20000 -74.32594 0.53477
249.25000 -74.32590 0.53579
249.30000 -74.32150 0.53504
249.35000 -74.32101 0.53521
249.40000 -74.32142 0.53736
249.45000 -74.32002 0.53938
249.50000 -74.31978 0.53942
249.55000 -74.32381 0.53584
249.60000 -74.32586 0.53717
249.65000 -74.32837 0.54044
249.70000 -74.32755 0.54329
249.75000 -74.32878 0.54326
249.80000 -74.32430 0.54620
249.85000 -74.32389 0.54970
249.90000 -74.32146 0.54970
249.95000 -74.31863 0.55284
250.00000 -74.31846 0.55498
250.05000 -73.98749 0.56397
250.10000 -74.43438 0.57294
250.15000 -74.78812 0.57394
250.20000 -74.95537 0.57888
250.25000 -75.14219 0.57470
250.30000 -75.31828 0.57322
250.35000 -75.49043 0.57229
250.40000 -75.64744 0.57130
250.45000 -75.79341 0.56943
250.50000 -75.92843 0.56941
250.55000 -76.04920 0.57368
250.60000 -76.16421 0.57765
250.65000 -76.26763 0.57928
250.70000 -76.36882 0.58084
250.75000 -76.45712 0.58593
250.80000 -76.53961 0.58710
250.85000 -76.61730 0.58928
250.90000 -76.68812 0.59187
250.95000 -76.75816 0.58983
251.00000 -76.81855 0.58933
251.05000 -76.87576 0.58799
251.10000 -76.92957 0.59053
251.15000 -76.97894 0.58835
251.20000 -77.02493 0.59049
251.25000 -77.06320 0.58972
251.30000 -77.10073 0.58826
251.35000 -77.13838 0.58842
251.40000 -77.16912 0.58999
251.45000 -77.20139 0.59278
251.50000 -77.22720 0.59250
251.55000 -77.25400 0.59183
251.60000 -77.28368 0.59454
251.65000 -77.30156 0.59207
251.70000 -77.32742 0.59428
251.75000 -77.34887 0.59494
251.80000 -77.36910 0.59596
251.85000 -77.38788 0.59449
251.90000 -77.40510 0.59431
251.95000 -77.42409 0.58867
252.00000 -77.44407 0.58345
252.05000 -77.45644 0.57772
252.10000 -77.47654 0.56949
252.15000 -77.48949 0.56559
252.20000 -77.50100 0.56183
252.25000 -77.51255 0.56273
252.30000 -77.52751 0.56063
252.35000 -77.53651 0.56121
252.40000 -77.54535 0.55950
252.45000 -77.55353 0.56288
252.50000 -77.56188 0.56409
252.55000 -77.57051 0.56116
252.60000 -77.57536 0.56198
252.65000 -77.58004 0.56490
252.70000 -77.59020 0.56209
252.75000 -77.59579 0.56118
252.80000 -77.60290 0.56319
252.85000 -77.60545 0.56394
252.90000 -77.61198 0.56603
252.95000 -77.61613 0.56500
253.00000 -77.62193 0.56579
253.05000 -77.62662 0.56702
253.10000 -77.63299 0.56785
253.15000 -77.63175 0.56911
253.20000 -77.63414 0.57065
253.25000 -77.63603 0.56947
253.30000 -77.64310 0.57163
253.35000 -77.64404 0.57098
253.40000 -77.64470 0.57171
253.45000 -77.64704 0.57160
253.50000 -77.65004 0.57397
253.55000 -77.65350 0.57255
253.60000 -77.65568 0.57078
253.65000 -77.65518 0.57419
253.70000 -77.65703 0.57743
253.75000 -77.66497 0.57819
253.80000 -77.66542 0.57954
253.85000 -77.66899 0.58119
253.90000 -77.67031 0.58066
253.95000 -77.67323 0.58718
254.00000 -77.67956 0.58548
254.05000 -77.67758 0.58561
254.10000 -77.67561 0.58651
254.15000 -77.67956 0.58832
254.20000 -77.67980 0.58545
254.25000 -77.68005 0.58719
254.30000 -77.67643 0.58809
254.35000 -77.67804 0.58929
254.40000 -77.68317 0.58364
254.45000 -77.68256 0.58232
254.50000 -77.68564 0.57977
254.55000 -77.68716 0.57735
254.60000 -77.69045 0.57682
254.65000 -77.69070 0.57833
254.70000 -77.69279 0.57307
254.75000 -77.69867 0.57045
254.80000 -77.70401 0.56748
254.85000 -77.70274 0.56717
254.90000 -77.70332 0.56781
254.95000 -77.70208 0.56618
255.00000 -77.69974 0.56307
255.05000 -77.70056 0.56431
255.10000 -77.70266 0.56830
255.15000 -77.70184 0.57152
255.20000 -77.69962 0.57195
255.25000 -77.69949 0.57545
255.30000 -77.70262 0.57563
255.35000 -77.70451 0.57511
255.40000 -77.70615 0.57333
255.45000 -77.70517 0.57628
255.50000 -77.70706 0.57261
255.55000 -77.70558 0.57374
255.60000 -77.70455 0.56938
255.65000 -77.70969 0.56860
255.70000 -77.70771 0.57094
255.75000 -77.70870 0.56670
255.80000 -77.70615 0.56478
255.85000 -77.70541 0.56878
255.90000 -77.70266 0.57192
255.95000 -77.70192 0.57931
256.00000 -77.69925 0.58321
256.05000 -77.69386 0.58415
256.10000 -77.69386 0.58678
256.15000 -77.69514 0.58687
256.20000 -77.69649 0.59416
256.25000 -77.69472 0.59381
256.30000 -77.69629 0.59361
256.35000 -77.69834 0.59288
256.40000 -77.69189 0.59033
256.45000 -77.69271 0.58938
256.50000 -77.69325 0.58736
256.55000 -77.69357 0.58985
256.60000 -77.69518 0.59090
256.65000 -77.69415 0.58821
256.70000 -77.69255 0.58716
256.75000 -77.69435 0.58662
256.80000 -77.69756 0.58879
256.85000 -77.69892 0.58356
256.90000 -77.69797 0.58198
256.95000 -77.70216 0.58048
257.00000 -77.70430 0.58063
257.05000 -77.70775 0.57440
257.10000 -77.71154 0.56649
257.15000 -77.71384 0.56301
257.20000 -77.71746 0.56057
257.25000 -77.71906 0.55780
257.30000 -77.71931 0.55243
257.35000 -77.71869 0.54911
257.40000 -77.72050 0.55073
257.45000 -77.72095 0.54570
257.50000 -77.71988 0.55072
257.55000 -77.71622 0.55406
257.60000 -77.71684 0.55709
257.65000 -77.71688 0.56031
257.70000 -77.71737 0.55941
257.75000 -77.71273 0.55992
257.80000 -77.71211 0.56711
257.85000 -77.71306 0.57203
257.90000 -77.71039 0.57168
257.95000 -77.71010 0.57566
258.00000 -77.70792 0.57958
258.05000 -77.70784 0.58376
258.10000 -77.70582 0.58172
258.15000 -77.70632 0.58272
258.20000 -77.70492 0.58118
258.25000 -77.70738 0.58234
258.30000 -77.70644 0.57804
258.35000 -77.70784 0.57881
258.40000 -77.71182 0.57863
258.45000 -77.71330 0.57657
258.50000 -77.71396 0.57620
258.55000 -77.71536 0.57116
258.60000 -77.71618 0.57144
258.65000 -77.72152 0.56944
258.70000 -77.72584 0.56266
258.75000 -77.72379 0.56281
258.80000 -77.72115 0.55745
258.85000 -77.72547 0.55419
258.90000 -77.72485 0.55141
258.95000 -77.73003 0.55048
259.00000 -77.72839 0.54738
259.05000 -77.72436 0.54703
259.10000 -77.72502 0.55230
259.15000 -77.72185 0.55507
259.20000 -77.72046 0.55730
259.25000 -77.71815 0.56018
259.30000 -77.71873 0.56361
259.35000 -77.71635 0.56725
259.40000 -77.71433 0.57105
259.45000 -77.71310 0.57695
259.50000 -77.71010 0.57982
259.55000 -77.70767 0.58408
259.60000 -77.70517 0.58741
259.65000 -77.70718 0.58728
259.70000 -77.71063 0.59111
259.75000 -77.71145 0.59209
259.80000 -77.71170 0.59089
259.85000 -77.71380 0.59116
259.90000 -77.71330 0.58653
259.95000 -77.71400 0.59160
260.00000 -77.71076 0.59164
260.05000 -77.71240 0.58917
260.10000 -77.71532 0.59059
260.15000 -77.71906 0.58867
260.20000 -77.71922 0.59071
260.25000 -77.72157 0.58484
260.30000 -77.72333 0.58154
260.35000 -77.72584 0.57663
260.40000 -77.72609 0.57873
260.45000 -77.72724 0.57688
260.50000 -77.72925 0.57644
260.55000 -77.72510 0.57581
260.60000 -77.72683 0.57363
260.65000 -77.72572 0.57693
260.70000 -77.72239 0.58005
260.75000 -77.72395 0.58193
260.80000 -77.72091 0.58355
260.85000 -77.71684 0.59162
260.90000 -77.72025 0.59606
260.95000 -77.71824 0.59415
261.00000 -77.72148 0.59456
261.05000 -77.71589 0.59863
261.10000 -77.71499 0.60103
261.15000 -77.71413 0.60267
261.20000 -77.71277 0.60385
261.25000 -77.71314 0.60568
261.30000 -77.71277 0.60665
261.35000 -77.70533 0.61066
261.40000 -77.70237 0.61171
261.45000 -77.69925 0.61105
261.50000 -77.69670 0.61497
261.55000 -77.69337 0.61894
261.60000 -77.68975 0.61838
261.65000 -77.68215 0.62203
261.70000 -77.68363 0.62566
261.75000 -77.68519 0.62589
261.80000 -77.68371 0.62957
261.85000 -77.67931 0.62610
261.90000 -77.68243 0.62788
261.95000 -77.67939 0.62324
262.00000 -77.68313 0.62091
262.05000 -77.68609 0.61699
262.10000 -77.67980 0.61622
262.15000 -77.68161 0.61435
262.20000 -77.68683 0.61005
262.25000 -77.68576 0.60549
262.30000 -77.68868 0.60530
262.35000 -77.69061 0.60462
262.40000 -77.69288 0.60465
262.45000 -77.69164 0.60360
262.50000 -77.69341 0.60153
262.55000 -77.69148 0.60823
262.60000 -77.69271 0.60718
262.65000 -77.69398 0.60748
262.70000 -77.69259 0.60794
262.75000 -77.69148 0.60549
262.80000 -77.69255 0.60811
262.85000 -77.69111 0.60436
262.90000 -77.69181 0.60802
262.95000 -77.69061 0.60767
263.00000 -77.69144 0.60540
263.05000 -77.69078 0.60884
263.10000 -77.69193 0.60793
263.15000 -77.69320 0.60610
263.20000 -77.69053 0.60063
263.25000 -77.69551 0.59755
263.30000 -77.69801 0.59801
263.35000 -77.69653 0.59592
263.40000 -77.69801 0.59649
263.45000 -77.69871 0.59408
263.50000 -77.69892 0.59045
263.55000 -77.69723 0.58928
263.60000 -77.69805 0.59242
263.65000 -77.69978 0.58969
263.70000 -77.69999 0.58688
263.75000 -77.70344 0.58593
263.80000 -77.70508 0.58509
263.85000 -77.70623 0.58556
263.90000 -77.70796 0.58762
263.95000 -77.71137 0.58536
264.00000 -77.71158 0.58551
264.05000 -77.71643 0.58324
264.10000 -77.71721 0.58124
264.15000 -77.71840 0.57971
264.20000 -77.72436 0.57667
264.25000 -77.73012 0.57717
264.30000 -77.73012 0.56919
264.35000 -77.73057 0.56629
264.40000 -77.72831 0.56456
264.45000 -77.72999 0.56139
264.50000 -77.73049 0.56206
264.55000 -77.73287 0.56069
264.60000 -77.73312 0.56003
264.65000 -77.72921 0.55917
264.70000 -77.73246 0.55916
264.75000 -77.72864 0.56088
264.80000 -77.72921 0.55979
264.85000 -77.72601 0.56046
264.90000 -77.72387 0.56442
264.95000 -77.72066 0.55807
265.00000 -77.71680 0.56455
265.05000 -77.71754 0.56774
265.10000 -77.71524 0.56845
265.15000 -77.71626 0.57112
265.20000 -77.71540 0.57144
265.25000 -77.71482 0.56964
265.30000 -77.71519 0.56926
265.35000 -77.71803 0.57014
265.40000 -77.71647 0.57181
265.45000 -77.71396 0.57161
265.50000 -77.71137 0.57435
265.55000 -77.71051 0.57781
265.60000 -77.71174 0.57765
265.65000 -77.71318 0.57876
265.70000 -77.71474 0.57766
265.75000 -77.71104 0.57480
265.80000 -77.71507 0.57125
265.85000 -77.71441 0.56575
265.90000 -77.71191 0.56514
265.95000 -77.71351 0.56178
266.00000 -77.71277 0.56211
266.05000 -77.71347 0.56350
266.10000 -77.71680 0.56169
266.15000 -77.71836 0.56358
266.20000 -77.72255 0.56466
266.25000 -77.72703 0.56602
266.30000 -77.72596 0.56924
266.35000 -77.72477 0.57074
266.40000 -77.72514 0.57210
266.45000 -77.72633 0.57213
266.50000 -77.72300 0.57171
266.55000 -77.72037 0.57049
266.60000 -77.72453 0.57462
266.65000 -77.72017 0.57702
266.70000 -77.71873 0.57864
266.75000 -77.72161 0.57908
266.80000 -77.72370 0.57910
266.85000 -77.72506 0.57859
266.90000 -77.72625 0.57898
266.95000 -77.72942 0.57765
267.00000 -77.73192 0.57979
267.05000 -77.73345 0.57637
267.10000 -77.73373 0.57486
267.15000 -77.73049 0.57343
267.20000 -77.72901 0.57683
267.25000 -77.72868 0.57777
267.30000 -77.72584 0.57874
267.35000 -77.72592 0.58178
267.40000 -77.72502 0.58261
267.45000 -77.72646 0.58189
267.50000 -77.72675 0.58333
267.55000 -77.73069 0.58244
267.60000 -77.73188 0.58146
267.65000 -77.73160 0.58205
267.70000 -77.73086 0.57924
267.75000 -77.73090 0.58100
267.80000 -77.73024 0.58019
267.85000 -77.73065 0.57919
267.90000 -77.73164 0.57480
267.95000 -77.73110 0.57398
268.00000 -77.73131 0.57554
268.05000 -77.73139 0.57531
268.10000 -77.73040 0.56967
268.15000 -77.72814 0.57267
268.20000 -77.72950 0.57459
268.25000 -77.72654 0.57811
268.30000 -77.72502 0.57985
268.35000 -77.72576 0.57679
268.40000 -77.72933 0.57571
268.45000 -77.72477 0.57220
268.50000 -77.72613 0.57483
268.55000 -77.72387 0.57183
268.60000 -77.72942 0.57142
268.65000 -77.73180 0.56749
268.70000 -77.73439 0.56718
268.75000 -77.73513 0.56631
268.80000 -77.73813 0.56698
268.85000 -77.73949 0.56170
268.90000 -77.74294 0.55955
268.95000 -77.74413 0.55862
269.00000 -77.74442 0.55292
269.05000 -77.74216 0.55081
269.10000 -77.74516 0.54930
269.15000 -77.74615 0.54989
269.20000 -77.74438 0.55126
269.25000 -77.74623 0.54795
269.30000 -77.74594 0.55113
269.35000 -77.74158 0.55403
269.40000 -77.73698 0.55717
269.45000 -77.73887 0.56295
269.50000 -77.74278 0.56190
269.55000 -77.74352 0.56291
269.60000 -77.74310 0.56841
269.65000 -77.74516 0.56738
269.70000 -77.74685 0.56903
269.75000 -77.74487 0.56916
269.80000 -77.74927 0.56657
269.85000 -77.74919 0.56613
269.90000 -77.74997 0.56635
269.95000 -77.75133 0.56106
270.00000 -77.75342 0.55887
270.05000 -77.75704 0.55868
270.10000 -77.75379 0.55922
270.15000 -77.75490 0.55605
270.20000 -77.75330 0.55867
270.25000 -77.75650 0.55881
270.30000 -77.75515 0.55728
270.35000 -77.75342 0.55670
270.40000 -77.75433 0.55890
270.45000 -77.75297 0.55976
270.50000 -77.74898 0.55862
270.55000 -77.74976 0.55804
270.60000 -77.75322 0.56111
270.65000 -77.74808 0.55912
270.70000 -77.74779 0.55941
270.75000 -77.74347 0.56137
270.80000 -77.74175 0.55915
270.85000 -77.73698 0.56235
270.90000 -77.73566 0.56341
270.95000 -77.73505 0.56274
271.00000 -77.73114 0.56097
271.05000 -77.73229 0.56422
271.10000 -77.73024 0.56492
271.15000 -77.73090 0.56267
271.20000 -77.73201 0.56607
271.25000 -77.72987 0.56558
271.30000 -77.72765 0.56703
271.35000 -77.72798 0.57119
271.40000 -77.72494 0.57613
271.45000 -77.72366 0.57675
271.50000 -77.72255 0.57812
271.55000 -77.72009 0.57813
271.60000 -77.72226 0.58048
271.65000 -77.72280 0.57855
271.70000 -77.71622 0.57828
271.75000 -77.72037 0.57667
271.80000 -77.72251 0.57678
271.85000 -77.72078 0.57495
271.90000 -77.72124 0.57657
271.95000 -77.71943 0.57519
272.00000 -77.72194 0.57558
272.05000 -77.72510 0.57407
272.10000 -77.72580 0.57491
272.15000 -77.72642 0.57130
272.20000 -77.72596 0.56792
272.25000 -77.72835 0.56630
272.30000 -77.72403 0.56504
272.35000 -77.72288 0.56658
272.40000 -77.72596 0.56788
272.45000 -77.72379 0.56834
272.50000 -77.72210 0.56628
272.55000 -77.72395 0.56879
272.60000 -77.72494 0.57159
272.65000 -77.72416 0.57074
272.70000 -77.72827 0.57226
272.75000 -77.72572 0.57140
272.80000 -77.72642 0.57132
272.85000 -77.72621 0.57301
272.90000 -77.72198 0.57269
272.95000 -77.71935 0.57618
273.00000 -77.71885 0.57748
273.05000 -77.72078 0.57836
273.10000 -77.71556 0.58677
273.15000 -77.71117 0.58968
273.20000 -77.71548 0.59022
273.25000 -77.71622 0.59082
273.30000 -77.71367 0.58969
273.35000 -77.71326 0.58747
273.40000 -77.71166 0.58667
273.45000 -77.71187 0.59041
273.50000 -77.71088 0.59355
273.55000 -77.71178 0.59737
273.60000 -77.71228 0.60102
273.65000 -77.70784 0.60281
273.70000 -77.70623 0.60674
273.75000 -77.70619 0.60551
273.80000 -77.70401 0.60888
273.85000 -77.70426 0.60927
273.90000 -77.70319 0.60940
273.95000 -77.70566 0.61014
274.00000 -77.70118 0.60892
274.05000 -77.70110 0.60923
274.10000 -77.70504 0.60631
274.15000 -77.70558 0.60785
274.20000 -77.70841 0.60371
274.25000 -77.70997 0.60583
274.30000 -77.71170 0.60262
274.35000 -77.70878 0.60093
274.40000 -77.71047 0.60168
274.45000 -77.70911 0.60413
274.50000 -77.71219 0.60025
274.55000 -77.70985 0.60230
274.60000 -77.70882 0.60545
274.65000 -77.71039 0.60204
274.70000 -77.70714 0.60029
274.75000 -77.70706 0.59843
274.80000 -77.70722 0.60269
274.85000 -77.70862 0.60346
274.90000 -77.70455 0.60315
274.95000 -77.70677 0.60392
275.00000 -77.70652 0.60619
275.05000 -77.70788 0.60461
275.10000 -77.71367 0.60467
275.15000 -77.71515 0.60044
275.20000 -77.71889 0.60288
275.25000 -77.72124 0.60040
275.30000 -77.72416 0.59650
275.35000 -77.72140 0.59663
275.40000 -77.72115 0.59605
275.45000 -77.71947 0.59598
275.50000 -77.71832 0.59389
275.55000 -77.72111 0.59531
275.60000 -77.72313 0.59217
275.65000 -77.71959 0.58944
275.70000 -77.72333 0.59142
275.75000 -77.72198 0.58930
275.80000 -77.72152 0.58906
275.85000 -77.72383 0.58431
275.90000 -77.72416 0.58597
275.95000 -77.72206 0.59074
276.00000 -77.72362 0.59140
276.05000 -77.72165 0.58920
276.10000 -77.71680 0.58736
276.15000 -77.71898 0.58719
276.20000 -77.71922 0.58915
276.25000 -77.71848 0.59085
276.30000 -77.71593 0.59165
276.35000 -77.71935 0.59003
276.40000 -77.71943 0.58918
276.45000 -77.71939 0.59171
276.50000 -77.71787 0.59359
276.55000 -77.71758 0.59691
276.60000 -77.71256 0.59995
276.65000 -77.71162 0.60605
276.70000 -77.71351 0.60578
276.75000 -77.71084 0.60863
276.80000 -77.71010 0.61305
276.85000 -77.70919 0.61514
276.90000 -77.71002 0.61410
276.95000 -77.71108 0.61321
277.00000 -77.71170 0.60848
277.05000 -77.71076 0.60465
277.10000 -77.71248 0.60249
277.15000 -77.71454 0.59860
277.20000 -77.71713 0.60057
277.25000 -77.71659 0.59882
277.30000 -77.71672 0.59834
277.35000 -77.71898 0.59763
277.40000 -77.72021 0.59777
277.45000 -77.72255 0.59864
277.50000 -77.72358 0.59692
277.55000 -77.72744 0.59377
277.60000 -77.72917 0.59019
277.65000 -77.73106 0.59139
277.70000 -77.73061 0.59012
277.75000 -77.72995 0.58576
277.80000 -77.73234 0.58766
277.85000 -77.73275 0.58421
277.90000 -77.73365 0.58546
277.95000 -77.73521 0.58557
278.00000 -77.73986 0.58373
278.05000 -77.74282 0.57905
278.10000 -77.74746 0.58127
278.15000 -77.74886 0.58290
278.20000 -77.74911 0.58260
278.25000 -77.75075 0.58266
278.30000 -77.75219 0.58269
278.35000 -77.74878 0.58659
278.40000 -77.75087 0.58672
278.45000 -77.75256 0.58778
278.50000 -77.75400 0.59303
278.55000 -77.75178 0.59403
278.60000 -77.75067 0.59695
278.65000 -77.74660 0.60074
278.70000 -77.74109 0.60237
278.75000 -77.73817 0.60037
278.80000 -77.73719 0.60024
278.85000 -77.73044 0.59929
278.90000 -77.73266 0.60432
278.95000 -77.72983 0.60064
279.00000 -77.73262 0.60362
279.05000 -77.73197 0.60366
279.10000 -77.72781 0.60810
279.15000 -77.72625 0.60965
279.20000 -77.72724 0.60655
279.25000 -77.73135 0.60683
279.30000 -77.73583 0.60886
279.35000 -77.73476 0.60592
279.40000 -77.73636 0.60157
279.45000 -77.73669 0.59928
279.50000 -77.73517 0.59928
279.55000 -77.73447 0.59648
279.60000 -77.73686 0.59779
279.65000 -77.73899 0.59707
279.70000 -77.74278 0.60184
279.75000 -77.74323 0.59897
279.80000 -77.74232 0.59859
279.85000 -77.74458 0.59739
279.90000 -77.74656 0.59535
279.95000 -77.74832 0.59117
280.00000 -77.75013 0.59132
280.05000 -77.74672 0.58900
280.10000 -77.74532 0.58772
280.15000 -77.74545 0.58965
280.20000 -77.74648 0.58735
280.25000 -77.74475 0.58395
280.30000 -77.74561 0.58479
280.35000 -77.74602 0.58370
280.40000 -77.74302 0.58195
280.45000 -77.74134 0.57903
280.50000 -77.74109 0.57828
280.55000 -77.74417 0.57984
280.60000 -77.74569 0.58138
280.65000 -77.73965 0.58125
280.70000 -77.73706 0.58518
280.75000 -77.73390 0.58703
280.80000 -77.72822 0.59314
280.85000 -77.72514 0.59878
280.90000 -77.71955 0.60407
280.95000 -77.71651 0.60788
281.00000 -77.71302 0.61097
281.05000 -77.71022 0.61326
281.10000 -77.71355 0.61606
281.15000 -77.71150 0.61636
281.20000 -77.70907 0.61908
281.25000 -77.70899 0.61931
281.30000 -77.70956 0.61621
281.35000 -77.70977 0.61470
281.40000 -77.71441 0.61276
281.45000 -77.71791 0.61111
281.50000 -77.72058 0.61180
281.55000 -77.72021 0.61042
281.60000 -77.71996 0.60544
281.65000 -77.72214 0.60237
281.70000 -77.72453 0.60263
281.75000 -77.72679 0.59872
281.80000 -77.72785 0.59853
281.85000 -77.72847 0.60058
281.90000 -77.72753 0.60184
281.95000 -77.73073 0.60084
282.00000 -77.73620 0.60166
282.05000 -77.73345 0.60151
282.10000 -77.73994 0.59600
282.15000 -77.73916 0.59220
282.20000 -77.73842 0.59076
282.25000 -77.73953 0.58829
282.30000 -77.74212 0.58764
282.35000 -77.73768 0.58562
282.40000 -77.74002 0.58291
282.45000 -77.74167 0.58394
282.50000 -77.74019 0.58535
282.55000 -77.74117 0.58391
282.60000 -77.74278 0.58657
282.65000 -77.74290 0.58753
282.70000 -77.74228 0.58523
282.75000 -77.73891 0.58649
282.80000 -77.73895 0.58905
282.85000 -77.73599 0.59068
282.90000 -77.73838 0.58841
282.95000 -77.73780 0.58794
283.00000 -77.73620 0.59112
283.05000 -77.73390 0.58928
283.10000 -77.73599 0.59129
283.15000 -77.73558 0.59262
283.20000 -77.73279 0.59396
283.25000 -77.72802 0.59370
283.30000 -77.72769 0.59274
283.35000 -77.72703 0.59050
283.40000 -77.72288 0.58652
283.45000 -77.72173 0.58782
283.50000 -77.72144 0.58777
283.55000 -77.71791 0.58599
283.60000 -77.71647 0.58552
283.65000 -77.71894 0.58293
283.70000 -77.71750 0.58376
283.75000 -77.71741 0.58462
283.80000 -77.71302 0.58231
283.85000 -77.71355 0.58489
283.90000 -77.71318 0.58591
283.95000 -77.71314 0.58414
284.00000 -77.71339 0.58218
284.05000 -77.71207 0.58338
284.10000 -77.71371 0.58099
284.15000 -77.71335 0.58089
284.20000 -77.71129 0.58328
284.25000 -77.71404 0.58503
284.30000 -77.71532 0.58405
284.35000 -77.71388 0.58774
284.40000 -77.71519 0.58808
284.45000 -77.71100 0.58996
284.50000 -77.71026 0.58995
284.55000 -77.70903 0.58911
284.60000 -77.70985 0.58781
284.65000 -77.71158 0.58895
284.70000 -77.71417 0.58915
284.75000 -77.71709 0.58926
284.80000 -77.71688 0.58784
284.85000 -77.71614 0.58171
284.90000 -77.71848 0.57863
284.95000 -77.72041 0.57130
285.00000 -77.72255 0.56849
285.05000 -77.72383 0.56508
285.10000 -77.72333 0.56608
285.15000 -77.72317 0.56199
285.20000 -77.71992 0.56499
285.25000 -77.72169 0.56278
285.30000 -77.72502 0.56715
285.35000 -77.72551 0.56418
285.40000 -77.72420 0.56436
285.45000 -77.72564 0.56361
285.50000 -77.72703 0.56418
285.55000 -77.73579 0.56180
285.60000 -77.73423 0.56026
285.65000 -77.73435 0.55936
285.70000 -77.73303 0.56034
285.75000 -77.72901 0.56153
285.80000 -77.72991 0.56355
285.85000 -77.73024 0.56717
285.90000 -77.72938 0.57108
285.95000 -77.73188 0.57138
286.00000 -77.72995 0.57261
286.05000 -77.72592 0.57710
286.10000 -77.72765 0.57633
286.15000 -77.72933 0.57667
286.20000 -77.72781 0.57685
286.25000 -77.72975 0.57901
286.30000 -77.73016 0.58122
286.35000 -77.73053 0.58275
286.40000 -77.73180 0.58240
286.45000 -77.73357 0.58057
286.50000 -77.73381 0.58296
286.55000 -77.73283 0.57910
286.60000 -77.73151 0.57927
286.65000 -77.72987 0.57829
286.70000 -77.73476 0.57466
286.75000 -77.73682 0.57794
286.80000 -77.73756 0.57553
286.85000 -77.73698 0.57446
286.90000 -77.73842 0.57310
286.95000 -77.73969 0.57571
287.00000 -77.74347 0.57527
287.05000 -77.74241 0.57682
287.10000 -77.74541 0.57496
287.15000 -77.74578 0.57040
287.20000 -77.74878 0.57021
287.25000 -77.74980 0.57050
287.30000 -77.74602 0.57147
287.35000 -77.75149 0.57302
287.40000 -77.74680 0.57286
287.45000 -77.74948 0.57470
287.50000 -77.74648 0.57701
287.55000 -77.74290 0.57973
287.60000 -77.74586 0.57839
287.65000 -77.74010 0.58241
287.70000 -77.73386 0.58536
287.75000 -77.72979 0.58849
287.80000 -77.72987 0.59353
287.85000 -77.72444 0.59209
287.90000 -77.72362 0.59289
287.95000 -77.72440 0.59360
288.00000 -77.72572 0.59462
288.05000 -77.72317 0.59148
288.10000 -77.71852 0.59251
288.15000 -77.71515 0.59618
288.20000 -77.71384 0.59291
288.25000 -77.71709 0.59556
288.30000 -77.71396 0.59456
288.35000 -77.71187 0.59466
288.40000 -77.70969 0.59398
288.45000 -77.71043 0.58980
288.50000 -77.71158 0.59119
288.55000 -77.70956 0.59535
288.60000 -77.70574 0.59605
288.65000 -77.70932 0.59670
288.70000 -77.70771 0.59763
288.75000 -77.70767 0.59484
288.80000 -77.71014 0.59717
288.85000 -77.71182 0.59843
288.90000 -77.71207 0.59489
288.95000 -77.70882 0.59471
289.00000 -77.71380 0.59556
289.05000 -77.71417 0.59575
289.10000 -77.71885 0.59565
289.15000 -77.71968 0.59791
289.20000 -77.72066 0.59447
289.25000 -77.72005 0.59412
289.30000 -77.71963 0.59252
289.35000 -77.71910 0.59337
289.40000 -77.72206 0.59468
289.45000 -77.71918 0.59800
289.50000 -77.71877 0.60096
289.55000 -77.72083 0.60438
289.60000 -77.71709 0.60289
289.65000 -77.71252 0.61016
289.70000 -77.71450 0.61084
289.75000 -77.71811 0.61408
289.80000 -77.71298 0.61617
289.85000 -77.71244 0.61700
289.90000 -77.71491 0.61992
289.95000 -77.71643 0.62526
290.00000 -77.71503 0.62743
290.05000 -77.71980 0.62806
290.10000 -77.71976 0.62910
290.15000 -77.71902 0.62470
290.20000 -77.72132 0.62749
290.25000 -77.72288 0.62473
290.30000 -77.72202 0.62087
290.35000 -77.72136 0.61739
290.40000 -77.72144 0.61352
290.45000 -77.72046 0.61205
290.50000 -77.72263 0.61067
290.55000 -77.72235 0.60620
290.60000 -77.72518 0.60532
290.65000 -77.72305 0.60393
290.70000 -77.72263 0.60437
290.75000 -77.72132 0.60348
290.80000 -77.71984 0.60716
290.85000 -77.71815 0.60328
290.90000 -77.72017 0.60230
290.95000 -77.71926 0.60442
291.00000 -77.72025 0.60328
291.05000 -77.71672 0.60039
291.10000 -77.72185 0.60229
291.15000 -77.72358 0.59969
291.20000 -77.72292 0.59709
291.25000 -77.72559 0.59880
291.30000 -77.73016 0.59588
291.35000 -77.73086 0.59335
291.40000 -77.73435 0.58986
291.45000 -77.73850 0.58888
291.50000 -77.73484 0.58610
291.55000 -77.73780 0.58617
291.60000 -77.74072 0.58687
291.65000 -77.74236 0.58402
291.70000 -77.74006 0.58563
291.75000 -77.73891 0.58422
291.80000 -77.73698 0.58568
291.85000 -77.73764 0.58896
291.90000 -77.74039 0.58734
291.95000 -77.73916 0.59305
292.00000 -77.73603 0.58932
292.05000 -77.73682 0.59392
292.10000 -77.73529 0.59508
292.15000 -77.73546 0.60084
292.20000 -77.73353 0.60192
292.25000 -77.72962 0.60511
292.30000 -77.72440 0.60743
292.35000 -77.72374 0.60914
292.40000 -77.71877 0.61847
292.45000 -77.71104 0.62397
292.50000 -77.71154 0.62961
292.55000 -77.70685 0.63738
292.60000 -77.70743 0.63854
292.65000 -77.70410 0.64217
292.70000 -77.69670 0.64424
292.75000 -77.69489 0.64697
292.80000 -77.68728 0.64921
292.85000 -77.68745 0.65398
292.90000 -77.68889 0.65342
292.95000 -77.68420 0.65648
293.00000 -77.67952 0.65527
293.05000 -77.67956 0.65600
293.10000 -77.67800 0.65475
293.15000 -77.67894 0.65355
293.20000 -77.67545 0.65323
293.25000 -77.67331 0.65381
293.30000 -77.67763 0.65570
293.35000 -77.67664 0.65259
293.40000 -77.67693 0.65600
293.45000 -77.67800 0.65297
293.50000 -77.67701 0.64946
293.55000 -77.67915 0.65145
293.60000 -77.68058 0.65147
293.65000 -77.67976 0.65257
293.70000 -77.67878 0.64962
293.75000 -77.68264 0.65064
293.80000 -77.68490 0.65070
293.85000 -77.68815 0.64874
293.90000 -77.69004 0.64772
293.95000 -77.69267 0.64489
294.00000 -77.69456 0.64381
294.05000 -77.69571 0.63710
294.10000 -77.69674 0.63102
294.15000 -77.69826 0.63223
294.20000 -77.70093 0.63213
294.25000 -77.70451 0.62842
294.30000 -77.70163 0.62358
294.35000 -77.70245 0.62165
294.40000 -77.70225 0.61935
294.45000 -77.70073 0.61841
294.50000 -77.70085 0.61870
294.55000 -77.70393 0.61734
294.60000 -77.70323 0.61438
294.65000 -77.70591 0.61299
294.70000 -77.70730 0.61341
294.75000 -77.70475 0.61256
294.80000 -77.70430 0.61309
294.85000 -77.70163 0.61025
294.90000 -77.70455 0.60848
294.95000 -77.70097 0.60853
295.00000 -77.69953 0.60944
295.05000 -77.70130 0.61310
295.10000 -77.69859 0.61030
295.15000 -77.69653 0.61061
295.20000 -77.69810 0.60863
295.25000 -77.69966 0.60453
295.30000 -77.70064 0.60713
295.35000 -77.69822 0.60670
295.40000 -77.70044 0.60343
295.45000 -77.70418 0.60157
295.50000 -77.70151 0.60069
295.55000 -77.69933 0.60006
295.60000 -77.70258 0.60005
295.65000 -77.70032 0.60147
295.70000 -77.69859 0.60936
295.75000 -77.69575 0.60656
295.80000 -77.69834 0.61024
295.85000 -77.69842 0.61238
295.90000 -77.69423 0.61273
295.95000 -77.69670 0.61371
296.00000 -77.69329 0.61460
296.05000 -77.69070 0.61703
296.10000 -77.69172 0.61825
296.15000 -77.68876 0.61600
296.20000 -77.68860 0.61718
296.25000 -77.69016 0.61337
296.30000 -77.68967 0.61300
296.35000 -77.69160 0.61036
296.40000 -77.69283 0.60637
296.45000 -77.69604 0.59995
296.50000 -77.70348 0.59792
296.55000 -77.70677 0.59342
296.60000 -77.71363 0.58605
296.65000 -77.71589 0.58145
296.70000 -77.71910 0.57939
296.75000 -77.72514 0.57822
296.80000 -77.72239 0.57337
296.85000 -77.72518 0.56711
296.90000 -77.72337 0.56622
296.95000 -77.72921 0.56617
297.00000 -77.72633 0.56812
297.05000 -77.72629 0.56658
297.10000 -77.72773 0.56865
297.15000 -77.72810 0.56816
297.20000 -77.72695 0.56729
297.25000 -77.72596 0.56893
297.30000 -77.72621 0.57312
297.35000 -77.72691 0.57339
297.40000 -77.72880 0.57857
297.45000 -77.72638 0.58163
297.50000 -77.72798 0.58307
297.55000 -77.72835 0.58453
297.60000 -77.72769 0.59140
297.65000 -77.72933 0.59377
297.70000 -77.72954 0.60079
297.75000 -77.73266 0.60055
297.80000 -77.73164 0.60508
297.85000 -77.73168 0.61122
297.90000 -77.73217 0.60807
297.95000 -77.72995 0.60778
298.00000 -77.73336 0.60842
298.05000 -77.73665 0.61011
298.10000 -77.73632 0.60966
298.15000 -77.73472 0.60656
298.20000 -77.73727 0.60580
298.25000 -77.73867 0.60521
298.30000 -77.73751 0.60191
298.35000 -77.73484 0.60569
298.40000 -77.73562 0.60669
298.45000 -77.73797 0.60451
298.50000 -77.74015 0.60270
298.55000 -77.73690 0.60548
298.60000 -77.73809 0.60548
298.65000 -77.73764 0.60610
298.70000 -77.73661 0.60720
298.75000 -77.73303 0.60621
298.80000 -77.73542 0.60569
298.85000 -77.73645 0.60760
298.90000 -77.74039 0.60785
298.95000 -77.73945 0.60768
299.00000 -77.73694 0.60961
299.05000 -77.73583 0.60965
299.10000 -77.73784 0.60373
299.15000 -77.73714 0.59832
299.20000 -77.73772 0.59594
299.25000 -77.74162 0.59454
299.30000 -77.74331 0.59323
299.35000 -77.74249 0.59434
299.40000 -77.74241 0.59472
299.45000 -77.74380 0.58553
299.50000 -77.74331 0.58630
299.55000 -77.74639 0.58669
299.60000 -77.74816 0.58582
299.65000 -77.74939 0.58193
299.70000 -77.74808 0.58131
299.75000 -77.75022 0.58114
299.80000 -77.75009 0.58285
299.85000 -77.74680 0.58149
299.90000 -77.74956 0.58041
299.95000 -77.75256 0.58108
300.00000 -77.74960 0.58019
300.05000 -78.07395 0.57305
300.10000 -77.63179 0.56809
300.15000 -77.27530 0.56712
300.20000 -77.10307 0.57178
300.25000 -76.91272 0.56819
300.30000 -76.73634 0.57133
300.35000 -76.56662 0.57250
300.40000 -76.40976 0.56682
300.45000 -76.26167 0.56372
300.50000 -76.12565 0.56705
300.55000 -75.99761 0.56571
300.60000 -75.88063 0.56784
300.65000 -75.77133 0.56616
300.70000 -75.66985 0.56900
300.75000 -75.57568 0.57270
300.80000 -75.49133 0.57336
300.85000 -75.41356 0.57168
300.90000 -75.34319 0.57350
300.95000 -75.27594 0.57607
301.00000 -75.21408 0.57456
301.05000 -75.15502 0.57203
301.10000 -75.10639 0.57036
301.15000 -75.05838 0.57167
301.20000 -75.01086 0.57215
301.25000 -74.96733 0.57784
301.30000 -74.92623 0.57571
301.35000 -74.88919 0.57704
301.40000 -74.85582 0.58065
301.45000 -74.82524 0.58627
301.50000 -74.79490 0.58587
301.55000 -74.76539 0.58132
301.60000 -74.74060 0.58294
301.65000 -74.71532 0.58244
301.70000 -74.69304 0.58775
301.75000 -74.67340 0.59017
301.80000 -74.65235 0.59306
301.85000 -74.63336 0.59028
301.90000 -74.61922 0.58792
301.95000 -74.60282 0.58700
302.00000 -74.59275 0.58460
302.05000 -74.57882 0.58228
302.10000 -74.56525 0.57880
302.15000 -74.55395 0.57819
302.20000 -74.54421 0.57664
302.25000 -74.53821 0.57858
302.30000 -74.52596 0.57647
302.35000 -74.51695 0.57211
302.40000 -74.50692 0.57312
302.45000 -74.49875 0.56744
302.50000 -74.49003 0.56603
302.55000 -74.48641 0.56751
302.60000 -74.48128 0.56972
302.65000 -74.47055 0.56325
302.70000 -74.46381 0.56386
302.75000 -74.46196 0.56348
302.80000 -74.45859 0.56135
302.85000 -74.44884 0.56214
302.90000 -74.44408 0.56428
302.95000 -74.44223 0.56586
303.00000 -74.43318 0.56718
303.05000 -74.42513 0.56627
303.10000 -74.42028 0.56953
303.15000 -74.41678 0.56947
303.20000 -74.40873 0.56925
303.25000 -74.40556 0.57167
303.30000 -74.40166 0.57311
303.35000 -74.39705 0.57234
303.40000 -74.38941 0.57482
303.45000 -74.38735 0.57756
303.50000 -74.38464 0.57742
303.55000 -74.37852 0.57968
303.60000 -74.37556 0.58187
303.65000 -74.36943 0.58261
303.70000 -74.36701 0.58709
303.75000 -74.36783 0.59217
303.80000 -74.36047 0.59380
303.85000 -74.35772 0.59549
303.90000 -74.35303 0.59552
303.95000 -74.35307 0.59584
304.00000 -74.35024 0.59652
304.05000 -74.34699 0.60027
304.10000 -74.34362 0.60072
304.15000 -74.33873 0.60191
304.20000 -74.34082 0.60369
304.25000 -74.33753 0.60339
304.30000 -74.33494 0.60539
304.35000 -74.33984 0.60382
304.40000 -74.34119 0.59925
304.45000 -74.34218 0.59832
304.50000 -74.34415 0.59717
304.55000 -74.34074 0.59488
304.60000 -74.33667 0.59320
304.65000 -74.33766 0.58869
304.70000 -74.33716 0.58557
304.75000 -74.34004 0.58376
304.80000 -74.33425 0.58508
304.85000 -74.33367 0.58453
304.90000 -74.33088 0.57951
304.95000 -74.33293 0.58075
305.00000 -74.33544 0.57999
305.05000 -74.33314 0.57573
305.10000 -74.32853 0.57957
305.15000 -74.32726 0.58308
305.20000 -74.32911 0.58442
305.25000 -74.32775 0.58362
305.30000 -74.32948 0.59008
305.35000 -74.32413 0.59301
305.40000 -74.32216 0.59453
305.45000 -74.32668 0.59803
305.50000 -74.32500 0.59163
305.55000 -74.32705 0.59177
305.60000 -74.33005 0.58871
305.65000 -74.33030 0.58772
305.70000 -74.32882 0.58278
305.75000 -74.33042 0.58346
305.80000 -74.33490 0.58103
305.85000 -74.33174 0.57396
305.90000 -74.33564 0.57383
305.95000 -74.33449 0.57126
306.00000 -74.33622 0.56741
306.05000 -74.33470 0.56520
306.10000 -74.33745 0.56194
306.15000 -74.33844 0.55988
306.20000 -74.33671 0.55677
306.25000 -74.33573 0.55568
306.30000 -74.33437 0.55521
306.35000 -74.33758 0.55507
306.40000 -74.34082 0.55658
306.45000 -74.33630 0.55698
306.50000 -74.33367 0.56156
306.55000 -74.33396 0.56169
306.60000 -74.33338 0.56621
306.65000 -74.32602 0.57208
306.70000 -74.32742 0.57122
306.75000 -74.32903 0.57086
306.80000 -74.32886 0.57458
306.85000 -74.32845 0.57077
306.90000 -74.32820 0.57633
306.95000 -74.32578 0.57966
307.00000 -74.32968 0.57818
307.05000 -74.32545 0.57924
307.10000 -74.32381 0.58094
307.15000 -74.32512 0.57957
307.20000 -74.32319 0.57877
307.25000 -74.32763 0.57854
307.30000 -74.32619 0.57893
307.35000 -74.32713 0.57885
307.40000 -74.32418 0.57789
307.45000 -74.32270 0.57325
307.50000 -74.32529 0.57550
307.55000 -74.32685 0.57759
307.60000 -74.32442 0.57893
307.65000 -74.32615 0.57901
307.70000 -74.32870 0.58163
307.75000 -74.33396 0.57744
307.80000 -74.33675 0.58054
307.85000 -74.33375 0.58041
307.90000 -74.33162 0.58279
307.95000 -74.33416 0.58249
308.00000 -74.33363 0.58101
308.05000 -74.33474 0.57708
308.10000 -74.33445 0.57493
308.15000 -74.33696 0.57870
308.20000 -74.33897 0.57569
308.25000 -74.33819 0.57193
308.30000 -74.33671 0.57142
308.35000 -74.33815 0.57104
308.40000 -74.33638 0.56985
308.45000 -74.33675 0.56864
308.50000 -74.33955 0.56640
308.55000 -74.33704 0.56296
308.60000 -74.33499 0.56592
308.65000 -74.33552 0.57102
308.70000 -74.33942 0.57388
308.75000 -74.33959 0.57354
308.80000 -74.33486 0.57771
308.85000 -74.33301 0.57768
308.90000 -74.33556 0.57986
308.95000 -74.33519 0.58338
309.00000 -74.33548 0.58124
309.05000 -74.33836 0.58157
309.10000 -74.33507 0.58197
309.15000 -74.33326 0.58045
309.20000 -74.33441 0.58190
309.25000 -74.33014 0.58461
309.30000 -74.33104 0.58484
309.35000 -74.32898 0.58614
309.40000 -74.33046 0.58826
309.45000 -74.33203 0.58892
309.50000 -74.32738 0.58826
309.55000 -74.33038 0.58990
309.60000 -74.32964 0.59078
309.65000 -74.32738 0.58908
309.70000 -74.32492 0.59028
309.75000 -74.32122 0.58966
309.80000 -74.31620 0.58922
309.85000 -74.32006 0.58424
309.90000 -74.31669 0.58533
309.95000 -74.31378 0.58672
310.00000 -74.31193 0.58764
310.05000 -74.30847 0.58799
310.10000 -74.30239 0.59087
310.15000 -74.30062 0.59188
310.20000 -74.29680 0.59938
310.25000 -74.29754 0.60519
310.30000 -74.29450 0.60793
310.35000 -74.29265 0.60991
310.40000 -74.28952 0.61264
310.45000 -74.29294 0.61347
310.50000 -74.29310 0.61225
310.55000 -74.29088 0.61051
310.60000 -74.29446 0.60630
310.65000 -74.29532 0.60014
310.70000 -74.29540 0.59788
310.75000 -74.29466 0.59341
310.80000 -74.29676 0.59021
310.85000 -74.29713 0.58596
310.90000 -74.29409 0.58659
310.95000 -74.29253 0.58634
311.00000 -74.29170 0.58579
311.05000 -74.29006 0.58424
311.10000 -74.29100 0.58647
311.15000 -74.28780 0.58611
311.20000 -74.28726 0.58876
311.25000 -74.28957 0.58887
311.30000 -74.28911 0.59175
311.35000 -74.28599 0.59088
311.40000 -74.28521 0.59419
311.45000 -74.28356 0.59569
311.50000 -74.28566 0.59661
311.55000 -74.28689 0.59490
311.60000 -74.28928 0.59657
311.65000 -74.29084 0.59707
311.70000 -74.28952 0.59828
311.75000 -74.28903 0.59782
311.80000 -74.28887 0.59552
311.85000 -74.29310 0.59819
311.90000 -74.29458 0.59215
311.95000 -74.29779 0.59069
312.00000 -74.30046 0.58873
312.05000 -74.30276 0.58309
312.10000 -74.30572 0.58082
312.15000 -74.30810 0.57906
312.20000 -74.30687 0.57540
312.25000 -74.31078 0.57340
312.30000 -74.30971 0.57236
312.35000 -74.30666 0.57165
312.40000 -74.30851 0.57106
312.45000 -74.30950 0.56647
312.50000 -74.30675 0.56640
312.55000 -74.30757 0.56865
312.60000 -74.30699 0.56884
312.65000 -74.30576 0.57050
312.70000 -74.30506 0.57016
312.75000 -74.30436 0.56982
312.80000 -74.30556 0.57129
312.85000 -74.30416 0.57284
312.90000 -74.30560 0.57329
312.95000 -74.30486 0.57151
313.00000 -74.30025 0.57092
313.05000 -74.30029 0.56944
313.10000 -74.30325 0.56860
313.15000 -74.30128 0.56852
313.20000 -74.30112 0.57029
313.25000 -74.30276 0.56928
313.30000 -74.30383 0.56621
313.35000 -74.30510 0.56746
313.40000 -74.30403 0.56714
313.45000 -74.30490 0.57106
313.50000 -74.30103 0.57064
313.55000 -74.29976 0.57053
313.60000 -74.29927 0.57127
313.65000 -74.30297 0.57118
313.70000 -74.30358 0.57188
313.75000 -74.30473 0.57444
313.80000 -74.30691 0.57300
313.85000 -74.30814 0.56978
313.90000 -74.31020 0.57480
313.95000 -74.30954 0.57702
314.00000 -74.30868 0.57307
314.05000 -74.30740 0.57308
314.10000 -74.31246 0.57358
314.15000 -74.31308 0.56967
314.20000 -74.31004 0.57051
314.25000 -74.31386 0.56801
314.30000 -74.31628 0.57028
314.35000 -74.31357 0.56605
314.40000 -74.31419 0.56679
314.45000 -74.31517 0.56735
314.50000 -74.31299 0.56510
314.55000 -74.31513 0.56568
314.60000 -74.31312 0.56822
314.65000 -74.31184 0.56926
314.70000 -74.31090 0.56748
314.75000 -74.31357 0.56595
314.80000 -74.31505 0.56677
314.85000 -74.31373 0.56190
314.90000 -74.31036 0.56062
314.95000 -74.31045 0.55728
315.00000 -74.31184 0.55621
315.05000 -74.30790 0.55540
315.10000 -74.30695 0.55531
315.15000 -74.30806 0.55693
315.20000 -74.30962 0.55729
315.25000 -74.31016 0.56128
315.30000 -74.30905 0.55888
315.35000 -74.31061 0.55936
315.40000 -74.31283 0.55342
315.45000 -74.31123 0.55555
315.50000 -74.31189 0.55430
315.55000 -74.31263 0.55898
315.60000 -74.31489 0.56139
315.65000 -74.31353 0.56264
315.70000 -74.31415 0.56590
315.75000 -74.31139 0.56865
315.80000 -74.31131 0.56668
315.85000 -74.30942 0.56695
315.90000 -74.30958 0.56337
315.95000 -74.30999 0.56207
316.00000 -74.31127 0.56074
316.05000 -74.31328 0.56122
316.10000 -74.31394 0.56049
316.15000 -74.31213 0.55795
316.20000 -74.31480 0.55947
316.25000 -74.31341 0.56241
316.30000 -74.31752 0.56160
316.35000 -74.31480 0.56203
316.40000 -74.31748 0.56379
316.45000 -74.31669 0.56337
316.50000 -74.31941 0.56249
316.55000 -74.32196 0.56491
316.60000 -74.32520 0.56932
316.65000 -74.32492 0.56773
316.70000 -74.32545 0.56424
316.75000 -74.32886 0.56672
316.80000 -74.32664 0.56582
316.85000 -74.32463 0.56887
316.90000 -74.33018 0.56799
316.95000 -74.32989 0.56865
317.00000 -74.33318 0.56837
317.05000 -74.33190 0.56400
317.10000 -74.33083 0.56436
317.15000 -74.33009 0.56263
317.20000 -74.32972 0.56474
317.25000 -74.32602 0.56889
317.30000 -74.32668 0.56919
317.35000 -74.32450 0.57245
317.40000 -74.32352 0.57611
317.45000 -74.32241 0.57426
317.50000 -74.32228 0.57534
317.55000 -74.32138 0.57990
317.60000 -74.32064 0.58230
317.65000 -74.31871 0.58424
317.70000 -74.31698 0.58303
317.75000 -74.31612 0.58400
317.80000 -74.31604 0.58747
317.85000 -74.31517 0.58829
317.90000 -74.31723 0.58982
317.95000 -74.31789 0.59075
318.00000 -74.31698 0.59197
318.05000 -74.31731 0.59342
318.10000 -74.32146 0.59085
318.15000 -74.32060 0.59090
318.20000 -74.32101 0.59033
318.25000 -74.32002 0.58587
318.30000 -74.32167 0.58475
318.35000 -74.32048 0.58829
318.40000 -74.32130 0.58679
318.45000 -74.31871 0.58694
318.50000 -74.31620 0.59494
318.55000 -74.31456 0.59629
318.60000 -74.31678 0.59624
318.65000 -74.31579 0.59734
318.70000 -74.31916 0.59444
318.75000 -74.31978 0.59360
318.80000 -74.31978 0.59199
318.85000 -74.32097 0.58886
318.90000 -74.32265 0.59038
318.95000 -74.32290 0.58733
319.00000 -74.32467 0.58815
319.05000 -74.32479 0.58256
319.10000 -74.32282 0.58293
319.15000 -74.32878 0.58197
319.20000 -74.32685 0.58329
319.25000 -74.33170 0.58247
319.30000 -74.33256 0.57758
319.35000 -74.33425 0.57605
319.40000 -74.33166 0.57436
319.45000 -74.33116 0.57402
319.50000 -74.33355 0.57401
319.55000 -74.33453 0.57430
319.60000 -74.33651 0.57268
319.65000 -74.33416 0.57252
319.70000 -74.33519 0.57193
319.75000 -74.34049 0.57501
319.80000 -74.34082 0.57660
319.85000 -74.33823 0.57935
319.90000 -74.33453 0.57936
319.95000 -74.33593 0.58120
320.00000 -74.33630 0.58309
320.05000 -74.33462 0.58422
320.10000 -74.33379 0.58594
320.15000 -74.33404 0.58739
320.20000 -74.33309 0.58693
320.25000 -74.33285 0.58678
320.30000 -74.33240 0.58650
320.35000 -74.33388 0.58776
320.40000 -74.33248 0.58770
320.45000 -74.33264 0.58182
320.50000 -74.33211 0.58033
320.55000 -74.32931 0.57763
320.60000 -74.32759 0.57924
320.65000 -74.32968 0.57879
320.70000 -74.33116 0.57987
320.75000 -74.32997 0.58122
320.80000 -74.32792 0.58235
320.85000 -74.32483 0.58333
320.90000 -74.32561 0.58649
320.95000 -74.32520 0.58909
321.00000 -74.32220 0.59163
321.05000 -74.32175 0.59662
321.10000 -74.32372 0.60254
321.15000 -74.31805 0.60712
321.20000 -74.31883 0.60872
321.25000 -74.31912 0.61110
321.30000 -74.31616 0.61030
321.35000 -74.31711 0.60901
321.40000 -74.31748 0.60676
321.45000 -74.31809 0.60588
321.50000 -74.31723 0.60216
321.55000 -74.31974 0.60256
321.60000 -74.31743 0.60116
321.65000 -74.31785 0.59968
321.70000 -74.31567 0.59891
321.75000 -74.31838 0.59767
321.80000 -74.31550 0.59564
321.85000 -74.31246 0.59520
321.90000 -74.31201 0.59448
321.95000 -74.31312 0.59125
322.00000 -74.31008 0.59011
322.05000 -74.30893 0.58906
322.10000 -74.31287 0.58948
322.15000 -74.31168 0.58790
322.20000 -74.31501 0.59039
322.25000 -74.31826 0.58778
322.30000 -74.31447 0.58146
322.35000 -74.31279 0.58179
322.40000 -74.31497 0.58103
322.45000 -74.31238 0.58028
322.50000 -74.31706 0.57955
322.55000 -74.31809 0.57789
322.60000 -74.31579 0.57898
322.65000 -74.32146 0.57887
322.70000 -74.31838 0.58065
322.75000 -74.31871 0.57799
322.80000 -74.32089 0.57675
322.85000 -74.31982 0.57737
322.90000 -74.31711 0.57810
322.95000 -74.31637 0.57813
323.00000 -74.31164 0.57745
323.05000 -74.31057 0.57781
323.10000 -74.31098 0.57966
323.15000 -74.31045 0.57991
323.20000 -74.31053 0.58020
323.25000 -74.31209 0.57790
323.30000 -74.30921 0.57951
323.35000 -74.31098 0.57945
323.40000 -74.31119 0.57792
323.45000 -74.30917 0.58158
323.50000 -74.31086 0.58038
323.55000 -74.30971 0.57697
323.60000 -74.30893 0.57603
323.65000 -74.30786 0.57165
323.70000 -74.30769 0.57536
323.75000 -74.30597 0.57147
323.80000 -74.30597 0.57510
323.85000 -74.30621 0.57482
323.90000 -74.30280 0.57523
323.95000 -74.30017 0.58087
324.00000 -74.29869 0.58361
324.05000 -74.29787 0.58382
324.10000 -74.29828 0.58669
324.15000 -74.29622 0.58713
324.20000 -74.29951 0.58517
324.25000 -74.30050 0.58517
324.30000 -74.30181 0.58426
324.35000 -74.30186 0.58306
324.40000 -74.30399 0.57875
324.45000 -74.30995 0.57251
324.50000 -74.30934 0.56672
324.55000 -74.31312 0.56541
324.60000 -74.31489 0.56430
324.65000 -74.31423 0.55939
324.70000 -74.31263 0.55679
324.75000 -74.31238 0.55714
324.80000 -74.30921 0.54975
324.85000 -74.31468 0.55226
324.90000 -74.31690 0.55086
324.95000 -74.31702 0.54589
325.00000 -74.31447 0.53879
325.05000 -74.31390 0.53829
325.10000 -74.31780 0.53757
325.15000 -74.31768 0.53613
325.20000 -74.31731 0.53204
325.25000 -74.31513 0.53651
325.30000 -74.31271 0.54105
325.35000 -74.31143 0.54042
325.40000 -74.31094 0.54181
325.45000 -74.31106 0.54305
325.50000 -74.31193 0.54769
325.55000 -74.30773 0.55186
325.60000 -74.30724 0.55544
325.65000 -74.30580 0.56053
325.70000 -74.30535 0.56567
325.75000 -74.30354 0.56786
325.80000 -74.30436 0.57013
325.85000 -74.30058 0.57042
325.90000 -74.30543 0.57456
325.95000 -74.30634 0.57162
326.00000 -74.30325 0.57148
326.05000 -74.30227 0.56933
326.10000 -74.30375 0.56471
326.15000 -74.30366 0.56522
326.20000 -74.30416 0.56330
326.25000 -74.30366 0.56198
326.30000 -74.30144 0.55933
326.35000 -74.30297 0.55699
326.40000 -74.30436 0.55197
326.45000 -74.30436 0.55139
326.50000 -74.30658 0.54932
326.55000 -74.30773 0.54598
326.60000 -74.30786 0.54190
326.65000 -74.31102 0.54072
326.70000 -74.31065 0.53920
326.75000 -74.31217 0.53708
326.80000 -74.30950 0.53377
326.85000 -74.31267 0.53891
326.90000 -74.31189 0.53889
326.95000 -74.31090 0.54169
327.00000 -74.31073 0.54161
327.05000 -74.31053 0.54168
327.10000 -74.31608 0.54200
327.15000 -74.31863 0.54020
327.20000 -74.31822 0.53747
327.25000 -74.31875 0.53764
327.30000 -74.32089 0.53566
327.35000 -74.32171 0.53207
327.40000 -74.31686 0.53353
327.45000 -74.31797 0.53146
327.50000 -74.32006 0.53229
327.55000 -74.31780 0.53305
327.60000 -74.31723 0.53517
327.65000 -74.31571 0.53851
327.70000 -74.31867 0.53998
327.75000 -74.31595 0.54711
327.80000 -74.31731 0.55378
327.85000 -74.31624 0.55484
327.90000 -74.31341 0.55603
327.95000 -74.31312 0.55683
328.00000 -74.31435 0.56147
328.05000 -74.31472 0.56609
328.10000 -74.31616 0.56947
328.15000 -74.31657 0.57191
328.20000 -74.31686 0.56839
328.25000 -74.31887 0.56910
328.30000 -74.31842 0.57238
328.35000 -74.31600 0.56582
328.40000 -74.31830 0.56195
328.45000 -74.31945 0.56126
328.50000 -74.32196 0.55938
328.55000 -74.32372 0.55652
328.60000 -74.32048 0.55499
328.65000 -74.32011 0.55048
328.70000 -74.32228 0.55056
328.75000 -74.32631 0.54714
328.80000 -74.32422 0.54725
328.85000 -74.32315 0.54671
328.90000 -74.31891 0.54029
328.95000 -74.31974 0.53882
329.00000 -74.31674 0.54082
329.05000 -74.31793 0.54526
329.10000 -74.31287 0.54922
329.15000 -74.30856 0.55430
329.20000 -74.30999 0.55858
329.25000 -74.30839 0.55658
329.30000 -74.30473 0.55833
329.35000 -74.30449 0.55967
329.40000 -74.30017 0.56066
329.45000 -74.29795 0.55982
329.50000 -74.29709 0.56178
329.55000 -74.29832 0.56287
329.60000 -74.29544 0.56542
329.65000 -74.29298 0.56725
329.70000 -74.29454 0.56727
329.75000 -74.29376 0.56586
329.80000 -74.29479 0.56831
329.85000 -74.28944 0.56777
329.90000 -74.29014 0.56525
329.95000 -74.28940 0.56301
330.00000 -74.29043 0.55814
330.05000 -74.28920 0.55551
330.10000 -74.29035 0.55653
330.15000 -74.28981 0.55903
330.20000 -74.28513 0.56093
330.25000 -74.28204 0.56523
330.30000 -74.28328 0.56736
330.35000 -74.28250 0.57123
330.40000 -74.28365 0.57244
330.45000 -74.28381 0.57505
330.50000 -74.28032 0.57074
330.55000 -74.28689 0.57010
330.60000 -74.28611 0.57039
330.65000 -74.28994 0.56746
330.70000 -74.28784 0.56558
330.75000 -74.29129 0.56248
330.80000 -74.29043 0.56342
330.85000 -74.29072 0.56210
330.90000 -74.29043 0.55799
330.95000 -74.29483 0.55815
331.00000 -74.29458 0.55683
331.05000 -74.29536 0.55491
331.10000 -74.29770 0.55626
331.15000 -74.29766 0.55530
331.20000 -74.29992 0.55723
331.25000 -74.30136 0.55651
331.30000 -74.29832 0.55761
331.35000 -74.29643 0.55728
331.40000 -74.29996 0.55867
331.45000 -74.30338 0.55848
331.50000 -74.30638 0.55560
331.55000 -74.30720 0.55602
331.60000 -74.30297 0.55311
331.65000 -74.29992 0.55395
331.70000 -74.30350 0.55684
331.75000 -74.30346 0.55491
331.80000 -74.30457 0.55366
331.85000 -74.30634 0.55596
331.90000 -74.30860 0.55279
331.95000 -74.31069 0.54932
332.00000 -74.30962 0.54698
332.05000 -74.31254 0.54203
332.10000 -74.31143 0.54263
332.15000 -74.31189 0.54552
332.20000 -74.31279 0.54212
332.25000 -74.30868 0.54536
332.30000 -74.30814 0.54822
332.35000 -74.30691 0.55390
332.40000 -74.30839 0.55785
332.45000 -74.30860 0.56358
332.50000 -74.30699 0.56914
332.55000 -74.30679 0.57503
332.60000 -74.30218 0.57851
332.65000 -74.30580 0.58180
332.70000 -74.30210 0.58664
332.75000 -74.29754 0.59093
332.80000 -74.29746 0.59255
332.85000 -74.29470 0.59739
332.90000 -74.29396 0.59914
332.95000 -74.29137 0.60402
333.00000 -74.29158 0.60885
333.05000 -74.28656 0.61194
333.10000 -74.28554 0.61539
333.15000 -74.28151 0.61745
333.20000 -74.28077 0.61895
333.25000 -74.28463 0.62176
333.30000 -74.28463 0.62026
333.35000 -74.28599 0.61968
333.40000 -74.29014 0.61991
333.45000 -74.29166 0.61568
333.50000 -74.29253 0.61330
333.55000 -74.29409 0.60926
333.60000 -74.29820 0.60891
333.65000 -74.29931 0.60705
333.70000 -74.30264 0.60152
333.75000 -74.30506 0.59651
333.80000 -74.30408 0.59565
333.85000 -74.30621 0.58938
333.90000 -74.30823 0.58929
333.95000 -74.30827 0.58494
334.00000 -74.31036 0.58492
334.05000 -74.31082 0.58040
334.10000 -74.31447 0.57495
334.15000 -74.31801 0.57248
334.20000 -74.31871 0.57050
334.25000 -74.32302 0.56234
334.30000 -74.32376 0.56095
334.35000 -74.32311 0.56070
334.40000 -74.32644 0.56175
334.45000 -74.32940 0.56262
334.50000 -74.32874 0.56111
334.55000 -74.32422 0.55914
334.60000 -74.32570 0.55958
334.65000 -74.32787 0.55772
334.70000 -74.33162 0.55887
334.75000 -74.33112 0.55971
334.80000 -74.33026 0.56249
334.85000 -74.32960 0.56448
334.90000 -74.32997 0.56424
334.95000 -74.32940 0.56727
335.00000 -74.33260 0.56639
335.05000 -74.33449 0.56334
335.10000 -74.33716 0.56726
335.15000 -74.33568 0.56596
335.20000 -74.33967 0.56399
335.25000 -74.34284 0.55835
335.30000 -74.34522 0.55329
335.35000 -74.34152 0.55165
335.40000 -74.34325 0.55048
335.45000 -74.34543 0.55125
335.50000 -74.34181 0.55099
335.55000 -74.34312 0.54989
335.60000 -74.34728 0.55102
335.65000 -74.34876 0.55058
335.70000 -74.35069 0.55247
335.75000 -74.35266 0.55553
335.80000 -74.34822 0.55302
335.85000 -74.34419 0.55575
335.90000 -74.34954 0.55749
335.95000 -74.34715 0.56055
336.00000 -74.34839 0.56338
336.05000 -74.34913 0.56300
336.10000 -74.34600 0.56541
336.15000 -74.34658 0.56457
336.20000 -74.34444 0.56500
336.25000 -74.34115 0.56534
336.30000 -74.34053 0.56612
336.35000 -74.34152 0.56678
336.40000 -74.34280 0.57355
336.45000 -74.33996 0.57587
336.50000 -74.33753 0.57612
336.55000 -74.34078 0.57640
336.60000 -74.33922 0.57651
336.65000 -74.33795 0.58195
336.70000 -74.33918 0.58922
336.75000 -74.34140 0.59796
336.80000 -74.33947 0.59957
336.85000 -74.33770 0.60031
336.90000 -74.33790 0.59389
336.95000 -74.33901 0.58271
337.00000 -74.33860 0.57501
337.05000 -74.34136 0.57367
337.10000 -74.33918 0.57043
337.15000 -74.34119 0.57259
337.20000 -74.33873 0.57418
337.25000 -74.33499 0.57381
337.30000 -74.33560 0.57249
337.35000 -74.33342 0.57430
337.40000 -74.33030 0.57562
337.45000 -74.33223 0.57434
337.50000 -74.33133 0.57373
337.55000 -74.33051 0.57240
337.60000 -74.33190 0.57114
337.65000 -74.32734 0.56813
337.70000 -74.32919 0.56504
337.75000 -74.33112 0.56251
337.80000 -74.33215 0.56146
337.85000 -74.33536 0.55730
337.90000 -74.33416 0.55639
337.95000 -74.33659 0.55141
338.00000 -74.33733 0.55079
338.05000 -74.33478 0.55074
338.10000 -74.33351 0.54726
338.15000 -74.33231 0.54457
338.20000 -74.32697 0.55150
338.25000 -74.32475 0.55579
338.30000 -74.32163 0.55926
338.35000 -74.32253 0.56663
338.40000 -74.31896 0.57088
338.45000 -74.32027 0.57795
338.50000 -74.32331 0.57998
338.55000 -74.32537 0.57818
338.60000 -74.32302 0.58177
338.65000 -74.32426 0.57854
338.70000 -74.32537 0.57770
338.75000 -74.32237 0.57657
338.80000 -74.32228 0.57342
338.85000 -74.32109 0.57242
338.90000 -74.31817 0.57007
338.95000 -74.31690 0.56819
339.00000 -74.31879 0.57342
339.05000 -74.31924 0.57235
339.10000 -74.32191 0.56829
339.15000 -74.32344 0.56561
339.20000 -74.32286 0.55690
339.25000 -74.32500 0.55674
339.30000 -74.32944 0.55141
339.35000 -74.33133 0.54801
339.40000 -74.33141 0.54398
339.45000 -74.33330 0.54457
339.50000 -74.33412 0.54001
339.55000 -74.33293 0.53849
339.60000 -74.33778 0.53688
339.65000 -74.33790 0.53494
339.70000 -74.33860 0.53380
339.75000 -74.33622 0.52862
339.80000 -74.33819 0.53029
339.85000 -74.33778 0.53237
339.90000 -74.33918 0.53280
339.95000 -74.33942 0.53180
340.00000 -74.33922 0.53561
340.05000 -74.33840 0.53348
340.10000 -74.33585 0.53700
340.15000 -74.33922 0.53386
340.20000 -74.34021 0.53491
340.25000 -74.33979 0.53213
340.30000 -74.34325 0.52839
340.35000 -74.34584 0.52849
340.40000 -74.34530 0.52690
340.45000 -74.34580 0.52490
340.50000 -74.34271 0.52419
340.55000 -74.34547 0.52398
340.60000 -74.34674 0.52645
340.65000 -74.34617 0.52504
340.70000 -74.34855 0.52786
340.75000 -74.34374 0.52935
340.80000 -74.34275 0.53671
340.85000 -74.34432 0.55767
340.90000 -74.34551 0.56094
340.95000 -74.34132 0.55443
341.00000 -74.34103 0.55525
341.05000 -74.33745 0.55534
341.10000 -74.33647 0.55565
341.15000 -74.33351 0.55510
341.20000 -74.33346 0.55968
341.25000 -74.33618 0.56070
341.30000 -74.33679 0.55998
341.35000 -74.33527 0.56283
341.40000 -74.33067 0.56543
341.45000 -74.33231 0.56698
341.50000 -74.32968 0.56836
341.55000 -74.33067 0.57167
341.60000 -74.32434 0.56912
341.65000 -74.32607 0.57340
341.70000 -74.32397 0.57333
341.75000 -74.32639 0.57165
341.80000 -74.32570 0.57014
341.85000 -74.32496 0.57070
341.90000 -74.32327 0.56926
341.95000 -74.32492 0.56965
342.00000 -74.32401 0.56858
342.05000 -74.32097 0.56723
342.10000 -74.32105 0.57036
342.15000 -74.32241 0.57021
342.20000 -74.31961 0.57220
342.25000 -74.32167 0.56847
342.30000 -74.32043 0.56972
342.35000 -74.32130 0.56390
342.40000 -74.32031 0.56702
342.45000 -74.31797 0.56511
342.50000 -74.31509 0.56427
342.55000 -74.31312 0.56693
342.60000 -74.31180 0.56625
342.65000 -74.31394 0.56838
342.70000 -74.31480 0.56837
342.75000 -74.31415 0.56501
342.80000 -74.31345 0.56545
342.85000 -74.31382 0.56672
342.90000 -74.31361 0.56799
342.95000 -74.31435 0.56676
343.00000 -74.31509 0.56380
343.05000 -74.31472 0.56365
343.10000 -74.31632 0.56010
343.15000 -74.31435 0.56273
343.20000 -74.30921 0.56812
343.25000 -74.31279 0.57023
343.30000 -74.31065 0.57179
343.35000 -74.31152 0.57219
343.40000 -74.31147 0.57304
343.45000 -74.30995 0.58083
343.50000 -74.31127 0.58399
343.55000 -74.30843 0.58418
343.60000 -74.30498 0.58679
343.65000 -74.30662 0.59051
343.70000 -74.31008 0.59176
343.75000 -74.30703 0.59183
343.80000 -74.30634 0.59517
343.85000 -74.30671 0.59236
343.90000 -74.30646 0.59054
343.95000 -74.30925 0.59150
344.00000 -74.31008 0.59004
344.05000 -74.31571 0.58772
344.10000 -74.31887 0.58683
344.15000 -74.32035 0.58149
344.20000 -74.32035 0.58269
344.25000 -74.32048 0.58102
344.30000 -74.32183 0.58036
344.35000 -74.32056 0.57905
344.40000 -74.32015 0.57894
344.45000 -74.31896 0.58193
344.50000 -74.31867 0.58093
344.55000 -74.31879 0.57794
344.60000 -74.31571 0.58220
344.65000 -74.31073 0.57820
344.70000 -74.31287 0.57951
344.75000 -74.31073 0.58011
344.80000 -74.30593 0.58078
344.85000 -74.30161 0.58430
344.90000 -74.29828 0.58516
344.95000 -74.29622 0.59032
345.00000 -74.29873 0.59120
345.05000 -74.29618 0.59294
345.10000 -74.29906 0.59384
345.15000 -74.29705 0.59265
345.20000 -74.29836 0.59067
345.25000 -74.29935 0.59219
345.30000 -74.30210 0.59592
345.35000 -74.30798 0.59876
345.40000 -74.30839 0.59569
345.45000 -74.30745 0.59414
345.50000 -74.30477 0.59082
345.55000 -74.30765 0.59151
345.60000 -74.30777 0.58800
345.65000 -74.30564 0.58786
345.70000 -74.30901 0.58438
345.75000 -74.31135 0.58224
345.80000 -74.30999 0.58088
345.85000 -74.31201 0.57828
345.90000 -74.31131 0.57481
345.95000 -74.31115 0.57370
346.00000 -74.31328 0.57091
346.05000 -74.31579 0.57047
346.10000 -74.31452 0.56667
346.15000 -74.31312 0.56583
346.20000 -74.31501 0.57179
346.25000 -74.31641 0.57224
346.30000 -74.31604 0.57469
346.35000 -74.31291 0.57800
346.40000 -74.30950 0.57990
346.45000 -74.31415 0.57921
346.50000 -74.31711 0.57656
346.55000 -74.31538 0.57938
346.60000 -74.32048 0.58053
346.65000 -74.32052 0.57712
346.70000 -74.32113 0.57417
346.75000 -74.32500 0.57007
346.80000 -74.32434 0.56851
346.85000 -74.32800 0.56574
346.90000 -74.32972 0.56565
346.95000 -74.32977 0.56457
347.00000 -74.33079 0.56653
347.05000 -74.32866 0.56635
347.10000 -74.32648 0.56930
347.15000 -74.32722 0.57018
347.20000 -74.33104 0.57217
347.25000 -74.32845 0.56953
347.30000 -74.32857 0.56887
347.35000 -74.33515 0.56339
347.40000 -74.33770 0.56092
347.45000 -74.33642 0.56028
347.50000 -74.34144 0.55704
347.55000 -74.34243 0.55191
347.60000 -74.34312 0.55098
347.65000 -74.34843 0.55080
347.70000 -74.34867 0.54646
347.75000 -74.35019 0.54864
347.80000 -74.34777 0.54721
347.85000 -74.34699 0.54403
347.90000 -74.34621 0.54611
347.95000 -74.34481 0.54395
348.00000 -74.34214 0.54682
348.05000 -74.34407 0.54763
348.10000 -74.34255 0.54756
348.15000 -74.34658 0.55251
348.20000 -74.34226 0.54750
348.25000 -74.34008 0.54847
348.30000 -74.33679 0.55093
348.35000 -74.33712 0.55148
348.40000 -74.33733 0.54724
348.45000 -74.33453 0.55242
348.50000 -74.33252 0.55563
348.55000 -74.33359 0.55903
348.60000 -74.33466 0.55825
348.65000 -74.33437 0.56147
348.70000 -74.33470 0.56312
348.75000 -74.33272 0.56333
348.80000 -74.33227 0.56706
348.85000 -74.32853 0.57037
348.90000 -74.32705 0.57487
348.95000 -74.32187 0.57469
349.00000 -74.32204 0.57796
349.05000 -74.31994 0.57830
349.10000 -74.31785 0.57912
349.15000 -74.31850 0.57988
349.20000 -74.31641 0.58039
349.25000 -74.31937 0.58068
349.30000 -74.31965 0.58131
349.35000 -74.31817 0.58133
349.40000 -74.31797 0.57919
349.45000 -74.32175 0.57940
349.50000 -74.32233 0.57857
349.55000 -74.32389 0.58019
349.60000 -74.32372 0.57924
349.65000 -74.32611 0.57851
349.70000 -74.32504 0.57637
349.75000 -74.32763 0.57621
349.80000 -74.32282 0.57346
349.85000 -74.32060 0.57338
349.90000 -74.31748 0.57509
349.95000 -74.31854 0.57564
350.00000 -74.31682 0.57491
350.05000 -74.31604 0.57412
350.10000 -74.31604 0.57464
350.15000 -74.31271 0.57619
350.20000 -74.31542 0.57633
350.25000 -74.31402 0.57317
350.30000 -74.31345 0.57620
350.35000 -74.31739 0.57609
350.40000 -74.31756 0.57378
350.45000 -74.32076 0.57262
350.50000 -74.31735 0.56934
350.55000 -74.31957 0.56973
350.60000 -74.31813 0.56762
350.65000 -74.32122 0.56897
350.70000 -74.31957 0.56664
350.75000 -74.31780 0.56605
350.80000 -74.32278 0.56579
350.85000 -74.32455 0.56398
350.90000 -74.32656 0.55972
350.95000 -74.33133 0.55357
351.00000 -74.33297 0.55386
351.05000 -74.33190 0.54909
351.10000 -74.33659 0.54456
351.15000 -74.33975 0.54421
351.20000 -74.34066 0.54277
351.25000 -74.34070 0.53930
351.30000 -74.34033 0.53494
351.35000 -74.34160 0.53151
351.40000 -74.34140 0.53159
351.45000 -74.34271 0.52897
351.50000 -74.34292 0.52854
351.55000 -74.34678 0.53075
351.60000 -74.34345 0.52878
351.65000 -74.34230 0.52929
351.70000 -74.33901 0.53020
351.75000 -74.33733 0.53321
351.80000 -74.33494 0.53106
351.85000 -74.33651 0.53507
351.90000 -74.33864 0.53545
351.95000 -74.33527 0.53542
352.00000 -74.33412 0.53850
352.05000 -74.33486 0.53963
352.10000 -74.33523 0.54162
352.15000 -74.33334 0.54356
352.20000 -74.33503 0.53986
352.25000 -74.33453 0.54030
352.30000 -74.33634 0.53579
352.35000 -74.33692 0.53490
352.40000 -74.33688 0.53314
352.45000 -74.33605 0.53676
352.50000 -74.33445 0.53524
352.55000 -74.33388 0.53363
352.60000 -74.33441 0.53704
352.65000 -74.33441 0.53739
352.70000 -74.33046 0.53962
352.75000 -74.33178 0.53972
352.80000 -74.33684 0.53652
352.85000 -74.33383 0.53860
352.90000 -74.33112 0.54032
352.95000 -74.32907 0.54440
353.00000 -74.32870 0.54432
353.05000 -74.32734 0.54321
353.10000 -74.32681 0.54710
353.15000 -74.32031 0.55238
353.20000 -74.32097 0.55238
353.25000 -74.32175 0.55655
353.30000 -74.31801 0.56378
353.35000 -74.31480 0.56810
353.40000 -74.31419 0.57105
353.45000 -74.31361 0.57046
353.50000 -74.31435 0.57160
353.55000 -74.31801 0.57169
353.60000 -74.31731 0.57238
353.65000 -74.31608 0.57552
353.70000 -74.31846 0.57450
353.75000 -74.31641 0.57510
353.80000 -74.31571 0.57479
353.85000 -74.31620 0.57263
353.90000 -74.31809 0.57346
353.95000 -74.31817 0.57241
354.00000 -74.31813 0.57194
354.05000 -74.31780 0.57026
354.10000 -74.31797 0.57097
354.15000 -74.31526 0.56953
354.20000 -74.31706 0.56734
354.25000 -74.31863 0.56446
354.30000 -74.31809 0.56565
354.35000 -74.31694 0.56123
354.40000 -74.31608 0.56190
354.45000 -74.31949 0.55838
354.50000 -74.32039 0.55402
354.55000 -74.32043 0.55546
354.60000 -74.32002 0.54973
354.65000 -74.32586 0.54613
354.70000 -74.32080 0.54627
354.75000 -74.32430 0.54463
354.80000 -74.32052 0.54396
354.85000 -74.32134 0.54388
354.90000 -74.32080 0.54677
354.95000 -74.32208 0.54389
355.00000 -74.32105 0.54569
355.05000 -74.31850 0.54361
355.10000 -74.31715 0.54532
355.15000 -74.31489 0.54944
355.20000 -74.31694 0.55056
355.25000 -74.31234 0.55286
355.30000 -74.31135 0.55653
355.35000 -74.30942 0.55700
355.40000 -74.30827 0.55922
355.45000 -74.30732 0.56389
355.50000 -74.30753 0.56545
355.55000 -74.30420 0.56625
355.60000 -74.30136 0.56681
355.65000 -74.30042 0.56648
355.70000 -74.29865 0.56727
355.75000 -74.29758 0.56694
355.80000 -74.29758 0.56813
355.85000 -74.29520 0.56469
355.90000 -74.29010 0.56717
355.95000 -74.28965 0.56755
356.00000 -74.29125 0.56860
356.05000 -74.29084 0.57012
356.10000 -74.28858 0.57487
356.15000 -74.29133 0.57634
356.20000 -74.28977 0.57678
356.25000 -74.29105 0.57751
356.30000 -74.29421 0.57624
356.35000 -74.29355 0.57566
356.40000 -74.29713 0.57654
356.45000 -74.29524 0.57711
356.50000 -74.29754 0.57916
356.55000 -74.30038 0.57310
356.60000 -74.30317 0.57274
356.65000 -74.29976 0.57442
356.70000 -74.30432 0.57392
356.75000 -74.30264 0.57465
356.80000 -74.30297 0.57384
356.85000 -74.30255 0.57508
356.90000 -74.29910 0.57441
356.95000 -74.29955 0.57509
357.00000 -74.29894 0.57401
357.05000 -74.29972 0.57470
357.10000 -74.29820 0.57729
357.15000 -74.29680 0.57727
357.20000 -74.29803 0.57680
357.25000 -74.29750 0.57494
357.30000 -74.29614 0.57500
357.35000 -74.29421 0.57671
357.40000 -74.29396 0.57616
357.45000 -74.29820 0.57632
357.50000 -74.29951 0.57477
357.55000 -74.29783 0.57365
357.60000 -74.30050 0.57185
357.65000 -74.30136 0.56884
357.70000 -74.30239 0.57139
357.75000 -74.30309 0.57090
357.80000 -74.30498 0.57494
357.85000 -74.30490 0.57266
357.90000 -74.30749 0.57440
357.95000 -74.30995 0.57166
358.00000 -74.31098 0.56817
358.05000 -74.30913 0.56340
358.10000 -74.30786 0.56357
358.15000 -74.31193 0.56417
358.20000 -74.31279 0.56197
358.25000 -74.31131 0.56056
358.30000 -74.30773 0.56315
358.35000 -74.30268 0.56666
358.40000 -74.30239 0.57234
358.45000 -74.30169 0.57197
358.50000 -74.30103 0.57463
358.55000 -74.30112 0.57465
358.60000 -74.29984 0.57505
358.65000 -74.30519 0.57303
358.70000 -74.30301 0.57270
358.75000 -74.30255 0.56874
358.80000 -74.30757 0.56457
358.85000 -74.30420 0.56460
358.90000 -74.30625 0.55795
358.95000 -74.31041 0.55883
359.00000 -74.31398 0.55538
359.05000 -74.31974 0.54960
359.10000 -74.32138 0.54549
359.15000 -74.32496 0.53975
359.20000 -74.32808 0.53747
359.25000 -74.32931 0.53688
359.30000 -74.33026 0.53178
359.35000 -74.32837 0.53141
359.40000 -74.33038 0.53178
359.45000 -74.33129 0.53252
359.50000 -74.32746 0.53505
359.55000 -74.33046 0.53861
359.60000 -74.32866 0.54018
359.65000 -74.32738 0.54094
359.70000 -74.32746 0.54721
359.75000 -74.32566 0.55426
359.80000 -74.32430 0.55980
359.85000 -74.32076 0.56071
359.90000 -74.32200 0.56392
359.95000 -74.32183 0.56625
360.00000 -74.31945 0.56710
360.05000 -74.31871 0.56285
360.10000 -74.31246 0.57080
360.15000 -74.30695 0.57080
360.20000 -74.30564 0.57089
360.25000 -74.30227 0.57399
360.30000 -74.29791 0.57583
360.35000 -74.29622 0.57664
360.40000 -74.29409 0.57860
360.45000 -74.29359 0.58153
360.50000 -74.28891 0.57961
360.55000 -74.28825 0.57980
360.60000 -74.28217 0.58330
360.65000 -74.28102 0.58483
360.70000 -74.28180 0.58640
360.75000 -74.28032 0.58657
360.80000 -74.28139 0.58553
360.85000 -74.27826 0.58710
360.90000 -74.27547 0.58667
360.95000 -74.27596 0.58281
361.00000 -74.27851 0.58222
361.05000 -74.27921 0.58085
361.10000 -74.27843 0.58015
361.15000 -74.28036 0.57975
361.20000 -74.28303 0.57966
361.25000 -74.28385 0.57921
361.30000 -74.28887 0.57302
361.35000 -74.28796 0.57208
361.40000 -74.28632 0.57241
361.45000 -74.28578 0.57083
361.50000 -74.28961 0.57537
361.55000 -74.28854 0.57622
361.60000 -74.28833 0.57565
361.65000 -74.28895 0.57552
361.70000 -74.28965 0.57458
361.75000 -74.29174 0.57152
361.80000 -74.29565 0.56909
361.85000 -74.29849 0.56699
361.90000 -74.30239 0.56316
361.95000 -74.30510 0.55835
362.00000 -74.30457 0.55581
362.05000 -74.30564 0.55286
362.10000 -74.30391 0.55297
362.15000 -74.30749 0.55249
362.20000 -74.30469 0.55458
362.25000 -74.30629 0.55400
362.30000 -74.30950 0.55298
362.35000 -74.31078 0.55631
362.40000 -74.31078 0.55789
362.45000 -74.30925 0.55880
362.50000 -74.30761 0.56042
362.55000 -74.31267 0.56497
362.60000 -74.31057 0.56565
362.65000 -74.30712 0.57426
362.70000 -74.30802 0.57084
362.75000 -74.30568 0.57543
362.80000 -74.30662 0.57383
362.85000 -74.30498 0.57795
362.90000 -74.30210 0.58191
362.95000 -74.30432 0.58480
363.00000 -74.30671 0.58890
363.05000 -74.30646 0.58800
363.10000 -74.30309 0.58594
363.15000 -74.30375 0.58949
363.20000 -74.29992 0.59142
363.25000 -74.29964 0.59534
363.30000 -74.29738 0.59703
363.35000 -74.29639 0.60121
363.40000 -74.29705 0.60581
363.45000 -74.29618 0.60947
363.50000 -74.29474 0.60833
363.55000 -74.29725 0.60737
363.60000 -74.29392 0.60896
363.65000 -74.29553 0.61196
363.70000 -74.29359 0.61581
363.75000 -74.29516 0.61253
363.80000 -74.29598 0.61242
363.85000 -74.29668 0.61233
363.90000 -74.29717 0.60761
363.95000 -74.29787 0.60481
364.00000 -74.29680 0.60421
364.05000 -74.29783 0.59562
364.10000 -74.29820 0.59631
364.15000 -74.30005 0.59605
364.20000 -74.29733 0.59564
364.25000 -74.29791 0.59692
364.30000 -74.29939 0.59778
364.35000 -74.30087 0.59360
364.40000 -74.29968 0.59463
364.45000 -74.30235 0.59388
364.50000 -74.30033 0.59250
364.55000 -74.30272 0.59224
364.60000 -74.30453 0.58994
364.65000 -74.30223 0.58738
364.70000 -74.30371 0.58631
364.75000 -74.30371 0.58506
364.80000 -74.30465 0.58366
364.85000 -74.30510 0.58403
364.90000 -74.30724 0.58241
364.95000 -74.30761 0.57899
365.00000 -74.30679 0.58056
365.05000 -74.30860 0.57737
365.10000 -74.30806 0.57641
365.15000 -74.30864 0.57325
365.20000 -74.30971 0.57412
365.25000 -74.31180 0.57249
365.30000 -74.31201 0.57106
365.35000 -74.30798 0.57169
365.40000 -74.30786 0.57261
365.45000 -74.30794 0.57327
365.50000 -74.30703 0.57393
365.55000 -74.30827 0.57364
365.60000 -74.30938 0.57171
365.65000 -74.30962 0.57103
365.70000 -74.30925 0.56897
365.75000 -74.31336 0.57048
365.80000 -74.30893 0.56760
365.85000 -74.31073 0.56471
365.90000 -74.31258 0.56456
365.95000 -74.31961 0.56445
366.00000 -74.31867 0.56658
366.05000 -74.32183 0.56653
366.10000 -74.32311 0.56393
366.15000 -74.32298 0.56120
366.20000 -74.32113 0.56114
366.25000 -74.32167 0.55847
366.30000 -74.32500 0.55917
366.35000 -74.32422 0.55912
366.40000 -74.32076 0.56197
366.45000 -74.32138 0.55920
366.50000 -74.31780 0.56355
366.55000 -74.31493 0.56747
366.60000 -74.31090 0.56709
366.65000 -74.30905 0.56929
366.70000 -74.31053 0.56883
366.75000 -74.31028 0.57142
366.80000 -74.30827 0.57020
366.85000 -74.31012 0.56519
366.90000 -74.31090 0.56149
366.95000 -74.31098 0.56060
367.00000 -74.31275 0.55519
367.05000 -74.31073 0.55540
367.10000 -74.31258 0.55176
367.15000 -74.31690 0.55057
367.20000 -74.31316 0.54855
367.25000 -74.31361 0.54758
367.30000 -74.31102 0.54912
367.35000 -74.31135 0.54895
367.40000 -74.31567 0.55232
367.45000 -74.31468 0.55453
367.50000 -74.31443 0.55595
367.55000 -74.31591 0.55123
367.60000 -74.31859 0.54788
367.65000 -74.31965 0.55188
367.70000 -74.32142 0.55227
367.75000 -74.32089 0.54933
367.80000 -74.32196 0.54681
367.85000 -74.31900 0.54447
367.90000 -74.31702 0.54040
367.95000 -74.31863 0.54392
368.00000 -74.32089 0.54297
368.05000 -74.31941 0.54215
368.10000 -74.32019 0.53863
368.15000 -74.31776 0.54457
368.20000 -74.31665 0.54259
368.25000 -74.31435 0.54280
368.30000 -74.31250 0.54446
368.35000 -74.30893 0.54542
368.40000 -74.30720 0.54981
368.45000 -74.30987 0.55089
368.50000 -74.30884 0.54941
368.55000 -74.30675 0.55630
368.60000 -74.30642 0.55818
368.65000 -74.30814 0.55969
368.70000 -74.30999 0.55652
368.75000 -74.30917 0.55791
368.80000 -74.31028 0.55358
368.85000 -74.31098 0.55132
368.90000 -74.31291 0.55017
368.95000 -74.31509 0.54803
369.00000 -74.31538 0.54834
369.05000 -74.30823 0.54852
369.10000 -74.31406 0.54761
369.15000 -74.31316 0.54650
369.20000 -74.31135 0.54825
369.25000 -74.31250 0.54938
369.30000 -74.31106 0.55167
369.35000 -74.30884 0.55184
369.40000 -74.30564 0.55478
369.45000 -74.30473 0.55795
369.50000 -74.30120 0.55909
369.55000 -74.30272 0.56133
369.60000 -74.30276 0.56205
369.65000 -74.30584 0.56141
369.70000 -74.30223 0.55812
369.75000 -74.30736 0.55688
369.80000 -74.31193 0.55405
369.85000 -74.31201 0.55488
369.90000 -74.31517 0.55241
369.95000 -74.31608 0.54977
370.00000 -74.31678 0.54880
370.05000 -74.31447 0.54428
370.10000 -74.31312 0.54446
370.15000 -74.31546 0.54367
370.20000 -74.31415 0.54369
370.25000 -74.31497 0.54560
370.30000 -74.31271 0.54657
370.35000 -74.30876 0.55245
370.40000 -74.30568 0.55452
370.45000 -74.30913 0.55659
370.50000 -74.30420 0.55740
370.55000 -74.30732 0.55970
370.60000 -74.30613 0.56240
370.65000 -74.30823 0.56273
370.70000 -74.30856 0.56470
370.75000 -74.30716 0.56605
370.80000 -74.30638 0.56959
370.85000 -74.30136 0.57244
370.90000 -74.30070 0.57234
370.95000 -74.30054 0.57598
371.00000 -74.30461 0.57957
371.05000 -74.30346 0.58016
371.10000 -74.30255 0.57658
371.15000 -74.30214 0.57525
371.20000 -74.30625 0.57469
371.25000 -74.30675 0.57076
371.30000 -74.31164 0.56933
371.35000 -74.31435 0.56678
371.40000 -74.31365 0.56594
371.45000 -74.31526 0.56134
371.50000 -74.31698 0.56368
371.55000 -74.31764 0.55850
371.60000 -74.31768 0.55830
371.65000 -74.32483 0.56047
371.70000 -74.32418 0.56290
371.75000 -74.32627 0.56673
371.80000 -74.32656 0.56868
371.85000 -74.32718 0.57439
371.90000 -74.32635 0.57538
371.95000 -74.32960 0.58034
372.00000 -74.32837 0.58586
372.05000 -74.33203 0.58946
372.10000 -74.33190 0.59231
372.15000 -74.33494 0.59121
372.20000 -74.33392 0.59418
372.25000 -74.33531 0.59120
372.30000 -74.33926 0.58820
372.35000 -74.33922 0.58735
372.40000 -74.34086 0.57964
372.45000 -74.34374 0.57600
372.50000 -74.34127 0.57233
372.55000 -74.34275 0.56794
372.60000 -74.34354 0.56862
372.65000 -74.33897 0.56789
372.70000 -74.34284 0.56232
372.75000 -74.34567 0.55869
372.80000 -74.34608 0.55499
372.85000 -74.35287 0.55060
372.90000 -74.35476 0.55205
372.95000 -74.35735 0.54865
373.00000 -74.35702 0.54475
373.05000 -74.35735 0.54636
373.10000 -74.35944 0.54039
373.15000 -74.35887 0.53749
373.20000 -74.35825 0.53879
373.25000 -74.36088 0.54211
373.30000 -74.36084 0.53890
373.35000 -74.35636 0.54154
373.40000 -74.35652 0.53581
373.45000 -74.35788 0.53584
373.50000 -74.35356 0.53173
373.55000 -74.35422 0.53393
373.60000 -74.35595 0.53371
373.65000 -74.35652 0.52963
373.70000 -74.35800 0.52647
373.75000 -74.35620 0.52742
373.80000 -74.35307 0.52876
373.85000 -74.34908 0.52948
373.90000 -74.34732 0.53134
373.95000 -74.34345 0.53407
374.00000 -74.34148 0.53754
374.05000 -74.34193 0.53465
374.10000 -74.34033 0.53728
374.15000 -74.33737 0.54357
374.20000 -74.33655 0.54418
374.25000 -74.33618 0.54398
374.30000 -74.33371 0.54947
374.35000 -74.33511 0.55476
374.40000 -74.33560 0.55434
374.45000 -74.33585 0.55378
374.50000 -74.32894 0.55735
374.55000 -74.33038 0.55513
374.60000 -74.33170 0.55713
374.65000 -74.33297 0.56007
374.70000 -74.33104 0.55946
374.75000 -74.33133 0.56135
374.80000 -74.33100 0.55698
374.85000 -74.33042 0.55791
374.90000 -74.33014 0.55794
374.95000 -74.32792 0.55869
375.00000 -74.32820 0.55854
375.05000 -74.33186 0.55760
375.10000 -74.33449 0.55852
375.15000 -74.33363 0.55886
375.20000 -74.33416 0.56069
375.25000 -74.33227 0.56299
375.30000 -74.33338 0.56365
375.35000 -74.33170 0.56234
375.40000 -74.32968 0.56600
375.45000 -74.32845 0.56980
375.50000 -74.32861 0.57148
375.55000 -74.32570 0.57466
375.60000 -74.32508 0.57696
375.65000 -74.32270 0.58019
375.70000 -74.32381 0.58301
375.75000 -74.32233 0.58838
375.80000 -74.31817 0.59335
375.85000 -74.31563 0.59567
375.90000 -74.31201 0.59713
375.95000 -74.31008 0.60476
376.00000 -74.30675 0.60893
376.05000 -74.30198 0.60780
376.10000 -74.29746 0.61213
376.15000 -74.29199 0.61194
376.20000 -74.29368 0.61327
376.25000 -74.28833 0.61849
376.30000 -74.28550 0.61804
376.35000 -74.28221 0.61711
376.40000 -74.28180 0.62149
376.45000 -74.28250 0.61747
376.50000 -74.27715 0.61339
376.55000 -74.27941 0.61209
376.60000 -74.27625 0.61114
376.65000 -74.27588 0.60367
376.70000 -74.27547 0.60383
376.75000 -74.27382 0.59965
376.80000 -74.27206 0.59697
376.85000 -74.26881 0.59040
376.90000 -74.27115 0.59370
376.95000 -74.27214 0.59258
377.00000 -74.26729 0.59653
377.05000 -74.26979 0.59769
377.10000 -74.26692 0.59573
377.15000 -74.26425 0.59553
377.20000 -74.26548 0.59482
377.25000 -74.26289 0.59284
377.30000 -74.26404 0.59313
377.35000 -74.25985 0.59216
377.40000 -74.25931 0.59071
377.45000 -74.26400 0.59451
377.50000 -74.26379 0.59384
377.55000 -74.26663 0.59361
377.60000 -74.26231 0.59090
377.65000 -74.26116 0.59351
377.70000 -74.26318 0.59769
377.75000 -74.26466 0.59955
377.80000 -74.26429 0.59666
377.85000 -74.26244 0.60004
377.90000 -74.26396 0.60407
377.95000 -74.26527 0.60398
378.00000 -74.26745 0.60360
378.05000 -74.26844 0.60289
378.10000 -74.26827 0.60039
378.15000 -74.26823 0.60256
378.20000 -74.26852 0.60466
378.25000 -74.27473 0.60057
378.30000 -74.27666 0.59832
378.35000 -74.27588 0.59411
378.40000 -74.27440 0.59797
378.45000 -74.27662 0.59426
378.50000 -74.27917 0.59124
378.55000 -74.28435 0.59121
378.60000 -74.28619 0.58961
378.65000 -74.28619 0.58945
378.70000 -74.28784 0.59024
378.75000 -74.28878 0.58918
378.80000 -74.28850 0.58656
378.85000 -74.28677 0.59224
378.90000 -74.28591 0.59072
378.95000 -74.28546 0.59401
379.00000 -74.28578 0.59557
379.05000 -74.28517 0.59713
379.10000 -74.28398 0.59713
379.15000 -74.28274 0.60012
379.20000 -74.28681 0.60143
379.25000 -74.28776 0.60221
379.30000 -74.28693 0.60170
379.35000 -74.28878 0.59648
379.40000 -74.28887 0.59471
379.45000 -74.29100 0.59139
379.50000 -74.29499 0.59115
379.55000 -74.29692 0.58733
379.60000 -74.29725 0.58290
379.65000 -74.29503 0.58006
379.70000 -74.30033 0.57575
379.75000 -74.29947 0.57097
379.80000 -74.29980 0.56498
379.85000 -74.30243 0.56071
379.90000 -74.30177 0.56054
379.95000 -74.29972 0.56122
380.00000 -74.30128 0.55731
380.05000 -74.29918 0.55691
380.10000 -74.30095 0.55176
380.15000 -74.30584 0.55305
380.20000 -74.30703 0.55483
380.25000 -74.30860 0.55624
380.30000 -74.31119 0.55707
380.35000 -74.30995 0.55586
380.40000 -74.31353 0.55661
380.45000 -74.31542 0.55363
380.50000 -74.31382 0.55545
380.55000 -74.31226 0.55325
380.60000 -74.31645 0.55103
380.65000 -74.31550 0.55238
380.70000 -74.31484 0.54898
380.75000 -74.31760 0.55041
380.80000 -74.31287 0.55500
380.85000 -74.30934 0.55628
380.90000 -74.30975 0.55943
380.95000 -74.30835 0.55809
381.00000 -74.30716 0.56095
381.05000 -74.30453 0.56196
381.10000 -74.30194 0.56600
381.15000 -74.29828 0.56817
381.20000 -74.29598 0.57279
381.25000 -74.29590 0.57432
381.30000 -74.29565 0.57721
381.35000 -74.29561 0.58045
381.40000 -74.29269 0.58639
381.45000 -74.29368 0.58597
381.50000 -74.29277 0.58540
381.55000 -74.29614 0.58679
381.60000 -74.29775 0.58754
381.65000 -74.29799 0.58581
381.70000 -74.30165 0.58702
381.75000 -74.29828 0.58388
381.80000 -74.29984 0.58302
381.85000 -74.30165 0.57943
381.90000 -74.29877 0.57875
381.95000 -74.29614 0.57970
382.00000 -74.29429 0.57796
382.05000 -74.28952 0.57792
382.10000 -74.28796 0.58280
382.15000 -74.28809 0.57948
382.20000 -74.28751 0.57792
382.25000 -74.28981 0.57859
382.30000 -74.28492 0.57628
382.35000 -74.28780 0.57833
382.40000 -74.28599 0.57477
382.45000 -74.28751 0.57377
382.50000 -74.29154 0.57034
382.55000 -74.29092 0.56597
382.60000 -74.29466 0.56814
382.65000 -74.29035 0.56604
382.70000 -74.28973 0.56817
382.75000 -74.28587 0.57228
382.80000 -74.28463 0.57211
382.85000 -74.28488 0.57399
382.90000 -74.28595 0.56968
382.95000 -74.28615 0.57129
383.00000 -74.28763 0.57587
383.05000 -74.29010 0.57104
383.10000 -74.29092 0.57232
383.15000 -74.28911 0.56896
383.20000 -74.29084 0.56469
383.25000 -74.29442 0.56592
383.30000 -74.28989 0.56481
383.35000 -74.29002 0.56720
383.40000 -74.28846 0.56762
383.45000 -74.28652 0.57268
383.50000 -74.28681 0.57218
383.55000 -74.28402 0.57775
383.60000 -74.28361 0.58062
383.65000 -74.28361 0.58190
383.70000 -74.27929 0.58493
383.75000 -74.27962 0.59049
383.80000 -74.27962 0.59741
383.85000 -74.27867 0.60176
383.90000 -74.28019 0.60894
383.95000 -74.27913 0.61096
384.00000 -74.27859 0.61372
384.05000 -74.27670 0.61387
384.10000 -74.27744 0.61594
384.15000 -74.27982 0.61830
384.20000 -74.27954 0.61807
384.25000 -74.28019 0.61624
384.30000 -74.28221 0.62046
384.35000 -74.28110 0.61887
384.40000 -74.28319 0.61701
384.45000 -74.28245 0.61631
384.50000 -74.28171 0.61663
384.55000 -74.28278 0.61167
384.60000 -74.28430 0.60904
384.65000 -74.28241 0.61009
384.70000 -74.28430 0.60178
384.75000 -74.28570 0.60048
384.80000 -74.28669 0.59260
384.85000 -74.28989 0.58897
384.90000 -74.28977 0.58601
384.95000 -74.29076 0.58558
385.00000 -74.29063 0.58123
385.05000 -74.28952 0.57982
385.10000 -74.29261 0.57942
385.15000 -74.29413 0.57693
385.20000 -74.29594 0.57013
385.25000 -74.30079 0.56606
385.30000 -74.30223 0.56171
385.35000 -74.30379 0.55774
385.40000 -74.30408 0.55543
385.45000 -74.30157 0.55692
385.50000 -74.29951 0.55370
385.55000 -74.29923 0.55475
385.60000 -74.29738 0.55809
385.65000 -74.29783 0.56103
385.70000 -74.29914 0.56076
385.75000 -74.29540 0.56064
385.80000 -74.29692 0.55989
385.85000 -74.29125 0.56460
385.90000 -74.28874 0.56983
385.95000 -74.28936 0.56921
386.00000 -74.28669 0.57243
386.05000 -74.28677 0.57807
386.10000 -74.28546 0.58026
386.15000 -74.28106 0.58267
386.20000 -74.28291 0.58323
386.25000 -74.28163 0.58327
386.30000 -74.28073 0.58791
386.35000 -74.27802 0.58797
386.40000 -74.27884 0.58962
386.45000 -74.27641 0.59115
386.50000 -74.27608 0.59043
386.55000 -74.27485 0.59249
386.60000 -74.27386 0.59176
386.65000 -74.27538 0.59746
386.70000 -74.27353 0.59900
386.75000 -74.27099 0.59804
386.80000 -74.27333 0.59588
386.85000 -74.27321 0.59868
386.90000 -74.27341 0.59763
386.95000 -74.27107 0.59563
387.00000 -74.27300 0.59064
387.05000 -74.27493 0.59139
387.10000 -74.27522 0.58996
387.15000 -74.27703 0.58717
387.20000 -74.27830 0.58546
387.25000 -74.27760 0.58077
387.30000 -74.28040 0.58098
387.35000 -74.28089 0.58293
387.40000 -74.28328 0.57872
387.45000 -74.28669 0.58058
387.50000 -74.28566 0.57897
387.55000 -74.28829 0.57967
387.60000 -74.29154 0.57850
387.65000 -74.29400 0.57795
387.70000 -74.29265 0.57893
387.75000 -74.29618 0.58086
387.80000 -74.29869 0.58092
387.85000 -74.29894 0.57763
387.90000 -74.29996 0.57550
387.95000 -74.29955 0.57363
388.00000 -74.30161 0.57383
388.05000 -74.30305 0.57018
388.10000 -74.30782 0.56994
388.15000 -74.31032 0.57251
388.20000 -74.31082 0.57038
388.25000 -74.31332 0.57104
388.30000 -74.31353 0.57010
388.35000 -74.31431 0.57100
388.40000 -74.31361 0.56930
388.45000 -74.31657 0.56681
388.50000 -74.31439 0.56531
388.55000 -74.31452 0.56480
388.60000 -74.31468 0.56136
388.65000 -74.31760 0.56031
388.70000 -74.31686 0.56088
388.75000 -74.31731 0.56105
388.80000 -74.31521 0.55843
388.85000 -74.31982 0.55812
388.90000 -74.32072 0.55959
388.95000 -74.31789 0.55726
389.00000 -74.31291 0.55485
389.05000 -74.31443 0.55735
389.10000 -74.31472 0.55805
389.15000 -74.31567 0.55984
389.20000 -74.31435 0.56052
389.25000 -74.31439 0.55822
389.30000 -74.30901 0.56050
389.35000 -74.30995 0.56379
389.40000 -74.30971 0.56461
389.45000 -74.30819 0.56326
389.50000 -74.30884 0.56310
389.55000 -74.30954 0.56054
389.60000 -74.30917 0.56003
389.65000 -74.30851 0.55877
389.70000 -74.30687 0.56089
389.75000 -74.31299 0.55699
389.80000 -74.31152 0.55119
389.85000 -74.31538 0.55311
389.90000 -74.31353 0.55084
389.95000 -74.31813 0.54965
390.00000 -74.32150 0.54432
390.05000 -74.32294 0.54562
390.10000 -74.32524 0.54328
390.15000 -74.32089 0.54567
390.20000 -74.32315 0.54977
390.25000 -74.31739 0.54917
390.30000 -74.31809 0.54908
390.35000 -74.31776 0.55180
390.40000 -74.32089 0.55260
390.45000 -74.32134 0.55503
390.50000 -74.32056 0.55611
390.55000 -74.31678 0.55743
390.60000 -74.31604 0.55999
390.65000 -74.31583 0.56148
390.70000 -74.31456 0.56336
390.75000 -74.31464 0.56523
390.80000 -74.31435 0.56901
390.85000 -74.31209 0.57139
390.90000 -74.31308 0.57146
390.95000 -74.31115 0.57444
391.00000 -74.31147 0.57666
391.05000 -74.30921 0.58047
391.10000 -74.30806 0.57816
391.15000 -74.30477 0.58030
391.20000 -74.30646 0.58119
391.25000 -74.30593 0.58173
391.30000 -74.30136 0.58502
391.35000 -74.29939 0.58885
391.40000 -74.29491 0.59182
391.45000 -74.28940 0.59106
391.50000 -74.28517 0.59529
391.55000 -74.28139 0.60009
391.60000 -74.27900 0.60423
391.65000 -74.27645 0.60993
391.70000 -74.27160 0.61060
391.75000 -74.27530 0.60830
391.80000 -74.27169 0.60736
391.85000 -74.27169 0.60768
391.90000 -74.27427 0.60741
391.95000 -74.27082 0.60611
392.00000 -74.27300 0.59922
392.05000 -74.27193 0.59648
392.10000 -74.27127 0.59666
392.15000 -74.27267 0.59447
392.20000 -74.27201 0.59435
392.25000 -74.27386 0.59383
392.30000 -74.26799 0.59306
392.35000 -74.26770 0.59371
392.40000 -74.26971 0.59285
392.45000 -74.26782 0.58943
392.50000 -74.26490 0.58835
392.55000 -74.26609 0.58816
392.60000 -74.26799 0.58845
392.65000 -74.26737 0.58867
392.70000 -74.26930 0.58465
392.75000 -74.27399 0.58639
392.80000 -74.27534 0.58596
392.85000 -74.27617 0.58540
392.90000 -74.28097 0.58715
392.95000 -74.28114 0.58928
393.00000 -74.28278 0.58926
393.05000 -74.28541 0.58483
393.10000 -74.28989 0.58075
393.15000 -74.29105 0.57909
393.20000 -74.29495 0.57720
393.25000 -74.29902 0.57386
393.30000 -74.30001 0.57226
393.35000 -74.30132 0.56732
393.40000 -74.30621 0.56929
393.45000 -74.30753 0.56634
393.50000 -74.30913 0.56750
393.55000 -74.30893 0.56856
393.60000 -74.31090 0.56621
393.65000 -74.30975 0.56189
393.70000 -74.31152 0.56538
393.75000 -74.30835 0.56692
393.80000 -74.30827 0.56691
393.85000 -74.30728 0.56417
393.90000 -74.30671 0.56570
393.95000 -74.30642 0.56055
394.00000 -74.30375 0.56282
394.05000 -74.30638 0.56306
394.10000 -74.30786 0.55736
394.15000 -74.30572 0.54973
394.20000 -74.30543 0.54965
394.25000 -74.30510 0.54917
394.30000 -74.30654 0.54873
394.35000 -74.30510 0.54978
394.40000 -74.30338 0.54959
394.45000 -74.30329 0.55046
394.50000 -74.30264 0.54951
394.55000 -74.30083 0.55004
394.60000 -74.29729 0.55175
394.65000 -74.29688 0.55331
394.70000 -74.29701 0.55924
394.75000 -74.29939 0.56215
394.80000 -74.29902 0.56401
394.85000 -74.30362 0.56411
394.90000 -74.30428 0.56325
394.95000 -74.30523 0.56342
395.00000 -74.30872 0.55888
395.05000 -74.30728 0.55716
395.10000 -74.30934 0.55734
395.15000 -74.30671 0.55795
395.20000 -74.30728 0.55992
395.25000 -74.31024 0.55688
395.30000 -74.31476 0.55483
395.35000 -74.31472 0.55254
395.40000 -74.31558 0.55302
395.45000 -74.31624 0.55363
395.50000 -74.31945 0.54900
395.55000 -74.32142 0.54742
395.60000 -74.32146 0.54639
395.65000 -74.32237 0.54532
395.70000 -74.32043 0.54632
395.75000 -74.32196 0.54844
395.80000 -74.32216 0.54372
395.85000 -74.32401 0.54567
395.90000 -74.32089 0.55085
395.95000 -74.32039 0.55022
396.00000 -74.32163 0.55273
396.05000 -74.32327 0.55227
396.10000 -74.32393 0.55540
396.15000 -74.32598 0.55990
396.20000 -74.32931 0.56699
396.25000 -74.33009 0.56254
396.30000 -74.33281 0.55966
396.35000 -74.33071 0.55495
396.40000 -74.33038 0.55536
396.45000 -74.33112 0.55485
396.50000 -74.32886 0.55431
396.55000 -74.32886 0.55270
396.60000 -74.32890 0.55399
396.65000 -74.32668 0.55432
396.70000 -74.32228 0.55654
396.75000 -74.32035 0.56068
396.80000 -74.31637 0.56686
396.85000 -74.31711 0.56815
396.90000 -74.31612 0.57255
396.95000 -74.31398 0.57536
397.00000 -74.31291 0.57629
397.05000 -74.30938 0.57802
397.10000 -74.30979 0.57753
397.15000 -74.30872 0.57638
397.20000 -74.31082 0.57495
397.25000 -74.31180 0.57455
397.30000 -74.31152 0.57175
397.35000 -74.31435 0.56996
397.40000 -74.31320 0.56950
397.45000 -74.31435 0.56817
397.50000 -74.31390 0.56811
397.55000 -74.31131 0.56627
397.60000 -74.31156 0.56293
397.65000 -74.31287 0.56334
397.70000 -74.30958 0.56529
397.75000 -74.30260 0.56257
397.80000 -74.30543 0.56258
397.85000 -74.30161 0.56342
397.90000 -74.29775 0.56753
397.95000 -74.29594 0.56422
398.00000 -74.29347 0.56824
398.05000 -74.29031 0.56995
398.10000 -74.28858 0.56944
398.15000 -74.28139 0.57143
398.20000 -74.28093 0.57560
398.25000 -74.27884 0.57188
398.30000 -74.27612 0.57467
398.35000 -74.27510 0.57788
398.40000 -74.27082 0.57589
398.45000 -74.27193 0.57570
398.50000 -74.27201 0.57702
398.55000 -74.27378 0.58186
398.60000 -74.27353 0.57837
398.65000 -74.27275 0.57585
398.70000 -74.27345 0.57871
398.75000 -74.27337 0.58074
398.80000 -74.27337 0.58420
398.85000 -74.27296 0.58892
398.90000 -74.27066 0.58863
398.95000 -74.26741 0.59141
399.00000 -74.26568 0.59103
399.05000 -74.26515 0.59820
399.10000 -74.26244 0.59791
399.15000 -74.26203 0.59929
399.20000 -74.26182 0.60228
399.25000 -74.25767 0.60377
399.30000 -74.25890 0.60792
399.35000 -74.25812 0.61118
399.40000 -74.25454 0.61221
399.45000 -74.25265 0.61719
399.50000 -74.24937 0.61818
399.55000 -74.25031 0.62052
399.60000 -74.25048 0.62214
399.65000 -74.25405 0.61982
399.70000 -74.25463 0.61845
399.75000 -74.25537 0.61663
399.80000 -74.25915 0.61122
399.85000 -74.25939 0.60506
399.90000 -74.26285 0.60302
399.95000 -74.26289 0.59881
400.00000 -74.26252 0.59466
400.05000 -74.26605 0.58733
400.10000 -74.26688 0.58337
400.15000 -74.26729 0.57913
400.20000 -74.26774 0.58175
400.25000 -74.27132 0.57675
400.30000 -74.27090 0.57869
400.35000 -74.27082 0.57796
400.40000 -74.27062 0.57489
400.45000 -74.27107 0.57442
400.50000 -74.27041 0.57294
400.55000 -74.27214 0.57124
400.60000 -74.27432 0.57087
400.65000 -74.27275 0.56913
400.70000 -74.27370 0.56840
400.75000 -74.27432 0.56841
400.80000 -74.27333 0.57364
400.85000 -74.27308 0.57308
400.90000 -74.27029 0.57288
400.95000 -74.26840 0.57846
401.00000 -74.26914 0.57881
401.05000 -74.26577 0.57989
401.10000 -74.26729 0.57900
401.15000 -74.26499 0.58084
401.20000 -74.26585 0.58088
401.25000 -74.27119 0.57822
401.30000 -74.27444 0.57371
401.35000 -74.27522 0.57424
401.40000 -74.27822 0.57549
401.45000 -74.27999 0.58007
401.50000 -74.28147 0.57721
401.55000 -74.28217 0.57793
401.60000 -74.28278 0.57558
401.65000 -74.28381 0.57726
401.70000 -74.28562 0.58102
401.75000 -74.28287 0.57680
401.80000 -74.28402 0.56901
401.85000 -74.28504 0.56556
401.90000 -74.28414 0.56396
401.95000 -74.28056 0.56187
402.00000 -74.27839 0.56310
402.05000 -74.27991 0.56285
402.10000 -74.27880 0.56075
402.15000 -74.28085 0.55882
402.20000 -74.28048 0.55933
402.25000 -74.27719 0.55618
402.30000 -74.27682 0.55747
402.35000 -74.27703 0.55489
402.40000 -74.27802 0.55674
402.45000 -74.27863 0.55800
402.50000 -74.27802 0.55507
402.55000 -74.27925 0.55759
402.60000 -74.28233 0.56056
402.65000 -74.28315 0.55962
402.70000 -74.28862 0.55951
402.75000 -74.28850 0.55846
402.80000 -74.28722 0.56416
402.85000 -74.29035 0.56274
402.90000 -74.29376 0.56549
402.95000 -74.29544 0.56610
403.00000 -74.30202 0.56182
403.05000 -74.30617 0.55865
403.10000 -74.31016 0.55331
403.15000 -74.31213 0.55019
403.20000 -74.31628 0.54490
403.25000 -74.32393 0.53887
403.30000 -74.32837 0.53770
403.35000 -74.32586 0.53247
403.40000 -74.32779 0.52808
403.45000 -74.32911 0.52754
403.50000 -74.33034 0.52631
403.55000 -74.33079 0.52591
403.60000 -74.33137 0.52966
403.65000 -74.32656 0.52890
403.70000 -74.32898 0.53531
403.75000 -74.32574 0.53568
403.80000 -74.32413 0.53750
403.85000 -74.31924 0.54090
403.90000 -74.31932 0.54441
403.95000 -74.31809 0.54592
404.00000 -74.32060 0.55013
404.05000 -74.31961 0.55458
404.10000 -74.31830 0.55771
404.15000 -74.31916 0.55684
404.20000 -74.31969 0.55374
404.25000 -74.32060 0.55804
404.30000 -74.32134 0.55780
404.35000 -74.32282 0.55957
404.40000 -74.32261 0.55906
404.45000 -74.32356 0.56021
404.50000 -74.32368 0.55954
404.55000 -74.32364 0.56016
404.60000 -74.32154 0.55990
404.65000 -74.32212 0.56116
404.70000 -74.32187 0.55910
404.75000 -74.31949 0.55894
404.80000 -74.31793 0.55742
404.85000 -74.31748 0.55438
404.90000 -74.32298 0.55531
404.95000 -74.32208 0.55471
405.00000 -74.31826 0.54926
405.05000 -74.31583 0.54744
405.10000 -74.31439 0.54458
405.15000 -74.31135 0.54365
405.20000 -74.31258 0.54017
405.25000 -74.30921 0.54320
405.30000 -74.31008 0.54776
405.35000 -74.30650 0.54769
405.40000 -74.30371 0.55037
405.45000 -74.30050 0.55490
405.50000 -74.29733 0.55460
405.55000 -74.29622 0.55853
405.60000 -74.29532 0.56016
405.65000 -74.29458 0.56266
405.70000 -74.29269 0.56556
405.75000 -74.28636 0.57113
405.80000 -74.28389 0.56938
405.85000 -74.28422 0.57256
405.90000 -74.28262 0.57368
405.95000 -74.28065 0.57714
406.00000 -74.28011 0.57863
406.05000 -74.27719 0.58077
406.10000 -74.27736 0.58294
406.15000 -74.27760 0.58040
406.20000 -74.27728 0.57902
406.25000 -74.27917 0.57686
406.30000 -74.28163 0.57436
406.35000 -74.28393 0.57117
406.40000 -74.27781 0.57233
406.45000 -74.27666 0.57251
406.50000 -74.28011 0.56648
406.55000 -74.28204 0.56770
406.60000 -74.27855 0.56811
406.65000 -74.27896 0.56701
406.70000 -74.27880 0.56971
406.75000 -74.27884 0.56318
406.80000 -74.27432 0.56286
406.85000 -74.27612 0.55868
406.90000 -74.27666 0.55700
406.95000 -74.27707 0.55657
407.00000 -74.27506 0.55907
407.05000 -74.27756 0.55576
407.10000 -74.27941 0.55578
407.15000 -74.28023 0.55446
407.20000 -74.28106 0.55051
407.25000 -74.28541 0.55084
407.30000 -74.28578 0.54971
407.35000 -74.28656 0.54908
407.40000 -74.28772 0.54857
407.45000 -74.28850 0.54436
407.50000 -74.28718 0.54169
407.55000 -74.28932 0.54143
407.60000 -74.29125 0.54222
407.65000 -74.28850 0.54179
407.70000 -74.28574 0.54412
407.75000 -74.28467 0.54640
407.80000 -74.28106 0.55202
407.85000 -74.28073 0.55565
407.90000 -74.28139 0.55900
407.95000 -74.28130 0.55788
408.00000 -74.28097 0.56415
408.05000 -74.27995 0.56898
408.10000 -74.28122 0.56996
408.15000 -74.28332 0.57099
408.20000 -74.28036 0.57670
408.25000 -74.28040 0.58015
408.30000 -74.28110 0.57925
408.35000 -74.28282 0.57734
408.40000 -74.28435 0.57584
408.45000 -74.28245 0.57665
408.50000 -74.27810 0.57646
408.55000 -74.27863 0.58126
408.60000 -74.28073 0.58302
408.65000 -74.28299 0.58752
408.70000 -74.28299 0.58719
408.75000 -74.28229 0.59223
408.80000 -74.28028 0.58926
408.85000 -74.28607 0.58894
408.90000 -74.28755 0.58939
408.95000 -74.28550 0.58727
409.00000 -74.28619 0.58908
409.05000 -74.28500 0.58703
409.10000 -74.28529 0.58812
409.15000 -74.28981 0.59335
409.20000 -74.28981 0.59511
409.25000 -74.29105 0.59262
409.30000 -74.29392 0.58869
409.35000 -74.29659 0.58456
409.40000 -74.29783 0.58709
409.45000 -74.29758 0.58692
409.50000 -74.29820 0.58344
409.55000 -74.29627 0.58679
409.60000 -74.29964 0.58219
409.65000 -74.29890 0.57958
409.70000 -74.29557 0.58026
409.75000 -74.29659 0.57648
409.80000 -74.29729 0.57412
409.85000 -74.29684 0.57666
409.90000 -74.29150 0.57524
409.95000 -74.29117 0.57471
410.00000 -74.28710 0.57854
410.05000 -74.28652 0.57357
410.10000 -74.28451 0.57639
410.15000 -74.28619 0.57562
410.20000 -74.28759 0.57289
410.25000 -74.28809 0.56922
410.30000 -74.29142 0.56747
410.35000 -74.29294 0.56299
410.40000 -74.29540 0.55881
410.45000 -74.29289 0.55773
410.50000 -74.29232 0.55167
410.55000 -74.29244 0.55180
410.60000 -74.29183 0.54712
410.65000 -74.28661 0.55065
410.70000 -74.28352 0.55104
410.75000 -74.28566 0.54634
410.80000 -74.28204 0.54678
410.85000 -74.28097 0.54682
410.90000 -74.27621 0.54767
410.95000 -74.27691 0.54756
411.00000 -74.27686 0.54233
411.05000 -74.27974 0.53984
411.10000 -74.27514 0.54221
411.15000 -74.27514 0.53914
411.20000 -74.27493 0.54004
411.25000 -74.27345 0.53860
411.30000 -74.27691 0.54039
411.35000 -74.27234 0.53998
411.40000 -74.27181 0.53919
411.45000 -74.27353 0.54188
411.50000 -74.27107 0.53938
411.55000 -74.27423 0.54536
411.60000 -74.27477 0.54422
411.65000 -74.27308 0.54073
411.70000 -74.27617 0.53994
411.75000 -74.27510 0.54040
411.80000 -74.28085 0.53801
411.85000 -74.27760 0.53526
411.90000 -74.27974 0.53654
411.95000 -74.27863 0.53607
412.00000 -74.27555 0.53352
412.05000 -74.27522 0.53233
412.10000 -74.27477 0.53674
412.15000 -74.26984 0.54050
412.20000 -74.27181 0.54909
412.25000 -74.27312 0.54992
412.30000 -74.27362 0.55270
412.35000 -74.27395 0.55691
412.40000 -74.27255 0.56282
412.45000 -74.27608 0.56084
412.50000 -74.28200 0.55789
412.55000 -74.28644 0.55777
412.60000 -74.28513 0.55830
412.65000 -74.28924 0.55648
412.70000 -74.28973 0.55604
412.75000 -74.29076 0.55637
412.80000 -74.29273 0.55429
412.85000 -74.29248 0.55479
412.90000 -74.29051 0.55647
412.95000 -74.29326 0.55654
413.00000 -74.29491 0.55270
413.05000 -74.29910 0.55019
413.10000 -74.29964 0.55189
413.15000 -74.29840 0.55157
413.20000 -74.29840 0.55092
413.25000 -74.29388 0.55387
413.30000 -74.30021 0.55392
413.35000 -74.29873 0.54991
413.40000 -74.29812 0.55065
413.45000 -74.29770 0.55268
413.50000 -74.29824 0.55552
413.55000 -74.29832 0.55424
413.60000 -74.29725 0.55445
413.65000 -74.29372 0.55616
413.70000 -74.29450 0.55764
413.75000 -74.29228 0.56282
413.80000 -74.29355 0.56273
413.85000 -74.29368 0.56475
413.90000 -74.29187 0.56526
413.95000 -74.29035 0.56519
414.00000 -74.28994 0.56769
414.05000 -74.28870 0.56909
414.10000 -74.29507 0.56791
414.15000 -74.29458 0.56723
414.20000 -74.29639 0.56810
414.25000 -74.29717 0.56638
414.30000 -74.29413 0.56473
414.35000 -74.29639 0.55988
414.40000 -74.29799 0.56460
414.45000 -74.29733 0.56271
414.50000 -74.29943 0.56078
414.55000 -74.30309 0.55888
414.60000 -74.30181 0.56165
414.65000 -74.30560 0.56217
414.70000 -74.30613 0.56169
414.75000 -74.30617 0.56448
414.80000 -74.30679 0.56497
414.85000 -74.30264 0.56009
414.90000 -74.30588 0.55940
414.95000 -74.30831 0.56006
415.00000 -74.30728 0.56176
415.05000 -74.30831 0.56117
415.10000 -74.30934 0.55779
415.15000 -74.30531 0.55591
415.20000 -74.31049 0.55741
415.25000 -74.30962 0.55222
415.30000 -74.30835 0.55012
415.35000 -74.30605 0.54950
415.40000 -74.30777 0.54847
415.45000 -74.30806 0.54956
415.50000 -74.30646 0.54976
415.55000 -74.30790 0.54830
415.60000 -74.30967 0.54770
415.65000 -74.30975 0.54766
415.70000 -74.30831 0.54826
415.75000 -74.30732 0.54741
415.80000 -74.30749 0.54638
415.85000 -74.30991 0.54551
415.90000 -74.30868 0.54776
415.95000 -74.30703 0.54859
416.00000 -74.30617 0.55148
416.05000 -74.30403 0.55433
416.10000 -74.30251 0.55365
416.15000 -74.30366 0.55752
416.20000 -74.30609 0.55921
416.25000 -74.30740 0.56245
416.30000 -74.31073 0.56592
416.35000 -74.31267 0.56592
416.40000 -74.31176 0.56186
416.45000 -74.31567 0.56234
416.50000 -74.31731 0.56621
416.55000 -74.32060 0.56555
416.60000 -74.32130 0.56221
416.65000 -74.32179 0.56306
416.70000 -74.32290 0.56115
416.75000 -74.31978 0.56531
416.80000 -74.31982 0.56932
416.85000 -74.31608 0.57454
416.90000 -74.31341 0.57778
416.95000 -74.31160 0.57996
417.00000 -74.30950 0.57986
417.05000 -74.30490 0.58249
417.10000 -74.30017 0.57971
417.15000 -74.30329 0.58029
417.20000 -74.30099 0.57915
417.25000 -74.29820 0.58011
417.30000 -74.29569 0.58273
417.35000 -74.29495 0.58058
417.40000 -74.29984 0.58316
417.45000 -74.29738 0.58168
417.50000 -74.29729 0.58291
417.55000 -74.29635 0.58276
417.60000 -74.29516 0.58386
417.65000 -74.29137 0.58234
417.70000 -74.29088 0.58352
417.75000 -74.29031 0.58445
417.80000 -74.28714 0.58502
417.85000 -74.28693 0.58689
417.90000 -74.28599 0.58848
417.95000 -74.28714 0.58511
418.00000 -74.28669 0.58501
418.05000 -74.28911 0.58231
418.10000 -74.29047 0.58532
418.15000 -74.29006 0.58734
418.20000 -74.29047 0.58493
418.25000 -74.28932 0.58166
418.30000 -74.28804 0.57992
418.35000 -74.29051 0.58216
418.40000 -74.28940 0.57963
418.45000 -74.28603 0.57370
418.50000 -74.28447 0.57219
418.55000 -74.28541 0.57025
418.60000 -74.28328 0.57264
418.65000 -74.28180 0.57486
418.70000 -74.28254 0.57565
418.75000 -74.28229 0.57475
418.80000 -74.27781 0.57417
418.85000 -74.27962 0.57241
418.90000 -74.28028 0.57043
418.95000 -74.27982 0.57399
419.00000 -74.28056 0.57304
419.05000 -74.27937 0.57607
419.10000 -74.28019 0.57293
419.15000 -74.27867 0.57343
419.20000 -74.28147 0.57197
419.25000 -74.28361 0.57387
419.30000 -74.28435 0.57346
419.35000 -74.28476 0.57351
419.40000 -74.28254 0.57243
419.45000 -74.28093 0.57458
419.50000 -74.28130 0.57693
419.55000 -74.27736 0.57807
419.60000 -74.27691 0.57693
419.65000 -74.28015 0.57750
419.70000 -74.27913 0.58084
419.75000 -74.28077 0.57885
419.80000 -74.27732 0.58136
419.85000 -74.27686 0.57662
419.90000 -74.27670 0.57539
419.95000 -74.27859 0.57716
420.00000 -74.27637 0.57844
420.05000 -74.27325 0.57726
420.10000 -74.27234 0.57919
420.15000 -74.27169 0.57965
420.20000 -74.26852 0.58034
420.25000 -74.27206 0.58113
420.30000 -74.27012 0.58225
420.35000 -74.26979 0.58213
420.40000 -74.27255 0.58384
420.45000 -74.27053 0.58348
420.50000 -74.26827 0.58352
420.55000 -74.26860 0.58745
420.60000 -74.26745 0.59118
420.65000 -74.26609 0.59065
420.70000 -74.26737 0.58918
420.75000 -74.27000 0.58764
420.80000 -74.26803 0.58899
420.85000 -74.26926 0.58766
420.90000 -74.26918 0.58736
420.95000 -74.26605 0.58945
421.00000 -74.26494 0.59123
421.05000 -74.26388 0.59098
421.10000 -74.26207 0.59584
421.15000 -74.25919 0.59291
421.20000 -74.26277 0.59726
421.25000 -74.26104 0.59473
421.30000 -74.26462 0.59648
421.35000 -74.26811 0.59684
421.40000 -74.26799 0.59869
421.45000 -74.27321 0.59491
421.50000 -74.27880 0.58989
421.55000 -74.28011 0.58515
421.60000 -74.28451 0.58038
421.65000 -74.28788 0.58023
421.70000 -74.29179 0.57587
421.75000 -74.29627 0.57183
421.80000 -74.29392 0.56960
421.85000 -74.29544 0.56854
421.90000 -74.29146 0.56811
421.95000 -74.29248 0.57213
422.00000 -74.29240 0.57422
422.05000 -74.29211 0.57178
422.10000 -74.29002 0.57371
422.15000 -74.29261 0.57544
422.20000 -74.29191 0.58018
422.25000 -74.29117 0.57760
422.30000 -74.29100 0.57834
422.35000 -74.29220 0.58089
422.40000 -74.29750 0.57727
422.45000 -74.29935 0.58174
422.50000 -74.30165 0.57555
422.55000 -74.30416 0.57315
422.60000 -74.30498 0.56938
422.65000 -74.30831 0.56241
422.70000 -74.31119 0.56100
422.75000 -74.30851 0.56252
422.80000 -74.31004 0.56144
422.85000 -74.31410 0.55555
422.90000 -74.31197 0.55397
422.95000 -74.30962 0.55327
423.00000 -74.31234 0.55457
423.05000 -74.31127 0.55537
423.10000 -74.31184 0.55508
423.15000 -74.30777 0.55438
423.20000 -74.30601 0.55948
423.25000 -74.30523 0.56152
423.30000 -74.30218 0.56301
423.35000 -74.30103 0.56497
423.40000 -74.30408 0.56798
423.45000 -74.30473 0.56402
423.50000 -74.30572 0.55995
423.55000 -74.30576 0.55904
423.60000 -74.30675 0.55953
423.65000 -74.30362 0.55485
423.70000 -74.30551 0.55234
423.75000 -74.30572 0.55541
423.80000 -74.30609 0.55623
423.85000 -74.30403 0.55786
423.90000 -74.29972 0.55547
423.95000 -74.29733 0.55385
424.00000 -74.29466 0.55728
424.05000 -74.29528 0.55872
424.10000 -74.29294 0.56218
424.15000 -74.29216 0.56233
424.20000 -74.28800 0.56476
424.25000 -74.28944 0.56750
424.30000 -74.29207 0.56154
424.35000 -74.29314 0.55815
424.40000 -74.29396 0.55380
424.45000 -74.29207 0.55175
424.50000 -74.28899 0.55303
424.55000 -74.28846 0.55532
424.60000 -74.28570 0.55866
424.65000 -74.28591 0.56049
424.70000 -74.28669 0.56599
424.75000 -74.28685 0.56405
424.80000 -74.28763 0.56586
424.85000 -74.29039 0.56921
424.90000 -74.29137 0.56968
424.95000 -74.29051 0.56950
425.00000 -74.29080 0.56710
425.05000 -74.29170 0.56680
425.10000 -74.29273 0.56793
425.15000 -74.29483 0.56673
425.20000 -74.29322 0.56712
425.25000 -74.29359 0.56786
425.30000 -74.28911 0.56995
425.35000 -74.28821 0.57224
425.40000 -74.28985 0.57311
425.45000 -74.28940 0.57455
425.50000 -74.28389 0.57724
425.55000 -74.28282 0.57634
425.60000 -74.27880 0.57883
425.65000 -74.28089 0.58138
425.70000 -74.28110 0.57930
425.75000 -74.28287 0.57666
425.80000 -74.28241 0.57265
425.85000 -74.28426 0.57204
425.90000 -74.28381 0.56814
425.95000 -74.28907 0.56650
426.00000 -74.28776 0.56358
426.05000 -74.28780 0.56204
426.10000 -74.29059 0.56310
426.15000 -74.29051 0.55850
426.20000 -74.29055 0.55953
426.25000 -74.28615 0.55726
426.30000 -74.28977 0.55617
426.35000 -74.29187 0.55706
426.40000 -74.28948 0.55963
426.45000 -74.29055 0.56481
426.50000 -74.28624 0.56931
426.55000 -74.28476 0.57450
426.60000 -74.28221 0.57760
426.65000 -74.28225 0.58262
426.70000 -74.27966 0.58775
426.75000 -74.27847 0.59151
426.80000 -74.28032 0.59326
426.85000 -74.28233 0.59575
426.90000 -74.28274 0.59393
426.95000 -74.28171 0.59152
427.00000 -74.27986 0.59022
427.05000 -74.28110 0.58753
427.10000 -74.27962 0.58358
427.15000 -74.27974 0.58144
427.20000 -74.28028 0.58475
427.25000 -74.27822 0.58504
427.30000 -74.27637 0.58324
427.35000 -74.27612 0.58347
427.40000 -74.27559 0.58386
427.45000 -74.27588 0.58635
427.50000 -74.28036 0.58659
427.55000 -74.28073 0.58371
427.60000 -74.28299 0.57917
427.65000 -74.28689 0.57938
427.70000 -74.29265 0.57534
427.75000 -74.29372 0.57422
427.80000 -74.29265 0.57206
427.85000 -74.29273 0.56786
427.90000 -74.29417 0.56496
427.95000 -74.29676 0.56531
428.00000 -74.29622 0.56111
428.05000 -74.29972 0.55710
428.10000 -74.29824 0.55778
428.15000 -74.30305 0.55588
428.20000 -74.30416 0.55666
428.25000 -74.30609 0.55936
428.30000 -74.31106 0.55663
428.35000 -74.31065 0.55554
428.40000 -74.31189 0.55578
428.45000 -74.31361 0.55218
428.50000 -74.31041 0.55158
428.55000 -74.30901 0.55062
428.60000 -74.30794 0.55489
428.65000 -74.30819 0.55791
428.70000 -74.30979 0.55929
428.75000 -74.31193 0.55949
428.80000 -74.31768 0.55640
428.85000 -74.31554 0.55818
428.90000 -74.31365 0.55856
428.95000 -74.31534 0.55622
429.00000 -74.31349 0.55730
429.05000 -74.31279 0.55984
429.10000 -74.31275 0.56001
429.15000 -74.31341 0.56306
429.20000 -74.30917 0.56112
429.25000 -74.30901 0.56187
429.30000 -74.31106 0.56577
429.35000 -74.30753 0.56595
429.40000 -74.30580 0.57080
429.45000 -74.30194 0.57084
429.50000 -74.30284 0.56850
429.55000 -74.30288 0.57093
429.60000 -74.29836 0.57391
429.65000 -74.29762 0.57646
429.70000 -74.29992 0.58238
429.75000 -74.29795 0.58126
429.80000 -74.29750 0.57964
429.85000 -74.29775 0.58015
429.90000 -74.29992 0.57717
429.95000 -74.29832 0.57147
430.00000 -74.29972 0.56934
430.05000 -74.29676 0.57099
430.10000 -74.29540 0.56730
430.15000 -74.29417 0.56949
430.20000 -74.29392 0.56670
430.25000 -74.29405 0.56717
430.30000 -74.29614 0.56746
430.35000 -74.29791 0.56764
430.40000 -74.29507 0.56973
430.45000 -74.29705 0.56797
430.50000 -74.29470 0.56743
430.55000 -74.29705 0.56839
430.60000 -74.29610 0.56924
430.65000 -74.29738 0.57060
430.70000 -74.29959 0.56858
430.75000 -74.30494 0.56754
430.80000 -74.30346 0.56626
430.85000 -74.30605 0.56598
430.90000 -74.31242 0.56754
430.95000 -74.31160 0.56459
431.00000 -74.31078 0.56760
431.05000 -74.31246 0.56678
431.10000 -74.31423 0.56471
431.15000 -74.31641 0.56759
431.20000 -74.31505 0.56961
431.25000 -74.31304 0.57367
431.30000 -74.31065 0.57152
431.35000 -74.30991 0.57291
431.40000 -74.31090 0.57253
431.45000 -74.31546 0.57564
431.50000 -74.31357 0.57419
431.55000 -74.31517 0.56863
431.60000 -74.31669 0.56564
431.65000 -74.31731 0.56267
431.70000 -74.32142 0.56202
431.75000 -74.32524 0.56169
431.80000 -74.32323 0.55804
431.85000 -74.32648 0.55230
431.90000 -74.32672 0.55385
431.95000 -74.32820 0.54853
432.00000 -74.32792 0.54948
432.05000 -74.32615 0.54633
432.10000 -74.32689 0.54673
432.15000 -74.32150 0.55172
432.20000 -74.32113 0.55392
432.25000 -74.31817 0.55540
432.30000 -74.31669 0.56229
432.35000 -74.31661 0.56837
432.40000 -74.31534 0.56576
432.45000 -74.31217 0.56988
432.50000 -74.30975 0.57527
432.55000 -74.30893 0.57678
432.60000 -74.30823 0.57841
432.65000 -74.30588 0.57830
432.70000 -74.30403 0.57844
432.75000 -74.30457 0.57907
432.80000 -74.30013 0.58096
432.85000 -74.29684 0.57870
432.90000 -74.29585 0.57819
432.95000 -74.29742 0.58104
433.00000 -74.29544 0.58229
433.05000 -74.29437 0.58313
433.10000 -74.29150 0.58223
433.15000 -74.28718 0.58353
433.20000 -74.29084 0.58412
433.25000 -74.28920 0.58901
433.30000 -74.28862 0.58798
433.35000 -74.28981 0.58680
433.40000 -74.28677 0.59012
433.45000 -74.28846 0.58826
433.50000 -74.28883 0.58670
433.55000 -74.28928 0.58777
433.60000 -74.29622 0.58844
433.65000 -74.29606 0.58721
433.70000 -74.29631 0.58807
433.75000 -74.29446 0.58515
433.80000 -74.29585 0.58263
433.85000 -74.29939 0.57937
433.90000 -74.29701 0.58019
433.95000 -74.29511 0.58089
434.00000 -74.29318 0.58410
434.05000 -74.29183 0.58456
434.10000 -74.29018 0.58978
434.15000 -74.29343 0.59220
434.20000 -74.29035 0.59404
434.25000 -74.28833 0.59804
434.30000 -74.28714 0.59636
434.35000 -74.28829 0.59901
434.40000 -74.28858 0.59646
434.45000 -74.28981 0.59918
434.50000 -74.29105 0.59512
434.55000 -74.28883 0.59489
434.60000 -74.28870 0.59370
434.65000 -74.29031 0.59401
434.70000 -74.29347 0.59349
434.75000 -74.29203 0.59357
434.80000 -74.29294 0.59394
434.85000 -74.29618 0.58762
434.90000 -74.29910 0.58727
434.95000 -74.29906 0.58831
435.00000 -74.29738 0.58696
435.05000 -74.29972 0.58597
435.10000 -74.29947 0.59038
435.15000 -74.29754 0.59026
435.20000 -74.29733 0.59533
435.25000 -74.29692 0.59934
435.30000 -74.29951 0.60465
435.35000 -74.30190 0.60637
435.40000 -74.30009 0.60804
435.45000 -74.29939 0.61020
435.50000 -74.29721 0.61311
435.55000 -74.29803 0.61068
435.60000 -74.29886 0.61088
435.65000 -74.29717 0.61004
435.70000 -74.29421 0.61419
435.75000 -74.29022 0.61559
435.80000 -74.29236 0.61347
435.85000 -74.29257 0.61381
435.90000 -74.29203 0.61173
435.95000 -74.29072 0.60916
436.00000 -74.29236 0.60510
436.05000 -74.29326 0.60124
436.10000 -74.29281 0.60063
436.15000 -74.29277 0.59263
436.20000 -74.29174 0.59292
436.25000 -74.28940 0.59131
436.30000 -74.28759 0.59333
436.35000 -74.28940 0.59243
436.40000 -74.28784 0.59033
436.45000 -74.28928 0.59144
436.50000 -74.28936 0.58816
436.55000 -74.28759 0.59025
436.60000 -74.28385 0.58862
436.65000 -74.28640 0.58918
436.70000 -74.28854 0.59126
436.75000 -74.29396 0.58799
436.80000 -74.29725 0.58218
436.85000 -74.29729 0.57909
436.90000 -74.29923 0.57877
436.95000 -74.30214 0.57396
437.00000 -74.30523 0.56920
437.05000 -74.30432 0.56733
437.10000 -74.30921 0.56302
437.15000 -74.30802 0.55951
437.20000 -74.30740 0.55892
437.25000 -74.30687 0.55610
437.30000 -74.30642 0.55721
437.35000 -74.30498 0.55817
437.40000 -74.30239 0.55707
437.45000 -74.30416 0.56039
437.50000 -74.30629 0.56150
437.55000 -74.30490 0.56356
437.60000 -74.30699 0.56389
437.65000 -74.30814 0.56787
437.70000 -74.30568 0.57080
437.75000 -74.30679 0.57314
437.80000 -74.30864 0.57577
437.85000 -74.30412 0.57885
437.90000 -74.30531 0.58082
437.95000 -74.30350 0.58082
438.00000 -74.30062 0.58429
438.05000 -74.29824 0.58833
438.10000 -74.29869 0.58953
438.15000 -74.30029 0.59143
438.20000 -74.29684 0.59287
438.25000 -74.29421 0.59618
438.30000 -74.29462 0.59860
438.35000 -74.29129 0.60003
438.40000 -74.29491 0.60253
438.45000 -74.29343 0.60002
438.50000 -74.29474 0.59694
438.55000 -74.29158 0.59728
438.60000 -74.29388 0.59506
438.65000 -74.29257 0.59050
438.70000 -74.29326 0.59265
438.75000 -74.29495 0.58708
438.80000 -74.29955 0.58360
438.85000 -74.30136 0.58433
438.90000 -74.29955 0.58055
438.95000 -74.30239 0.57738
439.00000 -74.30424 0.57717
439.05000 -74.30506 0.57177
439.10000 -74.30276 0.57167
439.15000 -74.30403 0.57482
439.20000 -74.30510 0.57122
439.25000 -74.30625 0.57049
439.30000 -74.30753 0.57187
439.35000 -74.30975 0.57127
439.40000 -74.30995 0.57006
439.45000 -74.31049 0.56986
439.50000 -74.31242 0.56785
439.55000 -74.31263 0.56920
439.60000 -74.31201 0.57168
439.65000 -74.31304 0.57150
439.70000 -74.31505 0.57284
439.75000 -74.31373 0.57522
439.80000 -74.31628 0.57509
439.85000 -74.31513 0.57465
439.90000 -74.31785 0.57234
439.95000 -74.31842 0.57210
440.00000 -74.31735 0.57428
440.05000 -74.31969 0.56960
440.10000 -74.31760 0.56727
440.15000 -74.31731 0.56709
440.20000 -74.31756 0.57134
440.25000 -74.31793 0.56955
440.30000 -74.31809 0.57239
440.35000 -74.31587 0.57231
440.40000 -74.31419 0.56993
440.45000 -74.31546 0.57344
440.50000 -74.31324 0.57342
440.55000 -74.31304 0.57576
440.60000 -74.31558 0.57502
440.65000 -74.31464 0.57587
440.70000 -74.31534 0.57102
440.75000 -74.31484 0.56932
440.80000 -74.31279 0.56852
440.85000 -74.31336 0.57083
440.90000 -74.31053 0.57255
440.95000 -74.31139 0.57558
441.00000 -74.31283 0.57437
441.05000 -74.31345 0.57608
441.10000 -74.31320 0.57746
441.15000 -74.30950 0.57681
441.20000 -74.31250 0.57845
441.25000 -74.31431 0.58442
441.30000 -74.31156 0.58147
441.35000 -74.30934 0.58418
441.40000 -74.31078 0.58651
441.45000 -74.31020 0.58645
441.50000 -74.30268 0.59170
441.55000 -74.29853 0.59591
441.60000 -74.29627 0.60485
441.65000 -74.29454 0.60698
441.70000 -74.29109 0.60822
441.75000 -74.29183 0.61105
441.80000 -74.29076 0.61256
441.85000 -74.28866 0.61177
441.90000 -74.29146 0.60955
441.95000 -74.29100 0.61063
442.00000 -74.29281 0.60999
442.05000 -74.29409 0.60713
442.10000 -74.29565 0.60140
442.15000 -74.30001 0.59934
442.20000 -74.30387 0.59338
442.25000 -74.30214 0.58834
442.30000 -74.30276 0.58288
442.35000 -74.30325 0.57633
442.40000 -74.30593 0.57442
442.45000 -74.30436 0.57240
442.50000 -74.30033 0.56925
442.55000 -74.30268 0.56527
442.60000 -74.30313 0.55841
442.65000 -74.30280 0.55811
442.70000 -74.30383 0.55857
442.75000 -74.30210 0.55288
442.80000 -74.30066 0.55002
442.85000 -74.30313 0.54957
442.90000 -74.29881 0.55231
442.95000 -74.29651 0.55386
443.00000 -74.29688 0.56077
443.05000 -74.29072 0.56804
443.10000 -74.29092 0.57106
443.15000 -74.28607 0.57574
443.20000 -74.27929 0.57969
443.25000 -74.28291 0.58272
443.30000 -74.28328 0.58468
443.35000 -74.27958 0.58530
443.40000 -74.27917 0.58700
443.45000 -74.28052 0.58685
443.50000 -74.27349 0.58511
443.55000 -74.27423 0.58847
443.60000 -74.27206 0.58294
443.65000 -74.27386 0.58340
443.70000 -74.27481 0.58157
443.75000 -74.27765 0.58379
443.80000 -74.27678 0.58060
443.85000 -74.27674 0.57731
443.90000 -74.27810 0.57719
443.95000 -74.27834 0.57669
444.00000 -74.28200 0.57491
444.05000 -74.28192 0.57182
444.10000 -74.28562 0.57287
444.15000 -74.28681 0.57021
444.20000 -74.28874 0.56794
444.25000 -74.29211 0.56441
444.30000 -74.28981 0.56208
444.35000 -74.29055 0.56289
444.40000 -74.29228 0.55987
444.45000 -74.29055 0.55515
444.50000 -74.28846 0.55486
444.55000 -74.28911 0.55439
444.60000 -74.28850 0.55940
444.65000 -74.28961 0.55799
444.70000 -74.29096 0.55883
444.75000 -74.28813 0.56113
444.80000 -74.29018 0.56313
444.85000 -74.28854 0.56392
444.90000 -74.29117 0.56576
444.95000 -74.29754 0.57252
445.00000 -74.29996 0.56651
445.05000 -74.29898 0.56849
445.10000 -74.30070 0.56813
445.15000 -74.30609 0.56454
445.20000 -74.31032 0.56437
445.25000 -74.31275 0.56026
445.30000 -74.31702 0.55224
445.35000 -74.31538 0.54948
445.40000 -74.31731 0.54651
445.45000 -74.31439 0.54759
445.50000 -74.31752 0.55104
445.55000 -74.31686 0.54913
445.60000 -74.31612 0.54932
445.65000 -74.31406 0.55368
445.70000 -74.31624 0.55788
445.75000 -74.31624 0.56237
445.80000 -74.31624 0.56667
445.85000 -74.31780 0.56784
445.90000 -74.31891 0.57260
445.95000 -74.32265 0.57015
446.00000 -74.32742 0.56898
446.05000 -74.32849 0.56628
446.10000 -74.32898 0.56353
446.15000 -74.33166 0.56005
446.20000 -74.33363 0.55738
446.25000 -74.33758 0.55345
446.30000 -74.34041 0.55238
446.35000 -74.34008 0.54662
446.40000 -74.34156 0.54492
446.45000 -74.34107 0.54385
446.50000 -74.33869 0.54058
446.55000 -74.34382 0.54031
446.60000 -74.34218 0.53870
446.65000 -74.34222 0.53867
446.70000 -74.33934 0.54447
446.75000 -74.33774 0.54745
446.80000 -74.33614 0.55367
446.85000 -74.33330 0.55424
446.90000 -74.33231 0.55590
446.95000 -74.33153 0.56266
447.00000 -74.32635 0.56730
447.05000 -74.32492 0.56882
447.10000 -74.32372 0.57223
447.15000 -74.32122 0.57500
447.20000 -74.31900 0.57844
447.25000 -74.31797 0.57623
447.30000 -74.31686 0.57593
447.35000 -74.31974 0.57542
447.40000 -74.31949 0.57155
447.45000 -74.31978 0.57098
447.50000 -74.32220 0.56897
447.55000 -74.31550 0.57184
447.60000 -74.31435 0.56978
447.65000 -74.31530 0.57003
447.70000 -74.31620 0.57112
447.75000 -74.31193 0.57220
447.80000 -74.31106 0.57190
447.85000 -74.31312 0.57226
447.90000 -74.31267 0.57293
447.95000 -74.31086 0.57412
448.00000 -74.30683 0.57482
448.05000 -74.30967 0.57287
448.10000 -74.30387 0.57511
448.15000 -74.30613 0.57479
448.20000 -74.30695 0.57385
448.25000 -74.30597 0.57496
448.30000 -74.30416 0.57665
448.35000 -74.30601 0.57748
448.40000 -74.30440 0.57850
448.45000 -74.30301 0.58243
448.50000 -74.30297 0.58194
448.55000 -74.30453 0.57957
448.60000 -74.30925 0.57460
448.65000 -74.31090 0.57397
448.70000 -74.31172 0.57248
448.75000 -74.31345 0.57110
448.80000 -74.31378 0.56274
448.85000 -74.31612 0.55592
448.90000 -74.31879 0.55353
448.95000 -74.31957 0.55014
449.00000 -74.31826 0.54990
449.05000 -74.32080 0.54913
449.10000 -74.32311 0.54672
449.15000 -74.32446 0.54308
449.20000 -74.32504 0.54263
449.25000 -74.32800 0.54639
449.30000 -74.32935 0.54294
449.35000 -74.33170 0.54274
449.40000 -74.33026 0.54238
449.45000 -74.33207 0.54080
449.50000 -74.33342 0.54166
449.55000 -74.33815 0.53993
449.60000 -74.34045 0.54287
449.65000 -74.34374 0.53952
449.70000 -74.34230 0.53970
449.75000 -74.34432 0.53731
449.80000 -74.34296 0.53761
449.85000 -74.34201 0.53562
449.90000 -74.34169 0.53433
449.95000 -74.34041 0.53569
450.00000 -74.33971 0.53473
450.05000 -74.34300 0.53563
450.10000 -74.34419 0.53469
450.15000 -74.35077 0.53157
450.20000 -74.35093 0.53506
450.25000 -74.35167 0.53332
450.30000 -74.35056 0.53332
450.35000 -74.35373 0.53420
450.40000 -74.35521 0.53424
450.45000 -74.35854 0.53196
450.50000 -74.35447 0.53142
450.55000 -74.35673 0.52770
450.60000 -74.35546 0.52874
450.65000 -74.35521 0.53337
450.70000 -74.35504 0.53363
450.75000 -74.35558 0.53145
450.80000 -74.35652 0.53202
450.85000 -74.35291 0.53518
450.90000 -74.35669 0.53414
450.95000 -74.35467 0.53103
451.00000 -74.35024 0.53260
451.05000 -74.35139 0.53526
451.10000 -74.35056 0.53047
451.15000 -74.34785 0.53306
451.20000 -74.34814 0.53199
451.25000 -74.34666 0.53382
451.30000 -74.34214 0.53715
451.35000 -74.34111 0.53822
451.40000 -74.34222 0.53904
451.45000 -74.33819 0.54994
451.50000 -74.34029 0.55031
451.55000 -74.33605 0.55442
451.60000 -74.33577 0.55657
451.65000 -74.33638 0.55741
451.70000 -74.33560 0.55841
451.75000 -74.33684 0.56414
451.80000 -74.33511 0.56888
451.85000 -74.33560 0.57353
451.90000 -74.33466 0.57306
451.95000 -74.33264 0.57539
452.00000 -74.33564 0.58206
452.05000 -74.33379 0.58700
452.10000 -74.33466 0.59154
452.15000 -74.32911 0.59389
452.20000 -74.33231 0.59345
452.25000 -74.33408 0.59684
452.30000 -74.33877 0.59695
452.35000 -74.33934 0.59539
452.40000 -74.33753 0.59500
452.45000 -74.34053 0.59499
452.50000 -74.33873 0.59141
452.55000 -74.33979 0.59144
452.60000 -74.34181 0.58954
452.65000 -74.34255 0.58873
452.70000 -74.34062 0.58775
452.75000 -74.34000 0.58621
452.80000 -74.33552 0.59064
452.85000 -74.33437 0.59482
452.90000 -74.33157 0.59187
452.95000 -74.32792 0.59301
453.00000 -74.32907 0.59718
453.05000 -74.32430 0.60233
453.10000 -74.32381 0.59664
453.15000 -74.32208 0.59985
453.20000 -74.32278 0.60367
453.25000 -74.32117 0.60119
453.30000 -74.32755 0.60295
453.35000 -74.32845 0.59958
453.40000 -74.32738 0.59447
453.45000 -74.32742 0.58982
453.50000 -74.32870 0.58371
453.55000 -74.32722 0.57886
453.60000 -74.32520 0.57460
453.65000 -74.32438 0.56914
453.70000 -74.31969 0.56925
453.75000 -74.32002 0.56637
453.80000 -74.32056 0.56746
453.85000 -74.32307 0.56641
453.90000 -74.32056 0.56502
453.95000 -74.32578 0.56175
454.00000 -74.32389 0.56327
454.05000 -74.32755 0.56224
454.10000 -74.32570 0.55975
454.15000 -74.32718 0.56364
454.20000 -74.32339 0.56463
454.25000 -74.32471 0.56665
454.30000 -74.32142 0.57321
454.35000 -74.31768 0.57654
454.40000 -74.31871 0.57828
454.45000 -74.31189 0.58688
454.50000 -74.30950 0.59129
454.55000 -74.30564 0.59445
454.60000 -74.30161 0.59753
454.65000 -74.29803 0.60424
454.70000 -74.29421 0.60749
454.75000 -74.29627 0.60710
454.80000 -74.29631 0.60909
454.85000 -74.29326 0.60503
454.90000 -74.29183 0.60128
454.95000 -74.29244 0.60182
455.00000 -74.28891 0.60337
455.05000 -74.29129 0.60430
455.10000 -74.29166 0.60402
455.15000 -74.29117 0.60871
455.20000 -74.29561 0.60853
455.25000 -74.29306 0.61111
455.30000 -74.29606 0.61145
455.35000 -74.29696 0.61172
455.40000 -74.29927 0.60824
455.45000 -74.29754 0.61044
455.50000 -74.29992 0.60979
455.55000 -74.30033 0.60720
455.60000 -74.30297 0.60795
455.65000 -74.30001 0.60820
455.70000 -74.30136 0.60580
455.75000 -74.30231 0.60528
455.80000 -74.30136 0.60764
455.85000 -74.30033 0.60701
455.90000 -74.30177 0.60882
455.95000 -74.29996 0.60818
456.00000 -74.29877 0.60939
456.05000 -74.30124 0.61084
456.10000 -74.30177 0.60873
456.15000 -74.30531 0.60745
456.20000 -74.30728 0.60599
456.25000 -74.31090 0.60477
456.30000 -74.31234 0.60107
456.35000 -74.31826 0.59723
456.40000 -74.32397 0.58912
456.45000 -74.32800 0.58634
456.50000 -74.32911 0.58230
456.55000 -74.33244 0.58073
456.60000 -74.33536 0.58074
456.65000 -74.33544 0.57849
456.70000 -74.33827 0.57400
456.75000 -74.34173 0.57552
456.80000 -74.33848 0.57156
456.85000 -74.33963 0.57178
456.90000 -74.33679 0.56994
456.95000 -74.33511 0.56936
457.00000 -74.33285 0.57230
457.05000 -74.33067 0.57559
457.10000 -74.32500 0.57930
457.15000 -74.32726 0.58235
457.20000 -74.32615 0.58542
457.25000 -74.32171 0.58476
457.30000 -74.32298 0.58988
457.35000 -74.31571 0.59392
457.40000 -74.31205 0.59723
457.45000 -74.31164 0.59744
457.50000 -74.30572 0.60330
457.55000 -74.30235 0.60825
457.60000 -74.29869 0.61185
457.65000 -74.29355 0.61690
457.70000 -74.29631 0.61815
457.75000 -74.29343 0.62028
457.80000 -74.28969 0.62788
457.85000 -74.28615 0.63334
457.90000 -74.28213 0.63014
457.95000 -74.28541 0.63134
458.00000 -74.28648 0.63024
458.05000 -74.28537 0.62863
458.10000 -74.28767 0.62334
458.15000 -74.28973 0.61884
458.20000 -74.28932 0.61454
458.25000 -74.29351 0.60915
458.30000 -74.29187 0.60543
458.35000 -74.29335 0.60373
458.40000 -74.29692 0.59689
458.45000 -74.29672 0.59333
458.50000 -74.29590 0.59282
458.55000 -74.29433 0.59517
458.60000 -74.29351 0.59501
458.65000 -74.29405 0.59763
458.70000 -74.29959 0.59455
458.75000 -74.29939 0.59224
458.80000 -74.29491 0.59258
458.85000 -74.30157 0.58821
458.90000 -74.30284 0.58274
458.95000 -74.30317 0.57946
459.00000 -74.30112 0.57829
459.05000 -74.29976 0.57967
459.10000 -74.30029 0.57997
459.15000 -74.30103 0.58075
459.20000 -74.30153 0.57945
459.25000 -74.30235 0.57723
459.30000 -74.30436 0.57564
459.35000 -74.30301 0.57805
459.40000 -74.30210 0.57975
459.45000 -74.30391 0.57998
459.50000 -74.30210 0.57779
459.55000 -74.30666 0.57845
459.60000 -74.30605 0.57930
459.65000 -74.31078 0.57620
459.70000 -74.31365 0.57914
459.75000 -74.31332 0.57207
459.80000 -74.31283 0.57059
459.85000 -74.31583 0.56947
459.90000 -74.31772 0.56447
459.95000 -74.31682 0.56444
460.00000 -74.31711 0.56595
460.05000 -74.31653 0.56392
460.10000 -74.31945 0.56340
460.15000 -74.32043 0.56346
460.20000 -74.32389 0.56238
460.25000 -74.32434 0.56455
460.30000 -74.32705 0.56646
460.35000 -74.32866 0.56182
460.40000 -74.32578 0.56481
460.45000 -74.32705 0.56290
460.50000 -74.32541 0.55923
460.55000 -74.32948 0.55928
460.60000 -74.33116 0.55263
460.65000 -74.33120 0.55415
460.70000 -74.33601 0.55303
460.75000 -74.33375 0.55056
460.80000 -74.33725 0.54574
460.85000 -74.33692 0.54822
460.90000 -74.33893 0.54921
460.95000 -74.34090 0.54544
461.00000 -74.34173 0.54308
461.05000 -74.34395 0.54383
461.10000 -74.34378 0.54906
461.15000 -74.34082 0.55086
461.20000 -74.34230 0.55212
461.25000 -74.34465 0.55221
461.30000 -74.34678 0.55057
461.35000 -74.34337 0.55228
461.40000 -74.34407 0.55044
461.45000 -74.34115 0.55500
461.50000 -74.33671 0.55590
461.55000 -74.33437 0.55521
461.60000 -74.33503 0.55506
461.65000 -74.33359 0.55850
461.70000 -74.33231 0.55962
461.75000 -74.33511 0.55707
461.80000 -74.33503 0.55494
461.85000 -74.33264 0.55099
461.90000 -74.33219 0.55042
461.95000 -74.33199 0.55096
462.00000 -74.33408 0.54717
462.05000 -74.33026 0.54619
462.10000 -74.32911 0.54902
462.15000 -74.32829 0.54967
462.20000 -74.32792 0.55349
462.25000 -74.32709 0.55692
462.30000 -74.32323 0.55779
462.35000 -74.32204 0.56229
462.40000 -74.31632 0.56451
462.45000 -74.31357 0.56815
462.50000 -74.31238 0.57115
462.55000 -74.31082 0.56981
462.60000 -74.30971 0.57117
462.65000 -74.31197 0.57319
462.70000 -74.31739 0.57285
462.75000 -74.31078 0.56968
462.80000 -74.31110 0.56931
462.85000 -74.31032 0.56422
462.90000 -74.31267 0.55590
462.95000 -74.31332 0.55878
463.00000 -74.31480 0.55921
463.05000 -74.31674 0.55493
463.10000 -74.31530 0.55641
463.15000 -74.31484 0.55633
463.20000 -74.31493 0.55434
463.25000 -74.31267 0.56099
463.30000 -74.31061 0.55943
463.35000 -74.31143 0.56090
463.40000 -74.31431 0.56413
463.45000 -74.31168 0.56153
463.50000 -74.31472 0.56298
463.55000 -74.31324 0.56309
463.60000 -74.31230 0.56125
463.65000 -74.31505 0.55864
463.70000 -74.31752 0.55334
463.75000 -74.31669 0.55085
463.80000 -74.31817 0.54715
463.85000 -74.32048 0.54442
463.90000 -74.31517 0.54132
463.95000 -74.31328 0.54244
464.00000 -74.31320 0.54566
464.05000 -74.30930 0.54597
464.10000 -74.31115 0.54909
464.15000 -74.31106 0.54947
464.20000 -74.30440 0.54677
464.25000 -74.30740 0.54501
464.30000 -74.30983 0.54142
464.35000 -74.30999 0.53333
464.40000 -74.31102 0.53047
464.45000 -74.30987 0.53286
464.50000 -74.31090 0.53060
464.55000 -74.30880 0.53060
464.60000 -74.30753 0.53198
464.65000 -74.30486 0.53188
464.70000 -74.30149 0.53388
464.75000 -74.29746 0.53359
464.80000 -74.29799 0.53510
464.85000 -74.29277 0.53819
464.90000 -74.29261 0.53922
464.95000 -74.29158 0.54557
465.00000 -74.29121 0.54700
465.05000 -74.29240 0.54786
465.10000 -74.29273 0.55593
465.15000 -74.29384 0.55938
465.20000 -74.29425 0.56368
465.25000 -74.29150 0.56861
465.30000 -74.28858 0.57204
465.35000 -74.28809 0.57855
465.40000 -74.29359 0.57742
465.45000 -74.29281 0.58028
465.50000 -74.28780 0.58284
465.55000 -74.28998 0.58485
465.60000 -74.29096 0.58386
465.65000 -74.29417 0.58140
465.70000 -74.29368 0.57947
465.75000 -74.29100 0.58039
465.80000 -74.29183 0.57861
465.85000 -74.29043 0.58192
465.90000 -74.29388 0.57954
465.95000 -74.29158 0.57924
466.00000 -74.28546 0.57867
466.05000 -74.28393 0.57828
466.10000 -74.27999 0.58088
466.15000 -74.28155 0.58095
466.20000 -74.28015 0.58094
466.25000 -74.27896 0.58532
466.30000 -74.27456 0.58803
466.35000 -74.27621 0.58698
466.40000 -74.27460 0.59118
466.45000 -74.27460 0.59418
466.50000 -74.27251 0.59369
466.55000 -74.26955 0.59475
466.60000 -74.27029 0.59542
466.65000 -74.27103 0.59524
466.70000 -74.27132 0.59243
466.75000 -74.26844 0.59414
466.80000 -74.26905 0.59141
466.85000 -74.26642 0.58832
466.90000 -74.27021 0.58383
466.95000 -74.27497 0.58378
467.00000 -74.27419 0.57840
467.05000 -74.27510 0.57171
467.10000 -74.27518 0.57095
467.15000 -74.27917 0.56733
467.20000 -74.28159 0.56327
467.25000 -74.28151 0.56125
467.30000 -74.28398 0.56125
467.35000 -74.28451 0.55819
467.40000 -74.28624 0.55645
467.45000 -74.28813 0.55466
467.50000 -74.28887 0.55438
467.55000 -74.28574 0.55703
467.60000 -74.28204 0.56015
467.65000 -74.28184 0.56433
467.70000 -74.28525 0.56475
467.75000 -74.28747 0.56256
467.80000 -74.28907 0.55990
467.85000 -74.28804 0.56279
467.90000 -74.28599 0.56625
467.95000 -74.28644 0.56437
468.00000 -74.28541 0.56386
468.05000 -74.28566 0.56672
468.10000 -74.28488 0.57054
468.15000 -74.28139 0.57322
468.20000 -74.28019 0.58178
468.25000 -74.27884 0.58545
468.30000 -74.27880 0.58848
468.35000 -74.28196 0.59279
468.40000 -74.28130 0.59895
468.45000 -74.28418 0.59978
468.50000 -74.28628 0.59767
468.55000 -74.28874 0.60402
468.60000 -74.28961 0.60162
468.65000 -74.29211 0.59523
468.70000 -74.29598 0.59515
468.75000 -74.30009 0.58895
468.80000 -74.30371 0.58780
468.85000 -74.30580 0.58246
468.90000 -74.30901 0.57886
468.95000 -74.31258 0.57338
469.00000 -74.31373 0.57094
469.05000 -74.31612 0.56899
469.10000 -74.31793 0.56813
469.15000 -74.31715 0.56385
469.20000 -74.31998 0.56127
469.25000 -74.32228 0.55481
469.30000 -74.31826 0.55564
469.35000 -74.32006 0.55716
469.40000 -74.32327 0.55412
469.45000 -74.32208 0.55301
469.50000 -74.32142 0.54918
469.55000 -74.32307 0.55072
469.60000 -74.32220 0.55066
469.65000 -74.32270 0.54795
469.70000 -74.32344 0.54380
469.75000 -74.32278 0.54424
469.80000 -74.32397 0.54541
469.85000 -74.32323 0.54107
469.90000 -74.32212 0.53936
469.95000 -74.32459 0.53947
470.00000 -74.32331 0.53957
470.05000 -74.32150 0.53868
470.10000 -74.31772 0.54067
470.15000 -74.31612 0.54096
470.20000 -74.31661 0.54301
470.25000 -74.31160 0.54563
470.30000 -74.31365 0.54554
470.35000 -74.31316 0.54607
470.40000 -74.31526 0.54780
470.45000 -74.31439 0.54937
470.50000 -74.31295 0.54870
470.55000 -74.31226 0.55329
470.60000 -74.30210 0.55210
470.65000 -74.30358 0.55374
470.70000 -74.30321 0.55927
470.75000 -74.30095 0.55906
470.80000 -74.30181 0.55901
470.85000 -74.29709 0.56161
470.90000 -74.29742 0.56083
470.95000 -74.29766 0.56045
471.00000 -74.30091 0.56188
471.05000 -74.29705 0.56284
471.10000 -74.29462 0.56672
471.15000 -74.29179 0.57072
471.20000 -74.29109 0.57582
471.25000 -74.28944 0.57869
471.30000 -74.28780 0.58098
471.35000 -74.29010 0.58597
471.40000 -74.28632 0.58508
471.45000 -74.28763 0.58285
471.50000 -74.28903 0.58151
471.55000 -74.29409 0.57762
471.60000 -74.29585 0.57967
471.65000 -74.29553 0.57893
471.70000 -74.29306 0.57695
471.75000 -74.29331 0.57670
471.80000 -74.29289 0.57565
471.85000 -74.29257 0.57528
471.90000 -74.29298 0.57870
471.95000 -74.29117 0.57687
472.00000 -74.28837 0.58123
472.05000 -74.29010 0.57834
472.10000 -74.29228 0.57855
472.15000 -74.29285 0.57645
472.20000 -74.29281 0.57551
472.25000 -74.29409 0.57486
472.30000 -74.29433 0.57317
472.35000 -74.29195 0.57185
472.40000 -74.29195 0.57448
472.45000 -74.29289 0.56996
472.50000 -74.29520 0.57249
472.55000 -74.29816 0.56668
472.60000 -74.29729 0.56417
472.65000 -74.30214 0.56393
472.70000 -74.29935 0.55975
472.75000 -74.30214 0.55857
472.80000 -74.30264 0.55562
472.85000 -74.30186 0.55339
472.90000 -74.30490 0.55316
472.95000 -74.31004 0.55626
473.00000 -74.30839 0.55232
473.05000 -74.30860 0.55590
473.10000 -74.30609 0.55640
473.15000 -74.30613 0.55886
473.20000 -74.30079 0.56108
473.25000 -74.30075 0.56638
473.30000 -74.29992 0.57135
473.35000 -74.30247 0.57661
473.40000 -74.30346 0.57727
473.45000 -74.30132 0.57681
473.50000 -74.30469 0.58106
473.55000 -74.30650 0.58050
473.60000 -74.30782 0.57823
473.65000 -74.30860 0.57753
473.70000 -74.31119 0.57685
473.75000 -74.31217 0.57659
473.80000 -74.31250 0.57422
473.85000 -74.31497 0.57103
473.90000 -74.31172 0.56850
473.95000 -74.30753 0.56609
474.00000 -74.30761 0.56971
474.05000 -74.30995 0.56740
474.10000 -74.31493 0.56427
474.15000 -74.31131 0.56279
474.20000 -74.30954 0.55684
474.25000 -74.31156 0.55767
474.30000 -74.31279 0.55654
474.35000 -74.31184 0.55677
474.40000 -74.31172 0.55579
474.45000 -74.31226 0.54923
474.50000 -74.31419 0.55049
474.55000 -74.31336 0.55109
474.60000 -74.31517 0.55263
474.65000 -74.31530 0.55109
474.70000 -74.31550 0.55109
474.75000 -74.31369 0.54857
474.80000 -74.31649 0.54806
474.85000 -74.31822 0.54839
474.90000 -74.32167 0.54850
474.95000 -74.32270 0.54702
475.00000 -74.32179 0.54594
475.05000 -74.32307 0.54527
475.10000 -74.32224 0.54440
475.15000 -74.32553 0.54410
475.20000 -74.32775 0.54307
475.25000 -74.32672 0.54228
475.30000 -74.32718 0.54026
475.35000 -74.32681 0.53998
475.40000 -74.33059 0.54044
475.45000 -74.32882 0.54025
475.50000 -74.32504 0.54014
475.55000 -74.32672 0.53997
475.60000 -74.32360 0.54505
475.65000 -74.32418 0.54819
475.70000 -74.32492 0.54844
475.75000 -74.32911 0.54872
475.80000 -74.32455 0.54776
475.85000 -74.32265 0.54785
475.90000 -74.32216 0.54629
475.95000 -74.32681 0.54501
476.00000 -74.32163 0.54752
476.05000 -74.32323 0.55503
476.10000 -74.32335 0.55442
476.15000 -74.32043 0.55633
476.20000 -74.32216 0.56187
476.25000 -74.31863 0.56558
476.30000 -74.31756 0.56855
476.35000 -74.32101 0.57035
476.40000 -74.32011 0.57330
476.45000 -74.32031 0.57824
476.50000 -74.32048 0.58085
476.55000 -74.32265 0.57867
476.60000 -74.31994 0.58108
476.65000 -74.31702 0.57985
476.70000 -74.32052 0.58035
476.75000 -74.32183 0.57777
476.80000 -74.32278 0.57901
476.85000 -74.31928 0.58829
476.90000 -74.32023 0.58857
476.95000 -74.31920 0.59162
477.00000 -74.31990 0.58690
477.05000 -74.32294 0.59073
477.10000 -74.32101 0.58790
477.15000 -74.31838 0.58533
477.20000 -74.31628 0.58302
477.25000 -74.31612 0.58166
477.30000 -74.31230 0.58183
477.35000 -74.30930 0.57910
477.40000 -74.31123 0.57917
477.45000 -74.31193 0.58105
477.50000 -74.31295 0.57746
477.55000 -74.31308 0.57686
477.60000 -74.31369 0.57463
477.65000 -74.31365 0.57568
477.70000 -74.31534 0.57437
477.75000 -74.31690 0.57579
477.80000 -74.31822 0.57703
477.85000 -74.31867 0.57285
477.90000 -74.32228 0.57153
477.95000 -74.32208 0.56795
478.00000 -74.32726 0.56053
478.05000 -74.32557 0.55817
478.10000 -74.32294 0.55915
478.15000 -74.32105 0.55945
478.20000 -74.31863 0.55306
478.25000 -74.32122 0.55476
478.30000 -74.31879 0.55476
478.35000 -74.31567 0.55614
478.40000 -74.31558 0.55728
478.45000 -74.31698 0.55877
478.50000 -74.31682 0.55983
478.55000 -74.31698 0.55803
478.60000 -74.31706 0.56137
478.65000 -74.31587 0.55945
478.70000 -74.31546 0.56130
478.75000 -74.31378 0.55654
478.80000 -74.31386 0.55666
478.85000 -74.31213 0.55176
478.90000 -74.31258 0.54999
478.95000 -74.30860 0.54943
479.00000 -74.30917 0.55244
479.05000 -74.30366 0.55219
479.10000 -74.30375 0.55245
479.15000 -74.30157 0.55309
479.20000 -74.30383 0.55669
479.25000 -74.30227 0.55860
479.30000 -74.30564 0.55605
479.35000 -74.30876 0.55780
479.40000 -74.30740 0.55706
479.45000 -74.31110 0.55718
479.50000 -74.30843 0.55329
479.55000 -74.30967 0.55182
479.60000 -74.31205 0.55323
479.65000 -74.31131 0.55209
479.70000 -74.31036 0.55629
479.75000 -74.30724 0.55636
479.80000 -74.30938 0.55457
479.85000 -74.30761 0.55564
479.90000 -74.30284 0.55683
479.95000 -74.30342 0.56398
480.00000 -74.30144 0.56470
480.05000 -74.30218 0.56515
480.10000 -74.30181 0.56421
480.15000 -74.29733 0.56929
480.20000 -74.29836 0.56764
480.25000 -74.29844 0.57009
480.30000 -74.29713 0.57046
480.35000 -74.29964 0.56850
480.40000 -74.29532 0.56718
480.45000 -74.29680 0.56469
480.50000 -74.29894 0.56266
480.55000 -74.29668 0.56342
480.60000 -74.29894 0.56021
480.65000 -74.30161 0.55232
480.70000 -74.30210 0.55128
480.75000 -74.30087 0.54969
480.80000 -74.29955 0.54775
480.85000 -74.29746 0.54642
480.90000 -74.29746 0.54627
480.95000 -74.29742 0.54793
481.00000 -74.30017 0.54603
481.05000 -74.29976 0.54697
481.10000 -74.29890 0.54669
481.15000 -74.30342 0.54011
481.20000 -74.30029 0.53974
481.25000 -74.30107 0.54406
481.30000 -74.30223 0.54130
481.35000 -74.30297 0.54013
481.40000 -74.30132 0.53736
481.45000 -74.29684 0.53644
481.50000 -74.29906 0.53846
481.55000 -74.29775 0.53949
481.60000 -74.29803 0.53803
481.65000 -74.29565 0.53979
481.70000 -74.29598 0.54180
481.75000 -74.29511 0.54312
481.80000 -74.29684 0.54431
481.85000 -74.29643 0.54720
481.90000 -74.29363 0.54578
481.95000 -74.29339 0.54423
482.00000 -74.29137 0.54733
482.05000 -74.29092 0.54786
482.10000 -74.29146 0.55165
482.15000 -74.29133 0.55662
482.20000 -74.28665 0.56523
482.25000 -74.28521 0.57235
482.30000 -74.28439 0.57616
482.35000 -74.28130 0.57966
482.40000 -74.28217 0.58629
482.45000 -74.28274 0.58685
482.50000 -74.28278 0.58842
482.55000 -74.28393 0.58789
482.60000 -74.28365 0.58404
482.65000 -74.28435 0.58302
482.70000 -74.28809 0.58369
482.75000 -74.28776 0.57667
482.80000 -74.28669 0.57773
482.85000 -74.28669 0.57847
482.90000 -74.28759 0.57585
482.95000 -74.28780 0.57333
483.00000 -74.28698 0.57442
483.05000 -74.29035 0.57086
483.10000 -74.28833 0.56641
483.15000 -74.28698 0.56912
483.20000 -74.28751 0.56707
483.25000 -74.28977 0.56955
483.30000 -74.28611 0.56709
483.35000 -74.28599 0.56636
483.40000 -74.28632 0.56491
483.45000 -74.28615 0.56294
483.50000 -74.28361 0.56505
483.55000 -74.28430 0.56389
483.60000 -74.28422 0.56181
483.65000 -74.28500 0.55984
483.70000 -74.28081 0.56196
483.75000 -74.28019 0.56506
483.80000 -74.28229 0.56392
483.85000 -74.28558 0.56628
483.90000 -74.28241 0.56705
483.95000 -74.28484 0.56172
484.00000 -74.28163 0.56028
484.05000 -74.28307 0.55934
484.10000 -74.28583 0.55980
484.15000 -74.28533 0.56115
484.20000 -74.28796 0.56160
484.25000 -74.28883 0.55971
484.30000 -74.28747 0.55865
484.35000 -74.28693 0.56080
484.40000 -74.28480 0.56279
484.45000 -74.28348 0.56529
484.50000 -74.27962 0.56711
484.55000 -74.27896 0.57021
484.60000 -74.27649 0.57657
484.65000 -74.27353 0.57693
484.70000 -74.27333 0.57946
484.75000 -74.27238 0.58009
484.80000 -74.27058 0.57697
484.85000 -74.26934 0.57655
484.90000 -74.27341 0.57180
484.95000 -74.27423 0.57363
485.00000 -74.27263 0.57048
485.05000 -74.27016 0.57380
485.10000 -74.27378 0.57247
485.15000 -74.27390 0.57170
485.20000 -74.27703 0.57194
485.25000 -74.27670 0.57323
485.30000 -74.27522 0.57471
485.35000 -74.27834 0.57554
485.40000 -74.27654 0.57536
485.45000 -74.27625 0.57552
485.50000 -74.27797 0.57915
485.55000 -74.27810 0.57630
485.60000 -74.27843 0.57518
485.65000 -74.28044 0.57349
485.70000 -74.28044 0.57275
485.75000 -74.28081 0.57185
485.80000 -74.28558 0.56767
485.85000 -74.28521 0.56498
485.90000 -74.28443 0.56424
485.95000 -74.28447 0.56325
486.00000 -74.28587 0.56125
486.05000 -74.28566 0.55524
486.10000 -74.28537 0.55343
486.15000 -74.28459 0.55821
486.20000 -74.28299 0.55863
486.25000 -74.28287 0.55862
486.30000 -74.28878 0.56446
486.35000 -74.28973 0.56451
486.40000 -74.29183 0.56514
486.45000 -74.29647 0.56153
486.50000 -74.29647 0.56177
486.55000 -74.30001 0.56168
486.60000 -74.29865 0.56013
486.65000 -74.29676 0.55895
486.70000 -74.30128 0.55951
486.75000 -74.30428 0.55534
486.80000 -74.30482 0.55691
486.85000 -74.30708 0.55501
486.90000 -74.30313 0.56007
486.95000 -74.30149 0.55890
487.00000 -74.30597 0.55581
487.05000 -74.30847 0.55306
487.10000 -74.30888 0.54965
487.15000 -74.31213 0.55072
487.20000 -74.31332 0.55129
487.25000 -74.31382 0.54703
487.30000 -74.31283 0.54831
487.35000 -74.31361 0.54711
487.40000 -74.31789 0.54994
487.45000 -74.32043 0.54822
487.50000 -74.32109 0.54576
487.55000 -74.32701 0.54695
487.60000 -74.32997 0.54602
487.65000 -74.32792 0.54525
487.70000 -74.32845 0.54345
487.75000 -74.32681 0.54464
487.80000 -74.32792 0.54762
487.85000 -74.32450 0.54646
487.90000 -74.32738 0.54776
487.95000 -74.32430 0.54710
488.00000 -74.32154 0.54433
488.05000 -74.32294 0.54536
488.10000 -74.32175 0.54694
488.15000 -74.31982 0.54680
488.20000 -74.32011 0.55040
488.25000 -74.31908 0.55122
488.30000 -74.31776 0.55600
488.35000 -74.32019 0.55765
488.40000 -74.31842 0.56132
488.45000 -74.31830 0.56356
488.50000 -74.31542 0.56985
488.55000 -74.31139 0.57229
488.60000 -74.30901 0.57555
488.65000 -74.31180 0.57649
488.70000 -74.31427 0.57325
488.75000 -74.31365 0.57445
488.80000 -74.31143 0.57094
488.85000 -74.31373 0.56690
488.90000 -74.31197 0.56920
488.95000 -74.31398 0.56755
489.00000 -74.31275 0.56705
489.05000 -74.30921 0.56999
489.10000 -74.30851 0.56469
489.15000 -74.30950 0.56477
489.20000 -74.30999 0.56533
489.25000 -74.30860 0.57310
489.30000 -74.30605 0.57428
489.35000 -74.30646 0.57132
489.40000 -74.30864 0.57131
489.45000 -74.30798 0.57526
489.50000 -74.30962 0.57700
489.55000 -74.31394 0.57522
489.60000 -74.30913 0.57319
489.65000 -74.31106 0.56897
489.70000 -74.30745 0.56824
489.75000 -74.30954 0.56591
489.80000 -74.30757 0.56854
489.85000 -74.30823 0.57083
489.90000 -74.30601 0.57018
489.95000 -74.30284 0.57149
490.00000 -74.30313 0.56581
490.05000 -74.30453 0.56860
490.10000 -74.30412 0.57086
490.15000 -74.29992 0.57222
490.20000 -74.30001 0.57362
490.25000 -74.30153 0.57963
490.30000 -74.29964 0.57846
490.35000 -74.29639 0.58143
490.40000 -74.29684 0.58024
490.45000 -74.29713 0.58082
490.50000 -74.29791 0.58125
490.55000 -74.29507 0.58364
490.60000 -74.29450 0.58920
490.65000 -74.29183 0.58786
490.70000 -74.29203 0.58828
490.75000 -74.29548 0.58666
490.80000 -74.29717 0.58578
490.85000 -74.30116 0.58439
490.90000 -74.29992 0.58087
490.95000 -74.29976 0.57759
491.00000 -74.29709 0.57193
491.05000 -74.30112 0.56909
491.10000 -74.30149 0.57031
491.15000 -74.29770 0.56700
491.20000 -74.29725 0.56661
491.25000 -74.29733 0.57308
491.30000 -74.29561 0.57233
491.35000 -74.29314 0.57638
491.40000 -74.29232 0.57733
491.45000 -74.29273 0.57507
491.50000 -74.29137 0.57513
491.55000 -74.29068 0.57367
491.60000 -74.28977 0.57465
491.65000 -74.28767 0.57338
491.70000 -74.28463 0.57508
491.75000 -74.28274 0.58011
491.80000 -74.27604 0.58389
491.85000 -74.27033 0.58913
491.90000 -74.27086 0.59308
491.95000 -74.26536 0.59638
492.00000 -74.26326 0.60038
492.05000 -74.25841 0.60307
492.10000 -74.26182 0.60649
492.15000 -74.26104 0.60985
492.20000 -74.25898 0.60829
492.25000 -74.25878 0.60821
492.30000 -74.25541 0.60511
492.35000 -74.25631 0.60596
492.40000 -74.25849 0.60360
492.45000 -74.25808 0.60243
492.50000 -74.25771 0.60684
492.55000 -74.26038 0.60578
492.60000 -74.26420 0.60745
492.65000 -74.26174 0.60745
492.70000 -74.25960 0.60933
492.75000 -74.25890 0.61058
492.80000 -74.25644 0.61370
492.85000 -74.25454 0.61396
492.90000 -74.25364 0.61786
492.95000 -74.25319 0.62280
493.00000 -74.24949 0.62502
493.05000 -74.24883 0.62651
493.10000 -74.25146 0.62747
493.15000 -74.25352 0.62637
493.20000 -74.25364 0.62342
493.25000 -74.25779 0.62092
493.30000 -74.26042 0.61569
493.35000 -74.26474 0.61009
493.40000 -74.26729 0.60784
493.45000 -74.26573 0.60224
493.50000 -74.27218 0.59997
493.55000 -74.27666 0.59759
493.60000 -74.27855 0.59012
493.65000 -74.28118 0.58977
493.70000 -74.28583 0.58376
493.75000 -74.28188 0.58669
493.80000 -74.28418 0.58547
493.85000 -74.28669 0.58472
493.90000 -74.28858 0.58407
493.95000 -74.29133 0.58258
494.00000 -74.29137 0.58273
494.05000 -74.29540 0.57821
494.10000 -74.29413 0.57305
494.15000 -74.29528 0.57329
494.20000 -74.29824 0.57155
494.25000 -74.29964 0.56875
494.30000 -74.29803 0.56661
494.35000 -74.30165 0.56296
494.40000 -74.29906 0.55722
494.45000 -74.30169 0.55773
494.50000 -74.29980 0.55402
494.55000 -74.30329 0.55128
494.60000 -74.30629 0.55130
494.65000 -74.30708 0.54947
494.70000 -74.30601 0.54721
494.75000 -74.30662 0.54349
494.80000 -74.30671 0.54426
494.85000 -74.30757 0.54055
494.90000 -74.30691 0.54293
494.95000 -74.30897 0.54729
495.00000 -74.30995 0.54590
495.05000 -74.31336 0.54315
495.10000 -74.31974 0.54274
495.15000 -74.31961 0.53858
495.20000 -74.32278 0.53624
495.25000 -74.32681 0.53348
495.30000 -74.32492 0.53194
495.35000 -74.32668 0.53358
495.40000 -74.32364 0.53487
495.45000 -74.32422 0.53494
495.50000 -74.32126 0.54085
495.55000 -74.31711 0.54372
495.60000 -74.31476 0.54420
495.65000 -74.31415 0.55157
495.70000 -74.31365 0.55199
495.75000 -74.31739 0.55114
495.80000 -74.31583 0.54816
495.85000 -74.31213 0.55024
495.90000 -74.31394 0.54896
495.95000 -74.31550 0.54953
496.00000 -74.31530 0.54981
496.05000 -74.31406 0.54763
496.10000 -74.31291 0.54733
496.15000 -74.31098 0.55181
496.20000 -74.30872 0.55044
496.25000 -74.30913 0.54859
496.30000 -74.31119 0.55199
496.35000 -74.30999 0.55174
496.40000 -74.30687 0.54859
496.45000 -74.30629 0.55017
496.50000 -74.30658 0.55046
496.55000 -74.30445 0.55412
496.60000 -74.30745 0.55577
496.65000 -74.30613 0.55963
496.70000 -74.30621 0.55736
496.75000 -74.30593 0.55777
496.80000 -74.30699 0.56017
496.85000 -74.30827 0.55956
496.90000 -74.30531 0.56376
496.95000 -74.30502 0.56523
497.00000 -74.30412 0.56533
497.05000 -74.30366 0.56958
497.10000 -74.30136 0.56928
497.15000 -74.30017 0.56737
497.20000 -74.30305 0.57094
497.25000 -74.30473 0.56842
497.30000 -74.30420 0.56703
497.35000 -74.30202 0.57129
497.40000 -74.30391 0.56808
497.45000 -74.30601 0.56953
497.50000 -74.30839 0.56863
497.55000 -74.30823 0.56216
497.60000 -74.30888 0.56531
497.65000 -74.30671 0.56752
497.70000 -74.30671 0.56493
497.75000 -74.30687 0.56504
497.80000 -74.30556 0.56577
497.85000 -74.30358 0.57010
497.90000 -74.30107 0.57061
497.95000 -74.29750 0.57124
498.00000 -74.29647 0.57213
498.05000 -74.29109 0.57590
498.10000 -74.29232 0.57480
498.15000 -74.28899 0.58108
498.20000 -74.28480 0.58817
498.25000 -74.28661 0.59231
498.30000 -74.28060 0.59194
498.35000 -74.27781 0.59272
498.40000 -74.27884 0.59550
498.45000 -74.27584 0.59309
498.50000 -74.27621 0.59601
498.55000 -74.27563 0.59278
498.60000 -74.27617 0.59206
498.65000 -74.27703 0.59070
498.70000 -74.27719 0.58532
498.75000 -74.27736 0.58629
498.80000 -74.27629 0.58542
498.85000 -74.27649 0.58136
498.90000 -74.27304 0.58006
498.95000 -74.27514 0.58326
499.00000 -74.27625 0.58498
499.05000 -74.27802 0.58395
499.10000 -74.28163 0.58462
499.15000 -74.28307 0.58137
499.20000 -74.28435 0.57849
499.25000 -74.28208 0.57830
499.30000 -74.28361 0.57590
499.35000 -74.28788 0.57690
499.40000 -74.28369 0.57497
499.45000 -74.28874 0.57186
499.50000 -74.28685 0.57316
499.55000 -74.28936 0.56999
499.60000 -74.28878 0.56981
499.65000 -74.29142 0.56393
499.70000 -74.29331 0.56691
499.75000 -74.29339 0.56565
499.80000 -74.29133 0.56670
499.85000 -74.29179 0.56320
499.90000 -74.29363 0.56500
499.95000 -74.29433 0.56191
500.00000 -74.29758 0.56607
500.05000 -74.29725 0.56090
500.10000 -74.29902 0.56027
500.15000 -74.30079 0.55715
500.20000 -74.30428 0.55367
500.25000 -74.30403 0.55578
500.30000 -74.30777 0.55320
500.35000 -74.31193 0.54782
500.40000 -74.31156 0.54700
500.45000 -74.31057 0.54355
500.50000 -74.31299 0.54583
500.55000 -74.31082 0.54424
500.60000 -74.31098 0.54456
500.65000 -74.31312 0.54896
500.70000 -74.30769 0.55429
500.75000 -74.30149 0.56045
500.80000 -74.29890 0.57183
500.85000 -74.29729 0.57850
500.90000 -74.28994 0.58483
500.95000 -74.28755 0.59340
501.00000 -74.28336 0.59550
501.05000 -74.28476 0.59955
501.10000 -74.28447 0.60452
501.15000 -74.28332 0.60119
501.20000 -74.27925 0.60163
501.25000 -74.27863 0.60082
501.30000 -74.28114 0.59978
501.35000 -74.28176 0.59693
501.40000 -74.28287 0.59349
501.45000 -74.28208 0.58976
501.50000 -74.28406 0.58457
501.55000 -74.28883 0.58409
501.60000 -74.28899 0.57745
501.65000 -74.29146 0.57281
501.70000 -74.29289 0.56861
501.75000 -74.28480 0.56858
501.80000 -74.28537 0.56936
501.85000 -74.28352 0.57140
501.90000 -74.28188 0.57422
501.95000 -74.28340 0.57947
502.00000 -74.27834 0.58458
502.05000 -74.27625 0.58397
502.10000 -74.27678 0.58621
502.15000 -74.27608 0.58712
502.20000 -74.27740 0.58522
502.25000 -74.27839 0.58282
502.30000 -74.27884 0.57953
502.35000 -74.28085 0.57393
502.40000 -74.27962 0.57026
502.45000 -74.28467 0.56723
502.50000 -74.28636 0.56395
502.55000 -74.29100 0.56110
502.60000 -74.28994 0.56231
502.65000 -74.29055 0.56260
502.70000 -74.29183 0.56302
502.75000 -74.29043 0.56386
502.80000 -74.29598 0.56262
502.85000 -74.29553 0.56216
502.90000 -74.29762 0.56269
502.95000 -74.29935 0.56449
503.00000 -74.30009 0.56455
503.05000 -74.29951 0.56417
503.10000 -74.30169 0.56540
503.15000 -74.29964 0.56754
503.20000 -74.30149 0.56519
503.25000 -74.30325 0.56506
503.30000 -74.30482 0.56004
503.35000 -74.30547 0.56129
503.40000 -74.30292 0.56059
503.45000 -74.30342 0.55644
503.50000 -74.30239 0.55276
503.55000 -74.29873 0.55300
503.60000 -74.29795 0.55645
503.65000 -74.29491 0.55536
503.70000 -74.29302 0.55907
503.75000 -74.29380 0.55977
503.80000 -74.29622 0.56732
503.85000 -74.29368 0.56996
503.90000 -74.29569 0.56744
503.95000 -74.29499 0.56719
504.00000 -74.29787 0.56805
504.05000 -74.29787 0.57081
504.10000 -74.29984 0.57451
504.15000 -74.30107 0.57458
504.20000 -74.30046 0.57276
504.25000 -74.30498 0.57254
504.30000 -74.30527 0.57214
504.35000 -74.30469 0.57277
504.40000 -74.30502 0.56771
504.45000 -74.30843 0.56445
504.50000 -74.30827 0.56475
504.55000 -74.30983 0.56234
504.60000 -74.31135 0.55899
504.65000 -74.31135 0.56015
504.70000 -74.31320 0.55824
504.75000 -74.31184 0.55582
504.80000 -74.31538 0.55760
504.85000 -74.31480 0.56205
504.90000 -74.31209 0.56255
504.95000 -74.31299 0.56222
505.00000 -74.31538 0.56360
505.05000 -74.31493 0.56542
505.10000 -74.31674 0.56675
505.15000 -74.31546 0.56467
505.20000 -74.31435 0.56685
505.25000 -74.31489 0.57040
505.30000 -74.31484 0.57087
505.35000 -74.31731 0.57028
505.40000 -74.31538 0.57281
505.45000 -74.31789 0.57121
505.50000 -74.31624 0.57209
505.55000 -74.31809 0.57040
505.60000 -74.32006 0.56702
505.65000 -74.31669 0.56669
505.70000 -74.31883 0.57051
505.75000 -74.31875 0.56694
505.80000 -74.32311 0.56379
505.85000 -74.31690 0.56586
505.90000 -74.31587 0.56346
505.95000 -74.31715 0.56863
506.00000 -74.31702 0.56936
506.05000 -74.31595 0.56633
506.10000 -74.31357 0.56559
506.15000 -74.31090 0.56506
506.20000 -74.30888 0.56415
506.25000 -74.30547 0.56388
506.30000 -74.30375 0.56936
506.35000 -74.30149 0.56501
506.40000 -74.30107 0.56262
506.45000 -74.29746 0.56631
506.50000 -74.29635 0.56467
506.55000 -74.29733 0.57010
506.60000 -74.29610 0.56612
506.65000 -74.29203 0.56824
506.70000 -74.29236 0.56878
506.75000 -74.29446 0.57033
506.80000 -74.29343 0.57350
506.85000 -74.29684 0.57679
506.90000 -74.29791 0.57435
506.95000 -74.29610 0.57787
507.00000 -74.29528 0.57860
507.05000 -74.29454 0.57499
507.10000 -74.29516 0.56952
507.15000 -74.29594 0.56843
507.20000 -74.29355 0.56928
507.25000 -74.29540 0.56927
507.30000 -74.29351 0.57096
507.35000 -74.29548 0.57209
507.40000 -74.29594 0.56895
507.45000 -74.29409 0.57123
507.50000 -74.29483 0.57366
507.55000 -74.30214 0.57164
507.60000 -74.29721 0.56990
507.65000 -74.29836 0.56812
507.70000 -74.30033 0.56815
507.75000 -74.29910 0.56261
507.80000 -74.30107 0.56648
507.85000 -74.30416 0.56723
507.90000 -74.30251 0.56564
507.95000 -74.30371 0.56660
508.00000 -74.30342 0.56875
508.05000 -74.30798 0.56866
508.10000 -74.30782 0.56769
508.15000 -74.31189 0.56800
508.20000 -74.31476 0.56279
508.25000 -74.31813 0.56230
508.30000 -74.32228 0.56046
508.35000 -74.32298 0.55797
508.40000 -74.32549 0.55642
508.45000 -74.32734 0.55670
508.50000 -74.33104 0.55283
508.55000 -74.32861 0.54971
508.60000 -74.33112 0.54667
508.65000 -74.33264 0.54521
508.70000 -74.33519 0.54325
508.75000 -74.34095 0.54019
508.80000 -74.33712 0.54392
508.85000 -74.33836 0.54463
508.90000 -74.33815 0.54514
508.95000 -74.33733 0.54516
509.00000 -74.33445 0.54693
509.05000 -74.33026 0.54776
509.10000 -74.33244 0.54894
509.15000 -74.32672 0.55186
509.20000 -74.32319 0.55455
509.25000 -74.31875 0.55865
509.30000 -74.31587 0.56293
509.35000 -74.31645 0.56457
509.40000 -74.31439 0.56646
509.45000 -74.31534 0.56550
509.50000 -74.31534 0.56626
509.55000 -74.31554 0.56350
509.60000 -74.31456 0.56329
509.65000 -74.31283 0.56259
509.70000 -74.31357 0.56288
509.75000 -74.31711 0.56452
509.80000 -74.31682 0.55767
509.85000 -74.32097 0.55488
509.90000 -74.31937 0.55594
509.95000 -74.32409 0.55146
510.00000 -74.32183 0.54903
510.05000 -74.32233 0.55222
510.10000 -74.32245 0.54903
510.15000 -74.32298 0.54811
510.20000 -74.32159 0.54941
510.25000 -74.32138 0.54978
510.30000 -74.32146 0.55250
510.35000 -74.32681 0.55404
510.40000 -74.32311 0.55970
510.45000 -74.32434 0.56545
510.50000 -74.32294 0.57091
510.55000 -74.32249 0.57094
510.60000 -74.32031 0.57169
510.65000 -74.32105 0.57433
510.70000 -74.32154 0.57042
510.75000 -74.32344 0.56706
510.80000 -74.32282 0.56577
510.85000 -74.32356 0.56525
510.90000 -74.32093 0.56642
510.95000 -74.31641 0.57094
511.00000 -74.31661 0.56974
511.05000 -74.31702 0.57116
511.10000 -74.31702 0.57322
511.15000 -74.31657 0.57597
511.20000 -74.31221 0.57620
511.25000 -74.30835 0.57578
511.30000 -74.30646 0.57621
511.35000 -74.30457 0.57982
511.40000 -74.30346 0.58080
511.45000 -74.29939 0.58521
511.50000 -74.29766 0.58733
511.55000 -74.29840 0.58590
511.60000 -74.30116 0.58649
511.65000 -74.29873 0.58831
511.70000 -74.29643 0.58839
511.75000 -74.29750 0.58596
511.80000 -74.29779 0.58988
511.85000 -74.29618 0.59103
511.90000 -74.29598 0.59086
511.95000 -74.29725 0.58956
512.00000 -74.29869 0.58967
512.05000 -74.29705 0.58752
512.10000 -74.29996 0.58672
512.15000 -74.30112 0.58679
512.20000 -74.30482 0.58336
512.25000 -74.30654 0.57671
512.30000 -74.30995 0.57559
512.35000 -74.31394 0.56641
512.40000 -74.31394 0.56722
512.45000 -74.31415 0.56586
512.50000 -74.31221 0.56487
512.55000 -74.31464 0.56622
512.60000 -74.30835 0.56948
512.65000 -74.30543 0.57161
512.70000 -74.30666 0.57429
512.75000 -74.30593 0.57577
512.80000 -74.30930 0.57730
512.85000 -74.30917 0.57799
512.90000 -74.30790 0.58260
512.95000 -74.30765 0.58372
513.00000 -74.31115 0.58149
513.05000 -74.30884 0.57745
513.10000 -74.31279 0.57577
513.15000 -74.31127 0.57592
513.20000 -74.31008 0.57846
513.25000 -74.30625 0.57532
513.30000 -74.30547 0.58082
513.35000 -74.30436 0.57937
513.40000 -74.30519 0.57639
513.45000 -74.30749 0.57927
513.50000 -74.30584 0.57834
513.55000 -74.30313 0.57778
513.60000 -74.30231 0.57312
513.65000 -74.30177 0.57374
513.70000 -74.30218 0.57384
513.75000 -74.29996 0.57594
513.80000 -74.30297 0.57745
513.85000 -74.30223 0.57677
513.90000 -74.30338 0.57564
513.95000 -74.30231 0.57643
514.00000 -74.30334 0.57736
514.05000 -74.30095 0.58024
514.10000 -74.30091 0.57818
514.15000 -74.30054 0.57943
514.20000 -74.30305 0.57848
514.25000 -74.30424 0.57703
514.30000 -74.30231 0.57475
514.35000 -74.30038 0.57217
514.40000 -74.30120 0.57299
514.45000 -74.29466 0.57109
514.50000 -74.29442 0.57458
514.55000 -74.29454 0.57552
514.60000 -74.29289 0.57704
514.65000 -74.28866 0.57846
514.70000 -74.28587 0.58136
514.75000 -74.28665 0.58371
514.80000 -74.28114 0.58116
514.85000 -74.28073 0.57975
514.90000 -74.28036 0.58167
514.95000 -74.28266 0.58444
515.00000 -74.28007 0.58393
515.05000 -74.28324 0.58659
515.10000 -74.28147 0.58671
515.15000 -74.27933 0.58750
515.20000 -74.28007 0.58253
515.25000 -74.28221 0.58317
515.30000 -74.28110 0.57987
515.35000 -74.28015 0.57953
515.40000 -74.27954 0.57641
515.45000 -74.28159 0.57584
515.50000 -74.28114 0.57733
515.55000 -74.28134 0.57916
515.60000 -74.27982 0.58041
515.65000 -74.28114 0.58185
515.70000 -74.28155 0.58657
515.75000 -74.28040 0.58613
515.80000 -74.27933 0.58848
515.85000 -74.28007 0.58842
515.90000 -74.28328 0.58817
515.95000 -74.27995 0.58897
516.00000 -74.27604 0.59202
516.05000 -74.27563 0.59161
516.10000 -74.27037 0.59318
516.15000 -74.27049 0.59452
516.20000 -74.26881 0.59684
516.25000 -74.26659 0.59367
516.30000 -74.26885 0.59456
516.35000 -74.26720 0.59405
516.40000 -74.26741 0.59582
516.45000 -74.26651 0.60092
516.50000 -74.26494 0.59646
516.55000 -74.26071 0.59921
516.60000 -74.26009 0.59885
516.65000 -74.25742 0.60103
516.70000 -74.25590 0.60505
516.75000 -74.25594 0.60843
516.80000 -74.25323 0.61182
516.85000 -74.25085 0.61599
516.90000 -74.25006 0.61902
516.95000 -74.25602 0.61445
517.00000 -74.25701 0.61784
517.05000 -74.25874 0.61724
517.10000 -74.26297 0.61381
517.15000 -74.26429 0.60845
517.20000 -74.26955 0.60576
517.25000 -74.27238 0.59902
517.30000 -74.27279 0.59556
517.35000 -74.27645 0.59202
517.40000 -74.28052 0.58829
517.45000 -74.28295 0.58659
517.50000 -74.28521 0.58225
517.55000 -74.28393 0.57732
517.60000 -74.28147 0.57628
517.65000 -74.28439 0.57320
517.70000 -74.28332 0.57309
517.75000 -74.28336 0.57405
517.80000 -74.28369 0.57332
517.85000 -74.28171 0.57015
517.90000 -74.28171 0.57202
517.95000 -74.28102 0.57363
518.00000 -74.28028 0.57617
518.05000 -74.27740 0.57542
518.10000 -74.27834 0.57581
518.15000 -74.27962 0.58173
518.20000 -74.28069 0.58187
518.25000 -74.28348 0.58108
518.30000 -74.28472 0.58332
518.35000 -74.28476 0.58517
518.40000 -74.28611 0.58817
518.45000 -74.28299 0.58737
518.50000 -74.28850 0.58482
518.55000 -74.28628 0.58440
518.60000 -74.28587 0.58594
518.65000 -74.28558 0.58693
518.70000 -74.28122 0.58870
518.75000 -74.28266 0.58772
518.80000 -74.28130 0.58663
518.85000 -74.28176 0.58563
518.90000 -74.28036 0.58689
518.95000 -74.28155 0.58596
519.00000 -74.27855 0.58194
519.05000 -74.27978 0.58313
519.10000 -74.28402 0.57990
519.15000 -74.28422 0.57536
519.20000 -74.28496 0.57516
519.25000 -74.28804 0.57620
519.30000 -74.28496 0.57547
519.35000 -74.28837 0.57069
519.40000 -74.28480 0.57339
519.45000 -74.28266 0.57735
519.50000 -74.28266 0.57572
519.55000 -74.28558 0.57650
519.60000 -74.28398 0.57828
519.65000 -74.28619 0.57756
519.70000 -74.29026 0.57700
519.75000 -74.28525 0.57930
519.80000 -74.28361 0.57874
519.85000 -74.29063 0.57804
519.90000 -74.29014 0.57523
519.95000 -74.28944 0.57462
520.00000 -74.29216 0.57343
520.05000 -74.29314 0.57125
520.10000 -74.29483 0.56769
520.15000 -74.29902 0.56418
520.20000 -74.29766 0.55800
520.25000 -74.30194 0.55409
520.30000 -74.30239 0.55158
520.35000 -74.30190 0.55143
520.40000 -74.30116 0.54586
520.45000 -74.30070 0.54780
520.50000 -74.30177 0.54946
520.55000 -74.30301 0.55056
520.60000 -74.29951 0.55024
520.65000 -74.29927 0.54917
520.70000 -74.30453 0.55251
520.75000 -74.30325 0.54741
520.80000 -74.30284 0.54784
520.85000 -74.30338 0.54769
520.90000 -74.30371 0.54782
520.95000 -74.30099 0.55046
521.00000 -74.30054 0.54935
521.05000 -74.29881 0.55613
521.10000 -74.30251 0.55317
521.15000 -74.29857 0.55631
521.20000 -74.29803 0.55467
521.25000 -74.29943 0.55601
521.30000 -74.29849 0.55662
521.35000 -74.29421 0.55998
521.40000 -74.29832 0.55811
521.45000 -74.29696 0.56260
521.50000 -74.29470 0.55822
521.55000 -74.29483 0.56080
521.60000 -74.29701 0.56005
521.65000 -74.29191 0.55909
521.70000 -74.29068 0.56110
521.75000 -74.28858 0.56362
521.80000 -74.29162 0.56568
521.85000 -74.29109 0.56823
521.90000 -74.29051 0.56649
521.95000 -74.28767 0.56606
522.00000 -74.29117 0.56473
522.05000 -74.29150 0.56476
522.10000 -74.29446 0.56759
522.15000 -74.29639 0.56784
522.20000 -74.29581 0.56927
522.25000 -74.29692 0.56746
522.30000 -74.29705 0.56498
522.35000 -74.30107 0.56553
522.40000 -74.30264 0.56378
522.45000 -74.30107 0.56463
522.50000 -74.30190 0.56355
522.55000 -74.30251 0.56598
522.60000 -74.29890 0.56605
522.65000 -74.30260 0.56958
522.70000 -74.29906 0.57061
522.75000 -74.29906 0.57116
522.80000 -74.29894 0.57610
522.85000 -74.30054 0.57633
522.90000 -74.29931 0.57524
522.95000 -74.30009 0.57061
523.00000 -74.30033 0.57271
523.05000 -74.30461 0.56809
523.10000 -74.30531 0.56487
523.15000 -74.30358 0.56485
523.20000 -74.30539 0.55854
523.25000 -74.30860 0.55356
523.30000 -74.30753 0.54938
523.35000 -74.31073 0.55165
523.40000 -74.31106 0.54859
523.45000 -74.31398 0.55155
523.50000 -74.31608 0.55154
523.55000 -74.31624 0.55053
523.60000 -74.31591 0.55420
523.65000 -74.31711 0.55616
523.70000 -74.31756 0.55519
523.75000 -74.32101 0.55688
523.80000 -74.32167 0.55098
523.85000 -74.32372 0.54672
523.90000 -74.32381 0.54873
523.95000 -74.32964 0.54210
524.00000 -74.33272 0.53809
524.05000 -74.33277 0.53783
524.10000 -74.33515 0.53654
524.15000 -74.33708 0.53832
524.20000 -74.33906 0.53914
524.25000 -74.34033 0.53391
524.30000 -74.34296 0.53235
524.35000 -74.34292 0.53157
524.40000 -74.34206 0.53137
524.45000 -74.34325 0.53370
524.50000 -74.34341 0.53454
524.55000 -74.34053 0.53586
524.60000 -74.34074 0.53339
524.65000 -74.34181 0.53585
524.70000 -74.33840 0.53525
524.75000 -74.33844 0.53753
524.80000 -74.33749 0.53873
524.85000 -74.33938 0.54061
524.90000 -74.33856 0.54069
524.95000 -74.33568 0.54049
525.00000 -74.33416 0.54450
525.05000 -74.33022 0.54810
525.10000 -74.33026 0.54767
525.15000 -74.33104 0.55369
525.20000 -74.33051 0.55417
525.25000 -74.32956 0.55588
525.30000 -74.32816 0.56047
525.35000 -74.32483 0.55650
525.40000 -74.32594 0.55993
525.45000 -74.32755 0.56151
525.50000 -74.32668 0.56259
525.55000 -74.32344 0.56636
525.60000 -74.31916 0.57174
525.65000 -74.32076 0.57576
525.70000 -74.31538 0.57864
525.75000 -74.31480 0.57777
525.80000 -74.31069 0.57841
525.85000 -74.30753 0.58056
525.90000 -74.30675 0.58109
525.95000 -74.30695 0.57943
526.00000 -74.30642 0.58081
526.05000 -74.30671 0.57991
526.10000 -74.30613 0.57694
526.15000 -74.30506 0.57295
526.20000 -74.30457 0.57231
526.25000 -74.30346 0.56570
526.30000 -74.30005 0.56574
526.35000 -74.30350 0.56354
526.40000 -74.30403 0.55893
526.45000 -74.30186 0.55519
526.50000 -74.30173 0.55475
526.55000 -74.30194 0.55202
526.60000 -74.30432 0.55197
526.65000 -74.31086 0.55374
526.70000 -74.30962 0.55571
526.75000 -74.31271 0.55428
526.80000 -74.31456 0.55510
526.85000 -74.31579 0.55314
526.90000 -74.31764 0.55585
526.95000 -74.31879 0.55728
527.00000 -74.31838 0.56284
527.05000 -74.31312 0.56281
527.10000 -74.31369 0.57048
527.15000 -74.31637 0.57656
527.20000 -74.31213 0.58549
527.25000 -74.30691 0.59129
527.30000 -74.30634 0.59414
527.35000 -74.30638 0.59951
527.40000 -74.30457 0.60606
527.45000 -74.30416 0.61123
527.50000 -74.29955 0.60954
527.55000 -74.29840 0.61325
527.60000 -74.29618 0.61828
527.65000 -74.29840 0.61746
527.70000 -74.29910 0.61896
527.75000 -74.29861 0.61849
527.80000 -74.29553 0.62118
527.85000 -74.29450 0.62071
527.90000 -74.29622 0.61879
527.95000 -74.29725 0.61843
528.00000 -74.29725 0.61587
528.05000 -74.29886 0.61609
528.10000 -74.29902 0.61403
528.15000 -74.30009 0.60829
528.20000 -74.29729 0.60881
528.25000 -74.29783 0.60752
528.30000 -74.29754 0.60427
528.35000 -74.29927 0.60198
528.40000 -74.29787 0.59724
528.45000 -74.29828 0.59260
528.50000 -74.30140 0.59186
528.55000 -74.30486 0.58835
528.60000 -74.30638 0.58647
528.65000 -74.30477 0.58165
528.70000 -74.30839 0.58321
528.75000 -74.31332 0.57786
528.80000 -74.31468 0.58004
528.85000 -74.31180 0.58229
528.90000 -74.31263 0.58157
528.95000 -74.30962 0.58151
529.00000 -74.31131 0.58520
529.05000 -74.31069 0.58617
529.10000 -74.30839 0.58989
529.15000 -74.30740 0.59125
529.20000 -74.30736 0.59224
529.25000 -74.30888 0.59239
529.30000 -74.30708 0.59070
529.35000 -74.30712 0.58897
529.40000 -74.30975 0.58722
529.45000 -74.31361 0.58445
529.50000 -74.31320 0.58241
529.55000 -74.30888 0.58460
529.60000 -74.31094 0.57830
529.65000 -74.31423 0.57838
529.70000 -74.31410 0.57525
529.75000 -74.31127 0.57525
529.80000 -74.31078 0.57230
529.85000 -74.30847 0.57220
529.90000 -74.30625 0.57071
529.95000 -74.30654 0.57266
530.00000 -74.30683 0.57336
530.05000 -74.30839 0.57165
530.10000 -74.31004 0.57041
530.15000 -74.30958 0.56855
530.20000 -74.31086 0.56883
530.25000 -74.30601 0.56898
530.30000 -74.30794 0.56733
530.35000 -74.30761 0.56570
530.40000 -74.30790 0.56731
530.45000 -74.31176 0.57263
530.50000 -74.31242 0.57223
530.55000 -74.31143 0.57285
530.60000 -74.30917 0.57384
530.65000 -74.30794 0.57618
530.70000 -74.30629 0.57638
530.75000 -74.30502 0.58053
530.80000 -74.30720 0.58121
530.85000 -74.30658 0.58084
530.90000 -74.30469 0.57899
530.95000 -74.30736 0.57935
531.00000 -74.30531 0.57259
531.05000 -74.30962 0.57246
531.10000 -74.30917 0.57005
531.15000 -74.30560 0.57418
531.20000 -74.30847 0.57645
531.25000 -74.31098 0.57356
531.30000 -74.30975 0.57419
531.35000 -74.30909 0.57493
531.40000 -74.30880 0.57706
531.45000 -74.30654 0.57847
531.50000 -74.30798 0.57858
531.55000 -74.30732 0.57866
531.60000 -74.30872 0.57759
531.65000 -74.31287 0.57755
531.70000 -74.31517 0.57790
531.75000 -74.31542 0.57752
531.80000 -74.31509 0.57666
531.85000 -74.31299 0.57558
531.90000 -74.31423 0.57574
531.95000 -74.31386 0.57709
532.00000 -74.31443 0.57512
532.05000 -74.31501 0.57392
532.10000 -74.31468 0.57299
532.15000 -74.31587 0.56988
532.20000 -74.31595 0.57218
532.25000 -74.31706 0.56853
532.30000 -74.31493 0.56862
532.35000 -74.31801 0.56758
532.40000 -74.31723 0.56893
532.45000 -74.31600 0.56478
532.50000 -74.31312 0.56723
532.55000 -74.31316 0.56863
532.60000 -74.31353 0.56930
532.65000 -74.31690 0.57123
532.70000 -74.31678 0.57236
532.75000 -74.31538 0.57151
532.80000 -74.31447 0.56858
532.85000 -74.31653 0.56971
532.90000 -74.31702 0.56779
532.95000 -74.31682 0.56961
533.00000 -74.31702 0.57045
533.05000 -74.31390 0.56809
533.10000 -74.31698 0.56663
533.15000 -74.32064 0.55922
533.20000 -74.31760 0.55923
533.25000 -74.31846 0.55593
533.30000 -74.31748 0.55693
533.35000 -74.31723 0.55501
533.40000 -74.31534 0.55199
533.45000 -74.31386 0.55312
533.50000 -74.30884 0.55842
533.55000 -74.30490 0.56104
533.60000 -74.30531 0.56508
533.65000 -74.30227 0.56691
533.70000 -74.30408 0.56664
533.75000 -74.30424 0.57215
533.80000 -74.30338 0.57427
533.85000 -74.30280 0.57734
533.90000 -74.30017 0.57708
533.95000 -74.30177 0.57836
534.00000 -74.29992 0.57960
534.05000 -74.29725 0.57421
534.10000 -74.29795 0.57497
534.15000 -74.29544 0.57442
534.20000 -74.29770 0.57037
534.25000 -74.30058 0.57024
534.30000 -74.29902 0.57063
534.35000 -74.29709 0.56986
534.40000 -74.29721 0.57073
534.45000 -74.30153 0.57132
534.50000 -74.29631 0.56942
534.55000 -74.29659 0.56740
534.60000 -74.29602 0.56932
534.65000 -74.29779 0.56689
534.70000 -74.29409 0.56806
534.75000 -74.28829 0.56897
534.80000 -74.29092 0.56768
534.85000 -74.28792 0.56777
534.90000 -74.28352 0.57316
534.95000 -74.27834 0.57900
535.00000 -74.27859 0.58258
535.05000 -74.27654 0.58081
535.10000 -74.27876 0.58280
535.15000 -74.27243 0.58332
535.20000 -74.26589 0.58433
535.25000 -74.26486 0.58962
535.30000 -74.26346 0.59022
535.35000 -74.26412 0.59158
535.40000 -74.26227 0.59498
535.45000 -74.26309 0.59455
535.50000 -74.26708 0.59344
535.55000 -74.26745 0.59462
535.60000 -74.26511 0.59320
535.65000 -74.26749 0.59335
535.70000 -74.26634 0.59251
535.75000 -74.26018 0.59349
535.80000 -74.26063 0.59373
535.85000 -74.26030 0.59087
535.90000 -74.26425 0.59378
535.95000 -74.26083 0.59167
536.00000 -74.26211 0.58828
536.05000 -74.26096 0.58787
536.10000 -74.26219 0.58798
536.15000 -74.26363 0.58292
536.20000 -74.26215 0.58156
536.25000 -74.26371 0.58079
536.30000 -74.26770 0.57621
536.35000 -74.26926 0.57630
536.40000 -74.27136 0.57786
536.45000 -74.27078 0.57717
536.50000 -74.27140 0.57614
536.55000 -74.27538 0.57166
536.60000 -74.28015 0.57050
536.65000 -74.28402 0.56894
536.70000 -74.28804 0.56482
536.75000 -74.29314 0.56309
536.80000 -74.29507 0.55460
536.85000 -74.29643 0.55215
536.90000 -74.29392 0.54867
536.95000 -74.29335 0.54392
537.00000 -74.29479 0.54190
537.05000 -74.29627 0.53828
537.10000 -74.29598 0.53991
537.15000 -74.29285 0.54141
537.20000 -74.29585 0.54281
537.25000 -74.29713 0.54546
537.30000 -74.29483 0.54592
537.35000 -74.29429 0.55276
537.40000 -74.28948 0.55263
537.45000 -74.28693 0.55071
537.50000 -74.28414 0.55695
537.55000 -74.28348 0.55959
537.60000 -74.28106 0.56158
537.65000 -74.28299 0.56236
537.70000 -74.28213 0.56325
537.75000 -74.27876 0.56661
537.80000 -74.27822 0.56629
537.85000 -74.27925 0.56576
537.90000 -74.28274 0.56382
537.95000 -74.27999 0.56542
538.00000 -74.28089 0.56580
538.05000 -74.28274 0.56603
538.10000 -74.28562 0.56912
538.15000 -74.28521 0.56621
538.20000 -74.28459 0.56854
538.25000 -74.28562 0.56701
538.30000 -74.29076 0.56923
538.35000 -74.29166 0.56637
538.40000 -74.29536 0.56631
538.45000 -74.29668 0.56711
538.50000 -74.29787 0.56295
538.55000 -74.29812 0.56127
538.60000 -74.30190 0.56242
538.65000 -74.30371 0.56017
538.70000 -74.30449 0.55929
538.75000 -74.30551 0.55820
538.80000 -74.30671 0.55694
538.85000 -74.30839 0.55612
538.90000 -74.30712 0.55570
538.95000 -74.30839 0.55660
539.00000 -74.30473 0.55454
539.05000 -74.30638 0.55376
539.10000 -74.30703 0.55617
539.15000 -74.30675 0.55159
539.20000 -74.30399 0.55423
539.25000 -74.30342 0.55246
539.30000 -74.30038 0.55124
539.35000 -74.29557 0.55559
539.40000 -74.29289 0.56015
539.45000 -74.28788 0.56103
539.50000 -74.28476 0.56609
539.55000 -74.28130 0.57092
539.60000 -74.27662 0.57493
539.65000 -74.27473 0.58139
539.70000 -74.27329 0.58760
539.75000 -74.27390 0.58797
539.80000 -74.27349 0.59128
539.85000 -74.27156 0.59516
539.90000 -74.27263 0.59668
539.95000 -74.27419 0.59631
540.00000 -74.27366 0.59623
540.05000 -74.27353 0.59074
540.10000 -74.27456 0.58887
540.15000 -74.27752 0.58786
540.20000 -74.27941 0.58306
540.25000 -74.27896 0.57888
540.30000 -74.27896 0.58134
540.35000 -74.27596 0.57702
540.40000 -74.27341 0.58177
540.45000 -74.27300 0.58281
540.50000 -74.27304 0.58629
540.55000 -74.27214 0.58634
540.60000 -74.26811 0.58997
540.65000 -74.26951 0.58904
540.70000 -74.26979 0.58945
540.75000 -74.26116 0.59093
540.80000 -74.26055 0.58924
540.85000 -74.26075 0.58559
540.90000 -74.25960 0.58682
540.95000 -74.26022 0.58688
541.00000 -74.25701 0.58441
541.05000 -74.25915 0.58240
541.10000 -74.25845 0.58481
541.15000 -74.25808 0.57969
541.20000 -74.25866 0.57565
541.25000 -74.25816 0.57401
541.30000 -74.25874 0.57215
541.35000 -74.25623 0.57373
541.40000 -74.25619 0.57374
541.45000 -74.25907 0.57616
541.50000 -74.26145 0.57752
541.55000 -74.25911 0.57688
541.60000 -74.26133 0.57524
541.65000 -74.26248 0.57828
541.70000 -74.26511 0.57679
541.75000 -74.26342 0.57458
541.80000 -74.26120 0.57192
541.85000 -74.26256 0.56860
541.90000 -74.26527 0.56715
541.95000 -74.26408 0.56773
542.00000 -74.26174 0.57177
542.05000 -74.26174 0.57092
542.10000 -74.26235 0.57552
542.15000 -74.26170 0.57730
542.20000 -74.25771 0.57975
542.25000 -74.25820 0.57859
542.30000 -74.25520 0.58175
542.35000 -74.25401 0.58331
542.40000 -74.25417 0.58350
542.45000 -74.25241 0.58801
542.50000 -74.24990 0.59088
542.55000 -74.25233 0.59664
542.60000 -74.25323 0.59691
542.65000 -74.25286 0.59474
542.70000 -74.25265 0.59163
542.75000 -74.25413 0.59344
542.80000 -74.25405 0.59220
542.85000 -74.25586 0.59038
542.90000 -74.25648 0.58920
542.95000 -74.25841 0.58843
543.00000 -74.25800 0.58641
543.05000 -74.26129 0.58529
543.10000 -74.26198 0.58594
543.15000 -74.26408 0.58217
543.20000 -74.26462 0.58206
543.25000 -74.26416 0.58002
543.30000 -74.26486 0.57894
543.35000 -74.26466 0.57818
543.40000 -74.26868 0.57808
543.45000 -74.27193 0.57602
543.50000 -74.26770 0.57622
543.55000 -74.26589 0.57412
543.60000 -74.26864 0.57483
543.65000 -74.27016 0.57508
543.70000 -74.26942 0.57679
543.75000 -74.26626 0.57653
543.80000 -74.26630 0.57661
543.85000 -74.26297 0.58007
543.90000 -74.26071 0.58057
543.95000 -74.25870 0.57875
544.00000 -74.25664 0.58305
544.05000 -74.25430 0.58607
544.10000 -74.25496 0.59085
544.15000 -74.25163 0.59144
544.20000 -74.24965 0.59345
544.25000 -74.25372 0.59550
544.30000 -74.25475 0.59597
544.35000 -74.25508 0.58902
544.40000 -74.25676 0.58791
544.45000 -74.25570 0.58586
544.50000 -74.25553 0.58390
544.55000 -74.26096 0.58190
544.60000 -74.26227 0.58101
544.65000 -74.26404 0.58278
544.70000 -74.26593 0.58225
544.75000 -74.27029 0.58083
544.80000 -74.27181 0.57594
544.85000 -74.26988 0.57835
544.90000 -74.27016 0.57732
544.95000 -74.27362 0.57787
545.00000 -74.27460 0.57771
545.05000 -74.27362 0.57582
545.10000 -74.27144 0.57813
545.15000 -74.27341 0.57437
545.20000 -74.27567 0.57449
545.25000 -74.27999 0.57501
545.30000 -74.27954 0.57127
545.35000 -74.28159 0.56730
545.40000 -74.28085 0.56819
545.45000 -74.28365 0.56969
545.50000 -74.28254 0.57065
545.55000 -74.28032 0.56984
545.60000 -74.28476 0.56853
545.65000 -74.28566 0.56669
545.70000 -74.28500 0.56581
545.75000 -74.28595 0.56304
545.80000 -74.28447 0.55938
545.85000 -74.28603 0.56113
545.90000 -74.28743 0.55818
545.95000 -74.28546 0.55457
546.00000 -74.28476 0.55402
546.05000 -74.28698 0.55175
546.10000 -74.28513 0.55183
546.15000 -74.28369 0.55502
546.20000 -74.28541 0.55716
546.25000 -74.28324 0.55915
546.30000 -74.28134 0.56008
546.35000 -74.28287 0.56095
546.40000 -74.28381 0.56288
546.45000 -74.28344 0.56394
546.50000 -74.28077 0.56303
546.55000 -74.28184 0.56345
546.60000 -74.27929 0.56035
546.65000 -74.28110 0.55907
546.70000 -74.28114 0.56500
546.75000 -74.28155 0.56598
546.80000 -74.27863 0.56375
546.85000 -74.27876 0.56453
546.90000 -74.28356 0.56393
546.95000 -74.28455 0.55848
547.00000 -74.28504 0.56016
547.05000 -74.28525 0.55951
547.10000 -74.28578 0.55785
547.15000 -74.28554 0.55699
547.20000 -74.28369 0.55942
547.25000 -74.28439 0.55678
547.30000 -74.28628 0.55759
547.35000 -74.28356 0.56166
547.40000 -74.28348 0.56627
547.45000 -74.28147 0.56937
547.50000 -74.27826 0.56912
547.55000 -74.27995 0.56913
547.60000 -74.27834 0.56432
547.65000 -74.27847 0.56517
547.70000 -74.27929 0.56846
547.75000 -74.27703 0.57022
547.80000 -74.27847 0.57380
547.85000 -74.27341 0.57435
547.90000 -74.27058 0.58002
547.95000 -74.26836 0.58152
548.00000 -74.26996 0.58584
548.05000 -74.27070 0.58849
548.10000 -74.26910 0.58676
548.15000 -74.27169 0.58708
548.20000 -74.27584 0.58650
548.25000 -74.27654 0.58405
548.30000 -74.27649 0.58580
548.35000 -74.27978 0.57596
548.40000 -74.28451 0.57535
548.45000 -74.28426 0.57554
548.50000 -74.28217 0.57359
548.55000 -74.28546 0.57102
548.60000 -74.28681 0.57423
548.65000 -74.28509 0.57978
548.70000 -74.28459 0.58417
548.75000 -74.28241 0.58610
548.80000 -74.27826 0.59282
548.85000 -74.28110 0.59437
548.90000 -74.28221 0.60149
548.95000 -74.27797 0.60376
549.00000 -74.27802 0.60495
549.05000 -74.28114 0.60195
549.10000 -74.28324 0.60189
549.15000 -74.28521 0.60183
549.20000 -74.28546 0.59996
549.25000 -74.28566 0.59657
549.30000 -74.28373 0.59797
549.35000 -74.28706 0.59558
549.40000 -74.28595 0.59683
549.45000 -74.28776 0.59391
549.50000 -74.28677 0.59156
549.55000 -74.29273 0.58925
549.60000 -74.29425 0.58862
549.65000 -74.29466 0.58199
549.70000 -74.29483 0.58422
549.75000 -74.29803 0.57977
549.80000 -74.29861 0.57256
549.85000 -74.29927 0.57300
549.90000 -74.30255 0.57074
549.95000 -74.30650 0.57096
