0.00000 -53.27
0.05000 -53.31
0.10000 -53.31
0.15000 -53.31
0.20000 -53.31
0.25000 -53.31
0.30000 -53.31
0.35000 -53.31
0.40000 -53.31
0.45000 -53.31
0.50000 -53.31
0.55000 -53.31
0.60000 -53.31
0.65000 -53.31
0.70000 -53.31
0.75000 -53.31
0.80000 -53.31
0.85000 -53.31
0.90000 -53.31
0.95000 -53.31
1.00000 -53.31
1.05000 -53.31
1.10000 -53.31
1.15000 -53.31
1.20000 -53.31
1.25000 -53.31
1.30000 -53.31
1.35000 -53.31
1.40000 -53.30
1.45000 -53.31
1.50000 -53.31
1.55000 -53.30
1.60000 -53.30
1.65000 -53.31
1.70000 -53.31
1.75000 -53.31
1.80000 -53.30
1.85000 -53.30
1.90000 -53.30
1.95000 -53.31
2.00000 -53.31
2.05000 -53.31
2.10000 -53.31
2.15000 -53.30
2.20000 -53.31
2.25000 -53.30
2.30000 -53.30
2.35000 -53.30
2.40000 -53.31
2.45000 -53.31
2.50000 -53.30
2.55000 -53.31
2.60000 -53.31
2.65000 -53.30
2.70000 -53.30
2.75000 -53.30
2.80000 -53.30
2.85000 -53.30
2.90000 -53.30
2.95000 -53.30
3.00000 -53.30
3.05000 -53.30
3.10000 -53.30
3.15000 -53.31
3.20000 -53.30
3.25000 -53.30
3.30000 -53.30
3.35000 -53.30
3.40000 -53.30
3.45000 -53.31
3.50000 -53.30
3.55000 -53.31
3.60000 -53.31
3.65000 -53.31
3.70000 -53.31
3.75000 -53.31
3.80000 -53.31
3.85000 -53.31
3.90000 -53.31
3.95000 -53.31
4.00000 -53.31
4.05000 -53.31
4.10000 -53.31
4.15000 -53.31
4.20000 -53.31
4.25000 -53.32
4.30000 -53.31
4.35000 -53.31
4.40000 -53.31
4.45000 -53.31
4.50000 -53.31
4.55000 -53.31
4.60000 -53.32
4.65000 -53.32
4.70000 -53.31
4.75000 -53.31
4.80000 -53.31
4.85000 -53.32
4.90000 -53.32
4.95000 -53.32
5.00000 -53.32
5.05000 -53.32
5.10000 -53.32
5.15000 -53.32
5.20000 -53.32
5.25000 -53.32
5.30000 -53.32
5.35000 -53.32
5.40000 -53.32
5.45000 -53.32
5.50000 -53.32
5.55000 -53.32
5.60000 -53.32
5.65000 -53.32
5.70000 -53.32
5.75000 -53.32
5.80000 -53.32
5.85000 -53.32
5.90000 -53.32
5.95000 -53.33
6.00000 -53.32
6.05000 -53.32
6.10000 -53.32
6.15000 -53.33
6.20000 -53.32
6.25000 -53.32
6.30000 -53.33
6.35000 -53.33
6.40000 -53.33
6.45000 -53.33
6.50000 -53.33
6.55000 -53.33
6.60000 -53.33
6.65000 -53.33
6.70000 -53.33
6.75000 -53.32
6.80000 -53.32
6.85000 -53.32
6.90000 -53.33
6.95000 -53.33
7.00000 -53.33
7.05000 -53.33
7.10000 -53.33
7.15000 -53.33
7.20000 -53.33
7.25000 -53.33
7.30000 -53.33
7.35000 -53.33
7.40000 -53.33
7.45000 -53.33
7.50000 -53.33
7.55000 -53.33
7.60000 -53.33
7.65000 -53.33
7.70000 -53.33
7.75000 -53.33
7.80000 -53.33
7.85000 -53.33
7.90000 -53.33
7.95000 -53.33
8.00000 -53.33
8.05000 -53.33
8.10000 -53.33
8.15000 -53.33
8.20000 -53.33
8.25000 -53.33
8.30000 -53.33
8.35000 -53.33
8.40000 -53.33
8.45000 -53.33
8.50000 -53.33
8.55000 -53.33
8.60000 -53.33
8.65000 -53.32
8.70000 -53.33
8.75000 -53.33
8.80000 -53.33
8.85000 -53.32
8.90000 -53.33
8.95000 -53.32
9.00000 -53.33
9.05000 -53.33
9.10000 -53.32
9.15000 -53.33
9.20000 -53.32
9.25000 -53.32
9.30000 -53.32
9.35000 -53.32
9.40000 -53.32
9.45000 -53.32
9.50000 -53.32
9.55000 -53.32
9.60000 -53.32
9.65000 -53.32
9.70000 -53.32
9.75000 -53.32
9.80000 -53.32
9.85000 -53.32
9.90000 -53.31
9.95000 -53.31
10.00000 -53.31
10.05000 -53.31
10.10000 -53.31
10.15000 -53.31
10.20000 -53.31
10.25000 -53.31
10.30000 -53.32
10.35000 -53.31
10.40000 -53.31
10.45000 -53.31
10.50000 -53.31
10.55000 -53.32
10.60000 -53.31
10.65000 -53.32
10.70000 -53.31
10.75000 -53.31
10.80000 -53.32
10.85000 -53.31
10.90000 -53.32
10.95000 -53.32
11.00000 -53.31
11.05000 -53.31
11.10000 -53.32
11.15000 -53.32
11.20000 -53.32
11.25000 -53.32
11.30000 -53.31
11.35000 -53.31
11.40000 -53.31
11.45000 -53.31
11.50000 -53.31
11.55000 -53.31
11.60000 -53.31
11.65000 -53.31
11.70000 -53.31
11.75000 -53.31
11.80000 -53.31
11.85000 -53.31
11.90000 -53.31
11.95000 -53.31
12.00000 -53.31
12.05000 -53.31
12.10000 -53.31
12.15000 -53.31
12.20000 -53.32
12.25000 -53.31
12.30000 -53.31
12.35000 -53.31
12.40000 -53.31
12.45000 -53.31
12.50000 -53.31
12.55000 -53.31
12.60000 -53.31
12.65000 -53.31
12.70000 -53.31
12.75000 -53.31
12.80000 -53.32
12.85000 -53.32
12.90000 -53.32
12.95000 -53.32
13.00000 -53.32
13.05000 -53.31
13.10000 -53.31
13.15000 -53.31
13.20000 -53.32
13.25000 -53.32
13.30000 -53.31
13.35000 -53.32
13.40000 -53.32
13.45000 -53.32
13.50000 -53.32
13.55000 -53.31
13.60000 -53.32
13.65000 -53.32
13.70000 -53.32
13.75000 -53.32
13.80000 -53.31
13.85000 -53.31
13.90000 -53.31
13.95000 -53.31
14.00000 -53.31
14.05000 -53.31
14.10000 -53.31
14.15000 -53.31
14.20000 -53.31
14.25000 -53.31
14.30000 -53.31
14.35000 -53.31
14.40000 -53.31
14.45000 -53.32
14.50000 -53.31
14.55000 -53.31
14.60000 -53.31
14.65000 -53.31
14.70000 -53.31
14.75000 -53.31
14.80000 -53.31
14.85000 -53.31
14.90000 -53.31
14.95000 -53.31
15.00000 -53.31
15.05000 -53.31
15.10000 -53.31
15.15000 -53.31
15.20000 -53.32
15.25000 -53.32
15.30000 -53.32
15.35000 -53.32
15.40000 -53.32
15.45000 -53.32
15.50000 -53.32
15.55000 -53.32
15.60000 -53.32
15.65000 -53.32
15.70000 -53.32
15.75000 -53.32
15.80000 -53.32
15.85000 -53.32
15.90000 -53.32
15.95000 -53.32
16.00000 -53.32
16.05000 -53.32
16.10000 -53.32
16.15000 -53.32
16.20000 -53.32
16.25000 -53.32
16.30000 -53.32
16.35000 -53.32
16.40000 -53.32
16.45000 -53.32
16.50000 -53.32
16.55000 -53.32
16.60000 -53.32
16.65000 -53.33
16.70000 -53.32
16.75000 -53.32
16.80000 -53.33
16.85000 -53.32
16.90000 -53.32
16.95000 -53.32
17.00000 -53.32
17.05000 -53.32
17.10000 -53.32
17.15000 -53.32
17.20000 -53.32
17.25000 -53.32
17.30000 -53.32
17.35000 -53.32
17.40000 -53.32
17.45000 -53.32
17.50000 -53.32
17.55000 -53.32
17.60000 -53.32
17.65000 -53.32
17.70000 -53.32
17.75000 -53.32
17.80000 -53.32
17.85000 -53.32
17.90000 -53.32
17.95000 -53.32
18.00000 -53.32
18.05000 -53.32
18.10000 -53.32
18.15000 -53.32
18.20000 -53.32
18.25000 -53.32
18.30000 -53.32
18.35000 -53.32
18.40000 -53.32
18.45000 -53.32
18.50000 -53.32
18.55000 -53.32
18.60000 -53.32
18.65000 -53.32
18.70000 -53.32
18.75000 -53.32
18.80000 -53.32
18.85000 -53.31
18.90000 -53.32
18.95000 -53.31
19.00000 -53.31
19.05000 -53.32
19.10000 -53.32
19.15000 -53.32
19.20000 -53.32
19.25000 -53.32
19.30000 -53.32
19.35000 -53.32
19.40000 -53.32
19.45000 -53.32
19.50000 -53.32
19.55000 -53.32
19.60000 -53.31
19.65000 -53.31
19.70000 -53.32
19.75000 -53.31
19.80000 -53.32
19.85000 -53.31
19.90000 -53.31
19.95000 -53.31
20.00000 -53.31
20.05000 -53.31
20.10000 -53.31
20.15000 -53.32
20.20000 -53.32
20.25000 -53.31
20.30000 -53.31
20.35000 -53.31
20.40000 -53.31
20.45000 -53.31
20.50000 -53.31
20.55000 -53.31
20.60000 -53.31
20.65000 -53.31
20.70000 -53.31
20.75000 -53.31
20.80000 -53.31
20.85000 -53.32
20.90000 -53.31
20.95000 -53.31
21.00000 -53.31
21.05000 -53.32
21.10000 -53.32
21.15000 -53.32
21.20000 -53.32
21.25000 -53.31
21.30000 -53.32
21.35000 -53.32
21.40000 -53.32
21.45000 -53.32
21.50000 -53.32
21.55000 -53.32
21.60000 -53.32
21.65000 -53.32
21.70000 -53.32
21.75000 -53.32
21.80000 -53.32
21.85000 -53.32
21.90000 -53.32
21.95000 -53.32
22.00000 -53.32
22.05000 -53.32
22.10000 -53.32
22.15000 -53.32
22.20000 -53.32
22.25000 -53.33
22.30000 -53.32
22.35000 -53.32
22.40000 -53.32
22.45000 -53.32
22.50000 -53.32
22.55000 -53.32
22.60000 -53.32
22.65000 -53.32
22.70000 -53.32
22.75000 -53.32
22.80000 -53.32
22.85000 -53.31
22.90000 -53.32
22.95000 -53.31
23.00000 -53.32
23.05000 -53.31
23.10000 -53.32
23.15000 -53.32
23.20000 -53.32
23.25000 -53.32
23.30000 -53.32
23.35000 -53.31
23.40000 -53.31
23.45000 -53.31
23.50000 -53.31
23.55000 -53.31
23.60000 -53.31
23.65000 -53.31
23.70000 -53.31
23.75000 -53.31
23.80000 -53.31
23.85000 -53.31
23.90000 -53.31
23.95000 -53.31
24.00000 -53.31
24.05000 -53.31
24.10000 -53.31
24.15000 -53.31
24.20000 -53.31
24.25000 -53.31
24.30000 -53.32
24.35000 -53.32
24.40000 -53.32
24.45000 -53.32
24.50000 -53.32
24.55000 -53.32
24.60000 -53.31
24.65000 -53.31
24.70000 -53.32
24.75000 -53.32
24.80000 -53.32
24.85000 -53.32
24.90000 -53.32
24.95000 -53.32
25.00000 -53.31
25.05000 -53.31
25.10000 -53.31
25.15000 -53.32
25.20000 -53.32
25.25000 -53.32
25.30000 -53.32
25.35000 -53.32
25.40000 -53.32
25.45000 -53.32
25.50000 -53.32
25.55000 -53.32
25.60000 -53.32
25.65000 -53.32
25.70000 -53.32
25.75000 -53.32
25.80000 -53.32
25.85000 -53.32
25.90000 -53.32
25.95000 -53.32
26.00000 -53.32
26.05000 -53.32
26.10000 -53.32
26.15000 -53.33
26.20000 -53.32
26.25000 -53.33
26.30000 -53.33
26.35000 -53.32
26.40000 -53.33
26.45000 -53.33
26.50000 -53.33
26.55000 -53.33
26.60000 -53.32
26.65000 -53.32
26.70000 -53.32
26.75000 -53.32
26.80000 -53.33
26.85000 -53.33
26.90000 -53.33
26.95000 -53.33
27.00000 -53.33
27.05000 -53.33
27.10000 -53.33
27.15000 -53.33
27.20000 -53.33
27.25000 -53.33
27.30000 -53.33
27.35000 -53.33
27.40000 -53.33
27.45000 -53.33
27.50000 -53.33
27.55000 -53.33
27.60000 -53.33
27.65000 -53.33
27.70000 -53.33
27.75000 -53.32
27.80000 -53.33
27.85000 -53.32
27.90000 -53.32
27.95000 -53.32
28.00000 -53.32
28.05000 -53.33
28.10000 -53.33
28.15000 -53.32
28.20000 -53.33
28.25000 -53.33
28.30000 -53.33
28.35000 -53.33
28.40000 -53.33
28.45000 -53.33
28.50000 -53.33
28.55000 -53.33
28.60000 -53.33
28.65000 -53.33
28.70000 -53.33
28.75000 -53.33
28.80000 -53.33
28.85000 -53.33
28.90000 -53.33
28.95000 -53.34
29.00000 -53.34
29.05000 -53.34
29.10000 -53.34
29.15000 -53.33
29.20000 -53.34
29.25000 -53.33
29.30000 -53.34
29.35000 -53.34
29.40000 -53.34
29.45000 -53.33
29.50000 -53.33
29.55000 -53.33
29.60000 -53.33
29.65000 -53.33
29.70000 -53.33
29.75000 -53.33
29.80000 -53.33
29.85000 -53.33
29.90000 -53.33
29.95000 -53.33
30.00000 -53.33
30.05000 -53.33
30.10000 -53.33
30.15000 -53.33
30.20000 -53.33
30.25000 -53.33
30.30000 -53.33
30.35000 -53.33
30.40000 -53.33
30.45000 -53.32
30.50000 -53.32
30.55000 -53.32
30.60000 -53.33
30.65000 -53.33
30.70000 -53.33
30.75000 -53.33
30.80000 -53.32
30.85000 -53.32
30.90000 -53.32
30.95000 -53.32
31.00000 -53.33
31.05000 -53.32
31.10000 -53.32
31.15000 -53.32
31.20000 -53.33
31.25000 -53.33
31.30000 -53.32
31.35000 -53.32
31.40000 -53.32
31.45000 -53.32
31.50000 -53.32
31.55000 -53.32
31.60000 -53.32
31.65000 -53.32
31.70000 -53.32
31.75000 -53.32
31.80000 -53.32
31.85000 -53.32
31.90000 -53.33
31.95000 -53.33
32.00000 -53.33
32.05000 -53.33
32.10000 -53.33
32.15000 -53.33
32.20000 -53.33
32.25000 -53.33
32.30000 -53.33
32.35000 -53.33
32.40000 -53.33
32.45000 -53.33
32.50000 -53.33
32.55000 -53.33
32.60000 -53.33
32.65000 -53.33
32.70000 -53.33
32.75000 -53.33
32.80000 -53.33
32.85000 -53.33
32.90000 -53.33
32.95000 -53.33
33.00000 -53.33
33.05000 -53.33
33.10000 -53.33
33.15000 -53.33
33.20000 -53.33
33.25000 -53.33
33.30000 -53.33
33.35000 -53.33
33.40000 -53.33
33.45000 -53.33
33.50000 -53.33
33.55000 -53.33
33.60000 -53.33
33.65000 -53.34
33.70000 -53.33
33.75000 -53.33
33.80000 -53.33
33.85000 -53.33
33.90000 -53.33
33.95000 -53.33
34.00000 -53.33
34.05000 -53.33
34.10000 -53.33
34.15000 -53.33
34.20000 -53.33
34.25000 -53.33
34.30000 -53.33
34.35000 -53.33
34.40000 -53.33
34.45000 -53.33
34.50000 -53.33
34.55000 -53.33
34.60000 -53.32
34.65000 -53.32
34.70000 -53.32
34.75000 -53.32
34.80000 -53.32
34.85000 -53.32
34.90000 -53.32
34.95000 -53.32
35.00000 -53.32
35.05000 -53.32
35.10000 -53.32
35.15000 -53.32
35.20000 -53.32
35.25000 -53.32
35.30000 -53.32
35.35000 -53.31
35.40000 -53.31
35.45000 -53.31
35.50000 -53.31
35.55000 -53.31
35.60000 -53.31
35.65000 -53.31
35.70000 -53.31
35.75000 -53.31
35.80000 -53.31
35.85000 -53.31
35.90000 -53.31
35.95000 -53.31
36.00000 -53.31
36.05000 -53.31
36.10000 -53.31
36.15000 -53.31
36.20000 -53.31
36.25000 -53.31
36.30000 -53.31
36.35000 -53.31
36.40000 -53.31
36.45000 -53.31
36.50000 -53.31
36.55000 -53.31
36.60000 -53.31
36.65000 -53.32
36.70000 -53.31
36.75000 -53.31
36.80000 -53.32
36.85000 -53.32
36.90000 -53.32
36.95000 -53.32
37.00000 -53.32
37.05000 -53.32
37.10000 -53.32
37.15000 -53.32
37.20000 -53.32
37.25000 -53.32
37.30000 -53.32
37.35000 -53.32
37.40000 -53.32
37.45000 -53.32
37.50000 -53.32
37.55000 -53.32
37.60000 -53.32
37.65000 -53.32
37.70000 -53.32
37.75000 -53.32
37.80000 -53.32
37.85000 -53.32
37.90000 -53.32
37.95000 -53.32
38.00000 -53.32
38.05000 -53.32
38.10000 -53.33
38.15000 -53.32
38.20000 -53.32
38.25000 -53.32
38.30000 -53.33
38.35000 -53.32
38.40000 -53.32
38.45000 -53.32
38.50000 -53.32
38.55000 -53.32
38.60000 -53.32
38.65000 -53.32
38.70000 -53.32
38.75000 -53.32
38.80000 -53.32
38.85000 -53.32
38.90000 -53.31
38.95000 -53.31
39.00000 -53.31
39.05000 -53.31
39.10000 -53.31
39.15000 -53.31
39.20000 -53.32
39.25000 -53.32
39.30000 -53.32
39.35000 -53.31
39.40000 -53.31
39.45000 -53.31
39.50000 -53.31
39.55000 -53.31
39.60000 -53.31
39.65000 -53.31
39.70000 -53.31
39.75000 -53.31
39.80000 -53.31
39.85000 -53.31
39.90000 -53.31
39.95000 -53.31
40.00000 -53.31
40.05000 -53.31
40.10000 -53.31
40.15000 -53.31
40.20000 -53.31
40.25000 -53.31
40.30000 -53.31
40.35000 -53.31
40.40000 -53.31
40.45000 -53.31
40.50000 -53.31
40.55000 -53.31
40.60000 -53.31
40.65000 -53.31
40.70000 -53.31
40.75000 -53.31
40.80000 -53.31
40.85000 -53.31
40.90000 -53.31
40.95000 -53.31
41.00000 -53.31
41.05000 -53.31
41.10000 -53.31
41.15000 -53.31
41.20000 -53.32
41.25000 -53.31
41.30000 -53.31
41.35000 -53.31
41.40000 -53.31
41.45000 -53.31
41.50000 -53.31
41.55000 -53.31
41.60000 -53.31
41.65000 -53.31
41.70000 -53.31
41.75000 -53.31
41.80000 -53.31
41.85000 -53.30
41.90000 -53.30
41.95000 -53.30
42.00000 -53.31
42.05000 -53.31
42.10000 -53.30
42.15000 -53.31
42.20000 -53.31
42.25000 -53.31
42.30000 -53.31
42.35000 -53.31
42.40000 -53.31
42.45000 -53.31
42.50000 -53.31
42.55000 -53.31
42.60000 -53.31
42.65000 -53.31
42.70000 -53.31
42.75000 -53.31
42.80000 -53.31
42.85000 -53.31
42.90000 -53.31
42.95000 -53.31
43.00000 -53.31
43.05000 -53.32
43.10000 -53.31
43.15000 -53.32
43.20000 -53.32
43.25000 -53.32
43.30000 -53.32
43.35000 -53.32
43.40000 -53.32
43.45000 -53.32
43.50000 -53.32
43.55000 -53.32
43.60000 -53.33
43.65000 -53.33
43.70000 -53.32
43.75000 -53.32
43.80000 -53.32
43.85000 -53.32
43.90000 -53.32
43.95000 -53.32
44.00000 -53.32
44.05000 -53.32
44.10000 -53.32
44.15000 -53.32
44.20000 -53.32
44.25000 -53.32
44.30000 -53.32
44.35000 -53.32
44.40000 -53.32
44.45000 -53.32
44.50000 -53.32
44.55000 -53.32
44.60000 -53.32
44.65000 -53.32
44.70000 -53.32
44.75000 -53.33
44.80000 -53.32
44.85000 -53.32
44.90000 -53.32
44.95000 -53.32
45.00000 -53.33
45.05000 -53.32
45.10000 -53.32
45.15000 -53.33
45.20000 -53.32
45.25000 -53.32
45.30000 -53.33
45.35000 -53.33
45.40000 -53.33
45.45000 -53.33
45.50000 -53.33
45.55000 -53.33
45.60000 -53.33
45.65000 -53.33
45.70000 -53.33
45.75000 -53.33
45.80000 -53.32
45.85000 -53.33
45.90000 -53.33
45.95000 -53.32
46.00000 -53.33
46.05000 -53.33
46.10000 -53.33
46.15000 -53.33
46.20000 -53.33
46.25000 -53.33
46.30000 -53.33
46.35000 -53.33
46.40000 -53.33
46.45000 -53.33
46.50000 -53.33
46.55000 -53.33
46.60000 -53.33
46.65000 -53.33
46.70000 -53.33
46.75000 -53.33
46.80000 -53.33
46.85000 -53.33
46.90000 -53.33
46.95000 -53.33
47.00000 -53.33
47.05000 -53.34
47.10000 -53.34
47.15000 -53.34
47.20000 -53.34
47.25000 -53.34
47.30000 -53.34
47.35000 -53.34
47.40000 -53.34
47.45000 -53.34
47.50000 -53.34
47.55000 -53.34
47.60000 -53.34
47.65000 -53.34
47.70000 -53.34
47.75000 -53.34
47.80000 -53.34
47.85000 -53.34
47.90000 -53.34
47.95000 -53.34
48.00000 -53.34
48.05000 -53.34
48.10000 -53.34
48.15000 -53.34
48.20000 -53.34
48.25000 -53.34
48.30000 -53.34
48.35000 -53.34
48.40000 -53.33
48.45000 -53.33
48.50000 -53.33
48.55000 -53.33
48.60000 -53.33
48.65000 -53.34
48.70000 -53.33
48.75000 -53.33
48.80000 -53.33
48.85000 -53.33
48.90000 -53.33
48.95000 -53.33
49.00000 -53.33
49.05000 -53.33
49.10000 -53.33
49.15000 -53.33
49.20000 -53.33
49.25000 -53.33
49.30000 -53.33
49.35000 -53.33
49.40000 -53.33
49.45000 -53.33
49.50000 -53.33
49.55000 -53.33
49.60000 -53.33
49.65000 -53.33
49.70000 -53.33
49.75000 -53.33
49.80000 -53.33
49.85000 -53.33
49.90000 -53.33
49.95000 -53.33
50.00000 -53.33
50.05000 -53.33
50.10000 -53.33
50.15000 -53.33
50.20000 -53.33
50.25000 -53.33
50.30000 -53.33
50.35000 -53.33
50.40000 -53.33
50.45000 -53.33
50.50000 -53.33
50.55000 -53.33
50.60000 -53.33
50.65000 -53.33
50.70000 -53.33
50.75000 -53.33
50.80000 -53.33
50.85000 -53.34
50.90000 -53.34
50.95000 -53.33
51.00000 -53.33
51.05000 -53.33
51.10000 -53.33
51.15000 -53.33
51.20000 -53.33
51.25000 -53.33
51.30000 -53.33
51.35000 -53.33
51.40000 -53.33
51.45000 -53.33
51.50000 -53.33
51.55000 -53.33
51.60000 -53.33
51.65000 -53.33
51.70000 -53.33
51.75000 -53.33
51.80000 -53.33
51.85000 -53.33
51.90000 -53.33
51.95000 -53.33
52.00000 -53.33
52.05000 -53.32
52.10000 -53.32
52.15000 -53.32
52.20000 -53.33
52.25000 -53.33
52.30000 -53.32
52.35000 -53.33
52.40000 -53.32
52.45000 -53.32
52.50000 -53.32
52.55000 -53.33
52.60000 -53.33
52.65000 -53.33
52.70000 -53.32
52.75000 -53.32
52.80000 -53.32
52.85000 -53.32
52.90000 -53.32
52.95000 -53.32
53.00000 -53.33
53.05000 -53.33
53.10000 -53.33
53.15000 -53.33
53.20000 -53.33
53.25000 -53.33
53.30000 -53.33
53.35000 -53.33
53.40000 -53.33
53.45000 -53.33
53.50000 -53.33
53.55000 -53.33
53.60000 -53.33
53.65000 -53.32
53.70000 -53.32
53.75000 -53.32
53.80000 -53.32
53.85000 -53.32
53.90000 -53.32
53.95000 -53.32
54.00000 -53.32
54.05000 -53.32
54.10000 -53.32
54.15000 -53.32
54.20000 -53.32
54.25000 -53.32
54.30000 -53.32
54.35000 -53.32
54.40000 -53.31
54.45000 -53.32
54.50000 -53.32
54.55000 -53.31
54.60000 -53.32
54.65000 -53.31
54.70000 -53.31
54.75000 -53.31
54.80000 -53.31
54.85000 -53.31
54.90000 -53.31
54.95000 -53.31
55.00000 -53.31
55.05000 -53.31
55.10000 -53.31
55.15000 -53.31
55.20000 -53.31
55.25000 -53.31
55.30000 -53.31
55.35000 -53.31
55.40000 -53.31
55.45000 -53.31
55.50000 -53.31
55.55000 -53.31
55.60000 -53.31
55.65000 -53.31
55.70000 -53.31
55.75000 -53.31
55.80000 -53.31
55.85000 -53.31
55.90000 -53.31
55.95000 -53.31
56.00000 -53.31
56.05000 -53.30
56.10000 -53.31
56.15000 -53.30
56.20000 -53.30
56.25000 -53.31
56.30000 -53.31
56.35000 -53.31
56.40000 -53.31
56.45000 -53.31
56.50000 -53.31
56.55000 -53.30
56.60000 -53.30
56.65000 -53.31
56.70000 -53.31
56.75000 -53.31
56.80000 -53.31
56.85000 -53.31
56.90000 -53.30
56.95000 -53.31
57.00000 -53.30
57.05000 -53.31
57.10000 -53.31
57.15000 -53.31
57.20000 -53.31
57.25000 -53.31
57.30000 -53.31
57.35000 -53.31
57.40000 -53.32
57.45000 -53.32
57.50000 -53.32
57.55000 -53.32
57.60000 -53.32
57.65000 -53.32
57.70000 -53.32
57.75000 -53.32
57.80000 -53.32
57.85000 -53.32
57.90000 -53.32
57.95000 -53.32
58.00000 -53.32
58.05000 -53.32
58.10000 -53.32
58.15000 -53.32
58.20000 -53.32
58.25000 -53.32
58.30000 -53.32
58.35000 -53.32
58.40000 -53.32
58.45000 -53.32
58.50000 -53.33
58.55000 -53.33
58.60000 -53.33
58.65000 -53.33
58.70000 -53.33
58.75000 -53.33
58.80000 -53.33
58.85000 -53.33
58.90000 -53.33
58.95000 -53.33
59.00000 -53.33
59.05000 -53.33
59.10000 -53.33
59.15000 -53.33
59.20000 -53.33
59.25000 -53.33
59.30000 -53.33
59.35000 -53.33
59.40000 -53.33
59.45000 -53.33
59.50000 -53.33
59.55000 -53.33
59.60000 -53.33
59.65000 -53.33
59.70000 -53.32
59.75000 -53.32
59.80000 -53.32
59.85000 -53.32
59.90000 -53.32
59.95000 -53.32
60.00000 -53.33
60.05000 -53.33
60.10000 -53.33
60.15000 -53.33
60.20000 -53.32
60.25000 -53.33
60.30000 -53.33
60.35000 -53.33
60.40000 -53.33
60.45000 -53.33
60.50000 -53.33
60.55000 -53.33
60.60000 -53.33
60.65000 -53.34
60.70000 -53.34
60.75000 -53.33
60.80000 -53.33
60.85000 -53.33
60.90000 -53.33
60.95000 -53.32
61.00000 -53.33
61.05000 -53.33
61.10000 -53.33
61.15000 -53.33
61.20000 -53.33
61.25000 -53.33
61.30000 -53.33
61.35000 -53.33
61.40000 -53.33
61.45000 -53.33
61.50000 -53.33
61.55000 -53.33
61.60000 -53.33
61.65000 -53.33
61.70000 -53.33
61.75000 -53.33
61.80000 -53.34
61.85000 -53.34
61.90000 -53.34
61.95000 -53.34
62.00000 -53.34
62.05000 -53.34
62.10000 -53.34
62.15000 -53.34
62.20000 -53.34
62.25000 -53.34
62.30000 -53.34
62.35000 -53.34
62.40000 -53.34
62.45000 -53.34
62.50000 -53.34
62.55000 -53.34
62.60000 -53.34
62.65000 -53.34
62.70000 -53.33
62.75000 -53.34
62.80000 -53.34
62.85000 -53.33
62.90000 -53.33
62.95000 -53.33
63.00000 -53.33
63.05000 -53.33
63.10000 -53.34
63.15000 -53.34
63.20000 -53.34
63.25000 -53.34
63.30000 -53.34
63.35000 -53.34
63.40000 -53.34
63.45000 -53.34
63.50000 -53.34
63.55000 -53.33
63.60000 -53.34
63.65000 -53.34
63.70000 -53.34
63.75000 -53.34
63.80000 -53.34
63.85000 -53.34
63.90000 -53.34
63.95000 -53.34
64.00000 -53.34
64.05000 -53.34
64.10000 -53.34
64.15000 -53.34
64.20000 -53.34
64.25000 -53.34
64.30000 -53.34
64.35000 -53.34
64.40000 -53.34
64.45000 -53.34
64.50000 -53.34
64.55000 -53.33
64.60000 -53.33
64.65000 -53.33
64.70000 -53.33
64.75000 -53.33
64.80000 -53.33
64.85000 -53.33
64.90000 -53.33
64.95000 -53.33
65.00000 -53.33
65.05000 -53.33
65.10000 -53.32
65.15000 -53.32
65.20000 -53.32
65.25000 -53.32
65.30000 -53.32
65.35000 -53.32
65.40000 -53.32
65.45000 -53.32
65.50000 -53.32
65.55000 -53.32
65.60000 -53.32
65.65000 -53.32
65.70000 -53.32
65.75000 -53.32
65.80000 -53.32
65.85000 -53.32
65.90000 -53.32
65.95000 -53.32
66.00000 -53.32
66.05000 -53.32
66.10000 -53.32
66.15000 -53.32
66.20000 -53.32
66.25000 -53.32
66.30000 -53.32
66.35000 -53.32
66.40000 -53.32
66.45000 -53.32
66.50000 -53.32
66.55000 -53.32
66.60000 -53.32
66.65000 -53.31
66.70000 -53.32
66.75000 -53.31
66.80000 -53.31
66.85000 -53.31
66.90000 -53.32
66.95000 -53.31
67.00000 -53.32
67.05000 -53.32
67.10000 -53.31
67.15000 -53.31
67.20000 -53.31
67.25000 -53.31
67.30000 -53.31
67.35000 -53.31
67.40000 -53.31
67.45000 -53.31
67.50000 -53.31
67.55000 -53.31
67.60000 -53.31
67.65000 -53.31
67.70000 -53.31
67.75000 -53.31
67.80000 -53.31
67.85000 -53.31
67.90000 -53.31
67.95000 -53.31
68.00000 -53.31
68.05000 -53.31
68.10000 -53.31
68.15000 -53.31
68.20000 -53.31
68.25000 -53.31
68.30000 -53.31
68.35000 -53.31
68.40000 -53.30
68.45000 -53.30
68.50000 -53.31
68.55000 -53.31
68.60000 -53.30
68.65000 -53.30
68.70000 -53.30
68.75000 -53.30
68.80000 -53.31
68.85000 -53.31
68.90000 -53.31
68.95000 -53.31
69.00000 -53.31
69.05000 -53.31
69.10000 -53.31
69.15000 -53.31
69.20000 -53.31
69.25000 -53.31
69.30000 -53.31
69.35000 -53.31
69.40000 -53.31
69.45000 -53.31
69.50000 -53.31
69.55000 -53.31
69.60000 -53.31
69.65000 -53.31
69.70000 -53.31
69.75000 -53.31
69.80000 -53.31
69.85000 -53.31
69.90000 -53.31
69.95000 -53.31
70.00000 -53.31
70.05000 -53.31
70.10000 -53.31
70.15000 -53.31
70.20000 -53.31
70.25000 -53.31
70.30000 -53.31
70.35000 -53.31
70.40000 -53.31
70.45000 -53.31
70.50000 -53.31
70.55000 -53.31
70.60000 -53.31
70.65000 -53.32
70.70000 -53.32
70.75000 -53.32
70.80000 -53.32
70.85000 -53.32
70.90000 -53.32
70.95000 -53.32
71.00000 -53.32
71.05000 -53.32
71.10000 -53.32
71.15000 -53.32
71.20000 -53.33
71.25000 -53.32
71.30000 -53.33
71.35000 -53.33
71.40000 -53.33
71.45000 -53.33
71.50000 -53.32
71.55000 -53.33
71.60000 -53.33
71.65000 -53.33
71.70000 -53.33
71.75000 -53.33
71.80000 -53.33
71.85000 -53.33
71.90000 -53.33
71.95000 -53.33
72.00000 -53.33
72.05000 -53.33
72.10000 -53.33
72.15000 -53.33
72.20000 -53.33
72.25000 -53.33
72.30000 -53.33
72.35000 -53.33
72.40000 -53.32
72.45000 -53.32
72.50000 -53.33
72.55000 -53.33
72.60000 -53.33
72.65000 -53.32
72.70000 -53.33
72.75000 -53.33
72.80000 -53.32
72.85000 -53.32
72.90000 -53.32
72.95000 -53.32
73.00000 -53.33
73.05000 -53.33
73.10000 -53.33
73.15000 -53.33
73.20000 -53.33
73.25000 -53.33
73.30000 -53.33
73.35000 -53.33
73.40000 -53.33
73.45000 -53.33
73.50000 -53.33
73.55000 -53.33
73.60000 -53.33
73.65000 -53.33
73.70000 -53.32
73.75000 -53.33
73.80000 -53.33
73.85000 -53.33
73.90000 -53.33
73.95000 -53.32
74.00000 -53.33
74.05000 -53.33
74.10000 -53.32
74.15000 -53.32
74.20000 -53.32
74.25000 -53.33
74.30000 -53.33
74.35000 -53.32
74.40000 -53.32
74.45000 -53.32
74.50000 -53.32
74.55000 -53.32
74.60000 -53.32
74.65000 -53.32
74.70000 -53.32
74.75000 -53.32
74.80000 -53.32
74.85000 -53.32
74.90000 -53.32
74.95000 -53.32
75.00000 -53.32
75.05000 -53.32
75.10000 -53.32
75.15000 -53.32
75.20000 -53.32
75.25000 -53.32
75.30000 -53.32
75.35000 -53.32
75.40000 -53.32
75.45000 -53.32
75.50000 -53.32
75.55000 -53.32
75.60000 -53.32
75.65000 -53.32
75.70000 -53.32
75.75000 -53.32
75.80000 -53.32
75.85000 -53.32
75.90000 -53.32
75.95000 -53.32
76.00000 -53.32
76.05000 -53.32
76.10000 -53.32
76.15000 -53.32
76.20000 -53.32
76.25000 -53.32
76.30000 -53.32
76.35000 -53.32
76.40000 -53.31
76.45000 -53.32
76.50000 -53.31
76.55000 -53.31
76.60000 -53.32
76.65000 -53.31
76.70000 -53.32
76.75000 -53.31
76.80000 -53.31
76.85000 -53.31
76.90000 -53.31
76.95000 -53.31
77.00000 -53.31
77.05000 -53.32
77.10000 -53.31
77.15000 -53.31
77.20000 -53.31
77.25000 -53.32
77.30000 -53.32
77.35000 -53.32
77.40000 -53.31
77.45000 -53.31
77.50000 -53.32
77.55000 -53.31
77.60000 -53.32
77.65000 -53.32
77.70000 -53.32
77.75000 -53.32
77.80000 -53.31
77.85000 -53.31
77.90000 -53.31
77.95000 -53.31
78.00000 -53.31
78.05000 -53.31
78.10000 -53.31
78.15000 -53.31
78.20000 -53.31
78.25000 -53.31
78.30000 -53.31
78.35000 -53.31
78.40000 -53.31
78.45000 -53.31
78.50000 -53.31
78.55000 -53.31
78.60000 -53.31
78.65000 -53.31
78.70000 -53.31
78.75000 -53.30
78.80000 -53.30
78.85000 -53.30
78.90000 -53.30
78.95000 -53.30
79.00000 -53.30
79.05000 -53.31
79.10000 -53.31
79.15000 -53.31
79.20000 -53.31
79.25000 -53.31
79.30000 -53.31
79.35000 -53.31
79.40000 -53.31
79.45000 -53.31
79.50000 -53.31
79.55000 -53.31
79.60000 -53.31
79.65000 -53.31
79.70000 -53.31
79.75000 -53.31
79.80000 -53.31
79.85000 -53.31
79.90000 -53.31
79.95000 -53.31
80.00000 -53.31
80.05000 -53.31
80.10000 -53.31
80.15000 -53.31
80.20000 -53.31
80.25000 -53.31
80.30000 -53.31
80.35000 -53.31
80.40000 -53.31
80.45000 -53.31
80.50000 -53.31
80.55000 -53.31
80.60000 -53.31
80.65000 -53.31
80.70000 -53.30
80.75000 -53.30
80.80000 -53.30
80.85000 -53.31
80.90000 -53.30
80.95000 -53.30
81.00000 -53.30
81.05000 -53.30
81.10000 -53.30
81.15000 -53.30
81.20000 -53.30
81.25000 -53.30
81.30000 -53.30
81.35000 -53.30
81.40000 -53.30
81.45000 -53.30
81.50000 -53.30
81.55000 -53.30
81.60000 -53.30
81.65000 -53.30
81.70000 -53.29
81.75000 -53.30
81.80000 -53.30
81.85000 -53.30
81.90000 -53.30
81.95000 -53.30
82.00000 -53.30
82.05000 -53.30
82.10000 -53.30
82.15000 -53.30
82.20000 -53.30
82.25000 -53.30
82.30000 -53.30
82.35000 -53.30
82.40000 -53.30
82.45000 -53.30
82.50000 -53.30
82.55000 -53.31
82.60000 -53.31
82.65000 -53.31
82.70000 -53.30
82.75000 -53.31
82.80000 -53.31
82.85000 -53.31
82.90000 -53.31
82.95000 -53.31
83.00000 -53.31
83.05000 -53.31
83.10000 -53.31
83.15000 -53.31
83.20000 -53.32
83.25000 -53.32
83.30000 -53.32
83.35000 -53.31
83.40000 -53.31
83.45000 -53.31
83.50000 -53.31
83.55000 -53.31
83.60000 -53.31
83.65000 -53.31
83.70000 -53.32
83.75000 -53.32
83.80000 -53.32
83.85000 -53.32
83.90000 -53.32
83.95000 -53.32
84.00000 -53.32
84.05000 -53.32
84.10000 -53.32
84.15000 -53.32
84.20000 -53.32
84.25000 -53.32
84.30000 -53.33
84.35000 -53.32
84.40000 -53.32
84.45000 -53.32
84.50000 -53.32
84.55000 -53.32
84.60000 -53.33
84.65000 -53.32
84.70000 -53.32
84.75000 -53.32
84.80000 -53.32
84.85000 -53.32
84.90000 -53.32
84.95000 -53.32
85.00000 -53.32
85.05000 -53.32
85.10000 -53.32
85.15000 -53.32
85.20000 -53.32
85.25000 -53.32
85.30000 -53.32
85.35000 -53.33
85.40000 -53.32
85.45000 -53.32
85.50000 -53.32
85.55000 -53.32
85.60000 -53.32
85.65000 -53.32
85.70000 -53.32
85.75000 -53.33
85.80000 -53.33
85.85000 -53.33
85.90000 -53.33
85.95000 -53.33
86.00000 -53.32
86.05000 -53.32
86.10000 -53.33
86.15000 -53.33
86.20000 -53.33
86.25000 -53.33
86.30000 -53.33
86.35000 -53.33
86.40000 -53.33
86.45000 -53.33
86.50000 -53.33
86.55000 -53.33
86.60000 -53.33
86.65000 -53.33
86.70000 -53.33
86.75000 -53.33
86.80000 -53.33
86.85000 -53.33
86.90000 -53.34
86.95000 -53.34
87.00000 -53.34
87.05000 -53.33
87.10000 -53.34
87.15000 -53.33
87.20000 -53.33
87.25000 -53.33
87.30000 -53.33
87.35000 -53.33
87.40000 -53.33
87.45000 -53.33
87.50000 -53.33
87.55000 -53.33
87.60000 -53.33
87.65000 -53.33
87.70000 -53.33
87.75000 -53.33
87.80000 -53.33
87.85000 -53.33
87.90000 -53.33
87.95000 -53.32
88.00000 -53.33
88.05000 -53.33
88.10000 -53.33
88.15000 -53.33
88.20000 -53.33
88.25000 -53.33
88.30000 -53.33
88.35000 -53.33
88.40000 -53.33
88.45000 -53.33
88.50000 -53.32
88.55000 -53.32
88.60000 -53.32
88.65000 -53.32
88.70000 -53.32
88.75000 -53.32
88.80000 -53.32
88.85000 -53.32
88.90000 -53.32
88.95000 -53.32
89.00000 -53.32
89.05000 -53.32
89.10000 -53.32
89.15000 -53.32
89.20000 -53.32
89.25000 -53.32
89.30000 -53.32
89.35000 -53.31
89.40000 -53.31
89.45000 -53.32
89.50000 -53.32
89.55000 -53.32
89.60000 -53.32
89.65000 -53.32
89.70000 -53.31
89.75000 -53.31
89.80000 -53.32
89.85000 -53.32
89.90000 -53.32
89.95000 -53.31
90.00000 -53.31
90.05000 -53.31
90.10000 -53.32
90.15000 -53.32
90.20000 -53.32
90.25000 -53.31
90.30000 -53.31
90.35000 -53.31
90.40000 -53.32
90.45000 -53.32
90.50000 -53.32
90.55000 -53.32
90.60000 -53.32
90.65000 -53.32
90.70000 -53.32
90.75000 -53.32
90.80000 -53.32
90.85000 -53.32
90.90000 -53.32
90.95000 -53.32
91.00000 -53.31
91.05000 -53.31
91.10000 -53.31
91.15000 -53.32
91.20000 -53.32
91.25000 -53.31
91.30000 -53.31
91.35000 -53.31
91.40000 -53.31
91.45000 -53.31
91.50000 -53.31
91.55000 -53.31
91.60000 -53.31
91.65000 -53.31
91.70000 -53.31
91.75000 -53.30
91.80000 -53.31
91.85000 -53.31
91.90000 -53.31
91.95000 -53.30
92.00000 -53.30
92.05000 -53.30
92.10000 -53.30
92.15000 -53.30
92.20000 -53.30
92.25000 -53.30
92.30000 -53.30
92.35000 -53.30
92.40000 -53.30
92.45000 -53.30
92.50000 -53.30
92.55000 -53.30
92.60000 -53.30
92.65000 -53.30
92.70000 -53.30
92.75000 -53.30
92.80000 -53.30
92.85000 -53.30
92.90000 -53.30
92.95000 -53.30
93.00000 -53.30
93.05000 -53.30
93.10000 -53.30
93.15000 -53.30
93.20000 -53.31
93.25000 -53.30
93.30000 -53.30
93.35000 -53.30
93.40000 -53.30
93.45000 -53.30
93.50000 -53.31
93.55000 -53.30
93.60000 -53.30
93.65000 -53.30
93.70000 -53.30
93.75000 -53.30
93.80000 -53.30
93.85000 -53.30
93.90000 -53.30
93.95000 -53.30
94.00000 -53.30
94.05000 -53.30
94.10000 -53.30
94.15000 -53.30
94.20000 -53.30
94.25000 -53.30
94.30000 -53.30
94.35000 -53.30
94.40000 -53.29
94.45000 -53.29
94.50000 -53.29
94.55000 -53.29
94.60000 -53.29
94.65000 -53.29
94.70000 -53.29
94.75000 -53.29
94.80000 -53.30
94.85000 -53.30
94.90000 -53.30
94.95000 -53.30
95.00000 -53.30
95.05000 -53.30
95.10000 -53.30
95.15000 -53.30
95.20000 -53.30
95.25000 -53.30
95.30000 -53.30
95.35000 -53.30
95.40000 -53.30
95.45000 -53.30
95.50000 -53.30
95.55000 -53.30
95.60000 -53.30
95.65000 -53.30
95.70000 -53.30
95.75000 -53.30
95.80000 -53.30
95.85000 -53.30
95.90000 -53.30
95.95000 -53.30
96.00000 -53.30
96.05000 -53.30
96.10000 -53.30
96.15000 -53.30
96.20000 -53.30
96.25000 -53.30
96.30000 -53.30
96.35000 -53.30
96.40000 -53.30
96.45000 -53.30
96.50000 -53.30
96.55000 -53.30
96.60000 -53.29
96.65000 -53.30
96.70000 -53.30
96.75000 -53.30
96.80000 -53.30
96.85000 -53.30
96.90000 -53.30
96.95000 -53.30
97.00000 -53.30
97.05000 -53.30
97.10000 -53.30
97.15000 -53.30
97.20000 -53.30
97.25000 -53.31
97.30000 -53.31
97.35000 -53.30
97.40000 -53.30
97.45000 -53.30
97.50000 -53.31
97.55000 -53.30
97.60000 -53.30
97.65000 -53.30
97.70000 -53.31
97.75000 -53.30
97.80000 -53.31
97.85000 -53.31
97.90000 -53.30
97.95000 -53.30
98.00000 -53.31
98.05000 -53.31
98.10000 -53.31
98.15000 -53.31
98.20000 -53.31
98.25000 -53.31
98.30000 -53.31
98.35000 -53.31
98.40000 -53.31
98.45000 -53.31
98.50000 -53.31
98.55000 -53.31
98.60000 -53.31
98.65000 -53.31
98.70000 -53.31
98.75000 -53.31
98.80000 -53.31
98.85000 -53.31
98.90000 -53.31
98.95000 -53.31
99.00000 -53.31
99.05000 -53.31
99.10000 -53.31
99.15000 -53.31
99.20000 -53.31
99.25000 -53.31
99.30000 -53.31
99.35000 -53.31
99.40000 -53.31
99.45000 -53.31
99.50000 -53.31
99.55000 -53.31
99.60000 -53.31
99.65000 -53.31
99.70000 -53.31
99.75000 -53.30
99.80000 -53.31
99.85000 -53.30
99.90000 -53.30
99.95000 -53.31
100.00000 -53.31
100.05000 -53.31
100.10000 -53.31
100.15000 -53.31
100.20000 -53.30
100.25000 -53.30
100.30000 -53.31
100.35000 -53.31
100.40000 -53.31
100.45000 -53.31
100.50000 -53.31
100.55000 -53.30
100.60000 -53.30
100.65000 -53.30
100.70000 -53.30
100.75000 -53.30
100.80000 -53.31
100.85000 -53.31
100.90000 -53.30
100.95000 -53.31
101.00000 -53.31
101.05000 -53.31
101.10000 -53.31
101.15000 -53.30
101.20000 -53.31
101.25000 -53.31
101.30000 -53.31
101.35000 -53.31
101.40000 -53.31
101.45000 -53.31
101.50000 -53.31
101.55000 -53.31
101.60000 -53.31
101.65000 -53.31
101.70000 -53.31
101.75000 -53.31
101.80000 -53.31
101.85000 -53.31
101.90000 -53.31
101.95000 -53.31
102.00000 -53.31
102.05000 -53.31
102.10000 -53.31
102.15000 -53.31
102.20000 -53.31
102.25000 -53.31
102.30000 -53.31
102.35000 -53.31
102.40000 -53.31
102.45000 -53.31
102.50000 -53.31
102.55000 -53.31
102.60000 -53.31
102.65000 -53.31
102.70000 -53.31
102.75000 -53.31
102.80000 -53.31
102.85000 -53.31
102.90000 -53.31
102.95000 -53.31
103.00000 -53.30
103.05000 -53.30
103.10000 -53.31
103.15000 -53.30
103.20000 -53.31
103.25000 -53.30
103.30000 -53.30
103.35000 -53.30
103.40000 -53.30
103.45000 -53.30
103.50000 -53.30
103.55000 -53.30
103.60000 -53.30
103.65000 -53.30
103.70000 -53.30
103.75000 -53.30
103.80000 -53.30
103.85000 -53.30
103.90000 -53.31
103.95000 -53.30
104.00000 -53.30
104.05000 -53.30
104.10000 -53.31
104.15000 -53.31
104.20000 -53.31
104.25000 -53.31
104.30000 -53.31
104.35000 -53.31
104.40000 -53.31
104.45000 -53.31
104.50000 -53.31
104.55000 -53.31
104.60000 -53.31
104.65000 -53.31
104.70000 -53.31
104.75000 -53.31
104.80000 -53.31
104.85000 -53.31
104.90000 -53.31
104.95000 -53.31
105.00000 -53.31
105.05000 -53.31
105.10000 -53.31
105.15000 -53.31
105.20000 -53.31
105.25000 -53.31
105.30000 -53.31
105.35000 -53.32
105.40000 -53.31
105.45000 -53.31
105.50000 -53.31
105.55000 -53.31
105.60000 -53.32
105.65000 -53.32
105.70000 -53.31
105.75000 -53.31
105.80000 -53.31
105.85000 -53.31
105.90000 -53.31
105.95000 -53.31
106.00000 -53.31
106.05000 -53.31
106.10000 -53.31
106.15000 -53.31
106.20000 -53.31
106.25000 -53.31
106.30000 -53.31
106.35000 -53.31
106.40000 -53.31
106.45000 -53.31
106.50000 -53.31
106.55000 -53.31
106.60000 -53.31
106.65000 -53.30
106.70000 -53.30
106.75000 -53.31
106.80000 -53.30
106.85000 -53.30
106.90000 -53.30
106.95000 -53.30
107.00000 -53.30
107.05000 -53.30
107.10000 -53.30
107.15000 -53.30
107.20000 -53.30
107.25000 -53.30
107.30000 -53.30
107.35000 -53.30
107.40000 -53.30
107.45000 -53.30
107.50000 -53.30
107.55000 -53.30
107.60000 -53.30
107.65000 -53.30
107.70000 -53.30
107.75000 -53.30
107.80000 -53.30
107.85000 -53.30
107.90000 -53.30
107.95000 -53.30
108.00000 -53.30
108.05000 -53.30
108.10000 -53.30
108.15000 -53.30
108.20000 -53.30
108.25000 -53.30
108.30000 -53.30
108.35000 -53.30
108.40000 -53.30
108.45000 -53.30
108.50000 -53.30
108.55000 -53.30
108.60000 -53.30
108.65000 -53.30
108.70000 -53.30
108.75000 -53.30
108.80000 -53.30
108.85000 -53.30
108.90000 -53.30
108.95000 -53.30
109.00000 -53.30
109.05000 -53.30
109.10000 -53.30
109.15000 -53.30
109.20000 -53.30
109.25000 -53.30
109.30000 -53.30
109.35000 -53.30
109.40000 -53.30
109.45000 -53.30
109.50000 -53.30
109.55000 -53.30
109.60000 -53.30
109.65000 -53.30
109.70000 -53.30
109.75000 -53.30
109.80000 -53.30
109.85000 -53.30
109.90000 -53.30
109.95000 -53.30
110.00000 -53.30
110.05000 -53.31
110.10000 -53.30
110.15000 -53.31
110.20000 -53.30
110.25000 -53.31
110.30000 -53.31
110.35000 -53.31
110.40000 -53.31
110.45000 -53.31
110.50000 -53.31
110.55000 -53.31
110.60000 -53.31
110.65000 -53.31
110.70000 -53.31
110.75000 -53.31
110.80000 -53.31
110.85000 -53.30
110.90000 -53.31
110.95000 -53.31
111.00000 -53.31
111.05000 -53.31
111.10000 -53.30
111.15000 -53.30
111.20000 -53.30
111.25000 -53.30
111.30000 -53.30
111.35000 -53.30
111.40000 -53.30
111.45000 -53.30
111.50000 -53.30
111.55000 -53.30
111.60000 -53.31
111.65000 -53.31
111.70000 -53.31
111.75000 -53.30
111.80000 -53.31
111.85000 -53.31
111.90000 -53.31
111.95000 -53.31
112.00000 -53.31
112.05000 -53.31
112.10000 -53.31
112.15000 -53.31
112.20000 -53.31
112.25000 -53.31
112.30000 -53.31
112.35000 -53.31
112.40000 -53.31
112.45000 -53.31
112.50000 -53.32
112.55000 -53.31
112.60000 -53.31
112.65000 -53.32
112.70000 -53.32
112.75000 -53.31
112.80000 -53.32
112.85000 -53.32
112.90000 -53.31
112.95000 -53.32
113.00000 -53.32
113.05000 -53.32
113.10000 -53.32
113.15000 -53.32
113.20000 -53.32
113.25000 -53.32
113.30000 -53.32
113.35000 -53.32
113.40000 -53.32
113.45000 -53.32
113.50000 -53.32
113.55000 -53.32
113.60000 -53.32
113.65000 -53.32
113.70000 -53.32
113.75000 -53.32
113.80000 -53.32
113.85000 -53.32
113.90000 -53.32
113.95000 -53.32
114.00000 -53.32
114.05000 -53.32
114.10000 -53.32
114.15000 -53.33
114.20000 -53.32
114.25000 -53.32
114.30000 -53.32
114.35000 -53.32
114.40000 -53.32
114.45000 -53.32
114.50000 -53.32
114.55000 -53.32
114.60000 -53.32
114.65000 -53.32
114.70000 -53.33
114.75000 -53.32
114.80000 -53.33
114.85000 -53.33
114.90000 -53.33
114.95000 -53.33
115.00000 -53.33
115.05000 -53.33
115.10000 -53.33
115.15000 -53.33
115.20000 -53.33
115.25000 -53.32
115.30000 -53.33
115.35000 -53.33
115.40000 -53.33
115.45000 -53.33
115.50000 -53.33
115.55000 -53.33
115.60000 -53.33
115.65000 -53.33
115.70000 -53.33
115.75000 -53.33
115.80000 -53.33
115.85000 -53.33
115.90000 -53.33
115.95000 -53.33
116.00000 -53.33
116.05000 -53.33
116.10000 -53.33
116.15000 -53.33
116.20000 -53.34
116.25000 -53.33
116.30000 -53.33
116.35000 -53.33
116.40000 -53.33
116.45000 -53.33
116.50000 -53.33
116.55000 -53.33
116.60000 -53.32
116.65000 -53.33
116.70000 -53.33
116.75000 -53.33
116.80000 -53.33
116.85000 -53.33
116.90000 -53.32
116.95000 -53.32
117.00000 -53.32
117.05000 -53.32
117.10000 -53.32
117.15000 -53.32
117.20000 -53.32
117.25000 -53.32
117.30000 -53.32
117.35000 -53.32
117.40000 -53.32
117.45000 -53.32
117.50000 -53.32
117.55000 -53.32
117.60000 -53.32
117.65000 -53.32
117.70000 -53.32
117.75000 -53.32
117.80000 -53.32
117.85000 -53.32
117.90000 -53.32
117.95000 -53.32
118.00000 -53.32
118.05000 -53.32
118.10000 -53.32
118.15000 -53.32
118.20000 -53.32
118.25000 -53.32
118.30000 -53.32
118.35000 -53.32
118.40000 -53.32
118.45000 -53.32
118.50000 -53.32
118.55000 -53.32
118.60000 -53.32
118.65000 -53.32
118.70000 -53.32
118.75000 -53.32
118.80000 -53.32
118.85000 -53.31
118.90000 -53.31
118.95000 -53.31
119.00000 -53.31
119.05000 -53.31
119.10000 -53.31
119.15000 -53.31
119.20000 -53.31
119.25000 -53.31
119.30000 -53.31
119.35000 -53.31
119.40000 -53.31
119.45000 -53.31
119.50000 -53.31
119.55000 -53.31
119.60000 -53.31
119.65000 -53.31
119.70000 -53.31
119.75000 -53.31
119.80000 -53.31
119.85000 -53.31
119.90000 -53.31
119.95000 -53.31
120.00000 -53.31
120.05000 -53.31
120.10000 -53.31
120.15000 -53.31
120.20000 -53.31
120.25000 -53.31
120.30000 -53.31
120.35000 -53.31
120.40000 -53.31
120.45000 -53.31
120.50000 -53.31
120.55000 -53.31
120.60000 -53.30
120.65000 -53.31
120.70000 -53.30
120.75000 -53.30
120.80000 -53.30
120.85000 -53.31
120.90000 -53.31
120.95000 -53.30
121.00000 -53.30
121.05000 -53.30
121.10000 -53.30
121.15000 -53.30
121.20000 -53.30
121.25000 -53.30
121.30000 -53.30
121.35000 -53.30
121.40000 -53.30
121.45000 -53.30
121.50000 -53.30
121.55000 -53.30
121.60000 -53.30
121.65000 -53.30
121.70000 -53.30
121.75000 -53.30
121.80000 -53.30
121.85000 -53.30
121.90000 -53.30
121.95000 -53.30
122.00000 -53.30
122.05000 -53.30
122.10000 -53.30
122.15000 -53.30
122.20000 -53.30
122.25000 -53.30
122.30000 -53.30
122.35000 -53.30
122.40000 -53.30
122.45000 -53.30
122.50000 -53.31
122.55000 -53.31
122.60000 -53.31
122.65000 -53.31
122.70000 -53.31
122.75000 -53.31
122.80000 -53.31
122.85000 -53.31
122.90000 -53.31
122.95000 -53.31
123.00000 -53.31
123.05000 -53.31
123.10000 -53.31
123.15000 -53.31
123.20000 -53.31
123.25000 -53.31
123.30000 -53.31
123.35000 -53.31
123.40000 -53.31
123.45000 -53.31
123.50000 -53.31
123.55000 -53.31
123.60000 -53.31
123.65000 -53.31
123.70000 -53.31
123.75000 -53.31
123.80000 -53.30
123.85000 -53.31
123.90000 -53.30
123.95000 -53.30
124.00000 -53.30
124.05000 -53.30
124.10000 -53.30
124.15000 -53.30
124.20000 -53.30
124.25000 -53.30
124.30000 -53.30
124.35000 -53.30
124.40000 -53.30
124.45000 -53.30
124.50000 -53.30
124.55000 -53.30
124.60000 -53.30
124.65000 -53.30
124.70000 -53.30
124.75000 -53.30
124.80000 -53.30
124.85000 -53.30
124.90000 -53.30
124.95000 -53.30
125.00000 -53.30
125.05000 -53.30
125.10000 -53.30
125.15000 -53.30
125.20000 -53.30
125.25000 -53.30
125.30000 -53.30
125.35000 -53.30
125.40000 -53.30
125.45000 -53.30
125.50000 -53.30
125.55000 -53.30
125.60000 -53.30
125.65000 -53.30
125.70000 -53.30
125.75000 -53.30
125.80000 -53.30
125.85000 -53.30
125.90000 -53.30
125.95000 -53.30
126.00000 -53.30
126.05000 -53.30
126.10000 -53.30
126.15000 -53.30
126.20000 -53.30
126.25000 -53.30
126.30000 -53.30
126.35000 -53.30
126.40000 -53.30
126.45000 -53.30
126.50000 -53.30
126.55000 -53.30
126.60000 -53.30
126.65000 -53.30
126.70000 -53.30
126.75000 -53.30
126.80000 -53.30
126.85000 -53.30
126.90000 -53.30
126.95000 -53.31
127.00000 -53.30
127.05000 -53.30
127.10000 -53.30
127.15000 -53.31
127.20000 -53.30
127.25000 -53.30
127.30000 -53.31
127.35000 -53.31
127.40000 -53.31
127.45000 -53.30
127.50000 -53.30
127.55000 -53.30
127.60000 -53.30
127.65000 -53.30
127.70000 -53.30
127.75000 -53.30
127.80000 -53.30
127.85000 -53.30
127.90000 -53.30
127.95000 -53.30
128.00000 -53.30
128.05000 -53.30
128.10000 -53.30
128.15000 -53.30
128.20000 -53.30
128.25000 -53.30
128.30000 -53.30
128.35000 -53.31
128.40000 -53.30
128.45000 -53.30
128.50000 -53.31
128.55000 -53.31
128.60000 -53.30
128.65000 -53.30
128.70000 -53.30
128.75000 -53.31
128.80000 -53.30
128.85000 -53.31
128.90000 -53.30
128.95000 -53.30
129.00000 -53.30
129.05000 -53.31
129.10000 -53.31
129.15000 -53.30
129.20000 -53.30
129.25000 -53.30
129.30000 -53.30
129.35000 -53.30
129.40000 -53.30
129.45000 -53.30
129.50000 -53.30
129.55000 -53.30
129.60000 -53.29
129.65000 -53.30
129.70000 -53.30
129.75000 -53.30
129.80000 -53.30
129.85000 -53.30
129.90000 -53.30
129.95000 -53.30
130.00000 -53.30
130.05000 -53.30
130.10000 -53.30
130.15000 -53.30
130.20000 -53.30
130.25000 -53.30
130.30000 -53.30
130.35000 -53.31
130.40000 -53.30
130.45000 -53.31
130.50000 -53.31
130.55000 -53.31
130.60000 -53.31
130.65000 -53.31
130.70000 -53.31
130.75000 -53.31
130.80000 -53.31
130.85000 -53.31
130.90000 -53.31
130.95000 -53.31
131.00000 -53.32
131.05000 -53.32
131.10000 -53.32
131.15000 -53.32
131.20000 -53.32
131.25000 -53.32
131.30000 -53.32
131.35000 -53.32
131.40000 -53.32
131.45000 -53.32
131.50000 -53.32
131.55000 -53.32
131.60000 -53.32
131.65000 -53.32
131.70000 -53.32
131.75000 -53.32
131.80000 -53.32
131.85000 -53.32
131.90000 -53.32
131.95000 -53.31
132.00000 -53.32
132.05000 -53.31
132.10000 -53.31
132.15000 -53.31
132.20000 -53.31
132.25000 -53.31
132.30000 -53.31
132.35000 -53.31
132.40000 -53.31
132.45000 -53.32
132.50000 -53.31
132.55000 -53.31
132.60000 -53.31
132.65000 -53.32
132.70000 -53.32
132.75000 -53.32
132.80000 -53.32
132.85000 -53.32
132.90000 -53.32
132.95000 -53.32
133.00000 -53.32
133.05000 -53.32
133.10000 -53.32
133.15000 -53.32
133.20000 -53.32
133.25000 -53.32
133.30000 -53.32
133.35000 -53.32
133.40000 -53.32
133.45000 -53.32
133.50000 -53.32
133.55000 -53.32
133.60000 -53.32
133.65000 -53.32
133.70000 -53.32
133.75000 -53.32
133.80000 -53.32
133.85000 -53.32
133.90000 -53.32
133.95000 -53.32
134.00000 -53.32
134.05000 -53.32
134.10000 -53.32
134.15000 -53.32
134.20000 -53.32
134.25000 -53.32
134.30000 -53.32
134.35000 -53.32
134.40000 -53.32
134.45000 -53.32
134.50000 -53.32
134.55000 -53.32
134.60000 -53.32
134.65000 -53.32
134.70000 -53.32
134.75000 -53.32
134.80000 -53.32
134.85000 -53.32
134.90000 -53.32
134.95000 -53.32
135.00000 -53.32
135.05000 -53.32
135.10000 -53.32
135.15000 -53.32
135.20000 -53.32
135.25000 -53.32
135.30000 -53.32
135.35000 -53.32
135.40000 -53.32
135.45000 -53.32
135.50000 -53.33
135.55000 -53.33
135.60000 -53.33
135.65000 -53.33
135.70000 -53.33
135.75000 -53.33
135.80000 -53.32
135.85000 -53.32
135.90000 -53.33
135.95000 -53.32
136.00000 -53.32
136.05000 -53.33
136.10000 -53.32
136.15000 -53.32
136.20000 -53.32
136.25000 -53.32
136.30000 -53.32
136.35000 -53.32
136.40000 -53.32
136.45000 -53.32
136.50000 -53.31
136.55000 -53.32
136.60000 -53.31
136.65000 -53.31
136.70000 -53.31
136.75000 -53.31
136.80000 -53.31
136.85000 -53.31
136.90000 -53.31
136.95000 -53.31
137.00000 -53.31
137.05000 -53.31
137.10000 -53.31
137.15000 -53.31
137.20000 -53.31
137.25000 -53.31
137.30000 -53.31
137.35000 -53.31
137.40000 -53.31
137.45000 -53.31
137.50000 -53.31
137.55000 -53.31
137.60000 -53.30
137.65000 -53.30
137.70000 -53.31
137.75000 -53.30
137.80000 -53.31
137.85000 -53.31
137.90000 -53.31
137.95000 -53.30
138.00000 -53.30
138.05000 -53.30
138.10000 -53.30
138.15000 -53.31
138.20000 -53.30
138.25000 -53.30
138.30000 -53.30
138.35000 -53.30
138.40000 -53.31
138.45000 -53.30
138.50000 -53.30
138.55000 -53.30
138.60000 -53.30
138.65000 -53.30
138.70000 -53.30
138.75000 -53.30
138.80000 -53.30
138.85000 -53.30
138.90000 -53.30
138.95000 -53.31
139.00000 -53.30
139.05000 -53.31
139.10000 -53.31
139.15000 -53.31
139.20000 -53.31
139.25000 -53.31
139.30000 -53.31
139.35000 -53.31
139.40000 -53.31
139.45000 -53.31
139.50000 -53.31
139.55000 -53.31
139.60000 -53.31
139.65000 -53.31
139.70000 -53.31
139.75000 -53.30
139.80000 -53.30
139.85000 -53.30
139.90000 -53.30
139.95000 -53.30
140.00000 -53.30
140.05000 -53.29
140.10000 -53.30
140.15000 -53.30
140.20000 -53.30
140.25000 -53.30
140.30000 -53.30
140.35000 -53.30
140.40000 -53.30
140.45000 -53.30
140.50000 -53.30
140.55000 -53.30
140.60000 -53.30
140.65000 -53.30
140.70000 -53.30
140.75000 -53.30
140.80000 -53.30
140.85000 -53.30
140.90000 -53.30
140.95000 -53.30
141.00000 -53.30
141.05000 -53.30
141.10000 -53.30
141.15000 -53.30
141.20000 -53.30
141.25000 -53.31
141.30000 -53.30
141.35000 -53.30
141.40000 -53.30
141.45000 -53.30
141.50000 -53.31
141.55000 -53.31
141.60000 -53.30
141.65000 -53.31
141.70000 -53.31
141.75000 -53.31
141.80000 -53.31
141.85000 -53.31
141.90000 -53.31
141.95000 -53.31
142.00000 -53.31
142.05000 -53.31
142.10000 -53.31
142.15000 -53.31
142.20000 -53.31
142.25000 -53.31
142.30000 -53.31
142.35000 -53.31
142.40000 -53.31
142.45000 -53.31
142.50000 -53.31
142.55000 -53.31
142.60000 -53.31
142.65000 -53.31
142.70000 -53.31
142.75000 -53.31
142.80000 -53.31
142.85000 -53.31
142.90000 -53.30
142.95000 -53.30
143.00000 -53.30
143.05000 -53.30
143.10000 -53.30
143.15000 -53.30
143.20000 -53.30
143.25000 -53.30
143.30000 -53.30
143.35000 -53.29
143.40000 -53.30
143.45000 -53.29
143.50000 -53.30
143.55000 -53.30
143.60000 -53.29
143.65000 -53.30
143.70000 -53.30
143.75000 -53.29
143.80000 -53.29
143.85000 -53.30
143.90000 -53.30
143.95000 -53.30
144.00000 -53.30
144.05000 -53.30
144.10000 -53.30
144.15000 -53.30
144.20000 -53.30
144.25000 -53.30
144.30000 -53.30
144.35000 -53.31
144.40000 -53.30
144.45000 -53.31
144.50000 -53.31
144.55000 -53.31
144.60000 -53.31
144.65000 -53.31
144.70000 -53.31
144.75000 -53.31
144.80000 -53.31
144.85000 -53.31
144.90000 -53.31
144.95000 -53.31
145.00000 -53.31
145.05000 -53.31
145.10000 -53.31
145.15000 -53.32
145.20000 -53.32
145.25000 -53.32
145.30000 -53.31
145.35000 -53.32
145.40000 -53.32
145.45000 -53.32
145.50000 -53.32
145.55000 -53.32
145.60000 -53.32
145.65000 -53.32
145.70000 -53.32
145.75000 -53.32
145.80000 -53.32
145.85000 -53.32
145.90000 -53.33
145.95000 -53.32
146.00000 -53.32
146.05000 -53.32
146.10000 -53.32
146.15000 -53.32
146.20000 -53.32
146.25000 -53.32
146.30000 -53.32
146.35000 -53.32
146.40000 -53.32
146.45000 -53.32
146.50000 -53.32
146.55000 -53.32
146.60000 -53.32
146.65000 -53.32
146.70000 -53.32
146.75000 -53.32
146.80000 -53.32
146.85000 -53.32
146.90000 -53.32
146.95000 -53.32
147.00000 -53.32
147.05000 -53.32
147.10000 -53.32
147.15000 -53.32
147.20000 -53.32
147.25000 -53.32
147.30000 -53.32
147.35000 -53.32
147.40000 -53.32
147.45000 -53.32
147.50000 -53.32
147.55000 -53.33
147.60000 -53.33
147.65000 -53.33
147.70000 -53.32
147.75000 -53.33
147.80000 -53.33
147.85000 -53.33
147.90000 -53.33
147.95000 -53.33
148.00000 -53.33
148.05000 -53.33
148.10000 -53.33
148.15000 -53.34
148.20000 -53.34
148.25000 -53.34
148.30000 -53.34
148.35000 -53.34
148.40000 -53.34
148.45000 -53.34
148.50000 -53.34
148.55000 -53.34
148.60000 -53.34
148.65000 -53.34
148.70000 -53.34
148.75000 -53.34
148.80000 -53.34
148.85000 -53.34
148.90000 -53.34
148.95000 -53.34
149.00000 -53.34
149.05000 -53.34
149.10000 -53.34
149.15000 -53.34
149.20000 -53.34
149.25000 -53.35
149.30000 -53.35
149.35000 -53.35
149.40000 -53.34
149.45000 -53.34
149.50000 -53.35
149.55000 -53.34
149.60000 -53.34
149.65000 -53.34
149.70000 -53.34
149.75000 -53.34
149.80000 -53.34
149.85000 -53.34
149.90000 -53.34
149.95000 -53.34
150.00000 -53.34
150.05000 -53.34
150.10000 -53.34
150.15000 -53.33
150.20000 -53.33
150.25000 -53.33
150.30000 -53.33
150.35000 -53.33
150.40000 -53.33
150.45000 -53.33
150.50000 -53.32
150.55000 -53.32
150.60000 -53.33
150.65000 -53.33
150.70000 -53.32
150.75000 -53.32
150.80000 -53.32
150.85000 -53.32
150.90000 -53.32
150.95000 -53.32
151.00000 -53.32
151.05000 -53.32
151.10000 -53.32
151.15000 -53.32
151.20000 -53.32
151.25000 -53.32
151.30000 -53.32
151.35000 -53.32
151.40000 -53.32
151.45000 -53.32
151.50000 -53.32
151.55000 -53.31
151.60000 -53.31
151.65000 -53.31
151.70000 -53.31
151.75000 -53.31
151.80000 -53.31
151.85000 -53.31
151.90000 -53.31
151.95000 -53.31
152.00000 -53.31
152.05000 -53.31
152.10000 -53.31
152.15000 -53.31
152.20000 -53.31
152.25000 -53.31
152.30000 -53.31
152.35000 -53.31
152.40000 -53.31
152.45000 -53.31
152.50000 -53.31
152.55000 -53.31
152.60000 -53.31
152.65000 -53.31
152.70000 -53.31
152.75000 -53.31
152.80000 -53.31
152.85000 -53.31
152.90000 -53.31
152.95000 -53.31
153.00000 -53.31
153.05000 -53.31
153.10000 -53.31
153.15000 -53.31
153.20000 -53.31
153.25000 -53.31
153.30000 -53.31
153.35000 -53.31
153.40000 -53.31
153.45000 -53.31
153.50000 -53.31
153.55000 -53.31
153.60000 -53.31
153.65000 -53.31
153.70000 -53.32
153.75000 -53.31
153.80000 -53.31
153.85000 -53.32
153.90000 -53.32
153.95000 -53.32
154.00000 -53.32
154.05000 -53.32
154.10000 -53.32
154.15000 -53.32
154.20000 -53.32
154.25000 -53.32
154.30000 -53.32
154.35000 -53.32
154.40000 -53.32
154.45000 -53.32
154.50000 -53.33
154.55000 -53.33
154.60000 -53.33
154.65000 -53.33
154.70000 -53.33
154.75000 -53.33
154.80000 -53.33
154.85000 -53.33
154.90000 -53.33
154.95000 -53.33
155.00000 -53.33
155.05000 -53.33
155.10000 -53.33
155.15000 -53.33
155.20000 -53.33
155.25000 -53.32
155.30000 -53.32
155.35000 -53.33
155.40000 -53.33
155.45000 -53.33
155.50000 -53.33
155.55000 -53.33
155.60000 -53.33
155.65000 -53.33
155.70000 -53.33
155.75000 -53.33
155.80000 -53.33
155.85000 -53.33
155.90000 -53.33
155.95000 -53.33
156.00000 -53.33
156.05000 -53.34
156.10000 -53.33
156.15000 -53.33
156.20000 -53.33
156.25000 -53.33
156.30000 -53.33
156.35000 -53.33
156.40000 -53.33
156.45000 -53.33
156.50000 -53.33
156.55000 -53.33
156.60000 -53.33
156.65000 -53.33
156.70000 -53.33
156.75000 -53.33
156.80000 -53.33
156.85000 -53.33
156.90000 -53.32
156.95000 -53.32
157.00000 -53.32
157.05000 -53.33
157.10000 -53.32
157.15000 -53.32
157.20000 -53.32
157.25000 -53.32
157.30000 -53.32
157.35000 -53.32
157.40000 -53.32
157.45000 -53.32
157.50000 -53.31
157.55000 -53.32
157.60000 -53.31
157.65000 -53.31
157.70000 -53.31
157.75000 -53.31
157.80000 -53.31
157.85000 -53.31
157.90000 -53.31
157.95000 -53.31
158.00000 -53.32
158.05000 -53.31
158.10000 -53.31
158.15000 -53.31
158.20000 -53.31
158.25000 -53.31
158.30000 -53.31
158.35000 -53.31
158.40000 -53.31
158.45000 -53.31
158.50000 -53.31
158.55000 -53.31
158.60000 -53.31
158.65000 -53.31
158.70000 -53.30
158.75000 -53.30
158.80000 -53.31
158.85000 -53.31
158.90000 -53.31
158.95000 -53.31
159.00000 -53.30
159.05000 -53.31
159.10000 -53.31
159.15000 -53.31
159.20000 -53.31
159.25000 -53.31
159.30000 -53.31
159.35000 -53.31
159.40000 -53.31
159.45000 -53.31
159.50000 -53.31
159.55000 -53.31
159.60000 -53.31
159.65000 -53.31
159.70000 -53.31
159.75000 -53.31
159.80000 -53.31
159.85000 -53.31
159.90000 -53.31
159.95000 -53.31
160.00000 -53.31
160.05000 -53.31
160.10000 -53.31
160.15000 -53.31
160.20000 -53.31
160.25000 -53.31
160.30000 -53.31
160.35000 -53.31
160.40000 -53.31
160.45000 -53.31
160.50000 -53.31
160.55000 -53.31
160.60000 -53.31
160.65000 -53.31
160.70000 -53.31
160.75000 -53.31
160.80000 -53.31
160.85000 -53.31
160.90000 -53.31
160.95000 -53.31
161.00000 -53.30
161.05000 -53.30
161.10000 -53.31
161.15000 -53.30
161.20000 -53.30
161.25000 -53.30
161.30000 -53.30
161.35000 -53.30
161.40000 -53.30
161.45000 -53.31
161.50000 -53.30
161.55000 -53.30
161.60000 -53.30
161.65000 -53.30
161.70000 -53.30
161.75000 -53.30
161.80000 -53.30
161.85000 -53.30
161.90000 -53.30
161.95000 -53.29
162.00000 -53.29
162.05000 -53.29
162.10000 -53.29
162.15000 -53.29
162.20000 -53.29
162.25000 -53.29
162.30000 -53.29
162.35000 -53.29
162.40000 -53.29
162.45000 -53.29
162.50000 -53.29
162.55000 -53.29
162.60000 -53.29
162.65000 -53.28
162.70000 -53.28
162.75000 -53.29
162.80000 -53.29
162.85000 -53.29
162.90000 -53.29
162.95000 -53.29
163.00000 -53.29
163.05000 -53.29
163.10000 -53.29
163.15000 -53.29
163.20000 -53.29
163.25000 -53.29
163.30000 -53.29
163.35000 -53.29
163.40000 -53.29
163.45000 -53.29
163.50000 -53.29
163.55000 -53.29
163.60000 -53.29
163.65000 -53.29
163.70000 -53.29
163.75000 -53.30
163.80000 -53.30
163.85000 -53.29
163.90000 -53.30
163.95000 -53.30
164.00000 -53.30
164.05000 -53.30
164.10000 -53.29
164.15000 -53.30
164.20000 -53.30
164.25000 -53.30
164.30000 -53.30
164.35000 -53.30
164.40000 -53.30
164.45000 -53.30
164.50000 -53.30
164.55000 -53.30
164.60000 -53.30
164.65000 -53.30
164.70000 -53.30
164.75000 -53.31
164.80000 -53.31
164.85000 -53.30
164.90000 -53.30
164.95000 -53.31
165.00000 -53.31
165.05000 -53.31
165.10000 -53.30
165.15000 -53.31
165.20000 -53.31
165.25000 -53.31
165.30000 -53.31
165.35000 -53.31
165.40000 -53.30
165.45000 -53.31
165.50000 -53.31
165.55000 -53.31
165.60000 -53.31
165.65000 -53.31
165.70000 -53.31
165.75000 -53.31
165.80000 -53.31
165.85000 -53.31
165.90000 -53.31
165.95000 -53.31
166.00000 -53.31
166.05000 -53.31
166.10000 -53.31
166.15000 -53.31
166.20000 -53.31
166.25000 -53.32
166.30000 -53.31
166.35000 -53.32
166.40000 -53.31
166.45000 -53.32
166.50000 -53.32
166.55000 -53.31
166.60000 -53.31
166.65000 -53.31
166.70000 -53.31
166.75000 -53.31
166.80000 -53.32
166.85000 -53.32
166.90000 -53.32
166.95000 -53.31
167.00000 -53.31
167.05000 -53.31
167.10000 -53.31
167.15000 -53.31
167.20000 -53.31
167.25000 -53.31
167.30000 -53.31
167.35000 -53.31
167.40000 -53.31
167.45000 -53.31
167.50000 -53.31
167.55000 -53.31
167.60000 -53.31
167.65000 -53.30
167.70000 -53.30
167.75000 -53.30
167.80000 -53.31
167.85000 -53.30
167.90000 -53.30
167.95000 -53.31
168.00000 -53.31
168.05000 -53.31
168.10000 -53.31
168.15000 -53.30
168.20000 -53.31
168.25000 -53.30
168.30000 -53.30
168.35000 -53.31
168.40000 -53.30
168.45000 -53.31
168.50000 -53.31
168.55000 -53.31
168.60000 -53.31
168.65000 -53.30
168.70000 -53.30
168.75000 -53.30
168.80000 -53.30
168.85000 -53.30
168.90000 -53.30
168.95000 -53.30
169.00000 -53.30
169.05000 -53.30
169.10000 -53.30
169.15000 -53.30
169.20000 -53.30
169.25000 -53.30
169.30000 -53.30
169.35000 -53.30
169.40000 -53.30
169.45000 -53.30
169.50000 -53.30
169.55000 -53.30
169.60000 -53.30
169.65000 -53.30
169.70000 -53.30
169.75000 -53.30
169.80000 -53.30
169.85000 -53.30
169.90000 -53.30
169.95000 -53.30
170.00000 -53.30
170.05000 -53.30
170.10000 -53.30
170.15000 -53.30
170.20000 -53.30
170.25000 -53.30
170.30000 -53.30
170.35000 -53.30
170.40000 -53.30
170.45000 -53.30
170.50000 -53.30
170.55000 -53.30
170.60000 -53.30
170.65000 -53.30
170.70000 -53.30
170.75000 -53.30
170.80000 -53.30
170.85000 -53.30
170.90000 -53.30
170.95000 -53.30
171.00000 -53.30
171.05000 -53.30
171.10000 -53.30
171.15000 -53.29
171.20000 -53.30
171.25000 -53.30
171.30000 -53.29
171.35000 -53.30
171.40000 -53.29
171.45000 -53.29
171.50000 -53.29
171.55000 -53.29
171.60000 -53.30
171.65000 -53.30
171.70000 -53.30
171.75000 -53.29
171.80000 -53.29
171.85000 -53.29
171.90000 -53.30
171.95000 -53.30
172.00000 -53.30
172.05000 -53.30
172.10000 -53.30
172.15000 -53.30
172.20000 -53.30
172.25000 -53.30
172.30000 -53.30
172.35000 -53.30
172.40000 -53.30
172.45000 -53.30
172.50000 -53.30
172.55000 -53.30
172.60000 -53.30
172.65000 -53.29
172.70000 -53.30
172.75000 -53.30
172.80000 -53.29
172.85000 -53.29
172.90000 -53.29
172.95000 -53.29
173.00000 -53.29
173.05000 -53.29
173.10000 -53.29
173.15000 -53.29
173.20000 -53.30
173.25000 -53.30
173.30000 -53.29
173.35000 -53.30
173.40000 -53.30
173.45000 -53.30
173.50000 -53.30
173.55000 -53.30
173.60000 -53.30
173.65000 -53.30
173.70000 -53.30
173.75000 -53.30
173.80000 -53.30
173.85000 -53.30
173.90000 -53.30
173.95000 -53.30
174.00000 -53.30
174.05000 -53.30
174.10000 -53.30
174.15000 -53.29
174.20000 -53.29
174.25000 -53.29
174.30000 -53.29
174.35000 -53.29
174.40000 -53.29
174.45000 -53.30
174.50000 -53.29
174.55000 -53.29
174.60000 -53.29
174.65000 -53.29
174.70000 -53.29
174.75000 -53.29
174.80000 -53.29
174.85000 -53.29
174.90000 -53.29
174.95000 -53.29
175.00000 -53.29
175.05000 -53.29
175.10000 -53.29
175.15000 -53.29
175.20000 -53.29
175.25000 -53.30
175.30000 -53.30
175.35000 -53.30
175.40000 -53.30
175.45000 -53.30
175.50000 -53.30
175.55000 -53.30
175.60000 -53.30
175.65000 -53.30
175.70000 -53.30
175.75000 -53.30
175.80000 -53.30
175.85000 -53.30
175.90000 -53.30
175.95000 -53.30
176.00000 -53.30
176.05000 -53.30
176.10000 -53.30
176.15000 -53.30
176.20000 -53.30
176.25000 -53.31
176.30000 -53.31
176.35000 -53.31
176.40000 -53.31
176.45000 -53.31
176.50000 -53.31
176.55000 -53.31
176.60000 -53.31
176.65000 -53.31
176.70000 -53.31
176.75000 -53.31
176.80000 -53.32
176.85000 -53.32
176.90000 -53.31
176.95000 -53.32
177.00000 -53.31
177.05000 -53.32
177.10000 -53.31
177.15000 -53.32
177.20000 -53.32
177.25000 -53.32
177.30000 -53.32
177.35000 -53.31
177.40000 -53.31
177.45000 -53.32
177.50000 -53.32
177.55000 -53.32
177.60000 -53.32
177.65000 -53.32
177.70000 -53.32
177.75000 -53.32
177.80000 -53.31
177.85000 -53.31
177.90000 -53.32
177.95000 -53.32
178.00000 -53.32
178.05000 -53.32
178.10000 -53.32
178.15000 -53.32
178.20000 -53.32
178.25000 -53.32
178.30000 -53.32
178.35000 -53.32
178.40000 -53.32
178.45000 -53.32
178.50000 -53.32
178.55000 -53.32
178.60000 -53.32
178.65000 -53.32
178.70000 -53.32
178.75000 -53.32
178.80000 -53.32
178.85000 -53.32
178.90000 -53.32
178.95000 -53.32
179.00000 -53.32
179.05000 -53.32
179.10000 -53.32
179.15000 -53.32
179.20000 -53.31
179.25000 -53.32
179.30000 -53.31
179.35000 -53.31
179.40000 -53.31
179.45000 -53.31
179.50000 -53.31
179.55000 -53.31
179.60000 -53.31
179.65000 -53.31
179.70000 -53.31
179.75000 -53.31
179.80000 -53.31
179.85000 -53.31
179.90000 -53.31
179.95000 -53.31
180.00000 -53.31
180.05000 -53.31
180.10000 -53.31
180.15000 -53.30
180.20000 -53.30
180.25000 -53.31
180.30000 -53.31
180.35000 -53.31
180.40000 -53.31
180.45000 -53.31
180.50000 -53.30
180.55000 -53.31
180.60000 -53.30
180.65000 -53.30
180.70000 -53.30
180.75000 -53.31
180.80000 -53.30
180.85000 -53.30
180.90000 -53.30
180.95000 -53.30
181.00000 -53.30
181.05000 -53.30
181.10000 -53.30
181.15000 -53.30
181.20000 -53.30
181.25000 -53.30
181.30000 -53.30
181.35000 -53.30
181.40000 -53.30
181.45000 -53.30
181.50000 -53.30
181.55000 -53.30
181.60000 -53.30
181.65000 -53.30
181.70000 -53.30
181.75000 -53.30
181.80000 -53.30
181.85000 -53.30
181.90000 -53.30
181.95000 -53.30
182.00000 -53.30
182.05000 -53.30
182.10000 -53.30
182.15000 -53.30
182.20000 -53.30
182.25000 -53.30
182.30000 -53.30
182.35000 -53.31
182.40000 -53.30
182.45000 -53.30
182.50000 -53.30
182.55000 -53.30
182.60000 -53.30
182.65000 -53.30
182.70000 -53.30
182.75000 -53.30
182.80000 -53.30
182.85000 -53.30
182.90000 -53.30
182.95000 -53.30
183.00000 -53.30
183.05000 -53.30
183.10000 -53.30
183.15000 -53.30
183.20000 -53.30
183.25000 -53.30
183.30000 -53.30
183.35000 -53.30
183.40000 -53.30
183.45000 -53.30
183.50000 -53.30
183.55000 -53.30
183.60000 -53.30
183.65000 -53.30
183.70000 -53.30
183.75000 -53.30
183.80000 -53.30
183.85000 -53.30
183.90000 -53.30
183.95000 -53.30
184.00000 -53.30
184.05000 -53.30
184.10000 -53.30
184.15000 -53.30
184.20000 -53.30
184.25000 -53.30
184.30000 -53.30
184.35000 -53.29
184.40000 -53.29
184.45000 -53.30
184.50000 -53.30
184.55000 -53.30
184.60000 -53.30
184.65000 -53.30
184.70000 -53.30
184.75000 -53.29
184.80000 -53.29
184.85000 -53.29
184.90000 -53.29
184.95000 -53.29
185.00000 -53.30
185.05000 -53.29
185.10000 -53.29
185.15000 -53.29
185.20000 -53.29
185.25000 -53.29
185.30000 -53.30
185.35000 -53.29
185.40000 -53.29
185.45000 -53.30
185.50000 -53.29
185.55000 -53.29
185.60000 -53.29
185.65000 -53.29
185.70000 -53.29
185.75000 -53.29
185.80000 -53.29
185.85000 -53.29
185.90000 -53.29
185.95000 -53.29
186.00000 -53.29
186.05000 -53.29
186.10000 -53.29
186.15000 -53.29
186.20000 -53.29
186.25000 -53.29
186.30000 -53.28
186.35000 -53.29
186.40000 -53.29
186.45000 -53.29
186.50000 -53.28
186.55000 -53.28
186.60000 -53.28
186.65000 -53.28
186.70000 -53.28
186.75000 -53.28
186.80000 -53.28
186.85000 -53.28
186.90000 -53.28
186.95000 -53.28
187.00000 -53.28
187.05000 -53.28
187.10000 -53.28
187.15000 -53.29
187.20000 -53.29
187.25000 -53.29
187.30000 -53.29
187.35000 -53.29
187.40000 -53.29
187.45000 -53.29
187.50000 -53.29
187.55000 -53.29
187.60000 -53.29
187.65000 -53.29
187.70000 -53.29
187.75000 -53.29
187.80000 -53.29
187.85000 -53.30
187.90000 -53.29
187.95000 -53.30
188.00000 -53.30
188.05000 -53.29
188.10000 -53.30
188.15000 -53.30
188.20000 -53.29
188.25000 -53.30
188.30000 -53.30
188.35000 -53.30
188.40000 -53.30
188.45000 -53.30
188.50000 -53.30
188.55000 -53.30
188.60000 -53.30
188.65000 -53.31
188.70000 -53.31
188.75000 -53.31
188.80000 -53.31
188.85000 -53.31
188.90000 -53.31
188.95000 -53.31
189.00000 -53.31
189.05000 -53.31
189.10000 -53.31
189.15000 -53.31
189.20000 -53.31
189.25000 -53.31
189.30000 -53.31
189.35000 -53.31
189.40000 -53.31
189.45000 -53.31
189.50000 -53.31
189.55000 -53.31
189.60000 -53.31
189.65000 -53.31
189.70000 -53.31
189.75000 -53.31
189.80000 -53.31
189.85000 -53.31
189.90000 -53.31
189.95000 -53.31
190.00000 -53.30
190.05000 -53.30
190.10000 -53.30
190.15000 -53.30
190.20000 -53.30
190.25000 -53.30
190.30000 -53.30
190.35000 -53.30
190.40000 -53.30
190.45000 -53.30
190.50000 -53.30
190.55000 -53.30
190.60000 -53.30
190.65000 -53.30
190.70000 -53.30
190.75000 -53.30
190.80000 -53.30
190.85000 -53.29
190.90000 -53.30
190.95000 -53.30
191.00000 -53.29
191.05000 -53.30
191.10000 -53.29
191.15000 -53.30
191.20000 -53.30
191.25000 -53.30
191.30000 -53.30
191.35000 -53.30
191.40000 -53.30
191.45000 -53.30
191.50000 -53.30
191.55000 -53.30
191.60000 -53.30
191.65000 -53.30
191.70000 -53.30
191.75000 -53.30
191.80000 -53.30
191.85000 -53.30
191.90000 -53.30
191.95000 -53.30
192.00000 -53.30
192.05000 -53.31
192.10000 -53.31
192.15000 -53.30
192.20000 -53.30
192.25000 -53.30
192.30000 -53.30
192.35000 -53.30
192.40000 -53.30
192.45000 -53.30
192.50000 -53.30
192.55000 -53.30
192.60000 -53.30
192.65000 -53.30
192.70000 -53.30
192.75000 -53.30
192.80000 -53.30
192.85000 -53.30
192.90000 -53.30
192.95000 -53.30
193.00000 -53.30
193.05000 -53.30
193.10000 -53.30
193.15000 -53.30
193.20000 -53.30
193.25000 -53.30
193.30000 -53.30
193.35000 -53.30
193.40000 -53.30
193.45000 -53.30
193.50000 -53.30
193.55000 -53.30
193.60000 -53.30
193.65000 -53.29
193.70000 -53.30
193.75000 -53.29
193.80000 -53.29
193.85000 -53.30
193.90000 -53.29
193.95000 -53.29
194.00000 -53.29
194.05000 -53.30
194.10000 -53.30
194.15000 -53.29
194.20000 -53.30
194.25000 -53.29
194.30000 -53.29
194.35000 -53.29
194.40000 -53.30
194.45000 -53.29
194.50000 -53.29
194.55000 -53.30
194.60000 -53.29
194.65000 -53.30
194.70000 -53.29
194.75000 -53.29
194.80000 -53.29
194.85000 -53.29
194.90000 -53.30
194.95000 -53.29
195.00000 -53.30
195.05000 -53.29
195.10000 -53.30
195.15000 -53.30
195.20000 -53.31
195.25000 -53.30
195.30000 -53.30
195.35000 -53.30
195.40000 -53.30
195.45000 -53.30
195.50000 -53.30
195.55000 -53.30
195.60000 -53.30
195.65000 -53.31
195.70000 -53.31
195.75000 -53.30
195.80000 -53.31
195.85000 -53.30
195.90000 -53.31
195.95000 -53.31
196.00000 -53.31
196.05000 -53.30
196.10000 -53.30
196.15000 -53.31
196.20000 -53.31
196.25000 -53.31
196.30000 -53.31
196.35000 -53.31
196.40000 -53.31
196.45000 -53.31
196.50000 -53.31
196.55000 -53.31
196.60000 -53.31
196.65000 -53.31
196.70000 -53.31
196.75000 -53.31
196.80000 -53.31
196.85000 -53.31
196.90000 -53.31
196.95000 -53.31
197.00000 -53.31
197.05000 -53.31
197.10000 -53.30
197.15000 -53.31
197.20000 -53.31
197.25000 -53.30
197.30000 -53.31
197.35000 -53.31
197.40000 -53.31
197.45000 -53.31
197.50000 -53.31
197.55000 -53.31
197.60000 -53.31
197.65000 -53.31
197.70000 -53.31
197.75000 -53.31
197.80000 -53.31
197.85000 -53.31
197.90000 -53.31
197.95000 -53.31
198.00000 -53.31
198.05000 -53.31
198.10000 -53.31
198.15000 -53.31
198.20000 -53.31
198.25000 -53.31
198.30000 -53.31
198.35000 -53.31
198.40000 -53.30
198.45000 -53.31
198.50000 -53.31
198.55000 -53.30
198.60000 -53.30
198.65000 -53.31
198.70000 -53.30
198.75000 -53.31
198.80000 -53.31
198.85000 -53.31
198.90000 -53.31
198.95000 -53.30
199.00000 -53.30
199.05000 -53.30
199.10000 -53.30
199.15000 -53.31
199.20000 -53.31
199.25000 -53.30
199.30000 -53.31
199.35000 -53.31
199.40000 -53.31
199.45000 -53.31
199.50000 -53.31
199.55000 -53.31
199.60000 -53.31
199.65000 -53.31
199.70000 -53.31
199.75000 -53.31
199.80000 -53.31
199.85000 -53.31
199.90000 -53.31
199.95000 -53.31
200.00000 -53.31
200.05000 -53.31
200.10000 -53.31
200.15000 -53.31
200.20000 -53.31
200.25000 -53.31
200.30000 -53.31
200.35000 -53.31
200.40000 -53.31
200.45000 -53.31
200.50000 -53.31
200.55000 -53.30
200.60000 -53.30
200.65000 -53.30
200.70000 -53.30
200.75000 -53.31
200.80000 -53.31
200.85000 -53.31
200.90000 -53.31
200.95000 -53.31
201.00000 -53.31
201.05000 -53.31
201.10000 -53.31
201.15000 -53.31
201.20000 -53.31
201.25000 -53.31
201.30000 -53.31
201.35000 -53.31
201.40000 -53.31
201.45000 -53.31
201.50000 -53.31
201.55000 -53.31
201.60000 -53.31
201.65000 -53.31
201.70000 -53.31
201.75000 -53.31
201.80000 -53.31
201.85000 -53.32
201.90000 -53.32
201.95000 -53.32
202.00000 -53.31
202.05000 -53.31
202.10000 -53.32
202.15000 -53.32
202.20000 -53.32
202.25000 -53.32
202.30000 -53.32
202.35000 -53.32
202.40000 -53.32
202.45000 -53.32
202.50000 -53.32
202.55000 -53.32
202.60000 -53.31
202.65000 -53.32
202.70000 -53.32
202.75000 -53.31
202.80000 -53.32
202.85000 -53.32
202.90000 -53.32
202.95000 -53.31
203.00000 -53.31
203.05000 -53.31
203.10000 -53.32
203.15000 -53.32
203.20000 -53.31
203.25000 -53.31
203.30000 -53.31
203.35000 -53.31
203.40000 -53.31
203.45000 -53.31
203.50000 -53.31
203.55000 -53.31
203.60000 -53.31
203.65000 -53.32
203.70000 -53.32
203.75000 -53.31
203.80000 -53.32
203.85000 -53.32
203.90000 -53.32
203.95000 -53.32
204.00000 -53.32
204.05000 -53.32
204.10000 -53.32
204.15000 -53.32
204.20000 -53.31
204.25000 -53.32
204.30000 -53.31
204.35000 -53.31
204.40000 -53.31
204.45000 -53.31
204.50000 -53.31
204.55000 -53.31
204.60000 -53.31
204.65000 -53.31
204.70000 -53.31
204.75000 -53.31
204.80000 -53.30
204.85000 -53.30
204.90000 -53.30
204.95000 -53.30
205.00000 -53.30
205.05000 -53.30
205.10000 -53.30
205.15000 -53.30
205.20000 -53.30
205.25000 -53.30
205.30000 -53.30
205.35000 -53.30
205.40000 -53.30
205.45000 -53.30
205.50000 -53.30
205.55000 -53.30
205.60000 -53.30
205.65000 -53.30
205.70000 -53.30
205.75000 -53.30
205.80000 -53.30
205.85000 -53.30
205.90000 -53.30
205.95000 -53.30
206.00000 -53.30
206.05000 -53.30
206.10000 -53.30
206.15000 -53.30
206.20000 -53.30
206.25000 -53.30
206.30000 -53.30
206.35000 -53.30
206.40000 -53.30
206.45000 -53.31
206.50000 -53.31
206.55000 -53.31
206.60000 -53.30
206.65000 -53.31
206.70000 -53.31
206.75000 -53.31
206.80000 -53.30
206.85000 -53.30
206.90000 -53.30
206.95000 -53.30
207.00000 -53.30
207.05000 -53.30
207.10000 -53.30
207.15000 -53.30
207.20000 -53.30
207.25000 -53.30
207.30000 -53.30
207.35000 -53.30
207.40000 -53.30
207.45000 -53.30
207.50000 -53.30
207.55000 -53.30
207.60000 -53.30
207.65000 -53.29
207.70000 -53.29
207.75000 -53.29
207.80000 -53.29
207.85000 -53.29
207.90000 -53.29
207.95000 -53.29
208.00000 -53.29
208.05000 -53.29
208.10000 -53.29
208.15000 -53.28
208.20000 -53.28
208.25000 -53.28
208.30000 -53.28
208.35000 -53.28
208.40000 -53.28
208.45000 -53.28
208.50000 -53.28
208.55000 -53.28
208.60000 -53.28
208.65000 -53.28
208.70000 -53.27
208.75000 -53.28
208.80000 -53.28
208.85000 -53.27
208.90000 -53.27
208.95000 -53.28
209.00000 -53.27
209.05000 -53.27
209.10000 -53.28
209.15000 -53.28
209.20000 -53.28
209.25000 -53.27
209.30000 -53.28
209.35000 -53.28
209.40000 -53.28
209.45000 -53.27
209.50000 -53.28
209.55000 -53.28
209.60000 -53.28
209.65000 -53.28
209.70000 -53.28
209.75000 -53.28
209.80000 -53.28
209.85000 -53.28
209.90000 -53.28
209.95000 -53.28
210.00000 -53.28
210.05000 -53.28
210.10000 -53.28
210.15000 -53.28
210.20000 -53.29
210.25000 -53.28
210.30000 -53.28
210.35000 -53.29
210.40000 -53.28
210.45000 -53.28
210.50000 -53.28
210.55000 -53.28
210.60000 -53.29
210.65000 -53.28
210.70000 -53.28
210.75000 -53.28
210.80000 -53.29
210.85000 -53.29
210.90000 -53.28
210.95000 -53.28
211.00000 -53.29
211.05000 -53.28
211.10000 -53.28
211.15000 -53.29
211.20000 -53.29
211.25000 -53.29
211.30000 -53.29
211.35000 -53.29
211.40000 -53.29
211.45000 -53.28
211.50000 -53.29
211.55000 -53.29
211.60000 -53.29
211.65000 -53.29
211.70000 -53.29
211.75000 -53.29
211.80000 -53.29
211.85000 -53.29
211.90000 -53.29
211.95000 -53.29
212.00000 -53.28
212.05000 -53.29
212.10000 -53.29
212.15000 -53.28
212.20000 -53.28
212.25000 -53.28
212.30000 -53.29
212.35000 -53.29
212.40000 -53.29
212.45000 -53.29
212.50000 -53.29
212.55000 -53.29
212.60000 -53.29
212.65000 -53.29
212.70000 -53.29
212.75000 -53.29
212.80000 -53.29
212.85000 -53.29
212.90000 -53.29
212.95000 -53.29
213.00000 -53.29
213.05000 -53.29
213.10000 -53.29
213.15000 -53.29
213.20000 -53.29
213.25000 -53.29
213.30000 -53.29
213.35000 -53.29
213.40000 -53.29
213.45000 -53.29
213.50000 -53.29
213.55000 -53.29
213.60000 -53.29
213.65000 -53.29
213.70000 -53.29
213.75000 -53.29
213.80000 -53.29
213.85000 -53.29
213.90000 -53.29
213.95000 -53.29
214.00000 -53.29
214.05000 -53.29
214.10000 -53.29
214.15000 -53.29
214.20000 -53.29
214.25000 -53.29
214.30000 -53.29
214.35000 -53.30
214.40000 -53.30
214.45000 -53.30
214.50000 -53.30
214.55000 -53.30
214.60000 -53.30
214.65000 -53.30
214.70000 -53.30
214.75000 -53.30
214.80000 -53.30
214.85000 -53.30
214.90000 -53.30
214.95000 -53.30
215.00000 -53.31
215.05000 -53.30
215.10000 -53.30
215.15000 -53.30
215.20000 -53.31
215.25000 -53.30
215.30000 -53.30
215.35000 -53.30
215.40000 -53.30
215.45000 -53.30
215.50000 -53.30
215.55000 -53.30
215.60000 -53.30
215.65000 -53.30
215.70000 -53.29
215.75000 -53.29
215.80000 -53.29
215.85000 -53.29
215.90000 -53.29
215.95000 -53.29
216.00000 -53.29
216.05000 -53.29
216.10000 -53.29
216.15000 -53.29
216.20000 -53.29
216.25000 -53.29
216.30000 -53.29
216.35000 -53.29
216.40000 -53.29
216.45000 -53.29
216.50000 -53.29
216.55000 -53.30
216.60000 -53.30
216.65000 -53.29
216.70000 -53.29
216.75000 -53.30
216.80000 -53.30
216.85000 -53.30
216.90000 -53.30
216.95000 -53.30
217.00000 -53.30
217.05000 -53.30
217.10000 -53.30
217.15000 -53.30
217.20000 -53.30
217.25000 -53.30
217.30000 -53.30
217.35000 -53.30
217.40000 -53.30
217.45000 -53.31
217.50000 -53.30
217.55000 -53.31
217.60000 -53.31
217.65000 -53.31
217.70000 -53.30
217.75000 -53.31
217.80000 -53.31
217.85000 -53.31
217.90000 -53.31
217.95000 -53.31
218.00000 -53.31
218.05000 -53.31
218.10000 -53.31
218.15000 -53.31
218.20000 -53.31
218.25000 -53.31
218.30000 -53.31
218.35000 -53.31
218.40000 -53.31
218.45000 -53.31
218.50000 -53.31
218.55000 -53.31
218.60000 -53.31
218.65000 -53.31
218.70000 -53.31
218.75000 -53.31
218.80000 -53.31
218.85000 -53.31
218.90000 -53.32
218.95000 -53.32
219.00000 -53.32
219.05000 -53.32
219.10000 -53.32
219.15000 -53.32
219.20000 -53.32
219.25000 -53.32
219.30000 -53.32
219.35000 -53.32
219.40000 -53.32
219.45000 -53.32
219.50000 -53.32
219.55000 -53.33
219.60000 -53.32
219.65000 -53.33
219.70000 -53.32
219.75000 -53.32
219.80000 -53.32
219.85000 -53.32
219.90000 -53.32
219.95000 -53.32
220.00000 -53.32
220.05000 -53.32
220.10000 -53.32
220.15000 -53.33
220.20000 -53.32
220.25000 -53.32
220.30000 -53.32
220.35000 -53.32
220.40000 -53.32
220.45000 -53.32
220.50000 -53.31
220.55000 -53.32
220.60000 -53.31
220.65000 -53.31
220.70000 -53.31
220.75000 -53.32
220.80000 -53.31
220.85000 -53.31
220.90000 -53.31
220.95000 -53.31
221.00000 -53.31
221.05000 -53.31
221.10000 -53.31
221.15000 -53.31
221.20000 -53.31
221.25000 -53.31
221.30000 -53.31
221.35000 -53.30
221.40000 -53.30
221.45000 -53.30
221.50000 -53.30
221.55000 -53.30
221.60000 -53.29
221.65000 -53.30
221.70000 -53.30
221.75000 -53.29
221.80000 -53.29
221.85000 -53.29
221.90000 -53.29
221.95000 -53.29
222.00000 -53.29
222.05000 -53.29
222.10000 -53.29
222.15000 -53.29
222.20000 -53.29
222.25000 -53.29
222.30000 -53.29
222.35000 -53.29
222.40000 -53.29
222.45000 -53.29
222.50000 -53.28
222.55000 -53.29
222.60000 -53.29
222.65000 -53.28
222.70000 -53.28
222.75000 -53.28
222.80000 -53.28
222.85000 -53.28
222.90000 -53.28
222.95000 -53.28
223.00000 -53.28
223.05000 -53.28
223.10000 -53.28
223.15000 -53.28
223.20000 -53.28
223.25000 -53.28
223.30000 -53.28
223.35000 -53.28
223.40000 -53.28
223.45000 -53.28
223.50000 -53.28
223.55000 -53.28
223.60000 -53.27
223.65000 -53.27
223.70000 -53.28
223.75000 -53.27
223.80000 -53.27
223.85000 -53.27
223.90000 -53.27
223.95000 -53.27
224.00000 -53.27
224.05000 -53.27
224.10000 -53.27
224.15000 -53.27
224.20000 -53.27
224.25000 -53.27
224.30000 -53.28
224.35000 -53.28
224.40000 -53.28
224.45000 -53.28
224.50000 -53.28
224.55000 -53.28
224.60000 -53.28
224.65000 -53.28
224.70000 -53.28
224.75000 -53.28
224.80000 -53.28
224.85000 -53.28
224.90000 -53.28
224.95000 -53.28
225.00000 -53.28
225.05000 -53.29
225.10000 -53.29
225.15000 -53.29
225.20000 -53.29
225.25000 -53.29
225.30000 -53.29
225.35000 -53.29
225.40000 -53.29
225.45000 -53.29
225.50000 -53.30
225.55000 -53.29
225.60000 -53.29
225.65000 -53.29
225.70000 -53.29
225.75000 -53.30
225.80000 -53.30
225.85000 -53.30
225.90000 -53.30
225.95000 -53.29
226.00000 -53.29
226.05000 -53.30
226.10000 -53.29
226.15000 -53.30
226.20000 -53.30
226.25000 -53.29
226.30000 -53.29
226.35000 -53.29
226.40000 -53.29
226.45000 -53.29
226.50000 -53.29
226.55000 -53.29
226.60000 -53.29
226.65000 -53.30
226.70000 -53.30
226.75000 -53.29
226.80000 -53.29
226.85000 -53.29
226.90000 -53.29
226.95000 -53.29
227.00000 -53.29
227.05000 -53.29
227.10000 -53.29
227.15000 -53.29
227.20000 -53.29
227.25000 -53.29
227.30000 -53.29
227.35000 -53.29
227.40000 -53.29
227.45000 -53.29
227.50000 -53.29
227.55000 -53.29
227.60000 -53.28
227.65000 -53.28
227.70000 -53.28
227.75000 -53.28
227.80000 -53.28
227.85000 -53.28
227.90000 -53.28
227.95000 -53.28
228.00000 -53.28
228.05000 -53.28
228.10000 -53.28
228.15000 -53.28
228.20000 -53.28
228.25000 -53.28
228.30000 -53.28
228.35000 -53.28
228.40000 -53.28
228.45000 -53.28
228.50000 -53.28
228.55000 -53.27
228.60000 -53.28
228.65000 -53.28
228.70000 -53.28
228.75000 -53.27
228.80000 -53.27
228.85000 -53.28
228.90000 -53.28
228.95000 -53.27
229.00000 -53.27
229.05000 -53.27
229.10000 -53.28
229.15000 -53.28
229.20000 -53.28
229.25000 -53.28
229.30000 -53.28
229.35000 -53.28
229.40000 -53.28
229.45000 -53.28
229.50000 -53.28
229.55000 -53.28
229.60000 -53.28
229.65000 -53.28
229.70000 -53.28
229.75000 -53.28
229.80000 -53.28
229.85000 -53.28
229.90000 -53.29
229.95000 -53.28
230.00000 -53.28
230.05000 -53.28
230.10000 -53.28
230.15000 -53.28
230.20000 -53.29
230.25000 -53.29
230.30000 -53.29
230.35000 -53.29
230.40000 -53.29
230.45000 -53.29
230.50000 -53.29
230.55000 -53.29
230.60000 -53.29
230.65000 -53.29
230.70000 -53.29
230.75000 -53.29
230.80000 -53.28
230.85000 -53.28
230.90000 -53.28
230.95000 -53.28
231.00000 -53.28
231.05000 -53.28
231.10000 -53.28
231.15000 -53.28
231.20000 -53.28
231.25000 -53.28
231.30000 -53.28
231.35000 -53.28
231.40000 -53.28
231.45000 -53.28
231.50000 -53.29
231.55000 -53.29
231.60000 -53.29
231.65000 -53.29
231.70000 -53.29
231.75000 -53.29
231.80000 -53.29
231.85000 -53.29
231.90000 -53.29
231.95000 -53.29
232.00000 -53.29
232.05000 -53.29
232.10000 -53.29
232.15000 -53.29
232.20000 -53.29
232.25000 -53.29
232.30000 -53.29
232.35000 -53.30
232.40000 -53.29
232.45000 -53.29
232.50000 -53.29
232.55000 -53.29
232.60000 -53.29
232.65000 -53.29
232.70000 -53.29
232.75000 -53.29
232.80000 -53.29
232.85000 -53.29
232.90000 -53.29
232.95000 -53.29
233.00000 -53.29
233.05000 -53.29
233.10000 -53.29
233.15000 -53.29
233.20000 -53.29
233.25000 -53.29
233.30000 -53.29
233.35000 -53.29
233.40000 -53.30
233.45000 -53.29
233.50000 -53.29
233.55000 -53.29
233.60000 -53.29
233.65000 -53.29
233.70000 -53.29
233.75000 -53.29
233.80000 -53.29
233.85000 -53.30
233.90000 -53.30
233.95000 -53.30
234.00000 -53.30
234.05000 -53.30
234.10000 -53.30
234.15000 -53.30
234.20000 -53.30
234.25000 -53.30
234.30000 -53.30
234.35000 -53.31
234.40000 -53.30
234.45000 -53.30
234.50000 -53.31
234.55000 -53.31
234.60000 -53.31
234.65000 -53.30
234.70000 -53.31
234.75000 -53.31
234.80000 -53.31
234.85000 -53.31
234.90000 -53.30
234.95000 -53.30
235.00000 -53.31
235.05000 -53.30
235.10000 -53.30
235.15000 -53.30
235.20000 -53.30
235.25000 -53.30
235.30000 -53.30
235.35000 -53.30
235.40000 -53.30
235.45000 -53.30
235.50000 -53.30
235.55000 -53.30
235.60000 -53.30
235.65000 -53.30
235.70000 -53.30
235.75000 -53.30
235.80000 -53.30
235.85000 -53.30
235.90000 -53.30
235.95000 -53.30
236.00000 -53.30
236.05000 -53.30
236.10000 -53.30
236.15000 -53.30
236.20000 -53.30
236.25000 -53.29
236.30000 -53.30
236.35000 -53.30
236.40000 -53.30
236.45000 -53.30
236.50000 -53.30
236.55000 -53.30
236.60000 -53.30
236.65000 -53.30
236.70000 -53.30
236.75000 -53.30
236.80000 -53.30
236.85000 -53.30
236.90000 -53.30
236.95000 -53.30
237.00000 -53.30
237.05000 -53.30
237.10000 -53.30
237.15000 -53.30
237.20000 -53.30
237.25000 -53.30
237.30000 -53.30
237.35000 -53.30
237.40000 -53.30
237.45000 -53.31
237.50000 -53.31
237.55000 -53.31
237.60000 -53.31
237.65000 -53.31
237.70000 -53.31
237.75000 -53.31
237.80000 -53.31
237.85000 -53.31
237.90000 -53.31
237.95000 -53.31
238.00000 -53.31
238.05000 -53.31
238.10000 -53.31
238.15000 -53.31
238.20000 -53.31
238.25000 -53.31
238.30000 -53.31
238.35000 -53.31
238.40000 -53.31
238.45000 -53.32
238.50000 -53.31
238.55000 -53.31
238.60000 -53.31
238.65000 -53.31
238.70000 -53.31
238.75000 -53.31
238.80000 -53.31
238.85000 -53.31
238.90000 -53.31
238.95000 -53.31
239.00000 -53.31
239.05000 -53.31
239.10000 -53.31
239.15000 -53.31
239.20000 -53.31
239.25000 -53.31
239.30000 -53.31
239.35000 -53.31
239.40000 -53.31
239.45000 -53.31
239.50000 -53.31
239.55000 -53.31
239.60000 -53.31
239.65000 -53.31
239.70000 -53.31
239.75000 -53.31
239.80000 -53.31
239.85000 -53.31
239.90000 -53.31
239.95000 -53.31
240.00000 -53.31
240.05000 -53.31
240.10000 -53.31
240.15000 -53.31
240.20000 -53.31
240.25000 -53.31
240.30000 -53.31
240.35000 -53.31
240.40000 -53.31
240.45000 -53.31
240.50000 -53.31
240.55000 -53.31
240.60000 -53.31
240.65000 -53.31
240.70000 -53.31
240.75000 -53.31
240.80000 -53.31
240.85000 -53.31
240.90000 -53.31
240.95000 -53.31
241.00000 -53.31
241.05000 -53.31
241.10000 -53.31
241.15000 -53.31
241.20000 -53.31
241.25000 -53.30
241.30000 -53.31
241.35000 -53.31
241.40000 -53.31
241.45000 -53.31
241.50000 -53.31
241.55000 -53.30
241.60000 -53.30
241.65000 -53.30
241.70000 -53.31
241.75000 -53.30
241.80000 -53.30
241.85000 -53.30
241.90000 -53.30
241.95000 -53.30
242.00000 -53.30
242.05000 -53.30
242.10000 -53.30
242.15000 -53.30
242.20000 -53.30
242.25000 -53.30
242.30000 -53.30
242.35000 -53.30
242.40000 -53.30
242.45000 -53.30
242.50000 -53.30
242.55000 -53.30
242.60000 -53.30
242.65000 -53.30
242.70000 -53.30
242.75000 -53.30
242.80000 -53.30
242.85000 -53.30
242.90000 -53.30
242.95000 -53.30
243.00000 -53.30
243.05000 -53.30
243.10000 -53.30
243.15000 -53.31
243.20000 -53.31
243.25000 -53.31
243.30000 -53.31
243.35000 -53.31
243.40000 -53.31
243.45000 -53.31
243.50000 -53.31
243.55000 -53.31
243.60000 -53.31
243.65000 -53.31
243.70000 -53.31
243.75000 -53.31
243.80000 -53.31
243.85000 -53.31
243.90000 -53.31
243.95000 -53.31
244.00000 -53.31
244.05000 -53.31
244.10000 -53.31
244.15000 -53.31
244.20000 -53.31
244.25000 -53.31
244.30000 -53.32
244.35000 -53.31
244.40000 -53.32
244.45000 -53.32
244.50000 -53.32
244.55000 -53.31
244.60000 -53.31
244.65000 -53.31
244.70000 -53.32
244.75000 -53.31
244.80000 -53.31
244.85000 -53.31
244.90000 -53.32
244.95000 -53.32
245.00000 -53.32
245.05000 -53.31
245.10000 -53.32
245.15000 -53.31
245.20000 -53.32
245.25000 -53.31
245.30000 -53.32
245.35000 -53.31
245.40000 -53.31
245.45000 -53.32
245.50000 -53.31
245.55000 -53.32
245.60000 -53.32
245.65000 -53.32
245.70000 -53.32
245.75000 -53.32
245.80000 -53.32
245.85000 -53.32
245.90000 -53.32
245.95000 -53.32
246.00000 -53.32
246.05000 -53.32
246.10000 -53.32
246.15000 -53.32
246.20000 -53.32
246.25000 -53.32
246.30000 -53.32
246.35000 -53.32
246.40000 -53.32
246.45000 -53.32
246.50000 -53.32
246.55000 -53.32
246.60000 -53.32
246.65000 -53.32
246.70000 -53.32
246.75000 -53.32
246.80000 -53.31
246.85000 -53.32
246.90000 -53.32
246.95000 -53.32
247.00000 -53.32
247.05000 -53.32
247.10000 -53.32
247.15000 -53.32
247.20000 -53.32
247.25000 -53.32
247.30000 -53.32
247.35000 -53.32
247.40000 -53.32
247.45000 -53.32
247.50000 -53.32
247.55000 -53.32
247.60000 -53.32
247.65000 -53.32
247.70000 -53.32
247.75000 -53.32
247.80000 -53.32
247.85000 -53.32
247.90000 -53.32
247.95000 -53.32
248.00000 -53.32
248.05000 -53.32
248.10000 -53.32
248.15000 -53.32
248.20000 -53.32
248.25000 -53.32
248.30000 -53.32
248.35000 -53.32
248.40000 -53.32
248.45000 -53.32
248.50000 -53.32
248.55000 -53.32
248.60000 -53.32
248.65000 -53.32
248.70000 -53.32
248.75000 -53.32
248.80000 -53.32
248.85000 -53.32
248.90000 -53.32
248.95000 -53.32
249.00000 -53.32
249.05000 -53.32
249.10000 -53.32
249.15000 -53.32
249.20000 -53.32
249.25000 -53.32
249.30000 -53.32
249.35000 -53.33
249.40000 -53.32
249.45000 -53.32
249.50000 -53.32
249.55000 -53.32
249.60000 -53.32
249.65000 -53.32
249.70000 -53.33
249.75000 -53.33
249.80000 -53.33
249.85000 -53.33
249.90000 -53.32
249.95000 -53.32
250.00000 -53.32
250.05000 -53.32
250.10000 -53.44
250.15000 -53.53
250.20000 -53.58
250.25000 -53.71
250.30000 -53.84
250.35000 -53.98
250.40000 -54.11
250.45000 -54.25
250.50000 -54.37
250.55000 -54.49
250.60000 -54.61
250.65000 -54.72
250.70000 -54.83
250.75000 -54.93
250.80000 -55.03
250.85000 -55.12
250.90000 -55.21
250.95000 -55.30
251.00000 -55.39
251.05000 -55.46
251.10000 -55.53
251.15000 -55.60
251.20000 -55.67
251.25000 -55.74
251.30000 -55.80
251.35000 -55.86
251.40000 -55.91
251.45000 -55.97
251.50000 -56.02
251.55000 -56.07
251.60000 -56.11
251.65000 -56.16
251.70000 -56.20
251.75000 -56.24
251.80000 -56.28
251.85000 -56.32
251.90000 -56.35
251.95000 -56.39
252.00000 -56.42
252.05000 -56.46
252.10000 -56.48
252.15000 -56.52
252.20000 -56.54
252.25000 -56.57
252.30000 -56.60
252.35000 -56.63
252.40000 -56.65
252.45000 -56.67
252.50000 -56.69
252.55000 -56.71
252.60000 -56.73
252.65000 -56.75
252.70000 -56.77
252.75000 -56.79
252.80000 -56.80
252.85000 -56.82
252.90000 -56.84
252.95000 -56.85
253.00000 -56.86
253.05000 -56.88
253.10000 -56.90
253.15000 -56.91
253.20000 -56.92
253.25000 -56.93
253.30000 -56.94
253.35000 -56.96
253.40000 -56.97
253.45000 -56.98
253.50000 -56.99
253.55000 -57.00
253.60000 -57.01
253.65000 -57.01
253.70000 -57.03
253.75000 -57.03
253.80000 -57.04
253.85000 -57.05
253.90000 -57.06
253.95000 -57.06
254.00000 -57.07
254.05000 -57.08
254.10000 -57.09
254.15000 -57.09
254.20000 -57.10
254.25000 -57.10
254.30000 -57.11
254.35000 -57.12
254.40000 -57.12
254.45000 -57.12
254.50000 -57.13
254.55000 -57.13
254.60000 -57.14
254.65000 -57.15
254.70000 -57.14
254.75000 -57.15
254.80000 -57.15
254.85000 -57.16
254.90000 -57.16
254.95000 -57.16
255.00000 -57.17
255.05000 -57.17
255.10000 -57.17
255.15000 -57.17
255.20000 -57.17
255.25000 -57.18
255.30000 -57.18
255.35000 -57.19
255.40000 -57.19
255.45000 -57.19
255.50000 -57.19
255.55000 -57.19
255.60000 -57.20
255.65000 -57.20
255.70000 -57.20
255.75000 -57.20
255.80000 -57.21
255.85000 -57.21
255.90000 -57.21
255.95000 -57.21
256.00000 -57.21
256.05000 -57.21
256.10000 -57.21
256.15000 -57.22
256.20000 -57.22
256.25000 -57.22
256.30000 -57.22
256.35000 -57.22
256.40000 -57.22
256.45000 -57.23
256.50000 -57.22
256.55000 -57.22
256.60000 -57.22
256.65000 -57.22
256.70000 -57.23
256.75000 -57.23
256.80000 -57.23
256.85000 -57.23
256.90000 -57.23
256.95000 -57.23
257.00000 -57.23
257.05000 -57.24
257.10000 -57.23
257.15000 -57.24
257.20000 -57.24
257.25000 -57.24
257.30000 -57.24
257.35000 -57.24
257.40000 -57.24
257.45000 -57.24
257.50000 -57.24
257.55000 -57.24
257.60000 -57.24
257.65000 -57.24
257.70000 -57.24
257.75000 -57.24
257.80000 -57.24
257.85000 -57.24
257.90000 -57.24
257.95000 -57.24
258.00000 -57.24
258.05000 -57.24
258.10000 -57.24
258.15000 -57.24
258.20000 -57.24
258.25000 -57.24
258.30000 -57.25
258.35000 -57.25
258.40000 -57.25
258.45000 -57.25
258.50000 -57.25
258.55000 -57.25
258.60000 -57.25
258.65000 -57.25
258.70000 -57.25
258.75000 -57.25
258.80000 -57.25
258.85000 -57.25
258.90000 -57.25
258.95000 -57.25
259.00000 -57.25
259.05000 -57.25
259.10000 -57.25
259.15000 -57.26
259.20000 -57.26
259.25000 -57.26
259.30000 -57.26
259.35000 -57.26
259.40000 -57.26
259.45000 -57.26
259.50000 -57.27
259.55000 -57.27
259.60000 -57.27
259.65000 -57.27
259.70000 -57.27
259.75000 -57.27
259.80000 -57.27
259.85000 -57.27
259.90000 -57.28
259.95000 -57.27
260.00000 -57.28
260.05000 -57.28
260.10000 -57.28
260.15000 -57.28
260.20000 -57.28
260.25000 -57.28
260.30000 -57.28
260.35000 -57.28
260.40000 -57.28
260.45000 -57.29
260.50000 -57.28
260.55000 -57.29
260.60000 -57.29
260.65000 -57.28
260.70000 -57.28
260.75000 -57.29
260.80000 -57.29
260.85000 -57.29
260.90000 -57.29
260.95000 -57.29
261.00000 -57.29
261.05000 -57.29
261.10000 -57.29
261.15000 -57.29
261.20000 -57.29
261.25000 -57.29
261.30000 -57.29
261.35000 -57.29
261.40000 -57.29
261.45000 -57.29
261.50000 -57.29
261.55000 -57.29
261.60000 -57.29
261.65000 -57.29
261.70000 -57.29
261.75000 -57.29
261.80000 -57.29
261.85000 -57.29
261.90000 -57.29
261.95000 -57.29
262.00000 -57.29
262.05000 -57.29
262.10000 -57.29
262.15000 -57.29
262.20000 -57.29
262.25000 -57.29
262.30000 -57.29
262.35000 -57.29
262.40000 -57.29
262.45000 -57.29
262.50000 -57.29
262.55000 -57.28
262.60000 -57.28
262.65000 -57.28
262.70000 -57.28
262.75000 -57.28
262.80000 -57.28
262.85000 -57.28
262.90000 -57.28
262.95000 -57.28
263.00000 -57.28
263.05000 -57.28
263.10000 -57.28
263.15000 -57.28
263.20000 -57.27
263.25000 -57.28
263.30000 -57.28
263.35000 -57.28
263.40000 -57.28
263.45000 -57.28
263.50000 -57.28
263.55000 -57.28
263.60000 -57.28
263.65000 -57.28
263.70000 -57.27
263.75000 -57.28
263.80000 -57.28
263.85000 -57.27
263.90000 -57.28
263.95000 -57.28
264.00000 -57.28
264.05000 -57.28
264.10000 -57.28
264.15000 -57.28
264.20000 -57.28
264.25000 -57.28
264.30000 -57.28
264.35000 -57.28
264.40000 -57.28
264.45000 -57.27
264.50000 -57.27
264.55000 -57.27
264.60000 -57.27
264.65000 -57.27
264.70000 -57.27
264.75000 -57.27
264.80000 -57.27
264.85000 -57.27
264.90000 -57.27
264.95000 -57.27
265.00000 -57.27
265.05000 -57.27
265.10000 -57.27
265.15000 -57.27
265.20000 -57.27
265.25000 -57.27
265.30000 -57.27
265.35000 -57.27
265.40000 -57.27
265.45000 -57.27
265.50000 -57.27
265.55000 -57.27
265.60000 -57.27
265.65000 -57.27
265.70000 -57.27
265.75000 -57.27
265.80000 -57.27
265.85000 -57.27
265.90000 -57.27
265.95000 -57.27
266.00000 -57.27
266.05000 -57.27
266.10000 -57.27
266.15000 -57.27
266.20000 -57.27
266.25000 -57.27
266.30000 -57.27
266.35000 -57.27
266.40000 -57.27
266.45000 -57.27
266.50000 -57.27
266.55000 -57.27
266.60000 -57.27
266.65000 -57.27
266.70000 -57.27
266.75000 -57.27
266.80000 -57.27
266.85000 -57.27
266.90000 -57.27
266.95000 -57.27
267.00000 -57.27
267.05000 -57.27
267.10000 -57.27
267.15000 -57.27
267.20000 -57.27
267.25000 -57.27
267.30000 -57.26
267.35000 -57.26
267.40000 -57.27
267.45000 -57.26
267.50000 -57.26
267.55000 -57.26
267.60000 -57.26
267.65000 -57.26
267.70000 -57.26
267.75000 -57.26
267.80000 -57.26
267.85000 -57.26
267.90000 -57.26
267.95000 -57.26
268.00000 -57.26
268.05000 -57.26
268.10000 -57.26
268.15000 -57.26
268.20000 -57.26
268.25000 -57.26
268.30000 -57.26
268.35000 -57.26
268.40000 -57.27
268.45000 -57.26
268.50000 -57.26
268.55000 -57.26
268.60000 -57.26
268.65000 -57.26
268.70000 -57.26
268.75000 -57.26
268.80000 -57.26
268.85000 -57.26
268.90000 -57.26
268.95000 -57.26
269.00000 -57.26
269.05000 -57.26
269.10000 -57.26
269.15000 -57.26
269.20000 -57.26
269.25000 -57.26
269.30000 -57.26
269.35000 -57.26
269.40000 -57.26
269.45000 -57.26
269.50000 -57.26
269.55000 -57.26
269.60000 -57.26
269.65000 -57.26
269.70000 -57.26
269.75000 -57.26
269.80000 -57.26
269.85000 -57.26
269.90000 -57.26
269.95000 -57.26
270.00000 -57.26
270.05000 -57.26
270.10000 -57.26
270.15000 -57.26
270.20000 -57.26
270.25000 -57.26
270.30000 -57.26
270.35000 -57.26
270.40000 -57.26
270.45000 -57.26
270.50000 -57.26
270.55000 -57.27
270.60000 -57.27
270.65000 -57.27
270.70000 -57.27
270.75000 -57.27
270.80000 -57.27
270.85000 -57.27
270.90000 -57.27
270.95000 -57.27
271.00000 -57.27
271.05000 -57.27
271.10000 -57.27
271.15000 -57.27
271.20000 -57.27
271.25000 -57.27
271.30000 -57.28
271.35000 -57.27
271.40000 -57.27
271.45000 -57.28
271.50000 -57.28
271.55000 -57.27
271.60000 -57.28
271.65000 -57.28
271.70000 -57.28
271.75000 -57.27
271.80000 -57.27
271.85000 -57.27
271.90000 -57.27
271.95000 -57.27
272.00000 -57.27
272.05000 -57.27
272.10000 -57.27
272.15000 -57.27
272.20000 -57.26
272.25000 -57.27
272.30000 -57.27
272.35000 -57.26
272.40000 -57.26
272.45000 -57.26
272.50000 -57.26
272.55000 -57.26
272.60000 -57.26
272.65000 -57.26
272.70000 -57.26
272.75000 -57.27
272.80000 -57.26
272.85000 -57.26
272.90000 -57.26
272.95000 -57.26
273.00000 -57.26
273.05000 -57.26
273.10000 -57.26
273.15000 -57.26
273.20000 -57.26
273.25000 -57.26
273.30000 -57.26
273.35000 -57.26
273.40000 -57.26
273.45000 -57.26
273.50000 -57.26
273.55000 -57.26
273.60000 -57.26
273.65000 -57.26
273.70000 -57.26
273.75000 -57.26
273.80000 -57.26
273.85000 -57.26
273.90000 -57.26
273.95000 -57.26
274.00000 -57.26
274.05000 -57.26
274.10000 -57.26
274.15000 -57.26
274.20000 -57.26
274.25000 -57.26
274.30000 -57.26
274.35000 -57.26
274.40000 -57.26
274.45000 -57.26
274.50000 -57.26
274.55000 -57.26
274.60000 -57.26
274.65000 -57.27
274.70000 -57.26
274.75000 -57.27
274.80000 -57.27
274.85000 -57.27
274.90000 -57.27
274.95000 -57.27
275.00000 -57.26
275.05000 -57.27
275.10000 -57.27
275.15000 -57.27
275.20000 -57.27
275.25000 -57.27
275.30000 -57.27
275.35000 -57.27
275.40000 -57.27
275.45000 -57.27
275.50000 -57.27
275.55000 -57.27
275.60000 -57.27
275.65000 -57.27
275.70000 -57.27
275.75000 -57.27
275.80000 -57.27
275.85000 -57.27
275.90000 -57.27
275.95000 -57.27
276.00000 -57.27
276.05000 -57.27
276.10000 -57.27
276.15000 -57.27
276.20000 -57.27
276.25000 -57.26
276.30000 -57.27
276.35000 -57.26
276.40000 -57.27
276.45000 -57.26
276.50000 -57.26
276.55000 -57.26
276.60000 -57.26
276.65000 -57.26
276.70000 -57.26
276.75000 -57.26
276.80000 -57.26
276.85000 -57.26
276.90000 -57.26
276.95000 -57.26
277.00000 -57.26
277.05000 -57.27
277.10000 -57.27
277.15000 -57.27
277.20000 -57.26
277.25000 -57.26
277.30000 -57.27
277.35000 -57.27
277.40000 -57.27
277.45000 -57.27
277.50000 -57.27
277.55000 -57.27
277.60000 -57.27
277.65000 -57.28
277.70000 -57.27
277.75000 -57.27
277.80000 -57.27
277.85000 -57.28
277.90000 -57.27
277.95000 -57.28
278.00000 -57.27
278.05000 -57.28
278.10000 -57.27
278.15000 -57.27
278.20000 -57.27
278.25000 -57.27
278.30000 -57.27
278.35000 -57.27
278.40000 -57.27
278.45000 -57.27
278.50000 -57.27
278.55000 -57.27
278.60000 -57.27
278.65000 -57.27
278.70000 -57.27
278.75000 -57.27
278.80000 -57.27
278.85000 -57.27
278.90000 -57.27
278.95000 -57.27
279.00000 -57.27
279.05000 -57.27
279.10000 -57.27
279.15000 -57.27
279.20000 -57.26
279.25000 -57.27
279.30000 -57.27
279.35000 -57.26
279.40000 -57.27
279.45000 -57.26
279.50000 -57.26
279.55000 -57.26
279.60000 -57.26
279.65000 -57.26
279.70000 -57.26
279.75000 -57.26
279.80000 -57.26
279.85000 -57.27
279.90000 -57.26
279.95000 -57.27
280.00000 -57.26
280.05000 -57.26
280.10000 -57.27
280.15000 -57.27
280.20000 -57.27
280.25000 -57.27
280.30000 -57.27
280.35000 -57.27
280.40000 -57.26
280.45000 -57.27
280.50000 -57.26
280.55000 -57.27
280.60000 -57.26
280.65000 -57.26
280.70000 -57.27
280.75000 -57.26
280.80000 -57.26
280.85000 -57.26
280.90000 -57.26
280.95000 -57.27
281.00000 -57.26
281.05000 -57.26
281.10000 -57.26
281.15000 -57.26
281.20000 -57.26
281.25000 -57.26
281.30000 -57.26
281.35000 -57.26
281.40000 -57.26
281.45000 -57.26
281.50000 -57.26
281.55000 -57.26
281.60000 -57.26
281.65000 -57.26
281.70000 -57.27
281.75000 -57.27
281.80000 -57.27
281.85000 -57.27
281.90000 -57.27
281.95000 -57.27
282.00000 -57.27
282.05000 -57.27
282.10000 -57.27
282.15000 -57.27
282.20000 -57.27
282.25000 -57.27
282.30000 -57.28
282.35000 -57.27
282.40000 -57.28
282.45000 -57.28
282.50000 -57.28
282.55000 -57.28
282.60000 -57.28
282.65000 -57.28
282.70000 -57.28
282.75000 -57.28
282.80000 -57.28
282.85000 -57.28
282.90000 -57.28
282.95000 -57.28
283.00000 -57.28
283.05000 -57.28
283.10000 -57.28
283.15000 -57.28
283.20000 -57.28
283.25000 -57.28
283.30000 -57.27
283.35000 -57.28
283.40000 -57.28
283.45000 -57.28
283.50000 -57.28
283.55000 -57.27
283.60000 -57.27
283.65000 -57.28
283.70000 -57.27
283.75000 -57.27
283.80000 -57.27
283.85000 -57.27
283.90000 -57.27
283.95000 -57.27
284.00000 -57.27
284.05000 -57.27
284.10000 -57.27
284.15000 -57.27
284.20000 -57.27
284.25000 -57.27
284.30000 -57.27
284.35000 -57.27
284.40000 -57.27
284.45000 -57.27
284.50000 -57.27
284.55000 -57.27
284.60000 -57.27
284.65000 -57.27
284.70000 -57.26
284.75000 -57.27
284.80000 -57.27
284.85000 -57.27
284.90000 -57.27
284.95000 -57.27
285.00000 -57.27
285.05000 -57.27
285.10000 -57.27
285.15000 -57.27
285.20000 -57.27
285.25000 -57.27
285.30000 -57.27
285.35000 -57.27
285.40000 -57.27
285.45000 -57.27
285.50000 -57.28
285.55000 -57.28
285.60000 -57.27
285.65000 -57.27
285.70000 -57.28
285.75000 -57.27
285.80000 -57.27
285.85000 -57.27
285.90000 -57.27
285.95000 -57.27
286.00000 -57.27
286.05000 -57.27
286.10000 -57.27
286.15000 -57.27
286.20000 -57.28
286.25000 -57.28
286.30000 -57.28
286.35000 -57.28
286.40000 -57.28
286.45000 -57.28
286.50000 -57.28
286.55000 -57.28
286.60000 -57.28
286.65000 -57.28
286.70000 -57.28
286.75000 -57.28
286.80000 -57.28
286.85000 -57.28
286.90000 -57.28
286.95000 -57.28
287.00000 -57.28
287.05000 -57.28
287.10000 -57.28
287.15000 -57.28
287.20000 -57.28
287.25000 -57.28
287.30000 -57.28
287.35000 -57.28
287.40000 -57.28
287.45000 -57.28
287.50000 -57.27
287.55000 -57.27
287.60000 -57.27
287.65000 -57.27
287.70000 -57.28
287.75000 -57.28
287.80000 -57.27
287.85000 -57.28
287.90000 -57.28
287.95000 -57.27
288.00000 -57.27
288.05000 -57.27
288.10000 -57.27
288.15000 -57.27
288.20000 -57.27
288.25000 -57.27
288.30000 -57.27
288.35000 -57.27
288.40000 -57.27
288.45000 -57.27
288.50000 -57.27
288.55000 -57.27
288.60000 -57.27
288.65000 -57.27
288.70000 -57.27
288.75000 -57.27
288.80000 -57.27
288.85000 -57.27
288.90000 -57.27
288.95000 -57.27
289.00000 -57.27
289.05000 -57.27
289.10000 -57.28
289.15000 -57.27
289.20000 -57.27
289.25000 -57.28
289.30000 -57.28
289.35000 -57.27
289.40000 -57.27
289.45000 -57.27
289.50000 -57.27
289.55000 -57.27
289.60000 -57.27
289.65000 -57.27
289.70000 -57.27
289.75000 -57.27
289.80000 -57.27
289.85000 -57.27
289.90000 -57.28
289.95000 -57.28
290.00000 -57.27
290.05000 -57.27
290.10000 -57.28
290.15000 -57.28
290.20000 -57.28
290.25000 -57.28
290.30000 -57.28
290.35000 -57.28
290.40000 -57.28
290.45000 -57.28
290.50000 -57.28
290.55000 -57.27
290.60000 -57.28
290.65000 -57.28
290.70000 -57.28
290.75000 -57.28
290.80000 -57.28
290.85000 -57.28
290.90000 -57.28
290.95000 -57.28
291.00000 -57.28
291.05000 -57.28
291.10000 -57.28
291.15000 -57.28
291.20000 -57.28
291.25000 -57.29
291.30000 -57.28
291.35000 -57.28
291.40000 -57.28
291.45000 -57.28
291.50000 -57.28
291.55000 -57.28
291.60000 -57.28
291.65000 -57.29
291.70000 -57.29
291.75000 -57.29
291.80000 -57.29
291.85000 -57.29
291.90000 -57.29
291.95000 -57.29
292.00000 -57.29
292.05000 -57.29
292.10000 -57.29
292.15000 -57.29
292.20000 -57.29
292.25000 -57.29
292.30000 -57.30
292.35000 -57.30
292.40000 -57.29
292.45000 -57.30
292.50000 -57.30
292.55000 -57.29
292.60000 -57.30
292.65000 -57.30
292.70000 -57.30
292.75000 -57.29
292.80000 -57.30
292.85000 -57.29
292.90000 -57.29
292.95000 -57.29
293.00000 -57.29
293.05000 -57.29
293.10000 -57.29
293.15000 -57.30
293.20000 -57.30
293.25000 -57.30
293.30000 -57.29
293.35000 -57.30
293.40000 -57.30
293.45000 -57.29
293.50000 -57.29
293.55000 -57.29
293.60000 -57.29
293.65000 -57.29
293.70000 -57.29
293.75000 -57.29
293.80000 -57.29
293.85000 -57.29
293.90000 -57.29
293.95000 -57.29
294.00000 -57.29
294.05000 -57.29
294.10000 -57.29
294.15000 -57.29
294.20000 -57.29
294.25000 -57.29
294.30000 -57.29
294.35000 -57.29
294.40000 -57.28
294.45000 -57.29
294.50000 -57.29
294.55000 -57.29
294.60000 -57.29
294.65000 -57.29
294.70000 -57.29
294.75000 -57.28
294.80000 -57.28
294.85000 -57.28
294.90000 -57.29
294.95000 -57.29
295.00000 -57.28
295.05000 -57.29
295.10000 -57.28
295.15000 -57.29
295.20000 -57.28
295.25000 -57.28
295.30000 -57.28
295.35000 -57.28
295.40000 -57.28
295.45000 -57.28
295.50000 -57.28
295.55000 -57.28
295.60000 -57.28
295.65000 -57.28
295.70000 -57.28
295.75000 -57.28
295.80000 -57.28
295.85000 -57.28
295.90000 -57.28
295.95000 -57.28
296.00000 -57.28
296.05000 -57.28
296.10000 -57.28
296.15000 -57.28
296.20000 -57.29
296.25000 -57.29
296.30000 -57.28
296.35000 -57.29
296.40000 -57.29
296.45000 -57.29
296.50000 -57.29
296.55000 -57.29
296.60000 -57.29
296.65000 -57.28
296.70000 -57.28
296.75000 -57.28
296.80000 -57.28
296.85000 -57.28
296.90000 -57.28
296.95000 -57.28
297.00000 -57.28
297.05000 -57.28
297.10000 -57.28
297.15000 -57.28
297.20000 -57.28
297.25000 -57.28
297.30000 -57.28
297.35000 -57.28
297.40000 -57.28
297.45000 -57.28
297.50000 -57.28
297.55000 -57.28
297.60000 -57.28
297.65000 -57.28
297.70000 -57.28
297.75000 -57.28
297.80000 -57.28
297.85000 -57.28
297.90000 -57.28
297.95000 -57.28
298.00000 -57.28
298.05000 -57.28
298.10000 -57.28
298.15000 -57.28
298.20000 -57.28
298.25000 -57.28
298.30000 -57.28
298.35000 -57.28
298.40000 -57.28
298.45000 -57.28
298.50000 -57.28
298.55000 -57.28
298.60000 -57.28
298.65000 -57.28
298.70000 -57.28
298.75000 -57.28
298.80000 -57.28
298.85000 -57.28
298.90000 -57.28
298.95000 -57.28
299.00000 -57.28
299.05000 -57.28
299.10000 -57.28
299.15000 -57.28
299.20000 -57.28
299.25000 -57.29
299.30000 -57.29
299.35000 -57.29
299.40000 -57.29
299.45000 -57.29
299.50000 -57.29
299.55000 -57.29
299.60000 -57.29
299.65000 -57.29
299.70000 -57.29
299.75000 -57.29
299.80000 -57.29
299.85000 -57.29
299.90000 -57.29
299.95000 -57.29
300.00000 -57.29
300.05000 -57.47
300.10000 -57.18
300.15000 -57.08
300.20000 -57.03
300.25000 -56.91
300.30000 -56.77
300.35000 -56.63
300.40000 -56.49
300.45000 -56.36
300.50000 -56.23
300.55000 -56.11
300.60000 -55.99
300.65000 -55.87
300.70000 -55.76
300.75000 -55.66
300.80000 -55.56
300.85000 -55.47
300.90000 -55.38
300.95000 -55.29
301.00000 -55.21
301.05000 -55.13
301.10000 -55.06
301.15000 -54.98
301.20000 -54.92
301.25000 -54.85
301.30000 -54.79
301.35000 -54.74
301.40000 -54.68
301.45000 -54.62
301.50000 -54.57
301.55000 -54.52
301.60000 -54.48
301.65000 -54.43
301.70000 -54.39
301.75000 -54.35
301.80000 -54.30
301.85000 -54.27
301.90000 -54.23
301.95000 -54.20
302.00000 -54.16
302.05000 -54.13
302.10000 -54.10
302.15000 -54.07
302.20000 -54.04
302.25000 -54.02
302.30000 -53.99
302.35000 -53.97
302.40000 -53.94
302.45000 -53.92
302.50000 -53.90
302.55000 -53.88
302.60000 -53.86
302.65000 -53.84
302.70000 -53.82
302.75000 -53.80
302.80000 -53.78
302.85000 -53.76
302.90000 -53.75
302.95000 -53.73
303.00000 -53.72
303.05000 -53.70
303.10000 -53.69
303.15000 -53.68
303.20000 -53.66
303.25000 -53.65
303.30000 -53.64
303.35000 -53.63
303.40000 -53.62
303.45000 -53.61
303.50000 -53.60
303.55000 -53.59
303.60000 -53.58
303.65000 -53.57
303.70000 -53.56
303.75000 -53.55
303.80000 -53.54
303.85000 -53.53
303.90000 -53.53
303.95000 -53.52
304.00000 -53.51
304.05000 -53.50
304.10000 -53.50
304.15000 -53.50
304.20000 -53.49
304.25000 -53.49
304.30000 -53.48
304.35000 -53.48
304.40000 -53.48
304.45000 -53.47
304.50000 -53.47
304.55000 -53.46
304.60000 -53.46
304.65000 -53.46
304.70000 -53.45
304.75000 -53.44
304.80000 -53.44
304.85000 -53.44
304.90000 -53.44
304.95000 -53.43
305.00000 -53.43
305.05000 -53.43
305.10000 -53.43
305.15000 -53.43
305.20000 -53.43
305.25000 -53.42
305.30000 -53.42
305.35000 -53.42
305.40000 -53.42
305.45000 -53.41
305.50000 -53.41
305.55000 -53.41
305.60000 -53.41
305.65000 -53.40
305.70000 -53.40
305.75000 -53.40
305.80000 -53.40
305.85000 -53.40
305.90000 -53.40
305.95000 -53.39
306.00000 -53.39
306.05000 -53.39
306.10000 -53.39
306.15000 -53.38
306.20000 -53.38
306.25000 -53.38
306.30000 -53.38
306.35000 -53.38
306.40000 -53.38
306.45000 -53.38
306.50000 -53.38
306.55000 -53.38
306.60000 -53.38
306.65000 -53.38
306.70000 -53.38
306.75000 -53.38
306.80000 -53.38
306.85000 -53.38
306.90000 -53.38
306.95000 -53.38
307.00000 -53.38
307.05000 -53.38
307.10000 -53.38
307.15000 -53.38
307.20000 -53.38
307.25000 -53.38
307.30000 -53.37
307.35000 -53.37
307.40000 -53.37
307.45000 -53.37
307.50000 -53.37
307.55000 -53.37
307.60000 -53.37
307.65000 -53.37
307.70000 -53.37
307.75000 -53.37
307.80000 -53.36
307.85000 -53.36
307.90000 -53.36
307.95000 -53.36
308.00000 -53.36
308.05000 -53.36
308.10000 -53.36
308.15000 -53.36
308.20000 -53.36
308.25000 -53.36
308.30000 -53.36
308.35000 -53.36
308.40000 -53.36
308.45000 -53.36
308.50000 -53.36
308.55000 -53.36
308.60000 -53.36
308.65000 -53.36
308.70000 -53.36
308.75000 -53.36
308.80000 -53.35
308.85000 -53.35
308.90000 -53.35
308.95000 -53.35
309.00000 -53.35
309.05000 -53.35
309.10000 -53.35
309.15000 -53.34
309.20000 -53.35
309.25000 -53.35
309.30000 -53.35
309.35000 -53.35
309.40000 -53.34
309.45000 -53.35
309.50000 -53.34
309.55000 -53.34
309.60000 -53.34
309.65000 -53.34
309.70000 -53.34
309.75000 -53.34
309.80000 -53.34
309.85000 -53.34
309.90000 -53.34
309.95000 -53.35
310.00000 -53.34
310.05000 -53.34
310.10000 -53.35
310.15000 -53.34
310.20000 -53.34
310.25000 -53.34
310.30000 -53.34
310.35000 -53.34
310.40000 -53.34
310.45000 -53.35
310.50000 -53.35
310.55000 -53.34
310.60000 -53.34
310.65000 -53.34
310.70000 -53.34
310.75000 -53.34
310.80000 -53.34
310.85000 -53.34
310.90000 -53.34
310.95000 -53.34
311.00000 -53.34
311.05000 -53.34
311.10000 -53.34
311.15000 -53.34
311.20000 -53.34
311.25000 -53.34
311.30000 -53.34
311.35000 -53.34
311.40000 -53.34
311.45000 -53.34
311.50000 -53.34
311.55000 -53.35
311.60000 -53.35
311.65000 -53.35
311.70000 -53.34
311.75000 -53.34
311.80000 -53.34
311.85000 -53.35
311.90000 -53.35
311.95000 -53.35
312.00000 -53.35
312.05000 -53.34
312.10000 -53.35
312.15000 -53.34
312.20000 -53.34
312.25000 -53.34
312.30000 -53.34
312.35000 -53.34
312.40000 -53.34
312.45000 -53.34
312.50000 -53.34
312.55000 -53.34
312.60000 -53.34
312.65000 -53.34
312.70000 -53.34
312.75000 -53.33
312.80000 -53.34
312.85000 -53.34
312.90000 -53.33
312.95000 -53.33
313.00000 -53.33
313.05000 -53.33
313.10000 -53.33
313.15000 -53.33
313.20000 -53.33
313.25000 -53.33
313.30000 -53.34
313.35000 -53.33
313.40000 -53.33
313.45000 -53.33
313.50000 -53.33
313.55000 -53.33
313.60000 -53.33
313.65000 -53.33
313.70000 -53.33
313.75000 -53.33
313.80000 -53.32
313.85000 -53.32
313.90000 -53.33
313.95000 -53.33
314.00000 -53.33
314.05000 -53.32
314.10000 -53.32
314.15000 -53.32
314.20000 -53.32
314.25000 -53.33
314.30000 -53.33
314.35000 -53.33
314.40000 -53.32
314.45000 -53.32
314.50000 -53.32
314.55000 -53.32
314.60000 -53.32
314.65000 -53.32
314.70000 -53.32
314.75000 -53.32
314.80000 -53.32
314.85000 -53.32
314.90000 -53.33
314.95000 -53.33
315.00000 -53.32
315.05000 -53.32
315.10000 -53.33
315.15000 -53.33
315.20000 -53.33
315.25000 -53.33
315.30000 -53.32
315.35000 -53.33
315.40000 -53.33
315.45000 -53.33
315.50000 -53.32
315.55000 -53.32
315.60000 -53.32
315.65000 -53.32
315.70000 -53.32
315.75000 -53.32
315.80000 -53.32
315.85000 -53.32
315.90000 -53.32
315.95000 -53.32
316.00000 -53.32
316.05000 -53.32
316.10000 -53.32
316.15000 -53.32
316.20000 -53.32
316.25000 -53.31
316.30000 -53.32
316.35000 -53.32
316.40000 -53.31
316.45000 -53.31
316.50000 -53.31
316.55000 -53.31
316.60000 -53.31
316.65000 -53.31
316.70000 -53.31
316.75000 -53.32
316.80000 -53.32
316.85000 -53.32
316.90000 -53.32
316.95000 -53.32
317.00000 -53.32
317.05000 -53.32
317.10000 -53.32
317.15000 -53.32
317.20000 -53.32
317.25000 -53.32
317.30000 -53.32
317.35000 -53.32
317.40000 -53.32
317.45000 -53.32
317.50000 -53.32
317.55000 -53.32
317.60000 -53.32
317.65000 -53.33
317.70000 -53.33
317.75000 -53.33
317.80000 -53.33
317.85000 -53.32
317.90000 -53.32
317.95000 -53.33
318.00000 -53.33
318.05000 -53.33
318.10000 -53.33
318.15000 -53.33
318.20000 -53.33
318.25000 -53.33
318.30000 -53.33
318.35000 -53.33
318.40000 -53.33
318.45000 -53.33
318.50000 -53.33
318.55000 -53.33
318.60000 -53.33
318.65000 -53.33
318.70000 -53.32
318.75000 -53.33
318.80000 -53.32
318.85000 -53.33
318.90000 -53.33
318.95000 -53.33
319.00000 -53.32
319.05000 -53.33
319.10000 -53.32
319.15000 -53.33
319.20000 -53.32
319.25000 -53.33
319.30000 -53.33
319.35000 -53.33
319.40000 -53.33
319.45000 -53.33
319.50000 -53.33
319.55000 -53.33
319.60000 -53.33
319.65000 -53.33
319.70000 -53.32
319.75000 -53.32
319.80000 -53.33
319.85000 -53.32
319.90000 -53.32
319.95000 -53.32
320.00000 -53.32
320.05000 -53.32
320.10000 -53.32
320.15000 -53.32
320.20000 -53.32
320.25000 -53.32
320.30000 -53.32
320.35000 -53.32
320.40000 -53.32
320.45000 -53.32
320.50000 -53.32
320.55000 -53.33
320.60000 -53.33
320.65000 -53.33
320.70000 -53.33
320.75000 -53.32
320.80000 -53.33
320.85000 -53.32
320.90000 -53.32
320.95000 -53.32
321.00000 -53.32
321.05000 -53.32
321.10000 -53.32
321.15000 -53.32
321.20000 -53.32
321.25000 -53.32
321.30000 -53.32
321.35000 -53.32
321.40000 -53.32
321.45000 -53.33
321.50000 -53.33
321.55000 -53.33
321.60000 -53.33
321.65000 -53.33
321.70000 -53.33
321.75000 -53.33
321.80000 -53.33
321.85000 -53.33
321.90000 -53.33
321.95000 -53.33
322.00000 -53.33
322.05000 -53.33
322.10000 -53.34
322.15000 -53.34
322.20000 -53.34
322.25000 -53.34
322.30000 -53.34
322.35000 -53.34
322.40000 -53.34
322.45000 -53.34
322.50000 -53.34
322.55000 -53.34
322.60000 -53.34
322.65000 -53.34
322.70000 -53.34
322.75000 -53.34
322.80000 -53.34
322.85000 -53.34
322.90000 -53.34
322.95000 -53.34
323.00000 -53.34
323.05000 -53.34
323.10000 -53.34
323.15000 -53.34
323.20000 -53.34
323.25000 -53.34
323.30000 -53.34
323.35000 -53.34
323.40000 -53.34
323.45000 -53.34
323.50000 -53.34
323.55000 -53.34
323.60000 -53.34
323.65000 -53.34
323.70000 -53.34
323.75000 -53.34
323.80000 -53.33
323.85000 -53.34
323.90000 -53.34
323.95000 -53.34
324.00000 -53.34
324.05000 -53.34
324.10000 -53.34
324.15000 -53.34
324.20000 -53.34
324.25000 -53.34
324.30000 -53.34
324.35000 -53.34
324.40000 -53.34
324.45000 -53.34
324.50000 -53.34
324.55000 -53.33
324.60000 -53.33
324.65000 -53.33
324.70000 -53.33
324.75000 -53.34
324.80000 -53.33
324.85000 -53.33
324.90000 -53.33
324.95000 -53.33
325.00000 -53.33
325.05000 -53.33
325.10000 -53.33
325.15000 -53.33
325.20000 -53.33
325.25000 -53.33
325.30000 -53.33
325.35000 -53.32
325.40000 -53.33
325.45000 -53.33
325.50000 -53.33
325.55000 -53.33
325.60000 -53.33
325.65000 -53.32
325.70000 -53.32
325.75000 -53.32
325.80000 -53.32
325.85000 -53.32
325.90000 -53.32
325.95000 -53.32
326.00000 -53.32
326.05000 -53.32
326.10000 -53.32
326.15000 -53.32
326.20000 -53.32
326.25000 -53.32
326.30000 -53.32
326.35000 -53.31
326.40000 -53.31
326.45000 -53.31
326.50000 -53.31
326.55000 -53.32
326.60000 -53.31
326.65000 -53.31
326.70000 -53.31
326.75000 -53.31
326.80000 -53.31
326.85000 -53.31
326.90000 -53.31
326.95000 -53.31
327.00000 -53.31
327.05000 -53.31
327.10000 -53.31
327.15000 -53.31
327.20000 -53.31
327.25000 -53.31
327.30000 -53.31
327.35000 -53.31
327.40000 -53.31
327.45000 -53.31
327.50000 -53.31
327.55000 -53.31
327.60000 -53.31
327.65000 -53.31
327.70000 -53.31
327.75000 -53.31
327.80000 -53.31
327.85000 -53.32
327.90000 -53.32
327.95000 -53.32
328.00000 -53.32
328.05000 -53.32
328.10000 -53.32
328.15000 -53.32
328.20000 -53.32
328.25000 -53.32
328.30000 -53.32
328.35000 -53.32
328.40000 -53.33
328.45000 -53.32
328.50000 -53.32
328.55000 -53.32
328.60000 -53.32
328.65000 -53.33
328.70000 -53.33
328.75000 -53.33
328.80000 -53.33
328.85000 -53.33
328.90000 -53.33
328.95000 -53.33
329.00000 -53.33
329.05000 -53.33
329.10000 -53.33
329.15000 -53.33
329.20000 -53.33
329.25000 -53.33
329.30000 -53.32
329.35000 -53.32
329.40000 -53.32
329.45000 -53.33
329.50000 -53.32
329.55000 -53.33
329.60000 -53.33
329.65000 -53.32
329.70000 -53.33
329.75000 -53.32
329.80000 -53.32
329.85000 -53.32
329.90000 -53.32
329.95000 -53.32
330.00000 -53.32
330.05000 -53.33
330.10000 -53.32
330.15000 -53.33
330.20000 -53.33
330.25000 -53.33
330.30000 -53.33
330.35000 -53.32
330.40000 -53.33
330.45000 -53.33
330.50000 -53.32
330.55000 -53.33
330.60000 -53.32
330.65000 -53.32
330.70000 -53.32
330.75000 -53.32
330.80000 -53.32
330.85000 -53.32
330.90000 -53.32
330.95000 -53.32
331.00000 -53.32
331.05000 -53.32
331.10000 -53.32
331.15000 -53.32
331.20000 -53.33
331.25000 -53.32
331.30000 -53.32
331.35000 -53.32
331.40000 -53.32
331.45000 -53.32
331.50000 -53.32
331.55000 -53.32
331.60000 -53.32
331.65000 -53.32
331.70000 -53.32
331.75000 -53.32
331.80000 -53.32
331.85000 -53.32
331.90000 -53.32
331.95000 -53.32
332.00000 -53.32
332.05000 -53.32
332.10000 -53.32
332.15000 -53.32
332.20000 -53.32
332.25000 -53.32
332.30000 -53.32
332.35000 -53.32
332.40000 -53.32
332.45000 -53.32
332.50000 -53.32
332.55000 -53.32
332.60000 -53.32
332.65000 -53.32
332.70000 -53.32
332.75000 -53.32
332.80000 -53.32
332.85000 -53.32
332.90000 -53.32
332.95000 -53.32
333.00000 -53.32
333.05000 -53.32
333.10000 -53.32
333.15000 -53.32
333.20000 -53.32
333.25000 -53.32
333.30000 -53.33
333.35000 -53.33
333.40000 -53.33
333.45000 -53.33
333.50000 -53.33
333.55000 -53.33
333.60000 -53.33
333.65000 -53.33
333.70000 -53.33
333.75000 -53.33
333.80000 -53.33
333.85000 -53.33
333.90000 -53.33
333.95000 -53.33
334.00000 -53.33
334.05000 -53.33
334.10000 -53.33
334.15000 -53.33
334.20000 -53.33
334.25000 -53.33
334.30000 -53.33
334.35000 -53.33
334.40000 -53.33
334.45000 -53.33
334.50000 -53.33
334.55000 -53.33
334.60000 -53.33
334.65000 -53.33
334.70000 -53.33
334.75000 -53.33
334.80000 -53.33
334.85000 -53.32
334.90000 -53.33
334.95000 -53.33
335.00000 -53.33
335.05000 -53.33
335.10000 -53.33
335.15000 -53.33
335.20000 -53.33
335.25000 -53.33
335.30000 -53.33
335.35000 -53.33
335.40000 -53.33
335.45000 -53.33
335.50000 -53.33
335.55000 -53.33
335.60000 -53.33
335.65000 -53.33
335.70000 -53.33
335.75000 -53.32
335.80000 -53.32
335.85000 -53.32
335.90000 -53.32
335.95000 -53.32
336.00000 -53.32
336.05000 -53.32
336.10000 -53.33
336.15000 -53.33
336.20000 -53.32
336.25000 -53.32
336.30000 -53.32
336.35000 -53.32
336.40000 -53.32
336.45000 -53.32
336.50000 -53.32
336.55000 -53.32
336.60000 -53.32
336.65000 -53.32
336.70000 -53.31
336.75000 -53.31
336.80000 -53.31
336.85000 -53.31
336.90000 -53.31
336.95000 -53.31
337.00000 -53.31
337.05000 -53.31
337.10000 -53.31
337.15000 -53.31
337.20000 -53.31
337.25000 -53.31
337.30000 -53.31
337.35000 -53.31
337.40000 -53.31
337.45000 -53.31
337.50000 -53.31
337.55000 -53.31
337.60000 -53.31
337.65000 -53.31
337.70000 -53.31
337.75000 -53.31
337.80000 -53.31
337.85000 -53.31
337.90000 -53.32
337.95000 -53.31
338.00000 -53.31
338.05000 -53.32
338.10000 -53.32
338.15000 -53.32
338.20000 -53.32
338.25000 -53.32
338.30000 -53.32
338.35000 -53.32
338.40000 -53.32
338.45000 -53.32
338.50000 -53.32
338.55000 -53.32
338.60000 -53.32
338.65000 -53.32
338.70000 -53.32
338.75000 -53.32
338.80000 -53.32
338.85000 -53.32
338.90000 -53.32
338.95000 -53.32
339.00000 -53.32
339.05000 -53.32
339.10000 -53.32
339.15000 -53.32
339.20000 -53.32
339.25000 -53.33
339.30000 -53.32
339.35000 -53.32
339.40000 -53.32
339.45000 -53.32
339.50000 -53.32
339.55000 -53.32
339.60000 -53.32
339.65000 -53.32
339.70000 -53.32
339.75000 -53.32
339.80000 -53.32
339.85000 -53.32
339.90000 -53.32
339.95000 -53.32
340.00000 -53.32
340.05000 -53.32
340.10000 -53.32
340.15000 -53.31
340.20000 -53.31
340.25000 -53.31
340.30000 -53.31
340.35000 -53.31
340.40000 -53.31
340.45000 -53.31
340.50000 -53.31
340.55000 -53.31
340.60000 -53.31
340.65000 -53.31
340.70000 -53.31
340.75000 -53.31
340.80000 -53.31
340.85000 -53.32
340.90000 -53.32
340.95000 -53.31
341.00000 -53.31
341.05000 -53.32
341.10000 -53.32
341.15000 -53.32
341.20000 -53.32
341.25000 -53.32
341.30000 -53.32
341.35000 -53.32
341.40000 -53.32
341.45000 -53.32
341.50000 -53.32
341.55000 -53.32
341.60000 -53.32
341.65000 -53.32
341.70000 -53.31
341.75000 -53.31
341.80000 -53.32
341.85000 -53.32
341.90000 -53.32
341.95000 -53.32
342.00000 -53.32
342.05000 -53.32
342.10000 -53.32
342.15000 -53.32
342.20000 -53.32
342.25000 -53.32
342.30000 -53.32
342.35000 -53.32
342.40000 -53.32
342.45000 -53.32
342.50000 -53.32
342.55000 -53.31
342.60000 -53.32
342.65000 -53.31
342.70000 -53.31
342.75000 -53.32
342.80000 -53.31
342.85000 -53.32
342.90000 -53.31
342.95000 -53.32
343.00000 -53.32
343.05000 -53.32
343.10000 -53.32
343.15000 -53.32
343.20000 -53.32
343.25000 -53.32
343.30000 -53.32
343.35000 -53.32
343.40000 -53.32
343.45000 -53.32
343.50000 -53.32
343.55000 -53.32
343.60000 -53.31
343.65000 -53.32
343.70000 -53.32
343.75000 -53.32
343.80000 -53.31
343.85000 -53.31
343.90000 -53.31
343.95000 -53.31
344.00000 -53.31
344.05000 -53.31
344.10000 -53.31
344.15000 -53.31
344.20000 -53.31
344.25000 -53.31
344.30000 -53.31
344.35000 -53.31
344.40000 -53.31
344.45000 -53.31
344.50000 -53.31
344.55000 -53.31
344.60000 -53.31
344.65000 -53.31
344.70000 -53.31
344.75000 -53.31
344.80000 -53.31
344.85000 -53.31
344.90000 -53.31
344.95000 -53.31
345.00000 -53.31
345.05000 -53.31
345.10000 -53.31
345.15000 -53.31
345.20000 -53.31
345.25000 -53.31
345.30000 -53.31
345.35000 -53.31
345.40000 -53.30
345.45000 -53.30
345.50000 -53.30
345.55000 -53.30
345.60000 -53.30
345.65000 -53.30
345.70000 -53.30
345.75000 -53.30
345.80000 -53.29
345.85000 -53.30
345.90000 -53.30
345.95000 -53.30
346.00000 -53.30
346.05000 -53.30
346.10000 -53.30
346.15000 -53.30
346.20000 -53.30
346.25000 -53.31
346.30000 -53.30
346.35000 -53.30
346.40000 -53.31
346.45000 -53.31
346.50000 -53.31
346.55000 -53.31
346.60000 -53.31
346.65000 -53.31
346.70000 -53.30
346.75000 -53.31
346.80000 -53.31
346.85000 -53.31
346.90000 -53.31
346.95000 -53.31
347.00000 -53.31
347.05000 -53.31
347.10000 -53.31
347.15000 -53.31
347.20000 -53.31
347.25000 -53.31
347.30000 -53.31
347.35000 -53.31
347.40000 -53.31
347.45000 -53.31
347.50000 -53.31
347.55000 -53.31
347.60000 -53.31
347.65000 -53.32
347.70000 -53.31
347.75000 -53.32
347.80000 -53.32
347.85000 -53.32
347.90000 -53.32
347.95000 -53.32
348.00000 -53.32
348.05000 -53.32
348.10000 -53.32
348.15000 -53.32
348.20000 -53.32
348.25000 -53.32
348.30000 -53.32
348.35000 -53.32
348.40000 -53.32
348.45000 -53.32
348.50000 -53.32
348.55000 -53.32
348.60000 -53.32
348.65000 -53.32
348.70000 -53.32
348.75000 -53.32
348.80000 -53.32
348.85000 -53.32
348.90000 -53.32
348.95000 -53.32
349.00000 -53.32
349.05000 -53.32
349.10000 -53.32
349.15000 -53.32
349.20000 -53.32
349.25000 -53.32
349.30000 -53.32
349.35000 -53.32
349.40000 -53.32
349.45000 -53.32
349.50000 -53.32
349.55000 -53.32
349.60000 -53.32
349.65000 -53.32
349.70000 -53.32
349.75000 -53.32
349.80000 -53.32
349.85000 -53.32
349.90000 -53.32
349.95000 -53.32
350.00000 -53.32
350.05000 -53.32
350.10000 -53.32
350.15000 -53.32
350.20000 -53.32
350.25000 -53.32
350.30000 -53.32
350.35000 -53.32
350.40000 -53.32
350.45000 -53.32
350.50000 -53.32
350.55000 -53.32
350.60000 -53.32
350.65000 -53.32
350.70000 -53.32
350.75000 -53.32
350.80000 -53.32
350.85000 -53.32
350.90000 -53.32
350.95000 -53.32
351.00000 -53.31
351.05000 -53.32
351.10000 -53.32
351.15000 -53.32
351.20000 -53.32
351.25000 -53.32
351.30000 -53.32
351.35000 -53.32
351.40000 -53.32
351.45000 -53.32
351.50000 -53.32
351.55000 -53.32
351.60000 -53.32
351.65000 -53.31
351.70000 -53.32
351.75000 -53.32
351.80000 -53.32
351.85000 -53.32
351.90000 -53.32
351.95000 -53.31
352.00000 -53.32
352.05000 -53.32
352.10000 -53.32
352.15000 -53.32
352.20000 -53.31
352.25000 -53.32
352.30000 -53.31
352.35000 -53.31
352.40000 -53.31
352.45000 -53.31
352.50000 -53.31
352.55000 -53.31
352.60000 -53.31
352.65000 -53.31
352.70000 -53.31
352.75000 -53.31
352.80000 -53.31
352.85000 -53.30
352.90000 -53.30
352.95000 -53.30
353.00000 -53.30
353.05000 -53.30
353.10000 -53.30
353.15000 -53.30
353.20000 -53.30
353.25000 -53.30
353.30000 -53.30
353.35000 -53.30
353.40000 -53.30
353.45000 -53.30
353.50000 -53.30
353.55000 -53.30
353.60000 -53.30
353.65000 -53.30
353.70000 -53.31
353.75000 -53.30
353.80000 -53.31
353.85000 -53.31
353.90000 -53.31
353.95000 -53.31
354.00000 -53.31
354.05000 -53.31
354.10000 -53.31
354.15000 -53.31
354.20000 -53.30
354.25000 -53.31
354.30000 -53.31
354.35000 -53.31
354.40000 -53.31
354.45000 -53.31
354.50000 -53.31
354.55000 -53.31
354.60000 -53.31
354.65000 -53.30
354.70000 -53.30
354.75000 -53.31
354.80000 -53.30
354.85000 -53.31
354.90000 -53.31
354.95000 -53.31
355.00000 -53.31
355.05000 -53.31
355.10000 -53.31
355.15000 -53.31
355.20000 -53.31
355.25000 -53.31
355.30000 -53.31
355.35000 -53.31
355.40000 -53.31
355.45000 -53.31
355.50000 -53.30
355.55000 -53.30
355.60000 -53.30
355.65000 -53.30
355.70000 -53.30
355.75000 -53.30
355.80000 -53.30
355.85000 -53.30
355.90000 -53.31
355.95000 -53.31
356.00000 -53.31
356.05000 -53.31
356.10000 -53.31
356.15000 -53.31
356.20000 -53.31
356.25000 -53.31
356.30000 -53.31
356.35000 -53.31
356.40000 -53.31
356.45000 -53.31
356.50000 -53.31
356.55000 -53.31
356.60000 -53.31
356.65000 -53.31
356.70000 -53.31
356.75000 -53.31
356.80000 -53.31
356.85000 -53.31
356.90000 -53.31
356.95000 -53.32
357.00000 -53.32
357.05000 -53.32
357.10000 -53.32
357.15000 -53.31
357.20000 -53.31
357.25000 -53.31
357.30000 -53.32
357.35000 -53.32
357.40000 -53.32
357.45000 -53.32
357.50000 -53.32
357.55000 -53.32
357.60000 -53.32
357.65000 -53.32
357.70000 -53.32
357.75000 -53.32
357.80000 -53.32
357.85000 -53.32
357.90000 -53.32
357.95000 -53.32
358.00000 -53.32
358.05000 -53.32
358.10000 -53.32
358.15000 -53.32
358.20000 -53.32
358.25000 -53.32
358.30000 -53.32
358.35000 -53.32
358.40000 -53.32
358.45000 -53.32
358.50000 -53.32
358.55000 -53.32
358.60000 -53.32
358.65000 -53.32
358.70000 -53.31
358.75000 -53.32
358.80000 -53.32
358.85000 -53.32
358.90000 -53.32
358.95000 -53.32
359.00000 -53.31
359.05000 -53.31
359.10000 -53.31
359.15000 -53.31
359.20000 -53.31
359.25000 -53.32
359.30000 -53.32
359.35000 -53.32
359.40000 -53.32
359.45000 -53.32
359.50000 -53.32
359.55000 -53.32
359.60000 -53.32
359.65000 -53.31
359.70000 -53.32
359.75000 -53.32
359.80000 -53.32
359.85000 -53.32
359.90000 -53.32
359.95000 -53.32
360.00000 -53.32
360.05000 -53.32
360.10000 -53.32
360.15000 -53.32
360.20000 -53.32
360.25000 -53.32
360.30000 -53.32
360.35000 -53.32
360.40000 -53.32
360.45000 -53.32
360.50000 -53.32
360.55000 -53.32
360.60000 -53.32
360.65000 -53.32
360.70000 -53.32
360.75000 -53.32
360.80000 -53.32
360.85000 -53.32
360.90000 -53.32
360.95000 -53.32
361.00000 -53.32
361.05000 -53.32
361.10000 -53.32
361.15000 -53.32
361.20000 -53.32
361.25000 -53.32
361.30000 -53.32
361.35000 -53.32
361.40000 -53.32
361.45000 -53.32
361.50000 -53.32
361.55000 -53.32
361.60000 -53.32
361.65000 -53.32
361.70000 -53.32
361.75000 -53.32
361.80000 -53.32
361.85000 -53.32
361.90000 -53.32
361.95000 -53.32
362.00000 -53.31
362.05000 -53.31
362.10000 -53.32
362.15000 -53.31
362.20000 -53.31
362.25000 -53.31
362.30000 -53.31
362.35000 -53.32
362.40000 -53.32
362.45000 -53.32
362.50000 -53.31
362.55000 -53.32
362.60000 -53.32
362.65000 -53.32
362.70000 -53.32
362.75000 -53.32
362.80000 -53.31
362.85000 -53.31
362.90000 -53.32
362.95000 -53.32
363.00000 -53.32
363.05000 -53.32
363.10000 -53.32
363.15000 -53.32
363.20000 -53.32
363.25000 -53.32
363.30000 -53.32
363.35000 -53.32
363.40000 -53.33
363.45000 -53.33
363.50000 -53.33
363.55000 -53.33
363.60000 -53.33
363.65000 -53.33
363.70000 -53.33
363.75000 -53.33
363.80000 -53.33
363.85000 -53.33
363.90000 -53.33
363.95000 -53.33
364.00000 -53.33
364.05000 -53.33
364.10000 -53.33
364.15000 -53.33
364.20000 -53.34
364.25000 -53.34
364.30000 -53.34
364.35000 -53.34
364.40000 -53.34
364.45000 -53.34
364.50000 -53.34
364.55000 -53.34
364.60000 -53.34
364.65000 -53.34
364.70000 -53.34
364.75000 -53.34
364.80000 -53.34
364.85000 -53.34
364.90000 -53.34
364.95000 -53.34
365.00000 -53.34
365.05000 -53.34
365.10000 -53.34
365.15000 -53.33
365.20000 -53.33
365.25000 -53.34
365.30000 -53.34
365.35000 -53.33
365.40000 -53.33
365.45000 -53.33
365.50000 -53.33
365.55000 -53.33
365.60000 -53.33
365.65000 -53.33
365.70000 -53.33
365.75000 -53.33
365.80000 -53.33
365.85000 -53.33
365.90000 -53.33
365.95000 -53.33
366.00000 -53.33
366.05000 -53.33
366.10000 -53.33
366.15000 -53.33
366.20000 -53.33
366.25000 -53.33
366.30000 -53.33
366.35000 -53.33
366.40000 -53.33
366.45000 -53.33
366.50000 -53.33
366.55000 -53.33
366.60000 -53.33
366.65000 -53.33
366.70000 -53.33
366.75000 -53.33
366.80000 -53.33
366.85000 -53.33
366.90000 -53.34
366.95000 -53.34
367.00000 -53.33
367.05000 -53.33
367.10000 -53.34
367.15000 -53.33
367.20000 -53.33
367.25000 -53.34
367.30000 -53.34
367.35000 -53.34
367.40000 -53.33
367.45000 -53.34
367.50000 -53.33
367.55000 -53.34
367.60000 -53.33
367.65000 -53.33
367.70000 -53.33
367.75000 -53.33
367.80000 -53.33
367.85000 -53.33
367.90000 -53.33
367.95000 -53.33
368.00000 -53.33
368.05000 -53.33
368.10000 -53.32
368.15000 -53.32
368.20000 -53.32
368.25000 -53.32
368.30000 -53.32
368.35000 -53.32
368.40000 -53.33
368.45000 -53.32
368.50000 -53.32
368.55000 -53.32
368.60000 -53.32
368.65000 -53.32
368.70000 -53.32
368.75000 -53.32
368.80000 -53.32
368.85000 -53.32
368.90000 -53.32
368.95000 -53.32
369.00000 -53.32
369.05000 -53.32
369.10000 -53.32
369.15000 -53.32
369.20000 -53.32
369.25000 -53.32
369.30000 -53.32
369.35000 -53.32
369.40000 -53.32
369.45000 -53.32
369.50000 -53.32
369.55000 -53.32
369.60000 -53.32
369.65000 -53.32
369.70000 -53.32
369.75000 -53.32
369.80000 -53.32
369.85000 -53.32
369.90000 -53.32
369.95000 -53.32
370.00000 -53.32
370.05000 -53.32
370.10000 -53.32
370.15000 -53.33
370.20000 -53.33
370.25000 -53.33
370.30000 -53.33
370.35000 -53.32
370.40000 -53.33
370.45000 -53.32
370.50000 -53.32
370.55000 -53.33
370.60000 -53.33
370.65000 -53.32
370.70000 -53.32
370.75000 -53.32
370.80000 -53.32
370.85000 -53.32
370.90000 -53.33
370.95000 -53.32
371.00000 -53.32
371.05000 -53.32
371.10000 -53.32
371.15000 -53.32
371.20000 -53.32
371.25000 -53.31
371.30000 -53.31
371.35000 -53.31
371.40000 -53.31
371.45000 -53.31
371.50000 -53.31
371.55000 -53.31
371.60000 -53.32
371.65000 -53.31
371.70000 -53.31
371.75000 -53.32
371.80000 -53.31
371.85000 -53.32
371.90000 -53.32
371.95000 -53.32
372.00000 -53.31
372.05000 -53.32
372.10000 -53.31
372.15000 -53.32
372.20000 -53.32
372.25000 -53.32
372.30000 -53.32
372.35000 -53.32
372.40000 -53.31
372.45000 -53.31
372.50000 -53.32
372.55000 -53.31
372.60000 -53.31
372.65000 -53.31
372.70000 -53.31
372.75000 -53.31
372.80000 -53.31
372.85000 -53.31
372.90000 -53.31
372.95000 -53.31
373.00000 -53.31
373.05000 -53.31
373.10000 -53.31
373.15000 -53.31
373.20000 -53.31
373.25000 -53.31
373.30000 -53.31
373.35000 -53.31
373.40000 -53.31
373.45000 -53.31
373.50000 -53.31
373.55000 -53.31
373.60000 -53.31
373.65000 -53.31
373.70000 -53.31
373.75000 -53.31
373.80000 -53.32
373.85000 -53.32
373.90000 -53.31
373.95000 -53.32
374.00000 -53.32
374.05000 -53.32
374.10000 -53.32
374.15000 -53.32
374.20000 -53.32
374.25000 -53.32
374.30000 -53.32
374.35000 -53.32
374.40000 -53.32
374.45000 -53.32
374.50000 -53.32
374.55000 -53.32
374.60000 -53.32
374.65000 -53.32
374.70000 -53.32
374.75000 -53.32
374.80000 -53.32
374.85000 -53.32
374.90000 -53.32
374.95000 -53.32
375.00000 -53.32
375.05000 -53.32
375.10000 -53.32
375.15000 -53.32
375.20000 -53.32
375.25000 -53.32
375.30000 -53.32
375.35000 -53.32
375.40000 -53.33
375.45000 -53.32
375.50000 -53.33
375.55000 -53.33
375.60000 -53.33
375.65000 -53.33
375.70000 -53.33
375.75000 -53.33
375.80000 -53.33
375.85000 -53.33
375.90000 -53.33
375.95000 -53.33
376.00000 -53.33
376.05000 -53.33
376.10000 -53.33
376.15000 -53.33
376.20000 -53.33
376.25000 -53.33
376.30000 -53.33
376.35000 -53.33
376.40000 -53.33
376.45000 -53.33
376.50000 -53.33
376.55000 -53.33
376.60000 -53.33
376.65000 -53.33
376.70000 -53.33
376.75000 -53.33
376.80000 -53.33
376.85000 -53.33
376.90000 -53.33
376.95000 -53.32
377.00000 -53.32
377.05000 -53.32
377.10000 -53.32
377.15000 -53.33
377.20000 -53.33
377.25000 -53.32
377.30000 -53.33
377.35000 -53.33
377.40000 -53.32
377.45000 -53.32
377.50000 -53.32
377.55000 -53.32
377.60000 -53.33
377.65000 -53.33
377.70000 -53.33
377.75000 -53.32
377.80000 -53.32
377.85000 -53.32
377.90000 -53.32
377.95000 -53.32
378.00000 -53.32
378.05000 -53.32
378.10000 -53.32
378.15000 -53.32
378.20000 -53.32
378.25000 -53.32
378.30000 -53.32
378.35000 -53.32
378.40000 -53.32
378.45000 -53.32
378.50000 -53.32
378.55000 -53.32
378.60000 -53.32
378.65000 -53.32
378.70000 -53.32
378.75000 -53.32
378.80000 -53.32
378.85000 -53.32
378.90000 -53.32
378.95000 -53.32
379.00000 -53.32
379.05000 -53.31
379.10000 -53.32
379.15000 -53.32
379.20000 -53.32
379.25000 -53.32
379.30000 -53.31
379.35000 -53.31
379.40000 -53.32
379.45000 -53.32
379.50000 -53.31
379.55000 -53.32
379.60000 -53.32
379.65000 -53.32
379.70000 -53.31
379.75000 -53.31
379.80000 -53.32
379.85000 -53.32
379.90000 -53.32
379.95000 -53.32
380.00000 -53.32
380.05000 -53.32
380.10000 -53.32
380.15000 -53.32
380.20000 -53.32
380.25000 -53.32
380.30000 -53.32
380.35000 -53.32
380.40000 -53.32
380.45000 -53.32
380.50000 -53.32
380.55000 -53.32
380.60000 -53.32
380.65000 -53.32
380.70000 -53.32
380.75000 -53.32
380.80000 -53.32
380.85000 -53.32
380.90000 -53.32
380.95000 -53.32
381.00000 -53.32
381.05000 -53.32
381.10000 -53.32
381.15000 -53.32
381.20000 -53.31
381.25000 -53.31
381.30000 -53.31
381.35000 -53.31
381.40000 -53.31
381.45000 -53.31
381.50000 -53.31
381.55000 -53.31
381.60000 -53.31
381.65000 -53.31
381.70000 -53.31
381.75000 -53.31
381.80000 -53.31
381.85000 -53.31
381.90000 -53.31
381.95000 -53.31
382.00000 -53.31
382.05000 -53.31
382.10000 -53.30
382.15000 -53.30
382.20000 -53.31
382.25000 -53.31
382.30000 -53.31
382.35000 -53.31
382.40000 -53.30
382.45000 -53.31
382.50000 -53.31
382.55000 -53.31
382.60000 -53.30
382.65000 -53.30
382.70000 -53.30
382.75000 -53.30
382.80000 -53.30
382.85000 -53.30
382.90000 -53.30
382.95000 -53.30
383.00000 -53.30
383.05000 -53.30
383.10000 -53.30
383.15000 -53.30
383.20000 -53.30
383.25000 -53.30
383.30000 -53.30
383.35000 -53.30
383.40000 -53.29
383.45000 -53.29
383.50000 -53.29
383.55000 -53.30
383.60000 -53.30
383.65000 -53.30
383.70000 -53.30
383.75000 -53.30
383.80000 -53.30
383.85000 -53.30
383.90000 -53.30
383.95000 -53.30
384.00000 -53.30
384.05000 -53.30
384.10000 -53.31
384.15000 -53.30
384.20000 -53.31
384.25000 -53.31
384.30000 -53.31
384.35000 -53.31
384.40000 -53.31
384.45000 -53.31
384.50000 -53.31
384.55000 -53.31
384.60000 -53.31
384.65000 -53.31
384.70000 -53.31
384.75000 -53.31
384.80000 -53.31
384.85000 -53.31
384.90000 -53.31
384.95000 -53.31
385.00000 -53.31
385.05000 -53.31
385.10000 -53.31
385.15000 -53.31
385.20000 -53.31
385.25000 -53.31
385.30000 -53.31
385.35000 -53.31
385.40000 -53.31
385.45000 -53.31
385.50000 -53.31
385.55000 -53.31
385.60000 -53.31
385.65000 -53.31
385.70000 -53.31
385.75000 -53.31
385.80000 -53.31
385.85000 -53.32
385.90000 -53.31
385.95000 -53.31
386.00000 -53.31
386.05000 -53.31
386.10000 -53.31
386.15000 -53.31
386.20000 -53.31
386.25000 -53.31
386.30000 -53.31
386.35000 -53.31
386.40000 -53.31
386.45000 -53.31
386.50000 -53.31
386.55000 -53.31
386.60000 -53.31
386.65000 -53.30
386.70000 -53.30
386.75000 -53.30
386.80000 -53.30
386.85000 -53.30
386.90000 -53.30
386.95000 -53.30
387.00000 -53.30
387.05000 -53.30
387.10000 -53.30
387.15000 -53.30
387.20000 -53.30
387.25000 -53.30
387.30000 -53.30
387.35000 -53.30
387.40000 -53.30
387.45000 -53.30
387.50000 -53.30
387.55000 -53.30
387.60000 -53.30
387.65000 -53.31
387.70000 -53.30
387.75000 -53.30
387.80000 -53.30
387.85000 -53.31
387.90000 -53.31
387.95000 -53.31
388.00000 -53.31
388.05000 -53.31
388.10000 -53.31
388.15000 -53.31
388.20000 -53.31
388.25000 -53.31
388.30000 -53.31
388.35000 -53.32
388.40000 -53.32
388.45000 -53.32
388.50000 -53.32
388.55000 -53.32
388.60000 -53.32
388.65000 -53.31
388.70000 -53.31
388.75000 -53.32
388.80000 -53.32
388.85000 -53.32
388.90000 -53.32
388.95000 -53.32
389.00000 -53.32
389.05000 -53.32
389.10000 -53.32
389.15000 -53.32
389.20000 -53.32
389.25000 -53.32
389.30000 -53.32
389.35000 -53.32
389.40000 -53.31
389.45000 -53.31
389.50000 -53.31
389.55000 -53.31
389.60000 -53.31
389.65000 -53.31
389.70000 -53.31
389.75000 -53.31
389.80000 -53.32
389.85000 -53.32
389.90000 -53.32
389.95000 -53.32
390.00000 -53.32
390.05000 -53.32
390.10000 -53.32
390.15000 -53.32
390.20000 -53.32
390.25000 -53.32
390.30000 -53.32
390.35000 -53.32
390.40000 -53.32
390.45000 -53.32
390.50000 -53.32
390.55000 -53.32
390.60000 -53.32
390.65000 -53.32
390.70000 -53.32
390.75000 -53.32
390.80000 -53.32
390.85000 -53.32
390.90000 -53.32
390.95000 -53.32
391.00000 -53.32
391.05000 -53.32
391.10000 -53.32
391.15000 -53.32
391.20000 -53.33
391.25000 -53.32
391.30000 -53.33
391.35000 -53.33
391.40000 -53.32
391.45000 -53.32
391.50000 -53.33
391.55000 -53.32
391.60000 -53.33
391.65000 -53.33
391.70000 -53.33
391.75000 -53.33
391.80000 -53.33
391.85000 -53.33
391.90000 -53.33
391.95000 -53.33
392.00000 -53.32
392.05000 -53.32
392.10000 -53.33
392.15000 -53.32
392.20000 -53.32
392.25000 -53.32
392.30000 -53.33
392.35000 -53.32
392.40000 -53.32
392.45000 -53.32
392.50000 -53.32
392.55000 -53.32
392.60000 -53.32
392.65000 -53.32
392.70000 -53.32
392.75000 -53.32
392.80000 -53.32
392.85000 -53.32
392.90000 -53.32
392.95000 -53.32
393.00000 -53.32
393.05000 -53.32
393.10000 -53.32
393.15000 -53.32
393.20000 -53.32
393.25000 -53.32
393.30000 -53.32
393.35000 -53.32
393.40000 -53.32
393.45000 -53.32
393.50000 -53.32
393.55000 -53.32
393.60000 -53.32
393.65000 -53.32
393.70000 -53.32
393.75000 -53.32
393.80000 -53.32
393.85000 -53.32
393.90000 -53.32
393.95000 -53.32
394.00000 -53.32
394.05000 -53.32
394.10000 -53.32
394.15000 -53.32
394.20000 -53.32
394.25000 -53.32
394.30000 -53.32
394.35000 -53.32
394.40000 -53.32
394.45000 -53.31
394.50000 -53.31
394.55000 -53.32
394.60000 -53.31
394.65000 -53.32
394.70000 -53.32
394.75000 -53.32
394.80000 -53.32
394.85000 -53.32
394.90000 -53.32
394.95000 -53.32
395.00000 -53.32
395.05000 -53.32
395.10000 -53.32
395.15000 -53.32
395.20000 -53.32
395.25000 -53.31
395.30000 -53.31
395.35000 -53.31
395.40000 -53.32
395.45000 -53.31
395.50000 -53.31
395.55000 -53.31
395.60000 -53.31
395.65000 -53.31
395.70000 -53.31
395.75000 -53.31
395.80000 -53.31
395.85000 -53.31
395.90000 -53.31
395.95000 -53.31
396.00000 -53.31
396.05000 -53.31
396.10000 -53.31
396.15000 -53.30
396.20000 -53.30
396.25000 -53.30
396.30000 -53.30
396.35000 -53.30
396.40000 -53.30
396.45000 -53.31
396.50000 -53.31
396.55000 -53.31
396.60000 -53.31
396.65000 -53.30
396.70000 -53.31
396.75000 -53.31
396.80000 -53.31
396.85000 -53.31
396.90000 -53.31
396.95000 -53.31
397.00000 -53.31
397.05000 -53.31
397.10000 -53.31
397.15000 -53.31
397.20000 -53.31
397.25000 -53.31
397.30000 -53.31
397.35000 -53.31
397.40000 -53.31
397.45000 -53.31
397.50000 -53.31
397.55000 -53.31
397.60000 -53.31
397.65000 -53.31
397.70000 -53.31
397.75000 -53.31
397.80000 -53.31
397.85000 -53.30
397.90000 -53.30
397.95000 -53.30
398.00000 -53.30
398.05000 -53.30
398.10000 -53.30
398.15000 -53.31
398.20000 -53.31
398.25000 -53.31
398.30000 -53.30
398.35000 -53.30
398.40000 -53.30
398.45000 -53.30
398.50000 -53.30
398.55000 -53.30
398.60000 -53.29
398.65000 -53.30
398.70000 -53.30
398.75000 -53.29
398.80000 -53.29
398.85000 -53.29
398.90000 -53.29
398.95000 -53.29
399.00000 -53.29
399.05000 -53.29
399.10000 -53.29
399.15000 -53.29
399.20000 -53.29
399.25000 -53.29
399.30000 -53.30
399.35000 -53.30
399.40000 -53.30
399.45000 -53.30
399.50000 -53.30
399.55000 -53.30
399.60000 -53.30
399.65000 -53.30
399.70000 -53.30
399.75000 -53.30
399.80000 -53.30
399.85000 -53.30
399.90000 -53.30
399.95000 -53.30
400.00000 -53.30
400.05000 -53.30
400.10000 -53.30
400.15000 -53.30
400.20000 -53.30
400.25000 -53.30
400.30000 -53.30
400.35000 -53.30
400.40000 -53.30
400.45000 -53.29
400.50000 -53.29
400.55000 -53.29
400.60000 -53.29
400.65000 -53.29
400.70000 -53.29
400.75000 -53.30
400.80000 -53.30
400.85000 -53.29
400.90000 -53.29
400.95000 -53.29
401.00000 -53.30
401.05000 -53.30
401.10000 -53.30
401.15000 -53.30
401.20000 -53.30
401.25000 -53.30
401.30000 -53.30
401.35000 -53.30
401.40000 -53.30
401.45000 -53.30
401.50000 -53.30
401.55000 -53.30
401.60000 -53.30
401.65000 -53.30
401.70000 -53.31
401.75000 -53.30
401.80000 -53.30
401.85000 -53.30
401.90000 -53.30
401.95000 -53.30
402.00000 -53.30
402.05000 -53.30
402.10000 -53.30
402.15000 -53.30
402.20000 -53.30
402.25000 -53.30
402.30000 -53.30
402.35000 -53.30
402.40000 -53.30
402.45000 -53.30
402.50000 -53.30
402.55000 -53.30
402.60000 -53.30
402.65000 -53.30
402.70000 -53.30
402.75000 -53.30
402.80000 -53.30
402.85000 -53.30
402.90000 -53.30
402.95000 -53.30
403.00000 -53.30
403.05000 -53.30
403.10000 -53.30
403.15000 -53.30
403.20000 -53.30
403.25000 -53.30
403.30000 -53.29
403.35000 -53.29
403.40000 -53.29
403.45000 -53.29
403.50000 -53.29
403.55000 -53.29
403.60000 -53.29
403.65000 -53.30
403.70000 -53.29
403.75000 -53.29
403.80000 -53.29
403.85000 -53.29
403.90000 -53.29
403.95000 -53.29
404.00000 -53.29
404.05000 -53.29
404.10000 -53.29
404.15000 -53.29
404.20000 -53.29
404.25000 -53.29
404.30000 -53.29
404.35000 -53.29
404.40000 -53.29
404.45000 -53.29
404.50000 -53.28
404.55000 -53.28
404.60000 -53.28
404.65000 -53.28
404.70000 -53.28
404.75000 -53.28
404.80000 -53.28
404.85000 -53.28
404.90000 -53.28
404.95000 -53.28
405.00000 -53.28
405.05000 -53.28
405.10000 -53.28
405.15000 -53.28
405.20000 -53.28
405.25000 -53.28
405.30000 -53.28
405.35000 -53.28
405.40000 -53.28
405.45000 -53.28
405.50000 -53.28
405.55000 -53.28
405.60000 -53.28
405.65000 -53.28
405.70000 -53.28
405.75000 -53.28
405.80000 -53.28
405.85000 -53.28
405.90000 -53.28
405.95000 -53.28
406.00000 -53.28
406.05000 -53.29
406.10000 -53.29
406.15000 -53.29
406.20000 -53.29
406.25000 -53.29
406.30000 -53.29
406.35000 -53.29
406.40000 -53.29
406.45000 -53.29
406.50000 -53.29
406.55000 -53.29
406.60000 -53.29
406.65000 -53.29
406.70000 -53.29
406.75000 -53.29
406.80000 -53.29
406.85000 -53.29
406.90000 -53.29
406.95000 -53.29
407.00000 -53.29
407.05000 -53.29
407.10000 -53.29
407.15000 -53.29
407.20000 -53.29
407.25000 -53.30
407.30000 -53.29
407.35000 -53.29
407.40000 -53.30
407.45000 -53.30
407.50000 -53.30
407.55000 -53.29
407.60000 -53.29
407.65000 -53.29
407.70000 -53.30
407.75000 -53.30
407.80000 -53.30
407.85000 -53.30
407.90000 -53.29
407.95000 -53.29
408.00000 -53.30
408.05000 -53.30
408.10000 -53.30
408.15000 -53.30
408.20000 -53.30
408.25000 -53.30
408.30000 -53.30
408.35000 -53.30
408.40000 -53.30
408.45000 -53.30
408.50000 -53.30
408.55000 -53.30
408.60000 -53.30
408.65000 -53.30
408.70000 -53.30
408.75000 -53.30
408.80000 -53.30
408.85000 -53.30
408.90000 -53.30
408.95000 -53.30
409.00000 -53.30
409.05000 -53.29
409.10000 -53.29
409.15000 -53.30
409.20000 -53.30
409.25000 -53.30
409.30000 -53.30
409.35000 -53.30
409.40000 -53.30
409.45000 -53.30
409.50000 -53.30
409.55000 -53.30
409.60000 -53.30
409.65000 -53.30
409.70000 -53.30
409.75000 -53.30
409.80000 -53.30
409.85000 -53.30
409.90000 -53.30
409.95000 -53.30
410.00000 -53.30
410.05000 -53.30
410.10000 -53.30
410.15000 -53.30
410.20000 -53.29
410.25000 -53.29
410.30000 -53.29
410.35000 -53.29
410.40000 -53.29
410.45000 -53.29
410.50000 -53.30
410.55000 -53.29
410.60000 -53.30
410.65000 -53.29
410.70000 -53.29
410.75000 -53.29
410.80000 -53.29
410.85000 -53.29
410.90000 -53.29
410.95000 -53.29
411.00000 -53.29
411.05000 -53.29
411.10000 -53.29
411.15000 -53.29
411.20000 -53.29
411.25000 -53.29
411.30000 -53.29
411.35000 -53.29
411.40000 -53.29
411.45000 -53.29
411.50000 -53.29
411.55000 -53.29
411.60000 -53.29
411.65000 -53.29
411.70000 -53.29
411.75000 -53.29
411.80000 -53.29
411.85000 -53.29
411.90000 -53.29
411.95000 -53.29
412.00000 -53.29
412.05000 -53.29
412.10000 -53.29
412.15000 -53.29
412.20000 -53.29
412.25000 -53.29
412.30000 -53.29
412.35000 -53.29
412.40000 -53.29
412.45000 -53.29
412.50000 -53.29
412.55000 -53.29
412.60000 -53.30
412.65000 -53.30
412.70000 -53.30
412.75000 -53.29
412.80000 -53.30
412.85000 -53.30
412.90000 -53.30
412.95000 -53.30
413.00000 -53.30
413.05000 -53.30
413.10000 -53.30
413.15000 -53.30
413.20000 -53.30
413.25000 -53.30
413.30000 -53.31
413.35000 -53.31
413.40000 -53.31
413.45000 -53.31
413.50000 -53.31
413.55000 -53.31
413.60000 -53.31
413.65000 -53.31
413.70000 -53.31
413.75000 -53.31
413.80000 -53.31
413.85000 -53.31
413.90000 -53.31
413.95000 -53.31
414.00000 -53.31
414.05000 -53.31
414.10000 -53.31
414.15000 -53.31
414.20000 -53.31
414.25000 -53.32
414.30000 -53.32
414.35000 -53.32
414.40000 -53.32
414.45000 -53.32
414.50000 -53.32
414.55000 -53.32
414.60000 -53.32
414.65000 -53.32
414.70000 -53.33
414.75000 -53.33
414.80000 -53.32
414.85000 -53.33
414.90000 -53.33
414.95000 -53.32
415.00000 -53.32
415.05000 -53.32
415.10000 -53.32
415.15000 -53.32
415.20000 -53.33
415.25000 -53.33
415.30000 -53.32
415.35000 -53.33
415.40000 -53.33
415.45000 -53.32
415.50000 -53.32
415.55000 -53.32
415.60000 -53.32
415.65000 -53.32
415.70000 -53.32
415.75000 -53.32
415.80000 -53.32
415.85000 -53.32
415.90000 -53.33
415.95000 -53.32
416.00000 -53.33
416.05000 -53.32
416.10000 -53.33
416.15000 -53.32
416.20000 -53.32
416.25000 -53.32
416.30000 -53.32
416.35000 -53.32
416.40000 -53.32
416.45000 -53.32
416.50000 -53.31
416.55000 -53.31
416.60000 -53.32
416.65000 -53.31
416.70000 -53.31
416.75000 -53.31
416.80000 -53.31
416.85000 -53.31
416.90000 -53.30
416.95000 -53.30
417.00000 -53.30
417.05000 -53.30
417.10000 -53.30
417.15000 -53.30
417.20000 -53.30
417.25000 -53.30
417.30000 -53.30
417.35000 -53.30
417.40000 -53.30
417.45000 -53.30
417.50000 -53.30
417.55000 -53.30
417.60000 -53.29
417.65000 -53.29
417.70000 -53.29
417.75000 -53.29
417.80000 -53.30
417.85000 -53.30
417.90000 -53.30
417.95000 -53.30
418.00000 -53.30
418.05000 -53.30
418.10000 -53.30
418.15000 -53.30
418.20000 -53.30
418.25000 -53.30
418.30000 -53.30
418.35000 -53.30
418.40000 -53.31
418.45000 -53.31
418.50000 -53.31
418.55000 -53.30
418.60000 -53.31
418.65000 -53.31
418.70000 -53.31
418.75000 -53.31
418.80000 -53.31
418.85000 -53.31
418.90000 -53.31
418.95000 -53.31
419.00000 -53.31
419.05000 -53.31
419.10000 -53.31
419.15000 -53.31
419.20000 -53.32
419.25000 -53.32
419.30000 -53.32
419.35000 -53.32
419.40000 -53.32
419.45000 -53.32
419.50000 -53.32
419.55000 -53.32
419.60000 -53.31
419.65000 -53.32
419.70000 -53.32
419.75000 -53.32
419.80000 -53.32
419.85000 -53.32
419.90000 -53.32
419.95000 -53.32
420.00000 -53.32
420.05000 -53.32
420.10000 -53.32
420.15000 -53.32
420.20000 -53.32
420.25000 -53.32
420.30000 -53.32
420.35000 -53.32
420.40000 -53.32
420.45000 -53.32
420.50000 -53.32
420.55000 -53.32
420.60000 -53.32
420.65000 -53.32
420.70000 -53.32
420.75000 -53.32
420.80000 -53.32
420.85000 -53.32
420.90000 -53.32
420.95000 -53.33
421.00000 -53.32
421.05000 -53.32
421.10000 -53.33
421.15000 -53.33
421.20000 -53.33
421.25000 -53.33
421.30000 -53.33
421.35000 -53.33
421.40000 -53.33
421.45000 -53.32
421.50000 -53.32
421.55000 -53.32
421.60000 -53.32
421.65000 -53.33
421.70000 -53.33
421.75000 -53.33
421.80000 -53.33
421.85000 -53.33
421.90000 -53.33
421.95000 -53.33
422.00000 -53.33
422.05000 -53.33
422.10000 -53.33
422.15000 -53.33
422.20000 -53.33
422.25000 -53.33
422.30000 -53.33
422.35000 -53.33
422.40000 -53.32
422.45000 -53.32
422.50000 -53.32
422.55000 -53.32
422.60000 -53.32
422.65000 -53.32
422.70000 -53.32
422.75000 -53.32
422.80000 -53.32
422.85000 -53.32
422.90000 -53.32
422.95000 -53.32
423.00000 -53.32
423.05000 -53.32
423.10000 -53.32
423.15000 -53.32
423.20000 -53.32
423.25000 -53.32
423.30000 -53.32
423.35000 -53.32
423.40000 -53.32
423.45000 -53.32
423.50000 -53.32
423.55000 -53.32
423.60000 -53.32
423.65000 -53.32
423.70000 -53.32
423.75000 -53.32
423.80000 -53.32
423.85000 -53.32
423.90000 -53.32
423.95000 -53.32
424.00000 -53.32
424.05000 -53.32
424.10000 -53.31
424.15000 -53.31
424.20000 -53.32
424.25000 -53.32
424.30000 -53.32
424.35000 -53.31
424.40000 -53.31
424.45000 -53.32
424.50000 -53.32
424.55000 -53.32
424.60000 -53.32
424.65000 -53.32
424.70000 -53.31
424.75000 -53.32
424.80000 -53.32
424.85000 -53.32
424.90000 -53.31
424.95000 -53.31
425.00000 -53.32
425.05000 -53.32
425.10000 -53.32
425.15000 -53.32
425.20000 -53.32
425.25000 -53.32
425.30000 -53.32
425.35000 -53.32
425.40000 -53.32
425.45000 -53.32
425.50000 -53.32
425.55000 -53.31
425.60000 -53.31
425.65000 -53.31
425.70000 -53.32
425.75000 -53.31
425.80000 -53.32
425.85000 -53.32
425.90000 -53.32
425.95000 -53.31
426.00000 -53.32
426.05000 -53.31
426.10000 -53.31
426.15000 -53.32
426.20000 -53.32
426.25000 -53.32
426.30000 -53.32
426.35000 -53.32
426.40000 -53.32
426.45000 -53.32
426.50000 -53.32
426.55000 -53.32
426.60000 -53.32
426.65000 -53.32
426.70000 -53.32
426.75000 -53.32
426.80000 -53.32
426.85000 -53.32
426.90000 -53.32
426.95000 -53.32
427.00000 -53.32
427.05000 -53.32
427.10000 -53.33
427.15000 -53.32
427.20000 -53.33
427.25000 -53.32
427.30000 -53.32
427.35000 -53.32
427.40000 -53.32
427.45000 -53.32
427.50000 -53.32
427.55000 -53.32
427.60000 -53.32
427.65000 -53.32
427.70000 -53.32
427.75000 -53.33
427.80000 -53.32
427.85000 -53.33
427.90000 -53.33
427.95000 -53.32
428.00000 -53.32
428.05000 -53.33
428.10000 -53.33
428.15000 -53.32
428.20000 -53.32
428.25000 -53.32
428.30000 -53.32
428.35000 -53.32
428.40000 -53.32
428.45000 -53.32
428.50000 -53.32
428.55000 -53.32
428.60000 -53.32
428.65000 -53.32
428.70000 -53.32
428.75000 -53.32
428.80000 -53.32
428.85000 -53.32
428.90000 -53.32
428.95000 -53.32
429.00000 -53.32
429.05000 -53.32
429.10000 -53.32
429.15000 -53.32
429.20000 -53.32
429.25000 -53.32
429.30000 -53.32
429.35000 -53.32
429.40000 -53.32
429.45000 -53.32
429.50000 -53.32
429.55000 -53.32
429.60000 -53.32
429.65000 -53.32
429.70000 -53.32
429.75000 -53.33
429.80000 -53.32
429.85000 -53.32
429.90000 -53.32
429.95000 -53.32
430.00000 -53.32
430.05000 -53.33
430.10000 -53.33
430.15000 -53.32
430.20000 -53.32
430.25000 -53.32
430.30000 -53.32
430.35000 -53.32
430.40000 -53.32
430.45000 -53.32
430.50000 -53.32
430.55000 -53.32
430.60000 -53.32
430.65000 -53.32
430.70000 -53.32
430.75000 -53.32
430.80000 -53.32
430.85000 -53.32
430.90000 -53.32
430.95000 -53.32
431.00000 -53.32
431.05000 -53.32
431.10000 -53.32
431.15000 -53.32
431.20000 -53.32
431.25000 -53.32
431.30000 -53.32
431.35000 -53.32
431.40000 -53.32
431.45000 -53.32
431.50000 -53.32
431.55000 -53.32
431.60000 -53.32
431.65000 -53.32
431.70000 -53.32
431.75000 -53.32
431.80000 -53.32
431.85000 -53.32
431.90000 -53.32
431.95000 -53.32
432.00000 -53.32
432.05000 -53.32
432.10000 -53.31
432.15000 -53.31
432.20000 -53.31
432.25000 -53.31
432.30000 -53.31
432.35000 -53.31
432.40000 -53.31
432.45000 -53.31
432.50000 -53.31
432.55000 -53.32
432.60000 -53.31
432.65000 -53.31
432.70000 -53.31
432.75000 -53.31
432.80000 -53.31
432.85000 -53.31
432.90000 -53.31
432.95000 -53.31
433.00000 -53.31
433.05000 -53.31
433.10000 -53.31
433.15000 -53.31
433.20000 -53.31
433.25000 -53.31
433.30000 -53.31
433.35000 -53.31
433.40000 -53.31
433.45000 -53.31
433.50000 -53.31
433.55000 -53.30
433.60000 -53.30
433.65000 -53.31
433.70000 -53.31
433.75000 -53.31
433.80000 -53.31
433.85000 -53.30
433.90000 -53.31
433.95000 -53.31
434.00000 -53.31
434.05000 -53.31
434.10000 -53.31
434.15000 -53.31
434.20000 -53.31
434.25000 -53.30
434.30000 -53.31
434.35000 -53.31
434.40000 -53.31
434.45000 -53.31
434.50000 -53.31
434.55000 -53.30
434.60000 -53.30
434.65000 -53.30
434.70000 -53.30
434.75000 -53.30
434.80000 -53.30
434.85000 -53.31
434.90000 -53.30
434.95000 -53.30
435.00000 -53.30
435.05000 -53.30
435.10000 -53.30
435.15000 -53.31
435.20000 -53.30
435.25000 -53.30
435.30000 -53.31
435.35000 -53.31
435.40000 -53.31
435.45000 -53.31
435.50000 -53.31
435.55000 -53.31
435.60000 -53.31
435.65000 -53.31
435.70000 -53.31
435.75000 -53.31
435.80000 -53.31
435.85000 -53.31
435.90000 -53.31
435.95000 -53.32
436.00000 -53.31
436.05000 -53.32
436.10000 -53.32
436.15000 -53.32
436.20000 -53.32
436.25000 -53.32
436.30000 -53.32
436.35000 -53.32
436.40000 -53.32
436.45000 -53.32
436.50000 -53.32
436.55000 -53.32
436.60000 -53.32
436.65000 -53.32
436.70000 -53.32
436.75000 -53.32
436.80000 -53.32
436.85000 -53.32
436.90000 -53.32
436.95000 -53.32
437.00000 -53.32
437.05000 -53.32
437.10000 -53.32
437.15000 -53.32
437.20000 -53.32
437.25000 -53.32
437.30000 -53.32
437.35000 -53.32
437.40000 -53.32
437.45000 -53.32
437.50000 -53.32
437.55000 -53.32
437.60000 -53.32
437.65000 -53.32
437.70000 -53.32
437.75000 -53.32
437.80000 -53.32
437.85000 -53.32
437.90000 -53.32
437.95000 -53.32
438.00000 -53.32
438.05000 -53.32
438.10000 -53.32
438.15000 -53.32
438.20000 -53.32
438.25000 -53.33
438.30000 -53.32
438.35000 -53.32
438.40000 -53.32
438.45000 -53.32
438.50000 -53.32
438.55000 -53.32
438.60000 -53.32
438.65000 -53.32
438.70000 -53.32
438.75000 -53.32
438.80000 -53.32
438.85000 -53.32
438.90000 -53.32
438.95000 -53.32
439.00000 -53.32
439.05000 -53.32
439.10000 -53.32
439.15000 -53.32
439.20000 -53.32
439.25000 -53.32
439.30000 -53.32
439.35000 -53.31
439.40000 -53.32
439.45000 -53.32
439.50000 -53.32
439.55000 -53.31
439.60000 -53.31
439.65000 -53.31
439.70000 -53.31
439.75000 -53.31
439.80000 -53.31
439.85000 -53.31
439.90000 -53.31
439.95000 -53.31
440.00000 -53.31
440.05000 -53.31
440.10000 -53.31
440.15000 -53.31
440.20000 -53.32
440.25000 -53.32
440.30000 -53.32
440.35000 -53.32
440.40000 -53.32
440.45000 -53.32
440.50000 -53.32
440.55000 -53.32
440.60000 -53.32
440.65000 -53.32
440.70000 -53.32
440.75000 -53.32
440.80000 -53.31
440.85000 -53.31
440.90000 -53.32
440.95000 -53.31
441.00000 -53.31
441.05000 -53.31
441.10000 -53.31
441.15000 -53.31
441.20000 -53.31
441.25000 -53.31
441.30000 -53.32
441.35000 -53.31
441.40000 -53.32
441.45000 -53.31
441.50000 -53.31
441.55000 -53.31
441.60000 -53.31
441.65000 -53.31
441.70000 -53.31
441.75000 -53.31
441.80000 -53.31
441.85000 -53.31
441.90000 -53.32
441.95000 -53.31
442.00000 -53.31
442.05000 -53.31
442.10000 -53.31
442.15000 -53.31
442.20000 -53.31
442.25000 -53.31
442.30000 -53.32
442.35000 -53.32
442.40000 -53.31
442.45000 -53.32
442.50000 -53.31
442.55000 -53.31
442.60000 -53.31
442.65000 -53.31
442.70000 -53.31
442.75000 -53.31
442.80000 -53.32
442.85000 -53.31
442.90000 -53.31
442.95000 -53.32
443.00000 -53.31
443.05000 -53.31
443.10000 -53.31
443.15000 -53.32
443.20000 -53.32
443.25000 -53.32
443.30000 -53.32
443.35000 -53.32
443.40000 -53.32
443.45000 -53.32
443.50000 -53.31
443.55000 -53.32
443.60000 -53.32
443.65000 -53.32
443.70000 -53.32
443.75000 -53.32
443.80000 -53.33
443.85000 -53.33
443.90000 -53.33
443.95000 -53.33
444.00000 -53.33
444.05000 -53.33
444.10000 -53.33
444.15000 -53.33
444.20000 -53.33
444.25000 -53.33
444.30000 -53.33
444.35000 -53.33
444.40000 -53.33
444.45000 -53.33
444.50000 -53.33
444.55000 -53.33
444.60000 -53.33
444.65000 -53.33
444.70000 -53.33
444.75000 -53.33
444.80000 -53.33
444.85000 -53.33
444.90000 -53.33
444.95000 -53.33
445.00000 -53.33
445.05000 -53.33
445.10000 -53.33
445.15000 -53.33
445.20000 -53.33
445.25000 -53.32
445.30000 -53.32
445.35000 -53.33
445.40000 -53.33
445.45000 -53.33
445.50000 -53.33
445.55000 -53.33
445.60000 -53.33
445.65000 -53.33
445.70000 -53.33
445.75000 -53.33
445.80000 -53.33
445.85000 -53.33
445.90000 -53.32
445.95000 -53.32
446.00000 -53.33
446.05000 -53.32
446.10000 -53.33
446.15000 -53.32
446.20000 -53.32
446.25000 -53.32
446.30000 -53.32
446.35000 -53.32
446.40000 -53.32
446.45000 -53.32
446.50000 -53.32
446.55000 -53.32
446.60000 -53.32
446.65000 -53.32
446.70000 -53.32
446.75000 -53.32
446.80000 -53.32
446.85000 -53.32
446.90000 -53.32
446.95000 -53.32
447.00000 -53.32
447.05000 -53.32
447.10000 -53.32
447.15000 -53.32
447.20000 -53.32
447.25000 -53.32
447.30000 -53.32
447.35000 -53.32
447.40000 -53.32
447.45000 -53.32
447.50000 -53.32
447.55000 -53.32
447.60000 -53.32
447.65000 -53.32
447.70000 -53.32
447.75000 -53.32
447.80000 -53.32
447.85000 -53.32
447.90000 -53.32
447.95000 -53.32
448.00000 -53.32
448.05000 -53.33
448.10000 -53.32
448.15000 -53.33
448.20000 -53.32
448.25000 -53.32
448.30000 -53.32
448.35000 -53.32
448.40000 -53.33
448.45000 -53.33
448.50000 -53.32
448.55000 -53.32
448.60000 -53.32
448.65000 -53.32
448.70000 -53.32
448.75000 -53.32
448.80000 -53.32
448.85000 -53.32
448.90000 -53.32
448.95000 -53.32
449.00000 -53.32
449.05000 -53.32
449.10000 -53.32
449.15000 -53.32
449.20000 -53.32
449.25000 -53.32
449.30000 -53.32
449.35000 -53.32
449.40000 -53.32
449.45000 -53.32
449.50000 -53.32
449.55000 -53.32
449.60000 -53.32
449.65000 -53.32
449.70000 -53.32
449.75000 -53.32
449.80000 -53.32
449.85000 -53.32
449.90000 -53.31
449.95000 -53.31
450.00000 -53.31
450.05000 -53.31
450.10000 -53.31
450.15000 -53.31
450.20000 -53.31
450.25000 -53.31
450.30000 -53.31
450.35000 -53.31
450.40000 -53.31
450.45000 -53.31
450.50000 -53.30
450.55000 -53.30
450.60000 -53.31
450.65000 -53.31
450.70000 -53.30
450.75000 -53.31
450.80000 -53.31
450.85000 -53.30
450.90000 -53.30
450.95000 -53.30
451.00000 -53.30
451.05000 -53.30
451.10000 -53.30
451.15000 -53.30
451.20000 -53.30
451.25000 -53.30
451.30000 -53.30
451.35000 -53.30
451.40000 -53.30
451.45000 -53.30
451.50000 -53.30
451.55000 -53.30
451.60000 -53.30
451.65000 -53.31
451.70000 -53.30
451.75000 -53.31
451.80000 -53.31
451.85000 -53.31
451.90000 -53.30
451.95000 -53.31
452.00000 -53.31
452.05000 -53.31
452.10000 -53.31
452.15000 -53.30
452.20000 -53.30
452.25000 -53.31
452.30000 -53.31
452.35000 -53.31
452.40000 -53.31
452.45000 -53.31
452.50000 -53.31
452.55000 -53.31
452.60000 -53.31
452.65000 -53.31
452.70000 -53.31
452.75000 -53.31
452.80000 -53.32
452.85000 -53.32
452.90000 -53.32
452.95000 -53.32
453.00000 -53.32
453.05000 -53.32
453.10000 -53.32
453.15000 -53.32
453.20000 -53.32
453.25000 -53.32
453.30000 -53.32
453.35000 -53.32
453.40000 -53.32
453.45000 -53.33
453.50000 -53.33
453.55000 -53.33
453.60000 -53.33
453.65000 -53.33
453.70000 -53.33
453.75000 -53.32
453.80000 -53.33
453.85000 -53.33
453.90000 -53.33
453.95000 -53.32
454.00000 -53.33
454.05000 -53.33
454.10000 -53.33
454.15000 -53.33
454.20000 -53.33
454.25000 -53.33
454.30000 -53.33
454.35000 -53.33
454.40000 -53.33
454.45000 -53.33
454.50000 -53.33
454.55000 -53.33
454.60000 -53.33
454.65000 -53.33
454.70000 -53.33
454.75000 -53.33
454.80000 -53.33
454.85000 -53.33
454.90000 -53.33
454.95000 -53.33
455.00000 -53.33
455.05000 -53.33
455.10000 -53.33
455.15000 -53.33
455.20000 -53.33
455.25000 -53.33
455.30000 -53.33
455.35000 -53.33
455.40000 -53.33
455.45000 -53.33
455.50000 -53.34
455.55000 -53.33
455.60000 -53.33
455.65000 -53.34
455.70000 -53.34
455.75000 -53.34
455.80000 -53.34
455.85000 -53.34
455.90000 -53.34
455.95000 -53.34
456.00000 -53.34
456.05000 -53.34
456.10000 -53.34
456.15000 -53.34
456.20000 -53.34
456.25000 -53.34
456.30000 -53.34
456.35000 -53.34
456.40000 -53.34
456.45000 -53.34
456.50000 -53.34
456.55000 -53.34
456.60000 -53.34
456.65000 -53.34
456.70000 -53.34
456.75000 -53.34
456.80000 -53.34
456.85000 -53.34
456.90000 -53.34
456.95000 -53.34
457.00000 -53.34
457.05000 -53.34
457.10000 -53.33
457.15000 -53.34
457.20000 -53.34
457.25000 -53.34
457.30000 -53.34
457.35000 -53.34
457.40000 -53.33
457.45000 -53.34
457.50000 -53.34
457.55000 -53.34
457.60000 -53.33
457.65000 -53.33
457.70000 -53.33
457.75000 -53.33
457.80000 -53.33
457.85000 -53.33
457.90000 -53.34
457.95000 -53.34
458.00000 -53.33
458.05000 -53.33
458.10000 -53.33
458.15000 -53.33
458.20000 -53.33
458.25000 -53.33
458.30000 -53.33
458.35000 -53.33
458.40000 -53.33
458.45000 -53.33
458.50000 -53.32
458.55000 -53.33
458.60000 -53.33
458.65000 -53.33
458.70000 -53.33
458.75000 -53.33
458.80000 -53.33
458.85000 -53.33
458.90000 -53.33
458.95000 -53.33
459.00000 -53.33
459.05000 -53.33
459.10000 -53.33
459.15000 -53.33
459.20000 -53.33
459.25000 -53.33
459.30000 -53.33
459.35000 -53.33
459.40000 -53.32
459.45000 -53.33
459.50000 -53.33
459.55000 -53.33
459.60000 -53.33
459.65000 -53.33
459.70000 -53.32
459.75000 -53.33
459.80000 -53.32
459.85000 -53.32
459.90000 -53.32
459.95000 -53.32
460.00000 -53.32
460.05000 -53.33
460.10000 -53.32
460.15000 -53.32
460.20000 -53.33
460.25000 -53.32
460.30000 -53.33
460.35000 -53.33
460.40000 -53.32
460.45000 -53.32
460.50000 -53.32
460.55000 -53.32
460.60000 -53.32
460.65000 -53.32
460.70000 -53.32
460.75000 -53.32
460.80000 -53.32
460.85000 -53.32
460.90000 -53.32
460.95000 -53.32
461.00000 -53.32
461.05000 -53.32
461.10000 -53.32
461.15000 -53.32
461.20000 -53.32
461.25000 -53.31
461.30000 -53.31
461.35000 -53.31
461.40000 -53.32
461.45000 -53.32
461.50000 -53.31
461.55000 -53.32
461.60000 -53.31
461.65000 -53.31
461.70000 -53.31
461.75000 -53.32
461.80000 -53.31
461.85000 -53.32
461.90000 -53.31
461.95000 -53.31
462.00000 -53.31
462.05000 -53.31
462.10000 -53.32
462.15000 -53.32
462.20000 -53.31
462.25000 -53.31
462.30000 -53.31
462.35000 -53.32
462.40000 -53.32
462.45000 -53.32
462.50000 -53.31
462.55000 -53.31
462.60000 -53.31
462.65000 -53.31
462.70000 -53.31
462.75000 -53.31
462.80000 -53.31
462.85000 -53.31
462.90000 -53.31
462.95000 -53.31
463.00000 -53.30
463.05000 -53.30
463.10000 -53.30
463.15000 -53.31
463.20000 -53.31
463.25000 -53.30
463.30000 -53.31
463.35000 -53.31
463.40000 -53.31
463.45000 -53.31
463.50000 -53.31
463.55000 -53.31
463.60000 -53.31
463.65000 -53.31
463.70000 -53.31
463.75000 -53.31
463.80000 -53.31
463.85000 -53.30
463.90000 -53.30
463.95000 -53.30
464.00000 -53.31
464.05000 -53.31
464.10000 -53.31
464.15000 -53.31
464.20000 -53.31
464.25000 -53.31
464.30000 -53.31
464.35000 -53.31
464.40000 -53.31
464.45000 -53.31
464.50000 -53.31
464.55000 -53.31
464.60000 -53.31
464.65000 -53.31
464.70000 -53.31
464.75000 -53.31
464.80000 -53.31
464.85000 -53.31
464.90000 -53.31
464.95000 -53.31
465.00000 -53.31
465.05000 -53.31
465.10000 -53.31
465.15000 -53.30
465.20000 -53.31
465.25000 -53.31
465.30000 -53.31
465.35000 -53.31
465.40000 -53.31
465.45000 -53.31
465.50000 -53.31
465.55000 -53.31
465.60000 -53.31
465.65000 -53.31
465.70000 -53.31
465.75000 -53.31
465.80000 -53.31
465.85000 -53.31
465.90000 -53.31
465.95000 -53.31
466.00000 -53.31
466.05000 -53.31
466.10000 -53.32
466.15000 -53.32
466.20000 -53.32
466.25000 -53.32
466.30000 -53.31
466.35000 -53.31
466.40000 -53.32
466.45000 -53.32
466.50000 -53.32
466.55000 -53.32
466.60000 -53.32
466.65000 -53.32
466.70000 -53.32
466.75000 -53.32
466.80000 -53.32
466.85000 -53.33
466.90000 -53.33
466.95000 -53.32
467.00000 -53.33
467.05000 -53.32
467.10000 -53.32
467.15000 -53.32
467.20000 -53.32
467.25000 -53.32
467.30000 -53.32
467.35000 -53.32
467.40000 -53.32
467.45000 -53.32
467.50000 -53.32
467.55000 -53.32
467.60000 -53.32
467.65000 -53.32
467.70000 -53.32
467.75000 -53.32
467.80000 -53.33
467.85000 -53.32
467.90000 -53.32
467.95000 -53.32
468.00000 -53.32
468.05000 -53.33
468.10000 -53.32
468.15000 -53.32
468.20000 -53.32
468.25000 -53.32
468.30000 -53.32
468.35000 -53.32
468.40000 -53.32
468.45000 -53.32
468.50000 -53.32
468.55000 -53.33
468.60000 -53.32
468.65000 -53.32
468.70000 -53.32
468.75000 -53.33
468.80000 -53.33
468.85000 -53.33
468.90000 -53.32
468.95000 -53.33
469.00000 -53.32
469.05000 -53.33
469.10000 -53.33
469.15000 -53.32
469.20000 -53.32
469.25000 -53.32
469.30000 -53.32
469.35000 -53.32
469.40000 -53.32
469.45000 -53.32
469.50000 -53.32
469.55000 -53.32
469.60000 -53.32
469.65000 -53.32
469.70000 -53.32
469.75000 -53.32
469.80000 -53.31
469.85000 -53.32
469.90000 -53.31
469.95000 -53.31
470.00000 -53.31
470.05000 -53.31
470.10000 -53.31
470.15000 -53.31
470.20000 -53.31
470.25000 -53.31
470.30000 -53.31
470.35000 -53.31
470.40000 -53.31
470.45000 -53.32
470.50000 -53.32
470.55000 -53.31
470.60000 -53.32
470.65000 -53.32
470.70000 -53.32
470.75000 -53.31
470.80000 -53.32
470.85000 -53.32
470.90000 -53.32
470.95000 -53.32
471.00000 -53.32
471.05000 -53.32
471.10000 -53.32
471.15000 -53.32
471.20000 -53.32
471.25000 -53.32
471.30000 -53.32
471.35000 -53.32
471.40000 -53.32
471.45000 -53.32
471.50000 -53.32
471.55000 -53.32
471.60000 -53.32
471.65000 -53.32
471.70000 -53.32
471.75000 -53.32
471.80000 -53.32
471.85000 -53.32
471.90000 -53.32
471.95000 -53.31
472.00000 -53.31
472.05000 -53.31
472.10000 -53.31
472.15000 -53.32
472.20000 -53.32
472.25000 -53.31
472.30000 -53.31
472.35000 -53.31
472.40000 -53.31
472.45000 -53.31
472.50000 -53.31
472.55000 -53.32
472.60000 -53.31
472.65000 -53.32
472.70000 -53.32
472.75000 -53.31
472.80000 -53.31
472.85000 -53.31
472.90000 -53.31
472.95000 -53.31
473.00000 -53.31
473.05000 -53.31
473.10000 -53.32
473.15000 -53.32
473.20000 -53.32
473.25000 -53.31
473.30000 -53.31
473.35000 -53.31
473.40000 -53.31
473.45000 -53.31
473.50000 -53.31
473.55000 -53.31
473.60000 -53.31
473.65000 -53.31
473.70000 -53.31
473.75000 -53.31
473.80000 -53.31
473.85000 -53.31
473.90000 -53.31
473.95000 -53.31
474.00000 -53.31
474.05000 -53.31
474.10000 -53.31
474.15000 -53.31
474.20000 -53.31
474.25000 -53.31
474.30000 -53.31
474.35000 -53.31
474.40000 -53.32
474.45000 -53.31
474.50000 -53.32
474.55000 -53.32
474.60000 -53.32
474.65000 -53.32
474.70000 -53.32
474.75000 -53.32
474.80000 -53.33
474.85000 -53.32
474.90000 -53.32
474.95000 -53.33
475.00000 -53.33
475.05000 -53.33
475.10000 -53.33
475.15000 -53.33
475.20000 -53.33
475.25000 -53.33
475.30000 -53.33
475.35000 -53.33
475.40000 -53.33
475.45000 -53.33
475.50000 -53.33
475.55000 -53.33
475.60000 -53.33
475.65000 -53.33
475.70000 -53.33
475.75000 -53.33
475.80000 -53.33
475.85000 -53.33
475.90000 -53.33
475.95000 -53.33
476.00000 -53.33
476.05000 -53.32
476.10000 -53.32
476.15000 -53.32
476.20000 -53.32
476.25000 -53.32
476.30000 -53.32
476.35000 -53.32
476.40000 -53.32
476.45000 -53.32
476.50000 -53.32
476.55000 -53.32
476.60000 -53.32
476.65000 -53.32
476.70000 -53.32
476.75000 -53.32
476.80000 -53.32
476.85000 -53.32
476.90000 -53.32
476.95000 -53.32
477.00000 -53.32
477.05000 -53.32
477.10000 -53.32
477.15000 -53.32
477.20000 -53.32
477.25000 -53.32
477.30000 -53.32
477.35000 -53.32
477.40000 -53.32
477.45000 -53.32
477.50000 -53.32
477.55000 -53.32
477.60000 -53.32
477.65000 -53.32
477.70000 -53.32
477.75000 -53.32
477.80000 -53.32
477.85000 -53.32
477.90000 -53.32
477.95000 -53.32
478.00000 -53.32
478.05000 -53.32
478.10000 -53.32
478.15000 -53.32
478.20000 -53.31
478.25000 -53.32
478.30000 -53.32
478.35000 -53.31
478.40000 -53.32
478.45000 -53.31
478.50000 -53.31
478.55000 -53.31
478.60000 -53.31
478.65000 -53.31
478.70000 -53.31
478.75000 -53.30
478.80000 -53.30
478.85000 -53.30
478.90000 -53.30
478.95000 -53.30
479.00000 -53.30
479.05000 -53.30
479.10000 -53.30
479.15000 -53.30
479.20000 -53.30
479.25000 -53.30
479.30000 -53.30
479.35000 -53.30
479.40000 -53.30
479.45000 -53.30
479.50000 -53.30
479.55000 -53.30
479.60000 -53.30
479.65000 -53.30
479.70000 -53.29
479.75000 -53.29
479.80000 -53.29
479.85000 -53.29
479.90000 -53.29
479.95000 -53.29
480.00000 -53.29
480.05000 -53.29
480.10000 -53.29
480.15000 -53.30
480.20000 -53.30
480.25000 -53.29
480.30000 -53.29
480.35000 -53.29
480.40000 -53.30
480.45000 -53.30
480.50000 -53.30
480.55000 -53.30
480.60000 -53.30
480.65000 -53.30
480.70000 -53.30
480.75000 -53.30
480.80000 -53.30
480.85000 -53.30
480.90000 -53.30
480.95000 -53.31
481.00000 -53.30
481.05000 -53.31
481.10000 -53.31
481.15000 -53.31
481.20000 -53.31
481.25000 -53.31
481.30000 -53.31
481.35000 -53.31
481.40000 -53.31
481.45000 -53.31
481.50000 -53.31
481.55000 -53.31
481.60000 -53.31
481.65000 -53.30
481.70000 -53.30
481.75000 -53.30
481.80000 -53.30
481.85000 -53.31
481.90000 -53.31
481.95000 -53.31
482.00000 -53.31
482.05000 -53.31
482.10000 -53.30
482.15000 -53.31
482.20000 -53.31
482.25000 -53.31
482.30000 -53.31
482.35000 -53.31
482.40000 -53.31
482.45000 -53.31
482.50000 -53.31
482.55000 -53.31
482.60000 -53.31
482.65000 -53.31
482.70000 -53.31
482.75000 -53.31
482.80000 -53.31
482.85000 -53.31
482.90000 -53.31
482.95000 -53.31
483.00000 -53.31
483.05000 -53.31
483.10000 -53.32
483.15000 -53.31
483.20000 -53.32
483.25000 -53.32
483.30000 -53.32
483.35000 -53.32
483.40000 -53.32
483.45000 -53.32
483.50000 -53.32
483.55000 -53.32
483.60000 -53.32
483.65000 -53.32
483.70000 -53.32
483.75000 -53.32
483.80000 -53.33
483.85000 -53.33
483.90000 -53.32
483.95000 -53.33
484.00000 -53.32
484.05000 -53.33
484.10000 -53.32
484.15000 -53.32
484.20000 -53.32
484.25000 -53.32
484.30000 -53.33
484.35000 -53.32
484.40000 -53.32
484.45000 -53.32
484.50000 -53.32
484.55000 -53.32
484.60000 -53.33
484.65000 -53.33
484.70000 -53.32
484.75000 -53.32
484.80000 -53.32
484.85000 -53.32
484.90000 -53.32
484.95000 -53.33
485.00000 -53.33
485.05000 -53.33
485.10000 -53.33
485.15000 -53.32
485.20000 -53.33
485.25000 -53.33
485.30000 -53.33
485.35000 -53.33
485.40000 -53.33
485.45000 -53.33
485.50000 -53.33
485.55000 -53.33
485.60000 -53.33
485.65000 -53.33
485.70000 -53.33
485.75000 -53.33
485.80000 -53.33
485.85000 -53.33
485.90000 -53.33
485.95000 -53.33
486.00000 -53.33
486.05000 -53.33
486.10000 -53.33
486.15000 -53.34
486.20000 -53.34
486.25000 -53.33
486.30000 -53.33
486.35000 -53.33
486.40000 -53.32
486.45000 -53.33
486.50000 -53.33
486.55000 -53.33
486.60000 -53.33
486.65000 -53.33
486.70000 -53.34
486.75000 -53.33
486.80000 -53.33
486.85000 -53.33
486.90000 -53.33
486.95000 -53.34
487.00000 -53.34
487.05000 -53.33
487.10000 -53.33
487.15000 -53.33
487.20000 -53.33
487.25000 -53.33
487.30000 -53.34
487.35000 -53.34
487.40000 -53.34
487.45000 -53.34
487.50000 -53.34
487.55000 -53.33
487.60000 -53.34
487.65000 -53.34
487.70000 -53.34
487.75000 -53.34
487.80000 -53.33
487.85000 -53.33
487.90000 -53.33
487.95000 -53.33
488.00000 -53.33
488.05000 -53.33
488.10000 -53.34
488.15000 -53.33
488.20000 -53.33
488.25000 -53.33
488.30000 -53.33
488.35000 -53.33
488.40000 -53.33
488.45000 -53.33
488.50000 -53.33
488.55000 -53.33
488.60000 -53.33
488.65000 -53.33
488.70000 -53.33
488.75000 -53.33
488.80000 -53.33
488.85000 -53.33
488.90000 -53.34
488.95000 -53.34
489.00000 -53.33
489.05000 -53.34
489.10000 -53.34
489.15000 -53.34
489.20000 -53.34
489.25000 -53.34
489.30000 -53.34
489.35000 -53.34
489.40000 -53.34
489.45000 -53.34
489.50000 -53.34
489.55000 -53.34
489.60000 -53.34
489.65000 -53.34
489.70000 -53.34
489.75000 -53.34
489.80000 -53.33
489.85000 -53.34
489.90000 -53.34
489.95000 -53.34
490.00000 -53.34
490.05000 -53.34
490.10000 -53.34
490.15000 -53.34
490.20000 -53.34
490.25000 -53.34
490.30000 -53.34
490.35000 -53.34
490.40000 -53.34
490.45000 -53.34
490.50000 -53.34
490.55000 -53.34
490.60000 -53.34
490.65000 -53.34
490.70000 -53.34
490.75000 -53.34
490.80000 -53.34
490.85000 -53.34
490.90000 -53.34
490.95000 -53.35
491.00000 -53.34
491.05000 -53.35
491.10000 -53.34
491.15000 -53.34
491.20000 -53.34
491.25000 -53.35
491.30000 -53.35
491.35000 -53.35
491.40000 -53.35
491.45000 -53.35
491.50000 -53.35
491.55000 -53.35
491.60000 -53.35
491.65000 -53.34
491.70000 -53.34
491.75000 -53.34
491.80000 -53.34
491.85000 -53.34
491.90000 -53.34
491.95000 -53.34
492.00000 -53.33
492.05000 -53.33
492.10000 -53.33
492.15000 -53.33
492.20000 -53.33
492.25000 -53.33
492.30000 -53.33
492.35000 -53.33
492.40000 -53.32
492.45000 -53.32
492.50000 -53.32
492.55000 -53.33
492.60000 -53.32
492.65000 -53.32
492.70000 -53.32
492.75000 -53.32
492.80000 -53.32
492.85000 -53.32
492.90000 -53.32
492.95000 -53.32
493.00000 -53.32
493.05000 -53.32
493.10000 -53.32
493.15000 -53.32
493.20000 -53.31
493.25000 -53.31
493.30000 -53.32
493.35000 -53.32
493.40000 -53.32
493.45000 -53.32
493.50000 -53.32
493.55000 -53.32
493.60000 -53.32
493.65000 -53.32
493.70000 -53.32
493.75000 -53.32
493.80000 -53.32
493.85000 -53.32
493.90000 -53.32
493.95000 -53.32
494.00000 -53.32
494.05000 -53.32
494.10000 -53.32
494.15000 -53.32
494.20000 -53.33
494.25000 -53.32
494.30000 -53.32
494.35000 -53.32
494.40000 -53.32
494.45000 -53.32
494.50000 -53.32
494.55000 -53.32
494.60000 -53.32
494.65000 -53.32
494.70000 -53.32
494.75000 -53.31
494.80000 -53.31
494.85000 -53.31
494.90000 -53.31
494.95000 -53.31
495.00000 -53.31
495.05000 -53.31
495.10000 -53.31
495.15000 -53.31
495.20000 -53.31
495.25000 -53.31
495.30000 -53.31
495.35000 -53.31
495.40000 -53.31
495.45000 -53.31
495.50000 -53.31
495.55000 -53.31
495.60000 -53.31
495.65000 -53.31
495.70000 -53.31
495.75000 -53.31
495.80000 -53.31
495.85000 -53.31
495.90000 -53.31
495.95000 -53.31
496.00000 -53.31
496.05000 -53.31
496.10000 -53.31
496.15000 -53.31
496.20000 -53.31
496.25000 -53.31
496.30000 -53.31
496.35000 -53.31
496.40000 -53.31
496.45000 -53.31
496.50000 -53.31
496.55000 -53.31
496.60000 -53.31
496.65000 -53.31
496.70000 -53.31
496.75000 -53.31
496.80000 -53.31
496.85000 -53.31
496.90000 -53.32
496.95000 -53.32
497.00000 -53.32
497.05000 -53.32
497.10000 -53.32
497.15000 -53.32
497.20000 -53.32
497.25000 -53.32
497.30000 -53.32
497.35000 -53.32
497.40000 -53.32
497.45000 -53.32
497.50000 -53.32
497.55000 -53.32
497.60000 -53.32
497.65000 -53.32
497.70000 -53.32
497.75000 -53.32
497.80000 -53.32
497.85000 -53.32
497.90000 -53.32
497.95000 -53.32
498.00000 -53.31
498.05000 -53.31
498.10000 -53.31
498.15000 -53.31
498.20000 -53.31
498.25000 -53.32
498.30000 -53.32
498.35000 -53.31
498.40000 -53.31
498.45000 -53.31
498.50000 -53.32
498.55000 -53.32
498.60000 -53.31
498.65000 -53.32
498.70000 -53.32
498.75000 -53.32
498.80000 -53.32
498.85000 -53.32
498.90000 -53.32
498.95000 -53.32
499.00000 -53.32
499.05000 -53.32
499.10000 -53.32
499.15000 -53.32
499.20000 -53.32
499.25000 -53.32
499.30000 -53.32
499.35000 -53.32
499.40000 -53.32
499.45000 -53.32
499.50000 -53.31
499.55000 -53.32
499.60000 -53.31
499.65000 -53.32
499.70000 -53.31
499.75000 -53.32
499.80000 -53.32
499.85000 -53.32
499.90000 -53.32
499.95000 -53.32
500.00000 -53.32
500.05000 -53.32
500.10000 -53.32
500.15000 -53.32
500.20000 -53.33
500.25000 -53.33
500.30000 -53.33
500.35000 -53.32
500.40000 -53.32
500.45000 -53.32
500.50000 -53.32
500.55000 -53.32
500.60000 -53.32
500.65000 -53.32
500.70000 -53.32
500.75000 -53.32
500.80000 -53.32
500.85000 -53.32
500.90000 -53.32
500.95000 -53.32
501.00000 -53.32
501.05000 -53.32
501.10000 -53.32
501.15000 -53.32
501.20000 -53.32
501.25000 -53.32
501.30000 -53.32
501.35000 -53.32
501.40000 -53.31
501.45000 -53.31
501.50000 -53.31
501.55000 -53.31
501.60000 -53.31
501.65000 -53.31
501.70000 -53.31
501.75000 -53.31
501.80000 -53.31
501.85000 -53.31
501.90000 -53.31
501.95000 -53.32
502.00000 -53.32
502.05000 -53.31
502.10000 -53.32
502.15000 -53.31
502.20000 -53.31
502.25000 -53.32
502.30000 -53.32
502.35000 -53.32
502.40000 -53.32
502.45000 -53.32
502.50000 -53.32
502.55000 -53.32
502.60000 -53.32
502.65000 -53.32
502.70000 -53.32
502.75000 -53.32
502.80000 -53.32
502.85000 -53.32
502.90000 -53.32
502.95000 -53.32
503.00000 -53.32
503.05000 -53.32
503.10000 -53.32
503.15000 -53.32
503.20000 -53.32
503.25000 -53.32
503.30000 -53.32
503.35000 -53.32
503.40000 -53.32
503.45000 -53.32
503.50000 -53.32
503.55000 -53.32
503.60000 -53.32
503.65000 -53.32
503.70000 -53.32
503.75000 -53.32
503.80000 -53.32
503.85000 -53.32
503.90000 -53.32
503.95000 -53.32
504.00000 -53.32
504.05000 -53.32
504.10000 -53.32
504.15000 -53.32
504.20000 -53.32
504.25000 -53.32
504.30000 -53.32
504.35000 -53.33
504.40000 -53.32
504.45000 -53.33
504.50000 -53.33
504.55000 -53.32
504.60000 -53.32
504.65000 -53.32
504.70000 -53.32
504.75000 -53.32
504.80000 -53.32
504.85000 -53.32
504.90000 -53.32
504.95000 -53.32
505.00000 -53.32
505.05000 -53.32
505.10000 -53.32
505.15000 -53.32
505.20000 -53.32
505.25000 -53.32
505.30000 -53.32
505.35000 -53.32
505.40000 -53.32
505.45000 -53.32
505.50000 -53.32
505.55000 -53.32
505.60000 -53.32
505.65000 -53.31
505.70000 -53.31
505.75000 -53.31
505.80000 -53.31
505.85000 -53.31
505.90000 -53.31
505.95000 -53.32
506.00000 -53.31
506.05000 -53.32
506.10000 -53.31
506.15000 -53.31
506.20000 -53.32
506.25000 -53.32
506.30000 -53.31
506.35000 -53.31
506.40000 -53.31
506.45000 -53.31
506.50000 -53.32
506.55000 -53.31
506.60000 -53.31
506.65000 -53.32
506.70000 -53.31
506.75000 -53.31
506.80000 -53.31
506.85000 -53.31
506.90000 -53.31
506.95000 -53.31
507.00000 -53.30
507.05000 -53.31
507.10000 -53.30
507.15000 -53.31
507.20000 -53.31
507.25000 -53.30
507.30000 -53.31
507.35000 -53.31
507.40000 -53.30
507.45000 -53.30
507.50000 -53.30
507.55000 -53.30
507.60000 -53.30
507.65000 -53.30
507.70000 -53.30
507.75000 -53.30
507.80000 -53.30
507.85000 -53.30
507.90000 -53.30
507.95000 -53.30
508.00000 -53.30
508.05000 -53.30
508.10000 -53.30
508.15000 -53.30
508.20000 -53.29
508.25000 -53.30
508.30000 -53.29
508.35000 -53.30
508.40000 -53.30
508.45000 -53.29
508.50000 -53.30
508.55000 -53.30
508.60000 -53.29
508.65000 -53.30
508.70000 -53.30
508.75000 -53.30
508.80000 -53.30
508.85000 -53.30
508.90000 -53.30
508.95000 -53.30
509.00000 -53.30
509.05000 -53.30
509.10000 -53.30
509.15000 -53.30
509.20000 -53.31
509.25000 -53.30
509.30000 -53.30
509.35000 -53.30
509.40000 -53.30
509.45000 -53.30
509.50000 -53.30
509.55000 -53.30
509.60000 -53.30
509.65000 -53.30
509.70000 -53.30
509.75000 -53.30
509.80000 -53.30
509.85000 -53.30
509.90000 -53.30
509.95000 -53.30
510.00000 -53.30
510.05000 -53.30
510.10000 -53.30
510.15000 -53.30
510.20000 -53.30
510.25000 -53.30
510.30000 -53.30
510.35000 -53.30
510.40000 -53.30
510.45000 -53.30
510.50000 -53.30
510.55000 -53.30
510.60000 -53.30
510.65000 -53.30
510.70000 -53.30
510.75000 -53.30
510.80000 -53.30
510.85000 -53.30
510.90000 -53.30
510.95000 -53.30
511.00000 -53.29
511.05000 -53.29
511.10000 -53.29
511.15000 -53.29
511.20000 -53.29
511.25000 -53.29
511.30000 -53.29
511.35000 -53.30
511.40000 -53.29
511.45000 -53.29
511.50000 -53.29
511.55000 -53.29
511.60000 -53.29
511.65000 -53.29
511.70000 -53.30
511.75000 -53.29
511.80000 -53.29
511.85000 -53.29
511.90000 -53.29
511.95000 -53.29
512.00000 -53.29
512.05000 -53.29
512.10000 -53.29
512.15000 -53.29
512.20000 -53.29
512.25000 -53.29
512.30000 -53.29
512.35000 -53.29
512.40000 -53.29
512.45000 -53.29
512.50000 -53.29
512.55000 -53.29
512.60000 -53.29
512.65000 -53.29
512.70000 -53.29
512.75000 -53.29
512.80000 -53.29
512.85000 -53.29
512.90000 -53.29
512.95000 -53.29
513.00000 -53.30
513.05000 -53.30
513.10000 -53.30
513.15000 -53.30
513.20000 -53.30
513.25000 -53.30
513.30000 -53.30
513.35000 -53.30
513.40000 -53.30
513.45000 -53.30
513.50000 -53.30
513.55000 -53.31
513.60000 -53.31
513.65000 -53.31
513.70000 -53.31
513.75000 -53.31
513.80000 -53.31
513.85000 -53.31
513.90000 -53.31
513.95000 -53.31
514.00000 -53.31
514.05000 -53.31
514.10000 -53.32
514.15000 -53.32
514.20000 -53.32
514.25000 -53.32
514.30000 -53.32
514.35000 -53.32
514.40000 -53.32
514.45000 -53.32
514.50000 -53.32
514.55000 -53.32
514.60000 -53.32
514.65000 -53.32
514.70000 -53.32
514.75000 -53.32
514.80000 -53.32
514.85000 -53.32
514.90000 -53.32
514.95000 -53.32
515.00000 -53.32
515.05000 -53.32
515.10000 -53.32
515.15000 -53.32
515.20000 -53.32
515.25000 -53.32
515.30000 -53.32
515.35000 -53.32
515.40000 -53.32
515.45000 -53.32
515.50000 -53.32
515.55000 -53.32
515.60000 -53.32
515.65000 -53.32
515.70000 -53.32
515.75000 -53.32
515.80000 -53.32
515.85000 -53.32
515.90000 -53.32
515.95000 -53.32
516.00000 -53.32
516.05000 -53.32
516.10000 -53.32
516.15000 -53.32
516.20000 -53.32
516.25000 -53.32
516.30000 -53.33
516.35000 -53.32
516.40000 -53.32
516.45000 -53.32
516.50000 -53.32
516.55000 -53.32
516.60000 -53.32
516.65000 -53.32
516.70000 -53.32
516.75000 -53.32
516.80000 -53.32
516.85000 -53.32
516.90000 -53.32
516.95000 -53.32
517.00000 -53.32
517.05000 -53.32
517.10000 -53.32
517.15000 -53.32
517.20000 -53.32
517.25000 -53.32
517.30000 -53.32
517.35000 -53.32
517.40000 -53.32
517.45000 -53.32
517.50000 -53.32
517.55000 -53.32
517.60000 -53.32
517.65000 -53.32
517.70000 -53.31
517.75000 -53.31
517.80000 -53.31
517.85000 -53.31
517.90000 -53.31
517.95000 -53.31
518.00000 -53.31
518.05000 -53.31
518.10000 -53.31
518.15000 -53.31
518.20000 -53.31
518.25000 -53.31
518.30000 -53.31
518.35000 -53.31
518.40000 -53.31
518.45000 -53.31
518.50000 -53.31
518.55000 -53.31
518.60000 -53.31
518.65000 -53.31
518.70000 -53.31
518.75000 -53.31
518.80000 -53.31
518.85000 -53.31
518.90000 -53.31
518.95000 -53.31
519.00000 -53.31
519.05000 -53.31
519.10000 -53.31
519.15000 -53.31
519.20000 -53.31
519.25000 -53.31
519.30000 -53.31
519.35000 -53.31
519.40000 -53.31
519.45000 -53.31
519.50000 -53.31
519.55000 -53.30
519.60000 -53.30
519.65000 -53.31
519.70000 -53.30
519.75000 -53.30
519.80000 -53.31
519.85000 -53.30
519.90000 -53.30
519.95000 -53.30
520.00000 -53.30
520.05000 -53.30
520.10000 -53.30
520.15000 -53.30
520.20000 -53.31
520.25000 -53.31
520.30000 -53.31
520.35000 -53.30
520.40000 -53.30
520.45000 -53.30
520.50000 -53.30
520.55000 -53.30
520.60000 -53.30
520.65000 -53.30
520.70000 -53.30
520.75000 -53.30
520.80000 -53.30
520.85000 -53.30
520.90000 -53.30
520.95000 -53.30
521.00000 -53.30
521.05000 -53.30
521.10000 -53.30
521.15000 -53.30
521.20000 -53.30
521.25000 -53.30
521.30000 -53.30
521.35000 -53.30
521.40000 -53.30
521.45000 -53.30
521.50000 -53.30
521.55000 -53.30
521.60000 -53.30
521.65000 -53.30
521.70000 -53.30
521.75000 -53.30
521.80000 -53.30
521.85000 -53.30
521.90000 -53.30
521.95000 -53.30
522.00000 -53.30
522.05000 -53.30
522.10000 -53.30
522.15000 -53.30
522.20000 -53.30
522.25000 -53.30
522.30000 -53.30
522.35000 -53.31
522.40000 -53.31
522.45000 -53.31
522.50000 -53.31
522.55000 -53.31
522.60000 -53.31
522.65000 -53.31
522.70000 -53.31
522.75000 -53.31
522.80000 -53.31
522.85000 -53.31
522.90000 -53.31
522.95000 -53.31
523.00000 -53.31
523.05000 -53.31
523.10000 -53.31
523.15000 -53.31
523.20000 -53.31
523.25000 -53.31
523.30000 -53.31
523.35000 -53.31
523.40000 -53.31
523.45000 -53.31
523.50000 -53.31
523.55000 -53.31
523.60000 -53.31
523.65000 -53.31
523.70000 -53.31
523.75000 -53.31
523.80000 -53.31
523.85000 -53.30
523.90000 -53.30
523.95000 -53.31
524.00000 -53.31
524.05000 -53.31
524.10000 -53.31
524.15000 -53.30
524.20000 -53.31
524.25000 -53.31
524.30000 -53.31
524.35000 -53.31
524.40000 -53.31
524.45000 -53.31
524.50000 -53.31
524.55000 -53.31
524.60000 -53.31
524.65000 -53.31
524.70000 -53.31
524.75000 -53.31
524.80000 -53.31
524.85000 -53.31
524.90000 -53.31
524.95000 -53.31
525.00000 -53.31
525.05000 -53.31
525.10000 -53.31
525.15000 -53.31
525.20000 -53.31
525.25000 -53.31
525.30000 -53.31
525.35000 -53.31
525.40000 -53.31
525.45000 -53.31
525.50000 -53.31
525.55000 -53.31
525.60000 -53.31
525.65000 -53.31
525.70000 -53.31
525.75000 -53.31
525.80000 -53.31
525.85000 -53.31
525.90000 -53.30
525.95000 -53.30
526.00000 -53.30
526.05000 -53.30
526.10000 -53.30
526.15000 -53.30
526.20000 -53.31
526.25000 -53.30
526.30000 -53.30
526.35000 -53.30
526.40000 -53.30
526.45000 -53.30
526.50000 -53.30
526.55000 -53.30
526.60000 -53.30
526.65000 -53.30
526.70000 -53.30
526.75000 -53.30
526.80000 -53.30
526.85000 -53.30
526.90000 -53.30
526.95000 -53.30
527.00000 -53.30
527.05000 -53.30
527.10000 -53.30
527.15000 -53.30
527.20000 -53.30
527.25000 -53.30
527.30000 -53.30
527.35000 -53.30
527.40000 -53.30
527.45000 -53.30
527.50000 -53.30
527.55000 -53.30
527.60000 -53.30
527.65000 -53.30
527.70000 -53.30
527.75000 -53.29
527.80000 -53.29
527.85000 -53.30
527.90000 -53.30
527.95000 -53.30
528.00000 -53.30
528.05000 -53.30
528.10000 -53.30
528.15000 -53.30
528.20000 -53.30
528.25000 -53.30
528.30000 -53.30
528.35000 -53.30
528.40000 -53.30
528.45000 -53.30
528.50000 -53.30
528.55000 -53.30
528.60000 -53.30
528.65000 -53.30
528.70000 -53.30
528.75000 -53.30
528.80000 -53.31
528.85000 -53.31
528.90000 -53.31
528.95000 -53.31
529.00000 -53.31
529.05000 -53.31
529.10000 -53.31
529.15000 -53.31
529.20000 -53.32
529.25000 -53.32
529.30000 -53.31
529.35000 -53.31
529.40000 -53.32
529.45000 -53.32
529.50000 -53.32
529.55000 -53.32
529.60000 -53.32
529.65000 -53.32
529.70000 -53.32
529.75000 -53.32
529.80000 -53.32
529.85000 -53.31
529.90000 -53.31
529.95000 -53.32
530.00000 -53.32
530.05000 -53.32
530.10000 -53.32
530.15000 -53.32
530.20000 -53.32
530.25000 -53.32
530.30000 -53.32
530.35000 -53.32
530.40000 -53.32
530.45000 -53.32
530.50000 -53.32
530.55000 -53.32
530.60000 -53.32
530.65000 -53.32
530.70000 -53.31
530.75000 -53.32
530.80000 -53.32
530.85000 -53.32
530.90000 -53.32
530.95000 -53.32
531.00000 -53.32
531.05000 -53.32
531.10000 -53.32
531.15000 -53.32
531.20000 -53.32
531.25000 -53.32
531.30000 -53.32
531.35000 -53.32
531.40000 -53.32
531.45000 -53.32
531.50000 -53.32
531.55000 -53.32
531.60000 -53.32
531.65000 -53.32
531.70000 -53.32
531.75000 -53.32
531.80000 -53.32
531.85000 -53.32
531.90000 -53.32
531.95000 -53.32
532.00000 -53.33
532.05000 -53.33
532.10000 -53.33
532.15000 -53.33
532.20000 -53.33
532.25000 -53.33
532.30000 -53.33
532.35000 -53.32
532.40000 -53.32
532.45000 -53.33
532.50000 -53.33
532.55000 -53.33
532.60000 -53.32
532.65000 -53.32
532.70000 -53.32
532.75000 -53.33
532.80000 -53.32
532.85000 -53.32
532.90000 -53.33
532.95000 -53.33
533.00000 -53.32
533.05000 -53.32
533.10000 -53.32
533.15000 -53.32
533.20000 -53.32
533.25000 -53.33
533.30000 -53.33
533.35000 -53.32
533.40000 -53.32
533.45000 -53.33
533.50000 -53.33
533.55000 -53.33
533.60000 -53.33
533.65000 -53.32
533.70000 -53.33
533.75000 -53.32
533.80000 -53.33
533.85000 -53.33
533.90000 -53.32
533.95000 -53.32
534.00000 -53.32
534.05000 -53.32
534.10000 -53.32
534.15000 -53.32
534.20000 -53.33
534.25000 -53.32
534.30000 -53.32
534.35000 -53.33
534.40000 -53.32
534.45000 -53.32
534.50000 -53.32
534.55000 -53.32
534.60000 -53.32
534.65000 -53.32
534.70000 -53.32
534.75000 -53.32
534.80000 -53.32
534.85000 -53.32
534.90000 -53.32
534.95000 -53.32
535.00000 -53.32
535.05000 -53.32
535.10000 -53.32
535.15000 -53.32
535.20000 -53.32
535.25000 -53.32
535.30000 -53.32
535.35000 -53.32
535.40000 -53.32
535.45000 -53.32
535.50000 -53.32
535.55000 -53.32
535.60000 -53.32
535.65000 -53.32
535.70000 -53.32
535.75000 -53.32
535.80000 -53.32
535.85000 -53.32
535.90000 -53.32
535.95000 -53.32
536.00000 -53.32
536.05000 -53.32
536.10000 -53.32
536.15000 -53.32
536.20000 -53.32
536.25000 -53.32
536.30000 -53.32
536.35000 -53.32
536.40000 -53.32
536.45000 -53.32
536.50000 -53.32
536.55000 -53.32
536.60000 -53.32
536.65000 -53.32
536.70000 -53.32
536.75000 -53.32
536.80000 -53.32
536.85000 -53.32
536.90000 -53.31
536.95000 -53.31
537.00000 -53.31
537.05000 -53.31
537.10000 -53.32
537.15000 -53.32
537.20000 -53.31
537.25000 -53.31
537.30000 -53.31
537.35000 -53.32
537.40000 -53.32
537.45000 -53.31
537.50000 -53.32
537.55000 -53.31
537.60000 -53.32
537.65000 -53.31
537.70000 -53.31
537.75000 -53.31
537.80000 -53.31
537.85000 -53.31
537.90000 -53.31
537.95000 -53.31
538.00000 -53.31
538.05000 -53.31
538.10000 -53.31
538.15000 -53.31
538.20000 -53.31
538.25000 -53.31
538.30000 -53.31
538.35000 -53.30
538.40000 -53.30
538.45000 -53.31
538.50000 -53.30
538.55000 -53.30
538.60000 -53.30
538.65000 -53.30
538.70000 -53.30
538.75000 -53.30
538.80000 -53.30
538.85000 -53.30
538.90000 -53.30
538.95000 -53.30
539.00000 -53.30
539.05000 -53.29
539.10000 -53.29
539.15000 -53.29
539.20000 -53.30
539.25000 -53.29
539.30000 -53.29
539.35000 -53.30
539.40000 -53.30
539.45000 -53.29
539.50000 -53.29
539.55000 -53.29
539.60000 -53.29
539.65000 -53.29
539.70000 -53.29
539.75000 -53.29
539.80000 -53.29
539.85000 -53.29
539.90000 -53.29
539.95000 -53.29
540.00000 -53.29
540.05000 -53.29
540.10000 -53.29
540.15000 -53.29
540.20000 -53.29
540.25000 -53.29
540.30000 -53.29
540.35000 -53.29
540.40000 -53.29
540.45000 -53.29
540.50000 -53.29
540.55000 -53.29
540.60000 -53.29
540.65000 -53.29
540.70000 -53.30
540.75000 -53.30
540.80000 -53.29
540.85000 -53.29
540.90000 -53.29
540.95000 -53.29
541.00000 -53.29
541.05000 -53.29
541.10000 -53.29
541.15000 -53.30
541.20000 -53.29
541.25000 -53.29
541.30000 -53.29
541.35000 -53.29
541.40000 -53.30
541.45000 -53.29
541.50000 -53.30
541.55000 -53.29
541.60000 -53.29
541.65000 -53.29
541.70000 -53.30
541.75000 -53.30
541.80000 -53.30
541.85000 -53.30
541.90000 -53.30
541.95000 -53.30
542.00000 -53.30
542.05000 -53.31
542.10000 -53.30
542.15000 -53.30
542.20000 -53.31
542.25000 -53.31
542.30000 -53.31
542.35000 -53.31
542.40000 -53.31
542.45000 -53.31
542.50000 -53.31
542.55000 -53.31
542.60000 -53.31
542.65000 -53.31
542.70000 -53.31
542.75000 -53.31
542.80000 -53.31
542.85000 -53.31
542.90000 -53.30
542.95000 -53.31
543.00000 -53.31
543.05000 -53.31
543.10000 -53.31
543.15000 -53.31
543.20000 -53.31
543.25000 -53.31
543.30000 -53.31
543.35000 -53.31
543.40000 -53.31
543.45000 -53.31
543.50000 -53.31
543.55000 -53.31
543.60000 -53.31
543.65000 -53.31
543.70000 -53.31
543.75000 -53.32
543.80000 -53.31
543.85000 -53.32
543.90000 -53.32
543.95000 -53.32
544.00000 -53.32
544.05000 -53.32
544.10000 -53.32
544.15000 -53.32
544.20000 -53.32
544.25000 -53.31
544.30000 -53.32
544.35000 -53.32
544.40000 -53.32
544.45000 -53.32
544.50000 -53.31
544.55000 -53.32
544.60000 -53.32
544.65000 -53.31
544.70000 -53.31
544.75000 -53.32
544.80000 -53.31
544.85000 -53.32
544.90000 -53.32
544.95000 -53.32
545.00000 -53.32
545.05000 -53.32
545.10000 -53.32
545.15000 -53.32
545.20000 -53.32
545.25000 -53.32
545.30000 -53.32
545.35000 -53.32
545.40000 -53.32
545.45000 -53.32
545.50000 -53.32
545.55000 -53.32
545.60000 -53.32
545.65000 -53.32
545.70000 -53.32
545.75000 -53.32
545.80000 -53.32
545.85000 -53.32
545.90000 -53.32
545.95000 -53.32
546.00000 -53.32
546.05000 -53.32
546.10000 -53.32
546.15000 -53.32
546.20000 -53.32
546.25000 -53.32
546.30000 -53.32
546.35000 -53.32
546.40000 -53.32
546.45000 -53.32
546.50000 -53.31
546.55000 -53.31
546.60000 -53.32
546.65000 -53.32
546.70000 -53.32
546.75000 -53.31
546.80000 -53.32
546.85000 -53.32
546.90000 -53.32
546.95000 -53.31
547.00000 -53.31
547.05000 -53.32
547.10000 -53.31
547.15000 -53.31
547.20000 -53.31
547.25000 -53.32
547.30000 -53.31
547.35000 -53.31
547.40000 -53.31
547.45000 -53.32
547.50000 -53.32
547.55000 -53.32
547.60000 -53.32
547.65000 -53.32
547.70000 -53.32
547.75000 -53.32
547.80000 -53.32
547.85000 -53.32
547.90000 -53.32
547.95000 -53.32
548.00000 -53.32
548.05000 -53.32
548.10000 -53.32
548.15000 -53.32
548.20000 -53.32
548.25000 -53.31
548.30000 -53.31
548.35000 -53.31
548.40000 -53.31
548.45000 -53.31
548.50000 -53.31
548.55000 -53.31
548.60000 -53.31
548.65000 -53.31
548.70000 -53.31
548.75000 -53.31
548.80000 -53.31
548.85000 -53.31
548.90000 -53.31
548.95000 -53.31
549.00000 -53.31
549.05000 -53.30
549.10000 -53.30
549.15000 -53.31
549.20000 -53.31
549.25000 -53.31
549.30000 -53.31
549.35000 -53.31
549.40000 -53.31
549.45000 -53.31
549.50000 -53.31
549.55000 -53.31
549.60000 -53.31
549.65000 -53.31
549.70000 -53.31
549.75000 -53.31
549.80000 -53.31
549.85000 -53.31
549.90000 -53.31
549.95000 -53.31
