0.00000 -62.93
0.05000 -62.96
0.10000 -62.96
0.15000 -62.96
0.20000 -62.96
0.25000 -62.96
0.30000 -62.96
0.35000 -62.96
0.40000 -62.96
0.45000 -62.96
0.50000 -62.96
0.55000 -62.96
0.60000 -62.95
0.65000 -62.95
0.70000 -62.95
0.75000 -62.95
0.80000 -62.95
0.85000 -62.95
0.90000 -62.96
0.95000 -62.95
1.00000 -62.96
1.05000 -62.96
1.10000 -62.96
1.15000 -62.96
1.20000 -62.96
1.25000 -62.96
1.30000 -62.96
1.35000 -62.96
1.40000 -62.96
1.45000 -62.96
1.50000 -62.96
1.55000 -62.95
1.60000 -62.95
1.65000 -62.95
1.70000 -62.95
1.75000 -62.95
1.80000 -62.95
1.85000 -62.95
1.90000 -62.95
1.95000 -62.95
2.00000 -62.95
2.05000 -62.95
2.10000 -62.95
2.15000 -62.95
2.20000 -62.95
2.25000 -62.95
2.30000 -62.95
2.35000 -62.95
2.40000 -62.95
2.45000 -62.95
2.50000 -62.95
2.55000 -62.96
2.60000 -62.96
2.65000 -62.96
2.70000 -62.96
2.75000 -62.95
2.80000 -62.95
2.85000 -62.95
2.90000 -62.95
2.95000 -62.95
3.00000 -62.96
3.05000 -62.96
3.10000 -62.96
3.15000 -62.96
3.20000 -62.96
3.25000 -62.96
3.30000 -62.96
3.35000 -62.96
3.40000 -62.96
3.45000 -62.96
3.50000 -62.96
3.55000 -62.96
3.60000 -62.96
3.65000 -62.96
3.70000 -62.95
3.75000 -62.95
3.80000 -62.95
3.85000 -62.95
3.90000 -62.95
3.95000 -62.95
4.00000 -62.95
4.05000 -62.95
4.10000 -62.95
4.15000 -62.95
4.20000 -62.95
4.25000 -62.95
4.30000 -62.95
4.35000 -62.95
4.40000 -62.95
4.45000 -62.95
4.50000 -62.95
4.55000 -62.95
4.60000 -62.94
4.65000 -62.94
4.70000 -62.94
4.75000 -62.94
4.80000 -62.94
4.85000 -62.95
4.90000 -62.95
4.95000 -62.95
5.00000 -62.95
5.05000 -62.95
5.10000 -62.95
5.15000 -62.95
5.20000 -62.95
5.25000 -62.95
5.30000 -62.95
5.35000 -62.95
5.40000 -62.95
5.45000 -62.95
5.50000 -62.95
5.55000 -62.95
5.60000 -62.95
5.65000 -62.95
5.70000 -62.95
5.75000 -62.95
5.80000 -62.95
5.85000 -62.95
5.90000 -62.95
5.95000 -62.95
6.00000 -62.95
6.05000 -62.95
6.10000 -62.95
6.15000 -62.95
6.20000 -62.95
6.25000 -62.95
6.30000 -62.95
6.35000 -62.95
6.40000 -62.95
6.45000 -62.95
6.50000 -62.95
6.55000 -62.95
6.60000 -62.95
6.65000 -62.94
6.70000 -62.94
6.75000 -62.94
6.80000 -62.95
6.85000 -62.94
6.90000 -62.95
6.95000 -62.94
7.00000 -62.94
7.05000 -62.94
7.10000 -62.94
7.15000 -62.94
7.20000 -62.94
7.25000 -62.94
7.30000 -62.95
7.35000 -62.94
7.40000 -62.95
7.45000 -62.94
7.50000 -62.94
7.55000 -62.94
7.60000 -62.94
7.65000 -62.94
7.70000 -62.94
7.75000 -62.94
7.80000 -62.94
7.85000 -62.94
7.90000 -62.95
7.95000 -62.94
8.00000 -62.95
8.05000 -62.95
8.10000 -62.94
8.15000 -62.95
8.20000 -62.95
8.25000 -62.95
8.30000 -62.95
8.35000 -62.95
8.40000 -62.94
8.45000 -62.95
8.50000 -62.95
8.55000 -62.94
8.60000 -62.94
8.65000 -62.95
8.70000 -62.94
8.75000 -62.95
8.80000 -62.95
8.85000 -62.94
8.90000 -62.94
8.95000 -62.94
9.00000 -62.94
9.05000 -62.94
9.10000 -62.94
9.15000 -62.94
9.20000 -62.94
9.25000 -62.94
9.30000 -62.94
9.35000 -62.94
9.40000 -62.94
9.45000 -62.94
9.50000 -62.94
9.55000 -62.94
9.60000 -62.95
9.65000 -62.95
9.70000 -62.94
9.75000 -62.94
9.80000 -62.94
9.85000 -62.94
9.90000 -62.94
9.95000 -62.94
10.00000 -62.94
10.05000 -62.94
10.10000 -62.94
10.15000 -62.94
10.20000 -62.94
10.25000 -62.94
10.30000 -62.94
10.35000 -62.94
10.40000 -62.94
10.45000 -62.94
10.50000 -62.94
10.55000 -62.94
10.60000 -62.94
10.65000 -62.94
10.70000 -62.94
10.75000 -62.94
10.80000 -62.94
10.85000 -62.94
10.90000 -62.94
10.95000 -62.94
11.00000 -62.94
11.05000 -62.94
11.10000 -62.94
11.15000 -62.94
11.20000 -62.95
11.25000 -62.95
11.30000 -62.95
11.35000 -62.95
11.40000 -62.95
11.45000 -62.95
11.50000 -62.94
11.55000 -62.94
11.60000 -62.95
11.65000 -62.94
11.70000 -62.94
11.75000 -62.95
11.80000 -62.95
11.85000 -62.95
11.90000 -62.94
11.95000 -62.94
12.00000 -62.94
12.05000 -62.94
12.10000 -62.94
12.15000 -62.94
12.20000 -62.94
12.25000 -62.94
12.30000 -62.94
12.35000 -62.94
12.40000 -62.94
12.45000 -62.94
12.50000 -62.94
12.55000 -62.94
12.60000 -62.94
12.65000 -62.94
12.70000 -62.94
12.75000 -62.94
12.80000 -62.94
12.85000 -62.95
12.90000 -62.95
12.95000 -62.95
13.00000 -62.95
13.05000 -62.95
13.10000 -62.95
13.15000 -62.95
13.20000 -62.95
13.25000 -62.95
13.30000 -62.95
13.35000 -62.95
13.40000 -62.95
13.45000 -62.95
13.50000 -62.95
13.55000 -62.95
13.60000 -62.95
13.65000 -62.95
13.70000 -62.95
13.75000 -62.94
13.80000 -62.94
13.85000 -62.95
13.90000 -62.94
13.95000 -62.94
14.00000 -62.94
14.05000 -62.94
14.10000 -62.94
14.15000 -62.94
14.20000 -62.94
14.25000 -62.94
14.30000 -62.94
14.35000 -62.95
14.40000 -62.95
14.45000 -62.95
14.50000 -62.95
14.55000 -62.94
14.60000 -62.94
14.65000 -62.94
14.70000 -62.94
14.75000 -62.94
14.80000 -62.94
14.85000 -62.94
14.90000 -62.94
14.95000 -62.94
15.00000 -62.94
15.05000 -62.94
15.10000 -62.94
15.15000 -62.94
15.20000 -62.94
15.25000 -62.94
15.30000 -62.94
15.35000 -62.94
15.40000 -62.94
15.45000 -62.94
15.50000 -62.94
15.55000 -62.94
15.60000 -62.94
15.65000 -62.94
15.70000 -62.94
15.75000 -62.94
15.80000 -62.94
15.85000 -62.94
15.90000 -62.94
15.95000 -62.94
16.00000 -62.94
16.05000 -62.94
16.10000 -62.94
16.15000 -62.94
16.20000 -62.94
16.25000 -62.94
16.30000 -62.94
16.35000 -62.94
16.40000 -62.94
16.45000 -62.94
16.50000 -62.95
16.55000 -62.94
16.60000 -62.94
16.65000 -62.94
16.70000 -62.94
16.75000 -62.94
16.80000 -62.94
16.85000 -62.94
16.90000 -62.94
16.95000 -62.94
17.00000 -62.94
17.05000 -62.94
17.10000 -62.94
17.15000 -62.94
17.20000 -62.94
17.25000 -62.94
17.30000 -62.94
17.35000 -62.94
17.40000 -62.94
17.45000 -62.94
17.50000 -62.94
17.55000 -62.94
17.60000 -62.94
17.65000 -62.94
17.70000 -62.94
17.75000 -62.94
17.80000 -62.95
17.85000 -62.94
17.90000 -62.95
17.95000 -62.94
18.00000 -62.95
18.05000 -62.95
18.10000 -62.95
18.15000 -62.95
18.20000 -62.95
18.25000 -62.95
18.30000 -62.95
18.35000 -62.95
18.40000 -62.95
18.45000 -62.95
18.50000 -62.95
18.55000 -62.95
18.60000 -62.95
18.65000 -62.95
18.70000 -62.95
18.75000 -62.95
18.80000 -62.95
18.85000 -62.95
18.90000 -62.95
18.95000 -62.95
19.00000 -62.95
19.05000 -62.95
19.10000 -62.95
19.15000 -62.95
19.20000 -62.95
19.25000 -62.95
19.30000 -62.95
19.35000 -62.95
19.40000 -62.95
19.45000 -62.95
19.50000 -62.95
19.55000 -62.95
19.60000 -62.95
19.65000 -62.95
19.70000 -62.95
19.75000 -62.95
19.80000 -62.95
19.85000 -62.95
19.90000 -62.95
19.95000 -62.95
20.00000 -62.95
20.05000 -62.95
20.10000 -62.95
20.15000 -62.95
20.20000 -62.95
20.25000 -62.95
20.30000 -62.95
20.35000 -62.95
20.40000 -62.95
20.45000 -62.95
20.50000 -62.95
20.55000 -62.95
20.60000 -62.95
20.65000 -62.95
20.70000 -62.95
20.75000 -62.95
20.80000 -62.95
20.85000 -62.95
20.90000 -62.95
20.95000 -62.95
21.00000 -62.95
21.05000 -62.95
21.10000 -62.95
21.15000 -62.95
21.20000 -62.95
21.25000 -62.95
21.30000 -62.95
21.35000 -62.95
21.40000 -62.95
21.45000 -62.95
21.50000 -62.95
21.55000 -62.94
21.60000 -62.95
21.65000 -62.94
21.70000 -62.94
21.75000 -62.94
21.80000 -62.94
21.85000 -62.94
21.90000 -62.94
21.95000 -62.94
22.00000 -62.94
22.05000 -62.94
22.10000 -62.94
22.15000 -62.94
22.20000 -62.94
22.25000 -62.94
22.30000 -62.94
22.35000 -62.94
22.40000 -62.94
22.45000 -62.95
22.50000 -62.95
22.55000 -62.95
22.60000 -62.95
22.65000 -62.95
22.70000 -62.95
22.75000 -62.95
22.80000 -62.95
22.85000 -62.95
22.90000 -62.95
22.95000 -62.95
23.00000 -62.95
23.05000 -62.95
23.10000 -62.95
23.15000 -62.95
23.20000 -62.95
23.25000 -62.95
23.30000 -62.95
23.35000 -62.95
23.40000 -62.95
23.45000 -62.95
23.50000 -62.95
23.55000 -62.95
23.60000 -62.95
23.65000 -62.95
23.70000 -62.95
23.75000 -62.95
23.80000 -62.95
23.85000 -62.95
23.90000 -62.95
23.95000 -62.95
24.00000 -62.95
24.05000 -62.95
24.10000 -62.95
24.15000 -62.95
24.20000 -62.95
24.25000 -62.95
24.30000 -62.95
24.35000 -62.95
24.40000 -62.95
24.45000 -62.95
24.50000 -62.95
24.55000 -62.95
24.60000 -62.95
24.65000 -62.95
24.70000 -62.95
24.75000 -62.95
24.80000 -62.95
24.85000 -62.95
24.90000 -62.95
24.95000 -62.95
25.00000 -62.95
25.05000 -62.95
25.10000 -62.95
25.15000 -62.95
25.20000 -62.95
25.25000 -62.95
25.30000 -62.95
25.35000 -62.95
25.40000 -62.95
25.45000 -62.95
25.50000 -62.95
25.55000 -62.95
25.60000 -62.95
25.65000 -62.95
25.70000 -62.95
25.75000 -62.95
25.80000 -62.95
25.85000 -62.95
25.90000 -62.95
25.95000 -62.95
26.00000 -62.95
26.05000 -62.95
26.10000 -62.95
26.15000 -62.95
26.20000 -62.95
26.25000 -62.95
26.30000 -62.95
26.35000 -62.95
26.40000 -62.95
26.45000 -62.95
26.50000 -62.95
26.55000 -62.95
26.60000 -62.95
26.65000 -62.95
26.70000 -62.95
26.75000 -62.95
26.80000 -62.95
26.85000 -62.96
26.90000 -62.96
26.95000 -62.96
27.00000 -62.96
27.05000 -62.96
27.10000 -62.96
27.15000 -62.96
27.20000 -62.96
27.25000 -62.96
27.30000 -62.96
27.35000 -62.96
27.40000 -62.96
27.45000 -62.96
27.50000 -62.96
27.55000 -62.96
27.60000 -62.95
27.65000 -62.95
27.70000 -62.95
27.75000 -62.95
27.80000 -62.95
27.85000 -62.95
27.90000 -62.95
27.95000 -62.95
28.00000 -62.95
28.05000 -62.95
28.10000 -62.95
28.15000 -62.95
28.20000 -62.95
28.25000 -62.95
28.30000 -62.95
28.35000 -62.95
28.40000 -62.95
28.45000 -62.95
28.50000 -62.95
28.55000 -62.95
28.60000 -62.95
28.65000 -62.95
28.70000 -62.95
28.75000 -62.95
28.80000 -62.95
28.85000 -62.95
28.90000 -62.95
28.95000 -62.95
29.00000 -62.95
29.05000 -62.95
29.10000 -62.95
29.15000 -62.95
29.20000 -62.95
29.25000 -62.95
29.30000 -62.95
29.35000 -62.95
29.40000 -62.95
29.45000 -62.95
29.50000 -62.95
29.55000 -62.95
29.60000 -62.95
29.65000 -62.95
29.70000 -62.95
29.75000 -62.95
29.80000 -62.95
29.85000 -62.95
29.90000 -62.95
29.95000 -62.95
30.00000 -62.95
30.05000 -62.95
30.10000 -62.95
30.15000 -62.95
30.20000 -62.95
30.25000 -62.95
30.30000 -62.95
30.35000 -62.95
30.40000 -62.95
30.45000 -62.95
30.50000 -62.95
30.55000 -62.95
30.60000 -62.95
30.65000 -62.95
30.70000 -62.95
30.75000 -62.95
30.80000 -62.94
30.85000 -62.94
30.90000 -62.95
30.95000 -62.94
31.00000 -62.94
31.05000 -62.94
31.10000 -62.94
31.15000 -62.94
31.20000 -62.94
31.25000 -62.94
31.30000 -62.94
31.35000 -62.94
31.40000 -62.94
31.45000 -62.94
31.50000 -62.94
31.55000 -62.94
31.60000 -62.94
31.65000 -62.94
31.70000 -62.94
31.75000 -62.94
31.80000 -62.94
31.85000 -62.95
31.90000 -62.95
31.95000 -62.95
32.00000 -62.95
32.05000 -62.95
32.10000 -62.95
32.15000 -62.95
32.20000 -62.95
32.25000 -62.95
32.30000 -62.95
32.35000 -62.95
32.40000 -62.95
32.45000 -62.95
32.50000 -62.95
32.55000 -62.95
32.60000 -62.95
32.65000 -62.95
32.70000 -62.95
32.75000 -62.95
32.80000 -62.95
32.85000 -62.95
32.90000 -62.95
32.95000 -62.95
33.00000 -62.95
33.05000 -62.95
33.10000 -62.95
33.15000 -62.95
33.20000 -62.96
33.25000 -62.96
33.30000 -62.96
33.35000 -62.96
33.40000 -62.96
33.45000 -62.96
33.50000 -62.96
33.55000 -62.96
33.60000 -62.96
33.65000 -62.96
33.70000 -62.96
33.75000 -62.96
33.80000 -62.96
33.85000 -62.96
33.90000 -62.96
33.95000 -62.96
34.00000 -62.96
34.05000 -62.95
34.10000 -62.95
34.15000 -62.95
34.20000 -62.95
34.25000 -62.95
34.30000 -62.95
34.35000 -62.95
34.40000 -62.95
34.45000 -62.95
34.50000 -62.95
34.55000 -62.95
34.60000 -62.95
34.65000 -62.95
34.70000 -62.95
34.75000 -62.95
34.80000 -62.95
34.85000 -62.95
34.90000 -62.95
34.95000 -62.95
35.00000 -62.95
35.05000 -62.95
35.10000 -62.95
35.15000 -62.95
35.20000 -62.95
35.25000 -62.95
35.30000 -62.95
35.35000 -62.95
35.40000 -62.95
35.45000 -62.95
35.50000 -62.94
35.55000 -62.95
35.60000 -62.94
35.65000 -62.94
35.70000 -62.94
35.75000 -62.94
35.80000 -62.94
35.85000 -62.94
35.90000 -62.94
35.95000 -62.95
36.00000 -62.94
36.05000 -62.94
36.10000 -62.94
36.15000 -62.94
36.20000 -62.94
36.25000 -62.94
36.30000 -62.95
36.35000 -62.95
36.40000 -62.95
36.45000 -62.95
36.50000 -62.95
36.55000 -62.95
36.60000 -62.95
36.65000 -62.95
36.70000 -62.95
36.75000 -62.95
36.80000 -62.95
36.85000 -62.95
36.90000 -62.95
36.95000 -62.95
37.00000 -62.95
37.05000 -62.95
37.10000 -62.95
37.15000 -62.95
37.20000 -62.95
37.25000 -62.95
37.30000 -62.95
37.35000 -62.95
37.40000 -62.95
37.45000 -62.95
37.50000 -62.95
37.55000 -62.95
37.60000 -62.95
37.65000 -62.95
37.70000 -62.95
37.75000 -62.95
37.80000 -62.95
37.85000 -62.95
37.90000 -62.95
37.95000 -62.95
38.00000 -62.95
38.05000 -62.95
38.10000 -62.95
38.15000 -62.95
38.20000 -62.95
38.25000 -62.95
38.30000 -62.95
38.35000 -62.95
38.40000 -62.95
38.45000 -62.95
38.50000 -62.95
38.55000 -62.95
38.60000 -62.95
38.65000 -62.95
38.70000 -62.95
38.75000 -62.95
38.80000 -62.95
38.85000 -62.95
38.90000 -62.95
38.95000 -62.95
39.00000 -62.95
39.05000 -62.95
39.10000 -62.95
39.15000 -62.95
39.20000 -62.95
39.25000 -62.95
39.30000 -62.95
39.35000 -62.95
39.40000 -62.95
39.45000 -62.95
39.50000 -62.95
39.55000 -62.95
39.60000 -62.95
39.65000 -62.95
39.70000 -62.95
39.75000 -62.95
39.80000 -62.95
39.85000 -62.95
39.90000 -62.95
39.95000 -62.95
40.00000 -62.95
40.05000 -62.95
40.10000 -62.95
40.15000 -62.95
40.20000 -62.95
40.25000 -62.95
40.30000 -62.95
40.35000 -62.95
40.40000 -62.95
40.45000 -62.95
40.50000 -62.95
40.55000 -62.95
40.60000 -62.94
40.65000 -62.94
40.70000 -62.94
40.75000 -62.95
40.80000 -62.94
40.85000 -62.94
40.90000 -62.94
40.95000 -62.94
41.00000 -62.94
41.05000 -62.94
41.10000 -62.94
41.15000 -62.94
41.20000 -62.94
41.25000 -62.94
41.30000 -62.94
41.35000 -62.94
41.40000 -62.94
41.45000 -62.94
41.50000 -62.94
41.55000 -62.94
41.60000 -62.94
41.65000 -62.94
41.70000 -62.94
41.75000 -62.94
41.80000 -62.94
41.85000 -62.94
41.90000 -62.94
41.95000 -62.94
42.00000 -62.94
42.05000 -62.94
42.10000 -62.94
42.15000 -62.94
42.20000 -62.94
42.25000 -62.94
42.30000 -62.94
42.35000 -62.94
42.40000 -62.94
42.45000 -62.94
42.50000 -62.94
42.55000 -62.94
42.60000 -62.94
42.65000 -62.94
42.70000 -62.94
42.75000 -62.94
42.80000 -62.94
42.85000 -62.94
42.90000 -62.94
42.95000 -62.94
43.00000 -62.94
43.05000 -62.94
43.10000 -62.94
43.15000 -62.94
43.20000 -62.94
43.25000 -62.94
43.30000 -62.94
43.35000 -62.94
43.40000 -62.94
43.45000 -62.94
43.50000 -62.94
43.55000 -62.94
43.60000 -62.95
43.65000 -62.95
43.70000 -62.95
43.75000 -62.95
43.80000 -62.95
43.85000 -62.95
43.90000 -62.95
43.95000 -62.95
44.00000 -62.95
44.05000 -62.95
44.10000 -62.95
44.15000 -62.95
44.20000 -62.95
44.25000 -62.95
44.30000 -62.95
44.35000 -62.95
44.40000 -62.95
44.45000 -62.95
44.50000 -62.95
44.55000 -62.95
44.60000 -62.95
44.65000 -62.95
44.70000 -62.95
44.75000 -62.95
44.80000 -62.95
44.85000 -62.95
44.90000 -62.95
44.95000 -62.95
45.00000 -62.95
45.05000 -62.95
45.10000 -62.95
45.15000 -62.95
45.20000 -62.95
45.25000 -62.95
45.30000 -62.95
45.35000 -62.95
45.40000 -62.95
45.45000 -62.95
45.50000 -62.95
45.55000 -62.95
45.60000 -62.95
45.65000 -62.95
45.70000 -62.95
45.75000 -62.95
45.80000 -62.95
45.85000 -62.95
45.90000 -62.95
45.95000 -62.95
46.00000 -62.95
46.05000 -62.95
46.10000 -62.95
46.15000 -62.95
46.20000 -62.95
46.25000 -62.95
46.30000 -62.95
46.35000 -62.95
46.40000 -62.95
46.45000 -62.95
46.50000 -62.95
46.55000 -62.95
46.60000 -62.95
46.65000 -62.95
46.70000 -62.95
46.75000 -62.95
46.80000 -62.95
46.85000 -62.95
46.90000 -62.95
46.95000 -62.95
47.00000 -62.95
47.05000 -62.95
47.10000 -62.95
47.15000 -62.95
47.20000 -62.95
47.25000 -62.95
47.30000 -62.95
47.35000 -62.95
47.40000 -62.95
47.45000 -62.94
47.50000 -62.95
47.55000 -62.95
47.60000 -62.95
47.65000 -62.95
47.70000 -62.95
47.75000 -62.95
47.80000 -62.95
47.85000 -62.95
47.90000 -62.95
47.95000 -62.95
48.00000 -62.95
48.05000 -62.95
48.10000 -62.95
48.15000 -62.95
48.20000 -62.95
48.25000 -62.95
48.30000 -62.95
48.35000 -62.95
48.40000 -62.95
48.45000 -62.96
48.50000 -62.96
48.55000 -62.95
48.60000 -62.96
48.65000 -62.96
48.70000 -62.96
48.75000 -62.96
48.80000 -62.96
48.85000 -62.96
48.90000 -62.96
48.95000 -62.96
49.00000 -62.96
49.05000 -62.96
49.10000 -62.96
49.15000 -62.96
49.20000 -62.96
49.25000 -62.96
49.30000 -62.96
49.35000 -62.96
49.40000 -62.96
49.45000 -62.96
49.50000 -62.96
49.55000 -62.96
49.60000 -62.96
49.65000 -62.95
49.70000 -62.95
49.75000 -62.95
49.80000 -62.95
49.85000 -62.95
49.90000 -62.95
49.95000 -62.95
50.00000 -62.95
50.05000 -62.95
50.10000 -62.95
50.15000 -62.95
50.20000 -62.95
50.25000 -62.95
50.30000 -62.95
50.35000 -62.95
50.40000 -62.95
50.45000 -62.95
50.50000 -62.95
50.55000 -62.95
50.60000 -62.95
50.65000 -62.95
50.70000 -62.95
50.75000 -62.95
50.80000 -62.95
50.85000 -62.95
50.90000 -62.95
50.95000 -62.95
51.00000 -62.95
51.05000 -62.95
51.10000 -62.95
51.15000 -62.95
51.20000 -62.95
51.25000 -62.95
51.30000 -62.95
51.35000 -62.96
51.40000 -62.95
51.45000 -62.96
51.50000 -62.96
51.55000 -62.96
51.60000 -62.95
51.65000 -62.95
51.70000 -62.95
51.75000 -62.95
51.80000 -62.95
51.85000 -62.95
51.90000 -62.95
51.95000 -62.95
52.00000 -62.95
52.05000 -62.95
52.10000 -62.95
52.15000 -62.95
52.20000 -62.96
52.25000 -62.95
52.30000 -62.95
52.35000 -62.95
52.40000 -62.95
52.45000 -62.95
52.50000 -62.95
52.55000 -62.96
52.60000 -62.96
52.65000 -62.95
52.70000 -62.95
52.75000 -62.95
52.80000 -62.96
52.85000 -62.95
52.90000 -62.95
52.95000 -62.95
53.00000 -62.95
53.05000 -62.95
53.10000 -62.95
53.15000 -62.95
53.20000 -62.95
53.25000 -62.95
53.30000 -62.95
53.35000 -62.95
53.40000 -62.95
53.45000 -62.95
53.50000 -62.95
53.55000 -62.95
53.60000 -62.95
53.65000 -62.95
53.70000 -62.95
53.75000 -62.95
53.80000 -62.95
53.85000 -62.95
53.90000 -62.94
53.95000 -62.95
54.00000 -62.94
54.05000 -62.94
54.10000 -62.94
54.15000 -62.94
54.20000 -62.94
54.25000 -62.94
54.30000 -62.94
54.35000 -62.94
54.40000 -62.94
54.45000 -62.94
54.50000 -62.94
54.55000 -62.93
54.60000 -62.93
54.65000 -62.94
54.70000 -62.94
54.75000 -62.93
54.80000 -62.93
54.85000 -62.93
54.90000 -62.93
54.95000 -62.93
55.00000 -62.93
55.05000 -62.93
55.10000 -62.94
55.15000 -62.94
55.20000 -62.94
55.25000 -62.94
55.30000 -62.93
55.35000 -62.94
55.40000 -62.94
55.45000 -62.94
55.50000 -62.94
55.55000 -62.94
55.60000 -62.94
55.65000 -62.94
55.70000 -62.94
55.75000 -62.94
55.80000 -62.94
55.85000 -62.94
55.90000 -62.94
55.95000 -62.94
56.00000 -62.94
56.05000 -62.94
56.10000 -62.94
56.15000 -62.94
56.20000 -62.94
56.25000 -62.94
56.30000 -62.94
56.35000 -62.94
56.40000 -62.94
56.45000 -62.94
56.50000 -62.94
56.55000 -62.94
56.60000 -62.94
56.65000 -62.94
56.70000 -62.94
56.75000 -62.94
56.80000 -62.94
56.85000 -62.94
56.90000 -62.94
56.95000 -62.94
57.00000 -62.94
57.05000 -62.95
57.10000 -62.94
57.15000 -62.94
57.20000 -62.94
57.25000 -62.94
57.30000 -62.94
57.35000 -62.94
57.40000 -62.94
57.45000 -62.94
57.50000 -62.95
57.55000 -62.94
57.60000 -62.94
57.65000 -62.94
57.70000 -62.94
57.75000 -62.94
57.80000 -62.95
57.85000 -62.95
57.90000 -62.95
57.95000 -62.95
58.00000 -62.95
58.05000 -62.95
58.10000 -62.95
58.15000 -62.95
58.20000 -62.95
58.25000 -62.95
58.30000 -62.95
58.35000 -62.95
58.40000 -62.95
58.45000 -62.95
58.50000 -62.95
58.55000 -62.95
58.60000 -62.95
58.65000 -62.95
58.70000 -62.95
58.75000 -62.95
58.80000 -62.95
58.85000 -62.95
58.90000 -62.95
58.95000 -62.95
59.00000 -62.94
59.05000 -62.95
59.10000 -62.95
59.15000 -62.95
59.20000 -62.95
59.25000 -62.95
59.30000 -62.94
59.35000 -62.95
59.40000 -62.95
59.45000 -62.95
59.50000 -62.95
59.55000 -62.95
59.60000 -62.94
59.65000 -62.94
59.70000 -62.94
59.75000 -62.94
59.80000 -62.94
59.85000 -62.94
59.90000 -62.94
59.95000 -62.94
60.00000 -62.94
60.05000 -62.94
60.10000 -62.94
60.15000 -62.94
60.20000 -62.94
60.25000 -62.94
60.30000 -62.94
60.35000 -62.94
60.40000 -62.95
60.45000 -62.95
60.50000 -62.95
60.55000 -62.95
60.60000 -62.95
60.65000 -62.95
60.70000 -62.95
60.75000 -62.95
60.80000 -62.95
60.85000 -62.95
60.90000 -62.95
60.95000 -62.95
61.00000 -62.95
61.05000 -62.95
61.10000 -62.95
61.15000 -62.95
61.20000 -62.95
61.25000 -62.95
61.30000 -62.95
61.35000 -62.95
61.40000 -62.95
61.45000 -62.95
61.50000 -62.95
61.55000 -62.95
61.60000 -62.95
61.65000 -62.95
61.70000 -62.95
61.75000 -62.95
61.80000 -62.95
61.85000 -62.95
61.90000 -62.95
61.95000 -62.95
62.00000 -62.95
62.05000 -62.95
62.10000 -62.95
62.15000 -62.94
62.20000 -62.94
62.25000 -62.95
62.30000 -62.95
62.35000 -62.95
62.40000 -62.95
62.45000 -62.95
62.50000 -62.95
62.55000 -62.94
62.60000 -62.94
62.65000 -62.95
62.70000 -62.95
62.75000 -62.95
62.80000 -62.94
62.85000 -62.95
62.90000 -62.95
62.95000 -62.94
63.00000 -62.95
63.05000 -62.95
63.10000 -62.95
63.15000 -62.95
63.20000 -62.95
63.25000 -62.95
63.30000 -62.95
63.35000 -62.95
63.40000 -62.95
63.45000 -62.95
63.50000 -62.95
63.55000 -62.95
63.60000 -62.95
63.65000 -62.95
63.70000 -62.95
63.75000 -62.95
63.80000 -62.95
63.85000 -62.95
63.90000 -62.95
63.95000 -62.95
64.00000 -62.95
64.05000 -62.95
64.10000 -62.95
64.15000 -62.96
64.20000 -62.96
64.25000 -62.96
64.30000 -62.96
64.35000 -62.96
64.40000 -62.96
64.45000 -62.95
64.50000 -62.96
64.55000 -62.96
64.60000 -62.96
64.65000 -62.96
64.70000 -62.96
64.75000 -62.96
64.80000 -62.96
64.85000 -62.96
64.90000 -62.96
64.95000 -62.96
65.00000 -62.96
65.05000 -62.96
65.10000 -62.96
65.15000 -62.96
65.20000 -62.96
65.25000 -62.96
65.30000 -62.96
65.35000 -62.95
65.40000 -62.96
65.45000 -62.96
65.50000 -62.95
65.55000 -62.95
65.60000 -62.95
65.65000 -62.95
65.70000 -62.95
65.75000 -62.95
65.80000 -62.95
65.85000 -62.95
65.90000 -62.95
65.95000 -62.95
66.00000 -62.95
66.05000 -62.95
66.10000 -62.95
66.15000 -62.95
66.20000 -62.95
66.25000 -62.95
66.30000 -62.95
66.35000 -62.95
66.40000 -62.95
66.45000 -62.95
66.50000 -62.95
66.55000 -62.95
66.60000 -62.95
66.65000 -62.94
66.70000 -62.95
66.75000 -62.94
66.80000 -62.94
66.85000 -62.94
66.90000 -62.95
66.95000 -62.94
67.00000 -62.95
67.05000 -62.95
67.10000 -62.94
67.15000 -62.94
67.20000 -62.94
67.25000 -62.94
67.30000 -62.94
67.35000 -62.94
67.40000 -62.94
67.45000 -62.94
67.50000 -62.94
67.55000 -62.94
67.60000 -62.94
67.65000 -62.94
67.70000 -62.94
67.75000 -62.94
67.80000 -62.94
67.85000 -62.94
67.90000 -62.94
67.95000 -62.94
68.00000 -62.94
68.05000 -62.94
68.10000 -62.94
68.15000 -62.94
68.20000 -62.94
68.25000 -62.94
68.30000 -62.94
68.35000 -62.94
68.40000 -62.94
68.45000 -62.94
68.50000 -62.94
68.55000 -62.94
68.60000 -62.94
68.65000 -62.94
68.70000 -62.94
68.75000 -62.94
68.80000 -62.94
68.85000 -62.94
68.90000 -62.94
68.95000 -62.94
69.00000 -62.94
69.05000 -62.94
69.10000 -62.94
69.15000 -62.94
69.20000 -62.94
69.25000 -62.94
69.30000 -62.94
69.35000 -62.94
69.40000 -62.94
69.45000 -62.94
69.50000 -62.94
69.55000 -62.95
69.60000 -62.95
69.65000 -62.94
69.70000 -62.94
69.75000 -62.94
69.80000 -62.94
69.85000 -62.94
69.90000 -62.94
69.95000 -62.94
70.00000 -62.95
70.05000 -62.95
70.10000 -62.95
70.15000 -62.95
70.20000 -62.95
70.25000 -62.95
70.30000 -62.94
70.35000 -62.95
70.40000 -62.95
70.45000 -62.94
70.50000 -62.95
70.55000 -62.95
70.60000 -62.95
70.65000 -62.95
70.70000 -62.95
70.75000 -62.95
70.80000 -62.95
70.85000 -62.95
70.90000 -62.95
70.95000 -62.95
71.00000 -62.95
71.05000 -62.95
71.10000 -62.95
71.15000 -62.95
71.20000 -62.95
71.25000 -62.95
71.30000 -62.95
71.35000 -62.95
71.40000 -62.95
71.45000 -62.95
71.50000 -62.95
71.55000 -62.95
71.60000 -62.95
71.65000 -62.95
71.70000 -62.95
71.75000 -62.95
71.80000 -62.95
71.85000 -62.95
71.90000 -62.95
71.95000 -62.95
72.00000 -62.95
72.05000 -62.95
72.10000 -62.95
72.15000 -62.95
72.20000 -62.95
72.25000 -62.95
72.30000 -62.95
72.35000 -62.95
72.40000 -62.95
72.45000 -62.95
72.50000 -62.96
72.55000 -62.95
72.60000 -62.96
72.65000 -62.96
72.70000 -62.96
72.75000 -62.96
72.80000 -62.96
72.85000 -62.96
72.90000 -62.96
72.95000 -62.96
73.00000 -62.95
73.05000 -62.96
73.10000 -62.95
73.15000 -62.95
73.20000 -62.95
73.25000 -62.95
73.30000 -62.95
73.35000 -62.95
73.40000 -62.95
73.45000 -62.95
73.50000 -62.95
73.55000 -62.95
73.60000 -62.95
73.65000 -62.94
73.70000 -62.94
73.75000 -62.94
73.80000 -62.94
73.85000 -62.94
73.90000 -62.94
73.95000 -62.94
74.00000 -62.94
74.05000 -62.94
74.10000 -62.94
74.15000 -62.94
74.20000 -62.94
74.25000 -62.94
74.30000 -62.94
74.35000 -62.94
74.40000 -62.94
74.45000 -62.94
74.50000 -62.94
74.55000 -62.94
74.60000 -62.94
74.65000 -62.94
74.70000 -62.94
74.75000 -62.94
74.80000 -62.94
74.85000 -62.94
74.90000 -62.95
74.95000 -62.94
75.00000 -62.94
75.05000 -62.94
75.10000 -62.94
75.15000 -62.94
75.20000 -62.94
75.25000 -62.94
75.30000 -62.95
75.35000 -62.94
75.40000 -62.95
75.45000 -62.94
75.50000 -62.94
75.55000 -62.94
75.60000 -62.94
75.65000 -62.94
75.70000 -62.94
75.75000 -62.94
75.80000 -62.94
75.85000 -62.94
75.90000 -62.95
75.95000 -62.94
76.00000 -62.94
76.05000 -62.94
76.10000 -62.95
76.15000 -62.95
76.20000 -62.94
76.25000 -62.94
76.30000 -62.94
76.35000 -62.94
76.40000 -62.94
76.45000 -62.95
76.50000 -62.95
76.55000 -62.95
76.60000 -62.95
76.65000 -62.95
76.70000 -62.95
76.75000 -62.95
76.80000 -62.95
76.85000 -62.95
76.90000 -62.95
76.95000 -62.95
77.00000 -62.95
77.05000 -62.95
77.10000 -62.95
77.15000 -62.95
77.20000 -62.94
77.25000 -62.95
77.30000 -62.95
77.35000 -62.95
77.40000 -62.94
77.45000 -62.94
77.50000 -62.94
77.55000 -62.94
77.60000 -62.95
77.65000 -62.95
77.70000 -62.95
77.75000 -62.95
77.80000 -62.95
77.85000 -62.95
77.90000 -62.95
77.95000 -62.95
78.00000 -62.95
78.05000 -62.94
78.10000 -62.94
78.15000 -62.95
78.20000 -62.94
78.25000 -62.95
78.30000 -62.94
78.35000 -62.94
78.40000 -62.95
78.45000 -62.94
78.50000 -62.94
78.55000 -62.94
78.60000 -62.94
78.65000 -62.94
78.70000 -62.94
78.75000 -62.94
78.80000 -62.94
78.85000 -62.94
78.90000 -62.94
78.95000 -62.94
79.00000 -62.94
79.05000 -62.94
79.10000 -62.94
79.15000 -62.94
79.20000 -62.94
79.25000 -62.94
79.30000 -62.94
79.35000 -62.94
79.40000 -62.94
79.45000 -62.94
79.50000 -62.94
79.55000 -62.94
79.60000 -62.94
79.65000 -62.94
79.70000 -62.94
79.75000 -62.94
79.80000 -62.95
79.85000 -62.95
79.90000 -62.95
79.95000 -62.95
80.00000 -62.95
80.05000 -62.95
80.10000 -62.95
80.15000 -62.95
80.20000 -62.95
80.25000 -62.95
80.30000 -62.95
80.35000 -62.95
80.40000 -62.95
80.45000 -62.95
80.50000 -62.95
80.55000 -62.95
80.60000 -62.95
80.65000 -62.95
80.70000 -62.95
80.75000 -62.95
80.80000 -62.95
80.85000 -62.94
80.90000 -62.94
80.95000 -62.94
81.00000 -62.94
81.05000 -62.94
81.10000 -62.94
81.15000 -62.94
81.20000 -62.94
81.25000 -62.94
81.30000 -62.94
81.35000 -62.94
81.40000 -62.94
81.45000 -62.94
81.50000 -62.94
81.55000 -62.94
81.60000 -62.94
81.65000 -62.94
81.70000 -62.94
81.75000 -62.94
81.80000 -62.94
81.85000 -62.94
81.90000 -62.94
81.95000 -62.94
82.00000 -62.94
82.05000 -62.94
82.10000 -62.94
82.15000 -62.94
82.20000 -62.94
82.25000 -62.94
82.30000 -62.94
82.35000 -62.94
82.40000 -62.94
82.45000 -62.94
82.50000 -62.94
82.55000 -62.94
82.60000 -62.94
82.65000 -62.94
82.70000 -62.94
82.75000 -62.94
82.80000 -62.94
82.85000 -62.94
82.90000 -62.94
82.95000 -62.94
83.00000 -62.94
83.05000 -62.94
83.10000 -62.94
83.15000 -62.94
83.20000 -62.94
83.25000 -62.94
83.30000 -62.94
83.35000 -62.94
83.40000 -62.94
83.45000 -62.94
83.50000 -62.94
83.55000 -62.94
83.60000 -62.94
83.65000 -62.94
83.70000 -62.94
83.75000 -62.94
83.80000 -62.94
83.85000 -62.94
83.90000 -62.94
83.95000 -62.94
84.00000 -62.95
84.05000 -62.95
84.10000 -62.95
84.15000 -62.95
84.20000 -62.95
84.25000 -62.95
84.30000 -62.95
84.35000 -62.95
84.40000 -62.95
84.45000 -62.95
84.50000 -62.95
84.55000 -62.95
84.60000 -62.95
84.65000 -62.95
84.70000 -62.95
84.75000 -62.95
84.80000 -62.95
84.85000 -62.95
84.90000 -62.95
84.95000 -62.95
85.00000 -62.94
85.05000 -62.95
85.10000 -62.95
85.15000 -62.95
85.20000 -62.95
85.25000 -62.95
85.30000 -62.95
85.35000 -62.95
85.40000 -62.95
85.45000 -62.95
85.50000 -62.95
85.55000 -62.95
85.60000 -62.95
85.65000 -62.95
85.70000 -62.95
85.75000 -62.95
85.80000 -62.95
85.85000 -62.95
85.90000 -62.95
85.95000 -62.95
86.00000 -62.95
86.05000 -62.95
86.10000 -62.95
86.15000 -62.95
86.20000 -62.95
86.25000 -62.94
86.30000 -62.94
86.35000 -62.94
86.40000 -62.94
86.45000 -62.94
86.50000 -62.94
86.55000 -62.94
86.60000 -62.94
86.65000 -62.94
86.70000 -62.94
86.75000 -62.94
86.80000 -62.94
86.85000 -62.94
86.90000 -62.94
86.95000 -62.94
87.00000 -62.95
87.05000 -62.95
87.10000 -62.95
87.15000 -62.95
87.20000 -62.95
87.25000 -62.95
87.30000 -62.95
87.35000 -62.94
87.40000 -62.95
87.45000 -62.95
87.50000 -62.94
87.55000 -62.94
87.60000 -62.94
87.65000 -62.94
87.70000 -62.94
87.75000 -62.94
87.80000 -62.94
87.85000 -62.94
87.90000 -62.94
87.95000 -62.94
88.00000 -62.94
88.05000 -62.94
88.10000 -62.94
88.15000 -62.94
88.20000 -62.94
88.25000 -62.94
88.30000 -62.94
88.35000 -62.94
88.40000 -62.94
88.45000 -62.94
88.50000 -62.94
88.55000 -62.94
88.60000 -62.93
88.65000 -62.94
88.70000 -62.94
88.75000 -62.94
88.80000 -62.94
88.85000 -62.94
88.90000 -62.94
88.95000 -62.94
89.00000 -62.94
89.05000 -62.94
89.10000 -62.94
89.15000 -62.94
89.20000 -62.94
89.25000 -62.94
89.30000 -62.94
89.35000 -62.94
89.40000 -62.94
89.45000 -62.94
89.50000 -62.94
89.55000 -62.94
89.60000 -62.93
89.65000 -62.93
89.70000 -62.93
89.75000 -62.93
89.80000 -62.93
89.85000 -62.93
89.90000 -62.93
89.95000 -62.93
90.00000 -62.93
90.05000 -62.93
90.10000 -62.93
90.15000 -62.93
90.20000 -62.93
90.25000 -62.93
90.30000 -62.93
90.35000 -62.93
90.40000 -62.93
90.45000 -62.93
90.50000 -62.93
90.55000 -62.93
90.60000 -62.94
90.65000 -62.94
90.70000 -62.94
90.75000 -62.94
90.80000 -62.94
90.85000 -62.94
90.90000 -62.94
90.95000 -62.94
91.00000 -62.94
91.05000 -62.94
91.10000 -62.94
91.15000 -62.94
91.20000 -62.94
91.25000 -62.94
91.30000 -62.94
91.35000 -62.94
91.40000 -62.94
91.45000 -62.94
91.50000 -62.94
91.55000 -62.94
91.60000 -62.94
91.65000 -62.94
91.70000 -62.94
91.75000 -62.94
91.80000 -62.94
91.85000 -62.94
91.90000 -62.94
91.95000 -62.94
92.00000 -62.94
92.05000 -62.94
92.10000 -62.94
92.15000 -62.94
92.20000 -62.94
92.25000 -62.94
92.30000 -62.94
92.35000 -62.94
92.40000 -62.94
92.45000 -62.94
92.50000 -62.94
92.55000 -62.94
92.60000 -62.94
92.65000 -62.94
92.70000 -62.94
92.75000 -62.94
92.80000 -62.94
92.85000 -62.94
92.90000 -62.94
92.95000 -62.94
93.00000 -62.94
93.05000 -62.94
93.10000 -62.94
93.15000 -62.94
93.20000 -62.94
93.25000 -62.94
93.30000 -62.94
93.35000 -62.94
93.40000 -62.94
93.45000 -62.94
93.50000 -62.94
93.55000 -62.94
93.60000 -62.94
93.65000 -62.94
93.70000 -62.94
93.75000 -62.94
93.80000 -62.94
93.85000 -62.94
93.90000 -62.94
93.95000 -62.94
94.00000 -62.94
94.05000 -62.94
94.10000 -62.94
94.15000 -62.94
94.20000 -62.94
94.25000 -62.94
94.30000 -62.94
94.35000 -62.94
94.40000 -62.94
94.45000 -62.94
94.50000 -62.94
94.55000 -62.94
94.60000 -62.94
94.65000 -62.94
94.70000 -62.94
94.75000 -62.94
94.80000 -62.94
94.85000 -62.94
94.90000 -62.94
94.95000 -62.94
95.00000 -62.94
95.05000 -62.94
95.10000 -62.94
95.15000 -62.94
95.20000 -62.94
95.25000 -62.94
95.30000 -62.94
95.35000 -62.94
95.40000 -62.94
95.45000 -62.94
95.50000 -62.94
95.55000 -62.95
95.60000 -62.95
95.65000 -62.94
95.70000 -62.94
95.75000 -62.95
95.80000 -62.95
95.85000 -62.95
95.90000 -62.95
95.95000 -62.95
96.00000 -62.94
96.05000 -62.95
96.10000 -62.94
96.15000 -62.95
96.20000 -62.94
96.25000 -62.94
96.30000 -62.94
96.35000 -62.94
96.40000 -62.94
96.45000 -62.94
96.50000 -62.94
96.55000 -62.94
96.60000 -62.94
96.65000 -62.94
96.70000 -62.93
96.75000 -62.94
96.80000 -62.94
96.85000 -62.94
96.90000 -62.93
96.95000 -62.94
97.00000 -62.94
97.05000 -62.94
97.10000 -62.94
97.15000 -62.94
97.20000 -62.94
97.25000 -62.94
97.30000 -62.94
97.35000 -62.94
97.40000 -62.94
97.45000 -62.94
97.50000 -62.94
97.55000 -62.94
97.60000 -62.94
97.65000 -62.94
97.70000 -62.94
97.75000 -62.94
97.80000 -62.94
97.85000 -62.94
97.90000 -62.94
97.95000 -62.94
98.00000 -62.94
98.05000 -62.94
98.10000 -62.94
98.15000 -62.94
98.20000 -62.94
98.25000 -62.94
98.30000 -62.94
98.35000 -62.95
98.40000 -62.95
98.45000 -62.95
98.50000 -62.95
98.55000 -62.95
98.60000 -62.95
98.65000 -62.94
98.70000 -62.94
98.75000 -62.94
98.80000 -62.94
98.85000 -62.94
98.90000 -62.94
98.95000 -62.94
99.00000 -62.94
99.05000 -62.94
99.10000 -62.94
99.15000 -62.94
99.20000 -62.94
99.25000 -62.94
99.30000 -62.94
99.35000 -62.94
99.40000 -62.95
99.45000 -62.94
99.50000 -62.94
99.55000 -62.94
99.60000 -62.94
99.65000 -62.94
99.70000 -62.94
99.75000 -62.95
99.80000 -62.95
99.85000 -62.94
99.90000 -62.95
99.95000 -62.95
100.00000 -62.95
100.05000 -62.95
100.10000 -62.95
100.15000 -62.95
100.20000 -62.95
100.25000 -62.95
100.30000 -62.95
100.35000 -62.95
100.40000 -62.95
100.45000 -62.95
100.50000 -62.94
100.55000 -62.95
100.60000 -62.94
100.65000 -62.94
100.70000 -62.94
100.75000 -62.94
100.80000 -62.94
100.85000 -62.94
100.90000 -62.95
100.95000 -62.95
101.00000 -62.95
101.05000 -62.95
101.10000 -62.95
101.15000 -62.95
101.20000 -62.95
101.25000 -62.95
101.30000 -62.95
101.35000 -62.95
101.40000 -62.95
101.45000 -62.95
101.50000 -62.95
101.55000 -62.95
101.60000 -62.95
101.65000 -62.95
101.70000 -62.95
101.75000 -62.95
101.80000 -62.95
101.85000 -62.95
101.90000 -62.95
101.95000 -62.94
102.00000 -62.94
102.05000 -62.95
102.10000 -62.95
102.15000 -62.94
102.20000 -62.94
102.25000 -62.94
102.30000 -62.94
102.35000 -62.95
102.40000 -62.95
102.45000 -62.95
102.50000 -62.95
102.55000 -62.95
102.60000 -62.95
102.65000 -62.95
102.70000 -62.95
102.75000 -62.95
102.80000 -62.95
102.85000 -62.95
102.90000 -62.95
102.95000 -62.95
103.00000 -62.95
103.05000 -62.95
103.10000 -62.95
103.15000 -62.95
103.20000 -62.95
103.25000 -62.95
103.30000 -62.95
103.35000 -62.94
103.40000 -62.94
103.45000 -62.94
103.50000 -62.94
103.55000 -62.94
103.60000 -62.94
103.65000 -62.94
103.70000 -62.94
103.75000 -62.94
103.80000 -62.94
103.85000 -62.94
103.90000 -62.94
103.95000 -62.94
104.00000 -62.94
104.05000 -62.94
104.10000 -62.94
104.15000 -62.94
104.20000 -62.95
104.25000 -62.95
104.30000 -62.95
104.35000 -62.94
104.40000 -62.95
104.45000 -62.94
104.50000 -62.95
104.55000 -62.95
104.60000 -62.95
104.65000 -62.95
104.70000 -62.95
104.75000 -62.95
104.80000 -62.95
104.85000 -62.95
104.90000 -62.95
104.95000 -62.95
105.00000 -62.95
105.05000 -62.95
105.10000 -62.95
105.15000 -62.94
105.20000 -62.95
105.25000 -62.94
105.30000 -62.95
105.35000 -62.95
105.40000 -62.94
105.45000 -62.94
105.50000 -62.94
105.55000 -62.94
105.60000 -62.94
105.65000 -62.94
105.70000 -62.94
105.75000 -62.94
105.80000 -62.94
105.85000 -62.94
105.90000 -62.94
105.95000 -62.94
106.00000 -62.94
106.05000 -62.94
106.10000 -62.94
106.15000 -62.94
106.20000 -62.94
106.25000 -62.94
106.30000 -62.95
106.35000 -62.95
106.40000 -62.95
106.45000 -62.95
106.50000 -62.95
106.55000 -62.94
106.60000 -62.95
106.65000 -62.94
106.70000 -62.94
106.75000 -62.94
106.80000 -62.94
106.85000 -62.94
106.90000 -62.94
106.95000 -62.94
107.00000 -62.94
107.05000 -62.94
107.10000 -62.95
107.15000 -62.94
107.20000 -62.94
107.25000 -62.94
107.30000 -62.94
107.35000 -62.94
107.40000 -62.94
107.45000 -62.94
107.50000 -62.95
107.55000 -62.94
107.60000 -62.94
107.65000 -62.94
107.70000 -62.94
107.75000 -62.94
107.80000 -62.94
107.85000 -62.94
107.90000 -62.95
107.95000 -62.95
108.00000 -62.95
108.05000 -62.95
108.10000 -62.95
108.15000 -62.95
108.20000 -62.95
108.25000 -62.95
108.30000 -62.95
108.35000 -62.95
108.40000 -62.95
108.45000 -62.95
108.50000 -62.95
108.55000 -62.95
108.60000 -62.95
108.65000 -62.95
108.70000 -62.95
108.75000 -62.94
108.80000 -62.94
108.85000 -62.95
108.90000 -62.95
108.95000 -62.95
109.00000 -62.94
109.05000 -62.94
109.10000 -62.94
109.15000 -62.95
109.20000 -62.95
109.25000 -62.95
109.30000 -62.94
109.35000 -62.94
109.40000 -62.94
109.45000 -62.94
109.50000 -62.94
109.55000 -62.94
109.60000 -62.95
109.65000 -62.95
109.70000 -62.95
109.75000 -62.95
109.80000 -62.95
109.85000 -62.95
109.90000 -62.95
109.95000 -62.95
110.00000 -62.95
110.05000 -62.95
110.10000 -62.94
110.15000 -62.95
110.20000 -62.95
110.25000 -62.95
110.30000 -62.94
110.35000 -62.94
110.40000 -62.95
110.45000 -62.94
110.50000 -62.94
110.55000 -62.94
110.60000 -62.94
110.65000 -62.94
110.70000 -62.94
110.75000 -62.94
110.80000 -62.94
110.85000 -62.94
110.90000 -62.94
110.95000 -62.94
111.00000 -62.94
111.05000 -62.94
111.10000 -62.94
111.15000 -62.94
111.20000 -62.94
111.25000 -62.94
111.30000 -62.93
111.35000 -62.93
111.40000 -62.93
111.45000 -62.93
111.50000 -62.94
111.55000 -62.94
111.60000 -62.94
111.65000 -62.94
111.70000 -62.94
111.75000 -62.94
111.80000 -62.94
111.85000 -62.94
111.90000 -62.94
111.95000 -62.94
112.00000 -62.94
112.05000 -62.94
112.10000 -62.94
112.15000 -62.94
112.20000 -62.94
112.25000 -62.95
112.30000 -62.95
112.35000 -62.95
112.40000 -62.95
112.45000 -62.95
112.50000 -62.95
112.55000 -62.95
112.60000 -62.95
112.65000 -62.95
112.70000 -62.95
112.75000 -62.95
112.80000 -62.95
112.85000 -62.95
112.90000 -62.95
112.95000 -62.95
113.00000 -62.95
113.05000 -62.95
113.10000 -62.95
113.15000 -62.95
113.20000 -62.95
113.25000 -62.95
113.30000 -62.95
113.35000 -62.95
113.40000 -62.95
113.45000 -62.95
113.50000 -62.95
113.55000 -62.95
113.60000 -62.94
113.65000 -62.95
113.70000 -62.94
113.75000 -62.94
113.80000 -62.94
113.85000 -62.94
113.90000 -62.94
113.95000 -62.94
114.00000 -62.94
114.05000 -62.94
114.10000 -62.94
114.15000 -62.94
114.20000 -62.94
114.25000 -62.94
114.30000 -62.94
114.35000 -62.94
114.40000 -62.94
114.45000 -62.94
114.50000 -62.94
114.55000 -62.94
114.60000 -62.94
114.65000 -62.94
114.70000 -62.94
114.75000 -62.94
114.80000 -62.94
114.85000 -62.94
114.90000 -62.94
114.95000 -62.94
115.00000 -62.94
115.05000 -62.94
115.10000 -62.94
115.15000 -62.94
115.20000 -62.94
115.25000 -62.94
115.30000 -62.94
115.35000 -62.94
115.40000 -62.94
115.45000 -62.94
115.50000 -62.94
115.55000 -62.94
115.60000 -62.94
115.65000 -62.94
115.70000 -62.94
115.75000 -62.94
115.80000 -62.94
115.85000 -62.94
115.90000 -62.94
115.95000 -62.94
116.00000 -62.94
116.05000 -62.94
116.10000 -62.94
116.15000 -62.94
116.20000 -62.94
116.25000 -62.94
116.30000 -62.94
116.35000 -62.95
116.40000 -62.94
116.45000 -62.95
116.50000 -62.94
116.55000 -62.94
116.60000 -62.94
116.65000 -62.94
116.70000 -62.95
116.75000 -62.94
116.80000 -62.94
116.85000 -62.94
116.90000 -62.94
116.95000 -62.95
117.00000 -62.94
117.05000 -62.94
117.10000 -62.94
117.15000 -62.94
117.20000 -62.94
117.25000 -62.95
117.30000 -62.95
117.35000 -62.95
117.40000 -62.95
117.45000 -62.95
117.50000 -62.95
117.55000 -62.95
117.60000 -62.95
117.65000 -62.95
117.70000 -62.94
117.75000 -62.95
117.80000 -62.95
117.85000 -62.95
117.90000 -62.94
117.95000 -62.94
118.00000 -62.94
118.05000 -62.94
118.10000 -62.94
118.15000 -62.94
118.20000 -62.94
118.25000 -62.94
118.30000 -62.94
118.35000 -62.94
118.40000 -62.94
118.45000 -62.94
118.50000 -62.94
118.55000 -62.94
118.60000 -62.94
118.65000 -62.94
118.70000 -62.94
118.75000 -62.94
118.80000 -62.94
118.85000 -62.94
118.90000 -62.94
118.95000 -62.94
119.00000 -62.94
119.05000 -62.94
119.10000 -62.94
119.15000 -62.94
119.20000 -62.94
119.25000 -62.94
119.30000 -62.94
119.35000 -62.94
119.40000 -62.94
119.45000 -62.94
119.50000 -62.94
119.55000 -62.94
119.60000 -62.94
119.65000 -62.94
119.70000 -62.94
119.75000 -62.94
119.80000 -62.94
119.85000 -62.94
119.90000 -62.94
119.95000 -62.94
120.00000 -62.94
120.05000 -62.94
120.10000 -62.94
120.15000 -62.94
120.20000 -62.94
120.25000 -62.94
120.30000 -62.94
120.35000 -62.94
120.40000 -62.93
120.45000 -62.93
120.50000 -62.93
120.55000 -62.93
120.60000 -62.93
120.65000 -62.93
120.70000 -62.93
120.75000 -62.93
120.80000 -62.93
120.85000 -62.93
120.90000 -62.93
120.95000 -62.93
121.00000 -62.94
121.05000 -62.93
121.10000 -62.93
121.15000 -62.93
121.20000 -62.93
121.25000 -62.93
121.30000 -62.93
121.35000 -62.93
121.40000 -62.93
121.45000 -62.93
121.50000 -62.93
121.55000 -62.93
121.60000 -62.93
121.65000 -62.93
121.70000 -62.93
121.75000 -62.93
121.80000 -62.93
121.85000 -62.93
121.90000 -62.93
121.95000 -62.93
122.00000 -62.93
122.05000 -62.93
122.10000 -62.93
122.15000 -62.93
122.20000 -62.93
122.25000 -62.93
122.30000 -62.94
122.35000 -62.93
122.40000 -62.93
122.45000 -62.94
122.50000 -62.94
122.55000 -62.94
122.60000 -62.94
122.65000 -62.94
122.70000 -62.94
122.75000 -62.94
122.80000 -62.94
122.85000 -62.94
122.90000 -62.94
122.95000 -62.94
123.00000 -62.94
123.05000 -62.94
123.10000 -62.94
123.15000 -62.95
123.20000 -62.95
123.25000 -62.95
123.30000 -62.95
123.35000 -62.94
123.40000 -62.94
123.45000 -62.94
123.50000 -62.94
123.55000 -62.94
123.60000 -62.94
123.65000 -62.94
123.70000 -62.94
123.75000 -62.93
123.80000 -62.93
123.85000 -62.93
123.90000 -62.93
123.95000 -62.93
124.00000 -62.93
124.05000 -62.93
124.10000 -62.93
124.15000 -62.93
124.20000 -62.94
124.25000 -62.94
124.30000 -62.94
124.35000 -62.94
124.40000 -62.94
124.45000 -62.94
124.50000 -62.94
124.55000 -62.94
124.60000 -62.94
124.65000 -62.94
124.70000 -62.94
124.75000 -62.94
124.80000 -62.94
124.85000 -62.94
124.90000 -62.94
124.95000 -62.94
125.00000 -62.94
125.05000 -62.94
125.10000 -62.94
125.15000 -62.94
125.20000 -62.94
125.25000 -62.94
125.30000 -62.94
125.35000 -62.94
125.40000 -62.94
125.45000 -62.94
125.50000 -62.94
125.55000 -62.94
125.60000 -62.94
125.65000 -62.94
125.70000 -62.94
125.75000 -62.94
125.80000 -62.94
125.85000 -62.94
125.90000 -62.94
125.95000 -62.93
126.00000 -62.93
126.05000 -62.94
126.10000 -62.94
126.15000 -62.94
126.20000 -62.93
126.25000 -62.93
126.30000 -62.93
126.35000 -62.93
126.40000 -62.93
126.45000 -62.93
126.50000 -62.93
126.55000 -62.93
126.60000 -62.94
126.65000 -62.93
126.70000 -62.93
126.75000 -62.93
126.80000 -62.94
126.85000 -62.93
126.90000 -62.93
126.95000 -62.93
127.00000 -62.94
127.05000 -62.94
127.10000 -62.94
127.15000 -62.94
127.20000 -62.94
127.25000 -62.93
127.30000 -62.94
127.35000 -62.94
127.40000 -62.94
127.45000 -62.94
127.50000 -62.93
127.55000 -62.94
127.60000 -62.94
127.65000 -62.94
127.70000 -62.94
127.75000 -62.94
127.80000 -62.93
127.85000 -62.94
127.90000 -62.94
127.95000 -62.94
128.00000 -62.94
128.05000 -62.94
128.10000 -62.94
128.15000 -62.94
128.20000 -62.94
128.25000 -62.94
128.30000 -62.94
128.35000 -62.94
128.40000 -62.94
128.45000 -62.94
128.50000 -62.94
128.55000 -62.94
128.60000 -62.94
128.65000 -62.94
128.70000 -62.94
128.75000 -62.94
128.80000 -62.94
128.85000 -62.94
128.90000 -62.94
128.95000 -62.94
129.00000 -62.94
129.05000 -62.94
129.10000 -62.94
129.15000 -62.94
129.20000 -62.94
129.25000 -62.94
129.30000 -62.94
129.35000 -62.94
129.40000 -62.93
129.45000 -62.93
129.50000 -62.93
129.55000 -62.93
129.60000 -62.93
129.65000 -62.93
129.70000 -62.93
129.75000 -62.93
129.80000 -62.93
129.85000 -62.93
129.90000 -62.93
129.95000 -62.93
130.00000 -62.92
130.05000 -62.93
130.10000 -62.93
130.15000 -62.93
130.20000 -62.93
130.25000 -62.93
130.30000 -62.93
130.35000 -62.93
130.40000 -62.93
130.45000 -62.93
130.50000 -62.93
130.55000 -62.93
130.60000 -62.93
130.65000 -62.93
130.70000 -62.93
130.75000 -62.93
130.80000 -62.93
130.85000 -62.93
130.90000 -62.93
130.95000 -62.93
131.00000 -62.93
131.05000 -62.93
131.10000 -62.94
131.15000 -62.94
131.20000 -62.94
131.25000 -62.94
131.30000 -62.94
131.35000 -62.94
131.40000 -62.94
131.45000 -62.94
131.50000 -62.94
131.55000 -62.94
131.60000 -62.94
131.65000 -62.94
131.70000 -62.94
131.75000 -62.94
131.80000 -62.94
131.85000 -62.94
131.90000 -62.94
131.95000 -62.94
132.00000 -62.94
132.05000 -62.94
132.10000 -62.94
132.15000 -62.94
132.20000 -62.94
132.25000 -62.94
132.30000 -62.94
132.35000 -62.94
132.40000 -62.94
132.45000 -62.94
132.50000 -62.94
132.55000 -62.94
132.60000 -62.94
132.65000 -62.94
132.70000 -62.94
132.75000 -62.94
132.80000 -62.94
132.85000 -62.93
132.90000 -62.94
132.95000 -62.94
133.00000 -62.94
133.05000 -62.94
133.10000 -62.94
133.15000 -62.94
133.20000 -62.94
133.25000 -62.94
133.30000 -62.94
133.35000 -62.94
133.40000 -62.94
133.45000 -62.94
133.50000 -62.94
133.55000 -62.94
133.60000 -62.94
133.65000 -62.94
133.70000 -62.94
133.75000 -62.94
133.80000 -62.94
133.85000 -62.94
133.90000 -62.94
133.95000 -62.94
134.00000 -62.94
134.05000 -62.94
134.10000 -62.94
134.15000 -62.94
134.20000 -62.94
134.25000 -62.94
134.30000 -62.94
134.35000 -62.94
134.40000 -62.94
134.45000 -62.94
134.50000 -62.94
134.55000 -62.94
134.60000 -62.94
134.65000 -62.94
134.70000 -62.94
134.75000 -62.94
134.80000 -62.94
134.85000 -62.94
134.90000 -62.94
134.95000 -62.94
135.00000 -62.94
135.05000 -62.94
135.10000 -62.94
135.15000 -62.95
135.20000 -62.94
135.25000 -62.95
135.30000 -62.95
135.35000 -62.94
135.40000 -62.95
135.45000 -62.94
135.50000 -62.94
135.55000 -62.94
135.60000 -62.95
135.65000 -62.94
135.70000 -62.95
135.75000 -62.94
135.80000 -62.94
135.85000 -62.94
135.90000 -62.94
135.95000 -62.94
136.00000 -62.94
136.05000 -62.94
136.10000 -62.94
136.15000 -62.94
136.20000 -62.94
136.25000 -62.94
136.30000 -62.94
136.35000 -62.94
136.40000 -62.94
136.45000 -62.94
136.50000 -62.94
136.55000 -62.94
136.60000 -62.94
136.65000 -62.94
136.70000 -62.94
136.75000 -62.94
136.80000 -62.94
136.85000 -62.94
136.90000 -62.94
136.95000 -62.94
137.00000 -62.94
137.05000 -62.94
137.10000 -62.94
137.15000 -62.94
137.20000 -62.94
137.25000 -62.94
137.30000 -62.94
137.35000 -62.94
137.40000 -62.94
137.45000 -62.94
137.50000 -62.94
137.55000 -62.94
137.60000 -62.94
137.65000 -62.94
137.70000 -62.94
137.75000 -62.94
137.80000 -62.94
137.85000 -62.94
137.90000 -62.94
137.95000 -62.94
138.00000 -62.94
138.05000 -62.94
138.10000 -62.94
138.15000 -62.94
138.20000 -62.94
138.25000 -62.94
138.30000 -62.94
138.35000 -62.94
138.40000 -62.94
138.45000 -62.94
138.50000 -62.94
138.55000 -62.94
138.60000 -62.94
138.65000 -62.94
138.70000 -62.94
138.75000 -62.94
138.80000 -62.94
138.85000 -62.94
138.90000 -62.94
138.95000 -62.94
139.00000 -62.94
139.05000 -62.93
139.10000 -62.94
139.15000 -62.94
139.20000 -62.93
139.25000 -62.93
139.30000 -62.93
139.35000 -62.93
139.40000 -62.94
139.45000 -62.94
139.50000 -62.93
139.55000 -62.93
139.60000 -62.93
139.65000 -62.93
139.70000 -62.93
139.75000 -62.93
139.80000 -62.93
139.85000 -62.93
139.90000 -62.93
139.95000 -62.93
140.00000 -62.93
140.05000 -62.93
140.10000 -62.93
140.15000 -62.93
140.20000 -62.93
140.25000 -62.93
140.30000 -62.93
140.35000 -62.93
140.40000 -62.93
140.45000 -62.94
140.50000 -62.94
140.55000 -62.94
140.60000 -62.94
140.65000 -62.94
140.70000 -62.94
140.75000 -62.94
140.80000 -62.94
140.85000 -62.94
140.90000 -62.94
140.95000 -62.94
141.00000 -62.94
141.05000 -62.94
141.10000 -62.94
141.15000 -62.94
141.20000 -62.94
141.25000 -62.94
141.30000 -62.94
141.35000 -62.94
141.40000 -62.94
141.45000 -62.94
141.50000 -62.94
141.55000 -62.94
141.60000 -62.94
141.65000 -62.94
141.70000 -62.94
141.75000 -62.95
141.80000 -62.95
141.85000 -62.94
141.90000 -62.94
141.95000 -62.94
142.00000 -62.94
142.05000 -62.94
142.10000 -62.94
142.15000 -62.94
142.20000 -62.94
142.25000 -62.94
142.30000 -62.94
142.35000 -62.94
142.40000 -62.94
142.45000 -62.95
142.50000 -62.94
142.55000 -62.94
142.60000 -62.94
142.65000 -62.94
142.70000 -62.94
142.75000 -62.94
142.80000 -62.94
142.85000 -62.94
142.90000 -62.94
142.95000 -62.94
143.00000 -62.94
143.05000 -62.94
143.10000 -62.94
143.15000 -62.94
143.20000 -62.93
143.25000 -62.93
143.30000 -62.93
143.35000 -62.93
143.40000 -62.93
143.45000 -62.93
143.50000 -62.93
143.55000 -62.93
143.60000 -62.93
143.65000 -62.93
143.70000 -62.93
143.75000 -62.93
143.80000 -62.93
143.85000 -62.93
143.90000 -62.93
143.95000 -62.93
144.00000 -62.93
144.05000 -62.93
144.10000 -62.93
144.15000 -62.93
144.20000 -62.93
144.25000 -62.93
144.30000 -62.93
144.35000 -62.93
144.40000 -62.93
144.45000 -62.93
144.50000 -62.93
144.55000 -62.93
144.60000 -62.93
144.65000 -62.93
144.70000 -62.93
144.75000 -62.94
144.80000 -62.94
144.85000 -62.94
144.90000 -62.94
144.95000 -62.94
145.00000 -62.94
145.05000 -62.94
145.10000 -62.94
145.15000 -62.94
145.20000 -62.94
145.25000 -62.94
145.30000 -62.94
145.35000 -62.94
145.40000 -62.94
145.45000 -62.94
145.50000 -62.94
145.55000 -62.94
145.60000 -62.94
145.65000 -62.94
145.70000 -62.94
145.75000 -62.94
145.80000 -62.94
145.85000 -62.94
145.90000 -62.95
145.95000 -62.94
146.00000 -62.94
146.05000 -62.94
146.10000 -62.94
146.15000 -62.94
146.20000 -62.94
146.25000 -62.94
146.30000 -62.94
146.35000 -62.94
146.40000 -62.95
146.45000 -62.94
146.50000 -62.95
146.55000 -62.95
146.60000 -62.95
146.65000 -62.95
146.70000 -62.94
146.75000 -62.94
146.80000 -62.95
146.85000 -62.95
146.90000 -62.95
146.95000 -62.95
147.00000 -62.95
147.05000 -62.95
147.10000 -62.95
147.15000 -62.95
147.20000 -62.95
147.25000 -62.95
147.30000 -62.95
147.35000 -62.95
147.40000 -62.95
147.45000 -62.95
147.50000 -62.95
147.55000 -62.95
147.60000 -62.95
147.65000 -62.95
147.70000 -62.95
147.75000 -62.95
147.80000 -62.95
147.85000 -62.95
147.90000 -62.95
147.95000 -62.95
148.00000 -62.95
148.05000 -62.95
148.10000 -62.95
148.15000 -62.96
148.20000 -62.96
148.25000 -62.96
148.30000 -62.96
148.35000 -62.96
148.40000 -62.96
148.45000 -62.96
148.50000 -62.96
148.55000 -62.96
148.60000 -62.96
148.65000 -62.96
148.70000 -62.96
148.75000 -62.96
148.80000 -62.96
148.85000 -62.96
148.90000 -62.96
148.95000 -62.96
149.00000 -62.96
149.05000 -62.96
149.10000 -62.96
149.15000 -62.96
149.20000 -62.96
149.25000 -62.96
149.30000 -62.96
149.35000 -62.96
149.40000 -62.96
149.45000 -62.96
149.50000 -62.96
149.55000 -62.96
149.60000 -62.95
149.65000 -62.95
149.70000 -62.95
149.75000 -62.95
149.80000 -62.95
149.85000 -62.95
149.90000 -62.95
149.95000 -62.95
150.00000 -62.95
150.05000 -62.95
150.10000 -62.95
150.15000 -62.95
150.20000 -62.95
150.25000 -62.95
150.30000 -62.95
150.35000 -62.95
150.40000 -62.95
150.45000 -62.94
150.50000 -62.94
150.55000 -62.94
150.60000 -62.94
150.65000 -62.94
150.70000 -62.94
150.75000 -62.94
150.80000 -62.94
150.85000 -62.94
150.90000 -62.94
150.95000 -62.94
151.00000 -62.94
151.05000 -62.94
151.10000 -62.94
151.15000 -62.94
151.20000 -62.94
151.25000 -62.94
151.30000 -62.94
151.35000 -62.94
151.40000 -62.94
151.45000 -62.94
151.50000 -62.94
151.55000 -62.94
151.60000 -62.94
151.65000 -62.94
151.70000 -62.94
151.75000 -62.94
151.80000 -62.94
151.85000 -62.94
151.90000 -62.94
151.95000 -62.94
152.00000 -62.94
152.05000 -62.94
152.10000 -62.94
152.15000 -62.94
152.20000 -62.94
152.25000 -62.94
152.30000 -62.94
152.35000 -62.94
152.40000 -62.94
152.45000 -62.94
152.50000 -62.94
152.55000 -62.94
152.60000 -62.94
152.65000 -62.94
152.70000 -62.94
152.75000 -62.94
152.80000 -62.94
152.85000 -62.94
152.90000 -62.94
152.95000 -62.94
153.00000 -62.94
153.05000 -62.95
153.10000 -62.95
153.15000 -62.95
153.20000 -62.95
153.25000 -62.95
153.30000 -62.95
153.35000 -62.95
153.40000 -62.95
153.45000 -62.95
153.50000 -62.95
153.55000 -62.95
153.60000 -62.95
153.65000 -62.95
153.70000 -62.95
153.75000 -62.94
153.80000 -62.94
153.85000 -62.94
153.90000 -62.94
153.95000 -62.94
154.00000 -62.94
154.05000 -62.94
154.10000 -62.94
154.15000 -62.95
154.20000 -62.94
154.25000 -62.94
154.30000 -62.95
154.35000 -62.95
154.40000 -62.95
154.45000 -62.95
154.50000 -62.95
154.55000 -62.95
154.60000 -62.95
154.65000 -62.95
154.70000 -62.95
154.75000 -62.95
154.80000 -62.95
154.85000 -62.95
154.90000 -62.95
154.95000 -62.95
155.00000 -62.95
155.05000 -62.95
155.10000 -62.95
155.15000 -62.95
155.20000 -62.95
155.25000 -62.94
155.30000 -62.95
155.35000 -62.94
155.40000 -62.94
155.45000 -62.94
155.50000 -62.94
155.55000 -62.94
155.60000 -62.94
155.65000 -62.94
155.70000 -62.94
155.75000 -62.94
155.80000 -62.94
155.85000 -62.94
155.90000 -62.94
155.95000 -62.94
156.00000 -62.94
156.05000 -62.94
156.10000 -62.94
156.15000 -62.94
156.20000 -62.94
156.25000 -62.94
156.30000 -62.94
156.35000 -62.95
156.40000 -62.95
156.45000 -62.95
156.50000 -62.95
156.55000 -62.95
156.60000 -62.95
156.65000 -62.95
156.70000 -62.95
156.75000 -62.95
156.80000 -62.95
156.85000 -62.95
156.90000 -62.95
156.95000 -62.95
157.00000 -62.94
157.05000 -62.95
157.10000 -62.94
157.15000 -62.94
157.20000 -62.94
157.25000 -62.94
157.30000 -62.94
157.35000 -62.94
157.40000 -62.94
157.45000 -62.94
157.50000 -62.94
157.55000 -62.94
157.60000 -62.94
157.65000 -62.94
157.70000 -62.94
157.75000 -62.94
157.80000 -62.94
157.85000 -62.94
157.90000 -62.94
157.95000 -62.94
158.00000 -62.94
158.05000 -62.94
158.10000 -62.94
158.15000 -62.94
158.20000 -62.94
158.25000 -62.94
158.30000 -62.94
158.35000 -62.94
158.40000 -62.94
158.45000 -62.94
158.50000 -62.94
158.55000 -62.94
158.60000 -62.94
158.65000 -62.94
158.70000 -62.94
158.75000 -62.94
158.80000 -62.94
158.85000 -62.94
158.90000 -62.94
158.95000 -62.94
159.00000 -62.94
159.05000 -62.94
159.10000 -62.94
159.15000 -62.94
159.20000 -62.94
159.25000 -62.94
159.30000 -62.94
159.35000 -62.94
159.40000 -62.95
159.45000 -62.95
159.50000 -62.94
159.55000 -62.94
159.60000 -62.94
159.65000 -62.94
159.70000 -62.94
159.75000 -62.94
159.80000 -62.94
159.85000 -62.94
159.90000 -62.94
159.95000 -62.94
160.00000 -62.94
160.05000 -62.94
160.10000 -62.94
160.15000 -62.94
160.20000 -62.94
160.25000 -62.94
160.30000 -62.94
160.35000 -62.94
160.40000 -62.94
160.45000 -62.94
160.50000 -62.94
160.55000 -62.94
160.60000 -62.94
160.65000 -62.94
160.70000 -62.94
160.75000 -62.94
160.80000 -62.94
160.85000 -62.94
160.90000 -62.94
160.95000 -62.94
161.00000 -62.94
161.05000 -62.94
161.10000 -62.94
161.15000 -62.95
161.20000 -62.95
161.25000 -62.95
161.30000 -62.95
161.35000 -62.95
161.40000 -62.95
161.45000 -62.95
161.50000 -62.95
161.55000 -62.95
161.60000 -62.95
161.65000 -62.95
161.70000 -62.95
161.75000 -62.95
161.80000 -62.95
161.85000 -62.95
161.90000 -62.95
161.95000 -62.95
162.00000 -62.95
162.05000 -62.94
162.10000 -62.94
162.15000 -62.94
162.20000 -62.94
162.25000 -62.94
162.30000 -62.94
162.35000 -62.94
162.40000 -62.94
162.45000 -62.94
162.50000 -62.94
162.55000 -62.94
162.60000 -62.94
162.65000 -62.94
162.70000 -62.94
162.75000 -62.94
162.80000 -62.94
162.85000 -62.94
162.90000 -62.94
162.95000 -62.94
163.00000 -62.94
163.05000 -62.94
163.10000 -62.94
163.15000 -62.94
163.20000 -62.94
163.25000 -62.94
163.30000 -62.94
163.35000 -62.94
163.40000 -62.94
163.45000 -62.94
163.50000 -62.94
163.55000 -62.94
163.60000 -62.94
163.65000 -62.94
163.70000 -62.94
163.75000 -62.94
163.80000 -62.94
163.85000 -62.94
163.90000 -62.94
163.95000 -62.94
164.00000 -62.94
164.05000 -62.94
164.10000 -62.94
164.15000 -62.94
164.20000 -62.94
164.25000 -62.94
164.30000 -62.94
164.35000 -62.94
164.40000 -62.94
164.45000 -62.94
164.50000 -62.94
164.55000 -62.94
164.60000 -62.94
164.65000 -62.94
164.70000 -62.94
164.75000 -62.94
164.80000 -62.94
164.85000 -62.94
164.90000 -62.94
164.95000 -62.94
165.00000 -62.94
165.05000 -62.94
165.10000 -62.94
165.15000 -62.94
165.20000 -62.94
165.25000 -62.94
165.30000 -62.94
165.35000 -62.94
165.40000 -62.94
165.45000 -62.94
165.50000 -62.94
165.55000 -62.94
165.60000 -62.94
165.65000 -62.94
165.70000 -62.94
165.75000 -62.94
165.80000 -62.94
165.85000 -62.94
165.90000 -62.94
165.95000 -62.94
166.00000 -62.94
166.05000 -62.94
166.10000 -62.94
166.15000 -62.94
166.20000 -62.94
166.25000 -62.94
166.30000 -62.94
166.35000 -62.94
166.40000 -62.94
166.45000 -62.94
166.50000 -62.94
166.55000 -62.94
166.60000 -62.94
166.65000 -62.94
166.70000 -62.94
166.75000 -62.94
166.80000 -62.94
166.85000 -62.94
166.90000 -62.94
166.95000 -62.94
167.00000 -62.94
167.05000 -62.94
167.10000 -62.94
167.15000 -62.94
167.20000 -62.94
167.25000 -62.94
167.30000 -62.94
167.35000 -62.94
167.40000 -62.94
167.45000 -62.94
167.50000 -62.94
167.55000 -62.94
167.60000 -62.94
167.65000 -62.94
167.70000 -62.94
167.75000 -62.95
167.80000 -62.95
167.85000 -62.95
167.90000 -62.95
167.95000 -62.95
168.00000 -62.95
168.05000 -62.95
168.10000 -62.95
168.15000 -62.95
168.20000 -62.95
168.25000 -62.95
168.30000 -62.95
168.35000 -62.95
168.40000 -62.95
168.45000 -62.95
168.50000 -62.95
168.55000 -62.95
168.60000 -62.95
168.65000 -62.95
168.70000 -62.95
168.75000 -62.95
168.80000 -62.95
168.85000 -62.95
168.90000 -62.95
168.95000 -62.95
169.00000 -62.95
169.05000 -62.95
169.10000 -62.96
169.15000 -62.96
169.20000 -62.96
169.25000 -62.96
169.30000 -62.96
169.35000 -62.96
169.40000 -62.96
169.45000 -62.96
169.50000 -62.96
169.55000 -62.96
169.60000 -62.96
169.65000 -62.96
169.70000 -62.96
169.75000 -62.96
169.80000 -62.96
169.85000 -62.96
169.90000 -62.96
169.95000 -62.96
170.00000 -62.96
170.05000 -62.96
170.10000 -62.96
170.15000 -62.95
170.20000 -62.95
170.25000 -62.95
170.30000 -62.95
170.35000 -62.95
170.40000 -62.95
170.45000 -62.95
170.50000 -62.95
170.55000 -62.95
170.60000 -62.95
170.65000 -62.95
170.70000 -62.95
170.75000 -62.95
170.80000 -62.94
170.85000 -62.95
170.90000 -62.95
170.95000 -62.94
171.00000 -62.94
171.05000 -62.94
171.10000 -62.94
171.15000 -62.94
171.20000 -62.94
171.25000 -62.94
171.30000 -62.94
171.35000 -62.94
171.40000 -62.94
171.45000 -62.94
171.50000 -62.94
171.55000 -62.94
171.60000 -62.94
171.65000 -62.94
171.70000 -62.94
171.75000 -62.94
171.80000 -62.94
171.85000 -62.94
171.90000 -62.94
171.95000 -62.94
172.00000 -62.94
172.05000 -62.94
172.10000 -62.94
172.15000 -62.94
172.20000 -62.94
172.25000 -62.94
172.30000 -62.94
172.35000 -62.94
172.40000 -62.94
172.45000 -62.94
172.50000 -62.94
172.55000 -62.94
172.60000 -62.94
172.65000 -62.94
172.70000 -62.94
172.75000 -62.94
172.80000 -62.94
172.85000 -62.94
172.90000 -62.94
172.95000 -62.94
173.00000 -62.94
173.05000 -62.94
173.10000 -62.94
173.15000 -62.94
173.20000 -62.94
173.25000 -62.94
173.30000 -62.94
173.35000 -62.94
173.40000 -62.94
173.45000 -62.94
173.50000 -62.94
173.55000 -62.94
173.60000 -62.94
173.65000 -62.94
173.70000 -62.94
173.75000 -62.94
173.80000 -62.94
173.85000 -62.94
173.90000 -62.94
173.95000 -62.94
174.00000 -62.94
174.05000 -62.94
174.10000 -62.94
174.15000 -62.94
174.20000 -62.94
174.25000 -62.94
174.30000 -62.94
174.35000 -62.94
174.40000 -62.94
174.45000 -62.94
174.50000 -62.94
174.55000 -62.94
174.60000 -62.94
174.65000 -62.94
174.70000 -62.94
174.75000 -62.94
174.80000 -62.94
174.85000 -62.94
174.90000 -62.94
174.95000 -62.94
175.00000 -62.94
175.05000 -62.94
175.10000 -62.94
175.15000 -62.94
175.20000 -62.94
175.25000 -62.94
175.30000 -62.94
175.35000 -62.94
175.40000 -62.94
175.45000 -62.94
175.50000 -62.94
175.55000 -62.94
175.60000 -62.94
175.65000 -62.94
175.70000 -62.94
175.75000 -62.94
175.80000 -62.94
175.85000 -62.94
175.90000 -62.94
175.95000 -62.94
176.00000 -62.94
176.05000 -62.94
176.10000 -62.94
176.15000 -62.94
176.20000 -62.94
176.25000 -62.94
176.30000 -62.94
176.35000 -62.94
176.40000 -62.95
176.45000 -62.94
176.50000 -62.94
176.55000 -62.94
176.60000 -62.94
176.65000 -62.94
176.70000 -62.94
176.75000 -62.94
176.80000 -62.94
176.85000 -62.94
176.90000 -62.94
176.95000 -62.94
177.00000 -62.94
177.05000 -62.94
177.10000 -62.94
177.15000 -62.94
177.20000 -62.94
177.25000 -62.94
177.30000 -62.94
177.35000 -62.94
177.40000 -62.95
177.45000 -62.95
177.50000 -62.94
177.55000 -62.94
177.60000 -62.95
177.65000 -62.95
177.70000 -62.95
177.75000 -62.95
177.80000 -62.94
177.85000 -62.94
177.90000 -62.94
177.95000 -62.94
178.00000 -62.94
178.05000 -62.94
178.10000 -62.94
178.15000 -62.94
178.20000 -62.94
178.25000 -62.94
178.30000 -62.94
178.35000 -62.94
178.40000 -62.94
178.45000 -62.94
178.50000 -62.94
178.55000 -62.94
178.60000 -62.94
178.65000 -62.94
178.70000 -62.94
178.75000 -62.94
178.80000 -62.94
178.85000 -62.94
178.90000 -62.94
178.95000 -62.94
179.00000 -62.94
179.05000 -62.94
179.10000 -62.94
179.15000 -62.94
179.20000 -62.94
179.25000 -62.94
179.30000 -62.94
179.35000 -62.94
179.40000 -62.94
179.45000 -62.94
179.50000 -62.94
179.55000 -62.94
179.60000 -62.94
179.65000 -62.94
179.70000 -62.94
179.75000 -62.94
179.80000 -62.94
179.85000 -62.94
179.90000 -62.94
179.95000 -62.94
180.00000 -62.94
180.05000 -62.94
180.10000 -62.94
180.15000 -62.94
180.20000 -62.94
180.25000 -62.94
180.30000 -62.94
180.35000 -62.94
180.40000 -62.94
180.45000 -62.94
180.50000 -62.94
180.55000 -62.94
180.60000 -62.94
180.65000 -62.94
180.70000 -62.94
180.75000 -62.94
180.80000 -62.94
180.85000 -62.94
180.90000 -62.94
180.95000 -62.95
181.00000 -62.94
181.05000 -62.94
181.10000 -62.95
181.15000 -62.94
181.20000 -62.95
181.25000 -62.94
181.30000 -62.94
181.35000 -62.95
181.40000 -62.95
181.45000 -62.95
181.50000 -62.95
181.55000 -62.94
181.60000 -62.94
181.65000 -62.94
181.70000 -62.94
181.75000 -62.94
181.80000 -62.94
181.85000 -62.94
181.90000 -62.94
181.95000 -62.94
182.00000 -62.94
182.05000 -62.94
182.10000 -62.94
182.15000 -62.94
182.20000 -62.94
182.25000 -62.94
182.30000 -62.94
182.35000 -62.94
182.40000 -62.94
182.45000 -62.94
182.50000 -62.94
182.55000 -62.94
182.60000 -62.94
182.65000 -62.94
182.70000 -62.94
182.75000 -62.94
182.80000 -62.94
182.85000 -62.94
182.90000 -62.94
182.95000 -62.94
183.00000 -62.94
183.05000 -62.94
183.10000 -62.94
183.15000 -62.95
183.20000 -62.94
183.25000 -62.94
183.30000 -62.94
183.35000 -62.94
183.40000 -62.94
183.45000 -62.95
183.50000 -62.95
183.55000 -62.95
183.60000 -62.95
183.65000 -62.95
183.70000 -62.95
183.75000 -62.95
183.80000 -62.95
183.85000 -62.95
183.90000 -62.95
183.95000 -62.94
184.00000 -62.95
184.05000 -62.94
184.10000 -62.95
184.15000 -62.94
184.20000 -62.94
184.25000 -62.94
184.30000 -62.94
184.35000 -62.94
184.40000 -62.94
184.45000 -62.95
184.50000 -62.94
184.55000 -62.94
184.60000 -62.94
184.65000 -62.94
184.70000 -62.94
184.75000 -62.94
184.80000 -62.94
184.85000 -62.94
184.90000 -62.94
184.95000 -62.94
185.00000 -62.94
185.05000 -62.94
185.10000 -62.94
185.15000 -62.94
185.20000 -62.94
185.25000 -62.94
185.30000 -62.94
185.35000 -62.94
185.40000 -62.94
185.45000 -62.94
185.50000 -62.94
185.55000 -62.94
185.60000 -62.94
185.65000 -62.94
185.70000 -62.94
185.75000 -62.94
185.80000 -62.94
185.85000 -62.94
185.90000 -62.94
185.95000 -62.94
186.00000 -62.94
186.05000 -62.94
186.10000 -62.94
186.15000 -62.94
186.20000 -62.94
186.25000 -62.94
186.30000 -62.94
186.35000 -62.94
186.40000 -62.94
186.45000 -62.94
186.50000 -62.94
186.55000 -62.94
186.60000 -62.94
186.65000 -62.94
186.70000 -62.94
186.75000 -62.94
186.80000 -62.94
186.85000 -62.94
186.90000 -62.94
186.95000 -62.94
187.00000 -62.94
187.05000 -62.94
187.10000 -62.94
187.15000 -62.94
187.20000 -62.94
187.25000 -62.94
187.30000 -62.93
187.35000 -62.93
187.40000 -62.93
187.45000 -62.93
187.50000 -62.93
187.55000 -62.93
187.60000 -62.93
187.65000 -62.93
187.70000 -62.93
187.75000 -62.93
187.80000 -62.93
187.85000 -62.93
187.90000 -62.93
187.95000 -62.93
188.00000 -62.93
188.05000 -62.93
188.10000 -62.93
188.15000 -62.93
188.20000 -62.93
188.25000 -62.93
188.30000 -62.94
188.35000 -62.94
188.40000 -62.94
188.45000 -62.94
188.50000 -62.94
188.55000 -62.94
188.60000 -62.94
188.65000 -62.94
188.70000 -62.94
188.75000 -62.94
188.80000 -62.94
188.85000 -62.94
188.90000 -62.94
188.95000 -62.94
189.00000 -62.94
189.05000 -62.94
189.10000 -62.94
189.15000 -62.94
189.20000 -62.94
189.25000 -62.94
189.30000 -62.94
189.35000 -62.94
189.40000 -62.94
189.45000 -62.94
189.50000 -62.94
189.55000 -62.94
189.60000 -62.94
189.65000 -62.94
189.70000 -62.94
189.75000 -62.94
189.80000 -62.94
189.85000 -62.94
189.90000 -62.94
189.95000 -62.94
190.00000 -62.94
190.05000 -62.94
190.10000 -62.94
190.15000 -62.94
190.20000 -62.94
190.25000 -62.94
190.30000 -62.94
190.35000 -62.94
190.40000 -62.94
190.45000 -62.94
190.50000 -62.94
190.55000 -62.94
190.60000 -62.94
190.65000 -62.94
190.70000 -62.94
190.75000 -62.94
190.80000 -62.94
190.85000 -62.94
190.90000 -62.94
190.95000 -62.93
191.00000 -62.93
191.05000 -62.93
191.10000 -62.93
191.15000 -62.94
191.20000 -62.94
191.25000 -62.94
191.30000 -62.94
191.35000 -62.94
191.40000 -62.94
191.45000 -62.94
191.50000 -62.94
191.55000 -62.94
191.60000 -62.94
191.65000 -62.94
191.70000 -62.94
191.75000 -62.94
191.80000 -62.94
191.85000 -62.94
191.90000 -62.94
191.95000 -62.94
192.00000 -62.94
192.05000 -62.94
192.10000 -62.94
192.15000 -62.94
192.20000 -62.94
192.25000 -62.94
192.30000 -62.94
192.35000 -62.94
192.40000 -62.94
192.45000 -62.94
192.50000 -62.94
192.55000 -62.94
192.60000 -62.94
192.65000 -62.95
192.70000 -62.94
192.75000 -62.95
192.80000 -62.95
192.85000 -62.95
192.90000 -62.94
192.95000 -62.94
193.00000 -62.94
193.05000 -62.94
193.10000 -62.94
193.15000 -62.94
193.20000 -62.94
193.25000 -62.94
193.30000 -62.94
193.35000 -62.94
193.40000 -62.94
193.45000 -62.94
193.50000 -62.94
193.55000 -62.94
193.60000 -62.94
193.65000 -62.94
193.70000 -62.94
193.75000 -62.94
193.80000 -62.94
193.85000 -62.93
193.90000 -62.93
193.95000 -62.93
194.00000 -62.93
194.05000 -62.93
194.10000 -62.93
194.15000 -62.93
194.20000 -62.93
194.25000 -62.93
194.30000 -62.93
194.35000 -62.93
194.40000 -62.93
194.45000 -62.93
194.50000 -62.93
194.55000 -62.93
194.60000 -62.93
194.65000 -62.93
194.70000 -62.93
194.75000 -62.93
194.80000 -62.93
194.85000 -62.93
194.90000 -62.93
194.95000 -62.93
195.00000 -62.93
195.05000 -62.93
195.10000 -62.93
195.15000 -62.93
195.20000 -62.93
195.25000 -62.93
195.30000 -62.93
195.35000 -62.93
195.40000 -62.93
195.45000 -62.93
195.50000 -62.93
195.55000 -62.93
195.60000 -62.93
195.65000 -62.93
195.70000 -62.94
195.75000 -62.93
195.80000 -62.93
195.85000 -62.94
195.90000 -62.94
195.95000 -62.94
196.00000 -62.94
196.05000 -62.94
196.10000 -62.94
196.15000 -62.94
196.20000 -62.94
196.25000 -62.94
196.30000 -62.94
196.35000 -62.94
196.40000 -62.94
196.45000 -62.94
196.50000 -62.94
196.55000 -62.94
196.60000 -62.94
196.65000 -62.94
196.70000 -62.94
196.75000 -62.94
196.80000 -62.94
196.85000 -62.94
196.90000 -62.94
196.95000 -62.94
197.00000 -62.94
197.05000 -62.94
197.10000 -62.94
197.15000 -62.94
197.20000 -62.94
197.25000 -62.94
197.30000 -62.94
197.35000 -62.94
197.40000 -62.94
197.45000 -62.94
197.50000 -62.94
197.55000 -62.94
197.60000 -62.94
197.65000 -62.94
197.70000 -62.94
197.75000 -62.94
197.80000 -62.94
197.85000 -62.94
197.90000 -62.94
197.95000 -62.94
198.00000 -62.94
198.05000 -62.94
198.10000 -62.94
198.15000 -62.94
198.20000 -62.94
198.25000 -62.94
198.30000 -62.94
198.35000 -62.94
198.40000 -62.94
198.45000 -62.94
198.50000 -62.94
198.55000 -62.94
198.60000 -62.94
198.65000 -62.94
198.70000 -62.94
198.75000 -62.94
198.80000 -62.94
198.85000 -62.94
198.90000 -62.94
198.95000 -62.94
199.00000 -62.94
199.05000 -62.94
199.10000 -62.94
199.15000 -62.94
199.20000 -62.94
199.25000 -62.94
199.30000 -62.94
199.35000 -62.94
199.40000 -62.94
199.45000 -62.95
199.50000 -62.94
199.55000 -62.95
199.60000 -62.95
199.65000 -62.95
199.70000 -62.95
199.75000 -62.95
199.80000 -62.95
199.85000 -62.95
199.90000 -62.95
199.95000 -62.95
200.00000 -62.95
200.05000 -62.95
200.10000 -62.95
200.15000 -62.95
200.20000 -62.95
200.25000 -62.95
200.30000 -62.95
200.35000 -62.95
200.40000 -62.95
200.45000 -62.95
200.50000 -62.95
200.55000 -62.95
200.60000 -62.95
200.65000 -62.95
200.70000 -62.95
200.75000 -62.95
200.80000 -62.95
200.85000 -62.95
200.90000 -62.95
200.95000 -62.95
201.00000 -62.95
201.05000 -62.95
201.10000 -62.95
201.15000 -62.95
201.20000 -62.95
201.25000 -62.95
201.30000 -62.95
201.35000 -62.94
201.40000 -62.95
201.45000 -62.95
201.50000 -62.94
201.55000 -62.94
201.60000 -62.94
201.65000 -62.94
201.70000 -62.94
201.75000 -62.94
201.80000 -62.94
201.85000 -62.94
201.90000 -62.94
201.95000 -62.94
202.00000 -62.94
202.05000 -62.94
202.10000 -62.94
202.15000 -62.94
202.20000 -62.94
202.25000 -62.94
202.30000 -62.94
202.35000 -62.94
202.40000 -62.94
202.45000 -62.95
202.50000 -62.95
202.55000 -62.94
202.60000 -62.94
202.65000 -62.94
202.70000 -62.94
202.75000 -62.94
202.80000 -62.94
202.85000 -62.94
202.90000 -62.94
202.95000 -62.94
203.00000 -62.94
203.05000 -62.94
203.10000 -62.94
203.15000 -62.94
203.20000 -62.94
203.25000 -62.94
203.30000 -62.94
203.35000 -62.94
203.40000 -62.94
203.45000 -62.95
203.50000 -62.94
203.55000 -62.94
203.60000 -62.94
203.65000 -62.95
203.70000 -62.94
203.75000 -62.94
203.80000 -62.94
203.85000 -62.94
203.90000 -62.94
203.95000 -62.94
204.00000 -62.94
204.05000 -62.94
204.10000 -62.94
204.15000 -62.94
204.20000 -62.94
204.25000 -62.94
204.30000 -62.94
204.35000 -62.94
204.40000 -62.94
204.45000 -62.94
204.50000 -62.94
204.55000 -62.94
204.60000 -62.94
204.65000 -62.94
204.70000 -62.94
204.75000 -62.94
204.80000 -62.94
204.85000 -62.94
204.90000 -62.94
204.95000 -62.94
205.00000 -62.94
205.05000 -62.94
205.10000 -62.94
205.15000 -62.94
205.20000 -62.94
205.25000 -62.94
205.30000 -62.94
205.35000 -62.94
205.40000 -62.94
205.45000 -62.94
205.50000 -62.94
205.55000 -62.94
205.60000 -62.94
205.65000 -62.94
205.70000 -62.94
205.75000 -62.94
205.80000 -62.94
205.85000 -62.93
205.90000 -62.94
205.95000 -62.94
206.00000 -62.94
206.05000 -62.94
206.10000 -62.94
206.15000 -62.94
206.20000 -62.94
206.25000 -62.94
206.30000 -62.94
206.35000 -62.94
206.40000 -62.94
206.45000 -62.94
206.50000 -62.94
206.55000 -62.94
206.60000 -62.94
206.65000 -62.94
206.70000 -62.94
206.75000 -62.94
206.80000 -62.94
206.85000 -62.94
206.90000 -62.94
206.95000 -62.94
207.00000 -62.93
207.05000 -62.93
207.10000 -62.93
207.15000 -62.94
207.20000 -62.94
207.25000 -62.93
207.30000 -62.94
207.35000 -62.94
207.40000 -62.94
207.45000 -62.94
207.50000 -62.94
207.55000 -62.94
207.60000 -62.94
207.65000 -62.94
207.70000 -62.93
207.75000 -62.94
207.80000 -62.94
207.85000 -62.93
207.90000 -62.93
207.95000 -62.93
208.00000 -62.93
208.05000 -62.93
208.10000 -62.93
208.15000 -62.93
208.20000 -62.93
208.25000 -62.93
208.30000 -62.93
208.35000 -62.93
208.40000 -62.93
208.45000 -62.93
208.50000 -62.93
208.55000 -62.93
208.60000 -62.93
208.65000 -62.93
208.70000 -62.93
208.75000 -62.93
208.80000 -62.93
208.85000 -62.93
208.90000 -62.93
208.95000 -62.93
209.00000 -62.93
209.05000 -62.93
209.10000 -62.93
209.15000 -62.93
209.20000 -62.93
209.25000 -62.93
209.30000 -62.93
209.35000 -62.93
209.40000 -62.93
209.45000 -62.93
209.50000 -62.93
209.55000 -62.93
209.60000 -62.93
209.65000 -62.93
209.70000 -62.93
209.75000 -62.93
209.80000 -62.93
209.85000 -62.93
209.90000 -62.93
209.95000 -62.93
210.00000 -62.93
210.05000 -62.93
210.10000 -62.93
210.15000 -62.93
210.20000 -62.94
210.25000 -62.93
210.30000 -62.93
210.35000 -62.93
210.40000 -62.93
210.45000 -62.93
210.50000 -62.93
210.55000 -62.93
210.60000 -62.93
210.65000 -62.93
210.70000 -62.93
210.75000 -62.93
210.80000 -62.93
210.85000 -62.93
210.90000 -62.93
210.95000 -62.93
211.00000 -62.93
211.05000 -62.93
211.10000 -62.93
211.15000 -62.93
211.20000 -62.93
211.25000 -62.93
211.30000 -62.93
211.35000 -62.93
211.40000 -62.93
211.45000 -62.93
211.50000 -62.93
211.55000 -62.93
211.60000 -62.93
211.65000 -62.93
211.70000 -62.93
211.75000 -62.93
211.80000 -62.93
211.85000 -62.93
211.90000 -62.93
211.95000 -62.93
212.00000 -62.93
212.05000 -62.93
212.10000 -62.93
212.15000 -62.93
212.20000 -62.93
212.25000 -62.93
212.30000 -62.93
212.35000 -62.93
212.40000 -62.94
212.45000 -62.94
212.50000 -62.94
212.55000 -62.94
212.60000 -62.94
212.65000 -62.94
212.70000 -62.94
212.75000 -62.94
212.80000 -62.94
212.85000 -62.94
212.90000 -62.94
212.95000 -62.94
213.00000 -62.94
213.05000 -62.94
213.10000 -62.94
213.15000 -62.93
213.20000 -62.94
213.25000 -62.93
213.30000 -62.94
213.35000 -62.94
213.40000 -62.93
213.45000 -62.93
213.50000 -62.93
213.55000 -62.93
213.60000 -62.94
213.65000 -62.93
213.70000 -62.93
213.75000 -62.93
213.80000 -62.93
213.85000 -62.93
213.90000 -62.93
213.95000 -62.93
214.00000 -62.93
214.05000 -62.93
214.10000 -62.93
214.15000 -62.93
214.20000 -62.93
214.25000 -62.93
214.30000 -62.93
214.35000 -62.93
214.40000 -62.93
214.45000 -62.93
214.50000 -62.93
214.55000 -62.93
214.60000 -62.93
214.65000 -62.93
214.70000 -62.93
214.75000 -62.93
214.80000 -62.93
214.85000 -62.93
214.90000 -62.93
214.95000 -62.93
215.00000 -62.93
215.05000 -62.93
215.10000 -62.93
215.15000 -62.93
215.20000 -62.93
215.25000 -62.93
215.30000 -62.93
215.35000 -62.93
215.40000 -62.93
215.45000 -62.93
215.50000 -62.93
215.55000 -62.93
215.60000 -62.93
215.65000 -62.93
215.70000 -62.93
215.75000 -62.93
215.80000 -62.93
215.85000 -62.93
215.90000 -62.93
215.95000 -62.93
216.00000 -62.93
216.05000 -62.93
216.10000 -62.93
216.15000 -62.93
216.20000 -62.93
216.25000 -62.93
216.30000 -62.93
216.35000 -62.93
216.40000 -62.93
216.45000 -62.93
216.50000 -62.93
216.55000 -62.93
216.60000 -62.93
216.65000 -62.93
216.70000 -62.93
216.75000 -62.93
216.80000 -62.93
216.85000 -62.93
216.90000 -62.93
216.95000 -62.93
217.00000 -62.93
217.05000 -62.93
217.10000 -62.93
217.15000 -62.93
217.20000 -62.93
217.25000 -62.93
217.30000 -62.93
217.35000 -62.93
217.40000 -62.93
217.45000 -62.93
217.50000 -62.93
217.55000 -62.93
217.60000 -62.93
217.65000 -62.93
217.70000 -62.93
217.75000 -62.93
217.80000 -62.93
217.85000 -62.93
217.90000 -62.93
217.95000 -62.93
218.00000 -62.93
218.05000 -62.93
218.10000 -62.93
218.15000 -62.94
218.20000 -62.93
218.25000 -62.93
218.30000 -62.93
218.35000 -62.93
218.40000 -62.93
218.45000 -62.93
218.50000 -62.94
218.55000 -62.93
218.60000 -62.93
218.65000 -62.93
218.70000 -62.93
218.75000 -62.94
218.80000 -62.93
218.85000 -62.93
218.90000 -62.94
218.95000 -62.94
219.00000 -62.94
219.05000 -62.94
219.10000 -62.94
219.15000 -62.94
219.20000 -62.94
219.25000 -62.94
219.30000 -62.94
219.35000 -62.94
219.40000 -62.94
219.45000 -62.94
219.50000 -62.94
219.55000 -62.94
219.60000 -62.94
219.65000 -62.94
219.70000 -62.94
219.75000 -62.94
219.80000 -62.93
219.85000 -62.93
219.90000 -62.93
219.95000 -62.93
220.00000 -62.93
220.05000 -62.93
220.10000 -62.93
220.15000 -62.93
220.20000 -62.93
220.25000 -62.93
220.30000 -62.93
220.35000 -62.93
220.40000 -62.93
220.45000 -62.93
220.50000 -62.93
220.55000 -62.93
220.60000 -62.93
220.65000 -62.93
220.70000 -62.93
220.75000 -62.93
220.80000 -62.93
220.85000 -62.93
220.90000 -62.93
220.95000 -62.93
221.00000 -62.93
221.05000 -62.94
221.10000 -62.93
221.15000 -62.94
221.20000 -62.93
221.25000 -62.93
221.30000 -62.93
221.35000 -62.93
221.40000 -62.93
221.45000 -62.93
221.50000 -62.93
221.55000 -62.93
221.60000 -62.93
221.65000 -62.93
221.70000 -62.93
221.75000 -62.93
221.80000 -62.93
221.85000 -62.93
221.90000 -62.93
221.95000 -62.93
222.00000 -62.93
222.05000 -62.93
222.10000 -62.93
222.15000 -62.93
222.20000 -62.93
222.25000 -62.93
222.30000 -62.93
222.35000 -62.93
222.40000 -62.93
222.45000 -62.93
222.50000 -62.93
222.55000 -62.93
222.60000 -62.93
222.65000 -62.93
222.70000 -62.93
222.75000 -62.93
222.80000 -62.93
222.85000 -62.93
222.90000 -62.93
222.95000 -62.94
223.00000 -62.94
223.05000 -62.94
223.10000 -62.93
223.15000 -62.94
223.20000 -62.94
223.25000 -62.94
223.30000 -62.94
223.35000 -62.94
223.40000 -62.94
223.45000 -62.94
223.50000 -62.94
223.55000 -62.94
223.60000 -62.94
223.65000 -62.94
223.70000 -62.94
223.75000 -62.94
223.80000 -62.94
223.85000 -62.94
223.90000 -62.94
223.95000 -62.94
224.00000 -62.94
224.05000 -62.94
224.10000 -62.94
224.15000 -62.94
224.20000 -62.94
224.25000 -62.94
224.30000 -62.94
224.35000 -62.94
224.40000 -62.94
224.45000 -62.94
224.50000 -62.94
224.55000 -62.94
224.60000 -62.94
224.65000 -62.94
224.70000 -62.94
224.75000 -62.94
224.80000 -62.94
224.85000 -62.94
224.90000 -62.94
224.95000 -62.94
225.00000 -62.94
225.05000 -62.94
225.10000 -62.94
225.15000 -62.94
225.20000 -62.94
225.25000 -62.95
225.30000 -62.95
225.35000 -62.95
225.40000 -62.95
225.45000 -62.95
225.50000 -62.95
225.55000 -62.95
225.60000 -62.95
225.65000 -62.95
225.70000 -62.95
225.75000 -62.95
225.80000 -62.95
225.85000 -62.95
225.90000 -62.95
225.95000 -62.95
226.00000 -62.95
226.05000 -62.95
226.10000 -62.95
226.15000 -62.95
226.20000 -62.95
226.25000 -62.95
226.30000 -62.95
226.35000 -62.94
226.40000 -62.94
226.45000 -62.94
226.50000 -62.94
226.55000 -62.94
226.60000 -62.94
226.65000 -62.94
226.70000 -62.94
226.75000 -62.94
226.80000 -62.94
226.85000 -62.94
226.90000 -62.94
226.95000 -62.94
227.00000 -62.93
227.05000 -62.93
227.10000 -62.93
227.15000 -62.93
227.20000 -62.93
227.25000 -62.93
227.30000 -62.93
227.35000 -62.94
227.40000 -62.93
227.45000 -62.94
227.50000 -62.94
227.55000 -62.94
227.60000 -62.93
227.65000 -62.94
227.70000 -62.94
227.75000 -62.94
227.80000 -62.94
227.85000 -62.94
227.90000 -62.94
227.95000 -62.93
228.00000 -62.93
228.05000 -62.93
228.10000 -62.93
228.15000 -62.93
228.20000 -62.93
228.25000 -62.93
228.30000 -62.93
228.35000 -62.94
228.40000 -62.94
228.45000 -62.93
228.50000 -62.93
228.55000 -62.94
228.60000 -62.94
228.65000 -62.94
228.70000 -62.94
228.75000 -62.94
228.80000 -62.94
228.85000 -62.94
228.90000 -62.94
228.95000 -62.94
229.00000 -62.94
229.05000 -62.94
229.10000 -62.94
229.15000 -62.94
229.20000 -62.94
229.25000 -62.94
229.30000 -62.94
229.35000 -62.94
229.40000 -62.94
229.45000 -62.94
229.50000 -62.94
229.55000 -62.94
229.60000 -62.94
229.65000 -62.94
229.70000 -62.94
229.75000 -62.94
229.80000 -62.94
229.85000 -62.94
229.90000 -62.94
229.95000 -62.94
230.00000 -62.94
230.05000 -62.94
230.10000 -62.94
230.15000 -62.94
230.20000 -62.94
230.25000 -62.94
230.30000 -62.94
230.35000 -62.94
230.40000 -62.94
230.45000 -62.94
230.50000 -62.94
230.55000 -62.94
230.60000 -62.94
230.65000 -62.94
230.70000 -62.94
230.75000 -62.94
230.80000 -62.94
230.85000 -62.94
230.90000 -62.94
230.95000 -62.94
231.00000 -62.94
231.05000 -62.94
231.10000 -62.94
231.15000 -62.94
231.20000 -62.94
231.25000 -62.94
231.30000 -62.94
231.35000 -62.94
231.40000 -62.94
231.45000 -62.94
231.50000 -62.94
231.55000 -62.94
231.60000 -62.95
231.65000 -62.95
231.70000 -62.95
231.75000 -62.95
231.80000 -62.95
231.85000 -62.95
231.90000 -62.95
231.95000 -62.95
232.00000 -62.95
232.05000 -62.95
232.10000 -62.95
232.15000 -62.95
232.20000 -62.95
232.25000 -62.95
232.30000 -62.95
232.35000 -62.95
232.40000 -62.95
232.45000 -62.95
232.50000 -62.95
232.55000 -62.95
232.60000 -62.95
232.65000 -62.95
232.70000 -62.95
232.75000 -62.95
232.80000 -62.95
232.85000 -62.95
232.90000 -62.95
232.95000 -62.95
233.00000 -62.95
233.05000 -62.95
233.10000 -62.95
233.15000 -62.95
233.20000 -62.95
233.25000 -62.95
233.30000 -62.95
233.35000 -62.94
233.40000 -62.94
233.45000 -62.94
233.50000 -62.94
233.55000 -62.94
233.60000 -62.94
233.65000 -62.94
233.70000 -62.94
233.75000 -62.94
233.80000 -62.94
233.85000 -62.94
233.90000 -62.94
233.95000 -62.94
234.00000 -62.94
234.05000 -62.94
234.10000 -62.94
234.15000 -62.94
234.20000 -62.94
234.25000 -62.94
234.30000 -62.94
234.35000 -62.95
234.40000 -62.94
234.45000 -62.94
234.50000 -62.94
234.55000 -62.94
234.60000 -62.94
234.65000 -62.94
234.70000 -62.94
234.75000 -62.94
234.80000 -62.94
234.85000 -62.94
234.90000 -62.94
234.95000 -62.94
235.00000 -62.94
235.05000 -62.94
235.10000 -62.94
235.15000 -62.94
235.20000 -62.94
235.25000 -62.94
235.30000 -62.94
235.35000 -62.94
235.40000 -62.94
235.45000 -62.94
235.50000 -62.94
235.55000 -62.94
235.60000 -62.94
235.65000 -62.93
235.70000 -62.93
235.75000 -62.94
235.80000 -62.93
235.85000 -62.93
235.90000 -62.93
235.95000 -62.93
236.00000 -62.94
236.05000 -62.94
236.10000 -62.94
236.15000 -62.94
236.20000 -62.94
236.25000 -62.94
236.30000 -62.94
236.35000 -62.94
236.40000 -62.94
236.45000 -62.94
236.50000 -62.94
236.55000 -62.94
236.60000 -62.94
236.65000 -62.94
236.70000 -62.94
236.75000 -62.94
236.80000 -62.94
236.85000 -62.94
236.90000 -62.94
236.95000 -62.94
237.00000 -62.94
237.05000 -62.94
237.10000 -62.94
237.15000 -62.94
237.20000 -62.93
237.25000 -62.93
237.30000 -62.94
237.35000 -62.93
237.40000 -62.93
237.45000 -62.93
237.50000 -62.93
237.55000 -62.93
237.60000 -62.93
237.65000 -62.93
237.70000 -62.93
237.75000 -62.93
237.80000 -62.93
237.85000 -62.94
237.90000 -62.94
237.95000 -62.94
238.00000 -62.94
238.05000 -62.94
238.10000 -62.94
238.15000 -62.94
238.20000 -62.94
238.25000 -62.94
238.30000 -62.94
238.35000 -62.94
238.40000 -62.94
238.45000 -62.94
238.50000 -62.94
238.55000 -62.94
238.60000 -62.94
238.65000 -62.94
238.70000 -62.94
238.75000 -62.94
238.80000 -62.94
238.85000 -62.94
238.90000 -62.94
238.95000 -62.94
239.00000 -62.94
239.05000 -62.94
239.10000 -62.94
239.15000 -62.94
239.20000 -62.95
239.25000 -62.95
239.30000 -62.95
239.35000 -62.95
239.40000 -62.95
239.45000 -62.95
239.50000 -62.95
239.55000 -62.95
239.60000 -62.95
239.65000 -62.95
239.70000 -62.95
239.75000 -62.95
239.80000 -62.95
239.85000 -62.95
239.90000 -62.95
239.95000 -62.95
240.00000 -62.95
240.05000 -62.95
240.10000 -62.94
240.15000 -62.94
240.20000 -62.94
240.25000 -62.94
240.30000 -62.94
240.35000 -62.94
240.40000 -62.94
240.45000 -62.94
240.50000 -62.94
240.55000 -62.94
240.60000 -62.94
240.65000 -62.94
240.70000 -62.94
240.75000 -62.94
240.80000 -62.94
240.85000 -62.94
240.90000 -62.93
240.95000 -62.93
241.00000 -62.93
241.05000 -62.93
241.10000 -62.93
241.15000 -62.93
241.20000 -62.93
241.25000 -62.93
241.30000 -62.93
241.35000 -62.93
241.40000 -62.93
241.45000 -62.93
241.50000 -62.93
241.55000 -62.93
241.60000 -62.93
241.65000 -62.93
241.70000 -62.93
241.75000 -62.93
241.80000 -62.93
241.85000 -62.93
241.90000 -62.93
241.95000 -62.93
242.00000 -62.93
242.05000 -62.93
242.10000 -62.93
242.15000 -62.93
242.20000 -62.94
242.25000 -62.94
242.30000 -62.93
242.35000 -62.94
242.40000 -62.94
242.45000 -62.94
242.50000 -62.94
242.55000 -62.94
242.60000 -62.94
242.65000 -62.94
242.70000 -62.94
242.75000 -62.94
242.80000 -62.94
242.85000 -62.94
242.90000 -62.94
242.95000 -62.94
243.00000 -62.94
243.05000 -62.94
243.10000 -62.94
243.15000 -62.94
243.20000 -62.94
243.25000 -62.94
243.30000 -62.94
243.35000 -62.94
243.40000 -62.94
243.45000 -62.94
243.50000 -62.94
243.55000 -62.94
243.60000 -62.94
243.65000 -62.94
243.70000 -62.94
243.75000 -62.94
243.80000 -62.94
243.85000 -62.94
243.90000 -62.94
243.95000 -62.94
244.00000 -62.94
244.05000 -62.94
244.10000 -62.94
244.15000 -62.94
244.20000 -62.94
244.25000 -62.94
244.30000 -62.95
244.35000 -62.95
244.40000 -62.94
244.45000 -62.94
244.50000 -62.94
244.55000 -62.94
244.60000 -62.95
244.65000 -62.94
244.70000 -62.95
244.75000 -62.95
244.80000 -62.95
244.85000 -62.95
244.90000 -62.95
244.95000 -62.95
245.00000 -62.95
245.05000 -62.95
245.10000 -62.95
245.15000 -62.95
245.20000 -62.95
245.25000 -62.95
245.30000 -62.95
245.35000 -62.95
245.40000 -62.95
245.45000 -62.95
245.50000 -62.95
245.55000 -62.95
245.60000 -62.95
245.65000 -62.95
245.70000 -62.95
245.75000 -62.94
245.80000 -62.94
245.85000 -62.94
245.90000 -62.94
245.95000 -62.94
246.00000 -62.94
246.05000 -62.94
246.10000 -62.94
246.15000 -62.94
246.20000 -62.94
246.25000 -62.94
246.30000 -62.94
246.35000 -62.94
246.40000 -62.94
246.45000 -62.94
246.50000 -62.94
246.55000 -62.94
246.60000 -62.94
246.65000 -62.94
246.70000 -62.94
246.75000 -62.94
246.80000 -62.94
246.85000 -62.94
246.90000 -62.94
246.95000 -62.94
247.00000 -62.94
247.05000 -62.94
247.10000 -62.94
247.15000 -62.94
247.20000 -62.94
247.25000 -62.94
247.30000 -62.94
247.35000 -62.94
247.40000 -62.94
247.45000 -62.94
247.50000 -62.94
247.55000 -62.94
247.60000 -62.94
247.65000 -62.94
247.70000 -62.94
247.75000 -62.94
247.80000 -62.94
247.85000 -62.94
247.90000 -62.94
247.95000 -62.94
248.00000 -62.94
248.05000 -62.94
248.10000 -62.94
248.15000 -62.94
248.20000 -62.94
248.25000 -62.94
248.30000 -62.95
248.35000 -62.95
248.40000 -62.95
248.45000 -62.95
248.50000 -62.95
248.55000 -62.95
248.60000 -62.95
248.65000 -62.95
248.70000 -62.95
248.75000 -62.95
248.80000 -62.95
248.85000 -62.95
248.90000 -62.95
248.95000 -62.95
249.00000 -62.95
249.05000 -62.95
249.10000 -62.95
249.15000 -62.95
249.20000 -62.95
249.25000 -62.95
249.30000 -62.95
249.35000 -62.95
249.40000 -62.95
249.45000 -62.95
249.50000 -62.95
249.55000 -62.95
249.60000 -62.95
249.65000 -62.95
249.70000 -62.95
249.75000 -62.95
249.80000 -62.95
249.85000 -62.95
249.90000 -62.95
249.95000 -62.95
250.00000 -62.95
250.05000 -62.95
250.10000 -63.03
250.15000 -63.24
250.20000 -63.34
250.25000 -63.50
250.30000 -63.66
250.35000 -63.82
250.40000 -63.98
250.45000 -64.12
250.50000 -64.25
250.55000 -64.38
250.60000 -64.49
250.65000 -64.60
250.70000 -64.71
250.75000 -64.80
250.80000 -64.89
250.85000 -64.98
250.90000 -65.06
250.95000 -65.13
251.00000 -65.21
251.05000 -65.27
251.10000 -65.34
251.15000 -65.39
251.20000 -65.45
251.25000 -65.50
251.30000 -65.55
251.35000 -65.60
251.40000 -65.64
251.45000 -65.69
251.50000 -65.73
251.55000 -65.76
251.60000 -65.80
251.65000 -65.84
251.70000 -65.87
251.75000 -65.90
251.80000 -65.93
251.85000 -65.96
251.90000 -65.98
251.95000 -66.01
252.00000 -66.03
252.05000 -66.06
252.10000 -66.08
252.15000 -66.10
252.20000 -66.12
252.25000 -66.14
252.30000 -66.16
252.35000 -66.17
252.40000 -66.19
252.45000 -66.20
252.50000 -66.22
252.55000 -66.23
252.60000 -66.24
252.65000 -66.26
252.70000 -66.27
252.75000 -66.28
252.80000 -66.29
252.85000 -66.30
252.90000 -66.31
252.95000 -66.32
253.00000 -66.33
253.05000 -66.34
253.10000 -66.35
253.15000 -66.36
253.20000 -66.37
253.25000 -66.37
253.30000 -66.38
253.35000 -66.39
253.40000 -66.39
253.45000 -66.40
253.50000 -66.41
253.55000 -66.41
253.60000 -66.42
253.65000 -66.42
253.70000 -66.43
253.75000 -66.43
253.80000 -66.44
253.85000 -66.44
253.90000 -66.44
253.95000 -66.45
254.00000 -66.45
254.05000 -66.46
254.10000 -66.46
254.15000 -66.46
254.20000 -66.46
254.25000 -66.47
254.30000 -66.47
254.35000 -66.47
254.40000 -66.48
254.45000 -66.48
254.50000 -66.48
254.55000 -66.49
254.60000 -66.49
254.65000 -66.49
254.70000 -66.49
254.75000 -66.50
254.80000 -66.50
254.85000 -66.50
254.90000 -66.51
254.95000 -66.51
255.00000 -66.51
255.05000 -66.51
255.10000 -66.51
255.15000 -66.51
255.20000 -66.51
255.25000 -66.52
255.30000 -66.52
255.35000 -66.52
255.40000 -66.52
255.45000 -66.52
255.50000 -66.52
255.55000 -66.52
255.60000 -66.53
255.65000 -66.53
255.70000 -66.53
255.75000 -66.53
255.80000 -66.53
255.85000 -66.53
255.90000 -66.53
255.95000 -66.53
256.00000 -66.53
256.05000 -66.53
256.10000 -66.53
256.15000 -66.54
256.20000 -66.54
256.25000 -66.54
256.30000 -66.54
256.35000 -66.54
256.40000 -66.54
256.45000 -66.54
256.50000 -66.54
256.55000 -66.54
256.60000 -66.54
256.65000 -66.54
256.70000 -66.54
256.75000 -66.55
256.80000 -66.55
256.85000 -66.55
256.90000 -66.55
256.95000 -66.55
257.00000 -66.55
257.05000 -66.56
257.10000 -66.56
257.15000 -66.56
257.20000 -66.56
257.25000 -66.56
257.30000 -66.56
257.35000 -66.56
257.40000 -66.56
257.45000 -66.56
257.50000 -66.56
257.55000 -66.56
257.60000 -66.56
257.65000 -66.56
257.70000 -66.56
257.75000 -66.56
257.80000 -66.56
257.85000 -66.56
257.90000 -66.57
257.95000 -66.57
258.00000 -66.56
258.05000 -66.57
258.10000 -66.57
258.15000 -66.57
258.20000 -66.57
258.25000 -66.57
258.30000 -66.57
258.35000 -66.57
258.40000 -66.57
258.45000 -66.57
258.50000 -66.57
258.55000 -66.57
258.60000 -66.57
258.65000 -66.57
258.70000 -66.57
258.75000 -66.57
258.80000 -66.57
258.85000 -66.57
258.90000 -66.57
258.95000 -66.58
259.00000 -66.57
259.05000 -66.58
259.10000 -66.58
259.15000 -66.58
259.20000 -66.58
259.25000 -66.58
259.30000 -66.58
259.35000 -66.58
259.40000 -66.58
259.45000 -66.58
259.50000 -66.58
259.55000 -66.58
259.60000 -66.58
259.65000 -66.58
259.70000 -66.58
259.75000 -66.58
259.80000 -66.58
259.85000 -66.58
259.90000 -66.58
259.95000 -66.58
260.00000 -66.58
260.05000 -66.58
260.10000 -66.58
260.15000 -66.58
260.20000 -66.58
260.25000 -66.58
260.30000 -66.58
260.35000 -66.58
260.40000 -66.58
260.45000 -66.58
260.50000 -66.58
260.55000 -66.58
260.60000 -66.58
260.65000 -66.58
260.70000 -66.58
260.75000 -66.58
260.80000 -66.58
260.85000 -66.58
260.90000 -66.58
260.95000 -66.58
261.00000 -66.58
261.05000 -66.57
261.10000 -66.58
261.15000 -66.58
261.20000 -66.58
261.25000 -66.58
261.30000 -66.58
261.35000 -66.58
261.40000 -66.57
261.45000 -66.57
261.50000 -66.57
261.55000 -66.57
261.60000 -66.57
261.65000 -66.57
261.70000 -66.57
261.75000 -66.57
261.80000 -66.57
261.85000 -66.57
261.90000 -66.57
261.95000 -66.57
262.00000 -66.57
262.05000 -66.57
262.10000 -66.57
262.15000 -66.57
262.20000 -66.57
262.25000 -66.57
262.30000 -66.57
262.35000 -66.57
262.40000 -66.57
262.45000 -66.57
262.50000 -66.57
262.55000 -66.57
262.60000 -66.57
262.65000 -66.57
262.70000 -66.57
262.75000 -66.57
262.80000 -66.57
262.85000 -66.57
262.90000 -66.57
262.95000 -66.57
263.00000 -66.57
263.05000 -66.57
263.10000 -66.57
263.15000 -66.57
263.20000 -66.57
263.25000 -66.57
263.30000 -66.57
263.35000 -66.57
263.40000 -66.57
263.45000 -66.57
263.50000 -66.57
263.55000 -66.57
263.60000 -66.57
263.65000 -66.57
263.70000 -66.57
263.75000 -66.57
263.80000 -66.57
263.85000 -66.57
263.90000 -66.57
263.95000 -66.57
264.00000 -66.57
264.05000 -66.58
264.10000 -66.57
264.15000 -66.57
264.20000 -66.58
264.25000 -66.58
264.30000 -66.58
264.35000 -66.58
264.40000 -66.58
264.45000 -66.58
264.50000 -66.58
264.55000 -66.58
264.60000 -66.58
264.65000 -66.58
264.70000 -66.58
264.75000 -66.58
264.80000 -66.58
264.85000 -66.58
264.90000 -66.58
264.95000 -66.58
265.00000 -66.58
265.05000 -66.58
265.10000 -66.57
265.15000 -66.58
265.20000 -66.58
265.25000 -66.58
265.30000 -66.57
265.35000 -66.57
265.40000 -66.58
265.45000 -66.57
265.50000 -66.57
265.55000 -66.57
265.60000 -66.58
265.65000 -66.57
265.70000 -66.57
265.75000 -66.57
265.80000 -66.57
265.85000 -66.57
265.90000 -66.57
265.95000 -66.58
266.00000 -66.58
266.05000 -66.58
266.10000 -66.58
266.15000 -66.58
266.20000 -66.58
266.25000 -66.58
266.30000 -66.58
266.35000 -66.58
266.40000 -66.58
266.45000 -66.58
266.50000 -66.58
266.55000 -66.58
266.60000 -66.58
266.65000 -66.58
266.70000 -66.58
266.75000 -66.58
266.80000 -66.58
266.85000 -66.59
266.90000 -66.59
266.95000 -66.59
267.00000 -66.59
267.05000 -66.59
267.10000 -66.59
267.15000 -66.59
267.20000 -66.59
267.25000 -66.59
267.30000 -66.59
267.35000 -66.59
267.40000 -66.59
267.45000 -66.58
267.50000 -66.58
267.55000 -66.59
267.60000 -66.59
267.65000 -66.58
267.70000 -66.58
267.75000 -66.58
267.80000 -66.59
267.85000 -66.59
267.90000 -66.59
267.95000 -66.59
268.00000 -66.59
268.05000 -66.59
268.10000 -66.58
268.15000 -66.58
268.20000 -66.58
268.25000 -66.58
268.30000 -66.58
268.35000 -66.58
268.40000 -66.59
268.45000 -66.58
268.50000 -66.58
268.55000 -66.58
268.60000 -66.59
268.65000 -66.59
268.70000 -66.59
268.75000 -66.59
268.80000 -66.59
268.85000 -66.59
268.90000 -66.59
268.95000 -66.59
269.00000 -66.59
269.05000 -66.59
269.10000 -66.59
269.15000 -66.59
269.20000 -66.59
269.25000 -66.59
269.30000 -66.59
269.35000 -66.59
269.40000 -66.58
269.45000 -66.59
269.50000 -66.59
269.55000 -66.59
269.60000 -66.59
269.65000 -66.59
269.70000 -66.59
269.75000 -66.59
269.80000 -66.59
269.85000 -66.59
269.90000 -66.59
269.95000 -66.59
270.00000 -66.59
270.05000 -66.59
270.10000 -66.59
270.15000 -66.59
270.20000 -66.59
270.25000 -66.59
270.30000 -66.59
270.35000 -66.59
270.40000 -66.59
270.45000 -66.59
270.50000 -66.59
270.55000 -66.59
270.60000 -66.59
270.65000 -66.59
270.70000 -66.59
270.75000 -66.59
270.80000 -66.59
270.85000 -66.59
270.90000 -66.58
270.95000 -66.59
271.00000 -66.59
271.05000 -66.58
271.10000 -66.59
271.15000 -66.59
271.20000 -66.59
271.25000 -66.59
271.30000 -66.59
271.35000 -66.59
271.40000 -66.58
271.45000 -66.59
271.50000 -66.58
271.55000 -66.58
271.60000 -66.59
271.65000 -66.59
271.70000 -66.58
271.75000 -66.58
271.80000 -66.58
271.85000 -66.58
271.90000 -66.58
271.95000 -66.58
272.00000 -66.58
272.05000 -66.58
272.10000 -66.58
272.15000 -66.58
272.20000 -66.58
272.25000 -66.59
272.30000 -66.58
272.35000 -66.58
272.40000 -66.58
272.45000 -66.58
272.50000 -66.58
272.55000 -66.58
272.60000 -66.58
272.65000 -66.58
272.70000 -66.59
272.75000 -66.59
272.80000 -66.59
272.85000 -66.59
272.90000 -66.58
272.95000 -66.58
273.00000 -66.58
273.05000 -66.58
273.10000 -66.58
273.15000 -66.58
273.20000 -66.58
273.25000 -66.59
273.30000 -66.58
273.35000 -66.58
273.40000 -66.58
273.45000 -66.58
273.50000 -66.58
273.55000 -66.58
273.60000 -66.58
273.65000 -66.58
273.70000 -66.58
273.75000 -66.59
273.80000 -66.58
273.85000 -66.58
273.90000 -66.58
273.95000 -66.59
274.00000 -66.58
274.05000 -66.58
274.10000 -66.59
274.15000 -66.59
274.20000 -66.59
274.25000 -66.59
274.30000 -66.59
274.35000 -66.59
274.40000 -66.58
274.45000 -66.58
274.50000 -66.59
274.55000 -66.58
274.60000 -66.58
274.65000 -66.59
274.70000 -66.58
274.75000 -66.58
274.80000 -66.58
274.85000 -66.58
274.90000 -66.58
274.95000 -66.58
275.00000 -66.58
275.05000 -66.58
275.10000 -66.58
275.15000 -66.58
275.20000 -66.58
275.25000 -66.58
275.30000 -66.59
275.35000 -66.59
275.40000 -66.59
275.45000 -66.58
275.50000 -66.58
275.55000 -66.58
275.60000 -66.58
275.65000 -66.58
275.70000 -66.59
275.75000 -66.59
275.80000 -66.59
275.85000 -66.59
275.90000 -66.59
275.95000 -66.59
276.00000 -66.59
276.05000 -66.59
276.10000 -66.59
276.15000 -66.58
276.20000 -66.58
276.25000 -66.58
276.30000 -66.58
276.35000 -66.58
276.40000 -66.58
276.45000 -66.58
276.50000 -66.58
276.55000 -66.58
276.60000 -66.58
276.65000 -66.58
276.70000 -66.58
276.75000 -66.58
276.80000 -66.58
276.85000 -66.58
276.90000 -66.58
276.95000 -66.58
277.00000 -66.58
277.05000 -66.58
277.10000 -66.58
277.15000 -66.58
277.20000 -66.58
277.25000 -66.58
277.30000 -66.59
277.35000 -66.59
277.40000 -66.58
277.45000 -66.58
277.50000 -66.59
277.55000 -66.59
277.60000 -66.59
277.65000 -66.59
277.70000 -66.59
277.75000 -66.59
277.80000 -66.59
277.85000 -66.59
277.90000 -66.59
277.95000 -66.59
278.00000 -66.59
278.05000 -66.59
278.10000 -66.59
278.15000 -66.59
278.20000 -66.59
278.25000 -66.59
278.30000 -66.59
278.35000 -66.59
278.40000 -66.59
278.45000 -66.59
278.50000 -66.59
278.55000 -66.59
278.60000 -66.59
278.65000 -66.59
278.70000 -66.59
278.75000 -66.59
278.80000 -66.59
278.85000 -66.59
278.90000 -66.59
278.95000 -66.59
279.00000 -66.59
279.05000 -66.59
279.10000 -66.59
279.15000 -66.59
279.20000 -66.59
279.25000 -66.59
279.30000 -66.59
279.35000 -66.59
279.40000 -66.59
279.45000 -66.59
279.50000 -66.59
279.55000 -66.59
279.60000 -66.59
279.65000 -66.59
279.70000 -66.59
279.75000 -66.59
279.80000 -66.59
279.85000 -66.59
279.90000 -66.59
279.95000 -66.59
280.00000 -66.59
280.05000 -66.59
280.10000 -66.59
280.15000 -66.59
280.20000 -66.60
280.25000 -66.60
280.30000 -66.60
280.35000 -66.60
280.40000 -66.59
280.45000 -66.59
280.50000 -66.59
280.55000 -66.59
280.60000 -66.60
280.65000 -66.59
280.70000 -66.59
280.75000 -66.59
280.80000 -66.59
280.85000 -66.59
280.90000 -66.59
280.95000 -66.59
281.00000 -66.59
281.05000 -66.59
281.10000 -66.59
281.15000 -66.59
281.20000 -66.59
281.25000 -66.59
281.30000 -66.59
281.35000 -66.59
281.40000 -66.59
281.45000 -66.59
281.50000 -66.59
281.55000 -66.59
281.60000 -66.59
281.65000 -66.59
281.70000 -66.59
281.75000 -66.59
281.80000 -66.59
281.85000 -66.59
281.90000 -66.59
281.95000 -66.59
282.00000 -66.59
282.05000 -66.59
282.10000 -66.59
282.15000 -66.59
282.20000 -66.59
282.25000 -66.59
282.30000 -66.60
282.35000 -66.59
282.40000 -66.59
282.45000 -66.60
282.50000 -66.60
282.55000 -66.60
282.60000 -66.60
282.65000 -66.60
282.70000 -66.60
282.75000 -66.60
282.80000 -66.60
282.85000 -66.60
282.90000 -66.60
282.95000 -66.60
283.00000 -66.60
283.05000 -66.60
283.10000 -66.60
283.15000 -66.60
283.20000 -66.60
283.25000 -66.60
283.30000 -66.60
283.35000 -66.60
283.40000 -66.60
283.45000 -66.60
283.50000 -66.60
283.55000 -66.60
283.60000 -66.60
283.65000 -66.60
283.70000 -66.60
283.75000 -66.60
283.80000 -66.60
283.85000 -66.60
283.90000 -66.60
283.95000 -66.60
284.00000 -66.60
284.05000 -66.60
284.10000 -66.60
284.15000 -66.60
284.20000 -66.59
284.25000 -66.59
284.30000 -66.59
284.35000 -66.59
284.40000 -66.59
284.45000 -66.59
284.50000 -66.59
284.55000 -66.59
284.60000 -66.59
284.65000 -66.59
284.70000 -66.59
284.75000 -66.59
284.80000 -66.59
284.85000 -66.59
284.90000 -66.59
284.95000 -66.59
285.00000 -66.59
285.05000 -66.60
285.10000 -66.59
285.15000 -66.60
285.20000 -66.59
285.25000 -66.59
285.30000 -66.59
285.35000 -66.59
285.40000 -66.59
285.45000 -66.59
285.50000 -66.59
285.55000 -66.60
285.60000 -66.59
285.65000 -66.59
285.70000 -66.59
285.75000 -66.59
285.80000 -66.59
285.85000 -66.59
285.90000 -66.59
285.95000 -66.59
286.00000 -66.59
286.05000 -66.59
286.10000 -66.59
286.15000 -66.59
286.20000 -66.59
286.25000 -66.59
286.30000 -66.59
286.35000 -66.59
286.40000 -66.59
286.45000 -66.60
286.50000 -66.59
286.55000 -66.59
286.60000 -66.59
286.65000 -66.59
286.70000 -66.60
286.75000 -66.60
286.80000 -66.59
286.85000 -66.60
286.90000 -66.60
286.95000 -66.60
287.00000 -66.60
287.05000 -66.60
287.10000 -66.60
287.15000 -66.59
287.20000 -66.60
287.25000 -66.59
287.30000 -66.59
287.35000 -66.60
287.40000 -66.60
287.45000 -66.60
287.50000 -66.59
287.55000 -66.59
287.60000 -66.59
287.65000 -66.59
287.70000 -66.59
287.75000 -66.59
287.80000 -66.59
287.85000 -66.59
287.90000 -66.59
287.95000 -66.59
288.00000 -66.59
288.05000 -66.59
288.10000 -66.59
288.15000 -66.59
288.20000 -66.59
288.25000 -66.59
288.30000 -66.59
288.35000 -66.59
288.40000 -66.59
288.45000 -66.59
288.50000 -66.59
288.55000 -66.58
288.60000 -66.58
288.65000 -66.58
288.70000 -66.58
288.75000 -66.58
288.80000 -66.58
288.85000 -66.59
288.90000 -66.59
288.95000 -66.59
289.00000 -66.59
289.05000 -66.58
289.10000 -66.59
289.15000 -66.59
289.20000 -66.59
289.25000 -66.59
289.30000 -66.59
289.35000 -66.59
289.40000 -66.59
289.45000 -66.59
289.50000 -66.59
289.55000 -66.59
289.60000 -66.59
289.65000 -66.59
289.70000 -66.59
289.75000 -66.59
289.80000 -66.59
289.85000 -66.59
289.90000 -66.59
289.95000 -66.59
290.00000 -66.59
290.05000 -66.59
290.10000 -66.59
290.15000 -66.59
290.20000 -66.59
290.25000 -66.59
290.30000 -66.59
290.35000 -66.59
290.40000 -66.59
290.45000 -66.59
290.50000 -66.59
290.55000 -66.59
290.60000 -66.59
290.65000 -66.59
290.70000 -66.59
290.75000 -66.59
290.80000 -66.59
290.85000 -66.59
290.90000 -66.59
290.95000 -66.59
291.00000 -66.60
291.05000 -66.59
291.10000 -66.60
291.15000 -66.60
291.20000 -66.60
291.25000 -66.60
291.30000 -66.60
291.35000 -66.60
291.40000 -66.60
291.45000 -66.60
291.50000 -66.60
291.55000 -66.60
291.60000 -66.60
291.65000 -66.60
291.70000 -66.60
291.75000 -66.60
291.80000 -66.60
291.85000 -66.60
291.90000 -66.60
291.95000 -66.60
292.00000 -66.60
292.05000 -66.60
292.10000 -66.60
292.15000 -66.60
292.20000 -66.60
292.25000 -66.60
292.30000 -66.60
292.35000 -66.60
292.40000 -66.60
292.45000 -66.59
292.50000 -66.60
292.55000 -66.59
292.60000 -66.59
292.65000 -66.59
292.70000 -66.59
292.75000 -66.59
292.80000 -66.59
292.85000 -66.59
292.90000 -66.59
292.95000 -66.59
293.00000 -66.59
293.05000 -66.59
293.10000 -66.59
293.15000 -66.59
293.20000 -66.59
293.25000 -66.59
293.30000 -66.59
293.35000 -66.59
293.40000 -66.59
293.45000 -66.59
293.50000 -66.59
293.55000 -66.59
293.60000 -66.59
293.65000 -66.59
293.70000 -66.59
293.75000 -66.59
293.80000 -66.59
293.85000 -66.59
293.90000 -66.59
293.95000 -66.59
294.00000 -66.59
294.05000 -66.59
294.10000 -66.59
294.15000 -66.59
294.20000 -66.59
294.25000 -66.59
294.30000 -66.59
294.35000 -66.59
294.40000 -66.59
294.45000 -66.59
294.50000 -66.59
294.55000 -66.59
294.60000 -66.59
294.65000 -66.59
294.70000 -66.59
294.75000 -66.59
294.80000 -66.59
294.85000 -66.59
294.90000 -66.60
294.95000 -66.60
295.00000 -66.60
295.05000 -66.60
295.10000 -66.60
295.15000 -66.60
295.20000 -66.60
295.25000 -66.60
295.30000 -66.60
295.35000 -66.60
295.40000 -66.60
295.45000 -66.60
295.50000 -66.59
295.55000 -66.60
295.60000 -66.60
295.65000 -66.60
295.70000 -66.60
295.75000 -66.59
295.80000 -66.60
295.85000 -66.60
295.90000 -66.60
295.95000 -66.60
296.00000 -66.60
296.05000 -66.60
296.10000 -66.60
296.15000 -66.60
296.20000 -66.60
296.25000 -66.60
296.30000 -66.60
296.35000 -66.60
296.40000 -66.60
296.45000 -66.60
296.50000 -66.60
296.55000 -66.60
296.60000 -66.60
296.65000 -66.60
296.70000 -66.60
296.75000 -66.60
296.80000 -66.60
296.85000 -66.60
296.90000 -66.60
296.95000 -66.60
297.00000 -66.60
297.05000 -66.60
297.10000 -66.60
297.15000 -66.60
297.20000 -66.60
297.25000 -66.60
297.30000 -66.60
297.35000 -66.60
297.40000 -66.60
297.45000 -66.60
297.50000 -66.60
297.55000 -66.60
297.60000 -66.60
297.65000 -66.60
297.70000 -66.60
297.75000 -66.60
297.80000 -66.60
297.85000 -66.60
297.90000 -66.60
297.95000 -66.60
298.00000 -66.60
298.05000 -66.60
298.10000 -66.60
298.15000 -66.60
298.20000 -66.60
298.25000 -66.60
298.30000 -66.60
298.35000 -66.60
298.40000 -66.60
298.45000 -66.60
298.50000 -66.61
298.55000 -66.60
298.60000 -66.61
298.65000 -66.60
298.70000 -66.61
298.75000 -66.61
298.80000 -66.61
298.85000 -66.61
298.90000 -66.61
298.95000 -66.61
299.00000 -66.61
299.05000 -66.61
299.10000 -66.61
299.15000 -66.61
299.20000 -66.61
299.25000 -66.61
299.30000 -66.61
299.35000 -66.61
299.40000 -66.61
299.45000 -66.61
299.50000 -66.61
299.55000 -66.61
299.60000 -66.61
299.65000 -66.61
299.70000 -66.61
299.75000 -66.61
299.80000 -66.61
299.85000 -66.61
299.90000 -66.61
299.95000 -66.61
300.00000 -66.61
300.05000 -66.93
300.10000 -66.53
300.15000 -66.31
300.20000 -66.21
300.25000 -66.05
300.30000 -65.88
300.35000 -65.72
300.40000 -65.56
300.45000 -65.42
300.50000 -65.28
300.55000 -65.16
300.60000 -65.04
300.65000 -64.92
300.70000 -64.82
300.75000 -64.72
300.80000 -64.63
300.85000 -64.54
300.90000 -64.46
300.95000 -64.39
301.00000 -64.32
301.05000 -64.25
301.10000 -64.19
301.15000 -64.13
301.20000 -64.07
301.25000 -64.02
301.30000 -63.97
301.35000 -63.92
301.40000 -63.87
301.45000 -63.83
301.50000 -63.79
301.55000 -63.75
301.60000 -63.72
301.65000 -63.68
301.70000 -63.65
301.75000 -63.62
301.80000 -63.59
301.85000 -63.56
301.90000 -63.54
301.95000 -63.51
302.00000 -63.49
302.05000 -63.47
302.10000 -63.45
302.15000 -63.43
302.20000 -63.41
302.25000 -63.39
302.30000 -63.37
302.35000 -63.35
302.40000 -63.34
302.45000 -63.32
302.50000 -63.31
302.55000 -63.30
302.60000 -63.28
302.65000 -63.27
302.70000 -63.26
302.75000 -63.25
302.80000 -63.24
302.85000 -63.22
302.90000 -63.21
302.95000 -63.20
303.00000 -63.19
303.05000 -63.18
303.10000 -63.17
303.15000 -63.17
303.20000 -63.16
303.25000 -63.15
303.30000 -63.14
303.35000 -63.14
303.40000 -63.13
303.45000 -63.13
303.50000 -63.12
303.55000 -63.11
303.60000 -63.11
303.65000 -63.10
303.70000 -63.10
303.75000 -63.09
303.80000 -63.09
303.85000 -63.08
303.90000 -63.08
303.95000 -63.07
304.00000 -63.07
304.05000 -63.06
304.10000 -63.06
304.15000 -63.06
304.20000 -63.06
304.25000 -63.05
304.30000 -63.05
304.35000 -63.05
304.40000 -63.05
304.45000 -63.04
304.50000 -63.04
304.55000 -63.04
304.60000 -63.04
304.65000 -63.04
304.70000 -63.04
304.75000 -63.03
304.80000 -63.03
304.85000 -63.03
304.90000 -63.03
304.95000 -63.03
305.00000 -63.02
305.05000 -63.02
305.10000 -63.02
305.15000 -63.02
305.20000 -63.02
305.25000 -63.02
305.30000 -63.02
305.35000 -63.01
305.40000 -63.01
305.45000 -63.01
305.50000 -63.01
305.55000 -63.01
305.60000 -63.01
305.65000 -63.00
305.70000 -63.00
305.75000 -63.00
305.80000 -63.00
305.85000 -63.00
305.90000 -63.00
305.95000 -63.00
306.00000 -62.99
306.05000 -62.99
306.10000 -62.99
306.15000 -62.99
306.20000 -62.99
306.25000 -62.99
306.30000 -62.99
306.35000 -62.99
306.40000 -62.99
306.45000 -62.99
306.50000 -62.98
306.55000 -62.99
306.60000 -62.98
306.65000 -62.98
306.70000 -62.98
306.75000 -62.98
306.80000 -62.98
306.85000 -62.98
306.90000 -62.98
306.95000 -62.98
307.00000 -62.98
307.05000 -62.98
307.10000 -62.98
307.15000 -62.98
307.20000 -62.97
307.25000 -62.98
307.30000 -62.97
307.35000 -62.97
307.40000 -62.97
307.45000 -62.97
307.50000 -62.97
307.55000 -62.97
307.60000 -62.97
307.65000 -62.97
307.70000 -62.97
307.75000 -62.98
307.80000 -62.97
307.85000 -62.97
307.90000 -62.97
307.95000 -62.98
308.00000 -62.97
308.05000 -62.97
308.10000 -62.97
308.15000 -62.97
308.20000 -62.98
308.25000 -62.97
308.30000 -62.97
308.35000 -62.97
308.40000 -62.97
308.45000 -62.97
308.50000 -62.98
308.55000 -62.98
308.60000 -62.98
308.65000 -62.98
308.70000 -62.98
308.75000 -62.98
308.80000 -62.98
308.85000 -62.97
308.90000 -62.98
308.95000 -62.97
309.00000 -62.97
309.05000 -62.97
309.10000 -62.97
309.15000 -62.97
309.20000 -62.97
309.25000 -62.97
309.30000 -62.97
309.35000 -62.97
309.40000 -62.97
309.45000 -62.97
309.50000 -62.97
309.55000 -62.97
309.60000 -62.97
309.65000 -62.97
309.70000 -62.97
309.75000 -62.97
309.80000 -62.97
309.85000 -62.97
309.90000 -62.97
309.95000 -62.97
310.00000 -62.97
310.05000 -62.97
310.10000 -62.97
310.15000 -62.97
310.20000 -62.97
310.25000 -62.97
310.30000 -62.97
310.35000 -62.97
310.40000 -62.96
310.45000 -62.97
310.50000 -62.97
310.55000 -62.96
310.60000 -62.97
310.65000 -62.97
310.70000 -62.97
310.75000 -62.97
310.80000 -62.96
310.85000 -62.96
310.90000 -62.96
310.95000 -62.96
311.00000 -62.96
311.05000 -62.96
311.10000 -62.96
311.15000 -62.96
311.20000 -62.96
311.25000 -62.96
311.30000 -62.96
311.35000 -62.96
311.40000 -62.96
311.45000 -62.96
311.50000 -62.96
311.55000 -62.96
311.60000 -62.96
311.65000 -62.96
311.70000 -62.96
311.75000 -62.96
311.80000 -62.96
311.85000 -62.96
311.90000 -62.96
311.95000 -62.96
312.00000 -62.97
312.05000 -62.97
312.10000 -62.97
312.15000 -62.97
312.20000 -62.97
312.25000 -62.97
312.30000 -62.96
312.35000 -62.96
312.40000 -62.97
312.45000 -62.96
312.50000 -62.96
312.55000 -62.96
312.60000 -62.96
312.65000 -62.96
312.70000 -62.96
312.75000 -62.97
312.80000 -62.96
312.85000 -62.96
312.90000 -62.96
312.95000 -62.96
313.00000 -62.96
313.05000 -62.96
313.10000 -62.96
313.15000 -62.96
313.20000 -62.96
313.25000 -62.96
313.30000 -62.96
313.35000 -62.96
313.40000 -62.96
313.45000 -62.96
313.50000 -62.96
313.55000 -62.96
313.60000 -62.96
313.65000 -62.96
313.70000 -62.96
313.75000 -62.95
313.80000 -62.95
313.85000 -62.95
313.90000 -62.95
313.95000 -62.95
314.00000 -62.95
314.05000 -62.95
314.10000 -62.96
314.15000 -62.96
314.20000 -62.96
314.25000 -62.96
314.30000 -62.96
314.35000 -62.96
314.40000 -62.96
314.45000 -62.96
314.50000 -62.96
314.55000 -62.96
314.60000 -62.96
314.65000 -62.96
314.70000 -62.96
314.75000 -62.95
314.80000 -62.95
314.85000 -62.96
314.90000 -62.96
314.95000 -62.95
315.00000 -62.95
315.05000 -62.95
315.10000 -62.95
315.15000 -62.95
315.20000 -62.96
315.25000 -62.96
315.30000 -62.95
315.35000 -62.95
315.40000 -62.96
315.45000 -62.96
315.50000 -62.95
315.55000 -62.95
315.60000 -62.95
315.65000 -62.95
315.70000 -62.95
315.75000 -62.95
315.80000 -62.95
315.85000 -62.95
315.90000 -62.95
315.95000 -62.95
316.00000 -62.95
316.05000 -62.95
316.10000 -62.95
316.15000 -62.95
316.20000 -62.95
316.25000 -62.95
316.30000 -62.95
316.35000 -62.95
316.40000 -62.95
316.45000 -62.95
316.50000 -62.95
316.55000 -62.96
316.60000 -62.96
316.65000 -62.95
316.70000 -62.95
316.75000 -62.96
316.80000 -62.96
316.85000 -62.96
316.90000 -62.96
316.95000 -62.96
317.00000 -62.96
317.05000 -62.96
317.10000 -62.96
317.15000 -62.96
317.20000 -62.96
317.25000 -62.96
317.30000 -62.96
317.35000 -62.96
317.40000 -62.96
317.45000 -62.95
317.50000 -62.96
317.55000 -62.96
317.60000 -62.96
317.65000 -62.96
317.70000 -62.95
317.75000 -62.96
317.80000 -62.96
317.85000 -62.95
317.90000 -62.96
317.95000 -62.96
318.00000 -62.95
318.05000 -62.96
318.10000 -62.96
318.15000 -62.96
318.20000 -62.96
318.25000 -62.96
318.30000 -62.96
318.35000 -62.96
318.40000 -62.95
318.45000 -62.95
318.50000 -62.95
318.55000 -62.95
318.60000 -62.95
318.65000 -62.95
318.70000 -62.95
318.75000 -62.95
318.80000 -62.95
318.85000 -62.95
318.90000 -62.95
318.95000 -62.95
319.00000 -62.95
319.05000 -62.95
319.10000 -62.95
319.15000 -62.95
319.20000 -62.95
319.25000 -62.95
319.30000 -62.95
319.35000 -62.96
319.40000 -62.96
319.45000 -62.96
319.50000 -62.96
319.55000 -62.96
319.60000 -62.96
319.65000 -62.96
319.70000 -62.95
319.75000 -62.96
319.80000 -62.96
319.85000 -62.96
319.90000 -62.96
319.95000 -62.96
320.00000 -62.96
320.05000 -62.96
320.10000 -62.95
320.15000 -62.96
320.20000 -62.96
320.25000 -62.96
320.30000 -62.95
320.35000 -62.96
320.40000 -62.96
320.45000 -62.96
320.50000 -62.95
320.55000 -62.95
320.60000 -62.95
320.65000 -62.95
320.70000 -62.95
320.75000 -62.95
320.80000 -62.95
320.85000 -62.95
320.90000 -62.95
320.95000 -62.95
321.00000 -62.95
321.05000 -62.95
321.10000 -62.95
321.15000 -62.95
321.20000 -62.95
321.25000 -62.95
321.30000 -62.95
321.35000 -62.95
321.40000 -62.95
321.45000 -62.95
321.50000 -62.95
321.55000 -62.95
321.60000 -62.95
321.65000 -62.95
321.70000 -62.95
321.75000 -62.95
321.80000 -62.95
321.85000 -62.95
321.90000 -62.95
321.95000 -62.95
322.00000 -62.95
322.05000 -62.95
322.10000 -62.95
322.15000 -62.95
322.20000 -62.95
322.25000 -62.95
322.30000 -62.95
322.35000 -62.95
322.40000 -62.95
322.45000 -62.95
322.50000 -62.95
322.55000 -62.95
322.60000 -62.95
322.65000 -62.95
322.70000 -62.95
322.75000 -62.95
322.80000 -62.95
322.85000 -62.95
322.90000 -62.95
322.95000 -62.95
323.00000 -62.95
323.05000 -62.95
323.10000 -62.95
323.15000 -62.95
323.20000 -62.95
323.25000 -62.96
323.30000 -62.95
323.35000 -62.95
323.40000 -62.95
323.45000 -62.95
323.50000 -62.96
323.55000 -62.95
323.60000 -62.96
323.65000 -62.95
323.70000 -62.95
323.75000 -62.95
323.80000 -62.95
323.85000 -62.95
323.90000 -62.95
323.95000 -62.95
324.00000 -62.95
324.05000 -62.95
324.10000 -62.95
324.15000 -62.95
324.20000 -62.95
324.25000 -62.95
324.30000 -62.95
324.35000 -62.95
324.40000 -62.95
324.45000 -62.95
324.50000 -62.95
324.55000 -62.95
324.60000 -62.95
324.65000 -62.95
324.70000 -62.95
324.75000 -62.95
324.80000 -62.95
324.85000 -62.95
324.90000 -62.95
324.95000 -62.95
325.00000 -62.95
325.05000 -62.95
325.10000 -62.95
325.15000 -62.95
325.20000 -62.95
325.25000 -62.95
325.30000 -62.95
325.35000 -62.95
325.40000 -62.95
325.45000 -62.95
325.50000 -62.95
325.55000 -62.95
325.60000 -62.95
325.65000 -62.95
325.70000 -62.95
325.75000 -62.95
325.80000 -62.95
325.85000 -62.95
325.90000 -62.95
325.95000 -62.95
326.00000 -62.95
326.05000 -62.95
326.10000 -62.95
326.15000 -62.95
326.20000 -62.95
326.25000 -62.95
326.30000 -62.95
326.35000 -62.94
326.40000 -62.95
326.45000 -62.94
326.50000 -62.94
326.55000 -62.94
326.60000 -62.94
326.65000 -62.95
326.70000 -62.94
326.75000 -62.94
326.80000 -62.94
326.85000 -62.94
326.90000 -62.94
326.95000 -62.94
327.00000 -62.94
327.05000 -62.94
327.10000 -62.94
327.15000 -62.94
327.20000 -62.94
327.25000 -62.94
327.30000 -62.95
327.35000 -62.95
327.40000 -62.95
327.45000 -62.95
327.50000 -62.95
327.55000 -62.95
327.60000 -62.95
327.65000 -62.95
327.70000 -62.95
327.75000 -62.95
327.80000 -62.95
327.85000 -62.95
327.90000 -62.95
327.95000 -62.94
328.00000 -62.95
328.05000 -62.95
328.10000 -62.95
328.15000 -62.95
328.20000 -62.95
328.25000 -62.95
328.30000 -62.95
328.35000 -62.95
328.40000 -62.95
328.45000 -62.95
328.50000 -62.95
328.55000 -62.95
328.60000 -62.95
328.65000 -62.95
328.70000 -62.95
328.75000 -62.95
328.80000 -62.95
328.85000 -62.95
328.90000 -62.95
328.95000 -62.95
329.00000 -62.95
329.05000 -62.95
329.10000 -62.95
329.15000 -62.95
329.20000 -62.95
329.25000 -62.95
329.30000 -62.95
329.35000 -62.95
329.40000 -62.95
329.45000 -62.95
329.50000 -62.95
329.55000 -62.95
329.60000 -62.95
329.65000 -62.95
329.70000 -62.95
329.75000 -62.95
329.80000 -62.95
329.85000 -62.95
329.90000 -62.95
329.95000 -62.95
330.00000 -62.95
330.05000 -62.95
330.10000 -62.95
330.15000 -62.95
330.20000 -62.95
330.25000 -62.95
330.30000 -62.95
330.35000 -62.95
330.40000 -62.95
330.45000 -62.95
330.50000 -62.95
330.55000 -62.95
330.60000 -62.95
330.65000 -62.94
330.70000 -62.94
330.75000 -62.95
330.80000 -62.95
330.85000 -62.95
330.90000 -62.95
330.95000 -62.95
331.00000 -62.95
331.05000 -62.95
331.10000 -62.95
331.15000 -62.95
331.20000 -62.95
331.25000 -62.95
331.30000 -62.95
331.35000 -62.95
331.40000 -62.95
331.45000 -62.95
331.50000 -62.95
331.55000 -62.95
331.60000 -62.95
331.65000 -62.94
331.70000 -62.95
331.75000 -62.95
331.80000 -62.95
331.85000 -62.94
331.90000 -62.94
331.95000 -62.94
332.00000 -62.94
332.05000 -62.94
332.10000 -62.94
332.15000 -62.94
332.20000 -62.94
332.25000 -62.95
332.30000 -62.95
332.35000 -62.95
332.40000 -62.95
332.45000 -62.95
332.50000 -62.95
332.55000 -62.95
332.60000 -62.95
332.65000 -62.95
332.70000 -62.95
332.75000 -62.95
332.80000 -62.95
332.85000 -62.95
332.90000 -62.95
332.95000 -62.95
333.00000 -62.95
333.05000 -62.95
333.10000 -62.94
333.15000 -62.94
333.20000 -62.94
333.25000 -62.95
333.30000 -62.95
333.35000 -62.95
333.40000 -62.95
333.45000 -62.95
333.50000 -62.95
333.55000 -62.95
333.60000 -62.95
333.65000 -62.95
333.70000 -62.95
333.75000 -62.95
333.80000 -62.95
333.85000 -62.95
333.90000 -62.95
333.95000 -62.95
334.00000 -62.95
334.05000 -62.95
334.10000 -62.95
334.15000 -62.95
334.20000 -62.95
334.25000 -62.95
334.30000 -62.95
334.35000 -62.95
334.40000 -62.95
334.45000 -62.95
334.50000 -62.95
334.55000 -62.95
334.60000 -62.95
334.65000 -62.95
334.70000 -62.95
334.75000 -62.95
334.80000 -62.95
334.85000 -62.95
334.90000 -62.95
334.95000 -62.95
335.00000 -62.95
335.05000 -62.95
335.10000 -62.96
335.15000 -62.95
335.20000 -62.96
335.25000 -62.96
335.30000 -62.96
335.35000 -62.96
335.40000 -62.96
335.45000 -62.96
335.50000 -62.96
335.55000 -62.96
335.60000 -62.96
335.65000 -62.96
335.70000 -62.96
335.75000 -62.96
335.80000 -62.96
335.85000 -62.96
335.90000 -62.96
335.95000 -62.95
336.00000 -62.96
336.05000 -62.96
336.10000 -62.96
336.15000 -62.96
336.20000 -62.96
336.25000 -62.96
336.30000 -62.96
336.35000 -62.95
336.40000 -62.96
336.45000 -62.95
336.50000 -62.95
336.55000 -62.96
336.60000 -62.96
336.65000 -62.96
336.70000 -62.95
336.75000 -62.95
336.80000 -62.95
336.85000 -62.95
336.90000 -62.95
336.95000 -62.95
337.00000 -62.95
337.05000 -62.96
337.10000 -62.96
337.15000 -62.96
337.20000 -62.96
337.25000 -62.96
337.30000 -62.95
337.35000 -62.95
337.40000 -62.95
337.45000 -62.95
337.50000 -62.95
337.55000 -62.95
337.60000 -62.95
337.65000 -62.95
337.70000 -62.95
337.75000 -62.95
337.80000 -62.95
337.85000 -62.95
337.90000 -62.95
337.95000 -62.95
338.00000 -62.95
338.05000 -62.95
338.10000 -62.95
338.15000 -62.95
338.20000 -62.95
338.25000 -62.95
338.30000 -62.95
338.35000 -62.95
338.40000 -62.95
338.45000 -62.95
338.50000 -62.95
338.55000 -62.95
338.60000 -62.95
338.65000 -62.95
338.70000 -62.95
338.75000 -62.95
338.80000 -62.95
338.85000 -62.95
338.90000 -62.95
338.95000 -62.95
339.00000 -62.95
339.05000 -62.95
339.10000 -62.95
339.15000 -62.95
339.20000 -62.95
339.25000 -62.95
339.30000 -62.95
339.35000 -62.95
339.40000 -62.95
339.45000 -62.95
339.50000 -62.95
339.55000 -62.95
339.60000 -62.95
339.65000 -62.95
339.70000 -62.96
339.75000 -62.95
339.80000 -62.95
339.85000 -62.95
339.90000 -62.95
339.95000 -62.95
340.00000 -62.95
340.05000 -62.95
340.10000 -62.95
340.15000 -62.95
340.20000 -62.95
340.25000 -62.95
340.30000 -62.95
340.35000 -62.95
340.40000 -62.96
340.45000 -62.96
340.50000 -62.96
340.55000 -62.95
340.60000 -62.96
340.65000 -62.96
340.70000 -62.95
340.75000 -62.96
340.80000 -62.96
340.85000 -62.96
340.90000 -62.95
340.95000 -62.95
341.00000 -62.95
341.05000 -62.95
341.10000 -62.95
341.15000 -62.95
341.20000 -62.95
341.25000 -62.95
341.30000 -62.95
341.35000 -62.95
341.40000 -62.95
341.45000 -62.95
341.50000 -62.95
341.55000 -62.95
341.60000 -62.95
341.65000 -62.95
341.70000 -62.95
341.75000 -62.95
341.80000 -62.95
341.85000 -62.95
341.90000 -62.95
341.95000 -62.95
342.00000 -62.95
342.05000 -62.95
342.10000 -62.95
342.15000 -62.95
342.20000 -62.95
342.25000 -62.95
342.30000 -62.96
342.35000 -62.95
342.40000 -62.95
342.45000 -62.95
342.50000 -62.95
342.55000 -62.95
342.60000 -62.95
342.65000 -62.95
342.70000 -62.95
342.75000 -62.95
342.80000 -62.95
342.85000 -62.95
342.90000 -62.95
342.95000 -62.95
343.00000 -62.95
343.05000 -62.95
343.10000 -62.95
343.15000 -62.95
343.20000 -62.95
343.25000 -62.96
343.30000 -62.96
343.35000 -62.95
343.40000 -62.95
343.45000 -62.95
343.50000 -62.96
343.55000 -62.96
343.60000 -62.95
343.65000 -62.95
343.70000 -62.96
343.75000 -62.95
343.80000 -62.95
343.85000 -62.95
343.90000 -62.95
343.95000 -62.95
344.00000 -62.95
344.05000 -62.95
344.10000 -62.95
344.15000 -62.96
344.20000 -62.96
344.25000 -62.96
344.30000 -62.96
344.35000 -62.96
344.40000 -62.96
344.45000 -62.95
344.50000 -62.95
344.55000 -62.95
344.60000 -62.95
344.65000 -62.95
344.70000 -62.95
344.75000 -62.95
344.80000 -62.95
344.85000 -62.95
344.90000 -62.95
344.95000 -62.95
345.00000 -62.95
345.05000 -62.95
345.10000 -62.95
345.15000 -62.95
345.20000 -62.95
345.25000 -62.95
345.30000 -62.95
345.35000 -62.95
345.40000 -62.95
345.45000 -62.95
345.50000 -62.95
345.55000 -62.95
345.60000 -62.95
345.65000 -62.95
345.70000 -62.95
345.75000 -62.95
345.80000 -62.95
345.85000 -62.95
345.90000 -62.95
345.95000 -62.95
346.00000 -62.95
346.05000 -62.95
346.10000 -62.95
346.15000 -62.95
346.20000 -62.95
346.25000 -62.95
346.30000 -62.95
346.35000 -62.95
346.40000 -62.95
346.45000 -62.95
346.50000 -62.95
346.55000 -62.95
346.60000 -62.95
346.65000 -62.95
346.70000 -62.95
346.75000 -62.95
346.80000 -62.95
346.85000 -62.95
346.90000 -62.95
346.95000 -62.95
347.00000 -62.95
347.05000 -62.95
347.10000 -62.95
347.15000 -62.95
347.20000 -62.95
347.25000 -62.95
347.30000 -62.95
347.35000 -62.95
347.40000 -62.95
347.45000 -62.95
347.50000 -62.95
347.55000 -62.95
347.60000 -62.95
347.65000 -62.95
347.70000 -62.95
347.75000 -62.95
347.80000 -62.95
347.85000 -62.95
347.90000 -62.95
347.95000 -62.95
348.00000 -62.95
348.05000 -62.95
348.10000 -62.95
348.15000 -62.96
348.20000 -62.96
348.25000 -62.96
348.30000 -62.96
348.35000 -62.95
348.40000 -62.95
348.45000 -62.95
348.50000 -62.95
348.55000 -62.95
348.60000 -62.96
348.65000 -62.96
348.70000 -62.95
348.75000 -62.95
348.80000 -62.95
348.85000 -62.95
348.90000 -62.95
348.95000 -62.95
349.00000 -62.95
349.05000 -62.95
349.10000 -62.95
349.15000 -62.95
349.20000 -62.95
349.25000 -62.95
349.30000 -62.95
349.35000 -62.95
349.40000 -62.95
349.45000 -62.95
349.50000 -62.95
349.55000 -62.95
349.60000 -62.95
349.65000 -62.95
349.70000 -62.95
349.75000 -62.95
349.80000 -62.95
349.85000 -62.95
349.90000 -62.95
349.95000 -62.95
350.00000 -62.95
350.05000 -62.95
350.10000 -62.95
350.15000 -62.95
350.20000 -62.95
350.25000 -62.95
350.30000 -62.95
350.35000 -62.95
350.40000 -62.95
350.45000 -62.95
350.50000 -62.95
350.55000 -62.95
350.60000 -62.95
350.65000 -62.95
350.70000 -62.95
350.75000 -62.95
350.80000 -62.95
350.85000 -62.95
350.90000 -62.95
350.95000 -62.95
351.00000 -62.95
351.05000 -62.95
351.10000 -62.95
351.15000 -62.95
351.20000 -62.95
351.25000 -62.95
351.30000 -62.95
351.35000 -62.95
351.40000 -62.95
351.45000 -62.96
351.50000 -62.96
351.55000 -62.96
351.60000 -62.96
351.65000 -62.96
351.70000 -62.96
351.75000 -62.96
351.80000 -62.96
351.85000 -62.95
351.90000 -62.95
351.95000 -62.96
352.00000 -62.96
352.05000 -62.96
352.10000 -62.96
352.15000 -62.96
352.20000 -62.96
352.25000 -62.96
352.30000 -62.96
352.35000 -62.96
352.40000 -62.96
352.45000 -62.95
352.50000 -62.95
352.55000 -62.95
352.60000 -62.95
352.65000 -62.95
352.70000 -62.95
352.75000 -62.95
352.80000 -62.95
352.85000 -62.95
352.90000 -62.95
352.95000 -62.95
353.00000 -62.95
353.05000 -62.95
353.10000 -62.95
353.15000 -62.95
353.20000 -62.95
353.25000 -62.95
353.30000 -62.95
353.35000 -62.95
353.40000 -62.95
353.45000 -62.95
353.50000 -62.95
353.55000 -62.95
353.60000 -62.95
353.65000 -62.95
353.70000 -62.95
353.75000 -62.95
353.80000 -62.95
353.85000 -62.95
353.90000 -62.95
353.95000 -62.95
354.00000 -62.95
354.05000 -62.95
354.10000 -62.95
354.15000 -62.95
354.20000 -62.95
354.25000 -62.95
354.30000 -62.95
354.35000 -62.95
354.40000 -62.95
354.45000 -62.95
354.50000 -62.95
354.55000 -62.95
354.60000 -62.95
354.65000 -62.95
354.70000 -62.95
354.75000 -62.95
354.80000 -62.95
354.85000 -62.95
354.90000 -62.95
354.95000 -62.95
355.00000 -62.95
355.05000 -62.95
355.10000 -62.95
355.15000 -62.95
355.20000 -62.95
355.25000 -62.95
355.30000 -62.95
355.35000 -62.95
355.40000 -62.94
355.45000 -62.94
355.50000 -62.94
355.55000 -62.94
355.60000 -62.94
355.65000 -62.94
355.70000 -62.94
355.75000 -62.94
355.80000 -62.94
355.85000 -62.94
355.90000 -62.94
355.95000 -62.95
356.00000 -62.94
356.05000 -62.94
356.10000 -62.95
356.15000 -62.95
356.20000 -62.95
356.25000 -62.95
356.30000 -62.95
356.35000 -62.95
356.40000 -62.95
356.45000 -62.95
356.50000 -62.95
356.55000 -62.95
356.60000 -62.95
356.65000 -62.95
356.70000 -62.95
356.75000 -62.95
356.80000 -62.95
356.85000 -62.95
356.90000 -62.95
356.95000 -62.95
357.00000 -62.95
357.05000 -62.95
357.10000 -62.95
357.15000 -62.95
357.20000 -62.95
357.25000 -62.95
357.30000 -62.95
357.35000 -62.95
357.40000 -62.95
357.45000 -62.95
357.50000 -62.95
357.55000 -62.95
357.60000 -62.95
357.65000 -62.95
357.70000 -62.95
357.75000 -62.95
357.80000 -62.95
357.85000 -62.95
357.90000 -62.95
357.95000 -62.95
358.00000 -62.95
358.05000 -62.95
358.10000 -62.95
358.15000 -62.95
358.20000 -62.96
358.25000 -62.96
358.30000 -62.96
358.35000 -62.95
358.40000 -62.95
358.45000 -62.96
358.50000 -62.95
358.55000 -62.95
358.60000 -62.95
358.65000 -62.96
358.70000 -62.96
358.75000 -62.95
358.80000 -62.95
358.85000 -62.95
358.90000 -62.96
358.95000 -62.95
359.00000 -62.95
359.05000 -62.96
359.10000 -62.96
359.15000 -62.95
359.20000 -62.96
359.25000 -62.96
359.30000 -62.96
359.35000 -62.96
359.40000 -62.96
359.45000 -62.96
359.50000 -62.95
359.55000 -62.95
359.60000 -62.95
359.65000 -62.95
359.70000 -62.95
359.75000 -62.95
359.80000 -62.95
359.85000 -62.95
359.90000 -62.95
359.95000 -62.95
360.00000 -62.95
360.05000 -62.95
360.10000 -62.95
360.15000 -62.95
360.20000 -62.95
360.25000 -62.94
360.30000 -62.94
360.35000 -62.94
360.40000 -62.94
360.45000 -62.94
360.50000 -62.94
360.55000 -62.94
360.60000 -62.94
360.65000 -62.94
360.70000 -62.94
360.75000 -62.94
360.80000 -62.94
360.85000 -62.94
360.90000 -62.94
360.95000 -62.94
361.00000 -62.94
361.05000 -62.94
361.10000 -62.94
361.15000 -62.94
361.20000 -62.94
361.25000 -62.94
361.30000 -62.94
361.35000 -62.94
361.40000 -62.94
361.45000 -62.94
361.50000 -62.94
361.55000 -62.94
361.60000 -62.94
361.65000 -62.94
361.70000 -62.94
361.75000 -62.94
361.80000 -62.94
361.85000 -62.94
361.90000 -62.94
361.95000 -62.95
362.00000 -62.94
362.05000 -62.95
362.10000 -62.95
362.15000 -62.95
362.20000 -62.95
362.25000 -62.95
362.30000 -62.95
362.35000 -62.95
362.40000 -62.95
362.45000 -62.95
362.50000 -62.95
362.55000 -62.95
362.60000 -62.95
362.65000 -62.95
362.70000 -62.95
362.75000 -62.95
362.80000 -62.95
362.85000 -62.95
362.90000 -62.95
362.95000 -62.95
363.00000 -62.95
363.05000 -62.95
363.10000 -62.95
363.15000 -62.95
363.20000 -62.95
363.25000 -62.95
363.30000 -62.95
363.35000 -62.95
363.40000 -62.95
363.45000 -62.95
363.50000 -62.95
363.55000 -62.95
363.60000 -62.95
363.65000 -62.95
363.70000 -62.95
363.75000 -62.95
363.80000 -62.95
363.85000 -62.95
363.90000 -62.95
363.95000 -62.95
364.00000 -62.95
364.05000 -62.95
364.10000 -62.95
364.15000 -62.95
364.20000 -62.95
364.25000 -62.95
364.30000 -62.95
364.35000 -62.95
364.40000 -62.95
364.45000 -62.95
364.50000 -62.95
364.55000 -62.95
364.60000 -62.95
364.65000 -62.95
364.70000 -62.95
364.75000 -62.95
364.80000 -62.95
364.85000 -62.95
364.90000 -62.95
364.95000 -62.95
365.00000 -62.95
365.05000 -62.95
365.10000 -62.95
365.15000 -62.95
365.20000 -62.95
365.25000 -62.95
365.30000 -62.95
365.35000 -62.95
365.40000 -62.95
365.45000 -62.95
365.50000 -62.95
365.55000 -62.95
365.60000 -62.95
365.65000 -62.95
365.70000 -62.95
365.75000 -62.95
365.80000 -62.95
365.85000 -62.95
365.90000 -62.95
365.95000 -62.95
366.00000 -62.95
366.05000 -62.95
366.10000 -62.95
366.15000 -62.95
366.20000 -62.95
366.25000 -62.95
366.30000 -62.95
366.35000 -62.95
366.40000 -62.95
366.45000 -62.95
366.50000 -62.95
366.55000 -62.95
366.60000 -62.94
366.65000 -62.94
366.70000 -62.95
366.75000 -62.95
366.80000 -62.95
366.85000 -62.95
366.90000 -62.95
366.95000 -62.95
367.00000 -62.95
367.05000 -62.94
367.10000 -62.94
367.15000 -62.94
367.20000 -62.94
367.25000 -62.94
367.30000 -62.94
367.35000 -62.95
367.40000 -62.95
367.45000 -62.95
367.50000 -62.95
367.55000 -62.95
367.60000 -62.95
367.65000 -62.95
367.70000 -62.95
367.75000 -62.95
367.80000 -62.95
367.85000 -62.95
367.90000 -62.95
367.95000 -62.95
368.00000 -62.95
368.05000 -62.95
368.10000 -62.95
368.15000 -62.95
368.20000 -62.95
368.25000 -62.95
368.30000 -62.95
368.35000 -62.94
368.40000 -62.94
368.45000 -62.94
368.50000 -62.94
368.55000 -62.94
368.60000 -62.94
368.65000 -62.94
368.70000 -62.94
368.75000 -62.94
368.80000 -62.94
368.85000 -62.95
368.90000 -62.94
368.95000 -62.95
369.00000 -62.94
369.05000 -62.94
369.10000 -62.95
369.15000 -62.95
369.20000 -62.95
369.25000 -62.95
369.30000 -62.95
369.35000 -62.95
369.40000 -62.95
369.45000 -62.95
369.50000 -62.95
369.55000 -62.95
369.60000 -62.95
369.65000 -62.95
369.70000 -62.95
369.75000 -62.95
369.80000 -62.95
369.85000 -62.95
369.90000 -62.95
369.95000 -62.95
370.00000 -62.95
370.05000 -62.95
370.10000 -62.95
370.15000 -62.95
370.20000 -62.95
370.25000 -62.95
370.30000 -62.95
370.35000 -62.95
370.40000 -62.95
370.45000 -62.95
370.50000 -62.95
370.55000 -62.95
370.60000 -62.95
370.65000 -62.95
370.70000 -62.95
370.75000 -62.95
370.80000 -62.95
370.85000 -62.95
370.90000 -62.95
370.95000 -62.95
371.00000 -62.95
371.05000 -62.95
371.10000 -62.94
371.15000 -62.94
371.20000 -62.94
371.25000 -62.95
371.30000 -62.95
371.35000 -62.95
371.40000 -62.95
371.45000 -62.95
371.50000 -62.95
371.55000 -62.95
371.60000 -62.95
371.65000 -62.95
371.70000 -62.95
371.75000 -62.95
371.80000 -62.95
371.85000 -62.95
371.90000 -62.95
371.95000 -62.95
372.00000 -62.95
372.05000 -62.95
372.10000 -62.95
372.15000 -62.95
372.20000 -62.95
372.25000 -62.95
372.30000 -62.95
372.35000 -62.95
372.40000 -62.95
372.45000 -62.95
372.50000 -62.95
372.55000 -62.95
372.60000 -62.95
372.65000 -62.95
372.70000 -62.95
372.75000 -62.95
372.80000 -62.95
372.85000 -62.95
372.90000 -62.95
372.95000 -62.95
373.00000 -62.95
373.05000 -62.95
373.10000 -62.95
373.15000 -62.95
373.20000 -62.95
373.25000 -62.96
373.30000 -62.96
373.35000 -62.95
373.40000 -62.95
373.45000 -62.95
373.50000 -62.95
373.55000 -62.95
373.60000 -62.95
373.65000 -62.95
373.70000 -62.95
373.75000 -62.96
373.80000 -62.95
373.85000 -62.95
373.90000 -62.95
373.95000 -62.95
374.00000 -62.96
374.05000 -62.95
374.10000 -62.95
374.15000 -62.95
374.20000 -62.95
374.25000 -62.95
374.30000 -62.95
374.35000 -62.95
374.40000 -62.95
374.45000 -62.96
374.50000 -62.95
374.55000 -62.95
374.60000 -62.95
374.65000 -62.95
374.70000 -62.96
374.75000 -62.96
374.80000 -62.96
374.85000 -62.96
374.90000 -62.95
374.95000 -62.95
375.00000 -62.95
375.05000 -62.95
375.10000 -62.95
375.15000 -62.95
375.20000 -62.95
375.25000 -62.95
375.30000 -62.95
375.35000 -62.95
375.40000 -62.95
375.45000 -62.95
375.50000 -62.95
375.55000 -62.95
375.60000 -62.95
375.65000 -62.95
375.70000 -62.95
375.75000 -62.95
375.80000 -62.95
375.85000 -62.96
375.90000 -62.95
375.95000 -62.95
376.00000 -62.95
376.05000 -62.95
376.10000 -62.95
376.15000 -62.95
376.20000 -62.95
376.25000 -62.95
376.30000 -62.95
376.35000 -62.95
376.40000 -62.95
376.45000 -62.94
376.50000 -62.94
376.55000 -62.95
376.60000 -62.94
376.65000 -62.94
376.70000 -62.94
376.75000 -62.94
376.80000 -62.94
376.85000 -62.94
376.90000 -62.94
376.95000 -62.94
377.00000 -62.94
377.05000 -62.94
377.10000 -62.94
377.15000 -62.94
377.20000 -62.94
377.25000 -62.94
377.30000 -62.94
377.35000 -62.94
377.40000 -62.94
377.45000 -62.94
377.50000 -62.94
377.55000 -62.94
377.60000 -62.94
377.65000 -62.94
377.70000 -62.94
377.75000 -62.94
377.80000 -62.94
377.85000 -62.94
377.90000 -62.94
377.95000 -62.94
378.00000 -62.94
378.05000 -62.95
378.10000 -62.94
378.15000 -62.94
378.20000 -62.94
378.25000 -62.95
378.30000 -62.95
378.35000 -62.95
378.40000 -62.94
378.45000 -62.95
378.50000 -62.94
378.55000 -62.95
378.60000 -62.95
378.65000 -62.95
378.70000 -62.95
378.75000 -62.95
378.80000 -62.95
378.85000 -62.95
378.90000 -62.95
378.95000 -62.95
379.00000 -62.95
379.05000 -62.95
379.10000 -62.95
379.15000 -62.95
379.20000 -62.95
379.25000 -62.95
379.30000 -62.95
379.35000 -62.95
379.40000 -62.95
379.45000 -62.95
379.50000 -62.95
379.55000 -62.95
379.60000 -62.95
379.65000 -62.95
379.70000 -62.96
379.75000 -62.96
379.80000 -62.96
379.85000 -62.96
379.90000 -62.96
379.95000 -62.96
380.00000 -62.96
380.05000 -62.95
380.10000 -62.96
380.15000 -62.96
380.20000 -62.96
380.25000 -62.96
380.30000 -62.96
380.35000 -62.96
380.40000 -62.95
380.45000 -62.96
380.50000 -62.96
380.55000 -62.95
380.60000 -62.96
380.65000 -62.96
380.70000 -62.96
380.75000 -62.96
380.80000 -62.96
380.85000 -62.95
380.90000 -62.95
380.95000 -62.95
381.00000 -62.95
381.05000 -62.95
381.10000 -62.95
381.15000 -62.95
381.20000 -62.95
381.25000 -62.95
381.30000 -62.95
381.35000 -62.95
381.40000 -62.95
381.45000 -62.95
381.50000 -62.95
381.55000 -62.95
381.60000 -62.95
381.65000 -62.95
381.70000 -62.95
381.75000 -62.95
381.80000 -62.95
381.85000 -62.95
381.90000 -62.95
381.95000 -62.95
382.00000 -62.95
382.05000 -62.95
382.10000 -62.94
382.15000 -62.94
382.20000 -62.94
382.25000 -62.94
382.30000 -62.94
382.35000 -62.94
382.40000 -62.94
382.45000 -62.94
382.50000 -62.95
382.55000 -62.94
382.60000 -62.94
382.65000 -62.94
382.70000 -62.94
382.75000 -62.94
382.80000 -62.94
382.85000 -62.94
382.90000 -62.94
382.95000 -62.94
383.00000 -62.94
383.05000 -62.94
383.10000 -62.94
383.15000 -62.94
383.20000 -62.94
383.25000 -62.94
383.30000 -62.94
383.35000 -62.94
383.40000 -62.94
383.45000 -62.94
383.50000 -62.94
383.55000 -62.94
383.60000 -62.94
383.65000 -62.94
383.70000 -62.94
383.75000 -62.94
383.80000 -62.94
383.85000 -62.94
383.90000 -62.94
383.95000 -62.94
384.00000 -62.94
384.05000 -62.94
384.10000 -62.94
384.15000 -62.94
384.20000 -62.93
384.25000 -62.94
384.30000 -62.94
384.35000 -62.94
384.40000 -62.94
384.45000 -62.94
384.50000 -62.94
384.55000 -62.94
384.60000 -62.94
384.65000 -62.94
384.70000 -62.94
384.75000 -62.94
384.80000 -62.94
384.85000 -62.94
384.90000 -62.94
384.95000 -62.94
385.00000 -62.94
385.05000 -62.94
385.10000 -62.94
385.15000 -62.94
385.20000 -62.94
385.25000 -62.94
385.30000 -62.94
385.35000 -62.94
385.40000 -62.94
385.45000 -62.94
385.50000 -62.94
385.55000 -62.94
385.60000 -62.94
385.65000 -62.94
385.70000 -62.94
385.75000 -62.94
385.80000 -62.94
385.85000 -62.94
385.90000 -62.94
385.95000 -62.94
386.00000 -62.94
386.05000 -62.94
386.10000 -62.94
386.15000 -62.94
386.20000 -62.94
386.25000 -62.94
386.30000 -62.94
386.35000 -62.94
386.40000 -62.94
386.45000 -62.94
386.50000 -62.94
386.55000 -62.94
386.60000 -62.94
386.65000 -62.93
386.70000 -62.93
386.75000 -62.93
386.80000 -62.93
386.85000 -62.93
386.90000 -62.93
386.95000 -62.93
387.00000 -62.93
387.05000 -62.93
387.10000 -62.93
387.15000 -62.93
387.20000 -62.93
387.25000 -62.93
387.30000 -62.93
387.35000 -62.94
387.40000 -62.94
387.45000 -62.94
387.50000 -62.93
387.55000 -62.94
387.60000 -62.94
387.65000 -62.94
387.70000 -62.94
387.75000 -62.94
387.80000 -62.94
387.85000 -62.94
387.90000 -62.94
387.95000 -62.94
388.00000 -62.94
388.05000 -62.95
388.10000 -62.95
388.15000 -62.95
388.20000 -62.95
388.25000 -62.95
388.30000 -62.95
388.35000 -62.95
388.40000 -62.95
388.45000 -62.95
388.50000 -62.95
388.55000 -62.95
388.60000 -62.95
388.65000 -62.95
388.70000 -62.95
388.75000 -62.95
388.80000 -62.95
388.85000 -62.95
388.90000 -62.96
388.95000 -62.96
389.00000 -62.96
389.05000 -62.96
389.10000 -62.96
389.15000 -62.96
389.20000 -62.96
389.25000 -62.96
389.30000 -62.95
389.35000 -62.95
389.40000 -62.95
389.45000 -62.95
389.50000 -62.95
389.55000 -62.95
389.60000 -62.95
389.65000 -62.95
389.70000 -62.95
389.75000 -62.95
389.80000 -62.95
389.85000 -62.95
389.90000 -62.95
389.95000 -62.95
390.00000 -62.95
390.05000 -62.95
390.10000 -62.95
390.15000 -62.96
390.20000 -62.96
390.25000 -62.95
390.30000 -62.95
390.35000 -62.95
390.40000 -62.95
390.45000 -62.95
390.50000 -62.95
390.55000 -62.95
390.60000 -62.95
390.65000 -62.95
390.70000 -62.96
390.75000 -62.95
390.80000 -62.96
390.85000 -62.96
390.90000 -62.96
390.95000 -62.95
391.00000 -62.95
391.05000 -62.95
391.10000 -62.95
391.15000 -62.95
391.20000 -62.95
391.25000 -62.95
391.30000 -62.95
391.35000 -62.95
391.40000 -62.95
391.45000 -62.95
391.50000 -62.95
391.55000 -62.95
391.60000 -62.95
391.65000 -62.95
391.70000 -62.95
391.75000 -62.95
391.80000 -62.95
391.85000 -62.95
391.90000 -62.95
391.95000 -62.95
392.00000 -62.95
392.05000 -62.95
392.10000 -62.95
392.15000 -62.95
392.20000 -62.95
392.25000 -62.95
392.30000 -62.95
392.35000 -62.95
392.40000 -62.95
392.45000 -62.95
392.50000 -62.95
392.55000 -62.95
392.60000 -62.95
392.65000 -62.95
392.70000 -62.95
392.75000 -62.95
392.80000 -62.95
392.85000 -62.95
392.90000 -62.95
392.95000 -62.95
393.00000 -62.95
393.05000 -62.95
393.10000 -62.95
393.15000 -62.95
393.20000 -62.95
393.25000 -62.95
393.30000 -62.95
393.35000 -62.95
393.40000 -62.95
393.45000 -62.95
393.50000 -62.95
393.55000 -62.95
393.60000 -62.95
393.65000 -62.95
393.70000 -62.95
393.75000 -62.95
393.80000 -62.95
393.85000 -62.95
393.90000 -62.95
393.95000 -62.95
394.00000 -62.95
394.05000 -62.95
394.10000 -62.95
394.15000 -62.95
394.20000 -62.95
394.25000 -62.95
394.30000 -62.95
394.35000 -62.95
394.40000 -62.95
394.45000 -62.95
394.50000 -62.95
394.55000 -62.95
394.60000 -62.95
394.65000 -62.95
394.70000 -62.95
394.75000 -62.95
394.80000 -62.95
394.85000 -62.95
394.90000 -62.95
394.95000 -62.95
395.00000 -62.95
395.05000 -62.96
395.10000 -62.96
395.15000 -62.96
395.20000 -62.96
395.25000 -62.95
395.30000 -62.96
395.35000 -62.96
395.40000 -62.96
395.45000 -62.96
395.50000 -62.96
395.55000 -62.96
395.60000 -62.96
395.65000 -62.96
395.70000 -62.96
395.75000 -62.96
395.80000 -62.96
395.85000 -62.96
395.90000 -62.96
395.95000 -62.96
396.00000 -62.96
396.05000 -62.96
396.10000 -62.96
396.15000 -62.96
396.20000 -62.96
396.25000 -62.96
396.30000 -62.96
396.35000 -62.96
396.40000 -62.96
396.45000 -62.96
396.50000 -62.96
396.55000 -62.96
396.60000 -62.96
396.65000 -62.96
396.70000 -62.96
396.75000 -62.96
396.80000 -62.95
396.85000 -62.96
396.90000 -62.95
396.95000 -62.95
397.00000 -62.95
397.05000 -62.95
397.10000 -62.95
397.15000 -62.95
397.20000 -62.95
397.25000 -62.95
397.30000 -62.95
397.35000 -62.95
397.40000 -62.95
397.45000 -62.95
397.50000 -62.95
397.55000 -62.95
397.60000 -62.95
397.65000 -62.95
397.70000 -62.95
397.75000 -62.94
397.80000 -62.94
397.85000 -62.94
397.90000 -62.94
397.95000 -62.94
398.00000 -62.94
398.05000 -62.94
398.10000 -62.94
398.15000 -62.94
398.20000 -62.94
398.25000 -62.94
398.30000 -62.94
398.35000 -62.94
398.40000 -62.94
398.45000 -62.94
398.50000 -62.94
398.55000 -62.94
398.60000 -62.94
398.65000 -62.94
398.70000 -62.93
398.75000 -62.93
398.80000 -62.94
398.85000 -62.94
398.90000 -62.93
398.95000 -62.93
399.00000 -62.93
399.05000 -62.93
399.10000 -62.93
399.15000 -62.93
399.20000 -62.93
399.25000 -62.93
399.30000 -62.93
399.35000 -62.93
399.40000 -62.93
399.45000 -62.93
399.50000 -62.93
399.55000 -62.93
399.60000 -62.93
399.65000 -62.93
399.70000 -62.93
399.75000 -62.93
399.80000 -62.93
399.85000 -62.93
399.90000 -62.93
399.95000 -62.93
400.00000 -62.94
400.05000 -62.94
400.10000 -62.94
400.15000 -62.94
400.20000 -62.94
400.25000 -62.94
400.30000 -62.94
400.35000 -62.94
400.40000 -62.94
400.45000 -62.94
400.50000 -62.94
400.55000 -62.94
400.60000 -62.94
400.65000 -62.94
400.70000 -62.94
400.75000 -62.94
400.80000 -62.94
400.85000 -62.94
400.90000 -62.94
400.95000 -62.93
401.00000 -62.94
401.05000 -62.94
401.10000 -62.94
401.15000 -62.94
401.20000 -62.94
401.25000 -62.94
401.30000 -62.94
401.35000 -62.94
401.40000 -62.94
401.45000 -62.94
401.50000 -62.94
401.55000 -62.94
401.60000 -62.94
401.65000 -62.94
401.70000 -62.94
401.75000 -62.94
401.80000 -62.94
401.85000 -62.94
401.90000 -62.94
401.95000 -62.94
402.00000 -62.94
402.05000 -62.94
402.10000 -62.94
402.15000 -62.94
402.20000 -62.93
402.25000 -62.93
402.30000 -62.93
402.35000 -62.93
402.40000 -62.93
402.45000 -62.93
402.50000 -62.93
402.55000 -62.93
402.60000 -62.93
402.65000 -62.93
402.70000 -62.94
402.75000 -62.94
402.80000 -62.94
402.85000 -62.94
402.90000 -62.94
402.95000 -62.94
403.00000 -62.94
403.05000 -62.94
403.10000 -62.94
403.15000 -62.95
403.20000 -62.95
403.25000 -62.95
403.30000 -62.95
403.35000 -62.95
403.40000 -62.95
403.45000 -62.95
403.50000 -62.95
403.55000 -62.95
403.60000 -62.95
403.65000 -62.95
403.70000 -62.95
403.75000 -62.95
403.80000 -62.95
403.85000 -62.95
403.90000 -62.95
403.95000 -62.95
404.00000 -62.95
404.05000 -62.95
404.10000 -62.95
404.15000 -62.95
404.20000 -62.95
404.25000 -62.95
404.30000 -62.95
404.35000 -62.95
404.40000 -62.95
404.45000 -62.95
404.50000 -62.95
404.55000 -62.95
404.60000 -62.95
404.65000 -62.95
404.70000 -62.95
404.75000 -62.94
404.80000 -62.94
404.85000 -62.94
404.90000 -62.94
404.95000 -62.94
405.00000 -62.94
405.05000 -62.94
405.10000 -62.94
405.15000 -62.94
405.20000 -62.94
405.25000 -62.94
405.30000 -62.94
405.35000 -62.94
405.40000 -62.94
405.45000 -62.94
405.50000 -62.94
405.55000 -62.94
405.60000 -62.94
405.65000 -62.94
405.70000 -62.94
405.75000 -62.94
405.80000 -62.94
405.85000 -62.94
405.90000 -62.94
405.95000 -62.94
406.00000 -62.94
406.05000 -62.94
406.10000 -62.94
406.15000 -62.94
406.20000 -62.94
406.25000 -62.94
406.30000 -62.94
406.35000 -62.94
406.40000 -62.94
406.45000 -62.94
406.50000 -62.94
406.55000 -62.94
406.60000 -62.94
406.65000 -62.94
406.70000 -62.94
406.75000 -62.94
406.80000 -62.94
406.85000 -62.94
406.90000 -62.94
406.95000 -62.94
407.00000 -62.94
407.05000 -62.94
407.10000 -62.94
407.15000 -62.94
407.20000 -62.94
407.25000 -62.94
407.30000 -62.95
407.35000 -62.94
407.40000 -62.94
407.45000 -62.94
407.50000 -62.94
407.55000 -62.95
407.60000 -62.95
407.65000 -62.94
407.70000 -62.94
407.75000 -62.94
407.80000 -62.95
407.85000 -62.94
407.90000 -62.94
407.95000 -62.94
408.00000 -62.94
408.05000 -62.95
408.10000 -62.95
408.15000 -62.95
408.20000 -62.95
408.25000 -62.94
408.30000 -62.94
408.35000 -62.94
408.40000 -62.94
408.45000 -62.94
408.50000 -62.94
408.55000 -62.94
408.60000 -62.95
408.65000 -62.94
408.70000 -62.94
408.75000 -62.94
408.80000 -62.95
408.85000 -62.95
408.90000 -62.95
408.95000 -62.94
409.00000 -62.94
409.05000 -62.94
409.10000 -62.94
409.15000 -62.94
409.20000 -62.94
409.25000 -62.94
409.30000 -62.94
409.35000 -62.94
409.40000 -62.94
409.45000 -62.95
409.50000 -62.94
409.55000 -62.94
409.60000 -62.94
409.65000 -62.94
409.70000 -62.94
409.75000 -62.94
409.80000 -62.94
409.85000 -62.94
409.90000 -62.94
409.95000 -62.94
410.00000 -62.94
410.05000 -62.94
410.10000 -62.94
410.15000 -62.94
410.20000 -62.94
410.25000 -62.94
410.30000 -62.94
410.35000 -62.94
410.40000 -62.94
410.45000 -62.94
410.50000 -62.94
410.55000 -62.94
410.60000 -62.94
410.65000 -62.94
410.70000 -62.93
410.75000 -62.94
410.80000 -62.93
410.85000 -62.93
410.90000 -62.93
410.95000 -62.93
411.00000 -62.93
411.05000 -62.93
411.10000 -62.93
411.15000 -62.93
411.20000 -62.93
411.25000 -62.93
411.30000 -62.93
411.35000 -62.93
411.40000 -62.93
411.45000 -62.93
411.50000 -62.93
411.55000 -62.93
411.60000 -62.93
411.65000 -62.93
411.70000 -62.93
411.75000 -62.93
411.80000 -62.93
411.85000 -62.93
411.90000 -62.93
411.95000 -62.93
412.00000 -62.93
412.05000 -62.93
412.10000 -62.93
412.15000 -62.93
412.20000 -62.93
412.25000 -62.93
412.30000 -62.93
412.35000 -62.93
412.40000 -62.93
412.45000 -62.93
412.50000 -62.93
412.55000 -62.93
412.60000 -62.94
412.65000 -62.94
412.70000 -62.94
412.75000 -62.94
412.80000 -62.94
412.85000 -62.94
412.90000 -62.94
412.95000 -62.94
413.00000 -62.94
413.05000 -62.94
413.10000 -62.94
413.15000 -62.94
413.20000 -62.94
413.25000 -62.94
413.30000 -62.94
413.35000 -62.94
413.40000 -62.94
413.45000 -62.94
413.50000 -62.94
413.55000 -62.94
413.60000 -62.94
413.65000 -62.94
413.70000 -62.94
413.75000 -62.94
413.80000 -62.94
413.85000 -62.94
413.90000 -62.94
413.95000 -62.94
414.00000 -62.94
414.05000 -62.94
414.10000 -62.94
414.15000 -62.94
414.20000 -62.94
414.25000 -62.94
414.30000 -62.94
414.35000 -62.95
414.40000 -62.95
414.45000 -62.95
414.50000 -62.95
414.55000 -62.95
414.60000 -62.95
414.65000 -62.95
414.70000 -62.95
414.75000 -62.95
414.80000 -62.95
414.85000 -62.95
414.90000 -62.95
414.95000 -62.95
415.00000 -62.95
415.05000 -62.95
415.10000 -62.95
415.15000 -62.95
415.20000 -62.95
415.25000 -62.95
415.30000 -62.95
415.35000 -62.95
415.40000 -62.95
415.45000 -62.95
415.50000 -62.95
415.55000 -62.95
415.60000 -62.95
415.65000 -62.95
415.70000 -62.95
415.75000 -62.95
415.80000 -62.95
415.85000 -62.95
415.90000 -62.95
415.95000 -62.95
416.00000 -62.95
416.05000 -62.95
416.10000 -62.95
416.15000 -62.95
416.20000 -62.95
416.25000 -62.95
416.30000 -62.95
416.35000 -62.95
416.40000 -62.95
416.45000 -62.95
416.50000 -62.95
416.55000 -62.95
416.60000 -62.95
416.65000 -62.95
416.70000 -62.95
416.75000 -62.95
416.80000 -62.95
416.85000 -62.95
416.90000 -62.95
416.95000 -62.95
417.00000 -62.95
417.05000 -62.95
417.10000 -62.94
417.15000 -62.95
417.20000 -62.95
417.25000 -62.94
417.30000 -62.94
417.35000 -62.95
417.40000 -62.95
417.45000 -62.95
417.50000 -62.95
417.55000 -62.95
417.60000 -62.95
417.65000 -62.94
417.70000 -62.94
417.75000 -62.94
417.80000 -62.94
417.85000 -62.94
417.90000 -62.94
417.95000 -62.94
418.00000 -62.94
418.05000 -62.94
418.10000 -62.94
418.15000 -62.94
418.20000 -62.94
418.25000 -62.94
418.30000 -62.94
418.35000 -62.94
418.40000 -62.94
418.45000 -62.94
418.50000 -62.94
418.55000 -62.94
418.60000 -62.94
418.65000 -62.94
418.70000 -62.94
418.75000 -62.94
418.80000 -62.94
418.85000 -62.94
418.90000 -62.94
418.95000 -62.94
419.00000 -62.94
419.05000 -62.94
419.10000 -62.94
419.15000 -62.94
419.20000 -62.95
419.25000 -62.95
419.30000 -62.95
419.35000 -62.95
419.40000 -62.95
419.45000 -62.95
419.50000 -62.95
419.55000 -62.95
419.60000 -62.95
419.65000 -62.95
419.70000 -62.95
419.75000 -62.95
419.80000 -62.95
419.85000 -62.95
419.90000 -62.95
419.95000 -62.95
420.00000 -62.95
420.05000 -62.95
420.10000 -62.95
420.15000 -62.95
420.20000 -62.95
420.25000 -62.95
420.30000 -62.95
420.35000 -62.95
420.40000 -62.95
420.45000 -62.95
420.50000 -62.95
420.55000 -62.94
420.60000 -62.94
420.65000 -62.94
420.70000 -62.94
420.75000 -62.94
420.80000 -62.94
420.85000 -62.94
420.90000 -62.94
420.95000 -62.94
421.00000 -62.94
421.05000 -62.94
421.10000 -62.94
421.15000 -62.94
421.20000 -62.94
421.25000 -62.94
421.30000 -62.94
421.35000 -62.94
421.40000 -62.94
421.45000 -62.94
421.50000 -62.94
421.55000 -62.95
421.60000 -62.95
421.65000 -62.95
421.70000 -62.95
421.75000 -62.95
421.80000 -62.95
421.85000 -62.95
421.90000 -62.95
421.95000 -62.95
422.00000 -62.95
422.05000 -62.95
422.10000 -62.95
422.15000 -62.95
422.20000 -62.95
422.25000 -62.95
422.30000 -62.95
422.35000 -62.95
422.40000 -62.95
422.45000 -62.95
422.50000 -62.95
422.55000 -62.95
422.60000 -62.95
422.65000 -62.95
422.70000 -62.95
422.75000 -62.95
422.80000 -62.95
422.85000 -62.95
422.90000 -62.95
422.95000 -62.95
423.00000 -62.95
423.05000 -62.95
423.10000 -62.95
423.15000 -62.95
423.20000 -62.95
423.25000 -62.95
423.30000 -62.95
423.35000 -62.94
423.40000 -62.94
423.45000 -62.94
423.50000 -62.94
423.55000 -62.95
423.60000 -62.94
423.65000 -62.94
423.70000 -62.94
423.75000 -62.94
423.80000 -62.94
423.85000 -62.94
423.90000 -62.94
423.95000 -62.94
424.00000 -62.94
424.05000 -62.94
424.10000 -62.94
424.15000 -62.94
424.20000 -62.94
424.25000 -62.94
424.30000 -62.94
424.35000 -62.94
424.40000 -62.94
424.45000 -62.94
424.50000 -62.94
424.55000 -62.94
424.60000 -62.94
424.65000 -62.94
424.70000 -62.94
424.75000 -62.94
424.80000 -62.94
424.85000 -62.94
424.90000 -62.94
424.95000 -62.94
425.00000 -62.94
425.05000 -62.94
425.10000 -62.94
425.15000 -62.94
425.20000 -62.94
425.25000 -62.94
425.30000 -62.94
425.35000 -62.94
425.40000 -62.94
425.45000 -62.94
425.50000 -62.94
425.55000 -62.94
425.60000 -62.94
425.65000 -62.94
425.70000 -62.94
425.75000 -62.94
425.80000 -62.94
425.85000 -62.94
425.90000 -62.94
425.95000 -62.94
426.00000 -62.94
426.05000 -62.94
426.10000 -62.94
426.15000 -62.94
426.20000 -62.94
426.25000 -62.94
426.30000 -62.94
426.35000 -62.94
426.40000 -62.94
426.45000 -62.94
426.50000 -62.94
426.55000 -62.94
426.60000 -62.94
426.65000 -62.94
426.70000 -62.94
426.75000 -62.94
426.80000 -62.94
426.85000 -62.94
426.90000 -62.94
426.95000 -62.94
427.00000 -62.94
427.05000 -62.94
427.10000 -62.94
427.15000 -62.94
427.20000 -62.94
427.25000 -62.94
427.30000 -62.94
427.35000 -62.94
427.40000 -62.94
427.45000 -62.94
427.50000 -62.94
427.55000 -62.94
427.60000 -62.94
427.65000 -62.94
427.70000 -62.94
427.75000 -62.94
427.80000 -62.94
427.85000 -62.94
427.90000 -62.94
427.95000 -62.94
428.00000 -62.94
428.05000 -62.94
428.10000 -62.94
428.15000 -62.95
428.20000 -62.95
428.25000 -62.95
428.30000 -62.95
428.35000 -62.95
428.40000 -62.95
428.45000 -62.95
428.50000 -62.95
428.55000 -62.94
428.60000 -62.95
428.65000 -62.95
428.70000 -62.95
428.75000 -62.95
428.80000 -62.95
428.85000 -62.95
428.90000 -62.95
428.95000 -62.95
429.00000 -62.95
429.05000 -62.95
429.10000 -62.95
429.15000 -62.95
429.20000 -62.95
429.25000 -62.95
429.30000 -62.95
429.35000 -62.95
429.40000 -62.94
429.45000 -62.95
429.50000 -62.95
429.55000 -62.94
429.60000 -62.94
429.65000 -62.95
429.70000 -62.94
429.75000 -62.95
429.80000 -62.95
429.85000 -62.95
429.90000 -62.95
429.95000 -62.95
430.00000 -62.95
430.05000 -62.95
430.10000 -62.95
430.15000 -62.95
430.20000 -62.95
430.25000 -62.95
430.30000 -62.95
430.35000 -62.95
430.40000 -62.95
430.45000 -62.95
430.50000 -62.95
430.55000 -62.95
430.60000 -62.94
430.65000 -62.94
430.70000 -62.95
430.75000 -62.95
430.80000 -62.95
430.85000 -62.95
430.90000 -62.95
430.95000 -62.95
431.00000 -62.95
431.05000 -62.95
431.10000 -62.95
431.15000 -62.95
431.20000 -62.95
431.25000 -62.95
431.30000 -62.95
431.35000 -62.95
431.40000 -62.95
431.45000 -62.95
431.50000 -62.95
431.55000 -62.95
431.60000 -62.95
431.65000 -62.95
431.70000 -62.95
431.75000 -62.95
431.80000 -62.95
431.85000 -62.95
431.90000 -62.95
431.95000 -62.95
432.00000 -62.95
432.05000 -62.95
432.10000 -62.95
432.15000 -62.95
432.20000 -62.95
432.25000 -62.95
432.30000 -62.95
432.35000 -62.95
432.40000 -62.95
432.45000 -62.95
432.50000 -62.95
432.55000 -62.95
432.60000 -62.95
432.65000 -62.95
432.70000 -62.95
432.75000 -62.95
432.80000 -62.95
432.85000 -62.95
432.90000 -62.95
432.95000 -62.95
433.00000 -62.95
433.05000 -62.95
433.10000 -62.95
433.15000 -62.95
433.20000 -62.95
433.25000 -62.95
433.30000 -62.95
433.35000 -62.95
433.40000 -62.95
433.45000 -62.95
433.50000 -62.95
433.55000 -62.95
433.60000 -62.95
433.65000 -62.95
433.70000 -62.95
433.75000 -62.95
433.80000 -62.95
433.85000 -62.95
433.90000 -62.95
433.95000 -62.95
434.00000 -62.95
434.05000 -62.95
434.10000 -62.95
434.15000 -62.95
434.20000 -62.95
434.25000 -62.94
434.30000 -62.94
434.35000 -62.94
434.40000 -62.94
434.45000 -62.94
434.50000 -62.94
434.55000 -62.94
434.60000 -62.94
434.65000 -62.94
434.70000 -62.94
434.75000 -62.94
434.80000 -62.94
434.85000 -62.94
434.90000 -62.94
434.95000 -62.94
435.00000 -62.94
435.05000 -62.94
435.10000 -62.94
435.15000 -62.94
435.20000 -62.94
435.25000 -62.94
435.30000 -62.95
435.35000 -62.95
435.40000 -62.95
435.45000 -62.94
435.50000 -62.94
435.55000 -62.94
435.60000 -62.94
435.65000 -62.94
435.70000 -62.94
435.75000 -62.94
435.80000 -62.94
435.85000 -62.94
435.90000 -62.94
435.95000 -62.95
436.00000 -62.95
436.05000 -62.95
436.10000 -62.95
436.15000 -62.95
436.20000 -62.95
436.25000 -62.95
436.30000 -62.95
436.35000 -62.95
436.40000 -62.95
436.45000 -62.95
436.50000 -62.95
436.55000 -62.95
436.60000 -62.95
436.65000 -62.95
436.70000 -62.95
436.75000 -62.95
436.80000 -62.95
436.85000 -62.95
436.90000 -62.95
436.95000 -62.95
437.00000 -62.95
437.05000 -62.95
437.10000 -62.95
437.15000 -62.96
437.20000 -62.95
437.25000 -62.95
437.30000 -62.95
437.35000 -62.95
437.40000 -62.95
437.45000 -62.95
437.50000 -62.95
437.55000 -62.95
437.60000 -62.95
437.65000 -62.95
437.70000 -62.95
437.75000 -62.95
437.80000 -62.95
437.85000 -62.95
437.90000 -62.95
437.95000 -62.95
438.00000 -62.95
438.05000 -62.95
438.10000 -62.95
438.15000 -62.95
438.20000 -62.95
438.25000 -62.95
438.30000 -62.95
438.35000 -62.95
438.40000 -62.95
438.45000 -62.95
438.50000 -62.95
438.55000 -62.95
438.60000 -62.95
438.65000 -62.95
438.70000 -62.95
438.75000 -62.94
438.80000 -62.95
438.85000 -62.95
438.90000 -62.94
438.95000 -62.95
439.00000 -62.95
439.05000 -62.95
439.10000 -62.95
439.15000 -62.95
439.20000 -62.95
439.25000 -62.95
439.30000 -62.95
439.35000 -62.95
439.40000 -62.95
439.45000 -62.95
439.50000 -62.95
439.55000 -62.95
439.60000 -62.95
439.65000 -62.95
439.70000 -62.95
439.75000 -62.95
439.80000 -62.95
439.85000 -62.95
439.90000 -62.95
439.95000 -62.95
440.00000 -62.95
440.05000 -62.95
440.10000 -62.95
440.15000 -62.95
440.20000 -62.96
440.25000 -62.96
440.30000 -62.96
440.35000 -62.96
440.40000 -62.96
440.45000 -62.95
440.50000 -62.96
440.55000 -62.95
440.60000 -62.95
440.65000 -62.96
440.70000 -62.96
440.75000 -62.96
440.80000 -62.95
440.85000 -62.95
440.90000 -62.95
440.95000 -62.95
441.00000 -62.95
441.05000 -62.95
441.10000 -62.95
441.15000 -62.95
441.20000 -62.95
441.25000 -62.95
441.30000 -62.95
441.35000 -62.95
441.40000 -62.95
441.45000 -62.95
441.50000 -62.95
441.55000 -62.95
441.60000 -62.95
441.65000 -62.95
441.70000 -62.95
441.75000 -62.95
441.80000 -62.95
441.85000 -62.95
441.90000 -62.95
441.95000 -62.95
442.00000 -62.95
442.05000 -62.95
442.10000 -62.95
442.15000 -62.95
442.20000 -62.95
442.25000 -62.95
442.30000 -62.95
442.35000 -62.95
442.40000 -62.95
442.45000 -62.95
442.50000 -62.95
442.55000 -62.95
442.60000 -62.95
442.65000 -62.95
442.70000 -62.95
442.75000 -62.95
442.80000 -62.95
442.85000 -62.95
442.90000 -62.95
442.95000 -62.95
443.00000 -62.95
443.05000 -62.95
443.10000 -62.95
443.15000 -62.95
443.20000 -62.95
443.25000 -62.95
443.30000 -62.95
443.35000 -62.95
443.40000 -62.95
443.45000 -62.95
443.50000 -62.94
443.55000 -62.95
443.60000 -62.95
443.65000 -62.95
443.70000 -62.95
443.75000 -62.95
443.80000 -62.95
443.85000 -62.95
443.90000 -62.95
443.95000 -62.95
444.00000 -62.95
444.05000 -62.95
444.10000 -62.95
444.15000 -62.95
444.20000 -62.95
444.25000 -62.95
444.30000 -62.95
444.35000 -62.95
444.40000 -62.95
444.45000 -62.95
444.50000 -62.95
444.55000 -62.95
444.60000 -62.95
444.65000 -62.95
444.70000 -62.95
444.75000 -62.95
444.80000 -62.95
444.85000 -62.95
444.90000 -62.95
444.95000 -62.95
445.00000 -62.95
445.05000 -62.95
445.10000 -62.95
445.15000 -62.95
445.20000 -62.95
445.25000 -62.95
445.30000 -62.95
445.35000 -62.95
445.40000 -62.95
445.45000 -62.95
445.50000 -62.95
445.55000 -62.95
445.60000 -62.95
445.65000 -62.95
445.70000 -62.95
445.75000 -62.95
445.80000 -62.95
445.85000 -62.95
445.90000 -62.95
445.95000 -62.95
446.00000 -62.95
446.05000 -62.95
446.10000 -62.95
446.15000 -62.95
446.20000 -62.95
446.25000 -62.95
446.30000 -62.95
446.35000 -62.95
446.40000 -62.95
446.45000 -62.95
446.50000 -62.95
446.55000 -62.95
446.60000 -62.95
446.65000 -62.95
446.70000 -62.95
446.75000 -62.95
446.80000 -62.95
446.85000 -62.95
446.90000 -62.95
446.95000 -62.95
447.00000 -62.95
447.05000 -62.95
447.10000 -62.95
447.15000 -62.95
447.20000 -62.95
447.25000 -62.95
447.30000 -62.95
447.35000 -62.95
447.40000 -62.95
447.45000 -62.95
447.50000 -62.95
447.55000 -62.95
447.60000 -62.95
447.65000 -62.95
447.70000 -62.95
447.75000 -62.94
447.80000 -62.94
447.85000 -62.95
447.90000 -62.94
447.95000 -62.94
448.00000 -62.94
448.05000 -62.94
448.10000 -62.94
448.15000 -62.94
448.20000 -62.94
448.25000 -62.94
448.30000 -62.94
448.35000 -62.94
448.40000 -62.94
448.45000 -62.94
448.50000 -62.94
448.55000 -62.94
448.60000 -62.94
448.65000 -62.95
448.70000 -62.95
448.75000 -62.95
448.80000 -62.95
448.85000 -62.95
448.90000 -62.95
448.95000 -62.95
449.00000 -62.95
449.05000 -62.95
449.10000 -62.95
449.15000 -62.95
449.20000 -62.95
449.25000 -62.95
449.30000 -62.95
449.35000 -62.95
449.40000 -62.95
449.45000 -62.95
449.50000 -62.95
449.55000 -62.95
449.60000 -62.96
449.65000 -62.96
449.70000 -62.96
449.75000 -62.96
449.80000 -62.96
449.85000 -62.96
449.90000 -62.96
449.95000 -62.96
450.00000 -62.96
450.05000 -62.96
450.10000 -62.96
450.15000 -62.96
450.20000 -62.96
450.25000 -62.96
450.30000 -62.96
450.35000 -62.96
450.40000 -62.96
450.45000 -62.96
450.50000 -62.96
450.55000 -62.96
450.60000 -62.96
450.65000 -62.96
450.70000 -62.96
450.75000 -62.96
450.80000 -62.96
450.85000 -62.96
450.90000 -62.96
450.95000 -62.96
451.00000 -62.96
451.05000 -62.96
451.10000 -62.96
451.15000 -62.96
451.20000 -62.96
451.25000 -62.96
451.30000 -62.96
451.35000 -62.96
451.40000 -62.96
451.45000 -62.95
451.50000 -62.95
451.55000 -62.95
451.60000 -62.95
451.65000 -62.95
451.70000 -62.95
451.75000 -62.95
451.80000 -62.96
451.85000 -62.95
451.90000 -62.95
451.95000 -62.95
452.00000 -62.95
452.05000 -62.95
452.10000 -62.95
452.15000 -62.95
452.20000 -62.95
452.25000 -62.95
452.30000 -62.95
452.35000 -62.95
452.40000 -62.95
452.45000 -62.95
452.50000 -62.95
452.55000 -62.95
452.60000 -62.95
452.65000 -62.95
452.70000 -62.95
452.75000 -62.95
452.80000 -62.95
452.85000 -62.95
452.90000 -62.95
452.95000 -62.95
453.00000 -62.95
453.05000 -62.95
453.10000 -62.95
453.15000 -62.95
453.20000 -62.95
453.25000 -62.95
453.30000 -62.95
453.35000 -62.95
453.40000 -62.95
453.45000 -62.95
453.50000 -62.95
453.55000 -62.95
453.60000 -62.95
453.65000 -62.95
453.70000 -62.95
453.75000 -62.95
453.80000 -62.95
453.85000 -62.95
453.90000 -62.95
453.95000 -62.95
454.00000 -62.95
454.05000 -62.95
454.10000 -62.96
454.15000 -62.96
454.20000 -62.95
454.25000 -62.95
454.30000 -62.95
454.35000 -62.95
454.40000 -62.95
454.45000 -62.95
454.50000 -62.95
454.55000 -62.95
454.60000 -62.95
454.65000 -62.95
454.70000 -62.94
454.75000 -62.95
454.80000 -62.95
454.85000 -62.95
454.90000 -62.94
454.95000 -62.94
455.00000 -62.94
455.05000 -62.94
455.10000 -62.94
455.15000 -62.94
455.20000 -62.95
455.25000 -62.94
455.30000 -62.95
455.35000 -62.95
455.40000 -62.95
455.45000 -62.95
455.50000 -62.95
455.55000 -62.95
455.60000 -62.95
455.65000 -62.95
455.70000 -62.95
455.75000 -62.95
455.80000 -62.95
455.85000 -62.95
455.90000 -62.95
455.95000 -62.95
456.00000 -62.95
456.05000 -62.95
456.10000 -62.95
456.15000 -62.95
456.20000 -62.95
456.25000 -62.95
456.30000 -62.95
456.35000 -62.96
456.40000 -62.96
456.45000 -62.96
456.50000 -62.96
456.55000 -62.96
456.60000 -62.96
456.65000 -62.96
456.70000 -62.96
456.75000 -62.96
456.80000 -62.96
456.85000 -62.96
456.90000 -62.96
456.95000 -62.96
457.00000 -62.96
457.05000 -62.96
457.10000 -62.96
457.15000 -62.96
457.20000 -62.96
457.25000 -62.96
457.30000 -62.96
457.35000 -62.96
457.40000 -62.96
457.45000 -62.96
457.50000 -62.96
457.55000 -62.95
457.60000 -62.95
457.65000 -62.95
457.70000 -62.95
457.75000 -62.95
457.80000 -62.95
457.85000 -62.95
457.90000 -62.95
457.95000 -62.95
458.00000 -62.95
458.05000 -62.95
458.10000 -62.95
458.15000 -62.95
458.20000 -62.95
458.25000 -62.95
458.30000 -62.95
458.35000 -62.95
458.40000 -62.95
458.45000 -62.95
458.50000 -62.95
458.55000 -62.95
458.60000 -62.95
458.65000 -62.95
458.70000 -62.95
458.75000 -62.95
458.80000 -62.95
458.85000 -62.95
458.90000 -62.95
458.95000 -62.95
459.00000 -62.95
459.05000 -62.95
459.10000 -62.95
459.15000 -62.95
459.20000 -62.95
459.25000 -62.95
459.30000 -62.95
459.35000 -62.95
459.40000 -62.95
459.45000 -62.95
459.50000 -62.95
459.55000 -62.95
459.60000 -62.95
459.65000 -62.95
459.70000 -62.95
459.75000 -62.95
459.80000 -62.95
459.85000 -62.95
459.90000 -62.95
459.95000 -62.95
460.00000 -62.95
460.05000 -62.95
460.10000 -62.95
460.15000 -62.95
460.20000 -62.95
460.25000 -62.95
460.30000 -62.95
460.35000 -62.96
460.40000 -62.95
460.45000 -62.95
460.50000 -62.95
460.55000 -62.95
460.60000 -62.95
460.65000 -62.96
460.70000 -62.96
460.75000 -62.96
460.80000 -62.96
460.85000 -62.96
460.90000 -62.96
460.95000 -62.96
461.00000 -62.96
461.05000 -62.96
461.10000 -62.96
461.15000 -62.96
461.20000 -62.96
461.25000 -62.96
461.30000 -62.96
461.35000 -62.96
461.40000 -62.96
461.45000 -62.95
461.50000 -62.95
461.55000 -62.95
461.60000 -62.95
461.65000 -62.95
461.70000 -62.95
461.75000 -62.95
461.80000 -62.95
461.85000 -62.95
461.90000 -62.95
461.95000 -62.95
462.00000 -62.95
462.05000 -62.95
462.10000 -62.95
462.15000 -62.95
462.20000 -62.96
462.25000 -62.95
462.30000 -62.95
462.35000 -62.95
462.40000 -62.95
462.45000 -62.95
462.50000 -62.95
462.55000 -62.95
462.60000 -62.95
462.65000 -62.95
462.70000 -62.95
462.75000 -62.95
462.80000 -62.95
462.85000 -62.95
462.90000 -62.95
462.95000 -62.95
463.00000 -62.95
463.05000 -62.95
463.10000 -62.95
463.15000 -62.95
463.20000 -62.95
463.25000 -62.95
463.30000 -62.94
463.35000 -62.95
463.40000 -62.95
463.45000 -62.95
463.50000 -62.95
463.55000 -62.95
463.60000 -62.94
463.65000 -62.95
463.70000 -62.95
463.75000 -62.95
463.80000 -62.95
463.85000 -62.95
463.90000 -62.95
463.95000 -62.95
464.00000 -62.95
464.05000 -62.95
464.10000 -62.95
464.15000 -62.95
464.20000 -62.95
464.25000 -62.95
464.30000 -62.95
464.35000 -62.95
464.40000 -62.95
464.45000 -62.95
464.50000 -62.95
464.55000 -62.95
464.60000 -62.95
464.65000 -62.95
464.70000 -62.94
464.75000 -62.94
464.80000 -62.94
464.85000 -62.94
464.90000 -62.94
464.95000 -62.94
465.00000 -62.94
465.05000 -62.94
465.10000 -62.94
465.15000 -62.94
465.20000 -62.94
465.25000 -62.94
465.30000 -62.94
465.35000 -62.94
465.40000 -62.94
465.45000 -62.94
465.50000 -62.94
465.55000 -62.94
465.60000 -62.94
465.65000 -62.94
465.70000 -62.94
465.75000 -62.94
465.80000 -62.94
465.85000 -62.95
465.90000 -62.95
465.95000 -62.94
466.00000 -62.94
466.05000 -62.94
466.10000 -62.94
466.15000 -62.95
466.20000 -62.94
466.25000 -62.94
466.30000 -62.94
466.35000 -62.94
466.40000 -62.94
466.45000 -62.94
466.50000 -62.94
466.55000 -62.94
466.60000 -62.94
466.65000 -62.94
466.70000 -62.94
466.75000 -62.94
466.80000 -62.95
466.85000 -62.94
466.90000 -62.95
466.95000 -62.95
467.00000 -62.94
467.05000 -62.94
467.10000 -62.94
467.15000 -62.95
467.20000 -62.95
467.25000 -62.95
467.30000 -62.95
467.35000 -62.95
467.40000 -62.95
467.45000 -62.95
467.50000 -62.95
467.55000 -62.95
467.60000 -62.95
467.65000 -62.95
467.70000 -62.95
467.75000 -62.95
467.80000 -62.95
467.85000 -62.95
467.90000 -62.95
467.95000 -62.95
468.00000 -62.95
468.05000 -62.95
468.10000 -62.95
468.15000 -62.95
468.20000 -62.95
468.25000 -62.95
468.30000 -62.95
468.35000 -62.95
468.40000 -62.95
468.45000 -62.95
468.50000 -62.95
468.55000 -62.95
468.60000 -62.95
468.65000 -62.95
468.70000 -62.95
468.75000 -62.96
468.80000 -62.96
468.85000 -62.96
468.90000 -62.96
468.95000 -62.96
469.00000 -62.96
469.05000 -62.96
469.10000 -62.96
469.15000 -62.96
469.20000 -62.96
469.25000 -62.96
469.30000 -62.96
469.35000 -62.96
469.40000 -62.96
469.45000 -62.96
469.50000 -62.96
469.55000 -62.96
469.60000 -62.95
469.65000 -62.95
469.70000 -62.95
469.75000 -62.95
469.80000 -62.95
469.85000 -62.95
469.90000 -62.95
469.95000 -62.95
470.00000 -62.95
470.05000 -62.95
470.10000 -62.95
470.15000 -62.95
470.20000 -62.95
470.25000 -62.95
470.30000 -62.95
470.35000 -62.95
470.40000 -62.95
470.45000 -62.95
470.50000 -62.95
470.55000 -62.95
470.60000 -62.95
470.65000 -62.95
470.70000 -62.94
470.75000 -62.94
470.80000 -62.94
470.85000 -62.94
470.90000 -62.94
470.95000 -62.94
471.00000 -62.94
471.05000 -62.94
471.10000 -62.94
471.15000 -62.94
471.20000 -62.94
471.25000 -62.95
471.30000 -62.95
471.35000 -62.95
471.40000 -62.94
471.45000 -62.94
471.50000 -62.94
471.55000 -62.94
471.60000 -62.95
471.65000 -62.95
471.70000 -62.95
471.75000 -62.95
471.80000 -62.94
471.85000 -62.94
471.90000 -62.94
471.95000 -62.94
472.00000 -62.94
472.05000 -62.94
472.10000 -62.94
472.15000 -62.94
472.20000 -62.94
472.25000 -62.94
472.30000 -62.94
472.35000 -62.94
472.40000 -62.94
472.45000 -62.94
472.50000 -62.94
472.55000 -62.94
472.60000 -62.94
472.65000 -62.95
472.70000 -62.95
472.75000 -62.95
472.80000 -62.95
472.85000 -62.95
472.90000 -62.95
472.95000 -62.95
473.00000 -62.95
473.05000 -62.95
473.10000 -62.95
473.15000 -62.95
473.20000 -62.95
473.25000 -62.95
473.30000 -62.95
473.35000 -62.95
473.40000 -62.95
473.45000 -62.94
473.50000 -62.94
473.55000 -62.94
473.60000 -62.95
473.65000 -62.95
473.70000 -62.95
473.75000 -62.95
473.80000 -62.95
473.85000 -62.95
473.90000 -62.95
473.95000 -62.95
474.00000 -62.95
474.05000 -62.95
474.10000 -62.95
474.15000 -62.95
474.20000 -62.95
474.25000 -62.95
474.30000 -62.95
474.35000 -62.95
474.40000 -62.95
474.45000 -62.95
474.50000 -62.95
474.55000 -62.95
474.60000 -62.95
474.65000 -62.95
474.70000 -62.95
474.75000 -62.95
474.80000 -62.95
474.85000 -62.95
474.90000 -62.95
474.95000 -62.95
475.00000 -62.96
475.05000 -62.95
475.10000 -62.95
475.15000 -62.96
475.20000 -62.96
475.25000 -62.96
475.30000 -62.96
475.35000 -62.95
475.40000 -62.96
475.45000 -62.96
475.50000 -62.95
475.55000 -62.96
475.60000 -62.95
475.65000 -62.95
475.70000 -62.95
475.75000 -62.95
475.80000 -62.96
475.85000 -62.95
475.90000 -62.95
475.95000 -62.95
476.00000 -62.95
476.05000 -62.95
476.10000 -62.95
476.15000 -62.95
476.20000 -62.95
476.25000 -62.95
476.30000 -62.95
476.35000 -62.95
476.40000 -62.95
476.45000 -62.95
476.50000 -62.95
476.55000 -62.95
476.60000 -62.95
476.65000 -62.95
476.70000 -62.95
476.75000 -62.95
476.80000 -62.95
476.85000 -62.95
476.90000 -62.95
476.95000 -62.95
477.00000 -62.95
477.05000 -62.95
477.10000 -62.95
477.15000 -62.95
477.20000 -62.95
477.25000 -62.95
477.30000 -62.95
477.35000 -62.95
477.40000 -62.95
477.45000 -62.95
477.50000 -62.95
477.55000 -62.95
477.60000 -62.95
477.65000 -62.95
477.70000 -62.95
477.75000 -62.95
477.80000 -62.95
477.85000 -62.95
477.90000 -62.95
477.95000 -62.95
478.00000 -62.95
478.05000 -62.95
478.10000 -62.95
478.15000 -62.95
478.20000 -62.95
478.25000 -62.95
478.30000 -62.95
478.35000 -62.95
478.40000 -62.95
478.45000 -62.95
478.50000 -62.95
478.55000 -62.95
478.60000 -62.95
478.65000 -62.95
478.70000 -62.95
478.75000 -62.94
478.80000 -62.94
478.85000 -62.94
478.90000 -62.94
478.95000 -62.94
479.00000 -62.94
479.05000 -62.94
479.10000 -62.94
479.15000 -62.94
479.20000 -62.94
479.25000 -62.94
479.30000 -62.94
479.35000 -62.95
479.40000 -62.94
479.45000 -62.95
479.50000 -62.94
479.55000 -62.95
479.60000 -62.95
479.65000 -62.95
479.70000 -62.95
479.75000 -62.95
479.80000 -62.94
479.85000 -62.94
479.90000 -62.94
479.95000 -62.94
480.00000 -62.94
480.05000 -62.94
480.10000 -62.94
480.15000 -62.94
480.20000 -62.94
480.25000 -62.94
480.30000 -62.94
480.35000 -62.94
480.40000 -62.95
480.45000 -62.94
480.50000 -62.94
480.55000 -62.94
480.60000 -62.95
480.65000 -62.95
480.70000 -62.95
480.75000 -62.95
480.80000 -62.95
480.85000 -62.95
480.90000 -62.95
480.95000 -62.95
481.00000 -62.95
481.05000 -62.95
481.10000 -62.95
481.15000 -62.95
481.20000 -62.95
481.25000 -62.95
481.30000 -62.95
481.35000 -62.95
481.40000 -62.95
481.45000 -62.94
481.50000 -62.94
481.55000 -62.94
481.60000 -62.94
481.65000 -62.94
481.70000 -62.94
481.75000 -62.94
481.80000 -62.94
481.85000 -62.94
481.90000 -62.94
481.95000 -62.94
482.00000 -62.94
482.05000 -62.94
482.10000 -62.94
482.15000 -62.94
482.20000 -62.94
482.25000 -62.94
482.30000 -62.94
482.35000 -62.94
482.40000 -62.94
482.45000 -62.94
482.50000 -62.94
482.55000 -62.94
482.60000 -62.94
482.65000 -62.94
482.70000 -62.95
482.75000 -62.95
482.80000 -62.95
482.85000 -62.95
482.90000 -62.95
482.95000 -62.95
483.00000 -62.95
483.05000 -62.95
483.10000 -62.95
483.15000 -62.95
483.20000 -62.95
483.25000 -62.95
483.30000 -62.95
483.35000 -62.95
483.40000 -62.95
483.45000 -62.95
483.50000 -62.95
483.55000 -62.95
483.60000 -62.95
483.65000 -62.95
483.70000 -62.95
483.75000 -62.95
483.80000 -62.95
483.85000 -62.95
483.90000 -62.95
483.95000 -62.95
484.00000 -62.95
484.05000 -62.95
484.10000 -62.95
484.15000 -62.95
484.20000 -62.95
484.25000 -62.95
484.30000 -62.95
484.35000 -62.95
484.40000 -62.95
484.45000 -62.95
484.50000 -62.95
484.55000 -62.95
484.60000 -62.95
484.65000 -62.95
484.70000 -62.95
484.75000 -62.95
484.80000 -62.95
484.85000 -62.95
484.90000 -62.95
484.95000 -62.95
485.00000 -62.95
485.05000 -62.95
485.10000 -62.95
485.15000 -62.95
485.20000 -62.95
485.25000 -62.95
485.30000 -62.95
485.35000 -62.95
485.40000 -62.95
485.45000 -62.95
485.50000 -62.95
485.55000 -62.95
485.60000 -62.95
485.65000 -62.95
485.70000 -62.95
485.75000 -62.95
485.80000 -62.95
485.85000 -62.95
485.90000 -62.95
485.95000 -62.95
486.00000 -62.95
486.05000 -62.95
486.10000 -62.95
486.15000 -62.95
486.20000 -62.95
486.25000 -62.95
486.30000 -62.95
486.35000 -62.95
486.40000 -62.95
486.45000 -62.95
486.50000 -62.95
486.55000 -62.95
486.60000 -62.95
486.65000 -62.95
486.70000 -62.95
486.75000 -62.95
486.80000 -62.95
486.85000 -62.95
486.90000 -62.95
486.95000 -62.95
487.00000 -62.95
487.05000 -62.96
487.10000 -62.95
487.15000 -62.96
487.20000 -62.96
487.25000 -62.96
487.30000 -62.96
487.35000 -62.96
487.40000 -62.96
487.45000 -62.96
487.50000 -62.96
487.55000 -62.96
487.60000 -62.96
487.65000 -62.96
487.70000 -62.96
487.75000 -62.96
487.80000 -62.96
487.85000 -62.96
487.90000 -62.96
487.95000 -62.96
488.00000 -62.96
488.05000 -62.96
488.10000 -62.96
488.15000 -62.96
488.20000 -62.96
488.25000 -62.96
488.30000 -62.96
488.35000 -62.96
488.40000 -62.96
488.45000 -62.96
488.50000 -62.96
488.55000 -62.96
488.60000 -62.96
488.65000 -62.96
488.70000 -62.96
488.75000 -62.96
488.80000 -62.96
488.85000 -62.96
488.90000 -62.96
488.95000 -62.96
489.00000 -62.96
489.05000 -62.96
489.10000 -62.96
489.15000 -62.96
489.20000 -62.96
489.25000 -62.96
489.30000 -62.96
489.35000 -62.95
489.40000 -62.95
489.45000 -62.95
489.50000 -62.95
489.55000 -62.95
489.60000 -62.95
489.65000 -62.95
489.70000 -62.95
489.75000 -62.95
489.80000 -62.95
489.85000 -62.95
489.90000 -62.95
489.95000 -62.95
490.00000 -62.95
490.05000 -62.95
490.10000 -62.95
490.15000 -62.95
490.20000 -62.95
490.25000 -62.95
490.30000 -62.95
490.35000 -62.95
490.40000 -62.95
490.45000 -62.95
490.50000 -62.95
490.55000 -62.95
490.60000 -62.95
490.65000 -62.95
490.70000 -62.95
490.75000 -62.95
490.80000 -62.95
490.85000 -62.95
490.90000 -62.95
490.95000 -62.95
491.00000 -62.95
491.05000 -62.95
491.10000 -62.95
491.15000 -62.95
491.20000 -62.95
491.25000 -62.95
491.30000 -62.95
491.35000 -62.95
491.40000 -62.95
491.45000 -62.95
491.50000 -62.95
491.55000 -62.95
491.60000 -62.95
491.65000 -62.95
491.70000 -62.95
491.75000 -62.95
491.80000 -62.95
491.85000 -62.94
491.90000 -62.94
491.95000 -62.94
492.00000 -62.94
492.05000 -62.94
492.10000 -62.94
492.15000 -62.94
492.20000 -62.94
492.25000 -62.94
492.30000 -62.94
492.35000 -62.94
492.40000 -62.94
492.45000 -62.94
492.50000 -62.94
492.55000 -62.94
492.60000 -62.94
492.65000 -62.94
492.70000 -62.94
492.75000 -62.94
492.80000 -62.94
492.85000 -62.94
492.90000 -62.94
492.95000 -62.94
493.00000 -62.94
493.05000 -62.94
493.10000 -62.94
493.15000 -62.94
493.20000 -62.94
493.25000 -62.94
493.30000 -62.94
493.35000 -62.94
493.40000 -62.94
493.45000 -62.94
493.50000 -62.94
493.55000 -62.94
493.60000 -62.94
493.65000 -62.94
493.70000 -62.94
493.75000 -62.94
493.80000 -62.94
493.85000 -62.94
493.90000 -62.94
493.95000 -62.94
494.00000 -62.94
494.05000 -62.95
494.10000 -62.95
494.15000 -62.95
494.20000 -62.95
494.25000 -62.95
494.30000 -62.95
494.35000 -62.95
494.40000 -62.95
494.45000 -62.95
494.50000 -62.95
494.55000 -62.95
494.60000 -62.95
494.65000 -62.95
494.70000 -62.95
494.75000 -62.95
494.80000 -62.95
494.85000 -62.95
494.90000 -62.95
494.95000 -62.95
495.00000 -62.95
495.05000 -62.95
495.10000 -62.95
495.15000 -62.95
495.20000 -62.95
495.25000 -62.96
495.30000 -62.95
495.35000 -62.96
495.40000 -62.96
495.45000 -62.96
495.50000 -62.95
495.55000 -62.95
495.60000 -62.95
495.65000 -62.95
495.70000 -62.95
495.75000 -62.95
495.80000 -62.95
495.85000 -62.95
495.90000 -62.95
495.95000 -62.95
496.00000 -62.95
496.05000 -62.95
496.10000 -62.95
496.15000 -62.95
496.20000 -62.95
496.25000 -62.95
496.30000 -62.95
496.35000 -62.95
496.40000 -62.95
496.45000 -62.95
496.50000 -62.95
496.55000 -62.95
496.60000 -62.95
496.65000 -62.95
496.70000 -62.95
496.75000 -62.95
496.80000 -62.95
496.85000 -62.95
496.90000 -62.95
496.95000 -62.95
497.00000 -62.95
497.05000 -62.95
497.10000 -62.95
497.15000 -62.95
497.20000 -62.95
497.25000 -62.95
497.30000 -62.95
497.35000 -62.95
497.40000 -62.95
497.45000 -62.95
497.50000 -62.95
497.55000 -62.95
497.60000 -62.95
497.65000 -62.95
497.70000 -62.95
497.75000 -62.95
497.80000 -62.95
497.85000 -62.95
497.90000 -62.95
497.95000 -62.95
498.00000 -62.95
498.05000 -62.95
498.10000 -62.95
498.15000 -62.95
498.20000 -62.95
498.25000 -62.95
498.30000 -62.95
498.35000 -62.95
498.40000 -62.95
498.45000 -62.94
498.50000 -62.95
498.55000 -62.95
498.60000 -62.95
498.65000 -62.95
498.70000 -62.95
498.75000 -62.95
498.80000 -62.94
498.85000 -62.94
498.90000 -62.94
498.95000 -62.94
499.00000 -62.95
499.05000 -62.95
499.10000 -62.95
499.15000 -62.95
499.20000 -62.95
499.25000 -62.95
499.30000 -62.95
499.35000 -62.95
499.40000 -62.95
499.45000 -62.95
499.50000 -62.95
499.55000 -62.95
499.60000 -62.95
499.65000 -62.95
499.70000 -62.95
499.75000 -62.95
499.80000 -62.95
499.85000 -62.95
499.90000 -62.95
499.95000 -62.95
500.00000 -62.95
500.05000 -62.95
500.10000 -62.95
500.15000 -62.95
500.20000 -62.95
500.25000 -62.95
500.30000 -62.95
500.35000 -62.95
500.40000 -62.95
500.45000 -62.95
500.50000 -62.96
500.55000 -62.96
500.60000 -62.96
500.65000 -62.96
500.70000 -62.96
500.75000 -62.95
500.80000 -62.95
500.85000 -62.95
500.90000 -62.95
500.95000 -62.95
501.00000 -62.95
501.05000 -62.95
501.10000 -62.95
501.15000 -62.95
501.20000 -62.95
501.25000 -62.95
501.30000 -62.95
501.35000 -62.95
501.40000 -62.95
501.45000 -62.95
501.50000 -62.95
501.55000 -62.95
501.60000 -62.95
501.65000 -62.95
501.70000 -62.95
501.75000 -62.95
501.80000 -62.95
501.85000 -62.95
501.90000 -62.95
501.95000 -62.95
502.00000 -62.95
502.05000 -62.95
502.10000 -62.95
502.15000 -62.95
502.20000 -62.95
502.25000 -62.95
502.30000 -62.95
502.35000 -62.95
502.40000 -62.95
502.45000 -62.95
502.50000 -62.95
502.55000 -62.95
502.60000 -62.95
502.65000 -62.95
502.70000 -62.95
502.75000 -62.95
502.80000 -62.95
502.85000 -62.95
502.90000 -62.95
502.95000 -62.95
503.00000 -62.95
503.05000 -62.95
503.10000 -62.95
503.15000 -62.95
503.20000 -62.95
503.25000 -62.95
503.30000 -62.95
503.35000 -62.95
503.40000 -62.95
503.45000 -62.95
503.50000 -62.95
503.55000 -62.95
503.60000 -62.95
503.65000 -62.94
503.70000 -62.94
503.75000 -62.94
503.80000 -62.94
503.85000 -62.94
503.90000 -62.94
503.95000 -62.94
504.00000 -62.94
504.05000 -62.94
504.10000 -62.94
504.15000 -62.94
504.20000 -62.94
504.25000 -62.94
504.30000 -62.94
504.35000 -62.94
504.40000 -62.94
504.45000 -62.95
504.50000 -62.95
504.55000 -62.95
504.60000 -62.95
504.65000 -62.95
504.70000 -62.95
504.75000 -62.94
504.80000 -62.94
504.85000 -62.95
504.90000 -62.95
504.95000 -62.95
505.00000 -62.95
505.05000 -62.95
505.10000 -62.95
505.15000 -62.95
505.20000 -62.95
505.25000 -62.94
505.30000 -62.95
505.35000 -62.94
505.40000 -62.94
505.45000 -62.95
505.50000 -62.94
505.55000 -62.94
505.60000 -62.94
505.65000 -62.94
505.70000 -62.94
505.75000 -62.94
505.80000 -62.95
505.85000 -62.95
505.90000 -62.95
505.95000 -62.95
506.00000 -62.95
506.05000 -62.95
506.10000 -62.95
506.15000 -62.95
506.20000 -62.95
506.25000 -62.95
506.30000 -62.95
506.35000 -62.95
506.40000 -62.95
506.45000 -62.95
506.50000 -62.94
506.55000 -62.94
506.60000 -62.94
506.65000 -62.94
506.70000 -62.94
506.75000 -62.94
506.80000 -62.94
506.85000 -62.94
506.90000 -62.94
506.95000 -62.94
507.00000 -62.94
507.05000 -62.94
507.10000 -62.94
507.15000 -62.94
507.20000 -62.94
507.25000 -62.94
507.30000 -62.94
507.35000 -62.94
507.40000 -62.94
507.45000 -62.94
507.50000 -62.94
507.55000 -62.94
507.60000 -62.94
507.65000 -62.94
507.70000 -62.94
507.75000 -62.94
507.80000 -62.94
507.85000 -62.94
507.90000 -62.94
507.95000 -62.94
508.00000 -62.94
508.05000 -62.94
508.10000 -62.94
508.15000 -62.94
508.20000 -62.94
508.25000 -62.95
508.30000 -62.95
508.35000 -62.94
508.40000 -62.95
508.45000 -62.95
508.50000 -62.95
508.55000 -62.95
508.60000 -62.95
508.65000 -62.95
508.70000 -62.95
508.75000 -62.95
508.80000 -62.95
508.85000 -62.95
508.90000 -62.95
508.95000 -62.95
509.00000 -62.95
509.05000 -62.94
509.10000 -62.95
509.15000 -62.94
509.20000 -62.95
509.25000 -62.94
509.30000 -62.94
509.35000 -62.94
509.40000 -62.94
509.45000 -62.94
509.50000 -62.94
509.55000 -62.94
509.60000 -62.94
509.65000 -62.94
509.70000 -62.94
509.75000 -62.94
509.80000 -62.94
509.85000 -62.94
509.90000 -62.94
509.95000 -62.94
510.00000 -62.94
510.05000 -62.94
510.10000 -62.94
510.15000 -62.94
510.20000 -62.94
510.25000 -62.94
510.30000 -62.94
510.35000 -62.94
510.40000 -62.94
510.45000 -62.94
510.50000 -62.95
510.55000 -62.95
510.60000 -62.94
510.65000 -62.95
510.70000 -62.94
510.75000 -62.95
510.80000 -62.94
510.85000 -62.95
510.90000 -62.95
510.95000 -62.94
511.00000 -62.94
511.05000 -62.94
511.10000 -62.94
511.15000 -62.94
511.20000 -62.94
511.25000 -62.94
511.30000 -62.94
511.35000 -62.94
511.40000 -62.94
511.45000 -62.94
511.50000 -62.94
511.55000 -62.94
511.60000 -62.94
511.65000 -62.94
511.70000 -62.94
511.75000 -62.94
511.80000 -62.94
511.85000 -62.94
511.90000 -62.93
511.95000 -62.93
512.00000 -62.94
512.05000 -62.94
512.10000 -62.94
512.15000 -62.94
512.20000 -62.94
512.25000 -62.94
512.30000 -62.94
512.35000 -62.94
512.40000 -62.94
512.45000 -62.94
512.50000 -62.94
512.55000 -62.94
512.60000 -62.94
512.65000 -62.94
512.70000 -62.94
512.75000 -62.94
512.80000 -62.94
512.85000 -62.94
512.90000 -62.94
512.95000 -62.94
513.00000 -62.94
513.05000 -62.94
513.10000 -62.94
513.15000 -62.95
513.20000 -62.95
513.25000 -62.95
513.30000 -62.95
513.35000 -62.95
513.40000 -62.95
513.45000 -62.95
513.50000 -62.94
513.55000 -62.95
513.60000 -62.94
513.65000 -62.94
513.70000 -62.94
513.75000 -62.94
513.80000 -62.94
513.85000 -62.95
513.90000 -62.95
513.95000 -62.95
514.00000 -62.95
514.05000 -62.95
514.10000 -62.95
514.15000 -62.95
514.20000 -62.95
514.25000 -62.95
514.30000 -62.95
514.35000 -62.95
514.40000 -62.95
514.45000 -62.95
514.50000 -62.95
514.55000 -62.94
514.60000 -62.95
514.65000 -62.94
514.70000 -62.94
514.75000 -62.95
514.80000 -62.94
514.85000 -62.94
514.90000 -62.94
514.95000 -62.94
515.00000 -62.94
515.05000 -62.94
515.10000 -62.94
515.15000 -62.94
515.20000 -62.94
515.25000 -62.94
515.30000 -62.94
515.35000 -62.94
515.40000 -62.94
515.45000 -62.94
515.50000 -62.94
515.55000 -62.94
515.60000 -62.94
515.65000 -62.95
515.70000 -62.95
515.75000 -62.95
515.80000 -62.95
515.85000 -62.95
515.90000 -62.95
515.95000 -62.95
516.00000 -62.95
516.05000 -62.95
516.10000 -62.95
516.15000 -62.95
516.20000 -62.95
516.25000 -62.95
516.30000 -62.95
516.35000 -62.95
516.40000 -62.95
516.45000 -62.95
516.50000 -62.95
516.55000 -62.95
516.60000 -62.95
516.65000 -62.95
516.70000 -62.95
516.75000 -62.94
516.80000 -62.94
516.85000 -62.94
516.90000 -62.94
516.95000 -62.94
517.00000 -62.94
517.05000 -62.94
517.10000 -62.94
517.15000 -62.95
517.20000 -62.95
517.25000 -62.94
517.30000 -62.95
517.35000 -62.95
517.40000 -62.95
517.45000 -62.95
517.50000 -62.95
517.55000 -62.94
517.60000 -62.94
517.65000 -62.94
517.70000 -62.94
517.75000 -62.94
517.80000 -62.94
517.85000 -62.94
517.90000 -62.94
517.95000 -62.94
518.00000 -62.94
518.05000 -62.94
518.10000 -62.94
518.15000 -62.94
518.20000 -62.94
518.25000 -62.94
518.30000 -62.94
518.35000 -62.94
518.40000 -62.94
518.45000 -62.94
518.50000 -62.94
518.55000 -62.94
518.60000 -62.94
518.65000 -62.94
518.70000 -62.94
518.75000 -62.94
518.80000 -62.94
518.85000 -62.94
518.90000 -62.94
518.95000 -62.94
519.00000 -62.94
519.05000 -62.94
519.10000 -62.94
519.15000 -62.94
519.20000 -62.94
519.25000 -62.94
519.30000 -62.94
519.35000 -62.94
519.40000 -62.94
519.45000 -62.94
519.50000 -62.94
519.55000 -62.94
519.60000 -62.94
519.65000 -62.94
519.70000 -62.94
519.75000 -62.94
519.80000 -62.94
519.85000 -62.94
519.90000 -62.94
519.95000 -62.94
520.00000 -62.94
520.05000 -62.94
520.10000 -62.94
520.15000 -62.94
520.20000 -62.94
520.25000 -62.94
520.30000 -62.94
520.35000 -62.94
520.40000 -62.94
520.45000 -62.94
520.50000 -62.94
520.55000 -62.94
520.60000 -62.94
520.65000 -62.94
520.70000 -62.94
520.75000 -62.94
520.80000 -62.94
520.85000 -62.94
520.90000 -62.94
520.95000 -62.94
521.00000 -62.94
521.05000 -62.94
521.10000 -62.94
521.15000 -62.94
521.20000 -62.94
521.25000 -62.94
521.30000 -62.94
521.35000 -62.94
521.40000 -62.94
521.45000 -62.94
521.50000 -62.94
521.55000 -62.94
521.60000 -62.95
521.65000 -62.94
521.70000 -62.94
521.75000 -62.94
521.80000 -62.94
521.85000 -62.94
521.90000 -62.94
521.95000 -62.94
522.00000 -62.95
522.05000 -62.95
522.10000 -62.95
522.15000 -62.95
522.20000 -62.95
522.25000 -62.95
522.30000 -62.95
522.35000 -62.95
522.40000 -62.95
522.45000 -62.95
522.50000 -62.95
522.55000 -62.95
522.60000 -62.95
522.65000 -62.95
522.70000 -62.95
522.75000 -62.95
522.80000 -62.95
522.85000 -62.95
522.90000 -62.94
522.95000 -62.94
523.00000 -62.94
523.05000 -62.95
523.10000 -62.95
523.15000 -62.94
523.20000 -62.95
523.25000 -62.95
523.30000 -62.95
523.35000 -62.95
523.40000 -62.95
523.45000 -62.95
523.50000 -62.95
523.55000 -62.95
523.60000 -62.95
523.65000 -62.95
523.70000 -62.95
523.75000 -62.95
523.80000 -62.95
523.85000 -62.95
523.90000 -62.95
523.95000 -62.96
524.00000 -62.96
524.05000 -62.96
524.10000 -62.96
524.15000 -62.96
524.20000 -62.96
524.25000 -62.96
524.30000 -62.96
524.35000 -62.96
524.40000 -62.96
524.45000 -62.96
524.50000 -62.96
524.55000 -62.96
524.60000 -62.96
524.65000 -62.96
524.70000 -62.96
524.75000 -62.96
524.80000 -62.96
524.85000 -62.96
524.90000 -62.96
524.95000 -62.96
525.00000 -62.96
525.05000 -62.96
525.10000 -62.96
525.15000 -62.96
525.20000 -62.96
525.25000 -62.96
525.30000 -62.96
525.35000 -62.96
525.40000 -62.96
525.45000 -62.96
525.50000 -62.96
525.55000 -62.96
525.60000 -62.95
525.65000 -62.95
525.70000 -62.95
525.75000 -62.95
525.80000 -62.95
525.85000 -62.95
525.90000 -62.95
525.95000 -62.95
526.00000 -62.95
526.05000 -62.95
526.10000 -62.95
526.15000 -62.95
526.20000 -62.95
526.25000 -62.95
526.30000 -62.95
526.35000 -62.95
526.40000 -62.95
526.45000 -62.95
526.50000 -62.95
526.55000 -62.95
526.60000 -62.95
526.65000 -62.95
526.70000 -62.95
526.75000 -62.95
526.80000 -62.95
526.85000 -62.95
526.90000 -62.95
526.95000 -62.94
527.00000 -62.94
527.05000 -62.94
527.10000 -62.94
527.15000 -62.95
527.20000 -62.94
527.25000 -62.94
527.30000 -62.94
527.35000 -62.94
527.40000 -62.94
527.45000 -62.94
527.50000 -62.94
527.55000 -62.94
527.60000 -62.94
527.65000 -62.94
527.70000 -62.94
527.75000 -62.94
527.80000 -62.94
527.85000 -62.94
527.90000 -62.94
527.95000 -62.94
528.00000 -62.94
528.05000 -62.94
528.10000 -62.94
528.15000 -62.94
528.20000 -62.94
528.25000 -62.94
528.30000 -62.94
528.35000 -62.94
528.40000 -62.94
528.45000 -62.95
528.50000 -62.95
528.55000 -62.95
528.60000 -62.95
528.65000 -62.95
528.70000 -62.95
528.75000 -62.95
528.80000 -62.95
528.85000 -62.95
528.90000 -62.95
528.95000 -62.95
529.00000 -62.95
529.05000 -62.95
529.10000 -62.95
529.15000 -62.95
529.20000 -62.95
529.25000 -62.95
529.30000 -62.95
529.35000 -62.95
529.40000 -62.95
529.45000 -62.95
529.50000 -62.95
529.55000 -62.95
529.60000 -62.95
529.65000 -62.95
529.70000 -62.95
529.75000 -62.95
529.80000 -62.95
529.85000 -62.94
529.90000 -62.94
529.95000 -62.94
530.00000 -62.94
530.05000 -62.95
530.10000 -62.95
530.15000 -62.95
530.20000 -62.95
530.25000 -62.95
530.30000 -62.95
530.35000 -62.95
530.40000 -62.94
530.45000 -62.95
530.50000 -62.95
530.55000 -62.95
530.60000 -62.95
530.65000 -62.94
530.70000 -62.94
530.75000 -62.95
530.80000 -62.95
530.85000 -62.94
530.90000 -62.95
530.95000 -62.95
531.00000 -62.95
531.05000 -62.95
531.10000 -62.95
531.15000 -62.94
531.20000 -62.95
531.25000 -62.95
531.30000 -62.95
531.35000 -62.95
531.40000 -62.95
531.45000 -62.95
531.50000 -62.95
531.55000 -62.95
531.60000 -62.95
531.65000 -62.95
531.70000 -62.95
531.75000 -62.95
531.80000 -62.95
531.85000 -62.95
531.90000 -62.95
531.95000 -62.95
532.00000 -62.95
532.05000 -62.95
532.10000 -62.95
532.15000 -62.95
532.20000 -62.95
532.25000 -62.95
532.30000 -62.95
532.35000 -62.95
532.40000 -62.95
532.45000 -62.95
532.50000 -62.95
532.55000 -62.95
532.60000 -62.95
532.65000 -62.95
532.70000 -62.95
532.75000 -62.95
532.80000 -62.95
532.85000 -62.95
532.90000 -62.95
532.95000 -62.95
533.00000 -62.95
533.05000 -62.95
533.10000 -62.95
533.15000 -62.95
533.20000 -62.95
533.25000 -62.95
533.30000 -62.95
533.35000 -62.95
533.40000 -62.95
533.45000 -62.95
533.50000 -62.95
533.55000 -62.95
533.60000 -62.95
533.65000 -62.95
533.70000 -62.95
533.75000 -62.95
533.80000 -62.95
533.85000 -62.95
533.90000 -62.95
533.95000 -62.95
534.00000 -62.95
534.05000 -62.95
534.10000 -62.95
534.15000 -62.95
534.20000 -62.95
534.25000 -62.95
534.30000 -62.95
534.35000 -62.95
534.40000 -62.95
534.45000 -62.95
534.50000 -62.95
534.55000 -62.95
534.60000 -62.95
534.65000 -62.95
534.70000 -62.95
534.75000 -62.94
534.80000 -62.94
534.85000 -62.94
534.90000 -62.94
534.95000 -62.94
535.00000 -62.94
535.05000 -62.94
535.10000 -62.94
535.15000 -62.94
535.20000 -62.93
535.25000 -62.94
535.30000 -62.93
535.35000 -62.93
535.40000 -62.93
535.45000 -62.93
535.50000 -62.93
535.55000 -62.93
535.60000 -62.93
535.65000 -62.93
535.70000 -62.93
535.75000 -62.93
535.80000 -62.93
535.85000 -62.93
535.90000 -62.94
535.95000 -62.94
536.00000 -62.94
536.05000 -62.94
536.10000 -62.94
536.15000 -62.94
536.20000 -62.94
536.25000 -62.94
536.30000 -62.94
536.35000 -62.94
536.40000 -62.94
536.45000 -62.94
536.50000 -62.94
536.55000 -62.94
536.60000 -62.94
536.65000 -62.94
536.70000 -62.94
536.75000 -62.94
536.80000 -62.94
536.85000 -62.94
536.90000 -62.94
536.95000 -62.94
537.00000 -62.94
537.05000 -62.94
537.10000 -62.94
537.15000 -62.94
537.20000 -62.94
537.25000 -62.94
537.30000 -62.94
537.35000 -62.94
537.40000 -62.94
537.45000 -62.94
537.50000 -62.94
537.55000 -62.94
537.60000 -62.94
537.65000 -62.94
537.70000 -62.94
537.75000 -62.94
537.80000 -62.94
537.85000 -62.94
537.90000 -62.94
537.95000 -62.94
538.00000 -62.94
538.05000 -62.94
538.10000 -62.94
538.15000 -62.94
538.20000 -62.94
538.25000 -62.94
538.30000 -62.94
538.35000 -62.94
538.40000 -62.94
538.45000 -62.94
538.50000 -62.94
538.55000 -62.94
538.60000 -62.95
538.65000 -62.94
538.70000 -62.94
538.75000 -62.94
538.80000 -62.95
538.85000 -62.95
538.90000 -62.95
538.95000 -62.95
539.00000 -62.95
539.05000 -62.95
539.10000 -62.94
539.15000 -62.95
539.20000 -62.95
539.25000 -62.95
539.30000 -62.95
539.35000 -62.95
539.40000 -62.95
539.45000 -62.94
539.50000 -62.94
539.55000 -62.94
539.60000 -62.94
539.65000 -62.94
539.70000 -62.94
539.75000 -62.94
539.80000 -62.94
539.85000 -62.94
539.90000 -62.94
539.95000 -62.94
540.00000 -62.94
540.05000 -62.94
540.10000 -62.94
540.15000 -62.94
540.20000 -62.94
540.25000 -62.94
540.30000 -62.94
540.35000 -62.94
540.40000 -62.94
540.45000 -62.94
540.50000 -62.94
540.55000 -62.94
540.60000 -62.94
540.65000 -62.94
540.70000 -62.94
540.75000 -62.94
540.80000 -62.94
540.85000 -62.94
540.90000 -62.94
540.95000 -62.94
541.00000 -62.94
541.05000 -62.94
541.10000 -62.94
541.15000 -62.94
541.20000 -62.94
541.25000 -62.94
541.30000 -62.94
541.35000 -62.94
541.40000 -62.94
541.45000 -62.94
541.50000 -62.94
541.55000 -62.94
541.60000 -62.94
541.65000 -62.94
541.70000 -62.94
541.75000 -62.94
541.80000 -62.94
541.85000 -62.94
541.90000 -62.94
541.95000 -62.94
542.00000 -62.94
542.05000 -62.94
542.10000 -62.94
542.15000 -62.94
542.20000 -62.94
542.25000 -62.94
542.30000 -62.94
542.35000 -62.94
542.40000 -62.94
542.45000 -62.93
542.50000 -62.93
542.55000 -62.94
542.60000 -62.94
542.65000 -62.93
542.70000 -62.93
542.75000 -62.93
542.80000 -62.93
542.85000 -62.93
542.90000 -62.93
542.95000 -62.94
543.00000 -62.94
543.05000 -62.94
543.10000 -62.94
543.15000 -62.94
543.20000 -62.94
543.25000 -62.94
543.30000 -62.94
543.35000 -62.94
543.40000 -62.94
543.45000 -62.94
543.50000 -62.94
543.55000 -62.94
543.60000 -62.94
543.65000 -62.94
543.70000 -62.94
543.75000 -62.94
543.80000 -62.94
543.85000 -62.94
543.90000 -62.94
543.95000 -62.94
544.00000 -62.94
544.05000 -62.94
544.10000 -62.94
544.15000 -62.94
544.20000 -62.94
544.25000 -62.94
544.30000 -62.94
544.35000 -62.94
544.40000 -62.94
544.45000 -62.94
544.50000 -62.94
544.55000 -62.94
544.60000 -62.94
544.65000 -62.94
544.70000 -62.94
544.75000 -62.94
544.80000 -62.94
544.85000 -62.94
544.90000 -62.94
544.95000 -62.94
545.00000 -62.94
545.05000 -62.94
545.10000 -62.94
545.15000 -62.94
545.20000 -62.94
545.25000 -62.94
545.30000 -62.94
545.35000 -62.94
545.40000 -62.94
545.45000 -62.94
545.50000 -62.94
545.55000 -62.94
545.60000 -62.94
545.65000 -62.94
545.70000 -62.94
545.75000 -62.94
545.80000 -62.94
545.85000 -62.94
545.90000 -62.94
545.95000 -62.94
546.00000 -62.94
546.05000 -62.94
546.10000 -62.94
546.15000 -62.94
546.20000 -62.94
546.25000 -62.94
546.30000 -62.94
546.35000 -62.95
546.40000 -62.95
546.45000 -62.95
546.50000 -62.95
546.55000 -62.95
546.60000 -62.94
546.65000 -62.94
546.70000 -62.94
546.75000 -62.94
546.80000 -62.94
546.85000 -62.94
546.90000 -62.95
546.95000 -62.94
547.00000 -62.94
547.05000 -62.95
547.10000 -62.94
547.15000 -62.94
547.20000 -62.94
547.25000 -62.94
547.30000 -62.94
547.35000 -62.94
547.40000 -62.94
547.45000 -62.94
547.50000 -62.94
547.55000 -62.94
547.60000 -62.94
547.65000 -62.94
547.70000 -62.94
547.75000 -62.94
547.80000 -62.94
547.85000 -62.94
547.90000 -62.94
547.95000 -62.94
548.00000 -62.94
548.05000 -62.94
548.10000 -62.94
548.15000 -62.94
548.20000 -62.94
548.25000 -62.94
548.30000 -62.94
548.35000 -62.94
548.40000 -62.94
548.45000 -62.94
548.50000 -62.94
548.55000 -62.94
548.60000 -62.94
548.65000 -62.94
548.70000 -62.94
548.75000 -62.94
548.80000 -62.94
548.85000 -62.94
548.90000 -62.94
548.95000 -62.94
549.00000 -62.94
549.05000 -62.94
549.10000 -62.93
549.15000 -62.93
549.20000 -62.94
549.25000 -62.94
549.30000 -62.94
549.35000 -62.94
549.40000 -62.94
549.45000 -62.94
549.50000 -62.94
549.55000 -62.94
549.60000 -62.94
549.65000 -62.94
549.70000 -62.94
549.75000 -62.94
549.80000 -62.94
549.85000 -62.93
549.90000 -62.94
549.95000 -62.94
