0.00000 -74.29
0.05000 -74.32
0.10000 -74.32
0.15000 -74.32
0.20000 -74.32
0.25000 -74.32
0.30000 -74.32
0.35000 -74.32
0.40000 -74.32
0.45000 -74.32
0.50000 -74.32
0.55000 -74.32
0.60000 -74.31
0.65000 -74.31
0.70000 -74.31
0.75000 -74.31
0.80000 -74.31
0.85000 -74.31
0.90000 -74.32
0.95000 -74.32
1.00000 -74.32
1.05000 -74.32
1.10000 -74.32
1.15000 -74.32
1.20000 -74.32
1.25000 -74.32
1.30000 -74.32
1.35000 -74.32
1.40000 -74.32
1.45000 -74.32
1.50000 -74.31
1.55000 -74.31
1.60000 -74.31
1.65000 -74.31
1.70000 -74.31
1.75000 -74.31
1.80000 -74.30
1.85000 -74.30
1.90000 -74.30
1.95000 -74.30
2.00000 -74.30
2.05000 -74.30
2.10000 -74.30
2.15000 -74.30
2.20000 -74.30
2.25000 -74.30
2.30000 -74.30
2.35000 -74.31
2.40000 -74.31
2.45000 -74.31
2.50000 -74.31
2.55000 -74.32
2.60000 -74.32
2.65000 -74.32
2.70000 -74.32
2.75000 -74.31
2.80000 -74.32
2.85000 -74.32
2.90000 -74.32
2.95000 -74.32
3.00000 -74.32
3.05000 -74.32
3.10000 -74.33
3.15000 -74.33
3.20000 -74.33
3.25000 -74.33
3.30000 -74.33
3.35000 -74.33
3.40000 -74.33
3.45000 -74.32
3.50000 -74.32
3.55000 -74.33
3.60000 -74.33
3.65000 -74.32
3.70000 -74.32
3.75000 -74.32
3.80000 -74.32
3.85000 -74.31
3.90000 -74.31
3.95000 -74.31
4.00000 -74.30
4.05000 -74.30
4.10000 -74.30
4.15000 -74.30
4.20000 -74.30
4.25000 -74.29
4.30000 -74.30
4.35000 -74.30
4.40000 -74.29
4.45000 -74.30
4.50000 -74.29
4.55000 -74.29
4.60000 -74.29
4.65000 -74.29
4.70000 -74.30
4.75000 -74.30
4.80000 -74.30
4.85000 -74.30
4.90000 -74.30
4.95000 -74.30
5.00000 -74.30
5.05000 -74.31
5.10000 -74.31
5.15000 -74.31
5.20000 -74.31
5.25000 -74.31
5.30000 -74.31
5.35000 -74.30
5.40000 -74.31
5.45000 -74.30
5.50000 -74.31
5.55000 -74.31
5.60000 -74.31
5.65000 -74.31
5.70000 -74.31
5.75000 -74.31
5.80000 -74.31
5.85000 -74.30
5.90000 -74.30
5.95000 -74.30
6.00000 -74.30
6.05000 -74.30
6.10000 -74.30
6.15000 -74.30
6.20000 -74.29
6.25000 -74.30
6.30000 -74.30
6.35000 -74.29
6.40000 -74.29
6.45000 -74.28
6.50000 -74.28
6.55000 -74.29
6.60000 -74.29
6.65000 -74.28
6.70000 -74.28
6.75000 -74.28
6.80000 -74.28
6.85000 -74.28
6.90000 -74.28
6.95000 -74.28
7.00000 -74.28
7.05000 -74.28
7.10000 -74.28
7.15000 -74.28
7.20000 -74.28
7.25000 -74.28
7.30000 -74.27
7.35000 -74.27
7.40000 -74.28
7.45000 -74.27
7.50000 -74.27
7.55000 -74.27
7.60000 -74.27
7.65000 -74.27
7.70000 -74.27
7.75000 -74.27
7.80000 -74.27
7.85000 -74.27
7.90000 -74.27
7.95000 -74.28
8.00000 -74.27
8.05000 -74.28
8.10000 -74.28
8.15000 -74.28
8.20000 -74.28
8.25000 -74.28
8.30000 -74.28
8.35000 -74.28
8.40000 -74.28
8.45000 -74.28
8.50000 -74.28
8.55000 -74.28
8.60000 -74.28
8.65000 -74.28
8.70000 -74.28
8.75000 -74.28
8.80000 -74.28
8.85000 -74.27
8.90000 -74.27
8.95000 -74.27
9.00000 -74.27
9.05000 -74.27
9.10000 -74.27
9.15000 -74.28
9.20000 -74.28
9.25000 -74.28
9.30000 -74.28
9.35000 -74.28
9.40000 -74.28
9.45000 -74.29
9.50000 -74.28
9.55000 -74.28
9.60000 -74.29
9.65000 -74.29
9.70000 -74.29
9.75000 -74.29
9.80000 -74.29
9.85000 -74.29
9.90000 -74.29
9.95000 -74.29
10.00000 -74.28
10.05000 -74.28
10.10000 -74.28
10.15000 -74.27
10.20000 -74.27
10.25000 -74.27
10.30000 -74.27
10.35000 -74.27
10.40000 -74.27
10.45000 -74.26
10.50000 -74.26
10.55000 -74.26
10.60000 -74.27
10.65000 -74.27
10.70000 -74.27
10.75000 -74.27
10.80000 -74.27
10.85000 -74.28
10.90000 -74.28
10.95000 -74.28
11.00000 -74.28
11.05000 -74.29
11.10000 -74.29
11.15000 -74.29
11.20000 -74.29
11.25000 -74.29
11.30000 -74.29
11.35000 -74.29
11.40000 -74.29
11.45000 -74.29
11.50000 -74.29
11.55000 -74.29
11.60000 -74.29
11.65000 -74.29
11.70000 -74.29
11.75000 -74.29
11.80000 -74.29
11.85000 -74.29
11.90000 -74.29
11.95000 -74.29
12.00000 -74.29
12.05000 -74.29
12.10000 -74.29
12.15000 -74.29
12.20000 -74.29
12.25000 -74.29
12.30000 -74.29
12.35000 -74.30
12.40000 -74.29
12.45000 -74.29
12.50000 -74.30
12.55000 -74.30
12.60000 -74.30
12.65000 -74.30
12.70000 -74.30
12.75000 -74.31
12.80000 -74.31
12.85000 -74.31
12.90000 -74.31
12.95000 -74.32
13.00000 -74.32
13.05000 -74.32
13.10000 -74.32
13.15000 -74.32
13.20000 -74.32
13.25000 -74.32
13.30000 -74.31
13.35000 -74.32
13.40000 -74.32
13.45000 -74.31
13.50000 -74.31
13.55000 -74.31
13.60000 -74.31
13.65000 -74.31
13.70000 -74.31
13.75000 -74.30
13.80000 -74.30
13.85000 -74.31
13.90000 -74.31
13.95000 -74.30
14.00000 -74.30
14.05000 -74.30
14.10000 -74.29
14.15000 -74.29
14.20000 -74.29
14.25000 -74.30
14.30000 -74.30
14.35000 -74.30
14.40000 -74.30
14.45000 -74.30
14.50000 -74.30
14.55000 -74.30
14.60000 -74.30
14.65000 -74.30
14.70000 -74.29
14.75000 -74.29
14.80000 -74.29
14.85000 -74.29
14.90000 -74.28
14.95000 -74.28
15.00000 -74.28
15.05000 -74.28
15.10000 -74.28
15.15000 -74.28
15.20000 -74.28
15.25000 -74.28
15.30000 -74.28
15.35000 -74.28
15.40000 -74.28
15.45000 -74.27
15.50000 -74.27
15.55000 -74.27
15.60000 -74.28
15.65000 -74.28
15.70000 -74.28
15.75000 -74.28
15.80000 -74.28
15.85000 -74.28
15.90000 -74.28
15.95000 -74.29
16.00000 -74.29
16.05000 -74.29
16.10000 -74.29
16.15000 -74.30
16.20000 -74.29
16.25000 -74.30
16.30000 -74.30
16.35000 -74.30
16.40000 -74.30
16.45000 -74.30
16.50000 -74.30
16.55000 -74.31
16.60000 -74.30
16.65000 -74.31
16.70000 -74.30
16.75000 -74.31
16.80000 -74.31
16.85000 -74.30
16.90000 -74.31
16.95000 -74.31
17.00000 -74.30
17.05000 -74.30
17.10000 -74.30
17.15000 -74.31
17.20000 -74.31
17.25000 -74.31
17.30000 -74.31
17.35000 -74.31
17.40000 -74.31
17.45000 -74.31
17.50000 -74.30
17.55000 -74.30
17.60000 -74.30
17.65000 -74.30
17.70000 -74.31
17.75000 -74.30
17.80000 -74.30
17.85000 -74.30
17.90000 -74.31
17.95000 -74.30
18.00000 -74.30
18.05000 -74.30
18.10000 -74.31
18.15000 -74.31
18.20000 -74.31
18.25000 -74.31
18.30000 -74.31
18.35000 -74.31
18.40000 -74.31
18.45000 -74.31
18.50000 -74.31
18.55000 -74.31
18.60000 -74.30
18.65000 -74.30
18.70000 -74.30
18.75000 -74.30
18.80000 -74.30
18.85000 -74.29
18.90000 -74.29
18.95000 -74.29
19.00000 -74.29
19.05000 -74.29
19.10000 -74.29
19.15000 -74.29
19.20000 -74.29
19.25000 -74.30
19.30000 -74.30
19.35000 -74.30
19.40000 -74.31
19.45000 -74.30
19.50000 -74.31
19.55000 -74.31
19.60000 -74.30
19.65000 -74.30
19.70000 -74.30
19.75000 -74.30
19.80000 -74.30
19.85000 -74.30
19.90000 -74.30
19.95000 -74.30
20.00000 -74.30
20.05000 -74.30
20.10000 -74.30
20.15000 -74.30
20.20000 -74.30
20.25000 -74.30
20.30000 -74.30
20.35000 -74.30
20.40000 -74.31
20.45000 -74.31
20.50000 -74.31
20.55000 -74.31
20.60000 -74.31
20.65000 -74.31
20.70000 -74.31
20.75000 -74.31
20.80000 -74.31
20.85000 -74.30
20.90000 -74.30
20.95000 -74.30
21.00000 -74.30
21.05000 -74.31
21.10000 -74.31
21.15000 -74.30
21.20000 -74.30
21.25000 -74.30
21.30000 -74.30
21.35000 -74.30
21.40000 -74.30
21.45000 -74.29
21.50000 -74.29
21.55000 -74.28
21.60000 -74.29
21.65000 -74.28
21.70000 -74.28
21.75000 -74.28
21.80000 -74.27
21.85000 -74.27
21.90000 -74.27
21.95000 -74.26
22.00000 -74.27
22.05000 -74.26
22.10000 -74.26
22.15000 -74.26
22.20000 -74.27
22.25000 -74.27
22.30000 -74.27
22.35000 -74.27
22.40000 -74.27
22.45000 -74.27
22.50000 -74.28
22.55000 -74.28
22.60000 -74.28
22.65000 -74.28
22.70000 -74.28
22.75000 -74.29
22.80000 -74.29
22.85000 -74.29
22.90000 -74.29
22.95000 -74.29
23.00000 -74.29
23.05000 -74.30
23.10000 -74.30
23.15000 -74.29
23.20000 -74.29
23.25000 -74.29
23.30000 -74.29
23.35000 -74.29
23.40000 -74.29
23.45000 -74.29
23.50000 -74.29
23.55000 -74.29
23.60000 -74.29
23.65000 -74.29
23.70000 -74.29
23.75000 -74.29
23.80000 -74.29
23.85000 -74.29
23.90000 -74.29
23.95000 -74.29
24.00000 -74.28
24.05000 -74.28
24.10000 -74.28
24.15000 -74.28
24.20000 -74.28
24.25000 -74.28
24.30000 -74.28
24.35000 -74.28
24.40000 -74.27
24.45000 -74.27
24.50000 -74.27
24.55000 -74.27
24.60000 -74.27
24.65000 -74.27
24.70000 -74.27
24.75000 -74.27
24.80000 -74.27
24.85000 -74.27
24.90000 -74.27
24.95000 -74.27
25.00000 -74.27
25.05000 -74.27
25.10000 -74.27
25.15000 -74.27
25.20000 -74.27
25.25000 -74.27
25.30000 -74.27
25.35000 -74.28
25.40000 -74.28
25.45000 -74.28
25.50000 -74.28
25.55000 -74.28
25.60000 -74.28
25.65000 -74.28
25.70000 -74.28
25.75000 -74.28
25.80000 -74.28
25.85000 -74.29
25.90000 -74.29
25.95000 -74.29
26.00000 -74.30
26.05000 -74.30
26.10000 -74.30
26.15000 -74.30
26.20000 -74.30
26.25000 -74.30
26.30000 -74.30
26.35000 -74.30
26.40000 -74.30
26.45000 -74.31
26.50000 -74.31
26.55000 -74.31
26.60000 -74.31
26.65000 -74.32
26.70000 -74.32
26.75000 -74.32
26.80000 -74.32
26.85000 -74.32
26.90000 -74.33
26.95000 -74.33
27.00000 -74.34
27.05000 -74.34
27.10000 -74.34
27.15000 -74.34
27.20000 -74.34
27.25000 -74.34
27.30000 -74.34
27.35000 -74.34
27.40000 -74.33
27.45000 -74.33
27.50000 -74.33
27.55000 -74.32
27.60000 -74.32
27.65000 -74.31
27.70000 -74.31
27.75000 -74.31
27.80000 -74.30
27.85000 -74.30
27.90000 -74.29
27.95000 -74.30
28.00000 -74.30
28.05000 -74.29
28.10000 -74.30
28.15000 -74.29
28.20000 -74.30
28.25000 -74.30
28.30000 -74.30
28.35000 -74.30
28.40000 -74.30
28.45000 -74.30
28.50000 -74.31
28.55000 -74.31
28.60000 -74.31
28.65000 -74.30
28.70000 -74.30
28.75000 -74.30
28.80000 -74.30
28.85000 -74.30
28.90000 -74.30
28.95000 -74.30
29.00000 -74.30
29.05000 -74.30
29.10000 -74.30
29.15000 -74.30
29.20000 -74.30
29.25000 -74.30
29.30000 -74.30
29.35000 -74.30
29.40000 -74.29
29.45000 -74.29
29.50000 -74.29
29.55000 -74.29
29.60000 -74.30
29.65000 -74.30
29.70000 -74.30
29.75000 -74.30
29.80000 -74.30
29.85000 -74.30
29.90000 -74.30
29.95000 -74.30
30.00000 -74.30
30.05000 -74.30
30.10000 -74.30
30.15000 -74.30
30.20000 -74.30
30.25000 -74.31
30.30000 -74.31
30.35000 -74.31
30.40000 -74.31
30.45000 -74.31
30.50000 -74.31
30.55000 -74.31
30.60000 -74.31
30.65000 -74.31
30.70000 -74.31
30.75000 -74.31
30.80000 -74.31
30.85000 -74.31
30.90000 -74.31
30.95000 -74.31
31.00000 -74.31
31.05000 -74.31
31.10000 -74.31
31.15000 -74.31
31.20000 -74.30
31.25000 -74.31
31.30000 -74.31
31.35000 -74.31
31.40000 -74.31
31.45000 -74.30
31.50000 -74.30
31.55000 -74.31
31.60000 -74.31
31.65000 -74.31
31.70000 -74.31
31.75000 -74.31
31.80000 -74.31
31.85000 -74.31
31.90000 -74.31
31.95000 -74.31
32.00000 -74.32
32.05000 -74.32
32.10000 -74.32
32.15000 -74.32
32.20000 -74.32
32.25000 -74.32
32.30000 -74.33
32.35000 -74.33
32.40000 -74.33
32.45000 -74.33
32.50000 -74.33
32.55000 -74.33
32.60000 -74.33
32.65000 -74.32
32.70000 -74.32
32.75000 -74.32
32.80000 -74.32
32.85000 -74.32
32.90000 -74.32
32.95000 -74.32
33.00000 -74.32
33.05000 -74.33
33.10000 -74.33
33.15000 -74.34
33.20000 -74.34
33.25000 -74.34
33.30000 -74.34
33.35000 -74.34
33.40000 -74.34
33.45000 -74.35
33.50000 -74.34
33.55000 -74.34
33.60000 -74.35
33.65000 -74.35
33.70000 -74.34
33.75000 -74.34
33.80000 -74.34
33.85000 -74.34
33.90000 -74.33
33.95000 -74.34
34.00000 -74.34
34.05000 -74.33
34.10000 -74.33
34.15000 -74.33
34.20000 -74.33
34.25000 -74.33
34.30000 -74.33
34.35000 -74.33
34.40000 -74.33
34.45000 -74.33
34.50000 -74.33
34.55000 -74.32
34.60000 -74.32
34.65000 -74.32
34.70000 -74.32
34.75000 -74.31
34.80000 -74.31
34.85000 -74.31
34.90000 -74.31
34.95000 -74.30
35.00000 -74.30
35.05000 -74.31
35.10000 -74.30
35.15000 -74.30
35.20000 -74.31
35.25000 -74.30
35.30000 -74.30
35.35000 -74.30
35.40000 -74.30
35.45000 -74.30
35.50000 -74.30
35.55000 -74.30
35.60000 -74.30
35.65000 -74.30
35.70000 -74.30
35.75000 -74.30
35.80000 -74.30
35.85000 -74.30
35.90000 -74.30
35.95000 -74.30
36.00000 -74.30
36.05000 -74.30
36.10000 -74.30
36.15000 -74.30
36.20000 -74.29
36.25000 -74.29
36.30000 -74.30
36.35000 -74.30
36.40000 -74.30
36.45000 -74.30
36.50000 -74.30
36.55000 -74.30
36.60000 -74.30
36.65000 -74.30
36.70000 -74.30
36.75000 -74.30
36.80000 -74.30
36.85000 -74.30
36.90000 -74.30
36.95000 -74.30
37.00000 -74.30
37.05000 -74.30
37.10000 -74.30
37.15000 -74.30
37.20000 -74.30
37.25000 -74.29
37.30000 -74.29
37.35000 -74.29
37.40000 -74.29
37.45000 -74.29
37.50000 -74.29
37.55000 -74.29
37.60000 -74.29
37.65000 -74.29
37.70000 -74.29
37.75000 -74.29
37.80000 -74.30
37.85000 -74.30
37.90000 -74.30
37.95000 -74.30
38.00000 -74.30
38.05000 -74.30
38.10000 -74.30
38.15000 -74.30
38.20000 -74.30
38.25000 -74.30
38.30000 -74.30
38.35000 -74.29
38.40000 -74.29
38.45000 -74.29
38.50000 -74.29
38.55000 -74.29
38.60000 -74.29
38.65000 -74.29
38.70000 -74.29
38.75000 -74.29
38.80000 -74.29
38.85000 -74.29
38.90000 -74.29
38.95000 -74.29
39.00000 -74.29
39.05000 -74.29
39.10000 -74.29
39.15000 -74.29
39.20000 -74.30
39.25000 -74.29
39.30000 -74.29
39.35000 -74.29
39.40000 -74.29
39.45000 -74.29
39.50000 -74.30
39.55000 -74.29
39.60000 -74.29
39.65000 -74.30
39.70000 -74.30
39.75000 -74.30
39.80000 -74.30
39.85000 -74.30
39.90000 -74.30
39.95000 -74.30
40.00000 -74.30
40.05000 -74.30
40.10000 -74.30
40.15000 -74.30
40.20000 -74.29
40.25000 -74.30
40.30000 -74.30
40.35000 -74.30
40.40000 -74.29
40.45000 -74.29
40.50000 -74.29
40.55000 -74.29
40.60000 -74.29
40.65000 -74.29
40.70000 -74.29
40.75000 -74.29
40.80000 -74.29
40.85000 -74.29
40.90000 -74.29
40.95000 -74.29
41.00000 -74.29
41.05000 -74.29
41.10000 -74.29
41.15000 -74.28
41.20000 -74.28
41.25000 -74.28
41.30000 -74.28
41.35000 -74.28
41.40000 -74.27
41.45000 -74.27
41.50000 -74.28
41.55000 -74.28
41.60000 -74.28
41.65000 -74.28
41.70000 -74.29
41.75000 -74.29
41.80000 -74.28
41.85000 -74.29
41.90000 -74.29
41.95000 -74.29
42.00000 -74.29
42.05000 -74.29
42.10000 -74.29
42.15000 -74.29
42.20000 -74.29
42.25000 -74.28
42.30000 -74.28
42.35000 -74.28
42.40000 -74.28
42.45000 -74.28
42.50000 -74.28
42.55000 -74.28
42.60000 -74.27
42.65000 -74.27
42.70000 -74.27
42.75000 -74.28
42.80000 -74.28
42.85000 -74.28
42.90000 -74.28
42.95000 -74.28
43.00000 -74.29
43.05000 -74.29
43.10000 -74.29
43.15000 -74.29
43.20000 -74.29
43.25000 -74.29
43.30000 -74.29
43.35000 -74.29
43.40000 -74.29
43.45000 -74.29
43.50000 -74.29
43.55000 -74.30
43.60000 -74.30
43.65000 -74.30
43.70000 -74.30
43.75000 -74.30
43.80000 -74.30
43.85000 -74.31
43.90000 -74.31
43.95000 -74.31
44.00000 -74.31
44.05000 -74.31
44.10000 -74.31
44.15000 -74.31
44.20000 -74.31
44.25000 -74.30
44.30000 -74.30
44.35000 -74.30
44.40000 -74.30
44.45000 -74.30
44.50000 -74.31
44.55000 -74.31
44.60000 -74.31
44.65000 -74.31
44.70000 -74.31
44.75000 -74.31
44.80000 -74.31
44.85000 -74.31
44.90000 -74.31
44.95000 -74.31
45.00000 -74.31
45.05000 -74.31
45.10000 -74.30
45.15000 -74.30
45.20000 -74.30
45.25000 -74.30
45.30000 -74.30
45.35000 -74.30
45.40000 -74.30
45.45000 -74.30
45.50000 -74.30
45.55000 -74.30
45.60000 -74.30
45.65000 -74.29
45.70000 -74.29
45.75000 -74.29
45.80000 -74.29
45.85000 -74.29
45.90000 -74.29
45.95000 -74.29
46.00000 -74.29
46.05000 -74.29
46.10000 -74.29
46.15000 -74.29
46.20000 -74.29
46.25000 -74.29
46.30000 -74.29
46.35000 -74.30
46.40000 -74.30
46.45000 -74.30
46.50000 -74.30
46.55000 -74.30
46.60000 -74.30
46.65000 -74.30
46.70000 -74.30
46.75000 -74.30
46.80000 -74.29
46.85000 -74.29
46.90000 -74.29
46.95000 -74.29
47.00000 -74.28
47.05000 -74.28
47.10000 -74.28
47.15000 -74.28
47.20000 -74.28
47.25000 -74.28
47.30000 -74.28
47.35000 -74.27
47.40000 -74.27
47.45000 -74.27
47.50000 -74.26
47.55000 -74.27
47.60000 -74.27
47.65000 -74.27
47.70000 -74.27
47.75000 -74.27
47.80000 -74.27
47.85000 -74.27
47.90000 -74.27
47.95000 -74.27
48.00000 -74.28
48.05000 -74.28
48.10000 -74.28
48.15000 -74.28
48.20000 -74.28
48.25000 -74.29
48.30000 -74.29
48.35000 -74.29
48.40000 -74.29
48.45000 -74.30
48.50000 -74.30
48.55000 -74.30
48.60000 -74.30
48.65000 -74.31
48.70000 -74.31
48.75000 -74.31
48.80000 -74.31
48.85000 -74.31
48.90000 -74.32
48.95000 -74.32
49.00000 -74.32
49.05000 -74.32
49.10000 -74.32
49.15000 -74.32
49.20000 -74.32
49.25000 -74.32
49.30000 -74.32
49.35000 -74.32
49.40000 -74.32
49.45000 -74.32
49.50000 -74.31
49.55000 -74.31
49.60000 -74.31
49.65000 -74.30
49.70000 -74.30
49.75000 -74.30
49.80000 -74.30
49.85000 -74.30
49.90000 -74.30
49.95000 -74.30
50.00000 -74.30
50.05000 -74.29
50.10000 -74.30
50.15000 -74.29
50.20000 -74.30
50.25000 -74.30
50.30000 -74.30
50.35000 -74.30
50.40000 -74.30
50.45000 -74.30
50.50000 -74.30
50.55000 -74.30
50.60000 -74.30
50.65000 -74.30
50.70000 -74.30
50.75000 -74.30
50.80000 -74.30
50.85000 -74.30
50.90000 -74.31
50.95000 -74.30
51.00000 -74.30
51.05000 -74.30
51.10000 -74.30
51.15000 -74.30
51.20000 -74.30
51.25000 -74.30
51.30000 -74.30
51.35000 -74.30
51.40000 -74.30
51.45000 -74.30
51.50000 -74.30
51.55000 -74.30
51.60000 -74.30
51.65000 -74.30
51.70000 -74.30
51.75000 -74.30
51.80000 -74.29
51.85000 -74.29
51.90000 -74.29
51.95000 -74.30
52.00000 -74.30
52.05000 -74.30
52.10000 -74.30
52.15000 -74.30
52.20000 -74.30
52.25000 -74.29
52.30000 -74.29
52.35000 -74.29
52.40000 -74.29
52.45000 -74.29
52.50000 -74.29
52.55000 -74.29
52.60000 -74.29
52.65000 -74.29
52.70000 -74.28
52.75000 -74.28
52.80000 -74.29
52.85000 -74.29
52.90000 -74.29
52.95000 -74.29
53.00000 -74.29
53.05000 -74.28
53.10000 -74.28
53.15000 -74.28
53.20000 -74.28
53.25000 -74.28
53.30000 -74.28
53.35000 -74.28
53.40000 -74.28
53.45000 -74.28
53.50000 -74.28
53.55000 -74.28
53.60000 -74.28
53.65000 -74.28
53.70000 -74.28
53.75000 -74.28
53.80000 -74.28
53.85000 -74.29
53.90000 -74.29
53.95000 -74.29
54.00000 -74.29
54.05000 -74.28
54.10000 -74.28
54.15000 -74.28
54.20000 -74.28
54.25000 -74.28
54.30000 -74.28
54.35000 -74.27
54.40000 -74.27
54.45000 -74.27
54.50000 -74.26
54.55000 -74.26
54.60000 -74.26
54.65000 -74.26
54.70000 -74.26
54.75000 -74.26
54.80000 -74.26
54.85000 -74.26
54.90000 -74.26
54.95000 -74.26
55.00000 -74.26
55.05000 -74.26
55.10000 -74.26
55.15000 -74.27
55.20000 -74.27
55.25000 -74.27
55.30000 -74.26
55.35000 -74.26
55.40000 -74.26
55.45000 -74.26
55.50000 -74.26
55.55000 -74.27
55.60000 -74.27
55.65000 -74.27
55.70000 -74.27
55.75000 -74.27
55.80000 -74.27
55.85000 -74.27
55.90000 -74.27
55.95000 -74.27
56.00000 -74.27
56.05000 -74.27
56.10000 -74.27
56.15000 -74.27
56.20000 -74.26
56.25000 -74.26
56.30000 -74.27
56.35000 -74.27
56.40000 -74.27
56.45000 -74.27
56.50000 -74.27
56.55000 -74.27
56.60000 -74.27
56.65000 -74.27
56.70000 -74.27
56.75000 -74.28
56.80000 -74.28
56.85000 -74.28
56.90000 -74.28
56.95000 -74.28
57.00000 -74.29
57.05000 -74.28
57.10000 -74.28
57.15000 -74.29
57.20000 -74.29
57.25000 -74.29
57.30000 -74.29
57.35000 -74.29
57.40000 -74.29
57.45000 -74.29
57.50000 -74.29
57.55000 -74.29
57.60000 -74.29
57.65000 -74.29
57.70000 -74.29
57.75000 -74.29
57.80000 -74.29
57.85000 -74.29
57.90000 -74.30
57.95000 -74.30
58.00000 -74.30
58.05000 -74.31
58.10000 -74.31
58.15000 -74.31
58.20000 -74.31
58.25000 -74.31
58.30000 -74.30
58.35000 -74.30
58.40000 -74.30
58.45000 -74.30
58.50000 -74.30
58.55000 -74.30
58.60000 -74.30
58.65000 -74.30
58.70000 -74.30
58.75000 -74.30
58.80000 -74.30
58.85000 -74.29
58.90000 -74.29
58.95000 -74.29
59.00000 -74.29
59.05000 -74.29
59.10000 -74.29
59.15000 -74.29
59.20000 -74.29
59.25000 -74.29
59.30000 -74.29
59.35000 -74.29
59.40000 -74.29
59.45000 -74.29
59.50000 -74.29
59.55000 -74.29
59.60000 -74.28
59.65000 -74.28
59.70000 -74.28
59.75000 -74.28
59.80000 -74.28
59.85000 -74.28
59.90000 -74.27
59.95000 -74.27
60.00000 -74.27
60.05000 -74.27
60.10000 -74.27
60.15000 -74.27
60.20000 -74.27
60.25000 -74.27
60.30000 -74.27
60.35000 -74.27
60.40000 -74.28
60.45000 -74.28
60.50000 -74.28
60.55000 -74.28
60.60000 -74.28
60.65000 -74.28
60.70000 -74.29
60.75000 -74.29
60.80000 -74.29
60.85000 -74.29
60.90000 -74.29
60.95000 -74.29
61.00000 -74.29
61.05000 -74.29
61.10000 -74.29
61.15000 -74.29
61.20000 -74.29
61.25000 -74.29
61.30000 -74.29
61.35000 -74.29
61.40000 -74.29
61.45000 -74.29
61.50000 -74.29
61.55000 -74.28
61.60000 -74.28
61.65000 -74.28
61.70000 -74.28
61.75000 -74.27
61.80000 -74.27
61.85000 -74.27
61.90000 -74.27
61.95000 -74.27
62.00000 -74.27
62.05000 -74.27
62.10000 -74.27
62.15000 -74.27
62.20000 -74.27
62.25000 -74.28
62.30000 -74.28
62.35000 -74.28
62.40000 -74.28
62.45000 -74.28
62.50000 -74.28
62.55000 -74.28
62.60000 -74.28
62.65000 -74.29
62.70000 -74.29
62.75000 -74.29
62.80000 -74.29
62.85000 -74.29
62.90000 -74.29
62.95000 -74.29
63.00000 -74.30
63.05000 -74.30
63.10000 -74.30
63.15000 -74.30
63.20000 -74.30
63.25000 -74.31
63.30000 -74.31
63.35000 -74.30
63.40000 -74.30
63.45000 -74.30
63.50000 -74.30
63.55000 -74.30
63.60000 -74.30
63.65000 -74.30
63.70000 -74.30
63.75000 -74.30
63.80000 -74.30
63.85000 -74.31
63.90000 -74.31
63.95000 -74.31
64.00000 -74.31
64.05000 -74.31
64.10000 -74.31
64.15000 -74.31
64.20000 -74.31
64.25000 -74.31
64.30000 -74.31
64.35000 -74.31
64.40000 -74.31
64.45000 -74.31
64.50000 -74.31
64.55000 -74.31
64.60000 -74.31
64.65000 -74.32
64.70000 -74.31
64.75000 -74.32
64.80000 -74.32
64.85000 -74.32
64.90000 -74.32
64.95000 -74.32
65.00000 -74.32
65.05000 -74.32
65.10000 -74.32
65.15000 -74.32
65.20000 -74.32
65.25000 -74.31
65.30000 -74.31
65.35000 -74.31
65.40000 -74.31
65.45000 -74.31
65.50000 -74.31
65.55000 -74.30
65.60000 -74.30
65.65000 -74.30
65.70000 -74.30
65.75000 -74.30
65.80000 -74.30
65.85000 -74.30
65.90000 -74.30
65.95000 -74.30
66.00000 -74.30
66.05000 -74.30
66.10000 -74.30
66.15000 -74.30
66.20000 -74.31
66.25000 -74.31
66.30000 -74.31
66.35000 -74.31
66.40000 -74.31
66.45000 -74.31
66.50000 -74.31
66.55000 -74.31
66.60000 -74.31
66.65000 -74.31
66.70000 -74.31
66.75000 -74.31
66.80000 -74.31
66.85000 -74.31
66.90000 -74.31
66.95000 -74.31
67.00000 -74.32
67.05000 -74.31
67.10000 -74.32
67.15000 -74.32
67.20000 -74.32
67.25000 -74.32
67.30000 -74.32
67.35000 -74.32
67.40000 -74.32
67.45000 -74.31
67.50000 -74.31
67.55000 -74.31
67.60000 -74.30
67.65000 -74.30
67.70000 -74.30
67.75000 -74.30
67.80000 -74.30
67.85000 -74.29
67.90000 -74.29
67.95000 -74.29
68.00000 -74.29
68.05000 -74.29
68.10000 -74.30
68.15000 -74.30
68.20000 -74.30
68.25000 -74.30
68.30000 -74.30
68.35000 -74.30
68.40000 -74.30
68.45000 -74.30
68.50000 -74.30
68.55000 -74.30
68.60000 -74.30
68.65000 -74.30
68.70000 -74.29
68.75000 -74.29
68.80000 -74.29
68.85000 -74.29
68.90000 -74.29
68.95000 -74.29
69.00000 -74.29
69.05000 -74.29
69.10000 -74.29
69.15000 -74.29
69.20000 -74.29
69.25000 -74.30
69.30000 -74.30
69.35000 -74.30
69.40000 -74.30
69.45000 -74.30
69.50000 -74.30
69.55000 -74.31
69.60000 -74.31
69.65000 -74.31
69.70000 -74.31
69.75000 -74.31
69.80000 -74.31
69.85000 -74.31
69.90000 -74.31
69.95000 -74.31
70.00000 -74.31
70.05000 -74.31
70.10000 -74.31
70.15000 -74.31
70.20000 -74.31
70.25000 -74.31
70.30000 -74.31
70.35000 -74.30
70.40000 -74.30
70.45000 -74.30
70.50000 -74.29
70.55000 -74.29
70.60000 -74.29
70.65000 -74.29
70.70000 -74.29
70.75000 -74.29
70.80000 -74.29
70.85000 -74.28
70.90000 -74.28
70.95000 -74.28
71.00000 -74.28
71.05000 -74.28
71.10000 -74.28
71.15000 -74.28
71.20000 -74.28
71.25000 -74.29
71.30000 -74.29
71.35000 -74.29
71.40000 -74.30
71.45000 -74.30
71.50000 -74.30
71.55000 -74.29
71.60000 -74.29
71.65000 -74.29
71.70000 -74.29
71.75000 -74.29
71.80000 -74.29
71.85000 -74.29
71.90000 -74.29
71.95000 -74.29
72.00000 -74.29
72.05000 -74.29
72.10000 -74.29
72.15000 -74.29
72.20000 -74.29
72.25000 -74.29
72.30000 -74.30
72.35000 -74.30
72.40000 -74.30
72.45000 -74.30
72.50000 -74.30
72.55000 -74.30
72.60000 -74.31
72.65000 -74.31
72.70000 -74.31
72.75000 -74.31
72.80000 -74.31
72.85000 -74.31
72.90000 -74.31
72.95000 -74.31
73.00000 -74.31
73.05000 -74.30
73.10000 -74.30
73.15000 -74.31
73.20000 -74.30
73.25000 -74.30
73.30000 -74.30
73.35000 -74.30
73.40000 -74.30
73.45000 -74.30
73.50000 -74.30
73.55000 -74.30
73.60000 -74.29
73.65000 -74.29
73.70000 -74.30
73.75000 -74.30
73.80000 -74.30
73.85000 -74.30
73.90000 -74.30
73.95000 -74.30
74.00000 -74.30
74.05000 -74.30
74.10000 -74.30
74.15000 -74.30
74.20000 -74.30
74.25000 -74.30
74.30000 -74.30
74.35000 -74.30
74.40000 -74.30
74.45000 -74.30
74.50000 -74.30
74.55000 -74.30
74.60000 -74.30
74.65000 -74.31
74.70000 -74.31
74.75000 -74.31
74.80000 -74.31
74.85000 -74.31
74.90000 -74.31
74.95000 -74.31
75.00000 -74.31
75.05000 -74.31
75.10000 -74.31
75.15000 -74.31
75.20000 -74.31
75.25000 -74.31
75.30000 -74.31
75.35000 -74.31
75.40000 -74.30
75.45000 -74.30
75.50000 -74.30
75.55000 -74.30
75.60000 -74.30
75.65000 -74.30
75.70000 -74.30
75.75000 -74.30
75.80000 -74.30
75.85000 -74.30
75.90000 -74.30
75.95000 -74.30
76.00000 -74.30
76.05000 -74.30
76.10000 -74.30
76.15000 -74.30
76.20000 -74.30
76.25000 -74.30
76.30000 -74.30
76.35000 -74.30
76.40000 -74.30
76.45000 -74.31
76.50000 -74.31
76.55000 -74.31
76.60000 -74.31
76.65000 -74.31
76.70000 -74.31
76.75000 -74.31
76.80000 -74.31
76.85000 -74.31
76.90000 -74.31
76.95000 -74.31
77.00000 -74.31
77.05000 -74.31
77.10000 -74.31
77.15000 -74.31
77.20000 -74.31
77.25000 -74.30
77.30000 -74.31
77.35000 -74.30
77.40000 -74.30
77.45000 -74.30
77.50000 -74.30
77.55000 -74.31
77.60000 -74.31
77.65000 -74.31
77.70000 -74.31
77.75000 -74.32
77.80000 -74.32
77.85000 -74.32
77.90000 -74.32
77.95000 -74.32
78.00000 -74.32
78.05000 -74.32
78.10000 -74.31
78.15000 -74.31
78.20000 -74.31
78.25000 -74.31
78.30000 -74.31
78.35000 -74.31
78.40000 -74.31
78.45000 -74.31
78.50000 -74.31
78.55000 -74.31
78.60000 -74.31
78.65000 -74.31
78.70000 -74.31
78.75000 -74.30
78.80000 -74.30
78.85000 -74.30
78.90000 -74.30
78.95000 -74.29
79.00000 -74.30
79.05000 -74.30
79.10000 -74.30
79.15000 -74.29
79.20000 -74.30
79.25000 -74.29
79.30000 -74.29
79.35000 -74.30
79.40000 -74.30
79.45000 -74.30
79.50000 -74.31
79.55000 -74.31
79.60000 -74.32
79.65000 -74.31
79.70000 -74.32
79.75000 -74.32
79.80000 -74.33
79.85000 -74.33
79.90000 -74.33
79.95000 -74.33
80.00000 -74.33
80.05000 -74.33
80.10000 -74.33
80.15000 -74.33
80.20000 -74.33
80.25000 -74.32
80.30000 -74.32
80.35000 -74.32
80.40000 -74.32
80.45000 -74.32
80.50000 -74.33
80.55000 -74.32
80.60000 -74.33
80.65000 -74.33
80.70000 -74.33
80.75000 -74.32
80.80000 -74.32
80.85000 -74.32
80.90000 -74.32
80.95000 -74.32
81.00000 -74.32
81.05000 -74.31
81.10000 -74.32
81.15000 -74.32
81.20000 -74.32
81.25000 -74.31
81.30000 -74.31
81.35000 -74.31
81.40000 -74.31
81.45000 -74.31
81.50000 -74.31
81.55000 -74.31
81.60000 -74.31
81.65000 -74.31
81.70000 -74.32
81.75000 -74.32
81.80000 -74.32
81.85000 -74.32
81.90000 -74.32
81.95000 -74.32
82.00000 -74.32
82.05000 -74.32
82.10000 -74.32
82.15000 -74.32
82.20000 -74.32
82.25000 -74.31
82.30000 -74.31
82.35000 -74.31
82.40000 -74.31
82.45000 -74.31
82.50000 -74.30
82.55000 -74.30
82.60000 -74.30
82.65000 -74.30
82.70000 -74.31
82.75000 -74.31
82.80000 -74.31
82.85000 -74.31
82.90000 -74.32
82.95000 -74.32
83.00000 -74.33
83.05000 -74.32
83.10000 -74.33
83.15000 -74.33
83.20000 -74.32
83.25000 -74.32
83.30000 -74.32
83.35000 -74.32
83.40000 -74.32
83.45000 -74.32
83.50000 -74.32
83.55000 -74.32
83.60000 -74.32
83.65000 -74.32
83.70000 -74.32
83.75000 -74.32
83.80000 -74.32
83.85000 -74.32
83.90000 -74.32
83.95000 -74.32
84.00000 -74.32
84.05000 -74.32
84.10000 -74.32
84.15000 -74.32
84.20000 -74.32
84.25000 -74.32
84.30000 -74.32
84.35000 -74.32
84.40000 -74.32
84.45000 -74.32
84.50000 -74.32
84.55000 -74.32
84.60000 -74.32
84.65000 -74.32
84.70000 -74.32
84.75000 -74.32
84.80000 -74.32
84.85000 -74.31
84.90000 -74.32
84.95000 -74.31
85.00000 -74.31
85.05000 -74.31
85.10000 -74.31
85.15000 -74.32
85.20000 -74.31
85.25000 -74.31
85.30000 -74.31
85.35000 -74.31
85.40000 -74.31
85.45000 -74.31
85.50000 -74.31
85.55000 -74.31
85.60000 -74.31
85.65000 -74.31
85.70000 -74.31
85.75000 -74.30
85.80000 -74.31
85.85000 -74.31
85.90000 -74.31
85.95000 -74.30
86.00000 -74.31
86.05000 -74.31
86.10000 -74.31
86.15000 -74.31
86.20000 -74.30
86.25000 -74.30
86.30000 -74.30
86.35000 -74.30
86.40000 -74.29
86.45000 -74.29
86.50000 -74.29
86.55000 -74.29
86.60000 -74.29
86.65000 -74.28
86.70000 -74.28
86.75000 -74.28
86.80000 -74.28
86.85000 -74.28
86.90000 -74.28
86.95000 -74.29
87.00000 -74.29
87.05000 -74.29
87.10000 -74.29
87.15000 -74.29
87.20000 -74.29
87.25000 -74.30
87.30000 -74.29
87.35000 -74.29
87.40000 -74.29
87.45000 -74.29
87.50000 -74.29
87.55000 -74.29
87.60000 -74.29
87.65000 -74.29
87.70000 -74.29
87.75000 -74.29
87.80000 -74.29
87.85000 -74.29
87.90000 -74.29
87.95000 -74.29
88.00000 -74.29
88.05000 -74.29
88.10000 -74.29
88.15000 -74.29
88.20000 -74.29
88.25000 -74.29
88.30000 -74.29
88.35000 -74.29
88.40000 -74.29
88.45000 -74.29
88.50000 -74.29
88.55000 -74.29
88.60000 -74.29
88.65000 -74.29
88.70000 -74.29
88.75000 -74.29
88.80000 -74.29
88.85000 -74.30
88.90000 -74.30
88.95000 -74.30
89.00000 -74.31
89.05000 -74.31
89.10000 -74.31
89.15000 -74.31
89.20000 -74.31
89.25000 -74.30
89.30000 -74.30
89.35000 -74.30
89.40000 -74.30
89.45000 -74.29
89.50000 -74.29
89.55000 -74.29
89.60000 -74.29
89.65000 -74.28
89.70000 -74.28
89.75000 -74.27
89.80000 -74.27
89.85000 -74.27
89.90000 -74.27
89.95000 -74.27
90.00000 -74.27
90.05000 -74.27
90.10000 -74.27
90.15000 -74.27
90.20000 -74.27
90.25000 -74.27
90.30000 -74.28
90.35000 -74.28
90.40000 -74.27
90.45000 -74.28
90.50000 -74.28
90.55000 -74.28
90.60000 -74.28
90.65000 -74.28
90.70000 -74.28
90.75000 -74.28
90.80000 -74.28
90.85000 -74.28
90.90000 -74.28
90.95000 -74.28
91.00000 -74.28
91.05000 -74.28
91.10000 -74.28
91.15000 -74.28
91.20000 -74.28
91.25000 -74.29
91.30000 -74.29
91.35000 -74.28
91.40000 -74.29
91.45000 -74.29
91.50000 -74.29
91.55000 -74.29
91.60000 -74.29
91.65000 -74.30
91.70000 -74.30
91.75000 -74.30
91.80000 -74.30
91.85000 -74.30
91.90000 -74.30
91.95000 -74.30
92.00000 -74.30
92.05000 -74.30
92.10000 -74.30
92.15000 -74.30
92.20000 -74.30
92.25000 -74.30
92.30000 -74.30
92.35000 -74.30
92.40000 -74.30
92.45000 -74.31
92.50000 -74.31
92.55000 -74.31
92.60000 -74.31
92.65000 -74.31
92.70000 -74.31
92.75000 -74.31
92.80000 -74.31
92.85000 -74.30
92.90000 -74.30
92.95000 -74.30
93.00000 -74.30
93.05000 -74.30
93.10000 -74.30
93.15000 -74.30
93.20000 -74.30
93.25000 -74.29
93.30000 -74.29
93.35000 -74.29
93.40000 -74.29
93.45000 -74.29
93.50000 -74.29
93.55000 -74.29
93.60000 -74.28
93.65000 -74.28
93.70000 -74.28
93.75000 -74.28
93.80000 -74.29
93.85000 -74.29
93.90000 -74.29
93.95000 -74.28
94.00000 -74.28
94.05000 -74.28
94.10000 -74.28
94.15000 -74.28
94.20000 -74.28
94.25000 -74.28
94.30000 -74.28
94.35000 -74.28
94.40000 -74.28
94.45000 -74.28
94.50000 -74.28
94.55000 -74.28
94.60000 -74.28
94.65000 -74.28
94.70000 -74.28
94.75000 -74.28
94.80000 -74.28
94.85000 -74.28
94.90000 -74.28
94.95000 -74.28
95.00000 -74.29
95.05000 -74.28
95.10000 -74.29
95.15000 -74.29
95.20000 -74.29
95.25000 -74.29
95.30000 -74.29
95.35000 -74.29
95.40000 -74.29
95.45000 -74.29
95.50000 -74.29
95.55000 -74.29
95.60000 -74.29
95.65000 -74.30
95.70000 -74.29
95.75000 -74.29
95.80000 -74.29
95.85000 -74.29
95.90000 -74.29
95.95000 -74.29
96.00000 -74.29
96.05000 -74.29
96.10000 -74.29
96.15000 -74.29
96.20000 -74.29
96.25000 -74.30
96.30000 -74.29
96.35000 -74.29
96.40000 -74.29
96.45000 -74.29
96.50000 -74.29
96.55000 -74.29
96.60000 -74.29
96.65000 -74.29
96.70000 -74.29
96.75000 -74.29
96.80000 -74.29
96.85000 -74.29
96.90000 -74.29
96.95000 -74.29
97.00000 -74.30
97.05000 -74.29
97.10000 -74.30
97.15000 -74.30
97.20000 -74.30
97.25000 -74.30
97.30000 -74.30
97.35000 -74.30
97.40000 -74.30
97.45000 -74.30
97.50000 -74.31
97.55000 -74.31
97.60000 -74.30
97.65000 -74.30
97.70000 -74.30
97.75000 -74.31
97.80000 -74.31
97.85000 -74.30
97.90000 -74.30
97.95000 -74.30
98.00000 -74.30
98.05000 -74.30
98.10000 -74.31
98.15000 -74.31
98.20000 -74.31
98.25000 -74.31
98.30000 -74.31
98.35000 -74.31
98.40000 -74.31
98.45000 -74.31
98.50000 -74.31
98.55000 -74.31
98.60000 -74.31
98.65000 -74.31
98.70000 -74.31
98.75000 -74.30
98.80000 -74.30
98.85000 -74.30
98.90000 -74.30
98.95000 -74.30
99.00000 -74.30
99.05000 -74.30
99.10000 -74.30
99.15000 -74.30
99.20000 -74.30
99.25000 -74.31
99.30000 -74.31
99.35000 -74.31
99.40000 -74.31
99.45000 -74.31
99.50000 -74.31
99.55000 -74.31
99.60000 -74.31
99.65000 -74.31
99.70000 -74.31
99.75000 -74.31
99.80000 -74.31
99.85000 -74.31
99.90000 -74.31
99.95000 -74.32
100.00000 -74.31
100.05000 -74.32
100.10000 -74.32
100.15000 -74.31
100.20000 -74.32
100.25000 -74.32
100.30000 -74.31
100.35000 -74.31
100.40000 -74.31
100.45000 -74.31
100.50000 -74.31
100.55000 -74.31
100.60000 -74.31
100.65000 -74.31
100.70000 -74.31
100.75000 -74.30
100.80000 -74.30
100.85000 -74.31
100.90000 -74.31
100.95000 -74.31
101.00000 -74.31
101.05000 -74.31
101.10000 -74.31
101.15000 -74.31
101.20000 -74.31
101.25000 -74.31
101.30000 -74.31
101.35000 -74.31
101.40000 -74.31
101.45000 -74.31
101.50000 -74.31
101.55000 -74.31
101.60000 -74.31
101.65000 -74.31
101.70000 -74.30
101.75000 -74.30
101.80000 -74.30
101.85000 -74.30
101.90000 -74.30
101.95000 -74.30
102.00000 -74.30
102.05000 -74.30
102.10000 -74.31
102.15000 -74.30
102.20000 -74.30
102.25000 -74.31
102.30000 -74.31
102.35000 -74.31
102.40000 -74.32
102.45000 -74.31
102.50000 -74.32
102.55000 -74.32
102.60000 -74.32
102.65000 -74.32
102.70000 -74.32
102.75000 -74.32
102.80000 -74.32
102.85000 -74.32
102.90000 -74.32
102.95000 -74.32
103.00000 -74.32
103.05000 -74.32
103.10000 -74.32
103.15000 -74.32
103.20000 -74.32
103.25000 -74.32
103.30000 -74.32
103.35000 -74.32
103.40000 -74.32
103.45000 -74.32
103.50000 -74.31
103.55000 -74.31
103.60000 -74.32
103.65000 -74.32
103.70000 -74.32
103.75000 -74.32
103.80000 -74.32
103.85000 -74.32
103.90000 -74.32
103.95000 -74.32
104.00000 -74.32
104.05000 -74.32
104.10000 -74.32
104.15000 -74.33
104.20000 -74.33
104.25000 -74.33
104.30000 -74.33
104.35000 -74.32
104.40000 -74.33
104.45000 -74.32
104.50000 -74.33
104.55000 -74.33
104.60000 -74.33
104.65000 -74.32
104.70000 -74.32
104.75000 -74.32
104.80000 -74.32
104.85000 -74.31
104.90000 -74.31
104.95000 -74.31
105.00000 -74.31
105.05000 -74.31
105.10000 -74.31
105.15000 -74.31
105.20000 -74.31
105.25000 -74.31
105.30000 -74.31
105.35000 -74.31
105.40000 -74.30
105.45000 -74.30
105.50000 -74.30
105.55000 -74.30
105.60000 -74.30
105.65000 -74.29
105.70000 -74.29
105.75000 -74.28
105.80000 -74.29
105.85000 -74.29
105.90000 -74.29
105.95000 -74.30
106.00000 -74.30
106.05000 -74.30
106.10000 -74.30
106.15000 -74.30
106.20000 -74.30
106.25000 -74.30
106.30000 -74.30
106.35000 -74.30
106.40000 -74.30
106.45000 -74.30
106.50000 -74.30
106.55000 -74.30
106.60000 -74.30
106.65000 -74.29
106.70000 -74.29
106.75000 -74.30
106.80000 -74.30
106.85000 -74.30
106.90000 -74.30
106.95000 -74.30
107.00000 -74.30
107.05000 -74.30
107.10000 -74.31
107.15000 -74.31
107.20000 -74.31
107.25000 -74.31
107.30000 -74.31
107.35000 -74.31
107.40000 -74.31
107.45000 -74.32
107.50000 -74.32
107.55000 -74.32
107.60000 -74.32
107.65000 -74.32
107.70000 -74.32
107.75000 -74.32
107.80000 -74.32
107.85000 -74.33
107.90000 -74.33
107.95000 -74.34
108.00000 -74.34
108.05000 -74.34
108.10000 -74.34
108.15000 -74.34
108.20000 -74.34
108.25000 -74.34
108.30000 -74.34
108.35000 -74.34
108.40000 -74.34
108.45000 -74.34
108.50000 -74.33
108.55000 -74.33
108.60000 -74.33
108.65000 -74.33
108.70000 -74.33
108.75000 -74.33
108.80000 -74.32
108.85000 -74.32
108.90000 -74.32
108.95000 -74.32
109.00000 -74.31
109.05000 -74.31
109.10000 -74.31
109.15000 -74.31
109.20000 -74.31
109.25000 -74.31
109.30000 -74.31
109.35000 -74.31
109.40000 -74.31
109.45000 -74.31
109.50000 -74.30
109.55000 -74.30
109.60000 -74.30
109.65000 -74.30
109.70000 -74.30
109.75000 -74.30
109.80000 -74.30
109.85000 -74.30
109.90000 -74.30
109.95000 -74.30
110.00000 -74.30
110.05000 -74.30
110.10000 -74.30
110.15000 -74.30
110.20000 -74.30
110.25000 -74.30
110.30000 -74.30
110.35000 -74.30
110.40000 -74.31
110.45000 -74.31
110.50000 -74.31
110.55000 -74.30
110.60000 -74.31
110.65000 -74.31
110.70000 -74.31
110.75000 -74.30
110.80000 -74.30
110.85000 -74.30
110.90000 -74.30
110.95000 -74.30
111.00000 -74.30
111.05000 -74.30
111.10000 -74.29
111.15000 -74.30
111.20000 -74.29
111.25000 -74.29
111.30000 -74.29
111.35000 -74.29
111.40000 -74.29
111.45000 -74.29
111.50000 -74.29
111.55000 -74.29
111.60000 -74.29
111.65000 -74.29
111.70000 -74.29
111.75000 -74.30
111.80000 -74.30
111.85000 -74.30
111.90000 -74.30
111.95000 -74.30
112.00000 -74.30
112.05000 -74.30
112.10000 -74.30
112.15000 -74.30
112.20000 -74.30
112.25000 -74.30
112.30000 -74.30
112.35000 -74.30
112.40000 -74.31
112.45000 -74.30
112.50000 -74.31
112.55000 -74.31
112.60000 -74.32
112.65000 -74.31
112.70000 -74.31
112.75000 -74.32
112.80000 -74.32
112.85000 -74.32
112.90000 -74.33
112.95000 -74.33
113.00000 -74.33
113.05000 -74.33
113.10000 -74.33
113.15000 -74.33
113.20000 -74.33
113.25000 -74.33
113.30000 -74.33
113.35000 -74.33
113.40000 -74.33
113.45000 -74.33
113.50000 -74.33
113.55000 -74.33
113.60000 -74.33
113.65000 -74.33
113.70000 -74.32
113.75000 -74.32
113.80000 -74.32
113.85000 -74.32
113.90000 -74.32
113.95000 -74.32
114.00000 -74.32
114.05000 -74.31
114.10000 -74.31
114.15000 -74.31
114.20000 -74.31
114.25000 -74.31
114.30000 -74.31
114.35000 -74.31
114.40000 -74.31
114.45000 -74.31
114.50000 -74.31
114.55000 -74.31
114.60000 -74.31
114.65000 -74.31
114.70000 -74.31
114.75000 -74.31
114.80000 -74.30
114.85000 -74.30
114.90000 -74.30
114.95000 -74.30
115.00000 -74.30
115.05000 -74.30
115.10000 -74.29
115.15000 -74.30
115.20000 -74.29
115.25000 -74.29
115.30000 -74.28
115.35000 -74.28
115.40000 -74.28
115.45000 -74.28
115.50000 -74.27
115.55000 -74.27
115.60000 -74.26
115.65000 -74.26
115.70000 -74.26
115.75000 -74.26
115.80000 -74.26
115.85000 -74.26
115.90000 -74.26
115.95000 -74.26
116.00000 -74.26
116.05000 -74.26
116.10000 -74.27
116.15000 -74.27
116.20000 -74.26
116.25000 -74.27
116.30000 -74.27
116.35000 -74.27
116.40000 -74.27
116.45000 -74.27
116.50000 -74.27
116.55000 -74.27
116.60000 -74.27
116.65000 -74.27
116.70000 -74.27
116.75000 -74.27
116.80000 -74.27
116.85000 -74.27
116.90000 -74.27
116.95000 -74.27
117.00000 -74.27
117.05000 -74.27
117.10000 -74.27
117.15000 -74.27
117.20000 -74.27
117.25000 -74.27
117.30000 -74.27
117.35000 -74.28
117.40000 -74.28
117.45000 -74.28
117.50000 -74.28
117.55000 -74.28
117.60000 -74.28
117.65000 -74.28
117.70000 -74.28
117.75000 -74.29
117.80000 -74.29
117.85000 -74.28
117.90000 -74.28
117.95000 -74.28
118.00000 -74.28
118.05000 -74.28
118.10000 -74.27
118.15000 -74.27
118.20000 -74.27
118.25000 -74.27
118.30000 -74.27
118.35000 -74.27
118.40000 -74.26
118.45000 -74.27
118.50000 -74.27
118.55000 -74.27
118.60000 -74.27
118.65000 -74.27
118.70000 -74.27
118.75000 -74.27
118.80000 -74.27
118.85000 -74.27
118.90000 -74.27
118.95000 -74.28
119.00000 -74.28
119.05000 -74.28
119.10000 -74.28
119.15000 -74.28
119.20000 -74.28
119.25000 -74.28
119.30000 -74.28
119.35000 -74.29
119.40000 -74.29
119.45000 -74.29
119.50000 -74.29
119.55000 -74.29
119.60000 -74.29
119.65000 -74.29
119.70000 -74.29
119.75000 -74.29
119.80000 -74.29
119.85000 -74.29
119.90000 -74.28
119.95000 -74.28
120.00000 -74.28
120.05000 -74.28
120.10000 -74.28
120.15000 -74.28
120.20000 -74.28
120.25000 -74.29
120.30000 -74.29
120.35000 -74.29
120.40000 -74.28
120.45000 -74.28
120.50000 -74.29
120.55000 -74.29
120.60000 -74.29
120.65000 -74.30
120.70000 -74.30
120.75000 -74.30
120.80000 -74.30
120.85000 -74.30
120.90000 -74.30
120.95000 -74.31
121.00000 -74.31
121.05000 -74.30
121.10000 -74.30
121.15000 -74.30
121.20000 -74.30
121.25000 -74.30
121.30000 -74.30
121.35000 -74.30
121.40000 -74.30
121.45000 -74.29
121.50000 -74.29
121.55000 -74.29
121.60000 -74.29
121.65000 -74.29
121.70000 -74.29
121.75000 -74.29
121.80000 -74.29
121.85000 -74.30
121.90000 -74.30
121.95000 -74.30
122.00000 -74.30
122.05000 -74.30
122.10000 -74.30
122.15000 -74.30
122.20000 -74.30
122.25000 -74.30
122.30000 -74.30
122.35000 -74.30
122.40000 -74.30
122.45000 -74.30
122.50000 -74.31
122.55000 -74.31
122.60000 -74.31
122.65000 -74.31
122.70000 -74.31
122.75000 -74.32
122.80000 -74.31
122.85000 -74.31
122.90000 -74.32
122.95000 -74.31
123.00000 -74.31
123.05000 -74.32
123.10000 -74.32
123.15000 -74.32
123.20000 -74.31
123.25000 -74.31
123.30000 -74.31
123.35000 -74.31
123.40000 -74.30
123.45000 -74.30
123.50000 -74.29
123.55000 -74.29
123.60000 -74.28
123.65000 -74.28
123.70000 -74.28
123.75000 -74.27
123.80000 -74.27
123.85000 -74.28
123.90000 -74.27
123.95000 -74.28
124.00000 -74.28
124.05000 -74.27
124.10000 -74.28
124.15000 -74.28
124.20000 -74.28
124.25000 -74.29
124.30000 -74.29
124.35000 -74.30
124.40000 -74.30
124.45000 -74.30
124.50000 -74.30
124.55000 -74.30
124.60000 -74.30
124.65000 -74.30
124.70000 -74.30
124.75000 -74.30
124.80000 -74.30
124.85000 -74.30
124.90000 -74.31
124.95000 -74.31
125.00000 -74.31
125.05000 -74.31
125.10000 -74.31
125.15000 -74.31
125.20000 -74.31
125.25000 -74.31
125.30000 -74.31
125.35000 -74.31
125.40000 -74.31
125.45000 -74.31
125.50000 -74.30
125.55000 -74.31
125.60000 -74.31
125.65000 -74.31
125.70000 -74.31
125.75000 -74.31
125.80000 -74.31
125.85000 -74.31
125.90000 -74.31
125.95000 -74.31
126.00000 -74.31
126.05000 -74.31
126.10000 -74.31
126.15000 -74.31
126.20000 -74.31
126.25000 -74.31
126.30000 -74.31
126.35000 -74.31
126.40000 -74.31
126.45000 -74.30
126.50000 -74.30
126.55000 -74.30
126.60000 -74.31
126.65000 -74.31
126.70000 -74.31
126.75000 -74.31
126.80000 -74.31
126.85000 -74.31
126.90000 -74.32
126.95000 -74.32
127.00000 -74.32
127.05000 -74.32
127.10000 -74.32
127.15000 -74.32
127.20000 -74.32
127.25000 -74.32
127.30000 -74.31
127.35000 -74.31
127.40000 -74.31
127.45000 -74.31
127.50000 -74.31
127.55000 -74.31
127.60000 -74.31
127.65000 -74.30
127.70000 -74.30
127.75000 -74.30
127.80000 -74.30
127.85000 -74.30
127.90000 -74.30
127.95000 -74.30
128.00000 -74.30
128.05000 -74.30
128.10000 -74.30
128.15000 -74.30
128.20000 -74.30
128.25000 -74.30
128.30000 -74.30
128.35000 -74.30
128.40000 -74.30
128.45000 -74.30
128.50000 -74.30
128.55000 -74.30
128.60000 -74.30
128.65000 -74.30
128.70000 -74.30
128.75000 -74.30
128.80000 -74.30
128.85000 -74.30
128.90000 -74.30
128.95000 -74.30
129.00000 -74.30
129.05000 -74.30
129.10000 -74.30
129.15000 -74.31
129.20000 -74.30
129.25000 -74.30
129.30000 -74.30
129.35000 -74.29
129.40000 -74.29
129.45000 -74.28
129.50000 -74.28
129.55000 -74.28
129.60000 -74.28
129.65000 -74.27
129.70000 -74.28
129.75000 -74.28
129.80000 -74.27
129.85000 -74.27
129.90000 -74.27
129.95000 -74.27
130.00000 -74.27
130.05000 -74.28
130.10000 -74.28
130.15000 -74.28
130.20000 -74.28
130.25000 -74.27
130.30000 -74.27
130.35000 -74.27
130.40000 -74.27
130.45000 -74.27
130.50000 -74.27
130.55000 -74.27
130.60000 -74.27
130.65000 -74.27
130.70000 -74.27
130.75000 -74.27
130.80000 -74.27
130.85000 -74.27
130.90000 -74.28
130.95000 -74.28
131.00000 -74.28
131.05000 -74.27
131.10000 -74.28
131.15000 -74.28
131.20000 -74.28
131.25000 -74.29
131.30000 -74.29
131.35000 -74.29
131.40000 -74.29
131.45000 -74.30
131.50000 -74.30
131.55000 -74.30
131.60000 -74.30
131.65000 -74.30
131.70000 -74.30
131.75000 -74.30
131.80000 -74.30
131.85000 -74.30
131.90000 -74.29
131.95000 -74.29
132.00000 -74.29
132.05000 -74.29
132.10000 -74.29
132.15000 -74.29
132.20000 -74.29
132.25000 -74.29
132.30000 -74.29
132.35000 -74.29
132.40000 -74.29
132.45000 -74.29
132.50000 -74.29
132.55000 -74.28
132.60000 -74.28
132.65000 -74.29
132.70000 -74.29
132.75000 -74.29
132.80000 -74.29
132.85000 -74.29
132.90000 -74.29
132.95000 -74.30
133.00000 -74.29
133.05000 -74.30
133.10000 -74.30
133.15000 -74.30
133.20000 -74.30
133.25000 -74.31
133.30000 -74.30
133.35000 -74.30
133.40000 -74.30
133.45000 -74.30
133.50000 -74.30
133.55000 -74.30
133.60000 -74.30
133.65000 -74.30
133.70000 -74.30
133.75000 -74.29
133.80000 -74.29
133.85000 -74.29
133.90000 -74.29
133.95000 -74.29
134.00000 -74.29
134.05000 -74.29
134.10000 -74.29
134.15000 -74.29
134.20000 -74.29
134.25000 -74.29
134.30000 -74.29
134.35000 -74.29
134.40000 -74.29
134.45000 -74.29
134.50000 -74.29
134.55000 -74.29
134.60000 -74.29
134.65000 -74.29
134.70000 -74.28
134.75000 -74.28
134.80000 -74.28
134.85000 -74.28
134.90000 -74.28
134.95000 -74.28
135.00000 -74.28
135.05000 -74.28
135.10000 -74.28
135.15000 -74.28
135.20000 -74.28
135.25000 -74.28
135.30000 -74.28
135.35000 -74.29
135.40000 -74.29
135.45000 -74.28
135.50000 -74.28
135.55000 -74.28
135.60000 -74.28
135.65000 -74.28
135.70000 -74.28
135.75000 -74.28
135.80000 -74.28
135.85000 -74.28
135.90000 -74.28
135.95000 -74.28
136.00000 -74.28
136.05000 -74.28
136.10000 -74.28
136.15000 -74.29
136.20000 -74.28
136.25000 -74.28
136.30000 -74.28
136.35000 -74.29
136.40000 -74.29
136.45000 -74.29
136.50000 -74.29
136.55000 -74.29
136.60000 -74.29
136.65000 -74.29
136.70000 -74.29
136.75000 -74.29
136.80000 -74.29
136.85000 -74.29
136.90000 -74.29
136.95000 -74.29
137.00000 -74.29
137.05000 -74.29
137.10000 -74.30
137.15000 -74.30
137.20000 -74.30
137.25000 -74.30
137.30000 -74.30
137.35000 -74.30
137.40000 -74.30
137.45000 -74.30
137.50000 -74.30
137.55000 -74.30
137.60000 -74.30
137.65000 -74.30
137.70000 -74.30
137.75000 -74.30
137.80000 -74.30
137.85000 -74.30
137.90000 -74.30
137.95000 -74.30
138.00000 -74.29
138.05000 -74.29
138.10000 -74.29
138.15000 -74.29
138.20000 -74.29
138.25000 -74.29
138.30000 -74.29
138.35000 -74.29
138.40000 -74.29
138.45000 -74.29
138.50000 -74.29
138.55000 -74.30
138.60000 -74.30
138.65000 -74.29
138.70000 -74.30
138.75000 -74.30
138.80000 -74.30
138.85000 -74.29
138.90000 -74.29
138.95000 -74.29
139.00000 -74.29
139.05000 -74.29
139.10000 -74.29
139.15000 -74.29
139.20000 -74.29
139.25000 -74.29
139.30000 -74.29
139.35000 -74.29
139.40000 -74.29
139.45000 -74.29
139.50000 -74.28
139.55000 -74.28
139.60000 -74.28
139.65000 -74.28
139.70000 -74.28
139.75000 -74.28
139.80000 -74.28
139.85000 -74.28
139.90000 -74.28
139.95000 -74.28
140.00000 -74.28
140.05000 -74.28
140.10000 -74.29
140.15000 -74.28
140.20000 -74.28
140.25000 -74.28
140.30000 -74.29
140.35000 -74.29
140.40000 -74.29
140.45000 -74.29
140.50000 -74.29
140.55000 -74.30
140.60000 -74.30
140.65000 -74.30
140.70000 -74.30
140.75000 -74.30
140.80000 -74.31
140.85000 -74.31
140.90000 -74.31
140.95000 -74.31
141.00000 -74.31
141.05000 -74.31
141.10000 -74.31
141.15000 -74.31
141.20000 -74.31
141.25000 -74.31
141.30000 -74.31
141.35000 -74.31
141.40000 -74.31
141.45000 -74.31
141.50000 -74.31
141.55000 -74.31
141.60000 -74.31
141.65000 -74.31
141.70000 -74.31
141.75000 -74.31
141.80000 -74.31
141.85000 -74.31
141.90000 -74.31
141.95000 -74.31
142.00000 -74.30
142.05000 -74.30
142.10000 -74.30
142.15000 -74.30
142.20000 -74.30
142.25000 -74.30
142.30000 -74.30
142.35000 -74.30
142.40000 -74.31
142.45000 -74.31
142.50000 -74.31
142.55000 -74.31
142.60000 -74.31
142.65000 -74.31
142.70000 -74.31
142.75000 -74.31
142.80000 -74.30
142.85000 -74.30
142.90000 -74.30
142.95000 -74.30
143.00000 -74.30
143.05000 -74.30
143.10000 -74.30
143.15000 -74.30
143.20000 -74.29
143.25000 -74.29
143.30000 -74.29
143.35000 -74.29
143.40000 -74.29
143.45000 -74.29
143.50000 -74.29
143.55000 -74.29
143.60000 -74.29
143.65000 -74.29
143.70000 -74.28
143.75000 -74.28
143.80000 -74.29
143.85000 -74.29
143.90000 -74.29
143.95000 -74.29
144.00000 -74.29
144.05000 -74.29
144.10000 -74.29
144.15000 -74.29
144.20000 -74.29
144.25000 -74.29
144.30000 -74.29
144.35000 -74.29
144.40000 -74.29
144.45000 -74.29
144.50000 -74.29
144.55000 -74.29
144.60000 -74.29
144.65000 -74.29
144.70000 -74.29
144.75000 -74.29
144.80000 -74.29
144.85000 -74.29
144.90000 -74.30
144.95000 -74.30
145.00000 -74.30
145.05000 -74.30
145.10000 -74.31
145.15000 -74.31
145.20000 -74.31
145.25000 -74.31
145.30000 -74.31
145.35000 -74.31
145.40000 -74.31
145.45000 -74.31
145.50000 -74.31
145.55000 -74.31
145.60000 -74.31
145.65000 -74.31
145.70000 -74.31
145.75000 -74.32
145.80000 -74.32
145.85000 -74.32
145.90000 -74.32
145.95000 -74.32
146.00000 -74.32
146.05000 -74.32
146.10000 -74.32
146.15000 -74.32
146.20000 -74.32
146.25000 -74.32
146.30000 -74.32
146.35000 -74.32
146.40000 -74.32
146.45000 -74.32
146.50000 -74.32
146.55000 -74.32
146.60000 -74.32
146.65000 -74.32
146.70000 -74.32
146.75000 -74.32
146.80000 -74.32
146.85000 -74.32
146.90000 -74.32
146.95000 -74.32
147.00000 -74.32
147.05000 -74.33
147.10000 -74.33
147.15000 -74.33
147.20000 -74.33
147.25000 -74.33
147.30000 -74.33
147.35000 -74.33
147.40000 -74.33
147.45000 -74.33
147.50000 -74.33
147.55000 -74.33
147.60000 -74.33
147.65000 -74.33
147.70000 -74.33
147.75000 -74.33
147.80000 -74.33
147.85000 -74.34
147.90000 -74.34
147.95000 -74.34
148.00000 -74.34
148.05000 -74.34
148.10000 -74.34
148.15000 -74.35
148.20000 -74.35
148.25000 -74.35
148.30000 -74.35
148.35000 -74.35
148.40000 -74.35
148.45000 -74.35
148.50000 -74.35
148.55000 -74.35
148.60000 -74.35
148.65000 -74.35
148.70000 -74.35
148.75000 -74.35
148.80000 -74.35
148.85000 -74.35
148.90000 -74.34
148.95000 -74.35
149.00000 -74.34
149.05000 -74.34
149.10000 -74.34
149.15000 -74.34
149.20000 -74.34
149.25000 -74.34
149.30000 -74.34
149.35000 -74.34
149.40000 -74.34
149.45000 -74.34
149.50000 -74.34
149.55000 -74.33
149.60000 -74.33
149.65000 -74.33
149.70000 -74.33
149.75000 -74.32
149.80000 -74.32
149.85000 -74.32
149.90000 -74.32
149.95000 -74.32
150.00000 -74.31
150.05000 -74.31
150.10000 -74.31
150.15000 -74.30
150.20000 -74.30
150.25000 -74.30
150.30000 -74.30
150.35000 -74.30
150.40000 -74.30
150.45000 -74.30
150.50000 -74.30
150.55000 -74.30
150.60000 -74.30
150.65000 -74.30
150.70000 -74.30
150.75000 -74.30
150.80000 -74.30
150.85000 -74.30
150.90000 -74.30
150.95000 -74.30
151.00000 -74.30
151.05000 -74.30
151.10000 -74.30
151.15000 -74.30
151.20000 -74.30
151.25000 -74.29
151.30000 -74.29
151.35000 -74.30
151.40000 -74.29
151.45000 -74.30
151.50000 -74.30
151.55000 -74.29
151.60000 -74.30
151.65000 -74.30
151.70000 -74.30
151.75000 -74.31
151.80000 -74.31
151.85000 -74.31
151.90000 -74.31
151.95000 -74.32
152.00000 -74.32
152.05000 -74.32
152.10000 -74.32
152.15000 -74.32
152.20000 -74.32
152.25000 -74.32
152.30000 -74.33
152.35000 -74.33
152.40000 -74.33
152.45000 -74.33
152.50000 -74.33
152.55000 -74.33
152.60000 -74.32
152.65000 -74.32
152.70000 -74.32
152.75000 -74.32
152.80000 -74.31
152.85000 -74.32
152.90000 -74.32
152.95000 -74.32
153.00000 -74.32
153.05000 -74.32
153.10000 -74.33
153.15000 -74.33
153.20000 -74.32
153.25000 -74.32
153.30000 -74.32
153.35000 -74.32
153.40000 -74.33
153.45000 -74.32
153.50000 -74.32
153.55000 -74.32
153.60000 -74.32
153.65000 -74.32
153.70000 -74.33
153.75000 -74.32
153.80000 -74.32
153.85000 -74.32
153.90000 -74.32
153.95000 -74.32
154.00000 -74.32
154.05000 -74.32
154.10000 -74.32
154.15000 -74.32
154.20000 -74.32
154.25000 -74.32
154.30000 -74.32
154.35000 -74.32
154.40000 -74.32
154.45000 -74.32
154.50000 -74.32
154.55000 -74.32
154.60000 -74.33
154.65000 -74.32
154.70000 -74.33
154.75000 -74.33
154.80000 -74.33
154.85000 -74.32
154.90000 -74.33
154.95000 -74.33
155.00000 -74.32
155.05000 -74.32
155.10000 -74.32
155.15000 -74.32
155.20000 -74.32
155.25000 -74.32
155.30000 -74.31
155.35000 -74.31
155.40000 -74.31
155.45000 -74.31
155.50000 -74.30
155.55000 -74.30
155.60000 -74.30
155.65000 -74.30
155.70000 -74.30
155.75000 -74.30
155.80000 -74.30
155.85000 -74.30
155.90000 -74.30
155.95000 -74.30
156.00000 -74.30
156.05000 -74.30
156.10000 -74.30
156.15000 -74.31
156.20000 -74.31
156.25000 -74.31
156.30000 -74.32
156.35000 -74.32
156.40000 -74.32
156.45000 -74.32
156.50000 -74.33
156.55000 -74.32
156.60000 -74.32
156.65000 -74.32
156.70000 -74.32
156.75000 -74.32
156.80000 -74.31
156.85000 -74.31
156.90000 -74.31
156.95000 -74.30
157.00000 -74.30
157.05000 -74.30
157.10000 -74.30
157.15000 -74.30
157.20000 -74.30
157.25000 -74.29
157.30000 -74.29
157.35000 -74.29
157.40000 -74.29
157.45000 -74.29
157.50000 -74.28
157.55000 -74.28
157.60000 -74.28
157.65000 -74.28
157.70000 -74.28
157.75000 -74.28
157.80000 -74.28
157.85000 -74.28
157.90000 -74.28
157.95000 -74.29
158.00000 -74.29
158.05000 -74.28
158.10000 -74.28
158.15000 -74.29
158.20000 -74.29
158.25000 -74.29
158.30000 -74.29
158.35000 -74.30
158.40000 -74.30
158.45000 -74.29
158.50000 -74.29
158.55000 -74.29
158.60000 -74.29
158.65000 -74.28
158.70000 -74.28
158.75000 -74.28
158.80000 -74.28
158.85000 -74.28
158.90000 -74.28
158.95000 -74.28
159.00000 -74.28
159.05000 -74.28
159.10000 -74.28
159.15000 -74.28
159.20000 -74.28
159.25000 -74.28
159.30000 -74.28
159.35000 -74.28
159.40000 -74.28
159.45000 -74.28
159.50000 -74.28
159.55000 -74.28
159.60000 -74.28
159.65000 -74.28
159.70000 -74.28
159.75000 -74.28
159.80000 -74.28
159.85000 -74.27
159.90000 -74.28
159.95000 -74.27
160.00000 -74.28
160.05000 -74.27
160.10000 -74.28
160.15000 -74.28
160.20000 -74.27
160.25000 -74.27
160.30000 -74.27
160.35000 -74.27
160.40000 -74.27
160.45000 -74.27
160.50000 -74.27
160.55000 -74.27
160.60000 -74.27
160.65000 -74.27
160.70000 -74.28
160.75000 -74.28
160.80000 -74.28
160.85000 -74.28
160.90000 -74.28
160.95000 -74.28
161.00000 -74.28
161.05000 -74.28
161.10000 -74.28
161.15000 -74.29
161.20000 -74.29
161.25000 -74.29
161.30000 -74.29
161.35000 -74.29
161.40000 -74.29
161.45000 -74.29
161.50000 -74.30
161.55000 -74.30
161.60000 -74.30
161.65000 -74.30
161.70000 -74.30
161.75000 -74.30
161.80000 -74.31
161.85000 -74.30
161.90000 -74.30
161.95000 -74.30
162.00000 -74.30
162.05000 -74.30
162.10000 -74.30
162.15000 -74.30
162.20000 -74.30
162.25000 -74.30
162.30000 -74.30
162.35000 -74.30
162.40000 -74.30
162.45000 -74.30
162.50000 -74.30
162.55000 -74.30
162.60000 -74.30
162.65000 -74.30
162.70000 -74.31
162.75000 -74.31
162.80000 -74.30
162.85000 -74.31
162.90000 -74.31
162.95000 -74.31
163.00000 -74.31
163.05000 -74.31
163.10000 -74.31
163.15000 -74.31
163.20000 -74.31
163.25000 -74.31
163.30000 -74.31
163.35000 -74.31
163.40000 -74.31
163.45000 -74.31
163.50000 -74.30
163.55000 -74.30
163.60000 -74.30
163.65000 -74.30
163.70000 -74.30
163.75000 -74.30
163.80000 -74.30
163.85000 -74.29
163.90000 -74.29
163.95000 -74.29
164.00000 -74.30
164.05000 -74.30
164.10000 -74.30
164.15000 -74.30
164.20000 -74.30
164.25000 -74.30
164.30000 -74.30
164.35000 -74.29
164.40000 -74.29
164.45000 -74.29
164.50000 -74.29
164.55000 -74.29
164.60000 -74.29
164.65000 -74.29
164.70000 -74.29
164.75000 -74.29
164.80000 -74.29
164.85000 -74.29
164.90000 -74.29
164.95000 -74.29
165.00000 -74.29
165.05000 -74.29
165.10000 -74.29
165.15000 -74.29
165.20000 -74.28
165.25000 -74.28
165.30000 -74.28
165.35000 -74.28
165.40000 -74.28
165.45000 -74.28
165.50000 -74.27
165.55000 -74.28
165.60000 -74.27
165.65000 -74.28
165.70000 -74.28
165.75000 -74.28
165.80000 -74.27
165.85000 -74.28
165.90000 -74.28
165.95000 -74.28
166.00000 -74.28
166.05000 -74.27
166.10000 -74.27
166.15000 -74.27
166.20000 -74.28
166.25000 -74.27
166.30000 -74.27
166.35000 -74.27
166.40000 -74.27
166.45000 -74.27
166.50000 -74.27
166.55000 -74.27
166.60000 -74.27
166.65000 -74.27
166.70000 -74.27
166.75000 -74.27
166.80000 -74.27
166.85000 -74.27
166.90000 -74.27
166.95000 -74.27
167.00000 -74.27
167.05000 -74.27
167.10000 -74.27
167.15000 -74.28
167.20000 -74.28
167.25000 -74.28
167.30000 -74.28
167.35000 -74.29
167.40000 -74.29
167.45000 -74.30
167.50000 -74.30
167.55000 -74.30
167.60000 -74.30
167.65000 -74.30
167.70000 -74.31
167.75000 -74.31
167.80000 -74.31
167.85000 -74.31
167.90000 -74.30
167.95000 -74.31
168.00000 -74.31
168.05000 -74.31
168.10000 -74.31
168.15000 -74.31
168.20000 -74.31
168.25000 -74.31
168.30000 -74.31
168.35000 -74.32
168.40000 -74.32
168.45000 -74.32
168.50000 -74.32
168.55000 -74.33
168.60000 -74.33
168.65000 -74.33
168.70000 -74.34
168.75000 -74.34
168.80000 -74.34
168.85000 -74.34
168.90000 -74.34
168.95000 -74.34
169.00000 -74.34
169.05000 -74.34
169.10000 -74.34
169.15000 -74.34
169.20000 -74.35
169.25000 -74.35
169.30000 -74.35
169.35000 -74.34
169.40000 -74.34
169.45000 -74.34
169.50000 -74.34
169.55000 -74.34
169.60000 -74.33
169.65000 -74.33
169.70000 -74.33
169.75000 -74.33
169.80000 -74.33
169.85000 -74.33
169.90000 -74.33
169.95000 -74.33
170.00000 -74.33
170.05000 -74.32
170.10000 -74.32
170.15000 -74.32
170.20000 -74.32
170.25000 -74.32
170.30000 -74.32
170.35000 -74.32
170.40000 -74.32
170.45000 -74.32
170.50000 -74.31
170.55000 -74.32
170.60000 -74.31
170.65000 -74.31
170.70000 -74.31
170.75000 -74.31
170.80000 -74.31
170.85000 -74.31
170.90000 -74.31
170.95000 -74.31
171.00000 -74.31
171.05000 -74.31
171.10000 -74.31
171.15000 -74.31
171.20000 -74.31
171.25000 -74.31
171.30000 -74.31
171.35000 -74.31
171.40000 -74.31
171.45000 -74.31
171.50000 -74.30
171.55000 -74.30
171.60000 -74.30
171.65000 -74.31
171.70000 -74.30
171.75000 -74.30
171.80000 -74.30
171.85000 -74.30
171.90000 -74.30
171.95000 -74.30
172.00000 -74.30
172.05000 -74.31
172.10000 -74.30
172.15000 -74.31
172.20000 -74.31
172.25000 -74.30
172.30000 -74.30
172.35000 -74.31
172.40000 -74.30
172.45000 -74.30
172.50000 -74.30
172.55000 -74.30
172.60000 -74.30
172.65000 -74.30
172.70000 -74.30
172.75000 -74.30
172.80000 -74.30
172.85000 -74.30
172.90000 -74.30
172.95000 -74.29
173.00000 -74.29
173.05000 -74.29
173.10000 -74.29
173.15000 -74.29
173.20000 -74.30
173.25000 -74.30
173.30000 -74.30
173.35000 -74.29
173.40000 -74.30
173.45000 -74.30
173.50000 -74.30
173.55000 -74.30
173.60000 -74.30
173.65000 -74.30
173.70000 -74.30
173.75000 -74.30
173.80000 -74.30
173.85000 -74.30
173.90000 -74.29
173.95000 -74.29
174.00000 -74.29
174.05000 -74.28
174.10000 -74.28
174.15000 -74.28
174.20000 -74.28
174.25000 -74.28
174.30000 -74.28
174.35000 -74.28
174.40000 -74.28
174.45000 -74.27
174.50000 -74.28
174.55000 -74.27
174.60000 -74.28
174.65000 -74.28
174.70000 -74.28
174.75000 -74.28
174.80000 -74.28
174.85000 -74.28
174.90000 -74.28
174.95000 -74.28
175.00000 -74.27
175.05000 -74.27
175.10000 -74.27
175.15000 -74.27
175.20000 -74.27
175.25000 -74.27
175.30000 -74.27
175.35000 -74.27
175.40000 -74.27
175.45000 -74.27
175.50000 -74.27
175.55000 -74.27
175.60000 -74.27
175.65000 -74.28
175.70000 -74.28
175.75000 -74.28
175.80000 -74.28
175.85000 -74.28
175.90000 -74.29
175.95000 -74.29
176.00000 -74.29
176.05000 -74.29
176.10000 -74.29
176.15000 -74.29
176.20000 -74.29
176.25000 -74.29
176.30000 -74.29
176.35000 -74.29
176.40000 -74.30
176.45000 -74.30
176.50000 -74.30
176.55000 -74.30
176.60000 -74.29
176.65000 -74.30
176.70000 -74.29
176.75000 -74.29
176.80000 -74.29
176.85000 -74.29
176.90000 -74.29
176.95000 -74.29
177.00000 -74.29
177.05000 -74.29
177.10000 -74.29
177.15000 -74.30
177.20000 -74.30
177.25000 -74.30
177.30000 -74.31
177.35000 -74.31
177.40000 -74.31
177.45000 -74.31
177.50000 -74.31
177.55000 -74.31
177.60000 -74.31
177.65000 -74.31
177.70000 -74.31
177.75000 -74.31
177.80000 -74.31
177.85000 -74.31
177.90000 -74.30
177.95000 -74.30
178.00000 -74.30
178.05000 -74.30
178.10000 -74.30
178.15000 -74.30
178.20000 -74.30
178.25000 -74.30
178.30000 -74.30
178.35000 -74.30
178.40000 -74.30
178.45000 -74.30
178.50000 -74.30
178.55000 -74.30
178.60000 -74.30
178.65000 -74.30
178.70000 -74.30
178.75000 -74.30
178.80000 -74.30
178.85000 -74.30
178.90000 -74.30
178.95000 -74.30
179.00000 -74.30
179.05000 -74.30
179.10000 -74.30
179.15000 -74.30
179.20000 -74.31
179.25000 -74.31
179.30000 -74.31
179.35000 -74.31
179.40000 -74.31
179.45000 -74.30
179.50000 -74.31
179.55000 -74.31
179.60000 -74.31
179.65000 -74.31
179.70000 -74.31
179.75000 -74.31
179.80000 -74.32
179.85000 -74.31
179.90000 -74.31
179.95000 -74.32
180.00000 -74.31
180.05000 -74.31
180.10000 -74.31
180.15000 -74.31
180.20000 -74.31
180.25000 -74.30
180.30000 -74.30
180.35000 -74.30
180.40000 -74.30
180.45000 -74.30
180.50000 -74.30
180.55000 -74.30
180.60000 -74.29
180.65000 -74.29
180.70000 -74.29
180.75000 -74.29
180.80000 -74.29
180.85000 -74.29
180.90000 -74.30
180.95000 -74.30
181.00000 -74.30
181.05000 -74.30
181.10000 -74.30
181.15000 -74.30
181.20000 -74.30
181.25000 -74.30
181.30000 -74.30
181.35000 -74.31
181.40000 -74.31
181.45000 -74.31
181.50000 -74.31
181.55000 -74.31
181.60000 -74.31
181.65000 -74.31
181.70000 -74.31
181.75000 -74.31
181.80000 -74.31
181.85000 -74.30
181.90000 -74.30
181.95000 -74.30
182.00000 -74.30
182.05000 -74.30
182.10000 -74.30
182.15000 -74.30
182.20000 -74.30
182.25000 -74.30
182.30000 -74.29
182.35000 -74.30
182.40000 -74.30
182.45000 -74.29
182.50000 -74.30
182.55000 -74.29
182.60000 -74.29
182.65000 -74.29
182.70000 -74.29
182.75000 -74.29
182.80000 -74.29
182.85000 -74.29
182.90000 -74.30
182.95000 -74.30
183.00000 -74.30
183.05000 -74.31
183.10000 -74.31
183.15000 -74.31
183.20000 -74.31
183.25000 -74.31
183.30000 -74.31
183.35000 -74.31
183.40000 -74.31
183.45000 -74.31
183.50000 -74.31
183.55000 -74.31
183.60000 -74.31
183.65000 -74.31
183.70000 -74.31
183.75000 -74.31
183.80000 -74.31
183.85000 -74.31
183.90000 -74.31
183.95000 -74.31
184.00000 -74.30
184.05000 -74.30
184.10000 -74.30
184.15000 -74.29
184.20000 -74.29
184.25000 -74.29
184.30000 -74.29
184.35000 -74.29
184.40000 -74.29
184.45000 -74.28
184.50000 -74.28
184.55000 -74.27
184.60000 -74.27
184.65000 -74.27
184.70000 -74.27
184.75000 -74.27
184.80000 -74.27
184.85000 -74.27
184.90000 -74.27
184.95000 -74.27
185.00000 -74.26
185.05000 -74.27
185.10000 -74.26
185.15000 -74.27
185.20000 -74.27
185.25000 -74.27
185.30000 -74.27
185.35000 -74.27
185.40000 -74.27
185.45000 -74.27
185.50000 -74.27
185.55000 -74.27
185.60000 -74.28
185.65000 -74.28
185.70000 -74.29
185.75000 -74.29
185.80000 -74.29
185.85000 -74.30
185.90000 -74.29
185.95000 -74.30
186.00000 -74.30
186.05000 -74.30
186.10000 -74.30
186.15000 -74.30
186.20000 -74.30
186.25000 -74.30
186.30000 -74.31
186.35000 -74.30
186.40000 -74.30
186.45000 -74.30
186.50000 -74.30
186.55000 -74.30
186.60000 -74.30
186.65000 -74.30
186.70000 -74.30
186.75000 -74.30
186.80000 -74.31
186.85000 -74.30
186.90000 -74.30
186.95000 -74.30
187.00000 -74.30
187.05000 -74.30
187.10000 -74.30
187.15000 -74.30
187.20000 -74.30
187.25000 -74.30
187.30000 -74.29
187.35000 -74.29
187.40000 -74.29
187.45000 -74.28
187.50000 -74.28
187.55000 -74.28
187.60000 -74.28
187.65000 -74.27
187.70000 -74.27
187.75000 -74.27
187.80000 -74.27
187.85000 -74.27
187.90000 -74.27
187.95000 -74.27
188.00000 -74.27
188.05000 -74.27
188.10000 -74.27
188.15000 -74.27
188.20000 -74.27
188.25000 -74.27
188.30000 -74.27
188.35000 -74.28
188.40000 -74.27
188.45000 -74.27
188.50000 -74.28
188.55000 -74.28
188.60000 -74.28
188.65000 -74.28
188.70000 -74.28
188.75000 -74.28
188.80000 -74.27
188.85000 -74.27
188.90000 -74.27
188.95000 -74.28
189.00000 -74.28
189.05000 -74.28
189.10000 -74.28
189.15000 -74.28
189.20000 -74.28
189.25000 -74.27
189.30000 -74.28
189.35000 -74.28
189.40000 -74.28
189.45000 -74.27
189.50000 -74.28
189.55000 -74.28
189.60000 -74.28
189.65000 -74.28
189.70000 -74.28
189.75000 -74.28
189.80000 -74.28
189.85000 -74.28
189.90000 -74.28
189.95000 -74.29
190.00000 -74.29
190.05000 -74.29
190.10000 -74.29
190.15000 -74.29
190.20000 -74.29
190.25000 -74.30
190.30000 -74.30
190.35000 -74.30
190.40000 -74.30
190.45000 -74.30
190.50000 -74.30
190.55000 -74.31
190.60000 -74.30
190.65000 -74.30
190.70000 -74.30
190.75000 -74.31
190.80000 -74.31
190.85000 -74.30
190.90000 -74.30
190.95000 -74.30
191.00000 -74.30
191.05000 -74.30
191.10000 -74.30
191.15000 -74.30
191.20000 -74.31
191.25000 -74.30
191.30000 -74.31
191.35000 -74.32
191.40000 -74.32
191.45000 -74.32
191.50000 -74.32
191.55000 -74.32
191.60000 -74.32
191.65000 -74.32
191.70000 -74.33
191.75000 -74.32
191.80000 -74.32
191.85000 -74.32
191.90000 -74.32
191.95000 -74.32
192.00000 -74.32
192.05000 -74.32
192.10000 -74.32
192.15000 -74.32
192.20000 -74.32
192.25000 -74.32
192.30000 -74.32
192.35000 -74.31
192.40000 -74.32
192.45000 -74.32
192.50000 -74.32
192.55000 -74.31
192.60000 -74.31
192.65000 -74.31
192.70000 -74.32
192.75000 -74.32
192.80000 -74.32
192.85000 -74.32
192.90000 -74.31
192.95000 -74.31
193.00000 -74.30
193.05000 -74.30
193.10000 -74.30
193.15000 -74.30
193.20000 -74.30
193.25000 -74.30
193.30000 -74.30
193.35000 -74.30
193.40000 -74.30
193.45000 -74.30
193.50000 -74.29
193.55000 -74.29
193.60000 -74.29
193.65000 -74.29
193.70000 -74.29
193.75000 -74.28
193.80000 -74.28
193.85000 -74.28
193.90000 -74.27
193.95000 -74.27
194.00000 -74.27
194.05000 -74.27
194.10000 -74.26
194.15000 -74.26
194.20000 -74.26
194.25000 -74.26
194.30000 -74.26
194.35000 -74.26
194.40000 -74.26
194.45000 -74.26
194.50000 -74.26
194.55000 -74.26
194.60000 -74.26
194.65000 -74.26
194.70000 -74.26
194.75000 -74.25
194.80000 -74.25
194.85000 -74.25
194.90000 -74.25
194.95000 -74.25
195.00000 -74.25
195.05000 -74.25
195.10000 -74.24
195.15000 -74.24
195.20000 -74.24
195.25000 -74.25
195.30000 -74.25
195.35000 -74.25
195.40000 -74.25
195.45000 -74.25
195.50000 -74.26
195.55000 -74.26
195.60000 -74.26
195.65000 -74.26
195.70000 -74.26
195.75000 -74.26
195.80000 -74.27
195.85000 -74.27
195.90000 -74.27
195.95000 -74.28
196.00000 -74.28
196.05000 -74.27
196.10000 -74.27
196.15000 -74.28
196.20000 -74.28
196.25000 -74.28
196.30000 -74.27
196.35000 -74.28
196.40000 -74.27
196.45000 -74.28
196.50000 -74.27
196.55000 -74.28
196.60000 -74.28
196.65000 -74.28
196.70000 -74.27
196.75000 -74.28
196.80000 -74.28
196.85000 -74.27
196.90000 -74.27
196.95000 -74.27
197.00000 -74.27
197.05000 -74.27
197.10000 -74.28
197.15000 -74.28
197.20000 -74.28
197.25000 -74.28
197.30000 -74.29
197.35000 -74.29
197.40000 -74.28
197.45000 -74.29
197.50000 -74.28
197.55000 -74.28
197.60000 -74.28
197.65000 -74.28
197.70000 -74.28
197.75000 -74.28
197.80000 -74.28
197.85000 -74.27
197.90000 -74.27
197.95000 -74.27
198.00000 -74.26
198.05000 -74.26
198.10000 -74.27
198.15000 -74.27
198.20000 -74.27
198.25000 -74.27
198.30000 -74.28
198.35000 -74.27
198.40000 -74.27
198.45000 -74.28
198.50000 -74.28
198.55000 -74.27
198.60000 -74.27
198.65000 -74.28
198.70000 -74.28
198.75000 -74.28
198.80000 -74.28
198.85000 -74.28
198.90000 -74.29
198.95000 -74.28
199.00000 -74.29
199.05000 -74.29
199.10000 -74.29
199.15000 -74.29
199.20000 -74.30
199.25000 -74.30
199.30000 -74.30
199.35000 -74.30
199.40000 -74.30
199.45000 -74.30
199.50000 -74.31
199.55000 -74.30
199.60000 -74.30
199.65000 -74.30
199.70000 -74.30
199.75000 -74.30
199.80000 -74.31
199.85000 -74.31
199.90000 -74.31
199.95000 -74.31
200.00000 -74.31
200.05000 -74.31
200.10000 -74.32
200.15000 -74.32
200.20000 -74.32
200.25000 -74.32
200.30000 -74.32
200.35000 -74.32
200.40000 -74.32
200.45000 -74.32
200.50000 -74.32
200.55000 -74.31
200.60000 -74.31
200.65000 -74.31
200.70000 -74.31
200.75000 -74.30
200.80000 -74.30
200.85000 -74.30
200.90000 -74.30
200.95000 -74.30
201.00000 -74.30
201.05000 -74.30
201.10000 -74.30
201.15000 -74.30
201.20000 -74.30
201.25000 -74.30
201.30000 -74.30
201.35000 -74.29
201.40000 -74.29
201.45000 -74.30
201.50000 -74.29
201.55000 -74.29
201.60000 -74.29
201.65000 -74.29
201.70000 -74.29
201.75000 -74.29
201.80000 -74.29
201.85000 -74.29
201.90000 -74.29
201.95000 -74.29
202.00000 -74.29
202.05000 -74.29
202.10000 -74.30
202.15000 -74.29
202.20000 -74.30
202.25000 -74.30
202.30000 -74.30
202.35000 -74.30
202.40000 -74.30
202.45000 -74.31
202.50000 -74.31
202.55000 -74.31
202.60000 -74.31
202.65000 -74.31
202.70000 -74.31
202.75000 -74.31
202.80000 -74.31
202.85000 -74.31
202.90000 -74.30
202.95000 -74.30
203.00000 -74.30
203.05000 -74.30
203.10000 -74.30
203.15000 -74.30
203.20000 -74.30
203.25000 -74.30
203.30000 -74.30
203.35000 -74.30
203.40000 -74.30
203.45000 -74.30
203.50000 -74.30
203.55000 -74.30
203.60000 -74.30
203.65000 -74.30
203.70000 -74.30
203.75000 -74.30
203.80000 -74.30
203.85000 -74.30
203.90000 -74.30
203.95000 -74.30
204.00000 -74.30
204.05000 -74.30
204.10000 -74.30
204.15000 -74.29
204.20000 -74.29
204.25000 -74.29
204.30000 -74.29
204.35000 -74.29
204.40000 -74.29
204.45000 -74.29
204.50000 -74.29
204.55000 -74.29
204.60000 -74.29
204.65000 -74.29
204.70000 -74.29
204.75000 -74.29
204.80000 -74.29
204.85000 -74.29
204.90000 -74.29
204.95000 -74.29
205.00000 -74.29
205.05000 -74.30
205.10000 -74.29
205.15000 -74.29
205.20000 -74.29
205.25000 -74.30
205.30000 -74.30
205.35000 -74.30
205.40000 -74.30
205.45000 -74.30
205.50000 -74.30
205.55000 -74.30
205.60000 -74.30
205.65000 -74.31
205.70000 -74.30
205.75000 -74.31
205.80000 -74.31
205.85000 -74.30
205.90000 -74.31
205.95000 -74.31
206.00000 -74.31
206.05000 -74.31
206.10000 -74.31
206.15000 -74.31
206.20000 -74.31
206.25000 -74.31
206.30000 -74.31
206.35000 -74.31
206.40000 -74.31
206.45000 -74.31
206.50000 -74.30
206.55000 -74.30
206.60000 -74.30
206.65000 -74.30
206.70000 -74.29
206.75000 -74.29
206.80000 -74.29
206.85000 -74.29
206.90000 -74.29
206.95000 -74.29
207.00000 -74.29
207.05000 -74.29
207.10000 -74.29
207.15000 -74.29
207.20000 -74.29
207.25000 -74.29
207.30000 -74.29
207.35000 -74.30
207.40000 -74.30
207.45000 -74.30
207.50000 -74.30
207.55000 -74.30
207.60000 -74.30
207.65000 -74.30
207.70000 -74.29
207.75000 -74.30
207.80000 -74.30
207.85000 -74.29
207.90000 -74.30
207.95000 -74.29
208.00000 -74.30
208.05000 -74.29
208.10000 -74.30
208.15000 -74.30
208.20000 -74.30
208.25000 -74.30
208.30000 -74.30
208.35000 -74.30
208.40000 -74.30
208.45000 -74.30
208.50000 -74.30
208.55000 -74.30
208.60000 -74.29
208.65000 -74.30
208.70000 -74.30
208.75000 -74.29
208.80000 -74.29
208.85000 -74.29
208.90000 -74.29
208.95000 -74.29
209.00000 -74.29
209.05000 -74.29
209.10000 -74.29
209.15000 -74.28
209.20000 -74.29
209.25000 -74.28
209.30000 -74.28
209.35000 -74.28
209.40000 -74.28
209.45000 -74.28
209.50000 -74.27
209.55000 -74.28
209.60000 -74.28
209.65000 -74.27
209.70000 -74.27
209.75000 -74.27
209.80000 -74.27
209.85000 -74.27
209.90000 -74.27
209.95000 -74.27
210.00000 -74.27
210.05000 -74.27
210.10000 -74.27
210.15000 -74.27
210.20000 -74.28
210.25000 -74.28
210.30000 -74.28
210.35000 -74.28
210.40000 -74.28
210.45000 -74.28
210.50000 -74.28
210.55000 -74.28
210.60000 -74.28
210.65000 -74.28
210.70000 -74.28
210.75000 -74.28
210.80000 -74.28
210.85000 -74.28
210.90000 -74.28
210.95000 -74.28
211.00000 -74.28
211.05000 -74.28
211.10000 -74.28
211.15000 -74.28
211.20000 -74.28
211.25000 -74.28
211.30000 -74.28
211.35000 -74.28
211.40000 -74.28
211.45000 -74.28
211.50000 -74.28
211.55000 -74.28
211.60000 -74.28
211.65000 -74.28
211.70000 -74.28
211.75000 -74.28
211.80000 -74.28
211.85000 -74.28
211.90000 -74.28
211.95000 -74.27
212.00000 -74.27
212.05000 -74.27
212.10000 -74.27
212.15000 -74.27
212.20000 -74.27
212.25000 -74.28
212.30000 -74.27
212.35000 -74.28
212.40000 -74.28
212.45000 -74.28
212.50000 -74.28
212.55000 -74.28
212.60000 -74.28
212.65000 -74.28
212.70000 -74.29
212.75000 -74.29
212.80000 -74.29
212.85000 -74.29
212.90000 -74.29
212.95000 -74.29
213.00000 -74.29
213.05000 -74.29
213.10000 -74.29
213.15000 -74.29
213.20000 -74.29
213.25000 -74.28
213.30000 -74.28
213.35000 -74.28
213.40000 -74.28
213.45000 -74.27
213.50000 -74.27
213.55000 -74.27
213.60000 -74.27
213.65000 -74.27
213.70000 -74.27
213.75000 -74.26
213.80000 -74.27
213.85000 -74.27
213.90000 -74.26
213.95000 -74.26
214.00000 -74.26
214.05000 -74.26
214.10000 -74.26
214.15000 -74.26
214.20000 -74.26
214.25000 -74.26
214.30000 -74.26
214.35000 -74.25
214.40000 -74.25
214.45000 -74.25
214.50000 -74.25
214.55000 -74.25
214.60000 -74.25
214.65000 -74.25
214.70000 -74.25
214.75000 -74.24
214.80000 -74.24
214.85000 -74.24
214.90000 -74.24
214.95000 -74.24
215.00000 -74.24
215.05000 -74.24
215.10000 -74.24
215.15000 -74.24
215.20000 -74.24
215.25000 -74.24
215.30000 -74.24
215.35000 -74.24
215.40000 -74.25
215.45000 -74.24
215.50000 -74.24
215.55000 -74.25
215.60000 -74.25
215.65000 -74.25
215.70000 -74.25
215.75000 -74.25
215.80000 -74.25
215.85000 -74.25
215.90000 -74.25
215.95000 -74.25
216.00000 -74.25
216.05000 -74.25
216.10000 -74.25
216.15000 -74.25
216.20000 -74.25
216.25000 -74.25
216.30000 -74.25
216.35000 -74.25
216.40000 -74.25
216.45000 -74.25
216.50000 -74.25
216.55000 -74.25
216.60000 -74.25
216.65000 -74.25
216.70000 -74.26
216.75000 -74.26
216.80000 -74.26
216.85000 -74.26
216.90000 -74.26
216.95000 -74.26
217.00000 -74.26
217.05000 -74.26
217.10000 -74.26
217.15000 -74.26
217.20000 -74.27
217.25000 -74.27
217.30000 -74.27
217.35000 -74.27
217.40000 -74.27
217.45000 -74.27
217.50000 -74.27
217.55000 -74.27
217.60000 -74.27
217.65000 -74.27
217.70000 -74.27
217.75000 -74.27
217.80000 -74.27
217.85000 -74.27
217.90000 -74.27
217.95000 -74.27
218.00000 -74.27
218.05000 -74.27
218.10000 -74.27
218.15000 -74.27
218.20000 -74.27
218.25000 -74.26
218.30000 -74.26
218.35000 -74.26
218.40000 -74.26
218.45000 -74.26
218.50000 -74.26
218.55000 -74.26
218.60000 -74.26
218.65000 -74.26
218.70000 -74.26
218.75000 -74.26
218.80000 -74.26
218.85000 -74.26
218.90000 -74.26
218.95000 -74.26
219.00000 -74.26
219.05000 -74.26
219.10000 -74.26
219.15000 -74.26
219.20000 -74.25
219.25000 -74.25
219.30000 -74.25
219.35000 -74.25
219.40000 -74.25
219.45000 -74.25
219.50000 -74.25
219.55000 -74.25
219.60000 -74.25
219.65000 -74.25
219.70000 -74.24
219.75000 -74.24
219.80000 -74.24
219.85000 -74.24
219.90000 -74.24
219.95000 -74.23
220.00000 -74.24
220.05000 -74.23
220.10000 -74.24
220.15000 -74.23
220.20000 -74.23
220.25000 -74.23
220.30000 -74.24
220.35000 -74.24
220.40000 -74.24
220.45000 -74.24
220.50000 -74.24
220.55000 -74.25
220.60000 -74.25
220.65000 -74.25
220.70000 -74.25
220.75000 -74.25
220.80000 -74.25
220.85000 -74.25
220.90000 -74.25
220.95000 -74.25
221.00000 -74.25
221.05000 -74.25
221.10000 -74.25
221.15000 -74.25
221.20000 -74.26
221.25000 -74.26
221.30000 -74.26
221.35000 -74.26
221.40000 -74.26
221.45000 -74.26
221.50000 -74.26
221.55000 -74.26
221.60000 -74.26
221.65000 -74.26
221.70000 -74.26
221.75000 -74.26
221.80000 -74.26
221.85000 -74.26
221.90000 -74.26
221.95000 -74.26
222.00000 -74.26
222.05000 -74.26
222.10000 -74.27
222.15000 -74.27
222.20000 -74.27
222.25000 -74.27
222.30000 -74.27
222.35000 -74.28
222.40000 -74.28
222.45000 -74.28
222.50000 -74.28
222.55000 -74.29
222.60000 -74.29
222.65000 -74.29
222.70000 -74.29
222.75000 -74.29
222.80000 -74.29
222.85000 -74.29
222.90000 -74.30
222.95000 -74.30
223.00000 -74.30
223.05000 -74.30
223.10000 -74.30
223.15000 -74.30
223.20000 -74.30
223.25000 -74.30
223.30000 -74.31
223.35000 -74.31
223.40000 -74.31
223.45000 -74.31
223.50000 -74.31
223.55000 -74.31
223.60000 -74.30
223.65000 -74.31
223.70000 -74.31
223.75000 -74.31
223.80000 -74.31
223.85000 -74.31
223.90000 -74.31
223.95000 -74.31
224.00000 -74.31
224.05000 -74.31
224.10000 -74.31
224.15000 -74.31
224.20000 -74.32
224.25000 -74.32
224.30000 -74.31
224.35000 -74.32
224.40000 -74.32
224.45000 -74.31
224.50000 -74.31
224.55000 -74.31
224.60000 -74.31
224.65000 -74.31
224.70000 -74.31
224.75000 -74.31
224.80000 -74.30
224.85000 -74.30
224.90000 -74.30
224.95000 -74.30
225.00000 -74.31
225.05000 -74.30
225.10000 -74.31
225.15000 -74.31
225.20000 -74.32
225.25000 -74.32
225.30000 -74.31
225.35000 -74.32
225.40000 -74.32
225.45000 -74.32
225.50000 -74.32
225.55000 -74.32
225.60000 -74.32
225.65000 -74.33
225.70000 -74.33
225.75000 -74.32
225.80000 -74.33
225.85000 -74.33
225.90000 -74.32
225.95000 -74.33
226.00000 -74.32
226.05000 -74.32
226.10000 -74.32
226.15000 -74.32
226.20000 -74.32
226.25000 -74.32
226.30000 -74.32
226.35000 -74.32
226.40000 -74.31
226.45000 -74.32
226.50000 -74.31
226.55000 -74.31
226.60000 -74.30
226.65000 -74.30
226.70000 -74.30
226.75000 -74.30
226.80000 -74.29
226.85000 -74.29
226.90000 -74.29
226.95000 -74.29
227.00000 -74.28
227.05000 -74.28
227.10000 -74.28
227.15000 -74.29
227.20000 -74.29
227.25000 -74.29
227.30000 -74.28
227.35000 -74.29
227.40000 -74.29
227.45000 -74.29
227.50000 -74.29
227.55000 -74.30
227.60000 -74.30
227.65000 -74.30
227.70000 -74.30
227.75000 -74.31
227.80000 -74.31
227.85000 -74.31
227.90000 -74.31
227.95000 -74.31
228.00000 -74.31
228.05000 -74.31
228.10000 -74.31
228.15000 -74.31
228.20000 -74.31
228.25000 -74.31
228.30000 -74.30
228.35000 -74.31
228.40000 -74.31
228.45000 -74.30
228.50000 -74.31
228.55000 -74.31
228.60000 -74.31
228.65000 -74.30
228.70000 -74.31
228.75000 -74.30
228.80000 -74.30
228.85000 -74.30
228.90000 -74.30
228.95000 -74.30
229.00000 -74.30
229.05000 -74.31
229.10000 -74.31
229.15000 -74.31
229.20000 -74.31
229.25000 -74.31
229.30000 -74.32
229.35000 -74.32
229.40000 -74.32
229.45000 -74.32
229.50000 -74.32
229.55000 -74.31
229.60000 -74.31
229.65000 -74.31
229.70000 -74.31
229.75000 -74.30
229.80000 -74.30
229.85000 -74.30
229.90000 -74.30
229.95000 -74.30
230.00000 -74.30
230.05000 -74.30
230.10000 -74.30
230.15000 -74.30
230.20000 -74.30
230.25000 -74.29
230.30000 -74.29
230.35000 -74.29
230.40000 -74.29
230.45000 -74.29
230.50000 -74.29
230.55000 -74.28
230.60000 -74.28
230.65000 -74.28
230.70000 -74.28
230.75000 -74.28
230.80000 -74.28
230.85000 -74.28
230.90000 -74.28
230.95000 -74.28
231.00000 -74.28
231.05000 -74.28
231.10000 -74.28
231.15000 -74.28
231.20000 -74.28
231.25000 -74.28
231.30000 -74.29
231.35000 -74.29
231.40000 -74.29
231.45000 -74.29
231.50000 -74.30
231.55000 -74.30
231.60000 -74.30
231.65000 -74.31
231.70000 -74.31
231.75000 -74.31
231.80000 -74.31
231.85000 -74.32
231.90000 -74.32
231.95000 -74.32
232.00000 -74.32
232.05000 -74.32
232.10000 -74.32
232.15000 -74.32
232.20000 -74.32
232.25000 -74.32
232.30000 -74.32
232.35000 -74.32
232.40000 -74.33
232.45000 -74.32
232.50000 -74.32
232.55000 -74.33
232.60000 -74.33
232.65000 -74.33
232.70000 -74.33
232.75000 -74.33
232.80000 -74.33
232.85000 -74.33
232.90000 -74.33
232.95000 -74.32
233.00000 -74.32
233.05000 -74.32
233.10000 -74.32
233.15000 -74.31
233.20000 -74.31
233.25000 -74.31
233.30000 -74.31
233.35000 -74.30
233.40000 -74.30
233.45000 -74.30
233.50000 -74.30
233.55000 -74.30
233.60000 -74.29
233.65000 -74.29
233.70000 -74.29
233.75000 -74.29
233.80000 -74.29
233.85000 -74.29
233.90000 -74.29
233.95000 -74.29
234.00000 -74.29
234.05000 -74.29
234.10000 -74.29
234.15000 -74.29
234.20000 -74.29
234.25000 -74.29
234.30000 -74.29
234.35000 -74.29
234.40000 -74.29
234.45000 -74.29
234.50000 -74.29
234.55000 -74.28
234.60000 -74.28
234.65000 -74.28
234.70000 -74.28
234.75000 -74.28
234.80000 -74.28
234.85000 -74.28
234.90000 -74.28
234.95000 -74.28
235.00000 -74.28
235.05000 -74.28
235.10000 -74.28
235.15000 -74.28
235.20000 -74.28
235.25000 -74.28
235.30000 -74.27
235.35000 -74.27
235.40000 -74.27
235.45000 -74.27
235.50000 -74.27
235.55000 -74.27
235.60000 -74.27
235.65000 -74.27
235.70000 -74.27
235.75000 -74.27
235.80000 -74.27
235.85000 -74.27
235.90000 -74.27
235.95000 -74.27
236.00000 -74.28
236.05000 -74.28
236.10000 -74.28
236.15000 -74.28
236.20000 -74.28
236.25000 -74.28
236.30000 -74.28
236.35000 -74.28
236.40000 -74.28
236.45000 -74.28
236.50000 -74.29
236.55000 -74.29
236.60000 -74.29
236.65000 -74.29
236.70000 -74.29
236.75000 -74.29
236.80000 -74.29
236.85000 -74.28
236.90000 -74.28
236.95000 -74.28
237.00000 -74.28
237.05000 -74.29
237.10000 -74.29
237.15000 -74.29
237.20000 -74.29
237.25000 -74.29
237.30000 -74.29
237.35000 -74.29
237.40000 -74.29
237.45000 -74.29
237.50000 -74.29
237.55000 -74.29
237.60000 -74.29
237.65000 -74.29
237.70000 -74.29
237.75000 -74.30
237.80000 -74.30
237.85000 -74.30
237.90000 -74.30
237.95000 -74.31
238.00000 -74.31
238.05000 -74.31
238.10000 -74.30
238.15000 -74.31
238.20000 -74.31
238.25000 -74.31
238.30000 -74.31
238.35000 -74.31
238.40000 -74.31
238.45000 -74.31
238.50000 -74.31
238.55000 -74.31
238.60000 -74.31
238.65000 -74.32
238.70000 -74.32
238.75000 -74.31
238.80000 -74.31
238.85000 -74.32
238.90000 -74.32
238.95000 -74.31
239.00000 -74.31
239.05000 -74.31
239.10000 -74.31
239.15000 -74.31
239.20000 -74.31
239.25000 -74.31
239.30000 -74.31
239.35000 -74.32
239.40000 -74.31
239.45000 -74.31
239.50000 -74.32
239.55000 -74.32
239.60000 -74.32
239.65000 -74.32
239.70000 -74.32
239.75000 -74.32
239.80000 -74.32
239.85000 -74.32
239.90000 -74.32
239.95000 -74.32
240.00000 -74.32
240.05000 -74.32
240.10000 -74.32
240.15000 -74.32
240.20000 -74.31
240.25000 -74.31
240.30000 -74.31
240.35000 -74.31
240.40000 -74.31
240.45000 -74.31
240.50000 -74.31
240.55000 -74.31
240.60000 -74.31
240.65000 -74.30
240.70000 -74.30
240.75000 -74.30
240.80000 -74.29
240.85000 -74.29
240.90000 -74.29
240.95000 -74.28
241.00000 -74.29
241.05000 -74.29
241.10000 -74.29
241.15000 -74.29
241.20000 -74.28
241.25000 -74.28
241.30000 -74.28
241.35000 -74.28
241.40000 -74.28
241.45000 -74.28
241.50000 -74.28
241.55000 -74.28
241.60000 -74.27
241.65000 -74.27
241.70000 -74.27
241.75000 -74.27
241.80000 -74.27
241.85000 -74.27
241.90000 -74.27
241.95000 -74.28
242.00000 -74.27
242.05000 -74.27
242.10000 -74.27
242.15000 -74.28
242.20000 -74.28
242.25000 -74.28
242.30000 -74.28
242.35000 -74.28
242.40000 -74.28
242.45000 -74.28
242.50000 -74.28
242.55000 -74.28
242.60000 -74.28
242.65000 -74.28
242.70000 -74.28
242.75000 -74.27
242.80000 -74.27
242.85000 -74.27
242.90000 -74.27
242.95000 -74.27
243.00000 -74.27
243.05000 -74.27
243.10000 -74.27
243.15000 -74.27
243.20000 -74.27
243.25000 -74.27
243.30000 -74.27
243.35000 -74.27
243.40000 -74.27
243.45000 -74.27
243.50000 -74.27
243.55000 -74.27
243.60000 -74.27
243.65000 -74.27
243.70000 -74.27
243.75000 -74.27
243.80000 -74.27
243.85000 -74.27
243.90000 -74.27
243.95000 -74.27
244.00000 -74.27
244.05000 -74.28
244.10000 -74.27
244.15000 -74.27
244.20000 -74.28
244.25000 -74.28
244.30000 -74.28
244.35000 -74.28
244.40000 -74.28
244.45000 -74.28
244.50000 -74.29
244.55000 -74.29
244.60000 -74.29
244.65000 -74.29
244.70000 -74.29
244.75000 -74.29
244.80000 -74.28
244.85000 -74.29
244.90000 -74.28
244.95000 -74.28
245.00000 -74.28
245.05000 -74.28
245.10000 -74.28
245.15000 -74.28
245.20000 -74.28
245.25000 -74.28
245.30000 -74.28
245.35000 -74.28
245.40000 -74.28
245.45000 -74.28
245.50000 -74.28
245.55000 -74.28
245.60000 -74.28
245.65000 -74.28
245.70000 -74.28
245.75000 -74.28
245.80000 -74.27
245.85000 -74.27
245.90000 -74.27
245.95000 -74.27
246.00000 -74.27
246.05000 -74.26
246.10000 -74.26
246.15000 -74.26
246.20000 -74.26
246.25000 -74.26
246.30000 -74.26
246.35000 -74.26
246.40000 -74.26
246.45000 -74.26
246.50000 -74.26
246.55000 -74.26
246.60000 -74.27
246.65000 -74.26
246.70000 -74.27
246.75000 -74.27
246.80000 -74.27
246.85000 -74.27
246.90000 -74.27
246.95000 -74.27
247.00000 -74.27
247.05000 -74.27
247.10000 -74.27
247.15000 -74.27
247.20000 -74.27
247.25000 -74.28
247.30000 -74.27
247.35000 -74.28
247.40000 -74.27
247.45000 -74.27
247.50000 -74.27
247.55000 -74.28
247.60000 -74.28
247.65000 -74.28
247.70000 -74.28
247.75000 -74.28
247.80000 -74.28
247.85000 -74.28
247.90000 -74.29
247.95000 -74.29
248.00000 -74.29
248.05000 -74.29
248.10000 -74.29
248.15000 -74.29
248.20000 -74.29
248.25000 -74.30
248.30000 -74.30
248.35000 -74.30
248.40000 -74.30
248.45000 -74.30
248.50000 -74.30
248.55000 -74.30
248.60000 -74.30
248.65000 -74.31
248.70000 -74.31
248.75000 -74.31
248.80000 -74.31
248.85000 -74.32
248.90000 -74.32
248.95000 -74.31
249.00000 -74.31
249.05000 -74.32
249.10000 -74.32
249.15000 -74.32
249.20000 -74.33
249.25000 -74.33
249.30000 -74.32
249.35000 -74.32
249.40000 -74.32
249.45000 -74.32
249.50000 -74.32
249.55000 -74.32
249.60000 -74.33
249.65000 -74.33
249.70000 -74.33
249.75000 -74.33
249.80000 -74.32
249.85000 -74.32
249.90000 -74.32
249.95000 -74.30
250.00000 -74.30
250.05000 -74.30
250.10000 -74.43
250.15000 -74.79
250.20000 -74.96
250.25000 -75.14
250.30000 -75.32
250.35000 -75.49
250.40000 -75.65
250.45000 -75.79
250.50000 -75.93
250.55000 -76.05
250.60000 -76.16
250.65000 -76.27
250.70000 -76.37
250.75000 -76.46
250.80000 -76.54
250.85000 -76.62
250.90000 -76.69
250.95000 -76.76
251.00000 -76.82
251.05000 -76.88
251.10000 -76.93
251.15000 -76.98
251.20000 -77.02
251.25000 -77.06
251.30000 -77.10
251.35000 -77.14
251.40000 -77.17
251.45000 -77.20
251.50000 -77.23
251.55000 -77.25
251.60000 -77.28
251.65000 -77.30
251.70000 -77.33
251.75000 -77.35
251.80000 -77.37
251.85000 -77.39
251.90000 -77.41
251.95000 -77.42
252.00000 -77.44
252.05000 -77.46
252.10000 -77.48
252.15000 -77.49
252.20000 -77.50
252.25000 -77.51
252.30000 -77.53
252.35000 -77.54
252.40000 -77.55
252.45000 -77.55
252.50000 -77.56
252.55000 -77.57
252.60000 -77.58
252.65000 -77.58
252.70000 -77.59
252.75000 -77.60
252.80000 -77.60
252.85000 -77.61
252.90000 -77.61
252.95000 -77.62
253.00000 -77.62
253.05000 -77.63
253.10000 -77.63
253.15000 -77.63
253.20000 -77.63
253.25000 -77.64
253.30000 -77.64
253.35000 -77.64
253.40000 -77.64
253.45000 -77.65
253.50000 -77.65
253.55000 -77.65
253.60000 -77.66
253.65000 -77.66
253.70000 -77.66
253.75000 -77.66
253.80000 -77.67
253.85000 -77.67
253.90000 -77.67
253.95000 -77.67
254.00000 -77.68
254.05000 -77.68
254.10000 -77.68
254.15000 -77.68
254.20000 -77.68
254.25000 -77.68
254.30000 -77.68
254.35000 -77.68
254.40000 -77.68
254.45000 -77.68
254.50000 -77.69
254.55000 -77.69
254.60000 -77.69
254.65000 -77.69
254.70000 -77.69
254.75000 -77.70
254.80000 -77.70
254.85000 -77.70
254.90000 -77.70
254.95000 -77.70
255.00000 -77.70
255.05000 -77.70
255.10000 -77.70
255.15000 -77.70
255.20000 -77.70
255.25000 -77.70
255.30000 -77.70
255.35000 -77.70
255.40000 -77.71
255.45000 -77.71
255.50000 -77.71
255.55000 -77.71
255.60000 -77.70
255.65000 -77.71
255.70000 -77.71
255.75000 -77.71
255.80000 -77.71
255.85000 -77.71
255.90000 -77.70
255.95000 -77.70
256.00000 -77.70
256.05000 -77.69
256.10000 -77.69
256.15000 -77.70
256.20000 -77.70
256.25000 -77.69
256.30000 -77.70
256.35000 -77.70
256.40000 -77.69
256.45000 -77.69
256.50000 -77.69
256.55000 -77.69
256.60000 -77.70
256.65000 -77.69
256.70000 -77.69
256.75000 -77.69
256.80000 -77.70
256.85000 -77.70
256.90000 -77.70
256.95000 -77.70
257.00000 -77.70
257.05000 -77.71
257.10000 -77.71
257.15000 -77.71
257.20000 -77.72
257.25000 -77.72
257.30000 -77.72
257.35000 -77.72
257.40000 -77.72
257.45000 -77.72
257.50000 -77.72
257.55000 -77.72
257.60000 -77.72
257.65000 -77.72
257.70000 -77.72
257.75000 -77.71
257.80000 -77.71
257.85000 -77.71
257.90000 -77.71
257.95000 -77.71
258.00000 -77.71
258.05000 -77.71
258.10000 -77.71
258.15000 -77.71
258.20000 -77.70
258.25000 -77.71
258.30000 -77.71
258.35000 -77.71
258.40000 -77.71
258.45000 -77.71
258.50000 -77.71
258.55000 -77.72
258.60000 -77.72
258.65000 -77.72
258.70000 -77.73
258.75000 -77.72
258.80000 -77.72
258.85000 -77.73
258.90000 -77.72
258.95000 -77.73
259.00000 -77.73
259.05000 -77.72
259.10000 -77.73
259.15000 -77.72
259.20000 -77.72
259.25000 -77.72
259.30000 -77.72
259.35000 -77.72
259.40000 -77.71
259.45000 -77.71
259.50000 -77.71
259.55000 -77.71
259.60000 -77.71
259.65000 -77.71
259.70000 -77.71
259.75000 -77.71
259.80000 -77.71
259.85000 -77.71
259.90000 -77.71
259.95000 -77.71
260.00000 -77.71
260.05000 -77.71
260.10000 -77.72
260.15000 -77.72
260.20000 -77.72
260.25000 -77.72
260.30000 -77.72
260.35000 -77.73
260.40000 -77.73
260.45000 -77.73
260.50000 -77.73
260.55000 -77.73
260.60000 -77.73
260.65000 -77.73
260.70000 -77.72
260.75000 -77.72
260.80000 -77.72
260.85000 -77.72
260.90000 -77.72
260.95000 -77.72
261.00000 -77.72
261.05000 -77.72
261.10000 -77.71
261.15000 -77.71
261.20000 -77.71
261.25000 -77.71
261.30000 -77.71
261.35000 -77.71
261.40000 -77.70
261.45000 -77.70
261.50000 -77.70
261.55000 -77.69
261.60000 -77.69
261.65000 -77.68
261.70000 -77.68
261.75000 -77.69
261.80000 -77.68
261.85000 -77.68
261.90000 -77.68
261.95000 -77.68
262.00000 -77.68
262.05000 -77.69
262.10000 -77.68
262.15000 -77.68
262.20000 -77.69
262.25000 -77.69
262.30000 -77.69
262.35000 -77.69
262.40000 -77.69
262.45000 -77.69
262.50000 -77.69
262.55000 -77.69
262.60000 -77.69
262.65000 -77.69
262.70000 -77.69
262.75000 -77.69
262.80000 -77.69
262.85000 -77.69
262.90000 -77.69
262.95000 -77.69
263.00000 -77.69
263.05000 -77.69
263.10000 -77.69
263.15000 -77.69
263.20000 -77.69
263.25000 -77.70
263.30000 -77.70
263.35000 -77.70
263.40000 -77.70
263.45000 -77.70
263.50000 -77.70
263.55000 -77.70
263.60000 -77.70
263.65000 -77.70
263.70000 -77.70
263.75000 -77.70
263.80000 -77.71
263.85000 -77.71
263.90000 -77.71
263.95000 -77.71
264.00000 -77.71
264.05000 -77.72
264.10000 -77.72
264.15000 -77.72
264.20000 -77.72
264.25000 -77.73
264.30000 -77.73
264.35000 -77.73
264.40000 -77.73
264.45000 -77.73
264.50000 -77.73
264.55000 -77.73
264.60000 -77.73
264.65000 -77.73
264.70000 -77.73
264.75000 -77.73
264.80000 -77.73
264.85000 -77.73
264.90000 -77.72
264.95000 -77.72
265.00000 -77.72
265.05000 -77.72
265.10000 -77.72
265.15000 -77.72
265.20000 -77.72
265.25000 -77.71
265.30000 -77.72
265.35000 -77.72
265.40000 -77.72
265.45000 -77.71
265.50000 -77.71
265.55000 -77.71
265.60000 -77.71
265.65000 -77.71
265.70000 -77.71
265.75000 -77.71
265.80000 -77.72
265.85000 -77.71
265.90000 -77.71
265.95000 -77.71
266.00000 -77.71
266.05000 -77.71
266.10000 -77.72
266.15000 -77.72
266.20000 -77.72
266.25000 -77.73
266.30000 -77.73
266.35000 -77.72
266.40000 -77.73
266.45000 -77.73
266.50000 -77.72
266.55000 -77.72
266.60000 -77.72
266.65000 -77.72
266.70000 -77.72
266.75000 -77.72
266.80000 -77.72
266.85000 -77.73
266.90000 -77.73
266.95000 -77.73
267.00000 -77.73
267.05000 -77.73
267.10000 -77.73
267.15000 -77.73
267.20000 -77.73
267.25000 -77.73
267.30000 -77.73
267.35000 -77.73
267.40000 -77.73
267.45000 -77.73
267.50000 -77.73
267.55000 -77.73
267.60000 -77.73
267.65000 -77.73
267.70000 -77.73
267.75000 -77.73
267.80000 -77.73
267.85000 -77.73
267.90000 -77.73
267.95000 -77.73
268.00000 -77.73
268.05000 -77.73
268.10000 -77.73
268.15000 -77.73
268.20000 -77.73
268.25000 -77.73
268.30000 -77.73
268.35000 -77.73
268.40000 -77.73
268.45000 -77.72
268.50000 -77.73
268.55000 -77.72
268.60000 -77.73
268.65000 -77.73
268.70000 -77.73
268.75000 -77.74
268.80000 -77.74
268.85000 -77.74
268.90000 -77.74
268.95000 -77.74
269.00000 -77.74
269.05000 -77.74
269.10000 -77.75
269.15000 -77.75
269.20000 -77.74
269.25000 -77.75
269.30000 -77.75
269.35000 -77.74
269.40000 -77.74
269.45000 -77.74
269.50000 -77.74
269.55000 -77.74
269.60000 -77.74
269.65000 -77.75
269.70000 -77.75
269.75000 -77.74
269.80000 -77.75
269.85000 -77.75
269.90000 -77.75
269.95000 -77.75
270.00000 -77.75
270.05000 -77.76
270.10000 -77.75
270.15000 -77.75
270.20000 -77.75
270.25000 -77.76
270.30000 -77.76
270.35000 -77.75
270.40000 -77.75
270.45000 -77.75
270.50000 -77.75
270.55000 -77.75
270.60000 -77.75
270.65000 -77.75
270.70000 -77.75
270.75000 -77.74
270.80000 -77.74
270.85000 -77.74
270.90000 -77.74
270.95000 -77.74
271.00000 -77.73
271.05000 -77.73
271.10000 -77.73
271.15000 -77.73
271.20000 -77.73
271.25000 -77.73
271.30000 -77.73
271.35000 -77.73
271.40000 -77.72
271.45000 -77.72
271.50000 -77.72
271.55000 -77.72
271.60000 -77.72
271.65000 -77.72
271.70000 -77.72
271.75000 -77.72
271.80000 -77.72
271.85000 -77.72
271.90000 -77.72
271.95000 -77.72
272.00000 -77.72
272.05000 -77.73
272.10000 -77.73
272.15000 -77.73
272.20000 -77.73
272.25000 -77.73
272.30000 -77.72
272.35000 -77.72
272.40000 -77.73
272.45000 -77.72
272.50000 -77.72
272.55000 -77.72
272.60000 -77.72
272.65000 -77.72
272.70000 -77.73
272.75000 -77.73
272.80000 -77.73
272.85000 -77.73
272.90000 -77.72
272.95000 -77.72
273.00000 -77.72
273.05000 -77.72
273.10000 -77.72
273.15000 -77.71
273.20000 -77.72
273.25000 -77.72
273.30000 -77.71
273.35000 -77.71
273.40000 -77.71
273.45000 -77.71
273.50000 -77.71
273.55000 -77.71
273.60000 -77.71
273.65000 -77.71
273.70000 -77.71
273.75000 -77.71
273.80000 -77.70
273.85000 -77.70
273.90000 -77.70
273.95000 -77.71
274.00000 -77.70
274.05000 -77.70
274.10000 -77.71
274.15000 -77.71
274.20000 -77.71
274.25000 -77.71
274.30000 -77.71
274.35000 -77.71
274.40000 -77.71
274.45000 -77.71
274.50000 -77.71
274.55000 -77.71
274.60000 -77.71
274.65000 -77.71
274.70000 -77.71
274.75000 -77.71
274.80000 -77.71
274.85000 -77.71
274.90000 -77.70
274.95000 -77.71
275.00000 -77.71
275.05000 -77.71
275.10000 -77.71
275.15000 -77.72
275.20000 -77.72
275.25000 -77.72
275.30000 -77.72
275.35000 -77.72
275.40000 -77.72
275.45000 -77.72
275.50000 -77.72
275.55000 -77.72
275.60000 -77.72
275.65000 -77.72
275.70000 -77.72
275.75000 -77.72
275.80000 -77.72
275.85000 -77.72
275.90000 -77.72
275.95000 -77.72
276.00000 -77.72
276.05000 -77.72
276.10000 -77.72
276.15000 -77.72
276.20000 -77.72
276.25000 -77.72
276.30000 -77.72
276.35000 -77.72
276.40000 -77.72
276.45000 -77.72
276.50000 -77.72
276.55000 -77.72
276.60000 -77.71
276.65000 -77.71
276.70000 -77.71
276.75000 -77.71
276.80000 -77.71
276.85000 -77.71
276.90000 -77.71
276.95000 -77.71
277.00000 -77.71
277.05000 -77.71
277.10000 -77.71
277.15000 -77.71
277.20000 -77.72
277.25000 -77.72
277.30000 -77.72
277.35000 -77.72
277.40000 -77.72
277.45000 -77.72
277.50000 -77.72
277.55000 -77.73
277.60000 -77.73
277.65000 -77.73
277.70000 -77.73
277.75000 -77.73
277.80000 -77.73
277.85000 -77.73
277.90000 -77.73
277.95000 -77.74
278.00000 -77.74
278.05000 -77.74
278.10000 -77.75
278.15000 -77.75
278.20000 -77.75
278.25000 -77.75
278.30000 -77.75
278.35000 -77.75
278.40000 -77.75
278.45000 -77.75
278.50000 -77.75
278.55000 -77.75
278.60000 -77.75
278.65000 -77.75
278.70000 -77.74
278.75000 -77.74
278.80000 -77.74
278.85000 -77.73
278.90000 -77.73
278.95000 -77.73
279.00000 -77.73
279.05000 -77.73
279.10000 -77.73
279.15000 -77.73
279.20000 -77.73
279.25000 -77.73
279.30000 -77.74
279.35000 -77.73
279.40000 -77.74
279.45000 -77.74
279.50000 -77.74
279.55000 -77.73
279.60000 -77.74
279.65000 -77.74
279.70000 -77.74
279.75000 -77.74
279.80000 -77.74
279.85000 -77.74
279.90000 -77.75
279.95000 -77.75
280.00000 -77.75
280.05000 -77.75
280.10000 -77.75
280.15000 -77.75
280.20000 -77.75
280.25000 -77.74
280.30000 -77.75
280.35000 -77.75
280.40000 -77.74
280.45000 -77.74
280.50000 -77.74
280.55000 -77.74
280.60000 -77.75
280.65000 -77.74
280.70000 -77.74
280.75000 -77.73
280.80000 -77.73
280.85000 -77.73
280.90000 -77.72
280.95000 -77.72
281.00000 -77.71
281.05000 -77.71
281.10000 -77.71
281.15000 -77.71
281.20000 -77.71
281.25000 -77.71
281.30000 -77.71
281.35000 -77.71
281.40000 -77.71
281.45000 -77.72
281.50000 -77.72
281.55000 -77.72
281.60000 -77.72
281.65000 -77.72
281.70000 -77.72
281.75000 -77.73
281.80000 -77.73
281.85000 -77.73
281.90000 -77.73
281.95000 -77.73
282.00000 -77.74
282.05000 -77.73
282.10000 -77.74
282.15000 -77.74
282.20000 -77.74
282.25000 -77.74
282.30000 -77.74
282.35000 -77.74
282.40000 -77.74
282.45000 -77.74
282.50000 -77.74
282.55000 -77.74
282.60000 -77.74
282.65000 -77.74
282.70000 -77.74
282.75000 -77.74
282.80000 -77.74
282.85000 -77.74
282.90000 -77.74
282.95000 -77.74
283.00000 -77.74
283.05000 -77.73
283.10000 -77.74
283.15000 -77.74
283.20000 -77.73
283.25000 -77.73
283.30000 -77.73
283.35000 -77.73
283.40000 -77.72
283.45000 -77.72
283.50000 -77.72
283.55000 -77.72
283.60000 -77.72
283.65000 -77.72
283.70000 -77.72
283.75000 -77.72
283.80000 -77.71
283.85000 -77.71
283.90000 -77.71
283.95000 -77.71
284.00000 -77.71
284.05000 -77.71
284.10000 -77.71
284.15000 -77.71
284.20000 -77.71
284.25000 -77.71
284.30000 -77.72
284.35000 -77.71
284.40000 -77.72
284.45000 -77.71
284.50000 -77.71
284.55000 -77.71
284.60000 -77.71
284.65000 -77.71
284.70000 -77.71
284.75000 -77.72
284.80000 -77.72
284.85000 -77.72
284.90000 -77.72
284.95000 -77.72
285.00000 -77.72
285.05000 -77.72
285.10000 -77.72
285.15000 -77.72
285.20000 -77.72
285.25000 -77.72
285.30000 -77.73
285.35000 -77.73
285.40000 -77.72
285.45000 -77.73
285.50000 -77.73
285.55000 -77.74
285.60000 -77.73
285.65000 -77.73
285.70000 -77.73
285.75000 -77.73
285.80000 -77.73
285.85000 -77.73
285.90000 -77.73
285.95000 -77.73
286.00000 -77.73
286.05000 -77.73
286.10000 -77.73
286.15000 -77.73
286.20000 -77.73
286.25000 -77.73
286.30000 -77.73
286.35000 -77.73
286.40000 -77.73
286.45000 -77.73
286.50000 -77.73
286.55000 -77.73
286.60000 -77.73
286.65000 -77.73
286.70000 -77.73
286.75000 -77.74
286.80000 -77.74
286.85000 -77.74
286.90000 -77.74
286.95000 -77.74
287.00000 -77.74
287.05000 -77.74
287.10000 -77.75
287.15000 -77.75
287.20000 -77.75
287.25000 -77.75
287.30000 -77.75
287.35000 -77.75
287.40000 -77.75
287.45000 -77.75
287.50000 -77.75
287.55000 -77.74
287.60000 -77.75
287.65000 -77.74
287.70000 -77.73
287.75000 -77.73
287.80000 -77.73
287.85000 -77.72
287.90000 -77.72
287.95000 -77.72
288.00000 -77.73
288.05000 -77.72
288.10000 -77.72
288.15000 -77.72
288.20000 -77.71
288.25000 -77.72
288.30000 -77.71
288.35000 -77.71
288.40000 -77.71
288.45000 -77.71
288.50000 -77.71
288.55000 -77.71
288.60000 -77.71
288.65000 -77.71
288.70000 -77.71
288.75000 -77.71
288.80000 -77.71
288.85000 -77.71
288.90000 -77.71
288.95000 -77.71
289.00000 -77.71
289.05000 -77.71
289.10000 -77.72
289.15000 -77.72
289.20000 -77.72
289.25000 -77.72
289.30000 -77.72
289.35000 -77.72
289.40000 -77.72
289.45000 -77.72
289.50000 -77.72
289.55000 -77.72
289.60000 -77.72
289.65000 -77.71
289.70000 -77.71
289.75000 -77.72
289.80000 -77.71
289.85000 -77.71
289.90000 -77.71
289.95000 -77.72
290.00000 -77.72
290.05000 -77.72
290.10000 -77.72
290.15000 -77.72
290.20000 -77.72
290.25000 -77.72
290.30000 -77.72
290.35000 -77.72
290.40000 -77.72
290.45000 -77.72
290.50000 -77.72
290.55000 -77.72
290.60000 -77.73
290.65000 -77.72
290.70000 -77.72
290.75000 -77.72
290.80000 -77.72
290.85000 -77.72
290.90000 -77.72
290.95000 -77.72
291.00000 -77.72
291.05000 -77.72
291.10000 -77.72
291.15000 -77.72
291.20000 -77.72
291.25000 -77.73
291.30000 -77.73
291.35000 -77.73
291.40000 -77.73
291.45000 -77.74
291.50000 -77.73
291.55000 -77.74
291.60000 -77.74
291.65000 -77.74
291.70000 -77.74
291.75000 -77.74
291.80000 -77.74
291.85000 -77.74
291.90000 -77.74
291.95000 -77.74
292.00000 -77.74
292.05000 -77.74
292.10000 -77.74
292.15000 -77.74
292.20000 -77.73
292.25000 -77.73
292.30000 -77.72
292.35000 -77.72
292.40000 -77.72
292.45000 -77.71
292.50000 -77.71
292.55000 -77.71
292.60000 -77.71
292.65000 -77.70
292.70000 -77.70
292.75000 -77.69
292.80000 -77.69
292.85000 -77.69
292.90000 -77.69
292.95000 -77.68
293.00000 -77.68
293.05000 -77.68
293.10000 -77.68
293.15000 -77.68
293.20000 -77.68
293.25000 -77.67
293.30000 -77.68
293.35000 -77.68
293.40000 -77.68
293.45000 -77.68
293.50000 -77.68
293.55000 -77.68
293.60000 -77.68
293.65000 -77.68
293.70000 -77.68
293.75000 -77.68
293.80000 -77.68
293.85000 -77.69
293.90000 -77.69
293.95000 -77.69
294.00000 -77.69
294.05000 -77.70
294.10000 -77.70
294.15000 -77.70
294.20000 -77.70
294.25000 -77.70
294.30000 -77.70
294.35000 -77.70
294.40000 -77.70
294.45000 -77.70
294.50000 -77.70
294.55000 -77.70
294.60000 -77.70
294.65000 -77.71
294.70000 -77.71
294.75000 -77.70
294.80000 -77.70
294.85000 -77.70
294.90000 -77.70
294.95000 -77.70
295.00000 -77.70
295.05000 -77.70
295.10000 -77.70
295.15000 -77.70
295.20000 -77.70
295.25000 -77.70
295.30000 -77.70
295.35000 -77.70
295.40000 -77.70
295.45000 -77.70
295.50000 -77.70
295.55000 -77.70
295.60000 -77.70
295.65000 -77.70
295.70000 -77.70
295.75000 -77.70
295.80000 -77.70
295.85000 -77.70
295.90000 -77.69
295.95000 -77.70
296.00000 -77.69
296.05000 -77.69
296.10000 -77.69
296.15000 -77.69
296.20000 -77.69
296.25000 -77.69
296.30000 -77.69
296.35000 -77.69
296.40000 -77.69
296.45000 -77.70
296.50000 -77.70
296.55000 -77.71
296.60000 -77.71
296.65000 -77.72
296.70000 -77.72
296.75000 -77.73
296.80000 -77.72
296.85000 -77.73
296.90000 -77.72
296.95000 -77.73
297.00000 -77.73
297.05000 -77.73
297.10000 -77.73
297.15000 -77.73
297.20000 -77.73
297.25000 -77.73
297.30000 -77.73
297.35000 -77.73
297.40000 -77.73
297.45000 -77.73
297.50000 -77.73
297.55000 -77.73
297.60000 -77.73
297.65000 -77.73
297.70000 -77.73
297.75000 -77.73
297.80000 -77.73
297.85000 -77.73
297.90000 -77.73
297.95000 -77.73
298.00000 -77.73
298.05000 -77.74
298.10000 -77.74
298.15000 -77.73
298.20000 -77.74
298.25000 -77.74
298.30000 -77.74
298.35000 -77.73
298.40000 -77.74
298.45000 -77.74
298.50000 -77.74
298.55000 -77.74
298.60000 -77.74
298.65000 -77.74
298.70000 -77.74
298.75000 -77.73
298.80000 -77.74
298.85000 -77.74
298.90000 -77.74
298.95000 -77.74
299.00000 -77.74
299.05000 -77.74
299.10000 -77.74
299.15000 -77.74
299.20000 -77.74
299.25000 -77.74
299.30000 -77.74
299.35000 -77.74
299.40000 -77.74
299.45000 -77.74
299.50000 -77.74
299.55000 -77.75
299.60000 -77.75
299.65000 -77.75
299.70000 -77.75
299.75000 -77.75
299.80000 -77.75
299.85000 -77.75
299.90000 -77.75
299.95000 -77.75
300.00000 -77.75
300.05000 -78.07
300.10000 -77.63
300.15000 -77.28
300.20000 -77.10
300.25000 -76.91
300.30000 -76.74
300.35000 -76.57
300.40000 -76.41
300.45000 -76.26
300.50000 -76.13
300.55000 -76.00
300.60000 -75.88
300.65000 -75.77
300.70000 -75.67
300.75000 -75.58
300.80000 -75.49
300.85000 -75.41
300.90000 -75.34
300.95000 -75.28
301.00000 -75.21
301.05000 -75.16
301.10000 -75.11
301.15000 -75.06
301.20000 -75.01
301.25000 -74.97
301.30000 -74.93
301.35000 -74.89
301.40000 -74.86
301.45000 -74.83
301.50000 -74.79
301.55000 -74.77
301.60000 -74.74
301.65000 -74.72
301.70000 -74.69
301.75000 -74.67
301.80000 -74.65
301.85000 -74.63
301.90000 -74.62
301.95000 -74.60
302.00000 -74.59
302.05000 -74.58
302.10000 -74.57
302.15000 -74.55
302.20000 -74.54
302.25000 -74.54
302.30000 -74.53
302.35000 -74.52
302.40000 -74.51
302.45000 -74.50
302.50000 -74.49
302.55000 -74.49
302.60000 -74.48
302.65000 -74.47
302.70000 -74.46
302.75000 -74.46
302.80000 -74.46
302.85000 -74.45
302.90000 -74.44
302.95000 -74.44
303.00000 -74.43
303.05000 -74.43
303.10000 -74.42
303.15000 -74.42
303.20000 -74.41
303.25000 -74.41
303.30000 -74.40
303.35000 -74.40
303.40000 -74.39
303.45000 -74.39
303.50000 -74.38
303.55000 -74.38
303.60000 -74.38
303.65000 -74.37
303.70000 -74.37
303.75000 -74.37
303.80000 -74.36
303.85000 -74.36
303.90000 -74.35
303.95000 -74.35
304.00000 -74.35
304.05000 -74.35
304.10000 -74.34
304.15000 -74.34
304.20000 -74.34
304.25000 -74.34
304.30000 -74.33
304.35000 -74.34
304.40000 -74.34
304.45000 -74.34
304.50000 -74.34
304.55000 -74.34
304.60000 -74.34
304.65000 -74.34
304.70000 -74.34
304.75000 -74.34
304.80000 -74.33
304.85000 -74.33
304.90000 -74.33
304.95000 -74.33
305.00000 -74.34
305.05000 -74.33
305.10000 -74.33
305.15000 -74.33
305.20000 -74.33
305.25000 -74.33
305.30000 -74.33
305.35000 -74.32
305.40000 -74.32
305.45000 -74.33
305.50000 -74.32
305.55000 -74.33
305.60000 -74.33
305.65000 -74.33
305.70000 -74.33
305.75000 -74.33
305.80000 -74.33
305.85000 -74.33
305.90000 -74.34
305.95000 -74.33
306.00000 -74.34
306.05000 -74.33
306.10000 -74.34
306.15000 -74.34
306.20000 -74.34
306.25000 -74.34
306.30000 -74.33
306.35000 -74.34
306.40000 -74.34
306.45000 -74.34
306.50000 -74.33
306.55000 -74.33
306.60000 -74.33
306.65000 -74.33
306.70000 -74.33
306.75000 -74.33
306.80000 -74.33
306.85000 -74.33
306.90000 -74.33
306.95000 -74.33
307.00000 -74.33
307.05000 -74.33
307.10000 -74.32
307.15000 -74.33
307.20000 -74.32
307.25000 -74.33
307.30000 -74.33
307.35000 -74.33
307.40000 -74.32
307.45000 -74.32
307.50000 -74.33
307.55000 -74.33
307.60000 -74.32
307.65000 -74.33
307.70000 -74.33
307.75000 -74.33
307.80000 -74.34
307.85000 -74.33
307.90000 -74.33
307.95000 -74.33
308.00000 -74.33
308.05000 -74.33
308.10000 -74.33
308.15000 -74.34
308.20000 -74.34
308.25000 -74.34
308.30000 -74.34
308.35000 -74.34
308.40000 -74.34
308.45000 -74.34
308.50000 -74.34
308.55000 -74.34
308.60000 -74.33
308.65000 -74.34
308.70000 -74.34
308.75000 -74.34
308.80000 -74.33
308.85000 -74.33
308.90000 -74.34
308.95000 -74.34
309.00000 -74.34
309.05000 -74.34
309.10000 -74.34
309.15000 -74.33
309.20000 -74.33
309.25000 -74.33
309.30000 -74.33
309.35000 -74.33
309.40000 -74.33
309.45000 -74.33
309.50000 -74.33
309.55000 -74.33
309.60000 -74.33
309.65000 -74.33
309.70000 -74.32
309.75000 -74.32
309.80000 -74.32
309.85000 -74.32
309.90000 -74.32
309.95000 -74.31
310.00000 -74.31
310.05000 -74.31
310.10000 -74.30
310.15000 -74.30
310.20000 -74.30
310.25000 -74.30
310.30000 -74.29
310.35000 -74.29
310.40000 -74.29
310.45000 -74.29
310.50000 -74.29
310.55000 -74.29
310.60000 -74.29
310.65000 -74.30
310.70000 -74.30
310.75000 -74.29
310.80000 -74.30
310.85000 -74.30
310.90000 -74.29
310.95000 -74.29
311.00000 -74.29
311.05000 -74.29
311.10000 -74.29
311.15000 -74.29
311.20000 -74.29
311.25000 -74.29
311.30000 -74.29
311.35000 -74.29
311.40000 -74.29
311.45000 -74.28
311.50000 -74.29
311.55000 -74.29
311.60000 -74.29
311.65000 -74.29
311.70000 -74.29
311.75000 -74.29
311.80000 -74.29
311.85000 -74.29
311.90000 -74.29
311.95000 -74.30
312.00000 -74.30
312.05000 -74.30
312.10000 -74.31
312.15000 -74.31
312.20000 -74.31
312.25000 -74.31
312.30000 -74.31
312.35000 -74.31
312.40000 -74.31
312.45000 -74.31
312.50000 -74.31
312.55000 -74.31
312.60000 -74.31
312.65000 -74.31
312.70000 -74.31
312.75000 -74.30
312.80000 -74.31
312.85000 -74.30
312.90000 -74.31
312.95000 -74.30
313.00000 -74.30
313.05000 -74.30
313.10000 -74.30
313.15000 -74.30
313.20000 -74.30
313.25000 -74.30
313.30000 -74.30
313.35000 -74.31
313.40000 -74.30
313.45000 -74.30
313.50000 -74.30
313.55000 -74.30
313.60000 -74.30
313.65000 -74.30
313.70000 -74.30
313.75000 -74.30
313.80000 -74.31
313.85000 -74.31
313.90000 -74.31
313.95000 -74.31
314.00000 -74.31
314.05000 -74.31
314.10000 -74.31
314.15000 -74.31
314.20000 -74.31
314.25000 -74.31
314.30000 -74.32
314.35000 -74.31
314.40000 -74.31
314.45000 -74.32
314.50000 -74.31
314.55000 -74.32
314.60000 -74.31
314.65000 -74.31
314.70000 -74.31
314.75000 -74.31
314.80000 -74.32
314.85000 -74.31
314.90000 -74.31
314.95000 -74.31
315.00000 -74.31
315.05000 -74.31
315.10000 -74.31
315.15000 -74.31
315.20000 -74.31
315.25000 -74.31
315.30000 -74.31
315.35000 -74.31
315.40000 -74.31
315.45000 -74.31
315.50000 -74.31
315.55000 -74.31
315.60000 -74.31
315.65000 -74.31
315.70000 -74.31
315.75000 -74.31
315.80000 -74.31
315.85000 -74.31
315.90000 -74.31
315.95000 -74.31
316.00000 -74.31
316.05000 -74.31
316.10000 -74.31
316.15000 -74.31
316.20000 -74.31
316.25000 -74.31
316.30000 -74.32
316.35000 -74.31
316.40000 -74.32
316.45000 -74.32
316.50000 -74.32
316.55000 -74.32
316.60000 -74.33
316.65000 -74.32
316.70000 -74.33
316.75000 -74.33
316.80000 -74.33
316.85000 -74.32
316.90000 -74.33
316.95000 -74.33
317.00000 -74.33
317.05000 -74.33
317.10000 -74.33
317.15000 -74.33
317.20000 -74.33
317.25000 -74.33
317.30000 -74.33
317.35000 -74.32
317.40000 -74.32
317.45000 -74.32
317.50000 -74.32
317.55000 -74.32
317.60000 -74.32
317.65000 -74.32
317.70000 -74.32
317.75000 -74.32
317.80000 -74.32
317.85000 -74.32
317.90000 -74.32
317.95000 -74.32
318.00000 -74.32
318.05000 -74.32
318.10000 -74.32
318.15000 -74.32
318.20000 -74.32
318.25000 -74.32
318.30000 -74.32
318.35000 -74.32
318.40000 -74.32
318.45000 -74.32
318.50000 -74.32
318.55000 -74.31
318.60000 -74.32
318.65000 -74.32
318.70000 -74.32
318.75000 -74.32
318.80000 -74.32
318.85000 -74.32
318.90000 -74.32
318.95000 -74.32
319.00000 -74.32
319.05000 -74.32
319.10000 -74.32
319.15000 -74.33
319.20000 -74.33
319.25000 -74.33
319.30000 -74.33
319.35000 -74.33
319.40000 -74.33
319.45000 -74.33
319.50000 -74.33
319.55000 -74.33
319.60000 -74.34
319.65000 -74.33
319.70000 -74.34
319.75000 -74.34
319.80000 -74.34
319.85000 -74.34
319.90000 -74.33
319.95000 -74.34
320.00000 -74.34
320.05000 -74.33
320.10000 -74.33
320.15000 -74.33
320.20000 -74.33
320.25000 -74.33
320.30000 -74.33
320.35000 -74.33
320.40000 -74.33
320.45000 -74.33
320.50000 -74.33
320.55000 -74.33
320.60000 -74.33
320.65000 -74.33
320.70000 -74.33
320.75000 -74.33
320.80000 -74.33
320.85000 -74.32
320.90000 -74.33
320.95000 -74.33
321.00000 -74.32
321.05000 -74.32
321.10000 -74.32
321.15000 -74.32
321.20000 -74.32
321.25000 -74.32
321.30000 -74.32
321.35000 -74.32
321.40000 -74.32
321.45000 -74.32
321.50000 -74.32
321.55000 -74.32
321.60000 -74.32
321.65000 -74.32
321.70000 -74.32
321.75000 -74.32
321.80000 -74.32
321.85000 -74.31
321.90000 -74.31
321.95000 -74.31
322.00000 -74.31
322.05000 -74.31
322.10000 -74.31
322.15000 -74.31
322.20000 -74.32
322.25000 -74.32
322.30000 -74.31
322.35000 -74.31
322.40000 -74.31
322.45000 -74.31
322.50000 -74.32
322.55000 -74.32
322.60000 -74.32
322.65000 -74.32
322.70000 -74.32
322.75000 -74.32
322.80000 -74.32
322.85000 -74.32
322.90000 -74.32
322.95000 -74.32
323.00000 -74.31
323.05000 -74.31
323.10000 -74.31
323.15000 -74.31
323.20000 -74.31
323.25000 -74.31
323.30000 -74.31
323.35000 -74.31
323.40000 -74.31
323.45000 -74.31
323.50000 -74.31
323.55000 -74.31
323.60000 -74.31
323.65000 -74.31
323.70000 -74.31
323.75000 -74.31
323.80000 -74.31
323.85000 -74.31
323.90000 -74.30
323.95000 -74.30
324.00000 -74.30
324.05000 -74.30
324.10000 -74.30
324.15000 -74.30
324.20000 -74.30
324.25000 -74.30
324.30000 -74.30
324.35000 -74.30
324.40000 -74.30
324.45000 -74.31
324.50000 -74.31
324.55000 -74.31
324.60000 -74.31
324.65000 -74.31
324.70000 -74.31
324.75000 -74.31
324.80000 -74.31
324.85000 -74.31
324.90000 -74.32
324.95000 -74.32
325.00000 -74.31
325.05000 -74.31
325.10000 -74.32
325.15000 -74.32
325.20000 -74.32
325.25000 -74.32
325.30000 -74.31
325.35000 -74.31
325.40000 -74.31
325.45000 -74.31
325.50000 -74.31
325.55000 -74.31
325.60000 -74.31
325.65000 -74.31
325.70000 -74.31
325.75000 -74.30
325.80000 -74.30
325.85000 -74.30
325.90000 -74.31
325.95000 -74.31
326.00000 -74.30
326.05000 -74.30
326.10000 -74.30
326.15000 -74.30
326.20000 -74.30
326.25000 -74.30
326.30000 -74.30
326.35000 -74.30
326.40000 -74.30
326.45000 -74.30
326.50000 -74.31
326.55000 -74.31
326.60000 -74.31
326.65000 -74.31
326.70000 -74.31
326.75000 -74.31
326.80000 -74.31
326.85000 -74.31
326.90000 -74.31
326.95000 -74.31
327.00000 -74.31
327.05000 -74.31
327.10000 -74.32
327.15000 -74.32
327.20000 -74.32
327.25000 -74.32
327.30000 -74.32
327.35000 -74.32
327.40000 -74.32
327.45000 -74.32
327.50000 -74.32
327.55000 -74.32
327.60000 -74.32
327.65000 -74.32
327.70000 -74.32
327.75000 -74.32
327.80000 -74.32
327.85000 -74.32
327.90000 -74.31
327.95000 -74.31
328.00000 -74.31
328.05000 -74.31
328.10000 -74.32
328.15000 -74.32
328.20000 -74.32
328.25000 -74.32
328.30000 -74.32
328.35000 -74.32
328.40000 -74.32
328.45000 -74.32
328.50000 -74.32
328.55000 -74.32
328.60000 -74.32
328.65000 -74.32
328.70000 -74.32
328.75000 -74.33
328.80000 -74.32
328.85000 -74.32
328.90000 -74.32
328.95000 -74.32
329.00000 -74.32
329.05000 -74.32
329.10000 -74.31
329.15000 -74.31
329.20000 -74.31
329.25000 -74.31
329.30000 -74.30
329.35000 -74.30
329.40000 -74.30
329.45000 -74.30
329.50000 -74.30
329.55000 -74.30
329.60000 -74.30
329.65000 -74.29
329.70000 -74.29
329.75000 -74.29
329.80000 -74.29
329.85000 -74.29
329.90000 -74.29
329.95000 -74.29
330.00000 -74.29
330.05000 -74.29
330.10000 -74.29
330.15000 -74.29
330.20000 -74.29
330.25000 -74.28
330.30000 -74.28
330.35000 -74.28
330.40000 -74.28
330.45000 -74.28
330.50000 -74.28
330.55000 -74.29
330.60000 -74.29
330.65000 -74.29
330.70000 -74.29
330.75000 -74.29
330.80000 -74.29
330.85000 -74.29
330.90000 -74.29
330.95000 -74.29
331.00000 -74.29
331.05000 -74.30
331.10000 -74.30
331.15000 -74.30
331.20000 -74.30
331.25000 -74.30
331.30000 -74.30
331.35000 -74.30
331.40000 -74.30
331.45000 -74.30
331.50000 -74.31
331.55000 -74.31
331.60000 -74.30
331.65000 -74.30
331.70000 -74.30
331.75000 -74.30
331.80000 -74.30
331.85000 -74.31
331.90000 -74.31
331.95000 -74.31
332.00000 -74.31
332.05000 -74.31
332.10000 -74.31
332.15000 -74.31
332.20000 -74.31
332.25000 -74.31
332.30000 -74.31
332.35000 -74.31
332.40000 -74.31
332.45000 -74.31
332.50000 -74.31
332.55000 -74.31
332.60000 -74.30
332.65000 -74.31
332.70000 -74.30
332.75000 -74.30
332.80000 -74.30
332.85000 -74.29
332.90000 -74.29
332.95000 -74.29
333.00000 -74.29
333.05000 -74.29
333.10000 -74.29
333.15000 -74.28
333.20000 -74.28
333.25000 -74.28
333.30000 -74.28
333.35000 -74.29
333.40000 -74.29
333.45000 -74.29
333.50000 -74.29
333.55000 -74.29
333.60000 -74.30
333.65000 -74.30
333.70000 -74.30
333.75000 -74.31
333.80000 -74.30
333.85000 -74.31
333.90000 -74.31
333.95000 -74.31
334.00000 -74.31
334.05000 -74.31
334.10000 -74.31
334.15000 -74.32
334.20000 -74.32
334.25000 -74.32
334.30000 -74.32
334.35000 -74.32
334.40000 -74.33
334.45000 -74.33
334.50000 -74.33
334.55000 -74.32
334.60000 -74.33
334.65000 -74.33
334.70000 -74.33
334.75000 -74.33
334.80000 -74.33
334.85000 -74.33
334.90000 -74.33
334.95000 -74.33
335.00000 -74.33
335.05000 -74.33
335.10000 -74.34
335.15000 -74.34
335.20000 -74.34
335.25000 -74.34
335.30000 -74.35
335.35000 -74.34
335.40000 -74.34
335.45000 -74.35
335.50000 -74.34
335.55000 -74.34
335.60000 -74.35
335.65000 -74.35
335.70000 -74.35
335.75000 -74.35
335.80000 -74.35
335.85000 -74.34
335.90000 -74.35
335.95000 -74.35
336.00000 -74.35
336.05000 -74.35
336.10000 -74.35
336.15000 -74.35
336.20000 -74.34
336.25000 -74.34
336.30000 -74.34
336.35000 -74.34
336.40000 -74.34
336.45000 -74.34
336.50000 -74.34
336.55000 -74.34
336.60000 -74.34
336.65000 -74.34
336.70000 -74.34
336.75000 -74.34
336.80000 -74.34
336.85000 -74.34
336.90000 -74.34
336.95000 -74.34
337.00000 -74.34
337.05000 -74.34
337.10000 -74.34
337.15000 -74.34
337.20000 -74.34
337.25000 -74.33
337.30000 -74.34
337.35000 -74.33
337.40000 -74.33
337.45000 -74.33
337.50000 -74.33
337.55000 -74.33
337.60000 -74.33
337.65000 -74.33
337.70000 -74.33
337.75000 -74.33
337.80000 -74.33
337.85000 -74.34
337.90000 -74.33
337.95000 -74.34
338.00000 -74.34
338.05000 -74.33
338.10000 -74.33
338.15000 -74.33
338.20000 -74.33
338.25000 -74.32
338.30000 -74.32
338.35000 -74.32
338.40000 -74.32
338.45000 -74.32
338.50000 -74.32
338.55000 -74.33
338.60000 -74.32
338.65000 -74.32
338.70000 -74.33
338.75000 -74.32
338.80000 -74.32
338.85000 -74.32
338.90000 -74.32
338.95000 -74.32
339.00000 -74.32
339.05000 -74.32
339.10000 -74.32
339.15000 -74.32
339.20000 -74.32
339.25000 -74.32
339.30000 -74.33
339.35000 -74.33
339.40000 -74.33
339.45000 -74.33
339.50000 -74.33
339.55000 -74.33
339.60000 -74.34
339.65000 -74.34
339.70000 -74.34
339.75000 -74.34
339.80000 -74.34
339.85000 -74.34
339.90000 -74.34
339.95000 -74.34
340.00000 -74.34
340.05000 -74.34
340.10000 -74.34
340.15000 -74.34
340.20000 -74.34
340.25000 -74.34
340.30000 -74.34
340.35000 -74.35
340.40000 -74.35
340.45000 -74.35
340.50000 -74.34
340.55000 -74.35
340.60000 -74.35
340.65000 -74.35
340.70000 -74.35
340.75000 -74.34
340.80000 -74.34
340.85000 -74.34
340.90000 -74.35
340.95000 -74.34
341.00000 -74.34
341.05000 -74.34
341.10000 -74.34
341.15000 -74.33
341.20000 -74.33
341.25000 -74.34
341.30000 -74.34
341.35000 -74.34
341.40000 -74.33
341.45000 -74.33
341.50000 -74.33
341.55000 -74.33
341.60000 -74.32
341.65000 -74.33
341.70000 -74.32
341.75000 -74.33
341.80000 -74.33
341.85000 -74.32
341.90000 -74.32
341.95000 -74.32
342.00000 -74.32
342.05000 -74.32
342.10000 -74.32
342.15000 -74.32
342.20000 -74.32
342.25000 -74.32
342.30000 -74.32
342.35000 -74.32
342.40000 -74.32
342.45000 -74.32
342.50000 -74.32
342.55000 -74.31
342.60000 -74.31
342.65000 -74.31
342.70000 -74.31
342.75000 -74.31
342.80000 -74.31
342.85000 -74.31
342.90000 -74.31
342.95000 -74.31
343.00000 -74.32
343.05000 -74.31
343.10000 -74.32
343.15000 -74.31
343.20000 -74.31
343.25000 -74.31
343.30000 -74.31
343.35000 -74.31
343.40000 -74.31
343.45000 -74.31
343.50000 -74.31
343.55000 -74.31
343.60000 -74.30
343.65000 -74.31
343.70000 -74.31
343.75000 -74.31
343.80000 -74.31
343.85000 -74.31
343.90000 -74.31
343.95000 -74.31
344.00000 -74.31
344.05000 -74.32
344.10000 -74.32
344.15000 -74.32
344.20000 -74.32
344.25000 -74.32
344.30000 -74.32
344.35000 -74.32
344.40000 -74.32
344.45000 -74.32
344.50000 -74.32
344.55000 -74.32
344.60000 -74.32
344.65000 -74.31
344.70000 -74.31
344.75000 -74.31
344.80000 -74.31
344.85000 -74.30
344.90000 -74.30
344.95000 -74.30
345.00000 -74.30
345.05000 -74.30
345.10000 -74.30
345.15000 -74.30
345.20000 -74.30
345.25000 -74.30
345.30000 -74.30
345.35000 -74.31
345.40000 -74.31
345.45000 -74.31
345.50000 -74.30
345.55000 -74.31
345.60000 -74.31
345.65000 -74.31
345.70000 -74.31
345.75000 -74.31
345.80000 -74.31
345.85000 -74.31
345.90000 -74.31
345.95000 -74.31
346.00000 -74.31
346.05000 -74.32
346.10000 -74.31
346.15000 -74.31
346.20000 -74.32
346.25000 -74.32
346.30000 -74.32
346.35000 -74.31
346.40000 -74.31
346.45000 -74.31
346.50000 -74.32
346.55000 -74.32
346.60000 -74.32
346.65000 -74.32
346.70000 -74.32
346.75000 -74.32
346.80000 -74.32
346.85000 -74.33
346.90000 -74.33
346.95000 -74.33
347.00000 -74.33
347.05000 -74.33
347.10000 -74.33
347.15000 -74.33
347.20000 -74.33
347.25000 -74.33
347.30000 -74.33
347.35000 -74.34
347.40000 -74.34
347.45000 -74.34
347.50000 -74.34
347.55000 -74.34
347.60000 -74.34
347.65000 -74.35
347.70000 -74.35
347.75000 -74.35
347.80000 -74.35
347.85000 -74.35
347.90000 -74.35
347.95000 -74.34
348.00000 -74.34
348.05000 -74.34
348.10000 -74.34
348.15000 -74.35
348.20000 -74.34
348.25000 -74.34
348.30000 -74.34
348.35000 -74.34
348.40000 -74.34
348.45000 -74.33
348.50000 -74.33
348.55000 -74.33
348.60000 -74.33
348.65000 -74.33
348.70000 -74.33
348.75000 -74.33
348.80000 -74.33
348.85000 -74.33
348.90000 -74.33
348.95000 -74.32
349.00000 -74.32
349.05000 -74.32
349.10000 -74.32
349.15000 -74.32
349.20000 -74.32
349.25000 -74.32
349.30000 -74.32
349.35000 -74.32
349.40000 -74.32
349.45000 -74.32
349.50000 -74.32
349.55000 -74.32
349.60000 -74.32
349.65000 -74.33
349.70000 -74.33
349.75000 -74.33
349.80000 -74.32
349.85000 -74.32
349.90000 -74.32
349.95000 -74.32
350.00000 -74.32
350.05000 -74.32
350.10000 -74.32
350.15000 -74.31
350.20000 -74.32
350.25000 -74.31
350.30000 -74.31
350.35000 -74.32
350.40000 -74.32
350.45000 -74.32
350.50000 -74.32
350.55000 -74.32
350.60000 -74.32
350.65000 -74.32
350.70000 -74.32
350.75000 -74.32
350.80000 -74.32
350.85000 -74.32
350.90000 -74.33
350.95000 -74.33
351.00000 -74.33
351.05000 -74.33
351.10000 -74.34
351.15000 -74.34
351.20000 -74.34
351.25000 -74.34
351.30000 -74.34
351.35000 -74.34
351.40000 -74.34
351.45000 -74.34
351.50000 -74.34
351.55000 -74.35
351.60000 -74.34
351.65000 -74.34
351.70000 -74.34
351.75000 -74.34
351.80000 -74.33
351.85000 -74.34
351.90000 -74.34
351.95000 -74.34
352.00000 -74.33
352.05000 -74.33
352.10000 -74.34
352.15000 -74.33
352.20000 -74.34
352.25000 -74.33
352.30000 -74.34
352.35000 -74.34
352.40000 -74.34
352.45000 -74.34
352.50000 -74.33
352.55000 -74.33
352.60000 -74.33
352.65000 -74.33
352.70000 -74.33
352.75000 -74.33
352.80000 -74.34
352.85000 -74.33
352.90000 -74.33
352.95000 -74.33
353.00000 -74.33
353.05000 -74.33
353.10000 -74.33
353.15000 -74.32
353.20000 -74.32
353.25000 -74.32
353.30000 -74.32
353.35000 -74.31
353.40000 -74.31
353.45000 -74.31
353.50000 -74.31
353.55000 -74.32
353.60000 -74.32
353.65000 -74.32
353.70000 -74.32
353.75000 -74.32
353.80000 -74.32
353.85000 -74.32
353.90000 -74.32
353.95000 -74.32
354.00000 -74.32
354.05000 -74.32
354.10000 -74.32
354.15000 -74.32
354.20000 -74.32
354.25000 -74.32
354.30000 -74.32
354.35000 -74.32
354.40000 -74.32
354.45000 -74.32
354.50000 -74.32
354.55000 -74.32
354.60000 -74.32
354.65000 -74.33
354.70000 -74.32
354.75000 -74.32
354.80000 -74.32
354.85000 -74.32
354.90000 -74.32
354.95000 -74.32
355.00000 -74.32
355.05000 -74.32
355.10000 -74.32
355.15000 -74.31
355.20000 -74.32
355.25000 -74.31
355.30000 -74.31
355.35000 -74.31
355.40000 -74.31
355.45000 -74.31
355.50000 -74.31
355.55000 -74.30
355.60000 -74.30
355.65000 -74.30
355.70000 -74.30
355.75000 -74.30
355.80000 -74.30
355.85000 -74.30
355.90000 -74.29
355.95000 -74.29
356.00000 -74.29
356.05000 -74.29
356.10000 -74.29
356.15000 -74.29
356.20000 -74.29
356.25000 -74.29
356.30000 -74.29
356.35000 -74.29
356.40000 -74.30
356.45000 -74.30
356.50000 -74.30
356.55000 -74.30
356.60000 -74.30
356.65000 -74.30
356.70000 -74.30
356.75000 -74.30
356.80000 -74.30
356.85000 -74.30
356.90000 -74.30
356.95000 -74.30
357.00000 -74.30
357.05000 -74.30
357.10000 -74.30
357.15000 -74.30
357.20000 -74.30
357.25000 -74.30
357.30000 -74.30
357.35000 -74.29
357.40000 -74.29
357.45000 -74.30
357.50000 -74.30
357.55000 -74.30
357.60000 -74.30
357.65000 -74.30
357.70000 -74.30
357.75000 -74.30
357.80000 -74.30
357.85000 -74.30
357.90000 -74.31
357.95000 -74.31
358.00000 -74.31
358.05000 -74.31
358.10000 -74.31
358.15000 -74.31
358.20000 -74.31
358.25000 -74.31
358.30000 -74.31
358.35000 -74.30
358.40000 -74.30
358.45000 -74.30
358.50000 -74.30
358.55000 -74.30
358.60000 -74.30
358.65000 -74.31
358.70000 -74.30
358.75000 -74.30
358.80000 -74.31
358.85000 -74.30
358.90000 -74.31
358.95000 -74.31
359.00000 -74.31
359.05000 -74.32
359.10000 -74.32
359.15000 -74.32
359.20000 -74.33
359.25000 -74.33
359.30000 -74.33
359.35000 -74.33
359.40000 -74.33
359.45000 -74.33
359.50000 -74.33
359.55000 -74.33
359.60000 -74.33
359.65000 -74.33
359.70000 -74.33
359.75000 -74.33
359.80000 -74.32
359.85000 -74.32
359.90000 -74.32
359.95000 -74.32
360.00000 -74.32
360.05000 -74.32
360.10000 -74.31
360.15000 -74.31
360.20000 -74.31
360.25000 -74.30
360.30000 -74.30
360.35000 -74.30
360.40000 -74.29
360.45000 -74.29
360.50000 -74.29
360.55000 -74.29
360.60000 -74.28
360.65000 -74.28
360.70000 -74.28
360.75000 -74.28
360.80000 -74.28
360.85000 -74.28
360.90000 -74.28
360.95000 -74.28
361.00000 -74.28
361.05000 -74.28
361.10000 -74.28
361.15000 -74.28
361.20000 -74.28
361.25000 -74.28
361.30000 -74.29
361.35000 -74.29
361.40000 -74.29
361.45000 -74.29
361.50000 -74.29
361.55000 -74.29
361.60000 -74.29
361.65000 -74.29
361.70000 -74.29
361.75000 -74.29
361.80000 -74.30
361.85000 -74.30
361.90000 -74.30
361.95000 -74.31
362.00000 -74.30
362.05000 -74.31
362.10000 -74.30
362.15000 -74.31
362.20000 -74.30
362.25000 -74.31
362.30000 -74.31
362.35000 -74.31
362.40000 -74.31
362.45000 -74.31
362.50000 -74.31
362.55000 -74.31
362.60000 -74.31
362.65000 -74.31
362.70000 -74.31
362.75000 -74.31
362.80000 -74.31
362.85000 -74.30
362.90000 -74.30
362.95000 -74.30
363.00000 -74.31
363.05000 -74.31
363.10000 -74.30
363.15000 -74.30
363.20000 -74.30
363.25000 -74.30
363.30000 -74.30
363.35000 -74.30
363.40000 -74.30
363.45000 -74.30
363.50000 -74.29
363.55000 -74.30
363.60000 -74.29
363.65000 -74.30
363.70000 -74.29
363.75000 -74.30
363.80000 -74.30
363.85000 -74.30
363.90000 -74.30
363.95000 -74.30
364.00000 -74.30
364.05000 -74.30
364.10000 -74.30
364.15000 -74.30
364.20000 -74.30
364.25000 -74.30
364.30000 -74.30
364.35000 -74.30
364.40000 -74.30
364.45000 -74.30
364.50000 -74.30
364.55000 -74.30
364.60000 -74.30
364.65000 -74.30
364.70000 -74.30
364.75000 -74.30
364.80000 -74.30
364.85000 -74.31
364.90000 -74.31
364.95000 -74.31
365.00000 -74.31
365.05000 -74.31
365.10000 -74.31
365.15000 -74.31
365.20000 -74.31
365.25000 -74.31
365.30000 -74.31
365.35000 -74.31
365.40000 -74.31
365.45000 -74.31
365.50000 -74.31
365.55000 -74.31
365.60000 -74.31
365.65000 -74.31
365.70000 -74.31
365.75000 -74.31
365.80000 -74.31
365.85000 -74.31
365.90000 -74.31
365.95000 -74.32
366.00000 -74.32
366.05000 -74.32
366.10000 -74.32
366.15000 -74.32
366.20000 -74.32
366.25000 -74.32
366.30000 -74.32
366.35000 -74.32
366.40000 -74.32
366.45000 -74.32
366.50000 -74.32
366.55000 -74.31
366.60000 -74.31
366.65000 -74.31
366.70000 -74.31
366.75000 -74.31
366.80000 -74.31
366.85000 -74.31
366.90000 -74.31
366.95000 -74.31
367.00000 -74.31
367.05000 -74.31
367.10000 -74.31
367.15000 -74.32
367.20000 -74.31
367.25000 -74.31
367.30000 -74.31
367.35000 -74.31
367.40000 -74.32
367.45000 -74.31
367.50000 -74.31
367.55000 -74.32
367.60000 -74.32
367.65000 -74.32
367.70000 -74.32
367.75000 -74.32
367.80000 -74.32
367.85000 -74.32
367.90000 -74.32
367.95000 -74.32
368.00000 -74.32
368.05000 -74.32
368.10000 -74.32
368.15000 -74.32
368.20000 -74.32
368.25000 -74.31
368.30000 -74.31
368.35000 -74.31
368.40000 -74.31
368.45000 -74.31
368.50000 -74.31
368.55000 -74.31
368.60000 -74.31
368.65000 -74.31
368.70000 -74.31
368.75000 -74.31
368.80000 -74.31
368.85000 -74.31
368.90000 -74.31
368.95000 -74.32
369.00000 -74.32
369.05000 -74.31
369.10000 -74.31
369.15000 -74.31
369.20000 -74.31
369.25000 -74.31
369.30000 -74.31
369.35000 -74.31
369.40000 -74.31
369.45000 -74.30
369.50000 -74.30
369.55000 -74.30
369.60000 -74.30
369.65000 -74.31
369.70000 -74.30
369.75000 -74.31
369.80000 -74.31
369.85000 -74.31
369.90000 -74.32
369.95000 -74.32
370.00000 -74.32
370.05000 -74.31
370.10000 -74.31
370.15000 -74.32
370.20000 -74.31
370.25000 -74.31
370.30000 -74.31
370.35000 -74.31
370.40000 -74.31
370.45000 -74.31
370.50000 -74.30
370.55000 -74.31
370.60000 -74.31
370.65000 -74.31
370.70000 -74.31
370.75000 -74.31
370.80000 -74.31
370.85000 -74.30
370.90000 -74.30
370.95000 -74.30
371.00000 -74.30
371.05000 -74.30
371.10000 -74.30
371.15000 -74.30
371.20000 -74.31
371.25000 -74.31
371.30000 -74.31
371.35000 -74.31
371.40000 -74.31
371.45000 -74.32
371.50000 -74.32
371.55000 -74.32
371.60000 -74.32
371.65000 -74.32
371.70000 -74.32
371.75000 -74.33
371.80000 -74.33
371.85000 -74.33
371.90000 -74.33
371.95000 -74.33
372.00000 -74.33
372.05000 -74.33
372.10000 -74.33
372.15000 -74.33
372.20000 -74.33
372.25000 -74.34
372.30000 -74.34
372.35000 -74.34
372.40000 -74.34
372.45000 -74.34
372.50000 -74.34
372.55000 -74.34
372.60000 -74.34
372.65000 -74.34
372.70000 -74.34
372.75000 -74.35
372.80000 -74.35
372.85000 -74.35
372.90000 -74.35
372.95000 -74.36
373.00000 -74.36
373.05000 -74.36
373.10000 -74.36
373.15000 -74.36
373.20000 -74.36
373.25000 -74.36
373.30000 -74.36
373.35000 -74.36
373.40000 -74.36
373.45000 -74.36
373.50000 -74.35
373.55000 -74.35
373.60000 -74.36
373.65000 -74.36
373.70000 -74.36
373.75000 -74.36
373.80000 -74.35
373.85000 -74.35
373.90000 -74.35
373.95000 -74.34
374.00000 -74.34
374.05000 -74.34
374.10000 -74.34
374.15000 -74.34
374.20000 -74.34
374.25000 -74.34
374.30000 -74.33
374.35000 -74.34
374.40000 -74.34
374.45000 -74.34
374.50000 -74.33
374.55000 -74.33
374.60000 -74.33
374.65000 -74.33
374.70000 -74.33
374.75000 -74.33
374.80000 -74.33
374.85000 -74.33
374.90000 -74.33
374.95000 -74.33
375.00000 -74.33
375.05000 -74.33
375.10000 -74.33
375.15000 -74.33
375.20000 -74.33
375.25000 -74.33
375.30000 -74.33
375.35000 -74.33
375.40000 -74.33
375.45000 -74.33
375.50000 -74.33
375.55000 -74.33
375.60000 -74.33
375.65000 -74.32
375.70000 -74.32
375.75000 -74.32
375.80000 -74.32
375.85000 -74.32
375.90000 -74.31
375.95000 -74.31
376.00000 -74.31
376.05000 -74.30
376.10000 -74.30
376.15000 -74.29
376.20000 -74.29
376.25000 -74.29
376.30000 -74.29
376.35000 -74.28
376.40000 -74.28
376.45000 -74.28
376.50000 -74.28
376.55000 -74.28
376.60000 -74.28
376.65000 -74.28
376.70000 -74.28
376.75000 -74.27
376.80000 -74.27
376.85000 -74.27
376.90000 -74.27
376.95000 -74.27
377.00000 -74.27
377.05000 -74.27
377.10000 -74.27
377.15000 -74.26
377.20000 -74.27
377.25000 -74.26
377.30000 -74.26
377.35000 -74.26
377.40000 -74.26
377.45000 -74.26
377.50000 -74.26
377.55000 -74.27
377.60000 -74.26
377.65000 -74.26
377.70000 -74.26
377.75000 -74.26
377.80000 -74.26
377.85000 -74.26
377.90000 -74.26
377.95000 -74.27
378.00000 -74.27
378.05000 -74.27
378.10000 -74.27
378.15000 -74.27
378.20000 -74.27
378.25000 -74.27
378.30000 -74.28
378.35000 -74.28
378.40000 -74.27
378.45000 -74.28
378.50000 -74.28
378.55000 -74.28
378.60000 -74.29
378.65000 -74.29
378.70000 -74.29
378.75000 -74.29
378.80000 -74.29
378.85000 -74.29
378.90000 -74.29
378.95000 -74.29
379.00000 -74.29
379.05000 -74.29
379.10000 -74.28
379.15000 -74.28
379.20000 -74.29
379.25000 -74.29
379.30000 -74.29
379.35000 -74.29
379.40000 -74.29
379.45000 -74.29
379.50000 -74.29
379.55000 -74.30
379.60000 -74.30
379.65000 -74.30
379.70000 -74.30
379.75000 -74.30
379.80000 -74.30
379.85000 -74.30
379.90000 -74.30
379.95000 -74.30
380.00000 -74.30
380.05000 -74.30
380.10000 -74.30
380.15000 -74.31
380.20000 -74.31
380.25000 -74.31
380.30000 -74.31
380.35000 -74.31
380.40000 -74.31
380.45000 -74.32
380.50000 -74.31
380.55000 -74.31
380.60000 -74.32
380.65000 -74.32
380.70000 -74.31
380.75000 -74.32
380.80000 -74.31
380.85000 -74.31
380.90000 -74.31
380.95000 -74.31
381.00000 -74.31
381.05000 -74.30
381.10000 -74.30
381.15000 -74.30
381.20000 -74.30
381.25000 -74.30
381.30000 -74.30
381.35000 -74.30
381.40000 -74.29
381.45000 -74.29
381.50000 -74.29
381.55000 -74.30
381.60000 -74.30
381.65000 -74.30
381.70000 -74.30
381.75000 -74.30
381.80000 -74.30
381.85000 -74.30
381.90000 -74.30
381.95000 -74.30
382.00000 -74.29
382.05000 -74.29
382.10000 -74.29
382.15000 -74.29
382.20000 -74.29
382.25000 -74.29
382.30000 -74.28
382.35000 -74.29
382.40000 -74.29
382.45000 -74.29
382.50000 -74.29
382.55000 -74.29
382.60000 -74.29
382.65000 -74.29
382.70000 -74.29
382.75000 -74.29
382.80000 -74.28
382.85000 -74.28
382.90000 -74.29
382.95000 -74.29
383.00000 -74.29
383.05000 -74.29
383.10000 -74.29
383.15000 -74.29
383.20000 -74.29
383.25000 -74.29
383.30000 -74.29
383.35000 -74.29
383.40000 -74.29
383.45000 -74.29
383.50000 -74.29
383.55000 -74.28
383.60000 -74.28
383.65000 -74.28
383.70000 -74.28
383.75000 -74.28
383.80000 -74.28
383.85000 -74.28
383.90000 -74.28
383.95000 -74.28
384.00000 -74.28
384.05000 -74.28
384.10000 -74.28
384.15000 -74.28
384.20000 -74.28
384.25000 -74.28
384.30000 -74.28
384.35000 -74.28
384.40000 -74.28
384.45000 -74.28
384.50000 -74.28
384.55000 -74.28
384.60000 -74.28
384.65000 -74.28
384.70000 -74.28
384.75000 -74.29
384.80000 -74.29
384.85000 -74.29
384.90000 -74.29
384.95000 -74.29
385.00000 -74.29
385.05000 -74.29
385.10000 -74.29
385.15000 -74.29
385.20000 -74.30
385.25000 -74.30
385.30000 -74.30
385.35000 -74.30
385.40000 -74.30
385.45000 -74.30
385.50000 -74.30
385.55000 -74.30
385.60000 -74.30
385.65000 -74.30
385.70000 -74.30
385.75000 -74.30
385.80000 -74.30
385.85000 -74.29
385.90000 -74.29
385.95000 -74.29
386.00000 -74.29
386.05000 -74.29
386.10000 -74.29
386.15000 -74.28
386.20000 -74.28
386.25000 -74.28
386.30000 -74.28
386.35000 -74.28
386.40000 -74.28
386.45000 -74.28
386.50000 -74.28
386.55000 -74.27
386.60000 -74.27
386.65000 -74.28
386.70000 -74.27
386.75000 -74.27
386.80000 -74.27
386.85000 -74.27
386.90000 -74.27
386.95000 -74.27
387.00000 -74.27
387.05000 -74.27
387.10000 -74.28
387.15000 -74.28
387.20000 -74.28
387.25000 -74.28
387.30000 -74.28
387.35000 -74.28
387.40000 -74.28
387.45000 -74.29
387.50000 -74.29
387.55000 -74.29
387.60000 -74.29
387.65000 -74.29
387.70000 -74.29
387.75000 -74.30
387.80000 -74.30
387.85000 -74.30
387.90000 -74.30
387.95000 -74.30
388.00000 -74.30
388.05000 -74.30
388.10000 -74.31
388.15000 -74.31
388.20000 -74.31
388.25000 -74.31
388.30000 -74.31
388.35000 -74.31
388.40000 -74.31
388.45000 -74.32
388.50000 -74.31
388.55000 -74.31
388.60000 -74.31
388.65000 -74.32
388.70000 -74.32
388.75000 -74.32
388.80000 -74.32
388.85000 -74.32
388.90000 -74.32
388.95000 -74.32
389.00000 -74.31
389.05000 -74.31
389.10000 -74.31
389.15000 -74.32
389.20000 -74.31
389.25000 -74.31
389.30000 -74.31
389.35000 -74.31
389.40000 -74.31
389.45000 -74.31
389.50000 -74.31
389.55000 -74.31
389.60000 -74.31
389.65000 -74.31
389.70000 -74.31
389.75000 -74.31
389.80000 -74.31
389.85000 -74.32
389.90000 -74.31
389.95000 -74.32
390.00000 -74.32
390.05000 -74.32
390.10000 -74.33
390.15000 -74.32
390.20000 -74.32
390.25000 -74.32
390.30000 -74.32
390.35000 -74.32
390.40000 -74.32
390.45000 -74.32
390.50000 -74.32
390.55000 -74.32
390.60000 -74.32
390.65000 -74.32
390.70000 -74.31
390.75000 -74.31
390.80000 -74.31
390.85000 -74.31
390.90000 -74.31
390.95000 -74.31
391.00000 -74.31
391.05000 -74.31
391.10000 -74.31
391.15000 -74.30
391.20000 -74.31
391.25000 -74.31
391.30000 -74.30
391.35000 -74.30
391.40000 -74.29
391.45000 -74.29
391.50000 -74.29
391.55000 -74.28
391.60000 -74.28
391.65000 -74.28
391.70000 -74.27
391.75000 -74.28
391.80000 -74.27
391.85000 -74.27
391.90000 -74.27
391.95000 -74.27
392.00000 -74.27
392.05000 -74.27
392.10000 -74.27
392.15000 -74.27
392.20000 -74.27
392.25000 -74.27
392.30000 -74.27
392.35000 -74.27
392.40000 -74.27
392.45000 -74.27
392.50000 -74.26
392.55000 -74.27
392.60000 -74.27
392.65000 -74.27
392.70000 -74.27
392.75000 -74.27
392.80000 -74.28
392.85000 -74.28
392.90000 -74.28
392.95000 -74.28
393.00000 -74.28
393.05000 -74.29
393.10000 -74.29
393.15000 -74.29
393.20000 -74.29
393.25000 -74.30
393.30000 -74.30
393.35000 -74.30
393.40000 -74.31
393.45000 -74.31
393.50000 -74.31
393.55000 -74.31
393.60000 -74.31
393.65000 -74.31
393.70000 -74.31
393.75000 -74.31
393.80000 -74.31
393.85000 -74.31
393.90000 -74.31
393.95000 -74.31
394.00000 -74.30
394.05000 -74.31
394.10000 -74.31
394.15000 -74.31
394.20000 -74.31
394.25000 -74.31
394.30000 -74.31
394.35000 -74.31
394.40000 -74.30
394.45000 -74.30
394.50000 -74.30
394.55000 -74.30
394.60000 -74.30
394.65000 -74.30
394.70000 -74.30
394.75000 -74.30
394.80000 -74.30
394.85000 -74.30
394.90000 -74.30
394.95000 -74.31
395.00000 -74.31
395.05000 -74.31
395.10000 -74.31
395.15000 -74.31
395.20000 -74.31
395.25000 -74.31
395.30000 -74.31
395.35000 -74.31
395.40000 -74.32
395.45000 -74.32
395.50000 -74.32
395.55000 -74.32
395.60000 -74.32
395.65000 -74.32
395.70000 -74.32
395.75000 -74.32
395.80000 -74.32
395.85000 -74.32
395.90000 -74.32
395.95000 -74.32
396.00000 -74.32
396.05000 -74.32
396.10000 -74.32
396.15000 -74.33
396.20000 -74.33
396.25000 -74.33
396.30000 -74.33
396.35000 -74.33
396.40000 -74.33
396.45000 -74.33
396.50000 -74.33
396.55000 -74.33
396.60000 -74.33
396.65000 -74.33
396.70000 -74.32
396.75000 -74.32
396.80000 -74.32
396.85000 -74.32
396.90000 -74.32
396.95000 -74.31
397.00000 -74.31
397.05000 -74.31
397.10000 -74.31
397.15000 -74.31
397.20000 -74.31
397.25000 -74.31
397.30000 -74.31
397.35000 -74.31
397.40000 -74.31
397.45000 -74.31
397.50000 -74.31
397.55000 -74.31
397.60000 -74.31
397.65000 -74.31
397.70000 -74.31
397.75000 -74.30
397.80000 -74.31
397.85000 -74.30
397.90000 -74.30
397.95000 -74.30
398.00000 -74.29
398.05000 -74.29
398.10000 -74.29
398.15000 -74.28
398.20000 -74.28
398.25000 -74.28
398.30000 -74.28
398.35000 -74.28
398.40000 -74.27
398.45000 -74.27
398.50000 -74.27
398.55000 -74.27
398.60000 -74.27
398.65000 -74.27
398.70000 -74.27
398.75000 -74.27
398.80000 -74.27
398.85000 -74.27
398.90000 -74.27
398.95000 -74.27
399.00000 -74.27
399.05000 -74.27
399.10000 -74.26
399.15000 -74.26
399.20000 -74.26
399.25000 -74.26
399.30000 -74.26
399.35000 -74.26
399.40000 -74.25
399.45000 -74.25
399.50000 -74.25
399.55000 -74.25
399.60000 -74.25
399.65000 -74.25
399.70000 -74.25
399.75000 -74.26
399.80000 -74.26
399.85000 -74.26
399.90000 -74.26
399.95000 -74.26
400.00000 -74.26
400.05000 -74.27
400.10000 -74.27
400.15000 -74.27
400.20000 -74.27
400.25000 -74.27
400.30000 -74.27
400.35000 -74.27
400.40000 -74.27
400.45000 -74.27
400.50000 -74.27
400.55000 -74.27
400.60000 -74.27
400.65000 -74.27
400.70000 -74.27
400.75000 -74.27
400.80000 -74.27
400.85000 -74.27
400.90000 -74.27
400.95000 -74.27
401.00000 -74.27
401.05000 -74.27
401.10000 -74.27
401.15000 -74.26
401.20000 -74.27
401.25000 -74.27
401.30000 -74.27
401.35000 -74.28
401.40000 -74.28
401.45000 -74.28
401.50000 -74.28
401.55000 -74.28
401.60000 -74.28
401.65000 -74.28
401.70000 -74.29
401.75000 -74.28
401.80000 -74.28
401.85000 -74.29
401.90000 -74.28
401.95000 -74.28
402.00000 -74.28
402.05000 -74.28
402.10000 -74.28
402.15000 -74.28
402.20000 -74.28
402.25000 -74.28
402.30000 -74.28
402.35000 -74.28
402.40000 -74.28
402.45000 -74.28
402.50000 -74.28
402.55000 -74.28
402.60000 -74.28
402.65000 -74.28
402.70000 -74.29
402.75000 -74.29
402.80000 -74.29
402.85000 -74.29
402.90000 -74.29
402.95000 -74.30
403.00000 -74.30
403.05000 -74.31
403.10000 -74.31
403.15000 -74.31
403.20000 -74.32
403.25000 -74.32
403.30000 -74.33
403.35000 -74.33
403.40000 -74.33
403.45000 -74.33
403.50000 -74.33
403.55000 -74.33
403.60000 -74.33
403.65000 -74.33
403.70000 -74.33
403.75000 -74.33
403.80000 -74.32
403.85000 -74.32
403.90000 -74.32
403.95000 -74.32
404.00000 -74.32
404.05000 -74.32
404.10000 -74.32
404.15000 -74.32
404.20000 -74.32
404.25000 -74.32
404.30000 -74.32
404.35000 -74.32
404.40000 -74.32
404.45000 -74.32
404.50000 -74.32
404.55000 -74.32
404.60000 -74.32
404.65000 -74.32
404.70000 -74.32
404.75000 -74.32
404.80000 -74.32
404.85000 -74.32
404.90000 -74.32
404.95000 -74.32
405.00000 -74.32
405.05000 -74.32
405.10000 -74.31
405.15000 -74.31
405.20000 -74.31
405.25000 -74.31
405.30000 -74.31
405.35000 -74.31
405.40000 -74.30
405.45000 -74.30
405.50000 -74.30
405.55000 -74.30
405.60000 -74.30
405.65000 -74.29
405.70000 -74.29
405.75000 -74.29
405.80000 -74.28
405.85000 -74.28
405.90000 -74.28
405.95000 -74.28
406.00000 -74.28
406.05000 -74.28
406.10000 -74.28
406.15000 -74.28
406.20000 -74.28
406.25000 -74.28
406.30000 -74.28
406.35000 -74.28
406.40000 -74.28
406.45000 -74.28
406.50000 -74.28
406.55000 -74.28
406.60000 -74.28
406.65000 -74.28
406.70000 -74.28
406.75000 -74.28
406.80000 -74.27
406.85000 -74.28
406.90000 -74.28
406.95000 -74.28
407.00000 -74.28
407.05000 -74.28
407.10000 -74.28
407.15000 -74.28
407.20000 -74.28
407.25000 -74.29
407.30000 -74.29
407.35000 -74.29
407.40000 -74.29
407.45000 -74.29
407.50000 -74.29
407.55000 -74.29
407.60000 -74.29
407.65000 -74.29
407.70000 -74.29
407.75000 -74.28
407.80000 -74.28
407.85000 -74.28
407.90000 -74.28
407.95000 -74.28
408.00000 -74.28
408.05000 -74.28
408.10000 -74.28
408.15000 -74.28
408.20000 -74.28
408.25000 -74.28
408.30000 -74.28
408.35000 -74.28
408.40000 -74.28
408.45000 -74.28
408.50000 -74.28
408.55000 -74.28
408.60000 -74.28
408.65000 -74.28
408.70000 -74.28
408.75000 -74.28
408.80000 -74.28
408.85000 -74.29
408.90000 -74.29
408.95000 -74.29
409.00000 -74.29
409.05000 -74.29
409.10000 -74.29
409.15000 -74.29
409.20000 -74.29
409.25000 -74.29
409.30000 -74.29
409.35000 -74.30
409.40000 -74.30
409.45000 -74.30
409.50000 -74.30
409.55000 -74.30
409.60000 -74.30
409.65000 -74.30
409.70000 -74.30
409.75000 -74.30
409.80000 -74.30
409.85000 -74.30
409.90000 -74.29
409.95000 -74.29
410.00000 -74.29
410.05000 -74.29
410.10000 -74.28
410.15000 -74.29
410.20000 -74.29
410.25000 -74.29
410.30000 -74.29
410.35000 -74.29
410.40000 -74.30
410.45000 -74.29
410.50000 -74.29
410.55000 -74.29
410.60000 -74.29
410.65000 -74.29
410.70000 -74.28
410.75000 -74.29
410.80000 -74.28
410.85000 -74.28
410.90000 -74.28
410.95000 -74.28
411.00000 -74.28
411.05000 -74.28
411.10000 -74.28
411.15000 -74.28
411.20000 -74.27
411.25000 -74.27
411.30000 -74.28
411.35000 -74.27
411.40000 -74.27
411.45000 -74.27
411.50000 -74.27
411.55000 -74.27
411.60000 -74.27
411.65000 -74.27
411.70000 -74.28
411.75000 -74.28
411.80000 -74.28
411.85000 -74.28
411.90000 -74.28
411.95000 -74.28
412.00000 -74.28
412.05000 -74.28
412.10000 -74.27
412.15000 -74.27
412.20000 -74.27
412.25000 -74.27
412.30000 -74.27
412.35000 -74.27
412.40000 -74.27
412.45000 -74.28
412.50000 -74.28
412.55000 -74.29
412.60000 -74.29
412.65000 -74.29
412.70000 -74.29
412.75000 -74.29
412.80000 -74.29
412.85000 -74.29
412.90000 -74.29
412.95000 -74.29
413.00000 -74.29
413.05000 -74.30
413.10000 -74.30
413.15000 -74.30
413.20000 -74.30
413.25000 -74.29
413.30000 -74.30
413.35000 -74.30
413.40000 -74.30
413.45000 -74.30
413.50000 -74.30
413.55000 -74.30
413.60000 -74.30
413.65000 -74.29
413.70000 -74.29
413.75000 -74.29
413.80000 -74.29
413.85000 -74.29
413.90000 -74.29
413.95000 -74.29
414.00000 -74.29
414.05000 -74.29
414.10000 -74.30
414.15000 -74.29
414.20000 -74.30
414.25000 -74.30
414.30000 -74.29
414.35000 -74.30
414.40000 -74.30
414.45000 -74.30
414.50000 -74.30
414.55000 -74.30
414.60000 -74.30
414.65000 -74.31
414.70000 -74.31
414.75000 -74.31
414.80000 -74.31
414.85000 -74.30
414.90000 -74.31
414.95000 -74.31
415.00000 -74.31
415.05000 -74.31
415.10000 -74.31
415.15000 -74.31
415.20000 -74.31
415.25000 -74.31
415.30000 -74.31
415.35000 -74.31
415.40000 -74.31
415.45000 -74.31
415.50000 -74.31
415.55000 -74.31
415.60000 -74.31
415.65000 -74.31
415.70000 -74.31
415.75000 -74.31
415.80000 -74.31
415.85000 -74.31
415.90000 -74.31
415.95000 -74.31
416.00000 -74.31
416.05000 -74.30
416.10000 -74.30
416.15000 -74.30
416.20000 -74.31
416.25000 -74.31
416.30000 -74.31
416.35000 -74.31
416.40000 -74.31
416.45000 -74.32
416.50000 -74.32
416.55000 -74.32
416.60000 -74.32
416.65000 -74.32
416.70000 -74.32
416.75000 -74.32
416.80000 -74.32
416.85000 -74.32
416.90000 -74.31
416.95000 -74.31
417.00000 -74.31
417.05000 -74.30
417.10000 -74.30
417.15000 -74.30
417.20000 -74.30
417.25000 -74.30
417.30000 -74.30
417.35000 -74.29
417.40000 -74.30
417.45000 -74.30
417.50000 -74.30
417.55000 -74.30
417.60000 -74.30
417.65000 -74.29
417.70000 -74.29
417.75000 -74.29
417.80000 -74.29
417.85000 -74.29
417.90000 -74.29
417.95000 -74.29
418.00000 -74.29
418.05000 -74.29
418.10000 -74.29
418.15000 -74.29
418.20000 -74.29
418.25000 -74.29
418.30000 -74.29
418.35000 -74.29
418.40000 -74.29
418.45000 -74.29
418.50000 -74.28
418.55000 -74.29
418.60000 -74.28
418.65000 -74.28
418.70000 -74.28
418.75000 -74.28
418.80000 -74.28
418.85000 -74.28
418.90000 -74.28
418.95000 -74.28
419.00000 -74.28
419.05000 -74.28
419.10000 -74.28
419.15000 -74.28
419.20000 -74.28
419.25000 -74.28
419.30000 -74.28
419.35000 -74.28
419.40000 -74.28
419.45000 -74.28
419.50000 -74.28
419.55000 -74.28
419.60000 -74.28
419.65000 -74.28
419.70000 -74.28
419.75000 -74.28
419.80000 -74.28
419.85000 -74.28
419.90000 -74.28
419.95000 -74.28
420.00000 -74.28
420.05000 -74.27
420.10000 -74.27
420.15000 -74.27
420.20000 -74.27
420.25000 -74.27
420.30000 -74.27
420.35000 -74.27
420.40000 -74.27
420.45000 -74.27
420.50000 -74.27
420.55000 -74.27
420.60000 -74.27
420.65000 -74.27
420.70000 -74.27
420.75000 -74.27
420.80000 -74.27
420.85000 -74.27
420.90000 -74.27
420.95000 -74.27
421.00000 -74.26
421.05000 -74.26
421.10000 -74.26
421.15000 -74.26
421.20000 -74.26
421.25000 -74.26
421.30000 -74.26
421.35000 -74.27
421.40000 -74.27
421.45000 -74.27
421.50000 -74.28
421.55000 -74.28
421.60000 -74.28
421.65000 -74.29
421.70000 -74.29
421.75000 -74.30
421.80000 -74.29
421.85000 -74.30
421.90000 -74.29
421.95000 -74.29
422.00000 -74.29
422.05000 -74.29
422.10000 -74.29
422.15000 -74.29
422.20000 -74.29
422.25000 -74.29
422.30000 -74.29
422.35000 -74.29
422.40000 -74.30
422.45000 -74.30
422.50000 -74.30
422.55000 -74.30
422.60000 -74.30
422.65000 -74.31
422.70000 -74.31
422.75000 -74.31
422.80000 -74.31
422.85000 -74.31
422.90000 -74.31
422.95000 -74.31
423.00000 -74.31
423.05000 -74.31
423.10000 -74.31
423.15000 -74.31
423.20000 -74.31
423.25000 -74.31
423.30000 -74.30
423.35000 -74.30
423.40000 -74.30
423.45000 -74.30
423.50000 -74.31
423.55000 -74.31
423.60000 -74.31
423.65000 -74.30
423.70000 -74.31
423.75000 -74.31
423.80000 -74.31
423.85000 -74.30
423.90000 -74.30
423.95000 -74.30
424.00000 -74.29
424.05000 -74.30
424.10000 -74.29
424.15000 -74.29
424.20000 -74.29
424.25000 -74.29
424.30000 -74.29
424.35000 -74.29
424.40000 -74.29
424.45000 -74.29
424.50000 -74.29
424.55000 -74.29
424.60000 -74.29
424.65000 -74.29
424.70000 -74.29
424.75000 -74.29
424.80000 -74.29
424.85000 -74.29
424.90000 -74.29
424.95000 -74.29
425.00000 -74.29
425.05000 -74.29
425.10000 -74.29
425.15000 -74.29
425.20000 -74.29
425.25000 -74.29
425.30000 -74.29
425.35000 -74.29
425.40000 -74.29
425.45000 -74.29
425.50000 -74.28
425.55000 -74.28
425.60000 -74.28
425.65000 -74.28
425.70000 -74.28
425.75000 -74.28
425.80000 -74.28
425.85000 -74.28
425.90000 -74.28
425.95000 -74.29
426.00000 -74.29
426.05000 -74.29
426.10000 -74.29
426.15000 -74.29
426.20000 -74.29
426.25000 -74.29
426.30000 -74.29
426.35000 -74.29
426.40000 -74.29
426.45000 -74.29
426.50000 -74.29
426.55000 -74.28
426.60000 -74.28
426.65000 -74.28
426.70000 -74.28
426.75000 -74.28
426.80000 -74.28
426.85000 -74.28
426.90000 -74.28
426.95000 -74.28
427.00000 -74.28
427.05000 -74.28
427.10000 -74.28
427.15000 -74.28
427.20000 -74.28
427.25000 -74.28
427.30000 -74.28
427.35000 -74.28
427.40000 -74.28
427.45000 -74.28
427.50000 -74.28
427.55000 -74.28
427.60000 -74.28
427.65000 -74.29
427.70000 -74.29
427.75000 -74.29
427.80000 -74.29
427.85000 -74.29
427.90000 -74.29
427.95000 -74.30
428.00000 -74.30
428.05000 -74.30
428.10000 -74.30
428.15000 -74.30
428.20000 -74.30
428.25000 -74.31
428.30000 -74.31
428.35000 -74.31
428.40000 -74.31
428.45000 -74.31
428.50000 -74.31
428.55000 -74.31
428.60000 -74.31
428.65000 -74.31
428.70000 -74.31
428.75000 -74.31
428.80000 -74.32
428.85000 -74.32
428.90000 -74.31
428.95000 -74.32
429.00000 -74.31
429.05000 -74.31
429.10000 -74.31
429.15000 -74.31
429.20000 -74.31
429.25000 -74.31
429.30000 -74.31
429.35000 -74.31
429.40000 -74.31
429.45000 -74.30
429.50000 -74.30
429.55000 -74.30
429.60000 -74.30
429.65000 -74.30
429.70000 -74.30
429.75000 -74.30
429.80000 -74.30
429.85000 -74.30
429.90000 -74.30
429.95000 -74.30
430.00000 -74.30
430.05000 -74.30
430.10000 -74.30
430.15000 -74.29
430.20000 -74.29
430.25000 -74.29
430.30000 -74.30
430.35000 -74.30
430.40000 -74.30
430.45000 -74.30
430.50000 -74.29
430.55000 -74.30
430.60000 -74.30
430.65000 -74.30
430.70000 -74.30
430.75000 -74.30
430.80000 -74.30
430.85000 -74.31
430.90000 -74.31
430.95000 -74.31
431.00000 -74.31
431.05000 -74.31
431.10000 -74.31
431.15000 -74.32
431.20000 -74.32
431.25000 -74.31
431.30000 -74.31
431.35000 -74.31
431.40000 -74.31
431.45000 -74.32
431.50000 -74.31
431.55000 -74.32
431.60000 -74.32
431.65000 -74.32
431.70000 -74.32
431.75000 -74.33
431.80000 -74.32
431.85000 -74.33
431.90000 -74.33
431.95000 -74.33
432.00000 -74.33
432.05000 -74.33
432.10000 -74.33
432.15000 -74.32
432.20000 -74.32
432.25000 -74.32
432.30000 -74.32
432.35000 -74.32
432.40000 -74.32
432.45000 -74.31
432.50000 -74.31
432.55000 -74.31
432.60000 -74.31
432.65000 -74.31
432.70000 -74.30
432.75000 -74.30
432.80000 -74.30
432.85000 -74.30
432.90000 -74.30
432.95000 -74.30
433.00000 -74.30
433.05000 -74.29
433.10000 -74.29
433.15000 -74.29
433.20000 -74.29
433.25000 -74.29
433.30000 -74.29
433.35000 -74.29
433.40000 -74.29
433.45000 -74.29
433.50000 -74.29
433.55000 -74.29
433.60000 -74.30
433.65000 -74.30
433.70000 -74.30
433.75000 -74.29
433.80000 -74.30
433.85000 -74.30
433.90000 -74.30
433.95000 -74.30
434.00000 -74.29
434.05000 -74.29
434.10000 -74.29
434.15000 -74.29
434.20000 -74.29
434.25000 -74.29
434.30000 -74.29
434.35000 -74.29
434.40000 -74.29
434.45000 -74.29
434.50000 -74.29
434.55000 -74.29
434.60000 -74.29
434.65000 -74.29
434.70000 -74.29
434.75000 -74.29
434.80000 -74.29
434.85000 -74.30
434.90000 -74.30
434.95000 -74.30
435.00000 -74.30
435.05000 -74.30
435.10000 -74.30
435.15000 -74.30
435.20000 -74.30
435.25000 -74.30
435.30000 -74.30
435.35000 -74.30
435.40000 -74.30
435.45000 -74.30
435.50000 -74.30
435.55000 -74.30
435.60000 -74.30
435.65000 -74.30
435.70000 -74.29
435.75000 -74.29
435.80000 -74.29
435.85000 -74.29
435.90000 -74.29
435.95000 -74.29
436.00000 -74.29
436.05000 -74.29
436.10000 -74.29
436.15000 -74.29
436.20000 -74.29
436.25000 -74.29
436.30000 -74.29
436.35000 -74.29
436.40000 -74.29
436.45000 -74.29
436.50000 -74.29
436.55000 -74.29
436.60000 -74.28
436.65000 -74.29
436.70000 -74.29
436.75000 -74.29
436.80000 -74.30
436.85000 -74.30
436.90000 -74.30
436.95000 -74.30
437.00000 -74.31
437.05000 -74.30
437.10000 -74.31
437.15000 -74.31
437.20000 -74.31
437.25000 -74.31
437.30000 -74.31
437.35000 -74.30
437.40000 -74.30
437.45000 -74.30
437.50000 -74.31
437.55000 -74.30
437.60000 -74.31
437.65000 -74.31
437.70000 -74.31
437.75000 -74.31
437.80000 -74.31
437.85000 -74.30
437.90000 -74.31
437.95000 -74.30
438.00000 -74.30
438.05000 -74.30
438.10000 -74.30
438.15000 -74.30
438.20000 -74.30
438.25000 -74.29
438.30000 -74.29
438.35000 -74.29
438.40000 -74.29
438.45000 -74.29
438.50000 -74.29
438.55000 -74.29
438.60000 -74.29
438.65000 -74.29
438.70000 -74.29
438.75000 -74.29
438.80000 -74.30
438.85000 -74.30
438.90000 -74.30
438.95000 -74.30
439.00000 -74.30
439.05000 -74.31
439.10000 -74.30
439.15000 -74.30
439.20000 -74.31
439.25000 -74.31
439.30000 -74.31
439.35000 -74.31
439.40000 -74.31
439.45000 -74.31
439.50000 -74.31
439.55000 -74.31
439.60000 -74.31
439.65000 -74.31
439.70000 -74.32
439.75000 -74.31
439.80000 -74.32
439.85000 -74.32
439.90000 -74.32
439.95000 -74.32
440.00000 -74.32
440.05000 -74.32
440.10000 -74.32
440.15000 -74.32
440.20000 -74.32
440.25000 -74.32
440.30000 -74.32
440.35000 -74.32
440.40000 -74.31
440.45000 -74.32
440.50000 -74.31
440.55000 -74.31
440.60000 -74.32
440.65000 -74.31
440.70000 -74.32
440.75000 -74.31
440.80000 -74.31
440.85000 -74.31
440.90000 -74.31
440.95000 -74.31
441.00000 -74.31
441.05000 -74.31
441.10000 -74.31
441.15000 -74.31
441.20000 -74.31
441.25000 -74.31
441.30000 -74.31
441.35000 -74.31
441.40000 -74.31
441.45000 -74.31
441.50000 -74.30
441.55000 -74.30
441.60000 -74.30
441.65000 -74.29
441.70000 -74.29
441.75000 -74.29
441.80000 -74.29
441.85000 -74.29
441.90000 -74.29
441.95000 -74.29
442.00000 -74.29
442.05000 -74.29
442.10000 -74.30
442.15000 -74.30
442.20000 -74.30
442.25000 -74.30
442.30000 -74.30
442.35000 -74.30
442.40000 -74.31
442.45000 -74.30
442.50000 -74.30
442.55000 -74.30
442.60000 -74.30
442.65000 -74.30
442.70000 -74.30
442.75000 -74.30
442.80000 -74.30
442.85000 -74.30
442.90000 -74.30
442.95000 -74.30
443.00000 -74.30
443.05000 -74.29
443.10000 -74.29
443.15000 -74.29
443.20000 -74.28
443.25000 -74.28
443.30000 -74.28
443.35000 -74.28
443.40000 -74.28
443.45000 -74.28
443.50000 -74.27
443.55000 -74.27
443.60000 -74.27
443.65000 -74.27
443.70000 -74.27
443.75000 -74.28
443.80000 -74.28
443.85000 -74.28
443.90000 -74.28
443.95000 -74.28
444.00000 -74.28
444.05000 -74.28
444.10000 -74.29
444.15000 -74.29
444.20000 -74.29
444.25000 -74.29
444.30000 -74.29
444.35000 -74.29
444.40000 -74.29
444.45000 -74.29
444.50000 -74.29
444.55000 -74.29
444.60000 -74.29
444.65000 -74.29
444.70000 -74.29
444.75000 -74.29
444.80000 -74.29
444.85000 -74.29
444.90000 -74.29
444.95000 -74.30
445.00000 -74.30
445.05000 -74.30
445.10000 -74.30
445.15000 -74.31
445.20000 -74.31
445.25000 -74.31
445.30000 -74.32
445.35000 -74.32
445.40000 -74.32
445.45000 -74.31
445.50000 -74.32
445.55000 -74.32
445.60000 -74.32
445.65000 -74.31
445.70000 -74.32
445.75000 -74.32
445.80000 -74.32
445.85000 -74.32
445.90000 -74.32
445.95000 -74.32
446.00000 -74.33
446.05000 -74.33
446.10000 -74.33
446.15000 -74.33
446.20000 -74.33
446.25000 -74.34
446.30000 -74.34
446.35000 -74.34
446.40000 -74.34
446.45000 -74.34
446.50000 -74.34
446.55000 -74.34
446.60000 -74.34
446.65000 -74.34
446.70000 -74.34
446.75000 -74.34
446.80000 -74.34
446.85000 -74.33
446.90000 -74.33
446.95000 -74.33
447.00000 -74.33
447.05000 -74.32
447.10000 -74.32
447.15000 -74.32
447.20000 -74.32
447.25000 -74.32
447.30000 -74.32
447.35000 -74.32
447.40000 -74.32
447.45000 -74.32
447.50000 -74.32
447.55000 -74.32
447.60000 -74.31
447.65000 -74.32
447.70000 -74.32
447.75000 -74.31
447.80000 -74.31
447.85000 -74.31
447.90000 -74.31
447.95000 -74.31
448.00000 -74.31
448.05000 -74.31
448.10000 -74.30
448.15000 -74.31
448.20000 -74.31
448.25000 -74.31
448.30000 -74.30
448.35000 -74.31
448.40000 -74.30
448.45000 -74.30
448.50000 -74.30
448.55000 -74.30
448.60000 -74.31
448.65000 -74.31
448.70000 -74.31
448.75000 -74.31
448.80000 -74.31
448.85000 -74.32
448.90000 -74.32
448.95000 -74.32
449.00000 -74.32
449.05000 -74.32
449.10000 -74.32
449.15000 -74.32
449.20000 -74.33
449.25000 -74.33
449.30000 -74.33
449.35000 -74.33
449.40000 -74.33
449.45000 -74.33
449.50000 -74.33
449.55000 -74.34
449.60000 -74.34
449.65000 -74.34
449.70000 -74.34
449.75000 -74.34
449.80000 -74.34
449.85000 -74.34
449.90000 -74.34
449.95000 -74.34
450.00000 -74.34
450.05000 -74.34
450.10000 -74.34
450.15000 -74.35
450.20000 -74.35
450.25000 -74.35
450.30000 -74.35
450.35000 -74.35
450.40000 -74.36
450.45000 -74.36
450.50000 -74.35
450.55000 -74.36
450.60000 -74.36
450.65000 -74.36
450.70000 -74.36
450.75000 -74.36
450.80000 -74.36
450.85000 -74.35
450.90000 -74.36
450.95000 -74.35
451.00000 -74.35
451.05000 -74.35
451.10000 -74.35
451.15000 -74.35
451.20000 -74.35
451.25000 -74.35
451.30000 -74.34
451.35000 -74.34
451.40000 -74.34
451.45000 -74.34
451.50000 -74.34
451.55000 -74.34
451.60000 -74.34
451.65000 -74.34
451.70000 -74.34
451.75000 -74.34
451.80000 -74.34
451.85000 -74.34
451.90000 -74.33
451.95000 -74.33
452.00000 -74.34
452.05000 -74.33
452.10000 -74.33
452.15000 -74.33
452.20000 -74.33
452.25000 -74.33
452.30000 -74.34
452.35000 -74.34
452.40000 -74.34
452.45000 -74.34
452.50000 -74.34
452.55000 -74.34
452.60000 -74.34
452.65000 -74.34
452.70000 -74.34
452.75000 -74.34
452.80000 -74.34
452.85000 -74.33
452.90000 -74.33
452.95000 -74.33
453.00000 -74.33
453.05000 -74.32
453.10000 -74.32
453.15000 -74.32
453.20000 -74.32
453.25000 -74.32
453.30000 -74.33
453.35000 -74.33
453.40000 -74.33
453.45000 -74.33
453.50000 -74.33
453.55000 -74.33
453.60000 -74.33
453.65000 -74.32
453.70000 -74.32
453.75000 -74.32
453.80000 -74.32
453.85000 -74.32
453.90000 -74.32
453.95000 -74.33
454.00000 -74.32
454.05000 -74.33
454.10000 -74.33
454.15000 -74.33
454.20000 -74.32
454.25000 -74.32
454.30000 -74.32
454.35000 -74.32
454.40000 -74.32
454.45000 -74.31
454.50000 -74.31
454.55000 -74.31
454.60000 -74.30
454.65000 -74.30
454.70000 -74.29
454.75000 -74.30
454.80000 -74.30
454.85000 -74.29
454.90000 -74.29
454.95000 -74.29
455.00000 -74.29
455.05000 -74.29
455.10000 -74.29
455.15000 -74.29
455.20000 -74.30
455.25000 -74.29
455.30000 -74.30
455.35000 -74.30
455.40000 -74.30
455.45000 -74.30
455.50000 -74.30
455.55000 -74.30
455.60000 -74.30
455.65000 -74.30
455.70000 -74.30
455.75000 -74.30
455.80000 -74.30
455.85000 -74.30
455.90000 -74.30
455.95000 -74.30
456.00000 -74.30
456.05000 -74.30
456.10000 -74.30
456.15000 -74.31
456.20000 -74.31
456.25000 -74.31
456.30000 -74.31
456.35000 -74.32
456.40000 -74.32
456.45000 -74.33
456.50000 -74.33
456.55000 -74.33
456.60000 -74.34
456.65000 -74.34
456.70000 -74.34
456.75000 -74.34
456.80000 -74.34
456.85000 -74.34
456.90000 -74.34
456.95000 -74.34
457.00000 -74.33
457.05000 -74.33
457.10000 -74.32
457.15000 -74.33
457.20000 -74.33
457.25000 -74.32
457.30000 -74.32
457.35000 -74.32
457.40000 -74.31
457.45000 -74.31
457.50000 -74.31
457.55000 -74.30
457.60000 -74.30
457.65000 -74.29
457.70000 -74.30
457.75000 -74.29
457.80000 -74.29
457.85000 -74.29
457.90000 -74.28
457.95000 -74.29
458.00000 -74.29
458.05000 -74.29
458.10000 -74.29
458.15000 -74.29
458.20000 -74.29
458.25000 -74.29
458.30000 -74.29
458.35000 -74.29
458.40000 -74.30
458.45000 -74.30
458.50000 -74.30
458.55000 -74.29
458.60000 -74.29
458.65000 -74.29
458.70000 -74.30
458.75000 -74.30
458.80000 -74.29
458.85000 -74.30
458.90000 -74.30
458.95000 -74.30
459.00000 -74.30
459.05000 -74.30
459.10000 -74.30
459.15000 -74.30
459.20000 -74.30
459.25000 -74.30
459.30000 -74.30
459.35000 -74.30
459.40000 -74.30
459.45000 -74.30
459.50000 -74.30
459.55000 -74.31
459.60000 -74.31
459.65000 -74.31
459.70000 -74.31
459.75000 -74.31
459.80000 -74.31
459.85000 -74.32
459.90000 -74.32
459.95000 -74.32
460.00000 -74.32
460.05000 -74.32
460.10000 -74.32
460.15000 -74.32
460.20000 -74.32
460.25000 -74.32
460.30000 -74.33
460.35000 -74.33
460.40000 -74.33
460.45000 -74.33
460.50000 -74.33
460.55000 -74.33
460.60000 -74.33
460.65000 -74.33
460.70000 -74.34
460.75000 -74.33
460.80000 -74.34
460.85000 -74.34
460.90000 -74.34
460.95000 -74.34
461.00000 -74.34
461.05000 -74.34
461.10000 -74.34
461.15000 -74.34
461.20000 -74.34
461.25000 -74.34
461.30000 -74.35
461.35000 -74.34
461.40000 -74.34
461.45000 -74.34
461.50000 -74.34
461.55000 -74.33
461.60000 -74.34
461.65000 -74.33
461.70000 -74.33
461.75000 -74.34
461.80000 -74.34
461.85000 -74.33
461.90000 -74.33
461.95000 -74.33
462.00000 -74.33
462.05000 -74.33
462.10000 -74.33
462.15000 -74.33
462.20000 -74.33
462.25000 -74.33
462.30000 -74.32
462.35000 -74.32
462.40000 -74.32
462.45000 -74.31
462.50000 -74.31
462.55000 -74.31
462.60000 -74.31
462.65000 -74.31
462.70000 -74.32
462.75000 -74.31
462.80000 -74.31
462.85000 -74.31
462.90000 -74.31
462.95000 -74.31
463.00000 -74.31
463.05000 -74.32
463.10000 -74.32
463.15000 -74.31
463.20000 -74.31
463.25000 -74.31
463.30000 -74.31
463.35000 -74.31
463.40000 -74.31
463.45000 -74.31
463.50000 -74.31
463.55000 -74.31
463.60000 -74.31
463.65000 -74.32
463.70000 -74.32
463.75000 -74.32
463.80000 -74.32
463.85000 -74.32
463.90000 -74.32
463.95000 -74.31
464.00000 -74.31
464.05000 -74.31
464.10000 -74.31
464.15000 -74.31
464.20000 -74.30
464.25000 -74.31
464.30000 -74.31
464.35000 -74.31
464.40000 -74.31
464.45000 -74.31
464.50000 -74.31
464.55000 -74.31
464.60000 -74.31
464.65000 -74.30
464.70000 -74.30
464.75000 -74.30
464.80000 -74.30
464.85000 -74.29
464.90000 -74.29
464.95000 -74.29
465.00000 -74.29
465.05000 -74.29
465.10000 -74.29
465.15000 -74.29
465.20000 -74.29
465.25000 -74.29
465.30000 -74.29
465.35000 -74.29
465.40000 -74.29
465.45000 -74.29
465.50000 -74.29
465.55000 -74.29
465.60000 -74.29
465.65000 -74.29
465.70000 -74.29
465.75000 -74.29
465.80000 -74.29
465.85000 -74.29
465.90000 -74.29
465.95000 -74.29
466.00000 -74.29
466.05000 -74.28
466.10000 -74.28
466.15000 -74.28
466.20000 -74.28
466.25000 -74.28
466.30000 -74.27
466.35000 -74.28
466.40000 -74.27
466.45000 -74.27
466.50000 -74.27
466.55000 -74.27
466.60000 -74.27
466.65000 -74.27
466.70000 -74.27
466.75000 -74.27
466.80000 -74.27
466.85000 -74.27
466.90000 -74.27
466.95000 -74.27
467.00000 -74.27
467.05000 -74.28
467.10000 -74.28
467.15000 -74.28
467.20000 -74.28
467.25000 -74.28
467.30000 -74.28
467.35000 -74.28
467.40000 -74.29
467.45000 -74.29
467.50000 -74.29
467.55000 -74.29
467.60000 -74.28
467.65000 -74.28
467.70000 -74.29
467.75000 -74.29
467.80000 -74.29
467.85000 -74.29
467.90000 -74.29
467.95000 -74.29
468.00000 -74.29
468.05000 -74.29
468.10000 -74.28
468.15000 -74.28
468.20000 -74.28
468.25000 -74.28
468.30000 -74.28
468.35000 -74.28
468.40000 -74.28
468.45000 -74.28
468.50000 -74.29
468.55000 -74.29
468.60000 -74.29
468.65000 -74.29
468.70000 -74.30
468.75000 -74.30
468.80000 -74.30
468.85000 -74.31
468.90000 -74.31
468.95000 -74.31
469.00000 -74.31
469.05000 -74.32
469.10000 -74.32
469.15000 -74.32
469.20000 -74.32
469.25000 -74.32
469.30000 -74.32
469.35000 -74.32
469.40000 -74.32
469.45000 -74.32
469.50000 -74.32
469.55000 -74.32
469.60000 -74.32
469.65000 -74.32
469.70000 -74.32
469.75000 -74.32
469.80000 -74.32
469.85000 -74.32
469.90000 -74.32
469.95000 -74.32
470.00000 -74.32
470.05000 -74.32
470.10000 -74.32
470.15000 -74.32
470.20000 -74.32
470.25000 -74.31
470.30000 -74.31
470.35000 -74.31
470.40000 -74.32
470.45000 -74.31
470.50000 -74.31
470.55000 -74.31
470.60000 -74.30
470.65000 -74.30
470.70000 -74.30
470.75000 -74.30
470.80000 -74.30
470.85000 -74.30
470.90000 -74.30
470.95000 -74.30
471.00000 -74.30
471.05000 -74.30
471.10000 -74.29
471.15000 -74.29
471.20000 -74.29
471.25000 -74.29
471.30000 -74.29
471.35000 -74.29
471.40000 -74.29
471.45000 -74.29
471.50000 -74.29
471.55000 -74.29
471.60000 -74.30
471.65000 -74.30
471.70000 -74.29
471.75000 -74.29
471.80000 -74.29
471.85000 -74.29
471.90000 -74.29
471.95000 -74.29
472.00000 -74.29
472.05000 -74.29
472.10000 -74.29
472.15000 -74.29
472.20000 -74.29
472.25000 -74.29
472.30000 -74.29
472.35000 -74.29
472.40000 -74.29
472.45000 -74.29
472.50000 -74.30
472.55000 -74.30
472.60000 -74.30
472.65000 -74.30
472.70000 -74.30
472.75000 -74.30
472.80000 -74.30
472.85000 -74.30
472.90000 -74.30
472.95000 -74.31
473.00000 -74.31
473.05000 -74.31
473.10000 -74.31
473.15000 -74.31
473.20000 -74.30
473.25000 -74.30
473.30000 -74.30
473.35000 -74.30
473.40000 -74.30
473.45000 -74.30
473.50000 -74.30
473.55000 -74.31
473.60000 -74.31
473.65000 -74.31
473.70000 -74.31
473.75000 -74.31
473.80000 -74.31
473.85000 -74.31
473.90000 -74.31
473.95000 -74.31
474.00000 -74.31
474.05000 -74.31
474.10000 -74.31
474.15000 -74.31
474.20000 -74.31
474.25000 -74.31
474.30000 -74.31
474.35000 -74.31
474.40000 -74.31
474.45000 -74.31
474.50000 -74.31
474.55000 -74.31
474.60000 -74.32
474.65000 -74.32
474.70000 -74.32
474.75000 -74.31
474.80000 -74.32
474.85000 -74.32
474.90000 -74.32
474.95000 -74.32
475.00000 -74.32
475.05000 -74.32
475.10000 -74.32
475.15000 -74.33
475.20000 -74.33
475.25000 -74.33
475.30000 -74.33
475.35000 -74.33
475.40000 -74.33
475.45000 -74.33
475.50000 -74.33
475.55000 -74.33
475.60000 -74.32
475.65000 -74.32
475.70000 -74.32
475.75000 -74.33
475.80000 -74.32
475.85000 -74.32
475.90000 -74.32
475.95000 -74.33
476.00000 -74.32
476.05000 -74.32
476.10000 -74.32
476.15000 -74.32
476.20000 -74.32
476.25000 -74.32
476.30000 -74.32
476.35000 -74.32
476.40000 -74.32
476.45000 -74.32
476.50000 -74.32
476.55000 -74.32
476.60000 -74.32
476.65000 -74.32
476.70000 -74.32
476.75000 -74.32
476.80000 -74.32
476.85000 -74.32
476.90000 -74.32
476.95000 -74.32
477.00000 -74.32
477.05000 -74.32
477.10000 -74.32
477.15000 -74.32
477.20000 -74.32
477.25000 -74.32
477.30000 -74.31
477.35000 -74.31
477.40000 -74.31
477.45000 -74.31
477.50000 -74.31
477.55000 -74.31
477.60000 -74.31
477.65000 -74.31
477.70000 -74.32
477.75000 -74.32
477.80000 -74.32
477.85000 -74.32
477.90000 -74.32
477.95000 -74.32
478.00000 -74.33
478.05000 -74.33
478.10000 -74.32
478.15000 -74.32
478.20000 -74.32
478.25000 -74.32
478.30000 -74.32
478.35000 -74.32
478.40000 -74.32
478.45000 -74.32
478.50000 -74.32
478.55000 -74.32
478.60000 -74.32
478.65000 -74.32
478.70000 -74.32
478.75000 -74.31
478.80000 -74.31
478.85000 -74.31
478.90000 -74.31
478.95000 -74.31
479.00000 -74.31
479.05000 -74.30
479.10000 -74.30
479.15000 -74.30
479.20000 -74.30
479.25000 -74.30
479.30000 -74.31
479.35000 -74.31
479.40000 -74.31
479.45000 -74.31
479.50000 -74.31
479.55000 -74.31
479.60000 -74.31
479.65000 -74.31
479.70000 -74.31
479.75000 -74.31
479.80000 -74.31
479.85000 -74.31
479.90000 -74.30
479.95000 -74.30
480.00000 -74.30
480.05000 -74.30
480.10000 -74.30
480.15000 -74.30
480.20000 -74.30
480.25000 -74.30
480.30000 -74.30
480.35000 -74.30
480.40000 -74.30
480.45000 -74.30
480.50000 -74.30
480.55000 -74.30
480.60000 -74.30
480.65000 -74.30
480.70000 -74.30
480.75000 -74.30
480.80000 -74.30
480.85000 -74.30
480.90000 -74.30
480.95000 -74.30
481.00000 -74.30
481.05000 -74.30
481.10000 -74.30
481.15000 -74.30
481.20000 -74.30
481.25000 -74.30
481.30000 -74.30
481.35000 -74.30
481.40000 -74.30
481.45000 -74.30
481.50000 -74.30
481.55000 -74.30
481.60000 -74.30
481.65000 -74.30
481.70000 -74.30
481.75000 -74.30
481.80000 -74.30
481.85000 -74.30
481.90000 -74.29
481.95000 -74.29
482.00000 -74.29
482.05000 -74.29
482.10000 -74.29
482.15000 -74.29
482.20000 -74.29
482.25000 -74.29
482.30000 -74.28
482.35000 -74.28
482.40000 -74.28
482.45000 -74.28
482.50000 -74.28
482.55000 -74.28
482.60000 -74.28
482.65000 -74.28
482.70000 -74.29
482.75000 -74.29
482.80000 -74.29
482.85000 -74.29
482.90000 -74.29
482.95000 -74.29
483.00000 -74.29
483.05000 -74.29
483.10000 -74.29
483.15000 -74.29
483.20000 -74.29
483.25000 -74.29
483.30000 -74.29
483.35000 -74.29
483.40000 -74.29
483.45000 -74.29
483.50000 -74.28
483.55000 -74.28
483.60000 -74.28
483.65000 -74.29
483.70000 -74.28
483.75000 -74.28
483.80000 -74.28
483.85000 -74.29
483.90000 -74.28
483.95000 -74.28
484.00000 -74.28
484.05000 -74.28
484.10000 -74.29
484.15000 -74.29
484.20000 -74.29
484.25000 -74.29
484.30000 -74.29
484.35000 -74.29
484.40000 -74.28
484.45000 -74.28
484.50000 -74.28
484.55000 -74.28
484.60000 -74.28
484.65000 -74.27
484.70000 -74.27
484.75000 -74.27
484.80000 -74.27
484.85000 -74.27
484.90000 -74.27
484.95000 -74.27
485.00000 -74.27
485.05000 -74.27
485.10000 -74.27
485.15000 -74.27
485.20000 -74.28
485.25000 -74.28
485.30000 -74.28
485.35000 -74.28
485.40000 -74.28
485.45000 -74.28
485.50000 -74.28
485.55000 -74.28
485.60000 -74.28
485.65000 -74.28
485.70000 -74.28
485.75000 -74.28
485.80000 -74.29
485.85000 -74.29
485.90000 -74.28
485.95000 -74.28
486.00000 -74.29
486.05000 -74.29
486.10000 -74.29
486.15000 -74.28
486.20000 -74.28
486.25000 -74.28
486.30000 -74.29
486.35000 -74.29
486.40000 -74.29
486.45000 -74.30
486.50000 -74.30
486.55000 -74.30
486.60000 -74.30
486.65000 -74.30
486.70000 -74.30
486.75000 -74.30
486.80000 -74.30
486.85000 -74.31
486.90000 -74.30
486.95000 -74.30
487.00000 -74.31
487.05000 -74.31
487.10000 -74.31
487.15000 -74.31
487.20000 -74.31
487.25000 -74.31
487.30000 -74.31
487.35000 -74.31
487.40000 -74.32
487.45000 -74.32
487.50000 -74.32
487.55000 -74.33
487.60000 -74.33
487.65000 -74.33
487.70000 -74.33
487.75000 -74.33
487.80000 -74.33
487.85000 -74.32
487.90000 -74.33
487.95000 -74.32
488.00000 -74.32
488.05000 -74.32
488.10000 -74.32
488.15000 -74.32
488.20000 -74.32
488.25000 -74.32
488.30000 -74.32
488.35000 -74.32
488.40000 -74.32
488.45000 -74.32
488.50000 -74.32
488.55000 -74.31
488.60000 -74.31
488.65000 -74.31
488.70000 -74.31
488.75000 -74.31
488.80000 -74.31
488.85000 -74.31
488.90000 -74.31
488.95000 -74.31
489.00000 -74.31
489.05000 -74.31
489.10000 -74.31
489.15000 -74.31
489.20000 -74.31
489.25000 -74.31
489.30000 -74.31
489.35000 -74.31
489.40000 -74.31
489.45000 -74.31
489.50000 -74.31
489.55000 -74.31
489.60000 -74.31
489.65000 -74.31
489.70000 -74.31
489.75000 -74.31
489.80000 -74.31
489.85000 -74.31
489.90000 -74.31
489.95000 -74.30
490.00000 -74.30
490.05000 -74.30
490.10000 -74.30
490.15000 -74.30
490.20000 -74.30
490.25000 -74.30
490.30000 -74.30
490.35000 -74.30
490.40000 -74.30
490.45000 -74.30
490.50000 -74.30
490.55000 -74.30
490.60000 -74.29
490.65000 -74.29
490.70000 -74.29
490.75000 -74.30
490.80000 -74.30
490.85000 -74.30
490.90000 -74.30
490.95000 -74.30
491.00000 -74.30
491.05000 -74.30
491.10000 -74.30
491.15000 -74.30
491.20000 -74.30
491.25000 -74.30
491.30000 -74.30
491.35000 -74.29
491.40000 -74.29
491.45000 -74.29
491.50000 -74.29
491.55000 -74.29
491.60000 -74.29
491.65000 -74.29
491.70000 -74.28
491.75000 -74.28
491.80000 -74.28
491.85000 -74.27
491.90000 -74.27
491.95000 -74.27
492.00000 -74.26
492.05000 -74.26
492.10000 -74.26
492.15000 -74.26
492.20000 -74.26
492.25000 -74.26
492.30000 -74.26
492.35000 -74.26
492.40000 -74.26
492.45000 -74.26
492.50000 -74.26
492.55000 -74.26
492.60000 -74.26
492.65000 -74.26
492.70000 -74.26
492.75000 -74.26
492.80000 -74.26
492.85000 -74.25
492.90000 -74.25
492.95000 -74.25
493.00000 -74.25
493.05000 -74.25
493.10000 -74.25
493.15000 -74.25
493.20000 -74.25
493.25000 -74.26
493.30000 -74.26
493.35000 -74.26
493.40000 -74.27
493.45000 -74.27
493.50000 -74.27
493.55000 -74.28
493.60000 -74.28
493.65000 -74.28
493.70000 -74.29
493.75000 -74.28
493.80000 -74.28
493.85000 -74.29
493.90000 -74.29
493.95000 -74.29
494.00000 -74.29
494.05000 -74.30
494.10000 -74.29
494.15000 -74.30
494.20000 -74.30
494.25000 -74.30
494.30000 -74.30
494.35000 -74.30
494.40000 -74.30
494.45000 -74.30
494.50000 -74.30
494.55000 -74.30
494.60000 -74.31
494.65000 -74.31
494.70000 -74.31
494.75000 -74.31
494.80000 -74.31
494.85000 -74.31
494.90000 -74.31
494.95000 -74.31
495.00000 -74.31
495.05000 -74.31
495.10000 -74.32
495.15000 -74.32
495.20000 -74.32
495.25000 -74.33
495.30000 -74.32
495.35000 -74.33
495.40000 -74.32
495.45000 -74.32
495.50000 -74.32
495.55000 -74.32
495.60000 -74.31
495.65000 -74.31
495.70000 -74.31
495.75000 -74.32
495.80000 -74.32
495.85000 -74.31
495.90000 -74.31
495.95000 -74.32
496.00000 -74.32
496.05000 -74.31
496.10000 -74.31
496.15000 -74.31
496.20000 -74.31
496.25000 -74.31
496.30000 -74.31
496.35000 -74.31
496.40000 -74.31
496.45000 -74.31
496.50000 -74.31
496.55000 -74.30
496.60000 -74.31
496.65000 -74.31
496.70000 -74.31
496.75000 -74.31
496.80000 -74.31
496.85000 -74.31
496.90000 -74.31
496.95000 -74.31
497.00000 -74.30
497.05000 -74.30
497.10000 -74.30
497.15000 -74.30
497.20000 -74.30
497.25000 -74.30
497.30000 -74.30
497.35000 -74.30
497.40000 -74.30
497.45000 -74.31
497.50000 -74.31
497.55000 -74.31
497.60000 -74.31
497.65000 -74.31
497.70000 -74.31
497.75000 -74.31
497.80000 -74.31
497.85000 -74.30
497.90000 -74.30
497.95000 -74.30
498.00000 -74.30
498.05000 -74.29
498.10000 -74.29
498.15000 -74.29
498.20000 -74.28
498.25000 -74.29
498.30000 -74.28
498.35000 -74.28
498.40000 -74.28
498.45000 -74.28
498.50000 -74.28
498.55000 -74.28
498.60000 -74.28
498.65000 -74.28
498.70000 -74.28
498.75000 -74.28
498.80000 -74.28
498.85000 -74.28
498.90000 -74.27
498.95000 -74.28
499.00000 -74.28
499.05000 -74.28
499.10000 -74.28
499.15000 -74.28
499.20000 -74.28
499.25000 -74.28
499.30000 -74.28
499.35000 -74.29
499.40000 -74.28
499.45000 -74.29
499.50000 -74.29
499.55000 -74.29
499.60000 -74.29
499.65000 -74.29
499.70000 -74.29
499.75000 -74.29
499.80000 -74.29
499.85000 -74.29
499.90000 -74.29
499.95000 -74.29
500.00000 -74.30
500.05000 -74.30
500.10000 -74.30
500.15000 -74.30
500.20000 -74.30
500.25000 -74.30
500.30000 -74.31
500.35000 -74.31
500.40000 -74.31
500.45000 -74.31
500.50000 -74.31
500.55000 -74.31
500.60000 -74.31
500.65000 -74.31
500.70000 -74.31
500.75000 -74.30
500.80000 -74.30
500.85000 -74.30
500.90000 -74.29
500.95000 -74.29
501.00000 -74.28
501.05000 -74.28
501.10000 -74.28
501.15000 -74.28
501.20000 -74.28
501.25000 -74.28
501.30000 -74.28
501.35000 -74.28
501.40000 -74.28
501.45000 -74.28
501.50000 -74.28
501.55000 -74.29
501.60000 -74.29
501.65000 -74.29
501.70000 -74.29
501.75000 -74.28
501.80000 -74.29
501.85000 -74.28
501.90000 -74.28
501.95000 -74.28
502.00000 -74.28
502.05000 -74.28
502.10000 -74.28
502.15000 -74.28
502.20000 -74.28
502.25000 -74.28
502.30000 -74.28
502.35000 -74.28
502.40000 -74.28
502.45000 -74.28
502.50000 -74.29
502.55000 -74.29
502.60000 -74.29
502.65000 -74.29
502.70000 -74.29
502.75000 -74.29
502.80000 -74.30
502.85000 -74.30
502.90000 -74.30
502.95000 -74.30
503.00000 -74.30
503.05000 -74.30
503.10000 -74.30
503.15000 -74.30
503.20000 -74.30
503.25000 -74.30
503.30000 -74.30
503.35000 -74.31
503.40000 -74.30
503.45000 -74.30
503.50000 -74.30
503.55000 -74.30
503.60000 -74.30
503.65000 -74.29
503.70000 -74.29
503.75000 -74.29
503.80000 -74.30
503.85000 -74.29
503.90000 -74.30
503.95000 -74.29
504.00000 -74.30
504.05000 -74.30
504.10000 -74.30
504.15000 -74.30
504.20000 -74.30
504.25000 -74.30
504.30000 -74.31
504.35000 -74.30
504.40000 -74.31
504.45000 -74.31
504.50000 -74.31
504.55000 -74.31
504.60000 -74.31
504.65000 -74.31
504.70000 -74.31
504.75000 -74.31
504.80000 -74.32
504.85000 -74.31
504.90000 -74.31
504.95000 -74.31
505.00000 -74.32
505.05000 -74.31
505.10000 -74.32
505.15000 -74.32
505.20000 -74.31
505.25000 -74.31
505.30000 -74.31
505.35000 -74.32
505.40000 -74.32
505.45000 -74.32
505.50000 -74.32
505.55000 -74.32
505.60000 -74.32
505.65000 -74.32
505.70000 -74.32
505.75000 -74.32
505.80000 -74.32
505.85000 -74.32
505.90000 -74.32
505.95000 -74.32
506.00000 -74.32
506.05000 -74.32
506.10000 -74.31
506.15000 -74.31
506.20000 -74.31
506.25000 -74.31
506.30000 -74.30
506.35000 -74.30
506.40000 -74.30
506.45000 -74.30
506.50000 -74.30
506.55000 -74.30
506.60000 -74.30
506.65000 -74.29
506.70000 -74.29
506.75000 -74.29
506.80000 -74.29
506.85000 -74.30
506.90000 -74.30
506.95000 -74.30
507.00000 -74.30
507.05000 -74.29
507.10000 -74.30
507.15000 -74.30
507.20000 -74.29
507.25000 -74.30
507.30000 -74.29
507.35000 -74.30
507.40000 -74.30
507.45000 -74.29
507.50000 -74.29
507.55000 -74.30
507.60000 -74.30
507.65000 -74.30
507.70000 -74.30
507.75000 -74.30
507.80000 -74.30
507.85000 -74.30
507.90000 -74.30
507.95000 -74.30
508.00000 -74.30
508.05000 -74.31
508.10000 -74.31
508.15000 -74.31
508.20000 -74.31
508.25000 -74.32
508.30000 -74.32
508.35000 -74.32
508.40000 -74.33
508.45000 -74.33
508.50000 -74.33
508.55000 -74.33
508.60000 -74.33
508.65000 -74.33
508.70000 -74.34
508.75000 -74.34
508.80000 -74.34
508.85000 -74.34
508.90000 -74.34
508.95000 -74.34
509.00000 -74.33
509.05000 -74.33
509.10000 -74.33
509.15000 -74.33
509.20000 -74.32
509.25000 -74.32
509.30000 -74.32
509.35000 -74.32
509.40000 -74.31
509.45000 -74.32
509.50000 -74.32
509.55000 -74.32
509.60000 -74.31
509.65000 -74.31
509.70000 -74.31
509.75000 -74.32
509.80000 -74.32
509.85000 -74.32
509.90000 -74.32
509.95000 -74.32
510.00000 -74.32
510.05000 -74.32
510.10000 -74.32
510.15000 -74.32
510.20000 -74.32
510.25000 -74.32
510.30000 -74.32
510.35000 -74.33
510.40000 -74.32
510.45000 -74.32
510.50000 -74.32
510.55000 -74.32
510.60000 -74.32
510.65000 -74.32
510.70000 -74.32
510.75000 -74.32
510.80000 -74.32
510.85000 -74.32
510.90000 -74.32
510.95000 -74.32
511.00000 -74.32
511.05000 -74.32
511.10000 -74.32
511.15000 -74.32
511.20000 -74.31
511.25000 -74.31
511.30000 -74.31
511.35000 -74.30
511.40000 -74.30
511.45000 -74.30
511.50000 -74.30
511.55000 -74.30
511.60000 -74.30
511.65000 -74.30
511.70000 -74.30
511.75000 -74.30
511.80000 -74.30
511.85000 -74.30
511.90000 -74.30
511.95000 -74.30
512.00000 -74.30
512.05000 -74.30
512.10000 -74.30
512.15000 -74.30
512.20000 -74.30
512.25000 -74.31
512.30000 -74.31
512.35000 -74.31
512.40000 -74.31
512.45000 -74.31
512.50000 -74.31
512.55000 -74.31
512.60000 -74.31
512.65000 -74.31
512.70000 -74.31
512.75000 -74.31
512.80000 -74.31
512.85000 -74.31
512.90000 -74.31
512.95000 -74.31
513.00000 -74.31
513.05000 -74.31
513.10000 -74.31
513.15000 -74.31
513.20000 -74.31
513.25000 -74.31
513.30000 -74.31
513.35000 -74.30
513.40000 -74.31
513.45000 -74.31
513.50000 -74.31
513.55000 -74.30
513.60000 -74.30
513.65000 -74.30
513.70000 -74.30
513.75000 -74.30
513.80000 -74.30
513.85000 -74.30
513.90000 -74.30
513.95000 -74.30
514.00000 -74.30
514.05000 -74.30
514.10000 -74.30
514.15000 -74.30
514.20000 -74.30
514.25000 -74.30
514.30000 -74.30
514.35000 -74.30
514.40000 -74.30
514.45000 -74.29
514.50000 -74.29
514.55000 -74.29
514.60000 -74.29
514.65000 -74.29
514.70000 -74.29
514.75000 -74.29
514.80000 -74.28
514.85000 -74.28
514.90000 -74.28
514.95000 -74.28
515.00000 -74.28
515.05000 -74.28
515.10000 -74.28
515.15000 -74.28
515.20000 -74.28
515.25000 -74.28
515.30000 -74.28
515.35000 -74.28
515.40000 -74.28
515.45000 -74.28
515.50000 -74.28
515.55000 -74.28
515.60000 -74.28
515.65000 -74.28
515.70000 -74.28
515.75000 -74.28
515.80000 -74.28
515.85000 -74.28
515.90000 -74.28
515.95000 -74.28
516.00000 -74.28
516.05000 -74.28
516.10000 -74.27
516.15000 -74.27
516.20000 -74.27
516.25000 -74.27
516.30000 -74.27
516.35000 -74.27
516.40000 -74.27
516.45000 -74.27
516.50000 -74.26
516.55000 -74.26
516.60000 -74.26
516.65000 -74.26
516.70000 -74.26
516.75000 -74.26
516.80000 -74.25
516.85000 -74.25
516.90000 -74.25
516.95000 -74.26
517.00000 -74.26
517.05000 -74.26
517.10000 -74.26
517.15000 -74.26
517.20000 -74.27
517.25000 -74.27
517.30000 -74.27
517.35000 -74.28
517.40000 -74.28
517.45000 -74.28
517.50000 -74.29
517.55000 -74.28
517.60000 -74.28
517.65000 -74.28
517.70000 -74.28
517.75000 -74.28
517.80000 -74.28
517.85000 -74.28
517.90000 -74.28
517.95000 -74.28
518.00000 -74.28
518.05000 -74.28
518.10000 -74.28
518.15000 -74.28
518.20000 -74.28
518.25000 -74.28
518.30000 -74.28
518.35000 -74.28
518.40000 -74.29
518.45000 -74.28
518.50000 -74.29
518.55000 -74.29
518.60000 -74.29
518.65000 -74.29
518.70000 -74.28
518.75000 -74.28
518.80000 -74.28
518.85000 -74.28
518.90000 -74.28
518.95000 -74.28
519.00000 -74.28
519.05000 -74.28
519.10000 -74.28
519.15000 -74.28
519.20000 -74.28
519.25000 -74.29
519.30000 -74.28
519.35000 -74.29
519.40000 -74.28
519.45000 -74.28
519.50000 -74.28
519.55000 -74.29
519.60000 -74.28
519.65000 -74.29
519.70000 -74.29
519.75000 -74.29
519.80000 -74.28
519.85000 -74.29
519.90000 -74.29
519.95000 -74.29
520.00000 -74.29
520.05000 -74.29
520.10000 -74.29
520.15000 -74.30
520.20000 -74.30
520.25000 -74.30
520.30000 -74.30
520.35000 -74.30
520.40000 -74.30
520.45000 -74.30
520.50000 -74.30
520.55000 -74.30
520.60000 -74.30
520.65000 -74.30
520.70000 -74.30
520.75000 -74.30
520.80000 -74.30
520.85000 -74.30
520.90000 -74.30
520.95000 -74.30
521.00000 -74.30
521.05000 -74.30
521.10000 -74.30
521.15000 -74.30
521.20000 -74.30
521.25000 -74.30
521.30000 -74.30
521.35000 -74.29
521.40000 -74.30
521.45000 -74.30
521.50000 -74.29
521.55000 -74.29
521.60000 -74.30
521.65000 -74.29
521.70000 -74.29
521.75000 -74.29
521.80000 -74.29
521.85000 -74.29
521.90000 -74.29
521.95000 -74.29
522.00000 -74.29
522.05000 -74.29
522.10000 -74.29
522.15000 -74.30
522.20000 -74.30
522.25000 -74.30
522.30000 -74.30
522.35000 -74.30
522.40000 -74.30
522.45000 -74.30
522.50000 -74.30
522.55000 -74.30
522.60000 -74.30
522.65000 -74.30
522.70000 -74.30
522.75000 -74.30
522.80000 -74.30
522.85000 -74.30
522.90000 -74.30
522.95000 -74.30
523.00000 -74.30
523.05000 -74.30
523.10000 -74.31
523.15000 -74.30
523.20000 -74.31
523.25000 -74.31
523.30000 -74.31
523.35000 -74.31
523.40000 -74.31
523.45000 -74.31
523.50000 -74.32
523.55000 -74.32
523.60000 -74.32
523.65000 -74.32
523.70000 -74.32
523.75000 -74.32
523.80000 -74.32
523.85000 -74.32
523.90000 -74.32
523.95000 -74.33
524.00000 -74.33
524.05000 -74.33
524.10000 -74.34
524.15000 -74.34
524.20000 -74.34
524.25000 -74.34
524.30000 -74.34
524.35000 -74.34
524.40000 -74.34
524.45000 -74.34
524.50000 -74.34
524.55000 -74.34
524.60000 -74.34
524.65000 -74.34
524.70000 -74.34
524.75000 -74.34
524.80000 -74.34
524.85000 -74.34
524.90000 -74.34
524.95000 -74.34
525.00000 -74.33
525.05000 -74.33
525.10000 -74.33
525.15000 -74.33
525.20000 -74.33
525.25000 -74.33
525.30000 -74.33
525.35000 -74.32
525.40000 -74.33
525.45000 -74.33
525.50000 -74.33
525.55000 -74.32
525.60000 -74.32
525.65000 -74.32
525.70000 -74.32
525.75000 -74.31
525.80000 -74.31
525.85000 -74.31
525.90000 -74.31
525.95000 -74.31
526.00000 -74.31
526.05000 -74.31
526.10000 -74.31
526.15000 -74.31
526.20000 -74.30
526.25000 -74.30
526.30000 -74.30
526.35000 -74.30
526.40000 -74.30
526.45000 -74.30
526.50000 -74.30
526.55000 -74.30
526.60000 -74.30
526.65000 -74.31
526.70000 -74.31
526.75000 -74.31
526.80000 -74.31
526.85000 -74.32
526.90000 -74.32
526.95000 -74.32
527.00000 -74.32
527.05000 -74.31
527.10000 -74.31
527.15000 -74.32
527.20000 -74.31
527.25000 -74.31
527.30000 -74.31
527.35000 -74.31
527.40000 -74.30
527.45000 -74.30
527.50000 -74.30
527.55000 -74.30
527.60000 -74.30
527.65000 -74.30
527.70000 -74.30
527.75000 -74.30
527.80000 -74.30
527.85000 -74.29
527.90000 -74.30
527.95000 -74.30
528.00000 -74.30
528.05000 -74.30
528.10000 -74.30
528.15000 -74.30
528.20000 -74.30
528.25000 -74.30
528.30000 -74.30
528.35000 -74.30
528.40000 -74.30
528.45000 -74.30
528.50000 -74.30
528.55000 -74.30
528.60000 -74.31
528.65000 -74.30
528.70000 -74.31
528.75000 -74.31
528.80000 -74.31
528.85000 -74.31
528.90000 -74.31
528.95000 -74.31
529.00000 -74.31
529.05000 -74.31
529.10000 -74.31
529.15000 -74.31
529.20000 -74.31
529.25000 -74.31
529.30000 -74.31
529.35000 -74.31
529.40000 -74.31
529.45000 -74.31
529.50000 -74.31
529.55000 -74.31
529.60000 -74.31
529.65000 -74.31
529.70000 -74.31
529.75000 -74.31
529.80000 -74.31
529.85000 -74.31
529.90000 -74.31
529.95000 -74.31
530.00000 -74.31
530.05000 -74.31
530.10000 -74.31
530.15000 -74.31
530.20000 -74.31
530.25000 -74.31
530.30000 -74.31
530.35000 -74.31
530.40000 -74.31
530.45000 -74.31
530.50000 -74.31
530.55000 -74.31
530.60000 -74.31
530.65000 -74.31
530.70000 -74.31
530.75000 -74.31
530.80000 -74.31
530.85000 -74.31
530.90000 -74.30
530.95000 -74.31
531.00000 -74.31
531.05000 -74.31
531.10000 -74.31
531.15000 -74.31
531.20000 -74.31
531.25000 -74.31
531.30000 -74.31
531.35000 -74.31
531.40000 -74.31
531.45000 -74.31
531.50000 -74.31
531.55000 -74.31
531.60000 -74.31
531.65000 -74.31
531.70000 -74.32
531.75000 -74.32
531.80000 -74.32
531.85000 -74.31
531.90000 -74.31
531.95000 -74.31
532.00000 -74.31
532.05000 -74.32
532.10000 -74.31
532.15000 -74.32
532.20000 -74.32
532.25000 -74.32
532.30000 -74.31
532.35000 -74.32
532.40000 -74.32
532.45000 -74.32
532.50000 -74.31
532.55000 -74.31
532.60000 -74.31
532.65000 -74.32
532.70000 -74.32
532.75000 -74.32
532.80000 -74.31
532.85000 -74.32
532.90000 -74.32
532.95000 -74.32
533.00000 -74.32
533.05000 -74.31
533.10000 -74.32
533.15000 -74.32
533.20000 -74.32
533.25000 -74.32
533.30000 -74.32
533.35000 -74.32
533.40000 -74.32
533.45000 -74.31
533.50000 -74.31
533.55000 -74.30
533.60000 -74.31
533.65000 -74.30
533.70000 -74.30
533.75000 -74.30
533.80000 -74.30
533.85000 -74.30
533.90000 -74.30
533.95000 -74.30
534.00000 -74.30
534.05000 -74.30
534.10000 -74.30
534.15000 -74.30
534.20000 -74.30
534.25000 -74.30
534.30000 -74.30
534.35000 -74.30
534.40000 -74.30
534.45000 -74.30
534.50000 -74.30
534.55000 -74.30
534.60000 -74.30
534.65000 -74.30
534.70000 -74.29
534.75000 -74.29
534.80000 -74.29
534.85000 -74.29
534.90000 -74.28
534.95000 -74.28
535.00000 -74.28
535.05000 -74.28
535.10000 -74.28
535.15000 -74.27
535.20000 -74.27
535.25000 -74.26
535.30000 -74.26
535.35000 -74.26
535.40000 -74.26
535.45000 -74.26
535.50000 -74.27
535.55000 -74.27
535.60000 -74.27
535.65000 -74.27
535.70000 -74.27
535.75000 -74.26
535.80000 -74.26
535.85000 -74.26
535.90000 -74.26
535.95000 -74.26
536.00000 -74.26
536.05000 -74.26
536.10000 -74.26
536.15000 -74.26
536.20000 -74.26
536.25000 -74.26
536.30000 -74.27
536.35000 -74.27
536.40000 -74.27
536.45000 -74.27
536.50000 -74.27
536.55000 -74.28
536.60000 -74.28
536.65000 -74.28
536.70000 -74.29
536.75000 -74.29
536.80000 -74.30
536.85000 -74.30
536.90000 -74.29
536.95000 -74.29
537.00000 -74.29
537.05000 -74.30
537.10000 -74.30
537.15000 -74.29
537.20000 -74.30
537.25000 -74.30
537.30000 -74.29
537.35000 -74.29
537.40000 -74.29
537.45000 -74.29
537.50000 -74.28
537.55000 -74.28
537.60000 -74.28
537.65000 -74.28
537.70000 -74.28
537.75000 -74.28
537.80000 -74.28
537.85000 -74.28
537.90000 -74.28
537.95000 -74.28
538.00000 -74.28
538.05000 -74.28
538.10000 -74.29
538.15000 -74.29
538.20000 -74.28
538.25000 -74.29
538.30000 -74.29
538.35000 -74.29
538.40000 -74.30
538.45000 -74.30
538.50000 -74.30
538.55000 -74.30
538.60000 -74.30
538.65000 -74.30
538.70000 -74.30
538.75000 -74.31
538.80000 -74.31
538.85000 -74.31
538.90000 -74.31
538.95000 -74.31
539.00000 -74.30
539.05000 -74.31
539.10000 -74.31
539.15000 -74.31
539.20000 -74.30
539.25000 -74.30
539.30000 -74.30
539.35000 -74.30
539.40000 -74.29
539.45000 -74.29
539.50000 -74.28
539.55000 -74.28
539.60000 -74.28
539.65000 -74.27
539.70000 -74.27
539.75000 -74.27
539.80000 -74.27
539.85000 -74.27
539.90000 -74.27
539.95000 -74.27
540.00000 -74.27
540.05000 -74.27
540.10000 -74.27
540.15000 -74.28
540.20000 -74.28
540.25000 -74.28
540.30000 -74.28
540.35000 -74.28
540.40000 -74.27
540.45000 -74.27
540.50000 -74.27
540.55000 -74.27
540.60000 -74.27
540.65000 -74.27
540.70000 -74.27
540.75000 -74.26
540.80000 -74.26
540.85000 -74.26
540.90000 -74.26
540.95000 -74.26
541.00000 -74.26
541.05000 -74.26
541.10000 -74.26
541.15000 -74.26
541.20000 -74.26
541.25000 -74.26
541.30000 -74.26
541.35000 -74.26
541.40000 -74.26
541.45000 -74.26
541.50000 -74.26
541.55000 -74.26
541.60000 -74.26
541.65000 -74.26
541.70000 -74.27
541.75000 -74.26
541.80000 -74.26
541.85000 -74.26
541.90000 -74.27
541.95000 -74.26
542.00000 -74.26
542.05000 -74.26
542.10000 -74.26
542.15000 -74.26
542.20000 -74.26
542.25000 -74.26
542.30000 -74.26
542.35000 -74.25
542.40000 -74.25
542.45000 -74.25
542.50000 -74.25
542.55000 -74.25
542.60000 -74.25
542.65000 -74.25
542.70000 -74.25
542.75000 -74.25
542.80000 -74.25
542.85000 -74.26
542.90000 -74.26
542.95000 -74.26
543.00000 -74.26
543.05000 -74.26
543.10000 -74.26
543.15000 -74.26
543.20000 -74.26
543.25000 -74.26
543.30000 -74.26
543.35000 -74.26
543.40000 -74.27
543.45000 -74.27
543.50000 -74.27
543.55000 -74.27
543.60000 -74.27
543.65000 -74.27
543.70000 -74.27
543.75000 -74.27
543.80000 -74.27
543.85000 -74.26
543.90000 -74.26
543.95000 -74.26
544.00000 -74.26
544.05000 -74.25
544.10000 -74.25
544.15000 -74.25
544.20000 -74.25
544.25000 -74.25
544.30000 -74.25
544.35000 -74.26
544.40000 -74.26
544.45000 -74.26
544.50000 -74.26
544.55000 -74.26
544.60000 -74.26
544.65000 -74.26
544.70000 -74.27
544.75000 -74.27
544.80000 -74.27
544.85000 -74.27
544.90000 -74.27
544.95000 -74.27
545.00000 -74.27
545.05000 -74.27
545.10000 -74.27
545.15000 -74.27
545.20000 -74.28
545.25000 -74.28
545.30000 -74.28
545.35000 -74.28
545.40000 -74.28
545.45000 -74.28
545.50000 -74.28
545.55000 -74.28
545.60000 -74.28
545.65000 -74.29
545.70000 -74.29
545.75000 -74.29
545.80000 -74.28
545.85000 -74.29
545.90000 -74.29
545.95000 -74.29
546.00000 -74.28
546.05000 -74.29
546.10000 -74.29
546.15000 -74.28
546.20000 -74.29
546.25000 -74.28
546.30000 -74.28
546.35000 -74.28
546.40000 -74.28
546.45000 -74.28
546.50000 -74.28
546.55000 -74.28
546.60000 -74.28
546.65000 -74.28
546.70000 -74.28
546.75000 -74.28
546.80000 -74.28
546.85000 -74.28
546.90000 -74.28
546.95000 -74.28
547.00000 -74.29
547.05000 -74.29
547.10000 -74.29
547.15000 -74.29
547.20000 -74.28
547.25000 -74.28
547.30000 -74.29
547.35000 -74.28
547.40000 -74.28
547.45000 -74.28
547.50000 -74.28
547.55000 -74.28
547.60000 -74.28
547.65000 -74.28
547.70000 -74.28
547.75000 -74.28
547.80000 -74.28
547.85000 -74.27
547.90000 -74.27
547.95000 -74.27
548.00000 -74.27
548.05000 -74.27
548.10000 -74.27
548.15000 -74.27
548.20000 -74.28
548.25000 -74.28
548.30000 -74.28
548.35000 -74.28
548.40000 -74.28
548.45000 -74.28
548.50000 -74.28
548.55000 -74.29
548.60000 -74.29
548.65000 -74.29
548.70000 -74.28
548.75000 -74.28
548.80000 -74.28
548.85000 -74.28
548.90000 -74.28
548.95000 -74.28
549.00000 -74.28
549.05000 -74.28
549.10000 -74.28
549.15000 -74.29
549.20000 -74.29
549.25000 -74.29
549.30000 -74.28
549.35000 -74.29
549.40000 -74.29
549.45000 -74.29
549.50000 -74.29
549.55000 -74.29
549.60000 -74.29
549.65000 -74.29
549.70000 -74.29
549.75000 -74.30
549.80000 -74.30
549.85000 -74.30
549.90000 -74.30
549.95000 -74.31
