pre,pre_x,pre_y,pre_z,post_x,post_y,post_z,type,mappedSection,mappedSegRangeVar
720575940615127227,430.388,239.5,141.96,430.336,239.608,141.96,LC4,dend[699],1.0
720575940617266722,433.124,239.432,145.32,433.268,239.368,145.36,LC4,dend[731],0.9327468451238483
720575940640612480,430.24,236.108,147.12,430.124,236.168,147.16,LC4,dend[985],0.6076105039852483
720575940640612480,408.86,243.86,154.84,408.716,243.748,154.88,LC4,dend[621],0.652289242483307
720575940640612480,430.504,236.344,147.08,430.312,236.332,147.0,LC4,dend[985],0.6501772234564376
720575940615127227,434.356,233.592,152.04,434.408,233.684,152.04,LC4,dend[1041],0.8710612046811788
720575940628699560,416.264,245.816,151.32,416.208,245.688,151.32,LC4,dend[913],1.0
720575940622531767,427.216,244.068,144.0,427.14,243.984,144.0,LC4,dend[676],0.8265526928299619
720575940631338271,424.204,244.336,144.36,424.2,244.46,144.36,LC4,dend[668],1.0
720575940612518055,406.68,244.164,158.52,406.716,244.252,158.48,LC4,dend[579],0.8989298528674715
720575940617266722,427.768,236.064,150.0,427.696,236.164,150.0,LC4,dend[996],0.31740747946364156
720575940638496720,408.652,246.436,153.16,408.56,246.36,153.16,LC4,dend[555],0.555011602243422
720575940617176321,413.4,240.852,161.52,413.444,240.808,161.64,LC4,dend[962],0.9073818752974
720575940629753807,421.188,238.484,157.48,421.24,238.584,157.48,LC4,dend[876],0.25092556393766474
720575940633580384,433.036,240.572,146.08,433.136,240.624,146.08,LC4,dend[792],0.7702577204204407
720575940615127227,431.652,230.284,149.28,431.728,230.376,149.28,LC4,dend[1016],0.24740426990730963
720575940615127227,437.512,238.056,141.84,437.588,238.004,141.84,LC4,dend[746],0.9442490807146283
720575940628699560,424.092,237.384,155.12,424.148,237.468,155.12,LC4,dend[890],0.6249934399031656
720575940615462587,434.464,232.868,152.8,434.4,232.992,152.8,LC4,dend[1045],0.11746364461036404
720575940613260959,412.024,243.004,152.52,412.04,242.896,152.52,LC4,dend[520],0.5419025883443128
720575940612518055,421.228,238.124,155.2,421.2,237.988,155.2,LC4,dend[853],0.7413833875666644
720575940617026260,418.056,244.436,151.56,418.032,244.28,151.52,LC4,dend[919],0.7209968500074888
720575940617266722,420.688,239.232,154.84,420.644,239.372,154.84,LC4,dend[852],0.42285677339832384
720575940630998339,426.024,241.768,153.92,425.944,241.676,153.92,LC4,dend[900],0.7844958505288945
720575940625934973,433.596,240.42,144.24,433.72,240.5,144.28,LC4,dend[726],0.18789127384166457
720575940633580384,421.88,239.284,155.8,421.72,239.288,155.8,LC4,dend[881],1.0
720575940622939836,431.404,240.404,144.36,431.56,240.4,144.36,LC4,dend[720],0.3887660428777848
720575940613256863,420.02,234.228,156.2,420.172,234.24,156.2,LC4,dend[858],0.2888633495057176
720575940618723749,422.088,242.184,149.28,421.928,242.096,149.28,LC4,dend[832],0.8347713426551387
720575940638456227,420.812,239.312,157.12,420.932,239.288,157.12,LC4,dend[875],0.5218887721632465
720575940626626895,418.528,243.944,157.2,418.396,243.944,157.16,LC4,dend[885],0.6450109386435445
720575940638456227,435.912,239.552,141.04,435.968,239.656,141.0,LC4,dend[727],0.4313802971934542
720575940638496720,431.592,243.144,147.28,431.592,243.056,147.28,LC4,dend[794],0.943625127566966
720575940638496720,420.38,244.84,147.0,420.4,244.952,147.0,LC4,dend[821],0.6321991631287041
720575940628699560,434.04,231.784,152.36,433.992,231.68,152.36,LC4,dend[1055],0.42445522653021034
720575940615462587,415.104,238.588,155.92,415.08,238.728,155.92,LC4,dend[940],0.6259351935781613
720575940625038090,415.024,238.728,156.2,414.984,238.844,156.2,LC4,dend[940],0.5533978854195981
720575940617266722,412.624,237.964,160.12,412.704,238.052,160.12,LC4,dend[963],0.19960951823575374
720575940620903551,419.3,242.872,156.28,419.372,242.764,156.28,LC4,dend[886],1.0
720575940620903551,419.232,242.968,156.44,419.276,242.852,156.44,LC4,dend[886],0.8859836228583737
720575940638456227,428.08,240.9,143.52,428.224,240.844,143.48,LC4,dend[680],0.9705980989959968
720575940617176321,435.548,239.996,141.64,435.608,240.056,141.6,LC4,dend[727],0.3203414858822426
720575940614572742,427.44,243.0,140.36,427.484,243.088,140.32,LC4,dend[661],0.23183733088198405
720575940625934973,428.48,238.24,146.24,428.404,238.12,146.24,LC4,dend[1073],0.5298425884598691
720575940625934973,437.952,232.28,145.0,437.808,232.3,145.0,LC4,dend[774],0.6682326088370272
720575940625934973,413.032,243.448,157.24,413.168,243.496,157.2,LC4,dend[933],0.9143657880159669
720575940628064260,425.872,238.296,147.48,425.884,238.416,147.44,LC4,dend[1078],0.9265091427702966
720575940628064260,434.184,233.944,152.16,434.32,233.896,152.16,LC4,dend[1042],0.3386188475672223
720575940628064260,433.436,231.8,152.52,433.508,231.776,152.56,LC4,dend[1055],0.7468473445810068
720575940632769180,414.268,244.1,158.2,414.236,243.992,158.16,LC4,dend[936],0.3435068141450642
720575940632769180,421.856,241.84,149.4,421.796,241.952,149.4,LC4,dend[832],0.8894146287543174
720575940631338271,412.884,240.2,161.48,412.912,240.136,161.4,LC4,dend[960],0.8187342774354298
720575940631338271,438.348,235.564,144.36,438.468,235.596,144.36,LC4,dend[785],0.9487560270533716
720575940630851036,429.904,237.952,146.08,429.848,237.852,146.04,LC4,dend[1076],0.8560921523534734
720575940618676440,404.552,244.436,162.12,404.5,244.3,162.16,LC4,dend[592],0.9799249830618278
720575940617026260,404.76,241.388,164.84,404.624,241.296,164.84,LC4,dend[601],0.5259441096049928
720575940634517856,434.216,232.564,153.76,434.16,232.684,153.76,LC4,dend[1045],0.717792018170755
720575940617026260,413.28,238.588,160.72,413.248,238.736,160.72,LC4,dend[960],0.28575533113460555
720575940617266722,427.788,235.524,149.88,427.664,235.524,149.88,LC4,dend[998],0.15332986579156707
720575940626916936,420.928,244.948,148.8,421.04,245.008,148.8,LC4,dend[829],1.0
720575940610522009,435.648,239.824,144.8,435.688,239.728,144.8,LC4,dend[738],0.18556280051524135
720575940605598892,435.792,239.352,144.88,435.948,239.36,144.84,LC4,dend[738],0.23575907059131354
720575940613260959,436.12,238.104,145.6,436.136,238.192,145.6,LC4,dend[766],0.012897454835292557
720575940611134833,420.596,243.06,144.84,420.664,243.136,144.84,LC4,dend[816],0.19011995466458737
720575940622108001,419.476,241.392,146.08,419.424,241.524,146.12,LC4,dend[816],1.0
720575940617176321,410.04,245.364,151.56,410.048,245.484,151.56,LC4,dend[551],0.7594309797949534
720575940617176321,426.476,241.944,148.24,426.38,241.84,148.24,LC4,dend[1096],0.09541078619883223
720575940617266722,421.896,243.512,144.08,421.804,243.536,144.12,LC4,dend[814],0.2389382376818735
720575940605598892,413.036,247.512,150.04,413.056,247.392,150.04,LC4,dend[501],0.26451330232810366
720575940634517856,413.152,237.76,159.92,413.164,237.872,159.92,LC4,dend[958],1.0
720575940640612480,421.392,244.672,148.64,421.392,244.812,148.64,LC4,dend[823],0.9455150927807873
720575940612518055,418.696,246.06,149.16,418.552,245.992,149.2,LC4,dend[907],0.3917921286133786
720575940634517856,429.032,232.568,151.16,429.08,232.696,151.16,LC4,dend[1010],1.0
720575940617176321,428.656,233.22,151.32,428.756,233.308,151.36,LC4,dend[1010],0.8621771260088437
720575940628699560,420.976,239.624,154.8,420.832,239.616,154.8,LC4,dend[852],0.28549974690266183
720575940622939836,412.616,241.112,152.4,412.744,241.176,152.4,LC4,dend[523],0.5601355941886546
720575940638496720,420.72,240.192,154.36,420.576,240.26,154.32,LC4,dend[893],0.5401046007366064
720575940614914107,425.9,241.756,139.6,425.872,241.92,139.56,LC4,dend[665],1.0
720575940631338271,427.176,234.748,150.52,427.264,234.708,150.56,LC4,dend[999],0.6690824215744671
720575940615127227,415.44,241.36,152.96,415.404,241.272,152.92,LC4,dend[927],0.8426180930277545
720575940617176321,432.496,241.8,145.92,432.448,241.688,145.92,LC4,dend[712],0.3631505936511251
720575940626626895,429.104,239.344,140.6,429.184,239.452,140.56,LC4,dend[695],0.469947571167566
720575940630998339,431.764,240.448,144.84,431.712,240.304,144.84,LC4,dend[720],0.2830328050343293
720575940620903551,421.188,242.896,154.32,421.18,242.752,154.32,LC4,dend[845],0.2553694261245833
720575940633580384,407.744,245.152,155.28,407.664,245.252,155.28,LC4,dend[562],1.0
720575940627519107,417.828,243.58,150.44,417.704,243.576,150.44,LC4,dend[918],0.7791014337955541
720575940626626895,424.136,244.556,149.96,424.2,244.704,149.92,LC4,dend[826],0.63981149728681
720575940632769180,421.872,241.948,149.72,421.836,242.024,149.68,LC4,dend[832],0.9586068797231703
720575940622531767,420.352,234.592,156.16,420.244,234.48,156.12,LC4,dend[858],0.14092722977800853
720575940631338271,423.8,238.252,154.64,423.908,238.264,154.64,LC4,dend[891],0.8995083237971724
720575940618676440,425.836,241.424,153.68,425.792,241.536,153.68,LC4,dend[900],0.750104347649267
720575940630484495,413.836,243.464,159.64,413.856,243.556,159.6,LC4,dend[936],0.8548633399658218
720575940615127227,423.192,239.844,150.52,423.152,239.96,150.56,LC4,dend[841],0.8466527537574636
720575940615053580,424.48,240.052,150.72,424.416,240.132,150.72,LC4,dend[842],0.9560094336400515
720575940638496720,420.824,244.8,148.64,420.88,244.888,148.64,LC4,dend[830],0.6857704476071287
720575940622531767,423.96,241.6,146.0,424.084,241.584,146.0,LC4,dend[972],0.5662597631424461
720575940622939836,427.732,237.988,148.32,427.624,237.924,148.36,LC4,dend[984],0.1583347395996936
720575940625038090,425.432,240.764,146.4,425.54,240.832,146.4,LC4,dend[976],0.4803689004668256
720575940612580977,420.824,247.16,139.92,420.776,247.328,139.84,LC4,dend[637],0.5756072278617079
720575940617176321,429.58,236.74,149.28,429.468,236.704,149.28,LC4,dend[1029],0.19101126572997687
720575940611134833,431.852,235.524,147.48,431.736,235.624,147.44,LC4,dend[987],0.4168336416448966
720575940611134833,415.164,242.056,154.88,415.188,241.912,154.88,LC4,dend[937],0.34198478373613606
720575940626626895,428.192,238.272,146.2,428.2,238.184,146.24,LC4,dend[1073],0.4666728455832935
720575940624017251,427.948,238.304,146.56,427.948,238.184,146.56,LC4,dend[1073],0.3442552899988398
720575940618723749,424.908,242.096,147.12,424.864,242.012,147.16,LC4,dend[973],1.0
720575940624111763,436.668,238.676,137.52,436.748,238.728,137.48,LC4,dend[727],0.9580698911819845
720575940628454522,436.98,238.5,137.4,436.872,238.436,137.4,LC4,dend[727],0.985923620389645
720575940612580977,421.06,238.42,157.68,421.176,238.448,157.68,LC4,dend[876],0.3565597089576669
720575940638496720,428.62,243.52,145.76,428.692,243.616,145.76,LC4,dend[706],1.0
720575940615462587,413.816,237.936,156.64,413.796,237.808,156.68,LC4,dend[942],0.3260953267797892
720575940628454522,421.324,238.88,157.04,421.412,238.96,157.04,LC4,dend[874],0.9308910705358501
720575940610522009,419.712,242.388,157.04,419.652,242.572,157.04,LC4,dend[884],0.6971156375679793
720575940638456227,420.132,238.936,157.32,420.176,238.848,157.36,LC4,dend[879],0.8621994451526336
720575940615127227,414.48,237.2,156.44,414.504,237.224,156.56,LC4,dend[942],0.5024728914210872
720575940638456227,413.792,236.78,157.4,413.784,236.664,157.4,LC4,dend[954],0.9905336036803503
720575940613260959,403.172,247.252,157.88,403.076,247.184,157.92,LC4,dend[630],0.6106404200150108
720575940627519107,413.976,233.736,156.88,413.888,233.736,156.88,LC4,dend[944],0.6439315898774296
720575940618312606,406.084,243.536,157.88,406.096,243.436,157.88,LC4,dend[577],0.9942308167574563
720575940624017251,427.836,243.328,140.04,427.728,243.28,140.04,LC4,dend[661],0.40127945702492
720575940626605200,430.388,242.308,140.12,430.34,242.22,140.12,LC4,dend[690],0.6617570345421504
720575940626626895,427.436,239.204,146.76,427.448,239.244,146.72,LC4,dend[1079],0.29884261786609834
720575940640612480,432.16,242.62,147.4,432.18,242.728,147.4,LC4,dend[796],0.6867825704261565
720575940617026260,420.848,243.496,147.52,420.984,243.536,147.52,LC4,dend[822],1.0
720575940627519107,420.512,245.704,147.48,420.468,245.588,147.52,LC4,dend[821],1.0
720575940638456227,427.216,239.424,146.52,427.168,239.296,146.52,LC4,dend[978],1.0
720575940626626895,427.264,239.196,146.92,427.156,239.16,146.92,LC4,dend[978],1.0
720575940613260959,412.844,242.256,151.76,412.784,242.16,151.8,LC4,dend[522],0.9523994381637961
720575940612580977,413.44,238.72,160.24,413.336,238.636,160.24,LC4,dend[958],1.0
720575940622939836,414.768,243.536,156.08,414.66,243.452,156.04,LC4,dend[930],0.8297500162682849
720575940633580384,407.672,245.136,154.96,407.58,245.184,154.96,LC4,dend[562],0.9684412704074967
720575940618002644,406.68,245.528,155.2,406.728,245.436,155.2,LC4,dend[561],1.0
720575940625038090,415.144,238.56,156.0,415.044,238.68,156.04,LC4,dend[940],0.6693909943926241
720575940627519107,412.776,238.516,160.16,412.872,238.408,160.16,LC4,dend[958],1.0
720575940620795728,413.712,238.284,152.6,413.56,238.224,152.64,LC4,dend[530],0.4185930983480665
720575940612518055,418.524,246.008,148.88,418.568,245.9,148.88,LC4,dend[907],0.3304010177365875
720575940640612480,410.748,245.072,151.24,410.644,245.136,151.24,LC4,dend[551],0.32167258420751105
720575940618807105,415.508,240.352,156.32,415.508,240.152,156.32,LC4,dend[939],0.23739140383933974
720575940628699560,427.492,235.36,153.32,427.644,235.336,153.32,LC4,dend[1009],0.2617683470767605
720575940627519107,415.452,240.868,155.32,415.356,240.928,155.28,LC4,dend[937],0.6534682194092714
720575940617026260,424.76,244.304,140.72,424.84,244.424,140.72,LC4,dend[649],0.4741043190892276
720575940627519107,415.684,247.02,143.08,415.668,247.136,143.08,LC4,dend[485],0.5368161081732494
720575940633580384,424.304,238.2,155.12,424.32,238.36,155.12,LC4,dend[889],0.9539338969699118
720575940628064260,426.328,243.684,145.16,426.228,243.728,145.16,LC4,dend[675],0.12847173793246253
720575940630484495,425.788,244.172,145.08,425.836,244.292,145.04,LC4,dend[673],0.8097319382745722
720575940628699560,421.024,239.772,154.72,420.996,239.864,154.72,LC4,dend[851],0.7206777866255989
720575940605598892,426.244,243.708,145.04,426.224,243.812,145.04,LC4,dend[675],0.12306544392907792
720575940614572742,427.612,242.376,140.8,427.616,242.572,140.76,LC4,dend[660],0.7853500767732693
720575940614572742,417.092,240.872,151.8,417.048,240.944,151.84,LC4,dend[924],0.6419596837738651
720575940615127227,419.8,233.216,156.4,419.92,233.172,156.44,LC4,dend[858],0.9307683941561534
720575940613260959,433.832,236.508,151.36,433.712,236.44,151.28,LC4,dend[1065],0.993770671425377
720575940626626895,422.984,243.024,151.76,423.088,242.9,151.76,LC4,dend[904],0.6243796326156924
720575940618676440,427.248,244.304,144.44,427.224,244.18,144.4,LC4,dend[676],0.47372223033029837
720575940633580384,427.352,243.968,144.36,427.288,244.056,144.36,LC4,dend[676],0.5162517856865246
720575940618002644,428.468,237.66,149.72,428.32,237.652,149.76,LC4,dend[990],0.9052103566636527
720575940625934973,431.612,240.504,144.6,431.628,240.38,144.6,LC4,dend[720],0.05040230647795778
720575940625038090,418.8,238.296,154.32,418.76,238.144,154.32,LC4,dend[866],0.8059157506840133
720575940625038090,420.088,238.176,154.28,420.224,238.256,154.28,LC4,dend[854],0.08965740058337841
720575940615462587,429.4,233.804,154.48,429.516,233.788,154.48,LC4,dend[1008],0.028127552919032024
720575940618676440,409.576,244.996,150.28,409.688,244.976,150.24,LC4,dend[540],1.0
720575940638456227,422.032,240.76,154.04,422.048,240.632,154.04,LC4,dend[888],0.38874215793279365
720575940615462587,434.428,239.996,145.72,434.456,239.908,145.68,LC4,dend[734],0.23262289511723142
720575940628064260,428.448,237.896,146.04,428.496,238.008,146.04,LC4,dend[1073],0.6018669247543418
720575940629753807,420.512,242.768,152.4,420.432,242.832,152.4,LC4,dend[905],0.38063849773540137
720575940629753807,418.7,236.728,156.68,418.804,236.656,156.64,LC4,dend[860],0.9420015555466515
720575940617266722,412.8,242.308,152.0,412.696,242.248,151.96,LC4,dend[521],0.7882532333547911
720575940617266722,420.676,241.504,155.84,420.768,241.572,155.84,LC4,dend[883],0.5927720496248943
720575940617266722,423.588,243.644,141.32,423.544,243.752,141.32,LC4,dend[647],0.9828714872344235
720575940616713355,402.728,247.272,158.88,402.688,247.512,158.8,LC4,dend[630],0.9303707671865217
720575940618676440,431.376,234.452,146.64,431.348,234.544,146.64,LC4,dend[986],0.9821139084805866
720575940618676440,427.908,234.728,153.12,427.972,234.836,153.12,LC4,dend[1003],0.9741428624738265
720575940618676440,428.38,234.796,152.04,428.328,234.864,152.08,LC4,dend[1003],0.1533941497383284
720575940625038090,417.524,234.496,154.04,417.62,234.544,154.04,LC4,dend[863],0.962747335753346
720575940622939836,409.784,246.044,153.72,409.716,245.944,153.72,LC4,dend[554],0.8144305562914873
720575940613256863,410.988,244.48,153.76,411.092,244.52,153.76,LC4,dend[534],0.6592630549778719
720575940616713355,411.264,245.152,154.52,411.256,245.016,154.52,LC4,dend[534],0.8597408894089218
720575940617026260,413.52,234.72,154.48,413.64,234.76,154.48,LC4,dend[952],0.611308590156577
720575940625038090,420.656,239.224,153.2,420.552,239.14,153.2,LC4,dend[894],0.15186920309632918
720575940625038090,419.996,238.184,154.4,420.108,238.224,154.4,LC4,dend[854],0.1681316962812819
720575940617266722,414.136,240.172,154.56,414.256,240.276,154.56,LC4,dend[938],1.0
720575940638456227,421.952,240.928,154.08,421.796,240.948,154.04,LC4,dend[846],0.6868511631939114
720575940626626895,430.512,234.26,154.32,430.384,234.16,154.32,LC4,dend[1007],1.0
720575940615462587,428.728,234.936,154.12,428.848,234.972,154.12,LC4,dend[1004],0.8991410724329039
720575940628064260,430.228,232.412,154.4,430.348,232.48,154.4,LC4,dend[1008],0.7940918736532621
720575940626626895,423.396,242.248,153.56,423.404,242.08,153.56,LC4,dend[897],0.7384171827237256
720575940613260959,417.712,244.7,150.68,417.848,244.816,150.72,LC4,dend[911],0.6526606515521851
720575940631338271,418.052,243.888,150.92,417.952,243.784,150.96,LC4,dend[918],0.9489965277254855
720575940613260959,417.988,245.256,151.0,417.996,245.412,151.0,LC4,dend[912],0.3386854223682505
720575940612518055,428.336,234.212,151.0,428.26,234.184,150.96,LC4,dend[1000],0.8711533330436059
720575940610522009,431.116,233.8,150.96,431.08,233.888,150.92,LC4,dend[1068],0.9386131069577577
720575940622531767,418.036,244.896,150.24,418.036,244.816,150.24,LC4,dend[909],0.8394970829048898
720575940615462587,423.196,240.536,151.12,423.156,240.644,151.12,LC4,dend[840],0.8597520407270518
720575940634517856,417.176,242.528,151.04,417.312,242.568,151.04,LC4,dend[969],0.7357067034747273
720575940610522009,409.888,245.144,150.2,409.912,245.008,150.24,LC4,dend[540],1.0
720575940617266722,427.836,235.288,150.68,427.752,235.16,150.68,LC4,dend[998],0.8259229492906603
720575940618676440,427.888,241.684,149.68,427.908,241.86,149.64,LC4,dend[1096],0.6015212431220177
720575940614914107,420.192,241.84,150.56,420.24,241.912,150.56,LC4,dend[835],0.8624529489983035
720575940615575007,433.932,240.152,143.68,434.02,240.224,143.72,LC4,dend[726],0.7549548221614696
720575940615575007,407.796,243.816,159.68,407.68,243.996,159.68,LC4,dend[612],0.9566720751187464
720575940615575007,407.776,244.032,159.8,407.752,244.2,159.8,LC4,dend[613],0.24641845738970228
720575940616713355,418.436,247.68,149.92,418.268,247.736,149.88,LC4,dend[907],0.8420971442734639
720575940615575007,407.4,243.908,159.96,407.296,244.024,159.96,LC4,dend[612],0.6308356238692443
720575940605598892,412.732,247.984,149.88,412.652,247.9,149.92,LC4,dend[502],0.11031197447359796
720575940605598892,413.104,247.296,149.56,412.984,247.236,149.56,LC4,dend[499],0.5951696511675624
720575940605598892,412.896,247.588,149.96,412.84,247.528,149.96,LC4,dend[500],0.8244478336129352
720575940630851036,424.0,239.792,154.48,424.076,239.904,154.48,LC4,dend[889],0.18691926481796262
720575940617026260,435.664,238.988,145.36,435.688,239.148,145.32,LC4,dend[764],0.6917136850617648
720575940617026260,418.084,244.596,150.48,417.988,244.64,150.44,LC4,dend[909],0.9464683393331464
720575940628064260,404.86,244.512,161.4,404.744,244.64,161.32,LC4,dend[588],0.6262009409634568
720575940628699560,414.024,233.308,157.0,413.968,233.272,156.96,LC4,dend[945],0.433375173526691
720575940628699560,431.48,234.904,150.68,431.528,234.984,150.68,LC4,dend[1032],0.8704381941867645
720575940628699560,421.084,244.084,147.68,421.228,244.116,147.68,LC4,dend[823],0.35536228486238836
720575940628699560,422.896,241.968,152.2,422.944,242.116,152.2,LC4,dend[896],0.55152444116895
720575940628699560,404.328,243.876,162.56,404.408,243.916,162.56,LC4,dend[596],0.46224404517989354
720575940620795728,421.516,244.152,147.96,421.388,244.176,147.96,LC4,dend[823],0.4857529468352163
720575940617176321,426.788,241.776,148.92,426.776,241.904,148.92,LC4,dend[1096],0.2698586728466944
720575940632769180,421.952,241.684,149.16,421.86,241.776,149.12,LC4,dend[832],0.8424829451388425
720575940626916936,421.204,242.44,148.56,421.292,242.52,148.56,LC4,dend[832],0.5293825604529476
720575940620795728,421.604,241.984,148.08,421.564,242.044,148.12,LC4,dend[832],0.49724438639697877
720575940632769180,421.712,241.604,149.28,421.608,241.664,149.24,LC4,dend[833],0.6021215550603563
720575940628454522,421.548,242.104,149.08,421.516,242.236,149.04,LC4,dend[832],0.7255317323806599
720575940640612480,428.54,237.272,149.4,428.612,237.224,149.44,LC4,dend[988],0.92910662823641
720575940620795728,424.228,239.38,148.32,424.188,239.284,148.32,LC4,dend[1085],0.36877078604200386
720575940617026260,413.464,238.408,160.6,413.424,238.48,160.56,LC4,dend[960],0.18357522563461595
720575940617026260,405.336,241.784,164.52,405.276,241.676,164.52,LC4,dend[599],0.969710805762999
720575940617026260,427.82,235.14,150.92,427.684,235.12,150.84,LC4,dend[998],0.9357171063572309
720575940617026260,434.548,233.92,150.96,434.608,234.008,150.96,LC4,dend[1037],0.9937898418934722
720575940617026260,419.312,244.428,147.96,419.268,244.52,147.96,LC4,dend[906],0.8797430507160391
720575940618676440,421.628,238.8,157.28,421.54,238.736,157.32,LC4,dend[876],0.1931563114419057
720575940611134833,411.3,244.96,147.92,411.4,244.888,148.0,LC4,dend[496],0.6147251456466101
720575940611134833,420.116,241.724,145.96,420.012,241.764,145.92,LC4,dend[816],0.8078937400546433
720575940611134833,415.352,242.908,154.8,415.328,243.024,154.8,LC4,dend[930],0.35674517455841814
720575940611134833,427.544,243.216,140.56,427.464,243.272,140.56,LC4,dend[661],0.15915977465103662
720575940611134833,432.26,236.488,151.88,432.244,236.376,151.84,LC4,dend[1066],0.595794967681647
720575940611134833,432.724,236.3,151.56,432.688,236.184,151.56,LC4,dend[1066],0.19120427410446128
720575940638496720,413.8,243.824,158.36,413.924,243.852,158.36,LC4,dend[936],0.44774405282450935
720575940611134833,421.176,243.208,144.0,421.2,243.32,143.96,LC4,dend[814],0.2891874655000421
720575940614914107,406.164,244.784,158.28,406.268,244.692,158.28,LC4,dend[616],0.4234200790282902
720575940614914107,406.112,244.84,158.44,406.228,244.768,158.4,LC4,dend[616],0.6528031190779976
720575940611134833,406.204,244.776,158.52,406.328,244.668,158.52,LC4,dend[616],0.5772661238997628
720575940626626895,413.848,243.568,159.16,413.868,243.712,159.12,LC4,dend[936],0.7009831590455488
720575940616713355,415.504,240.956,152.84,415.436,241.036,152.8,LC4,dend[927],0.9512361333042384
720575940612580977,411.592,234.632,157.96,411.612,234.564,157.96,LC4,dend[947],1.0
720575940627519107,412.892,240.324,158.72,412.752,240.252,158.72,LC4,dend[968],0.8107262055372685
720575940616713355,413.42,239.556,158.28,413.524,239.6,158.32,LC4,dend[955],1.0
720575940616713355,413.4,245.44,153.24,413.348,245.4,153.2,LC4,dend[533],0.9610999667842655
720575940626916936,421.208,237.424,158.2,421.388,237.416,158.16,LC4,dend[877],0.15858315775432322
720575940615053580,402.928,247.288,158.64,402.836,247.328,158.64,LC4,dend[630],0.85069817375553
720575940615053580,414.836,245.42,152.4,414.924,245.496,152.4,LC4,dend[915],0.9835169935202481
720575940615053580,413.468,245.368,153.16,413.38,245.376,153.16,LC4,dend[533],0.9642633554028429
720575940615053580,421.84,246.856,137.96,421.744,246.792,138.0,LC4,dend[636],0.38039034296339586
720575940613260959,403.332,247.256,158.0,403.276,247.136,158.04,LC4,dend[630],0.6334020589916457
720575940634517856,419.568,236.892,154.68,419.452,236.94,154.68,LC4,dend[855],0.46974302677913393
720575940640612480,404.428,243.768,163.44,404.48,243.88,163.44,LC4,dend[608],0.7357773164681292
720575940605598892,404.92,241.648,163.4,404.936,241.752,163.4,LC4,dend[599],0.4145328910244861
720575940631338271,405.244,239.424,164.24,405.256,239.312,164.2,LC4,dend[603],0.8823256606420308
720575940625038090,404.192,239.712,164.64,404.256,239.792,164.64,LC4,dend[604],1.0
720575940618676440,413.988,243.976,158.96,413.976,243.828,158.92,LC4,dend[936],0.6244656767045084
720575940618676440,427.552,244.336,144.76,427.488,244.224,144.76,LC4,dend[678],0.4126998778195285
720575940625934973,417.36,245.816,151.96,417.344,245.66,151.96,LC4,dend[913],0.6382971400914327
720575940628699560,416.968,245.624,151.68,417.004,245.52,151.72,LC4,dend[913],0.7298493993895956
720575940622939836,409.624,245.736,152.84,409.488,245.744,152.84,LC4,dend[554],0.24414687019790393
720575940620795728,420.94,237.72,152.04,420.816,237.664,152.0,LC4,dend[894],0.477901196955454
720575940617026260,415.908,242.032,152.04,415.996,241.928,152.04,LC4,dend[926],0.3192144534047634
720575940629753807,422.096,242.384,151.96,422.112,242.26,152.0,LC4,dend[839],1.0
720575940638496720,422.688,241.936,151.4,422.816,241.956,151.4,LC4,dend[840],0.3843162580615415
720575940624111763,420.752,242.396,151.84,420.828,242.524,151.84,LC4,dend[905],0.2064037184470338
720575940620795728,413.764,238.068,152.4,413.684,237.976,152.44,LC4,dend[530],1.0
720575940613260959,412.88,242.044,151.68,412.824,242.072,151.68,LC4,dend[522],1.0
720575940613260959,433.668,236.208,151.32,433.572,236.176,151.28,LC4,dend[1065],0.766908469345388
720575940618312606,410.22,246.328,151.28,410.268,246.428,151.32,LC4,dend[552],0.41877593300427024
720575940638496720,410.052,246.388,151.2,410.156,246.42,151.24,LC4,dend[552],0.4613428974075029
720575940625038090,421.848,243.392,143.04,421.852,243.528,143.0,LC4,dend[667],0.5242368472584907
720575940631338271,426.012,244.272,143.68,426.02,244.38,143.72,LC4,dend[671],0.6780773512497302
720575940631338271,424.88,244.376,143.68,424.88,244.456,143.76,LC4,dend[670],0.41604118559088754
720575940612580977,424.216,244.304,143.72,424.336,244.364,143.72,LC4,dend[670],0.09359146249283995
720575940622531767,427.32,244.02,144.28,427.22,244.032,144.28,LC4,dend[676],0.5901041020762866
720575940626626895,431.872,239.8,143.64,431.748,239.868,143.68,LC4,dend[722],0.36877698229914363
720575940625934973,434.2,240.608,143.92,434.076,240.56,143.96,LC4,dend[726],0.4916548052018655
720575940613260959,434.144,240.42,143.24,434.244,240.372,143.24,LC4,dend[727],0.025702550834727073
720575940616713355,437.156,231.348,143.52,437.22,231.472,143.52,LC4,dend[776],0.16868539623989115
720575940616713355,437.296,231.356,143.64,437.344,231.492,143.68,LC4,dend[776],0.0947875854276993
720575940634517856,407.148,244.288,155.88,407.012,244.256,155.88,LC4,dend[619],1.0
720575940628699560,419.688,248.032,140.0,419.612,248.04,139.96,LC4,dend[634],0.07190198988615724
720575940638456227,421.032,240.912,155.0,420.976,241.004,154.96,LC4,dend[883],0.2215548855546759
720575940628699560,421.716,240.312,154.24,421.688,240.416,154.24,LC4,dend[882],1.0
720575940628699560,420.28,247.412,140.2,420.26,247.288,140.2,LC4,dend[637],0.7277321273444186
720575940638456227,431.756,239.736,143.16,431.872,239.696,143.16,LC4,dend[722],0.9158122492721479
720575940628699560,420.18,247.54,140.2,420.044,247.444,140.28,LC4,dend[637],0.7123837596999627
720575940628064260,414.784,241.404,155.2,414.92,241.468,155.2,LC4,dend[937],0.5314760417133245
720575940634517856,413.948,235.008,157.12,413.852,234.904,157.08,LC4,dend[948],0.7656265558202342
720575940617026260,430.72,242.256,142.24,430.788,242.128,142.2,LC4,dend[689],0.32162105380090966
720575940610522009,420.168,241.904,156.6,420.16,241.996,156.56,LC4,dend[883],0.9482766225723483
720575940610522009,434.656,240.196,142.68,434.728,240.276,142.68,LC4,dend[727],0.12684111890060512
720575940610522009,425.484,245.064,144.68,425.344,244.988,144.68,LC4,dend[670],0.7394181454845007
720575940631338271,427.208,241.636,149.48,427.2,241.752,149.44,LC4,dend[1096],0.41823465501893636
720575940631338271,416.344,245.144,151.96,416.392,245.3,151.96,LC4,dend[914],0.7338015162870312
720575940620903551,423.892,243.328,152.2,423.688,243.312,152.2,LC4,dend[904],0.9531657799796039
720575940620903551,429.096,242.324,150.16,429.208,242.292,150.2,LC4,dend[1096],0.9752622670600556
720575940620903551,429.928,234.052,154.04,429.904,234.16,154.08,LC4,dend[1006],0.8442528487081545
720575940612518055,433.832,240.108,146.52,433.804,239.992,146.48,LC4,dend[791],1.0
720575940618002644,425.448,244.116,146.6,425.336,244.108,146.56,LC4,dend[811],0.8717046009048802
720575940627519107,413.648,239.9,158.2,413.588,239.788,158.2,LC4,dend[955],0.9905316260933904
720575940612518055,411.948,242.984,152.84,412.04,242.92,152.8,LC4,dend[520],1.0
720575940627519107,417.872,243.568,150.72,417.772,243.592,150.72,LC4,dend[918],0.9458974961690797
720575940627519107,432.72,236.104,151.12,432.84,236.056,151.12,LC4,dend[1065],0.17886930721188143
720575940612518055,418.872,245.924,148.92,418.8,245.832,148.92,LC4,dend[907],0.30809714731827764
720575940612518055,407.256,242.96,161.96,407.276,242.872,162.0,LC4,dend[610],0.9532241338514841
720575940627519107,428.928,237.7,145.96,428.84,237.864,146.0,LC4,dend[1073],0.7194136205657039
720575940628454522,421.78,242.148,148.52,421.748,242.264,148.52,LC4,dend[832],0.5803833636426848
720575940618676440,425.728,241.504,153.6,425.684,241.636,153.56,LC4,dend[900],0.6973792205913439
720575940615575007,406.492,244.544,160.84,406.364,244.472,160.84,LC4,dend[585],0.8772517673458116
720575940618676440,406.18,240.2,160.32,406.176,240.3,160.32,LC4,dend[573],0.27800065239214394
720575940612580977,406.936,239.864,160.4,406.82,239.804,160.36,LC4,dend[573],0.604925286491455
720575940617176321,413.744,238.104,159.72,413.64,238.168,159.72,LC4,dend[958],0.5985362115199586
720575940612518055,415.488,239.936,160.64,415.428,239.8,160.64,LC4,dend[961],0.9731444299157451
720575940624017251,413.796,238.228,160.12,413.744,238.36,160.12,LC4,dend[958],0.6993589099634181
720575940619397542,435.016,240.284,142.52,434.9,240.348,142.52,LC4,dend[727],0.15380556741279663
720575940617266722,423.528,243.624,141.52,423.524,243.752,141.52,LC4,dend[647],0.844275753133249
720575940619397542,427.436,235.976,153.76,427.432,235.92,153.72,LC4,dend[1009],0.6165903559883527
720575940619397542,401.136,245.612,157.24,401.24,245.704,157.24,LC4,dend[633],0.7884353038274178
720575940605598892,420.448,240.128,154.24,420.504,240.068,154.24,LC4,dend[893],0.6769002149878963
720575940619397542,436.52,238.464,145.64,436.416,238.448,145.64,LC4,dend[765],0.9201160721297899
720575940633580384,407.756,244.552,154.88,407.696,244.464,154.84,LC4,dend[620],0.6811276580136107
720575940634517856,407.044,244.48,156.2,406.908,244.468,156.2,LC4,dend[563],0.9899619241118645
720575940615053580,406.104,246.472,155.36,406.088,246.368,155.32,LC4,dend[624],0.8755243270962094
720575940618312606,407.112,244.088,156.0,407.048,244.176,156.04,LC4,dend[619],1.0
720575940622939836,414.524,243.728,155.88,414.476,243.68,155.88,LC4,dend[930],0.8300697014888746
720575940615053580,414.048,243.704,156.08,414.164,243.672,156.12,LC4,dend[930],0.9298490045897004
720575940624017251,424.464,239.996,154.68,424.352,239.932,154.68,LC4,dend[889],0.24221781690899202
720575940630851036,421.104,239.848,154.84,421.084,239.984,154.8,LC4,dend[851],0.7241441198836761
720575940611134833,415.276,242.176,154.72,415.232,242.052,154.68,LC4,dend[937],0.26484767128307185
720575940626605200,415.776,240.072,156.08,415.692,240.144,156.04,LC4,dend[939],0.10080507106861503
720575940625934973,424.084,237.416,155.08,424.144,237.532,155.08,LC4,dend[890],0.5539733364867969
720575940617266722,420.816,238.816,154.56,420.66,238.796,154.6,LC4,dend[852],0.7065059238577469
720575940630851036,420.912,239.668,154.88,420.732,239.584,154.88,LC4,dend[852],0.3079087479125507
720575940628699560,420.972,239.592,154.64,420.864,239.556,154.64,LC4,dend[852],0.32515004013085413
720575940617266722,420.536,239.228,154.88,420.484,239.384,154.88,LC4,dend[852],0.4402290919894865
720575940616713355,414.284,236.02,155.16,414.136,235.984,155.16,LC4,dend[949],1.0
720575940628699560,421.476,239.22,155.92,421.532,239.328,155.92,LC4,dend[873],0.9135528800256171
720575940624111763,419.964,239.784,154.12,420.088,239.8,154.08,LC4,dend[893],1.0
720575940624111763,406.176,241.016,158.24,406.228,241.136,158.16,LC4,dend[575],0.946750163385764
720575940624111763,405.664,240.672,159.4,405.704,240.792,159.36,LC4,dend[572],0.755191496024824
720575940630998339,430.144,241.376,142.12,430.152,241.488,142.16,LC4,dend[688],0.8208643169838219
720575940630998339,428.452,241.792,149.76,428.368,241.86,149.72,LC4,dend[1096],0.7104388653973628
720575940630998339,429.144,233.036,150.8,429.08,233.1,150.88,LC4,dend[1010],1.0
720575940617266722,412.736,243.308,152.08,412.62,243.376,152.04,LC4,dend[518],0.539514159460128
720575940617266722,420.468,241.6,155.92,420.536,241.704,155.92,LC4,dend[883],0.6740230227297069
720575940628454522,404.924,240.376,165.16,404.736,240.356,165.2,LC4,dend[602],0.5497605779131365
720575940617026260,404.312,241.452,165.32,404.208,241.32,165.28,LC4,dend[605],0.57812605817212
720575940615575007,425.836,243.952,147.24,425.912,244.052,147.2,LC4,dend[813],0.5217612717733545
720575940626605200,420.108,239.612,153.92,420.164,239.712,153.88,LC4,dend[893],1.0
720575940626605200,420.556,239.536,154.08,420.6,239.632,154.08,LC4,dend[895],1.0
720575940624017251,427.416,239.064,148.24,427.352,238.984,148.24,LC4,dend[982],0.47604560834960297
720575940624017251,413.624,237.992,160.28,413.608,237.816,160.32,LC4,dend[959],0.747085515715415
720575940624017251,416.912,241.024,151.24,416.78,241.088,151.2,LC4,dend[923],1.0
720575940624017251,426.068,240.584,153.52,426.104,240.708,153.52,LC4,dend[900],0.9514694071014729
720575940624017251,421.312,237.392,158.24,421.416,237.32,158.2,LC4,dend[877],0.19594524305258426
720575940624017251,419.364,241.716,146.28,419.196,241.656,146.32,LC4,dend[817],0.22770672339485978
720575940628064260,420.908,237.892,154.84,420.94,237.988,154.88,LC4,dend[853],0.47669934849406365
720575940615462587,429.032,240.232,147.04,429.092,240.092,147.04,LC4,dend[1081],0.33310889488740664
720575940628064260,436.44,239.024,143.72,436.548,238.968,143.72,LC4,dend[740],0.8817356175846532
720575940615462587,434.536,232.92,153.04,434.496,233.052,153.04,LC4,dend[1045],0.22561643564820497
720575940622531767,421.468,243.3,147.32,421.328,243.296,147.32,LC4,dend[832],0.038823450908202606
720575940618002644,425.596,243.96,146.88,425.536,244.056,146.88,LC4,dend[813],0.19618690222173846
720575940615575007,425.96,244.016,147.32,426.056,244.064,147.32,LC4,dend[813],0.6462573610122692
720575940617176321,420.36,243.564,146.48,420.396,243.68,146.44,LC4,dend[820],1.0
720575940620795728,421.28,243.584,147.6,421.176,243.552,147.6,LC4,dend[822],1.0
720575940628462340,424.984,236.048,146.28,424.944,236.144,146.28,LC4,dend[1090],1.0
720575940638456227,427.648,239.632,146.72,427.736,239.548,146.72,LC4,dend[1079],0.47249114370600526
720575940625038090,424.34,240.984,147.0,424.352,241.112,147.0,LC4,dend[974],0.5413232832734057
720575940625038090,424.16,240.912,146.96,424.116,240.984,146.96,LC4,dend[975],0.6206360573547133
720575940611134833,423.688,240.732,147.2,423.752,240.752,147.2,LC4,dend[975],1.0
720575940626626895,427.64,239.248,146.6,427.528,239.244,146.6,LC4,dend[1079],0.32897713088246733
720575940614914107,425.064,239.32,147.72,425.136,239.272,147.72,LC4,dend[1083],1.0
720575940628064260,424.988,237.348,147.84,424.92,237.228,147.8,LC4,dend[1087],0.9747857356280861
720575940614914107,424.156,238.032,147.56,424.192,237.908,147.6,LC4,dend[1085],0.9473128755128828
720575940628699560,414.648,243.216,155.4,414.68,243.328,155.4,LC4,dend[930],0.6306799095460176
720575940628462340,436.192,239.656,141.08,436.088,239.664,141.04,LC4,dend[727],0.43239720940119347
720575940624111763,436.816,239.088,139.96,436.748,239.1,139.92,LC4,dend[727],0.6321570730743044
720575940626605200,430.392,242.216,139.76,430.296,242.224,139.76,LC4,dend[690],0.7727955165580239
720575940628462340,413.672,238.484,154.96,413.728,238.576,155.0,LC4,dend[941],1.0
720575940630998339,422.944,245.248,149.4,422.88,245.148,149.36,LC4,dend[825],0.45848699728299713
720575940630484495,429.596,240.192,147.0,429.468,240.248,147.0,LC4,dend[1081],0.8586865368979943
720575940626916936,404.472,243.928,163.08,404.436,243.84,163.16,LC4,dend[608],0.4400756000676262
720575940628462340,425.896,242.128,139.24,425.976,242.072,139.24,LC4,dend[663],1.0
720575940624111763,436.96,238.752,137.92,436.832,238.776,137.88,LC4,dend[727],0.9096317101758108
720575940618723749,437.128,239.072,139.16,437.14,238.964,139.16,LC4,dend[727],0.7554367446193476
720575940615127227,415.772,241.712,152.44,415.62,241.632,152.4,LC4,dend[926],0.9300596951929787
720575940615127227,413.872,238.36,155.4,413.912,238.464,155.4,LC4,dend[941],0.7340018284110091
720575940616713355,418.848,236.456,154.32,418.912,236.608,154.32,LC4,dend[861],0.5335703611522871
720575940620795728,417.428,240.788,152.08,417.296,240.84,152.04,LC4,dend[924],0.9223213797069154
720575940620795728,425.372,240.796,147.32,425.484,240.868,147.32,LC4,dend[976],0.4730073822160231
720575940618676440,410.72,245.896,151.32,410.732,245.812,151.36,LC4,dend[551],0.7707563471779337
720575940633580384,408.22,244.408,154.64,408.12,244.324,154.6,LC4,dend[620],1.0
720575940626916936,427.32,234.588,150.68,427.308,234.696,150.68,LC4,dend[999],0.5990801418190188
720575940626916936,427.544,234.648,150.88,427.628,234.72,150.88,LC4,dend[1000],0.15171648890712858
720575940633580384,425.612,244.864,144.72,425.512,244.76,144.72,LC4,dend[672],1.0
720575940633580384,401.752,246.284,156.04,401.772,246.2,156.04,LC4,dend[632],1.0
720575940626916936,404.408,243.84,162.84,404.416,243.724,162.8,LC4,dend[596],0.7538050790222324
720575940626916936,421.076,242.856,151.68,421.1,242.744,151.64,LC4,dend[905],0.13844350613724168
720575940626916936,420.412,243.256,152.32,420.28,243.164,152.32,LC4,dend[905],0.4267990336823316
720575940626916936,420.376,243.092,152.56,420.332,243.0,152.52,LC4,dend[905],0.4282523966301693
720575940640612480,433.608,240.444,144.16,433.716,240.472,144.12,LC4,dend[726],0.3020914759331923
720575940628699560,427.6,235.328,153.2,427.672,235.24,153.2,LC4,dend[1009],0.18797714120027087
720575940628699560,421.144,244.092,147.84,421.264,244.144,147.84,LC4,dend[823],0.42326262366987216
720575940615053580,421.96,247.352,137.44,421.872,247.396,137.44,LC4,dend[474],1.0
720575940622108001,416.968,241.296,151.52,416.888,241.228,151.56,LC4,dend[924],0.31558473529234454
720575940632769180,419.312,242.752,157.32,419.384,242.72,157.32,LC4,dend[884],1.0
720575940628462340,405.808,242.176,157.28,405.82,242.304,157.28,LC4,dend[570],1.0
720575940613260959,420.304,233.932,156.36,420.248,234.048,156.36,LC4,dend[858],0.4140270211999252
720575940622939836,419.428,236.848,156.36,419.408,236.684,156.36,LC4,dend[860],0.19791785625608796
720575940618312606,419.34,236.764,156.48,419.228,236.632,156.48,LC4,dend[860],0.4327061846082203
720575940633580384,413.988,233.864,156.88,413.868,233.836,156.88,LC4,dend[944],0.56859867629464
720575940616713355,411.888,234.412,157.6,411.948,234.508,157.64,LC4,dend[947],0.8067411698358979
720575940633580384,406.128,244.48,157.24,406.272,244.484,157.2,LC4,dend[564],0.9661581648929836
720575940615462587,405.8,243.856,157.2,405.816,243.74,157.2,LC4,dend[567],0.38174202142104857
720575940625934973,413.44,237.384,156.52,413.544,237.4,156.48,LC4,dend[942],0.5120306235670359
720575940616713355,413.64,239.648,157.68,413.716,239.724,157.68,LC4,dend[955],0.7288485672745181
720575940625934973,413.536,237.64,156.88,413.644,237.728,156.88,LC4,dend[942],0.369965795070248
720575940626626895,419.98,232.836,156.32,419.944,232.928,156.28,LC4,dend[858],1.0
720575940610522009,409.52,244.868,150.2,409.54,244.956,150.16,LC4,dend[540],1.0
720575940610522009,409.716,245.096,150.28,409.756,245.024,150.28,LC4,dend[540],1.0
720575940610522009,436.932,231.664,143.72,436.984,231.568,143.72,LC4,dend[776],0.18968313780507776
720575940649229433,420.356,239.516,153.08,420.396,239.456,153.16,LC4,dend[894],0.11517460362610318
720575940649229433,416.908,242.408,153.48,416.8,242.336,153.44,LC4,dend[929],0.2833739229999241
720575940649229433,408.632,247.288,155.48,408.508,247.496,155.44,LC4,dend[560],0.8700481873710214
720575940611134833,413.468,237.28,156.56,413.584,237.332,156.6,LC4,dend[942],0.5354688989557481
720575940611134833,415.492,241.864,155.12,415.448,241.752,155.12,LC4,dend[937],0.4134927684673962
720575940611134833,407.284,244.364,158.16,407.184,244.26,158.16,LC4,dend[580],1.0
720575940611134833,431.792,235.32,151.08,431.776,235.208,151.08,LC4,dend[1067],0.5503365689017043
720575940611134833,409.96,244.536,149.92,409.936,244.616,149.96,LC4,dend[538],0.7758751623910068
720575940611134833,429.7,240.176,141.52,429.608,240.108,141.6,LC4,dend[692],0.3739351524080313
720575940611134833,424.644,241.156,146.08,424.676,241.228,146.08,LC4,dend[972],0.9275241514337084
720575940611134833,427.572,236.532,154.4,427.54,236.416,154.4,LC4,dend[1009],0.9792795407366248
720575940618807105,406.064,241.12,159.16,406.04,241.0,159.12,LC4,dend[572],0.5066177384822017
720575940618807105,427.508,241.164,147.4,427.42,241.256,147.4,LC4,dend[1094],0.5797085862426767
720575940618807105,425.324,244.356,145.8,425.272,244.264,145.76,LC4,dend[811],0.5244668292049917
720575940618807105,425.072,236.372,146.4,424.94,236.336,146.36,LC4,dend[1090],0.8364292485167399
720575940638496720,407.952,245.048,159.76,407.872,244.872,159.76,LC4,dend[613],0.9471108127435001
720575940618807105,423.244,240.264,154.0,423.152,240.18,154.04,LC4,dend[888],0.9373673768350184
720575940618807105,423.128,240.372,154.0,423.024,240.308,154.0,LC4,dend[888],0.8619306783094958
720575940618807105,423.856,240.276,154.28,423.84,240.14,154.24,LC4,dend[889],0.02139828161305088
720575940638496720,424.02,241.464,146.32,424.024,241.572,146.28,LC4,dend[972],0.6444215777513923
720575940638496720,437.364,231.736,143.64,437.308,231.648,143.64,LC4,dend[776],0.09350891167974468
720575940638496720,437.804,239.44,142.92,437.828,239.372,143.0,LC4,dend[743],0.955351311932425
720575940638496720,422.08,241.784,151.76,422.064,241.936,151.76,LC4,dend[839],0.17467434650836247
720575940638496720,422.052,241.932,150.52,421.908,241.968,150.48,LC4,dend[834],0.7071773589006446
720575940629753807,426.032,241.36,147.8,426.18,241.324,147.8,LC4,dend[1095],0.5953832777923732
720575940629753807,412.828,243.592,151.56,412.664,243.668,151.52,LC4,dend[517],0.9544345561027489
720575940629753807,421.032,237.228,151.64,420.988,237.384,151.64,LC4,dend[894],0.5579839420512812
720575940629753807,415.512,238.024,158.88,415.416,238.112,158.88,LC4,dend[966],0.9990925654395698
720575940629753807,418.584,238.096,154.16,418.548,238.208,154.16,LC4,dend[866],0.9893134411015206
720575940629753807,411.228,244.38,153.56,411.344,244.452,153.56,LC4,dend[534],0.5014780159849728
720575940629753807,430.524,231.74,150.6,430.464,231.84,150.64,LC4,dend[1017],0.43213978714258394
720575940634517856,419.184,236.904,156.16,419.256,236.808,156.12,LC4,dend[856],0.8815913214252487
720575940615053580,406.096,246.432,155.08,406.068,246.344,155.08,LC4,dend[624],0.5600454300123595
720575940618312606,405.544,241.752,164.04,405.44,241.676,164.04,LC4,dend[599],0.8019446187211897
720575940627519107,404.984,241.632,164.48,405.084,241.728,164.48,LC4,dend[599],0.9039658530627338
720575940618312606,434.184,232.816,154.2,434.108,232.724,154.2,LC4,dend[1045],0.9697124871596517
720575940618312606,433.828,232.648,154.2,433.932,232.656,154.2,LC4,dend[1045],1.0
720575940618312606,433.884,232.904,154.64,433.92,232.828,154.56,LC4,dend[1047],0.8407427814482895
720575940620903551,412.8,239.656,161.2,412.704,239.712,161.2,LC4,dend[960],0.65080103529826
720575940620903551,435.972,239.32,145.08,435.872,239.336,145.08,LC4,dend[737],1.0
720575940615575007,429.416,236.38,149.08,429.36,236.496,149.08,LC4,dend[1027],1.0
720575940626626895,427.6,239.12,146.68,427.608,239.376,146.72,LC4,dend[1079],0.3878718023716599
720575940618676440,427.62,241.564,147.4,427.648,241.468,147.44,LC4,dend[1094],0.7363261776897636
720575940615575007,421.056,241.312,155.12,421.024,241.2,155.12,LC4,dend[883],0.29776307905876825
720575940625934973,424.2,237.976,154.8,424.212,238.156,154.76,LC4,dend[889],0.9876486606244838
720575940622939836,419.472,240.832,155.24,419.56,240.888,155.28,LC4,dend[849],0.9198050536362314
720575940638496720,419.828,240.56,155.16,419.752,240.684,155.16,LC4,dend[849],0.7881338635129672
720575940630484495,424.472,239.544,154.64,424.488,239.652,154.64,LC4,dend[889],0.38199843286672813
720575940626605200,429.264,240.912,142.56,429.176,240.912,142.56,LC4,dend[687],0.483579779163249
720575940612518055,426.304,240.528,153.72,426.28,240.556,153.68,LC4,dend[901],0.8682916744139569
720575940626626895,422.828,245.084,148.96,422.72,245.14,148.96,LC4,dend[824],1.0
720575940617176321,419.376,244.652,148.4,419.296,244.624,148.44,LC4,dend[908],0.3148750101150309
720575940617026260,419.04,244.348,148.68,419.064,244.436,148.64,LC4,dend[908],0.5774297828623102
720575940631338271,417.284,244.868,151.56,417.308,244.992,151.56,LC4,dend[913],0.4787817339611466
720575940617026260,427.848,234.568,151.12,427.772,234.476,151.08,LC4,dend[1000],0.5060759447923867
720575940618723749,426.928,234.748,150.76,427.004,234.764,150.76,LC4,dend[999],1.0
720575940620903551,420.864,243.048,154.32,420.8,242.96,154.32,LC4,dend[845],0.3400082313661139
720575940612580977,421.08,245.648,144.76,421.032,245.744,144.76,LC4,dend[643],1.0
720575940612580977,428.244,234.792,151.76,428.2,234.72,151.76,LC4,dend[1001],0.7374374230510811
720575940612580977,430.016,236.22,146.96,430.148,236.28,147.0,LC4,dend[985],0.6205876851953649
720575940612580977,411.64,238.94,160.48,411.696,238.768,160.44,LC4,dend[963],0.7262851901924207
720575940615575007,414.144,244.16,157.8,414.128,244.04,157.84,LC4,dend[936],0.2549448528925705
720575940629753807,402.68,246.024,156.16,402.712,246.16,156.16,LC4,dend[629],0.9720377559201322
720575940640612480,436.448,232.6,152.48,436.432,232.504,152.48,LC4,dend[1053],0.9816488277872761
720575940622939836,420.84,238.412,154.68,420.744,238.256,154.68,LC4,dend[852],0.9261345322124769
720575940612580977,424.248,237.164,155.4,424.216,237.272,155.32,LC4,dend[890],0.8924446330186756
720575940625038090,419.744,238.252,154.72,419.884,238.24,154.76,LC4,dend[854],0.2961201066763939
720575940631338271,424.02,238.692,155.24,424.164,238.704,155.28,LC4,dend[889],0.79492905966862
720575940618676440,411.368,245.844,150.32,411.468,245.756,150.36,LC4,dend[512],1.0
720575940612518055,429.192,233.42,150.92,429.168,233.328,150.92,LC4,dend[1011],0.4134937993766111
720575940622531767,429.224,232.22,151.04,429.34,232.272,151.04,LC4,dend[1012],0.48417176601665485
720575940613260959,420.488,233.028,156.2,420.388,233.072,156.24,LC4,dend[858],0.9465769593290932
720575940612518055,418.408,246.104,148.96,418.36,246.028,149.0,LC4,dend[907],0.38419215491199254
720575940613260959,417.576,244.3,150.52,417.68,244.308,150.52,LC4,dend[918],0.3104689504180132
720575940611134833,431.36,235.744,150.48,431.312,235.688,150.52,LC4,dend[1031],0.8404633973832472
720575940628699560,431.564,234.82,151.0,431.6,234.928,151.0,LC4,dend[1067],0.5019505299338888
720575940618002644,433.256,240.32,144.84,433.22,240.44,144.8,LC4,dend[719],0.24029208198927243
720575940615053580,429.74,237.32,145.68,429.62,237.476,145.68,LC4,dend[1073],1.0
720575940617176321,405.128,241.888,164.2,405.156,241.764,164.28,LC4,dend[599],0.8287004459035705
720575940617176321,413.244,240.616,161.24,413.232,240.496,161.24,LC4,dend[960],0.8946290684423689
720575940617176321,413.188,245.12,153.32,413.288,245.224,153.32,LC4,dend[533],0.885060973823499
720575940617176321,413.816,238.244,160.04,413.72,238.356,160.0,LC4,dend[958],0.6490776355714587
720575940617176321,413.564,237.848,159.92,413.44,237.876,159.88,LC4,dend[958],0.9416905911755156
720575940617176321,421.408,238.896,157.48,421.384,238.764,157.48,LC4,dend[876],0.18640413825393076
720575940628699560,416.116,245.576,152.12,416.16,245.48,152.08,LC4,dend[914],1.0
720575940628699560,436.436,238.68,146.08,436.464,238.6,146.04,LC4,dend[787],0.4463897173931596
720575940628699560,427.064,242.288,149.16,427.024,242.192,149.12,LC4,dend[1096],0.3642326903427338
720575940628699560,434.436,233.716,151.16,434.536,233.82,151.16,LC4,dend[1041],0.12924351021557812
720575940628699560,422.3,245.544,141.2,422.272,245.46,141.16,LC4,dend[641],0.4731076836347174
720575940615575007,436.916,237.816,145.88,436.88,237.68,145.88,LC4,dend[766],0.2821607914753986
720575940615575007,420.144,235.148,155.68,420.232,235.232,155.68,LC4,dend[857],0.7442615420092353
720575940615575007,420.136,234.704,155.72,420.256,234.712,155.76,LC4,dend[857],0.9653132557800176
720575940615575007,422.88,239.96,154.44,422.976,239.912,154.4,LC4,dend[888],0.8971021202941333
720575940622531767,413.296,234.292,156.72,413.4,234.348,156.76,LC4,dend[947],0.025132827572194837
720575940622531767,413.16,234.304,156.92,413.184,234.416,156.88,LC4,dend[947],0.1396920169444482
720575940622531767,418.204,244.36,151.88,418.088,244.32,151.92,LC4,dend[919],1.0
720575940622531767,415.496,241.632,155.36,415.4,241.456,155.36,LC4,dend[937],0.5371888329088592
720575940615575007,421.7,240.32,154.52,421.616,240.384,154.48,LC4,dend[882],0.9058638193432674
720575940615575007,414.888,243.716,156.6,414.856,243.628,156.6,LC4,dend[931],1.0
720575940615575007,414.448,243.712,157.04,414.404,243.624,157.0,LC4,dend[932],0.6136766688628944
720575940634517856,414.836,237.616,158.6,414.78,237.764,158.6,LC4,dend[965],0.8080449910563041
720575940634517856,415.44,238.0,158.76,415.38,238.124,158.72,LC4,dend[966],1.0
720575940608088259,404.856,244.756,155.32,404.896,244.9,155.28,LPLC2,dend[627],1.0
720575940606126438,402.896,246.04,155.96,402.808,246.096,155.96,LPLC2,dend[629],0.8800736166909597
720575940606126438,403.236,246.248,155.72,403.264,246.38,155.68,LPLC2,dend[629],0.6518804041896622
720575940606126438,402.768,245.96,155.8,402.704,245.976,155.8,LPLC2,dend[629],0.8673240156732153
720575940624755504,407.6,244.512,152.28,407.592,244.632,152.2,LPLC2,dend[556],1.0
720575940621533867,424.716,306.288,115.36,424.632,306.196,115.36,na,dend[1320],0.4065447403664606
720575940630277175,422.212,282.264,109.44,422.24,282.352,109.44,na,dend[1160],0.5358570817964312
720575940595840920,418.728,271.764,74.04,418.844,271.832,74.0,na,dend[2148],0.6688125249231786
720575940660314241,414.052,288.032,127.96,414.12,287.92,127.96,na,dend[1131],0.47368949935265126
720575940606336213,425.112,243.928,145.96,425.128,244.048,145.96,na,dend[811],0.6547521817761734
720575940625194558,421.016,245.988,144.52,420.976,245.9,144.6,na,dend[643],0.9860561963385983
720575940622996579,509.288,316.036,155.2,509.216,316.008,155.28,na,axon[28],0.6416635412857776
720575940618729350,428.04,268.848,132.32,428.064,268.756,132.32,na,dend[226],1.0
720575940618729350,424.264,274.024,138.28,424.336,273.944,138.28,na,dend[21],0.7634595698907638
720575940629920056,436.668,232.412,144.6,436.62,232.536,144.52,na,dend[777],0.5170170531080354
720575940624666245,413.772,246.464,144.68,413.852,246.576,144.68,na,dend[493],0.4105493285820106
720575940637418549,416.196,280.832,73.68,416.056,280.792,73.64,na,dend[2282],0.8561342938199252
720575940620980323,413.16,278.872,97.16,413.264,278.924,97.16,na,dend[1888],0.8026568833898681
720575940631924584,427.104,280.872,97.32,427.072,280.744,97.32,na,dend[1953],0.4347148112828386
720575940624533956,410.456,280.652,96.72,410.42,280.744,96.68,na,dend[1880],0.8637538354718061
720575940618455791,438.164,238.676,143.08,438.096,238.768,143.08,na,dend[745],0.19958064893328464
720575940628552699,414.176,248.592,143.36,414.256,248.636,143.36,na,dend[486],0.7056661793470913
720575940632381536,402.848,247.0,158.2,402.944,247.028,158.24,na,dend[630],0.6832031577091221
720575940613380914,414.392,248.872,143.4,414.272,248.86,143.28,na,dend[486],0.8197337590286552
720575940613380914,413.804,249.364,143.52,413.836,249.46,143.48,na,dend[489],0.9666646533514331
720575940624666245,414.284,246.892,143.68,414.356,246.968,143.68,na,dend[491],0.7280399559263145
720575940629920056,416.664,246.064,152.52,416.628,245.908,152.56,na,dend[916],1.0
720575940613380914,414.224,249.152,143.68,414.196,249.304,143.68,na,dend[488],0.6046368566841015
720575940624571116,421.836,268.648,105.88,421.752,268.54,105.88,na,dend[140],1.0
720575940610116581,427.2,268.416,133.16,427.176,268.328,133.16,na,dend[254],0.5186398764852422
720575940620980323,418.116,265.656,127.56,418.048,265.608,127.48,na,dend[395],0.3513939316270123
720575940614633867,420.76,266.796,127.56,420.608,266.816,127.52,na,dend[383],0.997404644398062
720575940621838571,410.316,277.404,92.0,410.292,277.292,92.0,na,dend[1908],0.287730050729188
720575940610116581,427.856,268.684,133.6,427.904,268.608,133.6,na,dend[242],0.9350837392177669
720575940617467712,416.58,277.084,125.6,416.508,276.984,125.6,na,dend[176],0.8529709085597867
720575940630713029,430.488,310.228,121.28,430.592,310.264,121.28,na,dend[1448],0.906130227414571
720575940605214636,429.408,309.344,125.16,429.48,309.244,125.16,na,dend[1344],0.8686314390288002
720575940628059722,428.624,266.996,133.16,428.504,266.912,133.16,na,dend[240],0.29743344660590965
720575940620348769,415.528,289.424,103.44,415.424,289.508,103.44,na,dend[1530],0.6569785505331519
720575940622339113,423.528,245.152,140.6,423.448,245.052,140.64,na,dend[1099],0.9915785635616863
720575940624571116,419.864,284.344,93.12,419.772,284.272,93.08,na,dend[1958],0.8414808757211363
720575940630258003,408.956,278.472,93.36,409.072,278.552,93.36,na,dend[1910],1.0
720575940620348769,416.608,289.52,103.72,416.836,289.548,103.72,na,dend[1522],0.12064212404670514
720575940620348769,415.384,289.492,103.76,415.268,289.496,103.76,na,dend[1530],0.895522389360577
720575940621717469,409.128,276.976,93.44,409.2,277.12,93.4,na,dend[1899],0.4036192510356302
720575940630258003,408.844,278.412,93.44,408.916,278.472,93.48,na,dend[1910],1.0
720575940620381575,408.1,247.352,154.0,408.016,247.448,154.0,na,dend[558],0.5115950911541439
720575940621533867,417.62,290.368,103.4,417.688,290.24,103.4,na,dend[1526],1.0
720575940621533867,417.8,290.48,103.64,417.864,290.392,103.64,na,dend[1527],0.5780443434979579
720575940625345328,414.548,286.18,129.84,414.528,286.312,129.84,na,dend[1133],1.0
720575940647966260,418.488,242.864,153.6,418.472,243.024,153.56,na,dend[905],0.9584352588850369
720575940626536720,427.052,274.208,135.32,427.004,274.088,135.36,na,dend[9],0.6022930276625709
720575940635119723,417.116,243.848,151.04,417.232,243.712,151.04,na,dend[920],0.1838614436108899
720575940632008109,407.752,244.052,154.08,407.816,243.936,154.04,na,dend[622],0.5607598988760419
720575940620381575,438.096,233.312,146.16,438.208,233.388,146.12,na,dend[771],0.831850875230583
720575940621717469,411.324,282.124,96.96,411.408,282.052,96.96,na,dend[1781],1.0
720575940620866036,423.328,277.112,96.84,423.28,277.012,96.84,na,dend[1923],0.6845348841914543
720575940611397166,404.296,245.024,161.56,404.492,245.04,161.52,na,dend[588],1.0
720575940574070560,436.44,207.776,145.2,436.42,207.616,145.2,na,dend_11[0],0.474294049177597
720575940637418549,411.488,278.992,79.8,411.452,278.872,79.76,na,dend[2308],0.39781803314635605
720575940603533246,417.208,270.724,96.84,417.244,270.82,96.84,na,dend[2481],0.39204068242265055
720575940396561395,417.32,283.26,97.2,417.28,283.376,97.2,na,dend[1726],0.826289526865367
720575940627410944,417.384,283.212,97.2,417.36,283.292,97.24,na,dend[1726],0.8259221503398337
720575940626928650,420.152,244.864,145.92,420.056,244.744,145.92,na,dend[815],0.5348556943418128
720575940606332629,427.44,271.6,95.84,427.42,271.504,95.84,na,dend[1941],0.36356646232274825
720575940629920056,418.232,261.04,123.24,418.312,260.948,123.2,na,dend[416],0.29207529531130455
720575940621365236,413.668,244.836,145.64,413.768,244.9,145.64,na,dend[495],0.012490924541679603
720575940610116581,440.896,240.352,144.96,440.9,240.204,144.96,na,dend[752],0.8143905159167392
720575940610116581,441.096,240.308,145.08,441.048,240.196,145.08,na,dend[759],0.8368923737967603
720575940610116581,441.36,240.216,145.16,441.32,240.1,145.16,na,dend[758],0.6757314902566065
720575940635116569,415.968,276.856,126.48,415.896,276.792,126.44,na,dend[178],1.0
720575940624666245,413.752,246.336,144.8,413.856,246.436,144.84,na,dend[493],0.48975459171204594
720575940616313942,442.288,239.888,145.88,442.32,239.996,145.88,na,dend[754],0.4331297503320823
720575940628779898,423.592,242.46,145.48,423.512,242.424,145.44,na,dend[971],0.9779887105290056
720575940629920056,439.04,236.152,144.96,439.08,236.26,144.92,na,dend[783],0.5856907003896682
720575940609076693,437.016,237.084,145.88,436.992,237.224,145.88,na,dend[766],0.3913506093439225
720575940629920056,436.2,232.568,144.72,436.048,232.56,144.68,na,dend[777],0.9855944364515121
720575940609076693,435.864,232.544,144.52,435.98,232.54,144.52,na,dend[777],1.0
720575940609522382,428.408,244.436,145.28,428.348,244.34,145.32,na,dend[706],0.35837778599149306
720575940609076693,424.072,245.256,144.8,423.968,245.164,144.76,na,dend[669],0.3225067168501125
720575940627796298,436.368,206.88,145.48,436.352,206.988,145.48,na,dend_11[0],0.4686860466414844
720575940624571116,418.108,274.18,74.4,418.028,274.248,74.4,na,dend[2088],0.9533887117561485
720575940609076693,423.78,245.536,145.4,423.696,245.516,145.44,na,dend[669],0.637525588907364
720575940611904296,421.22,269.924,124.08,421.12,269.844,124.08,na,dend[290],0.33229175331139493
720575940609522382,415.24,275.272,117.12,415.124,275.284,117.08,na,dend[64],0.4759799453556967
720575940628710555,408.664,286.496,94.04,408.736,286.44,94.08,na,dend[1743],0.744332785091075
720575940638622909,418.992,284.228,88.68,419.072,284.168,88.68,na,dend[2507],0.8932193759337667
720575940620348769,411.872,286.884,94.04,411.704,286.892,94.0,na,dend[1748],0.64572739433597
720575940627096957,418.76,244.288,149.04,418.768,244.404,149.0,na,dend[909],0.03771460982633199
720575940618599277,416.9,271.504,124.8,416.784,271.488,124.8,na,dend[304],0.9120045252867751
720575940634571383,415.544,272.168,124.92,415.576,272.044,124.92,na,dend[305],0.4810579588423433
720575940626901136,431.68,304.684,135.28,431.576,304.656,135.32,na,dend[1409],0.4093294028898674
720575940620980323,429.8,280.32,96.52,429.912,280.392,96.56,na,dend[1956],0.0017232286035905992
720575940638603709,419.328,269.824,88.88,419.328,269.952,88.88,na,dend[2422],0.30325473139766723
720575940637471039,422.36,253.788,135.84,422.172,253.856,135.84,na,dend[450],1.0
720575940637471039,422.496,283.788,102.48,422.44,283.852,102.44,na,dend[1634],0.7870307597099222
720575940609084206,425.952,274.116,137.0,425.808,274.016,136.96,na,dend[21],0.14957359023294178
720575940609084206,426.412,274.416,136.64,426.252,274.272,136.64,na,dend[22],0.14688666148808932
720575940628115561,408.836,281.78,75.16,408.896,281.696,75.16,na,dend[2343],0.6135739034784935
720575940609084206,427.888,273.936,137.24,427.908,273.792,137.24,na,dend[12],1.0
720575940632945177,424.688,278.888,93.88,424.692,278.808,93.88,na,dend[1949],1.0
720575940621972009,427.656,273.044,137.28,427.744,273.144,137.28,na,dend[11],0.20345150823818053
720575940627490459,409.696,287.544,106.16,409.712,287.66,106.16,na,dend[1550],0.9822286800642761
720575940635282910,410.74,287.768,103.76,410.616,287.764,103.76,na,dend[1555],0.4871846796069089
720575940622673860,414.244,261.804,117.4,414.144,261.848,117.4,na,dend[371],1.0
720575940627263375,417.06,279.608,106.68,417.24,279.672,106.76,na,dend[1684],0.4211732847379745
720575940620980323,423.52,281.788,110.24,423.504,281.916,110.24,na,dend[1110],0.9401465819941723
720575940605214636,413.696,287.744,132.68,413.592,287.672,132.68,na,dend[1137],1.0
720575940603533246,420.98,274.32,112.36,421.012,274.448,112.36,na,dend[161],0.8499701388386438
720575940609076693,437.508,236.656,145.8,437.624,236.732,145.8,na,dend[766],0.6309780847600133
720575940627201579,412.356,275.244,68.8,412.48,275.184,68.76,na,dend[2222],0.7126814544935924
720575940611904296,418.316,290.676,106.72,418.216,290.624,106.72,na,dend[1606],0.20968278509424076
720575940611904296,418.776,290.572,107.04,418.784,290.412,106.96,na,dend[1519],0.6574001791365831
720575940628059722,428.028,267.504,135.0,428.112,267.592,135.0,na,dend[248],0.9894221318957056
720575940627263375,423.856,295.672,126.72,423.756,295.588,126.68,na,dend[1281],0.29324077302337337
720575940610116581,443.344,240.824,146.08,443.316,240.732,146.04,na,dend[754],0.8745493571423497
720575940612523571,418.92,281.848,90.28,418.816,281.856,90.32,na,dend[1988],0.6433261395972505
720575940603533246,415.232,287.104,104.32,415.112,287.028,104.32,na,dend[1722],0.7616999338670564
720575940638256949,413.364,283.824,97.24,413.336,283.976,97.24,na,dend[1770],0.3612583319680497
720575940627263375,423.332,280.804,95.64,423.292,280.744,95.6,na,dend[1917],0.9764480843921924
720575940626901136,508.132,324.204,163.56,508.128,324.34,163.6,na,axon[4],0.9072103651289399
720575940627201579,410.932,282.36,94.6,410.844,282.32,94.6,na,dend[1782],0.6907187236124818
720575940627490459,407.736,282.488,92.44,407.848,282.472,92.44,na,dend[1840],1.0
720575940617564246,411.752,243.276,151.68,411.812,243.352,151.68,na,dend[516],0.8825414564061802
720575940624571116,418.848,285.96,100.4,418.952,285.896,100.4,na,dend[1724],0.600950812460129
720575940636686170,419.78,281.648,100.32,419.752,281.72,100.32,na,dend[1724],0.6856254605948698
720575940622657684,429.076,304.996,141.64,429.124,305.056,141.6,na,dend[1416],0.6824531119941734
720575940624571116,421.256,279.584,77.8,421.368,279.66,77.8,na,dend[2057],0.9038854429932421
720575940622318599,410.296,286.24,90.6,410.4,286.232,90.6,na,dend[1799],0.888372162219339
720575940614633867,412.412,248.464,149.84,412.268,248.344,149.88,na,dend[502],0.22497106089007066
720575940639241279,420.268,261.892,129.64,420.148,261.852,129.6,na,dend[422],0.5602853894382518
720575940639241279,420.252,262.032,129.52,420.132,261.952,129.52,na,dend[422],0.5633098159453289
720575940628779898,437.016,238.888,144.36,436.956,239.02,144.32,na,dend[739],0.5803480265695625
720575940610638434,421.832,282.74,84.08,421.944,282.672,84.08,na,dend[2000],0.705750349573126
720575940622318599,419.496,275.8,115.4,419.38,275.7,115.36,na,dend[39],0.9547030549802185
720575940609084206,423.54,273.788,138.6,423.696,273.78,138.6,na,dend[21],0.9878732243784906
720575940639241279,422.412,245.792,148.52,422.38,245.656,148.48,na,dend[828],1.0
720575940609268491,422.76,283.776,111.08,422.872,283.796,111.12,na,dend[1110],1.0
720575940618455791,438.096,238.588,143.2,438.176,238.816,143.16,na,dend[745],0.15847298519562392
720575940627490459,412.508,284.768,95.56,412.448,284.656,95.56,na,dend[1738],0.7651395267679456
720575940627490459,412.404,284.88,95.68,412.256,284.864,95.64,na,dend[1738],0.892407752062536
720575940611588835,417.768,265.168,119.48,417.736,265.036,119.48,na,dend[353],0.3915926629054738
720575940611588835,429.176,280.808,112.6,429.068,280.736,112.64,na,dend[1109],0.941519090364315
720575940627096957,420.328,277.188,86.92,420.316,277.04,86.92,na,dend[2401],0.036052512704256294
720575940627410944,429.328,271.4,98.6,429.232,271.32,98.6,na,dend[1943],0.6539461099726488
720575940612523571,421.056,277.764,94.52,421.192,277.712,94.56,na,dend[1931],1.0
720575940627263375,412.4,290.0,102.16,412.384,290.128,102.16,na,dend[1536],1.0
720575940627263375,413.14,290.968,102.4,413.24,290.908,102.36,na,dend[1534],1.0
720575940621717469,419.444,270.676,97.88,419.54,270.792,97.88,na,dend[2492],0.6906251576605692
720575940606336213,422.864,244.844,140.84,422.96,244.928,140.88,na,dend[1099],0.8238246786266294
720575940619405812,417.964,290.4,105.56,418.084,290.452,105.56,na,dend[1520],0.3432172291005481
720575940613603737,421.684,275.136,118.88,421.808,275.064,118.88,na,dend[34],0.8754710099906442
720575940613603737,422.424,275.408,118.12,422.372,275.312,118.08,na,dend[34],0.7773338322691702
720575940620980323,411.924,289.952,104.96,411.792,290.052,104.96,na,dend[1559],0.3582919911724554
720575940621533867,415.88,290.464,102.12,415.864,290.552,102.16,na,dend[1531],0.20664459065056065
720575940605214636,442.36,312.432,131.32,442.296,312.536,131.36,na,dend[1381],0.5366331848283417
720575940639241279,417.528,272.808,118.08,417.516,272.68,118.08,na,dend[271],0.7135055095746841
720575940609268491,419.016,272.772,90.36,419.064,272.856,90.36,na,dend[2445],1.0
720575940627490459,412.328,271.228,120.96,412.24,271.164,120.96,na,dend[322],0.5901205072907547
720575940627096957,419.056,296.836,121.24,419.112,296.672,121.2,na,dend[1276],0.7453214462361867
720575940622671655,422.364,288.08,109.36,422.392,287.952,109.36,na,dend[1185],0.8999927995564715
720575940620694015,424.12,285.832,89.12,424.048,285.756,89.12,na,dend[1977],0.9406055152398024
720575940609673369,418.548,281.18,111.64,418.456,281.22,111.6,na,dend[1170],1.0
720575940605214636,416.856,284.232,108.68,416.928,284.264,108.68,na,dend[1627],0.37318022659847994
720575940636686170,417.976,294.568,108.44,417.984,294.664,108.44,na,dend[1499],0.8317318939672482
720575940624571116,417.452,294.7,108.84,417.424,294.64,108.8,na,dend[1501],0.9538342708991238
720575940635116569,416.632,277.736,108.24,416.636,277.772,108.2,na,dend[1681],1.0
720575940627263375,416.308,279.488,108.16,416.4,279.344,108.12,na,dend[1642],0.9718488465122236
720575940603533246,416.288,286.988,109.56,416.268,286.864,109.52,na,dend[1187],0.9118715574091592
720575940531174833,423.288,245.912,146.28,423.312,245.828,146.28,na,dend[669],1.0
720575940634484581,413.12,287.896,132.68,413.312,287.824,132.6,na,dend[1137],1.0
720575940621838571,420.708,295.52,123.12,420.632,295.588,123.12,na,dend[1278],0.23458393724227758
720575940603533246,416.588,286.796,109.68,416.512,286.716,109.68,na,dend[1187],0.8859695704207354
720575940604653484,420.224,294.452,108.72,420.128,294.52,108.72,na,dend[1224],0.826882122300598
720575940622254375,420.708,299.224,110.84,420.592,299.144,110.8,na,dend[1490],0.7610098736835343
720575940621838571,410.016,280.92,108.84,409.94,281.02,108.84,na,dend[1657],1.0
720575940621717469,418.676,264.496,119.92,418.64,264.34,119.88,na,dend[354],0.6089031779094553
720575940644447511,418.312,264.188,119.72,418.332,264.312,119.72,na,dend[354],0.4063476636753254
720575940604201830,408.936,282.392,90.56,409.008,282.452,90.56,na,dend[1838],0.6378538404783409
720575940627201579,418.88,280.52,112.24,418.784,280.584,112.24,na,dend[1168],0.8788909048092655
720575940609268491,410.132,282.244,90.32,410.036,282.248,90.32,na,dend[1838],0.8281797830366139
720575940618599277,428.468,301.468,140.8,428.58,301.464,140.8,na,dend[1423],0.8523047220434353
720575940624743946,428.72,301.96,140.92,428.744,301.856,140.88,na,dend[1422],0.9736773475856826
720575940610116581,443.744,240.64,146.64,443.696,240.52,146.64,na,dend[755],0.9493033010872975
720575940624743946,428.668,304.076,141.0,428.64,304.216,141.0,na,dend[1415],0.8622771478956724
720575940610116581,443.328,240.708,146.52,443.36,240.616,146.52,na,dend[754],0.9686319829129876
720575940609076693,420.072,248.212,139.76,420.004,248.116,139.76,na,dend[634],0.19959367446816445
720575940611904296,428.02,304.424,139.84,428.108,304.372,139.84,na,dend[1413],0.9148191383309601
720575940624910887,420.88,291.024,113.56,420.788,291.088,113.56,na,dend[1505],1.0
720575940611904296,423.832,294.344,120.92,423.892,294.292,120.96,na,dend[1288],0.7310614219005168
720575940629687824,413.904,232.952,156.92,413.864,233.052,156.88,na,dend[945],0.6635833975016554
720575940611388141,427.616,270.464,136.32,427.76,270.452,136.36,na,dend[247],0.6290808372135146
720575940625778428,414.288,239.616,157.12,414.2,239.54,157.12,na,dend[955],0.37716009189340133
720575940638922099,427.668,268.4,131.36,427.748,268.516,131.4,na,dend[225],0.6748257454914955
720575940623380009,419.728,268.064,120.96,419.684,268.064,120.92,na,dend[313],0.3024056301936551
720575940627263375,418.776,273.94,120.48,418.884,273.976,120.52,na,dend[173],0.8561586353446456
720575940638922099,427.596,268.628,131.72,427.704,268.572,131.68,na,dend[225],0.7826923393863416
720575940606332629,423.768,304.592,114.84,423.632,304.724,114.84,na,dend[1318],0.8909974445355362
720575940617123814,423.824,269.18,120.4,423.868,269.296,120.4,na,dend[285],0.9887693982249297
720575940606227736,422.9,304.8,115.0,422.924,304.92,115.0,na,dend[1478],0.6534335278390747
720575940635116569,414.304,277.748,114.84,414.224,277.676,114.88,na,dend[56],1.0
720575940606227736,422.744,304.744,115.16,422.696,304.852,115.16,na,dend[1478],0.778084252556309
720575940638291133,415.62,290.552,115.52,415.744,290.676,115.48,na,dend[1513],0.19939881589130337
720575940625345328,417.88,294.912,115.52,417.908,294.804,115.52,na,dend[1263],0.7883895921280828
720575940614633867,421.244,274.52,121.4,421.24,274.424,121.44,na,dend[35],0.9709860767459594
720575940609522382,417.844,272.584,117.76,417.744,272.624,117.76,na,dend[271],0.7772661780360149
720575940613603737,419.296,273.6,121.04,419.308,273.736,121.04,na,dend[172],0.8578345281614392
720575940620348769,423.664,268.664,109.6,423.532,268.604,109.6,na,dend[154],0.2129209356123251
720575940613603737,420.232,272.992,121.64,420.124,272.928,121.6,na,dend[182],1.0
720575940633044634,417.148,264.736,128.52,417.352,264.684,128.52,na,dend[395],0.9851860157346568
720575940610116581,428.012,273.232,138.48,427.916,273.168,138.44,na,dend[13],0.44079824222634206
720575940615535209,418.6,269.704,123.8,418.716,269.736,123.8,na,dend[315],0.6981703080418897
720575940606336213,421.968,247.288,138.36,421.976,247.392,138.4,na,dend[636],0.6137651869469027
720575940614840482,425.364,287.528,83.52,425.468,287.528,83.52,na,dend[2024],0.9882555803458682
720575940643439816,420.456,248.048,137.88,420.58,248.108,137.88,na,dend[634],0.36798957199238097
720575940609076693,420.712,247.432,139.6,420.624,247.32,139.6,na,dend[637],0.46677001115314404
720575940609076693,419.2,249.264,139.68,419.128,249.216,139.72,na,dend[473],0.9237319098144524
720575940609076693,419.576,245.08,147.6,419.492,245.044,147.52,na,dend[906],0.8056202430677569
720575940627201579,414.216,274.304,81.2,414.128,274.328,81.24,na,dend[2241],0.5963534817477386
720575940637410394,422.808,302.708,113.2,422.92,302.708,113.2,na,dend[1479],0.699052510726309
720575940621533867,425.66,305.444,113.8,425.524,305.428,113.76,na,dend[1474],0.28617440369622293
720575940620348769,421.484,285.064,113.4,421.62,285.068,113.4,na,dend[1115],0.976210669503273
720575940616809401,424.18,302.96,113.52,424.112,303.068,113.52,na,dend[1318],0.1964617335404428
720575940624134296,421.86,282.464,113.48,422.012,282.392,113.48,na,dend[1113],1.0
720575940603533246,417.468,280.872,81.56,417.38,280.744,81.56,na,dend[2289],0.8878897378898007
720575940628710555,409.236,284.316,82.08,409.34,284.184,82.08,na,dend[2296],0.4955097340499292
720575940635282910,417.612,275.192,81.08,417.676,275.292,81.04,na,dend[2248],0.9820303330461073
720575940632649697,425.044,306.64,118.56,424.948,306.716,118.56,na,dend[1322],0.3221754538785548
720575940620980323,411.844,277.748,95.08,411.752,277.752,95.0,na,dend[1893],0.6549240397430225
720575940627263375,415.22,271.02,94.72,415.144,270.944,94.76,na,dend[2466],1.0
720575940620348769,411.384,286.192,94.6,411.5,286.168,94.56,na,dend[1748],0.13167636059406782
720575940611904296,418.984,282.44,95.04,419.06,282.572,95.0,na,dend[1958],0.2478457042440315
720575940618599277,419.528,279.312,90.12,419.468,279.196,90.12,na,dend[2385],0.6381677301501042
720575940612001489,405.936,245.892,154.72,405.992,245.976,154.72,na,dend[623],0.7634819632691803
720575940633328465,407.96,244.196,154.8,407.98,244.312,154.8,na,dend[620],0.9035262496988384
720575940611904296,428.216,304.252,141.24,428.24,304.16,141.24,na,dend[1419],0.13174782379416822
720575940635545310,423.36,286.404,89.2,423.368,286.26,89.2,na,dend[1976],1.0
720575940641464309,408.04,278.536,100.04,407.884,278.448,100.04,na,dend[1870],0.1585303403815838
720575940632008109,421.68,240.392,155.44,421.668,240.256,155.44,na,dend[868],1.0
720575940632008109,420.852,241.964,155.76,420.724,241.856,155.76,na,dend[883],0.6424805332037533
720575940643439816,409.084,247.876,154.84,409.024,247.816,154.84,na,dend[559],0.8615115906448411
720575940620348769,423.34,275.148,105.12,423.312,275.308,105.12,na,dend[1709],0.9475242426249464
720575940627490459,409.872,287.768,106.68,409.744,287.768,106.68,na,dend[1552],0.31138366536937945
720575940603533246,415.024,281.708,87.0,415.132,281.56,87.0,na,dend[1992],1.0
720575940613603737,423.504,284.4,112.2,423.408,284.36,112.2,na,dend[1115],0.5000623764486727
720575940620980323,422.212,282.516,112.52,422.328,282.488,112.52,na,dend[1112],0.8847377461599562
720575940637471039,410.28,288.232,105.2,410.448,288.224,105.16,na,dend[1548],0.9647313366146503
720575940609084206,425.072,274.024,138.04,425.016,273.912,138.0,na,dend[21],0.5413506147661111
720575940605214636,413.432,298.224,111.0,413.352,298.148,111.04,na,dend[1238],1.0
720575940612153086,420.808,277.124,142.16,420.888,277.188,142.16,na,dend[208],0.7558410511805688
720575940611904296,418.908,282.884,107.2,418.828,282.876,107.2,na,dend[1631],0.7182394478163624
720575940515029613,416.488,246.108,152.68,416.54,246.024,152.68,na,dend[916],1.0
720575940612153086,420.68,277.3,142.28,420.788,277.344,142.24,na,dend[208],0.7707218069225007
720575940625778428,415.04,246.88,141.8,415.06,246.96,141.8,na,dend[484],0.6614064960902036
720575940638622909,416.716,295.0,119.2,416.652,294.888,119.2,na,dend[1272],0.42506843015506096
720575940625778428,414.728,246.616,141.56,414.876,246.64,141.56,na,dend[484],1.0
720575940611904296,415.872,280.388,106.0,415.8,280.28,106.04,na,dend[1686],0.4103321002857684
720575940644447511,416.512,280.064,87.36,416.46,280.128,87.32,na,dend[1990],1.0
720575940611904296,417.528,279.672,106.56,417.456,279.544,106.6,na,dend[1687],0.9541345027082362
720575940611904296,416.576,280.004,106.24,416.544,279.96,106.24,na,dend[1684],0.9692437645693268
720575940635723887,421.232,280.776,77.4,421.372,280.776,77.4,na,dend[2045],0.9331081312085513
720575940623380009,412.212,270.0,117.48,412.184,269.924,117.44,na,dend[342],0.9447521423732791
720575940611588835,418.332,276.08,65.28,418.336,276.22,65.28,na,dend[2100],0.8175440796752642
720575940622339113,407.8,247.508,154.2,407.896,247.384,154.16,na,dend[558],0.49188137981453944
720575940635119723,423.02,243.152,145.6,423.012,243.028,145.6,na,dend[971],0.7155093065082161
720575940623380009,413.612,274.9,116.44,413.76,274.996,116.44,na,dend[67],0.12095360959431607
720575940623380009,413.552,274.98,116.56,413.664,275.12,116.56,na,dend[65],0.8956892612609407
720575940624592217,420.504,249.404,131.72,420.496,249.3,131.68,na,dend[460],0.27734781543029846
720575940628779898,426.128,240.632,147.28,426.036,240.728,147.32,na,dend[1093],0.4636665283708118
720575940623957173,409.28,245.984,151.84,409.252,245.876,151.8,na,dend[553],0.5551597024888081
720575940627263375,410.372,287.48,103.48,410.424,287.376,103.48,na,dend[1555],1.0
720575940627263375,416.456,276.18,116.8,416.44,276.096,116.72,na,dend[72],0.5972484269579057
720575940627263375,424.712,302.632,127.32,424.572,302.696,127.28,na,dend[1326],0.9244830293556241
720575940627263375,407.972,274.048,92.8,407.864,274.032,92.8,na,dend[1905],0.3195255298436215
720575940627263375,421.752,295.948,125.48,421.664,295.872,125.48,na,dend[1278],0.9652192940811554
720575940627263375,420.888,296.792,125.48,421.036,296.652,125.48,na,dend[1282],0.312580677653642
720575940627263375,424.116,295.516,127.0,424.088,295.372,127.0,na,dend[1281],0.7501660862591032
720575940627263375,415.324,286.4,111.4,415.268,286.248,111.44,na,dend[1195],1.0
720575940627263375,417.256,293.908,119.0,417.116,293.82,119.0,na,dend[1269],0.9153016986302711
720575940627263375,424.476,303.284,127.48,424.392,303.184,127.44,na,dend[1326],0.8662769371927409
720575940627263375,416.744,294.384,119.24,416.76,294.508,119.24,na,dend[1272],0.2028446139823087
720575940627263375,420.372,291.988,119.2,420.368,291.78,119.2,na,dend[1301],0.7435371223969734
720575940627263375,418.36,242.256,146.8,418.384,242.152,146.8,na,dend[817],0.9118750705658303
720575940627263375,419.912,296.86,110.4,419.924,296.756,110.4,na,dend[1246],0.2450822761874361
720575940627263375,412.552,281.532,112.96,412.468,281.6,112.96,na,dend[1646],0.6891877033289147
720575940627263375,415.224,279.672,109.88,415.276,279.792,109.88,na,dend[1643],0.4125979255450248
720575940627263375,417.588,268.216,121.48,417.456,268.28,121.44,na,dend[329],0.2640010830917629
720575940627263375,415.856,276.656,115.84,415.924,276.552,115.84,na,dend[41],0.7257174548208345
720575940627263375,416.976,291.476,115.12,417.064,291.42,115.08,na,dend[1510],0.7766554385695472
720575940627263375,416.548,291.66,115.28,416.48,291.536,115.32,na,dend[1512],0.9880396798466645
720575940627263375,414.312,245.068,144.6,414.212,245.164,144.6,na,dend[493],0.6556880205625635
720575940627263375,417.244,294.048,115.28,417.276,293.976,115.32,na,dend[1264],0.8076541155075933
720575940630234684,519.044,319.008,166.72,519.104,318.984,166.72,na,axon[76],1.0
720575940623957173,413.296,284.072,95.96,413.128,283.992,95.96,na,dend[1738],0.22191782894149878
720575940604201830,412.216,284.004,95.44,412.228,284.156,95.4,na,dend[1738],0.7614113491127625
720575940627263375,414.464,245.02,144.96,414.416,245.144,144.92,na,dend[493],0.7154683531173313
720575940635119723,421.84,243.12,144.92,421.888,243.264,144.88,na,dend[971],0.3389776392775381
720575940604201830,411.176,284.448,95.56,411.272,284.528,95.52,na,dend[1740],0.50052160051819
720575940604201830,423.612,306.208,123.4,423.704,306.216,123.44,na,dend[1325],0.28540738893914136
720575940604201830,408.468,275.632,81.4,408.348,275.564,81.44,na,dend[2373],0.9912257512357392
720575940626591875,410.96,244.404,148.04,411.052,244.392,147.96,na,dend[496],0.8837625395956251
720575940604201830,405.8,283.252,91.16,405.776,283.128,91.12,na,dend[1841],0.9373756706278277
720575940626591875,419.616,267.684,121.36,419.488,267.76,121.32,na,dend[316],1.0
720575940623400629,414.384,283.056,78.48,414.296,282.972,78.48,na,dend[2362],0.9552168509686548
720575940626591875,418.556,250.616,131.96,418.612,250.728,131.92,na,dend[465],0.8518131334400194
720575940623400629,418.692,275.36,113.52,418.796,275.304,113.56,na,dend[73],0.7799404718983006
720575940623400629,414.348,283.076,78.96,414.28,282.968,78.96,na,dend[2362],0.6585152323189292
720575940623400629,413.664,283.196,82.88,413.656,283.056,82.84,na,dend[2293],1.0
720575940620813989,428.672,267.272,131.6,428.728,267.396,131.56,na,dend[236],0.8296509791142297
720575940623400629,413.712,278.632,88.88,413.684,278.544,88.88,na,dend[2503],0.5514282523321032
720575940624592217,421.26,250.004,130.96,421.296,249.904,130.96,na,dend[460],0.896570010542344
720575940622112353,424.672,273.9,137.92,424.728,273.804,137.92,na,dend[21],0.6026561782155595
720575940624349993,413.832,274.88,84.24,413.824,274.768,84.24,na,dend[2246],0.9764005028895804
720575940626591875,411.256,245.2,148.52,411.352,245.244,148.52,na,dend[510],0.5464031519157128
720575940638922099,427.252,273.608,136.2,427.136,273.636,136.2,na,dend[10],0.1885797317868108
720575940638922099,427.836,273.628,136.8,427.768,273.52,136.76,na,dend[10],0.7290459335346134
720575940614586170,419.34,276.512,67.36,419.408,276.616,67.36,na,dend[2097],0.4554667629527966
720575940630713029,419.264,301.008,110.12,419.212,300.948,110.12,na,dend[1488],0.2813500864160964
720575940628014974,416.008,279.728,80.2,416.068,279.628,80.2,na,dend[2285],0.9033948612106086
720575940630713029,419.448,292.984,107.76,419.4,292.84,107.76,na,dend[1202],0.665116910990756
720575940624571116,421.168,279.176,79.36,421.08,279.048,79.36,na,dend[2067],1.0
720575940613816062,429.488,309.396,124.44,429.548,309.34,124.48,na,dend[1343],0.7282723535799385
720575940624571116,422.016,280.488,79.16,421.984,280.624,79.16,na,dend[2058],0.6544217469694251
720575940624872179,417.74,287.156,79.0,417.648,287.08,79.0,na,dend[2361],1.0
720575940469803257,413.244,274.456,80.2,413.364,274.444,80.24,na,dend[2237],0.9994273034023757
720575940629669175,414.244,261.412,120.04,414.096,261.324,120.04,na,dend[367],0.6571434705104517
720575940614310802,420.432,273.144,129.76,420.58,273.16,129.76,na,dend[200],0.42739932652936263
720575940627490459,417.584,281.104,113.6,417.668,281.188,113.6,na,dend[1173],0.6481890430695709
720575940634701407,418.82,263.744,116.64,418.676,263.716,116.6,na,dend[358],0.46087965165697475
720575940627490459,409.712,287.268,105.72,409.82,287.28,105.68,na,dend[1553],0.5260712330133414
720575940611388141,428.024,269.796,135.72,427.996,269.664,135.72,na,dend[245],0.6063372285342278
720575940611388141,427.664,269.944,135.96,427.78,269.848,136.0,na,dend[245],0.7291319205078917
720575940624743946,429.724,304.616,135.2,429.84,304.576,135.16,na,dend[1410],0.1602198659909326
720575940631924584,428.164,268.648,130.32,428.032,268.624,130.28,na,dend[225],0.2561569279987266
720575940609522382,421.756,275.48,135.88,421.664,275.572,135.84,na,dend[208],0.02217732800435742
720575940630521292,426.516,274.132,136.12,426.52,274.024,136.08,na,dend[9],0.8791272892767362
720575940634826676,426.992,273.616,134.56,427.064,273.668,134.52,na,dend[9],0.32270689300868854
720575940616415003,512.76,315.82,151.8,512.816,315.676,151.8,na,axon[29],0.7067719666675504
720575940616415003,512.524,315.732,152.0,512.448,315.628,152.04,na,axon[29],0.6484999265100155
720575940637471039,429.432,310.152,122.44,429.576,310.14,122.4,na,dend[1335],0.8247302246515252
720575940637471039,417.692,262.736,128.44,417.612,262.796,128.44,na,dend[397],1.0
720575940637471039,431.452,305.856,134.0,431.384,305.832,133.96,na,dend[1402],0.6098816099765327
720575940637471039,427.16,308.592,122.88,427.128,308.712,122.88,na,dend[1455],0.08997666652465279
720575940637471039,426.072,307.26,123.92,426.12,307.188,123.96,na,dend[1455],0.9046782630127727
720575940637471039,420.492,272.66,130.08,420.424,272.668,130.08,na,dend[200],0.6908358516790939
720575940627490459,414.748,274.68,117.12,414.8,274.784,117.08,na,dend[70],1.0
720575940627490459,425.972,269.752,126.88,425.96,269.64,126.8,na,dend[222],0.28009734171948203
720575940614633867,417.944,255.944,135.84,418.028,255.888,135.72,na,dend[448],0.8876304651271587
720575940627490459,414.044,271.44,125.56,414.012,271.548,125.56,na,dend[308],0.16601944207626823
720575940628059722,427.864,267.64,135.0,427.88,267.756,135.0,na,dend[248],0.7859006123038523
720575940639241279,420.952,255.476,135.04,420.896,255.344,135.04,na,dend[447],0.8783604017574689
720575940629669175,419.988,255.952,134.76,419.92,255.864,134.76,na,dend[447],0.5114092083646485
720575940621838571,420.824,250.872,135.12,420.732,250.86,135.12,na,dend[455],0.9232511564126492
720575940625345328,418.212,254.944,136.04,418.296,255.016,136.04,na,dend[448],0.7792980371497736
720575940609076693,419.272,253.516,135.32,419.376,253.536,135.32,na,dend[453],0.012952144323726517
720575940606336213,420.68,251.136,135.28,420.596,251.164,135.24,na,dend[454],0.7530377214124832
720575940640172221,431.096,233.948,151.16,431.184,234.004,151.16,na,dend[1068],0.973200309976002
720575940628894251,448.088,315.704,135.72,448.18,315.828,135.68,na,dend[1366],0.36449469600770457
720575940609076693,439.844,240.072,145.08,439.744,240.024,145.0,na,dend[751],0.7536844942316652
720575940616633925,412.752,281.616,111.68,412.612,281.532,111.68,na,dend[1646],0.35296134036177546
720575940632945177,412.704,280.96,111.12,412.6,280.928,111.12,na,dend[1646],0.1985686404995664
720575940611588835,415.912,271.336,91.8,415.864,271.432,91.76,na,dend[2493],0.9918180056180165
720575940606332629,427.124,271.788,95.92,426.992,271.716,95.92,na,dend[1941],0.2220494488276936
720575940610638434,420.828,284.84,96.44,420.748,284.764,96.48,na,dend[1728],0.5746689443853187
720575940625673196,448.228,318.328,145.84,448.204,318.208,145.84,na,dend[1377],0.5101166351720507
720575940603533246,415.02,286.912,105.08,415.052,286.784,105.04,na,dend[1722],1.0
720575940610116581,440.728,240.248,145.16,440.72,240.112,145.16,na,dend[752],0.6677585204110629
720575940617564246,411.936,243.068,151.6,412.076,243.088,151.6,na,dend[518],1.0
720575940632945177,418.196,272.028,97.0,418.288,271.992,97.0,na,dend[2479],0.8831999051627412
720575940620348769,418.256,271.856,96.12,418.208,271.736,96.08,na,dend[2478],0.8547943072542157
720575940606336213,437.84,233.416,145.92,437.964,233.372,145.96,na,dend[771],0.8544217879242051
720575940627263375,423.448,280.792,95.8,423.412,280.652,95.8,na,dend[1917],1.0
720575940617716566,413.532,288.296,96.6,413.568,288.212,96.6,na,dend[1764],0.653128590392219
720575940637471039,431.568,306.516,133.76,431.5,306.6,133.76,na,dend[1402],0.08612432278838941
720575940626901136,414.924,280.088,97.12,414.848,280.02,97.12,na,dend[1913],1.0
720575940609268491,415.888,278.204,97.28,415.788,278.168,97.28,na,dend[1778],0.8037243126675139
720575940606336213,437.752,233.16,145.56,437.796,233.04,145.56,na,dend[774],0.0739020646705893
720575940609076693,441.552,239.812,145.52,441.584,239.916,145.48,na,dend[754],0.09395364734417634
720575940640172221,435.288,231.584,150.8,435.232,231.412,150.8,na,dend[1056],0.8422833575887348
720575940627263375,408.072,281.312,95.4,407.952,281.312,95.44,na,dend[1845],0.8231125706443221
720575940603533246,408.208,280.824,95.68,408.152,280.716,95.72,na,dend[1854],0.8629013020488779
720575940611904296,429.224,305.66,141.84,429.312,305.592,141.8,na,dend[1417],1.0
720575940637418549,413.232,287.664,95.16,413.152,287.752,95.16,na,dend[1760],1.0
720575940627263375,417.848,283.436,92.2,417.908,283.52,92.2,na,dend[1975],0.6588817525755702
720575940611904296,429.16,305.064,141.24,429.232,305.004,141.24,na,dend[1416],0.5782603798518454
720575940610116581,432.52,244.836,150.2,432.528,244.92,150.2,na,dend[800],0.524776213260296
720575940621819630,437.224,239.544,144.6,437.104,239.44,144.56,na,dend[738],0.9633488063661856
720575940635119723,436.668,237.596,145.52,436.62,237.716,145.52,na,dend[766],0.21439972882115638
720575940610116581,432.824,245.456,150.24,432.688,245.376,150.24,na,dend[800],0.8012311039194318
720575940620813989,426.712,268.104,133.12,426.696,268.224,133.16,na,dend[254],0.7699885187923767
720575940617716566,414.112,282.868,97.36,413.976,282.88,97.36,na,dend[1736],0.4314122217972404
720575940610116581,432.764,245.608,150.28,432.632,245.584,150.28,na,dend[800],0.9346707790157444
720575940628779898,435.988,239.1,145.84,435.888,239.156,145.84,na,dend[736],0.8432586006946466
720575940639241279,439.496,236.216,144.88,439.416,236.276,144.84,na,dend[783],0.6805278319983808
720575940637471039,418.412,281.988,100.16,418.28,282.02,100.16,na,dend[1724],0.8272286991763881
720575940501957694,420.152,242.744,145.2,420.232,242.672,145.24,na,dend[816],0.4475838126051609
720575940605214636,422.28,273.608,127.08,422.22,273.496,127.08,na,dend[218],0.4432999768891098
720575940604201830,448.032,315.208,134.96,448.044,315.324,134.96,na,dend[1366],0.04246243254075754
720575940609076693,435.816,232.56,144.68,435.888,232.54,144.72,na,dend[781],0.6073808311745996
720575940624592217,419.492,236.624,155.4,419.416,236.696,155.4,na,dend[856],0.5485447219038123
720575940627420668,419.004,257.112,134.24,418.936,256.96,134.24,na,dend[441],0.6602813224310691
720575940617564246,411.764,243.72,151.44,411.884,243.82,151.44,na,dend[516],0.7110914740497238
720575940624571116,418.072,285.536,100.32,418.056,285.488,100.28,na,dend[1724],0.7104229729500051
720575940617467712,410.512,275.572,90.12,410.48,275.46,90.08,na,dend[2380],0.9558560345666601
720575940638680654,411.828,286.152,121.0,411.908,286.252,121.04,na,dend[1124],1.0
720575940623400629,416.1,278.684,108.04,416.324,278.628,107.96,na,dend[1675],0.46578101688419443
720575940624872179,420.652,281.992,84.56,420.516,282.128,84.6,na,dend[2000],0.33622140358128644
720575940625483962,426.016,280.336,116.4,426.064,280.22,116.4,na,dend[1105],0.7928667500218756
720575940628894251,425.86,281.62,117.0,425.956,281.532,116.96,na,dend[1107],0.980389040522172
720575940639811469,432.172,304.408,135.92,432.08,304.308,135.88,na,dend[1409],0.9484514548764703
720575940609076693,412.392,247.236,149.88,412.492,247.184,149.84,na,dend[499],1.0
720575940625483962,426.36,280.232,116.64,426.408,280.152,116.6,na,dend[1105],0.6892281725843584
720575940622657684,429.176,305.116,141.84,429.248,305.24,141.84,na,dend[1416],0.87704369094771
720575940609268491,415.412,271.664,66.6,415.324,271.712,66.56,na,dend[2197],0.7064579535402788
720575940612523571,419.736,281.504,100.4,419.776,281.672,100.36,na,dend[1724],0.6748833187124804
720575940640597237,420.572,286.66,95.24,420.436,286.616,95.24,na,dend[1730],1.0
720575940605214636,428.64,306.584,134.36,428.54,306.472,134.36,na,dend[1432],0.8092842694202258
720575940611388141,427.904,269.132,134.76,427.908,269.0,134.76,na,dend[245],0.15082425219287887
720575940627490459,414.696,271.672,125.64,414.776,271.776,125.6,na,dend[307],1.0
720575940627490459,442.68,311.76,131.72,442.72,311.86,131.68,na,dend[1382],0.793067202151778
720575940605214636,442.392,313.34,130.68,442.348,313.42,130.68,na,dend[1358],0.4608703242405665
720575940637471039,419.552,278.048,82.84,419.68,277.956,82.8,na,dend[2065],0.6606810310238218
720575940639241279,419.796,260.944,130.64,419.664,260.856,130.64,na,dend[429],0.5998432604179996
720575940614633867,418.472,263.272,129.72,418.484,263.152,129.68,na,dend[419],1.0
720575940626591875,412.036,287.74,111.84,412.056,287.864,111.88,na,dend[1208],0.9495143667285596
720575940606332629,419.836,287.712,96.16,419.704,287.66,96.2,na,dend[1729],0.592250193079205
720575940604653484,430.512,279.544,115.0,430.416,279.48,115.0,na,dend[1104],1.0
720575940628059722,429.044,267.324,134.16,428.964,267.452,134.12,na,dend[250],1.0
720575940637471039,415.292,276.632,101.04,415.376,276.752,101.04,na,dend[1775],0.9640200050997103
720575940617552541,428.756,267.6,134.2,428.868,267.524,134.2,na,dend[250],0.9189308262121756
720575940628059722,428.712,266.844,133.28,428.608,266.776,133.28,na,dend[240],0.5090782003962369
720575940606336213,420.672,250.944,135.88,420.644,251.096,135.84,na,dend[453],0.9942090552138699
720575940600523132,418.528,295.452,114.44,418.624,295.464,114.44,na,dend[1260],0.6895625703942121
720575940626901136,413.392,287.812,97.2,413.368,287.932,97.2,na,dend[1764],0.8829713953130595
720575940643439816,409.216,247.704,154.92,409.104,247.736,154.96,na,dend[559],0.8293017419781721
720575940618599277,416.488,272.3,92.4,416.368,272.24,92.36,na,dend[2462],0.1703505989809852
720575940618599277,416.488,272.044,92.4,416.364,272.048,92.4,na,dend[2462],0.26213836525483125
720575940620122561,408.648,281.712,87.0,408.716,281.86,87.0,na,dend[2368],0.9784600176171896
720575940609076693,436.196,232.576,152.08,436.072,232.584,152.08,na,dend[1053],0.46757085558884953
720575940610669644,417.872,260.728,123.76,417.848,260.88,123.72,na,dend[414],0.8955233438492523
720575940610669644,418.032,260.74,123.6,418.024,260.884,123.6,na,dend[416],0.052769644413160136
720575940622123981,416.976,278.608,88.16,417.02,278.508,88.12,na,dend[2505],0.28958650840885325
720575940609076693,440.376,239.888,145.16,440.492,240.028,145.12,na,dend[752],0.4181045687585924
720575940618599277,416.856,271.496,124.64,416.784,271.576,124.64,na,dend[304],0.8112573378852725
720575940637663662,414.712,289.964,101.6,414.728,289.872,101.6,na,dend[1598],0.5033578556113032
720575940619709972,420.472,239.068,154.8,420.468,239.192,154.8,na,dend[852],0.5384187817235145
720575940635116569,415.852,283.46,109.12,415.776,283.608,109.12,na,dend[1628],0.37525624415041714
720575940591134836,421.304,242.696,154.4,421.228,242.696,154.36,na,dend[845],0.24535481117473645
720575940634571383,415.06,272.348,125.16,415.016,272.204,125.16,na,dend[305],0.796936936546576
720575940629310970,416.696,260.992,123.16,416.772,261.104,123.2,na,dend[415],0.9271245199174479
720575940624562618,420.08,278.144,105.28,420.148,278.256,105.28,na,dend[1693],0.4588576613691581
720575940632945177,431.656,304.36,135.24,431.696,304.436,135.28,na,dend[1409],0.503463111997007
720575940621717469,416.188,288.672,102.36,416.08,288.668,102.36,na,dend[1522],0.7974447116937867
720575940631663052,429.012,301.912,141.68,428.928,301.824,141.64,na,dend[1424],0.4563715009916599
720575940626901136,431.744,304.524,135.32,431.712,304.472,135.36,na,dend[1409],0.5332383761163434
720575940621976097,423.872,243.1,151.96,423.8,243.176,151.88,na,dend[904],0.9502107367620264
720575940627201579,411.128,280.312,79.64,411.112,280.184,79.6,na,dend[2359],0.6911807527138955
720575940622112353,427.888,269.248,135.28,428.016,269.256,135.28,na,dend[245],0.3709730578140229
720575940637471039,418.16,276.76,88.08,418.176,276.852,88.12,na,dend[2395],0.7798958111851522
720575940612523571,422.028,284.124,90.64,422.012,284.224,90.64,na,dend[1976],0.5466046316925679
720575940634086169,414.528,266.88,119.84,414.536,267.024,119.84,na,dend[330],0.13079895471788425
720575940635282910,422.936,271.572,122.6,423.024,271.5,122.56,na,dend[184],0.9878976296426651
720575940620348769,423.648,286.3,109.6,423.628,286.232,109.64,na,dend[1185],0.3564432722991822
720575940639241279,414.852,275.568,116.72,414.776,275.568,116.8,na,dend[64],0.39205633987191507
720575940609673369,418.748,281.112,111.84,418.632,281.024,111.84,na,dend[1169],1.0
720575940614840891,422.256,282.348,113.72,422.24,282.32,113.64,na,dend[1113],1.0
720575940612146174,420.176,282.92,90.6,420.056,282.92,90.6,na,dend[1988],0.37164868516920924
720575940620348769,421.508,285.232,113.64,421.58,285.164,113.64,na,dend[1118],0.862642546985884
720575940476053746,419.164,280.592,112.0,419.128,280.604,111.96,na,dend[1168],0.49811497367051294
720575940615528678,408.036,246.572,153.6,407.892,246.484,153.56,na,dend[557],0.2763240360343813
720575940632945177,420.056,295.704,122.44,420.016,295.824,122.44,na,dend[1277],0.9628533839725218
720575940638680654,415.66,272.732,88.96,415.736,272.68,88.96,na,dend[2456],0.7118859922931772
720575940609084206,426.132,274.08,136.88,426.028,274.04,136.84,na,dend[21],0.0714764804877979
720575940609076693,407.704,246.592,153.56,407.652,246.512,153.6,na,dend[557],0.4873916298139198
720575940609673369,419.188,280.72,112.08,419.084,280.692,112.08,na,dend[1168],0.5881092757989932
720575940632649697,422.42,304.768,115.36,422.492,304.848,115.36,na,dend[1478],0.896873859713397
720575940635282910,419.624,270.88,120.32,419.664,270.992,120.32,na,dend[283],0.5188825390263249
720575940628115561,408.776,281.788,75.32,408.848,281.716,75.32,na,dend[2343],0.931140321406119
720575940380396650,418.904,271.884,120.8,418.82,271.828,120.84,na,dend[287],0.9546794416588573
720575940627263375,410.368,287.64,103.64,410.476,287.64,103.68,na,dend[1555],0.6505969862424336
720575940615535209,419.32,267.828,122.4,419.2,267.776,122.44,na,dend[378],0.3549712904189941
720575940635116569,418.664,279.968,107.08,418.732,279.84,107.04,na,dend[1640],0.9562768169928706
720575940628942340,431.416,285.016,110.04,431.252,285.004,110.0,na,dend[1157],1.0
720575940622996579,509.208,316.432,155.12,509.152,316.436,155.12,na,axon[28],0.6195684118823663
720575940621838571,410.464,287.78,104.16,410.572,287.864,104.12,na,dend[1543],0.9669150603248088
720575940634701407,418.768,263.58,116.84,418.656,263.488,116.8,na,dend[358],0.7769128031996153
720575940611904296,430.944,306.944,132.48,431.048,306.972,132.48,na,dend[1401],0.18119592802973805
720575940639241279,415.672,275.964,116.24,415.72,276.096,116.24,na,dend[63],0.4342676265745526
720575940632945177,410.208,281.728,108.84,410.132,281.632,108.84,na,dend[1653],0.3467606818156849
720575940632945177,410.292,281.64,109.0,410.264,281.52,109.04,na,dend[1653],0.1863016533028678
720575940636686170,417.752,294.544,108.44,417.672,294.64,108.48,na,dend[1499],0.936606793658983
720575940622673860,418.56,264.944,116.68,418.58,264.816,116.64,na,dend[357],0.20291005388865027
720575940624704393,421.732,285.048,110.16,421.744,285.176,110.16,na,dend[1176],0.46952541421514543
720575940589571852,419.172,295.668,110.44,419.18,295.584,110.4,na,dend[1245],0.4471619067748185
720575940589571852,419.368,296.008,110.48,419.476,296.004,110.44,na,dend[1245],0.7393766452748283
720575940621717469,421.192,270.592,121.08,421.14,270.696,121.08,na,dend[282],0.7352111403476357
720575940618599277,420.032,296.292,122.68,420.06,296.16,122.64,na,dend[1277],0.9649163309626426
720575940643795492,415.276,266.252,119.52,415.18,266.264,119.48,na,dend[346],0.5105787089380861
720575940609076693,426.272,244.348,147.48,426.304,244.24,147.52,na,dend[813],0.8694534111795227
720575940604201830,408.992,282.384,90.4,409.168,282.4,90.36,na,dend[1838],0.7207535531678928
720575940605214636,412.412,281.08,110.4,412.516,281.044,110.44,na,dend[1644],0.7292567077961679
720575940624767434,429.904,285.728,110.32,429.848,285.604,110.32,na,dend[1158],0.9011023707970701
720575940621717469,417.872,290.904,106.76,417.972,290.928,106.76,na,dend[1606],0.913447104642934
720575940624571116,419.132,276.152,86.32,419.14,276.02,86.32,na,dend[2500],0.7817536923680388
720575940622254375,421.008,299.212,110.48,420.984,299.124,110.48,na,dend[1482],0.9334005513405322
720575940622254375,420.92,299.16,110.6,420.888,299.04,110.6,na,dend[1482],0.9041566733692239
720575940627420668,421.112,277.124,86.68,420.96,276.992,86.68,na,dend[2401],0.17852442239439917
720575940620980323,412.748,274.724,68.48,412.728,274.864,68.48,na,dend[2222],0.27194481964130723
720575940603533246,412.624,286.32,92.8,412.48,286.24,92.76,na,dend[1765],0.989222517967128
720575940609522382,424.828,270.688,125.84,424.832,270.6,125.84,na,dend[194],0.8275139251751209
720575940623957173,415.868,247.236,142.92,415.828,247.312,142.92,na,dend[485],0.40260741014538387
720575940429968050,417.12,266.096,126.72,417.252,266.1,126.64,na,dend[394],1.0
720575940639241279,420.696,269.528,121.2,420.624,269.44,121.16,na,dend[288],0.5569161179240981
720575940639241279,423.192,271.204,121.32,423.208,271.312,121.32,na,dend[184],0.6863730558517651
720575940609076693,419.148,244.832,148.64,419.16,244.704,148.64,na,dend[908],0.49511160054018455
720575940625345328,422.724,271.248,121.44,422.788,271.328,121.44,na,dend[184],0.6091487435039208
720575940638622909,426.432,269.272,127.48,426.336,269.328,127.52,na,dend[222],0.45333009339375197
720575940634599792,431.42,273.688,132.12,431.364,273.728,132.04,na,dend[24],0.9491123753210092
720575940609076693,432.852,242.368,148.72,432.876,242.476,148.72,na,dend[797],0.9060578441939736
720575940603533246,410.328,283.892,82.76,410.28,283.972,82.76,na,dend[2295],0.860594922875391
720575940618392912,423.348,271.56,121.32,423.2,271.46,121.32,na,dend[184],0.6811035339036098
720575940621823100,421.564,285.548,110.0,421.652,285.576,110.0,na,dend[1185],0.4484375315414185
720575940628710555,409.288,283.984,82.44,409.428,283.996,82.4,na,dend[2296],0.24519444274630356
720575940617552541,428.388,267.688,135.12,428.28,267.664,135.12,na,dend[248],1.0
720575940617552541,428.332,267.968,135.12,428.224,268.024,135.12,na,dend[248],0.6910114030509811
720575940621717469,428.784,304.18,139.72,428.692,304.132,139.76,na,dend[1413],0.7995598050238433
720575940620980323,422.908,271.784,122.88,423.04,271.736,122.92,na,dend[263],0.6670363289212417
720575940612523571,422.264,284.544,89.92,422.28,284.672,89.92,na,dend[1976],0.6851060110853898
720575940610116581,426.904,268.856,129.76,427.024,268.824,129.72,na,dend[222],0.903541689279384
720575940614310802,420.492,269.048,122.24,420.424,269.104,122.24,na,dend[295],0.49811593019514433
720575940636679989,411.604,286.644,121.96,411.584,286.536,122.0,na,dend[1125],0.9565592324011628
720575940609076693,419.916,248.396,139.76,419.808,248.328,139.76,na,dend[473],1.0
720575940614786845,411.092,282.084,95.12,410.968,282.108,95.12,na,dend[1782],0.5394180639828385
720575940612161936,418.576,275.424,115.12,418.612,275.336,115.16,na,dend[39],1.0
720575940637471039,416.992,295.404,120.56,416.928,295.336,120.52,na,dend[1293],0.6789823213318246
720575940611904296,428.116,304.188,141.04,428.136,304.108,141.08,na,dend[1419],0.08731307501844754
720575940611904296,428.224,304.304,141.04,428.328,304.256,141.04,na,dend[1415],0.8745040196801094
720575940603533246,423.456,294.096,121.0,423.488,294.212,120.96,na,dend[1288],0.5887539634477462
720575940621320924,433.232,242.656,148.88,433.12,242.572,148.92,na,dend[804],0.14104564047849025
720575940638214461,426.992,309.496,121.32,427.096,309.552,121.32,na,dend[1452],0.3535602319690027
720575940639241279,412.804,275.512,116.8,412.78,275.404,116.8,na,dend[66],1.0
720575940646400644,420.776,284.596,90.96,420.832,284.6,91.0,na,dend[1976],0.3861923770681106
720575940493735396,418.224,288.168,91.36,418.144,288.18,91.36,na,dend[1967],0.6707747047258533
720575940605214636,429.052,309.22,125.08,429.148,309.104,125.08,na,dend[1343],1.0
720575940643439816,416.624,277.072,125.12,416.64,276.936,125.04,na,dend[176],0.42900289042679773
720575940625778428,414.7,239.956,158.56,414.736,240.076,158.56,na,dend[967],0.2864226810596248
720575940632381536,435.828,234.4,149.84,435.804,234.452,149.88,na,dend[1040],0.45665631676398094
720575940621533867,427.7,309.136,120.32,427.688,309.056,120.4,na,dend[1330],0.9040971305533797
720575940611904296,423.464,294.44,120.88,423.368,294.42,120.92,na,dend[1288],0.49884953790596287
720575940617467712,417.984,249.536,138.36,418.108,249.536,138.36,na,dend[475],0.5239861184644863
720575940621717469,420.584,291.252,113.32,420.596,291.112,113.36,na,dend[1505],0.9010021218133103
720575940627201579,420.064,291.636,119.0,420.2,291.64,118.96,na,dend[1301],0.5232811831148357
720575940643795492,410.216,278.968,110.36,410.152,279.008,110.28,na,dend[1662],0.7437304590557652
720575940621717469,420.296,292.412,117.84,420.304,292.52,117.84,na,dend[1295],1.0
720575940621717469,421.04,265.376,118.64,421.068,265.496,118.64,na,dend[376],1.0
720575940605214636,432.368,309.572,128.48,432.504,309.536,128.48,na,dend[1395],0.2762245923277895
720575940641363957,410.896,276.036,100.52,410.808,276.12,100.56,na,dend[1862],0.7650013659568877
720575940627490459,433.804,309.92,128.68,433.704,309.888,128.72,na,dend[1442],0.8322026715145178
720575940611588835,433.824,308.148,128.52,433.752,308.192,128.48,na,dend[1397],1.0
720575940627490459,433.584,309.604,128.52,433.484,309.58,128.52,na,dend[1442],0.5704027479183343
720575940610638434,423.608,268.148,73.88,423.568,267.976,73.92,na,dend[2136],1.0
720575940627803241,418.772,275.056,115.44,418.816,275.172,115.4,na,dend[39],0.9720529548279732
720575940605214636,432.424,309.528,128.72,432.556,309.448,128.68,na,dend[1395],0.4301345774744969
720575940629687824,414.304,233.148,156.6,414.332,233.272,156.6,na,dend[946],0.8750639017337991
720575940610116581,427.88,270.592,136.64,427.752,270.596,136.6,na,dend[247],0.8798449611586666
720575940611388141,424.504,273.736,138.6,424.468,273.872,138.56,na,dend[21],0.7826660218984336
720575940621717469,414.984,290.316,110.76,414.892,290.308,110.76,na,dend[1205],0.6793733190107422
720575940629687824,414.056,233.3,156.52,414.04,233.404,156.52,na,dend[944],0.9617066587959909
720575940632008109,414.848,243.42,156.6,414.76,243.5,156.6,na,dend[931],0.8565951531621012
720575940625778428,414.504,239.656,157.0,414.404,239.74,156.96,na,dend[955],0.25601660945926935
720575940380306648,418.756,273.984,120.64,418.912,273.98,120.68,na,dend[173],0.6028425235319302
720575940606332629,427.64,308.216,120.44,427.712,308.288,120.48,na,dend[1330],0.7907210058998722
720575940629133071,428.504,309.336,136.12,428.46,309.28,136.16,na,dend[1437],1.0
720575940613603737,419.636,272.908,120.72,419.744,272.832,120.72,na,dend[172],0.5035694853877408
720575940627263375,415.248,270.6,120.48,415.244,270.536,120.56,na,dend[320],0.24612097414560108
720575940611904296,427.408,303.448,137.2,427.452,303.52,137.24,na,dend[1427],0.38481108241870454
720575940609084206,425.232,273.992,137.76,425.16,273.904,137.76,na,dend[21],0.46160664563285037
720575940622112353,425.192,273.804,137.32,425.312,273.848,137.4,na,dend[21],0.35936463997256785
720575940602380768,422.944,305.576,115.16,423.048,305.584,115.16,na,dend[1478],0.5891079669343245
720575940618392912,425.784,281.276,115.32,425.884,281.208,115.32,na,dend[1107],0.670676231889605
720575940621717469,414.712,272.348,115.72,414.66,272.272,115.76,na,dend[275],0.8521728286523402
720575940627803241,417.168,283.052,108.72,417.256,282.96,108.72,na,dend[1629],0.436799584744825
720575940628710555,406.188,284.26,86.36,406.236,284.072,86.36,na,dend[1829],0.9533650763915599
720575940625483962,426.336,281.612,108.36,426.372,281.7,108.32,na,dend[1155],1.0
720575940625483962,425.944,281.384,108.84,425.948,281.516,108.84,na,dend[1155],1.0
720575940635282910,421.392,272.816,121.6,421.328,272.736,121.6,na,dend[171],1.0
720575940616794985,425.88,281.376,109.0,425.948,281.488,109.04,na,dend[1155],1.0
720575940614633867,421.32,274.512,121.6,421.256,274.408,121.56,na,dend[35],1.0
720575940614633867,421.624,274.22,121.76,421.504,274.196,121.76,na,dend[36],0.9450014613081147
720575940614633867,423.904,270.824,124.28,423.924,270.752,124.24,na,dend[192],0.4889131946123852
720575940611277293,424.04,300.8,110.48,424.048,300.708,110.44,na,dend[1481],0.4628100009999935
720575940620348769,420.24,281.036,110.48,420.284,281.132,110.48,na,dend[1165],0.6704190442585405
720575940604653484,417.968,264.696,127.96,417.92,264.676,127.92,na,dend[395],0.7632963839552839
720575940633044634,424.212,301.0,109.6,424.272,301.116,109.6,na,dend[1481],0.8644484037241666
720575940646341486,429.084,303.4,137.84,428.936,303.368,137.84,na,dend[1410],0.870566945816125
720575940627803241,418.772,269.676,123.48,418.648,269.704,123.48,na,dend[315],0.54350625494602
720575940624743946,427.768,302.864,138.2,427.644,302.888,138.16,na,dend[1412],0.5492926740481422
720575940536132501,418.98,250.824,132.44,419.112,250.844,132.44,na,dend[464],0.5763725206835153
720575940625146122,426.576,308.616,122.24,426.668,308.728,122.24,na,dend[1453],0.5636227102370645
720575940610116581,421.656,276.768,139.24,421.608,276.648,139.24,na,dend[208],0.40929263772909175
720575940536132501,419.104,250.864,132.52,419.268,250.828,132.56,na,dend[464],0.37488654947738287
720575940606336213,431.188,242.66,147.16,431.268,242.756,147.16,na,dend[795],0.9931159886167812
720575940628267264,418.492,273.656,131.48,418.548,273.568,131.48,na,dend[214],0.9296437507440105
720575940620122561,417.364,286.528,78.96,417.264,286.572,78.96,na,dend[2361],0.8790766608482696
720575940609076693,431.264,242.976,147.48,431.38,243.016,147.44,na,dend[795],0.640708961960989
720575940627263375,412.32,286.68,131.64,412.256,286.772,131.64,na,dend[1146],0.6907362021526101
720575940617552541,430.496,267.996,131.96,430.432,268.096,131.96,na,dend[231],0.4990279800000871
720575940611388141,425.524,272.528,139.92,425.608,272.596,139.92,na,dend[17],1.0
720575940624571116,415.856,273.352,74.84,415.864,273.432,74.84,na,dend[2150],0.8847655847313557
720575940628894251,449.0,316.92,138.12,449.08,316.916,138.08,na,dend[1367],0.296643735273196
720575940613603737,423.496,283.756,112.92,423.4,283.72,112.92,na,dend[1115],0.5342852048960741
720575940620694015,422.968,302.212,113.52,423.0,302.316,113.48,na,dend[1479],0.9581185811060454
720575940613603737,423.352,283.676,113.0,423.328,283.692,112.96,na,dend[1115],0.5478119936488208
720575940613603737,423.12,283.432,113.16,423.032,283.452,113.12,na,dend[1111],0.7596344026036355
720575940606336213,422.04,245.36,140.24,421.984,245.328,140.2,na,dend[637],1.0
720575940628894251,415.152,287.956,128.48,415.036,287.988,128.52,na,dend[1131],0.8666373114177327
720575940621717469,417.992,270.056,98.8,417.844,269.96,98.8,na,dend[2489],0.20929589816651073
720575940628710555,409.288,284.24,82.2,409.392,284.152,82.2,na,dend[2296],0.40042820657793804
720575940620348769,415.984,272.392,89.48,415.976,272.264,89.48,na,dend[2452],0.8646285338594099
720575940628710555,408.728,286.656,94.2,408.864,286.588,94.24,na,dend[1742],1.0
720575940627420668,422.048,245.74,139.44,421.948,245.672,139.48,na,dend[637],0.9158072608077161
720575940619709972,407.084,245.384,155.72,407.02,245.24,155.72,na,dend[563],0.3168992035147121
720575940637471039,409.884,287.94,105.6,409.844,287.82,105.6,na,dend[1549],0.8609520292076808
720575940617552541,428.336,267.84,134.76,428.26,267.744,134.76,na,dend[248],0.8575945364422396
720575940606332629,418.744,297.248,107.0,418.756,297.348,107.0,na,dend[1492],0.5994439940816444
720575940622254375,417.972,297.904,107.24,418.0,297.776,107.24,na,dend[1492],0.7269145480270999
720575940637663662,417.856,290.688,104.76,417.84,290.6,104.8,na,dend[1520],0.5856668823659338
720575940637410394,417.8,297.5,107.08,417.832,297.612,107.12,na,dend[1492],0.7522926447766156
720575940625778428,415.236,246.808,141.76,415.224,246.936,141.76,na,dend[484],0.6186093781376064
720575940632008109,407.572,245.432,152.64,407.704,245.392,152.64,na,dend[556],0.5333066931795378
720575940606336213,409.464,245.568,152.32,409.444,245.68,152.28,na,dend[553],0.7079224088064119
720575940625778428,414.912,246.928,142.4,414.988,247.024,142.36,na,dend[485],0.25858326116009905
720575940630258003,413.648,282.852,97.68,413.704,282.828,97.68,na,dend[1735],0.051504599769516095
720575940628059722,431.488,267.808,131.44,431.504,267.656,131.4,na,dend[231],0.8352850089026724
720575940620980323,415.424,279.576,86.48,415.48,279.668,86.52,na,dend[1991],1.0
720575940605214636,431.88,308.216,132.72,431.952,308.136,132.72,na,dend[1400],0.909315814287252
720575940611904296,419.608,288.404,109.48,419.572,288.312,109.48,na,dend[1611],0.725025309050427
720575940611904296,419.328,288.428,109.6,419.336,288.304,109.6,na,dend[1611],0.8467114868661327
720575940611904296,419.672,288.436,109.24,419.64,288.304,109.28,na,dend[1611],0.6001511468439572
720575940620980323,406.544,281.512,95.88,406.556,281.416,95.88,na,dend[1852],0.06111066901638809
720575940627263375,419.336,288.044,109.96,419.264,288.156,109.92,na,dend[1611],1.0
720575940609673369,419.828,288.712,110.04,419.66,288.648,110.04,na,dend[1612],1.0
720575940610514073,409.168,278.816,109.92,409.252,278.88,109.92,na,dend[1663],1.0
720575940620980323,412.064,289.688,105.12,411.96,289.592,105.08,na,dend[1560],0.40300614156430153
720575940620980323,419.784,277.096,104.92,419.72,277.012,104.96,na,dend[1707],0.3768874011864851
720575940603533246,419.396,285.488,112.12,419.512,285.432,112.08,na,dend[1176],1.0
720575940623380009,423.292,267.148,123.28,423.228,267.068,123.24,na,dend[301],0.8374442380221514
720575940627490459,421.344,270.304,120.44,421.236,270.288,120.4,na,dend[285],0.3168085327621755
720575940641211520,422.8,266.896,123.36,422.848,267.004,123.36,na,dend[298],0.1418224312899657
720575940627490459,411.296,267.484,119.68,411.38,267.604,119.72,na,dend[338],0.7520967929558838
720575940620004479,427.744,268.076,135.08,427.84,268.0,135.08,na,dend[248],0.5895256754099734
720575940606332629,426.72,272.076,95.52,426.588,272.044,95.48,na,dend[1939],0.861828991074614
720575940603533246,412.072,277.472,94.4,412.144,277.568,94.4,na,dend[1893],0.960474459494645
720575940603533246,411.448,276.632,94.68,411.584,276.788,94.68,na,dend[1896],0.7549787439021608
720575940605214636,417.732,280.408,81.76,417.792,280.524,81.76,na,dend[2289],0.6954082135514101
720575940605214636,406.292,281.788,95.52,406.416,281.792,95.52,na,dend[1852],0.07062649163676343
720575940617467712,442.08,312.556,131.56,442.168,312.556,131.52,na,dend[1381],0.5408195519559921
720575940643795492,420.064,296.92,121.4,420.024,296.968,121.32,na,dend[1285],0.2954659168034058
720575940624846517,428.112,268.532,134.72,427.944,268.48,134.72,na,dend[244],1.0
720575940605214636,417.792,283.584,108.36,417.748,283.456,108.36,na,dend[1622],0.7787297166547148
720575940628552699,414.432,248.328,143.16,414.5,248.328,143.24,na,dend[486],0.4906153938782064
720575940639241279,415.812,275.964,115.8,415.832,276.072,115.76,na,dend[63],0.24135157639584737
720575940639241279,416.256,275.84,115.72,416.224,275.968,115.72,na,dend[40],0.9170470614765588
720575940603533246,414.44,285.624,88.6,414.328,285.52,88.6,na,dend[1996],0.4313616128101069
720575940621726698,433.892,231.304,152.48,433.872,231.488,152.44,na,dend[1055],0.5046305174833341
720575940620556966,516.524,314.364,151.68,516.492,314.256,151.72,na,axon[33],0.5206329788516698
720575940625673196,448.004,318.664,144.44,448.036,318.728,144.44,na,dend[1372],0.8334848992678284
720575940635116569,432.2,306.032,135.2,432.148,305.908,135.16,na,dend[1407],1.0
720575940621726698,430.064,233.648,154.4,429.964,233.536,154.4,na,dend[1008],0.22217482102630967
720575940635282910,419.984,266.42,126.04,419.988,266.332,126.0,na,dend[382],0.6318096001554341
720575940627490459,411.576,285.832,93.8,411.448,285.872,93.76,na,dend[1765],0.17344773178708248
720575940636772698,423.628,302.092,111.32,423.58,302.024,111.36,na,dend[1315],0.3000337833971248
720575940620980323,414.6,288.736,101.44,414.576,288.636,101.4,na,dend[1601],0.0330890863010276
720575940615148137,424.188,269.304,125.88,424.188,269.428,125.88,na,dend[262],0.9500164851933298
720575940639241279,424.636,269.52,125.64,424.576,269.624,125.64,na,dend[262],0.5566350456942912
720575940621823100,420.82,242.908,145.52,420.892,242.984,145.56,na,dend[816],0.22621984602038614
720575940621307892,415.708,280.788,73.88,415.84,280.8,73.88,na,dend[2282],0.9842036210632081
720575940651593974,416.576,279.988,73.28,416.456,279.952,73.28,na,dend[2256],1.0
720575940622339113,435.96,234.128,152.88,435.872,234.032,152.88,na,dend[1060],1.0
720575940610116581,436.776,272.536,127.0,436.844,272.668,126.96,na,dend[28],0.4623777491017801
720575940618729350,428.776,268.856,132.6,428.768,268.72,132.6,na,dend[237],0.453181116299692
720575940630258003,417.316,256.556,134.04,417.392,256.612,134.04,na,dend[442],0.5015740877042814
720575940609076693,410.228,246.568,151.64,410.2,246.456,151.6,na,dend[552],0.26735547103215623
720575940609162820,416.096,254.96,134.44,416.012,254.952,134.4,na,dend[446],0.8185101391249834
720575940628552699,414.24,247.52,143.48,414.296,247.412,143.52,na,dend[491],0.2682835120644413
720575940611091012,428.12,240.528,143.4,428.104,240.712,143.4,na,dend[680],1.0
720575940624666245,413.828,247.388,143.6,413.916,247.464,143.64,na,dend[492],0.7975046174452305
720575940617613858,432.704,243.128,148.88,432.632,243.008,148.84,na,dend[797],0.9030317671578062
720575940624666245,413.724,247.472,143.72,413.788,247.56,143.68,na,dend[492],0.9012258347077664
720575940618599277,416.132,271.8,92.24,416.172,271.872,92.28,na,dend[2461],1.0
720575940618599277,414.92,271.74,92.36,414.808,271.796,92.32,na,dend[2477],0.27951927554802913
720575940634317724,403.456,247.26,158.16,403.344,247.196,158.16,na,dend[630],0.6764541104791344
720575940627263375,414.332,249.552,143.72,414.244,249.448,143.72,na,dend[488],0.9460111044607638
720575940627263375,423.708,296.068,126.28,423.648,295.94,126.28,na,dend[1280],0.27464189794856775
720575940620348769,413.316,272.476,92.36,413.384,272.584,92.4,na,dend[2468],0.6433206022638155
720575940617467712,425.24,268.268,132.84,425.292,268.328,132.88,na,dend[257],0.3308105830703597
720575940614633867,418.856,258.404,133.16,418.82,258.304,133.12,na,dend[439],0.33598560550694523
720575940619435655,415.032,271.788,116.2,414.928,271.888,116.2,na,dend[275],0.6656661669715319
720575940639241279,422.04,266.408,125.88,421.928,266.436,125.84,na,dend[385],0.886317764905756
720575940623957173,420.74,245.496,144.04,420.84,245.496,144.0,na,dend[643],0.6474462184490324
720575940624533956,418.2,288.104,91.44,418.056,288.072,91.44,na,dend[1967],0.6242881214369301
720575940622657684,429.344,304.84,141.56,429.388,305.0,141.56,na,dend[1416],0.735812368800689
720575940621717469,415.104,290.508,116.12,415.076,290.608,116.12,na,dend[1513],0.42246297819749584
720575940613497395,414.04,262.98,103.04,413.932,262.964,103.08,na,dend[132],1.0
720575940620348769,416.552,289.456,103.56,416.688,289.448,103.52,na,dend[1522],0.22128690383427696
720575940624910887,421.064,296.156,111.88,421.0,296.248,111.84,na,dend[1248],1.0
720575940627490459,412.604,271.36,121.48,412.536,271.288,121.48,na,dend[324],1.0
720575940632381536,409.44,245.488,153.24,409.48,245.628,153.24,na,dend[554],0.479697789957441
720575940609076693,410.072,246.848,151.12,410.064,246.672,151.08,na,dend[552],0.6502652643873301
720575940605214636,413.784,274.488,80.4,413.868,274.416,80.4,na,dend[2236],0.9927054118412837
720575940624910887,422.712,295.192,121.48,422.592,295.224,121.52,na,dend[1287],0.9639391824688074
720575940628779898,426.872,241.104,147.4,426.92,241.212,147.36,na,dend[1094],0.2904615999282188
720575940630258003,409.256,278.344,93.28,409.308,278.424,93.32,na,dend[1910],0.8158723786582028
720575940610116581,443.9,240.748,146.12,443.936,240.632,146.12,na,dend[756],0.9984550784150139
720575940610116581,443.548,240.752,146.08,443.48,240.656,146.08,na,dend[754],0.933225758314342
720575940618729350,427.616,269.048,129.76,427.588,268.912,129.76,na,dend[223],1.0
720575940639241279,436.396,241.196,145.32,436.456,241.08,145.28,na,dend[761],0.7335036044584561
720575940620348769,418.024,272.624,90.48,418.044,272.72,90.44,na,dend[2495],1.0
720575940612153086,420.716,277.132,142.28,420.808,277.188,142.28,na,dend[208],0.7712706495603566
720575940629133071,421.704,306.744,117.52,421.788,306.828,117.52,na,dend[1465],1.0
720575940621819630,438.964,237.128,145.6,439.076,236.976,145.6,na,dend[766],0.9328044007961964
720575940625146122,428.42,308.996,136.04,428.324,309.088,136.0,na,dend[1437],0.5498865051331909
720575940627022824,427.656,309.22,135.56,427.716,309.14,135.52,na,dend[1438],0.9694435972483184
720575940606336213,426.144,243.676,145.32,426.2,243.76,145.32,na,dend[675],0.0926260694803408
720575940632008109,407.548,245.428,152.92,407.632,245.484,152.92,na,dend[556],0.39945505269059667
720575940623957173,417.032,257.012,132.92,417.148,257.02,132.92,na,dend[439],0.3495338313318952
720575940612170896,420.376,280.432,105.72,420.4,280.368,105.72,na,dend[1690],1.0
720575940623957173,421.572,280.852,78.0,421.584,280.732,78.0,na,dend[2045],0.6340488944315854
720575940606336213,406.952,245.912,153.88,407.008,246.012,153.88,na,dend[557],1.0
720575940611397166,408.332,244.956,149.24,408.324,244.872,149.28,na,dend[544],0.32473316300455446
720575940611397166,415.216,239.476,160.64,415.22,239.636,160.6,na,dend[961],0.9418556468138057
720575940621301980,423.172,246.072,150.72,423.156,246.0,150.72,na,dend[827],1.0
720575940611397166,428.788,234.688,153.84,428.8,234.8,153.8,na,dend[1004],0.7163464079053866
720575940611397166,417.592,269.092,121.8,417.684,269.212,121.8,na,dend[316],1.0
720575940629920056,421.572,250.024,130.88,421.424,249.992,130.84,na,dend[460],0.9950122909655512
720575940621976097,422.544,243.704,143.28,422.512,243.608,143.28,na,dend[667],1.0
720575940631153194,443.792,313.752,130.8,443.832,313.824,130.84,na,dend[1360],0.8219816510124478
720575940626591875,411.304,245.332,148.72,411.444,245.428,148.8,na,dend[510],0.3284349043624396
720575940605214636,439.892,312.848,129.48,439.848,312.908,129.52,na,dend[1354],0.44901280638668695
720575940610116581,426.856,268.728,129.52,426.976,268.668,129.52,na,dend[222],0.8762158278343299
720575940646341486,431.604,274.132,130.24,431.552,274.076,130.24,na,dend[1],0.7287234875942677
720575940617552541,432.108,267.772,130.92,431.976,267.684,130.92,na,dend[231],0.9978959936496896
720575940646341486,430.776,273.876,130.08,430.872,273.74,130.08,na,dend[1],0.7881628662188574
720575940630028359,420.748,273.26,130.16,420.636,273.18,130.16,na,dend[200],0.6109916638952249
720575940616313942,416.304,287.232,110.28,416.32,287.084,110.32,na,dend[1190],0.8966650005518803
720575940630028359,421.308,273.104,129.76,421.24,273.136,129.64,na,dend[199],1.0
720575940614633867,418.16,261.624,130.72,418.032,261.58,130.72,na,dend[429],0.38938418577524575
720575940622172949,416.412,263.132,130.32,416.504,263.012,130.32,na,dend[423],0.3332754361183527
720575940639241279,420.472,262.068,129.44,420.376,262.0,129.4,na,dend[422],0.6291107614509426
720575940625483962,413.344,287.08,129.56,413.444,287.024,129.6,na,dend[1132],0.8744266943131676
720575940628485596,417.956,261.448,131.08,418.036,261.368,131.0,na,dend[429],0.561210623627153
720575940639241279,419.592,261.84,130.04,419.56,261.736,130.08,na,dend[422],0.3923707651513216
720575940606336213,407.912,245.48,153.04,407.82,245.596,153.0,na,dend[556],0.30837245115382783
720575940606336213,407.62,245.308,154.36,407.628,245.412,154.36,na,dend[561],0.4972830915927288
720575940632008109,407.844,244.392,154.32,407.904,244.256,154.32,na,dend[622],0.19421622749748338
720575940512946760,407.184,246.072,153.6,407.252,245.948,153.64,na,dend[557],0.6712662272515475
720575940595507348,411.232,244.436,154.36,411.116,244.452,154.36,na,dend[534],0.880315667658068
720575940632381536,427.332,236.408,154.24,427.456,236.404,154.24,na,dend[1009],0.9387898724021457
720575940595507348,411.36,244.576,154.4,411.324,244.744,154.4,na,dend[534],0.8070088541302821
720575940633746515,435.228,235.268,153.16,435.192,235.104,153.16,na,dend[1062],0.9487198851969757
720575940630203589,413.88,234.54,154.28,413.82,234.624,154.24,na,dend[952],0.9662449714775414
720575940629920056,420.584,239.844,153.88,420.488,239.832,153.92,na,dend[893],0.8709978886777967
720575940631663052,430.332,234.264,154.2,430.272,234.18,154.2,na,dend[1007],0.8709672118035273
720575940625673196,448.612,318.328,145.68,448.58,318.184,145.68,na,dend[1377],0.3026488656272607
720575940620445148,423.704,242.128,153.36,423.572,242.132,153.32,na,dend[897],0.43051399745248
720575940625673196,450.064,318.532,144.92,450.032,318.416,144.96,na,dend[1374],0.8412131936923977
720575940621307892,408.68,277.556,85.92,408.82,277.572,85.96,na,dend[2377],0.7768565839035825
720575940643439816,408.216,247.6,154.08,408.072,247.54,154.08,na,dend[558],0.5663714291536757
720575940641464309,413.172,292.512,104.32,413.248,292.624,104.32,na,dend[1569],0.8112276104868328
720575940643439816,408.38,247.688,154.24,408.364,247.644,154.28,na,dend[558],0.7116246107612639
720575940621307892,408.788,277.532,85.8,408.904,277.564,85.8,na,dend[2377],0.7585042622041154
720575940611091012,413.72,235.816,155.32,413.848,235.768,155.28,na,dend[950],0.3335382039114304
720575940624349993,418.112,268.48,123.76,417.976,268.464,123.72,na,dend[378],0.30869184418781814
720575940628443398,421.468,284.972,111.2,421.416,284.904,111.2,na,dend[1176],0.6263135149923089
720575940638256949,415.992,280.048,78.56,416.016,279.924,78.56,na,dend[2287],1.0
720575940638256949,419.928,277.268,68.12,419.784,277.232,68.08,na,dend[2110],0.5353792835593204
720575940610116581,432.812,244.416,150.0,432.672,244.424,150.0,na,dend[800],0.19092867969051006
720575940638256949,415.448,283.864,86.32,415.564,283.936,86.32,na,dend[1995],0.5881590685443367
720575940627373913,432.488,243.184,149.6,432.492,243.328,149.56,na,dend[799],0.42495550006395594
720575940620813989,432.64,243.588,150.08,432.568,243.684,150.08,na,dend[799],0.7888155705112487
720575940610116581,432.876,244.12,150.2,432.816,244.024,150.2,na,dend[801],0.4266929390273334
720575940610116581,433.04,244.424,150.04,432.588,244.392,150.08,na,dend[800],0.18598919652305979
720575940610116581,432.804,244.772,150.12,432.664,244.824,150.12,na,dend[800],0.4506360638821017
720575940613497395,421.768,264.88,126.16,421.744,264.996,126.16,na,dend[386],0.6398896979035849
720575940610116581,432.404,245.712,150.52,432.572,245.792,150.56,na,dend[800],1.0
720575940610116581,432.652,244.32,150.56,432.644,244.192,150.56,na,dend[802],0.4219668011025649
720575940610116581,432.86,244.328,150.6,432.892,244.248,150.6,na,dend[802],0.743715696953767
720575940613497395,413.404,267.372,117.64,413.536,267.312,117.64,na,dend[331],0.6230819551771224
720575940613497395,427.996,306.432,113.6,427.984,306.572,113.6,na,dend[1475],0.1953338413229537
720575940613497395,448.448,315.772,135.28,448.332,315.7,135.28,na,dend[1366],0.24749113578136436
720575940639241279,418.024,246.136,151.12,418.08,246.0,151.16,na,dend[912],0.9512701281024252
720575940539629033,423.156,244.8,149.76,423.108,244.952,149.72,na,dend[825],0.9565062759055297
720575940600763833,431.52,234.848,150.16,431.464,234.932,150.16,na,dend[1032],0.6164356582130137
720575940611397166,407.704,245.428,149.72,407.748,245.348,149.72,na,dend[544],1.0
720575940633307327,433.688,241.68,149.76,433.792,241.788,149.72,na,dend[804],0.9505364748787176
720575940615277687,433.724,242.36,149.88,433.668,242.256,149.84,na,dend[804],0.7396913277552362
720575940647966260,422.788,240.068,150.76,422.76,240.16,150.76,na,dend[841],0.6011124453762231
720575940640926627,421.272,236.112,150.0,421.18,236.024,150.0,na,dend[894],0.9206405188436377
720575940619618455,410.76,245.044,151.2,410.664,245.096,151.16,na,dend[537],0.2721712644787579
720575940617564246,410.688,244.152,150.2,410.56,244.136,150.24,na,dend[536],0.40480456586145885
720575940617564246,410.944,244.456,150.16,410.988,244.552,150.16,na,dend[513],1.0
720575940632381536,436.08,234.172,149.84,436.208,234.216,149.84,na,dend[1040],0.8621161674379695
720575940606336213,435.28,234.492,150.44,435.32,234.428,150.44,na,dend[1038],0.8848024871494118
720575940609076693,436.544,234.156,150.08,436.464,234.248,150.08,na,dend[1040],0.9843335941888588
720575940640926627,420.904,242.056,150.16,420.96,242.16,150.16,na,dend[834],0.7105711368251582
720575940640926627,420.84,242.164,149.92,420.88,242.296,149.88,na,dend[834],0.40228744005368483
720575940625686078,432.056,309.12,125.64,432.08,309.216,125.64,na,dend[1444],0.6365906084295682
720575940624349993,413.668,274.936,84.0,413.732,274.824,84.0,na,dend[2246],0.6569303778975707
720575940624349993,419.592,260.956,125.32,419.536,260.848,125.24,na,dend[417],0.7934824246585784
720575940624349993,420.66,265.896,118.08,420.564,265.808,118.08,na,dend[376],0.9048409919212909
720575940614633867,418.504,247.432,149.84,418.412,247.536,149.8,na,dend[907],0.7833593684175645
720575940614633867,411.724,249.012,149.88,411.728,248.92,149.92,na,dend[502],0.37762837034699664
720575940617542872,410.408,246.572,150.52,410.264,246.612,150.52,na,dend[552],0.9519064745430643
720575940609076693,429.888,232.44,151.24,429.728,232.392,151.2,na,dend[1012],0.5545107277139493
720575940620173737,435.0,230.896,150.52,434.984,231.008,150.52,na,dend[1056],1.0
720575940640172221,409.876,246.556,150.68,409.968,246.588,150.68,na,dend[552],0.8486322330463301
720575940620173737,435.136,230.968,150.52,435.128,231.06,150.52,na,dend[1056],1.0
720575940620173737,435.132,230.788,150.44,435.072,230.836,150.36,na,dend[1058],0.4248449764458613
720575940638256949,419.816,276.608,67.48,419.712,276.684,67.44,na,dend[2096],1.0
720575940617575803,437.952,204.312,151.16,438.028,204.328,151.16,na,dend_11[0],0.4186959167370164
720575940638256949,413.664,284.88,100.68,413.632,284.748,100.68,na,dend[1725],0.6506733266268668
720575940617575803,438.368,204.436,151.2,438.26,204.36,151.2,na,dend_11[0],0.41878411427287077
720575940613497395,418.744,294.284,110.96,418.796,294.352,110.96,na,dend[1226],0.38721816666300496
720575940624349993,413.68,274.94,83.76,413.656,274.816,83.76,na,dend[2246],0.3505040421469414
720575940611397166,420.108,243.12,154.72,420.24,243.068,154.68,na,dend[845],0.48128016835936066
720575940613497395,410.98,268.82,117.72,410.876,268.932,117.72,na,dend[342],0.4952550681516271
720575940638214461,426.804,309.208,121.52,426.912,309.176,121.52,na,dend[1452],0.531963450203823
720575940635119723,434.704,233.472,152.76,434.808,233.416,152.76,na,dend[1043],0.9612100247439305
720575940614633867,411.536,249.216,149.8,411.504,249.116,149.8,na,dend[502],0.43682729572500095
720575940611397166,417.036,268.272,121.56,417.1,268.24,121.52,na,dend[329],0.30536741646402277
720575940622123981,413.12,289.124,93.92,413.112,289.028,93.88,na,dend[1762],1.0
720575940638214461,426.548,308.8,122.0,426.56,308.712,122.04,na,dend[1453],0.9295493990386066
720575940624349993,419.864,260.608,125.64,419.808,260.452,125.64,na,dend[418],0.733958946999577
720575940639811469,412.248,285.76,93.16,412.132,285.812,93.16,na,dend[1765],0.6814422012263145
720575940627490459,416.94,295.064,119.76,417.048,295.016,119.76,na,dend[1272],1.0
720575940615966943,412.328,241.944,152.24,412.456,241.896,152.24,na,dend[521],0.9041175079129297
720575940615966943,412.688,240.888,152.32,412.78,240.98,152.32,na,dend[523],0.6900925456370082
720575940604201830,407.812,277.344,93.76,407.856,277.3,93.8,na,dend[1906],0.5720728100469384
720575940635282910,416.16,272.392,92.76,416.164,272.28,92.76,na,dend[2462],0.5723035746151836
720575940627096957,426.84,278.176,93.04,426.992,278.208,93.04,na,dend[1946],0.9629578031747297
720575940618599277,416.744,272.152,92.92,416.652,272.056,92.92,na,dend[2462],0.8816414225323261
720575940637471039,425.3,275.328,93.64,425.436,275.372,93.64,na,dend[1937],0.4518333358483975
720575940618599277,416.84,272.068,93.04,416.8,272.016,93.08,na,dend[2478],0.07489786688911156
720575940603533246,412.5,286.328,92.68,412.392,286.268,92.64,na,dend[1765],1.0
720575940637471039,425.096,275.216,93.6,425.176,275.148,93.52,na,dend[1937],0.5125467308623928
720575940623380009,419.792,267.972,121.2,419.744,268.012,121.24,na,dend[313],0.34777423187242495
720575940617564246,410.772,243.884,149.84,410.608,243.808,149.92,na,dend[536],0.630496368807917
720575940617564246,424.912,243.096,141.88,424.888,243.176,141.84,na,dend[655],0.39925152522911955
720575940617564246,424.692,243.064,141.84,424.7,243.148,141.84,na,dend[655],0.5415137852244714
720575940611904296,419.344,282.36,102.88,419.396,282.484,102.84,na,dend[1718],0.7692921636618197
720575940638024832,407.188,281.916,103.0,407.16,281.824,103.0,na,dend[1874],0.9889122300910504
720575940610358990,420.488,278.184,103.32,420.42,278.096,103.36,na,dend[1717],1.0
720575940617564246,413.864,248.916,143.04,413.96,248.876,143.04,na,dend[490],1.0
720575940630713029,421.632,297.532,111.12,421.608,297.528,111.2,na,dend[1311],0.890461445148788
720575940603533246,413.56,289.964,102.56,413.548,290.112,102.6,na,dend[1533],0.2669995421568289
720575940630713029,430.504,310.088,121.2,430.624,310.048,121.24,na,dend[1448],0.9435795540959268
720575940627263375,412.08,290.568,102.88,411.984,290.544,102.84,na,dend[1537],0.3679123557075932
720575940643439816,419.744,269.64,103.52,419.732,269.536,103.52,na,dend[102],0.8259540418113148
720575940643439816,419.856,269.556,103.4,419.808,269.468,103.4,na,dend[102],0.777055490611124
720575940621717469,408.668,280.688,103.0,408.588,280.816,103.0,na,dend[1873],0.9647522497905727
720575940628115561,417.2,267.872,102.52,417.248,268.032,102.52,na,dend[111],0.3045090506190454
720575940580042407,412.404,263.64,102.68,412.456,263.576,102.68,na,dend[131],1.0
720575940628115561,417.328,267.836,102.6,417.472,267.956,102.6,na,dend[111],0.21434436886619285
720575940643439816,421.296,268.264,103.56,421.196,268.256,103.6,na,dend[97],0.47616775868234756
720575940643439816,421.624,268.584,103.96,421.48,268.472,103.96,na,dend[97],0.5526541372861037
720575940638256949,414.856,286.916,104.04,415.028,286.92,104.04,na,dend[1722],0.6993844450468227
720575940627263375,411.228,287.464,103.0,411.196,287.36,103.0,na,dend[1556],0.9948190248677444
720575940603533246,417.792,285.42,103.56,417.884,285.388,103.6,na,dend[1719],0.6164440525509332
720575940618856896,417.424,286.704,103.88,417.436,286.608,103.88,na,dend[1719],0.9867428640710214
720575940620348769,423.528,274.104,104.12,423.4,274.192,104.12,na,dend[1711],0.6934613836751082
720575940604201830,417.296,278.32,72.52,417.296,278.448,72.52,na,dend[2255],0.7549518143156548
720575940620980323,416.448,280.048,72.8,416.468,279.952,72.84,na,dend[2281],0.9752462283587505
720575940613497395,414.416,262.956,103.2,414.444,263.056,103.2,na,dend[128],0.9865846523020744
720575940603533246,417.876,274.6,72.72,417.892,274.496,72.72,na,dend[2089],0.5865068740957573
720575940624395528,411.688,285.7,113.92,411.548,285.668,113.96,na,dend[1216],0.5926518957789354
720575940627490459,412.32,270.728,120.44,412.392,270.82,120.4,na,dend[322],0.07723396306958798
720575940627490459,413.48,268.352,122.12,413.512,268.216,122.12,na,dend[379],0.9285326531002992
720575940623957173,415.372,254.64,135.0,415.476,254.712,134.96,na,dend[446],1.0
720575940627490459,433.784,309.224,128.52,433.728,309.104,128.48,na,dend[1395],0.9081030381407879
720575940627490459,409.812,287.168,105.88,409.936,287.148,105.88,na,dend[1553],0.8803364156280453
720575940629766649,425.248,268.716,133.6,425.24,268.604,133.52,na,dend[257],0.9174878625346073
720575940627490459,415.532,269.832,126.68,415.656,269.844,126.68,na,dend[393],1.0
720575940622339113,434.04,232.244,154.24,433.996,232.332,154.24,na,dend[1046],0.9119628376759844
720575940625345328,415.472,269.584,126.88,415.608,269.58,126.88,na,dend[393],0.7819819091573341
720575940622339113,402.304,246.816,156.24,402.368,246.72,156.24,na,dend[631],0.3238372725041439
720575940643439816,420.304,248.012,138.0,420.36,248.208,138.0,na,dend[634],0.24001271721941136
720575940643439816,416.664,276.712,125.16,416.648,276.84,125.16,na,dend[176],0.5122079758427391
720575940618729350,426.38,273.86,136.28,426.404,273.96,136.28,na,dend[20],0.3991621704853882
720575940618729350,427.52,269.092,129.92,427.392,269.04,129.92,na,dend[223],1.0
720575940618729350,420.084,277.376,143.04,420.116,277.236,143.04,na,dend[208],0.8759238231395479
720575940621533867,421.896,296.716,111.28,421.84,296.848,111.28,na,dend[1311],0.5510934390337081
720575940621533867,437.428,311.68,127.68,437.42,311.54,127.68,na,dend[1353],0.6618272256418295
720575940618729350,427.988,269.104,132.92,427.98,269.016,132.92,na,dend[237],1.0
720575940621533867,425.512,306.92,116.24,425.624,306.872,116.24,na,dend[1473],0.37374508089860486
720575940612032369,427.972,308.352,120.64,427.804,308.344,120.6,na,dend[1330],0.8328754059139293
720575940621533867,416.988,290.24,103.0,416.872,290.16,103.0,na,dend[1525],1.0
720575940621533867,417.58,290.416,103.6,417.548,290.32,103.6,na,dend[1526],1.0
720575940609076693,432.928,242.268,148.44,432.908,242.372,148.4,na,dend[797],0.6737097258886992
720575940637410394,427.472,308.244,120.88,427.396,308.328,120.88,na,dend[1330],0.7654815744973824
720575940609076693,421.38,244.576,147.84,421.42,244.468,147.88,na,dend[823],0.5640534297350109
720575940614633867,431.824,242.168,149.12,431.916,242.264,149.12,na,dend[807],0.950207811191456
720575940609076693,421.204,244.648,148.0,421.324,244.628,148.04,na,dend[823],0.6682293271716455
720575940621320924,433.396,242.364,149.24,433.284,242.344,149.24,na,dend[804],0.3833988497814306
720575940611091012,421.956,242.484,149.12,421.848,242.352,149.08,na,dend[832],0.7293723645364577
720575940624349993,411.528,245.912,149.36,411.536,245.804,149.36,na,dend[511],0.09096201220498568
720575940605699829,411.188,244.424,147.84,411.168,244.456,147.88,na,dend[496],0.8371655517901493
720575940644632087,412.264,271.168,120.04,412.416,271.168,120.08,na,dend[325],1.0
720575940641464309,431.696,231.172,149.16,431.74,231.024,149.2,na,dend[1016],0.9270906849846281
720575940606336213,413.964,246.16,149.32,414.004,246.288,149.28,na,dend[506],1.0
720575940627096957,418.14,246.524,149.36,418.244,246.428,149.36,na,dend[907],0.5175732999880738
720575940614633867,409.728,251.4,149.44,409.684,251.256,149.44,na,dend[504],0.9877626543067465
720575940617499205,409.32,250.98,149.08,409.216,251.048,149.08,na,dend[503],0.37375517904095706
720575940614633867,409.824,251.316,149.52,409.744,251.164,149.52,na,dend[504],0.9899185654240206
720575940618455791,410.712,249.352,149.56,410.848,249.364,149.52,na,dend[502],0.5614372597129109
720575940626591875,418.44,294.456,116.4,418.428,294.584,116.4,na,dend[1265],1.0
720575940624571116,422.272,273.92,68.8,422.132,274.0,68.8,na,dend[2121],0.5739284677434117
720575940605214636,421.932,308.352,116.72,422.016,308.288,116.72,na,dend[1469],0.9658105208600163
720575940622318599,418.084,294.528,115.96,418.056,294.644,115.96,na,dend[1263],1.0
720575940632945177,419.452,294.136,117.56,419.356,294.12,117.52,na,dend[1295],0.4762070940744277
720575940624571116,410.108,284.716,91.84,410.084,284.604,91.8,na,dend[1788],1.0
720575940639241279,414.5,275.936,116.36,414.46,276.048,116.36,na,dend[71],0.1623299530334365
720575940639241279,412.752,276.016,116.56,412.748,276.136,116.56,na,dend[71],0.7932999139326443
720575940639241279,414.74,275.84,116.64,414.832,275.952,116.6,na,dend[64],0.10213690997110089
720575940627263375,415.556,277.072,116.08,415.616,277.176,116.04,na,dend[42],0.8143881487742035
720575940635282910,415.204,272.04,117.0,415.112,272.128,116.96,na,dend[275],0.26573791578156236
720575940627263375,416.264,276.92,116.6,416.32,277.008,116.6,na,dend[60],0.7094413677660758
720575940611397166,421.152,235.536,149.72,421.184,235.668,149.72,na,dend[894],0.9969118877688975
720575940637471039,411.792,278.916,116.24,411.776,278.812,116.24,na,dend[47],0.2667088522132112
720575940602380768,423.436,305.956,116.24,423.584,305.94,116.2,na,dend[1320],0.6375505204264468
720575940611397166,421.18,235.412,149.92,421.224,235.528,149.92,na,dend[894],0.9909592044504877
720575940624571116,421.348,283.696,92.68,421.316,283.592,92.64,na,dend[1976],0.2181524182295151
720575940637471039,423.808,305.908,116.32,423.728,305.976,116.28,na,dend[1320],0.6810679734611674
720575940611397166,408.008,245.248,149.56,407.868,245.152,149.6,na,dend[544],0.8824413697904347
720575940624571116,414.576,264.0,103.84,414.496,263.912,103.84,na,dend[129],1.0
720575940625345328,416.368,272.808,117.6,416.424,272.72,117.56,na,dend[274],0.43135873807713415
720575940632945177,419.304,275.144,117.08,419.356,275.224,117.12,na,dend[39],0.672077141071321
720575940603533246,414.176,274.984,116.08,414.14,274.896,116.08,na,dend[67],0.34330698172885415
720575940624571116,413.416,269.752,86.08,413.548,269.832,86.08,na,dend[2438],1.0
720575940624571116,415.796,263.912,100.92,415.9,263.984,100.92,na,dend[127],0.13969602492818567
720575940628059722,428.596,266.724,133.68,428.512,266.624,133.64,na,dend[240],0.8986931727141629
720575940628059722,428.408,267.248,134.56,428.456,267.356,134.56,na,dend[250],0.3782582123036683
720575940628059722,429.212,268.008,133.44,429.088,268.044,133.4,na,dend[253],0.6278366791287994
720575940624571116,415.704,268.144,89.16,415.832,268.216,89.12,na,dend[2433],0.23698524388413472
720575940624571116,416.416,267.988,89.92,416.44,268.112,89.92,na,dend[2431],0.8480242326831453
720575940611904296,431.22,279.632,116.76,431.156,279.516,116.72,na,dend[32],0.8408180745712476
720575940628059722,429.396,267.704,131.36,429.316,267.832,131.32,na,dend[235],0.8449479499273923
720575940628059722,428.88,267.032,131.96,428.756,267.064,131.92,na,dend[233],0.9344741344668804
720575940628059722,431.22,267.428,131.36,431.3,267.54,131.4,na,dend[231],0.7889631631348207
720575940646341486,425.516,279.92,116.04,425.488,279.76,116.04,na,dend[1105],0.9715687653907872
720575940624571116,416.144,273.476,72.92,416.048,273.576,72.92,na,dend[2151],0.6356792967085697
720575940644632087,416.272,280.008,116.12,416.5,279.944,116.16,na,dend[57],0.9239096906946316
720575940644175895,429.288,309.068,124.72,429.356,309.176,124.72,na,dend[1343],0.8838975257327714
720575940611904296,416.732,279.96,116.04,416.588,279.904,116.04,na,dend[57],0.9186946295933103
720575940611904296,416.804,280.216,116.12,416.716,280.296,116.12,na,dend[59],0.5506577656863157
720575940644968302,429.936,309.152,124.52,429.976,309.264,124.48,na,dend[1343],0.5945866070277446
720575940605207730,432.912,310.632,125.64,432.924,310.52,125.64,na,dend[1351],0.4966912031166628
720575940624571116,428.64,307.004,114.76,428.568,306.872,114.84,na,dend[1476],1.0
720575940605207730,432.688,310.768,124.76,432.616,310.672,124.8,na,dend[1351],0.05364977714203609
720575940624571116,421.284,283.632,92.84,421.268,283.544,92.88,na,dend[1958],0.6909513765819065
720575940639811469,424.024,295.956,126.0,423.908,296.052,126.0,na,dend[1280],0.492559688438547
720575940623957173,420.656,297.684,124.36,420.712,297.58,124.4,na,dend[1282],0.871197238314408
720575940627360774,433.752,309.88,125.12,433.744,309.992,125.16,na,dend[1351],0.5401522889651098
720575940622318599,424.108,305.552,125.04,424.064,305.456,125.04,na,dend[1326],0.10103387286290695
720575940644175895,428.944,308.568,125.08,428.928,308.464,125.04,na,dend[1345],1.0
720575940624743946,416.276,277.064,125.8,416.304,276.964,125.76,na,dend[176],0.9907284639163326
720575940643439816,416.712,276.616,124.84,416.784,276.724,124.84,na,dend[176],0.2603196377719287
720575940614633867,421.464,269.876,125.4,421.384,269.772,125.4,na,dend[290],0.9661014695371244
720575940638291133,421.24,269.848,124.96,421.232,269.756,124.88,na,dend[290],0.7187107311907687
720575940609522382,421.224,269.608,124.48,421.184,269.7,124.48,na,dend[290],0.5470930020160978
720575940609522382,421.208,269.192,125.24,421.104,269.284,125.2,na,dend[291],0.4036705993813612
720575940634701407,424.376,269.324,125.84,424.292,269.444,125.84,na,dend[262],0.8713632098059223
720575940614633867,421.408,269.648,125.88,421.304,269.656,125.84,na,dend[292],0.2436807961816921
720575940628267264,412.424,272.824,125.92,412.288,272.768,125.88,na,dend[308],0.7789406061850608
720575940609522382,421.056,268.96,125.32,420.964,269.044,125.32,na,dend[291],0.9371992300493004
720575940627803241,418.524,260.152,125.32,418.368,260.188,125.32,na,dend[402],0.8127847826631875
720575940641211520,418.18,259.944,125.04,418.184,260.072,125.04,na,dend[411],0.26284726164513234
720575940621146771,415.072,286.696,125.12,415.192,286.64,125.08,na,dend[1130],0.15949467765932263
720575940636686170,432.456,307.832,131.16,432.44,307.696,131.16,na,dend[1399],0.5554006831055845
720575940631924584,432.212,275.956,126.0,432.312,276.016,126.0,na,dend[31],0.050102341644613364
720575940636686170,421.032,282.4,99.24,420.916,282.512,99.2,na,dend[1636],1.0
720575940636686170,413.064,263.992,103.24,413.028,263.888,103.2,na,dend[131],0.9267831801912234
720575940609268491,418.2,260.34,124.4,418.128,260.26,124.44,na,dend[411],0.7778601108210338
720575940621067204,417.492,275.168,77.64,417.508,275.32,77.64,na,dend[2073],1.0
720575940636686170,418.012,263.056,100.96,418.04,263.184,100.96,na,dend[124],0.9860345028739298
720575940636686170,418.384,296.536,120.0,418.328,296.404,119.96,na,dend[1291],1.0
720575940627410944,417.244,286.924,78.6,417.156,286.78,78.56,na,dend[2361],0.9061593932134536
720575940620122561,417.076,286.476,78.44,417.064,286.58,78.44,na,dend[2361],0.864798236923877
720575940605214636,412.388,288.928,90.84,412.304,288.836,90.84,na,dend[1759],0.9566459905873858
720575940611723037,420.36,284.012,90.8,420.264,283.904,90.8,na,dend[1976],0.2720103265452852
720575940605214636,417.992,283.892,91.48,418.096,283.92,91.44,na,dend[1988],0.06367204266609991
720575940627263375,417.7,282.52,91.88,417.784,282.516,91.88,na,dend[1988],0.09092921579504527
720575940622123981,407.284,285.2,91.04,407.248,285.104,91.04,na,dend[1815],0.40363016383429634
720575940611588835,419.74,278.852,90.76,419.864,278.816,90.76,na,dend[2386],0.2649107535089999
720575940628014391,419.728,278.484,91.16,419.84,278.444,91.16,na,dend[2386],0.7117456614418066
720575940618599277,415.992,271.688,92.08,416.012,271.692,92.0,na,dend[2493],0.4349355602637119
720575940620348769,414.476,271.772,91.84,414.464,271.632,91.84,na,dend[2477],0.4991156737248399
720575940618886710,427.46,272.892,138.8,427.42,272.784,138.84,na,dend[13],0.8135178076953463
720575940627490459,416.068,285.812,91.72,416.172,285.84,91.72,na,dend[1965],0.1600976916998952
720575940635119723,420.444,250.46,133.16,420.392,250.592,133.12,na,dend[458],0.43881065765402033
720575940621726698,416.28,240.144,158.76,416.408,240.096,158.76,na,dend[967],0.9129675645050822
720575940569996290,406.712,241.944,159.0,406.608,241.884,158.96,na,dend[572],0.0062143650739919405
720575940599087129,413.96,239.56,159.12,413.912,239.408,159.12,na,dend[957],0.3702151073798609
720575940420959857,415.076,238.612,159.24,415.048,238.492,159.24,na,dend[966],0.37439588180573186
720575940652587254,402.952,246.94,158.52,402.904,247.092,158.52,na,dend[630],0.7765169490686196
720575940640926627,435.024,239.148,145.56,435.072,239.268,145.56,na,dend[734],0.9314362860816122
720575940640926627,408.424,244.016,155.04,408.52,244.064,155.0,na,dend[621],0.40641577789890265
720575940613497395,419.32,288.168,115.16,419.16,288.252,115.12,na,dend[1518],1.0
720575940626726458,502.184,321.564,159.2,502.084,321.592,159.2,na,axon[17],0.6554192616909926
720575940626901136,410.94,286.076,90.8,410.816,285.98,90.88,na,dend[1800],0.583174385749206
720575940626901136,417.324,285.456,118.96,417.344,285.332,118.96,na,dend[1121],0.6971901851968427
720575940635119723,418.34,271.016,123.04,418.192,271.048,123.0,na,dend[302],0.5419066815301018
720575940626901136,414.864,285.892,111.28,414.828,285.992,111.24,na,dend[1193],1.0
720575940626901136,507.656,314.632,153.0,507.764,314.64,153.0,na,axon[28],0.8946533037348839
720575940626901136,416.568,286.748,110.4,416.452,286.708,110.4,na,dend[1188],1.0
720575940635119723,410.02,246.212,151.72,410.064,246.1,151.72,na,dend[551],1.0
720575940622673860,432.384,308.94,126.12,432.38,309.02,126.12,na,dend[1444],0.9902442760463651
720575940627490459,433.136,309.804,127.08,432.984,309.832,127.08,na,dend[1392],1.0
720575940627490459,432.192,309.348,127.24,432.24,309.42,127.24,na,dend[1391],0.2605607490512566
720575940622318599,424.804,304.696,126.44,424.728,304.628,126.4,na,dend[1326],0.47662285975183066
720575940627263375,424.56,302.912,127.56,424.436,302.88,127.56,na,dend[1326],0.9359942238809846
720575940429968050,417.108,265.948,126.88,417.188,265.876,126.88,na,dend[394],1.0
720575940630713029,418.972,301.336,109.8,418.848,301.32,109.8,na,dend[1488],0.8678492443086328
720575940610116581,436.48,272.464,126.44,436.416,272.6,126.44,na,dend[27],1.0
720575940603533246,418.344,265.144,126.96,418.248,265.092,126.96,na,dend[395],0.31817218196386554
720575940639241279,424.396,270.9,126.84,424.344,271.064,126.84,na,dend[195],0.4486989122935151
720575940610116581,435.932,272.192,126.52,435.928,272.368,126.48,na,dend[27],0.23115965698199117
720575940630258003,411.912,272.432,126.2,411.904,272.544,126.2,na,dend[308],0.8902991313378903
720575940633044634,411.424,272.644,126.16,411.544,272.68,126.16,na,dend[308],1.0
720575940630713029,419.184,301.072,109.96,419.064,301.04,109.92,na,dend[1488],0.5271332907197095
720575940610638434,423.284,268.424,73.56,423.38,268.304,73.6,na,dend[2136],0.6606024363109191
720575940630713029,418.192,290.62,105.0,418.064,290.58,105.0,na,dend[1520],0.497493578615901
720575940618886710,428.152,270.048,136.24,428.016,270.004,136.28,na,dend[245],0.8581077690333073
720575940618886710,412.976,288.996,130.92,413.068,288.948,131.0,na,dend[1151],1.0
720575940618886710,419.42,272.928,131.96,419.28,272.856,131.96,na,dend[213],0.44933828762081945
720575940618886710,415.564,255.0,134.6,415.708,254.916,134.56,na,dend[446],0.9105407094871478
720575940641464309,415.56,286.068,126.2,415.416,286.028,126.2,na,dend[1130],0.3862246662117689
720575940628894251,425.752,276.936,118.32,425.868,276.832,118.32,na,dend[34],0.2913608668763325
720575940605214636,414.664,286.196,127.72,414.556,286.252,127.68,na,dend[1130],0.812505353995637
720575940623957173,413.128,284.068,95.88,412.968,284.068,95.84,na,dend[1738],0.3332435780060956
720575940623957173,412.216,290.504,105.08,412.164,290.392,105.08,na,dend[1559],0.8290569106609879
720575940610638434,420.964,285.34,96.36,420.832,285.364,96.36,na,dend[1728],0.7185524511411411
720575940429968050,417.112,266.624,126.44,417.288,266.548,126.48,na,dend[388],0.9746011903360194
720575940610638434,426.624,284.96,82.76,426.644,285.104,82.8,na,dend[2014],0.9754099652814436
720575940603533246,417.572,267.048,126.56,417.468,266.952,126.56,na,dend[390],0.9537937950655386
720575940626901136,417.564,266.428,126.56,417.516,266.5,126.6,na,dend[394],1.0
720575940610042873,417.184,262.716,127.12,417.312,262.804,127.12,na,dend[398],0.2840322539359986
720575940629938487,416.5,268.208,127.32,416.504,268.184,127.2,na,dend[391],0.6290964886330379
720575940620381575,415.768,268.704,127.04,415.616,268.824,127.08,na,dend[393],0.2236919386545575
720575940646341486,433.916,274.808,126.24,433.976,274.904,126.2,na,dend[0],1.0
720575940630277175,441.012,275.424,127.4,440.96,275.296,127.44,na,dend_11[0],1.0
720575940618599277,421.48,272.68,127.56,421.56,272.548,127.52,na,dend[198],0.6251253958758969
720575940610116581,436.584,272.552,126.6,436.488,272.648,126.56,na,dend[27],1.0
720575940613603737,424.4,273.072,126.32,424.336,272.976,126.32,na,dend[220],0.8732384518295474
720575940613603737,424.28,273.168,126.32,424.192,273.1,126.32,na,dend[220],0.7188709171097839
720575940610116581,436.644,272.576,126.92,436.672,272.712,126.88,na,dend[28],0.2811159827359945
720575940610116581,436.424,272.568,126.92,436.392,272.708,126.88,na,dend[27],0.5759908228506925
720575940544091008,434.928,273.82,126.92,434.848,273.84,126.88,na,dend[26],0.6487021697622257
720575940623957173,417.088,287.2,90.92,417.016,287.272,90.92,na,dend[1973],0.8161525538112002
720575940609832410,412.92,288.616,134.24,413.032,288.704,134.24,na,dend[1139],1.0
720575940629133071,429.472,307.772,134.24,429.568,307.736,134.24,na,dend[1434],0.6977130244413258
720575940612289010,437.936,274.82,127.36,437.968,274.912,127.36,na,axon[0],0.7987875036206264
720575940623957173,408.604,246.096,152.32,408.628,245.984,152.28,na,dend[555],0.22045246694735834
720575940623957173,405.208,244.508,161.0,405.304,244.568,161.04,na,dend[588],0.07735403611307728
720575940605214636,431.156,307.6,134.28,431.132,307.472,134.28,na,dend[1434],0.25684104491868337
720575940627096957,422.604,270.052,72.48,422.484,270.08,72.48,na,dend[2129],1.0
720575940610116581,427.788,268.812,133.12,427.884,268.756,133.12,na,dend[237],1.0
720575940623957173,419.064,265.08,125.0,419.14,265.144,125.0,na,dend[382],0.2576642795008237
720575940610116581,427.76,268.992,134.36,427.884,268.936,134.32,na,dend[243],0.8867738539393463
720575940623957173,415.528,277.784,98.04,415.568,277.908,98.0,na,dend[1773],0.06824950987225822
720575940629920056,420.996,238.512,152.8,420.864,238.412,152.84,na,dend[894],0.2889983617946615
720575940610116581,426.492,268.812,133.04,426.384,268.752,133.04,na,dend[254],0.9725395999631373
720575940632945177,443.632,311.236,132.92,443.668,311.132,132.88,na,dend[1385],0.107382075290694
720575940621972009,426.328,268.616,133.28,426.384,268.732,133.24,na,dend[255],0.5199299561095537
720575940604201830,446.236,315.068,132.92,446.44,315.092,132.92,na,dend[1379],0.6730889689157307
720575940618599277,420.84,275.328,133.6,420.832,275.216,133.6,na,dend[207],0.40292348082597434
720575940618599277,421.056,275.22,133.68,420.992,275.14,133.68,na,dend[207],0.43327534104050874
720575940618599277,420.648,275.384,133.72,420.66,275.268,133.72,na,dend[207],0.4201463569795219
720575940604201830,447.564,315.208,134.04,447.616,315.288,134.08,na,dend[1364],0.655457007758836
720575940627096957,410.696,291.208,98.72,410.656,291.3,98.68,na,dend[1583],0.7519121959081655
720575940627096957,417.8,265.508,118.2,417.84,265.392,118.2,na,dend[376],0.14128269696174314
720575940627096957,419.064,265.416,125.08,418.964,265.48,125.08,na,dend[381],0.9597565632617944
720575940605214636,428.936,306.472,134.32,428.776,306.328,134.36,na,dend[1432],0.4130346698627145
720575940605214636,430.728,305.996,133.6,430.652,306.092,133.6,na,dend[1402],0.5418492096462282
720575940627096957,424.224,240.052,154.96,424.276,239.944,154.96,na,dend[889],0.25119411584356416
720575940622657684,428.08,274.056,132.84,428.068,273.928,132.84,na,dend[7],0.2591342539754231
720575940618886710,426.892,268.14,134.56,426.92,268.28,134.56,na,dend[251],0.9674011239018048
720575940618886710,427.476,272.904,139.0,427.408,272.824,139.0,na,dend[13],0.8968617459514547
720575940618886710,433.064,244.012,150.56,432.872,243.992,150.52,na,dend[801],1.0
720575940618886710,411.488,286.784,131.84,411.572,286.704,131.84,na,dend[1150],0.9396903782804428
720575940620381575,431.36,235.216,150.12,431.392,235.088,150.16,na,dend[1032],0.4633870678180651
720575940618886710,427.336,272.84,138.56,427.368,272.72,138.6,na,dend[13],0.7036217777307564
720575940606336213,419.396,256.12,133.32,419.484,256.128,133.32,na,dend[444],0.5787500265903914
720575940630258003,417.088,255.984,133.8,417.048,255.904,133.76,na,dend[446],0.3626077540615293
720575940617552541,428.156,266.824,132.96,428.184,266.952,132.96,na,dend[239],1.0
720575940606336213,419.668,255.148,134.08,419.736,255.236,134.12,na,dend[447],0.5403560402193232
720575940614633867,418.948,258.92,132.84,418.972,258.784,132.8,na,dend[437],0.8161644960178962
720575940609076693,419.056,257.564,132.84,418.944,257.608,132.84,na,dend[439],0.5834436397118896
720575940613497395,436.168,272.54,126.2,436.272,272.496,126.2,na,dend[29],1.0
720575940639241279,421.204,257.1,133.56,421.216,256.964,133.6,na,dend[440],0.8385622383273613
720575940629310970,419.36,251.152,131.64,419.192,251.172,131.6,na,dend[466],0.6525213938005882
720575940634484581,413.232,287.808,132.76,413.4,287.776,132.76,na,dend[1138],0.09785792985844446
720575940628710555,414.852,283.768,88.4,414.824,283.632,88.4,na,dend[1997],0.5215288731156964
720575940629310970,410.32,243.308,149.36,410.384,243.38,149.32,na,dend[536],0.9932189149148772
720575940621838571,420.872,251.684,133.92,420.984,251.668,133.88,na,dend[457],0.7332702526137558
720575940621838571,420.688,251.108,134.16,420.824,251.08,134.16,na,dend[456],0.7570591935488005
720575940628710555,414.644,283.336,89.0,414.656,283.272,88.96,na,dend[1997],0.9648245753500092
720575940641545888,419.364,283.76,88.2,419.368,283.652,88.2,na,dend[2507],0.7245459831434305
720575940606332629,424.264,285.588,87.8,424.364,285.54,87.8,na,dend[1986],0.9867662500861322
720575940637471039,418.98,276.316,87.76,419.032,276.424,87.76,na,dend[2398],0.4143179411483337
720575940603533246,414.524,285.648,88.4,414.424,285.576,88.4,na,dend[1996],0.46134345906542384
720575940620348769,417.572,280.148,89.08,417.688,280.224,89.04,na,dend[2384],0.7390609080907085
720575940605214636,415.92,289.98,88.84,415.908,289.836,88.8,na,dend[1970],1.0
720575940624349993,413.56,274.948,83.64,413.56,274.8,83.64,na,dend[2244],1.0
720575940629443626,406.672,284.236,86.68,406.616,284.044,86.64,na,dend[1829],0.46093891079973587
720575940604201830,409.232,282.776,86.36,409.228,282.584,86.4,na,dend[2367],0.7493805503281181
720575940621717469,410.06,274.116,89.04,410.148,274.048,89.04,na,dend[2473],1.0
720575940628894251,424.804,304.424,126.84,424.744,304.424,126.76,na,dend[1326],0.5683709122866327
720575940626901136,412.484,275.336,68.96,412.356,275.224,69.0,na,dend[2222],0.9610795092798835
720575940627096957,420.468,271.264,87.44,420.504,271.356,87.44,na,dend[2442],0.32285488771095
720575940626901136,413.476,288.036,97.52,413.408,288.004,97.52,na,dend[1764],1.0
720575940627096957,426.044,277.02,103.4,426.02,277.176,103.4,na,dend[1698],1.0
720575940627096957,449.792,316.648,137.44,449.728,316.784,137.44,na,dend[1367],0.1458435692113306
720575940627096957,445.156,310.272,133.84,445.22,310.356,133.84,na,dend[1386],0.35449998636158914
720575940627096957,431.84,310.724,124.96,431.856,310.604,125.0,na,dend[1346],1.0
720575940631924584,424.22,278.752,94.08,424.26,278.6,94.08,na,dend[1932],0.8793052199892816
720575940624571116,414.132,269.248,86.92,414.256,269.232,86.92,na,dend[2440],0.7401727163304574
720575940624571116,413.592,269.644,86.08,413.64,269.764,86.08,na,dend[2438],1.0
720575940614310802,419.164,275.9,85.8,419.188,275.816,85.76,na,dend[2500],0.9919386253160988
720575940624571116,419.616,276.984,86.76,419.736,277.04,86.8,na,dend[2400],0.8350864522582346
720575940627410944,420.228,282.232,87.04,420.212,282.424,87.08,na,dend[1989],0.5241705870277501
720575940620980323,416.168,279.056,86.24,416.28,278.972,86.2,na,dend[2505],0.8316876983770797
720575940604201830,408.66,282.304,86.84,408.796,282.276,86.84,na,dend[2368],0.6695371689524501
720575940604201830,409.112,287.592,85.68,409.104,287.648,85.72,na,dend[1810],0.8030409418107387
720575940620813989,427.0,272.548,139.52,426.88,272.54,139.56,na,dend[15],0.43686353890184143
720575940611397166,417.788,243.776,157.04,417.86,243.824,157.08,na,dend[885],0.8080984588860519
720575940629777018,518.208,320.136,163.6,518.228,320.208,163.64,na,axon[80],0.9526387698772516
720575940625642012,421.748,287.704,86.2,421.868,287.648,86.2,na,dend[1985],0.8592337694387441
720575940611397166,408.056,245.148,149.44,408.016,245.008,149.44,na,dend[544],0.6405996455368165
720575940611397166,428.832,234.688,153.68,428.784,234.78,153.64,na,dend[1004],0.6333331360377276
720575940611397166,429.692,234.256,153.8,429.8,234.272,153.8,na,dend[1006],0.6773801577973502
720575940635119723,418.56,262.536,126.28,418.48,262.468,126.28,na,dend[398],0.575933893218267
720575940624349993,410.504,279.372,109.88,410.46,279.472,109.84,na,dend[1659],0.6278336019475057
720575940635119723,418.712,264.792,126.6,418.588,264.824,126.6,na,dend[395],0.25930920115834544
720575940635119723,417.076,245.12,151.24,417.188,245.1,151.24,na,dend[913],0.47302159429667917
720575940620149655,415.824,245.508,151.6,415.816,245.452,151.64,na,dend[915],0.2104978440058733
720575940635119723,416.956,245.168,151.4,417.08,245.176,151.4,na,dend[913],0.5737938051307035
720575940629920056,416.624,246.116,152.68,416.64,245.968,152.64,na,dend[916],1.0
720575940609076693,408.184,246.308,152.84,408.188,246.236,152.84,na,dend[555],0.6447705213341032
720575940623957173,417.136,255.94,133.48,417.204,255.868,133.52,na,dend[446],0.3159417714454792
720575940606336213,410.084,245.72,152.08,410.0,245.664,152.0,na,dend[553],0.2472676890010801
720575940623957173,411.088,282.644,79.72,411.212,282.656,79.76,na,dend[2355],1.0
720575940623957173,420.088,256.02,133.2,420.116,256.156,133.2,na,dend[444],0.8729688186147274
720575940621823100,423.464,241.92,151.36,423.34,241.832,151.32,na,dend[840],0.5620743939930786
720575940620445148,424.284,242.152,152.56,424.356,242.092,152.6,na,dend[900],0.21146038590327104
720575940606336213,419.96,242.988,152.4,420.072,242.908,152.4,na,dend[905],0.4640075079210887
720575940604954289,412.928,241.176,152.16,412.944,241.132,152.2,na,dend[523],0.6101862471233398
720575940586328900,435.904,232.168,151.84,435.896,231.98,151.84,na,dend[1050],0.5501257829003742
720575940486692220,431.484,234.876,151.36,431.488,234.972,151.36,na,dend[1067],1.0
720575940609076693,430.628,231.868,151.32,430.624,231.76,151.32,na,dend[1018],1.0
720575940613528616,428.0,234.296,152.84,428.084,234.372,152.88,na,dend[1003],0.6325994413727544
720575940620381575,435.372,233.424,152.84,435.292,233.536,152.84,na,dend[1060],0.6025932179421736
720575940609076693,409.976,246.712,151.24,410.012,246.616,151.28,na,dend[552],0.512855330537004
720575940617552541,427.896,267.008,133.04,427.964,267.116,133.04,na,dend[239],0.8908580965699698
720575940617552541,428.824,267.5,134.32,428.864,267.456,134.32,na,dend[250],0.8326615725067977
720575940612523571,415.128,291.4,110.04,415.14,291.276,110.04,na,dend[1204],0.5811447057452835
720575940634453093,418.368,290.048,106.52,418.4,290.12,106.52,na,dend[1519],1.0
720575940617575803,438.384,204.336,151.36,438.296,204.248,151.36,na,dend_11[0],0.4171414134613467
720575940634453093,414.604,280.852,105.92,414.728,280.88,105.92,na,dend[1686],0.9941196268492756
720575940610757952,415.864,276.896,107.32,415.728,276.872,107.32,na,dend[1677],0.961960042348455
720575940609673369,415.096,280.464,105.92,415.216,280.544,105.92,na,dend[1686],0.7162661026248889
720575940611904296,417.936,279.752,106.84,418.044,279.68,106.88,na,dend[1641],0.3267563410782224
720575940620348769,421.032,275.76,106.12,421.02,275.876,106.08,na,dend[1714],0.6873630458119653
720575940621301724,419.78,246.236,143.72,419.844,246.18,143.68,na,dend[1101],0.8252227894136461
720575940621819630,441.052,236.52,142.88,440.932,236.612,142.88,na,dend[786],0.7690041837799375
720575940629920056,440.076,236.32,144.04,440.012,236.424,144.04,na,dend[786],0.26702772581433215
720575940629920056,440.212,236.344,143.96,440.18,236.448,143.96,na,dend[786],0.32641707215670646
720575940621819630,440.424,236.568,143.92,440.28,236.632,143.96,na,dend[786],0.36271803237477307
720575940630277175,428.88,301.724,143.2,428.82,301.664,143.08,na,dend[1425],0.9543500738098858
720575940632649697,432.024,309.928,126.6,432.128,309.84,126.56,na,dend[1352],0.9197574241064999
720575940627420668,439.448,236.24,144.12,439.556,236.328,144.12,na,dend[786],0.13638121467067502
720575940586417476,437.112,231.38,143.4,437.064,231.472,143.4,na,dend[776],0.2419040265570123
720575940627373913,433.332,242.576,149.4,433.308,242.448,149.4,na,dend[804],0.392619928947936
720575940637471039,431.508,305.996,133.92,431.368,305.936,133.88,na,dend[1402],0.530250270999842
720575940612153086,418.94,277.136,143.72,419.064,277.108,143.72,na,dend[208],0.9801482858702263
720575940637471039,420.5,272.904,130.32,420.344,272.988,130.32,na,dend[200],0.8476509377391719
720575940625778428,414.724,246.884,142.92,414.752,246.984,142.88,na,dend[485],0.638006998621309
720575940624666245,414.448,246.816,143.52,414.544,246.936,143.52,na,dend[491],0.648626536914634
720575940613380914,414.464,248.528,143.6,414.384,248.488,143.64,na,dend[486],0.5729786527619238
720575940619709972,431.04,230.756,150.08,430.924,230.736,150.08,na,dend[1014],0.5042802788605193
720575940637471039,422.516,283.732,102.68,422.516,283.848,102.68,na,dend[1634],0.5576033681238906
720575940646341486,425.432,280.112,116.2,425.516,280.04,116.2,na,dend[1105],0.9707478631400214
720575940646341486,430.432,274.092,130.6,430.52,274.064,130.64,na,dend[1],0.8671266366177472
720575940617499205,410.636,244.816,149.96,410.756,244.9,149.96,na,dend[513],0.6766228685775473
720575940637561919,416.456,262.904,99.92,416.444,262.992,99.88,na,dend[127],0.9583610762010614
720575940633186530,408.776,243.144,147.36,408.724,243.072,147.4,na,dend[549],0.95575940304564
720575940646341486,425.532,283.312,107.52,425.46,283.172,107.48,na,dend[1159],0.3384094522191871
720575940633186530,408.968,243.168,147.56,408.848,243.124,147.6,na,dend[549],0.8844133922604774
720575940628779898,423.68,242.456,145.64,423.604,242.432,145.64,na,dend[971],1.0
720575940624201033,429.088,268.176,131.52,428.976,268.144,131.52,na,dend[235],0.6412090496263503
720575940628779898,437.268,238.804,144.04,437.292,238.952,144.0,na,dend[739],1.0
720575940628779898,417.304,259.396,129.64,417.408,259.5,129.64,na,dend[430],0.6606382480613516
720575940631924584,432.928,275.66,127.24,432.988,275.604,127.24,na,dend[0],1.0
720575940631924584,418.576,270.768,97.84,418.636,270.844,97.84,na,dend[2483],0.7535746136713235
720575940630277175,428.4,303.776,141.52,428.344,303.904,141.52,na,dend[1419],0.287042422773482
720575940631924584,423.536,269.536,107.04,423.56,269.692,107.04,na,dend[143],0.3292929715985596
720575940622657684,428.432,303.888,141.8,428.34,303.9,141.8,na,dend[1419],0.4196007940286253
720575940617467712,440.976,236.808,142.36,441.092,236.84,142.4,na,dend[786],0.9370459338744122
720575940631924584,428.256,268.74,130.64,428.16,268.592,130.64,na,dend[225],0.42748438586855486
720575940612203482,435.316,240.552,142.2,435.248,240.48,142.12,na,dend[727],0.21862710791132103
720575940613380914,438.792,237.144,141.32,438.696,237.224,141.28,na,dend[747],0.600535967397397
720575940584743214,438.784,237.724,141.4,438.76,237.856,141.4,na,dend[747],0.2734322354016338
720575940613380914,438.568,238.928,142.4,438.588,238.832,142.44,na,dend[745],0.45307072618771227
720575940613380914,438.44,239.12,142.6,438.528,239.096,142.64,na,dend[745],0.28078377652747116
720575940627263375,438.8,238.92,142.52,438.708,238.92,142.56,na,dend[745],0.3857823323028685
720575940617499205,411.268,245.256,149.24,411.344,245.34,149.24,na,dend[509],1.0
720575940640172221,425.612,244.02,141.32,425.532,244.032,141.28,na,dend[657],0.9479405720421508
720575940617499205,409.256,251.376,149.2,409.216,251.208,149.24,na,dend[503],0.30066252927249615
720575940622657684,429.652,304.924,141.44,429.512,305.0,141.48,na,dend[1416],0.7508979040316002
720575940617499205,408.704,244.356,149.04,408.608,244.424,149.04,na,dend[543],0.5827830795484421
720575940630713029,418.044,290.224,103.52,417.928,290.192,103.52,na,dend[1527],0.6237452182021304
720575940633044634,429.264,305.352,142.4,429.3,305.32,142.32,na,dend[1418],0.9477481598691972
720575940613497395,448.436,316.256,136.08,448.492,316.124,136.0,na,dend[1366],0.5604234296121501
720575940613497395,448.608,315.468,134.64,448.472,315.44,134.6,na,dend[1365],0.5647368425984924
720575940613497395,419.788,296.956,108.84,419.792,296.808,108.8,na,dend[1492],0.22662816211634673
720575940613603737,413.292,286.936,129.96,413.356,287.008,129.96,na,dend[1134],0.10178699222596452
720575940613603737,429.944,284.704,110.0,430.0,284.812,110.0,na,dend[1156],0.9477546213162763
720575940619377076,440.744,317.88,142.16,440.64,317.872,142.2,na,axon[2],0.2443079013618705
720575940613603737,430.632,284.972,109.76,430.648,284.896,109.76,na,dend[1157],0.5359368290604551
720575940613980327,440.744,317.92,142.2,440.584,317.912,142.16,na,axon[2],0.24374046270051314
720575940628306455,449.212,318.112,142.4,449.08,318.048,142.36,na,dend[1369],0.8405764127310712
720575940617575744,449.536,317.86,141.2,449.372,317.844,141.16,na,dend[1368],0.8914381212400958
720575940610116581,421.092,277.58,141.92,421.056,277.48,141.92,na,dend[208],0.7305038127960162
720575940611388141,420.672,277.328,142.84,420.544,277.332,142.8,na,dend[208],0.8383144171540509
720575940612153086,420.828,277.132,142.0,420.912,277.196,142.0,na,dend[208],0.7380949413989516
720575940627195691,409.736,278.072,92.08,409.828,277.98,92.04,na,dend[1909],0.7085006616877866
720575940625778428,415.096,246.848,142.6,415.136,246.952,142.6,na,dend[485],0.36806464213963513
720575940623957173,420.928,245.556,144.24,420.972,245.624,144.2,na,dend[643],0.7510937616039216
720575940627263375,414.712,288.768,100.92,414.684,288.884,100.92,na,dend[1601],0.0063377643186007596
720575940627195691,409.768,278.572,94.16,409.836,278.5,94.16,na,dend[1897],0.5117145595726131
720575940617716566,414.488,289.928,100.92,414.452,289.816,100.92,na,dend[1599],0.8475962389279043
720575940623957173,420.0,245.54,143.64,420.164,245.56,143.6,na,dend[1101],0.6103128440912207
720575940641545888,422.072,283.608,101.68,422.184,283.652,101.64,na,dend[1636],0.25392629721404164
720575940617442561,413.036,291.352,118.24,413.024,291.236,118.28,na,dend[1515],0.5214789541290465
720575940612422941,416.9,268.692,102.48,416.8,268.672,102.48,na,dend[111],0.6341487168461096
720575940637418549,414.216,291.24,101.16,414.048,291.204,101.12,na,dend[1577],0.7624459554573185
720575940623957173,415.068,264.232,101.36,415.124,264.188,101.4,na,dend[128],0.21176186595094612
720575940629708482,416.692,270.784,120.52,416.8,270.72,120.48,na,dend[318],1.0
720575940630223052,416.996,264.748,101.96,416.984,264.856,102.0,na,dend[134],0.9490992517287514
720575940638256949,413.828,287.452,102.36,413.776,287.56,102.36,na,dend[1523],0.6786254651611477
720575940628779898,436.332,238.84,145.52,436.272,238.724,145.56,na,dend[765],0.5571680384253377
720575940628779898,417.352,259.544,129.84,417.368,259.724,129.84,na,dend[430],0.5272330857698603
720575940614310802,435.496,278.712,100.84,435.484,278.816,100.84,na,dend[1956],0.8680971362536177
720575940622123981,408.056,280.972,101.96,408.136,280.912,101.96,na,dend[1873],0.5476778773475068
720575940622123981,408.008,281.04,102.12,408.088,280.988,102.12,na,dend[1873],0.6205512021636971
720575940612423197,415.696,276.88,100.92,415.56,276.848,100.88,na,dend[1775],0.7910511318891472
720575940637561919,430.704,305.24,134.08,430.776,305.404,134.08,na,dend[1402],1.0
720575940620054694,416.604,266.056,101.52,416.588,265.992,101.52,na,dend[120],0.9454146140494374
720575940622413948,416.624,266.028,101.56,416.596,265.948,101.6,na,dend[120],0.9544610374352033
720575940623957173,420.248,272.064,100.92,420.252,272.192,100.92,na,dend[2491],1.0
720575940623957173,420.06,272.028,100.84,420.012,272.164,100.84,na,dend[2491],0.9607789287975923
720575940625673196,448.656,318.692,145.04,448.772,318.616,145.04,na,dend[1375],0.4568086579433421
720575940627410944,419.216,283.12,84.52,419.064,283.112,84.48,na,dend[1999],0.5461490491935395
720575940635119723,420.624,250.436,133.16,420.648,250.556,133.16,na,dend[458],0.35778905505228703
720575940622254375,424.92,284.376,84.28,424.84,284.26,84.24,na,dend[2009],0.965582674631849
720575940621726698,416.196,265.024,127.96,416.32,265.024,128.0,na,dend[396],0.6736860466970935
720575940621726698,415.876,268.26,127.48,415.932,268.4,127.44,na,dend[391],0.8853568019614958
720575940617552541,428.66,267.86,133.96,428.836,267.792,133.92,na,dend[253],0.8494674719439883
720575940617552541,430.408,267.964,132.08,430.328,268.128,132.08,na,dend[231],0.4604174748979497
720575940438601503,416.568,266.528,85.0,416.692,266.48,85.0,na,dend[2428],0.6332243878571417
720575940624704393,417.74,273.816,84.88,417.812,273.892,84.88,na,dend[2411],0.532658015539715
720575940621717469,415.088,289.216,100.72,414.968,289.216,100.72,na,dend[1602],0.42062446126598346
720575940620348769,418.4,273.364,84.28,418.344,273.42,84.28,na,dend[2411],1.0
720575940620348769,418.424,273.516,84.64,418.336,273.536,84.6,na,dend[2411],0.8377588546680252
720575940604201830,409.272,287.684,85.64,409.272,287.784,85.68,na,dend[1810],0.793133316522529
720575940637418549,414.02,291.352,100.48,413.888,291.292,100.44,na,dend[1579],0.38664532898649207
720575940643439816,416.208,264.648,100.76,416.284,264.72,100.76,na,dend[125],0.8840151268446566
720575940627263375,412.512,291.16,100.28,412.64,291.288,100.28,na,dend[1581],0.3285167324305075
720575940631779532,403.204,246.568,156.8,403.08,246.652,156.8,na,dend[630],0.19760905394960568
720575940643439816,418.56,285.224,99.76,418.528,285.38,99.72,na,dend[1724],0.8240186543107255
720575940618599277,419.248,272.272,100.72,419.364,272.308,100.72,na,dend[2491],0.83413353676557
720575940603533246,410.7,278.808,99.52,410.66,278.652,99.52,na,dend[1861],0.8376947755389398
720575940635282910,408.432,278.96,99.76,408.292,278.972,99.76,na,dend[1871],0.7481834879340936
720575940627096957,441.08,311.024,129.24,441.1,311.136,129.24,na,dend[1389],0.7974850838211942
720575940625673196,458.088,261.6,123.68,458.224,261.496,123.68,na,dend_11[0],0.9494886543691761
720575940627096957,424.716,242.056,152.56,424.708,241.92,152.64,na,dend[900],0.3325875120704205
720575940614578071,407.344,276.744,100.28,407.336,276.688,100.32,na,dend[1870],0.9204319294871217
720575940637471039,420.94,266.592,100.72,420.852,266.62,100.72,na,dend[106],0.5551552476074868
720575940638291133,413.292,289.36,111.24,413.184,289.456,111.2,na,dend[1206],0.7311487871177338
720575940633186530,404.624,245.124,155.0,404.632,245.228,155.04,na,dend[626],0.7489321647917332
720575940620348769,420.384,285.712,111.04,420.384,285.6,111.04,na,dend[1176],0.783960235912258
720575940633186530,417.66,257.576,130.84,417.672,257.428,130.84,na,dend[438],0.7461993929315957
720575940613603737,423.608,284.232,112.28,423.552,284.128,112.32,na,dend[1115],0.4730917419469479
720575940630713029,421.648,297.624,110.96,421.52,297.62,110.92,na,dend[1311],0.8890018753637718
720575940633401199,412.94,295.392,111.8,412.996,295.264,111.84,na,dend[1230],1.0
720575940625345328,414.016,297.424,111.64,413.952,297.5,111.6,na,dend[1243],0.7429226467237691
720575940616633925,423.812,304.592,112.04,423.768,304.496,112.04,na,dend[1318],0.236668347251926
720575940628059722,428.872,267.556,131.36,428.788,267.432,131.32,na,dend[236],0.964337756192969
720575940628059722,429.216,267.4,131.88,429.196,267.524,131.84,na,dend[234],0.2266099720483869
720575940622838154,424.788,271.252,112.52,424.892,271.3,112.52,na,dend[167],0.023480186789850796
720575940627263375,417.304,294.212,111.8,417.284,294.332,111.8,na,dend[1226],0.9044861068768413
720575940607188036,424.836,302.012,111.72,424.728,301.988,111.76,na,dend[1315],0.4400716426477384
720575940606332629,424.608,303.08,111.88,424.464,303.036,111.88,na,dend[1315],1.0
720575940606332629,424.64,303.18,111.72,424.508,303.208,111.72,na,dend[1316],0.32657557306797674
720575940627490459,415.328,294.736,111.84,415.42,294.744,111.84,na,dend[1244],0.45767336308342826
720575940616633925,423.904,304.572,111.84,423.856,304.448,111.88,na,dend[1318],0.1952733968861053
720575940627263375,417.136,294.34,112.16,417.176,294.464,112.16,na,dend[1226],1.0
720575940632945177,415.172,294.344,112.08,415.244,294.452,112.08,na,dend[1244],0.9817707004006423
720575940627803241,416.94,294.696,112.2,417.0,294.576,112.2,na,dend[1228],0.02368318696298648
720575940627263375,418.36,294.568,111.36,418.452,294.46,111.36,na,dend[1226],0.5457586583361679
720575940611588835,418.996,292.584,111.64,418.896,292.5,111.64,na,dend[1502],0.5821498961363263
720575940618066415,424.36,281.008,111.64,424.284,281.108,111.68,na,dend[1110],0.5771126548891746
720575940627803241,420.26,280.832,111.12,420.168,280.92,111.08,na,dend[1167],0.5095248327425865
720575940639811469,412.296,281.716,111.76,412.232,281.624,111.76,na,dend[1646],0.4144248907784821
720575940611588835,429.096,280.676,112.52,429.0,280.696,112.48,na,dend[1109],0.9762278763598194
720575940633186530,414.12,285.736,111.12,414.124,285.832,111.16,na,dend[1194],0.7421574001917349
720575940638680654,421.08,274.424,112.0,421.176,274.468,112.0,na,dend[162],0.7664543890766782
720575940612423197,417.768,274.372,110.96,417.82,274.288,111.0,na,dend[76],0.9431153417240908
720575940612161936,419.332,274.904,112.48,419.224,274.876,112.48,na,dend[75],0.7731788542606174
720575940628942340,434.004,274.752,128.16,433.976,274.688,128.12,na,dend[1],0.2469365119718434
720575940628942340,434.136,274.9,128.08,434.084,274.748,128.08,na,dend[1],0.22998358459142404
720575940611588835,419.432,291.896,112.4,419.324,291.844,112.36,na,dend[1502],0.8163437691074028
720575940611588835,422.448,282.508,112.84,422.392,282.428,112.8,na,dend[1112],0.5553447697748817
720575940628710555,415.144,269.108,86.64,415.056,269.264,86.64,na,dend[2435],0.6885545379406585
720575940609084206,425.112,274.024,137.88,425.044,273.944,137.84,na,dend[21],0.5044221400738486
720575940635282910,410.972,288.304,104.4,410.868,288.36,104.4,na,dend[1543],0.537078414765054
720575940630713029,418.268,290.208,104.56,418.132,290.196,104.6,na,dend[1520],0.6154945767425144
720575940635282910,411.232,288.06,105.12,411.12,288.064,105.12,na,dend[1545],0.7908097306519253
720575940625345328,411.108,288.1,105.28,411.18,288.092,105.28,na,dend[1545],0.9886903829690535
720575940611828760,422.196,275.724,104.96,422.272,275.688,104.92,na,dend[1709],0.6139081042616362
720575940605214636,411.792,292.124,104.56,411.928,292.104,104.56,na,dend[1572],1.0
720575940621853847,420.08,276.672,104.4,420.056,276.78,104.4,na,dend[1706],1.0
720575940611588835,419.568,284.74,111.92,419.504,284.844,111.92,na,dend[1177],0.030800611193912746
720575940635282910,418.384,284.784,105.04,418.488,284.776,105.0,na,dend[1718],0.686527435881786
720575940621717469,417.976,291.668,113.8,418.0,291.592,113.8,na,dend[1506],0.7361248843450316
720575940611588835,423.508,270.064,106.92,423.512,269.896,106.92,na,dend[141],1.0
720575940621717469,414.876,286.404,111.6,414.94,286.316,111.6,na,dend[1195],1.0
720575940631735265,420.8,280.268,105.84,420.716,280.3,105.84,na,dend[1690],1.0
720575940612170896,420.572,280.352,105.56,420.656,280.26,105.56,na,dend[1690],1.0
720575940621717469,416.444,278.9,116.28,416.332,278.948,116.28,na,dend[57],0.5820205103180733
720575940621717469,420.768,269.18,125.36,420.844,269.104,125.36,na,dend[291],0.9485196954049018
720575940632945177,419.772,285.336,105.12,419.868,285.292,105.08,na,dend[1718],0.5043612639808002
720575940621717469,415.448,272.296,117.12,415.396,272.392,117.12,na,dend[275],0.10984481167880042
720575940621717469,414.296,290.668,116.96,414.34,290.748,116.96,na,dend[1513],0.6908098592716435
720575940621717469,414.848,286.032,110.16,414.944,286.064,110.12,na,dend[1192],0.14061223778633714
720575940637471039,409.996,287.944,105.4,409.92,287.824,105.4,na,dend[1549],0.6565830999181206
720575940627490459,413.068,292.324,105.68,413.088,292.424,105.68,na,dend[1574],1.0
720575940627490459,413.768,291.992,104.72,413.744,292.092,104.72,na,dend[1567],1.0
720575940624134296,410.976,287.148,104.28,411.128,287.244,104.24,na,dend[1554],0.6974669802940205
720575940635282910,410.968,287.708,104.6,410.844,287.732,104.56,na,dend[1544],0.4708514285725274
720575940627490459,407.18,276.488,100.2,407.24,276.556,100.24,na,dend[1870],0.9771759080355932
720575940627490459,414.552,295.584,111.28,414.488,295.568,111.16,na,dend[1229],0.6286344356603837
720575940627490459,413.876,295.216,111.6,413.752,295.232,111.6,na,dend[1230],0.5446689770233117
720575940627490459,411.184,285.46,101.8,411.26,285.36,101.8,na,dend[1725],0.9989429395230567
720575940627490459,415.208,295.032,111.48,415.308,295.008,111.48,na,dend[1229],0.16598143477744107
720575940627490459,412.28,276.736,116.36,412.4,276.724,116.36,na,dend[71],0.9835232577295013
720575940627490459,415.888,285.452,91.24,416.016,285.452,91.2,na,dend[1965],1.0
720575940627490459,434.392,309.772,127.24,434.496,309.772,127.24,na,dend[1353],0.1970122269295077
720575940627490459,415.76,262.024,128.8,415.644,262.008,128.76,na,dend[423],0.8340348627245323
720575940627490459,414.444,271.752,125.76,414.312,271.788,125.76,na,dend[308],0.10843571172701452
720575940627490459,418.592,296.112,120.48,418.592,296.212,120.52,na,dend[1276],0.20305121628862985
720575940627490459,418.612,295.988,120.84,418.68,296.096,120.88,na,dend[1276],0.34421163533117616
720575940627490459,413.296,284.624,97.12,413.428,284.596,97.12,na,dend[1770],0.6229087761158023
720575940627490459,432.488,309.116,126.32,432.548,309.212,126.28,na,dend[1444],0.9982317026468538
720575940627490459,407.448,275.276,93.56,407.52,275.36,93.56,na,dend[1902],0.9287967584647366
720575940627490459,413.536,291.416,103.08,413.476,291.396,103.08,na,dend[1564],0.6905762625632179
720575940617542872,439.264,236.96,145.76,439.112,237.084,145.76,na,dend[767],0.4608379093652395
720575940616166249,421.992,280.7,75.92,421.96,280.808,75.92,na,dend[2053],1.0
720575940627490459,419.708,282.408,114.64,419.696,282.488,114.6,na,dend[1181],1.0
720575940604201830,413.032,281.992,77.28,413.208,281.984,77.28,na,dend[2324],1.0
720575940604201830,414.44,270.976,66.96,414.496,271.1,66.92,na,dend[2177],0.11297257871800682
720575940623957173,406.052,244.096,159.72,406.148,244.18,159.76,na,dend[584],0.553597912767186
720575940624571116,417.232,289.336,90.2,417.184,289.22,90.2,na,dend[1969],1.0
720575940624571116,429.036,306.512,113.32,428.964,306.44,113.32,na,dend[1475],1.0
720575940624571116,421.564,283.58,94.2,421.496,283.484,94.2,na,dend[1958],0.2722477166539461
720575940624571116,413.916,269.672,86.64,414.0,269.732,86.64,na,dend[2437],0.9139035512003847
720575940622838154,437.72,198.64,160.08,437.784,198.72,160.12,na,dend_11[0],0.3294726594893223
720575940624571116,421.372,277.44,103.52,421.424,277.52,103.52,na,dend[1697],0.23169293459750667
720575940607765257,434.792,231.488,152.44,434.704,231.592,152.44,na,dend[1054],1.0
720575940605214636,422.0,270.536,73.56,422.136,270.588,73.56,na,dend[2142],1.0
720575940640926627,405.48,244.656,160.6,405.564,244.516,160.6,na,dend[587],0.3769912384595479
720575940605214636,405.68,281.124,93.8,405.752,281.056,93.8,na,dend[1850],0.41599137665753666
720575940638603709,417.856,266.212,100.04,417.996,266.192,100.0,na,dend[136],0.5621589455766108
720575940605214636,413.416,291.072,100.04,413.444,291.188,100.04,na,dend[1579],0.954440870887744
720575940605214636,412.968,291.148,100.36,412.892,291.228,100.36,na,dend[1581],0.1990906871733599
720575940628267264,421.348,280.856,107.04,421.356,280.736,107.04,na,dend[1690],1.0
720575940628267264,415.444,268.568,127.76,415.608,268.64,127.68,na,dend[392],0.9859825245868614
720575940628267264,413.656,271.6,125.6,413.74,271.68,125.6,na,dend[308],0.2574421066878429
720575940609076693,405.716,246.432,155.08,405.84,246.4,155.12,na,dend[624],0.4311722068362686
720575940620381575,419.664,244.04,155.4,419.6,243.864,155.4,na,dend[845],0.7845443487464381
720575940626591875,412.164,287.904,112.2,412.068,287.956,112.16,na,dend[1208],0.9400617863799966
720575940626591875,418.948,294.568,117.24,419.024,294.464,117.24,na,dend[1295],0.30881790546718835
720575940602113691,415.76,240.048,155.96,415.664,240.056,155.92,na,dend[939],0.1611712875647343
720575940631924584,420.612,281.396,110.0,420.664,281.564,110.0,na,dend[1160],1.0
720575940609076693,404.208,246.652,155.2,404.14,246.54,155.2,na,dend[629],0.21634882961568863
720575940640597237,432.924,309.424,125.4,432.836,309.508,125.4,na,dend[1351],0.4109272744485431
720575940623400629,417.848,284.56,118.04,417.84,284.652,118.04,na,dend[1121],0.5763136615190545
720575940623400629,414.432,282.976,79.04,414.4,282.844,79.04,na,dend[2362],0.5054871291586791
720575940574326738,416.264,265.36,118.4,416.428,265.384,118.36,na,dend[347],0.7842566112576733
720575940638603709,420.588,276.12,97.48,420.696,276.136,97.44,na,dend[1928],0.6088462656288501
720575940574326738,416.04,265.024,118.44,416.056,264.888,118.44,na,dend[349],0.7355845725633459
720575940621717469,420.928,265.264,118.52,420.812,265.32,118.52,na,dend[376],0.9421334453296628
720575940626591875,419.664,265.728,118.36,419.608,265.64,118.28,na,dend[376],0.6346315552869422
720575940627490459,412.468,291.508,118.64,412.556,291.424,118.6,na,dend[1515],1.0
720575940640172221,419.572,241.184,145.2,419.588,241.352,145.16,na,dend[818],1.0
720575940625146122,421.184,307.96,118.32,421.284,307.976,118.24,na,dend[1470],1.0
720575940620694015,430.928,308.996,119.2,430.808,309.088,119.24,na,dend[1334],0.9807615607018544
720575940641464309,424.208,307.524,120.6,424.136,307.496,120.6,na,dend[1323],0.3066092203882831
720575940605214636,421.128,308.096,117.6,421.064,308.032,117.64,na,dend[1471],0.7574311958908457
720575940641464309,417.444,255.776,133.68,417.356,255.864,133.68,na,dend[446],0.28641289466651115
720575940641464309,419.048,274.032,120.84,418.964,273.94,120.84,na,dend[173],0.34093414122368404
720575940624349993,422.256,271.684,118.68,422.192,271.692,118.68,na,dend[171],0.2824315185874462
720575940613603737,421.588,292.332,118.8,421.448,292.316,118.76,na,dend[1307],1.0
720575940639241279,416.42,275.536,116.52,416.516,275.588,116.52,na,dend[72],0.7668031933475
720575940580242343,413.764,267.268,118.0,413.62,267.332,117.96,na,dend[331],0.551385145577636
720575940641464309,413.776,278.08,115.88,413.92,278.016,115.84,na,dend[44],0.7357273476822643
720575940644447511,414.104,267.7,117.64,413.976,267.62,117.64,na,dend[331],0.7203365882355025
720575940639241279,424.704,269.64,125.2,424.728,269.756,125.2,na,dend[194],0.46132639755552046
720575940610821696,416.824,276.792,118.96,416.724,276.908,118.96,na,dend[61],0.870605637844921
720575940629708482,414.316,262.212,118.8,414.516,262.268,118.8,na,dend[364],0.9868973636439359
720575940611904296,431.564,279.304,117.68,431.432,279.252,117.72,na,dend[32],0.8442324010187647
720575940623400629,417.6,284.792,118.4,417.6,284.924,118.4,na,dend[1121],0.6272162402212964
720575940627201579,417.908,285.328,118.4,417.76,285.272,118.4,na,dend[1121],0.6199868387366293
720575940623400629,417.564,284.828,118.56,417.576,284.944,118.56,na,dend[1121],0.6420481648127181
720575940632649697,408.852,279.66,118.96,409.012,279.672,118.92,na,dend[47],1.0
720575940620543025,448.112,317.228,148.72,448.04,317.292,148.72,na,axon[2],0.3505249681415752
720575940632649697,409.192,279.2,119.0,409.264,279.304,119.0,na,dend[48],0.8735656779485101
720575940625012204,408.788,280.592,119.16,408.78,280.528,119.08,na,dend[54],0.8169909187159182
720575940602380768,421.864,306.784,117.84,421.776,306.872,117.84,na,dend[1466],0.6506047297019889
720575940602380768,423.092,307.096,117.96,423.124,307.192,117.92,na,dend[1464],0.5112152227801582
720575940629310970,418.48,272.772,119.16,418.584,272.84,119.16,na,dend[270],0.7033988691753293
720575940627490459,419.476,272.216,119.08,419.5,272.284,119.12,na,dend[281],0.3551717452505556
720575940625483962,426.232,280.28,116.52,426.232,280.188,116.52,na,dend[1105],0.7439705528349683
720575940625483962,425.944,280.804,116.36,425.976,280.976,116.36,na,dend[1107],0.7903995256795516
720575940639241279,418.132,272.272,118.56,418.016,272.304,118.56,na,dend[271],0.3613122043732231
720575940639241279,418.368,272.168,119.0,418.304,272.28,119.04,na,dend[271],0.07075077192332763
720575940629310970,417.912,257.38,130.52,417.924,257.264,130.56,na,dend[438],0.8923003603669362
720575940625483962,433.964,274.556,127.92,434.02,274.712,127.92,na,dend[1],0.21979981147949137
720575940625483962,416.712,271.82,124.0,416.748,271.712,124.0,na,dend[304],0.3920595418723292
720575940639241279,423.276,271.048,122.08,423.184,271.148,122.04,na,dend[184],0.8891950408507415
720575940639241279,423.156,271.112,121.08,423.156,271.224,121.08,na,dend[264],0.7146388275558089
720575940612146174,420.18,283.016,90.48,420.072,283.064,90.48,na,dend[1988],0.3946909402286473
720575940611397166,416.036,260.524,131.88,416.148,260.476,131.88,na,dend[437],0.16202128694892398
720575940624846517,425.304,268.544,133.4,425.28,268.592,133.4,na,dend[257],0.7951622725984573
720575940624846517,423.28,242.648,153.28,423.388,242.552,153.32,na,dend[897],0.2549793262007986
720575940611588835,423.744,279.316,90.32,423.808,279.2,90.28,na,dend[2387],0.7495484434752133
720575940627420668,417.732,267.36,89.8,417.62,267.384,89.76,na,dend[2425],0.4268942814683537
720575940618599277,418.824,279.644,89.4,418.732,279.556,89.4,na,dend[2385],0.25830105591808966
720575940609673369,415.832,278.048,89.2,415.852,277.92,89.2,na,dend[2503],0.2646851536276637
720575940632102564,424.94,304.616,126.08,424.868,304.704,126.08,na,dend[1326],0.4170258848674423
720575940620980323,410.936,287.236,90.28,411.048,287.228,90.24,na,dend[1812],1.0
720575940635545310,423.388,286.26,89.32,423.3,286.136,89.28,na,dend[1976],0.9994600747832533
720575940639811469,414.952,271.048,94.24,414.872,271.136,94.24,na,dend[2466],0.293788626421132
720575940616146793,425.976,272.232,95.12,426.088,272.3,95.08,na,dend[1939],0.6436105358013161
720575940630223052,426.484,271.408,95.4,426.448,271.512,95.44,na,dend[1940],0.8915681575385208
720575940620348769,418.52,272.936,111.32,418.464,273.036,111.32,na,dend[80],0.30615656421617476
720575940620348769,416.284,289.128,103.24,416.372,289.212,103.24,na,dend[1522],0.4077661739195655
720575940620348769,418.528,273.024,111.48,418.488,273.136,111.52,na,dend[80],0.18270784385508995
720575940620348769,423.016,274.336,104.4,422.932,274.436,104.4,na,dend[1711],0.33478398681931004
720575940620348769,416.236,272.748,89.36,416.348,272.632,89.4,na,dend[2452],0.683683597411269
720575940620348769,414.172,278.256,89.68,413.984,278.228,89.68,na,dend[2503],0.4798095384625343
720575940626164938,408.684,288.052,85.16,408.712,287.956,85.12,na,dend[1810],1.0
720575940613369391,423.464,278.348,95.48,423.408,278.46,95.44,na,dend[1918],0.8482811425206234
720575940627410944,418.012,283.544,95.52,418.128,283.532,95.52,na,dend[1731],1.0
720575940620348769,416.14,278.092,108.04,416.316,278.016,108.0,na,dend[1681],0.7061607411684445
720575940628267264,413.804,284.436,94.48,413.956,284.436,94.48,na,dend[1767],1.0
720575940604201830,414.372,284.252,94.64,414.304,284.152,94.64,na,dend[1767],0.9892105349574548
720575940623957173,413.888,284.34,94.96,414.008,284.372,94.92,na,dend[1767],0.8460012607594914
720575940628267264,413.78,284.42,94.64,413.9,284.424,94.64,na,dend[1767],0.9629381251649183
720575940635282910,418.728,274.872,89.4,418.676,274.82,89.28,na,dend[2499],0.961719546776785
720575940635282910,418.264,273.376,89.8,418.412,273.284,89.8,na,dend[2444],0.6044245757639355
720575940616493853,425.436,273.908,94.32,425.528,273.852,94.32,na,dend[1938],0.8329751154950698
720575940627803241,414.964,273.712,89.32,414.888,273.576,89.32,na,dend[2459],0.49954366313599674
720575940616114132,422.056,281.544,95.52,422.128,281.652,95.52,na,dend[1917],0.6032059803371023
720575940603533246,406.592,280.648,95.2,406.628,280.776,95.16,na,dend[1849],0.2824722541153256
720575940624533956,410.1,281.572,94.68,410.064,281.648,94.68,na,dend[1782],0.7654097374179287
720575940626901136,417.648,290.944,115.04,417.552,290.852,115.04,na,dend[1509],0.10724399821747013
720575940627490459,411.36,285.616,94.24,411.264,285.692,94.2,na,dend[1747],0.771243097460993
720575940626901136,507.616,315.216,153.44,507.736,315.128,153.44,na,axon[28],0.8248739814120465
720575940627490459,411.224,285.512,94.32,411.212,285.608,94.32,na,dend[1747],0.6465760310409467
720575940604201830,407.904,286.796,94.68,408.012,286.868,94.72,na,dend[1746],1.0
720575940626901136,414.928,285.98,111.4,414.972,286.136,111.4,na,dend[1195],0.8314111283377358
720575940622318599,441.704,311.304,129.16,441.612,311.224,129.2,na,dend[1389],0.9849084248334598
720575940637471039,417.512,263.016,128.04,417.44,263.08,128.04,na,dend[397],0.9769780832957842
720575940626901136,408.716,289.108,91.12,408.592,289.096,91.12,na,dend[1754],0.8101582475687092
720575940622318599,423.972,305.708,124.84,423.952,305.624,124.8,na,dend[1325],1.0
720575940637471039,426.108,307.572,123.92,426.296,307.552,123.92,na,dend[1455],0.7587770757390935
720575940637471039,411.34,279.076,116.8,411.364,279.0,116.84,na,dend[47],0.4084274182816881
720575940637471039,417.504,262.944,128.24,417.432,262.988,128.24,na,dend[397],1.0
720575940637471039,411.8,278.976,116.4,411.828,278.876,116.4,na,dend[47],0.28234622800575554
720575940637471039,445.056,310.512,133.76,445.104,310.396,133.76,na,dend[1386],0.3074127029276004
720575940637471039,444.92,310.624,133.6,444.844,310.548,133.56,na,dend[1386],0.19348080786794344
720575940637471039,420.92,266.204,99.72,420.944,266.024,99.72,na,dend[106],0.7767003077826407
720575940643439816,421.072,247.944,137.52,421.14,247.876,137.56,na,dend[474],0.8498579666545444
720575940631924584,418.624,270.896,97.48,418.612,271.016,97.48,na,dend[2483],0.5274947968109843
720575940631924584,420.464,281.336,110.04,420.428,281.432,110.04,na,dend[1162],0.7570648380408523
720575940631924584,424.432,272.44,112.32,424.416,272.256,112.32,na,dend[165],0.52556801254487
720575940643439816,418.368,269.296,98.52,418.192,269.34,98.52,na,dend[2489],0.7068164490453317
720575940609076693,425.288,244.324,146.64,425.236,244.216,146.64,na,dend[811],0.9285235897145611
720575940637471039,422.768,284.152,102.4,422.632,284.224,102.4,na,dend[1635],0.8633421952515206
720575940660314241,408.16,277.116,94.24,408.024,277.2,94.2,na,dend[1906],0.953669758621564
720575940609076693,402.852,246.732,156.68,402.956,246.688,156.72,na,dend[630],0.18283795677415896
720575940643439816,408.868,247.892,154.68,408.784,247.76,154.64,na,dend[558],0.9252778780917131
720575940660314241,415.752,248.016,142.6,415.612,247.932,142.64,na,dend[485],0.30003375623017436
720575940609076693,417.4,245.064,150.12,417.408,244.988,150.16,na,dend[910],1.0
720575940609076693,437.884,232.616,145.92,437.972,232.732,145.92,na,dend[772],0.8584930164583685
720575940609076693,407.92,246.372,152.96,407.952,246.272,152.96,na,dend[555],0.8095718600498563
720575940609076693,406.504,246.296,154.28,406.572,246.196,154.32,na,dend[623],0.4696034759325737
720575940609076693,440.072,240.0,145.08,440.108,239.988,145.0,na,dend[750],1.0
720575940609076693,432.992,242.312,148.64,433.024,242.408,148.64,na,dend[797],0.8830995462236353
720575940609076693,419.104,245.412,148.32,419.0,245.432,148.32,na,dend[907],0.13782868930342745
720575940609076693,436.56,230.94,148.8,436.632,231.056,148.76,na,dend[1057],1.0
720575940609076693,410.34,246.788,150.8,410.232,246.672,150.84,na,dend[552],0.7898671465583267
720575940609076693,410.264,246.732,151.08,410.152,246.612,151.08,na,dend[552],0.6276515847752661
720575940609076693,419.68,256.34,133.32,419.784,256.284,133.32,na,dend[444],0.694312071274561
720575940609076693,424.164,244.864,143.36,424.144,244.756,143.36,na,dend[668],0.9450333451431894
720575940609076693,419.768,257.848,133.04,419.664,257.94,133.08,na,dend[440],0.3165926484049883
720575940609076693,435.232,233.184,144.16,435.244,233.272,144.12,na,dend[778],0.8371070067910116
720575940621618859,428.32,268.236,130.68,428.264,268.32,130.68,na,dend[225],0.4658931885321627
720575940624533956,415.16,266.48,119.0,415.284,266.564,119.0,na,dend[343],0.9029198498654335
720575940609076693,435.392,233.16,144.2,435.444,233.288,144.2,na,dend[778],0.7018896244995085
720575940624533956,419.964,251.944,131.84,419.86,251.896,131.8,na,dend[467],0.9988693804075522
720575940624533956,413.344,278.112,65.52,413.236,278.092,65.52,na,dend[2213],0.5009655271514774
720575940624533956,410.588,280.652,96.8,410.6,280.764,96.76,na,dend[1880],0.6973672033829503
720575940632008109,404.272,240.072,164.96,404.368,240.168,164.96,na,dend[602],0.7890821994242598
720575940604954289,404.224,240.144,164.96,404.344,240.148,164.88,na,dend[602],0.8272131719085067
720575940627096957,416.336,265.768,118.36,416.364,265.696,118.4,na,dend[347],0.6731982567070861
720575940630258003,413.656,282.96,97.56,413.748,282.972,97.52,na,dend[1736],0.43690791593133593
720575940644632087,416.7,277.128,119.16,416.712,277.008,119.16,na,dend[61],0.9481178799737262
720575940606332629,428.08,271.5,97.48,428.072,271.408,97.48,na,dend[1943],0.19756675140755264
720575940622123981,409.576,290.056,97.52,409.52,289.948,97.52,na,dend[1590],0.2880328686022629
720575940627410944,429.656,271.46,98.44,429.576,271.288,98.48,na,dend[1943],0.7291369751375034
720575940621717469,418.86,271.248,98.68,418.752,271.24,98.64,na,dend[2484],1.0
720575940632945177,415.752,278.12,97.84,415.636,278.128,97.8,na,dend[1772],1.0
720575940627096957,426.864,280.416,97.6,426.92,280.512,97.6,na,dend[1953],1.0
720575940609268491,420.42,276.06,98.04,420.544,276.132,98.0,na,dend[1928],0.7348993072344544
720575940604201830,406.392,279.528,98.64,406.336,279.428,98.64,na,dend[1867],0.9218952539490909
720575940602380768,411.44,280.976,98.24,411.34,280.884,98.24,na,dend[1883],0.3480995257708147
720575940617467712,412.2,290.12,101.68,412.336,290.06,101.64,na,dend[1563],0.5686947885434344
720575940627263375,410.616,278.7,98.56,410.488,278.7,98.52,na,dend[1860],0.7617115177835143
720575940635282910,410.072,278.688,98.48,410.184,278.784,98.44,na,dend[1860],0.6608914931934369
720575940617467712,441.712,312.788,131.16,441.864,312.904,131.16,na,dend[1381],0.2293923380449632
720575940646400644,425.928,303.332,111.24,425.904,303.256,111.28,na,dend[1316],1.0
720575940611905177,439.448,312.912,129.64,439.472,312.8,129.64,na,dend[1354],0.35156068182681893
720575940611905177,438.952,312.512,129.0,439.072,312.44,129.0,na,dend[1353],0.976259537421159
720575940617499205,409.788,245.168,149.52,409.648,245.208,149.52,na,dend[539],0.7244753646620249
720575940638680654,411.84,286.212,121.36,411.9,286.292,121.4,na,dend[1125],0.2891158603820969
720575940638680654,411.572,286.328,121.8,411.584,286.448,121.76,na,dend[1125],0.763848507008875
720575940604201830,409.08,275.444,72.2,409.184,275.488,72.2,na,dend[2157],0.9348498787103838
720575940611588835,416.728,294.268,118.76,416.808,294.32,118.8,na,dend[1268],0.40943728528386625
720575940611588835,417.28,294.604,112.4,417.22,294.468,112.4,na,dend[1226],1.0
720575940638680654,415.12,273.436,89.2,415.06,273.516,89.2,na,dend[2459],0.371916850906639
720575940611588835,415.9,279.928,87.12,416.068,279.94,87.12,na,dend[1991],0.44659330459911273
720575940620117670,433.344,242.128,149.96,433.468,242.244,149.96,na,dend[804],0.6822677060934976
720575940622673860,418.5,264.936,116.92,418.608,264.92,116.96,na,dend[356],0.9468283232996754
720575940634826676,426.872,273.744,134.56,426.912,273.8,134.56,na,dend[9],0.3467481216115553
720575940610638434,420.488,282.132,82.2,420.396,282.168,82.16,na,dend[2291],0.8504530266837469
720575940638291133,415.424,280.576,105.8,415.292,280.52,105.8,na,dend[1686],0.6873667938532604
720575940638291133,422.768,245.684,137.44,422.72,245.552,137.44,na,dend[638],0.973097272336851
720575940624571116,425.2,282.092,82.16,425.128,282.18,82.12,na,dend[2005],0.9523327743912396
720575940603533246,408.944,281.544,80.84,408.868,281.676,80.84,na,dend[2349],0.6281145492138943
720575940621533867,425.472,306.824,116.12,425.412,306.708,116.08,na,dend[1473],0.3187955654678792
720575940622318599,419.884,278.808,81.92,419.788,278.744,81.92,na,dend[2065],0.31721657560864963
720575940621533867,425.172,305.336,113.16,425.096,305.212,113.2,na,dend[1319],0.08457447193474002
720575940622123981,419.528,278.568,82.16,419.624,278.512,82.16,na,dend[2065],0.4087459557813243
720575940627218882,408.508,278.92,82.08,408.376,278.84,82.08,na,dend[2372],0.7233648626474309
720575940603533246,422.324,284.636,113.36,422.276,284.764,113.36,na,dend[1115],0.8455281880426815
720575940603533246,422.392,282.948,113.48,422.512,282.928,113.44,na,dend[1111],0.956083651343789
720575940621838571,418.496,283.836,113.88,418.612,283.852,113.88,na,dend[1177],0.9686847202724435
720575940625673196,448.6,318.44,145.44,448.628,318.308,145.44,na,dend[1377],0.17671317028003708
720575940606332629,417.3,297.4,113.44,417.256,297.3,113.4,na,dend[1255],0.5762747768629989
720575940625673196,448.296,318.66,144.12,448.352,318.704,144.12,na,dend[1371],0.7876083383826318
720575940606332629,417.664,297.192,113.6,417.632,297.124,113.6,na,dend[1255],1.0
720575940632649697,417.356,296.956,113.16,417.272,297.032,113.16,na,dend[1255],0.40282986390328784
720575940627096957,425.208,268.848,71.6,425.22,268.988,71.56,na,dend[2133],0.7691502397434322
720575940637663662,420.248,295.648,112.8,420.204,295.76,112.8,na,dend[1249],0.5725747702459282
720575940623957173,407.912,280.072,101.0,407.88,280.136,101.0,na,dend[1872],1.0
720575940632226495,427.804,306.384,113.96,427.828,306.512,113.96,na,dend[1474],0.9471995167415075
720575940623957173,406.012,244.236,159.56,406.064,244.336,159.56,na,dend[584],0.38734370137513885
720575940627096957,421.892,253.168,135.88,421.876,253.316,135.88,na,dend[452],1.0
720575940630713029,425.36,304.984,113.32,425.264,305.048,113.32,na,dend[1319],0.008421867588159373
720575940611904296,420.608,294.508,114.04,420.452,294.52,114.0,na,dend[1259],0.887430029268766
720575940630713029,425.492,304.884,113.4,425.376,304.82,113.44,na,dend[1474],0.21969068155837942
720575940637663662,419.3,274.48,113.56,419.184,274.616,113.52,na,dend[170],1.0
720575940620694015,423.376,301.184,112.8,423.316,301.132,112.76,na,dend[1480],1.0
720575940627439592,432.14,243.268,147.76,432.092,243.16,147.76,na,dend[796],0.7102019627009909
720575940603533246,417.988,281.516,113.52,417.872,281.376,113.52,na,dend[1173],0.5855838476335439
720575940603533246,417.984,281.092,114.16,417.92,281.036,114.2,na,dend[1173],1.0
720575940628710555,419.924,281.1,84.44,419.832,281.232,84.44,na,dend[1999],1.0
720575940627263375,412.384,281.448,112.64,412.332,281.536,112.64,na,dend[1646],0.6215924966341433
720575940628710555,423.476,307.168,122.12,423.624,307.18,122.12,na,dend[1323],0.7466619041262996
720575940604201830,417.976,281.064,112.72,418.052,280.976,112.72,na,dend[1171],1.0
720575940603533246,418.0,281.184,113.32,417.94,281.28,113.28,na,dend[1173],0.41944361979049544
720575940397474716,412.264,281.76,113.08,411.968,281.708,113.12,na,dend[1646],0.7833884719667542
720575940622318599,434.984,278.832,100.8,435.156,278.832,100.8,na,dend[1956],0.8359982642803964
720575940610423235,411.148,281.224,113.96,411.248,281.188,113.96,na,dend[1648],0.4845820181607665
720575940625673196,449.42,318.512,145.44,449.356,318.36,145.44,na,dend[1376],0.8325593546958064
720575940625673196,450.144,316.568,136.52,450.244,316.456,136.52,na,dend[1378],0.7192419276539072
720575940638256949,419.76,276.796,69.08,419.66,276.768,69.08,na,dend[2096],0.0007451191007956616
720575940626901136,409.276,288.464,92.56,409.188,288.348,92.56,na,dend[1754],0.09911878551845466
720575940624562618,423.488,279.568,95.8,423.42,279.656,95.8,na,dend[1917],1.0
720575940621819630,440.928,236.392,143.12,440.832,236.356,143.12,na,dend[786],0.6700753485506662
720575940617123814,411.16,292.556,101.28,411.192,292.408,101.28,na,dend[1597],1.0
720575940614633867,423.724,245.808,146.24,423.624,245.756,146.2,na,dend[669],0.932942129044702
720575940639241279,423.136,245.776,146.2,423.268,245.772,146.2,na,dend[669],0.9839998091456048
720575940606336213,421.232,244.024,147.24,421.216,243.94,147.24,na,dend[823],0.14048056129874847
720575940639241279,431.24,243.252,146.52,431.328,243.352,146.52,na,dend[794],0.47245888918832957
720575940621976097,424.924,243.92,146.36,424.984,244.044,146.36,na,dend[811],0.8686044590991445
720575940621326812,425.392,244.024,146.68,425.304,244.204,146.72,na,dend[811],0.9483323779726018
720575940606336213,419.136,244.776,147.28,419.244,244.832,147.32,na,dend[906],0.785701517617105
720575940606336213,420.824,244.028,147.32,420.884,243.928,147.36,na,dend[823],0.15133224528848063
720575940641211520,505.748,308.592,146.48,505.616,308.508,146.48,na,axon[52],0.963278272231424
720575940623957173,413.512,245.376,147.32,413.428,245.376,147.32,na,dend[495],0.5190815201390874
720575940639241279,431.912,242.792,146.88,431.912,242.884,146.88,na,dend[794],0.712215442054073
720575940610505006,505.248,308.952,147.32,505.14,308.94,147.32,na,axon[53],1.0
720575940606336213,432.68,242.28,147.32,432.684,242.44,147.32,na,dend[808],0.9994526535051018
720575940609076693,431.776,242.784,147.72,431.904,242.884,147.72,na,dend[796],0.5404975384565648
720575940611268828,433.656,239.264,146.36,433.58,239.332,146.32,na,dend[790],0.7850917019986511
720575940610116581,443.664,240.708,146.2,443.644,240.592,146.2,na,dend[754],1.0
720575940606336213,438.78,235.368,146.48,438.652,235.352,146.4,na,dend[771],0.27643910594983767
720575940610116581,443.176,240.728,146.44,443.18,240.608,146.48,na,dend[754],0.8972907674367144
720575940615752774,423.784,240.92,147.12,423.896,240.9,147.16,na,dend[975],0.861354477122133
720575940627263375,418.176,242.136,146.76,418.248,242.084,146.72,na,dend[817],0.9565341001660506
720575940621365236,424.06,238.028,147.4,423.972,238.056,147.36,na,dend[1091],1.0
720575940621726698,438.752,237.868,146.76,438.728,237.712,146.72,na,dend[769],0.7890759226387666
720575940628894251,424.768,304.192,127.0,424.72,304.08,127.0,na,dend[1326],0.6617741550177229
720575940628894251,415.148,287.704,128.28,414.988,287.692,128.24,na,dend[1131],0.6968327050519401
720575940628894251,418.9,274.196,121.48,418.84,274.112,121.44,na,dend[174],0.9858092316097671
720575940623878891,424.804,245.172,140.28,424.792,245.048,140.32,na,dend[651],1.0
720575940628894251,418.704,274.268,121.68,418.616,274.212,121.68,na,dend[175],0.06477035322607996
720575940628894251,448.828,317.084,137.92,448.976,316.992,137.96,na,dend[1367],0.27787913656035945
720575940630713029,418.152,290.504,104.56,418.008,290.476,104.52,na,dend[1520],0.6444289363262092
720575940630713029,418.98,294.12,108.24,418.968,294.2,108.24,na,dend[1499],0.4975985317587251
720575940620381575,420.416,249.384,136.28,420.428,249.24,136.24,na,dend[472],0.9502936202427293
720575940628894251,415.376,286.008,120.08,415.46,286.12,120.12,na,dend[1121],0.9450250185510515
720575940628894251,431.604,278.632,119.32,431.544,278.528,119.32,na,dend[32],0.7410195564633729
720575940628894251,418.888,274.196,121.64,418.776,274.12,121.6,na,dend[175],0.025798416254650312
720575940628894251,425.024,276.612,118.48,425.036,276.472,118.48,na,dend[34],0.4119399875917257
720575940628894251,419.104,274.136,121.84,419.152,274.064,121.84,na,dend[182],0.9406102251718581
720575940628894251,414.98,287.94,128.76,414.928,288.06,128.76,na,dend[1131],0.8996097832761503
720575940610116581,421.384,277.056,140.16,421.392,276.96,140.16,na,dend[208],0.5209371278831443
720575940610116581,421.388,277.088,140.32,421.396,276.992,140.32,na,dend[208],0.5385712554996469
720575940624743946,429.084,302.14,140.24,429.1,302.028,140.2,na,dend[1422],0.7814662830560954
720575940609076693,421.76,246.528,140.28,421.668,246.464,140.28,na,dend[637],1.0
720575940614633867,419.36,248.388,139.92,419.44,248.288,139.92,na,dend[473],1.0
720575940611388141,425.656,272.224,139.72,425.716,272.176,139.72,na,dend[16],0.8792441575730846
720575940611388141,425.552,272.564,139.72,425.64,272.6,139.76,na,dend[17],1.0
720575940617552541,429.864,267.568,131.76,429.744,267.352,131.8,na,dend[234],0.9235361586610358
720575940611904296,428.756,304.912,140.44,428.592,304.888,140.44,na,dend[1420],0.8236848319448192
720575940617552541,429.744,267.512,131.84,429.548,267.464,131.84,na,dend[234],0.6522425414238596
720575940617552541,431.888,267.732,131.36,431.744,267.66,131.36,na,dend[231],0.8985185454931625
720575940611397166,413.344,240.248,161.4,413.232,240.272,161.4,na,dend[960],0.8652913408910271
720575940621819630,434.728,241.62,150.2,434.636,241.544,150.24,na,dend[806],0.652528081046851
720575940631153194,431.632,307.504,132.64,431.564,307.396,132.64,na,dend[1399],1.0
720575940621819630,441.164,237.0,142.16,441.16,236.888,142.16,na,dend[786],1.0
720575940627490459,443.444,310.932,132.28,443.596,310.956,132.32,na,dend[1384],0.5880071899128234
720575940646400644,443.772,310.824,132.2,443.664,310.868,132.16,na,dend[1384],0.9444841129875927
720575940604201830,445.348,314.656,132.32,445.448,314.568,132.32,na,dend[1363],0.469323214233733
720575940646400644,444.228,310.94,132.64,444.22,310.964,132.68,na,dend[1385],0.47886417274821896
720575940604201830,442.584,313.936,131.08,442.572,313.832,131.08,na,dend[1380],0.5767832016614228
720575940627490459,442.984,311.192,132.4,442.98,311.296,132.44,na,dend[1383],0.5410265690382081
720575940646400644,444.136,311.0,132.52,444.024,311.056,132.48,na,dend[1383],1.0
720575940627490459,443.48,311.048,132.44,443.556,311.116,132.44,na,dend[1383],0.8582534674638592
720575940629920056,421.308,249.556,131.16,421.216,249.68,131.12,na,dend[460],0.7732814260650867
720575940643439816,420.56,249.172,131.48,420.608,249.26,131.48,na,dend[460],0.36318959276557206
720575940606383349,419.28,246.984,132.2,419.184,246.884,132.16,na,dend[462],0.47564656456123827
720575940643439816,419.864,248.172,132.12,419.792,248.264,132.12,na,dend[461],0.43432662921927295
720575940643439816,420.024,248.272,132.16,419.976,248.388,132.2,na,dend[461],0.34487058173490204
720575940629920056,421.464,249.58,131.2,421.4,249.656,131.24,na,dend[460],0.7999505435503579
720575940610638434,423.0,268.992,73.16,422.848,268.88,73.16,na,dend[2130],0.6902923583315609
720575940610638434,422.608,269.856,73.16,422.492,269.836,73.16,na,dend[2130],0.20459972163820364
720575940625483962,413.66,287.776,131.32,413.704,287.72,131.32,na,dend[1151],0.19630568508037283
720575940625483962,414.528,287.472,131.4,414.408,287.42,131.4,na,dend[1152],0.29195187114551935
720575940618886710,429.516,268.096,132.24,429.588,268.168,132.2,na,dend[231],0.2638546966685081
720575940610116581,426.016,268.564,132.6,425.928,268.616,132.6,na,dend[256],0.7347205118799947
720575940631735265,432.096,307.572,131.76,432.084,307.464,131.72,na,dend[1399],0.7425825787760877
720575940631735265,431.988,307.56,131.92,431.948,307.472,131.92,na,dend[1399],0.8023963908328434
720575940609522382,429.98,273.036,131.64,429.9,273.12,131.64,na,dend[4],1.0
720575940617552541,428.124,266.736,132.68,428.068,266.828,132.64,na,dend[241],0.6663079408410403
720575940625483962,419.84,274.156,131.44,419.744,274.12,131.4,na,dend[211],0.8022001634316672
720575940600890741,419.36,274.644,132.0,419.44,274.512,132.04,na,dend[204],0.4156690857366912
720575940639241279,428.584,273.488,132.24,428.556,273.628,132.24,na,dend[5],0.6964476050354693
720575940625483962,420.088,275.048,132.0,419.928,275.032,131.96,na,dend[205],1.0
720575940624571116,429.104,309.432,119.16,429.176,309.4,119.2,na,dend[1334],0.5472915029597545
720575940624571116,420.072,275.54,99.24,420.064,275.752,99.16,na,dend[1929],0.9794710473351876
720575940624571116,418.36,294.592,109.76,418.468,294.596,109.76,na,dend[1224],1.0
720575940624571116,418.584,277.728,86.2,418.536,277.864,86.2,na,dend[2396],0.7990852044673453
720575940624571116,420.236,275.58,99.2,420.208,275.676,99.2,na,dend[1929],0.6405544807889095
720575940624571116,423.412,274.152,103.48,423.48,274.22,103.48,na,dend[1712],0.585112164745859
720575940624571116,421.144,283.728,92.68,421.092,283.628,92.68,na,dend[1976],0.1874316643197781
720575940624571116,421.5,283.496,93.76,421.376,283.408,93.76,na,dend[1958],0.41073640701699243
720575940624571116,418.036,273.364,73.64,418.136,273.32,73.6,na,dend[2112],0.4959069482750872
720575940624571116,415.728,273.308,74.68,415.668,273.384,74.68,na,dend[2150],0.9401668647597176
720575940628485596,417.876,261.316,131.08,417.944,261.164,131.12,na,dend[429],0.6911375579151374
720575940611397166,417.104,260.976,131.8,417.216,260.904,131.76,na,dend[437],0.027318306346956665
720575940611397166,417.016,260.816,131.76,417.108,260.728,131.76,na,dend[437],0.074276394636
720575940618006832,418.136,251.548,131.68,418.168,251.448,131.72,na,dend[468],0.6374339511821355
720575940618006832,419.672,251.584,131.76,419.66,251.728,131.76,na,dend[467],0.7645911051765097
720575940606336213,419.24,259.596,131.32,419.184,259.7,131.32,na,dend[437],0.2722378136091187
720575940629310970,419.824,250.104,132.48,419.688,250.16,132.48,na,dend[459],0.16081381005249934
720575940617564246,417.212,257.524,131.2,417.364,257.508,131.16,na,dend[438],0.5931891983969977
720575940606336213,418.584,259.56,131.52,418.48,259.584,131.52,na,dend[437],0.34058368700544894
720575940606336213,418.144,257.824,132.32,418.032,257.88,132.32,na,dend[437],0.9589821374852935
720575940633044634,416.72,257.468,132.56,416.856,257.412,132.52,na,dend[437],1.0
720575940622254375,426.344,285.352,82.92,426.436,285.224,82.92,na,dend[2013],0.9200769743458898
720575940622254375,426.492,284.984,83.2,426.58,284.9,83.2,na,dend[2015],0.9118366291281457
720575940607188036,424.68,282.312,82.44,424.756,282.24,82.44,na,dend[2005],0.7288542183261891
720575940607188036,424.604,282.424,82.6,424.644,282.312,82.6,na,dend[2005],0.6294960234596884
720575940616809401,425.636,286.908,82.8,425.604,286.98,82.8,na,dend[2021],0.9420375107174584
720575940614840482,425.072,287.268,83.0,425.18,287.32,83.0,na,dend[2021],1.0
720575940627420668,422.12,245.384,139.4,422.004,245.4,139.36,na,dend[637],0.940157949756784
720575940622123981,420.416,280.664,82.4,420.272,280.66,82.44,na,dend[2033],0.6407705825190791
720575940624562618,419.964,278.088,82.56,419.856,278.096,82.56,na,dend[2065],0.5843999012783351
720575940646341486,429.02,303.372,138.04,428.904,303.336,138.04,na,dend[1410],0.9133081531921939
720575940610116581,421.544,277.0,138.64,421.508,276.856,138.64,na,dend[208],0.35240111063496915
720575940624743946,428.488,302.476,139.04,428.584,302.532,139.08,na,dend[1422],0.38694913733850034
720575940605214636,428.344,303.02,138.8,428.38,302.908,138.8,na,dend[1422],0.23729127230960195
720575940610116581,421.584,276.784,139.44,421.548,276.68,139.44,na,dend[208],0.43327501564768583
720575940610116581,421.328,276.868,139.44,421.276,276.792,139.4,na,dend[208],0.4399892796312812
720575940612153086,421.284,276.272,137.92,421.372,276.268,137.92,na,dend[208],0.2680673115443537
720575940643439816,420.712,247.672,137.88,420.84,247.696,137.88,na,dend[634],0.641861716850694
720575940612523571,421.072,299.128,110.16,421.072,299.208,110.2,na,dend[1483],0.14211058068235294
720575940628942340,430.512,285.312,110.16,430.448,285.128,110.16,na,dend[1157],0.334878436446239
720575940614840482,430.78,284.592,110.04,430.672,284.612,110.0,na,dend[1157],0.6097297758571725
720575940632945177,417.836,283.144,109.28,417.912,283.204,109.24,na,dend[1624],1.0
720575940637410394,414.168,295.312,110.56,414.088,295.4,110.56,na,dend[1229],0.8423178861716393
720575940637410394,429.184,308.312,124.96,429.212,308.392,125.04,na,dend[1345],0.9802694522030355
720575940627263375,418.848,296.008,110.12,418.88,295.92,110.12,na,dend[1245],0.5024849514085844
720575940610116581,428.36,273.28,137.84,428.24,273.224,137.8,na,dend[11],1.0
720575940606332629,413.336,295.796,109.84,413.264,295.884,109.84,na,dend[1233],0.41285349252250597
720575940611388141,424.136,273.584,138.44,424.112,273.716,138.4,na,dend[21],0.847969549282466
720575940611388141,424.848,273.432,137.84,424.888,273.516,137.84,na,dend[21],0.5552612481074755
720575940611388141,424.848,273.588,138.2,424.78,273.716,138.2,na,dend[21],0.6425477526373654
720575940628419804,427.572,273.056,139.2,427.564,272.94,139.16,na,dend[14],0.9446034079797935
720575940631735265,416.416,291.396,109.56,416.496,291.516,109.56,na,dend[1203],0.9332449938309755
720575940624704393,413.5,290.904,110.44,413.544,290.82,110.44,na,dend[1206],0.27290248052456406
720575940626901136,416.424,277.144,118.16,416.548,277.124,118.16,na,dend[61],0.539229271553708
720575940627096957,431.632,310.88,124.64,431.6,310.72,124.6,na,dend[1347],0.6083939106789202
720575940627096957,425.68,241.748,154.0,425.728,241.656,153.92,na,dend[900],0.7321451050560625
720575940606332629,424.376,300.48,110.28,424.364,300.608,110.28,na,dend[1481],0.5795262753926483
720575940620348769,423.392,268.72,109.4,423.28,268.648,109.4,na,dend[148],0.6647388412510092
720575940620980323,425.536,268.864,110.56,425.412,268.872,110.56,na,dend[155],0.9059858591859803
720575940620348769,421.52,286.068,110.56,421.488,285.992,110.52,na,dend[1185],0.5808248954425316
720575940629602871,414.896,285.788,110.84,414.776,285.784,110.8,na,dend[1192],0.8118460509551317
720575940616313942,418.128,289.356,109.48,417.996,289.312,109.48,na,dend[1609],1.0
720575940644632087,416.256,255.296,133.92,416.356,255.344,133.96,na,dend[446],0.6423968384945011
720575940627096957,410.56,291.156,98.6,410.504,291.224,98.6,na,dend[1583],0.8359911216491969
720575940618886710,427.836,268.388,134.2,427.892,268.516,134.2,na,dend[243],0.7368068611121023
720575940606332629,430.792,310.408,123.0,430.752,310.516,123.0,na,dend[1342],0.3128846985914931
720575940633044634,429.624,309.62,122.76,429.724,309.672,122.76,na,dend[1336],0.5397959540387676
720575940606332629,431.052,309.364,123.48,430.984,309.264,123.48,na,dend[1339],0.7643499860055842
720575940618599277,420.06,296.144,122.8,420.128,296.072,122.76,na,dend[1278],0.07955415415601792
720575940618886710,419.884,273.484,131.52,419.728,273.608,131.52,na,dend[202],0.9632173037195465
720575940620348769,420.672,280.852,110.52,420.684,280.984,110.52,na,dend[1166],1.0
720575940623865748,431.136,308.444,123.76,431.172,308.564,123.72,na,dend[1340],0.4174840143291774
720575940618886710,427.516,272.952,138.64,427.512,272.824,138.64,na,dend[13],0.6807833067295942
720575940623865748,430.928,308.696,123.4,430.956,308.832,123.4,na,dend[1339],1.0
720575940625673196,449.968,316.48,136.52,449.976,316.352,136.52,na,dend[1378],0.512243754273453
720575940623865748,430.344,309.552,119.48,430.268,309.432,119.48,na,dend[1334],0.7633702105387942
720575940640172221,425.26,244.4,145.72,425.36,244.256,145.64,na,dend[811],0.4497977156947211
720575940624134296,420.632,295.276,123.84,420.752,295.276,123.84,na,dend[1278],0.43035653317189876
720575940633186530,416.456,271.572,124.28,416.448,271.648,124.28,na,dend[304],0.658939460927968
720575940614633867,423.2,271.864,123.24,423.064,271.804,123.2,na,dend[263],0.9613582273162159
720575940613323823,423.204,270.532,123.32,423.276,270.6,123.36,na,dend[188],0.8410042959468824
720575940614633867,424.384,270.928,124.24,424.384,270.848,124.28,na,dend[192],0.6472940936257234
720575940619435655,415.74,277.004,124.32,415.872,276.968,124.32,na,dend[181],0.9094123670927665
720575940639241279,424.092,269.692,124.12,424.036,269.8,124.08,na,dend[193],0.9133433922271029
720575940621717469,420.728,270.316,123.72,420.704,270.208,123.72,na,dend[289],1.0
720575940621717469,419.456,261.412,123.12,419.344,261.4,123.12,na,dend[416],0.986226679531713
720575940643439816,416.308,277.204,124.36,416.348,277.076,124.32,na,dend[179],0.6785678637579073
720575940604201830,423.656,306.136,123.84,423.724,306.104,123.88,na,dend[1325],0.5102596308708446
720575940637471039,417.444,275.8,122.84,417.372,275.676,122.8,na,dend[175],0.5311759402698641
720575940637471039,417.232,275.976,122.92,417.116,275.872,122.88,na,dend[175],0.5930874398746132
720575940634453093,416.056,286.784,123.12,415.92,286.768,123.08,na,dend[1154],1.0
720575940625345328,414.704,286.952,123.36,414.816,286.924,123.36,na,dend[1127],0.9073588393383072
720575940628894251,415.72,286.424,123.6,415.628,286.52,123.6,na,dend[1128],0.23456838280760034
720575940618886710,419.72,273.336,131.52,419.564,273.428,131.52,na,dend[202],0.6980745961350295
720575940629920056,417.992,260.28,124.28,418.06,260.328,124.24,na,dend[411],0.953524850044308
720575940625345328,414.628,286.812,123.32,414.688,286.712,123.36,na,dend[1127],0.8935687495024809
720575940623374058,437.56,202.056,155.36,437.536,201.94,155.36,na,dend_11[0],0.37813336081788385
720575940638622909,429.308,308.184,135.24,429.144,308.188,135.24,na,dend[1435],0.20708136462557472
720575940621838571,415.6,264.808,128.0,415.652,264.908,128.0,na,dend[396],0.913503724255116
720575940628779898,417.592,264.42,128.68,417.452,264.448,128.64,na,dend[395],1.0
720575940597720533,433.4,309.008,129.24,433.328,308.84,129.24,na,dend[1441],0.7884576130592416
720575940629701737,441.668,310.992,128.84,441.692,311.076,128.88,na,dend[1389],1.0
720575940597706709,433.016,309.672,127.8,432.924,309.684,127.8,na,dend[1394],0.6055989488678175
720575940610669042,425.828,268.936,128.2,425.888,268.968,128.16,na,dend[222],0.523077516890491
720575940638622909,426.444,269.052,127.72,426.344,269.024,127.72,na,dend[222],0.5033243592353683
720575940618392912,418.624,290.456,106.36,418.592,290.34,106.36,na,dend[1519],1.0
720575940621533867,437.812,311.772,128.12,437.816,311.7,128.16,na,dend[1353],0.7433619608537116
720575940611091012,421.836,242.336,148.84,421.772,242.296,148.88,na,dend[832],0.6789316496022135
720575940611091012,413.948,236.368,155.8,414.044,236.376,155.88,na,dend[949],0.45957634305574424
720575940611091012,414.232,236.032,155.72,414.208,236.144,155.72,na,dend[949],0.6420036347719335
720575940634453093,414.688,287.688,128.44,414.764,287.76,128.44,na,dend[1131],0.6867653877281642
720575940618066415,413.924,287.096,128.04,414.056,287.032,128.0,na,dend[1131],0.1310565909528519
720575940641464309,413.688,286.512,128.0,413.776,286.572,128.0,na,dend[1130],0.9636616361880904
720575940610116581,426.536,269.128,128.88,426.456,268.976,128.88,na,dend[222],0.6992476891716077
720575940634826676,413.344,287.14,129.12,413.432,287.016,129.12,na,dend[1132],0.5968580140585135
720575940637471039,417.756,262.868,127.76,417.696,262.736,127.76,na,dend[397],1.0
720575940634599792,421.896,262.592,129.2,421.836,262.512,129.24,na,dend[422],1.0
720575940634599792,421.664,262.624,129.36,421.708,262.48,129.36,na,dend[422],0.9646524812992447
720575940610116581,426.416,269.06,129.0,426.288,268.976,129.0,na,dend[222],0.698758829500905
720575940644632087,416.136,276.748,126.0,416.088,276.824,125.96,na,dend[178],0.4423143028938184
720575940630028359,433.62,273.496,128.8,433.648,273.636,128.8,na,dend[1],0.3995814561697441
720575940644632087,411.72,289.728,105.4,411.872,289.736,105.4,na,dend[1560],0.8280003696994256
720575940625146122,426.952,308.624,122.52,426.94,308.744,122.52,na,dend[1452],1.0
720575940630028359,433.056,273.452,129.32,433.008,273.6,129.28,na,dend[1],0.5122799820172533
720575940625686078,429.92,309.204,122.24,429.732,309.24,122.16,na,dend[1335],0.6760622756757183
720575940633186530,420.336,256.908,128.84,420.26,257.08,128.84,na,dend[435],0.6634290032730892
720575940633186530,420.196,256.956,128.92,420.136,257.136,128.88,na,dend[435],0.5748025313458777
720575940625686078,420.356,256.836,128.4,420.516,256.828,128.44,na,dend[435],0.972041057893109
720575940625146122,426.352,308.596,122.08,426.448,308.66,122.08,na,dend[1453],1.0
720575940615506589,420.912,295.78,121.64,421.028,295.84,121.64,na,dend[1290],0.9671341812563258
720575940620980323,422.944,294.428,121.12,423.032,294.508,121.12,na,dend[1288],0.3260875544838709
720575940609522382,420.184,257.008,133.64,420.088,257.06,133.6,na,dend[440],0.4938467696711895
720575940618599277,419.776,295.572,122.16,419.88,295.588,122.16,na,dend[1283],0.37281857091023335
720575940618599277,419.704,295.856,122.28,419.808,295.896,122.28,na,dend[1277],0.8337588573305376
720575940632945177,419.916,295.688,122.32,419.976,295.784,122.32,na,dend[1277],0.9096740681802393
720575940609522382,416.68,275.432,116.84,416.692,275.56,116.8,na,dend[72],0.9807991615536094
720575940609522382,420.4,257.156,133.64,420.376,257.24,133.64,na,dend[440],0.5741865497237786
720575940627490459,423.22,270.82,122.36,423.24,270.904,122.36,na,dend[185],0.14151469572185996
720575940644632087,412.1,271.52,121.44,412.108,271.396,121.4,na,dend[322],0.9882356740150661
720575940638291133,411.824,271.268,121.88,411.724,271.344,121.88,na,dend[323],0.6279976377948945
720575940609673369,418.704,271.856,121.12,418.82,271.896,121.08,na,dend[287],0.9454886070443141
720575940628710555,423.504,307.248,121.96,423.628,307.248,121.96,na,dend[1323],0.7031776433508775
720575940552253230,424.0,307.328,121.12,423.952,307.392,121.08,na,dend[1323],0.4480351242087862
720575940613603737,424.88,280.452,114.6,424.988,280.416,114.6,na,dend[1110],0.031546990401037756
720575940610638434,420.472,281.96,83.08,420.276,281.92,83.04,na,dend[2291],0.5945854313704196
720575940613603737,423.1,284.044,112.44,423.1,283.928,112.44,na,dend[1115],0.5404037101348173
720575940613603737,413.412,286.74,130.32,413.424,286.86,130.32,na,dend[1134],0.30787692465391353
720575940613603737,432.396,277.472,125.08,432.352,277.336,125.08,na,dend[31],0.16041621448434765
720575940621717469,419.224,273.928,121.4,419.104,273.936,121.4,na,dend[174],0.4772323748324198
720575940614633867,421.428,274.4,121.68,421.392,274.288,121.68,na,dend[36],0.5871146009732434
720575940609673369,418.364,274.416,121.96,418.308,274.352,121.92,na,dend[175],0.1469548424957309
720575940625345328,413.216,268.364,121.96,413.28,268.316,121.88,na,dend[379],0.9864794105259589
720575940636679989,412.096,286.552,121.56,412.06,286.452,121.56,na,dend[1125],0.33018838818368285
720575940636679989,412.004,286.572,121.72,411.928,286.472,121.72,na,dend[1125],0.5333842812629722
720575940617467712,411.456,286.672,122.04,411.408,286.54,122.04,na,dend[1125],1.0
720575940609522382,429.9,273.004,131.32,429.82,273.088,131.24,na,dend[4],0.5230575515563
720575940609522382,421.076,266.528,126.56,421.032,266.416,126.56,na,dend[383],0.2634557460669785
720575940622318599,415.072,286.908,122.64,414.968,286.876,122.64,na,dend[1127],0.615574895358381
720575940609522382,424.092,270.228,125.84,424.24,270.212,125.8,na,dend[194],0.7162349975681763
720575940609522382,421.34,266.152,126.56,421.248,266.12,126.56,na,dend[383],0.11190802757972043
720575940609522382,417.52,272.728,117.36,417.488,272.656,117.36,na,dend[272],0.5611508057632875
720575940609522382,428.916,244.224,145.64,428.88,244.104,145.68,na,dend[706],1.0
720575940622339113,435.62,234.76,152.92,435.508,234.736,152.96,na,dend[1062],0.58849361613785
720575940609522382,427.844,244.512,144.96,427.748,244.432,144.96,na,dend[705],0.021039394855548815
720575940399166905,416.712,283.632,107.72,416.836,283.648,107.72,na,dend[1623],0.8800118815763972
720575940620348769,416.312,278.136,107.68,416.376,278.216,107.72,na,dend[1675],0.8927178399778276
720575940626901136,406.652,281.232,91.12,406.744,281.264,91.16,na,dend[1843],0.5006870226869944
720575940623400629,415.848,278.176,108.4,415.884,278.076,108.4,na,dend[1682],1.0
720575940631735265,417.616,294.98,107.96,417.712,295.08,107.96,na,dend[1500],0.28455556088068257
720575940605214636,419.804,285.864,107.8,419.884,285.976,107.76,na,dend[1615],0.1687109065151743
720575940635116569,428.228,274.028,132.56,428.184,273.92,132.6,na,dend[7],0.0660619522032829
720575940626901136,411.668,276.748,91.92,411.56,276.788,91.92,na,dend[1908],0.8619120366191173
720575940627490459,415.664,298.44,108.92,415.756,298.512,108.88,na,dend[1498],0.6863374602179124
720575940630603091,416.404,297.976,107.84,416.432,298.064,107.84,na,dend[1492],0.9368005661951904
720575940640926627,405.48,244.664,160.76,405.536,244.556,160.76,na,dend[587],0.5116872103486968
720575940617467712,415.868,298.712,109.12,415.82,298.636,109.04,na,dend[1498],0.8218860141377914
720575940621972009,427.684,272.936,137.4,427.804,273.044,137.4,na,dend[11],0.5606368594053477
720575940622339113,402.188,246.76,156.32,402.228,246.664,156.36,na,dend[631],0.4991536921917697
720575940621972009,425.776,268.292,133.0,425.704,268.356,133.04,na,dend[256],0.700200414284353
720575940621972009,426.892,268.504,134.36,427.024,268.448,134.36,na,dend[251],0.7970245055043017
720575940604839200,416.36,291.648,109.12,416.26,291.672,109.16,na,dend[1222],1.0
720575940621972009,435.76,272.848,127.04,435.648,272.912,126.96,na,dend[26],0.9327025431281942
720575940621972009,430.512,274.052,130.92,430.48,273.86,130.92,na,dend[1],0.9109119126300322
720575940626246525,407.88,244.424,147.84,407.996,244.488,147.84,na,dend[546],0.3919674694866573
720575940624704393,421.104,301.636,108.08,420.976,301.536,108.12,na,dend[1484],0.9967083365874427
720575940604839200,418.372,291.72,108.72,418.464,291.628,108.68,na,dend[1201],0.4576771632406352
720575940639205198,431.472,273.664,131.76,431.412,273.712,131.8,na,dend[24],0.9245144028947837
720575940627420668,422.82,267.732,109.04,422.836,267.864,109.04,na,dend[148],0.6515089806044007
720575940639205198,430.848,273.588,131.72,430.904,273.728,131.72,na,dend[24],0.5899827714878968
720575940639205198,430.732,273.564,131.56,430.684,273.704,131.56,na,dend[24],0.41684240415565116
720575940611904296,419.88,288.464,109.12,419.848,288.364,109.08,na,dend[1611],0.4288305956871598
720575940622339113,415.296,241.188,152.96,415.36,241.216,152.92,na,dend[927],0.8956239678707255
720575940621717469,417.46,289.256,108.8,417.432,289.34,108.84,na,dend[1610],0.3449808295306408
720575940632945177,420.284,270.028,107.8,420.272,270.168,107.76,na,dend[86],0.3044148182704235
720575940622339113,436.008,234.42,152.48,435.9,234.344,152.48,na,dend[1061],0.8590471871092228
720575940625483962,424.448,281.08,108.36,424.392,281.096,108.32,na,dend[1159],0.2479437172226766
720575940624349993,419.48,260.792,125.76,419.376,260.724,125.76,na,dend[418],0.4435869321216577
720575940627803241,417.156,282.764,109.0,417.248,282.68,109.0,na,dend[1629],0.8122926303107366
720575940627201579,416.644,290.58,115.12,416.58,290.704,115.08,na,dend[1511],1.0
720575940634453093,410.196,281.744,107.84,410.08,281.788,107.84,na,dend[1653],0.9711911512567347
720575940626901136,417.68,291.008,114.88,417.536,290.916,114.84,na,dend[1508],0.9265085368494234
720575940626901136,408.376,275.216,81.48,408.324,275.3,81.48,na,dend[2375],0.7820126407044549
720575940632945177,418.904,276.612,104.96,418.896,276.724,104.96,na,dend[1707],0.8182989581759808
720575940626901136,417.256,291.52,115.24,417.204,291.448,115.24,na,dend[1510],0.9255251355439919
720575940620348769,420.924,285.16,114.32,420.892,285.024,114.32,na,dend[1121],0.052489587929821654
720575940633044634,410.912,284.816,115.16,411.036,284.796,115.2,na,dend[1218],0.9707123717366745
720575940621752001,411.024,284.92,114.84,411.128,284.868,114.88,na,dend[1218],0.6919091887617609
720575940626901136,418.416,294.752,116.76,418.428,294.648,116.68,na,dend[1295],0.0821902378455818
720575940632945177,416.552,276.284,116.28,416.512,276.136,116.28,na,dend[72],0.35348059197594073
720575940624910887,420.176,296.652,111.6,420.284,296.576,111.6,na,dend[1248],1.0
720575940626901136,417.564,294.592,117.56,417.44,294.608,117.52,na,dend[1266],0.51767435010704
720575940621717469,414.52,272.22,115.44,414.592,272.136,115.44,na,dend[275],1.0
720575940619435655,417.056,275.824,115.64,417.02,275.936,115.64,na,dend[40],0.662353890151215
720575940621717469,417.176,276.204,115.56,417.12,276.088,115.52,na,dend[40],0.6387902785746173
720575940610358990,419.6,271.816,71.76,419.604,271.976,71.76,na,dend[2147],0.9199690195639009
720575940604839200,430.604,278.676,115.8,430.636,278.792,115.76,na,dend[1104],0.7888494323671901
720575940623380009,412.804,278.288,115.68,412.952,278.304,115.68,na,dend[45],1.0
720575940604653484,430.544,279.552,114.84,430.476,279.488,114.84,na,dend[1104],1.0
720575940639811469,425.952,281.056,115.92,425.968,280.956,115.92,na,dend[1107],0.7151985753483595
720575940620348769,418.488,295.02,114.6,418.592,295.064,114.6,na,dend[1260],0.927262288700092
720575940620348769,418.372,295.172,114.68,418.408,295.188,114.72,na,dend[1260],1.0
720575940612161936,418.588,275.428,114.96,418.624,275.316,114.96,na,dend[39],1.0
720575940614599319,413.36,274.904,115.36,413.38,275.02,115.4,na,dend[67],0.8704445656901517
720575940623136767,420.188,275.236,114.28,420.032,275.12,114.28,na,dend[73],0.6414715860862856
720575940614599319,413.572,274.84,115.52,413.592,274.984,115.52,na,dend[67],0.7716803527510683
720575940639205198,430.88,273.7,131.96,430.992,273.764,131.96,na,dend[24],0.6990647504700174
720575940639205198,421.388,269.016,126.88,421.248,269.06,126.88,na,dend[292],1.0
720575940611904296,427.32,303.432,137.04,427.384,303.52,137.04,na,dend[1427],0.4403060055479398
720575940621838571,422.78,245.184,137.56,422.68,245.28,137.56,na,dend[638],0.9591384697901425
720575940621823100,421.98,246.504,136.56,421.888,246.48,136.56,na,dend[635],0.8112070345651644
720575940611904296,426.836,303.64,137.16,426.856,303.78,137.2,na,dend[1427],0.6253877866607164
720575940622318599,426.148,303.8,136.68,426.048,303.828,136.64,na,dend[1428],0.11383170579440502
720575940610423235,424.568,302.844,136.12,424.644,302.744,136.16,na,dend[1428],0.9922220333905541
720575940611388141,427.42,270.112,136.36,427.56,270.088,136.4,na,dend[245],0.9009991030036281
720575940610116581,427.792,269.932,136.52,427.824,270.144,136.56,na,dend[245],0.9695684750651191
720575940627454730,416.972,296.48,112.84,417.08,296.512,112.84,na,dend[1250],0.917445867520699
720575940635119723,420.104,251.032,138.24,420.096,250.888,138.24,na,dend[470],0.6274194553548726
720575940624395528,425.396,268.62,132.72,425.508,268.62,132.72,na,dend[256],1.0
720575940637471039,421.196,250.8,137.16,421.208,250.828,137.08,na,dend[469],0.5538982662345586
720575940630521292,421.78,276.332,137.24,421.672,276.352,137.24,na,dend[208],0.1872450292141178
720575940612153086,421.412,276.72,137.56,421.424,276.616,137.56,na,dend[208],0.23473552005448325
720575940614633867,417.896,254.932,136.4,417.928,254.768,136.4,na,dend[448],0.9703464465151346
720575940609076693,419.076,251.64,137.04,419.16,251.66,137.04,na,dend[453],0.891017649817218
720575940628419804,428.288,273.692,137.48,428.256,273.584,137.52,na,dend[18],1.0
720575940630521292,426.516,274.176,136.28,426.532,274.06,136.28,na,dend[9],0.9441637829836899
720575940610116581,428.468,273.32,137.64,428.328,273.276,137.64,na,dend[18],0.6418156726981061
720575940620813989,427.836,273.4,137.64,427.908,273.224,137.6,na,dend[11],0.8665355895923297
720575940626901136,406.572,280.992,91.16,406.636,280.896,91.16,na,dend[1843],0.5806619825288251
720575940618729350,426.5,273.724,136.4,426.576,273.816,136.4,na,dend[9],0.9824691583140291
720575940618729350,425.784,274.588,136.52,425.944,274.64,136.56,na,dend[22],0.894849364542827
720575940619709972,429.312,236.624,149.72,429.368,236.532,149.72,na,dend[1029],0.34181353853196644
720575940624910887,420.08,296.772,110.96,420.156,296.768,110.92,na,dend[1246],0.6951096263306629
720575940643795492,409.744,278.944,109.92,409.732,279.036,109.92,na,dend[1663],0.49581478766515513
720575940624910887,419.868,295.86,112.24,419.944,295.916,112.24,na,dend[1249],0.47117515364712426
720575940643795492,410.12,277.624,110.96,410.016,277.68,110.92,na,dend[1667],0.300840837342109
720575940643795492,410.144,277.48,111.08,410.036,277.476,111.08,na,dend[1667],0.5108063956081291
720575940636686170,419.728,281.868,99.96,419.7,281.948,99.96,na,dend[1724],0.7761833309052701
720575940636686170,433.544,308.112,128.4,433.648,308.192,128.36,na,dend[1397],1.0
720575940636686170,420.952,282.42,99.4,420.876,282.5,99.36,na,dend[1636],0.9722517853303064
720575940606332629,427.472,308.176,120.36,427.348,308.276,120.36,na,dend[1330],0.6940065892689607
720575940630713029,428.712,310.336,120.64,428.616,310.236,120.64,na,dend[1333],1.0
720575940627490459,416.796,295.428,120.2,416.884,295.408,120.24,na,dend[1293],0.5501312620518121
720575940636686170,417.984,263.108,100.76,418.02,263.22,100.8,na,dend[124],0.9401162550628412
720575940609268491,416.48,265.112,118.04,416.456,264.98,118.04,na,dend[377],0.45542293783804894
720575940637471039,418.052,295.256,120.28,418.108,295.232,120.24,na,dend[1274],1.0
720575940609327112,415.84,294.484,119.8,415.992,294.48,119.76,na,dend[1294],0.9253333906284497
720575940627263375,420.668,292.5,119.48,420.752,292.576,119.44,na,dend[1304],0.4844482257637648
720575940627263375,415.98,294.548,119.44,416.048,294.664,119.44,na,dend[1294],0.7520931819340325
720575940621717469,420.928,292.776,119.6,420.952,292.648,119.56,na,dend[1304],0.5648321400642198
720575940613603737,424.5,293.904,120.88,424.412,293.952,120.88,na,dend[1288],1.0
720575940603533246,421.064,292.408,120.04,420.968,292.484,120.04,na,dend[1305],1.0
720575940613603737,424.488,294.236,120.96,424.384,294.216,120.96,na,dend[1288],0.9430015843229835
720575940627263375,420.068,292.044,119.36,419.976,291.948,119.36,na,dend[1301],1.0
720575940636686170,418.444,296.472,120.16,418.392,296.4,120.2,na,dend[1275],1.0
720575940609673369,418.088,294.16,120.6,418.064,294.14,120.52,na,dend[1292],0.9963799527195296
720575940621717469,418.312,294.28,120.2,418.204,294.244,120.16,na,dend[1292],0.8581192741988692
720575940619822784,407.96,244.652,147.4,407.976,244.528,147.4,na,dend[546],0.7342747861155637
720575940621717469,414.284,270.416,120.44,414.296,270.552,120.48,na,dend[320],0.5542726404008553
720575940627263375,416.08,270.04,120.72,416.096,270.144,120.72,na,dend[317],0.9946249951850541
720575940621717469,419.424,264.256,120.08,419.288,264.28,120.12,na,dend[354],1.0
720575940621838571,421.232,269.976,119.68,421.184,270.052,119.64,na,dend[285],0.366173826125041
720575940636686170,419.744,281.896,99.76,419.772,282.008,99.76,na,dend[1724],0.8209932227531852
720575940636686170,418.248,263.048,100.4,418.3,263.152,100.36,na,dend[124],1.0
720575940627263375,419.476,272.224,120.08,419.632,272.228,120.12,na,dend[268],0.6531472246080309
720575940625345328,419.488,272.392,120.8,419.6,272.316,120.8,na,dend[287],0.7936901224038897
720575940636686170,412.388,276.648,116.0,412.488,276.704,116.04,na,dend[71],0.9660424099316911
720575940621307892,419.712,307.08,119.44,419.564,307.076,119.44,na,dend[1472],0.9452870908005374
720575940632649697,424.132,307.548,120.04,424.144,307.44,120.04,na,dend[1323],0.1727697140730557
720575940635119723,418.76,264.88,126.48,418.692,264.94,126.48,na,dend[395],0.18227501891274098
720575940635119723,417.292,271.536,123.4,417.316,271.412,123.4,na,dend[302],0.8762699002109035
720575940620980323,422.44,272.84,120.68,422.404,272.928,120.72,na,dend[171],0.6088279037640102
720575940624688362,414.272,261.888,119.92,414.296,261.832,119.88,na,dend[366],0.8671871404283907
720575940612523571,418.132,271.524,78.56,418.228,271.624,78.6,na,dend[2086],1.0
720575940618392912,423.176,272.624,119.68,423.048,272.628,119.68,na,dend[171],0.21389461118324984
720575940612523571,434.968,274.048,126.64,434.916,274.036,126.72,na,dend[26],0.6074543060885049
720575940614840891,415.384,285.96,120.52,415.368,286.12,120.52,na,dend[1121],0.9838339511708908
720575940611904296,415.548,286.656,120.16,415.432,286.576,120.12,na,dend[1121],0.9537599185276263
720575940622318599,415.28,286.436,120.96,415.188,286.388,120.96,na,dend[1123],0.3104137042177943
720575940614840891,412.18,286.584,120.68,412.216,286.576,120.76,na,dend[1126],0.8423488029434677
720575940612523571,417.04,271.56,78.16,416.968,271.624,78.16,na,dend[2084],0.9579193653644095
720575940605214636,410.096,290.176,102.6,410.08,289.996,102.6,na,dend[1539],0.16731463225152612
720575940605214636,410.544,289.572,103.64,410.64,289.512,103.6,na,dend[1542],0.2321063657757918
720575940605214636,429.276,307.688,134.68,429.292,307.784,134.68,na,dend[1434],0.870600480063393
720575940638922099,425.568,268.848,132.24,425.588,268.72,132.2,na,dend[258],0.8554710393384437
720575940605214636,414.036,297.78,111.4,413.96,297.7,111.44,na,dend[1243],0.4867267204614034
720575940638922099,427.636,273.672,136.64,427.492,273.584,136.6,na,dend[10],0.5176838346316293
720575940638922099,425.696,268.876,132.44,425.724,268.776,132.48,na,dend[259],1.0
720575940638922099,427.752,268.548,132.4,427.896,268.528,132.36,na,dend[237],0.43032773983329237
720575940638922099,426.696,268.656,128.6,426.516,268.68,128.56,na,dend[222],0.673860238409109
720575940627096957,420.204,271.04,86.64,420.16,271.184,86.6,na,dend[2442],0.5965069506134777
720575940638922099,427.212,268.972,129.2,427.064,268.964,129.16,na,dend[222],0.8127619537314517
720575940627096957,425.676,269.524,127.16,425.808,269.448,127.16,na,dend[222],0.33010326887556785
720575940627096957,419.128,297.008,121.12,419.188,296.868,121.12,na,dend[1276],0.786469015294287
720575940630315595,429.572,309.032,122.2,429.656,309.164,122.2,na,dend[1335],0.654303961602958
720575940620004479,427.188,268.28,134.52,427.096,268.404,134.52,na,dend[251],0.7638455545938018
720575940390391563,420.312,234.088,156.36,420.312,234.168,156.32,na,dend[858],0.33906288004742174
720575940624592217,413.864,236.004,156.56,413.8,236.116,156.56,na,dend[942],1.0
720575940625778428,413.968,234.94,157.24,413.864,234.984,157.2,na,dend[948],0.9713481651733437
720575940625778428,414.088,234.768,157.28,414.008,234.676,157.28,na,dend[948],0.7646070644223517
720575940609076693,402.672,246.704,156.32,402.684,246.552,156.32,na,dend[629],1.0
720575940639241279,422.02,266.672,125.84,421.912,266.604,125.84,na,dend[385],1.0
720575940639241279,421.392,268.84,123.04,421.324,268.732,123.08,na,dend[295],0.8803529104225286
720575940639241279,428.232,273.496,132.08,428.256,273.644,132.04,na,dend[5],0.7726649320608089
720575940627022824,447.784,317.504,146.2,447.8,317.6,146.2,na,dend[1377],0.9567002404209548
720575940639241279,422.392,267.532,123.76,422.492,267.432,123.8,na,dend[297],0.8144820889960331
720575940639241279,419.4,271.272,119.32,419.368,271.208,119.32,na,dend[283],1.0
720575940608120587,414.864,243.384,156.56,414.824,243.496,156.56,na,dend[931],1.0
720575940615373311,401.024,245.48,157.32,401.092,245.592,157.36,na,dend[633],0.9349244193473075
720575940639241279,429.344,243.384,146.32,429.284,243.284,146.28,na,dend[708],0.28655969792774877
720575940611091012,413.824,237.036,156.32,413.848,236.912,156.32,na,dend[942],0.6836434156866874
720575940629687824,415.544,247.964,141.4,415.588,247.888,141.4,na,dend[483],0.5244664000933782
720575940635119723,418.976,269.368,124.24,418.98,269.5,124.24,na,dend[315],0.9371643936124734
720575940624533956,415.064,266.424,119.12,415.2,266.472,119.12,na,dend[343],0.853867305468719
720575940630315595,429.104,308.836,121.72,429.052,308.984,121.72,na,dend[1335],0.28238110856004645
720575940624533956,417.56,264.836,119.6,417.58,264.968,119.56,na,dend[353],0.5400610065896864
720575940623380009,418.152,270.196,121.32,418.228,270.264,121.32,na,dend[313],0.38162896836757965
720575940627420668,422.376,245.708,138.52,422.352,245.792,138.48,na,dend[638],0.6100805008416871
720575940627420668,422.08,245.416,139.56,421.972,245.392,139.56,na,dend[637],1.0
720575940627420668,416.224,259.296,132.2,416.372,259.268,132.16,na,dend[437],0.5450652156042377
720575940627420668,423.068,276.276,99.2,423.212,276.296,99.24,na,dend[1925],0.8845591814201416
720575940627420668,423.16,283.712,84.16,423.184,283.68,84.08,na,dend[2002],0.34142952501004675
720575940629133071,427.216,309.068,121.88,427.096,309.088,121.88,na,dend[1452],0.6530743427244508
720575940629133071,428.288,309.224,135.6,428.224,309.128,135.6,na,dend[1436],0.908263804995203
720575940629133071,421.088,297.552,112.28,421.068,297.408,112.32,na,dend[1491],0.9504677333050539
720575940630059087,427.136,307.312,115.6,427.136,307.24,115.56,na,dend[1473],0.9817541142346166
720575940630059087,428.248,306.896,114.28,428.244,306.792,114.24,na,dend[1476],0.3782887832692907
720575940640172221,435.964,231.712,151.72,435.996,231.828,151.72,na,dend[1050],0.9097478874060483
720575940640172221,423.988,244.74,150.08,424.024,244.836,150.08,na,dend[826],0.5532401246897162
720575940623865748,430.52,308.476,123.44,430.384,308.528,123.4,na,dend[1341],0.855105310928021
720575940623865748,431.552,307.336,131.68,431.66,307.36,131.72,na,dend[1399],0.8021199936973523
720575940623865748,431.392,307.936,123.72,431.492,308.0,123.72,na,dend[1340],1.0
720575940621726698,430.016,233.472,154.48,429.932,233.348,154.52,na,dend[1008],0.3157876975535555
720575940609268491,421.276,265.6,118.48,421.152,265.528,118.48,na,dend[376],1.0
720575940640172221,423.512,245.48,150.36,423.408,245.564,150.32,na,dend[827],0.6385679016393824
720575940609268491,418.384,260.144,124.64,418.288,260.076,124.68,na,dend[411],0.5401815500944743
720575940621726698,416.056,264.968,128.0,415.984,264.824,127.96,na,dend[396],0.7707751904274105
720575940621726698,415.512,268.368,127.24,415.548,268.524,127.2,na,dend[391],1.0
720575940634086169,409.592,277.752,110.52,409.656,277.868,110.56,na,dend[1665],0.8661166978643486
720575940635116569,415.896,279.588,109.8,415.888,279.76,109.8,na,dend[1643],0.3036778142894218
720575940617467712,434.452,309.976,126.12,434.36,310.076,126.08,na,dend[1353],0.13237752083796397
720575940646400644,419.652,279.34,105.56,419.74,279.304,105.56,na,dend[1691],0.5246949109876964
720575940617467712,428.512,306.08,134.24,428.568,306.2,134.24,na,dend[1432],0.6218777466512835
720575940646400644,417.616,269.76,98.68,417.712,269.816,98.68,na,dend[2489],0.28946847294986056
720575940617467712,418.004,249.648,138.24,418.088,249.732,138.24,na,dend[475],0.5086860618655391
720575940646400644,434.168,278.396,97.76,434.108,278.312,97.76,na,dend[1956],0.5219847790167369
720575940621533867,427.852,309.196,120.2,427.928,309.12,120.24,na,dend[1331],0.5513967544245011
720575940617467712,412.16,288.672,111.76,412.128,288.524,111.72,na,dend[1208],0.5598261973103164
720575940621533867,423.44,305.004,112.88,423.416,304.912,112.88,na,dend[1318],0.5051310596556908
720575940628314667,438.688,200.74,157.24,438.696,200.672,157.2,na,dend_11[0],0.3597996802232052
720575940617467712,442.476,313.412,131.52,442.444,313.584,131.52,na,dend[1358],0.9425275481501699
720575940622318599,422.124,272.916,128.76,422.048,272.984,128.76,na,dend[199],0.42243346593147263
720575940628894251,432.1,278.476,119.4,431.988,278.332,119.4,na,dend[32],0.8352044359527683
720575940628894251,426.144,277.164,118.72,426.264,277.156,118.72,na,dend[34],0.23357903201072605
720575940624395528,411.956,286.736,113.48,411.872,286.644,113.48,na,dend[1211],0.9594522116949874
720575940641464309,413.248,287.288,102.08,413.296,287.148,102.04,na,dend[1523],0.8749043439598447
720575940626430280,414.216,271.2,93.8,414.276,271.324,93.8,na,dend[2465],0.6979956768944574
720575940640926627,425.832,243.408,140.8,425.684,243.424,140.8,na,dend[658],0.8351099609200336
720575940628485596,417.036,259.552,132.88,416.816,259.512,132.88,na,dend[437],0.6262436273791645
720575940640926627,421.676,237.608,157.88,421.616,237.64,157.84,na,dend[876],0.8987451399698178
720575940628314667,438.752,200.924,156.96,438.756,200.824,156.96,na,dend_11[0],0.3622317022357671
720575940622339113,418.296,235.916,153.8,418.412,236.032,153.8,na,dend[861],1.0
720575940622339113,424.784,244.172,146.56,424.94,244.124,146.56,na,dend[811],0.9664809837669734
720575940626591875,417.8,251.248,131.48,417.936,251.352,131.48,na,dend[468],0.9036522053670103
720575940626591875,415.904,265.108,117.44,416.008,265.08,117.48,na,dend[377],0.9842616228935397
720575940605937097,414.02,268.368,117.4,414.012,268.224,117.36,na,dend[333],0.8392368656721652
720575940626591875,416.56,279.468,80.24,416.616,279.592,80.24,na,dend[2284],1.0
720575940630098937,409.972,279.268,98.28,409.956,279.42,98.28,na,dend[1860],0.3979830160514954
720575940634317724,419.108,251.208,131.92,419.048,251.1,131.84,na,dend[466],0.42027806623082786
720575940612001489,420.644,251.056,133.6,420.684,250.976,133.6,na,dend[458],0.15757230240170667
720575940624872179,424.08,285.376,88.16,424.136,285.484,88.16,na,dend[1986],0.7787583483728953
720575940624872179,424.94,300.744,109.68,424.892,300.82,109.68,na,dend[1481],0.9359493594896214
720575940615528678,414.552,236.208,155.4,414.464,236.112,155.4,na,dend[949],0.9487425942865342
720575940629602871,414.424,267.404,117.36,414.328,267.444,117.36,na,dend[331],0.8472635751587337
720575940624872179,423.212,301.168,112.52,423.304,301.184,112.52,na,dend[1480],0.8188625275887909
720575940611397166,419.66,245.58,143.04,419.672,245.704,143.0,na,dend[1101],0.7242247128939603
720575940629687824,414.38,233.204,156.48,414.416,233.328,156.48,na,dend[946],1.0
720575940617564246,416.392,240.82,150.64,416.336,240.684,150.6,na,dend[925],0.9342689278191624
720575940611397166,419.0,245.452,143.16,418.96,245.544,143.16,na,dend[1103],0.9852380611715197
720575940611397166,419.684,245.48,143.16,419.736,245.584,143.16,na,dend[1101],0.7108142005897967
720575940632381536,435.648,234.324,149.88,435.616,234.428,149.88,na,dend[1040],0.29954030323449243
720575940632381536,435.956,234.232,149.92,436.048,234.304,149.96,na,dend[1040],0.6626729129484707
720575940630603091,428.416,306.42,114.12,428.248,306.384,114.08,na,dend[1477],0.8080694493325844
720575940621819630,437.136,239.692,144.56,437.056,239.66,144.52,na,dend[738],0.9958252054284655
720575940611588835,415.6,279.588,87.2,415.464,279.544,87.16,na,dend[1991],0.9035501942905781
720575940611588835,419.28,291.948,112.12,419.172,291.912,112.12,na,dend[1502],0.7566143593220941
720575940628779898,426.588,241.028,147.44,426.536,241.112,147.44,na,dend[1093],0.8908308191837789
720575940634823449,425.496,241.288,147.32,425.5,241.144,147.32,na,dend[976],0.3793384063753623
720575940627490459,412.212,291.388,119.2,412.272,291.292,119.2,na,dend[1516],0.8265249558874832
720575940644632087,427.648,304.024,139.92,427.768,303.992,139.96,na,dend[1421],0.870403845004594
720575940627420668,420.096,261.896,129.32,420.224,261.948,129.36,na,dend[422],0.5930827377735429
720575940613497395,421.0,261.792,129.2,421.0,261.892,129.24,na,dend[422],0.7834006845847518
720575940630603091,414.864,286.96,122.52,414.84,286.852,122.48,na,dend[1127],0.5284993775603067
720575940625673196,449.876,316.752,137.32,449.792,316.816,137.32,na,dend[1367],0.12203414141403393
720575940639241279,421.084,262.336,129.32,421.188,262.304,129.28,na,dend[422],0.8386736808963764
720575940630713029,428.764,310.396,120.8,428.656,310.284,120.8,na,dend[1333],1.0
720575940624571116,419.0,293.028,110.88,419.128,292.968,110.88,na,dend[1502],0.36230016880017046
720575940635116569,429.44,302.128,140.6,429.308,302.1,140.56,na,dend[1422],0.8640781468501063
720575940630713029,428.744,310.496,120.92,428.664,310.424,120.92,na,dend[1333],0.973686105356779
720575940627263375,410.992,276.32,100.32,410.888,276.296,100.28,na,dend[1862],0.6845277727738366
720575940628710555,409.4,284.244,82.32,409.496,284.156,82.32,na,dend[2296],0.2873908376181577
720575940631735265,433.472,308.06,128.72,433.46,308.172,128.72,na,dend[1397],0.7177384832822086
720575940617948445,418.584,266.992,122.44,418.596,267.124,122.44,na,dend[378],0.9486247428570213
720575940610638434,420.64,281.716,82.4,420.62,281.608,82.4,na,dend[2291],0.7141077822576687
720575940617564246,416.256,240.828,150.72,416.292,240.696,150.72,na,dend[925],0.8669508492825047
720575940623380009,414.388,267.312,119.56,414.424,267.212,119.6,na,dend[330],0.20758662494156058
720575940623957173,417.516,267.256,122.08,417.556,267.36,122.08,na,dend[380],0.9758454810376674
720575940625483962,421.532,290.552,117.68,421.452,290.616,117.64,na,dend[1302],1.0
720575940609268491,414.508,279.784,98.04,414.492,279.88,98.04,na,dend[1772],0.46012891208402096
720575940631153194,416.848,296.796,112.16,416.8,296.688,112.12,na,dend[1258],1.0
720575940629920056,429.58,236.392,147.6,429.564,236.52,147.6,na,dend[985],0.37527209152267704
720575940628779898,425.872,240.484,146.4,425.808,240.42,146.4,na,dend[976],0.8020361152607404
720575940627490459,426.048,306.88,124.16,426.096,306.96,124.2,na,dend[1455],1.0
720575940625483962,413.576,287.872,131.4,413.708,287.812,131.4,na,dend[1151],0.23398340204185133
720575940646341486,413.7,287.2,132.6,413.552,287.124,132.6,na,dend[1137],0.6484659132187505
720575940627263375,420.184,291.992,119.24,420.076,291.944,119.2,na,dend[1301],0.8831739516023247
720575940621717469,428.608,303.484,139.04,428.564,303.58,139.04,na,dend[1413],0.35357662597902045
720575940621717469,428.304,303.536,139.16,428.356,303.64,139.16,na,dend[1413],0.4367071605531697
720575940635282910,419.372,271.232,109.12,419.464,271.28,109.04,na,dend[84],0.32490232262116187
720575940627490459,423.688,271.18,122.76,423.58,271.204,122.76,na,dend[185],0.8879252021235117
720575940613603737,423.808,283.684,112.52,423.708,283.6,112.52,na,dend[1115],0.4294121613299771
720575940622318599,420.752,278.228,105.12,420.648,278.124,105.08,na,dend[1693],1.0
720575940619435655,412.984,267.048,118.56,413.048,267.164,118.6,na,dend[331],0.26470912378571254
720575940630713029,419.544,294.4,108.56,419.652,294.424,108.56,na,dend[1224],0.7441177928781225
720575940621307892,409.168,282.472,77.16,409.264,282.528,77.12,na,dend[2332],0.976533345611113
720575940638256949,414.264,283.736,95.4,414.168,283.808,95.36,na,dend[1767],0.5343972166816965
720575940604201830,412.224,284.072,95.28,412.284,284.22,95.28,na,dend[1738],0.7721959999950788
720575940628267264,414.148,283.272,95.32,414.18,283.824,95.28,na,dend[1767],0.5784013852221058
720575940603533246,418.06,281.296,113.48,417.952,281.344,113.48,na,dend[1173],0.5527719144052802
720575940606336213,422.008,245.496,140.32,421.912,245.472,140.32,na,dend[641],0.1830662407563985
720575940611091012,429.424,241.052,142.64,429.284,241.032,142.68,na,dend[687],0.7797370860790264
720575940629602871,421.336,281.888,109.52,421.376,282.0,109.56,na,dend[1160],0.7693961245246207
720575940635119723,418.7,262.428,126.4,418.688,262.3,126.4,na,dend[398],0.6005099089602561
720575940637418549,408.592,279.096,84.56,408.672,279.208,84.56,na,dend[2377],0.25045650819138876
720575940630713029,419.496,293.092,107.52,419.392,292.964,107.52,na,dend[1202],0.8042987047906737
720575940621307892,408.724,277.416,85.88,408.864,277.356,85.88,na,dend[2377],0.810780684063817
720575940623189799,411.408,274.968,67.92,411.552,274.98,67.88,na,dend[2225],0.11155992024569393
720575940641464309,419.408,275.696,85.84,419.312,275.704,85.84,na,dend[2500],0.9269980927519053
720575940628779898,436.496,238.764,146.0,436.584,238.712,145.96,na,dend[787],0.5404149910081348
720575940624846517,428.032,268.444,134.84,427.972,268.3,134.88,na,dend[248],0.33924047956947284
720575940622318599,424.088,272.804,126.88,423.96,272.788,126.84,na,dend[219],0.673684915526036
720575940625345328,423.256,302.7,112.4,423.304,302.772,112.4,na,dend[1317],0.8978998276683672
720575940602380768,423.784,285.46,88.6,423.692,285.604,88.56,na,dend[1987],0.7730073747807733
720575940602380768,423.636,285.568,88.68,423.528,285.64,88.72,na,dend[1976],1.0
720575940602380768,423.964,306.384,117.16,424.076,306.36,117.12,na,dend[1321],0.3057803359860848
720575940614633867,429.54,242.444,149.76,429.44,242.384,149.8,na,dend[1096],0.9796575149805806
720575940624872179,423.04,285.388,88.72,423.044,285.548,88.68,na,dend[1976],0.972591108102417
720575940628779898,411.688,245.94,148.52,411.784,245.848,148.48,na,dend[508],1.0
720575940611397166,409.424,245.348,149.44,409.536,245.316,149.44,na,dend[539],1.0
720575940643439816,419.768,288.02,96.88,419.792,288.176,96.88,na,dend[1729],0.9578523935103139
720575940629920056,416.628,245.712,152.16,416.564,245.6,152.16,na,dend[914],1.0
720575940603533246,408.296,278.76,99.44,408.216,278.848,99.44,na,dend[1871],1.0
720575940627201579,418.748,285.008,117.4,418.632,284.956,117.36,na,dend[1121],0.4660352182704801
720575940624504212,413.664,284.456,100.56,413.768,284.568,100.56,na,dend[1725],0.6242770942893017
720575940603533246,408.76,281.248,80.64,408.712,281.404,80.64,na,dend[2348],1.0
720575940627263375,413.356,290.976,103.6,413.42,291.064,103.6,na,dend[1565],0.2757162036525544
720575940609673369,415.0,289.568,103.92,415.128,289.6,103.92,na,dend[1530],0.9922169177555098
720575940631924584,426.108,277.984,103.2,426.16,277.872,103.2,na,dend[1699],0.9251493370873162
720575940623957173,419.404,276.36,88.32,419.456,276.244,88.32,na,dend[2406],0.35889335050080384
720575940606336213,420.28,251.652,135.48,420.308,251.564,135.48,na,dend[454],0.5541171355548503
720575940604201830,441.44,313.808,130.84,441.448,313.736,130.8,na,dend[1357],0.449201760415515
720575940623957173,419.436,276.264,88.44,419.464,276.136,88.4,na,dend[2406],0.45474462658962705
720575940624571116,410.572,283.372,93.36,410.58,283.272,93.36,na,dend[1844],0.9588967484256448
720575940624571116,410.432,283.344,93.44,410.32,283.272,93.44,na,dend[1844],0.7322768158461369
720575940606332629,427.308,271.728,96.28,427.2,271.632,96.28,na,dend[1941],0.48410290065546824
720575940643439816,427.216,271.788,96.88,427.148,271.72,96.88,na,dend[1941],0.7487208121064016
720575940627420668,423.832,276.544,104.04,423.876,276.712,104.0,na,dend[1697],0.8968483623172612
720575940617178739,417.192,257.064,134.56,417.288,257.096,134.52,na,dend[442],0.7783637427050946
720575940646400644,408.968,281.572,75.48,409.04,281.696,75.48,na,dend[2343],0.8931761554163483
720575940627420668,424.016,271.2,122.68,423.94,271.244,122.68,na,dend[186],0.8997498431585608
720575940627420668,419.736,261.78,129.04,419.608,261.752,129.08,na,dend[422],0.45327658547920374
720575940629708482,416.404,270.52,120.76,416.328,270.396,120.72,na,dend[317],0.9742307816081784
720575940617564246,410.84,244.388,150.28,410.792,244.468,150.28,na,dend[535],0.23568598008873454
720575940617564246,417.292,257.512,131.0,417.416,257.536,131.0,na,dend[438],0.6496531297257752
720575940614310802,420.504,268.96,122.6,420.444,269.048,122.56,na,dend[295],0.5416624595969318
720575940635282910,420.156,269.42,122.64,420.06,269.432,122.64,na,dend[295],0.3771502299616642
720575940610669042,422.272,271.072,120.16,422.272,271.18,120.16,na,dend[183],1.0
720575940621717469,423.704,270.68,120.2,423.656,270.78,120.2,na,dend[265],0.426078224770723
720575940644447511,420.752,269.216,120.96,420.668,269.288,120.96,na,dend[285],0.2567380989671054
720575940617564246,412.008,259.54,128.6,411.9,259.616,128.6,na,dend[425],0.8227519771422991
720575940617564246,425.332,243.328,139.8,425.252,243.176,139.8,na,dend[666],0.9248354620173902
720575940639241279,419.18,271.88,119.52,419.216,272.016,119.52,na,dend[269],0.013735983339554076
720575940617564246,425.748,242.564,139.88,425.844,242.58,139.84,na,dend[663],0.39846594218210046
720575940627803241,418.14,260.924,124.04,418.064,260.832,124.08,na,dend[414],0.37578206085198335
720575940614633867,423.732,271.14,123.64,423.72,271.012,123.6,na,dend[189],1.0
720575940629133071,431.308,311.152,121.88,431.408,311.216,121.88,na,dend[1447],0.9696775537532623
720575940617564246,425.732,243.172,139.96,425.816,243.088,139.92,na,dend[662],0.897547678850795
720575940617564246,425.944,243.24,140.24,426.032,243.24,140.24,na,dend[662],0.5678545409150886
720575940627490459,415.328,261.6,128.24,415.324,261.536,128.24,na,dend[424],0.014274431723224465
720575940621270167,414.82,261.2,128.04,414.832,261.336,128.04,na,dend[424],0.18676227621363953
720575940614633867,423.204,271.024,123.68,423.148,270.92,123.72,na,dend[190],0.9619213121663146
720575940641545888,415.448,262.116,129.12,415.604,262.112,129.08,na,dend[423],0.7954439371238953
720575940627218882,413.168,287.4,132.6,413.26,287.472,132.64,na,dend[1145],0.76537528119747
720575940635282910,420.56,270.368,122.92,420.48,270.392,122.88,na,dend[289],0.6136406232882506
720575940609673369,418.008,271.452,122.84,418.068,271.464,122.88,na,dend[302],0.6206178342732394
720575940625483962,420.468,270.628,124.08,420.388,270.544,124.08,na,dend[293],0.96349130466456
720575940603533246,409.144,278.368,110.08,409.192,278.464,110.04,na,dend[1671],0.3080470934847932
720575940609268491,424.064,272.84,104.56,424.076,272.948,104.52,na,dend[1713],0.9808312597981388
720575940634877850,415.472,288.076,131.84,415.496,287.984,131.8,na,dend[1152],0.7264395218379266
720575940627803241,410.676,279.984,110.16,410.78,280.064,110.16,na,dend[1658],0.763345126418761
720575940621346199,412.012,278.132,95.52,411.96,278.044,95.52,na,dend[1892],1.0
720575940606336213,435.156,232.64,152.52,435.016,232.596,152.56,na,dend[1048],0.3946118367892349
720575940628436839,418.848,252.512,137.44,418.892,252.412,137.44,na,dend[453],0.662862762562894
720575940625483962,422.352,273.112,127.88,422.272,273.0,127.88,na,dend[197],0.5970022261860758
720575940635282910,418.792,271.208,109.52,418.872,271.3,109.56,na,dend[159],0.9013550214941447
720575940621717469,418.832,271.468,109.6,418.952,271.448,109.6,na,dend[159],0.7172846684347469
720575940621717469,418.9,271.376,109.72,418.992,271.312,109.72,na,dend[159],0.7352797052233634
720575940629920056,418.104,249.376,139.16,418.288,249.332,139.12,na,dend[475],0.6180449308701691
720575940620348769,410.356,285.864,95.0,410.26,285.78,95.0,na,dend[1742],0.3302050084236468
720575940614633867,418.28,249.696,139.12,418.296,249.728,139.0,na,dend[475],0.5971535745348554
720575940628942340,433.376,274.476,128.68,433.372,274.34,128.64,na,dend[1],0.37497536872481174
720575940613380914,418.308,241.84,146.8,418.388,241.944,146.8,na,dend[817],0.8674904322223107
720575940632649697,426.648,307.944,123.76,426.536,307.956,123.72,na,dend[1455],0.5622520887300245
720575940611904296,418.8,290.644,107.2,418.932,290.62,107.2,na,dend[1200],1.0
720575940613380914,415.584,247.864,143.08,415.48,247.816,143.08,na,dend[485],0.6019722772848445
720575940609268491,417.12,284.208,108.72,417.02,284.112,108.76,na,dend[1627],0.1791177536795556
720575940625483962,421.512,290.724,117.92,421.444,290.76,117.88,na,dend[1302],0.9146115292013104
720575940637663662,418.328,274.756,86.56,418.336,274.648,86.56,na,dend[2410],0.5985909151029947
720575940626023868,424.696,238.652,155.16,424.6,238.732,155.2,na,dend[889],0.850656316340932
720575940629920056,420.848,238.656,152.88,420.752,238.512,152.88,na,dend[894],0.26983651647093704
720575940631924584,418.624,274.696,87.0,418.576,274.804,86.96,na,dend[2410],0.4171830338723464
720575940631924584,418.788,274.82,87.08,418.74,274.9,87.08,na,dend[2410],0.33839114664217396
720575940624743946,429.192,273.836,130.92,429.232,273.796,130.96,na,dend[23],0.5369790899400959
720575940380176351,419.988,271.272,89.08,420.088,271.248,89.04,na,dend[2421],0.8543604781415409
720575940606336213,429.872,231.744,150.88,429.88,231.868,150.92,na,dend[1012],0.8044988113461485
720575940609076693,413.16,247.424,150.28,413.28,247.356,150.28,na,dend[501],0.49727816994909235
720575940611904296,417.04,280.056,116.56,417.044,279.96,116.56,na,dend[58],1.0
720575940625483962,434.996,274.468,127.56,435.044,274.604,127.56,na,dend[26],0.585668950607133
720575940622318599,415.892,280.072,73.28,415.968,280.176,73.32,na,dend[2282],0.44811012926352733
720575940609076693,435.128,233.236,144.28,435.144,233.376,144.24,na,dend[778],0.9161380886353369
720575940609076693,418.716,244.848,149.08,418.768,244.76,149.12,na,dend[908],0.9710118457333512
720575940620980323,414.592,289.596,101.52,414.624,289.684,101.48,na,dend[1598],0.6157268043999711
720575940609268491,418.208,260.616,124.36,418.136,260.692,124.36,na,dend[413],0.8711243793583439
720575940610116581,432.536,244.228,150.48,432.508,244.156,150.48,na,dend[803],0.5574135611982137
720575940610116581,432.756,245.724,150.4,432.668,245.728,150.44,na,dend[800],1.0
720575940630713029,419.744,292.932,107.16,419.6,292.916,107.12,na,dend[1202],0.9838112243758762
720575940609076693,416.296,245.516,150.8,416.268,245.432,150.76,na,dend[917],1.0
720575940621838571,418.104,265.12,125.64,418.176,265.208,125.64,na,dend[387],0.3574881567678365
720575940630713029,419.392,293.288,107.4,419.432,293.096,107.4,na,dend[1202],0.8831853267852438
720575940626901136,507.572,315.136,153.56,507.628,314.996,153.52,na,axon[28],0.8279213610313293
720575940626901136,416.2,277.176,117.12,416.308,277.128,117.12,na,dend[61],0.11110810324895043
720575940621726698,431.184,235.556,150.84,431.324,235.484,150.8,na,dend[1032],0.45887311301609346
720575940636686170,414.48,263.864,102.84,414.56,263.776,102.84,na,dend[128],0.7928643527088195
720575940600763833,432.624,234.5,150.32,432.584,234.6,150.36,na,dend[1033],1.0
720575940617178739,417.1,256.968,134.64,417.132,256.956,134.72,na,dend[442],0.9068347215306204
720575940630258003,409.056,278.152,93.96,409.044,278.272,93.96,na,dend[1910],1.0
720575940635282910,415.056,272.496,93.24,414.976,272.416,93.28,na,dend[2463],0.9253221368541263
720575940609076693,418.38,254.016,135.76,418.448,254.128,135.76,na,dend[448],0.604934903659184
720575940626901136,412.844,282.324,79.64,412.924,282.26,79.64,na,dend[2319],1.0
720575940625673196,448.412,318.76,144.72,448.552,318.824,144.68,na,dend[1372],0.2955175448714595
720575940625673196,448.324,318.912,144.8,448.384,319.004,144.76,na,dend[1372],0.48791899075435624
720575940639241279,432.44,242.544,145.72,432.34,242.652,145.76,na,dend[711],0.6122366108321825
720575940627263375,423.828,280.616,95.8,423.784,280.508,95.8,na,dend[1917],1.0
720575940638536400,417.5,262.068,129.24,417.428,262.152,129.24,na,dend[421],0.3818434985058958
720575940643439816,427.244,271.764,97.08,427.224,271.668,97.08,na,dend[1941],0.8806813181384173
720575940611904296,419.924,281.888,102.4,419.972,282.012,102.4,na,dend[1718],0.7196393927883575
720575940611904296,428.36,304.964,140.36,428.492,304.928,140.4,na,dend[1420],0.8799684906233275
720575940611904296,422.632,270.692,123.64,422.74,270.7,123.64,na,dend[191],0.9133921096981297
720575940621307892,411.144,281.924,76.6,411.104,282.024,76.64,na,dend[2331],0.07666190322945517
720575940625146122,420.776,307.96,117.96,420.9,308.028,117.96,na,dend[1471],0.8020780423322859
720575940611904296,432.136,279.044,117.8,432.052,278.956,117.8,na,dend[32],0.9754118718763513
720575940611904296,419.248,279.76,106.72,419.096,279.812,106.72,na,dend[1640],0.8845955372785627
720575940611904296,418.708,290.616,107.48,418.744,290.544,107.52,na,dend[1200],0.9539255697403333
720575940611904296,417.496,279.688,106.8,417.424,279.584,106.8,na,dend[1687],0.723390593552124
720575940611904296,416.768,280.316,116.44,416.684,280.392,116.4,na,dend[59],0.8460639755470525
720575940620980323,435.648,278.836,101.84,435.796,278.836,101.84,na,dend[1956],0.9730302095013789
720575940620980323,423.072,271.728,122.24,423.112,271.624,122.28,na,dend[184],0.9285609441424465
720575940620980323,422.556,273.836,111.68,422.452,273.792,111.72,na,dend[163],0.4731901489620618
720575940620980323,417.208,278.132,80.64,417.216,278.24,80.64,na,dend[2283],0.9280268041486448
720575940620980323,422.668,272.28,118.12,422.572,272.252,118.12,na,dend[171],0.13307630344660523
720575940620980323,410.132,280.696,96.48,410.224,280.768,96.44,na,dend[1880],1.0
720575940623957173,415.152,235.86,155.08,415.064,235.832,155.08,na,dend[953],0.9677673447211795
720575940620980323,415.624,288.504,101.88,415.696,288.556,101.92,na,dend[1522],1.0
720575940613603737,414.116,286.508,129.72,414.2,286.632,129.72,na,dend[1133],0.6111231534730995
720575940632574946,431.904,273.264,129.92,431.904,273.388,129.92,na,dend[1],0.6927844222464571
720575940643439816,418.44,269.052,98.48,418.28,269.08,98.44,na,dend[2489],0.8980258260634308
720575940643439816,420.104,271.28,89.12,420.208,271.276,89.08,na,dend[2421],1.0
720575940637471039,431.52,306.568,133.96,431.44,306.596,133.96,na,dend[1402],0.1687366686107983
720575940637471039,426.984,308.44,123.12,426.88,308.484,123.16,na,dend[1455],0.24495062129458428
720575940623957173,410.208,273.68,89.2,410.176,273.78,89.2,na,dend[2475],0.8228423327054123
720575940623957173,412.808,281.388,80.48,412.948,281.5,80.48,na,dend[2317],0.9281293861340834
720575940634086169,418.948,261.36,123.28,419.024,261.24,123.24,na,dend[416],0.7516877248910756
720575940646400644,428.984,273.46,130.96,428.928,273.556,130.92,na,dend[23],0.7592374231519532
720575940627096957,418.712,265.12,125.2,418.768,265.212,125.2,na,dend[381],1.0
720575940632015699,413.776,261.696,118.16,413.856,261.796,118.12,na,dend[370],0.9524128070507751
720575940627096957,431.704,310.792,124.8,431.736,310.648,124.8,na,dend[1347],0.483737369707979
720575940627096957,418.952,277.704,88.24,418.872,277.74,88.28,na,dend[2392],0.48962447335586906
720575940634086169,419.656,260.768,125.0,419.592,260.884,125.04,na,dend[417],0.9029913917995516
720575940617613858,432.592,243.12,149.04,432.556,242.984,149.04,na,dend[798],0.37762874242782624
720575940617613858,418.412,263.208,116.72,418.472,263.356,116.72,na,dend[358],0.9065677569053745
720575940637561919,416.356,263.256,100.32,416.276,263.36,100.32,na,dend[127],0.641649608761808
720575940631735265,422.916,302.704,113.32,422.936,302.584,113.28,na,dend[1479],0.7809782447778968
720575940637561919,413.848,270.164,86.24,413.808,270.0,86.24,na,dend[2438],0.7985070577525617
720575940632015699,413.528,261.712,118.24,413.516,261.824,118.24,na,dend[372],0.6280808478618322
720575940624395528,408.672,281.852,103.88,408.632,282.004,103.88,na,dend[1875],0.8168032168394861
720575940622579967,416.216,298.324,107.48,416.28,298.216,107.48,na,dend[1492],1.0
720575940622657684,436.984,310.952,127.92,436.964,311.088,127.92,na,dend[1353],0.5979027530765004
720575940618455791,411.132,248.98,149.48,411.232,249.044,149.48,na,dend[502],0.46615501424871464
720575940651593974,411.0,280.952,97.2,410.972,280.884,97.24,na,dend[1857],0.6364574021263913
720575940618129573,412.296,290.94,136.52,412.408,290.848,136.52,na,dend[1142],0.9981980072758274
720575940634086169,407.436,289.184,90.48,407.504,289.12,90.48,na,dend[1756],0.498387150850356
720575940634086169,415.384,266.76,119.6,415.404,266.864,119.6,na,dend[329],0.8800764343438658
720575940619435655,415.796,264.648,118.4,415.892,264.752,118.36,na,dend[349],0.8976171095057892
720575940619435655,416.956,272.82,117.92,417.008,272.744,117.88,na,dend[271],0.9547760167694214
720575940619435655,413.288,290.892,117.8,413.348,290.876,117.84,na,dend[1515],0.04556905812192051
720575940638291133,414.976,289.864,110.92,415.008,289.98,110.92,na,dend[1205],0.9859113151039444
720575940629310970,410.176,280.76,110.16,410.192,280.656,110.16,na,dend[1674],0.9949649289729053
720575940627096957,411.488,248.288,149.8,411.608,248.332,149.8,na,dend[502],0.308956934960299
720575940627096957,449.608,316.732,137.6,449.464,316.808,137.56,na,dend[1367],0.17589650747222457
720575940637458997,416.928,273.904,111.2,417.06,273.956,111.2,na,dend[77],0.9623412875905429
720575940617467712,415.336,262.648,118.92,415.372,262.78,118.88,na,dend[363],0.9514067012906241
720575940628014391,424.44,266.932,103.92,424.4,267.084,103.96,na,dend[98],1.0
720575940617467712,424.076,270.248,106.0,423.976,270.24,106.04,na,dend[142],0.7935655795528467
720575940626901136,411.376,286.308,89.44,411.316,286.376,89.44,na,dend[1808],0.20269221714365854
720575940626901136,418.56,278.556,105.2,418.648,278.464,105.16,na,dend[1692],0.6583210671852575
720575940613497395,423.76,267.176,123.64,423.652,267.208,123.68,na,dend[299],0.9577153534818311
720575940626901136,416.192,277.124,117.32,416.344,277.12,117.36,na,dend[61],0.20879276693678608
720575940626901136,497.448,320.768,159.0,497.352,320.728,159.0,na,axon[23],0.9853782117359281
720575940626901136,431.6,304.348,135.64,431.724,304.416,135.64,na,dend[1409],0.6429415458347979
720575940623366102,440.82,311.544,129.04,440.824,311.408,129.04,na,dend[1389],0.6508918607673584
720575940611588835,432.36,308.852,125.96,432.376,308.976,126.0,na,dend[1444],0.95486121879152
720575940620813989,427.188,272.564,139.44,427.048,272.596,139.36,na,dend[15],0.27085710040254896
720575940611588835,428.372,309.052,120.04,428.292,309.016,120.04,na,dend[1331],0.8526960821044133
720575940620813989,428.616,267.16,131.76,428.704,267.16,131.84,na,dend[233],0.8057283768814532
720575940622339113,430.472,231.404,151.16,430.476,231.504,151.16,na,dend[1018],0.5925225709931734
720575940622339113,415.136,241.352,152.8,415.24,241.384,152.76,na,dend[927],0.6642780289827778
720575940622339113,423.644,245.064,144.8,423.804,245.088,144.8,na,dend[669],0.3453559611000626
720575940622339113,423.728,245.228,145.6,423.808,245.332,145.56,na,dend[669],0.6310856318332174
720575940616114132,427.256,270.56,97.2,427.34,270.628,97.2,na,dend[1942],0.7249366722232963
720575940624349993,411.024,279.496,109.96,411.064,279.592,110.0,na,dend[1658],1.0
720575940616114132,427.272,270.476,97.36,427.348,270.52,97.4,na,dend[1942],0.9080658754113682
720575940628419804,429.544,273.04,131.56,429.68,273.16,131.52,na,dend[4],0.45905431721283574
720575940616114132,423.556,268.296,75.28,423.468,268.316,75.28,na,dend[2139],0.5290635982030159
720575940617467712,425.204,306.796,119.36,425.168,306.904,119.32,na,dend[1322],0.7475099230851691
720575940617467712,424.152,269.848,107.96,424.232,269.908,107.92,na,dend[144],0.5876777723504343
720575940637458997,427.128,269.624,130.08,427.184,269.508,130.12,na,dend[224],0.9679456951890268
720575940618886710,425.96,272.644,139.6,425.884,272.556,139.6,na,dend[17],0.5309548895584578
720575940644447511,420.888,250.8,135.04,420.772,250.84,135.04,na,dend[455],0.7867987858844513
720575940644447511,415.632,279.616,109.4,415.66,279.736,109.4,na,dend[1643],0.2978005211301749
720575940607765257,438.352,236.244,146.32,438.472,236.304,146.28,na,dend[766],0.9094366302279475
720575940644447511,413.756,292.084,104.2,413.668,292.032,104.2,na,dend[1566],1.0
720575940644447511,419.34,268.064,120.76,419.4,268.152,120.76,na,dend[313],0.4344263800217333
720575940624846517,428.376,268.088,134.96,428.24,268.056,134.92,na,dend[248],0.6276713147846927
720575940624846517,425.224,268.444,133.24,425.276,268.564,133.28,na,dend[257],0.6913565719100271
720575940621533867,424.824,303.172,111.44,424.848,303.284,111.4,na,dend[1316],0.5386981383418316
720575940624846517,427.988,239.808,146.88,427.944,239.676,146.88,na,dend[1079],0.5808526313575733
720575940621533867,437.856,311.668,127.88,437.824,311.544,127.88,na,dend[1353],0.7229903276640997
720575940621533867,420.268,292.976,109.12,420.12,292.944,109.12,na,dend[1223],0.34662182331497593
720575940621533867,423.46,305.028,113.04,423.444,304.928,113.04,na,dend[1318],0.5456958088583659
720575940621533867,424.552,306.504,115.4,424.416,306.4,115.44,na,dend[1320],0.4631499507255011
720575940621533867,428.136,309.088,119.84,428.244,309.048,119.84,na,dend[1331],0.9636316448404546
720575940621533867,428.064,309.152,119.96,428.168,309.088,119.96,na,dend[1331],0.8427881473788802
720575940621533867,415.616,290.408,101.96,415.564,290.504,101.96,na,dend[1531],0.42882239951662926
720575940621533867,423.28,305.056,113.0,423.212,304.952,113.0,na,dend[1318],0.5280621283565627
720575940621533867,423.344,305.332,113.4,423.288,305.244,113.4,na,dend[1318],0.6972045174808514
720575940623380009,419.556,272.948,131.0,419.6,273.044,131.0,na,dend[201],0.6657966378630634
720575940629486714,441.224,236.856,142.6,441.132,236.78,142.6,na,dend[786],0.8940258923187479
720575940604653484,430.592,279.016,115.52,430.464,279.084,115.48,na,dend[1104],0.9109747817778453
720575940614840482,423.732,289.568,88.48,423.688,289.432,88.52,na,dend[1982],1.0
720575940627195691,409.928,274.256,78.56,409.98,274.336,78.52,na,dend[2235],0.964017947103292
720575940610113905,426.648,274.044,135.08,426.756,274.008,135.08,na,dend[9],0.5295203713988742
720575940622579967,423.112,305.516,124.24,423.224,305.504,124.24,na,dend[1329],0.977565953299394
720575940621972009,427.46,272.952,137.96,427.572,273.004,137.96,na,dend[13],0.2759498061227397
720575940621972009,430.772,273.568,131.2,430.628,273.564,131.24,na,dend[1],0.9462132272154005
720575940631230415,417.448,294.6,108.64,417.472,294.656,108.64,na,dend[1501],0.698933998737602
720575940627195691,412.372,271.516,72.52,412.456,271.6,72.48,na,dend[2167],1.0
720575940628942340,433.904,274.672,128.32,433.88,274.528,128.32,na,dend[1],0.28498829272689197
720575940617467712,419.216,274.528,131.92,419.364,274.516,131.92,na,dend[204],0.29608837451485726
720575940617467712,412.54,291.096,119.08,412.472,291.188,119.08,na,dend[1516],0.6677982674100192
720575940605214636,412.34,281.008,110.52,412.428,280.984,110.52,na,dend[1643],1.0
720575940605214636,413.024,270.864,120.4,412.944,270.8,120.36,na,dend[320],1.0
720575940605214636,425.872,304.472,136.88,425.776,304.408,136.88,na,dend[1429],0.2881365680314291
720575940605214636,415.964,299.268,108.0,415.952,299.168,108.0,na,dend[1496],1.0
720575940605214636,425.832,304.56,137.08,425.764,304.468,137.08,na,dend[1429],0.35393366137760657
720575940605214636,425.016,304.764,137.12,425.144,304.772,137.12,na,dend[1429],0.882373058279694
720575940605214636,416.248,299.508,108.28,416.248,299.388,108.28,na,dend[1497],1.0
720575940605214636,419.076,295.704,114.56,419.076,295.588,114.56,na,dend[1260],0.6142573822132739
720575940605214636,418.472,295.588,114.84,418.544,295.48,114.88,na,dend[1310],0.529008123715409
720575940605214636,418.912,295.608,114.72,418.856,295.504,114.68,na,dend[1260],0.807610282393789
720575940605214636,419.744,273.908,121.04,419.76,273.764,121.04,na,dend[172],0.7411537338336451
720575940605214636,427.092,310.392,121.32,427.052,310.28,121.32,na,dend[1451],0.13933212088271973
720575940605214636,430.512,311.368,121.24,430.512,311.248,121.24,na,dend[1445],0.9063729901427822
720575940605214636,429.788,311.148,121.56,429.82,311.024,121.56,na,dend[1445],0.6144901018836986
720575940605214636,427.384,310.436,121.52,427.464,310.368,121.52,na,dend[1450],1.0
720575940605214636,443.776,313.424,131.44,443.696,313.556,131.44,na,dend[1359],0.8861668693337991
720575940605214636,439.776,312.788,129.28,439.668,312.72,129.28,na,dend[1354],0.2977629069450052
720575940605214636,443.684,313.508,131.72,443.644,313.644,131.68,na,dend[1359],0.8611173798859283
720575940605214636,426.464,309.244,122.6,426.552,309.244,122.68,na,dend[1454],0.6495035159942523
720575940605214636,413.008,296.44,109.72,413.004,296.336,109.72,na,dend[1233],0.907997317907819
720575940605214636,412.844,296.408,109.8,412.832,296.3,109.8,na,dend[1233],0.9362894184338145
720575940605214636,413.088,296.532,110.2,413.144,296.504,110.24,na,dend[1234],0.48416469092731207
720575940605214636,432.312,307.2,131.56,432.24,307.268,131.56,na,dend[1399],0.7060105800958236
720575940605214636,425.856,309.644,122.92,425.916,309.736,122.92,na,dend[1457],0.6833563039499605
720575940605214636,418.56,281.192,82.16,418.528,281.088,82.16,na,dend[2032],1.0
720575940605214636,421.608,308.064,117.8,421.632,307.924,117.8,na,dend[1468],1.0
720575940605214636,416.152,265.14,100.84,416.1,265.04,100.84,na,dend[133],1.0
720575940605214636,416.536,265.24,101.28,416.66,265.212,101.28,na,dend[120],0.5564860778225305
720575940605214636,412.792,290.256,101.96,412.7,290.188,101.96,na,dend[1536],0.817144512504589
720575940605214636,428.844,306.004,133.56,428.928,306.128,133.56,na,dend[1433],0.8054788169102622
720575940605214636,408.96,276.528,86.8,409.076,276.568,86.76,na,dend[2379],0.6619463979046112
720575940605214636,429.164,306.472,134.2,429.156,306.336,134.2,na,dend[1431],0.9604970486929846
720575940605214636,430.796,307.432,133.96,430.872,307.376,133.96,na,dend[1434],0.24206342223612365
720575940605214636,431.096,307.648,133.72,431.192,307.536,133.72,na,dend[1434],0.13219847039329768
720575940605214636,411.98,281.24,78.16,412.04,281.352,78.16,na,dend[2323],0.7558551727863344
720575940605214636,411.808,281.3,78.72,411.884,281.404,78.72,na,dend[2323],0.1373134111241178
720575940605214636,431.464,307.632,133.88,431.416,307.584,133.88,na,dend[1434],0.11502669800058996
720575940605214636,422.064,308.496,116.92,422.136,308.384,116.92,na,dend[1469],0.9275679165967107
720575940605214636,415.136,286.352,127.08,415.044,286.244,127.04,na,dend[1130],0.6199845382037878
720575940605214636,425.876,279.952,116.24,425.872,280.056,116.24,na,dend[1105],0.8494614405425757
720575940605214636,405.548,281.104,93.52,405.636,281.104,93.48,na,dend[1850],0.5747613550037949
720575940605214636,412.824,292.712,103.24,412.948,292.648,103.2,na,dend[1576],1.0
720575940605214636,429.248,309.364,125.08,429.316,309.272,125.04,na,dend[1343],0.9696923295734272
720575940605214636,417.104,272.512,117.04,417.052,272.608,117.08,na,dend[273],0.4592412613441946
720575940605214636,412.336,288.812,91.12,412.248,288.744,91.12,na,dend[1759],0.8604487833529465
720575940605214636,417.788,271.788,116.56,417.796,271.7,116.56,na,dend[278],0.5441304457427504
720575940605214636,415.968,278.208,116.2,415.972,278.324,116.2,na,dend[57],0.3237253133613983
720575940605214636,415.768,277.42,116.2,415.788,277.3,116.24,na,dend[42],1.0
720575940620381575,429.448,237.748,147.16,429.444,237.88,147.16,na,dend[1072],1.0
720575940620381575,419.484,244.08,155.48,419.416,243.96,155.52,na,dend[845],0.8403491007729629
720575940605214636,441.352,313.36,129.56,441.4,313.472,129.56,na,dend[1355],0.9439949141101373
720575940620381575,434.948,233.664,152.04,434.936,233.544,152.0,na,dend[1043],0.08603262430948008
720575940605214636,441.184,313.344,129.64,441.164,313.432,129.64,na,dend[1355],0.7579896002314924
720575940605214636,440.6,312.968,129.96,440.568,313.084,129.96,na,dend[1354],0.790363882561548
720575940620381575,409.652,246.096,154.12,409.652,245.952,154.08,na,dend[554],1.0
720575940605214636,441.356,312.784,130.52,441.336,312.92,130.52,na,dend[1357],0.4110417644503204
720575940620381575,411.216,245.068,154.28,411.196,244.968,154.32,na,dend[534],0.8080048477188266
720575940631312967,422.604,267.136,76.2,422.664,267.212,76.2,na,dend[2140],0.4541080329553909
720575940620381575,411.896,246.228,148.12,411.952,246.1,148.08,na,dend[495],0.9355795788107892
720575940641211520,413.46,268.116,121.72,413.464,268.24,121.76,na,dend[379],0.9560228706591893
720575940641211520,413.744,267.892,121.92,413.84,267.932,121.88,na,dend[379],0.8706237216941753
720575940641211520,505.452,308.416,146.84,505.36,308.32,146.8,na,axon[52],0.6038340797100076
720575940627096957,411.02,291.276,99.12,411.012,291.424,99.12,na,dend[1583],0.44004485843064695
720575940627096957,419.952,255.44,134.12,419.832,255.412,134.12,na,dend[447],0.514851043968967
720575940636686170,421.036,283.104,98.36,420.936,283.132,98.36,na,dend[1731],1.0
720575940636686170,423.684,303.332,113.76,423.736,303.448,113.76,na,dend[1318],0.3246096794424336
720575940636686170,410.552,289.832,111.6,410.58,289.744,111.6,na,dend[1221],0.5738727183615581
720575940636686170,420.172,281.676,98.76,420.128,281.8,98.76,na,dend[1726],0.6116733982604161
720575940619654053,423.472,267.428,75.52,423.544,267.424,75.56,na,dend[2140],0.1548779664061948
720575940619654053,428.876,241.472,144.76,428.784,241.46,144.76,na,dend[703],0.6007208569809704
720575940619654053,428.42,242.144,145.08,428.312,242.168,145.04,na,dend[704],0.9606688070296001
720575940619654053,421.064,245.728,144.84,421.048,245.848,144.84,na,dend[643],1.0
720575940619654053,443.376,240.336,145.88,443.34,240.236,145.88,na,dend[754],0.8119961737340265
720575940619654053,423.992,241.548,146.04,423.98,241.496,146.04,na,dend[972],0.5704618532611196
720575940619654053,433.224,240.388,144.8,433.16,240.404,144.76,na,dend[719],0.28380750111656994
720575940619654053,502.896,325.432,164.52,502.824,325.556,164.52,na,axon[3],0.909250971743348
720575940619654053,438.168,233.372,146.12,438.288,233.472,146.08,na,dend[771],0.803774676458483
720575940619654053,429.696,237.304,145.6,429.66,237.184,145.56,na,dend[1077],1.0
720575940619654053,436.384,207.948,145.0,436.432,208.064,144.96,na,dend_11[0],0.47851865913093017
720575940619654053,502.636,323.812,162.52,502.524,323.784,162.52,na,axon[13],0.2562991073276232
720575940619654053,501.712,324.64,164.96,501.688,324.512,165.0,na,axon[3],0.8800193483044819
720575940619654053,503.412,325.916,165.16,503.432,326.032,165.16,na,axon[3],0.8963175208782588
720575940619654053,502.496,325.972,166.12,502.528,325.976,166.16,na,axon[3],0.8392858407440242
720575940619654053,507.32,324.708,163.52,507.248,324.64,163.52,na,axon[4],0.7282925977056354
720575940619654053,505.648,325.324,163.68,505.732,325.36,163.68,na,axon[4],0.4207882394119081
720575940619654053,503.988,324.76,164.88,504.104,324.76,164.92,na,axon[3],0.9441189475462403
720575940619654053,420.148,288.032,107.96,420.148,287.872,107.96,na,dend[1186],1.0
720575940619654053,420.244,287.376,108.2,420.26,287.272,108.16,na,dend[1186],0.4209598264095271
720575940619654053,419.992,288.076,107.92,419.948,287.904,107.96,na,dend[1186],1.0
720575940619654053,507.16,315.592,155.2,507.164,315.704,155.2,na,axon[28],0.6460394574879933
720575940619654053,513.072,320.28,160.24,513.096,320.136,160.24,na,axon[59],0.7587415061416524
720575940619654053,410.616,245.048,150.12,410.576,245.184,150.12,na,dend[535],0.916046550744956
720575940619654053,417.88,254.744,136.48,417.812,254.668,136.48,na,dend[448],1.0
720575940619654053,497.892,328.14,170.88,498.004,328.116,170.88,na,axon[3],0.5224229348257409
720575940619654053,497.88,328.32,170.88,497.944,328.448,170.92,na,axon[3],0.5138376148574143
720575940619654053,470.048,322.7,161.84,469.976,322.812,161.84,na,axon[2],0.6540020488172542
720575940619654053,422.872,298.988,111.04,422.776,298.792,111.0,na,dend[1313],0.3576009988972931
720575940619654053,508.912,319.752,159.72,508.896,319.616,159.72,na,axon[59],0.22468169613280306
720575940619654053,422.44,243.688,143.12,422.388,243.568,143.16,na,dend[667],0.872625730586717
720575940619654053,512.848,320.22,159.92,512.864,320.096,159.88,na,axon[59],0.712563478414727
720575940619654053,418.636,277.036,88.88,418.624,276.952,88.84,na,dend[2393],0.05074183173814124
720575940619654053,449.428,317.32,151.88,449.336,317.368,151.88,na,axon[2],0.384761482808645
720575940619654053,418.688,276.976,88.72,418.672,276.84,88.72,na,dend[2393],0.1257286780843873
720575940619654053,432.204,241.836,145.96,432.136,241.772,146.04,na,dend[712],0.19351748889687462
720575940619654053,430.212,273.536,130.8,430.176,273.472,130.8,na,dend[1],0.9429655808420717
720575940619654053,518.824,321.312,164.52,518.816,321.464,164.56,na,axon[68],1.0
720575940619654053,424.312,304.768,125.84,424.328,304.704,125.84,na,dend[1326],0.3603294612877551
720575940619654053,423.54,242.468,145.44,423.6,242.464,145.4,na,dend[971],1.0
720575940619654053,503.784,325.288,162.24,503.764,325.412,162.24,na,axon[13],0.03682141930543863
720575940619654053,413.712,278.024,115.84,413.8,277.872,115.88,na,dend[44],0.7698012898534595
720575940619654053,500.132,326.228,166.4,500.04,326.264,166.36,na,axon[3],0.7601485634350313
720575940619654053,417.248,294.312,111.76,417.184,294.256,111.76,na,dend[1226],0.9207819272311665
720575940619654053,417.536,268.448,121.28,417.552,268.336,121.28,na,dend[329],0.2687274067355287
720575940619654053,406.972,242.968,161.84,406.944,242.804,161.84,na,dend[610],0.8035448318058422
720575940619654053,504.56,325.032,161.96,504.576,325.228,161.96,na,axon[13],0.23583425201520478
720575940619654053,518.756,322.468,164.32,518.848,322.548,164.32,na,axon[81],0.5788327194218373
720575940619654053,470.048,322.64,161.72,469.984,322.752,161.72,na,axon[2],0.652905444071064
720575940619654053,470.144,322.712,161.76,470.112,322.868,161.76,na,axon[2],0.654803251696692
720575940619654053,503.876,324.52,162.04,503.848,324.412,162.0,na,axon[13],0.36430722926743386
720575940619654053,508.144,313.156,152.84,508.304,313.088,152.8,na,axon[28],1.0
720575940619654053,507.864,325.14,162.28,507.752,325.144,162.28,na,axon[12],0.10276804070736574
720575940619654053,506.872,311.884,151.92,506.736,311.856,151.92,na,axon[34],0.6700147271970871
720575940619654053,505.84,324.916,162.76,505.976,324.892,162.72,na,axon[4],0.48084610136947314
720575940619654053,505.872,324.96,162.76,506.012,325.008,162.72,na,axon[4],0.4940274247978519
720575940619654053,507.908,312.832,152.8,507.868,312.648,152.76,na,axon[34],0.17928110861321314
720575940619654053,433.248,240.148,145.84,433.172,240.128,145.8,na,dend[714],1.0
720575940619654053,509.976,310.256,149.48,510.028,310.144,149.44,na,axon[47],0.4724430463144497
720575940619654053,507.476,313.624,153.08,507.376,313.64,153.16,na,axon[34],0.004381263039109491
720575940619654053,507.944,313.248,153.0,507.964,313.204,153.16,na,axon[28],0.9959297098523824
720575940619654053,506.916,311.824,151.88,506.788,311.7,151.84,na,axon[34],0.7056198229651687
720575940619654053,509.896,310.256,149.52,509.824,310.08,149.52,na,axon[47],0.3639450035837605
720575940619654053,509.872,310.272,149.48,509.856,310.168,149.44,na,axon[47],0.4043196193728144
720575940619654053,507.52,313.6,153.08,507.564,313.564,153.2,na,axon[34],0.02200346191347547
720575940619654053,508.152,313.208,152.8,508.228,313.172,152.8,na,axon[28],1.0
720575940619654053,507.868,313.024,153.0,507.888,312.936,153.04,na,axon[34],0.062010926493119144
720575940619654053,507.54,313.728,153.12,507.516,313.704,153.2,na,axon[34],0.034542630562899454
720575940619654053,507.52,313.668,153.12,507.44,313.6,153.24,na,axon[34],0.02044264931240481
720575940619654053,506.96,311.76,151.72,506.892,311.66,151.72,na,axon[34],0.7288103754123838
720575940619654053,506.976,311.752,151.84,506.948,311.628,151.84,na,axon[34],0.6932863256522689
720575940619654053,506.892,311.864,151.76,506.784,311.796,151.72,na,axon[34],0.7251480904946764
720575940619654053,508.168,312.12,152.24,508.2,312.032,152.32,na,axon[34],0.3355324902704989
720575940619654053,506.588,313.144,152.12,506.48,313.168,152.16,na,axon[34],0.46132058638234325
720575940619654053,508.236,312.12,152.24,508.344,312.096,152.24,na,axon[34],0.3281933627168134
720575940619654053,507.696,312.888,152.8,507.54,312.82,152.8,na,axon[34],0.19050485470823675
720575940619654053,418.052,267.224,122.28,417.984,267.2,122.28,na,dend[380],0.6780520928291618
720575940619654053,418.164,255.22,135.32,418.096,255.248,135.36,na,dend[448],0.7491170287952557
720575940619654053,418.16,255.224,135.24,418.12,255.16,135.24,na,dend[448],0.7114621612657164
720575940619654053,507.184,315.556,155.36,507.196,315.636,155.36,na,axon[28],0.6400559091809201
720575940619654053,420.28,253.184,134.96,420.2,253.08,134.96,na,dend[453],0.1595845632524471
720575940619654053,418.032,274.088,110.32,417.936,274.108,110.36,na,dend[79],0.7788600446635799
720575940619654053,507.256,315.516,155.4,507.32,315.628,155.4,na,axon[28],0.639270175027136
720575940619654053,507.608,315.988,155.44,507.552,315.884,155.48,na,axon[28],0.6165825756668107
720575940619654053,427.52,244.264,144.8,427.432,244.364,144.8,na,dend[678],0.29263579765619324
720575940619654053,501.908,321.864,159.68,501.916,322.048,159.72,na,axon[14],0.6639489439495143
720575940619654053,507.252,315.548,155.32,507.34,315.636,155.32,na,axon[28],0.6446971546173831
720575940619654053,508.176,316.852,154.92,508.024,316.848,154.92,na,axon[28],0.58874047303338
720575940619654053,419.0,268.072,122.44,419.072,268.12,122.48,na,dend[328],0.9042053212732817
720575940619654053,427.752,279.732,112.92,427.768,279.588,112.92,na,dend[1109],0.8661179188079916
720575940619654053,494.952,315.756,157.44,494.856,315.848,157.44,na,axon[26],0.30360601647610846
720575940619654053,419.8,268.792,121.96,419.92,268.772,122.0,na,dend[295],0.40047616341960807
720575940619654053,419.0,268.136,122.44,419.088,268.248,122.48,na,dend[328],0.7786720281220793
720575940619654053,418.608,259.476,131.92,418.58,259.42,131.88,na,dend[437],0.45772214003116546
720575940619654053,503.976,325.328,162.88,503.98,325.468,162.88,na,axon[3],0.9969565360352745
720575940619654053,498.688,336.628,192.16,498.664,336.536,192.12,na,axon[92],0.16300555982617745
720575940619654053,499.144,336.352,192.04,499.124,336.24,192.04,na,axon[92],0.15992960845666226
720575940619654053,424.772,284.68,109.44,424.824,284.788,109.44,na,dend[1159],0.5147994814397805
720575940619654053,499.064,336.404,192.04,498.984,336.316,192.0,na,axon[92],0.16002342603467398
720575940619654053,498.784,336.548,192.16,498.792,336.448,192.16,na,axon[92],0.16288989390071115
720575940619654053,499.28,336.448,192.28,499.272,336.34,192.28,na,axon[92],0.16295055670623346
720575940619654053,519.656,318.536,165.84,519.772,318.468,165.84,na,axon[77],1.0
720575940619654053,519.588,318.464,165.8,519.688,318.352,165.84,na,axon[77],0.9748230985609553
720575940619654053,498.736,336.58,192.2,498.692,336.496,192.2,na,axon[92],0.16377187710746854
720575940619654053,498.192,327.728,170.6,498.188,327.628,170.6,na,axon[3],0.5450384302069267
720575940619654053,519.588,318.808,165.96,519.6,318.92,165.96,na,axon[77],0.8274535066165668
720575940619654053,410.02,244.72,149.88,410.116,244.644,149.88,na,dend[538],0.7503192024053554
720575940619654053,505.784,324.952,162.68,505.796,324.956,162.6,na,axon[4],0.44729671183623737
720575940619654053,498.22,327.848,170.64,498.22,327.808,170.68,na,axon[3],0.540187350488581
720575940619654053,497.72,328.332,171.12,497.82,328.264,171.12,na,axon[3],0.5068984469258417
720575940619654053,497.544,328.536,171.24,497.584,328.656,171.2,na,axon[3],0.49118025064150694
720575940619654053,497.748,328.364,171.08,497.844,328.424,171.08,na,axon[3],0.5061795731233109
720575940619654053,497.612,328.492,171.24,497.76,328.524,171.24,na,axon[3],0.49685760137000196
720575940619654053,497.408,328.544,171.24,497.436,328.668,171.24,na,axon[3],0.48562023041474744
720575940619654053,449.68,317.404,152.32,449.52,317.36,152.28,na,axon[2],0.3891769930300443
720575940619654053,497.432,328.516,171.32,497.564,328.516,171.36,na,axon[3],0.4876582718167644
720575940619654053,497.364,328.536,171.32,497.416,328.7,171.36,na,axon[3],0.4805244152414648
720575940619654053,497.596,328.512,171.08,497.616,328.64,171.08,na,axon[3],0.4963312295794814
720575940619654053,509.04,316.804,155.04,509.124,316.872,155.04,na,axon[28],0.5914926001908223
720575940619654053,508.3,316.8,154.8,508.396,316.952,154.8,na,axon[28],0.5939389532527818
720575940619654053,505.424,325.432,163.88,505.388,325.556,163.88,na,axon[4],0.3478527098655384
720575940619654053,501.824,321.868,159.68,501.756,321.976,159.68,na,axon[14],0.7003240439166383
720575940619654053,501.712,321.968,159.84,501.608,322.008,159.84,na,axon[14],0.7060450424311489
720575940619654053,436.368,207.944,145.04,436.416,208.036,145.04,na,dend_11[0],0.4778497246498515
720575940619654053,496.732,319.268,159.48,496.632,319.248,159.48,na,axon[24],0.13790615009630258
720575940619654053,497.616,317.528,158.84,497.744,317.516,158.88,na,axon[24],0.4465346735413215
720575940619654053,506.976,315.568,155.24,506.924,315.664,155.24,na,axon[28],0.6433144317593676
720575940619654053,507.044,315.592,155.12,506.992,315.688,155.12,na,axon[28],0.6509912638519539
720575940619654053,424.172,238.668,155.12,424.112,238.772,155.16,na,dend[889],0.7450525426294131
720575940619654053,496.78,319.232,159.48,496.78,319.184,159.56,na,axon[24],0.13012993485256488
720575940619654053,498.204,320.792,159.52,498.136,320.664,159.52,na,axon[21],0.5836232237355479
720575940619654053,504.788,324.872,164.44,504.8,324.72,164.44,na,axon[3],0.9797445317706853
720575940619654053,435.072,194.416,205.92,435.136,194.5,205.92,na,dend_11[0],0.02293632923992419
720575940619654053,505.496,325.42,163.8,505.492,325.56,163.8,na,axon[4],0.37330018755696076
720575940619654053,505.512,325.448,163.92,505.536,325.556,163.92,na,axon[4],0.37946258144034956
720575940619654053,513.676,321.208,161.88,513.624,321.092,161.92,na,axon[60],0.6104007368303794
720575940619654053,505.564,325.352,164.16,505.6,325.52,164.12,na,axon[4],0.38634917491458504
720575940619654053,505.552,325.356,164.16,505.608,325.472,164.16,na,axon[4],0.38482953728950486
720575940619654053,519.812,321.636,164.16,519.768,321.736,164.12,na,axon[70],0.5808165287903123
720575940619654053,513.704,321.288,162.08,513.628,321.352,162.08,na,axon[60],0.6002722903488834
720575940619654053,512.752,320.384,159.92,512.664,320.308,159.8,na,axon[59],0.686350347177711
720575940619654053,503.28,324.528,162.08,503.232,324.64,162.08,na,axon[13],0.2281751475248503
720575940619654053,512.632,321.052,160.24,512.528,321.096,160.24,na,axon[59],0.6986678392170074
720575940619654053,502.772,323.728,163.6,502.656,323.7,163.56,na,axon[13],0.002370177445182352
720575940619654053,503.76,325.692,164.0,503.64,325.712,164.0,na,axon[3],0.946155956408474
720575940619654053,502.72,323.988,162.32,502.572,324.016,162.24,na,axon[13],0.2806870308574465
720575940619654053,429.708,237.348,145.64,429.568,237.504,145.6,na,dend[1077],0.3231272432245759
720575940619654053,437.936,233.4,146.0,437.896,233.492,146.04,na,dend[771],0.8272751931152569
720575940619654053,502.792,324.14,162.88,502.736,324.216,162.96,na,axon[13],0.04304658767401663
720575940619654053,502.72,324.108,162.92,502.624,324.108,162.92,na,axon[13],0.07133789863098164
720575940619654053,505.744,324.992,162.72,505.712,325.12,162.68,na,axon[4],0.4338299291728808
720575940619654053,501.272,325.04,165.24,501.192,324.936,165.24,na,axon[3],0.8513495245338271
720575940619654053,433.856,240.808,144.56,433.872,240.86,144.6,na,dend[729],1.0
720575940619654053,449.84,317.512,152.2,449.84,317.616,152.16,na,axon[2],0.39214816729801205
720575940619654053,449.72,317.46,152.24,449.656,317.544,152.24,na,axon[2],0.39087491143812314
720575940619654053,421.244,280.812,107.0,421.264,280.704,107.04,na,dend[1690],1.0
720575940619654053,418.6,263.892,128.24,418.688,263.884,128.2,na,dend[397],0.32387770410892164
720575940619654053,498.208,326.18,168.6,498.348,326.136,168.6,na,axon[3],0.641484676415277
720575940619654053,502.012,324.624,165.32,501.96,324.488,165.32,na,axon[3],0.8771174122338207
720575940619654053,502.776,325.792,166.0,502.872,325.824,166.04,na,axon[3],0.8552128623180412
720575940619654053,502.576,325.984,166.0,502.632,326.092,166.04,na,axon[3],0.8441585554383698
720575940619654053,506.976,325.088,163.56,506.888,325.12,163.6,na,axon[4],0.667982668546214
720575940619654053,505.74,325.024,162.84,505.712,325.152,162.8,na,axon[4],0.4318779326401051
720575940619654053,497.948,326.132,168.68,497.916,325.992,168.64,na,axon[3],0.630850809279391
720575940619654053,498.032,326.152,168.64,498.076,326.06,168.68,na,axon[3],0.6327088685410254
720575940619654053,507.112,325.136,163.6,507.132,325.264,163.6,na,axon[4],0.7284367805241913
720575940619654053,419.444,255.712,134.08,419.444,255.824,134.08,na,dend[447],0.3273752493555555
720575940619654053,473.532,323.492,163.8,473.52,323.624,163.8,na,axon[2],0.7014850217713107
720575940619654053,502.296,324.8,164.88,502.28,324.656,164.96,na,axon[3],0.8949990838986959
720575940619654053,506.984,325.212,163.52,506.94,325.304,163.52,na,axon[4],0.690022863613821
720575940619654053,519.66,321.116,163.76,519.672,321.012,163.72,na,axon[70],0.49452920036244813
720575940619654053,419.856,288.096,107.88,419.78,288.16,107.88,na,dend[1198],0.22435130026975322
720575940619654053,497.488,315.592,158.4,497.588,315.64,158.4,na,axon[24],0.9538563397918042
720575940619654053,513.22,320.34,160.32,513.32,320.268,160.36,na,axon[59],0.7927168744664902
720575940619654053,517.844,320.316,164.08,517.748,320.212,164.04,na,axon[80],1.0
720575940619654053,519.62,321.084,163.68,519.648,321.004,163.64,na,axon[70],0.4849964477957315
720575940619654053,418.672,276.996,88.76,418.672,276.896,88.76,na,dend[2393],0.05477092393917208
720575940619654053,509.344,315.576,153.48,509.32,315.624,153.52,na,axon[28],0.80007095606339
720575940619654053,500.208,326.308,166.4,500.152,326.412,166.36,na,axon[3],0.7606859899362992
720575940619654053,500.152,325.724,166.44,500.128,325.636,166.4,na,axon[3],0.7718297539716006
720575940619654053,500.12,326.232,166.48,500.028,326.288,166.48,na,axon[3],0.755405429869505
720575940619654053,437.34,205.416,148.52,437.272,205.38,148.48,na,dend_11[0],0.44105408842215205
720575940619654053,505.164,322.24,160.12,505.088,322.364,160.12,na,axon[27],0.30041987229008643
720575940619654053,431.552,234.764,150.48,431.532,234.712,150.48,na,dend[1032],0.9034484264348239
720575940619654053,418.264,245.96,149.28,418.22,245.932,149.28,na,dend[907],0.41092266584867143
720575940619654053,449.784,317.432,151.88,449.796,317.52,151.84,na,axon[2],0.3889857548264102
720575940619654053,420.124,287.416,108.28,419.984,287.38,108.32,na,dend[1186],0.8445477251906249
720575940619654053,470.432,322.732,161.8,470.432,322.872,161.8,na,axon[2],0.657759551919332
720575940619654053,415.456,254.98,134.84,415.352,254.94,134.84,na,dend[446],1.0
720575940619654053,431.512,234.76,150.2,431.408,234.776,150.2,na,dend[1032],0.613860826365174
720575940619654053,430.944,234.888,150.24,431.012,234.968,150.2,na,dend[1031],1.0
720575940619654053,425.72,282.856,107.52,425.744,282.98,107.52,na,dend[1159],0.16780732077898083
720575940619654053,498.04,337.096,192.04,498.008,336.992,192.08,na,axon[92],0.16563748057776054
720575940619654053,420.232,287.424,108.2,420.196,287.328,108.16,na,dend[1186],0.5484622814281388
720575940619654053,515.304,314.552,151.2,515.252,314.468,151.2,na,axon[33],0.1769238307879944
720575940619654053,515.484,313.988,151.24,515.324,314.032,151.2,na,axon[33],0.2786939705717423
720575940619654053,494.88,315.716,157.44,494.8,315.736,157.4,na,axon[26],0.3584596206567867
720575940619654053,419.136,256.652,134.44,419.256,256.68,134.44,na,dend[443],1.0
720575940619654053,507.76,324.808,163.24,507.872,324.832,163.2,na,axon[4],0.8840120635877773
720575940619654053,508.244,316.776,154.76,508.24,316.928,154.76,na,axon[28],0.5967992981898389
720575940619654053,407.768,244.324,159.88,407.888,244.304,159.88,na,dend[613],0.37954292546140656
720575940619654053,507.684,316.248,155.68,507.648,316.132,155.72,na,axon[28],0.5812649974264271
720575940619654053,504.912,322.036,160.08,504.816,322.168,160.08,na,axon[27],0.29144086570038
720575940619654053,407.144,244.664,155.48,407.24,244.688,155.52,na,dend[563],0.39155610654899303
720575940619654053,407.12,244.688,155.4,407.18,244.62,155.36,na,dend[563],0.35441611840968873
720575940619654053,438.384,239.192,142.68,438.424,239.328,142.68,na,dend[745],0.17662602997567126
720575940619654053,421.852,245.804,139.96,422.0,245.76,140.0,na,dend[637],1.0
720575940619654053,503.768,325.344,163.0,503.7,325.424,163.0,na,axon[3],0.9860848723731992
720575940619654053,508.928,319.768,159.68,508.9,319.624,159.64,na,axon[59],0.22122374025573066
720575940619654053,420.736,238.24,154.72,420.704,238.116,154.76,na,dend[852],0.9869091652334595
720575940619654053,494.008,328.004,170.4,493.948,327.88,170.36,na,axon[3],0.43363024599200134
720575940619654053,493.92,328.072,170.36,493.828,327.988,170.36,na,axon[3],0.4285431041528992
720575940619654053,498.288,327.756,170.56,498.344,327.676,170.56,na,axon[3],0.5498003324702929
720575940619654053,436.512,206.88,146.24,436.424,206.908,146.24,na,dend_11[0],0.4636055822428174
720575940619654053,502.704,324.392,162.72,502.632,324.488,162.72,na,axon[13],0.03226221418691852
720575940619654053,502.764,324.268,162.8,502.696,324.392,162.84,na,axon[13],0.028648662757660957
720575940619654053,504.056,325.296,162.88,504.104,325.416,162.88,na,axon[3],1.0
720575940619654053,503.856,325.344,162.92,503.808,325.456,162.92,na,axon[3],0.9911508000942908
720575940619654053,503.888,325.252,162.88,503.888,325.356,162.8,na,axon[3],0.9990271155105972
720575940619654053,503.344,324.944,162.52,503.24,324.992,162.48,na,axon[13],0.02776398453845804
720575940619654053,519.04,321.916,164.0,519.12,322.0,164.04,na,axon[70],0.3618878000453549
720575940619654053,512.936,320.2,160.16,512.98,320.096,160.16,na,axon[59],0.7404907757843205
720575940619654053,423.836,269.272,120.44,423.768,269.228,120.44,na,dend[285],0.9710796205635703
720575940619654053,419.344,271.844,121.12,419.3,271.856,121.12,na,dend[287],0.7215591984765481
720575940619654053,519.656,321.132,163.8,519.776,321.104,163.76,na,axon[70],0.5390457661110426
720575940619654053,518.912,322.304,163.76,518.992,322.396,163.76,na,axon[81],0.38603682381990434
720575940619654053,419.116,270.728,121.36,419.056,270.796,121.32,na,dend[294],0.07248984808936113
720575940619654053,494.8,315.656,157.48,494.72,315.72,157.44,na,axon[26],0.37142177094151574
720575940619654053,518.964,322.172,163.84,519.064,322.212,163.84,na,axon[81],0.31529015424814716
720575940619654053,419.744,268.656,121.8,419.848,268.6,121.8,na,dend[313],0.10119983118787323
720575940619654053,420.536,270.244,122.08,420.58,270.152,122.04,na,dend[288],0.7776988813385365
720575940619654053,512.724,320.256,159.92,512.604,320.144,159.88,na,axon[59],0.6817858083257835
720575940619654053,512.7,320.176,159.96,512.664,320.036,159.96,na,axon[59],0.6920810619164885
720575940619654053,519.756,318.612,165.96,519.884,318.604,165.96,na,axon[77],1.0
720575940619654053,512.856,320.184,160.12,512.88,320.036,160.12,na,axon[59],0.7259935874466922
720575940619654053,512.788,320.176,160.0,512.8,320.036,160.0,na,axon[59],0.7103928155481868
720575940619654053,512.496,320.524,160.16,512.432,320.672,160.2,na,axon[59],0.6816010224818739
720575940619654053,519.704,318.512,165.96,519.788,318.44,165.92,na,axon[77],1.0
720575940619654053,412.912,278.352,115.68,412.932,278.46,115.56,na,dend[45],1.0
720575940619654053,423.116,272.576,119.76,423.152,272.704,119.8,na,dend[171],0.21533722091868523
720575940619654053,431.712,274.036,130.24,431.82,274.072,130.2,na,dend[1],0.7001467387241835
720575940619654053,418.98,268.016,122.6,419.064,267.972,122.56,na,dend[378],0.22807891132991423
720575940619654053,424.916,243.984,146.48,424.948,243.944,146.52,na,dend[811],0.9517306529183492
720575940619654053,512.768,320.16,160.12,512.744,320.02,160.12,na,axon[59],0.7095501292550838
720575940619654053,430.452,274.016,130.6,430.416,274.032,130.56,na,dend[1],0.8692136717622472
720575940619654053,508.84,313.968,153.0,508.848,313.816,152.96,na,axon[29],0.07674268641299377
720575940619654053,406.648,246.216,154.12,406.724,246.272,154.16,na,dend[561],0.28802341863573494
720575940619654053,418.856,236.036,153.6,418.848,236.108,153.56,na,dend[865],0.9520437141889552
720575940619654053,508.032,313.28,153.0,508.18,313.216,153.0,na,axon[28],1.0
720575940619654053,507.904,313.064,153.04,508.024,312.984,153.08,na,axon[34],0.025836739222666
720575940619654053,507.884,313.016,153.04,507.832,313.016,153.12,na,axon[34],0.03738487042309598
720575940619654053,507.484,313.708,153.08,507.392,313.792,153.12,na,axon[34],0.00797392339733523
720575940619654053,507.888,314.336,153.48,507.784,314.248,153.52,na,axon[28],0.8873448089688908
720575940619654053,507.9,314.428,153.6,507.788,314.376,153.6,na,axon[28],0.8717466460072653
720575940619654053,417.328,260.952,129.92,417.416,260.856,129.88,na,dend[429],0.5205615174931603
720575940619654053,509.0,314.032,152.88,509.088,313.952,152.92,na,axon[29],0.11474474340895374
720575940619654053,507.872,313.016,152.96,507.96,312.932,152.96,na,axon[34],0.07399229056355826
720575940619654053,507.936,314.352,153.6,507.852,314.268,153.6,na,axon[28],0.8808279489839071
720575940619654053,408.412,247.624,154.28,408.504,247.624,154.28,na,dend[558],0.7447118511399788
720575940619654053,432.668,243.644,149.96,432.696,243.544,149.96,na,dend[799],0.6577980685419988
720575940619654053,417.7,243.524,150.4,417.824,243.524,150.44,na,dend[918],0.8042339238381819
720575940619654053,417.776,243.86,151.04,417.712,243.924,151.04,na,dend[918],0.9258492449723761
720575940619654053,509.92,310.288,149.56,509.864,310.156,149.56,na,axon[47],0.3771422634578684
720575940619654053,437.6,205.072,149.96,437.476,205.064,149.96,na,dend_11[0],0.43021232615168775
720575940619654053,431.08,235.788,150.44,431.124,235.868,150.44,na,dend[1031],0.5968082902455363
720575940619654053,430.06,236.32,149.72,430.152,236.472,149.68,na,dend[1029],0.6635213814614657
720575940619654053,416.76,240.864,151.24,416.728,240.8,151.2,na,dend[925],0.24405656759920974
720575940619654053,410.584,243.752,149.92,410.584,243.696,149.96,na,dend[536],0.660111511666192
720575940619654053,409.824,245.024,150.24,409.812,245.1,150.24,na,dend[540],1.0
720575940619654053,427.616,235.58,149.52,427.664,235.528,149.6,na,dend[997],1.0
720575940619654053,509.96,310.316,149.68,509.94,310.184,149.68,na,axon[47],0.3812358376894782
720575940619654053,436.488,234.24,150.12,436.592,234.22,150.12,na,dend[1040],1.0
720575940619654053,434.968,230.832,150.4,434.856,230.84,150.32,na,dend[1058],0.4960247049762838
720575940619654053,409.968,246.656,151.04,409.884,246.74,151.04,na,dend[552],0.6985877186610174
720575940619654053,437.928,204.352,150.96,437.896,204.416,150.96,na,dend_11[0],0.4203788117121377
720575940619654053,438.024,204.4,150.96,437.976,204.504,150.96,na,dend_11[0],0.42096663351761415
720575940619654053,411.64,249.016,149.88,411.576,249.072,149.92,na,dend[502],0.41929493734809997
720575940619654053,437.648,205.156,149.96,437.548,205.208,149.96,na,dend_11[0],0.43113991569163646
720575940619654053,515.216,314.84,151.28,515.04,314.816,151.12,na,axon[29],1.0
720575940619654053,515.232,314.856,151.28,515.112,314.864,151.16,na,axon[29],1.0
720575940619654053,415.624,271.88,92.72,415.524,271.796,92.68,na,dend[2463],0.4696200849767304
720575940619654053,519.74,318.712,165.96,519.812,318.78,165.96,na,axon[77],1.0
720575940619654053,407.48,275.308,93.64,407.436,275.232,93.68,na,dend[1902],1.0
720575940619654053,419.856,247.928,139.96,419.904,247.984,140.0,na,dend[634],0.21968402626984881
720575940619654053,502.864,325.8,165.92,502.948,325.852,165.96,na,axon[3],0.8594773104398874
720575940619654053,431.464,234.912,151.12,431.432,234.796,151.12,na,dend[1067],0.7358949285051514
720575940619654053,509.856,314.876,152.52,509.708,314.892,152.4,na,axon[29],0.24078969994518556
720575940619654053,432.952,244.08,150.52,432.98,244.192,150.52,na,dend[802],0.4591500715842983
720575940619654053,499.216,336.504,192.32,499.164,336.42,192.32,na,axon[92],0.16397322354954452
720575940619654053,499.344,336.52,192.4,499.328,336.42,192.4,na,axon[92],0.16461455735166539
720575940619654053,498.064,337.08,191.96,497.996,337.0,191.96,na,axon[92],0.1642243646613374
720575940619654053,442.472,312.352,131.4,442.6,312.348,131.44,na,dend[1381],0.7069020927054148
720575940619654053,504.8,325.5,163.56,504.888,325.584,163.56,na,axon[4],0.24754642261167478
720575940619654053,505.42,325.396,163.76,505.384,325.516,163.76,na,axon[4],0.34856000809618104
720575940619654053,418.176,246.08,149.08,418.128,246.096,149.04,na,dend[907],0.4170754849281919
720575940619654053,498.656,327.748,170.4,498.768,327.696,170.4,na,axon[3],0.5663264519249285
720575940619654053,508.908,313.98,152.92,508.984,313.868,152.96,na,axon[29],0.09696220565892144
720575940619654053,437.516,205.376,148.44,437.496,205.336,148.44,na,dend_11[0],0.4411575980732827
720575940619654053,432.472,243.368,149.52,432.396,243.344,149.48,na,dend[799],0.41668090379180167
720575940619654053,418.28,245.912,149.16,418.236,245.828,149.16,na,dend[907],0.37362030964605386
720575940619654053,415.704,262.08,128.88,415.836,262.032,128.88,na,dend[423],0.7596420620113135
720575940619654053,408.232,244.4,148.72,408.184,244.412,148.72,na,dend[545],0.29293666050084105
720575940619654053,414.184,246.24,149.36,414.132,246.08,149.44,na,dend[506],1.0
720575940619654053,421.724,242.18,149.2,421.704,242.064,149.24,na,dend[832],0.8203214768861822
720575940619654053,438.248,205.272,149.52,438.348,205.264,149.52,na,dend_11[0],0.43463088259897315
720575940619654053,418.16,246.012,149.04,418.092,245.92,149.04,na,dend[907],0.38467038762222683
720575940619654053,410.332,243.296,149.32,410.252,243.24,149.28,na,dend[536],1.0
720575940619654053,418.588,275.772,116.2,418.456,275.808,116.24,na,dend[40],0.2568558446762345
720575940619654053,505.464,325.38,164.08,505.468,325.496,164.12,na,axon[4],0.3560688875388158
720575940619654053,409.44,251.064,149.16,409.512,251.188,149.12,na,dend[502],1.0
720575940619654053,409.224,251.032,149.04,409.224,250.928,149.04,na,dend[503],0.36445320785120994
720575940619654053,408.464,244.372,148.96,408.496,244.26,148.96,na,dend[543],0.6666357395629474
720575940619654053,430.192,278.836,116.12,430.212,278.8,116.12,na,dend[1104],0.6937173347057759
720575940619654053,419.252,284.984,116.36,419.216,285.0,116.28,na,dend[1121],0.33617501260472865
720575940619654053,419.276,275.296,116.96,419.204,275.312,117.0,na,dend[39],0.7126499477521634
720575940619654053,426.808,279.464,116.12,426.76,279.352,116.12,na,dend[1105],0.5390933354355788
720575940619654053,422.288,274.12,116.8,422.288,274.124,116.76,na,dend[39],0.3135349371905078
720575940619654053,502.676,324.424,162.64,502.592,324.488,162.64,na,axon[13],0.05107237345568002
720575940619654053,416.956,276.732,124.48,417.04,276.696,124.52,na,dend[175],0.9312174752767455
720575940619654053,416.976,276.804,124.68,417.012,276.728,124.76,na,dend[176],0.17772917243560624
720575940619654053,409.548,244.084,149.32,409.652,244.116,149.32,na,dend[541],0.7067200560566365
720575940619654053,503.488,325.944,165.0,503.508,326.052,164.96,na,axon[3],0.9047283860615739
720575940619654053,417.968,265.324,125.64,417.928,265.18,125.6,na,dend[387],0.38088948950719437
720575940619654053,409.88,244.66,149.76,409.98,244.612,149.72,na,dend[541],0.02303868820843497
720575940619654053,419.3,284.156,92.2,419.232,284.248,92.2,na,dend[1975],0.33770527227984504
720575940619654053,416.388,272.348,92.24,416.356,272.396,92.24,na,dend[2461],0.8981272535235307
720575940619654053,415.988,285.832,91.56,415.964,285.92,91.6,na,dend[1965],0.2752056362607107
720575940619654053,405.788,241.296,158.92,405.836,241.368,158.88,na,dend[572],0.34478908601413144
720575940619654053,433.292,240.116,145.8,433.236,240.056,145.72,na,dend[718],0.8662250163276043
720575940619654053,411.372,245.524,149.16,411.264,245.528,149.16,na,dend[509],1.0
720575940619654053,501.944,321.472,159.0,502.032,321.56,159.0,na,axon[17],0.5122718250369394
720575940619654053,498.096,320.796,159.48,497.936,320.668,159.44,na,axon[21],0.7147844106095949
720575940619654053,405.388,241.668,164.04,405.396,241.768,164.04,na,dend[599],0.7771037043140148
720575940619654053,507.228,320.828,159.0,507.188,320.8,158.88,na,axon[27],0.9750399381841957
720575940619654053,513.732,321.308,162.0,513.672,321.448,161.96,na,axon[60],0.5242172205965173
720575940619654053,517.876,320.38,164.0,517.84,320.28,163.96,na,axon[80],1.0
720575940619654053,518.656,322.28,163.6,518.72,322.296,163.48,na,axon[81],0.28685563933898844
720575940619654053,517.332,320.2,164.24,517.288,320.228,164.2,na,axon[73],0.12499118133723675
720575940619654053,502.816,323.664,163.6,502.736,323.56,163.6,na,axon[13],0.029036516087187974
720575940619654053,502.756,325.336,164.6,502.648,325.488,164.64,na,axon[3],0.9016102871337113
720575940619654053,504.052,325.392,163.0,504.088,325.496,163.0,na,axon[3],0.9954051097210755
720575940619654053,503.88,325.4,163.08,503.86,325.492,163.08,na,axon[3],0.9866059220092912
720575940619654053,507.576,320.296,158.68,507.452,320.336,158.68,na,axon[27],1.0
720575940619654053,433.948,274.956,126.16,433.92,274.848,126.16,na,dend[0],1.0
720575940619654053,421.12,236.984,150.84,421.028,236.968,150.84,na,dend[894],0.7038794245864461
720575940619654053,438.948,276.768,126.92,439.1,276.74,126.88,na,axon[1],0.20815658120073657
720575940619654053,415.544,269.808,126.72,415.496,269.776,126.76,na,dend[393],0.9550259910619768
720575940619654053,413.576,234.892,156.44,413.444,234.832,156.36,na,dend[943],0.7408895455490098
720575940619654053,512.716,321.136,160.28,512.64,321.248,160.32,na,axon[59],0.7173771321572892
720575940619654053,417.932,276.792,88.04,417.828,276.84,88.04,na,dend[2395],1.0
720575940619654053,437.348,205.416,148.56,437.26,205.344,148.52,na,dend_11[0],0.44058198196627146
720575940619654053,418.096,277.7,88.48,418.052,277.808,88.44,na,dend[2389],1.0
720575940619654053,427.296,237.524,147.96,427.236,237.456,147.92,na,dend[984],0.12068192371768727
720575940619654053,419.456,257.524,133.12,419.572,257.584,133.12,na,dend[440],0.3047267470759529
720575940619654053,419.356,257.5,133.12,419.456,257.368,133.08,na,dend[439],0.9210853471918556
720575940619654053,507.736,312.848,152.8,507.66,312.752,152.8,na,axon[34],0.18317490950907153
720575940619654053,505.62,325.328,163.64,505.644,325.448,163.64,na,axon[4],0.4064095414899116
720575940619654053,506.948,311.816,151.92,506.928,311.668,151.92,na,axon[34],0.6691495349222495
720575940619654053,508.208,312.084,152.2,508.248,311.968,152.24,na,axon[34],0.3590744923104081
720575940619654053,507.164,313.484,152.76,507.052,313.416,152.76,na,axon[34],0.18720999802058594
720575940619654053,424.288,242.104,152.56,424.388,242.16,152.52,na,dend[900],0.2028484021849712
720575940619654053,508.148,313.184,152.76,508.244,313.116,152.72,na,axon[28],1.0
720575940619654053,449.504,317.356,151.88,449.476,317.44,151.84,na,axon[2],0.3859644500059483
720575940619654053,508.58,312.012,151.56,508.632,312.136,151.56,na,axon[38],0.6896647785335941
720575940619654053,412.224,242.616,151.84,412.32,242.6,151.88,na,dend[521],0.3377262461480862
720575940619654053,508.84,313.956,152.8,508.876,313.832,152.84,na,axon[29],0.08418024877181425
720575940619654053,410.516,244.988,150.16,410.448,245.072,150.16,na,dend[535],1.0
720575940619654053,513.32,315.08,152.2,513.236,315.02,152.24,na,axon[29],0.7341392533391103
720575940619654053,436.0,272.368,126.44,436.02,272.5,126.44,na,dend[27],0.3539344293526139
720575940619654053,515.224,314.684,151.32,515.144,314.612,151.32,na,axon[33],0.11807358673135397
720575940619654053,436.356,238.76,143.68,436.3,238.672,143.64,na,dend[740],1.0
720575940619654053,498.596,327.472,170.2,498.732,327.432,170.16,na,axon[3],0.5778384993748227
720575940619654053,414.416,245.628,144.4,414.568,245.56,144.4,na,dend[493],0.4363825321763847
720575940619654053,417.364,242.448,150.96,417.352,242.392,150.96,na,dend[969],0.8741520216202161
720575940619654053,434.216,240.328,143.72,434.312,240.312,143.76,na,dend[726],0.7909738031641796
720575940619654053,415.568,247.756,143.0,415.66,247.796,143.04,na,dend[485],0.5317229013076648
720575940619654053,429.96,241.296,142.08,429.884,241.208,142.08,na,dend[688],0.6459273770734356
720575940619654053,420.152,281.428,110.48,420.028,281.372,110.56,na,dend[1165],0.8758125426270414
720575940619654053,416.672,265.02,118.08,416.68,265.16,118.08,na,dend[347],0.975511648328925
720575940619654053,504.0,325.432,163.12,504.02,325.544,163.12,na,axon[3],0.9887347576406069
720575940619654053,428.328,241.304,142.8,428.464,241.296,142.8,na,dend[684],1.0
720575940619654053,429.252,240.98,142.56,429.368,240.944,142.56,na,dend[687],1.0
720575940619654053,508.264,312.072,152.16,508.348,311.984,152.2,na,axon[34],0.35371289539457623
720575940619654053,438.968,237.256,141.44,439.156,237.34,141.48,na,dend[747],0.7341186999288799
720575940619654053,438.552,239.204,142.64,438.692,239.2,142.64,na,dend[745],0.25611515215292613
720575940619654053,507.944,313.156,152.96,508.064,313.08,153.0,na,axon[28],1.0
720575940619654053,410.496,244.816,150.12,410.576,244.744,150.08,na,dend[535],0.7915055935206345
720575940619654053,440.456,317.86,142.0,440.56,317.844,142.0,na,axon[2],0.242048444179849
720575940619654053,413.28,289.936,102.32,413.296,289.844,102.32,na,dend[1533],0.0031893605637156566
720575940619654053,425.648,268.24,132.92,425.592,268.16,132.88,na,dend[256],0.9400130090327277
720575940619654053,440.504,317.936,142.04,440.564,317.996,142.0,na,axon[2],0.24279807195626124
720575940619654053,414.88,285.96,111.2,414.92,286.2,111.16,na,dend[1195],0.6373604532957415
720575940619654053,416.632,266.024,101.52,416.728,265.936,101.48,na,dend[120],0.8696832068148839
720575940619654053,422.864,299.02,111.04,422.948,299.124,110.96,na,dend[1313],0.46878739841337014
720575940619654053,419.024,292.656,111.36,419.132,292.624,111.36,na,dend[1502],0.5070542842849686
720575940619654053,418.396,294.54,111.4,418.496,294.624,111.44,na,dend[1226],0.5475574088555699
720575940619654053,421.28,296.304,111.76,421.392,296.324,111.8,na,dend[1248],1.0
720575940619654053,423.384,304.376,112.32,423.416,304.392,112.28,na,dend[1318],0.2370948065667014
720575940619654053,424.036,304.24,111.8,424.04,304.144,111.8,na,dend[1318],0.1090804524847488
720575940619654053,433.416,241.912,149.68,433.352,241.824,149.68,na,dend[804],0.7256069945014961
720575940619654053,419.488,281.14,111.12,419.424,281.112,111.16,na,dend[1174],0.6020640249362007
720575940619654053,419.456,285.66,112.16,419.46,285.72,112.16,na,dend[1183],0.9277143088264438
720575940619654053,411.132,288.056,105.28,411.24,287.992,105.28,na,dend[1545],1.0
720575940619654053,412.2,281.076,111.04,412.2,281.04,111.04,na,dend[1646],0.2226568819072142
720575940619654053,418.832,274.452,111.96,418.852,274.548,111.96,na,dend[76],0.2839847593742997
720575940619654053,415.588,267.34,116.88,415.616,267.476,116.88,na,dend[336],0.4997620290517244
720575940619654053,449.44,317.176,151.96,449.296,317.052,152.0,na,axon[2],0.3838210893936784
720575940619654053,420.924,279.048,90.32,420.996,279.12,90.28,na,dend[2387],0.15997965218595323
720575940619654053,421.112,279.028,90.32,421.1,279.104,90.32,na,dend[2387],0.18071356999848037
720575940619654053,419.924,280.528,105.8,419.796,280.552,105.76,na,dend[1690],0.6477297691861309
720575940619654053,419.9,280.42,105.84,419.812,280.372,105.84,na,dend[1689],0.9457265145973515
720575940619654053,507.996,314.4,153.6,508.012,314.32,153.64,na,axon[28],0.8758621579952462
720575940619654053,411.628,275.52,67.04,411.556,275.42,67.04,na,dend[2225],0.690926354906427
720575940619654053,432.2,309.352,127.36,432.16,309.272,127.32,na,dend[1391],0.42292004558364044
720575940619654053,502.036,321.792,159.64,502.08,321.832,159.56,na,axon[14],0.6716837235468193
720575940619654053,406.064,244.288,159.76,405.972,244.18,159.72,na,dend[584],0.5120369503118445
720575940619654053,406.168,240.248,160.56,406.084,240.284,160.56,na,dend[573],0.2730272566883862
720575940619654053,498.64,320.664,159.76,498.52,320.616,159.76,na,axon[20],0.9187981198998324
720575940619654053,511.548,321.048,160.12,511.62,321.18,160.12,na,axon[59],0.5844751556515043
720575940619654053,502.136,321.792,159.64,502.228,321.888,159.64,na,axon[14],0.6347470511970682
720575940619654053,502.048,321.828,159.64,502.12,321.976,159.64,na,axon[14],0.644721355427594
720575940619654053,502.12,321.72,159.64,502.22,321.656,159.64,na,axon[14],0.6563202551231768
720575940619654053,512.648,320.972,160.24,512.54,320.904,160.2,na,axon[59],0.6964961434259841
720575940619654053,512.864,320.176,160.2,512.884,320.056,160.2,na,axon[59],0.730645483972442
720575940619654053,407.112,244.064,155.88,407.016,244.056,155.88,na,dend[619],1.0
720575940619654053,401.664,246.172,156.04,401.668,246.264,156.08,na,dend[632],1.0
720575940619654053,419.352,267.96,120.88,419.308,267.816,120.88,na,dend[313],0.6869077685861358
720575940619654053,419.104,237.468,154.92,419.036,237.536,154.92,na,dend[854],1.0
720575940619654053,414.844,238.752,156.16,414.784,238.708,156.12,na,dend[940],0.7188282064068611
720575940619654053,415.092,238.664,155.92,415.076,238.552,155.92,na,dend[940],0.7639732700093558
720575940619654053,414.168,236.012,155.16,414.256,235.924,155.12,na,dend[949],1.0
720575940619654053,508.172,316.72,154.76,508.132,316.792,154.72,na,axon[28],0.6088551916433166
720575940619654053,437.92,201.972,155.36,437.892,202.084,155.4,na,dend_11[0],0.3789826108879293
720575940619654053,507.096,315.596,155.28,507.084,315.68,155.28,na,axon[28],0.6411178203262574
720575940619654053,513.692,321.224,162.04,513.568,321.148,162.04,na,axon[60],0.6789917244535993
720575940619654053,413.424,286.824,128.56,413.416,286.736,128.52,na,dend[1132],0.234534077291114
720575940619654053,448.956,236.216,133.16,448.92,236.284,133.12,na,dend_11[0],0.7314919963408854
720575940619654053,422.216,271.712,118.6,422.308,271.7,118.56,na,dend[171],0.21756361750552017
720575940619654053,419.488,272.284,119.08,419.56,272.176,119.04,na,dend[281],0.3784586633691084
720575940619654053,422.28,271.816,118.68,422.392,271.816,118.68,na,dend[171],0.21178390248821508
720575940619654053,424.036,307.112,118.24,423.952,307.116,118.24,na,dend[1321],1.0
720575940619654053,425.7,282.032,114.4,425.632,282.076,114.36,na,dend[1108],1.0
720575940619654053,421.288,307.992,118.32,421.428,308.056,118.32,na,dend[1470],1.0
720575940619654053,419.188,237.552,154.76,419.224,237.648,154.72,na,dend[854],0.8642453958320107
720575940619654053,413.752,287.64,131.32,413.808,287.8,131.28,na,dend[1151],0.22881708825213457
720575940619654053,417.348,242.824,151.44,417.504,242.784,151.48,na,dend[969],0.45385910803262425
720575940619654053,512.78,320.236,159.88,512.764,320.112,159.84,na,axon[59],0.6987029607195862
720575940619654053,416.788,287.36,90.72,416.756,287.452,90.72,na,dend[1973],0.5374858142864323
720575940619654053,416.8,287.352,90.72,416.748,287.332,90.72,na,dend[1973],0.7626581129462153
720575940619654053,430.384,241.384,142.24,430.492,241.376,142.24,na,dend[688],0.9122418826442311
720575940619654053,419.384,282.464,94.64,419.316,282.416,94.6,na,dend[1958],0.32819080742259177
720575940619654053,419.388,282.424,94.68,419.328,282.384,94.68,na,dend[1958],0.30126500697381187
720575940619654053,410.904,282.352,94.72,410.988,282.38,94.76,na,dend[1782],0.6340242291720285
720575940619654053,501.6,325.012,164.76,501.464,324.976,164.76,na,axon[3],0.8741046754952914
720575940619654053,503.528,325.096,165.6,503.66,325.008,165.56,na,axon[3],0.9064699748356198
720575940619654053,502.02,324.608,165.4,502.008,324.476,165.44,na,axon[3],0.8746132261719521
720575940619654053,502.824,325.892,165.96,502.932,325.992,165.96,na,axon[3],0.8566734303593343
720575940619654053,493.996,327.984,170.36,493.984,327.88,170.28,na,axon[3],0.43728208564620974
720575940619654053,519.736,318.704,166.12,519.812,318.768,166.12,na,axon[77],1.0
720575940619654053,498.212,327.636,170.48,498.232,327.528,170.48,na,axon[3],0.5519369252201123
720575940619654053,493.928,328.06,170.32,493.82,327.948,170.24,na,axon[3],0.4330137805308178
720575940619654053,420.24,275.94,98.4,420.152,276.004,98.4,na,dend[1928],0.8836283804517432
720575940619654053,507.768,312.824,152.68,507.732,312.692,152.72,na,axon[34],0.20283698472162598
720575940619654053,493.084,329.076,170.76,492.976,329.18,170.76,na,axon[3],0.37185841881553955
720575940619654053,493.108,329.172,170.88,493.068,329.312,170.88,na,axon[3],0.3681123592525697
720575940619654053,493.152,329.096,170.76,493.12,329.248,170.76,na,axon[3],0.37461890085688465
720575940619654053,519.4,324.888,171.2,519.316,324.848,171.12,na,axon[89],0.6237509206638109
720575940619654053,409.368,250.908,149.2,409.396,250.748,149.2,na,dend[502],0.9545582599441357
720575940619654053,519.76,318.652,166.04,519.856,318.656,166.04,na,axon[77],1.0
720575940619654053,501.92,321.776,159.6,501.92,321.804,159.52,na,axon[14],0.7042154652077429
720575940619654053,502.056,324.64,165.52,502.108,324.52,165.52,na,axon[3],0.8739107396906965
720575940619654053,419.596,295.576,112.56,419.696,295.528,112.6,na,dend[1249],0.635157865981681
720575940619654053,417.124,296.904,112.92,417.24,296.876,112.96,na,dend[1251],0.7301297539142761
720575940619654053,420.0,295.508,113.12,420.068,295.476,113.12,na,dend[1249],0.6979596798121793
720575940619654053,436.636,206.82,146.44,436.572,206.9,146.48,na,dend_11[0],0.4621803377764441
720575940619654053,494.328,335.42,184.8,494.248,335.444,184.84,na,axon[92],0.0787537849791956
720575940619654053,494.768,335.58,185.36,494.708,335.672,185.32,na,axon[92],0.08456642827503834
720575940619654053,419.044,245.288,146.36,419.04,245.368,146.36,na,dend[815],1.0
720575940619654053,413.352,245.444,147.08,413.456,245.44,147.08,na,dend[495],0.4490470879309934
720575940619654053,427.904,241.54,147.56,427.896,241.496,147.52,na,dend[1094],0.8813096095266321
720575940619654053,428.272,238.224,146.28,428.208,238.264,146.32,na,dend[1073],0.44586599792442927
720575940619654053,431.184,241.964,146.52,431.168,241.952,146.56,na,dend[793],1.0
720575940619654053,424.464,241.704,146.24,424.56,241.776,146.24,na,dend[972],0.7612638271372871
720575940619654053,433.392,239.456,146.4,433.344,239.348,146.4,na,dend[790],1.0
720575940619654053,427.224,239.272,146.48,427.304,239.276,146.48,na,dend[1079],0.24701021482643412
720575940619654053,427.304,241.352,147.52,427.368,241.472,147.48,na,dend[1094],0.5787543871466885
720575940619654053,418.456,241.828,146.76,418.432,241.724,146.76,na,dend[817],0.7879054056158132
720575940619654053,422.836,244.912,141.16,422.84,245.028,141.12,na,dend[1099],0.7428275444455157
720575940619654053,421.948,245.708,139.56,421.928,245.792,139.56,na,dend[637],0.9171583571187559
720575940619654053,444.472,317.488,147.16,444.516,317.588,147.16,na,axon[2],0.31136354838606733
720575940619654053,420.248,247.888,139.68,420.328,247.796,139.68,na,dend[637],0.360032538092632
720575940619654053,418.376,259.108,131.52,418.5,259.096,131.56,na,dend[437],0.48028535520255355
720575940619654053,502.76,324.812,163.96,502.764,324.96,163.96,na,axon[3],0.9364258255997443
720575940619654053,421.856,245.828,139.84,421.952,245.804,139.8,na,dend[637],1.0
720575940619654053,421.904,245.888,139.92,422.028,245.888,139.92,na,dend[637],1.0
720575940619654053,418.556,257.524,132.72,418.704,257.456,132.72,na,dend[439],0.5396234636343724
720575940619654053,431.408,267.532,131.2,431.44,267.412,131.2,na,dend[231],0.8477853598786314
720575940619654053,431.428,267.44,131.24,431.568,267.424,131.24,na,dend[231],0.8751901246917673
720575940619654053,419.112,272.876,131.72,419.128,272.752,131.76,na,dend[213],0.3894078928709329
720575940619654053,419.088,273.08,131.72,418.92,272.952,131.76,na,dend[213],0.4128895061172043
720575940619654053,421.912,245.776,139.44,421.96,245.864,139.44,na,dend[637],0.845393713654443
720575940619654053,427.628,272.956,139.16,427.708,272.976,139.16,na,dend[14],1.0
720575940619654053,419.576,249.112,137.96,419.508,249.004,137.88,na,dend[473],0.46574211212413036
720575940619654053,419.224,248.82,138.0,419.232,248.836,137.92,na,dend[473],0.6247239494478849
720575940619654053,421.448,276.836,138.32,421.512,276.912,138.28,na,dend[208],0.31483848667239966
720575940619654053,416.824,271.312,123.72,416.688,271.256,123.72,na,dend[304],0.1588893035288227
720575940619654053,416.984,271.616,123.56,416.94,271.688,123.52,na,dend[304],0.004344148826727612
720575940619654053,417.944,271.484,122.88,417.856,271.552,122.92,na,dend[302],0.6928748610649049
720575940619654053,419.976,295.156,109.4,419.944,295.028,109.36,na,dend[1245],0.27444147716180656
720575940619654053,418.552,261.172,123.28,418.508,261.24,123.28,na,dend[416],0.4543051087135358
720575940619654053,418.512,261.144,123.32,418.472,261.24,123.32,na,dend[416],0.42771982124169167
720575940619654053,419.0,267.996,122.48,419.124,268.004,122.48,na,dend[328],1.0
720575940619654053,417.756,262.696,127.76,417.68,262.592,127.76,na,dend[398],0.2381744848084969
720575940619654053,417.04,263.14,128.04,417.06,263.032,128.04,na,dend[397],0.9968794578979128
720575940619654053,420.744,269.36,121.04,420.816,269.416,121.08,na,dend[285],0.2712250770146298
720575940619654053,434.968,276.352,123.0,435.076,276.384,123.0,na,dend[31],0.14553377676620646
720575940619654053,421.14,262.376,129.32,421.048,262.408,129.28,na,dend[422],0.8081648852436439
720575940619654053,433.704,274.148,128.84,433.816,274.08,128.84,na,dend[1],0.36851657822574585
720575940619654053,429.584,310.048,122.24,429.508,310.064,122.28,na,dend[1335],0.7541459706077601
720575940619654053,410.552,245.064,150.16,410.472,245.168,150.16,na,dend[535],1.0
720575940619654053,423.452,294.852,121.0,423.54,294.888,121.0,na,dend[1288],0.45477218514978207
720575940619654053,419.848,268.832,122.0,419.936,268.872,122.0,na,dend[295],0.38699247935951603
720575940619654053,413.52,268.144,121.72,413.56,268.288,121.68,na,dend[379],0.9438931196178557
720575940619654053,414.94,286.904,122.56,414.936,286.968,122.52,na,dend[1127],0.5570878064001927
720575940619654053,416.58,290.632,115.0,416.52,290.688,115.0,na,dend[1511],1.0
720575940619654053,422.108,271.608,118.8,422.196,271.572,118.8,na,dend[171],0.3557336152388408
720575940619654053,414.72,272.252,92.96,414.704,272.38,92.96,na,dend[2463],1.0
720575940619654053,420.032,288.08,107.88,420.152,288.068,107.8,na,dend[1186],1.0
720575940619654053,427.604,270.064,136.48,427.552,270.18,136.48,na,dend[247],0.8420285238461414
720575940619654053,425.816,282.744,107.56,425.912,282.792,107.56,na,dend[1159],0.04950770080525396
720575940619654053,412.82,278.312,115.72,412.88,278.432,115.68,na,dend[45],1.0
720575940619654053,421.64,247.468,137.6,421.6,247.32,137.56,na,dend[474],1.0
720575940619654053,421.48,247.492,137.68,421.444,247.32,137.64,na,dend[474],0.9631196419947191
720575940619654053,509.044,319.708,159.64,509.112,319.636,159.64,na,axon[59],0.2467477783800041
720575940619654053,417.896,254.676,136.48,417.856,254.608,136.48,na,dend[448],1.0
720575940619654053,517.32,320.184,164.28,517.188,320.148,164.28,na,axon[73],0.08605063148531064
720575940619654053,414.62,239.568,156.6,414.48,239.628,156.6,na,dend[939],1.0
720575940619654053,419.224,252.98,136.4,419.16,252.868,136.4,na,dend[453],0.3792027483984947
720575940619654053,424.004,269.272,120.48,424.1,269.244,120.4,na,dend[285],1.0
720575940619654053,427.764,234.536,151.08,427.768,234.608,151.04,na,dend[1000],0.40170301623150545
720575940619654053,427.6,308.184,120.52,427.788,308.14,120.52,na,dend[1330],0.7875534302284799
720575940619654053,428.416,309.616,120.48,428.248,309.556,120.48,na,dend[1332],0.459002050656959
720575940619654053,413.656,233.04,157.0,413.58,232.92,156.96,na,dend[945],1.0
720575940619654053,415.148,266.136,119.48,415.16,266.032,119.48,na,dend[346],0.6971200257348181
720575940619654053,413.484,234.908,156.44,413.372,234.936,156.4,na,dend[943],0.694359312486646
720575940619654053,420.224,271.072,120.2,420.144,271.028,120.2,na,dend[283],0.4766271287088914
720575940619654053,413.656,233.088,157.04,413.504,233.072,157.04,na,dend[945],1.0
720575940619654053,418.504,272.952,111.24,418.472,272.864,111.24,na,dend[80],0.44341147172553763
720575940619654053,413.852,235.116,157.44,413.8,235.212,157.44,na,dend[948],1.0
720575940619654053,405.744,241.248,159.04,405.728,241.188,159.12,na,dend[572],0.5252227313599556
720575940619654053,413.748,232.964,156.96,413.672,233.032,156.92,na,dend[945],0.9712070215403632
720575940619654053,431.192,235.8,150.44,431.248,235.884,150.44,na,dend[1031],0.6559279591175615
720575940619654053,505.548,325.38,163.8,505.628,325.5,163.8,na,axon[4],0.4006871832067852
720575940619654053,414.972,286.908,122.56,415.024,286.916,122.52,na,dend[1127],0.570300803305149
720575940619654053,423.992,241.552,146.44,423.992,241.544,146.48,na,dend[972],0.7105773641211686
720575940619654053,416.832,240.948,151.32,416.82,241.004,151.36,na,dend[923],1.0
720575940619654053,422.616,281.512,108.48,422.616,281.456,108.44,na,dend[1160],0.5430135235314182
720575940619654053,404.604,246.64,154.8,404.664,246.724,154.8,na,dend[625],0.8312821497173651
720575940619654053,518.88,322.224,163.68,518.996,322.24,163.68,na,axon[81],0.2962183085161124
720575940619654053,420.216,234.636,156.12,420.088,234.576,156.12,na,dend[858],0.09218275393594008
720575940619654053,417.352,279.176,108.88,417.204,279.092,108.88,na,dend[1642],0.8127703810281941
720575940619654053,509.832,310.288,149.52,509.752,310.192,149.52,na,axon[47],0.34436600239369425
720575940619654053,449.632,317.42,151.92,449.688,317.488,151.88,na,axon[2],0.3882357761702056
720575940619654053,504.968,322.136,160.16,504.952,322.292,160.12,na,axon[27],0.289940827622629
720575940619654053,506.88,325.136,163.48,506.74,325.088,163.44,na,axon[4],0.6383247935041786
720575940619654053,506.956,325.064,163.56,506.84,325.032,163.56,na,axon[4],0.6545365466110167
720575940619654053,504.64,325.468,163.36,504.748,325.56,163.32,na,axon[4],0.22227898389549394
720575940619654053,504.72,325.424,163.32,504.792,325.4,163.28,na,axon[4],0.22594651587495035
720575940619654053,413.044,288.304,133.04,413.064,288.18,133.04,na,dend[1138],0.41581926449672346
720575940619654053,414.056,286.916,130.92,414.168,286.888,130.92,na,dend[1134],0.6640719709552839
720575940619654053,494.784,335.556,185.48,494.688,335.58,185.48,na,axon[92],0.08620908869284576
720575940619654053,497.92,328.168,170.76,498.04,328.152,170.76,na,axon[3],0.5268025372737066
720575940619654053,497.972,328.016,170.76,498.072,327.976,170.8,na,axon[3],0.529313241406334
720575940619654053,497.892,328.292,170.8,497.984,328.352,170.8,na,axon[3],0.5205597690667175
720575940619654053,497.912,328.248,170.88,498.028,328.28,170.88,na,axon[3],0.5202993573052447
720575940619654053,499.948,320.888,160.12,500.032,320.872,160.16,na,axon[20],0.2983936110859067
720575940619654053,425.412,268.272,132.88,425.42,268.192,132.88,na,dend[257],0.27433875274344716
720575940619654053,425.26,268.376,132.8,425.176,268.368,132.8,na,dend[257],0.3107297999119019
720575940619654053,425.408,268.352,132.76,425.388,268.216,132.8,na,dend[257],0.21823994292958404
720575940619654053,437.976,204.08,151.2,437.9,204.04,151.2,na,dend_11[0],0.41660635123374357
720575940619654053,513.04,320.284,160.28,513.036,320.18,160.32,na,axon[59],0.7559194343112675
720575940619654053,507.376,325.264,162.92,507.32,325.368,162.96,na,axon[4],0.7927904627818635
720575940619654053,517.312,320.152,164.32,517.232,320.052,164.32,na,axon[73],0.017090584284914195
720575940619654053,469.96,322.672,161.96,469.92,322.816,161.92,na,axon[2],0.6541447447167479
720575940619654053,514.208,320.128,161.44,514.292,320.044,161.4,na,axon[59],0.9594653873246103
720575940619654053,501.584,324.68,165.04,501.54,324.58,165.04,na,axon[3],0.8735116107838377
720575940619654053,504.608,325.024,162.0,504.696,325.124,161.96,na,axon[13],0.2730227346151192
720575940619654053,494.78,315.624,157.52,494.664,315.608,157.44,na,axon[26],0.425001592867844
720575940619654053,419.956,270.968,107.76,420.068,271.012,107.76,na,dend[86],0.17334374320826126
720575940619654053,420.328,247.276,140.08,420.424,247.26,140.12,na,dend[637],0.7058384154324935
720575940619654053,419.24,248.876,138.04,419.096,248.848,138.04,na,dend[473],0.6725251743958208
720575940619654053,419.256,248.836,138.04,419.144,248.744,138.04,na,dend[473],0.7307289322131847
720575940619654053,419.752,268.78,122.24,419.852,268.772,122.24,na,dend[295],0.4033455903669167
720575940619654053,419.788,268.7,122.12,419.9,268.672,122.12,na,dend[295],0.4234621008994119
720575940619654053,496.784,315.756,157.72,496.932,315.732,157.72,na,axon[24],1.0
720575940619654053,418.084,257.736,132.44,418.04,257.62,132.44,na,dend[439],0.17767141489660188
720575940619654053,496.744,315.836,157.68,496.876,315.88,157.68,na,axon[24],1.0
720575940619654053,494.84,335.672,185.52,494.768,335.744,185.52,na,axon[92],0.08717039838898469
720575940619654053,494.9,335.74,185.56,494.848,335.816,185.56,na,axon[92],0.08777463492161995
720575940619654053,494.868,335.684,185.64,494.784,335.72,185.64,na,axon[92],0.08851317248713066
720575940619654053,503.52,325.884,165.12,503.572,325.988,165.12,na,axon[3],0.9022018004214636
720575940619654053,503.888,324.656,164.96,503.916,324.588,164.96,na,axon[3],0.9405863884562473
720575940619654053,503.772,325.904,165.0,503.816,325.984,165.0,na,axon[3],0.912907972789463
720575940619654053,503.964,324.712,164.92,504.028,324.648,164.96,na,axon[3],0.9426130849907685
720575940619654053,507.788,316.192,155.76,507.728,316.192,155.84,na,axon[28],0.5689160763377638
720575940619654053,501.616,324.812,164.88,501.576,324.716,164.88,na,axon[3],0.8775358705468309
720575940619654053,428.04,279.776,113.0,428.04,279.66,112.96,na,dend[1109],0.9062212523924621
720575940619654053,509.052,316.736,155.08,509.168,316.764,155.12,na,axon[28],0.5945315503426486
720575940619654053,507.528,316.048,155.52,507.444,315.932,155.48,na,axon[28],0.6115846089862942
720575940619654053,501.712,324.632,165.08,501.712,324.548,165.08,na,axon[3],0.8773879624903603
720575940619654053,508.228,316.836,154.84,508.168,316.988,154.84,na,axon[28],0.5855129626039038
720575940619654053,449.844,317.464,151.96,449.848,317.6,151.92,na,axon[2],0.39037914250573486
720575940619654053,516.264,313.392,151.76,516.224,313.296,151.8,na,axon[33],0.6326727582598614
720575940619654053,516.88,313.736,151.92,516.876,313.652,152.0,na,axon[33],0.7263213273381146
720575940619654053,504.576,320.928,159.76,504.64,320.992,159.72,na,axon[27],0.4674508956319651
720575940619654053,417.56,290.616,106.12,417.612,290.74,106.12,na,dend[1607],1.0
720575940619654053,449.504,317.4,151.96,449.484,317.548,151.96,na,axon[2],0.38741954982435894
720575940619654053,449.612,317.424,152.0,449.624,317.536,152.0,na,axon[2],0.3888130812015058
720575940619654053,449.468,317.36,152.04,449.404,317.456,152.04,na,axon[2],0.3869113595712309
720575940619654053,449.776,317.472,152.04,449.8,317.608,152.04,na,axon[2],0.3909000829468595
720575940619654053,449.36,317.188,152.08,449.292,317.18,152.08,na,axon[2],0.3849780362188368
720575940619654053,504.788,325.436,163.48,504.904,325.432,163.44,na,axon[4],0.2476405331762009
720575940619654053,498.32,319.264,158.2,498.288,319.116,158.2,na,axon[22],1.0
720575940619654053,502.796,323.68,163.48,502.7,323.616,163.48,na,axon[13],0.04529960551746604
720575940619654053,502.808,323.784,163.48,502.708,323.772,163.48,na,axon[13],0.006642740810157155
720575940619654053,502.86,324.8,163.92,502.944,324.936,163.92,na,axon[3],0.9430581017954289
720575940619654053,509.648,314.352,152.64,509.744,314.312,152.6,na,axon[29],0.22375751056865775
720575940619654053,504.756,325.484,163.4,504.872,325.508,163.36,na,axon[4],0.24624075304752763
720575940619654053,502.528,324.568,163.84,502.404,324.556,163.88,na,axon[3],0.9361587441540712
720575940619654053,505.368,325.376,163.92,505.308,325.488,163.92,na,axon[4],0.3259663013800431
720575940619654053,502.56,324.216,163.64,502.46,324.196,163.68,na,axon[3],0.9504573145600521
720575940619654053,504.744,325.536,163.44,504.852,325.628,163.44,na,axon[4],0.24495290099205996
720575940619654053,498.8,336.6,192.32,498.764,336.52,192.32,na,axon[92],0.16518556032009796
720575940619654053,434.936,274.024,126.68,434.936,274.1,126.68,na,dend[26],0.594703940934539
720575940619654053,438.94,276.736,126.92,438.912,276.576,126.92,na,axon[1],0.1741122935233462
720575940619654053,410.484,244.824,150.12,410.364,244.944,150.12,na,dend[535],1.0
720575940619654053,470.112,322.768,161.88,470.104,322.908,161.88,na,axon[2],0.6558055701559734
720575940619654053,502.72,323.984,162.36,502.58,323.944,162.28,na,axon[13],0.2883667918928964
720575940619654053,502.652,323.956,162.48,502.516,323.936,162.44,na,axon[13],0.23964856959810812
720575940619654053,502.716,323.88,162.4,502.572,323.8,162.36,na,axon[13],0.30154003406687524
720575940619654053,508.536,325.768,162.72,508.624,325.844,162.72,na,axon[12],0.6848322268277689
720575940619654053,503.644,325.2,162.2,503.568,325.288,162.16,na,axon[13],0.07272728142015288
720575940619654053,502.648,324.352,162.68,502.528,324.36,162.64,na,axon[13],0.07755870371864289
720575940619654053,502.984,324.388,162.72,503.056,324.504,162.72,na,axon[13],0.0668469411173681
720575940619654053,502.828,324.424,162.72,502.84,324.532,162.72,na,axon[13],0.040101207360190474
720575940619654053,502.864,324.276,162.8,502.86,324.408,162.8,na,axon[13],0.05077567035325344
720575940619654053,498.144,326.16,168.6,498.228,326.076,168.6,na,axon[3],0.6392406864578402
720575940619654053,505.728,324.956,162.68,505.648,324.908,162.6,na,axon[4],0.4123974564717266
720575940619654053,505.808,325.016,162.76,505.892,325.136,162.72,na,axon[4],0.473238435845844
720575940619654053,505.836,324.936,162.72,505.94,324.936,162.64,na,axon[4],0.4771221472791489
720575940619654053,422.768,284.0,111.28,422.704,283.956,111.28,na,dend[1115],0.46549042392755874
720575940619654053,512.668,320.928,160.16,512.576,320.944,160.08,na,axon[59],0.6951414391551943
720575940619654053,512.62,319.892,160.64,512.64,319.776,160.64,na,axon[59],0.7210644780002359
720575940619654053,512.676,319.928,160.6,512.776,319.804,160.64,na,axon[59],0.7376084631353902
720575940619654053,512.696,319.856,160.72,512.708,319.676,160.68,na,axon[59],0.7303837959689043
720575940619654053,512.688,320.768,160.12,512.568,320.772,160.08,na,axon[59],0.692741175183887
720575940619654053,519.976,321.656,164.16,520.016,321.784,164.16,na,axon[70],0.6749559796059297
720575940619654053,519.64,321.1,163.68,519.716,321.152,163.68,na,axon[70],0.5202258618683259
720575940619654053,518.804,322.264,163.64,518.9,322.36,163.64,na,axon[81],0.34612998538784456
720575940619654053,502.792,325.68,166.0,502.892,325.66,166.04,na,axon[3],0.8585315536645752
720575940619654053,505.792,325.084,162.84,505.796,325.236,162.84,na,axon[4],0.4531079997061786
720575940619654053,418.0,249.4,139.04,417.88,249.404,139.04,na,dend[475],0.7194940989694721
720575940619654053,408.672,247.428,155.48,408.616,247.64,155.44,na,dend[560],0.717973760573986
720575940619654053,429.856,304.632,135.16,429.8,304.712,135.16,na,dend[1410],0.1576071988389755
720575940619654053,507.984,313.244,153.08,508.1,313.248,153.16,na,axon[28],0.994189406221011
720575940619654053,502.068,324.624,165.32,502.136,324.508,165.28,na,axon[3],0.882896406701421
720575940619654053,507.064,324.876,163.68,507.024,324.968,163.72,na,axon[4],0.6878403767558622
720575940619654053,503.96,325.416,163.0,503.964,325.544,163.0,na,axon[3],0.9912247325568223
720575940619654053,518.708,322.368,163.72,518.724,322.488,163.72,na,axon[81],0.42708840853905466
720575940619654053,413.22,246.64,149.08,413.144,246.808,149.04,na,dend[498],0.9050969319161909
720575940619654053,507.712,324.848,163.2,507.784,324.952,163.2,na,axon[4],0.8699422340744202
720575940619654053,430.972,235.68,150.32,431.008,235.768,150.32,na,dend[1031],0.5737072740747226
