Group,Value
Close,0.0963494514634533
Close,0.07692894240527436
Close,0.10100765958203795
Close,0.0991539780111168
Close,0.0822889453912765
Close,0.1038114875582394
Close,0.08892226002086545
Close,0.0852592059242809
Close,0.07552513627867795
Close,0.0810665219268287
Close,0.0864293248407719
Close,0.09366139404446015
Close,0.0790891479253943
Close,0.1002913489986241
Close,0.08060280213999245
Close,0.08345349906058885
Close,0.0768646398718786
Close,0.10458776234793275
Close,0.0864900414248879
Close,0.08286494728307045
Close,0.07526587283683735
Close,0.08310007092016035
Close,0.0964578138378442
Close,0.08147011164017925
Close,0.0819358562090926
Close,0.0784838539189607
Close,0.09897600187840536
Close,0.08823339563983265
Close,0.0798347024073891
Close,0.0854983194051826
Close,0.100696743211202
Close,0.0872107439944045
Close,0.0842058563505432
Close,0.08102205692476615
Close,0.08403694564509576
Close,0.1073665172605089
Close,0.09827058273145894
Close,0.09860262606780165
Close,0.07728997661973835
Close,0.08659390777944505
Close,0.09778613972291335
Close,0.089728690671798
Close,0.0838624710484339
Close,0.07694753788633335
Close,0.08660664618534494
Close,0.1002913489986241
Close,0.1011051255462334
Close,0.0785792151020601
Close,0.08889552449740275
Close,0.10104701249152725
Close,0.08173534888761935
Close,0.10219820673114555
Close,0.0838820479299542
Close,0.0856968386447079
Close,0.0819803010158253
Close,0.0814423615581958
Close,0.1064492318538299
Close,0.0852592059242809
Close,0.0882456607598243
Close,0.099721698695042
Close,0.08625433530191624
Close,0.0959233001646993
Close,0.09159085601977066
Close,0.07916547068702325
Close,0.0807861241550398
Close,0.10203072786544705
Close,0.08248302409200645
Close,0.0840785635986094
Close,0.0822147788423919
Close,0.1034460078050614
Close,0.0979825985802094
Close,0.08101961779004795
Close,0.0788534058297969
Close,0.08174516119002816
Close,0.10520069854951684
Close,0.08864669525231506
Close,0.1081256236585517
Close,0.08549739249060904
Close,0.08467559260780885
Close,0.0988979154510261
Close,0.0866829921758878
Close,0.0907505041273211
Close,0.08681319681222276
Close,0.0993255797324224
Close,0.0804401772256824
Close,0.1004581116144294
Close,0.1071589429347597
Close,0.09303391702843555
Close,0.0882179439347794
Close,0.10780317477711066
Close,0.087390080568305
Close,0.0880204480060058
Close,0.08700327148871165
Close,0.1081256236585517
Close,0.0822147788423919
Close,0.0965469710891611
Close,0.09125285682202385
Close,0.07949892487392415
Close,0.076154837310078
Close,0.0827480484473355
Close,0.1067900770958445
Close,0.0800404814300748
Close,0.0825021463033124
Close,0.0889057139931566
Close,0.0911490037905622
Close,0.09563037269325035
Close,0.1081256236585517
Close,0.0903360749051245
Close,0.10193703099837136
Close,0.09007098115159096
Close,0.08959099288606605
Close,0.08522506271553705
Close,0.08952006327340455
Close,0.0969607238769896
Close,0.0896030631120723
Close,0.0993831275408894
Close,0.0905625207584606
Close,0.09229361053436945
Close,0.076154837310078
Close,0.07842938863646505
Close,0.0782792711878102
Close,0.07654280584717554
Close,0.10006752781439585
Close,0.07968895219331525
Close,0.0814103509917956
Close,0.1026244906132234
Close,0.10456808028335725
Close,0.0976283408739178
Close,0.1024601361033319
Close,0.07480568273903995
Close,0.0822861768251144
Close,0.0851161029869445
Close,0.0776367944143672
Close,0.0986938900948573
Close,0.0867690879333338
Close,0.08618300473889205
Close,0.0875544967278401
Close,0.1020672826092479
Close,0.08654114874369155
Close,0.0950486310333929
Close,0.08698319988798885
Close,0.10578288700557435
Close,0.08413809321930894
Close,0.08675475732128746
Close,0.10520069854951684
Close,0.0819358562090926
Close,0.1006973805330702
Close,0.0879008589256145
Close,0.09107169561691104
Close,0.081882942948134
Close,0.10057255361761953
Close,0.10232207545981943
Close,0.07952186734521167
Close,0.08382962472453433
Close,0.08123602682912197
Close,0.09318587370423377
Close,0.09868477101082362
Close,0.08759574686256144
Close,0.08076780993895717
Close,0.07763369000906077
Close,0.07314032376337327
Close,0.08824983253009104
Close,0.10210786520944264
Close,0.08234621576391986
Close,0.10305052526448814
Close,0.09837318426940554
Close,0.0899105962227272
Close,0.08564287866119476
Close,0.09155855675675656
Close,0.0755904814329966
Close,0.07783074768389041
Close,0.0874224016446779
Close,0.09155855675675656
Close,0.07401910885724776
Close,0.09545301504713656
Close,0.0991223502655174
Close,0.08169289988450143
Close,0.09220981720265797
Close,0.08932705942081516
Close,0.09721793080955383
Close,0.08023765901271436
Close,0.077280451545685
Close,0.09916984647220296
Close,0.07896578323574487
Close,0.1029456118179155
Close,0.0813909045524165
Close,0.07774353691744314
Close,0.08173964056312853
Close,0.08790953036998417
Close,0.08048712679115984
Close,0.09992501988364211
Close,0.07820889237223601
Close,0.0990052104832652
Close,0.1077904721650166
Close,0.08629275575743613
Close,0.08650475132614115
Close,0.08616370407291167
Close,0.07695675458985816
Close,0.07910973301116067
Close,0.1040323871784589
Close,0.09164478378891279
Close,0.0721685667436702
Close,0.08379994993732016
Close,0.10108204131713212
Close,0.0832616839309992
Close,0.07985190636505497
Close,0.10606884061797454
Close,0.0872080674749706
Close,0.09970895259047076
Close,0.0972707779700291
Close,0.0762709057234332
Close,0.08537616460354987
Close,0.0803468382100997
Close,0.07686614691174991
Close,0.0755088391639873
Close,0.08141170758930606
Close,0.0759409082756832
Close,0.08564287866119476
Close,0.1029456118179155
Close,0.098851461417586
Close,0.09888466179812856
Close,0.0918461212433499
Close,0.10057255361761953
Close,0.09190951610368357
Close,0.07938752870837597
Close,0.09814846189410766
Close,0.07765779096347576
Close,0.09759722100892056
Close,0.0815384849947236
Close,0.07458156362139808
Close,0.10315863064591703
Close,0.0787858029754081
Close,0.07338378690070137
Close,0.07433013110173663
Close,0.09414145419547516
Close,0.07696922626308833
Close,0.07514332211592033
Close,0.0833515299927446
Close,0.09763415309616143
Close,0.09414145419547516
Close,0.08015269898950804
Close,0.07520788754824063
Close,0.08915209150689424
Close,0.0719284957412706
Close,0.0769777428431458
Close,0.07378725435307366
Close,0.07995122516984073
Close,0.1070581845506003
Close,0.08225233816229147
Close,0.07822839034189143
Close,0.07874510240604593
Close,0.08068661866152144
Close,0.07856409958521243
Close,0.10480129056545213
Close,0.07820889237223601
Close,0.0920941510692946
Close,0.07665106287028796
Close,0.07622312305905626
Close,0.08382962472453433
Close,0.07688457052676273
Close,0.0816240069581179
Close,0.08342738657233893
Close,0.10108204131713212
Close,0.09465933557107083
Close,0.09956420287751179
Close,0.09453701979320783
Close,0.08286816132831613
Close,0.08143683164400763
Close,0.08647874105683684
Close,0.07326353562974457
Close,0.07297857068468734
Close,0.09849248802469407
Close,0.10016078795735929
Close,0.09936542929024483
Close,0.09063486290088463
Close,0.0799962168195994
Close,0.0905162976309223
Close,0.10049958352211753
Close,0.07520788754824063
Close,0.08951500773975357
Close,0.09414145419547516
Close,0.08571106671199401
Close,0.09255644287240727
Close,0.08317056830455744
Close,0.08440713727668007
Close,0.08157272665662653
Close,0.09936542929024483
Close,0.08566584284195737
Close,0.07449190352690967
Close,0.09970895259047076
Close,0.0791127008874781
Close,0.07534351060008267
Close,0.08848933124214396
Close,0.09774294583488559
Close,0.07778999264955642
Close,0.07378725435307366
Close,0.07615333252257032
Close,0.1070812023589222
Close,0.08390307565069104
Close,0.08650475132614115
Close,0.07653568317591918
Close,0.0804709728275661
Close,0.09741810891818757
Close,0.0788416487551693
Close,0.07613312933598593
Close,0.09963751055949642
Close,0.07118628826482976
Close,0.0799602999695672
Close,0.09684113315991638
Close,0.09903524073396497
Close,0.07863879468803958
Close,0.0799458861366169
Close,0.0696460670589083
Close,0.07248396232628095
Close,0.08943827468903365
Close,0.07829892877217047
Close,0.08557123961039535
Close,0.07177998532510442
Close,0.09295988989417835
Close,0.07287880049998563
Close,0.0935089124281987
Close,0.0974273647489099
Close,0.07597993177525453
Close,0.07529432162480275
Close,0.08513698048162155
Close,0.08113807484487978
Close,0.07054059538999623
Close,0.0776565708059067
Close,0.07843700608901115
Close,0.10135149023359702
Close,0.07597784799810725
Close,0.07416054568259865
Close,0.0948129921236287
Close,0.07288874883982997
Close,0.07709301318672955
Close,0.07380872777627445
Close,0.07516627711307677
Close,0.08064028511421382
Close,0.08117892794965798
Close,0.07344051614899882
Close,0.08210653074353402
Close,0.08041193293399472
Close,0.07565777411861062
Close,0.10403333803445135
Close,0.08127090227551292
Close,0.09333961741631568
Close,0.06915388400586762
Close,0.1048690088639077
Close,0.09192548174770465
Close,0.10068573495637168
Close,0.07274207260109833
Close,0.08969379178995494
Close,0.09661203441905285
Close,0.0823829535710594
Close,0.09798736825395338
Close,0.09250468191807926
Close,0.0970378693577878
Close,0.0839119444980767
Close,0.09274676795987702
Close,0.10133703499570144
Close,0.0771228343134922
Close,0.07132096877393222
Close,0.0809962215127804
Close,0.07534974005759665
Close,0.0836934632836872
Close,0.10746494044745702
Close,0.0898585386624049
Close,0.09511854902681093
Close,0.10033537388096292
Close,0.07591567745443938
Close,0.1074317652893022
Close,0.10148377256683715
Close,0.08749270784245765
Close,0.09524512284127695
Close,0.09714607426425202
Close,0.09101513496834812
Close,0.09295988989417835
Close,0.07066307441471052
Close,0.09336355187811307
Close,0.07617484933279782
Close,0.10194806544505397
Close,0.08643242103826765
Close,0.10305995504121768
Close,0.08101227549873613
Close,0.07662711690165125
Close,0.07545025402895432
Close,0.10114363125567392
Close,0.10724105769478243
Close,0.1074317652893022
Close,0.0960494283543518
Close,0.10135149023359702
Close,0.08076205723259378
Close,0.07769160719788103
Close,0.07926816983218288
Close,0.07653568317591918
Close,0.07040536809599728
Close,0.10758995433917205
Close,0.08383808036072082
Close,0.10784112468214245
Close,0.0902440379940259
Close,0.09590977437872893
Close,0.0694844756311781
Close,0.07816647132052877
Close,0.07420596391743217
Close,0.07504311628681393
Close,0.10500133486479157
Close,0.08555578346611625
Close,0.0772601835143547
Close,0.0777898804079946
Close,0.07863821088520595
Close,0.07622706457238237
Close,0.07425828773276777
Close,0.08599457397063402
Close,0.09565622187272638
Close,0.07874982818333365
Close,0.08625623397697167
Close,0.07860745889209753
Close,0.10403333803445135
Close,0.07819473467346683
Close,0.09747378491624657
Close,0.08599457397063402
Close,0.07868038751014338
Close,0.0866431178157292
Close,0.0956131917470806
Close,0.09741810891818757
Close,0.07619760843889978
Close,0.10746494044745702
Close,0.0826491957054003
Close,0.10068573495637168
Close,0.07534974005759665
Close,0.10028608486986812
Close,0.07684386632882223
Close,0.10114363125567392
Close,0.09310855048970622
Close,0.08078003637738007
Close,0.09633002447695915
Close,0.09712907349448585
Close,0.07584904093162592
Close,0.07896922591212174
Close,0.1001344643449471
Close,0.070951490967456
Close,0.09769949867078508
Close,0.06888818482022074
Close,0.10235358128932502
Close,0.1045984108271405
Close,0.0738391023641114
Close,0.08291160002268327
Close,0.10068573495637168
Close,0.0893228309509304
Close,0.07485042242560168
Close,0.0957340282335565
Close,0.06775317683415097
Close,0.10439623983434103
Close,0.08835727495616652
Close,0.0646823650738895
Close,0.09254374790137944
Close,0.07725427111994064
Close,0.07543970530180104
Close,0.06869382221956925
Close,0.09684910749064671
Close,0.10639558379004654
Close,0.06976558321379685
Close,0.10646908564119997
Close,0.10459617655171768
Close,0.07823021577142696
Close,0.0726448201963791
Close,0.1019622992523523
Close,0.08369673252721838
Close,0.09050348303991598
Close,0.08369673252721838
Close,0.09609303077664322
Close,0.07619742372684186
Close,0.0774177763950604
Close,0.07233202338894103
Close,0.09122253362090191
Close,0.06869382221956925
Close,0.09843874442062486
Close,0.06713924452178616
Close,0.08617079978036202
Close,0.10053019259958659
Close,0.10675368623312806
Close,0.07605876083530916
Close,0.09562955117119429
Close,0.09112234374441924
Close,0.10028863688645799
Close,0.10112979222034824
Close,0.0996311852770816
Close,0.06960075560677695
Close,0.09758807415740306
Close,0.10563220589502294
Close,0.07242907121616042
Close,0.1058862877226943
Close,0.08198453300282438
Close,0.07713593083043122
Close,0.08660949488440792
Close,0.08270031109670412
Close,0.06990399192358439
Close,0.06827972695727452
Close,0.08475991112666748
Close,0.0973740237024316
Close,0.06792368652620268
Close,0.0812800189961365
Close,0.07912921726104968
Close,0.1019622992523523
Close,0.09577732852580993
Close,0.08541789977225563
Close,0.09562955117119429
Close,0.09636972214892978
Close,0.0955890795177396
Close,0.09752118804503027
Close,0.0850708220690251
Close,0.0829659219465725
Close,0.07433294847663205
Close,0.06539774596436132
Close,0.07041069261576922
Close,0.07605285788837364
Close,0.07941316387547488
Close,0.07669591875762478
Close,0.09481892522560711
Close,0.07459469429338128
Close,0.0966227106420547
Close,0.07391445659267788
Close,0.08369673252721838
Close,0.10459617655171768
Close,0.08705338739138427
Close,0.07605285788837364
Close,0.07242907121616042
Close,0.06951246764099608
Close,0.09957729574874746
Close,0.06939323819112529
Close,0.07518911991673179
Close,0.09614145154500306
Close,0.0726448201963791
Close,0.06880316499138814
Close,0.07717507984151269
Close,0.0811418387538822
Close,0.07383706930054926
Close,0.08051921699257036
Close,0.07543970530180104
Close,0.10681261805252973
Close,0.09877365268292806
Close,0.07655922431294754
Close,0.07508618449379015
Close,0.06962035724575344
Close,0.10683111974305178
Close,0.08835727495616652
Close,0.09181092161274762
Close,0.07655922431294754
Close,0.07883642705172064
Close,0.09636972214892978
Close,0.07879188165562424
Close,0.10671645986480768
Close,0.09859207544223522
Close,0.0913610032483973
Close,0.07543970530180104
Close,0.09321271601137368
Close,0.09252533624623992
Close,0.09780174451119876
Close,0.07629628835650236
Close,0.07739292286439364
Close,0.08878384393119346
Close,0.1058862877226943
Close,0.09480509972187008
Close,0.08365777895439805
Close,0.06962910481249765
Close,0.09562955117119429
Close,0.07490556762059838
Close,0.08227271413024936
Close,0.09973985403529752
Close,0.09535269097080173
Close,0.080345268921576
Close,0.08005452670699924
Close,0.08412909630891932
Close,0.07267219804259638
Close,0.10777137689830737
Close,0.08934592537762
Close,0.06960942876047795
Close,0.07261614530862914
Close,0.09225037013770532
Close,0.07554941252643062
Close,0.09321271601137368
Close,0.08198453300282438
Close,0.0704685706433679
Close,0.10080104279883528
Close,0.09212085014646335
Close,0.0791450469094343
Close,0.10724687688984887
Close,0.07655922431294754
Close,0.07379114807898758
Close,0.07112157145583067
Close,0.08156686770128943
Close,0.07904331532863011
Close,0.07239150467872832
Close,0.09307901443192462
Close,0.07816969247781458
Close,0.07039318728117222
Close,0.0757196053181957
Close,0.09917221172069615
Close,0.07408816369401165
Close,0.09481094850915496
Close,0.0774984052961282
Close,0.0720295091709815
Close,0.07567191196194045
Close,0.0752961245153969
Close,0.0914597994559448
Close,0.0751766553112058
Close,0.08033919613343699
Close,0.08421206082155663
Close,0.08012018545117408
Close,0.08996302877091011
Close,0.06601603520806756
Close,0.06640121168876333
Close,0.06814307203699597
Close,0.06360038745447838
Close,0.10261873422056311
Close,0.06487197837713173
Close,0.10560274692158107
Close,0.06707403814161712
Close,0.0936672528053298
Close,0.06614162253022707
Close,0.06867457260271928
Close,0.09386904962743851
Close,0.07319652560768712
Close,0.07807612570168486
Close,0.07554687688315909
Close,0.0667227788201951
Close,0.1040305718110659
Close,0.07178976375414219
Close,0.09999669303089576
Close,0.08723078561363214
Close,0.07532264416324826
Close,0.07886887187705581
Close,0.0883909557305221
Close,0.09613079829414062
Close,0.07078052827421998
Close,0.09064842558740575
Close,0.0673255450432606
Close,0.10229671488998804
Close,0.06661052559427343
Close,0.06412707749266862
Close,0.08928346086031051
Close,0.07766639952082006
Close,0.08804938335764471
Close,0.08568199508351644
Close,0.08422168098623928
Close,0.09351999773670627
Close,0.09662683326157406
Close,0.08028710433961568
Close,0.06985856089783718
Close,0.07356915820128289
Close,0.08921544982852225
Close,0.07858351137068335
Close,0.07405134493948158
Close,0.09455696209799196
Close,0.0963185924555674
Close,0.08421206082155663
Close,0.06754752742097735
Close,0.09420277183348229
Close,0.0707900435068467
Close,0.09275552145845249
Close,0.09702948704118815
Close,0.07509766557814619
Close,0.0905829267451826
Close,0.06493530704800557
Close,0.10439605909298422
Close,0.09665007729365982
Close,0.07064576222419323
Close,0.09303902976312155
Close,0.09477986301213075
Close,0.07140952295767276
Close,0.07567775637164449
Close,0.09880178941978339
Close,0.06983545214237334
Close,0.09613079829414062
Close,0.07035520808113442
Close,0.07500376809208358
Close,0.09550806153064902
Close,0.08588578225836585
Close,0.07093901293454744
Close,0.10266053782807678
Close,0.07028937173367449
Close,0.07500376809208358
Close,0.06898765125966122
Close,0.06748554390521376
Close,0.0983111744817909
Close,0.0905259944345597
Close,0.10439605909298422
Close,0.10165798083408362
Close,0.07081758569676565
Close,0.0899693244679843
Close,0.09544109337099371
Close,0.0720295091709815
Close,0.09775056507104789
Close,0.07730507755002947
Close,0.06950251088649158
Close,0.07292296236776726
Close,0.07373055117612164
Close,0.07185279458222027
Close,0.0801220425456061
Close,0.09444915700174761
Close,0.07887161336605904
Close,0.06661052559427343
Close,0.09293028803609597
Close,0.10598995892473558
Close,0.06861364466643967
Close,0.08018902794395426
Close,0.07516048500054258
Close,0.09185155628554516
Close,0.06748554390521376
Close,0.07655278891133104
Close,0.07807612570168486
Close,0.09514649720241881
Close,0.0842315275835972
Close,0.06943652856415383
Close,0.09293028803609597
Close,0.07373055117612164
Close,0.08050537780030709
Close,0.08594640521557768
Close,0.0841071974064415
Close,0.08282088088836777
Close,0.09513911216220805
Close,0.0647160154468646
Close,0.07220228179455053
Close,0.084721821572676
Close,0.06924637844891872
Close,0.07691102163546758
Close,0.10439605909298422
Close,0.07588752013400323
Close,0.07185279458222027
Close,0.08028710433961568
Close,0.07035520808113442
Close,0.10560274692158107
Close,0.07751755608769646
Close,0.07093901293454744
Close,0.0647160154468646
Close,0.06619511372606723
Close,0.0711486553342766
Close,0.07448791901524505
Close,0.10081020881504325
Close,0.07731530631747319
Close,0.07973436666048883
Close,0.07649000138486171
Close,0.07384566026254429
Close,0.08064043247259887
Close,0.09596093845418115
Close,0.07521832453137971
Close,0.07858815408066513
Close,0.0834331538733295
Close,0.07863692237466323
Close,0.0647160154468646
Close,0.06374789222729353
Close,0.06854562338598466
Close,0.07410445427756786
Close,0.06836627409880082
Close,0.09917968992311087
Close,0.08359368370673792
Close,0.06639438436183857
Close,0.06916850541156398
Close,0.10505558626264692
Close,0.10529092431358679
Close,0.07582947121050918
Close,0.08723538155945018
Close,0.09714880072768851
Close,0.06639853961383274
Close,0.07410445427756786
Close,0.07021612373405413
Close,0.07549591635596796
Close,0.08504905826669074
Close,0.07818366674717733
Close,0.07008647481380997
Close,0.07156184703613835
Close,0.0772476562613958
Close,0.0662254303236937
Close,0.07070108520481101
Close,0.06413784916715111
Close,0.06785989469063176
Close,0.06334249896742757
Close,0.0861346719219865
Close,0.0662254303236937
Close,0.09298295361811679
Close,0.1069799163141129
Close,0.09408954539934607
Close,0.07155585500576121
Close,0.0850439695135959
Close,0.06980331504822702
Close,0.10662008121955426
Close,0.07225141138677316
Close,0.06436505197924955
Close,0.0732421482163131
Close,0.06493962336421483
Close,0.07861230767195845
Close,0.07708305561872919
Close,0.07388371249617316
Close,0.09806239319441497
Close,0.077026938662911
Close,0.07448440777557964
Close,0.06541566862133712
Close,0.06528014940742212
Close,0.07930033883033413
Close,0.10179853202302525
Close,0.09371530835344645
Close,0.10482359890025959
Close,0.09543641342857459
Close,0.06953157505118666
Close,0.10059410892754832
Close,0.09114708261653195
Close,0.09943167280543516
Close,0.07384117949582551
Close,0.10620898229234602
Close,0.07051911775002394
Close,0.08506504847606777
Close,0.09917968992311087
Close,0.08281694768650791
Close,0.09430453281675202
Close,0.07184811507765078
Close,0.08525932244061453
Close,0.09309598074494017
Close,0.10052832664887847
Close,0.0981518929403405
Close,0.10637358307464442
Close,0.07388371249617316
Close,0.06887176793437229
Close,0.07280972083180716
Close,0.07477094245237279
Close,0.09917968992311087
Close,0.07292762482503536
Close,0.0707541530818239
Close,0.08624763491750644
Close,0.06431785809526705
Close,0.07112593995380426
Close,0.10179853202302525
Close,0.10419664937382882
Close,0.09510528204873481
Close,0.07080760339169549
Close,0.10026802063541952
Close,0.06374789222729353
Close,0.09943167280543516
Close,0.06916564957740384
Close,0.0762459550118442
Close,0.07543803567368457
Close,0.10694891102691477
Close,0.08003134565718588
Close,0.07290710615212552
Close,0.0701755237012784
Close,0.06374789222729353
Close,0.06706851904430419
Close,0.1054214026740762
Close,0.09749698966793525
Close,0.0794538622530041
Close,0.08895523715221389
Close,0.06980331504822702
Close,0.07505233042995688
Close,0.09438668815453509
Close,0.0633851455115015
Close,0.08457144882566427
Close,0.08840022388054487
Close,0.06425500753185329
Close,0.06810171293083402
Close,0.10018234295245268
Close,0.09231234287031295
Close,0.07302852146112368
Close,0.073072735920385
Close,0.06819624045582932
Close,0.09095026314092942
Close,0.06749954375576854
Close,0.0674365981200639
Close,0.06456978071804338
Close,0.09826394974118509
Close,0.06205030242459283
Close,0.08274188852872401
Close,0.0675680185274347
Close,0.06610858387902852
Close,0.06556028483114419
Close,0.07549591635596796
Close,0.09076520331831464
Close,0.07228000647237057
Close,0.09373387396416481
Close,0.0850439695135959
Close,0.06896836916048699
Close,0.0781314968741721
Close,0.07064029284683622
Close,0.061280349035286
Close,0.07008647481380997
Close,0.09826394974118509
Close,0.06330443030972584
Close,0.06122417582605927
Close,0.09878206121507357
Close,0.07099120596141768
Close,0.09494514538141427
Close,0.07203302369885023
Close,0.10240183827219036
Close,0.06230170263494626
Close,0.09441141462979326
Close,0.06215424348291013
Close,0.07276604279231792
Close,0.09203461849888381
Close,0.07522066078846633
Close,0.07102837088965178
Close,0.06830079704789276
Close,0.07617979289880898
Close,0.07510644071281725
Close,0.09007843435058582
Close,0.08625798023425801
Close,0.06252188635035694
Close,0.06863192954673458
Close,0.07045080396964742
Close,0.09717713487807522
Close,0.06631164293658642
Close,0.0711464975696181
Close,0.10098626165518709
Close,0.10432858681646806
Close,0.06443225859812429
Close,0.06496295784297246
Close,0.0925824709738663
Close,0.0635630069372759
Close,0.09459398022496046
Close,0.07773489208721784
Close,0.06825335223108198
Close,0.10590948633957886
Close,0.06079212662164046
Close,0.1041252486649018
Close,0.07736305344305094
Close,0.09067156848278302
Close,0.06424606692131718
Close,0.06496295784297246
Close,0.06955042875774886
Close,0.06319648832586111
Close,0.06746746564951955
Close,0.09762659427613407
Close,0.07832221913231585
Close,0.06971751092891232
Close,0.06955042875774886
Close,0.10267717493091055
Close,0.09893748937807345
Close,0.09762659427613407
Close,0.07393211944808797
Close,0.07678706778442645
Close,0.07470377667007533
Close,0.08951569955040384
Close,0.08116205182528091
Close,0.08036221899062035
Close,0.06825335223108198
Close,0.06672971171664877
Close,0.07207014279491375
Close,0.06794050117863115
Close,0.07256706117502887
Close,0.06299846114623442
Close,0.06357835964801772
Close,0.07045080396964742
Close,0.09609747250400247
Close,0.07236993611285669
Close,0.06665062572026415
Close,0.06670264405277493
Close,0.09893748937807345
Close,0.07945138425590947
Close,0.0784192321708499
Close,0.08666354117850084
Close,0.07534032869657992
Close,0.07894594106023867
Close,0.09689944625680624
Close,0.10005919601475455
Close,0.06235334559003824
Close,0.061763184381993234
Close,0.07116688205423394
Close,0.10489635422548993
Close,0.08721002679163803
Close,0.09002107058399211
Close,0.08264270341305391
Close,0.06593974501568667
Close,0.10701219134479167
Close,0.06904365154696102
Close,0.06847346604736515
Close,0.07108827715114607
Close,0.07047995671773499
Close,0.07878119066279865
Close,0.06349705452783638
Close,0.07290757512899226
Close,0.08528019480008275
Close,0.09010477457690058
Close,0.1067571493982502
Close,0.06694187970842336
Close,0.060832893682370326
Close,0.06413978193262082
Close,0.0747156113346783
Close,0.09150881099071739
Close,0.10711157920606773
Close,0.06486988701400342
Close,0.06689844699067216
Close,0.08163692552239965
Close,0.10111251127566234
Close,0.10047356122500695
Close,0.06435032484169767
Close,0.07290757512899226
Close,0.06460462525959976
Close,0.06705848778249468
Close,0.09342093937279827
Close,0.06482100873699359
Close,0.07200202493622498
Close,0.06018036998037779
Close,0.07419764193387834
Close,0.06978777360201072
Close,0.06860423844528007
Close,0.06412326169294147
Close,0.07087611410216077
Close,0.08696853688722683
Close,0.06183894894008012
Close,0.09208664252396837
Close,0.07240121635419428
Close,0.07292152257017825
Close,0.1041252486649018
Close,0.06229511808615484
Close,0.08696853688722683
Close,0.10677567151817158
Close,0.06760919678816535
Close,0.06412326169294147
Close,0.10023935408209717
Close,0.08620422046454657
Close,0.09229971956951744
Close,0.07055729106135189
Close,0.06200540841933844
Close,0.08874995824517207
Close,0.06235334559003824
Close,0.07078071504928651
Close,0.09058013975714374
Close,0.07565371466439963
Close,0.07268296974003974
Close,0.06483019715043525
Close,0.09300299893871156
Close,0.08565951331075539
Close,0.09420107410107548
Close,0.05909297988971751
Close,0.06462384459158521
Close,0.0925373001472849
Close,0.08092557063030803
Close,0.06319648832586111
Close,0.07097514527644044
Close,0.07894594106023867
Close,0.06486988701400342
Close,0.06357835964801772
Close,0.10191124675261776
Close,0.09053290702604144
Close,0.06924421070965892
Close,0.08011761542086049
Close,0.10711157920606773
Close,0.07089584344275401
Close,0.09569400571976949
Close,0.07593890029590611
Close,0.10041173947047355
Close,0.06413978193262082
Close,0.07200202493622498
Close,0.08348916002670453
Close,0.06793645958798954
Close,0.07450631881232381
Close,0.06697042821627026
Close,0.07126187351049396
Close,0.09093911506413753
Close,0.06138757022016566
Close,0.09804543195901122
Close,0.06959564172782014
Close,0.10445088788995033
Close,0.07395977627645006
Close,0.08815697542446009
Close,0.06639127604216968
Close,0.08888434871175042
Close,0.07004143927165608
Close,0.0700376909350003
Close,0.0546936642145018
Close,0.10394724036760138
Close,0.06367743027312953
Close,0.0876856859385337
Close,0.09165558175976211
Close,0.09030322998003253
Close,0.057835710412054674
Close,0.06962316406950701
Close,0.06371508742879921
Close,0.05990635031282289
Close,0.09984008719579328
Close,0.07187334855872823
Close,0.09079990766501093
Close,0.10053894907758673
Close,0.07531719392541447
Close,0.10350509364225344
Close,0.06367743027312953
Close,0.07250198948863032
Close,0.06209191346606405
Close,0.06377749584811138
Close,0.07474855463562828
Close,0.06700763361089122
Close,0.06068438935206347
Close,0.09761222176876079
Close,0.09357728322744505
Close,0.06308058163158453
Close,0.06160156139603304
Close,0.06732214727514929
Close,0.07121815660427128
Close,0.07131544492141491
Close,0.06157733301127008
Close,0.07963631662833216
Close,0.06918756679823287
Close,0.1002487752349263
Close,0.09465427563166252
Close,0.08916579959957163
Close,0.0953459917965268
Close,0.06868609103716178
Close,0.06022991166697662
Close,0.10240037039107601
Close,0.07183094515227771
Close,0.0953459917965268
Close,0.05715857385119705
Close,0.10681232404477707
Close,0.07004143927165608
Close,0.07439009321337961
Close,0.09117238199466253
Close,0.061386074352905474
Close,0.08673379887703606
Close,0.06013147310654353
Close,0.06904598049973901
Close,0.10394724036760138
Close,0.08585714891982042
Close,0.06758906287620113
Close,0.10547990919045151
Close,0.08976919155538275
Close,0.09992510870678314
Close,0.07594129611547373
Close,0.07531719392541447
Close,0.06138757022016566
Close,0.06706611635385526
Close,0.08976919155538275
Close,0.06945497367544659
Close,0.06609207314989539
Close,0.09426376021503163
Close,0.07943287543733707
Close,0.10697065756349389
Close,0.06697042821627026
Close,0.07121815660427128
Close,0.09389645578376044
Close,0.09599508127764819
Close,0.07222179664639346
Close,0.09211808257778228
Close,0.09614741964453957
Close,0.0884607150320578
Close,0.09897916646957267
Close,0.09032400960571213
Close,0.06348089340351887
Close,0.09097866721409294
Close,0.0700376909350003
Close,0.09804543195901122
Close,0.07572991387508271
Close,0.07076696995268922
Close,0.06824460400099339
Close,0.09102815534626213
Close,0.0750140298356538
Close,0.05944921651932115
Close,0.10696361016505465
Close,0.10395906033881867
Close,0.06815577282814742
Close,0.06794315163575486
Close,0.09241188254232213
Close,0.08165549901405693
Close,0.07072547151904492
Close,0.057835710412054674
Close,0.07857805071907996
Close,0.06348089340351887
Close,0.10605005595755142
Close,0.09220420917014217
Close,0.07442304410067872
Close,0.07707700337755657
Close,0.06138757022016566
Close,0.06259090593078692
Close,0.08503672666747913
Close,0.07696650399363768
Close,0.09677451126718495
Close,0.06001590067391918
Close,0.09117238199466253
Close,0.10022344970614465
Close,0.05715857385119705
Close,0.06412959730192508
Close,0.0630103941991946
Close,0.07111657051339017
Close,0.08137670576878975
Close,0.09094519013232451
Close,0.09426376021503163
Close,0.0689459126692024
Close,0.06609207314989539
Close,0.07229873400637625
Close,0.0953019898172332
Close,0.08628225630804959
Close,0.06367743027312953
Close,0.09818464901639049
Close,0.09172215934048546
Close,0.09506054657684773
Close,0.06732214727514929
Close,0.08138416449598335
Close,0.05894364401382132
Close,0.05982052278755942
Close,0.10350509364225344
Close,0.09277221645410963
Close,0.07371067218325006
Close,0.06697042821627026
Close,0.10636595301660476
Close,0.06745193608171007
Close,0.08844304980543685
Close,0.055805926976825564
Close,0.05981832380746901
Close,0.07539799685411518
Close,0.06838410732290547
Close,0.06999194974828785
Close,0.06847925306394131
Close,0.06092367317145628
Close,0.0677071247883173
Close,0.08066768070076012
Close,0.07655535484545468
Close,0.1056835939496701
Close,0.09406119974755195
Close,0.09240443011855927
Close,0.058477430498878775
Close,0.057920415400059516
Close,0.07516264403260985
Close,0.10030228408720761
Close,0.0849690229635278
Close,0.09406119974755195
Close,0.06168619658385213
Close,0.058477430498878775
Close,0.05863842715306269
Close,0.09944281561256864
Close,0.05994481465769623
Close,0.09250842339942396
Close,0.10547046515110155
Close,0.1007027363505738
Close,0.0849690229635278
Close,0.07090108574103805
Close,0.10615107704985083
Close,0.0868230926536326
Close,0.056125500001606744
Close,0.08876501331636305
Close,0.07539799685411518
Close,0.060137773123654176
Close,0.09903072619027076
Close,0.05440138174549118
Close,0.06620248550862584
Close,0.06432302771888875
Close,0.08447084354822271
Close,0.06311988976870256
Close,0.09517520304738075
Close,0.09732179691247662
Close,0.0628759231604076
Close,0.0868230926536326
Close,0.08447084354822271
Close,0.058140608490033815
Close,0.07762160264102197
Close,0.10014695890333898
Close,0.06925112267775675
Close,0.056125500001606744
Close,0.06563014522708309
Close,0.0686819585137848
Close,0.07095546184988616
Close,0.06168619658385213
Close,0.06752915155868648
Close,0.0628759231604076
Close,0.10615107704985083
Close,0.09407131103163056
Close,0.059188344380425466
Close,0.07010212637941296
Close,0.056125500001606744
Close,0.08851681696326998
Close,0.06870124935833065
Close,0.07988215690030193
Close,0.07196927615156828
Close,0.1060307934271947
Close,0.0695263196085511
Close,0.10461728664678173
Close,0.09309084024214087
Close,0.08000184100461509
Close,0.06550498165285035
Close,0.08758038313389317
Close,0.0863827604641756
Close,0.061507735448192206
Close,0.07556769135499958
Close,0.06627142645186397
Close,0.06466179911838181
Close,0.058882485605601366
Close,0.07943353128706705
Close,0.058092581981484995
Close,0.08844118699595589
Close,0.08791971004588363
Close,0.10121684337857252
Close,0.061038393624086626
Close,0.09439415997653616
Close,0.07762160264102197
Close,0.10628325063835833
Close,0.07838593241701569
Close,0.056125500001606744
Close,0.07410578551543717
Close,0.10338959212233399
Close,0.06478157645576553
Close,0.06727857148148592
Close,0.0691760465434793
Close,0.06838410732290547
Close,0.062272390891857814
Close,0.07167152104546465
Close,0.059188344380425466
Close,0.08085280222717534
Close,0.06255533685521703
Close,0.0737457019941029
Close,0.08910893472039629
Close,0.09030171718066654
Close,0.06256511547800482
Close,0.07400271679480207
Close,0.08910893472039629
Close,0.06335178126725277
Close,0.08990389763624117
Close,0.07717351732325865
Close,0.0876796047973572
Close,0.10282813915664364
Close,0.07109696933287973
Close,0.05908719417215671
Close,0.09143348619405924
Close,0.06658078272432343
Close,0.08805738835505394
Close,0.06810777993456828
Close,0.08939582039746535
Close,0.06780583938710937
Close,0.061959153930916694
Close,0.10048343947906603
Close,0.05763368823131352
Close,0.05805241297057829
Close,0.07106739312202653
Close,0.07263783695193317
Close,0.06692622054953677
Close,0.05745340797256078
Close,0.08224332669007595
Close,0.09439415997653616
Close,0.056125500001606744
Close,0.07855798629895037
Close,0.06335178126725277
Close,0.07817616539911398
Close,0.0650989168646031
Close,0.05540391770797984
Close,0.0805107039967316
Close,0.0686819585137848
Close,0.0849690229635278
Close,0.09105588881476737
Close,0.0940143455392256
Close,0.07410578551543717
Close,0.05747352261863754
Close,0.09752126339379365
Close,0.07942794798997128
Close,0.07614128602938953
Close,0.0869405994470792
Close,0.060137773123654176
Close,0.05959013195581301
Close,0.09225348234131249
Close,0.0792653099852032
Close,0.08055818821236582
Close,0.06290119286386296
Close,0.08877300577420481
Close,0.0590030337474183
Close,0.09382362620796304
Close,0.09207343850356262
Close,0.0644837709649955
Close,0.061426366805702716
Close,0.09209776253039065
Close,0.06653515944057412
Close,0.06759070659002694
Close,0.07568190692855345
Close,0.05347810676450356
Close,0.055068326276228804
Close,0.07320210918523393
Close,0.09334149313328712
Close,0.05534736540789599
Close,0.09004848952137606
Close,0.06873782378191279
Close,0.06134053299648748
Close,0.06445862097024903
Close,0.06654308667952062
Close,0.057043859361254605
Close,0.059237632774829546
Close,0.06634636137450602
Close,0.06487417800698508
Close,0.06682532213966287
Close,0.05566562471989847
Close,0.09210857606284588
Close,0.06747414284738248
Close,0.09260585116998116
Close,0.05443398004976311
Close,0.10074577860020476
Close,0.06337634490924306
Close,0.08253001931850051
Close,0.06723051675288616
Close,0.0775194907553498
Close,0.05902572955225065
Close,0.09128478088870705
Close,0.10297252583875369
Close,0.053139898804573704
Close,0.06525941684487818
Close,0.09704143399706638
Close,0.07593215494553034
Close,0.07604866827862967
Close,0.09386246840463851
Close,0.07254742270687914
Close,0.08381558865225933
Close,0.07871088534494455
Close,0.07362220880975638
Close,0.06943458656459055
Close,0.07119028591171173
Close,0.05730151422736075
Close,0.07668339250729052
Close,0.10565715254035542
Close,0.052372668655045536
Close,0.05612996635505086
Close,0.09225348234131249
Close,0.07667632908247522
Close,0.09210857606284588
Close,0.06759070659002694
Close,0.06186586527235468
Close,0.10549401515423101
Close,0.05703113243307511
Close,0.07783692287443628
Close,0.06059762091475726
Close,0.07320210918523393
Close,0.10572200126111288
Close,0.06957571955595435
Close,0.07366155242458533
Close,0.09444723068616576
Close,0.09638005406550686
Close,0.08877300577420481
Close,0.08253001931850051
Close,0.10549401515423101
Close,0.09685920125434458
Close,0.055906210628049936
Close,0.086697098037242
Close,0.06589432319721202
Close,0.09751843802614574
Close,0.05198285929800214
Close,0.09597109225032668
Close,0.06035681114385209
Close,0.07217122594375908
Close,0.10596249183632923
Close,0.07680682244318969
Close,0.0757077743496972
Close,0.09907905442696684
Close,0.09210857606284588
Close,0.060200100634324155
Close,0.06516571233043486
Close,0.05589754396686649
Close,0.06036316992494379
Close,0.05291622539950188
Close,0.09704143399706638
Close,0.06516571233043486
Close,0.06487417800698508
Close,0.07366062728927912
Close,0.05959013195581301
Close,0.058331294352355526
Close,0.10079684838440747
Close,0.08068145660356024
Close,0.08630124438020587
Close,0.06186586527235468
Close,0.08068145660356024
Close,0.091671823315707
Close,0.08834098156229796
Close,0.0897353801485449
Close,0.08129973698920988
Close,0.057322705349542084
Close,0.062359072700435655
Close,0.0783867952003677
Close,0.07252626404162427
Close,0.05938189491977561
Close,0.09998585929954865
Close,0.08932752898190169
Close,0.09781168376084591
Close,0.0842282538235526
Close,0.09142454008231045
Close,0.05398107857634434
Close,0.08253001931850051
Close,0.09284409796182139
Close,0.052372668655045536
Close,0.09240192290880163
Close,0.07668896908813522
Close,0.08378352417735449
Close,0.09204947185755522
Close,0.0626254536455738
Close,0.0646998689675863
Close,0.06373862167594688
Close,0.08563602969759315
Close,0.05609507475092265
Close,0.08276254235787607
Close,0.06746250482200913
Close,0.05791691522276757
Close,0.07667799825652603
Close,0.06984078031734188
Close,0.10324282870436499
Close,0.06746250482200913
Close,0.06359293908770579
Close,0.0775194907553498
Close,0.09554961574136638
Close,0.049503589634276486
Close,0.06749183546181516
Close,0.10074577860020476
Close,0.09778155638317708
Close,0.05791691522276757
Close,0.04553824839569775
Close,0.05665031220972982
Close,0.08905828953626385
Close,0.08008416473558229
Close,0.08689522658889229
Close,0.10162962539634696
Close,0.08689522658889229
Close,0.05330444426835095
Close,0.10443325619548137
Close,0.09493624569162183
Close,0.08613834415558132
Close,0.09522431541809405
Close,0.08982323377269032
Close,0.054588883397163994
Close,0.04588206981374557
Close,0.07632844191734799
Close,0.06755793298460201
Close,0.042701128461492294
Close,0.051005489616486634
Close,0.09005016998015948
Close,0.0721123780535012
Close,0.04461745569599174
Close,0.07343653151262944
Close,0.051125720573834084
Close,0.08378228449247677
Close,0.09217173717654119
Close,0.10172370324870625
Close,0.07343653151262944
Close,0.04897248230726605
Close,0.09583815473769229
Close,0.061077135933979836
Close,0.09820972823682697
Close,0.0721123780535012
Close,0.08105361344251091
Close,0.07615763914334069
Close,0.09695856411031462
Close,0.040157204684487885
Close,0.09126255736484139
Close,0.042701128461492294
Close,0.05216551737443095
Close,0.044771152232442546
Close,0.07309647506457201
Close,0.09641478185180254
Close,0.04545247411137607
Close,0.05353649474744318
Close,0.09005016998015948
Close,0.058698769499677256
Close,0.07968187792026203
Close,0.05994194575172429
Close,0.09728603859998941
Close,0.09863116620989713
Close,0.10307721709896937
Close,0.05507601058542894
Close,0.10364079724385662
Close,0.05142532598833585
Close,0.10162962539634696
Close,0.10226940394240878
Close,0.07319014254756566
Close,0.07641012062323747
Close,0.0545420449179465
Close,0.09236751119596223
Close,0.09005016998015948
Close,0.06700201242695027
Close,0.054258929596814706
Close,0.06476314992780953
Close,0.09526332705290551
Close,0.09728603859998941
Close,0.09236751119596223
Close,0.04735059167347864
Close,0.08446285013176112
Close,0.04625161053306344
Close,0.049193276092000554
Close,0.04385333937623673
Close,0.07205699004549615
Close,0.05769549864219669
Close,0.0695306964824066
Close,0.04812349789153749
Close,0.04743567576647223
Close,0.05142532598833585
Close,0.04439699842802402
Close,0.05330072275113647
Close,0.08393252438905498
Close,0.044771152232442546
Close,0.05085840685236256
Close,0.05030470345662636
Close,0.10172370324870625
Close,0.04588206981374557
Close,0.1038336702898209
Close,0.049989371789406274
Close,0.09493624569162183
Close,0.04978710239052798
Close,0.0473905679891176
Close,0.05194743270174937
Close,0.0721123780535012
Close,0.048057537207482556
Close,0.06318317490824009
Close,0.04731095306226765
Close,0.05994194575172429
Close,0.10162962539634696
Close,0.04630293304658166
Close,0.0940468235186839
Close,0.05391677253210438
Close,0.04960705234732255
Close,0.05182064362987727
Close,0.051869081737964715
Close,0.053205234278452966
Close,0.048057537207482556
Close,0.059758702336628874
Close,0.10172370324870625
Close,0.04461745569599174
Close,0.05601561375002717
Close,0.0940468235186839
Close,0.04762289409911024
Close,0.044370442049894106
Close,0.04797398935054531
Close,0.046067321426022545
Close,0.0962490685341764
Close,0.06351369512926781
Close,0.09126255736484139
Close,0.04385333937623673
Close,0.048536589121169336
Close,0.09249399922052506
Close,0.09175882754892163
Close,0.08613834415558132
Close,0.0670183770050214
Close,0.09112788555866237
Close,0.09195239319917903
Close,0.08689522658889229
Close,0.09429232252762176
Close,0.0721123780535012
Close,0.0415575459557945
Close,0.05584272386196367
Close,0.08962542624426237
Close,0.04797398935054531
Close,0.04762289409911024
Close,0.046067321426022545
Close,0.07483063731203159
Close,0.05178699854870543
Close,0.044883936796081
Close,0.0721123780535012
Close,0.053783805285120084
Close,0.07326687821707688
Close,0.09249399922052506
Close,0.05994194575172429
Close,0.1013308636989569
Close,0.06629753452827135
Close,0.04395561084597365
Close,0.0670183770050214
Close,0.07615763914334069
Close,0.09112788555866237
Close,0.05910399316147732
Close,0.08676632657500932
Close,0.08453460765791874
Close,0.0841137899400809
Close,0.09556885972420105
Close,0.0921020569015434
Close,0.09556885972420105
Close,0.05273381258351377
Close,0.07337560199333097
Close,0.10109580107294733
Close,0.10052683663017944
Close,0.09556885972420105
Close,0.04149095433930995
Close,0.10312763413669415
Close,0.08412218862255884
Close,0.05363396603295541
Close,0.07318331549498396
Close,0.059616064559011195
Close,0.09266180854668732
Close,0.048805284101458145
Close,0.054868858097611335
Close,0.07265192210099655
Close,0.07094550087802985
Close,0.050996736932351044
Close,0.058103513537136
Close,0.05045893466343159
Close,0.05451612606588185
Close,0.10204622218450311
Close,0.08581916360295906
Close,0.04868779472419078
Close,0.09586668980995114
Close,0.041299448681930924
Close,0.0921020569015434
Close,0.08762169026284143
Close,0.0503554168477217
Close,0.05613440975870276
Close,0.057760791567313834
Close,0.057371331343837824
Close,0.04984078930019109
Close,0.07321024620585263
Close,0.04279227216056938
Close,0.04236488830559608
Close,0.057371331343837824
Close,0.059616064559011195
Close,0.043211809791757795
Close,0.05444397181143472
Close,0.06731107079548165
Close,0.10346167990074263
Close,0.04427501054492439
Close,0.047010073885905966
Close,0.05170933935466167
Close,0.043743231579335885
Close,0.040938109982070044
Close,0.09586668980995114
Close,0.09237879499405835
Close,0.08762169026284143
Close,0.07461322447297675
Close,0.09699598014847766
Close,0.09586668980995114
Close,0.05273381258351377
Close,0.05045893466343159
Close,0.10366987266871945
Close,0.09776092574623588
Close,0.05973140840111512
Close,0.046430624332388114
Close,0.09523634010459717
Close,0.05451612606588185
Close,0.045005833383753496
Close,0.049288766158092016
Close,0.06731107079548165
Close,0.09060297312080763
Close,0.05180046567374063
Close,0.057371331343837824
Close,0.09556885972420105
Close,0.053314401917774604
Close,0.048805284101458145
Close,0.04520813681429672
Close,0.05445290228714384
Close,0.0790371947711094
Close,0.053182854744659946
Close,0.04959391628010451
Close,0.07506179176209002
Close,0.06979397169382708
Close,0.09488610325425727
Close,0.059616064559011195
Close,0.05653865513813685
Close,0.04689550484958488
Close,0.10366987266871945
Close,0.057838587244509646
Close,0.09556885972420105
Close,0.03952841079982249
Close,0.04773181803949625
Close,0.05980741005042376
Close,0.08312426785417187
Close,0.0769857427592973
Close,0.0518673534928837
Close,0.08311562836892449
Close,0.057088994189996925
Close,0.05399263396197057
Close,0.09303535576692923
Close,0.04646923236240468
Close,0.08676632657500932
Close,0.03952841079982249
Close,0.09407146563585345
Close,0.060211098695750705
Close,0.05177989068153352
Close,0.09151309804927849
Close,0.04449043849358077
Close,0.044308233555689754
Close,0.10109580107294733
Close,0.09251674386087361
Close,0.09443711382448612
Close,0.07069116038298433
Close,0.06731107079548165
Close,0.05419965080151428
Close,0.0921020569015434
Close,0.0954770131697245
Close,0.051568395382625455
Close,0.07476067630376747
Close,0.05055714781168434
Close,0.10204622218450311
Close,0.068740195330588
Close,0.1033079970897279
Close,0.044350944364785504
Close,0.05852315517365639
Close,0.05653865513813685
Close,0.04149095433930995
Close,0.050055582512387675
Close,0.10089960753368472
Close,0.08676632657500932
Close,0.057311423544582
Close,0.09776092574623588
Close,0.04191832576740864
Close,0.07345284953283283
Close,0.05784685451427265
Close,0.07476067630376747
Close,0.04868779472419078
Close,0.08943071623760943
Close,0.04269190230003744
Close,0.0503554168477217
Close,0.08174824066272436
Close,0.05055714781168434
Close,0.052174790984768155
Close,0.056849944991881216
Close,0.054868858097611335
Close,0.06019210066404128
Close,0.043743231579335885
Close,0.08676632657500932
Close,0.04707631286495768
Close,0.1028373331294938
Close,0.06114431480611232
Close,0.09316980616179145
Close,0.1024582423415951
Close,0.051341925519713345
Close,0.04467616693415909
Close,0.06732470437797548
Close,0.09311735501585686
Close,0.051353611274421035
Close,0.04809616894796879
Close,0.05520007986267675
Close,0.042593074761521806
Close,0.040286411304991034
Close,0.041394495287234226
Close,0.055338680584696015
Close,0.04467616693415909
Close,0.05259741675986022
Close,0.0498132297488033
Close,0.09021449300196639
Close,0.04684244140282964
Close,0.09264484883714653
Close,0.05115789954174714
Close,0.05667153943081455
Close,0.08601399549423978
Close,0.08362176032233497
Close,0.03866728920920036
Close,0.03776340779117963
Close,0.03729640460999592
Close,0.051353611274421035
Close,0.05983412236212959
Close,0.08920524134437999
Close,0.05721195367858178
Close,0.05321556182695115
Close,0.04488696708275227
Close,0.03729640460999592
Close,0.07048279345331819
Close,0.09316980616179145
Close,0.07739214770403272
Close,0.0510598172549237
Close,0.051341925519713345
Close,0.03905125530654813
Close,0.10143354427905829
Close,0.04067860581485428
Close,0.07203201850191936
Close,0.03775500932021068
Close,0.08943964538926939
Close,0.05462348345786946
Close,0.05425862614074843
Close,0.0827473769210783
Close,0.07447489093673844
Close,0.08956481615499001
Close,0.09183854192939214
Close,0.10256500641684894
Close,0.03775500932021068
Close,0.09129901399518899
Close,0.07279157268996803
Close,0.09109846952596688
Close,0.07768701208415096
Close,0.06372717101554774
Close,0.07782443391922762
Close,0.07958318997302676
Close,0.07517187927356918
Close,0.05878082523419987
Close,0.057816232778667924
Close,0.07782443391922762
Close,0.045760325747473254
Close,0.05184644548566736
Close,0.050132432143314996
Close,0.05504325186869699
Close,0.09279600741351926
Close,0.08969931868334642
Close,0.038921321078590615
Close,0.09120277177866487
Close,0.042448310850342945
Close,0.08166896143932299
Close,0.07889645463012997
Close,0.07048279345331819
Close,0.05525095944845209
Close,0.05665852678604764
Close,0.07782443391922762
Close,0.03650811590639863
Close,0.08956481615499001
Close,0.07739214770403272
Close,0.056957933040824436
Close,0.041394495287234226
Close,0.09120277177866487
Close,0.04300933495219929
Close,0.04990095210344924
Close,0.041158141024359725
Close,0.08322397906925147
Close,0.07279157268996803
Close,0.042448310850342945
Close,0.04684244140282964
Close,0.04306543657131422
Close,0.05941115135511432
Close,0.06188308566272286
Close,0.08969931868334642
Close,0.09999884834684418
Close,0.07770448969428446
Close,0.03808384925729333
Close,0.05641141415379441
Close,0.08422815032046155
Close,0.05894953235844976
Close,0.03650811590639863
Close,0.08601399549423978
Close,0.07782443391922762
Close,0.06114431480611232
Close,0.09223795516107848
Close,0.05788590922996478
Close,0.08952849149099598
Close,0.07058780788856765
Close,0.051341925519713345
Close,0.04847007570444866
Close,0.09316980616179145
Close,0.03775500932021068
Close,0.10256500641684894
Close,0.05788590922996478
Close,0.048369378436867984
Close,0.046608175707581544
Close,0.07465109722676563
Close,0.051061696879666975
Close,0.0498132297488033
Close,0.08166896143932299
Close,0.08166896143932299
Close,0.09361295196135054
Close,0.09397575368439358
Close,0.04864735729260047
Close,0.040313361137983124
Close,0.04138575277717347
Close,0.10255256445245943
Close,0.10255256445245943
Close,0.03775500932021068
Close,0.08616594483132374
Close,0.06790765721398744
Close,0.08970258949024183
Close,0.056100016183903326
Close,0.04644306924238056
Close,0.08969931868334642
Close,0.09233828525051625
Close,0.04847007570444866
Close,0.06340492106376737
Close,0.0827473769210783
Close,0.10193072508992976
Close,0.05253872621014603
Close,0.04809616894796879
Close,0.05880056354376916
Close,0.07279157268996803
Close,0.04464612266200026
Close,0.037589542095984585
Close,0.05052778502220503
Close,0.06431543095134376
Random,0.0940238355095957
Random,0.091831971735246
Random,0.1045460860041629
Random,0.10508193292010044
Random,0.1012249093551176
Random,0.0887162792657534
Random,0.10634227276210595
Random,0.10433888528812214
Random,0.09288746818977245
Random,0.10661539848659625
Random,0.1009940871086172
Random,0.0937685550873084
Random,0.10324093417003155
Random,0.10629532111492065
Random,0.0950760690144747
Random,0.0903915914330042
Random,0.1020322031743035
Random,0.10644145336365796
Random,0.0879138660121654
Random,0.09680138143474434
Random,0.08232165106031175
Random,0.0897821069362621
Random,0.0983749611006246
Random,0.09415398954025275
Random,0.10704489209018675
Random,0.10432315762620445
Random,0.10202080765827755
Random,0.08544185010502756
Random,0.0880579003064099
Random,0.10126090141573485
Random,0.10570445281560124
Random,0.10130677682037255
Random,0.10014763632119635
Random,0.09154759346662185
Random,0.10608639286152766
Random,0.1056340761593475
Random,0.09330963468207185
Random,0.1024749873871684
Random,0.1019471478281346
Random,0.1062939957566584
Random,0.10494247164250226
Random,0.10177146898710986
Random,0.1000592797473203
Random,0.0878606944715656
Random,0.0996788078356516
Random,0.0998926004216116
Random,0.10466660198027
Random,0.1012744261474694
Random,0.09752176188735714
Random,0.10372455408138136
Random,0.08239268184248515
Random,0.0807412885132308
Random,0.08632955776113245
Random,0.08145912129185005
Random,0.07935860146724134
Random,0.08189953090659685
Random,0.0818189263433737
Random,0.0807848209978843
Random,0.0828715960811763
Random,0.0815110250765585
Random,0.0817224133278955
Random,0.08313558233700745
Random,0.0878209842408708
Random,0.0879248394672203
Random,0.08139125000384695
Random,0.08671028731522765
Random,0.0811048629761828
Random,0.080723263115253
Random,0.08109047795280586
Random,0.0826546657173779
Random,0.0860434295598722
Random,0.0811329430307026
Random,0.07756149636351495
Random,0.08301830223890505
Random,0.0827499409589265
Random,0.0862952480824859
Random,0.08205403937727596
Random,0.0823389648576693
Random,0.0887471631800167
Random,0.0827868878843887
Random,0.085927070310845
Random,0.08265638259363325
Random,0.0823190099187698
Random,0.08147732042215235
Random,0.0820278456328438
Random,0.08648326298752095
Random,0.08834477072947065
Random,0.0891554028594328
Random,0.0867583657324289
Random,0.08824817967921204
Random,0.0818300569264494
Random,0.08015243271290726
Random,0.08910514150866786
Random,0.0813410948569171
Random,0.08543551413099235
Random,0.0823657327589302
Random,0.08168764340241096
Random,0.08234131288870825
Random,0.0821911875246499
Random,0.0830747906480269
Random,0.1030028264848468
Random,0.0856545560496684
Random,0.1037263396117254
Random,0.0986452876225243
Random,0.0958327272423105
Random,0.0820277426208804
Random,0.0821518492199473
Random,0.0821611317822146
Random,0.1066903510134196
Random,0.0899894472160554
Random,0.08790292276854215
Random,0.0927400284188735
Random,0.09222505567584705
Random,0.0895334161706884
Random,0.0963387629158987
Random,0.0865698256885565
Random,0.099153322146293
Random,0.10236844746621185
Random,0.0818057446537139
Random,0.1066744089398739
Random,0.0803845636557412
Random,0.10268220715501995
Random,0.0934644919741032
Random,0.08155433275604194
Random,0.0984378302304378
Random,0.08829383611881525
Random,0.08066676783725765
Random,0.104531871951103
Random,0.0975771741296043
Random,0.1018870246048493
Random,0.0912439967022749
Random,0.08973317155219004
Random,0.1026754355440147
Random,0.09691168907515645
Random,0.0811585013331637
Random,0.10587495372909216
Random,0.1050974138904763
Random,0.0820747306298983
Random,0.08833655314715826
Random,0.10435866952315105
Random,0.0995803811463318
Random,0.08210367742584165
Random,0.10322376256373644
Random,0.104565459200721
Random,0.08034222072906515
Random,0.09009864988999534
Random,0.08075168826725584
Random,0.0902606765779765
Random,0.08071846758469545
Random,0.104048735233917
Random,0.0967328413545445
Random,0.09929517751213975
Random,0.1029583056920131
Random,0.1055621481490334
Random,0.0991803960213886
Random,0.10516232997332504
Random,0.10442577953439525
Random,0.09929273393652945
Random,0.10408045199442024
Random,0.10144610052864775
Random,0.10502307173052824
Random,0.0972927197268518
Random,0.0950499865326506
Random,0.1035901966826742
Random,0.09448030298381835
Random,0.0949869312065843
Random,0.10422475725547285
Random,0.1041766190613984
Random,0.0957898053324868
Random,0.0962899015596079
Random,0.09612709164014885
Random,0.10119829912586195
Random,0.08906405179302365
Random,0.08595329489506295
Random,0.0840971946040625
Random,0.09638283443046446
Random,0.09628670330177865
Random,0.098965375970252
Random,0.09091620374812236
Random,0.0969764289653909
Random,0.082566496195561
Random,0.10193425915738175
Random,0.0858013698714046
Random,0.1052257261817573
Random,0.0949253851634353
Random,0.09813895945087125
Random,0.09908018396716045
Random,0.1044268320275847
Random,0.10472330942978655
Random,0.0952700576274168
Random,0.1032747446353781
Random,0.1001901949512529
Random,0.09684138356519155
Random,0.105201666128238
Random,0.1053399530135124
Random,0.08643014012320545
Random,0.09365066422386545
Random,0.09741436842809745
Random,0.1015137011648761
Random,0.09909110388873185
Random,0.0804755789123277
Random,0.0808474087490083
Random,0.08966354205622196
Random,0.0817451338581563
Random,0.08698859260071855
Random,0.086512766534625
Random,0.07957271920896145
Random,0.0799294822934513
Random,0.08654438307247855
Random,0.07945396723602725
Random,0.08090090272498425
Random,0.0868755151514051
Random,0.0894340170588563
Random,0.0808871860588809
Random,0.0877114272999222
Random,0.08635613861825675
Random,0.0866157366460385
Random,0.0902675206687746
Random,0.08969971865030145
Random,0.0904367235247747
Random,0.08653195710855495
Random,0.08725367505393675
Random,0.0902910444720035
Random,0.08120362497435706
Random,0.08989681055274445
Random,0.08104361134615345
Random,0.08609992333767735
Random,0.08078928961695195
Random,0.0866814419655739
Random,0.08035859100984055
Random,0.07994584262421255
Random,0.08078592643678205
Random,0.0866912326054958
Random,0.08021654039990266
Random,0.08089506133096334
Random,0.0803217598528434
Random,0.0808517985567718
Random,0.08950215904998515
Random,0.0792258914421211
Random,0.0904609700569381
Random,0.08050406075304295
Random,0.08707206974550274
Random,0.0864830933649543
Random,0.08709926644947075
Random,0.0800198473093161
Random,0.0893757176406069
Random,0.08105948736895385
Random,0.08036887871360675
Random,0.08033499591312675
Random,0.0865744149835379
Random,0.10286970700042275
Random,0.1027283992312391
Random,0.0811272801657594
Random,0.10263540087967014
Random,0.0857097693105899
Random,0.10364037906949615
Random,0.0928119927676363
Random,0.10244481604000555
Random,0.09775120774221335
Random,0.08271565042691265
Random,0.0831669871043701
Random,0.0899467927470212
Random,0.080581815719718
Random,0.09658437213629865
Random,0.10069837060809304
Random,0.08760030712242894
Random,0.0956318795841824
Random,0.09624172234020276
Random,0.10012058050003955
Random,0.10141308510712575
Random,0.09291762197059225
Random,0.104167036451706
Random,0.10370686504368365
Random,0.1020052688843975
Random,0.1037080088799982
Random,0.09908267859876925
Random,0.09027315086233755
Random,0.0835324375602653
Random,0.0869412451469813
Random,0.1044981603234092
Random,0.0834493801395908
Random,0.10177258699503255
Random,0.09595805105826825
Random,0.0907543374836592
Random,0.08703748490857065
Random,0.10527617229007545
Random,0.0951801424752716
Random,0.096595851617721
Random,0.0871405977433497
Random,0.08359012680774924
Random,0.09720906203128975
Random,0.1037510244843318
Random,0.0895769801580428
Random,0.10422241053773715
Random,0.0963851822643491
Random,0.1003787639690543
Random,0.09998947631860484
Random,0.08273244165461335
Random,0.0951347856898721
Random,0.1063166512100011
Random,0.0943699680205796
Random,0.1026041896914407
Random,0.09233149980831
Random,0.1030981432122999
Random,0.097699826207247
Random,0.0941126321896419
Random,0.1018260350789859
Random,0.1031309911992011
Random,0.08930703349638945
Random,0.10052175604626964
Random,0.09490851087051055
Random,0.09261544837708155
Random,0.09394205545825685
Random,0.09998115552033934
Random,0.09609417518975505
Random,0.0982854979583152
Random,0.0853255082314632
Random,0.10187492223985115
Random,0.0957156330797275
Random,0.0900877651186391
Random,0.0895909407881774
Random,0.093520149293397
Random,0.0976335595370159
Random,0.082334080262072
Random,0.1023274643697931
Random,0.10281294880220315
Random,0.09391019781021015
Random,0.0906992002822946
Random,0.0923504590509765
Random,0.1035919471946016
Random,0.09610065533304635
Random,0.09450489872271815
Random,0.10268375924531625
Random,0.0962464273201675
Random,0.0891923059819959
Random,0.0950929395381479
Random,0.1009792544747796
Random,0.1025354192458252
Random,0.0981168567117123
Random,0.10233037423711976
Random,0.0965064740918322
Random,0.0854377449138681
Random,0.09421810409212125
Random,0.1002775777794369
Random,0.10153466138827835
Random,0.10205425498494235
Random,0.10093453139566574
Random,0.0869063428745349
Random,0.0946647064289223
Random,0.09589909896975254
Random,0.08810368665843525
Random,0.08847726850956406
Random,0.0890969146318383
Random,0.08896765026764085
Random,0.0859859480558924
Random,0.0892009973955723
Random,0.07950141097021655
Random,0.0793200940594687
Random,0.08896858143873485
Random,0.08909406895445215
Random,0.08921922181275475
Random,0.0887860437806296
Random,0.0890075437116948
Random,0.08857773510862185
Random,0.08866106580735784
Random,0.07941788252016835
Random,0.0888335629029697
Random,0.08866073452063004
Random,0.08876764471565934
Random,0.089206563351631
Random,0.0855545668654045
Random,0.08909327510524885
Random,0.0888145064677701
Random,0.0885172965927552
Random,0.08851636483485235
Random,0.08873469522613675
Random,0.0854808253373136
Random,0.0791491267026245
Random,0.0887686440363424
Random,0.088230542762993
Random,0.08826462822634795
Random,0.0891095386005247
Random,0.08927316430503394
Random,0.07931968226215955
Random,0.08856459558197115
Random,0.08908723277205155
Random,0.0885320791741506
Random,0.08880171254086375
Random,0.0795611698881373
Random,0.0886163512538047
Random,0.08873918742425245
Random,0.08858339756682905
Random,0.0890825941609563
Random,0.08901874838711875
Random,0.08899383216019174
Random,0.08919416466231665
Random,0.0852000924764269
Random,0.0890432996018333
Random,0.085974360637465
Random,0.08896603042205695
Random,0.10160363653291425
Random,0.10062288872988034
Random,0.09942391459330935
Random,0.1005398663800605
Random,0.0824316336166717
Random,0.0825327853280484
Random,0.0892436215873218
Random,0.09240136300186914
Random,0.0897727546240574
Random,0.1002231244812037
Random,0.09272182157953775
Random,0.0901221039717086
Random,0.0872796087832199
Random,0.0980439144178291
Random,0.10239479297077735
Random,0.08760930832943355
Random,0.09208715591506685
Random,0.0891355588803577
Random,0.09455517097608634
Random,0.09210897754140035
Random,0.09598381452805425
Random,0.09191815040919235
Random,0.0871526246472669
Random,0.0965337939725117
Random,0.08189119260372735
Random,0.09468185981148025
Random,0.09790869955030955
Random,0.10228470507862394
Random,0.08204803938392755
Random,0.0951167162932478
Random,0.1020974066951865
Random,0.09263332015775914
Random,0.09540258639883345
Random,0.0939021644713733
Random,0.0965149776556018
Random,0.0856703958745797
Random,0.08181305405160795
Random,0.09444186876022795
Random,0.08983262381018875
Random,0.09285177347550184
Random,0.09457911615201905
Random,0.0896611360119692
Random,0.0880494229315616
Random,0.08817376924954345
Random,0.08382547866451515
Random,0.0922206886248631
Random,0.08331508072246405
Random,0.09954942351875215
Random,0.09444128997139245
Random,0.08565111304223905
Random,0.09815027721634804
Random,0.0966208791121872
Random,0.0953408909751374
Random,0.0988728568214938
Random,0.0963088522535571
Random,0.09879932723243455
Random,0.09324000464397385
Random,0.1000389294141328
Random,0.0922161532864365
Random,0.09933458186674216
Random,0.09669716827811214
Random,0.0909458418381348
Random,0.09810457702302244
Random,0.097328437162389
Random,0.09639463487233255
Random,0.0933557259410591
Random,0.09347211345968275
Random,0.0922616372312319
Random,0.1007941647077004
Random,0.1008829996298104
Random,0.09314519138741414
Random,0.1000649939636915
Random,0.0903192065986573
Random,0.0972407243934796
Random,0.1003639106626508
Random,0.0933512606086282
Random,0.09905764004806625
Random,0.096170191008909
Random,0.0937660700962084
Random,0.0959185026797087
Random,0.09302591325276666
Random,0.08773928550250785
Random,0.09443218711591325
Random,0.1006928514353049
Random,0.1005856118985093
Random,0.0961132326024554
Random,0.09805885900892974
Random,0.09863991799537075
Random,0.0937382800340387
Random,0.098910341906155
Random,0.0923927989184676
Random,0.0932926304246706
Random,0.09684562074109945
Random,0.09274838288185094
Random,0.09665770394556715
Random,0.09764606365678215
Random,0.0973062693085893
Random,0.1010464186477975
Random,0.09183794064878015
Random,0.0989639657274921
Random,0.0875261334596118
Random,0.0888424220880708
Random,0.09039071407770645
Random,0.09598073188471545
Random,0.0899437376474097
Random,0.096472608113892
Random,0.0955648229082939
Random,0.098021860183934
Random,0.10047770147383515
Random,0.0904738653873096
Random,0.08353354699892175
Random,0.08754364620079255
Random,0.0836112773395925
Random,0.0990840644648543
Random,0.08774737253332884
Random,0.099051384303074
Random,0.0932814105982871
Random,0.08215116213548865
Random,0.0939782535691762
Random,0.1003456823911577
Random,0.09688905036929896
Random,0.09594145436744125
Random,0.0952593082469306
Random,0.0992796793036987
Random,0.09983626555645485
Random,0.09905477787593495
Random,0.09981315595732805
Random,0.09368972856762525
Random,0.0911431044873154
Random,0.0970397805456855
Random,0.0941233858105832
Random,0.09169854671978325
Random,0.09356805570504885
Random,0.0937194578164977
Random,0.10080252197592185
Random,0.09825474912214816
Random,0.09657397780893714
Random,0.09609725506966525
Random,0.0980030018601141
Random,0.0973417809301651
Random,0.08878716218402614
Random,0.0940377711336495
Random,0.09268351993782176
Random,0.09298425269447815
Random,0.08283296365365085
Random,0.09397193044607376
Random,0.09961928340614175
Random,0.09571665316706655
Random,0.0902267885599457
Random,0.0996844113430626
Random,0.0912757701417206
Random,0.09512083178275076
Random,0.0901575738483231
Random,0.0950888709123063
Random,0.0975877593096115
Random,0.09891667542557055
Random,0.0923191433422943
Random,0.09101609414490495
Random,0.09425223030150676
Random,0.0915660336654085
Random,0.0938414875878237
Random,0.0941483982818383
Random,0.0951490375145596
Random,0.0957490519627271
Random,0.09400534317749985
Random,0.0975015596803317
Random,0.09237218156320635
Random,0.09562430172793765
Random,0.09421739986392196
Random,0.09521381171011
Random,0.0942045521151584
Random,0.09493541048400544
Random,0.09716011756491125
Random,0.09681352232945525
Random,0.0947514327862393
Random,0.0968203531734204
Random,0.09460513400222935
Random,0.09227357613554685
Random,0.09515005417655685
Random,0.0951593152988508
Random,0.09462329171035574
Random,0.09087843752242004
Random,0.09287588049387804
Random,0.09493899511777926
Random,0.0933139311788409
Random,0.0967486759354443
Random,0.0974260554722903
Random,0.09431971524811185
Random,0.09446308656991675
Random,0.08946865923395815
Random,0.09238395996978
Random,0.0973892336354751
Random,0.0959456427608387
Random,0.0953222113719505
Random,0.0947254454065742
Random,0.0911189081109853
Random,0.09235623488970646
Random,0.0944520836514613
Random,0.0942459629085448
Random,0.09250583399186495
Random,0.09420084408584015
Random,0.0899981416144726
Random,0.0920064663387805
Random,0.0946461634529072
Random,0.0937415355758375
Random,0.09414632429720625
Random,0.09290267295220644
Random,0.0932022627508715
Random,0.08957563060976526
Random,0.09082173571351855
Random,0.096045177997226
Random,0.09818033104630075
Random,0.0878353268916996
Random,0.09471354507401485
Random,0.09385203296992015
Random,0.0967123823984437
Random,0.0997697451050001
Random,0.0917325878375479
Random,0.09073067103287255
Random,0.0890582633869954
Random,0.09681919465106145
Random,0.0949819169904842
Random,0.09134341889474484
Random,0.0938740877247426
Random,0.0939396226943785
Random,0.0994635520087712
Random,0.09042758636378065
Random,0.0929134958235309
Random,0.09095784594222064
Random,0.0944030767758548
Random,0.0976404307137528
Random,0.09465646910086176
Random,0.0968015111960625
Random,0.0914277973435844
Random,0.09220067067618486
Random,0.0909108881214351
Random,0.0946502501979651
Random,0.09748759681994555
Random,0.09270373924603345
Random,0.09397293786748405
Random,0.09466594205023425
Random,0.0930714925946958
Random,0.0921806247131016
Random,0.0908734669948856
Random,0.0975673407889559
Random,0.08919514908654234
Random,0.09042181266813995
Random,0.0908484489575727
Random,0.09858705130888976
Random,0.09214591095960856
Random,0.09117620136871095
Random,0.09294301148107564
Random,0.0916243799352756
Random,0.09294489343005805
Random,0.09682685724152405
Random,0.09528901540418384
Random,0.0932093149508901
Random,0.091891163089727
Random,0.095832718819679
Random,0.09533893437820495
Random,0.0951556773601183
Random,0.09240866689167145
Random,0.09204908342960745
Random,0.09597280233982985
Random,0.09601449690695316
Random,0.09188989129795284
Random,0.0910084493453098
Random,0.0905015198325998
Random,0.09691852219534525
Random,0.0968027154524904
Random,0.0936943400156238
Random,0.09405034454797345
Random,0.0919624038268978
Random,0.0969218869001622
Random,0.09607040163907495
Random,0.09521843723497625
Random,0.0961634139954128
Random,0.09674790260510945
Random,0.091687088044182
Random,0.09353098682338865
Random,0.0930661487072939
Random,0.09283964820419754
Random,0.092801746661614
Random,0.0934852269331614
Random,0.09297660743475684
Random,0.0952676951087312
Random,0.0941741603235968
Random,0.0933570167580413
Random,0.0919187206485148
Random,0.08904452746857315
Random,0.090528495327689
Random,0.0896841235290111
Random,0.0964644262069001
Random,0.09265879292753705
Random,0.09726610886118435
Random,0.09495467039597115
Random,0.0925899264328649
Random,0.0922236012075075
Random,0.09209979153940395
Random,0.0925535527460681
Random,0.0937691821484989
Random,0.0921021746881294
Random,0.0976004897001701
Random,0.09225437802327716
Random,0.0928801023953909
Random,0.093360689281738
Random,0.09550434378864735
Random,0.09305235719790515
Random,0.0959199261875412
Random,0.0934531486053416
Random,0.09359841888115025
Random,0.0946197927783814
Random,0.0888833988970603
Random,0.0976307354317143
Random,0.0919128547480099
Random,0.09697470504035265
Random,0.0923126078430485
Random,0.09526034043586405
Random,0.0922042241851315
Random,0.095120178448397
Random,0.0931295428792893
Random,0.0937092112351152
Random,0.0917347635011296
Random,0.09510982241123855
Random,0.0934105039495563
Random,0.0919007445991511
Random,0.0964461585980345
Random,0.0969970019965558
Random,0.0962048740909651
Random,0.0927200306633651
Random,0.09096117642265965
Random,0.09237950598038935
Random,0.09301623515594315
Random,0.0954254269699177
Random,0.09358631272897355
Random,0.09499400650779675
Random,0.0963256002137882
Random,0.0953273610543803
Random,0.0927021169610995
Random,0.09197282268002735
Random,0.0962647013867581
Random,0.09463846284776165
Random,0.0955285553573688
Random,0.0964870270543372
Random,0.0958575010375284
Random,0.09270874277036255
Random,0.0969552596704943
Random,0.0934276867809558
Random,0.0974229213966424
Random,0.08984489820026904
Random,0.09180478154177504
Random,0.09038293268068995
Random,0.09039045583116945
Random,0.0933790903275593
Random,0.09010621203712076
Random,0.08920561624842804
Random,0.093399819649548
Random,0.0909239597724962
Random,0.0935212195847015
Random,0.0902561651831277
Random,0.09118324996935455
Random,0.0910696594057967
Random,0.0906732156427381
Random,0.091685404613834
Random,0.09363438314453985
Random,0.0901844010796182
Random,0.0915019087377473
Random,0.09143946376036635
Random,0.09294997156194995
Random,0.0907506956596009
Random,0.09064329762868795
Random,0.0934153841052776
Random,0.0894379516747463
Random,0.09172948329701565
Random,0.09044127942669886
Random,0.08947811246748215
Random,0.09217153716166135
Random,0.09054363542978194
Random,0.0909422779029114
Random,0.09444393459116185
Random,0.0904517555268782
Random,0.0890685328869125
Random,0.0910611044705973
Random,0.090891458884478
Random,0.091822916496902
Random,0.0917083594483827
Random,0.0903843305662377
Random,0.09014373078937155
Random,0.0900124271371183
Random,0.08847432376988705
Random,0.0899478035394736
Random,0.0940437722111298
Random,0.09143633983639884
Random,0.09030303554192184
Random,0.09142772293012764
Random,0.0892610867421908
Random,0.0908789582572211
Random,0.0889661758318354
Random,0.09180292785383415
Random,0.09022902474071515
Random,0.09391824542246495
Random,0.09115885083119935
Random,0.09039326218941565
Random,0.0908422932632362
Random,0.0919029179412476
Random,0.09014559357051155
Random,0.0910122856895583
Random,0.09075106510761795
Random,0.08824623745439195
Random,0.09181064574048745
Random,0.09164004873556306
Random,0.0904900492432219
Random,0.08961250236277606
Random,0.09069814966080965
Random,0.0903278533291072
Random,0.0946677038505328
Random,0.086612792746763
Random,0.08953284923048695
Random,0.0906164371196354
Random,0.09151236148604625
Random,0.0907151897559899
Random,0.09065308523224755
Random,0.09445723046422215
Random,0.0912867442689773
Random,0.09417591776272614
Random,0.0905585730992726
Random,0.0917212434381298
Random,0.09249136930920795
Random,0.09105321613635906
Random,0.0934250989695471
Random,0.0955499443841745
Random,0.09118417280917154
Random,0.09476126122483206
Random,0.09020185706889805
Random,0.09301710457214794
Random,0.09390673039374065
Random,0.09147782017605265
Random,0.09138922295077374
Random,0.09039930850420315
Random,0.09040176170282875
Random,0.0902186492683583
Random,0.09148316745029915
Random,0.0912353078822079
Random,0.0920340336710126
Random,0.09074080891112145
Random,0.0945066550288942
Random,0.09068174228023194
Random,0.0909637002110841
Random,0.08977820512474464
Random,0.09184582738602386
Random,0.08636363762891126
Random,0.09867078489621406
Random,0.08928607911462429
Random,0.0823038460816008
Random,0.10471576277116885
Random,0.08559689776266548
Random,0.08133648896212736
Random,0.09257454880396189
Random,0.10296390533572243
Random,0.08688302502124164
Random,0.10437425352950903
Random,0.10348181743907976
Random,0.09183663712714936
Random,0.09761451633447867
Random,0.09116302967734667
Random,0.09621188670799084
Random,0.08052272050977646
Random,0.10068335773233154
Random,0.10322164466449617
Random,0.09463185358320914
Random,0.09503033131972906
Random,0.08598050881999576
Random,0.09745956670381871
Random,0.10163039136354257
Random,0.10486895115753232
Random,0.09512711499867993
Random,0.10366522741183813
Random,0.09124337325062014
Random,0.10215234650477119
Random,0.0972973153323598
Random,0.1044362528664635
Random,0.09924018903963844
Random,0.0811202703968424
Random,0.09602007366944558
Random,0.10272594433286031
Random,0.09071488339547784
Random,0.10256549627296845
Random,0.10572823641240348
Random,0.1010696399284967
Random,0.10369908769924051
Random,0.10294721763414806
Random,0.0943042542721836
Random,0.0920647696998221
Random,0.1014368261759036
Random,0.10233151149559204
Random,0.09117220457350089
Random,0.08997545445271743
Random,0.09934655010285097
Random,0.10456645289453566
Random,0.09962636412909849
Random,0.08576930959412248
Random,0.07941596595910501
Random,0.0805693307793973
Random,0.08569173664690764
Random,0.0784543461334029
Random,0.0791667334209336
Random,0.0802340763187838
Random,0.07984982185031224
Random,0.07962070718221996
Random,0.0815039292531357
Random,0.08056123146660353
Random,0.0847087807355109
Random,0.07794487914641003
Random,0.07926899874952653
Random,0.07856139467945883
Random,0.0810104106204695
Random,0.080660799856048
Random,0.077978523927077
Random,0.08180119123856854
Random,0.0779602004168017
Random,0.08364239985471517
Random,0.07909160162400514
Random,0.08044148901595823
Random,0.0858188619315759
Random,0.07930836371199727
Random,0.08450623997548233
Random,0.07924593719252469
Random,0.07877800523145594
Random,0.07887858428480853
Random,0.0793794337390068
Random,0.0792239280162003
Random,0.08032537001793116
Random,0.0818876341257161
Random,0.0786490160131592
Random,0.0854671998584185
Random,0.0857208250185645
Random,0.07941920221421127
Random,0.08318800446448903
Random,0.0802052557266298
Random,0.08030221561336266
Random,0.08000679841191054
Random,0.0783718086679433
Random,0.0794270167480846
Random,0.0816895228622864
Random,0.0782899314020729
Random,0.07990226839786867
Random,0.08038408998116607
Random,0.07863038457599693
Random,0.07889005802499106
Random,0.07827100132432936
Random,0.09190134542357953
Random,0.10364465332844947
Random,0.08299395022282377
Random,0.0824221232081991
Random,0.0836377284906528
Random,0.08426227045511324
Random,0.10574024466429914
Random,0.10588686095536559
Random,0.0888763909953146
Random,0.083426123429651
Random,0.07794022506662183
Random,0.10512529370350876
Random,0.0855473000705018
Random,0.08121310984236153
Random,0.08151574478441147
Random,0.105928668553607
Random,0.1011325949570363
Random,0.09644503289227657
Random,0.10549879561452256
Random,0.10656243867329823
Random,0.10536117563813242
Random,0.0991529865623685
Random,0.0854662862595082
Random,0.08316800383891614
Random,0.1027429713684095
Random,0.07814023462258034
Random,0.10341126707382386
Random,0.08716508585378334
Random,0.08212156108754697
Random,0.10247745965798079
Random,0.094630165118654
Random,0.08243073972859823
Random,0.10058479347521633
Random,0.09229428643357096
Random,0.08294749327999303
Random,0.07615900712867567
Random,0.08244624619118686
Random,0.0964552202773253
Random,0.08098908003824097
Random,0.10575659414411594
Random,0.08555436929634651
Random,0.0960403416232367
Random,0.09726723530423932
Random,0.0791343519192414
Random,0.08600300686530223
Random,0.1057636333099623
Random,0.1006728210604611
Random,0.0790221126704201
Random,0.08524897441972236
Random,0.09172296294844763
Random,0.08496689605843244
Random,0.09935129198139236
Random,0.10030645926019587
Random,0.10289850087793677
Random,0.10317213495389883
Random,0.09975438573071926
Random,0.09285391512707501
Random,0.1015451188553745
Random,0.10238309207159091
Random,0.10173175689072404
Random,0.10165428313294929
Random,0.09774729822451887
Random,0.10010228375524356
Random,0.10508839139011646
Random,0.10516248320447136
Random,0.1008902278713369
Random,0.10387073932653361
Random,0.1021499297166078
Random,0.10337789989841893
Random,0.09737703971006793
Random,0.08816945537516101
Random,0.0997418719662259
Random,0.09332770824678487
Random,0.1003853368171974
Random,0.1012536506293505
Random,0.10178047773513772
Random,0.09409679478815747
Random,0.09748631790350733
Random,0.09568028999323036
Random,0.10256782146077133
Random,0.10245872080209988
Random,0.10067807458844887
Random,0.09683257021016327
Random,0.100813124507719
Random,0.09771855917082443
Random,0.10129189755609501
Random,0.09972792411903697
Random,0.10002510174684193
Random,0.10138146235189065
Random,0.10176830340012087
Random,0.09388161915909164
Random,0.10112764710663193
Random,0.08561659288761327
Random,0.0960241059204918
Random,0.09466521865708917
Random,0.10283425218026326
Random,0.09624969646642494
Random,0.10250073951504153
Random,0.09618979608560586
Random,0.10281365250559797
Random,0.08764228994703177
Random,0.08818539879072773
Random,0.08787259570447266
Random,0.0879462582515913
Random,0.07724089140170537
Random,0.08000763298236296
Random,0.07959509810952643
Random,0.07912560741436417
Random,0.08683188272614946
Random,0.0771791467558908
Random,0.07896360326548783
Random,0.0874233846107965
Random,0.0877442543095886
Random,0.08037760243932723
Random,0.0830214826495137
Random,0.07760107357143413
Random,0.0856626966089209
Random,0.08528207081122237
Random,0.08513063740448483
Random,0.07912069385359644
Random,0.08711929209229176
Random,0.0795947645350073
Random,0.08775643552087803
Random,0.08710334713819634
Random,0.0867630454225813
Random,0.08678084243436025
Random,0.08782241408025489
Random,0.0788702174773969
Random,0.08009551689319967
Random,0.08313998924775014
Random,0.08513201548624257
Random,0.07936432128171113
Random,0.08737079798951676
Random,0.079026584351278
Random,0.077721133107507
Random,0.08407681623179523
Random,0.08518572253109367
Random,0.08474627610749506
Random,0.07650511343457346
Random,0.07664672528711947
Random,0.08527643501409443
Random,0.08484179535044234
Random,0.07940392939959887
Random,0.07980545793881787
Random,0.087703193052666
Random,0.08419840313514726
Random,0.08630143566961597
Random,0.07803554754259304
Random,0.07919187328825217
Random,0.08785794127135203
Random,0.08754172740459863
Random,0.08189682486216533
Random,0.10223178053936977
Random,0.09088222138089937
Random,0.10392288951270244
Random,0.0932255944965874
Random,0.08485696512598413
Random,0.10356784862919237
Random,0.08515450101539083
Random,0.0778162713333046
Random,0.1025772132633828
Random,0.08158471476305823
Random,0.09639097443476884
Random,0.08343888817409588
Random,0.09695649347045314
Random,0.0888187764900105
Random,0.08812586304760826
Random,0.08426131395770632
Random,0.09615124293167317
Random,0.09574409496179233
Random,0.09185752364844291
Random,0.09637964562303124
Random,0.09963118245724917
Random,0.10060867605242645
Random,0.0810462666003199
Random,0.08843673199547197
Random,0.09664202481777788
Random,0.08132320660583046
Random,0.0799557609973694
Random,0.0883191103089634
Random,0.10071770098781957
Random,0.09727196719391884
Random,0.0842047781987958
Random,0.08651497474032983
Random,0.09958635923101629
Random,0.10551420185426251
Random,0.10112132219949406
Random,0.08238097106504937
Random,0.08127437833644534
Random,0.08540873727856517
Random,0.10123790885891043
Random,0.09289496045079676
Random,0.1003344253506905
Random,0.10039496863105529
Random,0.09386735572674354
Random,0.08593113658661856
Random,0.1026668423934467
Random,0.08546934639003705
Random,0.0974704487087147
Random,0.08588609334236708
Random,0.08994814714749566
Random,0.09405260369374463
Random,0.09861638043241307
Random,0.0955500442452859
Random,0.09835757165846341
Random,0.09230844128259243
Random,0.0867130949993727
Random,0.08745914984890153
Random,0.0902771939005144
Random,0.08679712558001046
Random,0.1027073789017881
Random,0.08956182028110504
Random,0.09964474710055053
Random,0.09764660455803191
Random,0.0913146790114278
Random,0.09378526578478368
Random,0.09259318706887143
Random,0.09795561676953923
Random,0.0969215978686293
Random,0.10322336168126373
Random,0.0970115411869017
Random,0.08717647483451667
Random,0.09341441368668767
Random,0.09278063929185974
Random,0.10187022130419147
Random,0.10121005517241123
Random,0.09842142366172386
Random,0.0985964253351407
Random,0.09865493045538187
Random,0.0935319567347932
Random,0.09948330800258987
Random,0.0984966869286315
Random,0.09812205776518586
Random,0.10007948539987883
Random,0.10157682391334312
Random,0.1002630628519417
Random,0.10083204863819617
Random,0.0954014715420186
Random,0.09968259656767486
Random,0.09416510059645113
Random,0.09944614419218094
Random,0.09963488414987863
Random,0.0999996878293198
Random,0.1013655580370359
Random,0.09611614888361923
Random,0.09750766487115924
Random,0.09503168154773313
Random,0.09811041654640461
Random,0.08943333560317986
Random,0.09267693148726626
Random,0.08618733684488687
Random,0.08683154250209667
Random,0.0869187955270263
Random,0.08696245598299866
Random,0.08712413925674883
Random,0.08697074489423073
Random,0.08707023240691093
Random,0.08694628680038836
Random,0.08710619089924876
Random,0.08689021288815013
Random,0.08676964827467276
Random,0.08674182628000437
Random,0.08688509754800104
Random,0.0866473754360489
Random,0.08681706850946114
Random,0.0869157946325932
Random,0.08677356605648373
Random,0.08675528570413367
Random,0.08676051722146383
Random,0.08639783070086555
Random,0.08649705286230376
Random,0.0863545632744831
Random,0.0870644964620908
Random,0.08648234016756835
Random,0.0873292766987485
Random,0.08700287719576731
Random,0.08679495249736154
Random,0.0872115015384954
Random,0.0872040297853971
Random,0.08684726469703226
Random,0.08660591047502919
Random,0.08720723340030169
Random,0.08688082406600962
Random,0.08712696134440513
Random,0.08635746940738424
Random,0.08671706396137796
Random,0.08668816132292534
Random,0.08675714908232617
Random,0.08656843015585024
Random,0.08723914928516287
Random,0.08655425514642917
Random,0.08626440166161349
Random,0.08696123536704191
Random,0.08683439006076789
Random,0.08677208326465784
Random,0.0871571510532713
Random,0.08720275812059697
Random,0.08694475661826573
Random,0.08656129473516216
Random,0.0868424904079082
Random,0.09898728882672003
Random,0.08569092404878137
Random,0.09418553365283344
Random,0.0923809563481086
Random,0.08578506250842582
Random,0.09911130724498207
Random,0.09136334019040741
Random,0.10147024541619014
Random,0.09625321030545327
Random,0.09149067569290516
Random,0.09840047194435897
Random,0.09423818016533876
Random,0.09209820459838149
Random,0.09637097555720686
Random,0.09246033946286047
Random,0.09303337328817916
Random,0.10071398522135645
Random,0.08611203557526416
Random,0.09153427401300952
Random,0.0896089126884713
Random,0.09163942151206562
Random,0.0998074770758232
Random,0.09682858594867128
Random,0.09054997944284081
Random,0.09100441621807437
Random,0.0877488637275642
Random,0.10193164266463837
Random,0.09720208363345743
Random,0.09579526310454393
Random,0.09531224057899597
Random,0.08548382387652491
Random,0.09175813066995886
Random,0.0883253129538038
Random,0.09763424814052729
Random,0.08673766698074793
Random,0.09738093367663224
Random,0.08782490314993176
Random,0.09384032414994674
Random,0.09348336486098674
Random,0.09094620506442651
Random,0.08588296327053986
Random,0.10041042319850628
Random,0.10048308488317541
Random,0.10108553991622671
Random,0.08545864981038657
Random,0.09068775217326673
Random,0.09450996420956413
Random,0.10252302938531933
Random,0.09369887786351683
Random,0.08975279361647874
Random,0.09070553832343363
Random,0.09941537343626312
Random,0.09778937322141701
Random,0.09620329427502362
Random,0.09717182258837433
Random,0.09570392187574346
Random,0.09933552756439211
Random,0.09068903751711349
Random,0.09841014715132228
Random,0.09543829162773913
Random,0.08827273590410793
Random,0.09605043611946466
Random,0.0957128662765759
Random,0.09202954280789773
Random,0.09203621065532747
Random,0.0910281716845418
Random,0.09535600754695393
Random,0.09589933206482233
Random,0.09090048673092589
Random,0.0960340120871687
Random,0.09718677552100509
Random,0.0913552482704792
Random,0.09861831430931527
Random,0.09102071149553599
Random,0.0991557520270779
Random,0.094120946372333
Random,0.09536736582519723
Random,0.09734790669794317
Random,0.09731408959102812
Random,0.09285136346433849
Random,0.09767869118733567
Random,0.08613546596862894
Random,0.0976146841865244
Random,0.09603812883602814
Random,0.09442520369191243
Random,0.09322312990536356
Random,0.0882590926284763
Random,0.0958728134992602
Random,0.0907516656153954
Random,0.1004210635093538
Random,0.09956475302350991
Random,0.09142853808693018
Random,0.08846114738185423
Random,0.09731370015794027
Random,0.09479442130761127
Random,0.09171179001424433
Random,0.0991738468046795
Random,0.0915269362533498
Random,0.0889689800340534
Random,0.0909835743525349
Random,0.09226946240182106
Random,0.08802323783658987
Random,0.09323209180191346
Random,0.0873858043214426
Random,0.08748210794595934
Random,0.0951515086918988
Random,0.0923014552312651
Random,0.09219442446054414
Random,0.09805833891737353
Random,0.08735106489803
Random,0.09129809219596059
Random,0.1007084647095174
Random,0.09285253475899442
Random,0.09767831099069703
Random,0.09896250932690974
Random,0.09948087621998049
Random,0.09034368863718593
Random,0.09698819596894263
Random,0.09017390913399008
Random,0.09618599893212355
Random,0.08846364991884076
Random,0.09127233103955253
Random,0.095355318772467
Random,0.08950673969126889
Random,0.09628892379300187
Random,0.08767038138628891
Random,0.09458709228906059
Random,0.10043849217813279
Random,0.08967777120739127
Random,0.08906470117577213
Random,0.09262165830916064
Random,0.09403457060821076
Random,0.0968262693232873
Random,0.09849548548605468
Random,0.0930645492208839
Random,0.08974429829648044
Random,0.09662558758459737
Random,0.0957137327579242
Random,0.09552150261628846
Random,0.09343093969503967
Random,0.09804815771447294
Random,0.09017890692179263
Random,0.100073211154708
Random,0.09438590645035087
Random,0.09942669179600233
Random,0.08755159182532661
Random,0.09208464806240595
Random,0.09651286580532786
Random,0.08990709232204114
Random,0.0895844038388039
Random,0.09279449996490996
Random,0.09243184570487036
Random,0.09349788237382484
Random,0.09371356419274927
Random,0.08976760374214621
Random,0.08896141971931587
Random,0.09398128966789916
Random,0.09515097863084064
Random,0.0924685378218252
Random,0.09460571837306493
Random,0.09515366667989629
Random,0.09137699621455415
Random,0.093816744388936
Random,0.09405962240688837
Random,0.09008938901245263
Random,0.09189421384728763
Random,0.089551839862357
Random,0.09401118037913153
Random,0.09337859689497917
Random,0.09139806674627947
Random,0.09572627131850216
Random,0.09476678257995273
Random,0.08802480537112463
Random,0.08669554253962036
Random,0.09253346957706772
Random,0.09451680194976574
Random,0.0941051001481128
Random,0.09502275813334883
Random,0.08982922223101276
Random,0.09453032218971201
Random,0.09494642825112957
Random,0.09383979464997573
Random,0.09569239918978194
Random,0.0934153956094216
Random,0.09368716755402316
Random,0.0944621897136244
Random,0.09210107354951447
Random,0.09454452196715596
Random,0.09256762463711726
Random,0.08955946566332311
Random,0.09386804010297094
Random,0.08938214909075744
Random,0.09410506600489536
Random,0.09225741339977371
Random,0.0895796985626447
Random,0.09525096627106204
Random,0.0949494964238653
Random,0.08590887519312673
Random,0.09022304651179523
Random,0.0930337927027125
Random,0.08634477864823964
Random,0.0945606189808122
Random,0.09134159667644799
Random,0.09572008120715243
Random,0.08976212932945297
Random,0.09396821172155019
Random,0.08900725205882999
Random,0.09421300592899702
Random,0.08735765573528907
Random,0.0941060821522086
Random,0.09498818476699
Random,0.09588975443298864
Random,0.08716198219003957
Random,0.09404186778826328
Random,0.08757901614246083
Random,0.09572337470673631
Random,0.09458901983895866
Random,0.09192967560040206
Random,0.09719827031839164
Random,0.09217590899580347
Random,0.0862045326861202
Random,0.08812933597585487
Random,0.09404129940450427
Random,0.08957208127094417
Random,0.0896944970507339
Random,0.0937069601231902
Random,0.09524835643561858
Random,0.09420680029521121
Random,0.09343852012250882
Random,0.09485742078634017
Random,0.09159077537580153
Random,0.09381332885713313
Random,0.0942130683030958
Random,0.09105482105449407
Random,0.09304974810514939
Random,0.09460100256513233
Random,0.08526137296355309
Random,0.09415851598680074
Random,0.09405165083717766
Random,0.0960105200973705
Random,0.09257785494915062
Random,0.09534610519188884
Random,0.09479684506831156
Random,0.09530139997165082
Random,0.08864306997701493
Random,0.09289725470014787
Random,0.09587363363120953
Random,0.09532182602875137
Random,0.08762714699146557
Random,0.09459005649320316
Random,0.0929165103697424
Random,0.09020504346275023
Random,0.09392405825162577
Random,0.09249801832390382
Random,0.09226091496779056
Random,0.0928126822183799
Random,0.08649850067650296
Random,0.0918448041056526
Random,0.09150505741408684
Random,0.09295937387445953
Random,0.09144866718865309
Random,0.0912809873596482
Random,0.0884694490031895
Random,0.08973310306292603
Random,0.09255126990289853
Random,0.0876530294342075
Random,0.08833852962557387
Random,0.09249301440720593
Random,0.09215308972032214
Random,0.0930720803223058
Random,0.09360649462282804
Random,0.09390140035265897
Random,0.09291844311247623
Random,0.0890574557041172
Random,0.08690317149894611
Random,0.08887681660973594
Random,0.08474734181726261
Random,0.09327549277165777
Random,0.08232404739026813
Random,0.08768969031880164
Random,0.09273498811014726
Random,0.0910115473374399
Random,0.08748944850458902
Random,0.09163539199996269
Random,0.09146676250869727
Random,0.08721936501634768
Random,0.0937914425034118
Random,0.08674489295779607
Random,0.09081181541186346
Random,0.08824406107509236
Random,0.09190617700913606
Random,0.09164218039662823
Random,0.09230822796606236
Random,0.08466508260830587
Random,0.09010552405455503
Random,0.0933913171866531
Random,0.08846193901845346
Random,0.09360596069159989
Random,0.09248283123247347
Random,0.09329087278566323
Random,0.09192233425153044
Random,0.0855722490595241
Random,0.08261956593033894
Random,0.08446791004638023
Random,0.08479318384733382
Random,0.08515533095208146
Random,0.08394468493047214
Random,0.0852048029173839
Random,0.08390584955059427
Random,0.0835114962811853
Random,0.08650948674746434
Random,0.08441299619275827
Random,0.08558625501987648
Random,0.08402609546551314
Random,0.08519846614029801
Random,0.08423843702612523
Random,0.08446985293339537
Random,0.0875741336300848
Random,0.08469441477880933
Random,0.08604144794335866
Random,0.08427077668426837
Random,0.0839271976651048
Random,0.08454875330461674
Random,0.0851552313557941
Random,0.08401107987011851
Random,0.0851239603392268
Random,0.086417141356416
Random,0.0844633704877727
Random,0.0840911174565709
Random,0.0859801495334551
Random,0.08527550713558678
Random,0.0858140488979965
Random,0.0847792307042662
Random,0.08551001362864002
Random,0.08470046001520376
Random,0.08451422686224909
Random,0.08411860860894173
Random,0.08610435390025373
Random,0.0857165677236556
Random,0.08487909083288514
Random,0.0872334979344392
Random,0.08443162731584643
Random,0.08528724369549913
Random,0.0859790444867959
Random,0.08384183669159027
Random,0.08323343171907993
Random,0.08559522285366937
Random,0.08311570150534917
Random,0.08512439334981063
Random,0.08479984720390614
Random,0.08490042144491383
Random,0.09158804028074978
Random,0.09075750225333934
Random,0.0939222132095902
Random,0.08637111210524513
Random,0.09275468437246083
Random,0.0914916011260421
Random,0.08206673413847906
Random,0.09364583220275809
Random,0.08633739366712706
Random,0.09017401650233599
Random,0.09141476918103801
Random,0.0901325064518327
Random,0.08772928596215952
Random,0.09047170454205873
Random,0.09167443360810996
Random,0.0910896600298514
Random,0.09232481750025556
Random,0.08991180349701246
Random,0.09450313885722512
Random,0.09177168350197461
Random,0.08819045298420747
Random,0.08722043569537637
Random,0.09135820361329176
Random,0.08770163441391787
Random,0.08709600689908824
Random,0.08894958578166266
Random,0.0883094182401815
Random,0.08914379257694331
Random,0.09278370154197546
Random,0.08549241841197859
Random,0.09420492670336954
Random,0.09182354810395547
Random,0.08990267441742122
Random,0.09162531691126218
Random,0.089240613738743
Random,0.09273772821466743
Random,0.09248747984500956
Random,0.0922471836382357
Random,0.08985350373933443
Random,0.09175146755041413
Random,0.0910913725328489
Random,0.09248810848149937
Random,0.09165641446763573
Random,0.08707741121834069
Random,0.0863878126171471
Random,0.08933973952871099
Random,0.09369735872372566
Random,0.0931040572379942
Random,0.08660581807019696
Random,0.09164699603087456
Random,0.08353945250530141
Random,0.089728893289949
Random,0.09104795119090643
Random,0.08738913991148439
Random,0.09071901275584081
Random,0.08639934787841713
Random,0.0908033665380543
Random,0.08952413199108376
Random,0.08653509875070141
Random,0.08903939735813064
Random,0.0896615666614527
Random,0.08951491654289136
Random,0.088453712999519
Random,0.08965577531065112
Random,0.08558401815031876
Random,0.0917170566488939
Random,0.08761256121260884
Random,0.0858006740185715
Random,0.08471225386378477
Random,0.0856826882221971
Random,0.08652036295314264
Random,0.08534328675951976
Random,0.09268362270085123
Random,0.09071195144321582
Random,0.08680074774096623
Random,0.09110200457764013
Random,0.0885582708608202
Random,0.09188157506851267
Random,0.08177986022530583
Random,0.0901164363927478
Random,0.08662145709822745
Random,0.09137350867422356
Random,0.09106120963339491
Random,0.09010232463570844
Random,0.0850173421574567
Random,0.08407898286584249
Random,0.0898337581450145
Random,0.08942544800148274
Random,0.08497322890566276
Random,0.08263134415432677
Random,0.09050851823398413
Random,0.08615686531091643
Random,0.09091237054927603
Random,0.08970608972220855
Random,0.08466394026344896
Random,0.09009081724031393
Random,0.08860958373948334
Random,0.0920040705828266
Random,0.0888561424859849
Random,0.0846968930751899
Random,0.08493628393511206
Random,0.08729802141359262
Random,0.0834504727368568
Random,0.0831228614387953
Random,0.0840043064812903
Random,0.08364343619482877
Random,0.08467617462557087
Random,0.08641216402717096
Random,0.08312975522034567
Random,0.08444043985575433
Random,0.0831354177245629
Random,0.0812957495613394
Random,0.08294163556909002
Random,0.08500664887923409
Random,0.08525162952543987
Random,0.08431173125187284
Random,0.08178479634789444
Random,0.08068654060858194
Random,0.08315313790432789
Random,0.08375989998929846
Random,0.08426528913864689
Random,0.0848034986898985
Random,0.08445648792577741
Random,0.08436449597167929
Random,0.08774328427610573
Random,0.0878089029236359
Random,0.08371468689435346
Random,0.0822200042747217
Random,0.08707440351807823
Random,0.08388410248543227
Random,0.0852758089490398
Random,0.08556342931995194
Random,0.08695923778031063
Random,0.08403476678552124
Random,0.08327113894933784
Random,0.08193494727269977
Random,0.08538629601834201
Random,0.08463949326951574
Random,0.08416803971426627
Random,0.08288244118260003
Random,0.0858461145942518
Random,0.0853120939377921
Random,0.0867604691835358
Random,0.0835061682843161
Random,0.0855647601612759
Random,0.08235167545720874
Random,0.08338578487927843
Random,0.08665600890798447
Random,0.0850304175873333
Random,0.0835262262984931
Random,0.09084872109261254
Random,0.08963852487177347
Random,0.08443464640653058
Random,0.09150795359677487
Random,0.08947372887841709
Random,0.09033194783582606
Random,0.08621835397078807
Random,0.081607002779459
Random,0.0847968321784928
Random,0.08916025449828167
Random,0.08728088483436143
Random,0.09180079523320234
Random,0.08783529892360774
Random,0.08269875838448114
Random,0.09109989606802077
Random,0.09016721040744356
Random,0.084743944075304
Random,0.08599679472348497
Random,0.08400391480036735
Random,0.09013372695337786
Random,0.08684950095910438
Random,0.08591035666658324
Random,0.08411905482185487
Random,0.08935816577041084
Random,0.09043550482176481
Random,0.09067290335224243
Random,0.08832435845363307
Random,0.08982321234689056
Random,0.08538613453346973
Random,0.08612337033936511
Random,0.08967722516293956
Random,0.08376233310513233
Random,0.08440337716407953
Random,0.09134810090233714
Random,0.08283283084078617
Random,0.09057870875822971
Random,0.08812272986610026
Random,0.08553951146955778
Random,0.08527714761336351
Random,0.08974071948289956
Random,0.08936053670775361
Random,0.08423478478134899
Random,0.09168676402803062
Random,0.08454886736194567
Random,0.08441996675797724
Random,0.08391906430181467
Random,0.09092731049726883
Random,0.0916777767619455
Random,0.08544847203817578
Random,0.0890098373548464
Random,0.09412834655282508
Random,0.0871336889883878
Random,0.10211012822628618
Random,0.096011342176336
Random,0.0916520319503995
Random,0.10407760490198825
Random,0.1041807100343135
Random,0.09904327868620655
Random,0.09296020738720755
Random,0.10078386867412092
Random,0.10440122249700322
Random,0.10538916903498217
Random,0.09755770274494323
Random,0.09309488627578233
Random,0.1055758801002966
Random,0.09934455667332642
Random,0.0985094127011017
Random,0.10462687237355082
Random,0.10460620114962893
Random,0.09945799692703615
Random,0.10519295555276285
Random,0.0999920943028023
Random,0.09268531838217342
Random,0.09946037658954054
Random,0.10255569202530877
Random,0.10172608321488852
Random,0.1013947437095446
Random,0.08537304743760997
Random,0.09998854087045927
Random,0.1003658757039858
Random,0.09419552648577323
Random,0.10240097156347615
Random,0.10463604727661036
Random,0.09814261883195385
Random,0.09384599700030448
Random,0.08727045163809065
Random,0.10407835700577905
Random,0.10355843971374767
Random,0.09777075747585327
Random,0.10253866053740522
Random,0.0978373479254202
Random,0.1060152000521164
Random,0.0959673553150786
Random,0.09117368488393394
Random,0.10245215351502067
Random,0.09706203179436555
Random,0.08092131282722193
Random,0.0833075241040504
Random,0.10367288170292
Random,0.09853080257911273
Random,0.10175983310554315
Random,0.07889438927516322
Random,0.1019905222696238
Random,0.0802116354858242
Random,0.081421298495421
Random,0.0844285307545043
Random,0.09955647238111708
Random,0.08553132651440976
Random,0.0815222924448875
Random,0.10244770424025518
Random,0.0988465442626527
Random,0.07862132194847148
Random,0.1021654678042978
Random,0.10477395450042337
Random,0.0958380495050335
Random,0.08450340221718378
Random,0.07685227323519682
Random,0.08426789434117765
Random,0.1034249786279382
Random,0.10038634664808298
Random,0.1041419538720767
Random,0.10462534120529197
Random,0.10489803717040047
Random,0.08211186246535718
Random,0.08310891868055137
Random,0.0821874971616836
Random,0.0793409678649759
Random,0.08449072391685775
Random,0.0788413816528859
Random,0.10395222669019688
Random,0.10402547950983275
Random,0.1042856969686774
Random,0.08440622488652137
Random,0.08142962976573287
Random,0.08321425445178575
Random,0.09784234021690352
Random,0.08205326386800847
Random,0.0817468951213094
Random,0.1005768107606677
Random,0.09740068554644665
Random,0.0873657136927477
Random,0.0828411692234816
Random,0.1013793906946283
Random,0.104023400455457
Random,0.07872608801167758
Random,0.08953239718251993
Random,0.10319051093022935
Random,0.08414018796545975
Random,0.10037556095385013
Random,0.09073995465501028
Random,0.0947513564942568
Random,0.08912271404028616
Random,0.08109312593208172
Random,0.10099050582308777
Random,0.0915066900622108
Random,0.099528677708566
Random,0.09117628216884555
Random,0.10098115230620408
Random,0.09922135183043677
Random,0.09562910995297358
Random,0.10363700231834015
Random,0.10231983857654825
Random,0.09597680522420403
Random,0.09568679274689983
Random,0.09860501026067325
Random,0.09446683715600555
Random,0.102321078628254
Random,0.10014482026894456
Random,0.1007652860366015
Random,0.09793359062577878
Random,0.08503563969826188
Random,0.0998300417961495
Random,0.09138055764320185
Random,0.0987785241915553
Random,0.09555258943093035
Random,0.09628561756528597
Random,0.1043280915511815
Random,0.08972995058827493
Random,0.1020459562979532
Random,0.09587507574686782
Random,0.10013867384492413
Random,0.0887026181850885
Random,0.0919787748830032
Random,0.0981698938869293
Random,0.09937436935553733
Random,0.09836691862252067
Random,0.0958871665970733
Random,0.08563741176224937
Random,0.10174035391675673
Random,0.10101280773242392
Random,0.1019302125666961
Random,0.08689933044842135
Random,0.0955857946683274
Random,0.10060589089612647
Random,0.1010312517524703
Random,0.08865561537598765
Random,0.09660087536989435
Random,0.09945834808619125
Random,0.10231495379369092
Random,0.10243546322886843
Random,0.08055519821678203
Random,0.08191489687252584
Random,0.10131157675300173
Random,0.0961769486856454
Random,0.09830026100311427
Random,0.09861022194429835
Random,0.0967796076944225
Random,0.10139983166832778
Random,0.08912719100707632
Random,0.0823794487195002
Random,0.0810626498778113
Random,0.08732627328688734
Random,0.10046997060958772
Random,0.10220282057006712
Random,0.09923721354400072
Random,0.10290683256684117
Random,0.10207106046749102
Random,0.10026864944726555
Random,0.08514326769564562
Random,0.10123223592704278
Random,0.08059267660627965
Random,0.10235077734091645
Random,0.0982681626853541
Random,0.10247601628433856
Random,0.08956353296828823
Random,0.08307141566000452
Random,0.0900744538429059
Random,0.0827869249611588
Random,0.10083860778680175
Random,0.1019634441625179
Random,0.09999955788404336
Random,0.10130202432105405
Random,0.09159802801812232
Random,0.08051938280651072
Random,0.1017175351923214
Random,0.0961325727079476
Random,0.0979967839318796
Random,0.10063717076312527
Random,0.0821972154057704
Random,0.10387216383417908
Random,0.08469240992632265
Random,0.0884732376880244
Random,0.10107843938676098
Random,0.09784839399529588
Random,0.08675112811080155
Random,0.0872137460543243
Random,0.09958087879313025
Random,0.08739263776921645
Random,0.0837387176045432
Random,0.08335109357915015
Random,0.09702576402803585
Random,0.0983076145672328
Random,0.09851680644703364
Random,0.10183473034656743
Random,0.09338227563650392
Random,0.09790693529866346
Random,0.09979916222338403
Random,0.0973351535438205
Random,0.09621571797113047
Random,0.0948404250182122
Random,0.0880012744209715
Random,0.09504762185267167
Random,0.09846790189435595
Random,0.09809719083787982
Random,0.09879586894533787
Random,0.1000284767759325
Random,0.0966698459421984
Random,0.0941852745411218
Random,0.10048421542353835
Random,0.08988210125409778
Random,0.09814915506917643
Random,0.09738145652905315
Random,0.09904786690312405
Random,0.09744281288946866
Random,0.0902730622551644
Random,0.09789633802407847
Random,0.09944333730797793
Random,0.09675901983198898
Random,0.10063182637145117
Random,0.08782634558387414
Random,0.0961201607738502
Random,0.09583196551848515
Random,0.09681825137640843
Random,0.09368280217617553
Random,0.0983366122124032
Random,0.08985871837672832
Random,0.100979942508566
Random,0.1001163340915241
Random,0.0992828298681836
Random,0.09840834300231548
Random,0.08931146002883494
Random,0.0978112365528183
Random,0.1008897942678395
Random,0.09899028244656805
Random,0.09469621970036002
Random,0.09918824790348778
Random,0.09976480490975702
Random,0.09405822845931056
Random,0.0919742392973326
Random,0.0971356061589006
Random,0.09980110991938318
Random,0.09812044277055065
Random,0.09073632307999445
Random,0.09714234069402038
Random,0.09703372872015235
Random,0.09204226729620045
Random,0.09837442767400617
Random,0.10051082109262666
Random,0.09789279973971432
Random,0.09488894140530135
Random,0.09671717936202028
Random,0.09738673096780558
Random,0.0902354964615668
Random,0.10224737976588115
Random,0.09941462527006095
Random,0.09658174357673842
Random,0.08999134821472765
Random,0.08793424551777917
Random,0.0933225165747551
Random,0.08740851910028268
Random,0.09344276040205557
Random,0.09420027919032847
Random,0.09718715723867888
Random,0.09708459620262742
Random,0.09548301012835125
Random,0.09988119705164777
Random,0.0996468452786594
Random,0.08960100566664407
Random,0.08568362729569755
Random,0.09486577393778715
Random,0.095974054399111
Random,0.08881352554124787
Random,0.09616671350001127
Random,0.09462582077236803
Random,0.09512314051592695
Random,0.09081666178957447
Random,0.09163352592354455
Random,0.08604929313584363
Random,0.08913161579153694
Random,0.09339114118625957
Random,0.08722965592385633
Random,0.09981289848796138
Random,0.09603341876611537
Random,0.09365928499971687
Random,0.09763452035809905
Random,0.09423065206274117
Random,0.08576339285217215
Random,0.09477418453394648
Random,0.0983094383735903
Random,0.09834873259777765
Random,0.09782786827503287
Random,0.09513344395587707
Random,0.095848677266531
Random,0.08801061034380098
Random,0.08764654249211645
Random,0.09358228464584782
Random,0.09640060023978947
Random,0.09626076624480005
Random,0.09335170536501634
Random,0.09342743487320603
Random,0.0976283477573112
Random,0.09561360089563563
Random,0.0933527328271495
Random,0.09452620562926838
Random,0.0962369423745244
Random,0.09512815322847246
Random,0.09559475584649135
Random,0.09657630396024786
Random,0.09535997085184532
Random,0.09477803677961205
Random,0.0960923666399296
Random,0.09261401765571264
Random,0.09573909211686525
Random,0.09679466284731575
Random,0.09192614223725926
Random,0.0926594430591514
Random,0.09970403002616378
Random,0.08542606660835615
Random,0.0948701573687387
Random,0.08954083312460526
Random,0.09108303028125064
Random,0.09757574309353954
Random,0.09547766946087677
Random,0.09153181326133718
Random,0.09496793109144973
Random,0.09328344689022572
Random,0.09553574021117937
Random,0.097468891044457
Random,0.09668966922571798
Random,0.09759361808098532
Random,0.09320123709460047
Random,0.08934615649377164
Random,0.09411438944221827
Random,0.09274175706054777
Random,0.09382885113289773
Random,0.0921858346652371
Random,0.09769061343970975
Random,0.09548783364664715
Random,0.0966883819343245
Random,0.09522207270817873
Random,0.0948504064003437
Random,0.08536825938752557
Random,0.09770847436011465
Random,0.09174460375838223
Random,0.0984105274409721
Random,0.09585905983482235
Random,0.09659769216624525
Random,0.09194952836342195
Random,0.08722815150149542
Random,0.08836956015162654
Random,0.09671006138798077
Random,0.0962599239386499
Random,0.0928931855909667
Random,0.0960548096431566
Random,0.09204014116425085
Random,0.08739371699133612
Random,0.09636839242908478
Random,0.09543627210153716
Random,0.09535645000025282
Random,0.09143655602906264
Random,0.09495272795737363
Random,0.09122261421686062
Random,0.09299099071943218
Random,0.09120151401924302
Random,0.09618933103095627
Random,0.0868239710115084
Random,0.09326056019435924
Random,0.0922197475608435
Random,0.09407193247711375
Random,0.09583400341630365
Random,0.09205566732003945
Random,0.0878632933772323
Random,0.0945149362202784
Random,0.09700126510046303
Random,0.0967599368544647
Random,0.08791858495511205
Random,0.0913858192046213
Random,0.09732498913980335
Random,0.09187077475478843
Random,0.08991992322883036
Random,0.08547333944969893
Random,0.09593077981017828
Random,0.09146231532936965
Random,0.09269237385652218
Random,0.08729890173064447
Random,0.08376252273537688
Random,0.094814189527888
Random,0.09706448074033247
Random,0.08884205348089935
Random,0.09226561092815898
Random,0.09160115371947697
Random,0.09457637951427955
Random,0.0890121408173492
Random,0.09316204167179265
Random,0.093156343058169
Random,0.0955318236539817
Random,0.09165439121099082
Random,0.08654295387917442
Random,0.08812153507677678
Random,0.0894009756245424
Random,0.0933770115701158
Random,0.09276973362961627
Random,0.09139870020790042
Random,0.09232947411264547
Random,0.08950839239345497
Random,0.09264631830258452
Random,0.09124048830642195
Random,0.09405397635505608
Random,0.0923658581131086
Random,0.09379122166708243
Random,0.08470599800570255
Random,0.0927213649724763
Random,0.09378442123192343
Random,0.09332602415383917
Random,0.09270178406210405
Random,0.089873796241136
Random,0.095579649494411
Random,0.09248505631876112
Random,0.09361080192473635
Random,0.0925319589074256
Random,0.0880778054811131
Random,0.09305632859758005
Random,0.09402540640976298
Random,0.09523690907379034
Random,0.09089406571387924
Random,0.0938807455187387
Random,0.09584780368198763
Random,0.09555073616500565
Random,0.09039316110014538
Random,0.08949452573718375
Random,0.09595516519286917
Random,0.09529441772026102
Random,0.09595171793485235
Random,0.09035709251478607
Random,0.08646164149774192
Random,0.08931683254819943
Random,0.0946110419836863
Random,0.09128274224815412
Random,0.09383569445493123
Random,0.09404544233979804
Random,0.08934200140482673
Random,0.09155174677832532
Random,0.09212275805544222
Random,0.09593566106011407
Random,0.0944281900258126
Random,0.09239307555260012
Random,0.09046151814319357
Random,0.0880392478574734
Random,0.0926486847553427
Random,0.0892095545914202
Random,0.09351982756252042
Random,0.09399316172971338
Random,0.09024156088440805
Random,0.09402824434766542
Random,0.0900262271796457
Random,0.09349191536416512
Random,0.09401206426864304
Random,0.0903229701848005
Random,0.09541011338987815
Random,0.0945689574039683
Random,0.0955743887703484
Random,0.09116592167653792
Random,0.09283014712598002
Random,0.08549453001217343
Random,0.0896886347450163
Random,0.09071021023284942
Random,0.08303095321574715
Random,0.0916579300211282
Random,0.08644073135114992
Random,0.08494402364824437
Random,0.09332772716513205
Random,0.09300565566320172
Random,0.0924423312877849
Random,0.0935837518097422
Random,0.0847418004494571
Random,0.0942030189621903
Random,0.09137177991927457
Random,0.09717483629248845
Random,0.09073717646889178
Random,0.08924331049463773
Random,0.0812480529780437
Random,0.09127469565790135
Random,0.09025941015766747
Random,0.09401522907110405
Random,0.0944639721846343
Random,0.0922615110809133
Random,0.09356513283261947
Random,0.08919796721790263
Random,0.09462676599213893
Random,0.092844709750036
Random,0.0927406103360191
Random,0.0878375737375343
Random,0.09130279883302705
Random,0.09079170858139562
Random,0.0877316657094589
Random,0.0911034279879601
Random,0.0880026346884577
Random,0.08972295213121483
Random,0.08863924483304685
Random,0.0913486189977135
Random,0.08707425058756968
Random,0.087666497831691
Random,0.0915279255961927
Random,0.08852617876256018
Random,0.08787743811068792
Random,0.08828380224897713
Random,0.08899086636398933
Random,0.08841105931945137
Random,0.08902084574556922
Random,0.08985699868970798
Random,0.09322939002373687
Random,0.0899099276801607
Random,0.09126554475466263
Random,0.0891016839774963
Random,0.0894626311707256
Random,0.090065222898847
Random,0.09225896621478212
Random,0.08900385826829903
Random,0.09167720757590912
Random,0.0866512275451008
Random,0.08787679365616086
Random,0.08703488359711642
Random,0.08989673412465392
Random,0.08699731452426462
Random,0.08860880250064795
Random,0.09245338848760197
Random,0.0915595893183152
Random,0.0880237186438464
Random,0.0884492398963026
Random,0.08713834107342322
Random,0.09231136006678398
Random,0.09353522705258398
Random,0.0897845948583793
Random,0.0893055624665635
Random,0.08850622077849835
Random,0.08600337441789563
Random,0.08878929410688485
Random,0.08847018444568278
Random,0.08749511481041237
Random,0.08990787408424337
Random,0.08996124906818535
Random,0.0833576383732435
Random,0.08239334420355603
Random,0.0912339553689243
Random,0.08736784325021317
Random,0.0896666760754421
Random,0.08947003137880215
Random,0.0900479860021548
Random,0.09236866521098717
Random,0.0849198773561639
Random,0.08948086379773555
Random,0.08912561951909835
Random,0.0830470633562328
Random,0.09065085347913282
Random,0.09032926364994864
Random,0.08827952150386408
Random,0.08800537303024568
Random,0.09260656334308592
Random,0.0885835613388508
Random,0.0912441383505218
Random,0.08920487003085498
Random,0.09141739200098797
Random,0.08697093422151525
Random,0.09012878862153782
Random,0.07850585408751343
Random,0.0862992392787909
Random,0.09258061743996747
Random,0.0922650559180873
Random,0.089322676310136
Random,0.08926186424297455
Random,0.09351318964300147
Random,0.09129270540832478
Random,0.08720925743883255
Random,0.08947939761705115
Random,0.08951330813104262
Random,0.0865111109954988
Random,0.0895323063783877
Random,0.08862875216023625
Random,0.08417576618454348
Random,0.08578305946146257
Random,0.08818371431216575
Random,0.0884747225148743
Random,0.09172191514788608
Random,0.08864263951741334
Random,0.0803512924856875
Random,0.08895405556191704
Random,0.08343118257664273
Random,0.08852826074436493
Random,0.08865604939137837
Random,0.09251095386401785
Random,0.08930952476073628
Random,0.0837482888500176
Random,0.0894989790760725
Random,0.09009116352843093
Random,0.08581304904889107
Random,0.08983908114493387
Random,0.09034301478335748
Random,0.08681238675753633
Random,0.08991822742512667
Random,0.08470541778192242
Random,0.0867520133888071
Random,0.08679089196131072
Random,0.08604627995888592
Random,0.08542012985881085
Random,0.08505264935690347
Random,0.08630591019351284
Random,0.090119870182491
Random,0.0903943833376175
Random,0.08308350199046897
Random,0.0880685207880809
Random,0.0886198131132545
Random,0.08373953864825268
Random,0.08631932734899195
Random,0.0898057624424311
Random,0.0901495862561461
Random,0.08656453422044663
Random,0.08647178634787167
Random,0.08569637035641975
Random,0.08694426754536265
Random,0.08639015691533203
Random,0.08765242683045925
Random,0.08614575605900397
Random,0.08729814816087965
Random,0.0849294878233664
Random,0.09134151918603806
Random,0.08988791217070613
Random,0.08931826189700587
Random,0.087547514377178
Random,0.08814805127902048
Random,0.09090656233462367
Random,0.08932221484464264
Random,0.08905870502308487
Random,0.08717081362739165
Random,0.0868487695153277
Random,0.0900001441298457
Random,0.0883980780293463
Random,0.08922074698456227
Random,0.08595480581654512
Random,0.0841411674799275
Random,0.08796374559114638
Random,0.0862530987619614
Random,0.08736038541271895
Random,0.08890717478667652
Random,0.08751381196126927
Random,0.09069972040573047
Random,0.0867788783383716
Random,0.08142922094231153
Random,0.08512211448256223
Random,0.08624915577278358
Random,0.08751033415583365
Random,0.08472451873460685
Random,0.08757256401710123
Random,0.08521191351660917
Random,0.0867615002429396
Random,0.0858398063947483
Random,0.0860635442531219
Random,0.08524040880034532
Random,0.0857366777083719
Random,0.08546965021218254
Random,0.0908719873186783
Random,0.0846249741829581
Random,0.08801850704038827
Random,0.0864291091024718
Random,0.0879844225294306
Random,0.08681446110370672
Random,0.08618017333239435
Random,0.08412501117390647
Random,0.08733581485499897
Random,0.08595650783190578
Random,0.08684932399902222
Random,0.08657978252585607
Random,0.0852782001368979
Random,0.09023495029927275
Random,0.08537579715385844
Random,0.08629089609303263
Random,0.08712071334189984
Random,0.08720014155117538
Random,0.08690293863831755
Random,0.08979793438665595
Random,0.0885510281215005
Random,0.0862029263534545
Random,0.0857922331238079
Random,0.08753641607796325
Random,0.08595833830982967
Random,0.09088255910995358
Random,0.0878928128302583
Random,0.0840362629700344
Random,0.0811574639272763
Random,0.0861260121703431
Random,0.08417282163776107
Random,0.10090053917193131
Random,0.08853632153190176
Random,0.0969650968602707
Random,0.10419289702060723
Random,0.0996609116624512
Random,0.08721629954941078
Random,0.1010053092860943
Random,0.10081285025398756
Random,0.09167695004149153
Random,0.09697720120230711
Random,0.10092487232119254
Random,0.10236339803497288
Random,0.10203471957550789
Random,0.10257558095046307
Random,0.09730525178062806
Random,0.09102818484893191
Random,0.10154773472968656
Random,0.09838865152840129
Random,0.10431441440418894
Random,0.07800532973082283
Random,0.10199202632609286
Random,0.10475149668605184
Random,0.10342532006733336
Random,0.09322438743592726
Random,0.10492066986212478
Random,0.0956586529165662
Random,0.10089219441795763
Random,0.09854889061545861
Random,0.10320680981782289
Random,0.10259849486202484
Random,0.08221085204590678
Random,0.09731819059523446
Random,0.10330517488279156
Random,0.1034439850915021
Random,0.10371795515857798
Random,0.09040598545855685
Random,0.09928000511427229
Random,0.09709711458201867
Random,0.10434281890510419
Random,0.10154342569037453
Random,0.10534596493527601
Random,0.08909177549844285
Random,0.08986896031975958
Random,0.10529076952138042
Random,0.08318272496045723
Random,0.09589343207309184
Random,0.08360268688982728
Random,0.10562435727096897
Random,0.1025195465027707
Random,0.10311568013840997
Random,0.0756619925417823
Random,0.07696993177472392
Random,0.07606811750293048
Random,0.0773181857545751
Random,0.08293128796216535
Random,0.07738771972587982
Random,0.07778247417155626
Random,0.07823269246293876
Random,0.07619032115350706
Random,0.0769571793685401
Random,0.0769882172649602
Random,0.0839707007177509
Random,0.08118921415504872
Random,0.07798849854053458
Random,0.07663934478751172
Random,0.07701976996503106
Random,0.08263398292652367
Random,0.0736884877832523
Random,0.07577075418342076
Random,0.08058828564313955
Random,0.08380770870979007
Random,0.07849787720780625
Random,0.0804617320440144
Random,0.0732993405211971
Random,0.07257919358533228
Random,0.07456279640004197
Random,0.08240566922756898
Random,0.07918843018800033
Random,0.07660477468223517
Random,0.07811336623805686
Random,0.07552150997601642
Random,0.08121595992122081
Random,0.0759351217688021
Random,0.08013434598420303
Random,0.07931205806485195
Random,0.07659287354137234
Random,0.08160514053783458
Random,0.08163704530644224
Random,0.07666258313268201
Random,0.07801628614264472
Random,0.08437507247629697
Random,0.07701741175218899
Random,0.07739669554604803
Random,0.07703550018761972
Random,0.07679346670851431
Random,0.08198213723757988
Random,0.07744039352623132
Random,0.07579923546796294
Random,0.07965824844483506
Random,0.07682283993370617
Random,0.09854836604117452
Random,0.10556436737613809
Random,0.10309516949420469
Random,0.08648064624108825
Random,0.09493838640785837
Random,0.07998400990972242
Random,0.07727002215092682
Random,0.08057159437246923
Random,0.09824482979567221
Random,0.08025421360537166
Random,0.09128162562519718
Random,0.08561359431053575
Random,0.08484087972775
Random,0.10518806483834169
Random,0.08074651479734314
Random,0.09011318462133885
Random,0.10385298252754183
Random,0.08226830824979174
Random,0.10446471146574936
Random,0.09972027861844877
Random,0.10271378018025815
Random,0.10534703414532202
Random,0.08677622354930462
Random,0.08350036458638498
Random,0.08629623396898581
Random,0.10136073039778352
Random,0.10111270644403873
Random,0.08443043363959077
Random,0.0809205920706404
Random,0.09872854496789216
Random,0.10015763589923096
Random,0.09367589773344775
Random,0.0811704532541853
Random,0.07871064348961454
Random,0.094586072708492
Random,0.08950098910685825
Random,0.08147736300483928
Random,0.10270791633670058
Random,0.09645255401121347
Random,0.10176689149289472
Random,0.07677863251983295
Random,0.07986910279196024
Random,0.09501941382900723
Random,0.07604976016890533
Random,0.08916593375878959
Random,0.1031877019023824
Random,0.08055068342702895
Random,0.08052831998251406
Random,0.08048191887958181
Random,0.08246640969002497
Random,0.10297658998976829
Random,0.0982007365969281
Random,0.10206010843904209
Random,0.09684766302965214
Random,0.0963223580853537
Random,0.09411352825781591
Random,0.08846424793722178
Random,0.10199803287038947
Random,0.10138400103676304
Random,0.09766174194899406
Random,0.09979768753435678
Random,0.09889965135373587
Random,0.09976074500133904
Random,0.08992467155629526
Random,0.09443067295885044
Random,0.09570567738632008
Random,0.09083779473633627
Random,0.09790524634686903
Random,0.09423577421390802
Random,0.10282250568273525
Random,0.09923605876864484
Random,0.09838833749846572
Random,0.09491778481678635
Random,0.10128577210352034
Random,0.0975649219728723
Random,0.10066950251955689
Random,0.09693429731983087
Random,0.10121363781360629
Random,0.10198924383210795
Random,0.1028468182541161
Random,0.09835545300254296
Random,0.10253614897995647
Random,0.09648061192675356
Random,0.09735325468007544
Random,0.10145243966116765
Random,0.09933980319760848
Random,0.1000255943886458
Random,0.09000490242300999
Random,0.0970810191841025
Random,0.1022732738527651
Random,0.100905901405784
Random,0.09802426251001747
Random,0.09826758607912324
Random,0.10009246915932976
Random,0.10004819759156476
Random,0.09795754583210226
Random,0.1006879331651362
Random,0.10288518445182149
Random,0.10106467006954745
Random,0.09588360638243217
Random,0.08427679197357633
Random,0.08321222007153892
Random,0.08357398484339455
Random,0.0830105039550176
Random,0.08478304734636026
Random,0.0823001289487479
Random,0.083924707843002
Random,0.08253748193964155
Random,0.08334099501471144
Random,0.08145034477935552
Random,0.0836581359199016
Random,0.08405345609401423
Random,0.08243454721511227
Random,0.0774052828617357
Random,0.07689342191758045
Random,0.07555517864544754
Random,0.07611464874418913
Random,0.0825379985452514
Random,0.07733020438504071
Random,0.083986139006754
Random,0.08412027426717258
Random,0.07664187073635276
Random,0.08412164815633502
Random,0.08411066870457944
Random,0.0830375502575265
Random,0.08252387040130316
Random,0.08390564158063965
Random,0.07659832809436865
Random,0.0849561684807611
Random,0.07517207169804578
Random,0.08352716846850114
Random,0.07713115430575214
Random,0.08188111886335035
Random,0.08433127817792183
Random,0.08136080288287814
Random,0.08444421703607076
Random,0.08497458234777469
Random,0.07699357819186617
Random,0.07601491334133924
Random,0.08342975459938202
Random,0.0833628112008597
Random,0.08281527406369378
Random,0.08329290839727434
Random,0.07666101793254257
Random,0.0751254361641287
Random,0.08439768736636209
Random,0.08263300583921875
Random,0.08282072554352451
Random,0.07704229099008728
Random,0.08278414703968622
Random,0.0860264306821648
Random,0.09658595794201118
Random,0.08787725869916299
Random,0.10128617616896066
Random,0.09780410899983848
Random,0.0939704855324095
Random,0.10278343080427987
Random,0.10168588288009062
Random,0.10182206610735137
Random,0.09835652028501726
Random,0.10068841214767303
Random,0.096839079882713
Random,0.10151816737042055
Random,0.10147059616626848
Random,0.09107527331901792
Random,0.09275206033659344
Random,0.09783321754167387
Random,0.10216326667682551
Random,0.08373428005113795
Random,0.0920091458177552
Random,0.09560926907147688
Random,0.09580715758470147
Random,0.10134164616013948
Random,0.08729022448897296
Random,0.08278426572738909
Random,0.10139770396639562
Random,0.08477784610818447
Random,0.09689593710696442
Random,0.08620949080044225
Random,0.09518692395663492
Random,0.09177220144321155
Random,0.10125468108088284
Random,0.10119103899776008
Random,0.10205211889048656
Random,0.08871193860953211
Random,0.09601489669182398
Random,0.09787526419146672
Random,0.0820348285282904
Random,0.08648450988785328
Random,0.1011496952864519
Random,0.10184226966197514
Random,0.08304678446681066
Random,0.08642631974838651
Random,0.0764545236811756
Random,0.10022649109268116
Random,0.08256319237902118
Random,0.08884575564327121
Random,0.09889392745569126
Random,0.09586901400818704
Random,0.09377021959372484
Random,0.09494873958785206
Random,0.09841271308708882
Random,0.09516982772600784
Random,0.09314868577533558
Random,0.09718358499234796
Random,0.09705623227136753
Random,0.08912388947598798
Random,0.09603583434670496
Random,0.09785919648148819
Random,0.09721348341209649
Random,0.09971680866240148
Random,0.09995538028417456
Random,0.09509682991257762
Random,0.09598562060930363
Random,0.09636925935964769
Random,0.09789404145229526
Random,0.08982245220437049
Random,0.0895380319065083
Random,0.09328914942902884
Random,0.08798116744270884
Random,0.0963577986417249
Random,0.09987449905420645
Random,0.09334755850806004
Random,0.09957256380430124
Random,0.09906664428088162
Random,0.09871416467127006
Random,0.09666648846387318
Random,0.09236319976909896
Random,0.09757227704723448
Random,0.0922285479257141
Random,0.0947382926005531
Random,0.09434966811414824
Random,0.09715687119865209
Random,0.09459652249713883
Random,0.09816760255060329
Random,0.08784454849328541
Random,0.09230740877952144
Random,0.10012669678403938
Random,0.09571799889968417
Random,0.09585233121454449
Random,0.09997453969439787
Random,0.0859718546235797
Random,0.09083336241360483
Random,0.09838477286267562
Random,0.09264351913994062
Random,0.09088431434045958
Random,0.09782152738677326
Random,0.09628924724326567
Random,0.10056658794201212
Random,0.09737352615236716
Random,0.08270059829152672
Random,0.08375887095059226
Random,0.08139522507817673
Random,0.08356849706863158
Random,0.08089132306660927
Random,0.08185425703409806
Random,0.08110235173254238
Random,0.08211012422295028
Random,0.08443761235092778
Random,0.08333382959025926
Random,0.08156622196815703
Random,0.08191053457899784
Random,0.0825520656756879
Random,0.08042172945125968
Random,0.0812665661138567
Random,0.08425447016997224
Random,0.0816100595846649
Random,0.08100316817291854
Random,0.08120852271865998
Random,0.08333328922576014
Random,0.08374232025182664
Random,0.08097300488331882
Random,0.07845176312012823
Random,0.0765660518467854
Random,0.08057816643025431
Random,0.0829451107600704
Random,0.08379912178302504
Random,0.08108478837838504
Random,0.0827405048007904
Random,0.08115498895837162
Random,0.08152225706309082
Random,0.08178745232864912
Random,0.08109037443880993
Random,0.08443611894149682
Random,0.08315912233912001
Random,0.0810772870639795
Random,0.08430498293357402
Random,0.08267783657195764
Random,0.08239267254921856
Random,0.08428716228278006
Random,0.09615715288987302
Random,0.0868092839285424
Random,0.09517610269376461
Random,0.09811378794033201
Random,0.0970166795946369
Random,0.09428109547757514
Random,0.09681313592404024
Random,0.09061092928216395
Random,0.09923534268351089
Random,0.09662534111091928
Random,0.08489620637525092
Random,0.09703062842686164
Random,0.08686446300329465
Random,0.09855818652847857
Random,0.0898949161694702
Random,0.09312664392491
Random,0.08701663010461687
Random,0.08859690436682113
Random,0.09063064149594026
Random,0.09808230521463486
Random,0.099088254584521
Random,0.09261500107702147
Random,0.08678859735427977
Random,0.09433078255813142
Random,0.08790659911725526
Random,0.09523404454239141
Random,0.088364260751581
Random,0.09893145138723299
Random,0.09206913608782939
Random,0.09105436176941452
Random,0.09636906600123608
Random,0.08650400868523887
Random,0.09221726971051111
Random,0.09151355390257264
Random,0.09594505397609224
Random,0.09394364560160398
Random,0.09792340032663845
Random,0.1000151123303283
Random,0.09579067167615846
Random,0.08451763804255846
Random,0.10041348105040697
Random,0.09768154666743384
Random,0.09177140708193576
Random,0.09024034483919934
Random,0.09922805785992353
Random,0.09952793652971934
Random,0.08784435453136154
Random,0.09704866275807546
Random,0.09636712645054502
Random,0.09839036983875929
Random,0.09170403724638163
Random,0.0962105167510117
Random,0.09557865219794051
Random,0.09537796860469996
Random,0.09187146782018658
Random,0.09081294050684789
Random,0.09366879818610414
Random,0.0947009953886095
Random,0.09593703110727744
Random,0.0936335365403437
Random,0.09258309538128344
Random,0.08601581327251892
Random,0.0899806716124516
Random,0.09187176422224468
Random,0.09044552817402687
Random,0.08803643239511416
Random,0.09486601151912169
Random,0.09085308093692958
Random,0.09541618249825205
Random,0.09441353162717404
Random,0.09018630338410674
Random,0.09570027480473584
Random,0.09511678126846732
Random,0.09535933749409083
Random,0.09302732003411052
Random,0.0911096245173013
Random,0.095109869348164
Random,0.09153055907709984
Random,0.09484857565004176
Random,0.09614750237363126
Random,0.0936695378871832
Random,0.09702881786947729
Random,0.09301963028797218
Random,0.09530101721429104
Random,0.09426755362937342
Random,0.09482526091015017
Random,0.09457374637243277
Random,0.09513840264097267
Random,0.08881883409305828
Random,0.09281762863179778
Random,0.08887794814858978
Random,0.0904321273171348
Random,0.09297708521906428
Random,0.09121356205501456
Random,0.09629779455031837
Random,0.09471426756669246
Random,0.09508170361549731
Random,0.09486435309681837
Random,0.09248525671769699
Random,0.094014938617903
Random,0.08247933493727544
Random,0.083619617115977
Random,0.0812595170010752
Random,0.08118640804410689
Random,0.0808495023383955
Random,0.08131484692965216
Random,0.08300152853408063
Random,0.08557627001490004
Random,0.08086275845533067
Random,0.08198062005615156
Random,0.08174636262505715
Random,0.08163619518924461
Random,0.0823059324825806
Random,0.08166474361059954
Random,0.08100289304686896
Random,0.08230678884313818
Random,0.08161332676978075
Random,0.08116670430592592
Random,0.08039550779740522
Random,0.08122226808151253
Random,0.08386667963637819
Random,0.08147416365365814
Random,0.08035142095361038
Random,0.08068081008608488
Random,0.082442927702931
Random,0.0801822827120361
Random,0.08149468715306227
Random,0.08532214211413987
Random,0.0830846309381485
Random,0.08151980148314805
Random,0.08172892515233342
Random,0.0811283586965402
Random,0.0858440258321309
Random,0.08149324012180728
Random,0.07975614762048906
Random,0.07983825525027725
Random,0.08005651837312938
Random,0.08175600493340199
Random,0.0784841848998326
Random,0.08170399357765631
Random,0.08129269788256294
Random,0.08152410139210245
Random,0.08095866665031792
Random,0.08095064190156905
Random,0.0804931014369572
Random,0.07650598635178765
Random,0.08043648812570722
Random,0.08176863364077462
Random,0.08102208691106226
Random,0.08125575199542254
Random,0.09638184877500748
Random,0.09594978297348575
Random,0.09321770339386148
Random,0.09323331961699635
Random,0.08950956024187065
Random,0.0798314249343889
Random,0.09421859388787653
Random,0.09409962594331772
Random,0.09293157712433242
Random,0.0941417928124082
Random,0.09440047441149205
Random,0.085542946572113
Random,0.09216623953362556
Random,0.08949606834674453
Random,0.08833465318255947
Random,0.08391249491813538
Random,0.09417756336937087
Random,0.09494921144078318
Random,0.09115205130674439
Random,0.09479079842552096
Random,0.09690070226359636
Random,0.0923796542069141
Random,0.09283201103378644
Random,0.09322402570945768
Random,0.09374270000099044
Random,0.09328655482921988
Random,0.08462195741538778
Random,0.0949493019765299
Random,0.08457545567708565
Random,0.09153095025412766
Random,0.09339968091798027
Random,0.09431510699562295
Random,0.08687235085800467
Random,0.0844092647478476
Random,0.09332926324434254
Random,0.09668399422517951
Random,0.09591812657852757
Random,0.09496295449077366
Random,0.09717247110468748
Random,0.09283645123509814
Random,0.09125171362359764
Random,0.08498773747572272
Random,0.09380477499491065
Random,0.09292198079349419
Random,0.09779071413282452
Random,0.0918341199874078
Random,0.09514429265876174
Random,0.09255647630679674
Random,0.09493568468340924
Random,0.09468578955487032
Random,0.09202785671129732
Random,0.0947359417675699
Random,0.08875600443027735
Random,0.08791433568177354
Random,0.09170669041899372
Random,0.0937008392228364
Random,0.09178766796726734
Random,0.09457755888253416
Random,0.09414745330943218
Random,0.08788763368678473
Random,0.09370559117377582
Random,0.0897391607886277
Random,0.09124297909611698
Random,0.09392315366825697
Random,0.0912525817646184
Random,0.090516259236378
Random,0.08685929574125736
Random,0.09033717537041354
Random,0.09557682326091595
Random,0.09247689933098399
Random,0.09201722040141078
Random,0.08446721512733289
Random,0.09064167679594845
Random,0.09225936373586022
Random,0.09265599126349003
Random,0.08573604572833629
Random,0.09095553257264725
Random,0.0894817562723773
Random,0.09398585972907084
Random,0.09139327840026965
Random,0.09152405520415527
Random,0.09165869436936304
Random,0.0928939689918593
Random,0.09324385342487744
Random,0.08870796796284992
Random,0.09387835929046275
Random,0.09464117678273566
Random,0.08968971162222203
Random,0.09257394840173844
Random,0.09138132637895352
Random,0.08475681915545294
Random,0.09134392775630999
Random,0.08947133933830001
Random,0.08859463615785046
Random,0.09103188222192102
Random,0.09129533692962469
Random,0.0899620904453286
Random,0.09322907748199326
Random,0.08603592477976461
Random,0.08974335244813574
Random,0.08153576988262898
Random,0.08135858224221124
Random,0.08011529355282504
Random,0.08089975412536601
Random,0.08361728256544439
Random,0.07961921836749468
Random,0.07820487824454289
Random,0.08484668711218715
Random,0.07946188617458176
Random,0.08174066310126873
Random,0.0780159494727627
Random,0.0847518407150062
Random,0.08007225635837187
Random,0.08035334563051891
Random,0.07979170941759718
Random,0.08135933323410141
Random,0.08249150827166432
Random,0.0807204918324004
Random,0.07810774520448262
Random,0.0779762499735824
Random,0.08523169203662065
Random,0.0794019535275055
Random,0.0793511674959575
Random,0.08395545575872632
Random,0.07939423568790857
Random,0.08537371100123038
Random,0.08038895725381394
Random,0.08340387947492615
Random,0.08273117378440986
Random,0.08251382697073381
Random,0.0822735846046072
Random,0.08052255297601787
Random,0.08345500845960599
Random,0.0794445656433055
Random,0.08081535731615473
Random,0.08005635565695286
Random,0.08330616447132114
Random,0.08031153216061568
Random,0.08211106290686132
Random,0.0791733855292108
Random,0.08426930429646971
Random,0.07863332408188625
Random,0.07937686064470596
Random,0.08030394700338092
Random,0.08525300780751763
Random,0.07986751609499834
Random,0.0804092836619759
Random,0.0790846569061614
Random,0.0827639320184204
Random,0.0803513401048633
Random,0.09388037256859434
Random,0.08745484237868481
Random,0.09404713841081218
Random,0.08921996159873515
Random,0.09457763816013766
Random,0.0922101668340332
Random,0.08904789475539872
Random,0.09093899738860785
Random,0.08512558588427907
Random,0.09016487243928281
Random,0.08086512658881588
Random,0.09349925590531141
Random,0.0926786143377086
Random,0.08670641650217589
Random,0.09269536522497218
Random,0.09367809060072148
Random,0.09182942939104351
Random,0.09345065374775742
Random,0.09109881049822376
Random,0.09426560237326952
Random,0.0914366229614501
Random,0.09202776730826372
Random,0.09072196573914935
Random,0.0904314683952009
Random,0.08701497403703512
Random,0.09203710987357282
Random,0.09503928852865044
Random,0.08862296309308704
Random,0.09472627963838534
Random,0.08574982842109193
Random,0.08966530585555574
Random,0.08851268013843594
Random,0.09591779105935244
Random,0.09532319353550918
Random,0.08504949778538276
Random,0.07956459150807972
Random,0.0914161304967365
Random,0.09143213389646689
Random,0.09374606690441281
Random,0.09029938065382054
Random,0.09029825689012796
Random,0.08940208687105836
Random,0.09191447202342146
Random,0.09496861925712494
Random,0.09405785840084774
Random,0.09308957752157312
Random,0.09212302176731554
Random,0.08995937439349858
Random,0.08972342267939835
Random,0.09253062804140769
Random,0.0887099196781719
Random,0.08967018546769906
Random,0.08715055922358203
Random,0.08821622770185228
Random,0.08809613599138685
Random,0.0899976961559389
Random,0.0904051425786207
Random,0.08440721372512881
Random,0.08950051993586781
Random,0.08727892442700806
Random,0.0861111259324275
Random,0.09069981781443345
Random,0.08777198157500266
Random,0.09125656826274733
Random,0.08965344092989083
Random,0.08363062375250364
Random,0.0897531306026508
Random,0.09041447929675997
Random,0.09068876385413772
Random,0.09025477918405897
Random,0.09025309228199205
Random,0.08802481252338622
Random,0.0877829963471072
Random,0.08476163819229042
Random,0.08835931604798758
Random,0.08537200117937685
Random,0.08503073786876883
Random,0.09089753174404505
Random,0.09270116599750791
Random,0.08489657040207418
Random,0.08440316466134448
Random,0.09124005659609508
Random,0.08540916676971903
Random,0.09159097639951028
Random,0.08834687407381522
Random,0.09050233319786968
Random,0.08696932162836787
Random,0.0924759645128205
Random,0.09062036347835659
Random,0.09190699336890021
Random,0.08806402833016305
Random,0.08915122350136072
Random,0.09056342021810336
Random,0.08935801251582517
Random,0.08913849932309574
Random,0.08699855207175913
Random,0.09011841292176256
Random,0.08958944136306286
Random,0.08934596926015104
Random,0.08758349252113647
Random,0.08340739145864971
Random,0.08384150592828518
Random,0.08373489548448276
Random,0.0854844069158588
Random,0.0838092898466698
Random,0.08588673239810872
Random,0.08382567479560235
Random,0.08239931679481742
Random,0.0831355959472745
Random,0.08394626534613961
Random,0.08301907665407668
Random,0.08132239256633794
Random,0.08329796714861004
Random,0.08272329137798806
Random,0.08422747177548898
Random,0.08218354372875467
Random,0.08370414281384057
Random,0.08160422880334293
Random,0.08371314138356353
Random,0.0848810110563761
Random,0.08204633628446344
Random,0.08068908201328781
Random,0.08335609924576488
Random,0.08374602118732923
Random,0.08395271278446897
Random,0.0844580090874956
Random,0.08434706876869598
Random,0.08316997789068523
Random,0.08178350399959697
Random,0.08254738345308113
Random,0.082826872785526
Random,0.08346888710488258
Random,0.08246214711461448
Random,0.08357281643416739
Random,0.08359855117023186
Random,0.08191673381197973
Random,0.0855856466694064
Random,0.07925987757507755
Random,0.08344457324697883
Random,0.08147636170861575
Random,0.0818041578517068
Random,0.08260171671557544
Random,0.08260745283957363
Random,0.08160267122488278
Random,0.08398079179383729
Random,0.08217814511162373
Random,0.08175349802198469
Random,0.08573800260971323
Random,0.08249290945197174
Random,0.08349866109091691
Random,0.09013464033791933
Random,0.08562068240686357
Random,0.09016595787202845
Random,0.08925237224723048
Random,0.0882564629217569
Random,0.08566587488071206
Random,0.08990769073404578
Random,0.09256113782683713
Random,0.08843534811250323
Random,0.08474522728064357
Random,0.08216168311146532
Random,0.08731854768147684
Random,0.08610748850987307
Random,0.0905114442679121
Random,0.08394344448015828
Random,0.0850650343557703
Random,0.09137521018340919
Random,0.08892686166847455
Random,0.09059627972655164
Random,0.08661213703106796
Random,0.0899925874042026
Random,0.09025159475360453
Random,0.09060133522153818
Random,0.08904658611669161
Random,0.08506536124638728
Random,0.08830759972001374
Random,0.0859647117836971
Random,0.08818580968958825
Random,0.08967479845175318
Random,0.08779728685231304
Random,0.08884920061182128
Random,0.08745052986469658
Random,0.08769170214375208
Random,0.08582690065207146
Random,0.08637977338197231
Random,0.0892713028993512
Random,0.08635026440821036
Random,0.09043228936020851
Random,0.09135467738859689
Random,0.08882687814108578
Random,0.08498386270443063
Random,0.08890138690071579
Random,0.09017213824819804
Random,0.09078235841836886
Random,0.0858709035675588
Random,0.09251218887423533
Random,0.08835487120739174
Random,0.09047692673911172
Random,0.09154960838595798
Random,0.08499954164450683
Random,0.086527146802689
Random,0.08235921544849986
Random,0.08697303102003671
Random,0.0880700450337315
Random,0.08836184498106832
Random,0.08824269419468747
Random,0.08775264632870403
Random,0.08612005901769917
Random,0.08717306465680962
Random,0.08627027736125113
Random,0.08828193132450508
Random,0.08540952872738784
Random,0.08838313729474406
Random,0.08908182450247466
Random,0.08584211886477532
Random,0.08386036649125686
Random,0.08708443289519038
Random,0.08722072301384001
Random,0.08353578682065291
Random,0.08780499289124748
Random,0.0850985218009356
Random,0.08416528605572467
Random,0.08738144278075026
Random,0.08953882761746286
Random,0.08740040191326272
Random,0.08660122104152208
Random,0.0867730647311788
Random,0.0848082014397761
Random,0.08790532801332915
Random,0.08795143001598546
Random,0.08636907240766903
Random,0.08410807262605145
Random,0.08802072370744156
Random,0.08725820371523696
Random,0.08805582764339022
Random,0.08671274074867767
Random,0.08413050536430262
Random,0.08696137182770655
Random,0.08875964491022899
Random,0.08821166691238033
Random,0.08738628030550047
Random,0.08548609981350808
Random,0.08541705960052184
Random,0.08746273871690277
Random,0.08690919733907095
Random,0.08776803632944166
Random,0.08633225234931102
Random,0.08749145388346448
Random,0.08707833873459946
Random,0.08859181312216434
Random,0.08360400204452674
Random,0.0829076022859482
Random,0.08164840109993746
Random,0.08223823672498723
Random,0.08222286505914553
Random,0.08252163640795515
Random,0.08277544041052635
Random,0.08258970465555818
Random,0.08370743095028103
Random,0.08264935209291764
Random,0.0829448038465614
Random,0.0820454782115803
Random,0.08103306950929437
Random,0.07978604885516916
Random,0.08215912273251433
Random,0.08398023439675058
Random,0.08315149670746677
Random,0.08048515746086196
Random,0.08405564561174116
Random,0.08341801995260027
Random,0.08121290162993375
Random,0.08163429318008183
Random,0.08438025487954234
Random,0.08243573163966003
Random,0.0826500427584989
Random,0.08215741219051723
Random,0.08241551681933287
Random,0.08277905222221306
Random,0.08267969737541989
Random,0.08245354604259489
Random,0.0808859000861247
Random,0.08206329899708464
Random,0.08210953920018368
Random,0.08458090106524878
Random,0.0841937591196654
Random,0.08234899664954014
Random,0.08240780032026578
Random,0.08070697066511343
Random,0.08366171822680996
Random,0.08218165935981574
Random,0.08245659870277108
Random,0.08153460035064483
Random,0.08358056690817932
Random,0.08157636651494328
Random,0.0830370599598126
Random,0.08418157070815084
Random,0.08377963539560937
Random,0.08160944679478917
Random,0.08096720558641834
Random,0.08467105575954575
Random,0.08840365674701331
Random,0.08175077987094141
Random,0.08563001640487186
Random,0.08674948492379428
Random,0.082272415010695
Random,0.08618544071030668
Random,0.08661671248135291
Random,0.08719438772541252
Random,0.09086777625790601
Random,0.08353708303884275
Random,0.0885860357918517
Random,0.08670345293368201
Random,0.08467057058352054
Random,0.08933776761797958
Random,0.08437791282506452
Random,0.08583079776634009
Random,0.0843265258636677
Random,0.08719651523402944
Random,0.08561346945601259
Random,0.08639278320159463
Random,0.08561647503316862
Random,0.0881105564025404
Random,0.08840646708126768
Random,0.08619101281441031
Random,0.087663979499834
Random,0.08551124393693213
Random,0.0867530714565646
Random,0.08742566549865956
Random,0.08747131991003698
Random,0.08708052441280359
Random,0.0880554699744323
Random,0.08841458372338593
Random,0.08560613721372193
Random,0.0844863413086955
Random,0.08198364515153286
Random,0.08103791398840485
Random,0.08410254195589743
Random,0.08653969331313363
Random,0.08513165156902858
Random,0.08604621655557024
Random,0.08229109251565489
Random,0.08264218208438479
Random,0.08537053321866778
Random,0.08365931601225896
Random,0.08590198974171698
Random,0.08544781529685962
Random,0.0868287085868701
Random,0.08798436422377448
Random,0.08541295014489378
Random,0.0867577887352752
Random,0.09829440526455595
Random,0.10382200067047857
Random,0.08975426308348962
Random,0.09962646964887038
Random,0.10090095608725136
Random,0.10147791881146635
Random,0.08577106797277878
Random,0.10177099579262243
Random,0.10212575841549192
Random,0.09630569236582194
Random,0.09929756965892504
Random,0.10092423560499479
Random,0.0946924930413336
Random,0.1007229137237573
Random,0.1036751045026918
Random,0.10288274259459958
Random,0.0830451486327585
Random,0.10185379774103136
Random,0.08848335684090121
Random,0.1007392989172402
Random,0.10369395223857225
Random,0.08714513805586914
Random,0.08076903694139759
Random,0.10335218231544256
Random,0.08509720876532849
Random,0.1022058023023386
Random,0.09932149175363492
Random,0.09619749787736254
Random,0.09955569348722786
Random,0.10174803621333457
Random,0.10416931853909499
Random,0.10403436256581244
Random,0.10333249378925065
Random,0.0996902989740865
Random,0.09086232908953444
Random,0.10381784003923163
Random,0.08905504989413515
Random,0.09991548518794484
Random,0.09950829921610449
Random,0.10209623677850743
Random,0.10426589752038258
Random,0.100604034061251
Random,0.10373276032204141
Random,0.10326379627908959
Random,0.10208967686886439
Random,0.08769025791649436
Random,0.09673071005318927
Random,0.10177626752490691
Random,0.10254656137676221
Random,0.10308024943071577
Random,0.08095986923932467
Random,0.08450067259193143
Random,0.0838522543928164
Random,0.09498770231738736
Random,0.079813388440004
Random,0.07814853968593856
Random,0.09360050080310837
Random,0.09830444231853382
Random,0.10275761654172062
Random,0.07529059525340641
Random,0.10461949479041976
Random,0.10062415529998248
Random,0.09200659692464323
Random,0.10279762109810282
Random,0.08330490860587265
Random,0.0787044332206932
Random,0.09621291769747604
Random,0.07940692325528904
Random,0.10408325640345358
Random,0.09993144348960215
Random,0.08953693897607214
Random,0.08294326870912745
Random,0.08160683451217919
Random,0.10124810465365168
Random,0.09264858467337451
Random,0.10271824366755074
Random,0.07775952568335971
Random,0.10199512848167558
Random,0.08314204154793713
Random,0.09539145856329867
Random,0.08697077917291078
Random,0.09776089432706432
Random,0.08244390988157353
Random,0.0806005845080809
Random,0.09766205203086524
Random,0.07555946534180909
Random,0.07900586734900845
Random,0.09773433643293335
Random,0.07904177171013296
Random,0.10448269932199376
Random,0.10263282655201778
Random,0.09159747263834343
Random,0.10491928255675731
Random,0.07706277024143067
Random,0.07567694373295096
Random,0.08302083621920057
Random,0.10035418477677165
Random,0.09794467599297955
Random,0.10443227044854098
Random,0.08077200894236587
Random,0.09689685970641666
Random,0.09735597601046446
Random,0.09125751923227672
Random,0.10127652431176178
Random,0.09493345435801122
Random,0.09817782637707495
Random,0.08792243577979282
Random,0.09361177983660696
Random,0.09107383710768129
Random,0.09614977305849237
Random,0.08938164243746627
Random,0.09802772419923873
Random,0.09907187101220198
Random,0.10098237983577245
Random,0.09943008410334404
Random,0.10010425551555358
Random,0.09894527038463725
Random,0.09865653728140937
Random,0.09679374905843474
Random,0.10179538934618175
Random,0.09852209918348602
Random,0.09296106416393002
Random,0.10085339366537482
Random,0.10130530907688022
Random,0.10257761744397935
Random,0.09405492838407999
Random,0.09244620102663248
Random,0.1014142961072011
Random,0.09648689954612166
Random,0.10155806849780902
Random,0.09344084649971762
Random,0.09464857699144129
Random,0.10040173394692668
Random,0.09793147538818658
Random,0.10231452205142233
Random,0.08671510616921078
Random,0.100511701757713
Random,0.10164937273728707
Random,0.09732818330317627
Random,0.09979585656555419
Random,0.09035010229588873
Random,0.09712275131425467
Random,0.10021190088222436
Random,0.09941418777518862
Random,0.10013683389981527
Random,0.10248346193888125
Random,0.10203526288809428
Random,0.10227981895291312
Random,0.10032641186797282
Random,0.09747603855922667
Random,0.08476303029807279
Random,0.10126886793566096
Random,0.08374465634332513
Random,0.09941149623249383
Random,0.09872181556866622
Random,0.08132777137948939
Random,0.09788029392654352
Random,0.08679816478946616
Random,0.09267656826591993
Random,0.09093766587090595
Random,0.08497287538083735
Random,0.09961285937936755
Random,0.08838218130236679
Random,0.09808909918067361
Random,0.07954633448904265
Random,0.09629304688738453
Random,0.1012403038734296
Random,0.084635193074926
Random,0.10187329966690346
Random,0.09857128413946725
Random,0.0878439226701578
Random,0.09956022735834107
Random,0.09853383645981495
Random,0.08728198635463968
Random,0.10179920428486848
Random,0.08857902362895942
Random,0.09267159919666312
Random,0.09844805806707058
Random,0.10090164751409485
Random,0.07941506141904851
Random,0.09304792930108856
Random,0.09747072769114595
Random,0.09085998009770908
Random,0.10060732008815639
Random,0.08875657834735289
Random,0.08458490888166399
Random,0.1017379203393484
Random,0.09939063433812123
Random,0.10048971171823713
Random,0.1018193155766672
Random,0.08632658303330014
Random,0.09495501357259666
Random,0.09872717850844263
Random,0.07883974922798605
Random,0.09884733285485699
Random,0.08909240444379189
Random,0.09182238968921297
Random,0.10141976662042633
Random,0.0925141534731253
Random,0.09996781648265103
Random,0.09768210001382253
Random,0.09381658522684926
Random,0.09825169422428104
Random,0.09857465061164561
Random,0.09860974231595303
Random,0.09695725100837412
Random,0.09660123106005851
Random,0.09561659401201439
Random,0.09748619158955545
Random,0.09733453085881887
Random,0.09981620341011659
Random,0.09177858853539078
Random,0.09665572848277766
Random,0.09880359906996716
Random,0.09617260617419514
Random,0.09308819405045436
Random,0.09707613999237925
Random,0.09555269550660246
Random,0.0958131396973722
Random,0.09651160543644484
Random,0.09857158576785945
Random,0.09177493829415084
Random,0.09550607694735665
Random,0.09783272635556273
Random,0.09706200619264631
Random,0.09814501360409622
Random,0.09943555897468788
Random,0.08670523162959871
Random,0.08847739297547008
Random,0.09832127850473427
Random,0.09577721443036324
Random,0.09836541598783792
Random,0.09897663672193602
Random,0.09336401722711922
Random,0.09769646875492317
Random,0.09979558117139693
Random,0.09796577655915921
Random,0.09523065353267886
Random,0.09478141449721988
Random,0.09626768586672559
Random,0.09734526418375822
Random,0.09510714604416866
Random,0.09618861694936005
Random,0.09677743947183141
Random,0.09676979946117825
Random,0.09816520250985168
Random,0.09534879923924915
Random,0.09492196053387403
Random,0.0938122605336152
Random,0.0985627334101693
Random,0.09949629784969478
Random,0.09139268785197648
Random,0.08984750813064106
Random,0.09887828047088476
Random,0.09029026259415691
Random,0.08852810009837005
Random,0.09597175245636909
Random,0.09698759106870607
Random,0.08507287404745749
Random,0.0896435653571146
Random,0.09952053281660511
Random,0.09700684500613477
Random,0.09853302001704616
Random,0.09776280482647574
Random,0.0879037109621379
Random,0.09870260421154124
Random,0.09248807446889155
Random,0.08749874115586447
Random,0.09236839118459035
Random,0.09600757416690205
Random,0.08706484244791568
Random,0.09770634462089589
Random,0.09374243082670593
Random,0.09376885272026907
Random,0.08982940291009574
Random,0.09855871050909808
Random,0.09370367123901957
Random,0.09088818771875869
Random,0.093079231886108
Random,0.09688019419437428
Random,0.0991918924010425
Random,0.08922933042935692
Random,0.0962602454911708
Random,0.09747323067800788
Random,0.09586069293318171
Random,0.08462805956941348
Random,0.0888793400515695
Random,0.09675184472072118
Random,0.09274911641116053
Random,0.09462373058102476
Random,0.09618774109256852
Random,0.09534881227465537
Random,0.09872839895479994
Random,0.09367528782922818
Random,0.0978386162925015
Random,0.09540958706906603
Random,0.0970115059518406
Random,0.08625087923473984
Random,0.0896666163398147
Random,0.0879422240396271
Random,0.09303057088245718
Random,0.09528989245798176
Random,0.09072730478512862
Random,0.09399251455868551
Random,0.09031830298309511
Random,0.0969683542934708
Random,0.0921987738186824
Random,0.09635081979497073
Random,0.09482183051720246
Random,0.09371309609618332
Random,0.09387517206010425
Random,0.09567519324657307
Random,0.09291238305646961
Random,0.09516238983841419
Random,0.0923130130162022
Random,0.08853601076660074
Random,0.0898992109337134
Random,0.09543535569052608
Random,0.09478728638681133
Random,0.09543150369215898
Random,0.09719651841708554
Random,0.0933759583415205
Random,0.08938145778949529
Random,0.0944385682062503
Random,0.09023279765955768
Random,0.09661555094408432
Random,0.09354525094631327
Random,0.09362638904236793
Random,0.09390817656803326
Random,0.09164910363627854
Random,0.09348301582770802
Random,0.09319710650355024
Random,0.09440131561558
Random,0.09126335781893384
Random,0.09249532282530264
Random,0.08589505989796702
Random,0.09408477982886865
Random,0.09259207072908993
Random,0.09812894541363922
Random,0.09567118471515101
Random,0.09610104876547136
Random,0.0944945977634409
Random,0.09451195521581705
Random,0.08866336868773554
Random,0.09253064093114934
Random,0.09672621828396899
Random,0.09365426594071143
Random,0.09165651590891837
Random,0.09548254035491983
Random,0.09526360313412378
Random,0.09446367292901907
Random,0.09472110415749076
Random,0.09335275073045324
Random,0.09343338882109482
Random,0.09291695745724364
Random,0.08722081066389602
Random,0.0862543070882064
Random,0.0855856609859605
Random,0.09629620500895204
Random,0.09421158004465961
Random,0.0846057024577173
Random,0.08648948465829893
Random,0.09466344098470121
Random,0.09639119907029918
Random,0.09461409813043294
Random,0.09594438528177089
Random,0.09078685885652742
Random,0.08859124050864627
Random,0.09793521276133532
Random,0.08436254405055384
Random,0.0864767543146409
Random,0.08524330953229509
Random,0.09630486261384401
Random,0.09812201850809998
Random,0.0947275279001829
Random,0.09178325430829186
Random,0.09188826309108578
Random,0.0959161867852411
Random,0.09347165380379134
Random,0.08789382628041172
Random,0.09566481563392652
Random,0.09186178235117855
Random,0.09479545734543156
Random,0.09215675681668974
Random,0.09327969313886797
Random,0.09410022779810845
Random,0.09361859354772879
Random,0.0942408460986665
Random,0.09161018540837536
Random,0.09358815444315383
Random,0.095447571120386
Random,0.09362705790893007
Random,0.09434402573257235
Random,0.08622080487650408
Random,0.09168578302801222
Random,0.09381125107719868
Random,0.09200105547542374
Random,0.0912331640104848
Random,0.09331975679048791
Random,0.09479096835658159
Random,0.09239051115002894
Random,0.09178746573620107
Random,0.09221648889443894
Random,0.0903345070663993
Random,0.0878333021631524
Random,0.09181923774162708
Random,0.09388518394753949
Random,0.09178617729347376
Random,0.0908683892682826
Random,0.09017064118110103
Random,0.09428498006413832
Random,0.08772911755134771
Random,0.0922168998545582
Random,0.08927082019649883
Random,0.09333552477698485
Random,0.09146128142294192
Random,0.09217823199870641
Random,0.08924446578575147
Random,0.09153323772599246
Random,0.0880068095281293
Random,0.09285627782552079
Random,0.09422144171122919
Random,0.09268636223856201
Random,0.09357363657048741
Random,0.092802922074038
Random,0.0916613809346553
Random,0.09309206926886067
Random,0.08987724901492555
Random,0.09031031025114089
Random,0.09445597961606467
Random,0.09019053583846197
Random,0.08868800272699673
Random,0.0864352394833124
Random,0.09227301381825488
Random,0.0883795664689823
Random,0.08919314518884154
Random,0.08629201003332554
Random,0.08605723638550937
Random,0.09128719122228073
Random,0.08890096324917825
Random,0.09106363277710017
Random,0.09304794428563905
Random,0.09220199697277327
Random,0.09405145863988906
Random,0.09302825586676278
Random,0.08944733011265527
Random,0.08734659091003512
Random,0.0891110914846512
Random,0.09130813873775878
Random,0.08848033290455486
Random,0.09281384289652077
Random,0.08990986383237261
Random,0.08924296197447272
Random,0.09242632175358285
Random,0.0905159103487397
Random,0.09475818402293139
Random,0.08782208495071349
Random,0.08477068478256673
Random,0.08846974985558138
Random,0.0925932671074771
Random,0.08925115473407412
Random,0.09085335933851961
Random,0.09168759104474826
Random,0.09258112249302286
Random,0.0866882979338565
Random,0.0872544773418203
Random,0.0901000607301962
Random,0.09225966216407262
Random,0.0919986403247061
Random,0.0870263923054632
Random,0.09087866213263378
Random,0.08883436025668583
Random,0.08984995616780367
Random,0.09354757811676488
Random,0.09167744426311941
Random,0.0924222207013609
Random,0.09023360024712683
Random,0.09285257239898925
Random,0.08491782669556613
Random,0.09310245107360278
Random,0.09061320644906583
Random,0.0922670165704081
Random,0.08588971153153342
Random,0.09175301529518028
Random,0.08771981359988956
Random,0.08635723599512583
Random,0.09159349899519025
Random,0.0944335032310164
Random,0.09043746274033519
Random,0.09234655527662028
Random,0.09359178411036595
Random,0.09306655324124809
Random,0.09208876742789585
Random,0.09020144088459621
Random,0.08877127243320615
Random,0.09025325278201753
Random,0.08449522074611575
Random,0.09335966162302849
Random,0.09334675046608017
Random,0.09073262863838731
Random,0.08733932129875417
Random,0.08856717614411025
Random,0.08799826807651101
Random,0.08871482080067494
Random,0.08600359378576646
Random,0.08958091396291934
Random,0.08941099488612518
Random,0.08515375072548181
Random,0.08694910479985651
Random,0.08727911131267045
Random,0.08878210428409261
Random,0.08871362176135733
Random,0.08915725104886245
Random,0.08677723797409698
Random,0.08729653936948505
Random,0.09032237289773093
Random,0.08474864995044129
Random,0.08875105053533143
Random,0.08629480918776977
Random,0.0861650128084932
Random,0.09082193337647244
Random,0.08947406062880958
Random,0.08795862815267934
Random,0.08544625967173403
Random,0.08958780271075521
Random,0.08679565794167132
Random,0.09015101752420662
Random,0.08279621131935498
Random,0.08748024972708161
Random,0.08779340840775045
Random,0.09143649000716654
Random,0.09069005267203778
Random,0.08789952965483631
Random,0.08800436305513415
Random,0.08774925544346719
Random,0.08932098510749142
Random,0.09249999447538688
Random,0.09099884621211866
Random,0.08737680941040556
Random,0.08594421016448688
Random,0.088587309456076
Random,0.08716559754794655
Random,0.0877429746126926
Random,0.0886492114305355
Random,0.08895014636949838
Random,0.08598127644023161
Random,0.08706618299436997
Random,0.09028021164436477
Random,0.08631803837622225
Random,0.09098527643934773
Random,0.08692689720325102
Random,0.08657121952559048
Random,0.0863106121239241
Random,0.08695682791411248
Random,0.08462457765845717
Random,0.09009923014528927
Random,0.08627974452337384
Random,0.08781577450622298
Random,0.09068200831052309
Random,0.0880227255207681
Random,0.08817536297532769
Random,0.08799915670847724
Random,0.08924706566915812
Random,0.08842796569739875
Random,0.08740491613477037
Random,0.08903842495003526
Random,0.08671084086769316
Random,0.09077346363339937
Random,0.09093211479945514
Random,0.08589078344900258
Random,0.08965863097689208
Random,0.09067928090714143
Random,0.09013715760859971
Random,0.09078892351135437
Random,0.09319723204528667
Random,0.08953949095672442
Random,0.0857726303554595
Random,0.08554708584535102
Random,0.09081420882635645
Random,0.09067806890424872
Random,0.09085900896270734
Random,0.08984587363832712
Random,0.09040339872663357
Random,0.08948150133153614
Random,0.08625184149588942
Random,0.08278970603780303
Random,0.08839295918981804
Random,0.0909685729144319
Random,0.08849918027945829
Random,0.0882844588430179
Random,0.08798300337551505
Random,0.09035330954191778
Random,0.08758205098881433
Random,0.08751714099601789
Random,0.08446667986004996
Random,0.08805521771341536
Random,0.09002940671940014
Random,0.08816687861760404
Random,0.08711599157893109
Random,0.08518603493945183
Random,0.08484125046087598
Random,0.085420297274491
Random,0.08414393575471497
Random,0.08534582047263466
Random,0.08378182205162214
Random,0.08386312254477939
Random,0.08854670899462984
Random,0.08353302164159022
Random,0.08757647318277624
Random,0.08764357693420048
Random,0.0857051832171436
Random,0.08533567842674235
Random,0.08492475866706428
Random,0.08375341100490867
Random,0.08659533212943889
Random,0.08521199481240889
Random,0.08546159753808287
Random,0.08577765338585881
Random,0.08518227670968297
Random,0.08807040365636946
Random,0.08636828683599163
Random,0.08345396254801803
Random,0.08594824813154626
Random,0.08368445520285188
Random,0.08461986910957364
Random,0.0851154552304223
Random,0.08603293781155703
Random,0.08511668531027065
Random,0.0842459398425935
Random,0.08430153876309039
Random,0.08386871867499934
Random,0.0845782276370907
Random,0.08546208165829465
Random,0.0859818396231186
Random,0.08460256721769355
Random,0.08377618568690319
Random,0.08738527034091703
Random,0.08675168965021385
Random,0.08416695325368077
Random,0.08535220330368058
Random,0.08714433251582913
Random,0.08718723649766484
Random,0.08730921212160088
Random,0.0833736406318053
Random,0.0853170256669576
Random,0.08529295661922258
Random,0.08384735123928522
Random,0.08492132129708807
Random,0.08865450153344057
Random,0.08704060162740272
Random,0.08334415412716822
Random,0.08428609008373182
Random,0.08388392063273405
Random,0.08555281611984593
Random,0.08706549910836732
Random,0.08766387104213891
Random,0.08653934044816698
Random,0.08403224787365815
Random,0.0823001759260317
Random,0.08373365432693447
Random,0.0865908191919047
Random,0.08715477878865603
Random,0.08761352574334325
Random,0.08849140757474079
Random,0.0844045034982533
Random,0.08552406605560255
Random,0.08196587482588787
Random,0.08527624568665715
Random,0.08437694577185557
Random,0.08821113272851733
Random,0.08543492887238102
Random,0.08255275235325144
Random,0.08333636557027783
Random,0.08430215650770378
Random,0.08174602059285263
Random,0.08794642896906169
Random,0.0820141895548995
Random,0.0866128295063433
Random,0.08457617551542522
Random,0.08282132991379616
Random,0.08753454072673132
Random,0.08555139100856717
Random,0.08325680081012857
Random,0.08667553697399437
Random,0.08401286786427183
Random,0.0811867576286526
Random,0.08728323226049166
Random,0.08404658098231721
Random,0.08633559567037707
Random,0.08356685788472855
Random,0.08884791674855563
Random,0.0834941027391262
Random,0.08606754173688103
Random,0.08474718073307959
Random,0.08468066361831698
Random,0.08609173345187315
Random,0.08552460594556995
Random,0.08615451902701683
Random,0.08574127811310461
Random,0.08360458240102275
Random,0.09296730812070766
Random,0.10138302392732003
Random,0.10011198951172721
Random,0.09603025087010662
Random,0.0996509736933494
Random,0.09969524712995792
Random,0.09874196399058885
Random,0.10139161507327035
Random,0.08866268585187242
Random,0.08600838163071346
Random,0.101503849314424
Random,0.09627668159929417
Random,0.10288318028758121
Random,0.10111780366390276
Random,0.0980576999305092
Random,0.09617647452775202
Random,0.10036468489589774
Random,0.09873845837035285
Random,0.09188402162234663
Random,0.08565334780074149
Random,0.10318963625718222
Random,0.10139208005009184
Random,0.10266656288987162
Random,0.10498864174168634
Random,0.09178708001512755
Random,0.09535269938737859
Random,0.09461789656945996
Random,0.08783874297985099
Random,0.10030559417750291
Random,0.08455050361692429
Random,0.09773290347498939
Random,0.10305492261620129
Random,0.1032926797920786
Random,0.09287166675625258
Random,0.09765084224571297
Random,0.09873888431791451
Random,0.08515477552059281
Random,0.10270122166101966
Random,0.10162115021773031
Random,0.10263439347832153
Random,0.09940925630675476
Random,0.10313910645364745
Random,0.08935197088416048
Random,0.09511064249803017
Random,0.0984338264155582
Random,0.10500979632560561
Random,0.10089990415032446
Random,0.10236131056002355
Random,0.09470835642504685
Random,0.10179388807514808
Random,0.07426883010810618
Random,0.0756252472185009
Random,0.07735373009920465
Random,0.07602089458336536
Random,0.07511046713740654
Random,0.07114415288782336
Random,0.07407391035812745
Random,0.07511156936218251
Random,0.07580334395187956
Random,0.07583167504247561
Random,0.07343870910065473
Random,0.07560179318139555
Random,0.07490056682053543
Random,0.0752464490577641
Random,0.0779340237784721
Random,0.07355909444820188
Random,0.0729296626165125
Random,0.07628391085597944
Random,0.07486325381881288
Random,0.07438503376293479
Random,0.073935357060766
Random,0.07534888110440972
Random,0.07280302090671446
Random,0.0747178438459254
Random,0.07651628499680539
Random,0.07396098991230206
Random,0.07547213630577687
Random,0.07980442212490248
Random,0.07431390590726648
Random,0.07562590545474888
Random,0.07078293529882476
Random,0.07366185131188477
Random,0.07414904855420852
Random,0.07469949911867754
Random,0.08141088815376309
Random,0.0744314656201632
Random,0.07462857804103708
Random,0.07390906307102187
Random,0.07581029244930246
Random,0.07417738307180295
Random,0.07734805855545801
Random,0.07549830512725261
Random,0.07476755801644076
Random,0.07997502562763666
Random,0.07505456999496525
Random,0.07610164704877523
Random,0.07738650248009955
Random,0.07582518091701777
Random,0.07442337324098958
Random,0.07501155786117408
Random,0.1001524313720503
Random,0.0979610824263639
Random,0.10373435815935343
Random,0.10368863244797362
Random,0.09168945611723091
Random,0.08233089687618644
Random,0.07333032272705152
Random,0.09937044322122647
Random,0.07351153330170591
Random,0.08341554849576889
Random,0.0957790892599389
Random,0.09902691162370607
Random,0.07915749156001084
Random,0.07566014462893682
Random,0.08433978987221533
Random,0.07752951797106229
Random,0.07647274814430764
Random,0.07707537717437317
Random,0.08549674502000723
Random,0.09319648530852882
Random,0.07763283550686342
Random,0.10148383147428319
Random,0.10178440375590421
Random,0.09990227957588818
Random,0.10222335394680572
Random,0.10192564276982401
Random,0.1030599318570771
Random,0.09448986194454635
Random,0.08123235832550181
Random,0.0950682022567386
Random,0.07888036454199567
Random,0.07548075588929391
Random,0.08933861069768463
Random,0.10218048644075647
Random,0.10329266805376847
Random,0.07889730220140986
Random,0.07955942436094128
Random,0.09252407662612175
Random,0.08108559513618323
Random,0.09110697520659983
Random,0.0785448703102836
Random,0.09536270948347537
Random,0.09173076418194016
Random,0.07763474746758041
Random,0.0843091854956514
Random,0.08813706788162026
Random,0.09969345449381706
Random,0.0764431108024419
Random,0.07419525031159781
Random,0.10010612830187224
Random,0.09890044796855031
Random,0.10077883845874526
Random,0.10179755843505436
Random,0.09184997331362256
Random,0.08967870612754528
Random,0.0932581743912542
Random,0.09898121491953711
Random,0.09707549409938768
Random,0.10094406740377135
Random,0.10070205804992481
Random,0.09992496388504638
Random,0.09257934970884817
Random,0.0956088464531766
Random,0.10050511374459095
Random,0.09419950894949279
Random,0.10095769917242389
Random,0.09405368702826422
Random,0.09970722476445408
Random,0.09850487676594558
Random,0.09519068175184486
Random,0.0864057599435861
Random,0.09286126905762566
Random,0.09478300574647237
Random,0.09318432333106687
Random,0.09899254130867519
Random,0.10150949514352955
Random,0.10153352528313064
Random,0.09972582765312106
Random,0.0986616944067192
Random,0.09461421342773235
Random,0.09833528286514033
Random,0.10036910843205606
Random,0.09979747742678009
Random,0.10255660214237951
Random,0.1004296264711765
Random,0.09990153640616281
Random,0.09307410609899185
Random,0.0947550512670229
Random,0.09773853367445692
Random,0.10038953181826978
Random,0.10117504162909492
Random,0.09624345576222636
Random,0.09030833010446113
Random,0.1005803017098726
Random,0.10080662012087771
Random,0.09905469473164885
Random,0.09282729942147228
Random,0.09826743124976847
Random,0.09725813385839745
Random,0.10109167178154824
Random,0.07983518107554996
Random,0.0791091533338358
Random,0.08112807529156944
Random,0.08093957795018777
Random,0.08019362176630652
Random,0.08089964462106179
Random,0.07857780298437181
Random,0.08155722020644873
Random,0.0819031669083208
Random,0.07277433096536104
Random,0.07922238091401214
Random,0.07981906523963898
Random,0.08068288641773945
Random,0.08156495202428816
Random,0.07385950198902995
Random,0.07991274132875706
Random,0.07993863117603439
Random,0.08189149451931955
Random,0.0786238176635367
Random,0.0815443111323678
Random,0.07928179073073441
Random,0.07995392196802698
Random,0.07738557623930019
Random,0.08057046012186017
Random,0.08083004884198276
Random,0.08171545373423328
Random,0.08013557495175812
Random,0.07846308681943372
Random,0.0811290403007884
Random,0.07937140362634969
Random,0.07841371074459655
Random,0.07353815515424499
Random,0.08021259260169497
Random,0.081804118926913
Random,0.07744512153682592
Random,0.08042675919308197
Random,0.0753151288607106
Random,0.07952115017653837
Random,0.08164922341809902
Random,0.08054121474306035
Random,0.07920602522718566
Random,0.08133098265737512
Random,0.07910752235277332
Random,0.08028157361548592
Random,0.08152346149562716
Random,0.08133744979488913
Random,0.07983882442561148
Random,0.07812148626618409
Random,0.0790966275047497
Random,0.08069073112177705
Random,0.10170884702244466
Random,0.09566670905097396
Random,0.08280221289901338
Random,0.08952652919075936
Random,0.07859534931141152
Random,0.09567773811079812
Random,0.0978426466720269
Random,0.0807738154013882
Random,0.0868347491156933
Random,0.10135219561158035
Random,0.09604579574611957
Random,0.09509555192297471
Random,0.09628485082109657
Random,0.09344630502858463
Random,0.08803420968656082
Random,0.09473593840466167
Random,0.09720414167712679
Random,0.08392778486827572
Random,0.10064074649942256
Random,0.09803878241931889
Random,0.09501351406626261
Random,0.1001410987827975
Random,0.10291468193401597
Random,0.08901962675067969
Random,0.07830496482520541
Random,0.08099333683085977
Random,0.08671291084199798
Random,0.10176603732811682
Random,0.08807556416655261
Random,0.09241088648617587
Random,0.09943118336668176
Random,0.09918726916547119
Random,0.0865665031127857
Random,0.09662072930238708
Random,0.09794636431798917
Random,0.0914347290341299
Random,0.099408304237191
Random,0.08619078814006846
Random,0.0942579713018087
Random,0.0995525696363911
Random,0.1002278583818809
Random,0.08821538817686303
Random,0.08021008474676908
Random,0.09966364425863057
Random,0.08820382727197032
Random,0.1011453826226025
Random,0.07851644397359994
Random,0.0812424839290072
Random,0.08472540324358135
Random,0.08600935395995991
Random,0.09254394508390971
Random,0.09356430312130774
Random,0.09658610252115198
Random,0.09698935566945213
Random,0.09691513536837501
Random,0.0958642135165592
Random,0.08885454689514916
Random,0.0973178572249773
Random,0.09821139494126742
Random,0.09733576250192146
Random,0.09688061396675453
Random,0.09597923309064729
Random,0.09195778813871414
Random,0.09635088772770319
Random,0.09749011196673914
Random,0.09658765917912351
Random,0.09648296597023887
Random,0.09390988165677884
Random,0.09730199249612172
Random,0.09519791175659366
Random,0.0968288497428428
Random,0.09858306399124826
Random,0.09681687104443272
Random,0.09740949662562619
Random,0.09480520508808914
Random,0.0966958818979821
Random,0.09697069466984333
Random,0.09843672391011994
Random,0.09706592096427512
Random,0.09433396231325528
Random,0.09440988768466038
Random,0.09560615693217553
Random,0.0969735946948467
Random,0.0970119104660796
Random,0.09699640157458995
Random,0.09443473366070927
Random,0.0967930232506993
Random,0.0993848051317201
Random,0.08860040682548183
Random,0.09128979891745205
Random,0.09640480458102527
Random,0.09721789234333755
Random,0.09760833380146446
Random,0.09404011776406256
Random,0.09722419003012053
Random,0.09704339210532201
Random,0.09553481720787106
Random,0.0976718761762884
Random,0.09307279400591385
Random,0.09882890777876899
Random,0.07890830661928103
Random,0.07873244630477773
Random,0.0787749510027993
Random,0.07694439675643545
Random,0.07964889022071832
Random,0.07912831222338314
Random,0.0779104299453601
Random,0.07802145979605614
Random,0.07943772676725709
Random,0.07696735022688829
Random,0.07612009054126848
Random,0.08242164994410725
Random,0.0739269035278178
Random,0.0763762122486286
Random,0.0783476757924575
Random,0.07861954859188001
Random,0.07786528102994542
Random,0.07830942017754287
Random,0.07893470567371505
Random,0.07813925597521834
Random,0.07771728971157188
Random,0.07698025197244769
Random,0.0777596278037659
Random,0.07872125043083754
Random,0.07869642891285926
Random,0.07853327725528304
Random,0.07855318273261348
Random,0.0777140610412366
Random,0.07591581477156646
Random,0.07911975679241275
Random,0.07907809433591646
Random,0.07825350245231277
Random,0.07802732506970399
Random,0.0782418860935061
Random,0.07786457895969486
Random,0.07896911425729058
Random,0.07872585046914285
Random,0.07725217909961048
Random,0.07576255551086522
Random,0.07818121402095203
Random,0.07703341259876798
Random,0.07762238269374068
Random,0.07607084832485457
Random,0.077712005938214
Random,0.07851179036673475
Random,0.07857417153015181
Random,0.0794299618366726
Random,0.07808899577013458
Random,0.07819566104710012
Random,0.07776610712288752
Random,0.08436252642983634
Random,0.0952800211733477
Random,0.09706066206634643
Random,0.09732248151526335
Random,0.09622070381668989
Random,0.09812655139578144
Random,0.09280204327960055
Random,0.08287398752021195
Random,0.08947245114851958
Random,0.0960307379544726
Random,0.08698991808429314
Random,0.09445215305092347
Random,0.0981972352742803
Random,0.09394841820758464
Random,0.08790937345268292
Random,0.09803861232227819
Random,0.08954035870642128
Random,0.09430542501818552
Random,0.09236099251902528
Random,0.09707660575641544
Random,0.08208616336533428
Random,0.09695261966748855
Random,0.09910580816387794
Random,0.08314475187368739
Random,0.09644426573795581
Random,0.09225203018050974
Random,0.09080373341399602
Random,0.0972737448505561
Random,0.08826167612779809
Random,0.08659322060098061
Random,0.09793173003299671
Random,0.09185707360248127
Random,0.09371116263941863
Random,0.0898954914734499
Random,0.09147652142130928
Random,0.09244334396686124
Random,0.09758572742943881
Random,0.09705576420869834
Random,0.09978393655258953
Random,0.09622113583230275
Random,0.07840761860032533
Random,0.08570386881927407
Random,0.08851133471193862
Random,0.09039563301865883
Random,0.09319306637487605
Random,0.09449293797668597
Random,0.094017134472529
Random,0.0934079257916015
Random,0.09925907364303198
Random,0.10000048351328417
Random,0.09530175513626407
Random,0.09187344554658848
Random,0.09307880335016096
Random,0.08928955055764375
Random,0.0905964493225164
Random,0.09398211235573431
Random,0.09119465927964703
Random,0.09121777404771235
Random,0.08615000893832862
Random,0.09337299451943336
Random,0.09248264911608471
Random,0.09551550500684616
Random,0.09443531741773167
Random,0.0946535656776766
Random,0.09086864351352679
Random,0.0934177133288817
Random,0.09351022246025309
Random,0.09446292320302721
Random,0.09247745441018651
Random,0.09195642517711024
Random,0.09402274529195356
Random,0.09478936824901243
Random,0.09445469279571787
Random,0.09458434024489902
Random,0.09225444357146273
Random,0.09192448419985665
Random,0.09385179455917532
Random,0.09292867283987911
Random,0.09403556119139012
Random,0.0927577149173341
Random,0.0940413257727682
Random,0.09642206878884606
Random,0.09081612794970388
Random,0.09187913391365653
Random,0.09475951103803888
Random,0.09457932598152549
Random,0.0921764896122994
Random,0.09322205379983879
Random,0.09461203782176751
Random,0.09722829862732445
Random,0.08461011258871817
Random,0.09464337777920459
Random,0.09160189652442138
Random,0.0940291799411211
Random,0.09427412451742002
Random,0.09551040768457954
Random,0.09367886197079502
Random,0.0953824009310255
Random,0.09482374470787695
Random,0.09438240536397709
Random,0.07348898616144238
Random,0.08290319852937549
Random,0.07716546006438461
Random,0.07648000176954131
Random,0.07740043377514334
Random,0.0820992476996614
Random,0.07754444042178729
Random,0.07742202070273915
Random,0.0774646284905316
Random,0.07792544034831549
Random,0.07799233299761608
Random,0.0822686912219593
Random,0.07542793907113728
Random,0.07762272403456093
Random,0.07849414068388885
Random,0.08043960013412946
Random,0.0748168710401639
Random,0.0809810725712217
Random,0.07580928962761391
Random,0.07732269671493595
Random,0.07820807598203926
Random,0.0770623483543054
Random,0.07538770518637453
Random,0.07933521360961038
Random,0.07863654880702597
Random,0.07829366409057213
Random,0.07754553858146705
Random,0.07737244057018293
Random,0.07957687306555224
Random,0.08209657522730092
Random,0.07787551329598484
Random,0.07746402650031062
Random,0.07653501836241462
Random,0.07532798248998672
Random,0.08229195259168469
Random,0.08280885688464171
Random,0.07651276823356008
Random,0.07735602525488819
Random,0.07811775274719578
Random,0.08132255066815983
Random,0.08114560800126062
Random,0.08210328300899862
Random,0.08130855572299416
Random,0.07738015358277599
Random,0.07653974197246782
Random,0.07815257818318092
Random,0.0783101299557712
Random,0.07746804838034141
Random,0.0756009220890925
Random,0.07677591469496699
Random,0.09398958056006888
Random,0.09671173139672565
Random,0.0943535737173359
Random,0.09414175576062941
Random,0.09340558487080435
Random,0.08724128812213953
Random,0.09288609962958715
Random,0.09077375137599526
Random,0.07819559064211644
Random,0.09432055488444949
Random,0.08910352104370085
Random,0.09063391575386959
Random,0.09353704947587207
Random,0.08739431988056522
Random,0.08511740846074847
Random,0.0845451498630853
Random,0.09399690298999783
Random,0.0974032676287635
Random,0.09576311210643342
Random,0.09424599005745295
Random,0.09272616293951737
Random,0.09477761671311871
Random,0.09137456529245469
Random,0.09465787604699269
Random,0.09322915417855882
Random,0.09358824288053061
Random,0.09354516426680196
Random,0.09323424173783426
Random,0.09098221569427624
Random,0.09438631524201517
Random,0.08728374485051964
Random,0.09482230679180605
Random,0.09322408589416398
Random,0.09146645997355611
Random,0.09459584310883022
Random,0.09127493662466943
Random,0.08693968415200004
Random,0.08875667715736313
Random,0.09516486893069905
Random,0.08760021301953357
Random,0.09203480626328948
Random,0.08595044539464425
Random,0.09475348632713373
Random,0.08864154477470874
Random,0.09516728038106644
Random,0.09310629263125593
Random,0.09584409017075757
Random,0.09451343715505191
Random,0.09176191097780263
Random,0.0922671223939793
Random,0.0904455183512941
Random,0.09225632322178967
Random,0.08882248885791455
Random,0.08892679191477068
Random,0.0920543163603814
Random,0.087294551392895
Random,0.08985461499150103
Random,0.09287426679574041
Random,0.09011984204091002
Random,0.088818068712927
Random,0.08789198151652045
Random,0.09099290384212111
Random,0.09095859236628558
Random,0.09001924482861666
Random,0.09140741734786266
Random,0.09053203441977432
Random,0.09068557705212348
Random,0.09040981916781934
Random,0.08761842425982584
Random,0.08985673941838813
Random,0.09024440001383839
Random,0.092224969410842
Random,0.0932831434286803
Random,0.09104133164009502
Random,0.08936722987295045
Random,0.08730580068189552
Random,0.08705543234779002
Random,0.08947771281925603
Random,0.08858749558946093
Random,0.09379547075882654
Random,0.08962075294739082
Random,0.08860470656124976
Random,0.08414326572802062
Random,0.08447926225296751
Random,0.09161492950600396
Random,0.09213040254327
Random,0.09005228789760215
Random,0.08928226050245362
Random,0.09038694780948171
Random,0.09219951129220354
Random,0.08720959019760446
Random,0.0909704054944882
Random,0.09066488623965897
Random,0.09408427761374785
Random,0.09021482423780672
Random,0.08615686773726898
Random,0.08944021451448643
Random,0.08893665057354992
Random,0.08900237809405301
Random,0.09190771320559829
Random,0.08013689761687358
Random,0.0809009551118578
Random,0.08088501041084076
Random,0.08029211570945449
Random,0.07921425097812776
Random,0.08111242422423004
Random,0.08008169220751224
Random,0.07998180125606577
Random,0.07994472616821367
Random,0.07550340000256028
Random,0.08294450504877002
Random,0.08240327926970435
Random,0.07989645912096169
Random,0.08130187776197115
Random,0.07902962815706514
Random,0.07948776671696578
Random,0.08090960686880473
Random,0.0806875317676697
Random,0.08087800549238214
Random,0.08051147285207248
Random,0.07961651729826258
Random,0.07689973741543099
Random,0.07940817138853211
Random,0.07936720569165345
Random,0.07936399729930242
Random,0.07745660009590186
Random,0.08062512958180434
Random,0.08076604080912782
Random,0.07969087470785244
Random,0.08168573611781937
Random,0.07899154657696629
Random,0.08054675179636815
Random,0.08024242152454317
Random,0.07948563150439725
Random,0.08195297444641321
Random,0.08049196915380971
Random,0.0797369092295485
Random,0.0807441292464018
Random,0.07912939124041429
Random,0.08032510149195916
Random,0.08112763488228479
Random,0.07738531854063727
Random,0.08023259591590204
Random,0.0814220700958381
Random,0.0803403565655125
Random,0.08039545804960824
Random,0.08035372270116577
Random,0.07935090432214054
Random,0.08127692524963338
Random,0.07561976947534431
Random,0.09322346703286298
Random,0.09106765854725397
Random,0.0913747896921657
Random,0.09028599369390276
Random,0.09057149556810325
Random,0.09065675335854248
Random,0.08998813585018338
Random,0.08929807166766222
Random,0.0889949550179929
Random,0.09000422810704224
Random,0.08546818972490249
Random,0.08976451034068589
Random,0.0847287223723084
Random,0.09194578506736661
Random,0.08602280753670957
Random,0.09219802091114714
Random,0.08720579605573928
Random,0.08865985898555502
Random,0.08855606558474197
Random,0.09273583873149148
Random,0.08911236110480811
Random,0.09304431777115342
Random,0.09055654281874581
Random,0.09234342841620803
Random,0.08615664070403893
Random,0.08542412442292045
Random,0.0922518658790332
Random,0.08995015914470018
Random,0.09115155274210654
Random,0.08926739671539151
Random,0.0896276752525722
Random,0.08900706943986895
Random,0.0900616195780799
Random,0.090025379160634
Random,0.09013688797157167
Random,0.08700610181892492
Random,0.09069113537918229
Random,0.08931131293474388
Random,0.08875174737268107
Random,0.0905975398208158
Random,0.0879185429740131
Random,0.08573032951847129
Random,0.09209471763925389
Random,0.09105545609850399
Random,0.08670121680120246
Random,0.08586733743545542
Random,0.09279086522259458
Random,0.08765786902308191
Random,0.08756008366362014
Random,0.08889272549274706
Random,0.08952390069292855
Random,0.09016587968338692
Random,0.08699374309042948
Random,0.091035108420162
Random,0.09016210472526609
Random,0.08336187232300622
Random,0.08822703444442327
Random,0.0870703321050448
Random,0.08816313130124749
Random,0.08828667802730397
Random,0.08885279588013313
Random,0.0867426911918504
Random,0.08883989478641752
Random,0.08655837223077104
Random,0.08955275841065559
Random,0.08341508147342276
Random,0.09036147455851815
Random,0.08602411909102159
Random,0.09095069226253015
Random,0.08975823738946483
Random,0.0896635087369272
Random,0.08788584270133575
Random,0.08906237270555144
Random,0.08826788716253427
Random,0.08894960375784576
Random,0.08812471092512908
Random,0.08829784553950658
Random,0.08776497589501073
Random,0.08589261660954557
Random,0.08640686387734117
Random,0.08481244258760715
Random,0.08832369341946032
Random,0.08756214529921026
Random,0.08691577478518907
Random,0.08675066751609961
Random,0.08690020681545516
Random,0.08783773366075463
Random,0.09022762850397369
Random,0.08746290228106293
Random,0.08800777894700218
Random,0.09060270491941123
Random,0.08562275157970183
Random,0.08771171045801752
Random,0.08934643251747941
Random,0.08783228664339456
Random,0.08621783768382686
Random,0.08557791712530007
Random,0.08875352593446857
Random,0.08832701323324395
Random,0.0858016919149703
Random,0.08059097560329624
Random,0.08088946758149161
Random,0.08340170401784316
Random,0.07974102982785577
Random,0.07818233075245067
Random,0.07969171299286668
Random,0.07910209578014563
Random,0.08294571851238532
Random,0.08076613503809986
Random,0.0788803539375006
Random,0.08203953562559921
Random,0.08016770854287156
Random,0.08259085768453035
Random,0.08145689210737268
Random,0.08268564395355124
Random,0.08095442807787581
Random,0.08015727854249885
Random,0.07973095494399932
Random,0.08252120551751473
Random,0.08233855649952611
Random,0.08155395340890591
Random,0.08054187800010684
Random,0.0810150971611238
Random,0.08216083603768506
Random,0.0796844715851636
Random,0.08055950971400096
Random,0.07768398079485703
Random,0.0820137571310856
Random,0.07985772641421411
Random,0.08230821858631795
Random,0.08167902244279089
Random,0.08215897744124286
Random,0.08193184896735163
Random,0.08121282030854259
Random,0.0802862921045622
Random,0.08141819731610919
Random,0.08309526363436046
Random,0.08027973484690319
Random,0.08262376895223765
Random,0.08138811550469427
Random,0.07618526773132471
Random,0.0820385379949207
Random,0.08230917713681306
Random,0.08170818698513926
Random,0.07911373818942025
Random,0.08171749114561269
Random,0.08337879561707544
Random,0.0829507538260523
Random,0.08251482234489467
Random,0.0817534421075834
Random,0.08825045929888072
Random,0.08684638276341161
Random,0.08606530485978883
Random,0.0881120295176763
Random,0.0867932926575321
Random,0.08830196922106179
Random,0.08671952979554069
Random,0.08967180200704458
Random,0.08709788179598986
Random,0.08850198302612812
Random,0.0866354271391592
Random,0.08864554981599124
Random,0.08460396271616284
Random,0.085148747635474
Random,0.08608657978668889
Random,0.08845203964744996
Random,0.08726255485844701
Random,0.08994251544938793
Random,0.09061133175895618
Random,0.08850005299455736
Random,0.09019109168883485
Random,0.08539430163250675
Random,0.0890353728208737
Random,0.08413450140154614
Random,0.08871087479903192
Random,0.09069546616601899
Random,0.08235677468259642
Random,0.0895117690467373
Random,0.08701463566411657
Random,0.08964683431687247
Random,0.08547387822765577
Random,0.08891024550663117
Random,0.0828286665086994
Random,0.08574079113758971
Random,0.08747336094592129
Random,0.08719527598020907
Random,0.08686175031276784
Random,0.08820236715761252
Random,0.0856493702789375
Random,0.08729478442587078
Random,0.0883360459489495
Random,0.08430472078291425
Random,0.08834548084285286
Random,0.08770397136752958
Random,0.08640296946406474
Random,0.08868401129359427
Random,0.08454260509676967
Random,0.0864159116665186
Random,0.08693518584851338
Random,0.08679985778651858
Random,0.08607913533998003
Random,0.0851863156346054
Random,0.08462066191145823
Random,0.08620063809983744
Random,0.07845421530695416
Random,0.08059132781668918
Random,0.07976751021484217
Random,0.07990345237145188
Random,0.08098539060683103
Random,0.08213005544560101
Random,0.0788046628914937
Random,0.08059389379393776
Random,0.07988174835958059
Random,0.08139895797068318
Random,0.0813620196106614
Random,0.08216445749076635
Random,0.08041616500246107
Random,0.08192440431401897
Random,0.08148815707056656
Random,0.07751583881804029
Random,0.08196563136990319
Random,0.07801686740161935
Random,0.08281986071341407
Random,0.08119598077470869
Random,0.08068613630090381
Random,0.0820240796998389
Random,0.08110490117222469
Random,0.0818141038968666
Random,0.08081932245484122
Random,0.08053934898478587
Random,0.08125324341446165
Random,0.07993580715662826
Random,0.07984310229718972
Random,0.07922013449010633
Random,0.08051573445874485
Random,0.07923120742640524
Random,0.08058049575515724
Random,0.07929782910454922
Random,0.08269460356798675
Random,0.07842294663043349
Random,0.08053531378296798
Random,0.08140899684495041
Random,0.07971314181503837
Random,0.07981978357523596
Random,0.0807695186776698
Random,0.07943276596723438
Random,0.0801604562441968
Random,0.08038141738810468
Random,0.0811877805147958
Random,0.07900726533310985
Random,0.07664503045769168
Random,0.08074711501677305
Random,0.07811421557652563
Random,0.08053982113350701
Random,0.0821425772343604
Random,0.08198704389949237
Random,0.07816880504102285
Random,0.08458337917018152
Random,0.08771251396195469
Random,0.08319278934336946
Random,0.0831807525738729
Random,0.08166965349501254
Random,0.08681454825152254
Random,0.08601684327418825
Random,0.08864947863591308
Random,0.08724091046539074
Random,0.0835849473217211
Random,0.08393230403201
Random,0.08702518325567407
Random,0.08353392975883318
Random,0.0862286473147366
Random,0.08619831916029293
Random,0.08402909151155313
Random,0.0834339802050051
Random,0.08658631290435283
Random,0.08505770386847392
Random,0.08468671945652366
Random,0.08202426384032435
Random,0.08693293854660412
Random,0.08143843597701204
Random,0.0845217687477872
Random,0.08623182630459578
Random,0.08652003634848475
Random,0.08528759046688654
Random,0.08214122663486023
Random,0.08512220415648082
Random,0.08545776950670765
Random,0.08854164470069341
Random,0.08432511502477626
Random,0.08535433397608878
Random,0.08499826719956818
Random,0.0834409094097757
Random,0.08555207890644567
Random,0.08226250397473425
Random,0.08288247829401842
Random,0.08509853884480785
Random,0.08522103765505408
Random,0.08767742946514138
Random,0.08493841954272544
Random,0.08627105958594987
Random,0.08454326542690183
Random,0.08361522951718468
Random,0.08016182228905068
Random,0.08378118433150965
Random,0.08589191053938272
Random,0.10301013227838851
Random,0.08261375909022561
Random,0.08893922669049381
Random,0.09131110309431456
Random,0.08137598667764046
Random,0.09507427630034293
Random,0.08746979078356532
Random,0.09213692954926955
Random,0.10155312379237635
Random,0.10055712310157894
Random,0.09970328639005999
Random,0.10042599528432028
Random,0.08290684926859271
Random,0.0879501256218127
Random,0.0974356035692523
Random,0.09946215751479492
Random,0.1007289497238304
Random,0.10206353727485684
Random,0.08793064184733979
Random,0.09533653049421353
Random,0.10113370165814217
Random,0.1014096679490688
Random,0.09025715028656478
Random,0.0987487700936498
Random,0.10181781154764025
Random,0.08051606717655524
Random,0.102300829504955
Random,0.10371616648455095
Random,0.10251435525055008
Random,0.10243705906318823
Random,0.10340210240197578
Random,0.10390358685406653
Random,0.10317563943145913
Random,0.1015973373374095
Random,0.09953108353430551
Random,0.08933654185494078
Random,0.09808548507598047
Random,0.10108467730849391
Random,0.09287252628989506
Random,0.08302802304561574
Random,0.09177763993384858
Random,0.10169817322761787
Random,0.10078277720604767
Random,0.09542894362541254
Random,0.1032192207738234
Random,0.0972072389907872
Random,0.10075459208306015
Random,0.09964293920270606
Random,0.08745195971511777
Random,0.07248115871937699
Random,0.07388103398124457
Random,0.0725366530957885
Random,0.07485422047162338
Random,0.07275580013361349
Random,0.07186472320263171
Random,0.07305232014504526
Random,0.07133574129473175
Random,0.0728245878615521
Random,0.07326563633063365
Random,0.07479244272395924
Random,0.07419788131321248
Random,0.07861700911281488
Random,0.07345449547818816
Random,0.07407018875340121
Random,0.07239225551218453
Random,0.0739703106441727
Random,0.07847937831264318
Random,0.07373156376966072
Random,0.0743848037338335
Random,0.06930237865117839
Random,0.07559772340283999
Random,0.07940989875468141
Random,0.07507923330735267
Random,0.07276369303032304
Random,0.07284318380747656
Random,0.0734248095957355
Random,0.07156102734792213
Random,0.07213471437658825
Random,0.07331501707654553
Random,0.07311842190223317
Random,0.07335842702393514
Random,0.07150668124721093
Random,0.07784483034480161
Random,0.07340626522637272
Random,0.07366308734532012
Random,0.07304965016126985
Random,0.07364159228716538
Random,0.07293265377565028
Random,0.07509925561761932
Random,0.07182576098458249
Random,0.07383465607368578
Random,0.07777214857538084
Random,0.07683492362180289
Random,0.07377177726550777
Random,0.07475466783360929
Random,0.07267187993698165
Random,0.07347587728837368
Random,0.07331733049553613
Random,0.07388426995406583
Random,0.08820741423752487
Random,0.08042222771980789
Random,0.09719059291106369
Random,0.07697333484574109
Random,0.07868199233879203
Random,0.07676308255270925
Random,0.09659782714274634
Random,0.08793231102345977
Random,0.08829468988091627
Random,0.07933003232503744
Random,0.09058998327161483
Random,0.09961359412659831
Random,0.089788966507232
Random,0.07565754067368324
Random,0.08712945710157882
Random,0.09107214057823754
Random,0.07686086827449046
Random,0.09385595731661844
Random,0.09963501395857044
Random,0.09877311402228806
Random,0.09967058047270605
Random,0.09876193127461796
Random,0.09806534986524795
Random,0.09947577752916992
Random,0.10027131705100345
Random,0.09930880535608466
Random,0.09200376281019551
Random,0.0957623824363587
Random,0.1006118976723247
Random,0.10008860239552853
Random,0.10019197709550554
Random,0.10073284567277518
Random,0.09418228135804263
Random,0.0982392620021102
Random,0.09969841345692565
Random,0.09994794400427587
Random,0.09550116903164252
Random,0.09280485130599203
Random,0.09648017055565461
Random,0.10070813982349769
Random,0.09870082520792067
Random,0.09795756035364711
Random,0.0993577234563876
Random,0.10224703764606424
Random,0.09745356464074462
Random,0.10070756298672201
Random,0.09572376293107254
Random,0.09904211692859377
Random,0.09805973474807672
Random,0.09771371478145774
Random,0.09763440614591268
Random,0.09876958453495455
Random,0.09758836745329447
Random,0.0954812341279716
Random,0.08594214807941114
Random,0.09874488732160458
Random,0.09889054803364594
Random,0.09048108188487092
Random,0.08771640076446374
Random,0.09888619765357376
Random,0.097412348912016
Random,0.10080871882082931
Random,0.08931855916499742
Random,0.0887746036375141
Random,0.09867633512202367
Random,0.09916112843844971
Random,0.0944077450780032
Random,0.09750777448713244
Random,0.0729777640353575
Random,0.07701981992844686
Random,0.0741503519263258
Random,0.08011131136510308
Random,0.07871271811063885
Random,0.07927350639192454
Random,0.08004275077595757
Random,0.07953156440720477
Random,0.07967327358223564
Random,0.07686962157656652
Random,0.07698061805105816
Random,0.07722538895172981
Random,0.07709430052204524
Random,0.07897747024194857
Random,0.07996425998999435
Random,0.07186717512189311
Random,0.07937488914628332
Random,0.07884760068172803
Random,0.07955378783239908
Random,0.07940010257176766
Random,0.07902021118913183
Random,0.07957142252212002
Random,0.07784486965927861
Random,0.07296027472319899
Random,0.07681876896988094
Random,0.07958330864176055
Random,0.07679312297322483
Random,0.07760728793830474
Random,0.07826031704907876
Random,0.07924429123320209
Random,0.07760940721635556
Random,0.07787199873536466
Random,0.07959131870630287
Random,0.07960955593638985
Random,0.07725526636746949
Random,0.0790438087440215
Random,0.08074064979503959
Random,0.07891695773241558
Random,0.07194722232415174
Random,0.07943044172428237
Random,0.07917216450646158
Random,0.07915442983774312
Random,0.08047661370052417
Random,0.07710509104412999
Random,0.07799408342822645
Random,0.07805695712963079
Random,0.08022432973973537
Random,0.07952166762275148
Random,0.07668311507630143
Random,0.07739180701961601
Random,0.0802724765747449
Random,0.09678617008320423
Random,0.08261267819380969
Random,0.09837101908597212
Random,0.08873524660506504
Random,0.09528749165335171
Random,0.09780549899518576
Random,0.085913123329453
Random,0.10071138243043976
Random,0.09293770814502267
Random,0.08172801125041751
Random,0.09351487665989389
Random,0.09658604479246868
Random,0.0992228162090516
Random,0.08637945182160145
Random,0.08227485411867619
Random,0.09373781383867374
Random,0.1011563484719673
Random,0.09671838198699767
Random,0.10103588720975587
Random,0.08537294528187189
Random,0.08219486738617299
Random,0.09871135705198952
Random,0.10003382467016841
Random,0.10042444793882943
Random,0.08960056451693887
Random,0.08183995108591269
Random,0.08192071903514986
Random,0.10114694950495995
Random,0.09968506351523487
Random,0.09761456425891168
Random,0.08641233128017234
Random,0.08964350155857659
Random,0.08162256826451397
Random,0.0989171056483027
Random,0.09763826203134585
Random,0.09589653955714716
Random,0.10066344124571636
Random,0.09604549926582173
Random,0.09981477597623822
Random,0.08688304369485245
Random,0.0978980919290553
Random,0.08302577205847861
Random,0.10002356132901191
Random,0.09430670386021944
Random,0.1016134900864838
Random,0.0855504315599056
Random,0.09940478126392804
Random,0.08918853779322511
Random,0.09963604089458578
Random,0.09754112984346541
Random,0.09513934927244172
Random,0.09443176296445976
Random,0.08951027279212198
Random,0.09480178918873072
Random,0.09190048446999377
Random,0.09710525670480585
Random,0.09574637572423406
Random,0.09870189849344513
Random,0.0984056282422543
Random,0.0969587059496746
Random,0.0947709930942775
Random,0.09802918974829389
Random,0.09472973690733433
Random,0.09358458657417401
Random,0.09534639890275187
Random,0.09366558680818393
Random,0.09468322276478425
Random,0.08859226870225712
Random,0.09510136697475957
Random,0.09667459367251396
Random,0.09757288700233246
Random,0.09389783896064863
Random,0.09578819800420746
Random,0.0952438996533278
Random,0.09572952883217845
Random,0.09489304626516137
Random,0.09459723926269525
Random,0.09756689175111788
Random,0.09648337740364354
Random,0.09613500318320867
Random,0.0982363556273782
Random,0.09722007004308963
Random,0.09741149267575899
Random,0.09523385019628172
Random,0.09556918144770776
Random,0.0978676218439265
Random,0.09952217252690332
Random,0.09789026727376182
Random,0.09006292739513277
Random,0.0961744730970846
Random,0.09649058068040617
Random,0.09424834526970649
Random,0.0963483981850306
Random,0.0974274394688539
Random,0.09190246176290451
Random,0.09868457479512571
Random,0.09893585791003545
Random,0.0990718379781832
Random,0.0973180439872543
Random,0.07728030568872413
Random,0.07631219650845011
Random,0.07979413706012828
Random,0.07618642983304902
Random,0.07801849928456939
Random,0.07752689310084548
Random,0.07527136539851043
Random,0.0743485931249328
Random,0.07594978624222115
Random,0.07517149299909676
Random,0.07607693467612009
Random,0.07806677360206393
Random,0.0759650183322158
Random,0.07769727544295968
Random,0.07699407912023126
Random,0.08003198702743042
Random,0.07640209900011286
Random,0.07695618647687219
Random,0.07528231187949785
Random,0.07688734330440106
Random,0.07660599174603533
Random,0.07552695168061341
Random,0.07695721723044358
Random,0.07661638164130657
Random,0.07611361243462689
Random,0.07542043836725476
Random,0.07995064189866241
Random,0.07657382914820587
Random,0.07413777512974207
Random,0.07619522186332972
Random,0.07510450228862098
Random,0.07448249618334302
Random,0.07433746538914932
Random,0.07652973008399755
Random,0.07610736605964163
Random,0.07696368985080504
Random,0.07576211564052926
Random,0.07769889174161548
Random,0.07551056733981909
Random,0.07728165550276245
Random,0.08060436644205282
Random,0.0769430463101255
Random,0.07577801783390115
Random,0.07827930996512755
Random,0.0782749345941518
Random,0.07643365567919247
Random,0.07833176692040311
Random,0.0766589754956648
Random,0.07706308724976019
Random,0.07600863904123223
Random,0.0896388560818
Random,0.09595521441145394
Random,0.08700391825957432
Random,0.08738219858219054
Random,0.09824434919205416
Random,0.09697893739941321
Random,0.093956515277128
Random,0.09364306986113036
Random,0.09934243676339527
Random,0.08800632793870555
Random,0.09636762019917633
Random,0.09793158905919341
Random,0.09226967104003414
Random,0.09844425297192316
Random,0.0987783536199629
Random,0.08833528203648555
Random,0.08991741260062724
Random,0.0967963524634623
Random,0.09546825445086426
Random,0.09571034357085573
Random,0.09247723535830765
Random,0.08592458064828534
Random,0.09139783397697165
Random,0.09552076924651409
Random,0.09196217737152246
Random,0.09792704723351342
Random,0.09622799047276054
Random,0.09657806358944043
Random,0.0970487564438205
Random,0.09377944100516267
Random,0.09168548652526276
Random,0.08761090317602793
Random,0.0837215838323555
Random,0.09435845662491538
Random,0.0940017843063039
Random,0.09544577263242537
Random,0.09395101312646403
Random,0.0982109926717687
Random,0.09758593289999062
Random,0.09871813630676307
Random,0.09693426167922503
Random,0.08668489768517418
Random,0.08992559980072379
Random,0.09460384619045925
Random,0.09116069159394335
Random,0.093432350218567
Random,0.08933144460253395
Random,0.09895868102265304
Random,0.09744536179318786
Random,0.08896249468030781
Random,0.09244110026845398
Random,0.09016271700524747
Random,0.09347633541727696
Random,0.09408219740341472
Random,0.08849370199318862
Random,0.08993440495460625
Random,0.09687501044040125
Random,0.09272157719243346
Random,0.0957470152741351
Random,0.09258642734625333
Random,0.0939626074343014
Random,0.0920951217516155
Random,0.09056371733652036
Random,0.09132783262215582
Random,0.08961647222795577
Random,0.0926550582481287
Random,0.09300790674799053
Random,0.0911015763473948
Random,0.09557502459344391
Random,0.09469661860115508
Random,0.09455568181734719
Random,0.09378157561897993
Random,0.09614782173819592
Random,0.0924425555508801
Random,0.09466406613192824
Random,0.0892214775445126
Random,0.08835543452456562
Random,0.09180728742657429
Random,0.09363143290381082
Random,0.09015657426405177
Random,0.09650322104887366
Random,0.09569312343118774
Random,0.08925586024179921
Random,0.09543657971970099
Random,0.09406372707038102
Random,0.09339509614336095
Random,0.089954702275298
Random,0.09288231801832048
Random,0.09243272559342586
Random,0.09437944642870733
Random,0.09344399944382609
Random,0.09338264064417068
Random,0.09219351789606911
Random,0.09319718436494817
Random,0.09320221746378543
Random,0.09264466563342211
Random,0.0916022785769286
Random,0.09367247309296545
Random,0.09216817881608108
Random,0.09131893633544941
Random,0.07623970063166574
Random,0.08013810455856785
Random,0.0787845033597776
Random,0.07885350527501345
Random,0.07753439486466718
Random,0.07794133595341357
Random,0.07515930807709204
Random,0.07942341750906756
Random,0.07880693989326915
Random,0.08022370317924299
Random,0.0811662283422443
Random,0.07559534630238751
Random,0.07783100040609092
Random,0.08182217059605534
Random,0.07622120739982563
Random,0.0801329144371028
Random,0.0759863305632198
Random,0.07884095653545131
Random,0.08028906164587646
Random,0.07976110157873784
Random,0.07625828002940338
Random,0.07635353282928925
Random,0.07511667481958462
Random,0.07554279737807157
Random,0.07975430983368348
Random,0.07474383962568965
Random,0.07592180958223516
Random,0.08018049797314397
Random,0.0755024807921707
Random,0.07912909524438838
Random,0.07522940560401281
Random,0.07677040838578719
Random,0.07961526821356557
Random,0.07914169056767406
Random,0.07873378472483772
Random,0.07572213239164327
Random,0.07498167564525104
Random,0.07277343381808699
Random,0.0718282015521936
Random,0.07613627603524087
Random,0.07906654486001585
Random,0.08083959262361873
Random,0.0761559964379881
Random,0.07997988562460456
Random,0.07984521763333596
Random,0.07573892821531203
Random,0.07620878184742885
Random,0.07466316512318194
Random,0.07872761834521036
Random,0.07399786940566422
Random,0.08413306523249986
Random,0.09380862487901709
Random,0.09258959594932037
Random,0.09213973093895333
Random,0.08990480023806846
Random,0.09135847341240222
Random,0.09338882272411908
Random,0.09602891770083488
Random,0.0944391710851864
Random,0.08438113920308687
Random,0.09181313905742705
Random,0.09036209709068643
Random,0.09445136786743014
Random,0.09477431152099669
Random,0.09231181340386563
Random,0.09181273412083968
Random,0.09317360430474153
Random,0.09480010520524829
Random,0.08859352433047007
Random,0.08540240045069325
Random,0.09152704023683711
Random,0.09441259792859746
Random,0.09027827690407442
Random,0.09371678686587792
Random,0.08445234913151367
Random,0.08948838626070632
Random,0.09031594227879935
Random,0.08386152976719963
Random,0.09357739004097354
Random,0.0891606730027732
Random,0.09349600662946678
Random,0.09276330653410447
Random,0.08187436235080625
Random,0.0934262920551241
Random,0.0888560858074996
Random,0.09515615749643658
Random,0.09483472758763156
Random,0.09333542575985554
Random,0.0864971591110617
Random,0.09612618447731336
Random,0.08404689255954167
Random,0.09066630187026448
Random,0.09288460071507743
Random,0.09455305933206759
Random,0.09189645047550066
Random,0.09540926746578648
Random,0.08846088280988873
Random,0.08334207405912686
Random,0.09402559599783622
Random,0.09326378799650215
Random,0.09121612274693724
Random,0.0895332071906001
Random,0.0855758197699803
Random,0.09063811237991715
Random,0.08777300534084631
Random,0.09228837375791343
Random,0.0905022017446111
Random,0.09031050382275119
Random,0.09383940001451663
Random,0.091068125305652
Random,0.08758510972540456
Random,0.0908395514402276
Random,0.09088292556351973
Random,0.09130593850235513
Random,0.09020416029872713
Random,0.09123482377842862
Random,0.08974232739277
Random,0.09034609024442375
Random,0.09067979568300899
Random,0.08811653480267445
Random,0.08826520761861367
Random,0.08593289941157956
Random,0.0898374681481453
Random,0.09172441326911596
Random,0.08451057894203906
Random,0.08879991260714704
Random,0.08966199679153597
Random,0.09394145608731463
Random,0.0894994595701668
Random,0.08806119498507314
Random,0.09285951822549343
Random,0.09033638153210788
Random,0.09078317594320495
Random,0.09248119510768582
Random,0.09146616057709522
Random,0.08880265529662701
Random,0.08732367537572827
Random,0.09053985251616403
Random,0.09139750517273626
Random,0.0894471541549482
Random,0.08976465952047619
Random,0.08204172112803931
Random,0.09227161474194112
Random,0.09107127002551252
Random,0.09118321508922911
Random,0.09078947099482981
Random,0.09061243518386597
Random,0.08997095190791882
Random,0.08706803051317635
Random,0.08838640155543942
Random,0.0782280918631244
Random,0.07938156896975457
Random,0.07891250218241197
Random,0.07713494506944407
Random,0.07753238130532125
Random,0.07836853463428461
Random,0.07848605733076752
Random,0.0789679699899608
Random,0.07794146483307429
Random,0.0782536708567303
Random,0.07508185577585813
Random,0.07861020859360224
Random,0.07995739345254016
Random,0.07817811486204995
Random,0.08294436511348557
Random,0.0797591455920621
Random,0.07872502923757096
Random,0.07862385715954723
Random,0.07869096961141508
Random,0.07776788405206503
Random,0.08063460793384536
Random,0.07873560143344527
Random,0.07747375162434622
Random,0.08272233932950535
Random,0.07872898809138107
Random,0.0829382297731538
Random,0.07718953646491933
Random,0.07803684127289934
Random,0.07840769553288673
Random,0.0795871744996699
Random,0.07739937656412543
Random,0.07849375367669786
Random,0.08174267138267055
Random,0.07847710618057668
Random,0.07719765881502738
Random,0.07655329022660062
Random,0.07735652412543104
Random,0.07783971146144708
Random,0.07768524373193131
Random,0.07912018081924366
Random,0.0774119944770515
Random,0.08101456664679851
Random,0.07920346325695427
Random,0.07819849691626857
Random,0.07786679551967524
Random,0.08127206720564395
Random,0.07725336379715486
Random,0.07709092921708027
Random,0.0786944357415642
Random,0.08304982011077833
Random,0.0903071455055855
Random,0.08969219977563014
Random,0.09098144111803208
Random,0.09076740115495596
Random,0.08589681558865259
Random,0.08541505916710612
Random,0.09118323584229593
Random,0.0891534189703691
Random,0.09284076617370296
Random,0.09149012193164019
Random,0.08883815767893566
Random,0.08861334652005048
Random,0.0912403522142533
Random,0.09159583621221579
Random,0.08830820139931461
Random,0.08906164871294031
Random,0.09187946922254575
Random,0.09095085388469748
Random,0.09146025374908362
Random,0.09064396488760096
Random,0.08884881411424672
Random,0.08818031853715702
Random,0.0893071051794454
Random,0.0895968604492765
Random,0.09075863342882506
Random,0.08698652064929924
Random,0.0865047987090275
Random,0.0925960592466808
Random,0.08708855581746455
Random,0.08817795106210724
Random,0.0864053229602888
Random,0.08954302744084686
Random,0.0909286912149021
Random,0.08279497202639696
Random,0.08422856195955752
Random,0.09191372228936956
Random,0.08831126555359425
Random,0.08540734089120328
Random,0.09099380733185392
Random,0.09247842572245268
Random,0.08456684785739554
Random,0.09281298678177308
Random,0.09072582323648248
Random,0.09146507177023366
Random,0.09063890750666026
Random,0.08706416939379125
Random,0.08442170017687012
Random,0.08544066429647401
Random,0.08787418296165761
Random,0.09026631921314632
Random,0.08505849375250918
Random,0.08779761602155212
Random,0.08577813666372514
Random,0.08479913275941087
Random,0.08653165094994719
Random,0.0869802402285611
Random,0.08697569867364585
Random,0.08676651691455106
Random,0.0869443891091386
Random,0.0870115837222567
Random,0.0845182897454766
Random,0.08741588192106953
Random,0.08814956751022329
Random,0.08892794286531469
Random,0.08798954911081935
Random,0.08768127929925029
Random,0.08511635849240484
Random,0.08911225021352998
Random,0.08488016961731581
Random,0.08839034514599398
Random,0.09026761478763312
Random,0.08911587021029632
Random,0.08480778491684049
Random,0.08614095204233507
Random,0.08976973926772125
Random,0.08840081781385045
Random,0.09006889728436285
Random,0.08966273139540704
Random,0.08633636502564102
Random,0.08778517794929108
Random,0.08785553251090406
Random,0.08269669551333436
Random,0.08495985441083853
Random,0.0850926606587592
Random,0.09070010829466746
Random,0.08837846103556934
Random,0.08913892304568094
Random,0.08936083521836125
Random,0.08666159434634757
Random,0.08841525327762412
Random,0.08918614544355918
Random,0.08841033210012661
Random,0.088800783221469
Random,0.08427352676026345
Random,0.08372893835167972
Random,0.09085966005756063
Random,0.08904301507656243
Random,0.0849890301659002
Random,0.08791559801965576
Random,0.08496700031830251
Random,0.07653375160602316
Random,0.08155392725455357
Random,0.08072727203950869
Random,0.08014326707817787
Random,0.07869890063365581
Random,0.07894471015370641
Random,0.08049665808144901
Random,0.07942252426564167
Random,0.08008826611512987
Random,0.0793288700320609
Random,0.08115099168112216
Random,0.08051689505885307
Random,0.08088256743657496
Random,0.0808016463369352
Random,0.08191665658557312
Random,0.08128597885471933
Random,0.0797282811787614
Random,0.07695673289861382
Random,0.08007221775271667
Random,0.08079628082892576
Random,0.07992998261496709
Random,0.08061445563788361
Random,0.08046074099856249
Random,0.08252144262233152
Random,0.08067805742745549
Random,0.08107941485358339
Random,0.08164214784754797
Random,0.08120839679761183
Random,0.07873155928544229
Random,0.08164881401644841
Random,0.0784921569145638
Random,0.08060625294010748
Random,0.07936203828371369
Random,0.08077592735821071
Random,0.08075886110005115
Random,0.07737781277893774
Random,0.08042179529612348
Random,0.07984808813737843
Random,0.08175538977472918
Random,0.07803516444502101
Random,0.08037558571505343
Random,0.07840825870659529
Random,0.07823624189268585
Random,0.0810275715844071
Random,0.08011882947147697
Random,0.07946268831919667
Random,0.07896501175523873
Random,0.07849238476300435
Random,0.07962608673012639
Random,0.08034633678267156
Random,0.091310941156447
Random,0.0886861408148274
Random,0.08844279468202387
Random,0.08928672612569954
Random,0.08692449405140223
Random,0.0874594334466181
Random,0.08703228228860738
Random,0.08479513747423262
Random,0.0874051075318345
Random,0.08666547479223752
Random,0.08481216372999612
Random,0.0826797395662151
Random,0.08378242038496175
Random,0.08663266237657652
Random,0.08558175112881727
Random,0.08722144727487802
Random,0.08829400681182697
Random,0.08862565082870155
Random,0.08625967645638077
Random,0.08800067869830563
Random,0.08800633093968457
Random,0.08911573605722722
Random,0.08880818827255332
Random,0.08667138244612183
Random,0.08654203814876382
Random,0.0866704079584153
Random,0.08745709100072041
Random,0.08892166365838428
Random,0.08265463927863337
Random,0.08823303309374175
Random,0.0879799416953766
Random,0.08724716676788802
Random,0.08910068118728276
Random,0.08965579472677199
Random,0.08977610061465136
Random,0.08739377200279286
Random,0.08807126162232137
Random,0.08998812058475814
Random,0.08923071950212602
Random,0.08912773185878287
Random,0.08150942319480592
Random,0.08561471321882586
Random,0.08708682450845906
Random,0.08480825397062652
Random,0.08646984390585466
Random,0.08694273818385767
Random,0.08763165083115965
Random,0.08819338710714675
Random,0.0878526336212957
Random,0.08894018992426211
Random,0.0795938399134446
Random,0.08065187059890455
Random,0.07978516916108447
Random,0.07863270725932558
Random,0.07879323416530681
Random,0.07966114886914788
Random,0.08066462752683456
Random,0.07947333745377705
Random,0.07945491676918515
Random,0.07874554203388051
Random,0.08175046083268889
Random,0.08072030329264557
Random,0.07937172534479764
Random,0.07951059203566935
Random,0.08011662723575697
Random,0.08151491734452065
Random,0.08164096804264886
Random,0.0803132741465884
Random,0.08167421479964432
Random,0.0803409228483769
Random,0.07974878142970887
Random,0.0787090509805406
Random,0.07837254974709928
Random,0.08022059906223866
Random,0.07997665539317822
Random,0.07894758581795891
Random,0.08024122024950842
Random,0.08100862928326791
Random,0.08025302003856716
Random,0.07912171117685318
Random,0.07882547954035957
Random,0.08023666654926842
Random,0.08043280420147703
Random,0.0809304241142037
Random,0.0814211079633882
Random,0.08148184782661083
Random,0.07958649568926113
Random,0.08112254047773604
Random,0.08153696212055195
Random,0.07885427901423725
Random,0.0789003730491995
Random,0.07995828626685686
Random,0.07884532552234269
Random,0.07955077202445793
Random,0.07897878141726622
Random,0.08109836433703599
Random,0.08039436038817271
Random,0.07996437194780981
Random,0.08060091754486365
Random,0.08079526280782545
Random,0.08328704631475325
Random,0.08446909617098264
Random,0.08375987545526797
Random,0.08353580970291219
Random,0.0834892138044303
Random,0.08422492808360005
Random,0.08455258893821238
Random,0.0838978410678024
Random,0.08463503089996571
Random,0.08457513104351655
Random,0.08460904526697632
Random,0.08430474626950435
Random,0.08055115595816531
Random,0.08439123521536374
Random,0.08423287658393619
Random,0.08300938720664419
Random,0.08368515068100457
Random,0.08416003296868979
Random,0.0845485672089108
Random,0.08364807621245163
Random,0.08365589732469303
Random,0.08588694918392292
Random,0.08535288978170819
Random,0.08128968665658931
Random,0.08419457713957357
Random,0.08476595070260018
Random,0.08504786220682448
Random,0.082885028024128
Random,0.0850207510166392
Random,0.08518513175732778
Random,0.08467363157790331
Random,0.08616587805829923
Random,0.0809986798340141
Random,0.08331624635861345
Random,0.08003068104903299
Random,0.08486319106092921
Random,0.08625478280862886
Random,0.08320449278067343
Random,0.08481969448472348
Random,0.08374793533328173
Random,0.08183737221667364
Random,0.08335035857315987
Random,0.08109971345760769
Random,0.08622662735088049
Random,0.08101609460462456
Random,0.08378323385864661
Random,0.08207492595608556
Random,0.08090718210619663
Random,0.08328517233793598
Random,0.08187116266727656
Random,0.10276236722282463
Random,0.09882479620866984
Random,0.10093503516385896
Random,0.10260291990317683
Random,0.08711139091019031
Random,0.1020559620711844
Random,0.08629147128964279
Random,0.10240193271393454
Random,0.10380272172754541
Random,0.09705493333800853
Random,0.10136295103022204
Random,0.08899677896442881
Random,0.10035007950793487
Random,0.10235607373226369
Random,0.10077294135398693
Random,0.09973374709137299
Random,0.10284869987629798
Random,0.10115196475961202
Random,0.09694115133365717
Random,0.09839143481339205
Random,0.09638068212230325
Random,0.0889011201876681
Random,0.10232333533580293
Random,0.10008083146912995
Random,0.10332893362376833
Random,0.08593501784361814
Random,0.08374598811976991
Random,0.0925347937427132
Random,0.09912513911963572
Random,0.10185920939359977
Random,0.10335111986777197
Random,0.10335210221288568
Random,0.0906969592673003
Random,0.094488945250848
Random,0.09917737042081222
Random,0.09766408502132151
Random,0.08801156451467938
Random,0.10150939769882446
Random,0.1031365348339932
Random,0.1024574664747146
Random,0.09802654374789516
Random,0.09999130956908825
Random,0.10339269726716005
Random,0.10131352372862228
Random,0.0989289843378316
Random,0.10092016972991441
Random,0.09789870229345372
Random,0.09051152479732297
Random,0.10377644696967378
Random,0.10088610099825245
Random,0.0719496710241398
Random,0.07290290450996888
Random,0.07642823862340403
Random,0.07421705518797239
Random,0.06969832509717201
Random,0.0701271715021158
Random,0.07184779583942695
Random,0.07332173378679682
Random,0.0713180063746282
Random,0.0725565739632038
Random,0.07309016334264287
Random,0.07232880711348837
Random,0.07633901194993263
Random,0.07389108772131042
Random,0.07915192450610675
Random,0.07183200349100913
Random,0.07097481210002993
Random,0.07246041791948067
Random,0.07064109344514691
Random,0.07572682129100075
Random,0.07241503061534774
Random,0.07087159523884641
Random,0.07308439403925131
Random,0.07251211443136343
Random,0.07141168874103225
Random,0.07172900758862807
Random,0.0706676474958117
Random,0.07086469664625225
Random,0.07587061408085244
Random,0.07139850073850892
Random,0.07011758285719655
Random,0.07224078510925994
Random,0.07228726096258715
Random,0.06984979844296094
Random,0.07185938434458213
Random,0.07244129421294884
Random,0.07284488126998194
Random,0.0719885770747813
Random,0.0716813785676133
Random,0.07230331563224486
Random,0.07318848304864407
Random,0.07278049326452181
Random,0.07129756501111552
Random,0.07039400911473119
Random,0.0718462676748004
Random,0.07210088828331923
Random,0.07280001054756566
Random,0.07300736813193806
Random,0.07203318921172928
Random,0.07321680763850698
Random,0.07772955723460326
Random,0.07840925372981171
Random,0.08606335566430327
Random,0.09077984459337705
Random,0.10191623874607263
Random,0.07575970868419625
Random,0.07461012685890801
Random,0.10115897341176744
Random,0.09924561662709802
Random,0.10030327078033627
Random,0.09763515298831432
Random,0.09611158488204
Random,0.09877901986643185
Random,0.09529803086713981
Random,0.10033956682182242
Random,0.09834781589583486
Random,0.09937101303483252
Random,0.09939172558196832
Random,0.10040294822924523
Random,0.09893998262470108
Random,0.1009188978335121
Random,0.0982919506678507
Random,0.09979632125571748
Random,0.09906753647208985
Random,0.09940710000399772
Random,0.09839491602518535
Random,0.10127701452554384
Random,0.09871072812933493
Random,0.09941326627643655
Random,0.10068028401393764
Random,0.09916743878116405
Random,0.09986367012354454
Random,0.09612344852588864
Random,0.09163249581577146
Random,0.08664907964625318
Random,0.09890291118760944
Random,0.091932109979693
Random,0.1004524960845951
Random,0.09981626911183304
Random,0.08992922583896422
Random,0.1007447000388137
Random,0.09838626532343318
Random,0.09917546092149286
Random,0.09283469179103558
Random,0.09565884318518651
Random,0.0978295752456862
Random,0.10101734161769116
Random,0.09047795212790612
Random,0.0920831086815781
Random,0.10125951035649589
Random,0.09799581210119691
Random,0.09952469411768226
Random,0.09745739674055504
Random,0.09785573310297796
Random,0.1001641025921316
Random,0.09941829615992503
Random,0.09960685061340592
Random,0.09927667868007006
Random,0.07774855896821482
Random,0.07417238178850344
Random,0.07751918939903943
Random,0.07474558756388205
Random,0.0737398464045182
Random,0.07399019563854697
Random,0.07715402295809781
Random,0.07914332289928912
Random,0.07668205480947815
Random,0.0771343954667161
Random,0.07886859367465604
Random,0.07731628427007327
Random,0.07359674002071712
Random,0.0720515684868559
Random,0.07683575093217282
Random,0.07370403495863798
Random,0.07804676159525077
Random,0.07020352112783554
Random,0.07198599552996161
Random,0.07552538565903433
Random,0.07484656014282917
Random,0.07395893323937407
Random,0.07490581771908308
Random,0.07393604314690252
Random,0.07403033011583521
Random,0.07709573273705751
Random,0.07567233759552039
Random,0.07887510436392613
Random,0.07723902360577029
Random,0.07603715963167525
Random,0.07696634863315903
Random,0.07651811306986803
Random,0.07567376359627392
Random,0.07565024550558046
Random,0.0754543801507405
Random,0.07389681659804934
Random,0.07548006405135431
Random,0.07094580246415205
Random,0.07324896179065693
Random,0.07768916479210002
Random,0.07453761211828042
Random,0.0770425184111016
Random,0.07801853589968427
Random,0.07536412751699276
Random,0.07717716911398043
Random,0.07649867494562083
Random,0.07860000230435087
Random,0.0766719868356726
Random,0.07733260098477818
Random,0.07327996217929922
Random,0.09896646149120158
Random,0.08978863170909632
Random,0.09608971964490504
Random,0.0987969009701983
Random,0.080431576746384
Random,0.0979285762637324
Random,0.0908647325503864
Random,0.08433911452027745
Random,0.0968406576381508
Random,0.09810462049152432
Random,0.0886574303370556
Random,0.09731950870341342
Random,0.08313068762285841
Random,0.07792720360976407
Random,0.09123433179597543
Random,0.10028372483025944
Random,0.09799578948200999
Random,0.08746128869892623
Random,0.09854991164414331
Random,0.09459660493734469
Random,0.08170445865354263
Random,0.10034752298448286
Random,0.09930708937438876
Random,0.08295673010793633
Random,0.0998793730528828
Random,0.08660800508285622
Random,0.09496860954462723
Random,0.07965425743301403
Random,0.09773959742259011
Random,0.09306260840777252
Random,0.08690009431868696
Random,0.09737610565970083
Random,0.09892229863321075
Random,0.09794454226097887
Random,0.08644915713623567
Random,0.09827541385203158
Random,0.09594352991232806
Random,0.0830749582769354
Random,0.08854639454909988
Random,0.07548484621920674
Random,0.07837202469417706
Random,0.09086432080584296
Random,0.0944936697822464
Random,0.08525229439464017
Random,0.09802260679923809
Random,0.0975123089922047
Random,0.08016979981211136
Random,0.1000979303654977
Random,0.09949928482127904
Random,0.09743281989782639
Random,0.09729247210234052
Random,0.09636803488791815
Random,0.09961246334075863
Random,0.09741267857040883
Random,0.09783959243695506
Random,0.09528350243198089
Random,0.09492388025463407
Random,0.09839272292694229
Random,0.09493028706675312
Random,0.09553611561585582
Random,0.097344996653419
Random,0.09552070935684753
Random,0.09544450992221225
Random,0.09463215402799897
Random,0.09761979084473656
Random,0.09665886349095842
Random,0.0940968331114015
Random,0.09659915960343489
Random,0.09498379739743257
Random,0.09375225103785251
Random,0.09287812157493944
Random,0.09493425956104791
Random,0.09664578260491415
Random,0.0921930548364666
Random,0.09534957827910596
Random,0.09289115567154245
Random,0.09850722329214061
Random,0.09600583584114336
Random,0.09444074898025355
Random,0.09757698671846368
Random,0.09625770987834888
Random,0.09504719373773203
Random,0.09659710722490268
Random,0.09386594094267132
Random,0.09659068544761201
Random,0.09856076626287329
Random,0.09445038092811192
Random,0.09403755508034806
Random,0.09557022691588833
Random,0.09713473587588023
Random,0.0894005059793083
Random,0.09326010137113706
Random,0.09732536323656721
Random,0.0937687882367868
Random,0.09866938277948616
Random,0.09472633802255043
Random,0.09619454810399791
Random,0.09388607264306852
Random,0.0946084838324784
Random,0.09147018209419065
Random,0.07459433329007463
Random,0.07431154962207624
Random,0.07669883072652163
Random,0.07488377523712902
Random,0.07338654151683165
Random,0.07426437354139005
Random,0.0717340860800909
Random,0.07206866192174585
Random,0.07767197802739803
Random,0.07657426159875058
Random,0.08088235753916706
Random,0.07850495835530562
Random,0.07256525755015907
Random,0.07498865235487845
Random,0.07384665340824546
Random,0.07598085351358305
Random,0.0800329305804534
Random,0.07612207051614758
Random,0.0728889044452264
Random,0.07456619862055744
Random,0.07569460660561352
Random,0.07452891257830332
Random,0.07496705371919019
Random,0.07560643801383075
Random,0.07410510762086789
Random,0.0747033049783836
Random,0.07407964271565486
Random,0.07447113521224619
Random,0.07150711199452234
Random,0.07454674148506986
Random,0.07446878474074481
Random,0.07619188687649764
Random,0.07505574777199324
Random,0.07303348151680684
Random,0.07414191526348349
Random,0.07343558739116594
Random,0.07671854376298388
Random,0.07171150826392154
Random,0.07547801977210453
Random,0.07201587928854597
Random,0.07486393293360688
Random,0.07403976718337901
Random,0.08083762726889335
Random,0.07866309124052862
Random,0.07551870149041268
Random,0.07500480382468311
Random,0.07411786660119428
Random,0.07625701297389911
Random,0.07546891195145615
Random,0.07499651194722566
Random,0.09803687028280844
Random,0.09531317720317942
Random,0.09453963434256549
Random,0.0920144321164113
Random,0.0967828801896881
Random,0.08989416237267436
Random,0.09434727515820877
Random,0.08338396141974158
Random,0.08633777753435999
Random,0.08337812195780714
Random,0.09950357087341723
Random,0.0959087452732411
Random,0.08746766840735948
Random,0.09762903106820728
Random,0.08866091204159608
Random,0.09860088262077227
Random,0.10018624868890591
Random,0.08691626229545572
Random,0.09432251466090709
Random,0.09524644913027044
Random,0.09446927920574903
Random,0.09223674621362615
Random,0.09675091723992403
Random,0.0972740445712977
Random,0.08299744048330619
Random,0.0963401168627674
Random,0.09594940302448801
Random,0.09646060112316787
Random,0.10066765332649337
Random,0.09618679602083408
Random,0.09420053653615273
Random,0.07879093606623637
Random,0.09508437508775734
Random,0.09486776903283574
Random,0.0915131006859124
Random,0.09717873495192147
Random,0.09661876815914322
Random,0.08586115979989649
Random,0.0970722354975935
Random,0.09706741474867739
Random,0.09619044747754578
Random,0.08213783871628916
Random,0.08919114533010328
Random,0.09477577862010536
Random,0.09168351793023691
Random,0.09414267500948388
Random,0.09691389390941968
Random,0.0902196857755576
Random,0.0932060273108372
Random,0.09738308840302384
Random,0.09220476421567822
Random,0.08886325893647513
Random,0.09290625206876592
Random,0.08967699483259
Random,0.09465165725174687
Random,0.09420239596743032
Random,0.0831617779750723
Random,0.0911644877535625
Random,0.09076799364097592
Random,0.09441871267623488
Random,0.09448041352770847
Random,0.09452419430336868
Random,0.09363578444554024
Random,0.09431748776905617
Random,0.09487491282222986
Random,0.09098619422774352
Random,0.0943440994568429
Random,0.09294072038572034
Random,0.09415478190915078
Random,0.09512735262900662
Random,0.0925868132606556
Random,0.09434212965280943
Random,0.09033800285620448
Random,0.08948795894510259
Random,0.09454316123533918
Random,0.09391501062653321
Random,0.08896897003861032
Random,0.0895695202415791
Random,0.09281070044001656
Random,0.09366683526409424
Random,0.09390901061353595
Random,0.08972677711067295
Random,0.0933219853418371
Random,0.09524769468000234
Random,0.09182076361360064
Random,0.09503653207491425
Random,0.09176725427093085
Random,0.09328598644411873
Random,0.09164017934024254
Random,0.0953193133293995
Random,0.09270494009689084
Random,0.09237738520073593
Random,0.09250279943981828
Random,0.0886944907195581
Random,0.09210225378562281
Random,0.08926174490819644
Random,0.09051988727225553
Random,0.0914956672918521
Random,0.09046977828871168
Random,0.0925856027536835
Random,0.07968990042337351
Random,0.07801310669863426
Random,0.07771948381255338
Random,0.07622170189226551
Random,0.07604329746042361
Random,0.07859642278334572
Random,0.07729765548709287
Random,0.07721733085901722
Random,0.07626976224773488
Random,0.07699297794145979
Random,0.0778366857121158
Random,0.07763800731073268
Random,0.07641427724187287
Random,0.07809500009347106
Random,0.07855583670111185
Random,0.07800868037945621
Random,0.07847427493399234
Random,0.07830323951734089
Random,0.07789776712834377
Random,0.07785156304207892
Random,0.08036776354640551
Random,0.07795031506447793
Random,0.07735760605055791
Random,0.07627401782382669
Random,0.07875120757643275
Random,0.07837202373239431
Random,0.07624602456850324
Random,0.07903129955059601
Random,0.07687330219496541
Random,0.0777726866950243
Random,0.07766744895512703
Random,0.07741684143532268
Random,0.07821315836302428
Random,0.07630875580782338
Random,0.07786764365710515
Random,0.07781279963871807
Random,0.07828707604785734
Random,0.0770552911245122
Random,0.07944952782047052
Random,0.07980008135935653
Random,0.07757756607960037
Random,0.07722788780218713
Random,0.07790326627588229
Random,0.07739871998630735
Random,0.08066130086258896
Random,0.07874546746090043
Random,0.07893064990443735
Random,0.07569201816260179
Random,0.07783076103766165
Random,0.07812295969609157
Random,0.09355417813037706
Random,0.0897477980398978
Random,0.0908160513316558
Random,0.09447598852522611
Random,0.09225223635629713
Random,0.08496590117577323
Random,0.09216370387932057
Random,0.09431615432167145
Random,0.09178535134423448
Random,0.08830161514280771
Random,0.09132351130636746
Random,0.09465576453391754
Random,0.0945347731138671
Random,0.09263308431592224
Random,0.09092294160055145
Random,0.08472068598168095
Random,0.0917215291884285
Random,0.08255605259437478
Random,0.0879423706826401
Random,0.09502313458812574
Random,0.09227876924733083
Random,0.09425244534825891
Random,0.09230350214954323
Random,0.09456472592594246
Random,0.09354338886489838
Random,0.09524666209642874
Random,0.08671577811980707
Random,0.08722831030176476
Random,0.09718648445368988
Random,0.09012875414565416
Random,0.09443340790294347
Random,0.09269229452991586
Random,0.09429704486255414
Random,0.0898114356832325
Random,0.09067791964665793
Random,0.09037087100685742
Random,0.09568765819734734
Random,0.09570577103642267
Random,0.09613592059751379
Random,0.09555486047843607
Random,0.09217572462320175
Random,0.09320518883320814
Random,0.09270990060163026
Random,0.0887182744278129
Random,0.09251240746974393
Random,0.09004926177906232
Random,0.08956866306688324
Random,0.09245819684020123
Random,0.08941087434466194
Random,0.09173577724230914
Random,0.09266253350571516
Random,0.09012636000909108
Random,0.0906595779307256
Random,0.08573426377053926
Random,0.0941030421346751
Random,0.08788132146416672
Random,0.09011095495059844
Random,0.09164461943968484
Random,0.09263508205082222
Random,0.0895459722872371
Random,0.09123106754975178
Random,0.0915657088777427
Random,0.09052733873888504
Random,0.08893223636084396
Random,0.08936610601711298
Random,0.09063386141413805
Random,0.08950365661011814
Random,0.09088748716872412
Random,0.0905133150204828
Random,0.09055976257478607
Random,0.08991573019612847
Random,0.08893736630732481
Random,0.09268377322832401
Random,0.08809778871963185
Random,0.08731445292436825
Random,0.09202671918666915
Random,0.08833122660584536
Random,0.08974527854346251
Random,0.0906307289159653
Random,0.08801353628181295
Random,0.08986607602856761
Random,0.08694312592341823
Random,0.0899714619440412
Random,0.08934431322121207
Random,0.0875202572247752
Random,0.08991021750644752
Random,0.09003598710698668
Random,0.09065069888228076
Random,0.09025861754159968
Random,0.08882340052994347
Random,0.09022478469175294
Random,0.09033045963800942
Random,0.08634568046423555
Random,0.08945645097274893
Random,0.08998478857955503
Random,0.08829641056651541
Random,0.09076836782236342
Random,0.0925135243338657
Random,0.09143682261060349
Random,0.0876145331492795
Random,0.07960441924246059
Random,0.07872812367646513
Random,0.07912671468905172
Random,0.07927764150303712
Random,0.07675980685435332
Random,0.07736561724621221
Random,0.07638267930185173
Random,0.07578273004934191
Random,0.08147591758737684
Random,0.07881912346411152
Random,0.07690506219117783
Random,0.07670913055541304
Random,0.07936546954470852
Random,0.07752687526364986
Random,0.0805324201264802
Random,0.07982800604703123
Random,0.07820897680221289
Random,0.08126661277539426
Random,0.07890838293984359
Random,0.07964812581234229
Random,0.07883744612985152
Random,0.07683530656790556
Random,0.0757926357889826
Random,0.07734645484053242
Random,0.07654612379788103
Random,0.0761712820055133
Random,0.08078417567569021
Random,0.07612783543478467
Random,0.08041129066517133
Random,0.08213328559855565
Random,0.07745775989512854
Random,0.0768342858435618
Random,0.07705239330993645
Random,0.07929795193103928
Random,0.07909559394658554
Random,0.0762482782964074
Random,0.07754306904612444
Random,0.07817002160812889
Random,0.07682272317317522
Random,0.07887608974519209
Random,0.07803523459841383
Random,0.07951711980005882
Random,0.0804183233454536
Random,0.08001854550186256
Random,0.07927252981255133
Random,0.07836810433480285
Random,0.07578702279007309
Random,0.08026611524302989
Random,0.07598087416296077
Random,0.07589676738598586
Random,0.08661880359033426
Random,0.08376169615247558
Random,0.08668604305966691
Random,0.08741849835924774
Random,0.08807265499740582
Random,0.09206763857613175
Random,0.09093746455726798
Random,0.08813614915568735
Random,0.08911258360695722
Random,0.09311138957137802
Random,0.09016996543225275
Random,0.08692429009641482
Random,0.08634284269229574
Random,0.09098681817006751
Random,0.09011311237919825
Random,0.09319286291384937
Random,0.08939262679097403
Random,0.0909961558789326
Random,0.08631072292649991
Random,0.08836339584580344
Random,0.08137991295532743
Random,0.08508368730309554
Random,0.08953969057661482
Random,0.0886997588553429
Random,0.08783578090898282
Random,0.08966595796388946
Random,0.09059323539974191
Random,0.08682940790515659
Random,0.09022098711337871
Random,0.08923084004963597
Random,0.08644924735855221
Random,0.08865519314614939
Random,0.08946758812117157
Random,0.09313096235882294
Random,0.08957726946568319
Random,0.0855762363370663
Random,0.09016045840915392
Random,0.08387242534619412
Random,0.0879749669477958
Random,0.08846458538141316
Random,0.0901899759932421
Random,0.09244881566213319
Random,0.09102512907283097
Random,0.08991594391956742
Random,0.08565709851646375
Random,0.08796893836998897
Random,0.08942547894186406
Random,0.08614233965857604
Random,0.08749991782882047
Random,0.08937900072217847
Random,0.08441634469018153
Random,0.08433680146148642
Random,0.08565235349737084
Random,0.08797449463870698
Random,0.08895669104874868
Random,0.08286681395739492
Random,0.08536249219340657
Random,0.08420905191596893
Random,0.08702788891914931
Random,0.08811570353233202
Random,0.08533053744603099
Random,0.08635593695420912
Random,0.0886209262178552
Random,0.08772117974072399
Random,0.08460541998779389
Random,0.0859829840572546
Random,0.08808229152892484
Random,0.08730465620965333
Random,0.08725737374172285
Random,0.08877900967196063
Random,0.08937491143878004
Random,0.08897178944444148
Random,0.0847326537996638
Random,0.08511738467580995
Random,0.0859023670053192
Random,0.08643327018209214
Random,0.08913277982826646
Random,0.08652469848192999
Random,0.0850142818618767
Random,0.08426004827436234
Random,0.0861093359111196
Random,0.08711392153991761
Random,0.08506875911334709
Random,0.08412236928481952
Random,0.0841753937713163
Random,0.08541116052383618
Random,0.0882223426434968
Random,0.0870169667315521
Random,0.08706836196406521
Random,0.08920323198473865
Random,0.0860891387170805
Random,0.08544617303784857
Random,0.08857562480178337
Random,0.08787871836091515
Random,0.08738380000881642
Random,0.08658259838893893
Random,0.08713047739885996
Random,0.08653390244657228
Random,0.0886488717563749
Random,0.0880869723717268
Random,0.07961037124302568
Random,0.07874528510020203
Random,0.08009916465133908
Random,0.07865638663705157
Random,0.08075686784278308
Random,0.07735776541792443
Random,0.08077212306552578
Random,0.07990185516587031
Random,0.08091702661405817
Random,0.07931476478126835
Random,0.07941179469002987
Random,0.07773954103271624
Random,0.07951652924657221
Random,0.07856169571728502
Random,0.07685906139773932
Random,0.08119248816377143
Random,0.08038605452621066
Random,0.080016302711038
Random,0.0803335119962851
Random,0.07987525815353536
Random,0.07874372175848994
Random,0.0811076872467835
Random,0.08105828206218114
Random,0.07952957016964983
Random,0.07960250663134616
Random,0.07814373960177552
Random,0.0790966131220914
Random,0.07977507799607508
Random,0.08015483657383982
Random,0.07917218392813968
Random,0.08046419768540937
Random,0.0811272884575563
Random,0.07632298038725101
Random,0.08041161661015413
Random,0.08146858836622546
Random,0.07754816485212895
Random,0.07970185847234587
Random,0.0799377435262806
Random,0.07915925821315757
Random,0.07848612189621759
Random,0.08063375518212171
Random,0.0785691025822754
Random,0.07923736572680677
Random,0.08002857491635496
Random,0.07759177794459365
Random,0.08001310120711953
Random,0.07963477512358628
Random,0.0806337756682546
Random,0.08119324419545156
Random,0.0785169481306885
Random,0.08989734365931826
Random,0.08563967363573807
Random,0.08693000150013733
Random,0.08600923817550034
Random,0.08412300097032402
Random,0.0861619117574261
Random,0.08652159500560369
Random,0.08940063717122844
Random,0.08677150529152931
Random,0.08822045741780313
Random,0.08452518108343712
Random,0.08821713821160099
Random,0.0842349451467928
Random,0.08661114994593157
Random,0.08048412559330448
Random,0.08815230921822269
Random,0.08665709297751473
Random,0.08495446671938743
Random,0.08021741615385578
Random,0.08921250459636257
Random,0.08515378895297943
Random,0.08843419835791622
Random,0.0856397432596907
Random,0.08813403926721088
Random,0.08913593115357009
Random,0.08218418514203545
Random,0.08707240646375346
Random,0.08756814258168472
Random,0.0876982896033572
Random,0.08491930739135967
Random,0.08271088862659957
Random,0.08527608627149005
Random,0.08259705610597558
Random,0.08582945732356172
Random,0.08437717850228271
Random,0.0847327685083046
Random,0.0876739625627244
Random,0.08678947998829598
Random,0.08836657040125336
Random,0.08247667322084674
Random,0.08574417981196013
Random,0.08701346973496982
Random,0.08572622504185763
Random,0.0888098697299537
Random,0.08595639630836477
Random,0.08709313133306612
Random,0.08242654776319272
Random,0.08609680442867153
Random,0.08869430761293826
Random,0.08335299351155515
Random,0.07778541424352486
Random,0.07847046872283651
Random,0.07712429718660967
Random,0.08008242382790026
Random,0.07834449991209327
Random,0.0798272291431693
Random,0.07857183026123475
Random,0.07992481574244753
Random,0.07930463868145428
Random,0.07954447383766844
Random,0.07903302837201902
Random,0.0778049421623087
Random,0.07961170248536417
Random,0.07893734616890274
Random,0.08047964569924677
Random,0.07956807805595172
Random,0.08035340047484062
Random,0.08022731316685376
Random,0.07980882085561802
Random,0.07933380231258348
Random,0.07947772982924858
Random,0.07864863517117253
Random,0.07859165916172925
Random,0.0808497938689167
Random,0.07872660298936612
Random,0.07955422841784651
Random,0.08039230251304257
Random,0.08059521410862026
Random,0.08003557486118654
Random,0.07985068126877574
Random,0.08070828930245948
Random,0.07687099712832908
Random,0.0796703291978152
Random,0.07878296250100429
Random,0.0795980407020317
Random,0.07987477792393666
Random,0.08010415997937059
Random,0.07930737581203257
Random,0.07878019417173555
Random,0.07994607269693353
Random,0.07879553557337715
Random,0.07837488413921297
Random,0.0791277348402512
Random,0.07959594511891213
Random,0.08028504880508712
Random,0.07833638908379076
Random,0.07946950761759
Random,0.07844797560909614
Random,0.0806126358897801
Random,0.07881667423687588
Random,0.08260220248760358
Random,0.0817029718299488
Random,0.08577627489791616
Random,0.08444383949018824
Random,0.08194652777972856
Random,0.08602043094345725
Random,0.08037099485610434
Random,0.08226308838168311
Random,0.08066304213024643
Random,0.0817540573316238
Random,0.08315150704383711
Random,0.08282022976364248
Random,0.08333984564795413
Random,0.08535660367623955
Random,0.08496602144634045
Random,0.08402658608275873
Random,0.08243102582986239
Random,0.08360022689726539
Random,0.08291862439762572
Random,0.08196752287767911
Random,0.08325622462757092
Random,0.08526401853179916
Random,0.08603250854810558
Random,0.08478703588390128
Random,0.08533103984073086
Random,0.08109376220557055
Random,0.08475727060850918
Random,0.0837253613120339
Random,0.08593066540237733
Random,0.08458179338342436
Random,0.08352661578528536
Random,0.08454010513101827
Random,0.08356356080994311
Random,0.08350705340984474
Random,0.08405670165266264
Random,0.08358951888771236
Random,0.08195994396164805
Random,0.08122366445992352
Random,0.0843957403001304
Random,0.08225467685462225
Random,0.08273882457192865
Random,0.0818353063718828
Random,0.08100599529329126
Random,0.0846362430088116
Random,0.0796269935704288
Random,0.08219326777005007
Random,0.07983619943021678
Random,0.07911685363078567
Random,0.08145007472325953
Random,0.08477168658595247
Random,0.08755214096381213
Random,0.1026866873792691
Random,0.10096833295150343
Random,0.08809403392819672
Random,0.10009024610133109
Random,0.1010503662854386
Random,0.0922704134302938
Random,0.08264609422507167
Random,0.09054083951705329
Random,0.10302653863170329
Random,0.0920509406962615
Random,0.10174275454816174
Random,0.1029082207564988
Random,0.09686711698239492
Random,0.10151251154230129
Random,0.10161353648669418
Random,0.09296102317650226
Random,0.09582438451373321
Random,0.10242964609348348
Random,0.09682307221778656
Random,0.08652019862066786
Random,0.09886769439945521
Random,0.09682590894494263
Random,0.07998167426969681
Random,0.09700843879000134
Random,0.10225744388301132
Random,0.1018998335633008
Random,0.10018248226115971
Random,0.09567014501155313
Random,0.08937153812845819
Random,0.10288722920974051
Random,0.09904032260051178
Random,0.10002730899602015
Random,0.09241239135912917
Random,0.0976315371037515
Random,0.0806832719456878
Random,0.08849238366651559
Random,0.09934522325108022
Random,0.09927603774338872
Random,0.10157454937894463
Random,0.10172261380534114
Random,0.09731510029544795
Random,0.10120445303461684
Random,0.10268184102778187
Random,0.10129028434012742
Random,0.09844919341637913
Random,0.10098144794709701
Random,0.09672683166465905
Random,0.0983449459589862
Random,0.09992762757432222
Random,0.06910447076009518
Random,0.0691186482502117
Random,0.06986437236005182
Random,0.0690310774151819
Random,0.07005416433340562
Random,0.07127391282763153
Random,0.07031126147255923
Random,0.07066676141332225
Random,0.06913325074762094
Random,0.07025909464005958
Random,0.07006397904638882
Random,0.07122029754802126
Random,0.06907545699001166
Random,0.07048000631156205
Random,0.07242779606117464
Random,0.06952536599099801
Random,0.06719324462091368
Random,0.06972614819641297
Random,0.0693220967623179
Random,0.07131945171828265
Random,0.06847399251178
Random,0.06827144334658768
Random,0.06792644408915165
Random,0.0711245718843194
Random,0.06833280264634244
Random,0.07066713448147445
Random,0.06947002317563354
Random,0.06973009055420996
Random,0.07019366693816148
Random,0.07045228997104531
Random,0.07253953738743167
Random,0.06958517835135519
Random,0.06976581693610161
Random,0.07128202074632384
Random,0.06968144104098686
Random,0.06434527058293585
Random,0.0699949542167466
Random,0.07052985476590447
Random,0.06883232725431428
Random,0.0686194554339517
Random,0.07056671289795056
Random,0.070839297812632
Random,0.06936896359994452
Random,0.07112157343630993
Random,0.07060576011357966
Random,0.07028925254765025
Random,0.07008753977456195
Random,0.0707390992431685
Random,0.07074491851940158
Random,0.06914390942148171
Random,0.08507791650843123
Random,0.07719907924351332
Random,0.10096340292464069
Random,0.09151452754368382
Random,0.08150766618137534
Random,0.07817737966850818
Random,0.07625156989010536
Random,0.07516452008280278
Random,0.09008309081099887
Random,0.10084592041476076
Random,0.09457827640734578
Random,0.08271418455831411
Random,0.10207196536001752
Random,0.09699581231646835
Random,0.07958244054631662
Random,0.07558540702547005
Random,0.10036285686845113
Random,0.07428407122379678
Random,0.07558192989066531
Random,0.1002800261644255
Random,0.09789617021480074
Random,0.0985325064060809
Random,0.09228711425821245
Random,0.09685773580090737
Random,0.08972627756073527
Random,0.095528067020838
Random,0.09325694561755943
Random,0.09945693046868666
Random,0.09885584594383218
Random,0.09752995408664394
Random,0.09985662004407528
Random,0.09945150614434017
Random,0.09795407854387216
Random,0.09121297841467424
Random,0.0981748524165056
Random,0.09529204524837614
Random,0.09646262144756369
Random,0.09452666970222558
Random,0.0980886615523156
Random,0.09438856957369265
Random,0.09959885165913428
Random,0.09584144760025672
Random,0.0976991287172679
Random,0.09953001183848445
Random,0.09940967920068354
Random,0.09933157318548198
Random,0.0986589975348189
Random,0.09996297218692586
Random,0.09716715256062969
Random,0.09837443405422809
Random,0.09855604566238635
Random,0.09867553385495466
Random,0.10000305204451236
Random,0.09853776522435903
Random,0.09881055576744818
Random,0.09047305500777465
Random,0.0980633107119631
Random,0.09508200759465137
Random,0.09977694957103722
Random,0.09482509291229685
Random,0.08831527488915211
Random,0.09882293966345591
Random,0.09682577912558864
Random,0.09946014045887482
Random,0.09915897142649949
Random,0.0992421274442266
Random,0.10001229611924858
Random,0.07304294906998621
Random,0.07270785389620729
Random,0.07342658609582031
Random,0.07176053985497788
Random,0.07202958111722069
Random,0.07108640632881702
Random,0.07105136274620737
Random,0.07295836960168665
Random,0.07377375687799641
Random,0.07125894753138663
Random,0.07369853967452142
Random,0.07416439686800463
Random,0.07340912187594804
Random,0.07410432539122977
Random,0.07362688320953029
Random,0.07201317801593761
Random,0.07267641755768105
Random,0.07292074280226499
Random,0.0746059251958051
Random,0.07339826963319172
Random,0.0741436035415381
Random,0.07215519265951736
Random,0.06733846243631608
Random,0.07358565744178236
Random,0.07380095196933341
Random,0.07111670039973267
Random,0.07343722658958866
Random,0.07388350799626861
Random,0.07315426517307602
Random,0.07327975182951718
Random,0.07355366999736
Random,0.0746868896997729
Random,0.07461296697731515
Random,0.0734423561315225
Random,0.06867560035824093
Random,0.07109880766666844
Random,0.07309507102026332
Random,0.07039213632905796
Random,0.07421379155342901
Random,0.07158384692003494
Random,0.07231336498838398
Random,0.07283458690724326
Random,0.0705144472131203
Random,0.07374147134106837
Random,0.07255441570307074
Random,0.07320005181651884
Random,0.07370907666246622
Random,0.07106733262397374
Random,0.07343407558160467
Random,0.07200386137615505
Random,0.09902865942134748
Random,0.090665911249546
Random,0.09723253242627292
Random,0.08021848306023055
Random,0.09657733963941371
Random,0.08541245048085568
Random,0.09056124750343807
Random,0.09020669963496046
Random,0.07977917576574937
Random,0.08596081993717967
Random,0.09886569645815318
Random,0.07410675580472964
Random,0.09040522474086288
Random,0.08450894808619838
Random,0.08025431762466052
Random,0.09426174255752205
Random,0.1000573832708227
Random,0.0997329881438405
Random,0.09826766870091835
Random,0.08559668682156418
Random,0.09595084076124749
Random,0.09722277256514644
Random,0.07969089620300064
Random,0.09806969725556124
Random,0.09341002137871483
Random,0.08655082391867357
Random,0.08429353186820844
Random,0.09852008310168064
Random,0.09915215104761899
Random,0.1006799410181959
Random,0.09929234098698782
Random,0.0817928368721035
Random,0.09760804772162404
Random,0.0995417982136605
Random,0.0804107668780538
Random,0.08785347445421945
Random,0.09163766544841291
Random,0.0815777215745483
Random,0.08678425512826753
Random,0.08342348845811189
Random,0.07963463900663276
Random,0.09489880810944064
Random,0.09609055961173335
Random,0.0976375644036422
Random,0.08296184154623633
Random,0.08207468702199544
Random,0.08401258070564666
Random,0.09288058096189968
Random,0.09683657784045799
Random,0.0980965345951161
Random,0.0961680706467237
Random,0.0916902404585355
Random,0.0949990874688431
Random,0.09163389303292681
Random,0.09239981890329121
Random,0.09519390389651118
Random,0.09186135020283101
Random,0.09574059882218028
Random,0.09257277231775939
Random,0.09714521951493732
Random,0.08575690536467691
Random,0.093554475861388
Random,0.09562040502355015
Random,0.09361493771993036
Random,0.09321245311631608
Random,0.09538411284992905
Random,0.0933385785464961
Random,0.09364812183995301
Random,0.09528919836706574
Random,0.09685992297840135
Random,0.09760234394021629
Random,0.09842332391274443
Random,0.09899694855386477
Random,0.096889133311924
Random,0.08616331692922911
Random,0.09571666011299582
Random,0.09647052751493587
Random,0.09575833982703004
Random,0.09561961265196378
Random,0.09604154840296014
Random,0.09734726531982832
Random,0.09597074666365431
Random,0.09403800504438338
Random,0.09126938460575476
Random,0.09391494177784732
Random,0.09607447972754683
Random,0.09415909665866774
Random,0.0962295501401565
Random,0.09439752025935567
Random,0.09471522185966111
Random,0.09888794708172487
Random,0.09266846317444012
Random,0.09568602251643328
Random,0.09551982828196644
Random,0.09668552139082981
Random,0.09264507012819677
Random,0.09790252299935337
Random,0.09361400836203741
Random,0.0964609289149391
Random,0.08687853859581972
Random,0.07282971621910148
Random,0.07739686821565396
Random,0.07106138391717888
Random,0.07378337326320858
Random,0.07080902863434475
Random,0.07198545466239378
Random,0.07820957972320741
Random,0.07361665093797853
Random,0.07801676291625173
Random,0.07546802682238055
Random,0.07239983942466081
Random,0.07595973289265084
Random,0.07240257458585507
Random,0.07605247596027001
Random,0.07534502881839505
Random,0.07666232439276723
Random,0.07368462617971519
Random,0.07289964108571083
Random,0.07246446052020226
Random,0.07079334800392639
Random,0.07281931640102873
Random,0.0726123076643316
Random,0.07310783989322674
Random,0.07571244977308114
Random,0.07289321853914998
Random,0.0715749333529526
Random,0.0705023960107641
Random,0.07202212974120735
Random,0.07004268552597766
Random,0.07169982612785217
Random,0.06999920378771017
Random,0.07190238492611782
Random,0.07334144228779203
Random,0.0730227240407686
Random,0.07232583767084964
Random,0.07309758532018665
Random,0.07463016526010464
Random,0.07341221862979808
Random,0.07366769241732966
Random,0.0732215652142349
Random,0.07157593876637623
Random,0.07600904753171407
Random,0.07148455087925433
Random,0.07316615842732817
Random,0.07193439615869321
Random,0.0708302972960036
Random,0.07823852804555352
Random,0.07260144892537373
Random,0.0721359786194982
Random,0.07093899287741191
Random,0.09169524247108995
Random,0.09663279704486172
Random,0.0894379273104226
Random,0.08641546803651
Random,0.09024021692223078
Random,0.0947651962608492
Random,0.08875313032237517
Random,0.0939087217561727
Random,0.08336549099144525
Random,0.09415479169521229
Random,0.09688354646226571
Random,0.09457178783928555
Random,0.09363558592389154
Random,0.09410112089314282
Random,0.09434982663560602
Random,0.09724736160577599
Random,0.09424369183475599
Random,0.09211720531810128
Random,0.09539694718468313
Random,0.0879775547701756
Random,0.0957111813862936
Random,0.08497949138904656
Random,0.09282968486064905
Random,0.09369727223595702
Random,0.09603003671099941
Random,0.09016374349232203
Random,0.09357549010624798
Random,0.08518654537585425
Random,0.09582563762102904
Random,0.09517957424235651
Random,0.09109715848482577
Random,0.094620767710592
Random,0.09609562871375359
Random,0.09102349019344237
Random,0.09730175553648027
Random,0.09671477651750267
Random,0.07933170382408666
Random,0.09020086853911767
Random,0.09863243036364043
Random,0.08545440741845313
Random,0.0939679328619408
Random,0.08939286851868128
Random,0.08875172082357935
Random,0.09610660113777024
Random,0.08790084265982691
Random,0.09470396025753948
Random,0.09768581178703331
Random,0.0919837551835808
Random,0.08805492678028382
Random,0.09293265491094939
Random,0.09356570347073045
Random,0.09008487991157212
Random,0.08903800567704225
Random,0.09216272566969379
Random,0.0931962700591772
Random,0.09140534343769052
Random,0.09191342201231768
Random,0.09532249180917839
Random,0.09205309979090776
Random,0.09402842369365642
Random,0.09365346744872159
Random,0.09280761928589243
Random,0.0920297798582562
Random,0.08928013123958388
Random,0.09467864280286552
Random,0.08458553107076677
Random,0.09165061367582568
Random,0.09562346387639438
Random,0.09053774413448873
Random,0.09224868050243112
Random,0.0933953493223537
Random,0.09317842220631628
Random,0.0856119913709573
Random,0.09132415020254893
Random,0.09377360961531296
Random,0.09424697087159731
Random,0.09391185041840283
Random,0.09533051984284796
Random,0.09313365973403878
Random,0.09493475927635328
Random,0.08960876700598418
Random,0.09492029399145901
Random,0.09070989686323763
Random,0.09058549426651878
Random,0.09217075612881005
Random,0.09449794904935128
Random,0.09508522597192837
Random,0.09385782381664466
Random,0.08876718862049414
Random,0.09302694329056103
Random,0.09300640092970722
Random,0.09104071209183799
Random,0.09075695993605978
Random,0.09223415767302677
Random,0.09054289604200702
Random,0.08962422562735578
Random,0.09326995251607752
Random,0.09479071257680584
Random,0.09193134665956393
Random,0.09100321901280624
Random,0.07565331323327613
Random,0.0716192150514003
Random,0.0752575750304203
Random,0.07675782508227061
Random,0.07916989150140678
Random,0.07470619425906606
Random,0.07786849441544968
Random,0.07361366868037775
Random,0.07672504337362279
Random,0.07562156786708582
Random,0.07317978897748648
Random,0.07579336774289852
Random,0.07727208849509411
Random,0.07583611281887541
Random,0.07372432690879614
Random,0.07357292145504407
Random,0.07369653279910308
Random,0.07801517928572692
Random,0.07442597666699478
Random,0.07093403493350726
Random,0.07367465198140621
Random,0.07515423935532019
Random,0.07528197421403088
Random,0.0737864646561842
Random,0.07627205914322649
Random,0.07529510850483492
Random,0.07559010748652574
Random,0.07532944145798255
Random,0.07488448459688807
Random,0.07459481035676871
Random,0.0745055237390385
Random,0.07511235812938563
Random,0.0786870825660189
Random,0.07490883780932543
Random,0.07453968408127697
Random,0.07416474756689437
Random,0.07209710582580829
Random,0.0773568198602109
Random,0.0771939675480553
Random,0.07270294819215777
Random,0.07557315869151698
Random,0.07428845388137197
Random,0.07481161411736537
Random,0.07829695843037272
Random,0.07496573072318634
Random,0.07796942542887048
Random,0.07308391217497569
Random,0.0761535431066291
Random,0.07349308666135036
Random,0.07619890818489755
Random,0.08690537674837372
Random,0.09059006007411018
Random,0.09168182435030948
Random,0.0932537647140247
Random,0.09118839480057192
Random,0.09561961845410462
Random,0.09078861085650011
Random,0.08807244636646513
Random,0.08732610143253793
Random,0.08625432819161848
Random,0.09206642689283936
Random,0.09251135746307491
Random,0.09210701370815597
Random,0.09288259760520196
Random,0.09240870925810767
Random,0.08651364823382644
Random,0.08938786201943444
Random,0.0918607093868502
Random,0.08853563977565153
Random,0.09377636073598304
Random,0.09333787387307457
Random,0.08873543469717694
Random,0.08991435227929531
Random,0.08516231930783069
Random,0.09387851273335458
Random,0.0917963813576599
Random,0.0927184104981119
Random,0.0911870620744033
Random,0.08888135160633483
Random,0.08573181636499395
Random,0.08789867366899594
Random,0.08296218989315207
Random,0.09328231856274015
Random,0.09160391054414095
Random,0.08761468753868294
Random,0.08974900517415046
Random,0.08822812296552032
Random,0.09050915171211472
Random,0.09134119039447858
Random,0.08418100692718931
Random,0.08625869368497197
Random,0.09050392700223142
Random,0.09242014081698487
Random,0.09613614142142911
Random,0.09516043817116454
Random,0.08974609909630647
Random,0.08896025108570624
Random,0.08546866431493717
Random,0.09510419358117614
Random,0.08400631925534635
Random,0.08734254533628932
Random,0.08800644443232643
Random,0.08831839747656742
Random,0.08881683032761342
Random,0.09013083366244116
Random,0.08649391513809622
Random,0.09033839727105043
Random,0.09150814193380215
Random,0.09049311666731538
Random,0.08617390881296541
Random,0.08733645670879236
Random,0.09064013990038687
Random,0.08758177673114305
Random,0.08829453570663372
Random,0.08801514333230062
Random,0.08833998323871774
Random,0.08770873091227636
Random,0.08779904494676316
Random,0.08884676567659901
Random,0.09130509780558395
Random,0.08790992574644203
Random,0.0892226094866544
Random,0.087423238039184
Random,0.090030033542901
Random,0.08876854253802238
Random,0.08805499816167578
Random,0.08609459777782226
Random,0.0901803339592029
Random,0.08991796974171574
Random,0.0885223183741498
Random,0.0896882700012327
Random,0.08600207599989382
Random,0.09085796661433676
Random,0.08930243920755097
Random,0.08771954979835202
Random,0.08922134587277242
Random,0.09096289305243488
Random,0.08924124184224523
Random,0.08984793200731257
Random,0.08949255297300272
Random,0.08835746057606673
Random,0.09003920299699851
Random,0.08969519330320513
Random,0.08851663605804173
Random,0.08900485212405908
Random,0.08749129557946975
Random,0.0881987154789773
Random,0.08875661747452505
Random,0.0896926557648085
Random,0.0879210163856111
Random,0.07789102779959607
Random,0.07797728338761865
Random,0.07654284341495167
Random,0.07718177458984986
Random,0.07633753469789507
Random,0.0763644227542864
Random,0.07651127961651127
Random,0.07609456215199889
Random,0.07709623386078074
Random,0.07621373578826054
Random,0.07557674309506333
Random,0.07669360897716744
Random,0.07801550569459824
Random,0.07730806473889568
Random,0.0745389244413869
Random,0.07998312276760218
Random,0.07649856112472651
Random,0.07904484305600011
Random,0.07394864352774536
Random,0.07932303549277848
Random,0.07755818885343305
Random,0.0769650203939498
Random,0.07681310675255562
Random,0.07800685117729374
Random,0.0754724069788324
Random,0.07664584246548145
Random,0.07663743082049347
Random,0.07583688609268015
Random,0.07707499388758844
Random,0.07564190181456999
Random,0.07672118319486933
Random,0.07635367645553454
Random,0.07311224396474746
Random,0.07783410682703944
Random,0.0764909287612971
Random,0.07694216018718046
Random,0.07808195803236308
Random,0.07867409082595987
Random,0.08037175946790595
Random,0.07549114376728415
Random,0.0781978415913045
Random,0.0763206782927261
Random,0.07897219060927796
Random,0.07826263729577544
Random,0.0794710092637933
Random,0.07772311493995816
Random,0.07827647053929354
Random,0.07551702668736353
Random,0.07848348938465609
Random,0.07529589055435922
Random,0.08900778253081656
Random,0.0885500414502564
Random,0.09037097142956697
Random,0.09122774714888687
Random,0.09087514389505909
Random,0.0866415502211104
Random,0.08979591076233233
Random,0.0851507523015145
Random,0.09190887381922411
Random,0.08744057931317234
Random,0.08354366297477095
Random,0.0904287847413356
Random,0.08816450278429887
Random,0.09062425684546777
Random,0.0875344023306804
Random,0.08701909057730266
Random,0.08217978948240366
Random,0.09087708883689448
Random,0.09191656835317276
Random,0.09209892542364434
Random,0.08634427003325645
Random,0.08910032952229714
Random,0.08612932895312687
Random,0.08780856727310425
Random,0.09105952967634581
Random,0.08941415139784165
Random,0.08686380755963409
Random,0.0908894860783921
Random,0.0856757593558448
Random,0.08854574727705772
Random,0.0878409577435287
Random,0.09154897262993958
Random,0.09038394804508827
Random,0.09032428691006605
Random,0.08751091320859607
Random,0.08921210308677338
Random,0.08958730984449335
Random,0.09073947399250476
Random,0.08746605357182023
Random,0.08870386831764097
Random,0.08911218384724733
Random,0.08905331394531789
Random,0.08929402816607603
Random,0.08992623315666036
Random,0.09099055958432184
Random,0.08926385705760899
Random,0.08847427678500192
Random,0.09035215699865194
Random,0.09005592292530065
Random,0.08628474909779077
Random,0.08439285572000636
Random,0.08352923187095615
Random,0.08406404872845546
Random,0.08371641027678126
Random,0.08721741196799697
Random,0.08813756461949979
Random,0.08498668016459279
Random,0.08659972519620593
Random,0.08769256272752946
Random,0.08512884301022956
Random,0.08698155777183429
Random,0.08704381489388623
Random,0.08711734796620295
Random,0.07903090705482638
Random,0.08064267328614702
Random,0.086481372154686
Random,0.08591360106378622
Random,0.08586327437563378
Random,0.08741173837529975
Random,0.08421740338858606
Random,0.08753951587612169
Random,0.08480231323301785
Random,0.08615743440587792
Random,0.08514254699402102
Random,0.08535804777008724
Random,0.08331633511661417
Random,0.0829449149687827
Random,0.08849459121010093
Random,0.08670020106896716
Random,0.08528960000921743
Random,0.08664876014202734
Random,0.08424229712350174
Random,0.08220024535180605
Random,0.08510102307245661
Random,0.08463507586935749
Random,0.08469131491202378
Random,0.08612885275056086
Random,0.0844012972376411
Random,0.08637457034441809
Random,0.08569909492370506
Random,0.08556047802897447
Random,0.08511582808509775
Random,0.08667113383733299
Random,0.08507155327688633
Random,0.08486850198553823
Random,0.0851594727820345
Random,0.08750023019332269
Random,0.0854212989699735
Random,0.08383353393095662
Random,0.08447670927027544
Random,0.0786173511497943
Random,0.07816290169990416
Random,0.07871745261957001
Random,0.08003098063492266
Random,0.076715899409069
Random,0.07822147172484635
Random,0.07932818685184694
Random,0.07543059313650634
Random,0.07875020785749985
Random,0.0752828721524501
Random,0.07774515014086024
Random,0.07721574480098975
Random,0.07553534099506914
Random,0.07695040551432183
Random,0.07892679348090842
Random,0.07786655750895735
Random,0.07912302923891962
Random,0.07937038566777103
Random,0.07785902209174367
Random,0.0771470909648183
Random,0.07751457092704005
Random,0.07817703964688473
Random,0.07857554720617864
Random,0.07843274047016796
Random,0.07833186886042204
Random,0.07688357800988915
Random,0.0794666655830179
Random,0.07930736685236055
Random,0.0797602541356019
Random,0.07678276623316549
Random,0.07789375514086574
Random,0.0774480793611616
Random,0.08010332634414913
Random,0.07659924018763707
Random,0.07758281754039781
Random,0.07484261764001458
Random,0.07688760884820635
Random,0.07948994004721689
Random,0.07876163562968683
Random,0.0795390195028809
Random,0.07776182287873144
Random,0.0774509377355111
Random,0.08090568245132798
Random,0.07844263524982219
Random,0.07975358577511377
Random,0.07657822334620464
Random,0.07898650624104225
Random,0.07933852042021851
Random,0.07888640254146072
Random,0.07914957833244914
Random,0.08827047236388937
Random,0.08390109000043047
Random,0.08553315905484607
Random,0.08539621187993744
Random,0.08448819438801018
Random,0.08544461232744477
Random,0.08484449048731334
Random,0.08541531856931783
Random,0.08641953765161568
Random,0.08753618496925242
Random,0.08520775543216014
Random,0.08784192404405386
Random,0.08782949326648164
Random,0.08266339878708157
Random,0.08411246949433539
Random,0.08759646290198088
Random,0.08524632969243193
Random,0.08577304220795866
Random,0.08860098032689673
Random,0.08535904242309429
Random,0.08591990487366145
Random,0.08566026243297581
Random,0.08641411491907615
Random,0.08697370359353003
Random,0.0865881665574038
Random,0.0859332215262043
Random,0.08608141366234177
Random,0.08399131093266667
Random,0.08106895801826913
Random,0.08501936434592494
Random,0.08606741669095186
Random,0.08563852006452713
Random,0.0876877031959473
Random,0.08520235037001876
Random,0.08681603341486782
Random,0.08532292821668234
Random,0.0836463104348491
Random,0.08532886270344099
Random,0.08427168332268825
Random,0.08379504430794137
Random,0.0857457908363544
Random,0.08635207184464637
Random,0.0852902610902
Random,0.08612920646561276
Random,0.08935776196492316
Random,0.084828447867414
Random,0.0841507901972627
Random,0.08619890531397155
Random,0.08954130673571502
Random,0.08891070686098083
Random,0.07535097749437951
Random,0.07620557482805297
Random,0.07811547585268902
Random,0.07819576419018533
Random,0.07780505630212144
Random,0.07754774099045521
Random,0.07539822642784667
Random,0.07802392398447854
Random,0.07688150394613368
Random,0.07730484095368824
Random,0.07674798691804793
Random,0.07643037192136148
Random,0.07749425435469638
Random,0.07836927948732803
Random,0.07559995367810111
Random,0.07782419135127648
Random,0.07755592345286547
Random,0.0786722395724372
Random,0.07715236579371715
Random,0.07715877076734433
Random,0.07500038409902098
Random,0.07575530181285407
Random,0.07596421512827399
Random,0.07786343039209308
Random,0.0757949031345969
Random,0.0762901082610199
Random,0.07861487185665665
Random,0.077230152297318
Random,0.07733808317140177
Random,0.07817917779886908
Random,0.0771906988714942
Random,0.07597860599315322
Random,0.07707205557679876
Random,0.07717379193075208
Random,0.0778865097225618
Random,0.07767473179330735
Random,0.07847771817686128
Random,0.0764798246138851
Random,0.07585904002286915
Random,0.07662119994404422
Random,0.07692265418598833
Random,0.07723510837914463
Random,0.07840053201156329
Random,0.07874875189177999
Random,0.07831373813038246
Random,0.07662374652783073
Random,0.0775110328304074
Random,0.07755385878648982
Random,0.07666458504215644
Random,0.07810294307978954
Random,0.08370877112711447
Random,0.08117803231025468
Random,0.08306443624501014
Random,0.08242794471022369
Random,0.0844832177181135
Random,0.07912367596825023
Random,0.08056881393487846
Random,0.08004083017014936
Random,0.08055680510852622
Random,0.0831637757752746
Random,0.08303426504120767
Random,0.08033998801930796
Random,0.0816212850221544
Random,0.0828550305422753
Random,0.08078431000864648
Random,0.08238653455505844
Random,0.08139966180483524
Random,0.0830394215845251
Random,0.08413098101189574
Random,0.0822110495521403
Random,0.08222017923898374
Random,0.08222353143153782
Random,0.08032850699918273
Random,0.08200979444539123
Random,0.08113666986062511
Random,0.08327608689283748
Random,0.08221133325473705
Random,0.08228210040337171
Random,0.08276037375068898
Random,0.08221928015722763
Random,0.08049472276952811
Random,0.08171771429212268
Random,0.08161838109538037
Random,0.08122190672511662
Random,0.07899688565110678
Random,0.08080735024260574
Random,0.08058699344188756
Random,0.07965329253288318
Random,0.08295432011717904
Random,0.08148144423859999
Random,0.08250504479224735
Random,0.08266460429822912
Random,0.08028247009262011
Random,0.08272403212337762
Random,0.08220294412046898
Random,0.08237560332829022
Random,0.08190595917331611
Random,0.08085048325275389
Random,0.08365733142160278
Random,0.07934695649218265
Random,0.09877824141425262
Random,0.1017171472057612
Random,0.10073727894834625
Random,0.06797525742441643
Random,0.06786171131771167
Random,0.06926958909051323
Random,0.06909182497398748
Random,0.06932623423142449
Random,0.06483771688224767
Random,0.0665384400011019
Random,0.06770450940016833
Random,0.06857999880394389
Random,0.0690899238385699
Random,0.06949804987734991
Random,0.06821872648065809
Random,0.06489923142134028
Random,0.06928248208213225
Random,0.06716355298998057
Random,0.07124327102047254
Random,0.06592168160183685
Random,0.06752363475769677
Random,0.07528633293856593
Random,0.09711565366836138
Random,0.10002730623480278
Random,0.09901827773718927
Random,0.0983104005610176
Random,0.09992343200619959
Random,0.09563896125486447
Random,0.09854207853403481
Random,0.09815983533311096
Random,0.0994545639420389
Random,0.09913650614364454
Random,0.098638739799011
Random,0.09974406516936413
Random,0.09198607173173147
Random,0.0999132448046068
Random,0.09734114933961717
Random,0.1002173181402373
Random,0.09630664094321709
Random,0.09856184957820893
Random,0.09383250476998647
Random,0.09965266269170697
Random,0.09817031613733954
Random,0.09858507548459053
Random,0.09843968044591214
Random,0.09643592459907234
Random,0.09336204843230816
Random,0.09740230323960473
Random,0.09670083226706848
Random,0.09476609937717757
Random,0.08717518281328077
Random,0.09904386092079584
Random,0.09899604936630514
Random,0.09827153219616601
Random,0.09873900548411449
Random,0.09449928990190304
Random,0.09856027553041714
Random,0.09394848856222363
Random,0.09865160144758095
Random,0.09909196598820594
Random,0.08829071292255063
Random,0.09855103265444143
Random,0.09487431382899886
Random,0.09874279004646797
Random,0.09485886205898125
Random,0.09698243988945111
Random,0.09040698809843442
Random,0.09678963831502055
Random,0.098296147443731
Random,0.09472463670159488
Random,0.09737886663230401
Random,0.09547817296786522
Random,0.06943566421791357
Random,0.07138258317927511
Random,0.07011275263767167
Random,0.06886153015379648
Random,0.06691292150071167
Random,0.0717248940939317
Random,0.0698248431421772
Random,0.0706257866545861
Random,0.07114966680932665
Random,0.07068456693626939
Random,0.07052132252526086
Random,0.0699010636438227
Random,0.07091942684266209
Random,0.07143473651786919
Random,0.06870162686917616
Random,0.07080631898515194
Random,0.07075426965539468
Random,0.06981862095463062
Random,0.06991170987914602
Random,0.06976033544238738
Random,0.0691150314017943
Random,0.0709267051024588
Random,0.070825958625736
Random,0.07126227334545157
Random,0.07155849308687197
Random,0.06987855619585905
Random,0.0712305752751147
Random,0.07092048485016497
Random,0.07085830422006831
Random,0.07036073608357077
Random,0.07094988817167164
Random,0.07225532738124449
Random,0.07181472250508135
Random,0.0715284511860797
Random,0.06995030249006526
Random,0.07069768672312413
Random,0.07088574478363578
Random,0.0707868710341739
Random,0.07191243215776502
Random,0.07147607152460776
Random,0.07009859221403868
Random,0.06764659637238751
Random,0.07323012436415427
Random,0.07096562515003987
Random,0.06963368573951702
Random,0.06919583260545017
Random,0.06987187833866507
Random,0.07125520781211493
Random,0.07001795324900575
Random,0.06902031006236069
Random,0.08141501134950165
Random,0.099661940288313
Random,0.07610216771263804
Random,0.09835915184916316
Random,0.09542740401162811
Random,0.09382420033425923
Random,0.09270654243699994
Random,0.09115657156470455
Random,0.09957995204807993
Random,0.09579159590873695
Random,0.08263185804071436
Random,0.07999382091407352
Random,0.09859593047984452
Random,0.09860536625074391
Random,0.0979253160074817
Random,0.09360664463431825
Random,0.0816696672800379
Random,0.09808331394568352
Random,0.08496956426556215
Random,0.08508189919306869
Random,0.083322727091054
Random,0.09333474798862412
Random,0.09802789061040712
Random,0.09966602887434178
Random,0.0928850745657745
Random,0.09375213018902702
Random,0.09590795460254443
Random,0.08861831376041406
Random,0.08328372027110312
Random,0.09179564698373191
Random,0.09739359452367925
Random,0.09171604626093291
Random,0.08764041446446723
Random,0.0855723750094582
Random,0.07646957534444053
Random,0.07286802768620997
Random,0.09731490779696318
Random,0.09836861972727735
Random,0.08877541331871769
Random,0.07498331360992093
Random,0.08074404053093513
Random,0.08802147340256831
Random,0.09737792640811777
Random,0.07989316703649124
Random,0.08493996407129491
Random,0.09932348130519568
Random,0.08819119906926158
Random,0.08361268812590175
Random,0.08498302834837762
Random,0.09754871799496592
Random,0.09151728120812663
Random,0.09488134303619453
Random,0.09702354446853925
Random,0.09705883209466147
Random,0.09100154807740068
Random,0.08719808695613224
Random,0.09454288989771314
Random,0.09276304139587392
Random,0.0929250093532276
Random,0.09678997779776265
Random,0.0949816932580566
Random,0.09364780161735207
Random,0.09623746556840729
Random,0.09444076421485192
Random,0.09208074078214915
Random,0.09455230560956916
Random,0.08993968264722477
Random,0.09603425888250373
Random,0.09314616754611703
Random,0.09407905799030822
Random,0.09447917796523943
Random,0.09489756041366512
Random,0.09294543239824057
Random,0.09530852828588803
Random,0.092053874895531
Random,0.09510468906489458
Random,0.09632153232956633
Random,0.09680222852198903
Random,0.09526381523346462
Random,0.09111011643383357
Random,0.09557013269184285
Random,0.0902587085279866
Random,0.09473149984857251
Random,0.09595479746141677
Random,0.0931224055175641
Random,0.09323056731051994
Random,0.09398802085364803
Random,0.09577689479962387
Random,0.09290195498325624
Random,0.0950190011856576
Random,0.09194917927146225
Random,0.09445324578250336
Random,0.09775052855782572
Random,0.09505082309833751
Random,0.09528731976924121
Random,0.09461628939629917
Random,0.09648851095938718
Random,0.0945983412607096
Random,0.09121306831654316
Random,0.09415933306129998
Random,0.07287298236977882
Random,0.07387066771034566
Random,0.07264128544678036
Random,0.07073831198701878
Random,0.0698152347394938
Random,0.07028910719810601
Random,0.07295932068820085
Random,0.07186540205268535
Random,0.06990942328003988
Random,0.07370804798297462
Random,0.0728008637296868
Random,0.07310894519482994
Random,0.07415024234075072
Random,0.06950967852438229
Random,0.07359961971379593
Random,0.06928177026543927
Random,0.07149712854472384
Random,0.07104493049755088
Random,0.06656167091846808
Random,0.0721484552935491
Random,0.07018280615915164
Random,0.0721788969339048
Random,0.07201578994964562
Random,0.07057297494314368
Random,0.06863219447105433
Random,0.06870516586256989
Random,0.07452695060898405
Random,0.07256269970924861
Random,0.0733955677037633
Random,0.07427158211826587
Random,0.07240728616397865
Random,0.07335372539711651
Random,0.07038928529934853
Random,0.07061691519662908
Random,0.0730446333499821
Random,0.07041624928928386
Random,0.0753728118535428
Random,0.07261590121765074
Random,0.0737116722188817
Random,0.07205829325244704
Random,0.07242967414311224
Random,0.07294911126249286
Random,0.07367564715721422
Random,0.07236354766422873
Random,0.06954155828895654
Random,0.06969349990669661
Random,0.0732404193845064
Random,0.07219436346503563
Random,0.07491953555617671
Random,0.07361473056749572
Random,0.09056863894618061
Random,0.08342769783677813
Random,0.09548211591047653
Random,0.09492540468296795
Random,0.0953940750814505
Random,0.09370938713607849
Random,0.09444456748924342
Random,0.09628374546967788
Random,0.09562270714110901
Random,0.08888962409597284
Random,0.09174367302951879
Random,0.09662348855801366
Random,0.08713214226548106
Random,0.0954244559117333
Random,0.0890545914041999
Random,0.09085271264123881
Random,0.09091338074401278
Random,0.09216727322292027
Random,0.08792362117949783
Random,0.0941001208342337
Random,0.09379194923544695
Random,0.0944132485698088
Random,0.0951275477569639
Random,0.08881402945018763
Random,0.08695749956546177
Random,0.08292034911328454
Random,0.09370328776448716
Random,0.08549802052477035
Random,0.08725129627116027
Random,0.09568762406524911
Random,0.08676893461852969
Random,0.09382077704396881
Random,0.09224181375940077
Random,0.08007038710157786
Random,0.09561868088397756
Random,0.09365632412808421
Random,0.09623440842277266
Random,0.09477314780011387
Random,0.08832323304717812
Random,0.09204755697651461
Random,0.08530653482246027
Random,0.0860466545165497
Random,0.09256521459816068
Random,0.09437545680352873
Random,0.09332848844846243
Random,0.09172907316180429
Random,0.09512948840317283
Random,0.09323980142400938
Random,0.0962563050274263
Random,0.09216340589316456
Random,0.09108013717349414
Random,0.08719169591193923
Random,0.09147969935493122
Random,0.08839008719010294
Random,0.09016447786042975
Random,0.09368309926043793
Random,0.09440264540591141
Random,0.08677696255361413
Random,0.09209779244796522
Random,0.09103528242004061
Random,0.09050445835920473
Random,0.08673699291275647
Random,0.09003931865605791
Random,0.0932802305376944
Random,0.09059597609706753
Random,0.0916523761450284
Random,0.09175613218556361
Random,0.0920720311102999
Random,0.09357217755323159
Random,0.09287193239772872
Random,0.09092928470983327
Random,0.09459001894819608
Random,0.09281349120159851
Random,0.08857707561743447
Random,0.09149549946732477
Random,0.09037445306446684
Random,0.09447198428006122
Random,0.090486444230121
Random,0.09065141573050976
Random,0.09423299278255771
Random,0.09242117376503572
Random,0.09232033165909787
Random,0.0930844732577535
Random,0.09369409317830865
Random,0.09320811477074314
Random,0.0932427923804434
Random,0.08926604020362235
Random,0.09424589818664998
Random,0.09321959727032746
Random,0.09016741069822623
Random,0.09090730018776362
Random,0.08879766935669736
Random,0.09348660446851707
Random,0.089435945730065
Random,0.09413704965562121
Random,0.09128223942590917
Random,0.09388800512277293
Random,0.09156650194771251
Random,0.09104616473538073
Random,0.09178540442129937
Random,0.07247694706027648
Random,0.07494781830672974
Random,0.07471135575927143
Random,0.07151650005706228
Random,0.07212066115135395
Random,0.07278441088101208
Random,0.07224238038776319
Random,0.07501078988338332
Random,0.07229631041407458
Random,0.0734096453955376
Random,0.0731366320772596
Random,0.07239169383047703
Random,0.07362717491701815
Random,0.07515071291062178
Random,0.07531929819031381
Random,0.07486019436846138
Random,0.0753325972227423
Random,0.07430175204454988
Random,0.07256509595274106
Random,0.07218268128590045
Random,0.0750578497599828
Random,0.07308506689356437
Random,0.07219563662082114
Random,0.07306430721610997
Random,0.07116985420589007
Random,0.07145526165893028
Random,0.07467958206318207
Random,0.07262538846563324
Random,0.07283544469189435
Random,0.07386960276443452
Random,0.07151771200805529
Random,0.07194310848433252
Random,0.07546590432925461
Random,0.07248347696895507
Random,0.07135938106408773
Random,0.07191470902660166
Random,0.07276297396400366
Random,0.07344574340491541
Random,0.07387346511592668
Random,0.07301859178567965
Random,0.07240052042744939
Random,0.07339320823998735
Random,0.07510060210517203
Random,0.07522261617465631
Random,0.07490762833130304
Random,0.07520316788122182
Random,0.07289830629777327
Random,0.07476060841691252
Random,0.07471080426304866
Random,0.07441737583937096
Random,0.09139309938362317
Random,0.09177045968209978
Random,0.09099266129481866
Random,0.09167566864445029
Random,0.09418743048548624
Random,0.09534725618208027
Random,0.08779678547254723
Random,0.09044509406928004
Random,0.08632812162514916
Random,0.09250310727119443
Random,0.09121387510009638
Random,0.08921166954122292
Random,0.09229192478540736
Random,0.09258291704815982
Random,0.09052030848820235
Random,0.09258791664235735
Random,0.09112930856692987
Random,0.09272888329586784
Random,0.09052488033297725
Random,0.09221920525576896
Random,0.08823949892474686
Random,0.09140741837096081
Random,0.09068740129939866
Random,0.0903235609626504
Random,0.09218055772469186
Random,0.08712041873663387
Random,0.0925399159445616
Random,0.09224463073318444
Random,0.09190625609835588
Random,0.08926960106336204
Random,0.09153743894436145
Random,0.08964046235505171
Random,0.09591083485752978
Random,0.09121755049187857
Random,0.09105513002293829
Random,0.08947247945193534
Random,0.09146520356246413
Random,0.09213606889837624
Random,0.08811535351084715
Random,0.09471773042957701
Random,0.08712885951567599
Random,0.08835025515821607
Random,0.08890649516760181
Random,0.09164553248781934
Random,0.08864244801036683
Random,0.08912311676745663
Random,0.08709140048380319
Random,0.09215013108055924
Random,0.0910385167465386
Random,0.09414942960317774
Random,0.08750698931656149
Random,0.08866740282405772
Random,0.09075104661405821
Random,0.08747888389482975
Random,0.0862979875049151
Random,0.08896714818175375
Random,0.08890373465641889
Random,0.09125861043686712
Random,0.0893534870529355
Random,0.0867707131311754
Random,0.09080806215848505
Random,0.08938179394164737
Random,0.0868876594601744
Random,0.08928023744331991
Random,0.08760617920816681
Random,0.08362692677107585
Random,0.08961587851350629
Random,0.0897373362979874
Random,0.08504745933802729
Random,0.0899259088136207
Random,0.089594963356224
Random,0.09010831435499146
Random,0.08616957778335504
Random,0.08625962483143194
Random,0.0916218206381759
Random,0.09015272268737053
Random,0.09120108875721218
Random,0.08627885603420046
Random,0.0870319418153094
Random,0.08984241752062652
Random,0.08277188042448376
Random,0.08808389807028269
Random,0.08919763673291706
Random,0.08815758969006446
Random,0.08796607409998977
Random,0.08867072298484183
Random,0.08848247746408223
Random,0.08930507532139241
Random,0.08872406200416204
Random,0.08975992536157115
Random,0.08839284658985819
Random,0.08830904775120438
Random,0.08583877743844846
Random,0.0885163061443509
Random,0.08423729628867595
Random,0.08806808384637811
Random,0.09076221594398576
Random,0.09040284813437985
Random,0.08605295218322119
Random,0.08810726429299418
Random,0.07461120213449354
Random,0.0759272000454449
Random,0.07491462993154895
Random,0.076675585409424
Random,0.07373576705403852
Random,0.07502495168927445
Random,0.07700394567768526
Random,0.07352175216989455
Random,0.07670531167475539
Random,0.07439603881167484
Random,0.07675525333275218
Random,0.07594761962776339
Random,0.07566716785726375
Random,0.07603973651344212
Random,0.07825731348093037
Random,0.07478693669528215
Random,0.07401634990203175
Random,0.07310687600146082
Random,0.07522709158318609
Random,0.07601410597289024
Random,0.07719376079812981
Random,0.07531901032529092
Random,0.07758949021580228
Random,0.07503018325688296
Random,0.07536742975687852
Random,0.07524558494925551
Random,0.07463103316031988
Random,0.07316773765383836
Random,0.07710930142673078
Random,0.07464706269720431
Random,0.07503727844673098
Random,0.07865283668268958
Random,0.07400572008056809
Random,0.07291095452402575
Random,0.07476619268034203
Random,0.07677508361136084
Random,0.07716982684246322
Random,0.07277025383768342
Random,0.07627192540910024
Random,0.07662535575658708
Random,0.07691189609402525
Random,0.07442351457987464
Random,0.0755985743115592
Random,0.07372168940701529
Random,0.07664692334362236
Random,0.07660244917252612
Random,0.0782339333894391
Random,0.07514642388742433
Random,0.07491325500273677
Random,0.07446770748851332
Random,0.09138902680064011
Random,0.08942839490814855
Random,0.08894488146039893
Random,0.0903042195079914
Random,0.08547605712765662
Random,0.0893452413939647
Random,0.08738440817030398
Random,0.09043554839363183
Random,0.0881704490679902
Random,0.08504351981672732
Random,0.08748720521680735
Random,0.08953668404670623
Random,0.08652280330209276
Random,0.09026543094494326
Random,0.08855997924750188
Random,0.08622781703556807
Random,0.08696518883353449
Random,0.0866963675331953
Random,0.0845999638774034
Random,0.09057608834185787
Random,0.08910790193514537
Random,0.08813128435090899
Random,0.08524129942957998
Random,0.09000930031446658
Random,0.08940009309289873
Random,0.09154577600028474
Random,0.0872163075922069
Random,0.09006259513954154
Random,0.08479004024492773
Random,0.0882483810610615
Random,0.08736250820177706
Random,0.08537807489453214
Random,0.08358673790950796
Random,0.08764102711653812
Random,0.08898208708391472
Random,0.08706186495868232
Random,0.08612473513402655
Random,0.08608472622256286
Random,0.08625618587612831
Random,0.09072044858566003
Random,0.08655082368148416
Random,0.09066333324670622
Random,0.084852484621072
Random,0.08805824945534806
Random,0.0873332733160197
Random,0.0870252350097386
Random,0.08986327434460642
Random,0.08538032818458091
Random,0.08714364669876318
Random,0.08512439866475045
Random,0.0852509236151152
Random,0.0846226471079894
Random,0.08608782309670787
Random,0.08418675590908609
Random,0.07503962695880681
Random,0.07498059143615658
Random,0.07653407893323233
Random,0.07288694653002036
Random,0.07532648565080535
Random,0.07594989687079591
Random,0.07808899896420704
Random,0.07776836503569264
Random,0.07722233349337906
Random,0.07829747391150696
Random,0.07676476590939474
Random,0.07732484144287682
Random,0.0762595314818548
Random,0.07698823274272991
Random,0.07787858958519021
Random,0.0773299539822552
Random,0.07539739061246784
Random,0.07612881362946447
Random,0.0738788572013297
Random,0.07226427251170155
Random,0.07567616577477693
Random,0.07863089268854778
Random,0.07621395166383466
Random,0.0751407027362894
Random,0.07431577688266071
Random,0.07537290381281445
Random,0.07761889469845165
Random,0.07695012041974372
Random,0.07671131363368142
Random,0.07549262761033923
Random,0.07739475235134183
Random,0.07617623115268111
Random,0.07566832280053094
Random,0.07446802595366801
Random,0.07838247700582185
Random,0.07544253779372176
Random,0.0770378211636831
Random,0.07737200910015055
Random,0.07765013555202507
Random,0.07531204828179319
Random,0.07668856715423544
Random,0.07793471611434527
Random,0.07780415061665845
Random,0.07499472199459178
Random,0.07432840608104768
Random,0.07710887105909592
Random,0.07672890806431318
Random,0.07637403549349003
Random,0.07500045598394187
Random,0.07469171499802375
Random,0.08422137988737269
Random,0.08592325407367259
Random,0.08104586472696204
Random,0.08421962301912235
Random,0.08465703391557174
Random,0.08533208343175912
Random,0.08610133143180793
Random,0.08495519787620892
Random,0.08480081174195785
Random,0.08472152706393388
Random,0.08558839683684902
Random,0.08498383268730746
Random,0.08512794333205859
Random,0.08478115393100111
Random,0.08675587514910668
Random,0.08242755119096265
Random,0.07825426273093246
Random,0.08520340240742996
Random,0.08680646734025727
Random,0.08368206501411198
Random,0.08375669381444831
Random,0.08686606287582777
Random,0.08597796007881825
Random,0.08462541304040026
Random,0.08491144001709035
Random,0.08450446081276652
Random,0.08283120243946047
Random,0.08382536243912633
Random,0.08403604601120336
Random,0.08939621002568507
Random,0.08451807187149449
Random,0.08409224482490064
Random,0.08375229233570061
Random,0.08390881079931599
Random,0.08729082066284705
Random,0.08277900450785143
Random,0.0854237565497289
Random,0.08722686782587957
Random,0.08683064135638027
Random,0.08515657377202829
Random,0.08502110422795703
Random,0.08731468164045107
Random,0.08412694886305981
Random,0.08769262978899497
Random,0.08404639483226962
Random,0.08579736607347854
Random,0.08400028877374793
Random,0.08180799745836308
Random,0.08451022396329659
Random,0.08749949383827325
Random,0.07571693797935862
Random,0.07661149920577132
Random,0.07542862748329837
Random,0.07484667052501948
Random,0.07454069474937232
Random,0.0749462332142704
Random,0.07565170646428718
Random,0.07612775293064435
Random,0.07511739604670926
Random,0.07580935229776632
Random,0.07471289526592145
Random,0.07519477864826303
Random,0.07533908712828902
Random,0.07656504957674096
Random,0.07504362351294429
Random,0.07425319280652114
Random,0.07563296773160087
Random,0.07556638650927884
Random,0.0756506786515624
Random,0.07568595869866193
Random,0.07556614796110331
Random,0.0745012158099161
Random,0.07596975125428701
Random,0.0765488538827631
Random,0.0754760958610271
Random,0.07652840324378146
Random,0.07749349519169449
Random,0.07618947245449502
Random,0.07570547154856054
Random,0.07645361949211786
Random,0.07501074482345652
Random,0.07596897280619867
Random,0.07344437371941016
Random,0.0766793464256691
Random,0.07513334025753474
Random,0.07457014939641973
Random,0.07587396584496166
Random,0.07550736206515843
Random,0.0749961784178492
Random,0.0764212426892324
Random,0.0760546159311767
Random,0.07374938951398108
Random,0.07698714971013597
Random,0.07540961619051136
Random,0.0747894315157516
Random,0.0753709246201737
Random,0.07577901357787308
Random,0.07536200615453809
Random,0.07552426279426291
Random,0.07644240258081954
Random,0.08069476187718515
Random,0.08054766722435804
Random,0.07813291818976828
Random,0.08078479469643383
Random,0.08106711356671016
Random,0.0831546587003264
Random,0.08180223837653192
Random,0.07952734408122261
Random,0.08175117441928684
Random,0.0787255314574443
Random,0.07515929425143884
Random,0.057956823294087585
Random,0.0685357615517736
Random,0.10163703069518122
Random,0.09868488243256222
Random,0.0685357615517736
Random,0.0648124965555894
Random,0.05906306263420062
Random,0.09868488243256222
Random,0.10032266797249241
Random,0.09868488243256222
Random,0.07044723184689548
Random,0.05906306263420062
Random,0.057956823294087585
Random,0.09868488243256222
Random,0.07050613641240554
Random,0.09952279174478013
Random,0.10328739270377696
Random,0.0685357615517736
Random,0.057956823294087585
Random,0.09916301212809552
Random,0.06302130309129565
Random,0.077154334356323
Random,0.07515929425143884
Random,0.09024445094599866
Random,0.0941828461542626
Random,0.0993334691679625
Random,0.1019925880603739
Random,0.10012130497661333
Random,0.0993334691679625
Random,0.06326680932908667
Random,0.09623710752916219
Random,0.10250411464125038
Random,0.07483891965596841
Random,0.10234295068670592
Random,0.0689589471682139
Random,0.07785006224951342
Random,0.0941828461542626
Random,0.1019925880603739
Random,0.0689589471682139
Random,0.06687600336037941
Random,0.06687600336037941
Random,0.0689589471682139
Random,0.09623710752916219
Random,0.09623710752916219
Random,0.0993334691679625
Random,0.07711325235805915
Random,0.10234295068670592
Random,0.0993334691679625
Random,0.06326680932908667
Random,0.0689589471682139
Random,0.05945313546100938
Random,0.0689589471682139
Random,0.09623710752916219
Random,0.0993334691679625
Random,0.07400129679259622
Random,0.0689589471682139
Random,0.10039067042151117
Random,0.0993334691679625
Random,0.05945313546100938
Random,0.07400129679259622
Random,0.07165121271330124
Random,0.06326680932908667
Random,0.10250411464125038
Random,0.07574921249309986
Random,0.08554860345401623
Random,0.06326680932908667
Random,0.0941828461542626
Random,0.0689589471682139
Random,0.10234295068670592
Random,0.0993334691679625
Random,0.07785006224951342
Random,0.05945313546100938
Random,0.07711325235805915
Random,0.08554860345401623
Random,0.05945313546100938
Random,0.07165121271330124
Random,0.10234295068670592
Random,0.07785006224951342
Random,0.0941828461542626
Random,0.07400129679259622
Random,0.0689589471682139
Random,0.07711325235805915
Random,0.08477890159137241
Random,0.09373702356141161
Random,0.10039067042151117
Random,0.05945313546100938
Random,0.0689589471682139
Random,0.0689589471682139
Random,0.07711325235805915
Random,0.0689589471682139
Random,0.0689589471682139
Random,0.07483891965596841
Random,0.09481868367340499
Random,0.09623710752916219
Random,0.05945313546100938
Random,0.09373702356141161
Random,0.0689589471682139
Random,0.10039067042151117
Random,0.07711325235805915
Random,0.09955328619936345
Random,0.0633550290813451
Random,0.0865726798729647
Random,0.07375132600508104
Random,0.0786224422656009
Random,0.08700865496322764
Random,0.10130457743024511
Random,0.06728391245423314
Random,0.09187800813640802
Random,0.08277194293904376
Random,0.06366577022628661
Random,0.0927308930266955
Random,0.0798111594994734
Random,0.07361544260232154
Random,0.06212517853364248
Random,0.10162163059750316
Random,0.0970486464425778
Random,0.07819696874708174
Random,0.08572312452698196
Random,0.08143137367063182
Random,0.06412663780142612
Random,0.07786030329012111
Random,0.0761445055057909
Random,0.06355540719120062
Random,0.05909171805841722
Random,0.06534443110924054
Random,0.061504636966216324
Random,0.06498584187343875
Random,0.06626768439096573
Random,0.10057514098880076
Random,0.08698110885521003
Random,0.059738706837998604
Random,0.0745828018063635
Random,0.06502704566109233
Random,0.06601179833890246
Random,0.08711421039322947
Random,0.05944904439400486
Random,0.06080510498778709
Random,0.10016993010561816
Random,0.07058435233510997
Random,0.07202452504883895
Random,0.09914334901071115
Random,0.07438985428015146
Random,0.08496392949069721
Random,0.06862760671911032
Random,0.09588889521407848
Random,0.09730369134491923
Random,0.06176666729659142
Random,0.09301540312722328
Random,0.06262880495142685
Random,0.09351714411776997
Random,0.09629979151863405
Random,0.09366506355372582
Random,0.09623758890768967
Random,0.09763215516799693
Random,0.09573090784992257
Random,0.09943198276361381
Random,0.09729335799751805
Random,0.09784157407058237
Random,0.09729151037321769
Random,0.09286065128149285
Random,0.09741022406568076
Random,0.09298282916791129
Random,0.0926845093808162
Random,0.09431450900129269
Random,0.0954547562799471
Random,0.09429817458751444
Random,0.09591768650704259
Random,0.09603617631807927
Random,0.09101468692131026
Random,0.09719162380188867
Random,0.09696241569637012
Random,0.09561862143814698
Random,0.0936410284553065
Random,0.0934808259643754
Random,0.09635344864544555
Random,0.09638672310293633
Random,0.09530666153750773
Random,0.09626161863437943
Random,0.09173406861464108
Random,0.09435453285745604
Random,0.08736385361392057
Random,0.09832990252925229
Random,0.09620823710299091
Random,0.09072511984002642
Random,0.09598885683082159
Random,0.09654941477021078
Random,0.0964608834854675
Random,0.09698155044191349
Random,0.09514063153954246
Random,0.09592271504220017
Random,0.09659940658910092
Random,0.09803594194286415
Random,0.09557516757948746
Random,0.09484114267749662
Random,0.09648397966523316
Random,0.09772556859353836
Random,0.09575602828402455
Random,0.09597832174732895
Random,0.09014048522949605
Random,0.09702104263428946
Random,0.09506275436175247
Random,0.09092248487084863
Random,0.09330936328159306
Random,0.09204997773328151
Random,0.09351125600061233
Random,0.09624226892658137
Random,0.09648341444939296
Random,0.09494821555388132
Random,0.09704858124480803
Random,0.09142948231416881
Random,0.09405870189926963
Random,0.09804786515554169
Random,0.0922548467937955
Random,0.09597984964646339
Random,0.0879403636281734
Random,0.09815490893095555
Random,0.09650377820974981
Random,0.09704418347889611
Random,0.09516554135297964
Random,0.09661842103655971
Random,0.09434157693448758
Random,0.096809147403917
Random,0.09686333484668808
Random,0.09362973287654212
Random,0.0965865581040549
Random,0.09469888603748639
Random,0.09521159085226959
Random,0.09162586841719839
Random,0.0951653031750523
Random,0.091229772122536
Random,0.09764013281306272
Random,0.09303020782305796
Random,0.09223014434698679
Random,0.09603378742658399
Random,0.09599203266023953
Random,0.09459865943861895
Random,0.09488637279656521
Random,0.09341982163750823
Random,0.09536059342873154
Random,0.0956906366545292
Random,0.09283491737418682
Random,0.09702558191576184
Random,0.09382292012064526
Random,0.09656604570388665
Random,0.09632110148351619
Random,0.09704856482270685
Random,0.09549482937432235
Random,0.09715518069790945
Random,0.09699636892836788
Random,0.06480502114922292
Random,0.06537368176335887
Random,0.06370248050969513
Random,0.061866511196780945
Random,0.07052944655038958
Random,0.08991000590940956
Random,0.0894603448502955
Random,0.06684619326219764
Random,0.09639210941386009
Random,0.10044505979433055
Random,0.07944911491038004
Random,0.08072194108920754
Random,0.07615929086004769
Random,0.09938840223953477
Random,0.08299375011826723
Random,0.06927753621611998
Random,0.08145950706420667
Random,0.07956459473697079
Random,0.09771719626367635
Random,0.08583125661975285
Random,0.0703608719581975
Random,0.07781481378482302
Random,0.08815075705101418
Random,0.09642536815747733
Random,0.07447658073997587
Random,0.08577188142557254
Random,0.09733847313665095
Random,0.08724163085433903
Random,0.08578709997458586
Random,0.09017284552285076
Random,0.06879015466263315
Random,0.09560200018452424
Random,0.07215301517047577
Random,0.10078030752908712
Random,0.09849425196444563
Random,0.07511252092469983
Random,0.07649020312614464
Random,0.08105504652168673
Random,0.0977546703091628
Random,0.06634722384929859
Random,0.0790338511973006
Random,0.096316559626411
Random,0.07000286590864911
Random,0.0986967138963515
Random,0.07370399451870407
Random,0.07518728181667132
Random,0.09009355979433763
Random,0.06765219341799877
Random,0.08377582403163654
Random,0.09897198734306688
Random,0.08139123757526014
Random,0.07406028675356682
Random,0.07957159083391087
Random,0.0748305552575307
Random,0.08762076069104875
Random,0.08820222510156968
Random,0.07382909266304823
Random,0.08941077941384569
Random,0.08490411461072385
Random,0.0927280429879315
Random,0.09229585923598194
Random,0.08920047708736302
Random,0.09008245687377002
Random,0.09338375736040079
Random,0.09176170602481583
Random,0.09460733531680952
Random,0.092990709133788
Random,0.0929472006281658
Random,0.09189534191097434
Random,0.0903338746974892
Random,0.0939822471899367
Random,0.09255987077317035
Random,0.09427133845913263
Random,0.08765867294050751
Random,0.0938100549044469
Random,0.09339696040170185
Random,0.08959846316383588
Random,0.09310470986299825
Random,0.0941020541346324
Random,0.09446549145292303
Random,0.09391707849085794
Random,0.09111080781358347
Random,0.095364931466996
Random,0.09311361157765545
Random,0.09192073037758258
Random,0.08773322198536769
Random,0.09135974445966287
Random,0.0938683710649118
Random,0.09077190304503996
Random,0.09358091566678439
Random,0.09419327663027262
Random,0.09387319129613109
Random,0.09118675992117886
Random,0.09367935340143677
Random,0.09298994046527298
Random,0.09247153545263131
Random,0.08854782627476963
Random,0.09318097300318649
Random,0.09152515765311296
Random,0.09285849933390528
Random,0.09218958601882964
Random,0.0928940505069646
Random,0.09083898829355067
Random,0.08805532066318475
Random,0.09549820064471119
Random,0.0914404185233531
Random,0.09184479097601894
Random,0.09234890790981222
Random,0.09273159853034424
Random,0.06574498449684477
Random,0.06404735171128095
Random,0.06581298773544249
Random,0.06614148849547842
Random,0.06826608855829813
Random,0.06567602323798317
Random,0.06492107606227325
Random,0.06533876361904524
Random,0.06421475063982998
Random,0.06497116535833734
Random,0.06647918506636007
Random,0.06316245359901661
Random,0.06410210359673969
Random,0.06761799816720716
Random,0.06641573968883757
Random,0.06310075575806774
Random,0.06578500096383327
Random,0.06507742458974002
Random,0.0651426183722208
Random,0.06431668194234225
Random,0.06517309749651706
Random,0.0642598454184525
Random,0.06438830829972114
Random,0.06643994695890788
Random,0.06511070327011158
Random,0.06618110215713555
Random,0.06574716557175267
Random,0.06600497183060904
Random,0.06173333637202528
Random,0.06457275894422437
Random,0.06681169825201297
Random,0.06523245373086245
Random,0.06656911321314851
Random,0.06342020595521544
Random,0.06524085664908857
Random,0.062249605660616165
Random,0.06454346212162676
Random,0.06587689816696693
Random,0.06623878059061768
Random,0.06648223373178813
Random,0.06598081327798866
Random,0.06470156754489732
Random,0.06593460703561504
Random,0.06443777380722858
Random,0.06535856675195362
Random,0.06425632879886611
Random,0.06490926148405149
Random,0.06618099787229749
Random,0.06530547022805228
Random,0.06551997513185949
Random,0.09304339749755092
Random,0.07648809585357631
Random,0.09202233220273955
Random,0.09041654301275898
Random,0.0906395874779087
Random,0.09038582985584237
Random,0.0821237387986655
Random,0.08730041302684749
Random,0.09427849447675127
Random,0.09414048605157112
Random,0.09453435524330121
Random,0.09065850638495024
Random,0.09283961873873571
Random,0.09416872064387989
Random,0.09337579371001423
Random,0.0928745206850598
Random,0.08831261814866763
Random,0.08614051903304637
Random,0.09224516266331956
Random,0.0745493827287314
Random,0.08311410648802436
Random,0.09368022262435521
Random,0.0824275256547922
Random,0.0830533351865238
Random,0.090481204626832
Random,0.08450315330472273
Random,0.0842290672147389
Random,0.08823250783000768
Random,0.09282409965701728
Random,0.09293647958827544
Random,0.09028851121134934
Random,0.08651500570759135
Random,0.09287363026744605
Random,0.09515663830216813
Random,0.09093493892953187
Random,0.09438487069424766
Random,0.0860150856212317
Random,0.0952797887633869
Random,0.08391116452400255
Random,0.08894888435234481
Random,0.08718107071244803
Random,0.09227976788142717
Random,0.09369305016763008
Random,0.09386486403847077
Random,0.09359658919768066
Random,0.083877416953704
Random,0.08618119088533921
Random,0.08945292937900265
Random,0.09168725629368168
Random,0.08552798095756549
Random,0.09055016519826027
Random,0.09120809517088767
Random,0.09014635197075128
Random,0.09164171410938787
Random,0.09256908276557464
Random,0.09057049576823123
Random,0.09236582963416722
Random,0.08702249419695236
Random,0.08784380324441993
Random,0.08738098552690782
Random,0.08961354735012411
Random,0.09029134773771959
Random,0.09114876431120483
Random,0.09076504401511637
Random,0.08902895763610531
Random,0.09103717759347063
Random,0.0845935955541948
Random,0.0940832211228459
Random,0.08955854352232251
Random,0.08607415366277528
Random,0.08951756252370302
Random,0.09092587033462768
Random,0.0894569474673959
Random,0.08948098089750092
Random,0.0851251444297719
Random,0.08857188847559817
Random,0.0896310523385731
Random,0.09139955583417764
Random,0.08394239459665702
Random,0.09265210199807877
Random,0.09259620566531623
Random,0.08877220004645571
Random,0.09132467449953778
Random,0.08751556264565995
Random,0.08658020586906835
Random,0.08974926036226094
Random,0.09160561103431646
Random,0.08964769408914593
Random,0.0911259102102623
Random,0.08789180100334514
Random,0.08845969092309437
Random,0.08638817442005249
Random,0.08268311840118062
Random,0.08666635588339554
Random,0.08850007274709527
Random,0.08892861639293285
Random,0.09161354707927218
Random,0.09015076119795072
Random,0.08950728067538255
Random,0.08687928140259514
Random,0.06848878097416132
Random,0.06710985187062332
Random,0.06561191525372836
Random,0.06837674813015453
Random,0.06754720610602244
Random,0.06678209486813813
Random,0.06858693360759686
Random,0.06694618588537081
Random,0.06716887364435113
Random,0.06498337792416917
Random,0.06813214552970884
Random,0.06850435973849045
Random,0.06733717474823919
Random,0.06542375620920572
Random,0.06776485863538927
Random,0.06821710831144595
Random,0.06547307197137477
Random,0.06766598204937485
Random,0.06777495571662034
Random,0.06669220230035222
Random,0.0685165488714516
Random,0.06602837952450681
Random,0.0705945385443317
Random,0.06944041270134059
Random,0.06638503861907646
Random,0.06752979272326019
Random,0.06827649755620319
Random,0.06585216994188157
Random,0.0685581790463733
Random,0.06731832245939855
Random,0.0685965842262723
Random,0.06690310673787213
Random,0.06789938789346
Random,0.06550733077521058
Random,0.06745425853334487
Random,0.06656072626384198
Random,0.06599349516541574
Random,0.06777925415294238
Random,0.06812382127072554
Random,0.06593406063266048
Random,0.06543692998686881
Random,0.06813190303012687
Random,0.0674228744025811
Random,0.06782125372805839
Random,0.06839304071984871
Random,0.06580105982715426
Random,0.06703666677563999
Random,0.06772048531975049
Random,0.06877303118259706
Random,0.06740542160110863
Random,0.0853973673728606
Random,0.090063034709306
Random,0.08284692704480727
Random,0.08810180316220985
Random,0.08364428712657974
Random,0.08944792836548676
Random,0.08880649910361171
Random,0.0904391645904671
Random,0.08014077129901086
Random,0.0886399586146651
Random,0.09028580348399438
Random,0.08884057111257185
Random,0.09042819014823196
Random,0.0877467999996394
Random,0.08992534089099538
Random,0.08610787516297855
Random,0.08895260021938611
Random,0.08793775431563557
Random,0.09009332903670432
Random,0.08312558009956271
Random,0.08968915662882763
Random,0.08748876815226678
Random,0.08961845664498985
Random,0.08236428417618992
Random,0.08702724533831682
Random,0.08747963231168077
Random,0.08615457033701675
Random,0.08475171585013186
Random,0.09016927008631241
Random,0.08350442017142838
Random,0.08111661139634534
Random,0.08304634950497107
Random,0.09124820849528574
Random,0.08928664256980118
Random,0.09209406717140857
Random,0.08365631739121422
Random,0.0889679265591574
Random,0.08532780822548797
Random,0.08692985297900241
Random,0.08888024194845781
Random,0.0869006816837202
Random,0.08706986165670182
Random,0.08304331038604315
Random,0.08835676308239276
Random,0.0863913237208077
Random,0.08635001601027686
Random,0.085780795062374
Random,0.09086057252632945
Random,0.08789129142536402
Random,0.08631992526929301
Random,0.08519855811834663
Random,0.0842140696118915
Random,0.08317955644764523
Random,0.08428910665045984
Random,0.08509972121104491
Random,0.08547319627279522
Random,0.0860564363081609
Random,0.08706175262612638
Random,0.08354286683317273
Random,0.08755741317484739
Random,0.08670901101696546
Random,0.08413086721791335
Random,0.08539642192462403
Random,0.08481454578677404
Random,0.08587126059381557
Random,0.08505635699165025
Random,0.08574210137197337
Random,0.08522608641458229
Random,0.08254874484962665
Random,0.08601146564825318
Random,0.08712085607883387
Random,0.08601493847190059
Random,0.08538700900560059
Random,0.08811390209491
Random,0.08804941006620481
Random,0.08482632203358778
Random,0.0841990343661604
Random,0.08312562644763556
Random,0.08492060681881047
Random,0.08595010783597185
Random,0.08689613932346935
Random,0.08352578690067958
Random,0.08526515221444243
Random,0.08704543986039487
Random,0.08529332114930165
Random,0.08126096409478899
Random,0.08765640667056507
Random,0.08420534319335618
Random,0.08592220936613289
Random,0.08394156286948308
Random,0.08358669249981109
Random,0.08686648649909885
Random,0.08414434940406065
Random,0.08475613515462173
Random,0.08214868039924413
Random,0.0860457440546873
Random,0.08773298712359498
Random,0.08660967666896241
Random,0.08650395467133491
Random,0.08510574323814395
Random,0.07128647379971524
Random,0.06881635098981773
Random,0.0694858966701207
Random,0.07067633608263435
Random,0.06980013434148317
Random,0.06757974505854879
Random,0.06973535681279036
Random,0.06611726288429119
Random,0.06795222287716159
Random,0.06971490893629483
Random,0.06980243990752073
Random,0.06710282742136413
Random,0.070281129222285
Random,0.07017602101533268
Random,0.06927098270389496
Random,0.06943230593397555
Random,0.07050073068132692
Random,0.06914253532724565
Random,0.07173185394209336
Random,0.0708202311103773
Random,0.06779103478101108
Random,0.07048474245000462
Random,0.0708612442974935
Random,0.07119153549249159
Random,0.06955171324363686
Random,0.07142616095921607
Random,0.06712070449734787
Random,0.06989282032189434
Random,0.06958323823944695
Random,0.06972054243423932
Random,0.06732064399512244
Random,0.07249786300214693
Random,0.0687881038480795
Random,0.06844260738758381
Random,0.070107851866362
Random,0.07097926332819071
Random,0.07098534375646569
Random,0.06979030379350928
Random,0.07081292251391473
Random,0.06946255233094366
Random,0.06901279357813
Random,0.06907837685705621
Random,0.06748969125608734
Random,0.06807039127576076
Random,0.07049192937123326
Random,0.06959874980242375
Random,0.06619705950698901
Random,0.0700228267084681
Random,0.06709453279028113
Random,0.07064829508518435
Random,0.08819176340570385
Random,0.08451906911800158
Random,0.08484050274973111
Random,0.08393864671342109
Random,0.08929692805848143
Random,0.08615270013361644
Random,0.08351428173028484
Random,0.08521776568486866
Random,0.08426236227984095
Random,0.0836426445645764
Random,0.08544498389860875
Random,0.08678256500671465
Random,0.08328298609087041
Random,0.0874187938020641
Random,0.08336074566992255
Random,0.08058310209707352
Random,0.08408538125140551
Random,0.08289477701492584
Random,0.08715606819101396
Random,0.08452040344923455
Random,0.08584026700820858
Random,0.08376603943752124
Random,0.08453562141901148
Random,0.08726666124918513
Random,0.0842069666053162
Random,0.08436560428252254
Random,0.08567355333950194
Random,0.0799606861034373
Random,0.08499576149636567
Random,0.08626014044336344
Random,0.08426569006594646
Random,0.08768890833795367
Random,0.08560854847501338
Random,0.08504672552039756
Random,0.08802301001928403
Random,0.08776628842504085
Random,0.07999991381211399
Random,0.08616702883964872
Random,0.08620578481175235
Random,0.0866750500748013
Random,0.08761305811156267
Random,0.08605065355855211
Random,0.0820019553776729
Random,0.08263930823886315
Random,0.08669460577696048
Random,0.08434514014461249
Random,0.08542385658101766
Random,0.08365660715757883
Random,0.08553255676133309
Random,0.08752230524778846
Random,0.07260648224214673
Random,0.071071816140927
Random,0.0707365918413368
Random,0.06987162775211107
Random,0.07190168394946478
Random,0.07114992726096019
Random,0.07096191239421498
Random,0.07300937565801681
Random,0.06985660164863881
Random,0.07060972285024421
Random,0.07088957179280442
Random,0.0703405977668865
Random,0.07063495056821784
Random,0.07223019253606498
Random,0.06851027804127083
Random,0.07021541696306147
Random,0.06921790179995407
Random,0.07064383095867365
Random,0.07165445333560169
Random,0.0685120959436467
Random,0.07198357702976145
Random,0.06984772176442339
Random,0.07185615173154437
Random,0.07111523776315404
Random,0.07117597249376927
Random,0.07127519354933944
Random,0.07102468217892977
Random,0.0733447778678182
Random,0.07217939616435842
Random,0.06978968018949029
Random,0.07222670904905858
Random,0.07121278697884942
Random,0.06958344969916071
Random,0.07264749892961543
Random,0.06982679762009719
Random,0.07103251661902474
Random,0.07029348676557651
Random,0.07034586940988484
Random,0.0698491095567032
Random,0.06984521055350709
Random,0.07154112016060116
Random,0.07016238490602818
Random,0.07076020156986441
Random,0.07202287806037204
Random,0.07214375508671172
Random,0.07115443414763235
Random,0.07177719945642026
Random,0.07235390430997446
Random,0.0705265679264829
Random,0.07128235613906432
Random,0.08216206757812344
Random,0.08216738126648887
Random,0.08124557969376282
Random,0.08268383015757956
Random,0.08199855012551377
Random,0.08057504081392543
Random,0.0831749078418272
Random,0.0797932298259809
Random,0.07911184650525432
Random,0.08142197748413983
Random,0.0809341853747208
Random,0.07923219921605677
Random,0.08254977359269332
Random,0.07505782224581349
Random,0.0796163809217005
Random,0.079994537283692
Random,0.0823460611903351
Random,0.08284129138157487
Random,0.0818442785441391
Random,0.08256142712350177
Random,0.08125876708921127
Random,0.08446647727693993
Random,0.08181806020394786
Random,0.0813519910359278
Random,0.08170898887171321
Random,0.08144288814509211
Random,0.07814592965638086
Random,0.08129205220802889
Random,0.07947364024488544
Random,0.08293575465951684
Random,0.08156324090899213
Random,0.08279027831528393
Random,0.0791152682513634
Random,0.07693032088776809
Random,0.08186920302885686
Random,0.0821119686271181
Random,0.0818396571549985
Random,0.0812800136043925
Random,0.07672128284824643
Random,0.07662961263391889
Random,0.08054612517226126
Random,0.08322683418316242
Random,0.08146323396242588
Random,0.07872875139590202
Random,0.08131014604250324
Random,0.08050039530428937
Random,0.08022720069722505
Random,0.07712696961825895
Random,0.07926403905814151
Random,0.08150432926503984
Random,0.09281517140069809
Random,0.09638225771650752
Random,0.0969782967411362
Random,0.09084893470034729
Random,0.09384915882475696
Random,0.09207766867213821
Random,0.09411452761101771
Random,0.09509089782094009
Random,0.09414997281239552
Random,0.09438624213637013
Random,0.09636516128725077
Random,0.09553033389814403
Random,0.09584813140166204
Random,0.09196094146287066
Random,0.09510493478654211
Random,0.09616739431010217
Random,0.09265338705666182
Random,0.0938190824084785
Random,0.09600996578578418
Random,0.09427812936763016
Random,0.09589878309733763
Random,0.09485073445143825
Random,0.09114697185645468
Random,0.09629094335815751
Random,0.09657013077690124
Random,0.0918649288552433
Random,0.09462550387319596
Random,0.09618271891289965
Random,0.09474708945170959
Random,0.09596556754296898
Random,0.09656859514409064
Random,0.09657436255206336
Random,0.0890171817785506
Random,0.09524283758170554
Random,0.09372762518390516
Random,0.0916297439714674
Random,0.09626228094520627
Random,0.09642704962747643
Random,0.09278304131767413
Random,0.09394389307821484
Random,0.09574668703259136
Random,0.09483705652480864
Random,0.09093395108474793
Random,0.09629721159582744
Random,0.09513057877574513
Random,0.09694335750506128
Random,0.09502926541509056
Random,0.08883782591082025
Random,0.09246613438653639
Random,0.0935510839498619
Random,0.09077389686988001
Random,0.09501567590135722
Random,0.09460456553691926
Random,0.09248107762707605
Random,0.09470763988965246
Random,0.09340955842640711
Random,0.09174661338752514
Random,0.09100351551933841
Random,0.09187095702964031
Random,0.09060888482525399
Random,0.09225863505483858
Random,0.0914307606331795
Random,0.09233961975041893
Random,0.08803112497986604
Random,0.09159041490234868
Random,0.09394255540119445
Random,0.09116578404112602
Random,0.0925385149045303
Random,0.09207863426831579
Random,0.08817448617986484
Random,0.08974238119032578
Random,0.09277983636969793
Random,0.093026542730978
Random,0.09139714243740002
Random,0.08896147644222992
Random,0.08862873072649506
Random,0.0898858767154536
Random,0.09218008068632855
Random,0.09311666765975075
Random,0.09293272612659564
Random,0.0916505161931292
Random,0.09437755898775552
Random,0.0901334157848686
Random,0.0908435510456735
Random,0.092533869540556
Random,0.0929950957418714
Random,0.09346077701151044
Random,0.08789666707877189
Random,0.09172373281988314
Random,0.09147548054358255
Random,0.08888002693458702
Random,0.0936205413131296
Random,0.08974368938878115
Random,0.09267490366008133
Random,0.09302653924083244
Random,0.08889663273462872
Random,0.0944192314509928
Random,0.08704004098492078
Random,0.09389203705326622
Random,0.0923134041436282
Random,0.06070799484255133
Random,0.06276480906959762
Random,0.06191125634318269
Random,0.06132032958005425
Random,0.06360059027211207
Random,0.06242264324791563
Random,0.06495896169020796
Random,0.0627406358611097
Random,0.06379035316818601
Random,0.061785705729308804
Random,0.06488698475201034
Random,0.062091631733774195
Random,0.06271956989427054
Random,0.06164646709630858
Random,0.060672699777621804
Random,0.06547445065269074
Random,0.0652396839973585
Random,0.061274083463489434
Random,0.06324542470561084
Random,0.06542185567671595
Random,0.06425591407349884
Random,0.06264672996561557
Random,0.06529409064713093
Random,0.06318346129475684
Random,0.06412144551884352
Random,0.06463586129668443
Random,0.06551623821377973
Random,0.06146170371415906
Random,0.06186854874531491
Random,0.06554625850282378
Random,0.0630456064838927
Random,0.06217369725971935
Random,0.06204474103006987
Random,0.06421718155351643
Random,0.09108741452253012
Random,0.07464411628168592
Random,0.09181209006019969
Random,0.08824598743037995
Random,0.09229894166050032
Random,0.093251302660841
Random,0.08764456112718051
Random,0.08370666639901912
Random,0.0929289986258965
Random,0.08613826967930549
Random,0.0816089503241642
Random,0.08465879348329906
Random,0.08887742021225108
Random,0.09263989802944138
Random,0.0914972601434971
Random,0.09085289946304272
Random,0.09037139158476862
Random,0.09198761358383307
Random,0.08676214485941613
Random,0.09267128999021054
Random,0.08464475065322233
Random,0.09039184557943657
Random,0.0941382194577136
Random,0.09234385515700694
Random,0.09248638549383884
Random,0.08850268584752201
Random,0.08611588566302146
Random,0.09319540631906306
Random,0.08257429482030887
Random,0.0913368468729459
Random,0.08457649017202015
Random,0.09546244828103966
Random,0.09034811029141224
Random,0.08409823640036336
Random,0.08630851327383425
Random,0.09263925097354843
Random,0.08984334523819369
Random,0.09204627201610037
Random,0.09228208294851584
Random,0.09325162127154613
Random,0.09281621437518936
Random,0.0881935269580191
Random,0.09127788226630289
Random,0.09252007210811428
Random,0.09226047030547932
Random,0.09423298282035092
Random,0.0912209889299277
Random,0.09089540851210869
Random,0.0872052306367965
Random,0.08783584538230059
Random,0.08950386872106549
Random,0.08993775618129521
Random,0.08541092474858544
Random,0.08809511303708234
Random,0.0908096654621886
Random,0.08874202720637299
Random,0.08854146251913278
Random,0.08908356012427136
Random,0.08949014733793265
Random,0.0891311970981326
Random,0.0904216520734826
Random,0.08807542841777265
Random,0.0871327385051768
Random,0.09077588112563603
Random,0.09185015833708007
Random,0.08820109648184254
Random,0.08839150389411488
Random,0.08784717512394594
Random,0.08780528890829714
Random,0.0883244533330469
Random,0.09050364388105266
Random,0.08623815522663449
Random,0.08737489440775562
Random,0.08649999914909927
Random,0.08603724714939633
Random,0.0899847204109841
Random,0.08888988737375712
Random,0.08716046734372583
Random,0.08783328359814391
Random,0.08712242276337577
Random,0.08718604805196777
Random,0.08741145384173592
Random,0.08838872906905351
Random,0.09037997572764596
Random,0.08692541737224019
Random,0.08718506686388082
Random,0.08570813463653906
Random,0.08884866694075243
Random,0.08708842100777701
Random,0.09208650030025922
Random,0.09156627511972319
Random,0.09008417439434538
Random,0.08893829939553768
Random,0.08595461154297596
Random,0.08764397401763972
Random,0.08889833662197873
Random,0.09020014726540296
Random,0.08777981393437016
Random,0.0908994767925725
Random,0.08641277195889188
Random,0.06733820326694342
Random,0.06724457826228218
Random,0.0672197899186051
Random,0.06357817602911836
Random,0.06416234740787274
Random,0.06623245000727479
Random,0.06635233284711205
Random,0.06701941432685374
Random,0.06463046510414586
Random,0.06611684959542288
Random,0.06677643986471139
Random,0.06407814078545243
Random,0.06529911690018707
Random,0.0629510873099963
Random,0.06449694020545564
Random,0.06473134731916559
Random,0.06499383535906646
Random,0.06774443549312024
Random,0.06555566184687735
Random,0.06561759793509396
Random,0.06535670733858978
Random,0.06701604939832975
Random,0.06491133283220166
Random,0.06199378632605998
Random,0.0647009311533401
Random,0.06786162529827151
Random,0.06651892449862372
Random,0.06449786566865896
Random,0.06409150986499014
Random,0.06732299748952243
Random,0.06437812610637138
Random,0.0651402294303341
Random,0.06428738311747509
Random,0.06594425340577573
Random,0.0651574298144186
Random,0.06357835104106187
Random,0.06495145930996783
Random,0.06526560091757744
Random,0.06694291938793243
Random,0.06509647223797457
Random,0.06322738056514254
Random,0.06555931848958436
Random,0.06708816217601168
Random,0.06681788196908485
Random,0.06669927718313204
Random,0.06766188688842532
Random,0.06527965455210563
Random,0.0675812422520346
Random,0.06482315195012518
Random,0.0638609630595431
Random,0.08407517554524645
Random,0.08745800411035987
Random,0.084348349718083
Random,0.08487422843745378
Random,0.08958853819312025
Random,0.09030005040253741
Random,0.08398411310991889
Random,0.08716750879191748
Random,0.08490185143618874
Random,0.08383511781773337
Random,0.0881898643718074
Random,0.08799138369769707
Random,0.08931164096386567
Random,0.08537732113792743
Random,0.087217232004067
Random,0.08268495645581651
Random,0.08064159512965205
Random,0.08611473057036564
Random,0.08698190726167127
Random,0.0920235022719089
Random,0.0869822996697502
Random,0.08215304552237683
Random,0.08947109483528609
Random,0.08938821719945621
Random,0.08619128401894387
Random,0.08958744008348449
Random,0.08541636753387424
Random,0.08621536257269441
Random,0.08857767266238512
Random,0.08444213880855045
Random,0.0889882267448337
Random,0.08803628492129179
Random,0.089573558887991
Random,0.08488573562644604
Random,0.08600555946154088
Random,0.08845850754767298
Random,0.0827921967731106
Random,0.08849061115557902
Random,0.0846114040098638
Random,0.08674857531406928
Random,0.0873047792578859
Random,0.09075492453356958
Random,0.0842594500819206
Random,0.08849937246620639
Random,0.08746753290141726
Random,0.08577806792488332
Random,0.087750027388862
Random,0.08828140095236335
Random,0.08797237097399602
Random,0.08445543536879256
Random,0.08703241512669763
Random,0.08662648334614062
Random,0.08541363569641362
Random,0.08327447554063779
Random,0.08674656988200068
Random,0.08426407496422769
Random,0.08426412787315028
Random,0.08376547745570746
Random,0.08548353252004065
Random,0.08564925596846934
Random,0.0856168114315318
Random,0.08446248831771186
Random,0.08693857588773256
Random,0.08534145629003148
Random,0.08565880568862554
Random,0.08514456418091583
Random,0.08428448823263636
Random,0.08577427848789738
Random,0.08366274599884889
Random,0.08548569693656305
Random,0.0825442911518013
Random,0.086268814478251
Random,0.08773197095481124
Random,0.08422783750947645
Random,0.08480808333306468
Random,0.08607569961275204
Random,0.08600175152365523
Random,0.08372975594002753
Random,0.08336530112487081
Random,0.08452360367471728
Random,0.08393613250158466
Random,0.08118447804120421
Random,0.08467293551745911
Random,0.08658296405589795
Random,0.08624553784094191
Random,0.0854361005773353
Random,0.08701223303788992
Random,0.0855879195297399
Random,0.08388743517440617
Random,0.08374403611453772
Random,0.08487703619449291
Random,0.08629836757125645
Random,0.08615052255094441
Random,0.08410934881133186
Random,0.08754742456573865
Random,0.08419343233131257
Random,0.08685349315820816
Random,0.08750029372662596
Random,0.08481840061389619
Random,0.08281027479812622
Random,0.06864780924077821
Random,0.06847706795596366
Random,0.06745088330672842
Random,0.0677631219452951
Random,0.0688215941823438
Random,0.06766971887018997
Random,0.06702390603401681
Random,0.0674825314090043
Random,0.06640829466950321
Random,0.07039352168912102
Random,0.06858344021820473
Random,0.06778015011755656
Random,0.06928716039769427
Random,0.06701148224669112
Random,0.06626408461646008
Random,0.06814608406266473
Random,0.07052656434601659
Random,0.06649728321249825
Random,0.0681600861645859
Random,0.06838601245272911
Random,0.06977496608093191
Random,0.06972425475794125
Random,0.06807770622015596
Random,0.06823995691486857
Random,0.06625139035114785
Random,0.07066969004278008
Random,0.06905943861924016
Random,0.06648109297685437
Random,0.06724492122248021
Random,0.06940560698093577
Random,0.06734319798997547
Random,0.06645849289257683
Random,0.0667793516049204
Random,0.07024793997573056
Random,0.06802699682572098
Random,0.06991467364091591
Random,0.06793248988919628
Random,0.06619096333395702
Random,0.06816188818671037
Random,0.06872435148731597
Random,0.06981340570993552
Random,0.06828856467450976
Random,0.06649739290202263
Random,0.06856120121593791
Random,0.06944221567982255
Random,0.06862827798828335
Random,0.06744954865048669
Random,0.06804696883096482
Random,0.06813920114792893
Random,0.06848385175969554
Random,0.08519794565309041
Random,0.08786814012070579
Random,0.0858995998500876
Random,0.0857424544629896
Random,0.08483706351477849
Random,0.08209635781395207
Random,0.08076495489386047
Random,0.08643818716997828
Random,0.08309727779129218
Random,0.08429007863722233
Random,0.08360773251907572
Random,0.08731019398163824
Random,0.08277794858463665
Random,0.08102500198612576
Random,0.08569197389897625
Random,0.08499417243153401
Random,0.08699652309398063
Random,0.08217800435146501
Random,0.08547296129650021
Random,0.08290564208720527
Random,0.0828513041116446
Random,0.08546193779063742
Random,0.0850531534494047
Random,0.08344125186424492
Random,0.08689757800966276
Random,0.08633533819548234
Random,0.0851412271401847
Random,0.08591405020965738
Random,0.08317103461825467
Random,0.08556221899684945
Random,0.08360230131417382
Random,0.08438917618797688
Random,0.08614598836749508
Random,0.08223801841915418
Random,0.08407087972959121
Random,0.08584637050024753
Random,0.08306527500343748
Random,0.07506050151027126
Random,0.08716707566870127
Random,0.08112404608333464
Random,0.08375436765952202
Random,0.08670805993719055
Random,0.0855945390241095
Random,0.08555080999991105
Random,0.08244608228601066
Random,0.0861037620279882
Random,0.08380244617651272
Random,0.08712219438756849
Random,0.08567080471739359
Random,0.08285426254750976
Random,0.06997404667499836
Random,0.07052191077233261
Random,0.06994060780707116
Random,0.0703345961698875
Random,0.07054287836241088
Random,0.07052487389107967
Random,0.0687420100020978
Random,0.07006111092778497
Random,0.06776652529961892
Random,0.06807434263363348
Random,0.07033239545685376
Random,0.06881795187596537
Random,0.06943948649893628
Random,0.07034864627764194
Random,0.06923827251873206
Random,0.06723219330231188
Random,0.06818440691056821
Random,0.06817325025912738
Random,0.068682108738588
Random,0.06664605876998962
Random,0.06959724623873001
Random,0.06972416444742578
Random,0.06952526266746986
Random,0.07042140485175992
Random,0.06811290835270882
Random,0.06681765121735453
Random,0.06930119013500985
Random,0.06987777524043565
Random,0.06859988068605957
Random,0.06913069957443554
Random,0.06760062115943527
Random,0.06887870401510839
Random,0.06793569359416438
Random,0.06877914924951824
Random,0.07030692785848486
Random,0.06916698477548494
Random,0.06864453770685713
Random,0.06992690330583116
Random,0.06766049974466797
Random,0.06990323001868036
Random,0.06983868935671012
Random,0.06909240795867731
Random,0.06998429474805903
Random,0.06882831227942915
Random,0.06892682215282321
Random,0.069975152210867
Random,0.0682775115381537
Random,0.0674058054566035
Random,0.0676358219686341
Random,0.07078129278077937
Random,0.07968535852326852
Random,0.07997388779132052
Random,0.08118027530114887
Random,0.08038475099434322
Random,0.08195939023888116
Random,0.08077867812596765
Random,0.08054971771927398
Random,0.08110484893357124
Random,0.07840817926245051
Random,0.0815033687084889
Random,0.07865222150350405
Random,0.08253484931613685
Random,0.07939691208946784
Random,0.07994774205407057
Random,0.0815867581290388
Random,0.07996782730252619
Random,0.08055244010428965
Random,0.08117019412451498
Random,0.0799251467857738
Random,0.08035376939641595
Random,0.07961850435170391
Random,0.08250762065767903
Random,0.0799998569445603
Random,0.08101065759725713
Random,0.0794500263564595
Random,0.07852645836235696
Random,0.08130938351154782
Random,0.07750405493843744
Random,0.07833205755300356
Random,0.08077213754710386
Random,0.08130122479525141
Random,0.07932540735691816
Random,0.07727702460606736
Random,0.08306467618661997
Random,0.07842406893455292
Random,0.08004692892131005
Random,0.08021941188626272
Random,0.08054889154330738
Random,0.07961603789724164
Random,0.08029170233928937
Random,0.07610631997149993
Random,0.0829256688466893
Random,0.07437069832492227
Random,0.07810621935993253
Random,0.07820534030275042
Random,0.0819219093423277
Random,0.0796081023084895
Random,0.07902185035595835
Random,0.08304156195920939
Random,0.07907539253607695
Random,0.095834445110644
Random,0.09541238000194092
Random,0.09311824818970556
Random,0.0934311506297075
Random,0.09533197514646383
Random,0.09440642637276328
Random,0.09380115906651645
Random,0.09513000596948844
Random,0.09321395886100176
Random,0.09015722378448285
Random,0.08828754327993972
Random,0.0884424585089546
Random,0.08978732146340968
Random,0.09098606151254414
Random,0.0895769612012747
Random,0.08848923100951639
Random,0.09088129307266556
Random,0.08870806505094257
Random,0.09049056574060028
Random,0.08789577842877899
Random,0.08999325356897347
Random,0.09033875075694427
Random,0.08915639129328164
Random,0.09087304248714279
Random,0.09187015434129549
Random,0.09070112702741723
Random,0.08983273551597855
Random,0.09078264703271868
Random,0.09372962517852007
Random,0.09098111675870948
Random,0.0916000991776455
Random,0.09106305134248771
Random,0.08843411285078716
Random,0.08963446781211494
Random,0.09030838427291096
Random,0.092015126933715
Random,0.09104941211672216
Random,0.08894792760382403
Random,0.09007727026110501
Random,0.09010525667843784
Random,0.09111763636312323
Random,0.09262858320138706
Random,0.09003030812829413
Random,0.08366745856021762
Random,0.0882519936789122
Random,0.09074777785486417
Random,0.09130044067365915
Random,0.08872739561159675
Random,0.09301547548546389
Random,0.09052684028178706
Random,0.09076279527155633
Random,0.0904341103376946
Random,0.0864428981442608
Random,0.0908373315214199
Random,0.08680976870659154
Random,0.0901581560499495
Random,0.09136075982539686
Random,0.08982854424965764
Random,0.09155175870139301
Random,0.09250862657745987
Random,0.08291224202127703
Random,0.08900469688604525
Random,0.09155522727460981
Random,0.07769058331408477
Random,0.09140704195217972
Random,0.08527930525682799
Random,0.09126447937887035
Random,0.08188450380933569
Random,0.09190299099995926
Random,0.09076938610209823
Random,0.08323652870485704
Random,0.09196540864053304
Random,0.08350107604099967
Random,0.09102832666687186
Random,0.08969308538286717
Random,0.09159499678820696
Random,0.07521315537403304
Random,0.09034073374013016
Random,0.08405188310692599
Random,0.08581270463157407
Random,0.09019010916210159
Random,0.09182287801101552
Random,0.09333376666795025
Random,0.08946365664171471
Random,0.09009611082166294
Random,0.08893862212017582
Random,0.08067371393514214
Random,0.08336784476433247
Random,0.0850821196788124
Random,0.08259363695239175
Random,0.09010365785136336
Random,0.09237030676986399
Random,0.07571759485067413
Random,0.0888198004187129
Random,0.09131169652644369
Random,0.08989503170436908
Random,0.08936664519038805
Random,0.09000595155185233
Random,0.0889629633356248
Random,0.08972412858588955
Random,0.0912670648806237
Random,0.08559480239234663
Random,0.08385704903223991
Random,0.08978087409588768
Random,0.08944428626852455
Random,0.08757023422124358
Random,0.09032270033729022
Random,0.08297785291673032
Random,0.08960441771642991
Random,0.08638872829938431
Random,0.08638076594434783
Random,0.08950005954149047
Random,0.09024281637010974
Random,0.08876846566900737
Random,0.09050138592009617
Random,0.08739252814634636
Random,0.0880036795589587
Random,0.08797042439322322
Random,0.0860024210145659
Random,0.08730162901612597
Random,0.08464409531226862
Random,0.08951214580343546
Random,0.08862753819688496
Random,0.08929599578467716
Random,0.08959596376093996
Random,0.08748945135508279
Random,0.08725990338519621
Random,0.08801750862347543
Random,0.08917818383240446
Random,0.08666641281205412
Random,0.08880153891556715
Random,0.08687001519139552
Random,0.08949793224020469
Random,0.08735877993060852
Random,0.08647414504704623
Random,0.08805637674365267
Random,0.08960185302094757
Random,0.08850387212786591
Random,0.0890342637818104
Random,0.08982053010485272
Random,0.08901070252420183
Random,0.08648858882848239
Random,0.0879322715768499
Random,0.08522258143774489
Random,0.08736492390826445
Random,0.09018590443482039
Random,0.08526501411060074
Random,0.08662691056027247
Random,0.08944307584714432
Random,0.08659191167595741
Random,0.08940364741256336
Random,0.0891719523494862
Random,0.09004740831290524
Random,0.08624370642210977
Random,0.08743779885871836
Random,0.08874857931173376
Random,0.08658887303941479
Random,0.08846846192878068
Random,0.0864796997423031
Random,0.06344958315748231
Random,0.06278896112104669
Random,0.062264695283327995
Random,0.06333599925158197
Random,0.062365217674250246
Random,0.06095909362825397
Random,0.06309115551390587
Random,0.06254942167301226
Random,0.06298025474494799
Random,0.0631570073787138
Random,0.061474816158915896
Random,0.06167922133021322
Random,0.06320353815220549
Random,0.06001125542839339
Random,0.062234365573458246
Random,0.06319879819093532
Random,0.06469171097036507
Random,0.061402714651834805
Random,0.06228167105681432
Random,0.06224576247750969
Random,0.06266640128108561
Random,0.0636865332711362
Random,0.06238846045723969
Random,0.0628992624031694
Random,0.06227288277938674
Random,0.06443997790130875
Random,0.06313788158095963
Random,0.06341326902306829
Random,0.06546700470916049
Random,0.06246387351100863
Random,0.08898012233026839
Random,0.08469487511318802
Random,0.0876135310714692
Random,0.08866263618667763
Random,0.08747772452522391
Random,0.08643243667539022
Random,0.08467520949705297
Random,0.08530785010910794
Random,0.07951448325566583
Random,0.08586752592650179
Random,0.08342721385512075
Random,0.08520255523452276
Random,0.08692663985521122
Random,0.08579333371530232
Random,0.08052189892173044
Random,0.08676828796517008
Random,0.0844803053043796
Random,0.08674275447869298
Random,0.08023980701383261
Random,0.08476872024024279
Random,0.08910614664059556
Random,0.08640759786858793
Random,0.08538776615941678
Random,0.08756068709153358
Random,0.0851096481771782
Random,0.08748462597487293
Random,0.08350212654619785
Random,0.08792268562164265
Random,0.08792700760801929
Random,0.08261098701087263
Random,0.08760863553250842
Random,0.08252804781320004
Random,0.08533166010530219
Random,0.08412475399881711
Random,0.08585952002054487
Random,0.09093138121891613
Random,0.08462239819257339
Random,0.08836116980350127
Random,0.0845106924764904
Random,0.08833661607902943
Random,0.08462131154908227
Random,0.08077490157624548
Random,0.08627347395056009
Random,0.0905588687921845
Random,0.08701890614250007
Random,0.08529430526903757
Random,0.08601580402541831
Random,0.08814750424461693
Random,0.08936340914601852
Random,0.08731990176725445
Random,0.08511149889900221
Random,0.08137120896498574
Random,0.08250024997198946
Random,0.08398547978629357
Random,0.07940818738992513
Random,0.08003317793104671
Random,0.0841128070627079
Random,0.08203712214808391
Random,0.08331919418147404
Random,0.08188828380344289
Random,0.08204651607097996
Random,0.08466838044523409
Random,0.08517225507826437
Random,0.08229584075260091
Random,0.08446983449820228
Random,0.0839700076162609
Random,0.08337691819127759
Random,0.08245126780127796
Random,0.08249329496238496
Random,0.08581974893318313
Random,0.0856638393715687
Random,0.08318082957086816
Random,0.08288497074200556
Random,0.06651340685721839
Random,0.06487362738637614
Random,0.06515601662762228
Random,0.06540673124912919
Random,0.06491247839254574
Random,0.06451994541799051
Random,0.0638443481235091
Random,0.06590842856906468
Random,0.06580378030887671
Random,0.06437056202811538
Random,0.06602720621972706
Random,0.06496571408392297
Random,0.0645540860752884
Random,0.06749486276739267
Random,0.0627243665798372
Random,0.06731455704497037
Random,0.06345804970390273
Random,0.06380700957784452
Random,0.0645182562955949
Random,0.06490702927321616
Random,0.06402317836449217
Random,0.06574682199339849
Random,0.06640399842680951
Random,0.06338721235015089
Random,0.06375218248909996
Random,0.06578532026018945
Random,0.06501210519566543
Random,0.06436955117570851
Random,0.06463123065313975
Random,0.06524164730676503
Random,0.06444318039069594
Random,0.06492367965129765
Random,0.06368451041789841
Random,0.06524856454879202
Random,0.06565682291849335
Random,0.06207213070040591
Random,0.06283325214005643
Random,0.06356371431614467
Random,0.06508838267433432
Random,0.06528730693060061
Random,0.06570590044696926
Random,0.06734735047798275
Random,0.06486997043367408
Random,0.06692737459972095
Random,0.06641993327377484
Random,0.06483595017386697
Random,0.0663394429784369
Random,0.06530934093702687
Random,0.06599607110294323
Random,0.06332941612391375
Random,0.08392650624769077
Random,0.08343644478481617
Random,0.08183019974828519
Random,0.08189122187259648
Random,0.08204369791652534
Random,0.08257064198109917
Random,0.08264138608099954
Random,0.08515403173709413
Random,0.0838416432951741
Random,0.08017410106806584
Random,0.08431394566994481
Random,0.08200252736103752
Random,0.08156356869882724
Random,0.08383573899474626
Random,0.08478206788605154
Random,0.07364494188131371
Random,0.08123415205252761
Random,0.07903503664291125
Random,0.08460601367702916
Random,0.08212129510427887
Random,0.08267039843476891
Random,0.08120387176160147
Random,0.07938313326317642
Random,0.08468788154522464
Random,0.08399635845791228
Random,0.08262851575129834
Random,0.07867430453608809
Random,0.08267769084717165
Random,0.08586919591018816
Random,0.08104983757006048
Random,0.07994396014091736
Random,0.0802191812846423
Random,0.08434000896934432
Random,0.08288962446329426
Random,0.08501831442894155
Random,0.08386155888967044
Random,0.08086727812807872
Random,0.08350052954322414
Random,0.08263460030774138
Random,0.08494662851310038
Random,0.08505299339187529
Random,0.08623978497206507
Random,0.08626223061690916
Random,0.08285108254288007
Random,0.08128747875539485
Random,0.08479014284728284
Random,0.08511066524182581
Random,0.08413190962322724
Random,0.08296668845822074
Random,0.0829828763201237
Random,0.06714491041766552
Random,0.06603707521370396
Random,0.06774414146523516
Random,0.06715316483957125
Random,0.06647674210404605
Random,0.06625400705101973
Random,0.06619667059100395
Random,0.06626025982233379
Random,0.06479341244168779
Random,0.06716520037750687
Random,0.06538726525254807
Random,0.06559698005863876
Random,0.06507950161324519
Random,0.06679472040134726
Random,0.0662998052034168
Random,0.06631080287824932
Random,0.06501706764851453
Random,0.06442390596326536
Random,0.06668772942272162
Random,0.06643137042258589
Random,0.062781708471188
Random,0.0638375976516648
Random,0.06631483128524132
Random,0.06626753510336231
Random,0.06570325180090533
Random,0.0644012865380382
Random,0.06541526318906768
Random,0.0643788631795481
Random,0.06608172491117113
Random,0.06560759201309269
Random,0.0664091386287163
Random,0.06643013875511558
Random,0.06533821257611848
Random,0.06622166486045586
Random,0.06632330751568587
Random,0.06628281899998686
Random,0.0654275842451284
Random,0.0662147089132219
Random,0.06578511009077295
Random,0.06712289112930182
Random,0.06494888761121702
Random,0.06666883801483071
Random,0.06720321951928464
Random,0.0670238368735954
Random,0.06498615967889841
Random,0.06624560504783926
Random,0.06666855927399377
Random,0.06650633151970316
Random,0.06676985278825773
Random,0.06773771286964349
Random,0.07807437433068608
Random,0.07982788021564648
Random,0.0784671128258091
Random,0.07646268342687053
Random,0.07701229405318091
Random,0.07935968860382234
Random,0.08057579465733923
Random,0.07754993119447998
Random,0.07595165739072646
Random,0.07872170274312808
Random,0.07910641694248274
Random,0.07974743440056069
Random,0.0784312959934626
Random,0.07972996933959747
Random,0.07839995546538739
Random,0.08004879542471233
Random,0.07705061320199723
Random,0.07840225770137377
Random,0.07667996839593123
Random,0.07970896849020903
Random,0.07783081403709086
Random,0.07615495123684285
Random,0.07745398171323771
Random,0.07716513062382867
Random,0.07617604208814598
Random,0.08039975045248948
Random,0.07744470917121715
Random,0.07979023316673214
Random,0.07885957515460378
Random,0.07864029077883206
Random,0.07592912760138038
Random,0.07774822402089994
Random,0.08194630593595867
Random,0.07624099933049376
Random,0.08014886709042271
Random,0.07757186283237619
Random,0.07916931760777673
Random,0.08018392474356792
Random,0.07912629049890632
Random,0.07833871752718286
Random,0.07716514722794122
Random,0.07822156525799304
Random,0.07637537000942343
Random,0.07998387244795607
Random,0.0787217510055946
Random,0.07830380382002537
Random,0.08011443808535634
Random,0.07937498371640207
Random,0.07731986327440066
Random,0.07835947238085889
LC4,0.08697258513874251
LC4,0.0735076970146172
LC4,0.08281705274611742
LC4,0.08539872067731329
LC4,0.08545284009863545
LC4,0.08981789814004533
LC4,0.08513782825573464
LC4,0.0797990787687084
LC4,0.08494375879511508
LC4,0.08298499155771126
LC4,0.08416634421593965
LC4,0.08216336138842321
LC4,0.08427635532556302
LC4,0.07991501435247207
LC4,0.08513846981553351
LC4,0.08598666373407128
LC4,0.081452626529058
LC4,0.08428472601893156
LC4,0.082059612337033
LC4,0.07972887946725207
LC4,0.08952963006347166
LC4,0.084260396737875
LC4,0.08256695881046205
LC4,0.08761849743798791
LC4,0.08222216731533535
LC4,0.08361543343394146
LC4,0.08625097480236661
LC4,0.08191580579092281
LC4,0.08834984317404458
LC4,0.08336445821678468
LC4,0.08598373540179746
LC4,0.08451315315962711
LC4,0.08158256711314037
LC4,0.07978649904642054
LC4,0.08225051527758928
LC4,0.0843430918426637
LC4,0.07915973570316018
LC4,0.08332473801729047
LC4,0.07573574469790098
LC4,0.085318625963257
LC4,0.08280669048449206
LC4,0.07958756355916678
LC4,0.08205114185035299
LC4,0.07868604032315918
LC4,0.0829504178773246
LC4,0.0790056973984874
LC4,0.08219196822158399
LC4,0.07754773715196622
LC4,0.07592269869632041
LC4,0.08232724369075299
LC4,0.08065025043309541
LC4,0.0841361748505094
LC4,0.07821249629417605
LC4,0.07697440097315304
LPLC2,0.0830243916018531
LPLC2,0.0786641318594973
LPLC2,0.083059436214782
LPLC2,0.0843541051754073
LPLC2,0.0859909750072489
LPLC2,0.0818756891938363
LPLC2,0.077394730879206
LPLC2,0.0740244241864758
LPLC2,0.0797191010695215
LPLC2,0.08197291070690226
LPLC2,0.0751994084467782
LPLC2,0.0796076572865658
LPLC2,0.07936152959708664
LPLC2,0.0786678392484674
LPLC2,0.0783503117874531
LPLC2,0.07268732693770374
LPLC2,0.07647944368312665
LPLC2,0.0778674493989134
LPLC2,0.08130334196296947
LPLC2,0.07917061512076863
LPLC2,0.07702679831628244
LPLC2,0.0779280140708399
LPLC2,0.07690997108274186
LPLC2,0.07789590057597214
LPLC2,0.07965994545354246
LPLC2,0.0725868770862803
LPLC2,0.0743326006963798
LPLC2,0.06886045357867467
LPLC2,0.07195083615155794
LPLC2,0.08027736142261213
LPLC2,0.07146772522853456
LPLC2,0.07361418945032007
LPLC2,0.07769725878034704
LPLC2,0.07255637478277303
LPLC2,0.07054180946139847
LPLC2,0.06973457567239193
LPLC2,0.07307028732997622
LPLC2,0.07189635347629775
LPLC2,0.07352681141801652
LPLC2,0.0720424187519839
LPLC2,0.07308847693814967
LPLC2,0.06948166447528692
LPLC2,0.0753852861367683
LPLC2,0.07566241656127203
LPLC2,0.0795414098603615
LPLC2,0.07729158249297824
LPLC2,0.06754618605447432
LPLC2,0.0782448959559133
LPLC2,0.07507965905897152
LPLC2,0.07106229410978245
LPLC2,0.07472277604932742
LPLC2,0.07263105598541414
LPLC2,0.07890366518249152
LPLC2,0.07657089014392397
LPLC2,0.07604899881075368
LPLC2,0.07551429016631914
LPLC2,0.07566290708329858
LPLC2,0.07462170094738477
LPLC2,0.07566800135575372
LPLC2,0.07578861441452982
LPLC2,0.07518392423578744
LPLC2,0.07654148525534292
LPLC2,0.0731706839004976
LPLC2,0.07194287892217706
LPLC2,0.07675041030642878
LPLC2,0.07293548695192394
LPLC2,0.0730213923195525
LPLC2,0.07362318888937125
LPLC2,0.07188858949641842
LPLC2,0.07310508728677487
LPLC2,0.07133722553856663
LPLC2,0.07432242136844382
LPLC2,0.07394297443118043
LPLC2,0.07621450425058438
LPLC2,0.07382692408287385
LPLC2,0.07730751282718375
LPLC2,0.07349587231972521
LPLC2,0.06795974521934056
LPLC2,0.07314758968366242
LPLC2,0.07580721818104585
LPLC2,0.07623311694205803
LPLC2,0.07317830971567219
LPLC2,0.07565144177703687
LPLC2,0.0726065704341497
LPLC2,0.07206226335264414
LPLC2,0.07316195345022594
LPLC2,0.07516364949459842
LPLC2,0.07056091931888205
LPLC2,0.07043170687202215
LPLC2,0.06831610731723649
LPLC2,0.07025059439888795
LPLC2,0.07069114348345806
LPLC2,0.07275420127662476
LPLC2,0.0660476691504653
LPLC2,0.06596572362043783
LPLC2,0.07232764477432105
LPLC2,0.06957391664178222
LPLC2,0.06904877039744187
LPLC2,0.07040357454824964
LPLC2,0.06711892616172843
LPLC2,0.0686006440725393
LPLC2,0.06742607555716676
LPLC2,0.0649566506639073
