0.00000 -71.03
0.05000 -71.04
0.10000 -71.03
0.15000 -71.03
0.20000 -71.03
0.25000 -71.05
0.30000 -71.06
0.35000 -71.05
0.40000 -71.02
0.45000 -71.00
0.50000 -70.98
0.55000 -70.98
0.60000 -70.95
0.65000 -70.94
0.70000 -70.92
0.75000 -70.93
0.80000 -70.90
0.85000 -70.90
0.90000 -70.86
0.95000 -70.85
1.00000 -70.84
1.05000 -70.83
1.10000 -70.81
1.15000 -70.81
1.20000 -70.80
1.25000 -70.79
1.30000 -70.79
1.35000 -70.79
1.40000 -70.83
1.45000 -70.82
1.50000 -70.86
1.55000 -70.86
1.60000 -70.87
1.65000 -70.91
1.70000 -70.92
1.75000 -70.92
1.80000 -70.95
1.85000 -70.93
1.90000 -70.93
1.95000 -70.94
2.00000 -70.92
2.05000 -70.93
2.10000 -70.91
2.15000 -70.92
2.20000 -70.92
2.25000 -70.91
2.30000 -70.91
2.35000 -70.88
2.40000 -70.89
2.45000 -70.89
2.50000 -70.90
2.55000 -70.91
2.60000 -70.89
2.65000 -70.91
2.70000 -70.94
2.75000 -70.93
2.80000 -70.94
2.85000 -70.97
2.90000 -70.99
2.95000 -70.99
3.00000 -71.01
3.05000 -71.01
3.10000 -71.01
3.15000 -71.03
3.20000 -71.05
3.25000 -71.03
3.30000 -71.03
3.35000 -71.04
3.40000 -71.05
3.45000 -71.03
3.50000 -71.03
3.55000 -71.05
3.60000 -71.04
3.65000 -71.06
3.70000 -71.06
3.75000 -71.08
3.80000 -71.07
3.85000 -71.08
3.90000 -71.10
3.95000 -71.10
4.00000 -71.09
4.05000 -71.07
4.10000 -71.06
4.15000 -71.09
4.20000 -71.09
4.25000 -71.10
4.30000 -71.10
4.35000 -71.07
4.40000 -71.09
4.45000 -71.08
4.50000 -71.06
4.55000 -71.06
4.60000 -71.03
4.65000 -71.01
4.70000 -70.98
4.75000 -70.98
4.80000 -70.98
4.85000 -70.97
4.90000 -70.98
4.95000 -70.97
5.00000 -70.98
5.05000 -70.99
5.10000 -71.00
5.15000 -71.02
5.20000 -71.04
5.25000 -71.05
5.30000 -71.07
5.35000 -71.08
5.40000 -71.09
5.45000 -71.10
5.50000 -71.13
5.55000 -71.15
5.60000 -71.16
5.65000 -71.18
5.70000 -71.19
5.75000 -71.19
5.80000 -71.20
5.85000 -71.19
5.90000 -71.20
5.95000 -71.22
6.00000 -71.22
6.05000 -71.23
6.10000 -71.25
6.15000 -71.24
6.20000 -71.25
6.25000 -71.23
6.30000 -71.24
6.35000 -71.21
6.40000 -71.20
6.45000 -71.15
6.50000 -71.14
6.55000 -71.12
6.60000 -71.11
6.65000 -71.10
6.70000 -71.12
6.75000 -71.14
6.80000 -71.14
6.85000 -71.15
6.90000 -71.14
6.95000 -71.17
7.00000 -71.16
7.05000 -71.17
7.10000 -71.18
7.15000 -71.17
7.20000 -71.19
7.25000 -71.16
7.30000 -71.19
7.35000 -71.17
7.40000 -71.15
7.45000 -71.18
7.50000 -71.15
7.55000 -71.15
7.60000 -71.18
7.65000 -71.17
7.70000 -71.15
7.75000 -71.15
7.80000 -71.14
7.85000 -71.15
7.90000 -71.16
7.95000 -71.16
8.00000 -71.17
8.05000 -71.15
8.10000 -71.17
8.15000 -71.17
8.20000 -71.17
8.25000 -71.19
8.30000 -71.19
8.35000 -71.18
8.40000 -71.18
8.45000 -71.16
8.50000 -71.12
8.55000 -71.09
8.60000 -71.06
8.65000 -71.06
8.70000 -71.05
8.75000 -71.03
8.80000 -71.02
8.85000 -71.03
8.90000 -71.03
8.95000 -71.03
9.00000 -71.05
9.05000 -71.04
9.10000 -71.06
9.15000 -71.06
9.20000 -71.05
9.25000 -71.05
9.30000 -71.05
9.35000 -71.05
9.40000 -71.05
9.45000 -71.05
9.50000 -71.07
9.55000 -71.07
9.60000 -71.07
9.65000 -71.07
9.70000 -71.06
9.75000 -71.07
9.80000 -71.07
9.85000 -71.04
9.90000 -71.03
9.95000 -71.00
10.00000 -71.00
10.05000 -71.00
10.10000 -71.00
10.15000 -71.00
10.20000 -71.03
10.25000 -71.01
10.30000 -71.02
10.35000 -71.02
10.40000 -71.03
10.45000 -71.02
10.50000 -70.99
10.55000 -71.02
10.60000 -70.99
10.65000 -70.99
10.70000 -70.99
10.75000 -70.96
10.80000 -70.98
10.85000 -70.98
10.90000 -70.96
10.95000 -70.98
11.00000 -70.98
11.05000 -70.97
11.10000 -70.96
11.15000 -70.94
11.20000 -70.94
11.25000 -70.95
11.30000 -70.96
11.35000 -70.96
11.40000 -70.96
11.45000 -70.96
11.50000 -70.96
11.55000 -70.94
11.60000 -70.95
11.65000 -70.94
11.70000 -70.93
11.75000 -70.93
11.80000 -70.91
11.85000 -70.89
11.90000 -70.86
11.95000 -70.85
12.00000 -70.85
12.05000 -70.82
12.10000 -70.82
12.15000 -70.82
12.20000 -70.81
12.25000 -70.79
12.30000 -70.78
12.35000 -70.76
12.40000 -70.76
12.45000 -70.77
12.50000 -70.77
12.55000 -70.76
12.60000 -70.75
12.65000 -70.74
12.70000 -70.75
12.75000 -70.78
12.80000 -70.76
12.85000 -70.76
12.90000 -70.77
12.95000 -70.76
13.00000 -70.80
13.05000 -70.81
13.10000 -70.82
13.15000 -70.84
13.20000 -70.87
13.25000 -70.89
13.30000 -70.90
13.35000 -70.90
13.40000 -70.93
13.45000 -70.94
13.50000 -70.94
13.55000 -70.94
13.60000 -70.96
13.65000 -70.98
13.70000 -71.00
13.75000 -71.02
13.80000 -71.04
13.85000 -71.02
13.90000 -70.99
13.95000 -70.97
14.00000 -70.95
14.05000 -70.93
14.10000 -70.92
14.15000 -70.88
14.20000 -70.86
14.25000 -70.85
14.30000 -70.82
14.35000 -70.81
14.40000 -70.79
14.45000 -70.78
14.50000 -70.81
14.55000 -70.81
14.60000 -70.82
14.65000 -70.84
14.70000 -70.87
14.75000 -70.87
14.80000 -70.89
14.85000 -70.92
14.90000 -70.93
14.95000 -70.94
15.00000 -70.94
15.05000 -70.96
15.10000 -70.96
15.15000 -70.97
15.20000 -70.99
15.25000 -70.97
15.30000 -70.95
15.35000 -70.96
15.40000 -70.95
15.45000 -70.96
15.50000 -70.95
15.55000 -70.95
15.60000 -70.99
15.65000 -70.97
15.70000 -70.99
15.75000 -71.02
15.80000 -71.04
15.85000 -71.04
15.90000 -71.04
15.95000 -71.05
16.00000 -71.07
16.05000 -71.08
16.10000 -71.06
16.15000 -71.07
16.20000 -71.08
16.25000 -71.07
16.30000 -71.07
16.35000 -71.06
16.40000 -71.06
16.45000 -71.07
16.50000 -71.06
16.55000 -71.08
16.60000 -71.07
16.65000 -71.09
16.70000 -71.07
16.75000 -71.08
16.80000 -71.07
16.85000 -71.07
16.90000 -71.06
16.95000 -71.08
17.00000 -71.07
17.05000 -71.08
17.10000 -71.11
17.15000 -71.13
17.20000 -71.13
17.25000 -71.13
17.30000 -71.11
17.35000 -71.11
17.40000 -71.12
17.45000 -71.12
17.50000 -71.11
17.55000 -71.10
17.60000 -71.11
17.65000 -71.09
17.70000 -71.10
17.75000 -71.09
17.80000 -71.11
17.85000 -71.13
17.90000 -71.14
17.95000 -71.15
18.00000 -71.16
18.05000 -71.15
18.10000 -71.18
18.15000 -71.18
18.20000 -71.21
18.25000 -71.22
18.30000 -71.22
18.35000 -71.25
18.40000 -71.24
18.45000 -71.25
18.50000 -71.22
18.55000 -71.25
18.60000 -71.24
18.65000 -71.25
18.70000 -71.25
18.75000 -71.25
18.80000 -71.25
18.85000 -71.25
18.90000 -71.25
18.95000 -71.24
19.00000 -71.26
19.05000 -71.25
19.10000 -71.25
19.15000 -71.25
19.20000 -71.21
19.25000 -71.19
19.30000 -71.21
19.35000 -71.19
19.40000 -71.18
19.45000 -71.16
19.50000 -71.14
19.55000 -71.14
19.60000 -71.11
19.65000 -71.09
19.70000 -71.11
19.75000 -71.10
19.80000 -71.09
19.85000 -71.10
19.90000 -71.08
19.95000 -71.10
20.00000 -71.09
20.05000 -71.10
20.10000 -71.11
20.15000 -71.09
20.20000 -71.09
20.25000 -71.11
20.30000 -71.13
20.35000 -71.13
20.40000 -71.13
20.45000 -71.13
20.50000 -71.14
20.55000 -71.14
20.60000 -71.14
20.65000 -71.14
20.70000 -71.13
20.75000 -71.11
20.80000 -71.10
20.85000 -71.10
20.90000 -71.11
20.95000 -71.11
21.00000 -71.11
21.05000 -71.11
21.10000 -71.08
21.15000 -71.08
21.20000 -71.09
21.25000 -71.11
21.30000 -71.11
21.35000 -71.11
21.40000 -71.11
21.45000 -71.12
21.50000 -71.12
21.55000 -71.13
21.60000 -71.13
21.65000 -71.15
21.70000 -71.14
21.75000 -71.15
21.80000 -71.15
21.85000 -71.18
21.90000 -71.17
21.95000 -71.18
22.00000 -71.19
22.05000 -71.17
22.10000 -71.19
22.15000 -71.19
22.20000 -71.17
22.25000 -71.20
22.30000 -71.19
22.35000 -71.19
22.40000 -71.21
22.45000 -71.21
22.50000 -71.22
22.55000 -71.23
22.60000 -71.20
22.65000 -71.22
22.70000 -71.24
22.75000 -71.26
22.80000 -71.26
22.85000 -71.26
22.90000 -71.24
22.95000 -71.22
23.00000 -71.21
23.05000 -71.21
23.10000 -71.23
23.15000 -71.22
23.20000 -71.21
23.25000 -71.18
23.30000 -71.19
23.35000 -71.18
23.40000 -71.16
23.45000 -71.14
23.50000 -71.14
23.55000 -71.15
23.60000 -71.13
23.65000 -71.12
23.70000 -71.13
23.75000 -71.10
23.80000 -71.12
23.85000 -71.13
23.90000 -71.13
23.95000 -71.12
24.00000 -71.13
24.05000 -71.10
24.10000 -71.12
24.15000 -71.11
24.20000 -71.10
24.25000 -71.08
24.30000 -71.07
24.35000 -71.07
24.40000 -71.07
24.45000 -71.07
24.50000 -71.09
24.55000 -71.09
24.60000 -71.07
24.65000 -71.09
24.70000 -71.10
24.75000 -71.11
24.80000 -71.11
24.85000 -71.14
24.90000 -71.13
24.95000 -71.14
25.00000 -71.12
25.05000 -71.12
25.10000 -71.08
25.15000 -71.07
25.20000 -71.03
25.25000 -71.02
25.30000 -70.98
25.35000 -70.97
25.40000 -70.94
25.45000 -70.96
25.50000 -70.96
25.55000 -70.98
25.60000 -70.96
25.65000 -71.00
25.70000 -71.01
25.75000 -71.02
25.80000 -71.04
25.85000 -71.03
25.90000 -71.06
25.95000 -71.09
26.00000 -71.07
26.05000 -71.07
26.10000 -71.04
26.15000 -71.05
26.20000 -71.07
26.25000 -71.08
26.30000 -71.07
26.35000 -71.08
26.40000 -71.07
26.45000 -71.06
26.50000 -71.06
26.55000 -71.05
26.60000 -71.04
26.65000 -71.03
26.70000 -71.03
26.75000 -71.02
26.80000 -71.04
26.85000 -71.06
26.90000 -71.06
26.95000 -71.09
27.00000 -71.11
27.05000 -71.13
27.10000 -71.14
27.15000 -71.13
27.20000 -71.14
27.25000 -71.16
27.30000 -71.16
27.35000 -71.14
27.40000 -71.12
27.45000 -71.14
27.50000 -71.14
27.55000 -71.10
27.60000 -71.12
27.65000 -71.11
27.70000 -71.11
27.75000 -71.12
27.80000 -71.14
27.85000 -71.14
27.90000 -71.12
27.95000 -71.16
28.00000 -71.18
28.05000 -71.18
28.10000 -71.20
28.15000 -71.19
28.20000 -71.22
28.25000 -71.22
28.30000 -71.22
28.35000 -71.21
28.40000 -71.20
28.45000 -71.19
28.50000 -71.20
28.55000 -71.16
28.60000 -71.15
28.65000 -71.14
28.70000 -71.13
28.75000 -71.13
28.80000 -71.17
28.85000 -71.16
28.90000 -71.18
28.95000 -71.17
29.00000 -71.17
29.05000 -71.17
29.10000 -71.16
29.15000 -71.17
29.20000 -71.19
29.25000 -71.18
29.30000 -71.20
29.35000 -71.20
29.40000 -71.23
29.45000 -71.23
29.50000 -71.24
29.55000 -71.25
29.60000 -71.27
29.65000 -71.26
29.70000 -71.27
29.75000 -71.27
29.80000 -71.26
29.85000 -71.28
29.90000 -71.24
29.95000 -71.23
30.00000 -71.24
30.05000 -71.23
30.10000 -71.24
30.15000 -71.22
30.20000 -71.22
30.25000 -71.20
30.30000 -71.23
30.35000 -71.20
30.40000 -71.22
30.45000 -71.22
30.50000 -71.21
30.55000 -71.21
30.60000 -71.21
30.65000 -71.21
30.70000 -71.22
30.75000 -71.22
30.80000 -71.19
30.85000 -71.18
30.90000 -71.14
30.95000 -71.16
31.00000 -71.13
31.05000 -71.13
31.10000 -71.12
31.15000 -71.12
31.20000 -71.14
31.25000 -71.13
31.30000 -71.14
31.35000 -71.14
31.40000 -71.13
31.45000 -71.14
31.50000 -71.13
31.55000 -71.13
31.60000 -71.13
31.65000 -71.12
31.70000 -71.09
31.75000 -71.09
31.80000 -71.06
31.85000 -71.05
31.90000 -71.01
31.95000 -70.99
32.00000 -70.94
32.05000 -70.94
32.10000 -70.94
32.15000 -70.95
32.20000 -70.98
32.25000 -70.98
32.30000 -70.98
32.35000 -70.99
32.40000 -71.03
32.45000 -71.04
32.50000 -71.05
32.55000 -71.06
32.60000 -71.08
32.65000 -71.08
32.70000 -71.07
32.75000 -71.06
32.80000 -71.09
32.85000 -71.09
32.90000 -71.08
32.95000 -71.07
33.00000 -71.08
33.05000 -71.10
33.10000 -71.12
33.15000 -71.12
33.20000 -71.12
33.25000 -71.11
33.30000 -71.08
33.35000 -71.06
33.40000 -71.06
33.45000 -71.05
33.50000 -71.03
33.55000 -71.05
33.60000 -71.03
33.65000 -71.03
33.70000 -71.04
33.75000 -71.05
33.80000 -71.05
33.85000 -71.08
33.90000 -71.08
33.95000 -71.09
34.00000 -71.08
34.05000 -71.09
34.10000 -71.08
34.15000 -71.05
34.20000 -71.03
34.25000 -71.01
34.30000 -71.03
34.35000 -71.01
34.40000 -70.97
34.45000 -70.97
34.50000 -70.95
34.55000 -70.93
34.60000 -70.90
34.65000 -70.88
34.70000 -70.88
34.75000 -70.85
34.80000 -70.84
34.85000 -70.83
34.90000 -70.79
34.95000 -70.82
35.00000 -70.80
35.05000 -70.79
35.10000 -70.80
35.15000 -70.79
35.20000 -70.82
35.25000 -70.83
35.30000 -70.86
35.35000 -70.87
35.40000 -70.89
35.45000 -70.90
35.50000 -70.91
35.55000 -70.92
35.60000 -70.93
35.65000 -70.94
35.70000 -70.96
35.75000 -70.97
35.80000 -70.99
35.85000 -71.00
35.90000 -70.99
35.95000 -71.00
36.00000 -71.01
36.05000 -70.99
36.10000 -71.01
36.15000 -71.01
36.20000 -71.02
36.25000 -71.02
36.30000 -71.00
36.35000 -71.01
36.40000 -71.00
36.45000 -70.98
36.50000 -70.95
36.55000 -70.94
36.60000 -70.93
36.65000 -70.93
36.70000 -70.94
36.75000 -70.96
36.80000 -70.97
36.85000 -70.98
36.90000 -71.00
36.95000 -71.00
37.00000 -71.03
37.05000 -71.04
37.10000 -71.06
37.15000 -71.05
37.20000 -71.06
37.25000 -71.06
37.30000 -71.05
37.35000 -71.03
37.40000 -71.01
37.45000 -70.98
37.50000 -70.96
37.55000 -70.95
37.60000 -70.91
37.65000 -70.87
37.70000 -70.87
37.75000 -70.84
37.80000 -70.81
37.85000 -70.78
37.90000 -70.75
37.95000 -70.73
38.00000 -70.73
38.05000 -70.73
38.10000 -70.72
38.15000 -70.70
38.20000 -70.74
38.25000 -70.74
38.30000 -70.76
38.35000 -70.79
38.40000 -70.78
38.45000 -70.82
38.50000 -70.85
38.55000 -70.87
38.60000 -70.88
38.65000 -70.91
38.70000 -70.93
38.75000 -70.93
38.80000 -70.95
38.85000 -70.96
38.90000 -70.96
38.95000 -70.96
39.00000 -70.97
39.05000 -70.98
39.10000 -70.97
39.15000 -70.95
39.20000 -70.97
39.25000 -70.97
39.30000 -70.97
39.35000 -70.98
39.40000 -70.99
39.45000 -71.02
39.50000 -71.03
39.55000 -71.06
39.60000 -71.05
39.65000 -71.08
39.70000 -71.09
39.75000 -71.09
39.80000 -71.10
39.85000 -71.11
39.90000 -71.11
39.95000 -71.12
40.00000 -71.12
40.05000 -71.11
40.10000 -71.12
40.15000 -71.09
40.20000 -71.07
40.25000 -71.07
40.30000 -71.09
40.35000 -71.07
40.40000 -71.07
40.45000 -71.06
40.50000 -71.05
40.55000 -71.04
40.60000 -71.01
40.65000 -71.01
40.70000 -71.02
40.75000 -71.01
40.80000 -71.01
40.85000 -70.99
40.90000 -71.04
40.95000 -71.04
41.00000 -71.04
41.05000 -71.07
41.10000 -71.05
41.15000 -71.05
41.20000 -71.06
41.25000 -71.05
41.30000 -71.04
41.35000 -71.09
41.40000 -71.12
41.45000 -71.13
41.50000 -71.14
41.55000 -71.18
41.60000 -71.19
41.65000 -71.19
41.70000 -71.22
41.75000 -71.23
41.80000 -71.25
41.85000 -71.26
41.90000 -71.29
41.95000 -71.30
42.00000 -71.31
42.05000 -71.32
42.10000 -71.33
42.15000 -71.35
42.20000 -71.34
42.25000 -71.35
42.30000 -71.37
42.35000 -71.37
42.40000 -71.37
42.45000 -71.37
42.50000 -71.34
42.55000 -71.34
42.60000 -71.32
42.65000 -71.29
42.70000 -71.28
42.75000 -71.28
42.80000 -71.30
42.85000 -71.28
42.90000 -71.25
42.95000 -71.27
43.00000 -71.26
43.05000 -71.25
43.10000 -71.22
43.15000 -71.19
43.20000 -71.17
43.25000 -71.13
43.30000 -71.09
43.35000 -71.07
43.40000 -71.06
43.45000 -71.03
43.50000 -71.03
43.55000 -71.04
43.60000 -71.05
43.65000 -71.04
43.70000 -71.05
43.75000 -71.05
43.80000 -71.07
43.85000 -71.08
43.90000 -71.07
43.95000 -71.09
44.00000 -71.10
44.05000 -71.10
44.10000 -71.12
44.15000 -71.12
44.20000 -71.14
44.25000 -71.13
44.30000 -71.13
44.35000 -71.12
44.40000 -71.12
44.45000 -71.12
44.50000 -71.13
44.55000 -71.12
44.60000 -71.15
44.65000 -71.15
44.70000 -71.16
44.75000 -71.17
44.80000 -71.17
44.85000 -71.19
44.90000 -71.20
44.95000 -71.20
45.00000 -71.19
45.05000 -71.19
45.10000 -71.18
45.15000 -71.17
45.20000 -71.16
45.25000 -71.18
45.30000 -71.17
45.35000 -71.15
45.40000 -71.11
45.45000 -71.09
45.50000 -71.09
45.55000 -71.07
45.60000 -71.08
45.65000 -71.08
45.70000 -71.08
45.75000 -71.11
45.80000 -71.10
45.85000 -71.09
45.90000 -71.11
45.95000 -71.12
46.00000 -71.12
46.05000 -71.11
46.10000 -71.11
46.15000 -71.11
46.20000 -71.10
46.25000 -71.07
46.30000 -71.05
46.35000 -71.02
46.40000 -71.01
46.45000 -70.96
46.50000 -70.93
46.55000 -70.89
46.60000 -70.86
46.65000 -70.85
46.70000 -70.87
46.75000 -70.86
46.80000 -70.85
46.85000 -70.85
46.90000 -70.85
46.95000 -70.85
47.00000 -70.88
47.05000 -70.87
47.10000 -70.91
47.15000 -70.91
47.20000 -70.94
47.25000 -70.96
47.30000 -70.99
47.35000 -71.02
47.40000 -71.03
47.45000 -71.07
47.50000 -71.07
47.55000 -71.12
47.60000 -71.13
47.65000 -71.14
47.70000 -71.14
47.75000 -71.16
47.80000 -71.14
47.85000 -71.17
47.90000 -71.18
47.95000 -71.22
48.00000 -71.22
48.05000 -71.22
48.10000 -71.22
48.15000 -71.25
48.20000 -71.26
48.25000 -71.26
48.30000 -71.26
48.35000 -71.28
48.40000 -71.29
48.45000 -71.31
48.50000 -71.29
48.55000 -71.31
48.60000 -71.32
48.65000 -71.33
48.70000 -71.31
48.75000 -71.31
48.80000 -71.31
48.85000 -71.29
48.90000 -71.29
48.95000 -71.27
49.00000 -71.25
49.05000 -71.22
49.10000 -71.20
49.15000 -71.19
49.20000 -71.19
49.25000 -71.17
49.30000 -71.17
49.35000 -71.16
49.40000 -71.15
49.45000 -71.19
49.50000 -71.19
49.55000 -71.16
49.60000 -71.16
49.65000 -71.16
49.70000 -71.14
49.75000 -71.14
49.80000 -71.15
49.85000 -71.11
49.90000 -71.12
49.95000 -71.14
50.00000 -71.13
50.05000 -71.11
50.10000 -71.12
50.15000 -71.12
50.20000 -71.12
50.25000 -71.14
50.30000 -71.13
50.35000 -71.13
50.40000 -71.14
50.45000 -71.16
50.50000 -71.15
50.55000 -71.16
50.60000 -71.16
50.65000 -71.15
50.70000 -71.16
50.75000 -71.16
50.80000 -71.14
50.85000 -71.14
50.90000 -71.14
50.95000 -71.12
51.00000 -71.09
51.05000 -71.06
51.10000 -71.06
51.15000 -71.04
51.20000 -71.03
51.25000 -70.99
51.30000 -70.98
51.35000 -70.97
51.40000 -70.96
51.45000 -70.93
51.50000 -70.94
51.55000 -70.92
51.60000 -70.91
51.65000 -70.90
51.70000 -70.88
51.75000 -70.89
51.80000 -70.87
51.85000 -70.86
51.90000 -70.88
51.95000 -70.88
52.00000 -70.88
52.05000 -70.89
52.10000 -70.89
52.15000 -70.89
52.20000 -70.93
52.25000 -70.93
52.30000 -70.92
52.35000 -70.93
52.40000 -70.93
52.45000 -70.93
52.50000 -70.92
52.55000 -70.90
52.60000 -70.91
52.65000 -70.93
52.70000 -70.90
52.75000 -70.92
52.80000 -70.92
52.85000 -70.89
52.90000 -70.89
52.95000 -70.85
53.00000 -70.83
53.05000 -70.80
53.10000 -70.78
53.15000 -70.77
53.20000 -70.75
53.25000 -70.73
53.30000 -70.75
53.35000 -70.74
53.40000 -70.76
53.45000 -70.77
53.50000 -70.78
53.55000 -70.81
53.60000 -70.83
53.65000 -70.85
53.70000 -70.85
53.75000 -70.86
53.80000 -70.90
53.85000 -70.88
53.90000 -70.89
53.95000 -70.90
54.00000 -70.92
54.05000 -70.92
54.10000 -70.93
54.15000 -70.93
54.20000 -70.92
54.25000 -70.93
54.30000 -70.92
54.35000 -70.92
54.40000 -70.91
54.45000 -70.91
54.50000 -70.92
54.55000 -70.90
54.60000 -70.91
54.65000 -70.90
54.70000 -70.91
54.75000 -70.89
54.80000 -70.88
54.85000 -70.85
54.90000 -70.83
54.95000 -70.80
55.00000 -70.79
55.05000 -70.79
55.10000 -70.79
55.15000 -70.78
55.20000 -70.80
55.25000 -70.80
55.30000 -70.83
55.35000 -70.85
55.40000 -70.88
55.45000 -70.89
55.50000 -70.94
55.55000 -70.93
55.60000 -70.96
55.65000 -70.99
55.70000 -71.00
55.75000 -71.02
55.80000 -71.02
55.85000 -71.05
55.90000 -71.06
55.95000 -71.06
56.00000 -71.06
56.05000 -71.07
56.10000 -71.07
56.15000 -71.07
56.20000 -71.06
56.25000 -71.07
56.30000 -71.06
56.35000 -71.07
56.40000 -71.07
56.45000 -71.06
56.50000 -71.06
56.55000 -71.07
56.60000 -71.08
56.65000 -71.05
56.70000 -71.05
56.75000 -71.04
56.80000 -71.04
56.85000 -71.01
56.90000 -71.00
56.95000 -71.00
57.00000 -70.97
57.05000 -70.97
57.10000 -71.00
57.15000 -71.01
57.20000 -71.01
57.25000 -71.02
57.30000 -71.02
57.35000 -71.03
57.40000 -71.02
57.45000 -71.03
57.50000 -71.04
57.55000 -71.06
57.60000 -71.07
57.65000 -71.06
57.70000 -71.07
57.75000 -71.07
57.80000 -71.08
57.85000 -71.08
57.90000 -71.09
57.95000 -71.09
58.00000 -71.09
58.05000 -71.12
58.10000 -71.11
58.15000 -71.11
58.20000 -71.09
58.25000 -71.07
58.30000 -71.08
58.35000 -71.04
58.40000 -71.05
58.45000 -71.02
58.50000 -71.00
58.55000 -70.97
58.60000 -70.98
58.65000 -70.96
58.70000 -70.97
58.75000 -70.94
58.80000 -70.94
58.85000 -70.91
58.90000 -70.90
58.95000 -70.89
59.00000 -70.89
59.05000 -70.86
59.10000 -70.85
59.15000 -70.88
59.20000 -70.86
59.25000 -70.85
59.30000 -70.87
59.35000 -70.90
59.40000 -70.91
59.45000 -70.93
59.50000 -70.93
59.55000 -70.93
59.60000 -70.97
59.65000 -70.98
59.70000 -71.00
59.75000 -71.04
59.80000 -71.03
59.85000 -71.07
59.90000 -71.10
59.95000 -71.10
60.00000 -71.11
60.05000 -71.13
60.10000 -71.15
60.15000 -71.15
60.20000 -71.16
60.25000 -71.17
60.30000 -71.18
60.35000 -71.17
60.40000 -71.21
60.45000 -71.21
60.50000 -71.24
60.55000 -71.25
60.60000 -71.26
60.65000 -71.26
60.70000 -71.26
60.75000 -71.28
60.80000 -71.28
60.85000 -71.26
60.90000 -71.25
60.95000 -71.24
61.00000 -71.20
61.05000 -71.18
61.10000 -71.14
61.15000 -71.10
61.20000 -71.08
61.25000 -71.05
61.30000 -71.04
61.35000 -71.02
61.40000 -71.02
61.45000 -71.03
61.50000 -71.04
61.55000 -71.05
61.60000 -71.06
61.65000 -71.08
61.70000 -71.07
61.75000 -71.09
61.80000 -71.11
61.85000 -71.09
61.90000 -71.10
61.95000 -71.10
62.00000 -71.12
62.05000 -71.10
62.10000 -71.10
62.15000 -71.11
62.20000 -71.14
62.25000 -71.14
62.30000 -71.16
62.35000 -71.15
62.40000 -71.18
62.45000 -71.18
62.50000 -71.18
62.55000 -71.22
62.60000 -71.23
62.65000 -71.22
62.70000 -71.24
62.75000 -71.23
62.80000 -71.24
62.85000 -71.22
62.90000 -71.23
62.95000 -71.24
63.00000 -71.23
63.05000 -71.23
63.10000 -71.24
63.15000 -71.23
63.20000 -71.23
63.25000 -71.25
63.30000 -71.23
63.35000 -71.21
63.40000 -71.21
63.45000 -71.19
63.50000 -71.19
63.55000 -71.17
63.60000 -71.16
63.65000 -71.12
63.70000 -71.11
63.75000 -71.10
63.80000 -71.08
63.85000 -71.04
63.90000 -71.03
63.95000 -70.99
64.00000 -71.00
64.05000 -70.99
64.10000 -70.99
64.15000 -70.99
64.20000 -70.99
64.25000 -70.98
64.30000 -71.00
64.35000 -70.99
64.40000 -70.98
64.45000 -70.96
64.50000 -70.96
64.55000 -70.97
64.60000 -70.96
64.65000 -70.94
64.70000 -70.93
64.75000 -70.92
64.80000 -70.92
64.85000 -70.91
64.90000 -70.90
64.95000 -70.91
65.00000 -70.93
65.05000 -70.92
65.10000 -70.93
65.15000 -70.90
65.20000 -70.89
65.25000 -70.88
65.30000 -70.90
65.35000 -70.90
65.40000 -70.90
65.45000 -70.93
65.50000 -70.92
65.55000 -70.94
65.60000 -70.93
65.65000 -70.94
65.70000 -70.94
65.75000 -70.92
65.80000 -70.94
65.85000 -70.96
65.90000 -70.97
65.95000 -70.98
66.00000 -70.98
66.05000 -70.98
66.10000 -71.00
66.15000 -71.01
66.20000 -71.02
66.25000 -71.02
66.30000 -71.02
66.35000 -71.05
66.40000 -71.04
66.45000 -71.02
66.50000 -70.99
66.55000 -71.00
66.60000 -70.98
66.65000 -70.95
66.70000 -70.92
66.75000 -70.92
66.80000 -70.90
66.85000 -70.90
66.90000 -70.90
66.95000 -70.88
67.00000 -70.87
67.05000 -70.89
67.10000 -70.87
67.15000 -70.84
67.20000 -70.82
67.25000 -70.82
67.30000 -70.81
67.35000 -70.80
67.40000 -70.81
67.45000 -70.81
67.50000 -70.80
67.55000 -70.84
67.60000 -70.83
67.65000 -70.83
67.70000 -70.82
67.75000 -70.83
67.80000 -70.84
67.85000 -70.84
67.90000 -70.86
67.95000 -70.86
68.00000 -70.86
68.05000 -70.89
68.10000 -70.92
68.15000 -70.92
68.20000 -70.94
68.25000 -70.95
68.30000 -70.98
68.35000 -70.99
68.40000 -71.00
68.45000 -71.01
68.50000 -71.01
68.55000 -71.01
68.60000 -71.02
68.65000 -71.01
68.70000 -71.03
68.75000 -71.04
68.80000 -71.04
68.85000 -71.05
68.90000 -71.06
68.95000 -71.06
69.00000 -71.04
69.05000 -71.04
69.10000 -71.05
69.15000 -71.04
69.20000 -71.04
69.25000 -71.05
69.30000 -71.05
69.35000 -71.04
69.40000 -71.04
69.45000 -71.05
69.50000 -71.07
69.55000 -71.07
69.60000 -71.06
69.65000 -71.07
69.70000 -71.06
69.75000 -71.06
69.80000 -71.06
69.85000 -71.06
69.90000 -71.05
69.95000 -71.07
70.00000 -71.08
70.05000 -71.07
70.10000 -71.07
70.15000 -71.05
70.20000 -71.05
70.25000 -71.05
70.30000 -71.05
70.35000 -71.02
70.40000 -71.00
70.45000 -70.97
70.50000 -70.97
70.55000 -70.97
70.60000 -70.97
70.65000 -70.94
70.70000 -70.96
70.75000 -70.96
70.80000 -70.97
70.85000 -70.98
70.90000 -71.00
70.95000 -71.00
71.00000 -71.01
71.05000 -71.02
71.10000 -71.03
71.15000 -71.02
71.20000 -71.02
71.25000 -71.02
71.30000 -71.01
71.35000 -70.99
71.40000 -70.99
71.45000 -70.95
71.50000 -70.95
71.55000 -70.92
71.60000 -70.92
71.65000 -70.92
71.70000 -70.91
71.75000 -70.94
71.80000 -70.95
71.85000 -70.95
71.90000 -70.95
71.95000 -70.96
72.00000 -70.95
72.05000 -70.96
72.10000 -70.94
72.15000 -70.93
72.20000 -70.90
72.25000 -70.91
72.30000 -70.89
72.35000 -70.90
72.40000 -70.90
72.45000 -70.92
72.50000 -70.93
72.55000 -70.95
72.60000 -70.98
72.65000 -70.98
72.70000 -71.02
72.75000 -71.04
72.80000 -71.06
72.85000 -71.07
72.90000 -71.08
72.95000 -71.11
73.00000 -71.13
73.05000 -71.14
73.10000 -71.15
73.15000 -71.17
73.20000 -71.18
73.25000 -71.20
73.30000 -71.19
73.35000 -71.22
73.40000 -71.22
73.45000 -71.21
73.50000 -71.22
73.55000 -71.21
73.60000 -71.19
73.65000 -71.14
73.70000 -71.11
73.75000 -71.08
73.80000 -71.04
73.85000 -71.01
73.90000 -70.98
73.95000 -70.96
74.00000 -70.94
74.05000 -70.94
74.10000 -70.94
74.15000 -70.94
74.20000 -70.94
74.25000 -70.94
74.30000 -70.94
74.35000 -70.97
74.40000 -70.99
74.45000 -71.00
74.50000 -71.01
74.55000 -71.02
74.60000 -71.04
74.65000 -71.04
74.70000 -71.05
74.75000 -71.06
74.80000 -71.05
74.85000 -71.05
74.90000 -71.06
74.95000 -71.03
75.00000 -71.05
75.05000 -71.05
75.10000 -71.06
75.15000 -71.04
75.20000 -71.04
75.25000 -71.07
75.30000 -71.05
75.35000 -71.06
75.40000 -71.06
75.45000 -71.04
75.50000 -71.07
75.55000 -71.08
75.60000 -71.07
75.65000 -71.06
75.70000 -71.05
75.75000 -71.04
75.80000 -71.03
75.85000 -71.03
75.90000 -71.04
75.95000 -71.04
76.00000 -71.06
76.05000 -71.07
76.10000 -71.07
76.15000 -71.09
76.20000 -71.09
76.25000 -71.10
76.30000 -71.11
76.35000 -71.15
76.40000 -71.13
76.45000 -71.15
76.50000 -71.17
76.55000 -71.21
76.60000 -71.20
76.65000 -71.21
76.70000 -71.21
76.75000 -71.21
76.80000 -71.19
76.85000 -71.18
76.90000 -71.18
76.95000 -71.17
77.00000 -71.15
77.05000 -71.15
77.10000 -71.16
77.15000 -71.17
77.20000 -71.15
77.25000 -71.16
77.30000 -71.17
77.35000 -71.17
77.40000 -71.19
77.45000 -71.18
77.50000 -71.17
77.55000 -71.18
77.60000 -71.19
77.65000 -71.21
77.70000 -71.21
77.75000 -71.22
77.80000 -71.23
77.85000 -71.22
77.90000 -71.22
77.95000 -71.23
78.00000 -71.25
78.05000 -71.26
78.10000 -71.27
78.15000 -71.30
78.20000 -71.28
78.25000 -71.29
78.30000 -71.30
78.35000 -71.31
78.40000 -71.31
78.45000 -71.29
78.50000 -71.27
78.55000 -71.28
78.60000 -71.29
78.65000 -71.28
78.70000 -71.28
78.75000 -71.28
78.80000 -71.26
78.85000 -71.27
78.90000 -71.26
78.95000 -71.24
79.00000 -71.22
79.05000 -71.20
79.10000 -71.19
79.15000 -71.16
79.20000 -71.13
79.25000 -71.09
79.30000 -71.09
79.35000 -71.08
79.40000 -71.06
79.45000 -71.08
79.50000 -71.08
79.55000 -71.08
79.60000 -71.08
79.65000 -71.06
79.70000 -71.05
79.75000 -71.05
79.80000 -71.03
79.85000 -71.03
79.90000 -71.02
79.95000 -71.03
80.00000 -71.05
80.05000 -71.05
80.10000 -71.06
80.15000 -71.07
80.20000 -71.07
80.25000 -71.07
80.30000 -71.07
80.35000 -71.10
80.40000 -71.10
80.45000 -71.10
80.50000 -71.08
80.55000 -71.10
80.60000 -71.11
80.65000 -71.09
80.70000 -71.10
80.75000 -71.09
80.80000 -71.08
80.85000 -71.11
80.90000 -71.11
80.95000 -71.13
81.00000 -71.14
81.05000 -71.15
81.10000 -71.16
81.15000 -71.19
81.20000 -71.21
81.25000 -71.19
81.30000 -71.21
81.35000 -71.24
81.40000 -71.25
81.45000 -71.24
81.50000 -71.25
81.55000 -71.29
81.60000 -71.29
81.65000 -71.29
81.70000 -71.30
81.75000 -71.30
81.80000 -71.28
81.85000 -71.27
81.90000 -71.27
81.95000 -71.24
82.00000 -71.24
82.05000 -71.26
82.10000 -71.25
82.15000 -71.26
82.20000 -71.24
82.25000 -71.27
82.30000 -71.26
82.35000 -71.27
82.40000 -71.29
82.45000 -71.28
82.50000 -71.27
82.55000 -71.27
82.60000 -71.25
82.65000 -71.26
82.70000 -71.23
82.75000 -71.24
82.80000 -71.25
82.85000 -71.24
82.90000 -71.24
82.95000 -71.25
83.00000 -71.23
83.05000 -71.24
83.10000 -71.26
83.15000 -71.25
83.20000 -71.25
83.25000 -71.27
83.30000 -71.27
83.35000 -71.28
83.40000 -71.29
83.45000 -71.30
83.50000 -71.30
83.55000 -71.30
83.60000 -71.31
83.65000 -71.31
83.70000 -71.33
83.75000 -71.34
83.80000 -71.33
83.85000 -71.32
83.90000 -71.31
83.95000 -71.31
84.00000 -71.31
84.05000 -71.30
84.10000 -71.28
84.15000 -71.27
84.20000 -71.25
84.25000 -71.23
84.30000 -71.20
84.35000 -71.17
84.40000 -71.15
84.45000 -71.13
84.50000 -71.10
84.55000 -71.06
84.60000 -71.06
84.65000 -71.05
84.70000 -71.03
84.75000 -71.02
84.80000 -70.99
84.85000 -70.98
84.90000 -70.97
84.95000 -70.95
85.00000 -70.95
85.05000 -70.94
85.10000 -70.93
85.15000 -70.92
85.20000 -70.96
85.25000 -70.96
85.30000 -70.97
85.35000 -71.00
85.40000 -71.01
85.45000 -71.01
85.50000 -71.04
85.55000 -71.07
85.60000 -71.08
85.65000 -71.07
85.70000 -71.10
85.75000 -71.12
85.80000 -71.15
85.85000 -71.15
85.90000 -71.16
85.95000 -71.17
86.00000 -71.19
86.05000 -71.20
86.10000 -71.21
86.15000 -71.23
86.20000 -71.24
86.25000 -71.27
86.30000 -71.27
86.35000 -71.28
86.40000 -71.28
86.45000 -71.31
86.50000 -71.30
86.55000 -71.32
86.60000 -71.32
86.65000 -71.32
86.70000 -71.34
86.75000 -71.34
86.80000 -71.36
86.85000 -71.35
86.90000 -71.32
86.95000 -71.34
87.00000 -71.36
87.05000 -71.36
87.10000 -71.36
87.15000 -71.37
87.20000 -71.36
87.25000 -71.36
87.30000 -71.36
87.35000 -71.36
87.40000 -71.35
87.45000 -71.36
87.50000 -71.36
87.55000 -71.35
87.60000 -71.33
87.65000 -71.35
87.70000 -71.32
87.75000 -71.32
87.80000 -71.31
87.85000 -71.31
87.90000 -71.31
87.95000 -71.29
88.00000 -71.30
88.05000 -71.27
88.10000 -71.28
88.15000 -71.27
88.20000 -71.24
88.25000 -71.24
88.30000 -71.24
88.35000 -71.21
88.40000 -71.21
88.45000 -71.21
88.50000 -71.22
88.55000 -71.19
88.60000 -71.19
88.65000 -71.18
88.70000 -71.17
88.75000 -71.19
88.80000 -71.19
88.85000 -71.17
88.90000 -71.18
88.95000 -71.17
89.00000 -71.18
89.05000 -71.19
89.10000 -71.21
89.15000 -71.20
89.20000 -71.19
89.25000 -71.19
89.30000 -71.19
89.35000 -71.18
89.40000 -71.19
89.45000 -71.17
89.50000 -71.17
89.55000 -71.18
89.60000 -71.18
89.65000 -71.17
89.70000 -71.19
89.75000 -71.19
89.80000 -71.17
89.85000 -71.16
89.90000 -71.15
89.95000 -71.12
90.00000 -71.11
90.05000 -71.09
90.10000 -71.06
90.15000 -71.04
90.20000 -71.06
90.25000 -71.03
90.30000 -71.00
90.35000 -71.02
90.40000 -70.98
90.45000 -70.96
90.50000 -70.95
90.55000 -70.96
90.60000 -70.94
90.65000 -70.95
90.70000 -70.96
90.75000 -70.96
90.80000 -70.96
90.85000 -70.96
90.90000 -70.98
90.95000 -70.98
91.00000 -70.99
91.05000 -70.99
91.10000 -71.00
91.15000 -71.02
91.20000 -71.02
91.25000 -71.02
91.30000 -71.01
91.35000 -71.00
91.40000 -71.04
91.45000 -71.03
91.50000 -71.01
91.55000 -70.97
91.60000 -70.99
91.65000 -70.98
91.70000 -70.98
91.75000 -70.99
91.80000 -70.99
91.85000 -71.01
91.90000 -71.02
91.95000 -71.04
92.00000 -71.06
92.05000 -71.05
92.10000 -71.09
92.15000 -71.07
92.20000 -71.10
92.25000 -71.09
92.30000 -71.11
92.35000 -71.13
92.40000 -71.10
92.45000 -71.10
92.50000 -71.11
92.55000 -71.08
92.60000 -71.08
92.65000 -71.08
92.70000 -71.07
92.75000 -71.07
92.80000 -71.09
92.85000 -71.07
92.90000 -71.10
92.95000 -71.11
93.00000 -71.10
93.05000 -71.11
93.10000 -71.10
93.15000 -71.09
93.20000 -71.08
93.25000 -71.07
93.30000 -71.05
93.35000 -71.03
93.40000 -71.02
93.45000 -71.02
93.50000 -71.00
93.55000 -71.00
93.60000 -71.00
93.65000 -71.01
93.70000 -71.00
93.75000 -71.02
93.80000 -71.02
93.85000 -71.00
93.90000 -70.99
93.95000 -70.99
94.00000 -70.98
94.05000 -70.98
94.10000 -70.98
94.15000 -70.98
94.20000 -70.98
94.25000 -71.00
94.30000 -70.99
94.35000 -70.99
94.40000 -71.01
94.45000 -71.03
94.50000 -71.02
94.55000 -71.02
94.60000 -71.05
94.65000 -71.03
94.70000 -71.04
94.75000 -71.02
94.80000 -71.03
94.85000 -71.03
94.90000 -71.00
94.95000 -71.00
95.00000 -71.00
95.05000 -71.01
95.10000 -71.00
95.15000 -70.99
95.20000 -70.98
95.25000 -70.99
95.30000 -70.97
95.35000 -70.99
95.40000 -70.99
95.45000 -70.98
95.50000 -70.97
95.55000 -70.96
95.60000 -70.92
95.65000 -70.92
95.70000 -70.90
95.75000 -70.88
95.80000 -70.90
95.85000 -70.87
95.90000 -70.84
95.95000 -70.83
96.00000 -70.84
96.05000 -70.83
96.10000 -70.82
96.15000 -70.82
96.20000 -70.83
96.25000 -70.82
96.30000 -70.83
96.35000 -70.80
96.40000 -70.82
96.45000 -70.80
96.50000 -70.80
96.55000 -70.79
96.60000 -70.80
96.65000 -70.80
96.70000 -70.81
96.75000 -70.82
96.80000 -70.82
96.85000 -70.83
96.90000 -70.87
96.95000 -70.86
97.00000 -70.89
97.05000 -70.89
97.10000 -70.89
97.15000 -70.94
97.20000 -70.95
97.25000 -70.98
97.30000 -70.99
97.35000 -71.01
97.40000 -71.01
97.45000 -71.02
97.50000 -71.04
97.55000 -71.03
97.60000 -71.05
97.65000 -71.06
97.70000 -71.03
97.75000 -71.00
97.80000 -71.00
97.85000 -70.97
97.90000 -70.97
97.95000 -70.97
98.00000 -70.94
98.05000 -70.94
98.10000 -70.95
98.15000 -70.95
98.20000 -70.95
98.25000 -70.97
98.30000 -71.00
98.35000 -71.00
98.40000 -71.02
98.45000 -71.04
98.50000 -71.08
98.55000 -71.10
98.60000 -71.08
98.65000 -71.12
98.70000 -71.09
98.75000 -71.13
98.80000 -71.11
98.85000 -71.09
98.90000 -71.09
98.95000 -71.06
99.00000 -71.05
99.05000 -71.03
99.10000 -71.01
99.15000 -71.01
99.20000 -71.00
99.25000 -71.01
99.30000 -70.97
99.35000 -70.97
99.40000 -70.94
99.45000 -70.92
99.50000 -70.90
99.55000 -70.90
99.60000 -70.89
99.65000 -70.89
99.70000 -70.89
99.75000 -70.89
99.80000 -70.90
99.85000 -70.92
99.90000 -70.92
99.95000 -70.92
100.00000 -70.93
100.05000 -70.90
100.10000 -70.91
100.15000 -70.91
100.20000 -70.92
100.25000 -70.91
100.30000 -70.89
100.35000 -70.91
100.40000 -70.88
100.45000 -70.89
100.50000 -70.91
100.55000 -70.88
100.60000 -70.90
100.65000 -70.92
100.70000 -70.92
100.75000 -70.92
100.80000 -70.95
100.85000 -70.96
100.90000 -70.96
100.95000 -70.97
101.00000 -70.99
101.05000 -70.99
101.10000 -70.99
101.15000 -70.98
101.20000 -70.99
101.25000 -70.99
101.30000 -70.97
101.35000 -70.97
101.40000 -70.99
101.45000 -70.98
101.50000 -70.98
101.55000 -70.98
101.60000 -70.97
101.65000 -70.98
101.70000 -70.98
101.75000 -71.01
101.80000 -70.99
101.85000 -71.02
101.90000 -71.02
101.95000 -71.02
102.00000 -71.02
102.05000 -71.03
102.10000 -71.02
102.15000 -71.01
102.20000 -71.00
102.25000 -70.98
102.30000 -70.99
102.35000 -70.96
102.40000 -70.96
102.45000 -70.96
102.50000 -70.95
102.55000 -70.94
102.60000 -70.95
102.65000 -70.95
102.70000 -70.93
102.75000 -70.91
102.80000 -70.91
102.85000 -70.92
102.90000 -70.88
102.95000 -70.89
103.00000 -70.88
103.05000 -70.89
103.10000 -70.91
103.15000 -70.91
103.20000 -70.94
103.25000 -70.94
103.30000 -70.96
103.35000 -70.97
103.40000 -70.97
103.45000 -70.99
103.50000 -70.93
103.55000 -70.92
103.60000 -70.92
103.65000 -70.90
103.70000 -70.85
103.75000 -70.84
103.80000 -70.84
103.85000 -70.85
103.90000 -70.83
103.95000 -70.86
104.00000 -70.88
104.05000 -70.88
104.10000 -70.91
104.15000 -70.92
104.20000 -70.93
104.25000 -70.94
104.30000 -70.99
104.35000 -70.99
104.40000 -70.99
104.45000 -71.02
104.50000 -71.04
104.55000 -71.04
104.60000 -71.05
104.65000 -71.07
104.70000 -71.04
104.75000 -71.04
104.80000 -71.02
104.85000 -71.01
104.90000 -70.98
104.95000 -70.98
105.00000 -70.98
105.05000 -70.98
105.10000 -70.99
105.15000 -71.00
105.20000 -71.00
105.25000 -70.99
105.30000 -71.01
105.35000 -71.00
105.40000 -70.99
105.45000 -70.99
105.50000 -70.98
105.55000 -71.00
105.60000 -71.02
105.65000 -71.01
105.70000 -71.02
105.75000 -71.01
105.80000 -71.04
105.85000 -71.05
105.90000 -71.03
105.95000 -71.04
106.00000 -71.04
106.05000 -71.03
106.10000 -71.05
106.15000 -71.04
106.20000 -71.04
106.25000 -71.05
106.30000 -71.07
106.35000 -71.05
106.40000 -71.03
106.45000 -71.01
106.50000 -71.03
106.55000 -71.02
106.60000 -71.00
106.65000 -71.01
106.70000 -70.98
106.75000 -70.96
106.80000 -70.94
106.85000 -70.91
106.90000 -70.87
106.95000 -70.86
107.00000 -70.83
107.05000 -70.81
107.10000 -70.79
107.15000 -70.78
107.20000 -70.77
107.25000 -70.78
107.30000 -70.77
107.35000 -70.78
107.40000 -70.76
107.45000 -70.78
107.50000 -70.80
107.55000 -70.79
107.60000 -70.79
107.65000 -70.81
107.70000 -70.80
107.75000 -70.79
107.80000 -70.82
107.85000 -70.81
107.90000 -70.82
107.95000 -70.84
108.00000 -70.83
108.05000 -70.85
108.10000 -70.84
108.15000 -70.84
108.20000 -70.85
108.25000 -70.86
108.30000 -70.88
108.35000 -70.87
108.40000 -70.92
108.45000 -70.92
108.50000 -70.93
108.55000 -70.97
108.60000 -70.98
108.65000 -70.99
108.70000 -71.02
108.75000 -71.04
108.80000 -71.04
108.85000 -71.05
108.90000 -71.06
108.95000 -71.07
109.00000 -71.07
109.05000 -71.11
109.10000 -71.12
109.15000 -71.14
109.20000 -71.16
109.25000 -71.17
109.30000 -71.17
109.35000 -71.18
109.40000 -71.19
109.45000 -71.18
109.50000 -71.18
109.55000 -71.18
109.60000 -71.16
109.65000 -71.17
109.70000 -71.15
109.75000 -71.13
109.80000 -71.12
109.85000 -71.09
109.90000 -71.08
109.95000 -71.08
110.00000 -71.05
110.05000 -71.05
110.10000 -71.06
110.15000 -71.07
110.20000 -71.04
110.25000 -71.03
110.30000 -71.05
110.35000 -71.01
110.40000 -71.00
110.45000 -71.01
110.50000 -71.01
110.55000 -71.00
110.60000 -70.99
110.65000 -70.95
110.70000 -70.95
110.75000 -70.94
110.80000 -70.93
110.85000 -70.94
110.90000 -70.92
110.95000 -70.92
111.00000 -70.92
111.05000 -70.94
111.10000 -70.93
111.15000 -70.94
111.20000 -70.98
111.25000 -70.98
111.30000 -70.99
111.35000 -70.99
111.40000 -70.98
111.45000 -70.96
111.50000 -70.95
111.55000 -70.95
111.60000 -70.93
111.65000 -70.93
111.70000 -70.93
111.75000 -70.93
111.80000 -70.95
111.85000 -70.94
111.90000 -70.92
111.95000 -70.90
112.00000 -70.87
112.05000 -70.86
112.10000 -70.87
112.15000 -70.85
112.20000 -70.86
112.25000 -70.86
112.30000 -70.85
112.35000 -70.85
112.40000 -70.84
112.45000 -70.84
112.50000 -70.85
112.55000 -70.85
112.60000 -70.88
112.65000 -70.88
112.70000 -70.87
112.75000 -70.87
112.80000 -70.89
112.85000 -70.90
112.90000 -70.92
112.95000 -70.93
113.00000 -70.92
113.05000 -70.92
113.10000 -70.95
113.15000 -70.97
113.20000 -71.00
113.25000 -71.01
113.30000 -71.03
113.35000 -71.04
113.40000 -71.07
113.45000 -71.09
113.50000 -71.10
113.55000 -71.10
113.60000 -71.10
113.65000 -71.09
113.70000 -71.10
113.75000 -71.09
113.80000 -71.08
113.85000 -71.08
113.90000 -71.08
113.95000 -71.09
114.00000 -71.10
114.05000 -71.09
114.10000 -71.09
114.15000 -71.09
114.20000 -71.12
114.25000 -71.09
114.30000 -71.09
114.35000 -71.08
114.40000 -71.08
114.45000 -71.08
114.50000 -71.06
114.55000 -71.05
114.60000 -71.08
114.65000 -71.09
114.70000 -71.08
114.75000 -71.08
114.80000 -71.08
114.85000 -71.11
114.90000 -71.12
114.95000 -71.11
115.00000 -71.10
115.05000 -71.11
115.10000 -71.13
115.15000 -71.12
115.20000 -71.13
115.25000 -71.12
115.30000 -71.13
115.35000 -71.15
115.40000 -71.16
115.45000 -71.16
115.50000 -71.19
115.55000 -71.21
115.60000 -71.19
115.65000 -71.19
115.70000 -71.23
115.75000 -71.24
115.80000 -71.24
115.85000 -71.24
115.90000 -71.28
115.95000 -71.29
116.00000 -71.31
116.05000 -71.30
116.10000 -71.32
116.15000 -71.29
116.20000 -71.31
116.25000 -71.30
116.30000 -71.31
116.35000 -71.30
116.40000 -71.31
116.45000 -71.29
116.50000 -71.31
116.55000 -71.31
116.60000 -71.32
116.65000 -71.31
116.70000 -71.31
116.75000 -71.29
116.80000 -71.28
116.85000 -71.30
116.90000 -71.29
116.95000 -71.29
117.00000 -71.28
117.05000 -71.27
117.10000 -71.26
117.15000 -71.25
117.20000 -71.23
117.25000 -71.23
117.30000 -71.22
117.35000 -71.19
117.40000 -71.19
117.45000 -71.17
117.50000 -71.15
117.55000 -71.11
117.60000 -71.10
117.65000 -71.10
117.70000 -71.08
117.75000 -71.06
117.80000 -71.06
117.85000 -71.05
117.90000 -71.06
117.95000 -71.06
118.00000 -71.05
118.05000 -71.06
118.10000 -71.07
118.15000 -71.07
118.20000 -71.07
118.25000 -71.05
118.30000 -71.07
118.35000 -71.07
118.40000 -71.10
118.45000 -71.12
118.50000 -71.11
118.55000 -71.15
118.60000 -71.13
118.65000 -71.15
118.70000 -71.16
118.75000 -71.18
118.80000 -71.20
118.85000 -71.21
118.90000 -71.22
118.95000 -71.23
119.00000 -71.26
119.05000 -71.24
119.10000 -71.24
119.15000 -71.22
119.20000 -71.23
119.25000 -71.23
119.30000 -71.24
119.35000 -71.25
119.40000 -71.23
119.45000 -71.23
119.50000 -71.23
119.55000 -71.23
119.60000 -71.22
119.65000 -71.19
119.70000 -71.19
119.75000 -71.19
119.80000 -71.17
119.85000 -71.18
119.90000 -71.16
119.95000 -71.11
120.00000 -71.12
120.05000 -71.10
120.10000 -71.09
120.15000 -71.06
120.20000 -71.04
120.25000 -71.03
120.30000 -71.01
120.35000 -70.99
120.40000 -70.99
120.45000 -71.00
120.50000 -70.99
120.55000 -70.99
120.60000 -71.01
120.65000 -71.03
120.70000 -71.02
120.75000 -71.04
120.80000 -71.05
120.85000 -71.07
120.90000 -71.10
120.95000 -71.10
121.00000 -71.10
121.05000 -71.12
121.10000 -71.13
121.15000 -71.11
121.20000 -71.10
121.25000 -71.08
121.30000 -71.07
121.35000 -71.08
121.40000 -71.06
121.45000 -71.04
121.50000 -71.05
121.55000 -71.04
121.60000 -71.02
121.65000 -71.04
121.70000 -71.04
121.75000 -71.05
121.80000 -71.02
121.85000 -71.01
121.90000 -71.03
121.95000 -71.01
122.00000 -71.00
122.05000 -71.03
122.10000 -71.03
122.15000 -71.02
122.20000 -71.05
122.25000 -71.05
122.30000 -71.08
122.35000 -71.09
122.40000 -71.10
122.45000 -71.09
122.50000 -71.09
122.55000 -71.09
122.60000 -71.08
122.65000 -71.07
122.70000 -71.09
122.75000 -71.10
122.80000 -71.10
122.85000 -71.08
122.90000 -71.10
122.95000 -71.10
123.00000 -71.09
123.05000 -71.10
123.10000 -71.11
123.15000 -71.13
123.20000 -71.14
123.25000 -71.15
123.30000 -71.16
123.35000 -71.15
123.40000 -71.15
123.45000 -71.16
123.50000 -71.19
123.55000 -71.17
123.60000 -71.19
123.65000 -71.19
123.70000 -71.21
123.75000 -71.21
123.80000 -71.21
123.85000 -71.22
123.90000 -71.23
123.95000 -71.22
124.00000 -71.22
124.05000 -71.21
124.10000 -71.19
124.15000 -71.17
124.20000 -71.14
124.25000 -71.13
124.30000 -71.12
124.35000 -71.11
124.40000 -71.10
124.45000 -71.09
124.50000 -71.08
124.55000 -71.06
124.60000 -71.06
124.65000 -71.06
124.70000 -71.08
124.75000 -71.07
124.80000 -71.10
124.85000 -71.08
124.90000 -71.09
124.95000 -71.09
125.00000 -71.09
125.05000 -71.08
125.10000 -71.07
125.15000 -71.07
125.20000 -71.05
125.25000 -71.08
125.30000 -71.07
125.35000 -71.06
125.40000 -71.10
125.45000 -71.09
125.50000 -71.08
125.55000 -71.11
125.60000 -71.09
125.65000 -71.11
125.70000 -71.09
125.75000 -71.07
125.80000 -71.07
125.85000 -71.06
125.90000 -71.05
125.95000 -71.05
126.00000 -71.04
126.05000 -71.03
126.10000 -71.00
126.15000 -70.98
126.20000 -70.99
126.25000 -70.99
126.30000 -70.98
126.35000 -70.98
126.40000 -71.00
126.45000 -71.02
126.50000 -71.02
126.55000 -71.04
126.60000 -71.04
126.65000 -71.03
126.70000 -71.04
126.75000 -71.03
126.80000 -71.02
126.85000 -71.02
126.90000 -70.97
126.95000 -70.96
127.00000 -70.94
127.05000 -70.93
127.10000 -70.91
127.15000 -70.92
127.20000 -70.93
127.25000 -70.94
127.30000 -70.94
127.35000 -70.97
127.40000 -70.96
127.45000 -70.98
127.50000 -70.99
127.55000 -71.01
127.60000 -71.01
127.65000 -71.03
127.70000 -71.03
127.75000 -71.02
127.80000 -71.07
127.85000 -71.06
127.90000 -71.08
127.95000 -71.09
128.00000 -71.11
128.05000 -71.12
128.10000 -71.11
128.15000 -71.10
128.20000 -71.11
128.25000 -71.11
128.30000 -71.11
128.35000 -71.12
128.40000 -71.12
128.45000 -71.13
128.50000 -71.13
128.55000 -71.12
128.60000 -71.15
128.65000 -71.14
128.70000 -71.13
128.75000 -71.11
128.80000 -71.09
128.85000 -71.06
128.90000 -71.03
128.95000 -71.00
129.00000 -71.00
129.05000 -70.98
129.10000 -70.96
129.15000 -70.97
129.20000 -70.94
129.25000 -70.93
129.30000 -70.95
129.35000 -70.94
129.40000 -70.96
129.45000 -70.97
129.50000 -70.95
129.55000 -70.97
129.60000 -70.99
129.65000 -71.00
129.70000 -71.01
129.75000 -71.04
129.80000 -71.03
129.85000 -71.06
129.90000 -71.06
129.95000 -71.07
130.00000 -71.08
130.05000 -71.08
130.10000 -71.08
130.15000 -71.08
130.20000 -71.12
130.25000 -71.13
130.30000 -71.13
130.35000 -71.15
130.40000 -71.15
130.45000 -71.16
130.50000 -71.14
130.55000 -71.13
130.60000 -71.12
130.65000 -71.10
130.70000 -71.09
130.75000 -71.08
130.80000 -71.06
130.85000 -71.02
130.90000 -70.99
130.95000 -70.99
131.00000 -70.97
131.05000 -70.97
131.10000 -70.97
131.15000 -70.96
131.20000 -70.95
131.25000 -70.96
131.30000 -70.98
131.35000 -70.96
131.40000 -70.97
131.45000 -70.95
131.50000 -70.94
131.55000 -70.91
131.60000 -70.91
131.65000 -70.89
131.70000 -70.89
131.75000 -70.87
131.80000 -70.88
131.85000 -70.88
131.90000 -70.88
131.95000 -70.87
132.00000 -70.88
132.05000 -70.87
132.10000 -70.88
132.15000 -70.89
132.20000 -70.88
132.25000 -70.88
132.30000 -70.89
132.35000 -70.90
132.40000 -70.92
132.45000 -70.90
132.50000 -70.92
132.55000 -70.93
132.60000 -70.93
132.65000 -70.95
132.70000 -70.96
132.75000 -70.94
132.80000 -70.96
132.85000 -70.97
132.90000 -70.97
132.95000 -70.99
133.00000 -70.99
133.05000 -70.98
133.10000 -71.00
133.15000 -70.98
133.20000 -70.97
133.25000 -70.97
133.30000 -70.97
133.35000 -70.97
133.40000 -70.97
133.45000 -70.98
133.50000 -70.96
133.55000 -70.97
133.60000 -70.97
133.65000 -70.97
133.70000 -70.96
133.75000 -70.96
133.80000 -70.96
133.85000 -70.95
133.90000 -70.97
133.95000 -70.97
134.00000 -70.96
134.05000 -70.95
134.10000 -70.94
134.15000 -70.91
134.20000 -70.92
134.25000 -70.94
134.30000 -70.93
134.35000 -70.94
134.40000 -70.96
134.45000 -70.95
134.50000 -70.96
134.55000 -70.98
134.60000 -70.98
134.65000 -71.00
134.70000 -71.01
134.75000 -71.01
134.80000 -71.01
134.85000 -71.01
134.90000 -71.02
134.95000 -71.04
135.00000 -71.07
135.05000 -71.06
135.10000 -71.06
135.15000 -71.06
135.20000 -71.05
135.25000 -71.05
135.30000 -71.04
135.35000 -71.02
135.40000 -71.01
135.45000 -71.03
135.50000 -71.00
135.55000 -71.00
135.60000 -71.01
135.65000 -71.00
135.70000 -71.00
135.75000 -70.98
135.80000 -70.98
135.85000 -70.94
135.90000 -70.93
135.95000 -70.94
136.00000 -70.93
136.05000 -70.89
136.10000 -70.90
136.15000 -70.90
136.20000 -70.89
136.25000 -70.91
136.30000 -70.90
136.35000 -70.90
136.40000 -70.86
136.45000 -70.87
136.50000 -70.87
136.55000 -70.87
136.60000 -70.89
136.65000 -70.88
136.70000 -70.90
136.75000 -70.91
136.80000 -70.90
136.85000 -70.92
136.90000 -70.94
136.95000 -70.94
137.00000 -70.98
137.05000 -70.99
137.10000 -70.99
137.15000 -71.00
137.20000 -71.01
137.25000 -70.99
137.30000 -71.00
137.35000 -71.02
137.40000 -70.97
137.45000 -70.99
137.50000 -70.98
137.55000 -71.00
137.60000 -71.00
137.65000 -70.98
137.70000 -70.98
137.75000 -70.99
137.80000 -70.98
137.85000 -70.98
137.90000 -70.98
137.95000 -70.97
138.00000 -70.97
138.05000 -70.97
138.10000 -70.98
138.15000 -70.99
138.20000 -70.98
138.25000 -70.99
138.30000 -70.98
138.35000 -70.99
138.40000 -71.01
138.45000 -70.99
138.50000 -70.99
138.55000 -71.01
138.60000 -71.02
138.65000 -71.00
138.70000 -70.99
138.75000 -71.01
138.80000 -71.05
138.85000 -71.05
138.90000 -71.05
138.95000 -71.08
139.00000 -71.11
139.05000 -71.11
139.10000 -71.13
139.15000 -71.15
139.20000 -71.16
139.25000 -71.17
139.30000 -71.17
139.35000 -71.17
139.40000 -71.19
139.45000 -71.23
139.50000 -71.20
139.55000 -71.20
139.60000 -71.19
139.65000 -71.19
139.70000 -71.19
139.75000 -71.17
139.80000 -71.17
139.85000 -71.17
139.90000 -71.17
139.95000 -71.18
140.00000 -71.19
140.05000 -71.20
140.10000 -71.20
140.15000 -71.21
140.20000 -71.22
140.25000 -71.22
140.30000 -71.21
140.35000 -71.22
140.40000 -71.20
140.45000 -71.21
140.50000 -71.20
140.55000 -71.20
140.60000 -71.18
140.65000 -71.20
140.70000 -71.17
140.75000 -71.20
140.80000 -71.18
140.85000 -71.17
140.90000 -71.16
140.95000 -71.15
141.00000 -71.15
141.05000 -71.15
141.10000 -71.15
141.15000 -71.15
141.20000 -71.14
141.25000 -71.13
141.30000 -71.13
141.35000 -71.14
141.40000 -71.13
141.45000 -71.14
141.50000 -71.14
141.55000 -71.14
141.60000 -71.14
141.65000 -71.13
141.70000 -71.16
141.75000 -71.15
141.80000 -71.13
141.85000 -71.12
141.90000 -71.13
141.95000 -71.13
142.00000 -71.12
142.05000 -71.11
142.10000 -71.12
142.15000 -71.13
142.20000 -71.12
142.25000 -71.11
142.30000 -71.14
142.35000 -71.13
142.40000 -71.14
142.45000 -71.12
142.50000 -71.12
142.55000 -71.10
142.60000 -71.08
142.65000 -71.07
142.70000 -71.09
142.75000 -71.08
142.80000 -71.10
142.85000 -71.10
142.90000 -71.08
142.95000 -71.09
143.00000 -71.09
143.05000 -71.12
143.10000 -71.11
143.15000 -71.11
143.20000 -71.11
143.25000 -71.10
143.30000 -71.13
143.35000 -71.14
143.40000 -71.10
143.45000 -71.10
143.50000 -71.08
143.55000 -71.05
143.60000 -71.04
143.65000 -71.03
143.70000 -71.03
143.75000 -71.02
143.80000 -71.04
143.85000 -71.06
143.90000 -71.07
143.95000 -71.08
144.00000 -71.12
144.05000 -71.13
144.10000 -71.12
144.15000 -71.13
144.20000 -71.17
144.25000 -71.19
144.30000 -71.19
144.35000 -71.20
144.40000 -71.18
144.45000 -71.18
144.50000 -71.19
144.55000 -71.18
144.60000 -71.20
144.65000 -71.17
144.70000 -71.16
144.75000 -71.17
144.80000 -71.16
144.85000 -71.14
144.90000 -71.14
144.95000 -71.15
145.00000 -71.15
145.05000 -71.16
145.10000 -71.13
145.15000 -71.13
145.20000 -71.15
145.25000 -71.14
145.30000 -71.14
145.35000 -71.19
145.40000 -71.19
145.45000 -71.19
145.50000 -71.19
145.55000 -71.20
145.60000 -71.20
145.65000 -71.22
145.70000 -71.22
145.75000 -71.23
145.80000 -71.22
145.85000 -71.23
145.90000 -71.24
145.95000 -71.24
146.00000 -71.26
146.05000 -71.24
146.10000 -71.24
146.15000 -71.23
146.20000 -71.24
146.25000 -71.21
146.30000 -71.19
146.35000 -71.20
146.40000 -71.20
146.45000 -71.18
146.50000 -71.17
146.55000 -71.17
146.60000 -71.14
146.65000 -71.14
146.70000 -71.14
146.75000 -71.14
146.80000 -71.13
146.85000 -71.15
146.90000 -71.15
146.95000 -71.15
147.00000 -71.15
147.05000 -71.16
147.10000 -71.17
147.15000 -71.16
147.20000 -71.15
147.25000 -71.16
147.30000 -71.16
147.35000 -71.14
147.40000 -71.15
147.45000 -71.15
147.50000 -71.13
147.55000 -71.14
147.60000 -71.14
147.65000 -71.13
147.70000 -71.13
147.75000 -71.09
147.80000 -71.07
147.85000 -71.06
147.90000 -71.01
147.95000 -71.03
148.00000 -71.02
148.05000 -70.99
148.10000 -70.97
148.15000 -70.96
148.20000 -70.95
148.25000 -70.93
148.30000 -70.95
148.35000 -70.94
148.40000 -70.93
148.45000 -70.92
148.50000 -70.91
148.55000 -70.91
148.60000 -70.88
148.65000 -70.89
148.70000 -70.87
148.75000 -70.86
148.80000 -70.86
148.85000 -70.87
148.90000 -70.87
148.95000 -70.87
149.00000 -70.87
149.05000 -70.89
149.10000 -70.91
149.15000 -70.91
149.20000 -70.92
149.25000 -70.94
149.30000 -70.94
149.35000 -70.97
149.40000 -70.99
149.45000 -71.01
149.50000 -71.03
149.55000 -71.05
149.60000 -71.06
149.65000 -71.08
149.70000 -71.09
149.75000 -71.12
149.80000 -71.12
149.85000 -71.16
149.90000 -71.18
149.95000 -71.20
150.00000 -71.18
150.05000 -71.19
150.10000 -71.20
150.15000 -71.18
150.20000 -71.17
150.25000 -71.15
150.30000 -71.14
150.35000 -71.10
150.40000 -71.11
150.45000 -71.12
150.50000 -71.09
150.55000 -71.08
150.60000 -71.08
150.65000 -71.09
150.70000 -71.11
150.75000 -71.12
150.80000 -71.13
150.85000 -71.15
150.90000 -71.14
150.95000 -71.17
151.00000 -71.20
151.05000 -71.17
151.10000 -71.17
151.15000 -71.18
151.20000 -71.16
151.25000 -71.15
151.30000 -71.15
151.35000 -71.15
151.40000 -71.15
151.45000 -71.13
151.50000 -71.14
151.55000 -71.11
151.60000 -71.13
151.65000 -71.11
151.70000 -71.13
151.75000 -71.11
151.80000 -71.13
151.85000 -71.13
151.90000 -71.11
151.95000 -71.10
152.00000 -71.12
152.05000 -71.13
152.10000 -71.13
152.15000 -71.14
152.20000 -71.14
152.25000 -71.15
152.30000 -71.15
152.35000 -71.16
152.40000 -71.16
152.45000 -71.16
152.50000 -71.17
152.55000 -71.16
152.60000 -71.17
152.65000 -71.18
152.70000 -71.19
152.75000 -71.19
152.80000 -71.18
152.85000 -71.16
152.90000 -71.15
152.95000 -71.13
153.00000 -71.11
153.05000 -71.10
153.10000 -71.10
153.15000 -71.10
153.20000 -71.12
153.25000 -71.11
153.30000 -71.11
153.35000 -71.10
153.40000 -71.12
153.45000 -71.13
153.50000 -71.14
153.55000 -71.14
153.60000 -71.15
153.65000 -71.14
153.70000 -71.12
153.75000 -71.13
153.80000 -71.13
153.85000 -71.13
153.90000 -71.13
153.95000 -71.15
154.00000 -71.15
154.05000 -71.13
154.10000 -71.12
154.15000 -71.12
154.20000 -71.10
154.25000 -71.12
154.30000 -71.11
154.35000 -71.13
154.40000 -71.14
154.45000 -71.14
154.50000 -71.15
154.55000 -71.14
154.60000 -71.13
154.65000 -71.16
154.70000 -71.16
154.75000 -71.14
154.80000 -71.14
154.85000 -71.13
154.90000 -71.15
154.95000 -71.16
155.00000 -71.19
155.05000 -71.18
155.10000 -71.19
155.15000 -71.21
155.20000 -71.22
155.25000 -71.22
155.30000 -71.22
155.35000 -71.22
155.40000 -71.23
155.45000 -71.24
155.50000 -71.25
155.55000 -71.25
155.60000 -71.25
155.65000 -71.26
155.70000 -71.27
155.75000 -71.26
155.80000 -71.26
155.85000 -71.26
155.90000 -71.23
155.95000 -71.23
156.00000 -71.24
156.05000 -71.20
156.10000 -71.17
156.15000 -71.17
156.20000 -71.14
156.25000 -71.12
156.30000 -71.11
156.35000 -71.09
156.40000 -71.08
156.45000 -71.08
156.50000 -71.08
156.55000 -71.08
156.60000 -71.09
156.65000 -71.08
156.70000 -71.09
156.75000 -71.11
156.80000 -71.10
156.85000 -71.10
156.90000 -71.12
156.95000 -71.11
157.00000 -71.11
157.05000 -71.13
157.10000 -71.13
157.15000 -71.14
157.20000 -71.12
157.25000 -71.12
157.30000 -71.13
157.35000 -71.11
157.40000 -71.09
157.45000 -71.08
157.50000 -71.05
157.55000 -71.03
157.60000 -71.01
157.65000 -71.04
157.70000 -71.03
157.75000 -71.03
157.80000 -71.04
157.85000 -71.05
157.90000 -71.05
157.95000 -71.07
158.00000 -71.05
158.05000 -71.05
158.10000 -71.05
158.15000 -71.06
158.20000 -71.08
158.25000 -71.07
158.30000 -71.06
158.35000 -71.07
158.40000 -71.06
158.45000 -71.05
158.50000 -71.05
158.55000 -71.05
158.60000 -71.05
158.65000 -71.06
158.70000 -71.03
158.75000 -71.04
158.80000 -71.03
158.85000 -71.05
158.90000 -71.07
158.95000 -71.07
159.00000 -71.07
159.05000 -71.08
159.10000 -71.07
159.15000 -71.06
159.20000 -71.08
159.25000 -71.08
159.30000 -71.06
159.35000 -71.10
159.40000 -71.09
159.45000 -71.11
159.50000 -71.12
159.55000 -71.13
159.60000 -71.14
159.65000 -71.15
159.70000 -71.16
159.75000 -71.14
159.80000 -71.13
159.85000 -71.13
159.90000 -71.13
159.95000 -71.13
160.00000 -71.14
160.05000 -71.13
160.10000 -71.13
160.15000 -71.13
160.20000 -71.12
160.25000 -71.11
160.30000 -71.10
160.35000 -71.07
160.40000 -71.09
160.45000 -71.08
160.50000 -71.06
160.55000 -71.05
160.60000 -71.03
160.65000 -71.02
160.70000 -71.01
160.75000 -70.98
160.80000 -70.97
160.85000 -70.96
160.90000 -70.96
160.95000 -70.93
161.00000 -70.93
161.05000 -70.91
161.10000 -70.91
161.15000 -70.91
161.20000 -70.90
161.25000 -70.91
161.30000 -70.93
161.35000 -70.96
161.40000 -70.97
161.45000 -70.99
161.50000 -71.01
161.55000 -71.03
161.60000 -71.05
161.65000 -71.09
161.70000 -71.11
161.75000 -71.12
161.80000 -71.13
161.85000 -71.12
161.90000 -71.15
161.95000 -71.14
162.00000 -71.14
162.05000 -71.13
162.10000 -71.14
162.15000 -71.12
162.20000 -71.10
162.25000 -71.06
162.30000 -71.02
162.35000 -71.01
162.40000 -71.02
162.45000 -70.99
162.50000 -70.99
162.55000 -71.00
162.60000 -71.01
162.65000 -71.04
162.70000 -71.03
162.75000 -71.01
162.80000 -71.01
162.85000 -71.01
162.90000 -71.02
162.95000 -71.02
163.00000 -71.01
163.05000 -71.02
163.10000 -71.02
163.15000 -71.02
163.20000 -71.02
163.25000 -71.00
163.30000 -70.97
163.35000 -70.96
163.40000 -70.94
163.45000 -70.91
163.50000 -70.90
163.55000 -70.90
163.60000 -70.90
163.65000 -70.92
163.70000 -70.95
163.75000 -70.94
163.80000 -70.98
163.85000 -70.99
163.90000 -71.02
163.95000 -71.03
164.00000 -71.05
164.05000 -71.06
164.10000 -71.10
164.15000 -71.10
164.20000 -71.11
164.25000 -71.14
164.30000 -71.15
164.35000 -71.16
164.40000 -71.16
164.45000 -71.19
164.50000 -71.19
164.55000 -71.18
164.60000 -71.19
164.65000 -71.17
164.70000 -71.18
164.75000 -71.19
164.80000 -71.17
164.85000 -71.17
164.90000 -71.13
164.95000 -71.10
165.00000 -71.05
165.05000 -71.03
165.10000 -71.01
165.15000 -70.98
165.20000 -70.96
165.25000 -70.94
165.30000 -70.96
165.35000 -70.95
165.40000 -70.95
165.45000 -70.92
165.50000 -70.92
165.55000 -70.92
165.60000 -70.90
165.65000 -70.91
165.70000 -70.91
165.75000 -70.93
165.80000 -70.94
165.85000 -70.96
165.90000 -70.96
165.95000 -70.98
166.00000 -70.97
166.05000 -70.97
166.10000 -70.98
166.15000 -70.99
166.20000 -70.98
166.25000 -70.97
166.30000 -70.99
166.35000 -71.00
166.40000 -70.99
166.45000 -70.97
166.50000 -71.01
166.55000 -71.01
166.60000 -71.02
166.65000 -71.05
166.70000 -71.06
166.75000 -71.07
166.80000 -71.09
166.85000 -71.12
166.90000 -71.12
166.95000 -71.14
167.00000 -71.18
167.05000 -71.18
167.10000 -71.20
167.15000 -71.17
167.20000 -71.19
167.25000 -71.21
167.30000 -71.20
167.35000 -71.20
167.40000 -71.20
167.45000 -71.20
167.50000 -71.21
167.55000 -71.23
167.60000 -71.22
167.65000 -71.23
167.70000 -71.23
167.75000 -71.22
167.80000 -71.23
167.85000 -71.21
167.90000 -71.20
167.95000 -71.21
168.00000 -71.20
168.05000 -71.22
168.10000 -71.23
168.15000 -71.22
168.20000 -71.21
168.25000 -71.23
168.30000 -71.21
168.35000 -71.20
168.40000 -71.22
168.45000 -71.22
168.50000 -71.21
168.55000 -71.18
168.60000 -71.15
168.65000 -71.16
168.70000 -71.15
168.75000 -71.15
168.80000 -71.15
168.85000 -71.15
168.90000 -71.17
168.95000 -71.15
169.00000 -71.15
169.05000 -71.16
169.10000 -71.16
169.15000 -71.18
169.20000 -71.18
169.25000 -71.19
169.30000 -71.20
169.35000 -71.19
169.40000 -71.19
169.45000 -71.19
169.50000 -71.20
169.55000 -71.20
169.60000 -71.20
169.65000 -71.20
169.70000 -71.21
169.75000 -71.23
169.80000 -71.22
169.85000 -71.22
169.90000 -71.24
169.95000 -71.21
170.00000 -71.22
170.05000 -71.22
170.10000 -71.22
170.15000 -71.22
170.20000 -71.21
170.25000 -71.18
170.30000 -71.19
170.35000 -71.21
170.40000 -71.20
170.45000 -71.21
170.50000 -71.21
170.55000 -71.20
170.60000 -71.19
170.65000 -71.18
170.70000 -71.19
170.75000 -71.16
170.80000 -71.18
170.85000 -71.18
170.90000 -71.17
170.95000 -71.18
171.00000 -71.17
171.05000 -71.15
171.10000 -71.15
171.15000 -71.14
171.20000 -71.14
171.25000 -71.12
171.30000 -71.13
171.35000 -71.12
171.40000 -71.14
171.45000 -71.13
171.50000 -71.12
171.55000 -71.12
171.60000 -71.12
171.65000 -71.08
171.70000 -71.07
171.75000 -71.05
171.80000 -71.02
171.85000 -71.01
171.90000 -71.03
171.95000 -71.01
172.00000 -71.01
172.05000 -71.00
172.10000 -70.98
172.15000 -70.98
172.20000 -70.96
172.25000 -70.98
172.30000 -70.97
172.35000 -70.98
172.40000 -70.97
172.45000 -70.95
172.50000 -70.96
172.55000 -70.93
172.60000 -70.89
172.65000 -70.89
172.70000 -70.87
172.75000 -70.83
172.80000 -70.83
172.85000 -70.81
172.90000 -70.82
172.95000 -70.81
173.00000 -70.83
173.05000 -70.83
173.10000 -70.86
173.15000 -70.84
173.20000 -70.85
173.25000 -70.83
173.30000 -70.81
173.35000 -70.80
173.40000 -70.79
173.45000 -70.80
173.50000 -70.81
173.55000 -70.81
173.60000 -70.82
173.65000 -70.82
173.70000 -70.84
173.75000 -70.84
173.80000 -70.87
173.85000 -70.87
173.90000 -70.91
173.95000 -70.93
174.00000 -70.93
174.05000 -70.94
174.10000 -70.96
174.15000 -70.97
174.20000 -70.99
174.25000 -70.97
174.30000 -70.96
174.35000 -70.94
174.40000 -70.92
174.45000 -70.91
174.50000 -70.93
174.55000 -70.91
174.60000 -70.92
174.65000 -70.90
174.70000 -70.90
174.75000 -70.88
174.80000 -70.88
174.85000 -70.84
174.90000 -70.85
174.95000 -70.84
175.00000 -70.83
175.05000 -70.81
175.10000 -70.81
175.15000 -70.81
175.20000 -70.82
175.25000 -70.85
175.30000 -70.86
175.35000 -70.88
175.40000 -70.91
175.45000 -70.91
175.50000 -70.92
175.55000 -70.94
175.60000 -70.93
175.65000 -70.93
175.70000 -70.93
175.75000 -70.92
175.80000 -70.94
175.85000 -70.95
175.90000 -70.96
175.95000 -70.94
176.00000 -70.96
176.05000 -70.99
176.10000 -71.00
176.15000 -71.01
176.20000 -71.02
176.25000 -71.02
176.30000 -71.02
176.35000 -71.04
176.40000 -71.03
176.45000 -71.01
176.50000 -71.00
176.55000 -71.00
176.60000 -71.01
176.65000 -71.03
176.70000 -71.04
176.75000 -71.03
176.80000 -71.05
176.85000 -71.05
176.90000 -71.06
176.95000 -71.07
177.00000 -71.08
177.05000 -71.09
177.10000 -71.08
177.15000 -71.09
177.20000 -71.09
177.25000 -71.08
177.30000 -71.09
177.35000 -71.11
177.40000 -71.09
177.45000 -71.11
177.50000 -71.11
177.55000 -71.11
177.60000 -71.12
177.65000 -71.16
177.70000 -71.16
177.75000 -71.17
177.80000 -71.17
177.85000 -71.17
177.90000 -71.16
177.95000 -71.18
178.00000 -71.18
178.05000 -71.18
178.10000 -71.16
178.15000 -71.17
178.20000 -71.18
178.25000 -71.15
178.30000 -71.14
178.35000 -71.11
178.40000 -71.10
178.45000 -71.07
178.50000 -71.06
178.55000 -71.06
178.60000 -71.04
178.65000 -71.04
178.70000 -71.03
178.75000 -71.00
178.80000 -71.00
178.85000 -70.99
178.90000 -70.97
178.95000 -70.98
179.00000 -70.98
179.05000 -70.99
179.10000 -70.99
179.15000 -71.01
179.20000 -70.98
179.25000 -71.01
179.30000 -71.00
179.35000 -70.99
179.40000 -71.00
179.45000 -70.99
179.50000 -70.97
179.55000 -70.95
179.60000 -70.93
179.65000 -70.90
179.70000 -70.87
179.75000 -70.84
179.80000 -70.81
179.85000 -70.80
179.90000 -70.78
179.95000 -70.79
180.00000 -70.81
180.05000 -70.81
180.10000 -70.80
180.15000 -70.79
180.20000 -70.82
180.25000 -70.83
180.30000 -70.82
180.35000 -70.83
180.40000 -70.84
180.45000 -70.86
180.50000 -70.88
180.55000 -70.90
180.60000 -70.90
180.65000 -70.93
180.70000 -70.96
180.75000 -70.94
180.80000 -70.95
180.85000 -70.96
180.90000 -70.97
180.95000 -70.96
181.00000 -70.96
181.05000 -70.98
181.10000 -70.97
181.15000 -71.00
181.20000 -71.00
181.25000 -70.99
181.30000 -71.01
181.35000 -71.02
181.40000 -71.03
181.45000 -71.02
181.50000 -71.03
181.55000 -71.01
181.60000 -71.00
181.65000 -71.01
181.70000 -71.01
181.75000 -70.97
181.80000 -70.99
181.85000 -71.00
181.90000 -71.00
181.95000 -71.00
182.00000 -70.99
182.05000 -70.97
182.10000 -70.96
182.15000 -70.96
182.20000 -70.95
182.25000 -70.96
182.30000 -70.96
182.35000 -70.97
182.40000 -70.99
182.45000 -71.00
182.50000 -71.00
182.55000 -71.01
182.60000 -71.02
182.65000 -71.03
182.70000 -71.02
182.75000 -71.01
182.80000 -71.03
182.85000 -71.01
182.90000 -71.00
182.95000 -71.01
183.00000 -71.01
183.05000 -71.00
183.10000 -71.00
183.15000 -71.02
183.20000 -71.00
183.25000 -71.00
183.30000 -71.04
183.35000 -71.05
183.40000 -71.09
183.45000 -71.07
183.50000 -71.07
183.55000 -71.11
183.60000 -71.12
183.65000 -71.12
183.70000 -71.15
183.75000 -71.16
183.80000 -71.18
183.85000 -71.15
183.90000 -71.17
183.95000 -71.17
184.00000 -71.15
184.05000 -71.16
184.10000 -71.13
184.15000 -71.14
184.20000 -71.12
184.25000 -71.10
184.30000 -71.10
184.35000 -71.09
184.40000 -71.10
184.45000 -71.10
184.50000 -71.11
184.55000 -71.10
184.60000 -71.11
184.65000 -71.10
184.70000 -71.11
184.75000 -71.13
184.80000 -71.10
184.85000 -71.12
184.90000 -71.09
184.95000 -71.06
185.00000 -71.05
185.05000 -71.03
185.10000 -71.01
185.15000 -71.01
185.20000 -71.00
185.25000 -70.98
185.30000 -71.00
185.35000 -70.98
185.40000 -70.99
185.45000 -70.99
185.50000 -71.01
185.55000 -71.01
185.60000 -71.02
185.65000 -71.04
185.70000 -71.07
185.75000 -71.07
185.80000 -71.06
185.85000 -71.06
185.90000 -71.06
185.95000 -71.07
186.00000 -71.09
186.05000 -71.09
186.10000 -71.08
186.15000 -71.09
186.20000 -71.08
186.25000 -71.09
186.30000 -71.08
186.35000 -71.10
186.40000 -71.10
186.45000 -71.08
186.50000 -71.08
186.55000 -71.08
186.60000 -71.05
186.65000 -71.05
186.70000 -71.06
186.75000 -71.04
186.80000 -71.05
186.85000 -71.06
186.90000 -71.03
186.95000 -71.04
187.00000 -71.04
187.05000 -71.06
187.10000 -71.07
187.15000 -71.06
187.20000 -71.06
187.25000 -71.08
187.30000 -71.08
187.35000 -71.08
187.40000 -71.07
187.45000 -71.07
187.50000 -71.09
187.55000 -71.10
187.60000 -71.10
187.65000 -71.08
187.70000 -71.07
187.75000 -71.06
187.80000 -71.04
187.85000 -71.03
187.90000 -70.98
187.95000 -70.96
188.00000 -70.94
188.05000 -70.93
188.10000 -70.94
188.15000 -70.92
188.20000 -70.93
188.25000 -70.93
188.30000 -70.91
188.35000 -70.92
188.40000 -70.91
188.45000 -70.90
188.50000 -70.89
188.55000 -70.90
188.60000 -70.89
188.65000 -70.87
188.70000 -70.87
188.75000 -70.86
188.80000 -70.86
188.85000 -70.86
188.90000 -70.88
188.95000 -70.91
189.00000 -70.92
189.05000 -70.94
189.10000 -70.95
189.15000 -70.96
189.20000 -70.98
189.25000 -71.00
189.30000 -71.03
189.35000 -71.05
189.40000 -71.05
189.45000 -71.06
189.50000 -71.05
189.55000 -71.04
189.60000 -71.03
189.65000 -70.99
189.70000 -70.98
189.75000 -70.96
189.80000 -70.94
189.85000 -70.94
189.90000 -70.92
189.95000 -70.91
190.00000 -70.92
190.05000 -70.94
190.10000 -70.98
190.15000 -70.99
190.20000 -71.01
190.25000 -71.03
190.30000 -71.05
190.35000 -71.07
190.40000 -71.05
190.45000 -71.06
190.50000 -71.09
190.55000 -71.08
190.60000 -71.10
190.65000 -71.10
190.70000 -71.08
190.75000 -71.06
190.80000 -71.08
190.85000 -71.08
190.90000 -71.09
190.95000 -71.10
191.00000 -71.09
191.05000 -71.10
191.10000 -71.10
191.15000 -71.09
191.20000 -71.10
191.25000 -71.11
191.30000 -71.13
191.35000 -71.13
191.40000 -71.14
191.45000 -71.14
191.50000 -71.15
191.55000 -71.16
191.60000 -71.15
191.65000 -71.15
191.70000 -71.14
191.75000 -71.11
191.80000 -71.11
191.85000 -71.10
191.90000 -71.09
191.95000 -71.09
192.00000 -71.08
192.05000 -71.08
192.10000 -71.07
192.15000 -71.09
192.20000 -71.08
192.25000 -71.09
192.30000 -71.10
192.35000 -71.11
192.40000 -71.09
192.45000 -71.08
192.50000 -71.08
192.55000 -71.08
192.60000 -71.07
192.65000 -71.07
192.70000 -71.08
192.75000 -71.07
192.80000 -71.07
192.85000 -71.08
192.90000 -71.07
192.95000 -71.09
193.00000 -71.08
193.05000 -71.08
193.10000 -71.10
193.15000 -71.11
193.20000 -71.08
193.25000 -71.12
193.30000 -71.12
193.35000 -71.14
193.40000 -71.15
193.45000 -71.14
193.50000 -71.16
193.55000 -71.16
193.60000 -71.16
193.65000 -71.18
193.70000 -71.19
193.75000 -71.18
193.80000 -71.18
193.85000 -71.18
193.90000 -71.17
193.95000 -71.14
194.00000 -71.16
194.05000 -71.14
194.10000 -71.13
194.15000 -71.15
194.20000 -71.14
194.25000 -71.14
194.30000 -71.13
194.35000 -71.12
194.40000 -71.12
194.45000 -71.11
194.50000 -71.10
194.55000 -71.07
194.60000 -71.03
194.65000 -71.03
194.70000 -71.03
194.75000 -71.02
194.80000 -71.04
194.85000 -71.06
194.90000 -71.06
194.95000 -71.08
195.00000 -71.07
195.05000 -71.09
195.10000 -71.08
195.15000 -71.06
195.20000 -71.05
195.25000 -71.03
195.30000 -71.03
195.35000 -71.02
195.40000 -71.02
195.45000 -71.04
195.50000 -71.03
195.55000 -71.03
195.60000 -71.07
195.65000 -71.08
195.70000 -71.09
195.75000 -71.11
195.80000 -71.11
195.85000 -71.12
195.90000 -71.12
195.95000 -71.14
196.00000 -71.13
196.05000 -71.14
196.10000 -71.13
196.15000 -71.12
196.20000 -71.11
196.25000 -71.12
196.30000 -71.09
196.35000 -71.13
196.40000 -71.10
196.45000 -71.11
196.50000 -71.13
196.55000 -71.12
196.60000 -71.14
196.65000 -71.15
196.70000 -71.20
196.75000 -71.20
196.80000 -71.18
196.85000 -71.19
196.90000 -71.22
196.95000 -71.22
197.00000 -71.21
197.05000 -71.23
197.10000 -71.24
197.15000 -71.25
197.20000 -71.28
197.25000 -71.29
197.30000 -71.29
197.35000 -71.29
197.40000 -71.28
197.45000 -71.29
197.50000 -71.28
197.55000 -71.29
197.60000 -71.27
197.65000 -71.26
197.70000 -71.25
197.75000 -71.27
197.80000 -71.28
197.85000 -71.27
197.90000 -71.29
197.95000 -71.30
198.00000 -71.30
198.05000 -71.31
198.10000 -71.31
198.15000 -71.31
198.20000 -71.33
198.25000 -71.35
198.30000 -71.34
198.35000 -71.34
198.40000 -71.36
198.45000 -71.36
198.50000 -71.36
198.55000 -71.39
198.60000 -71.36
198.65000 -71.39
198.70000 -71.36
198.75000 -71.36
198.80000 -71.37
198.85000 -71.34
198.90000 -71.32
198.95000 -71.32
199.00000 -71.31
199.05000 -71.24
199.10000 -71.28
199.15000 -71.27
199.20000 -71.28
199.25000 -71.28
199.30000 -71.26
199.35000 -71.27
199.40000 -71.27
199.45000 -71.27
199.50000 -71.26
199.55000 -71.25
199.60000 -71.22
199.65000 -71.19
199.70000 -71.19
199.75000 -71.16
199.80000 -71.15
199.85000 -71.15
199.90000 -71.14
199.95000 -71.16
200.00000 -71.14
200.05000 -71.14
200.10000 -71.18
200.15000 -71.17
200.20000 -71.19
200.25000 -71.17
200.30000 -71.19
200.35000 -71.19
200.40000 -71.19
200.45000 -71.17
200.50000 -71.17
200.55000 -71.16
200.60000 -71.15
200.65000 -71.16
200.70000 -71.13
200.75000 -71.14
200.80000 -71.12
200.85000 -71.10
200.90000 -71.13
200.95000 -71.10
201.00000 -71.10
201.05000 -71.10
201.10000 -71.09
201.15000 -71.07
201.20000 -71.07
201.25000 -71.03
201.30000 -71.04
201.35000 -71.02
201.40000 -71.04
201.45000 -71.03
201.50000 -71.04
201.55000 -71.04
201.60000 -71.05
201.65000 -71.05
201.70000 -71.07
201.75000 -71.07
201.80000 -71.08
201.85000 -71.11
201.90000 -71.11
201.95000 -71.12
202.00000 -71.12
202.05000 -71.11
202.10000 -71.13
202.15000 -71.15
202.20000 -71.15
202.25000 -71.17
202.30000 -71.17
202.35000 -71.18
202.40000 -71.20
202.45000 -71.20
202.50000 -71.22
202.55000 -71.22
202.60000 -71.21
202.65000 -71.21
202.70000 -71.19
202.75000 -71.19
202.80000 -71.18
202.85000 -71.19
202.90000 -71.18
202.95000 -71.19
203.00000 -71.19
203.05000 -71.18
203.10000 -71.18
203.15000 -71.16
203.20000 -71.16
203.25000 -71.17
203.30000 -71.15
203.35000 -71.14
203.40000 -71.15
203.45000 -71.13
203.50000 -71.13
203.55000 -71.12
203.60000 -71.11
203.65000 -71.11
203.70000 -71.12
203.75000 -71.14
203.80000 -71.14
203.85000 -71.14
203.90000 -71.15
203.95000 -71.17
204.00000 -71.17
204.05000 -71.17
204.10000 -71.21
204.15000 -71.19
204.20000 -71.21
204.25000 -71.20
204.30000 -71.20
204.35000 -71.21
204.40000 -71.23
204.45000 -71.24
204.50000 -71.24
204.55000 -71.24
204.60000 -71.24
204.65000 -71.25
204.70000 -71.25
204.75000 -71.25
204.80000 -71.27
204.85000 -71.23
204.90000 -71.20
204.95000 -71.20
205.00000 -71.17
205.05000 -71.18
205.10000 -71.16
205.15000 -71.14
205.20000 -71.13
205.25000 -71.12
205.30000 -71.10
205.35000 -71.12
205.40000 -71.12
205.45000 -71.10
205.50000 -71.11
205.55000 -71.12
205.60000 -71.13
205.65000 -71.13
205.70000 -71.17
205.75000 -71.14
205.80000 -71.15
205.85000 -71.16
205.90000 -71.15
205.95000 -71.19
206.00000 -71.17
206.05000 -71.17
206.10000 -71.19
206.15000 -71.17
206.20000 -71.19
206.25000 -71.17
206.30000 -71.18
206.35000 -71.19
206.40000 -71.21
206.45000 -71.20
206.50000 -71.20
206.55000 -71.19
206.60000 -71.22
206.65000 -71.21
206.70000 -71.20
206.75000 -71.19
206.80000 -71.20
206.85000 -71.16
206.90000 -71.15
206.95000 -71.12
207.00000 -71.08
207.05000 -71.04
207.10000 -71.01
207.15000 -71.03
207.20000 -71.00
207.25000 -70.98
207.30000 -70.99
207.35000 -70.98
207.40000 -70.98
207.45000 -70.97
207.50000 -70.96
207.55000 -70.96
207.60000 -70.95
207.65000 -70.94
207.70000 -70.95
207.75000 -70.94
207.80000 -70.93
207.85000 -70.94
207.90000 -70.91
207.95000 -70.90
208.00000 -70.92
208.05000 -70.93
208.10000 -70.92
208.15000 -70.93
208.20000 -70.94
208.25000 -70.93
208.30000 -70.95
208.35000 -70.96
208.40000 -70.98
208.45000 -70.97
208.50000 -70.95
208.55000 -70.96
208.60000 -70.98
208.65000 -70.96
208.70000 -70.96
208.75000 -70.95
208.80000 -70.93
208.85000 -70.93
208.90000 -70.93
208.95000 -70.92
209.00000 -70.93
209.05000 -70.92
209.10000 -70.93
209.15000 -70.94
209.20000 -70.93
209.25000 -70.93
209.30000 -70.94
209.35000 -70.93
209.40000 -70.90
209.45000 -70.92
209.50000 -70.91
209.55000 -70.91
209.60000 -70.94
209.65000 -70.95
209.70000 -70.96
209.75000 -70.98
209.80000 -71.00
209.85000 -70.98
209.90000 -70.99
209.95000 -71.00
210.00000 -70.98
210.05000 -71.00
210.10000 -71.03
210.15000 -71.03
210.20000 -71.03
210.25000 -71.02
210.30000 -71.01
210.35000 -71.00
210.40000 -71.00
210.45000 -71.01
210.50000 -71.00
210.55000 -70.98
210.60000 -70.97
210.65000 -70.95
210.70000 -70.95
210.75000 -70.93
210.80000 -70.94
210.85000 -70.90
210.90000 -70.90
210.95000 -70.87
211.00000 -70.87
211.05000 -70.86
211.10000 -70.87
211.15000 -70.89
211.20000 -70.88
211.25000 -70.87
211.30000 -70.89
211.35000 -70.90
211.40000 -70.88
211.45000 -70.88
211.50000 -70.90
211.55000 -70.88
211.60000 -70.86
211.65000 -70.88
211.70000 -70.86
211.75000 -70.89
211.80000 -70.87
211.85000 -70.88
211.90000 -70.87
211.95000 -70.88
212.00000 -70.89
212.05000 -70.90
212.10000 -70.90
212.15000 -70.94
212.20000 -70.93
212.25000 -70.96
212.30000 -70.97
212.35000 -70.98
212.40000 -71.00
212.45000 -71.03
212.50000 -71.04
212.55000 -71.06
212.60000 -71.08
212.65000 -71.10
212.70000 -71.11
212.75000 -71.12
212.80000 -71.14
212.85000 -71.16
212.90000 -71.15
212.95000 -71.17
213.00000 -71.17
213.05000 -71.18
213.10000 -71.17
213.15000 -71.17
213.20000 -71.18
213.25000 -71.16
213.30000 -71.15
213.35000 -71.15
213.40000 -71.15
213.45000 -71.16
213.50000 -71.15
213.55000 -71.14
213.60000 -71.17
213.65000 -71.16
213.70000 -71.16
213.75000 -71.20
213.80000 -71.21
213.85000 -71.20
213.90000 -71.22
213.95000 -71.22
214.00000 -71.25
214.05000 -71.27
214.10000 -71.27
214.15000 -71.26
214.20000 -71.28
214.25000 -71.30
214.30000 -71.30
214.35000 -71.30
214.40000 -71.31
214.45000 -71.29
214.50000 -71.28
214.55000 -71.28
214.60000 -71.32
214.65000 -71.32
214.70000 -71.30
214.75000 -71.30
214.80000 -71.31
214.85000 -71.31
214.90000 -71.33
214.95000 -71.33
215.00000 -71.31
215.05000 -71.31
215.10000 -71.30
215.15000 -71.30
215.20000 -71.31
215.25000 -71.29
215.30000 -71.27
215.35000 -71.25
215.40000 -71.22
215.45000 -71.24
215.50000 -71.24
215.55000 -71.23
215.60000 -71.23
215.65000 -71.20
215.70000 -71.20
215.75000 -71.18
215.80000 -71.20
215.85000 -71.19
215.90000 -71.17
215.95000 -71.17
216.00000 -71.14
216.05000 -71.14
216.10000 -71.15
216.15000 -71.15
216.20000 -71.14
216.25000 -71.13
216.30000 -71.13
216.35000 -71.15
216.40000 -71.16
216.45000 -71.17
216.50000 -71.18
216.55000 -71.18
216.60000 -71.17
216.65000 -71.15
216.70000 -71.15
216.75000 -71.14
216.80000 -71.14
216.85000 -71.13
216.90000 -71.11
216.95000 -71.12
217.00000 -71.12
217.05000 -71.13
217.10000 -71.17
217.15000 -71.16
217.20000 -71.17
217.25000 -71.18
217.30000 -71.18
217.35000 -71.16
217.40000 -71.17
217.45000 -71.16
217.50000 -71.15
217.55000 -71.13
217.60000 -71.11
217.65000 -71.10
217.70000 -71.09
217.75000 -71.10
217.80000 -71.12
217.85000 -71.11
217.90000 -71.11
217.95000 -71.10
218.00000 -71.11
218.05000 -71.11
218.10000 -71.11
218.15000 -71.11
218.20000 -71.09
218.25000 -71.10
218.30000 -71.09
218.35000 -71.07
218.40000 -71.07
218.45000 -71.06
218.50000 -71.02
218.55000 -71.01
218.60000 -70.99
218.65000 -70.99
218.70000 -70.97
218.75000 -70.98
218.80000 -70.97
218.85000 -70.95
218.90000 -70.96
218.95000 -70.93
219.00000 -70.94
219.05000 -70.91
219.10000 -70.93
219.15000 -70.93
219.20000 -70.92
219.25000 -70.91
219.30000 -70.91
219.35000 -70.89
219.40000 -70.88
219.45000 -70.89
219.50000 -70.87
219.55000 -70.86
219.60000 -70.84
219.65000 -70.82
219.70000 -70.80
219.75000 -70.79
219.80000 -70.75
219.85000 -70.75
219.90000 -70.76
219.95000 -70.71
220.00000 -70.72
220.05000 -70.74
220.10000 -70.72
220.15000 -70.70
220.20000 -70.73
220.25000 -70.75
220.30000 -70.76
220.35000 -70.76
220.40000 -70.78
220.45000 -70.82
220.50000 -70.83
220.55000 -70.86
220.60000 -70.86
220.65000 -70.88
220.70000 -70.91
220.75000 -70.92
220.80000 -70.92
220.85000 -70.89
220.90000 -70.91
220.95000 -70.90
221.00000 -70.93
221.05000 -70.92
221.10000 -70.92
221.15000 -70.94
221.20000 -70.94
221.25000 -70.92
221.30000 -70.93
221.35000 -70.92
221.40000 -70.93
221.45000 -70.95
221.50000 -70.93
221.55000 -70.92
221.60000 -70.90
221.65000 -70.87
221.70000 -70.86
221.75000 -70.84
221.80000 -70.84
221.85000 -70.82
221.90000 -70.81
221.95000 -70.80
222.00000 -70.82
222.05000 -70.80
222.10000 -70.80
222.15000 -70.83
222.20000 -70.82
222.25000 -70.84
222.30000 -70.84
222.35000 -70.84
222.40000 -70.83
222.45000 -70.84
222.50000 -70.84
222.55000 -70.86
222.60000 -70.87
222.65000 -70.89
222.70000 -70.92
222.75000 -70.93
222.80000 -70.93
222.85000 -70.96
222.90000 -70.98
222.95000 -70.98
223.00000 -71.01
223.05000 -71.03
223.10000 -71.04
223.15000 -71.04
223.20000 -71.02
223.25000 -71.05
223.30000 -71.06
223.35000 -71.07
223.40000 -71.07
223.45000 -71.10
223.50000 -71.09
223.55000 -71.11
223.60000 -71.12
223.65000 -71.14
223.70000 -71.14
223.75000 -71.13
223.80000 -71.14
223.85000 -71.14
223.90000 -71.12
223.95000 -71.14
224.00000 -71.12
224.05000 -71.12
224.10000 -71.09
224.15000 -71.08
224.20000 -71.07
224.25000 -71.03
224.30000 -71.02
224.35000 -70.99
224.40000 -71.03
224.45000 -71.01
224.50000 -70.99
224.55000 -71.00
224.60000 -71.00
224.65000 -71.01
224.70000 -71.03
224.75000 -71.02
224.80000 -71.03
224.85000 -71.03
224.90000 -71.03
224.95000 -71.01
225.00000 -70.99
225.05000 -71.00
225.10000 -71.00
225.15000 -70.98
225.20000 -70.99
225.25000 -70.99
225.30000 -70.99
225.35000 -71.01
225.40000 -71.00
225.45000 -71.00
225.50000 -70.98
225.55000 -70.99
225.60000 -71.01
225.65000 -71.00
225.70000 -71.00
225.75000 -71.01
225.80000 -71.01
225.85000 -71.03
225.90000 -71.03
225.95000 -71.04
226.00000 -71.05
226.05000 -71.07
226.10000 -71.10
226.15000 -71.14
226.20000 -71.14
226.25000 -71.16
226.30000 -71.15
226.35000 -71.15
226.40000 -71.17
226.45000 -71.18
226.50000 -71.19
226.55000 -71.19
226.60000 -71.19
226.65000 -71.17
226.70000 -71.17
226.75000 -71.18
226.80000 -71.20
226.85000 -71.20
226.90000 -71.20
226.95000 -71.19
227.00000 -71.20
227.05000 -71.21
227.10000 -71.20
227.15000 -71.20
227.20000 -71.22
227.25000 -71.22
227.30000 -71.23
227.35000 -71.22
227.40000 -71.22
227.45000 -71.24
227.50000 -71.24
227.55000 -71.26
227.60000 -71.26
227.65000 -71.26
227.70000 -71.27
227.75000 -71.28
227.80000 -71.29
227.85000 -71.29
227.90000 -71.27
227.95000 -71.28
228.00000 -71.25
228.05000 -71.26
228.10000 -71.22
228.15000 -71.22
228.20000 -71.22
228.25000 -71.21
228.30000 -71.21
228.35000 -71.22
228.40000 -71.21
228.45000 -71.20
228.50000 -71.18
228.55000 -71.17
228.60000 -71.14
228.65000 -71.14
228.70000 -71.11
228.75000 -71.10
228.80000 -71.10
228.85000 -71.09
228.90000 -71.09
228.95000 -71.09
229.00000 -71.09
229.05000 -71.14
229.10000 -71.13
229.15000 -71.15
229.20000 -71.15
229.25000 -71.15
229.30000 -71.16
229.35000 -71.18
229.40000 -71.20
229.45000 -71.22
229.50000 -71.23
229.55000 -71.22
229.60000 -71.24
229.65000 -71.25
229.70000 -71.27
229.75000 -71.28
229.80000 -71.29
229.85000 -71.31
229.90000 -71.33
229.95000 -71.34
230.00000 -71.38
230.05000 -71.39
230.10000 -71.40
230.15000 -71.41
230.20000 -71.42
230.25000 -71.43
230.30000 -71.42
230.35000 -71.44
230.40000 -71.42
230.45000 -71.41
230.50000 -71.41
230.55000 -71.39
230.60000 -71.37
230.65000 -71.36
230.70000 -71.33
230.75000 -71.33
230.80000 -71.33
230.85000 -71.34
230.90000 -71.34
230.95000 -71.34
231.00000 -71.33
231.05000 -71.32
231.10000 -71.34
231.15000 -71.32
231.20000 -71.33
231.25000 -71.31
231.30000 -71.31
231.35000 -71.32
231.40000 -71.29
231.45000 -71.29
231.50000 -71.29
231.55000 -71.28
231.60000 -71.31
231.65000 -71.29
231.70000 -71.28
231.75000 -71.30
231.80000 -71.31
231.85000 -71.31
231.90000 -71.30
231.95000 -71.31
232.00000 -71.28
232.05000 -71.26
232.10000 -71.25
232.15000 -71.25
232.20000 -71.25
232.25000 -71.23
232.30000 -71.21
232.35000 -71.20
232.40000 -71.19
232.45000 -71.19
232.50000 -71.19
232.55000 -71.18
232.60000 -71.18
232.65000 -71.18
232.70000 -71.16
232.75000 -71.16
232.80000 -71.15
232.85000 -71.13
232.90000 -71.13
232.95000 -71.10
233.00000 -71.10
233.05000 -71.08
233.10000 -71.07
233.15000 -71.09
233.20000 -71.08
233.25000 -71.10
233.30000 -71.10
233.35000 -71.09
233.40000 -71.08
233.45000 -71.09
233.50000 -71.08
233.55000 -71.09
233.60000 -71.10
233.65000 -71.12
233.70000 -71.13
233.75000 -71.12
233.80000 -71.15
233.85000 -71.14
233.90000 -71.14
233.95000 -71.14
234.00000 -71.13
234.05000 -71.14
234.10000 -71.15
234.15000 -71.16
234.20000 -71.15
234.25000 -71.16
234.30000 -71.17
234.35000 -71.15
234.40000 -71.15
234.45000 -71.14
234.50000 -71.13
234.55000 -71.12
234.60000 -71.12
234.65000 -71.10
234.70000 -71.10
234.75000 -71.07
234.80000 -71.07
234.85000 -71.06
234.90000 -71.04
234.95000 -71.07
235.00000 -71.09
235.05000 -71.08
235.10000 -71.08
235.15000 -71.10
235.20000 -71.10
235.25000 -71.12
235.30000 -71.12
235.35000 -71.12
235.40000 -71.14
235.45000 -71.11
235.50000 -71.11
235.55000 -71.09
235.60000 -71.10
235.65000 -71.10
235.70000 -71.08
235.75000 -71.08
235.80000 -71.10
235.85000 -71.09
235.90000 -71.09
235.95000 -71.09
236.00000 -71.11
236.05000 -71.09
236.10000 -71.12
236.15000 -71.11
236.20000 -71.12
236.25000 -71.10
236.30000 -71.11
236.35000 -71.09
236.40000 -71.08
236.45000 -71.08
236.50000 -71.07
236.55000 -71.06
236.60000 -71.06
236.65000 -71.08
236.70000 -71.08
236.75000 -71.07
236.80000 -71.07
236.85000 -71.06
236.90000 -71.08
236.95000 -71.07
237.00000 -71.12
237.05000 -71.13
237.10000 -71.13
237.15000 -71.13
237.20000 -71.17
237.25000 -71.16
237.30000 -71.16
237.35000 -71.16
237.40000 -71.15
237.45000 -71.16
237.50000 -71.16
237.55000 -71.16
237.60000 -71.14
237.65000 -71.17
237.70000 -71.17
237.75000 -71.19
237.80000 -71.17
237.85000 -71.17
237.90000 -71.19
237.95000 -71.19
238.00000 -71.18
238.05000 -71.16
238.10000 -71.18
238.15000 -71.16
238.20000 -71.18
238.25000 -71.16
238.30000 -71.13
238.35000 -71.14
238.40000 -71.13
238.45000 -71.13
238.50000 -71.15
238.55000 -71.13
238.60000 -71.13
238.65000 -71.16
238.70000 -71.19
238.75000 -71.20
238.80000 -71.20
238.85000 -71.21
238.90000 -71.22
238.95000 -71.23
239.00000 -71.25
239.05000 -71.25
239.10000 -71.24
239.15000 -71.24
239.20000 -71.23
239.25000 -71.26
239.30000 -71.27
239.35000 -71.25
239.40000 -71.27
239.45000 -71.26
239.50000 -71.27
239.55000 -71.24
239.60000 -71.26
239.65000 -71.24
239.70000 -71.25
239.75000 -71.24
239.80000 -71.25
239.85000 -71.25
239.90000 -71.25
239.95000 -71.27
240.00000 -71.28
240.05000 -71.29
240.10000 -71.27
240.15000 -71.28
240.20000 -71.30
240.25000 -71.30
240.30000 -71.32
240.35000 -71.32
240.40000 -71.32
240.45000 -71.30
240.50000 -71.32
240.55000 -71.31
240.60000 -71.30
240.65000 -71.28
240.70000 -71.27
240.75000 -71.24
240.80000 -71.25
240.85000 -71.25
240.90000 -71.22
240.95000 -71.23
241.00000 -71.26
241.05000 -71.24
241.10000 -71.25
241.15000 -71.24
241.20000 -71.26
241.25000 -71.26
241.30000 -71.29
241.35000 -71.29
241.40000 -71.27
241.45000 -71.26
241.50000 -71.25
241.55000 -71.24
241.60000 -71.21
241.65000 -71.19
241.70000 -71.18
241.75000 -71.19
241.80000 -71.15
241.85000 -71.15
241.90000 -71.16
241.95000 -71.17
242.00000 -71.17
242.05000 -71.19
242.10000 -71.17
242.15000 -71.19
242.20000 -71.21
242.25000 -71.19
242.30000 -71.16
242.35000 -71.16
242.40000 -71.16
242.45000 -71.13
242.50000 -71.12
242.55000 -71.13
242.60000 -71.10
242.65000 -71.08
242.70000 -71.07
242.75000 -71.03
242.80000 -71.02
242.85000 -71.03
242.90000 -71.00
242.95000 -71.00
243.00000 -71.00
243.05000 -70.99
243.10000 -70.99
243.15000 -71.00
243.20000 -70.99
243.25000 -70.99
243.30000 -71.01
243.35000 -71.00
243.40000 -70.99
243.45000 -70.99
243.50000 -70.98
243.55000 -70.98
243.60000 -70.96
243.65000 -70.95
243.70000 -70.93
243.75000 -70.94
243.80000 -70.94
243.85000 -70.95
243.90000 -70.96
243.95000 -70.98
244.00000 -71.01
244.05000 -70.99
244.10000 -70.98
244.15000 -70.97
244.20000 -70.98
244.25000 -70.97
244.30000 -70.97
244.35000 -70.96
244.40000 -70.97
244.45000 -70.93
244.50000 -70.94
244.55000 -70.94
244.60000 -70.95
244.65000 -70.97
244.70000 -70.96
244.75000 -71.00
244.80000 -71.01
244.85000 -71.03
244.90000 -71.05
244.95000 -71.06
245.00000 -71.07
245.05000 -71.06
245.10000 -71.08
245.15000 -71.08
245.20000 -71.07
245.25000 -71.07
245.30000 -71.08
245.35000 -71.10
245.40000 -71.10
245.45000 -71.11
245.50000 -71.10
245.55000 -71.11
245.60000 -71.10
245.65000 -71.10
245.70000 -71.08
245.75000 -71.10
245.80000 -71.11
245.85000 -71.13
245.90000 -71.11
245.95000 -71.15
246.00000 -71.14
246.05000 -71.14
246.10000 -71.13
246.15000 -71.12
246.20000 -71.11
246.25000 -71.12
246.30000 -71.10
246.35000 -71.09
246.40000 -71.08
246.45000 -71.09
246.50000 -71.09
246.55000 -71.07
246.60000 -71.06
246.65000 -71.05
246.70000 -71.05
246.75000 -71.05
246.80000 -71.05
246.85000 -71.06
246.90000 -71.06
246.95000 -71.07
247.00000 -71.06
247.05000 -71.06
247.10000 -71.08
247.15000 -71.09
247.20000 -71.07
247.25000 -71.09
247.30000 -71.10
247.35000 -71.10
247.40000 -71.08
247.45000 -71.11
247.50000 -71.09
247.55000 -71.12
247.60000 -71.12
247.65000 -71.11
247.70000 -71.12
247.75000 -71.15
247.80000 -71.16
247.85000 -71.15
247.90000 -71.15
247.95000 -71.14
248.00000 -71.15
248.05000 -71.15
248.10000 -71.16
248.15000 -71.17
248.20000 -71.17
248.25000 -71.17
248.30000 -71.16
248.35000 -71.19
248.40000 -71.19
248.45000 -71.21
248.50000 -71.23
248.55000 -71.24
248.60000 -71.25
248.65000 -71.24
248.70000 -71.22
248.75000 -71.24
248.80000 -71.24
248.85000 -71.26
248.90000 -71.25
248.95000 -71.26
249.00000 -71.27
249.05000 -71.26
249.10000 -71.26
249.15000 -71.27
249.20000 -71.27
249.25000 -71.27
249.30000 -71.29
249.35000 -71.30
249.40000 -71.29
249.45000 -71.29
249.50000 -71.31
249.55000 -71.28
249.60000 -71.30
249.65000 -71.28
249.70000 -71.28
249.75000 -71.27
249.80000 -71.24
249.85000 -71.24
249.90000 -71.23
249.95000 -71.21
250.00000 -71.21
250.05000 -71.21
250.10000 -71.45
250.15000 -71.71
250.20000 -71.51
250.25000 -71.64
250.30000 -71.76
250.35000 -71.89
250.40000 -71.98
250.45000 -72.05
250.50000 -72.13
250.55000 -72.23
250.60000 -72.31
250.65000 -72.37
250.70000 -72.44
250.75000 -72.47
250.80000 -72.54
250.85000 -72.62
250.90000 -72.69
250.95000 -72.74
251.00000 -72.75
251.05000 -72.81
251.10000 -72.84
251.15000 -72.89
251.20000 -72.91
251.25000 -72.93
251.30000 -72.94
251.35000 -72.95
251.40000 -72.98
251.45000 -72.96
251.50000 -72.96
251.55000 -72.94
251.60000 -72.93
251.65000 -72.92
251.70000 -72.90
251.75000 -72.91
251.80000 -72.92
251.85000 -72.94
251.90000 -72.96
251.95000 -72.97
252.00000 -72.99
252.05000 -73.00
252.10000 -73.00
252.15000 -73.03
252.20000 -73.06
252.25000 -73.07
252.30000 -73.07
252.35000 -73.06
252.40000 -73.07
252.45000 -73.10
252.50000 -73.11
252.55000 -73.12
252.60000 -73.13
252.65000 -73.16
252.70000 -73.18
252.75000 -73.20
252.80000 -73.21
252.85000 -73.24
252.90000 -73.24
252.95000 -73.24
253.00000 -73.28
253.05000 -73.27
253.10000 -73.29
253.15000 -73.32
253.20000 -73.32
253.25000 -73.32
253.30000 -73.31
253.35000 -73.33
253.40000 -73.34
253.45000 -73.36
253.50000 -73.36
253.55000 -73.40
253.60000 -73.41
253.65000 -73.39
253.70000 -73.42
253.75000 -73.41
253.80000 -73.39
253.85000 -73.39
253.90000 -73.40
253.95000 -73.35
254.00000 -73.36
254.05000 -73.36
254.10000 -73.37
254.15000 -73.36
254.20000 -73.35
254.25000 -73.37
254.30000 -73.37
254.35000 -73.38
254.40000 -73.38
254.45000 -73.39
254.50000 -73.39
254.55000 -73.41
254.60000 -73.42
254.65000 -73.44
254.70000 -73.43
254.75000 -73.43
254.80000 -73.44
254.85000 -73.42
254.90000 -73.42
254.95000 -73.43
255.00000 -73.42
255.05000 -73.43
255.10000 -73.42
255.15000 -73.41
255.20000 -73.37
255.25000 -73.39
255.30000 -73.37
255.35000 -73.36
255.40000 -73.38
255.45000 -73.36
255.50000 -73.35
255.55000 -73.36
255.60000 -73.38
255.65000 -73.39
255.70000 -73.40
255.75000 -73.40
255.80000 -73.41
255.85000 -73.41
255.90000 -73.39
255.95000 -73.41
256.00000 -73.39
256.05000 -73.39
256.10000 -73.37
256.15000 -73.37
256.20000 -73.36
256.25000 -73.37
256.30000 -73.38
256.35000 -73.38
256.40000 -73.38
256.45000 -73.37
256.50000 -73.36
256.55000 -73.38
256.60000 -73.37
256.65000 -73.37
256.70000 -73.37
256.75000 -73.37
256.80000 -73.36
256.85000 -73.36
256.90000 -73.34
256.95000 -73.31
257.00000 -73.30
257.05000 -73.26
257.10000 -73.21
257.15000 -73.19
257.20000 -73.12
257.25000 -73.10
257.30000 -73.08
257.35000 -73.07
257.40000 -73.06
257.45000 -73.07
257.50000 -73.06
257.55000 -73.10
257.60000 -73.11
257.65000 -73.12
257.70000 -73.14
257.75000 -73.14
257.80000 -73.15
257.85000 -73.15
257.90000 -73.13
257.95000 -73.14
258.00000 -73.12
258.05000 -73.13
258.10000 -73.11
258.15000 -73.10
258.20000 -73.11
258.25000 -73.08
258.30000 -73.10
258.35000 -73.08
258.40000 -73.09
258.45000 -73.11
258.50000 -73.14
258.55000 -73.17
258.60000 -73.18
258.65000 -73.18
258.70000 -73.20
258.75000 -73.22
258.80000 -73.23
258.85000 -73.25
258.90000 -73.27
258.95000 -73.28
259.00000 -73.30
259.05000 -73.32
259.10000 -73.34
259.15000 -73.35
259.20000 -73.35
259.25000 -73.36
259.30000 -73.39
259.35000 -73.38
259.40000 -73.37
259.45000 -73.37
259.50000 -73.37
259.55000 -73.39
259.60000 -73.39
259.65000 -73.40
259.70000 -73.41
259.75000 -73.41
259.80000 -73.41
259.85000 -73.41
259.90000 -73.42
259.95000 -73.40
260.00000 -73.41
260.05000 -73.40
260.10000 -73.39
260.15000 -73.37
260.20000 -73.36
260.25000 -73.38
260.30000 -73.36
260.35000 -73.31
260.40000 -73.31
260.45000 -73.30
260.50000 -73.29
260.55000 -73.29
260.60000 -73.29
260.65000 -73.33
260.70000 -73.30
260.75000 -73.32
260.80000 -73.34
260.85000 -73.34
260.90000 -73.33
260.95000 -73.35
261.00000 -73.35
261.05000 -73.35
261.10000 -73.36
261.15000 -73.34
261.20000 -73.36
261.25000 -73.37
261.30000 -73.36
261.35000 -73.37
261.40000 -73.37
261.45000 -73.37
261.50000 -73.38
261.55000 -73.37
261.60000 -73.38
261.65000 -73.38
261.70000 -73.39
261.75000 -73.40
261.80000 -73.38
261.85000 -73.39
261.90000 -73.39
261.95000 -73.37
262.00000 -73.38
262.05000 -73.37
262.10000 -73.33
262.15000 -73.32
262.20000 -73.28
262.25000 -73.27
262.30000 -73.26
262.35000 -73.25
262.40000 -73.24
262.45000 -73.23
262.50000 -73.24
262.55000 -73.23
262.60000 -73.23
262.65000 -73.22
262.70000 -73.21
262.75000 -73.23
262.80000 -73.24
262.85000 -73.27
262.90000 -73.28
262.95000 -73.29
263.00000 -73.30
263.05000 -73.33
263.10000 -73.32
263.15000 -73.34
263.20000 -73.35
263.25000 -73.37
263.30000 -73.38
263.35000 -73.42
263.40000 -73.41
263.45000 -73.41
263.50000 -73.45
263.55000 -73.45
263.60000 -73.45
263.65000 -73.44
263.70000 -73.43
263.75000 -73.41
263.80000 -73.38
263.85000 -73.34
263.90000 -73.29
263.95000 -73.24
264.00000 -73.22
264.05000 -73.19
264.10000 -73.17
264.15000 -73.16
264.20000 -73.14
264.25000 -73.14
264.30000 -73.14
264.35000 -73.15
264.40000 -73.11
264.45000 -73.13
264.50000 -73.13
264.55000 -73.12
264.60000 -73.08
264.65000 -73.08
264.70000 -73.07
264.75000 -73.03
264.80000 -73.02
264.85000 -73.01
264.90000 -73.02
264.95000 -73.01
265.00000 -73.02
265.05000 -73.04
265.10000 -73.04
265.15000 -73.06
265.20000 -73.05
265.25000 -73.06
265.30000 -73.10
265.35000 -73.09
265.40000 -73.10
265.45000 -73.10
265.50000 -73.10
265.55000 -73.11
265.60000 -73.10
265.65000 -73.12
265.70000 -73.14
265.75000 -73.11
265.80000 -73.15
265.85000 -73.16
265.90000 -73.18
265.95000 -73.16
266.00000 -73.15
266.05000 -73.17
266.10000 -73.17
266.15000 -73.17
266.20000 -73.17
266.25000 -73.19
266.30000 -73.17
266.35000 -73.19
266.40000 -73.17
266.45000 -73.18
266.50000 -73.17
266.55000 -73.16
266.60000 -73.13
266.65000 -73.13
266.70000 -73.11
266.75000 -73.11
266.80000 -73.09
266.85000 -73.08
266.90000 -73.06
266.95000 -73.05
267.00000 -73.04
267.05000 -73.04
267.10000 -73.01
267.15000 -73.01
267.20000 -72.99
267.25000 -72.98
267.30000 -73.00
267.35000 -73.01
267.40000 -73.03
267.45000 -73.06
267.50000 -73.08
267.55000 -73.10
267.60000 -73.09
267.65000 -73.11
267.70000 -73.13
267.75000 -73.13
267.80000 -73.12
267.85000 -73.12
267.90000 -73.10
267.95000 -73.09
268.00000 -73.10
268.05000 -73.10
268.10000 -73.12
268.15000 -73.10
268.20000 -73.09
268.25000 -73.08
268.30000 -73.11
268.35000 -73.10
268.40000 -73.10
268.45000 -73.07
268.50000 -73.07
268.55000 -73.05
268.60000 -73.06
268.65000 -73.05
268.70000 -73.07
268.75000 -73.06
268.80000 -73.07
268.85000 -73.09
268.90000 -73.10
268.95000 -73.11
269.00000 -73.10
269.05000 -73.13
269.10000 -73.13
269.15000 -73.14
269.20000 -73.16
269.25000 -73.16
269.30000 -73.16
269.35000 -73.19
269.40000 -73.20
269.45000 -73.23
269.50000 -73.24
269.55000 -73.24
269.60000 -73.23
269.65000 -73.24
269.70000 -73.25
269.75000 -73.25
269.80000 -73.24
269.85000 -73.25
269.90000 -73.25
269.95000 -73.23
270.00000 -73.22
270.05000 -73.24
270.10000 -73.23
270.15000 -73.24
270.20000 -73.25
270.25000 -73.27
270.30000 -73.29
270.35000 -73.29
270.40000 -73.29
270.45000 -73.30
270.50000 -73.32
270.55000 -73.31
270.60000 -73.32
270.65000 -73.33
270.70000 -73.32
270.75000 -73.32
270.80000 -73.30
270.85000 -73.30
270.90000 -73.27
270.95000 -73.27
271.00000 -73.26
271.05000 -73.27
271.10000 -73.28
271.15000 -73.29
271.20000 -73.30
271.25000 -73.27
271.30000 -73.28
271.35000 -73.30
271.40000 -73.28
271.45000 -73.28
271.50000 -73.28
271.55000 -73.26
271.60000 -73.27
271.65000 -73.25
271.70000 -73.24
271.75000 -73.22
271.80000 -73.22
271.85000 -73.23
271.90000 -73.23
271.95000 -73.23
272.00000 -73.24
272.05000 -73.24
272.10000 -73.24
272.15000 -73.24
272.20000 -73.22
272.25000 -73.19
272.30000 -73.19
272.35000 -73.20
272.40000 -73.20
272.45000 -73.20
272.50000 -73.20
272.55000 -73.20
272.60000 -73.19
272.65000 -73.19
272.70000 -73.21
272.75000 -73.22
272.80000 -73.24
272.85000 -73.22
272.90000 -73.25
272.95000 -73.25
273.00000 -73.25
273.05000 -73.24
273.10000 -73.24
273.15000 -73.24
273.20000 -73.23
273.25000 -73.25
273.30000 -73.26
273.35000 -73.25
273.40000 -73.25
273.45000 -73.27
273.50000 -73.27
273.55000 -73.29
273.60000 -73.31
273.65000 -73.33
273.70000 -73.32
273.75000 -73.33
273.80000 -73.32
273.85000 -73.31
273.90000 -73.34
273.95000 -73.33
274.00000 -73.32
274.05000 -73.32
274.10000 -73.30
274.15000 -73.31
274.20000 -73.29
274.25000 -73.26
274.30000 -73.23
274.35000 -73.18
274.40000 -73.17
274.45000 -73.13
274.50000 -73.11
274.55000 -73.11
274.60000 -73.11
274.65000 -73.13
274.70000 -73.10
274.75000 -73.13
274.80000 -73.12
274.85000 -73.14
274.90000 -73.16
274.95000 -73.17
275.00000 -73.17
275.05000 -73.18
275.10000 -73.21
275.15000 -73.21
275.20000 -73.19
275.25000 -73.18
275.30000 -73.19
275.35000 -73.16
275.40000 -73.15
275.45000 -73.17
275.50000 -73.15
275.55000 -73.14
275.60000 -73.16
275.65000 -73.16
275.70000 -73.15
275.75000 -73.15
275.80000 -73.16
275.85000 -73.16
275.90000 -73.16
275.95000 -73.20
276.00000 -73.19
276.05000 -73.22
276.10000 -73.22
276.15000 -73.19
276.20000 -73.21
276.25000 -73.23
276.30000 -73.21
276.35000 -73.23
276.40000 -73.25
276.45000 -73.23
276.50000 -73.24
276.55000 -73.25
276.60000 -73.24
276.65000 -73.23
276.70000 -73.24
276.75000 -73.22
276.80000 -73.20
276.85000 -73.17
276.90000 -73.19
276.95000 -73.20
277.00000 -73.17
277.05000 -73.17
277.10000 -73.17
277.15000 -73.19
277.20000 -73.17
277.25000 -73.17
277.30000 -73.19
277.35000 -73.21
277.40000 -73.22
277.45000 -73.24
277.50000 -73.26
277.55000 -73.25
277.60000 -73.29
277.65000 -73.30
277.70000 -73.31
277.75000 -73.33
277.80000 -73.34
277.85000 -73.35
277.90000 -73.34
277.95000 -73.34
278.00000 -73.38
278.05000 -73.37
278.10000 -73.39
278.15000 -73.40
278.20000 -73.39
278.25000 -73.36
278.30000 -73.36
278.35000 -73.34
278.40000 -73.34
278.45000 -73.33
278.50000 -73.33
278.55000 -73.33
278.60000 -73.31
278.65000 -73.32
278.70000 -73.34
278.75000 -73.33
278.80000 -73.34
278.85000 -73.34
278.90000 -73.31
278.95000 -73.32
279.00000 -73.31
279.05000 -73.33
279.10000 -73.35
279.15000 -73.35
279.20000 -73.35
279.25000 -73.37
279.30000 -73.37
279.35000 -73.37
279.40000 -73.39
279.45000 -73.39
279.50000 -73.42
279.55000 -73.41
279.60000 -73.42
279.65000 -73.44
279.70000 -73.43
279.75000 -73.44
279.80000 -73.44
279.85000 -73.47
279.90000 -73.49
279.95000 -73.47
280.00000 -73.46
280.05000 -73.47
280.10000 -73.45
280.15000 -73.45
280.20000 -73.44
280.25000 -73.42
280.30000 -73.40
280.35000 -73.38
280.40000 -73.38
280.45000 -73.37
280.50000 -73.37
280.55000 -73.35
280.60000 -73.34
280.65000 -73.32
280.70000 -73.35
280.75000 -73.34
280.80000 -73.33
280.85000 -73.30
280.90000 -73.31
280.95000 -73.29
281.00000 -73.28
281.05000 -73.28
281.10000 -73.27
281.15000 -73.27
281.20000 -73.24
281.25000 -73.24
281.30000 -73.24
281.35000 -73.24
281.40000 -73.24
281.45000 -73.24
281.50000 -73.23
281.55000 -73.22
281.60000 -73.20
281.65000 -73.20
281.70000 -73.22
281.75000 -73.21
281.80000 -73.22
281.85000 -73.26
281.90000 -73.25
281.95000 -73.26
282.00000 -73.26
282.05000 -73.27
282.10000 -73.30
282.15000 -73.33
282.20000 -73.30
282.25000 -73.31
282.30000 -73.32
282.35000 -73.31
282.40000 -73.32
282.45000 -73.31
282.50000 -73.32
282.55000 -73.31
282.60000 -73.27
282.65000 -73.26
282.70000 -73.23
282.75000 -73.21
282.80000 -73.18
282.85000 -73.16
282.90000 -73.14
282.95000 -73.13
283.00000 -73.15
283.05000 -73.14
283.10000 -73.14
283.15000 -73.15
283.20000 -73.13
283.25000 -73.13
283.30000 -73.12
283.35000 -73.12
283.40000 -73.11
283.45000 -73.08
283.50000 -73.09
283.55000 -73.09
283.60000 -73.07
283.65000 -73.08
283.70000 -73.08
283.75000 -73.09
283.80000 -73.11
283.85000 -73.11
283.90000 -73.11
283.95000 -73.13
284.00000 -73.16
284.05000 -73.15
284.10000 -73.18
284.15000 -73.20
284.20000 -73.17
284.25000 -73.19
284.30000 -73.21
284.35000 -73.22
284.40000 -73.20
284.45000 -73.20
284.50000 -73.20
284.55000 -73.19
284.60000 -73.22
284.65000 -73.25
284.70000 -73.23
284.75000 -73.24
284.80000 -73.25
284.85000 -73.24
284.90000 -73.22
284.95000 -73.20
285.00000 -73.17
285.05000 -73.16
285.10000 -73.17
285.15000 -73.16
285.20000 -73.15
285.25000 -73.17
285.30000 -73.18
285.35000 -73.16
285.40000 -73.20
285.45000 -73.21
285.50000 -73.20
285.55000 -73.23
285.60000 -73.26
285.65000 -73.25
285.70000 -73.28
285.75000 -73.26
285.80000 -73.26
285.85000 -73.27
285.90000 -73.27
285.95000 -73.28
286.00000 -73.30
286.05000 -73.31
286.10000 -73.29
286.15000 -73.33
286.20000 -73.32
286.25000 -73.32
286.30000 -73.31
286.35000 -73.34
286.40000 -73.33
286.45000 -73.34
286.50000 -73.35
286.55000 -73.36
286.60000 -73.35
286.65000 -73.35
286.70000 -73.35
286.75000 -73.33
286.80000 -73.32
286.85000 -73.33
286.90000 -73.32
286.95000 -73.30
287.00000 -73.30
287.05000 -73.31
287.10000 -73.32
287.15000 -73.30
287.20000 -73.30
287.25000 -73.33
287.30000 -73.35
287.35000 -73.33
287.40000 -73.35
287.45000 -73.35
287.50000 -73.36
287.55000 -73.38
287.60000 -73.36
287.65000 -73.36
287.70000 -73.36
287.75000 -73.36
287.80000 -73.35
287.85000 -73.34
287.90000 -73.32
287.95000 -73.31
288.00000 -73.31
288.05000 -73.33
288.10000 -73.31
288.15000 -73.31
288.20000 -73.32
288.25000 -73.29
288.30000 -73.30
288.35000 -73.29
288.40000 -73.30
288.45000 -73.29
288.50000 -73.28
288.55000 -73.28
288.60000 -73.28
288.65000 -73.26
288.70000 -73.27
288.75000 -73.26
288.80000 -73.24
288.85000 -73.25
288.90000 -73.25
288.95000 -73.24
289.00000 -73.23
289.05000 -73.23
289.10000 -73.24
289.15000 -73.22
289.20000 -73.23
289.25000 -73.22
289.30000 -73.22
289.35000 -73.18
289.40000 -73.17
289.45000 -73.16
289.50000 -73.12
289.55000 -73.11
289.60000 -73.10
289.65000 -73.08
289.70000 -73.08
289.75000 -73.06
289.80000 -73.08
289.85000 -73.07
289.90000 -73.08
289.95000 -73.08
290.00000 -73.08
290.05000 -73.09
290.10000 -73.09
290.15000 -73.09
290.20000 -73.09
290.25000 -73.13
290.30000 -73.12
290.35000 -73.14
290.40000 -73.14
290.45000 -73.14
290.50000 -73.14
290.55000 -73.15
290.60000 -73.14
290.65000 -73.14
290.70000 -73.12
290.75000 -73.11
290.80000 -73.11
290.85000 -73.09
290.90000 -73.10
290.95000 -73.13
291.00000 -73.12
291.05000 -73.13
291.10000 -73.16
291.15000 -73.17
291.20000 -73.21
291.25000 -73.21
291.30000 -73.23
291.35000 -73.22
291.40000 -73.22
291.45000 -73.22
291.50000 -73.22
291.55000 -73.23
291.60000 -73.22
291.65000 -73.22
291.70000 -73.22
291.75000 -73.19
291.80000 -73.21
291.85000 -73.18
291.90000 -73.17
291.95000 -73.14
292.00000 -73.12
292.05000 -73.11
292.10000 -73.10
292.15000 -73.10
292.20000 -73.10
292.25000 -73.09
292.30000 -73.11
292.35000 -73.10
292.40000 -73.10
292.45000 -73.10
292.50000 -73.09
292.55000 -73.10
292.60000 -73.12
292.65000 -73.14
292.70000 -73.13
292.75000 -73.12
292.80000 -73.13
292.85000 -73.10
292.90000 -73.11
292.95000 -73.11
293.00000 -73.13
293.05000 -73.14
293.10000 -73.15
293.15000 -73.15
293.20000 -73.17
293.25000 -73.19
293.30000 -73.20
293.35000 -73.23
293.40000 -73.23
293.45000 -73.20
293.50000 -73.20
293.55000 -73.19
293.60000 -73.21
293.65000 -73.22
293.70000 -73.22
293.75000 -73.24
293.80000 -73.25
293.85000 -73.27
293.90000 -73.28
293.95000 -73.28
294.00000 -73.27
294.05000 -73.29
294.10000 -73.30
294.15000 -73.31
294.20000 -73.31
294.25000 -73.30
294.30000 -73.30
294.35000 -73.29
294.40000 -73.28
294.45000 -73.26
294.50000 -73.26
294.55000 -73.29
294.60000 -73.25
294.65000 -73.24
294.70000 -73.25
294.75000 -73.22
294.80000 -73.22
294.85000 -73.22
294.90000 -73.21
294.95000 -73.21
295.00000 -73.19
295.05000 -73.21
295.10000 -73.22
295.15000 -73.22
295.20000 -73.25
295.25000 -73.24
295.30000 -73.24
295.35000 -73.25
295.40000 -73.26
295.45000 -73.26
295.50000 -73.26
295.55000 -73.26
295.60000 -73.27
295.65000 -73.28
295.70000 -73.30
295.75000 -73.29
295.80000 -73.30
295.85000 -73.33
295.90000 -73.33
295.95000 -73.35
296.00000 -73.37
296.05000 -73.39
296.10000 -73.38
296.15000 -73.40
296.20000 -73.40
296.25000 -73.42
296.30000 -73.39
296.35000 -73.39
296.40000 -73.36
296.45000 -73.35
296.50000 -73.35
296.55000 -73.32
296.60000 -73.32
296.65000 -73.30
296.70000 -73.28
296.75000 -73.29
296.80000 -73.29
296.85000 -73.28
296.90000 -73.29
296.95000 -73.29
297.00000 -73.30
297.05000 -73.32
297.10000 -73.32
297.15000 -73.34
297.20000 -73.33
297.25000 -73.33
297.30000 -73.35
297.35000 -73.34
297.40000 -73.35
297.45000 -73.36
297.50000 -73.38
297.55000 -73.38
297.60000 -73.39
297.65000 -73.39
297.70000 -73.41
297.75000 -73.39
297.80000 -73.39
297.85000 -73.40
297.90000 -73.39
297.95000 -73.40
298.00000 -73.38
298.05000 -73.37
298.10000 -73.39
298.15000 -73.38
298.20000 -73.39
298.25000 -73.37
298.30000 -73.38
298.35000 -73.38
298.40000 -73.37
298.45000 -73.37
298.50000 -73.35
298.55000 -73.33
298.60000 -73.30
298.65000 -73.27
298.70000 -73.27
298.75000 -73.26
298.80000 -73.23
298.85000 -73.22
298.90000 -73.24
298.95000 -73.23
299.00000 -73.22
299.05000 -73.22
299.10000 -73.23
299.15000 -73.24
299.20000 -73.24
299.25000 -73.24
299.30000 -73.25
299.35000 -73.27
299.40000 -73.27
299.45000 -73.27
299.50000 -73.27
299.55000 -73.29
299.60000 -73.27
299.65000 -73.30
299.70000 -73.31
299.75000 -73.29
299.80000 -73.30
299.85000 -73.29
299.90000 -73.27
299.95000 -73.26
300.00000 -73.28
300.05000 -73.29
300.10000 -73.01
300.15000 -72.72
300.20000 -72.92
300.25000 -72.74
300.30000 -72.61
300.35000 -72.50
300.40000 -72.40
300.45000 -72.30
300.50000 -72.22
300.55000 -72.13
300.60000 -72.08
300.65000 -71.99
300.70000 -71.93
300.75000 -71.86
300.80000 -71.81
300.85000 -71.75
300.90000 -71.72
300.95000 -71.67
301.00000 -71.65
301.05000 -71.61
301.10000 -71.59
301.15000 -71.56
301.20000 -71.53
301.25000 -71.48
301.30000 -71.44
301.35000 -71.39
301.40000 -71.36
301.45000 -71.34
301.50000 -71.32
301.55000 -71.29
301.60000 -71.28
301.65000 -71.26
301.70000 -71.26
301.75000 -71.26
301.80000 -71.24
301.85000 -71.22
301.90000 -71.21
301.95000 -71.20
302.00000 -71.19
302.05000 -71.18
302.10000 -71.16
302.15000 -71.17
302.20000 -71.12
302.25000 -71.13
302.30000 -71.16
302.35000 -71.15
302.40000 -71.15
302.45000 -71.15
302.50000 -71.14
302.55000 -71.14
302.60000 -71.14
302.65000 -71.16
302.70000 -71.14
302.75000 -71.12
302.80000 -71.12
302.85000 -71.07
302.90000 -71.06
302.95000 -71.04
303.00000 -71.02
303.05000 -71.01
303.10000 -71.00
303.15000 -70.98
303.20000 -70.99
303.25000 -70.99
303.30000 -71.01
303.35000 -70.98
303.40000 -71.00
303.45000 -71.01
303.50000 -71.02
303.55000 -71.03
303.60000 -71.04
303.65000 -71.04
303.70000 -71.04
303.75000 -71.05
303.80000 -71.06
303.85000 -71.08
303.90000 -71.08
303.95000 -71.08
304.00000 -71.09
304.05000 -71.10
304.10000 -71.10
304.15000 -71.12
304.20000 -71.13
304.25000 -71.12
304.30000 -71.15
304.35000 -71.15
304.40000 -71.14
304.45000 -71.14
304.50000 -71.12
304.55000 -71.12
304.60000 -71.12
304.65000 -71.11
304.70000 -71.11
304.75000 -71.12
304.80000 -71.14
304.85000 -71.13
304.90000 -71.16
304.95000 -71.16
305.00000 -71.17
305.05000 -71.19
305.10000 -71.21
305.15000 -71.22
305.20000 -71.22
305.25000 -71.24
305.30000 -71.22
305.35000 -71.23
305.40000 -71.24
305.45000 -71.26
305.50000 -71.25
305.55000 -71.28
305.60000 -71.27
305.65000 -71.26
305.70000 -71.25
305.75000 -71.24
305.80000 -71.25
305.85000 -71.27
305.90000 -71.26
305.95000 -71.24
306.00000 -71.24
306.05000 -71.25
306.10000 -71.26
306.15000 -71.25
306.20000 -71.23
306.25000 -71.25
306.30000 -71.25
306.35000 -71.25
306.40000 -71.25
306.45000 -71.25
306.50000 -71.24
306.55000 -71.26
306.60000 -71.24
306.65000 -71.26
306.70000 -71.25
306.75000 -71.24
306.80000 -71.22
306.85000 -71.20
306.90000 -71.17
306.95000 -71.19
307.00000 -71.15
307.05000 -71.17
307.10000 -71.17
307.15000 -71.17
307.20000 -71.16
307.25000 -71.18
307.30000 -71.18
307.35000 -71.18
307.40000 -71.19
307.45000 -71.18
307.50000 -71.19
307.55000 -71.21
307.60000 -71.22
307.65000 -71.21
307.70000 -71.22
307.75000 -71.23
307.80000 -71.22
307.85000 -71.23
307.90000 -71.21
307.95000 -71.19
308.00000 -71.19
308.05000 -71.19
308.10000 -71.17
308.15000 -71.13
308.20000 -71.14
308.25000 -71.15
308.30000 -71.13
308.35000 -71.14
308.40000 -71.15
308.45000 -71.14
308.50000 -71.16
308.55000 -71.15
308.60000 -71.15
308.65000 -71.15
308.70000 -71.16
308.75000 -71.18
308.80000 -71.18
308.85000 -71.16
308.90000 -71.14
308.95000 -71.15
309.00000 -71.12
309.05000 -71.13
309.10000 -71.12
309.15000 -71.09
309.20000 -71.08
309.25000 -71.05
309.30000 -71.03
309.35000 -71.02
309.40000 -71.00
309.45000 -71.00
309.50000 -70.96
309.55000 -70.96
309.60000 -70.97
309.65000 -70.98
309.70000 -70.97
309.75000 -70.96
309.80000 -70.95
309.85000 -70.97
309.90000 -70.99
309.95000 -71.00
310.00000 -71.01
310.05000 -71.02
310.10000 -71.01
310.15000 -71.03
310.20000 -71.03
310.25000 -71.03
310.30000 -71.02
310.35000 -71.03
310.40000 -71.05
310.45000 -71.04
310.50000 -71.04
310.55000 -71.03
310.60000 -71.03
310.65000 -71.03
310.70000 -71.03
310.75000 -71.03
310.80000 -71.03
310.85000 -71.01
310.90000 -71.01
310.95000 -71.03
311.00000 -71.04
311.05000 -71.04
311.10000 -71.05
311.15000 -71.02
311.20000 -71.02
311.25000 -71.00
311.30000 -70.98
311.35000 -70.96
311.40000 -70.97
311.45000 -70.97
311.50000 -70.98
311.55000 -70.99
311.60000 -71.02
311.65000 -71.02
311.70000 -71.06
311.75000 -71.09
311.80000 -71.10
311.85000 -71.10
311.90000 -71.13
311.95000 -71.16
312.00000 -71.18
312.05000 -71.19
312.10000 -71.21
312.15000 -71.23
312.20000 -71.22
312.25000 -71.24
312.30000 -71.25
312.35000 -71.23
312.40000 -71.24
312.45000 -71.25
312.50000 -71.25
312.55000 -71.22
312.60000 -71.22
312.65000 -71.22
312.70000 -71.23
312.75000 -71.19
312.80000 -71.20
312.85000 -71.21
312.90000 -71.20
312.95000 -71.20
313.00000 -71.19
313.05000 -71.16
313.10000 -71.16
313.15000 -71.14
313.20000 -71.11
313.25000 -71.09
313.30000 -71.07
313.35000 -71.06
313.40000 -71.05
313.45000 -71.03
313.50000 -71.02
313.55000 -71.03
313.60000 -71.02
313.65000 -71.00
313.70000 -71.02
313.75000 -71.04
313.80000 -71.04
313.85000 -71.04
313.90000 -71.02
313.95000 -71.01
314.00000 -71.04
314.05000 -71.05
314.10000 -71.06
314.15000 -71.07
314.20000 -71.07
314.25000 -71.11
314.30000 -71.11
314.35000 -71.13
314.40000 -71.15
314.45000 -71.18
314.50000 -71.17
314.55000 -71.20
314.60000 -71.23
314.65000 -71.24
314.70000 -71.24
314.75000 -71.27
314.80000 -71.28
314.85000 -71.27
314.90000 -71.27
314.95000 -71.27
315.00000 -71.26
315.05000 -71.26
315.10000 -71.23
315.15000 -71.21
315.20000 -71.17
315.25000 -71.14
315.30000 -71.15
315.35000 -71.14
315.40000 -71.13
315.45000 -71.13
315.50000 -71.17
315.55000 -71.17
315.60000 -71.18
315.65000 -71.18
315.70000 -71.21
315.75000 -71.20
315.80000 -71.23
315.85000 -71.22
315.90000 -71.23
315.95000 -71.25
316.00000 -71.25
316.05000 -71.26
316.10000 -71.25
316.15000 -71.27
316.20000 -71.27
316.25000 -71.29
316.30000 -71.30
316.35000 -71.30
316.40000 -71.31
316.45000 -71.32
316.50000 -71.30
316.55000 -71.29
316.60000 -71.29
316.65000 -71.26
316.70000 -71.24
316.75000 -71.23
316.80000 -71.24
316.85000 -71.23
316.90000 -71.23
316.95000 -71.23
317.00000 -71.23
317.05000 -71.24
317.10000 -71.25
317.15000 -71.26
317.20000 -71.26
317.25000 -71.25
317.30000 -71.28
317.35000 -71.29
317.40000 -71.29
317.45000 -71.29
317.50000 -71.31
317.55000 -71.32
317.60000 -71.30
317.65000 -71.30
317.70000 -71.30
317.75000 -71.29
317.80000 -71.29
317.85000 -71.28
317.90000 -71.27
317.95000 -71.27
318.00000 -71.25
318.05000 -71.25
318.10000 -71.25
318.15000 -71.27
318.20000 -71.22
318.25000 -71.23
318.30000 -71.20
318.35000 -71.16
318.40000 -71.16
318.45000 -71.15
318.50000 -71.13
318.55000 -71.12
318.60000 -71.12
318.65000 -71.12
318.70000 -71.10
318.75000 -71.11
318.80000 -71.12
318.85000 -71.11
318.90000 -71.12
318.95000 -71.15
319.00000 -71.15
319.05000 -71.13
319.10000 -71.13
319.15000 -71.12
319.20000 -71.11
319.25000 -71.11
319.30000 -71.09
319.35000 -71.06
319.40000 -71.06
319.45000 -71.05
319.50000 -71.02
319.55000 -71.03
319.60000 -71.03
319.65000 -71.02
319.70000 -71.01
319.75000 -70.99
319.80000 -70.98
319.85000 -70.95
319.90000 -70.92
319.95000 -70.90
320.00000 -70.87
320.05000 -70.83
320.10000 -70.85
320.15000 -70.84
320.20000 -70.86
320.25000 -70.83
320.30000 -70.83
320.35000 -70.87
320.40000 -70.86
320.45000 -70.88
320.50000 -70.89
320.55000 -70.90
320.60000 -70.91
320.65000 -70.92
320.70000 -70.91
320.75000 -70.90
320.80000 -70.93
320.85000 -70.93
320.90000 -70.92
320.95000 -70.92
321.00000 -70.92
321.05000 -70.91
321.10000 -70.89
321.15000 -70.89
321.20000 -70.88
321.25000 -70.88
321.30000 -70.88
321.35000 -70.90
321.40000 -70.90
321.45000 -70.91
321.50000 -70.94
321.55000 -70.93
321.60000 -70.95
321.65000 -70.97
321.70000 -70.98
321.75000 -71.01
321.80000 -71.01
321.85000 -70.99
321.90000 -71.03
321.95000 -71.03
322.00000 -71.05
322.05000 -71.07
322.10000 -71.09
322.15000 -71.11
322.20000 -71.10
322.25000 -71.13
322.30000 -71.15
322.35000 -71.14
322.40000 -71.14
322.45000 -71.15
322.50000 -71.14
322.55000 -71.13
322.60000 -71.13
322.65000 -71.09
322.70000 -71.10
322.75000 -71.09
322.80000 -71.09
322.85000 -71.06
322.90000 -71.06
322.95000 -71.07
323.00000 -71.07
323.05000 -71.04
323.10000 -71.05
323.15000 -71.04
323.20000 -71.03
323.25000 -71.04
323.30000 -71.03
323.35000 -71.02
323.40000 -71.02
323.45000 -71.01
323.50000 -71.00
323.55000 -70.99
323.60000 -71.00
323.65000 -71.02
323.70000 -71.04
323.75000 -71.04
323.80000 -71.07
323.85000 -71.07
323.90000 -71.09
323.95000 -71.09
324.00000 -71.10
324.05000 -71.11
324.10000 -71.13
324.15000 -71.14
324.20000 -71.13
324.25000 -71.13
324.30000 -71.12
324.35000 -71.10
324.40000 -71.12
324.45000 -71.14
324.50000 -71.14
324.55000 -71.15
324.60000 -71.15
324.65000 -71.12
324.70000 -71.12
324.75000 -71.12
324.80000 -71.09
324.85000 -71.10
324.90000 -71.10
324.95000 -71.10
325.00000 -71.10
325.05000 -71.10
325.10000 -71.10
325.15000 -71.11
325.20000 -71.13
325.25000 -71.10
325.30000 -71.08
325.35000 -71.07
325.40000 -71.07
325.45000 -71.06
325.50000 -71.04
325.55000 -71.03
325.60000 -71.01
325.65000 -70.99
325.70000 -71.00
325.75000 -70.98
325.80000 -70.99
325.85000 -70.98
325.90000 -70.99
325.95000 -70.99
326.00000 -71.00
326.05000 -71.00
326.10000 -71.03
326.15000 -71.03
326.20000 -71.03
326.25000 -71.02
326.30000 -71.02
326.35000 -71.00
326.40000 -71.02
326.45000 -71.02
326.50000 -71.00
326.55000 -71.01
326.60000 -71.00
326.65000 -70.99
326.70000 -70.99
326.75000 -70.95
326.80000 -70.98
326.85000 -70.99
326.90000 -71.00
326.95000 -70.96
327.00000 -70.96
327.05000 -70.95
327.10000 -70.95
327.15000 -70.94
327.20000 -70.93
327.25000 -70.93
327.30000 -70.94
327.35000 -70.92
327.40000 -70.94
327.45000 -70.92
327.50000 -70.93
327.55000 -70.93
327.60000 -70.93
327.65000 -70.93
327.70000 -70.94
327.75000 -70.90
327.80000 -70.90
327.85000 -70.90
327.90000 -70.91
327.95000 -70.89
328.00000 -70.90
328.05000 -70.91
328.10000 -70.93
328.15000 -70.92
328.20000 -70.95
328.25000 -70.93
328.30000 -70.91
328.35000 -70.90
328.40000 -70.90
328.45000 -70.89
328.50000 -70.86
328.55000 -70.84
328.60000 -70.84
328.65000 -70.83
328.70000 -70.82
328.75000 -70.81
328.80000 -70.79
328.85000 -70.82
328.90000 -70.82
328.95000 -70.84
329.00000 -70.85
329.05000 -70.85
329.10000 -70.89
329.15000 -70.92
329.20000 -70.93
329.25000 -70.97
329.30000 -70.97
329.35000 -70.97
329.40000 -70.99
329.45000 -71.01
329.50000 -71.02
329.55000 -70.99
329.60000 -70.99
329.65000 -71.00
329.70000 -70.98
329.75000 -70.98
329.80000 -71.01
329.85000 -71.02
329.90000 -71.00
329.95000 -71.05
330.00000 -71.05
330.05000 -71.06
330.10000 -71.09
330.15000 -71.09
330.20000 -71.11
330.25000 -71.12
330.30000 -71.13
330.35000 -71.13
330.40000 -71.14
330.45000 -71.14
330.50000 -71.16
330.55000 -71.16
330.60000 -71.15
330.65000 -71.15
330.70000 -71.14
330.75000 -71.13
330.80000 -71.13
330.85000 -71.12
330.90000 -71.12
330.95000 -71.11
331.00000 -71.10
331.05000 -71.10
331.10000 -71.08
331.15000 -71.05
331.20000 -71.05
331.25000 -71.03
331.30000 -71.05
331.35000 -71.06
331.40000 -71.06
331.45000 -71.06
331.50000 -71.09
331.55000 -71.08
331.60000 -71.09
331.65000 -71.09
331.70000 -71.09
331.75000 -71.08
331.80000 -71.08
331.85000 -71.06
331.90000 -71.08
331.95000 -71.06
332.00000 -71.05
332.05000 -71.03
332.10000 -71.03
332.15000 -71.01
332.20000 -70.99
332.25000 -70.97
332.30000 -70.95
332.35000 -70.93
332.40000 -70.94
332.45000 -70.92
332.50000 -70.93
332.55000 -70.94
332.60000 -70.95
332.65000 -70.97
332.70000 -70.97
332.75000 -70.96
332.80000 -70.97
332.85000 -70.96
332.90000 -70.96
332.95000 -70.95
333.00000 -70.95
333.05000 -70.98
333.10000 -70.96
333.15000 -70.92
333.20000 -70.96
333.25000 -70.95
333.30000 -70.96
333.35000 -70.96
333.40000 -70.97
333.45000 -70.96
333.50000 -70.96
333.55000 -70.96
333.60000 -70.95
333.65000 -70.95
333.70000 -70.96
333.75000 -70.96
333.80000 -70.97
333.85000 -70.98
333.90000 -71.00
333.95000 -70.98
334.00000 -70.97
334.05000 -70.97
334.10000 -70.97
334.15000 -70.95
334.20000 -70.96
334.25000 -70.96
334.30000 -70.96
334.35000 -70.96
334.40000 -70.97
334.45000 -70.99
334.50000 -71.00
334.55000 -71.01
334.60000 -71.03
334.65000 -71.02
334.70000 -71.03
334.75000 -71.01
334.80000 -71.01
334.85000 -70.99
334.90000 -70.99
334.95000 -70.99
335.00000 -71.01
335.05000 -70.98
335.10000 -71.00
335.15000 -71.02
335.20000 -71.01
335.25000 -71.02
335.30000 -71.05
335.35000 -71.03
335.40000 -71.05
335.45000 -71.06
335.50000 -71.07
335.55000 -71.07
335.60000 -71.08
335.65000 -71.08
335.70000 -71.10
335.75000 -71.10
335.80000 -71.10
335.85000 -71.11
335.90000 -71.09
335.95000 -71.11
336.00000 -71.13
336.05000 -71.11
336.10000 -71.10
336.15000 -71.13
336.20000 -71.13
336.25000 -71.14
336.30000 -71.14
336.35000 -71.13
336.40000 -71.13
336.45000 -71.14
336.50000 -71.14
336.55000 -71.14
336.60000 -71.13
336.65000 -71.13
336.70000 -71.13
336.75000 -71.08
336.80000 -71.10
336.85000 -71.09
336.90000 -71.09
336.95000 -71.07
337.00000 -71.08
337.05000 -71.05
337.10000 -71.04
337.15000 -71.05
337.20000 -71.03
337.25000 -71.02
337.30000 -71.02
337.35000 -71.00
337.40000 -71.03
337.45000 -71.00
337.50000 -71.00
337.55000 -71.02
337.60000 -71.02
337.65000 -71.03
337.70000 -71.06
337.75000 -71.07
337.80000 -71.06
337.85000 -71.08
337.90000 -71.08
337.95000 -71.07
338.00000 -71.06
338.05000 -71.06
338.10000 -71.06
338.15000 -71.03
338.20000 -71.02
338.25000 -71.04
338.30000 -71.05
338.35000 -71.06
338.40000 -71.07
338.45000 -71.08
338.50000 -71.08
338.55000 -71.08
338.60000 -71.09
338.65000 -71.10
338.70000 -71.10
338.75000 -71.10
338.80000 -71.11
338.85000 -71.10
338.90000 -71.11
338.95000 -71.10
339.00000 -71.10
339.05000 -71.11
339.10000 -71.11
339.15000 -71.11
339.20000 -71.11
339.25000 -71.09
339.30000 -71.09
339.35000 -71.09
339.40000 -71.11
339.45000 -71.10
339.50000 -71.09
339.55000 -71.08
339.60000 -71.07
339.65000 -71.05
339.70000 -71.04
339.75000 -71.04
339.80000 -71.03
339.85000 -71.03
339.90000 -71.06
339.95000 -71.07
340.00000 -71.07
340.05000 -71.06
340.10000 -71.08
340.15000 -71.08
340.20000 -71.09
340.25000 -71.07
340.30000 -71.07
340.35000 -71.07
340.40000 -71.08
340.45000 -71.07
340.50000 -71.08
340.55000 -71.08
340.60000 -71.11
340.65000 -71.10
340.70000 -71.13
340.75000 -71.15
340.80000 -71.15
340.85000 -71.18
340.90000 -71.20
340.95000 -71.20
341.00000 -71.19
341.05000 -71.18
341.10000 -71.15
341.15000 -71.13
341.20000 -71.08
341.25000 -71.05
341.30000 -71.01
341.35000 -70.96
341.40000 -70.94
341.45000 -70.93
341.50000 -70.90
341.55000 -70.90
341.60000 -70.91
341.65000 -70.92
341.70000 -70.92
341.75000 -70.93
341.80000 -70.93
341.85000 -70.93
341.90000 -70.95
341.95000 -70.94
342.00000 -70.94
342.05000 -70.95
342.10000 -70.94
342.15000 -70.94
342.20000 -70.95
342.25000 -70.96
342.30000 -70.98
342.35000 -70.96
342.40000 -70.98
342.45000 -70.97
342.50000 -70.97
342.55000 -70.97
342.60000 -70.98
342.65000 -70.99
342.70000 -70.98
342.75000 -70.97
342.80000 -71.00
342.85000 -70.99
342.90000 -71.00
342.95000 -71.01
343.00000 -71.01
343.05000 -71.03
343.10000 -71.05
343.15000 -71.05
343.20000 -71.06
343.25000 -71.06
343.30000 -71.06
343.35000 -71.05
343.40000 -71.04
343.45000 -71.03
343.50000 -71.00
343.55000 -71.04
343.60000 -71.01
343.65000 -71.00
343.70000 -71.01
343.75000 -71.01
343.80000 -71.03
343.85000 -71.04
343.90000 -71.04
343.95000 -71.07
344.00000 -71.08
344.05000 -71.08
344.10000 -71.07
344.15000 -71.10
344.20000 -71.11
344.25000 -71.10
344.30000 -71.11
344.35000 -71.12
344.40000 -71.14
344.45000 -71.14
344.50000 -71.12
344.55000 -71.11
344.60000 -71.12
344.65000 -71.09
344.70000 -71.08
344.75000 -71.09
344.80000 -71.10
344.85000 -71.10
344.90000 -71.10
344.95000 -71.10
345.00000 -71.12
345.05000 -71.10
345.10000 -71.12
345.15000 -71.10
345.20000 -71.11
345.25000 -71.14
345.30000 -71.12
345.35000 -71.12
345.40000 -71.13
345.45000 -71.11
345.50000 -71.12
345.55000 -71.12
345.60000 -71.11
345.65000 -71.10
345.70000 -71.10
345.75000 -71.09
345.80000 -71.12
345.85000 -71.10
345.90000 -71.10
345.95000 -71.10
346.00000 -71.12
346.05000 -71.12
346.10000 -71.09
346.15000 -71.09
346.20000 -71.10
346.25000 -71.12
346.30000 -71.12
346.35000 -71.12
346.40000 -71.13
346.45000 -71.11
346.50000 -71.11
346.55000 -71.11
346.60000 -71.12
346.65000 -71.10
346.70000 -71.09
346.75000 -71.09
346.80000 -71.07
346.85000 -71.07
346.90000 -71.07
346.95000 -71.05
347.00000 -71.02
347.05000 -71.03
347.10000 -71.00
347.15000 -71.00
347.20000 -71.00
347.25000 -71.00
347.30000 -70.98
347.35000 -70.98
347.40000 -70.99
347.45000 -70.98
347.50000 -70.97
347.55000 -70.95
347.60000 -70.93
347.65000 -70.94
347.70000 -70.92
347.75000 -70.89
347.80000 -70.90
347.85000 -70.89
347.90000 -70.88
347.95000 -70.87
348.00000 -70.84
348.05000 -70.82
348.10000 -70.81
348.15000 -70.80
348.20000 -70.79
348.25000 -70.79
348.30000 -70.81
348.35000 -70.80
348.40000 -70.78
348.45000 -70.78
348.50000 -70.79
348.55000 -70.80
348.60000 -70.79
348.65000 -70.78
348.70000 -70.79
348.75000 -70.78
348.80000 -70.81
348.85000 -70.83
348.90000 -70.85
348.95000 -70.87
349.00000 -70.88
349.05000 -70.89
349.10000 -70.92
349.15000 -70.93
349.20000 -70.94
349.25000 -70.95
349.30000 -70.94
349.35000 -70.96
349.40000 -70.99
349.45000 -71.00
349.50000 -71.01
349.55000 -71.03
349.60000 -71.07
349.65000 -71.07
349.70000 -71.09
349.75000 -71.11
349.80000 -71.11
349.85000 -71.13
349.90000 -71.12
349.95000 -71.11
350.00000 -71.13
350.05000 -71.14
350.10000 -71.13
350.15000 -71.14
350.20000 -71.17
350.25000 -71.15
350.30000 -71.13
350.35000 -71.13
350.40000 -71.12
350.45000 -71.11
350.50000 -71.10
350.55000 -71.09
350.60000 -71.11
350.65000 -71.10
350.70000 -71.11
350.75000 -71.12
350.80000 -71.09
350.85000 -71.08
350.90000 -71.06
350.95000 -71.04
351.00000 -71.02
351.05000 -71.02
351.10000 -71.02
351.15000 -71.02
351.20000 -71.00
351.25000 -70.98
351.30000 -71.01
351.35000 -71.02
351.40000 -71.00
351.45000 -71.04
351.50000 -71.03
351.55000 -71.04
351.60000 -71.06
351.65000 -71.09
351.70000 -71.09
351.75000 -71.11
351.80000 -71.14
351.85000 -71.15
351.90000 -71.20
351.95000 -71.19
352.00000 -71.20
352.05000 -71.21
352.10000 -71.22
352.15000 -71.22
352.20000 -71.21
352.25000 -71.22
352.30000 -71.18
352.35000 -71.18
352.40000 -71.17
352.45000 -71.16
352.50000 -71.16
352.55000 -71.16
352.60000 -71.17
352.65000 -71.18
352.70000 -71.20
352.75000 -71.22
352.80000 -71.23
352.85000 -71.22
352.90000 -71.23
352.95000 -71.23
353.00000 -71.24
353.05000 -71.22
353.10000 -71.25
353.15000 -71.23
353.20000 -71.22
353.25000 -71.24
353.30000 -71.24
353.35000 -71.21
353.40000 -71.23
353.45000 -71.20
353.50000 -71.19
353.55000 -71.17
353.60000 -71.16
353.65000 -71.13
353.70000 -71.14
353.75000 -71.14
353.80000 -71.14
353.85000 -71.12
353.90000 -71.10
353.95000 -71.11
354.00000 -71.10
354.05000 -71.11
354.10000 -71.11
354.15000 -71.10
354.20000 -71.09
354.25000 -71.10
354.30000 -71.11
354.35000 -71.11
354.40000 -71.13
354.45000 -71.11
354.50000 -71.15
354.55000 -71.13
354.60000 -71.16
354.65000 -71.18
354.70000 -71.19
354.75000 -71.21
354.80000 -71.23
354.85000 -71.22
354.90000 -71.24
354.95000 -71.24
355.00000 -71.26
355.05000 -71.28
355.10000 -71.29
355.15000 -71.30
355.20000 -71.31
355.25000 -71.33
355.30000 -71.34
355.35000 -71.33
355.40000 -71.32
355.45000 -71.34
355.50000 -71.35
355.55000 -71.34
355.60000 -71.33
355.65000 -71.34
355.70000 -71.34
355.75000 -71.34
355.80000 -71.32
355.85000 -71.34
355.90000 -71.33
355.95000 -71.34
356.00000 -71.33
356.05000 -71.34
356.10000 -71.34
356.15000 -71.36
356.20000 -71.35
356.25000 -71.37
356.30000 -71.36
356.35000 -71.37
356.40000 -71.36
356.45000 -71.36
356.50000 -71.32
356.55000 -71.34
356.60000 -71.32
356.65000 -71.29
356.70000 -71.30
356.75000 -71.31
356.80000 -71.30
356.85000 -71.30
356.90000 -71.30
356.95000 -71.31
357.00000 -71.29
357.05000 -71.27
357.10000 -71.29
357.15000 -71.29
357.20000 -71.27
357.25000 -71.29
357.30000 -71.29
357.35000 -71.30
357.40000 -71.31
357.45000 -71.34
357.50000 -71.32
357.55000 -71.31
357.60000 -71.31
357.65000 -71.33
357.70000 -71.32
357.75000 -71.33
357.80000 -71.32
357.85000 -71.33
357.90000 -71.31
357.95000 -71.32
358.00000 -71.33
358.05000 -71.35
358.10000 -71.35
358.15000 -71.35
358.20000 -71.36
358.25000 -71.36
358.30000 -71.36
358.35000 -71.37
358.40000 -71.37
358.45000 -71.39
358.50000 -71.39
358.55000 -71.37
358.60000 -71.37
358.65000 -71.38
358.70000 -71.34
358.75000 -71.36
358.80000 -71.36
358.85000 -71.33
358.90000 -71.33
358.95000 -71.34
359.00000 -71.31
359.05000 -71.28
359.10000 -71.30
359.15000 -71.29
359.20000 -71.26
359.25000 -71.25
359.30000 -71.26
359.35000 -71.23
359.40000 -71.22
359.45000 -71.21
359.50000 -71.21
359.55000 -71.21
359.60000 -71.21
359.65000 -71.22
359.70000 -71.21
359.75000 -71.21
359.80000 -71.21
359.85000 -71.17
359.90000 -71.17
359.95000 -71.15
360.00000 -71.14
360.05000 -71.13
360.10000 -71.13
360.15000 -71.11
360.20000 -71.10
360.25000 -71.09
360.30000 -71.10
360.35000 -71.07
360.40000 -71.05
360.45000 -71.05
360.50000 -71.03
360.55000 -71.03
360.60000 -71.03
360.65000 -71.02
360.70000 -71.01
360.75000 -71.01
360.80000 -71.01
360.85000 -71.03
360.90000 -71.03
360.95000 -71.05
361.00000 -71.03
361.05000 -71.03
361.10000 -71.03
361.15000 -71.03
361.20000 -71.04
361.25000 -71.05
361.30000 -71.06
361.35000 -71.06
361.40000 -71.09
361.45000 -71.08
361.50000 -71.09
361.55000 -71.12
361.60000 -71.11
361.65000 -71.12
361.70000 -71.13
361.75000 -71.13
361.80000 -71.15
361.85000 -71.12
361.90000 -71.12
361.95000 -71.11
362.00000 -71.08
362.05000 -71.06
362.10000 -71.05
362.15000 -71.03
362.20000 -71.01
362.25000 -70.98
362.30000 -70.98
362.35000 -70.99
362.40000 -70.94
362.45000 -70.92
362.50000 -70.91
362.55000 -70.89
362.60000 -70.88
362.65000 -70.87
362.70000 -70.86
362.75000 -70.86
362.80000 -70.85
362.85000 -70.89
362.90000 -70.89
362.95000 -70.90
363.00000 -70.95
363.05000 -70.97
363.10000 -70.98
363.15000 -70.99
363.20000 -71.00
363.25000 -71.00
363.30000 -71.00
363.35000 -70.97
363.40000 -70.97
363.45000 -70.97
363.50000 -70.96
363.55000 -70.94
363.60000 -70.95
363.65000 -70.99
363.70000 -70.99
363.75000 -70.99
363.80000 -71.00
363.85000 -71.02
363.90000 -71.00
363.95000 -71.01
364.00000 -71.02
364.05000 -71.02
364.10000 -71.02
364.15000 -71.02
364.20000 -71.04
364.25000 -71.03
364.30000 -71.01
364.35000 -71.03
364.40000 -71.00
364.45000 -70.99
364.50000 -70.99
364.55000 -70.98
364.60000 -70.98
364.65000 -70.96
364.70000 -70.95
364.75000 -70.97
364.80000 -70.97
364.85000 -70.97
364.90000 -70.95
364.95000 -70.96
365.00000 -70.95
365.05000 -70.94
365.10000 -70.98
365.15000 -70.97
365.20000 -70.99
365.25000 -71.01
365.30000 -71.00
365.35000 -70.99
365.40000 -71.00
365.45000 -71.02
365.50000 -71.01
365.55000 -71.03
365.60000 -71.03
365.65000 -71.06
365.70000 -71.05
365.75000 -71.06
365.80000 -71.08
365.85000 -71.12
365.90000 -71.11
365.95000 -71.12
366.00000 -71.14
366.05000 -71.16
366.10000 -71.17
366.15000 -71.19
366.20000 -71.20
366.25000 -71.22
366.30000 -71.24
366.35000 -71.24
366.40000 -71.25
366.45000 -71.27
366.50000 -71.25
366.55000 -71.27
366.60000 -71.27
366.65000 -71.27
366.70000 -71.29
366.75000 -71.31
366.80000 -71.30
366.85000 -71.31
366.90000 -71.32
366.95000 -71.31
367.00000 -71.30
367.05000 -71.31
367.10000 -71.31
367.15000 -71.30
367.20000 -71.28
367.25000 -71.29
367.30000 -71.27
367.35000 -71.28
367.40000 -71.26
367.45000 -71.25
367.50000 -71.25
367.55000 -71.23
367.60000 -71.20
367.65000 -71.20
367.70000 -71.19
367.75000 -71.15
367.80000 -71.14
367.85000 -71.13
367.90000 -71.13
367.95000 -71.10
368.00000 -71.09
368.05000 -71.09
368.10000 -71.07
368.15000 -71.05
368.20000 -71.04
368.25000 -71.00
368.30000 -70.99
368.35000 -70.99
368.40000 -70.98
368.45000 -71.00
368.50000 -70.99
368.55000 -71.01
368.60000 -71.00
368.65000 -70.99
368.70000 -71.02
368.75000 -71.03
368.80000 -71.06
368.85000 -71.06
368.90000 -71.06
368.95000 -71.07
369.00000 -71.07
369.05000 -71.09
369.10000 -71.06
369.15000 -71.04
369.20000 -71.04
369.25000 -71.02
369.30000 -70.99
369.35000 -70.99
369.40000 -70.98
369.45000 -70.99
369.50000 -70.99
369.55000 -70.98
369.60000 -70.96
369.65000 -70.93
369.70000 -70.93
369.75000 -70.93
369.80000 -70.92
369.85000 -70.93
369.90000 -70.91
369.95000 -70.90
370.00000 -70.87
370.05000 -70.85
370.10000 -70.82
370.15000 -70.79
370.20000 -70.78
370.25000 -70.77
370.30000 -70.77
370.35000 -70.78
370.40000 -70.78
370.45000 -70.80
370.50000 -70.81
370.55000 -70.82
370.60000 -70.83
370.65000 -70.84
370.70000 -70.85
370.75000 -70.87
370.80000 -70.87
370.85000 -70.89
370.90000 -70.90
370.95000 -70.94
371.00000 -70.96
371.05000 -70.96
371.10000 -70.99
371.15000 -71.02
371.20000 -71.05
371.25000 -71.06
371.30000 -71.05
371.35000 -71.05
371.40000 -71.06
371.45000 -71.05
371.50000 -71.05
371.55000 -71.07
371.60000 -71.05
371.65000 -71.07
371.70000 -71.06
371.75000 -71.05
371.80000 -71.06
371.85000 -71.07
371.90000 -71.06
371.95000 -71.06
372.00000 -71.05
372.05000 -71.04
372.10000 -71.03
372.15000 -71.02
372.20000 -71.01
372.25000 -70.99
372.30000 -70.97
372.35000 -70.98
372.40000 -70.96
372.45000 -70.95
372.50000 -70.96
372.55000 -70.92
372.60000 -70.95
372.65000 -70.94
372.70000 -70.95
372.75000 -70.94
372.80000 -70.95
372.85000 -70.96
372.90000 -70.97
372.95000 -71.00
373.00000 -71.00
373.05000 -71.01
373.10000 -71.00
373.15000 -71.02
373.20000 -71.04
373.25000 -71.04
373.30000 -71.04
373.35000 -71.04
373.40000 -71.06
373.45000 -71.05
373.50000 -71.01
373.55000 -71.05
373.60000 -71.00
373.65000 -71.02
373.70000 -71.03
373.75000 -71.02
373.80000 -71.01
373.85000 -71.01
373.90000 -71.02
373.95000 -71.02
374.00000 -71.03
374.05000 -71.05
374.10000 -71.03
374.15000 -71.02
374.20000 -71.01
374.25000 -71.03
374.30000 -71.04
374.35000 -71.05
374.40000 -71.06
374.45000 -71.07
374.50000 -71.06
374.55000 -71.07
374.60000 -71.08
374.65000 -71.10
374.70000 -71.11
374.75000 -71.12
374.80000 -71.14
374.85000 -71.11
374.90000 -71.12
374.95000 -71.10
375.00000 -71.09
375.05000 -71.08
375.10000 -71.07
375.15000 -71.07
375.20000 -71.08
375.25000 -71.08
375.30000 -71.10
375.35000 -71.07
375.40000 -71.09
375.45000 -71.09
375.50000 -71.10
375.55000 -71.10
375.60000 -71.13
375.65000 -71.14
375.70000 -71.14
375.75000 -71.17
375.80000 -71.16
375.85000 -71.15
375.90000 -71.15
375.95000 -71.13
376.00000 -71.10
376.05000 -71.10
376.10000 -71.06
376.15000 -71.01
376.20000 -71.03
376.25000 -70.99
376.30000 -70.99
376.35000 -70.96
376.40000 -70.94
376.45000 -70.93
376.50000 -70.91
376.55000 -70.89
376.60000 -70.87
376.65000 -70.83
376.70000 -70.81
376.75000 -70.80
376.80000 -70.79
376.85000 -70.78
376.90000 -70.77
376.95000 -70.76
377.00000 -70.75
377.05000 -70.73
377.10000 -70.75
377.15000 -70.75
377.20000 -70.77
377.25000 -70.80
377.30000 -70.81
377.35000 -70.82
377.40000 -70.85
377.45000 -70.88
377.50000 -70.88
377.55000 -70.90
377.60000 -70.92
377.65000 -70.92
377.70000 -70.94
377.75000 -70.93
377.80000 -70.95
377.85000 -70.95
377.90000 -70.95
377.95000 -70.96
378.00000 -70.95
378.05000 -70.99
378.10000 -71.01
378.15000 -71.00
378.20000 -71.01
378.25000 -71.02
378.30000 -71.02
378.35000 -71.04
378.40000 -71.05
378.45000 -71.07
378.50000 -71.08
378.55000 -71.10
378.60000 -71.12
378.65000 -71.13
378.70000 -71.13
378.75000 -71.12
378.80000 -71.11
378.85000 -71.11
378.90000 -71.09
378.95000 -71.09
379.00000 -71.11
379.05000 -71.12
379.10000 -71.13
379.15000 -71.14
379.20000 -71.14
379.25000 -71.13
379.30000 -71.14
379.35000 -71.17
379.40000 -71.17
379.45000 -71.17
379.50000 -71.17
379.55000 -71.18
379.60000 -71.20
379.65000 -71.19
379.70000 -71.21
379.75000 -71.19
379.80000 -71.20
379.85000 -71.19
379.90000 -71.18
379.95000 -71.19
380.00000 -71.17
380.05000 -71.16
380.10000 -71.14
380.15000 -71.14
380.20000 -71.17
380.25000 -71.16
380.30000 -71.15
380.35000 -71.16
380.40000 -71.17
380.45000 -71.16
380.50000 -71.16
380.55000 -71.15
380.60000 -71.15
380.65000 -71.16
380.70000 -71.16
380.75000 -71.16
380.80000 -71.15
380.85000 -71.14
380.90000 -71.16
380.95000 -71.14
381.00000 -71.15
381.05000 -71.15
381.10000 -71.13
381.15000 -71.14
381.20000 -71.14
381.25000 -71.16
381.30000 -71.16
381.35000 -71.18
381.40000 -71.22
381.45000 -71.22
381.50000 -71.24
381.55000 -71.23
381.60000 -71.24
381.65000 -71.26
381.70000 -71.27
381.75000 -71.29
381.80000 -71.29
381.85000 -71.27
381.90000 -71.27
381.95000 -71.26
382.00000 -71.25
382.05000 -71.24
382.10000 -71.24
382.15000 -71.25
382.20000 -71.22
382.25000 -71.22
382.30000 -71.23
382.35000 -71.21
382.40000 -71.21
382.45000 -71.20
382.50000 -71.17
382.55000 -71.19
382.60000 -71.16
382.65000 -71.14
382.70000 -71.16
382.75000 -71.15
382.80000 -71.14
382.85000 -71.13
382.90000 -71.12
382.95000 -71.11
383.00000 -71.10
383.05000 -71.11
383.10000 -71.09
383.15000 -71.08
383.20000 -71.07
383.25000 -71.07
383.30000 -71.07
383.35000 -71.07
383.40000 -71.09
383.45000 -71.10
383.50000 -71.12
383.55000 -71.13
383.60000 -71.12
383.65000 -71.15
383.70000 -71.14
383.75000 -71.17
383.80000 -71.18
383.85000 -71.19
383.90000 -71.18
383.95000 -71.17
384.00000 -71.15
384.05000 -71.11
384.10000 -71.10
384.15000 -71.08
384.20000 -71.05
384.25000 -71.02
384.30000 -70.99
384.35000 -70.97
384.40000 -70.93
384.45000 -70.92
384.50000 -70.92
384.55000 -70.90
384.60000 -70.90
384.65000 -70.94
384.70000 -70.94
384.75000 -70.93
384.80000 -70.92
384.85000 -70.93
384.90000 -70.93
384.95000 -70.92
385.00000 -70.93
385.05000 -70.93
385.10000 -70.93
385.15000 -70.88
385.20000 -70.87
385.25000 -70.86
385.30000 -70.84
385.35000 -70.81
385.40000 -70.79
385.45000 -70.76
385.50000 -70.72
385.55000 -70.74
385.60000 -70.72
385.65000 -70.72
385.70000 -70.73
385.75000 -70.75
385.80000 -70.74
385.85000 -70.78
385.90000 -70.83
385.95000 -70.81
386.00000 -70.82
386.05000 -70.83
386.10000 -70.81
386.15000 -70.79
386.20000 -70.81
386.25000 -70.81
386.30000 -70.81
386.35000 -70.81
386.40000 -70.82
386.45000 -70.81
386.50000 -70.81
386.55000 -70.81
386.60000 -70.83
386.65000 -70.84
386.70000 -70.88
386.75000 -70.88
386.80000 -70.90
386.85000 -70.89
386.90000 -70.91
386.95000 -70.89
387.00000 -70.92
387.05000 -70.91
387.10000 -70.92
387.15000 -70.94
387.20000 -70.95
387.25000 -70.95
387.30000 -70.93
387.35000 -70.94
387.40000 -70.94
387.45000 -70.91
387.50000 -70.91
387.55000 -70.91
387.60000 -70.90
387.65000 -70.89
387.70000 -70.91
387.75000 -70.92
387.80000 -70.92
387.85000 -70.93
387.90000 -70.94
387.95000 -70.95
388.00000 -70.93
388.05000 -70.94
388.10000 -70.94
388.15000 -70.93
388.20000 -70.96
388.25000 -70.97
388.30000 -70.96
388.35000 -70.95
388.40000 -70.96
388.45000 -70.95
388.50000 -70.97
388.55000 -70.96
388.60000 -70.96
388.65000 -70.97
388.70000 -70.99
388.75000 -71.00
388.80000 -70.99
388.85000 -70.98
388.90000 -70.98
388.95000 -70.98
389.00000 -70.99
389.05000 -71.01
389.10000 -71.00
389.15000 -71.01
389.20000 -71.04
389.25000 -71.03
389.30000 -71.04
389.35000 -71.02
389.40000 -71.06
389.45000 -71.06
389.50000 -71.08
389.55000 -71.08
389.60000 -71.10
389.65000 -71.11
389.70000 -71.10
389.75000 -71.10
389.80000 -71.11
389.85000 -71.11
389.90000 -71.12
389.95000 -71.10
390.00000 -71.06
390.05000 -71.08
390.10000 -71.07
390.15000 -71.08
390.20000 -71.08
390.25000 -71.10
390.30000 -71.08
390.35000 -71.07
390.40000 -71.09
390.45000 -71.09
390.50000 -71.10
390.55000 -71.13
390.60000 -71.12
390.65000 -71.12
390.70000 -71.13
390.75000 -71.15
390.80000 -71.16
390.85000 -71.16
390.90000 -71.17
390.95000 -71.15
391.00000 -71.15
391.05000 -71.15
391.10000 -71.15
391.15000 -71.13
391.20000 -71.14
391.25000 -71.10
391.30000 -71.10
391.35000 -71.11
391.40000 -71.10
391.45000 -71.11
391.50000 -71.09
391.55000 -71.10
391.60000 -71.11
391.65000 -71.13
391.70000 -71.13
391.75000 -71.15
391.80000 -71.14
391.85000 -71.14
391.90000 -71.13
391.95000 -71.11
392.00000 -71.11
392.05000 -71.11
392.10000 -71.10
392.15000 -71.09
392.20000 -71.11
392.25000 -71.12
392.30000 -71.13
392.35000 -71.12
392.40000 -71.12
392.45000 -71.16
392.50000 -71.16
392.55000 -71.17
392.60000 -71.20
392.65000 -71.21
392.70000 -71.20
392.75000 -71.19
392.80000 -71.21
392.85000 -71.19
392.90000 -71.21
392.95000 -71.20
393.00000 -71.20
393.05000 -71.19
393.10000 -71.17
393.15000 -71.18
393.20000 -71.18
393.25000 -71.18
393.30000 -71.19
393.35000 -71.18
393.40000 -71.20
393.45000 -71.21
393.50000 -71.22
393.55000 -71.22
393.60000 -71.24
393.65000 -71.24
393.70000 -71.22
393.75000 -71.23
393.80000 -71.24
393.85000 -71.23
393.90000 -71.23
393.95000 -71.24
394.00000 -71.24
394.05000 -71.24
394.10000 -71.24
394.15000 -71.24
394.20000 -71.24
394.25000 -71.21
394.30000 -71.19
394.35000 -71.17
394.40000 -71.16
394.45000 -71.16
394.50000 -71.13
394.55000 -71.13
394.60000 -71.10
394.65000 -71.06
394.70000 -71.04
394.75000 -71.04
394.80000 -71.03
394.85000 -71.01
394.90000 -71.03
394.95000 -71.04
395.00000 -71.05
395.05000 -71.06
395.10000 -71.07
395.15000 -71.07
395.20000 -71.07
395.25000 -71.09
395.30000 -71.09
395.35000 -71.06
395.40000 -71.07
395.45000 -71.04
395.50000 -71.02
395.55000 -71.00
395.60000 -70.96
395.65000 -70.94
395.70000 -70.91
395.75000 -70.87
395.80000 -70.86
395.85000 -70.86
395.90000 -70.82
395.95000 -70.82
396.00000 -70.82
396.05000 -70.81
396.10000 -70.80
396.15000 -70.82
396.20000 -70.82
396.25000 -70.83
396.30000 -70.81
396.35000 -70.81
396.40000 -70.84
396.45000 -70.84
396.50000 -70.86
396.55000 -70.86
396.60000 -70.85
396.65000 -70.85
396.70000 -70.83
396.75000 -70.83
396.80000 -70.82
396.85000 -70.83
396.90000 -70.80
396.95000 -70.80
397.00000 -70.81
397.05000 -70.81
397.10000 -70.80
397.15000 -70.81
397.20000 -70.82
397.25000 -70.83
397.30000 -70.83
397.35000 -70.84
397.40000 -70.86
397.45000 -70.88
397.50000 -70.90
397.55000 -70.91
397.60000 -70.93
397.65000 -70.96
397.70000 -70.94
397.75000 -70.96
397.80000 -70.97
397.85000 -70.97
397.90000 -70.96
397.95000 -70.94
398.00000 -70.96
398.05000 -70.96
398.10000 -70.96
398.15000 -70.98
398.20000 -70.99
398.25000 -71.00
398.30000 -70.98
398.35000 -70.99
398.40000 -71.00
398.45000 -71.00
398.50000 -71.01
398.55000 -71.02
398.60000 -71.02
398.65000 -71.02
398.70000 -71.06
398.75000 -71.04
398.80000 -71.06
398.85000 -71.05
398.90000 -71.07
398.95000 -71.06
399.00000 -71.05
399.05000 -71.06
399.10000 -71.02
399.15000 -71.03
399.20000 -71.00
399.25000 -71.01
399.30000 -71.00
399.35000 -70.99
399.40000 -70.97
399.45000 -70.94
399.50000 -70.94
399.55000 -70.92
399.60000 -70.92
399.65000 -70.92
399.70000 -70.92
399.75000 -70.94
399.80000 -70.94
399.85000 -70.94
399.90000 -70.93
399.95000 -70.92
400.00000 -70.94
400.05000 -70.95
400.10000 -70.96
400.15000 -70.96
400.20000 -70.97
400.25000 -70.99
400.30000 -71.00
400.35000 -71.03
400.40000 -71.02
400.45000 -71.01
400.50000 -71.03
400.55000 -71.03
400.60000 -71.04
400.65000 -71.03
400.70000 -71.03
400.75000 -71.04
400.80000 -71.05
400.85000 -71.06
400.90000 -71.06
400.95000 -71.06
401.00000 -71.09
401.05000 -71.11
401.10000 -71.13
401.15000 -71.14
401.20000 -71.14
401.25000 -71.13
401.30000 -71.15
401.35000 -71.14
401.40000 -71.15
401.45000 -71.15
401.50000 -71.16
401.55000 -71.15
401.60000 -71.17
401.65000 -71.17
401.70000 -71.18
401.75000 -71.19
401.80000 -71.18
401.85000 -71.20
401.90000 -71.18
401.95000 -71.20
402.00000 -71.24
402.05000 -71.22
402.10000 -71.20
402.15000 -71.24
402.20000 -71.24
402.25000 -71.24
402.30000 -71.25
402.35000 -71.25
402.40000 -71.27
402.45000 -71.26
402.50000 -71.24
402.55000 -71.23
402.60000 -71.22
402.65000 -71.19
402.70000 -71.18
402.75000 -71.17
402.80000 -71.15
402.85000 -71.12
402.90000 -71.11
402.95000 -71.10
403.00000 -71.09
403.05000 -71.08
403.10000 -71.07
403.15000 -71.07
403.20000 -71.05
403.25000 -71.01
403.30000 -71.01
403.35000 -71.00
403.40000 -71.00
403.45000 -70.96
403.50000 -70.97
403.55000 -70.99
403.60000 -70.98
403.65000 -70.98
403.70000 -70.97
403.75000 -70.98
403.80000 -70.99
403.85000 -71.01
403.90000 -71.00
403.95000 -71.01
404.00000 -70.98
404.05000 -70.99
404.10000 -71.00
404.15000 -70.99
404.20000 -71.03
404.25000 -71.02
404.30000 -71.01
404.35000 -71.01
404.40000 -71.02
404.45000 -71.04
404.50000 -71.06
404.55000 -71.06
404.60000 -71.06
404.65000 -71.06
404.70000 -71.07
404.75000 -71.06
404.80000 -71.05
404.85000 -71.04
404.90000 -71.03
404.95000 -71.02
405.00000 -71.00
405.05000 -71.00
405.10000 -71.01
405.15000 -70.98
405.20000 -70.98
405.25000 -70.99
405.30000 -70.98
405.35000 -70.97
405.40000 -70.97
405.45000 -70.96
405.50000 -70.95
405.55000 -70.97
405.60000 -70.96
405.65000 -70.95
405.70000 -70.97
405.75000 -70.96
405.80000 -70.97
405.85000 -70.99
405.90000 -70.99
405.95000 -71.01
406.00000 -71.02
406.05000 -71.01
406.10000 -71.04
406.15000 -71.04
406.20000 -71.03
406.25000 -71.03
406.30000 -71.03
406.35000 -71.02
406.40000 -71.03
406.45000 -71.01
406.50000 -70.99
406.55000 -70.97
406.60000 -70.99
406.65000 -70.98
406.70000 -70.98
406.75000 -70.97
406.80000 -70.99
406.85000 -71.00
406.90000 -71.03
406.95000 -71.02
407.00000 -71.04
407.05000 -71.05
407.10000 -71.06
407.15000 -71.06
407.20000 -71.04
407.25000 -71.03
407.30000 -71.05
407.35000 -71.06
407.40000 -71.04
407.45000 -71.05
407.50000 -71.05
407.55000 -71.04
407.60000 -71.02
407.65000 -71.00
407.70000 -71.00
407.75000 -70.99
407.80000 -70.98
407.85000 -70.98
407.90000 -70.99
407.95000 -70.99
408.00000 -70.99
408.05000 -71.00
408.10000 -71.02
408.15000 -71.01
408.20000 -71.04
408.25000 -71.04
408.30000 -71.04
408.35000 -71.06
408.40000 -71.08
408.45000 -71.08
408.50000 -71.11
408.55000 -71.10
408.60000 -71.12
408.65000 -71.13
408.70000 -71.12
408.75000 -71.11
408.80000 -71.12
408.85000 -71.12
408.90000 -71.11
408.95000 -71.12
409.00000 -71.10
409.05000 -71.10
409.10000 -71.11
409.15000 -71.10
409.20000 -71.10
409.25000 -71.09
409.30000 -71.11
409.35000 -71.12
409.40000 -71.11
409.45000 -71.13
409.50000 -71.13
409.55000 -71.14
409.60000 -71.13
409.65000 -71.12
409.70000 -71.13
409.75000 -71.12
409.80000 -71.13
409.85000 -71.15
409.90000 -71.16
409.95000 -71.15
410.00000 -71.15
410.05000 -71.17
410.10000 -71.17
410.15000 -71.18
410.20000 -71.16
410.25000 -71.15
410.30000 -71.14
410.35000 -71.11
410.40000 -71.13
410.45000 -71.12
410.50000 -71.12
410.55000 -71.13
410.60000 -71.12
410.65000 -71.11
410.70000 -71.10
410.75000 -71.11
410.80000 -71.12
410.85000 -71.13
410.90000 -71.14
410.95000 -71.11
411.00000 -71.10
411.05000 -71.09
411.10000 -71.08
411.15000 -71.08
411.20000 -71.06
411.25000 -71.05
411.30000 -71.04
411.35000 -71.01
411.40000 -71.01
411.45000 -71.02
411.50000 -71.00
411.55000 -71.01
411.60000 -71.00
411.65000 -70.99
411.70000 -71.00
411.75000 -70.99
411.80000 -71.01
411.85000 -71.00
411.90000 -70.97
411.95000 -70.95
412.00000 -70.93
412.05000 -70.93
412.10000 -70.88
412.15000 -70.86
412.20000 -70.84
412.25000 -70.83
412.30000 -70.82
412.35000 -70.81
412.40000 -70.82
412.45000 -70.81
412.50000 -70.84
412.55000 -70.84
412.60000 -70.83
412.65000 -70.84
412.70000 -70.88
412.75000 -70.88
412.80000 -70.89
412.85000 -70.91
412.90000 -70.91
412.95000 -70.92
413.00000 -70.92
413.05000 -70.92
413.10000 -70.92
413.15000 -70.93
413.20000 -70.92
413.25000 -70.92
413.30000 -70.91
413.35000 -70.90
413.40000 -70.90
413.45000 -70.90
413.50000 -70.91
413.55000 -70.87
413.60000 -70.88
413.65000 -70.86
413.70000 -70.85
413.75000 -70.87
413.80000 -70.86
413.85000 -70.85
413.90000 -70.83
413.95000 -70.83
414.00000 -70.83
414.05000 -70.85
414.10000 -70.84
414.15000 -70.86
414.20000 -70.89
414.25000 -70.91
414.30000 -70.92
414.35000 -70.92
414.40000 -70.94
414.45000 -70.97
414.50000 -71.00
414.55000 -71.00
414.60000 -71.03
414.65000 -71.01
414.70000 -71.03
414.75000 -71.03
414.80000 -71.02
414.85000 -71.03
414.90000 -71.03
414.95000 -71.03
415.00000 -71.02
415.05000 -71.04
415.10000 -71.06
415.15000 -71.05
415.20000 -71.07
415.25000 -71.07
415.30000 -71.07
415.35000 -71.09
415.40000 -71.10
415.45000 -71.11
415.50000 -71.12
415.55000 -71.14
415.60000 -71.16
415.65000 -71.18
415.70000 -71.21
415.75000 -71.20
415.80000 -71.23
415.85000 -71.24
415.90000 -71.25
415.95000 -71.27
416.00000 -71.29
416.05000 -71.30
416.10000 -71.29
416.15000 -71.31
416.20000 -71.29
416.25000 -71.29
416.30000 -71.28
416.35000 -71.27
416.40000 -71.29
416.45000 -71.28
416.50000 -71.27
416.55000 -71.26
416.60000 -71.27
416.65000 -71.26
416.70000 -71.24
416.75000 -71.23
416.80000 -71.21
416.85000 -71.18
416.90000 -71.16
416.95000 -71.13
417.00000 -71.14
417.05000 -71.14
417.10000 -71.13
417.15000 -71.15
417.20000 -71.15
417.25000 -71.16
417.30000 -71.17
417.35000 -71.15
417.40000 -71.16
417.45000 -71.17
417.50000 -71.19
417.55000 -71.19
417.60000 -71.20
417.65000 -71.19
417.70000 -71.20
417.75000 -71.22
417.80000 -71.24
417.85000 -71.23
417.90000 -71.24
417.95000 -71.24
418.00000 -71.26
418.05000 -71.26
418.10000 -71.26
418.15000 -71.29
418.20000 -71.27
418.25000 -71.29
418.30000 -71.30
418.35000 -71.29
418.40000 -71.29
418.45000 -71.29
418.50000 -71.31
418.55000 -71.31
418.60000 -71.29
418.65000 -71.29
418.70000 -71.29
418.75000 -71.29
418.80000 -71.30
418.85000 -71.28
418.90000 -71.29
418.95000 -71.26
419.00000 -71.27
419.05000 -71.23
419.10000 -71.22
419.15000 -71.18
419.20000 -71.14
419.25000 -71.09
419.30000 -71.04
419.35000 -70.99
419.40000 -70.95
419.45000 -70.90
419.50000 -70.86
419.55000 -70.83
419.60000 -70.84
419.65000 -70.80
419.70000 -70.81
419.75000 -70.80
419.80000 -70.80
419.85000 -70.81
419.90000 -70.83
419.95000 -70.81
420.00000 -70.83
420.05000 -70.82
420.10000 -70.83
420.15000 -70.81
420.20000 -70.81
420.25000 -70.84
420.30000 -70.83
420.35000 -70.85
420.40000 -70.85
420.45000 -70.87
420.50000 -70.89
420.55000 -70.91
420.60000 -70.91
420.65000 -70.90
420.70000 -70.90
420.75000 -70.89
420.80000 -70.91
420.85000 -70.92
420.90000 -70.94
420.95000 -70.95
421.00000 -70.96
421.05000 -70.97
421.10000 -70.97
421.15000 -70.96
421.20000 -70.98
421.25000 -70.97
421.30000 -70.98
421.35000 -70.98
421.40000 -70.98
421.45000 -70.99
421.50000 -70.97
421.55000 -70.97
421.60000 -70.96
421.65000 -70.98
421.70000 -70.97
421.75000 -71.00
421.80000 -70.99
421.85000 -71.00
421.90000 -70.99
421.95000 -70.99
422.00000 -70.97
422.05000 -70.94
422.10000 -70.94
422.15000 -70.93
422.20000 -70.94
422.25000 -70.93
422.30000 -70.93
422.35000 -70.95
422.40000 -70.96
422.45000 -70.96
422.50000 -70.97
422.55000 -70.99
422.60000 -71.00
422.65000 -71.03
422.70000 -71.04
422.75000 -71.06
422.80000 -71.06
422.85000 -71.08
422.90000 -71.10
422.95000 -71.07
423.00000 -71.07
423.05000 -71.06
423.10000 -71.06
423.15000 -71.07
423.20000 -71.06
423.25000 -71.04
423.30000 -71.06
423.35000 -71.07
423.40000 -71.05
423.45000 -71.04
423.50000 -71.03
423.55000 -71.03
423.60000 -71.05
423.65000 -71.06
423.70000 -71.10
423.75000 -71.09
423.80000 -71.09
423.85000 -71.11
423.90000 -71.10
423.95000 -71.12
424.00000 -71.12
424.05000 -71.13
424.10000 -71.15
424.15000 -71.16
424.20000 -71.17
424.25000 -71.13
424.30000 -71.15
424.35000 -71.14
424.40000 -71.14
424.45000 -71.12
424.50000 -71.13
424.55000 -71.09
424.60000 -71.12
424.65000 -71.09
424.70000 -71.09
424.75000 -71.09
424.80000 -71.06
424.85000 -71.05
424.90000 -71.04
424.95000 -71.02
425.00000 -71.00
425.05000 -71.02
425.10000 -71.00
425.15000 -70.99
425.20000 -70.99
425.25000 -70.99
425.30000 -70.99
425.35000 -70.99
425.40000 -70.98
425.45000 -71.00
425.50000 -71.01
425.55000 -71.01
425.60000 -71.00
425.65000 -71.01
425.70000 -71.01
425.75000 -71.02
425.80000 -71.01
425.85000 -70.99
425.90000 -70.98
425.95000 -70.96
426.00000 -70.95
426.05000 -70.95
426.10000 -70.94
426.15000 -70.93
426.20000 -70.93
426.25000 -70.92
426.30000 -70.91
426.35000 -70.89
426.40000 -70.89
426.45000 -70.89
426.50000 -70.90
426.55000 -70.89
426.60000 -70.89
426.65000 -70.91
426.70000 -70.93
426.75000 -70.92
426.80000 -70.93
426.85000 -70.94
426.90000 -70.95
426.95000 -70.97
427.00000 -70.95
427.05000 -70.95
427.10000 -70.98
427.15000 -70.97
427.20000 -70.97
427.25000 -70.97
427.30000 -70.97
427.35000 -70.96
427.40000 -70.98
427.45000 -70.95
427.50000 -70.94
427.55000 -70.94
427.60000 -70.92
427.65000 -70.94
427.70000 -70.93
427.75000 -70.94
427.80000 -70.96
427.85000 -70.98
427.90000 -71.01
427.95000 -70.99
428.00000 -71.01
428.05000 -71.00
428.10000 -71.02
428.15000 -71.02
428.20000 -71.03
428.25000 -71.02
428.30000 -71.03
428.35000 -71.00
428.40000 -71.01
428.45000 -71.00
428.50000 -70.98
428.55000 -70.98
428.60000 -70.96
428.65000 -70.95
428.70000 -70.94
428.75000 -70.92
428.80000 -70.94
428.85000 -70.96
428.90000 -70.92
428.95000 -70.94
429.00000 -70.94
429.05000 -70.95
429.10000 -70.94
429.15000 -70.95
429.20000 -70.95
429.25000 -70.97
429.30000 -70.97
429.35000 -70.97
429.40000 -70.96
429.45000 -70.99
429.50000 -71.01
429.55000 -71.02
429.60000 -71.03
429.65000 -71.04
429.70000 -71.07
429.75000 -71.09
429.80000 -71.08
429.85000 -71.12
429.90000 -71.12
429.95000 -71.13
430.00000 -71.11
430.05000 -71.13
430.10000 -71.12
430.15000 -71.12
430.20000 -71.13
430.25000 -71.13
430.30000 -71.12
430.35000 -71.10
430.40000 -71.11
430.45000 -71.10
430.50000 -71.09
430.55000 -71.05
430.60000 -71.07
430.65000 -71.06
430.70000 -71.06
430.75000 -71.06
430.80000 -71.05
430.85000 -71.04
430.90000 -71.05
430.95000 -71.04
431.00000 -71.05
431.05000 -71.05
431.10000 -71.03
431.15000 -71.02
431.20000 -71.04
431.25000 -71.03
431.30000 -71.04
431.35000 -71.03
431.40000 -71.04
431.45000 -71.01
431.50000 -71.02
431.55000 -71.04
431.60000 -71.03
431.65000 -71.04
431.70000 -71.05
431.75000 -71.04
431.80000 -71.06
431.85000 -71.07
431.90000 -71.05
431.95000 -71.05
432.00000 -71.08
432.05000 -71.08
432.10000 -71.09
432.15000 -71.12
432.20000 -71.12
432.25000 -71.11
432.30000 -71.12
432.35000 -71.12
432.40000 -71.10
432.45000 -71.10
432.50000 -71.09
432.55000 -71.09
432.60000 -71.08
432.65000 -71.08
432.70000 -71.09
432.75000 -71.10
432.80000 -71.11
432.85000 -71.10
432.90000 -71.13
432.95000 -71.14
433.00000 -71.17
433.05000 -71.16
433.10000 -71.18
433.15000 -71.21
433.20000 -71.20
433.25000 -71.19
433.30000 -71.23
433.35000 -71.24
433.40000 -71.26
433.45000 -71.26
433.50000 -71.27
433.55000 -71.27
433.60000 -71.27
433.65000 -71.27
433.70000 -71.28
433.75000 -71.26
433.80000 -71.25
433.85000 -71.24
433.90000 -71.20
433.95000 -71.20
434.00000 -71.19
434.05000 -71.16
434.10000 -71.19
434.15000 -71.19
434.20000 -71.17
434.25000 -71.20
434.30000 -71.21
434.35000 -71.21
434.40000 -71.19
434.45000 -71.17
434.50000 -71.19
434.55000 -71.18
434.60000 -71.18
434.65000 -71.19
434.70000 -71.18
434.75000 -71.19
434.80000 -71.18
434.85000 -71.18
434.90000 -71.16
434.95000 -71.14
435.00000 -71.12
435.05000 -71.10
435.10000 -71.12
435.15000 -71.10
435.20000 -71.09
435.25000 -71.09
435.30000 -71.09
435.35000 -71.09
435.40000 -71.09
435.45000 -71.11
435.50000 -71.13
435.55000 -71.14
435.60000 -71.17
435.65000 -71.16
435.70000 -71.16
435.75000 -71.13
435.80000 -71.12
435.85000 -71.09
435.90000 -71.07
435.95000 -71.04
436.00000 -71.02
436.05000 -71.01
436.10000 -71.00
436.15000 -70.99
436.20000 -70.99
436.25000 -71.00
436.30000 -71.01
436.35000 -71.01
436.40000 -71.03
436.45000 -71.04
436.50000 -71.05
436.55000 -71.05
436.60000 -71.08
436.65000 -71.10
436.70000 -71.08
436.75000 -71.10
436.80000 -71.09
436.85000 -71.08
436.90000 -71.11
436.95000 -71.12
437.00000 -71.13
437.05000 -71.14
437.10000 -71.13
437.15000 -71.15
437.20000 -71.18
437.25000 -71.18
437.30000 -71.17
437.35000 -71.18
437.40000 -71.17
437.45000 -71.18
437.50000 -71.16
437.55000 -71.15
437.60000 -71.17
437.65000 -71.16
437.70000 -71.15
437.75000 -71.15
437.80000 -71.16
437.85000 -71.17
437.90000 -71.16
437.95000 -71.16
438.00000 -71.15
438.05000 -71.13
438.10000 -71.13
438.15000 -71.11
438.20000 -71.12
438.25000 -71.12
438.30000 -71.12
438.35000 -71.12
438.40000 -71.11
438.45000 -71.12
438.50000 -71.09
438.55000 -71.09
438.60000 -71.07
438.65000 -71.08
438.70000 -71.07
438.75000 -71.05
438.80000 -71.04
438.85000 -71.05
438.90000 -71.08
438.95000 -71.07
439.00000 -71.08
439.05000 -71.07
439.10000 -71.08
439.15000 -71.09
439.20000 -71.09
439.25000 -71.08
439.30000 -71.08
439.35000 -71.08
439.40000 -71.09
439.45000 -71.09
439.50000 -71.08
439.55000 -71.07
439.60000 -71.07
439.65000 -71.06
439.70000 -71.05
439.75000 -71.05
439.80000 -71.06
439.85000 -71.07
439.90000 -71.07
439.95000 -71.06
440.00000 -71.07
440.05000 -71.05
440.10000 -71.06
440.15000 -71.05
440.20000 -71.06
440.25000 -71.07
440.30000 -71.08
440.35000 -71.09
440.40000 -71.08
440.45000 -71.09
440.50000 -71.13
440.55000 -71.13
440.60000 -71.14
440.65000 -71.16
440.70000 -71.15
440.75000 -71.15
440.80000 -71.16
440.85000 -71.18
440.90000 -71.17
440.95000 -71.17
441.00000 -71.17
441.05000 -71.17
441.10000 -71.16
441.15000 -71.16
441.20000 -71.17
441.25000 -71.17
441.30000 -71.17
441.35000 -71.14
441.40000 -71.14
441.45000 -71.14
441.50000 -71.14
441.55000 -71.14
441.60000 -71.13
441.65000 -71.11
441.70000 -71.10
441.75000 -71.05
441.80000 -71.04
441.85000 -71.03
441.90000 -71.02
441.95000 -70.99
442.00000 -70.97
442.05000 -70.94
442.10000 -70.93
442.15000 -70.91
442.20000 -70.89
442.25000 -70.82
442.30000 -70.80
442.35000 -70.79
442.40000 -70.79
442.45000 -70.76
442.50000 -70.78
442.55000 -70.79
442.60000 -70.80
442.65000 -70.82
442.70000 -70.84
442.75000 -70.85
442.80000 -70.87
442.85000 -70.90
442.90000 -70.91
442.95000 -70.94
443.00000 -70.95
443.05000 -70.96
443.10000 -70.96
443.15000 -70.97
443.20000 -70.97
443.25000 -70.98
443.30000 -70.99
443.35000 -70.99
443.40000 -71.01
443.45000 -70.99
443.50000 -70.99
443.55000 -71.01
443.60000 -70.98
443.65000 -70.96
443.70000 -70.95
443.75000 -70.93
443.80000 -70.94
443.85000 -70.93
443.90000 -70.90
443.95000 -70.89
444.00000 -70.88
444.05000 -70.90
444.10000 -70.90
444.15000 -70.91
444.20000 -70.92
444.25000 -70.93
444.30000 -70.94
444.35000 -70.94
444.40000 -70.94
444.45000 -70.94
444.50000 -70.95
444.55000 -70.96
444.60000 -70.96
444.65000 -70.99
444.70000 -70.96
444.75000 -70.96
444.80000 -70.95
444.85000 -70.96
444.90000 -70.96
444.95000 -70.97
445.00000 -70.97
445.05000 -70.99
445.10000 -70.96
445.15000 -70.99
445.20000 -71.00
445.25000 -71.01
445.30000 -71.03
445.35000 -71.04
445.40000 -71.05
445.45000 -71.08
445.50000 -71.06
445.55000 -71.09
445.60000 -71.09
445.65000 -71.09
445.70000 -71.09
445.75000 -71.09
445.80000 -71.13
445.85000 -71.14
445.90000 -71.15
445.95000 -71.16
446.00000 -71.15
446.05000 -71.17
446.10000 -71.16
446.15000 -71.19
446.20000 -71.17
446.25000 -71.19
446.30000 -71.17
446.35000 -71.18
446.40000 -71.20
446.45000 -71.21
446.50000 -71.23
446.55000 -71.20
446.60000 -71.23
446.65000 -71.21
446.70000 -71.21
446.75000 -71.20
446.80000 -71.18
446.85000 -71.18
446.90000 -71.19
446.95000 -71.17
447.00000 -71.14
447.05000 -71.15
447.10000 -71.12
447.15000 -71.10
447.20000 -71.07
447.25000 -71.08
447.30000 -71.06
447.35000 -71.06
447.40000 -71.06
447.45000 -71.07
447.50000 -71.06
447.55000 -71.09
447.60000 -71.07
447.65000 -71.08
447.70000 -71.08
447.75000 -71.05
447.80000 -71.08
447.85000 -71.07
447.90000 -71.07
447.95000 -71.07
448.00000 -71.07
448.05000 -71.08
448.10000 -71.09
448.15000 -71.10
448.20000 -71.09
448.25000 -71.10
448.30000 -71.11
448.35000 -71.12
448.40000 -71.14
448.45000 -71.14
448.50000 -71.12
448.55000 -71.14
448.60000 -71.11
448.65000 -71.10
448.70000 -71.10
448.75000 -71.09
448.80000 -71.09
448.85000 -71.08
448.90000 -71.09
448.95000 -71.09
449.00000 -71.07
449.05000 -71.06
449.10000 -71.07
449.15000 -71.09
449.20000 -71.08
449.25000 -71.07
449.30000 -71.09
449.35000 -71.09
449.40000 -71.09
449.45000 -71.12
449.50000 -71.11
449.55000 -71.13
449.60000 -71.15
449.65000 -71.16
449.70000 -71.17
449.75000 -71.16
449.80000 -71.19
449.85000 -71.19
449.90000 -71.21
449.95000 -71.21
450.00000 -71.19
450.05000 -71.20
450.10000 -71.22
450.15000 -71.22
450.20000 -71.25
450.25000 -71.24
450.30000 -71.24
450.35000 -71.25
450.40000 -71.25
450.45000 -71.27
450.50000 -71.25
450.55000 -71.24
450.60000 -71.24
450.65000 -71.22
450.70000 -71.19
450.75000 -71.17
450.80000 -71.12
450.85000 -71.10
450.90000 -71.08
450.95000 -71.08
451.00000 -71.07
451.05000 -71.06
451.10000 -71.06
451.15000 -71.04
451.20000 -71.04
451.25000 -71.03
451.30000 -71.01
451.35000 -70.97
451.40000 -70.95
451.45000 -70.93
451.50000 -70.92
451.55000 -70.91
451.60000 -70.89
451.65000 -70.90
451.70000 -70.89
451.75000 -70.90
451.80000 -70.89
451.85000 -70.89
451.90000 -70.89
451.95000 -70.88
452.00000 -70.89
452.05000 -70.92
452.10000 -70.92
452.15000 -70.93
452.20000 -70.93
452.25000 -70.94
452.30000 -70.92
452.35000 -70.92
452.40000 -70.93
452.45000 -70.91
452.50000 -70.90
452.55000 -70.90
452.60000 -70.92
452.65000 -70.91
452.70000 -70.94
452.75000 -70.94
452.80000 -70.96
452.85000 -70.94
452.90000 -70.97
452.95000 -70.99
453.00000 -70.99
453.05000 -71.01
453.10000 -71.02
453.15000 -71.03
453.20000 -71.07
453.25000 -71.08
453.30000 -71.09
453.35000 -71.09
453.40000 -71.09
453.45000 -71.10
453.50000 -71.10
453.55000 -71.11
453.60000 -71.13
453.65000 -71.15
453.70000 -71.15
453.75000 -71.16
453.80000 -71.16
453.85000 -71.16
453.90000 -71.16
453.95000 -71.11
454.00000 -71.10
454.05000 -71.08
454.10000 -71.06
454.15000 -71.03
454.20000 -71.02
454.25000 -71.02
454.30000 -71.02
454.35000 -71.03
454.40000 -71.02
454.45000 -71.03
454.50000 -71.01
454.55000 -71.02
454.60000 -71.03
454.65000 -71.02
454.70000 -71.02
454.75000 -71.02
454.80000 -71.01
454.85000 -71.00
454.90000 -71.00
454.95000 -71.01
455.00000 -71.00
455.05000 -71.03
455.10000 -71.02
455.15000 -71.05
455.20000 -71.06
455.25000 -71.07
455.30000 -71.08
455.35000 -71.13
455.40000 -71.13
455.45000 -71.14
455.50000 -71.14
455.55000 -71.16
455.60000 -71.13
455.65000 -71.12
455.70000 -71.09
455.75000 -71.06
455.80000 -71.05
455.85000 -71.04
455.90000 -70.99
455.95000 -71.00
456.00000 -70.98
456.05000 -70.98
456.10000 -70.94
456.15000 -70.94
456.20000 -70.92
456.25000 -70.94
456.30000 -70.97
456.35000 -70.96
456.40000 -70.96
456.45000 -70.96
456.50000 -70.97
456.55000 -70.99
456.60000 -70.98
456.65000 -70.97
456.70000 -70.96
456.75000 -70.99
456.80000 -71.00
456.85000 -71.00
456.90000 -71.01
456.95000 -71.01
457.00000 -71.02
457.05000 -71.03
457.10000 -71.04
457.15000 -71.05
457.20000 -71.05
457.25000 -71.05
457.30000 -71.07
457.35000 -71.05
457.40000 -71.03
457.45000 -71.04
457.50000 -71.02
457.55000 -71.01
457.60000 -71.01
457.65000 -70.98
457.70000 -70.96
457.75000 -70.92
457.80000 -70.91
457.85000 -70.90
457.90000 -70.92
457.95000 -70.91
458.00000 -70.92
458.05000 -70.93
458.10000 -70.94
458.15000 -70.96
458.20000 -70.97
458.25000 -70.98
458.30000 -71.00
458.35000 -71.04
458.40000 -71.03
458.45000 -71.06
458.50000 -71.07
458.55000 -71.09
458.60000 -71.10
458.65000 -71.09
458.70000 -71.11
458.75000 -71.11
458.80000 -71.13
458.85000 -71.16
458.90000 -71.15
458.95000 -71.16
459.00000 -71.19
459.05000 -71.21
459.10000 -71.24
459.15000 -71.23
459.20000 -71.24
459.25000 -71.26
459.30000 -71.28
459.35000 -71.27
459.40000 -71.30
459.45000 -71.32
459.50000 -71.31
459.55000 -71.29
459.60000 -71.27
459.65000 -71.28
459.70000 -71.25
459.75000 -71.24
459.80000 -71.23
459.85000 -71.23
459.90000 -71.20
459.95000 -71.20
460.00000 -71.18
460.05000 -71.18
460.10000 -71.17
460.15000 -71.16
460.20000 -71.19
460.25000 -71.19
460.30000 -71.19
460.35000 -71.21
460.40000 -71.22
460.45000 -71.22
460.50000 -71.26
460.55000 -71.25
460.60000 -71.25
460.65000 -71.28
460.70000 -71.31
460.75000 -71.30
460.80000 -71.29
460.85000 -71.30
460.90000 -71.33
460.95000 -71.31
461.00000 -71.31
461.05000 -71.31
461.10000 -71.29
461.15000 -71.28
461.20000 -71.28
461.25000 -71.24
461.30000 -71.22
461.35000 -71.20
461.40000 -71.19
461.45000 -71.16
461.50000 -71.15
461.55000 -71.13
461.60000 -71.14
461.65000 -71.12
461.70000 -71.12
461.75000 -71.11
461.80000 -71.10
461.85000 -71.10
461.90000 -71.11
461.95000 -71.13
462.00000 -71.14
462.05000 -71.16
462.10000 -71.17
462.15000 -71.17
462.20000 -71.18
462.25000 -71.18
462.30000 -71.20
462.35000 -71.17
462.40000 -71.19
462.45000 -71.19
462.50000 -71.18
462.55000 -71.18
462.60000 -71.18
462.65000 -71.17
462.70000 -71.17
462.75000 -71.18
462.80000 -71.16
462.85000 -71.19
462.90000 -71.19
462.95000 -71.19
463.00000 -71.20
463.05000 -71.18
463.10000 -71.15
463.15000 -71.14
463.20000 -71.15
463.25000 -71.15
463.30000 -71.18
463.35000 -71.17
463.40000 -71.18
463.45000 -71.17
463.50000 -71.20
463.55000 -71.22
463.60000 -71.22
463.65000 -71.21
463.70000 -71.19
463.75000 -71.17
463.80000 -71.14
463.85000 -71.13
463.90000 -71.14
463.95000 -71.12
464.00000 -71.09
464.05000 -71.08
464.10000 -71.07
464.15000 -71.06
464.20000 -71.04
464.25000 -71.02
464.30000 -71.01
464.35000 -71.01
464.40000 -71.01
464.45000 -71.01
464.50000 -71.01
464.55000 -71.02
464.60000 -71.02
464.65000 -71.03
464.70000 -71.03
464.75000 -71.01
464.80000 -71.00
464.85000 -70.99
464.90000 -71.01
464.95000 -70.99
465.00000 -70.99
465.05000 -70.97
465.10000 -70.97
465.15000 -70.96
465.20000 -70.96
465.25000 -70.95
465.30000 -70.94
465.35000 -70.95
465.40000 -70.94
465.45000 -70.93
465.50000 -70.92
465.55000 -70.90
465.60000 -70.90
465.65000 -70.86
465.70000 -70.87
465.75000 -70.88
465.80000 -70.88
465.85000 -70.87
465.90000 -70.90
465.95000 -70.90
466.00000 -70.92
466.05000 -70.93
466.10000 -70.95
466.15000 -70.96
466.20000 -70.98
466.25000 -70.99
466.30000 -71.00
466.35000 -71.03
466.40000 -71.05
466.45000 -71.05
466.50000 -71.06
466.55000 -71.07
466.60000 -71.09
466.65000 -71.12
466.70000 -71.11
466.75000 -71.12
466.80000 -71.14
466.85000 -71.15
466.90000 -71.15
466.95000 -71.15
467.00000 -71.18
467.05000 -71.20
467.10000 -71.18
467.15000 -71.21
467.20000 -71.20
467.25000 -71.22
467.30000 -71.21
467.35000 -71.20
467.40000 -71.22
467.45000 -71.22
467.50000 -71.21
467.55000 -71.23
467.60000 -71.23
467.65000 -71.22
467.70000 -71.24
467.75000 -71.24
467.80000 -71.22
467.85000 -71.21
467.90000 -71.22
467.95000 -71.21
468.00000 -71.21
468.05000 -71.21
468.10000 -71.23
468.15000 -71.22
468.20000 -71.21
468.25000 -71.20
468.30000 -71.21
468.35000 -71.23
468.40000 -71.25
468.45000 -71.26
468.50000 -71.25
468.55000 -71.26
468.60000 -71.23
468.65000 -71.23
468.70000 -71.26
468.75000 -71.22
468.80000 -71.20
468.85000 -71.18
468.90000 -71.16
468.95000 -71.14
469.00000 -71.12
469.05000 -71.09
469.10000 -71.10
469.15000 -71.10
469.20000 -71.08
469.25000 -71.09
469.30000 -71.12
469.35000 -71.11
469.40000 -71.12
469.45000 -71.14
469.50000 -71.17
469.55000 -71.16
469.60000 -71.17
469.65000 -71.20
469.70000 -71.22
469.75000 -71.22
469.80000 -71.24
469.85000 -71.25
469.90000 -71.26
469.95000 -71.28
470.00000 -71.28
470.05000 -71.29
470.10000 -71.30
470.15000 -71.27
470.20000 -71.28
470.25000 -71.27
470.30000 -71.25
470.35000 -71.24
470.40000 -71.22
470.45000 -71.22
470.50000 -71.22
470.55000 -71.22
470.60000 -71.21
470.65000 -71.23
470.70000 -71.22
470.75000 -71.21
470.80000 -71.22
470.85000 -71.22
470.90000 -71.25
470.95000 -71.25
471.00000 -71.25
471.05000 -71.28
471.10000 -71.30
471.15000 -71.28
471.20000 -71.29
471.25000 -71.31
471.30000 -71.32
471.35000 -71.32
471.40000 -71.32
471.45000 -71.30
471.50000 -71.30
471.55000 -71.26
471.60000 -71.23
471.65000 -71.22
471.70000 -71.20
471.75000 -71.18
471.80000 -71.15
471.85000 -71.13
471.90000 -71.13
471.95000 -71.12
472.00000 -71.12
472.05000 -71.11
472.10000 -71.12
472.15000 -71.13
472.20000 -71.13
472.25000 -71.14
472.30000 -71.13
472.35000 -71.14
472.40000 -71.14
472.45000 -71.14
472.50000 -71.15
472.55000 -71.15
472.60000 -71.13
472.65000 -71.14
472.70000 -71.14
472.75000 -71.13
472.80000 -71.15
472.85000 -71.16
472.90000 -71.17
472.95000 -71.16
473.00000 -71.17
473.05000 -71.17
473.10000 -71.18
473.15000 -71.18
473.20000 -71.17
473.25000 -71.16
473.30000 -71.17
473.35000 -71.19
473.40000 -71.18
473.45000 -71.20
473.50000 -71.20
473.55000 -71.18
473.60000 -71.19
473.65000 -71.14
473.70000 -71.11
473.75000 -71.08
473.80000 -71.05
473.85000 -71.05
473.90000 -71.04
473.95000 -71.03
474.00000 -71.04
474.05000 -71.06
474.10000 -71.06
474.15000 -71.06
474.20000 -71.09
474.25000 -71.10
474.30000 -71.11
474.35000 -71.13
474.40000 -71.14
474.45000 -71.14
474.50000 -71.16
474.55000 -71.18
474.60000 -71.19
474.65000 -71.21
474.70000 -71.22
474.75000 -71.21
474.80000 -71.24
474.85000 -71.23
474.90000 -71.22
474.95000 -71.22
475.00000 -71.23
475.05000 -71.23
475.10000 -71.23
475.15000 -71.24
475.20000 -71.25
475.25000 -71.26
475.30000 -71.26
475.35000 -71.28
475.40000 -71.27
475.45000 -71.30
475.50000 -71.27
475.55000 -71.26
475.60000 -71.26
475.65000 -71.25
475.70000 -71.24
475.75000 -71.23
475.80000 -71.21
475.85000 -71.17
475.90000 -71.15
475.95000 -71.13
476.00000 -71.09
476.05000 -71.04
476.10000 -71.03
476.15000 -71.02
476.20000 -70.99
476.25000 -70.98
476.30000 -70.99
476.35000 -71.00
476.40000 -71.00
476.45000 -70.99
476.50000 -71.01
476.55000 -71.01
476.60000 -71.02
476.65000 -71.00
476.70000 -71.00
476.75000 -70.99
476.80000 -71.02
476.85000 -70.99
476.90000 -70.99
476.95000 -70.98
477.00000 -70.98
477.05000 -70.97
477.10000 -70.98
477.15000 -70.99
477.20000 -70.98
477.25000 -70.97
477.30000 -70.99
477.35000 -70.97
477.40000 -70.97
477.45000 -70.98
477.50000 -70.97
477.55000 -70.99
477.60000 -70.98
477.65000 -70.98
477.70000 -70.95
477.75000 -70.94
477.80000 -70.94
477.85000 -70.93
477.90000 -70.92
477.95000 -70.89
478.00000 -70.92
478.05000 -70.89
478.10000 -70.89
478.15000 -70.90
478.20000 -70.93
478.25000 -70.93
478.30000 -70.94
478.35000 -70.95
478.40000 -70.97
478.45000 -70.97
478.50000 -71.00
478.55000 -71.01
478.60000 -71.03
478.65000 -71.04
478.70000 -71.04
478.75000 -71.04
478.80000 -71.05
478.85000 -71.05
478.90000 -71.07
478.95000 -71.08
479.00000 -71.07
479.05000 -71.07
479.10000 -71.08
479.15000 -71.07
479.20000 -71.05
479.25000 -71.06
479.30000 -71.06
479.35000 -71.09
479.40000 -71.04
479.45000 -71.08
479.50000 -71.07
479.55000 -71.05
479.60000 -71.04
479.65000 -71.05
479.70000 -71.03
479.75000 -71.03
479.80000 -71.03
479.85000 -71.02
479.90000 -71.03
479.95000 -71.05
480.00000 -71.05
480.05000 -71.03
480.10000 -71.04
480.15000 -71.06
480.20000 -71.07
480.25000 -71.09
480.30000 -71.09
480.35000 -71.08
480.40000 -71.06
480.45000 -71.06
480.50000 -71.07
480.55000 -71.05
480.60000 -71.04
480.65000 -71.02
480.70000 -71.02
480.75000 -71.00
480.80000 -71.03
480.85000 -71.03
480.90000 -71.00
480.95000 -71.02
481.00000 -71.02
481.05000 -71.02
481.10000 -71.01
481.15000 -71.02
481.20000 -71.00
481.25000 -71.01
481.30000 -71.02
481.35000 -71.00
481.40000 -71.04
481.45000 -71.06
481.50000 -71.06
481.55000 -71.09
481.60000 -71.10
481.65000 -71.12
481.70000 -71.12
481.75000 -71.13
481.80000 -71.13
481.85000 -71.14
481.90000 -71.15
481.95000 -71.15
482.00000 -71.16
482.05000 -71.18
482.10000 -71.19
482.15000 -71.16
482.20000 -71.20
482.25000 -71.20
482.30000 -71.22
482.35000 -71.23
482.40000 -71.23
482.45000 -71.23
482.50000 -71.22
482.55000 -71.21
482.60000 -71.23
482.65000 -71.21
482.70000 -71.22
482.75000 -71.20
482.80000 -71.20
482.85000 -71.18
482.90000 -71.18
482.95000 -71.18
483.00000 -71.20
483.05000 -71.20
483.10000 -71.21
483.15000 -71.23
483.20000 -71.20
483.25000 -71.21
483.30000 -71.24
483.35000 -71.21
483.40000 -71.24
483.45000 -71.24
483.50000 -71.26
483.55000 -71.24
483.60000 -71.23
483.65000 -71.22
483.70000 -71.22
483.75000 -71.20
483.80000 -71.19
483.85000 -71.17
483.90000 -71.17
483.95000 -71.15
484.00000 -71.12
484.05000 -71.09
484.10000 -71.07
484.15000 -71.07
484.20000 -71.06
484.25000 -71.04
484.30000 -71.04
484.35000 -71.05
484.40000 -71.04
484.45000 -71.05
484.50000 -71.06
484.55000 -71.07
484.60000 -71.10
484.65000 -71.11
484.70000 -71.13
484.75000 -71.15
484.80000 -71.16
484.85000 -71.17
484.90000 -71.20
484.95000 -71.20
485.00000 -71.24
485.05000 -71.26
485.10000 -71.26
485.15000 -71.29
485.20000 -71.31
485.25000 -71.31
485.30000 -71.32
485.35000 -71.34
485.40000 -71.34
485.45000 -71.33
485.50000 -71.33
485.55000 -71.33
485.60000 -71.31
485.65000 -71.30
485.70000 -71.30
485.75000 -71.29
485.80000 -71.27
485.85000 -71.26
485.90000 -71.24
485.95000 -71.27
486.00000 -71.25
486.05000 -71.24
486.10000 -71.26
486.15000 -71.25
486.20000 -71.22
486.25000 -71.25
486.30000 -71.22
486.35000 -71.22
486.40000 -71.22
486.45000 -71.20
486.50000 -71.19
486.55000 -71.18
486.60000 -71.18
486.65000 -71.18
486.70000 -71.17
486.75000 -71.17
486.80000 -71.17
486.85000 -71.16
486.90000 -71.15
486.95000 -71.17
487.00000 -71.17
487.05000 -71.16
487.10000 -71.15
487.15000 -71.15
487.20000 -71.15
487.25000 -71.14
487.30000 -71.12
487.35000 -71.08
487.40000 -71.06
487.45000 -71.04
487.50000 -71.04
487.55000 -71.06
487.60000 -71.02
487.65000 -71.02
487.70000 -71.00
487.75000 -71.03
487.80000 -71.04
487.85000 -71.04
487.90000 -71.04
487.95000 -71.05
488.00000 -71.06
488.05000 -71.06
488.10000 -71.06
488.15000 -71.06
488.20000 -71.06
488.25000 -71.07
488.30000 -71.08
488.35000 -71.10
488.40000 -71.08
488.45000 -71.08
488.50000 -71.08
488.55000 -71.09
488.60000 -71.09
488.65000 -71.11
488.70000 -71.09
488.75000 -71.09
488.80000 -71.07
488.85000 -71.06
488.90000 -71.04
488.95000 -71.00
489.00000 -70.99
489.05000 -70.98
489.10000 -70.96
489.15000 -70.96
489.20000 -70.96
489.25000 -70.99
489.30000 -70.98
489.35000 -70.97
489.40000 -71.00
489.45000 -70.98
489.50000 -70.98
489.55000 -71.01
489.60000 -71.02
489.65000 -71.00
489.70000 -70.99
489.75000 -71.01
489.80000 -71.01
489.85000 -71.02
489.90000 -71.04
489.95000 -71.03
490.00000 -71.02
490.05000 -71.01
490.10000 -71.00
490.15000 -70.98
490.20000 -71.00
490.25000 -70.97
490.30000 -70.97
490.35000 -70.94
490.40000 -70.93
490.45000 -70.92
490.50000 -70.91
490.55000 -70.91
490.60000 -70.90
490.65000 -70.89
490.70000 -70.90
490.75000 -70.91
490.80000 -70.91
490.85000 -70.91
490.90000 -70.93
490.95000 -70.93
491.00000 -70.94
491.05000 -70.97
491.10000 -70.98
491.15000 -70.98
491.20000 -70.98
491.25000 -71.01
491.30000 -71.01
491.35000 -70.99
491.40000 -71.00
491.45000 -70.99
491.50000 -71.00
491.55000 -71.01
491.60000 -71.01
491.65000 -71.01
491.70000 -71.00
491.75000 -71.02
491.80000 -71.02
491.85000 -71.03
491.90000 -71.02
491.95000 -71.02
492.00000 -71.01
492.05000 -71.01
492.10000 -70.99
492.15000 -71.01
492.20000 -71.03
492.25000 -71.04
492.30000 -71.05
492.35000 -71.08
492.40000 -71.07
492.45000 -71.09
492.50000 -71.08
492.55000 -71.09
492.60000 -71.08
492.65000 -71.10
492.70000 -71.07
492.75000 -71.13
492.80000 -71.11
492.85000 -71.11
492.90000 -71.12
492.95000 -71.10
493.00000 -71.08
493.05000 -71.08
493.10000 -71.08
493.15000 -71.06
493.20000 -71.04
493.25000 -71.05
493.30000 -71.04
493.35000 -71.03
493.40000 -71.04
493.45000 -71.05
493.50000 -71.04
493.55000 -71.02
493.60000 -71.03
493.65000 -71.00
493.70000 -70.98
493.75000 -70.94
493.80000 -70.93
493.85000 -70.91
493.90000 -70.91
493.95000 -70.87
494.00000 -70.87
494.05000 -70.85
494.10000 -70.85
494.15000 -70.87
494.20000 -70.89
494.25000 -70.88
494.30000 -70.87
494.35000 -70.86
494.40000 -70.87
494.45000 -70.88
494.50000 -70.88
494.55000 -70.87
494.60000 -70.87
494.65000 -70.84
494.70000 -70.88
494.75000 -70.88
494.80000 -70.88
494.85000 -70.90
494.90000 -70.93
494.95000 -70.94
495.00000 -70.95
495.05000 -70.97
495.10000 -70.97
495.15000 -71.00
495.20000 -71.02
495.25000 -71.01
495.30000 -71.01
495.35000 -71.02
495.40000 -71.01
495.45000 -71.00
495.50000 -71.00
495.55000 -71.02
495.60000 -71.02
495.65000 -71.04
495.70000 -71.03
495.75000 -71.02
495.80000 -71.04
495.85000 -71.05
495.90000 -71.03
495.95000 -71.06
496.00000 -71.05
496.05000 -71.06
496.10000 -71.07
496.15000 -71.07
496.20000 -71.09
496.25000 -71.13
496.30000 -71.13
496.35000 -71.15
496.40000 -71.14
496.45000 -71.16
496.50000 -71.17
496.55000 -71.19
496.60000 -71.18
496.65000 -71.19
496.70000 -71.18
496.75000 -71.18
496.80000 -71.16
496.85000 -71.15
496.90000 -71.15
496.95000 -71.12
497.00000 -71.12
497.05000 -71.11
497.10000 -71.11
497.15000 -71.10
497.20000 -71.10
497.25000 -71.09
497.30000 -71.12
497.35000 -71.13
497.40000 -71.12
497.45000 -71.11
497.50000 -71.09
497.55000 -71.07
497.60000 -71.06
497.65000 -71.04
497.70000 -71.03
497.75000 -71.00
497.80000 -70.99
497.85000 -70.97
497.90000 -70.95
497.95000 -70.94
498.00000 -70.93
498.05000 -70.92
498.10000 -70.92
498.15000 -70.94
498.20000 -70.93
498.25000 -70.92
498.30000 -70.91
498.35000 -70.92
498.40000 -70.91
498.45000 -70.91
498.50000 -70.91
498.55000 -70.91
498.60000 -70.94
498.65000 -70.96
498.70000 -71.00
498.75000 -71.01
498.80000 -71.01
498.85000 -71.03
498.90000 -71.04
498.95000 -71.04
499.00000 -71.05
499.05000 -71.07
499.10000 -71.06
499.15000 -71.05
499.20000 -71.07
499.25000 -71.04
499.30000 -71.06
499.35000 -71.05
499.40000 -71.05
499.45000 -71.03
499.50000 -71.01
499.55000 -71.01
499.60000 -71.02
499.65000 -71.03
499.70000 -71.04
499.75000 -71.03
499.80000 -71.05
499.85000 -71.06
499.90000 -71.06
499.95000 -71.06
500.00000 -71.08
500.05000 -71.08
500.10000 -71.08
500.15000 -71.07
500.20000 -71.08
500.25000 -71.08
500.30000 -71.08
500.35000 -71.11
500.40000 -71.11
500.45000 -71.13
500.50000 -71.09
500.55000 -71.13
500.60000 -71.14
500.65000 -71.14
500.70000 -71.14
500.75000 -71.14
500.80000 -71.13
500.85000 -71.11
500.90000 -71.09
500.95000 -71.08
501.00000 -71.08
501.05000 -71.08
501.10000 -71.07
501.15000 -71.07
501.20000 -71.08
501.25000 -71.05
501.30000 -71.05
501.35000 -71.04
501.40000 -71.02
501.45000 -71.03
501.50000 -71.03
501.55000 -71.05
501.60000 -71.05
501.65000 -71.06
501.70000 -71.06
501.75000 -71.03
501.80000 -71.02
501.85000 -71.01
501.90000 -70.99
501.95000 -71.01
502.00000 -71.01
502.05000 -71.00
502.10000 -71.00
502.15000 -71.00
502.20000 -71.01
502.25000 -71.03
502.30000 -71.03
502.35000 -71.05
502.40000 -71.03
502.45000 -71.04
502.50000 -71.04
502.55000 -71.03
502.60000 -71.04
502.65000 -71.02
502.70000 -71.00
502.75000 -71.00
502.80000 -71.00
502.85000 -71.00
502.90000 -71.01
502.95000 -71.00
503.00000 -71.02
503.05000 -71.02
503.10000 -71.01
503.15000 -71.02
503.20000 -71.01
503.25000 -71.01
503.30000 -71.01
503.35000 -71.02
503.40000 -71.01
503.45000 -70.99
503.50000 -70.99
503.55000 -70.98
503.60000 -70.96
503.65000 -70.97
503.70000 -70.97
503.75000 -70.96
503.80000 -70.96
503.85000 -70.97
503.90000 -70.94
503.95000 -70.97
504.00000 -70.97
504.05000 -70.95
504.10000 -70.96
504.15000 -70.94
504.20000 -70.94
504.25000 -70.95
504.30000 -70.94
504.35000 -70.94
504.40000 -70.94
504.45000 -70.96
504.50000 -70.97
504.55000 -70.98
504.60000 -70.99
504.65000 -70.99
504.70000 -71.01
504.75000 -71.01
504.80000 -71.02
504.85000 -71.00
504.90000 -71.01
504.95000 -71.01
505.00000 -70.98
505.05000 -71.01
505.10000 -71.00
505.15000 -71.01
505.20000 -71.01
505.25000 -70.97
505.30000 -70.96
505.35000 -70.93
505.40000 -70.89
505.45000 -70.88
505.50000 -70.82
505.55000 -70.82
505.60000 -70.78
505.65000 -70.78
505.70000 -70.78
505.75000 -70.75
505.80000 -70.76
505.85000 -70.73
505.90000 -70.74
505.95000 -70.73
506.00000 -70.71
506.05000 -70.70
506.10000 -70.71
506.15000 -70.70
506.20000 -70.69
506.25000 -70.69
506.30000 -70.68
506.35000 -70.69
506.40000 -70.70
506.45000 -70.71
506.50000 -70.73
506.55000 -70.73
506.60000 -70.75
506.65000 -70.76
506.70000 -70.80
506.75000 -70.78
506.80000 -70.78
506.85000 -70.79
506.90000 -70.78
506.95000 -70.81
507.00000 -70.83
507.05000 -70.80
507.10000 -70.78
507.15000 -70.77
507.20000 -70.77
507.25000 -70.77
507.30000 -70.78
507.35000 -70.79
507.40000 -70.82
507.45000 -70.84
507.50000 -70.88
507.55000 -70.91
507.60000 -70.94
507.65000 -70.96
507.70000 -70.97
507.75000 -70.99
507.80000 -71.02
507.85000 -71.04
507.90000 -71.05
507.95000 -71.06
508.00000 -71.06
508.05000 -71.07
508.10000 -71.07
508.15000 -71.08
508.20000 -71.08
508.25000 -71.08
508.30000 -71.08
508.35000 -71.07
508.40000 -71.08
508.45000 -71.05
508.50000 -71.06
508.55000 -71.05
508.60000 -71.01
508.65000 -71.01
508.70000 -71.00
508.75000 -71.00
508.80000 -71.01
508.85000 -71.02
508.90000 -71.02
508.95000 -71.03
509.00000 -71.06
509.05000 -71.03
509.10000 -71.03
509.15000 -71.02
509.20000 -71.01
509.25000 -71.01
509.30000 -70.99
509.35000 -70.98
509.40000 -70.99
509.45000 -70.98
509.50000 -70.97
509.55000 -70.97
509.60000 -70.98
509.65000 -70.98
509.70000 -70.98
509.75000 -71.01
509.80000 -71.00
509.85000 -71.02
509.90000 -71.04
509.95000 -71.03
510.00000 -71.02
510.05000 -71.02
510.10000 -71.02
510.15000 -71.02
510.20000 -71.02
510.25000 -71.01
510.30000 -71.00
510.35000 -71.03
510.40000 -71.04
510.45000 -71.03
510.50000 -71.06
510.55000 -71.07
510.60000 -71.07
510.65000 -71.07
510.70000 -71.06
510.75000 -71.05
510.80000 -71.03
510.85000 -70.98
510.90000 -70.95
510.95000 -70.93
511.00000 -70.89
511.05000 -70.87
511.10000 -70.81
511.15000 -70.80
511.20000 -70.79
511.25000 -70.76
511.30000 -70.74
511.35000 -70.72
511.40000 -70.71
511.45000 -70.68
511.50000 -70.68
511.55000 -70.70
511.60000 -70.72
511.65000 -70.71
511.70000 -70.72
511.75000 -70.76
511.80000 -70.76
511.85000 -70.77
511.90000 -70.80
511.95000 -70.81
512.00000 -70.81
512.05000 -70.81
512.10000 -70.84
512.15000 -70.83
512.20000 -70.84
512.25000 -70.87
512.30000 -70.88
512.35000 -70.90
512.40000 -70.92
512.45000 -70.94
512.50000 -70.94
512.55000 -70.97
512.60000 -70.99
512.65000 -71.01
512.70000 -71.04
512.75000 -71.02
512.80000 -71.04
512.85000 -71.05
512.90000 -71.05
512.95000 -71.05
513.00000 -71.06
513.05000 -71.05
513.10000 -71.04
513.15000 -71.03
513.20000 -71.01
513.25000 -71.01
513.30000 -70.96
513.35000 -70.96
513.40000 -70.92
513.45000 -70.92
513.50000 -70.90
513.55000 -70.87
513.60000 -70.88
513.65000 -70.89
513.70000 -70.90
513.75000 -70.91
513.80000 -70.91
513.85000 -70.94
513.90000 -70.96
513.95000 -70.95
514.00000 -70.95
514.05000 -70.95
514.10000 -70.94
514.15000 -70.92
514.20000 -70.93
514.25000 -70.93
514.30000 -70.91
514.35000 -70.91
514.40000 -70.92
514.45000 -70.94
514.50000 -70.91
514.55000 -70.93
514.60000 -70.94
514.65000 -70.94
514.70000 -70.93
514.75000 -70.92
514.80000 -70.95
514.85000 -70.94
514.90000 -70.92
514.95000 -70.94
515.00000 -70.90
515.05000 -70.91
515.10000 -70.90
515.15000 -70.88
515.20000 -70.88
515.25000 -70.88
515.30000 -70.91
515.35000 -70.92
515.40000 -70.94
515.45000 -70.95
515.50000 -70.94
515.55000 -70.94
515.60000 -70.95
515.65000 -70.93
515.70000 -70.90
515.75000 -70.92
515.80000 -70.90
515.85000 -70.91
515.90000 -70.89
515.95000 -70.88
516.00000 -70.88
516.05000 -70.89
516.10000 -70.89
516.15000 -70.88
516.20000 -70.89
516.25000 -70.90
516.30000 -70.92
516.35000 -70.91
516.40000 -70.94
516.45000 -70.94
516.50000 -70.94
516.55000 -70.94
516.60000 -70.96
516.65000 -70.99
516.70000 -70.96
516.75000 -70.95
516.80000 -70.95
516.85000 -70.97
516.90000 -70.94
516.95000 -70.94
517.00000 -70.95
517.05000 -70.95
517.10000 -70.94
517.15000 -70.92
517.20000 -70.90
517.25000 -70.88
517.30000 -70.85
517.35000 -70.82
517.40000 -70.79
517.45000 -70.78
517.50000 -70.76
517.55000 -70.75
517.60000 -70.70
517.65000 -70.71
517.70000 -70.68
517.75000 -70.67
517.80000 -70.65
517.85000 -70.66
517.90000 -70.63
517.95000 -70.64
518.00000 -70.65
518.05000 -70.65
518.10000 -70.65
518.15000 -70.66
518.20000 -70.68
518.25000 -70.69
518.30000 -70.72
518.35000 -70.72
518.40000 -70.72
518.45000 -70.73
518.50000 -70.73
518.55000 -70.73
518.60000 -70.75
518.65000 -70.75
518.70000 -70.76
518.75000 -70.78
518.80000 -70.76
518.85000 -70.76
518.90000 -70.76
518.95000 -70.72
519.00000 -70.71
519.05000 -70.69
519.10000 -70.67
519.15000 -70.63
519.20000 -70.61
519.25000 -70.61
519.30000 -70.62
519.35000 -70.65
519.40000 -70.67
519.45000 -70.72
519.50000 -70.72
519.55000 -70.74
519.60000 -70.78
519.65000 -70.79
519.70000 -70.84
519.75000 -70.86
519.80000 -70.87
519.85000 -70.90
519.90000 -70.92
519.95000 -70.94
520.00000 -70.97
520.05000 -70.96
520.10000 -70.97
520.15000 -70.98
520.20000 -70.99
520.25000 -70.97
520.30000 -70.98
520.35000 -70.99
520.40000 -70.98
520.45000 -70.96
520.50000 -70.96
520.55000 -70.96
520.60000 -70.94
520.65000 -70.93
520.70000 -70.94
520.75000 -70.95
520.80000 -70.93
520.85000 -70.93
520.90000 -70.94
520.95000 -70.92
521.00000 -70.91
521.05000 -70.91
521.10000 -70.91
521.15000 -70.90
521.20000 -70.89
521.25000 -70.89
521.30000 -70.91
521.35000 -70.88
521.40000 -70.87
521.45000 -70.89
521.50000 -70.90
521.55000 -70.88
521.60000 -70.90
521.65000 -70.90
521.70000 -70.88
521.75000 -70.90
521.80000 -70.90
521.85000 -70.90
521.90000 -70.91
521.95000 -70.92
522.00000 -70.94
522.05000 -70.95
522.10000 -70.97
522.15000 -70.97
522.20000 -70.96
522.25000 -71.00
522.30000 -71.01
522.35000 -71.01
522.40000 -71.03
522.45000 -71.05
522.50000 -71.09
522.55000 -71.07
522.60000 -71.08
522.65000 -71.09
522.70000 -71.07
522.75000 -71.07
522.80000 -71.08
522.85000 -71.05
522.90000 -71.06
522.95000 -71.06
523.00000 -71.03
523.05000 -71.03
523.10000 -71.04
523.15000 -71.03
523.20000 -71.01
523.25000 -70.98
523.30000 -70.99
523.35000 -70.99
523.40000 -70.97
523.45000 -70.99
523.50000 -71.00
523.55000 -71.02
523.60000 -71.01
523.65000 -71.04
523.70000 -71.03
523.75000 -71.05
523.80000 -71.03
523.85000 -71.02
523.90000 -71.02
523.95000 -70.99
524.00000 -70.96
524.05000 -70.94
524.10000 -70.95
524.15000 -70.95
524.20000 -70.92
524.25000 -70.95
524.30000 -70.93
524.35000 -70.93
524.40000 -70.92
524.45000 -70.95
524.50000 -70.94
524.55000 -70.95
524.60000 -70.96
524.65000 -70.96
524.70000 -70.99
524.75000 -70.98
524.80000 -70.99
524.85000 -71.00
524.90000 -70.98
524.95000 -70.98
525.00000 -70.99
525.05000 -70.98
525.10000 -71.01
525.15000 -71.00
525.20000 -71.03
525.25000 -71.04
525.30000 -71.03
525.35000 -71.00
525.40000 -71.00
525.45000 -70.99
525.50000 -71.01
525.55000 -71.02
525.60000 -71.03
525.65000 -71.03
525.70000 -71.05
525.75000 -71.09
525.80000 -71.07
525.85000 -71.07
525.90000 -71.10
525.95000 -71.08
526.00000 -71.09
526.05000 -71.06
526.10000 -71.07
526.15000 -71.05
526.20000 -71.07
526.25000 -71.06
526.30000 -71.05
526.35000 -71.05
526.40000 -71.07
526.45000 -71.07
526.50000 -71.07
526.55000 -71.07
526.60000 -71.09
526.65000 -71.08
526.70000 -71.11
526.75000 -71.08
526.80000 -71.09
526.85000 -71.08
526.90000 -71.09
526.95000 -71.10
527.00000 -71.11
527.05000 -71.13
527.10000 -71.13
527.15000 -71.12
527.20000 -71.13
527.25000 -71.14
527.30000 -71.13
527.35000 -71.10
527.40000 -71.12
527.45000 -71.10
527.50000 -71.08
527.55000 -71.05
527.60000 -71.05
527.65000 -71.02
527.70000 -71.02
527.75000 -71.02
527.80000 -70.98
527.85000 -70.98
527.90000 -70.99
527.95000 -70.97
528.00000 -70.99
528.05000 -70.98
528.10000 -71.00
528.15000 -71.00
528.20000 -71.00
528.25000 -71.00
528.30000 -71.02
528.35000 -71.00
528.40000 -70.99
528.45000 -70.98
528.50000 -70.96
528.55000 -70.92
528.60000 -70.92
528.65000 -70.93
528.70000 -70.93
528.75000 -70.91
528.80000 -70.93
528.85000 -70.92
528.90000 -70.93
528.95000 -70.96
529.00000 -70.97
529.05000 -70.94
529.10000 -70.96
529.15000 -70.97
529.20000 -70.97
529.25000 -70.97
529.30000 -70.98
529.35000 -70.98
529.40000 -70.98
529.45000 -70.97
529.50000 -70.97
529.55000 -70.97
529.60000 -70.95
529.65000 -70.95
529.70000 -70.96
529.75000 -70.98
529.80000 -70.98
529.85000 -70.97
529.90000 -70.99
529.95000 -70.96
530.00000 -70.99
530.05000 -70.99
530.10000 -70.98
530.15000 -70.97
530.20000 -70.97
530.25000 -70.96
530.30000 -70.93
530.35000 -70.94
530.40000 -70.92
530.45000 -70.94
530.50000 -70.93
530.55000 -70.93
530.60000 -70.94
530.65000 -70.94
530.70000 -70.95
530.75000 -70.94
530.80000 -70.95
530.85000 -70.94
530.90000 -70.94
530.95000 -70.97
531.00000 -71.00
531.05000 -70.99
531.10000 -71.02
531.15000 -71.02
531.20000 -71.05
531.25000 -71.04
531.30000 -71.05
531.35000 -71.08
531.40000 -71.10
531.45000 -71.10
531.50000 -71.09
531.55000 -71.11
531.60000 -71.11
531.65000 -71.10
531.70000 -71.10
531.75000 -71.06
531.80000 -71.04
531.85000 -71.01
531.90000 -70.98
531.95000 -70.93
532.00000 -70.94
532.05000 -70.92
532.10000 -70.89
532.15000 -70.89
532.20000 -70.89
532.25000 -70.86
532.30000 -70.90
532.35000 -70.92
532.40000 -70.93
532.45000 -70.94
532.50000 -70.95
532.55000 -70.97
532.60000 -70.98
532.65000 -70.99
532.70000 -70.98
532.75000 -70.99
532.80000 -71.00
532.85000 -71.00
532.90000 -71.01
532.95000 -71.03
533.00000 -71.03
533.05000 -71.02
533.10000 -71.03
533.15000 -71.05
533.20000 -71.05
533.25000 -71.10
533.30000 -71.09
533.35000 -71.11
533.40000 -71.11
533.45000 -71.15
533.50000 -71.16
533.55000 -71.14
533.60000 -71.17
533.65000 -71.17
533.70000 -71.19
533.75000 -71.19
533.80000 -71.19
533.85000 -71.20
533.90000 -71.19
533.95000 -71.19
534.00000 -71.19
534.05000 -71.18
534.10000 -71.15
534.15000 -71.12
534.20000 -71.14
534.25000 -71.14
534.30000 -71.12
534.35000 -71.13
534.40000 -71.12
534.45000 -71.11
534.50000 -71.11
534.55000 -71.10
534.60000 -71.10
534.65000 -71.11
534.70000 -71.10
534.75000 -71.12
534.80000 -71.09
534.85000 -71.11
534.90000 -71.13
534.95000 -71.11
535.00000 -71.13
535.05000 -71.11
535.10000 -71.13
535.15000 -71.14
535.20000 -71.16
535.25000 -71.13
535.30000 -71.13
535.35000 -71.14
535.40000 -71.11
535.45000 -71.13
535.50000 -71.15
535.55000 -71.15
535.60000 -71.15
535.65000 -71.16
535.70000 -71.16
535.75000 -71.16
535.80000 -71.17
535.85000 -71.17
535.90000 -71.17
535.95000 -71.17
536.00000 -71.17
536.05000 -71.16
536.10000 -71.15
536.15000 -71.15
536.20000 -71.12
536.25000 -71.12
536.30000 -71.13
536.35000 -71.14
536.40000 -71.13
536.45000 -71.13
536.50000 -71.12
536.55000 -71.12
536.60000 -71.14
536.65000 -71.13
536.70000 -71.14
536.75000 -71.16
536.80000 -71.16
536.85000 -71.16
536.90000 -71.17
536.95000 -71.17
537.00000 -71.16
537.05000 -71.16
537.10000 -71.17
537.15000 -71.16
537.20000 -71.15
537.25000 -71.15
537.30000 -71.16
537.35000 -71.13
537.40000 -71.12
537.45000 -71.09
537.50000 -71.08
537.55000 -71.03
537.60000 -71.02
537.65000 -71.00
537.70000 -70.99
537.75000 -70.98
537.80000 -70.97
537.85000 -70.97
537.90000 -70.98
537.95000 -70.97
538.00000 -70.99
538.05000 -71.00
538.10000 -70.99
538.15000 -70.99
538.20000 -70.99
538.25000 -71.01
538.30000 -71.01
538.35000 -71.04
538.40000 -71.05
538.45000 -71.03
538.50000 -71.02
538.55000 -71.01
538.60000 -71.01
538.65000 -71.00
538.70000 -70.98
538.75000 -70.98
538.80000 -70.96
538.85000 -70.95
538.90000 -70.95
538.95000 -70.92
539.00000 -70.95
539.05000 -70.91
539.10000 -70.93
539.15000 -70.92
539.20000 -70.92
539.25000 -70.91
539.30000 -70.92
539.35000 -70.93
539.40000 -70.93
539.45000 -70.95
539.50000 -70.94
539.55000 -70.97
539.60000 -70.97
539.65000 -70.98
539.70000 -70.99
539.75000 -71.00
539.80000 -71.01
539.85000 -71.01
539.90000 -71.01
539.95000 -71.04
540.00000 -71.06
540.05000 -71.06
540.10000 -71.08
540.15000 -71.07
540.20000 -71.09
540.25000 -71.12
540.30000 -71.12
540.35000 -71.11
540.40000 -71.12
540.45000 -71.13
540.50000 -71.11
540.55000 -71.10
540.60000 -71.14
540.65000 -71.13
540.70000 -71.11
540.75000 -71.14
540.80000 -71.15
540.85000 -71.18
540.90000 -71.16
540.95000 -71.15
541.00000 -71.16
541.05000 -71.18
541.10000 -71.17
541.15000 -71.19
541.20000 -71.20
541.25000 -71.22
541.30000 -71.22
541.35000 -71.21
541.40000 -71.22
541.45000 -71.23
541.50000 -71.23
541.55000 -71.24
541.60000 -71.24
541.65000 -71.24
541.70000 -71.23
541.75000 -71.22
541.80000 -71.22
541.85000 -71.20
541.90000 -71.20
541.95000 -71.20
542.00000 -71.20
542.05000 -71.18
542.10000 -71.16
542.15000 -71.15
542.20000 -71.13
542.25000 -71.14
542.30000 -71.11
542.35000 -71.11
542.40000 -71.12
542.45000 -71.09
542.50000 -71.09
542.55000 -71.10
542.60000 -71.11
542.65000 -71.11
542.70000 -71.13
542.75000 -71.14
542.80000 -71.16
542.85000 -71.14
542.90000 -71.16
542.95000 -71.15
543.00000 -71.19
543.05000 -71.18
543.10000 -71.22
543.15000 -71.21
543.20000 -71.21
543.25000 -71.23
543.30000 -71.22
543.35000 -71.22
543.40000 -71.23
543.45000 -71.23
543.50000 -71.23
543.55000 -71.23
543.60000 -71.24
543.65000 -71.23
543.70000 -71.22
543.75000 -71.22
543.80000 -71.21
543.85000 -71.23
543.90000 -71.23
543.95000 -71.24
544.00000 -71.25
544.05000 -71.26
544.10000 -71.28
544.15000 -71.29
544.20000 -71.26
544.25000 -71.29
544.30000 -71.27
544.35000 -71.24
544.40000 -71.21
544.45000 -71.19
544.50000 -71.17
544.55000 -71.14
544.60000 -71.12
544.65000 -71.12
544.70000 -71.12
544.75000 -71.11
544.80000 -71.11
544.85000 -71.12
544.90000 -71.14
544.95000 -71.13
545.00000 -71.15
545.05000 -71.14
545.10000 -71.14
545.15000 -71.14
545.20000 -71.13
545.25000 -71.15
545.30000 -71.13
545.35000 -71.12
545.40000 -71.11
545.45000 -71.11
545.50000 -71.10
545.55000 -71.07
545.60000 -71.06
545.65000 -71.06
545.70000 -71.05
545.75000 -71.04
545.80000 -71.04
545.85000 -71.03
545.90000 -71.04
545.95000 -71.03
546.00000 -71.06
546.05000 -71.06
546.10000 -71.06
546.15000 -71.04
546.20000 -71.05
546.25000 -71.03
546.30000 -71.03
546.35000 -71.02
546.40000 -71.03
546.45000 -71.02
546.50000 -71.03
546.55000 -71.03
546.60000 -71.04
546.65000 -71.03
546.70000 -71.03
546.75000 -71.02
546.80000 -71.03
546.85000 -71.02
546.90000 -71.03
546.95000 -71.05
547.00000 -71.05
547.05000 -71.05
547.10000 -71.05
547.15000 -71.05
547.20000 -71.03
547.25000 -71.04
547.30000 -71.02
547.35000 -71.01
547.40000 -71.00
547.45000 -71.00
547.50000 -71.02
547.55000 -71.02
547.60000 -71.00
547.65000 -71.01
547.70000 -71.02
547.75000 -71.01
547.80000 -71.03
547.85000 -71.03
547.90000 -71.02
547.95000 -71.05
548.00000 -71.04
548.05000 -71.07
548.10000 -71.06
548.15000 -71.07
548.20000 -71.06
548.25000 -71.05
548.30000 -71.03
548.35000 -71.00
548.40000 -70.98
548.45000 -70.99
548.50000 -70.99
548.55000 -70.99
548.60000 -70.99
548.65000 -70.99
548.70000 -71.03
548.75000 -71.04
548.80000 -71.02
548.85000 -71.05
548.90000 -71.05
548.95000 -71.07
549.00000 -71.08
549.05000 -71.07
549.10000 -71.06
549.15000 -71.08
549.20000 -71.05
549.25000 -71.05
549.30000 -71.06
549.35000 -71.08
549.40000 -71.05
549.45000 -71.09
549.50000 -71.11
549.55000 -71.10
549.60000 -71.11
549.65000 -71.14
549.70000 -71.15
549.75000 -71.18
549.80000 -71.19
549.85000 -71.20
549.90000 -71.20
549.95000 -71.23
