0.00000 -55.39768 0.91926
0.05000 -55.38288 0.92775
0.10000 -55.39274 0.92274
0.15000 -55.42234 0.92132
0.20000 -55.39932 0.91060
0.25000 -55.40096 0.88020
0.30000 -55.40425 0.88389
0.35000 -55.41576 0.89394
0.40000 -55.38946 0.90279
0.45000 -55.39768 0.88532
0.50000 -55.36808 0.89596
0.55000 -55.38288 0.90206
0.60000 -55.38781 0.88881
0.65000 -55.39110 0.89792
0.70000 -55.40919 0.88900
0.75000 -55.40425 0.89089
0.80000 -55.38946 0.89124
0.85000 -55.40096 0.87527
0.90000 -55.41247 0.86702
0.95000 -55.41741 0.89319
1.00000 -55.42069 0.90448
1.05000 -55.39110 0.89316
1.10000 -55.40096 0.89431
1.15000 -55.39110 0.89188
1.20000 -55.39603 0.88912
1.25000 -55.40096 0.88818
1.30000 -55.40425 0.88357
1.35000 -55.38946 0.90071
1.40000 -55.40754 0.89802
1.45000 -55.40261 0.86208
1.50000 -55.38617 0.87603
1.55000 -55.39768 0.87952
1.60000 -55.37630 0.89862
1.65000 -55.38781 0.88354
1.70000 -55.40590 0.87980
1.75000 -55.39932 0.87431
1.80000 -55.40425 0.87099
1.85000 -55.40425 0.89554
1.90000 -55.41741 0.88326
1.95000 -55.38946 0.89430
2.00000 -55.39768 0.88055
2.05000 -55.39603 0.87055
2.10000 -55.40919 0.89073
2.15000 -55.38946 0.88554
2.20000 -55.40590 0.88470
2.25000 -55.39110 0.87513
2.30000 -55.39932 0.87989
2.35000 -55.42563 0.88785
2.40000 -55.41083 0.88916
2.45000 -55.41741 0.88558
2.50000 -55.41083 0.90244
2.55000 -55.42398 0.91934
2.60000 -55.41905 0.89116
2.65000 -55.41905 0.87173
2.70000 -55.42069 0.88167
2.75000 -55.43714 0.88557
2.80000 -55.43056 0.88410
2.85000 -55.43056 0.87842
2.90000 -55.44700 0.89603
2.95000 -55.43549 0.88822
3.00000 -55.42892 0.89442
3.05000 -55.44042 0.89802
3.10000 -55.45358 0.88566
3.15000 -55.45193 0.88263
3.20000 -55.44371 0.89229
3.25000 -55.46015 0.88303
3.30000 -55.45522 0.87018
3.35000 -55.44042 0.86693
3.40000 -55.44536 0.88925
3.45000 -55.45687 0.87812
3.50000 -55.45522 0.86044
3.55000 -55.45193 0.86162
3.60000 -55.43878 0.86985
3.65000 -55.43714 0.86758
3.70000 -55.45029 0.89090
3.75000 -55.44042 0.87243
3.80000 -55.45687 0.90052
3.85000 -55.44700 0.90418
3.90000 -55.45029 0.91833
3.95000 -55.45029 0.90986
4.00000 -55.45358 0.89665
4.05000 -55.45358 0.91075
4.10000 -55.46509 0.91732
4.15000 -55.45193 0.89014
4.20000 -55.46180 0.90063
4.25000 -55.44042 0.88904
4.30000 -55.47331 0.89370
4.35000 -55.45687 0.90443
4.40000 -55.46344 0.89891
4.45000 -55.46673 0.89983
4.50000 -55.44536 0.91168
4.55000 -55.42727 0.89697
4.60000 -55.45522 0.91332
4.65000 -55.43385 0.90179
4.70000 -55.42727 0.92545
4.75000 -55.43878 0.92385
4.80000 -55.42892 0.93504
4.85000 -55.42563 0.94565
4.90000 -55.43385 0.93877
4.95000 -55.42892 0.92906
5.00000 -55.43220 0.96190
5.05000 -55.41412 0.94228
5.10000 -55.42234 0.92987
5.15000 -55.41412 0.93036
5.20000 -55.44371 0.93161
5.25000 -55.42892 0.94081
5.30000 -55.42727 0.96087
5.35000 -55.41576 0.95053
5.40000 -55.41247 0.94341
5.45000 -55.44536 0.93747
5.50000 -55.42234 0.96324
5.55000 -55.40425 0.95155
5.60000 -55.42234 0.94607
5.65000 -55.41741 0.95592
5.70000 -55.43220 0.94789
5.75000 -55.42069 0.96081
5.80000 -55.43714 0.96308
5.85000 -55.42892 0.94744
5.90000 -55.46344 0.95782
5.95000 -55.43056 0.94605
6.00000 -55.43878 0.93809
6.05000 -55.45358 0.94196
6.10000 -55.44536 0.94220
6.15000 -55.41905 0.95253
6.20000 -55.44865 0.94272
6.25000 -55.43878 0.94112
6.30000 -55.44700 0.94860
6.35000 -55.44865 0.94856
6.40000 -55.42398 0.93876
6.45000 -55.45029 0.93174
6.50000 -55.43714 0.94784
6.55000 -55.41576 0.95388
6.60000 -55.44536 0.94521
6.65000 -55.41741 0.96469
6.70000 -55.41247 0.95325
6.75000 -55.42563 0.95885
6.80000 -55.44042 0.94940
6.85000 -55.41741 0.93467
6.90000 -55.41905 0.94063
6.95000 -55.39439 0.92778
7.00000 -55.42398 0.92453
7.05000 -55.41412 0.93348
7.10000 -55.42892 0.93523
7.15000 -55.42727 0.91853
7.20000 -55.39932 0.92952
7.25000 -55.40919 0.93706
7.30000 -55.42727 0.91624
7.35000 -55.42234 0.92336
7.40000 -55.40425 0.92221
7.45000 -55.40096 0.92546
7.50000 -55.40425 0.93295
7.55000 -55.42398 0.94149
7.60000 -55.41576 0.93344
7.65000 -55.40425 0.92922
7.70000 -55.44042 0.91497
7.75000 -55.40096 0.91625
7.80000 -55.42563 0.88490
7.85000 -55.42069 0.89512
7.90000 -55.42234 0.90222
7.95000 -55.40096 0.90412
8.00000 -55.43220 0.92036
8.05000 -55.41412 0.88510
8.10000 -55.41741 0.89198
8.15000 -55.43549 0.88886
8.20000 -55.41576 0.88550
8.25000 -55.41905 0.88160
8.30000 -55.41412 0.89691
8.35000 -55.43385 0.89545
8.40000 -55.43056 0.89638
8.45000 -55.41412 0.89691
8.50000 -55.42892 0.88649
8.55000 -55.41741 0.89472
8.60000 -55.42234 0.90216
8.65000 -55.43878 0.89449
8.70000 -55.43549 0.92032
8.75000 -55.43385 0.92509
8.80000 -55.41083 0.86463
8.85000 -55.40919 0.88406
8.90000 -55.38781 0.86703
8.95000 -55.39932 0.87373
9.00000 -55.39110 0.86729
9.05000 -55.38452 0.89090
9.10000 -55.39274 0.88952
9.15000 -55.39603 0.88218
9.20000 -55.37630 0.88400
9.25000 -55.39932 0.88646
9.30000 -55.40754 0.88397
9.35000 -55.41247 0.89289
9.40000 -55.41412 0.87702
9.45000 -55.37301 0.88586
9.50000 -55.38452 0.87126
9.55000 -55.36973 0.88347
9.60000 -55.36973 0.89270
9.65000 -55.37301 0.89754
9.70000 -55.35986 0.90524
9.75000 -55.35822 0.90525
9.80000 -55.35164 0.90144
9.85000 -55.37466 0.87295
9.90000 -55.38123 0.91482
9.95000 -55.35000 0.91992
10.00000 -55.36315 0.89327
10.05000 -55.35164 0.89103
10.10000 -55.34835 0.91544
10.15000 -55.36150 0.89665
10.20000 -55.33026 0.89282
10.25000 -55.34013 0.89131
10.30000 -55.34835 0.89761
10.35000 -55.34342 0.89252
10.40000 -55.35986 0.88470
10.45000 -55.35000 0.88099
10.50000 -55.35164 0.89058
10.55000 -55.35164 0.89701
10.60000 -55.35000 0.89088
10.65000 -55.35493 0.89341
10.70000 -55.35657 0.88380
10.75000 -55.36150 0.88554
10.80000 -55.36808 0.86599
10.85000 -55.34671 0.87160
10.90000 -55.37137 0.86732
10.95000 -55.36808 0.86605
11.00000 -55.38452 0.88642
11.05000 -55.36315 0.88392
11.10000 -55.37301 0.87429
11.15000 -55.35657 0.88019
11.20000 -55.35986 0.87915
11.25000 -55.38781 0.87837
11.30000 -55.36479 0.89051
11.35000 -55.36808 0.90569
11.40000 -55.35822 0.88090
11.45000 -55.38452 0.87289
11.50000 -55.40096 0.87058
11.55000 -55.39932 0.87360
11.60000 -55.40261 0.86715
11.65000 -55.41083 0.86844
11.70000 -55.41905 0.88905
11.75000 -55.41412 0.89367
11.80000 -55.41247 0.87979
11.85000 -55.41905 0.88861
11.90000 -55.42234 0.87494
11.95000 -55.41576 0.87659
12.00000 -55.41905 0.87304
12.05000 -55.39603 0.88302
12.10000 -55.40754 0.86457
12.15000 -55.43878 0.87357
12.20000 -55.41247 0.87290
12.25000 -55.42727 0.87701
12.30000 -55.41741 0.87381
12.35000 -55.42563 0.85719
12.40000 -55.43549 0.87966
12.45000 -55.42892 0.86853
12.50000 -55.42727 0.88938
12.55000 -55.43714 0.87007
12.60000 -55.43549 0.85412
12.65000 -55.45193 0.83580
12.70000 -55.44700 0.85939
12.75000 -55.44865 0.83359
12.80000 -55.46344 0.85657
12.85000 -55.43714 0.85510
12.90000 -55.43714 0.86324
12.95000 -55.43056 0.86326
13.00000 -55.44700 0.86137
13.05000 -55.45029 0.86720
13.10000 -55.47166 0.87533
13.15000 -55.49139 0.87442
13.20000 -55.45358 0.88219
13.25000 -55.46015 0.88044
13.30000 -55.48153 0.85156
13.35000 -55.47988 0.84139
13.40000 -55.46015 0.86958
13.45000 -55.45851 0.86926
13.50000 -55.44865 0.86139
13.55000 -55.47002 0.85589
13.60000 -55.46673 0.86296
13.65000 -55.46509 0.85676
13.70000 -55.44207 0.85865
13.75000 -55.45522 0.85220
13.80000 -55.43714 0.85209
13.85000 -55.45029 0.86549
13.90000 -55.44865 0.85483
13.95000 -55.45851 0.85413
14.00000 -55.44700 0.85368
14.05000 -55.46838 0.82248
14.10000 -55.46180 0.83102
14.15000 -55.45193 0.84366
14.20000 -55.45687 0.84926
14.25000 -55.45687 0.83643
14.30000 -55.41905 0.83362
14.35000 -55.43385 0.82782
14.40000 -55.44042 0.84142
14.45000 -55.43385 0.85760
14.50000 -55.44865 0.82529
14.55000 -55.44536 0.82869
14.60000 -55.43549 0.85118
14.65000 -55.44042 0.83114
14.70000 -55.45193 0.85572
14.75000 -55.44700 0.84692
14.80000 -55.43549 0.84830
14.85000 -55.43056 0.85278
14.90000 -55.41412 0.82182
14.95000 -55.43549 0.82910
15.00000 -55.44700 0.83970
15.05000 -55.43385 0.84064
15.10000 -55.43220 0.84235
15.15000 -55.42727 0.87167
15.20000 -55.42069 0.82173
15.25000 -55.41247 0.85705
15.30000 -55.43549 0.84164
15.35000 -55.43385 0.83310
15.40000 -55.43220 0.84532
15.45000 -55.43878 0.84879
15.50000 -55.43220 0.84714
15.55000 -55.42563 0.85207
15.60000 -55.41741 0.84459
15.65000 -55.43878 0.83806
15.70000 -55.43385 0.83807
15.75000 -55.44042 0.83660
15.80000 -55.42563 0.83493
15.85000 -55.45358 0.84110
15.90000 -55.43714 0.82921
15.95000 -55.42398 0.83247
16.00000 -55.43385 0.83582
16.05000 -55.43714 0.82010
16.10000 -55.44371 0.85343
16.15000 -55.43220 0.84303
16.20000 -55.44371 0.83591
16.25000 -55.42727 0.82298
16.30000 -55.43714 0.81996
16.35000 -55.44207 0.83650
16.40000 -55.41083 0.82756
16.45000 -55.41741 0.81315
16.50000 -55.41247 0.83811
16.55000 -55.42069 0.84131
16.60000 -55.41412 0.82864
16.65000 -55.42892 0.84548
16.70000 -55.39603 0.82587
16.75000 -55.41247 0.83954
16.80000 -55.41576 0.84310
16.85000 -55.42069 0.83880
16.90000 -55.42398 0.80833
16.95000 -55.40261 0.80986
17.00000 -55.40261 0.82124
17.05000 -55.41741 0.81921
17.10000 -55.38617 0.81895
17.15000 -55.40754 0.82681
17.20000 -55.38617 0.83047
17.25000 -55.38288 0.82128
17.30000 -55.37137 0.81509
17.35000 -55.38781 0.83581
17.40000 -55.39274 0.82139
17.45000 -55.37137 0.82377
17.50000 -55.38288 0.83849
17.55000 -55.38123 0.83854
17.60000 -55.39110 0.84415
17.65000 -55.37301 0.83914
17.70000 -55.37959 0.86353
17.75000 -55.39439 0.84056
17.80000 -55.37795 0.84033
17.85000 -55.40425 0.84465
17.90000 -55.39439 0.85079
17.95000 -55.39110 0.85147
18.00000 -55.37301 0.84603
18.05000 -55.37466 0.82530
18.10000 -55.36479 0.82971
18.15000 -55.37301 0.82616
18.20000 -55.36808 0.83678
18.25000 -55.35000 0.85256
18.30000 -55.36315 0.85165
18.35000 -55.35493 0.84360
18.40000 -55.36150 0.85745
18.45000 -55.35822 0.84563
18.50000 -55.36644 0.85543
18.55000 -55.37795 0.84235
18.60000 -55.37466 0.84701
18.65000 -55.37466 0.85696
18.70000 -55.36150 0.85553
18.75000 -55.37137 0.84445
18.80000 -55.38946 0.83670
18.85000 -55.38781 0.83778
18.90000 -55.37959 0.84467
18.95000 -55.36479 0.83490
19.00000 -55.35822 0.82471
19.05000 -55.36479 0.82806
19.10000 -55.34671 0.84022
19.15000 -55.36808 0.84812
19.20000 -55.35328 0.81853
19.25000 -55.35328 0.81477
19.30000 -55.35822 0.83213
19.35000 -55.35657 0.82132
19.40000 -55.36315 0.82442
19.45000 -55.35657 0.84704
19.50000 -55.35822 0.83724
19.55000 -55.39274 0.84496
19.60000 -55.36479 0.83735
19.65000 -55.37137 0.84175
19.70000 -55.35986 0.84003
19.75000 -55.38617 0.84481
19.80000 -55.37959 0.83716
19.85000 -55.35986 0.84226
19.90000 -55.36808 0.84193
19.95000 -55.35986 0.81604
20.00000 -55.35822 0.84030
20.05000 -55.36315 0.84676
20.10000 -55.36150 0.84022
20.15000 -55.35822 0.83001
20.20000 -55.34177 0.82867
20.25000 -55.36479 0.84244
20.30000 -55.35328 0.83307
20.35000 -55.35986 0.84408
20.40000 -55.34177 0.82812
20.45000 -55.36973 0.80387
20.50000 -55.36315 0.81575
20.55000 -55.35986 0.80593
20.60000 -55.35986 0.81422
20.65000 -55.36150 0.82952
20.70000 -55.36644 0.81264
20.75000 -55.37795 0.82639
20.80000 -55.37959 0.81190
20.85000 -55.37301 0.78808
20.90000 -55.39274 0.82125
20.95000 -55.37301 0.82181
21.00000 -55.38617 0.80993
21.05000 -55.38123 0.82306
21.10000 -55.36479 0.81678
21.15000 -55.35822 0.83309
21.20000 -55.37795 0.83147
21.25000 -55.35493 0.82601
21.30000 -55.37466 0.82495
21.35000 -55.36973 0.80408
21.40000 -55.37795 0.80179
21.45000 -55.38617 0.83519
21.50000 -55.36973 0.83648
21.55000 -55.37301 0.84738
21.60000 -55.36808 0.82527
21.65000 -55.35328 0.83886
21.70000 -55.36150 0.83151
21.75000 -55.35657 0.82623
21.80000 -55.35328 0.82848
21.85000 -55.35986 0.83233
21.90000 -55.35328 0.83512
21.95000 -55.34835 0.83963
22.00000 -55.34342 0.83309
22.05000 -55.35986 0.83165
22.10000 -55.34671 0.83451
22.15000 -55.33684 0.81064
22.20000 -55.35822 0.82740
22.25000 -55.36315 0.82869
22.30000 -55.36479 0.81914
22.35000 -55.37630 0.83684
22.40000 -55.36150 0.84939
22.45000 -55.35164 0.82909
22.50000 -55.35000 0.83332
22.55000 -55.35493 0.83329
22.60000 -55.34177 0.82274
22.65000 -55.34506 0.81544
22.70000 -55.35657 0.80777
22.75000 -55.35493 0.79926
22.80000 -55.35328 0.80422
22.85000 -55.35986 0.80530
22.90000 -55.37137 0.78761
22.95000 -55.34835 0.80269
23.00000 -55.37466 0.78798
23.05000 -55.36973 0.78445
23.10000 -55.35328 0.77650
23.15000 -55.35657 0.78945
23.20000 -55.35328 0.77665
23.25000 -55.36644 0.78056
23.30000 -55.35986 0.78286
23.35000 -55.37137 0.77361
23.40000 -55.35986 0.77842
23.45000 -55.35493 0.78104
23.50000 -55.37137 0.76918
23.55000 -55.37466 0.79129
23.60000 -55.36150 0.77592
23.65000 -55.35822 0.77988
23.70000 -55.35000 0.77383
23.75000 -55.35822 0.76104
23.80000 -55.36808 0.76217
23.85000 -55.38781 0.76417
23.90000 -55.35822 0.76231
23.95000 -55.37630 0.76291
24.00000 -55.34013 0.76440
24.05000 -55.34177 0.78101
24.10000 -55.37137 0.77603
24.15000 -55.38781 0.75428
24.20000 -55.35164 0.73685
24.25000 -55.35164 0.76027
24.30000 -55.36479 0.76340
24.35000 -55.37630 0.75224
24.40000 -55.35493 0.75042
24.45000 -55.35000 0.75363
24.50000 -55.35493 0.74057
24.55000 -55.33191 0.74682
24.60000 -55.34342 0.75156
24.65000 -55.35164 0.75115
24.70000 -55.34835 0.74717
24.75000 -55.35493 0.73926
24.80000 -55.35822 0.74311
24.85000 -55.35657 0.77966
24.90000 -55.36808 0.76931
24.95000 -55.35493 0.74829
25.00000 -55.37137 0.76197
25.05000 -55.36644 0.75409
25.10000 -55.35657 0.76574
25.15000 -55.36150 0.76051
25.20000 -55.37466 0.78769
25.25000 -55.37466 0.77780
25.30000 -55.37630 0.77615
25.35000 -55.37137 0.75379
25.40000 -55.37795 0.77339
25.45000 -55.37795 0.77177
25.50000 -55.35493 0.79197
25.55000 -55.38946 0.78974
25.60000 -55.37466 0.77904
25.65000 -55.37137 0.77574
25.70000 -55.37795 0.77273
25.75000 -55.37466 0.78544
25.80000 -55.37630 0.77871
25.85000 -55.37630 0.80360
25.90000 -55.35822 0.78221
25.95000 -55.36808 0.77542
26.00000 -55.35986 0.77739
26.05000 -55.35822 0.78097
26.10000 -55.37630 0.79848
26.15000 -55.35164 0.76393
26.20000 -55.37137 0.77346
26.25000 -55.35164 0.80407
26.30000 -55.35493 0.78598
26.35000 -55.33849 0.78086
26.40000 -55.34013 0.79827
26.45000 -55.31876 0.81062
26.50000 -55.34177 0.82323
26.55000 -55.32204 0.80466
26.60000 -55.34506 0.80759
26.65000 -55.35164 0.80379
26.70000 -55.33849 0.78688
26.75000 -55.33684 0.81007
26.80000 -55.31218 0.79423
26.85000 -55.34506 0.80264
26.90000 -55.34342 0.80459
26.95000 -55.34506 0.79702
27.00000 -55.32862 0.79254
27.05000 -55.30560 0.81593
27.10000 -55.31711 0.78688
27.15000 -55.33355 0.79128
27.20000 -55.32862 0.79876
27.25000 -55.34177 0.79287
27.30000 -55.34342 0.80424
27.35000 -55.31876 0.80837
27.40000 -55.34013 0.80607
27.45000 -55.32204 0.81638
27.50000 -55.32040 0.81456
27.55000 -55.33684 0.78857
27.60000 -55.33849 0.80596
27.65000 -55.34013 0.81254
27.70000 -55.33849 0.81047
27.75000 -55.35328 0.81582
27.80000 -55.34671 0.81435
27.85000 -55.35986 0.79848
27.90000 -55.36150 0.78808
27.95000 -55.36808 0.80226
28.00000 -55.36315 0.79711
28.05000 -55.37137 0.81565
28.10000 -55.36150 0.83069
28.15000 -55.38288 0.81927
28.20000 -55.38781 0.81065
28.25000 -55.37795 0.83079
28.30000 -55.36973 0.81288
28.35000 -55.37630 0.80868
28.40000 -55.39603 0.81127
28.45000 -55.38288 0.84969
28.50000 -55.39932 0.81774
28.55000 -55.39274 0.83350
28.60000 -55.38946 0.83650
28.65000 -55.39439 0.83833
28.70000 -55.40096 0.81528
28.75000 -55.37795 0.85383
28.80000 -55.39439 0.82842
28.85000 -55.39439 0.84408
28.90000 -55.39274 0.83575
28.95000 -55.38288 0.83024
29.00000 -55.38288 0.83652
29.05000 -55.38617 0.83047
29.10000 -55.38946 0.82526
29.15000 -55.40261 0.84299
29.20000 -55.41741 0.82586
29.25000 -55.39603 0.84400
29.30000 -55.39768 0.83272
29.35000 -55.40261 0.83464
29.40000 -55.41412 0.82899
29.45000 -55.40096 0.84846
29.50000 -55.43056 0.86622
29.55000 -55.39932 0.85329
29.60000 -55.42069 0.85006
29.65000 -55.41905 0.83580
29.70000 -55.40590 0.85313
29.75000 -55.39768 0.86101
29.80000 -55.39439 0.86840
29.85000 -55.40919 0.82698
29.90000 -55.40590 0.83466
29.95000 -55.40590 0.83131
30.00000 -55.40919 0.82850
30.05000 -55.42069 0.83342
30.10000 -55.40096 0.83269
30.15000 -55.40919 0.84691
30.20000 -55.41905 0.83095
30.25000 -55.41083 0.84761
30.30000 -55.41083 0.84478
30.35000 -55.41412 0.86887
30.40000 -55.40590 0.84334
30.45000 -55.41576 0.84039
30.50000 -55.42563 0.87357
30.55000 -55.41083 0.84747
30.60000 -55.40425 0.85230
30.65000 -55.43385 0.87280
30.70000 -55.42069 0.87513
30.75000 -55.42727 0.86314
30.80000 -55.41741 0.87022
30.85000 -55.42563 0.87948
30.90000 -55.42398 0.86058
30.95000 -55.40425 0.87112
31.00000 -55.40754 0.84728
31.05000 -55.41741 0.85111
31.10000 -55.42069 0.84784
31.15000 -55.42398 0.82402
31.20000 -55.42892 0.84541
31.25000 -55.43220 0.84593
31.30000 -55.42892 0.83709
31.35000 -55.42069 0.83322
31.40000 -55.40754 0.84929
31.45000 -55.40425 0.83264
31.50000 -55.41247 0.84279
31.55000 -55.40590 0.82374
31.60000 -55.40425 0.84882
31.65000 -55.41905 0.84373
31.70000 -55.42234 0.84300
31.75000 -55.43220 0.83154
31.80000 -55.42069 0.82256
31.85000 -55.41905 0.83040
31.90000 -55.41576 0.86817
31.95000 -55.41905 0.84224
32.00000 -55.41905 0.83532
32.05000 -55.43714 0.85296
32.10000 -55.42727 0.84892
32.15000 -55.42398 0.84212
32.20000 -55.44207 0.84347
32.25000 -55.45358 0.86123
32.30000 -55.44865 0.86318
32.35000 -55.42398 0.86657
32.40000 -55.43714 0.87020
32.45000 -55.45029 0.85591
32.50000 -55.43056 0.87159
32.55000 -55.43714 0.86469
32.60000 -55.43878 0.86460
32.65000 -55.41905 0.86096
32.70000 -55.42398 0.85686
32.75000 -55.43220 0.84855
32.80000 -55.43056 0.84856
32.85000 -55.41247 0.85539
32.90000 -55.42727 0.86492
32.95000 -55.44207 0.84812
33.00000 -55.44700 0.85388
33.05000 -55.44042 0.84128
33.10000 -55.43714 0.86542
33.15000 -55.42892 0.85625
33.20000 -55.42398 0.84577
33.25000 -55.42398 0.85300
33.30000 -55.41576 0.87594
33.35000 -55.42234 0.86972
33.40000 -55.42727 0.87785
33.45000 -55.40754 0.85623
33.50000 -55.40919 0.85567
33.55000 -55.42727 0.85944
33.60000 -55.42727 0.84576
33.65000 -55.42234 0.86460
33.70000 -55.40096 0.84571
33.75000 -55.40096 0.86276
33.80000 -55.40425 0.87210
33.85000 -55.39603 0.87564
33.90000 -55.38781 0.87317
33.95000 -55.41576 0.88002
34.00000 -55.41741 0.86563
34.05000 -55.40261 0.88418
34.10000 -55.40590 0.87240
34.15000 -55.40919 0.87851
34.20000 -55.40919 0.89760
34.25000 -55.42234 0.88856
34.30000 -55.41083 0.89382
34.35000 -55.40590 0.88425
34.40000 -55.40919 0.89335
34.45000 -55.42234 0.90304
34.50000 -55.40590 0.88804
34.55000 -55.40261 0.88469
34.60000 -55.39274 0.90291
34.65000 -55.40261 0.89550
34.70000 -55.43056 0.88853
34.75000 -55.42234 0.88380
34.80000 -55.40754 0.88820
34.85000 -55.42069 0.87213
34.90000 -55.42727 0.86997
34.95000 -55.41741 0.87439
35.00000 -55.40919 0.86447
35.05000 -55.41741 0.87582
35.10000 -55.42563 0.89207
35.15000 -55.40754 0.88795
35.20000 -55.42398 0.87702
35.25000 -55.41576 0.86994
35.30000 -55.41741 0.87244
35.35000 -55.41576 0.88189
35.40000 -55.39439 0.87109
35.45000 -55.38781 0.88360
35.50000 -55.39439 0.88560
35.55000 -55.40425 0.86811
35.60000 -55.39110 0.87279
35.65000 -55.38452 0.86128
35.70000 -55.38288 0.86961
35.75000 -55.39603 0.86662
35.80000 -55.37137 0.86087
35.85000 -55.34671 0.86984
35.90000 -55.37137 0.86699
35.95000 -55.36315 0.88050
36.00000 -55.36150 0.86821
36.05000 -55.37466 0.86661
36.10000 -55.35822 0.83254
36.15000 -55.36644 0.85529
36.20000 -55.36644 0.86205
36.25000 -55.36315 0.84918
36.30000 -55.36479 0.85730
36.35000 -55.37466 0.86252
36.40000 -55.35328 0.88720
36.45000 -55.35822 0.88006
36.50000 -55.37959 0.89244
36.55000 -55.36315 0.88289
36.60000 -55.37137 0.87457
36.65000 -55.36315 0.86254
36.70000 -55.36150 0.86196
36.75000 -55.37466 0.87835
36.80000 -55.36315 0.86373
36.85000 -55.35493 0.85186
36.90000 -55.37137 0.86535
36.95000 -55.36150 0.86215
37.00000 -55.35493 0.87180
37.05000 -55.36315 0.87036
37.10000 -55.35328 0.86188
37.15000 -55.33684 0.85319
37.20000 -55.35164 0.84641
37.25000 -55.36808 0.82713
37.30000 -55.36808 0.83596
37.35000 -55.34506 0.83897
37.40000 -55.35657 0.83165
37.45000 -55.33684 0.84898
37.50000 -55.33520 0.86098
37.55000 -55.34506 0.83100
37.60000 -55.35493 0.81937
37.65000 -55.36808 0.82036
37.70000 -55.35328 0.81407
37.75000 -55.36973 0.81902
37.80000 -55.36644 0.82100
37.85000 -55.37795 0.82983
37.90000 -55.34835 0.83861
37.95000 -55.36150 0.82090
38.00000 -55.36479 0.84169
38.05000 -55.35822 0.82506
38.10000 -55.35657 0.83452
38.15000 -55.36479 0.81838
38.20000 -55.36808 0.81800
38.25000 -55.35657 0.81590
38.30000 -55.35657 0.82222
38.35000 -55.34342 0.82870
38.40000 -55.34342 0.82250
38.45000 -55.35328 0.81113
38.50000 -55.34177 0.81976
38.55000 -55.35986 0.81394
38.60000 -55.33849 0.82990
38.65000 -55.34506 0.81572
38.70000 -55.35657 0.80190
38.75000 -55.34177 0.80858
38.80000 -55.34177 0.80851
38.85000 -55.36644 0.78122
38.90000 -55.32204 0.81072
38.95000 -55.34013 0.81548
39.00000 -55.33684 0.80160
39.05000 -55.33026 0.82773
39.10000 -55.34342 0.78931
39.15000 -55.35657 0.79813
39.20000 -55.35493 0.79240
39.25000 -55.35328 0.78568
39.30000 -55.36973 0.79540
39.35000 -55.36315 0.81400
39.40000 -55.36644 0.81913
39.45000 -55.34013 0.81882
39.50000 -55.33026 0.81253
39.55000 -55.35822 0.79970
39.60000 -55.35328 0.80839
39.65000 -55.36973 0.82228
39.70000 -55.35493 0.78431
39.75000 -55.37466 0.77692
39.80000 -55.36315 0.77972
39.85000 -55.37795 0.78049
39.90000 -55.37137 0.80257
39.95000 -55.37795 0.79780
40.00000 -55.37795 0.77742
40.05000 -55.37630 0.77085
40.10000 -55.38123 0.77462
40.15000 -55.38123 0.77908
40.20000 -55.35986 0.77607
40.25000 -55.37137 0.77081
40.30000 -55.36644 0.76703
40.35000 -55.37137 0.77903
40.40000 -55.35986 0.77563
40.45000 -55.36644 0.77184
40.50000 -55.35657 0.78177
40.55000 -55.36808 0.77901
40.60000 -55.37795 0.79071
40.65000 -55.37959 0.78843
40.70000 -55.37301 0.78468
40.75000 -55.38452 0.77362
40.80000 -55.38781 0.76618
40.85000 -55.39274 0.78002
40.90000 -55.36973 0.77767
40.95000 -55.36973 0.77979
41.00000 -55.38781 0.78453
41.05000 -55.38781 0.77783
41.10000 -55.38617 0.79561
41.15000 -55.40590 0.77387
41.20000 -55.39603 0.79131
41.25000 -55.38946 0.78533
41.30000 -55.35986 0.78743
41.35000 -55.36644 0.78093
41.40000 -55.36479 0.79567
41.45000 -55.39932 0.78948
41.50000 -55.38452 0.79051
41.55000 -55.38123 0.79018
41.60000 -55.40425 0.80448
41.65000 -55.39768 0.80272
41.70000 -55.39768 0.80187
41.75000 -55.41083 0.79250
41.80000 -55.41083 0.79380
41.85000 -55.40425 0.80285
41.90000 -55.41905 0.78828
41.95000 -55.40919 0.77233
42.00000 -55.42069 0.76395
42.05000 -55.43056 0.77876
42.10000 -55.41905 0.76706
42.15000 -55.41576 0.77662
42.20000 -55.41741 0.78436
42.25000 -55.41247 0.78488
42.30000 -55.39274 0.78794
42.35000 -55.39603 0.77650
42.40000 -55.41741 0.77861
42.45000 -55.43056 0.79324
42.50000 -55.42563 0.79684
42.55000 -55.41247 0.79332
42.60000 -55.40754 0.79588
42.65000 -55.40754 0.79788
42.70000 -55.40919 0.80140
42.75000 -55.40425 0.77464
42.80000 -55.39932 0.77353
42.85000 -55.41576 0.77969
42.90000 -55.40919 0.78403
42.95000 -55.39274 0.79025
43.00000 -55.41412 0.80728
43.05000 -55.39603 0.80677
43.10000 -55.38617 0.81456
43.15000 -55.36479 0.83279
43.20000 -55.37466 0.81566
43.25000 -55.37959 0.82752
43.30000 -55.36808 0.82816
43.35000 -55.37795 0.82997
43.40000 -55.37301 0.84151
43.45000 -55.37630 0.83541
43.50000 -55.36479 0.84047
43.55000 -55.36808 0.84416
43.60000 -55.35657 0.83247
43.65000 -55.38123 0.83827
43.70000 -55.37795 0.84343
43.75000 -55.35328 0.86984
43.80000 -55.34506 0.84653
43.85000 -55.35986 0.84138
43.90000 -55.33849 0.86020
43.95000 -55.35493 0.84985
44.00000 -55.33849 0.84005
44.05000 -55.34671 0.84622
44.10000 -55.34506 0.84969
44.15000 -55.34342 0.84550
44.20000 -55.32369 0.85320
44.25000 -55.34342 0.87298
44.30000 -55.33026 0.86872
44.35000 -55.33684 0.85345
44.40000 -55.33849 0.84727
44.45000 -55.35328 0.84508
44.50000 -55.34342 0.85580
44.55000 -55.35000 0.85961
44.60000 -55.32533 0.84993
44.65000 -55.35328 0.85332
44.70000 -55.35822 0.83874
44.75000 -55.36479 0.83565
44.80000 -55.36315 0.84783
44.85000 -55.32862 0.84972
44.90000 -55.35328 0.85778
44.95000 -55.34671 0.83737
45.00000 -55.33520 0.85614
45.05000 -55.35328 0.83764
45.10000 -55.34506 0.84438
45.15000 -55.37466 0.83830
45.20000 -55.35164 0.82157
45.25000 -55.37630 0.82678
45.30000 -55.39439 0.83982
45.35000 -55.36150 0.83601
45.40000 -55.34671 0.83129
45.45000 -55.37301 0.83288
45.50000 -55.37137 0.82066
45.55000 -55.36150 0.81701
45.60000 -55.36644 0.82391
45.65000 -55.35657 0.81065
45.70000 -55.36315 0.82214
45.75000 -55.37137 0.80716
45.80000 -55.38946 0.82201
45.85000 -55.38781 0.81972
45.90000 -55.38452 0.83368
45.95000 -55.39768 0.83046
46.00000 -55.37795 0.82073
46.05000 -55.37466 0.82122
46.10000 -55.39932 0.82736
46.15000 -55.40261 0.82986
46.20000 -55.39603 0.82283
46.25000 -55.41247 0.82331
46.30000 -55.40096 0.84604
46.35000 -55.39274 0.83738
46.40000 -55.37630 0.85093
46.45000 -55.38452 0.84439
46.50000 -55.39603 0.84224
46.55000 -55.39110 0.82568
46.60000 -55.40425 0.83788
46.65000 -55.37959 0.84407
46.70000 -55.36644 0.85583
46.75000 -55.39274 0.82966
46.80000 -55.39768 0.83905
46.85000 -55.39110 0.85340
46.90000 -55.37466 0.83510
46.95000 -55.39932 0.84188
47.00000 -55.40919 0.81674
47.05000 -55.40425 0.81558
47.10000 -55.42069 0.81554
47.15000 -55.40754 0.81510
47.20000 -55.39932 0.82322
47.25000 -55.38617 0.82559
47.30000 -55.40425 0.82667
47.35000 -55.39439 0.81993
47.40000 -55.41412 0.83861
47.45000 -55.40261 0.85112
47.50000 -55.40261 0.83218
47.55000 -55.39274 0.83534
47.60000 -55.38617 0.81825
47.65000 -55.38946 0.82091
47.70000 -55.39603 0.82931
47.75000 -55.39439 0.86077
47.80000 -55.39110 0.83090
47.85000 -55.38946 0.81987
47.90000 -55.39274 0.83062
47.95000 -55.40261 0.84944
48.00000 -55.39274 0.83274
48.05000 -55.39603 0.83709
48.10000 -55.39768 0.82227
48.15000 -55.38781 0.84704
48.20000 -55.35657 0.86097
48.25000 -55.37137 0.85802
48.30000 -55.38946 0.85587
48.35000 -55.37301 0.87844
48.40000 -55.36315 0.86537
48.45000 -55.35164 0.86845
48.50000 -55.36973 0.87127
48.55000 -55.37959 0.85963
48.60000 -55.34835 0.87650
48.65000 -55.38946 0.88168
48.70000 -55.36973 0.87271
48.75000 -55.36808 0.86697
48.80000 -55.38288 0.87879
48.85000 -55.36808 0.87767
48.90000 -55.36315 0.89448
48.95000 -55.40590 0.88109
49.00000 -55.40919 0.88952
49.05000 -55.38617 0.87804
49.10000 -55.39110 0.86998
49.15000 -55.38617 0.85452
49.20000 -55.36315 0.88231
49.25000 -55.36808 0.86487
49.30000 -55.37466 0.87354
49.35000 -55.36479 0.86240
49.40000 -55.37466 0.86785
49.45000 -55.36479 0.86306
49.50000 -55.36479 0.85697
49.55000 -55.35000 0.84391
49.60000 -55.35164 0.83959
49.65000 -55.33849 0.84262
49.70000 -55.35822 0.85046
49.75000 -55.36973 0.85963
49.80000 -55.37137 0.84794
49.85000 -55.37137 0.85696
49.90000 -55.35822 0.84926
49.95000 -55.35328 0.84434
50.00000 -55.36973 0.84615
50.05000 -55.35657 0.83534
50.10000 -55.35986 0.85267
50.15000 -55.36479 0.83504
50.20000 -55.36479 0.85551
50.25000 -55.35493 0.86202
50.30000 -55.32533 0.87194
50.35000 -55.34013 0.86729
50.40000 -55.32862 0.85146
50.45000 -55.31711 0.86080
50.50000 -55.32204 0.86663
50.55000 -55.31547 0.87761
50.60000 -55.31876 0.87926
50.65000 -55.32862 0.85593
50.70000 -55.34835 0.84240
50.75000 -55.33684 0.85884
50.80000 -55.30889 0.86601
50.85000 -55.31218 0.87007
50.90000 -55.30067 0.86909
50.95000 -55.30725 0.84684
51.00000 -55.30231 0.85720
51.05000 -55.29903 0.86299
51.10000 -55.31876 0.87511
51.15000 -55.31218 0.87144
51.20000 -55.30889 0.85210
51.25000 -55.30560 0.86040
51.30000 -55.29738 0.85970
51.35000 -55.29574 0.86978
51.40000 -55.31053 0.86150
51.45000 -55.30396 0.88199
51.50000 -55.31547 0.86697
51.55000 -55.32040 0.84683
51.60000 -55.31218 0.87412
51.65000 -55.32862 0.86571
51.70000 -55.31218 0.83195
51.75000 -55.32204 0.85260
51.80000 -55.29574 0.85380
51.85000 -55.29903 0.86549
51.90000 -55.32698 0.86644
51.95000 -55.32204 0.85113
52.00000 -55.33191 0.82703
52.05000 -55.33026 0.85838
52.10000 -55.31218 0.84828
52.15000 -55.30396 0.82124
52.20000 -55.29738 0.85112
52.25000 -55.31053 0.84287
52.30000 -55.31711 0.82508
52.35000 -55.30560 0.82839
52.40000 -55.31876 0.81678
52.45000 -55.30889 0.81552
52.50000 -55.29903 0.82820
52.55000 -55.30560 0.82177
52.60000 -55.30889 0.84499
52.65000 -55.31547 0.85879
52.70000 -55.30725 0.86256
52.75000 -55.31711 0.84881
52.80000 -55.30067 0.84855
52.85000 -55.32862 0.83860
52.90000 -55.32698 0.82630
52.95000 -55.31053 0.82526
53.00000 -55.29738 0.81985
53.05000 -55.32698 0.81170
53.10000 -55.30889 0.83748
53.15000 -55.31547 0.80721
53.20000 -55.32533 0.82492
53.25000 -55.29738 0.82103
53.30000 -55.33191 0.82337
53.35000 -55.33849 0.83707
53.40000 -55.29409 0.82305
53.45000 -55.31218 0.82419
53.50000 -55.31547 0.81570
53.55000 -55.30889 0.84553
53.60000 -55.32040 0.84373
53.65000 -55.32533 0.84030
53.70000 -55.34013 0.82863
53.75000 -55.35164 0.82943
53.80000 -55.33191 0.84628
53.85000 -55.31876 0.83932
53.90000 -55.31547 0.85334
53.95000 -55.30725 0.84657
54.00000 -55.32204 0.82139
54.05000 -55.29903 0.82551
54.10000 -55.31382 0.84797
54.15000 -55.30889 0.83025
54.20000 -55.29245 0.86275
54.25000 -55.31382 0.86643
54.30000 -55.29738 0.84965
54.35000 -55.29903 0.85218
54.40000 -55.28752 0.84528
54.45000 -55.30560 0.87295
54.50000 -55.29903 0.85869
54.55000 -55.29738 0.83177
54.60000 -55.29080 0.83008
54.65000 -55.28587 0.81538
54.70000 -55.30725 0.81868
54.75000 -55.28258 0.82974
54.80000 -55.29738 0.81943
54.85000 -55.28258 0.82782
54.90000 -55.27765 0.82000
54.95000 -55.28587 0.86167
55.00000 -55.27930 0.86133
55.05000 -55.28423 0.85616
55.10000 -55.28752 0.83961
55.15000 -55.27930 0.83877
55.20000 -55.28258 0.85020
55.25000 -55.27436 0.84070
55.30000 -55.27601 0.83517
55.35000 -55.27272 0.82653
55.40000 -55.27930 0.83843
55.45000 -55.29080 0.82966
55.50000 -55.27930 0.82605
55.55000 -55.27765 0.82829
55.60000 -55.28258 0.83834
55.65000 -55.30067 0.85283
55.70000 -55.28916 0.83451
55.75000 -55.31218 0.83550
55.80000 -55.29903 0.82344
55.85000 -55.28423 0.83264
55.90000 -55.27601 0.84654
55.95000 -55.28423 0.85289
56.00000 -55.28094 0.85165
56.05000 -55.29080 0.86401
56.10000 -55.30067 0.84761
56.15000 -55.29080 0.83227
56.20000 -55.30560 0.84451
56.25000 -55.30725 0.82354
56.30000 -55.28423 0.82969
56.35000 -55.27930 0.82225
56.40000 -55.27930 0.80653
56.45000 -55.29245 0.81297
56.50000 -55.28916 0.82062
56.55000 -55.28752 0.84204
56.60000 -55.28752 0.84488
56.65000 -55.28423 0.82997
56.70000 -55.27765 0.83021
56.75000 -55.27107 0.83669
56.80000 -55.27930 0.83605
56.85000 -55.29409 0.84805
56.90000 -55.25792 0.85313
56.95000 -55.28258 0.84618
57.00000 -55.28587 0.82365
57.05000 -55.27601 0.82247
57.10000 -55.27601 0.82929
57.15000 -55.27272 0.84121
57.20000 -55.28094 0.84884
57.25000 -55.29574 0.82890
57.30000 -55.25957 0.83738
57.35000 -55.27272 0.81593
57.40000 -55.28423 0.84188
57.45000 -55.27765 0.82188
57.50000 -55.28423 0.81054
57.55000 -55.28916 0.81324
57.60000 -55.28258 0.84206
57.65000 -55.27601 0.83162
57.70000 -55.27930 0.83951
57.75000 -55.29574 0.82180
57.80000 -55.27930 0.83632
57.85000 -55.28258 0.80403
57.90000 -55.32204 0.80487
57.95000 -55.29574 0.80994
58.00000 -55.30725 0.80657
58.05000 -55.30889 0.80858
58.10000 -55.32040 0.80578
58.15000 -55.32369 0.79484
58.20000 -55.32698 0.79434
58.25000 -55.33191 0.76994
58.30000 -55.33684 0.80796
58.35000 -55.33849 0.80285
58.40000 -55.35000 0.82612
58.45000 -55.36150 0.80168
58.50000 -55.36315 0.82276
58.55000 -55.37301 0.80083
58.60000 -55.37630 0.82333
58.65000 -55.38452 0.80534
58.70000 -55.36315 0.81316
58.75000 -55.37630 0.79870
58.80000 -55.35328 0.79683
58.85000 -55.35493 0.81331
58.90000 -55.36479 0.81266
58.95000 -55.35657 0.82271
59.00000 -55.35986 0.80763
59.05000 -55.35493 0.81429
59.10000 -55.35164 0.80704
59.15000 -55.36315 0.80273
59.20000 -55.35657 0.78032
59.25000 -55.33849 0.80413
59.30000 -55.35164 0.80816
59.35000 -55.36644 0.79930
59.40000 -55.36315 0.77862
59.45000 -55.35493 0.77070
59.50000 -55.35000 0.78420
59.55000 -55.35822 0.78170
59.60000 -55.34671 0.79761
59.65000 -55.34671 0.79210
59.70000 -55.35328 0.79576
59.75000 -55.33849 0.78536
59.80000 -55.35986 0.78061
59.85000 -55.36150 0.78800
59.90000 -55.36644 0.79408
59.95000 -55.34177 0.77560
60.00000 -55.35164 0.80605
60.05000 -55.34671 0.78706
60.10000 -55.33520 0.78156
60.15000 -55.35328 0.79561
60.20000 -55.37137 0.76480
60.25000 -55.36808 0.78462
60.30000 -55.38617 0.77017
60.35000 -55.38781 0.78235
60.40000 -55.37466 0.79516
60.45000 -55.37466 0.78203
60.50000 -55.35164 0.77480
60.55000 -55.36315 0.75781
60.60000 -55.35986 0.78301
60.65000 -55.37301 0.75202
60.70000 -55.36973 0.78394
60.75000 -55.37466 0.77052
60.80000 -55.35328 0.77503
60.85000 -55.36150 0.76536
60.90000 -55.35822 0.77688
60.95000 -55.35822 0.76923
61.00000 -55.37137 0.76800
61.05000 -55.38288 0.77302
61.10000 -55.37137 0.76629
61.15000 -55.35493 0.77180
61.20000 -55.36150 0.76343
61.25000 -55.36973 0.77268
61.30000 -55.35822 0.77769
61.35000 -55.36479 0.77348
61.40000 -55.37795 0.77552
61.45000 -55.37630 0.76789
61.50000 -55.37301 0.75489
61.55000 -55.35164 0.75629
61.60000 -55.34671 0.75976
61.65000 -55.35657 0.73719
61.70000 -55.35986 0.74936
61.75000 -55.35986 0.73726
61.80000 -55.33849 0.75137
61.85000 -55.32533 0.73464
61.90000 -55.34671 0.74851
61.95000 -55.33520 0.74518
62.00000 -55.33684 0.73206
62.05000 -55.33026 0.75306
62.10000 -55.32204 0.73842
62.15000 -55.32533 0.74594
62.20000 -55.34013 0.71953
62.25000 -55.32862 0.72598
62.30000 -55.34342 0.68849
62.35000 -55.34177 0.70390
62.40000 -55.34671 0.68615
62.45000 -55.34835 0.71613
62.50000 -55.35328 0.71036
62.55000 -55.35986 0.72982
62.60000 -55.36150 0.70957
62.65000 -55.35657 0.72213
62.70000 -55.36150 0.72809
62.75000 -55.36644 0.69983
62.80000 -55.34342 0.71779
62.85000 -55.35986 0.71253
62.90000 -55.36808 0.71294
62.95000 -55.36479 0.72901
63.00000 -55.35328 0.73074
63.05000 -55.35986 0.73641
63.10000 -55.37301 0.71325
63.15000 -55.34506 0.73976
63.20000 -55.37301 0.73680
63.25000 -55.36315 0.72652
63.30000 -55.35822 0.74019
63.35000 -55.38123 0.73936
63.40000 -55.37795 0.74955
63.45000 -55.37301 0.74211
63.50000 -55.38123 0.73138
63.55000 -55.38946 0.73332
63.60000 -55.39603 0.72675
63.65000 -55.36315 0.73128
63.70000 -55.35328 0.73439
63.75000 -55.37630 0.72512
63.80000 -55.37466 0.73110
63.85000 -55.37466 0.71074
63.90000 -55.37137 0.74879
63.95000 -55.37301 0.74883
64.00000 -55.35328 0.74554
64.05000 -55.35000 0.74787
64.10000 -55.35986 0.76142
64.15000 -55.35986 0.77166
64.20000 -55.36479 0.76184
64.25000 -55.38288 0.74222
64.30000 -55.36808 0.75263
64.35000 -55.37466 0.76704
64.40000 -55.39274 0.78988
64.45000 -55.37466 0.77089
64.50000 -55.35822 0.75745
64.55000 -55.37630 0.76313
64.60000 -55.37795 0.75091
64.65000 -55.38123 0.74564
64.70000 -55.37959 0.76936
64.75000 -55.38123 0.75354
64.80000 -55.38781 0.76707
64.85000 -55.37137 0.78282
64.90000 -55.37301 0.78758
64.95000 -55.39110 0.75368
65.00000 -55.40096 0.77012
65.05000 -55.40754 0.78232
65.10000 -55.40425 0.78493
65.15000 -55.40590 0.77813
65.20000 -55.39932 0.76970
65.25000 -55.40261 0.75442
65.30000 -55.39439 0.77350
65.35000 -55.38123 0.78338
65.40000 -55.39439 0.78242
65.45000 -55.38123 0.78636
65.50000 -55.38123 0.79549
65.55000 -55.39274 0.77761
65.60000 -55.38617 0.76237
65.65000 -55.39603 0.77084
65.70000 -55.39274 0.79863
65.75000 -55.39439 0.80104
65.80000 -55.41412 0.78563
65.85000 -55.40919 0.79763
65.90000 -55.39274 0.80225
65.95000 -55.39274 0.79991
66.00000 -55.41247 0.76899
66.05000 -55.40919 0.77512
66.10000 -55.40919 0.77593
66.15000 -55.40754 0.76971
66.20000 -55.39110 0.78156
66.25000 -55.40096 0.78033
66.30000 -55.38288 0.80441
66.35000 -55.39932 0.78071
66.40000 -55.37959 0.77870
66.45000 -55.37795 0.77206
66.50000 -55.39110 0.78909
66.55000 -55.38123 0.78375
66.60000 -55.37795 0.80913
66.65000 -55.37959 0.80958
66.70000 -55.37466 0.79724
66.75000 -55.38946 0.78286
66.80000 -55.39603 0.80923
66.85000 -55.39768 0.79960
66.90000 -55.40919 0.79813
66.95000 -55.39603 0.80796
67.00000 -55.37795 0.81040
67.05000 -55.39110 0.81184
67.10000 -55.40096 0.81633
67.15000 -55.38946 0.81917
67.20000 -55.38452 0.79995
67.25000 -55.37137 0.81753
67.30000 -55.36808 0.83166
67.35000 -55.35822 0.82809
67.40000 -55.38123 0.81234
67.45000 -55.37795 0.80157
67.50000 -55.38288 0.81145
67.55000 -55.38123 0.79542
67.60000 -55.36479 0.78798
67.65000 -55.36973 0.81867
67.70000 -55.36315 0.82082
67.75000 -55.35822 0.79563
67.80000 -55.36973 0.80323
67.85000 -55.38123 0.81136
67.90000 -55.37466 0.78646
67.95000 -55.37630 0.79053
68.00000 -55.37137 0.78659
68.05000 -55.35822 0.78844
68.10000 -55.35493 0.79705
68.15000 -55.36808 0.79564
68.20000 -55.37466 0.79895
68.25000 -55.37630 0.79763
68.30000 -55.36973 0.78176
68.35000 -55.35657 0.80861
68.40000 -55.36973 0.78023
68.45000 -55.36808 0.78462
68.50000 -55.37630 0.78075
68.55000 -55.36150 0.77936
68.60000 -55.37137 0.76324
68.65000 -55.37795 0.80928
68.70000 -55.37959 0.79117
68.75000 -55.38781 0.77563
68.80000 -55.39274 0.79362
68.85000 -55.37301 0.79506
68.90000 -55.37630 0.78981
68.95000 -55.36973 0.79847
69.00000 -55.37137 0.80526
69.05000 -55.38946 0.80026
69.10000 -55.36315 0.81456
69.15000 -55.35822 0.81674
69.20000 -55.36644 0.81243
69.25000 -55.37301 0.80819
69.30000 -55.38123 0.79607
69.35000 -55.36973 0.80032
69.40000 -55.35822 0.80183
69.45000 -55.35822 0.79584
69.50000 -55.35000 0.81264
69.55000 -55.35493 0.80466
69.60000 -55.34671 0.81330
69.65000 -55.33355 0.82273
69.70000 -55.35164 0.80943
69.75000 -55.36150 0.80459
69.80000 -55.35657 0.80381
69.85000 -55.36150 0.78337
69.90000 -55.35986 0.78707
69.95000 -55.34835 0.77967
70.00000 -55.32533 0.78989
70.05000 -55.35164 0.80591
70.10000 -55.35164 0.78284
70.15000 -55.34177 0.79809
70.20000 -55.33849 0.79680
70.25000 -55.33684 0.79818
70.30000 -55.34177 0.79466
70.35000 -55.35164 0.79331
70.40000 -55.36644 0.79601
70.45000 -55.35657 0.79827
70.50000 -55.33684 0.79997
70.55000 -55.35000 0.78107
70.60000 -55.35986 0.78888
70.65000 -55.35164 0.80137
70.70000 -55.36150 0.78808
70.75000 -55.34671 0.76817
70.80000 -55.34342 0.76358
70.85000 -55.33520 0.76886
70.90000 -55.32862 0.78395
70.95000 -55.34013 0.78960
71.00000 -55.33355 0.79987
71.05000 -55.34177 0.79129
71.10000 -55.34013 0.77783
71.15000 -55.35164 0.78740
71.20000 -55.33520 0.77821
71.25000 -55.35493 0.79791
71.30000 -55.35822 0.78758
71.35000 -55.34342 0.78945
71.40000 -55.34671 0.79783
71.45000 -55.34671 0.81288
71.50000 -55.35657 0.82000
71.55000 -55.33849 0.81096
71.60000 -55.32369 0.80296
71.65000 -55.33026 0.79418
71.70000 -55.33026 0.81127
71.75000 -55.31053 0.79713
71.80000 -55.34013 0.80282
71.85000 -55.33355 0.80150
71.90000 -55.33684 0.81999
71.95000 -55.35657 0.82298
72.00000 -55.34835 0.80545
72.05000 -55.38288 0.81982
72.10000 -55.36150 0.80762
72.15000 -55.37137 0.82398
72.20000 -55.35822 0.82437
72.25000 -55.34835 0.81451
72.30000 -55.33191 0.82833
72.35000 -55.35000 0.83761
72.40000 -55.34671 0.82958
72.45000 -55.36644 0.83870
72.50000 -55.35164 0.84769
72.55000 -55.35493 0.84158
72.60000 -55.35657 0.84765
72.65000 -55.35657 0.85387
72.70000 -55.34835 0.85787
72.75000 -55.37301 0.87676
72.80000 -55.34835 0.86599
72.85000 -55.37301 0.83840
72.90000 -55.36973 0.84515
72.95000 -55.35493 0.87063
73.00000 -55.36315 0.86735
73.05000 -55.36973 0.85125
73.10000 -55.35822 0.85107
73.15000 -55.35493 0.85726
73.20000 -55.35000 0.84828
73.25000 -55.35493 0.86703
73.30000 -55.36808 0.87429
73.35000 -55.34342 0.86624
73.40000 -55.35986 0.85792
73.45000 -55.35822 0.84684
73.50000 -55.35493 0.85533
73.55000 -55.36644 0.85888
73.60000 -55.37301 0.86795
73.65000 -55.34013 0.86236
73.70000 -55.35493 0.82401
73.75000 -55.36150 0.87135
73.80000 -55.34013 0.87344
73.85000 -55.35493 0.85086
73.90000 -55.35822 0.85713
73.95000 -55.35822 0.85414
74.00000 -55.35822 0.84233
74.05000 -55.35328 0.86135
74.10000 -55.34671 0.84649
74.15000 -55.35657 0.83908
74.20000 -55.37301 0.85991
74.25000 -55.35328 0.86800
74.30000 -55.35328 0.88443
74.35000 -55.35000 0.84700
74.40000 -55.34835 0.85034
74.45000 -55.34013 0.85126
74.50000 -55.33684 0.83095
74.55000 -55.33191 0.82448
74.60000 -55.32369 0.81415
74.65000 -55.31382 0.83027
74.70000 -55.31547 0.82299
74.75000 -55.30725 0.82960
74.80000 -55.33684 0.83492
74.85000 -55.33520 0.82568
74.90000 -55.34013 0.84064
74.95000 -55.34506 0.83782
75.00000 -55.33849 0.82853
75.05000 -55.32204 0.82312
75.10000 -55.32533 0.85026
75.15000 -55.34013 0.85086
75.20000 -55.34013 0.85413
75.25000 -55.31218 0.83284
75.30000 -55.32204 0.83785
75.35000 -55.31547 0.83922
75.40000 -55.32533 0.84590
75.45000 -55.31876 0.85863
75.50000 -55.31053 0.85013
75.55000 -55.32369 0.85253
75.60000 -55.31876 0.85889
75.65000 -55.31711 0.86449
75.70000 -55.31876 0.84856
75.75000 -55.30231 0.84152
75.80000 -55.32369 0.85407
75.85000 -55.31382 0.85292
75.90000 -55.31382 0.84339
75.95000 -55.30889 0.85177
76.00000 -55.29409 0.86512
76.05000 -55.30889 0.86831
76.10000 -55.29903 0.85617
76.15000 -55.30560 0.86496
76.20000 -55.31218 0.85769
76.25000 -55.32204 0.87356
76.30000 -55.32204 0.85233
76.35000 -55.31218 0.86159
76.40000 -55.29574 0.87552
76.45000 -55.29080 0.87585
76.50000 -55.30725 0.86335
76.55000 -55.30067 0.85808
76.60000 -55.30725 0.84792
76.65000 -55.30231 0.85753
76.70000 -55.31218 0.86463
76.75000 -55.30889 0.84829
76.80000 -55.31053 0.84023
76.85000 -55.30725 0.82671
76.90000 -55.29245 0.81562
76.95000 -55.29409 0.80268
77.00000 -55.29409 0.82499
77.05000 -55.30560 0.83175
77.10000 -55.30725 0.81750
77.15000 -55.30725 0.81142
77.20000 -55.30396 0.82117
77.25000 -55.30231 0.80658
77.30000 -55.30560 0.82708
77.35000 -55.30560 0.80356
77.40000 -55.29903 0.82240
77.45000 -55.30396 0.81267
77.50000 -55.32698 0.80140
77.55000 -55.28587 0.81845
77.60000 -55.30067 0.79099
77.65000 -55.29574 0.79855
77.70000 -55.29080 0.80296
77.75000 -55.29080 0.80112
77.80000 -55.29409 0.80360
77.85000 -55.29903 0.79036
77.90000 -55.32369 0.78046
77.95000 -55.32204 0.81093
78.00000 -55.32040 0.79001
78.05000 -55.30889 0.79028
78.10000 -55.31547 0.79607
78.15000 -55.31218 0.79437
78.20000 -55.31711 0.81047
78.25000 -55.32533 0.81283
78.30000 -55.30067 0.82024
78.35000 -55.31053 0.80282
78.40000 -55.30725 0.81296
78.45000 -55.30725 0.80169
78.50000 -55.33026 0.79769
78.55000 -55.33026 0.80698
78.60000 -55.32862 0.78649
78.65000 -55.33026 0.79239
78.70000 -55.31218 0.80759
78.75000 -55.30560 0.81642
78.80000 -55.31547 0.79141
78.85000 -55.31711 0.80730
78.90000 -55.34342 0.83547
78.95000 -55.34671 0.79883
79.00000 -55.33684 0.79932
79.05000 -55.34177 0.79574
79.10000 -55.32862 0.83192
79.15000 -55.33684 0.82676
79.20000 -55.32862 0.81666
79.25000 -55.34013 0.82125
79.30000 -55.33849 0.82405
79.35000 -55.33026 0.83730
79.40000 -55.31053 0.83969
79.45000 -55.29574 0.84455
79.50000 -55.30889 0.84593
79.55000 -55.31218 0.81704
79.60000 -55.31876 0.83905
79.65000 -55.31382 0.84373
79.70000 -55.31876 0.84486
79.75000 -55.31547 0.83623
79.80000 -55.31382 0.84082
79.85000 -55.31876 0.85471
79.90000 -55.29903 0.86345
79.95000 -55.31218 0.85263
80.00000 -55.29738 0.86069
80.05000 -55.32040 0.85598
80.10000 -55.30560 0.87288
80.15000 -55.30560 0.85848
80.20000 -55.33191 0.87009
80.25000 -55.32040 0.86049
80.30000 -55.32040 0.84770
80.35000 -55.31876 0.86648
80.40000 -55.28587 0.87361
80.45000 -55.28094 0.85485
80.50000 -55.31053 0.85207
80.55000 -55.27765 0.84576
80.60000 -55.27765 0.84805
80.65000 -55.29738 0.83082
80.70000 -55.27930 0.86929
80.75000 -55.29738 0.84434
80.80000 -55.30725 0.82671
80.85000 -55.30231 0.83193
80.90000 -55.30067 0.85563
80.95000 -55.30725 0.84489
81.00000 -55.32533 0.83786
81.05000 -55.30396 0.86036
81.10000 -55.31053 0.82980
81.15000 -55.29574 0.83028
81.20000 -55.31547 0.83234
81.25000 -55.32369 0.84872
81.30000 -55.30067 0.82818
81.35000 -55.30396 0.84427
81.40000 -55.29080 0.84926
81.45000 -55.28094 0.85405
81.50000 -55.29245 0.85247
81.55000 -55.28258 0.83193
81.60000 -55.30560 0.83093
81.65000 -55.31547 0.84146
81.70000 -55.29738 0.85005
81.75000 -55.30067 0.84948
81.80000 -55.29903 0.86471
81.85000 -55.29903 0.86108
81.90000 -55.30231 0.84967
81.95000 -55.30067 0.85609
82.00000 -55.31053 0.83656
82.05000 -55.30231 0.83371
82.10000 -55.28423 0.85509
82.15000 -55.30725 0.84818
82.20000 -55.29574 0.83315
82.25000 -55.30231 0.84368
82.30000 -55.32698 0.84543
82.35000 -55.31218 0.80892
82.40000 -55.30231 0.84510
82.45000 -55.30889 0.84654
82.50000 -55.29903 0.85070
82.55000 -55.30725 0.83806
82.60000 -55.27272 0.83264
82.65000 -55.27436 0.80833
82.70000 -55.28916 0.83260
82.75000 -55.29080 0.81086
82.80000 -55.30725 0.82367
82.85000 -55.29903 0.81301
82.90000 -55.28094 0.81728
82.95000 -55.29738 0.80238
83.00000 -55.29080 0.79634
83.05000 -55.27601 0.80949
83.10000 -55.28587 0.79824
83.15000 -55.29080 0.80932
83.20000 -55.28752 0.79418
83.25000 -55.28752 0.81400
83.30000 -55.27930 0.81145
83.35000 -55.30067 0.80744
83.40000 -55.28587 0.79187
83.45000 -55.29409 0.78938
83.50000 -55.26943 0.81101
83.55000 -55.28094 0.78807
83.60000 -55.27930 0.76881
83.65000 -55.28916 0.79189
83.70000 -55.29080 0.77739
83.75000 -55.27601 0.81349
83.80000 -55.27436 0.80062
83.85000 -55.28094 0.80818
83.90000 -55.28258 0.79842
83.95000 -55.28916 0.78923
84.00000 -55.28258 0.79757
84.05000 -55.29245 0.80140
84.10000 -55.29903 0.82019
84.15000 -55.29245 0.81156
84.20000 -55.29409 0.82499
84.25000 -55.28423 0.81488
84.30000 -55.28916 0.80987
84.35000 -55.28916 0.81840
84.40000 -55.28916 0.81757
84.45000 -55.27930 0.80920
84.50000 -55.28587 0.82109
84.55000 -55.28094 0.82131
84.60000 -55.29738 0.80302
84.65000 -55.30889 0.81132
84.70000 -55.30231 0.81437
84.75000 -55.29080 0.80756
84.80000 -55.28916 0.80649
84.85000 -55.30396 0.80210
84.90000 -55.27601 0.78407
84.95000 -55.26779 0.80504
85.00000 -55.29409 0.83274
85.05000 -55.26121 0.82698
85.10000 -55.27765 0.81555
85.15000 -55.27930 0.84195
85.20000 -55.27107 0.84197
85.25000 -55.27436 0.84570
85.30000 -55.27436 0.85812
85.35000 -55.26779 0.85096
85.40000 -55.24641 0.86850
85.45000 -55.23655 0.86124
85.50000 -55.24312 0.85663
85.55000 -55.27436 0.87598
85.60000 -55.25792 0.87786
85.65000 -55.26943 0.87624
85.70000 -55.26614 0.87439
85.75000 -55.26614 0.87465
85.80000 -55.28423 0.88640
85.85000 -55.27765 0.91630
85.90000 -55.28752 0.91168
85.95000 -55.29245 0.90090
86.00000 -55.28752 0.92100
86.05000 -55.27765 0.88573
86.10000 -55.28423 0.88813
86.15000 -55.28258 0.87572
86.20000 -55.26614 0.88545
86.25000 -55.29574 0.89474
86.30000 -55.29738 0.92912
86.35000 -55.28752 0.91666
86.40000 -55.27765 0.90995
86.45000 -55.30889 0.91528
86.50000 -55.28587 0.92592
86.55000 -55.28587 0.92000
86.60000 -55.26943 0.90632
86.65000 -55.29080 0.91294
86.70000 -55.30396 0.93450
86.75000 -55.29738 0.92599
86.80000 -55.28916 0.92181
86.85000 -55.27601 0.92382
86.90000 -55.28094 0.91902
86.95000 -55.28916 0.93029
87.00000 -55.28094 0.93358
87.05000 -55.27930 0.91980
87.10000 -55.28916 0.94805
87.15000 -55.28587 0.94779
87.20000 -55.28587 0.96085
87.25000 -55.28423 0.96072
87.30000 -55.28752 0.94690
87.35000 -55.28423 0.96815
87.40000 -55.27601 0.96037
87.45000 -55.28752 0.94822
87.50000 -55.25463 0.95301
87.55000 -55.26943 0.95785
87.60000 -55.26450 0.94533
87.65000 -55.26285 0.95748
87.70000 -55.27272 0.96997
87.75000 -55.26121 0.94757
87.80000 -55.26121 0.97235
87.85000 -55.26614 0.97933
87.90000 -55.28752 0.96110
87.95000 -55.27272 0.94904
88.00000 -55.26450 0.94882
88.05000 -55.27930 0.97255
88.10000 -55.28423 0.93696
88.15000 -55.28587 0.94911
88.20000 -55.27930 0.96403
88.25000 -55.29409 0.95183
88.30000 -55.30725 0.98098
88.35000 -55.30231 0.98936
88.40000 -55.28916 0.97381
88.45000 -55.29409 0.97463
88.50000 -55.28587 0.95937
88.55000 -55.26943 0.96925
88.60000 -55.28094 0.97689
88.65000 -55.26779 0.98805
88.70000 -55.27272 0.96956
88.75000 -55.28094 0.96594
88.80000 -55.28094 0.95331
88.85000 -55.29738 0.93693
88.90000 -55.28916 0.94166
88.95000 -55.29080 0.95707
89.00000 -55.27272 0.97594
89.05000 -55.28094 0.96723
89.10000 -55.28587 0.98639
89.15000 -55.26779 0.98245
89.20000 -55.27601 0.95150
89.25000 -55.29080 0.96004
89.30000 -55.28423 0.95912
89.35000 -55.28752 0.97701
89.40000 -55.30067 0.95603
89.45000 -55.28752 0.95700
89.50000 -55.28587 0.95246
89.55000 -55.30725 0.97346
89.60000 -55.30889 0.95865
89.65000 -55.29080 0.97551
89.70000 -55.29245 0.95009
89.75000 -55.29574 0.95677
89.80000 -55.30725 0.94577
89.85000 -55.30231 0.96117
89.90000 -55.28752 0.96935
89.95000 -55.29738 0.94750
90.00000 -55.28423 0.94066
90.05000 -55.30396 0.94894
90.10000 -55.30396 0.95211
90.15000 -55.29080 0.93846
90.20000 -55.29574 0.95128
90.25000 -55.29903 0.94887
90.30000 -55.28916 0.95618
90.35000 -55.29738 0.95128
90.40000 -55.28587 0.93381
90.45000 -55.27436 0.93268
90.50000 -55.26779 0.95638
90.55000 -55.31053 0.95404
90.60000 -55.30889 0.94393
90.65000 -55.30396 0.95217
90.70000 -55.30725 0.94541
90.75000 -55.29245 0.93018
90.80000 -55.30889 0.93600
90.85000 -55.29738 0.92888
90.90000 -55.29738 0.92611
90.95000 -55.30067 0.93951
91.00000 -55.29574 0.93523
91.05000 -55.27107 0.94491
91.10000 -55.28258 0.92951
91.15000 -55.27601 0.92536
91.20000 -55.29409 0.92046
91.25000 -55.29080 0.96766
91.30000 -55.27930 0.96042
91.35000 -55.29245 0.94667
91.40000 -55.27765 0.94438
91.45000 -55.28423 0.95537
91.50000 -55.29080 0.97282
91.55000 -55.29409 0.93378
91.60000 -55.30067 0.93951
91.65000 -55.30067 0.95929
91.70000 -55.27601 0.95800
91.75000 -55.27272 0.96792
91.80000 -55.27930 0.95519
91.85000 -55.27436 0.93512
91.90000 -55.29080 0.92723
91.95000 -55.27272 0.92234
92.00000 -55.28423 0.93587
92.05000 -55.25299 0.94333
92.10000 -55.28752 0.94798
92.15000 -55.30067 0.93891
92.20000 -55.28094 0.92260
92.25000 -55.31547 0.92841
92.30000 -55.32204 0.92962
92.35000 -55.30889 0.91565
92.40000 -55.30725 0.92095
92.45000 -55.29245 0.93439
92.50000 -55.31218 0.93203
92.55000 -55.30560 0.93933
92.60000 -55.29903 0.95580
92.65000 -55.29245 0.94661
92.70000 -55.29903 0.94315
92.75000 -55.31218 0.93435
92.80000 -55.29903 0.92210
92.85000 -55.31876 0.93394
92.90000 -55.30889 0.91117
92.95000 -55.31547 0.89335
93.00000 -55.30231 0.92785
93.05000 -55.31218 0.93478
93.10000 -55.28752 0.89499
93.15000 -55.30067 0.89579
93.20000 -55.29738 0.90366
93.25000 -55.30231 0.90090
93.30000 -55.29574 0.91057
93.35000 -55.31218 0.92634
93.40000 -55.30725 0.91344
93.45000 -55.31053 0.90813
93.50000 -55.32040 0.89861
93.55000 -55.30889 0.90194
93.60000 -55.31876 0.90484
93.65000 -55.32369 0.89855
93.70000 -55.32862 0.89053
93.75000 -55.30560 0.89731
93.80000 -55.32204 0.91362
93.85000 -55.30067 0.92418
93.90000 -55.30725 0.91450
93.95000 -55.31711 0.91776
94.00000 -55.32040 0.89854
94.05000 -55.33684 0.91865
94.10000 -55.31053 0.91082
94.15000 -55.31053 0.88772
94.20000 -55.31711 0.89668
94.25000 -55.29738 0.89027
94.30000 -55.33026 0.89835
94.35000 -55.32204 0.88251
94.40000 -55.31711 0.88015
94.45000 -55.33684 0.88037
94.50000 -55.31382 0.90170
94.55000 -55.33520 0.89240
94.60000 -55.33520 0.88824
94.65000 -55.30396 0.88649
94.70000 -55.32533 0.91057
94.75000 -55.34671 0.90132
94.80000 -55.33684 0.91828
94.85000 -55.33191 0.87855
94.90000 -55.32698 0.88599
94.95000 -55.34177 0.88409
95.00000 -55.31382 0.89473
95.05000 -55.32862 0.88051
95.10000 -55.34835 0.88201
95.15000 -55.34177 0.87126
95.20000 -55.33849 0.88858
95.25000 -55.33355 0.87879
95.30000 -55.33520 0.87994
95.35000 -55.32698 0.88612
95.40000 -55.32533 0.87103
95.45000 -55.33684 0.86386
95.50000 -55.30231 0.87800
95.55000 -55.32698 0.85759
95.60000 -55.29738 0.85957
95.65000 -55.30560 0.87568
95.70000 -55.32533 0.87922
95.75000 -55.34671 0.86695
95.80000 -55.33520 0.86664
95.85000 -55.33520 0.88972
95.90000 -55.33026 0.86984
95.95000 -55.33355 0.89050
96.00000 -55.33684 0.88553
96.05000 -55.33191 0.90112
96.10000 -55.32698 0.86499
96.15000 -55.33191 0.87758
96.20000 -55.33355 0.89560
96.25000 -55.32369 0.88045
96.30000 -55.33355 0.88170
96.35000 -55.32369 0.89411
96.40000 -55.34342 0.88142
96.45000 -55.33026 0.89575
96.50000 -55.33520 0.90135
96.55000 -55.34342 0.87214
96.60000 -55.34013 0.88868
96.65000 -55.32533 0.87344
96.70000 -55.33026 0.87466
96.75000 -55.33191 0.88262
96.80000 -55.33520 0.86500
96.85000 -55.35000 0.90426
96.90000 -55.33355 0.89655
96.95000 -55.34342 0.89169
97.00000 -55.33684 0.89199
97.05000 -55.32698 0.90732
97.10000 -55.34506 0.88608
97.15000 -55.33026 0.89442
97.20000 -55.35822 0.87818
97.25000 -55.33849 0.90910
97.30000 -55.34177 0.93369
97.35000 -55.36644 0.91614
97.40000 -55.33191 0.91305
97.45000 -55.33520 0.93098
97.50000 -55.35328 0.89981
97.55000 -55.35000 0.90684
97.60000 -55.36973 0.92106
97.65000 -55.35657 0.91909
97.70000 -55.36150 0.91673
97.75000 -55.35493 0.90241
97.80000 -55.33684 0.90454
97.85000 -55.34671 0.92081
97.90000 -55.38123 0.92410
97.95000 -55.36150 0.91450
98.00000 -55.37137 0.91147
98.05000 -55.37137 0.90363
98.10000 -55.37630 0.90700
98.15000 -55.35822 0.90725
98.20000 -55.36479 0.90830
98.25000 -55.37466 0.90929
98.30000 -55.35493 0.90234
98.35000 -55.36315 0.90724
98.40000 -55.37301 0.92083
98.45000 -55.37630 0.90468
98.50000 -55.37795 0.87587
98.55000 -55.38452 0.87263
98.60000 -55.38452 0.91011
98.65000 -55.39274 0.91207
98.70000 -55.39439 0.89658
98.75000 -55.38617 0.89993
98.80000 -55.40919 0.90298
98.85000 -55.38617 0.90485
98.90000 -55.38781 0.90994
98.95000 -55.39439 0.89557
99.00000 -55.39603 0.88912
99.05000 -55.40096 0.89660
99.10000 -55.40919 0.89086
99.15000 -55.39932 0.90558
99.20000 -55.39932 0.89744
99.25000 -55.39274 0.86723
99.30000 -55.35986 0.88019
99.35000 -55.39768 0.89802
99.40000 -55.40096 0.87051
99.45000 -55.38123 0.85846
99.50000 -55.38288 0.88209
99.55000 -55.38288 0.87203
99.60000 -55.38617 0.88308
99.65000 -55.38781 0.88257
99.70000 -55.36973 0.87921
99.75000 -55.40425 0.86680
99.80000 -55.39932 0.88144
99.85000 -55.39768 0.89733
99.90000 -55.41412 0.88747
99.95000 -55.39439 0.87695
100.00000 -55.38781 0.87779
100.05000 -55.41412 0.86861
100.10000 -55.41247 0.87401
100.15000 -55.42234 0.87259
100.20000 -55.43385 0.84812
100.25000 -55.43056 0.86220
100.30000 -55.43056 0.88725
100.35000 -55.42069 0.88874
100.40000 -55.41905 0.87499
100.45000 -55.43878 0.86011
100.50000 -55.45193 0.86208
100.55000 -55.44700 0.85161
100.60000 -55.42727 0.87415
100.65000 -55.44207 0.84731
100.70000 -55.46838 0.84515
100.75000 -55.45687 0.87676
100.80000 -55.44865 0.85815
100.85000 -55.44865 0.84626
100.90000 -55.43220 0.86495
100.95000 -55.44536 0.85711
101.00000 -55.43385 0.84759
101.05000 -55.42563 0.84131
101.10000 -55.41741 0.85070
101.15000 -55.43220 0.85576
101.20000 -55.45029 0.86061
101.25000 -55.44207 0.86493
101.30000 -55.41576 0.86449
101.35000 -55.42234 0.84563
101.40000 -55.42892 0.86629
101.45000 -55.43056 0.84311
101.50000 -55.41905 0.84494
101.55000 -55.45193 0.85305
101.60000 -55.44207 0.83697
101.65000 -55.44042 0.85623
101.70000 -55.44536 0.83403
101.75000 -55.42398 0.84926
101.80000 -55.44371 0.86666
101.85000 -55.45358 0.85619
101.90000 -55.44865 0.86304
101.95000 -55.44700 0.87741
102.00000 -55.44042 0.87932
102.05000 -55.44371 0.85363
102.10000 -55.47331 0.85444
102.15000 -55.43878 0.88625
102.20000 -55.42398 0.87396
102.25000 -55.44207 0.87604
102.30000 -55.43714 0.89611
102.35000 -55.45687 0.87188
102.40000 -55.45358 0.86407
102.45000 -55.43220 0.86863
102.50000 -55.45851 0.86932
102.55000 -55.44700 0.86815
102.60000 -55.46344 0.86806
102.65000 -55.44536 0.86162
102.70000 -55.43220 0.87457
102.75000 -55.45358 0.84992
102.80000 -55.46673 0.86559
102.85000 -55.45358 0.86341
102.90000 -55.46180 0.85831
102.95000 -55.46509 0.85169
103.00000 -55.44700 0.85514
103.05000 -55.44700 0.85601
103.10000 -55.45522 0.86090
103.15000 -55.44700 0.84071
103.20000 -55.45522 0.83056
103.25000 -55.44536 0.85405
103.30000 -55.42727 0.84583
103.35000 -55.44042 0.83796
103.40000 -55.46509 0.83373
103.45000 -55.45687 0.83090
103.50000 -55.42892 0.81784
103.55000 -55.45358 0.84022
103.60000 -55.43385 0.82182
103.65000 -55.45358 0.82835
103.70000 -55.44207 0.82492
103.75000 -55.43385 0.81612
103.80000 -55.42727 0.83663
103.85000 -55.41905 0.82532
103.90000 -55.45029 0.82785
103.95000 -55.44865 0.82852
104.00000 -55.42727 0.81659
104.05000 -55.44207 0.81959
104.10000 -55.41247 0.83239
104.15000 -55.41083 0.82114
104.20000 -55.40754 0.83018
104.25000 -55.41905 0.82601
104.30000 -55.43056 0.81817
104.35000 -55.40590 0.82726
104.40000 -55.42398 0.82395
104.45000 -55.43385 0.83922
104.50000 -55.40754 0.84513
104.55000 -55.41083 0.84391
104.60000 -55.42398 0.85073
104.65000 -55.42727 0.85752
104.70000 -55.41412 0.85054
104.75000 -55.41247 0.84434
104.80000 -55.39768 0.86891
104.85000 -55.40261 0.86228
104.90000 -55.41412 0.86992
104.95000 -55.41412 0.86204
105.00000 -55.40261 0.87108
105.05000 -55.40425 0.86673
105.10000 -55.40425 0.86232
105.15000 -55.40261 0.86234
105.20000 -55.40919 0.87844
105.25000 -55.38946 0.85580
105.30000 -55.42234 0.84738
105.35000 -55.39274 0.87037
105.40000 -55.40261 0.87811
105.45000 -55.41576 0.87905
105.50000 -55.41576 0.87561
105.55000 -55.42892 0.89873
105.60000 -55.41741 0.87341
105.65000 -55.41576 0.86942
105.70000 -55.39274 0.86611
105.75000 -55.39274 0.87324
105.80000 -55.39932 0.87412
105.85000 -55.41247 0.88752
105.90000 -55.40754 0.86404
105.95000 -55.40096 0.87533
106.00000 -55.38288 0.86837
106.05000 -55.39274 0.84805
106.10000 -55.40754 0.86713
106.15000 -55.37795 0.85390
106.20000 -55.39439 0.87947
106.25000 -55.37959 0.84703
106.30000 -55.40096 0.82768
106.35000 -55.38288 0.84039
106.40000 -55.38781 0.84522
106.45000 -55.38123 0.85434
106.50000 -55.36150 0.85931
106.55000 -55.37301 0.83432
106.60000 -55.36479 0.85037
106.65000 -55.37137 0.84188
106.70000 -55.37630 0.84482
106.75000 -55.37301 0.84698
106.80000 -55.36808 0.83152
106.85000 -55.37301 0.83315
106.90000 -55.36315 0.83859
106.95000 -55.36150 0.84791
107.00000 -55.35657 0.83996
107.05000 -55.36808 0.83786
107.10000 -55.36150 0.83710
107.15000 -55.36973 0.84851
107.20000 -55.36150 0.84663
107.25000 -55.38123 0.84152
107.30000 -55.36479 0.84196
107.35000 -55.36315 0.86215
107.40000 -55.37301 0.85113
107.45000 -55.36315 0.87661
107.50000 -55.36644 0.86660
107.55000 -55.36479 0.86306
107.60000 -55.35822 0.84449
107.65000 -55.35657 0.85786
107.70000 -55.37137 0.85136
107.75000 -55.35493 0.87304
107.80000 -55.37301 0.86051
107.85000 -55.39439 0.86229
107.90000 -55.39274 0.84610
107.95000 -55.39274 0.85533
108.00000 -55.38288 0.86797
108.05000 -55.39768 0.87074
108.10000 -55.38288 0.86883
108.15000 -55.39439 0.88141
108.20000 -55.38946 0.85053
108.25000 -55.36973 0.86162
108.30000 -55.37466 0.88968
108.35000 -55.36315 0.86735
108.40000 -55.38288 0.87151
108.45000 -55.38452 0.87341
108.50000 -55.38781 0.87714
108.55000 -55.37795 0.88035
108.60000 -55.38617 0.87388
108.65000 -55.38452 0.87861
108.70000 -55.37466 0.87191
108.75000 -55.37959 0.86254
108.80000 -55.37630 0.85945
108.85000 -55.37630 0.86407
108.90000 -55.38617 0.85944
108.95000 -55.39439 0.86459
109.00000 -55.40096 0.87136
109.05000 -55.40096 0.86526
109.10000 -55.39932 0.85802
109.15000 -55.39274 0.86057
109.20000 -55.40425 0.84667
109.25000 -55.42563 0.84361
109.30000 -55.39603 0.85112
109.35000 -55.40261 0.86043
109.40000 -55.39603 0.86551
109.45000 -55.40261 0.85910
109.50000 -55.40919 0.88142
109.55000 -55.41741 0.87491
109.60000 -55.43220 0.86699
109.65000 -55.43385 0.86809
109.70000 -55.43714 0.84761
109.75000 -55.43878 0.87468
109.80000 -55.42727 0.86400
109.85000 -55.42727 0.87082
109.90000 -55.44371 0.85994
109.95000 -55.43385 0.85494
110.00000 -55.42069 0.86676
110.05000 -55.44207 0.86788
110.10000 -55.42892 0.85412
110.15000 -55.44371 0.86443
110.20000 -55.40754 0.86252
110.25000 -55.41083 0.86377
110.30000 -55.42892 0.84467
110.35000 -55.42398 0.85167
110.40000 -55.43220 0.85556
110.45000 -55.42563 0.84320
110.50000 -55.40754 0.85703
110.55000 -55.39110 0.86368
110.60000 -55.39603 0.87518
110.65000 -55.41247 0.86426
110.70000 -55.41905 0.84393
110.75000 -55.40590 0.86460
110.80000 -55.41412 0.86467
110.85000 -55.39932 0.84566
110.90000 -55.39603 0.85405
110.95000 -55.39932 0.85622
111.00000 -55.39274 0.84462
111.05000 -55.41083 0.84445
111.10000 -55.41576 0.82024
111.15000 -55.39932 0.81264
111.20000 -55.40590 0.85360
111.25000 -55.40096 0.84645
111.30000 -55.40590 0.84852
111.35000 -55.41412 0.84926
111.40000 -55.39439 0.86709
111.45000 -55.40919 0.86900
111.50000 -55.43056 0.87712
111.55000 -55.43056 0.85197
111.60000 -55.42398 0.86598
111.65000 -55.43056 0.84977
111.70000 -55.44536 0.84204
111.75000 -55.43220 0.84975
111.80000 -55.42727 0.86558
111.85000 -55.43056 0.85989
111.90000 -55.42727 0.86314
111.95000 -55.44536 0.87998
112.00000 -55.43714 0.85908
112.05000 -55.41412 0.86540
112.10000 -55.44042 0.87575
112.15000 -55.42069 0.87226
112.20000 -55.42398 0.88650
112.25000 -55.42234 0.88702
112.30000 -55.41576 0.88563
112.35000 -55.43056 0.88423
112.40000 -55.40919 0.88522
112.45000 -55.41576 0.89706
112.50000 -55.42727 0.87701
112.55000 -55.44536 0.87661
112.60000 -55.43220 0.87950
112.65000 -55.42892 0.88011
112.70000 -55.41412 0.89374
112.75000 -55.42892 0.89867
112.80000 -55.40425 0.91079
112.85000 -55.42069 0.90806
112.90000 -55.41576 0.90288
112.95000 -55.40919 0.90443
113.00000 -55.40919 0.89271
113.05000 -55.38946 0.88586
113.10000 -55.41905 0.89021
113.15000 -55.40919 0.91038
113.20000 -55.40754 0.89006
113.25000 -55.41576 0.89776
113.30000 -55.40590 0.89360
113.35000 -55.41412 0.89488
113.40000 -55.41576 0.88550
113.45000 -55.42069 0.89149
113.50000 -55.41905 0.92396
113.55000 -55.40919 0.88772
113.60000 -55.44371 0.88338
113.65000 -55.40919 0.88631
113.70000 -55.42398 0.90014
113.75000 -55.42892 0.90044
113.80000 -55.42727 0.90467
113.85000 -55.42727 0.90467
113.90000 -55.42892 0.93309
113.95000 -55.41412 0.90481
114.00000 -55.41412 0.92828
114.05000 -55.43056 0.90201
114.10000 -55.42727 0.90637
114.15000 -55.42563 0.90663
114.20000 -55.41412 0.90757
114.25000 -55.42398 0.90656
114.30000 -55.42892 0.88752
114.35000 -55.42398 0.88277
114.40000 -55.41083 0.89991
114.45000 -55.40590 0.91965
114.50000 -55.41741 0.90660
114.55000 -55.43220 0.88941
114.60000 -55.41741 0.91435
114.65000 -55.40425 0.90684
114.70000 -55.40590 0.88907
114.75000 -55.41741 0.89625
114.80000 -55.40754 0.91092
114.85000 -55.40261 0.90504
114.90000 -55.40261 0.90837
114.95000 -55.39932 0.90966
115.00000 -55.39768 0.89313
115.05000 -55.39603 0.93175
115.10000 -55.40754 0.93039
115.15000 -55.37795 0.92683
115.20000 -55.37795 0.92320
115.25000 -55.37795 0.92135
115.30000 -55.37301 0.91841
115.35000 -55.38123 0.93482
115.40000 -55.38617 0.94930
115.45000 -55.35493 0.93645
115.50000 -55.36973 0.92949
115.55000 -55.37959 0.95169
115.60000 -55.37630 0.93955
115.65000 -55.38123 0.92773
115.70000 -55.38781 0.91562
115.75000 -55.37137 0.92928
115.80000 -55.39110 0.94052
115.85000 -55.38288 0.92504
115.90000 -55.37137 0.93246
115.95000 -55.37630 0.92987
116.00000 -55.36644 0.94211
116.05000 -55.40261 0.94232
116.10000 -55.38452 0.93856
116.15000 -55.38123 0.91830
116.20000 -55.39768 0.94839
116.25000 -55.37301 0.94955
116.30000 -55.36644 0.93885
116.35000 -55.36479 0.94773
116.40000 -55.35493 0.93121
116.45000 -55.36973 0.92044
116.50000 -55.35657 0.91959
116.55000 -55.37466 0.90521
116.60000 -55.36315 0.92112
116.65000 -55.35164 0.92377
116.70000 -55.35164 0.89688
116.75000 -55.35000 0.90477
116.80000 -55.35000 0.91831
116.85000 -55.34506 0.89909
116.90000 -55.35657 0.91363
116.95000 -55.33355 0.89839
117.00000 -55.34013 0.88868
117.05000 -55.33849 0.89541
117.10000 -55.31876 0.89593
117.15000 -55.34177 0.89611
117.20000 -55.33684 0.90906
117.25000 -55.32369 0.90273
117.30000 -55.32204 0.88463
117.35000 -55.35493 0.88515
117.40000 -55.34342 0.88548
117.45000 -55.35328 0.88115
117.50000 -55.33849 0.89037
117.55000 -55.34671 0.88905
117.60000 -55.33849 0.89426
117.65000 -55.35328 0.91318
117.70000 -55.33684 0.89040
117.75000 -55.33684 0.90347
117.80000 -55.33520 0.91799
117.85000 -55.34835 0.91177
117.90000 -55.34342 0.90750
117.95000 -55.35164 0.90087
118.00000 -55.35164 0.88757
118.05000 -55.34342 0.89982
118.10000 -55.36315 0.91629
118.15000 -55.35328 0.91921
118.20000 -55.34506 0.90237
118.25000 -55.32533 0.90266
118.30000 -55.35822 0.91885
118.35000 -55.34835 0.92828
118.40000 -55.35000 0.93471
118.45000 -55.35986 0.93451
118.50000 -55.34013 0.93280
118.55000 -55.35986 0.90757
118.60000 -55.36479 0.90823
118.65000 -55.36644 0.90953
118.70000 -55.32698 0.90932
118.75000 -55.33355 0.91726
118.80000 -55.33849 0.90772
118.85000 -55.33355 0.89350
118.90000 -55.34342 0.89653
118.95000 -55.33849 0.88428
119.00000 -55.35000 0.91141
119.05000 -55.34177 0.89662
119.10000 -55.33191 0.89491
119.15000 -55.32698 0.88958
119.20000 -55.36150 0.90051
119.25000 -55.33849 0.89216
119.30000 -55.36479 0.90100
119.35000 -55.34177 0.87938
119.40000 -55.36644 0.89191
119.45000 -55.37301 0.90304
119.50000 -55.36479 0.90377
119.55000 -55.33520 0.88097
119.60000 -55.34671 0.91118
119.65000 -55.32862 0.88861
119.70000 -55.34671 0.87700
119.75000 -55.35657 0.88958
119.80000 -55.34342 0.87539
119.85000 -55.34506 0.85961
119.90000 -55.34342 0.86565
119.95000 -55.35000 0.86311
120.00000 -55.34177 0.85736
120.05000 -55.35657 0.86499
120.10000 -55.35328 0.86577
120.15000 -55.33355 0.89159
120.20000 -55.34835 0.88336
120.25000 -55.33849 0.87438
120.30000 -55.33849 0.86186
120.35000 -55.35822 0.87896
120.40000 -55.36973 0.88995
120.45000 -55.37301 0.86051
120.50000 -55.35164 0.86451
120.55000 -55.34506 0.84127
120.60000 -55.35657 0.83356
120.65000 -55.36150 0.85619
120.70000 -55.35000 0.85136
120.75000 -55.33191 0.87126
120.80000 -55.33355 0.85596
120.85000 -55.34835 0.86480
120.90000 -55.35328 0.84851
120.95000 -55.35493 0.85619
121.00000 -55.35328 0.85811
121.05000 -55.35164 0.85278
121.10000 -55.35000 0.85656
121.15000 -55.34671 0.87823
121.20000 -55.35657 0.87617
121.25000 -55.35000 0.87711
121.30000 -55.34506 0.86113
121.35000 -55.33849 0.85609
121.40000 -55.33355 0.85223
121.45000 -55.34177 0.86674
121.50000 -55.34177 0.86437
121.55000 -55.35164 0.84923
121.60000 -55.34013 0.83227
121.65000 -55.36479 0.82772
121.70000 -55.35822 0.84617
121.75000 -55.34671 0.84541
121.80000 -55.35657 0.85367
121.85000 -55.34835 0.86546
121.90000 -55.35822 0.87844
121.95000 -55.38452 0.87211
122.00000 -55.37959 0.85618
122.05000 -55.37466 0.86200
122.10000 -55.36973 0.85990
122.15000 -55.36150 0.86545
122.20000 -55.35822 0.82774
122.25000 -55.36315 0.85559
122.30000 -55.37466 0.86048
122.35000 -55.40261 0.83900
122.40000 -55.35657 0.83336
122.45000 -55.35986 0.84926
122.50000 -55.36644 0.85715
122.55000 -55.36644 0.86166
122.60000 -55.35657 0.87643
122.65000 -55.37630 0.88219
122.70000 -55.38123 0.87728
122.75000 -55.38288 0.89407
122.80000 -55.36479 0.87984
122.85000 -55.37301 0.87311
122.90000 -55.35657 0.86624
122.95000 -55.37466 0.85583
123.00000 -55.37466 0.87744
123.05000 -55.36479 0.85191
123.10000 -55.36808 0.85939
123.15000 -55.37301 0.86782
123.20000 -55.38781 0.87089
123.25000 -55.38123 0.86421
123.30000 -55.37301 0.86611
123.35000 -55.37795 0.87574
123.40000 -55.35822 0.88984
123.45000 -55.35328 0.88031
123.50000 -55.36150 0.88418
123.55000 -55.37301 0.89893
123.60000 -55.35493 0.87883
123.65000 -55.38123 0.87507
123.70000 -55.37301 0.89602
123.75000 -55.36973 0.89670
123.80000 -55.37466 0.89662
123.85000 -55.38946 0.89691
123.90000 -55.37630 0.88618
123.95000 -55.38288 0.88383
124.00000 -55.36644 0.87769
124.05000 -55.36150 0.88006
124.10000 -55.38288 0.87568
124.15000 -55.35164 0.86930
124.20000 -55.35657 0.88759
124.25000 -55.33849 0.89286
124.30000 -55.37466 0.89516
124.35000 -55.37959 0.89734
124.40000 -55.36644 0.88112
124.45000 -55.35493 0.88592
124.50000 -55.35328 0.88566
124.55000 -55.35657 0.88824
124.60000 -55.35493 0.89994
124.65000 -55.36644 0.89744
124.70000 -55.33191 0.89434
124.75000 -55.34506 0.90954
124.80000 -55.35822 0.90606
124.85000 -55.37466 0.88981
124.90000 -55.35493 0.90316
124.95000 -55.35493 0.89181
125.00000 -55.36479 0.90729
125.05000 -55.35164 0.89517
125.10000 -55.34506 0.91203
125.15000 -55.36315 0.91964
125.20000 -55.35164 0.89929
125.25000 -55.34177 0.92388
125.30000 -55.35164 0.91105
125.35000 -55.35657 0.91786
125.40000 -55.35000 0.92934
125.45000 -55.35986 0.92083
125.50000 -55.36479 0.92960
125.55000 -55.37137 0.92345
125.60000 -55.35986 0.93876
125.65000 -55.37959 0.94359
125.70000 -55.35657 0.93109
125.75000 -55.36315 0.95241
125.80000 -55.35986 0.94003
125.85000 -55.35328 0.93303
125.90000 -55.34506 0.94663
125.95000 -55.33191 0.94454
126.00000 -55.35986 0.94450
126.05000 -55.36150 0.94172
126.10000 -55.35822 0.94402
126.15000 -55.35000 0.94217
126.20000 -55.36315 0.95563
126.25000 -55.36479 0.96787
126.30000 -55.36315 0.93102
126.35000 -55.37137 0.92720
126.40000 -55.36479 0.93698
126.45000 -55.38452 0.94707
126.50000 -55.37301 0.93390
126.55000 -55.36644 0.93933
126.60000 -55.36644 0.95947
126.65000 -55.37137 0.97115
126.70000 -55.35822 0.96212
126.75000 -55.37630 0.95374
126.80000 -55.36479 0.95312
126.85000 -55.37795 0.96986
126.90000 -55.36479 0.97508
126.95000 -55.36479 0.95759
127.00000 -55.37630 0.95009
127.05000 -55.38288 0.95358
127.10000 -55.38946 0.95266
127.15000 -55.39274 0.95636
127.20000 -55.38617 0.96517
127.25000 -55.39439 0.94781
127.30000 -55.37137 0.96692
127.35000 -55.39439 0.95373
127.40000 -55.39439 0.94751
127.45000 -55.39768 0.95228
127.50000 -55.38946 0.94715
127.55000 -55.39768 0.94092
127.60000 -55.39110 0.95719
127.65000 -55.40754 0.96409
127.70000 -55.41576 0.97949
127.75000 -55.40261 0.94840
127.80000 -55.39110 0.95909
127.85000 -55.40919 0.95992
127.90000 -55.41412 0.97277
127.95000 -55.40919 0.96300
128.00000 -55.41247 0.97105
128.05000 -55.41576 0.94483
128.10000 -55.39932 0.93891
128.15000 -55.39932 0.95017
128.20000 -55.39768 0.95675
128.25000 -55.38781 0.95158
128.30000 -55.40261 0.94371
128.35000 -55.38781 0.94414
128.40000 -55.39110 0.92913
128.45000 -55.40754 0.96392
128.50000 -55.40754 0.94556
128.55000 -55.39768 0.93862
128.60000 -55.37466 0.94748
128.65000 -55.38452 0.94923
128.70000 -55.40261 0.93935
128.75000 -55.40261 0.95973
128.80000 -55.38288 0.94597
128.85000 -55.38288 0.95095
128.90000 -55.39768 0.96428
128.95000 -55.38617 0.94389
129.00000 -55.39110 0.95398
129.05000 -55.40425 0.96821
129.10000 -55.38946 0.95600
129.15000 -55.38946 0.96448
129.20000 -55.39603 0.97945
129.25000 -55.38288 0.95561
129.30000 -55.40096 0.96484
129.35000 -55.38946 0.95927
129.40000 -55.40590 0.96028
129.45000 -55.39768 0.95913
129.50000 -55.39603 0.93431
129.55000 -55.38781 0.93426
129.60000 -55.37301 0.93652
129.65000 -55.38288 0.94471
129.70000 -55.38617 0.92722
129.75000 -55.37795 0.93106
129.80000 -55.37630 0.93042
129.85000 -55.38946 0.92182
129.90000 -55.39110 0.91730
129.95000 -55.38452 0.92389
130.00000 -55.38946 0.92126
130.05000 -55.38452 0.90572
130.10000 -55.39768 0.91086
130.15000 -55.40261 0.92149
130.20000 -55.39274 0.91276
130.25000 -55.39768 0.89064
130.30000 -55.39110 0.89290
130.35000 -55.40096 0.91904
130.40000 -55.39274 0.89735
130.45000 -55.38946 0.89239
130.50000 -55.37630 0.88881
130.55000 -55.37301 0.89124
130.60000 -55.38617 0.88873
130.65000 -55.39768 0.90176
130.70000 -55.38946 0.88772
130.75000 -55.40919 0.89741
130.80000 -55.40754 0.88686
130.85000 -55.39274 0.88753
130.90000 -55.42563 0.87812
130.95000 -55.42892 0.87232
131.00000 -55.40425 0.85881
131.05000 -55.41741 0.87926
131.10000 -55.39439 0.87174
131.15000 -55.40425 0.88473
131.20000 -55.41247 0.89136
131.25000 -55.40919 0.88038
131.30000 -55.38946 0.88129
131.35000 -55.40590 0.89258
131.40000 -55.41247 0.87297
131.45000 -55.39768 0.85664
131.50000 -55.42234 0.87324
131.55000 -55.39768 0.88654
131.60000 -55.41576 0.89267
131.65000 -55.39932 0.88589
131.70000 -55.41412 0.89202
131.75000 -55.40425 0.88086
131.80000 -55.38946 0.87967
131.85000 -55.40919 0.90121
131.90000 -55.40590 0.89931
131.95000 -55.41247 0.88777
132.00000 -55.42234 0.88348
132.05000 -55.41905 0.89842
132.10000 -55.43549 0.90460
132.15000 -55.42234 0.85593
132.20000 -55.42234 0.86913
132.25000 -55.42563 0.87298
132.30000 -55.42234 0.86170
132.35000 -55.41905 0.86951
132.40000 -55.39932 0.86902
132.45000 -55.38617 0.86964
132.50000 -55.39439 0.85719
132.55000 -55.39603 0.86859
132.60000 -55.41576 0.86159
132.65000 -55.42234 0.85387
132.70000 -55.44371 0.87079
132.75000 -55.41905 0.87453
132.80000 -55.43385 0.84799
132.85000 -55.43056 0.87874
132.90000 -55.45029 0.88352
132.95000 -55.44207 0.87057
133.00000 -55.41083 0.88235
133.05000 -55.42234 0.85473
133.10000 -55.46180 0.86234
133.15000 -55.43549 0.88566
133.20000 -55.40590 0.87598
133.25000 -55.43878 0.89258
133.30000 -55.43056 0.92204
133.35000 -55.42727 0.89315
133.40000 -55.42727 0.89417
133.45000 -55.44865 0.88602
133.50000 -55.44536 0.90918
133.55000 -55.43714 0.90382
133.60000 -55.44042 0.90603
133.65000 -55.41083 0.91110
133.70000 -55.42398 0.90077
133.75000 -55.43549 0.91927
133.80000 -55.42398 0.92157
133.85000 -55.42563 0.91612
133.90000 -55.41247 0.91000
133.95000 -55.42563 0.89608
134.00000 -55.44865 0.91185
134.05000 -55.43220 0.92400
134.10000 -55.44865 0.92178
134.15000 -55.41741 0.93192
134.20000 -55.44042 0.91428
134.25000 -55.43549 0.91691
134.30000 -55.44865 0.91961
134.35000 -55.44207 0.92219
134.40000 -55.44536 0.91056
134.45000 -55.42727 0.91175
134.50000 -55.44700 0.93024
134.55000 -55.45358 0.94160
134.60000 -55.42727 0.94257
134.65000 -55.44207 0.93146
134.70000 -55.44042 0.92929
134.75000 -55.43878 0.94523
134.80000 -55.45358 0.93316
134.85000 -55.41576 0.93258
134.90000 -55.43385 0.94173
134.95000 -55.42069 0.90480
135.00000 -55.41247 0.92396
135.05000 -55.43056 0.91603
135.10000 -55.42563 0.92262
135.15000 -55.43549 0.92894
135.20000 -55.42727 0.92784
135.25000 -55.42727 0.91872
135.30000 -55.41083 0.92400
135.35000 -55.42563 0.92225
135.40000 -55.44207 0.91742
135.45000 -55.44371 0.93075
135.50000 -55.43385 0.92003
135.55000 -55.42398 0.89226
135.60000 -55.43549 0.92697
135.65000 -55.41741 0.91814
135.70000 -55.41905 0.89001
135.75000 -55.41741 0.90239
135.80000 -55.42398 0.90001
135.85000 -55.42727 0.89747
135.90000 -55.41412 0.91445
135.95000 -55.42563 0.90663
136.00000 -55.43220 0.92351
136.05000 -55.43878 0.91860
136.10000 -55.42069 0.91088
136.15000 -55.40754 0.89846
136.20000 -55.41576 0.89585
136.25000 -55.41741 0.90635
136.30000 -55.42069 0.89950
136.35000 -55.39110 0.89748
136.40000 -55.39603 0.88797
136.45000 -55.39274 0.90895
136.50000 -55.39768 0.90736
136.55000 -55.40425 0.90659
136.60000 -55.38123 0.90764
136.65000 -55.38617 0.91393
136.70000 -55.39603 0.92119
136.75000 -55.39932 0.90859
136.80000 -55.41412 0.93098
136.85000 -55.40096 0.90770
136.90000 -55.38288 0.91085
136.95000 -55.39274 0.89684
137.00000 -55.38946 0.91854
137.05000 -55.38946 0.90172
137.10000 -55.38288 0.88916
137.15000 -55.37466 0.89656
137.20000 -55.38288 0.90602
137.25000 -55.38617 0.91062
137.30000 -55.37795 0.92578
137.35000 -55.38617 0.90962
137.40000 -55.36973 0.93778
137.45000 -55.36973 0.92291
137.50000 -55.36315 0.93954
137.55000 -55.36479 0.94562
137.60000 -55.37795 0.94453
137.65000 -55.37137 0.93642
137.70000 -55.35493 0.95110
137.75000 -55.33849 0.96851
137.80000 -55.36808 0.96360
137.85000 -55.37466 0.97670
137.90000 -55.35493 0.96146
137.95000 -55.34835 0.96896
138.00000 -55.33684 0.97818
138.05000 -55.33849 0.96657
138.10000 -55.33026 0.95991
138.15000 -55.34342 0.95374
138.20000 -55.33849 0.97844
138.25000 -55.33849 0.96433
138.30000 -55.33849 0.95501
138.35000 -55.31711 0.97576
138.40000 -55.29409 0.98185
138.45000 -55.32040 0.99342
138.50000 -55.32369 0.99686
138.55000 -55.30725 0.99908
138.60000 -55.31547 1.00505
138.65000 -55.29903 0.99060
138.70000 -55.31053 1.00119
138.75000 -55.29574 0.98277
138.80000 -55.29903 0.99295
138.85000 -55.30231 0.98145
138.90000 -55.30396 0.99862
138.95000 -55.33520 0.98584
139.00000 -55.31053 1.00759
139.05000 -55.30560 0.97629
139.10000 -55.30231 0.95851
139.15000 -55.29409 0.99486
139.20000 -55.29903 1.00554
139.25000 -55.30725 1.00573
139.30000 -55.32698 1.01412
139.35000 -55.31053 0.99205
139.40000 -55.28752 0.99026
139.45000 -55.30231 0.99240
139.50000 -55.30396 0.99588
139.55000 -55.29738 1.01248
139.60000 -55.30067 1.00547
139.65000 -55.29574 0.98883
139.70000 -55.30396 0.97421
139.75000 -55.29245 0.99314
139.80000 -55.29409 0.99800
139.85000 -55.29409 0.97300
139.90000 -55.29409 0.98109
139.95000 -55.30396 0.97216
140.00000 -55.27436 0.98028
140.05000 -55.31711 0.96379
140.10000 -55.32698 0.96448
140.15000 -55.31218 0.96042
140.20000 -55.31218 0.95704
140.25000 -55.32369 0.96625
140.30000 -55.31218 0.96527
140.35000 -55.32204 0.97579
140.40000 -55.30067 0.96686
140.45000 -55.30725 0.96948
140.50000 -55.31547 0.98677
140.55000 -55.32040 0.97392
140.60000 -55.32862 0.95618
140.65000 -55.33191 0.95419
140.70000 -55.32533 0.94619
140.75000 -55.31876 0.94935
140.80000 -55.33026 0.95688
140.85000 -55.33849 0.93307
140.90000 -55.32204 0.94817
140.95000 -55.34835 0.94270
141.00000 -55.35822 0.92089
141.05000 -55.33849 0.92412
141.10000 -55.33684 0.91343
141.15000 -55.32533 0.90550
141.20000 -55.36644 0.91565
141.25000 -55.34342 0.95027
141.30000 -55.33849 0.93392
141.35000 -55.33355 0.92720
141.40000 -55.31876 0.93198
141.45000 -55.33520 0.92497
141.50000 -55.34177 0.91192
141.55000 -55.33191 0.90528
141.60000 -55.33355 0.90897
141.65000 -55.34835 0.88754
141.70000 -55.36150 0.88096
141.75000 -55.34013 0.87825
141.80000 -55.35000 0.86324
141.85000 -55.35328 0.87251
141.90000 -55.36315 0.89308
141.95000 -55.34342 0.88012
142.00000 -55.34671 0.87895
142.05000 -55.35657 0.87253
142.10000 -55.35328 0.88366
142.15000 -55.35493 0.86466
142.20000 -55.35164 0.86068
142.25000 -55.35000 0.86212
142.30000 -55.34013 0.86190
142.35000 -55.32369 0.86631
142.40000 -55.33520 0.85660
142.45000 -55.33026 0.84736
142.50000 -55.32533 0.84993
142.55000 -55.32533 0.83636
142.60000 -55.33355 0.86607
142.65000 -55.33849 0.86863
142.70000 -55.33520 0.86263
142.75000 -55.33849 0.87438
142.80000 -55.33520 0.85288
142.85000 -55.35164 0.83769
142.90000 -55.36973 0.85272
142.95000 -55.35822 0.86736
143.00000 -55.36644 0.84680
143.05000 -55.34835 0.84308
143.10000 -55.36479 0.85803
143.15000 -55.38452 0.85717
143.20000 -55.36315 0.84931
143.25000 -55.34506 0.85961
143.30000 -55.33684 0.85798
143.35000 -55.34671 0.85138
143.40000 -55.34013 0.85633
143.45000 -55.35822 0.84556
143.50000 -55.33849 0.85901
143.55000 -55.33026 0.85125
143.60000 -55.35822 0.86137
143.65000 -55.36479 0.87459
143.70000 -55.34835 0.86979
143.75000 -55.36808 0.87949
143.80000 -55.36808 0.86303
143.85000 -55.37466 0.86667
143.90000 -55.36808 0.87813
143.95000 -55.38781 0.86512
144.00000 -55.38781 0.88367
144.05000 -55.37630 0.88670
144.10000 -55.37959 0.88115
144.15000 -55.37795 0.87340
144.20000 -55.37137 0.88608
144.25000 -55.39110 0.89526
144.30000 -55.40425 0.88267
144.35000 -55.40261 0.91062
144.40000 -55.40425 0.89050
144.45000 -55.38946 0.87187
144.50000 -55.40425 0.88813
144.55000 -55.39768 0.88519
144.60000 -55.38781 0.88541
144.65000 -55.39932 0.88762
144.70000 -55.41247 0.87069
144.75000 -55.40425 0.87203
144.80000 -55.40754 0.90396
144.85000 -55.38781 0.89823
144.90000 -55.39932 0.89553
144.95000 -55.40919 0.89456
145.00000 -55.40590 0.87227
145.05000 -55.41412 0.89144
145.10000 -55.40590 0.89494
145.15000 -55.41905 0.88521
145.20000 -55.41905 0.89282
145.25000 -55.40754 0.87861
145.30000 -55.42563 0.88348
145.35000 -55.42563 0.89691
145.40000 -55.41905 0.90126
145.45000 -55.40754 0.91285
145.50000 -55.41576 0.89210
145.55000 -55.42398 0.90147
145.60000 -55.40919 0.89741
145.65000 -55.40261 0.90843
145.70000 -55.41741 0.89530
145.75000 -55.39603 0.87992
145.80000 -55.40754 0.86391
145.85000 -55.42234 0.87980
145.90000 -55.41083 0.87724
145.95000 -55.42398 0.87689
146.00000 -55.41905 0.88963
146.05000 -55.42563 0.86420
146.10000 -55.44207 0.86473
146.15000 -55.42727 0.86906
146.20000 -55.42563 0.87825
146.25000 -55.42069 0.86492
146.30000 -55.43220 0.87464
146.35000 -55.43549 0.86813
146.40000 -55.42892 0.87427
146.45000 -55.42892 0.87966
146.50000 -55.43878 0.87214
146.55000 -55.41576 0.86817
146.60000 -55.40261 0.88392
146.65000 -55.41412 0.88645
146.70000 -55.42892 0.88063
146.75000 -55.42069 0.87986
146.80000 -55.44865 0.88248
146.85000 -55.43220 0.87216
146.90000 -55.44042 0.86549
146.95000 -55.45522 0.86004
147.00000 -55.41576 0.88634
147.05000 -55.40754 0.88474
147.10000 -55.43220 0.88711
147.15000 -55.40919 0.87857
147.20000 -55.43549 0.87010
147.25000 -55.43385 0.88052
147.30000 -55.44207 0.88945
147.35000 -55.43878 0.87585
147.40000 -55.43220 0.87704
147.45000 -55.43056 0.88468
147.50000 -55.44700 0.87637
147.55000 -55.42892 0.85884
147.60000 -55.42398 0.85360
147.65000 -55.41083 0.87040
147.70000 -55.41247 0.86406
147.75000 -55.41576 0.87294
147.80000 -55.40919 0.86959
147.85000 -55.39768 0.86332
147.90000 -55.41412 0.89691
147.95000 -55.41741 0.87913
148.00000 -55.40096 0.86907
148.05000 -55.40590 0.86104
148.10000 -55.40261 0.84440
148.15000 -55.39768 0.86556
148.20000 -55.40096 0.84920
148.25000 -55.40096 0.85860
148.30000 -55.37466 0.85023
148.35000 -55.40261 0.84461
148.40000 -55.38452 0.84957
148.45000 -55.40590 0.84104
148.50000 -55.41412 0.81904
148.55000 -55.40919 0.81813
148.60000 -55.39603 0.81978
148.65000 -55.41247 0.83967
148.70000 -55.42892 0.84958
148.75000 -55.40919 0.83819
148.80000 -55.43878 0.82953
148.85000 -55.45029 0.82675
148.90000 -55.43056 0.82130
148.95000 -55.42892 0.83396
149.00000 -55.42563 0.84226
149.05000 -55.39110 0.83110
149.10000 -55.42234 0.83561
149.15000 -55.43385 0.81681
149.20000 -55.43385 0.82499
149.25000 -55.43220 0.83775
149.30000 -55.42563 0.85006
149.35000 -55.42727 0.85260
149.40000 -55.43056 0.83340
149.45000 -55.43385 0.83453
149.50000 -55.42727 0.85173
149.55000 -55.42727 0.83608
149.60000 -55.44700 0.82603
149.65000 -55.43056 0.85404
149.70000 -55.43385 0.84112
149.75000 -55.42727 0.83123
149.80000 -55.41247 0.83974
149.85000 -55.43714 0.82343
149.90000 -55.44536 0.81985
149.95000 -55.44700 0.82520
150.00000 -55.43056 0.84594
150.05000 -55.43549 0.83988
150.10000 -55.42892 0.83791
150.15000 -55.43878 0.82000
150.20000 -55.43220 0.83359
150.25000 -55.41905 0.82048
150.30000 -55.42069 0.82739
150.35000 -55.41905 0.83423
150.40000 -55.43385 0.83718
150.45000 -55.41412 0.83255
150.50000 -55.42069 0.83744
150.55000 -55.42234 0.82485
150.60000 -55.42563 0.84124
150.65000 -55.45851 0.81212
150.70000 -55.44536 0.82566
150.75000 -55.43220 0.83795
150.80000 -55.43549 0.83757
150.85000 -55.43056 0.82957
150.90000 -55.43220 0.82646
150.95000 -55.42563 0.83575
151.00000 -55.43220 0.82439
151.05000 -55.43714 0.83017
151.10000 -55.43878 0.84320
151.15000 -55.44042 0.83299
151.20000 -55.44371 0.83209
151.25000 -55.42563 0.83042
151.30000 -55.42069 0.82567
151.35000 -55.40919 0.84570
151.40000 -55.42892 0.84123
151.45000 -55.41576 0.83216
151.50000 -55.39603 0.83068
151.55000 -55.42234 0.82464
151.60000 -55.41083 0.81614
151.65000 -55.42892 0.82711
151.70000 -55.39768 0.83128
151.75000 -55.40261 0.83675
151.80000 -55.39603 0.83088
151.85000 -55.39932 0.82494
151.90000 -55.39932 0.83366
151.95000 -55.41083 0.83469
152.00000 -55.40261 0.82958
152.05000 -55.40590 0.84219
152.10000 -55.39768 0.83688
152.15000 -55.40919 0.83261
152.20000 -55.38781 0.82332
152.25000 -55.38781 0.84401
152.30000 -55.39932 0.81829
152.35000 -55.39274 0.80833
152.40000 -55.39439 0.83499
152.45000 -55.39603 0.84096
152.50000 -55.40261 0.84891
152.55000 -55.38617 0.87590
152.60000 -55.40096 0.86447
152.65000 -55.41412 0.84523
152.70000 -55.39768 0.85524
152.75000 -55.38781 0.84381
152.80000 -55.39110 0.83928
152.85000 -55.40261 0.84265
152.90000 -55.40261 0.82401
152.95000 -55.39768 0.83803
153.00000 -55.39932 0.83611
153.05000 -55.38288 0.84942
153.10000 -55.39768 0.85557
153.15000 -55.39439 0.84300
153.20000 -55.41741 0.84284
153.25000 -55.39768 0.83518
153.30000 -55.38123 0.84631
153.35000 -55.37630 0.84818
153.40000 -55.39439 0.82918
153.45000 -55.38946 0.83124
153.50000 -55.38123 0.84240
153.55000 -55.36150 0.84367
153.60000 -55.38123 0.83983
153.65000 -55.38617 0.84427
153.70000 -55.38123 0.83990
153.75000 -55.38946 0.84718
153.80000 -55.37301 0.85066
153.85000 -55.38617 0.86162
153.90000 -55.37630 0.84280
153.95000 -55.37466 0.84694
154.00000 -55.36479 0.85224
154.05000 -55.37466 0.85197
154.10000 -55.35493 0.85220
154.15000 -55.35822 0.85480
154.20000 -55.37137 0.86594
154.25000 -55.36150 0.86650
154.30000 -55.35000 0.86633
154.35000 -55.36808 0.88349
154.40000 -55.35822 0.87096
154.45000 -55.34835 0.86927
154.50000 -55.34013 0.86696
154.55000 -55.34342 0.86057
154.60000 -55.34342 0.88907
154.65000 -55.34177 0.89688
154.70000 -55.32698 0.90071
154.75000 -55.31382 0.91772
154.80000 -55.31218 0.93075
154.85000 -55.33355 0.92511
154.90000 -55.31053 0.93554
154.95000 -55.30396 0.94099
155.00000 -55.30396 0.92174
155.05000 -55.29574 0.94154
155.10000 -55.29903 0.94923
155.15000 -55.32369 0.95541
155.20000 -55.31218 0.92959
155.25000 -55.31218 0.95305
155.30000 -55.29574 0.92937
155.35000 -55.28752 0.95133
155.40000 -55.28423 0.96798
155.45000 -55.29080 0.95880
155.50000 -55.29574 0.96859
155.55000 -55.27930 0.98765
155.60000 -55.27930 0.95573
155.65000 -55.29574 0.97153
155.70000 -55.28916 0.97094
155.75000 -55.26779 0.95870
155.80000 -55.29574 0.96471
155.85000 -55.27272 0.97279
155.90000 -55.27272 0.96409
155.95000 -55.27930 0.97524
156.00000 -55.29574 0.95003
156.05000 -55.29409 0.94901
156.10000 -55.27930 0.92542
156.15000 -55.28916 0.94015
156.20000 -55.27765 0.93609
156.25000 -55.29245 0.94366
156.30000 -55.30231 0.92693
156.35000 -55.30396 0.92575
156.40000 -55.29245 0.92766
156.45000 -55.28916 0.92397
156.50000 -55.28258 0.93354
156.55000 -55.28587 0.94013
156.60000 -55.27930 0.92842
156.65000 -55.27930 0.94453
156.70000 -55.26614 0.94791
156.75000 -55.24806 0.93741
156.80000 -55.25299 0.94857
156.85000 -55.25957 0.96081
156.90000 -55.25628 0.95433
156.95000 -55.26614 0.97654
157.00000 -55.26614 0.98674
157.05000 -55.27107 0.98888
157.10000 -55.27765 1.00748
157.15000 -55.27272 0.98442
157.20000 -55.27601 1.00943
157.25000 -55.28423 1.01857
157.30000 -55.27930 1.01868
157.35000 -55.25628 1.01905
157.40000 -55.27272 1.04499
157.45000 -55.25134 1.03217
157.50000 -55.27436 1.03440
157.55000 -55.27107 1.03533
157.60000 -55.25134 1.03821
157.65000 -55.25628 1.03220
157.70000 -55.28094 1.04648
157.75000 -55.29574 1.05045
157.80000 -55.28423 1.04510
157.85000 -55.26614 1.05373
157.90000 -55.25628 1.06914
157.95000 -55.27601 1.04619
158.00000 -55.27272 1.05820
158.05000 -55.25957 1.03088
158.10000 -55.27436 1.04937
158.15000 -55.25134 1.06126
158.20000 -55.26450 1.06063
158.25000 -55.27272 1.05879
158.30000 -55.27272 1.05599
158.35000 -55.27930 1.06222
158.40000 -55.26779 1.06131
158.45000 -55.23490 1.06040
158.50000 -55.25957 1.07122
158.55000 -55.26614 1.05826
158.60000 -55.26779 1.04423
158.65000 -55.27765 1.04060
158.70000 -55.26450 1.04789
158.75000 -55.27107 1.06705
158.80000 -55.27436 1.03973
158.85000 -55.28752 1.03478
158.90000 -55.30067 1.04073
158.95000 -55.27765 1.03721
159.00000 -55.28094 1.05983
159.05000 -55.29409 1.04251
159.10000 -55.29409 1.04016
159.15000 -55.27436 1.02944
159.20000 -55.28752 1.02771
159.25000 -55.26779 1.01443
159.30000 -55.30231 1.02568
159.35000 -55.28423 1.01055
159.40000 -55.29245 0.99800
159.45000 -55.29903 1.02304
159.50000 -55.31053 1.01793
159.55000 -55.29409 0.99806
159.60000 -55.31053 1.01480
159.65000 -55.29409 1.03440
159.70000 -55.29080 1.03550
159.75000 -55.29903 1.01819
159.80000 -55.30889 1.03795
159.85000 -55.31053 1.00787
159.90000 -55.31382 0.98917
159.95000 -55.30231 1.00924
160.00000 -55.31711 1.00931
160.05000 -55.31053 0.98543
160.10000 -55.29080 0.98786
160.15000 -55.29409 1.00051
160.20000 -55.31876 1.00423
160.25000 -55.31547 0.99989
160.30000 -55.30396 1.00458
160.35000 -55.30560 0.97530
160.40000 -55.31053 0.99073
160.45000 -55.33849 0.97955
160.50000 -55.31876 0.99232
160.55000 -55.32204 0.98450
160.60000 -55.31382 0.97992
160.65000 -55.31547 0.97837
160.70000 -55.29903 1.00031
160.75000 -55.31711 0.97646
160.80000 -55.31547 0.96925
160.85000 -55.30067 0.94368
160.90000 -55.33355 0.97343
160.95000 -55.32204 0.96181
161.00000 -55.30067 0.97833
161.05000 -55.33191 0.96316
161.10000 -55.33520 0.94288
161.15000 -55.31876 0.94821
161.20000 -55.31876 0.94617
161.25000 -55.33026 0.95718
161.30000 -55.33026 0.93261
161.35000 -55.32862 0.92138
161.40000 -55.33849 0.93350
161.45000 -55.33849 0.92159
161.50000 -55.35000 0.92541
161.55000 -55.35328 0.91673
161.60000 -55.32040 0.90088
161.65000 -55.33684 0.91287
161.70000 -55.33191 0.87900
161.75000 -55.34013 0.88964
161.80000 -55.33684 0.90050
161.85000 -55.33849 0.91097
161.90000 -55.34013 0.89073
161.95000 -55.36644 0.91278
162.00000 -55.35822 0.89881
162.05000 -55.33684 0.89416
162.10000 -55.34671 0.88623
162.15000 -55.33191 0.87569
162.20000 -55.35164 0.87022
162.25000 -55.35328 0.87473
162.30000 -55.35657 0.87298
162.35000 -55.34506 0.87996
162.40000 -55.32862 0.87967
162.45000 -55.34342 0.87617
162.50000 -55.36644 0.89331
162.55000 -55.34671 0.89620
162.60000 -55.36808 0.87253
162.65000 -55.36808 0.89634
162.70000 -55.37466 0.88358
162.75000 -55.36808 0.87644
162.80000 -55.37137 0.88073
162.85000 -55.36479 0.88936
162.90000 -55.37137 0.89896
162.95000 -55.35822 0.88670
163.00000 -55.36644 0.89248
163.05000 -55.35822 0.88522
163.10000 -55.37630 0.88945
163.15000 -55.36150 0.90165
163.20000 -55.37301 0.89938
163.25000 -55.37466 0.88878
163.30000 -55.37795 0.87340
163.35000 -55.35493 0.86775
163.40000 -55.37959 0.86452
163.45000 -55.37795 0.87379
163.50000 -55.36644 0.86876
163.55000 -55.38452 0.87894
163.60000 -55.38288 0.89394
163.65000 -55.36479 0.86825
163.70000 -55.38452 0.88359
163.75000 -55.38781 0.88624
163.80000 -55.37795 0.89344
163.85000 -55.36644 0.86732
163.90000 -55.35000 0.87983
163.95000 -55.37795 0.90162
164.00000 -55.37630 0.87650
164.05000 -55.38288 0.86007
164.10000 -55.38781 0.88502
164.15000 -55.39603 0.89276
164.20000 -55.37301 0.88932
164.25000 -55.37630 0.89290
164.30000 -55.37630 0.88458
164.35000 -55.37795 0.88222
164.40000 -55.35657 0.85932
164.45000 -55.35493 0.87474
164.50000 -55.35822 0.85832
164.55000 -55.36315 0.86813
164.60000 -55.37466 0.86516
164.65000 -55.34835 0.86144
164.70000 -55.35328 0.87720
164.75000 -55.37137 0.88749
164.80000 -55.38452 0.87244
164.85000 -55.37630 0.87980
164.90000 -55.38946 0.89405
164.95000 -55.40096 0.86599
165.00000 -55.37795 0.87763
165.05000 -55.37795 0.87477
165.10000 -55.38452 0.86121
165.15000 -55.37466 0.85063
165.20000 -55.38781 0.84246
165.25000 -55.38452 0.86391
165.30000 -55.40425 0.86377
165.35000 -55.39274 0.87057
165.40000 -55.36479 0.86220
165.45000 -55.37630 0.86433
165.50000 -55.36973 0.85937
165.55000 -55.37137 0.84600
165.60000 -55.37959 0.86162
165.65000 -55.39932 0.85156
165.70000 -55.39110 0.83820
165.75000 -55.37795 0.83455
165.80000 -55.37795 0.83836
165.85000 -55.36808 0.86368
165.90000 -55.37795 0.84626
165.95000 -55.36479 0.85057
166.00000 -55.37959 0.84595
166.05000 -55.36808 0.86131
166.10000 -55.38288 0.85143
166.15000 -55.41247 0.83641
166.20000 -55.40590 0.83718
166.25000 -55.40096 0.86342
166.30000 -55.39110 0.85193
166.35000 -55.37301 0.87598
166.40000 -55.39439 0.86037
166.45000 -55.39110 0.84624
166.50000 -55.39768 0.84990
166.55000 -55.41412 0.83970
166.60000 -55.40096 0.84362
166.65000 -55.38781 0.85466
166.70000 -55.40754 0.83972
166.75000 -55.42892 0.84884
166.80000 -55.40425 0.85236
166.85000 -55.41083 0.85470
166.90000 -55.40261 0.86294
166.95000 -55.38123 0.86907
167.00000 -55.40425 0.87652
167.05000 -55.39274 0.85892
167.10000 -55.40590 0.87292
167.15000 -55.41412 0.89533
167.20000 -55.39768 0.88776
167.25000 -55.38617 0.88231
167.30000 -55.39274 0.90775
167.35000 -55.37959 0.89461
167.40000 -55.37630 0.89271
167.45000 -55.37630 0.91319
167.50000 -55.39274 0.93164
167.55000 -55.38288 0.93423
167.60000 -55.38288 0.94030
167.65000 -55.36644 0.96261
167.70000 -55.35328 0.95961
167.75000 -55.36808 0.97177
167.80000 -55.34671 0.94618
167.85000 -55.34342 0.97013
167.90000 -55.35657 0.98509
167.95000 -55.34013 0.98561
168.00000 -55.35657 0.98976
168.05000 -55.34013 0.98214
168.10000 -55.34835 0.98636
168.15000 -55.34342 0.99337
168.20000 -55.34506 1.01122
168.25000 -55.35164 1.02593
168.30000 -55.33849 0.99534
168.35000 -55.32862 1.02384
168.40000 -55.33684 0.99307
168.45000 -55.33520 1.02028
168.50000 -55.34506 1.03057
168.55000 -55.32698 1.02373
168.60000 -55.32204 1.00589
168.65000 -55.33026 1.01563
168.70000 -55.33849 1.02808
168.75000 -55.33191 1.03554
168.80000 -55.31053 1.05202
168.85000 -55.32369 1.03534
168.90000 -55.30560 1.03701
168.95000 -55.34013 1.02955
169.00000 -55.32204 1.02622
169.05000 -55.31547 1.03694
169.10000 -55.31382 1.03153
169.15000 -55.31711 1.03980
169.20000 -55.32698 1.03473
169.25000 -55.33191 1.04107
169.30000 -55.31547 1.02662
169.35000 -55.31382 1.02322
169.40000 -55.30067 1.03101
169.45000 -55.32369 1.04186
169.50000 -55.31547 1.04487
169.55000 -55.31547 1.00658
169.60000 -55.32369 1.02916
169.65000 -55.30725 1.02839
169.70000 -55.30889 1.01656
169.75000 -55.31876 1.01410
169.80000 -55.30231 1.00579
169.85000 -55.30231 1.00097
169.90000 -55.32862 1.00680
169.95000 -55.32204 1.00906
170.00000 -55.33520 0.99292
170.05000 -55.34671 1.00271
170.10000 -55.34506 1.03360
170.15000 -55.31218 1.00784
170.20000 -55.34177 1.01779
170.25000 -55.32698 1.00284
170.30000 -55.31711 1.01375
170.35000 -55.33849 1.00269
170.40000 -55.30067 0.99973
170.45000 -55.32040 1.02333
170.50000 -55.31218 1.01015
170.55000 -55.32533 1.01311
170.60000 -55.30560 1.02181
170.65000 -55.32369 1.01816
170.70000 -55.30560 1.03739
170.75000 -55.31218 1.02459
170.80000 -55.31218 1.02002
170.85000 -55.29903 1.01578
170.90000 -55.31711 1.03068
170.95000 -55.31711 1.01840
171.00000 -55.30725 1.00906
171.05000 -55.31053 1.03347
171.10000 -55.30725 1.03424
171.15000 -55.29245 1.03951
171.20000 -55.26450 1.03736
171.25000 -55.27436 1.06967
171.30000 -55.24312 1.06303
171.35000 -55.26121 1.08253
171.40000 -55.25299 1.08282
171.45000 -55.26450 1.08215
171.50000 -55.25463 1.11428
171.55000 -55.25299 1.10643
171.60000 -55.24477 1.11674
171.65000 -55.24970 1.12299
171.70000 -55.23161 1.10205
171.75000 -55.24806 1.10247
171.80000 -55.21682 1.13183
171.85000 -55.23326 1.11017
171.90000 -55.22339 1.12960
171.95000 -55.24312 1.14266
172.00000 -55.21682 1.13954
172.05000 -55.21353 1.12352
172.10000 -55.20860 1.12162
172.15000 -55.22668 1.12719
172.20000 -55.22339 1.12582
172.25000 -55.20531 1.14590
172.30000 -55.19709 1.12273
172.35000 -55.20202 1.13656
172.40000 -55.21353 1.14136
172.45000 -55.20366 1.13749
172.50000 -55.21517 1.12090
172.55000 -55.21682 1.11964
172.60000 -55.22011 1.13120
172.65000 -55.22339 1.13071
172.70000 -55.19873 1.11290
172.75000 -55.20695 1.10580
172.80000 -55.20531 1.13226
172.85000 -55.21682 1.13389
172.90000 -55.22339 1.14123
172.95000 -55.20531 1.12323
173.00000 -55.22668 1.12025
173.05000 -55.23326 1.09910
173.10000 -55.23326 1.12302
173.15000 -55.24148 1.10361
173.20000 -55.23655 1.10192
173.25000 -55.24148 1.11265
173.30000 -55.22175 1.09568
173.35000 -55.22504 1.08866
173.40000 -55.21188 1.07318
173.45000 -55.22175 1.08262
173.50000 -55.21188 1.07466
173.55000 -55.21517 1.07534
173.60000 -55.23161 1.06294
173.65000 -55.22175 1.05001
173.70000 -55.22504 1.07345
173.75000 -55.21188 1.05844
173.80000 -55.21517 1.07735
173.85000 -55.22504 1.05235
173.90000 -55.23161 1.07046
173.95000 -55.21188 1.06951
174.00000 -55.21188 1.06680
174.05000 -55.21517 1.06090
174.10000 -55.22504 1.06680
174.15000 -55.19709 1.07392
174.20000 -55.19873 1.09314
174.25000 -55.19709 1.09958
174.30000 -55.21353 1.08983
174.35000 -55.22833 1.10253
174.40000 -55.23161 1.10081
174.45000 -55.21024 1.11686
174.50000 -55.21517 1.09485
174.55000 -55.23819 1.10252
174.60000 -55.21024 1.12610
174.65000 -55.22668 1.11938
174.70000 -55.22011 1.11457
174.75000 -55.21024 1.11109
174.80000 -55.22833 1.11847
174.85000 -55.20860 1.10531
174.90000 -55.18887 1.11305
174.95000 -55.20202 1.10245
175.00000 -55.22175 1.10700
175.05000 -55.21353 1.09582
175.10000 -55.21517 1.11780
175.15000 -55.21517 1.10911
175.20000 -55.21517 1.10813
175.25000 -55.21353 1.10415
175.30000 -55.20202 1.10677
175.35000 -55.22011 1.11789
175.40000 -55.22504 1.11204
175.45000 -55.22504 1.08704
175.50000 -55.23326 1.08188
175.55000 -55.22504 1.07350
175.60000 -55.21517 1.07999
175.65000 -55.21846 1.07023
175.70000 -55.23819 1.06839
175.75000 -55.21846 1.06479
175.80000 -55.21846 1.07087
175.85000 -55.23819 1.07407
175.90000 -55.23490 1.06302
175.95000 -55.24312 1.07119
176.00000 -55.24806 1.08854
176.05000 -55.25134 1.06447
176.10000 -55.25792 1.06140
176.15000 -55.23655 1.07721
176.20000 -55.23655 1.08190
176.25000 -55.21353 1.07913
176.30000 -55.20860 1.10015
176.35000 -55.22339 1.08928
176.40000 -55.20860 1.07260
176.45000 -55.21517 1.09386
176.50000 -55.22175 1.08896
176.55000 -55.22833 1.08342
176.60000 -55.22997 1.07063
176.65000 -55.21682 1.09341
176.70000 -55.20860 1.07429
176.75000 -55.21188 1.05704
176.80000 -55.20695 1.06869
176.85000 -55.20038 1.08093
176.90000 -55.21353 1.10265
176.95000 -55.19873 1.08603
177.00000 -55.19380 1.08610
177.05000 -55.19873 1.07614
177.10000 -55.20860 1.07249
177.15000 -55.19873 1.08530
177.20000 -55.20860 1.08908
177.25000 -55.22668 1.06813
177.30000 -55.22339 1.07440
177.35000 -55.22011 1.06896
177.40000 -55.23161 1.04615
177.45000 -55.20366 1.03962
177.50000 -55.20860 1.05413
177.55000 -55.20366 1.03666
177.60000 -55.22504 1.03088
177.65000 -55.23984 1.03018
177.70000 -55.22997 1.05262
177.75000 -55.24148 1.05397
177.80000 -55.23655 1.04655
177.85000 -55.22833 1.07894
177.90000 -55.21517 1.04844
177.95000 -55.23161 1.04409
178.00000 -55.22668 1.04959
178.05000 -55.21024 1.02520
178.10000 -55.22833 1.01564
178.15000 -55.23655 1.03957
178.20000 -55.22668 1.02717
178.25000 -55.23655 1.00653
178.30000 -55.24970 0.99920
178.35000 -55.24641 0.99608
178.40000 -55.22997 1.01052
178.45000 -55.22504 1.00895
178.50000 -55.24641 0.99648
178.55000 -55.25299 0.99289
178.60000 -55.22668 0.99326
178.65000 -55.23819 0.98635
178.70000 -55.23984 1.01139
178.75000 -55.24148 1.02456
178.80000 -55.21846 0.99591
178.85000 -55.25463 0.99124
178.90000 -55.23819 0.97812
178.95000 -55.23655 0.97761
179.00000 -55.22504 0.96995
179.05000 -55.22668 0.97247
179.10000 -55.22504 0.97300
179.15000 -55.22339 0.94721
179.20000 -55.20695 0.96096
179.25000 -55.23490 0.95692
179.30000 -55.23490 0.96480
179.35000 -55.24806 0.95569
179.40000 -55.24477 0.94913
179.45000 -55.23490 0.98436
179.50000 -55.22339 0.97486
179.55000 -55.22997 0.96288
179.60000 -55.23161 0.94864
179.65000 -55.23984 0.96992
179.70000 -55.22339 0.96116
179.75000 -55.21517 0.95932
179.80000 -55.22175 0.95973
179.85000 -55.23984 0.96143
179.90000 -55.23326 0.92966
179.95000 -55.24477 0.91319
180.00000 -55.23984 0.93014
180.05000 -55.23326 0.93467
180.10000 -55.25299 0.91205
180.15000 -55.24477 0.91313
180.20000 -55.22833 0.92944
180.25000 -55.23490 0.91695
180.30000 -55.24641 0.91091
180.35000 -55.23490 0.91999
180.40000 -55.23819 0.90931
180.45000 -55.25463 0.92408
180.50000 -55.25792 0.90058
180.55000 -55.26779 0.91695
180.60000 -55.25628 0.91344
180.65000 -55.26614 0.88917
180.70000 -55.28094 0.89899
180.75000 -55.25792 0.89373
180.80000 -55.27436 0.88984
180.85000 -55.28916 0.88438
180.90000 -55.28423 0.88788
180.95000 -55.26285 0.87200
181.00000 -55.25792 0.87954
181.05000 -55.26121 0.85420
181.10000 -55.26450 0.84817
181.15000 -55.26450 0.85379
181.20000 -55.28916 0.84925
181.25000 -55.27601 0.84081
181.30000 -55.27765 0.84341
181.35000 -55.26450 0.85245
181.40000 -55.27930 0.82818
181.45000 -55.27765 0.84751
181.50000 -55.29574 0.81944
181.55000 -55.28916 0.80543
181.60000 -55.27601 0.82122
181.65000 -55.26779 0.83530
181.70000 -55.28258 0.84166
181.75000 -55.29409 0.82877
181.80000 -55.26943 0.81549
181.85000 -55.31053 0.82685
181.90000 -55.29409 0.82201
181.95000 -55.31547 0.81416
182.00000 -55.32862 0.79705
182.05000 -55.30560 0.79501
182.10000 -55.31711 0.79186
182.15000 -55.32533 0.78461
182.20000 -55.32204 0.79891
182.25000 -55.30560 0.78536
182.30000 -55.33355 0.78753
182.35000 -55.32369 0.77092
182.40000 -55.33191 0.77023
182.45000 -55.33191 0.76764
182.50000 -55.34671 0.76758
182.55000 -55.35164 0.77355
182.60000 -55.33191 0.77060
182.65000 -55.33849 0.77669
182.70000 -55.32040 0.77533
182.75000 -55.33355 0.76629
182.80000 -55.33191 0.76094
182.85000 -55.33026 0.77584
182.90000 -55.32533 0.78017
182.95000 -55.32369 0.77527
183.00000 -55.30067 0.76777
183.05000 -55.32533 0.75368
183.10000 -55.33355 0.77647
183.15000 -55.34177 0.78188
183.20000 -55.35000 0.78594
183.25000 -55.34671 0.76207
183.30000 -55.32369 0.77328
183.35000 -55.33520 0.78193
183.40000 -55.34671 0.77098
183.45000 -55.33026 0.78227
183.50000 -55.31053 0.77783
183.55000 -55.33520 0.77123
183.60000 -55.33191 0.77707
183.65000 -55.34506 0.78108
183.70000 -55.34342 0.76201
183.75000 -55.32533 0.76989
183.80000 -55.32862 0.77269
183.85000 -55.32533 0.74853
183.90000 -55.31876 0.76079
183.95000 -55.31218 0.77420
184.00000 -55.31876 0.76004
184.05000 -55.33520 0.76997
184.10000 -55.31547 0.75587
184.15000 -55.29903 0.76415
184.20000 -55.33355 0.76115
184.25000 -55.31711 0.77272
184.30000 -55.32204 0.77313
184.35000 -55.32040 0.77753
184.40000 -55.32369 0.78981
184.45000 -55.32862 0.78641
184.50000 -55.33026 0.80394
184.55000 -55.32862 0.79919
184.60000 -55.33026 0.79497
184.65000 -55.32369 0.81903
184.70000 -55.34671 0.82075
184.75000 -55.32369 0.81135
184.80000 -55.32204 0.82173
184.85000 -55.32862 0.80868
184.90000 -55.32040 0.82649
184.95000 -55.31218 0.83175
185.00000 -55.30725 0.83233
185.05000 -55.29903 0.83204
185.10000 -55.32862 0.82076
185.15000 -55.32698 0.83062
185.20000 -55.31711 0.83468
185.25000 -55.31218 0.84761
185.30000 -55.31547 0.82008
185.35000 -55.31382 0.83478
185.40000 -55.32369 0.84859
185.45000 -55.31382 0.85658
185.50000 -55.32204 0.82808
185.55000 -55.31547 0.83712
185.60000 -55.30889 0.83258
185.65000 -55.29574 0.85765
185.70000 -55.29080 0.84637
185.75000 -55.30560 0.83127
185.80000 -55.32040 0.84272
185.85000 -55.32533 0.84226
185.90000 -55.31711 0.84714
185.95000 -55.31876 0.84304
186.00000 -55.33355 0.85496
186.05000 -55.32204 0.86149
186.10000 -55.31053 0.86486
186.15000 -55.31382 0.85791
186.20000 -55.32862 0.85453
186.25000 -55.35000 0.84693
186.30000 -55.32698 0.86841
186.35000 -55.33355 0.86981
186.40000 -55.31876 0.86760
186.45000 -55.33026 0.86505
186.50000 -55.32533 0.84711
186.55000 -55.31876 0.87328
186.60000 -55.32698 0.86024
186.65000 -55.29409 0.87076
186.70000 -55.32698 0.89976
186.75000 -55.31053 0.89309
186.80000 -55.31218 0.87963
186.85000 -55.29738 0.87538
186.90000 -55.29409 0.88103
186.95000 -55.30396 0.88668
187.00000 -55.31382 0.89785
187.05000 -55.31382 0.89987
187.10000 -55.31876 0.89764
187.15000 -55.31218 0.87730
187.20000 -55.30067 0.89273
187.25000 -55.30725 0.89373
187.30000 -55.32204 0.90159
187.35000 -55.29903 0.91192
187.40000 -55.30396 0.89206
187.45000 -55.30067 0.87795
187.50000 -55.27765 0.89893
187.55000 -55.28587 0.92978
187.60000 -55.29574 0.92514
187.65000 -55.29574 0.93176
187.70000 -55.27930 0.91974
187.75000 -55.29080 0.93487
187.80000 -55.28423 0.92060
187.85000 -55.27107 0.93966
187.90000 -55.26943 0.95762
187.95000 -55.25792 0.95338
188.00000 -55.26614 0.95550
188.05000 -55.25792 0.95636
188.10000 -55.28094 0.95110
188.15000 -55.26614 0.96357
188.20000 -55.28094 0.98276
188.25000 -55.26285 0.97328
188.30000 -55.27930 0.96066
188.35000 -55.27601 0.97857
188.40000 -55.27436 0.99657
188.45000 -55.25957 0.98924
188.50000 -55.26285 0.99297
188.55000 -55.26943 1.00233
188.60000 -55.26614 0.99490
188.65000 -55.26779 0.99311
188.70000 -55.25792 0.99749
188.75000 -55.26285 1.01367
188.80000 -55.24970 0.99120
188.85000 -55.25299 1.01112
188.90000 -55.25628 1.00357
188.95000 -55.23984 1.00801
189.00000 -55.26121 1.03319
189.05000 -55.25628 1.02100
189.10000 -55.25957 1.03253
189.15000 -55.24806 1.03164
189.20000 -55.24806 1.02716
189.25000 -55.23819 1.03730
189.30000 -55.23655 1.03639
189.35000 -55.25628 1.03335
189.40000 -55.27930 1.05410
189.45000 -55.27601 1.06512
189.50000 -55.27107 1.04833
189.55000 -55.26285 1.05984
189.60000 -55.26285 1.04491
189.65000 -55.27107 1.03868
189.70000 -55.26943 1.05516
189.75000 -55.27601 1.04232
189.80000 -55.26779 1.04923
189.85000 -55.26450 1.05956
189.90000 -55.26614 1.04593
189.95000 -55.26614 1.05987
190.00000 -55.26450 1.05655
190.05000 -55.24970 1.03342
190.10000 -55.27436 1.08756
190.15000 -55.28423 1.07129
190.20000 -55.28587 1.03570
190.25000 -55.28587 1.04031
190.30000 -55.28258 1.05667
190.35000 -55.27107 1.05261
190.40000 -55.26285 1.05704
190.45000 -55.26450 1.05082
190.50000 -55.25628 1.03555
190.55000 -55.25463 1.03796
190.60000 -55.27107 1.03626
190.65000 -55.25463 1.03169
190.70000 -55.27272 1.01874
190.75000 -55.26121 1.02022
190.80000 -55.24806 1.03988
190.85000 -55.26779 1.04401
190.90000 -55.24970 1.02134
190.95000 -55.25299 1.01853
191.00000 -55.26450 1.01057
191.05000 -55.23984 0.98972
191.10000 -55.25628 0.99805
191.15000 -55.25792 1.00906
191.20000 -55.26285 1.01748
191.25000 -55.26121 1.02606
191.30000 -55.26285 1.01888
191.35000 -55.26450 1.03829
191.40000 -55.25134 1.03189
191.45000 -55.23984 1.03860
191.50000 -55.27272 1.04046
191.55000 -55.24312 1.02259
191.60000 -55.26943 1.02335
191.65000 -55.26779 1.03646
191.70000 -55.27107 1.03269
191.75000 -55.26779 1.03178
191.80000 -55.27272 1.02808
191.85000 -55.28423 1.04983
191.90000 -55.29409 1.02384
191.95000 -55.26285 1.03258
192.00000 -55.28258 1.02401
192.05000 -55.25463 1.03269
192.10000 -55.27765 1.02540
192.15000 -55.28094 1.01613
192.20000 -55.25792 1.00442
192.25000 -55.26779 1.01302
192.30000 -55.27930 1.00377
192.35000 -55.25792 0.99988
192.40000 -55.26450 1.00317
192.45000 -55.27436 1.00883
192.50000 -55.27436 1.00652
192.55000 -55.25134 1.02603
192.60000 -55.26614 1.02887
192.65000 -55.27272 1.02058
192.70000 -55.26121 1.04153
192.75000 -55.26943 1.03254
192.80000 -55.27601 1.02237
192.85000 -55.28094 1.02888
192.90000 -55.28752 1.02588
192.95000 -55.27272 1.01824
193.00000 -55.28258 1.01036
193.05000 -55.26121 1.04104
193.10000 -55.28752 1.00004
193.15000 -55.29903 1.01416
193.20000 -55.29080 1.01586
193.25000 -55.28423 1.03953
193.30000 -55.27930 1.02242
193.35000 -55.28752 1.01006
193.40000 -55.30231 1.00335
193.45000 -55.29409 1.01552
193.50000 -55.29903 1.00904
193.55000 -55.27107 1.03368
193.60000 -55.28423 1.00660
193.65000 -55.27930 1.00030
193.70000 -55.27601 1.00128
193.75000 -55.29080 1.01407
193.80000 -55.28752 0.99679
193.85000 -55.28587 0.99215
193.90000 -55.30067 1.00252
193.95000 -55.28752 1.00673
194.00000 -55.28916 1.01619
194.05000 -55.28094 1.00441
194.10000 -55.28916 0.99862
194.15000 -55.28423 0.98748
194.20000 -55.28587 1.01606
194.25000 -55.30231 1.00454
194.30000 -55.27272 0.99460
194.35000 -55.28587 0.99025
194.40000 -55.29738 1.00101
194.45000 -55.29738 0.98761
194.50000 -55.30560 0.97232
194.55000 -55.30231 0.99452
194.60000 -55.29409 0.96542
194.65000 -55.28752 0.99129
194.70000 -55.30067 0.98309
194.75000 -55.29245 0.98532
194.80000 -55.27765 0.98393
194.85000 -55.29080 0.99004
194.90000 -55.29574 0.99056
194.95000 -55.29574 0.98468
195.00000 -55.29245 0.97206
195.05000 -55.28423 0.98609
195.10000 -55.29245 0.98022
195.15000 -55.29903 0.96958
195.20000 -55.29409 0.97001
195.25000 -55.30067 0.96042
195.30000 -55.30560 0.95119
195.35000 -55.32369 0.93900
195.40000 -55.30725 0.95856
195.45000 -55.30396 0.92967
195.50000 -55.31876 0.92997
195.55000 -55.32040 0.92507
195.60000 -55.30067 0.92695
195.65000 -55.32533 0.92570
195.70000 -55.32698 0.93054
195.75000 -55.32698 0.92539
195.80000 -55.32040 0.93437
195.85000 -55.33849 0.93885
195.90000 -55.34671 0.93267
195.95000 -55.33191 0.92623
196.00000 -55.34342 0.93341
196.05000 -55.34177 0.93228
196.10000 -55.34835 0.94577
196.15000 -55.36150 0.92150
196.20000 -55.36808 0.91668
196.25000 -55.36808 0.92435
196.30000 -55.37795 0.91770
196.35000 -55.35986 0.90235
196.40000 -55.35000 0.93148
196.45000 -55.34671 0.90812
196.50000 -55.35822 0.91668
196.55000 -55.33684 0.92488
196.60000 -55.35328 0.90082
196.65000 -55.34835 0.92883
196.70000 -55.33684 0.91137
196.75000 -55.35164 0.90308
196.80000 -55.35328 0.89556
196.85000 -55.34177 0.90421
196.90000 -55.35000 0.91372
196.95000 -55.34013 0.91350
197.00000 -55.34506 0.91384
197.05000 -55.33520 0.91644
197.10000 -55.35822 0.90788
197.15000 -55.36150 0.92852
197.20000 -55.33026 0.92832
197.25000 -55.33191 0.91342
197.30000 -55.32862 0.90875
197.35000 -55.33191 0.89466
197.40000 -55.31876 0.90974
197.45000 -55.31382 0.88353
197.50000 -55.32040 0.89746
197.55000 -55.33520 0.91438
197.60000 -55.31876 0.90836
197.65000 -55.33355 0.90583
197.70000 -55.32533 0.92564
197.75000 -55.35657 0.90700
197.80000 -55.33684 0.90164
197.85000 -55.31053 0.89258
197.90000 -55.32040 0.91877
197.95000 -55.31053 0.89963
198.00000 -55.31382 0.93474
198.05000 -55.29738 0.90259
198.10000 -55.30396 0.90743
198.15000 -55.32040 0.91100
198.20000 -55.32204 0.92403
198.25000 -55.31382 0.92106
198.30000 -55.30067 0.90357
198.35000 -55.28916 0.93328
198.40000 -55.29409 0.92502
198.45000 -55.28423 0.93197
198.50000 -55.30396 0.92482
198.55000 -55.31547 0.91532
198.60000 -55.30067 0.91340
198.65000 -55.29574 0.94335
198.70000 -55.30231 0.93871
198.75000 -55.31218 0.90054
198.80000 -55.30725 0.92330
198.85000 -55.31711 0.91340
198.90000 -55.29080 0.90304
198.95000 -55.30396 0.90981
199.00000 -55.32204 0.91711
199.05000 -55.32862 0.91723
199.10000 -55.29903 0.90081
199.15000 -55.30231 0.89539
199.20000 -55.28094 0.88848
199.25000 -55.29080 0.90769
199.30000 -55.29903 0.90717
199.35000 -55.27272 0.90979
199.40000 -55.28094 0.89518
199.45000 -55.26121 0.91326
199.50000 -55.27107 0.90315
199.55000 -55.26450 0.91131
199.60000 -55.27436 0.90329
199.65000 -55.28916 0.90297
199.70000 -55.26285 0.90474
199.75000 -55.25134 0.88698
199.80000 -55.25299 0.91255
199.85000 -55.26121 0.90083
199.90000 -55.26450 0.89123
199.95000 -55.26943 0.90889
200.00000 -55.24477 0.92354
200.05000 -55.27107 0.90912
200.10000 -55.26779 0.90111
200.15000 -55.25134 0.91078
200.20000 -55.26614 0.88622
200.25000 -55.28258 0.92392
200.30000 -55.26614 0.92272
200.35000 -55.27436 0.91051
200.40000 -55.26614 0.93843
200.45000 -55.25463 0.92661
200.50000 -55.25628 0.89868
200.55000 -55.26614 0.92696
200.60000 -55.24970 0.91326
200.65000 -55.24641 0.91652
200.70000 -55.23655 0.92151
200.75000 -55.24641 0.92664
200.80000 -55.25463 0.92716
200.85000 -55.24312 0.93039
200.90000 -55.24970 0.91892
200.95000 -55.27107 0.91399
201.00000 -55.25792 0.90637
201.05000 -55.27436 0.91872
201.10000 -55.26614 0.89796
201.15000 -55.27272 0.89579
201.20000 -55.26779 0.89273
201.25000 -55.27272 0.89782
201.30000 -55.26614 0.91030
201.35000 -55.25299 0.90917
201.40000 -55.24148 0.90298
201.45000 -55.24806 0.88514
201.50000 -55.25463 0.89301
201.55000 -55.22997 0.89372
201.60000 -55.22997 0.89988
201.65000 -55.22997 0.89034
201.70000 -55.22011 0.88268
201.75000 -55.23819 0.88443
201.80000 -55.23655 0.89048
201.85000 -55.23655 0.89265
201.90000 -55.26121 0.88219
201.95000 -55.23161 0.87985
202.00000 -55.23326 0.90176
202.05000 -55.25463 0.90265
202.10000 -55.26614 0.89986
202.15000 -55.23490 0.89350
202.20000 -55.22997 0.88708
202.25000 -55.23326 0.90295
202.30000 -55.23819 0.89911
202.35000 -55.24312 0.90339
202.40000 -55.24970 0.89112
202.45000 -55.25134 0.87438
202.50000 -55.25299 0.90409
202.55000 -55.26614 0.89821
202.60000 -55.26285 0.89931
202.65000 -55.25299 0.91130
202.70000 -55.26285 0.89130
202.75000 -55.26450 0.88463
202.80000 -55.25957 0.88110
202.85000 -55.25299 0.88442
202.90000 -55.25792 0.86532
202.95000 -55.25299 0.87178
203.00000 -55.27272 0.89216
203.05000 -55.27765 0.87650
203.10000 -55.27107 0.86505
203.15000 -55.27930 0.87033
203.20000 -55.28423 0.88666
203.25000 -55.26285 0.86288
203.30000 -55.25957 0.86972
203.35000 -55.24477 0.87253
203.40000 -55.27272 0.86994
203.45000 -55.26943 0.88310
203.50000 -55.26450 0.87401
203.55000 -55.25957 0.88187
203.60000 -55.24806 0.88675
203.65000 -55.24970 0.89042
203.70000 -55.28258 0.89596
203.75000 -55.27272 0.88954
203.80000 -55.28094 0.89116
203.85000 -55.29409 0.91984
203.90000 -55.29738 0.88867
203.95000 -55.28587 0.89574
204.00000 -55.29409 0.88387
204.05000 -55.28916 0.88618
204.10000 -55.27930 0.90282
204.15000 -55.29574 0.90114
204.20000 -55.32040 0.89333
204.25000 -55.28587 0.89720
204.30000 -55.28423 0.90477
204.35000 -55.29738 0.89620
204.40000 -55.29080 0.91996
204.45000 -55.27601 0.89643
204.50000 -55.27930 0.92406
204.55000 -55.27272 0.90759
204.60000 -55.27107 0.90227
204.65000 -55.29245 0.88804
204.70000 -55.28752 0.91380
204.75000 -55.28258 0.92398
204.80000 -55.29245 0.91693
204.85000 -55.27765 0.92033
204.90000 -55.27765 0.92539
204.95000 -55.29574 0.92600
205.00000 -55.27436 0.91145
205.05000 -55.28423 0.90130
205.10000 -55.27107 0.90422
205.15000 -55.29245 0.91463
205.20000 -55.29080 0.91301
205.25000 -55.27436 0.90606
205.30000 -55.28587 0.90270
205.35000 -55.29738 0.92390
205.40000 -55.28094 0.90743
205.45000 -55.30067 0.91614
205.50000 -55.32040 0.93187
205.55000 -55.31382 0.89136
205.60000 -55.32369 0.90342
205.65000 -55.30725 0.90430
205.70000 -55.32369 0.90424
205.75000 -55.32533 0.89627
205.80000 -55.32369 0.91562
205.85000 -55.33684 0.91181
205.90000 -55.32204 0.90511
205.95000 -55.34342 0.91407
206.00000 -55.32533 0.90374
206.05000 -55.35328 0.91293
206.10000 -55.34013 0.89201
206.15000 -55.34342 0.89722
206.20000 -55.36315 0.90309
206.25000 -55.35000 0.89210
206.30000 -55.35986 0.88824
206.35000 -55.35822 0.88804
206.40000 -55.35822 0.89570
206.45000 -55.34177 0.87951
206.50000 -55.35000 0.89069
206.55000 -55.32533 0.89982
206.60000 -55.31382 0.90341
206.65000 -55.32040 0.88244
206.70000 -55.31711 0.88248
206.75000 -55.31218 0.89871
206.80000 -55.31382 0.90240
206.85000 -55.31711 0.88299
206.90000 -55.31711 0.86350
206.95000 -55.32204 0.86367
207.00000 -55.31218 0.86988
207.05000 -55.31218 0.85948
207.10000 -55.33849 0.84660
207.15000 -55.33026 0.84400
207.20000 -55.32698 0.88297
207.25000 -55.32369 0.87253
207.30000 -55.33355 0.85062
207.35000 -55.33684 0.87434
207.40000 -55.33849 0.84114
207.45000 -55.34013 0.84036
207.50000 -55.35164 0.84480
207.55000 -55.34013 0.83677
207.60000 -55.34013 0.82905
207.65000 -55.33684 0.84622
207.70000 -55.34342 0.84455
207.75000 -55.33355 0.86416
207.80000 -55.34177 0.85410
207.85000 -55.34342 0.83377
207.90000 -55.35000 0.82736
207.95000 -55.35164 0.83688
208.00000 -55.35822 0.83425
208.05000 -55.35000 0.83489
208.10000 -55.35328 0.83866
208.15000 -55.37466 0.84229
208.20000 -55.34835 0.83289
208.25000 -55.35493 0.84972
208.30000 -55.37137 0.83849
208.35000 -55.37137 0.83972
208.40000 -55.36644 0.84343
208.45000 -55.35822 0.84064
208.50000 -55.35986 0.83240
208.55000 -55.34506 0.86100
208.60000 -55.34835 0.84395
208.65000 -55.32698 0.83295
208.70000 -55.35328 0.82304
208.75000 -55.33849 0.84215
208.80000 -55.36479 0.82723
208.85000 -55.35000 0.83024
208.90000 -55.33191 0.84169
208.95000 -55.34671 0.83505
209.00000 -55.34177 0.82730
209.05000 -55.35822 0.82167
209.10000 -55.34506 0.81697
209.15000 -55.33849 0.84026
209.20000 -55.33849 0.85549
209.25000 -55.32862 0.85406
209.30000 -55.32369 0.83799
209.35000 -55.34013 0.82042
209.40000 -55.33355 0.84928
209.45000 -55.33026 0.84211
209.50000 -55.32040 0.84750
209.55000 -55.32369 0.83853
209.60000 -55.33026 0.86254
209.65000 -55.33520 0.84705
209.70000 -55.34835 0.85667
209.75000 -55.33520 0.86671
209.80000 -55.33355 0.85015
209.85000 -55.33191 0.85810
209.90000 -55.33355 0.85735
209.95000 -55.36150 0.84851
210.00000 -55.35328 0.84380
210.05000 -55.37301 0.85753
210.10000 -55.36315 0.86826
210.15000 -55.36808 0.86605
210.20000 -55.36315 0.87219
210.25000 -55.36973 0.87798
210.30000 -55.36479 0.85604
210.35000 -55.34671 0.85479
210.40000 -55.34835 0.86546
210.45000 -55.36479 0.83640
210.50000 -55.35000 0.86186
210.55000 -55.33849 0.86067
210.60000 -55.35000 0.84794
210.65000 -55.37137 0.84559
210.70000 -55.36150 0.86742
210.75000 -55.37137 0.85036
210.80000 -55.36150 0.85126
210.85000 -55.38123 0.84692
210.90000 -55.35164 0.84500
210.95000 -55.33191 0.83504
211.00000 -55.35328 0.81950
211.05000 -55.35328 0.82580
211.10000 -55.34835 0.84186
211.15000 -55.35493 0.82601
211.20000 -55.35164 0.82551
211.25000 -55.34835 0.83976
211.30000 -55.35164 0.83395
211.35000 -55.36315 0.84931
211.40000 -55.35164 0.86068
211.45000 -55.34342 0.86249
211.50000 -55.36808 0.84044
211.55000 -55.36315 0.86300
211.60000 -55.36973 0.85192
211.65000 -55.36644 0.85523
211.70000 -55.37137 0.86870
211.75000 -55.36808 0.87572
211.80000 -55.38617 0.85804
211.85000 -55.37301 0.85739
211.90000 -55.37795 0.87724
211.95000 -55.37959 0.87343
212.00000 -55.37466 0.88435
212.05000 -55.38452 0.87211
212.10000 -55.37301 0.86736
212.15000 -55.37795 0.88576
212.20000 -55.36973 0.88373
212.25000 -55.37630 0.86932
212.30000 -55.35986 0.88580
212.35000 -55.37959 0.89148
212.40000 -55.37795 0.88576
212.45000 -55.35328 0.85505
212.50000 -55.38123 0.86382
212.55000 -55.38288 0.87229
212.60000 -55.38288 0.87704
212.65000 -55.37301 0.89035
212.70000 -55.37795 0.87685
212.75000 -55.39439 0.86683
212.80000 -55.40590 0.87650
212.85000 -55.39603 0.88688
212.90000 -55.37301 0.90090
212.95000 -55.38452 0.90276
213.00000 -55.37466 0.91882
213.05000 -55.37466 0.90521
213.10000 -55.36150 0.90152
213.15000 -55.36808 0.90141
213.20000 -55.36150 0.90656
213.25000 -55.34671 0.91486
213.30000 -55.33355 0.92159
213.35000 -55.34835 0.90789
213.40000 -55.34835 0.92546
213.45000 -55.34506 0.93069
213.50000 -55.33849 0.93879
213.55000 -55.33849 0.93185
213.60000 -55.33849 0.95143
213.65000 -55.33026 0.97041
213.70000 -55.32862 0.94685
213.75000 -55.34671 0.94419
213.80000 -55.34177 0.95472
213.85000 -55.34342 0.93961
213.90000 -55.35000 0.94898
213.95000 -55.33684 0.95080
214.00000 -55.32040 0.93242
214.05000 -55.33520 0.93573
214.10000 -55.35657 0.95755
214.15000 -55.35000 0.93252
214.20000 -55.33520 0.94722
214.25000 -55.35164 0.95186
214.30000 -55.35164 0.94929
214.35000 -55.34013 0.93335
214.40000 -55.34177 0.92394
214.45000 -55.33191 0.93655
214.50000 -55.34177 0.94309
214.55000 -55.33849 0.93569
214.60000 -55.34013 0.91612
214.65000 -55.31382 0.93669
214.70000 -55.31711 0.94832
214.75000 -55.32204 0.95361
214.80000 -55.34506 0.95334
214.85000 -55.33191 0.94176
214.90000 -55.34506 0.94417
214.95000 -55.33191 0.93491
215.00000 -55.32862 0.93298
215.05000 -55.30889 0.94303
215.10000 -55.32862 0.94136
215.15000 -55.33355 0.92615
215.20000 -55.33026 0.94044
215.25000 -55.31547 0.91966
215.30000 -55.31711 0.94410
215.35000 -55.31053 0.94601
215.40000 -55.32533 0.94245
215.45000 -55.33520 0.93263
215.50000 -55.30889 0.91652
215.55000 -55.32698 0.91413
215.60000 -55.32204 0.91207
215.65000 -55.33191 0.92383
215.70000 -55.34835 0.92730
215.75000 -55.32698 0.91841
215.80000 -55.33520 0.92454
215.85000 -55.32533 0.92336
215.90000 -55.34835 0.91613
215.95000 -55.34835 0.93336
216.00000 -55.35657 0.91581
216.05000 -55.35657 0.92711
216.10000 -55.36644 0.91608
216.15000 -55.35493 0.91194
216.20000 -55.34013 0.92471
216.25000 -55.35164 0.91217
216.30000 -55.35657 0.91113
216.35000 -55.37137 0.93167
216.40000 -55.35328 0.91112
216.45000 -55.34177 0.92898
216.50000 -55.34671 0.93954
216.55000 -55.36150 0.93851
216.60000 -55.36644 0.94006
216.65000 -55.36315 0.94443
216.70000 -55.34835 0.94565
216.75000 -55.36150 0.93243
216.80000 -55.34835 0.93275
216.85000 -55.33026 0.91685
216.90000 -55.33191 0.95705
216.95000 -55.34506 0.93976
217.00000 -55.34671 0.91604
217.05000 -55.34835 0.94938
217.10000 -55.33684 0.94816
217.15000 -55.35986 0.94100
217.20000 -55.34506 0.95668
217.25000 -55.33520 0.95231
217.30000 -55.35493 0.95832
217.35000 -55.34177 0.96439
217.40000 -55.34671 0.96263
217.45000 -55.34342 0.98167
217.50000 -55.36150 0.97649
217.55000 -55.35986 0.96069
217.60000 -55.34835 0.96507
217.65000 -55.35000 0.97161
217.70000 -55.33849 0.94603
217.75000 -55.35000 0.95137
217.80000 -55.33026 0.95390
217.85000 -55.34177 0.94694
217.90000 -55.33849 0.95722
217.95000 -55.33520 0.94824
218.00000 -55.34506 0.93854
218.05000 -55.33684 0.92979
218.10000 -55.33355 0.94374
218.15000 -55.34013 0.95927
218.20000 -55.36150 0.93967
218.25000 -55.33026 0.95516
218.30000 -55.34013 0.94865
218.35000 -55.33355 0.95047
218.40000 -55.35164 0.93235
218.45000 -55.33191 0.93771
218.50000 -55.33026 0.95038
218.55000 -55.33684 0.94401
218.60000 -55.31218 0.94314
218.65000 -55.30725 0.93231
218.70000 -55.31218 0.93161
218.75000 -55.31382 0.94672
218.80000 -55.29738 0.93450
218.85000 -55.30067 0.93569
218.90000 -55.28752 0.93431
218.95000 -55.31218 0.93605
219.00000 -55.28258 0.95404
219.05000 -55.28916 0.94221
219.10000 -55.30725 0.95790
219.15000 -55.31711 0.95805
219.20000 -55.31876 0.95663
219.25000 -55.32204 0.97094
219.30000 -55.30396 0.96393
219.35000 -55.31382 0.95026
219.40000 -55.31218 0.94651
219.45000 -55.29245 0.94481
219.50000 -55.29409 0.94021
219.55000 -55.30231 0.94764
219.60000 -55.28587 0.92825
219.65000 -55.30396 0.93954
219.70000 -55.27601 0.95269
219.75000 -55.29903 0.94025
219.80000 -55.29738 0.95038
219.85000 -55.31218 0.94645
219.90000 -55.30231 0.95368
219.95000 -55.30067 0.90086
220.00000 -55.29738 0.94455
220.05000 -55.29738 0.94268
220.10000 -55.29738 0.94503
220.15000 -55.29245 0.94925
220.20000 -55.28587 0.93965
220.25000 -55.29903 0.93345
220.30000 -55.28916 0.92606
220.35000 -55.28916 0.91841
220.40000 -55.28258 0.93061
220.45000 -55.27601 0.92505
220.50000 -55.27601 0.92086
220.55000 -55.28094 0.92044
220.60000 -55.28094 0.93614
220.65000 -55.27765 0.95564
220.70000 -55.28423 0.95215
220.75000 -55.28587 0.95216
220.80000 -55.27272 0.92671
220.85000 -55.27930 0.94072
220.90000 -55.27601 0.94194
220.95000 -55.27272 0.94175
221.00000 -55.28752 0.95700
221.05000 -55.28916 0.95320
221.10000 -55.27272 0.92775
221.15000 -55.27272 0.93551
221.20000 -55.26943 0.92595
221.25000 -55.27107 0.92359
221.30000 -55.28916 0.95606
221.35000 -55.28094 0.96547
221.40000 -55.27930 0.96113
221.45000 -55.28258 0.94950
221.50000 -55.27930 0.95787
221.55000 -55.27765 0.96589
221.60000 -55.25463 0.95229
221.65000 -55.28094 0.96700
221.70000 -55.29245 0.96081
221.75000 -55.31382 0.94521
221.80000 -55.26285 0.94937
221.85000 -55.27601 0.94279
221.90000 -55.28916 0.95397
221.95000 -55.30396 0.97719
222.00000 -55.31382 0.96670
222.05000 -55.29903 0.96020
222.10000 -55.29738 0.96659
222.15000 -55.29574 0.96677
222.20000 -55.29903 0.99438
222.25000 -55.30396 0.97585
222.30000 -55.29574 0.98537
222.35000 -55.28423 0.97617
222.40000 -55.29409 0.97352
222.45000 -55.30725 0.99389
222.50000 -55.30560 0.96956
222.55000 -55.30725 0.96501
222.60000 -55.28916 0.95534
222.65000 -55.27765 0.94601
222.70000 -55.29245 0.94034
222.75000 -55.29245 0.96188
222.80000 -55.30067 0.96084
222.85000 -55.29245 0.95051
222.90000 -55.29245 0.97001
222.95000 -55.29738 0.95462
223.00000 -55.29738 0.96009
223.05000 -55.29738 0.93996
223.10000 -55.30396 0.94322
223.15000 -55.31218 0.95000
223.20000 -55.30396 0.95635
223.25000 -55.29409 0.97370
223.30000 -55.31053 0.96589
223.35000 -55.28916 0.95891
223.40000 -55.29080 0.96524
223.45000 -55.28587 0.97210
223.50000 -55.29080 0.96819
223.55000 -55.30560 0.95745
223.60000 -55.28423 0.96892
223.65000 -55.28258 0.97183
223.70000 -55.30396 0.94588
223.75000 -55.30889 0.96610
223.80000 -55.31053 0.97364
223.85000 -55.28094 0.95944
223.90000 -55.28258 0.96212
223.95000 -55.29080 0.95326
224.00000 -55.29409 0.95463
224.05000 -55.28258 0.92188
224.10000 -55.28094 0.95175
224.15000 -55.29245 0.93268
224.20000 -55.28258 0.95529
224.25000 -55.28423 0.96226
224.30000 -55.26943 0.94920
224.35000 -55.28916 0.95445
224.40000 -55.29245 0.95171
224.45000 -55.29080 0.96265
224.50000 -55.29738 0.97951
224.55000 -55.28423 0.97885
224.60000 -55.27765 0.97749
224.65000 -55.29409 0.97054
224.70000 -55.28587 0.97636
224.75000 -55.29080 0.98185
224.80000 -55.30560 1.00190
224.85000 -55.29574 0.98895
224.90000 -55.29903 0.99672
224.95000 -55.30725 0.99263
225.00000 -55.30560 0.99671
225.05000 -55.30396 0.99679
225.10000 -55.29409 0.98953
225.15000 -55.30231 0.99172
225.20000 -55.29245 0.99240
225.25000 -55.30889 0.99540
225.30000 -55.27930 1.01488
225.35000 -55.32698 0.96889
225.40000 -55.30889 1.00462
225.45000 -55.30067 0.98938
225.50000 -55.29738 0.98969
225.55000 -55.29574 0.96158
225.60000 -55.30231 0.98104
225.65000 -55.30725 0.97935
225.70000 -55.31711 0.97191
225.75000 -55.31876 0.99197
225.80000 -55.32040 0.96753
225.85000 -55.32698 0.96883
225.90000 -55.31218 0.97249
225.95000 -55.33684 0.96169
226.00000 -55.33849 0.96397
226.05000 -55.34013 0.96942
226.10000 -55.32040 0.95605
226.15000 -55.32698 0.96560
226.20000 -55.32533 0.97510
226.25000 -55.31547 0.95880
226.30000 -55.33849 0.96586
226.35000 -55.32040 0.95635
226.40000 -55.32204 0.96412
226.45000 -55.34177 0.96933
226.50000 -55.32369 0.96176
226.55000 -55.31876 0.98605
226.60000 -55.32040 0.96929
226.65000 -55.31053 0.95314
226.70000 -55.32040 0.94503
226.75000 -55.31876 0.93783
226.80000 -55.30067 0.93167
226.85000 -55.34671 0.91902
226.90000 -55.32369 0.93773
226.95000 -55.32698 0.93085
227.00000 -55.32533 0.92250
227.05000 -55.31711 0.92940
227.10000 -55.31382 0.93163
227.15000 -55.30396 0.91511
227.20000 -55.30725 0.92064
227.25000 -55.32698 0.91257
227.30000 -55.32862 0.91369
227.35000 -55.32040 0.92710
227.40000 -55.30725 0.92827
227.45000 -55.30725 0.91612
227.50000 -55.31711 0.92147
227.55000 -55.31382 0.91648
227.60000 -55.29245 0.92981
227.65000 -55.28752 0.90749
227.70000 -55.28916 0.91506
227.75000 -55.32040 0.92906
227.80000 -55.29738 0.92230
227.85000 -55.30231 0.90720
227.90000 -55.28916 0.92082
227.95000 -55.29080 0.92249
228.00000 -55.30067 0.91683
228.05000 -55.30889 0.90377
228.10000 -55.28752 0.90993
228.15000 -55.30725 0.92033
228.20000 -55.30231 0.93585
228.25000 -55.31547 0.91569
228.30000 -55.31382 0.92470
228.35000 -55.29738 0.92316
228.40000 -55.28752 0.91914
228.45000 -55.29409 0.93931
228.50000 -55.28258 0.91793
228.55000 -55.28423 0.91720
228.60000 -55.29574 0.91107
228.65000 -55.30067 0.92750
228.70000 -55.31382 0.92051
228.75000 -55.28587 0.92006
228.80000 -55.27107 0.91648
228.85000 -55.27601 0.90848
228.90000 -55.26614 0.90698
228.95000 -55.26614 0.92500
229.00000 -55.26450 0.90347
229.05000 -55.28094 0.91933
229.10000 -55.25299 0.88949
229.15000 -55.26943 0.91382
229.20000 -55.26614 0.92006
229.25000 -55.27601 0.90055
229.30000 -55.28752 0.93875
229.35000 -55.26943 0.92620
229.40000 -55.28258 0.90418
229.45000 -55.25628 0.90744
229.50000 -55.26779 0.91016
229.55000 -55.26614 0.90295
229.60000 -55.26285 0.90177
229.65000 -55.27107 0.91604
229.70000 -55.28916 0.90543
229.75000 -55.28094 0.91828
229.80000 -55.26614 0.89771
229.85000 -55.26614 0.90371
229.90000 -55.24970 0.91301
229.95000 -55.27601 0.92216
230.00000 -55.26779 0.91862
230.05000 -55.27601 0.91565
230.10000 -55.27436 0.90869
230.15000 -55.27765 0.91357
230.20000 -55.28094 0.91461
230.25000 -55.28258 0.89913
230.30000 -55.29574 0.90266
230.35000 -55.27272 0.90073
230.40000 -55.28423 0.89788
230.45000 -55.28423 0.90947
230.50000 -55.27765 0.88432
230.55000 -55.29409 0.90014
230.60000 -55.29409 0.88180
230.65000 -55.27930 0.88557
230.70000 -55.27930 0.90502
230.75000 -55.30889 0.89287
230.80000 -55.30067 0.89159
230.85000 -55.30067 0.89082
230.90000 -55.29903 0.90980
230.95000 -55.28916 0.90266
231.00000 -55.27765 0.90988
231.05000 -55.30396 0.91939
231.10000 -55.31711 0.90401
231.15000 -55.30560 0.91782
231.20000 -55.30396 0.91455
231.25000 -55.29245 0.88509
231.30000 -55.31053 0.90039
231.35000 -55.29738 0.89759
231.40000 -55.28916 0.91019
231.45000 -55.29080 0.89855
231.50000 -55.30396 0.90259
231.55000 -55.30231 0.89615
231.60000 -55.33026 0.90044
231.65000 -55.32040 0.90573
231.70000 -55.31382 0.89473
231.75000 -55.31053 0.88393
231.80000 -55.32533 0.86585
231.85000 -55.33191 0.88036
231.90000 -55.33355 0.88627
231.95000 -55.33684 0.90441
232.00000 -55.35493 0.89417
232.05000 -55.34506 0.88865
232.10000 -55.31382 0.87843
232.15000 -55.32533 0.89615
232.20000 -55.33355 0.87470
232.25000 -55.33026 0.89225
232.30000 -55.33191 0.90081
232.35000 -55.31876 0.87790
232.40000 -55.31053 0.86644
232.45000 -55.30889 0.89599
232.50000 -55.29574 0.89538
232.55000 -55.28587 0.87712
232.60000 -55.29903 0.89103
232.65000 -55.31711 0.88267
232.70000 -55.31053 0.88142
232.75000 -55.32533 0.87494
232.80000 -55.32533 0.88329
232.85000 -55.28752 0.86649
232.90000 -55.32040 0.90259
232.95000 -55.31218 0.89369
233.00000 -55.32204 0.90146
233.05000 -55.32862 0.91835
233.10000 -55.33026 0.89027
233.15000 -55.31547 0.89577
233.20000 -55.31218 0.89350
233.25000 -55.33684 0.89626
233.30000 -55.31547 0.90651
233.35000 -55.30889 0.89089
233.40000 -55.32204 0.88579
233.45000 -55.30560 0.91602
233.50000 -55.32040 0.89512
233.55000 -55.31053 0.91940
233.60000 -55.29903 0.90767
233.65000 -55.30396 0.90158
233.70000 -55.32204 0.93615
233.75000 -55.28752 0.94135
233.80000 -55.29409 0.95159
233.85000 -55.29245 0.96530
233.90000 -55.31218 0.96550
233.95000 -55.30067 0.96674
234.00000 -55.30889 0.98193
234.05000 -55.31382 0.96970
234.10000 -55.32533 0.96342
234.15000 -55.31382 0.99078
234.20000 -55.31876 0.99037
234.25000 -55.31547 0.97662
234.30000 -55.27601 0.99070
234.35000 -55.29738 0.99204
234.40000 -55.29574 0.99285
234.45000 -55.30067 1.00133
234.50000 -55.28423 0.98903
234.55000 -55.29080 1.00403
234.60000 -55.29080 1.00844
234.65000 -55.29245 1.01109
234.70000 -55.31876 1.00344
234.75000 -55.32862 0.99760
234.80000 -55.31547 1.03793
234.85000 -55.32040 1.03736
234.90000 -55.30231 1.01917
234.95000 -55.29574 1.02789
235.00000 -55.31382 1.05579
235.05000 -55.31711 1.05004
235.10000 -55.31382 1.03972
235.15000 -55.31876 1.04718
235.20000 -55.31876 1.04299
235.25000 -55.30231 1.04557
235.30000 -55.27436 1.05790
235.35000 -55.28258 1.07096
235.40000 -55.28258 1.06242
235.45000 -55.27107 1.07004
235.50000 -55.26285 1.06775
235.55000 -55.26943 1.08248
235.60000 -55.29080 1.08268
235.65000 -55.30889 1.08408
235.70000 -55.28752 1.06759
235.75000 -55.29903 1.07157
235.80000 -55.28258 1.10547
235.85000 -55.28587 1.09141
235.90000 -55.27930 1.08900
235.95000 -55.27272 1.08002
236.00000 -55.27765 1.08897
236.05000 -55.25628 1.07936
236.10000 -55.27930 1.06901
236.15000 -55.26943 1.06215
236.20000 -55.26779 1.07241
236.25000 -55.28094 1.08745
236.30000 -55.27272 1.06377
236.35000 -55.28423 1.05069
236.40000 -55.28094 1.06892
236.45000 -55.27436 1.07572
236.50000 -55.29409 1.05580
236.55000 -55.29080 1.06193
236.60000 -55.27436 1.06541
236.65000 -55.27765 1.07657
236.70000 -55.29409 1.07350
236.75000 -55.31711 1.06943
236.80000 -55.30231 1.09757
236.85000 -55.28916 1.10129
236.90000 -55.30725 1.08326
236.95000 -55.29738 1.09095
237.00000 -55.28916 1.06626
237.05000 -55.29738 1.08635
237.10000 -55.31711 1.09004
237.15000 -55.33684 1.07158
237.20000 -55.31876 1.07088
237.25000 -55.33191 1.07173
237.30000 -55.34013 1.07831
237.35000 -55.34013 1.08913
237.40000 -55.33849 1.06853
237.45000 -55.33684 1.04359
237.50000 -55.34342 1.05510
237.55000 -55.35000 1.04570
237.60000 -55.35986 1.04562
237.65000 -55.37137 1.03366
237.70000 -55.32204 1.04741
237.75000 -55.35822 1.05914
237.80000 -55.36150 1.04850
237.85000 -55.36315 1.05698
237.90000 -55.34671 1.01209
237.95000 -55.35822 1.01323
238.00000 -55.35986 1.01950
238.05000 -55.35657 1.03808
238.10000 -55.37137 1.01974
238.15000 -55.36644 1.03173
238.20000 -55.38288 1.01218
238.25000 -55.35822 1.00996
238.30000 -55.36973 1.01383
238.35000 -55.36973 1.01153
238.40000 -55.37630 1.00159
238.45000 -55.36808 1.01413
238.50000 -55.36644 1.00070
238.55000 -55.36479 1.01511
238.60000 -55.36479 1.01062
238.65000 -55.37795 1.01605
238.70000 -55.37630 0.98509
238.75000 -55.36479 1.01000
238.80000 -55.35000 1.00518
238.85000 -55.34835 0.99784
238.90000 -55.35328 0.99919
238.95000 -55.35493 1.00725
239.00000 -55.35493 0.98987
239.05000 -55.34835 0.98434
239.10000 -55.35822 0.98907
239.15000 -55.35493 0.99211
239.20000 -55.36150 1.00640
239.25000 -55.35328 1.00470
239.30000 -55.35000 1.00013
239.35000 -55.35328 0.98658
239.40000 -55.35822 0.99680
239.45000 -55.36644 0.98650
239.50000 -55.35986 1.00431
239.55000 -55.35328 0.97035
239.60000 -55.36973 0.97111
239.65000 -55.36315 0.98183
239.70000 -55.35493 0.98485
239.75000 -55.35986 0.98370
239.80000 -55.36644 0.96556
239.85000 -55.36808 0.97242
239.90000 -55.35493 0.95122
239.95000 -55.37301 0.95957
240.00000 -55.36479 0.98148
240.05000 -55.35986 0.95021
240.10000 -55.37959 0.97017
240.15000 -55.38617 0.97240
240.20000 -55.37795 0.99041
240.25000 -55.36315 0.97748
240.30000 -55.36644 0.96968
240.35000 -55.36479 0.96185
240.40000 -55.36808 0.97148
240.45000 -55.34671 0.96482
240.50000 -55.37137 0.95835
240.55000 -55.37301 0.98306
240.60000 -55.37301 0.96695
240.65000 -55.38288 0.96515
240.70000 -55.36808 0.96549
240.75000 -55.40096 0.95357
240.80000 -55.38617 0.95783
240.85000 -55.39439 0.95600
240.90000 -55.38452 0.96499
240.95000 -55.40261 0.97579
241.00000 -55.40425 0.96320
241.05000 -55.38452 0.96369
241.10000 -55.39439 0.97603
241.15000 -55.40919 0.95553
241.20000 -55.40261 0.96812
241.25000 -55.39603 0.99388
241.30000 -55.42069 0.96724
241.35000 -55.40754 0.96769
241.40000 -55.38617 0.96287
241.45000 -55.36973 0.99633
241.50000 -55.39110 0.99217
241.55000 -55.37630 0.97300
241.60000 -55.40261 0.99850
241.65000 -55.40261 0.96606
241.70000 -55.37301 0.98630
241.75000 -55.38123 0.97988
241.80000 -55.38946 0.98399
241.85000 -55.38452 0.98240
241.90000 -55.40754 0.97086
241.95000 -55.37959 0.97140
242.00000 -55.39932 0.96544
242.05000 -55.40754 0.96681
242.10000 -55.39603 0.95277
242.15000 -55.38288 0.93057
242.20000 -55.40590 0.93906
242.25000 -55.38946 0.93797
242.30000 -55.40754 0.96191
242.35000 -55.39439 0.96618
242.40000 -55.39274 0.95660
242.45000 -55.39603 0.93662
242.50000 -55.41412 0.94198
242.55000 -55.40096 0.92975
242.60000 -55.40754 0.93916
242.65000 -55.39439 0.93487
242.70000 -55.40096 0.96684
242.75000 -55.39768 0.94917
242.80000 -55.40261 0.95384
242.85000 -55.40754 0.92653
242.90000 -55.38946 0.93365
242.95000 -55.40425 0.93727
243.00000 -55.42069 0.92919
243.05000 -55.42563 0.94492
243.10000 -55.44042 0.92917
243.15000 -55.44536 0.90831
243.20000 -55.43056 0.90911
243.25000 -55.42069 0.93267
243.30000 -55.42727 0.92107
243.35000 -55.44207 0.92907
243.40000 -55.41083 0.93867
243.45000 -55.41576 0.93733
243.50000 -55.43549 0.92507
243.55000 -55.40754 0.91042
243.60000 -55.45193 0.93437
243.65000 -55.44536 0.90592
243.70000 -55.44865 0.91053
243.75000 -55.42398 0.91488
243.80000 -55.41412 0.90851
243.85000 -55.44371 0.89706
243.90000 -55.44865 0.89757
243.95000 -55.44536 0.89467
244.00000 -55.43056 0.88731
244.05000 -55.44371 0.90206
244.10000 -55.45029 0.89313
244.15000 -55.45029 0.88230
244.20000 -55.44207 0.90637
244.25000 -55.45358 0.88096
244.30000 -55.43385 0.87767
244.35000 -55.43220 0.88125
244.40000 -55.44536 0.89021
244.45000 -55.44207 0.88894
244.50000 -55.45687 0.87513
244.55000 -55.43714 0.89299
244.60000 -55.45358 0.89550
244.65000 -55.47824 0.87029
244.70000 -55.47166 0.86361
244.75000 -55.46344 0.89217
244.80000 -55.46838 0.89861
244.85000 -55.46180 0.90240
244.90000 -55.44700 0.89856
244.95000 -55.45193 0.87088
245.00000 -55.46673 0.87156
245.05000 -55.47988 0.89444
245.10000 -55.46015 0.88765
245.15000 -55.47331 0.87556
245.20000 -55.47331 0.88961
245.25000 -55.44700 0.88638
245.30000 -55.45522 0.90140
245.35000 -55.45687 0.87896
245.40000 -55.46015 0.89519
245.45000 -55.45522 0.90455
245.50000 -55.45851 0.92274
245.55000 -55.46344 0.90472
245.60000 -55.47166 0.90650
245.65000 -55.47166 0.90757
245.70000 -55.48317 0.90144
245.75000 -55.49961 0.90097
245.80000 -55.49139 0.89621
245.85000 -55.46015 0.90637
245.90000 -55.45522 0.91276
245.95000 -55.47660 0.91745
246.00000 -55.47660 0.91341
246.05000 -55.47495 0.92956
246.10000 -55.47002 0.92934
246.15000 -55.48646 0.90102
246.20000 -55.47166 0.93560
246.25000 -55.45687 0.93985
246.30000 -55.45687 0.93238
246.35000 -55.45851 0.91674
246.40000 -55.47331 0.93234
246.45000 -55.46838 0.94105
246.50000 -55.48811 0.95392
246.55000 -55.47495 0.94420
246.60000 -55.47331 0.95281
246.65000 -55.45029 0.92905
246.70000 -55.47002 0.92910
246.75000 -55.47331 0.94910
246.80000 -55.47166 0.92950
246.85000 -55.48646 0.93954
246.90000 -55.46509 0.94862
246.95000 -55.44865 0.93617
247.00000 -55.46673 0.94463
247.05000 -55.48153 0.93672
247.10000 -55.47002 0.94874
247.15000 -55.45358 0.93145
247.20000 -55.47495 0.94691
247.25000 -55.46509 0.94561
247.30000 -55.46180 0.93004
247.35000 -55.45522 0.93066
247.40000 -55.46344 0.93198
247.45000 -55.45522 0.92926
247.50000 -55.47002 0.91434
247.55000 -55.47331 0.89624
247.60000 -55.46838 0.90630
247.65000 -55.47824 0.91443
247.70000 -55.47495 0.91891
247.75000 -55.47660 0.91029
247.80000 -55.46838 0.92943
247.85000 -55.47660 0.91596
247.90000 -55.47331 0.90534
247.95000 -55.45193 0.90699
248.00000 -55.45522 0.91101
248.05000 -55.47988 0.90349
248.10000 -55.48153 0.89394
248.15000 -55.46838 0.88630
248.20000 -55.46673 0.88741
248.25000 -55.48317 0.89396
248.30000 -55.48317 0.91603
248.35000 -55.47331 0.92800
248.40000 -55.46509 0.90634
248.45000 -55.46509 0.91999
248.50000 -55.47331 0.89019
248.55000 -55.46509 0.90319
248.60000 -55.46838 0.89142
248.65000 -55.47166 0.89003
248.70000 -55.46344 0.91024
248.75000 -55.48482 0.90636
248.80000 -55.46673 0.91557
248.85000 -55.48975 0.89500
248.90000 -55.46344 0.88004
248.95000 -55.47824 0.90586
249.00000 -55.46673 0.90958
249.05000 -55.46673 0.91426
249.10000 -55.47002 0.90596
249.15000 -55.47660 0.90433
249.20000 -55.48153 0.89363
249.25000 -55.48811 0.91848
249.30000 -55.47166 0.87565
249.35000 -55.45851 0.88631
249.40000 -55.45029 0.88410
249.45000 -55.45358 0.90744
249.50000 -55.46180 0.89632
249.55000 -55.44536 0.89696
249.60000 -55.47166 0.91487
249.65000 -55.44700 0.89087
249.70000 -55.44700 0.89093
249.75000 -55.44207 0.89906
249.80000 -55.46015 0.88900
249.85000 -55.46015 0.88849
249.90000 -55.46838 0.89053
249.95000 -55.46180 0.90019
250.00000 -55.45851 0.90417
250.05000 -55.45358 0.91375
250.10000 -55.47331 0.89713
250.15000 -55.52921 0.89707
250.20000 -55.55058 0.89918
250.25000 -55.55058 0.89238
250.30000 -55.55552 0.89188
250.35000 -55.57853 0.88355
250.40000 -55.59826 0.86887
250.45000 -55.59991 0.88822
250.50000 -55.60155 0.87392
250.55000 -55.62622 0.89219
250.60000 -55.64595 0.88383
250.65000 -55.65252 0.87559
250.70000 -55.66568 0.88482
250.75000 -55.66074 0.88101
250.80000 -55.65581 0.86978
250.85000 -55.68212 0.89518
250.90000 -55.67225 0.88213
250.95000 -55.66732 0.89458
251.00000 -55.69034 0.89264
251.05000 -55.69034 0.90969
251.10000 -55.71007 0.89386
251.15000 -55.70185 0.89526
251.20000 -55.70514 0.89156
251.25000 -55.72980 0.89444
251.30000 -55.73144 0.89804
251.35000 -55.74131 0.90862
251.40000 -55.75117 0.91294
251.45000 -55.74953 0.90146
251.50000 -55.74295 0.90179
251.55000 -55.75775 0.89721
251.60000 -55.77255 0.89611
251.65000 -55.76268 0.86625
251.70000 -55.78570 0.86697
251.75000 -55.78899 0.88309
251.80000 -55.78241 0.87467
251.85000 -55.78899 0.89633
251.90000 -55.81201 0.88789
251.95000 -55.79721 0.88418
252.00000 -55.81201 0.89935
252.05000 -55.82352 0.87108
252.10000 -55.81365 0.89187
252.15000 -55.81036 0.88992
252.20000 -55.82352 0.87875
252.25000 -55.80214 0.86746
252.30000 -55.82516 0.88590
252.35000 -55.82352 0.86820
252.40000 -55.81036 0.88954
252.45000 -55.79721 0.87180
252.50000 -55.82516 0.88526
252.55000 -55.83009 0.88315
252.60000 -55.82187 0.88418
252.65000 -55.83831 0.88254
252.70000 -55.84325 0.87405
252.75000 -55.84982 0.87539
252.80000 -55.85311 0.86710
252.85000 -55.85640 0.87271
252.90000 -55.86298 0.89581
252.95000 -55.88106 0.87837
253.00000 -55.87777 0.89135
253.05000 -55.86955 0.88811
253.10000 -55.85804 0.89733
253.15000 -55.87284 0.88295
253.20000 -55.88599 0.88727
253.25000 -55.87284 0.87505
253.30000 -55.87777 0.88667
253.35000 -55.87942 0.89116
253.40000 -55.86626 0.86374
253.45000 -55.86955 0.87909
253.50000 -55.88764 0.89531
253.55000 -55.90408 0.88525
253.60000 -55.89915 0.89335
253.65000 -55.89586 0.89085
253.70000 -55.90408 0.87938
253.75000 -55.90244 0.86952
253.80000 -55.90408 0.89286
253.85000 -55.91559 0.89341
253.90000 -55.92545 0.87769
253.95000 -55.92710 0.88638
254.00000 -55.89257 0.90401
254.05000 -55.89422 0.88084
254.10000 -55.90079 0.88724
254.15000 -55.91888 0.88367
254.20000 -55.90079 0.90816
254.25000 -55.92217 0.90824
254.30000 -55.90901 0.88512
254.35000 -55.89257 0.90665
254.40000 -55.90408 0.91645
254.45000 -55.90901 0.92270
254.50000 -55.91066 0.89071
254.55000 -55.90408 0.89050
254.60000 -55.89750 0.88389
254.65000 -55.90572 0.90900
254.70000 -55.89093 0.90736
254.75000 -55.90244 0.88490
254.80000 -55.90079 0.88968
254.85000 -55.87942 0.87258
254.90000 -55.88435 0.88753
254.95000 -55.90572 0.88630
255.00000 -55.90572 0.88623
255.05000 -55.89750 0.88589
255.10000 -55.89422 0.86999
255.15000 -55.89422 0.86592
255.20000 -55.90572 0.86353
255.25000 -55.89586 0.87940
255.30000 -55.91395 0.86696
255.35000 -55.88599 0.87870
255.40000 -55.90572 0.88790
255.45000 -55.90737 0.87657
255.50000 -55.88764 0.87863
255.55000 -55.90408 0.88054
255.60000 -55.89093 0.89402
255.65000 -55.89093 0.88763
255.70000 -55.90408 0.89959
255.75000 -55.90244 0.88135
255.80000 -55.88928 0.87206
255.85000 -55.89750 0.87066
255.90000 -55.89422 0.87018
255.95000 -55.90737 0.88162
256.00000 -55.90079 0.85928
256.05000 -55.89093 0.86015
256.10000 -55.87777 0.86035
256.15000 -55.87613 0.85536
256.20000 -55.88106 0.83540
256.25000 -55.87284 0.85159
256.30000 -55.88764 0.84259
256.35000 -55.86462 0.86515
256.40000 -55.89422 0.85932
256.45000 -55.87777 0.86424
256.50000 -55.88106 0.85772
256.55000 -55.85969 0.85456
256.60000 -55.85969 0.86811
256.65000 -55.89257 0.86265
256.70000 -55.88764 0.87727
256.75000 -55.89586 0.85924
256.80000 -55.88599 0.84818
256.85000 -55.87284 0.85698
256.90000 -55.90572 0.83013
256.95000 -55.88435 0.84233
257.00000 -55.89915 0.84919
257.05000 -55.88435 0.84307
257.10000 -55.88106 0.83274
257.15000 -55.87284 0.83075
257.20000 -55.87777 0.85004
257.25000 -55.86791 0.83694
257.30000 -55.87777 0.82881
257.35000 -55.87942 0.82414
257.40000 -55.85476 0.81833
257.45000 -55.86626 0.81352
257.50000 -55.86298 0.82373
257.55000 -55.84818 0.80818
257.60000 -55.86133 0.82071
257.65000 -55.87120 0.83161
257.70000 -55.85969 0.82722
257.75000 -55.86955 0.81667
257.80000 -55.87284 0.82725
257.85000 -55.87284 0.82559
257.90000 -55.85969 0.82955
257.95000 -55.87284 0.84636
258.00000 -55.85804 0.83722
258.05000 -55.86298 0.81337
258.10000 -55.85640 0.83573
258.15000 -55.86298 0.84622
258.20000 -55.85476 0.84077
258.25000 -55.87120 0.83469
258.30000 -55.87777 0.83538
258.35000 -55.86791 0.83646
258.40000 -55.87942 0.82738
258.45000 -55.86791 0.82254
258.50000 -55.87120 0.81586
258.55000 -55.86462 0.82529
258.60000 -55.88599 0.83493
258.65000 -55.87449 0.82679
258.70000 -55.88435 0.81889
258.75000 -55.89586 0.84676
258.80000 -55.87942 0.83054
258.85000 -55.89422 0.82947
258.90000 -55.87942 0.83307
258.95000 -55.87777 0.83722
259.00000 -55.89257 0.84586
259.05000 -55.88599 0.85060
259.10000 -55.89257 0.83175
259.15000 -55.90079 0.84135
259.20000 -55.89093 0.84675
259.25000 -55.87942 0.83832
259.30000 -55.89093 0.83837
259.35000 -55.90408 0.84579
259.40000 -55.90408 0.85323
259.45000 -55.90408 0.83482
259.50000 -55.88599 0.83281
259.55000 -55.88599 0.81875
259.60000 -55.87777 0.85364
259.65000 -55.88106 0.85506
259.70000 -55.88435 0.83976
259.75000 -55.86955 0.84185
259.80000 -55.87284 0.83967
259.85000 -55.88435 0.83110
259.90000 -55.89257 0.84093
259.95000 -55.88764 0.81708
260.00000 -55.90572 0.84589
260.05000 -55.91066 0.82861
260.10000 -55.89093 0.83436
260.15000 -55.89750 0.83168
260.20000 -55.90572 0.81950
260.25000 -55.90737 0.82223
260.30000 -55.91066 0.83238
260.35000 -55.90901 0.83639
260.40000 -55.92052 0.83731
260.45000 -55.89422 0.84179
260.50000 -55.89093 0.83871
260.55000 -55.89257 0.85303
260.60000 -55.89750 0.86384
260.65000 -55.89750 0.84895
260.70000 -55.93368 0.84445
260.75000 -55.89422 0.84341
260.80000 -55.91395 0.83635
260.85000 -55.91888 0.84287
260.90000 -55.92874 0.86063
260.95000 -55.93696 0.83380
261.00000 -55.90737 0.86038
261.05000 -55.94190 0.84208
261.10000 -55.91066 0.84007
261.15000 -55.93368 0.82874
261.20000 -55.92381 0.83837
261.25000 -55.90737 0.87071
261.30000 -55.90408 0.84835
261.35000 -55.88928 0.83444
261.40000 -55.90244 0.84070
261.45000 -55.91230 0.85857
261.50000 -55.87777 0.85471
261.55000 -55.89750 0.87197
261.60000 -55.89257 0.85015
261.65000 -55.91066 0.84796
261.70000 -55.93203 0.88400
261.75000 -55.91559 0.88109
261.80000 -55.92052 0.84131
261.85000 -55.89257 0.85416
261.90000 -55.92217 0.87186
261.95000 -55.92545 0.86410
262.00000 -55.93203 0.87174
262.05000 -55.90737 0.89189
262.10000 -55.90572 0.90221
262.15000 -55.91559 0.88920
262.20000 -55.92874 0.87707
262.25000 -55.91066 0.86549
262.30000 -55.91888 0.87396
262.35000 -55.90572 0.88854
262.40000 -55.93532 0.87057
262.45000 -55.93039 0.86417
262.50000 -55.92217 0.89505
262.55000 -55.94025 0.87942
262.60000 -55.92710 0.86776
262.65000 -55.91888 0.87643
262.70000 -55.93203 0.88393
262.75000 -55.90901 0.88512
262.80000 -55.91888 0.88129
262.85000 -55.93532 0.88361
262.90000 -55.92710 0.89495
262.95000 -55.92052 0.88637
263.00000 -55.91723 0.85739
263.05000 -55.92545 0.87470
263.10000 -55.92217 0.90069
263.15000 -55.93203 0.87643
263.20000 -55.91888 0.84583
263.25000 -55.90244 0.86631
263.30000 -55.91888 0.87279
263.35000 -55.90244 0.86506
263.40000 -55.92052 0.87383
263.45000 -55.90737 0.88696
263.50000 -55.91888 0.88213
263.55000 -55.93368 0.87334
263.60000 -55.92710 0.85401
263.65000 -55.91395 0.87102
263.70000 -55.93039 0.85868
263.75000 -55.93532 0.85240
263.80000 -55.94025 0.85000
263.85000 -55.94190 0.86397
263.90000 -55.92710 0.85780
263.95000 -55.93861 0.85705
264.00000 -55.93203 0.85945
264.05000 -55.93861 0.85452
264.10000 -55.95012 0.86559
264.15000 -55.94190 0.86837
264.20000 -55.94190 0.85815
264.25000 -55.93039 0.85503
264.30000 -55.93368 0.84989
264.35000 -55.95176 0.84462
264.40000 -55.93696 0.84066
264.45000 -55.95012 0.86887
264.50000 -55.96491 0.84785
264.55000 -55.94354 0.85424
264.60000 -55.94847 0.84792
264.65000 -55.92217 0.84924
264.70000 -55.92052 0.86367
264.75000 -55.94190 0.85236
264.80000 -55.94025 0.84940
264.85000 -55.95176 0.83391
264.90000 -55.94847 0.85026
264.95000 -55.92217 0.85725
265.00000 -55.93368 0.83059
265.05000 -55.93861 0.85711
265.10000 -55.92710 0.86618
265.15000 -55.94847 0.84199
265.20000 -55.96163 0.85618
265.25000 -55.96327 0.82218
265.30000 -55.95669 0.81238
265.35000 -55.95505 0.82352
265.40000 -55.97971 0.82705
265.45000 -55.98300 0.84253
265.50000 -55.96985 0.83571
265.55000 -55.95669 0.82868
265.60000 -55.96163 0.81658
265.65000 -55.96327 0.81516
265.70000 -55.96656 0.82819
265.75000 -55.95834 0.80327
265.80000 -55.94518 0.81463
265.85000 -55.94847 0.83975
265.90000 -55.94518 0.83184
265.95000 -55.94025 0.81897
266.00000 -55.96491 0.82326
266.05000 -55.93696 0.81404
266.10000 -55.93696 0.82708
266.15000 -55.95341 0.82952
266.20000 -55.95834 0.82729
266.25000 -55.96820 0.83042
266.30000 -55.96985 0.83127
266.35000 -55.96491 0.83247
266.40000 -55.94847 0.82298
266.45000 -55.94025 0.81681
266.50000 -55.94518 0.83784
266.55000 -55.94847 0.82374
266.60000 -55.94847 0.83697
266.65000 -55.96163 0.84204
266.70000 -55.95669 0.84054
266.75000 -55.95176 0.83097
266.80000 -55.95341 0.84441
266.85000 -55.95176 0.85080
266.90000 -55.92710 0.82727
266.95000 -55.94025 0.82954
267.00000 -55.95176 0.84003
267.05000 -55.94683 0.84083
267.10000 -55.96163 0.84683
267.15000 -55.94518 0.84877
267.20000 -55.94847 0.86585
267.25000 -55.96163 0.86833
267.30000 -55.97807 0.82924
267.35000 -55.95834 0.85802
267.40000 -55.94518 0.85225
267.45000 -55.92545 0.85583
267.50000 -55.95176 0.86156
267.55000 -55.96985 0.86817
267.60000 -55.95012 0.86743
267.65000 -55.94025 0.87826
267.70000 -55.95834 0.84613
267.75000 -55.95669 0.87426
267.80000 -55.94683 0.87746
267.85000 -55.94354 0.87283
267.90000 -55.95834 0.88093
267.95000 -55.97314 0.87813
268.00000 -55.97478 0.87555
268.05000 -55.98136 0.86328
268.10000 -55.95834 0.89216
268.15000 -55.93696 0.88035
268.20000 -55.95998 0.87585
268.25000 -55.94025 0.88000
268.30000 -55.95341 0.88335
268.35000 -55.94847 0.88342
268.40000 -55.93696 0.86968
268.45000 -55.93203 0.85925
268.50000 -55.94354 0.85624
268.55000 -55.95505 0.85977
268.60000 -55.95176 0.88116
268.65000 -55.96163 0.86393
268.70000 -55.93368 0.87184
268.75000 -55.95505 0.88572
268.80000 -55.96163 0.87088
268.85000 -55.95505 0.86879
268.90000 -55.93532 0.84091
268.95000 -55.94847 0.88064
269.00000 -55.93861 0.85605
269.05000 -55.95998 0.87488
269.10000 -55.94683 0.88161
269.15000 -55.93532 0.88297
269.20000 -55.91888 0.86808
269.25000 -55.93039 0.88826
269.30000 -55.93696 0.87099
269.35000 -55.94847 0.87337
269.40000 -55.92545 0.86574
269.45000 -55.92545 0.88897
269.50000 -55.96163 0.87713
269.55000 -55.95998 0.87735
269.60000 -55.93861 0.88205
269.65000 -55.95012 0.85340
269.70000 -55.93039 0.88190
269.75000 -55.93532 0.87559
269.80000 -55.94847 0.87279
269.85000 -55.95012 0.87591
269.90000 -55.95834 0.86863
269.95000 -55.94354 0.84034
270.00000 -55.94354 0.85231
270.05000 -55.94683 0.86136
270.10000 -55.93532 0.87507
270.15000 -55.95176 0.87630
270.20000 -55.94354 0.87932
270.25000 -55.94518 0.88179
270.30000 -55.95998 0.85607
270.35000 -55.93368 0.87321
270.40000 -55.95176 0.87050
270.45000 -55.95505 0.85605
270.50000 -55.95834 0.86186
270.55000 -55.95998 0.86645
270.60000 -55.95834 0.87236
270.65000 -55.95998 0.86743
270.70000 -55.95341 0.86722
270.75000 -55.95012 0.87922
270.80000 -55.95341 0.87928
270.85000 -55.95669 0.86273
270.90000 -55.95505 0.87972
270.95000 -55.95176 0.87526
271.00000 -55.94683 0.88804
271.05000 -55.95505 0.85592
271.10000 -55.97478 0.84908
271.15000 -55.96163 0.85698
271.20000 -55.95341 0.89245
271.25000 -55.94847 0.90014
271.30000 -55.95505 0.87648
271.35000 -55.93532 0.87057
271.40000 -55.93039 0.87996
271.45000 -55.94190 0.86719
271.50000 -55.94518 0.85665
271.55000 -55.92710 0.85734
271.60000 -55.92710 0.89412
271.65000 -55.94683 0.89601
271.70000 -55.94847 0.87974
271.75000 -55.92874 0.86076
271.80000 -55.93861 0.86826
271.85000 -55.93861 0.86643
271.90000 -55.93039 0.88749
271.95000 -55.92874 0.84978
272.00000 -55.95176 0.87967
272.05000 -55.94683 0.89321
272.10000 -55.90737 0.88824
272.15000 -55.91230 0.87486
272.20000 -55.91230 0.87934
272.25000 -55.94354 0.91435
272.30000 -55.92874 0.89924
272.35000 -55.95341 0.88669
272.40000 -55.93532 0.88958
272.45000 -55.91559 0.87864
272.50000 -55.92874 0.88398
272.55000 -55.91559 0.86841
272.60000 -55.91888 0.86104
272.65000 -55.95669 0.85171
272.70000 -55.93696 0.86627
272.75000 -55.93532 0.85978
272.80000 -55.93368 0.87815
272.85000 -55.92545 0.87886
272.90000 -55.94683 0.87889
272.95000 -55.94354 0.88545
273.00000 -55.92710 0.90858
273.05000 -55.93696 0.88306
273.10000 -55.92217 0.86629
273.15000 -55.94518 0.85485
273.20000 -55.93861 0.86853
273.25000 -55.94190 0.86225
273.30000 -55.94025 0.85574
273.35000 -55.94518 0.86023
273.40000 -55.93861 0.85525
273.45000 -55.95834 0.86462
273.50000 -55.95176 0.86097
273.55000 -55.94683 0.86017
273.60000 -55.95998 0.86592
273.65000 -55.95012 0.88329
273.70000 -55.96163 0.85904
273.75000 -55.95176 0.85593
273.80000 -55.96491 0.85193
273.85000 -55.95012 0.85247
273.90000 -55.94025 0.85080
273.95000 -55.93696 0.85016
274.00000 -55.94025 0.84712
274.05000 -55.92874 0.84629
274.10000 -55.93039 0.82287
274.15000 -55.95012 0.83021
274.20000 -55.93368 0.84755
274.25000 -55.94354 0.85258
274.30000 -55.96163 0.86043
274.35000 -55.95176 0.84684
274.40000 -55.94847 0.84341
274.45000 -55.93203 0.84070
274.50000 -55.93203 0.85965
274.55000 -55.95505 0.85179
274.60000 -55.95834 0.83639
274.65000 -55.94025 0.86447
274.70000 -55.93696 0.86364
274.75000 -55.95834 0.87007
274.80000 -55.96985 0.87496
274.85000 -55.95834 0.87542
274.90000 -55.95998 0.87618
274.95000 -55.95341 0.89417
275.00000 -55.95505 0.88173
275.05000 -55.94518 0.87856
275.10000 -55.95341 0.86472
275.15000 -55.95505 0.86208
275.20000 -55.94518 0.87759
275.25000 -55.94354 0.86878
275.30000 -55.95998 0.88773
275.35000 -55.98300 0.87903
275.40000 -55.96491 0.87877
275.45000 -55.93532 0.87864
275.50000 -55.94190 0.87535
275.55000 -55.96163 0.89435
275.60000 -55.96163 0.87512
275.65000 -55.97149 0.90158
275.70000 -55.98464 0.88380
275.75000 -55.98958 0.85191
275.80000 -55.96820 0.88926
275.85000 -55.98464 0.86998
275.90000 -55.98958 0.88494
275.95000 -55.97971 0.86505
276.00000 -55.97314 0.86382
276.05000 -55.99122 0.86791
276.10000 -56.00109 0.87318
276.15000 -55.99780 0.88135
276.20000 -55.98793 0.89155
276.25000 -56.00437 0.89492
276.30000 -56.00766 0.88157
276.35000 -56.00437 0.88893
276.40000 -55.99122 0.88344
276.45000 -56.00109 0.88071
276.50000 -55.98629 0.87701
276.55000 -56.02575 0.88600
276.60000 -56.02246 0.89428
276.65000 -55.99615 0.87795
276.70000 -56.00109 0.89016
276.75000 -56.01917 0.89963
276.80000 -56.01588 0.88977
276.85000 -55.99944 0.88917
276.90000 -55.99615 0.89522
276.95000 -55.98793 0.89981
277.00000 -55.99451 0.89772
277.05000 -55.97971 0.88849
277.10000 -55.98629 0.87422
277.15000 -55.98136 0.88161
277.20000 -55.97807 0.87362
277.25000 -55.97807 0.87538
277.30000 -55.97642 0.87654
277.35000 -55.96985 0.86791
277.40000 -55.96985 0.87717
277.45000 -55.97314 0.86137
277.50000 -55.96327 0.86765
277.55000 -55.97149 0.87869
277.60000 -55.95341 0.86090
277.65000 -55.96327 0.86390
277.70000 -55.95834 0.86219
277.75000 -55.96820 0.85193
277.80000 -55.95669 0.85664
277.85000 -55.96163 0.85672
277.90000 -55.96163 0.85519
277.95000 -55.98136 0.86539
278.00000 -55.96491 0.89060
278.05000 -55.95834 0.88118
278.10000 -55.96327 0.86968
278.15000 -55.96163 0.88334
278.20000 -55.93696 0.86693
278.25000 -55.94354 0.86253
278.30000 -55.95341 0.85573
278.35000 -55.94354 0.85411
278.40000 -55.97149 0.85432
278.45000 -55.95341 0.85226
278.50000 -55.96491 0.85367
278.55000 -55.95834 0.84465
278.60000 -55.95998 0.83780
278.65000 -55.95341 0.85280
278.70000 -55.95998 0.84826
278.75000 -55.96656 0.85796
278.80000 -55.95834 0.84391
278.85000 -55.98629 0.84212
278.90000 -55.95341 0.84246
278.95000 -55.98629 0.83123
279.00000 -55.97642 0.85358
279.05000 -55.99780 0.86004
279.10000 -55.99944 0.85577
279.15000 -55.97971 0.87818
279.20000 -55.97971 0.87883
279.25000 -55.97971 0.88945
279.30000 -55.98629 0.88547
279.35000 -55.98793 0.87694
279.40000 -56.00273 0.89446
279.45000 -55.99287 0.87936
279.50000 -55.98464 0.86057
279.55000 -55.97807 0.85505
279.60000 -55.99615 0.87046
279.65000 -56.01095 0.87160
279.70000 -56.00437 0.88321
279.75000 -55.99944 0.89172
279.80000 -55.98958 0.88738
279.85000 -55.98136 0.88670
279.90000 -55.99615 0.86482
279.95000 -55.98300 0.86867
280.00000 -55.97971 0.85266
280.05000 -55.97807 0.85963
280.10000 -55.95998 0.87624
280.15000 -55.96820 0.87559
280.20000 -55.95176 0.88772
280.25000 -55.96491 0.89640
280.30000 -55.96985 0.85769
280.35000 -55.94025 0.87923
280.40000 -55.94683 0.89461
280.45000 -55.94683 0.87973
280.50000 -55.93532 0.87695
280.55000 -55.94190 0.87782
280.60000 -55.94518 0.89021
280.65000 -55.95012 0.89367
280.70000 -55.93532 0.88245
280.75000 -55.94025 0.88561
280.80000 -55.93368 0.89281
280.85000 -55.94847 0.88000
280.90000 -55.94847 0.88464
280.95000 -55.95669 0.85104
281.00000 -55.95834 0.85429
281.05000 -55.95505 0.87395
281.10000 -55.94683 0.88283
281.15000 -55.94518 0.86590
281.20000 -55.94354 0.85518
281.25000 -55.95012 0.86341
281.30000 -55.94683 0.87206
281.35000 -55.93696 0.86607
281.40000 -55.94190 0.86830
281.45000 -55.93368 0.86601
281.50000 -55.94190 0.88312
281.55000 -55.93039 0.88409
281.60000 -55.94518 0.87330
281.65000 -55.94025 0.86520
281.70000 -55.94354 0.86871
281.75000 -55.93368 0.87569
281.80000 -55.94847 0.86506
281.85000 -55.95341 0.88534
281.90000 -55.93861 0.87798
281.95000 -55.96163 0.85924
282.00000 -55.95505 0.88179
282.05000 -55.95176 0.86742
282.10000 -55.94518 0.86970
282.15000 -55.94518 0.88218
282.20000 -55.93696 0.87685
282.25000 -55.94025 0.87416
282.30000 -55.95176 0.89309
282.35000 -55.94025 0.88104
282.40000 -55.95998 0.87012
282.45000 -55.94025 0.87501
282.50000 -55.95012 0.87799
282.55000 -55.94683 0.88412
282.60000 -55.94190 0.87509
282.65000 -55.93861 0.86583
282.70000 -55.94683 0.86925
282.75000 -55.94518 0.87310
282.80000 -55.95669 0.87777
282.85000 -55.95012 0.89207
282.90000 -55.94190 0.89464
282.95000 -55.95834 0.89426
283.00000 -55.95834 0.89267
283.05000 -55.95669 0.89802
283.10000 -55.97807 0.89531
283.15000 -55.99780 0.89817
283.20000 -55.96491 0.89430
283.25000 -55.97314 0.89087
283.30000 -55.96820 0.89156
283.35000 -55.97314 0.88908
283.40000 -55.98958 0.88776
283.45000 -55.96985 0.88054
283.50000 -55.97478 0.89947
283.55000 -55.96491 0.90681
283.60000 -55.95834 0.91757
283.65000 -55.97807 0.91000
283.70000 -55.96163 0.90542
283.75000 -55.95176 0.90001
283.80000 -55.94683 0.90750
283.85000 -55.97807 0.89097
283.90000 -55.96491 0.88226
283.95000 -55.94354 0.88532
284.00000 -55.93696 0.90168
284.05000 -55.95012 0.89449
284.10000 -55.95669 0.90754
284.15000 -55.94683 0.89411
284.20000 -55.94025 0.88895
284.25000 -55.95505 0.90025
284.30000 -55.95505 0.90284
284.35000 -55.96163 0.91075
284.40000 -55.95012 0.91357
284.45000 -55.96820 0.92033
284.50000 -55.95341 0.91704
284.55000 -55.95505 0.91567
284.60000 -55.95341 0.90266
284.65000 -55.95834 0.92085
284.70000 -55.95176 0.90913
284.75000 -55.96656 0.90591
284.80000 -55.96163 0.92125
284.85000 -55.96656 0.90860
284.90000 -55.96820 0.88251
284.95000 -55.96491 0.90945
285.00000 -55.97149 0.91704
285.05000 -55.95341 0.91362
285.10000 -55.95669 0.91099
285.15000 -55.96656 0.91931
285.20000 -55.95669 0.91709
285.25000 -55.96163 0.91380
285.30000 -55.95012 0.90367
285.35000 -55.97807 0.90473
285.40000 -55.94683 0.91611
285.45000 -55.96656 0.93027
285.50000 -55.96327 0.90703
285.55000 -55.96327 0.90584
285.60000 -55.94847 0.92662
285.65000 -55.95669 0.92653
285.70000 -55.94190 0.91664
285.75000 -55.94190 0.89852
285.80000 -55.96163 0.91821
285.85000 -55.97149 0.92260
285.90000 -55.94025 0.92969
285.95000 -55.96491 0.94691
286.00000 -55.95176 0.92163
286.05000 -55.96491 0.94293
286.10000 -55.95505 0.92906
286.15000 -55.96163 0.92826
286.20000 -55.94847 0.93493
286.25000 -55.95341 0.91113
286.30000 -55.96163 0.91281
286.35000 -55.94847 0.91369
286.40000 -55.97149 0.90473
286.45000 -55.96163 0.90170
286.50000 -55.96163 0.91362
286.55000 -55.97478 0.92603
286.60000 -55.97971 0.90448
286.65000 -55.96985 0.92289
286.70000 -55.97314 0.90027
286.75000 -55.96491 0.90291
286.80000 -55.95505 0.91312
286.85000 -55.94683 0.90530
286.90000 -55.94025 0.92478
286.95000 -55.94025 0.91904
287.00000 -55.95998 0.90160
287.05000 -55.94025 0.90021
287.10000 -55.95176 0.90951
287.15000 -55.95998 0.89818
287.20000 -55.96163 0.92501
287.25000 -55.95834 0.92030
287.30000 -55.96163 0.91970
287.35000 -55.95834 0.92455
287.40000 -55.95341 0.91605
287.45000 -55.95176 0.93487
287.50000 -55.96491 0.90663
287.55000 -55.96491 0.91916
287.60000 -55.94354 0.92819
287.65000 -55.95505 0.91424
287.70000 -55.95176 0.92643
287.75000 -55.97149 0.90774
287.80000 -55.96163 0.91075
287.85000 -55.96163 0.92704
287.90000 -55.96985 0.92879
287.95000 -55.97807 0.91952
288.00000 -55.97642 0.90717
288.05000 -55.95834 0.90822
288.10000 -55.98300 0.92920
288.15000 -55.95998 0.91966
288.20000 -55.97149 0.89658
288.25000 -55.98136 0.91779
288.30000 -55.95669 0.91585
288.35000 -55.95834 0.91931
288.40000 -55.96491 0.90663
288.45000 -55.98136 0.90449
288.50000 -55.98958 0.91690
288.55000 -55.96985 0.88948
288.60000 -55.95998 0.88882
288.65000 -55.94190 0.89203
288.70000 -55.93532 0.89309
288.75000 -55.96327 0.90054
288.80000 -55.95505 0.90887
288.85000 -55.97149 0.90937
288.90000 -55.96491 0.89773
288.95000 -55.97807 0.91331
289.00000 -55.96327 0.89636
289.05000 -55.97478 0.91968
289.10000 -55.97149 0.90441
289.15000 -55.98300 0.90367
289.20000 -55.97642 0.88191
289.25000 -55.97149 0.89346
289.30000 -55.95669 0.90182
289.35000 -55.95505 0.88559
289.40000 -55.97314 0.88110
289.45000 -55.98629 0.88881
289.50000 -55.98300 0.88206
289.55000 -55.96163 0.89116
289.60000 -55.97971 0.87487
289.65000 -55.97807 0.88713
289.70000 -55.96656 0.88442
289.75000 -55.97314 0.88104
289.80000 -55.98300 0.88123
289.85000 -55.98629 0.88335
289.90000 -55.98464 0.88077
289.95000 -55.97149 0.87336
290.00000 -55.97642 0.88577
290.05000 -55.99287 0.88497
290.10000 -55.99287 0.87774
290.15000 -55.97478 0.88209
290.20000 -55.98136 0.87344
290.25000 -55.98629 0.88957
290.30000 -55.98629 0.88996
290.35000 -55.94683 0.89500
290.40000 -55.96820 0.88932
290.45000 -55.95505 0.88694
290.50000 -55.97807 0.86925
290.55000 -55.96820 0.87350
290.60000 -55.95669 0.88107
290.65000 -55.95176 0.87455
290.70000 -55.95834 0.87255
290.75000 -55.95176 0.86742
290.80000 -55.96491 0.88907
290.85000 -55.95505 0.88495
290.90000 -55.95669 0.88699
290.95000 -55.96656 0.89979
291.00000 -55.97149 0.91772
291.05000 -55.97478 0.88967
291.10000 -55.97971 0.89028
291.15000 -55.96985 0.90577
291.20000 -55.98958 0.91161
291.25000 -55.98464 0.91624
291.30000 -56.00766 0.90023
291.35000 -56.01424 0.90386
291.40000 -55.98793 0.89295
291.45000 -56.00273 0.89814
291.50000 -55.97478 0.89706
291.55000 -55.98793 0.88431
291.60000 -55.96163 0.90347
291.65000 -55.97807 0.91156
291.70000 -55.98300 0.90128
291.75000 -55.98793 0.89924
291.80000 -55.96820 0.91860
291.85000 -55.98300 0.90700
291.90000 -55.99944 0.89719
291.95000 -55.98793 0.89968
292.00000 -55.99615 0.89005
292.05000 -55.98629 0.90032
292.10000 -55.96491 0.88135
292.15000 -55.96491 0.89545
292.20000 -55.96985 0.87268
292.25000 -55.98793 0.88771
292.30000 -55.97642 0.88165
292.35000 -55.98300 0.87005
292.40000 -55.97478 0.87431
292.45000 -55.97149 0.88527
292.50000 -55.97807 0.88418
292.55000 -55.97642 0.87094
292.60000 -55.95505 0.86872
292.65000 -55.97314 0.88658
292.70000 -55.96327 0.90282
292.75000 -55.96820 0.86867
292.80000 -55.98464 0.89162
292.85000 -55.95669 0.90729
292.90000 -55.96656 0.89115
292.95000 -55.97807 0.89943
293.00000 -55.95341 0.87324
293.05000 -55.97642 0.88853
293.10000 -55.97642 0.91410
293.15000 -55.95176 0.90020
293.20000 -55.98300 0.89360
293.25000 -55.98464 0.87520
293.30000 -55.97642 0.88629
293.35000 -55.97149 0.87557
293.40000 -56.00109 0.88012
293.45000 -56.01753 0.87474
293.50000 -55.99451 0.89848
293.55000 -56.01095 0.89021
293.60000 -56.00273 0.89592
293.65000 -55.99451 0.88995
293.70000 -55.97642 0.88770
293.75000 -55.97807 0.89594
293.80000 -55.96163 0.88559
293.85000 -55.97314 0.87501
293.90000 -55.97642 0.88642
293.95000 -55.98300 0.87474
294.00000 -55.99780 0.89022
294.05000 -55.97971 0.87206
294.10000 -55.97807 0.85252
294.15000 -55.98629 0.87063
294.20000 -55.99287 0.86783
294.25000 -55.97807 0.86478
294.30000 -55.99122 0.87040
294.35000 -55.98793 0.85479
294.40000 -55.99122 0.86106
294.45000 -55.98464 0.85958
294.50000 -55.99122 0.84861
294.55000 -55.99287 0.86776
294.60000 -55.98793 0.86583
294.65000 -55.96163 0.84515
294.70000 -55.97314 0.86421
294.75000 -55.96985 0.87418
294.80000 -55.96656 0.83735
294.85000 -55.96985 0.86192
294.90000 -55.97478 0.84982
294.95000 -55.99780 0.84408
295.00000 -55.98793 0.85359
295.05000 -55.98793 0.84824
295.10000 -55.96163 0.84440
295.15000 -55.97971 0.84192
295.20000 -55.96163 0.84958
295.25000 -55.97478 0.84316
295.30000 -55.96163 0.87512
295.35000 -55.96985 0.84039
295.40000 -55.95505 0.83981
295.45000 -55.97149 0.83088
295.50000 -55.97149 0.83389
295.55000 -55.95998 0.83562
295.60000 -55.96656 0.81747
295.65000 -55.96985 0.81152
295.70000 -55.97807 0.82221
295.75000 -55.95341 0.83021
295.80000 -55.97314 0.83691
295.85000 -55.97149 0.82186
295.90000 -55.97149 0.80550
295.95000 -55.98300 0.81199
296.00000 -55.95505 0.81386
296.05000 -55.97971 0.82325
296.10000 -55.95176 0.80126
296.15000 -55.95505 0.80634
296.20000 -55.95341 0.80621
296.25000 -55.93203 0.80643
296.30000 -55.94025 0.77579
296.35000 -55.95505 0.79719
296.40000 -55.95834 0.80998
296.45000 -55.95998 0.79835
296.50000 -55.94025 0.77908
296.55000 -55.95012 0.78192
296.60000 -55.94518 0.79925
296.65000 -55.95012 0.79154
296.70000 -55.92710 0.79585
296.75000 -55.93696 0.80250
296.80000 -55.95176 0.78895
296.85000 -55.96491 0.77100
296.90000 -55.94354 0.78697
296.95000 -55.95669 0.78610
297.00000 -55.94518 0.77848
297.05000 -55.94518 0.77216
297.10000 -55.93039 0.77376
297.15000 -55.92874 0.80606
297.20000 -55.93368 0.78834
297.25000 -55.94190 0.78304
297.30000 -55.97149 0.78445
297.35000 -55.95505 0.78372
297.40000 -55.94518 0.79059
297.45000 -55.94190 0.79687
297.50000 -55.94025 0.79184
297.55000 -55.94354 0.79151
297.60000 -55.96985 0.78290
297.65000 -55.96656 0.82143
297.70000 -55.95834 0.80751
297.75000 -55.95834 0.81725
297.80000 -55.97314 0.81353
297.85000 -55.94683 0.79705
297.90000 -55.93861 0.80366
297.95000 -55.94354 0.80336
298.00000 -55.94847 0.79948
298.05000 -55.97149 0.80146
298.10000 -55.96656 0.79158
298.15000 -55.97149 0.81014
298.20000 -55.94190 0.80744
298.25000 -55.94025 0.81276
298.30000 -55.95341 0.80797
298.35000 -55.94025 0.78795
298.40000 -55.96820 0.81212
298.45000 -55.96327 0.82163
298.50000 -55.95341 0.81317
298.55000 -55.96820 0.82932
298.60000 -55.96163 0.81825
298.65000 -55.97642 0.80718
298.70000 -55.96820 0.82014
298.75000 -55.96327 0.82798
298.80000 -55.97642 0.82888
298.85000 -55.98136 0.83028
298.90000 -55.97807 0.80514
298.95000 -55.96656 0.82778
299.00000 -55.97314 0.84792
299.05000 -56.00437 0.82890
299.10000 -55.98629 0.81631
299.15000 -56.00273 0.83038
299.20000 -55.98136 0.81261
299.25000 -55.98958 0.82641
299.30000 -55.99287 0.81549
299.35000 -55.98464 0.84185
299.40000 -55.99780 0.82568
299.45000 -55.98629 0.82760
299.50000 -55.98300 0.83554
299.55000 -55.98793 0.82738
299.60000 -55.98464 0.81037
299.65000 -55.97149 0.80662
299.70000 -55.97149 0.80004
299.75000 -55.97149 0.79854
299.80000 -55.98136 0.80090
299.85000 -55.97314 0.79935
299.90000 -55.97478 0.79930
299.95000 -55.98464 0.79584
300.00000 -55.98958 0.79524
300.05000 -55.98793 0.80195
300.10000 -56.00273 0.81746
300.15000 -55.93861 0.80181
300.20000 -55.92710 0.81318
300.25000 -55.91723 0.79549
300.30000 -55.87777 0.81013
300.35000 -55.84653 0.79511
300.40000 -55.83503 0.79208
300.45000 -55.84325 0.79858
300.50000 -55.81858 0.80169
300.55000 -55.81201 0.78885
300.60000 -55.81201 0.78950
300.65000 -55.80050 0.77365
300.70000 -55.80543 0.79207
300.75000 -55.76761 0.78562
300.80000 -55.73966 0.78768
300.85000 -55.77090 0.77210
300.90000 -55.75282 0.79197
300.95000 -55.73638 0.79143
301.00000 -55.74788 0.77591
301.05000 -55.72158 0.81778
301.10000 -55.69527 0.78435
301.15000 -55.69527 0.79787
301.20000 -55.69527 0.79972
301.25000 -55.70020 0.79537
301.30000 -55.69034 0.77900
301.35000 -55.70678 0.78369
301.40000 -55.68541 0.79856
301.45000 -55.68705 0.78707
301.50000 -55.66568 0.78481
301.55000 -55.64595 0.77698
301.60000 -55.66074 0.79352
301.65000 -55.63444 0.77772
301.70000 -55.63937 0.76119
301.75000 -55.62128 0.76179
301.80000 -55.63444 0.76755
301.85000 -55.65745 0.77350
301.90000 -55.62293 0.75413
301.95000 -55.60649 0.76700
302.00000 -55.61964 0.78837
302.05000 -55.59333 0.79088
302.10000 -55.59826 0.77491
302.15000 -55.59662 0.77390
302.20000 -55.59991 0.79282
302.25000 -55.58840 0.77908
302.30000 -55.58182 0.76860
302.35000 -55.58676 0.77966
302.40000 -55.57853 0.77425
302.45000 -55.56045 0.76773
302.50000 -55.55387 0.77291
302.55000 -55.55552 0.76440
302.60000 -55.56538 0.75843
302.65000 -55.56538 0.77696
302.70000 -55.56045 0.77533
302.75000 -55.54072 0.75556
302.80000 -55.54236 0.73946
302.85000 -55.53250 0.75149
302.90000 -55.51934 0.75072
302.95000 -55.52921 0.76593
303.00000 -55.51606 0.73592
303.05000 -55.53414 0.71729
303.10000 -55.54236 0.71041
303.15000 -55.54565 0.72748
303.20000 -55.51770 0.73307
303.25000 -55.51277 0.72112
303.30000 -55.50784 0.70660
303.35000 -55.52099 0.71572
303.40000 -55.51277 0.71302
303.45000 -55.48811 0.71739
303.50000 -55.50784 0.71197
303.55000 -55.49633 0.72635
303.60000 -55.50455 0.71365
303.65000 -55.49468 0.72558
303.70000 -55.47988 0.71970
303.75000 -55.50290 0.71869
303.80000 -55.50290 0.71145
303.85000 -55.50784 0.71013
303.90000 -55.48153 0.70219
303.95000 -55.48975 0.68915
304.00000 -55.48317 0.68647
304.05000 -55.48646 0.70231
304.10000 -55.47988 0.70532
304.15000 -55.47495 0.72536
304.20000 -55.49961 0.71708
304.25000 -55.48482 0.72871
304.30000 -55.48975 0.70151
304.35000 -55.46838 0.71427
304.40000 -55.49468 0.70449
304.45000 -55.48975 0.70668
304.50000 -55.47166 0.71197
304.55000 -55.49304 0.71587
304.60000 -55.44865 0.72797
304.65000 -55.44865 0.70840
304.70000 -55.44371 0.70373
304.75000 -55.45851 0.70499
304.80000 -55.45193 0.71951
304.85000 -55.46509 0.74253
304.90000 -55.45193 0.73563
304.95000 -55.44700 0.72959
305.00000 -55.46344 0.76986
305.05000 -55.47331 0.76971
305.10000 -55.47002 0.77830
305.15000 -55.46838 0.76401
305.20000 -55.47660 0.76205
305.25000 -55.46673 0.75903
305.30000 -55.46344 0.77127
305.35000 -55.43549 0.75968
305.40000 -55.46673 0.75993
305.45000 -55.45522 0.75917
305.50000 -55.45029 0.76139
305.55000 -55.46673 0.74854
305.60000 -55.43385 0.77056
305.65000 -55.43549 0.76297
305.70000 -55.43714 0.78449
305.75000 -55.43385 0.75467
305.80000 -55.46015 0.75352
305.85000 -55.45851 0.76648
305.90000 -55.44865 0.74122
305.95000 -55.44207 0.74119
306.00000 -55.41247 0.73477
306.05000 -55.44042 0.74192
306.10000 -55.43549 0.73369
306.15000 -55.41741 0.72423
306.20000 -55.44536 0.71379
306.25000 -55.44536 0.74912
306.30000 -55.44536 0.75215
306.35000 -55.44700 0.75851
306.40000 -55.45687 0.76507
306.45000 -55.45029 0.78058
306.50000 -55.44042 0.75342
306.55000 -55.42892 0.76282
306.60000 -55.41741 0.76890
306.65000 -55.43549 0.75961
306.70000 -55.42234 0.76996
306.75000 -55.41905 0.75215
306.80000 -55.41412 0.75753
306.85000 -55.43056 0.75305
306.90000 -55.43056 0.75002
306.95000 -55.45687 0.77732
307.00000 -55.46673 0.75798
307.05000 -55.46015 0.74540
307.10000 -55.44536 0.75442
307.15000 -55.43056 0.76094
307.20000 -55.43878 0.75594
307.25000 -55.44536 0.75916
307.30000 -55.42069 0.76335
307.35000 -55.42234 0.75270
307.40000 -55.41576 0.73784
307.45000 -55.39932 0.76532
307.50000 -55.40919 0.74487
307.55000 -55.42234 0.74685
307.60000 -55.42892 0.75276
307.65000 -55.41576 0.75356
307.70000 -55.39932 0.75348
307.75000 -55.42398 0.75609
307.80000 -55.42563 0.76767
307.85000 -55.41905 0.73485
307.90000 -55.39603 0.76103
307.95000 -55.40425 0.76249
308.00000 -55.41905 0.74798
308.05000 -55.40096 0.77417
308.10000 -55.40754 0.74993
308.15000 -55.38452 0.73962
308.20000 -55.38452 0.77008
308.25000 -55.40425 0.75943
308.30000 -55.40754 0.75808
308.35000 -55.40919 0.76937
308.40000 -55.41247 0.76624
308.45000 -55.40754 0.75266
308.50000 -55.41412 0.76389
308.55000 -55.39603 0.75117
308.60000 -55.40425 0.74513
308.65000 -55.40754 0.74514
308.70000 -55.39110 0.78359
308.75000 -55.40425 0.77640
308.80000 -55.40919 0.77122
308.85000 -55.39603 0.74866
308.90000 -55.40261 0.74691
308.95000 -55.38617 0.74569
309.00000 -55.38946 0.76306
309.05000 -55.41247 0.75185
309.10000 -55.41247 0.75698
309.15000 -55.42398 0.76351
309.20000 -55.39768 0.76064
309.25000 -55.40754 0.74773
309.30000 -55.38452 0.75289
309.35000 -55.38946 0.73965
309.40000 -55.39110 0.74974
309.45000 -55.39932 0.75725
309.50000 -55.41905 0.75298
309.55000 -55.41247 0.78546
309.60000 -55.41083 0.75808
309.65000 -55.40261 0.77305
309.70000 -55.42563 0.78823
309.75000 -55.41412 0.78961
309.80000 -55.41576 0.76145
309.85000 -55.42892 0.77238
309.90000 -55.42398 0.79061
309.95000 -55.42234 0.77710
310.00000 -55.40590 0.75323
310.05000 -55.39768 0.75032
310.10000 -55.41412 0.75444
310.15000 -55.38781 0.76216
310.20000 -55.39274 0.75767
310.25000 -55.39603 0.77238
310.30000 -55.39439 0.76929
310.35000 -55.39932 0.78384
310.40000 -55.38946 0.77864
310.45000 -55.38617 0.75961
310.50000 -55.39768 0.77112
310.55000 -55.39439 0.77284
310.60000 -55.40425 0.76443
310.65000 -55.39932 0.76540
310.70000 -55.40754 0.77266
310.75000 -55.40754 0.78544
310.80000 -55.41412 0.78091
310.85000 -55.40425 0.77764
310.90000 -55.39603 0.77459
310.95000 -55.40425 0.79092
311.00000 -55.39603 0.77386
311.05000 -55.40425 0.78406
311.10000 -55.39439 0.74753
311.15000 -55.40261 0.78154
311.20000 -55.41905 0.76610
311.25000 -55.38946 0.79427
311.30000 -55.38617 0.76884
311.35000 -55.39768 0.77230
311.40000 -55.40425 0.78304
311.45000 -55.40261 0.78474
311.50000 -55.38452 0.78276
311.55000 -55.38288 0.77022
311.60000 -55.38288 0.78064
311.65000 -55.37630 0.75421
311.70000 -55.39603 0.75570
311.75000 -55.37959 0.76580
311.80000 -55.38946 0.76373
311.85000 -55.39439 0.76417
311.90000 -55.40096 0.76404
311.95000 -55.39110 0.77255
312.00000 -55.40590 0.77424
312.05000 -55.42234 0.76433
312.10000 -55.41412 0.77241
312.15000 -55.39603 0.78227
312.20000 -55.42234 0.78533
312.25000 -55.42563 0.78294
312.30000 -55.41741 0.74698
312.35000 -55.45029 0.77517
312.40000 -55.42563 0.75737
312.45000 -55.42563 0.76298
312.50000 -55.43220 0.75333
312.55000 -55.44042 0.77970
312.60000 -55.42892 0.75086
312.65000 -55.44536 0.76980
312.70000 -55.44042 0.77214
312.75000 -55.44371 0.76302
312.80000 -55.43056 0.76683
312.85000 -55.43549 0.75064
312.90000 -55.45851 0.74989
312.95000 -55.45358 0.77497
313.00000 -55.45358 0.76410
313.05000 -55.45358 0.74677
313.10000 -55.45687 0.75647
313.15000 -55.44371 0.76122
313.20000 -55.44700 0.75911
313.25000 -55.44371 0.76866
313.30000 -55.44865 0.73938
313.35000 -55.45193 0.76795
313.40000 -55.46344 0.77568
313.45000 -55.46344 0.76564
313.50000 -55.46344 0.75093
313.55000 -55.45029 0.76243
313.60000 -55.46509 0.79143
313.65000 -55.45193 0.78575
313.70000 -55.45358 0.78475
313.75000 -55.44371 0.77896
313.80000 -55.46344 0.78385
313.85000 -55.45029 0.77524
313.90000 -55.44536 0.80132
313.95000 -55.45358 0.78634
314.00000 -55.44042 0.79709
314.05000 -55.43714 0.81124
314.10000 -55.44865 0.77896
314.15000 -55.45687 0.77314
314.20000 -55.46509 0.76755
314.25000 -55.46838 0.78372
314.30000 -55.46838 0.77862
314.35000 -55.46015 0.79118
314.40000 -55.46673 0.78585
314.45000 -55.46509 0.77221
314.50000 -55.46673 0.79248
314.55000 -55.47824 0.77643
314.60000 -55.47988 0.77542
314.65000 -55.45029 0.76742
314.70000 -55.45687 0.75413
314.75000 -55.48317 0.75093
314.80000 -55.48317 0.78204
314.85000 -55.47660 0.75114
314.90000 -55.47660 0.76391
314.95000 -55.46673 0.75663
315.00000 -55.46344 0.77245
315.05000 -55.48153 0.78775
315.10000 -55.47166 0.78693
315.15000 -55.46673 0.78491
315.20000 -55.46180 0.77943
315.25000 -55.45358 0.78750
315.30000 -55.47166 0.78257
315.35000 -55.46673 0.77696
315.40000 -55.47002 0.78941
315.45000 -55.47660 0.79759
315.50000 -55.48317 0.80393
315.55000 -55.49633 0.77348
315.60000 -55.48482 0.76327
315.65000 -55.49797 0.78493
315.70000 -55.49797 0.77066
315.75000 -55.48646 0.77841
315.80000 -55.48317 0.78138
315.85000 -55.49304 0.78446
315.90000 -55.47495 0.78685
315.95000 -55.47824 0.79669
316.00000 -55.46509 0.78963
316.05000 -55.49633 0.80286
316.10000 -55.48482 0.81113
316.15000 -55.49961 0.79119
316.20000 -55.44700 0.78845
316.25000 -55.46015 0.80614
316.30000 -55.46673 0.78693
316.35000 -55.46838 0.78604
316.40000 -55.46509 0.76874
316.45000 -55.46344 0.77370
316.50000 -55.46344 0.78465
316.55000 -55.47824 0.78706
316.60000 -55.48482 0.79533
316.65000 -55.51441 0.79085
316.70000 -55.50126 0.80210
316.75000 -55.49797 0.80434
316.80000 -55.50784 0.78591
316.85000 -55.50455 0.77358
316.90000 -55.50126 0.77870
316.95000 -55.49304 0.79290
317.00000 -55.48811 0.80812
317.05000 -55.49304 0.78728
317.10000 -55.48482 0.80387
317.15000 -55.48975 0.79183
317.20000 -55.49304 0.81951
317.25000 -55.48811 0.81198
317.30000 -55.49797 0.81920
317.35000 -55.48646 0.82794
317.40000 -55.49468 0.81693
317.45000 -55.48975 0.79984
317.50000 -55.48317 0.81062
317.55000 -55.46180 0.82642
317.60000 -55.48811 0.81289
317.65000 -55.48153 0.81453
317.70000 -55.47002 0.81732
317.75000 -55.48482 0.80684
317.80000 -55.46015 0.80741
317.85000 -55.47495 0.82312
317.90000 -55.47002 0.80956
317.95000 -55.48482 0.81665
318.00000 -55.49468 0.82207
318.05000 -55.47495 0.82333
318.10000 -55.49633 0.83108
318.15000 -55.47495 0.83145
318.20000 -55.48153 0.84895
318.25000 -55.47331 0.84459
318.30000 -55.47331 0.84378
318.35000 -55.48317 0.81713
318.40000 -55.47002 0.82522
318.45000 -55.46509 0.82038
318.50000 -55.46509 0.83106
318.55000 -55.45687 0.83996
318.60000 -55.47331 0.81181
318.65000 -55.47166 0.80685
318.70000 -55.47988 0.83337
318.75000 -55.48811 0.83233
318.80000 -55.49797 0.80511
318.85000 -55.47660 0.82010
318.90000 -55.47495 0.81135
318.95000 -55.46344 0.79065
319.00000 -55.45851 0.78924
319.05000 -55.45029 0.79732
319.10000 -55.47331 0.78978
319.15000 -55.45522 0.79434
319.20000 -55.45193 0.79590
319.25000 -55.47495 0.78916
319.30000 -55.47002 0.80448
319.35000 -55.47331 0.81020
319.40000 -55.47495 0.79969
319.45000 -55.46838 0.78944
319.50000 -55.46344 0.78863
319.55000 -55.46015 0.77944
319.60000 -55.46015 0.77936
319.65000 -55.48153 0.78919
319.70000 -55.45851 0.79727
319.75000 -55.44700 0.78251
319.80000 -55.45193 0.77312
319.85000 -55.46344 0.77141
319.90000 -55.46838 0.77555
319.95000 -55.44865 0.78013
320.00000 -55.45029 0.76683
320.05000 -55.45358 0.76320
320.10000 -55.42234 0.75209
320.15000 -55.43385 0.75089
320.20000 -55.44371 0.77625
320.25000 -55.44536 0.78850
320.30000 -55.42727 0.77025
320.35000 -55.42069 0.76529
320.40000 -55.40261 0.79440
320.45000 -55.41576 0.78355
320.50000 -55.43385 0.79018
320.55000 -55.41741 0.77031
320.60000 -55.42892 0.78749
320.65000 -55.45029 0.78733
320.70000 -55.43878 0.79154
320.75000 -55.44371 0.78122
320.80000 -55.42727 0.78894
320.85000 -55.43385 0.77623
320.90000 -55.44042 0.77207
320.95000 -55.43714 0.77662
321.00000 -55.42727 0.78053
321.05000 -55.42892 0.76743
321.10000 -55.43878 0.78156
321.15000 -55.42398 0.78722
321.20000 -55.42563 0.77372
321.25000 -55.43056 0.76608
321.30000 -55.42069 0.79096
321.35000 -55.41741 0.78269
321.40000 -55.42398 0.78330
321.45000 -55.41083 0.77073
321.50000 -55.42234 0.77122
321.55000 -55.43549 0.79145
321.60000 -55.43714 0.77405
321.65000 -55.43549 0.79497
321.70000 -55.44700 0.76968
321.75000 -55.42234 0.79326
321.80000 -55.41247 0.78336
321.85000 -55.39439 0.78533
321.90000 -55.43056 0.77370
321.95000 -55.42727 0.76826
322.00000 -55.44700 0.78418
322.05000 -55.43220 0.79823
322.10000 -55.44700 0.78888
322.15000 -55.44042 0.78812
322.20000 -55.44371 0.78912
322.25000 -55.44207 0.78265
322.30000 -55.41905 0.79382
322.35000 -55.42234 0.78541
322.40000 -55.41247 0.77687
322.45000 -55.42727 0.79240
322.50000 -55.42892 0.78190
322.55000 -55.42727 0.80734
322.60000 -55.43714 0.78551
322.65000 -55.42892 0.78474
322.70000 -55.42069 0.78641
322.75000 -55.44865 0.77500
322.80000 -55.41905 0.79210
322.85000 -55.43220 0.78869
322.90000 -55.42892 0.76921
322.95000 -55.42234 0.77350
323.00000 -55.42727 0.78206
323.05000 -55.42563 0.78126
323.10000 -55.43549 0.80733
323.15000 -55.42563 0.80995
323.20000 -55.44042 0.79337
323.25000 -55.43549 0.79189
323.30000 -55.43714 0.78057
323.35000 -55.42563 0.79563
323.40000 -55.40261 0.78836
323.45000 -55.43714 0.80029
323.50000 -55.44536 0.76319
323.55000 -55.43549 0.80245
323.60000 -55.41905 0.78879
323.65000 -55.42727 0.77276
323.70000 -55.42234 0.74807
323.75000 -55.41412 0.76997
323.80000 -55.43220 0.75574
323.85000 -55.40919 0.77159
323.90000 -55.40096 0.78549
323.95000 -55.39932 0.76517
324.00000 -55.41576 0.77405
324.05000 -55.43220 0.75958
324.10000 -55.41905 0.76192
324.15000 -55.43385 0.76879
324.20000 -55.42727 0.77423
324.25000 -55.40754 0.78660
324.30000 -55.42234 0.77827
324.35000 -55.40261 0.77444
324.40000 -55.41412 0.76827
324.45000 -55.42234 0.76440
324.50000 -55.42563 0.76626
324.55000 -55.43385 0.74983
324.60000 -55.41905 0.77305
324.65000 -55.43056 0.77539
324.70000 -55.42398 0.78294
324.75000 -55.42727 0.77195
324.80000 -55.43549 0.79325
324.85000 -55.45358 0.78937
324.90000 -55.46673 0.80205
324.95000 -55.44865 0.77213
325.00000 -55.44865 0.76569
325.05000 -55.45358 0.76833
325.10000 -55.45687 0.76745
325.15000 -55.43056 0.77230
325.20000 -55.43549 0.78488
325.25000 -55.42563 0.76164
325.30000 -55.42892 0.77283
325.35000 -55.43878 0.79226
325.40000 -55.44371 0.79308
325.45000 -55.44536 0.78568
325.50000 -55.45851 0.77048
325.55000 -55.45029 0.77392
325.60000 -55.44536 0.77209
325.65000 -55.43878 0.75940
325.70000 -55.44700 0.80332
325.75000 -55.44371 0.78442
325.80000 -55.45687 0.79118
325.85000 -55.43385 0.79033
325.90000 -55.42892 0.79868
325.95000 -55.43549 0.80259
326.00000 -55.44042 0.80682
326.05000 -55.41741 0.81963
326.10000 -55.43549 0.80117
326.15000 -55.41083 0.79207
326.20000 -55.43056 0.78335
326.25000 -55.42398 0.78243
326.30000 -55.42398 0.79777
326.35000 -55.43385 0.80113
326.40000 -55.40919 0.78512
326.45000 -55.42234 0.80473
326.50000 -55.43878 0.82574
326.55000 -55.41412 0.80834
326.60000 -55.44865 0.81690
326.65000 -55.42398 0.82575
326.70000 -55.41576 0.81767
326.75000 -55.40754 0.80094
326.80000 -55.40261 0.81393
326.85000 -55.42069 0.80917
326.90000 -55.42892 0.79669
326.95000 -55.42234 0.80480
327.00000 -55.40096 0.81779
327.05000 -55.42234 0.80026
327.10000 -55.40261 0.80366
327.15000 -55.42563 0.79570
327.20000 -55.41576 0.80737
327.25000 -55.41412 0.80883
327.30000 -55.40919 0.81044
327.35000 -55.39932 0.81704
327.40000 -55.40754 0.79330
327.45000 -55.38288 0.78137
327.50000 -55.38781 0.79855
327.55000 -55.38123 0.79392
327.60000 -55.36973 0.80160
327.65000 -55.38781 0.78162
327.70000 -55.39603 0.79868
327.75000 -55.38781 0.79769
327.80000 -55.37630 0.77483
327.85000 -55.39603 0.78539
327.90000 -55.38781 0.78583
327.95000 -55.39603 0.76691
328.00000 -55.40754 0.77413
328.05000 -55.40261 0.76439
328.10000 -55.41905 0.76840
328.15000 -55.39603 0.79296
328.20000 -55.38452 0.78487
328.25000 -55.40919 0.77343
328.30000 -55.40261 0.78008
328.35000 -55.41741 0.79639
328.40000 -55.41741 0.76199
328.45000 -55.40425 0.74268
328.50000 -55.41083 0.75733
328.55000 -55.39439 0.76573
328.60000 -55.39768 0.77008
328.65000 -55.41576 0.77962
328.70000 -55.41083 0.78768
328.75000 -55.40754 0.77200
328.80000 -55.41741 0.76042
328.85000 -55.41905 0.76073
328.90000 -55.41905 0.77415
328.95000 -55.41905 0.76899
329.00000 -55.40425 0.79537
329.05000 -55.40919 0.79197
329.10000 -55.42234 0.78403
329.15000 -55.42563 0.78163
329.20000 -55.41083 0.77911
329.25000 -55.40754 0.79817
329.30000 -55.42563 0.80012
329.35000 -55.43714 0.76436
329.40000 -55.43220 0.77852
329.45000 -55.43056 0.78928
329.50000 -55.43056 0.76683
329.55000 -55.42727 0.76863
329.60000 -55.43220 0.78724
329.65000 -55.43220 0.77918
329.70000 -55.41741 0.78349
329.75000 -55.41741 0.79903
329.80000 -55.42234 0.79247
329.85000 -55.41576 0.78500
329.90000 -55.41247 0.81491
329.95000 -55.41412 0.80425
330.00000 -55.40096 0.78033
330.05000 -55.43220 0.79092
330.10000 -55.42234 0.79039
330.15000 -55.43878 0.80586
330.20000 -55.42727 0.78446
330.25000 -55.40754 0.77059
330.30000 -55.43385 0.78127
330.35000 -55.43878 0.77394
330.40000 -55.44536 0.75878
330.45000 -55.42234 0.80840
330.50000 -55.40919 0.80012
330.55000 -55.43714 0.79301
330.60000 -55.44042 0.77846
330.65000 -55.44371 0.79887
330.70000 -55.43385 0.80439
330.75000 -55.45358 0.78460
330.80000 -55.45522 0.78105
330.85000 -55.45851 0.78105
330.90000 -55.45193 0.77862
330.95000 -55.45358 0.77614
331.00000 -55.43549 0.77950
331.05000 -55.45029 0.79180
331.10000 -55.46344 0.76228
331.15000 -55.45358 0.77247
331.20000 -55.47166 0.76029
331.25000 -55.49139 0.77922
331.30000 -55.46838 0.75185
331.35000 -55.48153 0.74322
331.40000 -55.48646 0.76929
331.45000 -55.46180 0.76662
331.50000 -55.46838 0.78742
331.55000 -55.46838 0.77194
331.60000 -55.47824 0.79088
331.65000 -55.46509 0.77896
331.70000 -55.47824 0.77994
331.75000 -55.47002 0.76651
331.80000 -55.46838 0.76891
331.85000 -55.48646 0.78663
331.90000 -55.49139 0.78504
331.95000 -55.48646 0.78880
332.00000 -55.48975 0.77527
332.05000 -55.49961 0.77226
332.10000 -55.47824 0.77833
332.15000 -55.50126 0.76334
332.20000 -55.47002 0.77368
332.25000 -55.49468 0.77290
332.30000 -55.48317 0.75832
332.35000 -55.48811 0.75164
332.40000 -55.50290 0.77191
332.45000 -55.49961 0.76812
332.50000 -55.50455 0.77549
332.55000 -55.47331 0.77707
332.60000 -55.47988 0.78411
332.65000 -55.49139 0.76313
332.70000 -55.47495 0.73106
332.75000 -55.48811 0.76269
332.80000 -55.49633 0.77744
332.85000 -55.48482 0.76207
332.90000 -55.49633 0.75131
332.95000 -55.47988 0.75978
333.00000 -55.48646 0.76529
333.05000 -55.47660 0.77169
333.10000 -55.48646 0.77107
333.15000 -55.48153 0.77051
333.20000 -55.48811 0.78017
333.25000 -55.47331 0.79738
333.30000 -55.46838 0.79511
333.35000 -55.46673 0.77535
333.40000 -55.49961 0.76642
333.45000 -55.46015 0.77173
333.50000 -55.47495 0.78097
333.55000 -55.47331 0.78544
333.60000 -55.46015 0.77070
333.65000 -55.47988 0.75978
333.70000 -55.46673 0.77930
333.75000 -55.45358 0.76722
333.80000 -55.47002 0.75823
333.85000 -55.45522 0.76089
333.90000 -55.44371 0.77903
333.95000 -55.43056 0.77075
334.00000 -55.43878 0.78888
334.05000 -55.44865 0.79594
334.10000 -55.43714 0.79006
334.15000 -55.44207 0.78909
334.20000 -55.44207 0.78765
334.25000 -55.43056 0.78298
334.30000 -55.43549 0.77525
334.35000 -55.44371 0.78311
334.40000 -55.44042 0.77984
334.45000 -55.44371 0.76309
334.50000 -55.43056 0.76593
334.55000 -55.42398 0.78555
334.60000 -55.43714 0.79179
334.65000 -55.43056 0.77568
334.70000 -55.42398 0.78895
334.75000 -55.41247 0.79311
334.80000 -55.42563 0.77151
334.85000 -55.42563 0.77468
334.90000 -55.42069 0.77980
334.95000 -55.43056 0.77502
335.00000 -55.39932 0.76681
335.05000 -55.42234 0.76789
335.10000 -55.42727 0.78467
335.15000 -55.42234 0.77402
335.20000 -55.41905 0.78081
335.25000 -55.39932 0.78645
335.30000 -55.40425 0.76599
335.35000 -55.39603 0.78756
335.40000 -55.39110 0.76596
335.45000 -55.40261 0.77964
335.50000 -55.38452 0.77001
335.55000 -55.38946 0.76693
335.60000 -55.38617 0.76304
335.65000 -55.37301 0.77026
335.70000 -55.39768 0.76445
335.75000 -55.40096 0.76709
335.80000 -55.39110 0.79513
335.85000 -55.38617 0.80500
335.90000 -55.37959 0.79081
335.95000 -55.40096 0.79628
336.00000 -55.35822 0.79898
336.05000 -55.37466 0.80724
336.10000 -55.40096 0.79921
336.15000 -55.38617 0.79697
336.20000 -55.38617 0.79181
336.25000 -55.38123 0.79678
336.30000 -55.37137 0.80469
336.35000 -55.37959 0.79411
336.40000 -55.39274 0.78837
336.45000 -55.37137 0.76361
336.50000 -55.37630 0.77791
336.55000 -55.38617 0.77312
336.60000 -55.38123 0.78440
336.65000 -55.38123 0.77718
336.70000 -55.37137 0.76010
336.75000 -55.38781 0.78308
336.80000 -55.37630 0.76149
336.85000 -55.39274 0.76856
336.90000 -55.38452 0.77340
336.95000 -55.40096 0.78346
337.00000 -55.38452 0.79123
337.05000 -55.37959 0.78742
337.10000 -55.38288 0.78688
337.15000 -55.37466 0.76852
337.20000 -55.37137 0.77779
337.25000 -55.39110 0.77358
337.30000 -55.39932 0.78551
337.35000 -55.41412 0.79692
337.40000 -55.40261 0.79095
337.45000 -55.40096 0.78780
337.50000 -55.38123 0.80693
337.55000 -55.38617 0.77275
337.60000 -55.37466 0.78631
337.65000 -55.38946 0.79061
337.70000 -55.39932 0.77412
337.75000 -55.39603 0.76825
337.80000 -55.38946 0.78257
337.85000 -55.39274 0.76261
337.90000 -55.37301 0.75707
337.95000 -55.37795 0.74749
338.00000 -55.36808 0.76344
338.05000 -55.37466 0.76003
338.10000 -55.39768 0.76846
338.15000 -55.39274 0.74845
338.20000 -55.38452 0.75380
338.25000 -55.38123 0.76225
338.30000 -55.37301 0.76915
338.35000 -55.37959 0.75480
338.40000 -55.38946 0.76589
338.45000 -55.39603 0.75276
338.50000 -55.37301 0.74853
338.55000 -55.38288 0.73668
338.60000 -55.35822 0.74693
338.65000 -55.37959 0.74676
338.70000 -55.39110 0.75805
338.75000 -55.40261 0.73995
338.80000 -55.39274 0.73347
338.85000 -55.39110 0.75775
338.90000 -55.39932 0.76525
338.95000 -55.40590 0.74777
339.00000 -55.38617 0.76163
339.05000 -55.38452 0.77149
339.10000 -55.39603 0.76780
339.15000 -55.40096 0.72983
339.20000 -55.40425 0.74688
339.25000 -55.39274 0.75842
339.30000 -55.39768 0.74162
339.35000 -55.38288 0.72429
339.40000 -55.38617 0.75064
339.45000 -55.40590 0.77409
339.50000 -55.39439 0.73811
339.55000 -55.38617 0.74965
339.60000 -55.40096 0.74358
339.65000 -55.42234 0.73834
339.70000 -55.39768 0.75259
339.75000 -55.42069 0.73106
339.80000 -55.41741 0.74667
339.85000 -55.43549 0.73253
339.90000 -55.41576 0.73226
339.95000 -55.42398 0.73378
340.00000 -55.40425 0.73822
340.05000 -55.43220 0.75144
340.10000 -55.43714 0.74909
340.15000 -55.43549 0.76394
340.20000 -55.43549 0.75018
340.25000 -55.44042 0.73985
340.30000 -55.45687 0.75790
340.35000 -55.44536 0.73214
340.40000 -55.43549 0.73462
340.45000 -55.42727 0.72126
340.50000 -55.42069 0.71548
340.55000 -55.43385 0.72951
340.60000 -55.43878 0.72818
340.65000 -55.45358 0.72661
340.70000 -55.43549 0.74676
340.75000 -55.43878 0.74974
340.80000 -55.44700 0.74587
340.85000 -55.46344 0.73554
340.90000 -55.43714 0.73071
340.95000 -55.43385 0.71954
341.00000 -55.43385 0.69875
341.05000 -55.44371 0.72122
341.10000 -55.42892 0.70449
341.15000 -55.42563 0.70466
341.20000 -55.42892 0.70279
341.25000 -55.42563 0.70329
341.30000 -55.41741 0.71298
341.35000 -55.41741 0.73970
341.40000 -55.40754 0.72044
341.45000 -55.43714 0.74643
341.50000 -55.42563 0.74134
341.55000 -55.41083 0.75763
341.60000 -55.42892 0.74676
341.65000 -55.40919 0.73819
341.70000 -55.44042 0.74963
341.75000 -55.43220 0.74191
341.80000 -55.42069 0.72778
341.85000 -55.43549 0.74775
341.90000 -55.43714 0.75733
341.95000 -55.43549 0.75555
342.00000 -55.42234 0.74273
342.05000 -55.41412 0.74212
342.10000 -55.42398 0.75406
342.15000 -55.41412 0.77086
342.20000 -55.40919 0.72755
342.25000 -55.42892 0.76058
342.30000 -55.41083 0.77390
342.35000 -55.40590 0.75662
342.40000 -55.41247 0.74957
342.45000 -55.40425 0.76212
342.50000 -55.40754 0.77045
342.55000 -55.39274 0.76410
342.60000 -55.41247 0.76222
342.65000 -55.41576 0.77976
342.70000 -55.41247 0.75645
342.75000 -55.40754 0.78035
342.80000 -55.40919 0.78938
342.85000 -55.40590 0.78192
342.90000 -55.42234 0.78924
342.95000 -55.43549 0.76795
343.00000 -55.43056 0.77156
343.05000 -55.40590 0.77600
343.10000 -55.41741 0.77583
343.15000 -55.40919 0.76574
343.20000 -55.43220 0.77132
343.25000 -55.42234 0.77461
343.30000 -55.43549 0.75698
343.35000 -55.40590 0.75436
343.40000 -55.42069 0.75684
343.45000 -55.43056 0.76883
343.50000 -55.41741 0.78393
343.55000 -55.40919 0.75398
343.60000 -55.40590 0.77144
343.65000 -55.41412 0.76000
343.70000 -55.42563 0.77417
343.75000 -55.41083 0.77412
343.80000 -55.42892 0.76951
343.85000 -55.43220 0.76837
343.90000 -55.43549 0.76334
343.95000 -55.42563 0.76574
344.00000 -55.40425 0.76145
344.05000 -55.40919 0.76261
344.10000 -55.41083 0.76644
344.15000 -55.43385 0.77130
344.20000 -55.44207 0.77747
344.25000 -55.43385 0.79155
344.30000 -55.42398 0.77130
344.35000 -55.41741 0.77267
344.40000 -55.41905 0.76289
344.45000 -55.43056 0.75138
344.50000 -55.44700 0.77960
344.55000 -55.43714 0.75356
344.60000 -55.42069 0.75329
344.65000 -55.44207 0.76514
344.70000 -55.44371 0.76264
344.75000 -55.43549 0.75705
344.80000 -55.40425 0.75212
344.85000 -55.42234 0.76328
344.90000 -55.41247 0.73918
344.95000 -55.43714 0.73358
345.00000 -55.43385 0.75414
345.05000 -55.43220 0.75567
345.10000 -55.43714 0.74848
345.15000 -55.43714 0.76063
345.20000 -55.41576 0.75875
345.25000 -55.44042 0.75966
345.30000 -55.43385 0.75331
345.35000 -55.44865 0.73730
345.40000 -55.42892 0.75976
345.45000 -55.43220 0.76822
345.50000 -55.42727 0.76729
345.55000 -55.43385 0.76299
345.60000 -55.43056 0.76348
345.65000 -55.42069 0.77453
345.70000 -55.43878 0.77070
345.75000 -55.45687 0.78765
345.80000 -55.43549 0.79518
345.85000 -55.43714 0.79186
345.90000 -55.43056 0.77414
345.95000 -55.44865 0.77324
346.00000 -55.42727 0.75714
346.05000 -55.45522 0.78017
346.10000 -55.43220 0.77515
346.15000 -55.46509 0.77676
346.20000 -55.43714 0.77845
346.25000 -55.43220 0.79451
346.30000 -55.42892 0.78792
346.35000 -55.43220 0.80405
346.40000 -55.43714 0.80970
346.45000 -55.44700 0.79040
346.50000 -55.43878 0.77937
346.55000 -55.43385 0.78939
346.60000 -55.43056 0.79015
346.65000 -55.44207 0.79491
346.70000 -55.42234 0.79806
346.75000 -55.44536 0.78016
346.80000 -55.44042 0.80505
346.85000 -55.44042 0.78101
346.90000 -55.43056 0.78531
346.95000 -55.41576 0.78688
347.00000 -55.42727 0.77195
347.05000 -55.42234 0.77651
347.10000 -55.43714 0.77140
347.15000 -55.43385 0.78360
347.20000 -55.44207 0.78410
347.25000 -55.42892 0.75434
347.30000 -55.43385 0.77219
347.35000 -55.42892 0.77422
347.40000 -55.44207 0.77673
347.45000 -55.43878 0.78417
347.50000 -55.42563 0.78112
347.55000 -55.44207 0.77783
347.60000 -55.44865 0.77058
347.65000 -55.46015 0.75571
347.70000 -55.45522 0.77107
347.75000 -55.44042 0.75958
347.80000 -55.45193 0.76177
347.85000 -55.46509 0.76844
347.90000 -55.46344 0.75062
347.95000 -55.45851 0.74624
348.00000 -55.44700 0.74983
348.05000 -55.43714 0.74620
348.10000 -55.45522 0.73308
348.15000 -55.44700 0.72709
348.20000 -55.45193 0.72212
348.25000 -55.44700 0.74304
348.30000 -55.44700 0.71724
348.35000 -55.43714 0.72985
348.40000 -55.42398 0.72802
348.45000 -55.43220 0.72319
348.50000 -55.43549 0.74980
348.55000 -55.44865 0.71432
348.60000 -55.44207 0.72833
348.65000 -55.46344 0.74713
348.70000 -55.44865 0.75378
348.75000 -55.44865 0.75409
348.80000 -55.45687 0.73099
348.85000 -55.44207 0.75194
348.90000 -55.44207 0.74303
348.95000 -55.44536 0.74294
349.00000 -55.43056 0.73832
349.05000 -55.43385 0.73387
349.10000 -55.43220 0.74176
349.15000 -55.44042 0.72328
349.20000 -55.44536 0.71785
349.25000 -55.44207 0.71572
349.30000 -55.44042 0.71791
349.35000 -55.42398 0.71549
349.40000 -55.41247 0.72109
349.45000 -55.42563 0.72394
349.50000 -55.41247 0.70424
349.55000 -55.40754 0.73305
349.60000 -55.41905 0.72566
349.65000 -55.41576 0.71718
349.70000 -55.43220 0.70008
349.75000 -55.40590 0.72747
349.80000 -55.41905 0.74348
349.85000 -55.42398 0.72599
349.90000 -55.42563 0.72316
349.95000 -55.42892 0.71483
350.00000 -55.42563 0.74257
350.05000 -55.41905 0.71610
350.10000 -55.44207 0.73293
350.15000 -55.44371 0.74130
350.20000 -55.43056 0.73072
350.25000 -55.43056 0.77370
350.30000 -55.45029 0.76437
350.35000 -55.44042 0.75763
350.40000 -55.43714 0.74022
350.45000 -55.42727 0.74951
350.50000 -55.44042 0.74666
350.55000 -55.45522 0.73672
350.60000 -55.44042 0.73421
350.65000 -55.45687 0.74027
350.70000 -55.44207 0.74533
350.75000 -55.43714 0.75920
350.80000 -55.46015 0.75004
350.85000 -55.47660 0.75190
350.90000 -55.46673 0.74082
350.95000 -55.46509 0.75182
351.00000 -55.44371 0.77669
351.05000 -55.45358 0.75125
351.10000 -55.45687 0.75587
351.15000 -55.45522 0.76231
351.20000 -55.45193 0.77496
351.25000 -55.45358 0.77040
351.30000 -55.46180 0.78169
351.35000 -55.45029 0.75100
351.40000 -55.48317 0.79015
351.45000 -55.47002 0.76495
351.50000 -55.45522 0.75857
351.55000 -55.47824 0.74919
351.60000 -55.48811 0.77306
351.65000 -55.48811 0.74731
351.70000 -55.49633 0.74339
351.75000 -55.47824 0.74813
351.80000 -55.50619 0.75205
351.85000 -55.49139 0.76082
351.90000 -55.51277 0.76329
351.95000 -55.49797 0.75310
352.00000 -55.48811 0.75504
352.05000 -55.49797 0.75778
352.10000 -55.49633 0.76363
352.15000 -55.48975 0.75752
352.20000 -55.49797 0.76651
352.25000 -55.48975 0.74058
352.30000 -55.48975 0.73896
352.35000 -55.49633 0.75569
352.40000 -55.50126 0.76980
352.45000 -55.46838 0.76617
352.50000 -55.46015 0.75969
352.55000 -55.46673 0.76202
352.60000 -55.48482 0.76185
352.65000 -55.50455 0.75534
352.70000 -55.48811 0.75247
352.75000 -55.49633 0.77861
352.80000 -55.46838 0.76431
352.85000 -55.48646 0.76432
352.90000 -55.49797 0.76569
352.95000 -55.48975 0.75917
353.00000 -55.48811 0.75842
353.05000 -55.49304 0.74280
353.10000 -55.48482 0.73918
353.15000 -55.47660 0.73529
353.20000 -55.47824 0.74562
353.25000 -55.47002 0.77361
353.30000 -55.47988 0.77123
353.35000 -55.47495 0.76373
353.40000 -55.49139 0.76201
353.45000 -55.49304 0.75961
353.50000 -55.49961 0.77270
353.55000 -55.46838 0.75833
353.60000 -55.48646 0.75314
353.65000 -55.48646 0.76714
353.70000 -55.47495 0.77725
353.75000 -55.47988 0.76649
353.80000 -55.47824 0.77547
353.85000 -55.46838 0.75381
353.90000 -55.47331 0.77155
353.95000 -55.47002 0.77199
354.00000 -55.49139 0.76014
354.05000 -55.47988 0.78258
354.10000 -55.46015 0.78046
354.15000 -55.48153 0.77676
354.20000 -55.47660 0.78348
354.25000 -55.47988 0.76775
354.30000 -55.48153 0.76272
354.35000 -55.48153 0.76070
354.40000 -55.48646 0.76581
354.45000 -55.48317 0.76668
354.50000 -55.48153 0.73915
354.55000 -55.48153 0.76272
354.60000 -55.47824 0.77069
354.65000 -55.47824 0.74371
354.70000 -55.47824 0.74554
354.75000 -55.48482 0.75826
354.80000 -55.47824 0.76980
354.85000 -55.47331 0.77266
354.90000 -55.49633 0.77134
354.95000 -55.47166 0.77717
355.00000 -55.47166 0.78265
355.05000 -55.45851 0.77011
355.10000 -55.48646 0.77717
355.15000 -55.47002 0.76651
355.20000 -55.46673 0.76434
355.25000 -55.47495 0.76149
355.30000 -55.47660 0.76985
355.35000 -55.45193 0.78249
355.40000 -55.43878 0.76893
355.45000 -55.45687 0.78801
355.50000 -55.45193 0.79059
355.55000 -55.46015 0.79276
355.60000 -55.45029 0.79532
355.65000 -55.46673 0.82472
355.70000 -55.46344 0.82074
355.75000 -55.46509 0.78710
355.80000 -55.45358 0.78887
355.85000 -55.45851 0.80041
355.90000 -55.46673 0.79728
355.95000 -55.46673 0.79742
356.00000 -55.45193 0.78684
356.05000 -55.44042 0.79638
356.10000 -55.41905 0.79303
356.15000 -55.42234 0.80417
356.20000 -55.41905 0.79676
356.25000 -55.40261 0.79375
356.30000 -55.41576 0.80391
356.35000 -55.39932 0.81033
356.40000 -55.39110 0.80162
356.45000 -55.37630 0.80119
356.50000 -55.39110 0.77314
356.55000 -55.37630 0.78656
356.60000 -55.39110 0.78591
356.65000 -55.39439 0.79512
356.70000 -55.38781 0.79762
356.75000 -55.40096 0.79664
356.80000 -55.40096 0.78098
356.85000 -55.38946 0.80360
356.90000 -55.39439 0.78075
356.95000 -55.39110 0.78584
357.00000 -55.39768 0.77502
357.05000 -55.39110 0.78779
357.10000 -55.40425 0.78166
357.15000 -55.37959 0.77253
357.20000 -55.40261 0.76222
357.25000 -55.40590 0.77629
357.30000 -55.38288 0.78905
357.35000 -55.37466 0.79795
357.40000 -55.38288 0.77720
357.45000 -55.37630 0.79226
357.50000 -55.39932 0.76673
357.55000 -55.37466 0.77860
357.60000 -55.36973 0.78958
357.65000 -55.36479 0.78255
357.70000 -55.38617 0.78314
357.75000 -55.37630 0.77497
357.80000 -55.38946 0.79075
357.85000 -55.37137 0.78340
357.90000 -55.38781 0.77173
357.95000 -55.40590 0.78352
358.00000 -55.37795 0.80079
358.05000 -55.37301 0.78721
358.10000 -55.37795 0.80172
358.15000 -55.38617 0.78372
358.20000 -55.39274 0.78613
358.25000 -55.38946 0.78721
358.30000 -55.37795 0.79623
358.35000 -55.37959 0.80740
358.40000 -55.37466 0.80264
358.45000 -55.37630 0.84064
358.50000 -55.38781 0.80289
358.55000 -55.38946 0.82857
358.60000 -55.39603 0.82835
358.65000 -55.39768 0.81573
358.70000 -55.40425 0.80949
358.75000 -55.39439 0.83062
358.80000 -55.40919 0.81513
358.85000 -55.41247 0.82532
358.90000 -55.39274 0.82911
358.95000 -55.37959 0.82525
359.00000 -55.39439 0.82615
359.05000 -55.39932 0.82749
359.10000 -55.41247 0.83171
359.15000 -55.41083 0.82619
359.20000 -55.40096 0.82486
359.25000 -55.39439 0.81861
359.30000 -55.40261 0.84393
359.35000 -55.41576 0.82667
359.40000 -55.40754 0.83189
359.45000 -55.39274 0.83315
359.50000 -55.38946 0.84926
359.55000 -55.39274 0.83595
359.60000 -55.40919 0.84219
359.65000 -55.39603 0.84245
359.70000 -55.40754 0.82184
359.75000 -55.39932 0.83325
359.80000 -55.39768 0.82792
359.85000 -55.41247 0.84258
359.90000 -55.42892 0.83355
359.95000 -55.41741 0.85298
360.00000 -55.37959 0.82807
360.05000 -55.39110 0.83887
360.10000 -55.40261 0.82738
360.15000 -55.39932 0.82880
360.20000 -55.37795 0.83332
360.25000 -55.37959 0.83784
360.30000 -55.38781 0.82083
360.35000 -55.37630 0.83466
360.40000 -55.37630 0.82870
360.45000 -55.36808 0.81402
360.50000 -55.35822 0.82409
360.55000 -55.37795 0.82357
360.60000 -55.37137 0.84485
360.65000 -55.37466 0.81816
360.70000 -55.36973 0.82380
360.75000 -55.38288 0.82177
360.80000 -55.37795 0.82481
360.85000 -55.37466 0.82881
360.90000 -55.37959 0.82255
360.95000 -55.38452 0.82895
361.00000 -55.37630 0.81520
361.05000 -55.37959 0.82656
361.10000 -55.35493 0.81582
361.15000 -55.35986 0.81037
361.20000 -55.38452 0.80130
361.25000 -55.36973 0.82124
361.30000 -55.39274 0.81667
361.35000 -55.37630 0.82733
361.40000 -55.36973 0.82855
361.45000 -55.39603 0.82228
361.50000 -55.39110 0.80974
361.55000 -55.39603 0.81679
361.60000 -55.39274 0.83172
361.65000 -55.39932 0.82425
361.70000 -55.41412 0.81980
361.75000 -55.40754 0.84243
361.80000 -55.42069 0.84495
361.85000 -55.40425 0.83727
361.90000 -55.41741 0.82095
361.95000 -55.42563 0.83472
362.00000 -55.40261 0.83382
362.05000 -55.40425 0.82315
362.10000 -55.40425 0.82114
362.15000 -55.41576 0.81753
362.20000 -55.39603 0.81057
362.25000 -55.40919 0.83090
362.30000 -55.42398 0.81499
362.35000 -55.41083 0.81913
362.40000 -55.40919 0.83588
362.45000 -55.39439 0.82062
362.50000 -55.40425 0.81989
362.55000 -55.40590 0.82028
362.60000 -55.38946 0.81938
362.65000 -55.38617 0.82992
362.70000 -55.39439 0.83055
362.75000 -55.39932 0.83434
362.80000 -55.38123 0.82727
362.85000 -55.38617 0.82621
362.90000 -55.37959 0.82373
362.95000 -55.38288 0.84653
363.00000 -55.38123 0.83773
363.05000 -55.37959 0.84231
363.10000 -55.37301 0.84630
363.15000 -55.37959 0.82862
363.20000 -55.38123 0.82885
363.25000 -55.37630 0.84246
363.30000 -55.36315 0.83866
363.35000 -55.36808 0.84470
363.40000 -55.36150 0.83574
363.45000 -55.37795 0.85149
363.50000 -55.37795 0.83550
363.55000 -55.36644 0.83985
363.60000 -55.37466 0.85130
363.65000 -55.36479 0.85064
363.70000 -55.38123 0.84886
363.75000 -55.37795 0.84100
363.80000 -55.35000 0.83571
363.85000 -55.35657 0.85427
363.90000 -55.35328 0.83913
363.95000 -55.37301 0.84644
364.00000 -55.37301 0.85120
364.05000 -55.37630 0.82354
364.10000 -55.39274 0.81868
364.15000 -55.36808 0.82493
364.20000 -55.36808 0.84443
364.25000 -55.38946 0.82850
364.30000 -55.36315 0.83075
364.35000 -55.35493 0.83397
364.40000 -55.36973 0.83423
364.45000 -55.37795 0.83455
364.50000 -55.36150 0.83799
364.55000 -55.40919 0.81924
364.60000 -55.40096 0.84267
364.65000 -55.39768 0.83197
364.70000 -55.39274 0.82450
364.75000 -55.39274 0.82692
364.80000 -55.36808 0.81570
364.85000 -55.38288 0.83625
364.90000 -55.35986 0.83561
364.95000 -55.37466 0.84209
365.00000 -55.37630 0.82747
365.05000 -55.38288 0.82619
365.10000 -55.39110 0.84057
365.15000 -55.38617 0.84413
365.20000 -55.38781 0.83554
365.25000 -55.37795 0.83134
365.30000 -55.36808 0.82265
365.35000 -55.36644 0.82501
365.40000 -55.38946 0.81834
365.45000 -55.38946 0.82898
365.50000 -55.37137 0.81753
365.55000 -55.35822 0.81485
365.60000 -55.37630 0.81373
365.65000 -55.35657 0.80812
365.70000 -55.36479 0.81706
365.75000 -55.35657 0.83165
365.80000 -55.37795 0.82550
365.85000 -55.38946 0.81604
365.90000 -55.37137 0.83312
365.95000 -55.35822 0.85100
366.00000 -55.37959 0.83519
366.05000 -55.36479 0.83422
366.10000 -55.37630 0.83213
366.15000 -55.38123 0.85952
366.20000 -55.36479 0.84715
366.25000 -55.37630 0.83315
366.30000 -55.38288 0.82190
366.35000 -55.39603 0.84062
366.40000 -55.37630 0.83192
366.45000 -55.39439 0.83676
366.50000 -55.38617 0.83825
366.55000 -55.39603 0.84817
366.60000 -55.39110 0.84043
366.65000 -55.37630 0.83090
366.70000 -55.39274 0.84624
366.75000 -55.38781 0.84529
366.80000 -55.40919 0.85799
366.85000 -55.39110 0.84354
366.90000 -55.39439 0.85039
366.95000 -55.39110 0.83329
367.00000 -55.40261 0.82193
367.05000 -55.41247 0.82628
367.10000 -55.38123 0.83983
367.15000 -55.38946 0.83281
367.20000 -55.38946 0.85180
367.25000 -55.40425 0.84902
367.30000 -55.39768 0.86694
367.35000 -55.39768 0.84983
367.40000 -55.37795 0.85868
367.45000 -55.37137 0.87724
367.50000 -55.36808 0.88574
367.55000 -55.38123 0.85601
367.60000 -55.36644 0.86337
367.65000 -55.37630 0.86519
367.70000 -55.39603 0.87075
367.75000 -55.38781 0.87017
367.80000 -55.37795 0.86686
367.85000 -55.37466 0.84283
367.90000 -55.39932 0.84012
367.95000 -55.40261 0.84474
368.00000 -55.38617 0.85179
368.05000 -55.37630 0.86071
368.10000 -55.37959 0.86524
368.15000 -55.39439 0.84959
368.20000 -55.39439 0.86722
368.25000 -55.38946 0.87455
368.30000 -55.37959 0.86649
368.35000 -55.39439 0.86873
368.40000 -55.38123 0.84913
368.45000 -55.38123 0.85214
368.50000 -55.38123 0.84645
368.55000 -55.39110 0.84415
368.60000 -55.38946 0.87122
368.65000 -55.39274 0.87285
368.70000 -55.39110 0.87741
368.75000 -55.39274 0.85945
368.80000 -55.39603 0.85924
368.85000 -55.36479 0.86154
368.90000 -55.38946 0.86104
368.95000 -55.37630 0.86123
369.00000 -55.36479 0.86306
369.05000 -55.36315 0.85678
369.10000 -55.38123 0.87767
369.15000 -55.36479 0.87270
369.20000 -55.39768 0.86569
369.25000 -55.39274 0.85819
369.30000 -55.38617 0.85199
369.35000 -55.39768 0.86740
369.40000 -55.40261 0.86234
369.45000 -55.39274 0.87122
369.50000 -55.40261 0.86465
369.55000 -55.39439 0.82629
369.60000 -55.37301 0.83227
369.65000 -55.40096 0.86316
369.70000 -55.40919 0.84765
369.75000 -55.41247 0.84481
369.80000 -55.39603 0.85005
369.85000 -55.40754 0.84694
369.90000 -55.43549 0.83212
369.95000 -55.43056 0.84614
370.00000 -55.41741 0.86628
370.05000 -55.40425 0.86403
370.10000 -55.40096 0.86309
370.15000 -55.41741 0.84890
370.20000 -55.42398 0.83076
370.25000 -55.42234 0.85180
370.30000 -55.40919 0.85739
370.35000 -55.41247 0.84150
370.40000 -55.41576 0.85576
370.45000 -55.41247 0.84407
370.50000 -55.41083 0.85270
370.55000 -55.40919 0.84077
370.60000 -55.41247 0.87147
370.65000 -55.43385 0.84658
370.70000 -55.42234 0.86229
370.75000 -55.41083 0.86206
370.80000 -55.42727 0.87506
370.85000 -55.42892 0.86353
370.90000 -55.43385 0.85700
370.95000 -55.44042 0.86186
371.00000 -55.42398 0.88090
371.05000 -55.42234 0.88361
371.10000 -55.43056 0.88301
371.15000 -55.41741 0.86576
371.20000 -55.42398 0.87870
371.25000 -55.42563 0.87507
371.30000 -55.41741 0.88648
371.35000 -55.41083 0.87724
371.40000 -55.42563 0.86742
371.45000 -55.42727 0.87708
371.50000 -55.42234 0.89252
371.55000 -55.44371 0.87808
371.60000 -55.43056 0.87211
371.65000 -55.43878 0.88676
371.70000 -55.43220 0.87795
371.75000 -55.44207 0.88271
371.80000 -55.42892 0.88559
371.85000 -55.44042 0.88647
371.90000 -55.44865 0.88486
371.95000 -55.42563 0.89079
372.00000 -55.41247 0.89193
372.05000 -55.41905 0.86800
372.10000 -55.41412 0.90008
372.15000 -55.40754 0.90219
372.20000 -55.42727 0.88945
372.25000 -55.41905 0.87934
372.30000 -55.42892 0.88218
372.35000 -55.44700 0.89793
372.40000 -55.42398 0.89099
372.45000 -55.43549 0.91212
372.50000 -55.43220 0.89382
372.55000 -55.43220 0.90602
372.60000 -55.41576 0.91831
372.65000 -55.40754 0.90591
372.70000 -55.42398 0.91188
372.75000 -55.41247 0.90479
372.80000 -55.41247 0.89556
372.85000 -55.41741 0.88962
372.90000 -55.44207 0.90197
372.95000 -55.41905 0.89626
373.00000 -55.40754 0.89947
373.05000 -55.41576 0.91980
373.10000 -55.41083 0.92443
373.15000 -55.43549 0.90993
373.20000 -55.42727 0.92483
373.25000 -55.43220 0.91347
373.30000 -55.40754 0.92683
373.35000 -55.41576 0.90477
373.40000 -55.39768 0.93777
373.45000 -55.41412 0.93354
373.50000 -55.44042 0.91851
373.55000 -55.43385 0.90914
373.60000 -55.42727 0.92385
373.65000 -55.43385 0.90939
373.70000 -55.44042 0.90760
373.75000 -55.44042 0.90960
373.80000 -55.43220 0.90797
373.85000 -55.42727 0.88753
373.90000 -55.41905 0.88739
373.95000 -55.43056 0.87244
374.00000 -55.43714 0.90345
374.05000 -55.44042 0.88859
374.10000 -55.45193 0.87972
374.15000 -55.43056 0.87485
374.20000 -55.43549 0.89346
374.25000 -55.44371 0.87639
374.30000 -55.44865 0.89959
374.35000 -55.43385 0.90443
374.40000 -55.39932 0.88544
374.45000 -55.41905 0.87525
374.50000 -55.42727 0.86984
374.55000 -55.42892 0.86399
374.60000 -55.42398 0.89932
374.65000 -55.44371 0.89191
374.70000 -55.45029 0.89802
374.75000 -55.41741 0.89847
374.80000 -55.42234 0.88612
374.85000 -55.39932 0.89191
374.90000 -55.43549 0.88282
374.95000 -55.43220 0.90225
375.00000 -55.43056 0.87224
375.05000 -55.43385 0.88568
375.10000 -55.45029 0.88455
375.15000 -55.43878 0.90241
375.20000 -55.43714 0.90753
375.25000 -55.44207 0.90832
375.30000 -55.42563 0.90512
375.35000 -55.42892 0.89168
375.40000 -55.41576 0.88209
375.45000 -55.42069 0.88624
375.50000 -55.42398 0.86841
375.55000 -55.42892 0.87401
375.60000 -55.41576 0.87340
375.65000 -55.41576 0.87099
375.70000 -55.43878 0.89900
375.75000 -55.43549 0.89569
375.80000 -55.43714 0.89114
375.85000 -55.43385 0.88510
375.90000 -55.42727 0.90001
375.95000 -55.43056 0.90333
376.00000 -55.44207 0.89665
376.05000 -55.45358 0.88913
376.10000 -55.44042 0.86713
376.15000 -55.44207 0.88599
376.20000 -55.43714 0.87944
376.25000 -55.44865 0.88260
376.30000 -55.45522 0.88393
376.35000 -55.44700 0.88606
376.40000 -55.46344 0.89676
376.45000 -55.44536 0.90215
376.50000 -55.45029 0.87563
376.55000 -55.45522 0.89207
376.60000 -55.44700 0.87018
376.65000 -55.46509 0.87782
376.70000 -55.46673 0.86763
376.75000 -55.46015 0.88090
376.80000 -55.46673 0.87149
376.85000 -55.48153 0.84107
376.90000 -55.45522 0.83887
376.95000 -55.45851 0.86236
377.00000 -55.44536 0.85804
377.05000 -55.44042 0.85430
377.10000 -55.44042 0.85796
377.15000 -55.45029 0.86022
377.20000 -55.43878 0.85527
377.25000 -55.45687 0.85080
377.30000 -55.45522 0.84771
377.35000 -55.45193 0.87173
377.40000 -55.45029 0.87478
377.45000 -55.43878 0.87844
377.50000 -55.44700 0.87051
377.55000 -55.46509 0.84734
377.60000 -55.45358 0.85865
377.65000 -55.45522 0.88168
377.70000 -55.45029 0.86681
377.75000 -55.47331 0.85988
377.80000 -55.47166 0.85699
377.85000 -55.48153 0.86627
377.90000 -55.48975 0.86374
377.95000 -55.48646 0.86919
378.00000 -55.48646 0.88083
378.05000 -55.46673 0.87371
378.10000 -55.47660 0.85576
378.15000 -55.48317 0.85091
378.20000 -55.47495 0.85660
378.25000 -55.48811 0.86453
378.30000 -55.47331 0.84546
378.35000 -55.46180 0.84488
378.40000 -55.46673 0.85886
378.45000 -55.46838 0.84696
378.50000 -55.46509 0.85289
378.55000 -55.47988 0.85607
378.60000 -55.48646 0.85845
378.65000 -55.46673 0.88136
378.70000 -55.46344 0.86015
378.75000 -55.47002 0.85709
378.80000 -55.47495 0.86545
378.85000 -55.47166 0.86893
378.90000 -55.46509 0.84841
378.95000 -55.46673 0.85534
379.00000 -55.47166 0.86110
379.05000 -55.46180 0.86116
379.10000 -55.48317 0.87172
379.15000 -55.48975 0.85000
379.20000 -55.49961 0.86237
379.25000 -55.50290 0.87555
379.30000 -55.48975 0.87461
379.35000 -55.50455 0.85826
379.40000 -55.49961 0.86032
379.45000 -55.49304 0.87493
379.50000 -55.49961 0.87038
379.55000 -55.49633 0.84183
379.60000 -55.49468 0.87042
379.65000 -55.49961 0.85294
379.70000 -55.45687 0.88329
379.75000 -55.47824 0.86853
379.80000 -55.49304 0.86116
379.85000 -55.49633 0.85338
379.90000 -55.49304 0.85460
379.95000 -55.48975 0.86420
380.00000 -55.49797 0.86660
380.05000 -55.48975 0.87591
380.10000 -55.49797 0.86725
380.15000 -55.50784 0.88393
380.20000 -55.49961 0.86959
380.25000 -55.49961 0.85667
380.30000 -55.49633 0.87061
380.35000 -55.50126 0.88082
380.40000 -55.48975 0.86854
380.45000 -55.49139 0.88631
380.50000 -55.47660 0.88170
380.55000 -55.47495 0.87076
380.60000 -55.48317 0.87348
380.65000 -55.47331 0.87906
380.70000 -55.46344 0.87693
380.75000 -55.48317 0.85922
380.80000 -55.48317 0.85896
380.85000 -55.47002 0.86561
380.90000 -55.46180 0.87616
380.95000 -55.46344 0.88571
381.00000 -55.45687 0.89124
381.05000 -55.45029 0.86976
381.10000 -55.46015 0.85426
381.15000 -55.49961 0.84550
381.20000 -55.47495 0.83274
381.25000 -55.47166 0.82278
381.30000 -55.47824 0.81141
381.35000 -55.46838 0.82511
381.40000 -55.45029 0.85091
381.45000 -55.45029 0.83320
381.50000 -55.45522 0.83785
381.55000 -55.46509 0.84384
381.60000 -55.47331 0.83755
381.65000 -55.47660 0.85283
381.70000 -55.47002 0.85316
381.75000 -55.43714 0.83516
381.80000 -55.47166 0.84993
381.85000 -55.45193 0.85505
381.90000 -55.46509 0.85795
381.95000 -55.47331 0.86114
382.00000 -55.47331 0.83571
382.05000 -55.48317 0.84169
382.10000 -55.47988 0.83678
382.15000 -55.47660 0.85729
382.20000 -55.47495 0.85713
382.25000 -55.46838 0.85692
382.30000 -55.45687 0.83042
382.35000 -55.45193 0.82944
382.40000 -55.45358 0.84077
382.45000 -55.49304 0.81289
382.50000 -55.48482 0.80726
382.55000 -55.47660 0.82784
382.60000 -55.48811 0.83758
382.65000 -55.48811 0.85819
382.70000 -55.47331 0.84378
382.75000 -55.45522 0.82781
382.80000 -55.48317 0.83986
382.85000 -55.48317 0.84782
382.90000 -55.47660 0.83353
382.95000 -55.46673 0.82071
383.00000 -55.47988 0.82844
383.05000 -55.48317 0.83599
383.10000 -55.47988 0.82112
383.15000 -55.47495 0.82284
383.20000 -55.45687 0.83021
383.25000 -55.46344 0.85211
383.30000 -55.47331 0.84432
383.35000 -55.46180 0.82214
383.40000 -55.45851 0.82333
383.45000 -55.47002 0.82467
383.50000 -55.46838 0.81358
383.55000 -55.47331 0.82267
383.60000 -55.46838 0.83314
383.65000 -55.46838 0.83102
383.70000 -55.46180 0.82290
383.75000 -55.44865 0.82239
383.80000 -55.45358 0.83805
383.85000 -55.44371 0.84154
383.90000 -55.47331 0.86949
383.95000 -55.45193 0.84521
384.00000 -55.45687 0.84630
384.05000 -55.47495 0.83962
384.10000 -55.46673 0.83337
384.15000 -55.46180 0.84568
384.20000 -55.45522 0.84771
384.25000 -55.45522 0.86084
384.30000 -55.45851 0.84859
384.35000 -55.45029 0.85498
384.40000 -55.45851 0.85573
384.45000 -55.44865 0.84673
384.50000 -55.45193 0.83253
384.55000 -55.44865 0.85556
384.60000 -55.43878 0.85640
384.65000 -55.43385 0.85020
384.70000 -55.43878 0.85240
384.75000 -55.44700 0.86986
384.80000 -55.45358 0.84327
384.85000 -55.47495 0.84805
384.90000 -55.47331 0.83483
384.95000 -55.44700 0.84294
385.00000 -55.44371 0.82536
385.05000 -55.45851 0.83602
385.10000 -55.46015 0.84252
385.15000 -55.45687 0.84886
385.20000 -55.43385 0.85127
385.25000 -55.45193 0.84353
385.30000 -55.45522 0.85865
385.35000 -55.46673 0.84125
385.40000 -55.48975 0.85327
385.45000 -55.47331 0.84128
385.50000 -55.45687 0.84449
385.55000 -55.48153 0.85782
385.60000 -55.49139 0.85985
385.65000 -55.47166 0.85733
385.70000 -55.47988 0.86999
385.75000 -55.45851 0.86801
385.80000 -55.44536 0.86656
385.85000 -55.46344 0.85591
385.90000 -55.46838 0.87830
385.95000 -55.44700 0.84759
386.00000 -55.47660 0.84955
386.05000 -55.46509 0.84908
386.10000 -55.47166 0.84758
386.15000 -55.46673 0.83820
386.20000 -55.48975 0.83193
386.25000 -55.47988 0.84839
386.30000 -55.48317 0.83368
386.35000 -55.46180 0.81679
386.40000 -55.47166 0.82836
386.45000 -55.48153 0.83509
386.50000 -55.47002 0.84114
386.55000 -55.46838 0.83587
386.60000 -55.45851 0.83049
386.65000 -55.46180 0.82951
386.70000 -55.45851 0.84145
386.75000 -55.47166 0.83622
386.80000 -55.45358 0.83731
386.85000 -55.44042 0.83673
386.90000 -55.43878 0.84624
386.95000 -55.44865 0.85216
387.00000 -55.46180 0.84810
387.05000 -55.47166 0.83894
387.10000 -55.46180 0.83539
387.15000 -55.45522 0.82174
387.20000 -55.45358 0.83669
387.25000 -55.45687 0.83534
387.30000 -55.47495 0.82132
387.35000 -55.46673 0.81346
387.40000 -55.48153 0.83031
387.45000 -55.47988 0.82651
387.50000 -55.46838 0.84191
387.55000 -55.47660 0.83571
387.60000 -55.45851 0.83206
387.65000 -55.46344 0.83005
387.70000 -55.48153 0.82660
387.75000 -55.47331 0.83128
387.80000 -55.45193 0.82628
387.85000 -55.44865 0.82467
387.90000 -55.46015 0.82760
387.95000 -55.44371 0.82515
388.00000 -55.45029 0.81112
388.05000 -55.44700 0.84179
388.10000 -55.43714 0.82391
388.15000 -55.44536 0.82532
388.20000 -55.45029 0.84068
388.25000 -55.43385 0.82596
388.30000 -55.42563 0.84664
388.35000 -55.44207 0.85193
388.40000 -55.44536 0.84299
388.45000 -55.44207 0.84388
388.50000 -55.45193 0.82786
388.55000 -55.44865 0.82756
388.60000 -55.45029 0.83661
388.65000 -55.44536 0.82580
388.70000 -55.45851 0.83745
388.75000 -55.45193 0.85172
388.80000 -55.45193 0.85031
388.85000 -55.47166 0.86190
388.90000 -55.45358 0.84959
388.95000 -55.46015 0.84104
389.00000 -55.46015 0.83758
389.05000 -55.46838 0.82869
389.10000 -55.45358 0.85273
389.15000 -55.44536 0.84582
389.20000 -55.42398 0.82595
389.25000 -55.43220 0.81572
389.30000 -55.42069 0.82925
389.35000 -55.42234 0.82808
389.40000 -55.42069 0.80635
389.45000 -55.41576 0.82163
389.50000 -55.42069 0.82835
389.55000 -55.42234 0.82581
389.60000 -55.42234 0.81177
389.65000 -55.40590 0.80289
389.70000 -55.40754 0.80949
389.75000 -55.41576 0.80780
389.80000 -55.41247 0.80684
389.85000 -55.39274 0.82692
389.90000 -55.40754 0.80094
389.95000 -55.38781 0.80776
390.00000 -55.41741 0.79710
390.05000 -55.39439 0.80437
390.10000 -55.41247 0.81232
390.15000 -55.39932 0.82266
390.20000 -55.39768 0.79065
390.25000 -55.40096 0.79363
390.30000 -55.39439 0.80012
390.35000 -55.41412 0.78917
390.40000 -55.39274 0.77534
390.45000 -55.40425 0.74962
390.50000 -55.39274 0.79606
390.55000 -55.37466 0.77442
390.60000 -55.38946 0.75684
390.65000 -55.38946 0.77490
390.70000 -55.38123 0.77417
390.75000 -55.38617 0.76847
390.80000 -55.38946 0.77497
390.85000 -55.38946 0.76871
390.90000 -55.39439 0.79211
390.95000 -55.37630 0.81163
391.00000 -55.39439 0.77907
391.05000 -55.40754 0.76048
391.10000 -55.40425 0.76018
391.15000 -55.42234 0.78068
391.20000 -55.41083 0.75114
391.25000 -55.41083 0.76607
391.30000 -55.38452 0.76831
391.35000 -55.39768 0.76318
391.40000 -55.39603 0.78379
391.45000 -55.38452 0.74560
391.50000 -55.40754 0.75175
391.55000 -55.39274 0.75285
391.60000 -55.39932 0.75958
391.65000 -55.38617 0.76743
391.70000 -55.37959 0.74233
391.75000 -55.38781 0.75004
391.80000 -55.38452 0.74568
391.85000 -55.38123 0.74549
391.90000 -55.40096 0.74174
391.95000 -55.40590 0.74898
392.00000 -55.40096 0.76797
392.05000 -55.38617 0.74371
392.10000 -55.40754 0.74054
392.15000 -55.37795 0.74230
392.20000 -55.38781 0.74951
392.25000 -55.38452 0.74101
392.30000 -55.38781 0.72919
392.35000 -55.36973 0.71761
392.40000 -55.39439 0.74211
392.45000 -55.40261 0.73902
392.50000 -55.38452 0.74277
392.55000 -55.38288 0.75212
392.60000 -55.38288 0.75167
392.65000 -55.38617 0.75064
392.70000 -55.39110 0.76856
392.75000 -55.39274 0.76097
392.80000 -55.38123 0.74869
392.85000 -55.40754 0.75515
392.90000 -55.38781 0.77239
392.95000 -55.40919 0.76044
393.00000 -55.42234 0.75285
393.05000 -55.40261 0.74615
393.10000 -55.39439 0.77885
393.15000 -55.39603 0.76185
393.20000 -55.40919 0.75767
393.25000 -55.40096 0.76180
393.30000 -55.41083 0.76160
393.35000 -55.42069 0.75496
393.40000 -55.41247 0.72964
393.45000 -55.40096 0.74503
393.50000 -55.39932 0.73467
393.55000 -55.40425 0.72225
393.60000 -55.40425 0.74061
393.65000 -55.40425 0.74076
393.70000 -55.39274 0.74042
393.75000 -55.40096 0.72246
393.80000 -55.41412 0.74235
393.85000 -55.40261 0.72093
393.90000 -55.38288 0.71948
393.95000 -55.38617 0.73050
394.00000 -55.37137 0.73319
394.05000 -55.38781 0.72158
394.10000 -55.38946 0.76037
394.15000 -55.38617 0.73299
394.20000 -55.37301 0.73417
394.25000 -55.39274 0.74601
394.30000 -55.38123 0.72592
394.35000 -55.35657 0.72872
394.40000 -55.39768 0.75907
394.45000 -55.38946 0.75759
394.50000 -55.39274 0.75239
394.55000 -55.36315 0.73948
394.60000 -55.36315 0.72078
394.65000 -55.38617 0.75124
394.70000 -55.39110 0.74967
394.75000 -55.37301 0.75103
394.80000 -55.36479 0.73646
394.85000 -55.37137 0.74574
394.90000 -55.37137 0.72098
394.95000 -55.37630 0.74456
395.00000 -55.39110 0.73301
395.05000 -55.36150 0.72378
395.10000 -55.36644 0.73296
395.15000 -55.38617 0.73817
395.20000 -55.38617 0.72361
395.25000 -55.38452 0.73205
395.30000 -55.37301 0.73402
395.35000 -55.36973 0.75102
395.40000 -55.35657 0.73518
395.45000 -55.35328 0.76275
395.50000 -55.36315 0.73995
395.55000 -55.37301 0.74234
395.60000 -55.35657 0.73788
395.65000 -55.37301 0.75277
395.70000 -55.36808 0.75013
395.75000 -55.34671 0.76780
395.80000 -55.36644 0.77110
395.85000 -55.36479 0.72368
395.90000 -55.35657 0.73564
395.95000 -55.35822 0.71238
396.00000 -55.35822 0.73912
396.05000 -55.35493 0.72118
396.10000 -55.36150 0.72934
396.15000 -55.37301 0.72606
396.20000 -55.37301 0.74716
396.25000 -55.37137 0.74597
396.30000 -55.37301 0.74096
396.35000 -55.38288 0.75499
396.40000 -55.37466 0.74292
396.45000 -55.37959 0.72746
396.50000 -55.37630 0.71945
396.55000 -55.38288 0.73884
396.60000 -55.39768 0.74032
396.65000 -55.38288 0.73273
396.70000 -55.38288 0.74114
396.75000 -55.37959 0.72542
396.80000 -55.37630 0.74502
396.85000 -55.37795 0.76570
396.90000 -55.39932 0.73621
396.95000 -55.38617 0.72566
397.00000 -55.37137 0.73273
397.05000 -55.38617 0.74562
397.10000 -55.38123 0.73666
397.15000 -55.38946 0.72261
397.20000 -55.40425 0.73467
397.25000 -55.37630 0.75209
397.30000 -55.37301 0.72095
397.35000 -55.38123 0.72293
397.40000 -55.36150 0.74103
397.45000 -55.37630 0.71961
397.50000 -55.37795 0.71893
397.55000 -55.36973 0.72519
397.60000 -55.37959 0.72581
397.65000 -55.37301 0.73262
397.70000 -55.38946 0.72379
397.75000 -55.39603 0.74904
397.80000 -55.38288 0.75612
397.85000 -55.37301 0.75209
397.90000 -55.35986 0.72880
397.95000 -55.35000 0.76055
398.00000 -55.37959 0.75983
398.05000 -55.39110 0.76328
398.10000 -55.37301 0.75820
398.15000 -55.37466 0.74834
398.20000 -55.39603 0.73841
398.25000 -55.40096 0.75210
398.30000 -55.38617 0.76424
398.35000 -55.39274 0.75617
398.40000 -55.38617 0.76832
398.45000 -55.38123 0.77211
398.50000 -55.39274 0.75421
398.55000 -55.41083 0.77699
398.60000 -55.41576 0.74719
398.65000 -55.39603 0.74523
398.70000 -55.40096 0.77381
398.75000 -55.40919 0.75797
398.80000 -55.38946 0.76074
398.85000 -55.39110 0.74456
398.90000 -55.38781 0.75337
398.95000 -55.41741 0.74231
399.00000 -55.40261 0.74790
399.05000 -55.40919 0.75224
399.10000 -55.38452 0.73993
399.15000 -55.40425 0.74924
399.20000 -55.39439 0.76246
399.25000 -55.40096 0.74640
399.30000 -55.41412 0.73635
399.35000 -55.41412 0.74495
399.40000 -55.40919 0.74318
399.45000 -55.40425 0.74985
399.50000 -55.40425 0.75529
399.55000 -55.41412 0.77923
399.60000 -55.41247 0.77002
399.65000 -55.43056 0.76616
399.70000 -55.41412 0.76486
399.75000 -55.41083 0.77096
399.80000 -55.43056 0.78545
399.85000 -55.42069 0.77276
399.90000 -55.40590 0.75489
399.95000 -55.43220 0.77815
400.00000 -55.40425 0.77896
400.05000 -55.41905 0.79475
400.10000 -55.41576 0.77486
400.15000 -55.44371 0.76785
400.20000 -55.44042 0.76749
400.25000 -55.42069 0.76811
400.30000 -55.43220 0.78035
400.35000 -55.43056 0.77817
400.40000 -55.41905 0.77796
400.45000 -55.43056 0.75320
400.50000 -55.41741 0.76564
400.55000 -55.42234 0.78272
400.60000 -55.39932 0.79351
400.65000 -55.41905 0.78951
400.70000 -55.43714 0.78399
400.75000 -55.43549 0.79181
400.80000 -55.43056 0.77384
400.85000 -55.43549 0.78503
400.90000 -55.44536 0.79468
400.95000 -55.41905 0.78343
401.00000 -55.42727 0.78424
401.05000 -55.41905 0.77650
401.10000 -55.41741 0.78240
401.15000 -55.43056 0.78218
401.20000 -55.43385 0.78483
401.25000 -55.42234 0.79998
401.30000 -55.41741 0.79281
401.35000 -55.41905 0.78445
401.40000 -55.41905 0.79404
401.45000 -55.43220 0.79972
401.50000 -55.42234 0.81093
401.55000 -55.42398 0.80622
401.60000 -55.41905 0.80775
401.65000 -55.42563 0.80090
401.70000 -55.42069 0.78692
401.75000 -55.41741 0.79917
401.80000 -55.43220 0.80079
401.85000 -55.43220 0.79537
401.90000 -55.44536 0.79382
401.95000 -55.45029 0.79151
402.00000 -55.44371 0.79552
402.05000 -55.44207 0.79283
402.10000 -55.42069 0.77504
402.15000 -55.42727 0.77973
402.20000 -55.43220 0.80107
402.25000 -55.44042 0.80639
402.30000 -55.44865 0.80984
402.35000 -55.43714 0.81145
402.40000 -55.41576 0.79465
402.45000 -55.41412 0.81192
402.50000 -55.43714 0.80193
402.55000 -55.43220 0.80610
402.60000 -55.45029 0.77744
402.65000 -55.44865 0.77720
402.70000 -55.43878 0.77505
402.75000 -55.43385 0.76716
402.80000 -55.44371 0.76324
402.85000 -55.42727 0.78351
402.90000 -55.43549 0.76795
402.95000 -55.43714 0.75015
403.00000 -55.42563 0.75955
403.05000 -55.41247 0.77098
403.10000 -55.43714 0.74825
403.15000 -55.42234 0.76782
403.20000 -55.40754 0.75319
403.25000 -55.43056 0.75199
403.30000 -55.41247 0.73346
403.35000 -55.41576 0.75159
403.40000 -55.40425 0.75061
403.45000 -55.41741 0.73909
403.50000 -55.37959 0.74623
403.55000 -55.38288 0.71798
403.60000 -55.40261 0.76289
403.65000 -55.40919 0.75556
403.70000 -55.39439 0.76149
403.75000 -55.42069 0.73571
403.80000 -55.42727 0.73649
403.85000 -55.38946 0.75406
403.90000 -55.37795 0.77361
403.95000 -55.41741 0.76534
404.00000 -55.42234 0.77314
404.05000 -55.41083 0.77998
404.10000 -55.42398 0.78758
404.15000 -55.42069 0.76425
404.20000 -55.41905 0.78864
404.25000 -55.40754 0.76563
404.30000 -55.42069 0.78952
404.35000 -55.43385 0.79463
404.40000 -55.41247 0.77165
404.45000 -55.42398 0.76574
404.50000 -55.41905 0.77891
404.55000 -55.41741 0.78349
404.60000 -55.40590 0.77622
404.65000 -55.36973 0.75961
404.70000 -55.38288 0.79178
404.75000 -55.37959 0.78604
404.80000 -55.38452 0.81378
404.85000 -55.40096 0.79220
404.90000 -55.41247 0.80557
404.95000 -55.37466 0.79938
405.00000 -55.39603 0.79719
405.05000 -55.38781 0.78627
405.10000 -55.39932 0.79880
405.15000 -55.38781 0.79376
405.20000 -55.37466 0.80942
405.25000 -55.36315 0.79059
405.30000 -55.38123 0.78881
405.35000 -55.35986 0.80424
405.40000 -55.37630 0.81030
405.45000 -55.39439 0.81694
405.50000 -55.40425 0.80214
405.55000 -55.38452 0.80950
405.60000 -55.38781 0.79612
405.65000 -55.38123 0.79749
405.70000 -55.39932 0.79637
405.75000 -55.39932 0.79422
405.80000 -55.41741 0.80024
405.85000 -55.42069 0.79755
405.90000 -55.37630 0.79941
405.95000 -55.40754 0.79136
406.00000 -55.40096 0.79635
406.05000 -55.39603 0.81148
406.10000 -55.38946 0.80466
406.15000 -55.36644 0.80674
406.20000 -55.37630 0.78345
406.25000 -55.39274 0.78185
406.30000 -55.38452 0.78805
406.35000 -55.38288 0.78674
406.40000 -55.36644 0.80426
406.45000 -55.39110 0.81443
406.50000 -55.38781 0.80755
406.55000 -55.38781 0.78409
406.60000 -55.38617 0.79811
406.65000 -55.37301 0.81002
406.70000 -55.35986 0.81100
406.75000 -55.36973 0.80146
406.80000 -55.36973 0.79818
406.85000 -55.37630 0.78075
406.90000 -55.39603 0.80507
406.95000 -55.38946 0.78664
407.00000 -55.38617 0.76706
407.05000 -55.37795 0.77874
407.10000 -55.39768 0.80244
407.15000 -55.39274 0.78163
407.20000 -55.40261 0.79153
407.25000 -55.37959 0.78655
407.30000 -55.38946 0.79741
407.35000 -55.38452 0.81420
407.40000 -55.37795 0.79823
407.45000 -55.39274 0.80854
407.50000 -55.37795 0.80730
407.55000 -55.40096 0.79778
407.60000 -55.38123 0.78636
407.65000 -55.39932 0.78905
407.70000 -55.41905 0.77804
407.75000 -55.39274 0.78967
407.80000 -55.42069 0.79976
407.85000 -55.39768 0.79774
407.90000 -55.38288 0.82059
407.95000 -55.38781 0.80600
408.00000 -55.38617 0.81477
408.05000 -55.39768 0.81559
408.10000 -55.40590 0.80861
408.15000 -55.39274 0.81562
408.20000 -55.40754 0.82771
408.25000 -55.37137 0.82080
408.30000 -55.38452 0.81622
408.35000 -55.38617 0.81106
408.40000 -55.35986 0.80657
408.45000 -55.37466 0.79574
408.50000 -55.36315 0.79989
408.55000 -55.36808 0.81723
408.60000 -55.38452 0.82730
408.65000 -55.36644 0.82100
408.70000 -55.35493 0.80910
408.75000 -55.34013 0.79491
408.80000 -55.35493 0.81680
408.85000 -55.33849 0.79594
408.90000 -55.36315 0.77415
408.95000 -55.36479 0.78610
409.00000 -55.37301 0.78236
409.05000 -55.36808 0.78512
409.10000 -55.35822 0.77688
409.15000 -55.35493 0.76268
409.20000 -55.35493 0.76640
409.25000 -55.35657 0.77585
409.30000 -55.34835 0.78686
409.35000 -55.35822 0.78888
409.40000 -55.32862 0.78446
409.45000 -55.33684 0.79160
409.50000 -55.35000 0.76488
409.55000 -55.34671 0.76170
409.60000 -55.35493 0.76305
409.65000 -55.35164 0.76266
409.70000 -55.37137 0.76040
409.75000 -55.35328 0.77650
409.80000 -55.33684 0.75192
409.85000 -55.35493 0.76766
409.90000 -55.35164 0.76355
409.95000 -55.35822 0.78148
410.00000 -55.35328 0.78379
410.05000 -55.37466 0.76600
410.10000 -55.38617 0.78088
410.15000 -55.37466 0.77030
410.20000 -55.37137 0.76644
410.25000 -55.37795 0.76770
410.30000 -55.36808 0.75497
410.35000 -55.36808 0.75835
410.40000 -55.38617 0.76260
410.45000 -55.38452 0.77421
410.50000 -55.38781 0.75774
410.55000 -55.36644 0.75582
410.60000 -55.38946 0.75360
410.65000 -55.39274 0.73996
410.70000 -55.39274 0.74204
410.75000 -55.38452 0.74331
410.80000 -55.38123 0.76322
410.85000 -55.38288 0.76257
410.90000 -55.39768 0.75554
410.95000 -55.39439 0.71412
411.00000 -55.41576 0.73498
411.05000 -55.42069 0.73463
411.10000 -55.40919 0.72724
411.15000 -55.41247 0.72988
411.20000 -55.42727 0.71269
411.25000 -55.42563 0.73044
411.30000 -55.42234 0.72747
411.35000 -55.41412 0.72889
411.40000 -55.41247 0.75268
411.45000 -55.44207 0.73075
411.50000 -55.41576 0.75197
411.55000 -55.43385 0.71462
411.60000 -55.39274 0.72747
411.65000 -55.43056 0.74231
411.70000 -55.40754 0.72759
411.75000 -55.41412 0.74816
411.80000 -55.41083 0.73335
411.85000 -55.41576 0.72876
411.90000 -55.41905 0.73810
411.95000 -55.43878 0.73075
412.00000 -55.42892 0.72086
412.05000 -55.43549 0.72879
412.10000 -55.43714 0.71313
412.15000 -55.43878 0.71874
412.20000 -55.44700 0.73045
412.25000 -55.44536 0.71379
412.30000 -55.43220 0.70896
412.35000 -55.43549 0.72816
412.40000 -55.45358 0.71635
412.45000 -55.45358 0.70933
412.50000 -55.46015 0.70700
412.55000 -55.44700 0.72482
412.60000 -55.46180 0.70996
412.65000 -55.46180 0.70254
412.70000 -55.44536 0.74302
412.75000 -55.46509 0.72280
412.80000 -55.46180 0.70666
412.85000 -55.44700 0.73642
412.90000 -55.47660 0.73490
412.95000 -55.44042 0.73622
413.00000 -55.44207 0.72465
413.05000 -55.45522 0.70628
413.10000 -55.45687 0.72332
413.15000 -55.43549 0.73035
413.20000 -55.44207 0.71771
413.25000 -55.46509 0.74130
413.30000 -55.45193 0.69742
413.35000 -55.42398 0.70208
413.40000 -55.43878 0.74042
413.45000 -55.47166 0.72127
413.50000 -55.46509 0.73459
413.55000 -55.45522 0.71652
413.60000 -55.45029 0.74001
413.65000 -55.45029 0.72061
413.70000 -55.43878 0.74387
413.75000 -55.46344 0.74682
413.80000 -55.46015 0.73416
413.85000 -55.46015 0.75299
413.90000 -55.45358 0.73393
413.95000 -55.44042 0.74353
414.00000 -55.42563 0.71763
414.05000 -55.42234 0.75315
414.10000 -55.42892 0.74897
414.15000 -55.43878 0.73440
414.20000 -55.44371 0.74314
414.25000 -55.44207 0.75790
414.30000 -55.44042 0.72712
414.35000 -55.44700 0.72967
414.40000 -55.44536 0.73717
414.45000 -55.43385 0.73208
414.50000 -55.42727 0.73718
414.55000 -55.41412 0.75828
414.60000 -55.41905 0.74432
414.65000 -55.45193 0.75109
414.70000 -55.42234 0.73207
414.75000 -55.44207 0.73726
414.80000 -55.43714 0.73876
414.85000 -55.43385 0.75134
414.90000 -55.43714 0.74787
414.95000 -55.45193 0.75223
415.00000 -55.45193 0.71872
415.05000 -55.44042 0.73800
415.10000 -55.43056 0.74926
415.15000 -55.43714 0.74076
415.20000 -55.43056 0.77399
415.25000 -55.45522 0.72473
415.30000 -55.45029 0.74698
415.35000 -55.46344 0.73430
415.40000 -55.45193 0.76267
415.45000 -55.44700 0.75112
415.50000 -55.45029 0.75002
415.55000 -55.44536 0.74668
415.60000 -55.43549 0.75336
415.65000 -55.45029 0.76675
415.70000 -55.46015 0.75976
415.75000 -55.44536 0.75623
415.80000 -55.43878 0.74510
415.85000 -55.45193 0.76140
415.90000 -55.43714 0.74245
415.95000 -55.46673 0.72920
416.00000 -55.45029 0.73236
416.05000 -55.43878 0.74464
416.10000 -55.43220 0.72437
416.15000 -55.45193 0.72777
416.20000 -55.44700 0.73851
416.25000 -55.45522 0.74188
416.30000 -55.44536 0.72448
416.35000 -55.44700 0.74434
416.40000 -55.43056 0.73228
416.45000 -55.44371 0.72406
416.50000 -55.43220 0.74222
416.55000 -55.44207 0.72700
416.60000 -55.44042 0.72978
416.65000 -55.43056 0.73762
416.70000 -55.44207 0.75080
416.75000 -55.45029 0.74835
416.80000 -55.45687 0.73858
416.85000 -55.44700 0.73874
416.90000 -55.45029 0.75146
416.95000 -55.45687 0.74860
417.00000 -55.45522 0.73487
417.05000 -55.43385 0.74816
417.10000 -55.42892 0.75434
417.15000 -55.43220 0.76740
417.20000 -55.44042 0.75854
417.25000 -55.42069 0.76900
417.30000 -55.42727 0.76596
417.35000 -55.45358 0.75631
417.40000 -55.45358 0.75939
417.45000 -55.43549 0.74950
417.50000 -55.43714 0.76369
417.55000 -55.42727 0.76648
417.60000 -55.43549 0.76684
417.65000 -55.44207 0.75338
417.70000 -55.43385 0.77923
417.75000 -55.43385 0.76960
417.80000 -55.42234 0.76618
417.85000 -55.42563 0.77805
417.90000 -55.41083 0.77845
417.95000 -55.43714 0.77859
418.00000 -55.45029 0.77333
418.05000 -55.42234 0.78483
418.10000 -55.42892 0.79160
418.15000 -55.42892 0.78510
418.20000 -55.43056 0.80059
418.25000 -55.42234 0.79620
418.30000 -55.42234 0.78750
418.35000 -55.43220 0.77830
418.40000 -55.39932 0.78442
418.45000 -55.41741 0.77575
418.50000 -55.39768 0.77649
418.55000 -55.41741 0.76407
418.60000 -55.39274 0.73239
418.65000 -55.40754 0.75084
418.70000 -55.42892 0.75705
418.75000 -55.43385 0.75127
418.80000 -55.40261 0.75743
418.85000 -55.41576 0.75273
418.90000 -55.41083 0.76503
418.95000 -55.39274 0.76922
419.00000 -55.42234 0.77505
419.05000 -55.41576 0.78013
419.10000 -55.39603 0.76891
419.15000 -55.40096 0.76545
419.20000 -55.37959 0.76103
419.25000 -55.40425 0.77110
419.30000 -55.40096 0.74899
419.35000 -55.41083 0.77633
419.40000 -55.39932 0.77265
419.45000 -55.39768 0.78610
419.50000 -55.40096 0.79198
419.55000 -55.38781 0.78060
419.60000 -55.39603 0.76439
419.65000 -55.38123 0.77733
419.70000 -55.37630 0.76752
419.75000 -55.39603 0.77209
419.80000 -55.39274 0.76752
419.85000 -55.39274 0.77365
419.90000 -55.40590 0.77563
419.95000 -55.39603 0.78001
420.00000 -55.40919 0.77394
420.05000 -55.41905 0.79461
420.10000 -55.40096 0.80134
420.15000 -55.41083 0.78253
420.20000 -55.38288 0.78970
420.25000 -55.39603 0.76980
420.30000 -55.39439 0.78300
420.35000 -55.39932 0.79651
420.40000 -55.39274 0.80395
420.45000 -55.39932 0.81404
420.50000 -55.39932 0.80653
420.55000 -55.38617 0.81407
420.60000 -55.37959 0.82614
420.65000 -55.38288 0.79930
420.70000 -55.38946 0.79962
420.75000 -55.39274 0.81198
420.80000 -55.38123 0.83398
420.85000 -55.38452 0.81845
420.90000 -55.39768 0.81161
420.95000 -55.39768 0.81580
421.00000 -55.39768 0.83060
421.05000 -55.37466 0.82164
421.10000 -55.37795 0.81934
421.15000 -55.37630 0.81660
421.20000 -55.38781 0.81352
421.25000 -55.38946 0.81149
421.30000 -55.37137 0.82522
421.35000 -55.36479 0.83381
421.40000 -55.37301 0.83165
421.45000 -55.37795 0.82846
421.50000 -55.36644 0.81823
421.55000 -55.36150 0.84347
421.60000 -55.36315 0.83791
421.65000 -55.36315 0.83587
421.70000 -55.36644 0.82177
421.75000 -55.38288 0.84848
421.80000 -55.36150 0.84865
421.85000 -55.36644 0.83965
421.90000 -55.34506 0.83673
421.95000 -55.36808 0.84058
422.00000 -55.37137 0.83346
422.05000 -55.36644 0.84982
422.10000 -55.35986 0.82987
422.15000 -55.38452 0.84755
422.20000 -55.39274 0.83847
422.25000 -55.37959 0.84184
422.30000 -55.36973 0.83396
422.35000 -55.39110 0.82285
422.40000 -55.39439 0.83765
422.45000 -55.39439 0.82622
422.50000 -55.39110 0.84778
422.55000 -55.37466 0.84412
422.60000 -55.35493 0.84279
422.65000 -55.36973 0.83709
422.70000 -55.37795 0.84337
422.75000 -55.38617 0.82297
422.80000 -55.38452 0.85697
422.85000 -55.36973 0.83437
422.90000 -55.37301 0.82671
422.95000 -55.37795 0.86377
423.00000 -55.39768 0.84560
423.05000 -55.37795 0.81054
423.10000 -55.38617 0.82656
423.15000 -55.38452 0.83149
423.20000 -55.38123 0.82610
423.25000 -55.38123 0.83378
423.30000 -55.39110 0.82925
423.35000 -55.37795 0.82632
423.40000 -55.37466 0.79931
423.45000 -55.38288 0.78753
423.50000 -55.36808 0.79799
423.55000 -55.35493 0.79024
423.60000 -55.38123 0.78679
423.65000 -55.38452 0.79388
423.70000 -55.37959 0.77767
423.75000 -55.37466 0.78145
423.80000 -55.36644 0.77522
423.85000 -55.36973 0.76684
423.90000 -55.39274 0.80473
423.95000 -55.38123 0.76441
424.00000 -55.34506 0.76985
424.05000 -55.36644 0.76896
424.10000 -55.36479 0.76176
424.15000 -55.35822 0.75624
424.20000 -55.36973 0.74798
424.25000 -55.37301 0.73285
424.30000 -55.35000 0.75710
424.35000 -55.35000 0.76955
424.40000 -55.34506 0.75785
424.45000 -55.35657 0.76589
424.50000 -55.35986 0.75699
424.55000 -55.33520 0.75407
424.60000 -55.35000 0.74696
424.65000 -55.35986 0.76164
424.70000 -55.37466 0.76778
424.75000 -55.34835 0.75700
424.80000 -55.37466 0.74811
424.85000 -55.36150 0.76104
424.90000 -55.35986 0.76485
424.95000 -55.36150 0.77731
425.00000 -55.36315 0.75517
425.05000 -55.37630 0.75103
425.10000 -55.37959 0.74233
425.15000 -55.37137 0.76369
425.20000 -55.37630 0.75902
425.25000 -55.38617 0.76847
425.30000 -55.39110 0.74997
425.35000 -55.39932 0.76488
425.40000 -55.37466 0.76897
425.45000 -55.38123 0.76083
425.50000 -55.37795 0.75129
425.55000 -55.36479 0.76608
425.60000 -55.37137 0.75529
425.65000 -55.36479 0.74804
425.70000 -55.38781 0.73043
425.75000 -55.39274 0.75262
425.80000 -55.38123 0.75459
425.85000 -55.37795 0.73614
425.90000 -55.39603 0.74554
425.95000 -55.40261 0.75683
426.00000 -55.39768 0.73103
426.05000 -55.39439 0.73849
426.10000 -55.40754 0.75410
426.15000 -55.41905 0.73856
426.20000 -55.40590 0.75767
426.25000 -55.39603 0.75124
426.30000 -55.37630 0.74792
426.35000 -55.38781 0.72527
426.40000 -55.39768 0.73577
426.45000 -55.37630 0.74464
426.50000 -55.37795 0.75326
426.55000 -55.38781 0.74379
426.60000 -55.39274 0.73703
426.65000 -55.38781 0.73160
426.70000 -55.38452 0.72838
426.75000 -55.39274 0.73067
426.80000 -55.39110 0.73858
426.85000 -55.38123 0.73581
426.90000 -55.38452 0.77215
426.95000 -55.37630 0.75609
427.00000 -55.39768 0.74637
427.05000 -55.39110 0.73989
427.10000 -55.37630 0.75042
427.15000 -55.38617 0.74722
427.20000 -55.37630 0.75413
427.25000 -55.39274 0.74517
427.30000 -55.39110 0.73881
427.35000 -55.39110 0.74472
427.40000 -55.38452 0.73584
427.45000 -55.40096 0.75444
427.50000 -55.39768 0.75734
427.55000 -55.37795 0.73707
427.60000 -55.37301 0.74822
427.65000 -55.35822 0.76358
427.70000 -55.37959 0.73941
427.75000 -55.37630 0.74617
427.80000 -55.38781 0.75163
427.85000 -55.37959 0.73995
427.90000 -55.38781 0.71627
427.95000 -55.39274 0.74357
428.00000 -55.39439 0.73888
428.05000 -55.40261 0.73003
428.10000 -55.40425 0.70195
428.15000 -55.40261 0.73066
428.20000 -55.42892 0.75653
428.25000 -55.41576 0.74627
428.30000 -55.39274 0.72489
428.35000 -55.39768 0.73018
428.40000 -55.42069 0.72629
428.45000 -55.39932 0.73412
428.50000 -55.40261 0.73446
428.55000 -55.41741 0.71553
428.60000 -55.42234 0.70175
428.65000 -55.39768 0.71902
428.70000 -55.39274 0.73293
428.75000 -55.39603 0.72707
428.80000 -55.40261 0.72314
428.85000 -55.40919 0.72300
428.90000 -55.42069 0.71952
428.95000 -55.39932 0.71695
429.00000 -55.41741 0.73197
429.05000 -55.39768 0.72179
429.10000 -55.41083 0.73475
429.15000 -55.41741 0.71506
429.20000 -55.42398 0.71715
429.25000 -55.41905 0.70295
429.30000 -55.41741 0.71521
429.35000 -55.44536 0.72424
429.40000 -55.44207 0.70821
429.45000 -55.41905 0.71801
429.50000 -55.42892 0.69661
429.55000 -55.39274 0.71029
429.60000 -55.43220 0.69592
429.65000 -55.43220 0.70259
429.70000 -55.43220 0.69902
429.75000 -55.44536 0.68557
429.80000 -55.42892 0.68855
429.85000 -55.43549 0.67063
429.90000 -55.43549 0.70924
429.95000 -55.43056 0.71186
430.00000 -55.42563 0.69980
430.05000 -55.42892 0.69970
430.10000 -55.42069 0.69979
430.15000 -55.43549 0.72133
430.20000 -55.42892 0.71547
430.25000 -55.42563 0.70004
430.30000 -55.43714 0.71568
430.35000 -55.43220 0.72594
430.40000 -55.45522 0.70394
430.45000 -55.41905 0.71316
430.50000 -55.41576 0.71097
430.55000 -55.40754 0.72194
430.60000 -55.40590 0.72135
430.65000 -55.41247 0.73586
430.70000 -55.39439 0.71436
430.75000 -55.40096 0.72270
430.80000 -55.40754 0.71457
430.85000 -55.39768 0.71902
430.90000 -55.42892 0.72980
430.95000 -55.41083 0.71504
431.00000 -55.41741 0.73298
431.05000 -55.40919 0.74265
431.10000 -55.41741 0.74637
431.15000 -55.41576 0.73482
431.20000 -55.41905 0.73050
431.25000 -55.41247 0.73237
431.30000 -55.42234 0.73649
431.35000 -55.42069 0.73579
431.40000 -55.41576 0.73288
431.45000 -55.43714 0.72508
431.50000 -55.41576 0.74314
431.55000 -55.40425 0.75212
431.60000 -55.43056 0.75335
431.65000 -55.41576 0.72829
431.70000 -55.40919 0.72379
431.75000 -55.42398 0.73912
431.80000 -55.42069 0.72559
431.85000 -55.41576 0.71249
431.90000 -55.43056 0.74659
431.95000 -55.42563 0.72974
432.00000 -55.43714 0.72303
432.05000 -55.42398 0.71461
432.10000 -55.42234 0.71755
432.15000 -55.42892 0.72228
432.20000 -55.40754 0.70357
432.25000 -55.43549 0.70682
432.30000 -55.42069 0.70174
432.35000 -55.44865 0.71137
432.40000 -55.44371 0.72813
432.45000 -55.43549 0.73964
432.50000 -55.44865 0.74053
432.55000 -55.44865 0.72327
432.60000 -55.46838 0.73206
432.65000 -55.45687 0.72630
432.70000 -55.43220 0.72750
432.75000 -55.43385 0.73084
432.80000 -55.45029 0.73569
432.85000 -55.44536 0.73159
432.90000 -55.43878 0.72150
432.95000 -55.45358 0.73949
433.00000 -55.43878 0.71691
433.05000 -55.43549 0.73601
433.10000 -55.42398 0.72865
433.15000 -55.43549 0.69905
433.20000 -55.40919 0.71604
433.25000 -55.43056 0.74316
433.30000 -55.45029 0.74827
433.35000 -55.44536 0.73353
433.40000 -55.44207 0.72794
433.45000 -55.43220 0.75000
433.50000 -55.43878 0.74708
433.55000 -55.44042 0.73001
433.60000 -55.44042 0.73869
433.65000 -55.43549 0.72910
433.70000 -55.44207 0.70773
433.75000 -55.42563 0.72544
433.80000 -55.44207 0.72802
433.85000 -55.42069 0.73571
433.90000 -55.43385 0.74480
433.95000 -55.43714 0.74635
434.00000 -55.41741 0.72650
434.05000 -55.44536 0.72424
434.10000 -55.45851 0.74349
434.15000 -55.44865 0.76465
434.20000 -55.46344 0.76564
434.25000 -55.43878 0.75639
434.30000 -55.44371 0.77471
434.35000 -55.42892 0.76289
434.40000 -55.42892 0.76043
434.45000 -55.42234 0.77549
434.50000 -55.42234 0.77181
434.55000 -55.42727 0.74989
434.60000 -55.42727 0.78177
434.65000 -55.42727 0.77166
434.70000 -55.41741 0.76251
434.75000 -55.41741 0.75320
434.80000 -55.42069 0.76521
434.85000 -55.39932 0.74909
434.90000 -55.41741 0.75009
434.95000 -55.39932 0.75845
435.00000 -55.39768 0.76727
435.05000 -55.41412 0.76560
435.10000 -55.42069 0.74852
435.15000 -55.41741 0.74400
435.20000 -55.40754 0.76175
435.25000 -55.40590 0.72198
435.30000 -55.39603 0.75336
435.35000 -55.39274 0.75004
435.40000 -55.39932 0.74091
435.45000 -55.38452 0.72963
435.50000 -55.38781 0.73261
435.55000 -55.38617 0.74470
435.60000 -55.37959 0.73190
435.65000 -55.36808 0.73457
435.70000 -55.38288 0.74703
435.75000 -55.38452 0.72791
435.80000 -55.37301 0.74303
435.85000 -55.37630 0.74357
435.90000 -55.36973 0.73408
435.95000 -55.37137 0.74260
436.00000 -55.37301 0.75398
436.05000 -55.37466 0.76689
436.10000 -55.36808 0.73681
436.15000 -55.36150 0.74142
436.20000 -55.36150 0.76036
436.25000 -55.33684 0.73632
436.30000 -55.35493 0.74026
436.35000 -55.35986 0.74134
436.40000 -55.36644 0.73000
436.45000 -55.36150 0.73347
436.50000 -55.37795 0.72327
436.55000 -55.38617 0.73663
436.60000 -55.37301 0.73005
436.65000 -55.37137 0.72500
436.70000 -55.37959 0.73594
436.75000 -55.38288 0.75363
436.80000 -55.38123 0.73859
436.85000 -55.38781 0.74631
436.90000 -55.38123 0.75036
436.95000 -55.38946 0.74019
437.00000 -55.37630 0.73106
437.05000 -55.38617 0.75705
437.10000 -55.37959 0.75442
437.15000 -55.39110 0.73200
437.20000 -55.38288 0.73459
437.25000 -55.39110 0.72810
437.30000 -55.39768 0.74964
437.35000 -55.39932 0.73845
437.40000 -55.40425 0.74673
437.45000 -55.39768 0.76601
437.50000 -55.40425 0.76376
437.55000 -55.39110 0.73502
437.60000 -55.39603 0.73925
437.65000 -55.35657 0.75202
437.70000 -55.37959 0.76267
437.75000 -55.38123 0.74066
437.80000 -55.39274 0.75970
437.85000 -55.37137 0.75507
437.90000 -55.37137 0.74299
437.95000 -55.37630 0.74111
438.00000 -55.38288 0.74444
438.05000 -55.38781 0.74509
438.10000 -55.37137 0.74924
438.15000 -55.40425 0.73405
438.20000 -55.40261 0.73925
438.25000 -55.38617 0.75796
438.30000 -55.39932 0.73791
438.35000 -55.39603 0.74309
438.40000 -55.40261 0.75026
438.45000 -55.38617 0.75645
438.50000 -55.38946 0.74426
438.55000 -55.39110 0.74997
438.60000 -55.37795 0.74879
438.65000 -55.37795 0.75635
438.70000 -55.39603 0.76297
438.75000 -55.36315 0.75668
438.80000 -55.38123 0.76045
438.85000 -55.38946 0.75639
438.90000 -55.39274 0.74830
438.95000 -55.38946 0.76343
439.00000 -55.39768 0.75161
439.05000 -55.40754 0.76101
439.10000 -55.41083 0.77640
439.15000 -55.41083 0.78260
439.20000 -55.39274 0.78105
439.25000 -55.41741 0.76779
439.30000 -55.42069 0.76544
439.35000 -55.40919 0.76500
439.40000 -55.36973 0.75313
439.45000 -55.38781 0.75736
439.50000 -55.41412 0.76612
439.55000 -55.39768 0.77134
439.60000 -55.39603 0.75162
439.65000 -55.39768 0.74231
439.70000 -55.38781 0.75503
439.75000 -55.38617 0.74828
439.80000 -55.37959 0.74118
439.85000 -55.38288 0.75023
439.90000 -55.36479 0.77075
439.95000 -55.38288 0.75159
440.00000 -55.37137 0.75129
440.05000 -55.39274 0.74280
440.10000 -55.39768 0.73878
440.15000 -55.37959 0.73640
440.20000 -55.39274 0.74533
440.25000 -55.38781 0.74890
440.30000 -55.39274 0.76179
440.35000 -55.37137 0.77265
440.40000 -55.38452 0.74170
440.45000 -55.35493 0.74882
440.50000 -55.36315 0.75442
440.55000 -55.39110 0.76686
440.60000 -55.36479 0.75123
440.65000 -55.37137 0.73312
440.70000 -55.37137 0.72977
440.75000 -55.36479 0.74085
440.80000 -55.37466 0.73336
440.85000 -55.36479 0.74323
440.90000 -55.37630 0.74234
440.95000 -55.36644 0.73814
441.00000 -55.36479 0.75100
441.05000 -55.36479 0.76579
441.10000 -55.36315 0.76005
441.15000 -55.35328 0.74988
441.20000 -55.37466 0.75236
441.25000 -55.36479 0.73306
441.30000 -55.37795 0.75205
441.35000 -55.36808 0.75013
441.40000 -55.36150 0.75397
441.45000 -55.35493 0.76216
441.50000 -55.34013 0.77210
441.55000 -55.36150 0.77600
441.60000 -55.33684 0.76632
441.65000 -55.39110 0.76567
441.70000 -55.38452 0.76400
441.75000 -55.35000 0.76792
441.80000 -55.36644 0.76272
441.85000 -55.37466 0.76407
441.90000 -55.36315 0.76958
441.95000 -55.36479 0.78233
442.00000 -55.35493 0.78344
442.05000 -55.34177 0.77273
442.10000 -55.35328 0.76980
442.15000 -55.36315 0.78416
442.20000 -55.35822 0.77336
442.25000 -55.36150 0.79110
442.30000 -55.34177 0.78588
442.35000 -55.36150 0.78467
442.40000 -55.37137 0.77772
442.45000 -55.34835 0.78251
442.50000 -55.37301 0.80161
442.55000 -55.36808 0.80340
442.60000 -55.35164 0.78979
442.65000 -55.35822 0.80488
442.70000 -55.37630 0.79841
442.75000 -55.38452 0.79410
442.80000 -55.37137 0.81927
442.85000 -55.36973 0.81797
442.90000 -55.36808 0.79599
442.95000 -55.36150 0.80395
443.00000 -55.35822 0.78830
443.05000 -55.36644 0.80051
443.10000 -55.38123 0.81430
443.15000 -55.36479 0.80435
443.20000 -55.35822 0.80034
443.25000 -55.37795 0.83312
443.30000 -55.36644 0.82010
443.35000 -55.37630 0.79584
443.40000 -55.37466 0.80942
443.45000 -55.37959 0.79296
443.50000 -55.37795 0.80554
443.55000 -55.39110 0.80868
443.60000 -55.38288 0.81383
443.65000 -55.37630 0.79355
443.70000 -55.38946 0.80903
443.75000 -55.40096 0.80714
443.80000 -55.39439 0.78395
443.85000 -55.38288 0.79157
443.90000 -55.38781 0.81289
443.95000 -55.38288 0.79773
444.00000 -55.35822 0.78794
444.05000 -55.37959 0.77518
444.10000 -55.36973 0.77459
444.15000 -55.37466 0.78906
444.20000 -55.38946 0.78032
444.25000 -55.37959 0.78088
444.30000 -55.39110 0.77754
444.35000 -55.38288 0.77976
444.40000 -55.39274 0.77995
444.45000 -55.39603 0.78792
444.50000 -55.39932 0.77368
444.55000 -55.39768 0.76979
444.60000 -55.41412 0.76627
444.65000 -55.39110 0.75526
444.70000 -55.40754 0.77059
444.75000 -55.41247 0.76207
444.80000 -55.40261 0.77943
444.85000 -55.38781 0.77166
444.90000 -55.39768 0.75184
444.95000 -55.39768 0.76645
445.00000 -55.41083 0.77353
445.05000 -55.40425 0.77007
445.10000 -55.40590 0.77380
445.15000 -55.40096 0.77718
445.20000 -55.40590 0.78163
445.25000 -55.38946 0.77299
445.30000 -55.37301 0.77842
445.35000 -55.38288 0.77874
445.40000 -55.38946 0.79190
445.45000 -55.39274 0.81205
445.50000 -55.38452 0.79151
445.55000 -55.39603 0.80677
445.60000 -55.39274 0.81855
445.65000 -55.38946 0.82035
445.70000 -55.41247 0.81071
445.75000 -55.40919 0.80770
445.80000 -55.42069 0.80586
445.85000 -55.40919 0.80960
445.90000 -55.42892 0.81777
445.95000 -55.42727 0.81029
446.00000 -55.42069 0.78489
446.05000 -55.40919 0.79240
446.10000 -55.40425 0.82763
446.15000 -55.42892 0.81637
446.20000 -55.40425 0.81383
446.25000 -55.41083 0.81278
446.30000 -55.39439 0.79146
446.35000 -55.40590 0.80090
446.40000 -55.39439 0.79584
446.45000 -55.42234 0.80720
446.50000 -55.40425 0.79229
446.55000 -55.39274 0.79656
446.60000 -55.41083 0.79744
446.65000 -55.39768 0.78827
446.70000 -55.39603 0.80096
446.75000 -55.39603 0.78343
446.80000 -55.41083 0.77903
446.85000 -55.40754 0.78094
446.90000 -55.41905 0.78821
446.95000 -55.40919 0.78424
447.00000 -55.43220 0.78449
447.05000 -55.42563 0.77519
447.10000 -55.40754 0.78028
447.15000 -55.41576 0.78782
447.20000 -55.41905 0.78067
447.25000 -55.41741 0.78683
447.30000 -55.42398 0.79841
447.35000 -55.40096 0.80006
447.40000 -55.40590 0.80438
447.45000 -55.39603 0.80472
447.50000 -55.40096 0.78953
447.55000 -55.40425 0.80306
447.60000 -55.40425 0.79537
447.65000 -55.40754 0.78754
447.70000 -55.41576 0.78056
447.75000 -55.40096 0.77952
447.80000 -55.40919 0.77842
447.85000 -55.39768 0.75697
447.90000 -55.43056 0.76288
447.95000 -55.45029 0.77810
448.00000 -55.42069 0.74257
448.05000 -55.42234 0.73634
448.10000 -55.43878 0.76269
448.15000 -55.42398 0.77137
448.20000 -55.43220 0.75680
448.25000 -55.43385 0.75580
448.30000 -55.41741 0.78124
448.35000 -55.42069 0.75789
448.40000 -55.44865 0.76859
448.45000 -55.44865 0.75883
448.50000 -55.41741 0.75576
448.55000 -55.41083 0.75061
448.60000 -55.42069 0.75744
448.65000 -55.43056 0.75289
448.70000 -55.41741 0.75252
448.75000 -55.42892 0.76431
448.80000 -55.43714 0.74030
448.85000 -55.42563 0.75887
448.90000 -55.42069 0.75593
448.95000 -55.42398 0.75917
449.00000 -55.42727 0.73903
449.05000 -55.42234 0.75058
449.10000 -55.42398 0.75247
449.15000 -55.42892 0.73446
449.20000 -55.44371 0.75928
449.25000 -55.43714 0.74513
449.30000 -55.42234 0.74746
449.35000 -55.40754 0.77347
449.40000 -55.41741 0.76161
449.45000 -55.41412 0.78033
449.50000 -55.43385 0.77652
449.55000 -55.45193 0.74164
449.60000 -55.43714 0.75106
449.65000 -55.43056 0.76971
449.70000 -55.40425 0.77867
449.75000 -55.41576 0.78659
449.80000 -55.41412 0.76857
449.85000 -55.40590 0.78221
449.90000 -55.42727 0.77409
449.95000 -55.42563 0.77659
450.00000 -55.41741 0.76363
450.05000 -55.41412 0.79585
450.10000 -55.43714 0.78435
450.15000 -55.42398 0.81422
450.20000 -55.43878 0.78772
450.25000 -55.42069 0.79153
450.30000 -55.40919 0.77805
450.35000 -55.42563 0.77166
450.40000 -55.40919 0.77078
450.45000 -55.40754 0.77772
450.50000 -55.41247 0.78785
450.55000 -55.42069 0.79405
450.60000 -55.42398 0.77402
450.65000 -55.43056 0.77149
450.70000 -55.42563 0.79541
450.75000 -55.40590 0.78265
450.80000 -55.43878 0.80197
450.85000 -55.43220 0.78202
450.90000 -55.43385 0.78910
450.95000 -55.42563 0.79563
451.00000 -55.41741 0.78617
451.05000 -55.40919 0.79570
451.10000 -55.43714 0.78486
451.15000 -55.43056 0.76668
451.20000 -55.42069 0.77018
451.25000 -55.42892 0.78655
451.30000 -55.42069 0.77151
451.35000 -55.43056 0.77992
451.40000 -55.41741 0.79760
451.45000 -55.42892 0.80493
451.50000 -55.42234 0.77842
451.55000 -55.41412 0.78156
451.60000 -55.42069 0.78286
451.65000 -55.41412 0.77233
451.70000 -55.43714 0.78362
451.75000 -55.43385 0.77835
451.80000 -55.44371 0.77059
451.85000 -55.44536 0.76676
451.90000 -55.43220 0.77478
451.95000 -55.44042 0.78006
452.00000 -55.44042 0.79931
452.05000 -55.44371 0.76859
452.10000 -55.44371 0.78833
452.15000 -55.44536 0.79683
452.20000 -55.43878 0.78815
452.25000 -55.43878 0.79749
452.30000 -55.44371 0.79980
452.35000 -55.44371 0.82128
452.40000 -55.46344 0.80095
452.45000 -55.44700 0.80975
452.50000 -55.43714 0.80101
452.55000 -55.45358 0.78002
452.60000 -55.42892 0.77884
452.65000 -55.44700 0.76322
452.70000 -55.43385 0.77285
452.75000 -55.43714 0.77346
452.80000 -55.43220 0.79099
452.85000 -55.44371 0.78515
452.90000 -55.40590 0.78794
452.95000 -55.39932 0.80029
453.00000 -55.44865 0.81816
453.05000 -55.43385 0.78200
453.10000 -55.43878 0.79190
453.15000 -55.42563 0.78974
453.20000 -55.43714 0.78855
453.25000 -55.43220 0.81669
453.30000 -55.41741 0.79632
453.35000 -55.43878 0.79506
453.40000 -55.41905 0.81950
453.45000 -55.40261 0.80181
453.50000 -55.39932 0.80955
453.55000 -55.42234 0.78678
453.60000 -55.40590 0.78330
453.65000 -55.41576 0.77918
453.70000 -55.40425 0.78883
453.75000 -55.41576 0.79673
453.80000 -55.38617 0.78467
453.85000 -55.39603 0.79311
453.90000 -55.40096 0.79714
453.95000 -55.41247 0.79203
454.00000 -55.42727 0.78315
454.05000 -55.41905 0.79483
454.10000 -55.39932 0.79308
454.15000 -55.42727 0.79869
454.20000 -55.41576 0.78782
454.25000 -55.40754 0.79294
454.30000 -55.40096 0.79814
454.35000 -55.41905 0.82255
454.40000 -55.39603 0.82027
454.45000 -55.41905 0.80719
454.50000 -55.41083 0.79930
454.55000 -55.38452 0.81511
454.60000 -55.37466 0.78609
454.65000 -55.39110 0.79870
454.70000 -55.39932 0.80370
454.75000 -55.41741 0.78733
454.80000 -55.39439 0.78547
454.85000 -55.39110 0.80946
454.90000 -55.40590 0.80105
454.95000 -55.38617 0.78452
455.00000 -55.41412 0.80091
455.05000 -55.40096 0.80304
455.10000 -55.41412 0.78527
455.15000 -55.39274 0.79663
455.20000 -55.39932 0.81250
455.25000 -55.41905 0.81071
455.30000 -55.37959 0.81853
455.35000 -55.39932 0.80871
455.40000 -55.40096 0.81059
455.45000 -55.38946 0.81513
455.50000 -55.38288 0.80829
455.55000 -55.38123 0.83303
455.60000 -55.40261 0.82041
455.65000 -55.39110 0.81051
455.70000 -55.36973 0.82248
455.75000 -55.39110 0.81917
455.80000 -55.40754 0.82385
455.85000 -55.38781 0.80529
455.90000 -55.37630 0.80147
455.95000 -55.38452 0.80463
456.00000 -55.38617 0.80203
456.05000 -55.38452 0.81497
456.10000 -55.37630 0.80346
456.15000 -55.36808 0.79025
456.20000 -55.38781 0.78177
456.25000 -55.38946 0.78678
456.30000 -55.37795 0.77852
456.35000 -55.36973 0.77650
456.40000 -55.38452 0.77612
456.45000 -55.38288 0.78775
456.50000 -55.38288 0.79157
456.55000 -55.39110 0.80657
456.60000 -55.38781 0.77870
456.65000 -55.38617 0.77157
456.70000 -55.39439 0.78068
456.75000 -55.37795 0.79035
456.80000 -55.38781 0.78764
456.85000 -55.39110 0.78714
456.90000 -55.39768 0.79974
456.95000 -55.38781 0.78576
457.00000 -55.39603 0.77209
457.05000 -55.39768 0.78349
457.10000 -55.37630 0.79017
457.15000 -55.38617 0.79861
457.20000 -55.38946 0.78192
457.25000 -55.38123 0.79061
457.30000 -55.38781 0.78511
457.35000 -55.35822 0.80332
457.40000 -55.35822 0.78076
457.45000 -55.35493 0.79526
457.50000 -55.34506 0.78391
457.55000 -55.36808 0.78244
457.60000 -55.36315 0.80061
457.65000 -55.35657 0.77600
457.70000 -55.37630 0.76514
457.75000 -55.37301 0.77681
457.80000 -55.34671 0.78198
457.85000 -55.37301 0.77556
457.90000 -55.37466 0.77721
457.95000 -55.36479 0.78668
458.00000 -55.36315 0.77774
458.05000 -55.38123 0.77755
458.10000 -55.38452 0.78545
458.15000 -55.37959 0.76520
458.20000 -55.38452 0.77318
458.25000 -55.39110 0.79348
458.30000 -55.37795 0.76399
458.35000 -55.36973 0.78575
458.40000 -55.39439 0.78279
458.45000 -55.37301 0.76752
458.50000 -55.36808 0.76180
458.55000 -55.36808 0.78476
458.60000 -55.39768 0.77597
458.65000 -55.39274 0.79096
458.70000 -55.38617 0.80203
458.75000 -55.37137 0.80108
458.80000 -55.36973 0.78198
458.85000 -55.37137 0.78674
458.90000 -55.36644 0.77998
458.95000 -55.36315 0.79217
459.00000 -55.38288 0.79387
459.05000 -55.40096 0.77923
459.10000 -55.38617 0.78183
459.15000 -55.40425 0.79552
459.20000 -55.39932 0.77339
459.25000 -55.40425 0.80342
459.30000 -55.40096 0.80127
459.35000 -55.40261 0.79733
459.40000 -55.39768 0.80675
459.45000 -55.39932 0.79063
459.50000 -55.38123 0.77857
459.55000 -55.39439 0.79884
459.60000 -55.40919 0.78916
459.65000 -55.39768 0.79159
459.70000 -55.39768 0.81105
459.75000 -55.36150 0.79240
459.80000 -55.39603 0.79776
459.85000 -55.39768 0.78574
459.90000 -55.39274 0.78024
459.95000 -55.38946 0.79147
460.00000 -55.40754 0.80030
460.05000 -55.40096 0.78164
460.10000 -55.42727 0.79125
460.15000 -55.41083 0.80829
460.20000 -55.40425 0.77903
460.25000 -55.40919 0.80494
460.30000 -55.41576 0.80568
460.35000 -55.39110 0.80360
460.40000 -55.40096 0.81451
460.45000 -55.42069 0.81043
460.50000 -55.40261 0.79947
460.55000 -55.40425 0.82825
460.60000 -55.41083 0.79365
460.65000 -55.39110 0.79248
460.70000 -55.41741 0.79860
460.75000 -55.42069 0.79898
460.80000 -55.41083 0.80242
460.85000 -55.40590 0.77629
460.90000 -55.41412 0.80968
460.95000 -55.41741 0.80992
461.00000 -55.40919 0.78960
461.05000 -55.40425 0.80328
461.10000 -55.39110 0.82630
461.15000 -55.40096 0.79564
461.20000 -55.38123 0.81402
461.25000 -55.36315 0.80585
461.30000 -55.36479 0.80201
461.35000 -55.37795 0.80448
461.40000 -55.35493 0.79791
461.45000 -55.38452 0.80661
461.50000 -55.34013 0.81219
461.55000 -55.36315 0.80507
461.60000 -55.35986 0.80090
461.65000 -55.37466 0.80342
461.70000 -55.37301 0.80903
461.75000 -55.36808 0.80996
461.80000 -55.36150 0.80487
461.85000 -55.35328 0.79303
461.90000 -55.38288 0.78724
461.95000 -55.39274 0.79877
462.00000 -55.40754 0.80731
462.05000 -55.38288 0.80476
462.10000 -55.37795 0.80306
462.15000 -55.36479 0.81385
462.20000 -55.37959 0.80373
462.25000 -55.37630 0.81987
462.30000 -55.40590 0.80069
462.35000 -55.40261 0.80803
462.40000 -55.37630 0.79763
462.45000 -55.41083 0.83277
462.50000 -55.36973 0.83994
462.55000 -55.38123 0.81960
462.60000 -55.39768 0.80915
462.65000 -55.40590 0.81674
462.70000 -55.39274 0.81611
462.75000 -55.41576 0.82003
462.80000 -55.40261 0.81554
462.85000 -55.39932 0.79801
462.90000 -55.42234 0.80685
462.95000 -55.42234 0.82602
463.00000 -55.38123 0.83446
463.05000 -55.38781 0.82229
463.10000 -55.38781 0.83751
463.15000 -55.39768 0.83552
463.20000 -55.40425 0.82502
463.25000 -55.41576 0.83099
463.30000 -55.41576 0.82315
463.35000 -55.39603 0.82338
463.40000 -55.39768 0.80442
463.45000 -55.40590 0.81338
463.50000 -55.39932 0.80568
463.55000 -55.38452 0.81991
463.60000 -55.39110 0.82188
463.65000 -55.39932 0.82294
463.70000 -55.40919 0.82760
463.75000 -55.42398 0.82063
463.80000 -55.41247 0.83811
463.85000 -55.39439 0.84818
463.90000 -55.40425 0.84330
463.95000 -55.39932 0.83775
464.00000 -55.39932 0.82639
464.05000 -55.38123 0.82892
464.10000 -55.38123 0.85414
464.15000 -55.41741 0.82510
464.20000 -55.40754 0.85457
464.25000 -55.40096 0.85408
464.30000 -55.39932 0.85029
464.35000 -55.41905 0.84150
464.40000 -55.41741 0.83012
464.45000 -55.41741 0.85770
464.50000 -55.42069 0.84697
464.55000 -55.41905 0.84683
464.60000 -55.40261 0.84710
464.65000 -55.41905 0.85385
464.70000 -55.40754 0.82736
464.75000 -55.40261 0.85319
464.80000 -55.43220 0.85042
464.85000 -55.41412 0.84166
464.90000 -55.41247 0.85239
464.95000 -55.42398 0.84037
465.00000 -55.41905 0.84750
465.05000 -55.41741 0.86326
465.10000 -55.41741 0.84863
465.15000 -55.42234 0.84381
465.20000 -55.42563 0.83731
465.25000 -55.42727 0.85460
465.30000 -55.42234 0.83901
465.35000 -55.43385 0.85621
465.40000 -55.43878 0.84872
465.45000 -55.44042 0.83210
465.50000 -55.43056 0.81594
465.55000 -55.41576 0.82907
465.60000 -55.42727 0.84972
465.65000 -55.41905 0.83519
465.70000 -55.40919 0.84711
465.75000 -55.40919 0.84091
465.80000 -55.40261 0.85399
465.85000 -55.39603 0.82786
465.90000 -55.39932 0.83284
465.95000 -55.40096 0.83022
466.00000 -55.39932 0.81131
466.05000 -55.39932 0.83625
466.10000 -55.41576 0.83106
466.15000 -55.40590 0.82781
466.20000 -55.39932 0.83291
466.25000 -55.41741 0.82661
466.30000 -55.41741 0.82254
466.35000 -55.41083 0.83741
466.40000 -55.40590 0.82698
466.45000 -55.41083 0.82770
466.50000 -55.41905 0.82951
466.55000 -55.40754 0.83230
466.60000 -55.40096 0.83813
466.65000 -55.40590 0.83090
466.70000 -55.40754 0.81719
466.75000 -55.39932 0.81509
466.80000 -55.40919 0.81247
466.85000 -55.39932 0.83264
466.90000 -55.40096 0.81528
466.95000 -55.40754 0.82523
467.00000 -55.40919 0.80925
467.05000 -55.41905 0.80564
467.10000 -55.41247 0.80380
467.15000 -55.39274 0.80896
467.20000 -55.40754 0.82908
467.25000 -55.41083 0.81236
467.30000 -55.40754 0.80956
467.35000 -55.40261 0.80698
467.40000 -55.41576 0.78543
467.45000 -55.40425 0.80737
467.50000 -55.40919 0.79941
467.55000 -55.41741 0.81364
467.60000 -55.40754 0.83264
467.65000 -55.40096 0.80481
467.70000 -55.39439 0.81205
467.75000 -55.42069 0.80473
467.80000 -55.40919 0.79405
467.85000 -55.40261 0.81099
467.90000 -55.41083 0.81117
467.95000 -55.42563 0.81037
468.00000 -55.41741 0.81413
468.05000 -55.42069 0.82097
468.10000 -55.42892 0.81358
468.15000 -55.42069 0.81324
468.20000 -55.41247 0.80832
468.25000 -55.42398 0.81283
468.30000 -55.42398 0.79727
468.35000 -55.42727 0.81191
468.40000 -55.42727 0.83267
468.45000 -55.39439 0.81128
468.50000 -55.38123 0.81430
468.55000 -55.41083 0.80086
468.60000 -55.40754 0.80179
468.65000 -55.39603 0.80401
468.70000 -55.41247 0.82158
468.75000 -55.41247 0.83123
468.80000 -55.43056 0.81392
468.85000 -55.41412 0.82789
468.90000 -55.41412 0.81514
468.95000 -55.41247 0.84515
469.00000 -55.40425 0.83434
469.05000 -55.41741 0.84534
469.10000 -55.41741 0.81203
469.15000 -55.40919 0.82857
469.20000 -55.40425 0.83058
469.25000 -55.39274 0.82506
469.30000 -55.38288 0.80962
469.35000 -55.39603 0.79167
469.40000 -55.39110 0.81051
469.45000 -55.39768 0.77127
469.50000 -55.40261 0.80733
469.55000 -55.36479 0.80145
469.60000 -55.37466 0.79201
469.65000 -55.39274 0.80395
469.70000 -55.39768 0.80859
469.75000 -55.40261 0.80578
469.80000 -55.41412 0.81241
469.85000 -55.41576 0.79901
469.90000 -55.41576 0.77874
469.95000 -55.40425 0.78558
470.00000 -55.41247 0.78496
470.05000 -55.40425 0.79494
470.10000 -55.41741 0.79810
470.15000 -55.42069 0.80175
470.20000 -55.41576 0.80660
470.25000 -55.41247 0.79633
470.30000 -55.40425 0.79752
470.35000 -55.39768 0.79867
470.40000 -55.40919 0.77431
470.45000 -55.39932 0.79794
470.50000 -55.40754 0.78862
470.55000 -55.38781 0.78547
470.60000 -55.40425 0.79186
470.65000 -55.42727 0.78800
470.70000 -55.41576 0.80631
470.75000 -55.41905 0.79547
470.80000 -55.40754 0.79100
470.85000 -55.41576 0.80970
470.90000 -55.41576 0.80363
470.95000 -55.42563 0.80140
471.00000 -55.43056 0.80152
471.05000 -55.43549 0.80373
471.10000 -55.41905 0.80210
471.15000 -55.43220 0.80962
471.20000 -55.42398 0.80275
471.25000 -55.42069 0.79983
471.30000 -55.42234 0.79627
471.35000 -55.42234 0.81373
471.40000 -55.42398 0.80678
471.45000 -55.43385 0.81199
471.50000 -55.44207 0.82000
471.55000 -55.41576 0.80143
471.60000 -55.42398 0.84084
471.65000 -55.41412 0.81542
471.70000 -55.41083 0.81697
471.75000 -55.41247 0.82145
471.80000 -55.42234 0.82808
471.85000 -55.42563 0.83261
471.90000 -55.40919 0.83186
471.95000 -55.38288 0.80426
472.00000 -55.41412 0.82672
472.05000 -55.41576 0.82811
472.10000 -55.42727 0.82952
472.15000 -55.41083 0.82453
472.20000 -55.39768 0.84223
472.25000 -55.41247 0.83648
472.30000 -55.41247 0.81616
472.35000 -55.40919 0.82243
472.40000 -55.39932 0.82017
472.45000 -55.41412 0.83875
472.50000 -55.40754 0.85284
472.55000 -55.38781 0.84333
472.60000 -55.38781 0.84979
472.65000 -55.41576 0.83216
472.70000 -55.39768 0.84486
472.75000 -55.40425 0.85510
472.80000 -55.41576 0.84633
472.85000 -55.42069 0.85520
472.90000 -55.42234 0.83670
472.95000 -55.39439 0.84811
473.00000 -55.39603 0.85272
473.05000 -55.39768 0.84628
473.10000 -55.39274 0.86236
473.15000 -55.37630 0.82595
473.20000 -55.41083 0.85436
473.25000 -55.38946 0.84765
473.30000 -55.37630 0.83062
473.35000 -55.40261 0.87629
473.40000 -55.41412 0.85020
473.45000 -55.42398 0.85093
473.50000 -55.39768 0.85597
473.55000 -55.39439 0.87669
473.60000 -55.40919 0.85133
473.65000 -55.41083 0.83584
473.70000 -55.41576 0.82859
473.75000 -55.41412 0.82472
473.80000 -55.42234 0.85006
473.85000 -55.40425 0.84868
473.90000 -55.42234 0.84368
473.95000 -55.41741 0.84271
474.00000 -55.39768 0.82696
474.05000 -55.41083 0.84801
474.10000 -55.42892 0.84951
474.15000 -55.42398 0.84435
474.20000 -55.41247 0.83913
474.25000 -55.42398 0.82987
474.30000 -55.40754 0.85264
474.35000 -55.42234 0.86420
474.40000 -55.40096 0.86599
474.45000 -55.42234 0.83615
474.50000 -55.41247 0.82835
474.55000 -55.40261 0.82883
474.60000 -55.41905 0.83259
474.65000 -55.41576 0.84861
474.70000 -55.42398 0.87967
474.75000 -55.42892 0.86524
474.80000 -55.40261 0.88205
474.85000 -55.43714 0.86555
474.90000 -55.42892 0.85312
474.95000 -55.43056 0.84304
475.00000 -55.39932 0.85223
475.05000 -55.42398 0.85340
475.10000 -55.41905 0.86267
475.15000 -55.43220 0.84012
475.20000 -55.43714 0.84626
475.25000 -55.42398 0.83568
475.30000 -55.43878 0.83745
475.35000 -55.42892 0.85545
475.40000 -55.42234 0.84320
475.45000 -55.41247 0.84824
475.50000 -55.42563 0.85287
475.55000 -55.40590 0.86143
475.60000 -55.41083 0.84465
475.65000 -55.41576 0.84586
475.70000 -55.41741 0.85584
475.75000 -55.39603 0.85339
475.80000 -55.40754 0.86041
475.85000 -55.42892 0.86076
475.90000 -55.41576 0.87555
475.95000 -55.39274 0.85233
476.00000 -55.39439 0.85852
476.05000 -55.41083 0.84714
476.10000 -55.40425 0.84579
476.15000 -55.41412 0.84806
476.20000 -55.41412 0.85087
476.25000 -55.42234 0.84496
476.30000 -55.41247 0.83832
476.35000 -55.39603 0.84346
476.40000 -55.42563 0.84415
476.45000 -55.40261 0.83743
476.50000 -55.39439 0.81937
476.55000 -55.41247 0.81672
476.60000 -55.42398 0.84030
476.65000 -55.42563 0.81310
476.70000 -55.40261 0.82228
476.75000 -55.41905 0.82483
476.80000 -55.40261 0.83845
476.85000 -55.41083 0.81809
476.90000 -55.41905 0.81007
476.95000 -55.43220 0.81732
477.00000 -55.43878 0.81345
477.05000 -55.40261 0.82283
477.10000 -55.40919 0.80777
477.15000 -55.40919 0.81142
477.20000 -55.43385 0.80989
477.25000 -55.40096 0.82278
477.30000 -55.40096 0.78874
477.35000 -55.40425 0.78565
477.40000 -55.39768 0.78588
477.45000 -55.42563 0.78199
477.50000 -55.40754 0.79959
477.55000 -55.40919 0.77944
477.60000 -55.42563 0.77019
477.65000 -55.41741 0.75862
477.70000 -55.43714 0.76480
477.75000 -55.43385 0.76872
477.80000 -55.40590 0.77461
477.85000 -55.43220 0.76755
477.90000 -55.41412 0.77175
477.95000 -55.40425 0.75785
478.00000 -55.41412 0.75520
478.05000 -55.41083 0.76145
478.10000 -55.41576 0.76629
478.15000 -55.43056 0.75032
478.20000 -55.41905 0.76810
478.25000 -55.39768 0.74789
478.30000 -55.38946 0.74898
478.35000 -55.40425 0.74681
478.40000 -55.41741 0.74537
478.45000 -55.40754 0.73258
478.50000 -55.41247 0.73105
478.55000 -55.40919 0.72079
478.60000 -55.42234 0.71253
478.65000 -55.43056 0.73313
478.70000 -55.41741 0.73716
478.75000 -55.41576 0.72515
478.80000 -55.41412 0.71342
478.85000 -55.43220 0.72090
478.90000 -55.42234 0.71675
478.95000 -55.41905 0.72581
479.00000 -55.41905 0.73113
479.05000 -55.42069 0.72973
479.10000 -55.41412 0.73766
479.15000 -55.40590 0.71945
479.20000 -55.40754 0.72359
479.25000 -55.41905 0.72558
479.30000 -55.42069 0.74211
479.35000 -55.38781 0.71325
479.40000 -55.39439 0.73942
479.45000 -55.40590 0.75141
479.50000 -55.39603 0.74859
479.55000 -55.40919 0.73471
479.60000 -55.39932 0.71710
479.65000 -55.41247 0.73011
479.70000 -55.42398 0.75088
479.75000 -55.40425 0.72618
479.80000 -55.40425 0.72688
479.85000 -55.39768 0.71696
479.90000 -55.41905 0.74018
479.95000 -55.40425 0.74620
480.00000 -55.41412 0.73239
480.05000 -55.39439 0.73757
480.10000 -55.41412 0.74427
480.15000 -55.39439 0.74119
480.20000 -55.39110 0.73827
480.25000 -55.39439 0.71913
480.30000 -55.41083 0.74498
480.35000 -55.44042 0.72320
480.40000 -55.40425 0.73382
480.45000 -55.43385 0.72967
480.50000 -55.43549 0.73810
480.55000 -55.42069 0.74920
480.60000 -55.41576 0.74505
480.65000 -55.41412 0.72881
480.70000 -55.42398 0.72158
480.75000 -55.42069 0.72378
480.80000 -55.43220 0.73234
480.85000 -55.42563 0.74441
480.90000 -55.42398 0.74372
480.95000 -55.41905 0.74699
481.00000 -55.41905 0.75329
481.05000 -55.42069 0.75163
481.10000 -55.41247 0.72808
481.15000 -55.41412 0.71238
481.20000 -55.43220 0.73560
481.25000 -55.43714 0.73498
481.30000 -55.41083 0.72335
481.35000 -55.40754 0.74261
481.40000 -55.40261 0.74041
481.45000 -55.41741 0.74085
481.50000 -55.40590 0.74196
481.55000 -55.39603 0.72322
481.60000 -55.39932 0.73265
481.65000 -55.39274 0.74891
481.70000 -55.39768 0.73870
481.75000 -55.38617 0.74843
481.80000 -55.40425 0.72852
481.85000 -55.40425 0.76829
481.90000 -55.39439 0.76640
481.95000 -55.38452 0.75093
482.00000 -55.37466 0.76963
482.05000 -55.38946 0.76507
482.10000 -55.38288 0.76651
482.15000 -55.38288 0.75680
482.20000 -55.38946 0.75707
482.25000 -55.39110 0.76381
482.30000 -55.37466 0.75425
482.35000 -55.38617 0.75923
482.40000 -55.38452 0.75817
482.45000 -55.36644 0.75597
482.50000 -55.35986 0.77166
482.55000 -55.35493 0.74860
482.60000 -55.36644 0.75371
482.65000 -55.35657 0.74211
482.70000 -55.36150 0.75744
482.75000 -55.34177 0.74986
482.80000 -55.34342 0.76336
482.85000 -55.34835 0.74373
482.90000 -55.34013 0.75549
482.95000 -55.34506 0.74360
483.00000 -55.35986 0.73634
483.05000 -55.36150 0.74608
483.10000 -55.35164 0.73716
483.15000 -55.36150 0.74662
483.20000 -55.35493 0.75375
483.25000 -55.34835 0.72881
483.30000 -55.35657 0.73495
483.35000 -55.36150 0.74791
483.40000 -55.37959 0.74002
483.45000 -55.35493 0.75216
483.50000 -55.36479 0.75884
483.55000 -55.36315 0.73918
483.60000 -55.34177 0.75107
483.65000 -55.35000 0.73784
483.70000 -55.37301 0.71469
483.75000 -55.37466 0.72587
483.80000 -55.33849 0.75038
483.85000 -55.32369 0.75647
483.90000 -55.34835 0.75202
483.95000 -55.35000 0.75303
484.00000 -55.35657 0.73184
484.05000 -55.36315 0.73284
484.10000 -55.36808 0.74838
484.15000 -55.36479 0.71982
484.20000 -55.37301 0.74211
484.25000 -55.36644 0.74291
484.30000 -55.37137 0.75152
484.35000 -55.37959 0.76817
484.40000 -55.38781 0.75178
484.45000 -55.38123 0.76090
484.50000 -55.37959 0.77489
484.55000 -55.40096 0.74020
484.60000 -55.38781 0.77342
484.65000 -55.39768 0.76154
484.70000 -55.38617 0.78278
484.75000 -55.39768 0.77810
484.80000 -55.41576 0.77881
484.85000 -55.40261 0.77172
484.90000 -55.38123 0.76545
484.95000 -55.40261 0.76669
485.00000 -55.39439 0.76774
485.05000 -55.38781 0.76096
485.10000 -55.40754 0.77523
485.15000 -55.40425 0.78362
485.20000 -55.41247 0.76572
485.25000 -55.40919 0.77137
485.30000 -55.40754 0.75523
485.35000 -55.39439 0.75541
485.40000 -55.39932 0.75868
485.45000 -55.40425 0.75605
485.50000 -55.40590 0.75368
485.55000 -55.39932 0.73784
485.60000 -55.38781 0.75894
485.65000 -55.39768 0.76653
485.70000 -55.40425 0.76100
485.75000 -55.39110 0.77849
485.80000 -55.40590 0.77600
485.85000 -55.41247 0.77202
485.90000 -55.41412 0.79083
485.95000 -55.41083 0.77066
486.00000 -55.40425 0.77786
486.05000 -55.39932 0.75973
486.10000 -55.41247 0.78734
486.15000 -55.43056 0.77414
486.20000 -55.40096 0.76597
486.25000 -55.40919 0.76447
486.30000 -55.41741 0.76675
486.35000 -55.42069 0.77239
486.40000 -55.42398 0.76217
486.45000 -55.42398 0.76052
486.50000 -55.42727 0.75163
486.55000 -55.40754 0.76340
486.60000 -55.44371 0.76182
486.65000 -55.43220 0.78107
486.70000 -55.42892 0.76706
486.75000 -55.44042 0.77310
486.80000 -55.43220 0.75702
486.85000 -55.43549 0.75593
486.90000 -55.43714 0.76458
486.95000 -55.41083 0.78602
487.00000 -55.41741 0.81013
487.05000 -55.42892 0.78183
487.10000 -55.43056 0.78233
487.15000 -55.43549 0.78474
487.20000 -55.44042 0.80002
487.25000 -55.43549 0.78785
487.30000 -55.43549 0.78893
487.35000 -55.43220 0.80093
487.40000 -55.43549 0.79001
487.45000 -55.44207 0.80197
487.50000 -55.42727 0.80289
487.55000 -55.42727 0.78453
487.60000 -55.44042 0.80907
487.65000 -55.44865 0.80327
487.70000 -55.43549 0.81637
487.75000 -55.44207 0.80734
487.80000 -55.44700 0.81626
487.85000 -55.44865 0.80426
487.90000 -55.43714 0.81005
487.95000 -55.45358 0.79548
488.00000 -55.45358 0.78916
488.05000 -55.46509 0.79265
488.10000 -55.46509 0.78746
488.15000 -55.46509 0.77676
488.20000 -55.47988 0.77145
488.25000 -55.46015 0.77695
488.30000 -55.47166 0.77988
488.35000 -55.45851 0.79384
488.40000 -55.46015 0.79762
488.45000 -55.46344 0.78538
488.50000 -55.47331 0.77919
488.55000 -55.48317 0.80668
488.60000 -55.47495 0.79384
488.65000 -55.45851 0.79941
488.70000 -55.48482 0.80853
488.75000 -55.51441 0.79573
488.80000 -55.49139 0.81820
488.85000 -55.50948 0.81781
488.90000 -55.49304 0.82014
488.95000 -55.48153 0.78318
489.00000 -55.49961 0.78917
489.05000 -55.49961 0.77887
489.10000 -55.47166 0.78743
489.15000 -55.46509 0.76346
489.20000 -55.46344 0.78080
489.25000 -55.48153 0.77786
489.30000 -55.46673 0.78200
489.35000 -55.45687 0.77078
489.40000 -55.47988 0.78975
489.45000 -55.48317 0.76897
489.50000 -55.48482 0.77826
489.55000 -55.48646 0.78649
489.60000 -55.48482 0.79797
489.65000 -55.47002 0.80122
489.70000 -55.47495 0.76380
489.75000 -55.47495 0.77439
489.80000 -55.46838 0.76921
489.85000 -55.49633 0.77053
489.90000 -55.47660 0.78239
489.95000 -55.49468 0.76409
490.00000 -55.48811 0.78483
490.05000 -55.47495 0.77761
490.10000 -55.48975 0.79820
490.15000 -55.47495 0.75857
490.20000 -55.47495 0.76715
490.25000 -55.44865 0.77464
490.30000 -55.45687 0.77026
490.35000 -55.46344 0.77992
490.40000 -55.46344 0.78407
490.45000 -55.45358 0.77180
490.50000 -55.47495 0.78265
490.55000 -55.47331 0.78776
490.60000 -55.47166 0.77615
490.65000 -55.47002 0.77206
490.70000 -55.46509 0.76002
490.75000 -55.46673 0.76329
490.80000 -55.46838 0.77209
490.85000 -55.45029 0.78971
490.90000 -55.46673 0.75843
490.95000 -55.46673 0.76008
491.00000 -55.46015 0.76372
491.05000 -55.44536 0.75532
491.10000 -55.44700 0.77682
491.15000 -55.45851 0.75602
491.20000 -55.45193 0.75841
491.25000 -55.45358 0.75548
491.30000 -55.44700 0.75730
491.35000 -55.46015 0.77291
491.40000 -55.45522 0.78054
491.45000 -55.45193 0.79325
491.50000 -55.42398 0.78758
491.55000 -55.43878 0.77144
491.60000 -55.45193 0.75593
491.65000 -55.45193 0.78190
491.70000 -55.44042 0.76971
491.75000 -55.43220 0.77632
491.80000 -55.44207 0.75458
491.85000 -55.45687 0.76723
491.90000 -55.43385 0.75520
491.95000 -55.43549 0.76951
492.00000 -55.43878 0.76974
492.05000 -55.44536 0.77408
492.10000 -55.45029 0.80279
492.15000 -55.45687 0.76826
492.20000 -55.47331 0.77868
492.25000 -55.46838 0.79325
492.30000 -55.45687 0.79269
492.35000 -55.43549 0.78212
492.40000 -55.45029 0.79624
492.45000 -55.45193 0.77246
492.50000 -55.45193 0.78662
492.55000 -55.43714 0.80150
492.60000 -55.44042 0.77633
492.65000 -55.43878 0.78090
492.70000 -55.43385 0.76849
492.75000 -55.45029 0.78690
492.80000 -55.44865 0.79566
492.85000 -55.44536 0.78763
492.90000 -55.46015 0.79591
492.95000 -55.44536 0.80493
493.00000 -55.44700 0.79083
493.05000 -55.45358 0.78417
493.10000 -55.46015 0.78337
493.15000 -55.46015 0.79862
493.20000 -55.45687 0.79327
493.25000 -55.46344 0.79460
493.30000 -55.46344 0.77370
493.35000 -55.45029 0.78697
493.40000 -55.44207 0.78112
493.45000 -55.44700 0.78896
493.50000 -55.46344 0.79782
493.55000 -55.46180 0.78416
493.60000 -55.44865 0.77728
493.65000 -55.43878 0.79283
493.70000 -55.44371 0.76992
493.75000 -55.45358 0.78111
493.80000 -55.45522 0.78345
493.85000 -55.45358 0.76648
493.90000 -55.43549 0.78088
493.95000 -55.44042 0.78992
494.00000 -55.45522 0.79770
494.05000 -55.46344 0.79029
494.10000 -55.45851 0.78316
494.15000 -55.46509 0.77896
494.20000 -55.46838 0.79619
494.25000 -55.46838 0.77804
494.30000 -55.48811 0.77717
494.35000 -55.48482 0.78336
494.40000 -55.48317 0.77075
494.45000 -55.48317 0.74614
494.50000 -55.49468 0.74859
494.55000 -55.47824 0.77393
494.60000 -55.46673 0.75361
494.65000 -55.46509 0.74581
494.70000 -55.49633 0.75794
494.75000 -55.48975 0.77004
494.80000 -55.49304 0.78988
494.85000 -55.48811 0.77417
494.90000 -55.49304 0.75991
494.95000 -55.48646 0.77519
495.00000 -55.49797 0.75612
495.05000 -55.47824 0.76252
495.10000 -55.49139 0.76134
495.15000 -55.49961 0.76322
495.20000 -55.48811 0.77174
495.25000 -55.47824 0.78023
495.30000 -55.50619 0.78327
495.35000 -55.49961 0.77314
495.40000 -55.49139 0.79075
495.45000 -55.47988 0.76931
495.50000 -55.48317 0.77890
495.55000 -55.47660 0.78681
495.60000 -55.49633 0.79317
495.65000 -55.49304 0.80720
495.70000 -55.52592 0.79261
495.75000 -55.50784 0.78635
495.80000 -55.51770 0.80245
495.85000 -55.51277 0.80184
495.90000 -55.51112 0.78045
495.95000 -55.51277 0.80105
496.00000 -55.50784 0.79455
496.05000 -55.49961 0.77930
496.10000 -55.50290 0.78522
496.15000 -55.49304 0.78880
496.20000 -55.50784 0.77637
496.25000 -55.48317 0.79036
496.30000 -55.50455 0.78924
496.35000 -55.46344 0.77992
496.40000 -55.46344 0.78415
496.45000 -55.47002 0.79609
496.50000 -55.47988 0.80148
496.55000 -55.49139 0.79613
496.60000 -55.49304 0.78706
496.65000 -55.48153 0.80405
496.70000 -55.49304 0.76752
496.75000 -55.48153 0.77896
496.80000 -55.48811 0.76611
496.85000 -55.49468 0.77356
496.90000 -55.48317 0.78943
496.95000 -55.47331 0.77428
497.00000 -55.48153 0.78703
497.05000 -55.46673 0.79942
497.10000 -55.44700 0.78447
497.15000 -55.46180 0.79102
497.20000 -55.46180 0.78023
497.25000 -55.46673 0.77908
497.30000 -55.46015 0.80281
497.35000 -55.46673 0.79406
497.40000 -55.47824 0.76728
497.45000 -55.45522 0.79147
497.50000 -55.48317 0.77795
497.55000 -55.48317 0.77583
497.60000 -55.47824 0.79647
497.65000 -55.47495 0.78061
497.70000 -55.45687 0.77534
497.75000 -55.47331 0.77765
497.80000 -55.45851 0.77277
497.85000 -55.46673 0.80735
497.90000 -55.45851 0.79613
497.95000 -55.46509 0.78840
498.00000 -55.45687 0.79527
498.05000 -55.47824 0.80535
498.10000 -55.44042 0.80108
498.15000 -55.47331 0.81244
498.20000 -55.47002 0.78493
498.25000 -55.44865 0.79193
498.30000 -55.46509 0.78056
498.35000 -55.46509 0.77412
498.40000 -55.44865 0.77684
498.45000 -55.45687 0.77122
498.50000 -55.46344 0.75418
498.55000 -55.46015 0.75999
498.60000 -55.46015 0.76186
498.65000 -55.45687 0.75632
498.70000 -55.43878 0.74632
498.75000 -55.43878 0.77453
498.80000 -55.43878 0.77856
498.85000 -55.45358 0.76737
498.90000 -55.43878 0.77203
498.95000 -55.47495 0.75496
499.00000 -55.45193 0.74828
499.05000 -55.44207 0.77629
499.10000 -55.44042 0.77450
499.15000 -55.42727 0.78735
499.20000 -55.43220 0.78587
499.25000 -55.42727 0.77276
499.30000 -55.42727 0.79182
499.35000 -55.44042 0.80872
499.40000 -55.42069 0.81254
499.45000 -55.43878 0.79749
499.50000 -55.43056 0.80682
499.55000 -55.43549 0.80951
499.60000 -55.41083 0.79859
499.65000 -55.43714 0.78515
499.70000 -55.42234 0.78366
499.75000 -55.40919 0.81009
499.80000 -55.42234 0.78794
499.85000 -55.43220 0.79573
499.90000 -55.41905 0.77386
499.95000 -55.43549 0.77738
500.00000 -55.43714 0.80235
500.05000 -55.44042 0.79659
500.10000 -55.44536 0.79790
500.15000 -55.42727 0.80677
500.20000 -55.43549 0.81707
500.25000 -55.43056 0.81168
500.30000 -55.42563 0.82312
500.35000 -55.42563 0.82443
500.40000 -55.44371 0.80420
500.45000 -55.42727 0.80473
500.50000 -55.42892 0.81964
500.55000 -55.42234 0.81191
500.60000 -55.43220 0.80899
500.65000 -55.42234 0.79427
500.70000 -55.42892 0.78249
500.75000 -55.43385 0.78614
500.80000 -55.43878 0.79734
500.85000 -55.44865 0.80043
500.90000 -55.45029 0.80059
500.95000 -55.43549 0.76891
501.00000 -55.44536 0.80231
501.05000 -55.44042 0.79624
501.10000 -55.42398 0.78178
501.15000 -55.42727 0.78909
501.20000 -55.42563 0.77915
501.25000 -55.43385 0.79040
501.30000 -55.43878 0.78830
501.35000 -55.42892 0.79433
501.40000 -55.43549 0.79045
501.45000 -55.44207 0.77372
501.50000 -55.44371 0.80193
501.55000 -55.42234 0.79756
501.60000 -55.43220 0.78775
501.65000 -55.44207 0.77959
501.70000 -55.45193 0.79925
501.75000 -55.44207 0.78577
501.80000 -55.43056 0.78632
501.85000 -55.43056 0.76549
501.90000 -55.42727 0.77688
501.95000 -55.44700 0.80006
502.00000 -55.44700 0.77638
502.05000 -55.44042 0.77948
502.10000 -55.46015 0.76335
502.15000 -55.45029 0.77348
502.20000 -55.41905 0.77452
502.25000 -55.41741 0.75742
502.30000 -55.42892 0.77231
502.35000 -55.43878 0.76996
502.40000 -55.43714 0.76874
502.45000 -55.43056 0.76853
502.50000 -55.43220 0.75091
502.55000 -55.43385 0.76105
502.60000 -55.42398 0.75315
502.65000 -55.42727 0.75609
502.70000 -55.43385 0.75444
502.75000 -55.44371 0.75965
502.80000 -55.45193 0.74851
502.85000 -55.43056 0.72713
502.90000 -55.41247 0.73470
502.95000 -55.41247 0.75124
503.00000 -55.41905 0.76312
503.05000 -55.44042 0.73514
503.10000 -55.43056 0.73259
503.15000 -55.41741 0.76019
503.20000 -55.43220 0.75913
503.25000 -55.43878 0.73649
503.30000 -55.45687 0.73502
503.35000 -55.43056 0.73080
503.40000 -55.44042 0.73460
503.45000 -55.43549 0.74722
503.50000 -55.42727 0.73199
503.55000 -55.41905 0.70117
503.60000 -55.40754 0.72947
503.65000 -55.43549 0.73214
503.70000 -55.44042 0.71933
503.75000 -55.43056 0.73615
503.80000 -55.42069 0.72126
503.85000 -55.43220 0.72860
503.90000 -55.44700 0.73255
503.95000 -55.44865 0.73637
504.00000 -55.43220 0.73807
504.05000 -55.43878 0.74433
504.10000 -55.42892 0.73377
504.15000 -55.43549 0.74141
504.20000 -55.44042 0.74978
504.25000 -55.44042 0.72469
504.30000 -55.46180 0.73709
504.35000 -55.43056 0.72187
504.40000 -55.42234 0.74180
504.45000 -55.44042 0.72107
504.50000 -55.43220 0.71893
504.55000 -55.44042 0.71981
504.60000 -55.44207 0.74204
504.65000 -55.44207 0.72269
504.70000 -55.41576 0.73984
504.75000 -55.42892 0.73516
504.80000 -55.42234 0.74219
504.85000 -55.43056 0.76027
504.90000 -55.41412 0.73912
504.95000 -55.40590 0.75307
505.00000 -55.41576 0.74802
505.05000 -55.41412 0.74511
505.10000 -55.41412 0.76240
505.15000 -55.43385 0.73943
505.20000 -55.42892 0.73694
505.25000 -55.42234 0.73742
505.30000 -55.42727 0.74241
505.35000 -55.43385 0.76953
505.40000 -55.41905 0.76973
505.45000 -55.42727 0.78974
505.50000 -55.41905 0.76155
505.55000 -55.40096 0.74541
505.60000 -55.40096 0.76879
505.65000 -55.40261 0.76222
505.70000 -55.41576 0.77676
505.75000 -55.42727 0.75917
505.80000 -55.39768 0.78175
505.85000 -55.40261 0.76252
505.90000 -55.40919 0.76059
505.95000 -55.43549 0.76543
506.00000 -55.42563 0.76373
506.05000 -55.42069 0.78959
506.10000 -55.39932 0.77772
506.15000 -55.40754 0.77317
506.20000 -55.41741 0.78211
506.25000 -55.41905 0.77216
506.30000 -55.41247 0.75826
506.35000 -55.41083 0.77559
506.40000 -55.40261 0.76491
506.45000 -55.40261 0.79440
506.50000 -55.41412 0.78033
506.55000 -55.40261 0.78474
506.60000 -55.41576 0.78311
506.65000 -55.42398 0.77284
506.70000 -55.42398 0.77314
506.75000 -55.42069 0.76551
506.80000 -55.39932 0.78340
506.85000 -55.40261 0.76498
506.90000 -55.40919 0.77431
506.95000 -55.39110 0.77578
507.00000 -55.42563 0.76959
507.05000 -55.40425 0.77808
507.10000 -55.41741 0.75884
507.15000 -55.40261 0.75886
507.20000 -55.40590 0.77519
507.25000 -55.41905 0.77650
507.30000 -55.42563 0.75232
507.35000 -55.43878 0.75999
507.40000 -55.43385 0.75760
507.45000 -55.41905 0.76498
507.50000 -55.43878 0.77651
507.55000 -55.43714 0.76622
507.60000 -55.41412 0.77513
507.65000 -55.40590 0.76269
507.70000 -55.43056 0.75093
507.75000 -55.42563 0.76878
507.80000 -55.43056 0.76734
507.85000 -55.43220 0.77353
507.90000 -55.42727 0.75849
507.95000 -55.44042 0.75084
508.00000 -55.44536 0.76327
508.05000 -55.44700 0.77300
508.10000 -55.44042 0.76771
508.15000 -55.43220 0.76933
508.20000 -55.45358 0.73331
508.25000 -55.44700 0.74112
508.30000 -55.43714 0.75943
508.35000 -55.43385 0.74914
508.40000 -55.44042 0.75515
508.45000 -55.42892 0.73879
508.50000 -55.43878 0.74967
508.55000 -55.45851 0.73842
508.60000 -55.44536 0.75434
508.65000 -55.43385 0.75323
508.70000 -55.43878 0.74410
508.75000 -55.44207 0.75744
508.80000 -55.46838 0.72855
508.85000 -55.46509 0.74673
508.90000 -55.43878 0.75171
508.95000 -55.44371 0.75755
509.00000 -55.44865 0.75250
509.05000 -55.41741 0.78740
509.10000 -55.43549 0.77621
509.15000 -55.43056 0.74865
509.20000 -55.43878 0.76186
509.25000 -55.45687 0.75541
509.30000 -55.43549 0.76936
509.35000 -55.42563 0.76470
509.40000 -55.41905 0.75480
509.45000 -55.39932 0.75280
509.50000 -55.41741 0.74201
509.55000 -55.41905 0.74995
509.60000 -55.41412 0.76053
509.65000 -55.41905 0.76409
509.70000 -55.42892 0.76237
509.75000 -55.43385 0.77879
509.80000 -55.43385 0.77042
509.85000 -55.41741 0.77186
509.90000 -55.41905 0.78132
509.95000 -55.42398 0.75737
510.00000 -55.42234 0.78170
510.05000 -55.42398 0.77637
510.10000 -55.44536 0.77657
510.15000 -55.43878 0.78541
510.20000 -55.45851 0.79834
510.25000 -55.44042 0.74819
510.30000 -55.44536 0.76043
510.35000 -55.43714 0.76896
510.40000 -55.43878 0.76522
510.45000 -55.44536 0.78973
510.50000 -55.44207 0.78075
510.55000 -55.46509 0.77397
510.60000 -55.44865 0.79437
510.65000 -55.45029 0.77186
510.70000 -55.44700 0.77373
510.75000 -55.44207 0.77505
510.80000 -55.43714 0.74582
510.85000 -55.44207 0.76974
510.90000 -55.42727 0.76929
510.95000 -55.44042 0.77200
511.00000 -55.41741 0.79144
511.05000 -55.44700 0.76471
511.10000 -55.44865 0.77317
511.15000 -55.45029 0.79839
511.20000 -55.45522 0.78483
511.25000 -55.43549 0.76207
511.30000 -55.42727 0.75511
511.35000 -55.42563 0.77092
511.40000 -55.41083 0.76866
511.45000 -55.42892 0.75117
511.50000 -55.42234 0.76797
511.55000 -55.43385 0.78367
511.60000 -55.42892 0.76327
511.65000 -55.43385 0.77130
511.70000 -55.42069 0.75186
511.75000 -55.43056 0.76964
511.80000 -55.43056 0.77971
511.85000 -55.44865 0.77625
511.90000 -55.41905 0.76928
511.95000 -55.41247 0.78147
512.00000 -55.43714 0.78696
512.05000 -55.40425 0.77801
512.10000 -55.43220 0.76584
512.15000 -55.43549 0.79268
512.20000 -55.43714 0.77874
512.25000 -55.43220 0.78275
512.30000 -55.43056 0.78740
512.35000 -55.44865 0.79559
512.40000 -55.43385 0.79421
512.45000 -55.43549 0.81575
512.50000 -55.43878 0.79484
512.55000 -55.44371 0.77823
512.60000 -55.44207 0.79699
512.65000 -55.46838 0.78059
512.70000 -55.44865 0.76458
512.75000 -55.43714 0.77845
512.80000 -55.42892 0.79059
512.85000 -55.42234 0.81590
512.90000 -55.41741 0.80414
512.95000 -55.42234 0.80183
513.00000 -55.42069 0.80395
513.05000 -55.42069 0.80557
513.10000 -55.42892 0.81085
513.15000 -55.42069 0.81680
513.20000 -55.43056 0.81504
513.25000 -55.43549 0.82979
513.30000 -55.45029 0.83429
513.35000 -55.44371 0.80193
513.40000 -55.44865 0.82515
513.45000 -55.41576 0.79780
513.50000 -55.42892 0.80839
513.55000 -55.43878 0.82000
513.60000 -55.43878 0.80791
513.65000 -55.43549 0.81693
513.70000 -55.42398 0.82754
513.75000 -55.45029 0.83046
513.80000 -55.43878 0.83199
513.85000 -55.44207 0.82588
513.90000 -55.45358 0.82877
513.95000 -55.45522 0.82822
514.00000 -55.43220 0.83079
514.05000 -55.45522 0.81408
514.10000 -55.45522 0.81338
514.15000 -55.41905 0.82255
514.20000 -55.43385 0.82133
514.25000 -55.41083 0.82873
514.30000 -55.41576 0.82729
514.35000 -55.42892 0.83116
514.40000 -55.42727 0.82388
514.45000 -55.42563 0.81632
514.50000 -55.43056 0.81357
514.55000 -55.42727 0.82581
514.60000 -55.42069 0.81812
514.65000 -55.42069 0.80253
514.70000 -55.43056 0.80159
514.75000 -55.43549 0.81190
514.80000 -55.42892 0.82041
514.85000 -55.44042 0.80406
514.90000 -55.40096 0.80721
514.95000 -55.42069 0.81387
515.00000 -55.41412 0.82043
515.05000 -55.40425 0.80808
515.10000 -55.42069 0.82815
515.15000 -55.42563 0.81757
515.20000 -55.42398 0.79720
515.25000 -55.43056 0.81838
515.30000 -55.41576 0.81892
515.35000 -55.43549 0.83047
515.40000 -55.42563 0.83097
515.45000 -55.42892 0.82311
515.50000 -55.42563 0.83090
515.55000 -55.44042 0.81740
515.60000 -55.44536 0.81602
515.65000 -55.43714 0.80836
515.70000 -55.43056 0.78791
515.75000 -55.41247 0.80951
515.80000 -55.43056 0.82157
515.85000 -55.43714 0.81453
515.90000 -55.43220 0.81850
515.95000 -55.43056 0.80957
516.00000 -55.44371 0.81453
516.05000 -55.41576 0.82536
516.10000 -55.42892 0.81554
516.15000 -55.40261 0.81554
516.20000 -55.40919 0.81443
516.25000 -55.43549 0.81818
516.30000 -55.42727 0.82076
516.35000 -55.43220 0.82839
516.40000 -55.44207 0.81429
516.45000 -55.44042 0.83687
516.50000 -55.44207 0.82609
516.55000 -55.44371 0.83072
516.60000 -55.43385 0.82823
516.65000 -55.45193 0.82172
516.70000 -55.45193 0.83655
516.75000 -55.42727 0.83082
516.80000 -55.45522 0.82932
516.85000 -55.44207 0.83227
516.90000 -55.42069 0.83199
516.95000 -55.43549 0.82518
517.00000 -55.44865 0.81697
517.05000 -55.44371 0.81906
517.10000 -55.45687 0.82912
517.15000 -55.46344 0.82379
517.20000 -55.45029 0.80066
517.25000 -55.44042 0.81990
517.30000 -55.43714 0.82598
517.35000 -55.43220 0.80412
517.40000 -55.41412 0.81967
517.45000 -55.43385 0.82761
517.50000 -55.43549 0.83020
517.55000 -55.42892 0.82061
517.60000 -55.42069 0.81240
517.65000 -55.43385 0.80665
517.70000 -55.40590 0.82815
517.75000 -55.44865 0.80405
517.80000 -55.43878 0.81401
517.85000 -55.40919 0.82367
517.90000 -55.40754 0.81405
517.95000 -55.39932 0.81788
518.00000 -55.42892 0.80888
518.05000 -55.41905 0.81616
518.10000 -55.41905 0.83061
518.15000 -55.40919 0.82257
518.20000 -55.43220 0.82605
518.25000 -55.42234 0.82271
518.30000 -55.40754 0.82330
518.35000 -55.41576 0.82887
518.40000 -55.39932 0.83537
518.45000 -55.39932 0.82398
518.50000 -55.42727 0.82381
518.55000 -55.42398 0.82781
518.60000 -55.41576 0.83591
518.65000 -55.40754 0.82482
518.70000 -55.41412 0.82272
518.75000 -55.40590 0.80932
518.80000 -55.40919 0.82319
518.85000 -55.41741 0.82344
518.90000 -55.40425 0.84411
518.95000 -55.42069 0.84992
519.00000 -55.41741 0.84970
519.05000 -55.42234 0.83432
519.10000 -55.41741 0.84034
519.15000 -55.39932 0.80624
519.20000 -55.39603 0.85165
519.25000 -55.39932 0.81579
519.30000 -55.40261 0.81344
519.35000 -55.38781 0.83048
519.40000 -55.39110 0.82430
519.45000 -55.40590 0.84233
519.50000 -55.40590 0.82305
519.55000 -55.41576 0.82038
519.60000 -55.39932 0.81816
519.65000 -55.38452 0.80718
519.70000 -55.38781 0.81882
519.75000 -55.40425 0.82522
519.80000 -55.38288 0.79651
519.85000 -55.36808 0.81073
519.90000 -55.37630 0.81366
519.95000 -55.39110 0.79542
520.00000 -55.40425 0.81467
520.05000 -55.39603 0.81246
520.10000 -55.40425 0.80214
520.15000 -55.41083 0.79473
520.20000 -55.39110 0.79384
520.25000 -55.39439 0.79855
520.30000 -55.38781 0.78995
520.35000 -55.38123 0.80417
520.40000 -55.38781 0.80854
520.45000 -55.38617 0.78583
520.50000 -55.41741 0.78748
520.55000 -55.41083 0.79150
520.60000 -55.41412 0.77887
520.65000 -55.41247 0.79676
520.70000 -55.43056 0.81154
520.75000 -55.41247 0.81190
520.80000 -55.41412 0.80495
520.85000 -55.41247 0.76676
520.90000 -55.39932 0.76844
520.95000 -55.40096 0.77799
521.00000 -55.40754 0.77824
521.05000 -55.41412 0.79133
521.10000 -55.42234 0.79927
521.15000 -55.40919 0.77055
521.20000 -55.39439 0.77504
521.25000 -55.40425 0.76777
521.30000 -55.39603 0.77913
521.35000 -55.40261 0.77665
521.40000 -55.39932 0.78854
521.45000 -55.39603 0.80039
521.50000 -55.39768 0.80386
521.55000 -55.38452 0.80166
521.60000 -55.37630 0.78105
521.65000 -55.37795 0.79315
521.70000 -55.37466 0.80371
521.75000 -55.38946 0.78323
521.80000 -55.37959 0.78799
521.85000 -55.40261 0.80930
521.90000 -55.39768 0.79474
521.95000 -55.37630 0.78461
522.00000 -55.36644 0.79236
522.05000 -55.39110 0.78323
522.10000 -55.38288 0.76517
522.15000 -55.38288 0.79744
522.20000 -55.39110 0.79082
522.25000 -55.38617 0.79160
522.30000 -55.40096 0.78563
522.35000 -55.39439 0.77695
522.40000 -55.37137 0.79121
522.45000 -55.39110 0.78945
522.50000 -55.38452 0.79639
522.55000 -55.38781 0.81401
522.60000 -55.37301 0.80530
522.65000 -55.36808 0.80233
522.70000 -55.37630 0.80565
522.75000 -55.37630 0.78454
522.80000 -55.38452 0.79223
522.85000 -55.36644 0.79387
522.90000 -55.36644 0.80249
522.95000 -55.37795 0.79644
523.00000 -55.38288 0.81075
523.05000 -55.39110 0.81409
523.10000 -55.40096 0.79392
523.15000 -55.39439 0.81798
523.20000 -55.40096 0.79856
523.25000 -55.40425 0.81096
523.30000 -55.41083 0.81054
523.35000 -55.39274 0.80062
523.40000 -55.37630 0.80012
523.45000 -55.38452 0.81364
523.50000 -55.37959 0.82649
523.55000 -55.38617 0.81728
523.60000 -55.36644 0.79972
523.65000 -55.39110 0.79955
523.70000 -55.39110 0.82953
523.75000 -55.40096 0.83097
523.80000 -55.38617 0.83974
523.85000 -55.39603 0.84150
523.90000 -55.38123 0.81695
523.95000 -55.38123 0.79771
524.00000 -55.38617 0.80670
524.05000 -55.39932 0.81278
524.10000 -55.39768 0.80336
524.15000 -55.40590 0.78938
524.20000 -55.39110 0.80988
524.25000 -55.37795 0.80413
524.30000 -55.39439 0.80572
524.35000 -55.39932 0.81019
524.40000 -55.40590 0.78410
524.45000 -55.40425 0.79773
524.50000 -55.41576 0.81068
524.55000 -55.43056 0.81949
524.60000 -55.43714 0.82763
524.65000 -55.42234 0.81520
524.70000 -55.40261 0.79325
524.75000 -55.40754 0.79559
524.80000 -55.42398 0.80254
524.85000 -55.40096 0.81409
524.90000 -55.41576 0.81019
524.95000 -55.41741 0.81294
525.00000 -55.39603 0.80796
525.05000 -55.42727 0.82076
525.10000 -55.45522 0.80925
525.15000 -55.42563 0.81987
525.20000 -55.42069 0.82021
525.25000 -55.43056 0.83797
525.30000 -55.44371 0.82128
525.35000 -55.43714 0.80044
525.40000 -55.44865 0.80589
525.45000 -55.43056 0.80534
525.50000 -55.44536 0.81449
525.55000 -55.44536 0.81274
525.60000 -55.45193 0.81519
525.65000 -55.44700 0.81360
525.70000 -55.46509 0.81975
525.75000 -55.47166 0.83254
525.80000 -55.46344 0.82289
525.85000 -55.45851 0.81625
525.90000 -55.46344 0.81692
525.95000 -55.46015 0.83335
526.00000 -55.46344 0.83080
526.05000 -55.46673 0.83070
526.10000 -55.46344 0.82998
526.15000 -55.47824 0.81609
526.20000 -55.44536 0.83068
526.25000 -55.46180 0.80337
526.30000 -55.46344 0.80569
526.35000 -55.45358 0.79755
526.40000 -55.46509 0.80730
526.45000 -55.45029 0.81761
526.50000 -55.47166 0.82319
526.55000 -55.46180 0.80231
526.60000 -55.47166 0.78337
526.65000 -55.47331 0.79136
526.70000 -55.47002 0.82770
526.75000 -55.47824 0.83485
526.80000 -55.46509 0.82846
526.85000 -55.46180 0.81239
526.90000 -55.45522 0.81464
526.95000 -55.46509 0.81593
527.00000 -55.45687 0.81869
527.05000 -55.44371 0.80801
527.10000 -55.45851 0.80161
527.15000 -55.45029 0.80223
527.20000 -55.44700 0.80460
527.25000 -55.46344 0.78538
527.30000 -55.47002 0.78384
527.35000 -55.47495 0.80105
527.40000 -55.46838 0.80726
527.45000 -55.46509 0.80271
527.50000 -55.46838 0.81449
527.55000 -55.47331 0.80780
527.60000 -55.46180 0.78915
527.65000 -55.45851 0.79398
527.70000 -55.45851 0.80932
527.75000 -55.45193 0.79382
527.80000 -55.45358 0.80239
527.85000 -55.41905 0.79883
527.90000 -55.44536 0.79968
527.95000 -55.44042 0.80137
528.00000 -55.47331 0.79759
528.05000 -55.45851 0.79312
528.10000 -55.47331 0.77729
528.15000 -55.44042 0.77999
528.20000 -55.44536 0.77452
528.25000 -55.45358 0.75781
528.30000 -55.42892 0.76349
528.35000 -55.44536 0.80025
528.40000 -55.45358 0.80903
528.45000 -55.46509 0.80794
528.50000 -55.47166 0.80946
528.55000 -55.47002 0.78898
528.60000 -55.46344 0.79065
528.65000 -55.45687 0.81114
528.70000 -55.46838 0.81232
528.75000 -55.47166 0.82512
528.80000 -55.47002 0.80998
528.85000 -55.46673 0.80290
528.90000 -55.45687 0.81646
528.95000 -55.44207 0.81534
529.00000 -55.45687 0.81820
529.05000 -55.46015 0.79218
529.10000 -55.47824 0.80684
529.15000 -55.48482 0.82117
529.20000 -55.47988 0.80524
529.25000 -55.46673 0.81800
529.30000 -55.46509 0.79458
529.35000 -55.46509 0.83414
529.40000 -55.46838 0.82193
529.45000 -55.47660 0.82598
529.50000 -55.47660 0.81969
529.55000 -55.46344 0.81552
529.60000 -55.46344 0.82641
529.65000 -55.46180 0.82552
529.70000 -55.46673 0.83487
529.75000 -55.46838 0.79875
529.80000 -55.45193 0.82704
529.85000 -55.44700 0.79061
529.90000 -55.47824 0.78937
529.95000 -55.46673 0.80566
530.00000 -55.45522 0.81604
530.05000 -55.46838 0.81721
530.10000 -55.47495 0.82512
530.15000 -55.46673 0.82168
530.20000 -55.46509 0.84613
530.25000 -55.46509 0.83611
530.30000 -55.44865 0.84215
530.35000 -55.44865 0.82990
530.40000 -55.47166 0.83914
530.45000 -55.45687 0.83731
530.50000 -55.44207 0.81959
530.55000 -55.44207 0.81959
530.60000 -55.45358 0.83192
530.65000 -55.47166 0.83881
530.70000 -55.47166 0.81128
530.75000 -55.45687 0.80558
530.80000 -55.45522 0.82588
530.85000 -55.47331 0.80689
530.90000 -55.47331 0.80928
530.95000 -55.47002 0.81264
531.00000 -55.49633 0.79532
531.05000 -55.47331 0.81559
531.10000 -55.46838 0.78706
531.15000 -55.48153 0.77522
531.20000 -55.49961 0.79692
531.25000 -55.48975 0.76589
531.30000 -55.51441 0.77903
531.35000 -55.52099 0.80303
531.40000 -55.51934 0.80161
531.45000 -55.51606 0.80031
531.50000 -55.51606 0.80109
531.55000 -55.50784 0.78228
531.60000 -55.50784 0.79226
531.65000 -55.51441 0.75484
531.70000 -55.50619 0.77729
531.75000 -55.51277 0.78375
531.80000 -55.51441 0.77309
531.85000 -55.53085 0.77603
531.90000 -55.51770 0.78423
531.95000 -55.51441 0.77449
532.00000 -55.49797 0.76145
532.05000 -55.50290 0.76010
532.10000 -55.51277 0.78033
532.15000 -55.50784 0.78439
532.20000 -55.50455 0.78678
532.25000 -55.50948 0.78290
532.30000 -55.47824 0.78365
532.35000 -55.48317 0.78957
532.40000 -55.48317 0.76460
532.45000 -55.49797 0.76301
532.50000 -55.48317 0.76519
532.55000 -55.48482 0.77017
532.60000 -55.48482 0.76647
532.65000 -55.48646 0.75991
532.70000 -55.48482 0.75848
532.75000 -55.49797 0.75469
532.80000 -55.47002 0.74734
532.85000 -55.48482 0.74942
532.90000 -55.48153 0.76115
532.95000 -55.46838 0.75230
533.00000 -55.48646 0.77298
533.05000 -55.47331 0.76741
533.10000 -55.47002 0.76903
533.15000 -55.45851 0.77336
533.20000 -55.48317 0.77075
533.25000 -55.47331 0.75718
533.30000 -55.47988 0.76471
533.35000 -55.48811 0.75917
533.40000 -55.49139 0.74853
533.45000 -55.48811 0.76164
533.50000 -55.47002 0.74879
533.55000 -55.47331 0.72634
533.60000 -55.48153 0.74199
533.65000 -55.47166 0.76313
533.70000 -55.46838 0.75841
533.75000 -55.44371 0.76160
533.80000 -55.46509 0.75205
533.85000 -55.46344 0.74644
533.90000 -55.46344 0.74331
533.95000 -55.45029 0.74736
534.00000 -55.45029 0.74857
534.05000 -55.45193 0.74973
534.10000 -55.44865 0.75393
534.15000 -55.47166 0.73587
534.20000 -55.44371 0.75190
534.25000 -55.45851 0.74403
534.30000 -55.46838 0.74836
534.35000 -55.46838 0.75547
534.40000 -55.46015 0.76988
534.45000 -55.45358 0.75804
534.50000 -55.44536 0.77906
534.55000 -55.44700 0.76634
534.60000 -55.44371 0.77735
534.65000 -55.46180 0.77782
534.70000 -55.45193 0.79776
534.75000 -55.47002 0.78544
534.80000 -55.46015 0.78213
534.85000 -55.48317 0.78364
534.90000 -55.47824 0.76140
534.95000 -55.47002 0.75053
535.00000 -55.49139 0.74211
535.05000 -55.48317 0.77707
535.10000 -55.47495 0.76693
535.15000 -55.50290 0.76711
535.20000 -55.49633 0.78935
535.25000 -55.49633 0.78422
535.30000 -55.48482 0.79390
535.35000 -55.47660 0.80490
535.40000 -55.47988 0.77799
535.45000 -55.46509 0.78869
535.50000 -55.47988 0.79949
535.55000 -55.49633 0.79137
535.60000 -55.46673 0.78512
535.65000 -55.45687 0.79226
535.70000 -55.47988 0.79528
535.75000 -55.47331 0.80519
535.80000 -55.45358 0.79769
535.85000 -55.48153 0.80716
535.90000 -55.46838 0.80993
535.95000 -55.45851 0.79046
536.00000 -55.46015 0.78583
536.05000 -55.46180 0.78619
536.10000 -55.44700 0.78244
536.15000 -55.47002 0.75680
536.20000 -55.45687 0.77490
536.25000 -55.45851 0.76552
536.30000 -55.45687 0.77255
536.35000 -55.46673 0.77908
536.40000 -55.46838 0.77899
536.45000 -55.45687 0.78483
536.50000 -55.45851 0.78024
536.55000 -55.46180 0.77047
536.60000 -55.44865 0.80469
536.65000 -55.47166 0.78960
536.70000 -55.45358 0.80692
536.75000 -55.44207 0.78844
536.80000 -55.43385 0.77182
536.85000 -55.44865 0.78224
536.90000 -55.43549 0.79390
536.95000 -55.44865 0.77383
537.00000 -55.43549 0.76304
537.05000 -55.43220 0.76785
537.10000 -55.45029 0.76124
537.15000 -55.43549 0.79604
537.20000 -55.43549 0.75998
537.25000 -55.44042 0.75854
537.30000 -55.44865 0.79566
537.35000 -55.46015 0.77885
537.40000 -55.45851 0.78475
537.45000 -55.45029 0.79839
537.50000 -55.44536 0.78669
537.55000 -55.44536 0.80648
537.60000 -55.44207 0.79527
537.65000 -55.43878 0.81156
537.70000 -55.42069 0.82677
537.75000 -55.43056 0.84027
537.80000 -55.43878 0.84158
537.85000 -55.44042 0.81489
537.90000 -55.44042 0.81698
537.95000 -55.45029 0.82716
538.00000 -55.42563 0.82747
538.05000 -55.43549 0.81232
538.10000 -55.44207 0.82891
538.15000 -55.45358 0.82615
538.20000 -55.45029 0.82572
538.25000 -55.44536 0.82532
538.30000 -55.44536 0.81190
538.35000 -55.44865 0.81850
538.40000 -55.43549 0.83396
538.45000 -55.45029 0.83633
538.50000 -55.45029 0.84520
538.55000 -55.45687 0.83881
538.60000 -55.45193 0.80979
538.65000 -55.48646 0.83486
538.70000 -55.48153 0.83502
538.75000 -55.47824 0.83519
538.80000 -55.46838 0.84804
538.85000 -55.45851 0.81436
538.90000 -55.47331 0.81370
538.95000 -55.46180 0.81616
539.00000 -55.45687 0.82678
539.05000 -55.44700 0.83084
539.10000 -55.46015 0.83007
539.15000 -55.45193 0.80754
539.20000 -55.44700 0.81848
539.25000 -55.47166 0.83042
539.30000 -55.46838 0.82311
539.35000 -55.47988 0.83180
539.40000 -55.45522 0.82973
539.45000 -55.45193 0.80641
539.50000 -55.46344 0.81831
539.55000 -55.46180 0.81971
539.60000 -55.45193 0.83961
539.65000 -55.46673 0.80855
539.70000 -55.44865 0.80822
539.75000 -55.45522 0.81093
539.80000 -55.43549 0.82068
539.85000 -55.45193 0.82566
539.90000 -55.45193 0.80422
539.95000 -55.45358 0.80931
540.00000 -55.43220 0.82653
540.05000 -55.47495 0.79369
540.10000 -55.45851 0.79741
540.15000 -55.45193 0.81078
540.20000 -55.45851 0.81093
540.25000 -55.45193 0.82442
540.30000 -55.44371 0.80519
540.35000 -55.45851 0.80395
540.40000 -55.45522 0.81973
540.45000 -55.46344 0.79517
540.50000 -55.46344 0.79689
540.55000 -55.44865 0.80441
540.60000 -55.44371 0.80864
540.65000 -55.44700 0.80006
540.70000 -55.44371 0.81229
540.75000 -55.43220 0.81975
540.80000 -55.43714 0.81663
540.85000 -55.46015 0.79784
540.90000 -55.44865 0.79257
540.95000 -55.45522 0.80062
541.00000 -55.46015 0.81833
541.05000 -55.42892 0.81414
541.10000 -55.43878 0.82305
541.15000 -55.44042 0.80300
541.20000 -55.45358 0.82753
541.25000 -55.44700 0.82555
541.30000 -55.44536 0.82986
541.35000 -55.43385 0.83657
541.40000 -55.43549 0.83444
541.45000 -55.42398 0.81702
541.50000 -55.41576 0.82453
541.55000 -55.44042 0.80991
541.60000 -55.43714 0.82901
541.65000 -55.45687 0.84604
541.70000 -55.43056 0.82524
541.75000 -55.43549 0.84467
541.80000 -55.45029 0.84534
541.85000 -55.43878 0.83745
541.90000 -55.43056 0.85117
541.95000 -55.42398 0.82450
542.00000 -55.42563 0.83670
542.05000 -55.43878 0.85046
542.10000 -55.44207 0.83656
542.15000 -55.42892 0.86188
542.20000 -55.42892 0.85871
542.25000 -55.42234 0.85553
542.30000 -55.41741 0.87009
542.35000 -55.41412 0.86789
542.40000 -55.42892 0.86800
542.45000 -55.42563 0.86302
542.50000 -55.42234 0.84986
542.55000 -55.43549 0.84978
542.60000 -55.41741 0.83932
542.65000 -55.43220 0.85476
542.70000 -55.42727 0.87180
542.75000 -55.44371 0.84982
542.80000 -55.42398 0.86143
542.85000 -55.42563 0.85892
542.90000 -55.40261 0.86248
542.95000 -55.42069 0.86262
543.00000 -55.41412 0.86342
543.05000 -55.41741 0.84102
543.10000 -55.41741 0.83087
543.15000 -55.42234 0.82340
543.20000 -55.40096 0.84530
543.25000 -55.40754 0.84256
543.30000 -55.39439 0.84999
543.35000 -55.40096 0.85114
543.40000 -55.42398 0.85746
543.45000 -55.40425 0.83741
543.50000 -55.41247 0.85432
543.55000 -55.39603 0.84898
543.60000 -55.40919 0.86913
543.65000 -55.42069 0.85905
543.70000 -55.38946 0.86090
543.75000 -55.37959 0.85685
543.80000 -55.40590 0.86919
543.85000 -55.40919 0.87474
543.90000 -55.39274 0.86834
543.95000 -55.39768 0.85151
544.00000 -55.39768 0.86635
544.05000 -55.37959 0.87635
544.10000 -55.38123 0.85154
544.15000 -55.38946 0.85699
544.20000 -55.38452 0.85922
544.25000 -55.37795 0.84505
544.30000 -55.38781 0.86030
544.35000 -55.38617 0.85058
544.40000 -55.39439 0.82897
544.45000 -55.37795 0.85556
544.50000 -55.37795 0.85143
544.55000 -55.37795 0.84458
544.60000 -55.36808 0.84577
544.65000 -55.36644 0.83775
544.70000 -55.38946 0.84030
544.75000 -55.40425 0.85456
544.80000 -55.37301 0.83772
544.85000 -55.37795 0.84033
544.90000 -55.35986 0.83609
544.95000 -55.35822 0.82292
545.00000 -55.36973 0.83974
545.05000 -55.36479 0.83898
545.10000 -55.35986 0.84408
545.15000 -55.36808 0.83807
545.20000 -55.36808 0.84873
545.25000 -55.35328 0.82697
545.30000 -55.37137 0.85450
545.35000 -55.35657 0.84145
545.40000 -55.35986 0.82650
545.45000 -55.37466 0.85497
545.50000 -55.36150 0.86110
545.55000 -55.36644 0.82907
545.60000 -55.37466 0.83244
545.65000 -55.36808 0.85833
545.70000 -55.37466 0.84902
545.75000 -55.36315 0.83940
545.80000 -55.36808 0.83234
545.85000 -55.34506 0.83373
545.90000 -55.36644 0.82114
545.95000 -55.35986 0.82568
546.00000 -55.35986 0.83021
546.05000 -55.37795 0.83856
546.10000 -55.37630 0.82581
546.15000 -55.36479 0.81580
546.20000 -55.34835 0.81835
546.25000 -55.35822 0.81938
546.30000 -55.36644 0.82639
546.35000 -55.36644 0.82653
546.40000 -55.35000 0.82190
546.45000 -55.33849 0.83045
546.50000 -55.33520 0.83501
546.55000 -55.34177 0.82888
546.60000 -55.35328 0.83191
546.65000 -55.36808 0.83371
546.70000 -55.36315 0.80888
546.75000 -55.34506 0.79794
546.80000 -55.36315 0.81672
546.85000 -55.36644 0.81648
546.90000 -55.36808 0.80148
546.95000 -55.35000 0.80122
547.00000 -55.34835 0.80375
547.05000 -55.36973 0.82027
547.10000 -55.36808 0.81570
547.15000 -55.34671 0.82103
547.20000 -55.36150 0.82560
547.25000 -55.35328 0.82158
547.30000 -55.36315 0.80839
547.35000 -55.36808 0.80848
547.40000 -55.37630 0.81037
547.45000 -55.36808 0.81967
547.50000 -55.36150 0.82470
547.55000 -55.36315 0.82504
547.60000 -55.35657 0.81527
547.65000 -55.35657 0.81987
547.70000 -55.35493 0.79791
547.75000 -55.38781 0.80239
547.80000 -55.37301 0.80325
547.85000 -55.36973 0.80082
547.90000 -55.37301 0.80424
547.95000 -55.38781 0.79884
548.00000 -55.36150 0.81965
548.05000 -55.35822 0.80261
548.10000 -55.37301 0.80981
548.15000 -55.36479 0.82060
548.20000 -55.36808 0.80925
548.25000 -55.37630 0.82671
548.30000 -55.36808 0.81192
548.35000 -55.36315 0.78742
548.40000 -55.36479 0.79539
548.45000 -55.37630 0.79991
548.50000 -55.38946 0.79984
548.55000 -55.38617 0.80937
548.60000 -55.38452 0.79288
548.65000 -55.38452 0.80336
548.70000 -55.37137 0.80632
548.75000 -55.39274 0.79856
548.80000 -55.40425 0.79150
548.85000 -55.38452 0.79667
548.90000 -55.39439 0.79926
548.95000 -55.39932 0.78847
549.00000 -55.40261 0.80500
549.05000 -55.41083 0.79723
549.10000 -55.40754 0.80137
549.15000 -55.40096 0.80091
549.20000 -55.39439 0.79283
549.25000 -55.42398 0.80105
549.30000 -55.41083 0.80949
549.35000 -55.42563 0.80034
549.40000 -55.39439 0.80437
549.45000 -55.41741 0.78762
549.50000 -55.41083 0.79516
549.55000 -55.40590 0.80296
549.60000 -55.40096 0.81619
549.65000 -55.42727 0.79319
549.70000 -55.41412 0.79263
549.75000 -55.43714 0.78681
549.80000 -55.41412 0.78135
549.85000 -55.44207 0.77607
549.90000 -55.44865 0.78746
549.95000 -55.43385 0.79399
