0.00000 -53.27098 0.90759
0.05000 -53.30777 0.90569
0.10000 -53.30789 0.90675
0.15000 -53.30728 0.90361
0.20000 -53.30991 0.90644
0.25000 -53.30855 0.90656
0.30000 -53.31163 0.90696
0.35000 -53.30826 0.90918
0.40000 -53.30674 0.90531
0.45000 -53.30580 0.90640
0.50000 -53.30609 0.90638
0.55000 -53.30761 0.90814
0.60000 -53.30789 0.91014
0.65000 -53.30818 0.90637
0.70000 -53.30802 0.90567
0.75000 -53.30888 0.90810
0.80000 -53.30744 0.90563
0.85000 -53.30769 0.90847
0.90000 -53.30880 0.90530
0.95000 -53.30695 0.90707
1.00000 -53.30859 0.90549
1.05000 -53.30839 0.90622
1.10000 -53.30892 0.90647
1.15000 -53.30818 0.90356
1.20000 -53.30629 0.90708
1.25000 -53.30978 0.90391
1.30000 -53.31052 0.90094
1.35000 -53.30670 0.90047
1.40000 -53.30452 0.90203
1.45000 -53.30748 0.90116
1.50000 -53.30962 0.90024
1.55000 -53.30276 0.90252
1.60000 -53.30489 0.90092
1.65000 -53.30629 0.90267
1.70000 -53.30670 0.90129
1.75000 -53.30551 0.90220
1.80000 -53.30489 0.90279
1.85000 -53.30436 0.90303
1.90000 -53.30255 0.90369
1.95000 -53.30539 0.90154
2.00000 -53.30765 0.90113
2.05000 -53.31114 0.90495
2.10000 -53.30670 0.90411
2.15000 -53.30465 0.90850
2.20000 -53.30588 0.90574
2.25000 -53.30456 0.90848
2.30000 -53.30313 0.90918
2.35000 -53.30313 0.90972
2.40000 -53.30950 0.91195
2.45000 -53.30559 0.91286
2.50000 -53.30448 0.91176
2.55000 -53.30670 0.91292
2.60000 -53.30789 0.91441
2.65000 -53.30477 0.91233
2.70000 -53.30234 0.91226
2.75000 -53.30185 0.91453
2.80000 -53.30259 0.91145
2.85000 -53.30259 0.91226
2.90000 -53.30234 0.91115
2.95000 -53.30267 0.91031
3.00000 -53.30111 0.91229
3.05000 -53.30095 0.91224
3.10000 -53.30358 0.91460
3.15000 -53.30514 0.91300
3.20000 -53.30370 0.91194
3.25000 -53.30198 0.91112
3.30000 -53.30374 0.91189
3.35000 -53.30432 0.91097
3.40000 -53.30119 0.91114
3.45000 -53.30526 0.90938
3.50000 -53.30341 0.90813
3.55000 -53.30732 0.90734
3.60000 -53.30958 0.91106
3.65000 -53.30851 0.90985
3.70000 -53.30687 0.90778
3.75000 -53.31003 0.91087
3.80000 -53.31163 0.90945
3.85000 -53.30999 0.91119
3.90000 -53.31402 0.90740
3.95000 -53.31168 0.90604
4.00000 -53.31246 0.90874
4.05000 -53.31258 0.90891
4.10000 -53.31044 0.90655
4.15000 -53.31340 0.90435
4.20000 -53.31402 0.90466
4.25000 -53.31722 0.90575
4.30000 -53.31196 0.90403
4.35000 -53.31291 0.90599
4.40000 -53.31464 0.90396
4.45000 -53.31237 0.90547
4.50000 -53.31209 0.90532
4.55000 -53.31373 0.90681
4.60000 -53.31554 0.90443
4.65000 -53.31501 0.90688
4.70000 -53.31303 0.90834
4.75000 -53.31225 0.90924
4.80000 -53.31361 0.91198
4.85000 -53.31550 0.91003
4.90000 -53.31673 0.90850
4.95000 -53.31587 0.91055
5.00000 -53.31648 0.91062
5.05000 -53.31681 0.91211
5.10000 -53.31788 0.91368
5.15000 -53.31858 0.91191
5.20000 -53.31677 0.91423
5.25000 -53.32105 0.91639
5.30000 -53.32183 0.91495
5.35000 -53.32228 0.91669
5.40000 -53.32306 0.91913
5.45000 -53.32162 0.91744
5.50000 -53.32298 0.91756
5.55000 -53.32331 0.91667
5.60000 -53.32179 0.91430
5.65000 -53.31924 0.91698
5.70000 -53.31928 0.91799
5.75000 -53.31854 0.91575
5.80000 -53.32031 0.91598
5.85000 -53.32027 0.91503
5.90000 -53.32179 0.91844
5.95000 -53.32820 0.91456
6.00000 -53.32446 0.91646
6.05000 -53.32306 0.91622
6.10000 -53.32314 0.91679
6.15000 -53.32569 0.91538
6.20000 -53.32286 0.91737
6.25000 -53.32187 0.91772
6.30000 -53.32508 0.91859
6.35000 -53.32783 0.91970
6.40000 -53.32627 0.91897
6.45000 -53.32606 0.91716
6.50000 -53.32779 0.91706
6.55000 -53.32586 0.91718
6.60000 -53.32738 0.91507
6.65000 -53.32520 0.91546
6.70000 -53.32951 0.91460
6.75000 -53.32425 0.91682
6.80000 -53.32450 0.91875
6.85000 -53.32458 0.91560
6.90000 -53.32767 0.91635
6.95000 -53.32873 0.91918
7.00000 -53.32775 0.91820
7.05000 -53.32857 0.91817
7.10000 -53.33025 0.91791
7.15000 -53.32536 0.91539
7.20000 -53.32717 0.91326
7.25000 -53.32701 0.91307
7.30000 -53.32869 0.91344
7.35000 -53.32553 0.91120
7.40000 -53.32713 0.90969
7.45000 -53.32651 0.91367
7.50000 -53.32623 0.91459
7.55000 -53.32660 0.91452
7.60000 -53.32873 0.90765
7.65000 -53.32545 0.90945
7.70000 -53.32713 0.90907
7.75000 -53.33062 0.91038
7.80000 -53.32635 0.91083
7.85000 -53.33009 0.90940
7.90000 -53.32787 0.91071
7.95000 -53.32762 0.91212
8.00000 -53.32758 0.91445
8.05000 -53.32680 0.91319
8.10000 -53.32668 0.91537
8.15000 -53.32808 0.91362
8.20000 -53.32865 0.91402
8.25000 -53.32820 0.91697
8.30000 -53.32627 0.91447
8.35000 -53.32586 0.91475
8.40000 -53.32610 0.91296
8.45000 -53.33034 0.91265
8.50000 -53.32812 0.91402
8.55000 -53.32836 0.91564
8.60000 -53.32709 0.91491
8.65000 -53.32392 0.91200
8.70000 -53.32557 0.91161
8.75000 -53.32532 0.90870
8.80000 -53.32758 0.91125
8.85000 -53.32302 0.91045
8.90000 -53.32516 0.91280
8.95000 -53.32450 0.91374
9.00000 -53.32627 0.91335
9.05000 -53.32734 0.91358
9.10000 -53.32442 0.91405
9.15000 -53.32594 0.91415
9.20000 -53.32446 0.91367
9.25000 -53.32290 0.91213
9.30000 -53.32479 0.91097
9.35000 -53.32228 0.91032
9.40000 -53.32051 0.91102
9.45000 -53.31977 0.91011
9.50000 -53.32257 0.91171
9.55000 -53.32158 0.90683
9.60000 -53.31928 0.90781
9.65000 -53.31961 0.90788
9.70000 -53.31698 0.91080
9.75000 -53.31677 0.91301
9.80000 -53.31661 0.91315
9.85000 -53.31554 0.91110
9.90000 -53.31307 0.90986
9.95000 -53.31410 0.91042
10.00000 -53.31118 0.90898
10.05000 -53.31122 0.91068
10.10000 -53.31151 0.91245
10.15000 -53.31192 0.91258
10.20000 -53.31233 0.91096
10.25000 -53.31316 0.91043
10.30000 -53.31574 0.91361
10.35000 -53.31307 0.91514
10.40000 -53.31332 0.91645
10.45000 -53.31344 0.91574
10.50000 -53.31135 0.91644
10.55000 -53.31607 0.91896
10.60000 -53.31311 0.92033
10.65000 -53.31505 0.92069
10.70000 -53.31459 0.92355
10.75000 -53.31484 0.92258
10.80000 -53.31595 0.92231
10.85000 -53.31451 0.91999
10.90000 -53.31727 0.92214
10.95000 -53.31513 0.92040
11.00000 -53.31361 0.92002
11.05000 -53.31410 0.92400
11.10000 -53.31562 0.92431
11.15000 -53.31546 0.92211
11.20000 -53.31727 0.92427
11.25000 -53.31501 0.92343
11.30000 -53.31402 0.92526
11.35000 -53.31439 0.92379
11.40000 -53.31381 0.92579
11.45000 -53.31472 0.92466
11.50000 -53.31287 0.92551
11.55000 -53.31155 0.92478
11.60000 -53.31172 0.92714
11.65000 -53.31332 0.92615
11.70000 -53.31295 0.92324
11.75000 -53.31242 0.92258
11.80000 -53.31320 0.92209
11.85000 -53.31373 0.92247
11.90000 -53.31348 0.91937
11.95000 -53.31476 0.92011
12.00000 -53.31274 0.92119
12.05000 -53.31168 0.92017
12.10000 -53.31320 0.92220
12.15000 -53.31406 0.92302
12.20000 -53.31554 0.91700
12.25000 -53.31250 0.91481
12.30000 -53.31295 0.91774
12.35000 -53.31151 0.91838
12.40000 -53.31143 0.91790
12.45000 -53.31377 0.91593
12.50000 -53.31328 0.91273
12.55000 -53.31069 0.91455
12.60000 -53.31085 0.91622
12.65000 -53.31258 0.91570
12.70000 -53.31283 0.91818
12.75000 -53.31233 0.91909
12.80000 -53.31788 0.91960
12.85000 -53.31509 0.92093
12.90000 -53.31509 0.91852
12.95000 -53.31525 0.91706
13.00000 -53.31521 0.91355
13.05000 -53.31414 0.91201
13.10000 -53.31464 0.91350
13.15000 -53.31369 0.91350
13.20000 -53.31611 0.91524
13.25000 -53.31747 0.91565
13.30000 -53.31484 0.91421
13.35000 -53.31702 0.91038
13.40000 -53.31870 0.90900
13.45000 -53.31681 0.91097
13.50000 -53.31636 0.91574
13.55000 -53.31291 0.91524
13.60000 -53.31546 0.91423
13.65000 -53.31916 0.91580
13.70000 -53.31698 0.91902
13.75000 -53.31574 0.91605
13.80000 -53.31447 0.91279
13.85000 -53.31459 0.91225
13.90000 -53.31336 0.91618
13.95000 -53.31172 0.91819
14.00000 -53.31468 0.91869
14.05000 -53.31283 0.91782
14.10000 -53.31065 0.91595
14.15000 -53.31077 0.91676
14.20000 -53.31373 0.91893
14.25000 -53.31410 0.91728
14.30000 -53.31410 0.91749
14.35000 -53.31320 0.92071
14.40000 -53.31233 0.92102
14.45000 -53.31505 0.92252
14.50000 -53.31246 0.92214
14.55000 -53.31036 0.92376
14.60000 -53.30839 0.92313
14.65000 -53.31159 0.92586
14.70000 -53.30974 0.92353
14.75000 -53.30814 0.92640
14.80000 -53.30847 0.92767
14.85000 -53.31102 0.92728
14.90000 -53.31147 0.92829
14.95000 -53.31122 0.92763
15.00000 -53.31159 0.93074
15.05000 -53.31316 0.92738
15.10000 -53.31480 0.93029
15.15000 -53.31455 0.92636
15.20000 -53.31546 0.92771
15.25000 -53.31998 0.93017
15.30000 -53.32055 0.93034
15.35000 -53.31903 0.93060
15.40000 -53.31747 0.92747
15.45000 -53.31780 0.92796
15.50000 -53.31570 0.92764
15.55000 -53.31768 0.92784
15.60000 -53.31875 0.92765
15.65000 -53.31936 0.92448
15.70000 -53.31998 0.92610
15.75000 -53.32010 0.92850
15.80000 -53.32150 0.92901
15.85000 -53.31998 0.92740
15.90000 -53.32121 0.92977
15.95000 -53.31788 0.92963
16.00000 -53.32265 0.92834
16.05000 -53.31850 0.92789
16.10000 -53.32039 0.93119
16.15000 -53.32236 0.92610
16.20000 -53.32376 0.92731
16.25000 -53.32224 0.92697
16.30000 -53.32417 0.92665
16.35000 -53.32142 0.92798
16.40000 -53.32138 0.92913
16.45000 -53.32244 0.93047
16.50000 -53.32392 0.93094
16.55000 -53.32376 0.93295
16.60000 -53.32281 0.93012
16.65000 -53.32516 0.93278
16.70000 -53.32405 0.93380
16.75000 -53.32466 0.93384
16.80000 -53.32520 0.93298
16.85000 -53.32347 0.93403
16.90000 -53.32442 0.93038
16.95000 -53.32060 0.93427
17.00000 -53.31949 0.93382
17.05000 -53.32113 0.93249
17.10000 -53.31883 0.93076
17.15000 -53.32060 0.92989
17.20000 -53.32323 0.92800
17.25000 -53.32257 0.92448
17.30000 -53.32323 0.92739
17.35000 -53.32462 0.92538
17.40000 -53.32064 0.92326
17.45000 -53.32240 0.92363
17.50000 -53.32150 0.92254
17.55000 -53.32138 0.92099
17.60000 -53.32138 0.91978
17.65000 -53.31965 0.91942
17.70000 -53.31903 0.91837
17.75000 -53.32105 0.91937
17.80000 -53.31936 0.91560
17.85000 -53.32010 0.92005
17.90000 -53.32088 0.91699
17.95000 -53.31891 0.91679
18.00000 -53.32117 0.91850
18.05000 -53.32199 0.91710
18.10000 -53.32134 0.91956
18.15000 -53.31940 0.91790
18.20000 -53.32228 0.91691
18.25000 -53.32236 0.91600
18.30000 -53.31928 0.91921
18.35000 -53.32039 0.91988
18.40000 -53.31624 0.92156
18.45000 -53.31768 0.92010
18.50000 -53.31813 0.92257
18.55000 -53.31648 0.91975
18.60000 -53.31722 0.91966
18.65000 -53.31587 0.92074
18.70000 -53.31579 0.92030
18.75000 -53.31513 0.92368
18.80000 -53.31838 0.92279
18.85000 -53.31468 0.92667
18.90000 -53.31620 0.92295
18.95000 -53.31427 0.92336
19.00000 -53.31377 0.92325
19.05000 -53.31603 0.92606
19.10000 -53.31587 0.92722
19.15000 -53.31595 0.92490
19.20000 -53.31838 0.92585
19.25000 -53.31677 0.92698
19.30000 -53.31842 0.92769
19.35000 -53.32051 0.92444
19.40000 -53.31879 0.92521
19.45000 -53.31801 0.92360
19.50000 -53.31714 0.92992
19.55000 -53.31928 0.92967
19.60000 -53.31464 0.93025
19.65000 -53.31270 0.93217
19.70000 -53.31525 0.92944
19.75000 -53.31406 0.93111
19.80000 -53.31603 0.93048
19.85000 -53.31328 0.92963
19.90000 -53.31254 0.92992
19.95000 -53.31287 0.92883
20.00000 -53.31126 0.93060
20.05000 -53.31427 0.92987
20.10000 -53.31443 0.93076
20.15000 -53.31517 0.93100
20.20000 -53.31574 0.92865
20.25000 -53.31089 0.92777
20.30000 -53.31200 0.92835
20.35000 -53.31159 0.92695
20.40000 -53.31168 0.92595
20.45000 -53.31357 0.92557
20.50000 -53.31098 0.92277
20.55000 -53.31180 0.92375
20.60000 -53.30995 0.92310
20.65000 -53.31311 0.92518
20.70000 -53.31303 0.92488
20.75000 -53.31114 0.92603
20.80000 -53.31303 0.92545
20.85000 -53.31628 0.92036
20.90000 -53.31488 0.92387
20.95000 -53.31406 0.92137
21.00000 -53.31455 0.91924
21.05000 -53.31603 0.92138
21.10000 -53.31566 0.91826
21.15000 -53.31517 0.91985
21.20000 -53.31546 0.91911
21.25000 -53.31492 0.92174
21.30000 -53.31706 0.91864
21.35000 -53.31751 0.91813
21.40000 -53.31727 0.91662
21.45000 -53.32047 0.91610
21.50000 -53.32072 0.91445
21.55000 -53.31936 0.91567
21.60000 -53.31961 0.91537
21.65000 -53.31957 0.91050
21.70000 -53.32236 0.91023
21.75000 -53.32183 0.91495
21.80000 -53.31772 0.91622
21.85000 -53.32068 0.91484
21.90000 -53.32146 0.91751
21.95000 -53.31854 0.91711
22.00000 -53.32134 0.91483
22.05000 -53.31940 0.91530
22.10000 -53.32175 0.91653
22.15000 -53.31928 0.91707
22.20000 -53.32105 0.91950
22.25000 -53.32549 0.92013
22.30000 -53.32286 0.91840
22.35000 -53.32084 0.91880
22.40000 -53.32043 0.91899
22.45000 -53.32101 0.91873
22.50000 -53.32142 0.91682
22.55000 -53.32002 0.91642
22.60000 -53.31944 0.91547
22.65000 -53.32097 0.91762
22.70000 -53.31784 0.91783
22.75000 -53.31776 0.91908
22.80000 -53.31624 0.91494
22.85000 -53.31225 0.91704
22.90000 -53.31517 0.91554
22.95000 -53.31196 0.91615
23.00000 -53.31566 0.91613
23.05000 -53.31402 0.91440
23.10000 -53.31722 0.91480
23.15000 -53.31587 0.91406
23.20000 -53.31558 0.91508
23.25000 -53.31694 0.91797
23.30000 -53.31529 0.91499
23.35000 -53.31492 0.91538
23.40000 -53.31283 0.91493
23.45000 -53.31328 0.91517
23.50000 -53.31221 0.91491
23.55000 -53.31287 0.91423
23.60000 -53.30941 0.91482
23.65000 -53.31274 0.91576
23.70000 -53.31196 0.91257
23.75000 -53.30946 0.91166
23.80000 -53.30991 0.91066
23.85000 -53.31085 0.91088
23.90000 -53.30954 0.91101
23.95000 -53.31147 0.91059
24.00000 -53.31291 0.91012
24.05000 -53.31089 0.91105
24.10000 -53.31098 0.90923
24.15000 -53.31332 0.90811
24.20000 -53.31237 0.90940
24.25000 -53.31357 0.90921
24.30000 -53.31661 0.90550
24.35000 -53.31710 0.90459
24.40000 -53.31858 0.90568
24.45000 -53.31813 0.90673
24.50000 -53.31566 0.90950
24.55000 -53.31673 0.90783
24.60000 -53.31414 0.90727
24.65000 -53.31348 0.90730
24.70000 -53.31505 0.90868
24.75000 -53.31690 0.90918
24.80000 -53.31542 0.90506
24.85000 -53.31665 0.90543
24.90000 -53.31924 0.90661
24.95000 -53.31558 0.90648
25.00000 -53.31361 0.90551
25.05000 -53.31385 0.90842
25.10000 -53.31414 0.90975
25.15000 -53.31768 0.90663
25.20000 -53.31607 0.90803
25.25000 -53.31632 0.90768
25.30000 -53.31969 0.90920
25.35000 -53.31747 0.91202
25.40000 -53.31690 0.90664
25.45000 -53.31801 0.90643
25.50000 -53.32018 0.90564
25.55000 -53.31940 0.90671
25.60000 -53.31899 0.90567
25.65000 -53.31690 0.90400
25.70000 -53.31944 0.90482
25.75000 -53.31940 0.90616
25.80000 -53.32158 0.90231
25.85000 -53.31870 0.90258
25.90000 -53.31965 0.90286
25.95000 -53.32273 0.90076
26.00000 -53.32499 0.89936
26.05000 -53.32228 0.89817
26.10000 -53.32302 0.89746
26.15000 -53.32709 0.89718
26.20000 -53.32244 0.89569
26.25000 -53.32627 0.89641
26.30000 -53.32762 0.89415
26.35000 -53.32306 0.89308
26.40000 -53.32725 0.89461
26.45000 -53.32623 0.89385
26.50000 -53.32758 0.89410
26.55000 -53.32787 0.89461
26.60000 -53.32454 0.89666
26.65000 -53.32376 0.89920
26.70000 -53.32273 0.89970
26.75000 -53.32314 0.90091
26.80000 -53.32849 0.90428
26.85000 -53.32795 0.90296
26.90000 -53.32639 0.90327
26.95000 -53.32738 0.90148
27.00000 -53.32968 0.90407
27.05000 -53.32902 0.90483
27.10000 -53.32906 0.90422
27.15000 -53.32779 0.90359
27.20000 -53.32804 0.90259
27.25000 -53.32832 0.90345
27.30000 -53.32734 0.90338
27.35000 -53.32828 0.90457
27.40000 -53.32738 0.90478
27.45000 -53.32853 0.90109
27.50000 -53.32614 0.90261
27.55000 -53.32758 0.90354
27.60000 -53.32561 0.90470
27.65000 -53.32680 0.90119
27.70000 -53.32701 0.89922
27.75000 -53.32446 0.89952
27.80000 -53.32656 0.89908
27.85000 -53.32487 0.90177
27.90000 -53.32446 0.90223
27.95000 -53.32401 0.90206
28.00000 -53.32384 0.90209
28.05000 -53.32606 0.90043
28.10000 -53.32503 0.90166
28.15000 -53.32446 0.90077
28.20000 -53.32688 0.89824
28.25000 -53.32717 0.90035
28.30000 -53.32767 0.90238
28.35000 -53.32684 0.90221
28.40000 -53.32647 0.90264
28.45000 -53.32861 0.90247
28.50000 -53.32865 0.90540
28.55000 -53.33190 0.90608
28.60000 -53.33482 0.90479
28.65000 -53.32910 0.90657
28.70000 -53.33067 0.90829
28.75000 -53.33305 0.90671
28.80000 -53.33321 0.90876
28.85000 -53.33379 0.91066
28.90000 -53.33441 0.90608
28.95000 -53.33700 0.91183
29.00000 -53.33609 0.91100
29.05000 -53.33811 0.90970
29.10000 -53.33650 0.91071
29.15000 -53.33334 0.91137
29.20000 -53.33523 0.91313
29.25000 -53.33387 0.91588
29.30000 -53.33724 0.91681
29.35000 -53.34139 0.91588
29.40000 -53.33617 0.91597
29.45000 -53.33219 0.91488
29.50000 -53.33087 0.91576
29.55000 -53.32988 0.91794
29.60000 -53.33428 0.91418
29.65000 -53.33395 0.91817
29.70000 -53.32951 0.91619
29.75000 -53.33424 0.91678
29.80000 -53.33025 0.91736
29.85000 -53.33071 0.91723
29.90000 -53.32902 0.91853
29.95000 -53.32997 0.91872
30.00000 -53.32713 0.91917
30.05000 -53.32869 0.91631
30.10000 -53.32660 0.91604
30.15000 -53.32561 0.91965
30.20000 -53.32746 0.91732
30.25000 -53.32795 0.91882
30.30000 -53.32565 0.91706
30.35000 -53.32947 0.91540
30.40000 -53.32573 0.91927
30.45000 -53.32323 0.91645
30.50000 -53.32417 0.91485
30.55000 -53.32183 0.91636
30.60000 -53.32610 0.91733
30.65000 -53.32508 0.91458
30.70000 -53.32627 0.91206
30.75000 -53.32643 0.91417
30.80000 -53.32314 0.91471
30.85000 -53.32310 0.91593
30.90000 -53.32429 0.91425
30.95000 -53.32417 0.91368
31.00000 -53.32684 0.91191
31.05000 -53.32380 0.91401
31.10000 -53.32232 0.91559
31.15000 -53.32277 0.91255
31.20000 -53.32598 0.90855
31.25000 -53.32701 0.91229
31.30000 -53.32360 0.91036
31.35000 -53.32298 0.91072
31.40000 -53.32265 0.91403
31.45000 -53.32212 0.91619
31.50000 -53.32068 0.91563
31.55000 -53.32006 0.91530
31.60000 -53.32076 0.91244
31.65000 -53.32043 0.91404
31.70000 -53.31990 0.91124
31.75000 -53.32129 0.91283
31.80000 -53.32207 0.91146
31.85000 -53.32425 0.91080
31.90000 -53.32590 0.91491
31.95000 -53.32894 0.91016
32.00000 -53.32865 0.90744
32.05000 -53.32972 0.90673
32.10000 -53.32758 0.90768
32.15000 -53.32902 0.90763
32.20000 -53.33087 0.90585
32.25000 -53.32968 0.90629
32.30000 -53.33346 0.90508
32.35000 -53.33445 0.90243
32.40000 -53.33161 0.90346
32.45000 -53.32980 0.90408
32.50000 -53.32980 0.90141
32.55000 -53.33058 0.90323
32.60000 -53.33243 0.90315
32.65000 -53.33005 0.90449
32.70000 -53.33116 0.90194
32.75000 -53.32845 0.90108
32.80000 -53.32882 0.90225
32.85000 -53.33079 0.90389
32.90000 -53.33354 0.90217
32.95000 -53.33395 0.90086
33.00000 -53.33289 0.89951
33.05000 -53.33358 0.90192
33.10000 -53.33293 0.90254
33.15000 -53.33284 0.90027
33.20000 -53.33157 0.90114
33.25000 -53.33030 0.90162
33.30000 -53.32808 0.90080
33.35000 -53.33050 0.90281
33.40000 -53.33301 0.90043
33.45000 -53.33173 0.89947
33.50000 -53.33474 0.90013
33.55000 -53.33453 0.89879
33.60000 -53.33330 0.89861
33.65000 -53.33663 0.89764
33.70000 -53.33206 0.89794
33.75000 -53.33338 0.89706
33.80000 -53.33210 0.89900
33.85000 -53.33038 0.90098
33.90000 -53.32960 0.89798
33.95000 -53.32651 0.89652
34.00000 -53.32841 0.89787
34.05000 -53.32553 0.89839
34.10000 -53.32795 0.90101
34.15000 -53.32762 0.89975
34.20000 -53.32795 0.90040
34.25000 -53.33001 0.90471
34.30000 -53.32906 0.90298
34.35000 -53.32717 0.90332
34.40000 -53.32619 0.90486
34.45000 -53.32680 0.90367
34.50000 -53.32602 0.90466
34.55000 -53.32742 0.90790
34.60000 -53.32347 0.90749
34.65000 -53.32051 0.90675
34.70000 -53.32158 0.90869
34.75000 -53.32027 0.91073
34.80000 -53.31986 0.90866
34.85000 -53.32277 0.91011
34.90000 -53.31907 0.90853
34.95000 -53.31850 0.90887
35.00000 -53.31751 0.90756
35.05000 -53.31866 0.91190
35.10000 -53.31722 0.91201
35.15000 -53.31747 0.91291
35.20000 -53.31661 0.91386
35.25000 -53.31537 0.91585
35.30000 -53.31533 0.91722
35.35000 -53.31237 0.91639
35.40000 -53.31254 0.91884
35.45000 -53.31283 0.92018
35.50000 -53.31048 0.92142
35.55000 -53.31365 0.91984
35.60000 -53.31266 0.92436
35.65000 -53.31192 0.92184
35.70000 -53.31213 0.91974
35.75000 -53.30658 0.91904
35.80000 -53.31028 0.91772
35.85000 -53.30950 0.91919
35.90000 -53.30933 0.91860
35.95000 -53.31147 0.91510
36.00000 -53.30859 0.91556
36.05000 -53.31061 0.92004
36.10000 -53.30929 0.91975
36.15000 -53.30933 0.91924
36.20000 -53.31250 0.91723
36.25000 -53.31015 0.91548
36.30000 -53.31344 0.91694
36.35000 -53.31311 0.91866
36.40000 -53.31028 0.91658
36.45000 -53.31307 0.91691
36.50000 -53.31176 0.91804
36.55000 -53.31085 0.91806
36.60000 -53.31398 0.91379
36.65000 -53.31653 0.91637
36.70000 -53.31225 0.91555
36.75000 -53.31274 0.91597
36.80000 -53.31513 0.91717
36.85000 -53.31595 0.91608
36.90000 -53.31743 0.91360
36.95000 -53.31735 0.91346
37.00000 -53.31796 0.91445
37.05000 -53.31673 0.91173
37.10000 -53.31842 0.91235
37.15000 -53.31879 0.91361
37.20000 -53.31973 0.90839
37.25000 -53.31932 0.91047
37.30000 -53.31940 0.91119
37.35000 -53.32224 0.91278
37.40000 -53.31875 0.91049
37.45000 -53.31957 0.90938
37.50000 -53.31887 0.91216
37.55000 -53.31866 0.91445
37.60000 -53.31624 0.91719
37.65000 -53.31850 0.91500
37.70000 -53.31809 0.91534
37.75000 -53.31801 0.91378
37.80000 -53.31965 0.91304
37.85000 -53.32269 0.91520
37.90000 -53.32290 0.91324
37.95000 -53.32187 0.91422
38.00000 -53.32265 0.91449
38.05000 -53.32360 0.91303
38.10000 -53.32549 0.91226
38.15000 -53.32269 0.90956
38.20000 -53.32191 0.91109
38.25000 -53.32281 0.90859
38.30000 -53.32639 0.91141
38.35000 -53.32257 0.91211
38.40000 -53.32203 0.91214
38.45000 -53.32232 0.91151
38.50000 -53.32113 0.91196
38.55000 -53.32327 0.91093
38.60000 -53.32051 0.91373
38.65000 -53.32277 0.91121
38.70000 -53.32010 0.91131
38.75000 -53.31986 0.90877
38.80000 -53.31685 0.90945
38.85000 -53.31768 0.91140
38.90000 -53.31431 0.91424
38.95000 -53.31398 0.91440
39.00000 -53.31443 0.91233
39.05000 -53.31340 0.91324
39.10000 -53.31418 0.91110
39.15000 -53.31455 0.91242
39.20000 -53.31759 0.91227
39.25000 -53.31595 0.91202
39.30000 -53.31583 0.91192
39.35000 -53.31381 0.91069
39.40000 -53.30937 0.90986
39.45000 -53.31299 0.90994
39.50000 -53.31348 0.90916
39.55000 -53.31135 0.90970
39.60000 -53.31151 0.90822
39.65000 -53.31233 0.90912
39.70000 -53.30941 0.91076
39.75000 -53.31011 0.91422
39.80000 -53.30970 0.91455
39.85000 -53.31015 0.91406
39.90000 -53.30691 0.91434
39.95000 -53.30740 0.91338
40.00000 -53.30822 0.91635
40.05000 -53.30941 0.91791
40.10000 -53.31003 0.91936
40.15000 -53.31118 0.92160
40.20000 -53.31044 0.92005
40.25000 -53.31122 0.91902
40.30000 -53.30917 0.91672
40.35000 -53.30929 0.91834
40.40000 -53.30933 0.92221
40.45000 -53.30818 0.92224
40.50000 -53.30678 0.92531
40.55000 -53.30962 0.92616
40.60000 -53.30633 0.92396
40.65000 -53.30867 0.92388
40.70000 -53.30913 0.92532
40.75000 -53.30880 0.92611
40.80000 -53.30654 0.92362
40.85000 -53.30662 0.92812
40.90000 -53.30785 0.92745
40.95000 -53.31077 0.92702
41.00000 -53.31155 0.92756
41.05000 -53.30946 0.92826
41.10000 -53.31143 0.92722
41.15000 -53.31081 0.92811
41.20000 -53.31706 0.92975
41.25000 -53.31126 0.92597
41.30000 -53.30835 0.92387
41.35000 -53.30748 0.92210
41.40000 -53.30999 0.92373
41.45000 -53.30929 0.92467
41.50000 -53.30695 0.92021
41.55000 -53.30711 0.92196
41.60000 -53.30962 0.92276
41.65000 -53.30707 0.92696
41.70000 -53.30559 0.92325
41.75000 -53.30810 0.92329
41.80000 -53.30752 0.92453
41.85000 -53.30341 0.92408
41.90000 -53.30263 0.92385
41.95000 -53.30399 0.92325
42.00000 -53.30530 0.92443
42.05000 -53.30576 0.92364
42.10000 -53.30378 0.92425
42.15000 -53.30896 0.92599
42.20000 -53.30699 0.92546
42.25000 -53.31147 0.92685
42.30000 -53.30958 0.92423
42.35000 -53.30937 0.92198
42.40000 -53.30613 0.92397
42.45000 -53.30958 0.92455
42.50000 -53.31036 0.92404
42.55000 -53.31007 0.92418
42.60000 -53.31069 0.91989
42.65000 -53.30822 0.92104
42.70000 -53.30999 0.92005
42.75000 -53.31094 0.92076
42.80000 -53.31168 0.91878
42.85000 -53.31262 0.92132
42.90000 -53.31320 0.92053
42.95000 -53.31361 0.91990
43.00000 -53.31192 0.91817
43.05000 -53.31616 0.91966
43.10000 -53.31427 0.91974
43.15000 -53.31554 0.91919
43.20000 -53.31690 0.91723
43.25000 -53.31887 0.91775
43.30000 -53.31558 0.91723
43.35000 -53.31846 0.91501
43.40000 -53.31977 0.91574
43.45000 -53.31780 0.91596
43.50000 -53.32183 0.92038
43.55000 -53.32253 0.91967
43.60000 -53.32730 0.91822
43.65000 -53.32528 0.91742
43.70000 -53.32323 0.91579
43.75000 -53.32014 0.91621
43.80000 -53.31883 0.91426
43.85000 -53.31977 0.91053
43.90000 -53.32109 0.91310
43.95000 -53.32207 0.91008
44.00000 -53.32253 0.91179
44.05000 -53.32438 0.91577
44.10000 -53.32154 0.91461
44.15000 -53.32002 0.91256
44.20000 -53.31977 0.91321
44.25000 -53.31792 0.91119
44.30000 -53.31829 0.91648
44.35000 -53.32195 0.91683
44.40000 -53.31994 0.91598
44.45000 -53.32125 0.91728
44.50000 -53.32228 0.91770
44.55000 -53.31846 0.91828
44.60000 -53.32142 0.91880
44.65000 -53.32265 0.91733
44.70000 -53.32080 0.91762
44.75000 -53.32635 0.91475
44.80000 -53.32442 0.91524
44.85000 -53.32302 0.91677
44.90000 -53.32347 0.91456
44.95000 -53.32479 0.91225
45.00000 -53.32586 0.91362
45.05000 -53.32290 0.91819
45.10000 -53.32372 0.91936
45.15000 -53.32812 0.91792
45.20000 -53.32405 0.91397
45.25000 -53.32442 0.91783
45.30000 -53.32660 0.91462
45.35000 -53.32594 0.91829
45.40000 -53.32972 0.91867
45.45000 -53.33021 0.91786
45.50000 -53.32980 0.91535
45.55000 -53.32964 0.91479
45.60000 -53.32779 0.91623
45.65000 -53.32614 0.91516
45.70000 -53.32656 0.91444
45.75000 -53.32676 0.91629
45.80000 -53.32450 0.91241
45.85000 -53.32545 0.91295
45.90000 -53.32688 0.91184
45.95000 -53.32483 0.91264
46.00000 -53.32602 0.91585
46.05000 -53.32512 0.91393
46.10000 -53.32532 0.91041
46.15000 -53.32865 0.91100
46.20000 -53.32697 0.91153
46.25000 -53.33079 0.90862
46.30000 -53.33099 0.90886
46.35000 -53.33075 0.91076
46.40000 -53.33202 0.91092
46.45000 -53.32787 0.91053
46.50000 -53.32820 0.90779
46.55000 -53.33046 0.90560
46.60000 -53.32693 0.90458
46.65000 -53.32956 0.90786
46.70000 -53.32877 0.90712
46.75000 -53.32943 0.90500
46.80000 -53.32877 0.90614
46.85000 -53.33058 0.90326
46.90000 -53.33198 0.90189
46.95000 -53.33194 0.90264
47.00000 -53.33453 0.90354
47.05000 -53.33601 0.90312
47.10000 -53.33712 0.90210
47.15000 -53.33753 0.90221
47.20000 -53.33560 0.90209
47.25000 -53.33975 0.90294
47.30000 -53.33835 0.90486
47.35000 -53.33601 0.89932
47.40000 -53.33601 0.89990
47.45000 -53.33609 0.89912
47.50000 -53.33848 0.90203
47.55000 -53.33774 0.89878
47.60000 -53.33831 0.90036
47.65000 -53.33811 0.89861
47.70000 -53.33815 0.89690
47.75000 -53.33987 0.89702
47.80000 -53.34016 0.89641
47.85000 -53.33975 0.89769
47.90000 -53.33880 0.89688
47.95000 -53.33646 0.89734
48.00000 -53.33704 0.89793
48.05000 -53.33765 0.89945
48.10000 -53.33753 0.89693
48.15000 -53.33626 0.90019
48.20000 -53.33638 0.89775
48.25000 -53.33700 0.90195
48.30000 -53.33712 0.90301
48.35000 -53.33519 0.90058
48.40000 -53.33112 0.90067
48.45000 -53.33342 0.90135
48.50000 -53.33391 0.90149
48.55000 -53.33260 0.89866
48.60000 -53.33441 0.90081
48.65000 -53.33621 0.89621
48.70000 -53.33194 0.89851
48.75000 -53.33449 0.90017
48.80000 -53.33313 0.89836
48.85000 -53.33486 0.90047
48.90000 -53.33120 0.89905
48.95000 -53.33293 0.90085
49.00000 -53.32988 0.89942
49.05000 -53.33297 0.90107
49.10000 -53.33079 0.90204
49.15000 -53.33239 0.90073
49.20000 -53.32910 0.90163
49.25000 -53.33354 0.90466
49.30000 -53.33202 0.90456
49.35000 -53.33169 0.90363
49.40000 -53.33128 0.90431
49.45000 -53.32993 0.90271
49.50000 -53.33046 0.90491
49.55000 -53.32947 0.90288
49.60000 -53.32730 0.90268
49.65000 -53.32767 0.90034
49.70000 -53.32783 0.90059
49.75000 -53.33330 0.89918
49.80000 -53.33334 0.89896
49.85000 -53.33157 0.90371
49.90000 -53.33305 0.90062
49.95000 -53.33210 0.89952
50.00000 -53.33227 0.89858
50.05000 -53.33252 0.90211
50.10000 -53.33482 0.90328
50.15000 -53.33371 0.90376
50.20000 -53.33449 0.90096
50.25000 -53.33371 0.90286
50.30000 -53.33354 0.90534
50.35000 -53.33165 0.90494
50.40000 -53.33276 0.90577
50.45000 -53.33268 0.90434
50.50000 -53.33030 0.90305
50.55000 -53.33194 0.90656
50.60000 -53.33178 0.90380
50.65000 -53.33062 0.90609
50.70000 -53.33079 0.90715
50.75000 -53.33334 0.90843
50.80000 -53.33391 0.90700
50.85000 -53.33597 0.91069
50.90000 -53.33642 0.90915
50.95000 -53.33428 0.91020
51.00000 -53.33252 0.90645
51.05000 -53.33169 0.91000
51.10000 -53.33305 0.90896
51.15000 -53.33124 0.90934
51.20000 -53.33268 0.90884
51.25000 -53.33136 0.90809
51.30000 -53.33206 0.91310
51.35000 -53.33050 0.91328
51.40000 -53.32935 0.91186
51.45000 -53.32914 0.91365
51.50000 -53.32828 0.91405
51.55000 -53.32980 0.91326
51.60000 -53.33099 0.90874
51.65000 -53.33013 0.91218
51.70000 -53.32758 0.90959
51.75000 -53.32713 0.91050
51.80000 -53.32906 0.91109
51.85000 -53.32684 0.91061
51.90000 -53.32767 0.90926
51.95000 -53.32721 0.90762
52.00000 -53.32742 0.90739
52.05000 -53.32232 0.90970
52.10000 -53.32450 0.91064
52.15000 -53.32471 0.91082
52.20000 -53.32762 0.91007
52.25000 -53.32619 0.91396
52.30000 -53.32425 0.91300
52.35000 -53.32676 0.91288
52.40000 -53.32479 0.91317
52.45000 -53.32257 0.91172
52.50000 -53.32360 0.91366
52.55000 -53.32598 0.91486
52.60000 -53.32602 0.91502
52.65000 -53.32569 0.91272
52.70000 -53.32244 0.91279
52.75000 -53.32207 0.91360
52.80000 -53.32442 0.90962
52.85000 -53.32421 0.90877
52.90000 -53.32380 0.91138
52.95000 -53.32429 0.90857
53.00000 -53.32643 0.91100
53.05000 -53.32664 0.90954
53.10000 -53.32524 0.91202
53.15000 -53.32832 0.90972
53.20000 -53.32853 0.90584
53.25000 -53.32976 0.90967
53.30000 -53.32606 0.91259
53.35000 -53.32767 0.90777
53.40000 -53.32873 0.90948
53.45000 -53.32816 0.90809
53.50000 -53.32935 0.91014
53.55000 -53.32684 0.91024
53.60000 -53.32569 0.91082
53.65000 -53.32429 0.90787
53.70000 -53.32290 0.90393
53.75000 -53.32220 0.90935
53.80000 -53.32203 0.90634
53.85000 -53.32253 0.90713
53.90000 -53.32060 0.90569
53.95000 -53.32372 0.90873
54.00000 -53.31825 0.91022
54.05000 -53.31570 0.91202
54.10000 -53.31944 0.91054
54.15000 -53.31924 0.90949
54.20000 -53.31998 0.91169
54.25000 -53.31875 0.91495
54.30000 -53.31883 0.91632
54.35000 -53.31562 0.91595
54.40000 -53.31468 0.91756
54.45000 -53.31607 0.91765
54.50000 -53.31714 0.91566
54.55000 -53.31414 0.91571
54.60000 -53.31517 0.91441
54.65000 -53.31279 0.91531
54.70000 -53.31311 0.91709
54.75000 -53.31139 0.91574
54.80000 -53.30966 0.91584
54.85000 -53.30855 0.91622
54.90000 -53.30892 0.91688
54.95000 -53.31032 0.92027
55.00000 -53.30789 0.91706
55.05000 -53.30761 0.91978
55.10000 -53.31015 0.92140
55.15000 -53.31061 0.92199
55.20000 -53.30941 0.92305
55.25000 -53.30937 0.92074
55.30000 -53.30876 0.91859
55.35000 -53.31139 0.91946
55.40000 -53.31188 0.92150
55.45000 -53.31122 0.91939
55.50000 -53.30966 0.92078
55.55000 -53.30736 0.92026
55.60000 -53.30543 0.92022
55.65000 -53.30526 0.92049
55.70000 -53.31003 0.92023
55.75000 -53.31094 0.91954
55.80000 -53.30946 0.91905
55.85000 -53.31036 0.91934
55.90000 -53.31250 0.91982
55.95000 -53.30970 0.92052
56.00000 -53.30896 0.91957
56.05000 -53.30387 0.92071
56.10000 -53.30695 0.91688
56.15000 -53.30362 0.91769
56.20000 -53.30387 0.91836
56.25000 -53.30617 0.91937
56.30000 -53.30703 0.91673
56.35000 -53.30892 0.91513
56.40000 -53.30794 0.91404
56.45000 -53.30872 0.91272
56.50000 -53.30559 0.91088
56.55000 -53.30489 0.90955
56.60000 -53.30247 0.90807
56.65000 -53.30609 0.90868
56.70000 -53.30633 0.90851
56.75000 -53.30641 0.90809
56.80000 -53.31147 0.90704
56.85000 -53.30913 0.90397
56.90000 -53.30436 0.90108
56.95000 -53.30502 0.90187
57.00000 -53.30456 0.90181
57.05000 -53.31015 0.90509
57.10000 -53.30876 0.90222
57.15000 -53.30863 0.89783
57.20000 -53.31077 0.89998
57.25000 -53.31221 0.89849
57.30000 -53.31398 0.89901
57.35000 -53.31402 0.89975
57.40000 -53.31628 0.90152
57.45000 -53.31505 0.89926
57.50000 -53.32039 0.90116
57.55000 -53.31891 0.90180
57.60000 -53.31574 0.89863
57.65000 -53.31583 0.89820
57.70000 -53.31899 0.89650
57.75000 -53.31768 0.89806
57.80000 -53.31998 0.90119
57.85000 -53.31780 0.90181
57.90000 -53.32150 0.89804
57.95000 -53.32228 0.89866
58.00000 -53.32109 0.89886
58.05000 -53.32232 0.90040
58.10000 -53.32183 0.90187
58.15000 -53.32158 0.90127
58.20000 -53.32269 0.90068
58.25000 -53.32434 0.90041
58.30000 -53.32384 0.90525
58.35000 -53.32318 0.90343
58.40000 -53.32236 0.90358
58.45000 -53.32281 0.90358
58.50000 -53.32528 0.90358
58.55000 -53.32643 0.90171
58.60000 -53.32746 0.90080
58.65000 -53.32623 0.90225
58.70000 -53.32680 0.90294
58.75000 -53.32647 0.90196
58.80000 -53.32865 0.90468
58.85000 -53.32619 0.90167
58.90000 -53.32730 0.90218
58.95000 -53.32808 0.90327
59.00000 -53.32623 0.90596
59.05000 -53.32795 0.90568
59.10000 -53.32988 0.90647
59.15000 -53.33062 0.90468
59.20000 -53.33087 0.90467
59.25000 -53.33165 0.90575
59.30000 -53.33017 0.90341
59.35000 -53.33038 0.90463
59.40000 -53.33190 0.90510
59.45000 -53.32590 0.90574
59.50000 -53.32656 0.90507
59.55000 -53.32672 0.90722
59.60000 -53.32532 0.90721
59.65000 -53.32557 0.90653
59.70000 -53.32495 0.90853
59.75000 -53.32405 0.90950
59.80000 -53.32298 0.90834
59.85000 -53.32479 0.90814
59.90000 -53.32372 0.90918
59.95000 -53.32454 0.90965
60.00000 -53.32923 0.90967
60.05000 -53.32623 0.90867
60.10000 -53.32697 0.90875
60.15000 -53.32577 0.90468
60.20000 -53.32495 0.90654
60.25000 -53.33025 0.90415
60.30000 -53.33190 0.90524
60.35000 -53.33149 0.90900
60.40000 -53.33005 0.90797
60.45000 -53.32873 0.90811
60.50000 -53.32668 0.91277
60.55000 -53.32795 0.91212
60.60000 -53.33104 0.91092
60.65000 -53.33502 0.91326
60.70000 -53.33535 0.91039
60.75000 -53.33194 0.91241
60.80000 -53.33124 0.91094
60.85000 -53.33017 0.91128
60.90000 -53.32832 0.91375
60.95000 -53.32479 0.91171
61.00000 -53.32836 0.91593
61.05000 -53.33202 0.91515
61.10000 -53.33075 0.91368
61.15000 -53.32828 0.91830
61.20000 -53.33153 0.91944
61.25000 -53.33120 0.92130
61.30000 -53.33054 0.92282
61.35000 -53.33194 0.91994
61.40000 -53.33165 0.92026
61.45000 -53.33095 0.91694
61.50000 -53.33186 0.91825
61.55000 -53.33284 0.92038
61.60000 -53.33149 0.91825
61.65000 -53.33124 0.92049
61.70000 -53.33416 0.92138
61.75000 -53.33453 0.91517
61.80000 -53.33860 0.91606
61.85000 -53.34127 0.91648
61.90000 -53.34148 0.91675
61.95000 -53.33946 0.91608
62.00000 -53.33815 0.91445
62.05000 -53.33679 0.91685
62.10000 -53.33728 0.91776
62.15000 -53.33621 0.91879
62.20000 -53.33934 0.92061
62.25000 -53.34250 0.91930
62.30000 -53.33971 0.91939
62.35000 -53.34016 0.92150
62.40000 -53.34164 0.92004
62.45000 -53.34139 0.92191
62.50000 -53.33700 0.91877
62.55000 -53.33728 0.91797
62.60000 -53.33737 0.91736
62.65000 -53.33913 0.91934
62.70000 -53.33478 0.91832
62.75000 -53.33580 0.91712
62.80000 -53.33601 0.91238
62.85000 -53.33498 0.91616
62.90000 -53.33231 0.91625
62.95000 -53.33284 0.91338
63.00000 -53.33334 0.91232
63.05000 -53.33404 0.91100
63.10000 -53.33515 0.91355
63.15000 -53.33732 0.91103
63.20000 -53.33769 0.91467
63.25000 -53.33621 0.91413
63.30000 -53.33519 0.91402
63.35000 -53.33613 0.91219
63.40000 -53.33630 0.91045
63.45000 -53.33769 0.90903
63.50000 -53.33991 0.91209
63.55000 -53.33494 0.91269
63.60000 -53.33889 0.91154
63.65000 -53.33741 0.91255
63.70000 -53.33650 0.91214
63.75000 -53.33880 0.91142
63.80000 -53.33946 0.91144
63.85000 -53.33621 0.91382
63.90000 -53.33778 0.91290
63.95000 -53.33917 0.91114
64.00000 -53.33724 0.91179
64.05000 -53.33737 0.91036
64.10000 -53.33634 0.91236
64.15000 -53.33880 0.91674
64.20000 -53.33917 0.91663
64.25000 -53.33638 0.91581
64.30000 -53.33683 0.91624
64.35000 -53.33654 0.91252
64.40000 -53.33527 0.91263
64.45000 -53.33584 0.91522
64.50000 -53.33675 0.91718
64.55000 -53.33293 0.91646
64.60000 -53.32976 0.91706
64.65000 -53.33190 0.91568
64.70000 -53.33054 0.91472
64.75000 -53.33104 0.91492
64.80000 -53.32783 0.91579
64.85000 -53.32816 0.92063
64.90000 -53.32631 0.91973
64.95000 -53.32508 0.91967
65.00000 -53.32882 0.91765
65.05000 -53.32598 0.91668
65.10000 -53.32417 0.91969
65.15000 -53.32084 0.91781
65.20000 -53.32343 0.92191
65.25000 -53.32224 0.91685
65.30000 -53.32084 0.92181
65.35000 -53.31899 0.92073
65.40000 -53.32244 0.91936
65.45000 -53.32101 0.92046
65.50000 -53.32166 0.92101
65.55000 -53.32138 0.92287
65.60000 -53.32002 0.92114
65.65000 -53.31821 0.92368
65.70000 -53.31702 0.92567
65.75000 -53.31653 0.92475
65.80000 -53.31854 0.92491
65.85000 -53.31916 0.92401
65.90000 -53.32084 0.92130
65.95000 -53.31924 0.92068
66.00000 -53.31677 0.91749
66.05000 -53.31965 0.92144
66.10000 -53.31965 0.91847
66.15000 -53.32006 0.91979
66.20000 -53.31570 0.91764
66.25000 -53.31829 0.92082
66.30000 -53.31924 0.91915
66.35000 -53.31636 0.91470
66.40000 -53.31944 0.91535
66.45000 -53.31698 0.91361
66.50000 -53.31821 0.91347
66.55000 -53.31690 0.91587
66.60000 -53.31529 0.91305
66.65000 -53.31431 0.91164
66.70000 -53.31599 0.90998
66.75000 -53.31447 0.90864
66.80000 -53.31398 0.90706
66.85000 -53.31414 0.90916
66.90000 -53.31513 0.91204
66.95000 -53.31328 0.90997
67.00000 -53.31558 0.90641
67.05000 -53.31780 0.90757
67.10000 -53.31340 0.91083
67.15000 -53.31472 0.91164
67.20000 -53.31464 0.91251
67.25000 -53.31229 0.90775
67.30000 -53.31237 0.91086
67.35000 -53.31209 0.91095
67.40000 -53.31106 0.91128
67.45000 -53.31348 0.90982
67.50000 -53.31040 0.90856
67.55000 -53.31274 0.91094
67.60000 -53.31303 0.90846
67.65000 -53.30818 0.90860
67.70000 -53.30843 0.90825
67.75000 -53.30884 0.90916
67.80000 -53.30954 0.91129
67.85000 -53.31020 0.91080
67.90000 -53.30781 0.90843
67.95000 -53.30892 0.90800
68.00000 -53.30798 0.90801
68.05000 -53.30991 0.90753
68.10000 -53.30818 0.91066
68.15000 -53.30851 0.90801
68.20000 -53.30904 0.90796
68.25000 -53.30551 0.90419
68.30000 -53.30752 0.91171
68.35000 -53.30703 0.90823
68.40000 -53.30436 0.90670
68.45000 -53.30395 0.90176
68.50000 -53.30617 0.90460
68.55000 -53.30539 0.90557
68.60000 -53.30415 0.90699
68.65000 -53.30333 0.90448
68.70000 -53.30444 0.90519
68.75000 -53.30415 0.90425
68.80000 -53.30707 0.90712
68.85000 -53.30691 0.90796
68.90000 -53.30728 0.90934
68.95000 -53.30950 0.90982
69.00000 -53.30810 0.90938
69.05000 -53.30966 0.90785
69.10000 -53.31077 0.90776
69.15000 -53.31020 0.90638
69.20000 -53.30970 0.90539
69.25000 -53.31048 0.90791
69.30000 -53.31073 0.90830
69.35000 -53.31069 0.91065
69.40000 -53.31307 0.90903
69.45000 -53.31098 0.90944
69.50000 -53.31151 0.91180
69.55000 -53.31410 0.91188
69.60000 -53.31377 0.91182
69.65000 -53.31402 0.91067
69.70000 -53.31324 0.91071
69.75000 -53.31316 0.91312
69.80000 -53.31377 0.91541
69.85000 -53.31200 0.91450
69.90000 -53.30728 0.91527
69.95000 -53.30773 0.91471
70.00000 -53.31246 0.91510
70.05000 -53.31135 0.91424
70.10000 -53.31476 0.91825
70.15000 -53.31155 0.91485
70.20000 -53.30859 0.91369
70.25000 -53.31122 0.91245
70.30000 -53.31126 0.91608
70.35000 -53.31102 0.91093
70.40000 -53.31291 0.91213
70.45000 -53.31250 0.91282
70.50000 -53.31287 0.91383
70.55000 -53.31427 0.91192
70.60000 -53.31488 0.91183
70.65000 -53.31620 0.91477
70.70000 -53.31887 0.91664
70.75000 -53.31965 0.91339
70.80000 -53.32043 0.91563
70.85000 -53.32043 0.91548
70.90000 -53.32121 0.91664
70.95000 -53.31669 0.92126
71.00000 -53.31805 0.91745
71.05000 -53.31903 0.91818
71.10000 -53.32138 0.91937
71.15000 -53.32142 0.91549
71.20000 -53.32688 0.92092
71.25000 -53.32499 0.91847
71.30000 -53.32524 0.91321
71.35000 -53.32643 0.91812
71.40000 -53.32614 0.91860
71.45000 -53.32528 0.91887
71.50000 -53.32269 0.92126
71.55000 -53.32602 0.92056
71.60000 -53.32906 0.92222
71.65000 -53.32762 0.91859
71.70000 -53.33017 0.92362
71.75000 -53.32865 0.92039
71.80000 -53.32639 0.92452
71.85000 -53.32877 0.92373
71.90000 -53.32849 0.92889
71.95000 -53.32783 0.92753
72.00000 -53.32693 0.93068
72.05000 -53.32779 0.92722
72.10000 -53.32853 0.92518
72.15000 -53.32758 0.92584
72.20000 -53.32832 0.92644
72.25000 -53.32508 0.92778
72.30000 -53.32503 0.92633
72.35000 -53.32651 0.92537
72.40000 -53.32265 0.92522
72.45000 -53.32458 0.92603
72.50000 -53.32623 0.92503
72.55000 -53.32668 0.92429
72.60000 -53.32730 0.92454
72.65000 -53.32265 0.92369
72.70000 -53.32577 0.92302
72.75000 -53.32573 0.92548
72.80000 -53.32409 0.92400
72.85000 -53.32318 0.92426
72.90000 -53.32372 0.92783
72.95000 -53.32364 0.92463
73.00000 -53.32561 0.92329
73.05000 -53.32882 0.92445
73.10000 -53.32808 0.92167
73.15000 -53.32919 0.92313
73.20000 -53.33243 0.92066
73.25000 -53.33276 0.91997
73.30000 -53.33383 0.91504
73.35000 -53.33371 0.91605
73.40000 -53.32988 0.91221
73.45000 -53.33136 0.91270
73.50000 -53.33358 0.91071
73.55000 -53.33136 0.91617
73.60000 -53.32738 0.91148
73.65000 -53.32664 0.91463
73.70000 -53.32401 0.91348
73.75000 -53.32754 0.91153
73.80000 -53.32730 0.91277
73.85000 -53.32721 0.90958
73.90000 -53.32540 0.90888
73.95000 -53.32203 0.90769
74.00000 -53.32532 0.90781
74.05000 -53.32643 0.91225
74.10000 -53.32442 0.91026
74.15000 -53.32306 0.90979
74.20000 -53.32286 0.91179
74.25000 -53.32606 0.91617
74.30000 -53.32516 0.91373
74.35000 -53.32327 0.91349
74.40000 -53.32290 0.90885
74.45000 -53.32224 0.91272
74.50000 -53.32220 0.91562
74.55000 -53.32351 0.91493
74.60000 -53.32179 0.91011
74.65000 -53.32327 0.91190
74.70000 -53.32306 0.91160
74.75000 -53.31801 0.90824
74.80000 -53.32125 0.90416
74.85000 -53.32047 0.90796
74.90000 -53.32220 0.90892
74.95000 -53.32183 0.90671
75.00000 -53.32191 0.90836
75.05000 -53.32084 0.90711
75.10000 -53.32035 0.90821
75.15000 -53.32244 0.90540
75.20000 -53.32014 0.90823
75.25000 -53.31833 0.90815
75.30000 -53.32212 0.90759
75.35000 -53.31928 0.90789
75.40000 -53.32306 0.90637
75.45000 -53.31990 0.90276
75.50000 -53.32257 0.90313
75.55000 -53.32018 0.90471
75.60000 -53.31936 0.90348
75.65000 -53.32039 0.90721
75.70000 -53.32183 0.90080
75.75000 -53.32006 0.90481
75.80000 -53.31936 0.90193
75.85000 -53.31932 0.90344
75.90000 -53.31772 0.90242
75.95000 -53.31751 0.90339
76.00000 -53.32146 0.90480
76.05000 -53.31920 0.90321
76.10000 -53.31916 0.90223
76.15000 -53.31875 0.90049
76.20000 -53.31661 0.89615
76.25000 -53.31759 0.89850
76.30000 -53.31722 0.89539
76.35000 -53.31694 0.90119
76.40000 -53.31246 0.89965
76.45000 -53.31603 0.89947
76.50000 -53.31348 0.89875
76.55000 -53.31381 0.90078
76.60000 -53.31640 0.90061
76.65000 -53.31320 0.90166
76.70000 -53.31517 0.90201
76.75000 -53.31205 0.90037
76.80000 -53.31254 0.90110
76.85000 -53.31279 0.90327
76.90000 -53.31328 0.90467
76.95000 -53.31328 0.90497
77.00000 -53.31422 0.90542
77.05000 -53.31554 0.90396
77.10000 -53.31435 0.90619
77.15000 -53.31447 0.91087
77.20000 -53.31402 0.91384
77.25000 -53.31755 0.91080
77.30000 -53.31784 0.90930
77.35000 -53.31875 0.90684
77.40000 -53.31348 0.90825
77.45000 -53.31422 0.91042
77.50000 -53.31550 0.90983
77.55000 -53.31410 0.90868
77.60000 -53.31743 0.91010
77.65000 -53.31579 0.91110
77.70000 -53.31501 0.91193
77.75000 -53.31665 0.91355
77.80000 -53.31447 0.90968
77.85000 -53.31385 0.91115
77.90000 -53.31357 0.90883
77.95000 -53.30892 0.91085
78.00000 -53.31488 0.91015
78.05000 -53.31126 0.91150
78.10000 -53.31229 0.91229
78.15000 -53.30954 0.91175
78.20000 -53.30847 0.91040
78.25000 -53.30983 0.90993
78.30000 -53.30962 0.91100
78.35000 -53.31052 0.91359
78.40000 -53.31135 0.91332
78.45000 -53.30966 0.90817
78.50000 -53.30802 0.91138
78.55000 -53.30539 0.90852
78.60000 -53.30617 0.91141
78.65000 -53.30711 0.91385
78.70000 -53.30629 0.91269
78.75000 -53.30424 0.91483
78.80000 -53.30321 0.91659
78.85000 -53.30198 0.91549
78.90000 -53.30456 0.91605
78.95000 -53.30428 0.91508
79.00000 -53.30498 0.91981
79.05000 -53.30522 0.92157
79.10000 -53.30674 0.91819
79.15000 -53.30613 0.91832
79.20000 -53.30835 0.92164
79.25000 -53.30818 0.92244
79.30000 -53.30851 0.92158
79.35000 -53.30810 0.92364
79.40000 -53.30843 0.92282
79.45000 -53.30921 0.92441
79.50000 -53.30650 0.92456
79.55000 -53.30880 0.92388
79.60000 -53.30740 0.92423
79.65000 -53.30625 0.92546
79.70000 -53.30744 0.92054
79.75000 -53.30596 0.92453
79.80000 -53.30831 0.92164
79.85000 -53.30987 0.92162
79.90000 -53.30847 0.92384
79.95000 -53.30872 0.91904
80.00000 -53.30929 0.92299
80.05000 -53.30724 0.92694
80.10000 -53.30744 0.92387
80.15000 -53.30826 0.92240
80.20000 -53.30576 0.91738
80.25000 -53.30584 0.91861
80.30000 -53.30678 0.91937
80.35000 -53.30609 0.91827
80.40000 -53.30744 0.91785
80.45000 -53.30888 0.91781
80.50000 -53.30687 0.92198
80.55000 -53.30900 0.92235
80.60000 -53.30588 0.92038
80.65000 -53.30666 0.91733
80.70000 -53.30456 0.92295
80.75000 -53.30419 0.92116
80.80000 -53.30407 0.92176
80.85000 -53.30510 0.92060
80.90000 -53.30308 0.92527
80.95000 -53.30391 0.92423
81.00000 -53.30148 0.92468
81.05000 -53.30350 0.92228
81.10000 -53.30391 0.92539
81.15000 -53.30091 0.92652
81.20000 -53.29951 0.92490
81.25000 -53.29791 0.92673
81.30000 -53.29971 0.92870
81.35000 -53.29885 0.92788
81.40000 -53.29749 0.92442
81.45000 -53.29634 0.92378
81.50000 -53.29741 0.92498
81.55000 -53.29671 0.92759
81.60000 -53.29532 0.92441
81.65000 -53.29544 0.92455
81.70000 -53.29474 0.92810
81.75000 -53.29585 0.93037
81.80000 -53.29951 0.92759
81.85000 -53.29988 0.92600
81.90000 -53.29971 0.92748
81.95000 -53.29947 0.92453
82.00000 -53.29918 0.92615
82.05000 -53.29860 0.92726
82.10000 -53.30013 0.92571
82.15000 -53.29881 0.92458
82.20000 -53.29869 0.92521
82.25000 -53.30144 0.92453
82.30000 -53.30025 0.92607
82.35000 -53.29865 0.92398
82.40000 -53.29860 0.92417
82.45000 -53.30263 0.92368
82.50000 -53.30341 0.92295
82.55000 -53.30666 0.92352
82.60000 -53.30781 0.92322
82.65000 -53.30715 0.92749
82.70000 -53.30485 0.92574
82.75000 -53.30941 0.92559
82.80000 -53.31077 0.92653
82.85000 -53.30921 0.92543
82.90000 -53.31176 0.92289
82.95000 -53.30810 0.92011
83.00000 -53.30847 0.92030
83.05000 -53.30876 0.92089
83.10000 -53.31036 0.92101
83.15000 -53.31184 0.91923
83.20000 -53.31546 0.92104
83.25000 -53.31599 0.91830
83.30000 -53.31574 0.91989
83.35000 -53.31126 0.91874
83.40000 -53.31020 0.91520
83.45000 -53.31221 0.91834
83.50000 -53.31279 0.91492
83.55000 -53.31246 0.91781
83.60000 -53.31209 0.91533
83.65000 -53.31394 0.91416
83.70000 -53.31537 0.91617
83.75000 -53.31977 0.91661
83.80000 -53.31759 0.91415
83.85000 -53.32207 0.91508
83.90000 -53.32228 0.91228
83.95000 -53.32068 0.91215
84.00000 -53.32314 0.91317
84.05000 -53.32347 0.91219
84.10000 -53.32318 0.90840
84.15000 -53.32277 0.91096
84.20000 -53.32294 0.91126
84.25000 -53.32109 0.90748
84.30000 -53.32573 0.91236
84.35000 -53.32479 0.91299
84.40000 -53.32191 0.91212
84.45000 -53.32409 0.90917
84.50000 -53.32191 0.91003
84.55000 -53.32376 0.91120
84.60000 -53.32619 0.91131
84.65000 -53.32294 0.90984
84.70000 -53.32491 0.90962
84.75000 -53.32397 0.90880
84.80000 -53.32294 0.91274
84.85000 -53.32290 0.91148
84.90000 -53.32327 0.91181
84.95000 -53.32331 0.91251
85.00000 -53.31887 0.91004
85.05000 -53.31895 0.90762
85.10000 -53.32175 0.91435
85.15000 -53.32125 0.91050
85.20000 -53.32187 0.90829
85.25000 -53.32142 0.90790
85.30000 -53.32220 0.90975
85.35000 -53.32545 0.90842
85.40000 -53.32265 0.91223
85.45000 -53.32380 0.91208
85.50000 -53.32257 0.91435
85.55000 -53.32294 0.91172
85.60000 -53.32286 0.91037
85.65000 -53.32499 0.90868
85.70000 -53.32471 0.91377
85.75000 -53.32939 0.91726
85.80000 -53.32824 0.91734
85.85000 -53.32730 0.91729
85.90000 -53.32869 0.91972
85.95000 -53.32569 0.91598
86.00000 -53.32499 0.91878
86.05000 -53.32487 0.91903
86.10000 -53.32709 0.91842
86.15000 -53.32516 0.91923
86.20000 -53.32771 0.91480
86.25000 -53.33050 0.91580
86.30000 -53.33153 0.91846
86.35000 -53.32906 0.91788
86.40000 -53.32808 0.91429
86.45000 -53.32865 0.91593
86.50000 -53.32939 0.91422
86.55000 -53.32816 0.91619
86.60000 -53.33112 0.92045
86.65000 -53.33465 0.92015
86.70000 -53.33099 0.91897
86.75000 -53.32902 0.91837
86.80000 -53.33408 0.92045
86.85000 -53.33313 0.92220
86.90000 -53.33638 0.91765
86.95000 -53.33552 0.92043
87.00000 -53.33720 0.92234
87.05000 -53.33449 0.91963
87.10000 -53.33609 0.92168
87.15000 -53.33445 0.92145
87.20000 -53.33297 0.91946
87.25000 -53.32951 0.91990
87.30000 -53.32976 0.92403
87.35000 -53.33416 0.92588
87.40000 -53.33219 0.92365
87.45000 -53.33153 0.92642
87.50000 -53.32804 0.92644
87.55000 -53.32988 0.92451
87.60000 -53.32877 0.92711
87.65000 -53.33038 0.92502
87.70000 -53.32688 0.92580
87.75000 -53.32828 0.92983
87.80000 -53.32898 0.92532
87.85000 -53.32503 0.92519
87.90000 -53.32734 0.92278
87.95000 -53.32487 0.92181
88.00000 -53.32540 0.92309
88.05000 -53.32512 0.92494
88.10000 -53.32738 0.92133
88.15000 -53.32734 0.91952
88.20000 -53.32701 0.91726
88.25000 -53.32647 0.91803
88.30000 -53.32836 0.91789
88.35000 -53.32816 0.91386
88.40000 -53.32573 0.91588
88.45000 -53.32524 0.91781
88.50000 -53.32306 0.91570
88.55000 -53.31940 0.91756
88.60000 -53.32006 0.91733
88.65000 -53.31821 0.91659
88.70000 -53.31912 0.91610
88.75000 -53.32113 0.91237
88.80000 -53.31759 0.91402
88.85000 -53.31969 0.91459
88.90000 -53.31685 0.91724
88.95000 -53.31566 0.91520
89.00000 -53.31579 0.91655
89.05000 -53.31776 0.92069
89.10000 -53.32092 0.92104
89.15000 -53.31866 0.92237
89.20000 -53.31624 0.92086
89.25000 -53.31829 0.92015
89.30000 -53.31558 0.92001
89.35000 -53.31279 0.91809
89.40000 -53.31139 0.92053
89.45000 -53.31501 0.92207
89.50000 -53.31603 0.92054
89.55000 -53.31501 0.91948
89.60000 -53.31587 0.92074
89.65000 -53.31669 0.91720
89.70000 -53.31279 0.92050
89.75000 -53.31361 0.92050
89.80000 -53.31805 0.91612
89.85000 -53.31891 0.91873
89.90000 -53.31525 0.92055
89.95000 -53.31172 0.91992
90.00000 -53.31176 0.91787
90.05000 -53.31492 0.91650
90.10000 -53.31603 0.91476
90.15000 -53.31644 0.91327
90.20000 -53.31583 0.91360
90.25000 -53.31484 0.91570
90.30000 -53.31480 0.91454
90.35000 -53.31422 0.91545
90.40000 -53.31755 0.91428
90.45000 -53.31846 0.91355
90.50000 -53.31731 0.91382
90.55000 -53.31792 0.91281
90.60000 -53.31891 0.91263
90.65000 -53.32035 0.90943
90.70000 -53.31883 0.90947
90.75000 -53.31747 0.90674
90.80000 -53.31903 0.91142
90.85000 -53.31694 0.90936
90.90000 -53.31648 0.90521
90.95000 -53.31743 0.90711
91.00000 -53.31402 0.90675
91.05000 -53.31492 0.90566
91.10000 -53.31237 0.90562
91.15000 -53.31554 0.90631
91.20000 -53.31611 0.90655
91.25000 -53.31209 0.91092
91.30000 -53.30987 0.91130
91.35000 -53.31418 0.90956
91.40000 -53.30962 0.90884
91.45000 -53.30683 0.90632
91.50000 -53.30868 0.90942
91.55000 -53.30892 0.90933
91.60000 -53.30773 0.90817
91.65000 -53.30925 0.90409
91.70000 -53.30584 0.90437
91.75000 -53.30481 0.90762
91.80000 -53.30707 0.90829
91.85000 -53.30662 0.90751
91.90000 -53.30539 0.90651
91.95000 -53.30185 0.90864
92.00000 -53.30296 0.90920
92.05000 -53.29934 0.91195
92.10000 -53.30148 0.90801
92.15000 -53.30276 0.90992
92.20000 -53.30173 0.90921
92.25000 -53.30267 0.90952
92.30000 -53.30222 0.91198
92.35000 -53.29869 0.91054
92.40000 -53.29992 0.91086
92.45000 -53.30004 0.91213
92.50000 -53.30169 0.91202
92.55000 -53.30403 0.91253
92.60000 -53.30206 0.91060
92.65000 -53.30193 0.90981
92.70000 -53.30152 0.91108
92.75000 -53.30045 0.91417
92.80000 -53.30050 0.91045
92.85000 -53.30128 0.91152
92.90000 -53.30308 0.90974
92.95000 -53.30313 0.90933
93.00000 -53.30477 0.90925
93.05000 -53.30456 0.90957
93.10000 -53.30469 0.91201
93.15000 -53.30189 0.90836
93.20000 -53.30510 0.90956
93.25000 -53.30341 0.91023
93.30000 -53.30140 0.91180
93.35000 -53.30263 0.91004
93.40000 -53.30193 0.91033
93.45000 -53.30378 0.90823
93.50000 -53.30535 0.90769
93.55000 -53.30280 0.90630
93.60000 -53.30300 0.90725
93.65000 -53.30271 0.90708
93.70000 -53.30181 0.90688
93.75000 -53.29971 0.90657
93.80000 -53.29967 0.90810
93.85000 -53.29741 0.90599
93.90000 -53.29902 0.90626
93.95000 -53.29963 0.90487
94.00000 -53.29939 0.90538
94.05000 -53.29729 0.90326
94.10000 -53.29515 0.90359
94.15000 -53.29601 0.90277
94.20000 -53.29556 0.90362
94.25000 -53.29528 0.90171
94.30000 -53.29540 0.90114
94.35000 -53.29585 0.90396
94.40000 -53.29491 0.90353
94.45000 -53.29260 0.90316
94.50000 -53.29215 0.90247
94.55000 -53.29190 0.90453
94.60000 -53.29400 0.90282
94.65000 -53.29260 0.90242
94.70000 -53.29408 0.90198
94.75000 -53.29486 0.90316
94.80000 -53.29692 0.90337
94.85000 -53.29680 0.90315
94.90000 -53.29860 0.90363
94.95000 -53.30017 0.90353
95.00000 -53.30062 0.90088
95.05000 -53.29823 0.90227
95.10000 -53.29577 0.90436
95.15000 -53.29811 0.90781
95.20000 -53.29749 0.90506
95.25000 -53.29885 0.90410
95.30000 -53.29889 0.90195
95.35000 -53.29996 0.90458
95.40000 -53.30230 0.90272
95.45000 -53.30202 0.90206
95.50000 -53.30296 0.90512
95.55000 -53.30382 0.90626
95.60000 -53.30378 0.90455
95.65000 -53.30485 0.90319
95.70000 -53.29951 0.90163
95.75000 -53.30152 0.90278
95.80000 -53.30325 0.90327
95.85000 -53.30407 0.90237
95.90000 -53.30218 0.90424
95.95000 -53.30276 0.90719
96.00000 -53.29902 0.90648
96.05000 -53.30173 0.90480
96.10000 -53.29926 0.90591
96.15000 -53.30370 0.90668
96.20000 -53.29791 0.90649
96.25000 -53.29955 0.90694
96.30000 -53.29856 0.90669
96.35000 -53.29721 0.90517
96.40000 -53.30078 0.90808
96.45000 -53.30362 0.91125
96.50000 -53.29980 0.91135
96.55000 -53.29869 0.90914
96.60000 -53.29486 0.90952
96.65000 -53.29749 0.91214
96.70000 -53.29947 0.91198
96.75000 -53.30111 0.91328
96.80000 -53.30074 0.91123
96.85000 -53.30210 0.91451
96.90000 -53.30156 0.91375
96.95000 -53.29959 0.91495
97.00000 -53.30193 0.91498
97.05000 -53.30333 0.91693
97.10000 -53.30193 0.91481
97.15000 -53.30165 0.91573
97.20000 -53.30362 0.91939
97.25000 -53.30666 0.92004
97.30000 -53.30654 0.92156
97.35000 -53.30230 0.92127
97.40000 -53.30074 0.91719
97.45000 -53.30321 0.92299
97.50000 -53.30518 0.92107
97.55000 -53.30144 0.92104
97.60000 -53.30456 0.92215
97.65000 -53.30292 0.92205
97.70000 -53.30543 0.92354
97.75000 -53.30415 0.92059
97.80000 -53.30695 0.91961
97.85000 -53.30814 0.91729
97.90000 -53.30387 0.92025
97.95000 -53.30485 0.91734
98.00000 -53.30806 0.91755
98.05000 -53.30757 0.91691
98.10000 -53.30703 0.91560
98.15000 -53.30859 0.91710
98.20000 -53.30872 0.91670
98.25000 -53.30937 0.91716
98.30000 -53.30826 0.91418
98.35000 -53.31040 0.91389
98.40000 -53.30937 0.91433
98.45000 -53.30683 0.91617
98.50000 -53.30818 0.91742
98.55000 -53.30921 0.91600
98.60000 -53.31126 0.91219
98.65000 -53.31015 0.91290
98.70000 -53.30974 0.90964
98.75000 -53.31147 0.91128
98.80000 -53.31102 0.91365
98.85000 -53.31024 0.90972
98.90000 -53.31114 0.91077
98.95000 -53.31081 0.91002
99.00000 -53.31032 0.91089
99.05000 -53.30851 0.91215
99.10000 -53.31139 0.91172
99.15000 -53.31094 0.90703
99.20000 -53.31307 0.90782
99.25000 -53.30904 0.91189
99.30000 -53.31102 0.91042
99.35000 -53.31007 0.91188
99.40000 -53.31192 0.90982
99.45000 -53.31332 0.91298
99.50000 -53.31200 0.91154
99.55000 -53.31048 0.90995
99.60000 -53.30752 0.91255
99.65000 -53.30831 0.91208
99.70000 -53.30781 0.91117
99.75000 -53.30477 0.91126
99.80000 -53.30732 0.91224
99.85000 -53.30428 0.91270
99.90000 -53.30485 0.90941
99.95000 -53.30535 0.91016
100.00000 -53.30757 0.91304
100.05000 -53.30740 0.91095
100.10000 -53.30646 0.91158
100.15000 -53.30502 0.91301
100.20000 -53.30444 0.91165
100.25000 -53.30456 0.90996
100.30000 -53.30617 0.90839
100.35000 -53.30629 0.90744
100.40000 -53.30868 0.90757
100.45000 -53.30654 0.90717
100.50000 -53.30604 0.90745
100.55000 -53.30234 0.90900
100.60000 -53.30050 0.90947
100.65000 -53.30329 0.90588
100.70000 -53.30292 0.90669
100.75000 -53.30337 0.90649
100.80000 -53.30502 0.90762
100.85000 -53.30526 0.91038
100.90000 -53.30354 0.90980
100.95000 -53.30687 0.90756
101.00000 -53.30761 0.91344
101.05000 -53.30650 0.91199
101.10000 -53.30658 0.91264
101.15000 -53.30448 0.91210
101.20000 -53.30518 0.91242
101.25000 -53.31003 0.91089
101.30000 -53.30974 0.90871
101.35000 -53.30995 0.90988
101.40000 -53.31020 0.90976
101.45000 -53.31155 0.91315
101.50000 -53.31217 0.91342
101.55000 -53.31122 0.91254
101.60000 -53.31217 0.91325
101.65000 -53.31044 0.91173
101.70000 -53.31155 0.91097
101.75000 -53.31028 0.91164
101.80000 -53.30843 0.91139
101.85000 -53.30983 0.90968
101.90000 -53.31139 0.90843
101.95000 -53.30863 0.90901
102.00000 -53.30978 0.90847
102.05000 -53.31196 0.90772
102.10000 -53.30966 0.90707
102.15000 -53.30995 0.90322
102.20000 -53.30872 0.90733
102.25000 -53.30678 0.90722
102.30000 -53.30880 0.90874
102.35000 -53.30966 0.90649
102.40000 -53.30859 0.90483
102.45000 -53.31291 0.90806
102.50000 -53.30876 0.90684
102.55000 -53.31209 0.90398
102.60000 -53.31192 0.90415
102.65000 -53.31052 0.90307
102.70000 -53.30810 0.90137
102.75000 -53.30789 0.90157
102.80000 -53.30740 0.90378
102.85000 -53.30847 0.90496
102.90000 -53.30814 0.90430
102.95000 -53.30633 0.90397
103.00000 -53.30350 0.90216
103.05000 -53.30481 0.90366
103.10000 -53.30576 0.90267
103.15000 -53.30448 0.90349
103.20000 -53.30563 0.90263
103.25000 -53.30189 0.90290
103.30000 -53.30103 0.90025
103.35000 -53.30058 0.90103
103.40000 -53.30033 0.90307
103.45000 -53.29811 0.90537
103.50000 -53.29828 0.90852
103.55000 -53.29943 0.90840
103.60000 -53.30136 0.91085
103.65000 -53.30161 0.90709
103.70000 -53.30169 0.90803
103.75000 -53.30350 0.91059
103.80000 -53.30099 0.91281
103.85000 -53.30465 0.91116
103.90000 -53.30609 0.91463
103.95000 -53.30366 0.91048
104.00000 -53.30325 0.91355
104.05000 -53.30152 0.91605
104.10000 -53.30625 0.91591
104.15000 -53.31065 0.91807
104.20000 -53.31077 0.91817
104.25000 -53.30900 0.91710
104.30000 -53.30831 0.91916
104.35000 -53.30789 0.91900
104.40000 -53.30904 0.91757
104.45000 -53.30847 0.91827
104.50000 -53.30937 0.91917
104.55000 -53.31007 0.91990
104.60000 -53.31061 0.91708
104.65000 -53.31073 0.91515
104.70000 -53.31316 0.91700
104.75000 -53.31036 0.91619
104.80000 -53.31381 0.91607
104.85000 -53.31262 0.91629
104.90000 -53.31135 0.91541
104.95000 -53.31361 0.91806
105.00000 -53.31344 0.91945
105.05000 -53.31414 0.91962
105.10000 -53.31266 0.91963
105.15000 -53.31307 0.91948
105.20000 -53.31320 0.91584
105.25000 -53.31418 0.91727
105.30000 -53.31468 0.91666
105.35000 -53.31653 0.91835
105.40000 -53.31402 0.91816
105.45000 -53.31394 0.91967
105.50000 -53.31492 0.92459
105.55000 -53.31209 0.92223
105.60000 -53.31570 0.91987
105.65000 -53.31537 0.92182
105.70000 -53.31406 0.92257
105.75000 -53.31131 0.92050
105.80000 -53.31147 0.92356
105.85000 -53.31221 0.92358
105.90000 -53.31381 0.92679
105.95000 -53.30950 0.92655
106.00000 -53.30728 0.92812
106.05000 -53.31081 0.93139
106.10000 -53.31052 0.93331
106.15000 -53.30966 0.93369
106.20000 -53.30921 0.93316
106.25000 -53.31015 0.93476
106.30000 -53.30913 0.93720
106.35000 -53.30974 0.93386
106.40000 -53.31114 0.93532
106.45000 -53.31015 0.93359
106.50000 -53.30941 0.93674
106.55000 -53.30847 0.93691
106.60000 -53.30609 0.93725
106.65000 -53.30424 0.93831
106.70000 -53.30461 0.93699
106.75000 -53.30748 0.93718
106.80000 -53.30239 0.93700
106.85000 -53.30284 0.93643
106.90000 -53.30469 0.93660
106.95000 -53.30173 0.93516
107.00000 -53.30456 0.93490
107.05000 -53.30341 0.93652
107.10000 -53.30280 0.93667
107.15000 -53.30173 0.93253
107.20000 -53.30370 0.92986
107.25000 -53.30124 0.93012
107.30000 -53.29914 0.93043
107.35000 -53.30025 0.92736
107.40000 -53.30115 0.92681
107.45000 -53.29659 0.92852
107.50000 -53.29885 0.92861
107.55000 -53.30021 0.92786
107.60000 -53.30144 0.93156
107.65000 -53.30119 0.93076
107.70000 -53.30132 0.93036
107.75000 -53.30140 0.93109
107.80000 -53.29947 0.93270
107.85000 -53.29696 0.93407
107.90000 -53.29914 0.93261
107.95000 -53.30062 0.93019
108.00000 -53.30152 0.93058
108.05000 -53.29939 0.93458
108.10000 -53.29877 0.93730
108.15000 -53.29934 0.93813
108.20000 -53.30074 0.93748
108.25000 -53.30210 0.93392
108.30000 -53.30329 0.93561
108.35000 -53.29959 0.93238
108.40000 -53.29959 0.93069
108.45000 -53.30214 0.93613
108.50000 -53.30461 0.93553
108.55000 -53.30333 0.93405
108.60000 -53.30304 0.93512
108.65000 -53.30169 0.93444
108.70000 -53.29992 0.93449
108.75000 -53.29848 0.93480
108.80000 -53.29930 0.93839
108.85000 -53.30091 0.93860
108.90000 -53.30070 0.93653
108.95000 -53.30144 0.93881
109.00000 -53.29860 0.94089
109.05000 -53.29860 0.93997
109.10000 -53.30091 0.94255
109.15000 -53.29902 0.94212
109.20000 -53.30193 0.94206
109.25000 -53.30296 0.94615
109.30000 -53.30165 0.94315
109.35000 -53.30391 0.94447
109.40000 -53.30173 0.94282
109.45000 -53.30350 0.93981
109.50000 -53.30382 0.94063
109.55000 -53.30243 0.94479
109.60000 -53.30255 0.94425
109.65000 -53.30243 0.94659
109.70000 -53.30255 0.94690
109.75000 -53.30259 0.94671
109.80000 -53.30173 0.94732
109.85000 -53.30202 0.94346
109.90000 -53.30284 0.94470
109.95000 -53.30152 0.94528
110.00000 -53.30247 0.94633
110.05000 -53.30535 0.94876
110.10000 -53.30374 0.94649
110.15000 -53.30514 0.94829
110.20000 -53.30251 0.94722
110.25000 -53.30831 0.94742
110.30000 -53.30880 0.94758
110.35000 -53.30925 0.94869
110.40000 -53.30674 0.94731
110.45000 -53.30913 0.94694
110.50000 -53.30724 0.94534
110.55000 -53.30715 0.94812
110.60000 -53.31155 0.94777
110.65000 -53.31081 0.94537
110.70000 -53.30580 0.94704
110.75000 -53.30699 0.94922
110.80000 -53.30843 0.94418
110.85000 -53.30456 0.94638
110.90000 -53.30835 0.94479
110.95000 -53.30609 0.94438
111.00000 -53.30641 0.94610
111.05000 -53.30543 0.94407
111.10000 -53.30354 0.94682
111.15000 -53.30161 0.94417
111.20000 -53.30333 0.94152
111.25000 -53.30263 0.94499
111.30000 -53.30087 0.94305
111.35000 -53.30399 0.94640
111.40000 -53.30477 0.94470
111.45000 -53.30284 0.94105
111.50000 -53.30292 0.94333
111.55000 -53.30395 0.94290
111.60000 -53.30543 0.94199
111.65000 -53.30526 0.94329
111.70000 -53.30629 0.94221
111.75000 -53.30333 0.94028
111.80000 -53.30715 0.93856
111.85000 -53.30687 0.93872
111.90000 -53.30757 0.94145
111.95000 -53.30892 0.94258
112.00000 -53.31044 0.94031
112.05000 -53.30867 0.94164
112.10000 -53.30831 0.94077
112.15000 -53.31328 0.93920
112.20000 -53.31295 0.93738
112.25000 -53.31303 0.93886
112.30000 -53.31139 0.93733
112.35000 -53.31266 0.93759
112.40000 -53.31357 0.93728
112.45000 -53.31390 0.93569
112.50000 -53.31550 0.93554
112.55000 -53.31361 0.93421
112.60000 -53.31361 0.93191
112.65000 -53.31537 0.93300
112.70000 -53.31755 0.93592
112.75000 -53.31496 0.93411
112.80000 -53.31595 0.93474
112.85000 -53.31661 0.93202
112.90000 -53.31484 0.93439
112.95000 -53.32010 0.93465
113.00000 -53.31805 0.93456
113.05000 -53.32002 0.93364
113.10000 -53.31953 0.93491
113.15000 -53.32092 0.93227
113.20000 -53.31739 0.93425
113.25000 -53.31936 0.93419
113.30000 -53.32142 0.93320
113.35000 -53.32055 0.93051
113.40000 -53.31743 0.93246
113.45000 -53.32080 0.93522
113.50000 -53.32401 0.93555
113.55000 -53.31891 0.93481
113.60000 -53.31932 0.93152
113.65000 -53.32228 0.93232
113.70000 -53.31940 0.93406
113.75000 -53.31957 0.93209
113.80000 -53.32014 0.93207
113.85000 -53.31928 0.93193
113.90000 -53.32055 0.93244
113.95000 -53.32236 0.93535
114.00000 -53.32212 0.93361
114.05000 -53.32413 0.92960
114.10000 -53.32409 0.93334
114.15000 -53.32516 0.93542
114.20000 -53.32294 0.93517
114.25000 -53.32232 0.93210
114.30000 -53.32249 0.93305
114.35000 -53.32158 0.93244
114.40000 -53.32232 0.93070
114.45000 -53.32335 0.92914
114.50000 -53.32335 0.93381
114.55000 -53.32331 0.93033
114.60000 -53.32302 0.93107
114.65000 -53.32425 0.92982
114.70000 -53.32520 0.93161
114.75000 -53.32372 0.93400
114.80000 -53.32582 0.93139
114.85000 -53.32635 0.92955
114.90000 -53.32627 0.92926
114.95000 -53.32536 0.93008
115.00000 -53.32787 0.93414
115.05000 -53.32976 0.93076
115.10000 -53.33054 0.92774
115.15000 -53.32701 0.92791
115.20000 -53.32795 0.92941
115.25000 -53.32491 0.93296
115.30000 -53.32902 0.93150
115.35000 -53.33095 0.93152
115.40000 -53.32935 0.93060
115.45000 -53.33062 0.93157
115.50000 -53.33190 0.92853
115.55000 -53.33264 0.93239
115.60000 -53.33120 0.93045
115.65000 -53.33243 0.92979
115.70000 -53.33091 0.92836
115.75000 -53.33132 0.92764
115.80000 -53.33145 0.92763
115.85000 -53.33108 0.92658
115.90000 -53.33153 0.92939
115.95000 -53.33005 0.93069
116.00000 -53.33091 0.92785
116.05000 -53.33239 0.92893
116.10000 -53.33264 0.92584
116.15000 -53.33416 0.92545
116.20000 -53.33593 0.92330
116.25000 -53.33112 0.92303
116.30000 -53.33021 0.92265
116.35000 -53.33067 0.92269
116.40000 -53.32890 0.92178
116.45000 -53.33457 0.92153
116.50000 -53.33099 0.92339
116.55000 -53.32779 0.92353
116.60000 -53.32417 0.91756
116.65000 -53.32586 0.92094
116.70000 -53.32643 0.92373
116.75000 -53.32553 0.92466
116.80000 -53.32795 0.92578
116.85000 -53.32520 0.92408
116.90000 -53.32277 0.92506
116.95000 -53.32483 0.92412
117.00000 -53.32376 0.92474
117.05000 -53.31940 0.92425
117.10000 -53.32240 0.92430
117.15000 -53.31690 0.92295
117.20000 -53.32068 0.92643
117.25000 -53.32138 0.92798
117.30000 -53.32117 0.92799
117.35000 -53.31912 0.92995
117.40000 -53.32207 0.92973
117.45000 -53.32306 0.92560
117.50000 -53.32318 0.92775
117.55000 -53.32138 0.92720
117.60000 -53.32043 0.92728
117.65000 -53.32355 0.92807
117.70000 -53.31977 0.93038
117.75000 -53.32236 0.93069
117.80000 -53.32392 0.93244
117.85000 -53.32249 0.93135
117.90000 -53.32236 0.93082
117.95000 -53.32076 0.92972
118.00000 -53.32154 0.93029
118.05000 -53.32064 0.93151
118.10000 -53.31998 0.92845
118.15000 -53.31891 0.92974
118.20000 -53.32368 0.92608
118.25000 -53.32088 0.92708
118.30000 -53.32117 0.92933
118.35000 -53.32195 0.93021
118.40000 -53.32039 0.93227
118.45000 -53.31829 0.93245
118.50000 -53.31661 0.93027
118.55000 -53.31640 0.93057
118.60000 -53.31698 0.92886
118.65000 -53.31895 0.92879
118.70000 -53.31517 0.92888
118.75000 -53.31595 0.93110
118.80000 -53.31562 0.92940
118.85000 -53.31225 0.93075
118.90000 -53.31418 0.93203
118.95000 -53.31377 0.93035
119.00000 -53.31007 0.93083
119.05000 -53.31344 0.93132
119.10000 -53.31151 0.92906
119.15000 -53.31225 0.92929
119.20000 -53.31188 0.92668
119.25000 -53.31007 0.92986
119.30000 -53.31435 0.92807
119.35000 -53.31168 0.92849
119.40000 -53.31040 0.92526
119.45000 -53.31048 0.92754
119.50000 -53.31094 0.92699
119.55000 -53.30904 0.92726
119.60000 -53.31024 0.92611
119.65000 -53.31032 0.92595
119.70000 -53.31048 0.92648
119.75000 -53.30904 0.92129
119.80000 -53.31225 0.92026
119.85000 -53.31340 0.92414
119.90000 -53.31291 0.92268
119.95000 -53.31348 0.92297
120.00000 -53.31200 0.92266
120.05000 -53.31385 0.92337
120.10000 -53.31464 0.92032
120.15000 -53.31324 0.91929
120.20000 -53.31094 0.91764
120.25000 -53.31147 0.92001
120.30000 -53.31126 0.91784
120.35000 -53.31036 0.91952
120.40000 -53.30802 0.91753
120.45000 -53.30950 0.91827
120.50000 -53.30691 0.91648
120.55000 -53.30662 0.91565
120.60000 -53.30374 0.91607
120.65000 -53.30674 0.91762
120.70000 -53.30354 0.91583
120.75000 -53.30156 0.91783
120.80000 -53.30058 0.91645
120.85000 -53.30600 0.91682
120.90000 -53.30580 0.91780
120.95000 -53.30403 0.91721
121.00000 -53.30461 0.92146
121.05000 -53.30477 0.92573
121.10000 -53.30419 0.92634
121.15000 -53.30424 0.92465
121.20000 -53.30411 0.92253
121.25000 -53.30239 0.92350
121.30000 -53.30366 0.92324
121.35000 -53.30025 0.91974
121.40000 -53.30214 0.92281
121.45000 -53.29984 0.92000
121.50000 -53.30099 0.92109
121.55000 -53.30193 0.92268
121.60000 -53.30284 0.92630
121.65000 -53.30132 0.92470
121.70000 -53.29873 0.92455
121.75000 -53.30234 0.92221
121.80000 -53.30267 0.92333
121.85000 -53.30144 0.92246
121.90000 -53.30152 0.92357
121.95000 -53.29971 0.91907
122.00000 -53.30140 0.92134
122.05000 -53.30234 0.92147
122.10000 -53.30181 0.92051
122.15000 -53.30111 0.92250
122.20000 -53.29959 0.92363
122.25000 -53.30161 0.92170
122.30000 -53.30341 0.92140
122.35000 -53.30280 0.91965
122.40000 -53.30378 0.91935
122.45000 -53.30452 0.92142
122.50000 -53.30678 0.92276
122.55000 -53.30880 0.92213
122.60000 -53.30904 0.91910
122.65000 -53.31110 0.92220
122.70000 -53.30950 0.92096
122.75000 -53.30880 0.92056
122.80000 -53.30835 0.91971
122.85000 -53.30699 0.92105
122.90000 -53.31098 0.91821
122.95000 -53.31316 0.91800
123.00000 -53.30983 0.92196
123.05000 -53.30983 0.92007
123.10000 -53.30880 0.91973
123.15000 -53.31011 0.91840
123.20000 -53.31036 0.91832
123.25000 -53.30859 0.91987
123.30000 -53.31073 0.91870
123.35000 -53.30884 0.91890
123.40000 -53.30752 0.92263
123.45000 -53.30921 0.91783
123.50000 -53.30650 0.92041
123.55000 -53.30625 0.92365
123.60000 -53.30646 0.92141
123.65000 -53.30909 0.92077
123.70000 -53.30670 0.92379
123.75000 -53.30765 0.92193
123.80000 -53.30473 0.92448
123.85000 -53.30502 0.92242
123.90000 -53.30226 0.92417
123.95000 -53.30161 0.92544
124.00000 -53.30029 0.92550
124.05000 -53.30136 0.92377
124.10000 -53.29971 0.92356
124.15000 -53.30119 0.92365
124.20000 -53.29856 0.92405
124.25000 -53.30276 0.92516
124.30000 -53.30021 0.92532
124.35000 -53.29922 0.92525
124.40000 -53.29906 0.92379
124.45000 -53.29988 0.92495
124.50000 -53.29869 0.92605
124.55000 -53.29852 0.92535
124.60000 -53.30103 0.92313
124.65000 -53.30230 0.92646
124.70000 -53.30054 0.92562
124.75000 -53.30288 0.92748
124.80000 -53.30239 0.92642
124.85000 -53.30448 0.92614
124.90000 -53.30271 0.92681
124.95000 -53.30329 0.92736
125.00000 -53.30165 0.92387
125.05000 -53.30271 0.92573
125.10000 -53.30247 0.92790
125.15000 -53.30313 0.92851
125.20000 -53.30313 0.92716
125.25000 -53.30481 0.92729
125.30000 -53.30382 0.92962
125.35000 -53.30255 0.92845
125.40000 -53.30185 0.93118
125.45000 -53.30103 0.93027
125.50000 -53.30362 0.92643
125.55000 -53.30078 0.92829
125.60000 -53.30288 0.92911
125.65000 -53.30284 0.92912
125.70000 -53.30173 0.93209
125.75000 -53.30481 0.93258
125.80000 -53.30403 0.93264
125.85000 -53.30161 0.93352
125.90000 -53.30148 0.93210
125.95000 -53.30054 0.92917
126.00000 -53.30259 0.93199
126.05000 -53.30419 0.93281
126.10000 -53.30485 0.93284
126.15000 -53.30333 0.93441
126.20000 -53.30263 0.93308
126.25000 -53.30292 0.93488
126.30000 -53.30448 0.93766
126.35000 -53.30058 0.93553
126.40000 -53.29836 0.93546
126.45000 -53.30041 0.93550
126.50000 -53.29963 0.93488
126.55000 -53.30177 0.93431
126.60000 -53.29832 0.93525
126.65000 -53.30103 0.93760
126.70000 -53.29844 0.93570
126.75000 -53.30095 0.93813
126.80000 -53.30403 0.93775
126.85000 -53.30304 0.93787
126.90000 -53.30428 0.93999
126.95000 -53.30518 0.93539
127.00000 -53.30292 0.93724
127.05000 -53.30469 0.93866
127.10000 -53.30115 0.94220
127.15000 -53.30506 0.94291
127.20000 -53.30448 0.94389
127.25000 -53.30403 0.94244
127.30000 -53.30641 0.94053
127.35000 -53.30773 0.94104
127.40000 -53.30650 0.94426
127.45000 -53.30399 0.94143
127.50000 -53.30107 0.94295
127.55000 -53.30119 0.94034
127.60000 -53.30177 0.94114
127.65000 -53.30243 0.93740
127.70000 -53.29914 0.93876
127.75000 -53.29918 0.93928
127.80000 -53.29700 0.94021
127.85000 -53.30173 0.93790
127.90000 -53.30152 0.94326
127.95000 -53.29877 0.94459
128.00000 -53.30029 0.94311
128.05000 -53.30058 0.94314
128.10000 -53.30087 0.94322
128.15000 -53.30300 0.94090
128.20000 -53.30288 0.93876
128.25000 -53.30239 0.93912
128.30000 -53.29881 0.93693
128.35000 -53.30613 0.93606
128.40000 -53.30481 0.93550
128.45000 -53.30255 0.93034
128.50000 -53.30518 0.92826
128.55000 -53.30514 0.92840
128.60000 -53.30333 0.92997
128.65000 -53.30411 0.92839
128.70000 -53.30345 0.92734
128.75000 -53.30613 0.92696
128.80000 -53.30489 0.92594
128.85000 -53.30576 0.92353
128.90000 -53.30444 0.92423
128.95000 -53.30247 0.92540
129.00000 -53.30337 0.92344
129.05000 -53.30650 0.92399
129.10000 -53.30678 0.92111
129.15000 -53.30440 0.92063
129.20000 -53.30234 0.92087
129.25000 -53.30362 0.92030
129.30000 -53.29976 0.92024
129.35000 -53.29803 0.91809
129.40000 -53.29877 0.91955
129.45000 -53.29976 0.91844
129.50000 -53.29638 0.92007
129.55000 -53.29647 0.91839
129.60000 -53.29371 0.91824
129.65000 -53.29647 0.92118
129.70000 -53.29725 0.91817
129.75000 -53.29643 0.91741
129.80000 -53.29589 0.91452
129.85000 -53.29717 0.91467
129.90000 -53.29844 0.91419
129.95000 -53.29930 0.91527
130.00000 -53.29836 0.91400
130.05000 -53.30017 0.91286
130.10000 -53.29889 0.91221
130.15000 -53.29737 0.91186
130.20000 -53.30128 0.91135
130.25000 -53.30366 0.91151
130.30000 -53.30456 0.90646
130.35000 -53.30551 0.90783
130.40000 -53.30498 0.90443
130.45000 -53.30843 0.90219
130.50000 -53.30658 0.90393
130.55000 -53.30580 0.90564
130.60000 -53.30596 0.90034
130.65000 -53.30757 0.90183
130.70000 -53.30872 0.90318
130.75000 -53.31398 0.90236
130.80000 -53.31188 0.90010
130.85000 -53.31184 0.89889
130.90000 -53.31258 0.89881
130.95000 -53.31390 0.89848
131.00000 -53.31542 0.89990
131.05000 -53.31792 0.90205
131.10000 -53.31891 0.90343
131.15000 -53.31788 0.90470
131.20000 -53.32150 0.90576
131.25000 -53.32183 0.90787
131.30000 -53.31817 0.90731
131.35000 -53.31854 0.90601
131.40000 -53.32072 0.90585
131.45000 -53.31825 0.90802
131.50000 -53.31838 0.90566
131.55000 -53.31710 0.90402
131.60000 -53.31579 0.90708
131.65000 -53.31673 0.90641
131.70000 -53.31879 0.90796
131.75000 -53.31694 0.90609
131.80000 -53.31690 0.90669
131.85000 -53.31739 0.90875
131.90000 -53.31607 0.91081
131.95000 -53.31381 0.91294
132.00000 -53.31558 0.91425
132.05000 -53.31151 0.91273
132.10000 -53.31348 0.91378
132.15000 -53.31192 0.91303
132.20000 -53.31094 0.91982
132.25000 -53.31328 0.91867
132.30000 -53.31418 0.92108
132.35000 -53.31348 0.92008
132.40000 -53.31377 0.92106
132.45000 -53.31533 0.92213
132.50000 -53.31168 0.92244
132.55000 -53.31052 0.92562
132.60000 -53.31328 0.92263
132.65000 -53.31583 0.92213
132.70000 -53.31698 0.92453
132.75000 -53.31714 0.92590
132.80000 -53.31653 0.92741
132.85000 -53.31764 0.92590
132.90000 -53.31640 0.92704
132.95000 -53.31706 0.92900
133.00000 -53.31932 0.92801
133.05000 -53.31661 0.93027
133.10000 -53.31829 0.93139
133.15000 -53.31690 0.92862
133.20000 -53.31981 0.93154
133.25000 -53.31940 0.93207
133.30000 -53.31796 0.93210
133.35000 -53.31579 0.93227
133.40000 -53.31681 0.93079
133.45000 -53.31566 0.93152
133.50000 -53.31932 0.93296
133.55000 -53.31973 0.93494
133.60000 -53.32121 0.93255
133.65000 -53.31949 0.93558
133.70000 -53.31883 0.93368
133.75000 -53.31801 0.93537
133.80000 -53.32080 0.93393
133.85000 -53.31912 0.93218
133.90000 -53.32035 0.93781
133.95000 -53.32158 0.93566
134.00000 -53.31817 0.93635
134.05000 -53.32134 0.93941
134.10000 -53.32129 0.93645
134.15000 -53.32031 0.93702
134.20000 -53.32010 0.93471
134.25000 -53.32080 0.93449
134.30000 -53.32257 0.93422
134.35000 -53.32257 0.93707
134.40000 -53.31727 0.94087
134.45000 -53.31866 0.93626
134.50000 -53.32125 0.93539
134.55000 -53.31965 0.93528
134.60000 -53.32088 0.93672
134.65000 -53.32084 0.93696
134.70000 -53.32175 0.93852
134.75000 -53.31899 0.94027
134.80000 -53.31821 0.93618
134.85000 -53.31529 0.93680
134.90000 -53.32072 0.93656
134.95000 -53.31969 0.93528
135.00000 -53.32014 0.93626
135.05000 -53.32006 0.93811
135.10000 -53.32097 0.94104
135.15000 -53.32216 0.94146
135.20000 -53.32039 0.94020
135.25000 -53.32064 0.94006
135.30000 -53.32446 0.93564
135.35000 -53.32220 0.93168
135.40000 -53.32454 0.93109
135.45000 -53.32162 0.93407
135.50000 -53.32503 0.93247
135.55000 -53.32631 0.93450
135.60000 -53.33108 0.93375
135.65000 -53.33071 0.93438
135.70000 -53.32565 0.93556
135.75000 -53.32532 0.93523
135.80000 -53.32323 0.93547
135.85000 -53.32269 0.93565
135.90000 -53.32582 0.93487
135.95000 -53.32351 0.93670
136.00000 -53.32438 0.93577
136.05000 -53.32635 0.93552
136.10000 -53.32138 0.93575
136.15000 -53.32101 0.93266
136.20000 -53.32220 0.93699
136.25000 -53.31961 0.93449
136.30000 -53.31866 0.93348
136.35000 -53.31821 0.93418
136.40000 -53.31776 0.93514
136.45000 -53.31628 0.93407
136.50000 -53.31496 0.93366
136.55000 -53.31653 0.93589
136.60000 -53.31155 0.93871
136.65000 -53.31110 0.93604
136.70000 -53.30991 0.93813
136.75000 -53.30884 0.93827
136.80000 -53.31320 0.93856
136.85000 -53.31488 0.93685
136.90000 -53.31451 0.93861
136.95000 -53.31155 0.93271
137.00000 -53.31065 0.93573
137.05000 -53.31003 0.93697
137.10000 -53.30995 0.93452
137.15000 -53.30929 0.93517
137.20000 -53.31139 0.93203
137.25000 -53.31394 0.92894
137.30000 -53.31496 0.93172
137.35000 -53.31307 0.92946
137.40000 -53.30921 0.93078
137.45000 -53.30991 0.92750
137.50000 -53.30896 0.92967
137.55000 -53.30604 0.92662
137.60000 -53.30489 0.92743
137.65000 -53.30428 0.92672
137.70000 -53.30699 0.93025
137.75000 -53.30461 0.92730
137.80000 -53.30703 0.92976
137.85000 -53.30703 0.92828
137.90000 -53.30715 0.92510
137.95000 -53.30498 0.92665
138.00000 -53.30280 0.92996
138.05000 -53.30317 0.92609
138.10000 -53.30358 0.92630
138.15000 -53.30604 0.92636
138.20000 -53.30493 0.92609
138.25000 -53.30198 0.92893
138.30000 -53.30395 0.92629
138.35000 -53.30341 0.92793
138.40000 -53.30576 0.92507
138.45000 -53.30300 0.92555
138.50000 -53.30013 0.92433
138.55000 -53.30152 0.92216
138.60000 -53.30267 0.91983
138.65000 -53.30358 0.91889
138.70000 -53.30399 0.91768
138.75000 -53.30337 0.91712
138.80000 -53.30436 0.91610
138.85000 -53.30465 0.91621
138.90000 -53.30276 0.91564
138.95000 -53.30592 0.91418
139.00000 -53.30243 0.91645
139.05000 -53.30555 0.91420
139.10000 -53.30798 0.91253
139.15000 -53.30584 0.91033
139.20000 -53.30617 0.91300
139.25000 -53.30720 0.91521
139.30000 -53.30884 0.91258
139.35000 -53.30831 0.91505
139.40000 -53.30835 0.91388
139.45000 -53.30724 0.90910
139.50000 -53.30884 0.91337
139.55000 -53.30732 0.91457
139.60000 -53.30576 0.91349
139.65000 -53.30551 0.91575
139.70000 -53.30592 0.91784
139.75000 -53.30493 0.92156
139.80000 -53.30017 0.92098
139.85000 -53.29947 0.92186
139.90000 -53.29963 0.92047
139.95000 -53.29869 0.92335
140.00000 -53.29696 0.92380
140.05000 -53.29347 0.92598
140.10000 -53.29659 0.92363
140.15000 -53.29532 0.92707
140.20000 -53.29556 0.92850
140.25000 -53.29902 0.93071
140.30000 -53.29737 0.92727
140.35000 -53.29762 0.92923
140.40000 -53.29630 0.93198
140.45000 -53.29922 0.92842
140.50000 -53.29988 0.93195
140.55000 -53.29877 0.93359
140.60000 -53.29737 0.93200
140.65000 -53.29634 0.93328
140.70000 -53.29856 0.92929
140.75000 -53.30173 0.93181
140.80000 -53.30041 0.93021
140.85000 -53.30021 0.92999
140.90000 -53.30169 0.93042
140.95000 -53.30091 0.93053
141.00000 -53.29930 0.93088
141.05000 -53.29984 0.92955
141.10000 -53.30202 0.92939
141.15000 -53.30280 0.92659
141.20000 -53.30337 0.92711
141.25000 -53.30584 0.92793
141.30000 -53.30333 0.92850
141.35000 -53.30292 0.92324
141.40000 -53.30276 0.92200
141.45000 -53.30424 0.92304
141.50000 -53.30691 0.92210
141.55000 -53.30613 0.91907
141.60000 -53.30448 0.91854
141.65000 -53.30900 0.92041
141.70000 -53.31081 0.91956
141.75000 -53.31464 0.92190
141.80000 -53.31131 0.92060
141.85000 -53.30999 0.92089
141.90000 -53.30950 0.91780
141.95000 -53.30835 0.92028
142.00000 -53.31032 0.92027
142.05000 -53.31106 0.92072
142.10000 -53.31032 0.92242
142.15000 -53.31237 0.92115
142.20000 -53.31024 0.92259
142.25000 -53.31196 0.92017
142.30000 -53.31168 0.92219
142.35000 -53.31192 0.92000
142.40000 -53.31085 0.92096
142.45000 -53.30966 0.91914
142.50000 -53.31007 0.92424
142.55000 -53.31007 0.92396
142.60000 -53.31069 0.92109
142.65000 -53.30896 0.92297
142.70000 -53.30629 0.92241
142.75000 -53.30650 0.92127
142.80000 -53.30555 0.92314
142.85000 -53.30633 0.92524
142.90000 -53.30350 0.92270
142.95000 -53.30099 0.92330
143.00000 -53.30304 0.92037
143.05000 -53.29902 0.91965
143.10000 -53.29708 0.92008
143.15000 -53.29795 0.92047
143.20000 -53.29667 0.92262
143.25000 -53.29696 0.92121
143.30000 -53.29700 0.91941
143.35000 -53.29318 0.92348
143.40000 -53.29684 0.92336
143.45000 -53.29474 0.92156
143.50000 -53.29733 0.92304
143.55000 -53.29704 0.92146
143.60000 -53.29404 0.92327
143.65000 -53.29564 0.92457
143.70000 -53.29515 0.92485
143.75000 -53.29326 0.92856
143.80000 -53.29437 0.92520
143.85000 -53.29733 0.92625
143.90000 -53.29671 0.92753
143.95000 -53.29762 0.92372
144.00000 -53.29762 0.92388
144.05000 -53.30021 0.92187
144.10000 -53.30206 0.92372
144.15000 -53.30165 0.92355
144.20000 -53.30317 0.92199
144.25000 -53.30185 0.92310
144.30000 -53.30292 0.92423
144.35000 -53.30629 0.92595
144.40000 -53.30485 0.92519
144.45000 -53.30740 0.92488
144.50000 -53.30880 0.92502
144.55000 -53.30958 0.92271
144.60000 -53.31089 0.92287
144.65000 -53.30892 0.92474
144.70000 -53.31089 0.92591
144.75000 -53.31036 0.92128
144.80000 -53.31385 0.92191
144.85000 -53.31172 0.91852
144.90000 -53.31484 0.91890
144.95000 -53.31196 0.91808
145.00000 -53.31303 0.91874
145.05000 -53.31410 0.91920
145.10000 -53.31406 0.91528
145.15000 -53.31702 0.91522
145.20000 -53.31685 0.91434
145.25000 -53.31587 0.91398
145.30000 -53.31348 0.91290
145.35000 -53.31817 0.91098
145.40000 -53.31788 0.91091
145.45000 -53.31887 0.91275
145.50000 -53.31833 0.91086
145.55000 -53.31829 0.91104
145.60000 -53.32092 0.91172
145.65000 -53.31981 0.91069
145.70000 -53.31784 0.91152
145.75000 -53.32331 0.91223
145.80000 -53.32343 0.91294
145.85000 -53.32327 0.91128
145.90000 -53.32586 0.91239
145.95000 -53.32224 0.90892
146.00000 -53.32171 0.90846
146.05000 -53.32039 0.90980
146.10000 -53.32039 0.90631
146.15000 -53.31986 0.90600
146.20000 -53.32249 0.90509
146.25000 -53.32220 0.90330
146.30000 -53.32175 0.90110
146.35000 -53.32434 0.90191
146.40000 -53.32055 0.90032
146.45000 -53.31969 0.89837
146.50000 -53.31994 0.89746
146.55000 -53.32388 0.90320
146.60000 -53.32142 0.90034
146.65000 -53.32203 0.89854
146.70000 -53.31961 0.90320
146.75000 -53.32117 0.90096
146.80000 -53.32014 0.90083
146.85000 -53.32347 0.89765
146.90000 -53.32183 0.89948
146.95000 -53.31965 0.90015
147.00000 -53.31887 0.90213
147.05000 -53.32134 0.90526
147.10000 -53.32171 0.90419
147.15000 -53.32109 0.90352
147.20000 -53.32331 0.90072
147.25000 -53.32240 0.89803
147.30000 -53.32388 0.89790
147.35000 -53.32302 0.89930
147.40000 -53.32162 0.90110
147.45000 -53.32261 0.89962
147.50000 -53.32409 0.90289
147.55000 -53.32532 0.90526
147.60000 -53.32614 0.89882
147.65000 -53.32569 0.89922
147.70000 -53.32302 0.90180
147.75000 -53.32561 0.90081
147.80000 -53.32569 0.90363
147.85000 -53.33050 0.90066
147.90000 -53.32841 0.89990
147.95000 -53.32836 0.90217
148.00000 -53.32746 0.90088
148.05000 -53.33157 0.89993
148.10000 -53.33391 0.90162
148.15000 -53.33584 0.90297
148.20000 -53.33613 0.89914
148.25000 -53.33580 0.89795
148.30000 -53.33617 0.90056
148.35000 -53.33856 0.90331
148.40000 -53.33671 0.90253
148.45000 -53.33913 0.90210
148.50000 -53.34197 0.90207
148.55000 -53.34267 0.90133
148.60000 -53.33959 0.90184
148.65000 -53.34045 0.90192
148.70000 -53.34234 0.90286
148.75000 -53.34287 0.90261
148.80000 -53.34135 0.90129
148.85000 -53.34168 0.90231
148.90000 -53.34234 0.90236
148.95000 -53.34283 0.90163
149.00000 -53.34304 0.89999
149.05000 -53.34402 0.90408
149.10000 -53.34283 0.90130
149.15000 -53.34320 0.90210
149.20000 -53.34411 0.89763
149.25000 -53.34629 0.89753
149.30000 -53.34826 0.89769
149.35000 -53.34559 0.89372
149.40000 -53.34374 0.89493
149.45000 -53.34407 0.89240
149.50000 -53.34735 0.89284
149.55000 -53.34485 0.89422
149.60000 -53.34263 0.88897
149.65000 -53.34411 0.89084
149.70000 -53.33979 0.89228
149.75000 -53.34172 0.89295
149.80000 -53.33963 0.89386
149.85000 -53.34090 0.89408
149.90000 -53.33778 0.89560
149.95000 -53.33856 0.89229
150.00000 -53.33975 0.89637
150.05000 -53.33650 0.89809
150.10000 -53.33617 0.89513
150.15000 -53.33379 0.89367
150.20000 -53.33058 0.89637
150.25000 -53.33071 0.89703
150.30000 -53.32968 0.89695
150.35000 -53.33141 0.90247
150.40000 -53.32906 0.90107
150.45000 -53.32598 0.90268
150.50000 -53.32413 0.90203
150.55000 -53.32483 0.90437
150.60000 -53.32586 0.90617
150.65000 -53.32557 0.90898
150.70000 -53.32446 0.90696
150.75000 -53.32232 0.90978
150.80000 -53.32364 0.91028
150.85000 -53.32364 0.90937
150.90000 -53.32191 0.91363
150.95000 -53.32273 0.91442
151.00000 -53.32129 0.91506
151.05000 -53.32294 0.91660
151.10000 -53.31961 0.91822
151.15000 -53.32068 0.91871
151.20000 -53.31784 0.91878
151.25000 -53.32142 0.92171
151.30000 -53.32031 0.92247
151.35000 -53.31784 0.92144
151.40000 -53.31747 0.92265
151.45000 -53.31661 0.92218
151.50000 -53.31595 0.92472
151.55000 -53.31295 0.92815
151.60000 -53.31307 0.92695
151.65000 -53.31431 0.92960
151.70000 -53.31266 0.93287
151.75000 -53.31328 0.93508
151.80000 -53.31369 0.93147
151.85000 -53.31106 0.93423
151.90000 -53.31209 0.93424
151.95000 -53.31361 0.93529
152.00000 -53.31114 0.93455
152.05000 -53.31422 0.93804
152.10000 -53.31472 0.94118
152.15000 -53.31242 0.93989
152.20000 -53.31143 0.93880
152.25000 -53.31295 0.94083
152.30000 -53.31377 0.93906
152.35000 -53.31324 0.93742
152.40000 -53.31069 0.93954
152.45000 -53.30835 0.94135
152.50000 -53.31131 0.94554
152.55000 -53.30974 0.94560
152.60000 -53.31254 0.94543
152.65000 -53.31011 0.94623
152.70000 -53.30896 0.94418
152.75000 -53.30909 0.94339
152.80000 -53.30958 0.94185
152.85000 -53.30941 0.94172
152.90000 -53.31237 0.94203
152.95000 -53.31032 0.94131
153.00000 -53.31151 0.94165
153.05000 -53.31283 0.94002
153.10000 -53.31213 0.93975
153.15000 -53.30896 0.93655
153.20000 -53.30987 0.93542
153.25000 -53.31381 0.93668
153.30000 -53.31209 0.93649
153.35000 -53.31361 0.93315
153.40000 -53.31287 0.93179
153.45000 -53.31369 0.93089
153.50000 -53.31135 0.92982
153.55000 -53.31044 0.93123
153.60000 -53.31176 0.92896
153.65000 -53.31340 0.92752
153.70000 -53.31537 0.93065
153.75000 -53.31406 0.92983
153.80000 -53.31447 0.92546
153.85000 -53.31677 0.92757
153.90000 -53.31747 0.92665
153.95000 -53.31570 0.92760
154.00000 -53.31805 0.92493
154.05000 -53.31854 0.92186
154.10000 -53.32035 0.92508
154.15000 -53.32072 0.92407
154.20000 -53.32228 0.92246
154.25000 -53.32302 0.92326
154.30000 -53.32438 0.92337
154.35000 -53.32388 0.92255
154.40000 -53.32405 0.92241
154.45000 -53.32277 0.92179
154.50000 -53.32717 0.92271
154.55000 -53.32882 0.92124
154.60000 -53.32721 0.91915
154.65000 -53.32623 0.91855
154.70000 -53.32520 0.91818
154.75000 -53.32820 0.91349
154.80000 -53.32976 0.91481
154.85000 -53.33136 0.91458
154.90000 -53.32927 0.91390
154.95000 -53.32779 0.91127
155.00000 -53.32824 0.91340
155.05000 -53.32972 0.91337
155.10000 -53.32824 0.91255
155.15000 -53.32923 0.91047
155.20000 -53.32664 0.91008
155.25000 -53.32220 0.90909
155.30000 -53.32479 0.90841
155.35000 -53.32738 0.90890
155.40000 -53.32582 0.90703
155.45000 -53.32787 0.90912
155.50000 -53.33046 0.90922
155.55000 -53.32988 0.91013
155.60000 -53.33280 0.90892
155.65000 -53.32947 0.90764
155.70000 -53.33264 0.90937
155.75000 -53.33104 0.90735
155.80000 -53.33108 0.90540
155.85000 -53.33013 0.90818
155.90000 -53.33231 0.90937
155.95000 -53.33231 0.90760
156.00000 -53.32832 0.90810
156.05000 -53.33511 0.90628
156.10000 -53.33009 0.90665
156.15000 -53.33190 0.90358
156.20000 -53.32775 0.90407
156.25000 -53.33169 0.90682
156.30000 -53.33239 0.90350
156.35000 -53.33363 0.90129
156.40000 -53.33062 0.90046
156.45000 -53.33083 0.90424
156.50000 -53.32627 0.90342
156.55000 -53.32808 0.90158
156.60000 -53.33132 0.90235
156.65000 -53.32993 0.90258
156.70000 -53.32984 0.89825
156.75000 -53.32639 0.89987
156.80000 -53.32857 0.89921
156.85000 -53.32577 0.89822
156.90000 -53.32429 0.90037
156.95000 -53.32421 0.89940
157.00000 -53.32306 0.90255
157.05000 -53.32676 0.90236
157.10000 -53.32409 0.90134
157.15000 -53.32224 0.90091
157.20000 -53.32318 0.89934
157.25000 -53.32084 0.90259
157.30000 -53.32273 0.90412
157.35000 -53.32101 0.90277
157.40000 -53.31895 0.90387
157.45000 -53.31714 0.90402
157.50000 -53.31447 0.90531
157.55000 -53.31838 0.90526
157.60000 -53.31488 0.90295
157.65000 -53.31316 0.90579
157.70000 -53.31381 0.90151
157.75000 -53.31283 0.90122
157.80000 -53.31410 0.90306
157.85000 -53.31311 0.90099
157.90000 -53.31320 0.90564
157.95000 -53.31414 0.90551
158.00000 -53.31595 0.90533
158.05000 -53.31468 0.90862
158.10000 -53.31344 0.90927
158.15000 -53.31381 0.90712
158.20000 -53.31200 0.90399
158.25000 -53.31283 0.90224
158.30000 -53.31242 0.90577
158.35000 -53.31209 0.90672
158.40000 -53.31188 0.90572
158.45000 -53.30987 0.90505
158.50000 -53.30662 0.90840
158.55000 -53.30814 0.90966
158.60000 -53.30757 0.90693
158.65000 -53.30547 0.90875
158.70000 -53.30370 0.90930
158.75000 -53.30481 0.90693
158.80000 -53.30691 0.90744
158.85000 -53.30777 0.90890
158.90000 -53.30880 0.90675
158.95000 -53.30674 0.90488
159.00000 -53.30498 0.90482
159.05000 -53.30633 0.90812
159.10000 -53.30748 0.90931
159.15000 -53.30831 0.90878
159.20000 -53.30567 0.90823
159.25000 -53.30695 0.90968
159.30000 -53.30802 0.90673
159.35000 -53.30835 0.90741
159.40000 -53.31061 0.90835
159.45000 -53.30822 0.91007
159.50000 -53.31020 0.90855
159.55000 -53.30937 0.91223
159.60000 -53.30810 0.90760
159.65000 -53.30835 0.90640
159.70000 -53.30835 0.90799
159.75000 -53.30514 0.91064
159.80000 -53.30818 0.90972
159.85000 -53.30691 0.91094
159.90000 -53.30789 0.91042
159.95000 -53.30617 0.90937
160.00000 -53.30691 0.91154
160.05000 -53.30810 0.90951
160.10000 -53.30810 0.91032
160.15000 -53.31147 0.91104
160.20000 -53.30892 0.91241
160.25000 -53.31015 0.91138
160.30000 -53.31217 0.91157
160.35000 -53.31242 0.91090
160.40000 -53.30929 0.91320
160.45000 -53.30904 0.91251
160.50000 -53.30794 0.91339
160.55000 -53.30785 0.91423
160.60000 -53.30925 0.91365
160.65000 -53.30925 0.91416
160.70000 -53.30880 0.91466
160.75000 -53.30711 0.91535
160.80000 -53.30613 0.91549
160.85000 -53.30946 0.91903
160.90000 -53.30592 0.92135
160.95000 -53.30518 0.92226
161.00000 -53.30473 0.91705
161.05000 -53.30415 0.92509
161.10000 -53.30510 0.92252
161.15000 -53.30308 0.92206
161.20000 -53.30210 0.91769
161.25000 -53.30226 0.92039
161.30000 -53.29939 0.92451
161.35000 -53.30432 0.91968
161.40000 -53.30469 0.92560
161.45000 -53.30514 0.92592
161.50000 -53.30161 0.92638
161.55000 -53.30008 0.92444
161.60000 -53.30222 0.92718
161.65000 -53.30452 0.92751
161.70000 -53.29980 0.92933
161.75000 -53.30013 0.92932
161.80000 -53.29906 0.93074
161.85000 -53.29643 0.93245
161.90000 -53.29663 0.93139
161.95000 -53.29330 0.93647
162.00000 -53.28973 0.93674
162.05000 -53.28771 0.93492
162.10000 -53.28825 0.93327
162.15000 -53.28973 0.93341
162.20000 -53.28919 0.93354
162.25000 -53.28997 0.93391
162.30000 -53.29034 0.93481
162.35000 -53.28779 0.93413
162.40000 -53.28664 0.93476
162.45000 -53.28800 0.93236
162.50000 -53.28664 0.92923
162.55000 -53.28837 0.93001
162.60000 -53.28619 0.92875
162.65000 -53.28315 0.92839
162.70000 -53.28372 0.92869
162.75000 -53.28627 0.92703
162.80000 -53.28734 0.92959
162.85000 -53.28668 0.92892
162.90000 -53.28570 0.92545
162.95000 -53.28705 0.92465
163.00000 -53.28816 0.92610
163.05000 -53.28697 0.92484
163.10000 -53.28816 0.92478
163.15000 -53.29010 0.92386
163.20000 -53.29018 0.92284
163.25000 -53.28940 0.92022
163.30000 -53.29293 0.91906
163.35000 -53.29211 0.91768
163.40000 -53.29141 0.91995
163.45000 -53.29454 0.91914
163.50000 -53.29355 0.91592
163.55000 -53.29334 0.91569
163.60000 -53.29404 0.91528
163.65000 -53.29232 0.91311
163.70000 -53.29281 0.91352
163.75000 -53.29655 0.91242
163.80000 -53.29556 0.91208
163.85000 -53.29392 0.91490
163.90000 -53.29523 0.90923
163.95000 -53.29680 0.91342
164.00000 -53.29712 0.90887
164.05000 -53.29507 0.90978
164.10000 -53.29334 0.90863
164.15000 -53.29585 0.90790
164.20000 -53.29675 0.90515
164.25000 -53.30045 0.90330
164.30000 -53.29984 0.90953
164.35000 -53.30156 0.90870
164.40000 -53.30066 0.91139
164.45000 -53.29815 0.91048
164.50000 -53.30115 0.91012
164.55000 -53.30267 0.91204
164.60000 -53.30325 0.91039
164.65000 -53.30271 0.91405
164.70000 -53.30358 0.91468
164.75000 -53.30629 0.91341
164.80000 -53.30613 0.91392
164.85000 -53.30329 0.91464
164.90000 -53.30456 0.91589
164.95000 -53.30658 0.91448
165.00000 -53.30600 0.91431
165.05000 -53.30621 0.91286
165.10000 -53.30456 0.91528
165.15000 -53.30555 0.91494
165.20000 -53.30728 0.91644
165.25000 -53.30724 0.91685
165.30000 -53.30530 0.91747
165.35000 -53.30510 0.91776
165.40000 -53.30280 0.91925
165.45000 -53.30641 0.91813
165.50000 -53.30987 0.91799
165.55000 -53.30822 0.91331
165.60000 -53.30913 0.91528
165.65000 -53.30896 0.91625
165.70000 -53.30724 0.91690
165.75000 -53.30765 0.91822
165.80000 -53.30641 0.91750
165.85000 -53.30547 0.92036
165.90000 -53.30884 0.91944
165.95000 -53.30707 0.92075
166.00000 -53.30839 0.92014
166.05000 -53.31011 0.92237
166.10000 -53.30970 0.92101
166.15000 -53.30913 0.92229
166.20000 -53.30851 0.91969
166.25000 -53.31529 0.92254
166.30000 -53.31377 0.92375
166.35000 -53.31525 0.92234
166.40000 -53.31217 0.92342
166.45000 -53.31558 0.92088
166.50000 -53.31624 0.92032
166.55000 -53.31414 0.91975
166.60000 -53.31258 0.92216
166.65000 -53.31427 0.92512
166.70000 -53.31480 0.92394
166.75000 -53.31422 0.92189
166.80000 -53.31624 0.92296
166.85000 -53.31809 0.92156
166.90000 -53.31550 0.91865
166.95000 -53.31274 0.91975
167.00000 -53.31344 0.92048
167.05000 -53.31242 0.92153
167.10000 -53.30954 0.92189
167.15000 -53.31114 0.92265
167.20000 -53.30933 0.92329
167.25000 -53.30946 0.92333
167.30000 -53.30810 0.92039
167.35000 -53.30711 0.91994
167.40000 -53.30900 0.91943
167.45000 -53.30588 0.91758
167.50000 -53.30785 0.92052
167.55000 -53.30917 0.92130
167.60000 -53.30785 0.92076
167.65000 -53.30226 0.91902
167.70000 -53.30407 0.91982
167.75000 -53.30498 0.91897
167.80000 -53.30835 0.91869
167.85000 -53.30230 0.91783
167.90000 -53.30362 0.92020
167.95000 -53.30650 0.91571
168.00000 -53.30748 0.91738
168.05000 -53.30785 0.92002
168.10000 -53.30785 0.91988
168.15000 -53.30477 0.91902
168.20000 -53.30551 0.91952
168.25000 -53.30489 0.91985
168.30000 -53.30403 0.91967
168.35000 -53.30530 0.91796
168.40000 -53.30498 0.92090
168.45000 -53.30715 0.91946
168.50000 -53.30683 0.91797
168.55000 -53.30777 0.91642
168.60000 -53.30539 0.91603
168.65000 -53.30399 0.91839
168.70000 -53.30115 0.91930
168.75000 -53.30210 0.91683
168.80000 -53.30128 0.92004
168.85000 -53.29955 0.92137
168.90000 -53.30403 0.91990
168.95000 -53.30156 0.92231
169.00000 -53.30387 0.92167
169.05000 -53.30255 0.91980
169.10000 -53.30391 0.92260
169.15000 -53.30103 0.92529
169.20000 -53.30354 0.92596
169.25000 -53.30395 0.92595
169.30000 -53.30485 0.92775
169.35000 -53.30378 0.92805
169.40000 -53.30082 0.92612
169.45000 -53.30234 0.92565
169.50000 -53.30091 0.92724
169.55000 -53.30358 0.93029
169.60000 -53.30325 0.92804
169.65000 -53.30317 0.92793
169.70000 -53.30107 0.92750
169.75000 -53.30296 0.92988
169.80000 -53.29943 0.93202
169.85000 -53.29815 0.92975
169.90000 -53.30210 0.93057
169.95000 -53.30128 0.92796
170.00000 -53.30074 0.93055
170.05000 -53.30045 0.93328
170.10000 -53.30062 0.92769
170.15000 -53.30091 0.93214
170.20000 -53.30276 0.92923
170.25000 -53.30165 0.92888
170.30000 -53.30218 0.93044
170.35000 -53.30062 0.93029
170.40000 -53.29721 0.92970
170.45000 -53.30198 0.93238
170.50000 -53.30103 0.93499
170.55000 -53.30074 0.93310
170.60000 -53.29848 0.93177
170.65000 -53.30045 0.93453
170.70000 -53.29552 0.93258
170.75000 -53.29943 0.93565
170.80000 -53.30140 0.93219
170.85000 -53.29992 0.93006
170.90000 -53.29762 0.93045
170.95000 -53.29560 0.92995
171.00000 -53.29552 0.93208
171.05000 -53.29951 0.92973
171.10000 -53.29638 0.93235
171.15000 -53.29425 0.93054
171.20000 -53.29655 0.92773
171.25000 -53.29704 0.93078
171.30000 -53.29495 0.92891
171.35000 -53.29585 0.92736
171.40000 -53.29491 0.93091
171.45000 -53.29429 0.92955
171.50000 -53.29404 0.93251
171.55000 -53.29425 0.93180
171.60000 -53.29540 0.93110
171.65000 -53.29614 0.93092
171.70000 -53.29610 0.93292
171.75000 -53.29470 0.93569
171.80000 -53.29388 0.92922
171.85000 -53.29355 0.92888
171.90000 -53.29659 0.93010
171.95000 -53.29766 0.92954
172.00000 -53.29663 0.92737
172.05000 -53.29507 0.92957
172.10000 -53.29708 0.92971
172.15000 -53.29577 0.92918
172.20000 -53.29967 0.92870
172.25000 -53.29667 0.93003
172.30000 -53.30029 0.92897
172.35000 -53.29865 0.92745
172.40000 -53.29515 0.92622
172.45000 -53.29680 0.92453
172.50000 -53.29589 0.92481
172.55000 -53.29840 0.92582
172.60000 -53.29688 0.92492
172.65000 -53.29478 0.92069
172.70000 -53.29930 0.92205
172.75000 -53.29754 0.92072
172.80000 -53.29289 0.92128
172.85000 -53.29445 0.91963
172.90000 -53.29417 0.91847
172.95000 -53.29404 0.91884
173.00000 -53.29195 0.91887
173.05000 -53.29079 0.92035
173.10000 -53.29384 0.91756
173.15000 -53.29367 0.91796
173.20000 -53.29696 0.91861
173.25000 -53.29585 0.91974
173.30000 -53.29301 0.91969
173.35000 -53.29663 0.92067
173.40000 -53.29651 0.91639
173.45000 -53.29717 0.91908
173.50000 -53.29712 0.92248
173.55000 -53.29729 0.92168
173.60000 -53.29569 0.92282
173.65000 -53.29795 0.92261
173.70000 -53.29708 0.91875
173.75000 -53.29548 0.91949
173.80000 -53.29922 0.92044
173.85000 -53.29856 0.92232
173.90000 -53.29680 0.92076
173.95000 -53.29873 0.91932
174.00000 -53.29737 0.91798
174.05000 -53.29680 0.92099
174.10000 -53.29581 0.92115
174.15000 -53.29380 0.92201
174.20000 -53.29441 0.91856
174.25000 -53.29322 0.92003
174.30000 -53.29408 0.92232
174.35000 -53.29380 0.92171
174.40000 -53.29437 0.92148
174.45000 -53.29585 0.92215
174.50000 -53.29293 0.92488
174.55000 -53.29417 0.92448
174.60000 -53.29199 0.92290
174.65000 -53.29149 0.92372
174.70000 -53.28952 0.92137
174.75000 -53.29326 0.91863
174.80000 -53.29359 0.92094
174.85000 -53.29108 0.91902
174.90000 -53.29240 0.91959
174.95000 -53.29264 0.92318
175.00000 -53.29182 0.92026
175.05000 -53.29215 0.92144
175.10000 -53.29223 0.91941
175.15000 -53.29248 0.91890
175.20000 -53.29223 0.91994
175.25000 -53.29696 0.91690
175.30000 -53.29869 0.91901
175.35000 -53.29573 0.91987
175.40000 -53.29544 0.92040
175.45000 -53.29902 0.92087
175.50000 -53.30025 0.91739
175.55000 -53.30087 0.91501
175.60000 -53.30078 0.91689
175.65000 -53.30308 0.91849
175.70000 -53.30247 0.91968
175.75000 -53.30173 0.92256
175.80000 -53.30198 0.92180
175.85000 -53.29922 0.92099
175.90000 -53.30165 0.92405
175.95000 -53.30280 0.92370
176.00000 -53.30304 0.92417
176.05000 -53.30054 0.92489
176.10000 -53.30177 0.92244
176.15000 -53.30177 0.92459
176.20000 -53.30111 0.92484
176.25000 -53.30580 0.92550
176.30000 -53.30530 0.92649
176.35000 -53.30789 0.92388
176.40000 -53.30917 0.92436
176.45000 -53.31052 0.92398
176.50000 -53.31024 0.92052
176.55000 -53.30991 0.92096
176.60000 -53.31205 0.92244
176.65000 -53.31048 0.92218
176.70000 -53.31262 0.92446
176.75000 -53.31447 0.92508
176.80000 -53.31599 0.92283
176.85000 -53.31591 0.92452
176.90000 -53.31410 0.92094
176.95000 -53.31591 0.91932
177.00000 -53.31480 0.91863
177.05000 -53.31558 0.92410
177.10000 -53.31455 0.92351
177.15000 -53.31533 0.92711
177.20000 -53.31657 0.92679
177.25000 -53.31587 0.92537
177.30000 -53.31620 0.92742
177.35000 -53.31484 0.92605
177.40000 -53.31394 0.92724
177.45000 -53.31640 0.92852
177.50000 -53.31505 0.92799
177.55000 -53.31657 0.92923
177.60000 -53.31887 0.93029
177.65000 -53.31525 0.92874
177.70000 -53.31533 0.93185
177.75000 -53.31620 0.93152
177.80000 -53.31480 0.93183
177.85000 -53.31443 0.93300
177.90000 -53.31628 0.93311
177.95000 -53.31513 0.93347
178.00000 -53.31949 0.93228
178.05000 -53.31665 0.93192
178.10000 -53.31994 0.93145
178.15000 -53.31653 0.93183
178.20000 -53.31907 0.93204
178.25000 -53.32043 0.93409
178.30000 -53.31755 0.93396
178.35000 -53.31903 0.93503
178.40000 -53.31710 0.93287
178.45000 -53.31537 0.93310
178.50000 -53.31981 0.93175
178.55000 -53.31722 0.93348
178.60000 -53.31821 0.93506
178.65000 -53.31977 0.93238
178.70000 -53.31653 0.93269
178.75000 -53.31899 0.93108
178.80000 -53.32031 0.92779
178.85000 -53.31924 0.93078
178.90000 -53.31973 0.93208
178.95000 -53.32039 0.93008
179.00000 -53.31743 0.92997
179.05000 -53.31891 0.92950
179.10000 -53.31969 0.92972
179.15000 -53.31764 0.92809
179.20000 -53.31484 0.92758
179.25000 -53.31595 0.93046
179.30000 -53.31184 0.92765
179.35000 -53.31221 0.92534
179.40000 -53.31205 0.92798
179.45000 -53.31028 0.92854
179.50000 -53.30650 0.92882
179.55000 -53.30789 0.93001
179.60000 -53.30876 0.93085
179.65000 -53.30962 0.92666
179.70000 -53.30580 0.93166
179.75000 -53.30983 0.92794
179.80000 -53.30859 0.92363
179.85000 -53.30900 0.92510
179.90000 -53.30991 0.92457
179.95000 -53.30822 0.92658
180.00000 -53.30551 0.92605
180.05000 -53.30822 0.92270
180.10000 -53.30604 0.92513
180.15000 -53.30440 0.92280
180.20000 -53.30448 0.92352
180.25000 -53.30629 0.92334
180.30000 -53.30728 0.92262
180.35000 -53.30641 0.92125
180.40000 -53.30666 0.91973
180.45000 -53.30752 0.92387
180.50000 -53.30370 0.92459
180.55000 -53.30617 0.92419
180.60000 -53.30473 0.92169
180.65000 -53.30288 0.92461
180.70000 -53.30292 0.92458
180.75000 -53.30736 0.92441
180.80000 -53.30317 0.92606
180.85000 -53.30243 0.92273
180.90000 -53.30078 0.92570
180.95000 -53.30300 0.92696
181.00000 -53.30325 0.92432
181.05000 -53.30206 0.92517
181.10000 -53.29980 0.92642
181.15000 -53.30169 0.92592
181.20000 -53.30403 0.92692
181.25000 -53.30239 0.92851
181.30000 -53.30284 0.92996
181.35000 -53.29939 0.93186
181.40000 -53.29934 0.92863
181.45000 -53.29930 0.93195
181.50000 -53.29951 0.93092
181.55000 -53.29906 0.93019
181.60000 -53.29897 0.93050
181.65000 -53.30284 0.93048
181.70000 -53.30115 0.92818
181.75000 -53.30161 0.92847
181.80000 -53.30152 0.92902
181.85000 -53.30148 0.93304
181.90000 -53.30206 0.93022
181.95000 -53.30156 0.92805
182.00000 -53.30292 0.92593
182.05000 -53.29967 0.92750
182.10000 -53.30255 0.92256
182.15000 -53.30074 0.92037
182.20000 -53.30473 0.92266
182.25000 -53.30128 0.92278
182.30000 -53.30366 0.92218
182.35000 -53.30518 0.91907
182.40000 -53.30218 0.91672
182.45000 -53.30234 0.91763
182.50000 -53.30037 0.91722
182.55000 -53.30230 0.91886
182.60000 -53.30115 0.91834
182.65000 -53.30206 0.91803
182.70000 -53.29967 0.91627
182.75000 -53.29828 0.91971
182.80000 -53.29758 0.92124
182.85000 -53.29754 0.91874
182.90000 -53.29544 0.91928
182.95000 -53.29840 0.91795
183.00000 -53.29934 0.91524
183.05000 -53.30066 0.91652
183.10000 -53.29885 0.91525
183.15000 -53.30070 0.91525
183.20000 -53.30062 0.91242
183.25000 -53.29873 0.91362
183.30000 -53.29729 0.91674
183.35000 -53.29914 0.91480
183.40000 -53.29844 0.91292
183.45000 -53.30140 0.91432
183.50000 -53.30198 0.91694
183.55000 -53.30000 0.91851
183.60000 -53.30173 0.91737
183.65000 -53.29992 0.91622
183.70000 -53.29774 0.91620
183.75000 -53.29976 0.91748
183.80000 -53.30008 0.91423
183.85000 -53.30017 0.91580
183.90000 -53.29795 0.91449
183.95000 -53.29680 0.91434
184.00000 -53.29630 0.91268
184.05000 -53.29836 0.91147
184.10000 -53.30017 0.90958
184.15000 -53.29934 0.91358
184.20000 -53.29832 0.91133
184.25000 -53.29828 0.90850
184.30000 -53.30000 0.91157
184.35000 -53.29441 0.91098
184.40000 -53.29355 0.90691
184.45000 -53.29725 0.90674
184.50000 -53.29799 0.90497
184.55000 -53.29749 0.90431
184.60000 -53.29536 0.90626
184.65000 -53.29593 0.90820
184.70000 -53.29589 0.90824
184.75000 -53.29330 0.90579
184.80000 -53.29248 0.90690
184.85000 -53.28899 0.90540
184.90000 -53.29096 0.90421
184.95000 -53.29116 0.90442
185.00000 -53.29540 0.90710
185.05000 -53.29170 0.90963
185.10000 -53.29462 0.90665
185.15000 -53.29363 0.90747
185.20000 -53.29363 0.91011
185.25000 -53.29355 0.90760
185.30000 -53.29573 0.91278
185.35000 -53.29273 0.91352
185.40000 -53.29454 0.91322
185.45000 -53.29630 0.91366
185.50000 -53.29412 0.91431
185.55000 -53.29252 0.91221
185.60000 -53.29244 0.91164
185.65000 -53.29162 0.91687
185.70000 -53.29133 0.91864
185.75000 -53.29227 0.91655
185.80000 -53.29343 0.91928
185.85000 -53.29310 0.91888
185.90000 -53.29314 0.91816
185.95000 -53.29084 0.91502
186.00000 -53.29121 0.91605
186.05000 -53.29075 0.91558
186.10000 -53.29001 0.91555
186.15000 -53.28821 0.91984
186.20000 -53.28931 0.91710
186.25000 -53.28623 0.91736
186.30000 -53.28451 0.91853
186.35000 -53.28533 0.91643
186.40000 -53.28821 0.91553
186.45000 -53.28508 0.91571
186.50000 -53.28261 0.91583
186.55000 -53.28233 0.91890
186.60000 -53.28389 0.91620
186.65000 -53.28372 0.91616
186.70000 -53.28257 0.91490
186.75000 -53.28430 0.91625
186.80000 -53.28307 0.91725
186.85000 -53.28303 0.91248
186.90000 -53.28307 0.91325
186.95000 -53.28331 0.91517
187.00000 -53.27998 0.91569
187.05000 -53.28257 0.90999
187.10000 -53.28130 0.91221
187.15000 -53.28566 0.91379
187.20000 -53.28644 0.91364
187.25000 -53.28689 0.91751
187.30000 -53.28574 0.91401
187.35000 -53.29055 0.91422
187.40000 -53.28788 0.90859
187.45000 -53.29100 0.91060
187.50000 -53.29096 0.91074
187.55000 -53.29174 0.91094
187.60000 -53.29264 0.91027
187.65000 -53.29067 0.91201
187.70000 -53.29108 0.91179
187.75000 -53.29371 0.91496
187.80000 -53.29351 0.91293
187.85000 -53.29741 0.91094
187.90000 -53.29264 0.91019
187.95000 -53.29532 0.91144
188.00000 -53.29601 0.91123
188.05000 -53.29486 0.90975
188.10000 -53.29601 0.90819
188.15000 -53.29758 0.91117
188.20000 -53.29408 0.91292
188.25000 -53.29630 0.90813
188.30000 -53.29626 0.91315
188.35000 -53.29852 0.91099
188.40000 -53.30013 0.91233
188.45000 -53.29951 0.91426
188.50000 -53.30284 0.91062
188.55000 -53.30341 0.91672
188.60000 -53.30444 0.91679
188.65000 -53.30617 0.91705
188.70000 -53.30892 0.91476
188.75000 -53.30674 0.91420
188.80000 -53.30572 0.91502
188.85000 -53.30761 0.91459
188.90000 -53.30859 0.91613
188.95000 -53.31057 0.91272
189.00000 -53.31020 0.91744
189.05000 -53.30929 0.91445
189.10000 -53.30859 0.91489
189.15000 -53.31365 0.91114
189.20000 -53.31180 0.91203
189.25000 -53.31089 0.91464
189.30000 -53.31114 0.91406
189.35000 -53.31036 0.91674
189.40000 -53.30966 0.91781
189.45000 -53.30995 0.91710
189.50000 -53.31003 0.91797
189.55000 -53.30633 0.91912
189.60000 -53.30818 0.91778
189.65000 -53.30773 0.92012
189.70000 -53.30609 0.91888
189.75000 -53.30707 0.91896
189.80000 -53.30880 0.91653
189.85000 -53.30810 0.91514
189.90000 -53.30592 0.91629
189.95000 -53.30818 0.91727
190.00000 -53.30424 0.91680
190.05000 -53.30403 0.91900
190.10000 -53.30206 0.91779
190.15000 -53.29988 0.91767
190.20000 -53.30091 0.91927
190.25000 -53.30424 0.92012
190.30000 -53.30202 0.92278
190.35000 -53.30181 0.92078
190.40000 -53.29980 0.92326
190.45000 -53.30021 0.92149
190.50000 -53.29778 0.92179
190.55000 -53.29786 0.92109
190.60000 -53.29873 0.92680
190.65000 -53.29918 0.92644
190.70000 -53.30037 0.92339
190.75000 -53.29659 0.92543
190.80000 -53.29585 0.92784
190.85000 -53.29478 0.92504
190.90000 -53.29803 0.92386
190.95000 -53.29569 0.92546
191.00000 -53.29338 0.92738
191.05000 -53.29544 0.92924
191.10000 -53.29433 0.92566
191.15000 -53.29976 0.92888
191.20000 -53.30008 0.93040
191.25000 -53.30008 0.93078
191.30000 -53.29988 0.93243
191.35000 -53.29737 0.92985
191.40000 -53.29877 0.93038
191.45000 -53.29873 0.92975
191.50000 -53.29733 0.93103
191.55000 -53.29902 0.92901
191.60000 -53.29836 0.93047
191.65000 -53.29680 0.92902
191.70000 -53.29811 0.93296
191.75000 -53.30099 0.93209
191.80000 -53.30091 0.93271
191.85000 -53.29988 0.93141
191.90000 -53.29910 0.93385
191.95000 -53.30045 0.93453
192.00000 -53.30234 0.93497
192.05000 -53.30510 0.93445
192.10000 -53.30514 0.93822
192.15000 -53.30239 0.93407
192.20000 -53.30280 0.93764
192.25000 -53.30099 0.93765
192.30000 -53.30128 0.93790
192.35000 -53.30300 0.93998
192.40000 -53.30177 0.94061
192.45000 -53.30017 0.94070
192.50000 -53.29967 0.94358
192.55000 -53.30214 0.94300
192.60000 -53.29803 0.94506
192.65000 -53.30078 0.94516
192.70000 -53.29860 0.94562
192.75000 -53.29951 0.94774
192.80000 -53.30041 0.94928
192.85000 -53.29996 0.94856
192.90000 -53.29939 0.95018
192.95000 -53.29934 0.94755
193.00000 -53.30074 0.94845
193.05000 -53.29774 0.94784
193.10000 -53.30070 0.95202
193.15000 -53.29914 0.94627
193.20000 -53.29971 0.94681
193.25000 -53.29889 0.94468
193.30000 -53.29947 0.94623
193.35000 -53.29786 0.94481
193.40000 -53.29589 0.94299
193.45000 -53.29815 0.94430
193.50000 -53.29647 0.94348
193.55000 -53.29638 0.94554
193.60000 -53.29638 0.94595
193.65000 -53.29478 0.94426
193.70000 -53.29836 0.94479
193.75000 -53.29219 0.94470
193.80000 -53.29458 0.94199
193.85000 -53.29556 0.94170
193.90000 -53.29474 0.93957
193.95000 -53.29277 0.94058
194.00000 -53.29281 0.94276
194.05000 -53.29692 0.93970
194.10000 -53.29704 0.94081
194.15000 -53.29454 0.93851
194.20000 -53.29511 0.93933
194.25000 -53.29359 0.93663
194.30000 -53.29355 0.93765
194.35000 -53.29310 0.93535
194.40000 -53.29684 0.93410
194.45000 -53.29384 0.93586
194.50000 -53.29174 0.93620
194.55000 -53.29528 0.93896
194.60000 -53.29314 0.93859
194.65000 -53.29532 0.93681
194.70000 -53.29343 0.93734
194.75000 -53.29380 0.93658
194.80000 -53.29363 0.93610
194.85000 -53.29491 0.93298
194.90000 -53.29511 0.93165
194.95000 -53.29499 0.92956
195.00000 -53.29581 0.93106
195.05000 -53.29306 0.93231
195.10000 -53.29544 0.93156
195.15000 -53.29786 0.93352
195.20000 -53.30518 0.93277
195.25000 -53.30181 0.93412
195.30000 -53.30132 0.93140
195.35000 -53.30050 0.93124
195.40000 -53.30033 0.93212
195.45000 -53.29971 0.93001
195.50000 -53.29869 0.93195
195.55000 -53.30050 0.92887
195.60000 -53.30210 0.92926
195.65000 -53.30530 0.92623
195.70000 -53.30576 0.92565
195.75000 -53.30374 0.92339
195.80000 -53.30683 0.92630
195.85000 -53.30477 0.92450
195.90000 -53.30925 0.92304
195.95000 -53.30851 0.92495
196.00000 -53.30765 0.92487
196.05000 -53.30440 0.92781
196.10000 -53.30382 0.92865
196.15000 -53.30752 0.92754
196.20000 -53.30711 0.92987
196.25000 -53.30666 0.92981
196.30000 -53.30843 0.92844
196.35000 -53.30794 0.92832
196.40000 -53.30683 0.92521
196.45000 -53.30937 0.92671
196.50000 -53.30941 0.93152
196.55000 -53.30724 0.93212
196.60000 -53.30600 0.92950
196.65000 -53.30765 0.92901
196.70000 -53.30609 0.92946
196.75000 -53.31020 0.93121
196.80000 -53.30802 0.92837
196.85000 -53.31048 0.93034
196.90000 -53.30909 0.92642
196.95000 -53.30884 0.92790
197.00000 -53.30752 0.92890
197.05000 -53.30707 0.92630
197.10000 -53.30387 0.92766
197.15000 -53.30510 0.92957
197.20000 -53.30917 0.92605
197.25000 -53.30461 0.92847
197.30000 -53.30740 0.92630
197.35000 -53.30867 0.92622
197.40000 -53.30514 0.92421
197.45000 -53.30752 0.92332
197.50000 -53.30872 0.92200
197.55000 -53.30925 0.91961
197.60000 -53.31028 0.91930
197.65000 -53.30933 0.92029
197.70000 -53.31015 0.92083
197.75000 -53.30987 0.91844
197.80000 -53.31246 0.91799
197.85000 -53.31110 0.91693
197.90000 -53.31283 0.91286
197.95000 -53.31061 0.91335
198.00000 -53.30892 0.91192
198.05000 -53.30896 0.91334
198.10000 -53.31135 0.91579
198.15000 -53.31192 0.91404
198.20000 -53.31184 0.91587
198.25000 -53.31307 0.91378
198.30000 -53.31217 0.91022
198.35000 -53.30711 0.91273
198.40000 -53.30300 0.91166
198.45000 -53.30859 0.91132
198.50000 -53.30872 0.91142
198.55000 -53.30461 0.91007
198.60000 -53.30370 0.91000
198.65000 -53.30502 0.91044
198.70000 -53.30465 0.91059
198.75000 -53.30625 0.91289
198.80000 -53.30744 0.91351
198.85000 -53.30773 0.91297
198.90000 -53.30514 0.91430
198.95000 -53.30247 0.91510
199.00000 -53.30465 0.91502
199.05000 -53.30428 0.91750
199.10000 -53.30354 0.91718
199.15000 -53.30720 0.91569
199.20000 -53.30687 0.91696
199.25000 -53.30428 0.92114
199.30000 -53.30683 0.92062
199.35000 -53.30629 0.91978
199.40000 -53.30510 0.92173
199.45000 -53.30703 0.91998
199.50000 -53.30867 0.91758
199.55000 -53.30802 0.91683
199.60000 -53.31032 0.91595
199.65000 -53.30732 0.91760
199.70000 -53.30851 0.92053
199.75000 -53.31122 0.91950
199.80000 -53.30662 0.91872
199.85000 -53.30720 0.92287
199.90000 -53.30687 0.92157
199.95000 -53.30892 0.92075
200.00000 -53.30876 0.92210
200.05000 -53.30863 0.92001
200.10000 -53.30773 0.92373
200.15000 -53.30863 0.92152
200.20000 -53.31044 0.92094
200.25000 -53.31155 0.92524
200.30000 -53.30715 0.92206
200.35000 -53.30847 0.92103
200.40000 -53.30847 0.92358
200.45000 -53.30785 0.92103
200.50000 -53.30641 0.92076
200.55000 -53.30428 0.91810
200.60000 -53.30395 0.91886
200.65000 -53.30399 0.92069
200.70000 -53.30378 0.91839
200.75000 -53.30572 0.91731
200.80000 -53.31159 0.91721
200.85000 -53.30991 0.91707
200.90000 -53.31052 0.91855
200.95000 -53.31159 0.91636
201.00000 -53.31205 0.91663
201.05000 -53.31073 0.92007
201.10000 -53.31196 0.91904
201.15000 -53.31213 0.92042
201.20000 -53.31085 0.92077
201.25000 -53.31369 0.92006
201.30000 -53.31196 0.91892
201.35000 -53.31122 0.92058
201.40000 -53.31180 0.92079
201.45000 -53.30752 0.91932
201.50000 -53.31032 0.92108
201.55000 -53.30888 0.91965
201.60000 -53.30921 0.92030
201.65000 -53.31032 0.92012
201.70000 -53.31011 0.91921
201.75000 -53.31213 0.91967
201.80000 -53.31328 0.92137
201.85000 -53.31509 0.92049
201.90000 -53.31616 0.92100
201.95000 -53.31550 0.92305
202.00000 -53.31455 0.92285
202.05000 -53.31422 0.92470
202.10000 -53.31788 0.92393
202.15000 -53.31657 0.92307
202.20000 -53.31940 0.92668
202.25000 -53.31829 0.92658
202.30000 -53.31772 0.92862
202.35000 -53.31833 0.92946
202.40000 -53.31542 0.92729
202.45000 -53.31875 0.92810
202.50000 -53.31546 0.93206
202.55000 -53.31644 0.93018
202.60000 -53.31472 0.93052
202.65000 -53.31579 0.93074
202.70000 -53.31517 0.92837
202.75000 -53.31398 0.92955
202.80000 -53.31591 0.92825
202.85000 -53.31743 0.92807
202.90000 -53.31718 0.92862
202.95000 -53.31468 0.93066
203.00000 -53.31377 0.92794
203.05000 -53.31480 0.92656
203.10000 -53.31632 0.92562
203.15000 -53.31607 0.92385
203.20000 -53.31439 0.92451
203.25000 -53.31402 0.92422
203.30000 -53.31287 0.92557
203.35000 -53.31365 0.92120
203.40000 -53.31328 0.92020
203.45000 -53.31418 0.92111
203.50000 -53.31365 0.92092
203.55000 -53.31237 0.92225
203.60000 -53.31032 0.91910
203.65000 -53.31562 0.92320
203.70000 -53.31710 0.92448
203.75000 -53.31143 0.92418
203.80000 -53.31505 0.92146
203.85000 -53.31562 0.92027
203.90000 -53.31953 0.92017
203.95000 -53.31854 0.92161
204.00000 -53.31850 0.91919
204.05000 -53.31546 0.91954
204.10000 -53.31681 0.92001
204.15000 -53.31509 0.91916
204.20000 -53.31357 0.92224
204.25000 -53.31583 0.92023
204.30000 -53.31242 0.92005
204.35000 -53.31196 0.91976
204.40000 -53.31196 0.92204
204.45000 -53.31135 0.92076
204.50000 -53.31373 0.91974
204.55000 -53.31295 0.92078
204.60000 -53.31221 0.92328
204.65000 -53.31069 0.92483
204.70000 -53.30765 0.92616
204.75000 -53.30847 0.92442
204.80000 -53.30473 0.92476
204.85000 -53.30382 0.92310
204.90000 -53.30239 0.92463
204.95000 -53.30193 0.92546
205.00000 -53.29737 0.92573
205.05000 -53.30033 0.92528
205.10000 -53.29926 0.92403
205.15000 -53.29980 0.92675
205.20000 -53.29877 0.92551
205.25000 -53.29811 0.92284
205.30000 -53.29684 0.92467
205.35000 -53.29885 0.92370
205.40000 -53.29803 0.92201
205.45000 -53.29836 0.92600
205.50000 -53.29647 0.92447
205.55000 -53.29667 0.92402
205.60000 -53.29593 0.92341
205.65000 -53.29762 0.92825
205.70000 -53.29791 0.93010
205.75000 -53.30132 0.92920
205.80000 -53.30119 0.92821
205.85000 -53.29655 0.92750
205.90000 -53.30296 0.92972
205.95000 -53.30337 0.92943
206.00000 -53.29906 0.93126
206.05000 -53.30000 0.93022
206.10000 -53.30107 0.93014
206.15000 -53.30214 0.92635
206.20000 -53.30124 0.92662
206.25000 -53.30304 0.92894
206.30000 -53.30489 0.92755
206.35000 -53.30452 0.92728
206.40000 -53.30181 0.92551
206.45000 -53.30535 0.92479
206.50000 -53.30670 0.92525
206.55000 -53.30580 0.92696
206.60000 -53.30292 0.92792
206.65000 -53.30596 0.92360
206.70000 -53.30822 0.92462
206.75000 -53.30707 0.92588
206.80000 -53.30296 0.92599
206.85000 -53.30399 0.92345
206.90000 -53.30000 0.92528
206.95000 -53.29852 0.92473
207.00000 -53.29832 0.92562
207.05000 -53.30185 0.92475
207.10000 -53.29733 0.92189
207.15000 -53.29988 0.92307
207.20000 -53.30128 0.92473
207.25000 -53.29988 0.92510
207.30000 -53.29897 0.92443
207.35000 -53.30025 0.92193
207.40000 -53.29684 0.92224
207.45000 -53.30008 0.92224
207.50000 -53.29885 0.92155
207.55000 -53.29601 0.92029
207.60000 -53.29515 0.92151
207.65000 -53.29466 0.92315
207.70000 -53.29429 0.92485
207.75000 -53.29158 0.92542
207.80000 -53.29071 0.92496
207.85000 -53.29067 0.92361
207.90000 -53.28833 0.92680
207.95000 -53.28989 0.92968
208.00000 -53.28788 0.92710
208.05000 -53.28582 0.92691
208.10000 -53.28636 0.92866
208.15000 -53.28270 0.92432
208.20000 -53.28183 0.92494
208.25000 -53.28224 0.92613
208.30000 -53.27966 0.92777
208.35000 -53.27949 0.92892
208.40000 -53.27534 0.92633
208.45000 -53.27756 0.92460
208.50000 -53.27789 0.92481
208.55000 -53.27559 0.92413
208.60000 -53.27871 0.92175
208.65000 -53.27694 0.92386
208.70000 -53.27431 0.92748
208.75000 -53.27682 0.92297
208.80000 -53.27587 0.92536
208.85000 -53.27464 0.92223
208.90000 -53.27246 0.92352
208.95000 -53.27591 0.92211
209.00000 -53.27283 0.92186
209.05000 -53.27468 0.92299
209.10000 -53.27559 0.92508
209.15000 -53.27723 0.92180
209.20000 -53.27518 0.92250
209.25000 -53.27382 0.92601
209.30000 -53.27604 0.92499
209.35000 -53.27670 0.92362
209.40000 -53.27583 0.92273
209.45000 -53.27407 0.92252
209.50000 -53.27620 0.91871
209.55000 -53.27612 0.92099
209.60000 -53.27707 0.91822
209.65000 -53.27608 0.92384
209.70000 -53.27600 0.92180
209.75000 -53.27945 0.92499
209.80000 -53.28093 0.92406
209.85000 -53.27990 0.92398
209.90000 -53.27883 0.92174
209.95000 -53.27867 0.91939
210.00000 -53.27961 0.92043
210.05000 -53.28068 0.92192
210.10000 -53.28015 0.92268
210.15000 -53.28319 0.92218
210.20000 -53.28582 0.91924
210.25000 -53.28068 0.92196
210.30000 -53.28142 0.92173
210.35000 -53.28541 0.92428
210.40000 -53.28229 0.92557
210.45000 -53.28274 0.92650
210.50000 -53.28348 0.92534
210.55000 -53.28442 0.92645
210.60000 -53.28566 0.92556
210.65000 -53.28483 0.93028
210.70000 -53.28064 0.92539
210.75000 -53.28122 0.92825
210.80000 -53.28525 0.92522
210.85000 -53.28742 0.92590
210.90000 -53.28463 0.92766
210.95000 -53.28356 0.92419
211.00000 -53.28599 0.92413
211.05000 -53.28327 0.92390
211.10000 -53.28455 0.92298
211.15000 -53.28775 0.92631
211.20000 -53.28755 0.92614
211.25000 -53.28821 0.92380
211.30000 -53.28812 0.92263
211.35000 -53.28894 0.92498
211.40000 -53.28730 0.92218
211.45000 -53.28438 0.92137
211.50000 -53.28866 0.92311
211.55000 -53.28742 0.92255
211.60000 -53.28989 0.92043
211.65000 -53.28964 0.92000
211.70000 -53.28907 0.92278
211.75000 -53.28615 0.92159
211.80000 -53.28882 0.92155
211.85000 -53.28557 0.92165
211.90000 -53.28594 0.92181
211.95000 -53.28553 0.92185
212.00000 -53.28303 0.91854
212.05000 -53.28701 0.92245
212.10000 -53.28516 0.92145
212.15000 -53.28331 0.91782
212.20000 -53.28438 0.91815
212.25000 -53.28360 0.92095
212.30000 -53.28656 0.91529
212.35000 -53.28784 0.91740
212.40000 -53.29232 0.91817
212.45000 -53.28977 0.91725
212.50000 -53.28948 0.91310
212.55000 -53.29211 0.91464
212.60000 -53.29219 0.91300
212.65000 -53.29104 0.91159
212.70000 -53.29026 0.91319
212.75000 -53.28862 0.91232
212.80000 -53.28882 0.91268
212.85000 -53.29079 0.91282
212.90000 -53.29293 0.91425
212.95000 -53.29363 0.91482
213.00000 -53.29108 0.91784
213.05000 -53.29186 0.91473
213.10000 -53.28981 0.91180
213.15000 -53.29112 0.91399
213.20000 -53.29178 0.91379
213.25000 -53.28993 0.91655
213.30000 -53.29170 0.91509
213.35000 -53.29005 0.91339
213.40000 -53.28668 0.91416
213.45000 -53.28973 0.91508
213.50000 -53.29133 0.91568
213.55000 -53.29186 0.91491
213.60000 -53.29075 0.91257
213.65000 -53.29026 0.91510
213.70000 -53.29158 0.91584
213.75000 -53.29326 0.91168
213.80000 -53.29038 0.91455
213.85000 -53.29412 0.91258
213.90000 -53.29236 0.91157
213.95000 -53.29351 0.91246
214.00000 -53.29474 0.90881
214.05000 -53.29334 0.90993
214.10000 -53.29388 0.91286
214.15000 -53.29273 0.91467
214.20000 -53.29449 0.91572
214.25000 -53.29478 0.91305
214.30000 -53.29478 0.91465
214.35000 -53.29503 0.91324
214.40000 -53.29626 0.91373
214.45000 -53.29712 0.91375
214.50000 -53.29819 0.91169
214.55000 -53.30193 0.91260
214.60000 -53.30132 0.91283
214.65000 -53.30119 0.91317
214.70000 -53.30214 0.91371
214.75000 -53.30267 0.91185
214.80000 -53.30029 0.90910
214.85000 -53.29963 0.90824
214.90000 -53.30140 0.90860
214.95000 -53.30033 0.91154
215.00000 -53.30613 0.91210
215.05000 -53.30411 0.91257
215.10000 -53.30411 0.91326
215.15000 -53.30358 0.91255
215.20000 -53.30506 0.91222
215.25000 -53.30300 0.91326
215.30000 -53.30095 0.91283
215.35000 -53.29980 0.91150
215.40000 -53.30124 0.91581
215.45000 -53.29877 0.91540
215.50000 -53.29770 0.91822
215.55000 -53.29573 0.91825
215.60000 -53.29647 0.91883
215.65000 -53.29671 0.91845
215.70000 -53.29482 0.92145
215.75000 -53.29301 0.92239
215.80000 -53.29108 0.91805
215.85000 -53.29351 0.92036
215.90000 -53.29141 0.92270
215.95000 -53.29038 0.92430
216.00000 -53.29010 0.92649
216.05000 -53.28903 0.92363
216.10000 -53.29289 0.92593
216.15000 -53.29380 0.92454
216.20000 -53.29334 0.92233
216.25000 -53.29116 0.92287
216.30000 -53.29125 0.92509
216.35000 -53.28968 0.91958
216.40000 -53.29244 0.91757
216.45000 -53.29408 0.91946
216.50000 -53.29425 0.91799
216.55000 -53.29671 0.92169
216.60000 -53.29507 0.92070
216.65000 -53.29384 0.92189
216.70000 -53.29466 0.92192
216.75000 -53.29593 0.91970
216.80000 -53.29671 0.91810
216.85000 -53.29782 0.91715
216.90000 -53.29939 0.91848
216.95000 -53.30082 0.91950
217.00000 -53.30193 0.91938
217.05000 -53.30218 0.91823
217.10000 -53.30230 0.91837
217.15000 -53.30058 0.91486
217.20000 -53.30251 0.91662
217.25000 -53.30378 0.91746
217.30000 -53.30440 0.91597
217.35000 -53.30399 0.91834
217.40000 -53.30465 0.91765
217.45000 -53.30625 0.91478
217.50000 -53.30432 0.91589
217.55000 -53.30695 0.91385
217.60000 -53.30514 0.91532
217.65000 -53.30547 0.91516
217.70000 -53.30498 0.91327
217.75000 -53.30872 0.91300
217.80000 -53.30678 0.91041
217.85000 -53.30798 0.91325
217.90000 -53.30978 0.91201
217.95000 -53.30584 0.90825
218.00000 -53.31015 0.90505
218.05000 -53.30843 0.90451
218.10000 -53.30765 0.90392
218.15000 -53.30941 0.90178
218.20000 -53.30794 0.90123
218.25000 -53.31020 0.90249
218.30000 -53.31270 0.90201
218.35000 -53.30802 0.89907
218.40000 -53.31102 0.90033
218.45000 -53.31061 0.90289
218.50000 -53.31044 0.90713
218.55000 -53.31131 0.90457
218.60000 -53.31094 0.90425
218.65000 -53.30941 0.90414
218.70000 -53.31048 0.90578
218.75000 -53.31492 0.90901
218.80000 -53.31242 0.90942
218.85000 -53.31200 0.90941
218.90000 -53.31509 0.90891
218.95000 -53.31718 0.90882
219.00000 -53.31673 0.90980
219.05000 -53.31850 0.91009
219.10000 -53.31735 0.91110
219.15000 -53.32080 0.91098
219.20000 -53.31969 0.91113
219.25000 -53.31846 0.90932
219.30000 -53.32466 0.90786
219.35000 -53.32002 0.90416
219.40000 -53.32084 0.90776
219.45000 -53.32290 0.90800
219.50000 -53.32392 0.90634
219.55000 -53.32643 0.90791
219.60000 -53.32384 0.90575
219.65000 -53.32577 0.90659
219.70000 -53.32265 0.90558
219.75000 -53.32138 0.90466
219.80000 -53.32117 0.90341
219.85000 -53.32199 0.90398
219.90000 -53.32355 0.90485
219.95000 -53.32405 0.90304
220.00000 -53.32113 0.90391
220.05000 -53.32290 0.90345
220.10000 -53.32421 0.90622
220.15000 -53.32553 0.90500
220.20000 -53.32261 0.90191
220.25000 -53.32458 0.89893
220.30000 -53.32088 0.90038
220.35000 -53.31936 0.90211
220.40000 -53.31636 0.90235
220.45000 -53.31583 0.90174
220.50000 -53.31369 0.90193
220.55000 -53.31599 0.90478
220.60000 -53.31283 0.90652
220.65000 -53.31365 0.90649
220.70000 -53.31472 0.90641
220.75000 -53.31570 0.90983
220.80000 -53.31385 0.90989
220.85000 -53.31225 0.91144
220.90000 -53.30921 0.91101
220.95000 -53.30917 0.91241
221.00000 -53.30892 0.91031
221.05000 -53.30921 0.90762
221.10000 -53.31118 0.91069
221.15000 -53.31147 0.91043
221.20000 -53.30514 0.91124
221.25000 -53.30699 0.91059
221.30000 -53.30502 0.90797
221.35000 -53.30189 0.90777
221.40000 -53.30152 0.90585
221.45000 -53.30255 0.90877
221.50000 -53.29766 0.91056
221.55000 -53.29943 0.90975
221.60000 -53.29384 0.90749
221.65000 -53.29774 0.90720
221.70000 -53.29643 0.90592
221.75000 -53.29178 0.91055
221.80000 -53.29310 0.90643
221.85000 -53.29260 0.90615
221.90000 -53.29252 0.90860
221.95000 -53.29001 0.90581
222.00000 -53.29182 0.90739
222.05000 -53.29462 0.90867
222.10000 -53.29421 0.90844
222.15000 -53.29433 0.90817
222.20000 -53.29112 0.90988
222.25000 -53.29482 0.91088
222.30000 -53.28751 0.91099
222.35000 -53.28779 0.91190
222.40000 -53.28870 0.91189
222.45000 -53.28578 0.91262
222.50000 -53.28335 0.91122
222.55000 -53.28586 0.91098
222.60000 -53.28668 0.90806
222.65000 -53.28294 0.91281
222.70000 -53.28031 0.91150
222.75000 -53.27863 0.91044
222.80000 -53.28019 0.90967
222.85000 -53.27892 0.90844
222.90000 -53.27933 0.91121
222.95000 -53.28027 0.90875
223.00000 -53.27998 0.91011
223.05000 -53.27518 0.90940
223.10000 -53.27649 0.90745
223.15000 -53.27678 0.90717
223.20000 -53.27739 0.90707
223.25000 -53.27645 0.90837
223.30000 -53.27838 0.91043
223.35000 -53.27591 0.90755
223.40000 -53.27846 0.91037
223.45000 -53.27628 0.91037
223.50000 -53.27505 0.91180
223.55000 -53.27608 0.91274
223.60000 -53.27160 0.91405
223.65000 -53.26880 0.91274
223.70000 -53.27501 0.91503
223.75000 -53.27333 0.91382
223.80000 -53.27431 0.91457
223.85000 -53.27361 0.91429
223.90000 -53.27234 0.91661
223.95000 -53.27291 0.91465
224.00000 -53.27201 0.91467
224.05000 -53.27279 0.91742
224.10000 -53.27324 0.91754
224.15000 -53.27291 0.91599
224.20000 -53.27234 0.91561
224.25000 -53.27497 0.91839
224.30000 -53.27513 0.91647
224.35000 -53.27974 0.91798
224.40000 -53.27871 0.92139
224.45000 -53.27768 0.92174
224.50000 -53.27764 0.92215
224.55000 -53.27830 0.92352
224.60000 -53.27990 0.92433
224.65000 -53.28109 0.92554
224.70000 -53.28159 0.92580
224.75000 -53.28282 0.92641
224.80000 -53.28093 0.92743
224.85000 -53.27924 0.92390
224.90000 -53.27739 0.92696
224.95000 -53.28175 0.92709
225.00000 -53.28340 0.92712
225.05000 -53.28677 0.92726
225.10000 -53.28907 0.92773
225.15000 -53.28919 0.93086
225.20000 -53.29141 0.92841
225.25000 -53.28977 0.92749
225.30000 -53.29022 0.92306
225.35000 -53.29071 0.92313
225.40000 -53.29219 0.92395
225.45000 -53.29306 0.92728
225.50000 -53.29774 0.92555
225.55000 -53.29363 0.92858
225.60000 -53.29363 0.92660
225.65000 -53.29363 0.92798
225.70000 -53.29433 0.92669
225.75000 -53.29749 0.92669
225.80000 -53.29770 0.92610
225.85000 -53.29638 0.92678
225.90000 -53.29593 0.92540
225.95000 -53.29499 0.92723
226.00000 -53.29306 0.92531
226.05000 -53.29523 0.92647
226.10000 -53.29458 0.92819
226.15000 -53.29519 0.92697
226.20000 -53.29655 0.92692
226.25000 -53.29178 0.92487
226.30000 -53.29458 0.92270
226.35000 -53.29236 0.92739
226.40000 -53.29408 0.92828
226.45000 -53.29293 0.92486
226.50000 -53.29417 0.92604
226.55000 -53.29363 0.92581
226.60000 -53.29330 0.92495
226.65000 -53.29523 0.92392
226.70000 -53.29573 0.92145
226.75000 -53.29199 0.92268
226.80000 -53.29186 0.92128
226.85000 -53.29215 0.92042
226.90000 -53.29281 0.92079
226.95000 -53.29285 0.92074
227.00000 -53.29408 0.92007
227.05000 -53.29343 0.91877
227.10000 -53.29174 0.91657
227.15000 -53.28985 0.91572
227.20000 -53.29063 0.91692
227.25000 -53.29067 0.92065
227.30000 -53.29182 0.92222
227.35000 -53.29190 0.92330
227.40000 -53.28940 0.92116
227.45000 -53.28829 0.92605
227.50000 -53.28784 0.92360
227.55000 -53.28615 0.92457
227.60000 -53.28364 0.92667
227.65000 -53.28216 0.92858
227.70000 -53.27998 0.92562
227.75000 -53.27875 0.92547
227.80000 -53.28089 0.92571
227.85000 -53.27838 0.92815
227.90000 -53.27941 0.92908
227.95000 -53.27530 0.92992
228.00000 -53.27912 0.92496
228.05000 -53.27698 0.92855
228.10000 -53.28052 0.92781
228.15000 -53.27986 0.92740
228.20000 -53.27818 0.92794
228.25000 -53.27649 0.93151
228.30000 -53.27641 0.93205
228.35000 -53.28068 0.92945
228.40000 -53.27645 0.92846
228.45000 -53.27711 0.93154
228.50000 -53.27559 0.92936
228.55000 -53.27197 0.93052
228.60000 -53.27756 0.93374
228.65000 -53.27818 0.93430
228.70000 -53.27686 0.93497
228.75000 -53.27407 0.93259
228.80000 -53.27419 0.93107
228.85000 -53.27513 0.93142
228.90000 -53.27974 0.93289
228.95000 -53.27444 0.93178
229.00000 -53.27193 0.93211
229.05000 -53.27386 0.93103
229.10000 -53.28011 0.93171
229.15000 -53.27904 0.93061
229.20000 -53.28023 0.92787
229.25000 -53.27961 0.93076
229.30000 -53.27711 0.92987
229.35000 -53.28081 0.93114
229.40000 -53.27953 0.93109
229.45000 -53.27961 0.93133
229.50000 -53.27904 0.93298
229.55000 -53.27916 0.93131
229.60000 -53.28035 0.93104
229.65000 -53.28249 0.92976
229.70000 -53.28192 0.93157
229.75000 -53.28245 0.93339
229.80000 -53.28348 0.93254
229.85000 -53.28352 0.93173
229.90000 -53.28553 0.93198
229.95000 -53.28418 0.93017
230.00000 -53.28204 0.93248
230.05000 -53.28319 0.93219
230.10000 -53.28422 0.93484
230.15000 -53.28418 0.93405
230.20000 -53.28508 0.93168
230.25000 -53.28841 0.93514
230.30000 -53.28882 0.93342
230.35000 -53.28623 0.92904
230.40000 -53.28747 0.92830
230.45000 -53.28644 0.93010
230.50000 -53.28615 0.92934
230.55000 -53.28566 0.92772
230.60000 -53.28689 0.92666
230.65000 -53.28599 0.92843
230.70000 -53.28566 0.92857
230.75000 -53.28574 0.92784
230.80000 -53.28278 0.92638
230.85000 -53.28389 0.92760
230.90000 -53.28105 0.92519
230.95000 -53.28196 0.92664
231.00000 -53.28122 0.92657
231.05000 -53.28179 0.92566
231.10000 -53.28327 0.92575
231.15000 -53.28438 0.92376
231.20000 -53.27842 0.92229
231.25000 -53.28105 0.92251
231.30000 -53.28023 0.92255
231.35000 -53.28171 0.92521
231.40000 -53.28385 0.92371
231.45000 -53.28315 0.92414
231.50000 -53.28726 0.92442
231.55000 -53.28681 0.92388
231.60000 -53.28792 0.92047
231.65000 -53.28599 0.91994
231.70000 -53.28812 0.92286
231.75000 -53.29022 0.92164
231.80000 -53.28973 0.92223
231.85000 -53.28825 0.92025
231.90000 -53.28952 0.91733
231.95000 -53.28923 0.92014
232.00000 -53.28800 0.91926
232.05000 -53.28722 0.91778
232.10000 -53.29014 0.91397
232.15000 -53.28960 0.91233
232.20000 -53.28911 0.91665
232.25000 -53.29232 0.91414
232.30000 -53.29421 0.91451
232.35000 -53.29655 0.91278
232.40000 -53.29248 0.91187
232.45000 -53.29396 0.91299
232.50000 -53.29293 0.91214
232.55000 -53.29232 0.90921
232.60000 -53.29067 0.91072
232.65000 -53.28853 0.90751
232.70000 -53.28837 0.90845
232.75000 -53.29084 0.90783
232.80000 -53.28931 0.90720
232.85000 -53.29063 0.90730
232.90000 -53.28816 0.90529
232.95000 -53.29055 0.90764
233.00000 -53.29059 0.91011
233.05000 -53.28800 0.91254
233.10000 -53.28775 0.91510
233.15000 -53.29112 0.91106
233.20000 -53.29240 0.91293
233.25000 -53.29417 0.91178
233.30000 -53.29133 0.91361
233.35000 -53.29236 0.91045
233.40000 -53.29601 0.91368
233.45000 -53.29429 0.91733
233.50000 -53.29425 0.91826
233.55000 -53.29470 0.91927
233.60000 -53.29421 0.91759
233.65000 -53.29121 0.92053
233.70000 -53.29421 0.92119
233.75000 -53.29334 0.92370
233.80000 -53.29417 0.92494
233.85000 -53.29791 0.92549
233.90000 -53.29659 0.92454
233.95000 -53.29523 0.92472
234.00000 -53.29819 0.92403
234.05000 -53.30008 0.92393
234.10000 -53.30000 0.92324
234.15000 -53.29593 0.92110
234.20000 -53.30132 0.92138
234.25000 -53.30259 0.92052
234.30000 -53.30267 0.92064
234.35000 -53.30502 0.92268
234.40000 -53.30358 0.92152
234.45000 -53.30485 0.92332
234.50000 -53.30567 0.92261
234.55000 -53.30543 0.92459
234.60000 -53.30641 0.92305
234.65000 -53.30424 0.92354
234.70000 -53.30633 0.92175
234.75000 -53.30518 0.92300
234.80000 -53.30621 0.92390
234.85000 -53.30646 0.91986
234.90000 -53.30395 0.92014
234.95000 -53.30132 0.92009
235.00000 -53.30584 0.91882
235.05000 -53.30419 0.92030
235.10000 -53.30025 0.92217
235.15000 -53.30288 0.92082
235.20000 -53.29963 0.91733
235.25000 -53.29947 0.92062
235.30000 -53.30050 0.91567
235.35000 -53.30132 0.91757
235.40000 -53.30230 0.91682
235.45000 -53.29828 0.91688
235.50000 -53.29807 0.91855
235.55000 -53.29848 0.91629
235.60000 -53.29745 0.91772
235.65000 -53.29848 0.91886
235.70000 -53.29634 0.91894
235.75000 -53.29663 0.91862
235.80000 -53.29671 0.91843
235.85000 -53.29745 0.91675
235.90000 -53.29758 0.92027
235.95000 -53.29630 0.91882
236.00000 -53.29766 0.92017
236.05000 -53.29630 0.92158
236.10000 -53.29667 0.92231
236.15000 -53.29564 0.92170
236.20000 -53.29552 0.91955
236.25000 -53.29478 0.91927
236.30000 -53.29544 0.91801
236.35000 -53.29856 0.91833
236.40000 -53.29939 0.92034
236.45000 -53.30058 0.91878
236.50000 -53.29865 0.91899
236.55000 -53.29786 0.92068
236.60000 -53.29659 0.91680
236.65000 -53.29939 0.91569
236.70000 -53.30013 0.91750
236.75000 -53.29980 0.91716
236.80000 -53.29823 0.91320
236.85000 -53.30452 0.91543
236.90000 -53.30456 0.91595
236.95000 -53.30210 0.91658
237.00000 -53.30173 0.91541
237.05000 -53.30345 0.91853
237.10000 -53.30263 0.91725
237.15000 -53.30136 0.91704
237.20000 -53.30378 0.91969
237.25000 -53.30193 0.91677
237.30000 -53.30198 0.92057
237.35000 -53.30424 0.92111
237.40000 -53.30313 0.91905
237.45000 -53.30678 0.91787
237.50000 -53.30872 0.92104
237.55000 -53.30625 0.92114
237.60000 -53.30724 0.92285
237.65000 -53.30744 0.92399
237.70000 -53.30596 0.92522
237.75000 -53.30732 0.92283
237.80000 -53.30761 0.92266
237.85000 -53.30617 0.92428
237.90000 -53.31057 0.92263
237.95000 -53.30950 0.92338
238.00000 -53.31118 0.92215
238.05000 -53.30987 0.92187
238.10000 -53.31011 0.92201
238.15000 -53.31303 0.92207
238.20000 -53.31200 0.92201
238.25000 -53.31307 0.92119
238.30000 -53.31402 0.92063
238.35000 -53.31188 0.92298
238.40000 -53.31237 0.92228
238.45000 -53.31546 0.92150
238.50000 -53.31381 0.91694
238.55000 -53.31402 0.91696
238.60000 -53.31357 0.91649
238.65000 -53.31492 0.91934
238.70000 -53.31344 0.92057
238.75000 -53.31406 0.92261
238.80000 -53.31344 0.91968
238.85000 -53.31135 0.91996
238.90000 -53.31102 0.91996
238.95000 -53.31225 0.92151
239.00000 -53.31163 0.91972
239.05000 -53.30983 0.91976
239.10000 -53.31032 0.91938
239.15000 -53.31139 0.91859
239.20000 -53.31200 0.91954
239.25000 -53.31102 0.91797
239.30000 -53.31052 0.91859
239.35000 -53.31192 0.91982
239.40000 -53.31233 0.92226
239.45000 -53.31320 0.91848
239.50000 -53.31258 0.91910
239.55000 -53.31114 0.91663
239.60000 -53.30621 0.91577
239.65000 -53.30863 0.91741
239.70000 -53.30925 0.91613
239.75000 -53.30954 0.91624
239.80000 -53.31168 0.91325
239.85000 -53.30831 0.91270
239.90000 -53.30588 0.91454
239.95000 -53.30617 0.91539
240.00000 -53.30892 0.91521
240.05000 -53.31320 0.91332
240.10000 -53.31213 0.91516
240.15000 -53.30978 0.91114
240.20000 -53.30806 0.91423
240.25000 -53.31032 0.91162
240.30000 -53.31044 0.91054
240.35000 -53.31081 0.90897
240.40000 -53.30863 0.90899
240.45000 -53.31036 0.90769
240.50000 -53.30995 0.91205
240.55000 -53.31007 0.91008
240.60000 -53.30757 0.90824
240.65000 -53.30851 0.90585
240.70000 -53.31020 0.90747
240.75000 -53.31196 0.90814
240.80000 -53.30913 0.91107
240.85000 -53.30752 0.90800
240.90000 -53.30876 0.90550
240.95000 -53.30863 0.90895
241.00000 -53.30806 0.90505
241.05000 -53.30547 0.90669
241.10000 -53.30744 0.90829
241.15000 -53.30835 0.90957
241.20000 -53.30666 0.90696
241.25000 -53.30424 0.91127
241.30000 -53.30711 0.91109
241.35000 -53.30765 0.91006
241.40000 -53.30929 0.91243
241.45000 -53.30625 0.91144
241.50000 -53.30629 0.91306
241.55000 -53.30280 0.90993
241.60000 -53.30424 0.91204
241.65000 -53.30366 0.91256
241.70000 -53.30559 0.91014
241.75000 -53.30456 0.91479
241.80000 -53.30161 0.91502
241.85000 -53.30144 0.91124
241.90000 -53.30066 0.91065
241.95000 -53.30169 0.91043
242.00000 -53.29963 0.91110
242.05000 -53.30058 0.91073
242.10000 -53.29959 0.91200
242.15000 -53.30017 0.91066
242.20000 -53.30165 0.91322
242.25000 -53.29951 0.91164
242.30000 -53.29869 0.91021
242.35000 -53.29745 0.91060
242.40000 -53.29717 0.90856
242.45000 -53.29795 0.90983
242.50000 -53.29811 0.90958
242.55000 -53.30025 0.90985
242.60000 -53.30000 0.91258
242.65000 -53.29844 0.91106
242.70000 -53.29626 0.91076
242.75000 -53.29976 0.91348
242.80000 -53.30152 0.91309
242.85000 -53.29885 0.91019
242.90000 -53.30029 0.91237
242.95000 -53.30234 0.91122
243.00000 -53.30189 0.91031
243.05000 -53.30185 0.90961
243.10000 -53.30465 0.90971
243.15000 -53.30604 0.91110
243.20000 -53.30720 0.91022
243.25000 -53.30728 0.91338
243.30000 -53.30847 0.91024
243.35000 -53.30691 0.91045
243.40000 -53.30715 0.91233
243.45000 -53.30974 0.91111
243.50000 -53.30678 0.90838
243.55000 -53.30904 0.90583
243.60000 -53.30892 0.90667
243.65000 -53.30913 0.90865
243.70000 -53.31114 0.91443
243.75000 -53.31340 0.91334
243.80000 -53.31295 0.91342
243.85000 -53.31291 0.91379
243.90000 -53.31311 0.90812
243.95000 -53.30868 0.90922
244.00000 -53.31114 0.91357
244.05000 -53.31242 0.91161
244.10000 -53.31015 0.91017
244.15000 -53.31406 0.91011
244.20000 -53.31492 0.90946
244.25000 -53.31455 0.91067
244.30000 -53.31542 0.91328
244.35000 -53.31488 0.90977
244.40000 -53.31912 0.91010
244.45000 -53.31591 0.90840
244.50000 -53.31583 0.90605
244.55000 -53.31369 0.91104
244.60000 -53.31464 0.91008
244.65000 -53.31418 0.90882
244.70000 -53.31751 0.90830
244.75000 -53.31353 0.90588
244.80000 -53.31381 0.91116
244.85000 -53.31488 0.91293
244.90000 -53.31768 0.91101
244.95000 -53.31813 0.91225
245.00000 -53.31505 0.91518
245.05000 -53.31492 0.91626
245.10000 -53.31694 0.90833
245.15000 -53.31472 0.90908
245.20000 -53.31562 0.91216
245.25000 -53.31328 0.90760
245.30000 -53.31509 0.91019
245.35000 -53.31143 0.91097
245.40000 -53.31279 0.91166
245.45000 -53.31636 0.91217
245.50000 -53.31451 0.90739
245.55000 -53.31583 0.90947
245.60000 -53.31731 0.90947
245.65000 -53.31809 0.90755
245.70000 -53.31636 0.90632
245.75000 -53.31599 0.91137
245.80000 -53.31673 0.91009
245.85000 -53.31920 0.90720
245.90000 -53.31833 0.90654
245.95000 -53.31784 0.91114
246.00000 -53.31924 0.91171
246.05000 -53.31854 0.91177
246.10000 -53.32117 0.91052
246.15000 -53.32347 0.91175
246.20000 -53.32097 0.91079
246.25000 -53.32023 0.91054
246.30000 -53.32253 0.91131
246.35000 -53.32051 0.91138
246.40000 -53.32175 0.90850
246.45000 -53.32232 0.90844
246.50000 -53.32051 0.90741
246.55000 -53.32134 0.90538
246.60000 -53.32002 0.90647
246.65000 -53.31870 0.91155
246.70000 -53.31870 0.90894
246.75000 -53.31595 0.91042
246.80000 -53.31468 0.91160
246.85000 -53.31731 0.90863
246.90000 -53.31759 0.90935
246.95000 -53.31776 0.91145
247.00000 -53.32023 0.91027
247.05000 -53.31990 0.91044
247.10000 -53.32216 0.91094
247.15000 -53.32199 0.90833
247.20000 -53.32351 0.90993
247.25000 -53.32109 0.90697
247.30000 -53.31957 0.91100
247.35000 -53.32002 0.90739
247.40000 -53.31796 0.90979
247.45000 -53.31788 0.91009
247.50000 -53.31994 0.90779
247.55000 -53.31755 0.90691
247.60000 -53.32142 0.90838
247.65000 -53.32212 0.90785
247.70000 -53.31932 0.90763
247.75000 -53.31973 0.90877
247.80000 -53.31887 0.90740
247.85000 -53.32207 0.90917
247.90000 -53.31957 0.90889
247.95000 -53.31731 0.90707
248.00000 -53.32183 0.90694
248.05000 -53.32179 0.90287
248.10000 -53.32035 0.90276
248.15000 -53.32212 0.90280
248.20000 -53.32236 0.90510
248.25000 -53.32006 0.90370
248.30000 -53.31940 0.90478
248.35000 -53.31821 0.90518
248.40000 -53.32228 0.90124
248.45000 -53.32035 0.90024
248.50000 -53.32113 0.89897
248.55000 -53.31994 0.89885
248.60000 -53.32080 0.89825
248.65000 -53.31973 0.90250
248.70000 -53.32097 0.90032
248.75000 -53.32101 0.90123
248.80000 -53.32109 0.89997
248.85000 -53.32306 0.90192
248.90000 -53.32257 0.90076
248.95000 -53.32466 0.90143
249.00000 -53.32207 0.90078
249.05000 -53.32199 0.90137
249.10000 -53.32458 0.90230
249.15000 -53.32216 0.90418
249.20000 -53.32080 0.90545
249.25000 -53.32401 0.90713
249.30000 -53.32294 0.90798
249.35000 -53.32619 0.90893
249.40000 -53.32244 0.91023
249.45000 -53.32339 0.91013
249.50000 -53.32495 0.90964
249.55000 -53.32006 0.91240
249.60000 -53.32442 0.91330
249.65000 -53.32240 0.91243
249.70000 -53.32877 0.91327
249.75000 -53.32738 0.91192
249.80000 -53.32713 0.91243
249.85000 -53.32565 0.91208
249.90000 -53.32376 0.91039
249.95000 -53.32586 0.91039
250.00000 -53.32179 0.91133
250.05000 -53.14418 0.91179
250.10000 -53.43762 0.89381
250.15000 -53.52575 0.87492
250.20000 -53.58251 0.86943
250.25000 -53.70611 0.86750
250.30000 -53.83929 0.86846
250.35000 -53.97789 0.86574
250.40000 -54.11407 0.86314
250.45000 -54.24659 0.86378
250.50000 -54.37447 0.86326
250.55000 -54.49494 0.86031
250.60000 -54.61271 0.85801
250.65000 -54.72385 0.85612
250.70000 -54.83126 0.85332
250.75000 -54.93390 0.85230
250.80000 -55.03209 0.84699
250.85000 -55.12289 0.84598
250.90000 -55.21328 0.84354
250.95000 -55.30014 0.84353
251.00000 -55.38547 0.84176
251.05000 -55.45695 0.83686
251.10000 -55.53299 0.83559
251.15000 -55.60254 0.83400
251.20000 -55.67275 0.83009
251.25000 -55.73732 0.82831
251.30000 -55.79877 0.82338
251.35000 -55.85500 0.82394
251.40000 -55.91140 0.82253
251.45000 -55.96520 0.81783
251.50000 -56.01745 0.81598
251.55000 -56.06879 0.81887
251.60000 -56.11400 0.81013
251.65000 -56.15630 0.81026
251.70000 -56.19929 0.81065
251.75000 -56.24455 0.80858
251.80000 -56.28335 0.80444
251.85000 -56.32203 0.80398
251.90000 -56.35446 0.80271
251.95000 -56.38977 0.80030
252.00000 -56.42183 0.79900
252.05000 -56.45607 0.79543
252.10000 -56.48238 0.79939
252.15000 -56.51678 0.79687
252.20000 -56.54432 0.79645
252.25000 -56.57313 0.79545
252.30000 -56.60236 0.79385
252.35000 -56.62530 0.79415
252.40000 -56.64848 0.79200
252.45000 -56.67195 0.79238
252.50000 -56.69287 0.78987
252.55000 -56.71186 0.79050
252.60000 -56.73106 0.78831
252.65000 -56.74853 0.79021
252.70000 -56.76875 0.78665
252.75000 -56.78770 0.78833
252.80000 -56.80406 0.78813
252.85000 -56.82182 0.78945
252.90000 -56.83686 0.79059
252.95000 -56.85034 0.78796
253.00000 -56.86452 0.78405
253.05000 -56.87780 0.78468
253.10000 -56.89510 0.78365
253.15000 -56.90867 0.77856
253.20000 -56.91742 0.77847
253.25000 -56.93136 0.77872
253.30000 -56.94476 0.78063
253.35000 -56.95602 0.78066
253.40000 -56.96716 0.77723
253.45000 -56.97904 0.77820
253.50000 -56.98623 0.77726
253.55000 -56.99663 0.77846
253.60000 -57.00728 0.77910
253.65000 -57.01385 0.77659
253.70000 -57.02594 0.77915
253.75000 -57.03498 0.77844
253.80000 -57.04176 0.77877
253.85000 -57.04571 0.77734
253.90000 -57.05521 0.77879
253.95000 -57.06334 0.77924
254.00000 -57.06885 0.77705
254.05000 -57.07724 0.77632
254.10000 -57.08583 0.77926
254.15000 -57.09343 0.77866
254.20000 -57.09878 0.77642
254.25000 -57.10297 0.77577
254.30000 -57.10983 0.77396
254.35000 -57.11678 0.77668
254.40000 -57.12114 0.77605
254.45000 -57.12459 0.77844
254.50000 -57.13055 0.77799
254.55000 -57.13421 0.77920
254.60000 -57.14058 0.77802
254.65000 -57.14637 0.77629
254.70000 -57.14469 0.77564
254.75000 -57.14929 0.77706
254.80000 -57.15328 0.77552
254.85000 -57.15747 0.77526
254.90000 -57.16072 0.77402
254.95000 -57.16471 0.77841
255.00000 -57.16684 0.77968
255.05000 -57.16985 0.77665
255.10000 -57.17359 0.77681
255.15000 -57.17022 0.77410
255.20000 -57.17334 0.77478
255.25000 -57.17897 0.77663
255.30000 -57.18049 0.77394
255.35000 -57.18501 0.77458
255.40000 -57.18834 0.77735
255.45000 -57.18916 0.77724
255.50000 -57.19237 0.77835
255.55000 -57.19241 0.77788
255.60000 -57.19763 0.77634
255.65000 -57.19829 0.77701
255.70000 -57.20059 0.77774
255.75000 -57.20252 0.77586
255.80000 -57.20914 0.77770
255.85000 -57.20935 0.77855
255.90000 -57.21042 0.77512
255.95000 -57.21251 0.77664
256.00000 -57.21284 0.77593
256.05000 -57.21494 0.77964
256.10000 -57.21362 0.77987
256.15000 -57.21810 0.78105
256.20000 -57.21818 0.77942
256.25000 -57.22155 0.77897
256.30000 -57.22192 0.77807
256.35000 -57.22147 0.78052
256.40000 -57.22184 0.77964
256.45000 -57.22509 0.77986
256.50000 -57.22279 0.78000
256.55000 -57.22184 0.78052
256.60000 -57.22246 0.77990
256.65000 -57.22283 0.77876
256.70000 -57.22694 0.78016
256.75000 -57.22686 0.78071
256.80000 -57.22612 0.78169
256.85000 -57.22768 0.78432
256.90000 -57.23315 0.78268
256.95000 -57.23323 0.78466
257.00000 -57.23269 0.78500
257.05000 -57.23520 0.78848
257.10000 -57.23430 0.78803
257.15000 -57.23512 0.78799
257.20000 -57.23582 0.79035
257.25000 -57.23812 0.78999
257.30000 -57.23611 0.78831
257.35000 -57.23857 0.78971
257.40000 -57.23841 0.79092
257.45000 -57.23886 0.79439
257.50000 -57.23927 0.79351
257.55000 -57.23697 0.79437
257.60000 -57.23767 0.79232
257.65000 -57.24038 0.79444
257.70000 -57.23968 0.79571
257.75000 -57.23964 0.79404
257.80000 -57.24030 0.79734
257.85000 -57.23857 0.79949
257.90000 -57.24313 0.80015
257.95000 -57.24355 0.80173
258.00000 -57.24433 0.80397
258.05000 -57.24457 0.80491
258.10000 -57.24474 0.80241
258.15000 -57.24420 0.80296
258.20000 -57.24342 0.80532
258.25000 -57.24371 0.80334
258.30000 -57.24803 0.80349
258.35000 -57.24807 0.80520
258.40000 -57.25020 0.80689
258.45000 -57.25189 0.80820
258.50000 -57.25218 0.80771
258.55000 -57.25333 0.80785
258.60000 -57.25214 0.81001
258.65000 -57.25131 0.80878
258.70000 -57.25131 0.80836
258.75000 -57.25366 0.80830
258.80000 -57.25337 0.80802
258.85000 -57.25329 0.81109
258.90000 -57.25181 0.81081
258.95000 -57.25070 0.81152
259.00000 -57.25181 0.81123
259.05000 -57.25374 0.80829
259.10000 -57.25489 0.80777
259.15000 -57.25695 0.81002
259.20000 -57.25810 0.81277
259.25000 -57.26073 0.81305
259.30000 -57.26134 0.80953
259.35000 -57.26143 0.81093
259.40000 -57.26229 0.81036
259.45000 -57.26175 0.81157
259.50000 -57.26747 0.81349
259.55000 -57.27055 0.81380
259.60000 -57.26829 0.81524
259.65000 -57.26948 0.81346
259.70000 -57.26936 0.81365
259.75000 -57.27330 0.81206
259.80000 -57.27466 0.81095
259.85000 -57.27396 0.81003
259.90000 -57.27503 0.80820
259.95000 -57.27162 0.80780
260.00000 -57.27540 0.81075
260.05000 -57.27729 0.81132
260.10000 -57.27861 0.81090
260.15000 -57.27935 0.80942
260.20000 -57.28140 0.80719
260.25000 -57.28107 0.80954
260.30000 -57.27996 0.80819
260.35000 -57.28292 0.81004
260.40000 -57.28198 0.80965
260.45000 -57.28629 0.80609
260.50000 -57.28449 0.80526
260.55000 -57.28576 0.80268
260.60000 -57.28621 0.80594
260.65000 -57.28498 0.80418
260.70000 -57.28358 0.80371
260.75000 -57.28568 0.80119
260.80000 -57.28765 0.79908
260.85000 -57.29057 0.79970
260.90000 -57.29176 0.79769
260.95000 -57.28633 0.79381
261.00000 -57.29049 0.79524
261.05000 -57.29008 0.79269
261.10000 -57.28934 0.79310
261.15000 -57.28790 0.79302
261.20000 -57.29016 0.79279
261.25000 -57.28962 0.79105
261.30000 -57.29155 0.79167
261.35000 -57.29131 0.78743
261.40000 -57.29151 0.78418
261.45000 -57.29114 0.78253
261.50000 -57.28880 0.78140
261.55000 -57.28901 0.78477
261.60000 -57.28971 0.78302
261.65000 -57.29016 0.78195
261.70000 -57.28691 0.78251
261.75000 -57.28806 0.78539
261.80000 -57.28757 0.78608
261.85000 -57.28929 0.78009
261.90000 -57.28942 0.78118
261.95000 -57.28872 0.78313
262.00000 -57.28831 0.78114
262.05000 -57.28843 0.78370
262.10000 -57.29131 0.78529
262.15000 -57.29086 0.78315
262.20000 -57.28773 0.78483
262.25000 -57.29053 0.78267
262.30000 -57.28827 0.77960
262.35000 -57.28835 0.78127
262.40000 -57.28753 0.77750
262.45000 -57.28757 0.78011
262.50000 -57.28650 0.77762
262.55000 -57.28218 0.77465
262.60000 -57.28317 0.77582
262.65000 -57.28494 0.77368
262.70000 -57.28412 0.77840
262.75000 -57.27832 0.77742
262.80000 -57.27898 0.77570
262.85000 -57.27980 0.77732
262.90000 -57.27910 0.77659
262.95000 -57.28111 0.77930
263.00000 -57.27783 0.77642
263.05000 -57.27889 0.77680
263.10000 -57.28000 0.77646
263.15000 -57.27651 0.77955
263.20000 -57.27359 0.77890
263.25000 -57.27536 0.77993
263.30000 -57.27552 0.77897
263.35000 -57.27844 0.77975
263.40000 -57.27655 0.77768
263.45000 -57.27881 0.77904
263.50000 -57.27589 0.77509
263.55000 -57.27700 0.77706
263.60000 -57.27532 0.77735
263.65000 -57.27688 0.77847
263.70000 -57.27409 0.77346
263.75000 -57.27676 0.77356
263.80000 -57.27692 0.77378
263.85000 -57.27470 0.77910
263.90000 -57.27610 0.77968
263.95000 -57.27926 0.77990
264.00000 -57.27992 0.77909
264.05000 -57.27935 0.77855
264.10000 -57.27774 0.78052
264.15000 -57.27725 0.77974
264.20000 -57.27503 0.77875
264.25000 -57.28083 0.78205
264.30000 -57.27779 0.78117
264.35000 -57.27918 0.78307
264.40000 -57.27515 0.78313
264.45000 -57.27483 0.78262
264.50000 -57.27150 0.78662
264.55000 -57.26858 0.78752
264.60000 -57.27446 0.78400
264.65000 -57.27339 0.78734
264.70000 -57.27244 0.78780
264.75000 -57.27454 0.79010
264.80000 -57.27458 0.78981
264.85000 -57.27396 0.78923
264.90000 -57.27318 0.78985
264.95000 -57.27072 0.78746
265.00000 -57.27104 0.78845
265.05000 -57.27047 0.79071
265.10000 -57.26969 0.78759
265.15000 -57.27043 0.78737
265.20000 -57.26961 0.78745
265.25000 -57.26969 0.78750
265.30000 -57.26817 0.78928
265.35000 -57.26899 0.79027
265.40000 -57.26718 0.78576
265.45000 -57.26743 0.78772
265.50000 -57.26784 0.78490
265.55000 -57.26693 0.78682
265.60000 -57.26718 0.78693
265.65000 -57.26837 0.78975
265.70000 -57.26973 0.78897
265.75000 -57.27006 0.79038
265.80000 -57.26932 0.78949
265.85000 -57.26850 0.79117
265.90000 -57.26993 0.78646
265.95000 -57.27318 0.78772
266.00000 -57.27376 0.79136
266.05000 -57.27211 0.79242
266.10000 -57.27195 0.79116
266.15000 -57.27084 0.78952
266.20000 -57.26689 0.79380
266.25000 -57.26924 0.79326
266.30000 -57.26702 0.79147
266.35000 -57.26792 0.78906
266.40000 -57.26780 0.78688
266.45000 -57.26973 0.78842
266.50000 -57.26928 0.78783
266.55000 -57.26747 0.79012
266.60000 -57.26521 0.78494
266.65000 -57.26866 0.78453
266.70000 -57.26759 0.78347
266.75000 -57.26915 0.78477
266.80000 -57.26854 0.78589
266.85000 -57.26866 0.78542
266.90000 -57.26870 0.78583
266.95000 -57.26702 0.78439
267.00000 -57.26973 0.78201
267.05000 -57.26924 0.78081
267.10000 -57.26870 0.78231
267.15000 -57.26808 0.78120
267.20000 -57.26792 0.78084
267.25000 -57.26841 0.78238
267.30000 -57.26484 0.78042
267.35000 -57.26402 0.78255
267.40000 -57.26623 0.78538
267.45000 -57.26336 0.78366
267.50000 -57.26089 0.78232
267.55000 -57.26451 0.78204
267.60000 -57.26085 0.77947
267.65000 -57.26097 0.78051
267.70000 -57.25921 0.77815
267.75000 -57.26069 0.77682
267.80000 -57.26056 0.77600
267.85000 -57.25703 0.77659
267.90000 -57.26097 0.77972
267.95000 -57.25999 0.77999
268.00000 -57.26175 0.77719
268.05000 -57.25945 0.77435
268.10000 -57.26155 0.77353
268.15000 -57.25892 0.77042
268.20000 -57.25727 0.77271
268.25000 -57.26093 0.77540
268.30000 -57.26155 0.77469
268.35000 -57.26373 0.77304
268.40000 -57.26533 0.77515
268.45000 -57.26299 0.77459
268.50000 -57.26258 0.77293
268.55000 -57.26143 0.77561
268.60000 -57.26044 0.77330
268.65000 -57.26299 0.77156
268.70000 -57.26110 0.77270
268.75000 -57.26315 0.77490
268.80000 -57.26286 0.77625
268.85000 -57.26307 0.77619
268.90000 -57.26221 0.77228
268.95000 -57.26278 0.77386
269.00000 -57.26073 0.77572
269.05000 -57.26192 0.77362
269.10000 -57.26385 0.77658
269.15000 -57.26056 0.77458
269.20000 -57.26418 0.77305
269.25000 -57.26217 0.77114
269.30000 -57.26278 0.77284
269.35000 -57.25949 0.77390
269.40000 -57.25863 0.77341
269.45000 -57.25974 0.77306
269.50000 -57.25814 0.77458
269.55000 -57.26056 0.77783
269.60000 -57.25633 0.77281
269.65000 -57.25978 0.77293
269.70000 -57.25526 0.77625
269.75000 -57.25695 0.77412
269.80000 -57.26023 0.77212
269.85000 -57.26134 0.77493
269.90000 -57.26036 0.77527
269.95000 -57.26064 0.77524
270.00000 -57.26040 0.77903
270.05000 -57.25785 0.77627
270.10000 -57.25904 0.77285
270.15000 -57.26163 0.77632
270.20000 -57.26422 0.77144
270.25000 -57.26212 0.77447
270.30000 -57.26208 0.77695
270.35000 -57.26143 0.77622
270.40000 -57.26475 0.77768
270.45000 -57.26467 0.77675
270.50000 -57.26352 0.77503
270.55000 -57.26706 0.77848
270.60000 -57.26998 0.77594
270.65000 -57.26755 0.77905
270.70000 -57.26977 0.77701
270.75000 -57.26932 0.77850
270.80000 -57.26821 0.77750
270.85000 -57.26887 0.77856
270.90000 -57.26878 0.78091
270.95000 -57.27195 0.77792
271.00000 -57.27026 0.77880
271.05000 -57.27080 0.78150
271.10000 -57.27462 0.78346
271.15000 -57.27310 0.78436
271.20000 -57.27363 0.78195
271.25000 -57.27470 0.77988
271.30000 -57.27573 0.78121
271.35000 -57.27441 0.78262
271.40000 -57.27306 0.78096
271.45000 -57.27622 0.78175
271.50000 -57.27692 0.78115
271.55000 -57.27429 0.78363
271.60000 -57.27589 0.78120
271.65000 -57.27643 0.78015
271.70000 -57.27552 0.78029
271.75000 -57.27273 0.78061
271.80000 -57.27109 0.78186
271.85000 -57.26924 0.78356
271.90000 -57.27039 0.78178
271.95000 -57.26858 0.78443
272.00000 -57.26632 0.78423
272.05000 -57.27072 0.78637
272.10000 -57.26878 0.78587
272.15000 -57.26747 0.78393
272.20000 -57.26451 0.78191
272.25000 -57.26673 0.78225
272.30000 -57.26669 0.78191
272.35000 -57.26249 0.78159
272.40000 -57.26056 0.77875
272.45000 -57.26323 0.78102
272.50000 -57.26069 0.77992
272.55000 -57.26064 0.77774
272.60000 -57.26101 0.77958
272.65000 -57.26138 0.77752
272.70000 -57.26225 0.77892
272.75000 -57.26504 0.78047
272.80000 -57.26319 0.77963
272.85000 -57.25879 0.77723
272.90000 -57.26163 0.77879
272.95000 -57.26237 0.77707
273.00000 -57.25884 0.77856
273.05000 -57.26023 0.77770
273.10000 -57.25995 0.77908
273.15000 -57.25715 0.77431
273.20000 -57.25912 0.77579
273.25000 -57.26118 0.77774
273.30000 -57.26249 0.77933
273.35000 -57.26114 0.77947
273.40000 -57.25814 0.77797
273.45000 -57.26101 0.77762
273.50000 -57.26212 0.77938
273.55000 -57.26023 0.77872
273.60000 -57.25621 0.78035
273.65000 -57.25999 0.77901
273.70000 -57.25703 0.77567
273.75000 -57.25999 0.78074
273.80000 -57.25888 0.77835
273.85000 -57.25912 0.77962
273.90000 -57.25941 0.77987
273.95000 -57.25962 0.77718
274.00000 -57.25793 0.78024
274.05000 -57.25995 0.77922
274.10000 -57.26027 0.78166
274.15000 -57.26221 0.78205
274.20000 -57.26184 0.77917
274.25000 -57.26011 0.77876
274.30000 -57.26278 0.77571
274.35000 -57.26229 0.77771
274.40000 -57.26196 0.77489
274.45000 -57.26455 0.77540
274.50000 -57.26163 0.77822
274.55000 -57.26147 0.77948
274.60000 -57.26439 0.77880
274.65000 -57.26537 0.77674
274.70000 -57.26360 0.78005
274.75000 -57.26644 0.77990
274.80000 -57.26529 0.77880
274.85000 -57.26632 0.78087
274.90000 -57.26554 0.77674
274.95000 -57.26607 0.77992
275.00000 -57.26328 0.77837
275.05000 -57.26673 0.77609
275.10000 -57.26615 0.77579
275.15000 -57.27014 0.77617
275.20000 -57.26961 0.77674
275.25000 -57.26850 0.77707
275.30000 -57.27006 0.77722
275.35000 -57.27273 0.77629
275.40000 -57.26887 0.77568
275.45000 -57.26973 0.77396
275.50000 -57.26985 0.77417
275.55000 -57.27084 0.77661
275.60000 -57.27043 0.77754
275.65000 -57.26870 0.77535
275.70000 -57.27137 0.77660
275.75000 -57.27084 0.77903
275.80000 -57.26956 0.77915
275.85000 -57.26825 0.78216
275.90000 -57.27010 0.78037
275.95000 -57.26891 0.78269
276.00000 -57.27018 0.78100
276.05000 -57.26969 0.78286
276.10000 -57.26870 0.78800
276.15000 -57.26788 0.78334
276.20000 -57.26595 0.78115
276.25000 -57.26356 0.78696
276.30000 -57.26718 0.78672
276.35000 -57.26381 0.78653
276.40000 -57.26521 0.78649
276.45000 -57.26184 0.78471
276.50000 -57.26040 0.78391
276.55000 -57.26348 0.78731
276.60000 -57.26254 0.78406
276.65000 -57.26204 0.78487
276.70000 -57.26410 0.78386
276.75000 -57.26467 0.78524
276.80000 -57.26443 0.78623
276.85000 -57.26282 0.78636
276.90000 -57.26402 0.78451
276.95000 -57.26352 0.78451
277.00000 -57.26385 0.78541
277.05000 -57.26537 0.78542
277.10000 -57.26780 0.78653
277.15000 -57.26825 0.78698
277.20000 -57.26426 0.78517
277.25000 -57.26340 0.78383
277.30000 -57.26702 0.78743
277.35000 -57.26685 0.78715
277.40000 -57.26619 0.78642
277.45000 -57.26965 0.78673
277.50000 -57.27170 0.78837
277.55000 -57.27137 0.78973
277.60000 -57.27306 0.79091
277.65000 -57.27532 0.79137
277.70000 -57.27454 0.79429
277.75000 -57.27491 0.78886
277.80000 -57.27256 0.79237
277.85000 -57.27532 0.79316
277.90000 -57.27462 0.79403
277.95000 -57.27635 0.79559
278.00000 -57.27310 0.79284
278.05000 -57.27684 0.79543
278.10000 -57.27261 0.79305
278.15000 -57.27178 0.79372
278.20000 -57.27388 0.79368
278.25000 -57.27367 0.79658
278.30000 -57.27158 0.79539
278.35000 -57.27088 0.79536
278.40000 -57.27392 0.79690
278.45000 -57.27145 0.79332
278.50000 -57.27215 0.79553
278.55000 -57.27170 0.79515
278.60000 -57.27261 0.79652
278.65000 -57.27224 0.79858
278.70000 -57.27187 0.79538
278.75000 -57.26948 0.80020
278.80000 -57.27006 0.79767
278.85000 -57.26845 0.80019
278.90000 -57.26961 0.80302
278.95000 -57.26586 0.80074
279.00000 -57.26529 0.80030
279.05000 -57.26529 0.80069
279.10000 -57.26582 0.79877
279.15000 -57.26582 0.80012
279.20000 -57.26303 0.79911
279.25000 -57.26702 0.79838
279.30000 -57.26521 0.79854
279.35000 -57.26492 0.79833
279.40000 -57.26611 0.79523
279.45000 -57.26270 0.79470
279.50000 -57.25703 0.79300
279.55000 -57.25937 0.79150
279.60000 -57.25953 0.79406
279.65000 -57.26225 0.79448
279.70000 -57.26155 0.79815
279.75000 -57.26377 0.79549
279.80000 -57.26467 0.79407
279.85000 -57.26504 0.79538
279.90000 -57.26319 0.79343
279.95000 -57.26533 0.79561
280.00000 -57.26434 0.79494
280.05000 -57.26389 0.79713
280.10000 -57.26508 0.79954
280.15000 -57.26751 0.79510
280.20000 -57.26841 0.79686
280.25000 -57.26796 0.79732
280.30000 -57.26899 0.79501
280.35000 -57.26702 0.79398
280.40000 -57.26192 0.79543
280.45000 -57.26558 0.79768
280.50000 -57.26406 0.79977
280.55000 -57.26529 0.79937
280.60000 -57.26389 0.79661
280.65000 -57.26475 0.79752
280.70000 -57.26554 0.79617
280.75000 -57.26443 0.79606
280.80000 -57.26430 0.79942
280.85000 -57.26221 0.79733
280.90000 -57.26336 0.79369
280.95000 -57.26517 0.79581
281.00000 -57.26406 0.79749
281.05000 -57.26410 0.79860
281.10000 -57.26389 0.79787
281.15000 -57.26204 0.79502
281.20000 -57.26229 0.79318
281.25000 -57.26422 0.79346
281.30000 -57.26447 0.79050
281.35000 -57.26360 0.79020
281.40000 -57.26274 0.79132
281.45000 -57.26410 0.79238
281.50000 -57.26389 0.79128
281.55000 -57.26130 0.78939
281.60000 -57.26188 0.79011
281.65000 -57.26492 0.78848
281.70000 -57.26562 0.79016
281.75000 -57.26615 0.79004
281.80000 -57.26858 0.78973
281.85000 -57.26936 0.78932
281.90000 -57.26965 0.78993
281.95000 -57.27055 0.78956
282.00000 -57.27014 0.79187
282.05000 -57.26788 0.79082
282.10000 -57.26952 0.78792
282.15000 -57.26969 0.78851
282.20000 -57.27150 0.78532
282.25000 -57.27372 0.78601
282.30000 -57.27548 0.78330
282.35000 -57.27425 0.78605
282.40000 -57.27618 0.78023
282.45000 -57.27663 0.77882
282.50000 -57.27676 0.78043
282.55000 -57.27742 0.78240
282.60000 -57.27803 0.78367
282.65000 -57.27742 0.78312
282.70000 -57.27894 0.78513
282.75000 -57.28132 0.78405
282.80000 -57.27869 0.78232
282.85000 -57.27996 0.78277
282.90000 -57.28017 0.78232
282.95000 -57.27766 0.78187
283.00000 -57.28017 0.78227
283.05000 -57.27935 0.78143
283.10000 -57.27688 0.78350
283.15000 -57.27815 0.78128
283.20000 -57.27803 0.78186
283.25000 -57.27906 0.78388
283.30000 -57.27491 0.78052
283.35000 -57.27787 0.77853
283.40000 -57.27548 0.77916
283.45000 -57.27515 0.78162
283.50000 -57.27536 0.77911
283.55000 -57.27462 0.78076
283.60000 -57.27429 0.78047
283.65000 -57.27520 0.77944
283.70000 -57.27404 0.77923
283.75000 -57.27228 0.77577
283.80000 -57.27088 0.77586
283.85000 -57.27433 0.77206
283.90000 -57.27261 0.77709
283.95000 -57.27072 0.77728
284.00000 -57.27187 0.77789
284.05000 -57.27298 0.78010
284.10000 -57.26940 0.77745
284.15000 -57.27109 0.77972
284.20000 -57.26903 0.77957
284.25000 -57.26788 0.77749
284.30000 -57.26866 0.77896
284.35000 -57.26899 0.77668
284.40000 -57.26726 0.77675
284.45000 -57.26549 0.77631
284.50000 -57.26685 0.77684
284.55000 -57.26961 0.77365
284.60000 -57.26508 0.77382
284.65000 -57.26500 0.77127
284.70000 -57.26467 0.77366
284.75000 -57.26586 0.77024
284.80000 -57.26615 0.76684
284.85000 -57.26989 0.76614
284.90000 -57.26936 0.76745
284.95000 -57.26829 0.76673
285.00000 -57.27109 0.76574
285.05000 -57.27495 0.76450
285.10000 -57.27474 0.76867
285.15000 -57.27310 0.76726
285.20000 -57.27322 0.76641
285.25000 -57.27330 0.76930
285.30000 -57.27191 0.76791
285.35000 -57.27474 0.77003
285.40000 -57.27458 0.76811
285.45000 -57.27491 0.76788
285.50000 -57.27540 0.77071
285.55000 -57.27503 0.77151
285.60000 -57.27367 0.77207
285.65000 -57.27470 0.77162
285.70000 -57.27507 0.77292
285.75000 -57.27215 0.77226
285.80000 -57.27244 0.76931
285.85000 -57.27318 0.77284
285.90000 -57.27285 0.77508
285.95000 -57.26985 0.77429
286.00000 -57.27104 0.77039
286.05000 -57.27429 0.77307
286.10000 -57.27417 0.77307
286.15000 -57.27396 0.77416
286.20000 -57.27766 0.77286
286.25000 -57.27626 0.77414
286.30000 -57.27885 0.77814
286.35000 -57.27811 0.77642
286.40000 -57.27815 0.77794
286.45000 -57.27943 0.77861
286.50000 -57.27984 0.78075
286.55000 -57.27980 0.78245
286.60000 -57.28128 0.78042
286.65000 -57.28387 0.77966
286.70000 -57.28218 0.77929
286.75000 -57.28321 0.77970
286.80000 -57.28317 0.77963
286.85000 -57.28259 0.77904
286.90000 -57.28309 0.77809
286.95000 -57.28416 0.77798
287.00000 -57.28074 0.77599
287.05000 -57.28185 0.77787
287.10000 -57.27951 0.77587
287.15000 -57.27881 0.77571
287.20000 -57.27754 0.77527
287.25000 -57.27569 0.77512
287.30000 -57.27552 0.77477
287.35000 -57.27631 0.77303
287.40000 -57.27672 0.77517
287.45000 -57.27688 0.77231
287.50000 -57.27207 0.77151
287.55000 -57.27199 0.77254
287.60000 -57.27137 0.77042
287.65000 -57.27228 0.77140
287.70000 -57.27811 0.77302
287.75000 -57.27688 0.76976
287.80000 -57.27359 0.76816
287.85000 -57.27705 0.77196
287.90000 -57.27540 0.76819
287.95000 -57.27384 0.77087
288.00000 -57.27314 0.77135
288.05000 -57.27104 0.77094
288.10000 -57.27298 0.77270
288.15000 -57.27248 0.77056
288.20000 -57.27363 0.77138
288.25000 -57.27100 0.77549
288.30000 -57.26919 0.77529
288.35000 -57.27158 0.77239
288.40000 -57.26993 0.77434
288.45000 -57.27125 0.77403
288.50000 -57.26977 0.77269
288.55000 -57.26891 0.77470
288.60000 -57.27051 0.77550
288.65000 -57.27096 0.77665
288.70000 -57.27330 0.78064
288.75000 -57.27256 0.78031
288.80000 -57.27162 0.77963
288.85000 -57.27207 0.77830
288.90000 -57.27195 0.78078
288.95000 -57.27289 0.77551
289.00000 -57.27376 0.77570
289.05000 -57.27314 0.77982
289.10000 -57.27536 0.77973
289.15000 -57.27491 0.78121
289.20000 -57.27409 0.78116
289.25000 -57.27602 0.78038
289.30000 -57.27700 0.78060
289.35000 -57.27454 0.77678
289.40000 -57.27203 0.77611
289.45000 -57.27199 0.77812
289.50000 -57.27429 0.77755
289.55000 -57.27306 0.78103
289.60000 -57.27335 0.77824
289.65000 -57.27236 0.77698
289.70000 -57.27322 0.77643
289.75000 -57.27441 0.77730
289.80000 -57.27421 0.77825
289.85000 -57.27351 0.77807
289.90000 -57.27696 0.77604
289.95000 -57.27614 0.77657
290.00000 -57.27429 0.77545
290.05000 -57.27491 0.77318
290.10000 -57.27696 0.77629
290.15000 -57.27717 0.77467
290.20000 -57.27795 0.77571
290.25000 -57.27861 0.77732
290.30000 -57.27795 0.77486
290.35000 -57.28046 0.77296
290.40000 -57.28054 0.77532
290.45000 -57.27783 0.77279
290.50000 -57.28025 0.77596
290.55000 -57.27396 0.77464
290.60000 -57.27729 0.77318
290.65000 -57.27774 0.77432
290.70000 -57.27902 0.77458
290.75000 -57.28296 0.77485
290.80000 -57.27807 0.77134
290.85000 -57.27939 0.77362
290.90000 -57.27807 0.77606
290.95000 -57.27762 0.77487
291.00000 -57.28091 0.77493
291.05000 -57.28157 0.77304
291.10000 -57.28206 0.77646
291.15000 -57.27943 0.77851
291.20000 -57.28358 0.77723
291.25000 -57.28658 0.77765
291.30000 -57.28362 0.77758
291.35000 -57.28292 0.77837
291.40000 -57.28370 0.77866
291.45000 -57.28251 0.77750
291.50000 -57.28301 0.77902
291.55000 -57.28370 0.77902
291.60000 -57.28481 0.77666
291.65000 -57.28514 0.77447
291.70000 -57.28728 0.77263
291.75000 -57.28827 0.77460
291.80000 -57.28975 0.77329
291.85000 -57.29032 0.77221
291.90000 -57.29053 0.77051
291.95000 -57.29102 0.77273
292.00000 -57.29472 0.76905
292.05000 -57.29357 0.76969
292.10000 -57.29365 0.77155
292.15000 -57.29456 0.76821
292.20000 -57.29476 0.76822
292.25000 -57.29468 0.76933
292.30000 -57.29501 0.76989
292.35000 -57.29542 0.76672
292.40000 -57.29447 0.76556
292.45000 -57.29530 0.76802
292.50000 -57.29558 0.76721
292.55000 -57.29353 0.77089
292.60000 -57.29723 0.77207
292.65000 -57.29649 0.76982
292.70000 -57.29513 0.77104
292.75000 -57.29279 0.77390
292.80000 -57.29550 0.77163
292.85000 -57.29414 0.77027
292.90000 -57.29287 0.76790
292.95000 -57.29427 0.77156
293.00000 -57.29312 0.76853
293.05000 -57.29299 0.77054
293.10000 -57.29336 0.77007
293.15000 -57.29698 0.76843
293.20000 -57.29620 0.76991
293.25000 -57.29546 0.76939
293.30000 -57.29484 0.76873
293.35000 -57.29760 0.76955
293.40000 -57.29871 0.76946
293.45000 -57.29464 0.76956
293.50000 -57.29221 0.77006
293.55000 -57.29480 0.77204
293.60000 -57.29320 0.77214
293.65000 -57.29221 0.77191
293.70000 -57.29250 0.77155
293.75000 -57.29324 0.77075
293.80000 -57.29254 0.77166
293.85000 -57.29390 0.76972
293.90000 -57.29172 0.77531
293.95000 -57.29221 0.77562
294.00000 -57.29155 0.77549
294.05000 -57.28872 0.77872
294.10000 -57.28860 0.77908
294.15000 -57.28835 0.77840
294.20000 -57.28995 0.77603
294.25000 -57.28847 0.78337
294.30000 -57.28679 0.78439
294.35000 -57.28786 0.78222
294.40000 -57.28432 0.78565
294.45000 -57.29036 0.78634
294.50000 -57.29036 0.78503
294.55000 -57.28687 0.78499
294.60000 -57.28802 0.78553
294.65000 -57.28675 0.78574
294.70000 -57.28531 0.78519
294.75000 -57.28473 0.78757
294.80000 -57.28416 0.78515
294.85000 -57.28469 0.78376
294.90000 -57.28531 0.78618
294.95000 -57.28761 0.78575
295.00000 -57.28284 0.78511
295.05000 -57.28568 0.78559
295.10000 -57.28305 0.78159
295.15000 -57.28609 0.78535
295.20000 -57.28370 0.78768
295.25000 -57.28074 0.78679
295.30000 -57.28128 0.78685
295.35000 -57.28206 0.78761
295.40000 -57.27959 0.78567
295.45000 -57.27947 0.78586
295.50000 -57.27729 0.78347
295.55000 -57.27561 0.78139
295.60000 -57.27713 0.78593
295.65000 -57.27922 0.78562
295.70000 -57.27910 0.78628
295.75000 -57.27861 0.78243
295.80000 -57.28148 0.77954
295.85000 -57.28317 0.78117
295.90000 -57.28033 0.77973
295.95000 -57.28029 0.78156
296.00000 -57.28079 0.78102
296.05000 -57.28416 0.78006
296.10000 -57.28477 0.78251
296.15000 -57.28444 0.77997
296.20000 -57.28814 0.78017
296.25000 -57.28535 0.77990
296.30000 -57.28284 0.77855
296.35000 -57.28638 0.77252
296.40000 -57.28605 0.77289
296.45000 -57.28670 0.77106
296.50000 -57.28753 0.76765
296.55000 -57.28518 0.76975
296.60000 -57.28502 0.76933
296.65000 -57.28366 0.76823
296.70000 -57.28214 0.76470
296.75000 -57.28095 0.76833
296.80000 -57.28079 0.76449
296.85000 -57.28079 0.76411
296.90000 -57.28276 0.76357
296.95000 -57.28066 0.76054
297.00000 -57.27647 0.76085
297.05000 -57.28074 0.75728
297.10000 -57.27865 0.76002
297.15000 -57.27972 0.75767
297.20000 -57.27787 0.75580
297.25000 -57.27815 0.75482
297.30000 -57.27914 0.75549
297.35000 -57.27873 0.75699
297.40000 -57.27799 0.75568
297.45000 -57.27877 0.75412
297.50000 -57.27696 0.75019
297.55000 -57.27536 0.75098
297.60000 -57.27815 0.75108
297.65000 -57.27815 0.74911
297.70000 -57.27672 0.74926
297.75000 -57.27688 0.75042
297.80000 -57.27696 0.75250
297.85000 -57.27503 0.75219
297.90000 -57.27676 0.75113
297.95000 -57.27906 0.75447
298.00000 -57.27931 0.75246
298.05000 -57.27746 0.75018
298.10000 -57.27976 0.75136
298.15000 -57.27774 0.75290
298.20000 -57.28005 0.75130
298.25000 -57.28210 0.75204
298.30000 -57.28132 0.75398
298.35000 -57.28169 0.75355
298.40000 -57.28066 0.75486
298.45000 -57.27988 0.75363
298.50000 -57.28091 0.75715
298.55000 -57.28177 0.75855
298.60000 -57.28317 0.75581
298.65000 -57.28029 0.75262
298.70000 -57.28235 0.75298
298.75000 -57.28494 0.75304
298.80000 -57.28370 0.75124
298.85000 -57.28169 0.75534
298.90000 -57.28066 0.75063
298.95000 -57.28177 0.75312
299.00000 -57.28239 0.75285
299.05000 -57.28424 0.75350
299.10000 -57.28206 0.75256
299.15000 -57.28370 0.75415
299.20000 -57.28420 0.75296
299.25000 -57.28794 0.75431
299.30000 -57.29086 0.75190
299.35000 -57.28810 0.75317
299.40000 -57.28946 0.75100
299.45000 -57.29180 0.75056
299.50000 -57.28790 0.75220
299.55000 -57.28810 0.75531
299.60000 -57.28876 0.75647
299.65000 -57.29040 0.75244
299.70000 -57.29197 0.75562
299.75000 -57.28732 0.75589
299.80000 -57.28740 0.75283
299.85000 -57.29082 0.75649
299.90000 -57.29188 0.75655
299.95000 -57.29110 0.75801
300.00000 -57.29160 0.75691
300.05000 -57.46645 0.76416
300.10000 -57.17708 0.77085
300.15000 -57.08464 0.78402
300.20000 -57.02820 0.78510
300.25000 -56.90830 0.78474
300.30000 -56.76690 0.78748
300.35000 -56.62850 0.78920
300.40000 -56.48854 0.78998
300.45000 -56.35709 0.78934
300.50000 -56.22926 0.78926
300.55000 -56.10582 0.79032
300.60000 -55.98859 0.79063
300.65000 -55.87185 0.79543
300.70000 -55.76396 0.79747
300.75000 -55.66231 0.79781
300.80000 -55.56020 0.80150
300.85000 -55.46842 0.80155
300.90000 -55.37864 0.80301
300.95000 -55.29228 0.80594
301.00000 -55.21180 0.80717
301.05000 -55.13395 0.81470
301.10000 -55.06124 0.81478
301.15000 -54.98425 0.81726
301.20000 -54.91844 0.81764
301.25000 -54.85358 0.82063
301.30000 -54.79439 0.82338
301.35000 -54.73553 0.82443
301.40000 -54.67613 0.82550
301.45000 -54.62183 0.82876
301.50000 -54.57222 0.82669
301.55000 -54.52388 0.83021
301.60000 -54.47784 0.83325
301.65000 -54.43201 0.83419
301.70000 -54.38914 0.83491
301.75000 -54.34709 0.83420
301.80000 -54.30369 0.83706
301.85000 -54.26801 0.83901
301.90000 -54.23327 0.83949
301.95000 -54.19669 0.84027
302.00000 -54.16286 0.84386
302.05000 -54.13228 0.84573
302.10000 -54.10371 0.84415
302.15000 -54.07145 0.84383
302.20000 -54.04161 0.84631
302.25000 -54.01530 0.84664
302.30000 -53.99109 0.84923
302.35000 -53.96651 0.84771
302.40000 -53.94074 0.85093
302.45000 -53.92076 0.85283
302.50000 -53.89737 0.85000
302.55000 -53.87805 0.85220
302.60000 -53.85725 0.85274
302.65000 -53.83654 0.85348
302.70000 -53.81808 0.85206
302.75000 -53.79601 0.85298
302.80000 -53.77948 0.85211
302.85000 -53.76267 0.85217
302.90000 -53.74697 0.85343
302.95000 -53.73164 0.85106
303.00000 -53.71737 0.85055
303.05000 -53.70266 0.85227
303.10000 -53.69127 0.85052
303.15000 -53.67734 0.85207
303.20000 -53.66262 0.84986
303.25000 -53.65235 0.85454
303.30000 -53.63887 0.85506
303.35000 -53.62744 0.85540
303.40000 -53.61679 0.85386
303.45000 -53.60512 0.85341
303.50000 -53.59513 0.85396
303.55000 -53.58592 0.85437
303.60000 -53.57762 0.85052
303.65000 -53.56948 0.85416
303.70000 -53.56027 0.85679
303.75000 -53.55024 0.85596
303.80000 -53.54116 0.86098
303.85000 -53.53368 0.85906
303.90000 -53.52784 0.86176
303.95000 -53.51679 0.86054
304.00000 -53.50848 0.86324
304.05000 -53.50396 0.86502
304.10000 -53.50145 0.86722
304.15000 -53.50084 0.86664
304.20000 -53.49344 0.86832
304.25000 -53.48575 0.86896
304.30000 -53.48177 0.87011
304.35000 -53.47881 0.86837
304.40000 -53.47502 0.86928
304.45000 -53.47198 0.87269
304.50000 -53.46730 0.87182
304.55000 -53.46084 0.87280
304.60000 -53.46043 0.87442
304.65000 -53.45653 0.87367
304.70000 -53.45127 0.87619
304.75000 -53.44329 0.87842
304.80000 -53.44415 0.87867
304.85000 -53.44136 0.88226
304.90000 -53.43659 0.88331
304.95000 -53.43474 0.88309
305.00000 -53.43355 0.88362
305.05000 -53.43302 0.88593
305.10000 -53.42882 0.88713
305.15000 -53.42562 0.88761
305.20000 -53.42545 0.88878
305.25000 -53.42196 0.89180
305.30000 -53.41953 0.89143
305.35000 -53.41842 0.89364
305.40000 -53.41690 0.89266
305.45000 -53.41382 0.89697
305.50000 -53.41037 0.89955
305.55000 -53.40852 0.89875
305.60000 -53.40733 0.89564
305.65000 -53.40227 0.90090
305.70000 -53.40165 0.90189
305.75000 -53.40157 0.89901
305.80000 -53.40042 0.90012
305.85000 -53.39783 0.89483
305.90000 -53.39631 0.89706
305.95000 -53.39228 0.89606
306.00000 -53.39055 0.89179
306.05000 -53.38542 0.88933
306.10000 -53.38735 0.88832
306.15000 -53.38439 0.89088
306.20000 -53.38106 0.88897
306.25000 -53.38217 0.88964
306.30000 -53.38135 0.89266
306.35000 -53.37962 0.89278
306.40000 -53.37929 0.88942
306.45000 -53.37946 0.88667
306.50000 -53.38053 0.88860
306.55000 -53.38196 0.88773
306.60000 -53.38180 0.88585
306.65000 -53.38016 0.88874
306.70000 -53.38106 0.89029
306.75000 -53.37970 0.89197
306.80000 -53.38048 0.88957
306.85000 -53.38085 0.88922
306.90000 -53.38254 0.89196
306.95000 -53.37806 0.89248
307.00000 -53.37600 0.88919
307.05000 -53.37946 0.89094
307.10000 -53.37761 0.88773
307.15000 -53.37900 0.89095
307.20000 -53.37670 0.89244
307.25000 -53.37572 0.89375
307.30000 -53.37481 0.89542
307.35000 -53.37078 0.89665
307.40000 -53.37309 0.89567
307.45000 -53.37304 0.89662
307.50000 -53.37272 0.89711
307.55000 -53.37033 0.89888
307.60000 -53.36992 0.89665
307.65000 -53.36889 0.89720
307.70000 -53.36708 0.89971
307.75000 -53.36548 0.89888
307.80000 -53.36441 0.89678
307.85000 -53.36343 0.89769
307.90000 -53.36363 0.89863
307.95000 -53.36499 0.89841
308.00000 -53.35985 0.89908
308.05000 -53.35792 0.89785
308.10000 -53.36010 0.89674
308.15000 -53.36022 0.89489
308.20000 -53.35956 0.89730
308.25000 -53.35759 0.90118
308.30000 -53.35977 0.90160
308.35000 -53.35697 0.90523
308.40000 -53.35784 0.90300
308.45000 -53.36010 0.90090
308.50000 -53.36203 0.90087
308.55000 -53.36256 0.90153
308.60000 -53.36240 0.89978
308.65000 -53.35944 0.89990
308.70000 -53.35755 0.90370
308.75000 -53.35512 0.90146
308.80000 -53.35290 0.90269
308.85000 -53.35027 0.90581
308.90000 -53.35397 0.90634
308.95000 -53.35023 0.90310
309.00000 -53.34966 0.90472
309.05000 -53.34649 0.90499
309.10000 -53.34916 0.90578
309.15000 -53.34382 0.90750
309.20000 -53.34624 0.90666
309.25000 -53.34966 0.90785
309.30000 -53.34809 0.90616
309.35000 -53.34789 0.90583
309.40000 -53.34386 0.90907
309.45000 -53.34600 0.90554
309.50000 -53.34287 0.90668
309.55000 -53.34415 0.91023
309.60000 -53.34468 0.91189
309.65000 -53.34386 0.90817
309.70000 -53.34189 0.90595
309.75000 -53.34234 0.90575
309.80000 -53.34345 0.90938
309.85000 -53.34481 0.90488
309.90000 -53.34230 0.90397
309.95000 -53.34608 0.90389
310.00000 -53.34411 0.90558
310.05000 -53.34423 0.90492
310.10000 -53.34612 0.90674
310.15000 -53.34189 0.90598
310.20000 -53.34485 0.90099
310.25000 -53.34209 0.89896
310.30000 -53.34148 0.90065
310.35000 -53.34226 0.90097
310.40000 -53.34246 0.89848
310.45000 -53.34538 0.89846
310.50000 -53.34633 0.89821
310.55000 -53.34234 0.89997
310.60000 -53.34287 0.90014
310.65000 -53.34217 0.89818
310.70000 -53.34144 0.90086
310.75000 -53.33975 0.90009
310.80000 -53.34008 0.89988
310.85000 -53.33683 0.90045
310.90000 -53.34070 0.90121
310.95000 -53.34127 0.90201
311.00000 -53.34361 0.90142
311.05000 -53.34201 0.90509
311.10000 -53.34226 0.90711
311.15000 -53.33987 0.90595
311.20000 -53.34254 0.90916
311.25000 -53.34444 0.91006
311.30000 -53.34308 0.90899
311.35000 -53.34209 0.90654
311.40000 -53.34497 0.90689
311.45000 -53.34394 0.91079
311.50000 -53.34316 0.91200
311.55000 -53.34534 0.91068
311.60000 -53.34875 0.91102
311.65000 -53.34941 0.90823
311.70000 -53.34230 0.91208
311.75000 -53.34308 0.91216
311.80000 -53.34485 0.91266
311.85000 -53.34620 0.91300
311.90000 -53.34698 0.91356
311.95000 -53.34719 0.91250
312.00000 -53.34608 0.90922
312.05000 -53.34349 0.91097
312.10000 -53.34505 0.91169
312.15000 -53.34296 0.91102
312.20000 -53.34456 0.91391
312.25000 -53.34386 0.91821
312.30000 -53.34045 0.91246
312.35000 -53.34065 0.91130
312.40000 -53.34016 0.91334
312.45000 -53.33909 0.91104
312.50000 -53.33876 0.91310
312.55000 -53.34057 0.91189
312.60000 -53.33823 0.91628
312.65000 -53.34144 0.91599
312.70000 -53.33675 0.91975
312.75000 -53.33449 0.91938
312.80000 -53.33552 0.91660
312.85000 -53.33704 0.91473
312.90000 -53.33449 0.91978
312.95000 -53.33404 0.91799
313.00000 -53.33272 0.91067
313.05000 -53.33432 0.91181
313.10000 -53.33395 0.91441
313.15000 -53.33157 0.91322
313.20000 -53.33334 0.91226
313.25000 -53.33268 0.91289
313.30000 -53.33613 0.91545
313.35000 -53.33387 0.91612
313.40000 -53.33317 0.91429
313.45000 -53.33136 0.91360
313.50000 -53.33124 0.91149
313.55000 -53.33132 0.91170
313.60000 -53.32841 0.91064
313.65000 -53.32898 0.91612
313.70000 -53.32610 0.91299
313.75000 -53.32582 0.91361
313.80000 -53.32376 0.91111
313.85000 -53.32257 0.91325
313.90000 -53.32528 0.91482
313.95000 -53.32672 0.91369
314.00000 -53.32536 0.91186
314.05000 -53.32429 0.91120
314.10000 -53.32187 0.91238
314.15000 -53.32043 0.91105
314.20000 -53.32368 0.91307
314.25000 -53.32914 0.91621
314.30000 -53.32767 0.91342
314.35000 -53.32557 0.91046
314.40000 -53.32499 0.91341
314.45000 -53.32397 0.91794
314.50000 -53.32286 0.91644
314.55000 -53.32347 0.91648
314.60000 -53.32327 0.91376
314.65000 -53.32236 0.91224
314.70000 -53.31895 0.91235
314.75000 -53.32302 0.91142
314.80000 -53.32257 0.91419
314.85000 -53.32479 0.91358
314.90000 -53.32606 0.91077
314.95000 -53.32561 0.91395
315.00000 -53.32495 0.91415
315.05000 -53.32376 0.91585
315.10000 -53.32865 0.91269
315.15000 -53.32857 0.91385
315.20000 -53.33079 0.91396
315.25000 -53.32676 0.91244
315.30000 -53.32483 0.91105
315.35000 -53.32582 0.91295
315.40000 -53.32799 0.91246
315.45000 -53.32861 0.90810
315.50000 -53.32355 0.90926
315.55000 -53.32339 0.91163
315.60000 -53.32253 0.91085
315.65000 -53.31928 0.90802
315.70000 -53.32010 0.90869
315.75000 -53.32162 0.91022
315.80000 -53.32475 0.91187
315.85000 -53.32335 0.91100
315.90000 -53.31986 0.91112
315.95000 -53.32281 0.90830
316.00000 -53.31994 0.90654
316.05000 -53.31611 0.90707
316.10000 -53.31727 0.91005
316.15000 -53.31747 0.91000
316.20000 -53.31566 0.90995
316.25000 -53.31476 0.90987
316.30000 -53.31694 0.91095
316.35000 -53.31977 0.90886
316.40000 -53.31451 0.90829
316.45000 -53.31237 0.90957
316.50000 -53.31110 0.91568
316.55000 -53.31279 0.91406
316.60000 -53.31143 0.91372
316.65000 -53.31114 0.91155
316.70000 -53.31369 0.91054
316.75000 -53.31640 0.91340
316.80000 -53.31558 0.91360
316.85000 -53.32018 0.91300
316.90000 -53.31788 0.91562
316.95000 -53.31661 0.91320
317.00000 -53.32018 0.91169
317.05000 -53.31949 0.91362
317.10000 -53.32166 0.91381
317.15000 -53.31969 0.91613
317.20000 -53.31990 0.91775
317.25000 -53.31936 0.91456
317.30000 -53.31891 0.91547
317.35000 -53.31928 0.91084
317.40000 -53.31788 0.91129
317.45000 -53.32187 0.91460
317.50000 -53.32092 0.91046
317.55000 -53.32129 0.91184
317.60000 -53.32273 0.91064
317.65000 -53.32573 0.91183
317.70000 -53.32610 0.90798
317.75000 -53.32816 0.90735
317.80000 -53.32582 0.90806
317.85000 -53.32339 0.90747
317.90000 -53.32166 0.90595
317.95000 -53.32767 0.90764
318.00000 -53.32857 0.90630
318.05000 -53.32951 0.90752
318.10000 -53.32988 0.90666
318.15000 -53.33058 0.90477
318.20000 -53.32980 0.90385
318.25000 -53.33095 0.90512
318.30000 -53.32804 0.90240
318.35000 -53.33075 0.90252
318.40000 -53.32877 0.90127
318.45000 -53.32914 0.90113
318.50000 -53.32808 0.90111
318.55000 -53.32795 0.90252
318.60000 -53.32812 0.90443
318.65000 -53.32602 0.90459
318.70000 -53.32471 0.90225
318.75000 -53.32701 0.90439
318.80000 -53.32397 0.90344
318.85000 -53.32627 0.90460
318.90000 -53.32988 0.90562
318.95000 -53.32951 0.90470
319.00000 -53.32475 0.90374
319.05000 -53.32545 0.90490
319.10000 -53.32438 0.90616
319.15000 -53.32656 0.90541
319.20000 -53.32454 0.90699
319.25000 -53.32660 0.90502
319.30000 -53.32767 0.90201
319.35000 -53.32610 0.89974
319.40000 -53.32804 0.89867
319.45000 -53.32882 0.90216
319.50000 -53.32808 0.90028
319.55000 -53.32997 0.90128
319.60000 -53.32882 0.90035
319.65000 -53.32845 0.90102
319.70000 -53.32475 0.89800
319.75000 -53.32442 0.89588
319.80000 -53.32647 0.89851
319.85000 -53.32483 0.89666
319.90000 -53.32421 0.89652
319.95000 -53.32364 0.89365
320.00000 -53.32277 0.89142
320.05000 -53.32150 0.89426
320.10000 -53.32212 0.89532
320.15000 -53.32265 0.89399
320.20000 -53.32212 0.89490
320.25000 -53.32388 0.89632
320.30000 -53.32179 0.89369
320.35000 -53.32475 0.89311
320.40000 -53.32450 0.89515
320.45000 -53.32335 0.89698
320.50000 -53.32154 0.89659
320.55000 -53.32545 0.89723
320.60000 -53.32697 0.89333
320.65000 -53.32660 0.89177
320.70000 -53.32540 0.89568
320.75000 -53.32483 0.89571
320.80000 -53.32516 0.89523
320.85000 -53.32339 0.89404
320.90000 -53.32380 0.89499
320.95000 -53.32290 0.89523
321.00000 -53.32397 0.89758
321.05000 -53.32269 0.89710
321.10000 -53.31981 0.89628
321.15000 -53.32146 0.89521
321.20000 -53.32343 0.89868
321.25000 -53.32162 0.89888
321.30000 -53.32388 0.89694
321.35000 -53.32388 0.89735
321.40000 -53.32483 0.89659
321.45000 -53.32836 0.89622
321.50000 -53.32606 0.89816
321.55000 -53.32557 0.89602
321.60000 -53.32561 0.89262
321.65000 -53.32849 0.89366
321.70000 -53.32767 0.89491
321.75000 -53.32976 0.89379
321.80000 -53.33034 0.89332
321.85000 -53.33223 0.89327
321.90000 -53.33334 0.89232
321.95000 -53.33091 0.89321
322.00000 -53.33231 0.89329
322.05000 -53.33387 0.89572
322.10000 -53.33531 0.89151
322.15000 -53.33589 0.89166
322.20000 -53.33511 0.89378
322.25000 -53.33811 0.89168
322.30000 -53.33778 0.89033
322.35000 -53.33979 0.89221
322.40000 -53.33843 0.88959
322.45000 -53.33737 0.88942
322.50000 -53.34008 0.88845
322.55000 -53.33506 0.88725
322.60000 -53.33667 0.88496
322.65000 -53.33523 0.88637
322.70000 -53.34016 0.88596
322.75000 -53.33626 0.88812
322.80000 -53.33889 0.88651
322.85000 -53.33979 0.88812
322.90000 -53.33909 0.88737
322.95000 -53.33757 0.88836
323.00000 -53.33860 0.88721
323.05000 -53.33515 0.88796
323.10000 -53.33942 0.88736
323.15000 -53.33856 0.88961
323.20000 -53.34094 0.88963
323.25000 -53.34102 0.89231
323.30000 -53.33893 0.89290
323.35000 -53.33905 0.89111
323.40000 -53.33926 0.89004
323.45000 -53.33901 0.89074
323.50000 -53.33811 0.89328
323.55000 -53.33827 0.90007
323.60000 -53.34004 0.89987
323.65000 -53.34127 0.89878
323.70000 -53.33704 0.89804
323.75000 -53.33597 0.89721
323.80000 -53.33391 0.89484
323.85000 -53.33613 0.89471
323.90000 -53.33913 0.89685
323.95000 -53.33839 0.89572
324.00000 -53.33860 0.89460
324.05000 -53.34028 0.89622
324.10000 -53.34131 0.89190
324.15000 -53.33934 0.89420
324.20000 -53.34090 0.89426
324.25000 -53.34020 0.89177
324.30000 -53.33996 0.89334
324.35000 -53.33930 0.89472
324.40000 -53.33967 0.89183
324.45000 -53.33926 0.89346
324.50000 -53.33811 0.89454
324.55000 -53.33428 0.89430
324.60000 -53.33432 0.89530
324.65000 -53.33289 0.89476
324.70000 -53.33342 0.89445
324.75000 -53.33564 0.89019
324.80000 -53.33305 0.89415
324.85000 -53.33153 0.89271
324.90000 -53.33227 0.89369
324.95000 -53.32943 0.89567
325.00000 -53.32812 0.89560
325.05000 -53.32779 0.89644
325.10000 -53.32968 0.89873
325.15000 -53.32767 0.89698
325.20000 -53.32947 0.89755
325.25000 -53.33009 0.89799
325.30000 -53.32660 0.89603
325.35000 -53.32331 0.89785
325.40000 -53.32590 0.89816
325.45000 -53.32561 0.89652
325.50000 -53.32898 0.89988
325.55000 -53.32643 0.89552
325.60000 -53.32577 0.89984
325.65000 -53.32421 0.90155
325.70000 -53.32117 0.90358
325.75000 -53.32314 0.90173
325.80000 -53.32487 0.90221
325.85000 -53.32290 0.90280
325.90000 -53.32183 0.90386
325.95000 -53.32380 0.90339
326.00000 -53.32072 0.90345
326.05000 -53.32035 0.90407
326.10000 -53.31928 0.90196
326.15000 -53.31747 0.90142
326.20000 -53.31681 0.89908
326.25000 -53.31838 0.89958
326.30000 -53.31784 0.89854
326.35000 -53.31472 0.90141
326.40000 -53.31468 0.90238
326.45000 -53.31299 0.90195
326.50000 -53.31118 0.90038
326.55000 -53.31501 0.89980
326.60000 -53.31299 0.89934
326.65000 -53.31139 0.89898
326.70000 -53.31098 0.89971
326.75000 -53.31015 0.89997
326.80000 -53.31024 0.89916
326.85000 -53.30929 0.89758
326.90000 -53.30514 0.89829
326.95000 -53.30851 0.89921
327.00000 -53.31102 0.89805
327.05000 -53.30970 0.89950
327.10000 -53.30999 0.89715
327.15000 -53.31081 0.89669
327.20000 -53.31044 0.89607
327.25000 -53.30806 0.89736
327.30000 -53.30962 0.90050
327.35000 -53.30978 0.89715
327.40000 -53.31032 0.89944
327.45000 -53.31348 0.89795
327.50000 -53.31328 0.89756
327.55000 -53.31435 0.89809
327.60000 -53.31344 0.89712
327.65000 -53.31443 0.89943
327.70000 -53.31394 0.90006
327.75000 -53.31320 0.89979
327.80000 -53.31496 0.90131
327.85000 -53.31780 0.89729
327.90000 -53.31957 0.89916
327.95000 -53.31768 0.90023
328.00000 -53.31846 0.90109
328.05000 -53.32101 0.90323
328.10000 -53.32471 0.90404
328.15000 -53.32376 0.90092
328.20000 -53.31924 0.90094
328.25000 -53.32199 0.90020
328.30000 -53.32376 0.90036
328.35000 -53.32405 0.90331
328.40000 -53.32536 0.90191
328.45000 -53.32261 0.90033
328.50000 -53.32146 0.90180
328.55000 -53.32092 0.89945
328.60000 -53.32397 0.90126
328.65000 -53.32573 0.89949
328.70000 -53.32536 0.90264
328.75000 -53.32709 0.90065
328.80000 -53.32643 0.90126
328.85000 -53.33087 0.90063
328.90000 -53.33391 0.90187
328.95000 -53.32754 0.90642
329.00000 -53.32927 0.90420
329.05000 -53.32590 0.90278
329.10000 -53.32861 0.90590
329.15000 -53.32956 0.90653
329.20000 -53.32771 0.90395
329.25000 -53.32623 0.90286
329.30000 -53.32351 0.90813
329.35000 -53.32138 0.90969
329.40000 -53.32450 0.90802
329.45000 -53.32508 0.90667
329.50000 -53.32450 0.90575
329.55000 -53.32549 0.90668
329.60000 -53.32750 0.90386
329.65000 -53.32487 0.90509
329.70000 -53.32730 0.90718
329.75000 -53.32462 0.90489
329.80000 -53.32429 0.90416
329.85000 -53.32475 0.90342
329.90000 -53.32351 0.90326
329.95000 -53.32442 0.90337
330.00000 -53.32458 0.90451
330.05000 -53.32635 0.90538
330.10000 -53.32475 0.90714
330.15000 -53.32804 0.90655
330.20000 -53.32693 0.90704
330.25000 -53.32619 0.90763
330.30000 -53.32569 0.90468
330.35000 -53.32487 0.90414
330.40000 -53.32688 0.90471
330.45000 -53.32623 0.90852
330.50000 -53.32216 0.90639
330.55000 -53.32508 0.90871
330.60000 -53.32212 0.90755
330.65000 -53.32220 0.90878
330.70000 -53.32281 0.90849
330.75000 -53.32179 0.90795
330.80000 -53.32384 0.90693
330.85000 -53.32298 0.90598
330.90000 -53.32129 0.91030
330.95000 -53.32429 0.90734
331.00000 -53.32125 0.90630
331.05000 -53.32212 0.91049
331.10000 -53.32031 0.90964
331.15000 -53.32207 0.90879
331.20000 -53.32590 0.90823
331.25000 -53.32429 0.91028
331.30000 -53.32018 0.90701
331.35000 -53.32187 0.90778
331.40000 -53.32129 0.91038
331.45000 -53.32249 0.90861
331.50000 -53.32244 0.91226
331.55000 -53.31981 0.91193
331.60000 -53.32129 0.91301
331.65000 -53.32216 0.91246
331.70000 -53.31907 0.90992
331.75000 -53.32117 0.90961
331.80000 -53.32294 0.90981
331.85000 -53.32043 0.90743
331.90000 -53.32171 0.90739
331.95000 -53.32216 0.90896
332.00000 -53.32253 0.90519
332.05000 -53.31801 0.90570
332.10000 -53.31764 0.90712
332.15000 -53.31813 0.90330
332.20000 -53.31801 0.90694
332.25000 -53.31739 0.90353
332.30000 -53.31994 0.90083
332.35000 -53.31969 0.90423
332.40000 -53.31940 0.90443
332.45000 -53.31953 0.90558
332.50000 -53.32088 0.90837
332.55000 -53.31731 0.90810
332.60000 -53.31969 0.90823
332.65000 -53.32142 0.90838
332.70000 -53.32339 0.91092
332.75000 -53.32261 0.90733
332.80000 -53.32121 0.90713
332.85000 -53.32027 0.90814
332.90000 -53.32006 0.90762
332.95000 -53.32183 0.90925
333.00000 -53.31866 0.90588
333.05000 -53.32355 0.90950
333.10000 -53.32360 0.90959
333.15000 -53.32434 0.91032
333.20000 -53.32417 0.90893
333.25000 -53.32397 0.90922
333.30000 -53.32619 0.90753
333.35000 -53.33050 0.90499
333.40000 -53.32721 0.90718
333.45000 -53.32693 0.90618
333.50000 -53.32602 0.90813
333.55000 -53.32573 0.90816
333.60000 -53.32779 0.90781
333.65000 -53.32906 0.90756
333.70000 -53.32717 0.90498
333.75000 -53.32787 0.90524
333.80000 -53.32635 0.90716
333.85000 -53.32984 0.90719
333.90000 -53.32569 0.90659
333.95000 -53.32795 0.90695
334.00000 -53.32734 0.90693
334.05000 -53.32927 0.90768
334.10000 -53.32656 0.90484
334.15000 -53.32680 0.90231
334.20000 -53.32614 0.90277
334.25000 -53.32775 0.90206
334.30000 -53.32857 0.90202
334.35000 -53.32713 0.89968
334.40000 -53.32853 0.90026
334.45000 -53.32993 0.89828
334.50000 -53.32853 0.89761
334.55000 -53.32783 0.89945
334.60000 -53.32721 0.89670
334.65000 -53.32902 0.89462
334.70000 -53.33071 0.89571
334.75000 -53.32816 0.89604
334.80000 -53.32783 0.90201
334.85000 -53.32499 0.90059
334.90000 -53.32795 0.90064
334.95000 -53.32832 0.90194
335.00000 -53.32713 0.90170
335.05000 -53.32857 0.90166
335.10000 -53.32742 0.90420
335.15000 -53.32573 0.90771
335.20000 -53.32672 0.90627
335.25000 -53.32577 0.90405
335.30000 -53.33025 0.90043
335.35000 -53.32968 0.90402
335.40000 -53.32725 0.90679
335.45000 -53.32725 0.90312
335.50000 -53.32730 0.90831
335.55000 -53.32808 0.90467
335.60000 -53.32643 0.90406
335.65000 -53.32586 0.90591
335.70000 -53.32565 0.90790
335.75000 -53.32220 0.90846
335.80000 -53.32018 0.90651
335.85000 -53.32203 0.90642
335.90000 -53.32039 0.90443
335.95000 -53.31932 0.90346
336.00000 -53.31961 0.90538
336.05000 -53.32088 0.90716
336.10000 -53.32590 0.90529
336.15000 -53.32623 0.90422
336.20000 -53.32318 0.90350
336.25000 -53.32273 0.90255
336.30000 -53.31957 0.90654
336.35000 -53.32014 0.90235
336.40000 -53.31891 0.89987
336.45000 -53.31944 0.90215
336.50000 -53.31772 0.90095
336.55000 -53.31850 0.90224
336.60000 -53.31681 0.90418
336.65000 -53.31764 0.90479
336.70000 -53.31435 0.90477
336.75000 -53.31316 0.90350
336.80000 -53.31172 0.90596
336.85000 -53.31196 0.90519
336.90000 -53.31172 0.90285
336.95000 -53.31192 0.90293
337.00000 -53.31163 0.90332
337.05000 -53.31114 0.90526
337.10000 -53.31295 0.90457
337.15000 -53.31221 0.90317
337.20000 -53.31168 0.90051
337.25000 -53.31213 0.90358
337.30000 -53.31094 0.90274
337.35000 -53.30777 0.90350
337.40000 -53.30646 0.90130
337.45000 -53.30678 0.90337
337.50000 -53.30826 0.90041
337.55000 -53.30802 0.89857
337.60000 -53.30650 0.89734
337.65000 -53.31320 0.89778
337.70000 -53.30970 0.89947
337.75000 -53.31307 0.89990
337.80000 -53.31225 0.89467
337.85000 -53.31279 0.89312
337.90000 -53.31579 0.89605
337.95000 -53.31328 0.89258
338.00000 -53.31394 0.89451
338.05000 -53.31579 0.89614
338.10000 -53.31669 0.89603
338.15000 -53.32138 0.89522
338.20000 -53.32092 0.89181
338.25000 -53.31949 0.89114
338.30000 -53.31895 0.89013
338.35000 -53.32121 0.89016
338.40000 -53.32323 0.89654
338.45000 -53.32117 0.89813
338.50000 -53.32405 0.89565
338.55000 -53.32368 0.89465
338.60000 -53.32216 0.89430
338.65000 -53.32138 0.89504
338.70000 -53.32384 0.89249
338.75000 -53.32154 0.89634
338.80000 -53.31912 0.89816
338.85000 -53.31969 0.89994
338.90000 -53.32010 0.89722
338.95000 -53.31833 0.89664
339.00000 -53.32055 0.89988
339.05000 -53.32351 0.89742
339.10000 -53.32125 0.89853
339.15000 -53.32380 0.89847
339.20000 -53.32483 0.90028
339.25000 -53.32582 0.89934
339.30000 -53.32421 0.89679
339.35000 -53.32006 0.89758
339.40000 -53.31854 0.89610
339.45000 -53.32055 0.89379
339.50000 -53.31907 0.89607
339.55000 -53.31870 0.89356
339.60000 -53.31817 0.89241
339.65000 -53.32035 0.89204
339.70000 -53.32134 0.89320
339.75000 -53.31936 0.89187
339.80000 -53.32072 0.89310
339.85000 -53.32047 0.89506
339.90000 -53.31825 0.89456
339.95000 -53.31648 0.89642
340.00000 -53.31899 0.89212
340.05000 -53.31870 0.89534
340.10000 -53.31673 0.89682
340.15000 -53.31254 0.89702
340.20000 -53.31258 0.89729
340.25000 -53.31287 0.89678
340.30000 -53.31024 0.89863
340.35000 -53.31048 0.90225
340.40000 -53.31155 0.90314
340.45000 -53.31122 0.90368
340.50000 -53.31176 0.90436
340.55000 -53.31151 0.90192
340.60000 -53.31225 0.90279
340.65000 -53.31007 0.90697
340.70000 -53.31102 0.90587
340.75000 -53.31311 0.90780
340.80000 -53.31427 0.90717
340.85000 -53.31583 0.90777
340.90000 -53.31525 0.90719
340.95000 -53.31377 0.91152
341.00000 -53.31353 0.90856
341.05000 -53.31554 0.90711
341.10000 -53.31628 0.91189
341.15000 -53.31640 0.90719
341.20000 -53.31961 0.90550
341.25000 -53.31562 0.90745
341.30000 -53.31706 0.90935
341.35000 -53.31591 0.90547
341.40000 -53.31755 0.90830
341.45000 -53.31792 0.90661
341.50000 -53.31694 0.90660
341.55000 -53.31525 0.90639
341.60000 -53.31554 0.90882
341.65000 -53.31562 0.90419
341.70000 -53.31480 0.90596
341.75000 -53.31443 0.90472
341.80000 -53.31747 0.90741
341.85000 -53.31932 0.90730
341.90000 -53.31669 0.90634
341.95000 -53.31829 0.90829
342.00000 -53.31706 0.90330
342.05000 -53.31533 0.90570
342.10000 -53.31920 0.90402
342.15000 -53.31887 0.90264
342.20000 -53.31850 0.90317
342.25000 -53.31611 0.90306
342.30000 -53.31817 0.90150
342.35000 -53.31792 0.90317
342.40000 -53.31887 0.90211
342.45000 -53.31669 0.90156
342.50000 -53.31657 0.90387
342.55000 -53.31435 0.90337
342.60000 -53.31537 0.90306
342.65000 -53.31422 0.90398
342.70000 -53.31480 0.90108
342.75000 -53.31566 0.90052
342.80000 -53.31443 0.90058
342.85000 -53.31653 0.90010
342.90000 -53.31459 0.90072
342.95000 -53.31579 0.90251
343.00000 -53.31574 0.90007
343.05000 -53.31591 0.90470
343.10000 -53.31862 0.90306
343.15000 -53.31788 0.90118
343.20000 -53.31751 0.89862
343.25000 -53.32084 0.89982
343.30000 -53.31846 0.90198
343.35000 -53.31735 0.90420
343.40000 -53.31574 0.89970
343.45000 -53.31529 0.90224
343.50000 -53.31796 0.90063
343.55000 -53.31591 0.89978
343.60000 -53.31468 0.89928
343.65000 -53.31681 0.90058
343.70000 -53.31710 0.90228
343.75000 -53.31505 0.89729
343.80000 -53.31316 0.89565
343.85000 -53.31496 0.89491
343.90000 -53.31209 0.89666
343.95000 -53.31126 0.89630
344.00000 -53.31089 0.89604
344.05000 -53.30826 0.89769
344.10000 -53.30695 0.89686
344.15000 -53.30757 0.89703
344.20000 -53.30855 0.89633
344.25000 -53.30872 0.89648
344.30000 -53.31011 0.89572
344.35000 -53.30941 0.89652
344.40000 -53.30995 0.89676
344.45000 -53.30880 0.89717
344.50000 -53.30904 0.89851
344.55000 -53.31106 0.90110
344.60000 -53.31209 0.89933
344.65000 -53.30978 0.89965
344.70000 -53.30995 0.89601
344.75000 -53.31266 0.89647
344.80000 -53.31131 0.89651
344.85000 -53.31135 0.89719
344.90000 -53.31225 0.90001
344.95000 -53.30744 0.89927
345.00000 -53.30839 0.90032
345.05000 -53.30650 0.90264
345.10000 -53.30814 0.89980
345.15000 -53.30868 0.89899
345.20000 -53.30625 0.90309
345.25000 -53.30514 0.90292
345.30000 -53.30555 0.90546
345.35000 -53.30670 0.90315
345.40000 -53.30280 0.90308
345.45000 -53.30259 0.90102
345.50000 -53.29984 0.89888
345.55000 -53.30017 0.90467
345.60000 -53.30407 0.90398
345.65000 -53.30300 0.90341
345.70000 -53.30095 0.90103
345.75000 -53.29988 0.90499
345.80000 -53.29449 0.90472
345.85000 -53.29704 0.90559
345.90000 -53.29762 0.90680
345.95000 -53.29836 0.90413
346.00000 -53.29828 0.90302
346.05000 -53.30128 0.90430
346.10000 -53.30296 0.90395
346.15000 -53.30078 0.90571
346.20000 -53.30419 0.90464
346.25000 -53.30629 0.90744
346.30000 -53.30489 0.90436
346.35000 -53.30374 0.90319
346.40000 -53.30596 0.90437
346.45000 -53.30539 0.90417
346.50000 -53.30547 0.90463
346.55000 -53.30761 0.90561
346.60000 -53.30728 0.90997
346.65000 -53.30563 0.90944
346.70000 -53.30440 0.90921
346.75000 -53.30670 0.90985
346.80000 -53.30526 0.91191
346.85000 -53.30687 0.90859
346.90000 -53.30572 0.90757
346.95000 -53.30847 0.90957
347.00000 -53.31089 0.90678
347.05000 -53.31085 0.90948
347.10000 -53.30958 0.91182
347.15000 -53.30839 0.91181
347.20000 -53.30983 0.91315
347.25000 -53.31110 0.91545
347.30000 -53.31065 0.91631
347.35000 -53.31476 0.91828
347.40000 -53.31435 0.91973
347.45000 -53.31291 0.92087
347.50000 -53.31418 0.92139
347.55000 -53.31431 0.92047
347.60000 -53.31427 0.91754
347.65000 -53.31517 0.92115
347.70000 -53.31320 0.92166
347.75000 -53.31739 0.92259
347.80000 -53.31809 0.92151
347.85000 -53.31731 0.92238
347.90000 -53.31694 0.92182
347.95000 -53.31838 0.92249
348.00000 -53.31792 0.92202
348.05000 -53.31624 0.92141
348.10000 -53.32023 0.92334
348.15000 -53.31887 0.92071
348.20000 -53.32327 0.92235
348.25000 -53.32027 0.91941
348.30000 -53.32138 0.91765
348.35000 -53.32002 0.91967
348.40000 -53.32265 0.91810
348.45000 -53.31949 0.92199
348.50000 -53.32232 0.91592
348.55000 -53.31899 0.91763
348.60000 -53.32117 0.91525
348.65000 -53.32129 0.91755
348.70000 -53.32224 0.91848
348.75000 -53.32039 0.91902
348.80000 -53.32035 0.91618
348.85000 -53.31986 0.91418
348.90000 -53.31928 0.91520
348.95000 -53.31747 0.91820
349.00000 -53.31751 0.91319
349.05000 -53.31722 0.91479
349.10000 -53.32134 0.91137
349.15000 -53.32006 0.91285
349.20000 -53.31858 0.91631
349.25000 -53.31759 0.91650
349.30000 -53.31887 0.91729
349.35000 -53.31636 0.91743
349.40000 -53.31772 0.92093
349.45000 -53.31887 0.91801
349.50000 -53.31907 0.91975
349.55000 -53.31628 0.92250
349.60000 -53.32027 0.92405
349.65000 -53.31920 0.92553
349.70000 -53.31784 0.92637
349.75000 -53.31805 0.92279
349.80000 -53.31846 0.92288
349.85000 -53.31842 0.92226
349.90000 -53.31628 0.92528
349.95000 -53.31912 0.92050
350.00000 -53.32031 0.91855
350.05000 -53.31932 0.91782
350.10000 -53.31801 0.91761
350.15000 -53.32134 0.91650
350.20000 -53.32265 0.91687
350.25000 -53.32277 0.91851
350.30000 -53.32064 0.91889
350.35000 -53.32179 0.91787
350.40000 -53.31912 0.91398
350.45000 -53.32314 0.91323
350.50000 -53.32105 0.91376
350.55000 -53.31772 0.91464
350.60000 -53.31981 0.91515
350.65000 -53.31698 0.91415
350.70000 -53.31648 0.91547
350.75000 -53.31657 0.91373
350.80000 -53.31644 0.91470
350.85000 -53.31525 0.91560
350.90000 -53.31743 0.91249
350.95000 -53.31509 0.91508
351.00000 -53.31484 0.91708
351.05000 -53.31665 0.91627
351.10000 -53.31595 0.91482
351.15000 -53.31731 0.91526
351.20000 -53.31632 0.91425
351.25000 -53.31677 0.91494
351.30000 -53.31932 0.91663
351.35000 -53.31801 0.91352
351.40000 -53.31751 0.91115
351.45000 -53.31854 0.91326
351.50000 -53.31821 0.91317
351.55000 -53.31764 0.91247
351.60000 -53.31624 0.91675
351.65000 -53.31488 0.91622
351.70000 -53.32035 0.91599
351.75000 -53.31718 0.91825
351.80000 -53.31833 0.91990
351.85000 -53.31702 0.91497
351.90000 -53.31603 0.91548
351.95000 -53.31361 0.91616
352.00000 -53.31653 0.91719
352.05000 -53.31661 0.91765
352.10000 -53.31854 0.91628
352.15000 -53.31632 0.91435
352.20000 -53.31439 0.91122
352.25000 -53.31616 0.91469
352.30000 -53.31274 0.91470
352.35000 -53.31089 0.91254
352.40000 -53.31163 0.91153
352.45000 -53.31015 0.91399
352.50000 -53.30757 0.91312
352.55000 -53.30740 0.91320
352.60000 -53.30941 0.91621
352.65000 -53.30654 0.91536
352.70000 -53.30654 0.91542
352.75000 -53.30724 0.91503
352.80000 -53.30576 0.91778
352.85000 -53.30128 0.91748
352.90000 -53.30387 0.91598
352.95000 -53.30485 0.91597
353.00000 -53.30276 0.91757
353.05000 -53.30062 0.91698
353.10000 -53.30304 0.91866
353.15000 -53.30255 0.92040
353.20000 -53.30156 0.91936
353.25000 -53.30070 0.91747
353.30000 -53.30021 0.91958
353.35000 -53.29963 0.92056
353.40000 -53.30087 0.92069
353.45000 -53.30058 0.92061
353.50000 -53.30280 0.92202
353.55000 -53.30362 0.92202
353.60000 -53.30391 0.92075
353.65000 -53.30341 0.92315
353.70000 -53.30584 0.92223
353.75000 -53.30403 0.91994
353.80000 -53.30711 0.91972
353.85000 -53.30785 0.92077
353.90000 -53.30995 0.91894
353.95000 -53.30691 0.92304
354.00000 -53.30847 0.92462
354.05000 -53.30781 0.92517
354.10000 -53.30855 0.92209
354.15000 -53.30814 0.92334
354.20000 -53.30498 0.92073
354.25000 -53.30514 0.92039
354.30000 -53.30604 0.91906
354.35000 -53.30559 0.92010
354.40000 -53.30514 0.92302
354.45000 -53.30654 0.92058
354.50000 -53.30843 0.91978
354.55000 -53.30617 0.91751
354.60000 -53.30744 0.91747
354.65000 -53.30489 0.92073
354.70000 -53.30271 0.91973
354.75000 -53.30555 0.91755
354.80000 -53.30284 0.92008
354.85000 -53.30502 0.91502
354.90000 -53.30777 0.91496
354.95000 -53.30572 0.91373
355.00000 -53.30851 0.91321
355.05000 -53.30904 0.91348
355.10000 -53.30814 0.91503
355.15000 -53.31044 0.91339
355.20000 -53.30913 0.91082
355.25000 -53.30888 0.90937
355.30000 -53.30954 0.90946
355.35000 -53.30909 0.91049
355.40000 -53.30876 0.91153
355.45000 -53.30695 0.90900
355.50000 -53.30263 0.91168
355.55000 -53.30485 0.91192
355.60000 -53.30288 0.91323
355.65000 -53.30239 0.91648
355.70000 -53.30399 0.91623
355.75000 -53.30378 0.91428
355.80000 -53.30284 0.91444
355.85000 -53.30185 0.91357
355.90000 -53.30822 0.91330
355.95000 -53.30810 0.91541
356.00000 -53.30802 0.91684
356.05000 -53.30646 0.91850
356.10000 -53.30867 0.91454
356.15000 -53.30835 0.91414
356.20000 -53.30941 0.91546
356.25000 -53.30983 0.91321
356.30000 -53.31131 0.91575
356.35000 -53.30867 0.91397
356.40000 -53.31118 0.91426
356.45000 -53.30802 0.91225
356.50000 -53.30773 0.91115
356.55000 -53.31057 0.90838
356.60000 -53.31061 0.90976
356.65000 -53.31118 0.90880
356.70000 -53.31381 0.90775
356.75000 -53.31492 0.90928
356.80000 -53.31295 0.90766
356.85000 -53.31233 0.90976
356.90000 -53.31098 0.90716
356.95000 -53.31574 0.91042
357.00000 -53.31690 0.90992
357.05000 -53.31644 0.90695
357.10000 -53.31665 0.90747
357.15000 -53.31402 0.90794
357.20000 -53.31464 0.90390
357.25000 -53.31385 0.90209
357.30000 -53.31537 0.89956
357.35000 -53.31579 0.90319
357.40000 -53.32010 0.89918
357.45000 -53.31825 0.90075
357.50000 -53.31784 0.89942
357.55000 -53.31940 0.89926
357.60000 -53.31759 0.89889
357.65000 -53.31899 0.90270
357.70000 -53.31916 0.90333
357.75000 -53.31879 0.90314
357.80000 -53.31809 0.90219
357.85000 -53.31838 0.90224
357.90000 -53.31973 0.90457
357.95000 -53.31912 0.90348
358.00000 -53.31805 0.90105
358.05000 -53.32281 0.90147
358.10000 -53.32269 0.90090
358.15000 -53.32150 0.89873
358.20000 -53.32281 0.90279
358.25000 -53.32290 0.90411
358.30000 -53.32244 0.89945
358.35000 -53.32187 0.90204
358.40000 -53.32064 0.90186
358.45000 -53.32088 0.90033
358.50000 -53.32092 0.90385
358.55000 -53.32031 0.90216
358.60000 -53.31591 0.90301
358.65000 -53.31636 0.90303
358.70000 -53.31451 0.90255
358.75000 -53.31842 0.90220
358.80000 -53.31685 0.90310
358.85000 -53.31542 0.90309
358.90000 -53.31628 0.90176
358.95000 -53.31599 0.90249
359.00000 -53.31299 0.90482
359.05000 -53.31385 0.90140
359.10000 -53.31180 0.90149
359.15000 -53.31369 0.90406
359.20000 -53.31246 0.90366
359.25000 -53.31542 0.90550
359.30000 -53.31698 0.90437
359.35000 -53.31796 0.90676
359.40000 -53.31698 0.90657
359.45000 -53.31928 0.90615
359.50000 -53.31739 0.90770
359.55000 -53.31702 0.90662
359.60000 -53.31574 0.90557
359.65000 -53.31455 0.90367
359.70000 -53.31628 0.90325
359.75000 -53.31780 0.90204
359.80000 -53.31829 0.90269
359.85000 -53.32294 0.90112
359.90000 -53.32035 0.89989
359.95000 -53.31833 0.89710
360.00000 -53.32302 0.90258
360.05000 -53.32413 0.90274
360.10000 -53.32286 0.90175
360.15000 -53.32158 0.90049
360.20000 -53.32158 0.90126
360.25000 -53.32290 0.90280
360.30000 -53.32401 0.90019
360.35000 -53.32092 0.90053
360.40000 -53.32183 0.90103
360.45000 -53.31977 0.89642
360.50000 -53.31965 0.89706
360.55000 -53.31854 0.89599
360.60000 -53.32236 0.89892
360.65000 -53.32265 0.89868
360.70000 -53.32039 0.89745
360.75000 -53.31944 0.89955
360.80000 -53.32088 0.89824
360.85000 -53.32199 0.89892
360.90000 -53.31916 0.90120
360.95000 -53.31813 0.89822
361.00000 -53.32027 0.89684
361.05000 -53.32207 0.89934
361.10000 -53.32097 0.89784
361.15000 -53.32010 0.90036
361.20000 -53.32002 0.90007
361.25000 -53.32064 0.90275
361.30000 -53.32175 0.90260
361.35000 -53.31994 0.90279
361.40000 -53.31891 0.90019
361.45000 -53.31924 0.90130
361.50000 -53.31842 0.90123
361.55000 -53.32084 0.90413
361.60000 -53.32253 0.90476
361.65000 -53.32117 0.90426
361.70000 -53.32142 0.90337
361.75000 -53.31788 0.90856
361.80000 -53.31986 0.90825
361.85000 -53.31817 0.91056
361.90000 -53.31809 0.90941
361.95000 -53.31764 0.90728
362.00000 -53.31332 0.90923
362.05000 -53.31496 0.90891
362.10000 -53.31657 0.91049
362.15000 -53.31381 0.91264
362.20000 -53.31488 0.90996
362.25000 -53.31328 0.91261
362.30000 -53.31390 0.91147
362.35000 -53.31505 0.90692
362.40000 -53.31501 0.90853
362.45000 -53.31599 0.90518
362.50000 -53.31468 0.90783
362.55000 -53.31620 0.91092
362.60000 -53.31554 0.91011
362.65000 -53.31603 0.91097
362.70000 -53.31525 0.90980
362.75000 -53.31722 0.90887
362.80000 -53.31455 0.90746
362.85000 -53.31439 0.90786
362.90000 -53.31653 0.91038
362.95000 -53.31739 0.91050
363.00000 -53.32023 0.90808
363.05000 -53.31747 0.90929
363.10000 -53.31998 0.91031
363.15000 -53.32175 0.90977
363.20000 -53.32109 0.91290
363.25000 -53.32207 0.91276
363.30000 -53.32203 0.91138
363.35000 -53.32413 0.91321
363.40000 -53.32771 0.91322
363.45000 -53.32721 0.91544
363.50000 -53.32569 0.91637
363.55000 -53.32767 0.91328
363.60000 -53.33050 0.91640
363.65000 -53.33030 0.91679
363.70000 -53.33042 0.91965
363.75000 -53.33091 0.91855
363.80000 -53.32890 0.91685
363.85000 -53.32947 0.91757
363.90000 -53.33128 0.91931
363.95000 -53.33169 0.92005
364.00000 -53.33001 0.91973
364.05000 -53.32993 0.91986
364.10000 -53.33227 0.92044
364.15000 -53.33289 0.91913
364.20000 -53.33511 0.92033
364.25000 -53.33617 0.92328
364.30000 -53.33996 0.91918
364.35000 -53.33687 0.92106
364.40000 -53.33806 0.91931
364.45000 -53.33979 0.91873
364.50000 -53.34090 0.91730
364.55000 -53.33778 0.92083
364.60000 -53.33617 0.91856
364.65000 -53.33708 0.91905
364.70000 -53.33979 0.91794
364.75000 -53.34172 0.92010
364.80000 -53.34267 0.91907
364.85000 -53.33959 0.91652
364.90000 -53.33975 0.91719
364.95000 -53.33897 0.91925
365.00000 -53.33876 0.92246
365.05000 -53.33905 0.92118
365.10000 -53.33712 0.91738
365.15000 -53.33441 0.91677
365.20000 -53.33321 0.91801
365.25000 -53.33609 0.92013
365.30000 -53.33745 0.91933
365.35000 -53.33383 0.92106
365.40000 -53.33219 0.92146
365.45000 -53.33215 0.92230
365.50000 -53.33157 0.92012
365.55000 -53.32984 0.92227
365.60000 -53.33153 0.91972
365.65000 -53.33330 0.92279
365.70000 -53.33346 0.92047
365.75000 -53.33371 0.91966
365.80000 -53.33428 0.91889
365.85000 -53.33223 0.92032
365.90000 -53.33030 0.92045
365.95000 -53.32997 0.91920
366.00000 -53.33145 0.91938
366.05000 -53.33083 0.92273
366.10000 -53.32816 0.92018
366.15000 -53.33038 0.92026
366.20000 -53.33313 0.91872
366.25000 -53.33223 0.91699
366.30000 -53.32939 0.91745
366.35000 -53.32947 0.91716
366.40000 -53.33017 0.92019
366.45000 -53.33157 0.91765
366.50000 -53.33215 0.91618
366.55000 -53.33075 0.91910
366.60000 -53.32902 0.92038
366.65000 -53.33062 0.91804
366.70000 -53.33083 0.91906
366.75000 -53.33231 0.91690
366.80000 -53.33058 0.91713
366.85000 -53.33145 0.91549
366.90000 -53.33502 0.91431
366.95000 -53.33597 0.91768
367.00000 -53.33457 0.91584
367.05000 -53.33346 0.91718
367.10000 -53.33515 0.91447
367.15000 -53.33173 0.91597
367.20000 -53.33391 0.91549
367.25000 -53.33691 0.91829
367.30000 -53.33564 0.91812
367.35000 -53.33552 0.92139
367.40000 -53.33445 0.92016
367.45000 -53.33605 0.91633
367.50000 -53.33432 0.91756
367.55000 -53.33576 0.91611
367.60000 -53.33301 0.91509
367.65000 -53.33478 0.92062
367.70000 -53.33350 0.91963
367.75000 -53.32943 0.92123
367.80000 -53.33067 0.92254
367.85000 -53.33112 0.92358
367.90000 -53.33198 0.92201
367.95000 -53.32824 0.91981
368.00000 -53.32886 0.92428
368.05000 -53.32886 0.92334
368.10000 -53.32487 0.92364
368.15000 -53.32265 0.92029
368.20000 -53.32454 0.92281
368.25000 -53.32479 0.92181
368.30000 -53.32183 0.92461
368.35000 -53.32171 0.92222
368.40000 -53.32520 0.92282
368.45000 -53.32207 0.92572
368.50000 -53.32088 0.92314
368.55000 -53.32088 0.92651
368.60000 -53.32368 0.92541
368.65000 -53.32216 0.92488
368.70000 -53.31957 0.92299
368.75000 -53.32187 0.92297
368.80000 -53.32047 0.92226
368.85000 -53.32125 0.92714
368.90000 -53.32047 0.92767
368.95000 -53.32207 0.92271
369.00000 -53.32154 0.92577
369.05000 -53.31973 0.92877
369.10000 -53.32425 0.92927
369.15000 -53.32232 0.92652
369.20000 -53.32306 0.92814
369.25000 -53.32154 0.93185
369.30000 -53.32244 0.93232
369.35000 -53.32314 0.93316
369.40000 -53.32290 0.92977
369.45000 -53.31920 0.93089
369.50000 -53.31850 0.92901
369.55000 -53.31870 0.92807
369.60000 -53.32236 0.92814
369.65000 -53.31998 0.93155
369.70000 -53.32171 0.93052
369.75000 -53.31953 0.92965
369.80000 -53.32355 0.93153
369.85000 -53.32117 0.93118
369.90000 -53.32055 0.92885
369.95000 -53.31796 0.93125
370.00000 -53.32055 0.93132
370.05000 -53.32183 0.92828
370.10000 -53.32425 0.92854
370.15000 -53.32532 0.92846
370.20000 -53.32775 0.92700
370.25000 -53.32693 0.92825
370.30000 -53.32656 0.92623
370.35000 -53.32479 0.92946
370.40000 -53.32721 0.92992
370.45000 -53.32323 0.92951
370.50000 -53.32240 0.92998
370.55000 -53.32676 0.92517
370.60000 -53.32651 0.92673
370.65000 -53.32384 0.92684
370.70000 -53.32294 0.92903
370.75000 -53.32388 0.92939
370.80000 -53.32290 0.92910
370.85000 -53.32409 0.92979
370.90000 -53.32606 0.92658
370.95000 -53.32360 0.92662
371.00000 -53.32084 0.92737
371.05000 -53.32076 0.92918
371.10000 -53.32084 0.92838
371.15000 -53.32006 0.92485
371.20000 -53.31603 0.92699
371.25000 -53.31484 0.92913
371.30000 -53.31266 0.93014
371.35000 -53.31427 0.92598
371.40000 -53.31081 0.92780
371.45000 -53.31394 0.92390
371.50000 -53.31402 0.92488
371.55000 -53.31406 0.92159
371.60000 -53.31673 0.92537
371.65000 -53.31320 0.92295
371.70000 -53.31402 0.92271
371.75000 -53.31529 0.91937
371.80000 -53.31414 0.91712
371.85000 -53.31628 0.91588
371.90000 -53.31743 0.91999
371.95000 -53.31587 0.91685
372.00000 -53.31229 0.91518
372.05000 -53.31574 0.91648
372.10000 -53.31439 0.91486
372.15000 -53.31690 0.91664
372.20000 -53.31690 0.91427
372.25000 -53.31673 0.91568
372.30000 -53.31718 0.91730
372.35000 -53.31521 0.91628
372.40000 -53.31242 0.91412
372.45000 -53.31435 0.91391
372.50000 -53.31533 0.91309
372.55000 -53.31418 0.91433
372.60000 -53.31221 0.91628
372.65000 -53.31192 0.91613
372.70000 -53.31069 0.91394
372.75000 -53.31311 0.91336
372.80000 -53.31320 0.91670
372.85000 -53.31028 0.91468
372.90000 -53.31159 0.91572
372.95000 -53.30810 0.91329
373.00000 -53.30678 0.91443
373.05000 -53.30847 0.91452
373.10000 -53.30781 0.91037
373.15000 -53.30658 0.91149
373.20000 -53.30761 0.91387
373.25000 -53.31048 0.91358
373.30000 -53.30831 0.91358
373.35000 -53.30946 0.91400
373.40000 -53.30962 0.91284
373.45000 -53.30978 0.91369
373.50000 -53.31192 0.91348
373.55000 -53.30872 0.91047
373.60000 -53.30892 0.90868
373.65000 -53.31077 0.91298
373.70000 -53.31176 0.90940
373.75000 -53.31307 0.91081
373.80000 -53.31591 0.91136
373.85000 -53.31694 0.91103
373.90000 -53.31435 0.91286
373.95000 -53.31517 0.91442
374.00000 -53.31772 0.91280
374.05000 -53.31953 0.91278
374.10000 -53.31813 0.90969
374.15000 -53.31813 0.91001
374.20000 -53.31661 0.91036
374.25000 -53.31961 0.91082
374.30000 -53.32351 0.90991
374.35000 -53.32187 0.91007
374.40000 -53.32117 0.91141
374.45000 -53.32240 0.91317
374.50000 -53.32154 0.91286
374.55000 -53.32224 0.91259
374.60000 -53.32109 0.90984
374.65000 -53.32105 0.90529
374.70000 -53.32236 0.90655
374.75000 -53.32310 0.90411
374.80000 -53.32166 0.90598
374.85000 -53.32109 0.90494
374.90000 -53.32236 0.90622
374.95000 -53.32125 0.90829
375.00000 -53.31990 0.90440
375.05000 -53.32171 0.90802
375.10000 -53.31957 0.90822
375.15000 -53.32183 0.90271
375.20000 -53.32306 0.90753
375.25000 -53.32339 0.90378
375.30000 -53.32392 0.90476
375.35000 -53.32105 0.90644
375.40000 -53.32614 0.90531
375.45000 -53.32384 0.90240
375.50000 -53.32799 0.90123
375.55000 -53.32557 0.90300
375.60000 -53.32910 0.90353
375.65000 -53.32816 0.90298
375.70000 -53.32771 0.90124
375.75000 -53.32960 0.90074
375.80000 -53.33013 0.90019
375.85000 -53.33301 0.90371
375.90000 -53.33231 0.90040
375.95000 -53.33272 0.90071
376.00000 -53.33173 0.89909
376.05000 -53.33182 0.90222
376.10000 -53.33293 0.90488
376.15000 -53.33178 0.90195
376.20000 -53.33367 0.90288
376.25000 -53.33280 0.90733
376.30000 -53.33313 0.90775
376.35000 -53.33367 0.91019
376.40000 -53.32754 0.90811
376.45000 -53.32594 0.91206
376.50000 -53.33276 0.91066
376.55000 -53.33009 0.91143
376.60000 -53.32853 0.91092
376.65000 -53.32836 0.91195
376.70000 -53.32873 0.91201
376.75000 -53.32516 0.91197
376.80000 -53.32668 0.91025
376.85000 -53.32569 0.91058
376.90000 -53.32553 0.91003
376.95000 -53.32355 0.91117
377.00000 -53.32191 0.91305
377.05000 -53.32380 0.90682
377.10000 -53.32425 0.90853
377.15000 -53.32569 0.91066
377.20000 -53.32586 0.91197
377.25000 -53.32392 0.91067
377.30000 -53.32614 0.91224
377.35000 -53.32508 0.91220
377.40000 -53.32360 0.91018
377.45000 -53.32199 0.90816
377.50000 -53.32294 0.90767
377.55000 -53.32388 0.91011
377.60000 -53.32676 0.90983
377.65000 -53.32619 0.90722
377.70000 -53.32742 0.90800
377.75000 -53.32462 0.90743
377.80000 -53.32380 0.90620
377.85000 -53.32314 0.90652
377.90000 -53.32162 0.90638
377.95000 -53.32318 0.90717
378.00000 -53.32302 0.90730
378.05000 -53.32290 0.90885
378.10000 -53.32183 0.90852
378.15000 -53.32121 0.90558
378.20000 -53.32125 0.90610
378.25000 -53.32376 0.90667
378.30000 -53.32323 0.90440
378.35000 -53.32232 0.90294
378.40000 -53.32117 0.90225
378.45000 -53.32236 0.90145
378.50000 -53.32105 0.90191
378.55000 -53.32224 0.89954
378.60000 -53.32487 0.90426
378.65000 -53.32294 0.90063
378.70000 -53.32158 0.90219
378.75000 -53.32335 0.90434
378.80000 -53.32232 0.90110
378.85000 -53.31957 0.90098
378.90000 -53.31854 0.89980
378.95000 -53.31870 0.90396
379.00000 -53.31694 0.90199
379.05000 -53.31427 0.90171
379.10000 -53.31529 0.90291
379.15000 -53.31636 0.90087
379.20000 -53.31764 0.90115
379.25000 -53.31636 0.90141
379.30000 -53.31480 0.90096
379.35000 -53.31361 0.89667
379.40000 -53.31620 0.90222
379.45000 -53.31525 0.90180
379.50000 -53.31418 0.90300
379.55000 -53.31599 0.90309
379.60000 -53.31986 0.90332
379.65000 -53.31546 0.90383
379.70000 -53.31377 0.90610
379.75000 -53.31385 0.90299
379.80000 -53.31657 0.90613
379.85000 -53.31731 0.90448
379.90000 -53.31743 0.90751
379.95000 -53.31759 0.90398
380.00000 -53.31570 0.90294
380.05000 -53.31628 0.90454
380.10000 -53.31640 0.90567
380.15000 -53.31899 0.90434
380.20000 -53.32216 0.90655
380.25000 -53.32158 0.90587
380.30000 -53.32117 0.90190
380.35000 -53.31780 0.90230
380.40000 -53.31644 0.90415
380.45000 -53.32055 0.90649
380.50000 -53.31673 0.90560
380.55000 -53.31690 0.90734
380.60000 -53.31936 0.90322
380.65000 -53.31591 0.90788
380.70000 -53.31653 0.91099
380.75000 -53.31636 0.90662
380.80000 -53.31772 0.90925
380.85000 -53.32031 0.91046
380.90000 -53.31866 0.90655
380.95000 -53.32043 0.90937
381.00000 -53.32027 0.90437
381.05000 -53.32212 0.90742
381.10000 -53.31562 0.90896
381.15000 -53.31546 0.90954
381.20000 -53.31385 0.90953
381.25000 -53.31488 0.90851
381.30000 -53.31476 0.91032
381.35000 -53.31435 0.90986
381.40000 -53.31422 0.91250
381.45000 -53.31258 0.91120
381.50000 -53.31011 0.91183
381.55000 -53.31007 0.91093
381.60000 -53.31205 0.90993
381.65000 -53.31011 0.90900
381.70000 -53.30991 0.90939
381.75000 -53.31102 0.90928
381.80000 -53.30954 0.91022
381.85000 -53.30921 0.91066
381.90000 -53.30629 0.90866
381.95000 -53.30699 0.90853
382.00000 -53.31007 0.90978
382.05000 -53.30683 0.91006
382.10000 -53.30456 0.90996
382.15000 -53.30469 0.90884
382.20000 -53.30629 0.90902
382.25000 -53.30662 0.91209
382.30000 -53.30588 0.91083
382.35000 -53.30535 0.90945
382.40000 -53.30485 0.91065
382.45000 -53.30567 0.90967
382.50000 -53.30888 0.91059
382.55000 -53.30625 0.91066
382.60000 -53.30407 0.91213
382.65000 -53.30362 0.91235
382.70000 -53.30280 0.91053
382.75000 -53.30284 0.91262
382.80000 -53.30321 0.91039
382.85000 -53.30169 0.91376
382.90000 -53.30271 0.91246
382.95000 -53.30087 0.90987
383.00000 -53.30087 0.90859
383.05000 -53.29811 0.90854
383.10000 -53.29762 0.90805
383.15000 -53.29832 0.91065
383.20000 -53.29708 0.90992
383.25000 -53.29704 0.91042
383.30000 -53.29675 0.91245
383.35000 -53.29733 0.91157
383.40000 -53.29499 0.90981
383.45000 -53.29425 0.90869
383.50000 -53.29400 0.90862
383.55000 -53.29614 0.91104
383.60000 -53.29910 0.91120
383.65000 -53.29721 0.91134
383.70000 -53.29737 0.90920
383.75000 -53.29815 0.90714
383.80000 -53.29696 0.90723
383.85000 -53.29992 0.90576
383.90000 -53.29881 0.90796
383.95000 -53.29996 0.90754
384.00000 -53.30169 0.91190
384.05000 -53.30198 0.90965
384.10000 -53.30535 0.90916
384.15000 -53.30382 0.91154
384.20000 -53.30596 0.90574
384.25000 -53.31007 0.90829
384.30000 -53.30872 0.90725
384.35000 -53.30851 0.90687
384.40000 -53.30987 0.90828
384.45000 -53.31073 0.90757
384.50000 -53.30970 0.90725
384.55000 -53.30868 0.90620
384.60000 -53.31007 0.90627
384.65000 -53.30983 0.90803
384.70000 -53.31024 0.90817
384.75000 -53.30987 0.90773
384.80000 -53.30794 0.90775
384.85000 -53.31057 0.90818
384.90000 -53.31184 0.90826
384.95000 -53.30789 0.90847
385.00000 -53.31007 0.90688
385.05000 -53.30835 0.90811
385.10000 -53.31077 0.90944
385.15000 -53.31443 0.91074
385.20000 -53.31192 0.90862
385.25000 -53.31246 0.90962
385.30000 -53.31176 0.90607
385.35000 -53.31464 0.90842
385.40000 -53.31357 0.90613
385.45000 -53.31196 0.90739
385.50000 -53.31077 0.90773
385.55000 -53.31283 0.91027
385.60000 -53.30987 0.91068
385.65000 -53.31032 0.91240
385.70000 -53.30888 0.91248
385.75000 -53.31048 0.90907
385.80000 -53.31279 0.90812
385.85000 -53.31653 0.91163
385.90000 -53.31225 0.91333
385.95000 -53.31279 0.91601
386.00000 -53.31279 0.91961
386.05000 -53.31250 0.91681
386.10000 -53.30904 0.91893
386.15000 -53.30937 0.91961
386.20000 -53.30781 0.92006
386.25000 -53.31065 0.92265
386.30000 -53.31061 0.92011
386.35000 -53.30974 0.92121
386.40000 -53.30785 0.92085
386.45000 -53.30600 0.92257
386.50000 -53.30835 0.91955
386.55000 -53.30933 0.91937
386.60000 -53.30547 0.92135
386.65000 -53.30341 0.91935
386.70000 -53.30169 0.91930
386.75000 -53.30070 0.92191
386.80000 -53.30489 0.92321
386.85000 -53.30017 0.92081
386.90000 -53.30395 0.92315
386.95000 -53.30485 0.92168
387.00000 -53.30173 0.92172
387.05000 -53.30132 0.92328
387.10000 -53.30226 0.92536
387.15000 -53.30107 0.92225
387.20000 -53.30296 0.92080
387.25000 -53.30140 0.92456
387.30000 -53.30004 0.92493
387.35000 -53.30226 0.92506
387.40000 -53.30313 0.92850
387.45000 -53.30428 0.92613
387.50000 -53.30124 0.92620
387.55000 -53.30271 0.92595
387.60000 -53.30461 0.92623
387.65000 -53.30526 0.92483
387.70000 -53.30119 0.92756
387.75000 -53.30378 0.92551
387.80000 -53.30156 0.92863
387.85000 -53.30563 0.92504
387.90000 -53.30526 0.92693
387.95000 -53.30798 0.93042
388.00000 -53.30629 0.92834
388.05000 -53.30855 0.92671
388.10000 -53.31287 0.92748
388.15000 -53.31077 0.92513
388.20000 -53.31217 0.92282
388.25000 -53.31303 0.91805
388.30000 -53.31455 0.91889
388.35000 -53.31838 0.92168
388.40000 -53.31883 0.92237
388.45000 -53.31735 0.92070
388.50000 -53.31595 0.91795
388.55000 -53.31710 0.92022
388.60000 -53.31727 0.91933
388.65000 -53.31221 0.91955
388.70000 -53.31427 0.91704
388.75000 -53.31698 0.91719
388.80000 -53.31903 0.91819
388.85000 -53.31907 0.91436
388.90000 -53.32101 0.91579
388.95000 -53.31780 0.91550
389.00000 -53.32010 0.91435
389.05000 -53.32265 0.91380
389.10000 -53.31932 0.91487
389.15000 -53.31907 0.91490
389.20000 -53.32183 0.91499
389.25000 -53.31887 0.91402
389.30000 -53.31644 0.91472
389.35000 -53.31554 0.91448
389.40000 -53.31398 0.91256
389.45000 -53.31410 0.91453
389.50000 -53.31398 0.91518
389.55000 -53.31303 0.91630
389.60000 -53.31443 0.91470
389.65000 -53.31209 0.91097
389.70000 -53.31365 0.91206
389.75000 -53.31283 0.91072
389.80000 -53.31665 0.91060
389.85000 -53.31636 0.91050
389.90000 -53.31694 0.91025
389.95000 -53.31850 0.90780
390.00000 -53.31718 0.90497
390.05000 -53.31850 0.90372
390.10000 -53.31792 0.90299
390.15000 -53.31920 0.90520
390.20000 -53.31957 0.90684
390.25000 -53.31854 0.90763
390.30000 -53.31891 0.90875
390.35000 -53.31764 0.90915
390.40000 -53.31784 0.90683
390.45000 -53.31735 0.90817
390.50000 -53.31735 0.90960
390.55000 -53.31706 0.90767
390.60000 -53.31718 0.90814
390.65000 -53.31891 0.90877
390.70000 -53.31887 0.90794
390.75000 -53.31990 0.90574
390.80000 -53.32027 0.90650
390.85000 -53.31854 0.90895
390.90000 -53.32232 0.90558
390.95000 -53.32232 0.90918
391.00000 -53.32232 0.91060
391.05000 -53.31990 0.91300
391.10000 -53.31870 0.91253
391.15000 -53.32392 0.91060
391.20000 -53.32725 0.91388
391.25000 -53.32203 0.91597
391.30000 -53.32512 0.91787
391.35000 -53.32639 0.91641
391.40000 -53.32434 0.91840
391.45000 -53.32249 0.91808
391.50000 -53.32701 0.91914
391.55000 -53.32475 0.92109
391.60000 -53.32516 0.91757
391.65000 -53.32598 0.91720
391.70000 -53.32734 0.91723
391.75000 -53.32845 0.91911
391.80000 -53.32877 0.91701
391.85000 -53.32651 0.91781
391.90000 -53.32553 0.91723
391.95000 -53.32532 0.91582
392.00000 -53.32302 0.91549
392.05000 -53.32347 0.91621
392.10000 -53.32565 0.91671
392.15000 -53.32450 0.91879
392.20000 -53.32495 0.91718
392.25000 -53.32495 0.91844
392.30000 -53.32606 0.91884
392.35000 -53.32388 0.91623
392.40000 -53.31924 0.91672
392.45000 -53.32043 0.92123
392.50000 -53.32039 0.92222
392.55000 -53.32232 0.92005
392.60000 -53.32129 0.91938
392.65000 -53.31866 0.92099
392.70000 -53.31940 0.91943
392.75000 -53.31727 0.91922
392.80000 -53.31764 0.91993
392.85000 -53.31940 0.91872
392.90000 -53.31702 0.91614
392.95000 -53.31907 0.92002
393.00000 -53.31899 0.92046
393.05000 -53.32121 0.92078
393.10000 -53.32166 0.91919
393.15000 -53.31986 0.91724
393.20000 -53.31879 0.91749
393.25000 -53.31809 0.91328
393.30000 -53.32286 0.91021
393.35000 -53.32306 0.91374
393.40000 -53.31838 0.91417
393.45000 -53.32162 0.91479
393.50000 -53.31895 0.91288
393.55000 -53.31899 0.91309
393.60000 -53.31727 0.91169
393.65000 -53.31792 0.91445
393.70000 -53.32097 0.91250
393.75000 -53.31875 0.91170
393.80000 -53.32014 0.91261
393.85000 -53.31562 0.91488
393.90000 -53.31887 0.91443
393.95000 -53.31529 0.91476
394.00000 -53.31653 0.91603
394.05000 -53.31607 0.91599
394.10000 -53.31669 0.91524
394.15000 -53.31583 0.91862
394.20000 -53.31681 0.91895
394.25000 -53.31653 0.92071
394.30000 -53.31533 0.92278
394.35000 -53.31640 0.92240
394.40000 -53.31764 0.92071
394.45000 -53.31476 0.92526
394.50000 -53.31476 0.92598
394.55000 -53.31772 0.92777
394.60000 -53.31472 0.92444
394.65000 -53.31731 0.92877
394.70000 -53.31677 0.93311
394.75000 -53.31706 0.93244
394.80000 -53.31809 0.93539
394.85000 -53.31714 0.93697
394.90000 -53.31801 0.93373
394.95000 -53.31817 0.93524
395.00000 -53.31920 0.93335
395.05000 -53.32146 0.93618
395.10000 -53.31796 0.93647
395.15000 -53.31833 0.93219
395.20000 -53.31677 0.93473
395.25000 -53.31492 0.93042
395.30000 -53.31357 0.93103
395.35000 -53.31443 0.93082
395.40000 -53.31636 0.93192
395.45000 -53.31328 0.93373
395.50000 -53.31081 0.93526
395.55000 -53.30818 0.93130
395.60000 -53.30925 0.93178
395.65000 -53.30900 0.93224
395.70000 -53.30514 0.93020
395.75000 -53.30937 0.92875
395.80000 -53.30880 0.92645
395.85000 -53.31443 0.92791
395.90000 -53.31163 0.92914
395.95000 -53.31024 0.93117
396.00000 -53.30794 0.92960
396.05000 -53.30629 0.92720
396.10000 -53.30703 0.93111
396.15000 -53.30234 0.93076
396.20000 -53.30304 0.93068
396.25000 -53.30370 0.92726
396.30000 -53.30218 0.92593
396.35000 -53.30465 0.92960
396.40000 -53.30103 0.92751
396.45000 -53.30724 0.92641
396.50000 -53.30510 0.92681
396.55000 -53.30576 0.92650
396.60000 -53.30761 0.92209
396.65000 -53.30395 0.92500
396.70000 -53.30625 0.92306
396.75000 -53.30851 0.92291
396.80000 -53.30674 0.92451
396.85000 -53.30896 0.92394
396.90000 -53.30666 0.92359
396.95000 -53.30855 0.92335
397.00000 -53.30822 0.92159
397.05000 -53.30814 0.92289
397.10000 -53.30777 0.92167
397.15000 -53.30983 0.92234
397.20000 -53.30958 0.91903
397.25000 -53.31151 0.91822
397.30000 -53.30859 0.91522
397.35000 -53.31052 0.91772
397.40000 -53.30806 0.91677
397.45000 -53.31242 0.91596
397.50000 -53.31020 0.91626
397.55000 -53.30785 0.91729
397.60000 -53.30847 0.91478
397.65000 -53.30847 0.91252
397.70000 -53.31102 0.91665
397.75000 -53.31048 0.91753
397.80000 -53.30909 0.91359
397.85000 -53.30407 0.91339
397.90000 -53.30300 0.91485
397.95000 -53.30387 0.91764
398.00000 -53.30308 0.91549
398.05000 -53.30267 0.91674
398.10000 -53.30202 0.91529
398.15000 -53.30588 0.91369
398.20000 -53.30617 0.91078
398.25000 -53.30699 0.91523
398.30000 -53.30419 0.91341
398.35000 -53.30296 0.91375
398.40000 -53.30251 0.91511
398.45000 -53.30210 0.91212
398.50000 -53.29593 0.91383
398.55000 -53.29618 0.91504
398.60000 -53.29215 0.91737
398.65000 -53.29515 0.91694
398.70000 -53.29556 0.91979
398.75000 -53.29297 0.92183
398.80000 -53.29244 0.92039
398.85000 -53.29227 0.91680
398.90000 -53.29326 0.91683
398.95000 -53.29425 0.91494
399.00000 -53.29404 0.91653
399.05000 -53.29400 0.91607
399.10000 -53.29400 0.92008
399.15000 -53.29297 0.91814
399.20000 -53.29396 0.91828
399.25000 -53.29322 0.91923
399.30000 -53.29569 0.91707
399.35000 -53.29507 0.91859
399.40000 -53.29532 0.92093
399.45000 -53.29688 0.91804
399.50000 -53.29762 0.92023
399.55000 -53.29696 0.92049
399.60000 -53.29823 0.92196
399.65000 -53.29519 0.92089
399.70000 -53.29511 0.92362
399.75000 -53.29515 0.92242
399.80000 -53.29643 0.92219
399.85000 -53.29519 0.92213
399.90000 -53.29832 0.92345
399.95000 -53.29712 0.92251
400.00000 -53.29840 0.92389
400.05000 -53.29696 0.92364
400.10000 -53.29828 0.92295
400.15000 -53.29782 0.92487
400.20000 -53.29688 0.92339
400.25000 -53.29828 0.92171
400.30000 -53.29815 0.92217
400.35000 -53.29573 0.92491
400.40000 -53.29832 0.92424
400.45000 -53.29482 0.92263
400.50000 -53.29417 0.92151
400.55000 -53.29293 0.92550
400.60000 -53.29310 0.92458
400.65000 -53.29166 0.92480
400.70000 -53.29384 0.92167
400.75000 -53.29671 0.92584
400.80000 -53.29618 0.92701
400.85000 -53.29322 0.92117
400.90000 -53.29375 0.92397
400.95000 -53.29429 0.92421
401.00000 -53.29807 0.92576
401.05000 -53.30029 0.92253
401.10000 -53.29815 0.92159
401.15000 -53.29684 0.92164
401.20000 -53.29791 0.92274
401.25000 -53.30091 0.92182
401.30000 -53.29971 0.92115
401.35000 -53.30362 0.92117
401.40000 -53.30021 0.92131
401.45000 -53.30362 0.91918
401.50000 -53.30206 0.91880
401.55000 -53.30292 0.91933
401.60000 -53.30263 0.91812
401.65000 -53.30177 0.91607
401.70000 -53.30728 0.92006
401.75000 -53.30378 0.92160
401.80000 -53.30399 0.91840
401.85000 -53.30292 0.91852
401.90000 -53.30329 0.91957
401.95000 -53.30214 0.91826
402.00000 -53.30074 0.91646
402.05000 -53.29976 0.92026
402.10000 -53.30124 0.91962
402.15000 -53.30284 0.91997
402.20000 -53.30087 0.92135
402.25000 -53.30222 0.92242
402.30000 -53.30111 0.92333
402.35000 -53.30156 0.92190
402.40000 -53.30181 0.92416
402.45000 -53.30263 0.92629
402.50000 -53.29803 0.92843
402.55000 -53.29906 0.92723
402.60000 -53.29749 0.93099
402.65000 -53.30103 0.93096
402.70000 -53.29782 0.92982
402.75000 -53.29712 0.93103
402.80000 -53.29626 0.93083
402.85000 -53.29630 0.93298
402.90000 -53.29622 0.93390
402.95000 -53.29745 0.93335
403.00000 -53.29671 0.93139
403.05000 -53.29552 0.93389
403.10000 -53.29647 0.93178
403.15000 -53.29807 0.93400
403.20000 -53.29778 0.93187
403.25000 -53.29552 0.93501
403.30000 -53.29334 0.93291
403.35000 -53.29425 0.93558
403.40000 -53.29100 0.93406
403.45000 -53.29260 0.93272
403.50000 -53.29162 0.93514
403.55000 -53.29178 0.93644
403.60000 -53.29482 0.93495
403.65000 -53.29638 0.93493
403.70000 -53.29330 0.93827
403.75000 -53.29203 0.93851
403.80000 -53.28927 0.93345
403.85000 -53.29162 0.93428
403.90000 -53.29338 0.93516
403.95000 -53.29051 0.93809
404.00000 -53.28792 0.93877
404.05000 -53.28508 0.93835
404.10000 -53.28853 0.94153
404.15000 -53.28866 0.94094
404.20000 -53.28907 0.94153
404.25000 -53.28631 0.94197
404.30000 -53.28734 0.94397
404.35000 -53.28825 0.94629
404.40000 -53.28751 0.94684
404.45000 -53.28590 0.94787
404.50000 -53.28216 0.94822
404.55000 -53.28216 0.94791
404.60000 -53.28282 0.94639
404.65000 -53.28315 0.94771
404.70000 -53.28401 0.95000
404.75000 -53.28430 0.94778
404.80000 -53.28500 0.94919
404.85000 -53.28368 0.94856
404.90000 -53.28245 0.95211
404.95000 -53.28155 0.95245
405.00000 -53.28368 0.95209
405.05000 -53.28188 0.95405
405.10000 -53.28331 0.95404
405.15000 -53.28031 0.95408
405.20000 -53.27801 0.95610
405.25000 -53.28311 0.95600
405.30000 -53.28130 0.95960
405.35000 -53.28089 0.95922
405.40000 -53.27887 0.95819
405.45000 -53.28183 0.95902
405.50000 -53.27966 0.96354
405.55000 -53.27822 0.96562
405.60000 -53.28093 0.96649
405.65000 -53.28035 0.96423
405.70000 -53.28126 0.96490
405.75000 -53.27875 0.96451
405.80000 -53.28101 0.96445
405.85000 -53.28183 0.96691
405.90000 -53.28216 0.96563
405.95000 -53.28479 0.96620
406.00000 -53.28438 0.96433
406.05000 -53.28525 0.96516
406.10000 -53.28590 0.96401
406.15000 -53.28599 0.96417
406.20000 -53.28841 0.96071
406.25000 -53.28878 0.96027
406.30000 -53.28919 0.95588
406.35000 -53.29219 0.95308
406.40000 -53.29190 0.95330
406.45000 -53.29195 0.95305
406.50000 -53.28940 0.95250
406.55000 -53.29079 0.95124
406.60000 -53.29162 0.94906
406.65000 -53.28956 0.94954
406.70000 -53.28693 0.94959
406.75000 -53.28833 0.94726
406.80000 -53.28981 0.94810
406.85000 -53.29219 0.94948
406.90000 -53.29121 0.94767
406.95000 -53.29277 0.94701
407.00000 -53.28952 0.94681
407.05000 -53.29199 0.94887
407.10000 -53.28985 0.94976
407.15000 -53.29236 0.95414
407.20000 -53.29269 0.95165
407.25000 -53.29577 0.94830
407.30000 -53.29482 0.95159
407.35000 -53.29375 0.95090
407.40000 -53.29688 0.94839
407.45000 -53.29749 0.95280
407.50000 -53.29791 0.95132
407.55000 -53.29470 0.95129
407.60000 -53.29264 0.95092
407.65000 -53.29347 0.95232
407.70000 -53.29507 0.95269
407.75000 -53.29782 0.95023
407.80000 -53.29675 0.95282
407.85000 -53.29622 0.94960
407.90000 -53.29289 0.95043
407.95000 -53.29289 0.94828
408.00000 -53.29638 0.95047
408.05000 -53.29745 0.95005
408.10000 -53.29622 0.94917
408.15000 -53.29511 0.94613
408.20000 -53.29552 0.94544
408.25000 -53.29700 0.94620
408.30000 -53.29733 0.94632
408.35000 -53.29659 0.94365
408.40000 -53.29655 0.94262
408.45000 -53.29692 0.94276
408.50000 -53.29733 0.94181
408.55000 -53.29733 0.94258
408.60000 -53.29889 0.94229
408.65000 -53.29943 0.94310
408.70000 -53.29860 0.94297
408.75000 -53.29856 0.94224
408.80000 -53.30222 0.93917
408.85000 -53.29762 0.94192
408.90000 -53.29906 0.93942
408.95000 -53.29556 0.93808
409.00000 -53.29532 0.93800
409.05000 -53.29486 0.93756
409.10000 -53.29396 0.93790
409.15000 -53.29667 0.93786
409.20000 -53.29556 0.93836
409.25000 -53.29848 0.94034
409.30000 -53.29819 0.94102
409.35000 -53.29597 0.94230
409.40000 -53.29680 0.93769
409.45000 -53.29786 0.93729
409.50000 -53.30033 0.93855
409.55000 -53.30013 0.93826
409.60000 -53.30041 0.93740
409.65000 -53.29758 0.93904
409.70000 -53.30128 0.93630
409.75000 -53.29749 0.93951
409.80000 -53.29659 0.93909
409.85000 -53.29511 0.93865
409.90000 -53.29589 0.93925
409.95000 -53.29523 0.93810
410.00000 -53.29758 0.94012
410.05000 -53.29688 0.94126
410.10000 -53.29536 0.94068
410.15000 -53.29618 0.93782
410.20000 -53.29474 0.93640
410.25000 -53.29293 0.93805
410.30000 -53.29322 0.93528
410.35000 -53.29293 0.93972
410.40000 -53.29195 0.93829
410.45000 -53.29166 0.93850
410.50000 -53.29597 0.93914
410.55000 -53.29486 0.93675
410.60000 -53.29511 0.93992
410.65000 -53.29318 0.93890
410.70000 -53.28985 0.93815
410.75000 -53.29244 0.93712
410.80000 -53.29112 0.93703
410.85000 -53.29371 0.93857
410.90000 -53.29149 0.93481
410.95000 -53.29433 0.93562
411.00000 -53.29116 0.93682
411.05000 -53.29363 0.93702
411.10000 -53.29240 0.93821
411.15000 -53.29079 0.93295
411.20000 -53.29153 0.93475
411.25000 -53.28997 0.93865
411.30000 -53.29277 0.93600
411.35000 -53.29125 0.93288
411.40000 -53.29059 0.93278
411.45000 -53.29236 0.93179
411.50000 -53.29047 0.93334
411.55000 -53.29334 0.92954
411.60000 -53.29449 0.92880
411.65000 -53.29359 0.93167
411.70000 -53.29137 0.93084
411.75000 -53.29182 0.93382
411.80000 -53.28849 0.93134
411.85000 -53.28894 0.92841
411.90000 -53.29359 0.92916
411.95000 -53.29281 0.92935
412.00000 -53.29252 0.92792
412.05000 -53.29301 0.92802
412.10000 -53.28755 0.92962
412.15000 -53.29104 0.93034
412.20000 -53.29207 0.92942
412.25000 -53.29145 0.93083
412.30000 -53.29244 0.93096
412.35000 -53.29005 0.93038
412.40000 -53.29186 0.93063
412.45000 -53.29273 0.92942
412.50000 -53.29186 0.92649
412.55000 -53.29343 0.92897
412.60000 -53.29643 0.92474
412.65000 -53.29519 0.92778
412.70000 -53.29556 0.92904
412.75000 -53.29396 0.93012
412.80000 -53.29556 0.92946
412.85000 -53.29791 0.92580
412.90000 -53.29823 0.92935
412.95000 -53.29601 0.92944
413.00000 -53.30004 0.92727
413.05000 -53.30078 0.92406
413.10000 -53.30222 0.92353
413.15000 -53.30304 0.92377
413.20000 -53.30341 0.92670
413.25000 -53.30337 0.92524
413.30000 -53.30761 0.92572
413.35000 -53.30855 0.92650
413.40000 -53.30724 0.92854
413.45000 -53.30806 0.92407
413.50000 -53.30773 0.92207
413.55000 -53.30962 0.92551
413.60000 -53.30711 0.92385
413.65000 -53.30588 0.92980
413.70000 -53.30662 0.92733
413.75000 -53.30670 0.92711
413.80000 -53.30822 0.92640
413.85000 -53.31007 0.92794
413.90000 -53.31098 0.92567
413.95000 -53.31348 0.92663
414.00000 -53.31254 0.92888
414.05000 -53.31233 0.92932
414.10000 -53.31250 0.92873
414.15000 -53.31168 0.92438
414.20000 -53.31373 0.92662
414.25000 -53.31685 0.92545
414.30000 -53.31673 0.92721
414.35000 -53.32076 0.92523
414.40000 -53.31870 0.92428
414.45000 -53.32162 0.92439
414.50000 -53.32479 0.92671
414.55000 -53.32092 0.92355
414.60000 -53.31981 0.92193
414.65000 -53.32335 0.91970
414.70000 -53.32528 0.92265
414.75000 -53.32668 0.92273
414.80000 -53.32446 0.92376
414.85000 -53.32709 0.92412
414.90000 -53.32549 0.92640
414.95000 -53.32405 0.92668
415.00000 -53.32314 0.92911
415.05000 -53.32006 0.92883
415.10000 -53.32125 0.93521
415.15000 -53.32376 0.93444
415.20000 -53.32569 0.93503
415.25000 -53.32668 0.93214
415.30000 -53.32483 0.93098
415.35000 -53.32676 0.93198
415.40000 -53.32524 0.93017
415.45000 -53.32384 0.93219
415.50000 -53.32425 0.93371
415.55000 -53.32351 0.93181
415.60000 -53.32314 0.92897
415.65000 -53.32249 0.92603
415.70000 -53.32343 0.92757
415.75000 -53.32105 0.93087
415.80000 -53.32351 0.92744
415.85000 -53.32409 0.92840
415.90000 -53.32520 0.92859
415.95000 -53.32462 0.93028
416.00000 -53.32508 0.92539
416.05000 -53.32253 0.92771
416.10000 -53.32639 0.92895
416.15000 -53.32364 0.92489
416.20000 -53.32129 0.92581
416.25000 -53.32372 0.92604
416.30000 -53.32302 0.92579
416.35000 -53.32240 0.92592
416.40000 -53.31949 0.92723
416.45000 -53.31953 0.92775
416.50000 -53.31455 0.92446
416.55000 -53.31480 0.92481
416.60000 -53.31628 0.92482
416.65000 -53.31365 0.92633
416.70000 -53.31410 0.92384
416.75000 -53.31270 0.92642
416.80000 -53.30983 0.92258
416.85000 -53.30522 0.92545
416.90000 -53.30284 0.92519
416.95000 -53.30206 0.92433
417.00000 -53.30333 0.92502
417.05000 -53.30091 0.92813
417.10000 -53.29815 0.92878
417.15000 -53.29877 0.92705
417.20000 -53.29807 0.92659
417.25000 -53.29836 0.92425
417.30000 -53.30008 0.92855
417.35000 -53.29799 0.92808
417.40000 -53.29988 0.92844
417.45000 -53.30008 0.93163
417.50000 -53.29704 0.93640
417.55000 -53.29836 0.93568
417.60000 -53.29486 0.93320
417.65000 -53.29408 0.93558
417.70000 -53.29326 0.93572
417.75000 -53.29412 0.93240
417.80000 -53.29511 0.93632
417.85000 -53.29684 0.93339
417.90000 -53.29725 0.93538
417.95000 -53.29823 0.93456
418.00000 -53.30037 0.93566
418.05000 -53.29885 0.93738
418.10000 -53.30087 0.93669
418.15000 -53.29930 0.93685
418.20000 -53.30271 0.93814
418.25000 -53.30251 0.94159
418.30000 -53.30181 0.93894
418.35000 -53.30230 0.93789
418.40000 -53.30559 0.93402
418.45000 -53.30699 0.93504
418.50000 -53.30584 0.93219
418.55000 -53.30424 0.93224
418.60000 -53.30633 0.93249
418.65000 -53.30867 0.93083
418.70000 -53.30921 0.92925
418.75000 -53.30884 0.92937
418.80000 -53.30909 0.92876
418.85000 -53.30831 0.93210
418.90000 -53.30859 0.93322
418.95000 -53.31246 0.93219
419.00000 -53.31003 0.93299
419.05000 -53.31406 0.93164
419.10000 -53.31373 0.93184
419.15000 -53.31398 0.93036
419.20000 -53.31665 0.93065
419.25000 -53.31546 0.92974
419.30000 -53.31743 0.92733
419.35000 -53.31706 0.92700
419.40000 -53.31887 0.92951
419.45000 -53.31661 0.92776
419.50000 -53.31743 0.93175
419.55000 -53.31801 0.92827
419.60000 -53.31361 0.92988
419.65000 -53.32014 0.93196
419.70000 -53.31805 0.93176
419.75000 -53.31501 0.93166
419.80000 -53.32129 0.93411
419.85000 -53.32294 0.93177
419.90000 -53.31801 0.93078
419.95000 -53.31632 0.92990
420.00000 -53.31665 0.93042
420.05000 -53.31706 0.92999
420.10000 -53.32018 0.92976
420.15000 -53.32286 0.93067
420.20000 -53.31887 0.92855
420.25000 -53.31838 0.93060
420.30000 -53.32068 0.92785
420.35000 -53.32191 0.92535
420.40000 -53.32117 0.92707
420.45000 -53.32162 0.92585
420.50000 -53.31805 0.92248
420.55000 -53.32121 0.92275
420.60000 -53.31685 0.92206
420.65000 -53.32039 0.92115
420.70000 -53.31899 0.92233
420.75000 -53.32002 0.92209
420.80000 -53.32072 0.92298
420.85000 -53.32117 0.92279
420.90000 -53.32487 0.92152
420.95000 -53.32549 0.92157
421.00000 -53.32323 0.91968
421.05000 -53.32310 0.92068
421.10000 -53.32672 0.92241
421.15000 -53.32820 0.91980
421.20000 -53.32639 0.92086
421.25000 -53.32639 0.91846
421.30000 -53.32561 0.92204
421.35000 -53.32643 0.91998
421.40000 -53.32561 0.92011
421.45000 -53.32446 0.92067
421.50000 -53.32277 0.92043
421.55000 -53.32450 0.92180
421.60000 -53.32417 0.91722
421.65000 -53.32586 0.91533
421.70000 -53.32836 0.91956
421.75000 -53.32569 0.91874
421.80000 -53.32931 0.91779
421.85000 -53.32569 0.91830
421.90000 -53.32561 0.91525
421.95000 -53.32820 0.91647
422.00000 -53.32713 0.91827
422.05000 -53.32664 0.91744
422.10000 -53.32906 0.92126
422.15000 -53.32882 0.92081
422.20000 -53.32639 0.91996
422.25000 -53.32610 0.92046
422.30000 -53.32717 0.92011
422.35000 -53.32532 0.91880
422.40000 -53.32298 0.91788
422.45000 -53.32355 0.91857
422.50000 -53.32240 0.91809
422.55000 -53.32376 0.91921
422.60000 -53.32249 0.91668
422.65000 -53.32384 0.92020
422.70000 -53.32043 0.91856
422.75000 -53.31932 0.91920
422.80000 -53.31661 0.91762
422.85000 -53.31644 0.92157
422.90000 -53.31796 0.91893
422.95000 -53.31509 0.91552
423.00000 -53.31755 0.91966
423.05000 -53.31718 0.91807
423.10000 -53.31924 0.91942
423.15000 -53.31788 0.91771
423.20000 -53.31644 0.91701
423.25000 -53.32010 0.91842
423.30000 -53.32158 0.91550
423.35000 -53.32068 0.91509
423.40000 -53.31891 0.91606
423.45000 -53.32006 0.91520
423.50000 -53.31870 0.91503
423.55000 -53.31953 0.91439
423.60000 -53.31940 0.91242
423.65000 -53.31846 0.91521
423.70000 -53.31833 0.91261
423.75000 -53.31870 0.91579
423.80000 -53.31702 0.91591
423.85000 -53.31640 0.91537
423.90000 -53.31718 0.91602
423.95000 -53.31591 0.91627
424.00000 -53.31620 0.91732
424.05000 -53.31566 0.91823
424.10000 -53.31262 0.92020
424.15000 -53.31373 0.91899
424.20000 -53.31554 0.91852
424.25000 -53.31875 0.91939
424.30000 -53.31759 0.92203
424.35000 -53.31348 0.91799
424.40000 -53.31106 0.91853
424.45000 -53.31661 0.91710
424.50000 -53.31566 0.91641
424.55000 -53.31562 0.91863
424.60000 -53.31562 0.92059
424.65000 -53.31628 0.92031
424.70000 -53.31488 0.91908
424.75000 -53.31846 0.91936
424.80000 -53.31710 0.92151
424.85000 -53.31759 0.91694
424.90000 -53.31422 0.91604
424.95000 -53.31447 0.91573
425.00000 -53.31796 0.91372
425.05000 -53.31685 0.91658
425.10000 -53.32018 0.91611
425.15000 -53.31981 0.91504
425.20000 -53.31821 0.91525
425.25000 -53.31928 0.91387
425.30000 -53.31973 0.91474
425.35000 -53.32051 0.91863
425.40000 -53.31928 0.91832
425.45000 -53.31838 0.91700
425.50000 -53.31620 0.92028
425.55000 -53.31492 0.91792
425.60000 -53.31262 0.91862
425.65000 -53.31250 0.91944
425.70000 -53.31574 0.92094
425.75000 -53.31472 0.92659
425.80000 -53.31505 0.92641
425.85000 -53.31624 0.92393
425.90000 -53.31673 0.92464
425.95000 -53.31328 0.92305
426.00000 -53.31537 0.92638
426.05000 -53.31394 0.92818
426.10000 -53.31455 0.92856
426.15000 -53.31570 0.92577
426.20000 -53.31624 0.92763
426.25000 -53.31994 0.93174
426.30000 -53.31842 0.93130
426.35000 -53.31907 0.93119
426.40000 -53.31702 0.92865
426.45000 -53.31846 0.92812
426.50000 -53.32035 0.93197
426.55000 -53.32105 0.93077
426.60000 -53.31932 0.93065
426.65000 -53.31611 0.93122
426.70000 -53.31768 0.93069
426.75000 -53.31875 0.92913
426.80000 -53.32064 0.93084
426.85000 -53.32138 0.92745
426.90000 -53.31805 0.92882
426.95000 -53.32236 0.92834
427.00000 -53.32236 0.92724
427.05000 -53.32162 0.92975
427.10000 -53.32656 0.93059
427.15000 -53.32499 0.93089
427.20000 -53.32598 0.92846
427.25000 -53.32092 0.92831
427.30000 -53.32265 0.93129
427.35000 -53.32434 0.93040
427.40000 -53.32429 0.92826
427.45000 -53.32294 0.92906
427.50000 -53.32228 0.93244
427.55000 -53.32265 0.93262
427.60000 -53.32483 0.93365
427.65000 -53.32331 0.93587
427.70000 -53.32318 0.93455
427.75000 -53.32779 0.93677
427.80000 -53.32487 0.93464
427.85000 -53.32623 0.93288
427.90000 -53.32701 0.93879
427.95000 -53.32483 0.93752
428.00000 -53.32434 0.93536
428.05000 -53.32503 0.93664
428.10000 -53.32598 0.93928
428.15000 -53.32323 0.93562
428.20000 -53.32471 0.94019
428.25000 -53.32397 0.94013
428.30000 -53.32318 0.93821
428.35000 -53.32249 0.93885
428.40000 -53.32138 0.93967
428.45000 -53.32327 0.93937
428.50000 -53.32002 0.93871
428.55000 -53.32043 0.94081
428.60000 -53.32212 0.94082
428.65000 -53.32446 0.94081
428.70000 -53.31866 0.93975
428.75000 -53.32006 0.93862
428.80000 -53.31957 0.93962
428.85000 -53.32014 0.93997
428.90000 -53.31792 0.93897
428.95000 -53.32010 0.93793
429.00000 -53.32006 0.94014
429.05000 -53.31990 0.94036
429.10000 -53.31953 0.94226
429.15000 -53.31936 0.94374
429.20000 -53.31875 0.93973
429.25000 -53.31990 0.93908
429.30000 -53.32179 0.93797
429.35000 -53.32109 0.93575
429.40000 -53.31875 0.93698
429.45000 -53.31813 0.93706
429.50000 -53.31949 0.93527
429.55000 -53.31731 0.93524
429.60000 -53.31817 0.93117
429.65000 -53.32228 0.93039
429.70000 -53.32138 0.93021
429.75000 -53.32528 0.93274
429.80000 -53.32072 0.93055
429.85000 -53.32138 0.93176
429.90000 -53.32199 0.93143
429.95000 -53.32228 0.93007
430.00000 -53.32269 0.92793
430.05000 -53.32536 0.92659
430.10000 -53.32520 0.92494
430.15000 -53.32121 0.92238
430.20000 -53.32302 0.92462
430.25000 -53.32240 0.92466
430.30000 -53.32331 0.92613
430.35000 -53.32212 0.92496
430.40000 -53.32060 0.92308
430.45000 -53.32191 0.92438
430.50000 -53.32154 0.91834
430.55000 -53.31825 0.91804
430.60000 -53.31554 0.91578
430.65000 -53.31838 0.91801
430.70000 -53.31690 0.91955
430.75000 -53.31722 0.91914
430.80000 -53.31928 0.92240
430.85000 -53.31599 0.92097
430.90000 -53.31739 0.91792
430.95000 -53.32080 0.91998
431.00000 -53.32199 0.91798
431.05000 -53.32318 0.92205
431.10000 -53.32232 0.92012
431.15000 -53.31883 0.91659
431.20000 -53.32039 0.91758
431.25000 -53.31739 0.91989
431.30000 -53.31866 0.91809
431.35000 -53.32380 0.91907
431.40000 -53.32187 0.91473
431.45000 -53.32240 0.91600
431.50000 -53.32318 0.91461
431.55000 -53.31907 0.91198
431.60000 -53.32162 0.91126
431.65000 -53.32187 0.91436
431.70000 -53.31788 0.91151
431.75000 -53.31953 0.91463
431.80000 -53.32080 0.91526
431.85000 -53.31624 0.91352
431.90000 -53.31537 0.91248
431.95000 -53.31735 0.91189
432.00000 -53.31550 0.91406
432.05000 -53.31558 0.91391
432.10000 -53.31299 0.91237
432.15000 -53.31459 0.91313
432.20000 -53.31447 0.91462
432.25000 -53.31435 0.91078
432.30000 -53.31283 0.91365
432.35000 -53.31159 0.91253
432.40000 -53.31344 0.91194
432.45000 -53.31348 0.91326
432.50000 -53.31353 0.91610
432.55000 -53.31533 0.91781
432.60000 -53.30855 0.91650
432.65000 -53.30991 0.91865
432.70000 -53.30666 0.91760
432.75000 -53.30831 0.92052
432.80000 -53.30867 0.92116
432.85000 -53.30633 0.91897
432.90000 -53.30904 0.92211
432.95000 -53.30835 0.91910
433.00000 -53.30539 0.91775
433.05000 -53.30773 0.92029
433.10000 -53.30806 0.92085
433.15000 -53.30781 0.91887
433.20000 -53.30950 0.92258
433.25000 -53.30674 0.91992
433.30000 -53.30946 0.91832
433.35000 -53.30847 0.91748
433.40000 -53.30596 0.91866
433.45000 -53.30567 0.91929
433.50000 -53.30888 0.92374
433.55000 -53.30267 0.91728
433.60000 -53.30424 0.91401
433.65000 -53.30567 0.91771
433.70000 -53.30559 0.91742
433.75000 -53.30740 0.91824
433.80000 -53.30563 0.92129
433.85000 -53.30493 0.92208
433.90000 -53.30641 0.92100
433.95000 -53.30674 0.92475
434.00000 -53.30683 0.92580
434.05000 -53.30962 0.92203
434.10000 -53.31200 0.92433
434.15000 -53.30691 0.92322
434.20000 -53.30654 0.92409
434.25000 -53.30485 0.92454
434.30000 -53.30526 0.92619
434.35000 -53.30535 0.92434
434.40000 -53.30646 0.92180
434.45000 -53.30650 0.92929
434.50000 -53.30798 0.93103
434.55000 -53.30247 0.92766
434.60000 -53.30436 0.92779
434.65000 -53.30202 0.92734
434.70000 -53.30202 0.92715
434.75000 -53.30234 0.92926
434.80000 -53.30354 0.92981
434.85000 -53.30551 0.92832
434.90000 -53.30276 0.92897
434.95000 -53.30152 0.93039
435.00000 -53.30247 0.93026
435.05000 -53.30214 0.93107
435.10000 -53.30452 0.92831
435.15000 -53.30584 0.92902
435.20000 -53.30304 0.92775
435.25000 -53.30370 0.92812
435.30000 -53.30646 0.92640
435.35000 -53.30822 0.92999
435.40000 -53.30798 0.92785
435.45000 -53.30720 0.92830
435.50000 -53.30563 0.92861
435.55000 -53.30933 0.92861
435.60000 -53.31213 0.92949
435.65000 -53.30872 0.92710
435.70000 -53.30921 0.92567
435.75000 -53.30900 0.93064
435.80000 -53.31098 0.92935
435.85000 -53.31040 0.92753
435.90000 -53.31205 0.92663
435.95000 -53.31537 0.92785
436.00000 -53.31357 0.92641
436.05000 -53.31583 0.92859
436.10000 -53.31566 0.92616
436.15000 -53.31805 0.92701
436.20000 -53.31809 0.92581
436.25000 -53.32039 0.92608
436.30000 -53.32010 0.92898
436.35000 -53.32109 0.92706
436.40000 -53.31957 0.92381
436.45000 -53.32216 0.92455
436.50000 -53.32035 0.92416
436.55000 -53.31879 0.92294
436.60000 -53.31718 0.92473
436.65000 -53.31772 0.92526
436.70000 -53.31603 0.91990
436.75000 -53.31661 0.92202
436.80000 -53.31546 0.92235
436.85000 -53.31854 0.92372
436.90000 -53.32039 0.91818
436.95000 -53.32006 0.92129
437.00000 -53.32060 0.91963
437.05000 -53.32101 0.92174
437.10000 -53.32224 0.92207
437.15000 -53.32150 0.91965
437.20000 -53.32043 0.92138
437.25000 -53.31846 0.91992
437.30000 -53.32179 0.92454
437.35000 -53.31944 0.92542
437.40000 -53.31907 0.92319
437.45000 -53.32072 0.92462
437.50000 -53.32199 0.92821
437.55000 -53.31780 0.92648
437.60000 -53.32055 0.92492
437.65000 -53.32158 0.92261
437.70000 -53.32142 0.92386
437.75000 -53.32051 0.92722
437.80000 -53.32220 0.92510
437.85000 -53.32409 0.92429
437.90000 -53.32290 0.92415
437.95000 -53.32064 0.92435
438.00000 -53.32031 0.92117
438.05000 -53.32318 0.92407
438.10000 -53.32273 0.92346
438.15000 -53.32347 0.92235
438.20000 -53.32257 0.92605
438.25000 -53.32701 0.92473
438.30000 -53.32171 0.92482
438.35000 -53.32084 0.92149
438.40000 -53.31920 0.92452
438.45000 -53.31829 0.92651
438.50000 -53.31953 0.92579
438.55000 -53.32010 0.92369
438.60000 -53.31981 0.92519
438.65000 -53.32023 0.92301
438.70000 -53.31998 0.92594
438.75000 -53.31866 0.92636
438.80000 -53.31735 0.92482
438.85000 -53.31780 0.92331
438.90000 -53.31685 0.92209
438.95000 -53.31776 0.92191
439.00000 -53.31977 0.92791
439.05000 -53.32031 0.92518
439.10000 -53.31537 0.92545
439.15000 -53.31599 0.92263
439.20000 -53.31554 0.92301
439.25000 -53.31755 0.92268
439.30000 -53.31685 0.92100
439.35000 -53.31377 0.92384
439.40000 -53.31607 0.92782
439.45000 -53.31640 0.93003
439.50000 -53.31521 0.92824
439.55000 -53.31357 0.92952
439.60000 -53.30855 0.93098
439.65000 -53.30913 0.93015
439.70000 -53.31188 0.93161
439.75000 -53.31274 0.93312
439.80000 -53.31188 0.92874
439.85000 -53.31205 0.93147
439.90000 -53.31295 0.93081
439.95000 -53.31357 0.93332
440.00000 -53.31048 0.93042
440.05000 -53.31274 0.93298
440.10000 -53.31344 0.93299
440.15000 -53.31451 0.93009
440.20000 -53.32179 0.93021
440.25000 -53.31932 0.93008
440.30000 -53.31932 0.92801
440.35000 -53.31883 0.92946
440.40000 -53.32006 0.93102
440.45000 -53.31751 0.92967
440.50000 -53.31866 0.92789
440.55000 -53.31916 0.92642
440.60000 -53.31866 0.92745
440.65000 -53.31961 0.92773
440.70000 -53.31595 0.92689
440.75000 -53.31677 0.92508
440.80000 -53.31336 0.92180
440.85000 -53.31484 0.92071
440.90000 -53.31644 0.92158
440.95000 -53.31394 0.92519
441.00000 -53.31439 0.92760
441.05000 -53.30794 0.92823
441.10000 -53.31270 0.92848
441.15000 -53.31192 0.92746
441.20000 -53.31196 0.92925
441.25000 -53.31398 0.92594
441.30000 -53.31595 0.92745
441.35000 -53.31377 0.92794
441.40000 -53.31533 0.92653
441.45000 -53.31447 0.92777
441.50000 -53.31217 0.92382
441.55000 -53.31196 0.92850
441.60000 -53.31254 0.92867
441.65000 -53.31217 0.92821
441.70000 -53.31151 0.92640
441.75000 -53.31299 0.92924
441.80000 -53.31192 0.92570
441.85000 -53.31492 0.92585
441.90000 -53.31648 0.92607
441.95000 -53.31344 0.92584
442.00000 -53.31295 0.92693
442.05000 -53.31246 0.92870
442.10000 -53.31459 0.93089
442.15000 -53.31098 0.93141
442.20000 -53.31118 0.93270
442.25000 -53.31410 0.93301
442.30000 -53.31583 0.93230
442.35000 -53.31562 0.93256
442.40000 -53.31431 0.93412
442.45000 -53.31513 0.93635
442.50000 -53.31348 0.93675
442.55000 -53.31348 0.93491
442.60000 -53.31328 0.93894
442.65000 -53.31266 0.93947
442.70000 -53.31266 0.93899
442.75000 -53.31340 0.94196
442.80000 -53.31546 0.94250
442.85000 -53.31472 0.94155
442.90000 -53.31348 0.94037
442.95000 -53.31583 0.94232
443.00000 -53.31291 0.94067
443.05000 -53.31439 0.94080
443.10000 -53.31431 0.94327
443.15000 -53.31595 0.93970
443.20000 -53.31702 0.94065
443.25000 -53.31706 0.93759
443.30000 -53.31546 0.93787
443.35000 -53.32088 0.93830
443.40000 -53.31838 0.93571
443.45000 -53.31796 0.93732
443.50000 -53.31468 0.93587
443.55000 -53.32035 0.93595
443.60000 -53.32380 0.93402
443.65000 -53.32146 0.93422
443.70000 -53.32339 0.93564
443.75000 -53.32351 0.93500
443.80000 -53.32693 0.92945
443.85000 -53.32573 0.92964
443.90000 -53.32824 0.93167
443.95000 -53.32639 0.93012
444.00000 -53.32651 0.93155
444.05000 -53.32820 0.93226
444.10000 -53.33001 0.92815
444.15000 -53.32947 0.92859
444.20000 -53.33223 0.92868
444.25000 -53.32976 0.92813
444.30000 -53.33223 0.92942
444.35000 -53.33478 0.92550
444.40000 -53.32993 0.92869
444.45000 -53.33030 0.92701
444.50000 -53.32754 0.92964
444.55000 -53.32705 0.93230
444.60000 -53.32828 0.93012
444.65000 -53.33021 0.93095
444.70000 -53.32779 0.93085
444.75000 -53.32841 0.93048
444.80000 -53.32886 0.92952
444.85000 -53.33141 0.92930
444.90000 -53.33157 0.93237
444.95000 -53.33095 0.93000
445.00000 -53.33034 0.92717
445.05000 -53.33124 0.92879
445.10000 -53.33075 0.92936
445.15000 -53.33210 0.92853
445.20000 -53.32701 0.92950
445.25000 -53.32487 0.92858
445.30000 -53.32487 0.92855
445.35000 -53.32890 0.93144
445.40000 -53.32976 0.92770
445.45000 -53.33272 0.92649
445.50000 -53.32910 0.92626
445.55000 -53.33108 0.92368
445.60000 -53.33321 0.92615
445.65000 -53.33128 0.92787
445.70000 -53.32795 0.92421
445.75000 -53.32738 0.92264
445.80000 -53.32927 0.92144
445.85000 -53.32832 0.91961
445.90000 -53.32475 0.92148
445.95000 -53.32499 0.92151
446.00000 -53.32503 0.92169
446.05000 -53.32483 0.92193
446.10000 -53.32573 0.92481
446.15000 -53.32327 0.92196
446.20000 -53.32014 0.92303
446.25000 -53.32076 0.92267
446.30000 -53.31998 0.92509
446.35000 -53.32142 0.92598
446.40000 -53.32487 0.92728
446.45000 -53.31994 0.92688
446.50000 -53.31977 0.92578
446.55000 -53.32018 0.92220
446.60000 -53.32092 0.92472
446.65000 -53.31940 0.92514
446.70000 -53.31940 0.92433
446.75000 -53.31632 0.93020
446.80000 -53.31722 0.92897
446.85000 -53.31792 0.93162
446.90000 -53.32006 0.93325
446.95000 -53.32039 0.93103
447.00000 -53.31920 0.93055
447.05000 -53.32146 0.92945
447.10000 -53.32220 0.93090
447.15000 -53.32097 0.93341
447.20000 -53.32376 0.93008
447.25000 -53.32442 0.93217
447.30000 -53.32392 0.93165
447.35000 -53.32397 0.93133
447.40000 -53.32442 0.92950
447.45000 -53.32351 0.93522
447.50000 -53.32154 0.93609
447.55000 -53.32392 0.93520
447.60000 -53.32187 0.93733
447.65000 -53.32277 0.93632
447.70000 -53.32466 0.93592
447.75000 -53.32360 0.93698
447.80000 -53.32290 0.94080
447.85000 -53.32142 0.93877
447.90000 -53.32220 0.93787
447.95000 -53.32203 0.94127
448.00000 -53.32220 0.93872
448.05000 -53.32614 0.93660
448.10000 -53.32409 0.93878
448.15000 -53.32528 0.93544
448.20000 -53.32323 0.93806
448.25000 -53.32458 0.93920
448.30000 -53.32491 0.93796
448.35000 -53.32384 0.93350
448.40000 -53.32565 0.93235
448.45000 -53.32557 0.93319
448.50000 -53.32298 0.93374
448.55000 -53.32043 0.93154
448.60000 -53.31936 0.93028
448.65000 -53.32273 0.93016
448.70000 -53.32368 0.93005
448.75000 -53.32072 0.92870
448.80000 -53.32261 0.92907
448.85000 -53.32216 0.93012
448.90000 -53.32232 0.93083
448.95000 -53.32372 0.92944
449.00000 -53.31961 0.93102
449.05000 -53.32072 0.93121
449.10000 -53.31850 0.93078
449.15000 -53.32158 0.92807
449.20000 -53.32121 0.92842
449.25000 -53.32121 0.92719
449.30000 -53.32064 0.92876
449.35000 -53.31821 0.93035
449.40000 -53.31751 0.92859
449.45000 -53.31932 0.92937
449.50000 -53.31940 0.92864
449.55000 -53.31694 0.92665
449.60000 -53.31739 0.92610
449.65000 -53.31829 0.92655
449.70000 -53.31755 0.92807
449.75000 -53.32002 0.93138
449.80000 -53.31895 0.92845
449.85000 -53.31537 0.92818
449.90000 -53.31418 0.93054
449.95000 -53.31484 0.92946
450.00000 -53.31200 0.92922
450.05000 -53.31299 0.92910
450.10000 -53.31122 0.92587
450.15000 -53.31024 0.92790
450.20000 -53.30941 0.92893
450.25000 -53.31011 0.92595
450.30000 -53.31081 0.92468
450.35000 -53.31126 0.92356
450.40000 -53.31057 0.92162
450.45000 -53.30748 0.92390
450.50000 -53.30477 0.92244
450.55000 -53.30456 0.92448
450.60000 -53.30530 0.92236
450.65000 -53.30629 0.92525
450.70000 -53.30370 0.91910
450.75000 -53.30506 0.92307
450.80000 -53.30551 0.92449
450.85000 -53.30432 0.92305
450.90000 -53.30382 0.92180
450.95000 -53.29996 0.92346
451.00000 -53.30037 0.92233
451.05000 -53.30140 0.92309
451.10000 -53.29873 0.92248
451.15000 -53.30370 0.92387
451.20000 -53.30276 0.92519
451.25000 -53.30366 0.92568
451.30000 -53.30407 0.92215
451.35000 -53.30399 0.92169
451.40000 -53.30206 0.92170
451.45000 -53.30243 0.92237
451.50000 -53.30004 0.92232
451.55000 -53.30325 0.92160
451.60000 -53.30008 0.92426
451.65000 -53.30592 0.92159
451.70000 -53.30329 0.92254
451.75000 -53.30539 0.92189
451.80000 -53.30646 0.91961
451.85000 -53.30617 0.91943
451.90000 -53.30415 0.91878
451.95000 -53.30629 0.92003
452.00000 -53.30658 0.92109
452.05000 -53.30629 0.92349
452.10000 -53.30789 0.92070
452.15000 -53.30477 0.91731
452.20000 -53.30378 0.91907
452.25000 -53.30843 0.91741
452.30000 -53.30888 0.91686
452.35000 -53.31143 0.91524
452.40000 -53.31163 0.91784
452.45000 -53.30933 0.91815
452.50000 -53.31069 0.91676
452.55000 -53.31266 0.91707
452.60000 -53.31061 0.91893
452.65000 -53.31147 0.92385
452.70000 -53.31443 0.92193
452.75000 -53.31369 0.92487
452.80000 -53.31669 0.92637
452.85000 -53.31714 0.92684
452.90000 -53.31632 0.92729
452.95000 -53.31829 0.92626
453.00000 -53.32228 0.93028
453.05000 -53.32113 0.93214
453.10000 -53.32072 0.93102
453.15000 -53.32446 0.93170
453.20000 -53.32454 0.93372
453.25000 -53.32372 0.93369
453.30000 -53.32244 0.93472
453.35000 -53.32339 0.93905
453.40000 -53.32113 0.94154
453.45000 -53.32553 0.93622
453.50000 -53.32771 0.93972
453.55000 -53.32816 0.93726
453.60000 -53.32779 0.93587
453.65000 -53.32639 0.93246
453.70000 -53.32697 0.93384
453.75000 -53.32487 0.93529
453.80000 -53.32791 0.93111
453.85000 -53.32594 0.93136
453.90000 -53.32795 0.92991
453.95000 -53.32434 0.93231
454.00000 -53.32713 0.93058
454.05000 -53.32664 0.93072
454.10000 -53.33025 0.92888
454.15000 -53.33030 0.92821
454.20000 -53.32627 0.92675
454.25000 -53.32758 0.92605
454.30000 -53.32791 0.92887
454.35000 -53.32758 0.92932
454.40000 -53.32610 0.92942
454.45000 -53.32545 0.92824
454.50000 -53.32627 0.92810
454.55000 -53.32602 0.92355
454.60000 -53.32664 0.92646
454.65000 -53.32935 0.92935
454.70000 -53.32647 0.92921
454.75000 -53.32787 0.92987
454.80000 -53.33038 0.92920
454.85000 -53.32976 0.93066
454.90000 -53.33050 0.92760
454.95000 -53.33021 0.92630
455.00000 -53.33157 0.92909
455.05000 -53.32754 0.92946
455.10000 -53.32721 0.92705
455.15000 -53.32861 0.92637
455.20000 -53.32787 0.92824
455.25000 -53.32791 0.92691
455.30000 -53.32795 0.92672
455.35000 -53.32849 0.92790
455.40000 -53.32976 0.92665
455.45000 -53.33071 0.92654
455.50000 -53.33515 0.92775
455.55000 -53.33264 0.92450
455.60000 -53.33350 0.92789
455.65000 -53.33605 0.92869
455.70000 -53.33630 0.92857
455.75000 -53.33848 0.93037
455.80000 -53.33646 0.93088
455.85000 -53.33605 0.92882
455.90000 -53.33597 0.93321
455.95000 -53.33757 0.93352
456.00000 -53.33650 0.93216
456.05000 -53.33930 0.93077
456.10000 -53.34016 0.93272
456.15000 -53.33959 0.93174
456.20000 -53.33926 0.93184
456.25000 -53.33782 0.93065
456.30000 -53.34016 0.92968
456.35000 -53.33811 0.92624
456.40000 -53.33971 0.92397
456.45000 -53.33852 0.92553
456.50000 -53.34168 0.92852
456.55000 -53.34144 0.92774
456.60000 -53.34164 0.92684
456.65000 -53.34242 0.92722
456.70000 -53.33942 0.92701
456.75000 -53.33926 0.92776
456.80000 -53.33959 0.92853
456.85000 -53.33687 0.92967
456.90000 -53.33511 0.93017
456.95000 -53.33667 0.93303
457.00000 -53.33971 0.93241
457.05000 -53.33839 0.93059
457.10000 -53.33420 0.92991
457.15000 -53.33667 0.93044
457.20000 -53.33568 0.92560
457.25000 -53.33864 0.92542
457.30000 -53.34004 0.92417
457.35000 -53.33671 0.92530
457.40000 -53.33486 0.92465
457.45000 -53.33646 0.92364
457.50000 -53.33922 0.92400
457.55000 -53.33626 0.92088
457.60000 -53.33432 0.92158
457.65000 -53.33387 0.92115
457.70000 -53.33395 0.92293
457.75000 -53.33371 0.91975
457.80000 -53.33482 0.91810
457.85000 -53.33153 0.92171
457.90000 -53.33552 0.91890
457.95000 -53.33663 0.92089
458.00000 -53.33256 0.92398
458.05000 -53.33284 0.92234
458.10000 -53.33252 0.92051
458.15000 -53.33025 0.92484
458.20000 -53.33005 0.92238
458.25000 -53.33050 0.92296
458.30000 -53.32828 0.92101
458.35000 -53.32767 0.91987
458.40000 -53.32672 0.92217
458.45000 -53.32540 0.92359
458.50000 -53.32413 0.92569
458.55000 -53.32816 0.92520
458.60000 -53.32877 0.92809
458.65000 -53.32828 0.92696
458.70000 -53.32882 0.92547
458.75000 -53.32557 0.92790
458.80000 -53.32964 0.92809
458.85000 -53.32923 0.92705
458.90000 -53.32754 0.92640
458.95000 -53.32668 0.92352
459.00000 -53.32927 0.92211
459.05000 -53.32709 0.92276
459.10000 -53.32627 0.92161
459.15000 -53.32705 0.92076
459.20000 -53.32503 0.92363
459.25000 -53.32709 0.92233
459.30000 -53.32746 0.92486
459.35000 -53.32647 0.92508
459.40000 -53.32294 0.92422
459.45000 -53.32520 0.92492
459.50000 -53.32512 0.92489
459.55000 -53.32590 0.92407
459.60000 -53.32771 0.92341
459.65000 -53.32898 0.92336
459.70000 -53.32487 0.92176
459.75000 -53.32869 0.92434
459.80000 -53.32499 0.92422
459.85000 -53.32471 0.92560
459.90000 -53.32401 0.92577
459.95000 -53.32224 0.92901
460.00000 -53.32364 0.93039
460.05000 -53.32795 0.93053
460.10000 -53.32475 0.93192
460.15000 -53.32466 0.93294
460.20000 -53.32594 0.93325
460.25000 -53.32466 0.92897
460.30000 -53.32725 0.93394
460.35000 -53.32606 0.93573
460.40000 -53.32281 0.93616
460.45000 -53.32203 0.93554
460.50000 -53.32244 0.93743
460.55000 -53.32175 0.93598
460.60000 -53.32335 0.93616
460.65000 -53.32043 0.93444
460.70000 -53.32244 0.93318
460.75000 -53.32101 0.93169
460.80000 -53.32199 0.93106
460.85000 -53.31821 0.93101
460.90000 -53.31916 0.92954
460.95000 -53.31829 0.92878
461.00000 -53.31628 0.92869
461.05000 -53.31611 0.93220
461.10000 -53.31747 0.93109
461.15000 -53.31862 0.92977
461.20000 -53.31636 0.93179
461.25000 -53.31398 0.92884
461.30000 -53.31357 0.92935
461.35000 -53.31464 0.92914
461.40000 -53.31632 0.93096
461.45000 -53.31685 0.93001
461.50000 -53.31496 0.92937
461.55000 -53.31554 0.92960
461.60000 -53.31353 0.93099
461.65000 -53.31324 0.92989
461.70000 -53.31459 0.92801
461.75000 -53.31546 0.92940
461.80000 -53.31176 0.92563
461.85000 -53.31517 0.92527
461.90000 -53.31427 0.92757
461.95000 -53.31464 0.92682
462.00000 -53.31324 0.92707
462.05000 -53.31385 0.92731
462.10000 -53.31501 0.92797
462.15000 -53.31525 0.92818
462.20000 -53.31307 0.92786
462.25000 -53.31262 0.92626
462.30000 -53.31361 0.92821
462.35000 -53.31665 0.92907
462.40000 -53.31899 0.92824
462.45000 -53.31817 0.92879
462.50000 -53.31369 0.92783
462.55000 -53.31274 0.92766
462.60000 -53.31061 0.92612
462.65000 -53.31385 0.92857
462.70000 -53.30839 0.92867
462.75000 -53.31184 0.92616
462.80000 -53.30970 0.92532
462.85000 -53.30904 0.92669
462.90000 -53.30773 0.92471
462.95000 -53.30670 0.92493
463.00000 -53.30366 0.92242
463.05000 -53.30415 0.91959
463.10000 -53.30456 0.92056
463.15000 -53.30526 0.92437
463.20000 -53.30658 0.92237
463.25000 -53.30481 0.92903
463.30000 -53.30806 0.92623
463.35000 -53.30670 0.92416
463.40000 -53.30600 0.92384
463.45000 -53.30855 0.92614
463.50000 -53.30744 0.92617
463.55000 -53.30744 0.92750
463.60000 -53.30728 0.92846
463.65000 -53.30917 0.92707
463.70000 -53.30818 0.92934
463.75000 -53.30810 0.93161
463.80000 -53.30917 0.92867
463.85000 -53.30498 0.92836
463.90000 -53.30440 0.93086
463.95000 -53.30419 0.93382
464.00000 -53.30563 0.93006
464.05000 -53.31007 0.92773
464.10000 -53.31048 0.92870
464.15000 -53.31036 0.92730
464.20000 -53.31443 0.92821
464.25000 -53.30933 0.92952
464.30000 -53.31077 0.93042
464.35000 -53.31061 0.93155
464.40000 -53.30909 0.93134
464.45000 -53.30991 0.93157
464.50000 -53.31077 0.93088
464.55000 -53.31200 0.93161
464.60000 -53.30970 0.93012
464.65000 -53.30974 0.92873
464.70000 -53.30777 0.93008
464.75000 -53.30925 0.93227
464.80000 -53.30946 0.93067
464.85000 -53.30621 0.93064
464.90000 -53.30543 0.92948
464.95000 -53.30572 0.93015
465.00000 -53.30580 0.93391
465.05000 -53.30621 0.93342
465.10000 -53.30572 0.93500
465.15000 -53.30415 0.93092
465.20000 -53.30810 0.92934
465.25000 -53.30728 0.93045
465.30000 -53.30769 0.92664
465.35000 -53.30650 0.93031
465.40000 -53.30600 0.92840
465.45000 -53.30863 0.92846
465.50000 -53.30613 0.92762
465.55000 -53.30888 0.92574
465.60000 -53.30950 0.92664
465.65000 -53.31163 0.92899
465.70000 -53.30917 0.92731
465.75000 -53.31085 0.92640
465.80000 -53.31040 0.92933
465.85000 -53.30966 0.92669
465.90000 -53.30888 0.92867
465.95000 -53.31024 0.92920
466.00000 -53.31044 0.92585
466.05000 -53.31402 0.92717
466.10000 -53.31550 0.92491
466.15000 -53.31595 0.92351
466.20000 -53.31537 0.92732
466.25000 -53.31669 0.92525
466.30000 -53.31188 0.92483
466.35000 -53.31488 0.92759
466.40000 -53.31665 0.92478
466.45000 -53.31644 0.92474
466.50000 -53.32068 0.92737
466.55000 -53.31973 0.92680
466.60000 -53.32023 0.92159
466.65000 -53.32142 0.91983
466.70000 -53.32097 0.92432
466.75000 -53.32109 0.92456
466.80000 -53.32244 0.92565
466.85000 -53.32553 0.92698
466.90000 -53.32532 0.92511
466.95000 -53.32310 0.92611
467.00000 -53.32503 0.92779
467.05000 -53.32257 0.92833
467.10000 -53.32310 0.92743
467.15000 -53.32109 0.93054
467.20000 -53.32372 0.93370
467.25000 -53.32055 0.93015
467.30000 -53.32113 0.93342
467.35000 -53.31932 0.93411
467.40000 -53.31846 0.93363
467.45000 -53.31805 0.93227
467.50000 -53.31903 0.93556
467.55000 -53.32113 0.93471
467.60000 -53.31838 0.93346
467.65000 -53.31690 0.93583
467.70000 -53.31739 0.93620
467.75000 -53.32273 0.93515
467.80000 -53.32573 0.93673
467.85000 -53.32310 0.93644
467.90000 -53.32421 0.93367
467.95000 -53.32129 0.93322
468.00000 -53.32331 0.93359
468.05000 -53.32553 0.93324
468.10000 -53.32302 0.93331
468.15000 -53.32434 0.93292
468.20000 -53.31887 0.93513
468.25000 -53.32191 0.93196
468.30000 -53.32125 0.93511
468.35000 -53.32129 0.93490
468.40000 -53.31838 0.93254
468.45000 -53.32232 0.93387
468.50000 -53.32323 0.93636
468.55000 -53.32540 0.93571
468.60000 -53.32413 0.93570
468.65000 -53.32499 0.93159
468.70000 -53.32310 0.93223
468.75000 -53.32586 0.93473
468.80000 -53.32528 0.93594
468.85000 -53.32573 0.93392
468.90000 -53.32302 0.93278
468.95000 -53.32565 0.93365
469.00000 -53.32442 0.93375
469.05000 -53.32668 0.93548
469.10000 -53.32688 0.93376
469.15000 -53.32429 0.93227
469.20000 -53.32376 0.93106
469.25000 -53.32376 0.93238
469.30000 -53.32409 0.93593
469.35000 -53.32479 0.93584
469.40000 -53.32323 0.93586
469.45000 -53.32475 0.93925
469.50000 -53.32220 0.93688
469.55000 -53.32368 0.94133
469.60000 -53.32142 0.93961
469.65000 -53.31944 0.93863
469.70000 -53.31870 0.93801
469.75000 -53.31722 0.93673
469.80000 -53.31353 0.93519
469.85000 -53.31533 0.93350
469.90000 -53.31431 0.93528
469.95000 -53.31320 0.93656
470.00000 -53.31085 0.93612
470.05000 -53.31303 0.93553
470.10000 -53.31398 0.93542
470.15000 -53.31106 0.93386
470.20000 -53.31283 0.93266
470.25000 -53.31340 0.93298
470.30000 -53.31459 0.93580
470.35000 -53.31484 0.93571
470.40000 -53.31398 0.93338
470.45000 -53.31714 0.93485
470.50000 -53.31529 0.93611
470.55000 -53.31332 0.93468
470.60000 -53.31710 0.93496
470.65000 -53.31883 0.93632
470.70000 -53.31611 0.93964
470.75000 -53.31472 0.93722
470.80000 -53.31542 0.94001
470.85000 -53.31731 0.93681
470.90000 -53.31858 0.93730
470.95000 -53.31903 0.93503
471.00000 -53.31862 0.93777
471.05000 -53.31813 0.93956
471.10000 -53.31764 0.93989
471.15000 -53.31854 0.93827
471.20000 -53.31706 0.93557
471.25000 -53.32240 0.93793
471.30000 -53.32125 0.93369
471.35000 -53.31953 0.93363
471.40000 -53.31949 0.93230
471.45000 -53.31920 0.93121
471.50000 -53.32055 0.92914
471.55000 -53.31903 0.93350
471.60000 -53.31895 0.93232
471.65000 -53.31690 0.92836
471.70000 -53.31870 0.92853
471.75000 -53.31718 0.92844
471.80000 -53.31533 0.93171
471.85000 -53.31710 0.93111
471.90000 -53.31690 0.93108
471.95000 -53.31468 0.92961
472.00000 -53.31073 0.92937
472.05000 -53.30740 0.92761
472.10000 -53.31295 0.92283
472.15000 -53.31599 0.92342
472.20000 -53.31505 0.92345
472.25000 -53.31237 0.92430
472.30000 -53.31081 0.92400
472.35000 -53.31464 0.92407
472.40000 -53.31122 0.92668
472.45000 -53.31131 0.92681
472.50000 -53.31258 0.92603
472.55000 -53.31562 0.93041
472.60000 -53.31459 0.92480
472.65000 -53.31570 0.92419
472.70000 -53.31751 0.92322
472.75000 -53.31488 0.92591
472.80000 -53.31390 0.92796
472.85000 -53.31464 0.92788
472.90000 -53.31279 0.92794
472.95000 -53.31188 0.92758
473.00000 -53.31357 0.92631
473.05000 -53.31303 0.92112
473.10000 -53.31616 0.91881
473.15000 -53.31661 0.92237
473.20000 -53.31661 0.92036
473.25000 -53.31357 0.92601
473.30000 -53.31353 0.92414
473.35000 -53.31233 0.92423
473.40000 -53.31200 0.92094
473.45000 -53.30958 0.92280
473.50000 -53.31114 0.92272
473.55000 -53.30896 0.92138
473.60000 -53.30773 0.91749
473.65000 -53.30757 0.92174
473.70000 -53.30904 0.92036
473.75000 -53.30822 0.91920
473.80000 -53.30711 0.91946
473.85000 -53.30826 0.92254
473.90000 -53.30863 0.91896
473.95000 -53.30876 0.92125
474.00000 -53.30699 0.92252
474.05000 -53.31036 0.92247
474.10000 -53.30876 0.92130
474.15000 -53.30991 0.92207
474.20000 -53.31085 0.92155
474.25000 -53.31311 0.92155
474.30000 -53.31085 0.92388
474.35000 -53.31172 0.92232
474.40000 -53.31562 0.92415
474.45000 -53.31480 0.92184
474.50000 -53.31780 0.91977
474.55000 -53.31739 0.92017
474.60000 -53.32121 0.92253
474.65000 -53.32047 0.92143
474.70000 -53.32207 0.92162
474.75000 -53.32343 0.92335
474.80000 -53.32512 0.92150
474.85000 -53.32409 0.92045
474.90000 -53.32471 0.91741
474.95000 -53.32524 0.91771
475.00000 -53.32886 0.91728
475.05000 -53.32610 0.91963
475.10000 -53.32873 0.91809
475.15000 -53.32758 0.91785
475.20000 -53.32672 0.91645
475.25000 -53.32639 0.91380
475.30000 -53.32676 0.91426
475.35000 -53.32631 0.91396
475.40000 -53.32808 0.91461
475.45000 -53.33042 0.91722
475.50000 -53.32906 0.91638
475.55000 -53.32914 0.91462
475.60000 -53.33104 0.91647
475.65000 -53.32931 0.91155
475.70000 -53.32635 0.91141
475.75000 -53.32651 0.91075
475.80000 -53.32664 0.91524
475.85000 -53.32746 0.91307
475.90000 -53.32783 0.91447
475.95000 -53.32532 0.91152
476.00000 -53.32512 0.91187
476.05000 -53.32372 0.91375
476.10000 -53.32277 0.91779
476.15000 -53.32368 0.91599
476.20000 -53.31928 0.91506
476.25000 -53.32047 0.91502
476.30000 -53.32179 0.91824
476.35000 -53.32113 0.91787
476.40000 -53.32035 0.91605
476.45000 -53.31957 0.91783
476.50000 -53.32212 0.91758
476.55000 -53.32318 0.91947
476.60000 -53.32080 0.91689
476.65000 -53.32388 0.91581
476.70000 -53.32466 0.91518
476.75000 -53.32376 0.91592
476.80000 -53.32388 0.91570
476.85000 -53.32043 0.91532
476.90000 -53.32060 0.91301
476.95000 -53.32409 0.91581
477.00000 -53.32372 0.91896
477.05000 -53.32298 0.91679
477.10000 -53.32323 0.91994
477.15000 -53.32113 0.91814
477.20000 -53.32138 0.91988
477.25000 -53.32097 0.92059
477.30000 -53.32097 0.91829
477.35000 -53.31973 0.91757
477.40000 -53.31743 0.92073
477.45000 -53.31858 0.92351
477.50000 -53.31817 0.92194
477.55000 -53.31743 0.92273
477.60000 -53.31710 0.92396
477.65000 -53.31685 0.92426
477.70000 -53.31521 0.92174
477.75000 -53.31842 0.92428
477.80000 -53.31776 0.92404
477.85000 -53.31854 0.92253
477.90000 -53.31772 0.92319
477.95000 -53.32018 0.92293
478.00000 -53.31739 0.92428
478.05000 -53.31579 0.92144
478.10000 -53.31846 0.92314
478.15000 -53.31640 0.92278
478.20000 -53.31385 0.92202
478.25000 -53.31550 0.92451
478.30000 -53.31558 0.92018
478.35000 -53.31357 0.92336
478.40000 -53.31883 0.92429
478.45000 -53.31484 0.92285
478.50000 -53.30941 0.92393
478.55000 -53.30974 0.92365
478.60000 -53.30863 0.92621
478.65000 -53.30715 0.92509
478.70000 -53.30530 0.92966
478.75000 -53.30292 0.92782
478.80000 -53.30308 0.92970
478.85000 -53.30107 0.92939
478.90000 -53.30054 0.92970
478.95000 -53.29828 0.92864
479.00000 -53.29947 0.92913
479.05000 -53.29754 0.93054
479.10000 -53.29618 0.93085
479.15000 -53.29762 0.93251
479.20000 -53.29643 0.93317
479.25000 -53.29622 0.93268
479.30000 -53.29799 0.92967
479.35000 -53.29667 0.93087
479.40000 -53.29647 0.92912
479.45000 -53.29885 0.93000
479.50000 -53.29737 0.92858
479.55000 -53.29795 0.92779
479.60000 -53.29540 0.93086
479.65000 -53.29614 0.92986
479.70000 -53.29462 0.93051
479.75000 -53.29458 0.93069
479.80000 -53.29104 0.92845
479.85000 -53.29244 0.92752
479.90000 -53.29129 0.92634
479.95000 -53.29293 0.92664
480.00000 -53.29162 0.92487
480.05000 -53.29195 0.92248
480.10000 -53.29223 0.92465
480.15000 -53.29528 0.92409
480.20000 -53.29564 0.92255
480.25000 -53.29211 0.92329
480.30000 -53.29437 0.92368
480.35000 -53.29400 0.92391
480.40000 -53.29688 0.92537
480.45000 -53.29918 0.92163
480.50000 -53.29889 0.92414
480.55000 -53.29959 0.92204
480.60000 -53.30181 0.92200
480.65000 -53.30099 0.91989
480.70000 -53.30202 0.92233
480.75000 -53.30173 0.92033
480.80000 -53.30185 0.91889
480.85000 -53.30263 0.92249
480.90000 -53.30485 0.92426
480.95000 -53.30683 0.92395
481.00000 -53.30436 0.92268
481.05000 -53.30609 0.92371
481.10000 -53.30855 0.92242
481.15000 -53.30678 0.92206
481.20000 -53.30629 0.92219
481.25000 -53.30904 0.92258
481.30000 -53.30658 0.92321
481.35000 -53.30806 0.92158
481.40000 -53.30954 0.92227
481.45000 -53.30900 0.92441
481.50000 -53.30831 0.92310
481.55000 -53.31036 0.92081
481.60000 -53.30683 0.91991
481.65000 -53.30444 0.92211
481.70000 -53.30461 0.92182
481.75000 -53.30489 0.92052
481.80000 -53.30432 0.91732
481.85000 -53.30510 0.91939
481.90000 -53.30785 0.91797
481.95000 -53.30802 0.92063
482.00000 -53.30773 0.92072
482.05000 -53.30654 0.92310
482.10000 -53.30452 0.92364
482.15000 -53.30884 0.92693
482.20000 -53.30843 0.92644
482.25000 -53.30646 0.92070
482.30000 -53.30925 0.92474
482.35000 -53.30822 0.92185
482.40000 -53.30810 0.92007
482.45000 -53.30941 0.92042
482.50000 -53.30933 0.92020
482.55000 -53.31057 0.91895
482.60000 -53.30769 0.91959
482.65000 -53.30991 0.92181
482.70000 -53.31209 0.92509
482.75000 -53.30991 0.92750
482.80000 -53.30925 0.92572
482.85000 -53.31287 0.92324
482.90000 -53.31102 0.92596
482.95000 -53.30794 0.92699
483.00000 -53.31122 0.92629
483.05000 -53.31303 0.92478
483.10000 -53.31525 0.92432
483.15000 -53.31361 0.92651
483.20000 -53.31525 0.92898
483.25000 -53.31542 0.93035
483.30000 -53.31809 0.92948
483.35000 -53.32117 0.93284
483.40000 -53.32294 0.93116
483.45000 -53.32401 0.93276
483.50000 -53.32014 0.93254
483.55000 -53.32055 0.93797
483.60000 -53.32072 0.93600
483.65000 -53.32138 0.93873
483.70000 -53.32092 0.93503
483.75000 -53.32158 0.93558
483.80000 -53.32536 0.93774
483.85000 -53.32816 0.93562
483.90000 -53.32405 0.93670
483.95000 -53.32643 0.94143
484.00000 -53.32364 0.93882
484.05000 -53.32573 0.93745
484.10000 -53.32401 0.93777
484.15000 -53.32450 0.93521
484.20000 -53.32446 0.93622
484.25000 -53.32425 0.93667
484.30000 -53.32631 0.93688
484.35000 -53.32298 0.93652
484.40000 -53.31957 0.93420
484.45000 -53.32109 0.93575
484.50000 -53.32265 0.93611
484.55000 -53.32401 0.93599
484.60000 -53.32647 0.93683
484.65000 -53.32676 0.93691
484.70000 -53.32277 0.93917
484.75000 -53.32097 0.93811
484.80000 -53.32323 0.93600
484.85000 -53.32376 0.93464
484.90000 -53.32388 0.93524
484.95000 -53.32610 0.93685
485.00000 -53.32697 0.93939
485.05000 -53.32553 0.93948
485.10000 -53.32536 0.93970
485.15000 -53.32434 0.93662
485.20000 -53.32795 0.93749
485.25000 -53.32791 0.94011
485.30000 -53.32709 0.94064
485.35000 -53.32750 0.93882
485.40000 -53.32582 0.93846
485.45000 -53.32758 0.93794
485.50000 -53.32767 0.93798
485.55000 -53.32771 0.93690
485.60000 -53.32943 0.93904
485.65000 -53.32865 0.93696
485.70000 -53.33005 0.93424
485.75000 -53.33001 0.93164
485.80000 -53.33054 0.93408
485.85000 -53.33247 0.93732
485.90000 -53.33375 0.93384
485.95000 -53.33231 0.93175
486.00000 -53.33190 0.92947
486.05000 -53.33198 0.93342
486.10000 -53.33387 0.93332
486.15000 -53.33621 0.93252
486.20000 -53.33531 0.93280
486.25000 -53.33009 0.93281
486.30000 -53.32816 0.93384
486.35000 -53.32590 0.93177
486.40000 -53.32483 0.93325
486.45000 -53.32828 0.93434
486.50000 -53.32783 0.93351
486.55000 -53.32721 0.92967
486.60000 -53.33112 0.93117
486.65000 -53.33239 0.93253
486.70000 -53.33535 0.93260
486.75000 -53.33276 0.93380
486.80000 -53.33087 0.93361
486.85000 -53.33428 0.93177
486.90000 -53.33313 0.92897
486.95000 -53.33597 0.92924
487.00000 -53.33572 0.93238
487.05000 -53.33046 0.93172
487.10000 -53.33326 0.93461
487.15000 -53.33367 0.93122
487.20000 -53.33391 0.92769
487.25000 -53.33412 0.93027
487.30000 -53.33778 0.92994
487.35000 -53.33802 0.92834
487.40000 -53.33576 0.92891
487.45000 -53.33539 0.92832
487.50000 -53.33519 0.92707
487.55000 -53.33367 0.92675
487.60000 -53.33543 0.92335
487.65000 -53.33523 0.92586
487.70000 -53.33576 0.92261
487.75000 -53.33572 0.92666
487.80000 -53.33490 0.92677
487.85000 -53.33128 0.92557
487.90000 -53.33095 0.92484
487.95000 -53.32845 0.92664
488.00000 -53.33054 0.92323
488.05000 -53.33231 0.92436
488.10000 -53.33560 0.92683
488.15000 -53.33202 0.92656
488.20000 -53.33474 0.92615
488.25000 -53.33058 0.92413
488.30000 -53.33038 0.92553
488.35000 -53.33330 0.92620
488.40000 -53.33247 0.92227
488.45000 -53.33231 0.92206
488.50000 -53.33206 0.92058
488.55000 -53.33247 0.92231
488.60000 -53.33083 0.92333
488.65000 -53.33206 0.91974
488.70000 -53.33490 0.92057
488.75000 -53.33428 0.92101
488.80000 -53.33293 0.91959
488.85000 -53.33284 0.92102
488.90000 -53.33700 0.92204
488.95000 -53.33584 0.92219
489.00000 -53.33334 0.92223
489.05000 -53.33831 0.92302
489.10000 -53.33897 0.92424
489.15000 -53.34189 0.92269
489.20000 -53.34144 0.92517
489.25000 -53.34148 0.92639
489.30000 -53.33996 0.92601
489.35000 -53.33790 0.92242
489.40000 -53.33823 0.92441
489.45000 -53.34061 0.92383
489.50000 -53.33798 0.92660
489.55000 -53.33909 0.92755
489.60000 -53.33959 0.92790
489.65000 -53.33617 0.92912
489.70000 -53.33667 0.92865
489.75000 -53.33560 0.92766
489.80000 -53.33383 0.93033
489.85000 -53.33811 0.92765
489.90000 -53.34033 0.92685
489.95000 -53.34024 0.92679
490.00000 -53.33819 0.92404
490.05000 -53.33695 0.92613
490.10000 -53.33827 0.93043
490.15000 -53.33671 0.93022
490.20000 -53.33954 0.93137
490.25000 -53.33712 0.93005
490.30000 -53.33971 0.93100
490.35000 -53.33831 0.92626
490.40000 -53.33617 0.92761
490.45000 -53.33823 0.92400
490.50000 -53.33646 0.92496
490.55000 -53.33720 0.92729
490.60000 -53.33737 0.92978
490.65000 -53.33897 0.92960
490.70000 -53.33979 0.92847
490.75000 -53.34008 0.93052
490.80000 -53.34197 0.92663
490.85000 -53.34053 0.92848
490.90000 -53.34444 0.92790
490.95000 -53.34789 0.92650
491.00000 -53.34427 0.92425
491.05000 -53.34604 0.92493
491.10000 -53.34431 0.92753
491.15000 -53.34464 0.92610
491.20000 -53.34497 0.92736
491.25000 -53.34883 0.92901
491.30000 -53.34629 0.92460
491.35000 -53.34735 0.92525
491.40000 -53.34674 0.92719
491.45000 -53.34772 0.92720
491.50000 -53.34608 0.92948
491.55000 -53.34703 0.92858
491.60000 -53.34666 0.92700
491.65000 -53.34357 0.92618
491.70000 -53.34312 0.92647
491.75000 -53.34374 0.92488
491.80000 -53.34250 0.92528
491.85000 -53.34111 0.92457
491.90000 -53.33806 0.92555
491.95000 -53.33712 0.92192
492.00000 -53.33338 0.92353
492.05000 -53.33469 0.92595
492.10000 -53.33219 0.92771
492.15000 -53.33087 0.92862
492.20000 -53.32993 0.92682
492.25000 -53.32845 0.92798
492.30000 -53.32725 0.92919
492.35000 -53.32503 0.92672
492.40000 -53.32454 0.92631
492.45000 -53.32339 0.92718
492.50000 -53.32331 0.92711
492.55000 -53.32635 0.92735
492.60000 -53.32261 0.92786
492.65000 -53.32125 0.92574
492.70000 -53.32249 0.92753
492.75000 -53.32314 0.92602
492.80000 -53.31981 0.92767
492.85000 -53.32355 0.92825
492.90000 -53.32228 0.93169
492.95000 -53.32121 0.92964
493.00000 -53.32072 0.93259
493.05000 -53.31895 0.93473
493.10000 -53.31780 0.92991
493.15000 -53.31702 0.92812
493.20000 -53.31451 0.92953
493.25000 -53.31492 0.93426
493.30000 -53.31657 0.93359
493.35000 -53.31702 0.93122
493.40000 -53.31533 0.93406
493.45000 -53.32027 0.93120
493.50000 -53.31846 0.93480
493.55000 -53.32064 0.93519
493.60000 -53.31990 0.93527
493.65000 -53.32253 0.93655
493.70000 -53.32318 0.93510
493.75000 -53.32491 0.93419
493.80000 -53.32162 0.93289
493.85000 -53.32207 0.93635
493.90000 -53.32051 0.93551
493.95000 -53.31940 0.93711
494.00000 -53.32047 0.94198
494.05000 -53.32425 0.94072
494.10000 -53.32462 0.93940
494.15000 -53.32228 0.94010
494.20000 -53.32520 0.93924
494.25000 -53.32269 0.93968
494.30000 -53.32253 0.93778
494.35000 -53.31961 0.94093
494.40000 -53.31973 0.93953
494.45000 -53.31887 0.93892
494.50000 -53.31879 0.94300
494.55000 -53.31747 0.94125
494.60000 -53.31546 0.94097
494.65000 -53.31825 0.94350
494.70000 -53.31579 0.94584
494.75000 -53.31242 0.94485
494.80000 -53.31406 0.94193
494.85000 -53.31176 0.94128
494.90000 -53.31250 0.94218
494.95000 -53.31237 0.94075
495.00000 -53.30917 0.94073
495.05000 -53.31085 0.94199
495.10000 -53.30904 0.94164
495.15000 -53.30592 0.94020
495.20000 -53.31061 0.93962
495.25000 -53.30962 0.94027
495.30000 -53.30773 0.93941
495.35000 -53.30551 0.94068
495.40000 -53.30555 0.94065
495.45000 -53.30650 0.94186
495.50000 -53.30715 0.94116
495.55000 -53.30917 0.94300
495.60000 -53.31003 0.94220
495.65000 -53.30806 0.94352
495.70000 -53.31085 0.94152
495.75000 -53.31209 0.94015
495.80000 -53.30843 0.93849
495.85000 -53.30810 0.93964
495.90000 -53.30872 0.93773
495.95000 -53.30900 0.94187
496.00000 -53.31295 0.94034
496.05000 -53.31168 0.93706
496.10000 -53.31048 0.93909
496.15000 -53.31233 0.93872
496.20000 -53.30999 0.93711
496.25000 -53.31184 0.93323
496.30000 -53.31336 0.93773
496.35000 -53.31377 0.93511
496.40000 -53.31221 0.93180
496.45000 -53.30769 0.93149
496.50000 -53.31052 0.93289
496.55000 -53.31180 0.93246
496.60000 -53.31468 0.92638
496.65000 -53.31431 0.93149
496.70000 -53.31299 0.93039
496.75000 -53.31262 0.92790
496.80000 -53.31464 0.93003
496.85000 -53.31324 0.93051
496.90000 -53.31829 0.92836
496.95000 -53.32101 0.92645
497.00000 -53.31932 0.92518
497.05000 -53.32088 0.92787
497.10000 -53.31920 0.92942
497.15000 -53.32006 0.92481
497.20000 -53.32158 0.92568
497.25000 -53.32150 0.92615
497.30000 -53.32097 0.92671
497.35000 -53.32076 0.92934
497.40000 -53.32097 0.92396
497.45000 -53.32183 0.92540
497.50000 -53.32055 0.92475
497.55000 -53.31731 0.92391
497.60000 -53.31718 0.92614
497.65000 -53.31854 0.92427
497.70000 -53.31944 0.92675
497.75000 -53.32105 0.92336
497.80000 -53.31644 0.92235
497.85000 -53.31796 0.92379
497.90000 -53.31566 0.92326
497.95000 -53.31611 0.92692
498.00000 -53.31340 0.92568
498.05000 -53.31324 0.92881
498.10000 -53.31435 0.92974
498.15000 -53.31443 0.92867
498.20000 -53.31377 0.93204
498.25000 -53.31537 0.93302
498.30000 -53.31636 0.93279
498.35000 -53.31427 0.93075
498.40000 -53.31200 0.93191
498.45000 -53.31336 0.93228
498.50000 -53.31817 0.93674
498.55000 -53.31665 0.93529
498.60000 -53.31328 0.93368
498.65000 -53.31644 0.93537
498.70000 -53.31537 0.93502
498.75000 -53.31879 0.93410
498.80000 -53.31772 0.93358
498.85000 -53.31591 0.93325
498.90000 -53.31603 0.93473
498.95000 -53.31653 0.93174
499.00000 -53.31825 0.93302
499.05000 -53.31690 0.93346
499.10000 -53.31854 0.93259
499.15000 -53.32055 0.92953
499.20000 -53.31895 0.92980
499.25000 -53.31727 0.92873
499.30000 -53.31525 0.92775
499.35000 -53.31681 0.93388
499.40000 -53.31842 0.93114
499.45000 -53.31607 0.93120
499.50000 -53.31422 0.93224
499.55000 -53.31891 0.93059
499.60000 -53.31496 0.92950
499.65000 -53.31550 0.92914
499.70000 -53.31480 0.93007
499.75000 -53.31796 0.92804
499.80000 -53.31784 0.92839
499.85000 -53.31949 0.92986
499.90000 -53.32006 0.92998
499.95000 -53.32105 0.92535
500.00000 -53.32031 0.92458
500.05000 -53.32187 0.92659
500.10000 -53.32372 0.92645
500.15000 -53.32318 0.92083
500.20000 -53.32590 0.92834
500.25000 -53.32549 0.92567
500.30000 -53.32746 0.92490
500.35000 -53.32417 0.92706
500.40000 -53.32372 0.92472
500.45000 -53.32392 0.92179
500.50000 -53.32261 0.92617
500.55000 -53.32199 0.92461
500.60000 -53.32286 0.92305
500.65000 -53.32055 0.92146
500.70000 -53.32162 0.91896
500.75000 -53.31858 0.91930
500.80000 -53.31899 0.91863
500.85000 -53.31961 0.92256
500.90000 -53.31977 0.92047
500.95000 -53.31973 0.91936
501.00000 -53.31854 0.92317
501.05000 -53.31653 0.92425
501.10000 -53.31620 0.92358
501.15000 -53.31702 0.91996
501.20000 -53.31648 0.92214
501.25000 -53.31517 0.92617
501.30000 -53.31517 0.92530
501.35000 -53.31611 0.92800
501.40000 -53.31357 0.92302
501.45000 -53.31250 0.92436
501.50000 -53.31077 0.92719
501.55000 -53.31192 0.92365
501.60000 -53.31365 0.92545
501.65000 -53.31114 0.92481
501.70000 -53.30958 0.92394
501.75000 -53.31283 0.92359
501.80000 -53.31320 0.92542
501.85000 -53.31353 0.92094
501.90000 -53.31381 0.92456
501.95000 -53.31759 0.92297
502.00000 -53.31759 0.92413
502.05000 -53.31394 0.92490
502.10000 -53.31513 0.92723
502.15000 -53.31402 0.92977
502.20000 -53.31431 0.92444
502.25000 -53.31747 0.92770
502.30000 -53.31924 0.92582
502.35000 -53.31895 0.92615
502.40000 -53.31903 0.92453
502.45000 -53.31661 0.92868
502.50000 -53.31669 0.92773
502.55000 -53.31796 0.92751
502.60000 -53.31813 0.92516
502.65000 -53.31653 0.92411
502.70000 -53.31751 0.92390
502.75000 -53.31722 0.92962
502.80000 -53.31727 0.92824
502.85000 -53.31751 0.93048
502.90000 -53.31764 0.93251
502.95000 -53.31883 0.93187
503.00000 -53.31550 0.93307
503.05000 -53.31838 0.93327
503.10000 -53.31949 0.93177
503.15000 -53.31813 0.93110
503.20000 -53.31706 0.93379
503.25000 -53.31805 0.93384
503.30000 -53.31780 0.93455
503.35000 -53.32220 0.93519
503.40000 -53.32277 0.93635
503.45000 -53.32257 0.93520
503.50000 -53.32101 0.93625
503.55000 -53.32142 0.93508
503.60000 -53.32302 0.93372
503.65000 -53.31973 0.93591
503.70000 -53.32088 0.93822
503.75000 -53.32072 0.93446
503.80000 -53.32080 0.93648
503.85000 -53.32129 0.93974
503.90000 -53.32010 0.93857
503.95000 -53.32129 0.93542
504.00000 -53.32134 0.93706
504.05000 -53.32261 0.93598
504.10000 -53.32134 0.93695
504.15000 -53.31883 0.93819
504.20000 -53.32203 0.93766
504.25000 -53.32462 0.93705
504.30000 -53.32417 0.93686
504.35000 -53.32643 0.93660
504.40000 -53.32434 0.93786
504.45000 -53.32614 0.93614
504.50000 -53.32561 0.93641
504.55000 -53.32401 0.93587
504.60000 -53.32138 0.93404
504.65000 -53.32220 0.93453
504.70000 -53.32072 0.93863
504.75000 -53.31986 0.93837
504.80000 -53.31953 0.93740
504.85000 -53.31977 0.93725
504.90000 -53.32323 0.93500
504.95000 -53.32306 0.93605
505.00000 -53.32417 0.93637
505.05000 -53.32405 0.93664
505.10000 -53.32175 0.93874
505.15000 -53.32171 0.93727
505.20000 -53.32175 0.93747
505.25000 -53.32273 0.93301
505.30000 -53.32142 0.93096
505.35000 -53.32002 0.92992
505.40000 -53.31739 0.93007
505.45000 -53.31714 0.93335
505.50000 -53.31801 0.93160
505.55000 -53.31579 0.93269
505.60000 -53.31513 0.93390
505.65000 -53.31348 0.93598
505.70000 -53.31094 0.93389
505.75000 -53.31015 0.93527
505.80000 -53.31324 0.93411
505.85000 -53.31464 0.93428
505.90000 -53.31303 0.93386
505.95000 -53.31574 0.93612
506.00000 -53.31468 0.94109
506.05000 -53.31517 0.94220
506.10000 -53.31279 0.94116
506.15000 -53.31348 0.93867
506.20000 -53.31599 0.94198
506.25000 -53.31854 0.94413
506.30000 -53.31373 0.94280
506.35000 -53.31406 0.94274
506.40000 -53.31353 0.94290
506.45000 -53.31422 0.94281
506.50000 -53.31706 0.94139
506.55000 -53.31344 0.93979
506.60000 -53.31414 0.93935
506.65000 -53.31620 0.94197
506.70000 -53.31274 0.94301
506.75000 -53.31353 0.94427
506.80000 -53.31003 0.94229
506.85000 -53.31040 0.94398
506.90000 -53.30978 0.94321
506.95000 -53.30789 0.94043
507.00000 -53.30395 0.94410
507.05000 -53.30567 0.94091
507.10000 -53.30333 0.94268
507.15000 -53.30666 0.94380
507.20000 -53.30584 0.94396
507.25000 -53.30473 0.94512
507.30000 -53.30625 0.94292
507.35000 -53.30551 0.94631
507.40000 -53.30456 0.94350
507.45000 -53.30362 0.94380
507.50000 -53.30218 0.94343
507.55000 -53.30465 0.94266
507.60000 -53.30341 0.93979
507.65000 -53.30317 0.93867
507.70000 -53.30296 0.93671
507.75000 -53.30362 0.93786
507.80000 -53.30255 0.93475
507.85000 -53.30173 0.93667
507.90000 -53.30025 0.93551
507.95000 -53.30222 0.93709
508.00000 -53.29758 0.93683
508.05000 -53.29721 0.93570
508.10000 -53.29873 0.93717
508.15000 -53.29930 0.94006
508.20000 -53.29417 0.94069
508.25000 -53.29721 0.94043
508.30000 -53.29289 0.94154
508.35000 -53.29544 0.93944
508.40000 -53.29564 0.93520
508.45000 -53.29388 0.93701
508.50000 -53.29606 0.93757
508.55000 -53.29573 0.94170
508.60000 -53.29297 0.94226
508.65000 -53.29700 0.94022
508.70000 -53.29708 0.94172
508.75000 -53.30029 0.94133
508.80000 -53.30082 0.94034
508.85000 -53.30206 0.94218
508.90000 -53.30198 0.93932
508.95000 -53.30239 0.94036
509.00000 -53.30082 0.93836
509.05000 -53.30099 0.94042
509.10000 -53.30276 0.94204
509.15000 -53.30144 0.93977
509.20000 -53.30551 0.94002
509.25000 -53.30247 0.93948
509.30000 -53.30391 0.94384
509.35000 -53.30136 0.94135
509.40000 -53.30054 0.94147
509.45000 -53.30095 0.94244
509.50000 -53.30255 0.94112
509.55000 -53.30313 0.94089
509.60000 -53.30017 0.94159
509.65000 -53.30136 0.94123
509.70000 -53.30054 0.94230
509.75000 -53.30436 0.93983
509.80000 -53.30382 0.94077
509.85000 -53.30259 0.93861
509.90000 -53.30284 0.93842
509.95000 -53.30185 0.94102
510.00000 -53.29976 0.94270
510.05000 -53.29992 0.94071
510.10000 -53.29819 0.94221
510.15000 -53.30148 0.94197
510.20000 -53.30074 0.94164
510.25000 -53.29992 0.94080
510.30000 -53.30382 0.94226
510.35000 -53.30337 0.94268
510.40000 -53.30378 0.94056
510.45000 -53.30210 0.94185
510.50000 -53.29836 0.94265
510.55000 -53.30091 0.93862
510.60000 -53.29811 0.93757
510.65000 -53.29984 0.93484
510.70000 -53.30004 0.93308
510.75000 -53.29717 0.93523
510.80000 -53.29926 0.93508
510.85000 -53.29749 0.93396
510.90000 -53.29992 0.93028
510.95000 -53.29622 0.92741
511.00000 -53.29454 0.92824
511.05000 -53.29359 0.92910
511.10000 -53.29269 0.92877
511.15000 -53.29186 0.93001
511.20000 -53.29166 0.93000
511.25000 -53.29121 0.93412
511.30000 -53.29334 0.93262
511.35000 -53.29577 0.93095
511.40000 -53.29388 0.93186
511.45000 -53.29495 0.93317
511.50000 -53.29137 0.93644
511.55000 -53.29392 0.93612
511.60000 -53.29289 0.93584
511.65000 -53.29297 0.93882
511.70000 -53.29515 0.93777
511.75000 -53.29301 0.93814
511.80000 -53.29330 0.93999
511.85000 -53.29199 0.94216
511.90000 -53.28545 0.93807
511.95000 -53.28537 0.93850
512.00000 -53.28516 0.93975
512.05000 -53.28853 0.93969
512.10000 -53.29071 0.93795
512.15000 -53.29478 0.93759
512.20000 -53.29326 0.93940
512.25000 -53.29121 0.93708
512.30000 -53.28997 0.93517
512.35000 -53.29223 0.93618
512.40000 -53.29203 0.93579
512.45000 -53.29022 0.93519
512.50000 -53.28845 0.93544
512.55000 -53.29121 0.93916
512.60000 -53.29314 0.93990
512.65000 -53.29425 0.93752
512.70000 -53.29010 0.93900
512.75000 -53.29063 0.93788
512.80000 -53.29116 0.93610
512.85000 -53.29293 0.93508
512.90000 -53.29252 0.93725
512.95000 -53.29244 0.93798
513.00000 -53.29532 0.93656
513.05000 -53.29819 0.94105
513.10000 -53.29569 0.94015
513.15000 -53.29799 0.93964
513.20000 -53.29511 0.94307
513.25000 -53.29832 0.94470
513.30000 -53.29988 0.94299
513.35000 -53.30243 0.94150
513.40000 -53.30148 0.94046
513.45000 -53.30218 0.94314
513.50000 -53.30078 0.94246
513.55000 -53.30567 0.94339
513.60000 -53.30555 0.94257
513.65000 -53.30954 0.93952
513.70000 -53.30646 0.93825
513.75000 -53.30974 0.93915
513.80000 -53.31028 0.93729
513.85000 -53.31028 0.93590
513.90000 -53.30929 0.93559
513.95000 -53.31200 0.93590
514.00000 -53.31480 0.93729
514.05000 -53.31348 0.93802
514.10000 -53.31558 0.93779
514.15000 -53.31525 0.93747
514.20000 -53.31805 0.93556
514.25000 -53.31755 0.93828
514.30000 -53.31838 0.93666
514.35000 -53.31944 0.93520
514.40000 -53.31632 0.93578
514.45000 -53.31710 0.93424
514.50000 -53.32134 0.93397
514.55000 -53.32146 0.93205
514.60000 -53.32080 0.93046
514.65000 -53.32195 0.92939
514.70000 -53.32027 0.92771
514.75000 -53.32171 0.92614
514.80000 -53.31899 0.92794
514.85000 -53.31735 0.92876
514.90000 -53.31792 0.93224
514.95000 -53.31739 0.92931
515.00000 -53.31875 0.92936
515.05000 -53.31932 0.92707
515.10000 -53.31846 0.92798
515.15000 -53.32027 0.93013
515.20000 -53.31990 0.92761
515.25000 -53.32027 0.93186
515.30000 -53.31936 0.92995
515.35000 -53.31981 0.92781
515.40000 -53.31875 0.93075
515.45000 -53.32146 0.92981
515.50000 -53.32080 0.93087
515.55000 -53.32175 0.93166
515.60000 -53.32306 0.93034
515.65000 -53.31957 0.92694
515.70000 -53.31870 0.92901
515.75000 -53.31821 0.93147
515.80000 -53.32010 0.92946
515.85000 -53.32080 0.93123
515.90000 -53.32047 0.92807
515.95000 -53.31825 0.92779
516.00000 -53.31965 0.92489
516.05000 -53.32068 0.92437
516.10000 -53.32134 0.92631
516.15000 -53.32121 0.92519
516.20000 -53.32413 0.92297
516.25000 -53.32434 0.92537
516.30000 -53.32520 0.92301
516.35000 -53.32446 0.92185
516.40000 -53.32310 0.92052
516.45000 -53.32376 0.92497
516.50000 -53.32351 0.92289
516.55000 -53.32335 0.92227
516.60000 -53.32191 0.92405
516.65000 -53.31747 0.92570
516.70000 -53.31940 0.92576
516.75000 -53.31694 0.92511
516.80000 -53.31965 0.92584
516.85000 -53.32105 0.92753
516.90000 -53.31920 0.92367
516.95000 -53.31977 0.92825
517.00000 -53.32166 0.92506
517.05000 -53.32228 0.92453
517.10000 -53.32244 0.92799
517.15000 -53.32014 0.93058
517.20000 -53.32179 0.93166
517.25000 -53.32031 0.93200
517.30000 -53.32273 0.93035
517.35000 -53.32277 0.93039
517.40000 -53.32055 0.93383
517.45000 -53.31833 0.93496
517.50000 -53.31870 0.93395
517.55000 -53.31780 0.93628
517.60000 -53.31616 0.93507
517.65000 -53.31587 0.93472
517.70000 -53.31484 0.93429
517.75000 -53.31213 0.93229
517.80000 -53.31077 0.93002
517.85000 -53.30765 0.93323
517.90000 -53.31094 0.93023
517.95000 -53.31258 0.93444
518.00000 -53.31205 0.93244
518.05000 -53.31307 0.93315
518.10000 -53.31180 0.93441
518.15000 -53.31250 0.93316
518.20000 -53.31048 0.93424
518.25000 -53.31192 0.93334
518.30000 -53.31131 0.92929
518.35000 -53.31299 0.92633
518.40000 -53.31139 0.92824
518.45000 -53.31348 0.93158
518.50000 -53.31069 0.92700
518.55000 -53.31081 0.92977
518.60000 -53.31340 0.92982
518.65000 -53.31110 0.93302
518.70000 -53.31295 0.93079
518.75000 -53.31052 0.93304
518.80000 -53.30810 0.93365
518.85000 -53.30555 0.93104
518.90000 -53.30761 0.93013
518.95000 -53.31003 0.93206
519.00000 -53.30699 0.93375
519.05000 -53.30810 0.93060
519.10000 -53.30921 0.93212
519.15000 -53.30646 0.92937
519.20000 -53.30559 0.92964
519.25000 -53.30839 0.93331
519.30000 -53.30785 0.93202
519.35000 -53.30728 0.93251
519.40000 -53.30514 0.93111
519.45000 -53.30876 0.93135
519.50000 -53.30530 0.93335
519.55000 -53.30374 0.93301
519.60000 -53.30407 0.93637
519.65000 -53.30666 0.93248
519.70000 -53.30210 0.93453
519.75000 -53.30477 0.93513
519.80000 -53.30691 0.93525
519.85000 -53.30391 0.93509
519.90000 -53.30485 0.93443
519.95000 -53.30345 0.93658
520.00000 -53.30321 0.93494
520.05000 -53.30415 0.93523
520.10000 -53.30485 0.93771
520.15000 -53.30395 0.93908
520.20000 -53.30613 0.93809
520.25000 -53.30637 0.93469
520.30000 -53.30514 0.93420
520.35000 -53.30329 0.93505
520.40000 -53.30276 0.93473
520.45000 -53.30329 0.93614
520.50000 -53.30165 0.93706
520.55000 -53.30456 0.93779
520.60000 -53.30230 0.93836
520.65000 -53.30193 0.94037
520.70000 -53.29980 0.94100
520.75000 -53.29881 0.94485
520.80000 -53.29717 0.94258
520.85000 -53.30103 0.94446
520.90000 -53.30070 0.94426
520.95000 -53.30185 0.94516
521.00000 -53.30025 0.94299
521.05000 -53.29852 0.94924
521.10000 -53.30004 0.94704
521.15000 -53.30041 0.95090
521.20000 -53.30058 0.95134
521.25000 -53.29762 0.94830
521.30000 -53.29840 0.94830
521.35000 -53.29906 0.94636
521.40000 -53.29737 0.94905
521.45000 -53.29671 0.95002
521.50000 -53.29939 0.95129
521.55000 -53.29856 0.95171
521.60000 -53.30017 0.95016
521.65000 -53.30119 0.95003
521.70000 -53.29766 0.94934
521.75000 -53.30017 0.95186
521.80000 -53.29943 0.95113
521.85000 -53.30321 0.95064
521.90000 -53.30465 0.94999
521.95000 -53.30313 0.94922
522.00000 -53.30350 0.94841
522.05000 -53.30247 0.95214
522.10000 -53.30255 0.95103
522.15000 -53.30193 0.95003
522.20000 -53.30345 0.94893
522.25000 -53.30226 0.94647
522.30000 -53.30341 0.94798
522.35000 -53.30650 0.94907
522.40000 -53.30547 0.94404
522.45000 -53.30740 0.94568
522.50000 -53.30794 0.94284
522.55000 -53.30859 0.94541
522.60000 -53.30748 0.94294
522.65000 -53.30839 0.94308
522.70000 -53.31131 0.94651
522.75000 -53.31254 0.94502
522.80000 -53.31270 0.94446
522.85000 -53.31061 0.94400
522.90000 -53.31122 0.94349
522.95000 -53.30724 0.94264
523.00000 -53.30888 0.94363
523.05000 -53.31114 0.94317
523.10000 -53.31098 0.94298
523.15000 -53.30917 0.94242
523.20000 -53.31348 0.94418
523.25000 -53.31480 0.94159
523.30000 -53.31431 0.94236
523.35000 -53.31159 0.93808
523.40000 -53.31233 0.94096
523.45000 -53.31147 0.94163
523.50000 -53.30835 0.94044
523.55000 -53.30880 0.94110
523.60000 -53.30736 0.94181
523.65000 -53.30621 0.94440
523.70000 -53.30670 0.94152
523.75000 -53.30785 0.94076
523.80000 -53.30518 0.94060
523.85000 -53.30370 0.94205
523.90000 -53.30493 0.94176
523.95000 -53.30613 0.94206
524.00000 -53.30880 0.94276
524.05000 -53.30806 0.94361
524.10000 -53.30794 0.94303
524.15000 -53.30358 0.94178
524.20000 -53.30818 0.93983
524.25000 -53.31069 0.93911
524.30000 -53.31184 0.93696
524.35000 -53.30950 0.93826
524.40000 -53.31237 0.93494
524.45000 -53.31406 0.93160
524.50000 -53.31135 0.93580
524.55000 -53.31402 0.93481
524.60000 -53.31242 0.93088
524.65000 -53.31455 0.93046
524.70000 -53.31287 0.93239
524.75000 -53.31081 0.92817
524.80000 -53.31102 0.92855
524.85000 -53.31143 0.92825
524.90000 -53.31196 0.92420
524.95000 -53.31254 0.92767
525.00000 -53.30826 0.92261
525.05000 -53.30991 0.92304
525.10000 -53.30974 0.92482
525.15000 -53.30781 0.92555
525.20000 -53.30720 0.92490
525.25000 -53.31024 0.92356
525.30000 -53.30769 0.92379
525.35000 -53.31081 0.92235
525.40000 -53.30884 0.91863
525.45000 -53.30674 0.91757
525.50000 -53.30839 0.91891
525.55000 -53.30814 0.91519
525.60000 -53.30604 0.91635
525.65000 -53.30703 0.91758
525.70000 -53.30715 0.91613
525.75000 -53.30604 0.91716
525.80000 -53.30609 0.91575
525.85000 -53.30678 0.91487
525.90000 -53.30432 0.91395
525.95000 -53.30202 0.91532
526.00000 -53.30325 0.91281
526.05000 -53.30399 0.91195
526.10000 -53.30292 0.91330
526.15000 -53.30276 0.90987
526.20000 -53.30530 0.91447
526.25000 -53.30387 0.91262
526.30000 -53.30255 0.91168
526.35000 -53.29889 0.90991
526.40000 -53.30111 0.90966
526.45000 -53.29885 0.90899
526.50000 -53.30119 0.90999
526.55000 -53.30066 0.90875
526.60000 -53.29914 0.90474
526.65000 -53.29926 0.90708
526.70000 -53.29959 0.90753
526.75000 -53.30280 0.90950
526.80000 -53.29926 0.90719
526.85000 -53.30004 0.90732
526.90000 -53.29745 0.90749
526.95000 -53.29848 0.90634
527.00000 -53.29844 0.90783
527.05000 -53.29622 0.90762
527.10000 -53.29515 0.90730
527.15000 -53.29860 0.90444
527.20000 -53.29840 0.90404
527.25000 -53.29877 0.90499
527.30000 -53.29873 0.90510
527.35000 -53.29897 0.90702
527.40000 -53.29976 0.90362
527.45000 -53.29967 0.90600
527.50000 -53.29840 0.90567
527.55000 -53.29893 0.90771
527.60000 -53.29770 0.90825
527.65000 -53.29799 0.91051
527.70000 -53.29511 0.91213
527.75000 -53.29425 0.91317
527.80000 -53.29417 0.91436
527.85000 -53.29712 0.91673
527.90000 -53.29770 0.91620
527.95000 -53.29704 0.91758
528.00000 -53.29651 0.91795
528.05000 -53.29729 0.91842
528.10000 -53.29671 0.91892
528.15000 -53.29865 0.91755
528.20000 -53.30013 0.91665
528.25000 -53.30218 0.92054
528.30000 -53.30132 0.92153
528.35000 -53.29992 0.92081
528.40000 -53.30128 0.91757
528.45000 -53.30313 0.92243
528.50000 -53.30313 0.92579
528.55000 -53.30271 0.92545
528.60000 -53.30300 0.92634
528.65000 -53.30399 0.92360
528.70000 -53.30436 0.92567
528.75000 -53.30481 0.92475
528.80000 -53.30547 0.92406
528.85000 -53.30814 0.92108
528.90000 -53.31024 0.92252
528.95000 -53.31303 0.92357
529.00000 -53.31250 0.92499
529.05000 -53.31155 0.92110
529.10000 -53.31353 0.92063
529.15000 -53.31496 0.91816
529.20000 -53.31644 0.91932
529.25000 -53.31644 0.92373
529.30000 -53.31435 0.92319
529.35000 -53.31480 0.92576
529.40000 -53.31916 0.92515
529.45000 -53.31858 0.92601
529.50000 -53.31722 0.92363
529.55000 -53.31805 0.92332
529.60000 -53.31821 0.92634
529.65000 -53.31838 0.92682
529.70000 -53.32018 0.92522
529.75000 -53.31768 0.92651
529.80000 -53.31714 0.92352
529.85000 -53.31361 0.92461
529.90000 -53.31464 0.92386
529.95000 -53.31616 0.92330
530.00000 -53.31558 0.92259
530.05000 -53.31644 0.92306
530.10000 -53.31636 0.92267
530.15000 -53.31681 0.92206
530.20000 -53.32294 0.92101
530.25000 -53.32031 0.92071
530.30000 -53.31994 0.92462
530.35000 -53.32027 0.92067
530.40000 -53.31751 0.92166
530.45000 -53.31883 0.92340
530.50000 -53.31965 0.92557
530.55000 -53.31648 0.92462
530.60000 -53.31694 0.92085
530.65000 -53.31727 0.92041
530.70000 -53.31472 0.92409
530.75000 -53.31554 0.92522
530.80000 -53.31792 0.92307
530.85000 -53.31957 0.92481
530.90000 -53.31990 0.92243
530.95000 -53.32035 0.92100
531.00000 -53.32207 0.92162
531.05000 -53.32068 0.91987
531.10000 -53.31944 0.91926
531.15000 -53.31809 0.91983
531.20000 -53.32113 0.91851
531.25000 -53.31862 0.91831
531.30000 -53.31854 0.92039
531.35000 -53.31994 0.91956
531.40000 -53.32055 0.91926
531.45000 -53.31932 0.91879
531.50000 -53.31796 0.91877
531.55000 -53.31698 0.91644
531.60000 -53.31936 0.91751
531.65000 -53.31887 0.91960
531.70000 -53.32228 0.92104
531.75000 -53.32376 0.92010
531.80000 -53.32401 0.91634
531.85000 -53.32232 0.91867
531.90000 -53.32372 0.91657
531.95000 -53.32331 0.91506
532.00000 -53.32561 0.91531
532.05000 -53.32775 0.91846
532.10000 -53.32635 0.92124
532.15000 -53.32672 0.92235
532.20000 -53.32951 0.91991
532.25000 -53.32882 0.91970
532.30000 -53.33001 0.92122
532.35000 -53.32314 0.91923
532.40000 -53.32466 0.91883
532.45000 -53.33034 0.91969
532.50000 -53.32890 0.91808
532.55000 -53.32804 0.92114
532.60000 -53.32450 0.92156
532.65000 -53.32471 0.92260
532.70000 -53.32368 0.92490
532.75000 -53.32516 0.92353
532.80000 -53.32405 0.92225
532.85000 -53.32306 0.92046
532.90000 -53.32577 0.92136
532.95000 -53.32660 0.92039
533.00000 -53.32499 0.92342
533.05000 -53.32471 0.92229
533.10000 -53.32343 0.92274
533.15000 -53.32434 0.92463
533.20000 -53.32327 0.92444
533.25000 -53.32668 0.92124
533.30000 -53.32693 0.92357
533.35000 -53.32318 0.92421
533.40000 -53.32364 0.91956
533.45000 -53.32762 0.92314
533.50000 -53.32676 0.92103
533.55000 -53.32808 0.92402
533.60000 -53.32503 0.92476
533.65000 -53.32343 0.92170
533.70000 -53.32540 0.92393
533.75000 -53.32343 0.92695
533.80000 -53.32582 0.92724
533.85000 -53.32577 0.92549
533.90000 -53.32491 0.92629
533.95000 -53.32421 0.92308
534.00000 -53.32323 0.92723
534.05000 -53.32216 0.92534
534.10000 -53.32228 0.92655
534.15000 -53.32101 0.93070
534.20000 -53.32508 0.93117
534.25000 -53.32236 0.93015
534.30000 -53.32244 0.93005
534.35000 -53.32553 0.92775
534.40000 -53.32351 0.92547
534.45000 -53.32212 0.92546
534.50000 -53.32088 0.92884
534.55000 -53.32212 0.92723
534.60000 -53.32010 0.92793
534.65000 -53.32146 0.92921
534.70000 -53.31994 0.92769
534.75000 -53.31879 0.92822
534.80000 -53.31780 0.92722
534.85000 -53.31907 0.92891
534.90000 -53.31973 0.92746
534.95000 -53.32031 0.92619
535.00000 -53.32244 0.92868
535.05000 -53.32125 0.93069
535.10000 -53.31907 0.92807
535.15000 -53.32236 0.92571
535.20000 -53.32162 0.92707
535.25000 -53.32129 0.92977
535.30000 -53.31924 0.93030
535.35000 -53.31940 0.92918
535.40000 -53.31936 0.93079
535.45000 -53.31796 0.92869
535.50000 -53.31784 0.92783
535.55000 -53.31821 0.93158
535.60000 -53.31973 0.93236
535.65000 -53.32125 0.93174
535.70000 -53.32166 0.93342
535.75000 -53.31907 0.93855
535.80000 -53.32195 0.93671
535.85000 -53.32331 0.93616
535.90000 -53.32294 0.93304
535.95000 -53.32203 0.93655
536.00000 -53.32162 0.93883
536.05000 -53.32097 0.94084
536.10000 -53.32294 0.93792
536.15000 -53.32220 0.93989
536.20000 -53.32055 0.94142
536.25000 -53.31961 0.93891
536.30000 -53.31702 0.93735
536.35000 -53.32006 0.93698
536.40000 -53.31574 0.94144
536.45000 -53.31829 0.93960
536.50000 -53.31722 0.93660
536.55000 -53.31735 0.93702
536.60000 -53.31899 0.93444
536.65000 -53.31764 0.93745
536.70000 -53.31677 0.93613
536.75000 -53.31566 0.93825
536.80000 -53.31772 0.93864
536.85000 -53.31525 0.93659
536.90000 -53.31369 0.93343
536.95000 -53.31279 0.93563
537.00000 -53.31225 0.93536
537.05000 -53.31390 0.93466
537.10000 -53.31599 0.93595
537.15000 -53.31714 0.93606
537.20000 -53.31385 0.93465
537.25000 -53.31184 0.93383
537.30000 -53.31398 0.93490
537.35000 -53.31517 0.93476
537.40000 -53.31743 0.93694
537.45000 -53.31476 0.93433
537.50000 -53.31718 0.92994
537.55000 -53.31332 0.93524
537.60000 -53.31509 0.93438
537.65000 -53.31377 0.93249
537.70000 -53.31365 0.93438
537.75000 -53.30884 0.93048
537.80000 -53.30748 0.93152
537.85000 -53.31094 0.93087
537.90000 -53.31057 0.93134
537.95000 -53.30847 0.93201
538.00000 -53.30863 0.92972
538.05000 -53.30847 0.92669
538.10000 -53.30596 0.92926
538.15000 -53.30707 0.93140
538.20000 -53.30810 0.93244
538.25000 -53.30506 0.93181
538.30000 -53.30502 0.93238
538.35000 -53.30313 0.93542
538.40000 -53.30189 0.93540
538.45000 -53.30572 0.93238
538.50000 -53.30111 0.93623
538.55000 -53.30169 0.93597
538.60000 -53.30119 0.93895
538.65000 -53.29819 0.93648
538.70000 -53.30177 0.93781
538.75000 -53.29675 0.93909
538.80000 -53.29815 0.93995
538.85000 -53.29786 0.94021
538.90000 -53.29865 0.93958
538.95000 -53.30144 0.93995
539.00000 -53.29507 0.93886
539.05000 -53.29375 0.94014
539.10000 -53.29466 0.93951
539.15000 -53.29486 0.94015
539.20000 -53.29503 0.93990
539.25000 -53.29433 0.93531
539.30000 -53.29454 0.93601
539.35000 -53.29749 0.93531
539.40000 -53.29700 0.93675
539.45000 -53.29343 0.93472
539.50000 -53.29318 0.93120
539.55000 -53.29174 0.92754
539.60000 -53.29141 0.92837
539.65000 -53.29190 0.92655
539.70000 -53.29252 0.92870
539.75000 -53.29223 0.92859
539.80000 -53.29273 0.92552
539.85000 -53.29018 0.92733
539.90000 -53.28837 0.92669
539.95000 -53.28923 0.92197
540.00000 -53.29232 0.92339
540.05000 -53.29203 0.92255
540.10000 -53.29088 0.92394
540.15000 -53.29018 0.92181
540.20000 -53.28927 0.92318
540.25000 -53.28940 0.92317
540.30000 -53.29047 0.92201
540.35000 -53.29079 0.91947
540.40000 -53.29084 0.91918
540.45000 -53.29030 0.91912
540.50000 -53.29116 0.92024
540.55000 -53.29141 0.91739
540.60000 -53.29195 0.92142
540.65000 -53.29412 0.91921
540.70000 -53.29503 0.91775
540.75000 -53.29700 0.91959
540.80000 -53.29281 0.91861
540.85000 -53.29330 0.91664
540.90000 -53.29264 0.91716
540.95000 -53.29256 0.91891
541.00000 -53.29400 0.91631
541.05000 -53.29236 0.91934
541.10000 -53.29445 0.91934
541.15000 -53.29519 0.92152
541.20000 -53.29297 0.91956
541.25000 -53.29149 0.92431
541.30000 -53.29351 0.92338
541.35000 -53.29285 0.92057
541.40000 -53.29741 0.91863
541.45000 -53.29404 0.91983
541.50000 -53.29597 0.92079
541.55000 -53.29421 0.91772
541.60000 -53.29260 0.92121
541.65000 -53.29417 0.92007
541.70000 -53.29778 0.91912
541.75000 -53.30107 0.91579
541.80000 -53.29967 0.91711
541.85000 -53.30095 0.91652
541.90000 -53.30021 0.91639
541.95000 -53.30103 0.91279
542.00000 -53.30374 0.91545
542.05000 -53.30555 0.91561
542.10000 -53.30358 0.91321
542.15000 -53.30489 0.91050
542.20000 -53.30715 0.91506
542.25000 -53.30699 0.91415
542.30000 -53.31057 0.91349
542.35000 -53.31040 0.91560
542.40000 -53.30999 0.91259
542.45000 -53.30826 0.91109
542.50000 -53.30892 0.91001
542.55000 -53.30904 0.90733
542.60000 -53.30851 0.90555
542.65000 -53.30900 0.90619
542.70000 -53.30978 0.90650
542.75000 -53.30868 0.90439
542.80000 -53.30715 0.90694
542.85000 -53.30674 0.90470
542.90000 -53.30461 0.90548
542.95000 -53.30872 0.90572
543.00000 -53.30983 0.90616
543.05000 -53.31057 0.90418
543.10000 -53.31262 0.90591
543.15000 -53.31094 0.90340
543.20000 -53.30876 0.90283
543.25000 -53.31110 0.90019
543.30000 -53.30983 0.90387
543.35000 -53.30904 0.89953
543.40000 -53.30962 0.90336
543.45000 -53.31184 0.90370
543.50000 -53.31279 0.90084
543.55000 -53.31069 0.90007
543.60000 -53.31196 0.90143
543.65000 -53.31406 0.90164
543.70000 -53.31344 0.89986
543.75000 -53.31579 0.90024
543.80000 -53.31484 0.90021
543.85000 -53.31792 0.90081
543.90000 -53.31809 0.90179
543.95000 -53.31772 0.89842
544.00000 -53.31850 0.90175
544.05000 -53.31940 0.90316
544.10000 -53.32076 0.90456
544.15000 -53.31973 0.90159
544.20000 -53.31821 0.90453
544.25000 -53.31488 0.90522
544.30000 -53.31648 0.90549
544.35000 -53.31821 0.90351
544.40000 -53.31677 0.90586
544.45000 -53.31599 0.90635
544.50000 -53.31209 0.90854
544.55000 -53.31714 0.90952
544.60000 -53.31648 0.91215
544.65000 -53.31459 0.91339
544.70000 -53.31476 0.91769
544.75000 -53.31772 0.91887
544.80000 -53.31381 0.92130
544.85000 -53.31714 0.92213
544.90000 -53.31599 0.92236
544.95000 -53.31505 0.92349
545.00000 -53.31850 0.92331
545.05000 -53.31788 0.92524
545.10000 -53.31698 0.92384
545.15000 -53.31690 0.92705
545.20000 -53.31632 0.92706
545.25000 -53.31743 0.92759
545.30000 -53.31953 0.92714
545.35000 -53.31710 0.92421
545.40000 -53.31870 0.92364
545.45000 -53.32043 0.92290
545.50000 -53.32092 0.92419
545.55000 -53.32027 0.92267
545.60000 -53.31903 0.92149
545.65000 -53.31764 0.92391
545.70000 -53.31875 0.92280
545.75000 -53.31595 0.92484
545.80000 -53.32060 0.92495
545.85000 -53.32031 0.92276
545.90000 -53.31977 0.92991
545.95000 -53.31899 0.92570
546.00000 -53.31690 0.92909
546.05000 -53.31846 0.92949
546.10000 -53.31747 0.93128
546.15000 -53.31846 0.93060
546.20000 -53.32212 0.93143
546.25000 -53.31990 0.93019
546.30000 -53.31776 0.92826
546.35000 -53.31579 0.92839
546.40000 -53.31505 0.92739
546.45000 -53.31513 0.93050
546.50000 -53.31155 0.92963
546.55000 -53.31443 0.92734
546.60000 -53.31574 0.92911
546.65000 -53.31533 0.92974
546.70000 -53.31537 0.93170
546.75000 -53.31398 0.93266
546.80000 -53.31587 0.93001
546.85000 -53.31694 0.92955
546.90000 -53.31558 0.92944
546.95000 -53.31217 0.92759
547.00000 -53.31439 0.93131
547.05000 -53.31661 0.93139
547.10000 -53.31299 0.93523
547.15000 -53.31398 0.93232
547.20000 -53.31447 0.93493
547.25000 -53.31509 0.93653
547.30000 -53.31427 0.93580
547.35000 -53.31480 0.93762
547.40000 -53.31422 0.93509
547.45000 -53.31632 0.93416
547.50000 -53.31681 0.93543
547.55000 -53.31875 0.93629
547.60000 -53.31829 0.93251
547.65000 -53.31858 0.93356
547.70000 -53.31949 0.93022
547.75000 -53.31755 0.92952
547.80000 -53.31739 0.92758
547.85000 -53.31685 0.92871
547.90000 -53.31883 0.92522
547.95000 -53.31821 0.92221
548.00000 -53.31579 0.92524
548.05000 -53.31542 0.92030
548.10000 -53.31784 0.92337
548.15000 -53.31632 0.92278
548.20000 -53.31636 0.92236
548.25000 -53.31472 0.92208
548.30000 -53.31320 0.92180
548.35000 -53.31135 0.91897
548.40000 -53.31032 0.91943
548.45000 -53.31303 0.91884
548.50000 -53.31250 0.91641
548.55000 -53.30851 0.91651
548.60000 -53.30806 0.91568
548.65000 -53.31020 0.91601
548.70000 -53.31040 0.91586
548.75000 -53.31057 0.91556
548.80000 -53.30604 0.91304
548.85000 -53.30970 0.91236
548.90000 -53.30810 0.91193
548.95000 -53.30831 0.91251
549.00000 -53.30666 0.91230
549.05000 -53.30452 0.91291
549.10000 -53.30366 0.91170
549.15000 -53.30567 0.90881
549.20000 -53.30810 0.91019
549.25000 -53.30995 0.91174
549.30000 -53.31217 0.91187
549.35000 -53.31172 0.91191
549.40000 -53.30999 0.91085
549.45000 -53.31188 0.91002
549.50000 -53.31032 0.91203
549.55000 -53.31052 0.90854
549.60000 -53.30987 0.91059
549.65000 -53.30987 0.91023
549.70000 -53.30966 0.91124
549.75000 -53.31077 0.90956
549.80000 -53.31180 0.91217
549.85000 -53.31135 0.91173
549.90000 -53.30941 0.90905
549.95000 -53.30691 0.91142
