0.00000 -63.97
0.05000 -63.96
0.10000 -63.97
0.15000 -63.97
0.20000 -63.97
0.25000 -63.97
0.30000 -63.99
0.35000 -63.99
0.40000 -63.99
0.45000 -64.00
0.50000 -64.02
0.55000 -64.02
0.60000 -64.03
0.65000 -64.03
0.70000 -64.01
0.75000 -64.03
0.80000 -64.01
0.85000 -64.04
0.90000 -64.03
0.95000 -64.04
1.00000 -64.05
1.05000 -64.04
1.10000 -64.02
1.15000 -64.04
1.20000 -64.06
1.25000 -64.06
1.30000 -64.06
1.35000 -64.05
1.40000 -64.05
1.45000 -64.04
1.50000 -64.06
1.55000 -64.05
1.60000 -64.04
1.65000 -64.07
1.70000 -64.06
1.75000 -64.06
1.80000 -64.05
1.85000 -64.02
1.90000 -64.05
1.95000 -64.06
2.00000 -64.06
2.05000 -64.05
2.10000 -64.05
2.15000 -64.05
2.20000 -64.06
2.25000 -64.06
2.30000 -64.06
2.35000 -64.07
2.40000 -64.06
2.45000 -64.05
2.50000 -64.06
2.55000 -64.06
2.60000 -64.06
2.65000 -64.06
2.70000 -64.06
2.75000 -64.04
2.80000 -64.04
2.85000 -64.04
2.90000 -64.03
2.95000 -64.03
3.00000 -64.02
3.05000 -64.01
3.10000 -63.99
3.15000 -64.00
3.20000 -63.99
3.25000 -63.98
3.30000 -63.95
3.35000 -63.95
3.40000 -63.95
3.45000 -63.94
3.50000 -63.95
3.55000 -63.96
3.60000 -63.93
3.65000 -63.95
3.70000 -63.98
3.75000 -63.98
3.80000 -63.97
3.85000 -63.97
3.90000 -63.96
3.95000 -63.97
4.00000 -63.94
4.05000 -63.95
4.10000 -63.97
4.15000 -63.95
4.20000 -63.96
4.25000 -63.94
4.30000 -63.95
4.35000 -63.93
4.40000 -63.96
4.45000 -63.98
4.50000 -63.97
4.55000 -63.98
4.60000 -63.98
4.65000 -63.99
4.70000 -64.00
4.75000 -63.99
4.80000 -64.02
4.85000 -64.01
4.90000 -64.01
4.95000 -64.02
5.00000 -64.02
5.05000 -64.00
5.10000 -64.00
5.15000 -64.01
5.20000 -64.02
5.25000 -64.02
5.30000 -64.02
5.35000 -64.03
5.40000 -64.01
5.45000 -64.00
5.50000 -64.00
5.55000 -63.97
5.60000 -63.98
5.65000 -63.96
5.70000 -63.97
5.75000 -63.98
5.80000 -63.97
5.85000 -63.97
5.90000 -63.93
5.95000 -63.91
6.00000 -63.91
6.05000 -63.92
6.10000 -63.92
6.15000 -63.91
6.20000 -63.93
6.25000 -63.94
6.30000 -63.94
6.35000 -63.96
6.40000 -63.97
6.45000 -63.96
6.50000 -63.97
6.55000 -63.96
6.60000 -63.99
6.65000 -64.01
6.70000 -64.00
6.75000 -63.99
6.80000 -63.98
6.85000 -63.98
6.90000 -63.99
6.95000 -63.99
7.00000 -63.97
7.05000 -63.96
7.10000 -63.97
7.15000 -63.95
7.20000 -63.96
7.25000 -63.98
7.30000 -63.97
7.35000 -63.96
7.40000 -63.97
7.45000 -63.98
7.50000 -63.99
7.55000 -63.99
7.60000 -63.99
7.65000 -63.99
7.70000 -63.97
7.75000 -63.97
7.80000 -63.95
7.85000 -63.94
7.90000 -63.94
7.95000 -63.93
8.00000 -63.91
8.05000 -63.89
8.10000 -63.91
8.15000 -63.93
8.20000 -63.92
8.25000 -63.91
8.30000 -63.89
8.35000 -63.87
8.40000 -63.85
8.45000 -63.86
8.50000 -63.84
8.55000 -63.82
8.60000 -63.80
8.65000 -63.79
8.70000 -63.79
8.75000 -63.77
8.80000 -63.75
8.85000 -63.75
8.90000 -63.73
8.95000 -63.72
9.00000 -63.74
9.05000 -63.75
9.10000 -63.76
9.15000 -63.78
9.20000 -63.77
9.25000 -63.79
9.30000 -63.81
9.35000 -63.81
9.40000 -63.82
9.45000 -63.83
9.50000 -63.86
9.55000 -63.90
9.60000 -63.88
9.65000 -63.91
9.70000 -63.95
9.75000 -63.97
9.80000 -63.96
9.85000 -63.97
9.90000 -63.98
9.95000 -63.98
10.00000 -64.01
10.05000 -63.99
10.10000 -64.00
10.15000 -64.00
10.20000 -64.01
10.25000 -64.01
10.30000 -64.00
10.35000 -64.02
10.40000 -64.01
10.45000 -64.02
10.50000 -64.02
10.55000 -64.02
10.60000 -64.02
10.65000 -64.02
10.70000 -64.00
10.75000 -64.00
10.80000 -64.00
10.85000 -64.00
10.90000 -63.98
10.95000 -63.98
11.00000 -64.00
11.05000 -63.98
11.10000 -63.99
11.15000 -64.00
11.20000 -63.97
11.25000 -63.97
11.30000 -63.97
11.35000 -63.97
11.40000 -63.96
11.45000 -63.98
11.50000 -63.99
11.55000 -63.98
11.60000 -63.99
11.65000 -64.01
11.70000 -64.02
11.75000 -64.04
11.80000 -64.03
11.85000 -64.04
11.90000 -64.04
11.95000 -64.05
12.00000 -64.06
12.05000 -64.06
12.10000 -64.07
12.15000 -64.07
12.20000 -64.07
12.25000 -64.08
12.30000 -64.11
12.35000 -64.11
12.40000 -64.13
12.45000 -64.12
12.50000 -64.13
12.55000 -64.12
12.60000 -64.13
12.65000 -64.16
12.70000 -64.14
12.75000 -64.12
12.80000 -64.10
12.85000 -64.10
12.90000 -64.09
12.95000 -64.10
13.00000 -64.12
13.05000 -64.09
13.10000 -64.10
13.15000 -64.10
13.20000 -64.11
13.25000 -64.11
13.30000 -64.09
13.35000 -64.10
13.40000 -64.10
13.45000 -64.09
13.50000 -64.11
13.55000 -64.11
13.60000 -64.11
13.65000 -64.12
13.70000 -64.10
13.75000 -64.09
13.80000 -64.10
13.85000 -64.09
13.90000 -64.08
13.95000 -64.07
14.00000 -64.08
14.05000 -64.09
14.10000 -64.07
14.15000 -64.06
14.20000 -64.06
14.25000 -64.03
14.30000 -64.00
14.35000 -64.01
14.40000 -64.01
14.45000 -63.99
14.50000 -63.99
14.55000 -63.98
14.60000 -63.99
14.65000 -63.98
14.70000 -63.97
14.75000 -64.00
14.80000 -64.01
14.85000 -64.00
14.90000 -64.02
14.95000 -64.03
15.00000 -64.03
15.05000 -64.01
15.10000 -64.03
15.15000 -64.02
15.20000 -64.02
15.25000 -64.04
15.30000 -64.03
15.35000 -64.02
15.40000 -64.04
15.45000 -64.02
15.50000 -64.03
15.55000 -64.04
15.60000 -64.02
15.65000 -64.03
15.70000 -64.04
15.75000 -64.04
15.80000 -64.06
15.85000 -64.04
15.90000 -64.01
15.95000 -64.02
16.00000 -64.02
16.05000 -64.03
16.10000 -64.01
16.15000 -64.02
16.20000 -64.01
16.25000 -64.02
16.30000 -64.02
16.35000 -64.00
16.40000 -64.01
16.45000 -64.01
16.50000 -64.01
16.55000 -63.98
16.60000 -64.00
16.65000 -63.99
16.70000 -63.96
16.75000 -63.97
16.80000 -63.98
16.85000 -63.97
16.90000 -64.00
16.95000 -64.01
17.00000 -64.02
17.05000 -64.01
17.10000 -64.01
17.15000 -64.00
17.20000 -64.01
17.25000 -64.03
17.30000 -64.03
17.35000 -64.04
17.40000 -64.04
17.45000 -64.04
17.50000 -64.03
17.55000 -64.02
17.60000 -64.03
17.65000 -64.04
17.70000 -64.01
17.75000 -64.03
17.80000 -64.01
17.85000 -64.05
17.90000 -64.02
17.95000 -64.02
18.00000 -64.02
18.05000 -64.03
18.10000 -64.03
18.15000 -64.01
18.20000 -64.01
18.25000 -64.00
18.30000 -64.04
18.35000 -64.03
18.40000 -64.03
18.45000 -64.04
18.50000 -64.04
18.55000 -64.04
18.60000 -64.04
18.65000 -64.06
18.70000 -64.06
18.75000 -64.06
18.80000 -64.06
18.85000 -64.06
18.90000 -64.08
18.95000 -64.08
19.00000 -64.06
19.05000 -64.06
19.10000 -64.05
19.15000 -64.07
19.20000 -64.06
19.25000 -64.05
19.30000 -64.05
19.35000 -64.07
19.40000 -64.07
19.45000 -64.08
19.50000 -64.09
19.55000 -64.08
19.60000 -64.07
19.65000 -64.09
19.70000 -64.08
19.75000 -64.09
19.80000 -64.09
19.85000 -64.08
19.90000 -64.11
19.95000 -64.11
20.00000 -64.11
20.05000 -64.12
20.10000 -64.11
20.15000 -64.13
20.20000 -64.13
20.25000 -64.08
20.30000 -64.09
20.35000 -64.09
20.40000 -64.07
20.45000 -64.08
20.50000 -64.07
20.55000 -64.06
20.60000 -64.04
20.65000 -64.04
20.70000 -64.04
20.75000 -64.07
20.80000 -64.06
20.85000 -64.07
20.90000 -64.06
20.95000 -64.09
21.00000 -64.09
21.05000 -64.09
21.10000 -64.10
21.15000 -64.10
21.20000 -64.11
21.25000 -64.12
21.30000 -64.12
21.35000 -64.14
21.40000 -64.13
21.45000 -64.14
21.50000 -64.15
21.55000 -64.15
21.60000 -64.14
21.65000 -64.16
21.70000 -64.15
21.75000 -64.17
21.80000 -64.17
21.85000 -64.17
21.90000 -64.16
21.95000 -64.16
22.00000 -64.18
22.05000 -64.18
22.10000 -64.17
22.15000 -64.17
22.20000 -64.16
22.25000 -64.17
22.30000 -64.16
22.35000 -64.18
22.40000 -64.19
22.45000 -64.16
22.50000 -64.16
22.55000 -64.17
22.60000 -64.16
22.65000 -64.16
22.70000 -64.15
22.75000 -64.13
22.80000 -64.14
22.85000 -64.12
22.90000 -64.14
22.95000 -64.14
23.00000 -64.14
23.05000 -64.14
23.10000 -64.14
23.15000 -64.16
23.20000 -64.16
23.25000 -64.16
23.30000 -64.16
23.35000 -64.16
23.40000 -64.14
23.45000 -64.14
23.50000 -64.14
23.55000 -64.14
23.60000 -64.13
23.65000 -64.08
23.70000 -64.09
23.75000 -64.08
23.80000 -64.03
23.85000 -64.01
23.90000 -64.00
23.95000 -64.00
24.00000 -63.98
24.05000 -63.99
24.10000 -63.96
24.15000 -63.97
24.20000 -63.97
24.25000 -63.96
24.30000 -63.94
24.35000 -63.95
24.40000 -63.96
24.45000 -63.96
24.50000 -63.96
24.55000 -63.96
24.60000 -63.98
24.65000 -63.97
24.70000 -63.96
24.75000 -63.93
24.80000 -63.92
24.85000 -63.91
24.90000 -63.89
24.95000 -63.87
25.00000 -63.86
25.05000 -63.83
25.10000 -63.81
25.15000 -63.82
25.20000 -63.80
25.25000 -63.79
25.30000 -63.79
25.35000 -63.80
25.40000 -63.81
25.45000 -63.80
25.50000 -63.81
25.55000 -63.83
25.60000 -63.81
25.65000 -63.81
25.70000 -63.80
25.75000 -63.82
25.80000 -63.82
25.85000 -63.80
25.90000 -63.81
25.95000 -63.81
26.00000 -63.81
26.05000 -63.82
26.10000 -63.81
26.15000 -63.80
26.20000 -63.80
26.25000 -63.83
26.30000 -63.83
26.35000 -63.82
26.40000 -63.82
26.45000 -63.85
26.50000 -63.84
26.55000 -63.83
26.60000 -63.84
26.65000 -63.85
26.70000 -63.88
26.75000 -63.86
26.80000 -63.86
26.85000 -63.86
26.90000 -63.86
26.95000 -63.85
27.00000 -63.87
27.05000 -63.86
27.10000 -63.84
27.15000 -63.85
27.20000 -63.87
27.25000 -63.89
27.30000 -63.88
27.35000 -63.88
27.40000 -63.88
27.45000 -63.88
27.50000 -63.88
27.55000 -63.90
27.60000 -63.90
27.65000 -63.93
27.70000 -63.91
27.75000 -63.93
27.80000 -63.93
27.85000 -63.93
27.90000 -63.96
27.95000 -63.96
28.00000 -63.96
28.05000 -63.99
28.10000 -63.99
28.15000 -63.95
28.20000 -63.98
28.25000 -64.00
28.30000 -63.99
28.35000 -64.00
28.40000 -63.99
28.45000 -64.01
28.50000 -64.00
28.55000 -64.01
28.60000 -64.02
28.65000 -64.02
28.70000 -64.04
28.75000 -64.05
28.80000 -64.05
28.85000 -64.06
28.90000 -64.07
28.95000 -64.08
29.00000 -64.08
29.05000 -64.09
29.10000 -64.10
29.15000 -64.10
29.20000 -64.12
29.25000 -64.13
29.30000 -64.12
29.35000 -64.13
29.40000 -64.12
29.45000 -64.12
29.50000 -64.13
29.55000 -64.13
29.60000 -64.14
29.65000 -64.15
29.70000 -64.14
29.75000 -64.17
29.80000 -64.16
29.85000 -64.17
29.90000 -64.15
29.95000 -64.14
30.00000 -64.11
30.05000 -64.12
30.10000 -64.11
30.15000 -64.10
30.20000 -64.09
30.25000 -64.10
30.30000 -64.11
30.35000 -64.09
30.40000 -64.10
30.45000 -64.10
30.50000 -64.11
30.55000 -64.11
30.60000 -64.11
30.65000 -64.11
30.70000 -64.11
30.75000 -64.11
30.80000 -64.12
30.85000 -64.14
30.90000 -64.16
30.95000 -64.14
31.00000 -64.15
31.05000 -64.16
31.10000 -64.16
31.15000 -64.15
31.20000 -64.15
31.25000 -64.14
31.30000 -64.16
31.35000 -64.15
31.40000 -64.16
31.45000 -64.16
31.50000 -64.17
31.55000 -64.16
31.60000 -64.16
31.65000 -64.16
31.70000 -64.16
31.75000 -64.15
31.80000 -64.12
31.85000 -64.12
31.90000 -64.12
31.95000 -64.10
32.00000 -64.07
32.05000 -64.08
32.10000 -64.07
32.15000 -64.06
32.20000 -64.07
32.25000 -64.08
32.30000 -64.08
32.35000 -64.07
32.40000 -64.10
32.45000 -64.09
32.50000 -64.09
32.55000 -64.09
32.60000 -64.09
32.65000 -64.07
32.70000 -64.09
32.75000 -64.07
32.80000 -64.08
32.85000 -64.09
32.90000 -64.08
32.95000 -64.03
33.00000 -64.03
33.05000 -64.02
33.10000 -64.02
33.15000 -64.04
33.20000 -64.01
33.25000 -64.02
33.30000 -64.05
33.35000 -64.05
33.40000 -64.05
33.45000 -64.06
33.50000 -64.07
33.55000 -64.05
33.60000 -64.06
33.65000 -64.07
33.70000 -64.08
33.75000 -64.06
33.80000 -64.08
33.85000 -64.08
33.90000 -64.08
33.95000 -64.08
34.00000 -64.10
34.05000 -64.10
34.10000 -64.11
34.15000 -64.10
34.20000 -64.10
34.25000 -64.11
34.30000 -64.11
34.35000 -64.12
34.40000 -64.11
34.45000 -64.12
34.50000 -64.12
34.55000 -64.12
34.60000 -64.12
34.65000 -64.14
34.70000 -64.10
34.75000 -64.11
34.80000 -64.13
34.85000 -64.12
34.90000 -64.10
34.95000 -64.09
35.00000 -64.08
35.05000 -64.08
35.10000 -64.05
35.15000 -64.05
35.20000 -64.06
35.25000 -64.05
35.30000 -64.03
35.35000 -64.04
35.40000 -64.05
35.45000 -64.04
35.50000 -64.09
35.55000 -64.10
35.60000 -64.10
35.65000 -64.10
35.70000 -64.10
35.75000 -64.11
35.80000 -64.08
35.85000 -64.09
35.90000 -64.11
35.95000 -64.08
36.00000 -64.11
36.05000 -64.11
36.10000 -64.10
36.15000 -64.12
36.20000 -64.10
36.25000 -64.11
36.30000 -64.10
36.35000 -64.12
36.40000 -64.13
36.45000 -64.09
36.50000 -64.09
36.55000 -64.09
36.60000 -64.10
36.65000 -64.11
36.70000 -64.09
36.75000 -64.09
36.80000 -64.07
36.85000 -64.06
36.90000 -64.06
36.95000 -64.06
37.00000 -64.07
37.05000 -64.08
37.10000 -64.06
37.15000 -64.05
37.20000 -64.05
37.25000 -64.05
37.30000 -64.06
37.35000 -64.05
37.40000 -64.05
37.45000 -64.04
37.50000 -64.05
37.55000 -64.07
37.60000 -64.06
37.65000 -64.07
37.70000 -64.07
37.75000 -64.04
37.80000 -64.04
37.85000 -64.04
37.90000 -64.03
37.95000 -64.05
38.00000 -64.03
38.05000 -64.05
38.10000 -64.07
38.15000 -64.07
38.20000 -64.09
38.25000 -64.08
38.30000 -64.07
38.35000 -64.06
38.40000 -64.04
38.45000 -64.05
38.50000 -64.04
38.55000 -64.05
38.60000 -64.05
38.65000 -64.04
38.70000 -64.06
38.75000 -64.06
38.80000 -64.04
38.85000 -64.04
38.90000 -64.05
38.95000 -64.01
39.00000 -63.99
39.05000 -63.98
39.10000 -63.96
39.15000 -63.94
39.20000 -63.93
39.25000 -63.94
39.30000 -63.90
39.35000 -63.90
39.40000 -63.91
39.45000 -63.89
39.50000 -63.88
39.55000 -63.88
39.60000 -63.89
39.65000 -63.89
39.70000 -63.90
39.75000 -63.87
39.80000 -63.88
39.85000 -63.83
39.90000 -63.82
39.95000 -63.81
40.00000 -63.79
40.05000 -63.79
40.10000 -63.78
40.15000 -63.78
40.20000 -63.77
40.25000 -63.78
40.30000 -63.79
40.35000 -63.76
40.40000 -63.76
40.45000 -63.77
40.50000 -63.79
40.55000 -63.79
40.60000 -63.78
40.65000 -63.77
40.70000 -63.79
40.75000 -63.79
40.80000 -63.79
40.85000 -63.79
40.90000 -63.81
40.95000 -63.80
41.00000 -63.79
41.05000 -63.79
41.10000 -63.79
41.15000 -63.79
41.20000 -63.78
41.25000 -63.78
41.30000 -63.77
41.35000 -63.76
41.40000 -63.76
41.45000 -63.77
41.50000 -63.79
41.55000 -63.77
41.60000 -63.77
41.65000 -63.76
41.70000 -63.78
41.75000 -63.79
41.80000 -63.80
41.85000 -63.82
41.90000 -63.83
41.95000 -63.84
42.00000 -63.85
42.05000 -63.85
42.10000 -63.88
42.15000 -63.89
42.20000 -63.90
42.25000 -63.93
42.30000 -63.96
42.35000 -63.96
42.40000 -63.96
42.45000 -63.97
42.50000 -63.98
42.55000 -63.99
42.60000 -63.99
42.65000 -63.99
42.70000 -64.00
42.75000 -64.01
42.80000 -64.01
42.85000 -64.00
42.90000 -64.03
42.95000 -64.02
43.00000 -64.04
43.05000 -64.04
43.10000 -64.05
43.15000 -64.05
43.20000 -64.06
43.25000 -64.07
43.30000 -64.06
43.35000 -64.08
43.40000 -64.09
43.45000 -64.09
43.50000 -64.08
43.55000 -64.09
43.60000 -64.12
43.65000 -64.09
43.70000 -64.08
43.75000 -64.07
43.80000 -64.10
43.85000 -64.13
43.90000 -64.12
43.95000 -64.10
44.00000 -64.12
44.05000 -64.14
44.10000 -64.14
44.15000 -64.14
44.20000 -64.13
44.25000 -64.15
44.30000 -64.13
44.35000 -64.13
44.40000 -64.13
44.45000 -64.13
44.50000 -64.13
44.55000 -64.15
44.60000 -64.14
44.65000 -64.13
44.70000 -64.12
44.75000 -64.11
44.80000 -64.11
44.85000 -64.10
44.90000 -64.14
44.95000 -64.14
45.00000 -64.14
45.05000 -64.12
45.10000 -64.13
45.15000 -64.11
45.20000 -64.12
45.25000 -64.11
45.30000 -64.10
45.35000 -64.10
45.40000 -64.10
45.45000 -64.12
45.50000 -64.13
45.55000 -64.15
45.60000 -64.15
45.65000 -64.15
45.70000 -64.16
45.75000 -64.15
45.80000 -64.16
45.85000 -64.16
45.90000 -64.16
45.95000 -64.12
46.00000 -64.13
46.05000 -64.12
46.10000 -64.10
46.15000 -64.07
46.20000 -64.09
46.25000 -64.08
46.30000 -64.07
46.35000 -64.07
46.40000 -64.06
46.45000 -64.05
46.50000 -64.06
46.55000 -64.04
46.60000 -64.01
46.65000 -64.00
46.70000 -63.99
46.75000 -63.99
46.80000 -64.01
46.85000 -64.00
46.90000 -64.00
46.95000 -64.00
47.00000 -64.00
47.05000 -64.01
47.10000 -64.02
47.15000 -64.04
47.20000 -64.02
47.25000 -64.01
47.30000 -64.01
47.35000 -64.04
47.40000 -64.05
47.45000 -64.04
47.50000 -64.05
47.55000 -64.07
47.60000 -64.07
47.65000 -64.08
47.70000 -64.09
47.75000 -64.07
47.80000 -64.08
47.85000 -64.10
47.90000 -64.11
47.95000 -64.10
48.00000 -64.09
48.05000 -64.08
48.10000 -64.08
48.15000 -64.06
48.20000 -64.05
48.25000 -64.06
48.30000 -64.05
48.35000 -64.06
48.40000 -64.07
48.45000 -64.06
48.50000 -64.07
48.55000 -64.07
48.60000 -64.07
48.65000 -64.08
48.70000 -64.08
48.75000 -64.09
48.80000 -64.07
48.85000 -64.07
48.90000 -64.07
48.95000 -64.08
49.00000 -64.07
49.05000 -64.08
49.10000 -64.07
49.15000 -64.05
49.20000 -64.05
49.25000 -64.06
49.30000 -64.07
49.35000 -64.07
49.40000 -64.04
49.45000 -64.07
49.50000 -64.07
49.55000 -64.08
49.60000 -64.07
49.65000 -64.06
49.70000 -64.07
49.75000 -64.07
49.80000 -64.08
49.85000 -64.07
49.90000 -64.06
49.95000 -64.07
50.00000 -64.08
50.05000 -64.07
50.10000 -64.06
50.15000 -64.07
50.20000 -64.04
50.25000 -64.02
50.30000 -64.04
50.35000 -64.03
50.40000 -64.02
50.45000 -64.01
50.50000 -64.01
50.55000 -64.01
50.60000 -64.03
50.65000 -64.04
50.70000 -64.00
50.75000 -64.01
50.80000 -64.01
50.85000 -64.04
50.90000 -64.03
50.95000 -64.04
51.00000 -64.02
51.05000 -64.06
51.10000 -64.07
51.15000 -64.06
51.20000 -64.06
51.25000 -64.06
51.30000 -64.07
51.35000 -64.08
51.40000 -64.07
51.45000 -64.06
51.50000 -64.07
51.55000 -64.07
51.60000 -64.06
51.65000 -64.05
51.70000 -64.07
51.75000 -64.05
51.80000 -64.04
51.85000 -64.06
51.90000 -64.06
51.95000 -64.05
52.00000 -64.06
52.05000 -64.04
52.10000 -64.03
52.15000 -64.02
52.20000 -64.02
52.25000 -64.02
52.30000 -64.03
52.35000 -64.02
52.40000 -64.00
52.45000 -63.99
52.50000 -63.98
52.55000 -64.00
52.60000 -63.99
52.65000 -63.98
52.70000 -63.97
52.75000 -63.96
52.80000 -63.98
52.85000 -63.99
52.90000 -64.00
52.95000 -64.00
53.00000 -64.01
53.05000 -64.02
53.10000 -64.00
53.15000 -64.01
53.20000 -64.01
53.25000 -64.02
53.30000 -64.02
53.35000 -63.99
53.40000 -64.01
53.45000 -64.03
53.50000 -64.02
53.55000 -64.03
53.60000 -64.04
53.65000 -64.04
53.70000 -64.02
53.75000 -64.04
53.80000 -64.04
53.85000 -64.03
53.90000 -64.02
53.95000 -64.01
54.00000 -64.03
54.05000 -64.04
54.10000 -64.02
54.15000 -64.05
54.20000 -64.05
54.25000 -64.06
54.30000 -64.08
54.35000 -64.08
54.40000 -64.09
54.45000 -64.10
54.50000 -64.09
54.55000 -64.11
54.60000 -64.11
54.65000 -64.13
54.70000 -64.15
54.75000 -64.13
54.80000 -64.13
54.85000 -64.15
54.90000 -64.14
54.95000 -64.16
55.00000 -64.13
55.05000 -64.14
55.10000 -64.14
55.15000 -64.14
55.20000 -64.17
55.25000 -64.16
55.30000 -64.17
55.35000 -64.15
55.40000 -64.12
55.45000 -64.14
55.50000 -64.14
55.55000 -64.12
55.60000 -64.12
55.65000 -64.10
55.70000 -64.12
55.75000 -64.11
55.80000 -64.12
55.85000 -64.09
55.90000 -64.10
55.95000 -64.09
56.00000 -64.08
56.05000 -64.08
56.10000 -64.06
56.15000 -64.05
56.20000 -64.03
56.25000 -64.03
56.30000 -64.03
56.35000 -64.03
56.40000 -64.02
56.45000 -64.01
56.50000 -64.02
56.55000 -64.00
56.60000 -63.99
56.65000 -63.99
56.70000 -64.01
56.75000 -64.01
56.80000 -64.02
56.85000 -64.02
56.90000 -64.02
56.95000 -64.01
57.00000 -64.02
57.05000 -64.02
57.10000 -64.01
57.15000 -64.02
57.20000 -64.00
57.25000 -64.00
57.30000 -64.00
57.35000 -64.00
57.40000 -64.02
57.45000 -64.01
57.50000 -64.01
57.55000 -64.02
57.60000 -64.03
57.65000 -64.03
57.70000 -64.02
57.75000 -64.01
57.80000 -64.00
57.85000 -64.00
57.90000 -63.98
57.95000 -63.97
58.00000 -63.96
58.05000 -63.95
58.10000 -63.95
58.15000 -63.94
58.20000 -63.95
58.25000 -63.94
58.30000 -63.96
58.35000 -63.97
58.40000 -63.96
58.45000 -63.96
58.50000 -63.97
58.55000 -63.98
58.60000 -63.97
58.65000 -63.98
58.70000 -63.99
58.75000 -63.99
58.80000 -63.98
58.85000 -64.01
58.90000 -64.01
58.95000 -64.01
59.00000 -64.00
59.05000 -64.01
59.10000 -64.02
59.15000 -64.03
59.20000 -64.04
59.25000 -64.04
59.30000 -64.07
59.35000 -64.09
59.40000 -64.08
59.45000 -64.09
59.50000 -64.12
59.55000 -64.13
59.60000 -64.12
59.65000 -64.13
59.70000 -64.14
59.75000 -64.14
59.80000 -64.13
59.85000 -64.13
59.90000 -64.13
59.95000 -64.13
60.00000 -64.11
60.05000 -64.09
60.10000 -64.13
60.15000 -64.11
60.20000 -64.11
60.25000 -64.08
60.30000 -64.09
60.35000 -64.07
60.40000 -64.06
60.45000 -64.04
60.50000 -64.04
60.55000 -64.07
60.60000 -64.05
60.65000 -64.03
60.70000 -64.03
60.75000 -64.05
60.80000 -64.06
60.85000 -64.06
60.90000 -64.03
60.95000 -64.01
61.00000 -64.01
61.05000 -64.01
61.10000 -64.01
61.15000 -64.00
61.20000 -64.00
61.25000 -63.98
61.30000 -63.96
61.35000 -63.95
61.40000 -63.97
61.45000 -63.92
61.50000 -63.94
61.55000 -63.95
61.60000 -63.95
61.65000 -63.95
61.70000 -63.94
61.75000 -63.95
61.80000 -63.96
61.85000 -63.95
61.90000 -63.95
61.95000 -63.96
62.00000 -63.95
62.05000 -63.97
62.10000 -63.97
62.15000 -63.96
62.20000 -63.95
62.25000 -63.95
62.30000 -63.97
62.35000 -63.96
62.40000 -63.96
62.45000 -63.96
62.50000 -63.97
62.55000 -63.96
62.60000 -63.94
62.65000 -63.97
62.70000 -63.97
62.75000 -63.99
62.80000 -63.96
62.85000 -63.96
62.90000 -63.96
62.95000 -63.96
63.00000 -63.97
63.05000 -63.97
63.10000 -63.98
63.15000 -63.98
63.20000 -64.00
63.25000 -64.03
63.30000 -64.05
63.35000 -64.06
63.40000 -64.05
63.45000 -64.07
63.50000 -64.08
63.55000 -64.09
63.60000 -64.08
63.65000 -64.08
63.70000 -64.11
63.75000 -64.09
63.80000 -64.09
63.85000 -64.09
63.90000 -64.10
63.95000 -64.10
64.00000 -64.08
64.05000 -64.09
64.10000 -64.09
64.15000 -64.10
64.20000 -64.09
64.25000 -64.11
64.30000 -64.10
64.35000 -64.11
64.40000 -64.10
64.45000 -64.09
64.50000 -64.08
64.55000 -64.06
64.60000 -64.08
64.65000 -64.08
64.70000 -64.05
64.75000 -64.03
64.80000 -64.03
64.85000 -64.01
64.90000 -64.02
64.95000 -64.01
65.00000 -64.01
65.05000 -64.00
65.10000 -63.98
65.15000 -64.00
65.20000 -63.98
65.25000 -64.00
65.30000 -64.00
65.35000 -64.00
65.40000 -64.00
65.45000 -64.00
65.50000 -64.01
65.55000 -64.02
65.60000 -64.00
65.65000 -64.01
65.70000 -63.97
65.75000 -64.00
65.80000 -63.99
65.85000 -64.00
65.90000 -63.98
65.95000 -63.98
66.00000 -63.97
66.05000 -63.97
66.10000 -63.96
66.15000 -63.96
66.20000 -63.97
66.25000 -63.97
66.30000 -63.98
66.35000 -63.99
66.40000 -64.00
66.45000 -63.99
66.50000 -64.02
66.55000 -64.02
66.60000 -64.00
66.65000 -64.00
66.70000 -64.00
66.75000 -64.00
66.80000 -64.01
66.85000 -63.99
66.90000 -63.99
66.95000 -64.00
67.00000 -63.98
67.05000 -63.98
67.10000 -63.97
67.15000 -63.98
67.20000 -63.98
67.25000 -63.97
67.30000 -63.98
67.35000 -63.98
67.40000 -63.97
67.45000 -63.97
67.50000 -63.99
67.55000 -64.01
67.60000 -64.00
67.65000 -64.03
67.70000 -64.02
67.75000 -64.01
67.80000 -64.00
67.85000 -64.02
67.90000 -64.00
67.95000 -64.00
68.00000 -63.99
68.05000 -64.02
68.10000 -64.00
68.15000 -63.99
68.20000 -64.01
68.25000 -64.01
68.30000 -64.00
68.35000 -64.02
68.40000 -64.03
68.45000 -64.02
68.50000 -64.02
68.55000 -64.02
68.60000 -64.03
68.65000 -64.06
68.70000 -64.06
68.75000 -64.08
68.80000 -64.07
68.85000 -64.08
68.90000 -64.07
68.95000 -64.10
69.00000 -64.08
69.05000 -64.10
69.10000 -64.09
69.15000 -64.10
69.20000 -64.08
69.25000 -64.10
69.30000 -64.07
69.35000 -64.09
69.40000 -64.08
69.45000 -64.06
69.50000 -64.03
69.55000 -64.03
69.60000 -64.03
69.65000 -64.02
69.70000 -64.00
69.75000 -63.99
69.80000 -64.00
69.85000 -63.97
69.90000 -63.95
69.95000 -63.94
70.00000 -63.95
70.05000 -63.95
70.10000 -63.96
70.15000 -63.97
70.20000 -63.96
70.25000 -63.96
70.30000 -63.95
70.35000 -63.98
70.40000 -64.00
70.45000 -63.97
70.50000 -64.00
70.55000 -64.00
70.60000 -63.99
70.65000 -64.00
70.70000 -64.00
70.75000 -64.02
70.80000 -64.00
70.85000 -63.99
70.90000 -63.99
70.95000 -64.01
71.00000 -63.97
71.05000 -63.98
71.10000 -63.98
71.15000 -63.98
71.20000 -63.97
71.25000 -63.98
71.30000 -63.98
71.35000 -64.00
71.40000 -63.99
71.45000 -63.99
71.50000 -64.00
71.55000 -64.00
71.60000 -64.00
71.65000 -64.00
71.70000 -64.02
71.75000 -64.04
71.80000 -64.03
71.85000 -64.04
71.90000 -64.04
71.95000 -64.04
72.00000 -64.06
72.05000 -64.07
72.10000 -64.10
72.15000 -64.08
72.20000 -64.11
72.25000 -64.09
72.30000 -64.11
72.35000 -64.12
72.40000 -64.12
72.45000 -64.12
72.50000 -64.14
72.55000 -64.11
72.60000 -64.12
72.65000 -64.13
72.70000 -64.12
72.75000 -64.12
72.80000 -64.14
72.85000 -64.14
72.90000 -64.15
72.95000 -64.14
73.00000 -64.12
73.05000 -64.14
73.10000 -64.14
73.15000 -64.13
73.20000 -64.12
73.25000 -64.14
73.30000 -64.11
73.35000 -64.11
73.40000 -64.08
73.45000 -64.09
73.50000 -64.08
73.55000 -64.08
73.60000 -64.07
73.65000 -64.06
73.70000 -64.06
73.75000 -64.10
73.80000 -64.06
73.85000 -64.07
73.90000 -64.06
73.95000 -64.07
74.00000 -64.05
74.05000 -64.05
74.10000 -64.06
74.15000 -64.06
74.20000 -64.05
74.25000 -64.06
74.30000 -64.06
74.35000 -64.06
74.40000 -64.06
74.45000 -64.09
74.50000 -64.10
74.55000 -64.08
74.60000 -64.07
74.65000 -64.09
74.70000 -64.10
74.75000 -64.10
74.80000 -64.10
74.85000 -64.11
74.90000 -64.10
74.95000 -64.11
75.00000 -64.11
75.05000 -64.11
75.10000 -64.11
75.15000 -64.13
75.20000 -64.14
75.25000 -64.12
75.30000 -64.14
75.35000 -64.15
75.40000 -64.15
75.45000 -64.16
75.50000 -64.15
75.55000 -64.16
75.60000 -64.13
75.65000 -64.16
75.70000 -64.15
75.75000 -64.17
75.80000 -64.16
75.85000 -64.17
75.90000 -64.16
75.95000 -64.17
76.00000 -64.15
76.05000 -64.13
76.10000 -64.13
76.15000 -64.13
76.20000 -64.16
76.25000 -64.19
76.30000 -64.17
76.35000 -64.16
76.40000 -64.14
76.45000 -64.16
76.50000 -64.16
76.55000 -64.16
76.60000 -64.19
76.65000 -64.19
76.70000 -64.18
76.75000 -64.21
76.80000 -64.19
76.85000 -64.22
76.90000 -64.22
76.95000 -64.22
77.00000 -64.18
77.05000 -64.20
77.10000 -64.19
77.15000 -64.19
77.20000 -64.20
77.25000 -64.20
77.30000 -64.17
77.35000 -64.18
77.40000 -64.18
77.45000 -64.16
77.50000 -64.16
77.55000 -64.14
77.60000 -64.16
77.65000 -64.17
77.70000 -64.17
77.75000 -64.17
77.80000 -64.17
77.85000 -64.16
77.90000 -64.15
77.95000 -64.18
78.00000 -64.15
78.05000 -64.13
78.10000 -64.13
78.15000 -64.12
78.20000 -64.09
78.25000 -64.09
78.30000 -64.08
78.35000 -64.08
78.40000 -64.05
78.45000 -64.08
78.50000 -64.09
78.55000 -64.09
78.60000 -64.09
78.65000 -64.08
78.70000 -64.08
78.75000 -64.10
78.80000 -64.10
78.85000 -64.11
78.90000 -64.14
78.95000 -64.14
79.00000 -64.14
79.05000 -64.16
79.10000 -64.18
79.15000 -64.15
79.20000 -64.15
79.25000 -64.16
79.30000 -64.16
79.35000 -64.12
79.40000 -64.08
79.45000 -64.07
79.50000 -64.09
79.55000 -64.06
79.60000 -64.07
79.65000 -64.04
79.70000 -64.06
79.75000 -64.05
79.80000 -64.03
79.85000 -64.02
79.90000 -64.02
79.95000 -64.03
80.00000 -64.04
80.05000 -64.04
80.10000 -64.02
80.15000 -64.00
80.20000 -64.00
80.25000 -64.02
80.30000 -64.01
80.35000 -63.99
80.40000 -64.00
80.45000 -64.00
80.50000 -63.99
80.55000 -64.01
80.60000 -64.01
80.65000 -64.00
80.70000 -64.01
80.75000 -64.01
80.80000 -64.03
80.85000 -64.02
80.90000 -64.03
80.95000 -64.04
81.00000 -64.03
81.05000 -64.04
81.10000 -64.02
81.15000 -64.04
81.20000 -64.04
81.25000 -64.04
81.30000 -64.03
81.35000 -64.05
81.40000 -64.03
81.45000 -64.02
81.50000 -64.02
81.55000 -64.00
81.60000 -64.02
81.65000 -64.02
81.70000 -64.03
81.75000 -64.02
81.80000 -64.02
81.85000 -64.02
81.90000 -64.04
81.95000 -64.03
82.00000 -64.02
82.05000 -64.00
82.10000 -64.03
82.15000 -64.02
82.20000 -64.00
82.25000 -64.00
82.30000 -64.00
82.35000 -63.99
82.40000 -63.99
82.45000 -64.00
82.50000 -64.00
82.55000 -63.98
82.60000 -63.98
82.65000 -63.99
82.70000 -64.02
82.75000 -64.03
82.80000 -64.04
82.85000 -64.05
82.90000 -64.07
82.95000 -64.07
83.00000 -64.09
83.05000 -64.07
83.10000 -64.09
83.15000 -64.09
83.20000 -64.09
83.25000 -64.08
83.30000 -64.08
83.35000 -64.09
83.40000 -64.08
83.45000 -64.09
83.50000 -64.09
83.55000 -64.09
83.60000 -64.10
83.65000 -64.10
83.70000 -64.11
83.75000 -64.08
83.80000 -64.11
83.85000 -64.11
83.90000 -64.12
83.95000 -64.12
84.00000 -64.11
84.05000 -64.12
84.10000 -64.12
84.15000 -64.13
84.20000 -64.12
84.25000 -64.09
84.30000 -64.09
84.35000 -64.07
84.40000 -64.06
84.45000 -64.04
84.50000 -64.04
84.55000 -64.03
84.60000 -64.02
84.65000 -64.00
84.70000 -63.98
84.75000 -63.99
84.80000 -63.96
84.85000 -63.97
84.90000 -63.97
84.95000 -63.98
85.00000 -63.98
85.05000 -63.98
85.10000 -63.98
85.15000 -64.01
85.20000 -64.01
85.25000 -64.00
85.30000 -64.03
85.35000 -64.03
85.40000 -64.04
85.45000 -64.05
85.50000 -64.04
85.55000 -64.06
85.60000 -64.07
85.65000 -64.05
85.70000 -64.09
85.75000 -64.09
85.80000 -64.10
85.85000 -64.10
85.90000 -64.10
85.95000 -64.10
86.00000 -64.09
86.05000 -64.10
86.10000 -64.11
86.15000 -64.12
86.20000 -64.11
86.25000 -64.10
86.30000 -64.14
86.35000 -64.13
86.40000 -64.13
86.45000 -64.13
86.50000 -64.13
86.55000 -64.12
86.60000 -64.11
86.65000 -64.11
86.70000 -64.11
86.75000 -64.10
86.80000 -64.12
86.85000 -64.11
86.90000 -64.11
86.95000 -64.12
87.00000 -64.11
87.05000 -64.13
87.10000 -64.13
87.15000 -64.13
87.20000 -64.12
87.25000 -64.11
87.30000 -64.11
87.35000 -64.11
87.40000 -64.12
87.45000 -64.13
87.50000 -64.12
87.55000 -64.10
87.60000 -64.10
87.65000 -64.11
87.70000 -64.09
87.75000 -64.07
87.80000 -64.07
87.85000 -64.08
87.90000 -64.10
87.95000 -64.10
88.00000 -64.11
88.05000 -64.11
88.10000 -64.11
88.15000 -64.11
88.20000 -64.11
88.25000 -64.12
88.30000 -64.12
88.35000 -64.10
88.40000 -64.11
88.45000 -64.12
88.50000 -64.10
88.55000 -64.09
88.60000 -64.09
88.65000 -64.10
88.70000 -64.09
88.75000 -64.10
88.80000 -64.08
88.85000 -64.08
88.90000 -64.04
88.95000 -64.02
89.00000 -64.02
89.05000 -64.00
89.10000 -64.00
89.15000 -63.99
89.20000 -64.00
89.25000 -64.00
89.30000 -64.00
89.35000 -63.99
89.40000 -64.00
89.45000 -64.00
89.50000 -64.00
89.55000 -64.00
89.60000 -64.01
89.65000 -64.02
89.70000 -64.03
89.75000 -64.04
89.80000 -64.03
89.85000 -64.05
89.90000 -64.04
89.95000 -64.02
90.00000 -64.02
90.05000 -64.05
90.10000 -64.02
90.15000 -64.02
90.20000 -64.00
90.25000 -64.01
90.30000 -64.01
90.35000 -64.01
90.40000 -64.01
90.45000 -64.02
90.50000 -64.02
90.55000 -64.01
90.60000 -64.03
90.65000 -64.03
90.70000 -64.02
90.75000 -64.02
90.80000 -64.00
90.85000 -64.00
90.90000 -64.01
90.95000 -64.01
91.00000 -64.03
91.05000 -64.03
91.10000 -64.04
91.15000 -64.04
91.20000 -64.04
91.25000 -64.05
91.30000 -64.04
91.35000 -64.04
91.40000 -64.05
91.45000 -64.04
91.50000 -64.06
91.55000 -64.05
91.60000 -64.05
91.65000 -64.01
91.70000 -64.00
91.75000 -64.00
91.80000 -63.99
91.85000 -63.98
91.90000 -63.99
91.95000 -63.99
92.00000 -63.97
92.05000 -63.97
92.10000 -63.98
92.15000 -63.96
92.20000 -63.95
92.25000 -63.94
92.30000 -63.94
92.35000 -63.92
92.40000 -63.92
92.45000 -63.91
92.50000 -63.93
92.55000 -63.92
92.60000 -63.93
92.65000 -63.93
92.70000 -63.92
92.75000 -63.92
92.80000 -63.92
92.85000 -63.92
92.90000 -63.95
92.95000 -63.96
93.00000 -63.96
93.05000 -63.96
93.10000 -63.97
93.15000 -63.96
93.20000 -63.95
93.25000 -63.95
93.30000 -63.96
93.35000 -63.96
93.40000 -64.00
93.45000 -63.97
93.50000 -63.96
93.55000 -63.95
93.60000 -63.98
93.65000 -63.97
93.70000 -63.98
93.75000 -63.98
93.80000 -63.98
93.85000 -63.97
93.90000 -63.98
93.95000 -63.97
94.00000 -63.98
94.05000 -63.98
94.10000 -63.98
94.15000 -63.98
94.20000 -63.94
94.25000 -63.96
94.30000 -63.97
94.35000 -63.98
94.40000 -63.99
94.45000 -63.98
94.50000 -63.99
94.55000 -64.00
94.60000 -63.99
94.65000 -64.01
94.70000 -64.01
94.75000 -64.01
94.80000 -64.01
94.85000 -64.00
94.90000 -63.99
94.95000 -64.00
95.00000 -64.01
95.05000 -64.01
95.10000 -64.02
95.15000 -64.03
95.20000 -64.00
95.25000 -64.02
95.30000 -64.03
95.35000 -64.06
95.40000 -64.06
95.45000 -64.06
95.50000 -64.08
95.55000 -64.07
95.60000 -64.09
95.65000 -64.09
95.70000 -64.07
95.75000 -64.11
95.80000 -64.11
95.85000 -64.13
95.90000 -64.13
95.95000 -64.15
96.00000 -64.17
96.05000 -64.18
96.10000 -64.18
96.15000 -64.19
96.20000 -64.18
96.25000 -64.18
96.30000 -64.18
96.35000 -64.19
96.40000 -64.21
96.45000 -64.19
96.50000 -64.18
96.55000 -64.18
96.60000 -64.20
96.65000 -64.17
96.70000 -64.15
96.75000 -64.13
96.80000 -64.13
96.85000 -64.12
96.90000 -64.11
96.95000 -64.09
97.00000 -64.10
97.05000 -64.09
97.10000 -64.08
97.15000 -64.07
97.20000 -64.07
97.25000 -64.08
97.30000 -64.10
97.35000 -64.09
97.40000 -64.07
97.45000 -64.06
97.50000 -64.04
97.55000 -64.04
97.60000 -64.03
97.65000 -64.02
97.70000 -64.00
97.75000 -64.00
97.80000 -64.00
97.85000 -64.01
97.90000 -64.01
97.95000 -64.02
98.00000 -64.02
98.05000 -64.03
98.10000 -64.03
98.15000 -64.04
98.20000 -64.05
98.25000 -64.05
98.30000 -64.02
98.35000 -64.03
98.40000 -64.01
98.45000 -64.01
98.50000 -64.00
98.55000 -64.01
98.60000 -64.01
98.65000 -64.01
98.70000 -64.02
98.75000 -64.03
98.80000 -64.03
98.85000 -64.04
98.90000 -64.04
98.95000 -64.03
99.00000 -64.04
99.05000 -64.04
99.10000 -64.04
99.15000 -64.08
99.20000 -64.07
99.25000 -64.06
99.30000 -64.08
99.35000 -64.10
99.40000 -64.12
99.45000 -64.12
99.50000 -64.12
99.55000 -64.13
99.60000 -64.15
99.65000 -64.15
99.70000 -64.15
99.75000 -64.13
99.80000 -64.13
99.85000 -64.13
99.90000 -64.13
99.95000 -64.13
100.00000 -64.12
100.05000 -64.12
100.10000 -64.11
100.15000 -64.11
100.20000 -64.09
100.25000 -64.12
100.30000 -64.10
100.35000 -64.10
100.40000 -64.10
100.45000 -64.08
100.50000 -64.08
100.55000 -64.09
100.60000 -64.09
100.65000 -64.10
100.70000 -64.07
100.75000 -64.08
100.80000 -64.10
100.85000 -64.11
100.90000 -64.10
100.95000 -64.10
101.00000 -64.08
101.05000 -64.08
101.10000 -64.06
101.15000 -64.05
101.20000 -64.05
101.25000 -64.05
101.30000 -64.02
101.35000 -64.02
101.40000 -63.99
101.45000 -63.99
101.50000 -63.99
101.55000 -63.97
101.60000 -63.96
101.65000 -63.96
101.70000 -63.97
101.75000 -63.99
101.80000 -64.00
101.85000 -64.00
101.90000 -63.99
101.95000 -64.00
102.00000 -64.00
102.05000 -64.03
102.10000 -64.01
102.15000 -64.03
102.20000 -64.04
102.25000 -64.03
102.30000 -64.04
102.35000 -64.06
102.40000 -64.05
102.45000 -64.01
102.50000 -64.02
102.55000 -64.04
102.60000 -63.99
102.65000 -63.97
102.70000 -63.98
102.75000 -63.98
102.80000 -63.97
102.85000 -63.97
102.90000 -63.96
102.95000 -63.96
103.00000 -63.96
103.05000 -63.96
103.10000 -63.96
103.15000 -63.96
103.20000 -63.97
103.25000 -63.96
103.30000 -63.98
103.35000 -63.99
103.40000 -63.99
103.45000 -63.98
103.50000 -64.00
103.55000 -63.99
103.60000 -63.99
103.65000 -63.99
103.70000 -63.98
103.75000 -63.97
103.80000 -63.95
103.85000 -63.94
103.90000 -63.94
103.95000 -63.91
104.00000 -63.90
104.05000 -63.92
104.10000 -63.88
104.15000 -63.88
104.20000 -63.88
104.25000 -63.87
104.30000 -63.87
104.35000 -63.87
104.40000 -63.88
104.45000 -63.87
104.50000 -63.89
104.55000 -63.88
104.60000 -63.88
104.65000 -63.88
104.70000 -63.92
104.75000 -63.90
104.80000 -63.90
104.85000 -63.90
104.90000 -63.90
104.95000 -63.92
105.00000 -63.94
105.05000 -63.91
105.10000 -63.91
105.15000 -63.91
105.20000 -63.90
105.25000 -63.89
105.30000 -63.87
105.35000 -63.85
105.40000 -63.83
105.45000 -63.81
105.50000 -63.78
105.55000 -63.77
105.60000 -63.76
105.65000 -63.76
105.70000 -63.76
105.75000 -63.78
105.80000 -63.78
105.85000 -63.78
105.90000 -63.82
105.95000 -63.83
106.00000 -63.84
106.05000 -63.87
106.10000 -63.85
106.15000 -63.86
106.20000 -63.85
106.25000 -63.89
106.30000 -63.89
106.35000 -63.89
106.40000 -63.90
106.45000 -63.92
106.50000 -63.91
106.55000 -63.91
106.60000 -63.91
106.65000 -63.91
106.70000 -63.94
106.75000 -63.94
106.80000 -63.92
106.85000 -63.94
106.90000 -63.94
106.95000 -63.94
107.00000 -63.96
107.05000 -63.97
107.10000 -63.98
107.15000 -63.99
107.20000 -64.01
107.25000 -64.01
107.30000 -64.02
107.35000 -64.01
107.40000 -64.02
107.45000 -64.02
107.50000 -64.04
107.55000 -64.02
107.60000 -64.03
107.65000 -64.02
107.70000 -64.03
107.75000 -64.01
107.80000 -64.01
107.85000 -64.00
107.90000 -63.99
107.95000 -64.00
108.00000 -64.00
108.05000 -63.99
108.10000 -64.00
108.15000 -63.99
108.20000 -64.03
108.25000 -64.02
108.30000 -64.02
108.35000 -64.03
108.40000 -64.03
108.45000 -64.03
108.50000 -64.04
108.55000 -64.03
108.60000 -64.05
108.65000 -64.03
108.70000 -64.03
108.75000 -64.03
108.80000 -64.02
108.85000 -64.03
108.90000 -64.02
108.95000 -64.00
109.00000 -64.00
109.05000 -63.98
109.10000 -63.97
109.15000 -63.94
109.20000 -63.91
109.25000 -63.91
109.30000 -63.92
109.35000 -63.91
109.40000 -63.91
109.45000 -63.93
109.50000 -63.92
109.55000 -63.92
109.60000 -63.94
109.65000 -63.95
109.70000 -63.95
109.75000 -63.97
109.80000 -63.97
109.85000 -63.96
109.90000 -63.96
109.95000 -63.97
110.00000 -63.95
110.05000 -63.94
110.10000 -63.91
110.15000 -63.91
110.20000 -63.92
110.25000 -63.90
110.30000 -63.89
110.35000 -63.91
110.40000 -63.89
110.45000 -63.91
110.50000 -63.89
110.55000 -63.91
110.60000 -63.91
110.65000 -63.91
110.70000 -63.93
110.75000 -63.93
110.80000 -63.94
110.85000 -63.95
110.90000 -63.94
110.95000 -63.94
111.00000 -63.95
111.05000 -63.96
111.10000 -63.96
111.15000 -63.95
111.20000 -63.97
111.25000 -63.94
111.30000 -63.93
111.35000 -63.92
111.40000 -63.91
111.45000 -63.91
111.50000 -63.89
111.55000 -63.89
111.60000 -63.88
111.65000 -63.87
111.70000 -63.89
111.75000 -63.91
111.80000 -63.90
111.85000 -63.89
111.90000 -63.93
111.95000 -63.95
112.00000 -63.94
112.05000 -63.92
112.10000 -63.92
112.15000 -63.92
112.20000 -63.91
112.25000 -63.91
112.30000 -63.91
112.35000 -63.89
112.40000 -63.88
112.45000 -63.85
112.50000 -63.86
112.55000 -63.85
112.60000 -63.86
112.65000 -63.85
112.70000 -63.85
112.75000 -63.85
112.80000 -63.84
112.85000 -63.87
112.90000 -63.88
112.95000 -63.89
113.00000 -63.87
113.05000 -63.87
113.10000 -63.88
113.15000 -63.87
113.20000 -63.91
113.25000 -63.90
113.30000 -63.91
113.35000 -63.91
113.40000 -63.92
113.45000 -63.93
113.50000 -63.96
113.55000 -63.96
113.60000 -63.96
113.65000 -63.97
113.70000 -63.97
113.75000 -63.98
113.80000 -63.99
113.85000 -63.98
113.90000 -63.97
113.95000 -63.99
114.00000 -64.01
114.05000 -64.01
114.10000 -64.02
114.15000 -63.99
114.20000 -64.00
114.25000 -64.03
114.30000 -64.03
114.35000 -64.03
114.40000 -64.04
114.45000 -64.03
114.50000 -64.04
114.55000 -64.04
114.60000 -64.01
114.65000 -64.03
114.70000 -64.02
114.75000 -64.02
114.80000 -64.04
114.85000 -64.00
114.90000 -64.01
114.95000 -64.01
115.00000 -63.98
115.05000 -63.98
115.10000 -63.99
115.15000 -63.96
115.20000 -63.96
115.25000 -63.94
115.30000 -63.93
115.35000 -63.94
115.40000 -63.94
115.45000 -63.90
115.50000 -63.92
115.55000 -63.91
115.60000 -63.93
115.65000 -63.92
115.70000 -63.90
115.75000 -63.87
115.80000 -63.87
115.85000 -63.87
115.90000 -63.85
115.95000 -63.84
116.00000 -63.83
116.05000 -63.85
116.10000 -63.84
116.15000 -63.86
116.20000 -63.88
116.25000 -63.87
116.30000 -63.86
116.35000 -63.89
116.40000 -63.89
116.45000 -63.90
116.50000 -63.92
116.55000 -63.92
116.60000 -63.90
116.65000 -63.95
116.70000 -63.93
116.75000 -63.93
116.80000 -63.95
116.85000 -63.97
116.90000 -64.00
116.95000 -64.01
117.00000 -64.01
117.05000 -64.02
117.10000 -64.04
117.15000 -64.01
117.20000 -64.01
117.25000 -64.03
117.30000 -64.03
117.35000 -64.02
117.40000 -64.02
117.45000 -64.03
117.50000 -64.02
117.55000 -64.01
117.60000 -64.01
117.65000 -64.01
117.70000 -63.99
117.75000 -63.98
117.80000 -63.97
117.85000 -63.97
117.90000 -63.94
117.95000 -63.93
118.00000 -63.91
118.05000 -63.91
118.10000 -63.89
118.15000 -63.88
118.20000 -63.88
118.25000 -63.89
118.30000 -63.89
118.35000 -63.89
118.40000 -63.88
118.45000 -63.88
118.50000 -63.90
118.55000 -63.88
118.60000 -63.91
118.65000 -63.90
118.70000 -63.90
118.75000 -63.91
118.80000 -63.94
118.85000 -63.95
118.90000 -63.96
118.95000 -63.96
119.00000 -63.95
119.05000 -63.94
119.10000 -63.95
119.15000 -63.94
119.20000 -63.91
119.25000 -63.91
119.30000 -63.91
119.35000 -63.91
119.40000 -63.90
119.45000 -63.93
119.50000 -63.95
119.55000 -63.94
119.60000 -63.94
119.65000 -63.95
119.70000 -63.95
119.75000 -63.98
119.80000 -63.99
119.85000 -64.00
119.90000 -64.02
119.95000 -64.01
120.00000 -64.02
120.05000 -64.03
120.10000 -64.05
120.15000 -64.08
120.20000 -64.11
120.25000 -64.11
120.30000 -64.11
120.35000 -64.13
120.40000 -64.14
120.45000 -64.12
120.50000 -64.12
120.55000 -64.15
120.60000 -64.13
120.65000 -64.16
120.70000 -64.16
120.75000 -64.17
120.80000 -64.15
120.85000 -64.16
120.90000 -64.15
120.95000 -64.13
121.00000 -64.13
121.05000 -64.12
121.10000 -64.12
121.15000 -64.12
121.20000 -64.15
121.25000 -64.12
121.30000 -64.11
121.35000 -64.12
121.40000 -64.14
121.45000 -64.15
121.50000 -64.15
121.55000 -64.15
121.60000 -64.16
121.65000 -64.14
121.70000 -64.16
121.75000 -64.16
121.80000 -64.16
121.85000 -64.19
121.90000 -64.20
121.95000 -64.21
122.00000 -64.21
122.05000 -64.22
122.10000 -64.19
122.15000 -64.18
122.20000 -64.17
122.25000 -64.15
122.30000 -64.16
122.35000 -64.16
122.40000 -64.17
122.45000 -64.16
122.50000 -64.18
122.55000 -64.16
122.60000 -64.17
122.65000 -64.15
122.70000 -64.14
122.75000 -64.15
122.80000 -64.14
122.85000 -64.14
122.90000 -64.13
122.95000 -64.12
123.00000 -64.13
123.05000 -64.12
123.10000 -64.12
123.15000 -64.13
123.20000 -64.12
123.25000 -64.13
123.30000 -64.14
123.35000 -64.14
123.40000 -64.14
123.45000 -64.15
123.50000 -64.14
123.55000 -64.18
123.60000 -64.20
123.65000 -64.19
123.70000 -64.20
123.75000 -64.20
123.80000 -64.19
123.85000 -64.19
123.90000 -64.21
123.95000 -64.17
124.00000 -64.17
124.05000 -64.15
124.10000 -64.14
124.15000 -64.13
124.20000 -64.14
124.25000 -64.12
124.30000 -64.12
124.35000 -64.12
124.40000 -64.11
124.45000 -64.11
124.50000 -64.11
124.55000 -64.11
124.60000 -64.09
124.65000 -64.08
124.70000 -64.07
124.75000 -64.07
124.80000 -64.08
124.85000 -64.07
124.90000 -64.05
124.95000 -64.07
125.00000 -64.08
125.05000 -64.08
125.10000 -64.08
125.15000 -64.08
125.20000 -64.08
125.25000 -64.10
125.30000 -64.10
125.35000 -64.12
125.40000 -64.11
125.45000 -64.13
125.50000 -64.11
125.55000 -64.11
125.60000 -64.11
125.65000 -64.10
125.70000 -64.12
125.75000 -64.12
125.80000 -64.16
125.85000 -64.16
125.90000 -64.15
125.95000 -64.15
126.00000 -64.17
126.05000 -64.18
126.10000 -64.18
126.15000 -64.18
126.20000 -64.18
126.25000 -64.17
126.30000 -64.17
126.35000 -64.19
126.40000 -64.19
126.45000 -64.19
126.50000 -64.16
126.55000 -64.16
126.60000 -64.17
126.65000 -64.15
126.70000 -64.14
126.75000 -64.14
126.80000 -64.12
126.85000 -64.10
126.90000 -64.09
126.95000 -64.11
127.00000 -64.09
127.05000 -64.08
127.10000 -64.08
127.15000 -64.08
127.20000 -64.08
127.25000 -64.06
127.30000 -64.05
127.35000 -64.04
127.40000 -64.04
127.45000 -64.03
127.50000 -64.04
127.55000 -64.03
127.60000 -64.05
127.65000 -64.04
127.70000 -64.03
127.75000 -64.05
127.80000 -64.04
127.85000 -64.04
127.90000 -64.05
127.95000 -64.06
128.00000 -64.06
128.05000 -64.05
128.10000 -64.03
128.15000 -64.03
128.20000 -64.03
128.25000 -64.07
128.30000 -64.04
128.35000 -64.02
128.40000 -64.01
128.45000 -64.02
128.50000 -64.02
128.55000 -64.00
128.60000 -63.99
128.65000 -63.99
128.70000 -63.99
128.75000 -63.96
128.80000 -63.98
128.85000 -63.96
128.90000 -63.97
128.95000 -63.98
129.00000 -63.98
129.05000 -64.00
129.10000 -63.99
129.15000 -64.01
129.20000 -64.03
129.25000 -64.02
129.30000 -64.05
129.35000 -64.07
129.40000 -64.07
129.45000 -64.05
129.50000 -64.05
129.55000 -64.05
129.60000 -64.05
129.65000 -64.07
129.70000 -64.04
129.75000 -64.06
129.80000 -64.06
129.85000 -64.02
129.90000 -64.02
129.95000 -64.02
130.00000 -64.01
130.05000 -64.01
130.10000 -64.01
130.15000 -63.99
130.20000 -63.98
130.25000 -63.98
130.30000 -63.98
130.35000 -63.99
130.40000 -63.99
130.45000 -64.00
130.50000 -63.97
130.55000 -63.94
130.60000 -63.95
130.65000 -63.97
130.70000 -63.96
130.75000 -63.97
130.80000 -63.96
130.85000 -63.94
130.90000 -63.95
130.95000 -63.96
131.00000 -63.97
131.05000 -63.95
131.10000 -63.98
131.15000 -63.97
131.20000 -63.98
131.25000 -63.97
131.30000 -63.97
131.35000 -64.00
131.40000 -64.00
131.45000 -64.02
131.50000 -64.01
131.55000 -64.03
131.60000 -64.02
131.65000 -64.02
131.70000 -64.01
131.75000 -64.01
131.80000 -64.00
131.85000 -63.98
131.90000 -63.96
131.95000 -63.96
132.00000 -63.93
132.05000 -63.91
132.10000 -63.90
132.15000 -63.90
132.20000 -63.90
132.25000 -63.90
132.30000 -63.90
132.35000 -63.92
132.40000 -63.91
132.45000 -63.94
132.50000 -63.93
132.55000 -63.94
132.60000 -63.94
132.65000 -63.97
132.70000 -63.97
132.75000 -63.98
132.80000 -63.98
132.85000 -63.99
132.90000 -63.99
132.95000 -64.00
133.00000 -64.01
133.05000 -64.01
133.10000 -64.02
133.15000 -64.04
133.20000 -64.02
133.25000 -64.02
133.30000 -64.01
133.35000 -64.02
133.40000 -64.02
133.45000 -64.03
133.50000 -64.05
133.55000 -64.05
133.60000 -64.05
133.65000 -64.05
133.70000 -64.06
133.75000 -64.04
133.80000 -64.03
133.85000 -64.02
133.90000 -64.01
133.95000 -63.98
134.00000 -63.96
134.05000 -63.94
134.10000 -63.95
134.15000 -63.95
134.20000 -63.94
134.25000 -63.95
134.30000 -63.97
134.35000 -63.95
134.40000 -63.95
134.45000 -63.94
134.50000 -63.94
134.55000 -63.93
134.60000 -63.91
134.65000 -63.90
134.70000 -63.88
134.75000 -63.90
134.80000 -63.87
134.85000 -63.87
134.90000 -63.88
134.95000 -63.87
135.00000 -63.86
135.05000 -63.84
135.10000 -63.84
135.15000 -63.84
135.20000 -63.84
135.25000 -63.84
135.30000 -63.83
135.35000 -63.85
135.40000 -63.86
135.45000 -63.85
135.50000 -63.87
135.55000 -63.88
135.60000 -63.88
135.65000 -63.88
135.70000 -63.89
135.75000 -63.91
135.80000 -63.90
135.85000 -63.91
135.90000 -63.92
135.95000 -63.91
136.00000 -63.91
136.05000 -63.91
136.10000 -63.93
136.15000 -63.92
136.20000 -63.93
136.25000 -63.93
136.30000 -63.93
136.35000 -63.93
136.40000 -63.92
136.45000 -63.88
136.50000 -63.86
136.55000 -63.85
136.60000 -63.85
136.65000 -63.85
136.70000 -63.86
136.75000 -63.87
136.80000 -63.86
136.85000 -63.86
136.90000 -63.87
136.95000 -63.86
137.00000 -63.85
137.05000 -63.87
137.10000 -63.87
137.15000 -63.87
137.20000 -63.89
137.25000 -63.88
137.30000 -63.88
137.35000 -63.88
137.40000 -63.89
137.45000 -63.91
137.50000 -63.90
137.55000 -63.91
137.60000 -63.92
137.65000 -63.92
137.70000 -63.92
137.75000 -63.93
137.80000 -63.90
137.85000 -63.92
137.90000 -63.90
137.95000 -63.92
138.00000 -63.91
138.05000 -63.91
138.10000 -63.91
138.15000 -63.92
138.20000 -63.93
138.25000 -63.96
138.30000 -63.93
138.35000 -63.95
138.40000 -63.95
138.45000 -63.97
138.50000 -63.99
138.55000 -63.99
138.60000 -64.00
138.65000 -64.01
138.70000 -64.00
138.75000 -64.01
138.80000 -64.01
138.85000 -64.01
138.90000 -64.01
138.95000 -64.01
139.00000 -64.00
139.05000 -64.01
139.10000 -64.02
139.15000 -64.02
139.20000 -64.02
139.25000 -64.02
139.30000 -64.00
139.35000 -64.03
139.40000 -64.03
139.45000 -64.02
139.50000 -64.03
139.55000 -64.03
139.60000 -64.02
139.65000 -64.03
139.70000 -64.03
139.75000 -64.00
139.80000 -63.99
139.85000 -64.00
139.90000 -63.98
139.95000 -63.98
140.00000 -63.98
140.05000 -63.95
140.10000 -63.96
140.15000 -63.94
140.20000 -63.93
140.25000 -63.94
140.30000 -63.95
140.35000 -63.93
140.40000 -63.94
140.45000 -63.95
140.50000 -63.95
140.55000 -63.94
140.60000 -63.96
140.65000 -63.96
140.70000 -63.98
140.75000 -63.96
140.80000 -63.98
140.85000 -63.99
140.90000 -63.99
140.95000 -63.98
141.00000 -63.98
141.05000 -63.96
141.10000 -63.99
141.15000 -64.00
141.20000 -63.98
141.25000 -63.99
141.30000 -63.98
141.35000 -63.98
141.40000 -63.99
141.45000 -63.99
141.50000 -64.00
141.55000 -64.00
141.60000 -63.98
141.65000 -63.99
141.70000 -63.98
141.75000 -63.97
141.80000 -63.96
141.85000 -63.97
141.90000 -63.97
141.95000 -63.95
142.00000 -63.97
142.05000 -63.95
142.10000 -63.95
142.15000 -63.95
142.20000 -63.95
142.25000 -63.95
142.30000 -63.95
142.35000 -63.96
142.40000 -63.97
142.45000 -63.97
142.50000 -63.99
142.55000 -63.98
142.60000 -64.00
142.65000 -64.01
142.70000 -64.02
142.75000 -64.02
142.80000 -64.02
142.85000 -64.02
142.90000 -64.01
142.95000 -64.02
143.00000 -64.04
143.05000 -64.01
143.10000 -64.04
143.15000 -64.02
143.20000 -64.00
143.25000 -63.99
143.30000 -64.01
143.35000 -64.00
143.40000 -63.98
143.45000 -63.99
143.50000 -63.99
143.55000 -63.99
143.60000 -63.97
143.65000 -63.94
143.70000 -63.92
143.75000 -63.90
143.80000 -63.88
143.85000 -63.85
143.90000 -63.83
143.95000 -63.83
144.00000 -63.84
144.05000 -63.82
144.10000 -63.85
144.15000 -63.85
144.20000 -63.85
144.25000 -63.85
144.30000 -63.85
144.35000 -63.89
144.40000 -63.88
144.45000 -63.89
144.50000 -63.93
144.55000 -63.91
144.60000 -63.92
144.65000 -63.92
144.70000 -63.95
144.75000 -63.94
144.80000 -63.96
144.85000 -63.96
144.90000 -63.97
144.95000 -63.97
145.00000 -63.98
145.05000 -63.98
145.10000 -63.98
145.15000 -64.00
145.20000 -64.00
145.25000 -63.99
145.30000 -64.02
145.35000 -64.00
145.40000 -64.00
145.45000 -64.00
145.50000 -64.00
145.55000 -64.01
145.60000 -63.99
145.65000 -64.00
145.70000 -64.02
145.75000 -64.02
145.80000 -64.03
145.85000 -64.05
145.90000 -64.01
145.95000 -64.02
146.00000 -64.01
146.05000 -64.02
146.10000 -64.01
146.15000 -64.01
146.20000 -64.00
146.25000 -64.02
146.30000 -64.02
146.35000 -64.02
146.40000 -64.03
146.45000 -64.04
146.50000 -64.06
146.55000 -64.03
146.60000 -64.01
146.65000 -64.02
146.70000 -64.03
146.75000 -64.04
146.80000 -64.03
146.85000 -64.04
146.90000 -64.03
146.95000 -64.04
147.00000 -64.03
147.05000 -64.04
147.10000 -64.06
147.15000 -64.04
147.20000 -64.03
147.25000 -64.04
147.30000 -64.03
147.35000 -64.01
147.40000 -64.02
147.45000 -64.02
147.50000 -64.02
147.55000 -64.02
147.60000 -64.00
147.65000 -63.99
147.70000 -63.97
147.75000 -63.94
147.80000 -63.90
147.85000 -63.90
147.90000 -63.89
147.95000 -63.87
148.00000 -63.88
148.05000 -63.88
148.10000 -63.88
148.15000 -63.88
148.20000 -63.88
148.25000 -63.88
148.30000 -63.88
148.35000 -63.90
148.40000 -63.89
148.45000 -63.90
148.50000 -63.90
148.55000 -63.91
148.60000 -63.92
148.65000 -63.93
148.70000 -63.92
148.75000 -63.93
148.80000 -63.92
148.85000 -63.94
148.90000 -63.93
148.95000 -63.94
149.00000 -63.95
149.05000 -63.94
149.10000 -63.95
149.15000 -63.98
149.20000 -63.98
149.25000 -64.00
149.30000 -64.00
149.35000 -64.00
149.40000 -64.03
149.45000 -64.05
149.50000 -64.05
149.55000 -64.06
149.60000 -64.04
149.65000 -64.06
149.70000 -64.07
149.75000 -64.06
149.80000 -64.07
149.85000 -64.07
149.90000 -64.07
149.95000 -64.07
150.00000 -64.10
150.05000 -64.07
150.10000 -64.09
150.15000 -64.09
150.20000 -64.08
150.25000 -64.10
150.30000 -64.09
150.35000 -64.09
150.40000 -64.09
150.45000 -64.07
150.50000 -64.07
150.55000 -64.05
150.60000 -64.07
150.65000 -64.06
150.70000 -64.04
150.75000 -64.07
150.80000 -64.07
150.85000 -64.07
150.90000 -64.06
150.95000 -64.03
151.00000 -64.03
151.05000 -64.05
151.10000 -64.05
151.15000 -64.05
151.20000 -64.05
151.25000 -64.04
151.30000 -64.05
151.35000 -64.07
151.40000 -64.07
151.45000 -64.08
151.50000 -64.05
151.55000 -64.06
151.60000 -64.04
151.65000 -64.07
151.70000 -64.07
151.75000 -64.07
151.80000 -64.07
151.85000 -64.08
151.90000 -64.08
151.95000 -64.08
152.00000 -64.08
152.05000 -64.09
152.10000 -64.08
152.15000 -64.09
152.20000 -64.06
152.25000 -64.06
152.30000 -64.08
152.35000 -64.03
152.40000 -64.03
152.45000 -64.05
152.50000 -64.05
152.55000 -64.04
152.60000 -64.04
152.65000 -64.01
152.70000 -64.00
152.75000 -64.03
152.80000 -64.03
152.85000 -64.03
152.90000 -64.01
152.95000 -64.01
153.00000 -64.01
153.05000 -64.01
153.10000 -64.00
153.15000 -64.02
153.20000 -64.03
153.25000 -64.02
153.30000 -64.02
153.35000 -64.04
153.40000 -64.05
153.45000 -64.05
153.50000 -64.05
153.55000 -64.05
153.60000 -64.07
153.65000 -64.06
153.70000 -64.08
153.75000 -64.08
153.80000 -64.09
153.85000 -64.07
153.90000 -64.06
153.95000 -64.05
154.00000 -64.07
154.05000 -64.05
154.10000 -64.05
154.15000 -64.07
154.20000 -64.04
154.25000 -64.05
154.30000 -64.04
154.35000 -64.04
154.40000 -64.05
154.45000 -64.05
154.50000 -64.06
154.55000 -64.04
154.60000 -64.05
154.65000 -64.06
154.70000 -64.04
154.75000 -64.05
154.80000 -64.07
154.85000 -64.06
154.90000 -64.05
154.95000 -64.07
155.00000 -64.08
155.05000 -64.09
155.10000 -64.09
155.15000 -64.09
155.20000 -64.09
155.25000 -64.09
155.30000 -64.10
155.35000 -64.10
155.40000 -64.10
155.45000 -64.08
155.50000 -64.10
155.55000 -64.11
155.60000 -64.10
155.65000 -64.09
155.70000 -64.11
155.75000 -64.12
155.80000 -64.12
155.85000 -64.13
155.90000 -64.13
155.95000 -64.12
156.00000 -64.13
156.05000 -64.14
156.10000 -64.14
156.15000 -64.14
156.20000 -64.13
156.25000 -64.13
156.30000 -64.13
156.35000 -64.12
156.40000 -64.10
156.45000 -64.09
156.50000 -64.08
156.55000 -64.08
156.60000 -64.07
156.65000 -64.08
156.70000 -64.06
156.75000 -64.07
156.80000 -64.08
156.85000 -64.08
156.90000 -64.07
156.95000 -64.08
157.00000 -64.10
157.05000 -64.10
157.10000 -64.09
157.15000 -64.11
157.20000 -64.11
157.25000 -64.13
157.30000 -64.11
157.35000 -64.16
157.40000 -64.13
157.45000 -64.13
157.50000 -64.13
157.55000 -64.13
157.60000 -64.14
157.65000 -64.15
157.70000 -64.16
157.75000 -64.15
157.80000 -64.14
157.85000 -64.14
157.90000 -64.15
157.95000 -64.15
158.00000 -64.13
158.05000 -64.13
158.10000 -64.14
158.15000 -64.13
158.20000 -64.12
158.25000 -64.11
158.30000 -64.13
158.35000 -64.13
158.40000 -64.14
158.45000 -64.12
158.50000 -64.10
158.55000 -64.11
158.60000 -64.12
158.65000 -64.11
158.70000 -64.12
158.75000 -64.12
158.80000 -64.11
158.85000 -64.11
158.90000 -64.14
158.95000 -64.15
159.00000 -64.15
159.05000 -64.16
159.10000 -64.18
159.15000 -64.15
159.20000 -64.13
159.25000 -64.16
159.30000 -64.17
159.35000 -64.17
159.40000 -64.19
159.45000 -64.19
159.50000 -64.18
159.55000 -64.17
159.60000 -64.16
159.65000 -64.17
159.70000 -64.20
159.75000 -64.17
159.80000 -64.17
159.85000 -64.18
159.90000 -64.19
159.95000 -64.19
160.00000 -64.19
160.05000 -64.19
160.10000 -64.22
160.15000 -64.20
160.20000 -64.21
160.25000 -64.18
160.30000 -64.18
160.35000 -64.21
160.40000 -64.20
160.45000 -64.20
160.50000 -64.19
160.55000 -64.21
160.60000 -64.22
160.65000 -64.21
160.70000 -64.22
160.75000 -64.24
160.80000 -64.23
160.85000 -64.22
160.90000 -64.21
160.95000 -64.21
161.00000 -64.20
161.05000 -64.20
161.10000 -64.19
161.15000 -64.19
161.20000 -64.16
161.25000 -64.16
161.30000 -64.14
161.35000 -64.13
161.40000 -64.11
161.45000 -64.12
161.50000 -64.10
161.55000 -64.09
161.60000 -64.09
161.65000 -64.11
161.70000 -64.10
161.75000 -64.10
161.80000 -64.11
161.85000 -64.10
161.90000 -64.12
161.95000 -64.11
162.00000 -64.11
162.05000 -64.09
162.10000 -64.09
162.15000 -64.08
162.20000 -64.06
162.25000 -64.05
162.30000 -64.04
162.35000 -64.03
162.40000 -64.00
162.45000 -64.01
162.50000 -64.02
162.55000 -64.01
162.60000 -64.01
162.65000 -64.01
162.70000 -64.02
162.75000 -64.04
162.80000 -64.02
162.85000 -64.02
162.90000 -64.01
162.95000 -64.00
163.00000 -64.00
163.05000 -64.00
163.10000 -64.01
163.15000 -63.99
163.20000 -64.02
163.25000 -64.02
163.30000 -64.02
163.35000 -64.00
163.40000 -63.99
163.45000 -64.00
163.50000 -63.98
163.55000 -63.97
163.60000 -64.00
163.65000 -64.00
163.70000 -63.99
163.75000 -63.97
163.80000 -63.95
163.85000 -63.93
163.90000 -63.91
163.95000 -63.91
164.00000 -63.91
164.05000 -63.88
164.10000 -63.89
164.15000 -63.89
164.20000 -63.89
164.25000 -63.90
164.30000 -63.89
164.35000 -63.90
164.40000 -63.89
164.45000 -63.88
164.50000 -63.87
164.55000 -63.85
164.60000 -63.85
164.65000 -63.84
164.70000 -63.82
164.75000 -63.79
164.80000 -63.76
164.85000 -63.75
164.90000 -63.74
164.95000 -63.73
165.00000 -63.73
165.05000 -63.73
165.10000 -63.72
165.15000 -63.71
165.20000 -63.71
165.25000 -63.72
165.30000 -63.73
165.35000 -63.73
165.40000 -63.75
165.45000 -63.76
165.50000 -63.75
165.55000 -63.75
165.60000 -63.76
165.65000 -63.77
165.70000 -63.75
165.75000 -63.74
165.80000 -63.74
165.85000 -63.75
165.90000 -63.75
165.95000 -63.75
166.00000 -63.73
166.05000 -63.74
166.10000 -63.74
166.15000 -63.75
166.20000 -63.75
166.25000 -63.76
166.30000 -63.76
166.35000 -63.77
166.40000 -63.80
166.45000 -63.80
166.50000 -63.80
166.55000 -63.82
166.60000 -63.85
166.65000 -63.87
166.70000 -63.88
166.75000 -63.87
166.80000 -63.90
166.85000 -63.91
166.90000 -63.92
166.95000 -63.93
167.00000 -63.95
167.05000 -63.95
167.10000 -63.97
167.15000 -64.01
167.20000 -64.00
167.25000 -64.01
167.30000 -63.99
167.35000 -63.99
167.40000 -64.00
167.45000 -63.97
167.50000 -64.00
167.55000 -64.00
167.60000 -63.98
167.65000 -63.99
167.70000 -64.00
167.75000 -63.98
167.80000 -63.98
167.85000 -63.99
167.90000 -64.00
167.95000 -63.99
168.00000 -64.00
168.05000 -64.00
168.10000 -63.99
168.15000 -63.99
168.20000 -63.99
168.25000 -64.01
168.30000 -63.99
168.35000 -64.00
168.40000 -63.98
168.45000 -63.99
168.50000 -64.00
168.55000 -64.02
168.60000 -64.01
168.65000 -64.00
168.70000 -64.01
168.75000 -64.01
168.80000 -63.99
168.85000 -64.02
168.90000 -64.01
168.95000 -64.00
169.00000 -64.01
169.05000 -64.03
169.10000 -64.00
169.15000 -64.00
169.20000 -64.02
169.25000 -64.01
169.30000 -64.02
169.35000 -64.01
169.40000 -64.00
169.45000 -64.01
169.50000 -64.00
169.55000 -64.01
169.60000 -64.00
169.65000 -63.99
169.70000 -64.00
169.75000 -64.00
169.80000 -63.99
169.85000 -64.01
169.90000 -64.02
169.95000 -64.02
170.00000 -64.00
170.05000 -64.00
170.10000 -63.99
170.15000 -63.97
170.20000 -63.98
170.25000 -63.96
170.30000 -63.93
170.35000 -63.92
170.40000 -63.90
170.45000 -63.89
170.50000 -63.87
170.55000 -63.87
170.60000 -63.84
170.65000 -63.86
170.70000 -63.85
170.75000 -63.84
170.80000 -63.85
170.85000 -63.84
170.90000 -63.83
170.95000 -63.81
171.00000 -63.80
171.05000 -63.78
171.10000 -63.78
171.15000 -63.77
171.20000 -63.77
171.25000 -63.76
171.30000 -63.78
171.35000 -63.76
171.40000 -63.73
171.45000 -63.72
171.50000 -63.74
171.55000 -63.74
171.60000 -63.74
171.65000 -63.74
171.70000 -63.77
171.75000 -63.77
171.80000 -63.79
171.85000 -63.80
171.90000 -63.81
171.95000 -63.82
172.00000 -63.84
172.05000 -63.85
172.10000 -63.85
172.15000 -63.87
172.20000 -63.88
172.25000 -63.90
172.30000 -63.91
172.35000 -63.89
172.40000 -63.91
172.45000 -63.91
172.50000 -63.91
172.55000 -63.91
172.60000 -63.92
172.65000 -63.91
172.70000 -63.92
172.75000 -63.90
172.80000 -63.89
172.85000 -63.89
172.90000 -63.88
172.95000 -63.87
173.00000 -63.86
173.05000 -63.85
173.10000 -63.87
173.15000 -63.88
173.20000 -63.89
173.25000 -63.88
173.30000 -63.90
173.35000 -63.90
173.40000 -63.92
173.45000 -63.91
173.50000 -63.93
173.55000 -63.90
173.60000 -63.91
173.65000 -63.93
173.70000 -63.96
173.75000 -63.96
173.80000 -63.96
173.85000 -63.97
173.90000 -63.99
173.95000 -63.98
174.00000 -63.98
174.05000 -63.99
174.10000 -63.97
174.15000 -63.97
174.20000 -63.98
174.25000 -63.95
174.30000 -63.94
174.35000 -63.94
174.40000 -63.93
174.45000 -63.92
174.50000 -63.92
174.55000 -63.92
174.60000 -63.91
174.65000 -63.93
174.70000 -63.92
174.75000 -63.90
174.80000 -63.88
174.85000 -63.88
174.90000 -63.88
174.95000 -63.89
175.00000 -63.87
175.05000 -63.86
175.10000 -63.88
175.15000 -63.87
175.20000 -63.87
175.25000 -63.86
175.30000 -63.85
175.35000 -63.87
175.40000 -63.86
175.45000 -63.85
175.50000 -63.85
175.55000 -63.85
175.60000 -63.85
175.65000 -63.85
175.70000 -63.86
175.75000 -63.83
175.80000 -63.84
175.85000 -63.87
175.90000 -63.86
175.95000 -63.86
176.00000 -63.87
176.05000 -63.89
176.10000 -63.90
176.15000 -63.89
176.20000 -63.89
176.25000 -63.91
176.30000 -63.91
176.35000 -63.94
176.40000 -63.93
176.45000 -63.95
176.50000 -63.96
176.55000 -63.95
176.60000 -63.96
176.65000 -63.95
176.70000 -63.97
176.75000 -63.97
176.80000 -63.98
176.85000 -63.99
176.90000 -64.00
176.95000 -63.99
177.00000 -64.02
177.05000 -64.02
177.10000 -64.01
177.15000 -64.02
177.20000 -64.04
177.25000 -64.02
177.30000 -64.03
177.35000 -64.02
177.40000 -64.03
177.45000 -64.04
177.50000 -64.03
177.55000 -64.04
177.60000 -64.05
177.65000 -64.07
177.70000 -64.07
177.75000 -64.04
177.80000 -64.06
177.85000 -64.06
177.90000 -64.05
177.95000 -64.04
178.00000 -64.05
178.05000 -64.05
178.10000 -64.07
178.15000 -64.07
178.20000 -64.04
178.25000 -64.05
178.30000 -64.05
178.35000 -64.04
178.40000 -64.05
178.45000 -64.05
178.50000 -64.04
178.55000 -64.04
178.60000 -64.05
178.65000 -64.06
178.70000 -64.06
178.75000 -64.06
178.80000 -64.06
178.85000 -64.07
178.90000 -64.08
178.95000 -64.07
179.00000 -64.10
179.05000 -64.08
179.10000 -64.08
179.15000 -64.09
179.20000 -64.09
179.25000 -64.10
179.30000 -64.10
179.35000 -64.10
179.40000 -64.07
179.45000 -64.07
179.50000 -64.08
179.55000 -64.04
179.60000 -64.03
179.65000 -64.04
179.70000 -64.05
179.75000 -64.04
179.80000 -64.03
179.85000 -64.03
179.90000 -64.06
179.95000 -64.06
180.00000 -64.03
180.05000 -64.03
180.10000 -64.05
180.15000 -64.05
180.20000 -64.06
180.25000 -64.05
180.30000 -64.05
180.35000 -64.03
180.40000 -64.03
180.45000 -64.04
180.50000 -64.03
180.55000 -64.03
180.60000 -64.04
180.65000 -64.05
180.70000 -64.06
180.75000 -64.07
180.80000 -64.05
180.85000 -64.07
180.90000 -64.07
180.95000 -64.09
181.00000 -64.07
181.05000 -64.06
181.10000 -64.05
181.15000 -64.07
181.20000 -64.04
181.25000 -64.05
181.30000 -64.05
181.35000 -64.03
181.40000 -64.06
181.45000 -64.06
181.50000 -64.08
181.55000 -64.08
181.60000 -64.08
181.65000 -64.10
181.70000 -64.09
181.75000 -64.11
181.80000 -64.09
181.85000 -64.08
181.90000 -64.10
181.95000 -64.10
182.00000 -64.12
182.05000 -64.12
182.10000 -64.13
182.15000 -64.15
182.20000 -64.10
182.25000 -64.12
182.30000 -64.11
182.35000 -64.11
182.40000 -64.09
182.45000 -64.09
182.50000 -64.11
182.55000 -64.10
182.60000 -64.10
182.65000 -64.11
182.70000 -64.12
182.75000 -64.13
182.80000 -64.12
182.85000 -64.11
182.90000 -64.10
182.95000 -64.09
183.00000 -64.11
183.05000 -64.12
183.10000 -64.11
183.15000 -64.11
183.20000 -64.12
183.25000 -64.11
183.30000 -64.10
183.35000 -64.12
183.40000 -64.10
183.45000 -64.08
183.50000 -64.09
183.55000 -64.08
183.60000 -64.09
183.65000 -64.07
183.70000 -64.07
183.75000 -64.07
183.80000 -64.08
183.85000 -64.08
183.90000 -64.09
183.95000 -64.09
184.00000 -64.08
184.05000 -64.08
184.10000 -64.08
184.15000 -64.10
184.20000 -64.09
184.25000 -64.09
184.30000 -64.06
184.35000 -64.05
184.40000 -64.04
184.45000 -64.03
184.50000 -64.00
184.55000 -63.99
184.60000 -64.01
184.65000 -64.00
184.70000 -63.97
184.75000 -63.96
184.80000 -63.95
184.85000 -63.97
184.90000 -63.96
184.95000 -63.95
185.00000 -63.95
185.05000 -63.93
185.10000 -63.94
185.15000 -63.93
185.20000 -63.93
185.25000 -63.95
185.30000 -63.96
185.35000 -63.95
185.40000 -63.97
185.45000 -63.97
185.50000 -63.97
185.55000 -63.98
185.60000 -63.99
185.65000 -64.00
185.70000 -64.04
185.75000 -64.02
185.80000 -64.03
185.85000 -64.04
185.90000 -64.05
185.95000 -64.06
186.00000 -64.07
186.05000 -64.08
186.10000 -64.08
186.15000 -64.06
186.20000 -64.06
186.25000 -64.05
186.30000 -64.05
186.35000 -64.06
186.40000 -64.06
186.45000 -64.04
186.50000 -64.07
186.55000 -64.06
186.60000 -64.05
186.65000 -64.05
186.70000 -64.06
186.75000 -64.05
186.80000 -64.05
186.85000 -64.04
186.90000 -64.04
186.95000 -64.05
187.00000 -64.04
187.05000 -64.05
187.10000 -64.04
187.15000 -64.06
187.20000 -64.05
187.25000 -64.06
187.30000 -64.02
187.35000 -64.02
187.40000 -64.04
187.45000 -64.05
187.50000 -64.06
187.55000 -64.07
187.60000 -64.06
187.65000 -64.05
187.70000 -64.05
187.75000 -64.07
187.80000 -64.08
187.85000 -64.09
187.90000 -64.08
187.95000 -64.08
188.00000 -64.09
188.05000 -64.10
188.10000 -64.11
188.15000 -64.10
188.20000 -64.10
188.25000 -64.10
188.30000 -64.08
188.35000 -64.09
188.40000 -64.09
188.45000 -64.10
188.50000 -64.12
188.55000 -64.12
188.60000 -64.12
188.65000 -64.11
188.70000 -64.12
188.75000 -64.13
188.80000 -64.11
188.85000 -64.13
188.90000 -64.13
188.95000 -64.14
189.00000 -64.12
189.05000 -64.11
189.10000 -64.11
189.15000 -64.11
189.20000 -64.11
189.25000 -64.13
189.30000 -64.12
189.35000 -64.12
189.40000 -64.14
189.45000 -64.14
189.50000 -64.13
189.55000 -64.13
189.60000 -64.13
189.65000 -64.14
189.70000 -64.14
189.75000 -64.13
189.80000 -64.12
189.85000 -64.11
189.90000 -64.11
189.95000 -64.10
190.00000 -64.10
190.05000 -64.10
190.10000 -64.09
190.15000 -64.09
190.20000 -64.10
190.25000 -64.12
190.30000 -64.12
190.35000 -64.12
190.40000 -64.13
190.45000 -64.13
190.50000 -64.11
190.55000 -64.13
190.60000 -64.13
190.65000 -64.14
190.70000 -64.13
190.75000 -64.15
190.80000 -64.14
190.85000 -64.15
190.90000 -64.13
190.95000 -64.14
191.00000 -64.15
191.05000 -64.14
191.10000 -64.14
191.15000 -64.16
191.20000 -64.15
191.25000 -64.17
191.30000 -64.16
191.35000 -64.17
191.40000 -64.18
191.45000 -64.18
191.50000 -64.19
191.55000 -64.18
191.60000 -64.19
191.65000 -64.16
191.70000 -64.17
191.75000 -64.15
191.80000 -64.16
191.85000 -64.16
191.90000 -64.14
191.95000 -64.13
192.00000 -64.13
192.05000 -64.13
192.10000 -64.12
192.15000 -64.13
192.20000 -64.14
192.25000 -64.13
192.30000 -64.15
192.35000 -64.15
192.40000 -64.13
192.45000 -64.11
192.50000 -64.11
192.55000 -64.10
192.60000 -64.09
192.65000 -64.05
192.70000 -64.04
192.75000 -64.03
192.80000 -64.01
192.85000 -63.99
192.90000 -63.98
192.95000 -63.98
193.00000 -63.96
193.05000 -63.96
193.10000 -63.94
193.15000 -63.94
193.20000 -63.94
193.25000 -63.95
193.30000 -63.96
193.35000 -63.95
193.40000 -63.95
193.45000 -63.91
193.50000 -63.91
193.55000 -63.92
193.60000 -63.92
193.65000 -63.90
193.70000 -63.90
193.75000 -63.89
193.80000 -63.88
193.85000 -63.89
193.90000 -63.87
193.95000 -63.83
194.00000 -63.83
194.05000 -63.81
194.10000 -63.81
194.15000 -63.79
194.20000 -63.79
194.25000 -63.79
194.30000 -63.80
194.35000 -63.81
194.40000 -63.81
194.45000 -63.80
194.50000 -63.82
194.55000 -63.83
194.60000 -63.85
194.65000 -63.84
194.70000 -63.87
194.75000 -63.85
194.80000 -63.85
194.85000 -63.84
194.90000 -63.85
194.95000 -63.85
195.00000 -63.86
195.05000 -63.85
195.10000 -63.86
195.15000 -63.86
195.20000 -63.86
195.25000 -63.87
195.30000 -63.86
195.35000 -63.87
195.40000 -63.87
195.45000 -63.88
195.50000 -63.88
195.55000 -63.87
195.60000 -63.88
195.65000 -63.88
195.70000 -63.88
195.75000 -63.88
195.80000 -63.87
195.85000 -63.91
195.90000 -63.90
195.95000 -63.90
196.00000 -63.91
196.05000 -63.93
196.10000 -63.92
196.15000 -63.94
196.20000 -63.91
196.25000 -63.92
196.30000 -63.91
196.35000 -63.90
196.40000 -63.89
196.45000 -63.90
196.50000 -63.90
196.55000 -63.91
196.60000 -63.91
196.65000 -63.91
196.70000 -63.91
196.75000 -63.92
196.80000 -63.88
196.85000 -63.89
196.90000 -63.88
196.95000 -63.89
197.00000 -63.89
197.05000 -63.89
197.10000 -63.91
197.15000 -63.90
197.20000 -63.91
197.25000 -63.91
197.30000 -63.92
197.35000 -63.91
197.40000 -63.91
197.45000 -63.91
197.50000 -63.93
197.55000 -63.94
197.60000 -63.93
197.65000 -63.94
197.70000 -63.95
197.75000 -63.95
197.80000 -63.94
197.85000 -63.94
197.90000 -63.97
197.95000 -63.98
198.00000 -63.97
198.05000 -63.98
198.10000 -63.98
198.15000 -63.96
198.20000 -63.95
198.25000 -63.96
198.30000 -63.97
198.35000 -63.98
198.40000 -63.97
198.45000 -63.98
198.50000 -63.97
198.55000 -63.98
198.60000 -63.97
198.65000 -63.97
198.70000 -63.96
198.75000 -63.93
198.80000 -63.93
198.85000 -63.95
198.90000 -63.94
198.95000 -63.94
199.00000 -63.94
199.05000 -63.92
199.10000 -63.95
199.15000 -63.96
199.20000 -63.95
199.25000 -63.95
199.30000 -63.99
199.35000 -64.00
199.40000 -64.00
199.45000 -63.99
199.50000 -63.99
199.55000 -64.00
199.60000 -64.00
199.65000 -64.01
199.70000 -64.01
199.75000 -64.00
199.80000 -63.99
199.85000 -63.98
199.90000 -63.96
199.95000 -63.95
200.00000 -63.93
200.05000 -63.91
200.10000 -63.88
200.15000 -63.88
200.20000 -63.86
200.25000 -63.87
200.30000 -63.87
200.35000 -63.88
200.40000 -63.88
200.45000 -63.90
200.50000 -63.90
200.55000 -63.92
200.60000 -63.91
200.65000 -63.93
200.70000 -63.95
200.75000 -63.94
200.80000 -63.96
200.85000 -63.95
200.90000 -63.96
200.95000 -63.97
201.00000 -63.97
201.05000 -63.94
201.10000 -63.95
201.15000 -63.97
201.20000 -63.95
201.25000 -63.97
201.30000 -63.99
201.35000 -63.96
201.40000 -63.99
201.45000 -63.98
201.50000 -63.97
201.55000 -63.96
201.60000 -63.98
201.65000 -63.98
201.70000 -63.97
201.75000 -64.01
201.80000 -64.01
201.85000 -64.00
201.90000 -63.97
201.95000 -63.97
202.00000 -64.00
202.05000 -63.99
202.10000 -64.00
202.15000 -63.99
202.20000 -63.99
202.25000 -63.99
202.30000 -63.97
202.35000 -63.98
202.40000 -63.99
202.45000 -64.00
202.50000 -63.99
202.55000 -63.98
202.60000 -63.99
202.65000 -63.96
202.70000 -63.95
202.75000 -63.94
202.80000 -63.95
202.85000 -63.94
202.90000 -63.94
202.95000 -63.95
203.00000 -63.95
203.05000 -63.96
203.10000 -63.96
203.15000 -63.96
203.20000 -63.95
203.25000 -63.95
203.30000 -63.96
203.35000 -63.95
203.40000 -63.95
203.45000 -63.96
203.50000 -63.96
203.55000 -63.96
203.60000 -63.95
203.65000 -63.98
203.70000 -63.99
203.75000 -63.99
203.80000 -64.00
203.85000 -64.02
203.90000 -64.02
203.95000 -64.02
204.00000 -63.99
204.05000 -63.97
204.10000 -63.96
204.15000 -63.96
204.20000 -63.94
204.25000 -63.91
204.30000 -63.91
204.35000 -63.90
204.40000 -63.90
204.45000 -63.88
204.50000 -63.90
204.55000 -63.89
204.60000 -63.89
204.65000 -63.90
204.70000 -63.92
204.75000 -63.92
204.80000 -63.93
204.85000 -63.94
204.90000 -63.95
204.95000 -63.95
205.00000 -63.95
205.05000 -63.96
205.10000 -63.95
205.15000 -63.94
205.20000 -63.96
205.25000 -63.97
205.30000 -63.96
205.35000 -63.96
205.40000 -63.96
205.45000 -63.98
205.50000 -63.97
205.55000 -63.97
205.60000 -63.99
205.65000 -63.98
205.70000 -63.99
205.75000 -63.98
205.80000 -63.99
205.85000 -64.00
205.90000 -64.00
205.95000 -64.01
206.00000 -63.99
206.05000 -63.97
206.10000 -63.96
206.15000 -63.98
206.20000 -63.97
206.25000 -63.95
206.30000 -63.96
206.35000 -63.96
206.40000 -63.98
206.45000 -63.94
206.50000 -63.94
206.55000 -63.94
206.60000 -63.95
206.65000 -63.93
206.70000 -63.92
206.75000 -63.93
206.80000 -63.94
206.85000 -63.93
206.90000 -63.91
206.95000 -63.93
207.00000 -63.92
207.05000 -63.91
207.10000 -63.93
207.15000 -63.95
207.20000 -63.94
207.25000 -63.93
207.30000 -63.91
207.35000 -63.94
207.40000 -63.93
207.45000 -63.92
207.50000 -63.91
207.55000 -63.92
207.60000 -63.96
207.65000 -63.96
207.70000 -63.95
207.75000 -63.97
207.80000 -63.98
207.85000 -64.00
207.90000 -64.00
207.95000 -64.01
208.00000 -64.00
208.05000 -64.03
208.10000 -64.05
208.15000 -64.06
208.20000 -64.06
208.25000 -64.06
208.30000 -64.07
208.35000 -64.05
208.40000 -64.06
208.45000 -64.04
208.50000 -64.04
208.55000 -64.04
208.60000 -64.05
208.65000 -64.04
208.70000 -64.03
208.75000 -64.04
208.80000 -64.04
208.85000 -64.06
208.90000 -64.07
208.95000 -64.07
209.00000 -64.06
209.05000 -64.06
209.10000 -64.07
209.15000 -64.07
209.20000 -64.06
209.25000 -64.06
209.30000 -64.07
209.35000 -64.08
209.40000 -64.06
209.45000 -64.06
209.50000 -64.07
209.55000 -64.06
209.60000 -64.07
209.65000 -64.06
209.70000 -64.02
209.75000 -64.02
209.80000 -64.00
209.85000 -64.01
209.90000 -63.97
209.95000 -63.97
210.00000 -63.97
210.05000 -63.94
210.10000 -63.97
210.15000 -63.94
210.20000 -63.95
210.25000 -63.94
210.30000 -63.95
210.35000 -63.96
210.40000 -63.98
210.45000 -63.98
210.50000 -63.96
210.55000 -63.98
210.60000 -63.98
210.65000 -63.98
210.70000 -63.96
210.75000 -63.98
210.80000 -63.98
210.85000 -63.97
210.90000 -63.96
210.95000 -63.96
211.00000 -63.94
211.05000 -63.95
211.10000 -63.93
211.15000 -63.95
211.20000 -63.94
211.25000 -63.95
211.30000 -63.95
211.35000 -63.96
211.40000 -63.96
211.45000 -63.95
211.50000 -63.95
211.55000 -63.95
211.60000 -63.95
211.65000 -63.97
211.70000 -63.98
211.75000 -63.96
211.80000 -63.97
211.85000 -63.98
211.90000 -63.97
211.95000 -64.00
212.00000 -64.00
212.05000 -64.01
212.10000 -64.01
212.15000 -64.00
212.20000 -64.01
212.25000 -64.02
212.30000 -64.03
212.35000 -64.03
212.40000 -64.01
212.45000 -64.03
212.50000 -64.03
212.55000 -64.01
212.60000 -64.00
212.65000 -64.01
212.70000 -64.02
212.75000 -64.01
212.80000 -64.01
212.85000 -64.00
212.90000 -64.00
212.95000 -64.00
213.00000 -63.98
213.05000 -63.99
213.10000 -63.99
213.15000 -63.97
213.20000 -63.97
213.25000 -63.98
213.30000 -63.96
213.35000 -63.96
213.40000 -63.98
213.45000 -63.97
213.50000 -63.98
213.55000 -64.00
213.60000 -64.00
213.65000 -63.99
213.70000 -64.00
213.75000 -64.00
213.80000 -64.01
213.85000 -64.03
213.90000 -64.03
213.95000 -64.06
214.00000 -64.07
214.05000 -64.04
214.10000 -64.05
214.15000 -64.05
214.20000 -64.07
214.25000 -64.05
214.30000 -64.03
214.35000 -64.02
214.40000 -64.00
214.45000 -64.01
214.50000 -64.01
214.55000 -64.00
214.60000 -63.99
214.65000 -64.01
214.70000 -64.02
214.75000 -64.03
214.80000 -64.02
214.85000 -64.02
214.90000 -64.04
214.95000 -64.04
215.00000 -64.04
215.05000 -64.05
215.10000 -64.05
215.15000 -64.04
215.20000 -64.06
215.25000 -64.08
215.30000 -64.08
215.35000 -64.09
215.40000 -64.08
215.45000 -64.07
215.50000 -64.07
215.55000 -64.06
215.60000 -64.08
215.65000 -64.08
215.70000 -64.06
215.75000 -64.08
215.80000 -64.07
215.85000 -64.05
215.90000 -64.04
215.95000 -64.06
216.00000 -64.05
216.05000 -64.05
216.10000 -64.06
216.15000 -64.06
216.20000 -64.04
216.25000 -64.04
216.30000 -64.05
216.35000 -64.02
216.40000 -64.01
216.45000 -64.02
216.50000 -64.03
216.55000 -64.01
216.60000 -64.01
216.65000 -63.99
216.70000 -64.00
216.75000 -63.98
216.80000 -63.95
216.85000 -63.96
216.90000 -63.96
216.95000 -63.92
217.00000 -63.92
217.05000 -63.92
217.10000 -63.91
217.15000 -63.90
217.20000 -63.93
217.25000 -63.93
217.30000 -63.93
217.35000 -63.94
217.40000 -63.95
217.45000 -63.95
217.50000 -63.98
217.55000 -63.97
217.60000 -63.99
217.65000 -63.98
217.70000 -63.99
217.75000 -64.00
217.80000 -64.00
217.85000 -64.01
217.90000 -64.01
217.95000 -64.02
218.00000 -64.03
218.05000 -64.04
218.10000 -64.04
218.15000 -64.04
218.20000 -64.03
218.25000 -64.03
218.30000 -64.03
218.35000 -64.02
218.40000 -64.00
218.45000 -64.00
218.50000 -63.99
218.55000 -63.99
218.60000 -63.99
218.65000 -63.98
218.70000 -63.99
218.75000 -63.99
218.80000 -63.98
218.85000 -63.97
218.90000 -63.98
218.95000 -63.98
219.00000 -63.95
219.05000 -63.96
219.10000 -63.95
219.15000 -63.95
219.20000 -63.92
219.25000 -63.92
219.30000 -63.93
219.35000 -63.94
219.40000 -63.92
219.45000 -63.92
219.50000 -63.93
219.55000 -63.93
219.60000 -63.89
219.65000 -63.90
219.70000 -63.88
219.75000 -63.89
219.80000 -63.89
219.85000 -63.90
219.90000 -63.88
219.95000 -63.89
220.00000 -63.90
220.05000 -63.91
220.10000 -63.90
220.15000 -63.90
220.20000 -63.89
220.25000 -63.88
220.30000 -63.87
220.35000 -63.86
220.40000 -63.85
220.45000 -63.87
220.50000 -63.89
220.55000 -63.87
220.60000 -63.87
220.65000 -63.87
220.70000 -63.88
220.75000 -63.90
220.80000 -63.90
220.85000 -63.90
220.90000 -63.92
220.95000 -63.93
221.00000 -63.93
221.05000 -63.93
221.10000 -63.95
221.15000 -63.95
221.20000 -63.97
221.25000 -63.98
221.30000 -63.97
221.35000 -63.99
221.40000 -63.97
221.45000 -64.02
221.50000 -64.03
221.55000 -64.03
221.60000 -64.03
221.65000 -64.03
221.70000 -64.04
221.75000 -64.02
221.80000 -64.04
221.85000 -64.04
221.90000 -64.05
221.95000 -64.04
222.00000 -64.05
222.05000 -64.03
222.10000 -64.02
222.15000 -64.00
222.20000 -63.97
222.25000 -63.95
222.30000 -63.94
222.35000 -63.92
222.40000 -63.92
222.45000 -63.88
222.50000 -63.87
222.55000 -63.88
222.60000 -63.88
222.65000 -63.88
222.70000 -63.89
222.75000 -63.89
222.80000 -63.88
222.85000 -63.87
222.90000 -63.86
222.95000 -63.88
223.00000 -63.89
223.05000 -63.89
223.10000 -63.89
223.15000 -63.90
223.20000 -63.91
223.25000 -63.90
223.30000 -63.89
223.35000 -63.89
223.40000 -63.91
223.45000 -63.91
223.50000 -63.89
223.55000 -63.90
223.60000 -63.91
223.65000 -63.92
223.70000 -63.91
223.75000 -63.89
223.80000 -63.89
223.85000 -63.90
223.90000 -63.89
223.95000 -63.89
224.00000 -63.89
224.05000 -63.87
224.10000 -63.88
224.15000 -63.88
224.20000 -63.87
224.25000 -63.88
224.30000 -63.88
224.35000 -63.88
224.40000 -63.90
224.45000 -63.89
224.50000 -63.88
224.55000 -63.91
224.60000 -63.91
224.65000 -63.93
224.70000 -63.92
224.75000 -63.93
224.80000 -63.93
224.85000 -63.95
224.90000 -63.95
224.95000 -63.93
225.00000 -63.94
225.05000 -63.91
225.10000 -63.90
225.15000 -63.91
225.20000 -63.90
225.25000 -63.87
225.30000 -63.88
225.35000 -63.87
225.40000 -63.86
225.45000 -63.84
225.50000 -63.83
225.55000 -63.82
225.60000 -63.83
225.65000 -63.84
225.70000 -63.83
225.75000 -63.82
225.80000 -63.82
225.85000 -63.81
225.90000 -63.80
225.95000 -63.83
226.00000 -63.84
226.05000 -63.84
226.10000 -63.85
226.15000 -63.87
226.20000 -63.87
226.25000 -63.89
226.30000 -63.88
226.35000 -63.87
226.40000 -63.87
226.45000 -63.87
226.50000 -63.85
226.55000 -63.84
226.60000 -63.86
226.65000 -63.85
226.70000 -63.86
226.75000 -63.86
226.80000 -63.86
226.85000 -63.87
226.90000 -63.87
226.95000 -63.85
227.00000 -63.87
227.05000 -63.87
227.10000 -63.88
227.15000 -63.88
227.20000 -63.87
227.25000 -63.86
227.30000 -63.87
227.35000 -63.88
227.40000 -63.88
227.45000 -63.88
227.50000 -63.89
227.55000 -63.92
227.60000 -63.92
227.65000 -63.93
227.70000 -63.94
227.75000 -63.95
227.80000 -63.94
227.85000 -63.94
227.90000 -63.95
227.95000 -63.95
228.00000 -63.94
228.05000 -63.93
228.10000 -63.93
228.15000 -63.93
228.20000 -63.95
228.25000 -63.94
228.30000 -63.95
228.35000 -63.94
228.40000 -63.97
228.45000 -63.96
228.50000 -64.00
228.55000 -64.01
228.60000 -64.00
228.65000 -64.01
228.70000 -64.03
228.75000 -64.05
228.80000 -64.05
228.85000 -64.03
228.90000 -64.04
228.95000 -64.04
229.00000 -64.05
229.05000 -64.05
229.10000 -64.05
229.15000 -64.06
229.20000 -64.07
229.25000 -64.08
229.30000 -64.08
229.35000 -64.08
229.40000 -64.10
229.45000 -64.11
229.50000 -64.11
229.55000 -64.09
229.60000 -64.08
229.65000 -64.06
229.70000 -64.07
229.75000 -64.07
229.80000 -64.07
229.85000 -64.06
229.90000 -64.07
229.95000 -64.07
230.00000 -64.08
230.05000 -64.09
230.10000 -64.09
230.15000 -64.09
230.20000 -64.11
230.25000 -64.09
230.30000 -64.09
230.35000 -64.09
230.40000 -64.12
230.45000 -64.12
230.50000 -64.11
230.55000 -64.12
230.60000 -64.13
230.65000 -64.13
230.70000 -64.12
230.75000 -64.14
230.80000 -64.13
230.85000 -64.12
230.90000 -64.12
230.95000 -64.12
231.00000 -64.10
231.05000 -64.10
231.10000 -64.11
231.15000 -64.11
231.20000 -64.13
231.25000 -64.11
231.30000 -64.13
231.35000 -64.12
231.40000 -64.13
231.45000 -64.13
231.50000 -64.12
231.55000 -64.12
231.60000 -64.13
231.65000 -64.13
231.70000 -64.12
231.75000 -64.13
231.80000 -64.14
231.85000 -64.18
231.90000 -64.17
231.95000 -64.17
232.00000 -64.17
232.05000 -64.16
232.10000 -64.18
232.15000 -64.17
232.20000 -64.17
232.25000 -64.14
232.30000 -64.17
232.35000 -64.16
232.40000 -64.16
232.45000 -64.17
232.50000 -64.15
232.55000 -64.15
232.60000 -64.15
232.65000 -64.14
232.70000 -64.15
232.75000 -64.17
232.80000 -64.15
232.85000 -64.17
232.90000 -64.18
232.95000 -64.17
233.00000 -64.18
233.05000 -64.21
233.10000 -64.22
233.15000 -64.22
233.20000 -64.23
233.25000 -64.22
233.30000 -64.23
233.35000 -64.22
233.40000 -64.24
233.45000 -64.25
233.50000 -64.25
233.55000 -64.24
233.60000 -64.24
233.65000 -64.25
233.70000 -64.25
233.75000 -64.25
233.80000 -64.26
233.85000 -64.26
233.90000 -64.25
233.95000 -64.23
234.00000 -64.24
234.05000 -64.25
234.10000 -64.23
234.15000 -64.23
234.20000 -64.22
234.25000 -64.21
234.30000 -64.21
234.35000 -64.18
234.40000 -64.17
234.45000 -64.15
234.50000 -64.13
234.55000 -64.12
234.60000 -64.11
234.65000 -64.12
234.70000 -64.11
234.75000 -64.13
234.80000 -64.12
234.85000 -64.13
234.90000 -64.12
234.95000 -64.14
235.00000 -64.14
235.05000 -64.14
235.10000 -64.13
235.15000 -64.13
235.20000 -64.11
235.25000 -64.13
235.30000 -64.13
235.35000 -64.15
235.40000 -64.14
235.45000 -64.13
235.50000 -64.15
235.55000 -64.15
235.60000 -64.14
235.65000 -64.14
235.70000 -64.14
235.75000 -64.16
235.80000 -64.16
235.85000 -64.15
235.90000 -64.16
235.95000 -64.15
236.00000 -64.15
236.05000 -64.14
236.10000 -64.15
236.15000 -64.16
236.20000 -64.14
236.25000 -64.12
236.30000 -64.11
236.35000 -64.12
236.40000 -64.10
236.45000 -64.07
236.50000 -64.09
236.55000 -64.11
236.60000 -64.13
236.65000 -64.12
236.70000 -64.09
236.75000 -64.11
236.80000 -64.11
236.85000 -64.11
236.90000 -64.12
236.95000 -64.11
237.00000 -64.12
237.05000 -64.15
237.10000 -64.14
237.15000 -64.14
237.20000 -64.15
237.25000 -64.14
237.30000 -64.13
237.35000 -64.15
237.40000 -64.16
237.45000 -64.18
237.50000 -64.18
237.55000 -64.17
237.60000 -64.18
237.65000 -64.19
237.70000 -64.18
237.75000 -64.21
237.80000 -64.20
237.85000 -64.19
237.90000 -64.23
237.95000 -64.22
238.00000 -64.24
238.05000 -64.23
238.10000 -64.23
238.15000 -64.24
238.20000 -64.24
238.25000 -64.23
238.30000 -64.23
238.35000 -64.26
238.40000 -64.26
238.45000 -64.25
238.50000 -64.26
238.55000 -64.25
238.60000 -64.25
238.65000 -64.23
238.70000 -64.21
238.75000 -64.21
238.80000 -64.20
238.85000 -64.17
238.90000 -64.20
238.95000 -64.17
239.00000 -64.17
239.05000 -64.16
239.10000 -64.15
239.15000 -64.18
239.20000 -64.17
239.25000 -64.15
239.30000 -64.13
239.35000 -64.14
239.40000 -64.13
239.45000 -64.14
239.50000 -64.14
239.55000 -64.14
239.60000 -64.14
239.65000 -64.14
239.70000 -64.15
239.75000 -64.16
239.80000 -64.15
239.85000 -64.16
239.90000 -64.16
239.95000 -64.18
240.00000 -64.19
240.05000 -64.18
240.10000 -64.19
240.15000 -64.21
240.20000 -64.21
240.25000 -64.20
240.30000 -64.21
240.35000 -64.19
240.40000 -64.21
240.45000 -64.20
240.50000 -64.23
240.55000 -64.21
240.60000 -64.22
240.65000 -64.21
240.70000 -64.21
240.75000 -64.17
240.80000 -64.18
240.85000 -64.18
240.90000 -64.16
240.95000 -64.13
241.00000 -64.14
241.05000 -64.14
241.10000 -64.13
241.15000 -64.12
241.20000 -64.14
241.25000 -64.14
241.30000 -64.16
241.35000 -64.12
241.40000 -64.12
241.45000 -64.12
241.50000 -64.10
241.55000 -64.09
241.60000 -64.12
241.65000 -64.10
241.70000 -64.09
241.75000 -64.09
241.80000 -64.08
241.85000 -64.08
241.90000 -64.09
241.95000 -64.08
242.00000 -64.10
242.05000 -64.10
242.10000 -64.10
242.15000 -64.11
242.20000 -64.12
242.25000 -64.12
242.30000 -64.11
242.35000 -64.13
242.40000 -64.12
242.45000 -64.12
242.50000 -64.09
242.55000 -64.13
242.60000 -64.10
242.65000 -64.09
242.70000 -64.08
242.75000 -64.06
242.80000 -64.06
242.85000 -64.04
242.90000 -64.05
242.95000 -64.05
243.00000 -64.05
243.05000 -64.06
243.10000 -64.06
243.15000 -64.07
243.20000 -64.06
243.25000 -64.09
243.30000 -64.10
243.35000 -64.10
243.40000 -64.10
243.45000 -64.11
243.50000 -64.11
243.55000 -64.12
243.60000 -64.11
243.65000 -64.10
243.70000 -64.08
243.75000 -64.06
243.80000 -64.04
243.85000 -64.04
243.90000 -64.03
243.95000 -64.02
244.00000 -64.03
244.05000 -64.00
244.10000 -63.99
244.15000 -64.00
244.20000 -63.99
244.25000 -63.99
244.30000 -64.00
244.35000 -64.00
244.40000 -64.01
244.45000 -64.02
244.50000 -64.00
244.55000 -64.03
244.60000 -64.03
244.65000 -64.04
244.70000 -64.05
244.75000 -64.08
244.80000 -64.08
244.85000 -64.08
244.90000 -64.06
244.95000 -64.08
245.00000 -64.08
245.05000 -64.10
245.10000 -64.11
245.15000 -64.11
245.20000 -64.11
245.25000 -64.12
245.30000 -64.13
245.35000 -64.12
245.40000 -64.13
245.45000 -64.13
245.50000 -64.14
245.55000 -64.13
245.60000 -64.13
245.65000 -64.12
245.70000 -64.14
245.75000 -64.13
245.80000 -64.12
245.85000 -64.13
245.90000 -64.12
245.95000 -64.12
246.00000 -64.09
246.05000 -64.08
246.10000 -64.08
246.15000 -64.06
246.20000 -64.05
246.25000 -64.05
246.30000 -64.03
246.35000 -64.03
246.40000 -64.02
246.45000 -64.01
246.50000 -64.00
246.55000 -64.01
246.60000 -63.98
246.65000 -63.98
246.70000 -63.98
246.75000 -63.95
246.80000 -63.94
246.85000 -63.96
246.90000 -64.00
246.95000 -63.98
247.00000 -63.98
247.05000 -63.99
247.10000 -63.99
247.15000 -64.00
247.20000 -64.01
247.25000 -64.00
247.30000 -63.99
247.35000 -63.98
247.40000 -63.95
247.45000 -63.94
247.50000 -63.91
247.55000 -63.92
247.60000 -63.94
247.65000 -63.94
247.70000 -63.91
247.75000 -63.89
247.80000 -63.94
247.85000 -63.96
247.90000 -63.95
247.95000 -63.93
248.00000 -63.91
248.05000 -63.89
248.10000 -63.89
248.15000 -63.87
248.20000 -63.84
248.25000 -63.83
248.30000 -63.82
248.35000 -63.81
248.40000 -63.83
248.45000 -63.81
248.50000 -63.80
248.55000 -63.78
248.60000 -63.78
248.65000 -63.80
248.70000 -63.79
248.75000 -63.81
248.80000 -63.81
248.85000 -63.81
248.90000 -63.80
248.95000 -63.80
249.00000 -63.80
249.05000 -63.82
249.10000 -63.82
249.15000 -63.80
249.20000 -63.80
249.25000 -63.80
249.30000 -63.81
249.35000 -63.83
249.40000 -63.83
249.45000 -63.82
249.50000 -63.82
249.55000 -63.80
249.60000 -63.79
249.65000 -63.80
249.70000 -63.78
249.75000 -63.78
249.80000 -63.78
249.85000 -63.77
249.90000 -63.76
249.95000 -63.82
250.00000 -63.82
250.05000 -63.82
250.10000 -64.17
250.15000 -65.31
250.20000 -65.05
250.25000 -65.03
250.30000 -65.16
250.35000 -65.29
250.40000 -65.40
250.45000 -65.54
250.50000 -65.65
250.55000 -65.72
250.60000 -65.83
250.65000 -65.91
250.70000 -66.00
250.75000 -66.10
250.80000 -66.18
250.85000 -66.23
250.90000 -66.28
250.95000 -66.34
251.00000 -66.42
251.05000 -66.48
251.10000 -66.52
251.15000 -66.56
251.20000 -66.62
251.25000 -66.68
251.30000 -66.75
251.35000 -66.76
251.40000 -66.80
251.45000 -66.84
251.50000 -66.88
251.55000 -66.92
251.60000 -66.94
251.65000 -66.98
251.70000 -66.99
251.75000 -67.03
251.80000 -67.06
251.85000 -67.07
251.90000 -67.10
251.95000 -67.12
252.00000 -67.14
252.05000 -67.15
252.10000 -67.18
252.15000 -67.19
252.20000 -67.21
252.25000 -67.21
252.30000 -67.22
252.35000 -67.26
252.40000 -67.29
252.45000 -67.29
252.50000 -67.31
252.55000 -67.32
252.60000 -67.33
252.65000 -67.31
252.70000 -67.30
252.75000 -67.30
252.80000 -67.30
252.85000 -67.30
252.90000 -67.29
252.95000 -67.31
253.00000 -67.33
253.05000 -67.34
253.10000 -67.34
253.15000 -67.31
253.20000 -67.32
253.25000 -67.34
253.30000 -67.34
253.35000 -67.34
253.40000 -67.36
253.45000 -67.38
253.50000 -67.38
253.55000 -67.41
253.60000 -67.41
253.65000 -67.40
253.70000 -67.43
253.75000 -67.43
253.80000 -67.41
253.85000 -67.43
253.90000 -67.46
253.95000 -67.46
254.00000 -67.45
254.05000 -67.46
254.10000 -67.47
254.15000 -67.48
254.20000 -67.49
254.25000 -67.49
254.30000 -67.53
254.35000 -67.51
254.40000 -67.50
254.45000 -67.53
254.50000 -67.54
254.55000 -67.54
254.60000 -67.55
254.65000 -67.57
254.70000 -67.59
254.75000 -67.59
254.80000 -67.60
254.85000 -67.61
254.90000 -67.63
254.95000 -67.64
255.00000 -67.65
255.05000 -67.67
255.10000 -67.67
255.15000 -67.68
255.20000 -67.69
255.25000 -67.72
255.30000 -67.72
255.35000 -67.73
255.40000 -67.70
255.45000 -67.71
255.50000 -67.71
255.55000 -67.70
255.60000 -67.70
255.65000 -67.71
255.70000 -67.70
255.75000 -67.70
255.80000 -67.71
255.85000 -67.69
255.90000 -67.70
255.95000 -67.74
256.00000 -67.74
256.05000 -67.74
256.10000 -67.75
256.15000 -67.77
256.20000 -67.79
256.25000 -67.78
256.30000 -67.79
256.35000 -67.79
256.40000 -67.80
256.45000 -67.81
256.50000 -67.80
256.55000 -67.80
256.60000 -67.78
256.65000 -67.77
256.70000 -67.77
256.75000 -67.78
256.80000 -67.79
256.85000 -67.76
256.90000 -67.80
256.95000 -67.78
257.00000 -67.76
257.05000 -67.77
257.10000 -67.78
257.15000 -67.78
257.20000 -67.75
257.25000 -67.74
257.30000 -67.73
257.35000 -67.72
257.40000 -67.70
257.45000 -67.66
257.50000 -67.64
257.55000 -67.62
257.60000 -67.63
257.65000 -67.62
257.70000 -67.60
257.75000 -67.59
257.80000 -67.58
257.85000 -67.57
257.90000 -67.57
257.95000 -67.58
258.00000 -67.57
258.05000 -67.58
258.10000 -67.55
258.15000 -67.55
258.20000 -67.55
258.25000 -67.53
258.30000 -67.51
258.35000 -67.49
258.40000 -67.47
258.45000 -67.46
258.50000 -67.46
258.55000 -67.46
258.60000 -67.47
258.65000 -67.48
258.70000 -67.46
258.75000 -67.46
258.80000 -67.46
258.85000 -67.47
258.90000 -67.48
258.95000 -67.48
259.00000 -67.49
259.05000 -67.49
259.10000 -67.51
259.15000 -67.52
259.20000 -67.51
259.25000 -67.51
259.30000 -67.53
259.35000 -67.54
259.40000 -67.56
259.45000 -67.56
259.50000 -67.58
259.55000 -67.57
259.60000 -67.58
259.65000 -67.60
259.70000 -67.60
259.75000 -67.62
259.80000 -67.61
259.85000 -67.62
259.90000 -67.62
259.95000 -67.63
260.00000 -67.64
260.05000 -67.65
260.10000 -67.65
260.15000 -67.65
260.20000 -67.67
260.25000 -67.66
260.30000 -67.67
260.35000 -67.66
260.40000 -67.65
260.45000 -67.62
260.50000 -67.62
260.55000 -67.61
260.60000 -67.60
260.65000 -67.60
260.70000 -67.61
260.75000 -67.61
260.80000 -67.61
260.85000 -67.61
260.90000 -67.61
260.95000 -67.60
261.00000 -67.61
261.05000 -67.62
261.10000 -67.61
261.15000 -67.60
261.20000 -67.59
261.25000 -67.57
261.30000 -67.58
261.35000 -67.56
261.40000 -67.55
261.45000 -67.57
261.50000 -67.56
261.55000 -67.56
261.60000 -67.56
261.65000 -67.56
261.70000 -67.56
261.75000 -67.57
261.80000 -67.56
261.85000 -67.57
261.90000 -67.58
261.95000 -67.57
262.00000 -67.54
262.05000 -67.55
262.10000 -67.55
262.15000 -67.58
262.20000 -67.57
262.25000 -67.56
262.30000 -67.53
262.35000 -67.55
262.40000 -67.56
262.45000 -67.52
262.50000 -67.51
262.55000 -67.53
262.60000 -67.54
262.65000 -67.54
262.70000 -67.56
262.75000 -67.57
262.80000 -67.58
262.85000 -67.59
262.90000 -67.58
262.95000 -67.59
263.00000 -67.58
263.05000 -67.58
263.10000 -67.58
263.15000 -67.58
263.20000 -67.59
263.25000 -67.59
263.30000 -67.57
263.35000 -67.56
263.40000 -67.55
263.45000 -67.55
263.50000 -67.54
263.55000 -67.55
263.60000 -67.55
263.65000 -67.54
263.70000 -67.54
263.75000 -67.54
263.80000 -67.53
263.85000 -67.53
263.90000 -67.54
263.95000 -67.54
264.00000 -67.54
264.05000 -67.53
264.10000 -67.53
264.15000 -67.54
264.20000 -67.52
264.25000 -67.53
264.30000 -67.53
264.35000 -67.54
264.40000 -67.56
264.45000 -67.54
264.50000 -67.53
264.55000 -67.54
264.60000 -67.56
264.65000 -67.55
264.70000 -67.56
264.75000 -67.57
264.80000 -67.56
264.85000 -67.54
264.90000 -67.54
264.95000 -67.56
265.00000 -67.59
265.05000 -67.59
265.10000 -67.58
265.15000 -67.59
265.20000 -67.62
265.25000 -67.61
265.30000 -67.59
265.35000 -67.60
265.40000 -67.62
265.45000 -67.61
265.50000 -67.60
265.55000 -67.62
265.60000 -67.60
265.65000 -67.63
265.70000 -67.64
265.75000 -67.63
265.80000 -67.64
265.85000 -67.64
265.90000 -67.65
265.95000 -67.67
266.00000 -67.67
266.05000 -67.68
266.10000 -67.67
266.15000 -67.66
266.20000 -67.65
266.25000 -67.64
266.30000 -67.62
266.35000 -67.58
266.40000 -67.59
266.45000 -67.56
266.50000 -67.57
266.55000 -67.53
266.60000 -67.52
266.65000 -67.51
266.70000 -67.47
266.75000 -67.50
266.80000 -67.50
266.85000 -67.49
266.90000 -67.48
266.95000 -67.52
267.00000 -67.53
267.05000 -67.52
267.10000 -67.53
267.15000 -67.54
267.20000 -67.53
267.25000 -67.56
267.30000 -67.57
267.35000 -67.57
267.40000 -67.59
267.45000 -67.57
267.50000 -67.57
267.55000 -67.56
267.60000 -67.56
267.65000 -67.56
267.70000 -67.56
267.75000 -67.59
267.80000 -67.57
267.85000 -67.60
267.90000 -67.58
267.95000 -67.60
268.00000 -67.61
268.05000 -67.63
268.10000 -67.63
268.15000 -67.63
268.20000 -67.61
268.25000 -67.62
268.30000 -67.62
268.35000 -67.59
268.40000 -67.59
268.45000 -67.59
268.50000 -67.60
268.55000 -67.57
268.60000 -67.60
268.65000 -67.61
268.70000 -67.61
268.75000 -67.61
268.80000 -67.63
268.85000 -67.65
268.90000 -67.65
268.95000 -67.65
269.00000 -67.65
269.05000 -67.63
269.10000 -67.64
269.15000 -67.62
269.20000 -67.63
269.25000 -67.66
269.30000 -67.65
269.35000 -67.65
269.40000 -67.65
269.45000 -67.66
269.50000 -67.65
269.55000 -67.65
269.60000 -67.66
269.65000 -67.65
269.70000 -67.66
269.75000 -67.67
269.80000 -67.65
269.85000 -67.66
269.90000 -67.67
269.95000 -67.65
270.00000 -67.63
270.05000 -67.63
270.10000 -67.65
270.15000 -67.65
270.20000 -67.64
270.25000 -67.65
270.30000 -67.63
270.35000 -67.63
270.40000 -67.64
270.45000 -67.63
270.50000 -67.63
270.55000 -67.64
270.60000 -67.63
270.65000 -67.63
270.70000 -67.64
270.75000 -67.60
270.80000 -67.60
270.85000 -67.54
270.90000 -67.51
270.95000 -67.50
271.00000 -67.50
271.05000 -67.49
271.10000 -67.49
271.15000 -67.48
271.20000 -67.47
271.25000 -67.48
271.30000 -67.46
271.35000 -67.46
271.40000 -67.48
271.45000 -67.48
271.50000 -67.51
271.55000 -67.53
271.60000 -67.54
271.65000 -67.55
271.70000 -67.55
271.75000 -67.56
271.80000 -67.57
271.85000 -67.58
271.90000 -67.63
271.95000 -67.62
272.00000 -67.63
272.05000 -67.66
272.10000 -67.67
272.15000 -67.67
272.20000 -67.68
272.25000 -67.69
272.30000 -67.71
272.35000 -67.71
272.40000 -67.70
272.45000 -67.71
272.50000 -67.72
272.55000 -67.72
272.60000 -67.72
272.65000 -67.71
272.70000 -67.70
272.75000 -67.71
272.80000 -67.71
272.85000 -67.71
272.90000 -67.71
272.95000 -67.71
273.00000 -67.72
273.05000 -67.73
273.10000 -67.73
273.15000 -67.71
273.20000 -67.72
273.25000 -67.71
273.30000 -67.69
273.35000 -67.68
273.40000 -67.70
273.45000 -67.68
273.50000 -67.69
273.55000 -67.68
273.60000 -67.67
273.65000 -67.66
273.70000 -67.66
273.75000 -67.66
273.80000 -67.66
273.85000 -67.65
273.90000 -67.68
273.95000 -67.69
274.00000 -67.68
274.05000 -67.66
274.10000 -67.67
274.15000 -67.66
274.20000 -67.68
274.25000 -67.65
274.30000 -67.64
274.35000 -67.63
274.40000 -67.60
274.45000 -67.59
274.50000 -67.61
274.55000 -67.59
274.60000 -67.60
274.65000 -67.62
274.70000 -67.60
274.75000 -67.60
274.80000 -67.61
274.85000 -67.58
274.90000 -67.60
274.95000 -67.60
275.00000 -67.59
275.05000 -67.58
275.10000 -67.59
275.15000 -67.57
275.20000 -67.56
275.25000 -67.57
275.30000 -67.55
275.35000 -67.54
275.40000 -67.56
275.45000 -67.57
275.50000 -67.56
275.55000 -67.56
275.60000 -67.57
275.65000 -67.57
275.70000 -67.57
275.75000 -67.57
275.80000 -67.57
275.85000 -67.57
275.90000 -67.56
275.95000 -67.55
276.00000 -67.58
276.05000 -67.56
276.10000 -67.56
276.15000 -67.57
276.20000 -67.58
276.25000 -67.59
276.30000 -67.58
276.35000 -67.59
276.40000 -67.59
276.45000 -67.61
276.50000 -67.59
276.55000 -67.63
276.60000 -67.63
276.65000 -67.64
276.70000 -67.65
276.75000 -67.64
276.80000 -67.64
276.85000 -67.64
276.90000 -67.64
276.95000 -67.63
277.00000 -67.63
277.05000 -67.65
277.10000 -67.65
277.15000 -67.65
277.20000 -67.64
277.25000 -67.64
277.30000 -67.66
277.35000 -67.66
277.40000 -67.64
277.45000 -67.60
277.50000 -67.61
277.55000 -67.61
277.60000 -67.58
277.65000 -67.56
277.70000 -67.53
277.75000 -67.51
277.80000 -67.50
277.85000 -67.50
277.90000 -67.50
277.95000 -67.49
278.00000 -67.48
278.05000 -67.49
278.10000 -67.50
278.15000 -67.51
278.20000 -67.53
278.25000 -67.50
278.30000 -67.51
278.35000 -67.53
278.40000 -67.55
278.45000 -67.54
278.50000 -67.52
278.55000 -67.51
278.60000 -67.51
278.65000 -67.53
278.70000 -67.53
278.75000 -67.53
278.80000 -67.53
278.85000 -67.50
278.90000 -67.52
278.95000 -67.51
279.00000 -67.47
279.05000 -67.46
279.10000 -67.45
279.15000 -67.44
279.20000 -67.41
279.25000 -67.40
279.30000 -67.39
279.35000 -67.37
279.40000 -67.37
279.45000 -67.37
279.50000 -67.39
279.55000 -67.38
279.60000 -67.40
279.65000 -67.38
279.70000 -67.37
279.75000 -67.39
279.80000 -67.41
279.85000 -67.41
279.90000 -67.41
279.95000 -67.43
280.00000 -67.46
280.05000 -67.46
280.10000 -67.46
280.15000 -67.48
280.20000 -67.48
280.25000 -67.48
280.30000 -67.49
280.35000 -67.50
280.40000 -67.54
280.45000 -67.53
280.50000 -67.52
280.55000 -67.50
280.60000 -67.51
280.65000 -67.53
280.70000 -67.51
280.75000 -67.52
280.80000 -67.54
280.85000 -67.54
280.90000 -67.56
280.95000 -67.56
281.00000 -67.58
281.05000 -67.58
281.10000 -67.59
281.15000 -67.62
281.20000 -67.61
281.25000 -67.61
281.30000 -67.61
281.35000 -67.62
281.40000 -67.64
281.45000 -67.66
281.50000 -67.66
281.55000 -67.67
281.60000 -67.66
281.65000 -67.70
281.70000 -67.68
281.75000 -67.69
281.80000 -67.69
281.85000 -67.71
281.90000 -67.69
281.95000 -67.71
282.00000 -67.70
282.05000 -67.70
282.10000 -67.70
282.15000 -67.70
282.20000 -67.72
282.25000 -67.70
282.30000 -67.71
282.35000 -67.71
282.40000 -67.71
282.45000 -67.72
282.50000 -67.71
282.55000 -67.70
282.60000 -67.71
282.65000 -67.70
282.70000 -67.70
282.75000 -67.70
282.80000 -67.71
282.85000 -67.70
282.90000 -67.70
282.95000 -67.69
283.00000 -67.70
283.05000 -67.73
283.10000 -67.73
283.15000 -67.71
283.20000 -67.74
283.25000 -67.76
283.30000 -67.78
283.35000 -67.79
283.40000 -67.77
283.45000 -67.78
283.50000 -67.78
283.55000 -67.79
283.60000 -67.79
283.65000 -67.81
283.70000 -67.81
283.75000 -67.82
283.80000 -67.81
283.85000 -67.81
283.90000 -67.84
283.95000 -67.82
284.00000 -67.80
284.05000 -67.80
284.10000 -67.79
284.15000 -67.81
284.20000 -67.81
284.25000 -67.79
284.30000 -67.77
284.35000 -67.76
284.40000 -67.75
284.45000 -67.73
284.50000 -67.75
284.55000 -67.75
284.60000 -67.74
284.65000 -67.73
284.70000 -67.72
284.75000 -67.73
284.80000 -67.72
284.85000 -67.68
284.90000 -67.69
284.95000 -67.67
285.00000 -67.67
285.05000 -67.65
285.10000 -67.65
285.15000 -67.63
285.20000 -67.64
285.25000 -67.65
285.30000 -67.63
285.35000 -67.65
285.40000 -67.64
285.45000 -67.63
285.50000 -67.63
285.55000 -67.62
285.60000 -67.62
285.65000 -67.66
285.70000 -67.66
285.75000 -67.66
285.80000 -67.69
285.85000 -67.69
285.90000 -67.70
285.95000 -67.71
286.00000 -67.72
286.05000 -67.72
286.10000 -67.75
286.15000 -67.75
286.20000 -67.74
286.25000 -67.77
286.30000 -67.76
286.35000 -67.74
286.40000 -67.76
286.45000 -67.75
286.50000 -67.74
286.55000 -67.76
286.60000 -67.75
286.65000 -67.76
286.70000 -67.74
286.75000 -67.76
286.80000 -67.75
286.85000 -67.76
286.90000 -67.75
286.95000 -67.75
287.00000 -67.74
287.05000 -67.78
287.10000 -67.78
287.15000 -67.77
287.20000 -67.77
287.25000 -67.75
287.30000 -67.76
287.35000 -67.77
287.40000 -67.76
287.45000 -67.74
287.50000 -67.73
287.55000 -67.73
287.60000 -67.73
287.65000 -67.73
287.70000 -67.75
287.75000 -67.74
287.80000 -67.74
287.85000 -67.75
287.90000 -67.77
287.95000 -67.75
288.00000 -67.75
288.05000 -67.75
288.10000 -67.72
288.15000 -67.75
288.20000 -67.74
288.25000 -67.76
288.30000 -67.77
288.35000 -67.78
288.40000 -67.77
288.45000 -67.75
288.50000 -67.74
288.55000 -67.75
288.60000 -67.73
288.65000 -67.73
288.70000 -67.73
288.75000 -67.74
288.80000 -67.75
288.85000 -67.76
288.90000 -67.75
288.95000 -67.76
289.00000 -67.75
289.05000 -67.75
289.10000 -67.74
289.15000 -67.74
289.20000 -67.73
289.25000 -67.72
289.30000 -67.70
289.35000 -67.72
289.40000 -67.72
289.45000 -67.73
289.50000 -67.73
289.55000 -67.74
289.60000 -67.73
289.65000 -67.74
289.70000 -67.74
289.75000 -67.75
289.80000 -67.75
289.85000 -67.77
289.90000 -67.77
289.95000 -67.78
290.00000 -67.76
290.05000 -67.76
290.10000 -67.76
290.15000 -67.72
290.20000 -67.72
290.25000 -67.70
290.30000 -67.68
290.35000 -67.67
290.40000 -67.68
290.45000 -67.66
290.50000 -67.65
290.55000 -67.67
290.60000 -67.67
290.65000 -67.67
290.70000 -67.66
290.75000 -67.64
290.80000 -67.65
290.85000 -67.66
290.90000 -67.65
290.95000 -67.67
291.00000 -67.66
291.05000 -67.67
291.10000 -67.65
291.15000 -67.65
291.20000 -67.65
291.25000 -67.64
291.30000 -67.64
291.35000 -67.61
291.40000 -67.63
291.45000 -67.62
291.50000 -67.61
291.55000 -67.60
291.60000 -67.61
291.65000 -67.60
291.70000 -67.63
291.75000 -67.62
291.80000 -67.62
291.85000 -67.61
291.90000 -67.61
291.95000 -67.61
292.00000 -67.62
292.05000 -67.62
292.10000 -67.64
292.15000 -67.65
292.20000 -67.64
292.25000 -67.63
292.30000 -67.63
292.35000 -67.65
292.40000 -67.67
292.45000 -67.65
292.50000 -67.65
292.55000 -67.66
292.60000 -67.67
292.65000 -67.65
292.70000 -67.67
292.75000 -67.66
292.80000 -67.67
292.85000 -67.69
292.90000 -67.68
292.95000 -67.69
293.00000 -67.72
293.05000 -67.72
293.10000 -67.74
293.15000 -67.76
293.20000 -67.75
293.25000 -67.77
293.30000 -67.78
293.35000 -67.79
293.40000 -67.80
293.45000 -67.82
293.50000 -67.80
293.55000 -67.83
293.60000 -67.82
293.65000 -67.83
293.70000 -67.82
293.75000 -67.83
293.80000 -67.81
293.85000 -67.80
293.90000 -67.78
293.95000 -67.78
294.00000 -67.75
294.05000 -67.76
294.10000 -67.76
294.15000 -67.73
294.20000 -67.74
294.25000 -67.74
294.30000 -67.72
294.35000 -67.71
294.40000 -67.70
294.45000 -67.70
294.50000 -67.70
294.55000 -67.71
294.60000 -67.69
294.65000 -67.69
294.70000 -67.72
294.75000 -67.70
294.80000 -67.69
294.85000 -67.70
294.90000 -67.71
294.95000 -67.72
295.00000 -67.73
295.05000 -67.72
295.10000 -67.75
295.15000 -67.74
295.20000 -67.76
295.25000 -67.76
295.30000 -67.75
295.35000 -67.75
295.40000 -67.76
295.45000 -67.77
295.50000 -67.77
295.55000 -67.76
295.60000 -67.77
295.65000 -67.75
295.70000 -67.75
295.75000 -67.77
295.80000 -67.76
295.85000 -67.78
295.90000 -67.77
295.95000 -67.78
296.00000 -67.77
296.05000 -67.77
296.10000 -67.76
296.15000 -67.77
296.20000 -67.77
296.25000 -67.74
296.30000 -67.71
296.35000 -67.72
296.40000 -67.73
296.45000 -67.73
296.50000 -67.72
296.55000 -67.73
296.60000 -67.72
296.65000 -67.74
296.70000 -67.77
296.75000 -67.78
296.80000 -67.78
296.85000 -67.76
296.90000 -67.75
296.95000 -67.75
297.00000 -67.75
297.05000 -67.75
297.10000 -67.76
297.15000 -67.75
297.20000 -67.73
297.25000 -67.70
297.30000 -67.71
297.35000 -67.72
297.40000 -67.70
297.45000 -67.72
297.50000 -67.70
297.55000 -67.69
297.60000 -67.69
297.65000 -67.67
297.70000 -67.68
297.75000 -67.69
297.80000 -67.73
297.85000 -67.73
297.90000 -67.72
297.95000 -67.72
298.00000 -67.71
298.05000 -67.74
298.10000 -67.71
298.15000 -67.74
298.20000 -67.71
298.25000 -67.68
298.30000 -67.70
298.35000 -67.74
298.40000 -67.72
298.45000 -67.73
298.50000 -67.73
298.55000 -67.73
298.60000 -67.72
298.65000 -67.75
298.70000 -67.77
298.75000 -67.75
298.80000 -67.74
298.85000 -67.76
298.90000 -67.73
298.95000 -67.73
299.00000 -67.73
299.05000 -67.71
299.10000 -67.71
299.15000 -67.70
299.20000 -67.69
299.25000 -67.69
299.30000 -67.71
299.35000 -67.70
299.40000 -67.71
299.45000 -67.73
299.50000 -67.74
299.55000 -67.75
299.60000 -67.74
299.65000 -67.75
299.70000 -67.75
299.75000 -67.78
299.80000 -67.79
299.85000 -67.81
299.90000 -67.79
299.95000 -67.80
300.00000 -67.81
300.05000 -67.80
300.10000 -67.42
300.15000 -66.29
300.20000 -66.54
300.25000 -66.55
300.30000 -66.40
300.35000 -66.29
300.40000 -66.19
300.45000 -66.06
300.50000 -65.92
300.55000 -65.82
300.60000 -65.73
300.65000 -65.63
300.70000 -65.50
300.75000 -65.44
300.80000 -65.36
300.85000 -65.27
300.90000 -65.22
300.95000 -65.15
301.00000 -65.10
301.05000 -65.02
301.10000 -64.97
301.15000 -64.94
301.20000 -64.89
301.25000 -64.87
301.30000 -64.84
301.35000 -64.80
301.40000 -64.75
301.45000 -64.72
301.50000 -64.71
301.55000 -64.69
301.60000 -64.64
301.65000 -64.62
301.70000 -64.59
301.75000 -64.57
301.80000 -64.54
301.85000 -64.52
301.90000 -64.52
301.95000 -64.51
302.00000 -64.49
302.05000 -64.48
302.10000 -64.46
302.15000 -64.48
302.20000 -64.46
302.25000 -64.42
302.30000 -64.41
302.35000 -64.40
302.40000 -64.38
302.45000 -64.39
302.50000 -64.36
302.55000 -64.34
302.60000 -64.32
302.65000 -64.35
302.70000 -64.33
302.75000 -64.31
302.80000 -64.34
302.85000 -64.35
302.90000 -64.35
302.95000 -64.32
303.00000 -64.34
303.05000 -64.35
303.10000 -64.33
303.15000 -64.33
303.20000 -64.31
303.25000 -64.31
303.30000 -64.31
303.35000 -64.29
303.40000 -64.27
303.45000 -64.27
303.50000 -64.29
303.55000 -64.28
303.60000 -64.28
303.65000 -64.28
303.70000 -64.26
303.75000 -64.26
303.80000 -64.26
303.85000 -64.25
303.90000 -64.24
303.95000 -64.26
304.00000 -64.26
304.05000 -64.25
304.10000 -64.27
304.15000 -64.29
304.20000 -64.27
304.25000 -64.28
304.30000 -64.29
304.35000 -64.27
304.40000 -64.29
304.45000 -64.31
304.50000 -64.30
304.55000 -64.29
304.60000 -64.31
304.65000 -64.29
304.70000 -64.34
304.75000 -64.33
304.80000 -64.32
304.85000 -64.31
304.90000 -64.32
304.95000 -64.31
305.00000 -64.31
305.05000 -64.32
305.10000 -64.31
305.15000 -64.31
305.20000 -64.33
305.25000 -64.32
305.30000 -64.32
305.35000 -64.31
305.40000 -64.30
305.45000 -64.31
305.50000 -64.28
305.55000 -64.28
305.60000 -64.28
305.65000 -64.27
305.70000 -64.28
305.75000 -64.28
305.80000 -64.29
305.85000 -64.28
305.90000 -64.26
305.95000 -64.30
306.00000 -64.29
306.05000 -64.28
306.10000 -64.30
306.15000 -64.30
306.20000 -64.30
306.25000 -64.29
306.30000 -64.28
306.35000 -64.28
306.40000 -64.29
306.45000 -64.29
306.50000 -64.28
306.55000 -64.27
306.60000 -64.26
306.65000 -64.26
306.70000 -64.25
306.75000 -64.26
306.80000 -64.25
306.85000 -64.25
306.90000 -64.23
306.95000 -64.22
307.00000 -64.21
307.05000 -64.23
307.10000 -64.24
307.15000 -64.24
307.20000 -64.22
307.25000 -64.20
307.30000 -64.23
307.35000 -64.24
307.40000 -64.23
307.45000 -64.23
307.50000 -64.23
307.55000 -64.22
307.60000 -64.21
307.65000 -64.22
307.70000 -64.23
307.75000 -64.22
307.80000 -64.23
307.85000 -64.22
307.90000 -64.24
307.95000 -64.24
308.00000 -64.26
308.05000 -64.26
308.10000 -64.25
308.15000 -64.25
308.20000 -64.26
308.25000 -64.23
308.30000 -64.25
308.35000 -64.25
308.40000 -64.26
308.45000 -64.28
308.50000 -64.28
308.55000 -64.27
308.60000 -64.25
308.65000 -64.24
308.70000 -64.24
308.75000 -64.25
308.80000 -64.24
308.85000 -64.25
308.90000 -64.24
308.95000 -64.23
309.00000 -64.23
309.05000 -64.23
309.10000 -64.26
309.15000 -64.26
309.20000 -64.27
309.25000 -64.27
309.30000 -64.26
309.35000 -64.26
309.40000 -64.28
309.45000 -64.32
309.50000 -64.31
309.55000 -64.30
309.60000 -64.28
309.65000 -64.30
309.70000 -64.30
309.75000 -64.29
309.80000 -64.27
309.85000 -64.28
309.90000 -64.26
309.95000 -64.26
310.00000 -64.26
310.05000 -64.25
310.10000 -64.23
310.15000 -64.23
310.20000 -64.21
310.25000 -64.21
310.30000 -64.19
310.35000 -64.18
310.40000 -64.17
310.45000 -64.17
310.50000 -64.19
310.55000 -64.18
310.60000 -64.17
310.65000 -64.18
310.70000 -64.18
310.75000 -64.17
310.80000 -64.18
310.85000 -64.19
310.90000 -64.16
310.95000 -64.16
311.00000 -64.15
311.05000 -64.16
311.10000 -64.16
311.15000 -64.16
311.20000 -64.15
311.25000 -64.16
311.30000 -64.16
311.35000 -64.16
311.40000 -64.16
311.45000 -64.17
311.50000 -64.18
311.55000 -64.18
311.60000 -64.16
311.65000 -64.16
311.70000 -64.17
311.75000 -64.18
311.80000 -64.21
311.85000 -64.19
311.90000 -64.19
311.95000 -64.20
312.00000 -64.18
312.05000 -64.18
312.10000 -64.18
312.15000 -64.17
312.20000 -64.17
312.25000 -64.18
312.30000 -64.18
312.35000 -64.18
312.40000 -64.18
312.45000 -64.19
312.50000 -64.17
312.55000 -64.18
312.60000 -64.19
312.65000 -64.18
312.70000 -64.18
312.75000 -64.16
312.80000 -64.14
312.85000 -64.15
312.90000 -64.16
312.95000 -64.15
313.00000 -64.12
313.05000 -64.11
313.10000 -64.11
313.15000 -64.11
313.20000 -64.11
313.25000 -64.10
313.30000 -64.08
313.35000 -64.08
313.40000 -64.06
313.45000 -64.06
313.50000 -64.04
313.55000 -64.06
313.60000 -64.04
313.65000 -64.05
313.70000 -64.04
313.75000 -64.03
313.80000 -64.00
313.85000 -64.00
313.90000 -63.98
313.95000 -63.98
314.00000 -63.98
314.05000 -63.98
314.10000 -63.97
314.15000 -63.97
314.20000 -63.96
314.25000 -63.95
314.30000 -63.95
314.35000 -63.95
314.40000 -63.95
314.45000 -63.93
314.50000 -63.94
314.55000 -63.95
314.60000 -63.98
314.65000 -63.97
314.70000 -63.99
314.75000 -64.00
314.80000 -64.01
314.85000 -64.01
314.90000 -64.01
314.95000 -64.04
315.00000 -64.03
315.05000 -64.02
315.10000 -64.00
315.15000 -64.02
315.20000 -64.03
315.25000 -64.02
315.30000 -64.01
315.35000 -64.02
315.40000 -64.02
315.45000 -64.04
315.50000 -64.06
315.55000 -64.05
315.60000 -64.06
315.65000 -64.05
315.70000 -64.06
315.75000 -64.06
315.80000 -64.09
315.85000 -64.09
315.90000 -64.10
315.95000 -64.10
316.00000 -64.10
316.05000 -64.11
316.10000 -64.13
316.15000 -64.13
316.20000 -64.14
316.25000 -64.15
316.30000 -64.15
316.35000 -64.16
316.40000 -64.15
316.45000 -64.15
316.50000 -64.14
316.55000 -64.14
316.60000 -64.13
316.65000 -64.12
316.70000 -64.11
316.75000 -64.12
316.80000 -64.10
316.85000 -64.11
316.90000 -64.11
316.95000 -64.11
317.00000 -64.09
317.05000 -64.10
317.10000 -64.11
317.15000 -64.10
317.20000 -64.11
317.25000 -64.11
317.30000 -64.10
317.35000 -64.11
317.40000 -64.14
317.45000 -64.12
317.50000 -64.11
317.55000 -64.12
317.60000 -64.11
317.65000 -64.10
317.70000 -64.12
317.75000 -64.12
317.80000 -64.13
317.85000 -64.14
317.90000 -64.14
317.95000 -64.13
318.00000 -64.14
318.05000 -64.15
318.10000 -64.15
318.15000 -64.17
318.20000 -64.18
318.25000 -64.18
318.30000 -64.21
318.35000 -64.21
318.40000 -64.19
318.45000 -64.20
318.50000 -64.22
318.55000 -64.20
318.60000 -64.21
318.65000 -64.22
318.70000 -64.22
318.75000 -64.22
318.80000 -64.23
318.85000 -64.22
318.90000 -64.25
318.95000 -64.24
319.00000 -64.22
319.05000 -64.22
319.10000 -64.21
319.15000 -64.19
319.20000 -64.19
319.25000 -64.18
319.30000 -64.18
319.35000 -64.17
319.40000 -64.19
319.45000 -64.17
319.50000 -64.18
319.55000 -64.18
319.60000 -64.17
319.65000 -64.17
319.70000 -64.16
319.75000 -64.15
319.80000 -64.17
319.85000 -64.16
319.90000 -64.16
319.95000 -64.18
320.00000 -64.16
320.05000 -64.18
320.10000 -64.17
320.15000 -64.20
320.20000 -64.19
320.25000 -64.21
320.30000 -64.21
320.35000 -64.21
320.40000 -64.21
320.45000 -64.21
320.50000 -64.22
320.55000 -64.21
320.60000 -64.23
320.65000 -64.22
320.70000 -64.21
320.75000 -64.22
320.80000 -64.22
320.85000 -64.20
320.90000 -64.20
320.95000 -64.21
321.00000 -64.21
321.05000 -64.20
321.10000 -64.19
321.15000 -64.20
321.20000 -64.18
321.25000 -64.16
321.30000 -64.17
321.35000 -64.17
321.40000 -64.19
321.45000 -64.20
321.50000 -64.19
321.55000 -64.18
321.60000 -64.17
321.65000 -64.21
321.70000 -64.21
321.75000 -64.22
321.80000 -64.19
321.85000 -64.19
321.90000 -64.21
321.95000 -64.20
322.00000 -64.22
322.05000 -64.22
322.10000 -64.24
322.15000 -64.22
322.20000 -64.22
322.25000 -64.22
322.30000 -64.22
322.35000 -64.23
322.40000 -64.26
322.45000 -64.26
322.50000 -64.25
322.55000 -64.25
322.60000 -64.26
322.65000 -64.26
322.70000 -64.25
322.75000 -64.28
322.80000 -64.27
322.85000 -64.27
322.90000 -64.28
322.95000 -64.30
323.00000 -64.30
323.05000 -64.28
323.10000 -64.28
323.15000 -64.26
323.20000 -64.25
323.25000 -64.23
323.30000 -64.22
323.35000 -64.22
323.40000 -64.23
323.45000 -64.22
323.50000 -64.23
323.55000 -64.20
323.60000 -64.22
323.65000 -64.21
323.70000 -64.17
323.75000 -64.20
323.80000 -64.19
323.85000 -64.15
323.90000 -64.18
323.95000 -64.15
324.00000 -64.13
324.05000 -64.13
324.10000 -64.11
324.15000 -64.10
324.20000 -64.08
324.25000 -64.06
324.30000 -64.04
324.35000 -64.02
324.40000 -64.02
324.45000 -64.02
324.50000 -63.99
324.55000 -64.01
324.60000 -63.98
324.65000 -63.96
324.70000 -63.97
324.75000 -63.97
324.80000 -63.97
324.85000 -63.97
324.90000 -63.97
324.95000 -63.98
325.00000 -63.98
325.05000 -63.97
325.10000 -63.97
325.15000 -63.97
325.20000 -63.98
325.25000 -64.00
325.30000 -64.00
325.35000 -64.00
325.40000 -64.01
325.45000 -64.03
325.50000 -64.03
325.55000 -64.04
325.60000 -64.08
325.65000 -64.07
325.70000 -64.07
325.75000 -64.06
325.80000 -64.10
325.85000 -64.08
325.90000 -64.09
325.95000 -64.09
326.00000 -64.08
326.05000 -64.10
326.10000 -64.09
326.15000 -64.12
326.20000 -64.12
326.25000 -64.10
326.30000 -64.09
326.35000 -64.09
326.40000 -64.12
326.45000 -64.12
326.50000 -64.14
326.55000 -64.15
326.60000 -64.14
326.65000 -64.13
326.70000 -64.14
326.75000 -64.14
326.80000 -64.13
326.85000 -64.11
326.90000 -64.12
326.95000 -64.14
327.00000 -64.15
327.05000 -64.13
327.10000 -64.16
327.15000 -64.17
327.20000 -64.17
327.25000 -64.19
327.30000 -64.19
327.35000 -64.17
327.40000 -64.17
327.45000 -64.19
327.50000 -64.18
327.55000 -64.18
327.60000 -64.19
327.65000 -64.17
327.70000 -64.18
327.75000 -64.19
327.80000 -64.21
327.85000 -64.21
327.90000 -64.19
327.95000 -64.18
328.00000 -64.16
328.05000 -64.15
328.10000 -64.16
328.15000 -64.15
328.20000 -64.14
328.25000 -64.15
328.30000 -64.12
328.35000 -64.13
328.40000 -64.14
328.45000 -64.16
328.50000 -64.16
328.55000 -64.18
328.60000 -64.17
328.65000 -64.19
328.70000 -64.20
328.75000 -64.20
328.80000 -64.21
328.85000 -64.22
328.90000 -64.21
328.95000 -64.23
329.00000 -64.21
329.05000 -64.24
329.10000 -64.23
329.15000 -64.25
329.20000 -64.26
329.25000 -64.26
329.30000 -64.28
329.35000 -64.28
329.40000 -64.28
329.45000 -64.28
329.50000 -64.29
329.55000 -64.29
329.60000 -64.30
329.65000 -64.31
329.70000 -64.29
329.75000 -64.29
329.80000 -64.30
329.85000 -64.32
329.90000 -64.31
329.95000 -64.32
330.00000 -64.31
330.05000 -64.32
330.10000 -64.32
330.15000 -64.31
330.20000 -64.29
330.25000 -64.27
330.30000 -64.24
330.35000 -64.25
330.40000 -64.27
330.45000 -64.25
330.50000 -64.25
330.55000 -64.26
330.60000 -64.25
330.65000 -64.24
330.70000 -64.25
330.75000 -64.24
330.80000 -64.22
330.85000 -64.24
330.90000 -64.26
330.95000 -64.24
331.00000 -64.25
331.05000 -64.27
331.10000 -64.25
331.15000 -64.25
331.20000 -64.25
331.25000 -64.24
331.30000 -64.25
331.35000 -64.26
331.40000 -64.25
331.45000 -64.24
331.50000 -64.25
331.55000 -64.25
331.60000 -64.23
331.65000 -64.23
331.70000 -64.25
331.75000 -64.24
331.80000 -64.24
331.85000 -64.23
331.90000 -64.23
331.95000 -64.24
332.00000 -64.22
332.05000 -64.23
332.10000 -64.22
332.15000 -64.20
332.20000 -64.20
332.25000 -64.21
332.30000 -64.19
332.35000 -64.17
332.40000 -64.15
332.45000 -64.17
332.50000 -64.16
332.55000 -64.15
332.60000 -64.12
332.65000 -64.12
332.70000 -64.11
332.75000 -64.09
332.80000 -64.08
332.85000 -64.08
332.90000 -64.09
332.95000 -64.07
333.00000 -64.08
333.05000 -64.09
333.10000 -64.07
333.15000 -64.05
333.20000 -64.04
333.25000 -64.05
333.30000 -64.03
333.35000 -64.02
333.40000 -64.02
333.45000 -64.04
333.50000 -64.04
333.55000 -64.01
333.60000 -64.03
333.65000 -64.03
333.70000 -64.04
333.75000 -64.03
333.80000 -64.03
333.85000 -64.04
333.90000 -64.06
333.95000 -64.06
334.00000 -64.08
334.05000 -64.07
334.10000 -64.09
334.15000 -64.08
334.20000 -64.10
334.25000 -64.10
334.30000 -64.10
334.35000 -64.10
334.40000 -64.10
334.45000 -64.10
334.50000 -64.10
334.55000 -64.10
334.60000 -64.11
334.65000 -64.11
334.70000 -64.12
334.75000 -64.11
334.80000 -64.12
334.85000 -64.12
334.90000 -64.12
334.95000 -64.13
335.00000 -64.10
335.05000 -64.11
335.10000 -64.12
335.15000 -64.11
335.20000 -64.09
335.25000 -64.09
335.30000 -64.08
335.35000 -64.07
335.40000 -64.07
335.45000 -64.07
335.50000 -64.09
335.55000 -64.09
335.60000 -64.09
335.65000 -64.08
335.70000 -64.09
335.75000 -64.07
335.80000 -64.07
335.85000 -64.06
335.90000 -64.07
335.95000 -64.07
336.00000 -64.03
336.05000 -64.02
336.10000 -64.02
336.15000 -64.00
336.20000 -64.00
336.25000 -63.98
336.30000 -64.00
336.35000 -64.00
336.40000 -64.01
336.45000 -64.03
336.50000 -64.00
336.55000 -64.01
336.60000 -64.00
336.65000 -63.99
336.70000 -64.00
336.75000 -63.97
336.80000 -64.00
336.85000 -64.01
336.90000 -64.01
336.95000 -64.02
337.00000 -64.02
337.05000 -64.00
337.10000 -64.00
337.15000 -63.99
337.20000 -64.00
337.25000 -63.99
337.30000 -63.99
337.35000 -63.98
337.40000 -64.01
337.45000 -64.02
337.50000 -64.04
337.55000 -64.04
337.60000 -64.05
337.65000 -64.06
337.70000 -64.08
337.75000 -64.07
337.80000 -64.06
337.85000 -64.08
337.90000 -64.11
337.95000 -64.10
338.00000 -64.11
338.05000 -64.11
338.10000 -64.12
338.15000 -64.11
338.20000 -64.12
338.25000 -64.14
338.30000 -64.11
338.35000 -64.11
338.40000 -64.12
338.45000 -64.11
338.50000 -64.12
338.55000 -64.12
338.60000 -64.12
338.65000 -64.12
338.70000 -64.12
338.75000 -64.15
338.80000 -64.16
338.85000 -64.15
338.90000 -64.14
338.95000 -64.11
339.00000 -64.11
339.05000 -64.11
339.10000 -64.08
339.15000 -64.09
339.20000 -64.10
339.25000 -64.10
339.30000 -64.11
339.35000 -64.10
339.40000 -64.11
339.45000 -64.12
339.50000 -64.12
339.55000 -64.14
339.60000 -64.13
339.65000 -64.14
339.70000 -64.12
339.75000 -64.14
339.80000 -64.15
339.85000 -64.16
339.90000 -64.17
339.95000 -64.17
340.00000 -64.17
340.05000 -64.18
340.10000 -64.21
340.15000 -64.17
340.20000 -64.18
340.25000 -64.19
340.30000 -64.19
340.35000 -64.19
340.40000 -64.22
340.45000 -64.22
340.50000 -64.20
340.55000 -64.20
340.60000 -64.21
340.65000 -64.18
340.70000 -64.18
340.75000 -64.18
340.80000 -64.17
340.85000 -64.17
340.90000 -64.17
340.95000 -64.15
341.00000 -64.16
341.05000 -64.16
341.10000 -64.14
341.15000 -64.16
341.20000 -64.18
341.25000 -64.18
341.30000 -64.15
341.35000 -64.15
341.40000 -64.17
341.45000 -64.16
341.50000 -64.15
341.55000 -64.17
341.60000 -64.16
341.65000 -64.18
341.70000 -64.19
341.75000 -64.20
341.80000 -64.20
341.85000 -64.19
341.90000 -64.21
341.95000 -64.22
342.00000 -64.21
342.05000 -64.21
342.10000 -64.23
342.15000 -64.23
342.20000 -64.25
342.25000 -64.27
342.30000 -64.24
342.35000 -64.26
342.40000 -64.25
342.45000 -64.24
342.50000 -64.24
342.55000 -64.22
342.60000 -64.24
342.65000 -64.24
342.70000 -64.24
342.75000 -64.24
342.80000 -64.22
342.85000 -64.24
342.90000 -64.24
342.95000 -64.24
343.00000 -64.25
343.05000 -64.24
343.10000 -64.22
343.15000 -64.23
343.20000 -64.23
343.25000 -64.24
343.30000 -64.22
343.35000 -64.21
343.40000 -64.19
343.45000 -64.18
343.50000 -64.19
343.55000 -64.18
343.60000 -64.19
343.65000 -64.20
343.70000 -64.19
343.75000 -64.18
343.80000 -64.18
343.85000 -64.15
343.90000 -64.16
343.95000 -64.14
344.00000 -64.15
344.05000 -64.14
344.10000 -64.14
344.15000 -64.16
344.20000 -64.15
344.25000 -64.12
344.30000 -64.12
344.35000 -64.10
344.40000 -64.09
344.45000 -64.06
344.50000 -64.07
344.55000 -64.07
344.60000 -64.04
344.65000 -64.05
344.70000 -64.07
344.75000 -64.08
344.80000 -64.06
344.85000 -64.05
344.90000 -64.05
344.95000 -64.02
345.00000 -63.99
345.05000 -63.95
345.10000 -63.92
345.15000 -63.92
345.20000 -63.91
345.25000 -63.88
345.30000 -63.88
345.35000 -63.89
345.40000 -63.89
345.45000 -63.89
345.50000 -63.86
345.55000 -63.87
345.60000 -63.86
345.65000 -63.86
345.70000 -63.89
345.75000 -63.90
345.80000 -63.92
345.85000 -63.92
345.90000 -63.94
345.95000 -63.92
346.00000 -63.94
346.05000 -63.95
346.10000 -63.97
346.15000 -63.97
346.20000 -63.95
346.25000 -63.95
346.30000 -63.95
346.35000 -63.95
346.40000 -63.95
346.45000 -63.97
346.50000 -63.99
346.55000 -64.00
346.60000 -64.00
346.65000 -64.01
346.70000 -64.03
346.75000 -64.01
346.80000 -64.01
346.85000 -64.02
346.90000 -64.04
346.95000 -64.05
347.00000 -64.05
347.05000 -64.05
347.10000 -64.05
347.15000 -64.05
347.20000 -64.06
347.25000 -64.04
347.30000 -64.05
347.35000 -64.06
347.40000 -64.06
347.45000 -64.07
347.50000 -64.09
347.55000 -64.10
347.60000 -64.08
347.65000 -64.07
347.70000 -64.08
347.75000 -64.09
347.80000 -64.08
347.85000 -64.07
347.90000 -64.07
347.95000 -64.07
348.00000 -64.07
348.05000 -64.09
348.10000 -64.06
348.15000 -64.05
348.20000 -64.04
348.25000 -64.06
348.30000 -64.05
348.35000 -64.05
348.40000 -64.04
348.45000 -64.02
348.50000 -64.04
348.55000 -64.05
348.60000 -64.05
348.65000 -64.04
348.70000 -64.03
348.75000 -64.02
348.80000 -64.02
348.85000 -64.04
348.90000 -64.02
348.95000 -64.01
349.00000 -64.03
349.05000 -64.01
349.10000 -64.03
349.15000 -64.03
349.20000 -64.04
349.25000 -64.03
349.30000 -64.05
349.35000 -64.06
349.40000 -64.08
349.45000 -64.09
349.50000 -64.08
349.55000 -64.09
349.60000 -64.09
349.65000 -64.09
349.70000 -64.09
349.75000 -64.09
349.80000 -64.09
349.85000 -64.08
349.90000 -64.09
349.95000 -64.10
350.00000 -64.11
350.05000 -64.09
350.10000 -64.09
350.15000 -64.10
350.20000 -64.10
350.25000 -64.09
350.30000 -64.09
350.35000 -64.08
350.40000 -64.09
350.45000 -64.09
350.50000 -64.07
350.55000 -64.07
350.60000 -64.07
350.65000 -64.07
350.70000 -64.04
350.75000 -64.05
350.80000 -64.04
350.85000 -64.02
350.90000 -64.01
350.95000 -64.03
351.00000 -64.02
351.05000 -64.03
351.10000 -64.03
351.15000 -64.03
351.20000 -64.03
351.25000 -64.04
351.30000 -64.04
351.35000 -64.07
351.40000 -64.06
351.45000 -64.07
351.50000 -64.07
351.55000 -64.07
351.60000 -64.09
351.65000 -64.09
351.70000 -64.09
351.75000 -64.09
351.80000 -64.09
351.85000 -64.07
351.90000 -64.05
351.95000 -64.04
352.00000 -64.06
352.05000 -64.05
352.10000 -64.06
352.15000 -64.04
352.20000 -64.04
352.25000 -64.04
352.30000 -64.05
352.35000 -64.03
352.40000 -64.06
352.45000 -64.05
352.50000 -64.08
352.55000 -64.06
352.60000 -64.05
352.65000 -64.05
352.70000 -64.06
352.75000 -64.06
352.80000 -64.06
352.85000 -64.07
352.90000 -64.07
352.95000 -64.07
353.00000 -64.10
353.05000 -64.09
353.10000 -64.11
353.15000 -64.09
353.20000 -64.07
353.25000 -64.12
353.30000 -64.10
353.35000 -64.10
353.40000 -64.11
353.45000 -64.09
353.50000 -64.09
353.55000 -64.08
353.60000 -64.10
353.65000 -64.10
353.70000 -64.07
353.75000 -64.07
353.80000 -64.08
353.85000 -64.06
353.90000 -64.07
353.95000 -64.07
354.00000 -64.05
354.05000 -64.04
354.10000 -64.05
354.15000 -64.07
354.20000 -64.06
354.25000 -64.07
354.30000 -64.05
354.35000 -64.05
354.40000 -64.03
354.45000 -64.04
354.50000 -64.04
354.55000 -64.02
354.60000 -64.02
354.65000 -63.99
354.70000 -63.97
354.75000 -63.98
354.80000 -63.95
354.85000 -63.96
354.90000 -63.95
354.95000 -63.96
355.00000 -63.96
355.05000 -63.96
355.10000 -63.97
355.15000 -63.97
355.20000 -63.98
355.25000 -63.96
355.30000 -63.94
355.35000 -63.95
355.40000 -63.96
355.45000 -63.97
355.50000 -63.94
355.55000 -63.95
355.60000 -63.96
355.65000 -63.98
355.70000 -63.95
355.75000 -63.98
355.80000 -63.98
355.85000 -63.98
355.90000 -63.97
355.95000 -63.97
356.00000 -63.95
356.05000 -63.96
356.10000 -63.94
356.15000 -63.93
356.20000 -63.92
356.25000 -63.91
356.30000 -63.92
356.35000 -63.93
356.40000 -63.91
356.45000 -63.91
356.50000 -63.93
356.55000 -63.93
356.60000 -63.95
356.65000 -63.96
356.70000 -63.98
356.75000 -63.97
356.80000 -64.00
356.85000 -64.00
356.90000 -64.02
356.95000 -64.00
357.00000 -64.02
357.05000 -64.04
357.10000 -64.04
357.15000 -64.04
357.20000 -64.05
357.25000 -64.04
357.30000 -64.04
357.35000 -64.05
357.40000 -64.02
357.45000 -64.02
357.50000 -64.02
357.55000 -64.04
357.60000 -64.03
357.65000 -64.01
357.70000 -64.04
357.75000 -64.04
357.80000 -64.05
357.85000 -64.04
357.90000 -64.06
357.95000 -64.06
358.00000 -64.05
358.05000 -64.06
358.10000 -64.06
358.15000 -64.08
358.20000 -64.07
358.25000 -64.04
358.30000 -64.02
358.35000 -64.00
358.40000 -63.99
358.45000 -63.98
358.50000 -63.94
358.55000 -63.93
358.60000 -63.88
358.65000 -63.88
358.70000 -63.86
358.75000 -63.86
358.80000 -63.84
358.85000 -63.85
358.90000 -63.83
358.95000 -63.83
359.00000 -63.79
359.05000 -63.80
359.10000 -63.79
359.15000 -63.81
359.20000 -63.80
359.25000 -63.74
359.30000 -63.76
359.35000 -63.77
359.40000 -63.78
359.45000 -63.77
359.50000 -63.79
359.55000 -63.78
359.60000 -63.78
359.65000 -63.80
359.70000 -63.80
359.75000 -63.80
359.80000 -63.80
359.85000 -63.82
359.90000 -63.82
359.95000 -63.84
360.00000 -63.86
360.05000 -63.87
360.10000 -63.88
360.15000 -63.89
360.20000 -63.90
360.25000 -63.93
360.30000 -63.94
360.35000 -63.94
360.40000 -63.92
360.45000 -63.95
360.50000 -63.96
360.55000 -63.99
360.60000 -64.00
360.65000 -64.01
360.70000 -64.00
360.75000 -64.02
360.80000 -64.03
360.85000 -64.04
360.90000 -64.04
360.95000 -64.04
361.00000 -64.07
361.05000 -64.06
361.10000 -64.06
361.15000 -64.06
361.20000 -64.07
361.25000 -64.06
361.30000 -64.06
361.35000 -64.04
361.40000 -64.04
361.45000 -64.03
361.50000 -64.01
361.55000 -64.01
361.60000 -64.02
361.65000 -64.01
361.70000 -63.99
361.75000 -63.98
361.80000 -63.99
361.85000 -63.97
361.90000 -63.98
361.95000 -63.98
362.00000 -63.96
362.05000 -63.96
362.10000 -63.97
362.15000 -63.96
362.20000 -63.97
362.25000 -63.97
362.30000 -63.99
362.35000 -64.00
362.40000 -64.03
362.45000 -64.00
362.50000 -64.00
362.55000 -64.00
362.60000 -63.99
362.65000 -63.97
362.70000 -63.94
362.75000 -63.94
362.80000 -63.94
362.85000 -63.96
362.90000 -63.94
362.95000 -63.92
363.00000 -63.93
363.05000 -63.92
363.10000 -63.93
363.15000 -63.94
363.20000 -63.95
363.25000 -63.95
363.30000 -63.96
363.35000 -63.97
363.40000 -63.97
363.45000 -64.00
363.50000 -64.00
363.55000 -63.99
363.60000 -64.00
363.65000 -64.01
363.70000 -63.98
363.75000 -64.00
363.80000 -64.00
363.85000 -64.00
363.90000 -64.02
363.95000 -64.02
364.00000 -64.03
364.05000 -64.03
364.10000 -64.06
364.15000 -64.06
364.20000 -64.05
364.25000 -64.07
364.30000 -64.08
364.35000 -64.10
364.40000 -64.10
364.45000 -64.09
364.50000 -64.08
364.55000 -64.09
364.60000 -64.10
364.65000 -64.12
364.70000 -64.12
364.75000 -64.11
364.80000 -64.12
364.85000 -64.12
364.90000 -64.14
364.95000 -64.14
365.00000 -64.13
365.05000 -64.13
365.10000 -64.15
365.15000 -64.14
365.20000 -64.13
365.25000 -64.15
365.30000 -64.13
365.35000 -64.14
365.40000 -64.17
365.45000 -64.16
365.50000 -64.15
365.55000 -64.16
365.60000 -64.17
365.65000 -64.19
365.70000 -64.19
365.75000 -64.19
365.80000 -64.19
365.85000 -64.19
365.90000 -64.18
365.95000 -64.18
366.00000 -64.18
366.05000 -64.14
366.10000 -64.14
366.15000 -64.16
366.20000 -64.15
366.25000 -64.17
366.30000 -64.18
366.35000 -64.20
366.40000 -64.17
366.45000 -64.14
366.50000 -64.15
366.55000 -64.15
366.60000 -64.12
366.65000 -64.12
366.70000 -64.11
366.75000 -64.11
366.80000 -64.10
366.85000 -64.10
366.90000 -64.10
366.95000 -64.12
367.00000 -64.12
367.05000 -64.11
367.10000 -64.12
367.15000 -64.09
367.20000 -64.10
367.25000 -64.11
367.30000 -64.13
367.35000 -64.12
367.40000 -64.12
367.45000 -64.13
367.50000 -64.13
367.55000 -64.11
367.60000 -64.11
367.65000 -64.11
367.70000 -64.12
367.75000 -64.10
367.80000 -64.09
367.85000 -64.09
367.90000 -64.10
367.95000 -64.12
368.00000 -64.09
368.05000 -64.09
368.10000 -64.09
368.15000 -64.10
368.20000 -64.08
368.25000 -64.06
368.30000 -64.07
368.35000 -64.09
368.40000 -64.08
368.45000 -64.09
368.50000 -64.09
368.55000 -64.09
368.60000 -64.08
368.65000 -64.09
368.70000 -64.09
368.75000 -64.09
368.80000 -64.10
368.85000 -64.10
368.90000 -64.09
368.95000 -64.08
369.00000 -64.10
369.05000 -64.11
369.10000 -64.10
369.15000 -64.12
369.20000 -64.12
369.25000 -64.11
369.30000 -64.09
369.35000 -64.09
369.40000 -64.09
369.45000 -64.10
369.50000 -64.08
369.55000 -64.06
369.60000 -64.07
369.65000 -64.06
369.70000 -64.03
369.75000 -64.02
369.80000 -64.02
369.85000 -64.00
369.90000 -64.00
369.95000 -63.97
370.00000 -63.96
370.05000 -63.93
370.10000 -63.92
370.15000 -63.88
370.20000 -63.89
370.25000 -63.88
370.30000 -63.87
370.35000 -63.85
370.40000 -63.86
370.45000 -63.87
370.50000 -63.86
370.55000 -63.85
370.60000 -63.86
370.65000 -63.86
370.70000 -63.85
370.75000 -63.85
370.80000 -63.85
370.85000 -63.87
370.90000 -63.86
370.95000 -63.86
371.00000 -63.85
371.05000 -63.86
371.10000 -63.85
371.15000 -63.86
371.20000 -63.86
371.25000 -63.87
371.30000 -63.86
371.35000 -63.87
371.40000 -63.89
371.45000 -63.90
371.50000 -63.90
371.55000 -63.90
371.60000 -63.90
371.65000 -63.89
371.70000 -63.90
371.75000 -63.90
371.80000 -63.91
371.85000 -63.90
371.90000 -63.90
371.95000 -63.89
372.00000 -63.88
372.05000 -63.88
372.10000 -63.90
372.15000 -63.90
372.20000 -63.88
372.25000 -63.86
372.30000 -63.86
372.35000 -63.88
372.40000 -63.88
372.45000 -63.89
372.50000 -63.89
372.55000 -63.91
372.60000 -63.92
372.65000 -63.92
372.70000 -63.92
372.75000 -63.93
372.80000 -63.94
372.85000 -63.96
372.90000 -63.97
372.95000 -63.96
373.00000 -63.98
373.05000 -63.98
373.10000 -63.99
373.15000 -64.00
373.20000 -63.99
373.25000 -64.00
373.30000 -64.02
373.35000 -64.04
373.40000 -64.05
373.45000 -64.08
373.50000 -64.09
373.55000 -64.09
373.60000 -64.12
373.65000 -64.12
373.70000 -64.13
373.75000 -64.15
373.80000 -64.15
373.85000 -64.14
373.90000 -64.15
373.95000 -64.13
374.00000 -64.15
374.05000 -64.15
374.10000 -64.13
374.15000 -64.14
374.20000 -64.17
374.25000 -64.16
374.30000 -64.17
374.35000 -64.15
374.40000 -64.18
374.45000 -64.18
374.50000 -64.17
374.55000 -64.17
374.60000 -64.17
374.65000 -64.18
374.70000 -64.18
374.75000 -64.16
374.80000 -64.16
374.85000 -64.15
374.90000 -64.15
374.95000 -64.16
375.00000 -64.15
375.05000 -64.14
375.10000 -64.12
375.15000 -64.12
375.20000 -64.12
375.25000 -64.12
375.30000 -64.11
375.35000 -64.10
375.40000 -64.09
375.45000 -64.10
375.50000 -64.10
375.55000 -64.12
375.60000 -64.10
375.65000 -64.12
375.70000 -64.10
375.75000 -64.11
375.80000 -64.12
375.85000 -64.11
375.90000 -64.11
375.95000 -64.12
376.00000 -64.12
376.05000 -64.12
376.10000 -64.11
376.15000 -64.12
376.20000 -64.10
376.25000 -64.10
376.30000 -64.12
376.35000 -64.12
376.40000 -64.11
376.45000 -64.10
376.50000 -64.12
376.55000 -64.12
376.60000 -64.12
376.65000 -64.14
376.70000 -64.13
376.75000 -64.14
376.80000 -64.14
376.85000 -64.14
376.90000 -64.15
376.95000 -64.14
377.00000 -64.15
377.05000 -64.17
377.10000 -64.18
377.15000 -64.19
377.20000 -64.19
377.25000 -64.19
377.30000 -64.21
377.35000 -64.20
377.40000 -64.21
377.45000 -64.21
377.50000 -64.21
377.55000 -64.22
377.60000 -64.21
377.65000 -64.19
377.70000 -64.16
377.75000 -64.16
377.80000 -64.15
377.85000 -64.12
377.90000 -64.08
377.95000 -64.08
378.00000 -64.07
378.05000 -64.07
378.10000 -64.06
378.15000 -64.06
378.20000 -64.06
378.25000 -64.08
378.30000 -64.08
378.35000 -64.07
378.40000 -64.08
378.45000 -64.06
378.50000 -64.06
378.55000 -64.07
378.60000 -64.08
378.65000 -64.08
378.70000 -64.07
378.75000 -64.09
378.80000 -64.10
378.85000 -64.09
378.90000 -64.08
378.95000 -64.12
379.00000 -64.09
379.05000 -64.10
379.10000 -64.13
379.15000 -64.12
379.20000 -64.11
379.25000 -64.12
379.30000 -64.11
379.35000 -64.10
379.40000 -64.09
379.45000 -64.09
379.50000 -64.09
379.55000 -64.08
379.60000 -64.11
379.65000 -64.10
379.70000 -64.11
379.75000 -64.11
379.80000 -64.11
379.85000 -64.12
379.90000 -64.12
379.95000 -64.13
380.00000 -64.13
380.05000 -64.14
380.10000 -64.14
380.15000 -64.14
380.20000 -64.14
380.25000 -64.14
380.30000 -64.14
380.35000 -64.14
380.40000 -64.15
380.45000 -64.14
380.50000 -64.17
380.55000 -64.17
380.60000 -64.19
380.65000 -64.18
380.70000 -64.20
380.75000 -64.21
380.80000 -64.21
380.85000 -64.21
380.90000 -64.21
380.95000 -64.19
381.00000 -64.21
381.05000 -64.17
381.10000 -64.18
381.15000 -64.17
381.20000 -64.13
381.25000 -64.14
381.30000 -64.14
381.35000 -64.12
381.40000 -64.12
381.45000 -64.10
381.50000 -64.08
381.55000 -64.09
381.60000 -64.10
381.65000 -64.07
381.70000 -64.05
381.75000 -64.06
381.80000 -64.05
381.85000 -64.01
381.90000 -64.03
381.95000 -64.04
382.00000 -64.03
382.05000 -64.01
382.10000 -64.01
382.15000 -64.02
382.20000 -64.01
382.25000 -64.01
382.30000 -64.03
382.35000 -64.02
382.40000 -64.02
382.45000 -64.00
382.50000 -64.01
382.55000 -64.00
382.60000 -63.99
382.65000 -64.00
382.70000 -63.98
382.75000 -63.97
382.80000 -64.00
382.85000 -64.01
382.90000 -64.01
382.95000 -63.99
383.00000 -63.99
383.05000 -64.03
383.10000 -64.04
383.15000 -64.03
383.20000 -64.03
383.25000 -64.04
383.30000 -64.02
383.35000 -64.03
383.40000 -64.03
383.45000 -64.06
383.50000 -64.04
383.55000 -64.02
383.60000 -63.99
383.65000 -63.96
383.70000 -63.94
383.75000 -63.90
383.80000 -63.88
383.85000 -63.85
383.90000 -63.85
383.95000 -63.84
384.00000 -63.84
384.05000 -63.84
384.10000 -63.85
384.15000 -63.84
384.20000 -63.83
384.25000 -63.83
384.30000 -63.82
384.35000 -63.83
384.40000 -63.84
384.45000 -63.84
384.50000 -63.82
384.55000 -63.82
384.60000 -63.82
384.65000 -63.81
384.70000 -63.82
384.75000 -63.82
384.80000 -63.81
384.85000 -63.82
384.90000 -63.83
384.95000 -63.82
385.00000 -63.81
385.05000 -63.82
385.10000 -63.82
385.15000 -63.82
385.20000 -63.82
385.25000 -63.85
385.30000 -63.85
385.35000 -63.83
385.40000 -63.84
385.45000 -63.84
385.50000 -63.84
385.55000 -63.82
385.60000 -63.82
385.65000 -63.83
385.70000 -63.85
385.75000 -63.84
385.80000 -63.83
385.85000 -63.82
385.90000 -63.84
385.95000 -63.86
386.00000 -63.85
386.05000 -63.86
386.10000 -63.86
386.15000 -63.86
386.20000 -63.88
386.25000 -63.90
386.30000 -63.92
386.35000 -63.92
386.40000 -63.93
386.45000 -63.94
386.50000 -63.95
386.55000 -63.95
386.60000 -63.94
386.65000 -63.94
386.70000 -63.95
386.75000 -63.95
386.80000 -63.97
386.85000 -63.96
386.90000 -63.95
386.95000 -63.95
387.00000 -63.95
387.05000 -63.97
387.10000 -63.97
387.15000 -63.98
387.20000 -63.99
387.25000 -64.00
387.30000 -63.97
387.35000 -64.00
387.40000 -64.00
387.45000 -64.01
387.50000 -64.02
387.55000 -64.02
387.60000 -64.04
387.65000 -64.04
387.70000 -64.06
387.75000 -64.07
387.80000 -64.04
387.85000 -64.02
387.90000 -64.03
387.95000 -64.04
388.00000 -64.03
388.05000 -64.03
388.10000 -64.03
388.15000 -64.02
388.20000 -64.02
388.25000 -64.00
388.30000 -64.01
388.35000 -64.01
388.40000 -64.02
388.45000 -63.99
388.50000 -63.99
388.55000 -63.98
388.60000 -63.97
388.65000 -63.94
388.70000 -63.96
388.75000 -63.94
388.80000 -63.95
388.85000 -63.94
388.90000 -63.94
388.95000 -63.96
389.00000 -63.95
389.05000 -63.96
389.10000 -63.96
389.15000 -63.97
389.20000 -63.97
389.25000 -63.96
389.30000 -63.99
389.35000 -64.00
389.40000 -64.00
389.45000 -64.00
389.50000 -64.01
389.55000 -64.03
389.60000 -64.01
389.65000 -64.00
389.70000 -64.01
389.75000 -64.01
389.80000 -64.02
389.85000 -64.02
389.90000 -64.02
389.95000 -64.00
390.00000 -64.01
390.05000 -64.00
390.10000 -63.98
390.15000 -63.98
390.20000 -63.95
390.25000 -63.94
390.30000 -63.95
390.35000 -63.95
390.40000 -63.94
390.45000 -63.91
390.50000 -63.90
390.55000 -63.88
390.60000 -63.90
390.65000 -63.86
390.70000 -63.87
390.75000 -63.87
390.80000 -63.89
390.85000 -63.90
390.90000 -63.89
390.95000 -63.89
391.00000 -63.90
391.05000 -63.88
391.10000 -63.90
391.15000 -63.90
391.20000 -63.91
391.25000 -63.91
391.30000 -63.89
391.35000 -63.88
391.40000 -63.89
391.45000 -63.87
391.50000 -63.88
391.55000 -63.87
391.60000 -63.85
391.65000 -63.84
391.70000 -63.85
391.75000 -63.84
391.80000 -63.82
391.85000 -63.81
391.90000 -63.82
391.95000 -63.80
392.00000 -63.81
392.05000 -63.81
392.10000 -63.80
392.15000 -63.82
392.20000 -63.83
392.25000 -63.84
392.30000 -63.85
392.35000 -63.86
392.40000 -63.88
392.45000 -63.92
392.50000 -63.90
392.55000 -63.92
392.60000 -63.96
392.65000 -63.96
392.70000 -63.95
392.75000 -63.97
392.80000 -64.00
392.85000 -64.00
392.90000 -64.00
392.95000 -64.00
393.00000 -64.00
393.05000 -63.98
393.10000 -63.98
393.15000 -63.97
393.20000 -63.95
393.25000 -63.93
393.30000 -63.92
393.35000 -63.91
393.40000 -63.88
393.45000 -63.88
393.50000 -63.86
393.55000 -63.88
393.60000 -63.87
393.65000 -63.84
393.70000 -63.83
393.75000 -63.82
393.80000 -63.82
393.85000 -63.82
393.90000 -63.82
393.95000 -63.82
394.00000 -63.82
394.05000 -63.81
394.10000 -63.79
394.15000 -63.79
394.20000 -63.80
394.25000 -63.79
394.30000 -63.78
394.35000 -63.78
394.40000 -63.77
394.45000 -63.79
394.50000 -63.79
394.55000 -63.83
394.60000 -63.82
394.65000 -63.83
394.70000 -63.81
394.75000 -63.82
394.80000 -63.84
394.85000 -63.84
394.90000 -63.82
394.95000 -63.83
395.00000 -63.84
395.05000 -63.83
395.10000 -63.82
395.15000 -63.81
395.20000 -63.81
395.25000 -63.83
395.30000 -63.82
395.35000 -63.83
395.40000 -63.85
395.45000 -63.87
395.50000 -63.88
395.55000 -63.90
395.60000 -63.89
395.65000 -63.91
395.70000 -63.93
395.75000 -63.95
395.80000 -63.96
395.85000 -63.94
395.90000 -63.98
395.95000 -63.98
396.00000 -64.00
396.05000 -64.01
396.10000 -64.00
396.15000 -64.00
396.20000 -64.03
396.25000 -64.01
396.30000 -64.02
396.35000 -64.01
396.40000 -64.01
396.45000 -64.01
396.50000 -64.01
396.55000 -64.03
396.60000 -64.02
396.65000 -64.02
396.70000 -64.04
396.75000 -64.04
396.80000 -64.05
396.85000 -64.05
396.90000 -64.03
396.95000 -64.03
397.00000 -64.06
397.05000 -64.06
397.10000 -64.08
397.15000 -64.08
397.20000 -64.07
397.25000 -64.10
397.30000 -64.10
397.35000 -64.10
397.40000 -64.09
397.45000 -64.11
397.50000 -64.10
397.55000 -64.10
397.60000 -64.11
397.65000 -64.11
397.70000 -64.08
397.75000 -64.09
397.80000 -64.08
397.85000 -64.10
397.90000 -64.08
397.95000 -64.08
398.00000 -64.09
398.05000 -64.07
398.10000 -64.07
398.15000 -64.08
398.20000 -64.08
398.25000 -64.11
398.30000 -64.11
398.35000 -64.11
398.40000 -64.14
398.45000 -64.15
398.50000 -64.16
398.55000 -64.16
398.60000 -64.16
398.65000 -64.17
398.70000 -64.18
398.75000 -64.17
398.80000 -64.17
398.85000 -64.15
398.90000 -64.15
398.95000 -64.12
399.00000 -64.12
399.05000 -64.11
399.10000 -64.09
399.15000 -64.09
399.20000 -64.13
399.25000 -64.11
399.30000 -64.08
399.35000 -64.12
399.40000 -64.11
399.45000 -64.11
399.50000 -64.12
399.55000 -64.14
399.60000 -64.15
399.65000 -64.17
399.70000 -64.17
399.75000 -64.16
399.80000 -64.18
399.85000 -64.18
399.90000 -64.19
399.95000 -64.18
400.00000 -64.19
400.05000 -64.18
400.10000 -64.19
400.15000 -64.19
400.20000 -64.21
400.25000 -64.23
400.30000 -64.22
400.35000 -64.22
400.40000 -64.20
400.45000 -64.21
400.50000 -64.20
400.55000 -64.21
400.60000 -64.23
400.65000 -64.21
400.70000 -64.20
400.75000 -64.21
400.80000 -64.19
400.85000 -64.18
400.90000 -64.16
400.95000 -64.15
401.00000 -64.14
401.05000 -64.14
401.10000 -64.13
401.15000 -64.14
401.20000 -64.15
401.25000 -64.14
401.30000 -64.14
401.35000 -64.15
401.40000 -64.13
401.45000 -64.12
401.50000 -64.11
401.55000 -64.12
401.60000 -64.12
401.65000 -64.12
401.70000 -64.13
401.75000 -64.14
401.80000 -64.13
401.85000 -64.17
401.90000 -64.16
401.95000 -64.16
402.00000 -64.17
402.05000 -64.18
402.10000 -64.20
402.15000 -64.19
402.20000 -64.22
402.25000 -64.22
402.30000 -64.24
402.35000 -64.24
402.40000 -64.24
402.45000 -64.25
402.50000 -64.24
402.55000 -64.23
402.60000 -64.25
402.65000 -64.26
402.70000 -64.25
402.75000 -64.28
402.80000 -64.27
402.85000 -64.27
402.90000 -64.26
402.95000 -64.27
403.00000 -64.27
403.05000 -64.28
403.10000 -64.28
403.15000 -64.27
403.20000 -64.27
403.25000 -64.27
403.30000 -64.26
403.35000 -64.26
403.40000 -64.25
403.45000 -64.25
403.50000 -64.24
403.55000 -64.23
403.60000 -64.26
403.65000 -64.26
403.70000 -64.25
403.75000 -64.25
403.80000 -64.25
403.85000 -64.26
403.90000 -64.27
403.95000 -64.26
404.00000 -64.26
404.05000 -64.26
404.10000 -64.26
404.15000 -64.29
404.20000 -64.30
404.25000 -64.29
404.30000 -64.28
404.35000 -64.29
404.40000 -64.29
404.45000 -64.30
404.50000 -64.30
404.55000 -64.30
404.60000 -64.30
404.65000 -64.31
404.70000 -64.31
404.75000 -64.32
404.80000 -64.30
404.85000 -64.29
404.90000 -64.31
404.95000 -64.30
405.00000 -64.29
405.05000 -64.30
405.10000 -64.28
405.15000 -64.29
405.20000 -64.30
405.25000 -64.28
405.30000 -64.28
405.35000 -64.30
405.40000 -64.31
405.45000 -64.30
405.50000 -64.30
405.55000 -64.29
405.60000 -64.33
405.65000 -64.33
405.70000 -64.34
405.75000 -64.33
405.80000 -64.33
405.85000 -64.30
405.90000 -64.31
405.95000 -64.30
406.00000 -64.30
406.05000 -64.32
406.10000 -64.29
406.15000 -64.27
406.20000 -64.26
406.25000 -64.25
406.30000 -64.27
406.35000 -64.27
406.40000 -64.26
406.45000 -64.25
406.50000 -64.25
406.55000 -64.23
406.60000 -64.24
406.65000 -64.27
406.70000 -64.28
406.75000 -64.25
406.80000 -64.25
406.85000 -64.24
406.90000 -64.25
406.95000 -64.25
407.00000 -64.25
407.05000 -64.25
407.10000 -64.25
407.15000 -64.25
407.20000 -64.25
407.25000 -64.26
407.30000 -64.28
407.35000 -64.27
407.40000 -64.28
407.45000 -64.30
407.50000 -64.28
407.55000 -64.28
407.60000 -64.27
407.65000 -64.27
407.70000 -64.29
407.75000 -64.27
407.80000 -64.27
407.85000 -64.28
407.90000 -64.27
407.95000 -64.25
408.00000 -64.27
408.05000 -64.26
408.10000 -64.25
408.15000 -64.25
408.20000 -64.24
408.25000 -64.25
408.30000 -64.24
408.35000 -64.24
408.40000 -64.20
408.45000 -64.19
408.50000 -64.18
408.55000 -64.19
408.60000 -64.16
408.65000 -64.14
408.70000 -64.13
408.75000 -64.14
408.80000 -64.15
408.85000 -64.15
408.90000 -64.12
408.95000 -64.12
409.00000 -64.13
409.05000 -64.13
409.10000 -64.12
409.15000 -64.13
409.20000 -64.12
409.25000 -64.12
409.30000 -64.11
409.35000 -64.14
409.40000 -64.14
409.45000 -64.12
409.50000 -64.12
409.55000 -64.11
409.60000 -64.12
409.65000 -64.11
409.70000 -64.11
409.75000 -64.11
409.80000 -64.10
409.85000 -64.09
409.90000 -64.09
409.95000 -64.10
410.00000 -64.07
410.05000 -64.07
410.10000 -64.08
410.15000 -64.08
410.20000 -64.08
410.25000 -64.06
410.30000 -64.07
410.35000 -64.09
410.40000 -64.07
410.45000 -64.05
410.50000 -64.05
410.55000 -64.06
410.60000 -64.06
410.65000 -64.06
410.70000 -64.06
410.75000 -64.09
410.80000 -64.07
410.85000 -64.07
410.90000 -64.06
410.95000 -64.06
411.00000 -64.03
411.05000 -64.04
411.10000 -64.01
411.15000 -64.01
411.20000 -64.00
411.25000 -63.98
411.30000 -63.98
411.35000 -63.96
411.40000 -63.95
411.45000 -63.94
411.50000 -63.94
411.55000 -63.91
411.60000 -63.93
411.65000 -63.91
411.70000 -63.90
411.75000 -63.93
411.80000 -63.91
411.85000 -63.90
411.90000 -63.91
411.95000 -63.92
412.00000 -63.90
412.05000 -63.90
412.10000 -63.89
412.15000 -63.90
412.20000 -63.90
412.25000 -63.90
412.30000 -63.89
412.35000 -63.90
412.40000 -63.93
412.45000 -63.94
412.50000 -63.95
412.55000 -63.96
412.60000 -63.96
412.65000 -64.00
412.70000 -64.01
412.75000 -64.01
412.80000 -64.03
412.85000 -64.00
412.90000 -64.02
412.95000 -64.03
413.00000 -64.01
413.05000 -64.02
413.10000 -64.02
413.15000 -64.02
413.20000 -64.01
413.25000 -64.00
413.30000 -63.99
413.35000 -63.99
413.40000 -63.98
413.45000 -63.99
413.50000 -63.98
413.55000 -63.97
413.60000 -64.00
413.65000 -64.01
413.70000 -64.02
413.75000 -64.02
413.80000 -64.03
413.85000 -64.03
413.90000 -64.06
413.95000 -64.05
414.00000 -64.07
414.05000 -64.08
414.10000 -64.11
414.15000 -64.11
414.20000 -64.12
414.25000 -64.10
414.30000 -64.10
414.35000 -64.12
414.40000 -64.11
414.45000 -64.10
414.50000 -64.08
414.55000 -64.07
414.60000 -64.07
414.65000 -64.07
414.70000 -64.05
414.75000 -64.07
414.80000 -64.09
414.85000 -64.09
414.90000 -64.07
414.95000 -64.08
415.00000 -64.07
415.05000 -64.08
415.10000 -64.08
415.15000 -64.08
415.20000 -64.06
415.25000 -64.09
415.30000 -64.09
415.35000 -64.09
415.40000 -64.10
415.45000 -64.11
415.50000 -64.13
415.55000 -64.14
415.60000 -64.14
415.65000 -64.15
415.70000 -64.14
415.75000 -64.15
415.80000 -64.18
415.85000 -64.20
415.90000 -64.19
415.95000 -64.21
416.00000 -64.20
416.05000 -64.20
416.10000 -64.22
416.15000 -64.24
416.20000 -64.24
416.25000 -64.24
416.30000 -64.22
416.35000 -64.24
416.40000 -64.23
416.45000 -64.21
416.50000 -64.20
416.55000 -64.21
416.60000 -64.18
416.65000 -64.18
416.70000 -64.16
416.75000 -64.15
416.80000 -64.13
416.85000 -64.14
416.90000 -64.13
416.95000 -64.16
417.00000 -64.16
417.05000 -64.17
417.10000 -64.18
417.15000 -64.17
417.20000 -64.17
417.25000 -64.18
417.30000 -64.19
417.35000 -64.19
417.40000 -64.22
417.45000 -64.21
417.50000 -64.22
417.55000 -64.22
417.60000 -64.23
417.65000 -64.23
417.70000 -64.23
417.75000 -64.23
417.80000 -64.23
417.85000 -64.21
417.90000 -64.22
417.95000 -64.23
418.00000 -64.23
418.05000 -64.23
418.10000 -64.24
418.15000 -64.22
418.20000 -64.21
418.25000 -64.20
418.30000 -64.22
418.35000 -64.20
418.40000 -64.20
418.45000 -64.20
418.50000 -64.21
418.55000 -64.23
418.60000 -64.21
418.65000 -64.21
418.70000 -64.20
418.75000 -64.22
418.80000 -64.22
418.85000 -64.24
418.90000 -64.19
418.95000 -64.20
419.00000 -64.21
419.05000 -64.18
419.10000 -64.16
419.15000 -64.18
419.20000 -64.16
419.25000 -64.13
419.30000 -64.12
419.35000 -64.09
419.40000 -64.09
419.45000 -64.06
419.50000 -64.05
419.55000 -64.03
419.60000 -64.03
419.65000 -64.04
419.70000 -64.02
419.75000 -64.01
419.80000 -64.02
419.85000 -64.02
419.90000 -64.01
419.95000 -64.03
420.00000 -64.02
420.05000 -64.03
420.10000 -64.04
420.15000 -64.03
420.20000 -64.04
420.25000 -64.06
420.30000 -64.05
420.35000 -64.06
420.40000 -64.06
420.45000 -64.05
420.50000 -64.05
420.55000 -64.06
420.60000 -64.08
420.65000 -64.10
420.70000 -64.07
420.75000 -64.08
420.80000 -64.09
420.85000 -64.08
420.90000 -64.11
420.95000 -64.12
421.00000 -64.13
421.05000 -64.12
421.10000 -64.12
421.15000 -64.14
421.20000 -64.13
421.25000 -64.14
421.30000 -64.14
421.35000 -64.14
421.40000 -64.15
421.45000 -64.15
421.50000 -64.17
421.55000 -64.15
421.60000 -64.17
421.65000 -64.18
421.70000 -64.18
421.75000 -64.19
421.80000 -64.20
421.85000 -64.20
421.90000 -64.21
421.95000 -64.21
422.00000 -64.20
422.05000 -64.17
422.10000 -64.16
422.15000 -64.15
422.20000 -64.13
422.25000 -64.12
422.30000 -64.11
422.35000 -64.11
422.40000 -64.11
422.45000 -64.12
422.50000 -64.12
422.55000 -64.11
422.60000 -64.12
422.65000 -64.13
422.70000 -64.12
422.75000 -64.12
422.80000 -64.13
422.85000 -64.13
422.90000 -64.13
422.95000 -64.13
423.00000 -64.13
423.05000 -64.12
423.10000 -64.11
423.15000 -64.12
423.20000 -64.10
423.25000 -64.09
423.30000 -64.07
423.35000 -64.09
423.40000 -64.06
423.45000 -64.05
423.50000 -64.04
423.55000 -64.06
423.60000 -64.04
423.65000 -64.02
423.70000 -64.03
423.75000 -64.04
423.80000 -64.02
423.85000 -64.02
423.90000 -64.00
423.95000 -64.00
424.00000 -64.01
424.05000 -64.00
424.10000 -64.00
424.15000 -64.00
424.20000 -64.01
424.25000 -64.01
424.30000 -64.01
424.35000 -63.99
424.40000 -64.00
424.45000 -64.01
424.50000 -64.01
424.55000 -64.02
424.60000 -64.02
424.65000 -64.03
424.70000 -64.03
424.75000 -64.07
424.80000 -64.05
424.85000 -64.06
424.90000 -64.08
424.95000 -64.06
425.00000 -64.06
425.05000 -64.08
425.10000 -64.08
425.15000 -64.08
425.20000 -64.07
425.25000 -64.10
425.30000 -64.08
425.35000 -64.11
425.40000 -64.12
425.45000 -64.11
425.50000 -64.11
425.55000 -64.12
425.60000 -64.10
425.65000 -64.13
425.70000 -64.11
425.75000 -64.11
425.80000 -64.08
425.85000 -64.10
425.90000 -64.08
425.95000 -64.09
426.00000 -64.10
426.05000 -64.07
426.10000 -64.10
426.15000 -64.09
426.20000 -64.11
426.25000 -64.09
426.30000 -64.11
426.35000 -64.11
426.40000 -64.09
426.45000 -64.09
426.50000 -64.09
426.55000 -64.11
426.60000 -64.12
426.65000 -64.10
426.70000 -64.12
426.75000 -64.13
426.80000 -64.13
426.85000 -64.13
426.90000 -64.14
426.95000 -64.14
427.00000 -64.15
427.05000 -64.16
427.10000 -64.17
427.15000 -64.18
427.20000 -64.18
427.25000 -64.17
427.30000 -64.16
427.35000 -64.16
427.40000 -64.14
427.45000 -64.13
427.50000 -64.13
427.55000 -64.12
427.60000 -64.10
427.65000 -64.09
427.70000 -64.10
427.75000 -64.10
427.80000 -64.11
427.85000 -64.11
427.90000 -64.10
427.95000 -64.12
428.00000 -64.11
428.05000 -64.10
428.10000 -64.12
428.15000 -64.12
428.20000 -64.09
428.25000 -64.09
428.30000 -64.10
428.35000 -64.07
428.40000 -64.09
428.45000 -64.09
428.50000 -64.07
428.55000 -64.08
428.60000 -64.12
428.65000 -64.12
428.70000 -64.12
428.75000 -64.13
428.80000 -64.12
428.85000 -64.11
428.90000 -64.13
428.95000 -64.14
429.00000 -64.14
429.05000 -64.12
429.10000 -64.11
429.15000 -64.11
429.20000 -64.11
429.25000 -64.11
429.30000 -64.10
429.35000 -64.11
429.40000 -64.12
429.45000 -64.13
429.50000 -64.13
429.55000 -64.14
429.60000 -64.14
429.65000 -64.14
429.70000 -64.14
429.75000 -64.16
429.80000 -64.14
429.85000 -64.14
429.90000 -64.13
429.95000 -64.16
430.00000 -64.17
430.05000 -64.16
430.10000 -64.15
430.15000 -64.17
430.20000 -64.18
430.25000 -64.18
430.30000 -64.17
430.35000 -64.16
430.40000 -64.17
430.45000 -64.17
430.50000 -64.17
430.55000 -64.16
430.60000 -64.14
430.65000 -64.14
430.70000 -64.12
430.75000 -64.11
430.80000 -64.10
430.85000 -64.09
430.90000 -64.10
430.95000 -64.09
431.00000 -64.08
431.05000 -64.09
431.10000 -64.09
431.15000 -64.08
431.20000 -64.07
431.25000 -64.07
431.30000 -64.08
431.35000 -64.09
431.40000 -64.09
431.45000 -64.11
431.50000 -64.11
431.55000 -64.09
431.60000 -64.09
431.65000 -64.11
431.70000 -64.11
431.75000 -64.09
431.80000 -64.09
431.85000 -64.12
431.90000 -64.13
431.95000 -64.13
432.00000 -64.13
432.05000 -64.14
432.10000 -64.14
432.15000 -64.15
432.20000 -64.14
432.25000 -64.15
432.30000 -64.16
432.35000 -64.15
432.40000 -64.16
432.45000 -64.18
432.50000 -64.17
432.55000 -64.20
432.60000 -64.19
432.65000 -64.19
432.70000 -64.20
432.75000 -64.20
432.80000 -64.21
432.85000 -64.22
432.90000 -64.21
432.95000 -64.24
433.00000 -64.22
433.05000 -64.22
433.10000 -64.22
433.15000 -64.23
433.20000 -64.22
433.25000 -64.20
433.30000 -64.18
433.35000 -64.17
433.40000 -64.17
433.45000 -64.17
433.50000 -64.13
433.55000 -64.13
433.60000 -64.12
433.65000 -64.14
433.70000 -64.12
433.75000 -64.11
433.80000 -64.11
433.85000 -64.10
433.90000 -64.13
433.95000 -64.13
434.00000 -64.13
434.05000 -64.12
434.10000 -64.14
434.15000 -64.16
434.20000 -64.17
434.25000 -64.18
434.30000 -64.17
434.35000 -64.19
434.40000 -64.19
434.45000 -64.21
434.50000 -64.23
434.55000 -64.23
434.60000 -64.24
434.65000 -64.21
434.70000 -64.20
434.75000 -64.21
434.80000 -64.21
434.85000 -64.21
434.90000 -64.22
434.95000 -64.22
435.00000 -64.21
435.05000 -64.19
435.10000 -64.18
435.15000 -64.16
435.20000 -64.16
435.25000 -64.14
435.30000 -64.15
435.35000 -64.15
435.40000 -64.18
435.45000 -64.18
435.50000 -64.18
435.55000 -64.18
435.60000 -64.20
435.65000 -64.17
435.70000 -64.16
435.75000 -64.19
435.80000 -64.18
435.85000 -64.17
435.90000 -64.17
435.95000 -64.18
436.00000 -64.16
436.05000 -64.17
436.10000 -64.18
436.15000 -64.18
436.20000 -64.17
436.25000 -64.17
436.30000 -64.18
436.35000 -64.18
436.40000 -64.18
436.45000 -64.19
436.50000 -64.18
436.55000 -64.17
436.60000 -64.16
436.65000 -64.15
436.70000 -64.18
436.75000 -64.17
436.80000 -64.17
436.85000 -64.17
436.90000 -64.18
436.95000 -64.15
437.00000 -64.14
437.05000 -64.16
437.10000 -64.15
437.15000 -64.17
437.20000 -64.16
437.25000 -64.16
437.30000 -64.17
437.35000 -64.20
437.40000 -64.18
437.45000 -64.20
437.50000 -64.20
437.55000 -64.19
437.60000 -64.19
437.65000 -64.21
437.70000 -64.22
437.75000 -64.23
437.80000 -64.22
437.85000 -64.22
437.90000 -64.21
437.95000 -64.21
438.00000 -64.20
438.05000 -64.21
438.10000 -64.21
438.15000 -64.22
438.20000 -64.22
438.25000 -64.22
438.30000 -64.23
438.35000 -64.22
438.40000 -64.20
438.45000 -64.21
438.50000 -64.19
438.55000 -64.21
438.60000 -64.22
438.65000 -64.23
438.70000 -64.25
438.75000 -64.24
438.80000 -64.24
438.85000 -64.25
438.90000 -64.24
438.95000 -64.25
439.00000 -64.26
439.05000 -64.28
439.10000 -64.28
439.15000 -64.28
439.20000 -64.29
439.25000 -64.32
439.30000 -64.30
439.35000 -64.28
439.40000 -64.29
439.45000 -64.31
439.50000 -64.31
439.55000 -64.30
439.60000 -64.29
439.65000 -64.28
439.70000 -64.27
439.75000 -64.27
439.80000 -64.26
439.85000 -64.26
439.90000 -64.25
439.95000 -64.25
440.00000 -64.25
440.05000 -64.26
440.10000 -64.27
440.15000 -64.27
440.20000 -64.28
440.25000 -64.28
440.30000 -64.29
440.35000 -64.26
440.40000 -64.28
440.45000 -64.30
440.50000 -64.31
440.55000 -64.31
440.60000 -64.32
440.65000 -64.27
440.70000 -64.29
440.75000 -64.31
440.80000 -64.32
440.85000 -64.32
440.90000 -64.32
440.95000 -64.32
441.00000 -64.32
441.05000 -64.33
441.10000 -64.34
441.15000 -64.34
441.20000 -64.33
441.25000 -64.31
441.30000 -64.30
441.35000 -64.30
441.40000 -64.32
441.45000 -64.31
441.50000 -64.32
441.55000 -64.27
441.60000 -64.27
441.65000 -64.28
441.70000 -64.29
441.75000 -64.26
441.80000 -64.24
441.85000 -64.24
441.90000 -64.22
441.95000 -64.22
442.00000 -64.21
442.05000 -64.21
442.10000 -64.21
442.15000 -64.21
442.20000 -64.22
442.25000 -64.22
442.30000 -64.22
442.35000 -64.23
442.40000 -64.21
442.45000 -64.23
442.50000 -64.23
442.55000 -64.22
442.60000 -64.23
442.65000 -64.23
442.70000 -64.22
442.75000 -64.23
442.80000 -64.22
442.85000 -64.22
442.90000 -64.23
442.95000 -64.18
443.00000 -64.19
443.05000 -64.18
443.10000 -64.18
443.15000 -64.16
443.20000 -64.19
443.25000 -64.19
443.30000 -64.19
443.35000 -64.18
443.40000 -64.17
443.45000 -64.15
443.50000 -64.17
443.55000 -64.18
443.60000 -64.17
443.65000 -64.15
443.70000 -64.17
443.75000 -64.18
443.80000 -64.16
443.85000 -64.19
443.90000 -64.20
443.95000 -64.18
444.00000 -64.17
444.05000 -64.16
444.10000 -64.16
444.15000 -64.16
444.20000 -64.14
444.25000 -64.12
444.30000 -64.13
444.35000 -64.11
444.40000 -64.11
444.45000 -64.10
444.50000 -64.11
444.55000 -64.09
444.60000 -64.08
444.65000 -64.06
444.70000 -64.04
444.75000 -64.04
444.80000 -64.06
444.85000 -64.05
444.90000 -64.04
444.95000 -64.03
445.00000 -64.02
445.05000 -64.02
445.10000 -64.01
445.15000 -64.02
445.20000 -64.02
445.25000 -64.03
445.30000 -64.03
445.35000 -64.04
445.40000 -64.03
445.45000 -64.05
445.50000 -64.07
445.55000 -64.05
445.60000 -64.06
445.65000 -64.08
445.70000 -64.07
445.75000 -64.05
445.80000 -64.05
445.85000 -64.04
445.90000 -64.06
445.95000 -64.06
446.00000 -64.07
446.05000 -64.09
446.10000 -64.07
446.15000 -64.06
446.20000 -64.09
446.25000 -64.09
446.30000 -64.09
446.35000 -64.08
446.40000 -64.07
446.45000 -64.08
446.50000 -64.10
446.55000 -64.10
446.60000 -64.10
446.65000 -64.08
446.70000 -64.07
446.75000 -64.06
446.80000 -64.07
446.85000 -64.05
446.90000 -64.03
446.95000 -64.03
447.00000 -64.02
447.05000 -64.00
447.10000 -64.02
447.15000 -64.01
447.20000 -64.03
447.25000 -64.02
447.30000 -64.01
447.35000 -64.03
447.40000 -64.03
447.45000 -64.03
447.50000 -64.02
447.55000 -64.05
447.60000 -64.05
447.65000 -64.05
447.70000 -64.04
447.75000 -64.03
447.80000 -64.05
447.85000 -64.04
447.90000 -64.02
447.95000 -64.00
448.00000 -63.99
448.05000 -63.99
448.10000 -63.99
448.15000 -63.99
448.20000 -63.99
448.25000 -64.00
448.30000 -63.99
448.35000 -64.01
448.40000 -64.00
448.45000 -64.01
448.50000 -64.01
448.55000 -64.02
448.60000 -64.05
448.65000 -64.05
448.70000 -64.03
448.75000 -64.02
448.80000 -64.02
448.85000 -64.03
448.90000 -64.02
448.95000 -64.04
449.00000 -64.02
449.05000 -64.01
449.10000 -64.03
449.15000 -64.03
449.20000 -64.02
449.25000 -64.03
449.30000 -64.03
449.35000 -64.03
449.40000 -64.05
449.45000 -64.01
449.50000 -64.03
449.55000 -64.03
449.60000 -64.06
449.65000 -64.07
449.70000 -64.09
449.75000 -64.07
449.80000 -64.08
449.85000 -64.09
449.90000 -64.08
449.95000 -64.06
450.00000 -64.05
450.05000 -64.06
450.10000 -64.08
450.15000 -64.07
450.20000 -64.06
450.25000 -64.08
450.30000 -64.11
450.35000 -64.12
450.40000 -64.14
450.45000 -64.13
450.50000 -64.14
450.55000 -64.18
450.60000 -64.18
450.65000 -64.18
450.70000 -64.18
450.75000 -64.21
450.80000 -64.19
450.85000 -64.18
450.90000 -64.19
450.95000 -64.19
451.00000 -64.21
451.05000 -64.20
451.10000 -64.19
451.15000 -64.19
451.20000 -64.15
451.25000 -64.12
451.30000 -64.11
451.35000 -64.09
451.40000 -64.06
451.45000 -64.05
451.50000 -64.04
451.55000 -64.03
451.60000 -64.01
451.65000 -64.00
451.70000 -63.99
451.75000 -63.98
451.80000 -63.98
451.85000 -63.98
451.90000 -63.98
451.95000 -63.98
452.00000 -63.97
452.05000 -64.00
452.10000 -64.00
452.15000 -63.99
452.20000 -63.96
452.25000 -63.98
452.30000 -64.00
452.35000 -63.98
452.40000 -63.98
452.45000 -63.99
452.50000 -64.00
452.55000 -63.97
452.60000 -63.96
452.65000 -64.00
452.70000 -64.00
452.75000 -63.98
452.80000 -63.98
452.85000 -64.00
452.90000 -63.98
452.95000 -64.01
453.00000 -63.99
453.05000 -63.99
453.10000 -64.02
453.15000 -64.01
453.20000 -64.02
453.25000 -64.01
453.30000 -64.02
453.35000 -64.02
453.40000 -64.01
453.45000 -64.02
453.50000 -64.00
453.55000 -63.98
453.60000 -63.99
453.65000 -63.97
453.70000 -63.95
453.75000 -63.96
453.80000 -63.97
453.85000 -63.99
453.90000 -63.97
453.95000 -63.99
454.00000 -63.99
454.05000 -64.00
454.10000 -63.99
454.15000 -64.01
454.20000 -64.00
454.25000 -63.99
454.30000 -64.00
454.35000 -64.00
454.40000 -63.98
454.45000 -63.98
454.50000 -63.99
454.55000 -63.97
454.60000 -63.95
454.65000 -63.93
454.70000 -63.94
454.75000 -63.93
454.80000 -63.92
454.85000 -63.91
454.90000 -63.92
454.95000 -63.91
455.00000 -63.93
455.05000 -63.91
455.10000 -63.90
455.15000 -63.92
455.20000 -63.93
455.25000 -63.93
455.30000 -63.94
455.35000 -63.96
455.40000 -63.96
455.45000 -63.94
455.50000 -63.95
455.55000 -63.98
455.60000 -64.00
455.65000 -64.00
455.70000 -64.00
455.75000 -64.00
455.80000 -64.01
455.85000 -64.02
455.90000 -64.06
455.95000 -64.05
456.00000 -64.04
456.05000 -64.05
456.10000 -64.07
456.15000 -64.06
456.20000 -64.05
456.25000 -64.06
456.30000 -64.06
456.35000 -64.07
456.40000 -64.08
456.45000 -64.06
456.50000 -64.10
456.55000 -64.09
456.60000 -64.09
456.65000 -64.12
456.70000 -64.13
456.75000 -64.14
456.80000 -64.15
456.85000 -64.17
456.90000 -64.17
456.95000 -64.17
457.00000 -64.17
457.05000 -64.18
457.10000 -64.18
457.15000 -64.19
457.20000 -64.19
457.25000 -64.19
457.30000 -64.19
457.35000 -64.18
457.40000 -64.20
457.45000 -64.21
457.50000 -64.22
457.55000 -64.20
457.60000 -64.20
457.65000 -64.20
457.70000 -64.18
457.75000 -64.18
457.80000 -64.18
457.85000 -64.17
457.90000 -64.16
457.95000 -64.16
458.00000 -64.15
458.05000 -64.13
458.10000 -64.12
458.15000 -64.11
458.20000 -64.10
458.25000 -64.10
458.30000 -64.10
458.35000 -64.08
458.40000 -64.08
458.45000 -64.09
458.50000 -64.10
458.55000 -64.10
458.60000 -64.10
458.65000 -64.09
458.70000 -64.08
458.75000 -64.10
458.80000 -64.08
458.85000 -64.07
458.90000 -64.06
458.95000 -64.04
459.00000 -64.04
459.05000 -64.03
459.10000 -64.01
459.15000 -63.99
459.20000 -63.98
459.25000 -63.98
459.30000 -63.96
459.35000 -63.97
459.40000 -63.99
459.45000 -63.97
459.50000 -63.96
459.55000 -63.98
459.60000 -63.97
459.65000 -63.96
459.70000 -63.95
459.75000 -63.94
459.80000 -63.97
459.85000 -63.96
459.90000 -63.96
459.95000 -63.97
460.00000 -63.96
460.05000 -63.96
460.10000 -63.97
460.15000 -63.97
460.20000 -63.94
460.25000 -63.96
460.30000 -63.94
460.35000 -63.92
460.40000 -63.91
460.45000 -63.91
460.50000 -63.90
460.55000 -63.90
460.60000 -63.87
460.65000 -63.88
460.70000 -63.87
460.75000 -63.86
460.80000 -63.87
460.85000 -63.87
460.90000 -63.90
460.95000 -63.90
461.00000 -63.90
461.05000 -63.92
461.10000 -63.92
461.15000 -63.94
461.20000 -63.95
461.25000 -63.96
461.30000 -63.97
461.35000 -63.98
461.40000 -63.98
461.45000 -63.99
461.50000 -64.00
461.55000 -63.99
461.60000 -64.00
461.65000 -64.01
461.70000 -64.00
461.75000 -63.99
461.80000 -63.99
461.85000 -63.99
461.90000 -63.97
461.95000 -63.99
462.00000 -64.00
462.05000 -64.00
462.10000 -64.00
462.15000 -64.01
462.20000 -64.01
462.25000 -64.00
462.30000 -64.00
462.35000 -64.01
462.40000 -63.99
462.45000 -63.97
462.50000 -63.98
462.55000 -64.00
462.60000 -63.97
462.65000 -63.98
462.70000 -63.97
462.75000 -63.94
462.80000 -63.94
462.85000 -63.95
462.90000 -63.94
462.95000 -63.94
463.00000 -63.96
463.05000 -63.97
463.10000 -63.95
463.15000 -63.95
463.20000 -63.93
463.25000 -63.94
463.30000 -63.94
463.35000 -63.94
463.40000 -63.92
463.45000 -63.92
463.50000 -63.93
463.55000 -63.91
463.60000 -63.92
463.65000 -63.94
463.70000 -63.94
463.75000 -63.94
463.80000 -63.94
463.85000 -63.97
463.90000 -63.96
463.95000 -63.98
464.00000 -63.99
464.05000 -64.00
464.10000 -63.99
464.15000 -64.01
464.20000 -64.02
464.25000 -64.06
464.30000 -64.05
464.35000 -64.08
464.40000 -64.08
464.45000 -64.09
464.50000 -64.10
464.55000 -64.10
464.60000 -64.11
464.65000 -64.13
464.70000 -64.14
464.75000 -64.14
464.80000 -64.16
464.85000 -64.17
464.90000 -64.18
464.95000 -64.16
465.00000 -64.19
465.05000 -64.20
465.10000 -64.21
465.15000 -64.22
465.20000 -64.21
465.25000 -64.22
465.30000 -64.22
465.35000 -64.22
465.40000 -64.20
465.45000 -64.20
465.50000 -64.19
465.55000 -64.19
465.60000 -64.19
465.65000 -64.18
465.70000 -64.18
465.75000 -64.17
465.80000 -64.18
465.85000 -64.19
465.90000 -64.19
465.95000 -64.20
466.00000 -64.21
466.05000 -64.22
466.10000 -64.21
466.15000 -64.19
466.20000 -64.19
466.25000 -64.19
466.30000 -64.20
466.35000 -64.19
466.40000 -64.21
466.45000 -64.20
466.50000 -64.18
466.55000 -64.18
466.60000 -64.18
466.65000 -64.19
466.70000 -64.18
466.75000 -64.19
466.80000 -64.19
466.85000 -64.19
466.90000 -64.20
466.95000 -64.23
467.00000 -64.22
467.05000 -64.23
467.10000 -64.25
467.15000 -64.24
467.20000 -64.23
467.25000 -64.24
467.30000 -64.24
467.35000 -64.24
467.40000 -64.24
467.45000 -64.24
467.50000 -64.26
467.55000 -64.27
467.60000 -64.27
467.65000 -64.25
467.70000 -64.24
467.75000 -64.24
467.80000 -64.26
467.85000 -64.26
467.90000 -64.24
467.95000 -64.24
468.00000 -64.24
468.05000 -64.21
468.10000 -64.20
468.15000 -64.20
468.20000 -64.21
468.25000 -64.22
468.30000 -64.20
468.35000 -64.22
468.40000 -64.21
468.45000 -64.20
468.50000 -64.23
468.55000 -64.23
468.60000 -64.24
468.65000 -64.24
468.70000 -64.23
468.75000 -64.22
468.80000 -64.23
468.85000 -64.21
468.90000 -64.21
468.95000 -64.20
469.00000 -64.20
469.05000 -64.21
469.10000 -64.19
469.15000 -64.19
469.20000 -64.20
469.25000 -64.18
469.30000 -64.17
469.35000 -64.16
469.40000 -64.17
469.45000 -64.17
469.50000 -64.16
469.55000 -64.15
469.60000 -64.14
469.65000 -64.14
469.70000 -64.16
469.75000 -64.16
469.80000 -64.17
469.85000 -64.15
469.90000 -64.15
469.95000 -64.16
470.00000 -64.17
470.05000 -64.18
470.10000 -64.19
470.15000 -64.19
470.20000 -64.16
470.25000 -64.15
470.30000 -64.16
470.35000 -64.15
470.40000 -64.14
470.45000 -64.14
470.50000 -64.12
470.55000 -64.14
470.60000 -64.12
470.65000 -64.10
470.70000 -64.14
470.75000 -64.15
470.80000 -64.13
470.85000 -64.15
470.90000 -64.14
470.95000 -64.15
471.00000 -64.17
471.05000 -64.15
471.10000 -64.16
471.15000 -64.17
471.20000 -64.17
471.25000 -64.15
471.30000 -64.17
471.35000 -64.15
471.40000 -64.16
471.45000 -64.18
471.50000 -64.16
471.55000 -64.17
471.60000 -64.16
471.65000 -64.16
471.70000 -64.16
471.75000 -64.17
471.80000 -64.13
471.85000 -64.14
471.90000 -64.13
471.95000 -64.13
472.00000 -64.12
472.05000 -64.11
472.10000 -64.12
472.15000 -64.11
472.20000 -64.11
472.25000 -64.10
472.30000 -64.08
472.35000 -64.08
472.40000 -64.08
472.45000 -64.07
472.50000 -64.05
472.55000 -64.05
472.60000 -64.04
472.65000 -64.04
472.70000 -64.03
472.75000 -64.05
472.80000 -64.05
472.85000 -64.06
472.90000 -64.06
472.95000 -64.05
473.00000 -64.07
473.05000 -64.09
473.10000 -64.10
473.15000 -64.09
473.20000 -64.09
473.25000 -64.12
473.30000 -64.09
473.35000 -64.08
473.40000 -64.07
473.45000 -64.08
473.50000 -64.08
473.55000 -64.07
473.60000 -64.07
473.65000 -64.07
473.70000 -64.08
473.75000 -64.07
473.80000 -64.08
473.85000 -64.09
473.90000 -64.09
473.95000 -64.10
474.00000 -64.10
474.05000 -64.10
474.10000 -64.13
474.15000 -64.12
474.20000 -64.14
474.25000 -64.13
474.30000 -64.13
474.35000 -64.15
474.40000 -64.16
474.45000 -64.18
474.50000 -64.18
474.55000 -64.15
474.60000 -64.16
474.65000 -64.18
474.70000 -64.20
474.75000 -64.22
474.80000 -64.22
474.85000 -64.23
474.90000 -64.23
474.95000 -64.24
475.00000 -64.23
475.05000 -64.22
475.10000 -64.23
475.15000 -64.24
475.20000 -64.24
475.25000 -64.22
475.30000 -64.25
475.35000 -64.26
475.40000 -64.25
475.45000 -64.25
475.50000 -64.27
475.55000 -64.28
475.60000 -64.26
475.65000 -64.24
475.70000 -64.24
475.75000 -64.23
475.80000 -64.25
475.85000 -64.24
475.90000 -64.23
475.95000 -64.23
476.00000 -64.25
476.05000 -64.24
476.10000 -64.23
476.15000 -64.25
476.20000 -64.24
476.25000 -64.24
476.30000 -64.24
476.35000 -64.22
476.40000 -64.18
476.45000 -64.19
476.50000 -64.16
476.55000 -64.12
476.60000 -64.12
476.65000 -64.10
476.70000 -64.07
476.75000 -64.04
476.80000 -64.06
476.85000 -64.05
476.90000 -64.04
476.95000 -64.02
477.00000 -64.04
477.05000 -64.04
477.10000 -64.02
477.15000 -64.03
477.20000 -64.05
477.25000 -64.06
477.30000 -64.07
477.35000 -64.06
477.40000 -64.06
477.45000 -64.08
477.50000 -64.09
477.55000 -64.08
477.60000 -64.10
477.65000 -64.09
477.70000 -64.08
477.75000 -64.09
477.80000 -64.09
477.85000 -64.08
477.90000 -64.08
477.95000 -64.09
478.00000 -64.07
478.05000 -64.08
478.10000 -64.08
478.15000 -64.07
478.20000 -64.07
478.25000 -64.07
478.30000 -64.07
478.35000 -64.09
478.40000 -64.07
478.45000 -64.04
478.50000 -64.04
478.55000 -64.05
478.60000 -64.04
478.65000 -64.01
478.70000 -63.99
478.75000 -64.00
478.80000 -64.01
478.85000 -63.98
478.90000 -63.98
478.95000 -63.99
479.00000 -63.99
479.05000 -63.99
479.10000 -64.01
479.15000 -64.02
479.20000 -64.03
479.25000 -64.03
479.30000 -64.05
479.35000 -64.05
479.40000 -64.06
479.45000 -64.07
479.50000 -64.05
479.55000 -64.08
479.60000 -64.06
479.65000 -64.05
479.70000 -64.05
479.75000 -64.03
479.80000 -64.02
479.85000 -64.01
479.90000 -64.00
479.95000 -64.00
480.00000 -64.00
480.05000 -63.99
480.10000 -63.98
480.15000 -63.99
480.20000 -64.00
480.25000 -64.02
480.30000 -64.02
480.35000 -64.03
480.40000 -64.05
480.45000 -64.06
480.50000 -64.06
480.55000 -64.09
480.60000 -64.08
480.65000 -64.07
480.70000 -64.07
480.75000 -64.10
480.80000 -64.12
480.85000 -64.13
480.90000 -64.13
480.95000 -64.14
481.00000 -64.15
481.05000 -64.15
481.10000 -64.14
481.15000 -64.14
481.20000 -64.14
481.25000 -64.13
481.30000 -64.13
481.35000 -64.14
481.40000 -64.14
481.45000 -64.12
481.50000 -64.11
481.55000 -64.13
481.60000 -64.12
481.65000 -64.12
481.70000 -64.13
481.75000 -64.12
481.80000 -64.11
481.85000 -64.12
481.90000 -64.10
481.95000 -64.10
482.00000 -64.10
482.05000 -64.09
482.10000 -64.09
482.15000 -64.08
482.20000 -64.09
482.25000 -64.09
482.30000 -64.12
482.35000 -64.11
482.40000 -64.10
482.45000 -64.10
482.50000 -64.12
482.55000 -64.12
482.60000 -64.13
482.65000 -64.14
482.70000 -64.12
482.75000 -64.12
482.80000 -64.12
482.85000 -64.12
482.90000 -64.10
482.95000 -64.10
483.00000 -64.10
483.05000 -64.10
483.10000 -64.08
483.15000 -64.10
483.20000 -64.10
483.25000 -64.10
483.30000 -64.08
483.35000 -64.08
483.40000 -64.08
483.45000 -64.09
483.50000 -64.10
483.55000 -64.10
483.60000 -64.08
483.65000 -64.08
483.70000 -64.10
483.75000 -64.09
483.80000 -64.10
483.85000 -64.09
483.90000 -64.10
483.95000 -64.11
484.00000 -64.11
484.05000 -64.11
484.10000 -64.11
484.15000 -64.10
484.20000 -64.11
484.25000 -64.12
484.30000 -64.11
484.35000 -64.09
484.40000 -64.11
484.45000 -64.14
484.50000 -64.14
484.55000 -64.16
484.60000 -64.15
484.65000 -64.13
484.70000 -64.13
484.75000 -64.12
484.80000 -64.12
484.85000 -64.11
484.90000 -64.11
484.95000 -64.13
485.00000 -64.13
485.05000 -64.11
485.10000 -64.11
485.15000 -64.11
485.20000 -64.12
485.25000 -64.12
485.30000 -64.14
485.35000 -64.11
485.40000 -64.09
485.45000 -64.09
485.50000 -64.08
485.55000 -64.07
485.60000 -64.06
485.65000 -64.04
485.70000 -64.04
485.75000 -64.03
485.80000 -64.05
485.85000 -64.03
485.90000 -64.05
485.95000 -64.06
486.00000 -64.08
486.05000 -64.07
486.10000 -64.09
486.15000 -64.11
486.20000 -64.11
486.25000 -64.13
486.30000 -64.13
486.35000 -64.13
486.40000 -64.15
486.45000 -64.17
486.50000 -64.17
486.55000 -64.16
486.60000 -64.17
486.65000 -64.18
486.70000 -64.18
486.75000 -64.19
486.80000 -64.21
486.85000 -64.20
486.90000 -64.22
486.95000 -64.22
487.00000 -64.21
487.05000 -64.21
487.10000 -64.23
487.15000 -64.22
487.20000 -64.21
487.25000 -64.20
487.30000 -64.19
487.35000 -64.17
487.40000 -64.13
487.45000 -64.12
487.50000 -64.12
487.55000 -64.10
487.60000 -64.10
487.65000 -64.09
487.70000 -64.08
487.75000 -64.10
487.80000 -64.08
487.85000 -64.07
487.90000 -64.10
487.95000 -64.09
488.00000 -64.08
488.05000 -64.09
488.10000 -64.07
488.15000 -64.06
488.20000 -64.05
488.25000 -64.04
488.30000 -64.05
488.35000 -64.04
488.40000 -64.01
488.45000 -64.01
488.50000 -64.03
488.55000 -64.02
488.60000 -64.04
488.65000 -64.04
488.70000 -64.07
488.75000 -64.07
488.80000 -64.06
488.85000 -64.10
488.90000 -64.09
488.95000 -64.11
489.00000 -64.09
489.05000 -64.08
489.10000 -64.10
489.15000 -64.13
489.20000 -64.13
489.25000 -64.12
489.30000 -64.13
489.35000 -64.10
489.40000 -64.08
489.45000 -64.08
489.50000 -64.04
489.55000 -64.04
489.60000 -64.07
489.65000 -64.06
489.70000 -64.05
489.75000 -64.06
489.80000 -64.08
489.85000 -64.07
489.90000 -64.06
489.95000 -64.07
490.00000 -64.08
490.05000 -64.06
490.10000 -64.08
490.15000 -64.09
490.20000 -64.08
490.25000 -64.08
490.30000 -64.08
490.35000 -64.11
490.40000 -64.10
490.45000 -64.09
490.50000 -64.10
490.55000 -64.10
490.60000 -64.11
490.65000 -64.11
490.70000 -64.11
490.75000 -64.11
490.80000 -64.10
490.85000 -64.10
490.90000 -64.10
490.95000 -64.09
491.00000 -64.11
491.05000 -64.10
491.10000 -64.12
491.15000 -64.09
491.20000 -64.09
491.25000 -64.11
491.30000 -64.12
491.35000 -64.09
491.40000 -64.09
491.45000 -64.10
491.50000 -64.11
491.55000 -64.12
491.60000 -64.09
491.65000 -64.08
491.70000 -64.08
491.75000 -64.09
491.80000 -64.10
491.85000 -64.10
491.90000 -64.08
491.95000 -64.09
492.00000 -64.08
492.05000 -64.07
492.10000 -64.07
492.15000 -64.08
492.20000 -64.09
492.25000 -64.06
492.30000 -64.06
492.35000 -64.08
492.40000 -64.08
492.45000 -64.05
492.50000 -64.04
492.55000 -64.00
492.60000 -63.98
492.65000 -63.96
492.70000 -63.97
492.75000 -63.95
492.80000 -63.97
492.85000 -63.96
492.90000 -63.98
492.95000 -63.97
493.00000 -63.99
493.05000 -63.99
493.10000 -63.99
493.15000 -64.01
493.20000 -64.03
493.25000 -64.04
493.30000 -64.06
493.35000 -64.04
493.40000 -64.06
493.45000 -64.08
493.50000 -64.10
493.55000 -64.11
493.60000 -64.11
493.65000 -64.11
493.70000 -64.12
493.75000 -64.10
493.80000 -64.10
493.85000 -64.09
493.90000 -64.08
493.95000 -64.09
494.00000 -64.08
494.05000 -64.07
494.10000 -64.08
494.15000 -64.09
494.20000 -64.10
494.25000 -64.09
494.30000 -64.08
494.35000 -64.09
494.40000 -64.11
494.45000 -64.09
494.50000 -64.10
494.55000 -64.13
494.60000 -64.14
494.65000 -64.13
494.70000 -64.11
494.75000 -64.13
494.80000 -64.14
494.85000 -64.14
494.90000 -64.12
494.95000 -64.15
495.00000 -64.14
495.05000 -64.13
495.10000 -64.14
495.15000 -64.14
495.20000 -64.13
495.25000 -64.10
495.30000 -64.10
495.35000 -64.11
495.40000 -64.10
495.45000 -64.09
495.50000 -64.12
495.55000 -64.10
495.60000 -64.10
495.65000 -64.12
495.70000 -64.12
495.75000 -64.12
495.80000 -64.13
495.85000 -64.15
495.90000 -64.15
495.95000 -64.16
496.00000 -64.18
496.05000 -64.18
496.10000 -64.20
496.15000 -64.21
496.20000 -64.18
496.25000 -64.21
496.30000 -64.19
496.35000 -64.19
496.40000 -64.19
496.45000 -64.22
496.50000 -64.23
496.55000 -64.21
496.60000 -64.22
496.65000 -64.20
496.70000 -64.19
496.75000 -64.19
496.80000 -64.21
496.85000 -64.23
496.90000 -64.23
496.95000 -64.24
497.00000 -64.23
497.05000 -64.21
497.10000 -64.21
497.15000 -64.21
497.20000 -64.20
497.25000 -64.22
497.30000 -64.22
497.35000 -64.23
497.40000 -64.24
497.45000 -64.24
497.50000 -64.25
497.55000 -64.25
497.60000 -64.27
497.65000 -64.25
497.70000 -64.26
497.75000 -64.26
497.80000 -64.27
497.85000 -64.27
497.90000 -64.26
497.95000 -64.26
498.00000 -64.26
498.05000 -64.25
498.10000 -64.22
498.15000 -64.25
498.20000 -64.24
498.25000 -64.24
498.30000 -64.25
498.35000 -64.23
498.40000 -64.21
498.45000 -64.22
498.50000 -64.19
498.55000 -64.21
498.60000 -64.16
498.65000 -64.16
498.70000 -64.15
498.75000 -64.12
498.80000 -64.09
498.85000 -64.08
498.90000 -64.07
498.95000 -64.06
499.00000 -64.04
499.05000 -64.04
499.10000 -64.04
499.15000 -64.03
499.20000 -64.02
499.25000 -64.04
499.30000 -64.05
499.35000 -64.06
499.40000 -64.06
499.45000 -64.07
499.50000 -64.07
499.55000 -64.07
499.60000 -64.07
499.65000 -64.05
499.70000 -64.05
499.75000 -64.06
499.80000 -64.05
499.85000 -64.08
499.90000 -64.08
499.95000 -64.07
500.00000 -64.08
500.05000 -64.09
500.10000 -64.10
500.15000 -64.08
500.20000 -64.09
500.25000 -64.09
500.30000 -64.11
500.35000 -64.11
500.40000 -64.12
500.45000 -64.12
500.50000 -64.11
500.55000 -64.13
500.60000 -64.14
500.65000 -64.18
500.70000 -64.16
500.75000 -64.15
500.80000 -64.16
500.85000 -64.17
500.90000 -64.16
500.95000 -64.18
501.00000 -64.18
501.05000 -64.18
501.10000 -64.18
501.15000 -64.18
501.20000 -64.18
501.25000 -64.20
501.30000 -64.22
501.35000 -64.21
501.40000 -64.21
501.45000 -64.21
501.50000 -64.21
501.55000 -64.20
501.60000 -64.20
501.65000 -64.21
501.70000 -64.23
501.75000 -64.21
501.80000 -64.23
501.85000 -64.23
501.90000 -64.22
501.95000 -64.22
502.00000 -64.22
502.05000 -64.24
502.10000 -64.24
502.15000 -64.21
502.20000 -64.22
502.25000 -64.24
502.30000 -64.22
502.35000 -64.25
502.40000 -64.25
502.45000 -64.25
502.50000 -64.24
502.55000 -64.23
502.60000 -64.24
502.65000 -64.23
502.70000 -64.24
502.75000 -64.24
502.80000 -64.23
502.85000 -64.24
502.90000 -64.23
502.95000 -64.22
503.00000 -64.20
503.05000 -64.22
503.10000 -64.21
503.15000 -64.21
503.20000 -64.21
503.25000 -64.21
503.30000 -64.19
503.35000 -64.18
503.40000 -64.16
503.45000 -64.18
503.50000 -64.18
503.55000 -64.17
503.60000 -64.17
503.65000 -64.18
503.70000 -64.17
503.75000 -64.19
503.80000 -64.21
503.85000 -64.17
503.90000 -64.18
503.95000 -64.17
504.00000 -64.17
504.05000 -64.16
504.10000 -64.16
504.15000 -64.17
504.20000 -64.18
504.25000 -64.17
504.30000 -64.18
504.35000 -64.19
504.40000 -64.20
504.45000 -64.21
504.50000 -64.20
504.55000 -64.20
504.60000 -64.24
504.65000 -64.22
504.70000 -64.25
504.75000 -64.24
504.80000 -64.24
504.85000 -64.24
504.90000 -64.25
504.95000 -64.24
505.00000 -64.24
505.05000 -64.22
505.10000 -64.22
505.15000 -64.21
505.20000 -64.20
505.25000 -64.21
505.30000 -64.22
505.35000 -64.22
505.40000 -64.18
505.45000 -64.19
505.50000 -64.19
505.55000 -64.18
505.60000 -64.13
505.65000 -64.11
505.70000 -64.12
505.75000 -64.10
505.80000 -64.08
505.85000 -64.08
505.90000 -64.10
505.95000 -64.09
506.00000 -64.07
506.05000 -64.08
506.10000 -64.08
506.15000 -64.07
506.20000 -64.06
506.25000 -64.06
506.30000 -64.08
506.35000 -64.06
506.40000 -64.04
506.45000 -64.04
506.50000 -64.05
506.55000 -64.03
506.60000 -64.02
506.65000 -64.03
506.70000 -64.01
506.75000 -64.03
506.80000 -64.03
506.85000 -64.02
506.90000 -64.04
506.95000 -64.04
507.00000 -64.04
507.05000 -64.07
507.10000 -64.05
507.15000 -64.08
507.20000 -64.08
507.25000 -64.07
507.30000 -64.07
507.35000 -64.07
507.40000 -64.08
507.45000 -64.07
507.50000 -64.07
507.55000 -64.07
507.60000 -64.09
507.65000 -64.09
507.70000 -64.07
507.75000 -64.06
507.80000 -64.06
507.85000 -64.05
507.90000 -64.03
507.95000 -64.02
508.00000 -64.00
508.05000 -64.01
508.10000 -64.01
508.15000 -64.02
508.20000 -64.02
508.25000 -64.02
508.30000 -64.01
508.35000 -64.01
508.40000 -64.00
508.45000 -64.04
508.50000 -64.05
508.55000 -64.06
508.60000 -64.06
508.65000 -64.05
508.70000 -64.05
508.75000 -64.06
508.80000 -64.06
508.85000 -64.03
508.90000 -64.02
508.95000 -64.02
509.00000 -64.00
509.05000 -63.97
509.10000 -63.96
509.15000 -63.97
509.20000 -63.96
509.25000 -63.96
509.30000 -63.97
509.35000 -63.97
509.40000 -63.96
509.45000 -63.96
509.50000 -63.97
509.55000 -63.98
509.60000 -63.99
509.65000 -63.97
509.70000 -63.96
509.75000 -63.99
509.80000 -63.99
509.85000 -64.02
509.90000 -64.01
509.95000 -64.02
510.00000 -64.02
510.05000 -64.02
510.10000 -64.00
510.15000 -64.00
510.20000 -64.00
510.25000 -63.99
510.30000 -63.98
510.35000 -63.98
510.40000 -63.96
510.45000 -63.96
510.50000 -63.96
510.55000 -63.97
510.60000 -63.97
510.65000 -63.97
510.70000 -63.97
510.75000 -63.97
510.80000 -63.99
510.85000 -64.01
510.90000 -64.01
510.95000 -64.01
511.00000 -64.03
511.05000 -64.03
511.10000 -64.06
511.15000 -64.06
511.20000 -64.07
511.25000 -64.07
511.30000 -64.09
511.35000 -64.10
511.40000 -64.09
511.45000 -64.08
511.50000 -64.10
511.55000 -64.09
511.60000 -64.07
511.65000 -64.08
511.70000 -64.10
511.75000 -64.11
511.80000 -64.10
511.85000 -64.12
511.90000 -64.13
511.95000 -64.15
512.00000 -64.14
512.05000 -64.15
512.10000 -64.15
512.15000 -64.16
512.20000 -64.16
512.25000 -64.17
512.30000 -64.17
512.35000 -64.17
512.40000 -64.21
512.45000 -64.20
512.50000 -64.20
512.55000 -64.21
512.60000 -64.20
512.65000 -64.20
512.70000 -64.22
512.75000 -64.22
512.80000 -64.20
512.85000 -64.18
512.90000 -64.19
512.95000 -64.17
513.00000 -64.19
513.05000 -64.17
513.10000 -64.16
513.15000 -64.15
513.20000 -64.18
513.25000 -64.17
513.30000 -64.17
513.35000 -64.16
513.40000 -64.16
513.45000 -64.15
513.50000 -64.16
513.55000 -64.15
513.60000 -64.16
513.65000 -64.14
513.70000 -64.14
513.75000 -64.16
513.80000 -64.16
513.85000 -64.19
513.90000 -64.19
513.95000 -64.17
514.00000 -64.18
514.05000 -64.19
514.10000 -64.19
514.15000 -64.20
514.20000 -64.21
514.25000 -64.21
514.30000 -64.21
514.35000 -64.22
514.40000 -64.23
514.45000 -64.22
514.50000 -64.23
514.55000 -64.23
514.60000 -64.24
514.65000 -64.23
514.70000 -64.24
514.75000 -64.24
514.80000 -64.22
514.85000 -64.23
514.90000 -64.22
514.95000 -64.21
515.00000 -64.19
515.05000 -64.18
515.10000 -64.19
515.15000 -64.17
515.20000 -64.15
515.25000 -64.16
515.30000 -64.20
515.35000 -64.19
515.40000 -64.19
515.45000 -64.19
515.50000 -64.19
515.55000 -64.20
515.60000 -64.19
515.65000 -64.20
515.70000 -64.17
515.75000 -64.19
515.80000 -64.19
515.85000 -64.20
515.90000 -64.21
515.95000 -64.20
516.00000 -64.21
516.05000 -64.22
516.10000 -64.22
516.15000 -64.22
516.20000 -64.22
516.25000 -64.21
516.30000 -64.17
516.35000 -64.16
516.40000 -64.18
516.45000 -64.17
516.50000 -64.14
516.55000 -64.14
516.60000 -64.14
516.65000 -64.17
516.70000 -64.15
516.75000 -64.15
516.80000 -64.15
516.85000 -64.19
516.90000 -64.17
516.95000 -64.18
517.00000 -64.19
517.05000 -64.21
517.10000 -64.20
517.15000 -64.23
517.20000 -64.21
517.25000 -64.21
517.30000 -64.21
517.35000 -64.19
517.40000 -64.20
517.45000 -64.22
517.50000 -64.21
517.55000 -64.20
517.60000 -64.19
517.65000 -64.20
517.70000 -64.18
517.75000 -64.20
517.80000 -64.19
517.85000 -64.17
517.90000 -64.18
517.95000 -64.19
518.00000 -64.17
518.05000 -64.15
518.10000 -64.11
518.15000 -64.11
518.20000 -64.10
518.25000 -64.07
518.30000 -64.07
518.35000 -64.08
518.40000 -64.09
518.45000 -64.08
518.50000 -64.06
518.55000 -64.07
518.60000 -64.09
518.65000 -64.06
518.70000 -64.08
518.75000 -64.08
518.80000 -64.09
518.85000 -64.10
518.90000 -64.10
518.95000 -64.11
519.00000 -64.11
519.05000 -64.12
519.10000 -64.10
519.15000 -64.08
519.20000 -64.11
519.25000 -64.09
519.30000 -64.08
519.35000 -64.07
519.40000 -64.07
519.45000 -64.09
519.50000 -64.08
519.55000 -64.07
519.60000 -64.04
519.65000 -64.06
519.70000 -64.04
519.75000 -64.04
519.80000 -64.02
519.85000 -64.01
519.90000 -63.99
519.95000 -64.00
520.00000 -64.00
520.05000 -64.00
520.10000 -63.99
520.15000 -63.98
520.20000 -63.99
520.25000 -63.99
520.30000 -63.98
520.35000 -63.97
520.40000 -63.96
520.45000 -63.96
520.50000 -63.96
520.55000 -63.95
520.60000 -63.92
520.65000 -63.88
520.70000 -63.88
520.75000 -63.88
520.80000 -63.85
520.85000 -63.87
520.90000 -63.86
520.95000 -63.87
521.00000 -63.87
521.05000 -63.86
521.10000 -63.85
521.15000 -63.87
521.20000 -63.86
521.25000 -63.87
521.30000 -63.88
521.35000 -63.89
521.40000 -63.90
521.45000 -63.90
521.50000 -63.89
521.55000 -63.91
521.60000 -63.93
521.65000 -63.95
521.70000 -63.95
521.75000 -63.94
521.80000 -63.96
521.85000 -63.96
521.90000 -63.98
521.95000 -63.97
522.00000 -63.98
522.05000 -64.00
522.10000 -64.00
522.15000 -64.01
522.20000 -64.01
522.25000 -63.99
522.30000 -64.00
522.35000 -64.03
522.40000 -63.99
522.45000 -63.99
522.50000 -64.03
522.55000 -64.02
522.60000 -64.01
522.65000 -64.00
522.70000 -63.99
522.75000 -64.00
522.80000 -64.00
522.85000 -64.00
522.90000 -64.01
522.95000 -64.02
523.00000 -64.00
523.05000 -63.98
523.10000 -63.98
523.15000 -63.95
523.20000 -63.93
523.25000 -63.93
523.30000 -63.94
523.35000 -63.91
523.40000 -63.89
523.45000 -63.91
523.50000 -63.91
523.55000 -63.92
523.60000 -63.91
523.65000 -63.92
523.70000 -63.89
523.75000 -63.92
523.80000 -63.91
523.85000 -63.92
523.90000 -63.91
523.95000 -63.89
524.00000 -63.91
524.05000 -63.92
524.10000 -63.91
524.15000 -63.92
524.20000 -63.92
524.25000 -63.94
524.30000 -63.93
524.35000 -63.94
524.40000 -63.95
524.45000 -63.95
524.50000 -63.96
524.55000 -63.97
524.60000 -63.95
524.65000 -63.94
524.70000 -63.92
524.75000 -63.92
524.80000 -63.94
524.85000 -63.94
524.90000 -63.93
524.95000 -63.94
525.00000 -63.93
525.05000 -63.92
525.10000 -63.92
525.15000 -63.92
525.20000 -63.90
525.25000 -63.88
525.30000 -63.92
525.35000 -63.94
525.40000 -63.91
525.45000 -63.94
525.50000 -63.96
525.55000 -63.95
525.60000 -63.94
525.65000 -63.98
525.70000 -63.98
525.75000 -63.95
525.80000 -63.95
525.85000 -63.91
525.90000 -63.91
525.95000 -63.90
526.00000 -63.91
526.05000 -63.91
526.10000 -63.90
526.15000 -63.89
526.20000 -63.89
526.25000 -63.89
526.30000 -63.89
526.35000 -63.89
526.40000 -63.90
526.45000 -63.91
526.50000 -63.90
526.55000 -63.88
526.60000 -63.90
526.65000 -63.92
526.70000 -63.91
526.75000 -63.91
526.80000 -63.90
526.85000 -63.92
526.90000 -63.91
526.95000 -63.89
527.00000 -63.92
527.05000 -63.94
527.10000 -63.92
527.15000 -63.92
527.20000 -63.92
527.25000 -63.93
527.30000 -63.91
527.35000 -63.93
527.40000 -63.92
527.45000 -63.93
527.50000 -63.93
527.55000 -63.93
527.60000 -63.93
527.65000 -63.93
527.70000 -63.92
527.75000 -63.95
527.80000 -63.95
527.85000 -63.97
527.90000 -63.99
527.95000 -64.02
528.00000 -64.02
528.05000 -64.02
528.10000 -64.06
528.15000 -64.08
528.20000 -64.09
528.25000 -64.08
528.30000 -64.07
528.35000 -64.10
528.40000 -64.08
528.45000 -64.08
528.50000 -64.08
528.55000 -64.08
528.60000 -64.09
528.65000 -64.11
528.70000 -64.10
528.75000 -64.11
528.80000 -64.10
528.85000 -64.09
528.90000 -64.10
528.95000 -64.11
529.00000 -64.11
529.05000 -64.11
529.10000 -64.12
529.15000 -64.10
529.20000 -64.09
529.25000 -64.09
529.30000 -64.09
529.35000 -64.08
529.40000 -64.11
529.45000 -64.08
529.50000 -64.06
529.55000 -64.07
529.60000 -64.07
529.65000 -64.09
529.70000 -64.09
529.75000 -64.09
529.80000 -64.08
529.85000 -64.09
529.90000 -64.06
529.95000 -64.06
530.00000 -64.05
530.05000 -64.05
530.10000 -64.02
530.15000 -64.01
530.20000 -63.99
530.25000 -63.98
530.30000 -63.95
530.35000 -63.95
530.40000 -63.94
530.45000 -63.94
530.50000 -63.96
530.55000 -63.96
530.60000 -63.96
530.65000 -63.96
530.70000 -63.96
530.75000 -63.98
530.80000 -63.99
530.85000 -64.00
530.90000 -64.00
530.95000 -64.01
531.00000 -64.01
531.05000 -64.01
531.10000 -64.02
531.15000 -64.02
531.20000 -64.03
531.25000 -64.03
531.30000 -64.03
531.35000 -64.05
531.40000 -64.06
531.45000 -64.06
531.50000 -64.05
531.55000 -64.06
531.60000 -64.06
531.65000 -64.01
531.70000 -64.01
531.75000 -64.00
531.80000 -63.96
531.85000 -63.97
531.90000 -63.97
531.95000 -63.96
532.00000 -63.95
532.05000 -63.96
532.10000 -63.96
532.15000 -63.98
532.20000 -63.98
532.25000 -63.96
532.30000 -63.98
532.35000 -63.98
532.40000 -63.98
532.45000 -64.00
532.50000 -63.99
532.55000 -63.99
532.60000 -64.01
532.65000 -64.05
532.70000 -64.03
532.75000 -64.05
532.80000 -64.04
532.85000 -64.04
532.90000 -64.04
532.95000 -64.06
533.00000 -64.04
533.05000 -64.01
533.10000 -64.03
533.15000 -64.03
533.20000 -64.03
533.25000 -64.03
533.30000 -64.05
533.35000 -64.05
533.40000 -64.05
533.45000 -64.06
533.50000 -64.06
533.55000 -64.02
533.60000 -64.03
533.65000 -64.01
533.70000 -64.01
533.75000 -64.01
533.80000 -64.01
533.85000 -64.00
533.90000 -64.00
533.95000 -64.01
534.00000 -64.02
534.05000 -64.01
534.10000 -64.00
534.15000 -63.99
534.20000 -64.00
534.25000 -64.00
534.30000 -64.00
534.35000 -63.99
534.40000 -63.99
534.45000 -64.00
534.50000 -64.01
534.55000 -64.02
534.60000 -64.00
534.65000 -64.03
534.70000 -64.02
534.75000 -64.02
534.80000 -64.00
534.85000 -64.00
534.90000 -63.99
534.95000 -63.99
535.00000 -63.96
535.05000 -63.93
535.10000 -63.92
535.15000 -63.90
535.20000 -63.87
535.25000 -63.86
535.30000 -63.85
535.35000 -63.85
535.40000 -63.84
535.45000 -63.84
535.50000 -63.86
535.55000 -63.84
535.60000 -63.84
535.65000 -63.84
535.70000 -63.84
535.75000 -63.86
535.80000 -63.86
535.85000 -63.85
535.90000 -63.86
535.95000 -63.85
536.00000 -63.85
536.05000 -63.87
536.10000 -63.88
536.15000 -63.88
536.20000 -63.89
536.25000 -63.89
536.30000 -63.88
536.35000 -63.89
536.40000 -63.89
536.45000 -63.90
536.50000 -63.89
536.55000 -63.92
536.60000 -63.90
536.65000 -63.90
536.70000 -63.90
536.75000 -63.89
536.80000 -63.88
536.85000 -63.87
536.90000 -63.89
536.95000 -63.90
537.00000 -63.90
537.05000 -63.91
537.10000 -63.93
537.15000 -63.93
537.20000 -63.95
537.25000 -63.93
537.30000 -63.93
537.35000 -63.95
537.40000 -63.96
537.45000 -63.96
537.50000 -63.96
537.55000 -63.99
537.60000 -63.97
537.65000 -63.98
537.70000 -63.96
537.75000 -63.97
537.80000 -63.96
537.85000 -63.98
537.90000 -63.98
537.95000 -63.97
538.00000 -64.01
538.05000 -64.03
538.10000 -64.02
538.15000 -64.03
538.20000 -64.03
538.25000 -64.04
538.30000 -64.04
538.35000 -64.07
538.40000 -64.06
538.45000 -64.08
538.50000 -64.09
538.55000 -64.10
538.60000 -64.12
538.65000 -64.11
538.70000 -64.12
538.75000 -64.10
538.80000 -64.13
538.85000 -64.14
538.90000 -64.14
538.95000 -64.14
539.00000 -64.14
539.05000 -64.16
539.10000 -64.17
539.15000 -64.18
539.20000 -64.19
539.25000 -64.18
539.30000 -64.17
539.35000 -64.19
539.40000 -64.21
539.45000 -64.19
539.50000 -64.20
539.55000 -64.21
539.60000 -64.21
539.65000 -64.21
539.70000 -64.21
539.75000 -64.24
539.80000 -64.23
539.85000 -64.24
539.90000 -64.23
539.95000 -64.24
540.00000 -64.24
540.05000 -64.26
540.10000 -64.26
540.15000 -64.25
540.20000 -64.26
540.25000 -64.26
540.30000 -64.25
540.35000 -64.26
540.40000 -64.27
540.45000 -64.25
540.50000 -64.23
540.55000 -64.23
540.60000 -64.23
540.65000 -64.23
540.70000 -64.23
540.75000 -64.23
540.80000 -64.23
540.85000 -64.20
540.90000 -64.22
540.95000 -64.20
541.00000 -64.19
541.05000 -64.19
541.10000 -64.17
541.15000 -64.15
541.20000 -64.14
541.25000 -64.13
541.30000 -64.11
541.35000 -64.10
541.40000 -64.10
541.45000 -64.09
541.50000 -64.07
541.55000 -64.09
541.60000 -64.08
541.65000 -64.10
541.70000 -64.12
541.75000 -64.13
541.80000 -64.11
541.85000 -64.12
541.90000 -64.13
541.95000 -64.14
542.00000 -64.15
542.05000 -64.14
542.10000 -64.15
542.15000 -64.15
542.20000 -64.18
542.25000 -64.15
542.30000 -64.13
542.35000 -64.14
542.40000 -64.12
542.45000 -64.12
542.50000 -64.14
542.55000 -64.12
542.60000 -64.10
542.65000 -64.08
542.70000 -64.11
542.75000 -64.10
542.80000 -64.08
542.85000 -64.09
542.90000 -64.09
542.95000 -64.07
543.00000 -64.07
543.05000 -64.10
543.10000 -64.10
543.15000 -64.11
543.20000 -64.12
543.25000 -64.11
543.30000 -64.11
543.35000 -64.13
543.40000 -64.11
543.45000 -64.14
543.50000 -64.13
543.55000 -64.14
543.60000 -64.14
543.65000 -64.12
543.70000 -64.11
543.75000 -64.12
543.80000 -64.10
543.85000 -64.12
543.90000 -64.08
543.95000 -64.09
544.00000 -64.08
544.05000 -64.07
544.10000 -64.05
544.15000 -64.03
544.20000 -64.01
544.25000 -64.00
544.30000 -63.99
544.35000 -64.00
544.40000 -64.00
544.45000 -63.99
544.50000 -64.01
544.55000 -64.02
544.60000 -64.01
544.65000 -64.01
544.70000 -64.01
544.75000 -64.00
544.80000 -64.01
544.85000 -64.02
544.90000 -64.01
544.95000 -64.02
545.00000 -64.03
545.05000 -64.05
545.10000 -64.03
545.15000 -64.02
545.20000 -64.02
545.25000 -64.00
545.30000 -64.00
545.35000 -64.00
545.40000 -64.02
545.45000 -64.01
545.50000 -64.03
545.55000 -64.03
545.60000 -64.04
545.65000 -64.05
545.70000 -64.05
545.75000 -64.04
545.80000 -64.04
545.85000 -64.04
545.90000 -64.03
545.95000 -64.01
546.00000 -64.01
546.05000 -64.00
546.10000 -63.99
546.15000 -63.96
546.20000 -63.96
546.25000 -63.97
546.30000 -63.98
546.35000 -63.99
546.40000 -63.98
546.45000 -63.98
546.50000 -63.98
546.55000 -64.00
546.60000 -64.01
546.65000 -64.01
546.70000 -64.02
546.75000 -64.00
546.80000 -64.00
546.85000 -64.00
546.90000 -63.99
546.95000 -64.00
547.00000 -64.00
547.05000 -63.99
547.10000 -63.99
547.15000 -63.97
547.20000 -63.97
547.25000 -63.99
547.30000 -63.99
547.35000 -63.97
547.40000 -63.97
547.45000 -63.97
547.50000 -63.97
547.55000 -63.95
547.60000 -63.96
547.65000 -63.96
547.70000 -63.95
547.75000 -63.94
547.80000 -63.93
547.85000 -63.94
547.90000 -63.93
547.95000 -63.92
548.00000 -63.93
548.05000 -63.92
548.10000 -63.91
548.15000 -63.93
548.20000 -63.93
548.25000 -63.92
548.30000 -63.93
548.35000 -63.95
548.40000 -63.96
548.45000 -63.96
548.50000 -63.97
548.55000 -63.97
548.60000 -63.97
548.65000 -63.97
548.70000 -63.94
548.75000 -63.97
548.80000 -63.95
548.85000 -63.95
548.90000 -63.95
548.95000 -63.91
549.00000 -63.93
549.05000 -63.92
549.10000 -63.94
549.15000 -63.94
549.20000 -63.97
549.25000 -63.96
549.30000 -63.97
549.35000 -63.98
549.40000 -63.97
549.45000 -63.99
549.50000 -64.00
549.55000 -64.02
549.60000 -64.01
549.65000 -64.01
549.70000 -64.01
549.75000 -64.01
549.80000 -64.02
549.85000 -64.03
549.90000 -64.02
549.95000 -64.04
