0.00000 -58.32547 0.03261
0.05000 -58.34620 0.02340
0.10000 -58.34892 0.01566
0.15000 -58.35528 0.01657
0.20000 -58.35362 0.01763
0.25000 -58.35601 0.01867
0.30000 -58.35788 0.02032
0.35000 -58.36132 0.02101
0.40000 -58.36040 0.02762
0.45000 -58.36213 0.02618
0.50000 -58.36037 0.03505
0.55000 -58.35827 0.02760
0.60000 -58.35798 0.02867
0.65000 -58.36044 0.02574
0.70000 -58.36459 0.02485
0.75000 -58.36516 0.02953
0.80000 -58.36255 0.02939
0.85000 -58.36297 0.02623
0.90000 -58.36790 0.02613
0.95000 -58.36302 0.02214
1.00000 -58.36492 0.02275
1.05000 -58.36143 0.02744
1.10000 -58.36367 0.02565
1.15000 -58.36243 0.02715
1.20000 -58.36106 0.02504
1.25000 -58.36230 0.02366
1.30000 -58.36094 0.02423
1.35000 -58.36027 0.02608
1.40000 -58.36176 0.02225
1.45000 -58.35535 0.02401
1.50000 -58.35783 0.02601
1.55000 -58.35969 0.02366
1.60000 -58.35677 0.02837
1.65000 -58.36018 0.02790
1.70000 -58.35770 0.02123
1.75000 -58.35458 0.02349
1.80000 -58.35742 0.02010
1.85000 -58.35886 0.02109
1.90000 -58.36067 0.02010
1.95000 -58.35495 0.02661
2.00000 -58.35492 0.02398
2.05000 -58.35417 0.02327
2.10000 -58.35692 0.01833
2.15000 -58.35638 0.02450
2.20000 -58.35407 0.01989
2.25000 -58.35240 0.01855
2.30000 -58.34808 0.01663
2.35000 -58.35083 0.01440
2.40000 -58.35172 0.01797
2.45000 -58.35195 0.01878
2.50000 -58.34980 0.01529
2.55000 -58.35507 0.01776
2.60000 -58.35386 0.01708
2.65000 -58.35122 0.01331
2.70000 -58.35141 0.01464
2.75000 -58.35505 0.01920
2.80000 -58.35226 0.01640
2.85000 -58.34900 0.01355
2.90000 -58.35346 0.01859
2.95000 -58.34952 0.01573
3.00000 -58.34784 0.01485
3.05000 -58.35236 0.01870
3.10000 -58.35294 0.02294
3.15000 -58.35221 0.02186
3.20000 -58.34940 0.01674
3.25000 -58.35027 0.01982
3.30000 -58.34853 0.02254
3.35000 -58.34654 0.01671
3.40000 -58.34670 0.01917
3.45000 -58.34780 0.02219
3.50000 -58.34426 0.02587
3.55000 -58.34475 0.02281
3.60000 -58.34315 0.01837
3.65000 -58.34592 0.01537
3.70000 -58.34549 0.01955
3.75000 -58.34345 0.01659
3.80000 -58.34529 0.02152
3.85000 -58.34370 0.01819
3.90000 -58.34655 0.01806
3.95000 -58.34331 0.01860
4.00000 -58.34429 0.02208
4.05000 -58.34491 0.02027
4.10000 -58.34615 0.02429
4.15000 -58.34313 0.02213
4.20000 -58.34429 0.02347
4.25000 -58.33872 0.01821
4.30000 -58.34521 0.02842
4.35000 -58.34233 0.02475
4.40000 -58.34185 0.02453
4.45000 -58.34320 0.02558
4.50000 -58.34521 0.01895
4.55000 -58.33689 0.01414
4.60000 -58.34204 0.02179
4.65000 -58.34067 0.01671
4.70000 -58.34059 0.01439
4.75000 -58.34072 0.01749
4.80000 -58.33744 0.01589
4.85000 -58.34049 0.01647
4.90000 -58.34059 0.01613
4.95000 -58.33912 0.01519
5.00000 -58.33904 0.01553
5.05000 -58.33429 0.01127
5.10000 -58.33581 0.01258
5.15000 -58.33408 0.01076
5.20000 -58.33733 0.01922
5.25000 -58.33527 0.01492
5.30000 -58.33405 0.01463
5.35000 -58.33399 0.01403
5.40000 -58.33119 0.01421
5.45000 -58.33579 0.02245
5.50000 -58.33303 0.01491
5.55000 -58.32763 0.01417
5.60000 -58.33210 0.01520
5.65000 -58.32951 0.01777
5.70000 -58.33160 0.01915
5.75000 -58.33106 0.01504
5.80000 -58.33021 0.02223
5.85000 -58.33024 0.01876
5.90000 -58.33242 0.02935
5.95000 -58.32482 0.02428
6.00000 -58.33025 0.02170
6.05000 -58.32931 0.02837
6.10000 -58.33134 0.02323
6.15000 -58.32756 0.01606
6.20000 -58.32619 0.03026
6.25000 -58.32793 0.02356
6.30000 -58.33397 0.02189
6.35000 -58.33270 0.02400
6.40000 -58.32713 0.02086
6.45000 -58.32974 0.02645
6.50000 -58.32714 0.02444
6.55000 -58.32590 0.01814
6.60000 -58.32748 0.02624
6.65000 -58.32762 0.01525
6.70000 -58.33062 0.01208
6.75000 -58.33024 0.01680
6.80000 -58.32867 0.02306
6.85000 -58.32781 0.01814
6.90000 -58.32846 0.01499
6.95000 -58.32474 0.01049
7.00000 -58.32845 0.01519
7.05000 -58.32828 0.01396
7.10000 -58.32786 0.01789
7.15000 -58.32814 0.01857
7.20000 -58.32538 0.01087
7.25000 -58.32803 0.01044
7.30000 -58.33139 0.01665
7.35000 -58.32848 0.01559
7.40000 -58.32732 0.01061
7.45000 -58.32991 0.00970
7.50000 -58.32739 0.01058
7.55000 -58.33161 0.01597
7.60000 -58.33030 0.01173
7.65000 -58.32958 0.00901
7.70000 -58.33264 0.01892
7.75000 -58.32849 0.00979
7.80000 -58.33230 0.01490
7.85000 -58.33086 0.01461
7.90000 -58.32940 0.01289
7.95000 -58.32904 0.00793
8.00000 -58.33003 0.01625
8.05000 -58.33042 0.01119
8.10000 -58.33280 0.01276
8.15000 -58.33299 0.01699
8.20000 -58.32973 0.01110
8.25000 -58.32665 0.01449
8.30000 -58.33134 0.01181
8.35000 -58.33050 0.01743
8.40000 -58.33296 0.01552
8.45000 -58.32818 0.01079
8.50000 -58.32728 0.01695
8.55000 -58.32942 0.01130
8.60000 -58.33048 0.01219
8.65000 -58.33472 0.01705
8.70000 -58.32925 0.01715
8.75000 -58.32844 0.01782
8.80000 -58.32802 0.01057
8.85000 -58.32687 0.00934
8.90000 -58.32325 0.00592
8.95000 -58.32548 0.00936
9.00000 -58.32338 0.00883
9.05000 -58.32416 0.01239
9.10000 -58.32387 0.01008
9.15000 -58.32409 0.01232
9.20000 -58.31892 0.01299
9.25000 -58.32461 0.00764
9.30000 -58.32290 0.01542
9.35000 -58.32537 0.01361
9.40000 -58.32397 0.01387
9.45000 -58.31826 0.01380
9.50000 -58.32145 0.00963
9.55000 -58.31647 0.01381
9.60000 -58.31897 0.01358
9.65000 -58.32081 0.01399
9.70000 -58.31874 0.01551
9.75000 -58.31899 0.01620
9.80000 -58.31720 0.01707
9.85000 -58.32072 0.01065
9.90000 -58.32130 0.01001
9.95000 -58.31518 0.01777
10.00000 -58.31750 0.01315
10.05000 -58.31465 0.01935
10.10000 -58.31533 0.01845
10.15000 -58.31648 0.01564
10.20000 -58.31266 0.02357
10.25000 -58.31214 0.02104
10.30000 -58.31478 0.01772
10.35000 -58.31359 0.01948
10.40000 -58.31825 0.01444
10.45000 -58.31709 0.01932
10.50000 -58.31550 0.01773
10.55000 -58.31572 0.01608
10.60000 -58.31610 0.01700
10.65000 -58.31947 0.01719
10.70000 -58.31678 0.01566
10.75000 -58.31656 0.01638
10.80000 -58.31718 0.01172
10.85000 -58.31473 0.01717
10.90000 -58.31658 0.01116
10.95000 -58.31353 0.01467
11.00000 -58.31558 0.01320
11.05000 -58.31577 0.01311
11.10000 -58.31354 0.01381
11.15000 -58.31508 0.01476
11.20000 -58.31325 0.01708
11.25000 -58.31836 0.01367
11.30000 -58.31332 0.01966
11.35000 -58.31479 0.01749
11.40000 -58.31519 0.01503
11.45000 -58.31825 0.01130
11.50000 -58.31976 0.01382
11.55000 -58.31842 0.01828
11.60000 -58.31986 0.01332
11.65000 -58.31956 0.01784
11.70000 -58.32391 0.01592
11.75000 -58.32149 0.01374
11.80000 -58.32033 0.01744
11.85000 -58.32462 0.01560
11.90000 -58.32406 0.01474
11.95000 -58.32088 0.02294
12.00000 -58.32044 0.01566
12.05000 -58.31689 0.01384
12.10000 -58.32001 0.01778
12.15000 -58.32545 0.02286
12.20000 -58.32213 0.01673
12.25000 -58.32166 0.02405
12.30000 -58.31877 0.02370
12.35000 -58.31974 0.02384
12.40000 -58.32486 0.02018
12.45000 -58.32317 0.02449
12.50000 -58.32311 0.02414
12.55000 -58.32358 0.02983
12.60000 -58.32424 0.02576
12.65000 -58.33000 0.02661
12.70000 -58.32933 0.02203
12.75000 -58.32981 0.02246
12.80000 -58.33126 0.02874
12.85000 -58.32758 0.01932
12.90000 -58.32615 0.02274
12.95000 -58.32644 0.02393
13.00000 -58.32616 0.02622
13.05000 -58.32426 0.03059
13.10000 -58.32733 0.03756
13.15000 -58.33361 0.03959
13.20000 -58.32863 0.02586
13.25000 -58.32279 0.03532
13.30000 -58.33080 0.03820
13.35000 -58.32927 0.03937
13.40000 -58.32405 0.03562
13.45000 -58.32480 0.03011
13.50000 -58.32535 0.02867
13.55000 -58.32756 0.03847
13.60000 -58.32615 0.03441
13.65000 -58.32356 0.03597
13.70000 -58.31768 0.03194
13.75000 -58.32430 0.03048
13.80000 -58.32322 0.02312
13.85000 -58.32428 0.02767
13.90000 -58.32362 0.02662
13.95000 -58.32459 0.03269
14.00000 -58.32233 0.02602
14.05000 -58.32492 0.03406
14.10000 -58.32450 0.03248
14.15000 -58.31976 0.03863
14.20000 -58.32349 0.02993
14.25000 -58.32384 0.03233
14.30000 -58.32242 0.02204
14.35000 -58.32270 0.02349
14.40000 -58.32054 0.03209
14.45000 -58.32034 0.02729
14.50000 -58.32378 0.03064
14.55000 -58.32256 0.02650
14.60000 -58.31882 0.02681
14.65000 -58.32036 0.03095
14.70000 -58.32435 0.02969
14.75000 -58.32230 0.02834
14.80000 -58.32135 0.02393
14.85000 -58.32100 0.02706
14.90000 -58.31857 0.01621
14.95000 -58.32489 0.01943
15.00000 -58.32154 0.02836
15.05000 -58.32069 0.02363
15.10000 -58.32341 0.02025
15.15000 -58.32248 0.01895
15.20000 -58.32199 0.01912
15.25000 -58.32054 0.01741
15.30000 -58.32346 0.02368
15.35000 -58.32272 0.02783
15.40000 -58.32387 0.02036
15.45000 -58.32577 0.02560
15.50000 -58.32622 0.02904
15.55000 -58.32634 0.02675
15.60000 -58.32428 0.02319
15.65000 -58.32389 0.02798
15.70000 -58.32567 0.02447
15.75000 -58.32900 0.02577
15.80000 -58.32541 0.02357
15.85000 -58.32796 0.02871
15.90000 -58.32344 0.02877
15.95000 -58.32365 0.02657
16.00000 -58.32558 0.02779
16.05000 -58.32511 0.02311
16.10000 -58.32378 0.02680
16.15000 -58.32591 0.02337
16.20000 -58.32604 0.03184
16.25000 -58.32316 0.02355
16.30000 -58.32723 0.02181
16.35000 -58.32466 0.02822
16.40000 -58.31818 0.01971
16.45000 -58.31913 0.02372
16.50000 -58.32034 0.01660
16.55000 -58.32070 0.02014
16.60000 -58.31624 0.02362
16.65000 -58.31987 0.02284
16.70000 -58.31173 0.01962
16.75000 -58.31111 0.03138
16.80000 -58.31655 0.02443
16.85000 -58.31721 0.02344
16.90000 -58.32075 0.02131
16.95000 -58.31593 0.01772
17.00000 -58.31214 0.02277
17.05000 -58.31650 0.02927
17.10000 -58.31629 0.02167
17.15000 -58.31745 0.01848
17.20000 -58.30965 0.02201
17.25000 -58.31472 0.02110
17.30000 -58.31097 0.01865
17.35000 -58.31443 0.01973
17.40000 -58.31487 0.01639
17.45000 -58.30697 0.02267
17.50000 -58.31337 0.01449
17.55000 -58.31061 0.01927
17.60000 -58.31549 0.01388
17.65000 -58.31416 0.01497
17.70000 -58.30804 0.01896
17.75000 -58.31078 0.02548
17.80000 -58.31079 0.01476
17.85000 -58.31223 0.02425
17.90000 -58.31144 0.02064
17.95000 -58.31055 0.02722
18.00000 -58.31013 0.02578
18.05000 -58.30822 0.02113
18.10000 -58.30376 0.02185
18.15000 -58.30159 0.02997
18.20000 -58.30790 0.01394
18.25000 -58.30882 0.01981
18.30000 -58.30837 0.01841
18.35000 -58.31003 0.01892
18.40000 -58.30893 0.01545
18.45000 -58.30641 0.01960
18.50000 -58.30977 0.02121
18.55000 -58.30960 0.01653
18.60000 -58.31079 0.01531
18.65000 -58.30527 0.02091
18.70000 -58.30683 0.01604
18.75000 -58.30904 0.01470
18.80000 -58.31495 0.00825
18.85000 -58.30908 0.01618
18.90000 -58.31201 0.00801
18.95000 -58.30706 0.01366
19.00000 -58.30331 0.01671
19.05000 -58.30370 0.01745
19.10000 -58.30499 0.01645
19.15000 -58.31049 0.00911
19.20000 -58.30764 0.01380
19.25000 -58.30501 0.01459
19.30000 -58.30470 0.01615
19.35000 -58.30394 0.01666
19.40000 -58.30967 0.00920
19.45000 -58.31046 0.01317
19.50000 -58.30893 0.01597
19.55000 -58.31041 0.01856
19.60000 -58.30889 0.00917
19.65000 -58.30953 0.00925
19.70000 -58.30977 0.00888
19.75000 -58.30930 0.01196
19.80000 -58.31094 0.00712
19.85000 -58.31185 0.01442
19.90000 -58.30929 0.01343
19.95000 -58.30946 0.01342
20.00000 -58.30879 0.01323
20.05000 -58.30911 0.01424
20.10000 -58.31067 0.01100
20.15000 -58.31088 0.00864
20.20000 -58.30672 0.01481
20.25000 -58.30995 0.00838
20.30000 -58.30891 0.01199
20.35000 -58.30888 0.01387
20.40000 -58.30144 0.02327
20.45000 -58.30709 0.01656
20.50000 -58.30962 0.01364
20.55000 -58.30760 0.01203
20.60000 -58.30769 0.01779
20.65000 -58.30891 0.01262
20.70000 -58.31183 0.01091
20.75000 -58.30776 0.01249
20.80000 -58.30842 0.01377
20.85000 -58.30460 0.01614
20.90000 -58.31039 0.01282
20.95000 -58.30933 0.00970
21.00000 -58.31239 0.01179
21.05000 -58.30780 0.01555
21.10000 -58.30752 0.02010
21.15000 -58.30637 0.01510
21.20000 -58.31117 0.00971
21.25000 -58.30769 0.01277
21.30000 -58.31200 0.01029
21.35000 -58.31086 0.00897
21.40000 -58.31507 0.01241
21.45000 -58.31334 0.01314
21.50000 -58.31192 0.01185
21.55000 -58.31112 0.01641
21.60000 -58.31026 0.01398
21.65000 -58.30960 0.01319
21.70000 -58.31126 0.01136
21.75000 -58.30796 0.01173
21.80000 -58.30889 0.01742
21.85000 -58.30571 0.01980
21.90000 -58.30623 0.01280
21.95000 -58.30446 0.01443
22.00000 -58.30241 0.01766
22.05000 -58.31063 0.01436
22.10000 -58.31112 0.01584
22.15000 -58.30820 0.01757
22.20000 -58.31027 0.01141
22.25000 -58.31334 0.01182
22.30000 -58.31415 0.01122
22.35000 -58.31482 0.00890
22.40000 -58.31404 0.01166
22.45000 -58.31228 0.01307
22.50000 -58.31315 0.01662
22.55000 -58.31391 0.01403
22.60000 -58.31410 0.01911
22.65000 -58.31273 0.01990
22.70000 -58.31226 0.01295
22.75000 -58.31252 0.01302
22.80000 -58.31643 0.01806
22.85000 -58.31769 0.01999
22.90000 -58.32110 0.02172
22.95000 -58.31873 0.02562
23.00000 -58.31932 0.01336
23.05000 -58.31991 0.01897
23.10000 -58.31610 0.01885
23.15000 -58.31785 0.01850
23.20000 -58.31532 0.01760
23.25000 -58.31528 0.01573
23.30000 -58.31741 0.01539
23.35000 -58.31794 0.01251
23.40000 -58.31396 0.01201
23.45000 -58.31202 0.01979
23.50000 -58.31454 0.01088
23.55000 -58.31569 0.01247
23.60000 -58.31541 0.01352
23.65000 -58.31061 0.01325
23.70000 -58.30927 0.01471
23.75000 -58.30978 0.01143
23.80000 -58.31264 0.01005
23.85000 -58.31328 0.00855
23.90000 -58.31094 0.01162
23.95000 -58.31397 0.00902
24.00000 -58.31107 0.01936
24.05000 -58.30698 0.01970
24.10000 -58.31403 0.00890
24.15000 -58.31557 0.01135
24.20000 -58.31287 0.01622
24.25000 -58.31677 0.01730
24.30000 -58.31728 0.01162
24.35000 -58.31896 0.01374
24.40000 -58.31633 0.01571
24.45000 -58.31491 0.01598
24.50000 -58.31432 0.01921
24.55000 -58.31367 0.02272
24.60000 -58.31213 0.01681
24.65000 -58.31153 0.01543
24.70000 -58.31319 0.01530
24.75000 -58.31375 0.01214
24.80000 -58.31105 0.01325
24.85000 -58.31555 0.01961
24.90000 -58.31628 0.01697
24.95000 -58.31662 0.01804
25.00000 -58.31979 0.02145
25.05000 -58.31530 0.02238
25.10000 -58.31793 0.02267
25.15000 -58.31639 0.02828
25.20000 -58.31720 0.02559
25.25000 -58.32072 0.01978
25.30000 -58.31895 0.01877
25.35000 -58.31430 0.01897
25.40000 -58.31810 0.02676
25.45000 -58.31806 0.01467
25.50000 -58.31745 0.02501
25.55000 -58.32383 0.02070
25.60000 -58.31711 0.02434
25.65000 -58.31560 0.02578
25.70000 -58.31476 0.02418
25.75000 -58.31524 0.02681
25.80000 -58.31499 0.02577
25.85000 -58.31527 0.02631
25.90000 -58.31505 0.02311
25.95000 -58.31437 0.02406
26.00000 -58.31210 0.01796
26.05000 -58.31142 0.02562
26.10000 -58.31729 0.02942
26.15000 -58.31182 0.02823
26.20000 -58.31279 0.02846
26.25000 -58.31434 0.03340
26.30000 -58.31593 0.03363
26.35000 -58.31503 0.03541
26.40000 -58.31246 0.03615
26.45000 -58.31043 0.03843
26.50000 -58.31372 0.03837
26.55000 -58.31416 0.03959
26.60000 -58.31666 0.04280
26.65000 -58.31833 0.03744
26.70000 -58.31216 0.03356
26.75000 -58.31301 0.03451
26.80000 -58.30882 0.04039
26.85000 -58.31851 0.03881
26.90000 -58.31404 0.03167
26.95000 -58.31614 0.02834
27.00000 -58.31026 0.03784
27.05000 -58.31070 0.03714
27.10000 -58.31145 0.03312
27.15000 -58.31867 0.03881
27.20000 -58.31773 0.03578
27.25000 -58.32038 0.04011
27.30000 -58.32310 0.04062
27.35000 -58.31982 0.04427
27.40000 -58.32010 0.03748
27.45000 -58.31799 0.03639
27.50000 -58.31805 0.03749
27.55000 -58.32066 0.03245
27.60000 -58.32043 0.03053
27.65000 -58.31696 0.02659
27.70000 -58.32164 0.03458
27.75000 -58.32389 0.03234
27.80000 -58.32200 0.03334
27.85000 -58.32630 0.03427
27.90000 -58.32594 0.03856
27.95000 -58.32922 0.03752
28.00000 -58.32995 0.04026
28.05000 -58.32781 0.03272
28.10000 -58.32990 0.03455
28.15000 -58.33054 0.02988
28.20000 -58.33341 0.03122
28.25000 -58.33272 0.02501
28.30000 -58.32845 0.02131
28.35000 -58.32903 0.02540
28.40000 -58.33384 0.03043
28.45000 -58.33039 0.02543
28.50000 -58.33221 0.01783
28.55000 -58.33319 0.02657
28.60000 -58.33240 0.02281
28.65000 -58.33396 0.02415
28.70000 -58.33622 0.02437
28.75000 -58.33101 0.02152
28.80000 -58.33148 0.01986
28.85000 -58.33551 0.02427
28.90000 -58.33751 0.02908
28.95000 -58.33156 0.02732
29.00000 -58.33351 0.02785
29.05000 -58.33059 0.02237
29.10000 -58.33854 0.03704
29.15000 -58.33694 0.02925
29.20000 -58.33669 0.02819
29.25000 -58.33430 0.02462
29.30000 -58.33227 0.02227
29.35000 -58.33489 0.02892
29.40000 -58.33631 0.02815
29.45000 -58.33691 0.03087
29.50000 -58.34401 0.03258
29.55000 -58.33917 0.03165
29.60000 -58.34019 0.03501
29.65000 -58.34179 0.03584
29.70000 -58.33821 0.03486
29.75000 -58.33822 0.03617
29.80000 -58.33722 0.03320
29.85000 -58.33908 0.03412
29.90000 -58.33742 0.03037
29.95000 -58.33811 0.03264
30.00000 -58.34018 0.03445
30.05000 -58.33895 0.02824
30.10000 -58.33758 0.03451
30.15000 -58.33781 0.03291
30.20000 -58.33841 0.03999
30.25000 -58.33708 0.02894
30.30000 -58.33603 0.02826
30.35000 -58.33806 0.03549
30.40000 -58.33584 0.03198
30.45000 -58.33934 0.04489
30.50000 -58.33850 0.03830
30.55000 -58.33392 0.03724
30.60000 -58.33293 0.03909
30.65000 -58.33473 0.03225
30.70000 -58.33417 0.03247
30.75000 -58.33630 0.03183
30.80000 -58.33401 0.03501
30.85000 -58.33619 0.03754
30.90000 -58.33892 0.03799
30.95000 -58.33471 0.03973
31.00000 -58.33436 0.03800
31.05000 -58.34109 0.04439
31.10000 -58.33571 0.03464
31.15000 -58.33945 0.03976
31.20000 -58.33898 0.04137
31.25000 -58.33930 0.03537
31.30000 -58.34122 0.04311
31.35000 -58.33866 0.03718
31.40000 -58.33358 0.02499
31.45000 -58.33582 0.03109
31.50000 -58.33870 0.03739
31.55000 -58.33656 0.04001
31.60000 -58.33826 0.03962
31.65000 -58.34052 0.03802
31.70000 -58.33635 0.03831
31.75000 -58.34022 0.04378
31.80000 -58.33778 0.03615
31.85000 -58.33589 0.03498
31.90000 -58.33550 0.04230
31.95000 -58.33768 0.04048
32.00000 -58.33823 0.03941
32.05000 -58.34461 0.05428
32.10000 -58.34028 0.04125
32.15000 -58.34024 0.04356
32.20000 -58.34216 0.04454
32.25000 -58.34593 0.05032
32.30000 -58.34354 0.04802
32.35000 -58.33885 0.04089
32.40000 -58.33912 0.03537
32.45000 -58.34185 0.04785
32.50000 -58.34024 0.04260
32.55000 -58.33774 0.03868
32.60000 -58.33689 0.03646
32.65000 -58.33520 0.03437
32.70000 -58.33781 0.04075
32.75000 -58.33287 0.04313
32.80000 -58.33582 0.04302
32.85000 -58.33394 0.03532
32.90000 -58.33652 0.04009
32.95000 -58.34048 0.04505
33.00000 -58.33730 0.04303
33.05000 -58.33824 0.04539
33.10000 -58.33914 0.04125
33.15000 -58.33389 0.03565
33.20000 -58.33589 0.03232
33.25000 -58.33312 0.03556
33.30000 -58.33248 0.03760
33.35000 -58.33702 0.04455
33.40000 -58.33322 0.03633
33.45000 -58.32897 0.03066
33.50000 -58.33015 0.03048
33.55000 -58.33322 0.04085
33.60000 -58.33673 0.04158
33.65000 -58.33347 0.03974
33.70000 -58.32893 0.03738
33.75000 -58.32899 0.02923
33.80000 -58.32932 0.03348
33.85000 -58.32973 0.04096
33.90000 -58.32732 0.03028
33.95000 -58.33085 0.03326
34.00000 -58.33404 0.03653
34.05000 -58.33626 0.04216
34.10000 -58.33382 0.03750
34.15000 -58.33344 0.03349
34.20000 -58.33337 0.03503
34.25000 -58.33506 0.03306
34.30000 -58.33626 0.03449
34.35000 -58.33845 0.04044
34.40000 -58.33529 0.03254
34.45000 -58.33624 0.03561
34.50000 -58.33350 0.03811
34.55000 -58.32911 0.02770
34.60000 -58.32698 0.02718
34.65000 -58.33144 0.03303
34.70000 -58.33480 0.03006
34.75000 -58.33612 0.03096
34.80000 -58.33415 0.02978
34.85000 -58.33637 0.03484
34.90000 -58.33837 0.03451
34.95000 -58.33397 0.02809
35.00000 -58.33351 0.02427
35.05000 -58.33236 0.03198
35.10000 -58.33793 0.02961
35.15000 -58.33702 0.02844
35.20000 -58.33719 0.02517
35.25000 -58.33582 0.02534
35.30000 -58.33575 0.02631
35.35000 -58.33936 0.03024
35.40000 -58.33547 0.02243
35.45000 -58.33505 0.02820
35.50000 -58.33504 0.02482
35.55000 -58.33565 0.02590
35.60000 -58.33478 0.02912
35.65000 -58.33449 0.02479
35.70000 -58.33421 0.02274
35.75000 -58.33438 0.02338
35.80000 -58.33390 0.03358
35.85000 -58.33207 0.03981
35.90000 -58.33143 0.02899
35.95000 -58.32978 0.03380
36.00000 -58.33108 0.03263
36.05000 -58.33086 0.02690
36.10000 -58.32689 0.03173
36.15000 -58.32921 0.02549
36.20000 -58.33123 0.02989
36.25000 -58.33215 0.02964
36.30000 -58.33326 0.02996
36.35000 -58.33491 0.02610
36.40000 -58.33295 0.03439
36.45000 -58.33168 0.03212
36.50000 -58.33516 0.03038
36.55000 -58.33178 0.02920
36.60000 -58.33428 0.02477
36.65000 -58.33282 0.02385
36.70000 -58.33435 0.03055
36.75000 -58.33684 0.03287
36.80000 -58.33149 0.02507
36.85000 -58.33093 0.02724
36.90000 -58.33452 0.02497
36.95000 -58.33362 0.03426
37.00000 -58.33486 0.03354
37.05000 -58.33551 0.02763
37.10000 -58.33693 0.03866
37.15000 -58.33065 0.03811
37.20000 -58.33197 0.03562
37.25000 -58.33624 0.03092
37.30000 -58.33871 0.03620
37.35000 -58.33049 0.03533
37.40000 -58.33377 0.03659
37.45000 -58.33176 0.04031
37.50000 -58.32936 0.03633
37.55000 -58.32955 0.03202
37.60000 -58.32993 0.03448
37.65000 -58.33210 0.02783
37.70000 -58.33176 0.03669
37.75000 -58.33227 0.03341
37.80000 -58.33221 0.03683
37.85000 -58.33372 0.03902
37.90000 -58.32786 0.03642
37.95000 -58.32516 0.03433
38.00000 -58.32575 0.03370
38.05000 -58.32731 0.03240
38.10000 -58.32982 0.02957
38.15000 -58.33043 0.03160
38.20000 -58.32852 0.02448
38.25000 -58.32807 0.03249
38.30000 -58.32993 0.03132
38.35000 -58.32598 0.03620
38.40000 -58.32799 0.03324
38.45000 -58.32780 0.03281
38.50000 -58.32943 0.04308
38.55000 -58.32393 0.03472
38.60000 -58.32336 0.04009
38.65000 -58.32364 0.03927
38.70000 -58.32517 0.03036
38.75000 -58.32672 0.04164
38.80000 -58.32361 0.03947
38.85000 -58.32739 0.03117
38.90000 -58.32283 0.04330
38.95000 -58.32155 0.03053
39.00000 -58.32753 0.04049
39.05000 -58.32384 0.03667
39.10000 -58.32225 0.03870
39.15000 -58.32952 0.03759
39.20000 -58.32871 0.03599
39.25000 -58.32669 0.03415
39.30000 -58.33141 0.03237
39.35000 -58.33274 0.03828
39.40000 -58.32983 0.03839
39.45000 -58.32314 0.03493
39.50000 -58.32266 0.03915
39.55000 -58.32865 0.03516
39.60000 -58.32719 0.03785
39.65000 -58.32939 0.03258
39.70000 -58.32437 0.03473
39.75000 -58.33163 0.03428
39.80000 -58.32921 0.03208
39.85000 -58.32685 0.02675
39.90000 -58.32547 0.02076
39.95000 -58.32795 0.02919
40.00000 -58.32513 0.02605
40.05000 -58.32875 0.02441
40.10000 -58.32625 0.02919
40.15000 -58.32764 0.02657
40.20000 -58.32176 0.02411
40.25000 -58.32068 0.02776
40.30000 -58.32098 0.02109
40.35000 -58.32056 0.02626
40.40000 -58.32062 0.02354
40.45000 -58.32221 0.02713
40.50000 -58.32010 0.02951
40.55000 -58.32263 0.02702
40.60000 -58.32564 0.02960
40.65000 -58.32359 0.03491
40.70000 -58.32569 0.02760
40.75000 -58.32315 0.03198
40.80000 -58.32114 0.03147
40.85000 -58.32453 0.02874
40.90000 -58.32329 0.02144
40.95000 -58.32026 0.02456
41.00000 -58.32296 0.02483
41.05000 -58.32266 0.02141
41.10000 -58.32206 0.02156
41.15000 -58.32428 0.02207
41.20000 -58.32589 0.02310
41.25000 -58.32212 0.01952
41.30000 -58.31961 0.01717
41.35000 -58.31812 0.02163
41.40000 -58.31934 0.02340
41.45000 -58.32122 0.01733
41.50000 -58.31922 0.02008
41.55000 -58.32053 0.01829
41.60000 -58.32661 0.02222
41.65000 -58.32458 0.02864
41.70000 -58.32119 0.02900
41.75000 -58.32426 0.02830
41.80000 -58.32341 0.02518
41.85000 -58.32271 0.02404
41.90000 -58.32586 0.02535
41.95000 -58.32869 0.02566
42.00000 -58.32924 0.02321
42.05000 -58.32663 0.02774
42.10000 -58.32467 0.02304
42.15000 -58.33218 0.02424
42.20000 -58.32981 0.03075
42.25000 -58.32770 0.02338
42.30000 -58.32991 0.02611
42.35000 -58.32946 0.01997
42.40000 -58.33491 0.02863
42.45000 -58.33619 0.02852
42.50000 -58.33274 0.02053
42.55000 -58.33091 0.02569
42.60000 -58.33030 0.02269
42.65000 -58.33012 0.01844
42.70000 -58.32947 0.01589
42.75000 -58.32808 0.01861
42.80000 -58.32682 0.01452
42.85000 -58.33021 0.01941
42.90000 -58.32762 0.02175
42.95000 -58.32635 0.01393
43.00000 -58.32875 0.02395
43.05000 -58.32843 0.02113
43.10000 -58.32810 0.02548
43.15000 -58.32849 0.02984
43.20000 -58.32867 0.02363
43.25000 -58.33031 0.02963
43.30000 -58.32738 0.02885
43.35000 -58.32455 0.02021
43.40000 -58.32343 0.02072
43.45000 -58.32487 0.02389
43.50000 -58.32587 0.03279
43.55000 -58.32383 0.02546
43.60000 -58.32416 0.02983
43.65000 -58.32669 0.02166
43.70000 -58.32779 0.02830
43.75000 -58.32431 0.02931
43.80000 -58.32328 0.02829
43.85000 -58.32865 0.03303
43.90000 -58.32231 0.03108
43.95000 -58.32454 0.03211
44.00000 -58.31946 0.02885
44.05000 -58.32539 0.03237
44.10000 -58.32475 0.03013
44.15000 -58.32285 0.02923
44.20000 -58.32371 0.03610
44.25000 -58.32067 0.02475
44.30000 -58.32118 0.03326
44.35000 -58.32511 0.03151
44.40000 -58.32370 0.02667
44.45000 -58.32702 0.02389
44.50000 -58.32742 0.02995
44.55000 -58.32515 0.02163
44.60000 -58.32398 0.03272
44.65000 -58.33075 0.02776
44.70000 -58.32716 0.02090
44.75000 -58.32621 0.01885
44.80000 -58.32874 0.02092
44.85000 -58.32650 0.03267
44.90000 -58.32640 0.02162
44.95000 -58.32611 0.02490
45.00000 -58.32352 0.02596
45.05000 -58.32238 0.01709
45.10000 -58.32512 0.02351
45.15000 -58.32715 0.01347
45.20000 -58.32619 0.02105
45.25000 -58.32845 0.01454
45.30000 -58.33041 0.01284
45.35000 -58.33212 0.02605
45.40000 -58.32875 0.02636
45.45000 -58.33164 0.02111
45.50000 -58.33067 0.01866
45.55000 -58.32936 0.02075
45.60000 -58.32942 0.01971
45.65000 -58.32840 0.02085
45.70000 -58.33041 0.02031
45.75000 -58.33212 0.02104
45.80000 -58.32944 0.01159
45.85000 -58.33237 0.01671
45.90000 -58.33023 0.01282
45.95000 -58.33482 0.01286
46.00000 -58.33143 0.01699
46.05000 -58.33062 0.01825
46.10000 -58.33179 0.01303
46.15000 -58.33370 0.01284
46.20000 -58.33142 0.00956
46.25000 -58.33386 0.01172
46.30000 -58.33246 0.00938
46.35000 -58.33248 0.00989
46.40000 -58.32989 0.01303
46.45000 -58.32695 0.01373
46.50000 -58.32987 0.01169
46.55000 -58.33122 0.01034
46.60000 -58.33367 0.01338
46.65000 -58.32845 0.01223
46.70000 -58.32824 0.01820
46.75000 -58.33263 0.01873
46.80000 -58.33697 0.02361
46.85000 -58.33117 0.02099
46.90000 -58.32800 0.01592
46.95000 -58.33418 0.02000
47.00000 -58.33613 0.01693
47.05000 -58.33457 0.01237
47.10000 -58.33914 0.02204
47.15000 -58.33724 0.01531
47.20000 -58.33450 0.01462
47.25000 -58.33701 0.02374
47.30000 -58.33371 0.01838
47.35000 -58.33453 0.01680
47.40000 -58.33620 0.01656
47.45000 -58.33426 0.01330
47.50000 -58.33536 0.01541
47.55000 -58.33173 0.01151
47.60000 -58.33257 0.01185
47.65000 -58.33453 0.01512
47.70000 -58.33701 0.01513
47.75000 -58.33849 0.01939
47.80000 -58.33825 0.02054
47.85000 -58.33638 0.01864
47.90000 -58.33883 0.02408
47.95000 -58.33881 0.02253
48.00000 -58.33840 0.02271
48.05000 -58.33654 0.01894
48.10000 -58.33436 0.01567
48.15000 -58.33713 0.02481
48.20000 -58.33023 0.02575
48.25000 -58.33241 0.02091
48.30000 -58.33840 0.02247
48.35000 -58.33475 0.02326
48.40000 -58.33196 0.02548
48.45000 -58.33404 0.03255
48.50000 -58.33584 0.03021
48.55000 -58.33693 0.02975
48.60000 -58.32982 0.02880
48.65000 -58.33935 0.02846
48.70000 -58.33923 0.03260
48.75000 -58.33657 0.03073
48.80000 -58.33909 0.03051
48.85000 -58.33590 0.02690
48.90000 -58.33496 0.02564
48.95000 -58.34251 0.02465
49.00000 -58.34214 0.02930
49.05000 -58.33742 0.01917
49.10000 -58.33791 0.01876
49.15000 -58.34256 0.02891
49.20000 -58.33348 0.02165
49.25000 -58.33996 0.03152
49.30000 -58.34248 0.03288
49.35000 -58.33713 0.03079
49.40000 -58.33775 0.02821
49.45000 -58.33746 0.02930
49.50000 -58.33629 0.02666
49.55000 -58.33671 0.03254
49.60000 -58.33798 0.03634
49.65000 -58.33559 0.03786
49.70000 -58.33701 0.03243
49.75000 -58.33815 0.02919
49.80000 -58.34117 0.03513
49.85000 -58.34097 0.03442
49.90000 -58.33784 0.03590
49.95000 -58.33552 0.03241
50.00000 -58.33776 0.03028
50.05000 -58.33926 0.03998
50.10000 -58.34027 0.04115
50.15000 -58.34176 0.04138
50.20000 -58.33590 0.02872
50.25000 -58.33335 0.03147
50.30000 -58.32981 0.03975
50.35000 -58.33716 0.04037
50.40000 -58.33492 0.04301
50.45000 -58.32930 0.03973
50.50000 -58.32520 0.03253
50.55000 -58.32919 0.03941
50.60000 -58.32786 0.03787
50.65000 -58.33443 0.04012
50.70000 -58.33510 0.03147
50.75000 -58.32916 0.03123
50.80000 -58.32935 0.04219
50.85000 -58.33074 0.04324
50.90000 -58.32845 0.04453
50.95000 -58.32858 0.04268
51.00000 -58.32736 0.04233
51.05000 -58.32669 0.04504
51.10000 -58.33149 0.04216
51.15000 -58.33029 0.04073
51.20000 -58.33282 0.04806
51.25000 -58.33085 0.04793
51.30000 -58.32495 0.04333
51.35000 -58.32798 0.04647
51.40000 -58.33166 0.04416
51.45000 -58.33125 0.04712
51.50000 -58.33532 0.04931
51.55000 -58.33486 0.04738
51.60000 -58.33199 0.04493
51.65000 -58.33615 0.04593
51.70000 -58.32902 0.04132
51.75000 -58.33410 0.04174
51.80000 -58.33261 0.05315
51.85000 -58.32996 0.04885
51.90000 -58.33612 0.04320
51.95000 -58.33832 0.04898
52.00000 -58.33872 0.04483
52.05000 -58.33807 0.04675
52.10000 -58.33589 0.05045
52.15000 -58.33308 0.04967
52.20000 -58.33520 0.05447
52.25000 -58.33625 0.05094
52.30000 -58.33589 0.04796
52.35000 -58.33690 0.05449
52.40000 -58.34060 0.05519
52.45000 -58.33708 0.05287
52.50000 -58.33611 0.05510
52.55000 -58.33532 0.05558
52.60000 -58.33528 0.04972
52.65000 -58.33806 0.05382
52.70000 -58.34086 0.06129
52.75000 -58.33509 0.04847
52.80000 -58.33368 0.05186
52.85000 -58.34053 0.05044
52.90000 -58.33779 0.04651
52.95000 -58.33471 0.05290
53.00000 -58.33066 0.05210
53.05000 -58.33730 0.04778
53.10000 -58.33298 0.04900
53.15000 -58.33661 0.05253
53.20000 -58.33531 0.04490
53.25000 -58.33371 0.05488
53.30000 -58.34216 0.05508
53.35000 -58.33945 0.04707
53.40000 -58.33069 0.05430
53.45000 -58.33559 0.05217
53.50000 -58.33629 0.05416
53.55000 -58.33582 0.05533
53.60000 -58.33692 0.05132
53.65000 -58.33785 0.05554
53.70000 -58.33883 0.04844
53.75000 -58.33880 0.04577
53.80000 -58.33543 0.04606
53.85000 -58.33611 0.05628
53.90000 -58.33861 0.05759
53.95000 -58.33632 0.05981
54.00000 -58.33361 0.04676
54.05000 -58.33132 0.05511
54.10000 -58.33174 0.05340
54.15000 -58.33433 0.06062
54.20000 -58.33127 0.06019
54.25000 -58.33447 0.05639
54.30000 -58.33259 0.05830
54.35000 -58.33114 0.05797
54.40000 -58.33266 0.06408
54.45000 -58.33179 0.05576
54.50000 -58.33129 0.05608
54.55000 -58.33170 0.05869
54.60000 -58.33108 0.06254
54.65000 -58.33242 0.06779
54.70000 -58.33268 0.05757
54.75000 -58.33063 0.06242
54.80000 -58.32968 0.05536
54.85000 -58.32579 0.05829
54.90000 -58.32541 0.06053
54.95000 -58.32559 0.05687
55.00000 -58.32968 0.06230
55.05000 -58.33118 0.06546
55.10000 -58.32924 0.05914
55.15000 -58.32577 0.06024
55.20000 -58.32794 0.06019
55.25000 -58.32706 0.05884
55.30000 -58.32920 0.06280
55.35000 -58.32758 0.06204
55.40000 -58.32602 0.05969
55.45000 -58.32776 0.05482
55.50000 -58.32685 0.06124
55.55000 -58.33085 0.06665
55.60000 -58.33076 0.06249
55.65000 -58.33199 0.05801
55.70000 -58.32752 0.05596
55.75000 -58.33390 0.05375
55.80000 -58.33179 0.06031
55.85000 -58.33339 0.06439
55.90000 -58.33176 0.06544
55.95000 -58.33270 0.06500
56.00000 -58.33087 0.06672
56.05000 -58.33342 0.06190
56.10000 -58.33305 0.06099
56.15000 -58.33149 0.06124
56.20000 -58.33455 0.05929
56.25000 -58.33036 0.05085
56.30000 -58.32813 0.05715
56.35000 -58.32724 0.05954
56.40000 -58.32717 0.05890
56.45000 -58.32824 0.05687
56.50000 -58.32776 0.05907
56.55000 -58.32484 0.05757
56.60000 -58.32473 0.05514
56.65000 -58.32706 0.06141
56.70000 -58.32345 0.05912
56.75000 -58.32267 0.05935
56.80000 -58.32332 0.05831
56.85000 -58.32681 0.05804
56.90000 -58.32137 0.06417
56.95000 -58.32145 0.05583
57.00000 -58.32467 0.05853
57.05000 -58.32303 0.05633
57.10000 -58.32403 0.06096
57.15000 -58.32058 0.05417
57.20000 -58.32174 0.05130
57.25000 -58.32526 0.05053
57.30000 -58.31914 0.05858
57.35000 -58.32084 0.05424
57.40000 -58.32065 0.05052
57.45000 -58.31990 0.05024
57.50000 -58.32334 0.05261
57.55000 -58.32328 0.05223
57.60000 -58.32248 0.05370
57.65000 -58.32457 0.06027
57.70000 -58.32477 0.05601
57.75000 -58.32768 0.05589
57.80000 -58.32228 0.05840
57.85000 -58.32343 0.05641
57.90000 -58.32753 0.04463
57.95000 -58.32418 0.05061
58.00000 -58.32426 0.04749
58.05000 -58.32629 0.05276
58.10000 -58.32705 0.04613
58.15000 -58.32762 0.04952
58.20000 -58.32963 0.04784
58.25000 -58.32980 0.04530
58.30000 -58.32982 0.04684
58.35000 -58.32736 0.04469
58.40000 -58.33108 0.04282
58.45000 -58.33295 0.04279
58.50000 -58.33096 0.04015
58.55000 -58.33026 0.04360
58.60000 -58.33424 0.04898
58.65000 -58.33545 0.04733
58.70000 -58.32857 0.04551
58.75000 -58.33225 0.04917
58.80000 -58.33200 0.05761
58.85000 -58.33221 0.04959
58.90000 -58.33071 0.04237
58.95000 -58.33175 0.04614
59.00000 -58.32853 0.04885
59.05000 -58.33174 0.05596
59.10000 -58.33113 0.04927
59.15000 -58.33113 0.04481
59.20000 -58.33170 0.05296
59.25000 -58.32983 0.04942
59.30000 -58.33376 0.05299
59.35000 -58.33426 0.04785
59.40000 -58.33107 0.04838
59.45000 -58.33090 0.05249
59.50000 -58.33141 0.05498
59.55000 -58.33337 0.05474
59.60000 -58.33080 0.05058
59.65000 -58.33309 0.05384
59.70000 -58.33485 0.05475
59.75000 -58.33026 0.04731
59.80000 -58.33367 0.04797
59.85000 -58.33093 0.04877
59.90000 -58.33233 0.05161
59.95000 -58.33256 0.05233
60.00000 -58.33300 0.05397
60.05000 -58.33588 0.05833
60.10000 -58.33427 0.05498
60.15000 -58.33366 0.04894
60.20000 -58.33724 0.05231
60.25000 -58.33550 0.04845
60.30000 -58.33547 0.04129
60.35000 -58.33742 0.04746
60.40000 -58.33598 0.04987
60.45000 -58.33679 0.04280
60.50000 -58.33249 0.04475
60.55000 -58.33570 0.04485
60.60000 -58.33502 0.04516
60.65000 -58.33364 0.04598
60.70000 -58.33699 0.04960
60.75000 -58.33595 0.03888
60.80000 -58.33535 0.04686
60.85000 -58.33775 0.04331
60.90000 -58.33715 0.04856
60.95000 -58.33642 0.05024
61.00000 -58.33506 0.04232
61.05000 -58.33981 0.04887
61.10000 -58.34008 0.05454
61.15000 -58.33383 0.05156
61.20000 -58.33418 0.04353
61.25000 -58.33445 0.03779
61.30000 -58.33053 0.03723
61.35000 -58.33536 0.04460
61.40000 -58.33607 0.04195
61.45000 -58.33580 0.04387
61.50000 -58.33553 0.04622
61.55000 -58.33031 0.04319
61.60000 -58.33472 0.04851
61.65000 -58.33411 0.04407
61.70000 -58.33770 0.04839
61.75000 -58.33395 0.04339
61.80000 -58.32954 0.04542
61.85000 -58.32844 0.04702
61.90000 -58.33271 0.05092
61.95000 -58.33017 0.04784
62.00000 -58.33082 0.05303
62.05000 -58.33126 0.04748
62.10000 -58.32654 0.04901
62.15000 -58.32805 0.04350
62.20000 -58.33204 0.04393
62.25000 -58.32883 0.04306
62.30000 -58.33130 0.04044
62.35000 -58.33109 0.04066
62.40000 -58.33137 0.03973
62.45000 -58.32863 0.04327
62.50000 -58.32668 0.03572
62.55000 -58.32829 0.03694
62.60000 -58.33004 0.03941
62.65000 -58.32961 0.04510
62.70000 -58.32842 0.04222
62.75000 -58.32751 0.03196
62.80000 -58.32572 0.03476
62.85000 -58.32741 0.02998
62.90000 -58.32954 0.03488
62.95000 -58.32761 0.04306
63.00000 -58.32562 0.03593
63.05000 -58.32322 0.03280
63.10000 -58.32748 0.03376
63.15000 -58.32007 0.04101
63.20000 -58.32767 0.03281
63.25000 -58.32906 0.03744
63.30000 -58.32654 0.03435
63.35000 -58.33065 0.03330
63.40000 -58.32761 0.02909
63.45000 -58.33061 0.03485
63.50000 -58.32805 0.04018
63.55000 -58.32851 0.03250
63.60000 -58.32718 0.03461
63.65000 -58.31993 0.03979
63.70000 -58.32374 0.03656
63.75000 -58.32529 0.03182
63.80000 -58.32231 0.03290
63.85000 -58.32470 0.02805
63.90000 -58.32457 0.03395
63.95000 -58.32657 0.03634
64.00000 -58.32317 0.03410
64.05000 -58.32110 0.03547
64.10000 -58.32564 0.03661
64.15000 -58.32750 0.03368
64.20000 -58.32458 0.02822
64.25000 -58.32534 0.02821
64.30000 -58.32466 0.02791
64.35000 -58.32493 0.02769
64.40000 -58.32708 0.02939
64.45000 -58.32909 0.03076
64.50000 -58.32372 0.03301
64.55000 -58.32524 0.03096
64.60000 -58.32458 0.02405
64.65000 -58.33085 0.02999
64.70000 -58.32991 0.02820
64.75000 -58.32686 0.02479
64.80000 -58.32846 0.03302
64.85000 -58.32719 0.02801
64.90000 -58.32677 0.02957
64.95000 -58.33309 0.03794
65.00000 -58.33454 0.03087
65.05000 -58.33291 0.02680
65.10000 -58.33017 0.03096
65.15000 -58.33396 0.02686
65.20000 -58.33324 0.03080
65.25000 -58.33265 0.02736
65.30000 -58.33168 0.02969
65.35000 -58.32996 0.02732
65.40000 -58.32775 0.02086
65.45000 -58.32812 0.02623
65.50000 -58.32967 0.02498
65.55000 -58.32968 0.02059
65.60000 -58.33210 0.02953
65.65000 -58.33197 0.02347
65.70000 -58.33329 0.03017
65.75000 -58.33321 0.02957
65.80000 -58.33359 0.02861
65.85000 -58.33273 0.02635
65.90000 -58.33128 0.03611
65.95000 -58.33290 0.04075
66.00000 -58.33495 0.03059
66.05000 -58.33104 0.02160
66.10000 -58.33178 0.02505
66.15000 -58.33022 0.01806
66.20000 -58.32959 0.02873
66.25000 -58.33231 0.02735
66.30000 -58.32545 0.02474
66.35000 -58.33026 0.02929
66.40000 -58.32637 0.02221
66.45000 -58.32772 0.02187
66.50000 -58.33038 0.02255
66.55000 -58.32797 0.02505
66.60000 -58.32653 0.02393
66.65000 -58.32777 0.01885
66.70000 -58.32621 0.01901
66.75000 -58.33293 0.02300
66.80000 -58.33372 0.02195
66.85000 -58.33496 0.02685
66.90000 -58.33245 0.02655
66.95000 -58.33104 0.02476
67.00000 -58.33087 0.03118
67.05000 -58.33299 0.03419
67.10000 -58.33045 0.03279
67.15000 -58.33167 0.03038
67.20000 -58.33162 0.03213
67.25000 -58.32830 0.02882
67.30000 -58.32701 0.03515
67.35000 -58.32713 0.04187
67.40000 -58.32993 0.03534
67.45000 -58.33013 0.03173
67.50000 -58.33085 0.03358
67.55000 -58.33266 0.03360
67.60000 -58.33242 0.04491
67.65000 -58.32875 0.03597
67.70000 -58.32868 0.03047
67.75000 -58.32951 0.03765
67.80000 -58.33081 0.03334
67.85000 -58.33170 0.03270
67.90000 -58.33270 0.03492
67.95000 -58.33712 0.03777
68.00000 -58.33261 0.04020
68.05000 -58.32675 0.03523
68.10000 -58.32921 0.03751
68.15000 -58.33053 0.03148
68.20000 -58.33353 0.03829
68.25000 -58.33129 0.03195
68.30000 -58.32820 0.02926
68.35000 -58.33070 0.03157
68.40000 -58.33013 0.03144
68.45000 -58.32977 0.02723
68.50000 -58.32936 0.02438
68.55000 -58.32773 0.02920
68.60000 -58.32840 0.02740
68.65000 -58.32990 0.02753
68.70000 -58.33090 0.02290
68.75000 -58.33166 0.02088
68.80000 -58.32738 0.01356
68.85000 -58.32979 0.02192
68.90000 -58.32888 0.01990
68.95000 -58.32550 0.02010
69.00000 -58.32524 0.01573
69.05000 -58.33234 0.02113
69.10000 -58.32719 0.01918
69.15000 -58.32756 0.02545
69.20000 -58.32724 0.02307
69.25000 -58.32745 0.01883
69.30000 -58.33266 0.02436
69.35000 -58.32957 0.02190
69.40000 -58.32610 0.02211
69.45000 -58.32387 0.01770
69.50000 -58.32359 0.02146
69.55000 -58.32306 0.01939
69.60000 -58.31985 0.02076
69.65000 -58.31954 0.02370
69.70000 -58.32340 0.01992
69.75000 -58.32784 0.02443
69.80000 -58.32600 0.02409
69.85000 -58.32431 0.01909
69.90000 -58.32656 0.02325
69.95000 -58.32355 0.02359
70.00000 -58.32014 0.02887
70.05000 -58.32596 0.02357
70.10000 -58.32646 0.02366
70.15000 -58.32029 0.02140
70.20000 -58.32425 0.02760
70.25000 -58.32354 0.02766
70.30000 -58.32046 0.02272
70.35000 -58.32050 0.02343
70.40000 -58.32735 0.02241
70.45000 -58.32271 0.01898
70.50000 -58.31693 0.02137
70.55000 -58.32069 0.01960
70.60000 -58.32269 0.01785
70.65000 -58.32212 0.01973
70.70000 -58.32083 0.01500
70.75000 -58.31937 0.01942
70.80000 -58.31736 0.02087
70.85000 -58.31972 0.02555
70.90000 -58.31454 0.02323
70.95000 -58.31651 0.02055
71.00000 -58.31823 0.02344
71.05000 -58.31926 0.02167
71.10000 -58.31873 0.02154
71.15000 -58.31935 0.01760
71.20000 -58.32223 0.02557
71.25000 -58.32550 0.02202
71.30000 -58.32188 0.01598
71.35000 -58.32087 0.02270
71.40000 -58.32079 0.01938
71.45000 -58.32533 0.02293
71.50000 -58.32458 0.01824
71.55000 -58.32153 0.02341
71.60000 -58.32199 0.02940
71.65000 -58.32460 0.03008
71.70000 -58.32340 0.02896
71.75000 -58.31929 0.03347
71.80000 -58.32475 0.02590
71.85000 -58.32418 0.02781
71.90000 -58.32477 0.02585
71.95000 -58.32826 0.02292
72.00000 -58.32303 0.02144
72.05000 -58.32919 0.01716
72.10000 -58.32488 0.01685
72.15000 -58.32666 0.01646
72.20000 -58.32286 0.02199
72.25000 -58.32731 0.02995
72.30000 -58.32228 0.02748
72.35000 -58.32524 0.02135
72.40000 -58.32859 0.02626
72.45000 -58.32451 0.01875
72.50000 -58.32886 0.02535
72.55000 -58.32841 0.02358
72.60000 -58.32862 0.02346
72.65000 -58.33369 0.03305
72.70000 -58.33150 0.03215
72.75000 -58.33209 0.02384
72.80000 -58.32963 0.02794
72.85000 -58.33214 0.02652
72.90000 -58.33028 0.02155
72.95000 -58.33162 0.02860
73.00000 -58.33124 0.02530
73.05000 -58.33543 0.02826
73.10000 -58.33247 0.03284
73.15000 -58.33470 0.03336
73.20000 -58.33294 0.03347
73.25000 -58.33724 0.03706
73.30000 -58.33760 0.03417
73.35000 -58.33443 0.03741
73.40000 -58.33518 0.03204
73.45000 -58.33266 0.03043
73.50000 -58.33241 0.03045
73.55000 -58.33804 0.03460
73.60000 -58.33533 0.02879
73.65000 -58.32963 0.03642
73.70000 -58.33188 0.02803
73.75000 -58.33326 0.02892
73.80000 -58.33341 0.03811
73.85000 -58.33208 0.02961
73.90000 -58.33420 0.03217
73.95000 -58.32726 0.02287
74.00000 -58.32966 0.02611
74.05000 -58.33216 0.03047
74.10000 -58.33048 0.02935
74.15000 -58.33078 0.02719
74.20000 -58.33692 0.02881
74.25000 -58.33165 0.02857
74.30000 -58.33455 0.03163
74.35000 -58.33348 0.03482
74.40000 -58.33031 0.02859
74.45000 -58.33075 0.03188
74.50000 -58.33453 0.04007
74.55000 -58.33039 0.03484
74.60000 -58.33258 0.04003
74.65000 -58.32736 0.03898
74.70000 -58.32561 0.03542
74.75000 -58.32759 0.04080
74.80000 -58.33308 0.03622
74.85000 -58.33161 0.03426
74.90000 -58.33234 0.03328
74.95000 -58.33435 0.03393
75.00000 -58.33301 0.03652
75.05000 -58.32921 0.03946
75.10000 -58.33000 0.03826
75.15000 -58.33372 0.03510
75.20000 -58.32921 0.02940
75.25000 -58.32717 0.04282
75.30000 -58.32869 0.04002
75.35000 -58.32585 0.03800
75.40000 -58.32491 0.03418
75.45000 -58.32268 0.03441
75.50000 -58.32242 0.03704
75.55000 -58.32700 0.03708
75.60000 -58.32106 0.03314
75.65000 -58.32361 0.03642
75.70000 -58.32522 0.03888
75.75000 -58.32373 0.04318
75.80000 -58.32289 0.03373
75.85000 -58.32372 0.04096
75.90000 -58.32170 0.03846
75.95000 -58.32083 0.03729
76.00000 -58.31841 0.04166
76.05000 -58.31969 0.04207
76.10000 -58.32000 0.04316
76.15000 -58.32350 0.04165
76.20000 -58.31913 0.03427
76.25000 -58.32476 0.03819
76.30000 -58.32765 0.04530
76.35000 -58.32655 0.04736
76.40000 -58.32436 0.04933
76.45000 -58.32327 0.04818
76.50000 -58.32338 0.04450
76.55000 -58.32083 0.04314
76.60000 -58.32195 0.04305
76.65000 -58.31968 0.04122
76.70000 -58.32297 0.03884
76.75000 -58.32293 0.04044
76.80000 -58.32412 0.04511
76.85000 -58.32293 0.04471
76.90000 -58.32013 0.04754
76.95000 -58.31952 0.04687
77.00000 -58.31707 0.04583
77.05000 -58.31996 0.04176
77.10000 -58.32366 0.04212
77.15000 -58.32005 0.03879
77.20000 -58.31851 0.04187
77.25000 -58.31809 0.04027
77.30000 -58.31831 0.03815
77.35000 -58.31808 0.03915
77.40000 -58.31909 0.04145
77.45000 -58.31803 0.03733
77.50000 -58.32088 0.03179
77.55000 -58.31714 0.04525
77.60000 -58.31910 0.04135
77.65000 -58.31900 0.04204
77.70000 -58.31812 0.04605
77.75000 -58.31584 0.04067
77.80000 -58.31334 0.03764
77.85000 -58.31307 0.03680
77.90000 -58.31893 0.03100
77.95000 -58.32149 0.03474
78.00000 -58.31845 0.03418
78.05000 -58.32087 0.04147
78.10000 -58.31685 0.03454
78.15000 -58.31561 0.03136
78.20000 -58.31945 0.03696
78.25000 -58.32082 0.03009
78.30000 -58.32004 0.03951
78.35000 -58.31632 0.03273
78.40000 -58.32093 0.03733
78.45000 -58.31865 0.03451
78.50000 -58.32253 0.02763
78.55000 -58.32356 0.02967
78.60000 -58.32114 0.02984
78.65000 -58.32269 0.02989
78.70000 -58.32541 0.03873
78.75000 -58.32281 0.03949
78.80000 -58.32529 0.03692
78.85000 -58.32175 0.03215
78.90000 -58.32718 0.02721
78.95000 -58.32815 0.02735
79.00000 -58.32632 0.02829
79.05000 -58.32736 0.02799
79.10000 -58.32538 0.03112
79.15000 -58.33141 0.03613
79.20000 -58.33243 0.04214
79.25000 -58.32663 0.03160
79.30000 -58.33248 0.03671
79.35000 -58.33168 0.03800
79.40000 -58.32785 0.04153
79.45000 -58.32579 0.04666
79.50000 -58.33009 0.04583
79.55000 -58.32982 0.04461
79.60000 -58.33081 0.04317
79.65000 -58.32891 0.04336
79.70000 -58.33196 0.04290
79.75000 -58.32769 0.04225
79.80000 -58.33042 0.04357
79.85000 -58.32910 0.04025
79.90000 -58.32683 0.04670
79.95000 -58.32616 0.04009
80.00000 -58.32825 0.04936
80.05000 -58.32759 0.03927
80.10000 -58.32567 0.04460
80.15000 -58.32745 0.04615
80.20000 -58.32928 0.03650
80.25000 -58.33063 0.04366
80.30000 -58.33116 0.04368
80.35000 -58.33040 0.04221
80.40000 -58.32724 0.05249
80.45000 -58.32482 0.05291
80.50000 -58.33024 0.04577
80.55000 -58.32364 0.05177
80.60000 -58.32354 0.05399
80.65000 -58.32526 0.04622
80.70000 -58.32650 0.05608
80.75000 -58.32780 0.04836
80.80000 -58.32804 0.04512
80.85000 -58.32789 0.05020
80.90000 -58.32689 0.05070
80.95000 -58.32965 0.04799
81.00000 -58.33347 0.04565
81.05000 -58.32835 0.04781
81.10000 -58.33319 0.05254
81.15000 -58.33180 0.05858
81.20000 -58.33387 0.05104
81.25000 -58.33309 0.04564
81.30000 -58.33003 0.05042
81.35000 -58.33011 0.04954
81.40000 -58.33005 0.05602
81.45000 -58.32554 0.05627
81.50000 -58.32787 0.05479
81.55000 -58.32419 0.05345
81.60000 -58.32600 0.04082
81.65000 -58.32817 0.04322
81.70000 -58.32852 0.04958
81.75000 -58.32518 0.04488
81.80000 -58.32381 0.04407
81.85000 -58.32645 0.04629
81.90000 -58.32476 0.04253
81.95000 -58.32495 0.04633
82.00000 -58.32809 0.04598
82.05000 -58.32686 0.04703
82.10000 -58.32480 0.05296
82.15000 -58.32814 0.04613
82.20000 -58.32493 0.04794
82.25000 -58.32614 0.04385
82.30000 -58.33047 0.03851
82.35000 -58.32312 0.03688
82.40000 -58.32679 0.04826
82.45000 -58.32741 0.04433
82.50000 -58.32409 0.04493
82.55000 -58.32200 0.03943
82.60000 -58.31779 0.04838
82.65000 -58.31680 0.04754
82.70000 -58.32055 0.04426
82.75000 -58.31867 0.04075
82.80000 -58.32050 0.03504
82.85000 -58.32228 0.04060
82.90000 -58.32228 0.05026
82.95000 -58.32586 0.04573
83.00000 -58.31882 0.04155
83.05000 -58.31547 0.04451
83.10000 -58.32009 0.04423
83.15000 -58.32219 0.04438
83.20000 -58.32034 0.04286
83.25000 -58.32403 0.04772
83.30000 -58.32363 0.05279
83.35000 -58.32678 0.04439
83.40000 -58.32437 0.04843
83.45000 -58.32313 0.04402
83.50000 -58.32010 0.05115
83.55000 -58.32311 0.04974
83.60000 -58.32100 0.04821
83.65000 -58.32193 0.04466
83.70000 -58.32132 0.04357
83.75000 -58.32415 0.05239
83.80000 -58.32169 0.05152
83.85000 -58.32516 0.05239
83.90000 -58.32204 0.04793
83.95000 -58.32202 0.04746
84.00000 -58.32320 0.04914
84.05000 -58.32442 0.04754
84.10000 -58.32404 0.04303
84.15000 -58.32086 0.04286
84.20000 -58.32405 0.04496
84.25000 -58.32410 0.04889
84.30000 -58.32333 0.04711
84.35000 -58.32380 0.04807
84.40000 -58.32605 0.04841
84.45000 -58.32277 0.05018
84.50000 -58.32195 0.04563
84.55000 -58.32108 0.04679
84.60000 -58.32367 0.04316
84.65000 -58.32907 0.04591
84.70000 -58.32783 0.04505
84.75000 -58.32447 0.04479
84.80000 -58.32535 0.04858
84.85000 -58.32811 0.04558
84.90000 -58.32612 0.05442
84.95000 -58.32379 0.05592
85.00000 -58.32482 0.04597
85.05000 -58.32168 0.05675
85.10000 -58.32614 0.05342
85.15000 -58.32387 0.05085
85.20000 -58.32545 0.05583
85.25000 -58.32143 0.05078
85.30000 -58.32138 0.05013
85.35000 -58.32356 0.05506
85.40000 -58.31904 0.06055
85.45000 -58.32011 0.06565
85.50000 -58.32020 0.06203
85.55000 -58.32197 0.04993
85.60000 -58.32325 0.05775
85.65000 -58.32202 0.05415
85.70000 -58.32163 0.05323
85.75000 -58.32141 0.05301
85.80000 -58.32429 0.04794
85.85000 -58.32489 0.05196
85.90000 -58.32547 0.04733
85.95000 -58.32455 0.04394
86.00000 -58.32368 0.04567
86.05000 -58.32204 0.04959
86.10000 -58.32231 0.04698
86.15000 -58.32330 0.04760
86.20000 -58.32089 0.05292
86.25000 -58.32189 0.04132
86.30000 -58.32411 0.04414
86.35000 -58.32405 0.04670
86.40000 -58.32104 0.04830
86.45000 -58.32279 0.03746
86.50000 -58.31909 0.04406
86.55000 -58.31868 0.04401
86.60000 -58.31819 0.04924
86.65000 -58.31921 0.04271
86.70000 -58.32457 0.04264
86.75000 -58.32748 0.04728
86.80000 -58.32299 0.04433
86.85000 -58.32418 0.05336
86.90000 -58.32541 0.05231
86.95000 -58.32681 0.04926
87.00000 -58.32323 0.05268
87.05000 -58.32280 0.04985
87.10000 -58.32542 0.04773
87.15000 -58.32078 0.04835
87.20000 -58.32197 0.04655
87.25000 -58.32610 0.05067
87.30000 -58.32580 0.04946
87.35000 -58.32611 0.05081
87.40000 -58.32420 0.05213
87.45000 -58.32103 0.04452
87.50000 -58.32014 0.05885
87.55000 -58.32089 0.05447
87.60000 -58.31808 0.05225
87.65000 -58.31385 0.05206
87.70000 -58.32094 0.05079
87.75000 -58.31375 0.05264
87.80000 -58.31634 0.05377
87.85000 -58.31506 0.04995
87.90000 -58.32164 0.04545
87.95000 -58.31897 0.05164
88.00000 -58.31958 0.05162
88.05000 -58.32068 0.04853
88.10000 -58.32120 0.04641
88.15000 -58.32081 0.04603
88.20000 -58.32015 0.05015
88.25000 -58.32042 0.04428
88.30000 -58.32216 0.04140
88.35000 -58.32055 0.04334
88.40000 -58.32023 0.04614
88.45000 -58.31987 0.04379
88.50000 -58.31945 0.04549
88.55000 -58.31427 0.04894
88.60000 -58.31480 0.04503
88.65000 -58.31636 0.05490
88.70000 -58.31905 0.05497
88.75000 -58.31879 0.04833
88.80000 -58.31453 0.04897
88.85000 -58.31910 0.04536
88.90000 -58.31792 0.05014
88.95000 -58.31899 0.04983
89.00000 -58.31574 0.05362
89.05000 -58.31456 0.04728
89.10000 -58.31742 0.05314
89.15000 -58.31624 0.05681
89.20000 -58.31689 0.04899
89.25000 -58.31917 0.04579
89.30000 -58.31967 0.05234
89.35000 -58.31323 0.04181
89.40000 -58.32036 0.04080
89.45000 -58.31723 0.04446
89.50000 -58.31534 0.04682
89.55000 -58.32354 0.03819
89.60000 -58.32296 0.03746
89.65000 -58.31734 0.04178
89.70000 -58.31456 0.04029
89.75000 -58.31646 0.03944
89.80000 -58.31945 0.03748
89.85000 -58.32135 0.03937
89.90000 -58.31738 0.04426
89.95000 -58.31698 0.03983
90.00000 -58.31631 0.04598
90.05000 -58.31534 0.03620
90.10000 -58.31458 0.03612
90.15000 -58.31588 0.04206
90.20000 -58.31730 0.04059
90.25000 -58.31671 0.04192
90.30000 -58.31517 0.04159
90.35000 -58.31447 0.03776
90.40000 -58.31076 0.04500
90.45000 -58.31251 0.05012
90.50000 -58.30681 0.04713
90.55000 -58.31210 0.03194
90.60000 -58.31380 0.03267
90.65000 -58.31820 0.03911
90.70000 -58.31710 0.03648
90.75000 -58.31361 0.03842
90.80000 -58.31623 0.03570
90.85000 -58.31598 0.03894
90.90000 -58.31245 0.03828
90.95000 -58.31744 0.03891
91.00000 -58.31681 0.04126
91.05000 -58.31382 0.04811
91.10000 -58.31405 0.04834
91.15000 -58.31446 0.04732
91.20000 -58.31842 0.04433
91.25000 -58.31914 0.04532
91.30000 -58.31454 0.04486
91.35000 -58.31563 0.04202
91.40000 -58.31302 0.04712
91.45000 -58.31385 0.04302
91.50000 -58.31956 0.04549
91.55000 -58.31944 0.04613
91.60000 -58.32291 0.04847
91.65000 -58.31975 0.04436
91.70000 -58.31854 0.05277
91.75000 -58.31882 0.05152
91.80000 -58.32086 0.05465
91.85000 -58.31997 0.05433
91.90000 -58.32162 0.04884
91.95000 -58.31878 0.05524
92.00000 -58.31797 0.04589
92.05000 -58.31552 0.06050
92.10000 -58.31880 0.04979
92.15000 -58.32173 0.04612
92.20000 -58.32072 0.05340
92.25000 -58.32550 0.04401
92.30000 -58.32661 0.04196
92.35000 -58.32300 0.03986
92.40000 -58.32069 0.04182
92.45000 -58.31591 0.04135
92.50000 -58.32390 0.04174
92.55000 -58.32067 0.04520
92.60000 -58.32190 0.04728
92.65000 -58.31972 0.04722
92.70000 -58.31874 0.04620
92.75000 -58.32238 0.04208
92.80000 -58.32145 0.04254
92.85000 -58.32525 0.04080
92.90000 -58.32358 0.04229
92.95000 -58.32328 0.04152
93.00000 -58.31953 0.04280
93.05000 -58.32634 0.04811
93.10000 -58.32464 0.05268
93.15000 -58.32354 0.04410
93.20000 -58.32492 0.04859
93.25000 -58.32298 0.04514
93.30000 -58.32223 0.04870
93.35000 -58.32442 0.03936
93.40000 -58.32318 0.04301
93.45000 -58.32270 0.04004
93.50000 -58.32409 0.03950
93.55000 -58.31818 0.04054
93.60000 -58.32166 0.03885
93.65000 -58.32596 0.03925
93.70000 -58.32347 0.03556
93.75000 -58.32100 0.04414
93.80000 -58.32464 0.04046
93.85000 -58.32119 0.04775
93.90000 -58.32464 0.04473
93.95000 -58.32388 0.03892
94.00000 -58.32517 0.04265
94.05000 -58.33028 0.03737
94.10000 -58.32560 0.04867
94.15000 -58.32217 0.04316
94.20000 -58.32398 0.04039
94.25000 -58.32633 0.05496
94.30000 -58.32792 0.04252
94.35000 -58.32463 0.04143
94.40000 -58.32510 0.04271
94.45000 -58.32517 0.03859
94.50000 -58.32520 0.04620
94.55000 -58.32568 0.03813
94.60000 -58.32403 0.03401
94.65000 -58.32404 0.04235
94.70000 -58.32609 0.03586
94.75000 -58.33002 0.03629
94.80000 -58.32354 0.03689
94.85000 -58.32630 0.04098
94.90000 -58.32595 0.03792
94.95000 -58.32864 0.03794
95.00000 -58.32553 0.04188
95.05000 -58.32760 0.04182
95.10000 -58.32567 0.04299
95.15000 -58.32853 0.03952
95.20000 -58.32577 0.03313
95.25000 -58.32700 0.04389
95.30000 -58.32733 0.04204
95.35000 -58.32615 0.04118
95.40000 -58.32707 0.03984
95.45000 -58.33402 0.04231
95.50000 -58.32300 0.05070
95.55000 -58.32684 0.04646
95.60000 -58.32517 0.05406
95.65000 -58.32479 0.04967
95.70000 -58.32593 0.05023
95.75000 -58.33097 0.04917
95.80000 -58.33021 0.04525
95.85000 -58.32882 0.04681
95.90000 -58.32970 0.05579
95.95000 -58.33113 0.05500
96.00000 -58.32935 0.04733
96.05000 -58.32956 0.05222
96.10000 -58.32672 0.05415
96.15000 -58.32670 0.05031
96.20000 -58.32516 0.05158
96.25000 -58.32129 0.04691
96.30000 -58.32480 0.04793
96.35000 -58.32379 0.05513
96.40000 -58.32332 0.04943
96.45000 -58.32139 0.04276
96.50000 -58.32486 0.05261
96.55000 -58.32546 0.04905
96.60000 -58.32314 0.04404
96.65000 -58.32247 0.04982
96.70000 -58.32401 0.05279
96.75000 -58.32123 0.04638
96.80000 -58.32478 0.04800
96.85000 -58.32853 0.04605
96.90000 -58.32510 0.04418
96.95000 -58.32530 0.04124
97.00000 -58.32384 0.04566
97.05000 -58.32302 0.04472
97.10000 -58.32601 0.04483
97.15000 -58.32499 0.04360
97.20000 -58.32775 0.03702
97.25000 -58.32843 0.04075
97.30000 -58.32543 0.04223
97.35000 -58.32910 0.03674
97.40000 -58.32378 0.04319
97.45000 -58.32527 0.04032
97.50000 -58.32762 0.03699
97.55000 -58.32811 0.03932
97.60000 -58.33091 0.03238
97.65000 -58.32787 0.03410
97.70000 -58.32825 0.03561
97.75000 -58.32910 0.03733
97.80000 -58.32789 0.03925
97.85000 -58.32937 0.03905
97.90000 -58.32916 0.03445
97.95000 -58.32975 0.04281
98.00000 -58.33443 0.03704
98.05000 -58.33185 0.03642
98.10000 -58.33266 0.03428
98.15000 -58.33058 0.03852
98.20000 -58.33124 0.03100
98.25000 -58.33320 0.03378
98.30000 -58.33075 0.03337
98.35000 -58.32929 0.02706
98.40000 -58.33117 0.03196
98.45000 -58.32993 0.02908
98.50000 -58.33164 0.02875
98.55000 -58.33047 0.02746
98.60000 -58.33294 0.02939
98.65000 -58.33734 0.02550
98.70000 -58.33575 0.02421
98.75000 -58.33515 0.03555
98.80000 -58.33287 0.02621
98.85000 -58.32928 0.02514
98.90000 -58.33164 0.03002
98.95000 -58.33188 0.02567
99.00000 -58.33518 0.03124
99.05000 -58.33182 0.02686
99.10000 -58.33832 0.02815
99.15000 -58.33415 0.02328
99.20000 -58.33405 0.02606
99.25000 -58.33581 0.03522
99.30000 -58.33017 0.03339
99.35000 -58.33628 0.03464
99.40000 -58.33822 0.03474
99.45000 -58.33851 0.03393
99.50000 -58.33911 0.03283
99.55000 -58.33931 0.03717
99.60000 -58.33793 0.03608
99.65000 -58.33904 0.03359
99.70000 -58.33679 0.03955
99.75000 -58.33849 0.03630
99.80000 -58.33812 0.04379
99.85000 -58.33997 0.04006
99.90000 -58.33979 0.04021
99.95000 -58.33875 0.03037
100.00000 -58.33488 0.03107
100.05000 -58.34060 0.03769
100.10000 -58.34119 0.04262
100.15000 -58.34606 0.04733
100.20000 -58.34425 0.03437
100.25000 -58.34244 0.03709
100.30000 -58.34171 0.04057
100.35000 -58.34447 0.03911
100.40000 -58.34033 0.03465
100.45000 -58.34388 0.03773
100.50000 -58.34401 0.03917
100.55000 -58.34349 0.03901
100.60000 -58.34394 0.04063
100.65000 -58.34465 0.03758
100.70000 -58.35064 0.04772
100.75000 -58.34527 0.04761
100.80000 -58.34540 0.04137
100.85000 -58.34550 0.04212
100.90000 -58.34163 0.04074
100.95000 -58.34119 0.04266
101.00000 -58.33834 0.03971
101.05000 -58.33860 0.03565
101.10000 -58.33935 0.04208
101.15000 -58.34199 0.03763
101.20000 -58.34514 0.04061
101.25000 -58.34312 0.04127
101.30000 -58.34421 0.04079
101.35000 -58.34494 0.04723
101.40000 -58.34667 0.04651
101.45000 -58.34348 0.04100
101.50000 -58.34185 0.03485
101.55000 -58.34659 0.04019
101.60000 -58.34886 0.03803
101.65000 -58.34908 0.03926
101.70000 -58.34649 0.03336
101.75000 -58.34411 0.03212
101.80000 -58.34373 0.03326
101.85000 -58.34712 0.03517
101.90000 -58.34736 0.03650
101.95000 -58.34735 0.03759
102.00000 -58.34533 0.03040
102.05000 -58.34995 0.04010
102.10000 -58.35182 0.04255
102.15000 -58.34929 0.03468
102.20000 -58.34683 0.03214
102.25000 -58.34959 0.03779
102.30000 -58.34862 0.03679
102.35000 -58.34803 0.04125
102.40000 -58.34704 0.03748
102.45000 -58.34510 0.03307
102.50000 -58.34736 0.03491
102.55000 -58.35002 0.04298
102.60000 -58.35039 0.04144
102.65000 -58.34575 0.03580
102.70000 -58.34438 0.03621
102.75000 -58.35276 0.04216
102.80000 -58.35510 0.04915
102.85000 -58.35080 0.04603
102.90000 -58.35207 0.04765
102.95000 -58.35060 0.04212
103.00000 -58.34929 0.04211
103.05000 -58.34729 0.03781
103.10000 -58.34587 0.03633
103.15000 -58.34503 0.03957
103.20000 -58.35013 0.04557
103.25000 -58.34778 0.04554
103.30000 -58.34678 0.04199
103.35000 -58.34791 0.03939
103.40000 -58.35068 0.04587
103.45000 -58.35108 0.04472
103.50000 -58.34502 0.03951
103.55000 -58.35084 0.05003
103.60000 -58.34789 0.04478
103.65000 -58.35135 0.05196
103.70000 -58.34855 0.04585
103.75000 -58.34948 0.04523
103.80000 -58.34906 0.04805
103.85000 -58.34687 0.04473
103.90000 -58.35240 0.04987
103.95000 -58.35188 0.05077
104.00000 -58.34850 0.04904
104.05000 -58.35246 0.05131
104.10000 -58.34358 0.04285
104.15000 -58.34448 0.04806
104.20000 -58.34748 0.05003
104.25000 -58.35185 0.05405
104.30000 -58.35304 0.05445
104.35000 -58.34686 0.04566
104.40000 -58.34511 0.04562
104.45000 -58.34903 0.05171
104.50000 -58.34753 0.05602
104.55000 -58.34577 0.04998
104.60000 -58.34954 0.05276
104.65000 -58.34648 0.05295
104.70000 -58.34427 0.05286
104.75000 -58.34577 0.05630
104.80000 -58.34762 0.06164
104.85000 -58.34072 0.05456
104.90000 -58.34571 0.05835
104.95000 -58.34336 0.05288
105.00000 -58.34135 0.04928
105.05000 -58.34438 0.04836
105.10000 -58.33914 0.04258
105.15000 -58.34417 0.05581
105.20000 -58.34417 0.05551
105.25000 -58.34123 0.05118
105.30000 -58.34520 0.04780
105.35000 -58.33890 0.04317
105.40000 -58.33759 0.04273
105.45000 -58.34071 0.04837
105.50000 -58.34303 0.05489
105.55000 -58.34313 0.05042
105.60000 -58.34121 0.05046
105.65000 -58.34523 0.05180
105.70000 -58.33925 0.05509
105.75000 -58.34054 0.05277
105.80000 -58.34079 0.04797
105.85000 -58.34283 0.04791
105.90000 -58.34015 0.04319
105.95000 -58.33810 0.04801
106.00000 -58.33504 0.04384
106.05000 -58.33696 0.04252
106.10000 -58.33961 0.04372
106.15000 -58.33529 0.04281
106.20000 -58.33754 0.04479
106.25000 -58.33610 0.03953
106.30000 -58.33900 0.03752
106.35000 -58.33639 0.04163
106.40000 -58.33563 0.03390
106.45000 -58.33853 0.04849
106.50000 -58.33626 0.04893
106.55000 -58.33817 0.04649
106.60000 -58.33561 0.04676
106.65000 -58.33578 0.04857
106.70000 -58.33361 0.04615
106.75000 -58.33268 0.04204
106.80000 -58.32856 0.04556
106.85000 -58.33112 0.04867
106.90000 -58.33299 0.04519
106.95000 -58.32878 0.04158
107.00000 -58.33054 0.04672
107.05000 -58.33248 0.04587
107.10000 -58.33073 0.05023
107.15000 -58.33219 0.03953
107.20000 -58.33318 0.05072
107.25000 -58.33303 0.04509
107.30000 -58.33136 0.04725
107.35000 -58.33126 0.04931
107.40000 -58.32987 0.04872
107.45000 -58.33117 0.04770
107.50000 -58.33110 0.05134
107.55000 -58.33393 0.05380
107.60000 -58.32914 0.04625
107.65000 -58.32895 0.05103
107.70000 -58.32826 0.04885
107.75000 -58.32950 0.04737
107.80000 -58.33274 0.05175
107.85000 -58.33568 0.04833
107.90000 -58.33511 0.04947
107.95000 -58.33522 0.05130
108.00000 -58.33524 0.05291
108.05000 -58.33302 0.04466
108.10000 -58.33157 0.04348
108.15000 -58.33279 0.04912
108.20000 -58.33316 0.04969
108.25000 -58.32907 0.04892
108.30000 -58.32682 0.04876
108.35000 -58.33041 0.04903
108.40000 -58.32788 0.05080
108.45000 -58.32801 0.04916
108.50000 -58.32732 0.05593
108.55000 -58.32546 0.05461
108.60000 -58.32621 0.05327
108.65000 -58.32770 0.05720
108.70000 -58.32859 0.05479
108.75000 -58.32659 0.05395
108.80000 -58.32674 0.05135
108.85000 -58.32868 0.05944
108.90000 -58.32581 0.05277
108.95000 -58.32941 0.05379
109.00000 -58.32932 0.05513
109.05000 -58.33036 0.04608
109.10000 -58.33238 0.05139
109.15000 -58.32825 0.05616
109.20000 -58.32976 0.05569
109.25000 -58.33492 0.05597
109.30000 -58.32830 0.05506
109.35000 -58.33087 0.06287
109.40000 -58.32760 0.05410
109.45000 -58.32544 0.05815
109.50000 -58.32916 0.05930
109.55000 -58.33014 0.05697
109.60000 -58.32808 0.05996
109.65000 -58.33292 0.06858
109.70000 -58.32782 0.05912
109.75000 -58.32793 0.06245
109.80000 -58.32915 0.06864
109.85000 -58.32781 0.06587
109.90000 -58.33035 0.06407
109.95000 -58.33046 0.06305
110.00000 -58.32682 0.06517
110.05000 -58.32589 0.06397
110.10000 -58.32309 0.05920
110.15000 -58.32520 0.06256
110.20000 -58.32269 0.06001
110.25000 -58.32445 0.05709
110.30000 -58.32361 0.06546
110.35000 -58.32574 0.05483
110.40000 -58.32775 0.06093
110.45000 -58.32563 0.05571
110.50000 -58.32417 0.06452
110.55000 -58.32120 0.05755
110.60000 -58.32181 0.05861
110.65000 -58.32812 0.06026
110.70000 -58.32769 0.06335
110.75000 -58.32424 0.05862
110.80000 -58.32317 0.05660
110.85000 -58.32504 0.05712
110.90000 -58.32234 0.05434
110.95000 -58.32501 0.05688
111.00000 -58.32217 0.05550
111.05000 -58.32393 0.06000
111.10000 -58.32805 0.05724
111.15000 -58.32516 0.04955
111.20000 -58.32434 0.04966
111.25000 -58.32227 0.05666
111.30000 -58.32352 0.05522
111.35000 -58.32593 0.05403
111.40000 -58.32751 0.05284
111.45000 -58.32798 0.05601
111.50000 -58.32884 0.05315
111.55000 -58.32678 0.05314
111.60000 -58.32787 0.04894
111.65000 -58.33057 0.04900
111.70000 -58.33070 0.04998
111.75000 -58.33286 0.04690
111.80000 -58.33103 0.04721
111.85000 -58.33475 0.04608
111.90000 -58.33288 0.04651
111.95000 -58.33481 0.05664
112.00000 -58.33380 0.04917
112.05000 -58.33024 0.04067
112.10000 -58.33325 0.04264
112.15000 -58.33142 0.04445
112.20000 -58.32978 0.04274
112.25000 -58.33053 0.04492
112.30000 -58.33247 0.04487
112.35000 -58.33213 0.04514
112.40000 -58.32984 0.05119
112.45000 -58.33149 0.04883
112.50000 -58.33137 0.05028
112.55000 -58.33587 0.03841
112.60000 -58.33163 0.04312
112.65000 -58.33747 0.04849
112.70000 -58.33601 0.04195
112.75000 -58.33149 0.04385
112.80000 -58.32867 0.03857
112.85000 -58.33230 0.04686
112.90000 -58.33294 0.04861
112.95000 -58.33611 0.05069
113.00000 -58.33132 0.04432
113.05000 -58.33056 0.04818
113.10000 -58.33125 0.04823
113.15000 -58.33087 0.03780
113.20000 -58.33217 0.04045
113.25000 -58.33357 0.04092
113.30000 -58.32880 0.03725
113.35000 -58.33204 0.03689
113.40000 -58.33317 0.04190
113.45000 -58.33121 0.04234
113.50000 -58.32978 0.04397
113.55000 -58.33004 0.04451
113.60000 -58.33604 0.03963
113.65000 -58.33533 0.04305
113.70000 -58.33372 0.04222
113.75000 -58.33353 0.04207
113.80000 -58.33410 0.04337
113.85000 -58.33719 0.04213
113.90000 -58.33520 0.03962
113.95000 -58.33482 0.04260
114.00000 -58.33530 0.04453
114.05000 -58.33983 0.04487
114.10000 -58.34055 0.04123
114.15000 -58.33601 0.03918
114.20000 -58.33727 0.04490
114.25000 -58.34135 0.04185
114.30000 -58.34028 0.03914
114.35000 -58.33970 0.03987
114.40000 -58.33837 0.04248
114.45000 -58.33878 0.03964
114.50000 -58.33904 0.04154
114.55000 -58.34272 0.03820
114.60000 -58.33973 0.03870
114.65000 -58.34197 0.04181
114.70000 -58.34453 0.04508
114.75000 -58.33887 0.03880
114.80000 -58.34160 0.04267
114.85000 -58.33918 0.04249
114.90000 -58.33518 0.03918
114.95000 -58.33376 0.04219
115.00000 -58.33662 0.03831
115.05000 -58.34118 0.04271
115.10000 -58.33849 0.04105
115.15000 -58.33894 0.04795
115.20000 -58.33750 0.04422
115.25000 -58.33353 0.03747
115.30000 -58.33413 0.03813
115.35000 -58.33294 0.03317
115.40000 -58.33488 0.03223
115.45000 -58.32948 0.03426
115.50000 -58.33441 0.03726
115.55000 -58.33217 0.03079
115.60000 -58.33085 0.03330
115.65000 -58.33949 0.03488
115.70000 -58.33743 0.04014
115.75000 -58.33701 0.03919
115.80000 -58.33656 0.03299
115.85000 -58.33450 0.03579
115.90000 -58.33253 0.03294
115.95000 -58.33183 0.03451
116.00000 -58.33076 0.03322
116.05000 -58.33583 0.03474
116.10000 -58.33456 0.03418
116.15000 -58.33183 0.02984
116.20000 -58.33464 0.03648
116.25000 -58.33239 0.03839
116.30000 -58.33182 0.03923
116.35000 -58.33032 0.03452
116.40000 -58.32648 0.03391
116.45000 -58.33131 0.03760
116.50000 -58.32903 0.03855
116.55000 -58.33387 0.03979
116.60000 -58.33234 0.03625
116.65000 -58.33058 0.04066
116.70000 -58.33134 0.04134
116.75000 -58.32636 0.03619
116.80000 -58.32989 0.04176
116.85000 -58.33079 0.04215
116.90000 -58.33377 0.04007
116.95000 -58.33093 0.04661
117.00000 -58.32864 0.03921
117.05000 -58.32776 0.03798
117.10000 -58.32267 0.03976
117.15000 -58.32619 0.03648
117.20000 -58.32685 0.04475
117.25000 -58.32349 0.03974
117.30000 -58.32315 0.03916
117.35000 -58.33184 0.03505
117.40000 -58.32767 0.03472
117.45000 -58.33031 0.03138
117.50000 -58.32297 0.03164
117.55000 -58.32898 0.03628
117.60000 -58.32921 0.04187
117.65000 -58.32930 0.03546
117.70000 -58.32594 0.03595
117.75000 -58.32988 0.04031
117.80000 -58.32907 0.03742
117.85000 -58.33224 0.03898
117.90000 -58.33032 0.03972
117.95000 -58.32984 0.03521
118.00000 -58.33109 0.03814
118.05000 -58.33245 0.04059
118.10000 -58.33354 0.03605
118.15000 -58.33315 0.03764
118.20000 -58.32839 0.04055
118.25000 -58.32548 0.03980
118.30000 -58.33128 0.03726
118.35000 -58.33532 0.04406
118.40000 -58.33128 0.03805
118.45000 -58.32897 0.03543
118.50000 -58.32731 0.04022
118.55000 -58.32968 0.03670
118.60000 -58.32891 0.03268
118.65000 -58.33189 0.03597
118.70000 -58.32707 0.04237
118.75000 -58.32921 0.04395
118.80000 -58.32948 0.04135
118.85000 -58.32830 0.04083
118.90000 -58.33021 0.04080
118.95000 -58.32936 0.04159
119.00000 -58.33319 0.04745
119.05000 -58.33004 0.04019
119.10000 -58.33054 0.04386
119.15000 -58.32942 0.04186
119.20000 -58.33292 0.03318
119.25000 -58.33298 0.04443
119.30000 -58.33470 0.03827
119.35000 -58.33067 0.03880
119.40000 -58.33656 0.03642
119.45000 -58.33410 0.03198
119.50000 -58.33293 0.03634
119.55000 -58.33179 0.04387
119.60000 -58.33055 0.03704
119.65000 -58.32946 0.04001
119.70000 -58.32947 0.03406
119.75000 -58.33386 0.03797
119.80000 -58.33258 0.03855
119.85000 -58.33086 0.03439
119.90000 -58.33099 0.03416
119.95000 -58.32817 0.02817
120.00000 -58.32783 0.03169
120.05000 -58.33114 0.03080
120.10000 -58.32989 0.03101
120.15000 -58.32717 0.03531
120.20000 -58.32670 0.02758
120.25000 -58.32603 0.02992
120.30000 -58.32937 0.03360
120.35000 -58.33017 0.02675
120.40000 -58.32919 0.02458
120.45000 -58.32931 0.02544
120.50000 -58.32551 0.02584
120.55000 -58.32831 0.03073
120.60000 -58.32956 0.02840
120.65000 -58.32874 0.02486
120.70000 -58.33127 0.03185
120.75000 -58.32836 0.03616
120.80000 -58.33101 0.03908
120.85000 -58.33405 0.03679
120.90000 -58.33350 0.03493
120.95000 -58.33330 0.03328
121.00000 -58.33216 0.03351
121.05000 -58.32897 0.03108
121.10000 -58.33187 0.03513
121.15000 -58.33018 0.03375
121.20000 -58.33151 0.03161
121.25000 -58.32831 0.03012
121.30000 -58.32799 0.03246
121.35000 -58.32774 0.03362
121.40000 -58.32572 0.03326
121.45000 -58.32494 0.02971
121.50000 -58.32620 0.03239
121.55000 -58.32003 0.02330
121.60000 -58.32142 0.02912
121.65000 -58.32561 0.02627
121.70000 -58.32457 0.02871
121.75000 -58.32405 0.03033
121.80000 -58.32877 0.03401
121.85000 -58.32581 0.03316
121.90000 -58.32654 0.02968
121.95000 -58.33108 0.03038
122.00000 -58.33015 0.03259
122.05000 -58.32939 0.03356
122.10000 -58.32672 0.03034
122.15000 -58.32911 0.03553
122.20000 -58.33010 0.03770
122.25000 -58.33063 0.03601
122.30000 -58.32969 0.03215
122.35000 -58.33392 0.03295
122.40000 -58.32857 0.03512
122.45000 -58.32735 0.03276
122.50000 -58.33108 0.03750
122.55000 -58.33216 0.03911
122.60000 -58.33240 0.04397
122.65000 -58.33401 0.03937
122.70000 -58.33163 0.03666
122.75000 -58.33448 0.03906
122.80000 -58.33240 0.04016
122.85000 -58.33324 0.03694
122.90000 -58.33195 0.04066
122.95000 -58.33269 0.03646
123.00000 -58.33619 0.04297
123.05000 -58.33532 0.04491
123.10000 -58.33553 0.04219
123.15000 -58.33264 0.03543
123.20000 -58.33579 0.03284
123.25000 -58.33590 0.03840
123.30000 -58.33407 0.03439
123.35000 -58.33266 0.03305
123.40000 -58.33507 0.04432
123.45000 -58.33163 0.03866
123.50000 -58.33245 0.03619
123.55000 -58.33149 0.03106
123.60000 -58.33554 0.04392
123.65000 -58.33882 0.04134
123.70000 -58.33382 0.03593
123.75000 -58.33963 0.04487
123.80000 -58.33515 0.03745
123.85000 -58.33874 0.03775
123.90000 -58.33701 0.04029
123.95000 -58.33714 0.03793
124.00000 -58.33808 0.04515
124.05000 -58.33586 0.04588
124.10000 -58.33916 0.04038
124.15000 -58.33822 0.05047
124.20000 -58.33739 0.04805
124.25000 -58.33221 0.04574
124.30000 -58.33992 0.04307
124.35000 -58.33816 0.03903
124.40000 -58.33879 0.04582
124.45000 -58.33463 0.04155
124.50000 -58.33640 0.04628
124.55000 -58.33811 0.04559
124.60000 -58.33584 0.04314
124.65000 -58.34101 0.04729
124.70000 -58.33617 0.05401
124.75000 -58.33547 0.04727
124.80000 -58.33810 0.04604
124.85000 -58.33935 0.04287
124.90000 -58.34183 0.05316
124.95000 -58.34047 0.04900
125.00000 -58.34030 0.04609
125.05000 -58.33849 0.04451
125.10000 -58.33624 0.04849
125.15000 -58.33879 0.04259
125.20000 -58.33657 0.04165
125.25000 -58.33261 0.03823
125.30000 -58.33352 0.03497
125.35000 -58.33503 0.03807
125.40000 -58.33588 0.03937
125.45000 -58.33625 0.03636
125.50000 -58.33712 0.03494
125.55000 -58.33576 0.03007
125.60000 -58.33628 0.03729
125.65000 -58.33802 0.03280
125.70000 -58.33510 0.03671
125.75000 -58.33886 0.03896
125.80000 -58.33443 0.03717
125.85000 -58.33869 0.04448
125.90000 -58.33694 0.04439
125.95000 -58.33236 0.04077
126.00000 -58.33388 0.03447
126.05000 -58.33449 0.03359
126.10000 -58.33573 0.03367
126.15000 -58.33877 0.04295
126.20000 -58.34011 0.03806
126.25000 -58.33872 0.03528
126.30000 -58.33973 0.03582
126.35000 -58.34314 0.03936
126.40000 -58.33692 0.03096
126.45000 -58.34205 0.03341
126.50000 -58.34216 0.03448
126.55000 -58.34016 0.03310
126.60000 -58.34424 0.04312
126.65000 -58.34228 0.03675
126.70000 -58.33817 0.03546
126.75000 -58.34325 0.03945
126.80000 -58.34132 0.04141
126.85000 -58.34299 0.03444
126.90000 -58.34180 0.04186
126.95000 -58.33903 0.03540
127.00000 -58.34171 0.03482
127.05000 -58.34272 0.03540
127.10000 -58.34318 0.03104
127.15000 -58.34271 0.03224
127.20000 -58.34154 0.03441
127.25000 -58.34428 0.03042
127.30000 -58.34461 0.03960
127.35000 -58.34428 0.03318
127.40000 -58.34416 0.03383
127.45000 -58.34196 0.03149
127.50000 -58.34074 0.03093
127.55000 -58.34416 0.03454
127.60000 -58.34378 0.03563
127.65000 -58.34486 0.03444
127.70000 -58.34885 0.04098
127.75000 -58.34312 0.03272
127.80000 -58.34266 0.03618
127.85000 -58.34784 0.03883
127.90000 -58.34760 0.03732
127.95000 -58.34706 0.03289
128.00000 -58.34659 0.03237
128.05000 -58.34639 0.03353
128.10000 -58.34752 0.03936
128.15000 -58.35035 0.04110
128.20000 -58.34919 0.03876
128.25000 -58.34972 0.04187
128.30000 -58.35035 0.04298
128.35000 -58.34741 0.03873
128.40000 -58.34926 0.03539
128.45000 -58.35049 0.03530
128.50000 -58.35191 0.03472
128.55000 -58.35458 0.04368
128.60000 -58.34567 0.03713
128.65000 -58.34898 0.04071
128.70000 -58.35544 0.04544
128.75000 -58.34949 0.03264
128.80000 -58.34366 0.03240
128.85000 -58.34290 0.03192
128.90000 -58.34852 0.03885
128.95000 -58.34771 0.04077
129.00000 -58.34653 0.03589
129.05000 -58.35060 0.04068
129.10000 -58.34778 0.03781
129.15000 -58.34606 0.04063
129.20000 -58.35014 0.04659
129.25000 -58.34781 0.04119
129.30000 -58.34938 0.03849
129.35000 -58.34797 0.03531
129.40000 -58.34909 0.03757
129.45000 -58.35301 0.04599
129.50000 -58.35258 0.04539
129.55000 -58.35096 0.04188
129.60000 -58.34556 0.03530
129.65000 -58.34783 0.03968
129.70000 -58.34945 0.03965
129.75000 -58.34742 0.03845
129.80000 -58.34508 0.03712
129.85000 -58.35077 0.03903
129.90000 -58.34740 0.03083
129.95000 -58.34898 0.03571
130.00000 -58.34831 0.03629
130.05000 -58.34875 0.03773
130.10000 -58.34759 0.03342
130.15000 -58.35376 0.04249
130.20000 -58.34914 0.03649
130.25000 -58.34803 0.03581
130.30000 -58.34940 0.04174
130.35000 -58.34615 0.03546
130.40000 -58.34570 0.03556
130.45000 -58.34772 0.03789
130.50000 -58.34443 0.04322
130.55000 -58.33986 0.03172
130.60000 -58.34731 0.04269
130.65000 -58.34841 0.03800
130.70000 -58.34738 0.03778
130.75000 -58.34644 0.03665
130.80000 -58.34794 0.03048
130.85000 -58.34507 0.03085
130.90000 -58.35184 0.03167
130.95000 -58.35109 0.02977
131.00000 -58.35088 0.03911
131.05000 -58.34832 0.03325
131.10000 -58.34780 0.03413
131.15000 -58.34959 0.03406
131.20000 -58.34899 0.02988
131.25000 -58.34707 0.02718
131.30000 -58.34998 0.03547
131.35000 -58.35080 0.03690
131.40000 -58.34519 0.02696
131.45000 -58.34451 0.02803
131.50000 -58.35160 0.03460
131.55000 -58.34622 0.03314
131.60000 -58.35282 0.03658
131.65000 -58.34571 0.03340
131.70000 -58.35208 0.03856
131.75000 -58.35013 0.04024
131.80000 -58.34802 0.03816
131.85000 -58.34834 0.03189
131.90000 -58.34763 0.03413
131.95000 -58.34658 0.02797
132.00000 -58.34697 0.02705
132.05000 -58.34875 0.03478
132.10000 -58.35276 0.03392
132.15000 -58.35075 0.03375
132.20000 -58.35285 0.03682
132.25000 -58.34984 0.02954
132.30000 -58.34999 0.03367
132.35000 -58.35313 0.03500
132.40000 -58.34917 0.03712
132.45000 -58.34368 0.02905
132.50000 -58.34883 0.03802
132.55000 -58.34712 0.03675
132.60000 -58.35031 0.03663
132.65000 -58.34715 0.03356
132.70000 -58.34945 0.03328
132.75000 -58.34775 0.03268
132.80000 -58.34791 0.03600
132.85000 -58.34848 0.03113
132.90000 -58.35145 0.03527
132.95000 -58.34838 0.03113
133.00000 -58.34642 0.02936
133.05000 -58.34826 0.03405
133.10000 -58.35071 0.03692
133.15000 -58.35254 0.03852
133.20000 -58.34574 0.03434
133.25000 -58.35013 0.03466
133.30000 -58.35074 0.03482
133.35000 -58.34950 0.03942
133.40000 -58.34677 0.03373
133.45000 -58.34668 0.03741
133.50000 -58.35109 0.03877
133.55000 -58.34922 0.03662
133.60000 -58.35119 0.04870
133.65000 -58.34648 0.03904
133.70000 -58.34872 0.03798
133.75000 -58.34644 0.04311
133.80000 -58.34690 0.03835
133.85000 -58.34839 0.03989
133.90000 -58.34902 0.04532
133.95000 -58.34838 0.04132
134.00000 -58.35030 0.04061
134.05000 -58.34806 0.03980
134.10000 -58.35082 0.04204
134.15000 -58.34617 0.03751
134.20000 -58.34647 0.03337
134.25000 -58.34755 0.03153
134.30000 -58.34841 0.03549
134.35000 -58.34767 0.03699
134.40000 -58.35011 0.04163
134.45000 -58.34421 0.03603
134.50000 -58.34823 0.03812
134.55000 -58.35046 0.03706
134.60000 -58.34688 0.03262
134.65000 -58.34690 0.03462
134.70000 -58.34553 0.03510
134.75000 -58.34645 0.03695
134.80000 -58.34550 0.03476
134.85000 -58.34488 0.03730
134.90000 -58.34711 0.03508
134.95000 -58.34444 0.03510
135.00000 -58.34464 0.03696
135.05000 -58.34653 0.03582
135.10000 -58.34515 0.02977
135.15000 -58.34740 0.03677
135.20000 -58.34732 0.03413
135.25000 -58.34567 0.03866
135.30000 -58.34445 0.03374
135.35000 -58.34463 0.03489
135.40000 -58.34878 0.03679
135.45000 -58.34949 0.03629
135.50000 -58.34701 0.03377
135.55000 -58.34528 0.03257
135.60000 -58.34505 0.03072
135.65000 -58.34444 0.03249
135.70000 -58.34247 0.03288
135.75000 -58.34321 0.03252
135.80000 -58.33956 0.02938
135.85000 -58.34589 0.03533
135.90000 -58.34409 0.03340
135.95000 -58.34135 0.02897
136.00000 -58.34299 0.03046
136.05000 -58.34175 0.03302
136.10000 -58.34426 0.03597
136.15000 -58.34013 0.03093
136.20000 -58.34075 0.03001
136.25000 -58.33877 0.03004
136.30000 -58.34161 0.03119
136.35000 -58.33709 0.03110
136.40000 -58.33684 0.03128
136.45000 -58.33468 0.02788
136.50000 -58.33673 0.02612
136.55000 -58.33672 0.02525
136.60000 -58.33275 0.03101
136.65000 -58.33566 0.03537
136.70000 -58.33456 0.03313
136.75000 -58.33489 0.02800
136.80000 -58.33288 0.02482
136.85000 -58.33453 0.03154
136.90000 -58.33196 0.02921
136.95000 -58.33495 0.03090
137.00000 -58.33534 0.03396
137.05000 -58.33233 0.03017
137.10000 -58.33023 0.02279
137.15000 -58.32868 0.02525
137.20000 -58.32855 0.02909
137.25000 -58.33237 0.02829
137.30000 -58.33401 0.03207
137.35000 -58.33692 0.03278
137.40000 -58.33239 0.03180
137.45000 -58.33310 0.03389
137.50000 -58.33226 0.03571
137.55000 -58.33232 0.03992
137.60000 -58.33265 0.03304
137.65000 -58.33063 0.03027
137.70000 -58.32956 0.03558
137.75000 -58.32923 0.04215
137.80000 -58.33195 0.03401
137.85000 -58.33196 0.03431
137.90000 -58.32807 0.03341
137.95000 -58.33071 0.03723
138.00000 -58.32427 0.03947
138.05000 -58.32682 0.03971
138.10000 -58.32585 0.04120
138.15000 -58.32995 0.04147
138.20000 -58.32840 0.03907
138.25000 -58.32950 0.03948
138.30000 -58.32686 0.03568
138.35000 -58.32639 0.04284
138.40000 -58.32286 0.04914
138.45000 -58.32240 0.03747
138.50000 -58.32340 0.03711
138.55000 -58.31923 0.03973
138.60000 -58.32282 0.04266
138.65000 -58.32029 0.04717
138.70000 -58.32177 0.04388
138.75000 -58.31899 0.04550
138.80000 -58.32252 0.05355
138.85000 -58.32302 0.04978
138.90000 -58.32396 0.04941
138.95000 -58.32685 0.04416
139.00000 -58.32241 0.04777
139.05000 -58.32113 0.04440
139.10000 -58.32149 0.04689
139.15000 -58.32139 0.04989
139.20000 -58.32092 0.04777
139.25000 -58.32395 0.04773
139.30000 -58.32354 0.03928
139.35000 -58.32372 0.04591
139.40000 -58.32143 0.05356
139.45000 -58.32373 0.05099
139.50000 -58.32231 0.04701
139.55000 -58.32011 0.04786
139.60000 -58.32489 0.04998
139.65000 -58.32235 0.04872
139.70000 -58.32307 0.04935
139.75000 -58.32298 0.05118
139.80000 -58.32173 0.04810
139.85000 -58.31894 0.04475
139.90000 -58.31973 0.04527
139.95000 -58.32154 0.04498
140.00000 -58.31582 0.05115
140.05000 -58.31936 0.03709
140.10000 -58.32256 0.03589
140.15000 -58.32084 0.04094
140.20000 -58.32056 0.04194
140.25000 -58.32217 0.03544
140.30000 -58.31824 0.03436
140.35000 -58.32261 0.03407
140.40000 -58.32131 0.04306
140.45000 -58.31821 0.03625
140.50000 -58.32046 0.03631
140.55000 -58.32143 0.03447
140.60000 -58.32440 0.03443
140.65000 -58.32598 0.03255
140.70000 -58.32140 0.02997
140.75000 -58.31944 0.03147
140.80000 -58.32504 0.03240
140.85000 -58.32304 0.02724
140.90000 -58.32000 0.03139
140.95000 -58.32504 0.02680
141.00000 -58.32640 0.02327
141.05000 -58.32024 0.02210
141.10000 -58.32188 0.02559
141.15000 -58.31867 0.02765
141.20000 -58.32383 0.01504
141.25000 -58.32399 0.02417
141.30000 -58.32277 0.02543
141.35000 -58.32192 0.02625
141.40000 -58.31855 0.02894
141.45000 -58.31907 0.02251
141.50000 -58.32029 0.02088
141.55000 -58.31893 0.02372
141.60000 -58.32020 0.02372
141.65000 -58.32323 0.02021
141.70000 -58.32218 0.01272
141.75000 -58.32193 0.02249
141.80000 -58.32306 0.02017
141.85000 -58.32274 0.02310
141.90000 -58.32333 0.01495
141.95000 -58.32300 0.02233
142.00000 -58.32265 0.02024
142.05000 -58.32302 0.01757
142.10000 -58.32543 0.02073
142.15000 -58.32321 0.01765
142.20000 -58.32267 0.01926
142.25000 -58.31988 0.01615
142.30000 -58.32215 0.02236
142.35000 -58.32257 0.02944
142.40000 -58.32034 0.02325
142.45000 -58.32268 0.02729
142.50000 -58.31974 0.02592
142.55000 -58.31922 0.02594
142.60000 -58.32456 0.02678
142.65000 -58.31796 0.01986
142.70000 -58.31941 0.02155
142.75000 -58.31899 0.02023
142.80000 -58.32261 0.02408
142.85000 -58.32167 0.01630
142.90000 -58.32161 0.01092
142.95000 -58.31938 0.01282
143.00000 -58.32183 0.01115
143.05000 -58.32177 0.01765
143.10000 -58.31848 0.01033
143.15000 -58.32637 0.01353
143.20000 -58.32148 0.01204
143.25000 -58.32424 0.02101
143.30000 -58.32079 0.02183
143.35000 -58.32388 0.01946
143.40000 -58.32184 0.02019
143.45000 -58.32475 0.01512
143.50000 -58.32198 0.02138
143.55000 -58.31957 0.02356
143.60000 -58.32538 0.01666
143.65000 -58.32414 0.01397
143.70000 -58.31780 0.01543
143.75000 -58.32177 0.01015
143.80000 -58.32473 0.01227
143.85000 -58.32459 0.01010
143.90000 -58.32478 0.01201
143.95000 -58.32366 0.00588
144.00000 -58.32452 0.00672
144.05000 -58.32648 0.01083
144.10000 -58.32689 0.00996
144.15000 -58.32608 0.00913
144.20000 -58.32624 0.01171
144.25000 -58.32799 0.01023
144.30000 -58.33098 0.00874
144.35000 -58.33238 0.01202
144.40000 -58.33217 0.01050
144.45000 -58.33115 0.01182
144.50000 -58.33263 0.01421
144.55000 -58.33093 0.01162
144.60000 -58.32811 0.00738
144.65000 -58.33345 0.01522
144.70000 -58.33264 0.01199
144.75000 -58.33195 0.01095
144.80000 -58.33051 0.01135
144.85000 -58.33002 0.01432
144.90000 -58.33031 0.01252
144.95000 -58.32935 0.01326
145.00000 -58.32872 0.00867
145.05000 -58.33017 0.01008
145.10000 -58.33155 0.01141
145.15000 -58.33735 0.01936
145.20000 -58.33322 0.01442
145.25000 -58.32776 0.00854
145.30000 -58.33330 0.01407
145.35000 -58.33270 0.01332
145.40000 -58.33480 0.01405
145.45000 -58.33365 0.01380
145.50000 -58.33326 0.01317
145.55000 -58.33238 0.01441
145.60000 -58.32991 0.01274
145.65000 -58.32793 0.00801
145.70000 -58.33471 0.01500
145.75000 -58.33252 0.01574
145.80000 -58.33474 0.01814
145.85000 -58.33358 0.01614
145.90000 -58.33022 0.01256
145.95000 -58.33255 0.01592
146.00000 -58.33328 0.01933
146.05000 -58.33297 0.01481
146.10000 -58.33386 0.01937
146.15000 -58.33067 0.01525
146.20000 -58.33204 0.01644
146.25000 -58.33194 0.01513
146.30000 -58.33239 0.01813
146.35000 -58.33361 0.02453
146.40000 -58.33167 0.01702
146.45000 -58.33028 0.01788
146.50000 -58.33577 0.02047
146.55000 -58.33098 0.01905
146.60000 -58.32993 0.01484
146.65000 -58.32976 0.01976
146.70000 -58.33334 0.02486
146.75000 -58.33336 0.02622
146.80000 -58.33756 0.02847
146.85000 -58.33302 0.02706
146.90000 -58.33695 0.02376
146.95000 -58.33964 0.02730
147.00000 -58.33390 0.02160
147.05000 -58.33091 0.01890
147.10000 -58.33648 0.02055
147.15000 -58.33740 0.02187
147.20000 -58.33898 0.02491
147.25000 -58.33898 0.02355
147.30000 -58.34217 0.02771
147.35000 -58.33803 0.02619
147.40000 -58.34030 0.02883
147.45000 -58.34116 0.02832
147.50000 -58.34305 0.02830
147.55000 -58.33967 0.02577
147.60000 -58.33888 0.02599
147.65000 -58.33550 0.02093
147.70000 -58.33646 0.02533
147.75000 -58.33297 0.02101
147.80000 -58.33766 0.02855
147.85000 -58.33812 0.02920
147.90000 -58.33752 0.02720
147.95000 -58.33760 0.02632
148.00000 -58.33668 0.02799
148.05000 -58.33638 0.02748
148.10000 -58.33567 0.02851
148.15000 -58.33395 0.02399
148.20000 -58.33473 0.02378
148.25000 -58.33722 0.02751
148.30000 -58.33577 0.03025
148.35000 -58.33561 0.02249
148.40000 -58.33488 0.02671
148.45000 -58.33551 0.02466
148.50000 -58.33781 0.02376
148.55000 -58.34184 0.03133
148.60000 -58.33615 0.02290
148.65000 -58.33971 0.02628
148.70000 -58.34209 0.02893
148.75000 -58.34057 0.03247
148.80000 -58.34130 0.02970
148.85000 -58.34302 0.03192
148.90000 -58.33887 0.02947
148.95000 -58.34098 0.03146
149.00000 -58.34454 0.03493
149.05000 -58.33672 0.03119
149.10000 -58.34192 0.03099
149.15000 -58.34343 0.03487
149.20000 -58.34260 0.02874
149.25000 -58.34647 0.03413
149.30000 -58.34603 0.03248
149.35000 -58.34430 0.03387
149.40000 -58.34474 0.03163
149.45000 -58.34426 0.03102
149.50000 -58.34419 0.03170
149.55000 -58.34137 0.02740
149.60000 -58.34425 0.03657
149.65000 -58.34170 0.03144
149.70000 -58.34473 0.03213
149.75000 -58.34091 0.03068
149.80000 -58.33899 0.03013
149.85000 -58.33960 0.02639
149.90000 -58.34272 0.03249
149.95000 -58.33990 0.03067
150.00000 -58.33768 0.02713
150.05000 -58.33974 0.02719
150.10000 -58.33958 0.02397
150.15000 -58.33875 0.02405
150.20000 -58.34115 0.02710
150.25000 -58.33532 0.02306
150.30000 -58.33677 0.02347
150.35000 -58.33530 0.02162
150.40000 -58.33901 0.02475
150.45000 -58.33515 0.02052
150.50000 -58.33859 0.02640
150.55000 -58.33924 0.02525
150.60000 -58.34142 0.02591
150.65000 -58.34586 0.03276
150.70000 -58.34657 0.03255
150.75000 -58.34026 0.02350
150.80000 -58.34037 0.02508
150.85000 -58.34160 0.02722
150.90000 -58.34159 0.02530
150.95000 -58.33700 0.01813
151.00000 -58.34098 0.02401
151.05000 -58.34228 0.02661
151.10000 -58.34158 0.02578
151.15000 -58.34116 0.02603
151.20000 -58.34146 0.02908
151.25000 -58.34047 0.02812
151.30000 -58.34000 0.02529
151.35000 -58.33905 0.02715
151.40000 -58.34012 0.02256
151.45000 -58.33895 0.02332
151.50000 -58.33818 0.02684
151.55000 -58.33870 0.02384
151.60000 -58.33701 0.02098
151.65000 -58.33949 0.02490
151.70000 -58.33490 0.02360
151.75000 -58.33808 0.02337
151.80000 -58.33269 0.01927
151.85000 -58.33445 0.02122
151.90000 -58.33808 0.02630
151.95000 -58.33828 0.02237
152.00000 -58.34094 0.02941
152.05000 -58.33927 0.02463
152.10000 -58.33811 0.02449
152.15000 -58.34513 0.03347
152.20000 -58.33489 0.02268
152.25000 -58.33698 0.02609
152.30000 -58.33631 0.01923
152.35000 -58.33149 0.01446
152.40000 -58.33275 0.01678
152.45000 -58.33569 0.01985
152.50000 -58.33659 0.01781
152.55000 -58.33648 0.02606
152.60000 -58.34001 0.02653
152.65000 -58.34240 0.03002
152.70000 -58.33947 0.03010
152.75000 -58.33812 0.02953
152.80000 -58.33431 0.02421
152.85000 -58.33678 0.02501
152.90000 -58.34088 0.03127
152.95000 -58.33843 0.03016
153.00000 -58.33906 0.02983
153.05000 -58.33320 0.02400
153.10000 -58.33781 0.02887
153.15000 -58.33839 0.03070
153.20000 -58.34101 0.02867
153.25000 -58.33890 0.02946
153.30000 -58.33654 0.02946
153.35000 -58.33242 0.02327
153.40000 -58.33721 0.02643
153.45000 -58.33599 0.02551
153.50000 -58.33736 0.03204
153.55000 -58.33172 0.02808
153.60000 -58.33513 0.02750
153.65000 -58.33442 0.02564
153.70000 -58.33878 0.03219
153.75000 -58.34047 0.03592
153.80000 -58.33899 0.03887
153.85000 -58.34030 0.03732
153.90000 -58.34077 0.03891
153.95000 -58.33869 0.03667
154.00000 -58.33710 0.03753
154.05000 -58.33432 0.02826
154.10000 -58.33376 0.03563
154.15000 -58.33234 0.03305
154.20000 -58.33683 0.03492
154.25000 -58.33544 0.03529
154.30000 -58.33163 0.03388
154.35000 -58.33638 0.03200
154.40000 -58.33564 0.03509
154.45000 -58.33459 0.03611
154.50000 -58.33062 0.03548
154.55000 -58.33297 0.03698
154.60000 -58.33054 0.03634
154.65000 -58.33175 0.04084
154.70000 -58.33103 0.04271
154.75000 -58.32958 0.04848
154.80000 -58.32846 0.04981
154.85000 -58.33352 0.04831
154.90000 -58.33028 0.05257
154.95000 -58.32710 0.05038
155.00000 -58.32582 0.04813
155.05000 -58.32454 0.05313
155.10000 -58.32334 0.05069
155.15000 -58.32996 0.04930
155.20000 -58.32716 0.05018
155.25000 -58.32593 0.04563
155.30000 -58.32470 0.05204
155.35000 -58.32529 0.05536
155.40000 -58.32548 0.05799
155.45000 -58.32680 0.05557
155.50000 -58.32579 0.04981
155.55000 -58.32417 0.05722
155.60000 -58.32307 0.05753
155.65000 -58.32856 0.05501
155.70000 -58.32536 0.05500
155.75000 -58.32111 0.05885
155.80000 -58.32586 0.05165
155.85000 -58.32702 0.06448
155.90000 -58.32409 0.06017
155.95000 -58.32676 0.06139
156.00000 -58.32609 0.05657
156.05000 -58.32561 0.05188
156.10000 -58.32410 0.05796
156.15000 -58.32651 0.05522
156.20000 -58.32507 0.06114
156.25000 -58.32378 0.05268
156.30000 -58.32625 0.05174
156.35000 -58.32708 0.05571
156.40000 -58.32308 0.05259
156.45000 -58.32431 0.05492
156.50000 -58.32496 0.05704
156.55000 -58.32380 0.05413
156.60000 -58.32403 0.06111
156.65000 -58.32325 0.06080
156.70000 -58.31944 0.06329
156.75000 -58.32044 0.07300
156.80000 -58.31874 0.06936
156.85000 -58.31902 0.06276
156.90000 -58.32000 0.06776
156.95000 -58.32350 0.06787
157.00000 -58.32098 0.06333
157.05000 -58.32175 0.06224
157.10000 -58.31982 0.05885
157.15000 -58.31672 0.05639
157.20000 -58.32145 0.05876
157.25000 -58.32209 0.05620
157.30000 -58.32064 0.05735
157.35000 -58.31956 0.06656
157.40000 -58.31731 0.05589
157.45000 -58.31962 0.06812
157.50000 -58.32009 0.06038
157.55000 -58.32363 0.06397
157.60000 -58.31293 0.05877
157.65000 -58.32032 0.06569
157.70000 -58.32602 0.06423
157.75000 -58.32490 0.05547
157.80000 -58.32486 0.06140
157.85000 -58.32174 0.06651
157.90000 -58.31923 0.06545
157.95000 -58.31723 0.05546
158.00000 -58.31900 0.05872
158.05000 -58.31617 0.06186
158.10000 -58.32224 0.06427
158.15000 -58.31773 0.06777
158.20000 -58.31996 0.06337
158.25000 -58.32119 0.06190
158.30000 -58.32067 0.06008
158.35000 -58.32222 0.06025
158.40000 -58.32153 0.06588
158.45000 -58.31538 0.07183
158.50000 -58.31587 0.06200
158.55000 -58.31824 0.06213
158.60000 -58.31951 0.06222
158.65000 -58.31909 0.05695
158.70000 -58.32055 0.06605
158.75000 -58.32258 0.06680
158.80000 -58.32142 0.06244
158.85000 -58.32581 0.06442
158.90000 -58.32566 0.05673
158.95000 -58.32626 0.06936
159.00000 -58.32255 0.06136
159.05000 -58.32544 0.06141
159.10000 -58.32829 0.06404
159.15000 -58.32424 0.06620
159.20000 -58.32116 0.05652
159.25000 -58.32327 0.06858
159.30000 -58.33015 0.06478
159.35000 -58.32499 0.06180
159.40000 -58.32712 0.06019
159.45000 -58.32891 0.06104
159.50000 -58.33202 0.06200
159.55000 -58.32689 0.06040
159.60000 -58.32891 0.05791
159.65000 -58.32798 0.06319
159.70000 -58.32745 0.06466
159.75000 -58.32558 0.05920
159.80000 -58.32838 0.05774
159.85000 -58.33047 0.06077
159.90000 -58.32808 0.05557
159.95000 -58.32634 0.05793
160.00000 -58.32847 0.05500
160.05000 -58.32571 0.05245
160.10000 -58.32314 0.05629
160.15000 -58.32519 0.05986
160.20000 -58.32447 0.04660
160.25000 -58.32630 0.05126
160.30000 -58.32271 0.05212
160.35000 -58.32701 0.05740
160.40000 -58.32533 0.05086
160.45000 -58.32632 0.04536
160.50000 -58.32428 0.04966
160.55000 -58.32395 0.04232
160.60000 -58.32900 0.05537
160.65000 -58.32918 0.05608
160.70000 -58.32375 0.05595
160.75000 -58.32792 0.05227
160.80000 -58.32622 0.05099
160.85000 -58.32606 0.05641
160.90000 -58.33072 0.04920
160.95000 -58.33093 0.05280
161.00000 -58.32595 0.05425
161.05000 -58.32955 0.04815
161.10000 -58.33152 0.04800
161.15000 -58.32959 0.05376
161.20000 -58.32771 0.04929
161.25000 -58.33085 0.04863
161.30000 -58.32852 0.04420
161.35000 -58.32759 0.04433
161.40000 -58.33061 0.04432
161.45000 -58.32878 0.04221
161.50000 -58.33421 0.04359
161.55000 -58.33174 0.04276
161.60000 -58.32818 0.04884
161.65000 -58.32925 0.04435
161.70000 -58.33120 0.04926
161.75000 -58.33173 0.05000
161.80000 -58.33084 0.04617
161.85000 -58.32662 0.03878
161.90000 -58.32549 0.03836
161.95000 -58.33117 0.03744
162.00000 -58.32846 0.03584
162.05000 -58.32622 0.04044
162.10000 -58.32527 0.03465
162.15000 -58.31773 0.02991
162.20000 -58.32332 0.02954
162.25000 -58.32554 0.03240
162.30000 -58.32893 0.03431
162.35000 -58.32592 0.03307
162.40000 -58.32272 0.03534
162.45000 -58.32599 0.03668
162.50000 -58.32842 0.03113
162.55000 -58.32440 0.03227
162.60000 -58.32527 0.02808
162.65000 -58.32820 0.03185
162.70000 -58.32826 0.02967
162.75000 -58.32541 0.02852
162.80000 -58.32648 0.02844
162.85000 -58.32319 0.02405
162.90000 -58.32602 0.02603
162.95000 -58.32405 0.02949
163.00000 -58.32693 0.03025
163.05000 -58.32503 0.02877
163.10000 -58.32353 0.01932
163.15000 -58.32021 0.02266
163.20000 -58.32744 0.02702
163.25000 -58.32923 0.02840
163.30000 -58.33190 0.02835
163.35000 -58.32442 0.02585
163.40000 -58.32901 0.02563
163.45000 -58.32797 0.02240
163.50000 -58.32395 0.02235
163.55000 -58.32791 0.02260
163.60000 -58.32752 0.02099
163.65000 -58.32784 0.02981
163.70000 -58.32840 0.02365
163.75000 -58.33080 0.02536
163.80000 -58.32697 0.02328
163.85000 -58.32893 0.02933
163.90000 -58.32462 0.02944
163.95000 -58.32976 0.02726
164.00000 -58.32547 0.02269
164.05000 -58.33168 0.03144
164.10000 -58.33074 0.02741
164.15000 -58.32979 0.02439
164.20000 -58.33069 0.03141
164.25000 -58.32653 0.02464
164.30000 -58.32849 0.02852
164.35000 -58.32682 0.02575
164.40000 -58.32585 0.03288
164.45000 -58.32192 0.02733
164.50000 -58.32504 0.03025
164.55000 -58.32574 0.02959
164.60000 -58.32817 0.02901
164.65000 -58.32603 0.03520
164.70000 -58.32977 0.03889
164.75000 -58.33143 0.03516
164.80000 -58.33252 0.03612
164.85000 -58.32850 0.03182
164.90000 -58.33132 0.03590
164.95000 -58.33358 0.03582
165.00000 -58.32758 0.02957
165.05000 -58.33176 0.03702
165.10000 -58.32952 0.03182
165.15000 -58.33112 0.03435
165.20000 -58.32879 0.02629
165.25000 -58.33110 0.03219
165.30000 -58.33147 0.02764
165.35000 -58.32733 0.02672
165.40000 -58.32690 0.03158
165.45000 -58.32923 0.03161
165.50000 -58.32964 0.03299
165.55000 -58.33020 0.03490
165.60000 -58.32680 0.02943
165.65000 -58.32963 0.02695
165.70000 -58.33335 0.03337
165.75000 -58.32998 0.03256
165.80000 -58.32712 0.02620
165.85000 -58.32733 0.03055
165.90000 -58.33035 0.03352
165.95000 -58.32765 0.03494
166.00000 -58.32830 0.03051
166.05000 -58.32957 0.03441
166.10000 -58.32794 0.02783
166.15000 -58.33355 0.02794
166.20000 -58.32867 0.02061
166.25000 -58.32946 0.02506
166.30000 -58.33037 0.02648
166.35000 -58.32493 0.02257
166.40000 -58.32842 0.02039
166.45000 -58.32763 0.02051
166.50000 -58.32499 0.01635
166.55000 -58.32988 0.02154
166.60000 -58.32921 0.02301
166.65000 -58.32687 0.02198
166.70000 -58.32581 0.01472
166.75000 -58.33321 0.02531
166.80000 -58.33111 0.02410
166.85000 -58.33014 0.01955
166.90000 -58.32559 0.01498
166.95000 -58.32688 0.02016
167.00000 -58.33080 0.01950
167.05000 -58.32865 0.02055
167.10000 -58.33224 0.02343
167.15000 -58.33079 0.01950
167.20000 -58.32794 0.01851
167.25000 -58.32626 0.01787
167.30000 -58.32957 0.02235
167.35000 -58.32709 0.02164
167.40000 -58.32541 0.02045
167.45000 -58.32640 0.01918
167.50000 -58.32714 0.01693
167.55000 -58.32505 0.01378
167.60000 -58.32732 0.01840
167.65000 -58.32423 0.01816
167.70000 -58.32214 0.01968
167.75000 -58.32345 0.01678
167.80000 -58.32183 0.02627
167.85000 -58.32301 0.02656
167.90000 -58.32352 0.02063
167.95000 -58.32336 0.02722
168.00000 -58.32362 0.02115
168.05000 -58.32291 0.02824
168.10000 -58.32145 0.02236
168.15000 -58.32351 0.02683
168.20000 -58.32242 0.02447
168.25000 -58.32342 0.02445
168.30000 -58.31752 0.02237
168.35000 -58.32373 0.03373
168.40000 -58.32510 0.03177
168.45000 -58.32228 0.02851
168.50000 -58.32131 0.02260
168.55000 -58.32132 0.03032
168.60000 -58.32294 0.03418
168.65000 -58.32117 0.03051
168.70000 -58.32146 0.02561
168.75000 -58.32526 0.03629
168.80000 -58.32215 0.04138
168.85000 -58.32028 0.03528
168.90000 -58.31886 0.04019
168.95000 -58.32361 0.03023
169.00000 -58.32135 0.03534
169.05000 -58.32192 0.03727
169.10000 -58.32098 0.03727
169.15000 -58.32440 0.04035
169.20000 -58.32701 0.03814
169.25000 -58.32457 0.03316
169.30000 -58.32437 0.04028
169.35000 -58.32377 0.03979
169.40000 -58.32143 0.04180
169.45000 -58.32544 0.03797
169.50000 -58.32297 0.04057
169.55000 -58.32362 0.03769
169.60000 -58.32621 0.04156
169.65000 -58.32678 0.04694
169.70000 -58.32800 0.04741
169.75000 -58.32587 0.03998
169.80000 -58.32326 0.04285
169.85000 -58.32485 0.04641
169.90000 -58.32893 0.04058
169.95000 -58.32950 0.04381
170.00000 -58.33007 0.04156
170.05000 -58.33066 0.03612
170.10000 -58.33160 0.03657
170.15000 -58.32840 0.04818
170.20000 -58.33473 0.04371
170.25000 -58.32786 0.03901
170.30000 -58.33223 0.04828
170.35000 -58.33267 0.04204
170.40000 -58.32610 0.04701
170.45000 -58.33032 0.04242
170.50000 -58.32947 0.04786
170.55000 -58.33236 0.04662
170.60000 -58.32960 0.05018
170.65000 -58.33183 0.04534
170.70000 -58.33132 0.05340
170.75000 -58.33357 0.05346
170.80000 -58.33088 0.04989
170.85000 -58.32534 0.04825
170.90000 -58.32699 0.04338
170.95000 -58.32793 0.04365
171.00000 -58.32861 0.04928
171.05000 -58.32747 0.04756
171.10000 -58.32811 0.04796
171.15000 -58.32524 0.05200
171.20000 -58.32207 0.06047
171.25000 -58.32492 0.05781
171.30000 -58.32127 0.06865
171.35000 -58.31971 0.06008
171.40000 -58.31981 0.06247
171.45000 -58.32219 0.05849
171.50000 -58.32230 0.06179
171.55000 -58.32079 0.06253
171.60000 -58.32146 0.06590
171.65000 -58.32236 0.06544
171.70000 -58.31934 0.07112
171.75000 -58.31977 0.06372
171.80000 -58.31614 0.07413
171.85000 -58.31881 0.06865
171.90000 -58.31879 0.07382
171.95000 -58.32300 0.06959
172.00000 -58.31820 0.07566
172.05000 -58.31778 0.07682
172.10000 -58.31620 0.07604
172.15000 -58.31835 0.07061
172.20000 -58.32179 0.07355
172.25000 -58.31643 0.07861
172.30000 -58.31925 0.08343
172.35000 -58.31826 0.08061
172.40000 -58.31669 0.07443
172.45000 -58.31859 0.08058
172.50000 -58.31804 0.07503
172.55000 -58.31788 0.07365
172.60000 -58.31790 0.07247
172.65000 -58.31863 0.07192
172.70000 -58.31582 0.08064
172.75000 -58.31518 0.07604
172.80000 -58.31566 0.07757
172.85000 -58.31842 0.07559
172.90000 -58.32000 0.07420
172.95000 -58.31894 0.08010
173.00000 -58.31628 0.06821
173.05000 -58.31662 0.06597
173.10000 -58.31482 0.06581
173.15000 -58.32051 0.06644
173.20000 -58.31962 0.06799
173.25000 -58.32225 0.06788
173.30000 -58.31422 0.06883
173.35000 -58.31591 0.06854
173.40000 -58.31238 0.07268
173.45000 -58.31533 0.06956
173.50000 -58.31468 0.07362
173.55000 -58.31782 0.07478
173.60000 -58.31760 0.06736
173.65000 -58.31527 0.06957
173.70000 -58.31657 0.06979
173.75000 -58.31417 0.07358
173.80000 -58.31699 0.07379
173.85000 -58.31895 0.07111
173.90000 -58.31498 0.06461
173.95000 -58.31558 0.07359
174.00000 -58.31415 0.07252
174.05000 -58.31534 0.07095
174.10000 -58.31306 0.06594
174.15000 -58.31086 0.07586
174.20000 -58.31297 0.07720
174.25000 -58.31082 0.07567
174.30000 -58.31367 0.07092
174.35000 -58.31387 0.06486
174.40000 -58.30857 0.06003
174.45000 -58.30732 0.06805
174.50000 -58.31302 0.07019
174.55000 -58.31681 0.06296
174.60000 -58.31201 0.07041
174.65000 -58.31413 0.06527
174.70000 -58.31457 0.06804
174.75000 -58.30923 0.06941
174.80000 -58.31425 0.06448
174.85000 -58.31367 0.07319
174.90000 -58.31170 0.08090
174.95000 -58.31251 0.07514
175.00000 -58.31387 0.06745
175.05000 -58.31269 0.07042
175.10000 -58.31191 0.06948
175.15000 -58.31280 0.07023
175.20000 -58.31347 0.06993
175.25000 -58.31114 0.07171
175.30000 -58.31007 0.07292
175.35000 -58.31359 0.06767
175.40000 -58.31468 0.06653
175.45000 -58.31259 0.06443
175.50000 -58.31578 0.06365
175.55000 -58.31370 0.06591
175.60000 -58.31237 0.06812
175.65000 -58.31293 0.06731
175.70000 -58.31355 0.05931
175.75000 -58.31252 0.06662
175.80000 -58.31652 0.06996
175.85000 -58.31741 0.06199
175.90000 -58.31378 0.06100
175.95000 -58.31663 0.05929
176.00000 -58.31515 0.05583
176.05000 -58.31671 0.05557
176.10000 -58.32012 0.05568
176.15000 -58.32087 0.06453
176.20000 -58.31942 0.06289
176.25000 -58.31339 0.06912
176.30000 -58.31431 0.07210
176.35000 -58.31578 0.06664
176.40000 -58.31347 0.07161
176.45000 -58.31280 0.06828
176.50000 -58.31473 0.06695
176.55000 -58.31642 0.06515
176.60000 -58.31751 0.06528
176.65000 -58.31329 0.06794
176.70000 -58.31437 0.07246
176.75000 -58.31580 0.07151
176.80000 -58.31142 0.07084
176.85000 -58.31216 0.07405
176.90000 -58.31059 0.06821
176.95000 -58.31253 0.07532
177.00000 -58.30919 0.07566
177.05000 -58.31099 0.07468
177.10000 -58.31783 0.07451
177.15000 -58.31573 0.07773
177.20000 -58.31330 0.07157
177.25000 -58.32142 0.06934
177.30000 -58.31891 0.06870
177.35000 -58.31489 0.06798
177.40000 -58.31611 0.06366
177.45000 -58.31486 0.07531
177.50000 -58.31265 0.07133
177.55000 -58.31701 0.07634
177.60000 -58.31967 0.06935
177.65000 -58.32064 0.06400
177.70000 -58.31723 0.06622
177.75000 -58.31801 0.06194
177.80000 -58.31660 0.06314
177.85000 -58.31626 0.06642
177.90000 -58.31394 0.06942
177.95000 -58.31938 0.06745
178.00000 -58.31776 0.06860
178.05000 -58.31655 0.07455
178.10000 -58.31985 0.06909
178.15000 -58.32167 0.06725
178.20000 -58.32064 0.06989
178.25000 -58.32047 0.06622
178.30000 -58.31891 0.05980
178.35000 -58.31840 0.06139
178.40000 -58.31926 0.06727
178.45000 -58.32016 0.07063
178.50000 -58.32453 0.06585
178.55000 -58.32083 0.05904
178.60000 -58.31364 0.06506
178.65000 -58.31938 0.06478
178.70000 -58.32110 0.06767
178.75000 -58.31997 0.06513
178.80000 -58.32099 0.07572
178.85000 -58.32668 0.06513
178.90000 -58.32465 0.07094
178.95000 -58.32461 0.06975
179.00000 -58.32110 0.07254
179.05000 -58.32336 0.07432
179.10000 -58.32733 0.07803
179.15000 -58.32016 0.07103
179.20000 -58.31883 0.07766
179.25000 -58.32026 0.06541
179.30000 -58.32250 0.06850
179.35000 -58.32395 0.06356
179.40000 -58.32484 0.06501
179.45000 -58.32431 0.06937
179.50000 -58.31971 0.07065
179.55000 -58.32006 0.06833
179.60000 -58.31722 0.06592
179.65000 -58.32511 0.06805
179.70000 -58.31758 0.06989
179.75000 -58.31578 0.07149
179.80000 -58.31981 0.07251
179.85000 -58.31682 0.06248
179.90000 -58.31888 0.06662
179.95000 -58.31769 0.06061
180.00000 -58.31493 0.06081
180.05000 -58.31756 0.06543
180.10000 -58.32108 0.05930
180.15000 -58.32138 0.06330
180.20000 -58.31733 0.06927
180.25000 -58.31869 0.06566
180.30000 -58.31970 0.06215
180.35000 -58.31524 0.06455
180.40000 -58.31611 0.06514
180.45000 -58.32048 0.05971
180.50000 -58.31604 0.05479
180.55000 -58.31766 0.05154
180.60000 -58.31866 0.05692
180.65000 -58.31801 0.05376
180.70000 -58.31547 0.04557
180.75000 -58.31419 0.05766
180.80000 -58.31555 0.04921
180.85000 -58.31750 0.04937
180.90000 -58.31485 0.04645
180.95000 -58.31509 0.05563
181.00000 -58.31532 0.05569
181.05000 -58.31572 0.05598
181.10000 -58.31706 0.05503
181.15000 -58.31803 0.05664
181.20000 -58.31767 0.04616
181.25000 -58.31907 0.05354
181.30000 -58.32011 0.05149
181.35000 -58.31802 0.05684
181.40000 -58.31688 0.05189
181.45000 -58.31853 0.05263
181.50000 -58.32303 0.04659
181.55000 -58.32233 0.05090
181.60000 -58.32004 0.05425
181.65000 -58.32200 0.05925
181.70000 -58.32075 0.05653
181.75000 -58.32237 0.05563
181.80000 -58.31967 0.05784
181.85000 -58.32295 0.04455
181.90000 -58.32102 0.05180
181.95000 -58.32261 0.04557
182.00000 -58.32516 0.03809
182.05000 -58.31890 0.04692
182.10000 -58.31828 0.04276
182.15000 -58.32052 0.04147
182.20000 -58.32418 0.04636
182.25000 -58.32138 0.04528
182.30000 -58.32596 0.04529
182.35000 -58.32270 0.04680
182.40000 -58.32401 0.04157
182.45000 -58.32245 0.04009
182.50000 -58.32623 0.03659
182.55000 -58.32815 0.03570
182.60000 -58.32133 0.03175
182.65000 -58.32493 0.03747
182.70000 -58.32393 0.04120
182.75000 -58.32294 0.03977
182.80000 -58.32380 0.03760
182.85000 -58.32155 0.03368
182.90000 -58.32812 0.03770
182.95000 -58.32596 0.03808
183.00000 -58.32213 0.04604
183.05000 -58.32693 0.04387
183.10000 -58.32685 0.03556
183.15000 -58.32917 0.03499
183.20000 -58.32684 0.03514
183.25000 -58.32850 0.03516
183.30000 -58.32394 0.03685
183.35000 -58.33143 0.03800
183.40000 -58.33060 0.03606
183.45000 -58.32783 0.03913
183.50000 -58.32824 0.04434
183.55000 -58.32908 0.03586
183.60000 -58.32855 0.03555
183.65000 -58.33037 0.03431
183.70000 -58.32942 0.03118
183.75000 -58.32596 0.03749
183.80000 -58.32898 0.03967
183.85000 -58.32707 0.03779
183.90000 -58.32652 0.04016
183.95000 -58.32991 0.04673
184.00000 -58.32746 0.03985
184.05000 -58.32834 0.03881
184.10000 -58.32416 0.03975
184.15000 -58.32159 0.04397
184.20000 -58.32430 0.03095
184.25000 -58.32356 0.03634
184.30000 -58.32433 0.03812
184.35000 -58.32333 0.03533
184.40000 -58.32254 0.03254
184.45000 -58.32182 0.03344
184.50000 -58.32263 0.03207
184.55000 -58.32238 0.03103
184.60000 -58.32465 0.03083
184.65000 -58.32252 0.03330
184.70000 -58.32684 0.03129
184.75000 -58.32492 0.03570
184.80000 -58.32130 0.03236
184.85000 -58.32445 0.03136
184.90000 -58.31958 0.03312
184.95000 -58.32199 0.03731
185.00000 -58.32315 0.03947
185.05000 -58.32461 0.04409
185.10000 -58.32649 0.03254
185.15000 -58.32689 0.03772
185.20000 -58.32559 0.03849
185.25000 -58.32281 0.03874
185.30000 -58.32508 0.03985
185.35000 -58.32640 0.03799
185.40000 -58.32666 0.03541
185.45000 -58.32645 0.04125
185.50000 -58.32884 0.03901
185.55000 -58.32453 0.03702
185.60000 -58.32231 0.04051
185.65000 -58.32122 0.04248
185.70000 -58.32359 0.04457
185.75000 -58.32752 0.04135
185.80000 -58.32748 0.03628
185.85000 -58.32741 0.03405
185.90000 -58.32449 0.03449
185.95000 -58.32846 0.03736
186.00000 -58.33010 0.03255
186.05000 -58.32716 0.03499
186.10000 -58.32889 0.04132
186.15000 -58.32643 0.03785
186.20000 -58.32769 0.03446
186.25000 -58.33182 0.02752
186.30000 -58.33169 0.03686
186.35000 -58.32785 0.03188
186.40000 -58.32698 0.03704
186.45000 -58.33131 0.03657
186.50000 -58.33012 0.03689
186.55000 -58.32484 0.03509
186.60000 -58.32701 0.03565
186.65000 -58.32414 0.04440
186.70000 -58.32860 0.03515
186.75000 -58.32893 0.04138
186.80000 -58.32743 0.03969
186.85000 -58.32847 0.04720
186.90000 -58.32658 0.04656
186.95000 -58.32875 0.04330
187.00000 -58.33053 0.04156
187.05000 -58.33001 0.04109
187.10000 -58.33203 0.04207
187.15000 -58.32967 0.04239
187.20000 -58.33163 0.04983
187.25000 -58.33086 0.04565
187.30000 -58.33538 0.04425
187.35000 -58.33162 0.04947
187.40000 -58.33265 0.04925
187.45000 -58.33024 0.04800
187.50000 -58.33074 0.05849
187.55000 -58.32738 0.05136
187.60000 -58.32817 0.04905
187.65000 -58.33179 0.05235
187.70000 -58.32951 0.05589
187.75000 -58.32932 0.05225
187.80000 -58.32749 0.05261
187.85000 -58.32610 0.05734
187.90000 -58.33016 0.06254
187.95000 -58.32386 0.06021
188.00000 -58.32713 0.06062
188.05000 -58.32557 0.06186
188.10000 -58.32777 0.05429
188.15000 -58.32809 0.06107
188.20000 -58.32820 0.05337
188.25000 -58.32719 0.06172
188.30000 -58.32926 0.05524
188.35000 -58.33188 0.05882
188.40000 -58.32934 0.05741
188.45000 -58.32568 0.06019
188.50000 -58.32624 0.05941
188.55000 -58.32751 0.05819
188.60000 -58.32886 0.06318
188.65000 -58.32725 0.05870
188.70000 -58.32844 0.06463
188.75000 -58.32975 0.06412
188.80000 -58.33239 0.07108
188.85000 -58.33208 0.06982
188.90000 -58.32972 0.06546
188.95000 -58.32925 0.07324
189.00000 -58.32796 0.06292
189.05000 -58.32642 0.06244
189.10000 -58.33090 0.06736
189.15000 -58.32811 0.06717
189.20000 -58.32808 0.06660
189.25000 -58.32857 0.07231
189.30000 -58.32660 0.06976
189.35000 -58.33106 0.06478
189.40000 -58.32966 0.05516
189.45000 -58.32937 0.05574
189.50000 -58.33235 0.05918
189.55000 -58.32830 0.05977
189.60000 -58.32539 0.05777
189.65000 -58.33378 0.06207
189.70000 -58.32749 0.05686
189.75000 -58.32703 0.05423
189.80000 -58.33097 0.06189
189.85000 -58.33024 0.06161
189.90000 -58.33339 0.06471
189.95000 -58.33675 0.06823
190.00000 -58.33238 0.06441
190.05000 -58.33161 0.07002
190.10000 -58.33498 0.06341
190.15000 -58.33349 0.05649
190.20000 -58.33003 0.05271
190.25000 -58.33150 0.05362
190.30000 -58.33201 0.05561
190.35000 -58.32776 0.05531
190.40000 -58.32782 0.05888
190.45000 -58.32932 0.06048
190.50000 -58.32704 0.06259
190.55000 -58.32992 0.06551
190.60000 -58.33002 0.05869
190.65000 -58.32340 0.06140
190.70000 -58.33312 0.06258
190.75000 -58.32497 0.05853
190.80000 -58.32302 0.06312
190.85000 -58.32550 0.05645
190.90000 -58.32671 0.06500
190.95000 -58.32611 0.06306
191.00000 -58.32646 0.05866
191.05000 -58.32660 0.06882
191.10000 -58.32475 0.06078
191.15000 -58.32502 0.06179
191.20000 -58.32647 0.05839
191.25000 -58.32846 0.06160
191.30000 -58.32779 0.06051
191.35000 -58.32804 0.06011
191.40000 -58.32543 0.06461
191.45000 -58.32215 0.06442
191.50000 -58.32559 0.05290
191.55000 -58.31987 0.06134
191.60000 -58.32784 0.05641
191.65000 -58.32224 0.05313
191.70000 -58.32216 0.05103
191.75000 -58.32279 0.05302
191.80000 -58.32403 0.05207
191.85000 -58.32214 0.04555
191.90000 -58.32936 0.04754
191.95000 -58.32218 0.05504
192.00000 -58.32009 0.04561
192.05000 -58.32153 0.05783
192.10000 -58.32529 0.05136
192.15000 -58.32160 0.04674
192.20000 -58.32424 0.05819
192.25000 -58.32452 0.05398
192.30000 -58.32153 0.04743
192.35000 -58.31826 0.05396
192.40000 -58.32150 0.05301
192.45000 -58.32112 0.05037
192.50000 -58.31764 0.04794
192.55000 -58.31823 0.05655
192.60000 -58.32216 0.05375
192.65000 -58.31772 0.05052
192.70000 -58.32004 0.05688
192.75000 -58.31686 0.05184
192.80000 -58.32047 0.04982
192.85000 -58.31787 0.04653
192.90000 -58.31732 0.04238
192.95000 -58.31800 0.04956
193.00000 -58.31813 0.04519
193.05000 -58.31509 0.05227
193.10000 -58.31878 0.04495
193.15000 -58.31798 0.04256
193.20000 -58.32094 0.04554
193.25000 -58.31635 0.04441
193.30000 -58.31254 0.04659
193.35000 -58.31658 0.04534
193.40000 -58.31800 0.04234
193.45000 -58.31815 0.04330
193.50000 -58.31781 0.03856
193.55000 -58.31435 0.04999
193.60000 -58.31492 0.04878
193.65000 -58.31750 0.04779
193.70000 -58.31592 0.04841
193.75000 -58.31869 0.04647
193.80000 -58.31930 0.04802
193.85000 -58.31633 0.04535
193.90000 -58.31844 0.04237
193.95000 -58.31959 0.04780
194.00000 -58.31723 0.04622
194.05000 -58.31523 0.04545
194.10000 -58.31970 0.04721
194.15000 -58.31646 0.04699
194.20000 -58.31708 0.04378
194.25000 -58.32052 0.03886
194.30000 -58.31619 0.04953
194.35000 -58.31606 0.04438
194.40000 -58.31425 0.03890
194.45000 -58.31628 0.04006
194.50000 -58.31852 0.03956
194.55000 -58.31443 0.03837
194.60000 -58.31742 0.03969
194.65000 -58.31591 0.04165
194.70000 -58.31491 0.03589
194.75000 -58.31317 0.03884
194.80000 -58.31480 0.04467
194.85000 -58.31807 0.04095
194.90000 -58.31692 0.03794
194.95000 -58.31834 0.03949
195.00000 -58.31434 0.03923
195.05000 -58.31273 0.04070
195.10000 -58.31652 0.03984
195.15000 -58.31300 0.03766
195.20000 -58.31313 0.03857
195.25000 -58.31623 0.03703
195.30000 -58.31589 0.03687
195.35000 -58.31622 0.02914
195.40000 -58.31695 0.03359
195.45000 -58.31840 0.03625
195.50000 -58.31786 0.03071
195.55000 -58.31936 0.03006
195.60000 -58.31443 0.03595
195.65000 -58.32229 0.02937
195.70000 -58.32238 0.02932
195.75000 -58.32426 0.03093
195.80000 -58.32020 0.03037
195.85000 -58.32058 0.02307
195.90000 -58.32451 0.02541
195.95000 -58.32140 0.02754
196.00000 -58.32045 0.02317
196.05000 -58.32020 0.02369
196.10000 -58.32015 0.02206
196.15000 -58.32263 0.01997
196.20000 -58.32237 0.01407
196.25000 -58.32255 0.01594
196.30000 -58.32546 0.01507
196.35000 -58.32533 0.01767
196.40000 -58.32015 0.01943
196.45000 -58.31993 0.02182
196.50000 -58.31982 0.02019
196.55000 -58.32096 0.02297
196.60000 -58.32009 0.01818
196.65000 -58.32282 0.01899
196.70000 -58.31881 0.02268
196.75000 -58.32050 0.01843
196.80000 -58.32360 0.01954
196.85000 -58.32106 0.02243
196.90000 -58.32216 0.01951
196.95000 -58.32478 0.02374
197.00000 -58.32350 0.02179
197.05000 -58.32095 0.02414
197.10000 -58.32530 0.01720
197.15000 -58.32682 0.01711
197.20000 -58.31995 0.02623
197.25000 -58.32114 0.02611
197.30000 -58.32045 0.02629
197.35000 -58.32144 0.02536
197.40000 -58.31651 0.02951
197.45000 -58.31798 0.03059
197.50000 -58.31922 0.02839
197.55000 -58.32066 0.02402
197.60000 -58.32359 0.03093
197.65000 -58.32241 0.02437
197.70000 -58.32358 0.02776
197.75000 -58.32232 0.01952
197.80000 -58.32161 0.02364
197.85000 -58.31685 0.03192
197.90000 -58.31450 0.02854
197.95000 -58.31483 0.03216
198.00000 -58.31711 0.03091
198.05000 -58.31784 0.03671
198.10000 -58.31921 0.03538
198.15000 -58.31789 0.02967
198.20000 -58.31418 0.02933
198.25000 -58.31869 0.03204
198.30000 -58.31661 0.03607
198.35000 -58.31302 0.03962
198.40000 -58.31411 0.03800
198.45000 -58.31510 0.04148
198.50000 -58.31912 0.03521
198.55000 -58.31593 0.03059
198.60000 -58.31454 0.03609
198.65000 -58.31925 0.03890
198.70000 -58.31883 0.03720
198.75000 -58.31653 0.03361
198.80000 -58.31871 0.03381
198.85000 -58.31778 0.03106
198.90000 -58.31440 0.03948
198.95000 -58.31548 0.03550
199.00000 -58.31712 0.03043
199.05000 -58.32166 0.02727
199.10000 -58.31895 0.03713
199.15000 -58.31696 0.03590
199.20000 -58.31484 0.04333
199.25000 -58.31868 0.04032
199.30000 -58.31607 0.03817
199.35000 -58.31542 0.04648
199.40000 -58.31682 0.04370
199.45000 -58.31564 0.05048
199.50000 -58.31954 0.04834
199.55000 -58.31859 0.05037
199.60000 -58.31875 0.04663
199.65000 -58.31822 0.04111
199.70000 -58.31463 0.05040
199.75000 -58.31358 0.05548
199.80000 -58.31290 0.05343
199.85000 -58.31480 0.05183
199.90000 -58.31509 0.04964
199.95000 -58.31335 0.04734
200.00000 -58.31329 0.05745
200.05000 -58.31736 0.04963
200.10000 -58.31642 0.04933
200.15000 -58.31121 0.05489
200.20000 -58.31589 0.05100
200.25000 -58.31696 0.04485
200.30000 -58.31518 0.04921
200.35000 -58.31545 0.04615
200.40000 -58.31400 0.04893
200.45000 -58.31428 0.05428
200.50000 -58.31348 0.05336
200.55000 -58.32076 0.05261
200.60000 -58.32064 0.05870
200.65000 -58.31687 0.05849
200.70000 -58.31415 0.06070
200.75000 -58.31641 0.05757
200.80000 -58.31470 0.05375
200.85000 -58.31880 0.05988
200.90000 -58.31823 0.05733
200.95000 -58.31705 0.04821
201.00000 -58.31429 0.05222
201.05000 -58.31781 0.04836
201.10000 -58.31739 0.05090
201.15000 -58.31720 0.04898
201.20000 -58.32021 0.05134
201.25000 -58.32083 0.05079
201.30000 -58.32029 0.05270
201.35000 -58.31713 0.05788
201.40000 -58.31162 0.05952
201.45000 -58.31512 0.05699
201.50000 -58.31825 0.05874
201.55000 -58.31477 0.06568
201.60000 -58.31846 0.06838
201.65000 -58.31834 0.06694
201.70000 -58.31370 0.06835
201.75000 -58.31770 0.06349
201.80000 -58.31748 0.06522
201.85000 -58.32144 0.06743
201.90000 -58.32235 0.05609
201.95000 -58.31609 0.06512
202.00000 -58.31554 0.06355
202.05000 -58.32120 0.05857
202.10000 -58.32496 0.05462
202.15000 -58.32106 0.06644
202.20000 -58.31997 0.06749
202.25000 -58.31949 0.06648
202.30000 -58.32105 0.06409
202.35000 -58.31808 0.05975
202.40000 -58.31763 0.05707
202.45000 -58.32144 0.05873
202.50000 -58.31822 0.05582
202.55000 -58.32107 0.05238
202.60000 -58.32317 0.05562
202.65000 -58.32003 0.05760
202.70000 -58.31953 0.05291
202.75000 -58.31863 0.05136
202.80000 -58.31879 0.05398
202.85000 -58.32316 0.05951
202.90000 -58.32562 0.06052
202.95000 -58.32008 0.05764
203.00000 -58.31954 0.04929
203.05000 -58.32279 0.04936
203.10000 -58.32164 0.05036
203.15000 -58.32308 0.05010
203.20000 -58.32371 0.04623
203.25000 -58.32533 0.05651
203.30000 -58.31972 0.05495
203.35000 -58.32002 0.06294
203.40000 -58.32340 0.05184
203.45000 -58.31926 0.05127
203.50000 -58.32339 0.05536
203.55000 -58.31797 0.05500
203.60000 -58.31970 0.06126
203.65000 -58.32038 0.05970
203.70000 -58.32262 0.04822
203.75000 -58.32471 0.05427
203.80000 -58.32936 0.05424
203.85000 -58.32656 0.04641
203.90000 -58.32687 0.04985
203.95000 -58.32431 0.04907
204.00000 -58.32813 0.04735
204.05000 -58.32482 0.04804
204.10000 -58.32294 0.04990
204.15000 -58.32418 0.04541
204.20000 -58.32778 0.03677
204.25000 -58.32361 0.04866
204.30000 -58.31918 0.04783
204.35000 -58.32215 0.04226
204.40000 -58.32052 0.04389
204.45000 -58.32013 0.04942
204.50000 -58.32025 0.04930
204.55000 -58.32120 0.05138
204.60000 -58.32026 0.05207
204.65000 -58.32505 0.04704
204.70000 -58.32142 0.04704
204.75000 -58.32120 0.04750
204.80000 -58.32224 0.04505
204.85000 -58.32308 0.05067
204.90000 -58.32130 0.04928
204.95000 -58.32292 0.04334
205.00000 -58.32420 0.05252
205.05000 -58.32165 0.04678
205.10000 -58.32336 0.05226
205.15000 -58.32719 0.04516
205.20000 -58.32307 0.04461
205.25000 -58.32352 0.05090
205.30000 -58.32358 0.04661
205.35000 -58.32499 0.04331
205.40000 -58.32291 0.04844
205.45000 -58.32951 0.04395
205.50000 -58.32740 0.03607
205.55000 -58.32684 0.03887
205.60000 -58.32812 0.03676
205.65000 -58.32764 0.04225
205.70000 -58.32963 0.03741
205.75000 -58.33014 0.03635
205.80000 -58.32764 0.03749
205.85000 -58.33217 0.03321
205.90000 -58.33071 0.03955
205.95000 -58.33019 0.03206
206.00000 -58.33102 0.03895
206.05000 -58.33583 0.03428
206.10000 -58.33028 0.03377
206.15000 -58.33406 0.03420
206.20000 -58.33547 0.02928
206.25000 -58.33523 0.03057
206.30000 -58.33677 0.02837
206.35000 -58.33603 0.02855
206.40000 -58.33717 0.02755
206.45000 -58.33640 0.03604
206.50000 -58.33590 0.03184
206.55000 -58.33509 0.03954
206.60000 -58.33134 0.04459
206.65000 -58.33314 0.04161
206.70000 -58.32952 0.03868
206.75000 -58.32797 0.04006
206.80000 -58.33284 0.04126
206.85000 -58.32714 0.03696
206.90000 -58.32978 0.03888
206.95000 -58.33050 0.03773
207.00000 -58.33088 0.04309
207.05000 -58.33068 0.04200
207.10000 -58.33281 0.03238
207.15000 -58.32772 0.03424
207.20000 -58.33147 0.03870
207.25000 -58.33236 0.04125
207.30000 -58.33188 0.03602
207.35000 -58.33110 0.03475
207.40000 -58.32879 0.03222
207.45000 -58.33092 0.03361
207.50000 -58.33246 0.02932
207.55000 -58.33095 0.03161
207.60000 -58.32751 0.03096
207.65000 -58.32738 0.03120
207.70000 -58.32827 0.02961
207.75000 -58.32690 0.03365
207.80000 -58.32876 0.03293
207.85000 -58.32693 0.02947
207.90000 -58.33335 0.03860
207.95000 -58.33394 0.03788
208.00000 -58.33117 0.02963
208.05000 -58.33011 0.03331
208.10000 -58.33396 0.03416
208.15000 -58.33321 0.02479
208.20000 -58.32813 0.02779
208.25000 -58.32849 0.02636
208.30000 -58.33446 0.02656
208.35000 -58.33339 0.02679
208.40000 -58.33392 0.02708
208.45000 -58.32982 0.02507
208.50000 -58.33148 0.02363
208.55000 -58.33069 0.02903
208.60000 -58.33489 0.03363
208.65000 -58.32989 0.03945
208.70000 -58.33381 0.03030
208.75000 -58.33191 0.03210
208.80000 -58.33691 0.03198
208.85000 -58.33370 0.03415
208.90000 -58.33163 0.03921
208.95000 -58.33349 0.03601
209.00000 -58.33488 0.03675
209.05000 -58.33757 0.03532
209.10000 -58.33799 0.04193
209.15000 -58.33497 0.03851
209.20000 -58.33231 0.03404
209.25000 -58.33600 0.04184
209.30000 -58.33566 0.04334
209.35000 -58.33709 0.03801
209.40000 -58.33627 0.04042
209.45000 -58.33617 0.04024
209.50000 -58.33160 0.04066
209.55000 -58.33041 0.03873
209.60000 -58.33333 0.04028
209.65000 -58.33443 0.04102
209.70000 -58.33432 0.03214
209.75000 -58.33635 0.04002
209.80000 -58.33061 0.03508
209.85000 -58.33060 0.03510
209.90000 -58.33276 0.03631
209.95000 -58.33684 0.03032
210.00000 -58.33338 0.03373
210.05000 -58.33833 0.03237
210.10000 -58.33221 0.02796
210.15000 -58.33309 0.02486
210.20000 -58.33220 0.02600
210.25000 -58.33149 0.02457
210.30000 -58.33173 0.02512
210.35000 -58.33035 0.03019
210.40000 -58.33075 0.02930
210.45000 -58.33229 0.02368
210.50000 -58.33055 0.02999
210.55000 -58.33119 0.03481
210.60000 -58.33197 0.03072
210.65000 -58.33285 0.02680
210.70000 -58.33394 0.02944
210.75000 -58.33438 0.02649
210.80000 -58.32912 0.02567
210.85000 -58.33672 0.02756
210.90000 -58.33058 0.03093
210.95000 -58.32880 0.03632
211.00000 -58.32999 0.03005
211.05000 -58.33387 0.03385
211.10000 -58.33376 0.03567
211.15000 -58.33227 0.03126
211.20000 -58.33326 0.03667
211.25000 -58.33351 0.03627
211.30000 -58.33295 0.03278
211.35000 -58.33638 0.03368
211.40000 -58.33468 0.03719
211.45000 -58.33562 0.04026
211.50000 -58.33664 0.03276
211.55000 -58.33074 0.02722
211.60000 -58.33242 0.02573
211.65000 -58.33310 0.02942
211.70000 -58.33846 0.03454
211.75000 -58.33875 0.03682
211.80000 -58.33937 0.03235
211.85000 -58.33880 0.03636
211.90000 -58.33748 0.03072
211.95000 -58.33612 0.02930
212.00000 -58.34135 0.03666
212.05000 -58.34127 0.03466
212.10000 -58.34277 0.04021
212.15000 -58.34265 0.03811
212.20000 -58.34375 0.04335
212.25000 -58.34354 0.04153
212.30000 -58.34048 0.04380
212.35000 -58.34127 0.03701
212.40000 -58.34143 0.03904
212.45000 -58.34090 0.04509
212.50000 -58.34512 0.04321
212.55000 -58.34332 0.04147
212.60000 -58.34258 0.03973
212.65000 -58.34037 0.04017
212.70000 -58.34338 0.04258
212.75000 -58.34465 0.03988
212.80000 -58.34511 0.03901
212.85000 -58.34529 0.04088
212.90000 -58.34036 0.03925
212.95000 -58.34448 0.03960
213.00000 -58.34289 0.04104
213.05000 -58.34009 0.03683
213.10000 -58.33959 0.03926
213.15000 -58.33731 0.03513
213.20000 -58.33527 0.03705
213.25000 -58.33411 0.04147
213.30000 -58.33237 0.04582
213.35000 -58.33207 0.04071
213.40000 -58.33511 0.04110
213.45000 -58.33536 0.04307
213.50000 -58.33631 0.04332
213.55000 -58.33037 0.03722
213.60000 -58.33196 0.04193
213.65000 -58.33493 0.04924
213.70000 -58.33429 0.04736
213.75000 -58.33429 0.04384
213.80000 -58.33516 0.04467
213.85000 -58.33655 0.04724
213.90000 -58.33528 0.04179
213.95000 -58.33400 0.04537
214.00000 -58.33686 0.05714
214.05000 -58.33545 0.05068
214.10000 -58.33898 0.04708
214.15000 -58.33541 0.04396
214.20000 -58.33405 0.04617
214.25000 -58.33458 0.03946
214.30000 -58.33943 0.04760
214.35000 -58.33894 0.05118
214.40000 -58.33615 0.04885
214.45000 -58.33476 0.04928
214.50000 -58.33372 0.04343
214.55000 -58.33566 0.04932
214.60000 -58.33814 0.05182
214.65000 -58.33417 0.05561
214.70000 -58.33068 0.04974
214.75000 -58.33404 0.05228
214.80000 -58.33886 0.05251
214.85000 -58.33733 0.05322
214.90000 -58.33915 0.05071
214.95000 -58.33692 0.05263
215.00000 -58.33453 0.05070
215.05000 -58.33263 0.05510
215.10000 -58.33420 0.05081
215.15000 -58.33743 0.05311
215.20000 -58.33626 0.05021
215.25000 -58.33386 0.05643
215.30000 -58.33632 0.05853
215.35000 -58.33335 0.05833
215.40000 -58.33617 0.05635
215.45000 -58.33423 0.04879
215.50000 -58.33633 0.05764
215.55000 -58.33396 0.04742
215.60000 -58.33687 0.05334
215.65000 -58.33378 0.04609
215.70000 -58.33579 0.04110
215.75000 -58.33154 0.04414
215.80000 -58.33445 0.04598
215.85000 -58.33384 0.04700
215.90000 -58.33219 0.03792
215.95000 -58.33172 0.03595
216.00000 -58.33650 0.04143
216.05000 -58.33338 0.03600
216.10000 -58.33435 0.03384
216.15000 -58.33290 0.03299
216.20000 -58.33390 0.03967
216.25000 -58.33452 0.03553
216.30000 -58.33356 0.03501
216.35000 -58.33838 0.03475
216.40000 -58.33036 0.02723
216.45000 -58.33078 0.03574
216.50000 -58.33341 0.03835
216.55000 -58.33527 0.03330
216.60000 -58.33777 0.03583
216.65000 -58.33749 0.03501
216.70000 -58.33573 0.03764
216.75000 -58.33736 0.03461
216.80000 -58.33667 0.04039
216.85000 -58.33565 0.04622
216.90000 -58.33696 0.04490
216.95000 -58.33606 0.03922
217.00000 -58.33628 0.03913
217.05000 -58.33698 0.03948
217.10000 -58.33981 0.04779
217.15000 -58.34241 0.04388
217.20000 -58.33700 0.03909
217.25000 -58.33763 0.04432
217.30000 -58.34053 0.03839
217.35000 -58.34053 0.04384
217.40000 -58.33857 0.04156
217.45000 -58.33693 0.03983
217.50000 -58.34333 0.04138
217.55000 -58.33843 0.03491
217.60000 -58.33884 0.03962
217.65000 -58.34282 0.04697
217.70000 -58.33811 0.04397
217.75000 -58.33907 0.03964
217.80000 -58.33890 0.04740
217.85000 -58.34043 0.04425
217.90000 -58.33778 0.04381
217.95000 -58.33800 0.04477
218.00000 -58.34004 0.04036
218.05000 -58.33774 0.04249
218.10000 -58.33777 0.04295
218.15000 -58.33957 0.04297
218.20000 -58.34409 0.04184
218.25000 -58.33586 0.04148
218.30000 -58.33956 0.04339
218.35000 -58.33455 0.03866
218.40000 -58.33733 0.03553
218.45000 -58.33651 0.04338
218.50000 -58.33679 0.04230
218.55000 -58.33556 0.03775
218.60000 -58.33181 0.04447
218.65000 -58.33020 0.04538
218.70000 -58.32810 0.04197
218.75000 -58.32998 0.04218
218.80000 -58.32536 0.04531
218.85000 -58.32445 0.04457
218.90000 -58.32174 0.04614
218.95000 -58.32378 0.03880
219.00000 -58.32166 0.04897
219.05000 -58.32444 0.04675
219.10000 -58.32583 0.04308
219.15000 -58.32757 0.04136
219.20000 -58.33273 0.04352
219.25000 -58.32742 0.03628
219.30000 -58.32891 0.04553
219.35000 -58.32876 0.04077
219.40000 -58.32850 0.03971
219.45000 -58.32871 0.04740
219.50000 -58.32538 0.04582
219.55000 -58.32583 0.04076
219.60000 -58.32384 0.04826
219.65000 -58.32346 0.04008
219.70000 -58.31957 0.04812
219.75000 -58.32209 0.04061
219.80000 -58.32005 0.04172
219.85000 -58.32336 0.03693
219.90000 -58.32449 0.04347
219.95000 -58.32455 0.04306
220.00000 -58.32667 0.04721
220.05000 -58.32420 0.04349
220.10000 -58.32197 0.04046
220.15000 -58.32212 0.04343
220.20000 -58.32211 0.04845
220.25000 -58.32675 0.04429
220.30000 -58.32735 0.04829
220.35000 -58.32499 0.04704
220.40000 -58.32595 0.05059
220.45000 -58.32534 0.05284
220.50000 -58.32520 0.05295
220.55000 -58.32443 0.04988
220.60000 -58.32201 0.04732
220.65000 -58.32357 0.05046
220.70000 -58.32581 0.05093
220.75000 -58.32792 0.05031
220.80000 -58.32502 0.05404
220.85000 -58.32611 0.05292
220.90000 -58.32548 0.05292
220.95000 -58.32774 0.05698
221.00000 -58.32663 0.04908
221.05000 -58.32613 0.04751
221.10000 -58.32722 0.05701
221.15000 -58.32578 0.05398
221.20000 -58.32724 0.05767
221.25000 -58.32407 0.05220
221.30000 -58.32434 0.04474
221.35000 -58.32617 0.05077
221.40000 -58.32410 0.04976
221.45000 -58.32605 0.04970
221.50000 -58.32488 0.04911
221.55000 -58.32731 0.05340
221.60000 -58.32663 0.06246
221.65000 -58.32488 0.04839
221.70000 -58.32311 0.04274
221.75000 -58.33070 0.04161
221.80000 -58.32465 0.05755
221.85000 -58.32550 0.05240
221.90000 -58.32386 0.04469
221.95000 -58.32590 0.04065
222.00000 -58.32802 0.03780
222.05000 -58.32743 0.04422
222.10000 -58.32728 0.04432
222.15000 -58.32751 0.04490
222.20000 -58.32979 0.04583
222.25000 -58.32825 0.04115
222.30000 -58.32814 0.04414
222.35000 -58.32268 0.04473
222.40000 -58.32765 0.04480
222.45000 -58.32859 0.03933
222.50000 -58.32656 0.03834
222.55000 -58.32863 0.04122
222.60000 -58.32502 0.04645
222.65000 -58.32483 0.04932
222.70000 -58.32536 0.04307
222.75000 -58.32600 0.04515
222.80000 -58.32698 0.04466
222.85000 -58.32818 0.04715
222.90000 -58.32693 0.04710
222.95000 -58.32616 0.04444
223.00000 -58.32576 0.04276
223.05000 -58.32666 0.04398
223.10000 -58.32668 0.04154
223.15000 -58.33124 0.03965
223.20000 -58.33021 0.04151
223.25000 -58.32881 0.04468
223.30000 -58.33258 0.04167
223.35000 -58.33090 0.04954
223.40000 -58.32732 0.04474
223.45000 -58.32738 0.04692
223.50000 -58.33011 0.04852
223.55000 -58.32797 0.04047
223.60000 -58.32767 0.04853
223.65000 -58.32648 0.04884
223.70000 -58.32583 0.03940
223.75000 -58.32393 0.03559
223.80000 -58.32190 0.03649
223.85000 -58.31841 0.04531
223.90000 -58.31894 0.04355
223.95000 -58.32339 0.04286
224.00000 -58.32318 0.04223
224.05000 -58.31848 0.04413
224.10000 -58.31854 0.04560
224.15000 -58.32143 0.04274
224.20000 -58.31843 0.04396
224.25000 -58.31812 0.04400
224.30000 -58.31960 0.04931
224.35000 -58.31906 0.04139
224.40000 -58.32205 0.04160
224.45000 -58.32160 0.04181
224.50000 -58.31980 0.03974
224.55000 -58.32228 0.04462
224.60000 -58.31892 0.04585
224.65000 -58.32128 0.04069
224.70000 -58.32105 0.04307
224.75000 -58.32374 0.04228
224.80000 -58.32508 0.03711
224.85000 -58.32212 0.04009
224.90000 -58.32242 0.03846
224.95000 -58.32305 0.03544
225.00000 -58.32683 0.03817
225.05000 -58.32653 0.03908
225.10000 -58.32323 0.04078
225.15000 -58.32500 0.03893
225.20000 -58.32420 0.04335
225.25000 -58.32386 0.03761
225.30000 -58.32211 0.04673
225.35000 -58.32929 0.03575
225.40000 -58.32730 0.03826
225.45000 -58.32707 0.04182
225.50000 -58.32386 0.04358
225.55000 -58.32355 0.04286
225.60000 -58.32344 0.04059
225.65000 -58.32770 0.04207
225.70000 -58.32657 0.03926
225.75000 -58.32470 0.03447
225.80000 -58.32619 0.03544
225.85000 -58.32900 0.03607
225.90000 -58.32825 0.04224
225.95000 -58.32784 0.03199
226.00000 -58.32671 0.03295
226.05000 -58.32615 0.03160
226.10000 -58.32306 0.03796
226.15000 -58.32550 0.03207
226.20000 -58.32649 0.03463
226.25000 -58.32961 0.04122
226.30000 -58.32984 0.03338
226.35000 -58.32488 0.03587
226.40000 -58.32521 0.03208
226.45000 -58.32877 0.02833
226.50000 -58.32507 0.03160
226.55000 -58.32302 0.03074
226.60000 -58.32682 0.03642
226.65000 -58.32270 0.03770
226.70000 -58.32780 0.03751
226.75000 -58.32474 0.03609
226.80000 -58.32263 0.03968
226.85000 -58.32497 0.02635
226.90000 -58.32743 0.03343
226.95000 -58.32587 0.03235
227.00000 -58.32422 0.03359
227.05000 -58.32260 0.03566
227.10000 -58.32207 0.03616
227.15000 -58.32189 0.03698
227.20000 -58.32664 0.04029
227.25000 -58.32640 0.03131
227.30000 -58.32906 0.03332
227.35000 -58.33036 0.04021
227.40000 -58.32529 0.03952
227.45000 -58.32769 0.04039
227.50000 -58.32775 0.03674
227.55000 -58.32749 0.03845
227.60000 -58.32380 0.04404
227.65000 -58.32215 0.04561
227.70000 -58.32278 0.04591
227.75000 -58.32848 0.04070
227.80000 -58.32591 0.04598
227.85000 -58.32697 0.04385
227.90000 -58.32568 0.04847
227.95000 -58.32437 0.04826
228.00000 -58.32527 0.04160
228.05000 -58.32943 0.04274
228.10000 -58.32315 0.04495
228.15000 -58.32882 0.04418
228.20000 -58.32907 0.04440
228.25000 -58.33157 0.04364
228.30000 -58.32832 0.03968
228.35000 -58.32630 0.04380
228.40000 -58.32417 0.04563
228.45000 -58.32377 0.04248
228.50000 -58.32412 0.04925
228.55000 -58.32329 0.04790
228.60000 -58.32226 0.04058
228.65000 -58.32492 0.04255
228.70000 -58.32654 0.03983
228.75000 -58.32604 0.05233
228.80000 -58.32049 0.05048
228.85000 -58.31915 0.04703
228.90000 -58.32166 0.05475
228.95000 -58.32676 0.05937
229.00000 -58.32230 0.05485
229.05000 -58.32590 0.05096
229.10000 -58.32093 0.05929
229.15000 -58.32527 0.05675
229.20000 -58.32621 0.05829
229.25000 -58.32880 0.05706
229.30000 -58.32828 0.05022
229.35000 -58.32474 0.05335
229.40000 -58.32734 0.05070
229.45000 -58.32272 0.05791
229.50000 -58.32492 0.05590
229.55000 -58.32232 0.05669
229.60000 -58.32217 0.05575
229.65000 -58.32139 0.05215
229.70000 -58.32431 0.04637
229.75000 -58.32200 0.04792
229.80000 -58.31720 0.05039
229.85000 -58.32181 0.05543
229.90000 -58.31898 0.05914
229.95000 -58.32183 0.05041
230.00000 -58.32138 0.05185
230.05000 -58.32149 0.05039
230.10000 -58.32245 0.05140
230.15000 -58.32602 0.05267
230.20000 -58.32322 0.04799
230.25000 -58.32314 0.04772
230.30000 -58.32617 0.04406
230.35000 -58.32549 0.05330
230.40000 -58.32527 0.04720
230.45000 -58.32750 0.05040
230.50000 -58.32607 0.05265
230.55000 -58.32564 0.04707
230.60000 -58.32269 0.04462
230.65000 -58.32007 0.04707
230.70000 -58.32211 0.04916
230.75000 -58.32638 0.04092
230.80000 -58.32820 0.04746
230.85000 -58.32810 0.04817
230.90000 -58.32907 0.04772
230.95000 -58.32469 0.05182
231.00000 -58.32049 0.05162
231.05000 -58.32662 0.04772
231.10000 -58.32812 0.04408
231.15000 -58.32562 0.04377
231.20000 -58.32732 0.04914
231.25000 -58.32619 0.05022
231.30000 -58.32989 0.04731
231.35000 -58.32524 0.04793
231.40000 -58.32690 0.05248
231.45000 -58.32880 0.05271
231.50000 -58.32678 0.04841
231.55000 -58.32685 0.04756
231.60000 -58.32915 0.04320
231.65000 -58.33295 0.04881
231.70000 -58.33249 0.04770
231.75000 -58.32932 0.04721
231.80000 -58.32799 0.04145
231.85000 -58.33040 0.03883
231.90000 -58.33098 0.03989
231.95000 -58.33178 0.03869
232.00000 -58.33539 0.03765
232.05000 -58.33328 0.04014
232.10000 -58.32667 0.03886
232.15000 -58.33070 0.04126
232.20000 -58.33055 0.03938
232.25000 -58.33137 0.04067
232.30000 -58.33432 0.04081
232.35000 -58.33239 0.04422
232.40000 -58.32594 0.04129
232.45000 -58.32803 0.04270
232.50000 -58.32929 0.05066
232.55000 -58.32363 0.04840
232.60000 -58.32697 0.04571
232.65000 -58.33242 0.04668
232.70000 -58.32901 0.04404
232.75000 -58.33246 0.04410
232.80000 -58.33161 0.04298
232.85000 -58.32586 0.05173
232.90000 -58.32798 0.03684
232.95000 -58.32809 0.04440
233.00000 -58.32842 0.03975
233.05000 -58.32827 0.04035
233.10000 -58.32898 0.04007
233.15000 -58.32228 0.03807
233.20000 -58.32478 0.03907
233.25000 -58.32557 0.02887
233.30000 -58.32619 0.03988
233.35000 -58.32740 0.04252
233.40000 -58.32615 0.03657
233.45000 -58.32357 0.04249
233.50000 -58.32576 0.03679
233.55000 -58.32414 0.03772
233.60000 -58.32366 0.04379
233.65000 -58.32300 0.04171
233.70000 -58.32288 0.03232
233.75000 -58.31993 0.04408
233.80000 -58.31921 0.04193
233.85000 -58.31929 0.04190
233.90000 -58.32349 0.03733
233.95000 -58.32238 0.04236
234.00000 -58.32189 0.03697
234.05000 -58.32387 0.03778
234.10000 -58.32135 0.03289
234.15000 -58.32113 0.03755
234.20000 -58.32670 0.04093
234.25000 -58.32436 0.03643
234.30000 -58.32292 0.05131
234.35000 -58.32413 0.04369
234.40000 -58.32580 0.04756
234.45000 -58.32117 0.04147
234.50000 -58.31877 0.04566
234.55000 -58.32470 0.04729
234.60000 -58.32316 0.04738
234.65000 -58.32571 0.04822
234.70000 -58.33098 0.04322
234.75000 -58.32787 0.03301
234.80000 -58.32380 0.03745
234.85000 -58.32753 0.04037
234.90000 -58.32591 0.04348
234.95000 -58.32242 0.04160
235.00000 -58.32486 0.03585
235.05000 -58.32454 0.03389
235.10000 -58.32358 0.03543
235.15000 -58.32448 0.03404
235.20000 -58.32353 0.03311
235.25000 -58.32086 0.03842
235.30000 -58.32010 0.04915
235.35000 -58.31962 0.04488
235.40000 -58.31927 0.04510
235.45000 -58.31737 0.04862
235.50000 -58.31756 0.05164
235.55000 -58.31864 0.05054
235.60000 -58.32450 0.04648
235.65000 -58.32417 0.03880
235.70000 -58.32565 0.04928
235.75000 -58.32274 0.04115
235.80000 -58.32085 0.04721
235.85000 -58.32245 0.04672
235.90000 -58.32166 0.04843
235.95000 -58.32001 0.05054
236.00000 -58.31829 0.04629
236.05000 -58.31709 0.05615
236.10000 -58.32027 0.04738
236.15000 -58.31815 0.04954
236.20000 -58.31664 0.05096
236.25000 -58.31957 0.04777
236.30000 -58.31925 0.05049
236.35000 -58.31946 0.04600
236.40000 -58.32097 0.04907
236.45000 -58.32255 0.05262
236.50000 -58.32493 0.04572
236.55000 -58.32050 0.04366
236.60000 -58.31890 0.05005
236.65000 -58.32105 0.05099
236.70000 -58.32192 0.04497
236.75000 -58.32473 0.03798
236.80000 -58.32312 0.04098
236.85000 -58.32028 0.04399
236.90000 -58.32063 0.03708
236.95000 -58.31839 0.03919
237.00000 -58.32095 0.04541
237.05000 -58.32062 0.04100
237.10000 -58.32067 0.03325
237.15000 -58.32144 0.02472
237.20000 -58.32454 0.03608
237.25000 -58.32596 0.03245
237.30000 -58.32494 0.02663
237.35000 -58.32296 0.02521
237.40000 -58.32113 0.02630
237.45000 -58.32503 0.02726
237.50000 -58.32588 0.02531
237.55000 -58.32499 0.02277
237.60000 -58.32457 0.01908
237.65000 -58.32536 0.01650
237.70000 -58.31985 0.02821
237.75000 -58.32560 0.01931
237.80000 -58.32679 0.01999
237.85000 -58.32652 0.01867
237.90000 -58.32566 0.02453
237.95000 -58.32891 0.02119
238.00000 -58.32582 0.01826
238.05000 -58.32893 0.02163
238.10000 -58.32369 0.01408
238.15000 -58.32531 0.01423
238.20000 -58.32435 0.00968
238.25000 -58.32423 0.01509
238.30000 -58.32608 0.01472
238.35000 -58.32260 0.01140
238.40000 -58.32535 0.01182
238.45000 -58.32619 0.01603
238.50000 -58.32646 0.01379
238.55000 -58.32552 0.01423
238.60000 -58.32419 0.01688
238.65000 -58.32581 0.01019
238.70000 -58.32534 0.00774
238.75000 -58.32422 0.01216
238.80000 -58.32227 0.01725
238.85000 -58.32325 0.01975
238.90000 -58.32147 0.01712
238.95000 -58.32003 0.01655
239.00000 -58.32097 0.01607
239.05000 -58.32096 0.01860
239.10000 -58.31848 0.01597
239.15000 -58.31961 0.01627
239.20000 -58.31846 0.01519
239.25000 -58.32103 0.01662
239.30000 -58.31916 0.01883
239.35000 -58.32167 0.01608
239.40000 -58.32392 0.01635
239.45000 -58.32702 0.01494
239.50000 -58.32308 0.01504
239.55000 -58.32250 0.01715
239.60000 -58.32513 0.01429
239.65000 -58.32596 0.01442
239.70000 -58.32325 0.01639
239.75000 -58.32294 0.01453
239.80000 -58.32549 0.01445
239.85000 -58.32380 0.01209
239.90000 -58.32096 0.01536
239.95000 -58.32318 0.01075
240.00000 -58.32345 0.01407
240.05000 -58.32055 0.01423
240.10000 -58.32670 0.01093
240.15000 -58.32481 0.00921
240.20000 -58.32480 0.01000
240.25000 -58.32684 0.01538
240.30000 -58.32404 0.01306
240.35000 -58.32327 0.01538
240.40000 -58.32017 0.01443
240.45000 -58.32334 0.01980
240.50000 -58.32558 0.01205
240.55000 -58.32649 0.01202
240.60000 -58.32438 0.01289
240.65000 -58.32564 0.01086
240.70000 -58.32886 0.01820
240.75000 -58.32716 0.01396
240.80000 -58.32600 0.01410
240.85000 -58.32923 0.00789
240.90000 -58.32524 0.01194
240.95000 -58.32775 0.01549
241.00000 -58.32875 0.01372
241.05000 -58.32564 0.01401
241.10000 -58.32976 0.01110
241.15000 -58.32803 0.01258
241.20000 -58.32727 0.01030
241.25000 -58.32747 0.00998
241.30000 -58.32627 0.01637
241.35000 -58.32482 0.01576
241.40000 -58.32470 0.01095
241.45000 -58.32153 0.01338
241.50000 -58.32277 0.01248
241.55000 -58.32103 0.01609
241.60000 -58.32236 0.01932
241.65000 -58.32247 0.01794
241.70000 -58.31716 0.02125
241.75000 -58.31752 0.01719
241.80000 -58.32518 0.01005
241.85000 -58.32351 0.01278
241.90000 -58.32613 0.01450
241.95000 -58.32472 0.01317
242.00000 -58.32846 0.01022
242.05000 -58.32773 0.01382
242.10000 -58.32666 0.01107
242.15000 -58.32816 0.01107
242.20000 -58.32794 0.01510
242.25000 -58.32309 0.01659
242.30000 -58.32428 0.01955
242.35000 -58.32433 0.01413
242.40000 -58.32359 0.01817
242.45000 -58.32661 0.01864
242.50000 -58.32872 0.01840
242.55000 -58.32811 0.01325
242.60000 -58.32705 0.01404
242.65000 -58.32686 0.01093
242.70000 -58.33204 0.01031
242.75000 -58.32801 0.01303
242.80000 -58.32987 0.01009
242.85000 -58.33087 0.01129
242.90000 -58.32471 0.01129
242.95000 -58.32502 0.01458
243.00000 -58.32669 0.01791
243.05000 -58.33077 0.01700
243.10000 -58.33180 0.01996
243.15000 -58.33513 0.02066
243.20000 -58.32937 0.01969
243.25000 -58.32718 0.01719
243.30000 -58.33102 0.01642
243.35000 -58.32909 0.02321
243.40000 -58.32799 0.01489
243.45000 -58.32922 0.01366
243.50000 -58.33285 0.01782
243.55000 -58.32810 0.01372
243.60000 -58.32792 0.02976
243.65000 -58.33299 0.02219
243.70000 -58.33119 0.02374
243.75000 -58.33051 0.01573
243.80000 -58.32593 0.01733
243.85000 -58.33209 0.02222
243.90000 -58.33349 0.02256
243.95000 -58.32901 0.02427
244.00000 -58.32922 0.01851
244.05000 -58.33237 0.02186
244.10000 -58.33170 0.02526
244.15000 -58.33154 0.02487
244.20000 -58.33235 0.02155
244.25000 -58.33323 0.02694
244.30000 -58.33068 0.02092
244.35000 -58.33199 0.01791
244.40000 -58.33001 0.02531
244.45000 -58.33242 0.02372
244.50000 -58.33439 0.02737
244.55000 -58.33089 0.02232
244.60000 -58.33464 0.02617
244.65000 -58.34121 0.03115
244.70000 -58.34090 0.02820
244.75000 -58.33333 0.02956
244.80000 -58.33797 0.02903
244.85000 -58.33832 0.02590
244.90000 -58.33349 0.02380
244.95000 -58.33392 0.02548
245.00000 -58.33816 0.02806
245.05000 -58.33838 0.03314
245.10000 -58.33737 0.02647
245.15000 -58.33810 0.03123
245.20000 -58.33668 0.03188
245.25000 -58.33393 0.02397
245.30000 -58.33470 0.02642
245.35000 -58.33639 0.02694
245.40000 -58.33806 0.02568
245.45000 -58.34218 0.02370
245.50000 -58.33854 0.02501
245.55000 -58.34112 0.02571
245.60000 -58.34149 0.02950
245.65000 -58.34033 0.02988
245.70000 -58.34284 0.03263
245.75000 -58.34479 0.03857
245.80000 -58.34425 0.03564
245.85000 -58.34033 0.02679
245.90000 -58.34037 0.02485
245.95000 -58.34215 0.03017
246.00000 -58.34077 0.03100
246.05000 -58.34114 0.03004
246.10000 -58.33831 0.02943
246.15000 -58.34165 0.03353
246.20000 -58.33408 0.03151
246.25000 -58.33480 0.02531
246.30000 -58.33978 0.02418
246.35000 -58.33765 0.02478
246.40000 -58.33806 0.02989
246.45000 -58.33888 0.02944
246.50000 -58.33952 0.03538
246.55000 -58.33622 0.03321
246.60000 -58.33769 0.03014
246.65000 -58.33367 0.02428
246.70000 -58.33200 0.03185
246.75000 -58.33263 0.03361
246.80000 -58.33745 0.02946
246.85000 -58.33898 0.03448
246.90000 -58.33395 0.02984
246.95000 -58.33234 0.02365
247.00000 -58.33181 0.03130
247.05000 -58.33766 0.03286
247.10000 -58.33261 0.03132
247.15000 -58.33160 0.02607
247.20000 -58.33300 0.03348
247.25000 -58.33125 0.03074
247.30000 -58.33049 0.02953
247.35000 -58.32939 0.02882
247.40000 -58.33167 0.02868
247.45000 -58.32749 0.03189
247.50000 -58.33007 0.03318
247.55000 -58.33084 0.03379
247.60000 -58.33330 0.02946
247.65000 -58.33594 0.03248
247.70000 -58.33143 0.03346
247.75000 -58.33289 0.03314
247.80000 -58.33278 0.03049
247.85000 -58.33366 0.03225
247.90000 -58.33011 0.03424
247.95000 -58.32749 0.02611
248.00000 -58.33105 0.02562
248.05000 -58.33088 0.03564
248.10000 -58.33209 0.03541
248.15000 -58.32850 0.03260
248.20000 -58.33218 0.02917
248.25000 -58.33194 0.03626
248.30000 -58.33301 0.03508
248.35000 -58.33341 0.03130
248.40000 -58.33096 0.02878
248.45000 -58.33507 0.02716
248.50000 -58.33482 0.03086
248.55000 -58.33317 0.02910
248.60000 -58.33294 0.02953
248.65000 -58.33558 0.02998
248.70000 -58.33431 0.02740
248.75000 -58.33638 0.03628
248.80000 -58.33457 0.02922
248.85000 -58.34046 0.03533
248.90000 -58.33615 0.02758
248.95000 -58.33749 0.03216
249.00000 -58.33392 0.02902
249.05000 -58.33704 0.02834
249.10000 -58.33747 0.02970
249.15000 -58.33838 0.03164
249.20000 -58.33737 0.03345
249.25000 -58.33943 0.03496
249.30000 -58.33947 0.02969
249.35000 -58.33529 0.02616
249.40000 -58.33930 0.02304
249.45000 -58.33661 0.02404
249.50000 -58.34005 0.02588
249.55000 -58.33925 0.02218
249.60000 -58.34044 0.02951
249.65000 -58.33820 0.02266
249.70000 -58.33494 0.02331
249.75000 -58.33577 0.02116
249.80000 -58.34347 0.02757
249.85000 -58.34166 0.02701
249.90000 -58.33882 0.02854
249.95000 -58.34171 0.02820
250.00000 -58.34054 0.02859
250.05000 -58.33322 0.02789
250.10000 -58.35028 0.02970
250.15000 -58.37868 0.04927
250.20000 -58.39072 0.05074
250.25000 -58.40618 0.04542
250.30000 -58.42078 0.04371
250.35000 -58.43753 0.04795
250.40000 -58.44935 0.04937
250.45000 -58.46086 0.04675
250.50000 -58.47025 0.04563
250.55000 -58.49046 0.05482
250.60000 -58.50061 0.05583
250.65000 -58.50827 0.05595
250.70000 -58.51898 0.05733
250.75000 -58.52500 0.05727
250.80000 -58.53462 0.05793
250.85000 -58.54142 0.06060
250.90000 -58.55002 0.06047
250.95000 -58.55621 0.06120
251.00000 -58.56516 0.06357
251.05000 -58.57304 0.06628
251.10000 -58.58158 0.07043
251.15000 -58.58275 0.06981
251.20000 -58.59340 0.07234
251.25000 -58.60096 0.07519
251.30000 -58.60891 0.07633
251.35000 -58.61289 0.07898
251.40000 -58.62749 0.08398
251.45000 -58.62483 0.08339
251.50000 -58.63138 0.08496
251.55000 -58.63636 0.08579
251.60000 -58.64334 0.08847
251.65000 -58.64705 0.08910
251.70000 -58.65479 0.09297
251.75000 -58.66000 0.09571
251.80000 -58.66463 0.09687
251.85000 -58.66870 0.09889
251.90000 -58.67189 0.10061
251.95000 -58.66899 0.09899
252.00000 -58.67660 0.10293
252.05000 -58.68116 0.10621
252.10000 -58.68162 0.10454
252.15000 -58.68627 0.10578
252.20000 -58.69309 0.10773
252.25000 -58.69332 0.10699
252.30000 -58.70024 0.10906
252.35000 -58.69957 0.10964
252.40000 -58.70282 0.11051
252.45000 -58.70479 0.11248
252.50000 -58.71263 0.11799
252.55000 -58.71153 0.11597
252.60000 -58.71545 0.11765
252.65000 -58.72117 0.11929
252.70000 -58.72362 0.12188
252.75000 -58.72362 0.12207
252.80000 -58.72789 0.12400
252.85000 -58.73380 0.12462
252.90000 -58.73576 0.12848
252.95000 -58.73856 0.13028
253.00000 -58.74429 0.12829
253.05000 -58.74437 0.12793
253.10000 -58.74148 0.12884
253.15000 -58.74727 0.13084
253.20000 -58.75458 0.13329
253.25000 -58.75257 0.13412
253.30000 -58.75404 0.13203
253.35000 -58.75587 0.13315
253.40000 -58.75736 0.13163
253.45000 -58.75710 0.13302
253.50000 -58.75974 0.13333
253.55000 -58.76254 0.13816
253.60000 -58.76468 0.13760
253.65000 -58.76445 0.13689
253.70000 -58.76696 0.13923
253.75000 -58.76966 0.13846
253.80000 -58.77445 0.13921
253.85000 -58.77420 0.14129
253.90000 -58.77447 0.14100
253.95000 -58.77576 0.14093
254.00000 -58.77259 0.14032
254.05000 -58.77844 0.14214
254.10000 -58.77447 0.14167
254.15000 -58.77927 0.14327
254.20000 -58.78092 0.14563
254.25000 -58.78420 0.14576
254.30000 -58.78215 0.14444
254.35000 -58.78230 0.14302
254.40000 -58.78392 0.14442
254.45000 -58.78393 0.14568
254.50000 -58.78299 0.14582
254.55000 -58.78767 0.14628
254.60000 -58.78590 0.14571
254.65000 -58.78577 0.14618
254.70000 -58.78329 0.14683
254.75000 -58.78599 0.14732
254.80000 -58.78413 0.14613
254.85000 -58.79003 0.14837
254.90000 -58.78618 0.14747
254.95000 -58.78927 0.14866
255.00000 -58.79102 0.14870
255.05000 -58.79291 0.14784
255.10000 -58.79238 0.15064
255.15000 -58.79501 0.15003
255.20000 -58.79519 0.14892
255.25000 -58.79620 0.14898
255.30000 -58.79838 0.15023
255.35000 -58.79061 0.14885
255.40000 -58.79790 0.14958
255.45000 -58.80159 0.15125
255.50000 -58.79674 0.14919
255.55000 -58.80154 0.15291
255.60000 -58.80097 0.15152
255.65000 -58.80036 0.15060
255.70000 -58.80384 0.15115
255.75000 -58.80566 0.15313
255.80000 -58.80057 0.15277
255.85000 -58.80365 0.15366
255.90000 -58.80348 0.15350
255.95000 -58.80632 0.15420
256.00000 -58.80452 0.15532
256.05000 -58.80554 0.15316
256.10000 -58.80479 0.15449
256.15000 -58.80614 0.15272
256.20000 -58.80677 0.15335
256.25000 -58.80796 0.15425
256.30000 -58.81311 0.15614
256.35000 -58.80725 0.15610
256.40000 -58.81181 0.15646
256.45000 -58.80930 0.15762
256.50000 -58.81066 0.15701
256.55000 -58.80944 0.15628
256.60000 -58.80862 0.15828
256.65000 -58.81112 0.15887
256.70000 -58.81358 0.15853
256.75000 -58.81241 0.15789
256.80000 -58.81655 0.15976
256.85000 -58.81421 0.16058
256.90000 -58.81852 0.15884
256.95000 -58.81621 0.15785
257.00000 -58.81653 0.15850
257.05000 -58.81517 0.15911
257.10000 -58.81452 0.15807
257.15000 -58.81840 0.15944
257.20000 -58.81952 0.16173
257.25000 -58.81586 0.15932
257.30000 -58.82070 0.15927
257.35000 -58.81683 0.15832
257.40000 -58.81531 0.15921
257.45000 -58.81503 0.15950
257.50000 -58.81751 0.15831
257.55000 -58.81121 0.15903
257.60000 -58.81631 0.16021
257.65000 -58.81672 0.15874
257.70000 -58.81665 0.15799
257.75000 -58.82144 0.15976
257.80000 -58.82077 0.15776
257.85000 -58.82194 0.15795
257.90000 -58.82109 0.15961
257.95000 -58.82281 0.16036
258.00000 -58.82042 0.16058
258.05000 -58.81947 0.15907
258.10000 -58.81808 0.15851
258.15000 -58.81946 0.15839
258.20000 -58.82149 0.15977
258.25000 -58.82562 0.16208
258.30000 -58.82720 0.15971
258.35000 -58.82701 0.16053
258.40000 -58.82538 0.16070
258.45000 -58.82284 0.16048
258.50000 -58.82735 0.16095
258.55000 -58.82365 0.15995
258.60000 -58.82751 0.16049
258.65000 -58.82538 0.16006
258.70000 -58.82882 0.16009
258.75000 -58.82618 0.16244
258.80000 -58.82368 0.15939
258.85000 -58.82772 0.15946
258.90000 -58.82447 0.16263
258.95000 -58.82251 0.16080
259.00000 -58.82435 0.16169
259.05000 -58.82058 0.15982
259.10000 -58.82428 0.16296
259.15000 -58.82722 0.16185
259.20000 -58.83107 0.16331
259.25000 -58.82745 0.16085
259.30000 -58.82594 0.16207
259.35000 -58.82613 0.16133
259.40000 -58.82511 0.16104
259.45000 -58.82488 0.16066
259.50000 -58.82413 0.16023
259.55000 -58.82225 0.16126
259.60000 -58.82416 0.16021
259.65000 -58.82446 0.16029
259.70000 -58.82563 0.15979
259.75000 -58.82350 0.16169
259.80000 -58.82816 0.16024
259.85000 -58.82707 0.15974
259.90000 -58.83117 0.16076
259.95000 -58.83098 0.16143
260.00000 -58.82878 0.15838
260.05000 -58.82868 0.15958
260.10000 -58.82750 0.16048
260.15000 -58.82579 0.15952
260.20000 -58.82448 0.15989
260.25000 -58.83051 0.15905
260.30000 -58.83058 0.16045
260.35000 -58.83315 0.15980
260.40000 -58.83249 0.15965
260.45000 -58.82865 0.15976
260.50000 -58.82642 0.15852
260.55000 -58.82903 0.15990
260.60000 -58.82756 0.15935
260.65000 -58.83062 0.15849
260.70000 -58.83749 0.15897
260.75000 -58.82903 0.15859
260.80000 -58.83250 0.15963
260.85000 -58.83594 0.16118
260.90000 -58.83425 0.16133
260.95000 -58.83704 0.16108
261.00000 -58.83550 0.16197
261.05000 -58.83829 0.16237
261.10000 -58.83567 0.16342
261.15000 -58.83605 0.16167
261.20000 -58.83474 0.16010
261.25000 -58.82966 0.15899
261.30000 -58.83254 0.15948
261.35000 -58.82815 0.16003
261.40000 -58.83253 0.15959
261.45000 -58.82952 0.16022
261.50000 -58.82804 0.16082
261.55000 -58.82982 0.15854
261.60000 -58.82803 0.16012
261.65000 -58.83527 0.16024
261.70000 -58.83614 0.16079
261.75000 -58.83445 0.15908
261.80000 -58.83690 0.16055
261.85000 -58.83106 0.16099
261.90000 -58.84016 0.16063
261.95000 -58.84221 0.16330
262.00000 -58.84159 0.16047
262.05000 -58.84068 0.16026
262.10000 -58.83964 0.16019
262.15000 -58.84143 0.15967
262.20000 -58.84200 0.16106
262.25000 -58.84225 0.16230
262.30000 -58.84284 0.16093
262.35000 -58.84035 0.15952
262.40000 -58.84415 0.16068
262.45000 -58.84398 0.16113
262.50000 -58.84194 0.15989
262.55000 -58.84404 0.16036
262.60000 -58.84230 0.16023
262.65000 -58.84177 0.16120
262.70000 -58.84270 0.16171
262.75000 -58.83588 0.15936
262.80000 -58.83800 0.16013
262.85000 -58.84087 0.15966
262.90000 -58.84366 0.16085
262.95000 -58.84193 0.15987
263.00000 -58.84003 0.15993
263.05000 -58.84126 0.16082
263.10000 -58.84174 0.16169
263.15000 -58.84191 0.16058
263.20000 -58.84028 0.16170
263.25000 -58.84037 0.16270
263.30000 -58.84249 0.16330
263.35000 -58.84062 0.16121
263.40000 -58.84370 0.16298
263.45000 -58.84353 0.16277
263.50000 -58.84539 0.16230
263.55000 -58.84495 0.16238
263.60000 -58.84836 0.16308
263.65000 -58.84295 0.16264
263.70000 -58.84406 0.16296
263.75000 -58.84514 0.16196
263.80000 -58.84579 0.16308
263.85000 -58.84858 0.16503
263.90000 -58.84695 0.16484
263.95000 -58.84861 0.16447
264.00000 -58.84537 0.16452
264.05000 -58.84963 0.16582
264.10000 -58.84851 0.16615
264.15000 -58.84991 0.16564
264.20000 -58.84897 0.16614
264.25000 -58.84630 0.16473
264.30000 -58.84516 0.16481
264.35000 -58.85149 0.16497
264.40000 -58.84700 0.16398
264.45000 -58.84884 0.16526
264.50000 -58.85183 0.16691
264.55000 -58.84626 0.16623
264.60000 -58.84664 0.16437
264.65000 -58.84399 0.16477
264.70000 -58.84607 0.16637
264.75000 -58.84994 0.16493
264.80000 -58.84760 0.16517
264.85000 -58.85169 0.16810
264.90000 -58.85031 0.16709
264.95000 -58.84809 0.16608
265.00000 -58.85461 0.16930
265.05000 -58.85025 0.16648
265.10000 -58.85117 0.16698
265.15000 -58.85448 0.16919
265.20000 -58.85696 0.17014
265.25000 -58.85606 0.16798
265.30000 -58.85206 0.16741
265.35000 -58.85455 0.16832
265.40000 -58.85721 0.16810
265.45000 -58.85793 0.16904
265.50000 -58.85608 0.16830
265.55000 -58.85280 0.16830
265.60000 -58.85385 0.16856
265.65000 -58.85332 0.17012
265.70000 -58.85450 0.17044
265.75000 -58.84828 0.16757
265.80000 -58.84787 0.16767
265.85000 -58.85014 0.16785
265.90000 -58.84814 0.16824
265.95000 -58.84483 0.16731
266.00000 -58.84793 0.16949
266.05000 -58.84902 0.16785
266.10000 -58.85033 0.16879
266.15000 -58.85024 0.17033
266.20000 -58.85163 0.16947
266.25000 -58.85359 0.17085
266.30000 -58.85498 0.17101
266.35000 -58.85427 0.17173
266.40000 -58.85063 0.17031
266.45000 -58.84684 0.16973
266.50000 -58.84623 0.16937
266.55000 -58.85098 0.16860
266.60000 -58.84723 0.16923
266.65000 -58.84665 0.16974
266.70000 -58.84723 0.16898
266.75000 -58.84826 0.17023
266.80000 -58.84642 0.16960
266.85000 -58.85018 0.17157
266.90000 -58.84298 0.16984
266.95000 -58.84780 0.16915
267.00000 -58.84643 0.16898
267.05000 -58.84481 0.16753
267.10000 -58.84851 0.16957
267.15000 -58.84850 0.16955
267.20000 -58.84906 0.17122
267.25000 -58.84480 0.16955
267.30000 -58.84600 0.17153
267.35000 -58.84572 0.16934
267.40000 -58.84170 0.16915
267.45000 -58.84197 0.17021
267.50000 -58.84430 0.16932
267.55000 -58.84976 0.17217
267.60000 -58.84007 0.16750
267.65000 -58.83899 0.16835
267.70000 -58.84277 0.16707
267.75000 -58.84145 0.16666
267.80000 -58.84101 0.16568
267.85000 -58.84094 0.16531
267.90000 -58.84605 0.16627
267.95000 -58.84585 0.16704
268.00000 -58.84753 0.16644
268.05000 -58.85254 0.16659
268.10000 -58.84545 0.16428
268.15000 -58.84294 0.16592
268.20000 -58.84488 0.16700
268.25000 -58.83892 0.16504
268.30000 -58.84368 0.16696
268.35000 -58.84225 0.16471
268.40000 -58.83853 0.16561
268.45000 -58.84102 0.16682
268.50000 -58.84266 0.16705
268.55000 -58.84238 0.16711
268.60000 -58.84149 0.16543
268.65000 -58.84010 0.16732
268.70000 -58.83911 0.16649
268.75000 -58.84153 0.16740
268.80000 -58.84322 0.16929
268.85000 -58.84233 0.16860
268.90000 -58.84142 0.16672
268.95000 -58.84195 0.16733
269.00000 -58.83961 0.16449
269.05000 -58.84035 0.16595
269.10000 -58.84154 0.16674
269.15000 -58.83644 0.16533
269.20000 -58.83313 0.16547
269.25000 -58.83541 0.16640
269.30000 -58.83823 0.16578
269.35000 -58.83789 0.16537
269.40000 -58.83561 0.16326
269.45000 -58.83608 0.16470
269.50000 -58.84108 0.16492
269.55000 -58.83957 0.16473
269.60000 -58.83843 0.16485
269.65000 -58.83716 0.16604
269.70000 -58.83581 0.16473
269.75000 -58.83389 0.16404
269.80000 -58.83663 0.16489
269.85000 -58.83746 0.16638
269.90000 -58.83498 0.16412
269.95000 -58.83342 0.16459
270.00000 -58.83658 0.16419
270.05000 -58.83572 0.16409
270.10000 -58.83495 0.16512
270.15000 -58.83609 0.16342
270.20000 -58.83624 0.16178
270.25000 -58.83485 0.16512
270.30000 -58.83615 0.16586
270.35000 -58.83270 0.16263
270.40000 -58.84142 0.16554
270.45000 -58.83303 0.16397
270.50000 -58.83449 0.16415
270.55000 -58.83979 0.16551
270.60000 -58.83508 0.16480
270.65000 -58.83528 0.16464
270.70000 -58.83783 0.16579
270.75000 -58.83701 0.16511
270.80000 -58.83549 0.16633
270.85000 -58.83580 0.16810
270.90000 -58.83630 0.16632
270.95000 -58.83896 0.16797
271.00000 -58.83182 0.16708
271.05000 -58.83245 0.16635
271.10000 -58.83435 0.16671
271.15000 -58.83567 0.16652
271.20000 -58.83741 0.16612
271.25000 -58.83435 0.16524
271.30000 -58.83481 0.16735
271.35000 -58.83028 0.16439
271.40000 -58.83145 0.16584
271.45000 -58.83062 0.16565
271.50000 -58.83301 0.16338
271.55000 -58.82932 0.16370
271.60000 -58.82883 0.16391
271.65000 -58.83025 0.16276
271.70000 -58.83183 0.16432
271.75000 -58.82610 0.16227
271.80000 -58.82776 0.16209
271.85000 -58.82905 0.16290
271.90000 -58.82452 0.16098
271.95000 -58.82701 0.15892
272.00000 -58.82929 0.16209
272.05000 -58.83067 0.16159
272.10000 -58.82277 0.16083
272.15000 -58.82447 0.16205
272.20000 -58.82394 0.15815
272.25000 -58.82948 0.16116
272.30000 -58.82964 0.15979
272.35000 -58.82936 0.15929
272.40000 -58.82644 0.15796
272.45000 -58.82439 0.15894
272.50000 -58.82600 0.15847
272.55000 -58.82648 0.15926
272.60000 -58.82571 0.15831
272.65000 -58.82910 0.16046
272.70000 -58.82594 0.15773
272.75000 -58.82518 0.15904
272.80000 -58.82582 0.15841
272.85000 -58.82722 0.15671
272.90000 -58.82916 0.15716
272.95000 -58.82794 0.15788
273.00000 -58.82561 0.15800
273.05000 -58.82644 0.15988
273.10000 -58.82671 0.15642
273.15000 -58.82802 0.15983
273.20000 -58.82850 0.16003
273.25000 -58.82800 0.15930
273.30000 -58.82863 0.15898
273.35000 -58.82593 0.15791
273.40000 -58.82731 0.15795
273.45000 -58.82958 0.15896
273.50000 -58.82762 0.15841
273.55000 -58.82784 0.15684
273.60000 -58.82823 0.15950
273.65000 -58.82574 0.15827
273.70000 -58.82942 0.15905
273.75000 -58.82924 0.15992
273.80000 -58.82916 0.16070
273.85000 -58.82527 0.15850
273.90000 -58.82733 0.15756
273.95000 -58.82435 0.15562
274.00000 -58.82621 0.15773
274.05000 -58.82591 0.15861
274.10000 -58.82543 0.15915
274.15000 -58.83203 0.15902
274.20000 -58.82890 0.15772
274.25000 -58.82964 0.15772
274.30000 -58.82746 0.15750
274.35000 -58.83169 0.15968
274.40000 -58.83348 0.15922
274.45000 -58.82947 0.15808
274.50000 -58.83192 0.15863
274.55000 -58.83665 0.15978
274.60000 -58.83492 0.16005
274.65000 -58.82952 0.15866
274.70000 -58.83064 0.15896
274.75000 -58.83393 0.16231
274.80000 -58.83499 0.16164
274.85000 -58.83544 0.15950
274.90000 -58.83341 0.15943
274.95000 -58.82791 0.15858
275.00000 -58.83273 0.16022
275.05000 -58.83114 0.15832
275.10000 -58.83328 0.15840
275.15000 -58.83098 0.15897
275.20000 -58.82536 0.15920
275.25000 -58.82989 0.15872
275.30000 -58.82847 0.15848
275.35000 -58.83461 0.16210
275.40000 -58.82864 0.15976
275.45000 -58.82747 0.15708
275.50000 -58.82938 0.15934
275.55000 -58.83156 0.15970
275.60000 -58.83362 0.15984
275.65000 -58.83518 0.16101
275.70000 -58.83433 0.16138
275.75000 -58.83512 0.16223
275.80000 -58.83077 0.16011
275.85000 -58.83448 0.15946
275.90000 -58.83400 0.16111
275.95000 -58.83419 0.16057
276.00000 -58.82995 0.16181
276.05000 -58.83498 0.16181
276.10000 -58.83664 0.16466
276.15000 -58.83827 0.16337
276.20000 -58.83827 0.16230
276.25000 -58.83981 0.16314
276.30000 -58.83968 0.16344
276.35000 -58.84413 0.16357
276.40000 -58.83801 0.16287
276.45000 -58.83650 0.16356
276.50000 -58.83748 0.16068
276.55000 -58.84143 0.16392
276.60000 -58.83858 0.16607
276.65000 -58.83263 0.16281
276.70000 -58.83802 0.16336
276.75000 -58.84176 0.16451
276.80000 -58.84061 0.16477
276.85000 -58.83683 0.16267
276.90000 -58.84099 0.16493
276.95000 -58.83706 0.16172
277.00000 -58.83873 0.16212
277.05000 -58.83789 0.16235
277.10000 -58.83820 0.16149
277.15000 -58.83521 0.15983
277.20000 -58.83896 0.15956
277.25000 -58.83790 0.15919
277.30000 -58.83619 0.15920
277.35000 -58.83772 0.15829
277.40000 -58.83759 0.15906
277.45000 -58.83669 0.15940
277.50000 -58.83682 0.15914
277.55000 -58.84012 0.15936
277.60000 -58.83516 0.15922
277.65000 -58.83787 0.16116
277.70000 -58.83365 0.15953
277.75000 -58.83871 0.16062
277.80000 -58.83573 0.15931
277.85000 -58.83560 0.15909
277.90000 -58.83894 0.16124
277.95000 -58.83618 0.16074
278.00000 -58.83412 0.15922
278.05000 -58.83586 0.15840
278.10000 -58.83657 0.15983
278.15000 -58.83452 0.15900
278.20000 -58.82936 0.15743
278.25000 -58.83379 0.15981
278.30000 -58.83303 0.15869
278.35000 -58.83072 0.15874
278.40000 -58.83432 0.16019
278.45000 -58.83583 0.16050
278.50000 -58.83562 0.16000
278.55000 -58.83573 0.15827
278.60000 -58.83469 0.15931
278.65000 -58.83216 0.15828
278.70000 -58.83556 0.16013
278.75000 -58.83483 0.15950
278.80000 -58.83805 0.15966
278.85000 -58.83672 0.16107
278.90000 -58.83792 0.15914
278.95000 -58.83947 0.16071
279.00000 -58.83860 0.16102
279.05000 -58.84538 0.16134
279.10000 -58.84258 0.16109
279.15000 -58.84261 0.16093
279.20000 -58.84119 0.16041
279.25000 -58.83816 0.16023
279.30000 -58.84262 0.16064
279.35000 -58.84140 0.16144
279.40000 -58.83941 0.16325
279.45000 -58.83897 0.16066
279.50000 -58.84088 0.16099
279.55000 -58.83603 0.15982
279.60000 -58.83878 0.16129
279.65000 -58.84162 0.16248
279.70000 -58.83879 0.16109
279.75000 -58.84103 0.16179
279.80000 -58.83915 0.16017
279.85000 -58.83899 0.16115
279.90000 -58.83969 0.16184
279.95000 -58.83820 0.15978
280.00000 -58.83296 0.15993
280.05000 -58.83701 0.15849
280.10000 -58.83448 0.15714
280.15000 -58.83272 0.15918
280.20000 -58.83303 0.15760
280.25000 -58.83493 0.15921
280.30000 -58.83737 0.15882
280.35000 -58.83165 0.15758
280.40000 -58.83499 0.15785
280.45000 -58.83563 0.15885
280.50000 -58.83287 0.15746
280.55000 -58.83380 0.15825
280.60000 -58.83206 0.15716
280.65000 -58.82968 0.15622
280.70000 -58.82668 0.15573
280.75000 -58.82852 0.15695
280.80000 -58.82902 0.15672
280.85000 -58.83263 0.15749
280.90000 -58.83122 0.15743
280.95000 -58.83102 0.15668
281.00000 -58.83056 0.15754
281.05000 -58.83179 0.15716
281.10000 -58.83135 0.15709
281.15000 -58.83252 0.15600
281.20000 -58.83104 0.15579
281.25000 -58.83433 0.15700
281.30000 -58.83270 0.15713
281.35000 -58.82895 0.15350
281.40000 -58.83146 0.15490
281.45000 -58.83077 0.15606
281.50000 -58.82937 0.15629
281.55000 -58.82855 0.15635
281.60000 -58.83062 0.15691
281.65000 -58.82837 0.15531
281.70000 -58.82826 0.15621
281.75000 -58.82793 0.15636
281.80000 -58.83015 0.15723
281.85000 -58.82883 0.15606
281.90000 -58.82818 0.15479
281.95000 -58.83142 0.15720
282.00000 -58.82686 0.15630
282.05000 -58.83030 0.15848
282.10000 -58.82944 0.15813
282.15000 -58.83183 0.15874
282.20000 -58.82951 0.15743
282.25000 -58.83057 0.15842
282.30000 -58.83248 0.15880
282.35000 -58.83126 0.15670
282.40000 -58.83098 0.15882
282.45000 -58.82724 0.15653
282.50000 -58.82714 0.15665
282.55000 -58.82693 0.15699
282.60000 -58.82687 0.15769
282.65000 -58.82778 0.15677
282.70000 -58.82828 0.15838
282.75000 -58.82719 0.15637
282.80000 -58.82747 0.15622
282.85000 -58.82713 0.15811
282.90000 -58.82620 0.15740
282.95000 -58.82774 0.15755
283.00000 -58.82641 0.15847
283.05000 -58.82637 0.15708
283.10000 -58.83052 0.15817
283.15000 -58.83127 0.16048
283.20000 -58.82653 0.15904
283.25000 -58.82961 0.15939
283.30000 -58.82572 0.15749
283.35000 -58.82909 0.15835
283.40000 -58.83089 0.15971
283.45000 -58.82542 0.15664
283.50000 -58.82927 0.15834
283.55000 -58.82867 0.15695
283.60000 -58.82625 0.15707
283.65000 -58.82699 0.15826
283.70000 -58.82774 0.15731
283.75000 -58.82856 0.15592
283.80000 -58.82554 0.15657
283.85000 -58.82979 0.15907
283.90000 -58.82924 0.15798
283.95000 -58.82467 0.15621
284.00000 -58.82569 0.15590
284.05000 -58.82803 0.15766
284.10000 -58.82806 0.15719
284.15000 -58.82422 0.15597
284.20000 -58.82350 0.15579
284.25000 -58.83028 0.15839
284.30000 -58.82885 0.15642
284.35000 -58.82653 0.15773
284.40000 -58.82833 0.15744
284.45000 -58.82574 0.15607
284.50000 -58.82345 0.15462
284.55000 -58.82571 0.15580
284.60000 -58.82807 0.15623
284.65000 -58.82968 0.15648
284.70000 -58.82945 0.15639
284.75000 -58.82476 0.15697
284.80000 -58.82970 0.15820
284.85000 -58.83116 0.15875
284.90000 -58.83119 0.15735
284.95000 -58.83134 0.15823
285.00000 -58.83065 0.15963
285.05000 -58.83328 0.15899
285.10000 -58.83322 0.15957
285.15000 -58.83631 0.15922
285.20000 -58.83137 0.15729
285.25000 -58.83447 0.15986
285.30000 -58.83342 0.15863
285.35000 -58.83908 0.16125
285.40000 -58.83479 0.15902
285.45000 -58.83659 0.16042
285.50000 -58.83328 0.15853
285.55000 -58.83538 0.15837
285.60000 -58.83265 0.15780
285.65000 -58.83114 0.15860
285.70000 -58.83285 0.15894
285.75000 -58.83244 0.15848
285.80000 -58.83413 0.16031
285.85000 -58.83669 0.16134
285.90000 -58.83547 0.16134
285.95000 -58.83688 0.15987
286.00000 -58.83456 0.15830
286.05000 -58.83396 0.16043
286.10000 -58.83578 0.16022
286.15000 -58.83450 0.16134
286.20000 -58.83433 0.16087
286.25000 -58.83475 0.15971
286.30000 -58.83320 0.16061
286.35000 -58.83230 0.15843
286.40000 -58.83282 0.15911
286.45000 -58.83274 0.15945
286.50000 -58.82921 0.15828
286.55000 -58.83486 0.16006
286.60000 -58.83401 0.16005
286.65000 -58.83103 0.15920
286.70000 -58.83270 0.15886
286.75000 -58.83611 0.16114
286.80000 -58.83387 0.16020
286.85000 -58.83328 0.15899
286.90000 -58.83000 0.15858
286.95000 -58.82996 0.15767
287.00000 -58.83083 0.15914
287.05000 -58.82789 0.15776
287.10000 -58.82926 0.15851
287.15000 -58.83086 0.15829
287.20000 -58.83262 0.15994
287.25000 -58.82771 0.15791
287.30000 -58.82652 0.15693
287.35000 -58.82589 0.15661
287.40000 -58.82919 0.15641
287.45000 -58.82945 0.15704
287.50000 -58.83071 0.15862
287.55000 -58.83239 0.15823
287.60000 -58.82880 0.15633
287.65000 -58.83036 0.15739
287.70000 -58.83061 0.15625
287.75000 -58.83209 0.15865
287.80000 -58.83127 0.15710
287.85000 -58.83407 0.15915
287.90000 -58.83335 0.15944
287.95000 -58.83379 0.15899
288.00000 -58.83250 0.15908
288.05000 -58.82938 0.15910
288.10000 -58.83391 0.16136
288.15000 -58.83060 0.15957
288.20000 -58.83437 0.16101
288.25000 -58.83422 0.15927
288.30000 -58.82704 0.15732
288.35000 -58.82731 0.15801
288.40000 -58.83160 0.16030
288.45000 -58.83587 0.16047
288.50000 -58.83591 0.16106
288.55000 -58.83291 0.15882
288.60000 -58.83286 0.15909
288.65000 -58.83115 0.15920
288.70000 -58.83124 0.15958
288.75000 -58.83154 0.15920
288.80000 -58.83272 0.16081
288.85000 -58.83659 0.15998
288.90000 -58.83535 0.16006
288.95000 -58.84016 0.16201
289.00000 -58.83634 0.16185
289.05000 -58.84086 0.16349
289.10000 -58.83939 0.16376
289.15000 -58.84143 0.16443
289.20000 -58.83637 0.16225
289.25000 -58.83976 0.16182
289.30000 -58.83827 0.16297
289.35000 -58.83714 0.16169
289.40000 -58.83783 0.16225
289.45000 -58.84163 0.16495
289.50000 -58.83993 0.16414
289.55000 -58.83823 0.16263
289.60000 -58.84142 0.16451
289.65000 -58.84274 0.16387
289.70000 -58.83820 0.16473
289.75000 -58.83813 0.16417
289.80000 -58.83902 0.16387
289.85000 -58.83963 0.16509
289.90000 -58.83924 0.16534
289.95000 -58.83915 0.16611
290.00000 -58.83768 0.16468
290.05000 -58.84254 0.16658
290.10000 -58.84369 0.16901
290.15000 -58.83709 0.16468
290.20000 -58.83729 0.16539
290.25000 -58.83975 0.16587
290.30000 -58.84178 0.16577
290.35000 -58.83560 0.16428
290.40000 -58.83771 0.16532
290.45000 -58.83649 0.16321
290.50000 -58.84034 0.16467
290.55000 -58.83880 0.16358
290.60000 -58.84014 0.16569
290.65000 -58.83818 0.16442
290.70000 -58.83720 0.16309
290.75000 -58.83424 0.16461
290.80000 -58.83878 0.16634
290.85000 -58.84088 0.16893
290.90000 -58.83393 0.16351
290.95000 -58.83649 0.16384
291.00000 -58.83463 0.16419
291.05000 -58.83458 0.16209
291.10000 -58.83755 0.16486
291.15000 -58.83675 0.16332
291.20000 -58.83738 0.16401
291.25000 -58.83933 0.16392
291.30000 -58.84131 0.16708
291.35000 -58.84002 0.16492
291.40000 -58.83262 0.16264
291.45000 -58.83808 0.16516
291.50000 -58.83565 0.16331
291.55000 -58.83258 0.16402
291.60000 -58.82942 0.16337
291.65000 -58.83240 0.16441
291.70000 -58.83288 0.16520
291.75000 -58.82995 0.16462
291.80000 -58.83034 0.16282
291.85000 -58.82928 0.16434
291.90000 -58.83610 0.16651
291.95000 -58.83218 0.16494
292.00000 -58.83573 0.16635
292.05000 -58.83170 0.16534
292.10000 -58.82763 0.16314
292.15000 -58.82827 0.16314
292.20000 -58.83150 0.16323
292.25000 -58.83451 0.16589
292.30000 -58.83348 0.16537
292.35000 -58.83553 0.16562
292.40000 -58.83171 0.16566
292.45000 -58.82817 0.16340
292.50000 -58.83322 0.16551
292.55000 -58.82947 0.16435
292.60000 -58.82768 0.16460
292.65000 -58.83053 0.16542
292.70000 -58.83205 0.16559
292.75000 -58.83275 0.16589
292.80000 -58.83472 0.16755
292.85000 -58.82688 0.16419
292.90000 -58.82816 0.16438
292.95000 -58.83029 0.16504
293.00000 -58.82531 0.16399
293.05000 -58.83004 0.16590
293.10000 -58.82937 0.16612
293.15000 -58.82719 0.16583
293.20000 -58.83002 0.16781
293.25000 -58.82884 0.16711
293.30000 -58.82952 0.16628
293.35000 -58.82685 0.16539
293.40000 -58.83354 0.16800
293.45000 -58.83308 0.16932
293.50000 -58.82880 0.16586
293.55000 -58.83248 0.16936
293.60000 -58.82944 0.16651
293.65000 -58.83067 0.16640
293.70000 -58.83187 0.16758
293.75000 -58.83128 0.16610
293.80000 -58.82756 0.16527
293.85000 -58.82755 0.16511
293.90000 -58.83280 0.16826
293.95000 -58.82942 0.16663
294.00000 -58.83495 0.16951
294.05000 -58.83231 0.16862
294.10000 -58.83167 0.16737
294.15000 -58.82951 0.16700
294.20000 -58.83274 0.16818
294.25000 -58.82975 0.16536
294.30000 -58.83205 0.16787
294.35000 -58.83156 0.16651
294.40000 -58.83327 0.16722
294.45000 -58.83317 0.16719
294.50000 -58.83232 0.16881
294.55000 -58.83416 0.16782
294.60000 -58.83385 0.16954
294.65000 -58.82917 0.16638
294.70000 -58.83487 0.16835
294.75000 -58.83163 0.16732
294.80000 -58.83335 0.16735
294.85000 -58.82894 0.16625
294.90000 -58.83043 0.16720
294.95000 -58.83442 0.16765
295.00000 -58.83161 0.16691
295.05000 -58.83484 0.16924
295.10000 -58.83177 0.16649
295.15000 -58.83610 0.16902
295.20000 -58.83836 0.17048
295.25000 -58.83922 0.17001
295.30000 -58.83833 0.16829
295.35000 -58.83602 0.16678
295.40000 -58.83477 0.16714
295.45000 -58.83652 0.16882
295.50000 -58.83544 0.16821
295.55000 -58.83525 0.16786
295.60000 -58.83758 0.16772
295.65000 -58.83574 0.16687
295.70000 -58.84029 0.17032
295.75000 -58.83889 0.16936
295.80000 -58.83765 0.16883
295.85000 -58.84022 0.16836
295.90000 -58.84056 0.16886
295.95000 -58.83652 0.16657
296.00000 -58.83614 0.16692
296.05000 -58.84024 0.16860
296.10000 -58.83786 0.16738
296.15000 -58.83901 0.16825
296.20000 -58.83927 0.16798
296.25000 -58.83546 0.16729
296.30000 -58.83764 0.16669
296.35000 -58.84084 0.16755
296.40000 -58.83994 0.16733
296.45000 -58.84088 0.16675
296.50000 -58.83864 0.16675
296.55000 -58.83782 0.16683
296.60000 -58.84042 0.16816
296.65000 -58.84017 0.16896
296.70000 -58.83577 0.16613
296.75000 -58.83892 0.16737
296.80000 -58.83955 0.16811
296.85000 -58.84681 0.17158
296.90000 -58.83964 0.16701
296.95000 -58.84221 0.16814
297.00000 -58.84363 0.16836
297.05000 -58.83926 0.16628
297.10000 -58.84403 0.16936
297.15000 -58.84477 0.16898
297.20000 -58.84066 0.16670
297.25000 -58.84500 0.16953
297.30000 -58.84329 0.16722
297.35000 -58.84412 0.16662
297.40000 -58.84477 0.16685
297.45000 -58.84428 0.16664
297.50000 -58.84103 0.16524
297.55000 -58.83984 0.16518
297.60000 -58.84400 0.16817
297.65000 -58.84587 0.16808
297.70000 -58.84692 0.16849
297.75000 -58.84790 0.16891
297.80000 -58.84803 0.16765
297.85000 -58.84609 0.16834
297.90000 -58.84332 0.16720
297.95000 -58.84587 0.16771
298.00000 -58.84448 0.16918
298.05000 -58.84297 0.16642
298.10000 -58.85017 0.17004
298.15000 -58.84976 0.17019
298.20000 -58.84262 0.16683
298.25000 -58.84383 0.16903
298.30000 -58.84468 0.16815
298.35000 -58.83964 0.16512
298.40000 -58.84757 0.16910
298.45000 -58.84780 0.16894
298.50000 -58.84827 0.17024
298.55000 -58.84720 0.16827
298.60000 -58.84101 0.16610
298.65000 -58.84691 0.16905
298.70000 -58.84365 0.16672
298.75000 -58.84156 0.16482
298.80000 -58.84387 0.16750
298.85000 -58.84620 0.16690
298.90000 -58.84448 0.16480
298.95000 -58.84605 0.16653
299.00000 -58.84682 0.16520
299.05000 -58.84747 0.16666
299.10000 -58.84349 0.16416
299.15000 -58.84756 0.16697
299.20000 -58.84676 0.16627
299.25000 -58.84979 0.16880
299.30000 -58.84807 0.16762
299.35000 -58.84570 0.16569
299.40000 -58.84752 0.16723
299.45000 -58.84601 0.16602
299.50000 -58.84648 0.16610
299.55000 -58.84509 0.16585
299.60000 -58.84295 0.16642
299.65000 -58.84237 0.16490
299.70000 -58.84086 0.16404
299.75000 -58.84048 0.16410
299.80000 -58.84228 0.16483
299.85000 -58.84479 0.16691
299.90000 -58.84230 0.16611
299.95000 -58.84527 0.16675
300.00000 -58.84330 0.16557
300.05000 -58.85023 0.16325
300.10000 -58.83894 0.16435
300.15000 -58.81413 0.15657
300.20000 -58.79770 0.15423
300.25000 -58.78142 0.15294
300.30000 -58.76212 0.14979
300.35000 -58.74760 0.14758
300.40000 -58.73557 0.14595
300.45000 -58.72919 0.14616
300.50000 -58.71103 0.14207
300.55000 -58.69927 0.13942
300.60000 -58.68967 0.13701
300.65000 -58.67749 0.13435
300.70000 -58.66950 0.13540
300.75000 -58.65528 0.13029
300.80000 -58.64569 0.12736
300.85000 -58.64074 0.12798
300.90000 -58.63428 0.12791
300.95000 -58.62607 0.12561
301.00000 -58.62010 0.12391
301.05000 -58.61202 0.12161
301.10000 -58.60111 0.11828
301.15000 -58.58871 0.11286
301.20000 -58.58725 0.11380
301.25000 -58.58119 0.11361
301.30000 -58.57521 0.11140
301.35000 -58.57115 0.10990
301.40000 -58.56058 0.10627
301.45000 -58.56106 0.10840
301.50000 -58.55445 0.10935
301.55000 -58.54510 0.10439
301.60000 -58.54019 0.10244
301.65000 -58.53285 0.09860
301.70000 -58.53387 0.10298
301.75000 -58.52126 0.09499
301.80000 -58.52265 0.10027
301.85000 -58.52333 0.10180
301.90000 -58.51102 0.09398
301.95000 -58.50776 0.09683
302.00000 -58.50400 0.09352
302.05000 -58.49772 0.08848
302.10000 -58.49485 0.08840
302.15000 -58.49165 0.08797
302.20000 -58.48774 0.08925
302.25000 -58.48434 0.08792
302.30000 -58.48199 0.08582
302.35000 -58.48069 0.08839
302.40000 -58.47728 0.09052
302.45000 -58.46974 0.08389
302.50000 -58.46392 0.08245
302.55000 -58.46454 0.08085
302.60000 -58.46273 0.08063
302.65000 -58.46093 0.08282
302.70000 -58.46006 0.08466
302.75000 -58.45422 0.08270
302.80000 -58.45211 0.08263
302.85000 -58.44745 0.08116
302.90000 -58.44885 0.08586
302.95000 -58.44692 0.08408
303.00000 -58.44159 0.08088
303.05000 -58.44310 0.08013
303.10000 -58.43953 0.07918
303.15000 -58.44186 0.07871
303.20000 -58.43777 0.07979
303.25000 -58.43348 0.07617
303.30000 -58.43184 0.07706
303.35000 -58.42884 0.07723
303.40000 -58.43000 0.07767
303.45000 -58.42085 0.07383
303.50000 -58.42386 0.07626
303.55000 -58.42410 0.07720
303.60000 -58.42362 0.08120
303.65000 -58.41761 0.07367
303.70000 -58.41640 0.07544
303.75000 -58.41646 0.07803
303.80000 -58.41679 0.07576
303.85000 -58.41299 0.07242
303.90000 -58.41044 0.07351
303.95000 -58.41219 0.07676
304.00000 -58.40935 0.07484
304.05000 -58.40481 0.07153
304.10000 -58.40711 0.07797
304.15000 -58.39966 0.06692
304.20000 -58.40512 0.07232
304.25000 -58.40146 0.07075
304.30000 -58.39762 0.06704
304.35000 -58.39450 0.06770
304.40000 -58.40124 0.07339
304.45000 -58.39670 0.06972
304.50000 -58.39140 0.06630
304.55000 -58.39298 0.06654
304.60000 -58.38414 0.06441
304.65000 -58.38169 0.06294
304.70000 -58.37861 0.06159
304.75000 -58.37872 0.05869
304.80000 -58.37738 0.06032
304.85000 -58.38185 0.06241
304.90000 -58.37778 0.06460
304.95000 -58.37887 0.06962
305.00000 -58.37556 0.06193
305.05000 -58.37654 0.06328
305.10000 -58.37410 0.06145
305.15000 -58.37281 0.06688
305.20000 -58.37537 0.06592
305.25000 -58.37268 0.06010
305.30000 -58.36602 0.05699
305.35000 -58.36576 0.06198
305.40000 -58.36462 0.05760
305.45000 -58.36246 0.06255
305.50000 -58.36314 0.06068
305.55000 -58.36155 0.06228
305.60000 -58.35798 0.06142
305.65000 -58.35941 0.06376
305.70000 -58.35849 0.06520
305.75000 -58.35482 0.06371
305.80000 -58.35843 0.06340
305.85000 -58.35528 0.06555
305.90000 -58.35302 0.06344
305.95000 -58.35301 0.06184
306.00000 -58.34733 0.05927
306.05000 -58.34850 0.05831
306.10000 -58.34955 0.05885
306.15000 -58.34762 0.05717
306.20000 -58.34778 0.05587
306.25000 -58.35152 0.06331
306.30000 -58.35024 0.05931
306.35000 -58.34737 0.05450
306.40000 -58.34637 0.05762
306.45000 -58.34673 0.05796
306.50000 -58.34254 0.05551
306.55000 -58.34079 0.05559
306.60000 -58.33872 0.05776
306.65000 -58.34322 0.05998
306.70000 -58.33659 0.05275
306.75000 -58.33844 0.05279
306.80000 -58.33628 0.05321
306.85000 -58.34124 0.05843
306.90000 -58.33991 0.06159
306.95000 -58.34223 0.06230
307.00000 -58.34664 0.06539
307.05000 -58.34274 0.06197
307.10000 -58.34127 0.05965
307.15000 -58.33811 0.05606
307.20000 -58.33619 0.05261
307.25000 -58.33786 0.05213
307.30000 -58.33514 0.05476
307.35000 -58.33691 0.05250
307.40000 -58.33611 0.05292
307.45000 -58.33380 0.05272
307.50000 -58.33572 0.05589
307.55000 -58.33544 0.05346
307.60000 -58.33481 0.04970
307.65000 -58.33439 0.05627
307.70000 -58.33220 0.05159
307.75000 -58.33642 0.05297
307.80000 -58.33461 0.05139
307.85000 -58.33486 0.05550
307.90000 -58.32912 0.05132
307.95000 -58.32883 0.04653
308.00000 -58.33069 0.05522
308.05000 -58.32601 0.05306
308.10000 -58.32612 0.05330
308.15000 -58.32366 0.05457
308.20000 -58.32845 0.06186
308.25000 -58.32813 0.05588
308.30000 -58.32563 0.05220
308.35000 -58.32751 0.05128
308.40000 -58.32713 0.05107
308.45000 -58.32342 0.04499
308.50000 -58.32679 0.05160
308.55000 -58.32407 0.05257
308.60000 -58.32542 0.05083
308.65000 -58.32163 0.05121
308.70000 -58.31824 0.04975
308.75000 -58.32102 0.05164
308.80000 -58.32081 0.05026
308.85000 -58.31898 0.05321
308.90000 -58.32013 0.05079
308.95000 -58.31796 0.05024
309.00000 -58.31653 0.04950
309.05000 -58.31909 0.05472
309.10000 -58.32271 0.05527
309.15000 -58.32157 0.05148
309.20000 -58.31962 0.05108
309.25000 -58.31954 0.05497
309.30000 -58.31844 0.05416
309.35000 -58.31931 0.05610
309.40000 -58.31561 0.05151
309.45000 -58.32227 0.05321
309.50000 -58.32211 0.05887
309.55000 -58.32167 0.05497
309.60000 -58.32224 0.05399
309.65000 -58.32096 0.05727
309.70000 -58.32421 0.05896
309.75000 -58.32362 0.05575
309.80000 -58.32043 0.05343
309.85000 -58.32248 0.05790
309.90000 -58.32574 0.06511
309.95000 -58.32424 0.05563
310.00000 -58.32008 0.05343
310.05000 -58.32085 0.05878
310.10000 -58.32248 0.05973
310.15000 -58.31671 0.06038
310.20000 -58.32080 0.06182
310.25000 -58.32058 0.06552
310.30000 -58.32071 0.05446
310.35000 -58.32060 0.05591
310.40000 -58.31896 0.06610
310.45000 -58.31843 0.05865
310.50000 -58.31813 0.05507
310.55000 -58.31813 0.05387
310.60000 -58.32154 0.06260
310.65000 -58.32418 0.05888
310.70000 -58.32255 0.05637
310.75000 -58.32220 0.05616
310.80000 -58.32270 0.05561
310.85000 -58.32045 0.05297
310.90000 -58.31848 0.05411
310.95000 -58.31456 0.04692
311.00000 -58.31586 0.04763
311.05000 -58.31883 0.04595
311.10000 -58.31748 0.05000
311.15000 -58.31807 0.04258
311.20000 -58.32028 0.05098
311.25000 -58.31591 0.04852
311.30000 -58.31596 0.04502
311.35000 -58.31739 0.04475
311.40000 -58.31601 0.04640
311.45000 -58.31313 0.04488
311.50000 -58.31353 0.04320
311.55000 -58.31138 0.03720
311.60000 -58.31429 0.04030
311.65000 -58.31078 0.03829
311.70000 -58.31263 0.04235
311.75000 -58.30930 0.04000
311.80000 -58.31430 0.03920
311.85000 -58.31510 0.03982
311.90000 -58.31463 0.04245
311.95000 -58.30751 0.04164
312.00000 -58.31527 0.04103
312.05000 -58.31639 0.04487
312.10000 -58.31622 0.04307
312.15000 -58.31181 0.04198
312.20000 -58.31751 0.04560
312.25000 -58.31704 0.04482
312.30000 -58.31723 0.04203
312.35000 -58.31668 0.04364
312.40000 -58.31432 0.03989
312.45000 -58.31559 0.04041
312.50000 -58.31164 0.03859
312.55000 -58.31790 0.04611
312.60000 -58.31664 0.04269
312.65000 -58.31598 0.04414
312.70000 -58.31699 0.04190
312.75000 -58.31871 0.04548
312.80000 -58.31661 0.04349
312.85000 -58.31715 0.04502
312.90000 -58.32175 0.04683
312.95000 -58.32189 0.04621
313.00000 -58.32203 0.04643
313.05000 -58.32120 0.04456
313.10000 -58.32308 0.04278
313.15000 -58.31984 0.03825
313.20000 -58.32491 0.04068
313.25000 -58.32071 0.03713
313.30000 -58.32330 0.03997
313.35000 -58.32393 0.04196
313.40000 -58.32423 0.04647
313.45000 -58.32729 0.04706
313.50000 -58.32721 0.04544
313.55000 -58.32093 0.04030
313.60000 -58.32256 0.04531
313.65000 -58.32363 0.04093
313.70000 -58.32787 0.04050
313.75000 -58.32517 0.03983
313.80000 -58.32631 0.04331
313.85000 -58.32182 0.04210
313.90000 -58.32452 0.04319
313.95000 -58.32768 0.04671
314.00000 -58.32235 0.04523
314.05000 -58.32422 0.04157
314.10000 -58.32616 0.04427
314.15000 -58.32695 0.04484
314.20000 -58.33185 0.04874
314.25000 -58.32496 0.04289
314.30000 -58.32817 0.04601
314.35000 -58.32718 0.04141
314.40000 -58.32750 0.04722
314.45000 -58.32963 0.04776
314.50000 -58.32387 0.04713
314.55000 -58.32662 0.04774
314.60000 -58.33089 0.05341
314.65000 -58.32336 0.04575
314.70000 -58.32623 0.04445
314.75000 -58.33047 0.05143
314.80000 -58.33062 0.05054
314.85000 -58.32978 0.05123
314.90000 -58.32306 0.05089
314.95000 -58.33164 0.04882
315.00000 -58.33081 0.04999
315.05000 -58.33245 0.05268
315.10000 -58.32940 0.04982
315.15000 -58.32869 0.04820
315.20000 -58.32993 0.04777
315.25000 -58.32623 0.04361
315.30000 -58.32456 0.04581
315.35000 -58.32465 0.04985
315.40000 -58.32560 0.04807
315.45000 -58.32946 0.04774
315.50000 -58.32867 0.04927
315.55000 -58.32779 0.05475
315.60000 -58.32541 0.04917
315.65000 -58.32590 0.05072
315.70000 -58.32741 0.05240
315.75000 -58.32490 0.04871
315.80000 -58.32214 0.04942
315.85000 -58.32716 0.05107
315.90000 -58.32399 0.04697
315.95000 -58.32588 0.04728
316.00000 -58.32039 0.04322
316.05000 -58.32761 0.05009
316.10000 -58.32750 0.04896
316.15000 -58.32893 0.05060
316.20000 -58.32146 0.03939
316.25000 -58.31881 0.03993
316.30000 -58.32392 0.04327
316.35000 -58.32367 0.04388
316.40000 -58.32030 0.04078
316.45000 -58.32082 0.03989
316.50000 -58.32475 0.04074
316.55000 -58.32749 0.04423
316.60000 -58.32918 0.04669
316.65000 -58.33446 0.05525
316.70000 -58.33206 0.05279
316.75000 -58.33561 0.05425
316.80000 -58.33325 0.05404
316.85000 -58.33397 0.05626
316.90000 -58.33407 0.05330
316.95000 -58.33162 0.05433
317.00000 -58.33242 0.05103
317.05000 -58.33489 0.05324
317.10000 -58.33226 0.05202
317.15000 -58.33186 0.05130
317.20000 -58.33160 0.05127
317.25000 -58.33361 0.04894
317.30000 -58.33621 0.05546
317.35000 -58.33339 0.05145
317.40000 -58.33204 0.05195
317.45000 -58.32688 0.04607
317.50000 -58.32917 0.04483
317.55000 -58.32760 0.04132
317.60000 -58.32721 0.04666
317.65000 -58.33023 0.04558
317.70000 -58.33147 0.04214
317.75000 -58.33060 0.04416
317.80000 -58.32576 0.03739
317.85000 -58.32766 0.04129
317.90000 -58.32632 0.03964
317.95000 -58.33196 0.04560
318.00000 -58.33036 0.04852
318.05000 -58.33071 0.04210
318.10000 -58.33342 0.04992
318.15000 -58.33234 0.04178
318.20000 -58.33264 0.04450
318.25000 -58.33188 0.04239
318.30000 -58.33226 0.04214
318.35000 -58.33245 0.04508
318.40000 -58.33438 0.04098
318.45000 -58.33308 0.04329
318.50000 -58.33320 0.03770
318.55000 -58.32668 0.03394
318.60000 -58.33329 0.04047
318.65000 -58.33115 0.03895
318.70000 -58.33228 0.04212
318.75000 -58.33496 0.04534
318.80000 -58.33211 0.04760
318.85000 -58.33036 0.03991
318.90000 -58.33533 0.04635
318.95000 -58.33118 0.04102
319.00000 -58.32866 0.03691
319.05000 -58.33295 0.03783
319.10000 -58.33594 0.04325
319.15000 -58.33413 0.03906
319.20000 -58.33317 0.03944
319.25000 -58.33571 0.04226
319.30000 -58.33658 0.04418
319.35000 -58.33728 0.04448
319.40000 -58.33774 0.04356
319.45000 -58.33451 0.04067
319.50000 -58.33658 0.04069
319.55000 -58.33337 0.03991
319.60000 -58.33140 0.03617
319.65000 -58.33424 0.04388
319.70000 -58.33413 0.04124
319.75000 -58.33253 0.03602
319.80000 -58.32799 0.03598
319.85000 -58.33285 0.03880
319.90000 -58.33608 0.04196
319.95000 -58.33164 0.03455
320.00000 -58.33197 0.03554
320.05000 -58.33210 0.03674
320.10000 -58.32938 0.03133
320.15000 -58.32984 0.03301
320.20000 -58.32871 0.03325
320.25000 -58.33096 0.03323
320.30000 -58.32838 0.03183
320.35000 -58.33108 0.03542
320.40000 -58.32789 0.03245
320.45000 -58.32997 0.03443
320.50000 -58.33170 0.03329
320.55000 -58.33022 0.03326
320.60000 -58.33252 0.03645
320.65000 -58.33479 0.03829
320.70000 -58.33376 0.04011
320.75000 -58.33476 0.03867
320.80000 -58.33077 0.03633
320.85000 -58.33355 0.03627
320.90000 -58.32924 0.03186
320.95000 -58.33552 0.03827
321.00000 -58.32939 0.03045
321.05000 -58.32634 0.02827
321.10000 -58.32895 0.03141
321.15000 -58.32850 0.02886
321.20000 -58.32788 0.02879
321.25000 -58.32750 0.02667
321.30000 -58.32807 0.02817
321.35000 -58.32874 0.02934
321.40000 -58.32975 0.03285
321.45000 -58.32480 0.02556
321.50000 -58.32487 0.02549
321.55000 -58.33212 0.03259
321.60000 -58.33103 0.03360
321.65000 -58.32994 0.03254
321.70000 -58.33077 0.03295
321.75000 -58.32687 0.02726
321.80000 -58.32685 0.02885
321.85000 -58.32295 0.02589
321.90000 -58.33184 0.03142
321.95000 -58.33112 0.03216
322.00000 -58.33239 0.03481
322.05000 -58.33149 0.03233
322.10000 -58.33080 0.03272
322.15000 -58.33334 0.03385
322.20000 -58.33108 0.03294
322.25000 -58.33305 0.03408
322.30000 -58.32925 0.02998
322.35000 -58.32984 0.03166
322.40000 -58.32974 0.02922
322.45000 -58.33039 0.02995
322.50000 -58.33040 0.03215
322.55000 -58.32958 0.02879
322.60000 -58.33031 0.03060
322.65000 -58.33175 0.03182
322.70000 -58.33133 0.03040
322.75000 -58.33494 0.03520
322.80000 -58.33251 0.03142
322.85000 -58.33370 0.03413
322.90000 -58.33433 0.03527
322.95000 -58.33082 0.03202
323.00000 -58.33255 0.03356
323.05000 -58.33194 0.03238
323.10000 -58.33291 0.03397
323.15000 -58.33140 0.03189
323.20000 -58.33415 0.03468
323.25000 -58.33320 0.03535
323.30000 -58.33275 0.03089
323.35000 -58.32847 0.02863
323.40000 -58.32659 0.02738
323.45000 -58.33110 0.03208
323.50000 -58.33244 0.03215
323.55000 -58.33022 0.03125
323.60000 -58.32655 0.02614
323.65000 -58.32757 0.02675
323.70000 -58.32879 0.02873
323.75000 -58.32787 0.02728
323.80000 -58.32870 0.02945
323.85000 -58.32773 0.02800
323.90000 -58.32800 0.03047
323.95000 -58.33028 0.03258
324.00000 -58.33046 0.03006
324.05000 -58.33164 0.03468
324.10000 -58.33312 0.03767
324.15000 -58.33277 0.03477
324.20000 -58.33070 0.03289
324.25000 -58.33026 0.03269
324.30000 -58.33342 0.03310
324.35000 -58.32836 0.02713
324.40000 -58.33033 0.02932
324.45000 -58.33099 0.02798
324.50000 -58.33385 0.03111
324.55000 -58.33105 0.02982
324.60000 -58.33151 0.03050
324.65000 -58.32961 0.02794
324.70000 -58.32973 0.02958
324.75000 -58.32826 0.02784
324.80000 -58.33082 0.03034
324.85000 -58.33058 0.03215
324.90000 -58.33457 0.03577
324.95000 -58.32964 0.03210
325.00000 -58.33113 0.03629
325.05000 -58.33633 0.03918
325.10000 -58.33265 0.03440
325.15000 -58.32733 0.02625
325.20000 -58.32598 0.02996
325.25000 -58.32976 0.02926
325.30000 -58.32896 0.02770
325.35000 -58.33086 0.03304
325.40000 -58.32725 0.02874
325.45000 -58.32826 0.03005
325.50000 -58.33169 0.03240
325.55000 -58.32967 0.03117
325.60000 -58.33040 0.03236
325.65000 -58.33059 0.03346
325.70000 -58.33060 0.03388
325.75000 -58.33008 0.03291
325.80000 -58.33079 0.03555
325.85000 -58.32871 0.02935
325.90000 -58.32918 0.02903
325.95000 -58.32943 0.02993
326.00000 -58.33367 0.03313
326.05000 -58.33100 0.03414
326.10000 -58.33189 0.03592
326.15000 -58.33069 0.03332
326.20000 -58.33127 0.03309
326.25000 -58.32909 0.02977
326.30000 -58.32775 0.03495
326.35000 -58.33282 0.03299
326.40000 -58.32780 0.03373
326.45000 -58.33167 0.03569
326.50000 -58.33058 0.03608
326.55000 -58.32956 0.03321
326.60000 -58.33271 0.03637
326.65000 -58.32946 0.03318
326.70000 -58.32797 0.03339
326.75000 -58.32851 0.03536
326.80000 -58.32659 0.03231
326.85000 -58.32725 0.03103
326.90000 -58.32861 0.03281
326.95000 -58.33289 0.03624
327.00000 -58.32917 0.03283
327.05000 -58.33444 0.03773
327.10000 -58.33056 0.03146
327.15000 -58.33004 0.03073
327.20000 -58.33082 0.03351
327.25000 -58.33232 0.03249
327.30000 -58.33083 0.03310
327.35000 -58.32948 0.02936
327.40000 -58.33292 0.03225
327.45000 -58.33281 0.03909
327.50000 -58.33156 0.03562
327.55000 -58.33041 0.03665
327.60000 -58.33262 0.04316
327.65000 -58.33363 0.03866
327.70000 -58.33115 0.03038
327.75000 -58.32967 0.03286
327.80000 -58.32377 0.03058
327.85000 -58.33033 0.03245
327.90000 -58.33048 0.03672
327.95000 -58.33091 0.04082
328.00000 -58.32920 0.03118
328.05000 -58.33092 0.03501
328.10000 -58.33753 0.03890
328.15000 -58.33348 0.03831
328.20000 -58.33220 0.04054
328.25000 -58.33267 0.03370
328.30000 -58.33352 0.03600
328.35000 -58.33737 0.04194
328.40000 -58.33668 0.04018
328.45000 -58.33175 0.03448
328.50000 -58.33297 0.03146
328.55000 -58.33274 0.03135
328.60000 -58.33307 0.03129
328.65000 -58.33342 0.03291
328.70000 -58.33372 0.03232
328.75000 -58.33287 0.03223
328.80000 -58.33582 0.03338
328.85000 -58.33615 0.03539
328.90000 -58.33670 0.03777
328.95000 -58.33941 0.04445
329.00000 -58.33615 0.04163
329.05000 -58.33474 0.03310
329.10000 -58.33842 0.03506
329.15000 -58.33641 0.04149
329.20000 -58.33577 0.04002
329.25000 -58.33273 0.03495
329.30000 -58.33600 0.03247
329.35000 -58.33424 0.03593
329.40000 -58.33608 0.04018
329.45000 -58.33650 0.04401
329.50000 -58.33385 0.04181
329.55000 -58.33185 0.03607
329.60000 -58.33217 0.03295
329.65000 -58.33328 0.04182
329.70000 -58.33320 0.03950
329.75000 -58.33148 0.04174
329.80000 -58.32916 0.04155
329.85000 -58.32989 0.04257
329.90000 -58.33415 0.05150
329.95000 -58.32868 0.04920
330.00000 -58.33095 0.04838
330.05000 -58.33437 0.04556
330.10000 -58.33724 0.05218
330.15000 -58.33376 0.05111
330.20000 -58.33606 0.05319
330.25000 -58.33535 0.05255
330.30000 -58.33063 0.04603
330.35000 -58.33479 0.05436
330.40000 -58.33569 0.04989
330.45000 -58.33357 0.04649
330.50000 -58.32978 0.03937
330.55000 -58.33112 0.04288
330.60000 -58.33524 0.04628
330.65000 -58.33538 0.04606
330.70000 -58.33282 0.04233
330.75000 -58.33639 0.04399
330.80000 -58.33385 0.04077
330.85000 -58.33904 0.04704
330.90000 -58.33572 0.04307
330.95000 -58.33723 0.04129
331.00000 -58.33615 0.04329
331.05000 -58.33941 0.04756
331.10000 -58.33869 0.04651
331.15000 -58.33857 0.04536
331.20000 -58.34380 0.05057
331.25000 -58.34139 0.04779
331.30000 -58.34146 0.04545
331.35000 -58.34394 0.05074
331.40000 -58.34125 0.04793
331.45000 -58.33958 0.04576
331.50000 -58.34328 0.04738
331.55000 -58.34158 0.04708
331.60000 -58.34184 0.05152
331.65000 -58.33919 0.04394
331.70000 -58.34420 0.04820
331.75000 -58.34136 0.04419
331.80000 -58.34307 0.04630
331.85000 -58.34130 0.04838
331.90000 -58.34285 0.05503
331.95000 -58.34294 0.04833
332.00000 -58.34424 0.05280
332.05000 -58.34382 0.05196
332.10000 -58.34168 0.04227
332.15000 -58.34559 0.05016
332.20000 -58.33664 0.04504
332.25000 -58.34445 0.05422
332.30000 -58.34422 0.04927
332.35000 -58.34304 0.05793
332.40000 -58.34670 0.05140
332.45000 -58.34585 0.05145
332.50000 -58.34730 0.05254
332.55000 -58.34161 0.04742
332.60000 -58.34688 0.05361
332.65000 -58.34764 0.05387
332.70000 -58.34411 0.04294
332.75000 -58.34604 0.04912
332.80000 -58.34499 0.05371
332.85000 -58.34290 0.05031
332.90000 -58.34692 0.05131
332.95000 -58.34583 0.04414
333.00000 -58.34297 0.04196
333.05000 -58.34300 0.04407
333.10000 -58.34781 0.04993
333.15000 -58.34231 0.04108
333.20000 -58.34495 0.04879
333.25000 -58.34766 0.04767
333.30000 -58.34475 0.04616
333.35000 -58.34450 0.04136
333.40000 -58.34487 0.05053
333.45000 -58.33909 0.03726
333.50000 -58.34346 0.04272
333.55000 -58.34604 0.04541
333.60000 -58.34146 0.03856
333.65000 -58.34594 0.04179
333.70000 -58.34012 0.03755
333.75000 -58.33971 0.03256
333.80000 -58.34007 0.03958
333.85000 -58.34004 0.04106
333.90000 -58.33661 0.03469
333.95000 -58.33654 0.03689
334.00000 -58.33748 0.03483
334.05000 -58.33784 0.04009
334.10000 -58.33664 0.03315
334.15000 -58.33485 0.03198
334.20000 -58.33708 0.03479
334.25000 -58.33635 0.03846
334.30000 -58.33672 0.03657
334.35000 -58.33872 0.03892
334.40000 -58.33695 0.03559
334.45000 -58.34043 0.04130
334.50000 -58.33761 0.03579
334.55000 -58.33485 0.03536
334.60000 -58.33799 0.04116
334.65000 -58.33717 0.03190
334.70000 -58.33675 0.03973
334.75000 -58.33369 0.03738
334.80000 -58.33561 0.03561
334.85000 -58.33541 0.03529
334.90000 -58.33502 0.03677
334.95000 -58.33489 0.04004
335.00000 -58.33123 0.03580
335.05000 -58.33607 0.03582
335.10000 -58.33878 0.03352
335.15000 -58.33764 0.03750
335.20000 -58.33391 0.03098
335.25000 -58.33397 0.03136
335.30000 -58.33764 0.03734
335.35000 -58.33252 0.02899
335.40000 -58.33021 0.02781
335.45000 -58.33125 0.02899
335.50000 -58.32919 0.03160
335.55000 -58.33206 0.03420
335.60000 -58.33387 0.03820
335.65000 -58.33017 0.03363
335.70000 -58.33440 0.03346
335.75000 -58.33441 0.03600
335.80000 -58.33318 0.03414
335.85000 -58.33397 0.03869
335.90000 -58.33231 0.03911
335.95000 -58.32919 0.02682
336.00000 -58.32686 0.04023
336.05000 -58.32659 0.03695
336.10000 -58.32981 0.03765
336.15000 -58.33004 0.04046
336.20000 -58.32794 0.03495
336.25000 -58.32913 0.03620
336.30000 -58.32622 0.03817
336.35000 -58.32950 0.04002
336.40000 -58.32913 0.03977
336.45000 -58.32869 0.03750
336.50000 -58.32393 0.02955
336.55000 -58.32801 0.02972
336.60000 -58.32909 0.03002
336.65000 -58.32936 0.03516
336.70000 -58.32722 0.03299
336.75000 -58.33098 0.03500
336.80000 -58.32875 0.03001
336.85000 -58.33309 0.03448
336.90000 -58.33073 0.03207
336.95000 -58.33237 0.03085
337.00000 -58.32490 0.02530
337.05000 -58.32909 0.03063
337.10000 -58.33003 0.03257
337.15000 -58.33108 0.03334
337.20000 -58.33104 0.03389
337.25000 -58.33345 0.03344
337.30000 -58.33346 0.03077
337.35000 -58.33713 0.03665
337.40000 -58.33231 0.02996
337.45000 -58.33538 0.03242
337.50000 -58.33507 0.03943
337.55000 -58.33048 0.03238
337.60000 -58.33048 0.03494
337.65000 -58.33465 0.03619
337.70000 -58.33407 0.03237
337.75000 -58.33465 0.03332
337.80000 -58.33349 0.03263
337.85000 -58.33051 0.02800
337.90000 -58.32970 0.03620
337.95000 -58.33177 0.03456
338.00000 -58.33090 0.03620
338.05000 -58.33203 0.03788
338.10000 -58.33328 0.03027
338.15000 -58.33700 0.03328
338.20000 -58.33334 0.03105
338.25000 -58.33470 0.03168
338.30000 -58.32924 0.02586
338.35000 -58.33211 0.02928
338.40000 -58.33345 0.02791
338.45000 -58.33681 0.03034
338.50000 -58.33425 0.03460
338.55000 -58.33410 0.03091
338.60000 -58.33062 0.03263
338.65000 -58.33364 0.03155
338.70000 -58.33402 0.03092
338.75000 -58.33312 0.02509
338.80000 -58.33381 0.02895
338.85000 -58.33494 0.03268
338.90000 -58.33392 0.02675
338.95000 -58.33421 0.02819
339.00000 -58.33583 0.03474
339.05000 -58.33172 0.02730
339.10000 -58.33534 0.03410
339.15000 -58.33630 0.03133
339.20000 -58.33862 0.03497
339.25000 -58.33646 0.03581
339.30000 -58.33421 0.03177
339.35000 -58.33332 0.03310
339.40000 -58.33247 0.03001
339.45000 -58.33245 0.02738
339.50000 -58.33285 0.02988
339.55000 -58.33251 0.03057
339.60000 -58.33388 0.02916
339.65000 -58.33637 0.03044
339.70000 -58.33469 0.03011
339.75000 -58.33931 0.03520
339.80000 -58.33881 0.03324
339.85000 -58.33831 0.03435
339.90000 -58.33579 0.03208
339.95000 -58.33380 0.02917
340.00000 -58.33096 0.02860
340.05000 -58.33349 0.02971
340.10000 -58.34021 0.03772
340.15000 -58.33643 0.03316
340.20000 -58.33910 0.03492
340.25000 -58.33792 0.03376
340.30000 -58.33634 0.03321
340.35000 -58.33936 0.03493
340.40000 -58.33777 0.03470
340.45000 -58.33690 0.03095
340.50000 -58.33802 0.03422
340.55000 -58.33786 0.03341
340.60000 -58.33911 0.03620
340.65000 -58.34477 0.04192
340.70000 -58.34081 0.03602
340.75000 -58.33931 0.03631
340.80000 -58.33927 0.03565
340.85000 -58.34164 0.03734
340.90000 -58.33843 0.03379
340.95000 -58.33807 0.03450
341.00000 -58.33975 0.03428
341.05000 -58.34207 0.03518
341.10000 -58.33845 0.03251
341.15000 -58.34109 0.03718
341.20000 -58.34112 0.03724
341.25000 -58.33873 0.03297
341.30000 -58.34045 0.03575
341.35000 -58.34047 0.03632
341.40000 -58.34080 0.03841
341.45000 -58.34176 0.03771
341.50000 -58.33800 0.03548
341.55000 -58.33821 0.03412
341.60000 -58.34154 0.03689
341.65000 -58.33727 0.03345
341.70000 -58.34027 0.03335
341.75000 -58.34134 0.03704
341.80000 -58.34016 0.03459
341.85000 -58.34377 0.03947
341.90000 -58.34275 0.03761
341.95000 -58.34539 0.03994
342.00000 -58.33770 0.03213
342.05000 -58.34000 0.03565
342.10000 -58.34109 0.03522
342.15000 -58.34468 0.04334
342.20000 -58.34067 0.03963
342.25000 -58.34400 0.03937
342.30000 -58.34192 0.03693
342.35000 -58.33929 0.03490
342.40000 -58.34109 0.03935
342.45000 -58.34387 0.04333
342.50000 -58.33911 0.03802
342.55000 -58.34099 0.04259
342.60000 -58.34200 0.03845
342.65000 -58.34279 0.04048
342.70000 -58.34163 0.03771
342.75000 -58.34425 0.04064
342.80000 -58.34514 0.04320
342.85000 -58.34361 0.04063
342.90000 -58.34478 0.03898
342.95000 -58.34556 0.04014
343.00000 -58.34753 0.04477
343.05000 -58.34443 0.04227
343.10000 -58.34773 0.04403
343.15000 -58.34529 0.04278
343.20000 -58.34327 0.03534
343.25000 -58.34536 0.04145
343.30000 -58.34509 0.04038
343.35000 -58.34526 0.04162
343.40000 -58.33959 0.03072
343.45000 -58.34548 0.03969
343.50000 -58.34450 0.03762
343.55000 -58.34535 0.04343
343.60000 -58.34248 0.03761
343.65000 -58.34653 0.04171
343.70000 -58.34392 0.03713
343.75000 -58.34692 0.04316
343.80000 -58.34695 0.04042
343.85000 -58.34611 0.04148
343.90000 -58.34523 0.03739
343.95000 -58.34250 0.03484
344.00000 -58.34144 0.03710
344.05000 -58.34274 0.03823
344.10000 -58.34179 0.03875
344.15000 -58.34550 0.03804
344.20000 -58.34972 0.04311
344.25000 -58.34854 0.04275
344.30000 -58.34744 0.04280
344.35000 -58.34901 0.04633
344.40000 -58.34794 0.04449
344.45000 -58.34867 0.04582
344.50000 -58.34908 0.04315
344.55000 -58.34681 0.03859
344.60000 -58.34415 0.03951
344.65000 -58.34697 0.04018
344.70000 -58.34518 0.03723
344.75000 -58.34539 0.04190
344.80000 -58.34184 0.03655
344.85000 -58.34469 0.03805
344.90000 -58.34084 0.03392
344.95000 -58.34438 0.03608
345.00000 -58.34141 0.03028
345.05000 -58.34050 0.02997
345.10000 -58.34288 0.03409
345.15000 -58.34698 0.04076
345.20000 -58.34521 0.04155
345.25000 -58.34702 0.03589
345.30000 -58.34810 0.04085
345.35000 -58.35001 0.03971
345.40000 -58.34762 0.04289
345.45000 -58.34646 0.03933
345.50000 -58.34707 0.03860
345.55000 -58.34678 0.03952
345.60000 -58.34579 0.03723
345.65000 -58.34772 0.04376
345.70000 -58.34786 0.04145
345.75000 -58.35191 0.04640
345.80000 -58.34714 0.04048
345.85000 -58.34761 0.04088
345.90000 -58.34687 0.04097
345.95000 -58.35161 0.04708
346.00000 -58.34645 0.03977
346.05000 -58.34657 0.03766
346.10000 -58.34408 0.03468
346.15000 -58.34923 0.04210
346.20000 -58.35153 0.04750
346.25000 -58.34731 0.04436
346.30000 -58.34269 0.03500
346.35000 -58.34715 0.04178
346.40000 -58.34987 0.04427
346.45000 -58.35139 0.04734
346.50000 -58.35008 0.04494
346.55000 -58.34894 0.04558
346.60000 -58.34653 0.04279
346.65000 -58.34767 0.04276
346.70000 -58.34410 0.03913
346.75000 -58.34860 0.04417
346.80000 -58.34685 0.04168
346.85000 -58.34568 0.04300
346.90000 -58.34556 0.04108
346.95000 -58.34486 0.04351
347.00000 -58.34281 0.03621
347.05000 -58.34860 0.04508
347.10000 -58.34909 0.04548
347.15000 -58.35026 0.05012
347.20000 -58.35221 0.05151
347.25000 -58.34634 0.04116
347.30000 -58.35131 0.05139
347.35000 -58.34719 0.04350
347.40000 -58.35011 0.04649
347.45000 -58.34817 0.04601
347.50000 -58.34620 0.04168
347.55000 -58.34610 0.04050
347.60000 -58.34437 0.03698
347.65000 -58.34968 0.04580
347.70000 -58.34724 0.04028
347.75000 -58.34563 0.04055
347.80000 -58.34868 0.04528
347.85000 -58.34830 0.04336
347.90000 -58.34910 0.04380
347.95000 -58.35126 0.04865
348.00000 -58.34861 0.04545
348.05000 -58.34760 0.04419
348.10000 -58.35369 0.05344
348.15000 -58.35013 0.05068
348.20000 -58.34643 0.04410
348.25000 -58.34876 0.04508
348.30000 -58.34664 0.04299
348.35000 -58.34514 0.04174
348.40000 -58.34614 0.04453
348.45000 -58.34938 0.04876
348.50000 -58.35012 0.05089
348.55000 -58.35159 0.05080
348.60000 -58.34970 0.05049
348.65000 -58.35120 0.04886
348.70000 -58.34715 0.04453
348.75000 -58.34856 0.04523
348.80000 -58.35065 0.05065
348.85000 -58.34861 0.04796
348.90000 -58.35016 0.05008
348.95000 -58.34648 0.04293
349.00000 -58.34514 0.04278
349.05000 -58.34588 0.04371
349.10000 -58.34366 0.03861
349.15000 -58.34965 0.04741
349.20000 -58.34691 0.04658
349.25000 -58.34589 0.04209
349.30000 -58.35045 0.05289
349.35000 -58.34439 0.04321
349.40000 -58.34373 0.04615
349.45000 -58.34587 0.04642
349.50000 -58.34677 0.05132
349.55000 -58.34892 0.05479
349.60000 -58.34839 0.05391
349.65000 -58.34968 0.05610
349.70000 -58.35061 0.05451
349.75000 -58.34687 0.05163
349.80000 -58.34697 0.05126
349.85000 -58.34653 0.04974
349.90000 -58.34615 0.04963
349.95000 -58.34790 0.05016
350.00000 -58.34771 0.05068
350.05000 -58.34600 0.04874
350.10000 -58.34652 0.04695
350.15000 -58.34794 0.05120
350.20000 -58.34290 0.04270
350.25000 -58.34376 0.04144
350.30000 -58.34836 0.04852
350.35000 -58.34457 0.04266
350.40000 -58.34380 0.04088
350.45000 -58.34072 0.03941
350.50000 -58.34093 0.03661
350.55000 -58.34551 0.04285
350.60000 -58.34659 0.04482
350.65000 -58.34427 0.04355
350.70000 -58.34170 0.04025
350.75000 -58.34183 0.04100
350.80000 -58.34435 0.04413
350.85000 -58.34543 0.04494
350.90000 -58.34402 0.04406
350.95000 -58.34473 0.04318
351.00000 -58.34034 0.03826
351.05000 -58.33988 0.03517
351.10000 -58.34265 0.03707
351.15000 -58.34539 0.03994
351.20000 -58.34312 0.03796
351.25000 -58.34173 0.03735
351.30000 -58.34598 0.04297
351.35000 -58.34238 0.03646
351.40000 -58.34733 0.04414
351.45000 -58.34779 0.04266
351.50000 -58.34371 0.03906
351.55000 -58.34729 0.04327
351.60000 -58.34889 0.04576
351.65000 -58.35166 0.05005
351.70000 -58.35255 0.05016
351.75000 -58.34975 0.04500
351.80000 -58.35191 0.05159
351.85000 -58.35451 0.05223
351.90000 -58.35908 0.05834
351.95000 -58.35218 0.05110
352.00000 -58.35234 0.05053
352.05000 -58.35236 0.05215
352.10000 -58.35257 0.05048
352.15000 -58.35377 0.05164
352.20000 -58.35446 0.05239
352.25000 -58.35323 0.04897
352.30000 -58.35131 0.04802
352.35000 -58.35137 0.04955
352.40000 -58.35219 0.05005
352.45000 -58.35137 0.04762
352.50000 -58.34661 0.04072
352.55000 -58.34937 0.04621
352.60000 -58.34933 0.04539
352.65000 -58.35599 0.05504
352.70000 -58.35281 0.05079
352.75000 -58.35234 0.05093
352.80000 -58.34518 0.04178
352.85000 -58.35065 0.04877
352.90000 -58.35196 0.04912
352.95000 -58.35036 0.04751
353.00000 -58.34878 0.04626
353.05000 -58.35034 0.04589
353.10000 -58.34746 0.04102
353.15000 -58.34676 0.04086
353.20000 -58.34618 0.03923
353.25000 -58.34658 0.03726
353.30000 -58.34871 0.04068
353.35000 -58.34669 0.03832
353.40000 -58.34883 0.04304
353.45000 -58.34941 0.04390
353.50000 -58.35131 0.04718
353.55000 -58.34841 0.04144
353.60000 -58.34972 0.04464
353.65000 -58.34827 0.04294
353.70000 -58.35067 0.04723
353.75000 -58.34786 0.04022
353.80000 -58.34766 0.04308
353.85000 -58.34928 0.04115
353.90000 -58.34791 0.03894
353.95000 -58.34465 0.03803
354.00000 -58.35073 0.04586
354.05000 -58.35012 0.04432
354.10000 -58.34606 0.03652
354.15000 -58.34697 0.04313
354.20000 -58.34838 0.04259
354.25000 -58.34881 0.04495
354.30000 -58.34845 0.04488
354.35000 -58.34509 0.04379
354.40000 -58.34897 0.04446
354.45000 -58.34970 0.04435
354.50000 -58.35059 0.04510
354.55000 -58.34911 0.04477
354.60000 -58.34857 0.04196
354.65000 -58.34732 0.04375
354.70000 -58.34735 0.04660
354.75000 -58.34896 0.04565
354.80000 -58.34602 0.04264
354.85000 -58.34873 0.04332
354.90000 -58.34734 0.04463
354.95000 -58.34686 0.04231
355.00000 -58.34558 0.04307
355.05000 -58.34085 0.03619
355.10000 -58.34647 0.04408
355.15000 -58.34390 0.03740
355.20000 -58.34351 0.03483
355.25000 -58.34663 0.04051
355.30000 -58.34271 0.03465
355.35000 -58.34089 0.03167
355.40000 -58.33807 0.03110
355.45000 -58.34020 0.03386
355.50000 -58.33928 0.03389
355.55000 -58.33864 0.03355
355.60000 -58.33859 0.03009
355.65000 -58.33754 0.03196
355.70000 -58.33728 0.03211
355.75000 -58.33578 0.03042
355.80000 -58.33449 0.03014
355.85000 -58.33229 0.03301
355.90000 -58.33339 0.03291
355.95000 -58.33686 0.03428
356.00000 -58.33318 0.02986
356.05000 -58.33347 0.02554
356.10000 -58.33004 0.02198
356.15000 -58.32889 0.02346
356.20000 -58.33189 0.02553
356.25000 -58.32340 0.01984
356.30000 -58.32785 0.01564
356.35000 -58.32385 0.01844
356.40000 -58.32320 0.02196
356.45000 -58.32307 0.02222
356.50000 -58.32500 0.01912
356.55000 -58.31830 0.01907
356.60000 -58.32435 0.02108
356.65000 -58.32513 0.02313
356.70000 -58.32520 0.02003
356.75000 -58.32491 0.01744
356.80000 -58.32850 0.02231
356.85000 -58.32643 0.02583
356.90000 -58.32681 0.02745
356.95000 -58.32677 0.02685
357.00000 -58.32958 0.02473
357.05000 -58.33056 0.02961
357.10000 -58.33037 0.02980
357.15000 -58.32411 0.02578
357.20000 -58.32776 0.02504
357.25000 -58.33089 0.02403
357.30000 -58.32475 0.02321
357.35000 -58.32457 0.02267
357.40000 -58.32989 0.03465
357.45000 -58.32687 0.03169
357.50000 -58.32864 0.02728
357.55000 -58.32423 0.02649
357.60000 -58.32522 0.02934
357.65000 -58.32590 0.03473
357.70000 -58.32768 0.03305
357.75000 -58.32628 0.03426
357.80000 -58.32760 0.03241
357.85000 -58.32518 0.03036
357.90000 -58.32970 0.03611
357.95000 -58.33316 0.03670
358.00000 -58.32719 0.03348
358.05000 -58.32749 0.03148
358.10000 -58.33073 0.03886
358.15000 -58.33056 0.04015
358.20000 -58.33197 0.04093
358.25000 -58.33428 0.04911
358.30000 -58.33230 0.04689
358.35000 -58.33243 0.04261
358.40000 -58.33030 0.04173
358.45000 -58.33071 0.04162
358.50000 -58.33297 0.04854
358.55000 -58.33202 0.04323
358.60000 -58.33280 0.04493
358.65000 -58.33345 0.04539
358.70000 -58.33060 0.03707
358.75000 -58.33557 0.04372
358.80000 -58.33437 0.04151
358.85000 -58.33821 0.05158
358.90000 -58.33313 0.04436
358.95000 -58.33623 0.05620
359.00000 -58.33557 0.04629
359.05000 -58.33874 0.04623
359.10000 -58.34271 0.05448
359.15000 -58.34025 0.04677
359.20000 -58.33896 0.04565
359.25000 -58.34002 0.04991
359.30000 -58.34105 0.04728
359.35000 -58.34074 0.04393
359.40000 -58.34033 0.04500
359.45000 -58.33890 0.04591
359.50000 -58.34140 0.05441
359.55000 -58.34183 0.05555
359.60000 -58.34463 0.05464
359.65000 -58.34227 0.05636
359.70000 -58.34678 0.06194
359.75000 -58.34233 0.05624
359.80000 -58.33864 0.04696
359.85000 -58.34295 0.05115
359.90000 -58.34105 0.04043
359.95000 -58.34363 0.04850
360.00000 -58.34262 0.05617
360.05000 -58.34204 0.05081
360.10000 -58.34252 0.04955
360.15000 -58.34425 0.05464
360.20000 -58.34215 0.05806
360.25000 -58.34228 0.05487
360.30000 -58.34677 0.05888
360.35000 -58.34924 0.05920
360.40000 -58.34492 0.05425
360.45000 -58.34247 0.05402
360.50000 -58.34519 0.05937
360.55000 -58.34498 0.05665
360.60000 -58.34451 0.05608
360.65000 -58.35001 0.06634
360.70000 -58.34789 0.06374
360.75000 -58.35153 0.06229
360.80000 -58.34772 0.06001
360.85000 -58.34889 0.06433
360.90000 -58.34881 0.05684
360.95000 -58.35202 0.06136
361.00000 -58.34836 0.05852
361.05000 -58.34854 0.05877
361.10000 -58.34684 0.06405
361.15000 -58.34927 0.06667
361.20000 -58.35344 0.06567
361.25000 -58.35078 0.06455
361.30000 -58.35384 0.05976
361.35000 -58.35330 0.06513
361.40000 -58.35134 0.06684
361.45000 -58.35367 0.06319
361.50000 -58.35328 0.06254
361.55000 -58.35250 0.06247
361.60000 -58.35400 0.06572
361.65000 -58.34992 0.05762
361.70000 -58.35219 0.05695
361.75000 -58.35558 0.06456
361.80000 -58.35455 0.05959
361.85000 -58.35308 0.06009
361.90000 -58.35105 0.05446
361.95000 -58.35331 0.06066
362.00000 -58.35305 0.06297
362.05000 -58.35294 0.06318
362.10000 -58.35202 0.06162
362.15000 -58.35246 0.06211
362.20000 -58.35074 0.06130
362.25000 -58.35324 0.06359
362.30000 -58.35329 0.05996
362.35000 -58.35380 0.06515
362.40000 -58.35396 0.06483
362.45000 -58.34971 0.06076
362.50000 -58.35141 0.06041
362.55000 -58.34965 0.06011
362.60000 -58.34886 0.06508
362.65000 -58.34958 0.06441
362.70000 -58.35072 0.06028
362.75000 -58.34983 0.06114
362.80000 -58.35059 0.06639
362.85000 -58.35240 0.06825
362.90000 -58.35028 0.06468
362.95000 -58.35341 0.06833
363.00000 -58.35362 0.06656
363.05000 -58.34944 0.06217
363.10000 -58.34899 0.06320
363.15000 -58.34688 0.05788
363.20000 -58.35152 0.06430
363.25000 -58.34962 0.06012
363.30000 -58.35062 0.06899
363.35000 -58.34487 0.05714
363.40000 -58.34436 0.05429
363.45000 -58.34866 0.05906
363.50000 -58.34589 0.05682
363.55000 -58.34545 0.05725
363.60000 -58.34308 0.05084
363.65000 -58.34641 0.05816
363.70000 -58.34893 0.05565
363.75000 -58.34743 0.05380
363.80000 -58.34491 0.06204
363.85000 -58.34629 0.06232
363.90000 -58.34508 0.05883
363.95000 -58.34738 0.05698
364.00000 -58.34663 0.05552
364.05000 -58.35136 0.06332
364.10000 -58.35439 0.06160
364.15000 -58.34980 0.06250
364.20000 -58.34776 0.05861
364.25000 -58.35212 0.05976
364.30000 -58.34684 0.05886
364.35000 -58.35175 0.07242
364.40000 -58.35266 0.06473
364.45000 -58.35253 0.06032
364.50000 -58.35119 0.06581
364.55000 -58.35482 0.05635
364.60000 -58.35743 0.06205
364.65000 -58.35309 0.05673
364.70000 -58.35094 0.05457
364.75000 -58.35003 0.05284
364.80000 -58.35118 0.06230
364.85000 -58.35097 0.05801
364.90000 -58.34773 0.05882
364.95000 -58.35232 0.06168
365.00000 -58.35071 0.05832
365.05000 -58.34971 0.05221
365.10000 -58.35524 0.06301
365.15000 -58.34927 0.05167
365.20000 -58.34919 0.05235
365.25000 -58.34953 0.05194
365.30000 -58.34543 0.04932
365.35000 -58.34777 0.05531
365.40000 -58.35066 0.05391
365.45000 -58.34733 0.04405
365.50000 -58.34357 0.04144
365.55000 -58.34264 0.04646
365.60000 -58.34357 0.04458
365.65000 -58.34531 0.05172
365.70000 -58.34365 0.04470
365.75000 -58.34172 0.04374
365.80000 -58.34769 0.04986
365.85000 -58.34481 0.03648
365.90000 -58.34273 0.03741
365.95000 -58.34256 0.04496
366.00000 -58.35185 0.05204
366.05000 -58.34869 0.05321
366.10000 -58.35183 0.05530
366.15000 -58.35382 0.05171
366.20000 -58.34875 0.05137
366.25000 -58.35107 0.05232
366.30000 -58.35187 0.05007
366.35000 -58.34728 0.03699
366.40000 -58.34852 0.04405
366.45000 -58.35214 0.04688
366.50000 -58.35183 0.04697
366.55000 -58.35160 0.04460
366.60000 -58.34921 0.04531
366.65000 -58.34626 0.04173
366.70000 -58.34820 0.04355
366.75000 -58.34953 0.04411
366.80000 -58.34855 0.04038
366.85000 -58.34946 0.04751
366.90000 -58.35282 0.04975
366.95000 -58.34666 0.04097
367.00000 -58.34979 0.04514
367.05000 -58.35217 0.05121
367.10000 -58.34813 0.04950
367.15000 -58.34643 0.04828
367.20000 -58.34489 0.04325
367.25000 -58.35095 0.04709
367.30000 -58.34657 0.03781
367.35000 -58.34586 0.03841
367.40000 -58.34962 0.05324
367.45000 -58.34262 0.04328
367.50000 -58.34339 0.04640
367.55000 -58.34355 0.04995
367.60000 -58.34215 0.04641
367.65000 -58.34467 0.04358
367.70000 -58.34423 0.03870
367.75000 -58.34520 0.04699
367.80000 -58.34611 0.05087
367.85000 -58.34900 0.05295
367.90000 -58.34980 0.04351
367.95000 -58.34862 0.04180
368.00000 -58.34501 0.04221
368.05000 -58.34409 0.04460
368.10000 -58.34266 0.04169
368.15000 -58.34489 0.03471
368.20000 -58.34823 0.04337
368.25000 -58.34323 0.03760
368.30000 -58.34344 0.04254
368.35000 -58.34194 0.03408
368.40000 -58.34268 0.03835
368.45000 -58.34440 0.04457
368.50000 -58.34353 0.04234
368.55000 -58.34695 0.04158
368.60000 -58.34772 0.04361
368.65000 -58.34532 0.03872
368.70000 -58.34682 0.04260
368.75000 -58.34588 0.04234
368.80000 -58.34315 0.03654
368.85000 -58.33964 0.04034
368.90000 -58.34165 0.03569
368.95000 -58.33802 0.03267
369.00000 -58.33672 0.03417
369.05000 -58.33683 0.03563
369.10000 -58.34037 0.03511
369.15000 -58.33776 0.03827
369.20000 -58.34366 0.03716
369.25000 -58.34358 0.03761
369.30000 -58.34062 0.03471
369.35000 -58.34541 0.03914
369.40000 -58.34245 0.03387
369.45000 -58.34051 0.03582
369.50000 -58.34110 0.03493
369.55000 -58.34162 0.03835
369.60000 -58.33785 0.03452
369.65000 -58.34062 0.03345
369.70000 -58.34499 0.03371
369.75000 -58.34021 0.02759
369.80000 -58.33930 0.02735
369.85000 -58.33978 0.02649
369.90000 -58.33835 0.02388
369.95000 -58.34428 0.02966
370.00000 -58.33955 0.02599
370.05000 -58.33837 0.02776
370.10000 -58.34048 0.03093
370.15000 -58.34432 0.03436
370.20000 -58.34241 0.02625
370.25000 -58.34253 0.02611
370.30000 -58.34481 0.03288
370.35000 -58.33863 0.02702
370.40000 -58.33870 0.02336
370.45000 -58.33601 0.02263
370.50000 -58.33672 0.02833
370.55000 -58.33647 0.02786
370.60000 -58.33882 0.02757
370.65000 -58.34172 0.02721
370.70000 -58.33397 0.02042
370.75000 -58.33170 0.01836
370.80000 -58.33594 0.02483
370.85000 -58.33766 0.02744
370.90000 -58.33672 0.03042
370.95000 -58.34410 0.03958
371.00000 -58.33682 0.02994
371.05000 -58.33472 0.02295
371.10000 -58.33435 0.02308
371.15000 -58.33392 0.02364
371.20000 -58.33414 0.02845
371.25000 -58.33335 0.02210
371.30000 -58.33182 0.02208
371.35000 -58.33195 0.02399
371.40000 -58.33448 0.02577
371.45000 -58.33634 0.03456
371.50000 -58.33388 0.02420
371.55000 -58.33642 0.02829
371.60000 -58.33663 0.02975
371.65000 -58.33368 0.02798
371.70000 -58.33588 0.02609
371.75000 -58.33593 0.02911
371.80000 -58.33172 0.02286
371.85000 -58.33437 0.02463
371.90000 -58.33711 0.02810
371.95000 -58.33405 0.02412
372.00000 -58.32851 0.01766
372.05000 -58.33138 0.02525
372.10000 -58.33257 0.02310
372.15000 -58.33322 0.02272
372.20000 -58.33159 0.02429
372.25000 -58.33235 0.02470
372.30000 -58.33239 0.02524
372.35000 -58.33327 0.02690
372.40000 -58.33207 0.02657
372.45000 -58.33559 0.03023
372.50000 -58.33173 0.02229
372.55000 -58.33078 0.02342
372.60000 -58.32998 0.01841
372.65000 -58.32969 0.02295
372.70000 -58.33790 0.02738
372.75000 -58.33079 0.01702
372.80000 -58.33194 0.02789
372.85000 -58.33076 0.02284
372.90000 -58.33614 0.02669
372.95000 -58.33231 0.02368
373.00000 -58.33201 0.02472
373.05000 -58.33417 0.02533
373.10000 -58.33344 0.02337
373.15000 -58.33428 0.02574
373.20000 -58.33231 0.02414
373.25000 -58.33351 0.02709
373.30000 -58.33137 0.02073
373.35000 -58.33388 0.02926
373.40000 -58.33265 0.02766
373.45000 -58.33302 0.02532
373.50000 -58.33462 0.02746
373.55000 -58.33479 0.02468
373.60000 -58.33170 0.02269
373.65000 -58.33510 0.02828
373.70000 -58.33694 0.02979
373.75000 -58.33519 0.02988
373.80000 -58.33349 0.02651
373.85000 -58.33503 0.02758
373.90000 -58.32920 0.01951
373.95000 -58.33368 0.02846
374.00000 -58.33471 0.03204
374.05000 -58.33133 0.02684
374.10000 -58.33586 0.02977
374.15000 -58.33317 0.02690
374.20000 -58.33263 0.02641
374.25000 -58.33330 0.02892
374.30000 -58.33403 0.02729
374.35000 -58.33193 0.02771
374.40000 -58.32820 0.02054
374.45000 -58.33341 0.02554
374.50000 -58.33611 0.02976
374.55000 -58.33151 0.02243
374.60000 -58.33220 0.02406
374.65000 -58.33244 0.02331
374.70000 -58.33546 0.02841
374.75000 -58.33163 0.02391
374.80000 -58.33156 0.02676
374.85000 -58.32823 0.02444
374.90000 -58.33344 0.02486
374.95000 -58.33325 0.02424
375.00000 -58.33390 0.03004
375.05000 -58.33387 0.02821
375.10000 -58.33939 0.03324
375.15000 -58.33645 0.03134
375.20000 -58.34089 0.03324
375.25000 -58.33786 0.03407
375.30000 -58.33556 0.02937
375.35000 -58.33345 0.02339
375.40000 -58.33049 0.01861
375.45000 -58.33099 0.01931
375.50000 -58.33175 0.02088
375.55000 -58.33684 0.02806
375.60000 -58.33145 0.02163
375.65000 -58.33133 0.02139
375.70000 -58.33531 0.02555
375.75000 -58.33382 0.02278
375.80000 -58.33342 0.02396
375.85000 -58.32872 0.01987
375.90000 -58.33303 0.02336
375.95000 -58.33351 0.02313
376.00000 -58.33369 0.02363
376.05000 -58.33728 0.02808
376.10000 -58.33502 0.02724
376.15000 -58.33582 0.02476
376.20000 -58.33358 0.02327
376.25000 -58.33508 0.02670
376.30000 -58.33525 0.02627
376.35000 -58.33475 0.02661
376.40000 -58.33476 0.02938
376.45000 -58.33475 0.02647
376.50000 -58.33554 0.02734
376.55000 -58.33719 0.03426
376.60000 -58.33451 0.02659
376.65000 -58.33741 0.03636
376.70000 -58.33984 0.03558
376.75000 -58.33495 0.03471
376.80000 -58.33486 0.03750
376.85000 -58.33501 0.03645
376.90000 -58.33355 0.03427
376.95000 -58.33392 0.03807
377.00000 -58.33023 0.03587
377.05000 -58.33283 0.03297
377.10000 -58.33481 0.03011
377.15000 -58.32994 0.02769
377.20000 -58.32584 0.02819
377.25000 -58.32836 0.03601
377.30000 -58.33399 0.03643
377.35000 -58.33012 0.03339
377.40000 -58.32823 0.03233
377.45000 -58.32946 0.03180
377.50000 -58.32970 0.03656
377.55000 -58.33229 0.03995
377.60000 -58.33222 0.03716
377.65000 -58.33234 0.03775
377.70000 -58.33067 0.03764
377.75000 -58.33646 0.04358
377.80000 -58.33404 0.04422
377.85000 -58.33786 0.04838
377.90000 -58.33935 0.05036
377.95000 -58.33895 0.05304
378.00000 -58.33841 0.05518
378.05000 -58.33803 0.04464
378.10000 -58.33983 0.05204
378.15000 -58.34222 0.05080
378.20000 -58.34599 0.05911
378.25000 -58.34309 0.05569
378.30000 -58.34174 0.05468
378.35000 -58.34010 0.05385
378.40000 -58.34259 0.05093
378.45000 -58.34268 0.04923
378.50000 -58.34227 0.05141
378.55000 -58.34334 0.05523
378.60000 -58.34010 0.05063
378.65000 -58.34067 0.05386
378.70000 -58.34017 0.05405
378.75000 -58.33977 0.05196
378.80000 -58.34239 0.05780
378.85000 -58.33979 0.04977
378.90000 -58.34038 0.05595
378.95000 -58.34074 0.05798
379.00000 -58.34015 0.05384
379.05000 -58.33992 0.05575
379.10000 -58.34403 0.05926
379.15000 -58.34359 0.06589
379.20000 -58.34542 0.06231
379.25000 -58.34576 0.06203
379.30000 -58.34056 0.05239
379.35000 -58.34414 0.06161
379.40000 -58.34339 0.06234
379.45000 -58.34269 0.06425
379.50000 -58.34599 0.06132
379.55000 -58.34722 0.06236
379.60000 -58.34660 0.06549
379.65000 -58.34639 0.05946
379.70000 -58.34170 0.05342
379.75000 -58.34485 0.06180
379.80000 -58.34568 0.06742
379.85000 -58.34496 0.06446
379.90000 -58.34885 0.06810
379.95000 -58.34625 0.06754
380.00000 -58.34878 0.06225
380.05000 -58.34475 0.06439
380.10000 -58.34551 0.06426
380.15000 -58.35039 0.06831
380.20000 -58.34755 0.06168
380.25000 -58.34559 0.06514
380.30000 -58.34432 0.05908
380.35000 -58.34696 0.06701
380.40000 -58.34579 0.06237
380.45000 -58.34828 0.06472
380.50000 -58.34429 0.06229
380.55000 -58.34747 0.06218
380.60000 -58.34965 0.05982
380.65000 -58.34740 0.05983
380.70000 -58.34987 0.06748
380.75000 -58.34984 0.06702
380.80000 -58.34805 0.06401
380.85000 -58.34930 0.06770
380.90000 -58.35031 0.06817
380.95000 -58.34906 0.06211
381.00000 -58.34704 0.05974
381.05000 -58.34647 0.06465
381.10000 -58.34871 0.06083
381.15000 -58.35319 0.06550
381.20000 -58.35171 0.06215
381.25000 -58.35037 0.06273
381.30000 -58.35401 0.06441
381.35000 -58.35188 0.06742
381.40000 -58.34833 0.06762
381.45000 -58.34746 0.05976
381.50000 -58.34749 0.05502
381.55000 -58.34880 0.06376
381.60000 -58.34909 0.06553
381.65000 -58.34910 0.06396
381.70000 -58.35189 0.06364
381.75000 -58.34397 0.05837
381.80000 -58.35031 0.06239
381.85000 -58.34990 0.06660
381.90000 -58.34937 0.06399
381.95000 -58.35165 0.06233
382.00000 -58.35179 0.05843
382.05000 -58.35563 0.05703
382.10000 -58.35178 0.05484
382.15000 -58.35344 0.05667
382.20000 -58.35170 0.06023
382.25000 -58.35135 0.05814
382.30000 -58.35159 0.05978
382.35000 -58.35077 0.05615
382.40000 -58.34977 0.05695
382.45000 -58.35480 0.06706
382.50000 -58.35593 0.06006
382.55000 -58.35415 0.05635
382.60000 -58.35329 0.05641
382.65000 -58.34906 0.06177
382.70000 -58.35078 0.05631
382.75000 -58.35004 0.05590
382.80000 -58.35556 0.06674
382.85000 -58.35366 0.05982
382.90000 -58.35440 0.05879
382.95000 -58.35236 0.05714
383.00000 -58.35476 0.06046
383.05000 -58.35506 0.05920
383.10000 -58.35140 0.05466
383.15000 -58.35456 0.05813
383.20000 -58.35363 0.06214
383.25000 -58.35023 0.05476
383.30000 -58.35131 0.05447
383.35000 -58.34828 0.04858
383.40000 -58.34999 0.05206
383.45000 -58.34954 0.05422
383.50000 -58.34772 0.05239
383.55000 -58.34997 0.04822
383.60000 -58.34855 0.04996
383.65000 -58.34670 0.04659
383.70000 -58.34945 0.04492
383.75000 -58.34656 0.04269
383.80000 -58.34678 0.04571
383.85000 -58.34725 0.04441
383.90000 -58.35043 0.05088
383.95000 -58.35246 0.04922
384.00000 -58.35313 0.05408
384.05000 -58.35379 0.04990
384.10000 -58.35479 0.05062
384.15000 -58.35428 0.04836
384.20000 -58.35507 0.05136
384.25000 -58.35312 0.04733
384.30000 -58.35375 0.04769
384.35000 -58.35505 0.05085
384.40000 -58.35487 0.05440
384.45000 -58.35262 0.05071
384.50000 -58.35326 0.04991
384.55000 -58.35429 0.05316
384.60000 -58.35324 0.05265
384.65000 -58.35326 0.05282
384.70000 -58.35315 0.04681
384.75000 -58.35498 0.05520
384.80000 -58.35435 0.05068
384.85000 -58.35705 0.05515
384.90000 -58.35685 0.05016
384.95000 -58.35370 0.04620
385.00000 -58.35694 0.05805
385.05000 -58.35763 0.05591
385.10000 -58.35628 0.05337
385.15000 -58.35802 0.05406
385.20000 -58.35105 0.04938
385.25000 -58.35784 0.05568
385.30000 -58.36166 0.06129
385.35000 -58.36011 0.05828
385.40000 -58.35904 0.05579
385.45000 -58.35996 0.05485
385.50000 -58.35516 0.05176
385.55000 -58.35934 0.05674
385.60000 -58.36041 0.05748
385.65000 -58.35449 0.04658
385.70000 -58.35662 0.04953
385.75000 -58.35403 0.04807
385.80000 -58.35227 0.04723
385.85000 -58.35523 0.04845
385.90000 -58.35573 0.05246
385.95000 -58.35260 0.04862
386.00000 -58.35296 0.04727
386.05000 -58.35225 0.04522
386.10000 -58.35494 0.05030
386.15000 -58.35476 0.05006
386.20000 -58.35854 0.05317
386.25000 -58.35836 0.05181
386.30000 -58.35932 0.05127
386.35000 -58.35477 0.05005
386.40000 -58.36060 0.06192
386.45000 -58.35649 0.05471
386.50000 -58.35353 0.04785
386.55000 -58.35347 0.05129
386.60000 -58.35118 0.04773
386.65000 -58.35464 0.05274
386.70000 -58.35329 0.05535
386.75000 -58.35678 0.05482
386.80000 -58.35161 0.04739
386.85000 -58.35141 0.04907
386.90000 -58.35366 0.05767
386.95000 -58.35303 0.04713
387.00000 -58.35532 0.05780
387.05000 -58.35866 0.05641
387.10000 -58.35815 0.05675
387.15000 -58.35560 0.05699
387.20000 -58.35812 0.05995
387.25000 -58.35420 0.05534
387.30000 -58.35713 0.05383
387.35000 -58.35743 0.05748
387.40000 -58.36063 0.06243
387.45000 -58.36063 0.06285
387.50000 -58.35884 0.05893
387.55000 -58.35779 0.05348
387.60000 -58.35795 0.05465
387.65000 -58.35790 0.05279
387.70000 -58.35890 0.05152
387.75000 -58.35737 0.05319
387.80000 -58.35221 0.05005
387.85000 -58.35710 0.05558
387.90000 -58.35835 0.05188
387.95000 -58.35713 0.05226
388.00000 -58.35595 0.05238
388.05000 -58.35262 0.05022
388.10000 -58.35465 0.05357
388.15000 -58.35655 0.05571
388.20000 -58.35383 0.05170
388.25000 -58.35323 0.05419
388.30000 -58.35194 0.05201
388.35000 -58.35654 0.05519
388.40000 -58.35290 0.05287
388.45000 -58.35361 0.05311
388.50000 -58.35343 0.05212
388.55000 -58.35098 0.04294
388.60000 -58.35477 0.05066
388.65000 -58.34935 0.04609
388.70000 -58.35534 0.05196
388.75000 -58.35455 0.05515
388.80000 -58.35469 0.05271
388.85000 -58.35305 0.04789
388.90000 -58.35105 0.04277
388.95000 -58.35151 0.04436
389.00000 -58.35264 0.05240
389.05000 -58.35162 0.04798
389.10000 -58.34941 0.04529
389.15000 -58.34988 0.05296
389.20000 -58.34835 0.05027
389.25000 -58.34785 0.04272
389.30000 -58.34651 0.04278
389.35000 -58.34662 0.03826
389.40000 -58.34556 0.04312
389.45000 -58.34330 0.03808
389.50000 -58.34556 0.03883
389.55000 -58.34412 0.03711
389.60000 -58.34289 0.03429
389.65000 -58.34047 0.03775
389.70000 -58.33980 0.03022
389.75000 -58.34180 0.03472
389.80000 -58.33944 0.03561
389.85000 -58.33995 0.03699
389.90000 -58.34098 0.03666
389.95000 -58.33870 0.03824
390.00000 -58.34242 0.04034
390.05000 -58.34002 0.04004
390.10000 -58.34269 0.03677
390.15000 -58.34108 0.04186
390.20000 -58.33965 0.03828
390.25000 -58.34190 0.04071
390.30000 -58.34062 0.04263
390.35000 -58.33926 0.03046
390.40000 -58.33609 0.03271
390.45000 -58.33769 0.03035
390.50000 -58.33476 0.02948
390.55000 -58.33450 0.03252
390.60000 -58.33340 0.02767
390.65000 -58.33196 0.02293
390.70000 -58.33528 0.02828
390.75000 -58.33342 0.02908
390.80000 -58.33433 0.02477
390.85000 -58.33915 0.03410
390.90000 -58.34064 0.03202
390.95000 -58.33494 0.02951
391.00000 -58.34008 0.03019
391.05000 -58.34217 0.03081
391.10000 -58.33687 0.02141
391.15000 -58.34119 0.02385
391.20000 -58.33923 0.02763
391.25000 -58.34147 0.02928
391.30000 -58.33677 0.02975
391.35000 -58.33681 0.02457
391.40000 -58.33702 0.02711
391.45000 -58.33686 0.02819
391.50000 -58.33662 0.02104
391.55000 -58.34024 0.03425
391.60000 -58.33559 0.02273
391.65000 -58.33828 0.03267
391.70000 -58.33557 0.02983
391.75000 -58.33701 0.02861
391.80000 -58.33929 0.03331
391.85000 -58.33952 0.03607
391.90000 -58.33602 0.02588
391.95000 -58.33810 0.02640
392.00000 -58.34013 0.03276
392.05000 -58.33883 0.03501
392.10000 -58.34187 0.03268
392.15000 -58.33796 0.03488
392.20000 -58.33829 0.03014
392.25000 -58.33548 0.02692
392.30000 -58.33892 0.03197
392.35000 -58.33518 0.03375
392.40000 -58.34062 0.03163
392.45000 -58.34112 0.03653
392.50000 -58.33700 0.03378
392.55000 -58.33838 0.03337
392.60000 -58.33888 0.03787
392.65000 -58.33430 0.02717
392.70000 -58.33661 0.03359
392.75000 -58.33926 0.03416
392.80000 -58.33525 0.03452
392.85000 -58.33599 0.03035
392.90000 -58.33289 0.02470
392.95000 -58.34000 0.03099
393.00000 -58.33959 0.03225
393.05000 -58.33792 0.03051
393.10000 -58.33441 0.02512
393.15000 -58.33883 0.02911
393.20000 -58.33946 0.03007
393.25000 -58.33890 0.03235
393.30000 -58.33915 0.02987
393.35000 -58.33920 0.03024
393.40000 -58.34091 0.03359
393.45000 -58.33947 0.03272
393.50000 -58.33958 0.03408
393.55000 -58.34211 0.03745
393.60000 -58.34073 0.03685
393.65000 -58.34155 0.03434
393.70000 -58.33949 0.03279
393.75000 -58.33642 0.02438
393.80000 -58.34158 0.02987
393.85000 -58.33986 0.03338
393.90000 -58.33428 0.02692
393.95000 -58.33804 0.03274
394.00000 -58.33599 0.03619
394.05000 -58.34111 0.03773
394.10000 -58.34124 0.03730
394.15000 -58.33666 0.03158
394.20000 -58.33671 0.03332
394.25000 -58.34059 0.03358
394.30000 -58.33818 0.03398
394.35000 -58.33480 0.03651
394.40000 -58.33871 0.03013
394.45000 -58.33904 0.03457
394.50000 -58.33765 0.03109
394.55000 -58.33388 0.03529
394.60000 -58.33526 0.03631
394.65000 -58.33724 0.03386
394.70000 -58.33861 0.03527
394.75000 -58.33612 0.03634
394.80000 -58.33451 0.03788
394.85000 -58.33823 0.04010
394.90000 -58.33467 0.03354
394.95000 -58.33708 0.03622
395.00000 -58.33893 0.03571
395.05000 -58.33701 0.04167
395.10000 -58.33468 0.03755
395.15000 -58.33487 0.03043
395.20000 -58.33717 0.03611
395.25000 -58.33826 0.03463
395.30000 -58.34053 0.04257
395.35000 -58.33976 0.04404
395.40000 -58.33724 0.04444
395.45000 -58.34041 0.04966
395.50000 -58.33678 0.04306
395.55000 -58.33702 0.03656
395.60000 -58.33428 0.03834
395.65000 -58.34006 0.04347
395.70000 -58.34153 0.04587
395.75000 -58.33782 0.04875
395.80000 -58.33581 0.03826
395.85000 -58.33851 0.04246
395.90000 -58.33720 0.04440
395.95000 -58.34114 0.05139
396.00000 -58.34041 0.04790
396.05000 -58.33569 0.04218
396.10000 -58.33695 0.04358
396.15000 -58.33938 0.04226
396.20000 -58.33890 0.04077
396.25000 -58.33935 0.04204
396.30000 -58.34013 0.04256
396.35000 -58.34259 0.04083
396.40000 -58.33905 0.03628
396.45000 -58.34115 0.03980
396.50000 -58.33940 0.03734
396.55000 -58.34172 0.04252
396.60000 -58.34211 0.04552
396.65000 -58.34179 0.04087
396.70000 -58.33953 0.03949
396.75000 -58.34269 0.04367
396.80000 -58.34130 0.04371
396.85000 -58.34176 0.04544
396.90000 -58.34033 0.03775
396.95000 -58.33974 0.04199
397.00000 -58.33520 0.03866
397.05000 -58.33991 0.03977
397.10000 -58.33837 0.03877
397.15000 -58.34497 0.04838
397.20000 -58.34636 0.04658
397.25000 -58.34606 0.05235
397.30000 -58.34362 0.04768
397.35000 -58.34262 0.04534
397.40000 -58.34106 0.05004
397.45000 -58.34231 0.04987
397.50000 -58.34067 0.04343
397.55000 -58.34306 0.04976
397.60000 -58.34427 0.04697
397.65000 -58.34098 0.04756
397.70000 -58.34313 0.04674
397.75000 -58.34791 0.05137
397.80000 -58.34817 0.05730
397.85000 -58.34368 0.05269
397.90000 -58.33897 0.04762
397.95000 -58.33939 0.05250
398.00000 -58.34277 0.04767
398.05000 -58.34279 0.04280
398.10000 -58.34109 0.04568
398.15000 -58.34177 0.04545
398.20000 -58.34191 0.03880
398.25000 -58.34509 0.04114
398.30000 -58.34037 0.03715
398.35000 -58.34257 0.04028
398.40000 -58.34038 0.03938
398.45000 -58.33986 0.04502
398.50000 -58.34380 0.04282
398.55000 -58.34528 0.04077
398.60000 -58.34763 0.04561
398.65000 -58.34123 0.03817
398.70000 -58.34159 0.03700
398.75000 -58.34368 0.03732
398.80000 -58.34224 0.03771
398.85000 -58.34176 0.03908
398.90000 -58.34202 0.03836
398.95000 -58.34807 0.04292
399.00000 -58.34766 0.04483
399.05000 -58.34936 0.04367
399.10000 -58.34264 0.03840
399.15000 -58.34986 0.04421
399.20000 -58.34643 0.04004
399.25000 -58.35032 0.04668
399.30000 -58.35061 0.04385
399.35000 -58.35155 0.04377
399.40000 -58.34497 0.03500
399.45000 -58.34981 0.04185
399.50000 -58.34679 0.03658
399.55000 -58.34921 0.04008
399.60000 -58.34992 0.03942
399.65000 -58.35107 0.03887
399.70000 -58.34939 0.04066
399.75000 -58.34583 0.03683
399.80000 -58.34808 0.03632
399.85000 -58.35002 0.04153
399.90000 -58.34737 0.03948
399.95000 -58.35304 0.04301
400.00000 -58.34780 0.03978
400.05000 -58.35156 0.04191
400.10000 -58.35091 0.04316
400.15000 -58.35151 0.04094
400.20000 -58.35301 0.04592
400.25000 -58.35247 0.04592
400.30000 -58.35333 0.04528
400.35000 -58.35113 0.04412
400.40000 -58.34997 0.04182
400.45000 -58.34933 0.03989
400.50000 -58.35252 0.04730
400.55000 -58.35411 0.04921
400.60000 -58.34789 0.04383
400.65000 -58.35237 0.04547
400.70000 -58.35178 0.04117
400.75000 -58.35498 0.05095
400.80000 -58.35643 0.05012
400.85000 -58.35683 0.04834
400.90000 -58.35630 0.04547
400.95000 -58.35496 0.04824
401.00000 -58.35599 0.04834
401.05000 -58.35810 0.05403
401.10000 -58.35519 0.05035
401.15000 -58.35485 0.04524
401.20000 -58.35787 0.04768
401.25000 -58.35456 0.04510
401.30000 -58.35710 0.05187
401.35000 -58.35676 0.05143
401.40000 -58.35717 0.04906
401.45000 -58.35880 0.04738
401.50000 -58.35610 0.04619
401.55000 -58.35981 0.05264
401.60000 -58.35716 0.05037
401.65000 -58.36123 0.05406
401.70000 -58.36193 0.05609
401.75000 -58.35872 0.05079
401.80000 -58.36408 0.05621
401.85000 -58.36189 0.05175
401.90000 -58.36437 0.05498
401.95000 -58.36359 0.05511
402.00000 -58.36516 0.05688
402.05000 -58.36281 0.05231
402.10000 -58.36100 0.05545
402.15000 -58.36275 0.05560
402.20000 -58.36007 0.04867
402.25000 -58.35928 0.04862
402.30000 -58.36501 0.05762
402.35000 -58.36273 0.05553
402.40000 -58.35780 0.04982
402.45000 -58.35646 0.04960
402.50000 -58.35597 0.04237
402.55000 -58.35902 0.04702
402.60000 -58.36317 0.05158
402.65000 -58.36265 0.05238
402.70000 -58.35871 0.04859
402.75000 -58.35725 0.04654
402.80000 -58.35742 0.04591
402.85000 -58.35933 0.05211
402.90000 -58.35844 0.05060
402.95000 -58.35610 0.04177
403.00000 -58.35669 0.04555
403.05000 -58.35760 0.05169
403.10000 -58.36008 0.04773
403.15000 -58.36275 0.05435
403.20000 -58.35594 0.04657
403.25000 -58.35715 0.04218
403.30000 -58.35684 0.04397
403.35000 -58.35647 0.04343
403.40000 -58.35654 0.04500
403.45000 -58.35927 0.04813
403.50000 -58.35538 0.05369
403.55000 -58.35359 0.04670
403.60000 -58.35556 0.04261
403.65000 -58.35690 0.04711
403.70000 -58.35899 0.05522
403.75000 -58.36031 0.04642
403.80000 -58.35793 0.04081
403.85000 -58.35722 0.05414
403.90000 -58.35423 0.05171
403.95000 -58.35971 0.05063
404.00000 -58.36034 0.04931
404.05000 -58.35980 0.05089
404.10000 -58.35899 0.04161
404.15000 -58.36019 0.04630
404.20000 -58.35971 0.04652
404.25000 -58.36001 0.04733
404.30000 -58.35898 0.04923
404.35000 -58.36216 0.05407
404.40000 -58.35866 0.05016
404.45000 -58.36420 0.05520
404.50000 -58.36285 0.05653
404.55000 -58.36079 0.05535
404.60000 -58.35539 0.05007
404.65000 -58.35281 0.05892
404.70000 -58.35675 0.05538
404.75000 -58.35370 0.05206
404.80000 -58.35649 0.05425
404.85000 -58.35687 0.05090
404.90000 -58.35561 0.04810
404.95000 -58.35187 0.04767
405.00000 -58.35264 0.04013
405.05000 -58.35254 0.04565
405.10000 -58.35578 0.04776
405.15000 -58.35713 0.05330
405.20000 -58.35389 0.05399
405.25000 -58.35210 0.05193
405.30000 -58.35210 0.04597
405.35000 -58.34772 0.04541
405.40000 -58.35320 0.04788
405.45000 -58.35487 0.04784
405.50000 -58.35227 0.03903
405.55000 -58.35057 0.03973
405.60000 -58.35320 0.04302
405.65000 -58.35293 0.04559
405.70000 -58.35243 0.03669
405.75000 -58.35059 0.03964
405.80000 -58.35836 0.04602
405.85000 -58.35653 0.04404
405.90000 -58.35658 0.05477
405.95000 -58.35726 0.04914
406.00000 -58.35356 0.03821
406.05000 -58.35190 0.03601
406.10000 -58.35372 0.04420
406.15000 -58.34986 0.04527
406.20000 -58.35207 0.04540
406.25000 -58.35572 0.04281
406.30000 -58.35599 0.04531
406.35000 -58.35329 0.04424
406.40000 -58.35026 0.04571
406.45000 -58.35271 0.03975
406.50000 -58.35056 0.03788
406.55000 -58.34801 0.03442
406.60000 -58.35034 0.04043
406.65000 -58.34690 0.03834
406.70000 -58.34831 0.04456
406.75000 -58.34668 0.03838
406.80000 -58.34694 0.03916
406.85000 -58.35072 0.04246
406.90000 -58.35282 0.04427
406.95000 -58.35261 0.04441
407.00000 -58.34983 0.04132
407.05000 -58.34940 0.04511
407.10000 -58.35028 0.04243
407.15000 -58.34891 0.03819
407.20000 -58.35012 0.03760
407.25000 -58.34863 0.04298
407.30000 -58.35245 0.04406
407.35000 -58.35422 0.04849
407.40000 -58.34826 0.04264
407.45000 -58.35050 0.03796
407.50000 -58.34913 0.04409
407.55000 -58.35137 0.03988
407.60000 -58.35031 0.04148
407.65000 -58.34955 0.03544
407.70000 -58.35350 0.03857
407.75000 -58.34783 0.03647
407.80000 -58.35097 0.03534
407.85000 -58.34840 0.03270
407.90000 -58.34489 0.03550
407.95000 -58.34645 0.03430
408.00000 -58.34432 0.02986
408.05000 -58.34448 0.03095
408.10000 -58.34879 0.03237
408.15000 -58.34488 0.03035
408.20000 -58.34552 0.02995
408.25000 -58.34283 0.03806
408.30000 -58.34456 0.03343
408.35000 -58.34206 0.03004
408.40000 -58.33621 0.02764
408.45000 -58.34318 0.03663
408.50000 -58.34029 0.03471
408.55000 -58.34210 0.03640
408.60000 -58.34267 0.03139
408.65000 -58.33536 0.02634
408.70000 -58.33731 0.03471
408.75000 -58.33536 0.03980
408.80000 -58.34150 0.04236
408.85000 -58.33943 0.04471
408.90000 -58.34027 0.03878
408.95000 -58.34140 0.03831
409.00000 -58.34161 0.03782
409.05000 -58.34322 0.03679
409.10000 -58.34070 0.03599
409.15000 -58.34345 0.04457
409.20000 -58.34190 0.04059
409.25000 -58.33984 0.03595
409.30000 -58.33546 0.03447
409.35000 -58.33745 0.03174
409.40000 -58.33640 0.04229
409.45000 -58.33884 0.04401
409.50000 -58.33780 0.03580
409.55000 -58.33809 0.03801
409.60000 -58.33830 0.03478
409.65000 -58.33534 0.02909
409.70000 -58.34104 0.03139
409.75000 -58.33843 0.03528
409.80000 -58.34036 0.04691
409.85000 -58.34220 0.04441
409.90000 -58.33668 0.03263
409.95000 -58.33556 0.02994
410.00000 -58.33489 0.02936
410.05000 -58.33712 0.02540
410.10000 -58.34015 0.02775
410.15000 -58.33631 0.01993
410.20000 -58.33705 0.02559
410.25000 -58.33716 0.02379
410.30000 -58.33767 0.02555
410.35000 -58.33491 0.02292
410.40000 -58.33778 0.02054
410.45000 -58.33636 0.01766
410.50000 -58.33556 0.01960
410.55000 -58.33551 0.02479
410.60000 -58.33654 0.01640
410.65000 -58.33709 0.01835
410.70000 -58.33552 0.01833
410.75000 -58.33875 0.02617
410.80000 -58.33798 0.02570
410.85000 -58.33468 0.01906
410.90000 -58.33693 0.01846
410.95000 -58.33498 0.01613
411.00000 -58.33859 0.02007
411.05000 -58.34039 0.01876
411.10000 -58.34189 0.02381
411.15000 -58.34376 0.02570
411.20000 -58.34056 0.01839
411.25000 -58.34012 0.01780
411.30000 -58.33985 0.01737
411.35000 -58.33977 0.01966
411.40000 -58.34055 0.02034
411.45000 -58.34508 0.02445
411.50000 -58.34307 0.02181
411.55000 -58.34588 0.02383
411.60000 -58.34236 0.02779
411.65000 -58.34100 0.01902
411.70000 -58.34002 0.01905
411.75000 -58.34181 0.02173
411.80000 -58.34251 0.02535
411.85000 -58.34470 0.02633
411.90000 -58.34414 0.02599
411.95000 -58.34840 0.03087
412.00000 -58.34666 0.02752
412.05000 -58.34383 0.02313
412.10000 -58.34433 0.02305
412.15000 -58.34875 0.02800
412.20000 -58.35166 0.03630
412.25000 -58.35141 0.03535
412.30000 -58.34632 0.02905
412.35000 -58.34820 0.03100
412.40000 -58.35448 0.03936
412.45000 -58.35031 0.03654
412.50000 -58.35015 0.03521
412.55000 -58.34679 0.02945
412.60000 -58.34433 0.03006
412.65000 -58.35016 0.03448
412.70000 -58.34634 0.02945
412.75000 -58.34751 0.03084
412.80000 -58.34632 0.03148
412.85000 -58.34148 0.02592
412.90000 -58.34672 0.03068
412.95000 -58.34098 0.02117
413.00000 -58.34395 0.02579
413.05000 -58.34417 0.02808
413.10000 -58.34241 0.03261
413.15000 -58.34318 0.02550
413.20000 -58.34387 0.02592
413.25000 -58.34745 0.03209
413.30000 -58.34599 0.02746
413.35000 -58.34024 0.02103
413.40000 -58.34261 0.02344
413.45000 -58.34595 0.02983
413.50000 -58.34510 0.02664
413.55000 -58.34590 0.02918
413.60000 -58.34244 0.02279
413.65000 -58.34371 0.02762
413.70000 -58.34199 0.02988
413.75000 -58.34755 0.03343
413.80000 -58.34643 0.02890
413.85000 -58.34548 0.02884
413.90000 -58.34282 0.02856
413.95000 -58.34647 0.02633
414.00000 -58.34166 0.02247
414.05000 -58.34295 0.02176
414.10000 -58.34361 0.02220
414.15000 -58.34271 0.02268
414.20000 -58.34768 0.02885
414.25000 -58.34916 0.02887
414.30000 -58.35032 0.02824
414.35000 -58.35109 0.02935
414.40000 -58.34714 0.02893
414.45000 -58.34188 0.02063
414.50000 -58.34596 0.02314
414.55000 -58.33972 0.02069
414.60000 -58.34579 0.02388
414.65000 -58.34799 0.02232
414.70000 -58.34769 0.02430
414.75000 -58.34885 0.02343
414.80000 -58.34698 0.02105
414.85000 -58.34833 0.02674
414.90000 -58.35069 0.02769
414.95000 -58.34867 0.02737
415.00000 -58.35203 0.03115
415.05000 -58.35157 0.03008
415.10000 -58.34594 0.02539
415.15000 -58.35031 0.02879
415.20000 -58.34786 0.02649
415.25000 -58.34838 0.02233
415.30000 -58.34880 0.02243
415.35000 -58.34932 0.02563
415.40000 -58.34740 0.02202
415.45000 -58.34588 0.02182
415.50000 -58.34927 0.02487
415.55000 -58.34903 0.02431
415.60000 -58.34801 0.02514
415.65000 -58.34878 0.02568
415.70000 -58.35048 0.02850
415.75000 -58.34633 0.02215
415.80000 -58.34466 0.02370
415.85000 -58.34937 0.02851
415.90000 -58.34930 0.02903
415.95000 -58.35178 0.03085
416.00000 -58.34873 0.02706
416.05000 -58.34754 0.02689
416.10000 -58.34595 0.02594
416.15000 -58.35084 0.02823
416.20000 -58.34848 0.02796
416.25000 -58.34749 0.02546
416.30000 -58.35034 0.02839
416.35000 -58.34938 0.02936
416.40000 -58.34928 0.02819
416.45000 -58.35142 0.02948
416.50000 -58.34831 0.03057
416.55000 -58.34625 0.02530
416.60000 -58.34401 0.02162
416.65000 -58.34670 0.02576
416.70000 -58.34386 0.02150
416.75000 -58.34818 0.02894
416.80000 -58.34941 0.02908
416.85000 -58.34855 0.02738
416.90000 -58.34764 0.02463
416.95000 -58.34978 0.02989
417.00000 -58.34830 0.02715
417.05000 -58.34629 0.02327
417.10000 -58.34493 0.02107
417.15000 -58.34555 0.01892
417.20000 -58.34836 0.02348
417.25000 -58.34392 0.02064
417.30000 -58.34405 0.01921
417.35000 -58.35094 0.02705
417.40000 -58.34477 0.02301
417.45000 -58.34696 0.02207
417.50000 -58.34725 0.02344
417.55000 -58.34564 0.02317
417.60000 -58.34664 0.02298
417.65000 -58.34826 0.02432
417.70000 -58.34664 0.02297
417.75000 -58.34628 0.02340
417.80000 -58.34441 0.02252
417.85000 -58.34635 0.02400
417.90000 -58.34528 0.02319
417.95000 -58.34871 0.02850
418.00000 -58.35332 0.03370
418.05000 -58.34678 0.02407
418.10000 -58.34670 0.02559
418.15000 -58.34652 0.02337
418.20000 -58.34377 0.02148
418.25000 -58.34312 0.02111
418.30000 -58.34740 0.02667
418.35000 -58.34608 0.02582
418.40000 -58.34096 0.01939
418.45000 -58.34190 0.01777
418.50000 -58.34117 0.01835
418.55000 -58.34744 0.02565
418.60000 -58.33990 0.02165
418.65000 -58.34189 0.02275
418.70000 -58.34552 0.02405
418.75000 -58.34492 0.02203
418.80000 -58.34354 0.02672
418.85000 -58.34573 0.02642
418.90000 -58.34815 0.02909
418.95000 -58.33984 0.02248
419.00000 -58.34432 0.02462
419.05000 -58.34554 0.02874
419.10000 -58.34261 0.02584
419.15000 -58.34127 0.02367
419.20000 -58.33841 0.02505
419.25000 -58.34201 0.02808
419.30000 -58.34241 0.02707
419.35000 -58.34356 0.02738
419.40000 -58.33666 0.02090
419.45000 -58.34021 0.02319
419.50000 -58.33965 0.02195
419.55000 -58.33589 0.02043
419.60000 -58.33489 0.01771
419.65000 -58.33186 0.01605
419.70000 -58.33285 0.02020
419.75000 -58.33473 0.01614
419.80000 -58.33304 0.01729
419.85000 -58.33370 0.02210
419.90000 -58.33647 0.01846
419.95000 -58.33477 0.01628
420.00000 -58.33620 0.01530
420.05000 -58.33763 0.01806
420.10000 -58.33446 0.01753
420.15000 -58.33852 0.01838
420.20000 -58.33257 0.01826
420.25000 -58.33353 0.01629
420.30000 -58.33330 0.01426
420.35000 -58.33589 0.01587
420.40000 -58.33331 0.01227
420.45000 -58.33504 0.01235
420.50000 -58.33627 0.01649
420.55000 -58.33155 0.01193
420.60000 -58.33378 0.01708
420.65000 -58.33557 0.01677
420.70000 -58.33411 0.01605
420.75000 -58.33421 0.01478
420.80000 -58.33024 0.01378
420.85000 -58.33038 0.01326
420.90000 -58.33310 0.01532
420.95000 -58.33658 0.02075
421.00000 -58.33803 0.02280
421.05000 -58.33118 0.01511
421.10000 -58.33739 0.02295
421.15000 -58.33140 0.01735
421.20000 -58.33450 0.01691
421.25000 -58.33593 0.01825
421.30000 -58.33434 0.02259
421.35000 -58.33470 0.02873
421.40000 -58.33281 0.02724
421.45000 -58.33326 0.02207
421.50000 -58.33052 0.02196
421.55000 -58.33295 0.02629
421.60000 -58.33167 0.02639
421.65000 -58.33381 0.02287
421.70000 -58.33610 0.02584
421.75000 -58.33693 0.02200
421.80000 -58.33097 0.02285
421.85000 -58.33485 0.02762
421.90000 -58.33506 0.03661
421.95000 -58.33591 0.02633
422.00000 -58.33343 0.02278
422.05000 -58.33456 0.02687
422.10000 -58.33512 0.02988
422.15000 -58.34026 0.03138
422.20000 -58.33631 0.02345
422.25000 -58.33748 0.02437
422.30000 -58.33101 0.01872
422.35000 -58.33443 0.02073
422.40000 -58.33818 0.02230
422.45000 -58.33907 0.02326
422.50000 -58.33341 0.01426
422.55000 -58.33309 0.01905
422.60000 -58.33019 0.02579
422.65000 -58.33234 0.02331
422.70000 -58.33155 0.01913
422.75000 -58.33332 0.01856
422.80000 -58.33481 0.02276
422.85000 -58.33506 0.02747
422.90000 -58.33471 0.02961
422.95000 -58.33258 0.02240
423.00000 -58.33128 0.01532
423.05000 -58.32992 0.01809
423.10000 -58.33363 0.02226
423.15000 -58.32984 0.01697
423.20000 -58.32908 0.01639
423.25000 -58.33226 0.02089
423.30000 -58.33338 0.01923
423.35000 -58.32768 0.01482
423.40000 -58.32810 0.01622
423.45000 -58.32995 0.02281
423.50000 -58.32833 0.02045
423.55000 -58.32524 0.02051
423.60000 -58.32506 0.01469
423.65000 -58.32419 0.01400
423.70000 -58.32347 0.01655
423.75000 -58.32425 0.01654
423.80000 -58.32541 0.01993
423.85000 -58.32289 0.01412
423.90000 -58.32722 0.01197
423.95000 -58.32700 0.01627
424.00000 -58.32231 0.02504
424.05000 -58.32445 0.02013
424.10000 -58.32210 0.01926
424.15000 -58.32194 0.01828
424.20000 -58.32393 0.01609
424.25000 -58.32318 0.01485
424.30000 -58.32446 0.02212
424.35000 -58.32513 0.02235
424.40000 -58.32453 0.02425
424.45000 -58.32510 0.02265
424.50000 -58.32353 0.02230
424.55000 -58.31950 0.02851
424.60000 -58.32097 0.02322
424.65000 -58.32362 0.01950
424.70000 -58.32414 0.02003
424.75000 -58.31629 0.02092
424.80000 -58.32329 0.01841
424.85000 -58.32079 0.02237
424.90000 -58.31591 0.02223
424.95000 -58.32027 0.02080
425.00000 -58.31876 0.01930
425.05000 -58.32626 0.02818
425.10000 -58.32227 0.01591
425.15000 -58.32201 0.01567
425.20000 -58.32240 0.01489
425.25000 -58.32469 0.02021
425.30000 -58.32546 0.01706
425.35000 -58.32792 0.01877
425.40000 -58.32706 0.02285
425.45000 -58.32054 0.01197
425.50000 -58.32442 0.01771
425.55000 -58.32118 0.01753
425.60000 -58.32165 0.01627
425.65000 -58.32175 0.01921
425.70000 -58.32392 0.01660
425.75000 -58.32364 0.01701
425.80000 -58.32252 0.01953
425.85000 -58.32151 0.01778
425.90000 -58.32221 0.01651
425.95000 -58.32393 0.01817
426.00000 -58.32188 0.01312
426.05000 -58.32390 0.02234
426.10000 -58.32610 0.02253
426.15000 -58.32337 0.01727
426.20000 -58.32429 0.01930
426.25000 -58.32304 0.02022
426.30000 -58.32159 0.02335
426.35000 -58.32645 0.02187
426.40000 -58.32248 0.01743
426.45000 -58.32178 0.02182
426.50000 -58.32006 0.02257
426.55000 -58.31809 0.02250
426.60000 -58.32119 0.01433
426.65000 -58.31804 0.01677
426.70000 -58.31626 0.01850
426.75000 -58.32207 0.01845
426.80000 -58.32050 0.02020
426.85000 -58.32154 0.02127
426.90000 -58.32151 0.02222
426.95000 -58.32023 0.02052
427.00000 -58.32188 0.02414
427.05000 -58.32348 0.02602
427.10000 -58.31876 0.02677
427.15000 -58.31909 0.01703
427.20000 -58.32174 0.02315
427.25000 -58.32291 0.02869
427.30000 -58.32211 0.02130
427.35000 -58.32403 0.02255
427.40000 -58.32115 0.02441
427.45000 -58.32366 0.02855
427.50000 -58.32527 0.02475
427.55000 -58.32204 0.02451
427.60000 -58.32174 0.01812
427.65000 -58.31834 0.02646
427.70000 -58.32024 0.02395
427.75000 -58.32028 0.02541
427.80000 -58.31962 0.01899
427.85000 -58.32263 0.01814
427.90000 -58.32377 0.01679
427.95000 -58.32374 0.02163
428.00000 -58.32276 0.01444
428.05000 -58.32649 0.02587
428.10000 -58.32612 0.02689
428.15000 -58.32725 0.02787
428.20000 -58.32769 0.02596
428.25000 -58.32945 0.02733
428.30000 -58.32553 0.02703
428.35000 -58.32520 0.02320
428.40000 -58.32847 0.02537
428.45000 -58.32520 0.02145
428.50000 -58.32251 0.03118
428.55000 -58.32683 0.02902
428.60000 -58.32693 0.02581
428.65000 -58.33007 0.02732
428.70000 -58.32366 0.02592
428.75000 -58.32567 0.02698
428.80000 -58.32603 0.02581
428.85000 -58.33142 0.03180
428.90000 -58.33278 0.03294
428.95000 -58.33004 0.03459
429.00000 -58.33147 0.03230
429.05000 -58.32670 0.03523
429.10000 -58.33049 0.03580
429.15000 -58.32770 0.04523
429.20000 -58.32985 0.03815
429.25000 -58.32930 0.04290
429.30000 -58.32969 0.03672
429.35000 -58.33315 0.04577
429.40000 -58.33159 0.04430
429.45000 -58.33022 0.03647
429.50000 -58.32777 0.03791
429.55000 -58.32519 0.04015
429.60000 -58.33136 0.04278
429.65000 -58.33095 0.03804
429.70000 -58.33222 0.03395
429.75000 -58.33688 0.03869
429.80000 -58.32916 0.03965
429.85000 -58.33043 0.03431
429.90000 -58.33130 0.03757
429.95000 -58.33176 0.03527
430.00000 -58.33385 0.04563
430.05000 -58.33208 0.04137
430.10000 -58.32764 0.04234
430.15000 -58.32911 0.03491
430.20000 -58.32964 0.03745
430.25000 -58.33242 0.04106
430.30000 -58.32894 0.03461
430.35000 -58.33091 0.03507
430.40000 -58.33102 0.04249
430.45000 -58.32816 0.03565
430.50000 -58.32974 0.03491
430.55000 -58.32783 0.03603
430.60000 -58.32400 0.02898
430.65000 -58.32680 0.02696
430.70000 -58.32543 0.03049
430.75000 -58.32899 0.03513
430.80000 -58.32580 0.02744
430.85000 -58.32399 0.02306
430.90000 -58.33036 0.02946
430.95000 -58.32439 0.02252
431.00000 -58.33104 0.02975
431.05000 -58.33085 0.02899
431.10000 -58.32592 0.02402
431.15000 -58.32538 0.02552
431.20000 -58.32491 0.02148
431.25000 -58.32732 0.02824
431.30000 -58.32932 0.02233
431.35000 -58.32617 0.02356
431.40000 -58.32358 0.02349
431.45000 -58.32951 0.02701
431.50000 -58.32511 0.02186
431.55000 -58.32217 0.01904
431.60000 -58.32518 0.02286
431.65000 -58.32709 0.02324
431.70000 -58.32559 0.02615
431.75000 -58.32702 0.02469
431.80000 -58.32483 0.02329
431.85000 -58.32289 0.02254
431.90000 -58.32715 0.02639
431.95000 -58.32585 0.02832
432.00000 -58.32813 0.02474
432.05000 -58.32523 0.02502
432.10000 -58.32758 0.02390
432.15000 -58.32663 0.03129
432.20000 -58.32693 0.02190
432.25000 -58.32851 0.02597
432.30000 -58.32579 0.02165
432.35000 -58.32951 0.02676
432.40000 -58.32649 0.02715
432.45000 -58.32814 0.02287
432.50000 -58.32848 0.02749
432.55000 -58.33095 0.02689
432.60000 -58.32932 0.03409
432.65000 -58.32511 0.03299
432.70000 -58.32570 0.02449
432.75000 -58.32849 0.02257
432.80000 -58.33182 0.02719
432.85000 -58.32694 0.02718
432.90000 -58.32411 0.02619
432.95000 -58.32683 0.03114
433.00000 -58.32759 0.02447
433.05000 -58.33084 0.02230
433.10000 -58.32513 0.02210
433.15000 -58.32452 0.02544
433.20000 -58.32107 0.02096
433.25000 -58.32577 0.02509
433.30000 -58.32949 0.02771
433.35000 -58.32772 0.02738
433.40000 -58.32861 0.02618
433.45000 -58.32784 0.02618
433.50000 -58.32781 0.02614
433.55000 -58.32445 0.02787
433.60000 -58.32885 0.02696
433.65000 -58.32395 0.02587
433.70000 -58.32584 0.02868
433.75000 -58.32392 0.02477
433.80000 -58.32967 0.02470
433.85000 -58.32589 0.01944
433.90000 -58.32397 0.02660
433.95000 -58.32870 0.02415
434.00000 -58.32345 0.02109
434.05000 -58.32768 0.02819
434.10000 -58.32926 0.02941
434.15000 -58.32615 0.02774
434.20000 -58.32489 0.03554
434.25000 -58.32420 0.02625
434.30000 -58.32290 0.03063
434.35000 -58.32390 0.02268
434.40000 -58.31789 0.02946
434.45000 -58.31880 0.02493
434.50000 -58.32176 0.02209
434.55000 -58.32681 0.02086
434.60000 -58.32650 0.01978
434.65000 -58.32558 0.02075
434.70000 -58.32333 0.01881
434.75000 -58.32203 0.01951
434.80000 -58.31999 0.02226
434.85000 -58.31810 0.01766
434.90000 -58.32123 0.02167
434.95000 -58.31784 0.01920
435.00000 -58.31993 0.01688
435.05000 -58.32567 0.01616
435.10000 -58.32711 0.02154
435.15000 -58.32080 0.02524
435.20000 -58.32335 0.01844
435.25000 -58.32590 0.01544
435.30000 -58.32458 0.01676
435.35000 -58.32465 0.01544
435.40000 -58.32062 0.01675
435.45000 -58.31931 0.01861
435.50000 -58.31820 0.02150
435.55000 -58.32050 0.01829
435.60000 -58.32150 0.01665
435.65000 -58.31681 0.02396
435.70000 -58.31913 0.01941
435.75000 -58.32061 0.01881
435.80000 -58.31811 0.02072
435.85000 -58.31769 0.02003
435.90000 -58.31840 0.02090
435.95000 -58.32157 0.01753
436.00000 -58.31995 0.01679
436.05000 -58.32195 0.01571
436.10000 -58.32152 0.01811
436.15000 -58.32060 0.01856
436.20000 -58.32178 0.02073
436.25000 -58.32170 0.02489
436.30000 -58.32131 0.02281
436.35000 -58.31918 0.01906
436.40000 -58.31890 0.02361
436.45000 -58.32135 0.02087
436.50000 -58.32228 0.01948
436.55000 -58.32083 0.02392
436.60000 -58.31965 0.02576
436.65000 -58.31717 0.02350
436.70000 -58.32169 0.01626
436.75000 -58.32091 0.01868
436.80000 -58.32059 0.01823
436.85000 -58.31880 0.02057
436.90000 -58.31753 0.02265
436.95000 -58.32176 0.02080
437.00000 -58.31741 0.01891
437.05000 -58.31674 0.02378
437.10000 -58.31923 0.01729
437.15000 -58.32123 0.01752
437.20000 -58.31902 0.02411
437.25000 -58.31670 0.02021
437.30000 -58.31849 0.01884
437.35000 -58.32226 0.01625
437.40000 -58.32425 0.02221
437.45000 -58.32256 0.01966
437.50000 -58.32205 0.02040
437.55000 -58.32226 0.01597
437.60000 -58.31984 0.02143
437.65000 -58.31416 0.02124
437.70000 -58.32048 0.01669
437.75000 -58.31933 0.01830
437.80000 -58.32510 0.01587
437.85000 -58.31730 0.02034
437.90000 -58.32084 0.01716
437.95000 -58.32314 0.01629
438.00000 -58.32311 0.01607
438.05000 -58.32300 0.01534
438.10000 -58.32383 0.01739
438.15000 -58.32659 0.01737
438.20000 -58.32620 0.01492
438.25000 -58.32110 0.01518
438.30000 -58.32439 0.01429
438.35000 -58.32431 0.01382
438.40000 -58.32553 0.01626
438.45000 -58.32169 0.01515
438.50000 -58.32331 0.01445
438.55000 -58.32192 0.01449
438.60000 -58.31953 0.01423
438.65000 -58.32121 0.01522
438.70000 -58.32512 0.02080
438.75000 -58.31896 0.01851
438.80000 -58.32525 0.01815
438.85000 -58.32586 0.01742
438.90000 -58.32661 0.01718
438.95000 -58.32507 0.01493
439.00000 -58.32760 0.01683
439.05000 -58.32809 0.01767
439.10000 -58.33013 0.01890
439.15000 -58.33066 0.01740
439.20000 -58.32891 0.01525
439.25000 -58.33369 0.02111
439.30000 -58.33336 0.01716
439.35000 -58.33133 0.01742
439.40000 -58.32558 0.01715
439.45000 -58.33136 0.01875
439.50000 -58.33588 0.01884
439.55000 -58.33068 0.01801
439.60000 -58.33266 0.01963
439.65000 -58.33169 0.01811
439.70000 -58.33226 0.02320
439.75000 -58.33325 0.02293
439.80000 -58.32939 0.02086
439.85000 -58.33114 0.02039
439.90000 -58.32558 0.02108
439.95000 -58.32553 0.01770
440.00000 -58.32477 0.01967
440.05000 -58.33142 0.02104
440.10000 -58.32722 0.01902
440.15000 -58.32582 0.01850
440.20000 -58.32915 0.02218
440.25000 -58.33172 0.02140
440.30000 -58.32984 0.01843
440.35000 -58.32735 0.02217
440.40000 -58.32671 0.01695
440.45000 -58.32363 0.02266
440.50000 -58.32916 0.02614
440.55000 -58.33122 0.02499
440.60000 -58.32659 0.02458
440.65000 -58.32823 0.02437
440.70000 -58.32856 0.02349
440.75000 -58.32492 0.02347
440.80000 -58.32932 0.02650
440.85000 -58.32586 0.02522
440.90000 -58.32649 0.02217
440.95000 -58.32402 0.02147
441.00000 -58.32332 0.02242
441.05000 -58.32746 0.02770
441.10000 -58.32558 0.02404
441.15000 -58.32579 0.02725
441.20000 -58.32824 0.02354
441.25000 -58.32792 0.02750
441.30000 -58.32689 0.02122
441.35000 -58.32810 0.02631
441.40000 -58.32580 0.02625
441.45000 -58.32789 0.02922
441.50000 -58.32560 0.03266
441.55000 -58.32949 0.03044
441.60000 -58.32568 0.03402
441.65000 -58.33318 0.02839
441.70000 -58.33002 0.02269
441.75000 -58.32723 0.03173
441.80000 -58.33218 0.03130
441.85000 -58.33171 0.02779
441.90000 -58.32966 0.02917
441.95000 -58.33151 0.03158
442.00000 -58.33016 0.03243
442.05000 -58.32629 0.03123
442.10000 -58.32812 0.02945
442.15000 -58.33085 0.03120
442.20000 -58.32706 0.02579
442.25000 -58.33043 0.03115
442.30000 -58.32685 0.03424
442.35000 -58.32987 0.02900
442.40000 -58.33089 0.02691
442.45000 -58.32360 0.02740
442.50000 -58.32902 0.02430
442.55000 -58.33131 0.03144
442.60000 -58.33160 0.03580
442.65000 -58.33211 0.03303
442.70000 -58.33603 0.03471
442.75000 -58.33582 0.03296
442.80000 -58.33349 0.03286
442.85000 -58.33244 0.03384
442.90000 -58.33314 0.03492
442.95000 -58.33304 0.03608
443.00000 -58.33307 0.03663
443.05000 -58.33159 0.02993
443.10000 -58.33506 0.03092
443.15000 -58.34034 0.04356
443.20000 -58.33564 0.03830
443.25000 -58.33773 0.03646
443.30000 -58.33678 0.04069
443.35000 -58.34278 0.04618
443.40000 -58.33707 0.03584
443.45000 -58.34002 0.03782
443.50000 -58.33965 0.03869
443.55000 -58.34018 0.03617
443.60000 -58.33926 0.03626
443.65000 -58.33963 0.03804
443.70000 -58.33870 0.03326
443.75000 -58.34582 0.04101
443.80000 -58.34494 0.04366
443.85000 -58.34331 0.04494
443.90000 -58.34324 0.04455
443.95000 -58.33921 0.03887
444.00000 -58.33549 0.03991
444.05000 -58.34089 0.04368
444.10000 -58.33889 0.04343
444.15000 -58.34203 0.04611
444.20000 -58.34484 0.04456
444.25000 -58.34049 0.04061
444.30000 -58.34285 0.04011
444.35000 -58.34473 0.04451
444.40000 -58.34608 0.04658
444.45000 -58.34315 0.04087
444.50000 -58.34659 0.04310
444.55000 -58.34885 0.04601
444.60000 -58.34682 0.04059
444.65000 -58.34713 0.05147
444.70000 -58.34617 0.04369
444.75000 -58.34506 0.03963
444.80000 -58.34605 0.04454
444.85000 -58.34376 0.04474
444.90000 -58.34768 0.04988
444.95000 -58.34877 0.05154
445.00000 -58.34977 0.04898
445.05000 -58.34746 0.04567
445.10000 -58.34892 0.04779
445.15000 -58.34792 0.05093
445.20000 -58.35033 0.05275
445.25000 -58.34999 0.05568
445.30000 -58.34425 0.05162
445.35000 -58.34929 0.05621
445.40000 -58.35066 0.05723
445.45000 -58.34989 0.05213
445.50000 -58.34734 0.05244
445.55000 -58.34813 0.05260
445.60000 -58.34950 0.05385
445.65000 -58.34826 0.05292
445.70000 -58.34865 0.04615
445.75000 -58.34947 0.05108
445.80000 -58.34760 0.04672
445.85000 -58.34723 0.04943
445.90000 -58.35489 0.05545
445.95000 -58.35537 0.05587
446.00000 -58.35317 0.05335
446.05000 -58.35455 0.05850
446.10000 -58.35446 0.05952
446.15000 -58.35727 0.05712
446.20000 -58.35743 0.06098
446.25000 -58.35788 0.06235
446.30000 -58.35102 0.05099
446.35000 -58.34993 0.05274
446.40000 -58.35421 0.06005
446.45000 -58.35751 0.05724
446.50000 -58.35481 0.05987
446.55000 -58.35531 0.06194
446.60000 -58.35440 0.05780
446.65000 -58.35143 0.05497
446.70000 -58.35096 0.05525
446.75000 -58.35191 0.05763
446.80000 -58.35448 0.05789
446.85000 -58.35441 0.05851
446.90000 -58.35878 0.06115
446.95000 -58.35917 0.06133
447.00000 -58.36036 0.06092
447.05000 -58.35794 0.05918
447.10000 -58.35547 0.05836
447.15000 -58.35606 0.05638
447.20000 -58.35866 0.05849
447.25000 -58.35652 0.05554
447.30000 -58.35806 0.05417
447.35000 -58.35552 0.05570
447.40000 -58.35611 0.05468
447.45000 -58.35881 0.06051
447.50000 -58.35564 0.05516
447.55000 -58.35588 0.05633
447.60000 -58.35541 0.05252
447.65000 -58.35643 0.05582
447.70000 -58.35599 0.05304
447.75000 -58.35327 0.05378
447.80000 -58.35610 0.05392
447.85000 -58.35377 0.05393
447.90000 -58.35692 0.04885
447.95000 -58.36071 0.05413
448.00000 -58.36019 0.05586
448.05000 -58.35829 0.05415
448.10000 -58.35857 0.05414
448.15000 -58.35994 0.05613
448.20000 -58.36289 0.05742
448.25000 -58.36009 0.05103
448.30000 -58.35639 0.05139
448.35000 -58.35807 0.05199
448.40000 -58.36379 0.05558
448.45000 -58.36451 0.05894
448.50000 -58.35955 0.05358
448.55000 -58.36036 0.05620
448.60000 -58.36002 0.05642
448.65000 -58.36175 0.05576
448.70000 -58.36297 0.05956
448.75000 -58.36268 0.06029
448.80000 -58.36494 0.06225
448.85000 -58.36229 0.05932
448.90000 -58.36236 0.05763
448.95000 -58.36320 0.06146
449.00000 -58.36482 0.06317
449.05000 -58.36721 0.06532
449.10000 -58.36287 0.05725
449.15000 -58.36318 0.05759
449.20000 -58.36505 0.05805
449.25000 -58.36234 0.05512
449.30000 -58.35997 0.05372
449.35000 -58.36106 0.05782
449.40000 -58.36258 0.05783
449.45000 -58.36471 0.06261
449.50000 -58.36323 0.05645
449.55000 -58.36761 0.05863
449.60000 -58.36366 0.05407
449.65000 -58.36190 0.05519
449.70000 -58.35710 0.05103
449.75000 -58.36165 0.05618
449.80000 -58.36144 0.05598
449.85000 -58.36004 0.05541
449.90000 -58.36239 0.05475
449.95000 -58.36105 0.05303
450.00000 -58.36084 0.05416
450.05000 -58.36189 0.05553
450.10000 -58.36297 0.05249
450.15000 -58.36141 0.05222
450.20000 -58.36437 0.05356
450.25000 -58.36205 0.05184
450.30000 -58.36313 0.05533
450.35000 -58.36651 0.05548
450.40000 -58.36440 0.05750
450.45000 -58.36244 0.05326
450.50000 -58.36314 0.05366
450.55000 -58.36537 0.05643
450.60000 -58.36146 0.05147
450.65000 -58.36393 0.05448
450.70000 -58.36442 0.05230
450.75000 -58.36123 0.05395
450.80000 -58.36995 0.05876
450.85000 -58.36877 0.05760
450.90000 -58.36612 0.05342
450.95000 -58.36373 0.05239
451.00000 -58.36498 0.05614
451.05000 -58.36275 0.05214
451.10000 -58.36533 0.04876
451.15000 -58.36006 0.04289
451.20000 -58.36335 0.05181
451.25000 -58.36319 0.04560
451.30000 -58.36272 0.04572
451.35000 -58.36108 0.04268
451.40000 -58.36158 0.04450
451.45000 -58.36120 0.04259
451.50000 -58.35900 0.04312
451.55000 -58.35995 0.04305
451.60000 -58.35647 0.03852
451.65000 -58.35977 0.04472
451.70000 -58.36211 0.04266
451.75000 -58.36153 0.04085
451.80000 -58.35972 0.03815
451.85000 -58.36148 0.04144
451.90000 -58.35762 0.03863
451.95000 -58.36098 0.04284
452.00000 -58.35551 0.03629
452.05000 -58.36145 0.04438
452.10000 -58.36011 0.04047
452.15000 -58.35753 0.03787
452.20000 -58.35991 0.04213
452.25000 -58.35368 0.03356
452.30000 -58.35208 0.03449
452.35000 -58.35203 0.03311
452.40000 -58.35704 0.03476
452.45000 -58.35335 0.03425
452.50000 -58.35082 0.03135
452.55000 -58.35796 0.03773
452.60000 -58.35064 0.03390
452.65000 -58.35472 0.03802
452.70000 -58.35230 0.03577
452.75000 -58.35456 0.03640
452.80000 -58.35511 0.03747
452.85000 -58.35438 0.03610
452.90000 -58.35019 0.03709
452.95000 -58.35152 0.04124
453.00000 -58.35767 0.04223
453.05000 -58.35645 0.04044
453.10000 -58.35374 0.03368
453.15000 -58.35280 0.03472
453.20000 -58.35527 0.03793
453.25000 -58.35438 0.03875
453.30000 -58.34934 0.03089
453.35000 -58.35474 0.03675
453.40000 -58.35342 0.03607
453.45000 -58.34967 0.03504
453.50000 -58.35362 0.04004
453.55000 -58.35739 0.04055
453.60000 -58.35317 0.03989
453.65000 -58.35192 0.03559
453.70000 -58.35333 0.03983
453.75000 -58.35195 0.03608
453.80000 -58.34679 0.03800
453.85000 -58.34994 0.03838
453.90000 -58.35364 0.04282
453.95000 -58.35474 0.04292
454.00000 -58.35318 0.03895
454.05000 -58.35212 0.03704
454.10000 -58.35234 0.04001
454.15000 -58.35746 0.04056
454.20000 -58.35246 0.03838
454.25000 -58.35172 0.03766
454.30000 -58.34716 0.03274
454.35000 -58.35086 0.03352
454.40000 -58.35262 0.04219
454.45000 -58.35674 0.04324
454.50000 -58.34752 0.03248
454.55000 -58.34687 0.03805
454.60000 -58.34416 0.03676
454.65000 -58.34666 0.03473
454.70000 -58.34672 0.03481
454.75000 -58.34874 0.03182
454.80000 -58.34517 0.03104
454.85000 -58.34512 0.03142
454.90000 -58.34352 0.02703
454.95000 -58.34470 0.03423
455.00000 -58.34693 0.02952
455.05000 -58.34511 0.03029
455.10000 -58.34881 0.03319
455.15000 -58.34691 0.03548
455.20000 -58.34622 0.02940
455.25000 -58.34705 0.02694
455.30000 -58.34036 0.02794
455.35000 -58.34180 0.02631
455.40000 -58.34397 0.02939
455.45000 -58.34618 0.03178
455.50000 -58.34207 0.02929
455.55000 -58.34137 0.03159
455.60000 -58.34191 0.02688
455.65000 -58.34507 0.03051
455.70000 -58.34094 0.03215
455.75000 -58.34148 0.02667
455.80000 -58.34332 0.02440
455.85000 -58.33741 0.02213
455.90000 -58.34085 0.03064
455.95000 -58.34206 0.02788
456.00000 -58.33791 0.02373
456.05000 -58.33897 0.02413
456.10000 -58.33863 0.02571
456.15000 -58.33708 0.02864
456.20000 -58.34057 0.02775
456.25000 -58.33986 0.02304
456.30000 -58.33713 0.02579
456.35000 -58.33518 0.02528
456.40000 -58.33980 0.02562
456.45000 -58.34202 0.02979
456.50000 -58.34502 0.03163
456.55000 -58.34385 0.03122
456.60000 -58.33997 0.02436
456.65000 -58.34222 0.03055
456.70000 -58.34056 0.02554
456.75000 -58.33751 0.02828
456.80000 -58.33663 0.02490
456.85000 -58.33594 0.02345
456.90000 -58.33669 0.02515
456.95000 -58.33668 0.02772
457.00000 -58.33751 0.02432
457.05000 -58.33865 0.02375
457.10000 -58.33485 0.02442
457.15000 -58.33537 0.02609
457.20000 -58.33497 0.02010
457.25000 -58.33408 0.02038
457.30000 -58.33588 0.02487
457.35000 -58.33126 0.02664
457.40000 -58.32986 0.02682
457.45000 -58.33248 0.02931
457.50000 -58.33093 0.03393
457.55000 -58.33780 0.03226
457.60000 -58.33248 0.02808
457.65000 -58.33349 0.03267
457.70000 -58.33342 0.02509
457.75000 -58.33445 0.02817
457.80000 -58.33214 0.03415
457.85000 -58.33536 0.03016
457.90000 -58.33591 0.02946
457.95000 -58.33021 0.02436
458.00000 -58.33297 0.03203
458.05000 -58.33661 0.02707
458.10000 -58.33554 0.02616
458.15000 -58.33388 0.02437
458.20000 -58.33448 0.02254
458.25000 -58.33674 0.02252
458.30000 -58.33608 0.02338
458.35000 -58.33080 0.02398
458.40000 -58.33374 0.02100
458.45000 -58.33214 0.02694
458.50000 -58.33203 0.03315
458.55000 -58.33529 0.03256
458.60000 -58.33624 0.02567
458.65000 -58.33872 0.03201
458.70000 -58.33589 0.02946
458.75000 -58.33535 0.03221
458.80000 -58.33564 0.03027
458.85000 -58.33704 0.03508
458.90000 -58.33500 0.03086
458.95000 -58.33620 0.03389
459.00000 -58.33687 0.03340
459.05000 -58.33886 0.02857
459.10000 -58.33464 0.02456
459.15000 -58.34005 0.02657
459.20000 -58.33778 0.02510
459.25000 -58.34117 0.02915
459.30000 -58.33953 0.02853
459.35000 -58.33675 0.02648
459.40000 -58.33640 0.02357
459.45000 -58.33748 0.02766
459.50000 -58.33429 0.02808
459.55000 -58.33734 0.02692
459.60000 -58.33851 0.02640
459.65000 -58.33967 0.03247
459.70000 -58.33826 0.02828
459.75000 -58.33205 0.03029
459.80000 -58.33692 0.02838
459.85000 -58.33938 0.03216
459.90000 -58.33730 0.02660
459.95000 -58.33355 0.02401
460.00000 -58.33893 0.02532
460.05000 -58.33674 0.02911
460.10000 -58.34217 0.02949
460.15000 -58.33760 0.02746
460.20000 -58.33870 0.03016
460.25000 -58.33867 0.02183
460.30000 -58.34259 0.02565
460.35000 -58.33934 0.02925
460.40000 -58.33826 0.02397
460.45000 -58.34393 0.03259
460.50000 -58.34230 0.03030
460.55000 -58.34103 0.02780
460.60000 -58.33975 0.02481
460.65000 -58.33868 0.03060
460.70000 -58.34456 0.03416
460.75000 -58.34130 0.02804
460.80000 -58.34160 0.02508
460.85000 -58.34400 0.03170
460.90000 -58.33975 0.02185
460.95000 -58.34404 0.03059
461.00000 -58.34360 0.03226
461.05000 -58.34099 0.02786
461.10000 -58.34303 0.03443
461.15000 -58.34295 0.03046
461.20000 -58.34060 0.03394
461.25000 -58.33799 0.03722
461.30000 -58.33798 0.03548
461.35000 -58.34338 0.03790
461.40000 -58.33893 0.03799
461.45000 -58.34540 0.03948
461.50000 -58.33888 0.04374
461.55000 -58.33945 0.03898
461.60000 -58.34001 0.03763
461.65000 -58.34122 0.03628
461.70000 -58.34443 0.03738
461.75000 -58.34570 0.04522
461.80000 -58.34638 0.05363
461.85000 -58.34628 0.05262
461.90000 -58.34536 0.03983
461.95000 -58.34784 0.04252
462.00000 -58.35142 0.04252
462.05000 -58.34974 0.04640
462.10000 -58.34715 0.04487
462.15000 -58.34614 0.04639
462.20000 -58.34901 0.04639
462.25000 -58.35189 0.05328
462.30000 -58.35677 0.05159
462.35000 -58.35346 0.04544
462.40000 -58.34884 0.04975
462.45000 -58.35224 0.04526
462.50000 -58.34845 0.04746
462.55000 -58.34559 0.04186
462.60000 -58.35089 0.04696
462.65000 -58.35264 0.04638
462.70000 -58.35045 0.04608
462.75000 -58.35214 0.04365
462.80000 -58.35127 0.04609
462.85000 -58.35156 0.04956
462.90000 -58.35793 0.05515
462.95000 -58.35427 0.04666
463.00000 -58.34959 0.04904
463.05000 -58.34774 0.04428
463.10000 -58.35090 0.04807
463.15000 -58.35020 0.04369
463.20000 -58.35212 0.04165
463.25000 -58.35489 0.04499
463.30000 -58.35634 0.04637
463.35000 -58.35617 0.05126
463.40000 -58.35496 0.04797
463.45000 -58.35488 0.04705
463.50000 -58.35235 0.04479
463.55000 -58.35235 0.04992
463.60000 -58.35820 0.05718
463.65000 -58.35495 0.05098
463.70000 -58.35818 0.05339
463.75000 -58.35727 0.04839
463.80000 -58.35488 0.04998
463.85000 -58.35390 0.04836
463.90000 -58.35209 0.04428
463.95000 -58.35103 0.04112
464.00000 -58.35382 0.04768
464.05000 -58.35240 0.04716
464.10000 -58.35038 0.04406
464.15000 -58.35552 0.04118
464.20000 -58.35431 0.04190
464.25000 -58.35250 0.04503
464.30000 -58.35360 0.04884
464.35000 -58.35295 0.04091
464.40000 -58.35308 0.04317
464.45000 -58.35466 0.04314
464.50000 -58.35583 0.04582
464.55000 -58.35143 0.04061
464.60000 -58.34876 0.03951
464.65000 -58.35398 0.04280
464.70000 -58.35366 0.04331
464.75000 -58.35263 0.04469
464.80000 -58.35615 0.04296
464.85000 -58.35341 0.04348
464.90000 -58.35167 0.03893
464.95000 -58.35235 0.03825
465.00000 -58.35380 0.04119
465.05000 -58.35259 0.03986
465.10000 -58.35531 0.04223
465.15000 -58.35718 0.04397
465.20000 -58.35860 0.04639
465.25000 -58.35932 0.04635
465.30000 -58.35453 0.04088
465.35000 -58.35845 0.04582
465.40000 -58.36071 0.04595
465.45000 -58.36116 0.04725
465.50000 -58.35689 0.04230
465.55000 -58.35644 0.04368
465.60000 -58.35930 0.04531
465.65000 -58.35778 0.04366
465.70000 -58.35608 0.04392
465.75000 -58.35462 0.04413
465.80000 -58.35495 0.04575
465.85000 -58.35459 0.04860
465.90000 -58.35601 0.04789
465.95000 -58.35433 0.04547
466.00000 -58.35340 0.04403
466.05000 -58.35694 0.05019
466.10000 -58.35968 0.05244
466.15000 -58.35481 0.04478
466.20000 -58.35417 0.04459
466.25000 -58.35880 0.04645
466.30000 -58.35860 0.04868
466.35000 -58.35790 0.04947
466.40000 -58.35588 0.04688
466.45000 -58.35479 0.04461
466.50000 -58.35520 0.04395
466.55000 -58.35417 0.04484
466.60000 -58.35330 0.04463
466.65000 -58.35551 0.04588
466.70000 -58.35331 0.04055
466.75000 -58.35217 0.04584
466.80000 -58.35158 0.04443
466.85000 -58.35329 0.04953
466.90000 -58.35399 0.04606
466.95000 -58.35445 0.04806
467.00000 -58.35077 0.04335
467.05000 -58.35278 0.04090
467.10000 -58.34969 0.03769
467.15000 -58.34556 0.03639
467.20000 -58.34740 0.03839
467.25000 -58.34931 0.04422
467.30000 -58.34616 0.03558
467.35000 -58.34994 0.04526
467.40000 -58.35111 0.04218
467.45000 -58.34770 0.04139
467.50000 -58.35047 0.03961
467.55000 -58.34813 0.03709
467.60000 -58.34726 0.03899
467.65000 -58.34489 0.03655
467.70000 -58.34367 0.03636
467.75000 -58.34948 0.04287
467.80000 -58.34727 0.04113
467.85000 -58.34690 0.04119
467.90000 -58.34881 0.04022
467.95000 -58.35430 0.04536
468.00000 -58.35019 0.04207
468.05000 -58.35133 0.04232
468.10000 -58.35153 0.03848
468.15000 -58.34938 0.04028
468.20000 -58.34769 0.04288
468.25000 -58.34975 0.04399
468.30000 -58.35404 0.04636
468.35000 -58.35097 0.03769
468.40000 -58.34935 0.03853
468.45000 -58.34770 0.04118
468.50000 -58.35237 0.05076
468.55000 -58.35010 0.04229
468.60000 -58.35067 0.04531
468.65000 -58.35028 0.04682
468.70000 -58.35133 0.04728
468.75000 -58.35036 0.04926
468.80000 -58.35372 0.04983
468.85000 -58.34792 0.04098
468.90000 -58.34839 0.03736
468.95000 -58.35240 0.04719
469.00000 -58.35058 0.04393
469.05000 -58.35277 0.04680
469.10000 -58.35217 0.04543
469.15000 -58.35160 0.04253
469.20000 -58.35287 0.05004
469.25000 -58.34829 0.04461
469.30000 -58.34799 0.04433
469.35000 -58.35099 0.04571
469.40000 -58.35258 0.05036
469.45000 -58.34825 0.04071
469.50000 -58.35222 0.04570
469.55000 -58.34898 0.05069
469.60000 -58.34651 0.04374
469.65000 -58.34899 0.04402
469.70000 -58.34960 0.04283
469.75000 -58.35109 0.04566
469.80000 -58.35052 0.04234
469.85000 -58.35632 0.05050
469.90000 -58.35278 0.04324
469.95000 -58.35166 0.04547
470.00000 -58.34877 0.04048
470.05000 -58.35087 0.03976
470.10000 -58.35281 0.04204
470.15000 -58.34900 0.03664
470.20000 -58.34779 0.03587
470.25000 -58.35121 0.04393
470.30000 -58.35099 0.04615
470.35000 -58.34829 0.04254
470.40000 -58.34913 0.04315
470.45000 -58.34545 0.03904
470.50000 -58.34514 0.03385
470.55000 -58.34492 0.03965
470.60000 -58.34705 0.03833
470.65000 -58.34662 0.03316
470.70000 -58.34700 0.03810
470.75000 -58.34996 0.04091
470.80000 -58.34820 0.04334
470.85000 -58.34975 0.04440
470.90000 -58.35109 0.04583
470.95000 -58.35226 0.04614
471.00000 -58.35472 0.04795
471.05000 -58.35088 0.04181
471.10000 -58.34951 0.04213
471.15000 -58.35315 0.04818
471.20000 -58.34959 0.04158
471.25000 -58.34582 0.03709
471.30000 -58.34495 0.03401
471.35000 -58.34359 0.03230
471.40000 -58.34467 0.03515
471.45000 -58.34750 0.03893
471.50000 -58.34760 0.03728
471.55000 -58.34357 0.03402
471.60000 -58.34794 0.03865
471.65000 -58.34593 0.03795
471.70000 -58.34651 0.03960
471.75000 -58.34792 0.04099
471.80000 -58.34591 0.03703
471.85000 -58.34883 0.04019
471.90000 -58.34649 0.03831
471.95000 -58.34339 0.04090
472.00000 -58.34638 0.03987
472.05000 -58.34531 0.03905
472.10000 -58.34551 0.03682
472.15000 -58.34188 0.03279
472.20000 -58.34375 0.04239
472.25000 -58.34484 0.03814
472.30000 -58.34498 0.03922
472.35000 -58.34150 0.03429
472.40000 -58.33926 0.03339
472.45000 -58.34390 0.03930
472.50000 -58.34074 0.03522
472.55000 -58.33686 0.03462
472.60000 -58.33575 0.03217
472.65000 -58.33884 0.03247
472.70000 -58.33548 0.03426
472.75000 -58.33606 0.03379
472.80000 -58.33638 0.03324
472.85000 -58.34083 0.03628
472.90000 -58.33973 0.03364
472.95000 -58.33625 0.03812
473.00000 -58.33517 0.03187
473.05000 -58.33645 0.03847
473.10000 -58.33456 0.03631
473.15000 -58.33338 0.03919
473.20000 -58.33870 0.03846
473.25000 -58.33493 0.03361
473.30000 -58.33253 0.03322
473.35000 -58.33830 0.03701
473.40000 -58.33785 0.03894
473.45000 -58.33750 0.03162
473.50000 -58.33096 0.02673
473.55000 -58.33445 0.03857
473.60000 -58.33460 0.02833
473.65000 -58.33737 0.03398
473.70000 -58.33469 0.02799
473.75000 -58.33922 0.03758
473.80000 -58.33725 0.03381
473.85000 -58.33749 0.03889
473.90000 -58.33960 0.03424
473.95000 -58.34029 0.03876
474.00000 -58.34015 0.04620
474.05000 -58.33953 0.04286
474.10000 -58.34437 0.04309
474.15000 -58.34168 0.03796
474.20000 -58.33903 0.03852
474.25000 -58.33970 0.04286
474.30000 -58.33649 0.03368
474.35000 -58.33988 0.03815
474.40000 -58.33756 0.03604
474.45000 -58.33815 0.03607
474.50000 -58.33622 0.03463
474.55000 -58.33187 0.03557
474.60000 -58.33892 0.04176
474.65000 -58.33749 0.04129
474.70000 -58.33476 0.03450
474.75000 -58.33838 0.04220
474.80000 -58.33588 0.04153
474.85000 -58.34230 0.04518
474.90000 -58.33607 0.03851
474.95000 -58.33567 0.04112
475.00000 -58.33638 0.04165
475.05000 -58.33889 0.03935
475.10000 -58.33905 0.04287
475.15000 -58.34062 0.04267
475.20000 -58.34019 0.04269
475.25000 -58.33831 0.04055
475.30000 -58.34119 0.04133
475.35000 -58.34137 0.04295
475.40000 -58.34251 0.04544
475.45000 -58.33679 0.03618
475.50000 -58.34110 0.03765
475.55000 -58.33854 0.03749
475.60000 -58.34077 0.04312
475.65000 -58.33718 0.03875
475.70000 -58.33631 0.03653
475.75000 -58.33618 0.03793
475.80000 -58.33551 0.04394
475.85000 -58.33663 0.03965
475.90000 -58.33680 0.04368
475.95000 -58.33347 0.04262
476.00000 -58.33430 0.04172
476.05000 -58.33565 0.03948
476.10000 -58.33550 0.04413
476.15000 -58.33882 0.04733
476.20000 -58.33550 0.04444
476.25000 -58.33565 0.04715
476.30000 -58.33722 0.04626
476.35000 -58.33415 0.03839
476.40000 -58.33758 0.04519
476.45000 -58.33460 0.04578
476.50000 -58.33779 0.05145
476.55000 -58.33447 0.04148
476.60000 -58.33676 0.04780
476.65000 -58.33764 0.04328
476.70000 -58.33797 0.04131
476.75000 -58.33812 0.04799
476.80000 -58.33523 0.04285
476.85000 -58.33821 0.04763
476.90000 -58.33950 0.04606
476.95000 -58.34160 0.04768
477.00000 -58.34108 0.05142
477.05000 -58.33712 0.05105
477.10000 -58.33627 0.04275
477.15000 -58.33883 0.04414
477.20000 -58.34317 0.04683
477.25000 -58.34070 0.04715
477.30000 -58.33918 0.04394
477.35000 -58.34005 0.04679
477.40000 -58.34043 0.04481
477.45000 -58.34550 0.05364
477.50000 -58.34192 0.05095
477.55000 -58.34417 0.05329
477.60000 -58.34301 0.04610
477.65000 -58.34345 0.04246
477.70000 -58.34573 0.04739
477.75000 -58.34836 0.05620
477.80000 -58.34171 0.04805
477.85000 -58.34900 0.05231
477.90000 -58.34387 0.04695
477.95000 -58.34233 0.04878
478.00000 -58.34423 0.04757
478.05000 -58.34534 0.04909
478.10000 -58.34494 0.04594
478.15000 -58.34846 0.05198
478.20000 -58.35012 0.05758
478.25000 -58.34667 0.05337
478.30000 -58.34708 0.05967
478.35000 -58.34497 0.04967
478.40000 -58.34889 0.05110
478.45000 -58.34694 0.05328
478.50000 -58.34706 0.05055
478.55000 -58.34497 0.04549
478.60000 -58.34613 0.04850
478.65000 -58.35077 0.05020
478.70000 -58.34581 0.04365
478.75000 -58.34650 0.04724
478.80000 -58.34534 0.04244
478.85000 -58.34690 0.04140
478.90000 -58.34557 0.04330
478.95000 -58.34594 0.04550
479.00000 -58.34605 0.04427
479.05000 -58.34682 0.04448
479.10000 -58.34393 0.04604
479.15000 -58.34701 0.05481
479.20000 -58.34473 0.04808
479.25000 -58.34688 0.04705
479.30000 -58.34465 0.04508
479.35000 -58.33640 0.03704
479.40000 -58.34085 0.04400
479.45000 -58.34336 0.04491
479.50000 -58.34315 0.04778
479.55000 -58.34397 0.04680
479.60000 -58.34440 0.04673
479.65000 -58.34511 0.04493
479.70000 -58.34539 0.04383
479.75000 -58.34226 0.03892
479.80000 -58.34332 0.04299
479.85000 -58.34371 0.04614
479.90000 -58.34613 0.04824
479.95000 -58.34632 0.05037
480.00000 -58.34573 0.04425
480.05000 -58.34197 0.04548
480.10000 -58.34747 0.05014
480.15000 -58.34355 0.04957
480.20000 -58.33909 0.03980
480.25000 -58.34120 0.03773
480.30000 -58.34358 0.03894
480.35000 -58.35079 0.04473
480.40000 -58.34391 0.04170
480.45000 -58.34690 0.03851
480.50000 -58.34668 0.04486
480.55000 -58.34346 0.04082
480.60000 -58.34319 0.04192
480.65000 -58.34565 0.04205
480.70000 -58.34550 0.03806
480.75000 -58.34445 0.03954
480.80000 -58.34322 0.03482
480.85000 -58.34301 0.03572
480.90000 -58.34346 0.03864
480.95000 -58.34183 0.03956
481.00000 -58.34566 0.03995
481.05000 -58.34241 0.03371
481.10000 -58.34267 0.03506
481.15000 -58.34104 0.03209
481.20000 -58.34241 0.03691
481.25000 -58.34599 0.03507
481.30000 -58.34169 0.02784
481.35000 -58.34297 0.03784
481.40000 -58.33812 0.02670
481.45000 -58.34291 0.02770
481.50000 -58.34137 0.03189
481.55000 -58.33849 0.03380
481.60000 -58.34032 0.03560
481.65000 -58.33979 0.03228
481.70000 -58.34123 0.03446
481.75000 -58.33930 0.03453
481.80000 -58.34307 0.03821
481.85000 -58.34297 0.03838
481.90000 -58.33901 0.03140
481.95000 -58.33959 0.03357
482.00000 -58.33794 0.03460
482.05000 -58.34182 0.03499
482.10000 -58.33828 0.03342
482.15000 -58.33890 0.03289
482.20000 -58.34066 0.03877
482.25000 -58.33959 0.03297
482.30000 -58.33659 0.03279
482.35000 -58.33486 0.03256
482.40000 -58.33679 0.02868
482.45000 -58.33547 0.03062
482.50000 -58.33346 0.03112
482.55000 -58.33177 0.02753
482.60000 -58.33230 0.02579
482.65000 -58.33323 0.03181
482.70000 -58.33694 0.03397
482.75000 -58.33418 0.03566
482.80000 -58.33040 0.03055
482.85000 -58.33266 0.03358
482.90000 -58.33208 0.03339
482.95000 -58.33271 0.03386
483.00000 -58.33781 0.03545
483.05000 -58.33507 0.03127
483.10000 -58.33732 0.04038
483.15000 -58.33350 0.02659
483.20000 -58.33118 0.02509
483.25000 -58.33151 0.02967
483.30000 -58.33430 0.03255
483.35000 -58.33409 0.02846
483.40000 -58.33742 0.02827
483.45000 -58.33146 0.02785
483.50000 -58.33632 0.03046
483.55000 -58.33745 0.03311
483.60000 -58.33593 0.03790
483.65000 -58.33355 0.03211
483.70000 -58.33707 0.02690
483.75000 -58.33829 0.03013
483.80000 -58.33423 0.03780
483.85000 -58.32803 0.03687
483.90000 -58.32830 0.02710
483.95000 -58.33174 0.03080
484.00000 -58.33242 0.02820
484.05000 -58.33400 0.03018
484.10000 -58.33385 0.02624
484.15000 -58.33425 0.02794
484.20000 -58.33566 0.03368
484.25000 -58.32905 0.02176
484.30000 -58.33185 0.02452
484.35000 -58.33405 0.02650
484.40000 -58.33395 0.02586
484.45000 -58.33248 0.02132
484.50000 -58.33031 0.02218
484.55000 -58.33798 0.02327
484.60000 -58.33349 0.02894
484.65000 -58.33538 0.02612
484.70000 -58.33278 0.02172
484.75000 -58.33045 0.02291
484.80000 -58.33696 0.02270
484.85000 -58.33581 0.02323
484.90000 -58.32788 0.01950
484.95000 -58.33638 0.02133
485.00000 -58.33268 0.02496
485.05000 -58.33440 0.02667
485.10000 -58.33580 0.02349
485.15000 -58.33814 0.02783
485.20000 -58.33807 0.02464
485.25000 -58.34034 0.02719
485.30000 -58.34081 0.03215
485.35000 -58.33947 0.03331
485.40000 -58.33745 0.02807
485.45000 -58.33798 0.02266
485.50000 -58.33568 0.03007
485.55000 -58.33711 0.03179
485.60000 -58.33377 0.02796
485.65000 -58.33477 0.02473
485.70000 -58.34077 0.02984
485.75000 -58.33596 0.03391
485.80000 -58.33761 0.03470
485.85000 -58.33855 0.03632
485.90000 -58.33881 0.03298
485.95000 -58.33568 0.03279
486.00000 -58.33427 0.03673
486.05000 -58.33568 0.03974
486.10000 -58.33842 0.04375
486.15000 -58.34358 0.04165
486.20000 -58.33673 0.04134
486.25000 -58.33640 0.03933
486.30000 -58.33877 0.03956
486.35000 -58.33898 0.03570
486.40000 -58.33729 0.03281
486.45000 -58.33404 0.03761
486.50000 -58.33868 0.03432
486.55000 -58.33292 0.03355
486.60000 -58.33583 0.03972
486.65000 -58.33676 0.03766
486.70000 -58.33926 0.03488
486.75000 -58.34168 0.03928
486.80000 -58.33492 0.03883
486.85000 -58.34247 0.04508
486.90000 -58.34097 0.04099
486.95000 -58.33929 0.04106
487.00000 -58.33899 0.04182
487.05000 -58.33962 0.03641
487.10000 -58.33651 0.04034
487.15000 -58.34132 0.04175
487.20000 -58.33925 0.03408
487.25000 -58.34165 0.03851
487.30000 -58.33807 0.03563
487.35000 -58.33793 0.03108
487.40000 -58.33476 0.03169
487.45000 -58.34161 0.04140
487.50000 -58.33795 0.03151
487.55000 -58.33769 0.03141
487.60000 -58.33911 0.03505
487.65000 -58.34123 0.03503
487.70000 -58.33449 0.03398
487.75000 -58.33599 0.03849
487.80000 -58.34045 0.04138
487.85000 -58.34032 0.04177
487.90000 -58.33815 0.03956
487.95000 -58.34192 0.04450
488.00000 -58.34161 0.04516
488.05000 -58.34464 0.04551
488.10000 -58.34637 0.04673
488.15000 -58.34829 0.05025
488.20000 -58.34910 0.05087
488.25000 -58.34298 0.04405
488.30000 -58.34105 0.04383
488.35000 -58.34091 0.03630
488.40000 -58.34103 0.04631
488.45000 -58.34094 0.04399
488.50000 -58.34436 0.05019
488.55000 -58.34432 0.04755
488.60000 -58.34539 0.04741
488.65000 -58.34059 0.04315
488.70000 -58.34332 0.04762
488.75000 -58.34729 0.05636
488.80000 -58.34570 0.05206
488.85000 -58.34623 0.05513
488.90000 -58.34456 0.05571
488.95000 -58.34536 0.05148
489.00000 -58.34319 0.05394
489.05000 -58.34212 0.05641
489.10000 -58.34126 0.04748
489.15000 -58.34159 0.04452
489.20000 -58.34023 0.04386
489.25000 -58.34211 0.04673
489.30000 -58.34118 0.04279
489.35000 -58.33598 0.03692
489.40000 -58.33762 0.04282
489.45000 -58.33884 0.04521
489.50000 -58.33750 0.04590
489.55000 -58.34020 0.04794
489.60000 -58.33828 0.04726
489.65000 -58.33445 0.04465
489.70000 -58.33948 0.04867
489.75000 -58.33560 0.04293
489.80000 -58.33839 0.03968
489.85000 -58.34232 0.04991
489.90000 -58.33422 0.04813
489.95000 -58.33720 0.05085
490.00000 -58.33808 0.04627
490.05000 -58.33996 0.04553
490.10000 -58.34135 0.05150
490.15000 -58.33987 0.04786
490.20000 -58.33830 0.04371
490.25000 -58.33504 0.04170
490.30000 -58.33437 0.03866
490.35000 -58.33864 0.04671
490.40000 -58.33870 0.04762
490.45000 -58.33814 0.04163
490.50000 -58.33894 0.04784
490.55000 -58.34035 0.04621
490.60000 -58.33687 0.04198
490.65000 -58.33841 0.04474
490.70000 -58.33906 0.04575
490.75000 -58.33404 0.04582
490.80000 -58.33376 0.04522
490.85000 -58.33514 0.03545
490.90000 -58.33838 0.03986
490.95000 -58.34033 0.04229
491.00000 -58.33771 0.04009
491.05000 -58.33964 0.04003
491.10000 -58.33431 0.04048
491.15000 -58.33798 0.03676
491.20000 -58.33806 0.04150
491.25000 -58.34034 0.04537
491.30000 -58.34052 0.04501
491.35000 -58.33584 0.04531
491.40000 -58.33521 0.04405
491.45000 -58.33525 0.03856
491.50000 -58.33261 0.04021
491.55000 -58.33651 0.04026
491.60000 -58.33885 0.04655
491.65000 -58.33743 0.04001
491.70000 -58.33342 0.04078
491.75000 -58.33268 0.04129
491.80000 -58.33413 0.04595
491.85000 -58.33422 0.04482
491.90000 -58.33232 0.03658
491.95000 -58.33282 0.04209
492.00000 -58.33259 0.03888
492.05000 -58.33318 0.04396
492.10000 -58.33436 0.04418
492.15000 -58.33722 0.04406
492.20000 -58.34006 0.04589
492.25000 -58.33824 0.05146
492.30000 -58.34044 0.04720
492.35000 -58.33597 0.04501
492.40000 -58.33881 0.04512
492.45000 -58.33491 0.04208
492.50000 -58.33609 0.04236
492.55000 -58.33474 0.04243
492.60000 -58.33119 0.03807
492.65000 -58.33267 0.04247
492.70000 -58.33169 0.04079
492.75000 -58.33509 0.03750
492.80000 -58.33319 0.04232
492.85000 -58.33339 0.04184
492.90000 -58.33536 0.04224
492.95000 -58.33037 0.03953
493.00000 -58.33185 0.04431
493.05000 -58.33256 0.03714
493.10000 -58.33728 0.03860
493.15000 -58.33837 0.03745
493.20000 -58.33364 0.03828
493.25000 -58.33669 0.03736
493.30000 -58.33879 0.03515
493.35000 -58.33764 0.03189
493.40000 -58.33751 0.03546
493.45000 -58.33974 0.03203
493.50000 -58.33692 0.03465
493.55000 -58.34023 0.03318
493.60000 -58.33902 0.02988
493.65000 -58.33846 0.02924
493.70000 -58.33709 0.02438
493.75000 -58.33870 0.03002
493.80000 -58.33744 0.02714
493.85000 -58.33821 0.02836
493.90000 -58.33452 0.02599
493.95000 -58.33840 0.02858
494.00000 -58.34026 0.03283
494.05000 -58.33924 0.02750
494.10000 -58.34049 0.02824
494.15000 -58.34189 0.03199
494.20000 -58.34200 0.03495
494.25000 -58.34251 0.03715
494.30000 -58.34057 0.03917
494.35000 -58.34184 0.03683
494.40000 -58.34335 0.03575
494.45000 -58.34282 0.04084
494.50000 -58.34303 0.04231
494.55000 -58.33999 0.03857
494.60000 -58.33608 0.03491
494.65000 -58.34312 0.03206
494.70000 -58.34399 0.04091
494.75000 -58.33977 0.04284
494.80000 -58.33946 0.04314
494.85000 -58.34115 0.04079
494.90000 -58.34588 0.04198
494.95000 -58.34015 0.03886
495.00000 -58.34215 0.04281
495.05000 -58.34587 0.03760
495.10000 -58.34882 0.04193
495.15000 -58.34734 0.03998
495.20000 -58.34107 0.03867
495.25000 -58.34372 0.03492
495.30000 -58.34511 0.04339
495.35000 -58.34406 0.04388
495.40000 -58.34164 0.04081
495.45000 -58.33877 0.03898
495.50000 -58.33976 0.04055
495.55000 -58.34052 0.03522
495.60000 -58.34579 0.04223
495.65000 -58.34392 0.04345
495.70000 -58.34776 0.05342
495.75000 -58.34502 0.04490
495.80000 -58.34624 0.05403
495.85000 -58.34280 0.05121
495.90000 -58.34637 0.05043
495.95000 -58.34831 0.05166
496.00000 -58.34260 0.04775
496.05000 -58.34261 0.04912
496.10000 -58.34425 0.05023
496.15000 -58.34471 0.04519
496.20000 -58.34644 0.04778
496.25000 -58.34279 0.03822
496.30000 -58.34455 0.05323
496.35000 -58.34087 0.03427
496.40000 -58.33880 0.03565
496.45000 -58.33951 0.03909
496.50000 -58.33840 0.03868
496.55000 -58.33575 0.04546
496.60000 -58.34071 0.04472
496.65000 -58.33887 0.04067
496.70000 -58.34153 0.04594
496.75000 -58.33824 0.04315
496.80000 -58.33979 0.04760
496.85000 -58.34343 0.04901
496.90000 -58.34193 0.04257
496.95000 -58.33948 0.04040
497.00000 -58.33987 0.04026
497.05000 -58.33967 0.03948
497.10000 -58.33545 0.03500
497.15000 -58.33671 0.03448
497.20000 -58.33760 0.03799
497.25000 -58.33707 0.04197
497.30000 -58.33955 0.03741
497.35000 -58.33901 0.04041
497.40000 -58.33914 0.04291
497.45000 -58.33889 0.03560
497.50000 -58.34148 0.04574
497.55000 -58.34083 0.04075
497.60000 -58.34018 0.04536
497.65000 -58.33935 0.04045
497.70000 -58.33649 0.03957
497.75000 -58.34173 0.04273
497.80000 -58.33795 0.03689
497.85000 -58.33872 0.03508
497.90000 -58.34125 0.03938
497.95000 -58.34306 0.04443
498.00000 -58.34233 0.04384
498.05000 -58.34359 0.04851
498.10000 -58.33963 0.03658
498.15000 -58.34773 0.04453
498.20000 -58.34410 0.04257
498.25000 -58.33881 0.03458
498.30000 -58.34204 0.03656
498.35000 -58.34128 0.04109
498.40000 -58.33747 0.03530
498.45000 -58.34026 0.03826
498.50000 -58.34402 0.03767
498.55000 -58.33742 0.03169
498.60000 -58.33728 0.03776
498.65000 -58.33808 0.04157
498.70000 -58.33635 0.03546
498.75000 -58.33770 0.04183
498.80000 -58.33695 0.04048
498.85000 -58.33684 0.03500
498.90000 -58.33537 0.03294
498.95000 -58.34026 0.04864
499.00000 -58.34190 0.04442
499.05000 -58.34070 0.03894
499.10000 -58.33957 0.03783
499.15000 -58.33450 0.03279
499.20000 -58.33908 0.03070
499.25000 -58.33802 0.03188
499.30000 -58.33743 0.03663
499.35000 -58.33977 0.03166
499.40000 -58.33544 0.03491
499.45000 -58.33866 0.03453
499.50000 -58.33413 0.03206
499.55000 -58.33654 0.03196
499.60000 -58.33106 0.03337
499.65000 -58.33399 0.03776
499.70000 -58.33199 0.03005
499.75000 -58.33168 0.03485
499.80000 -58.33217 0.03402
499.85000 -58.33326 0.03651
499.90000 -58.33486 0.03592
499.95000 -58.33180 0.03486
500.00000 -58.33159 0.03866
500.05000 -58.33453 0.03971
500.10000 -58.33046 0.03536
500.15000 -58.33003 0.03413
500.20000 -58.33277 0.03268
500.25000 -58.33207 0.02758
500.30000 -58.33391 0.03082
500.35000 -58.33510 0.03209
500.40000 -58.33342 0.03839
500.45000 -58.33579 0.03422
500.50000 -58.33700 0.03726
500.55000 -58.33134 0.04049
500.60000 -58.33303 0.03988
500.65000 -58.33272 0.03440
500.70000 -58.33915 0.04237
500.75000 -58.33992 0.03889
500.80000 -58.34050 0.04202
500.85000 -58.33886 0.04812
500.90000 -58.33709 0.03984
500.95000 -58.33757 0.03834
501.00000 -58.33741 0.03753
501.05000 -58.34084 0.03896
501.10000 -58.33835 0.04267
501.15000 -58.33937 0.04735
501.20000 -58.34136 0.04447
501.25000 -58.33764 0.04178
501.30000 -58.33992 0.04348
501.35000 -58.34013 0.03955
501.40000 -58.34120 0.03690
501.45000 -58.34175 0.04169
501.50000 -58.34091 0.03867
501.55000 -58.34158 0.04847
501.60000 -58.34027 0.04370
501.65000 -58.34155 0.05086
501.70000 -58.34529 0.04949
501.75000 -58.34372 0.04637
501.80000 -58.34058 0.04482
501.85000 -58.34287 0.04329
501.90000 -58.34196 0.04076
501.95000 -58.34464 0.04189
502.00000 -58.34626 0.04418
502.05000 -58.34381 0.04660
502.10000 -58.34707 0.04731
502.15000 -58.34302 0.03998
502.20000 -58.34103 0.04680
502.25000 -58.34012 0.04344
502.30000 -58.34118 0.04183
502.35000 -58.34475 0.04075
502.40000 -58.34468 0.04184
502.45000 -58.34332 0.04901
502.50000 -58.33884 0.04386
502.55000 -58.34214 0.03789
502.60000 -58.33644 0.03593
502.65000 -58.34007 0.03460
502.70000 -58.34199 0.04320
502.75000 -58.34383 0.04030
502.80000 -58.34372 0.03840
502.85000 -58.34793 0.03395
502.90000 -58.34192 0.04138
502.95000 -58.33936 0.03936
503.00000 -58.34049 0.03462
503.05000 -58.34079 0.03653
503.10000 -58.34313 0.03345
503.15000 -58.34161 0.03336
503.20000 -58.34529 0.03944
503.25000 -58.34749 0.04334
503.30000 -58.35083 0.04589
503.35000 -58.34642 0.04895
503.40000 -58.34982 0.04362
503.45000 -58.34831 0.04279
503.50000 -58.34406 0.03697
503.55000 -58.34553 0.04417
503.60000 -58.34544 0.04230
503.65000 -58.34870 0.04160
503.70000 -58.34794 0.04496
503.75000 -58.34563 0.04437
503.80000 -58.34502 0.04769
503.85000 -58.34502 0.03898
503.90000 -58.34710 0.04321
503.95000 -58.34714 0.04428
504.00000 -58.34607 0.04671
504.05000 -58.34677 0.03904
504.10000 -58.34270 0.03879
504.15000 -58.34049 0.03940
504.20000 -58.34231 0.04107
504.25000 -58.34623 0.04133
504.30000 -58.34503 0.04122
504.35000 -58.34066 0.03296
504.40000 -58.34038 0.03269
504.45000 -58.34691 0.03608
504.50000 -58.34295 0.03662
504.55000 -58.34142 0.02599
504.60000 -58.34303 0.02729
504.65000 -58.34425 0.03535
504.70000 -58.34038 0.03948
504.75000 -58.34388 0.03446
504.80000 -58.34166 0.03422
504.85000 -58.33967 0.03612
504.90000 -58.33839 0.03487
504.95000 -58.33650 0.03428
505.00000 -58.33770 0.03445
505.05000 -58.33550 0.02742
505.10000 -58.33502 0.02876
505.15000 -58.33670 0.03285
505.20000 -58.33665 0.03082
505.25000 -58.33660 0.03155
505.30000 -58.33996 0.03611
505.35000 -58.34173 0.03748
505.40000 -58.33910 0.04067
505.45000 -58.34236 0.03909
505.50000 -58.33822 0.04137
505.55000 -58.33756 0.04305
505.60000 -58.33937 0.03946
505.65000 -58.33722 0.03492
505.70000 -58.34215 0.04253
505.75000 -58.34165 0.04394
505.80000 -58.33673 0.03915
505.85000 -58.33947 0.04291
505.90000 -58.34057 0.04018
505.95000 -58.34408 0.03887
506.00000 -58.33849 0.03862
506.05000 -58.33835 0.03921
506.10000 -58.33702 0.04337
506.15000 -58.33711 0.04033
506.20000 -58.33642 0.03998
506.25000 -58.33801 0.04907
506.30000 -58.33688 0.04601
506.35000 -58.33577 0.04801
506.40000 -58.33422 0.04222
506.45000 -58.33421 0.04270
506.50000 -58.33577 0.04146
506.55000 -58.33357 0.04010
506.60000 -58.33564 0.04889
506.65000 -58.33758 0.04088
506.70000 -58.33663 0.03634
506.75000 -58.33409 0.03693
506.80000 -58.33129 0.03657
506.85000 -58.33041 0.03543
506.90000 -58.33652 0.04148
506.95000 -58.33110 0.03484
507.00000 -58.33589 0.03938
507.05000 -58.33174 0.03334
507.10000 -58.33573 0.04208
507.15000 -58.33148 0.04083
507.20000 -58.33147 0.03176
507.25000 -58.33626 0.03935
507.30000 -58.33644 0.03676
507.35000 -58.33721 0.03988
507.40000 -58.33572 0.04158
507.45000 -58.33394 0.03788
507.50000 -58.33554 0.03772
507.55000 -58.33601 0.03690
507.60000 -58.33192 0.03569
507.65000 -58.32891 0.03066
507.70000 -58.32955 0.03425
507.75000 -58.33336 0.03525
507.80000 -58.33610 0.03792
507.85000 -58.33631 0.03864
507.90000 -58.33774 0.03971
507.95000 -58.33759 0.04264
508.00000 -58.33609 0.04197
508.05000 -58.33792 0.03815
508.10000 -58.33727 0.03552
508.15000 -58.33412 0.04076
508.20000 -58.34207 0.04584
508.25000 -58.33900 0.04929
508.30000 -58.33629 0.04445
508.35000 -58.34008 0.05283
508.40000 -58.33646 0.04365
508.45000 -58.33410 0.04230
508.50000 -58.33919 0.04555
508.55000 -58.34130 0.04850
508.60000 -58.33925 0.04661
508.65000 -58.33431 0.04621
508.70000 -58.34010 0.04983
508.75000 -58.34110 0.05215
508.80000 -58.34197 0.05763
508.85000 -58.34353 0.04966
508.90000 -58.34206 0.04372
508.95000 -58.33967 0.04834
509.00000 -58.34102 0.04966
509.05000 -58.34036 0.05514
509.10000 -58.34443 0.05684
509.15000 -58.34106 0.05916
509.20000 -58.34260 0.05552
509.25000 -58.34460 0.05825
509.30000 -58.34374 0.05870
509.35000 -58.34007 0.05336
509.40000 -58.34034 0.05586
509.45000 -58.33987 0.05894
509.50000 -58.34082 0.04907
509.55000 -58.34001 0.04601
509.60000 -58.33648 0.04877
509.65000 -58.33741 0.04957
509.70000 -58.33856 0.04418
509.75000 -58.33816 0.04099
509.80000 -58.33781 0.04323
509.85000 -58.33287 0.03729
509.90000 -58.33491 0.04024
509.95000 -58.33415 0.04068
510.00000 -58.33487 0.04012
510.05000 -58.33701 0.03972
510.10000 -58.33505 0.04168
510.15000 -58.33755 0.03888
510.20000 -58.34149 0.04581
510.25000 -58.33698 0.03990
510.30000 -58.34255 0.04588
510.35000 -58.33663 0.04454
510.40000 -58.33712 0.04666
510.45000 -58.33621 0.04692
510.50000 -58.33768 0.03804
510.55000 -58.34091 0.04639
510.60000 -58.33584 0.04263
510.65000 -58.33605 0.03763
510.70000 -58.34163 0.04313
510.75000 -58.33868 0.03583
510.80000 -58.33719 0.03564
510.85000 -58.33891 0.04320
510.90000 -58.34074 0.04408
510.95000 -58.34164 0.04183
511.00000 -58.33618 0.03330
511.05000 -58.34311 0.03504
511.10000 -58.34488 0.03649
511.15000 -58.33901 0.03618
511.20000 -58.34326 0.03376
511.25000 -58.33907 0.03262
511.30000 -58.34289 0.04344
511.35000 -58.34016 0.03763
511.40000 -58.33771 0.03732
511.45000 -58.33901 0.03296
511.50000 -58.33959 0.03281
511.55000 -58.33829 0.03522
511.60000 -58.33721 0.03418
511.65000 -58.34039 0.03607
511.70000 -58.34036 0.03381
511.75000 -58.33854 0.02875
511.80000 -58.34210 0.03418
511.85000 -58.34028 0.03940
511.90000 -58.33759 0.03267
511.95000 -58.33726 0.03782
512.00000 -58.34392 0.04302
512.05000 -58.34179 0.04348
512.10000 -58.34259 0.04027
512.15000 -58.33855 0.03196
512.20000 -58.34236 0.03639
512.25000 -58.34176 0.03679
512.30000 -58.34308 0.03523
512.35000 -58.34267 0.03306
512.40000 -58.33919 0.03136
512.45000 -58.34440 0.03670
512.50000 -58.34136 0.03202
512.55000 -58.34379 0.03669
512.60000 -58.34375 0.03176
512.65000 -58.34586 0.03370
512.70000 -58.34545 0.03255
512.75000 -58.34240 0.02684
512.80000 -58.34129 0.02790
512.85000 -58.34002 0.02934
512.90000 -58.34207 0.03377
512.95000 -58.34329 0.03299
513.00000 -58.34469 0.03777
513.05000 -58.34269 0.03376
513.10000 -58.34722 0.03444
513.15000 -58.34449 0.03275
513.20000 -58.35049 0.03706
513.25000 -58.34860 0.03837
513.30000 -58.35134 0.03978
513.35000 -58.34813 0.03940
513.40000 -58.34947 0.04214
513.45000 -58.34783 0.03982
513.50000 -58.34918 0.03742
513.55000 -58.34651 0.03464
513.60000 -58.34631 0.03722
513.65000 -58.35038 0.03646
513.70000 -58.34811 0.03462
513.75000 -58.34658 0.03707
513.80000 -58.34710 0.03664
513.85000 -58.34636 0.04217
513.90000 -58.34706 0.03644
513.95000 -58.34841 0.04035
514.00000 -58.34781 0.03883
514.05000 -58.35024 0.04534
514.10000 -58.35178 0.04517
514.15000 -58.34647 0.04115
514.20000 -58.34900 0.03910
514.25000 -58.34732 0.04036
514.30000 -58.34802 0.03975
514.35000 -58.34732 0.03930
514.40000 -58.35075 0.04074
514.45000 -58.34770 0.03630
514.50000 -58.34836 0.03909
514.55000 -58.34891 0.04050
514.60000 -58.34574 0.03619
514.65000 -58.34658 0.04096
514.70000 -58.34978 0.04674
514.75000 -58.34789 0.04222
514.80000 -58.34854 0.03976
514.85000 -58.34815 0.03666
514.90000 -58.34401 0.03174
514.95000 -58.34956 0.04156
515.00000 -58.34868 0.04252
515.05000 -58.34682 0.04266
515.10000 -58.34672 0.03390
515.15000 -58.34966 0.04022
515.20000 -58.34824 0.03821
515.25000 -58.34946 0.03727
515.30000 -58.35048 0.04728
515.35000 -58.35543 0.05028
515.40000 -58.34982 0.04339
515.45000 -58.34774 0.03716
515.50000 -58.34708 0.03936
515.55000 -58.34999 0.04088
515.60000 -58.34917 0.03890
515.65000 -58.34913 0.03798
515.70000 -58.34888 0.03468
515.75000 -58.35138 0.04578
515.80000 -58.35125 0.04426
515.85000 -58.34867 0.03727
515.90000 -58.34902 0.03664
515.95000 -58.34594 0.03594
516.00000 -58.34930 0.03691
516.05000 -58.34358 0.03422
516.10000 -58.34670 0.03512
516.15000 -58.34104 0.03174
516.20000 -58.34273 0.03537
516.25000 -58.35041 0.04113
516.30000 -58.34756 0.03608
516.35000 -58.34967 0.03834
516.40000 -58.34834 0.03315
516.45000 -58.34936 0.02863
516.50000 -58.35010 0.03358
516.55000 -58.34744 0.03483
516.60000 -58.35028 0.03651
516.65000 -58.35071 0.03968
516.70000 -58.35471 0.04260
516.75000 -58.34898 0.03791
516.80000 -58.35272 0.04437
516.85000 -58.34860 0.04274
516.90000 -58.34449 0.03572
516.95000 -58.34599 0.03839
517.00000 -58.34953 0.03897
517.05000 -58.35361 0.04363
517.10000 -58.35267 0.04429
517.15000 -58.35327 0.04563
517.20000 -58.34538 0.03252
517.25000 -58.34833 0.04014
517.30000 -58.34763 0.04106
517.35000 -58.34782 0.04457
517.40000 -58.34353 0.03999
517.45000 -58.34426 0.03914
517.50000 -58.34372 0.03993
517.55000 -58.34342 0.03450
517.60000 -58.34219 0.03694
517.65000 -58.34436 0.04274
517.70000 -58.34166 0.04608
517.75000 -58.34873 0.04612
517.80000 -58.34731 0.04474
517.85000 -58.34488 0.04848
517.90000 -58.34327 0.04503
517.95000 -58.33977 0.04509
518.00000 -58.34324 0.04377
518.05000 -58.34262 0.04623
518.10000 -58.34360 0.04474
518.15000 -58.34129 0.04348
518.20000 -58.33907 0.04287
518.25000 -58.34092 0.04022
518.30000 -58.33858 0.04256
518.35000 -58.33790 0.04053
518.40000 -58.33603 0.03844
518.45000 -58.33463 0.03499
518.50000 -58.34179 0.03708
518.55000 -58.33969 0.03614
518.60000 -58.34156 0.03652
518.65000 -58.33811 0.03870
518.70000 -58.33714 0.03450
518.75000 -58.33692 0.03621
518.80000 -58.33486 0.03652
518.85000 -58.33815 0.03390
518.90000 -58.33944 0.03776
518.95000 -58.33810 0.03467
519.00000 -58.33890 0.03643
519.05000 -58.34225 0.03985
519.10000 -58.34074 0.03825
519.15000 -58.34013 0.04118
519.20000 -58.33735 0.03424
519.25000 -58.33897 0.04236
519.30000 -58.33704 0.03380
519.35000 -58.33894 0.03667
519.40000 -58.34076 0.03827
519.45000 -58.33796 0.03879
519.50000 -58.33978 0.04251
519.55000 -58.34201 0.03828
519.60000 -58.34187 0.04233
519.65000 -58.33889 0.04293
519.70000 -58.33781 0.03743
519.75000 -58.33937 0.04215
519.80000 -58.33644 0.04409
519.85000 -58.33764 0.03972
519.90000 -58.33927 0.04102
519.95000 -58.34329 0.03647
520.00000 -58.34215 0.03700
520.05000 -58.34029 0.03753
520.10000 -58.34210 0.03072
520.15000 -58.34643 0.03605
520.20000 -58.34228 0.03859
520.25000 -58.34225 0.03918
520.30000 -58.34184 0.03618
520.35000 -58.33918 0.04002
520.40000 -58.34050 0.03681
520.45000 -58.33950 0.03565
520.50000 -58.34191 0.03490
520.55000 -58.34281 0.03456
520.60000 -58.34201 0.03397
520.65000 -58.34028 0.02955
520.70000 -58.34421 0.03665
520.75000 -58.34331 0.03761
520.80000 -58.34285 0.03188
520.85000 -58.34222 0.02678
520.90000 -58.34306 0.03071
520.95000 -58.34760 0.03553
521.00000 -58.34269 0.03108
521.05000 -58.34618 0.03543
521.10000 -58.34915 0.04012
521.15000 -58.34383 0.03973
521.20000 -58.34365 0.03383
521.25000 -58.34523 0.03969
521.30000 -58.34483 0.03542
521.35000 -58.34733 0.04174
521.40000 -58.34681 0.04447
521.45000 -58.34472 0.04046
521.50000 -58.34215 0.03424
521.55000 -58.34092 0.04062
521.60000 -58.34121 0.03557
521.65000 -58.34154 0.03906
521.70000 -58.34271 0.03816
521.75000 -58.34456 0.03999
521.80000 -58.34681 0.04514
521.85000 -58.34458 0.04186
521.90000 -58.34370 0.03720
521.95000 -58.33892 0.03344
522.00000 -58.33763 0.03266
522.05000 -58.34321 0.03593
522.10000 -58.34090 0.03430
522.15000 -58.33816 0.03437
522.20000 -58.33929 0.02940
522.25000 -58.33706 0.02759
522.30000 -58.34215 0.03390
522.35000 -58.33698 0.03347
522.40000 -58.33799 0.03280
522.45000 -58.33842 0.03354
522.50000 -58.33992 0.03822
522.55000 -58.33981 0.03226
522.60000 -58.33448 0.03196
522.65000 -58.33645 0.03751
522.70000 -58.33610 0.03483
522.75000 -58.34002 0.03338
522.80000 -58.33962 0.03058
522.85000 -58.33725 0.03403
522.90000 -58.33742 0.03475
522.95000 -58.33767 0.03356
523.00000 -58.33649 0.02733
523.05000 -58.33797 0.03228
523.10000 -58.34106 0.03174
523.15000 -58.33863 0.02823
523.20000 -58.33916 0.02819
523.25000 -58.33978 0.02623
523.30000 -58.33870 0.02405
523.35000 -58.33828 0.03128
523.40000 -58.33507 0.03330
523.45000 -58.33380 0.03020
523.50000 -58.33190 0.02486
523.55000 -58.33672 0.02692
523.60000 -58.33449 0.03161
523.65000 -58.34007 0.03429
523.70000 -58.33765 0.02909
523.75000 -58.34121 0.02897
523.80000 -58.33903 0.02882
523.85000 -58.33866 0.03034
523.90000 -58.33427 0.03242
523.95000 -58.33937 0.03789
524.00000 -58.33816 0.03202
524.05000 -58.34146 0.03268
524.10000 -58.33866 0.03030
524.15000 -58.33893 0.02653
524.20000 -58.34137 0.03089
524.25000 -58.33760 0.03270
524.30000 -58.34178 0.03203
524.35000 -58.33802 0.03099
524.40000 -58.34087 0.03076
524.45000 -58.34236 0.02941
524.50000 -58.34346 0.02523
524.55000 -58.34557 0.03271
524.60000 -58.34329 0.03518
524.65000 -58.34810 0.03482
524.70000 -58.34268 0.03061
524.75000 -58.33934 0.02544
524.80000 -58.34799 0.03144
524.85000 -58.34476 0.03306
524.90000 -58.34508 0.02921
524.95000 -58.34624 0.03098
525.00000 -58.34475 0.03876
525.05000 -58.35041 0.04002
525.10000 -58.35358 0.03811
525.15000 -58.34452 0.02831
525.20000 -58.35005 0.03157
525.25000 -58.35035 0.03476
525.30000 -58.34965 0.03403
525.35000 -58.35041 0.03405
525.40000 -58.34929 0.03350
525.45000 -58.35138 0.03455
525.50000 -58.35265 0.03966
525.55000 -58.35096 0.04206
525.60000 -58.35202 0.03689
525.65000 -58.34676 0.03439
525.70000 -58.35049 0.03991
525.75000 -58.35225 0.04499
525.80000 -58.35120 0.03834
525.85000 -58.35034 0.03461
525.90000 -58.34650 0.03288
525.95000 -58.35089 0.03331
526.00000 -58.35216 0.03514
526.05000 -58.35138 0.03391
526.10000 -58.34977 0.03255
526.15000 -58.35487 0.03800
526.20000 -58.35195 0.03311
526.25000 -58.35329 0.03327
526.30000 -58.35362 0.03652
526.35000 -58.35404 0.03080
526.40000 -58.35063 0.03002
526.45000 -58.35200 0.02760
526.50000 -58.35323 0.03158
526.55000 -58.35367 0.03519
526.60000 -58.35289 0.03349
526.65000 -58.35176 0.03548
526.70000 -58.35097 0.03102
526.75000 -58.35261 0.03316
526.80000 -58.35147 0.03168
526.85000 -58.35175 0.02911
526.90000 -58.34809 0.02681
526.95000 -58.34905 0.02723
527.00000 -58.35077 0.02996
527.05000 -58.34799 0.02332
527.10000 -58.34813 0.02748
527.15000 -58.35110 0.02805
527.20000 -58.35361 0.02889
527.25000 -58.35492 0.03524
527.30000 -58.35601 0.03334
527.35000 -58.35653 0.03315
527.40000 -58.35562 0.03251
527.45000 -58.35233 0.03042
527.50000 -58.35684 0.03553
527.55000 -58.35575 0.03392
527.60000 -58.35431 0.03077
527.65000 -58.35705 0.03607
527.70000 -58.35497 0.03446
527.75000 -58.35122 0.02956
527.80000 -58.35501 0.03308
527.85000 -58.34559 0.02543
527.90000 -58.35254 0.02939
527.95000 -58.34847 0.03150
528.00000 -58.35265 0.03689
528.05000 -58.35445 0.03311
528.10000 -58.35573 0.03491
528.15000 -58.35305 0.02670
528.20000 -58.35532 0.03155
528.25000 -58.35412 0.03336
528.30000 -58.34843 0.02459
528.35000 -58.35192 0.02781
528.40000 -58.35241 0.02755
528.45000 -58.35212 0.02881
528.50000 -58.35588 0.03303
528.55000 -58.35608 0.03405
528.60000 -58.35011 0.03011
528.65000 -58.35338 0.03010
528.70000 -58.35553 0.03479
528.75000 -58.35591 0.03418
528.80000 -58.35295 0.03259
528.85000 -58.35559 0.03687
528.90000 -58.35562 0.03543
528.95000 -58.35023 0.03298
529.00000 -58.35601 0.04014
529.05000 -58.35722 0.04120
529.10000 -58.35859 0.04197
529.15000 -58.36092 0.04246
529.20000 -58.35773 0.03963
529.25000 -58.35762 0.03866
529.30000 -58.35784 0.03864
529.35000 -58.35920 0.04272
529.40000 -58.35326 0.03596
529.45000 -58.35745 0.04361
529.50000 -58.35940 0.04125
529.55000 -58.35449 0.03509
529.60000 -58.35616 0.03827
529.65000 -58.35876 0.04113
529.70000 -58.35713 0.04187
529.75000 -58.35766 0.04296
529.80000 -58.35605 0.04073
529.85000 -58.35773 0.04048
529.90000 -58.36224 0.04689
529.95000 -58.36033 0.04649
530.00000 -58.35494 0.03924
530.05000 -58.35763 0.04310
530.10000 -58.36018 0.04555
530.15000 -58.35886 0.04392
530.20000 -58.35966 0.04508
530.25000 -58.35818 0.04312
530.30000 -58.35521 0.03778
530.35000 -58.35853 0.04397
530.40000 -58.35873 0.04606
530.45000 -58.35520 0.03673
530.50000 -58.35615 0.04043
530.55000 -58.35376 0.03947
530.60000 -58.35996 0.04585
530.65000 -58.35813 0.04013
530.70000 -58.35884 0.04069
530.75000 -58.36020 0.04206
530.80000 -58.35652 0.03687
530.85000 -58.35975 0.04329
530.90000 -58.35896 0.04304
530.95000 -58.36035 0.04277
531.00000 -58.36315 0.04664
531.05000 -58.35999 0.04380
531.10000 -58.35734 0.04009
531.15000 -58.36080 0.04689
531.20000 -58.35954 0.04403
531.25000 -58.36181 0.04492
531.30000 -58.36666 0.05009
531.35000 -58.36831 0.05294
531.40000 -58.36682 0.05271
531.45000 -58.36486 0.05195
531.50000 -58.36593 0.05302
531.55000 -58.36399 0.04835
531.60000 -58.36346 0.04868
531.65000 -58.36647 0.05199
531.70000 -58.36384 0.04879
531.75000 -58.36687 0.05381
531.80000 -58.36427 0.05228
531.85000 -58.36595 0.05619
531.90000 -58.36552 0.05369
531.95000 -58.36406 0.05039
532.00000 -58.36274 0.04838
532.05000 -58.36276 0.04905
532.10000 -58.36658 0.05430
532.15000 -58.36416 0.05072
532.20000 -58.36244 0.04884
532.25000 -58.36532 0.05294
532.30000 -58.35818 0.04348
532.35000 -58.35913 0.04548
532.40000 -58.35898 0.04441
532.45000 -58.36145 0.04748
532.50000 -58.36107 0.04776
532.55000 -58.36196 0.04922
532.60000 -58.36177 0.04820
532.65000 -58.36421 0.05243
532.70000 -58.35937 0.04716
532.75000 -58.35742 0.04611
532.80000 -58.35891 0.04532
532.85000 -58.36030 0.04832
532.90000 -58.35842 0.04620
532.95000 -58.36345 0.05169
533.00000 -58.36443 0.05400
533.05000 -58.35870 0.04675
533.10000 -58.35750 0.04659
533.15000 -58.35749 0.04701
533.20000 -58.35764 0.04556
533.25000 -58.36112 0.04947
533.30000 -58.36613 0.05740
533.35000 -58.36119 0.04927
533.40000 -58.36358 0.05311
533.45000 -58.36299 0.05393
533.50000 -58.36097 0.04980
533.55000 -58.36130 0.05224
533.60000 -58.36003 0.04905
533.65000 -58.36296 0.05453
533.70000 -58.35755 0.04688
533.75000 -58.35981 0.05253
533.80000 -58.36112 0.05408
533.85000 -58.36088 0.05250
533.90000 -58.35538 0.04633
533.95000 -58.35539 0.04605
534.00000 -58.35626 0.04784
534.05000 -58.35662 0.04862
534.10000 -58.35654 0.04919
534.15000 -58.35816 0.04916
534.20000 -58.35516 0.04636
534.25000 -58.35651 0.04814
534.30000 -58.35768 0.04922
534.35000 -58.35640 0.04831
534.40000 -58.35880 0.05153
534.45000 -58.35693 0.05017
534.50000 -58.35206 0.04331
534.55000 -58.35327 0.04576
534.60000 -58.35124 0.04393
534.65000 -58.35434 0.04747
534.70000 -58.35275 0.04534
534.75000 -58.35468 0.04873
534.80000 -58.35522 0.04963
534.85000 -58.35671 0.05185
534.90000 -58.35584 0.04872
534.95000 -58.35628 0.05024
535.00000 -58.35825 0.05273
535.05000 -58.35804 0.05227
535.10000 -58.35800 0.05470
535.15000 -58.36016 0.05867
535.20000 -58.35731 0.05171
535.25000 -58.35984 0.05613
535.30000 -58.35780 0.05101
535.35000 -58.36163 0.05740
535.40000 -58.36046 0.05388
535.45000 -58.35708 0.05431
535.50000 -58.35788 0.05349
535.55000 -58.36151 0.05859
535.60000 -58.35780 0.05507
535.65000 -58.35390 0.05152
535.70000 -58.35888 0.05370
535.75000 -58.35452 0.05055
535.80000 -58.35580 0.05378
535.85000 -58.36350 0.06229
535.90000 -58.36057 0.06301
535.95000 -58.35745 0.05981
536.00000 -58.35745 0.05603
536.05000 -58.35955 0.05979
536.10000 -58.36078 0.06209
536.15000 -58.35954 0.05989
536.20000 -58.35795 0.06164
536.25000 -58.35741 0.05579
536.30000 -58.35520 0.05356
536.35000 -58.35535 0.05597
536.40000 -58.35717 0.05435
536.45000 -58.35486 0.05147
536.50000 -58.35474 0.05254
536.55000 -58.35425 0.05509
536.60000 -58.35392 0.05399
536.65000 -58.35588 0.05635
536.70000 -58.35506 0.05871
536.75000 -58.35340 0.05716
536.80000 -58.35218 0.05531
536.85000 -58.35407 0.05736
536.90000 -58.35027 0.05788
536.95000 -58.35494 0.05853
537.00000 -58.35373 0.06248
537.05000 -58.35008 0.05112
537.10000 -58.35292 0.05615
537.15000 -58.34614 0.05377
537.20000 -58.34841 0.05344
537.25000 -58.34825 0.05353
537.30000 -58.35025 0.05308
537.35000 -58.34925 0.05209
537.40000 -58.35127 0.05640
537.45000 -58.35045 0.05523
537.50000 -58.34844 0.05617
537.55000 -58.34444 0.05197
537.60000 -58.34566 0.05083
537.65000 -58.34839 0.05718
537.70000 -58.34376 0.05878
537.75000 -58.34598 0.05588
537.80000 -58.34417 0.05318
537.85000 -58.34548 0.05099
537.90000 -58.34801 0.05307
537.95000 -58.34893 0.05251
538.00000 -58.34586 0.05106
538.05000 -58.34677 0.05420
538.10000 -58.34903 0.05203
538.15000 -58.34978 0.05669
538.20000 -58.34688 0.05428
538.25000 -58.34785 0.05505
538.30000 -58.34511 0.05249
538.35000 -58.34280 0.05076
538.40000 -58.34034 0.04945
538.45000 -58.34389 0.04691
538.50000 -58.34490 0.04576
538.55000 -58.34485 0.04751
538.60000 -58.34687 0.05601
538.65000 -58.34799 0.05703
538.70000 -58.34906 0.05521
538.75000 -58.34974 0.05731
538.80000 -58.34885 0.05655
538.85000 -58.34715 0.05542
538.90000 -58.34581 0.05086
538.95000 -58.34345 0.04843
539.00000 -58.34408 0.04890
539.05000 -58.34158 0.04449
539.10000 -58.33887 0.05051
539.15000 -58.34278 0.04913
539.20000 -58.33997 0.04059
539.25000 -58.34874 0.04878
539.30000 -58.34711 0.04654
539.35000 -58.34621 0.04716
539.40000 -58.34763 0.04239
539.45000 -58.34700 0.04235
539.50000 -58.35016 0.04640
539.55000 -58.34290 0.03948
539.60000 -58.34336 0.04048
539.65000 -58.34492 0.04103
539.70000 -58.34501 0.03742
539.75000 -58.33910 0.03638
539.80000 -58.34034 0.03427
539.85000 -58.34300 0.04052
539.90000 -58.34352 0.04050
539.95000 -58.34549 0.04179
540.00000 -58.34198 0.03537
540.05000 -58.34931 0.04588
540.10000 -58.34422 0.04331
540.15000 -58.34407 0.03841
540.20000 -58.34859 0.03811
540.25000 -58.34633 0.03650
540.30000 -58.34404 0.04224
540.35000 -58.34583 0.04120
540.40000 -58.34971 0.04351
540.45000 -58.34995 0.04483
540.50000 -58.34694 0.03820
540.55000 -58.34492 0.03965
540.60000 -58.34805 0.04162
540.65000 -58.34763 0.04381
540.70000 -58.34780 0.04274
540.75000 -58.34357 0.03881
540.80000 -58.34497 0.03865
540.85000 -58.34540 0.04304
540.90000 -58.34971 0.04716
540.95000 -58.34979 0.04696
541.00000 -58.35083 0.04356
541.05000 -58.34861 0.04847
541.10000 -58.35067 0.04847
541.15000 -58.34826 0.04627
541.20000 -58.34617 0.03850
541.25000 -58.34529 0.04094
541.30000 -58.34778 0.04601
541.35000 -58.34532 0.03806
541.40000 -58.34573 0.03912
541.45000 -58.34195 0.03110
541.50000 -58.34338 0.03597
541.55000 -58.34565 0.04366
541.60000 -58.34426 0.04056
541.65000 -58.34402 0.03633
541.70000 -58.34371 0.03753
541.75000 -58.34291 0.03838
541.80000 -58.34834 0.04609
541.85000 -58.34824 0.04263
541.90000 -58.34339 0.03770
541.95000 -58.34229 0.03351
542.00000 -58.34031 0.02945
542.05000 -58.34104 0.03593
542.10000 -58.34293 0.04137
542.15000 -58.34234 0.04270
542.20000 -58.34096 0.03375
542.25000 -58.33688 0.03090
542.30000 -58.33975 0.03661
542.35000 -58.34021 0.03692
542.40000 -58.34020 0.03563
542.45000 -58.33696 0.03153
542.50000 -58.33644 0.02740
542.55000 -58.34403 0.03946
542.60000 -58.34137 0.03624
542.65000 -58.34024 0.03433
542.70000 -58.33715 0.03296
542.75000 -58.34151 0.03717
542.80000 -58.33673 0.03582
542.85000 -58.33617 0.03134
542.90000 -58.33298 0.02986
542.95000 -58.33369 0.02978
543.00000 -58.33596 0.03585
543.05000 -58.33406 0.02695
543.10000 -58.33612 0.03273
543.15000 -58.33789 0.02850
543.20000 -58.33032 0.01912
543.25000 -58.33137 0.01918
543.30000 -58.32793 0.01373
543.35000 -58.33256 0.01828
543.40000 -58.33821 0.02363
543.45000 -58.33134 0.01216
543.50000 -58.33347 0.01658
543.55000 -58.33035 0.01354
543.60000 -58.33413 0.02390
543.65000 -58.33370 0.02169
543.70000 -58.33356 0.02222
543.75000 -58.33260 0.02600
543.80000 -58.33361 0.02234
543.85000 -58.33216 0.01852
543.90000 -58.33286 0.02575
543.95000 -58.33514 0.02792
544.00000 -58.33024 0.02024
544.05000 -58.32813 0.01972
544.10000 -58.32971 0.02064
544.15000 -58.33030 0.02362
544.20000 -58.33214 0.02262
544.25000 -58.33165 0.02480
544.30000 -58.33251 0.02247
544.35000 -58.33344 0.02227
544.40000 -58.33157 0.02196
544.45000 -58.33156 0.02275
544.50000 -58.32920 0.01875
544.55000 -58.32772 0.01979
544.60000 -58.32783 0.02138
544.65000 -58.32738 0.02167
544.70000 -58.33169 0.02127
544.75000 -58.33082 0.01652
544.80000 -58.32753 0.01948
544.85000 -58.32640 0.01677
544.90000 -58.32615 0.02423
544.95000 -58.32669 0.02473
545.00000 -58.32858 0.02227
545.05000 -58.32841 0.02351
545.10000 -58.32569 0.02360
545.15000 -58.32549 0.02143
545.20000 -58.32700 0.02270
545.25000 -58.32677 0.02340
545.30000 -58.32851 0.01910
545.35000 -58.33037 0.02723
545.40000 -58.32858 0.02398
545.45000 -58.33283 0.02503
545.50000 -58.33046 0.02372
545.55000 -58.33327 0.02629
545.60000 -58.32771 0.01836
545.65000 -58.32604 0.01700
545.70000 -58.32944 0.02072
545.75000 -58.32967 0.02259
545.80000 -58.32579 0.01979
545.85000 -58.32465 0.02500
545.90000 -58.33194 0.02436
545.95000 -58.32477 0.02004
546.00000 -58.32478 0.01958
546.05000 -58.33084 0.02088
546.10000 -58.32914 0.01912
546.15000 -58.33237 0.02756
546.20000 -58.32990 0.02640
546.25000 -58.32781 0.02004
546.30000 -58.32953 0.01953
546.35000 -58.32890 0.02111
546.40000 -58.33269 0.03299
546.45000 -58.33152 0.03376
546.50000 -58.32583 0.02789
546.55000 -58.32896 0.02918
546.60000 -58.33187 0.02958
546.65000 -58.33110 0.02132
546.70000 -58.33401 0.02797
546.75000 -58.33010 0.02962
546.80000 -58.33405 0.03023
546.85000 -58.33536 0.03000
546.90000 -58.33226 0.02447
546.95000 -58.32980 0.02927
547.00000 -58.32976 0.02756
547.05000 -58.33275 0.02228
547.10000 -58.33067 0.01994
547.15000 -58.33015 0.02927
547.20000 -58.33113 0.02232
547.25000 -58.33025 0.02488
547.30000 -58.33069 0.02022
547.35000 -58.33415 0.02361
547.40000 -58.34004 0.02975
547.45000 -58.33808 0.02706
547.50000 -58.33704 0.02904
547.55000 -58.33407 0.02626
547.60000 -58.33388 0.02978
547.65000 -58.33393 0.02824
547.70000 -58.33584 0.03045
547.75000 -58.33918 0.02607
547.80000 -58.33343 0.02163
547.85000 -58.33196 0.02107
547.90000 -58.33437 0.02571
547.95000 -58.33631 0.02363
548.00000 -58.33227 0.02572
548.05000 -58.33019 0.02397
548.10000 -58.33256 0.02139
548.15000 -58.33361 0.02516
548.20000 -58.33030 0.01845
548.25000 -58.33207 0.01813
548.30000 -58.32999 0.01831
548.35000 -58.33095 0.02053
548.40000 -58.33088 0.02038
548.45000 -58.33168 0.01475
548.50000 -58.33523 0.01635
548.55000 -58.33210 0.01361
548.60000 -58.33158 0.01243
548.65000 -58.33569 0.02200
548.70000 -58.33523 0.02524
548.75000 -58.33725 0.02189
548.80000 -58.33962 0.02069
548.85000 -58.33832 0.02595
548.90000 -58.33781 0.02308
548.95000 -58.34068 0.02719
549.00000 -58.33994 0.02730
549.05000 -58.33919 0.02428
549.10000 -58.34064 0.02725
549.15000 -58.34072 0.02633
549.20000 -58.33800 0.02664
549.25000 -58.34246 0.02694
549.30000 -58.34566 0.03417
549.35000 -58.34139 0.02403
549.40000 -58.33433 0.01831
549.45000 -58.34003 0.02462
549.50000 -58.33805 0.02000
549.55000 -58.34076 0.02617
549.60000 -58.33327 0.01673
549.65000 -58.34012 0.02481
549.70000 -58.33933 0.02553
549.75000 -58.34150 0.02652
549.80000 -58.33970 0.02672
549.85000 -58.34101 0.02767
549.90000 -58.34277 0.03051
549.95000 -58.34369 0.03128
