0.00000 -63.81089 0.02832
0.05000 -63.83040 0.04793
0.10000 -63.83576 0.03760
0.15000 -63.84334 0.02839
0.20000 -63.84224 0.03037
0.25000 -63.84357 0.02869
0.30000 -63.84562 0.02555
0.35000 -63.84782 0.02185
0.40000 -63.85023 0.02235
0.45000 -63.85348 0.01943
0.50000 -63.85584 0.01481
0.55000 -63.85485 0.01333
0.60000 -63.85787 0.01465
0.65000 -63.85747 0.01494
0.70000 -63.85284 0.01828
0.75000 -63.85932 0.02099
0.80000 -63.84977 0.01349
0.85000 -63.85523 0.01219
0.90000 -63.85299 0.01205
0.95000 -63.85709 0.01268
1.00000 -63.85601 0.01427
1.05000 -63.85528 0.01368
1.10000 -63.84864 0.01969
1.15000 -63.85064 0.02372
1.20000 -63.84759 0.03671
1.25000 -63.84914 0.03246
1.30000 -63.84898 0.03300
1.35000 -63.84447 0.03799
1.40000 -63.84083 0.04406
1.45000 -63.83627 0.05504
1.50000 -63.84078 0.05486
1.55000 -63.83554 0.05888
1.60000 -63.83522 0.05538
1.65000 -63.83440 0.06535
1.70000 -63.83205 0.06451
1.75000 -63.83295 0.06228
1.80000 -63.83414 0.05455
1.85000 -63.83059 0.05094
1.90000 -63.83229 0.05668
1.95000 -63.83370 0.05620
2.00000 -63.83360 0.05834
2.05000 -63.82877 0.06881
2.10000 -63.82923 0.06227
2.15000 -63.82354 0.07422
2.20000 -63.82585 0.07824
2.25000 -63.82594 0.07639
2.30000 -63.82437 0.08087
2.35000 -63.82615 0.08430
2.40000 -63.82666 0.08645
2.45000 -63.82662 0.08114
2.50000 -63.82474 0.08930
2.55000 -63.82978 0.08223
2.60000 -63.83096 0.08287
2.65000 -63.83298 0.07618
2.70000 -63.83337 0.07298
2.75000 -63.83340 0.05875
2.80000 -63.83867 0.04847
2.85000 -63.83551 0.05582
2.90000 -63.83394 0.05286
2.95000 -63.83392 0.05546
3.00000 -63.83784 0.04230
3.05000 -63.83871 0.03997
3.10000 -63.84016 0.03147
3.15000 -63.84155 0.03120
3.20000 -63.84259 0.03280
3.25000 -63.84097 0.03314
3.30000 -63.83766 0.03864
3.35000 -63.83892 0.03812
3.40000 -63.83852 0.03684
3.45000 -63.83786 0.03855
3.50000 -63.83968 0.03524
3.55000 -63.84173 0.03137
3.60000 -63.83720 0.04130
3.65000 -63.84081 0.03480
3.70000 -63.83796 0.03084
3.75000 -63.83786 0.02869
3.80000 -63.83960 0.02849
3.85000 -63.84040 0.02607
3.90000 -63.83692 0.02958
3.95000 -63.83818 0.02512
4.00000 -63.83181 0.03404
4.05000 -63.83174 0.03323
4.10000 -63.82776 0.03671
4.15000 -63.82829 0.03570
4.20000 -63.82487 0.04194
4.25000 -63.81878 0.04964
4.30000 -63.82400 0.04368
4.35000 -63.82380 0.04306
4.40000 -63.82766 0.03400
4.45000 -63.82763 0.03459
4.50000 -63.82850 0.03042
4.55000 -63.82988 0.02758
4.60000 -63.83092 0.02362
4.65000 -63.83244 0.02012
4.70000 -63.83624 0.01394
4.75000 -63.83287 0.01895
4.80000 -63.83699 0.01785
4.85000 -63.84037 0.01115
4.90000 -63.84025 0.01340
4.95000 -63.84405 0.01022
5.00000 -63.84443 0.00968
5.05000 -63.84311 0.01289
5.10000 -63.84599 0.01376
5.15000 -63.84579 0.01303
5.20000 -63.84895 0.01211
5.25000 -63.85034 0.01302
5.30000 -63.85361 0.01823
5.35000 -63.85858 0.02502
5.40000 -63.85305 0.02171
5.45000 -63.85576 0.03132
5.50000 -63.86130 0.04594
5.55000 -63.85844 0.05050
5.60000 -63.85582 0.04131
5.65000 -63.85092 0.04565
5.70000 -63.85733 0.04793
5.75000 -63.85798 0.04648
5.80000 -63.85680 0.05109
5.85000 -63.86114 0.06046
5.90000 -63.85964 0.07988
5.95000 -63.85540 0.07887
6.00000 -63.85282 0.07333
6.05000 -63.85755 0.07921
6.10000 -63.85355 0.06813
6.15000 -63.85469 0.07717
6.20000 -63.85160 0.06564
6.25000 -63.85625 0.06900
6.30000 -63.85628 0.06571
6.35000 -63.85904 0.06298
6.40000 -63.85813 0.05811
6.45000 -63.85074 0.04854
6.50000 -63.85070 0.04390
6.55000 -63.85032 0.04474
6.60000 -63.85022 0.02719
6.65000 -63.84972 0.02313
6.70000 -63.84530 0.01967
6.75000 -63.84295 0.01878
6.80000 -63.84423 0.02279
6.85000 -63.84111 0.02265
6.90000 -63.84186 0.01765
6.95000 -63.83897 0.01558
7.00000 -63.83801 0.02479
7.05000 -63.83220 0.02684
7.10000 -63.83160 0.02444
7.15000 -63.82931 0.02891
7.20000 -63.82843 0.02894
7.25000 -63.83392 0.02139
7.30000 -63.83349 0.02386
7.35000 -63.83197 0.02638
7.40000 -63.83418 0.02448
7.45000 -63.83510 0.02053
7.50000 -63.83539 0.01789
7.55000 -63.83461 0.01893
7.60000 -63.83772 0.01679
7.65000 -63.83527 0.01809
7.70000 -63.83396 0.02371
7.75000 -63.83359 0.02221
7.80000 -63.83185 0.02877
7.85000 -63.83063 0.03395
7.90000 -63.83330 0.03487
7.95000 -63.83137 0.03538
8.00000 -63.83185 0.04486
8.05000 -63.83261 0.05447
8.10000 -63.83524 0.05169
8.15000 -63.83777 0.04441
8.20000 -63.84096 0.05071
8.25000 -63.83935 0.05715
8.30000 -63.83946 0.06845
8.35000 -63.83844 0.07712
8.40000 -63.83608 0.08270
8.45000 -63.83840 0.08278
8.50000 -63.83460 0.08814
8.55000 -63.83256 0.09838
8.60000 -63.83262 0.10930
8.65000 -63.83086 0.11195
8.70000 -63.83315 0.11202
8.75000 -63.83208 0.12190
8.80000 -63.82811 0.13033
8.85000 -63.82151 0.12143
8.90000 -63.82285 0.13630
8.95000 -63.82321 0.14319
9.00000 -63.82794 0.13447
9.05000 -63.82658 0.13065
9.10000 -63.82493 0.12294
9.15000 -63.82767 0.11546
9.20000 -63.82641 0.11709
9.25000 -63.82667 0.10588
9.30000 -63.82741 0.09875
9.35000 -63.82563 0.09554
9.40000 -63.82626 0.08941
9.45000 -63.82794 0.08299
9.50000 -63.83157 0.07199
9.55000 -63.83776 0.06024
9.60000 -63.83724 0.06868
9.65000 -63.83751 0.05098
9.70000 -63.84349 0.04287
9.75000 -63.84528 0.03833
9.80000 -63.84428 0.04261
9.85000 -63.84372 0.03289
9.90000 -63.84703 0.03551
9.95000 -63.84582 0.03600
10.00000 -63.85252 0.03849
10.05000 -63.84732 0.03483
10.10000 -63.84652 0.03029
10.15000 -63.85060 0.03615
10.20000 -63.84878 0.02709
10.25000 -63.84834 0.02928
10.30000 -63.85078 0.03670
10.35000 -63.84990 0.02847
10.40000 -63.84996 0.03284
10.45000 -63.85147 0.03278
10.50000 -63.85051 0.03390
10.55000 -63.85026 0.02733
10.60000 -63.84963 0.02855
10.65000 -63.85122 0.02857
10.70000 -63.84525 0.02277
10.75000 -63.84217 0.01821
10.80000 -63.84387 0.01607
10.85000 -63.84099 0.01162
10.90000 -63.83709 0.01697
10.95000 -63.83961 0.02091
11.00000 -63.83871 0.01199
11.05000 -63.83516 0.01800
11.10000 -63.83992 0.01729
11.15000 -63.84007 0.01189
11.20000 -63.83440 0.02119
11.25000 -63.83491 0.02261
11.30000 -63.83815 0.02034
11.35000 -63.84173 0.02592
11.40000 -63.84235 0.03086
11.45000 -63.84635 0.02589
11.50000 -63.84527 0.02731
11.55000 -63.84784 0.03300
11.60000 -63.85192 0.03405
11.65000 -63.85326 0.02870
11.70000 -63.85334 0.02647
11.75000 -63.85783 0.02954
11.80000 -63.85709 0.03203
11.85000 -63.86184 0.03824
11.90000 -63.86026 0.03797
11.95000 -63.86140 0.03519
12.00000 -63.85970 0.03263
12.05000 -63.85631 0.02445
12.10000 -63.85407 0.02282
12.15000 -63.85557 0.02355
12.20000 -63.85154 0.02043
12.25000 -63.85258 0.02302
12.30000 -63.85595 0.03180
12.35000 -63.85475 0.03214
12.40000 -63.85792 0.04095
12.45000 -63.85934 0.03742
12.50000 -63.85926 0.04068
12.55000 -63.86040 0.03794
12.60000 -63.86111 0.04200
12.65000 -63.86797 0.05189
12.70000 -63.86599 0.04514
12.75000 -63.86160 0.03633
12.80000 -63.86323 0.03382
12.85000 -63.86513 0.03590
12.90000 -63.86364 0.03280
12.95000 -63.86326 0.03229
13.00000 -63.86683 0.03687
13.05000 -63.86387 0.03051
13.10000 -63.86476 0.03284
13.15000 -63.86596 0.03299
13.20000 -63.87144 0.04134
13.25000 -63.86731 0.03538
13.30000 -63.86410 0.03248
13.35000 -63.86389 0.03327
13.40000 -63.86365 0.03157
13.45000 -63.86353 0.03071
13.50000 -63.86583 0.03746
13.55000 -63.86740 0.03878
13.60000 -63.86933 0.03984
13.65000 -63.86818 0.03904
13.70000 -63.86332 0.03313
13.75000 -63.86042 0.03083
13.80000 -63.86245 0.03274
13.85000 -63.86595 0.03452
13.90000 -63.86239 0.03214
13.95000 -63.86039 0.02993
14.00000 -63.85929 0.02876
14.05000 -63.86053 0.03129
14.10000 -63.85658 0.02518
14.15000 -63.85982 0.03206
14.20000 -63.85870 0.03062
14.25000 -63.85943 0.03924
14.30000 -63.85400 0.03806
14.35000 -63.85680 0.03619
14.40000 -63.86131 0.04742
14.45000 -63.85614 0.04322
14.50000 -63.85664 0.04817
14.55000 -63.85299 0.04581
14.60000 -63.85442 0.04443
14.65000 -63.85623 0.05512
14.70000 -63.85436 0.05850
14.75000 -63.85867 0.05314
14.80000 -63.85554 0.04444
14.85000 -63.85506 0.04557
14.90000 -63.85675 0.04309
14.95000 -63.85628 0.03847
15.00000 -63.85447 0.03406
15.05000 -63.85018 0.03373
15.10000 -63.85530 0.03346
15.15000 -63.85572 0.04011
15.20000 -63.85795 0.04485
15.25000 -63.85506 0.03253
15.30000 -63.85561 0.03546
15.35000 -63.85426 0.03298
15.40000 -63.85604 0.03410
15.45000 -63.84998 0.03146
15.50000 -63.84966 0.02452
15.55000 -63.85030 0.02414
15.60000 -63.84995 0.02914
15.65000 -63.85122 0.02755
15.70000 -63.85616 0.03194
15.75000 -63.85069 0.02467
15.80000 -63.85325 0.02613
15.85000 -63.84898 0.02128
15.90000 -63.84972 0.03152
15.95000 -63.85420 0.03635
16.00000 -63.84979 0.02302
16.05000 -63.85243 0.02687
16.10000 -63.85039 0.02669
16.15000 -63.84868 0.02000
16.20000 -63.84689 0.01985
16.25000 -63.84865 0.01569
16.30000 -63.84527 0.00889
16.35000 -63.84181 0.01243
16.40000 -63.83815 0.00903
16.45000 -63.83750 0.01351
16.50000 -63.83622 0.01870
16.55000 -63.82736 0.02831
16.60000 -63.82878 0.02779
16.65000 -63.82770 0.02966
16.70000 -63.82307 0.03299
16.75000 -63.82563 0.03229
16.80000 -63.82616 0.03188
16.85000 -63.82629 0.02726
16.90000 -63.83085 0.02385
16.95000 -63.83426 0.01881
17.00000 -63.83382 0.02003
17.05000 -63.83663 0.01464
17.10000 -63.83886 0.01111
17.15000 -63.83964 0.01349
17.20000 -63.84315 0.01308
17.25000 -63.84453 0.01077
17.30000 -63.84643 0.01317
17.35000 -63.85009 0.01582
17.40000 -63.84769 0.01498
17.45000 -63.84953 0.01729
17.50000 -63.84656 0.01267
17.55000 -63.84353 0.01215
17.60000 -63.84542 0.01145
17.65000 -63.84621 0.01240
17.70000 -63.84134 0.01190
17.75000 -63.84269 0.01244
17.80000 -63.84006 0.01206
17.85000 -63.84262 0.02240
17.90000 -63.83878 0.01813
17.95000 -63.83759 0.01995
18.00000 -63.84018 0.01661
18.05000 -63.84209 0.01589
18.10000 -63.84511 0.01163
18.15000 -63.84226 0.01355
18.20000 -63.84335 0.01353
18.25000 -63.84337 0.01527
18.30000 -63.84724 0.01388
18.35000 -63.84571 0.01440
18.40000 -63.84692 0.01475
18.45000 -63.84707 0.01763
18.50000 -63.84911 0.01463
18.55000 -63.84887 0.01278
18.60000 -63.84664 0.01811
18.65000 -63.84509 0.02703
18.70000 -63.84477 0.02710
18.75000 -63.84824 0.02562
18.80000 -63.84195 0.03678
18.85000 -63.84298 0.03429
18.90000 -63.84281 0.04351
18.95000 -63.84499 0.04023
19.00000 -63.84119 0.03347
19.05000 -63.84312 0.03167
19.10000 -63.84099 0.03296
19.15000 -63.84115 0.04010
19.20000 -63.84255 0.03575
19.25000 -63.84657 0.02196
19.30000 -63.84878 0.01864
19.35000 -63.84933 0.02752
19.40000 -63.84619 0.03807
19.45000 -63.84815 0.04118
19.50000 -63.84697 0.04533
19.55000 -63.84835 0.03962
19.60000 -63.84318 0.04197
19.65000 -63.84572 0.04989
19.70000 -63.84528 0.04416
19.75000 -63.84389 0.05304
19.80000 -63.84160 0.05411
19.85000 -63.84193 0.04808
19.90000 -63.84592 0.05175
19.95000 -63.84553 0.05926
20.00000 -63.84594 0.05697
20.05000 -63.85003 0.05440
20.10000 -63.84835 0.04971
20.15000 -63.84973 0.06298
20.20000 -63.85143 0.05626
20.25000 -63.84749 0.03865
20.30000 -63.85175 0.03473
20.35000 -63.85285 0.02837
20.40000 -63.84817 0.03031
20.45000 -63.85118 0.02722
20.50000 -63.84893 0.02929
20.55000 -63.84915 0.02529
20.60000 -63.84261 0.02460
20.65000 -63.84279 0.02321
20.70000 -63.83987 0.02931
20.75000 -63.84507 0.03409
20.80000 -63.84555 0.02461
20.85000 -63.84924 0.02301
20.90000 -63.84703 0.02061
20.95000 -63.85086 0.02807
21.00000 -63.85201 0.02926
21.05000 -63.85645 0.02548
21.10000 -63.86112 0.02832
21.15000 -63.85473 0.03276
21.20000 -63.85848 0.03149
21.25000 -63.86221 0.03652
21.30000 -63.86290 0.03615
21.35000 -63.86754 0.04259
21.40000 -63.86538 0.03953
21.45000 -63.86651 0.04119
21.50000 -63.86803 0.04796
21.55000 -63.86904 0.04789
21.60000 -63.86676 0.04560
21.65000 -63.87100 0.05434
21.70000 -63.86934 0.05006
21.75000 -63.87134 0.05591
21.80000 -63.87090 0.05767
21.85000 -63.87202 0.05965
21.90000 -63.86929 0.05494
21.95000 -63.87008 0.05841
22.00000 -63.87008 0.06355
22.05000 -63.86843 0.06136
22.10000 -63.86801 0.05889
22.15000 -63.86680 0.05916
22.20000 -63.86310 0.05270
22.25000 -63.86730 0.05510
22.30000 -63.86329 0.05341
22.35000 -63.86539 0.06104
22.40000 -63.86404 0.06398
22.45000 -63.86166 0.05214
22.50000 -63.86682 0.05251
22.55000 -63.86645 0.05470
22.60000 -63.86525 0.05279
22.65000 -63.86517 0.05009
22.70000 -63.86663 0.04705
22.75000 -63.86545 0.03862
22.80000 -63.86531 0.04372
22.85000 -63.86390 0.03700
22.90000 -63.86977 0.04273
22.95000 -63.87439 0.04613
23.00000 -63.87518 0.04593
23.05000 -63.87992 0.05107
23.10000 -63.87453 0.04444
23.15000 -63.88020 0.05181
23.20000 -63.87827 0.05256
23.25000 -63.87545 0.05087
23.30000 -63.88069 0.05553
23.35000 -63.87977 0.05600
23.40000 -63.87814 0.04937
23.45000 -63.87781 0.04971
23.50000 -63.87733 0.04868
23.55000 -63.87384 0.04648
23.60000 -63.87392 0.04404
23.65000 -63.86922 0.03623
23.70000 -63.87131 0.03708
23.75000 -63.86918 0.03544
23.80000 -63.86132 0.03301
23.85000 -63.85830 0.03127
23.90000 -63.85447 0.02811
23.95000 -63.85488 0.02920
24.00000 -63.84590 0.02529
24.05000 -63.84582 0.02153
24.10000 -63.84219 0.03314
24.15000 -63.84165 0.02750
24.20000 -63.84192 0.02614
24.25000 -63.84114 0.03171
24.30000 -63.83782 0.03514
24.35000 -63.84397 0.03607
24.40000 -63.84363 0.03414
24.45000 -63.84472 0.03528
24.50000 -63.84380 0.03527
24.55000 -63.84633 0.03556
24.60000 -63.84864 0.03242
24.65000 -63.84557 0.03142
24.70000 -63.84479 0.03691
24.75000 -63.84144 0.04401
24.80000 -63.83777 0.04606
24.85000 -63.83319 0.04528
24.90000 -63.82731 0.05215
24.95000 -63.82367 0.05904
25.00000 -63.82056 0.06511
25.05000 -63.80952 0.07593
25.10000 -63.80373 0.08317
25.15000 -63.79990 0.08566
25.20000 -63.79612 0.09357
25.25000 -63.79399 0.09609
25.30000 -63.79225 0.09999
25.35000 -63.79352 0.09603
25.40000 -63.79669 0.09089
25.45000 -63.79787 0.09151
25.50000 -63.79657 0.09149
25.55000 -63.80172 0.08322
25.60000 -63.79939 0.08757
25.65000 -63.79918 0.08757
25.70000 -63.79709 0.08992
25.75000 -63.79794 0.08703
25.80000 -63.80219 0.08182
25.85000 -63.80168 0.08864
25.90000 -63.80322 0.08425
25.95000 -63.80455 0.08592
26.00000 -63.80555 0.08440
26.05000 -63.80864 0.08079
26.10000 -63.80768 0.08382
26.15000 -63.80423 0.08769
26.20000 -63.80719 0.08498
26.25000 -63.81404 0.07572
26.30000 -63.81502 0.07701
26.35000 -63.81135 0.08041
26.40000 -63.81071 0.08038
26.45000 -63.81336 0.07256
26.50000 -63.81252 0.07552
26.55000 -63.80485 0.08373
26.60000 -63.80502 0.08194
26.65000 -63.80278 0.08520
26.70000 -63.80470 0.08513
26.75000 -63.80527 0.08233
26.80000 -63.80808 0.07992
26.85000 -63.80457 0.08711
26.90000 -63.80660 0.08827
26.95000 -63.80555 0.08891
27.00000 -63.80930 0.08226
27.05000 -63.80506 0.08938
27.10000 -63.80402 0.09337
27.15000 -63.80792 0.08731
27.20000 -63.81311 0.07869
27.25000 -63.81689 0.07218
27.30000 -63.81269 0.07951
27.35000 -63.81062 0.08318
27.40000 -63.81258 0.07592
27.45000 -63.81238 0.07617
27.50000 -63.81336 0.07324
27.55000 -63.81679 0.06571
27.60000 -63.81633 0.06412
27.65000 -63.82241 0.04983
27.70000 -63.81759 0.05865
27.75000 -63.82459 0.04405
27.80000 -63.82236 0.04673
27.85000 -63.82490 0.04178
27.90000 -63.82620 0.03664
27.95000 -63.82926 0.02983
28.00000 -63.83222 0.02759
28.05000 -63.83357 0.02180
28.10000 -63.83703 0.01573
28.15000 -63.83458 0.02817
28.20000 -63.83869 0.01972
28.25000 -63.83901 0.01428
28.30000 -63.83901 0.01497
28.35000 -63.84632 0.01729
28.40000 -63.84169 0.01742
28.45000 -63.84484 0.01135
28.50000 -63.84372 0.01327
28.55000 -63.84815 0.01158
28.60000 -63.84613 0.01133
28.65000 -63.84652 0.00870
28.70000 -63.85146 0.00920
28.75000 -63.85242 0.00988
28.80000 -63.85291 0.01150
28.85000 -63.85522 0.01572
28.90000 -63.85595 0.01814
28.95000 -63.85791 0.02080
29.00000 -63.85914 0.02227
29.05000 -63.85828 0.02535
29.10000 -63.86083 0.02825
29.15000 -63.86221 0.02884
29.20000 -63.86471 0.03603
29.25000 -63.87058 0.04077
29.30000 -63.86808 0.03677
29.35000 -63.87017 0.03766
29.40000 -63.86912 0.03438
29.45000 -63.86878 0.03603
29.50000 -63.87036 0.04104
29.55000 -63.87652 0.04654
29.60000 -63.87566 0.04477
29.65000 -63.87958 0.05019
29.70000 -63.88306 0.05567
29.75000 -63.88611 0.05994
29.80000 -63.88773 0.06160
29.85000 -63.88878 0.06524
29.90000 -63.88777 0.06254
29.95000 -63.88510 0.05789
30.00000 -63.87986 0.05366
30.05000 -63.88397 0.05899
30.10000 -63.88303 0.05799
30.15000 -63.88369 0.06136
30.20000 -63.88178 0.05935
30.25000 -63.88446 0.06460
30.30000 -63.88635 0.06702
30.35000 -63.88185 0.06343
30.40000 -63.88163 0.06515
30.45000 -63.88127 0.06404
30.50000 -63.88481 0.07085
30.55000 -63.88030 0.06175
30.60000 -63.87753 0.05762
30.65000 -63.87770 0.05733
30.70000 -63.87332 0.04758
30.75000 -63.87007 0.04392
30.80000 -63.86871 0.04410
30.85000 -63.87027 0.04735
30.90000 -63.87357 0.05267
30.95000 -63.86860 0.04605
31.00000 -63.87091 0.05145
31.05000 -63.87334 0.05703
31.10000 -63.87084 0.05435
31.15000 -63.86810 0.05127
31.20000 -63.86663 0.04834
31.25000 -63.86786 0.04620
31.30000 -63.87096 0.05425
31.35000 -63.87083 0.05206
31.40000 -63.86862 0.05367
31.45000 -63.86793 0.05452
31.50000 -63.86634 0.05710
31.55000 -63.86662 0.05376
31.60000 -63.86373 0.05463
31.65000 -63.86350 0.05481
31.70000 -63.86588 0.05368
31.75000 -63.86493 0.04978
31.80000 -63.86150 0.03826
31.85000 -63.86285 0.03944
31.90000 -63.86774 0.04019
31.95000 -63.86591 0.03500
32.00000 -63.86136 0.02900
32.05000 -63.86045 0.02628
32.10000 -63.85724 0.02297
32.15000 -63.85855 0.02585
32.20000 -63.85990 0.02449
32.25000 -63.86136 0.02777
32.30000 -63.86033 0.02636
32.35000 -63.86058 0.02759
32.40000 -63.86765 0.03952
32.45000 -63.86399 0.03281
32.50000 -63.86191 0.03091
32.55000 -63.86186 0.02898
32.60000 -63.86025 0.03032
32.65000 -63.85633 0.02397
32.70000 -63.85612 0.02663
32.75000 -63.85595 0.02160
32.80000 -63.85656 0.02413
32.85000 -63.85935 0.02990
32.90000 -63.85269 0.02492
32.95000 -63.84959 0.01661
33.00000 -63.84915 0.01531
33.05000 -63.85053 0.01625
33.10000 -63.85326 0.01845
33.15000 -63.85237 0.01873
33.20000 -63.85027 0.02005
33.25000 -63.85520 0.01943
33.30000 -63.85680 0.01930
33.35000 -63.85997 0.02022
33.40000 -63.85937 0.02027
33.45000 -63.85998 0.02346
33.50000 -63.86194 0.02308
33.55000 -63.85689 0.02494
33.60000 -63.86209 0.02184
33.65000 -63.86547 0.02407
33.70000 -63.86490 0.02744
33.75000 -63.86264 0.02353
33.80000 -63.86353 0.02685
33.85000 -63.86251 0.02673
33.90000 -63.86566 0.02594
33.95000 -63.86498 0.02782
34.00000 -63.86968 0.03263
34.05000 -63.86985 0.03322
34.10000 -63.86597 0.03391
34.15000 -63.86547 0.03290
34.20000 -63.86894 0.03589
34.25000 -63.86774 0.03596
34.30000 -63.86675 0.03527
34.35000 -63.86947 0.03885
34.40000 -63.86906 0.03532
34.45000 -63.87550 0.04258
34.50000 -63.87049 0.04005
34.55000 -63.86990 0.04147
34.60000 -63.87181 0.04388
34.65000 -63.87644 0.05063
34.70000 -63.87446 0.04870
34.75000 -63.87108 0.04507
34.80000 -63.87197 0.04471
34.85000 -63.87233 0.04486
34.90000 -63.87142 0.04221
34.95000 -63.86707 0.03846
35.00000 -63.86450 0.03170
35.05000 -63.86665 0.03262
35.10000 -63.86119 0.03107
35.15000 -63.86428 0.03856
35.20000 -63.86534 0.03416
35.25000 -63.86330 0.03392
35.30000 -63.85872 0.03055
35.35000 -63.85817 0.02668
35.40000 -63.86148 0.03098
35.45000 -63.86048 0.03374
35.50000 -63.86527 0.03833
35.55000 -63.86148 0.03192
35.60000 -63.86027 0.03168
35.65000 -63.86148 0.03391
35.70000 -63.85842 0.03164
35.75000 -63.85827 0.03691
35.80000 -63.86050 0.03469
35.85000 -63.85973 0.03484
35.90000 -63.86490 0.04076
35.95000 -63.86330 0.03338
36.00000 -63.86331 0.03868
36.05000 -63.86782 0.04344
36.10000 -63.86847 0.04423
36.15000 -63.86768 0.04346
36.20000 -63.86347 0.03662
36.25000 -63.86586 0.03976
36.30000 -63.86737 0.04056
36.35000 -63.87445 0.05025
36.40000 -63.87604 0.05075
36.45000 -63.86973 0.04095
36.50000 -63.86866 0.04268
36.55000 -63.87242 0.04987
36.60000 -63.87659 0.05415
36.65000 -63.87801 0.05482
36.70000 -63.87397 0.05278
36.75000 -63.87366 0.04693
36.80000 -63.87338 0.05082
36.85000 -63.87443 0.05541
36.90000 -63.87390 0.05437
36.95000 -63.87544 0.06112
37.00000 -63.87149 0.04666
37.05000 -63.87223 0.05150
37.10000 -63.87009 0.05037
37.15000 -63.86285 0.03909
37.20000 -63.86398 0.03816
37.25000 -63.86405 0.04051
37.30000 -63.86424 0.03808
37.35000 -63.86416 0.03756
37.40000 -63.86034 0.02883
37.45000 -63.85836 0.02630
37.50000 -63.85427 0.01817
37.55000 -63.86114 0.02838
37.60000 -63.86155 0.03282
37.65000 -63.86096 0.02871
37.70000 -63.86399 0.03337
37.75000 -63.86127 0.03384
37.80000 -63.86273 0.03326
37.85000 -63.86682 0.04186
37.90000 -63.86414 0.03800
37.95000 -63.86589 0.03671
38.00000 -63.86549 0.04096
38.05000 -63.86662 0.03404
38.10000 -63.86770 0.03180
38.15000 -63.86790 0.03220
38.20000 -63.87463 0.04437
38.25000 -63.87415 0.04455
38.30000 -63.87305 0.04470
38.35000 -63.86898 0.04327
38.40000 -63.86778 0.04220
38.45000 -63.87102 0.04751
38.50000 -63.86899 0.04448
38.55000 -63.86970 0.04266
38.60000 -63.86886 0.04506
38.65000 -63.87009 0.05191
38.70000 -63.87090 0.04284
38.75000 -63.86990 0.04010
38.80000 -63.86648 0.03680
38.85000 -63.86667 0.03955
38.90000 -63.86282 0.02849
38.95000 -63.85765 0.03032
39.00000 -63.85306 0.02884
39.05000 -63.84615 0.02368
39.10000 -63.84422 0.03168
39.15000 -63.84090 0.03858
39.20000 -63.84208 0.03954
39.25000 -63.84286 0.03916
39.30000 -63.83666 0.05355
39.35000 -63.83343 0.05026
39.40000 -63.83544 0.04742
39.45000 -63.83219 0.05193
39.50000 -63.82830 0.05660
39.55000 -63.82871 0.05773
39.60000 -63.82825 0.05223
39.65000 -63.82642 0.05219
39.70000 -63.82646 0.04985
39.75000 -63.82437 0.05965
39.80000 -63.82309 0.05708
39.85000 -63.81931 0.07581
39.90000 -63.81576 0.07732
39.95000 -63.81735 0.08097
40.00000 -63.81330 0.08838
40.05000 -63.81407 0.09135
40.10000 -63.81481 0.09645
40.15000 -63.81487 0.09455
40.20000 -63.81492 0.09784
40.25000 -63.81746 0.09866
40.30000 -63.82138 0.09509
40.35000 -63.82003 0.10664
40.40000 -63.81794 0.10633
40.45000 -63.82202 0.10647
40.50000 -63.82498 0.10083
40.55000 -63.82460 0.10182
40.60000 -63.82263 0.10522
40.65000 -63.82238 0.10675
40.70000 -63.82468 0.09923
40.75000 -63.82123 0.09409
40.80000 -63.81686 0.09082
40.85000 -63.81118 0.08681
40.90000 -63.80891 0.08064
40.95000 -63.80298 0.08233
41.00000 -63.79736 0.08919
41.05000 -63.79276 0.09056
41.10000 -63.78672 0.09712
41.15000 -63.78500 0.09998
41.20000 -63.78158 0.10582
41.25000 -63.77539 0.11051
41.30000 -63.77059 0.11983
41.35000 -63.77031 0.11765
41.40000 -63.76976 0.11838
41.45000 -63.76653 0.12312
41.50000 -63.77378 0.11062
41.55000 -63.77276 0.11267
41.60000 -63.77631 0.10909
41.65000 -63.77616 0.11124
41.70000 -63.77512 0.11206
41.75000 -63.77599 0.10649
41.80000 -63.77841 0.10473
41.85000 -63.78531 0.09440
41.90000 -63.78350 0.09706
41.95000 -63.78844 0.08864
42.00000 -63.79104 0.08722
42.05000 -63.78992 0.08688
42.10000 -63.79968 0.06939
42.15000 -63.80523 0.06362
42.20000 -63.80306 0.06609
42.25000 -63.81293 0.05104
42.30000 -63.81269 0.05053
42.35000 -63.81685 0.04411
42.40000 -63.81778 0.03971
42.45000 -63.82251 0.03313
42.50000 -63.82188 0.03489
42.55000 -63.82449 0.03119
42.60000 -63.82710 0.02462
42.65000 -63.82803 0.02260
42.70000 -63.82532 0.02790
42.75000 -63.83258 0.01601
42.80000 -63.83228 0.01867
42.85000 -63.83123 0.01896
42.90000 -63.83545 0.01875
42.95000 -63.83770 0.00969
43.00000 -63.84042 0.01020
43.05000 -63.84427 0.01073
43.10000 -63.84525 0.01385
43.15000 -63.84821 0.01544
43.20000 -63.85122 0.02024
43.25000 -63.85263 0.02282
43.30000 -63.85239 0.02040
43.35000 -63.85848 0.02859
43.40000 -63.86005 0.03070
43.45000 -63.85830 0.03083
43.50000 -63.85599 0.02716
43.55000 -63.86255 0.03369
43.60000 -63.86843 0.04141
43.65000 -63.86176 0.02982
43.70000 -63.86170 0.02854
43.75000 -63.86130 0.02935
43.80000 -63.86559 0.03444
43.85000 -63.87604 0.05091
43.90000 -63.87302 0.04531
43.95000 -63.87001 0.03754
44.00000 -63.87794 0.05232
44.05000 -63.87902 0.05369
44.10000 -63.87809 0.05200
44.15000 -63.87756 0.05145
44.20000 -63.87515 0.04729
44.25000 -63.87978 0.05682
44.30000 -63.87594 0.05251
44.35000 -63.87541 0.05035
44.40000 -63.87951 0.05398
44.45000 -63.88011 0.05556
44.50000 -63.87849 0.05206
44.55000 -63.87984 0.05418
44.60000 -63.88210 0.05499
44.65000 -63.88081 0.05190
44.70000 -63.87612 0.04428
44.75000 -63.87141 0.03548
44.80000 -63.87211 0.03882
44.85000 -63.86734 0.03271
44.90000 -63.87353 0.04592
44.95000 -63.86874 0.04125
45.00000 -63.87183 0.04187
45.05000 -63.86865 0.03835
45.10000 -63.87227 0.04418
45.15000 -63.86710 0.03347
45.20000 -63.86635 0.03676
45.25000 -63.86799 0.03448
45.30000 -63.86598 0.02911
45.35000 -63.86697 0.02945
45.40000 -63.86593 0.02844
45.45000 -63.87158 0.03671
45.50000 -63.87445 0.04139
45.55000 -63.88275 0.05411
45.60000 -63.87953 0.05101
45.65000 -63.88208 0.05587
45.70000 -63.88330 0.05769
45.75000 -63.88392 0.05578
45.80000 -63.88493 0.06164
45.85000 -63.88266 0.05717
45.90000 -63.88399 0.05755
45.95000 -63.87611 0.04464
46.00000 -63.87858 0.04808
46.05000 -63.87609 0.04439
46.10000 -63.87038 0.03609
46.15000 -63.86995 0.03743
46.20000 -63.87162 0.03673
46.25000 -63.87392 0.04368
46.30000 -63.87265 0.04244
46.35000 -63.87009 0.03571
46.40000 -63.87379 0.04665
46.45000 -63.87144 0.04822
46.50000 -63.87475 0.05081
46.55000 -63.87433 0.05524
46.60000 -63.86850 0.05655
46.65000 -63.86685 0.05720
46.70000 -63.86414 0.05608
46.75000 -63.86381 0.05910
46.80000 -63.86616 0.05871
46.85000 -63.86854 0.06462
46.90000 -63.86382 0.05544
46.95000 -63.86176 0.05256
47.00000 -63.85925 0.04638
47.05000 -63.86020 0.03997
47.10000 -63.85691 0.02734
47.15000 -63.85844 0.02779
47.20000 -63.85344 0.02243
47.25000 -63.85040 0.02118
47.30000 -63.84420 0.01657
47.35000 -63.84399 0.01863
47.40000 -63.84702 0.01920
47.45000 -63.84683 0.02046
47.50000 -63.84733 0.02275
47.55000 -63.85021 0.02522
47.60000 -63.84730 0.02842
47.65000 -63.85138 0.03124
47.70000 -63.85706 0.03080
47.75000 -63.85076 0.02783
47.80000 -63.85466 0.02738
47.85000 -63.85608 0.03443
47.90000 -63.86365 0.03671
47.95000 -63.85990 0.03266
48.00000 -63.86361 0.03344
48.05000 -63.86043 0.02878
48.10000 -63.86246 0.02836
48.15000 -63.85587 0.02131
48.20000 -63.85666 0.02026
48.25000 -63.86190 0.02627
48.30000 -63.86180 0.02552
48.35000 -63.86345 0.02482
48.40000 -63.86419 0.02621
48.45000 -63.86484 0.02252
48.50000 -63.86576 0.02263
48.55000 -63.86636 0.02442
48.60000 -63.86737 0.02190
48.65000 -63.86794 0.02251
48.70000 -63.86476 0.01975
48.75000 -63.86521 0.02430
48.80000 -63.86062 0.01683
48.85000 -63.85996 0.02019
48.90000 -63.86022 0.02046
48.95000 -63.86178 0.02056
49.00000 -63.86029 0.01906
49.05000 -63.86113 0.02148
49.10000 -63.85598 0.02753
49.15000 -63.85600 0.01872
49.20000 -63.85820 0.01369
49.25000 -63.85927 0.01964
49.30000 -63.86245 0.01962
49.35000 -63.86012 0.02073
49.40000 -63.85740 0.01214
49.45000 -63.85660 0.02186
49.50000 -63.85763 0.02082
49.55000 -63.85824 0.02359
49.60000 -63.85446 0.02074
49.65000 -63.85287 0.01843
49.70000 -63.85401 0.02398
49.75000 -63.85736 0.01807
49.80000 -63.85783 0.01959
49.85000 -63.85937 0.01855
49.90000 -63.86682 0.03052
49.95000 -63.86030 0.01845
50.00000 -63.86437 0.02481
50.05000 -63.86487 0.02616
50.10000 -63.86490 0.02784
50.15000 -63.86520 0.02878
50.20000 -63.86430 0.03277
50.25000 -63.86235 0.03581
50.30000 -63.86674 0.03913
50.35000 -63.86384 0.03782
50.40000 -63.86501 0.04459
50.45000 -63.86133 0.04120
50.50000 -63.86165 0.03938
50.55000 -63.85821 0.03447
50.60000 -63.85439 0.01270
50.65000 -63.85127 0.01021
50.70000 -63.84581 0.01114
50.75000 -63.84520 0.01239
50.80000 -63.83956 0.02604
50.85000 -63.84131 0.03112
50.90000 -63.83778 0.03674
50.95000 -63.84071 0.02893
51.00000 -63.84006 0.02538
51.05000 -63.84313 0.03676
51.10000 -63.84417 0.04384
51.15000 -63.84390 0.03545
51.20000 -63.84670 0.02923
51.25000 -63.84764 0.03242
51.30000 -63.84592 0.03894
51.35000 -63.84873 0.04128
51.40000 -63.84427 0.04275
51.45000 -63.84328 0.04758
51.50000 -63.84370 0.04955
51.55000 -63.84065 0.05473
51.60000 -63.83606 0.05999
51.65000 -63.83510 0.06040
51.70000 -63.84090 0.05219
51.75000 -63.83946 0.04512
51.80000 -63.83938 0.04207
51.85000 -63.84396 0.04004
51.90000 -63.84416 0.03898
51.95000 -63.83877 0.04484
52.00000 -63.83897 0.04831
52.05000 -63.83695 0.04492
52.10000 -63.83707 0.04134
52.15000 -63.83653 0.03938
52.20000 -63.83941 0.03780
52.25000 -63.83656 0.03954
52.30000 -63.83805 0.03719
52.35000 -63.83874 0.03385
52.40000 -63.83424 0.03994
52.45000 -63.83361 0.03543
52.50000 -63.83352 0.03726
52.55000 -63.84057 0.03043
52.60000 -63.83675 0.03461
52.65000 -63.83949 0.02804
52.70000 -63.84062 0.02822
52.75000 -63.84393 0.03085
52.80000 -63.84409 0.02593
52.85000 -63.84682 0.01938
52.90000 -63.84778 0.01898
52.95000 -63.84928 0.01931
53.00000 -63.85317 0.01943
53.05000 -63.85400 0.01732
53.10000 -63.85103 0.02264
53.15000 -63.85562 0.02758
53.20000 -63.85275 0.02192
53.25000 -63.85584 0.02180
53.30000 -63.85312 0.02160
53.35000 -63.85284 0.03190
53.40000 -63.85161 0.02356
53.45000 -63.85459 0.02432
53.50000 -63.85349 0.02524
53.55000 -63.86103 0.03618
53.60000 -63.86036 0.03320
53.65000 -63.86219 0.03508
53.70000 -63.85584 0.03074
53.75000 -63.85883 0.03171
53.80000 -63.86103 0.03771
53.85000 -63.86192 0.04352
53.90000 -63.86168 0.05065
53.95000 -63.85978 0.04616
54.00000 -63.86369 0.05296
54.05000 -63.86478 0.05351
54.10000 -63.86333 0.05598
54.15000 -63.86818 0.06137
54.20000 -63.87146 0.06690
54.25000 -63.87111 0.06181
54.30000 -63.87412 0.06320
54.35000 -63.87404 0.07199
54.40000 -63.87553 0.07452
54.45000 -63.87809 0.07702
54.50000 -63.87579 0.07759
54.55000 -63.87447 0.07325
54.60000 -63.87250 0.07023
54.65000 -63.87943 0.07725
54.70000 -63.88080 0.07884
54.75000 -63.87328 0.06964
54.80000 -63.87224 0.06856
54.85000 -63.87188 0.06763
54.90000 -63.86612 0.05839
54.95000 -63.86983 0.06483
55.00000 -63.86048 0.05180
55.05000 -63.86333 0.05548
55.10000 -63.86497 0.05450
55.15000 -63.86485 0.05418
55.20000 -63.86638 0.06106
55.25000 -63.86982 0.06255
55.30000 -63.86944 0.06404
55.35000 -63.86847 0.05920
55.40000 -63.86510 0.05204
55.45000 -63.86812 0.05611
55.50000 -63.87274 0.06377
55.55000 -63.87099 0.06267
55.60000 -63.87381 0.06712
55.65000 -63.86719 0.05262
55.70000 -63.87414 0.06329
55.75000 -63.87229 0.05811
55.80000 -63.87578 0.06478
55.85000 -63.87301 0.06293
55.90000 -63.87509 0.06491
55.95000 -63.87312 0.06663
56.00000 -63.87306 0.06619
56.05000 -63.87402 0.06768
56.10000 -63.86838 0.06047
56.15000 -63.86311 0.05482
56.20000 -63.86375 0.05936
56.25000 -63.86335 0.05903
56.30000 -63.86240 0.05469
56.35000 -63.86164 0.05505
56.40000 -63.86225 0.05661
56.45000 -63.85833 0.05387
56.50000 -63.86363 0.06388
56.55000 -63.85912 0.06018
56.60000 -63.85446 0.05308
56.65000 -63.85762 0.05800
56.70000 -63.85598 0.04597
56.75000 -63.86233 0.06077
56.80000 -63.86642 0.06195
56.85000 -63.86336 0.06128
56.90000 -63.86491 0.06654
56.95000 -63.86941 0.07673
57.00000 -63.87134 0.07629
57.05000 -63.87202 0.07402
57.10000 -63.86776 0.07218
57.15000 -63.87045 0.07523
57.20000 -63.86530 0.06897
57.25000 -63.86216 0.06211
57.30000 -63.86261 0.06103
57.35000 -63.86121 0.05875
57.40000 -63.86621 0.05965
57.45000 -63.86676 0.06706
57.50000 -63.86343 0.05389
57.55000 -63.85956 0.04473
57.60000 -63.85948 0.04042
57.65000 -63.85540 0.02927
57.70000 -63.85093 0.02242
57.75000 -63.85095 0.02349
57.80000 -63.84798 0.02289
57.85000 -63.84466 0.01523
57.90000 -63.84194 0.02125
57.95000 -63.84020 0.02370
58.00000 -63.83744 0.02777
58.05000 -63.83688 0.03038
58.10000 -63.84172 0.03169
58.15000 -63.83390 0.03400
58.20000 -63.83528 0.03260
58.25000 -63.83625 0.03362
58.30000 -63.83838 0.02675
58.35000 -63.83782 0.02436
58.40000 -63.83498 0.02788
58.45000 -63.83012 0.03245
58.50000 -63.83208 0.03144
58.55000 -63.83307 0.02870
58.60000 -63.82995 0.03540
58.65000 -63.83036 0.03247
58.70000 -63.83093 0.03320
58.75000 -63.82976 0.03154
58.80000 -63.83060 0.03052
58.85000 -63.83719 0.02343
58.90000 -63.83760 0.01865
58.95000 -63.83880 0.01553
59.00000 -63.84043 0.01205
59.05000 -63.84180 0.01205
59.10000 -63.84643 0.01101
59.15000 -63.84938 0.01146
59.20000 -63.85207 0.01422
59.25000 -63.85774 0.02582
59.30000 -63.85919 0.02781
59.35000 -63.86268 0.03051
59.40000 -63.86188 0.02762
59.45000 -63.86185 0.03012
59.50000 -63.86334 0.03707
59.55000 -63.86433 0.04109
59.60000 -63.86263 0.03933
59.65000 -63.85965 0.04029
59.70000 -63.86390 0.04354
59.75000 -63.86019 0.04754
59.80000 -63.86269 0.04254
59.85000 -63.86450 0.04304
59.90000 -63.86403 0.04147
59.95000 -63.86259 0.04274
60.00000 -63.85867 0.03328
60.05000 -63.85204 0.02733
60.10000 -63.86057 0.04042
60.15000 -63.85640 0.03315
60.20000 -63.85691 0.03397
60.25000 -63.85344 0.02602
60.30000 -63.85189 0.02730
60.35000 -63.85006 0.02299
60.40000 -63.84771 0.02159
60.45000 -63.84393 0.01665
60.50000 -63.84017 0.02560
60.55000 -63.84241 0.03269
60.60000 -63.83781 0.03362
60.65000 -63.83692 0.03386
60.70000 -63.83916 0.02995
60.75000 -63.83894 0.03520
60.80000 -63.84442 0.02705
60.85000 -63.84246 0.03230
60.90000 -63.84195 0.02255
60.95000 -63.83632 0.02478
61.00000 -63.83438 0.03070
61.05000 -63.84079 0.01943
61.10000 -63.84152 0.01720
61.15000 -63.83987 0.01944
61.20000 -63.83664 0.02765
61.25000 -63.83679 0.02563
61.30000 -63.83695 0.02833
61.35000 -63.83637 0.03073
61.40000 -63.83798 0.02629
61.45000 -63.83596 0.04304
61.50000 -63.83742 0.03647
61.55000 -63.84024 0.03441
61.60000 -63.83902 0.03283
61.65000 -63.83847 0.03268
61.70000 -63.83943 0.03621
61.75000 -63.83871 0.03332
61.80000 -63.84311 0.03278
61.85000 -63.84436 0.04299
61.90000 -63.84062 0.03740
61.95000 -63.84336 0.03719
62.00000 -63.84268 0.03893
62.05000 -63.84867 0.04093
62.10000 -63.84375 0.03344
62.15000 -63.84309 0.03680
62.20000 -63.83968 0.03818
62.25000 -63.84133 0.03644
62.30000 -63.84559 0.03627
62.35000 -63.84662 0.04177
62.40000 -63.84836 0.04564
62.45000 -63.84771 0.04464
62.50000 -63.84953 0.04103
62.55000 -63.84822 0.04871
62.60000 -63.84830 0.05667
62.65000 -63.85208 0.04729
62.70000 -63.85229 0.04795
62.75000 -63.85730 0.04936
62.80000 -63.85410 0.05764
62.85000 -63.85532 0.05901
62.90000 -63.85742 0.06457
62.95000 -63.85298 0.05752
63.00000 -63.85713 0.05983
63.05000 -63.85803 0.05980
63.10000 -63.85958 0.05489
63.15000 -63.85532 0.04395
63.20000 -63.85744 0.03626
63.25000 -63.86043 0.02811
63.30000 -63.86629 0.03447
63.35000 -63.86447 0.03136
63.40000 -63.86387 0.02773
63.45000 -63.86727 0.03143
63.50000 -63.86248 0.02456
63.55000 -63.86285 0.02527
63.60000 -63.86089 0.02074
63.65000 -63.85993 0.02183
63.70000 -63.86178 0.02931
63.75000 -63.85858 0.02695
63.80000 -63.85899 0.02684
63.85000 -63.85739 0.02731
63.90000 -63.85956 0.03107
63.95000 -63.86257 0.02613
64.00000 -63.85911 0.02312
64.05000 -63.85834 0.02524
64.10000 -63.85557 0.03169
64.15000 -63.85968 0.03074
64.20000 -63.85853 0.03001
64.25000 -63.86057 0.03627
64.30000 -63.86250 0.02907
64.35000 -63.86067 0.03646
64.40000 -63.85820 0.03238
64.45000 -63.85639 0.03134
64.50000 -63.85229 0.03557
64.55000 -63.84548 0.04046
64.60000 -63.84228 0.05775
64.65000 -63.84402 0.05438
64.70000 -63.83906 0.05354
64.75000 -63.83375 0.06003
64.80000 -63.83447 0.05956
64.85000 -63.83384 0.05430
64.90000 -63.83794 0.04985
64.95000 -63.83313 0.05436
65.00000 -63.83595 0.04789
65.05000 -63.83551 0.04711
65.10000 -63.83008 0.05474
65.15000 -63.83374 0.04877
65.20000 -63.83666 0.04008
65.25000 -63.83678 0.04256
65.30000 -63.83630 0.04075
65.35000 -63.83339 0.04320
65.40000 -63.83157 0.05061
65.45000 -63.83706 0.03752
65.50000 -63.83435 0.04131
65.55000 -63.83434 0.04363
65.60000 -63.83504 0.03197
65.65000 -63.83813 0.02787
65.70000 -63.83376 0.03171
65.75000 -63.84150 0.01747
65.80000 -63.83862 0.02110
65.85000 -63.84025 0.01905
65.90000 -63.84212 0.02068
65.95000 -63.84010 0.02279
66.00000 -63.83739 0.02519
66.05000 -63.83828 0.02386
66.10000 -63.84346 0.03197
66.15000 -63.83868 0.02768
66.20000 -63.84269 0.02580
66.25000 -63.84010 0.02405
66.30000 -63.84384 0.02032
66.35000 -63.84130 0.01835
66.40000 -63.84570 0.01520
66.45000 -63.84396 0.01954
66.50000 -63.84840 0.01449
66.55000 -63.84831 0.01552
66.60000 -63.84581 0.01808
66.65000 -63.84464 0.01868
66.70000 -63.84623 0.02431
66.75000 -63.84947 0.02981
66.80000 -63.85006 0.02507
66.85000 -63.84695 0.02760
66.90000 -63.84671 0.02812
66.95000 -63.84938 0.03003
67.00000 -63.85208 0.04017
67.05000 -63.85275 0.04411
67.10000 -63.85204 0.05268
67.15000 -63.85099 0.04512
67.20000 -63.85454 0.05535
67.25000 -63.85282 0.05961
67.30000 -63.85320 0.05318
67.35000 -63.85687 0.06032
67.40000 -63.85438 0.05884
67.45000 -63.85507 0.05728
67.50000 -63.85934 0.06128
67.55000 -63.85729 0.04650
67.60000 -63.85684 0.04590
67.65000 -63.85613 0.03460
67.70000 -63.85240 0.02426
67.75000 -63.84456 0.01804
67.80000 -63.84505 0.02188
67.85000 -63.84525 0.01482
67.90000 -63.84064 0.01595
67.95000 -63.83628 0.01605
68.00000 -63.83606 0.01943
68.05000 -63.83955 0.01675
68.10000 -63.83608 0.01864
68.15000 -63.83602 0.01828
68.20000 -63.83608 0.01953
68.25000 -63.83322 0.02100
68.30000 -63.83492 0.01934
68.35000 -63.83631 0.01913
68.40000 -63.83749 0.02005
68.45000 -63.83261 0.02457
68.50000 -63.83672 0.01812
68.55000 -63.83419 0.02219
68.60000 -63.83402 0.02524
68.65000 -63.84022 0.02291
68.70000 -63.83675 0.03185
68.75000 -63.84456 0.03077
68.80000 -63.84551 0.02368
68.85000 -63.85026 0.02576
68.90000 -63.85065 0.02223
68.95000 -63.85666 0.03269
69.00000 -63.85147 0.02503
69.05000 -63.85571 0.02987
69.10000 -63.85777 0.02930
69.15000 -63.86047 0.03265
69.20000 -63.86059 0.03146
69.25000 -63.86552 0.03910
69.30000 -63.86222 0.03466
69.35000 -63.86239 0.03690
69.40000 -63.86222 0.03626
69.45000 -63.86172 0.03659
69.50000 -63.85712 0.03337
69.55000 -63.85896 0.03591
69.60000 -63.85861 0.03559
69.65000 -63.85602 0.03457
69.70000 -63.85332 0.04003
69.75000 -63.85346 0.04382
69.80000 -63.85107 0.03602
69.85000 -63.84824 0.04080
69.90000 -63.84241 0.04309
69.95000 -63.83707 0.03543
70.00000 -63.83942 0.03448
70.05000 -63.83932 0.03531
70.10000 -63.84208 0.03130
70.15000 -63.83975 0.02519
70.20000 -63.83517 0.02905
70.25000 -63.83774 0.02930
70.30000 -63.83819 0.03714
70.35000 -63.84400 0.02484
70.40000 -63.84401 0.01896
70.45000 -63.83847 0.02436
70.50000 -63.84854 0.02643
70.55000 -63.84847 0.02615
70.60000 -63.84318 0.02052
70.65000 -63.84544 0.01942
70.70000 -63.84552 0.01908
70.75000 -63.85256 0.02281
70.80000 -63.84977 0.02423
70.85000 -63.84542 0.02612
70.90000 -63.84603 0.02445
70.95000 -63.85091 0.02712
71.00000 -63.84496 0.03073
71.05000 -63.84687 0.03378
71.10000 -63.84502 0.02345
71.15000 -63.84543 0.02889
71.20000 -63.84292 0.02646
71.25000 -63.84568 0.02627
71.30000 -63.84703 0.02673
71.35000 -63.84836 0.01889
71.40000 -63.84994 0.02407
71.45000 -63.85094 0.02705
71.50000 -63.85007 0.01851
71.55000 -63.85037 0.01497
71.60000 -63.85151 0.02165
71.65000 -63.85203 0.01835
71.70000 -63.85283 0.01222
71.75000 -63.85589 0.01329
71.80000 -63.85823 0.02235
71.85000 -63.85916 0.02179
71.90000 -63.85947 0.02411
71.95000 -63.85943 0.02233
72.00000 -63.86363 0.02562
72.05000 -63.86619 0.02687
72.10000 -63.87130 0.03414
72.15000 -63.86870 0.02932
72.20000 -63.87861 0.04394
72.25000 -63.87571 0.04072
72.30000 -63.88096 0.04842
72.35000 -63.88204 0.04924
72.40000 -63.88282 0.05174
72.45000 -63.88630 0.05586
72.50000 -63.88944 0.06049
72.55000 -63.88671 0.06048
72.60000 -63.89013 0.06103
72.65000 -63.89091 0.06078
72.70000 -63.89165 0.06048
72.75000 -63.89270 0.06283
72.80000 -63.89300 0.06272
72.85000 -63.89503 0.06699
72.90000 -63.89403 0.06716
72.95000 -63.89582 0.07289
73.00000 -63.88968 0.06567
73.05000 -63.89581 0.07451
73.10000 -63.89725 0.07907
73.15000 -63.89264 0.07128
73.20000 -63.89379 0.07246
73.25000 -63.89376 0.07295
73.30000 -63.88799 0.07066
73.35000 -63.88769 0.07070
73.40000 -63.88124 0.06361
73.45000 -63.88202 0.06497
73.50000 -63.87565 0.05174
73.55000 -63.87477 0.05645
73.60000 -63.87195 0.05146
73.65000 -63.86972 0.05517
73.70000 -63.86761 0.05214
73.75000 -63.87327 0.05288
73.80000 -63.86628 0.04799
73.85000 -63.86822 0.04934
73.90000 -63.86608 0.04652
73.95000 -63.86397 0.04390
74.00000 -63.86145 0.03967
74.05000 -63.86002 0.03691
74.10000 -63.86474 0.04271
74.15000 -63.86300 0.03690
74.20000 -63.86275 0.03712
74.25000 -63.86554 0.04437
74.30000 -63.85970 0.03403
74.35000 -63.85749 0.03174
74.40000 -63.85781 0.03525
74.45000 -63.86475 0.04089
74.50000 -63.86426 0.04102
74.55000 -63.86184 0.03472
74.60000 -63.86076 0.03594
74.65000 -63.86672 0.04259
74.70000 -63.87188 0.05116
74.75000 -63.87487 0.05858
74.80000 -63.87525 0.05920
74.85000 -63.87485 0.05489
74.90000 -63.87282 0.05162
74.95000 -63.87661 0.05972
75.00000 -63.87956 0.06533
75.05000 -63.87894 0.06531
75.10000 -63.87914 0.06908
75.15000 -63.88726 0.07787
75.20000 -63.88411 0.07107
75.25000 -63.88320 0.07130
75.30000 -63.88601 0.07197
75.35000 -63.88768 0.07752
75.40000 -63.89002 0.07867
75.45000 -63.88702 0.07415
75.50000 -63.88195 0.06657
75.55000 -63.88590 0.07395
75.60000 -63.88144 0.06657
75.65000 -63.88670 0.07567
75.70000 -63.88741 0.07623
75.75000 -63.89016 0.08086
75.80000 -63.88973 0.07993
75.85000 -63.88661 0.07399
75.90000 -63.89049 0.07915
75.95000 -63.89154 0.08311
76.00000 -63.88928 0.07818
76.05000 -63.88675 0.07621
76.10000 -63.88695 0.07464
76.15000 -63.88723 0.07595
76.20000 -63.89212 0.08426
76.25000 -63.89746 0.09289
76.30000 -63.89188 0.08370
76.35000 -63.89146 0.08394
76.40000 -63.88865 0.08049
76.45000 -63.89649 0.09177
76.50000 -63.89460 0.08810
76.55000 -63.89897 0.09546
76.60000 -63.90468 0.09940
76.65000 -63.90144 0.09417
76.70000 -63.90279 0.09711
76.75000 -63.90675 0.10582
76.80000 -63.90301 0.10255
76.85000 -63.90632 0.10114
76.90000 -63.90866 0.10542
76.95000 -63.90409 0.09827
77.00000 -63.89630 0.08496
77.05000 -63.89908 0.09057
77.10000 -63.89875 0.08899
77.15000 -63.89829 0.09225
77.20000 -63.89895 0.09435
77.25000 -63.90122 0.09666
77.30000 -63.89647 0.09045
77.35000 -63.90392 0.10364
77.40000 -63.90356 0.10969
77.45000 -63.89871 0.09965
77.50000 -63.89880 0.09957
77.55000 -63.89605 0.09539
77.60000 -63.89991 0.09903
77.65000 -63.89989 0.09597
77.70000 -63.89888 0.09257
77.75000 -63.90056 0.09428
77.80000 -63.89942 0.09381
77.85000 -63.89591 0.08825
77.90000 -63.89498 0.08725
77.95000 -63.89908 0.09503
78.00000 -63.89478 0.08885
78.05000 -63.89097 0.08768
78.10000 -63.89317 0.09290
78.15000 -63.89249 0.09124
78.20000 -63.88678 0.08963
78.25000 -63.88827 0.09057
78.30000 -63.88341 0.08074
78.35000 -63.88390 0.08187
78.40000 -63.88254 0.08783
78.45000 -63.88710 0.09242
78.50000 -63.88784 0.09337
78.55000 -63.89165 0.10461
78.60000 -63.89163 0.10539
78.65000 -63.88848 0.09681
78.70000 -63.88981 0.10206
78.75000 -63.89232 0.09972
78.80000 -63.89140 0.09884
78.85000 -63.89065 0.10107
78.90000 -63.89758 0.10845
78.95000 -63.89790 0.10980
79.00000 -63.89925 0.11112
79.05000 -63.90070 0.11312
79.10000 -63.90541 0.12194
79.15000 -63.90168 0.11672
79.20000 -63.89892 0.10878
79.25000 -63.89837 0.10730
79.30000 -63.89966 0.10620
79.35000 -63.89335 0.10215
79.40000 -63.88626 0.09379
79.45000 -63.88180 0.08708
79.50000 -63.88781 0.09632
79.55000 -63.88271 0.09175
79.60000 -63.88416 0.08910
79.65000 -63.88109 0.09661
79.70000 -63.88555 0.09683
79.75000 -63.88231 0.09138
79.80000 -63.88163 0.09352
79.85000 -63.88372 0.10136
79.90000 -63.88708 0.10764
79.95000 -63.88427 0.09827
80.00000 -63.88912 0.10601
80.05000 -63.88872 0.10401
80.10000 -63.88558 0.10321
80.15000 -63.87938 0.09415
80.20000 -63.88134 0.09959
80.25000 -63.88470 0.10185
80.30000 -63.88201 0.09609
80.35000 -63.87444 0.08736
80.40000 -63.87513 0.08529
80.45000 -63.87474 0.08096
80.50000 -63.87329 0.08528
80.55000 -63.87473 0.08160
80.60000 -63.87915 0.09190
80.65000 -63.87207 0.08335
80.70000 -63.87710 0.08854
80.75000 -63.87517 0.08808
80.80000 -63.87633 0.08224
80.85000 -63.87750 0.08876
80.90000 -63.88102 0.09733
80.95000 -63.88080 0.09161
81.00000 -63.87913 0.09287
81.05000 -63.87982 0.09623
81.10000 -63.87875 0.10011
81.15000 -63.88009 0.09548
81.20000 -63.87698 0.09050
81.25000 -63.87529 0.08471
81.30000 -63.87821 0.09461
81.35000 -63.88482 0.10505
81.40000 -63.87560 0.09065
81.45000 -63.87474 0.09521
81.50000 -63.87158 0.08722
81.55000 -63.87121 0.09140
81.60000 -63.87611 0.09556
81.65000 -63.87278 0.09334
81.70000 -63.87694 0.09348
81.75000 -63.87475 0.09364
81.80000 -63.87240 0.08879
81.85000 -63.87635 0.09914
81.90000 -63.87613 0.09667
81.95000 -63.87317 0.09003
82.00000 -63.87241 0.09165
82.05000 -63.86870 0.09000
82.10000 -63.87480 0.09709
82.15000 -63.87296 0.09270
82.20000 -63.86830 0.08998
82.25000 -63.86976 0.09421
82.30000 -63.87167 0.09813
82.35000 -63.86749 0.09679
82.40000 -63.86374 0.09049
82.45000 -63.86798 0.09385
82.50000 -63.86875 0.09847
82.55000 -63.86642 0.09627
82.60000 -63.86917 0.10479
82.65000 -63.86973 0.10032
82.70000 -63.87171 0.08921
82.75000 -63.87734 0.09480
82.80000 -63.87834 0.09551
82.85000 -63.88048 0.10027
82.90000 -63.88449 0.10116
82.95000 -63.88228 0.09569
83.00000 -63.88288 0.08891
83.05000 -63.88373 0.10421
83.10000 -63.88484 0.09513
83.15000 -63.88635 0.10055
83.20000 -63.88705 0.10277
83.25000 -63.88497 0.09841
83.30000 -63.88083 0.09037
83.35000 -63.88067 0.08918
83.40000 -63.88057 0.08767
83.45000 -63.88311 0.09176
83.50000 -63.87771 0.08068
83.55000 -63.87501 0.07522
83.60000 -63.88101 0.08357
83.65000 -63.88154 0.08274
83.70000 -63.88077 0.07794
83.75000 -63.88168 0.08180
83.80000 -63.88547 0.08325
83.85000 -63.88318 0.07626
83.90000 -63.88608 0.07801
83.95000 -63.88386 0.07207
84.00000 -63.88518 0.07191
84.05000 -63.88275 0.06702
84.10000 -63.87978 0.06255
84.15000 -63.88321 0.06513
84.20000 -63.88346 0.06620
84.25000 -63.87532 0.05262
84.30000 -63.87777 0.05746
84.35000 -63.87625 0.05727
84.40000 -63.87046 0.04549
84.45000 -63.87147 0.05956
84.50000 -63.87148 0.06025
84.55000 -63.86929 0.05783
84.60000 -63.86361 0.05226
84.65000 -63.86612 0.06518
84.70000 -63.86215 0.06396
84.75000 -63.86472 0.06607
84.80000 -63.86201 0.07243
84.85000 -63.85919 0.06544
84.90000 -63.86221 0.06945
84.95000 -63.85924 0.05849
85.00000 -63.86174 0.06621
85.05000 -63.86340 0.07152
85.10000 -63.86374 0.06436
85.15000 -63.86953 0.06359
85.20000 -63.86697 0.05806
85.25000 -63.86681 0.06205
85.30000 -63.87205 0.06341
85.35000 -63.87371 0.06828
85.40000 -63.87352 0.06221
85.45000 -63.87453 0.06616
85.50000 -63.87461 0.07006
85.55000 -63.87874 0.07158
85.60000 -63.87742 0.06746
85.65000 -63.87701 0.06965
85.70000 -63.88114 0.06779
85.75000 -63.88362 0.07061
85.80000 -63.88274 0.06644
85.85000 -63.88349 0.06965
85.90000 -63.88273 0.06701
85.95000 -63.88161 0.06660
86.00000 -63.88091 0.06705
86.05000 -63.88410 0.07108
86.10000 -63.88405 0.07223
86.15000 -63.88759 0.07765
86.20000 -63.88857 0.08282
86.25000 -63.88646 0.08202
86.30000 -63.88825 0.08010
86.35000 -63.88628 0.08107
86.40000 -63.88925 0.08834
86.45000 -63.88934 0.08671
86.50000 -63.89115 0.09397
86.55000 -63.88672 0.09002
86.60000 -63.88657 0.09144
86.65000 -63.88811 0.09407
86.70000 -63.89145 0.09977
86.75000 -63.88899 0.09820
86.80000 -63.89132 0.09708
86.85000 -63.89287 0.10298
86.90000 -63.89229 0.09496
86.95000 -63.89385 0.09908
87.00000 -63.89419 0.09596
87.05000 -63.89642 0.09715
87.10000 -63.89696 0.09867
87.15000 -63.89649 0.09899
87.20000 -63.89402 0.09512
87.25000 -63.89464 0.09860
87.30000 -63.89547 0.09855
87.35000 -63.89391 0.09986
87.40000 -63.89605 0.09955
87.45000 -63.89281 0.08887
87.50000 -63.89163 0.09181
87.55000 -63.88836 0.08858
87.60000 -63.88336 0.08163
87.65000 -63.88406 0.07932
87.70000 -63.87617 0.07114
87.75000 -63.87474 0.07001
87.80000 -63.87346 0.06742
87.85000 -63.87399 0.06952
87.90000 -63.87313 0.06295
87.95000 -63.87376 0.06821
88.00000 -63.87386 0.06573
88.05000 -63.87376 0.06352
88.10000 -63.87696 0.07052
88.15000 -63.87609 0.07066
88.20000 -63.87609 0.06994
88.25000 -63.87612 0.06733
88.30000 -63.87575 0.06856
88.35000 -63.87223 0.06456
88.40000 -63.87276 0.06211
88.45000 -63.87293 0.06365
88.50000 -63.86713 0.05703
88.55000 -63.86518 0.05523
88.60000 -63.86359 0.05183
88.65000 -63.86363 0.05078
88.70000 -63.86470 0.05206
88.75000 -63.86385 0.04678
88.80000 -63.86072 0.04469
88.85000 -63.85801 0.03536
88.90000 -63.85358 0.03540
88.95000 -63.84855 0.02771
89.00000 -63.84879 0.02698
89.05000 -63.84474 0.02567
89.10000 -63.84230 0.02282
89.15000 -63.83753 0.02050
89.20000 -63.84199 0.02240
89.25000 -63.84073 0.01921
89.30000 -63.83985 0.01660
89.35000 -63.83467 0.01504
89.40000 -63.83901 0.01671
89.45000 -63.83873 0.01645
89.50000 -63.83824 0.02073
89.55000 -63.83828 0.01932
89.60000 -63.84044 0.02210
89.65000 -63.84035 0.01902
89.70000 -63.84261 0.02273
89.75000 -63.84530 0.02605
89.80000 -63.84481 0.02758
89.85000 -63.84304 0.02475
89.90000 -63.84409 0.02831
89.95000 -63.84062 0.02683
90.00000 -63.84184 0.03150
90.05000 -63.84726 0.03172
90.10000 -63.84325 0.03000
90.15000 -63.84546 0.03241
90.20000 -63.84047 0.03021
90.25000 -63.84431 0.03752
90.30000 -63.84659 0.03829
90.35000 -63.84868 0.04589
90.40000 -63.84815 0.04465
90.45000 -63.85120 0.04219
90.50000 -63.85055 0.04385
90.55000 -63.85029 0.04318
90.60000 -63.85169 0.03709
90.65000 -63.85224 0.03382
90.70000 -63.85084 0.03008
90.75000 -63.84833 0.02393
90.80000 -63.84700 0.02998
90.85000 -63.84385 0.02490
90.90000 -63.84834 0.03141
90.95000 -63.84635 0.02511
91.00000 -63.84885 0.02533
91.05000 -63.85133 0.02727
91.10000 -63.85062 0.02642
91.15000 -63.85373 0.03000
91.20000 -63.85582 0.03390
91.25000 -63.85819 0.03705
91.30000 -63.85975 0.04709
91.35000 -63.85786 0.04285
91.40000 -63.86173 0.04324
91.45000 -63.85663 0.03578
91.50000 -63.86217 0.04237
91.55000 -63.85929 0.03741
91.60000 -63.85868 0.03939
91.65000 -63.85193 0.03620
91.70000 -63.85141 0.04518
91.75000 -63.84872 0.04118
91.80000 -63.85272 0.05314
91.85000 -63.84939 0.05394
91.90000 -63.85047 0.04862
91.95000 -63.84823 0.04711
92.00000 -63.84476 0.04581
92.05000 -63.84430 0.04661
92.10000 -63.84619 0.04656
92.15000 -63.84227 0.04809
92.20000 -63.84126 0.04611
92.25000 -63.84248 0.05539
92.30000 -63.84402 0.05942
92.35000 -63.83622 0.05400
92.40000 -63.83947 0.06056
92.45000 -63.83877 0.06077
92.50000 -63.84456 0.06455
92.55000 -63.84500 0.06798
92.60000 -63.84725 0.06645
92.65000 -63.84702 0.06508
92.70000 -63.84760 0.07184
92.75000 -63.84798 0.07411
92.80000 -63.84664 0.07134
92.85000 -63.84759 0.07005
92.90000 -63.84960 0.06302
92.95000 -63.85248 0.06248
93.00000 -63.85222 0.05918
93.05000 -63.84773 0.04995
93.10000 -63.85096 0.05519
93.15000 -63.84677 0.04924
93.20000 -63.84524 0.04959
93.25000 -63.84086 0.04107
93.30000 -63.83555 0.02902
93.35000 -63.83911 0.03536
93.40000 -63.84266 0.02305
93.45000 -63.83992 0.02929
93.50000 -63.84003 0.03381
93.55000 -63.83345 0.03026
93.60000 -63.83306 0.01864
93.65000 -63.83159 0.01961
93.70000 -63.83249 0.01799
93.75000 -63.83268 0.01568
93.80000 -63.83402 0.01812
93.85000 -63.83321 0.02129
93.90000 -63.83528 0.01987
93.95000 -63.83778 0.03131
94.00000 -63.83929 0.02869
94.05000 -63.84124 0.03314
94.10000 -63.83631 0.02400
94.15000 -63.83921 0.02649
94.20000 -63.83645 0.04063
94.25000 -63.84140 0.04362
94.30000 -63.84498 0.04586
94.35000 -63.84638 0.04454
94.40000 -63.85077 0.04984
94.45000 -63.85245 0.05839
94.50000 -63.85165 0.05375
94.55000 -63.85369 0.04850
94.60000 -63.85362 0.05783
94.65000 -63.85895 0.06417
94.70000 -63.85988 0.06443
94.75000 -63.85849 0.06028
94.80000 -63.85755 0.05298
94.85000 -63.85598 0.05752
94.90000 -63.85818 0.06236
94.95000 -63.85951 0.06573
95.00000 -63.86703 0.07147
95.05000 -63.86209 0.06377
95.10000 -63.86712 0.07169
95.15000 -63.87059 0.07160
95.20000 -63.86497 0.07111
95.25000 -63.86829 0.07040
95.30000 -63.86960 0.06741
95.35000 -63.87521 0.06852
95.40000 -63.87066 0.05951
95.45000 -63.86860 0.05277
95.50000 -63.87378 0.06087
95.55000 -63.86669 0.04302
95.60000 -63.87355 0.05345
95.65000 -63.87114 0.05076
95.70000 -63.86827 0.04838
95.75000 -63.87284 0.04922
95.80000 -63.87304 0.05027
95.85000 -63.87561 0.05329
95.90000 -63.87157 0.04739
95.95000 -63.87459 0.05315
96.00000 -63.87241 0.05713
96.05000 -63.87510 0.05964
96.10000 -63.87180 0.06087
96.15000 -63.87429 0.06472
96.20000 -63.86874 0.06154
96.25000 -63.86791 0.05989
96.30000 -63.86490 0.06184
96.35000 -63.86947 0.06292
96.40000 -63.86985 0.07038
96.45000 -63.86734 0.06457
96.50000 -63.86027 0.06074
96.55000 -63.86153 0.06256
96.60000 -63.86080 0.07005
96.65000 -63.85565 0.06060
96.70000 -63.85552 0.05341
96.75000 -63.85429 0.04273
96.80000 -63.85517 0.04240
96.85000 -63.85376 0.03901
96.90000 -63.85140 0.03768
96.95000 -63.84960 0.02915
97.00000 -63.85024 0.03135
97.05000 -63.84874 0.02689
97.10000 -63.84456 0.02704
97.15000 -63.84514 0.02148
97.20000 -63.84189 0.02577
97.25000 -63.84140 0.02772
97.30000 -63.84255 0.03640
97.35000 -63.83905 0.03534
97.40000 -63.83492 0.03648
97.45000 -63.83302 0.03185
97.50000 -63.82806 0.03735
97.55000 -63.82717 0.03942
97.60000 -63.82251 0.04494
97.65000 -63.81965 0.04975
97.70000 -63.81495 0.05281
97.75000 -63.81042 0.06586
97.80000 -63.80932 0.07188
97.85000 -63.81016 0.06913
97.90000 -63.81133 0.06805
97.95000 -63.80906 0.08070
98.00000 -63.81040 0.08051
98.05000 -63.81555 0.07187
98.10000 -63.81153 0.08626
98.15000 -63.81774 0.07631
98.20000 -63.81582 0.08370
98.25000 -63.81511 0.08695
98.30000 -63.80860 0.08932
98.35000 -63.81374 0.08642
98.40000 -63.81203 0.08226
98.45000 -63.81224 0.08384
98.50000 -63.81137 0.08083
98.55000 -63.81611 0.07042
98.60000 -63.81426 0.07465
98.65000 -63.81319 0.07470
98.70000 -63.81512 0.07615
98.75000 -63.81867 0.06671
98.80000 -63.82028 0.06539
98.85000 -63.82093 0.05949
98.90000 -63.82320 0.05866
98.95000 -63.82616 0.04341
99.00000 -63.82902 0.03723
99.05000 -63.82986 0.03517
99.10000 -63.83300 0.02949
99.15000 -63.84052 0.03669
99.20000 -63.84281 0.02673
99.25000 -63.83943 0.03038
99.30000 -63.84438 0.03177
99.35000 -63.85085 0.03177
99.40000 -63.85562 0.03742
99.45000 -63.85498 0.03774
99.50000 -63.85699 0.03982
99.55000 -63.85542 0.04491
99.60000 -63.86558 0.05078
99.65000 -63.86529 0.04801
99.70000 -63.86770 0.04837
99.75000 -63.86543 0.04199
99.80000 -63.86540 0.04143
99.85000 -63.86387 0.04239
99.90000 -63.86984 0.04589
99.95000 -63.86868 0.04439
100.00000 -63.86794 0.04133
100.05000 -63.86973 0.04347
100.10000 -63.86669 0.03896
100.15000 -63.86535 0.03812
100.20000 -63.86205 0.03123
100.25000 -63.86786 0.04057
100.30000 -63.86714 0.03834
100.35000 -63.86866 0.04230
100.40000 -63.87117 0.04574
100.45000 -63.86477 0.03484
100.50000 -63.86817 0.04421
100.55000 -63.86621 0.03803
100.60000 -63.86887 0.04683
100.65000 -63.87225 0.05120
100.70000 -63.86843 0.04855
100.75000 -63.87109 0.05350
100.80000 -63.87697 0.06135
100.85000 -63.88019 0.06642
100.90000 -63.87776 0.06162
100.95000 -63.87959 0.06141
101.00000 -63.88206 0.07275
101.05000 -63.88096 0.06445
101.10000 -63.87474 0.05876
101.15000 -63.87624 0.06529
101.20000 -63.87905 0.07429
101.25000 -63.87670 0.06418
101.30000 -63.87089 0.06161
101.35000 -63.87184 0.06492
101.40000 -63.87200 0.07739
101.45000 -63.87139 0.07461
101.50000 -63.86935 0.07148
101.55000 -63.86965 0.08547
101.60000 -63.86776 0.08544
101.65000 -63.86490 0.08216
101.70000 -63.86534 0.07787
101.75000 -63.86507 0.06988
101.80000 -63.86661 0.06904
101.85000 -63.86507 0.06405
101.90000 -63.86377 0.06574
101.95000 -63.85814 0.05128
102.00000 -63.85832 0.04634
102.05000 -63.86149 0.04257
102.10000 -63.85524 0.03383
102.15000 -63.85754 0.03130
102.20000 -63.85578 0.02734
102.25000 -63.85097 0.01825
102.30000 -63.85297 0.01991
102.35000 -63.85480 0.01900
102.40000 -63.85264 0.01582
102.45000 -63.84776 0.01760
102.50000 -63.84976 0.01649
102.55000 -63.85360 0.01689
102.60000 -63.84567 0.01927
102.65000 -63.84137 0.02554
102.70000 -63.84140 0.02343
102.75000 -63.84771 0.02817
102.80000 -63.84281 0.02823
102.85000 -63.84539 0.03230
102.90000 -63.84679 0.03844
102.95000 -63.84464 0.03808
103.00000 -63.84732 0.04235
103.05000 -63.84901 0.04535
103.10000 -63.84909 0.04337
103.15000 -63.84713 0.04295
103.20000 -63.84667 0.03430
103.25000 -63.84049 0.03435
103.30000 -63.84580 0.02942
103.35000 -63.84440 0.02517
103.40000 -63.84106 0.02206
103.45000 -63.84033 0.02275
103.50000 -63.84382 0.02152
103.55000 -63.83610 0.01687
103.60000 -63.83615 0.01671
103.65000 -63.83613 0.01919
103.70000 -63.83554 0.02213
103.75000 -63.83732 0.02546
103.80000 -63.83662 0.03600
103.85000 -63.83429 0.03816
103.90000 -63.83490 0.03921
103.95000 -63.83246 0.05129
104.00000 -63.82870 0.05202
104.05000 -63.83456 0.05027
104.10000 -63.83113 0.06432
104.15000 -63.83497 0.06538
104.20000 -63.83584 0.06967
104.25000 -63.83482 0.07033
104.30000 -63.83227 0.07136
104.35000 -63.83217 0.07084
104.40000 -63.83386 0.06768
104.45000 -63.83174 0.06785
104.50000 -63.83731 0.06438
104.55000 -63.83525 0.06722
104.60000 -63.83616 0.06568
104.65000 -63.83272 0.06448
104.70000 -63.83656 0.04619
104.75000 -63.83367 0.05576
104.80000 -63.83387 0.05554
104.85000 -63.83259 0.05341
104.90000 -63.83040 0.05187
104.95000 -63.83539 0.04798
105.00000 -63.83963 0.04253
105.05000 -63.83431 0.05055
105.10000 -63.83242 0.04692
105.15000 -63.83351 0.05175
105.20000 -63.83251 0.05175
105.25000 -63.83194 0.05849
105.30000 -63.82998 0.06541
105.35000 -63.82470 0.07258
105.40000 -63.82069 0.07942
105.45000 -63.81853 0.08535
105.50000 -63.81254 0.09697
105.55000 -63.81558 0.10170
105.60000 -63.81305 0.10675
105.65000 -63.81299 0.10618
105.70000 -63.81279 0.10337
105.75000 -63.81301 0.09915
105.80000 -63.81529 0.09779
105.85000 -63.81744 0.10251
105.90000 -63.82230 0.08700
105.95000 -63.82727 0.08631
106.00000 -63.82596 0.07963
106.05000 -63.82783 0.06735
106.10000 -63.82765 0.07481
106.15000 -63.82806 0.07005
106.20000 -63.82791 0.07475
106.25000 -63.83387 0.06289
106.30000 -63.83426 0.05836
106.35000 -63.83256 0.05488
106.40000 -63.83493 0.05470
106.45000 -63.83476 0.04628
106.50000 -63.83202 0.04490
106.55000 -63.83518 0.05156
106.60000 -63.83143 0.04663
106.65000 -63.82683 0.04255
106.70000 -63.82780 0.03369
106.75000 -63.82797 0.03406
106.80000 -63.83077 0.04033
106.85000 -63.83187 0.03388
106.90000 -63.83144 0.03127
106.95000 -63.83386 0.03373
107.00000 -63.83652 0.02955
107.05000 -63.83884 0.02744
107.10000 -63.84252 0.02371
107.15000 -63.84343 0.02010
107.20000 -63.85034 0.02518
107.25000 -63.84844 0.02075
107.30000 -63.84462 0.01643
107.35000 -63.84766 0.02489
107.40000 -63.85039 0.02447
107.45000 -63.84966 0.02429
107.50000 -63.85229 0.02065
107.55000 -63.85209 0.02631
107.60000 -63.85029 0.02150
107.65000 -63.84690 0.01949
107.70000 -63.85178 0.02531
107.75000 -63.85101 0.02897
107.80000 -63.85215 0.03199
107.85000 -63.85367 0.04099
107.90000 -63.85362 0.04335
107.95000 -63.85072 0.02995
108.00000 -63.84751 0.02683
108.05000 -63.84743 0.03213
108.10000 -63.84696 0.02572
108.15000 -63.84107 0.02663
108.20000 -63.84599 0.02468
108.25000 -63.84182 0.02729
108.30000 -63.84250 0.02678
108.35000 -63.83878 0.03238
108.40000 -63.83746 0.03463
108.45000 -63.83645 0.03912
108.50000 -63.83906 0.03318
108.55000 -63.83779 0.02937
108.60000 -63.84203 0.02985
108.65000 -63.84194 0.02767
108.70000 -63.83877 0.02961
108.75000 -63.84129 0.02253
108.80000 -63.83979 0.02277
108.85000 -63.84438 0.01918
108.90000 -63.84723 0.01668
108.95000 -63.84307 0.01782
109.00000 -63.83805 0.01856
109.05000 -63.83585 0.02193
109.10000 -63.83416 0.02483
109.15000 -63.83391 0.03538
109.20000 -63.83012 0.04505
109.25000 -63.82844 0.04434
109.30000 -63.82834 0.04168
109.35000 -63.82804 0.04257
109.40000 -63.82415 0.04204
109.45000 -63.82752 0.03798
109.50000 -63.82430 0.04035
109.55000 -63.82497 0.03861
109.60000 -63.82613 0.03697
109.65000 -63.83018 0.03097
109.70000 -63.82930 0.03391
109.75000 -63.83323 0.02783
109.80000 -63.83708 0.02591
109.85000 -63.83480 0.02641
109.90000 -63.83432 0.02781
109.95000 -63.83579 0.02484
110.00000 -63.82831 0.03247
110.05000 -63.83302 0.03396
110.10000 -63.82856 0.04365
110.15000 -63.82869 0.04263
110.20000 -63.82854 0.04197
110.25000 -63.82474 0.04917
110.30000 -63.82524 0.05225
110.35000 -63.82700 0.04157
110.40000 -63.82332 0.05023
110.45000 -63.82592 0.04205
110.50000 -63.82177 0.04917
110.55000 -63.82423 0.04511
110.60000 -63.82357 0.04509
110.65000 -63.82315 0.04528
110.70000 -63.82295 0.03666
110.75000 -63.82401 0.03489
110.80000 -63.82438 0.03368
110.85000 -63.82094 0.03317
110.90000 -63.82152 0.03265
110.95000 -63.82007 0.03329
111.00000 -63.82330 0.02895
111.05000 -63.82332 0.02689
111.10000 -63.82520 0.02570
111.15000 -63.82505 0.02814
111.20000 -63.82588 0.02233
111.25000 -63.82687 0.03329
111.30000 -63.82294 0.03695
111.35000 -63.82423 0.03973
111.40000 -63.82592 0.04464
111.45000 -63.82581 0.04742
111.50000 -63.82397 0.05504
111.55000 -63.82323 0.05518
111.60000 -63.82690 0.06065
111.65000 -63.82714 0.06917
111.70000 -63.82852 0.06084
111.75000 -63.83429 0.06042
111.80000 -63.83625 0.06126
111.85000 -63.83471 0.06800
111.90000 -63.84321 0.05882
111.95000 -63.84485 0.05274
112.00000 -63.83994 0.04746
112.05000 -63.83710 0.05359
112.10000 -63.83911 0.05675
112.15000 -63.83921 0.05383
112.20000 -63.83572 0.05381
112.25000 -63.83908 0.05662
112.30000 -63.83949 0.05655
112.35000 -63.83379 0.06066
112.40000 -63.83522 0.06730
112.45000 -63.83128 0.07658
112.50000 -63.83457 0.07987
112.55000 -63.83243 0.08105
112.60000 -63.83528 0.07848
112.65000 -63.83060 0.07489
112.70000 -63.83138 0.07951
112.75000 -63.83080 0.07936
112.80000 -63.83155 0.08310
112.85000 -63.83458 0.07296
112.90000 -63.83320 0.06856
112.95000 -63.83629 0.06509
113.00000 -63.83396 0.06995
113.05000 -63.83282 0.07028
113.10000 -63.83554 0.06884
113.15000 -63.83454 0.07405
113.20000 -63.84346 0.06484
113.25000 -63.83896 0.06114
113.30000 -63.84453 0.06324
113.35000 -63.84551 0.06565
113.40000 -63.84596 0.06494
113.45000 -63.84841 0.06522
113.50000 -63.85138 0.05461
113.55000 -63.85044 0.05697
113.60000 -63.85094 0.05863
113.65000 -63.85434 0.05856
113.70000 -63.85480 0.06251
113.75000 -63.85677 0.06152
113.80000 -63.85617 0.05693
113.85000 -63.85342 0.05427
113.90000 -63.85153 0.05249
113.95000 -63.85036 0.04094
114.00000 -63.85603 0.04422
114.05000 -63.85662 0.04928
114.10000 -63.85663 0.04150
114.15000 -63.85326 0.04407
114.20000 -63.85319 0.04502
114.25000 -63.85971 0.04243
114.30000 -63.85735 0.03768
114.35000 -63.85321 0.02967
114.40000 -63.85703 0.03380
114.45000 -63.85522 0.03376
114.50000 -63.85623 0.03614
114.55000 -63.85640 0.03730
114.60000 -63.84843 0.02727
114.65000 -63.85652 0.03580
114.70000 -63.85401 0.03538
114.75000 -63.85391 0.03874
114.80000 -63.85629 0.03812
114.85000 -63.85256 0.03899
114.90000 -63.85806 0.04937
114.95000 -63.86047 0.05653
115.00000 -63.85304 0.05292
115.05000 -63.85251 0.05394
115.10000 -63.85527 0.05320
115.15000 -63.85037 0.06106
115.20000 -63.85026 0.06023
115.25000 -63.84430 0.05902
115.30000 -63.84719 0.06645
115.35000 -63.84755 0.06831
115.40000 -63.84659 0.06361
115.45000 -63.84143 0.07186
115.50000 -63.84215 0.06794
115.55000 -63.84051 0.07168
115.60000 -63.84299 0.06679
115.65000 -63.83976 0.06639
115.70000 -63.83608 0.06673
115.75000 -63.82964 0.07271
115.80000 -63.82985 0.07614
115.85000 -63.83147 0.07576
115.90000 -63.82912 0.07926
115.95000 -63.82460 0.08290
116.00000 -63.82197 0.08016
116.05000 -63.82638 0.08031
116.10000 -63.82458 0.07973
116.15000 -63.83256 0.07664
116.20000 -63.83461 0.06873
116.25000 -63.83131 0.07123
116.30000 -63.83265 0.07647
116.35000 -63.83864 0.06550
116.40000 -63.84065 0.07337
116.45000 -63.84609 0.07628
116.50000 -63.84638 0.06794
116.55000 -63.84649 0.06989
116.60000 -63.84484 0.07592
116.65000 -63.85423 0.06880
116.70000 -63.85242 0.07118
116.75000 -63.84637 0.06263
116.80000 -63.85192 0.06542
116.85000 -63.85417 0.06066
116.90000 -63.85962 0.05487
116.95000 -63.86612 0.06284
117.00000 -63.86328 0.05798
117.05000 -63.86299 0.05569
117.10000 -63.86678 0.05374
117.15000 -63.86114 0.05573
117.20000 -63.86322 0.05611
117.25000 -63.87026 0.06046
117.30000 -63.86892 0.06162
117.35000 -63.86457 0.05633
117.40000 -63.86470 0.05140
117.45000 -63.86832 0.05664
117.50000 -63.86594 0.05202
117.55000 -63.86740 0.06576
117.60000 -63.86632 0.06185
117.65000 -63.86812 0.06686
117.70000 -63.86458 0.06751
117.75000 -63.86296 0.06948
117.80000 -63.86275 0.07056
117.85000 -63.86323 0.07667
117.90000 -63.85934 0.08460
117.95000 -63.85931 0.08934
118.00000 -63.85635 0.09267
118.05000 -63.85474 0.09195
118.10000 -63.85087 0.09671
118.15000 -63.84710 0.09609
118.20000 -63.84660 0.09679
118.25000 -63.84766 0.09176
118.30000 -63.84668 0.08967
118.35000 -63.84840 0.09796
118.40000 -63.84635 0.09840
118.45000 -63.84274 0.09123
118.50000 -63.84429 0.08498
118.55000 -63.83797 0.07761
118.60000 -63.83683 0.05920
118.65000 -63.83440 0.06262
118.70000 -63.83144 0.05413
118.75000 -63.83131 0.05178
118.80000 -63.83367 0.03735
118.85000 -63.83170 0.03241
118.90000 -63.83338 0.02705
118.95000 -63.83372 0.02677
119.00000 -63.83002 0.02813
119.05000 -63.82851 0.02965
119.10000 -63.82877 0.02949
119.15000 -63.82620 0.03291
119.20000 -63.82378 0.04152
119.25000 -63.82185 0.04284
119.30000 -63.82295 0.04230
119.35000 -63.82255 0.04297
119.40000 -63.81973 0.04538
119.45000 -63.82201 0.03777
119.50000 -63.82775 0.03038
119.55000 -63.82587 0.03337
119.60000 -63.82707 0.03219
119.65000 -63.82763 0.02811
119.70000 -63.82983 0.02794
119.75000 -63.83298 0.02078
119.80000 -63.83361 0.01860
119.85000 -63.84218 0.01706
119.90000 -63.84407 0.01547
119.95000 -63.84039 0.01610
120.00000 -63.83895 0.01466
120.05000 -63.84033 0.01546
120.10000 -63.84660 0.01967
120.15000 -63.85062 0.02652
120.20000 -63.85130 0.03565
120.25000 -63.85011 0.03646
120.30000 -63.85269 0.03871
120.35000 -63.85244 0.04538
120.40000 -63.85217 0.04894
120.45000 -63.85126 0.04294
120.50000 -63.85733 0.04640
120.55000 -63.86005 0.05395
120.60000 -63.85555 0.04839
120.65000 -63.85969 0.05650
120.70000 -63.85852 0.05816
120.75000 -63.86527 0.06390
120.80000 -63.86373 0.05742
120.85000 -63.86523 0.06319
120.90000 -63.86300 0.05813
120.95000 -63.85978 0.05052
121.00000 -63.85966 0.04891
121.05000 -63.85655 0.04446
121.10000 -63.85544 0.04485
121.15000 -63.85710 0.04678
121.20000 -63.85896 0.05471
121.25000 -63.85427 0.04513
121.30000 -63.85438 0.04092
121.35000 -63.85353 0.04594
121.40000 -63.85485 0.04992
121.45000 -63.85757 0.05483
121.50000 -63.85972 0.05497
121.55000 -63.86122 0.05710
121.60000 -63.86246 0.05981
121.65000 -63.85866 0.05275
121.70000 -63.86152 0.05905
121.75000 -63.86406 0.06217
121.80000 -63.86306 0.06009
121.85000 -63.87170 0.07411
121.90000 -63.87506 0.07741
121.95000 -63.87648 0.07948
122.00000 -63.87528 0.07865
122.05000 -63.87761 0.08248
122.10000 -63.87362 0.07231
122.15000 -63.87177 0.06988
122.20000 -63.87135 0.06940
122.25000 -63.87241 0.07034
122.30000 -63.87195 0.06497
122.35000 -63.87072 0.06634
122.40000 -63.86949 0.06503
122.45000 -63.87018 0.06333
122.50000 -63.86885 0.06690
122.55000 -63.86613 0.05997
122.60000 -63.86994 0.05968
122.65000 -63.86958 0.05521
122.70000 -63.86815 0.05334
122.75000 -63.86785 0.05492
122.80000 -63.86643 0.05219
122.85000 -63.86673 0.04974
122.90000 -63.86905 0.05007
122.95000 -63.87016 0.04795
123.00000 -63.87329 0.05424
123.05000 -63.87017 0.04839
123.10000 -63.87279 0.05098
123.15000 -63.87451 0.05083
123.20000 -63.87340 0.04904
123.25000 -63.87374 0.04959
123.30000 -63.87017 0.04724
123.35000 -63.87118 0.05093
123.40000 -63.86700 0.04805
123.45000 -63.86660 0.05128
123.50000 -63.86118 0.04851
123.55000 -63.86954 0.06145
123.60000 -63.86844 0.06866
123.65000 -63.86776 0.06537
123.70000 -63.86947 0.07149
123.75000 -63.86338 0.07051
123.80000 -63.86332 0.06933
123.85000 -63.86049 0.06826
123.90000 -63.86417 0.07338
123.95000 -63.85836 0.06207
124.00000 -63.85703 0.06077
124.05000 -63.85483 0.05237
124.10000 -63.85686 0.04863
124.15000 -63.85491 0.04684
124.20000 -63.85507 0.04801
124.25000 -63.84685 0.04173
124.30000 -63.84849 0.04153
124.35000 -63.84761 0.04274
124.40000 -63.84111 0.04603
124.45000 -63.84248 0.04532
124.50000 -63.84210 0.04517
124.55000 -63.84154 0.04828
124.60000 -63.83655 0.04211
124.65000 -63.83514 0.04610
124.70000 -63.83397 0.03983
124.75000 -63.83039 0.04835
124.80000 -63.82848 0.05414
124.85000 -63.82916 0.05170
124.90000 -63.82670 0.05090
124.95000 -63.83067 0.05018
125.00000 -63.82782 0.05708
125.05000 -63.82884 0.05884
125.10000 -63.83330 0.04895
125.15000 -63.83313 0.05165
125.20000 -63.83440 0.04918
125.25000 -63.83532 0.05613
125.30000 -63.83828 0.05030
125.35000 -63.84399 0.05038
125.40000 -63.84471 0.04323
125.45000 -63.84852 0.04887
125.50000 -63.84306 0.04551
125.55000 -63.84512 0.04095
125.60000 -63.84687 0.04151
125.65000 -63.85038 0.03483
125.70000 -63.84921 0.04563
125.75000 -63.85392 0.04403
125.80000 -63.86198 0.05864
125.85000 -63.85970 0.05638
125.90000 -63.85998 0.05240
125.95000 -63.86129 0.05504
126.00000 -63.86608 0.06259
126.05000 -63.86983 0.06619
126.10000 -63.86955 0.06662
126.15000 -63.87154 0.06847
126.20000 -63.87288 0.07037
126.25000 -63.87134 0.06815
126.30000 -63.87454 0.07314
126.35000 -63.87796 0.08002
126.40000 -63.87771 0.08260
126.45000 -63.88076 0.08385
126.50000 -63.87646 0.07737
126.55000 -63.87584 0.07460
126.60000 -63.88108 0.07935
126.65000 -63.87671 0.07470
126.70000 -63.87562 0.07564
126.75000 -63.87783 0.07733
126.80000 -63.87966 0.08293
126.85000 -63.87343 0.07422
126.90000 -63.86982 0.06919
126.95000 -63.87663 0.08112
127.00000 -63.87359 0.07616
127.05000 -63.87139 0.07463
127.10000 -63.87059 0.07244
127.15000 -63.86962 0.07028
127.20000 -63.87190 0.07602
127.25000 -63.86858 0.07643
127.30000 -63.86835 0.07427
127.35000 -63.86992 0.07889
127.40000 -63.87004 0.08224
127.45000 -63.87074 0.08738
127.50000 -63.87262 0.08916
127.55000 -63.87564 0.10024
127.60000 -63.87257 0.08788
127.65000 -63.87259 0.09071
127.70000 -63.87376 0.09441
127.75000 -63.87559 0.09156
127.80000 -63.87195 0.08834
127.85000 -63.87456 0.08912
127.90000 -63.87429 0.08937
127.95000 -63.87644 0.08778
128.00000 -63.87750 0.08810
128.05000 -63.87474 0.08497
128.10000 -63.87291 0.08375
128.15000 -63.87275 0.08497
128.20000 -63.87459 0.08199
128.25000 -63.88053 0.08665
128.30000 -63.87301 0.07683
128.35000 -63.87404 0.08654
128.40000 -63.86834 0.07544
128.45000 -63.86864 0.07196
128.50000 -63.86983 0.07340
128.55000 -63.86229 0.06505
128.60000 -63.86140 0.06801
128.65000 -63.85990 0.06736
128.70000 -63.85878 0.06269
128.75000 -63.85189 0.05968
128.80000 -63.85052 0.04986
128.85000 -63.85032 0.05615
128.90000 -63.84708 0.04700
128.95000 -63.85070 0.04849
129.00000 -63.85116 0.04674
129.05000 -63.85336 0.04512
129.10000 -63.84969 0.03829
129.15000 -63.85463 0.04156
129.20000 -63.85457 0.03739
129.25000 -63.84981 0.03053
129.30000 -63.85680 0.04686
129.35000 -63.85738 0.04208
129.40000 -63.85431 0.03951
129.45000 -63.85129 0.03752
129.50000 -63.85138 0.04162
129.55000 -63.85056 0.04256
129.60000 -63.84874 0.04269
129.65000 -63.85239 0.04739
129.70000 -63.84690 0.04050
129.75000 -63.84958 0.04334
129.80000 -63.85233 0.05141
129.85000 -63.84507 0.04183
129.90000 -63.84554 0.04654
129.95000 -63.84792 0.05055
130.00000 -63.83955 0.03754
130.05000 -63.83987 0.03229
130.10000 -63.83816 0.03364
130.15000 -63.83696 0.03702
130.20000 -63.83424 0.03407
130.25000 -63.83473 0.03710
130.30000 -63.83395 0.03603
130.35000 -63.83584 0.03461
130.40000 -63.83427 0.03423
130.45000 -63.83672 0.03081
130.50000 -63.83488 0.04166
130.55000 -63.82980 0.04914
130.60000 -63.83360 0.04929
130.65000 -63.83786 0.04434
130.70000 -63.83862 0.05328
130.75000 -63.84003 0.04828
130.80000 -63.83975 0.05320
130.85000 -63.83823 0.05717
130.90000 -63.84018 0.05683
130.95000 -63.84380 0.05572
131.00000 -63.84786 0.06020
131.05000 -63.84541 0.06567
131.10000 -63.85063 0.05963
131.15000 -63.84722 0.05522
131.20000 -63.84845 0.05290
131.25000 -63.85101 0.05475
131.30000 -63.84538 0.04542
131.35000 -63.84958 0.04238
131.40000 -63.85579 0.05552
131.45000 -63.85302 0.04181
131.50000 -63.85434 0.04229
131.55000 -63.85037 0.02980
131.60000 -63.84626 0.02483
131.65000 -63.84345 0.02106
131.70000 -63.84184 0.01979
131.75000 -63.83764 0.02127
131.80000 -63.83653 0.02089
131.85000 -63.83521 0.02357
131.90000 -63.83067 0.02877
131.95000 -63.83160 0.02884
132.00000 -63.82980 0.03722
132.05000 -63.82456 0.04479
132.10000 -63.82731 0.04828
132.15000 -63.82918 0.05053
132.20000 -63.82899 0.05181
132.25000 -63.82812 0.04905
132.30000 -63.82706 0.05106
132.35000 -63.83354 0.05174
132.40000 -63.83246 0.05544
132.45000 -63.83864 0.04814
132.50000 -63.83790 0.05284
132.55000 -63.83712 0.04944
132.60000 -63.84230 0.06094
132.65000 -63.84834 0.05720
132.70000 -63.84990 0.05998
132.75000 -63.85285 0.06139
132.80000 -63.85235 0.06364
132.85000 -63.85403 0.06376
132.90000 -63.85589 0.06485
132.95000 -63.86094 0.07166
133.00000 -63.85830 0.06252
133.05000 -63.86194 0.07029
133.10000 -63.86394 0.07129
133.15000 -63.86926 0.07948
133.20000 -63.86749 0.08055
133.25000 -63.86857 0.08455
133.30000 -63.86613 0.08038
133.35000 -63.86712 0.07693
133.40000 -63.86471 0.07081
133.45000 -63.86895 0.08137
133.50000 -63.87245 0.07996
133.55000 -63.86985 0.07441
133.60000 -63.86852 0.07282
133.65000 -63.86766 0.06903
133.70000 -63.86776 0.06695
133.75000 -63.86579 0.07186
133.80000 -63.86292 0.06623
133.85000 -63.85830 0.05717
133.90000 -63.85780 0.05819
133.95000 -63.85187 0.06090
134.00000 -63.85099 0.06903
134.05000 -63.84659 0.06625
134.10000 -63.84851 0.06390
134.15000 -63.84347 0.05951
134.20000 -63.84257 0.06147
134.25000 -63.84110 0.05192
134.30000 -63.84458 0.04677
134.35000 -63.84265 0.04513
134.40000 -63.84023 0.04606
134.45000 -63.83908 0.04606
134.50000 -63.83903 0.04722
134.55000 -63.83742 0.04889
134.60000 -63.83522 0.05550
134.65000 -63.83522 0.06172
134.70000 -63.83468 0.06739
134.75000 -63.83764 0.06702
134.80000 -63.83094 0.06951
134.85000 -63.83120 0.06936
134.90000 -63.83168 0.06847
134.95000 -63.83188 0.06802
135.00000 -63.83214 0.07619
135.05000 -63.83582 0.09120
135.10000 -63.83227 0.08795
135.15000 -63.83485 0.08648
135.20000 -63.83444 0.09012
135.25000 -63.83355 0.08870
135.30000 -63.83090 0.08602
135.35000 -63.83330 0.08092
135.40000 -63.83426 0.07689
135.45000 -63.83175 0.08007
135.50000 -63.83129 0.06765
135.55000 -63.83097 0.05999
135.60000 -63.82622 0.05841
135.65000 -63.82644 0.05511
135.70000 -63.82269 0.05192
135.75000 -63.82171 0.04481
135.80000 -63.82081 0.04640
135.85000 -63.82197 0.04319
135.90000 -63.82138 0.04335
135.95000 -63.81950 0.04410
136.00000 -63.81790 0.04699
136.05000 -63.81841 0.04739
136.10000 -63.81938 0.04322
136.15000 -63.81982 0.04400
136.20000 -63.81988 0.04205
136.25000 -63.81836 0.04514
136.30000 -63.81874 0.04237
136.35000 -63.81629 0.04560
136.40000 -63.81603 0.04689
136.45000 -63.81021 0.05779
136.50000 -63.80746 0.06293
136.55000 -63.80786 0.06560
136.60000 -63.81034 0.06537
136.65000 -63.80985 0.06280
136.70000 -63.81069 0.06093
136.75000 -63.81217 0.05692
136.80000 -63.80713 0.06015
136.85000 -63.80810 0.06134
136.90000 -63.81619 0.05573
136.95000 -63.81403 0.05882
137.00000 -63.80999 0.06387
137.05000 -63.81396 0.05680
137.10000 -63.81617 0.05603
137.15000 -63.81477 0.06013
137.20000 -63.81837 0.05005
137.25000 -63.81641 0.05564
137.30000 -63.81865 0.05503
137.35000 -63.81821 0.05541
137.40000 -63.81975 0.04800
137.45000 -63.82317 0.04397
137.50000 -63.82461 0.04769
137.55000 -63.82563 0.04539
137.60000 -63.82725 0.04380
137.65000 -63.82795 0.04276
137.70000 -63.83057 0.04549
137.75000 -63.83024 0.04184
137.80000 -63.82762 0.05449
137.85000 -63.83558 0.05481
137.90000 -63.83574 0.06439
137.95000 -63.83536 0.05501
138.00000 -63.83286 0.05958
138.05000 -63.83572 0.06175
138.10000 -63.83542 0.05836
138.15000 -63.83683 0.05564
138.20000 -63.83548 0.04892
138.25000 -63.83734 0.04085
138.30000 -63.83228 0.04525
138.35000 -63.83737 0.04274
138.40000 -63.83855 0.04833
138.45000 -63.84530 0.04804
138.50000 -63.84552 0.04203
138.55000 -63.84800 0.04296
138.60000 -63.84978 0.04234
138.65000 -63.85156 0.04234
138.70000 -63.84888 0.03984
138.75000 -63.85119 0.04126
138.80000 -63.85279 0.04650
138.85000 -63.85071 0.04007
138.90000 -63.84863 0.03732
138.95000 -63.85355 0.05061
139.00000 -63.85370 0.05398
139.05000 -63.85246 0.05119
139.10000 -63.85429 0.04851
139.15000 -63.85427 0.04686
139.20000 -63.85403 0.05134
139.25000 -63.85318 0.05012
139.30000 -63.85049 0.04950
139.35000 -63.85542 0.05305
139.40000 -63.85590 0.04969
139.45000 -63.85446 0.05086
139.50000 -63.85451 0.05015
139.55000 -63.85054 0.04002
139.60000 -63.84454 0.03360
139.65000 -63.84830 0.03616
139.70000 -63.85156 0.04457
139.75000 -63.84328 0.03611
139.80000 -63.83985 0.03718
139.85000 -63.83811 0.02870
139.90000 -63.83689 0.03648
139.95000 -63.83550 0.03268
140.00000 -63.83673 0.03636
140.05000 -63.82633 0.03284
140.10000 -63.83038 0.02974
140.15000 -63.82589 0.03569
140.20000 -63.82361 0.03625
140.25000 -63.81959 0.02965
140.30000 -63.81866 0.02726
140.35000 -63.81682 0.03497
140.40000 -63.81811 0.03269
140.45000 -63.81815 0.03310
140.50000 -63.82020 0.03060
140.55000 -63.82239 0.03122
140.60000 -63.82443 0.02687
140.65000 -63.81915 0.03356
140.70000 -63.82412 0.02721
140.75000 -63.82079 0.03521
140.80000 -63.82097 0.03798
140.85000 -63.82178 0.03915
140.90000 -63.82228 0.03813
140.95000 -63.82339 0.03455
141.00000 -63.82518 0.03232
141.05000 -63.82168 0.03841
141.10000 -63.82717 0.03242
141.15000 -63.82784 0.03054
141.20000 -63.82384 0.03594
141.25000 -63.82909 0.03123
141.30000 -63.82851 0.02850
141.35000 -63.83347 0.02275
141.40000 -63.83536 0.01965
141.45000 -63.83255 0.02229
141.50000 -63.83510 0.01978
141.55000 -63.83510 0.01911
141.60000 -63.83293 0.02140
141.65000 -63.83346 0.01973
141.70000 -63.83336 0.02188
141.75000 -63.83061 0.02587
141.80000 -63.83160 0.02610
141.85000 -63.83265 0.02283
141.90000 -63.82790 0.02811
141.95000 -63.82214 0.03633
142.00000 -63.82343 0.03397
142.05000 -63.81888 0.04288
142.10000 -63.81996 0.04092
142.15000 -63.82069 0.04033
142.20000 -63.82548 0.03082
142.25000 -63.82248 0.03725
142.30000 -63.82541 0.03346
142.35000 -63.82696 0.02867
142.40000 -63.82877 0.02702
142.45000 -63.83148 0.02510
142.50000 -63.83148 0.02199
142.55000 -63.83205 0.02218
142.60000 -63.83306 0.02299
142.65000 -63.83364 0.02300
142.70000 -63.83561 0.01999
142.75000 -63.83057 0.02710
142.80000 -63.82970 0.03055
142.85000 -63.82638 0.03664
142.90000 -63.82531 0.03458
142.95000 -63.82743 0.03241
143.00000 -63.82844 0.03414
143.05000 -63.82479 0.03160
143.10000 -63.82995 0.02963
143.15000 -63.82731 0.02471
143.20000 -63.82108 0.02832
143.25000 -63.82474 0.02107
143.30000 -63.83031 0.01415
143.35000 -63.83130 0.01612
143.40000 -63.82821 0.01659
143.45000 -63.82929 0.01327
143.50000 -63.83003 0.01514
143.55000 -63.83221 0.02114
143.60000 -63.82875 0.02815
143.65000 -63.82569 0.03732
143.70000 -63.82509 0.04898
143.75000 -63.82246 0.05542
143.80000 -63.82101 0.06277
143.85000 -63.81881 0.07275
143.90000 -63.81416 0.07768
143.95000 -63.81817 0.08363
144.00000 -63.81735 0.07519
144.05000 -63.82001 0.09011
144.10000 -63.82352 0.08196
144.15000 -63.82359 0.08119
144.20000 -63.82128 0.07881
144.25000 -63.82507 0.08016
144.30000 -63.82490 0.08106
144.35000 -63.82725 0.06355
144.40000 -63.82566 0.06447
144.45000 -63.82343 0.05555
144.50000 -63.82818 0.04100
144.55000 -63.82389 0.04113
144.60000 -63.82231 0.03872
144.65000 -63.82473 0.03698
144.70000 -63.82529 0.02467
144.75000 -63.82704 0.03023
144.80000 -63.83107 0.02661
144.85000 -63.83031 0.02523
144.90000 -63.83776 0.02854
144.95000 -63.83932 0.02808
145.00000 -63.83975 0.02261
145.05000 -63.84340 0.02997
145.10000 -63.84603 0.03428
145.15000 -63.84869 0.03146
145.20000 -63.84727 0.03118
145.25000 -63.84729 0.03334
145.30000 -63.84907 0.02939
145.35000 -63.84616 0.02885
145.40000 -63.84883 0.03108
145.45000 -63.84917 0.02988
145.50000 -63.85138 0.03494
145.55000 -63.85470 0.04260
145.60000 -63.85108 0.04117
145.65000 -63.85315 0.03897
145.70000 -63.85228 0.02900
145.75000 -63.85331 0.03137
145.80000 -63.85308 0.02899
145.85000 -63.85862 0.03172
145.90000 -63.85575 0.03755
145.95000 -63.85511 0.03254
146.00000 -63.85153 0.03355
146.05000 -63.85734 0.03957
146.10000 -63.85549 0.04259
146.15000 -63.85600 0.04162
146.20000 -63.85110 0.03335
146.25000 -63.85548 0.03707
146.30000 -63.86037 0.04497
146.35000 -63.85680 0.03880
146.40000 -63.85433 0.02536
146.45000 -63.85913 0.03561
146.50000 -63.86109 0.03190
146.55000 -63.86090 0.03667
146.60000 -63.85860 0.03885
146.65000 -63.85600 0.03079
146.70000 -63.85963 0.03854
146.75000 -63.86016 0.03691
146.80000 -63.85694 0.03164
146.85000 -63.86030 0.03581
146.90000 -63.85494 0.02652
146.95000 -63.85509 0.02327
147.00000 -63.85486 0.02291
147.05000 -63.85422 0.02092
147.10000 -63.85352 0.02084
147.15000 -63.85171 0.01729
147.20000 -63.84896 0.01620
147.25000 -63.85360 0.01920
147.30000 -63.85195 0.02042
147.35000 -63.84612 0.01788
147.40000 -63.84926 0.01677
147.45000 -63.84883 0.01694
147.50000 -63.84783 0.01662
147.55000 -63.84616 0.01795
147.60000 -63.84380 0.02134
147.65000 -63.83838 0.02563
147.70000 -63.83857 0.02649
147.75000 -63.83742 0.03624
147.80000 -63.83067 0.05049
147.85000 -63.83231 0.05360
147.90000 -63.83155 0.05690
147.95000 -63.82962 0.06585
148.00000 -63.83140 0.05976
148.05000 -63.83280 0.06184
148.10000 -63.83481 0.06094
148.15000 -63.82976 0.06309
148.20000 -63.82744 0.06169
148.25000 -63.82376 0.06426
148.30000 -63.81954 0.06723
148.35000 -63.82296 0.06283
148.40000 -63.82046 0.06620
148.45000 -63.81875 0.06842
148.50000 -63.81818 0.07115
148.55000 -63.81652 0.07672
148.60000 -63.82079 0.06527
148.65000 -63.82030 0.07046
148.70000 -63.81815 0.07360
148.75000 -63.82183 0.06622
148.80000 -63.82030 0.06787
148.85000 -63.82584 0.05696
148.90000 -63.82809 0.05184
148.95000 -63.82986 0.05132
149.00000 -63.83417 0.04323
149.05000 -63.83369 0.04458
149.10000 -63.83710 0.03982
149.15000 -63.84250 0.03171
149.20000 -63.84227 0.03170
149.25000 -63.84594 0.02659
149.30000 -63.84431 0.02943
149.35000 -63.84743 0.02530
149.40000 -63.85083 0.02292
149.45000 -63.84796 0.03217
149.50000 -63.85153 0.02821
149.55000 -63.85220 0.02709
149.60000 -63.85010 0.02114
149.65000 -63.85413 0.02316
149.70000 -63.85200 0.02739
149.75000 -63.84982 0.02635
149.80000 -63.85246 0.02644
149.85000 -63.85222 0.02780
149.90000 -63.85033 0.02741
149.95000 -63.84852 0.02957
150.00000 -63.85212 0.03670
150.05000 -63.84708 0.02778
150.10000 -63.85354 0.02951
150.15000 -63.85457 0.02692
150.20000 -63.85328 0.02539
150.25000 -63.85479 0.03125
150.30000 -63.85157 0.02771
150.35000 -63.85029 0.02922
150.40000 -63.85352 0.02620
150.45000 -63.85150 0.02084
150.50000 -63.84297 0.02887
150.55000 -63.84551 0.01716
150.60000 -63.85364 0.02077
150.65000 -63.85157 0.01901
150.70000 -63.84732 0.01524
150.75000 -63.85359 0.02588
150.80000 -63.85299 0.02272
150.85000 -63.85685 0.02841
150.90000 -63.85895 0.03715
150.95000 -63.85652 0.04141
151.00000 -63.85352 0.03736
151.05000 -63.85851 0.04403
151.10000 -63.85683 0.04177
151.15000 -63.85518 0.03780
151.20000 -63.85430 0.03689
151.25000 -63.84758 0.02594
151.30000 -63.84592 0.02168
151.35000 -63.84779 0.02520
151.40000 -63.84367 0.02548
151.45000 -63.84199 0.02815
151.50000 -63.83133 0.03613
151.55000 -63.83128 0.03682
151.60000 -63.82591 0.03851
151.65000 -63.83228 0.04518
151.70000 -63.83034 0.04535
151.75000 -63.83070 0.04998
151.80000 -63.82961 0.04930
151.85000 -63.83415 0.04888
151.90000 -63.83551 0.04511
151.95000 -63.83686 0.04725
152.00000 -63.83855 0.04571
152.05000 -63.83929 0.04552
152.10000 -63.84184 0.04094
152.15000 -63.84389 0.04253
152.20000 -63.84120 0.03212
152.25000 -63.84278 0.02916
152.30000 -63.84973 0.03204
152.35000 -63.84807 0.02434
152.40000 -63.84616 0.02494
152.45000 -63.84576 0.02599
152.50000 -63.85031 0.02609
152.55000 -63.84797 0.02318
152.60000 -63.84725 0.02145
152.65000 -63.83755 0.02187
152.70000 -63.83898 0.02000
152.75000 -63.84094 0.01922
152.80000 -63.84141 0.01824
152.85000 -63.84431 0.01932
152.90000 -63.84194 0.01707
152.95000 -63.84169 0.01709
153.00000 -63.83884 0.01954
153.05000 -63.83964 0.02045
153.10000 -63.84102 0.02074
153.15000 -63.84447 0.01753
153.20000 -63.84686 0.01634
153.25000 -63.84582 0.01575
153.30000 -63.84674 0.01653
153.35000 -63.85184 0.01943
153.40000 -63.85212 0.02183
153.45000 -63.85323 0.02122
153.50000 -63.85425 0.02317
153.55000 -63.85748 0.02320
153.60000 -63.86255 0.03334
153.65000 -63.85976 0.03141
153.70000 -63.86257 0.03604
153.75000 -63.86225 0.03799
153.80000 -63.86202 0.03581
153.85000 -63.86427 0.04121
153.90000 -63.86392 0.04298
153.95000 -63.85834 0.03806
154.00000 -63.86426 0.04217
154.05000 -63.86079 0.04278
154.10000 -63.86067 0.03754
154.15000 -63.86514 0.04103
154.20000 -63.85909 0.03478
154.25000 -63.86060 0.03633
154.30000 -63.86086 0.03745
154.35000 -63.86271 0.04158
154.40000 -63.86549 0.04503
154.45000 -63.86485 0.04194
154.50000 -63.87070 0.05405
154.55000 -63.87015 0.05682
154.60000 -63.87367 0.06378
154.65000 -63.86978 0.05177
154.70000 -63.86983 0.05855
154.75000 -63.87158 0.05560
154.80000 -63.87464 0.05854
154.85000 -63.87872 0.06662
154.90000 -63.87947 0.07274
154.95000 -63.87776 0.06482
155.00000 -63.87949 0.06817
155.05000 -63.88292 0.06806
155.10000 -63.88022 0.06494
155.15000 -63.88319 0.07026
155.20000 -63.87868 0.06653
155.25000 -63.87629 0.06206
155.30000 -63.87808 0.06223
155.35000 -63.87658 0.06007
155.40000 -63.87508 0.05926
155.45000 -63.86854 0.05070
155.50000 -63.87334 0.05687
155.55000 -63.87705 0.06794
155.60000 -63.87377 0.06596
155.65000 -63.87102 0.06393
155.70000 -63.87265 0.06167
155.75000 -63.87660 0.06858
155.80000 -63.87873 0.07542
155.85000 -63.87674 0.06654
155.90000 -63.87714 0.06646
155.95000 -63.87303 0.05940
156.00000 -63.87261 0.06206
156.05000 -63.87639 0.06497
156.10000 -63.87488 0.06104
156.15000 -63.87416 0.05507
156.20000 -63.87566 0.05418
156.25000 -63.87307 0.05184
156.30000 -63.86919 0.04656
156.35000 -63.86332 0.03703
156.40000 -63.86394 0.03305
156.45000 -63.86242 0.02930
156.50000 -63.85787 0.02252
156.55000 -63.85528 0.02302
156.60000 -63.84865 0.02587
156.65000 -63.85007 0.03081
156.70000 -63.84289 0.03141
156.75000 -63.84037 0.03985
156.80000 -63.84346 0.04050
156.85000 -63.83798 0.04781
156.90000 -63.83672 0.04609
156.95000 -63.83718 0.04873
157.00000 -63.84058 0.05039
157.05000 -63.84181 0.04965
157.10000 -63.84084 0.04240
157.15000 -63.84245 0.05117
157.20000 -63.84467 0.04683
157.25000 -63.84722 0.05179
157.30000 -63.84837 0.04263
157.35000 -63.85514 0.05744
157.40000 -63.85611 0.04512
157.45000 -63.85693 0.04338
157.50000 -63.85545 0.04245
157.55000 -63.85842 0.04158
157.60000 -63.85801 0.04613
157.65000 -63.86170 0.05120
157.70000 -63.86562 0.05264
157.75000 -63.86235 0.04936
157.80000 -63.86292 0.04635
157.85000 -63.86791 0.05048
157.90000 -63.86878 0.05166
157.95000 -63.87257 0.05229
158.00000 -63.86946 0.05003
158.05000 -63.87124 0.05217
158.10000 -63.87458 0.05635
158.15000 -63.87582 0.05817
158.20000 -63.87611 0.05959
158.25000 -63.87412 0.05775
158.30000 -63.87608 0.06011
158.35000 -63.87774 0.06164
158.40000 -63.88016 0.06759
158.45000 -63.87813 0.06816
158.50000 -63.87641 0.06743
158.55000 -63.88064 0.07492
158.60000 -63.87846 0.06889
158.65000 -63.87862 0.07558
158.70000 -63.88127 0.08146
158.75000 -63.88175 0.07915
158.80000 -63.88132 0.07646
158.85000 -63.88728 0.09054
158.90000 -63.88877 0.08970
158.95000 -63.89131 0.09269
159.00000 -63.89393 0.09756
159.05000 -63.89316 0.09355
159.10000 -63.89745 0.09770
159.15000 -63.89238 0.08892
159.20000 -63.88989 0.08759
159.25000 -63.89803 0.09857
159.30000 -63.89593 0.09262
159.35000 -63.89589 0.09047
159.40000 -63.89963 0.09483
159.45000 -63.90026 0.09609
159.50000 -63.89463 0.08707
159.55000 -63.89268 0.08535
159.60000 -63.89203 0.08543
159.65000 -63.89080 0.08496
159.70000 -63.89798 0.09447
159.75000 -63.89655 0.09634
159.80000 -63.89492 0.09499
159.85000 -63.89417 0.09419
159.90000 -63.89728 0.09887
159.95000 -63.89569 0.09741
160.00000 -63.89660 0.09675
160.05000 -63.89915 0.10143
160.10000 -63.90225 0.10780
160.15000 -63.90163 0.10477
160.20000 -63.90582 0.11549
160.25000 -63.90132 0.10874
160.30000 -63.90165 0.10924
160.35000 -63.90803 0.11943
160.40000 -63.90797 0.11927
160.45000 -63.90668 0.11866
160.50000 -63.90457 0.11328
160.55000 -63.90488 0.11137
160.60000 -63.90536 0.11042
160.65000 -63.90547 0.10892
160.70000 -63.90622 0.11018
160.75000 -63.90606 0.11113
160.80000 -63.89979 0.09866
160.85000 -63.89716 0.09390
160.90000 -63.88905 0.08218
160.95000 -63.88716 0.07811
161.00000 -63.88385 0.07236
161.05000 -63.88203 0.07018
161.10000 -63.87855 0.06567
161.15000 -63.87817 0.06405
161.20000 -63.87608 0.05564
161.25000 -63.87301 0.05356
161.30000 -63.86781 0.04387
161.35000 -63.86816 0.04073
161.40000 -63.86521 0.03471
161.45000 -63.86355 0.03745
161.50000 -63.85690 0.02901
161.55000 -63.85600 0.02874
161.60000 -63.85468 0.02754
161.65000 -63.85809 0.03398
161.70000 -63.85783 0.02785
161.75000 -63.85877 0.03115
161.80000 -63.86003 0.03196
161.85000 -63.85855 0.02944
161.90000 -63.86254 0.03616
161.95000 -63.85999 0.03534
162.00000 -63.86130 0.03459
162.05000 -63.86193 0.03451
162.10000 -63.85785 0.03043
162.15000 -63.85276 0.02389
162.20000 -63.85074 0.02003
162.25000 -63.85077 0.01926
162.30000 -63.84732 0.01708
162.35000 -63.84825 0.02248
162.40000 -63.84506 0.02932
162.45000 -63.84882 0.02916
162.50000 -63.85253 0.03609
162.55000 -63.84993 0.03205
162.60000 -63.85128 0.03633
162.65000 -63.84603 0.02805
162.70000 -63.85206 0.03268
162.75000 -63.85641 0.03732
162.80000 -63.85605 0.04645
162.85000 -63.85723 0.04558
162.90000 -63.85219 0.04337
162.95000 -63.85104 0.04707
163.00000 -63.85154 0.04451
163.05000 -63.85278 0.04958
163.10000 -63.85198 0.03846
163.15000 -63.85005 0.04099
163.20000 -63.85121 0.03302
163.25000 -63.85490 0.04118
163.30000 -63.84956 0.03063
163.35000 -63.84702 0.02990
163.40000 -63.84407 0.02877
163.45000 -63.84453 0.02369
163.50000 -63.83978 0.02380
163.55000 -63.83921 0.02552
163.60000 -63.84191 0.01718
163.65000 -63.83952 0.01276
163.70000 -63.83613 0.01644
163.75000 -63.83249 0.02193
163.80000 -63.82749 0.02717
163.85000 -63.81976 0.03824
163.90000 -63.81511 0.04496
163.95000 -63.81363 0.04920
164.00000 -63.81345 0.05175
164.05000 -63.80589 0.06170
164.10000 -63.80707 0.06107
164.15000 -63.80861 0.05989
164.20000 -63.80381 0.06654
164.25000 -63.80130 0.07094
164.30000 -63.79938 0.07127
164.35000 -63.79866 0.07465
164.40000 -63.79794 0.07386
164.45000 -63.79327 0.07864
164.50000 -63.79698 0.07314
164.55000 -63.79148 0.08281
164.60000 -63.79618 0.07612
164.65000 -63.79617 0.07573
164.70000 -63.79396 0.08163
164.75000 -63.79256 0.08895
164.80000 -63.78925 0.09917
164.85000 -63.78805 0.10091
164.90000 -63.78793 0.10385
164.95000 -63.78962 0.10753
165.00000 -63.79162 0.10602
165.05000 -63.79272 0.10615
165.10000 -63.78982 0.11236
165.15000 -63.79093 0.11341
165.20000 -63.79275 0.11732
165.25000 -63.79570 0.11284
165.30000 -63.79413 0.10870
165.35000 -63.79311 0.10693
165.40000 -63.79640 0.09856
165.45000 -63.79938 0.09602
165.50000 -63.79868 0.10090
165.55000 -63.79848 0.10209
165.60000 -63.79941 0.09695
165.65000 -63.80582 0.09289
165.70000 -63.80141 0.10246
165.75000 -63.80073 0.10515
165.80000 -63.79997 0.10561
165.85000 -63.80236 0.10158
165.90000 -63.80368 0.10203
165.95000 -63.80073 0.10300
166.00000 -63.79916 0.10969
166.05000 -63.80046 0.10740
166.10000 -63.79816 0.10464
166.15000 -63.80008 0.09947
166.20000 -63.79882 0.09994
166.25000 -63.79437 0.09875
166.30000 -63.79731 0.09763
166.35000 -63.79768 0.09465
166.40000 -63.80074 0.08343
166.45000 -63.80292 0.08215
166.50000 -63.80103 0.08420
166.55000 -63.80228 0.07652
166.60000 -63.80643 0.06750
166.65000 -63.81283 0.05648
166.70000 -63.81400 0.05622
166.75000 -63.81428 0.05803
166.80000 -63.81500 0.04919
166.85000 -63.81419 0.05018
166.90000 -63.81665 0.04515
166.95000 -63.81566 0.04522
167.00000 -63.81756 0.04305
167.05000 -63.81454 0.04842
167.10000 -63.81675 0.04772
167.15000 -63.82578 0.03669
167.20000 -63.82307 0.04131
167.25000 -63.82148 0.05080
167.30000 -63.82035 0.04251
167.35000 -63.82598 0.03281
167.40000 -63.82919 0.03274
167.45000 -63.82434 0.03350
167.50000 -63.83029 0.02658
167.55000 -63.83384 0.01904
167.60000 -63.83233 0.02073
167.65000 -63.83644 0.01619
167.70000 -63.83852 0.01581
167.75000 -63.83919 0.02159
167.80000 -63.83979 0.02214
167.85000 -63.84153 0.01796
167.90000 -63.84080 0.01451
167.95000 -63.84621 0.02334
168.00000 -63.84891 0.02604
168.05000 -63.84949 0.02431
168.10000 -63.84692 0.02660
168.15000 -63.85204 0.03555
168.20000 -63.85073 0.03636
168.25000 -63.85545 0.03533
168.30000 -63.85627 0.04342
168.35000 -63.85717 0.04064
168.40000 -63.85493 0.04347
168.45000 -63.85709 0.04319
168.50000 -63.85539 0.03707
168.55000 -63.85921 0.03608
168.60000 -63.86092 0.04157
168.65000 -63.86154 0.04886
168.70000 -63.86264 0.04628
168.75000 -63.86198 0.04646
168.80000 -63.86035 0.05027
168.85000 -63.86476 0.04490
168.90000 -63.86767 0.05173
168.95000 -63.86266 0.04688
169.00000 -63.86565 0.04810
169.05000 -63.86959 0.04839
169.10000 -63.87168 0.06095
169.15000 -63.86711 0.04864
169.20000 -63.86966 0.04822
169.25000 -63.87031 0.05261
169.30000 -63.87576 0.06072
169.35000 -63.87387 0.06000
169.40000 -63.87658 0.07034
169.45000 -63.87519 0.06559
169.50000 -63.87414 0.06619
169.55000 -63.87441 0.06293
169.60000 -63.87002 0.05748
169.65000 -63.86609 0.05517
169.70000 -63.86955 0.05123
169.75000 -63.86880 0.05200
169.80000 -63.86514 0.04849
169.85000 -63.86524 0.04016
169.90000 -63.86577 0.03385
169.95000 -63.86211 0.02904
170.00000 -63.85749 0.02863
170.05000 -63.85851 0.02927
170.10000 -63.85516 0.03047
170.15000 -63.84622 0.02893
170.20000 -63.84799 0.02590
170.25000 -63.84519 0.03263
170.30000 -63.83860 0.04324
170.35000 -63.84042 0.04946
170.40000 -63.83642 0.05366
170.45000 -63.83241 0.05378
170.50000 -63.83079 0.06420
170.55000 -63.83420 0.06813
170.60000 -63.82499 0.07440
170.65000 -63.82636 0.06464
170.70000 -63.82362 0.07101
170.75000 -63.82460 0.07655
170.80000 -63.82464 0.07182
170.85000 -63.82621 0.07671
170.90000 -63.82711 0.08315
170.95000 -63.82410 0.09017
171.00000 -63.81980 0.09225
171.05000 -63.81918 0.10195
171.10000 -63.81864 0.10076
171.15000 -63.81534 0.10399
171.20000 -63.81909 0.10397
171.25000 -63.81710 0.11020
171.30000 -63.81859 0.10164
171.35000 -63.81633 0.10778
171.40000 -63.80935 0.11836
171.45000 -63.80782 0.12260
171.50000 -63.80875 0.11041
171.55000 -63.80837 0.11136
171.60000 -63.80849 0.11169
171.65000 -63.81454 0.11654
171.70000 -63.81566 0.10314
171.75000 -63.81325 0.09983
171.80000 -63.81851 0.09693
171.85000 -63.82168 0.09213
171.90000 -63.82084 0.08927
171.95000 -63.82266 0.08448
172.00000 -63.82508 0.08087
172.05000 -63.82996 0.08012
172.10000 -63.83024 0.07961
172.15000 -63.82994 0.06743
172.20000 -63.83239 0.06388
172.25000 -63.83436 0.06060
172.30000 -63.83566 0.05690
172.35000 -63.83040 0.05660
172.40000 -63.83365 0.05373
172.45000 -63.83564 0.05793
172.50000 -63.83529 0.05253
172.55000 -63.83919 0.05803
172.60000 -63.83935 0.05401
172.65000 -63.83568 0.05418
172.70000 -63.84124 0.05439
172.75000 -63.83608 0.06312
172.80000 -63.83672 0.06699
172.85000 -63.83717 0.06801
172.90000 -63.83541 0.07088
172.95000 -63.83415 0.07458
173.00000 -63.83315 0.08019
173.05000 -63.83084 0.08133
173.10000 -63.83632 0.07855
173.15000 -63.83867 0.07985
173.20000 -63.84272 0.07744
173.25000 -63.84288 0.08447
173.30000 -63.84529 0.08123
173.35000 -63.84333 0.07704
173.40000 -63.84804 0.07141
173.45000 -63.84830 0.07456
173.50000 -63.85358 0.07947
173.55000 -63.85103 0.08941
173.60000 -63.85078 0.08205
173.65000 -63.85554 0.08111
173.70000 -63.85860 0.08025
173.75000 -63.86219 0.08461
173.80000 -63.85758 0.07622
173.85000 -63.85801 0.07210
173.90000 -63.86035 0.07042
173.95000 -63.85791 0.06410
174.00000 -63.85928 0.07303
174.05000 -63.86143 0.07627
174.10000 -63.85789 0.07401
174.15000 -63.85855 0.08114
174.20000 -63.86006 0.07765
174.25000 -63.86193 0.09095
174.30000 -63.85957 0.09536
174.35000 -63.85732 0.09032
174.40000 -63.85606 0.09201
174.45000 -63.85656 0.09717
174.50000 -63.85618 0.09813
174.55000 -63.85771 0.09982
174.60000 -63.85367 0.09846
174.65000 -63.85332 0.08988
174.70000 -63.85091 0.09292
174.75000 -63.84799 0.09507
174.80000 -63.84908 0.10646
174.85000 -63.84702 0.10362
174.90000 -63.84607 0.09913
174.95000 -63.84474 0.09413
175.00000 -63.84285 0.09984
175.05000 -63.84088 0.09812
175.10000 -63.84390 0.09961
175.15000 -63.84349 0.10330
175.20000 -63.84504 0.10240
175.25000 -63.84410 0.10853
175.30000 -63.84463 0.11455
175.35000 -63.84682 0.10587
175.40000 -63.84430 0.10530
175.45000 -63.84611 0.11579
175.50000 -63.84449 0.11384
175.55000 -63.84253 0.11125
175.60000 -63.84582 0.11431
175.65000 -63.84879 0.11976
175.70000 -63.84817 0.11302
175.75000 -63.85093 0.13242
175.80000 -63.85061 0.12494
175.85000 -63.85403 0.11590
175.90000 -63.85332 0.12008
175.95000 -63.85037 0.11463
176.00000 -63.85521 0.12026
176.05000 -63.85726 0.10988
176.10000 -63.85729 0.10468
176.15000 -63.86190 0.11571
176.20000 -63.85784 0.11367
176.25000 -63.85756 0.10176
176.30000 -63.86429 0.11325
176.35000 -63.86766 0.10769
176.40000 -63.86534 0.10451
176.45000 -63.86730 0.09581
176.50000 -63.86992 0.09777
176.55000 -63.86832 0.10239
176.60000 -63.86759 0.09717
176.65000 -63.86612 0.09586
176.70000 -63.86841 0.09198
176.75000 -63.86733 0.09365
176.80000 -63.86660 0.08515
176.85000 -63.86870 0.08555
176.90000 -63.86877 0.08212
176.95000 -63.86305 0.07375
177.00000 -63.86756 0.07534
177.05000 -63.86641 0.07153
177.10000 -63.86699 0.07637
177.15000 -63.86225 0.05681
177.20000 -63.86750 0.06265
177.25000 -63.87040 0.07415
177.30000 -63.87210 0.06932
177.35000 -63.86766 0.06184
177.40000 -63.87355 0.07215
177.45000 -63.87202 0.06573
177.50000 -63.87080 0.06715
177.55000 -63.87446 0.07292
177.60000 -63.87814 0.07714
177.65000 -63.87939 0.07307
177.70000 -63.88106 0.07773
177.75000 -63.87646 0.07487
177.80000 -63.87568 0.07103
177.85000 -63.87480 0.06996
177.90000 -63.86976 0.06184
177.95000 -63.86756 0.05867
178.00000 -63.86739 0.05668
178.05000 -63.86602 0.05618
178.10000 -63.86719 0.04847
178.15000 -63.86724 0.05255
178.20000 -63.86094 0.04364
178.25000 -63.86126 0.04212
178.30000 -63.86396 0.04800
178.35000 -63.85737 0.03767
178.40000 -63.85590 0.03372
178.45000 -63.85074 0.02093
178.50000 -63.85147 0.02187
178.55000 -63.84336 0.01235
178.60000 -63.84549 0.01529
178.65000 -63.84736 0.01861
178.70000 -63.84737 0.02046
178.75000 -63.84395 0.01949
178.80000 -63.84561 0.02071
178.85000 -63.84670 0.02060
178.90000 -63.84673 0.02507
178.95000 -63.84518 0.02209
179.00000 -63.84763 0.03254
179.05000 -63.84914 0.02435
179.10000 -63.85116 0.02450
179.15000 -63.85534 0.02890
179.20000 -63.85474 0.02894
179.25000 -63.85850 0.03206
179.30000 -63.85602 0.03030
179.35000 -63.85928 0.03110
179.40000 -63.85675 0.02520
179.45000 -63.86157 0.03304
179.50000 -63.86458 0.03871
179.55000 -63.86091 0.04208
179.60000 -63.85788 0.03549
179.65000 -63.85918 0.03641
179.70000 -63.86275 0.04455
179.75000 -63.86491 0.04841
179.80000 -63.86511 0.05851
179.85000 -63.86441 0.05657
179.90000 -63.86815 0.05349
179.95000 -63.86862 0.05167
180.00000 -63.86565 0.05870
180.05000 -63.86216 0.04815
180.10000 -63.86309 0.04442
180.15000 -63.86377 0.05119
180.20000 -63.86282 0.04763
180.25000 -63.85308 0.02860
180.30000 -63.84914 0.01777
180.35000 -63.84715 0.01533
180.40000 -63.84139 0.00805
180.45000 -63.84208 0.01411
180.50000 -63.83906 0.01253
180.55000 -63.83945 0.01465
180.60000 -63.84033 0.01759
180.65000 -63.83870 0.02381
180.70000 -63.84293 0.02508
180.75000 -63.84476 0.02255
180.80000 -63.84022 0.01912
180.85000 -63.84734 0.02145
180.90000 -63.84934 0.01881
180.95000 -63.85292 0.02812
181.00000 -63.85009 0.01999
181.05000 -63.85056 0.01751
181.10000 -63.84894 0.01392
181.15000 -63.85343 0.01972
181.20000 -63.85120 0.01265
181.25000 -63.85362 0.01848
181.30000 -63.85467 0.02060
181.35000 -63.85363 0.01989
181.40000 -63.86123 0.03170
181.45000 -63.86087 0.03194
181.50000 -63.86637 0.03904
181.55000 -63.86552 0.03959
181.60000 -63.86394 0.03599
181.65000 -63.86675 0.04037
181.70000 -63.86605 0.04096
181.75000 -63.87237 0.05051
181.80000 -63.87006 0.04771
181.85000 -63.86884 0.04764
181.90000 -63.87335 0.05651
181.95000 -63.87356 0.05840
182.00000 -63.87412 0.05810
182.05000 -63.87118 0.05151
182.10000 -63.87479 0.05620
182.15000 -63.87811 0.06205
182.20000 -63.86804 0.04376
182.25000 -63.87057 0.04884
182.30000 -63.86668 0.04499
182.35000 -63.86757 0.04499
182.40000 -63.86366 0.03937
182.45000 -63.85916 0.03192
182.50000 -63.86350 0.04272
182.55000 -63.85946 0.03644
182.60000 -63.85675 0.03286
182.65000 -63.85527 0.03507
182.70000 -63.85987 0.04319
182.75000 -63.86038 0.04448
182.80000 -63.85864 0.04016
182.85000 -63.85739 0.03755
182.90000 -63.85785 0.03521
182.95000 -63.85897 0.03391
183.00000 -63.85926 0.03440
183.05000 -63.86202 0.03948
183.10000 -63.85961 0.03565
183.15000 -63.86248 0.03576
183.20000 -63.86259 0.03810
183.25000 -63.86700 0.04185
183.30000 -63.86229 0.03499
183.35000 -63.86075 0.03847
183.40000 -63.86198 0.03402
183.45000 -63.86000 0.02641
183.50000 -63.86303 0.03103
183.55000 -63.85712 0.02400
183.60000 -63.85633 0.02589
183.65000 -63.85134 0.02057
183.70000 -63.85662 0.02307
183.75000 -63.85298 0.01963
183.80000 -63.85291 0.02448
183.85000 -63.85307 0.02459
183.90000 -63.84973 0.03370
183.95000 -63.84606 0.03481
184.00000 -63.84781 0.03248
184.05000 -63.84177 0.03985
184.10000 -63.83888 0.04940
184.15000 -63.83974 0.05459
184.20000 -63.83784 0.05282
184.25000 -63.83403 0.05716
184.30000 -63.82982 0.05632
184.35000 -63.82871 0.05257
184.40000 -63.83221 0.04251
184.45000 -63.82941 0.04606
184.50000 -63.82250 0.04558
184.55000 -63.81865 0.05271
184.60000 -63.82292 0.04367
184.65000 -63.81950 0.04977
184.70000 -63.81967 0.04099
184.75000 -63.81825 0.04052
184.80000 -63.81744 0.03952
184.85000 -63.81834 0.03790
184.90000 -63.81978 0.03288
184.95000 -63.82209 0.03107
185.00000 -63.81925 0.03598
185.05000 -63.81455 0.04334
185.10000 -63.81810 0.03981
185.15000 -63.81582 0.04410
185.20000 -63.81662 0.04170
185.25000 -63.82094 0.03611
185.30000 -63.82111 0.03834
185.35000 -63.81717 0.04292
185.40000 -63.82079 0.03917
185.45000 -63.81764 0.04267
185.50000 -63.81988 0.03358
185.55000 -63.82446 0.02938
185.60000 -63.82335 0.03386
185.65000 -63.82488 0.03581
185.70000 -63.83214 0.03531
185.75000 -63.83079 0.03255
185.80000 -63.83208 0.03451
185.85000 -63.83521 0.02754
185.90000 -63.83574 0.02756
185.95000 -63.83703 0.03330
186.00000 -63.83420 0.04500
186.05000 -63.84169 0.03492
186.10000 -63.84407 0.02981
186.15000 -63.84008 0.02461
186.20000 -63.84289 0.02074
186.25000 -63.83982 0.02073
186.30000 -63.83968 0.02271
186.35000 -63.84292 0.02290
186.40000 -63.84488 0.02115
186.45000 -63.84091 0.01703
186.50000 -63.84195 0.02582
186.55000 -63.84093 0.02272
186.60000 -63.83965 0.01989
186.65000 -63.84191 0.01942
186.70000 -63.84251 0.02316
186.75000 -63.84493 0.02124
186.80000 -63.84258 0.02005
186.85000 -63.84161 0.01946
186.90000 -63.84523 0.02255
186.95000 -63.84831 0.02542
187.00000 -63.84864 0.02878
187.05000 -63.85120 0.03167
187.10000 -63.84727 0.02746
187.15000 -63.85334 0.03434
187.20000 -63.85439 0.03867
187.25000 -63.85359 0.03725
187.30000 -63.84805 0.03584
187.35000 -63.84794 0.03813
187.40000 -63.85111 0.04145
187.45000 -63.85352 0.04212
187.50000 -63.85059 0.03408
187.55000 -63.84938 0.03233
187.60000 -63.85295 0.04107
187.65000 -63.84698 0.03332
187.70000 -63.84582 0.02768
187.75000 -63.85114 0.03578
187.80000 -63.85052 0.03594
187.85000 -63.85652 0.04493
187.90000 -63.85484 0.04292
187.95000 -63.85723 0.04847
188.00000 -63.85888 0.04936
188.05000 -63.86024 0.04897
188.10000 -63.86494 0.05384
188.15000 -63.86557 0.05587
188.20000 -63.86451 0.05289
188.25000 -63.86488 0.05382
188.30000 -63.86120 0.04843
188.35000 -63.86459 0.04996
188.40000 -63.86269 0.04951
188.45000 -63.86319 0.04982
188.50000 -63.86659 0.05192
188.55000 -63.86928 0.05698
188.60000 -63.86885 0.05501
188.65000 -63.86910 0.05460
188.70000 -63.86932 0.05398
188.75000 -63.86697 0.05299
188.80000 -63.86198 0.04294
188.85000 -63.86334 0.04580
188.90000 -63.86252 0.04714
188.95000 -63.86525 0.04913
189.00000 -63.85852 0.03807
189.05000 -63.85861 0.03710
189.10000 -63.85775 0.03719
189.15000 -63.85924 0.03546
189.20000 -63.86049 0.03945
189.25000 -63.86306 0.04533
189.30000 -63.86014 0.04079
189.35000 -63.86293 0.04509
189.40000 -63.86719 0.05244
189.45000 -63.86505 0.05007
189.50000 -63.86517 0.04804
189.55000 -63.86679 0.05122
189.60000 -63.86335 0.04695
189.65000 -63.86439 0.04622
189.70000 -63.86370 0.04669
189.75000 -63.86352 0.04537
189.80000 -63.86160 0.04124
189.85000 -63.86281 0.04035
189.90000 -63.86439 0.04224
189.95000 -63.86191 0.03545
190.00000 -63.86130 0.03433
190.05000 -63.85856 0.03144
190.10000 -63.85631 0.02861
190.15000 -63.85240 0.02876
190.20000 -63.85179 0.03089
190.25000 -63.85670 0.03659
190.30000 -63.85548 0.03776
190.35000 -63.85675 0.03608
190.40000 -63.85904 0.04254
190.45000 -63.86025 0.04160
190.50000 -63.85477 0.03594
190.55000 -63.85970 0.04352
190.60000 -63.86023 0.04443
190.65000 -63.86135 0.04801
190.70000 -63.85863 0.04419
190.75000 -63.86339 0.05089
190.80000 -63.86004 0.04575
190.85000 -63.86020 0.05077
190.90000 -63.86212 0.04630
190.95000 -63.86354 0.05240
191.00000 -63.86468 0.05595
191.05000 -63.86519 0.05601
191.10000 -63.86515 0.05462
191.15000 -63.86780 0.05885
191.20000 -63.87026 0.06103
191.25000 -63.87143 0.06420
191.30000 -63.86985 0.06172
191.35000 -63.87084 0.06270
191.40000 -63.87783 0.06921
191.45000 -63.87854 0.07022
191.50000 -63.87632 0.06815
191.55000 -63.87750 0.06833
191.60000 -63.88065 0.07126
191.65000 -63.87466 0.06161
191.70000 -63.87657 0.06469
191.75000 -63.87429 0.05894
191.80000 -63.87208 0.05640
191.85000 -63.87125 0.05796
191.90000 -63.87086 0.05615
191.95000 -63.86589 0.04604
192.00000 -63.86075 0.04569
192.05000 -63.86154 0.04466
192.10000 -63.86153 0.04365
192.15000 -63.85689 0.04318
192.20000 -63.86262 0.04831
192.25000 -63.86087 0.04311
192.30000 -63.86293 0.05058
192.35000 -63.86296 0.05241
192.40000 -63.85695 0.04720
192.45000 -63.85737 0.03803
192.50000 -63.85613 0.03625
192.55000 -63.85436 0.03276
192.60000 -63.85276 0.03102
192.65000 -63.84842 0.02020
192.70000 -63.84819 0.02199
192.75000 -63.84606 0.02134
192.80000 -63.84050 0.02225
192.85000 -63.83545 0.02637
192.90000 -63.83434 0.02573
192.95000 -63.83319 0.02760
193.00000 -63.82698 0.03230
193.05000 -63.82571 0.03280
193.10000 -63.82199 0.03745
193.15000 -63.82083 0.03907
193.20000 -63.81515 0.04903
193.25000 -63.81557 0.05054
193.30000 -63.81316 0.05326
193.35000 -63.81025 0.05928
193.40000 -63.80662 0.06464
193.45000 -63.79990 0.07093
193.50000 -63.80266 0.06648
193.55000 -63.80177 0.06753
193.60000 -63.80374 0.06630
193.65000 -63.79671 0.07513
193.70000 -63.79755 0.07074
193.75000 -63.79680 0.07034
193.80000 -63.79182 0.07749
193.85000 -63.79314 0.07388
193.90000 -63.78938 0.07738
193.95000 -63.78529 0.08227
194.00000 -63.78621 0.07941
194.05000 -63.78401 0.08592
194.10000 -63.78454 0.08477
194.15000 -63.78460 0.08949
194.20000 -63.78048 0.09039
194.25000 -63.78745 0.08482
194.30000 -63.78964 0.08067
194.35000 -63.79450 0.07588
194.40000 -63.79350 0.07665
194.45000 -63.78882 0.07986
194.50000 -63.79322 0.07397
194.55000 -63.79721 0.06938
194.60000 -63.79856 0.06582
194.65000 -63.80043 0.06704
194.70000 -63.80643 0.05383
194.75000 -63.80296 0.06174
194.80000 -63.80215 0.06111
194.85000 -63.79880 0.06521
194.90000 -63.80202 0.06187
194.95000 -63.80311 0.06209
195.00000 -63.80716 0.05798
195.05000 -63.80783 0.06273
195.10000 -63.80703 0.05684
195.15000 -63.80540 0.05804
195.20000 -63.80809 0.05751
195.25000 -63.80958 0.05479
195.30000 -63.80773 0.05715
195.35000 -63.81003 0.05332
195.40000 -63.81094 0.05417
195.45000 -63.81120 0.04904
195.50000 -63.81354 0.05063
195.55000 -63.81401 0.05649
195.60000 -63.81585 0.05404
195.65000 -63.82032 0.05437
195.70000 -63.81681 0.05187
195.75000 -63.81901 0.05218
195.80000 -63.82130 0.05965
195.85000 -63.82953 0.05180
195.90000 -63.83202 0.05608
195.95000 -63.83132 0.05510
196.00000 -63.83318 0.05213
196.05000 -63.83195 0.03918
196.10000 -63.83074 0.04134
196.15000 -63.83518 0.03972
196.20000 -63.83423 0.05118
196.25000 -63.83532 0.04511
196.30000 -63.83652 0.05724
196.35000 -63.83423 0.05804
196.40000 -63.83653 0.06699
196.45000 -63.83457 0.05945
196.50000 -63.83203 0.05390
196.55000 -63.83134 0.04692
196.60000 -63.82888 0.04574
196.65000 -63.82364 0.04348
196.70000 -63.81945 0.04352
196.75000 -63.81969 0.04084
196.80000 -63.81023 0.05372
196.85000 -63.81111 0.05289
196.90000 -63.80608 0.05805
196.95000 -63.80336 0.06247
197.00000 -63.80320 0.06033
197.05000 -63.80135 0.06392
197.10000 -63.80580 0.05552
197.15000 -63.80615 0.05560
197.20000 -63.80623 0.05864
197.25000 -63.80823 0.05553
197.30000 -63.81037 0.05654
197.35000 -63.81185 0.05339
197.40000 -63.81300 0.05044
197.45000 -63.81319 0.05176
197.50000 -63.81825 0.04279
197.55000 -63.82117 0.03799
197.60000 -63.81952 0.03956
197.65000 -63.81783 0.04194
197.70000 -63.81995 0.03729
197.75000 -63.81921 0.03805
197.80000 -63.81929 0.03913
197.85000 -63.82227 0.03304
197.90000 -63.82379 0.02803
197.95000 -63.82417 0.02839
198.00000 -63.82219 0.02981
198.05000 -63.82401 0.02693
198.10000 -63.81913 0.04007
198.15000 -63.81744 0.04069
198.20000 -63.81602 0.04094
198.25000 -63.81964 0.03839
198.30000 -63.81902 0.04127
198.35000 -63.81780 0.04274
198.40000 -63.81471 0.04245
198.45000 -63.81679 0.04437
198.50000 -63.81492 0.04744
198.55000 -63.81154 0.05126
198.60000 -63.81153 0.04708
198.65000 -63.81337 0.04518
198.70000 -63.81229 0.04610
198.75000 -63.81015 0.04617
198.80000 -63.81213 0.04359
198.85000 -63.81572 0.03739
198.90000 -63.81357 0.04267
198.95000 -63.81695 0.03528
199.00000 -63.81510 0.03800
199.05000 -63.81686 0.03871
199.10000 -63.81859 0.03713
199.15000 -63.82216 0.03313
199.20000 -63.82350 0.03554
199.25000 -63.82183 0.03770
199.30000 -63.83168 0.02318
199.35000 -63.83049 0.02961
199.40000 -63.82822 0.03181
199.45000 -63.82871 0.03356
199.50000 -63.82884 0.03147
199.55000 -63.82648 0.03968
199.60000 -63.82906 0.03532
199.65000 -63.82831 0.03954
199.70000 -63.82678 0.04306
199.75000 -63.82514 0.04677
199.80000 -63.82340 0.04790
199.85000 -63.82392 0.04046
199.90000 -63.82110 0.04715
199.95000 -63.81830 0.05236
200.00000 -63.81637 0.05832
200.05000 -63.81087 0.06461
200.10000 -63.80460 0.07441
200.15000 -63.80192 0.07983
200.20000 -63.79838 0.08790
200.25000 -63.79679 0.09116
200.30000 -63.79582 0.09000
200.35000 -63.79754 0.08744
200.40000 -63.80284 0.08135
200.45000 -63.80424 0.08003
200.50000 -63.80552 0.07583
200.55000 -63.80953 0.06677
200.60000 -63.81026 0.06518
200.65000 -63.81075 0.06748
200.70000 -63.81537 0.05968
200.75000 -63.81925 0.04840
200.80000 -63.81941 0.04892
200.85000 -63.81785 0.05072
200.90000 -63.81838 0.04889
200.95000 -63.81943 0.05034
201.00000 -63.81969 0.05137
201.05000 -63.81174 0.06167
201.10000 -63.81200 0.06146
201.15000 -63.81672 0.05505
201.20000 -63.81539 0.05560
201.25000 -63.81875 0.05302
201.30000 -63.82066 0.05323
201.35000 -63.81655 0.05068
201.40000 -63.82251 0.04508
201.45000 -63.81986 0.04906
201.50000 -63.81902 0.04736
201.55000 -63.81863 0.04728
201.60000 -63.82052 0.04010
201.65000 -63.82129 0.04240
201.70000 -63.82178 0.04078
201.75000 -63.82472 0.04162
201.80000 -63.82585 0.03841
201.85000 -63.82874 0.02992
201.90000 -63.82552 0.03023
201.95000 -63.82605 0.02714
202.00000 -63.83174 0.02051
202.05000 -63.83294 0.01720
202.10000 -63.83885 0.01265
202.15000 -63.83566 0.01335
202.20000 -63.83684 0.01361
202.25000 -63.83936 0.01461
202.30000 -63.83726 0.02131
202.35000 -63.84052 0.02209
202.40000 -63.84060 0.01818
202.45000 -63.84297 0.01763
202.50000 -63.84417 0.02424
202.55000 -63.84258 0.02783
202.60000 -63.84926 0.03519
202.65000 -63.84666 0.04460
202.70000 -63.84610 0.05190
202.75000 -63.84828 0.05649
202.80000 -63.84989 0.05613
202.85000 -63.84487 0.05220
202.90000 -63.84961 0.06265
202.95000 -63.85110 0.05847
203.00000 -63.84783 0.05439
203.05000 -63.85089 0.05380
203.10000 -63.84811 0.05234
203.15000 -63.84730 0.05027
203.20000 -63.84680 0.05022
203.25000 -63.84761 0.05205
203.30000 -63.84899 0.04999
203.35000 -63.84724 0.05285
203.40000 -63.84869 0.05635
203.45000 -63.84845 0.04698
203.50000 -63.84996 0.04965
203.55000 -63.84898 0.04864
203.60000 -63.84954 0.05521
203.65000 -63.85206 0.04316
203.70000 -63.85306 0.04463
203.75000 -63.85257 0.04410
203.80000 -63.85294 0.03572
203.85000 -63.85794 0.04069
203.90000 -63.85525 0.03646
203.95000 -63.85456 0.03736
204.00000 -63.85113 0.04290
204.05000 -63.85121 0.05419
204.10000 -63.85073 0.05760
204.15000 -63.85112 0.05914
204.20000 -63.84747 0.05927
204.25000 -63.84428 0.07224
204.30000 -63.84411 0.07139
204.35000 -63.83922 0.06950
204.40000 -63.84089 0.07386
204.45000 -63.83778 0.07925
204.50000 -63.84162 0.07411
204.55000 -63.83894 0.07406
204.60000 -63.84030 0.07389
204.65000 -63.83925 0.06814
204.70000 -63.84178 0.06414
204.75000 -63.84386 0.06730
204.80000 -63.84117 0.05891
204.85000 -63.83855 0.04692
204.90000 -63.84347 0.05183
204.95000 -63.84099 0.04991
205.00000 -63.83815 0.04406
205.05000 -63.84309 0.04125
205.10000 -63.83814 0.03730
205.15000 -63.83832 0.04458
205.20000 -63.84013 0.04043
205.25000 -63.84345 0.04384
205.30000 -63.84203 0.04467
205.35000 -63.84033 0.04005
205.40000 -63.84093 0.04489
205.45000 -63.84537 0.04665
205.50000 -63.84321 0.04591
205.55000 -63.84190 0.04318
205.60000 -63.84803 0.04838
205.65000 -63.84634 0.04472
205.70000 -63.84929 0.04891
205.75000 -63.85087 0.05697
205.80000 -63.85091 0.05437
205.85000 -63.85027 0.04967
205.90000 -63.85149 0.04760
205.95000 -63.85259 0.04639
206.00000 -63.84904 0.04509
206.05000 -63.84525 0.04782
206.10000 -63.84474 0.04704
206.15000 -63.84491 0.03877
206.20000 -63.84372 0.03935
206.25000 -63.83869 0.04000
206.30000 -63.83949 0.03305
206.35000 -63.83749 0.03075
206.40000 -63.83995 0.02312
206.45000 -63.83626 0.03567
206.50000 -63.83670 0.04091
206.55000 -63.83622 0.03988
206.60000 -63.83918 0.03698
206.65000 -63.83844 0.04856
206.70000 -63.83793 0.05088
206.75000 -63.83783 0.04902
206.80000 -63.83716 0.04572
206.85000 -63.83512 0.04462
206.90000 -63.83071 0.04952
206.95000 -63.83073 0.04310
207.00000 -63.83087 0.04746
207.05000 -63.82739 0.04866
207.10000 -63.82895 0.03976
207.15000 -63.83395 0.03690
207.20000 -63.83127 0.03604
207.25000 -63.83030 0.04111
207.30000 -63.82597 0.04588
207.35000 -63.83224 0.03687
207.40000 -63.82633 0.03519
207.45000 -63.82644 0.03738
207.50000 -63.82171 0.03951
207.55000 -63.82086 0.03599
207.60000 -63.82642 0.02431
207.65000 -63.82687 0.02311
207.70000 -63.82127 0.02651
207.75000 -63.83019 0.01987
207.80000 -63.83111 0.01781
207.85000 -63.82879 0.01504
207.90000 -63.83336 0.01336
207.95000 -63.83932 0.02086
208.00000 -63.83841 0.02328
208.05000 -63.83980 0.02119
208.10000 -63.84405 0.02609
208.15000 -63.84645 0.03147
208.20000 -63.84549 0.02943
208.25000 -63.84722 0.03166
208.30000 -63.85044 0.03821
208.35000 -63.84883 0.03518
208.40000 -63.84877 0.03549
208.45000 -63.84737 0.03615
208.50000 -63.84527 0.03238
208.55000 -63.84773 0.03802
208.60000 -63.84933 0.03790
208.65000 -63.84768 0.03549
208.70000 -63.84860 0.04268
208.75000 -63.85292 0.04627
208.80000 -63.84965 0.04004
208.85000 -63.85535 0.05191
208.90000 -63.85657 0.05287
208.95000 -63.85614 0.05152
209.00000 -63.85569 0.05378
209.05000 -63.85794 0.05588
209.10000 -63.86267 0.06377
209.15000 -63.86016 0.05944
209.20000 -63.86154 0.06600
209.25000 -63.86118 0.06660
209.30000 -63.86122 0.06735
209.35000 -63.86094 0.05963
209.40000 -63.86009 0.06319
209.45000 -63.86066 0.06476
209.50000 -63.86235 0.06720
209.55000 -63.85925 0.06002
209.60000 -63.85813 0.05646
209.65000 -63.85837 0.06210
209.70000 -63.85246 0.05946
209.75000 -63.85299 0.06099
209.80000 -63.84793 0.05543
209.85000 -63.85102 0.05996
209.90000 -63.84420 0.06283
209.95000 -63.84370 0.06280
210.00000 -63.84275 0.05898
210.05000 -63.84339 0.06951
210.10000 -63.84734 0.06509
210.15000 -63.84215 0.06697
210.20000 -63.84700 0.06687
210.25000 -63.84406 0.07074
210.30000 -63.84680 0.06915
210.35000 -63.84621 0.06015
210.40000 -63.84976 0.06213
210.45000 -63.85040 0.06617
210.50000 -63.85096 0.07352
210.55000 -63.85124 0.06576
210.60000 -63.84838 0.05770
210.65000 -63.84564 0.05577
210.70000 -63.84116 0.05229
210.75000 -63.84000 0.04137
210.80000 -63.84129 0.04043
210.85000 -63.83962 0.04298
210.90000 -63.83739 0.04387
210.95000 -63.83616 0.04092
211.00000 -63.83478 0.04776
211.05000 -63.83448 0.04630
211.10000 -63.83144 0.04813
211.15000 -63.83536 0.04320
211.20000 -63.83457 0.04540
211.25000 -63.83380 0.04185
211.30000 -63.83479 0.04588
211.35000 -63.83825 0.04645
211.40000 -63.83700 0.04485
211.45000 -63.83596 0.04914
211.50000 -63.83604 0.04799
211.55000 -63.83468 0.04242
211.60000 -63.83719 0.04820
211.65000 -63.84110 0.04792
211.70000 -63.84033 0.04578
211.75000 -63.83699 0.04174
211.80000 -63.83668 0.03448
211.85000 -63.83417 0.02680
211.90000 -63.83328 0.02957
211.95000 -63.83741 0.02803
212.00000 -63.84140 0.03457
212.05000 -63.84551 0.03746
212.10000 -63.83969 0.02244
212.15000 -63.83163 0.01301
212.20000 -63.83174 0.01206
212.25000 -63.83089 0.01341
212.30000 -63.83363 0.01486
212.35000 -63.83157 0.01722
212.40000 -63.82695 0.02069
212.45000 -63.82813 0.02800
212.50000 -63.83145 0.02126
212.55000 -63.82980 0.01727
212.60000 -63.82901 0.01941
212.65000 -63.83296 0.01596
212.70000 -63.83050 0.02103
212.75000 -63.82814 0.02241
212.80000 -63.83289 0.01410
212.85000 -63.83357 0.01284
212.90000 -63.83292 0.01228
212.95000 -63.83411 0.01213
213.00000 -63.82554 0.02077
213.05000 -63.82936 0.01560
213.10000 -63.82496 0.02171
213.15000 -63.82248 0.02135
213.20000 -63.82598 0.01975
213.25000 -63.82198 0.02415
213.30000 -63.82067 0.02701
213.35000 -63.81798 0.03291
213.40000 -63.82005 0.02669
213.45000 -63.81736 0.03163
213.50000 -63.82119 0.02415
213.55000 -63.82794 0.01532
213.60000 -63.82960 0.01346
213.65000 -63.82771 0.01510
213.70000 -63.83165 0.01238
213.75000 -63.83693 0.01986
213.80000 -63.83910 0.02090
213.85000 -63.83808 0.01453
213.90000 -63.83906 0.01658
213.95000 -63.84751 0.02804
214.00000 -63.85196 0.03377
214.05000 -63.84840 0.03387
214.10000 -63.85055 0.03544
214.15000 -63.85569 0.04716
214.20000 -63.85744 0.05084
214.25000 -63.85276 0.04473
214.30000 -63.84786 0.04128
214.35000 -63.84934 0.04716
214.40000 -63.84436 0.04342
214.45000 -63.84381 0.04030
214.50000 -63.84468 0.04422
214.55000 -63.84265 0.04797
214.60000 -63.83685 0.03568
214.65000 -63.84045 0.03812
214.70000 -63.83916 0.03253
214.75000 -63.84136 0.03548
214.80000 -63.83726 0.03203
214.85000 -63.83800 0.03306
214.90000 -63.84167 0.03805
214.95000 -63.83602 0.02731
215.00000 -63.83362 0.02348
215.05000 -63.83514 0.02671
215.10000 -63.83288 0.02626
215.15000 -63.82743 0.02490
215.20000 -63.83020 0.03069
215.25000 -63.82975 0.04114
215.30000 -63.83282 0.03636
215.35000 -63.83470 0.03898
215.40000 -63.83603 0.03441
215.45000 -63.83207 0.03524
215.50000 -63.82985 0.03834
215.55000 -63.82610 0.04264
215.60000 -63.83070 0.04230
215.65000 -63.82855 0.04888
215.70000 -63.82431 0.04578
215.75000 -63.82805 0.04907
215.80000 -63.82571 0.04552
215.85000 -63.82434 0.04218
215.90000 -63.82533 0.03326
215.95000 -63.82875 0.03570
216.00000 -63.82761 0.03071
216.05000 -63.83113 0.02751
216.10000 -63.83192 0.02897
216.15000 -63.83645 0.02602
216.20000 -63.83825 0.02234
216.25000 -63.83338 0.02255
216.30000 -63.83351 0.02402
216.35000 -63.83397 0.01989
216.40000 -63.83665 0.02824
216.45000 -63.83787 0.02592
216.50000 -63.84200 0.03059
216.55000 -63.84158 0.03524
216.60000 -63.84292 0.03673
216.65000 -63.84301 0.04464
216.70000 -63.84254 0.04297
216.75000 -63.84204 0.04821
216.80000 -63.83531 0.04796
216.85000 -63.83943 0.04809
216.90000 -63.84042 0.05179
216.95000 -63.83326 0.05885
217.00000 -63.83240 0.05557
217.05000 -63.83300 0.05902
217.10000 -63.83490 0.06531
217.15000 -63.83384 0.07078
217.20000 -63.83926 0.06047
217.25000 -63.84007 0.06661
217.30000 -63.83848 0.05987
217.35000 -63.84155 0.06238
217.40000 -63.84236 0.05948
217.45000 -63.84177 0.05629
217.50000 -63.84516 0.05242
217.55000 -63.84137 0.04206
217.60000 -63.83800 0.02607
217.65000 -63.83746 0.02772
217.70000 -63.83524 0.02094
217.75000 -63.83502 0.01578
217.80000 -63.83221 0.01060
217.85000 -63.83553 0.01191
217.90000 -63.83718 0.01281
217.95000 -63.83281 0.01070
218.00000 -63.83469 0.01491
218.05000 -63.83276 0.01919
218.10000 -63.83017 0.02625
218.15000 -63.83402 0.02086
218.20000 -63.83449 0.01311
218.25000 -63.83482 0.01446
218.30000 -63.83535 0.01261
218.35000 -63.82823 0.01458
218.40000 -63.82674 0.01665
218.45000 -63.82702 0.01495
218.50000 -63.83079 0.01533
218.55000 -63.83135 0.01735
218.60000 -63.82969 0.01740
218.65000 -63.83077 0.02084
218.70000 -63.82922 0.01610
218.75000 -63.82920 0.01852
218.80000 -63.82844 0.01940
218.85000 -63.82070 0.02646
218.90000 -63.82127 0.03051
218.95000 -63.82434 0.02757
219.00000 -63.81813 0.03334
219.05000 -63.82466 0.02857
219.10000 -63.82225 0.02984
219.15000 -63.82639 0.03149
219.20000 -63.82016 0.03916
219.25000 -63.81680 0.04054
219.30000 -63.81811 0.03973
219.35000 -63.82228 0.03560
219.40000 -63.82084 0.04065
219.45000 -63.82084 0.04226
219.50000 -63.81865 0.03930
219.55000 -63.81938 0.03813
219.60000 -63.81761 0.05211
219.65000 -63.82005 0.04872
219.70000 -63.81785 0.05367
219.75000 -63.82248 0.05575
219.80000 -63.82314 0.05534
219.85000 -63.82517 0.05587
219.90000 -63.82364 0.06412
219.95000 -63.82379 0.05669
220.00000 -63.82360 0.05572
220.05000 -63.82486 0.04814
220.10000 -63.82444 0.05351
220.15000 -63.82107 0.05338
220.20000 -63.81777 0.05428
220.25000 -63.81650 0.05980
220.30000 -63.81416 0.05810
220.35000 -63.81088 0.06298
220.40000 -63.81046 0.06585
220.45000 -63.81285 0.05637
220.50000 -63.81423 0.04856
220.55000 -63.81167 0.05752
220.60000 -63.80895 0.05666
220.65000 -63.80767 0.05739
220.70000 -63.81058 0.05122
220.75000 -63.81422 0.04592
220.80000 -63.81352 0.04299
220.85000 -63.81640 0.04611
220.90000 -63.82016 0.03850
220.95000 -63.82389 0.03608
221.00000 -63.82261 0.03521
221.05000 -63.82635 0.03823
221.10000 -63.83132 0.03795
221.15000 -63.83150 0.03597
221.20000 -63.83436 0.03050
221.25000 -63.83762 0.03280
221.30000 -63.83894 0.03954
221.35000 -63.84175 0.03533
221.40000 -63.83812 0.03959
221.45000 -63.84363 0.03009
221.50000 -63.84742 0.03787
221.55000 -63.84451 0.02970
221.60000 -63.84286 0.02756
221.65000 -63.84634 0.03455
221.70000 -63.85185 0.04217
221.75000 -63.84831 0.04574
221.80000 -63.85184 0.04485
221.85000 -63.85224 0.04582
221.90000 -63.85060 0.03981
221.95000 -63.84932 0.03925
222.00000 -63.85058 0.04424
222.05000 -63.85174 0.04692
222.10000 -63.85089 0.04976
222.15000 -63.84596 0.04769
222.20000 -63.84435 0.05694
222.25000 -63.84145 0.05999
222.30000 -63.84230 0.06816
222.35000 -63.84067 0.07510
222.40000 -63.83952 0.07538
222.45000 -63.83493 0.08356
222.50000 -63.83080 0.08469
222.55000 -63.83469 0.08007
222.60000 -63.83660 0.08690
222.65000 -63.83909 0.08958
222.70000 -63.83874 0.08781
222.75000 -63.83903 0.08682
222.80000 -63.83799 0.08937
222.85000 -63.83306 0.08308
222.90000 -63.83574 0.09098
222.95000 -63.84114 0.08869
223.00000 -63.83905 0.07772
223.05000 -63.83747 0.07611
223.10000 -63.83396 0.06941
223.15000 -63.83920 0.07557
223.20000 -63.84147 0.07110
223.25000 -63.84197 0.07827
223.30000 -63.83694 0.07211
223.35000 -63.83904 0.07808
223.40000 -63.84369 0.07476
223.45000 -63.84436 0.07690
223.50000 -63.83909 0.07950
223.55000 -63.84356 0.08428
223.60000 -63.84150 0.07658
223.65000 -63.84590 0.08194
223.70000 -63.84255 0.07901
223.75000 -63.83980 0.08496
223.80000 -63.83741 0.07404
223.85000 -63.83284 0.06559
223.90000 -63.83302 0.07056
223.95000 -63.82986 0.06528
224.00000 -63.82803 0.06199
224.05000 -63.82043 0.06053
224.10000 -63.82052 0.05817
224.15000 -63.82114 0.05846
224.20000 -63.81686 0.06152
224.25000 -63.81794 0.05556
224.30000 -63.81473 0.05709
224.35000 -63.81700 0.05626
224.40000 -63.81952 0.04846
224.45000 -63.81636 0.05321
224.50000 -63.81484 0.05501
224.55000 -63.82001 0.04581
224.60000 -63.82244 0.04616
224.65000 -63.82208 0.03827
224.70000 -63.82548 0.04210
224.75000 -63.82442 0.03561
224.80000 -63.82409 0.03504
224.85000 -63.82931 0.03163
224.90000 -63.82956 0.03263
224.95000 -63.82759 0.03695
225.00000 -63.83204 0.03997
225.05000 -63.82767 0.04713
225.10000 -63.82507 0.04687
225.15000 -63.82948 0.04511
225.20000 -63.82755 0.04947
225.25000 -63.82010 0.05939
225.30000 -63.81417 0.06066
225.35000 -63.81113 0.06576
225.40000 -63.80547 0.07572
225.45000 -63.80520 0.08049
225.50000 -63.80113 0.08566
225.55000 -63.79497 0.09325
225.60000 -63.79542 0.09519
225.65000 -63.80093 0.08956
225.70000 -63.80199 0.08890
225.75000 -63.80186 0.08711
225.80000 -63.80101 0.08686
225.85000 -63.79776 0.09163
225.90000 -63.79820 0.09223
225.95000 -63.80171 0.08481
226.00000 -63.80085 0.08281
226.05000 -63.80425 0.07914
226.10000 -63.80625 0.07336
226.15000 -63.80964 0.06505
226.20000 -63.80729 0.06847
226.25000 -63.81535 0.05676
226.30000 -63.81893 0.05583
226.35000 -63.81610 0.06046
226.40000 -63.81705 0.06072
226.45000 -63.81613 0.06137
226.50000 -63.81403 0.06757
226.55000 -63.81415 0.06960
226.60000 -63.81637 0.06274
226.65000 -63.81572 0.06384
226.70000 -63.81818 0.06356
226.75000 -63.82016 0.06419
226.80000 -63.81675 0.06182
226.85000 -63.82190 0.06291
226.90000 -63.81857 0.06134
226.95000 -63.81548 0.06496
227.00000 -63.81529 0.05867
227.05000 -63.82000 0.06324
227.10000 -63.82145 0.05690
227.15000 -63.82477 0.06538
227.20000 -63.82174 0.06309
227.25000 -63.82450 0.07248
227.30000 -63.82576 0.07093
227.35000 -63.82577 0.06522
227.40000 -63.83118 0.07058
227.45000 -63.83062 0.07005
227.50000 -63.83439 0.06942
227.55000 -63.84121 0.06674
227.60000 -63.84190 0.07411
227.65000 -63.84538 0.07243
227.70000 -63.84315 0.06030
227.75000 -63.84542 0.06180
227.80000 -63.84077 0.05857
227.85000 -63.84273 0.06164
227.90000 -63.84609 0.06329
227.95000 -63.84271 0.05712
228.00000 -63.84366 0.06760
228.05000 -63.83881 0.06292
228.10000 -63.83859 0.06020
228.15000 -63.84077 0.06569
228.20000 -63.83777 0.04673
228.25000 -63.83716 0.05495
228.30000 -63.83596 0.04470
228.35000 -63.83911 0.05403
228.40000 -63.84774 0.05675
228.45000 -63.84356 0.05569
228.50000 -63.85085 0.05095
228.55000 -63.85334 0.05222
228.60000 -63.85552 0.05995
228.65000 -63.85952 0.06408
228.70000 -63.85978 0.05981
228.75000 -63.86070 0.05451
228.80000 -63.86185 0.05875
228.85000 -63.85966 0.05943
228.90000 -63.86418 0.06118
228.95000 -63.86067 0.06016
229.00000 -63.86300 0.06286
229.05000 -63.86703 0.06900
229.10000 -63.86460 0.05775
229.15000 -63.86608 0.06238
229.20000 -63.87011 0.06871
229.25000 -63.86752 0.05527
229.30000 -63.86966 0.06255
229.35000 -63.86988 0.06097
229.40000 -63.87058 0.06105
229.45000 -63.87339 0.06452
229.50000 -63.87623 0.06903
229.55000 -63.87726 0.07882
229.60000 -63.87436 0.07476
229.65000 -63.87510 0.08141
229.70000 -63.87590 0.07824
229.75000 -63.87567 0.08097
229.80000 -63.87969 0.08581
229.85000 -63.87706 0.08697
229.90000 -63.87905 0.08488
229.95000 -63.87857 0.08484
230.00000 -63.88259 0.08976
230.05000 -63.88082 0.08247
230.10000 -63.88301 0.08456
230.15000 -63.88534 0.08881
230.20000 -63.88756 0.09029
230.25000 -63.88692 0.09401
230.30000 -63.88484 0.08889
230.35000 -63.88207 0.08115
230.40000 -63.88588 0.08490
230.45000 -63.88465 0.08165
230.50000 -63.88389 0.08285
230.55000 -63.88727 0.09022
230.60000 -63.88749 0.08838
230.65000 -63.88918 0.09350
230.70000 -63.88655 0.08822
230.75000 -63.88782 0.08648
230.80000 -63.88941 0.08979
230.85000 -63.88327 0.08052
230.90000 -63.88177 0.08019
230.95000 -63.88103 0.07806
231.00000 -63.87746 0.07504
231.05000 -63.87309 0.06686
231.10000 -63.87605 0.07150
231.15000 -63.87532 0.06870
231.20000 -63.87724 0.07391
231.25000 -63.87390 0.06517
231.30000 -63.87686 0.06763
231.35000 -63.87838 0.06983
231.40000 -63.88024 0.06984
231.45000 -63.88057 0.07023
231.50000 -63.87911 0.06893
231.55000 -63.88284 0.07249
231.60000 -63.88085 0.06564
231.65000 -63.87858 0.05819
231.70000 -63.87356 0.04936
231.75000 -63.87091 0.04566
231.80000 -63.87685 0.05359
231.85000 -63.87799 0.06138
231.90000 -63.86988 0.05781
231.95000 -63.86763 0.05896
232.00000 -63.86661 0.05874
232.05000 -63.86182 0.05955
232.10000 -63.86446 0.06387
232.15000 -63.86101 0.06371
232.20000 -63.85978 0.06871
232.25000 -63.85611 0.05782
232.30000 -63.86265 0.06484
232.35000 -63.86167 0.06244
232.40000 -63.85997 0.06425
232.45000 -63.85674 0.07305
232.50000 -63.85478 0.06537
232.55000 -63.85357 0.06831
232.60000 -63.85687 0.06188
232.65000 -63.85382 0.06075
232.70000 -63.86040 0.05564
232.75000 -63.86466 0.06324
232.80000 -63.86358 0.05485
232.85000 -63.86694 0.05954
232.90000 -63.86707 0.06495
232.95000 -63.86450 0.06140
233.00000 -63.86706 0.06076
233.05000 -63.87275 0.06977
233.10000 -63.87476 0.07376
233.15000 -63.87433 0.07505
233.20000 -63.87598 0.07706
233.25000 -63.87602 0.07486
233.30000 -63.87820 0.07613
233.35000 -63.87572 0.07368
233.40000 -63.88315 0.08134
233.45000 -63.88454 0.08463
233.50000 -63.88523 0.08659
233.55000 -63.88753 0.08477
233.60000 -63.88626 0.08421
233.65000 -63.88735 0.09040
233.70000 -63.88770 0.09210
233.75000 -63.88793 0.09172
233.80000 -63.89158 0.09723
233.85000 -63.89202 0.09621
233.90000 -63.89445 0.09686
233.95000 -63.89422 0.09461
234.00000 -63.89501 0.09411
234.05000 -63.89715 0.09831
234.10000 -63.89552 0.09495
234.15000 -63.89698 0.09683
234.20000 -63.89881 0.09754
234.25000 -63.89878 0.09660
234.30000 -63.90321 0.10251
234.35000 -63.89655 0.08882
234.40000 -63.89638 0.09090
234.45000 -63.89443 0.09432
234.50000 -63.88955 0.08620
234.55000 -63.89138 0.09354
234.60000 -63.88992 0.09020
234.65000 -63.89384 0.09511
234.70000 -63.89168 0.09782
234.75000 -63.89319 0.09865
234.80000 -63.88781 0.08615
234.85000 -63.88781 0.08424
234.90000 -63.88944 0.09220
234.95000 -63.88826 0.08894
235.00000 -63.88812 0.08757
235.05000 -63.88665 0.08183
235.10000 -63.88617 0.08401
235.15000 -63.88727 0.08793
235.20000 -63.88032 0.08061
235.25000 -63.88565 0.08682
235.30000 -63.88624 0.09176
235.35000 -63.89013 0.09797
235.40000 -63.88701 0.09171
235.45000 -63.88649 0.09332
235.50000 -63.89175 0.10074
235.55000 -63.89293 0.10225
235.60000 -63.88865 0.09788
235.65000 -63.89077 0.10444
235.70000 -63.88907 0.10322
235.75000 -63.89214 0.10385
235.80000 -63.89184 0.10775
235.85000 -63.89097 0.10646
235.90000 -63.89269 0.10646
235.95000 -63.88850 0.09954
236.00000 -63.89142 0.10388
236.05000 -63.89034 0.10193
236.10000 -63.89200 0.10300
236.15000 -63.89272 0.10293
236.20000 -63.89329 0.10901
236.25000 -63.88440 0.09320
236.30000 -63.88150 0.08871
236.35000 -63.88083 0.08256
236.40000 -63.87582 0.07632
236.45000 -63.86833 0.06374
236.50000 -63.86956 0.06236
236.55000 -63.87043 0.05908
236.60000 -63.86903 0.05639
236.65000 -63.86631 0.04819
236.70000 -63.86251 0.04266
236.75000 -63.86323 0.04330
236.80000 -63.86592 0.05255
236.85000 -63.86341 0.04694
236.90000 -63.86520 0.05089
236.95000 -63.86291 0.04864
237.00000 -63.86615 0.05284
237.05000 -63.87130 0.06189
237.10000 -63.86858 0.05697
237.15000 -63.86871 0.05805
237.20000 -63.87128 0.06329
237.25000 -63.86821 0.06047
237.30000 -63.87185 0.06436
237.35000 -63.87237 0.06620
237.40000 -63.87540 0.07352
237.45000 -63.88132 0.08217
237.50000 -63.88201 0.08171
237.55000 -63.87900 0.07822
237.60000 -63.88073 0.08260
237.65000 -63.88142 0.08428
237.70000 -63.88295 0.08521
237.75000 -63.88799 0.09266
237.80000 -63.88995 0.09570
237.85000 -63.88579 0.08683
237.90000 -63.88977 0.09359
237.95000 -63.88897 0.09249
238.00000 -63.88850 0.09430
238.05000 -63.89053 0.09526
238.10000 -63.88909 0.09241
238.15000 -63.88882 0.09240
238.20000 -63.88794 0.09213
238.25000 -63.88740 0.08914
238.30000 -63.88592 0.08716
238.35000 -63.88698 0.09615
238.40000 -63.89142 0.09693
238.45000 -63.88597 0.09008
238.50000 -63.88609 0.09100
238.55000 -63.88091 0.08748
238.60000 -63.88019 0.08773
238.65000 -63.87719 0.07925
238.70000 -63.87424 0.07290
238.75000 -63.87319 0.07212
238.80000 -63.87057 0.06782
238.85000 -63.86645 0.05813
238.90000 -63.87213 0.06573
238.95000 -63.86613 0.05509
239.00000 -63.86471 0.05650
239.05000 -63.86075 0.05340
239.10000 -63.86193 0.05121
239.15000 -63.86302 0.06100
239.20000 -63.86210 0.05654
239.25000 -63.85956 0.04977
239.30000 -63.85615 0.04703
239.35000 -63.85471 0.05001
239.40000 -63.85380 0.04991
239.45000 -63.86161 0.04757
239.50000 -63.85955 0.04543
239.55000 -63.86073 0.04471
239.60000 -63.86615 0.04334
239.65000 -63.86339 0.04730
239.70000 -63.86397 0.05153
239.75000 -63.86571 0.05431
239.80000 -63.86546 0.04778
239.85000 -63.86765 0.05173
239.90000 -63.87038 0.05354
239.95000 -63.87111 0.05920
240.00000 -63.87367 0.06225
240.05000 -63.87306 0.05892
240.10000 -63.87391 0.06360
240.15000 -63.88021 0.07256
240.20000 -63.88153 0.07554
240.25000 -63.87904 0.07002
240.30000 -63.87861 0.07247
240.35000 -63.87343 0.06594
240.40000 -63.88120 0.07768
240.45000 -63.87742 0.07165
240.50000 -63.88380 0.08195
240.55000 -63.88082 0.07616
240.60000 -63.88406 0.08178
240.65000 -63.88103 0.07821
240.70000 -63.87971 0.07526
240.75000 -63.87699 0.06692
240.80000 -63.87826 0.07180
240.85000 -63.87609 0.07159
240.90000 -63.86958 0.06174
240.95000 -63.86961 0.06223
241.00000 -63.87104 0.06408
241.05000 -63.87192 0.06618
241.10000 -63.86797 0.05772
241.15000 -63.86227 0.04889
241.20000 -63.85811 0.04815
241.25000 -63.85157 0.04769
241.30000 -63.85372 0.05748
241.35000 -63.84732 0.04445
241.40000 -63.84356 0.04664
241.45000 -63.84408 0.04269
241.50000 -63.83927 0.03885
241.55000 -63.83988 0.03645
241.60000 -63.84526 0.04543
241.65000 -63.84359 0.03442
241.70000 -63.84182 0.03198
241.75000 -63.84126 0.02995
241.80000 -63.84255 0.02684
241.85000 -63.83895 0.03121
241.90000 -63.84156 0.03240
241.95000 -63.83815 0.02867
242.00000 -63.83769 0.03860
242.05000 -63.83908 0.03991
242.10000 -63.83647 0.04608
242.15000 -63.84003 0.04466
242.20000 -63.84209 0.05003
242.25000 -63.84147 0.05332
242.30000 -63.83816 0.05042
242.35000 -63.84603 0.04850
242.40000 -63.84544 0.04661
242.45000 -63.85086 0.03921
242.50000 -63.84595 0.03178
242.55000 -63.85217 0.04294
242.60000 -63.84959 0.03114
242.65000 -63.85010 0.02886
242.70000 -63.84697 0.02623
242.75000 -63.84709 0.01895
242.80000 -63.84730 0.01982
242.85000 -63.84784 0.02109
242.90000 -63.85335 0.02602
242.95000 -63.85677 0.03346
243.00000 -63.85378 0.02730
243.05000 -63.85483 0.02738
243.10000 -63.85676 0.02992
243.15000 -63.85862 0.03012
243.20000 -63.86192 0.03849
243.25000 -63.86591 0.04311
243.30000 -63.86845 0.04541
243.35000 -63.86475 0.03746
243.40000 -63.86651 0.04134
243.45000 -63.86808 0.04398
243.50000 -63.86697 0.04407
243.55000 -63.86756 0.04367
243.60000 -63.86487 0.04060
243.65000 -63.86371 0.03727
243.70000 -63.86556 0.03955
243.75000 -63.85842 0.03106
243.80000 -63.85711 0.02989
243.85000 -63.85478 0.02672
243.90000 -63.85258 0.02321
243.95000 -63.84922 0.02038
244.00000 -63.84768 0.01444
244.05000 -63.84245 0.01284
244.10000 -63.83743 0.01564
244.15000 -63.84006 0.01468
244.20000 -63.83889 0.01660
244.25000 -63.83921 0.01477
244.30000 -63.84011 0.01459
244.35000 -63.84258 0.01379
244.40000 -63.84553 0.01266
244.45000 -63.84890 0.01746
244.50000 -63.84748 0.02174
244.55000 -63.85211 0.02087
244.60000 -63.85213 0.01570
244.65000 -63.85115 0.01482
244.70000 -63.85097 0.01385
244.75000 -63.85180 0.02266
244.80000 -63.85003 0.02674
244.85000 -63.85234 0.02378
244.90000 -63.84879 0.02012
244.95000 -63.84978 0.02934
245.00000 -63.85543 0.02554
245.05000 -63.85910 0.02976
245.10000 -63.85640 0.03453
245.15000 -63.85764 0.03509
245.20000 -63.85798 0.03544
245.25000 -63.85686 0.03835
245.30000 -63.86028 0.04041
245.35000 -63.86212 0.03643
245.40000 -63.86398 0.04055
245.45000 -63.86392 0.04175
245.50000 -63.86621 0.04256
245.55000 -63.86993 0.04237
245.60000 -63.86710 0.03863
245.65000 -63.86724 0.03782
245.70000 -63.86939 0.04591
245.75000 -63.87054 0.04653
245.80000 -63.86750 0.04286
245.85000 -63.86487 0.04293
245.90000 -63.86610 0.04119
245.95000 -63.86463 0.04114
246.00000 -63.85967 0.03285
246.05000 -63.85995 0.03292
246.10000 -63.85985 0.03181
246.15000 -63.85527 0.02648
246.20000 -63.85660 0.03299
246.25000 -63.85606 0.03422
246.30000 -63.85283 0.03101
246.35000 -63.85470 0.03631
246.40000 -63.85313 0.03781
246.45000 -63.85133 0.03670
246.50000 -63.85128 0.03823
246.55000 -63.85286 0.03933
246.60000 -63.84877 0.04473
246.65000 -63.84734 0.04228
246.70000 -63.84790 0.04222
246.75000 -63.84230 0.04499
246.80000 -63.84489 0.05805
246.85000 -63.84706 0.05432
246.90000 -63.85576 0.05288
246.95000 -63.85571 0.06128
247.00000 -63.85211 0.05306
247.05000 -63.85705 0.05793
247.10000 -63.85935 0.06151
247.15000 -63.86278 0.06355
247.20000 -63.86190 0.05960
247.25000 -63.86064 0.06466
247.30000 -63.86055 0.06738
247.35000 -63.86187 0.07740
247.40000 -63.85850 0.08326
247.45000 -63.85512 0.08053
247.50000 -63.84852 0.08023
247.55000 -63.85353 0.09021
247.60000 -63.85746 0.08689
247.65000 -63.85677 0.08464
247.70000 -63.85245 0.09323
247.75000 -63.85097 0.09794
247.80000 -63.85501 0.08033
247.85000 -63.85419 0.06967
247.90000 -63.85153 0.06461
247.95000 -63.84650 0.06444
248.00000 -63.84665 0.07124
248.05000 -63.83951 0.07281
248.10000 -63.83726 0.06839
248.15000 -63.83666 0.07431
248.20000 -63.83272 0.08571
248.25000 -63.83100 0.08820
248.30000 -63.82706 0.08701
248.35000 -63.82883 0.09345
248.40000 -63.83215 0.08983
248.45000 -63.82831 0.09466
248.50000 -63.82675 0.09612
248.55000 -63.82489 0.10566
248.60000 -63.82551 0.10495
248.65000 -63.83150 0.10518
248.70000 -63.83075 0.10413
248.75000 -63.83209 0.09968
248.80000 -63.83123 0.09705
248.85000 -63.83515 0.10126
248.90000 -63.83450 0.10577
248.95000 -63.83708 0.11238
249.00000 -63.83876 0.11180
249.05000 -63.84091 0.10805
249.10000 -63.84243 0.10647
249.15000 -63.83868 0.11263
249.20000 -63.84201 0.12158
249.25000 -63.84472 0.12083
249.30000 -63.84626 0.11991
249.35000 -63.85236 0.12384
249.40000 -63.85153 0.12095
249.45000 -63.84811 0.12031
249.50000 -63.85030 0.12265
249.55000 -63.84628 0.12479
249.60000 -63.84261 0.12448
249.65000 -63.83983 0.11677
249.70000 -63.83988 0.12047
249.75000 -63.83663 0.11667
249.80000 -63.83102 0.11162
249.85000 -63.83112 0.11535
249.90000 -63.82521 0.11573
249.95000 -63.82672 0.12571
250.00000 -63.82208 0.11688
250.05000 -63.59349 0.20271
250.10000 -63.88284 0.19702
250.15000 -64.03729 0.28008
250.20000 -64.10315 0.34544
250.25000 -64.21798 0.41893
250.30000 -64.33577 0.49165
250.35000 -64.47285 0.54847
250.40000 -64.61926 0.56516
250.45000 -64.75752 0.57549
250.50000 -64.89076 0.58464
250.55000 -65.00456 0.60294
250.60000 -65.12104 0.60704
250.65000 -65.22783 0.61552
250.70000 -65.32729 0.62061
250.75000 -65.42680 0.61820
250.80000 -65.51965 0.61822
250.85000 -65.60045 0.62585
250.90000 -65.67570 0.63365
250.95000 -65.74945 0.63842
251.00000 -65.82230 0.63536
251.05000 -65.89058 0.63393
251.10000 -65.94838 0.63944
251.15000 -66.00820 0.64230
251.20000 -66.06485 0.63743
251.25000 -66.12038 0.63327
251.30000 -66.17438 0.62469
251.35000 -66.21628 0.63261
251.40000 -66.26173 0.63255
251.45000 -66.30468 0.63126
251.50000 -66.34453 0.62941
251.55000 -66.38273 0.62686
251.60000 -66.41980 0.63029
251.65000 -66.45372 0.62798
251.70000 -66.48519 0.63222
251.75000 -66.51823 0.62777
251.80000 -66.54525 0.62779
251.85000 -66.57313 0.63010
251.90000 -66.60029 0.62612
251.95000 -66.62261 0.62855
252.00000 -66.64817 0.63026
252.05000 -66.67013 0.63144
252.10000 -66.69518 0.62847
252.15000 -66.71435 0.63176
252.20000 -66.73560 0.62952
252.25000 -66.75017 0.63463
252.30000 -66.76942 0.63723
252.35000 -66.78926 0.63047
252.40000 -66.80934 0.62311
252.45000 -66.82208 0.62866
252.50000 -66.83999 0.62488
252.55000 -66.85254 0.62523
252.60000 -66.85901 0.62980
252.65000 -66.86516 0.64043
252.70000 -66.87818 0.64593
252.75000 -66.89247 0.64740
252.80000 -66.90100 0.65418
252.85000 -66.91111 0.65661
252.90000 -66.91934 0.66111
252.95000 -66.93035 0.65761
253.00000 -66.93969 0.65462
253.05000 -66.95059 0.65525
253.10000 -66.95822 0.65659
253.15000 -66.95903 0.66927
253.20000 -66.96449 0.66996
253.25000 -66.97538 0.66579
253.30000 -66.98167 0.66811
253.35000 -66.98845 0.66823
253.40000 -66.99585 0.66550
253.45000 -67.00373 0.66054
253.50000 -67.00330 0.66382
253.55000 -67.01179 0.65404
253.60000 -67.01384 0.65734
253.65000 -67.01229 0.66287
253.70000 -67.01922 0.65593
253.75000 -67.02142 0.65980
253.80000 -67.02159 0.66578
253.85000 -67.02588 0.66162
253.90000 -67.03017 0.65677
253.95000 -67.03435 0.65723
254.00000 -67.03341 0.66450
254.05000 -67.03770 0.66267
254.10000 -67.04004 0.66113
254.15000 -67.04338 0.65881
254.20000 -67.04492 0.65789
254.25000 -67.04733 0.65728
254.30000 -67.05160 0.65005
254.35000 -67.05212 0.65555
254.40000 -67.05131 0.66190
254.45000 -67.06050 0.65107
254.50000 -67.06295 0.64887
254.55000 -67.06561 0.64797
254.60000 -67.06796 0.64821
254.65000 -67.07210 0.64335
254.70000 -67.07540 0.63596
254.75000 -67.07738 0.63894
254.80000 -67.08281 0.63639
254.85000 -67.08625 0.63454
254.90000 -67.09274 0.62869
254.95000 -67.09533 0.62691
255.00000 -67.10111 0.61857
255.05000 -67.10667 0.61417
255.10000 -67.10742 0.61546
255.15000 -67.10810 0.61136
255.20000 -67.11290 0.60762
255.25000 -67.11839 0.59974
255.30000 -67.12234 0.59782
255.35000 -67.12114 0.59867
255.40000 -67.12093 0.60718
255.45000 -67.12779 0.60101
255.50000 -67.12640 0.60513
255.55000 -67.12321 0.60912
255.60000 -67.12631 0.60923
255.65000 -67.12909 0.60672
255.70000 -67.12708 0.61071
255.75000 -67.13054 0.60868
255.80000 -67.13230 0.60850
255.85000 -67.12875 0.61535
255.90000 -67.13081 0.61254
255.95000 -67.13940 0.59832
256.00000 -67.13827 0.60074
256.05000 -67.13504 0.60206
256.10000 -67.13758 0.59793
256.15000 -67.14065 0.59443
256.20000 -67.14564 0.58706
256.25000 -67.14524 0.59087
256.30000 -67.14971 0.58563
256.35000 -67.14604 0.59057
256.40000 -67.15040 0.58666
256.45000 -67.15539 0.58098
256.50000 -67.15792 0.58270
256.55000 -67.15754 0.58160
256.60000 -67.15461 0.58927
256.65000 -67.15347 0.59221
256.70000 -67.15559 0.59198
256.75000 -67.15880 0.58848
256.80000 -67.16027 0.58543
256.85000 -67.15478 0.59667
256.90000 -67.16095 0.58686
256.95000 -67.16282 0.58858
257.00000 -67.15945 0.59813
257.05000 -67.16438 0.59429
257.10000 -67.16777 0.59073
257.15000 -67.16818 0.59038
257.20000 -67.16002 0.60157
257.25000 -67.16476 0.60507
257.30000 -67.16509 0.60705
257.35000 -67.16189 0.61108
257.40000 -67.15919 0.61898
257.45000 -67.15519 0.62979
257.50000 -67.15058 0.63893
257.55000 -67.14810 0.64271
257.60000 -67.15089 0.63967
257.65000 -67.14871 0.64293
257.70000 -67.14793 0.64977
257.75000 -67.14510 0.65376
257.80000 -67.14489 0.65495
257.85000 -67.14422 0.65799
257.90000 -67.14405 0.66004
257.95000 -67.14397 0.65735
258.00000 -67.14155 0.66131
258.05000 -67.14525 0.65691
258.10000 -67.13945 0.66959
258.15000 -67.13707 0.67105
258.20000 -67.13742 0.66946
258.25000 -67.13637 0.67679
258.30000 -67.13371 0.68352
258.35000 -67.13220 0.69027
258.40000 -67.12531 0.70006
258.45000 -67.12578 0.70088
258.50000 -67.12299 0.70321
258.55000 -67.12372 0.70257
258.60000 -67.12246 0.70148
258.65000 -67.11616 0.70485
258.70000 -67.11328 0.71173
258.75000 -67.11237 0.71241
258.80000 -67.10830 0.71646
258.85000 -67.10897 0.71476
258.90000 -67.11062 0.71120
258.95000 -67.10983 0.71214
259.00000 -67.11415 0.70627
259.05000 -67.11102 0.70992
259.10000 -67.11431 0.70227
259.15000 -67.11940 0.69753
259.20000 -67.11617 0.70332
259.25000 -67.11633 0.70329
259.30000 -67.12026 0.69547
259.35000 -67.12344 0.69326
259.40000 -67.12770 0.68438
259.45000 -67.12735 0.68398
259.50000 -67.12951 0.68110
259.55000 -67.12935 0.68162
259.60000 -67.12737 0.68046
259.65000 -67.12925 0.67689
259.70000 -67.12980 0.67660
259.75000 -67.13648 0.66860
259.80000 -67.13367 0.67361
259.85000 -67.13749 0.66867
259.90000 -67.13840 0.66805
259.95000 -67.14162 0.66413
260.00000 -67.14532 0.65879
260.05000 -67.14707 0.65369
260.10000 -67.14802 0.65477
260.15000 -67.14540 0.65817
260.20000 -67.15424 0.64727
260.25000 -67.15368 0.65025
260.30000 -67.15625 0.64625
260.35000 -67.15606 0.64604
260.40000 -67.15321 0.65194
260.45000 -67.15131 0.66106
260.50000 -67.14822 0.66065
260.55000 -67.14867 0.66421
260.60000 -67.14733 0.66379
260.65000 -67.14497 0.66629
260.70000 -67.14394 0.66182
260.75000 -67.14417 0.66353
260.80000 -67.14036 0.66667
260.85000 -67.14287 0.66335
260.90000 -67.14039 0.66799
260.95000 -67.13847 0.66853
261.00000 -67.13988 0.66815
261.05000 -67.13759 0.66577
261.10000 -67.13562 0.67128
261.15000 -67.13385 0.67477
261.20000 -67.13508 0.67579
261.25000 -67.13172 0.68381
261.30000 -67.13377 0.68033
261.35000 -67.13143 0.68416
261.40000 -67.12859 0.68626
261.45000 -67.12942 0.68292
261.50000 -67.12674 0.68539
261.55000 -67.12453 0.68555
261.60000 -67.12630 0.68510
261.65000 -67.12422 0.68491
261.70000 -67.11886 0.68935
261.75000 -67.12220 0.68593
261.80000 -67.12310 0.68497
261.85000 -67.12437 0.68201
261.90000 -67.12448 0.68246
261.95000 -67.12566 0.68207
262.00000 -67.12200 0.69156
262.05000 -67.12281 0.68948
262.10000 -67.12417 0.68943
262.15000 -67.12818 0.68341
262.20000 -67.12812 0.68540
262.25000 -67.12847 0.68740
262.30000 -67.12436 0.69468
262.35000 -67.13001 0.68880
262.40000 -67.13364 0.68309
262.45000 -67.12785 0.69702
262.50000 -67.12441 0.70021
262.55000 -67.12565 0.69216
262.60000 -67.12924 0.68791
262.65000 -67.13042 0.68784
262.70000 -67.12845 0.68421
262.75000 -67.13389 0.67769
262.80000 -67.13606 0.67383
262.85000 -67.13559 0.67265
262.90000 -67.13825 0.67183
262.95000 -67.13968 0.66929
263.00000 -67.14109 0.67028
263.05000 -67.13898 0.67138
263.10000 -67.13910 0.67162
263.15000 -67.13633 0.67350
263.20000 -67.13923 0.66768
263.25000 -67.14124 0.66630
263.30000 -67.13600 0.67317
263.35000 -67.13291 0.67854
263.40000 -67.13289 0.68051
263.45000 -67.13334 0.68152
263.50000 -67.13172 0.68500
263.55000 -67.13514 0.67858
263.60000 -67.13505 0.67924
263.65000 -67.13235 0.68281
263.70000 -67.13300 0.68210
263.75000 -67.13208 0.68307
263.80000 -67.13069 0.68717
263.85000 -67.13330 0.68424
263.90000 -67.13353 0.68164
263.95000 -67.13682 0.68165
264.00000 -67.13506 0.68383
264.05000 -67.13497 0.68808
264.10000 -67.13417 0.68715
264.15000 -67.13849 0.68170
264.20000 -67.13639 0.68961
264.25000 -67.14478 0.68527
264.30000 -67.14418 0.68424
264.35000 -67.14655 0.68188
264.40000 -67.14783 0.67605
264.45000 -67.14217 0.68260
264.50000 -67.13971 0.68701
264.55000 -67.14038 0.68162
264.60000 -67.14404 0.67874
264.65000 -67.13766 0.68192
264.70000 -67.13668 0.68002
264.75000 -67.13798 0.67984
264.80000 -67.13589 0.68283
264.85000 -67.13101 0.68905
264.90000 -67.13179 0.68829
264.95000 -67.13422 0.68146
265.00000 -67.13657 0.67383
265.05000 -67.13530 0.67567
265.10000 -67.13669 0.67492
265.15000 -67.13937 0.67147
265.20000 -67.14264 0.66397
265.25000 -67.14017 0.66906
265.30000 -67.13725 0.67229
265.35000 -67.13739 0.67032
265.40000 -67.14026 0.66410
265.45000 -67.13582 0.67080
265.50000 -67.13684 0.67068
265.55000 -67.14192 0.66352
265.60000 -67.13607 0.67329
265.65000 -67.13973 0.66314
265.70000 -67.14229 0.66015
265.75000 -67.14453 0.66087
265.80000 -67.14594 0.65666
265.85000 -67.14573 0.65670
265.90000 -67.14414 0.65544
265.95000 -67.14874 0.64934
266.00000 -67.15110 0.64778
266.05000 -67.15164 0.64674
266.10000 -67.15601 0.64666
266.15000 -67.15582 0.65038
266.20000 -67.14849 0.65552
266.25000 -67.15186 0.65875
266.30000 -67.15264 0.65932
266.35000 -67.14300 0.67810
266.40000 -67.14333 0.67484
266.45000 -67.14246 0.68271
266.50000 -67.14214 0.68025
266.55000 -67.13643 0.69123
266.60000 -67.14046 0.69286
266.65000 -67.13557 0.69927
266.70000 -67.12567 0.71318
266.75000 -67.13488 0.70361
266.80000 -67.13564 0.70301
266.85000 -67.13204 0.70857
266.90000 -67.13243 0.70970
266.95000 -67.13759 0.69950
267.00000 -67.13546 0.69933
267.05000 -67.13404 0.70418
267.10000 -67.13200 0.70120
267.15000 -67.13385 0.69616
267.20000 -67.13129 0.70021
267.25000 -67.13235 0.69504
267.30000 -67.13534 0.68920
267.35000 -67.13940 0.68584
267.40000 -67.14186 0.67891
267.45000 -67.13631 0.68657
267.50000 -67.13564 0.68766
267.55000 -67.13793 0.68915
267.60000 -67.13739 0.68893
267.65000 -67.13859 0.68672
267.70000 -67.13866 0.68525
267.75000 -67.14404 0.67661
267.80000 -67.14411 0.68133
267.85000 -67.14518 0.67531
267.90000 -67.14507 0.67858
267.95000 -67.14557 0.67462
268.00000 -67.14458 0.67230
268.05000 -67.14882 0.66623
268.10000 -67.14975 0.66376
268.15000 -67.14724 0.66505
268.20000 -67.14732 0.66762
268.25000 -67.15303 0.66172
268.30000 -67.15232 0.66280
268.35000 -67.14594 0.67608
268.40000 -67.14859 0.67446
268.45000 -67.14971 0.67208
268.50000 -67.14852 0.66993
268.55000 -67.14389 0.68058
268.60000 -67.14947 0.67215
268.65000 -67.15279 0.66745
268.70000 -67.15448 0.66733
268.75000 -67.15631 0.66458
268.80000 -67.15772 0.65932
268.85000 -67.15832 0.65708
268.90000 -67.16037 0.65629
268.95000 -67.15860 0.65654
269.00000 -67.15812 0.65678
269.05000 -67.15389 0.66528
269.10000 -67.15337 0.66270
269.15000 -67.14789 0.66923
269.20000 -67.15113 0.66414
269.25000 -67.15747 0.65343
269.30000 -67.15871 0.65436
269.35000 -67.15840 0.65236
269.40000 -67.15893 0.65079
269.45000 -67.15870 0.65145
269.50000 -67.15857 0.65333
269.55000 -67.16254 0.65245
269.60000 -67.16385 0.64852
269.65000 -67.16384 0.64944
269.70000 -67.16680 0.64430
269.75000 -67.16931 0.64034
269.80000 -67.16850 0.64593
269.85000 -67.16806 0.64630
269.90000 -67.16981 0.64309
269.95000 -67.16884 0.64743
270.00000 -67.16722 0.65403
270.05000 -67.16909 0.65275
270.10000 -67.17241 0.64529
270.15000 -67.17285 0.64636
270.20000 -67.17069 0.64846
270.25000 -67.16678 0.65049
270.30000 -67.16485 0.65509
270.35000 -67.16512 0.65458
270.40000 -67.16623 0.65137
270.45000 -67.16758 0.65552
270.50000 -67.16434 0.65468
270.55000 -67.16761 0.65180
270.60000 -67.16786 0.65439
270.65000 -67.16505 0.65465
270.70000 -67.16856 0.65112
270.75000 -67.16446 0.66296
270.80000 -67.16397 0.66227
270.85000 -67.15461 0.68011
270.90000 -67.15207 0.68904
270.95000 -67.14851 0.69447
271.00000 -67.14607 0.69674
271.05000 -67.14344 0.69921
271.10000 -67.14574 0.70016
271.15000 -67.14544 0.70140
271.20000 -67.14337 0.70764
271.25000 -67.14336 0.70313
271.30000 -67.14065 0.70985
271.35000 -67.13998 0.71099
271.40000 -67.14140 0.70431
271.45000 -67.14322 0.70329
271.50000 -67.14874 0.69252
271.55000 -67.15018 0.68665
271.60000 -67.15448 0.68330
271.65000 -67.15843 0.67805
271.70000 -67.15651 0.67722
271.75000 -67.15717 0.67509
271.80000 -67.15535 0.67369
271.85000 -67.16118 0.66535
271.90000 -67.16710 0.65210
271.95000 -67.16297 0.65613
272.00000 -67.16234 0.65259
272.05000 -67.16581 0.64561
272.10000 -67.16375 0.64388
272.15000 -67.16599 0.64136
272.20000 -67.16869 0.63709
272.25000 -67.16836 0.63765
272.30000 -67.16823 0.63090
272.35000 -67.16591 0.63297
272.40000 -67.16416 0.63570
272.45000 -67.16644 0.63121
272.50000 -67.16536 0.63069
272.55000 -67.16612 0.63073
272.60000 -67.15853 0.63617
272.65000 -67.15568 0.64144
272.70000 -67.15839 0.64198
272.75000 -67.16082 0.63862
272.80000 -67.15929 0.64103
272.85000 -67.15989 0.64048
272.90000 -67.16421 0.63615
272.95000 -67.16019 0.63742
273.00000 -67.16405 0.63254
273.05000 -67.16364 0.63212
273.10000 -67.16321 0.63094
273.15000 -67.15998 0.63788
273.20000 -67.16312 0.63488
273.25000 -67.16248 0.63866
273.30000 -67.15893 0.64473
273.35000 -67.15645 0.64948
273.40000 -67.15389 0.64566
273.45000 -67.15237 0.65257
273.50000 -67.15162 0.65251
273.55000 -67.14933 0.65374
273.60000 -67.14868 0.65580
273.65000 -67.14519 0.66216
273.70000 -67.14415 0.66095
273.75000 -67.14691 0.66162
273.80000 -67.14577 0.66191
273.85000 -67.14304 0.66545
273.90000 -67.14663 0.65613
273.95000 -67.15361 0.64991
274.00000 -67.15294 0.65117
274.05000 -67.15155 0.65627
274.10000 -67.15171 0.65547
274.15000 -67.15622 0.65551
274.20000 -67.15761 0.64961
274.25000 -67.15121 0.65930
274.30000 -67.15006 0.66497
274.35000 -67.14918 0.66639
274.40000 -67.14604 0.67257
274.45000 -67.14566 0.67586
274.50000 -67.15045 0.66934
274.55000 -67.14894 0.67389
274.60000 -67.15509 0.66684
274.65000 -67.15530 0.66612
274.70000 -67.15301 0.66926
274.75000 -67.15185 0.67016
274.80000 -67.15572 0.66577
274.85000 -67.15623 0.67155
274.90000 -67.15466 0.66752
274.95000 -67.15497 0.66688
275.00000 -67.15473 0.66940
275.05000 -67.15434 0.67074
275.10000 -67.15522 0.66955
275.15000 -67.15190 0.67745
275.20000 -67.15461 0.67819
275.25000 -67.15519 0.67556
275.30000 -67.14993 0.68437
275.35000 -67.14961 0.68702
275.40000 -67.15075 0.68092
275.45000 -67.15024 0.67870
275.50000 -67.15051 0.67949
275.55000 -67.14890 0.68229
275.60000 -67.15304 0.67626
275.65000 -67.15165 0.67827
275.70000 -67.15310 0.67731
275.75000 -67.15414 0.67767
275.80000 -67.15728 0.67577
275.85000 -67.15997 0.67367
275.90000 -67.15825 0.67873
275.95000 -67.15833 0.68046
276.00000 -67.16091 0.67132
276.05000 -67.16088 0.67601
276.10000 -67.15919 0.67711
276.15000 -67.16093 0.67245
276.20000 -67.15865 0.67083
276.25000 -67.15819 0.66633
276.30000 -67.15577 0.67052
276.35000 -67.15683 0.66640
276.40000 -67.16192 0.66540
276.45000 -67.16257 0.66059
276.50000 -67.16111 0.66266
276.55000 -67.16882 0.64962
276.60000 -67.16809 0.65194
276.65000 -67.16679 0.64947
276.70000 -67.16801 0.64615
276.75000 -67.17012 0.64744
276.80000 -67.16714 0.64961
276.85000 -67.16681 0.64722
276.90000 -67.17328 0.64481
276.95000 -67.16719 0.65113
277.00000 -67.16944 0.64898
277.05000 -67.17037 0.64253
277.10000 -67.16857 0.64640
277.15000 -67.16788 0.64806
277.20000 -67.17088 0.64912
277.25000 -67.17040 0.64676
277.30000 -67.17007 0.64468
277.35000 -67.16998 0.64564
277.40000 -67.16367 0.65378
277.45000 -67.15722 0.66530
277.50000 -67.16035 0.66349
277.55000 -67.16310 0.66150
277.60000 -67.16063 0.67263
277.65000 -67.15620 0.67831
277.70000 -67.15076 0.68812
277.75000 -67.14880 0.69543
277.80000 -67.14671 0.69724
277.85000 -67.14554 0.70045
277.90000 -67.14463 0.70138
277.95000 -67.14488 0.70299
278.00000 -67.14282 0.70631
278.05000 -67.14453 0.70295
278.10000 -67.14459 0.70203
278.15000 -67.14561 0.69887
278.20000 -67.14836 0.69285
278.25000 -67.14870 0.70014
278.30000 -67.15083 0.69733
278.35000 -67.15208 0.69035
278.40000 -67.15358 0.68791
278.45000 -67.15335 0.68796
278.50000 -67.15041 0.69503
278.55000 -67.14847 0.69991
278.60000 -67.14802 0.69870
278.65000 -67.14894 0.69505
278.70000 -67.14945 0.69243
278.75000 -67.14513 0.69273
278.80000 -67.14452 0.69481
278.85000 -67.13610 0.70381
278.90000 -67.13624 0.70190
278.95000 -67.13510 0.70532
279.00000 -67.12772 0.71558
279.05000 -67.12515 0.72097
279.10000 -67.12140 0.72751
279.15000 -67.11819 0.72945
279.20000 -67.11406 0.73945
279.25000 -67.11746 0.74191
279.30000 -67.11491 0.74620
279.35000 -67.11052 0.75364
279.40000 -67.11517 0.74967
279.45000 -67.11499 0.74921
279.50000 -67.11640 0.74357
279.55000 -67.11931 0.74312
279.60000 -67.12251 0.73682
279.65000 -67.11910 0.74527
279.70000 -67.11823 0.74745
279.75000 -67.12383 0.74131
279.80000 -67.12934 0.73305
279.85000 -67.12837 0.73354
279.90000 -67.12986 0.73045
279.95000 -67.13512 0.72610
280.00000 -67.14276 0.71470
280.05000 -67.14388 0.71113
280.10000 -67.14368 0.71335
280.15000 -67.14708 0.70656
280.20000 -67.15335 0.70472
280.25000 -67.15232 0.70548
280.30000 -67.15704 0.70129
280.35000 -67.15815 0.69692
280.40000 -67.15985 0.68568
280.45000 -67.16104 0.68807
280.50000 -67.16169 0.68905
280.55000 -67.16156 0.69339
280.60000 -67.16324 0.69092
280.65000 -67.16668 0.68366
280.70000 -67.16763 0.68811
280.75000 -67.16498 0.68631
280.80000 -67.16801 0.67724
280.85000 -67.16859 0.67820
280.90000 -67.17155 0.67172
280.95000 -67.17185 0.67067
281.00000 -67.17313 0.66724
281.05000 -67.17546 0.66565
281.10000 -67.18021 0.66065
281.15000 -67.18172 0.65137
281.20000 -67.17857 0.65365
281.25000 -67.17877 0.65428
281.30000 -67.17834 0.65424
281.35000 -67.17911 0.65223
281.40000 -67.18522 0.64229
281.45000 -67.18729 0.63769
281.50000 -67.18578 0.63846
281.55000 -67.18778 0.63398
281.60000 -67.18564 0.63562
281.65000 -67.19347 0.62459
281.70000 -67.18896 0.63169
281.75000 -67.19031 0.62904
281.80000 -67.19201 0.62837
281.85000 -67.19388 0.62421
281.90000 -67.18993 0.63075
281.95000 -67.19180 0.62566
282.00000 -67.19453 0.62670
282.05000 -67.19184 0.62733
282.10000 -67.19233 0.62783
282.15000 -67.19404 0.62573
282.20000 -67.19631 0.62208
282.25000 -67.19514 0.62736
282.30000 -67.20079 0.62645
282.35000 -67.20061 0.62271
282.40000 -67.19979 0.62319
282.45000 -67.20275 0.62102
282.50000 -67.20010 0.62526
282.55000 -67.19874 0.62845
282.60000 -67.20308 0.62558
282.65000 -67.19817 0.63119
282.70000 -67.19934 0.63105
282.75000 -67.19826 0.63030
282.80000 -67.20172 0.62600
282.85000 -67.19890 0.62988
282.90000 -67.19832 0.63234
282.95000 -67.19808 0.63443
283.00000 -67.19718 0.63414
283.05000 -67.20055 0.62494
283.10000 -67.19906 0.62543
283.15000 -67.19751 0.63019
283.20000 -67.19799 0.62187
283.25000 -67.19491 0.61992
283.30000 -67.19416 0.61490
283.35000 -67.19533 0.61401
283.40000 -67.18513 0.62134
283.45000 -67.18676 0.61786
283.50000 -67.18419 0.62095
283.55000 -67.18449 0.61973
283.60000 -67.18570 0.61759
283.65000 -67.19106 0.61041
283.70000 -67.18628 0.61458
283.75000 -67.18800 0.61015
283.80000 -67.18633 0.61135
283.85000 -67.18836 0.60967
283.90000 -67.19059 0.60358
283.95000 -67.18959 0.60585
284.00000 -67.18449 0.61455
284.05000 -67.18534 0.61388
284.10000 -67.18064 0.61951
284.15000 -67.18293 0.61440
284.20000 -67.18480 0.61215
284.25000 -67.18344 0.61718
284.30000 -67.17879 0.62279
284.35000 -67.17714 0.62696
284.40000 -67.17630 0.63043
284.45000 -67.17536 0.63239
284.50000 -67.17732 0.62786
284.55000 -67.17817 0.62638
284.60000 -67.17603 0.62827
284.65000 -67.17541 0.63243
284.70000 -67.17180 0.63643
284.75000 -67.17482 0.63420
284.80000 -67.17084 0.63854
284.85000 -67.16353 0.65231
284.90000 -67.16740 0.64918
284.95000 -67.16601 0.65253
285.00000 -67.16389 0.65668
285.05000 -67.16032 0.66491
285.10000 -67.16476 0.65878
285.15000 -67.15535 0.67235
285.20000 -67.15997 0.66486
285.25000 -67.16138 0.66233
285.30000 -67.15692 0.66936
285.35000 -67.16064 0.66163
285.40000 -67.15841 0.66704
285.45000 -67.15868 0.66750
285.50000 -67.15977 0.66618
285.55000 -67.15999 0.66915
285.60000 -67.15842 0.66772
285.65000 -67.16446 0.65570
285.70000 -67.16651 0.65415
285.75000 -67.16851 0.65140
285.80000 -67.17431 0.64082
285.85000 -67.17176 0.64411
285.90000 -67.16924 0.64415
285.95000 -67.17208 0.63894
286.00000 -67.16946 0.63738
286.05000 -67.16825 0.63887
286.10000 -67.16991 0.63353
286.15000 -67.16870 0.63446
286.20000 -67.16923 0.63724
286.25000 -67.17284 0.62794
286.30000 -67.17170 0.63165
286.35000 -67.16554 0.63951
286.40000 -67.16907 0.63350
286.45000 -67.16843 0.63802
286.50000 -67.16670 0.63955
286.55000 -67.16855 0.63368
286.60000 -67.16899 0.63645
286.65000 -67.16161 0.64143
286.70000 -67.15820 0.64904
286.75000 -67.15535 0.65036
286.80000 -67.15492 0.65069
286.85000 -67.15772 0.64607
286.90000 -67.15101 0.65493
286.95000 -67.15016 0.65703
287.00000 -67.14830 0.65969
287.05000 -67.15478 0.64861
287.10000 -67.15382 0.65126
287.15000 -67.15211 0.65112
287.20000 -67.15425 0.65098
287.25000 -67.15257 0.65279
287.30000 -67.15635 0.64594
287.35000 -67.15942 0.64355
287.40000 -67.16158 0.64428
287.45000 -67.15846 0.64899
287.50000 -67.15682 0.64904
287.55000 -67.15849 0.64462
287.60000 -67.15452 0.65011
287.65000 -67.15737 0.64305
287.70000 -67.16141 0.64016
287.75000 -67.16054 0.63891
287.80000 -67.15993 0.63912
287.85000 -67.16099 0.63815
287.90000 -67.16476 0.63043
287.95000 -67.16012 0.64074
288.00000 -67.15557 0.64314
288.05000 -67.15342 0.64402
288.10000 -67.14434 0.65831
288.15000 -67.14813 0.65153
288.20000 -67.14442 0.65491
288.25000 -67.14212 0.65428
288.30000 -67.14165 0.65126
288.35000 -67.13966 0.65348
288.40000 -67.13765 0.65782
288.45000 -67.13014 0.66732
288.50000 -67.12935 0.66909
288.55000 -67.13118 0.66387
288.60000 -67.13054 0.66579
288.65000 -67.13258 0.66432
288.70000 -67.13436 0.66222
288.75000 -67.14013 0.65443
288.80000 -67.13973 0.65336
288.85000 -67.13964 0.65342
288.90000 -67.14487 0.65129
288.95000 -67.15054 0.64168
289.00000 -67.14807 0.64716
289.05000 -67.14812 0.64473
289.10000 -67.14975 0.64723
289.15000 -67.14830 0.64991
289.20000 -67.14778 0.65173
289.25000 -67.14994 0.65167
289.30000 -67.14457 0.66107
289.35000 -67.14611 0.65777
289.40000 -67.14573 0.65642
289.45000 -67.14811 0.65431
289.50000 -67.14583 0.65653
289.55000 -67.15272 0.64755
289.60000 -67.15570 0.64426
289.65000 -67.15522 0.64214
289.70000 -67.15832 0.63802
289.75000 -67.16382 0.63295
289.80000 -67.15931 0.63707
289.85000 -67.16122 0.63105
289.90000 -67.16380 0.63204
289.95000 -67.16695 0.62688
290.00000 -67.15928 0.63629
290.05000 -67.15729 0.64058
290.10000 -67.15964 0.63971
290.15000 -67.14725 0.65632
290.20000 -67.15075 0.65374
290.25000 -67.14720 0.66207
290.30000 -67.14566 0.66589
290.35000 -67.14559 0.66921
290.40000 -67.14419 0.66894
290.45000 -67.14210 0.67227
290.50000 -67.14610 0.67215
290.55000 -67.14616 0.66949
290.60000 -67.14820 0.66781
290.65000 -67.14503 0.66952
290.70000 -67.14661 0.67134
290.75000 -67.14592 0.67610
290.80000 -67.15088 0.66867
290.85000 -67.14687 0.67069
290.90000 -67.14490 0.67417
290.95000 -67.14680 0.66859
291.00000 -67.15328 0.66576
291.05000 -67.15713 0.66043
291.10000 -67.15045 0.67281
291.15000 -67.15148 0.67174
291.20000 -67.15438 0.67113
291.25000 -67.15370 0.67354
291.30000 -67.15303 0.67354
291.35000 -67.15078 0.68084
291.40000 -67.15424 0.67715
291.45000 -67.15473 0.67916
291.50000 -67.15102 0.68142
291.55000 -67.15146 0.68516
291.60000 -67.15894 0.67844
291.65000 -67.15772 0.67956
291.70000 -67.15772 0.67400
291.75000 -67.16158 0.67368
291.80000 -67.16180 0.67508
291.85000 -67.16308 0.67544
291.90000 -67.16327 0.67679
291.95000 -67.16520 0.67539
292.00000 -67.16621 0.67287
292.05000 -67.16486 0.67316
292.10000 -67.16774 0.66681
292.15000 -67.16714 0.66452
292.20000 -67.16872 0.66558
292.25000 -67.16327 0.66969
292.30000 -67.16436 0.66814
292.35000 -67.16314 0.66667
292.40000 -67.16566 0.65830
292.45000 -67.16282 0.66232
292.50000 -67.16387 0.66350
292.55000 -67.16631 0.65763
292.60000 -67.16795 0.65649
292.65000 -67.16882 0.65956
292.70000 -67.17192 0.65257
292.75000 -67.16873 0.65491
292.80000 -67.16654 0.65632
292.85000 -67.16939 0.64927
292.90000 -67.17068 0.65002
292.95000 -67.17081 0.64834
293.00000 -67.17250 0.64041
293.05000 -67.17351 0.63951
293.10000 -67.17764 0.63360
293.15000 -67.18226 0.62673
293.20000 -67.18075 0.62870
293.25000 -67.18549 0.62147
293.30000 -67.18658 0.62065
293.35000 -67.18883 0.61624
293.40000 -67.19139 0.61151
293.45000 -67.18932 0.60774
293.50000 -67.18775 0.61276
293.55000 -67.18815 0.60734
293.60000 -67.18796 0.60744
293.65000 -67.19283 0.60083
293.70000 -67.18985 0.60597
293.75000 -67.19546 0.59811
293.80000 -67.19065 0.60772
293.85000 -67.19002 0.60942
293.90000 -67.18758 0.61600
293.95000 -67.18660 0.61685
294.00000 -67.18545 0.62331
294.05000 -67.18733 0.62020
294.10000 -67.18843 0.61912
294.15000 -67.18307 0.62939
294.20000 -67.18782 0.62646
294.25000 -67.18741 0.62659
294.30000 -67.18552 0.63177
294.35000 -67.18412 0.63305
294.40000 -67.18648 0.63277
294.45000 -67.18576 0.63685
294.50000 -67.18465 0.63702
294.55000 -67.18830 0.63236
294.60000 -67.18549 0.63689
294.65000 -67.18850 0.63655
294.70000 -67.19182 0.62801
294.75000 -67.19088 0.63187
294.80000 -67.18854 0.63752
294.85000 -67.19303 0.63128
294.90000 -67.19626 0.62780
294.95000 -67.19703 0.62676
295.00000 -67.19899 0.62339
295.05000 -67.19747 0.62598
295.10000 -67.20320 0.61775
295.15000 -67.20295 0.61943
295.20000 -67.20945 0.61185
295.25000 -67.20967 0.60992
295.30000 -67.20752 0.61296
295.35000 -67.20616 0.61595
295.40000 -67.20768 0.61169
295.45000 -67.21326 0.60616
295.50000 -67.20873 0.60778
295.55000 -67.20936 0.60874
295.60000 -67.21430 0.60700
295.65000 -67.21085 0.61192
295.70000 -67.21110 0.61133
295.75000 -67.21469 0.60535
295.80000 -67.21555 0.60798
295.85000 -67.21974 0.60269
295.90000 -67.21916 0.60440
295.95000 -67.21822 0.59998
296.00000 -67.21603 0.60496
296.05000 -67.21889 0.60256
296.10000 -67.21644 0.60719
296.15000 -67.21691 0.60407
296.20000 -67.21939 0.60417
296.25000 -67.21343 0.61389
296.30000 -67.20569 0.62499
296.35000 -67.20327 0.62352
296.40000 -67.20193 0.62271
296.45000 -67.20011 0.62293
296.50000 -67.19526 0.62789
296.55000 -67.19436 0.62412
296.60000 -67.18627 0.63178
296.65000 -67.19226 0.62508
296.70000 -67.19276 0.61842
296.75000 -67.19281 0.61445
296.80000 -67.19155 0.61500
296.85000 -67.18716 0.62058
296.90000 -67.18887 0.62253
296.95000 -67.18821 0.62376
297.00000 -67.18730 0.62143
297.05000 -67.19010 0.62320
297.10000 -67.19091 0.61987
297.15000 -67.18912 0.62221
297.20000 -67.18276 0.63260
297.25000 -67.18107 0.63874
297.30000 -67.18081 0.63892
297.35000 -67.18023 0.63651
297.40000 -67.17813 0.64049
297.45000 -67.17737 0.63785
297.50000 -67.17249 0.64539
297.55000 -67.16934 0.64789
297.60000 -67.17054 0.64973
297.65000 -67.16773 0.65520
297.70000 -67.16741 0.65347
297.75000 -67.16816 0.65074
297.80000 -67.17504 0.64022
297.85000 -67.17146 0.64228
297.90000 -67.17211 0.64439
297.95000 -67.16886 0.64634
298.00000 -67.16942 0.64592
298.05000 -67.17335 0.63977
298.10000 -67.17451 0.64470
298.15000 -67.17816 0.63684
298.20000 -67.17424 0.64768
298.25000 -67.16934 0.65761
298.30000 -67.16792 0.65532
298.35000 -67.16928 0.64788
298.40000 -67.16819 0.65103
298.45000 -67.16993 0.64905
298.50000 -67.16688 0.65423
298.55000 -67.16633 0.65204
298.60000 -67.16758 0.65373
298.65000 -67.16868 0.64686
298.70000 -67.17261 0.64311
298.75000 -67.17164 0.64705
298.80000 -67.16884 0.65164
298.85000 -67.17283 0.64432
298.90000 -67.16848 0.65418
298.95000 -67.16664 0.65606
299.00000 -67.16994 0.65567
299.05000 -67.16707 0.66051
299.10000 -67.16732 0.66044
299.15000 -67.16628 0.66445
299.20000 -67.16939 0.66155
299.25000 -67.16789 0.66526
299.30000 -67.17424 0.65773
299.35000 -67.17307 0.65851
299.40000 -67.17065 0.65944
299.45000 -67.17352 0.65360
299.50000 -67.17479 0.65214
299.55000 -67.18206 0.64407
299.60000 -67.18042 0.64657
299.65000 -67.17831 0.64877
299.70000 -67.17812 0.64689
299.75000 -67.18550 0.63318
299.80000 -67.18865 0.63106
299.85000 -67.19001 0.62610
299.90000 -67.18754 0.63076
299.95000 -67.19081 0.62645
300.00000 -67.19284 0.62263
300.05000 -67.42245 0.76893
300.10000 -67.13341 0.58778
300.15000 -66.97651 0.49142
300.20000 -66.90739 0.47344
300.25000 -66.83520 0.36073
300.30000 -66.67538 0.36789
300.35000 -66.52609 0.36656
300.40000 -66.38324 0.36414
300.45000 -66.24202 0.36878
300.50000 -66.10713 0.37325
300.55000 -65.98746 0.37226
300.60000 -65.87216 0.36908
300.65000 -65.76147 0.36722
300.70000 -65.65352 0.36988
300.75000 -65.56082 0.36347
300.80000 -65.47495 0.35797
300.85000 -65.38955 0.35568
300.90000 -65.31458 0.34704
300.95000 -65.23955 0.34153
301.00000 -65.17011 0.33392
301.05000 -65.10292 0.33068
301.10000 -65.04498 0.32191
301.15000 -64.98927 0.31147
301.20000 -64.93317 0.30551
301.25000 -64.88376 0.29544
301.30000 -64.83299 0.28819
301.35000 -64.78676 0.28063
301.40000 -64.73961 0.27333
301.45000 -64.69594 0.26598
301.50000 -64.66020 0.25706
301.55000 -64.62083 0.25084
301.60000 -64.57949 0.24629
301.65000 -64.54926 0.23845
301.70000 -64.51707 0.23170
301.75000 -64.48220 0.22692
301.80000 -64.44986 0.22158
301.85000 -64.42364 0.21634
301.90000 -64.39987 0.21150
301.95000 -64.37816 0.20303
302.00000 -64.35279 0.19836
302.05000 -64.33033 0.19458
302.10000 -64.31398 0.18701
302.15000 -64.29579 0.18330
302.20000 -64.27406 0.17981
302.25000 -64.25731 0.17032
302.30000 -64.24346 0.16415
302.35000 -64.22905 0.15832
302.40000 -64.21646 0.15094
302.45000 -64.20579 0.14780
302.50000 -64.19092 0.14121
302.55000 -64.17830 0.13610
302.60000 -64.16614 0.12959
302.65000 -64.15748 0.12541
302.70000 -64.14827 0.12118
302.75000 -64.13580 0.11486
302.80000 -64.13751 0.10976
302.85000 -64.12969 0.10924
302.90000 -64.11910 0.10685
302.95000 -64.10777 0.10291
303.00000 -64.10323 0.10285
303.05000 -64.09455 0.10264
303.10000 -64.08229 0.09915
303.15000 -64.07012 0.09993
303.20000 -64.06101 0.09733
303.25000 -64.05505 0.09742
303.30000 -64.04816 0.09660
303.35000 -64.03749 0.09327
303.40000 -64.03133 0.08868
303.45000 -64.02672 0.08563
303.50000 -64.02679 0.08491
303.55000 -64.02037 0.08275
303.60000 -64.01888 0.08143
303.65000 -64.01353 0.08021
303.70000 -64.00827 0.07673
303.75000 -64.00531 0.07595
303.80000 -64.00216 0.07537
303.85000 -63.99678 0.07366
303.90000 -63.99318 0.07107
303.95000 -63.98939 0.07269
304.00000 -63.98513 0.07242
304.05000 -63.97759 0.07220
304.10000 -63.97570 0.07796
304.15000 -63.97399 0.08474
304.20000 -63.97333 0.07766
304.25000 -63.97136 0.08117
304.30000 -63.96725 0.08314
304.35000 -63.96678 0.07792
304.40000 -63.96691 0.08123
304.45000 -63.96709 0.08760
304.50000 -63.96545 0.08494
304.55000 -63.96521 0.08071
304.60000 -63.96615 0.08779
304.65000 -63.96188 0.08035
304.70000 -63.96764 0.09548
304.75000 -63.96507 0.09355
304.80000 -63.96109 0.09121
304.85000 -63.95476 0.08807
304.90000 -63.95354 0.09165
304.95000 -63.95314 0.08840
305.00000 -63.95356 0.08638
305.05000 -63.94719 0.09331
305.10000 -63.94409 0.09159
305.15000 -63.94105 0.09416
305.20000 -63.94551 0.10002
305.25000 -63.94227 0.09720
305.30000 -63.93914 0.09517
305.35000 -63.93449 0.09384
305.40000 -63.93662 0.09011
305.45000 -63.93490 0.09336
305.50000 -63.92860 0.08322
305.55000 -63.93115 0.08199
305.60000 -63.92876 0.08379
305.65000 -63.92487 0.08078
305.70000 -63.92533 0.08287
305.75000 -63.92433 0.08534
305.80000 -63.92495 0.08524
305.85000 -63.92887 0.07961
305.90000 -63.92387 0.07430
305.95000 -63.92558 0.08819
306.00000 -63.92696 0.08449
306.05000 -63.92215 0.08124
306.10000 -63.92294 0.08810
306.15000 -63.92700 0.08951
306.20000 -63.92493 0.09092
306.25000 -63.91909 0.08541
306.30000 -63.91670 0.08501
306.35000 -63.91114 0.08682
306.40000 -63.91450 0.08807
306.45000 -63.91890 0.08700
306.50000 -63.91290 0.08345
306.55000 -63.91355 0.07897
306.60000 -63.91312 0.07514
306.65000 -63.91550 0.07555
306.70000 -63.91083 0.07250
306.75000 -63.91153 0.07728
306.80000 -63.90729 0.07440
306.85000 -63.90725 0.07381
306.90000 -63.90626 0.06840
306.95000 -63.89998 0.06634
307.00000 -63.89986 0.06269
307.05000 -63.89801 0.07204
307.10000 -63.90180 0.07126
307.15000 -63.90360 0.07336
307.20000 -63.89925 0.06691
307.25000 -63.90049 0.05834
307.30000 -63.90290 0.06903
307.35000 -63.90508 0.07336
307.40000 -63.90535 0.07114
307.45000 -63.90329 0.06958
307.50000 -63.90733 0.06955
307.55000 -63.90752 0.06741
307.60000 -63.90498 0.06400
307.65000 -63.90813 0.06917
307.70000 -63.90840 0.07001
307.75000 -63.90843 0.06735
307.80000 -63.90834 0.06973
307.85000 -63.90891 0.06949
307.90000 -63.91281 0.07781
307.95000 -63.91460 0.07607
308.00000 -63.91606 0.08130
308.05000 -63.91109 0.08096
308.10000 -63.91056 0.07793
308.15000 -63.91022 0.07616
308.20000 -63.91645 0.08075
308.25000 -63.91062 0.07080
308.30000 -63.91206 0.07843
308.35000 -63.91366 0.07920
308.40000 -63.91677 0.08289
308.45000 -63.91661 0.08725
308.50000 -63.91681 0.08692
308.55000 -63.91979 0.08365
308.60000 -63.91618 0.07644
308.65000 -63.91333 0.07351
308.70000 -63.91315 0.07377
308.75000 -63.91189 0.07326
308.80000 -63.91067 0.07290
308.85000 -63.90705 0.07524
308.90000 -63.90661 0.07018
308.95000 -63.90661 0.07012
309.00000 -63.90475 0.06678
309.05000 -63.90336 0.06573
309.10000 -63.90572 0.07732
309.15000 -63.90565 0.08068
309.20000 -63.90426 0.08194
309.25000 -63.90442 0.08216
309.30000 -63.90470 0.08044
309.35000 -63.90463 0.07878
309.40000 -63.90494 0.08577
309.45000 -63.90939 0.10243
309.50000 -63.90680 0.09778
309.55000 -63.90718 0.09363
309.60000 -63.90663 0.08696
309.65000 -63.91184 0.09308
309.70000 -63.90930 0.09369
309.75000 -63.91199 0.09069
309.80000 -63.90979 0.08498
309.85000 -63.91237 0.08634
309.90000 -63.91080 0.08224
309.95000 -63.90959 0.08130
310.00000 -63.90688 0.07998
310.05000 -63.90544 0.07566
310.10000 -63.90091 0.07027
310.15000 -63.90325 0.07127
310.20000 -63.89852 0.06478
310.25000 -63.89765 0.06297
310.30000 -63.88857 0.05534
310.35000 -63.88759 0.05322
310.40000 -63.88603 0.05047
310.45000 -63.88835 0.04947
310.50000 -63.89042 0.05598
310.55000 -63.88155 0.05388
310.60000 -63.87781 0.05354
310.65000 -63.87754 0.05986
310.70000 -63.87507 0.06239
310.75000 -63.87424 0.05827
310.80000 -63.87242 0.06476
310.85000 -63.87273 0.06628
310.90000 -63.87040 0.05635
310.95000 -63.86774 0.06024
311.00000 -63.86514 0.05626
311.05000 -63.86915 0.05886
311.10000 -63.86472 0.06174
311.15000 -63.86965 0.05459
311.20000 -63.86841 0.05143
311.25000 -63.86932 0.05406
311.30000 -63.87072 0.05761
311.35000 -63.87206 0.05182
311.40000 -63.87241 0.05405
311.45000 -63.87315 0.05984
311.50000 -63.87477 0.06256
311.55000 -63.87595 0.06013
311.60000 -63.87394 0.05292
311.65000 -63.87833 0.04988
311.70000 -63.87798 0.05380
311.75000 -63.88016 0.05595
311.80000 -63.88819 0.06532
311.85000 -63.88305 0.05692
311.90000 -63.88393 0.05679
311.95000 -63.88503 0.06126
312.00000 -63.88484 0.05277
312.05000 -63.88284 0.05355
312.10000 -63.88256 0.05448
312.15000 -63.87875 0.05206
312.20000 -63.87897 0.05341
312.25000 -63.88584 0.05089
312.30000 -63.88567 0.05281
312.35000 -63.88429 0.05342
312.40000 -63.88712 0.05186
312.45000 -63.88957 0.05532
312.50000 -63.88639 0.04973
312.55000 -63.88911 0.05140
312.60000 -63.89211 0.05680
312.65000 -63.88946 0.05437
312.70000 -63.89121 0.05471
312.75000 -63.88816 0.04733
312.80000 -63.88791 0.04374
312.85000 -63.88608 0.04243
312.90000 -63.89042 0.04769
312.95000 -63.88767 0.04518
313.00000 -63.88099 0.03514
313.05000 -63.88043 0.03575
313.10000 -63.88053 0.03422
313.15000 -63.88022 0.03475
313.20000 -63.87834 0.03106
313.25000 -63.87659 0.02804
313.30000 -63.87052 0.01790
313.35000 -63.86865 0.01641
313.40000 -63.86737 0.01665
313.45000 -63.86476 0.01251
313.50000 -63.86067 0.01159
313.55000 -63.86468 0.01596
313.60000 -63.86187 0.01670
313.65000 -63.86495 0.01768
313.70000 -63.86240 0.02236
313.75000 -63.85824 0.01792
313.80000 -63.85617 0.02503
313.85000 -63.85408 0.02324
313.90000 -63.85532 0.03412
313.95000 -63.85377 0.03699
314.00000 -63.85261 0.03233
314.05000 -63.85046 0.03011
314.10000 -63.84922 0.03226
314.15000 -63.85305 0.03549
314.20000 -63.84673 0.03311
314.25000 -63.84749 0.03793
314.30000 -63.84792 0.03924
314.35000 -63.84507 0.03817
314.40000 -63.84490 0.03638
314.45000 -63.84044 0.04219
314.50000 -63.84397 0.03894
314.55000 -63.84626 0.03721
314.60000 -63.84703 0.02788
314.65000 -63.84791 0.03025
314.70000 -63.85321 0.02666
314.75000 -63.85343 0.02682
314.80000 -63.85883 0.03074
314.85000 -63.86225 0.03495
314.90000 -63.85862 0.02691
314.95000 -63.86329 0.03051
315.00000 -63.86299 0.03385
315.05000 -63.86318 0.03705
315.10000 -63.86365 0.04381
315.15000 -63.86742 0.04315
315.20000 -63.86916 0.04134
315.25000 -63.86779 0.04057
315.30000 -63.86409 0.04057
315.35000 -63.86418 0.03338
315.40000 -63.86545 0.03778
315.45000 -63.86857 0.03627
315.50000 -63.86532 0.02531
315.55000 -63.86368 0.02493
315.60000 -63.86742 0.02931
315.65000 -63.86482 0.02822
315.70000 -63.86751 0.03617
315.75000 -63.87014 0.04031
315.80000 -63.87372 0.04128
315.85000 -63.87336 0.04586
315.90000 -63.87029 0.04030
315.95000 -63.87439 0.04594
316.00000 -63.87550 0.04812
316.05000 -63.87680 0.04855
316.10000 -63.88231 0.05778
316.15000 -63.87872 0.05268
316.20000 -63.88153 0.05720
316.25000 -63.88010 0.05693
316.30000 -63.88373 0.05825
316.35000 -63.88598 0.05988
316.40000 -63.88347 0.05918
316.45000 -63.88318 0.05573
316.50000 -63.88233 0.05338
316.55000 -63.88165 0.05175
316.60000 -63.87963 0.04683
316.65000 -63.87754 0.04532
316.70000 -63.87691 0.04453
316.75000 -63.88430 0.05427
316.80000 -63.88150 0.05263
316.85000 -63.88517 0.05589
316.90000 -63.88681 0.05888
316.95000 -63.88675 0.05923
317.00000 -63.88454 0.05473
317.05000 -63.88544 0.05924
317.10000 -63.88753 0.06127
317.15000 -63.88903 0.06731
317.20000 -63.89012 0.06835
317.25000 -63.89318 0.07231
317.30000 -63.89316 0.07711
317.35000 -63.89332 0.07451
317.40000 -63.89706 0.07778
317.45000 -63.89492 0.07909
317.50000 -63.89601 0.08170
317.55000 -63.89444 0.07614
317.60000 -63.89351 0.07506
317.65000 -63.89544 0.08228
317.70000 -63.89781 0.08422
317.75000 -63.89956 0.08803
317.80000 -63.90010 0.08724
317.85000 -63.90274 0.09112
317.90000 -63.90282 0.09214
317.95000 -63.90464 0.09581
318.00000 -63.90185 0.08934
318.05000 -63.90597 0.09613
318.10000 -63.90776 0.09719
318.15000 -63.90752 0.09575
318.20000 -63.91036 0.09965
318.25000 -63.91004 0.09945
318.30000 -63.91688 0.10789
318.35000 -63.91384 0.10294
318.40000 -63.91148 0.10327
318.45000 -63.91136 0.10118
318.50000 -63.91116 0.10007
318.55000 -63.90929 0.09987
318.60000 -63.90855 0.09644
318.65000 -63.91042 0.10011
318.70000 -63.90907 0.09836
318.75000 -63.90294 0.08726
318.80000 -63.90084 0.08785
318.85000 -63.90087 0.08758
318.90000 -63.90294 0.09043
318.95000 -63.89770 0.08546
319.00000 -63.89357 0.07784
319.05000 -63.89033 0.07444
319.10000 -63.88806 0.07262
319.15000 -63.88495 0.06377
319.20000 -63.88197 0.06179
319.25000 -63.88176 0.05904
319.30000 -63.88069 0.05779
319.35000 -63.87804 0.05680
319.40000 -63.87626 0.06206
319.45000 -63.87052 0.05828
319.50000 -63.87133 0.06064
319.55000 -63.87477 0.05834
319.60000 -63.87135 0.05716
319.65000 -63.87129 0.05668
319.70000 -63.86825 0.05409
319.75000 -63.86989 0.04883
319.80000 -63.87121 0.05988
319.85000 -63.86930 0.05416
319.90000 -63.86892 0.05542
319.95000 -63.87106 0.06059
320.00000 -63.86637 0.05788
320.05000 -63.86776 0.06322
320.10000 -63.86301 0.06719
320.15000 -63.87063 0.07313
320.20000 -63.86805 0.06782
320.25000 -63.87642 0.07224
320.30000 -63.87204 0.07415
320.35000 -63.87530 0.07331
320.40000 -63.87713 0.07168
320.45000 -63.87962 0.06788
320.50000 -63.88319 0.07373
320.55000 -63.88478 0.07010
320.60000 -63.88347 0.07611
320.65000 -63.88655 0.07198
320.70000 -63.88475 0.07005
320.75000 -63.88179 0.07199
320.80000 -63.89131 0.07489
320.85000 -63.88925 0.07087
320.90000 -63.88643 0.06858
320.95000 -63.88968 0.07227
321.00000 -63.89134 0.07407
321.05000 -63.89173 0.07506
321.10000 -63.88684 0.06914
321.15000 -63.89106 0.07407
321.20000 -63.89106 0.06994
321.25000 -63.88996 0.06816
321.30000 -63.89161 0.07096
321.35000 -63.89376 0.07553
321.40000 -63.89601 0.07943
321.45000 -63.89859 0.08425
321.50000 -63.89558 0.08052
321.55000 -63.89102 0.07541
321.60000 -63.89323 0.07796
321.65000 -63.89649 0.08214
321.70000 -63.89548 0.08161
321.75000 -63.89629 0.08274
321.80000 -63.88811 0.07129
321.85000 -63.88747 0.07049
321.90000 -63.88932 0.07512
321.95000 -63.88847 0.07386
322.00000 -63.88643 0.07683
322.05000 -63.88647 0.07521
322.10000 -63.89100 0.08330
322.15000 -63.88805 0.07521
322.20000 -63.89008 0.07756
322.25000 -63.89181 0.07708
322.30000 -63.88650 0.07469
322.35000 -63.88766 0.07612
322.40000 -63.89098 0.08601
322.45000 -63.89379 0.08589
322.50000 -63.88641 0.08524
322.55000 -63.88252 0.08786
322.60000 -63.88390 0.09162
322.65000 -63.88724 0.08845
322.70000 -63.88608 0.08436
322.75000 -63.88709 0.09481
322.80000 -63.88638 0.09421
322.85000 -63.88642 0.09212
322.90000 -63.88885 0.09452
322.95000 -63.89211 0.10144
323.00000 -63.89323 0.10288
323.05000 -63.88872 0.09687
323.10000 -63.89261 0.09495
323.15000 -63.88972 0.08642
323.20000 -63.88983 0.08465
323.25000 -63.88751 0.07539
323.30000 -63.88121 0.07412
323.35000 -63.88376 0.07218
323.40000 -63.88806 0.07547
323.45000 -63.89219 0.07372
323.50000 -63.88898 0.07388
323.55000 -63.88484 0.06445
323.60000 -63.88595 0.07024
323.65000 -63.88705 0.06764
323.70000 -63.88066 0.05683
323.75000 -63.87993 0.06419
323.80000 -63.87697 0.06258
323.85000 -63.86864 0.04789
323.90000 -63.86835 0.06136
323.95000 -63.86235 0.05121
324.00000 -63.85753 0.04948
324.05000 -63.85521 0.05310
324.10000 -63.85276 0.04423
324.15000 -63.84949 0.04483
324.20000 -63.84948 0.03698
324.25000 -63.84507 0.03176
324.30000 -63.84751 0.02166
324.35000 -63.84571 0.02129
324.40000 -63.84454 0.02303
324.45000 -63.84535 0.02263
324.50000 -63.84222 0.02438
324.55000 -63.84374 0.02269
324.60000 -63.83990 0.02858
324.65000 -63.83823 0.03349
324.70000 -63.83700 0.03152
324.75000 -63.83919 0.03108
324.80000 -63.83730 0.02916
324.85000 -63.83943 0.03093
324.90000 -63.84398 0.03188
324.95000 -63.84753 0.02808
325.00000 -63.84905 0.03225
325.05000 -63.84409 0.03136
325.10000 -63.84948 0.03811
325.15000 -63.85222 0.03958
325.20000 -63.85264 0.03498
325.25000 -63.85726 0.03883
325.30000 -63.85670 0.04085
325.35000 -63.85967 0.04927
325.40000 -63.86549 0.05689
325.45000 -63.86491 0.04756
325.50000 -63.86862 0.05120
325.55000 -63.86536 0.04325
325.60000 -63.87512 0.05583
325.65000 -63.87126 0.05501
325.70000 -63.87131 0.05302
325.75000 -63.86973 0.04952
325.80000 -63.87878 0.06068
325.85000 -63.87525 0.05969
325.90000 -63.87497 0.05334
325.95000 -63.87471 0.05456
326.00000 -63.87464 0.05784
326.05000 -63.87732 0.06059
326.10000 -63.87659 0.05840
326.15000 -63.87864 0.06072
326.20000 -63.88106 0.06644
326.25000 -63.88406 0.07349
326.30000 -63.88008 0.06824
326.35000 -63.87865 0.06935
326.40000 -63.88591 0.07554
326.45000 -63.88807 0.08434
326.50000 -63.88689 0.07559
326.55000 -63.88931 0.08036
326.60000 -63.89011 0.08297
326.65000 -63.88917 0.08192
326.70000 -63.89170 0.08772
326.75000 -63.89188 0.08742
326.80000 -63.89058 0.08822
326.85000 -63.88582 0.08153
326.90000 -63.88359 0.07872
326.95000 -63.89294 0.09451
327.00000 -63.89401 0.09602
327.05000 -63.89128 0.09316
327.10000 -63.89595 0.09754
327.15000 -63.89830 0.09813
327.20000 -63.89800 0.09681
327.25000 -63.90055 0.10257
327.30000 -63.89987 0.09788
327.35000 -63.89934 0.09695
327.40000 -63.89589 0.09213
327.45000 -63.90352 0.10461
327.50000 -63.90002 0.09877
327.55000 -63.90131 0.09901
327.60000 -63.90434 0.10233
327.65000 -63.89996 0.09808
327.70000 -63.90048 0.09962
327.75000 -63.90352 0.10508
327.80000 -63.90179 0.09739
327.85000 -63.90067 0.09538
327.90000 -63.89168 0.08043
327.95000 -63.89029 0.08197
328.00000 -63.88637 0.07526
328.05000 -63.88665 0.07534
328.10000 -63.88409 0.06674
328.15000 -63.88137 0.06546
328.20000 -63.88175 0.06686
328.25000 -63.88621 0.07426
328.30000 -63.88242 0.06919
328.35000 -63.88222 0.06547
328.40000 -63.88152 0.06371
328.45000 -63.88917 0.07720
328.50000 -63.88776 0.07432
328.55000 -63.89029 0.07698
328.60000 -63.89198 0.08103
328.65000 -63.89239 0.08246
328.70000 -63.89460 0.08310
328.75000 -63.89604 0.08590
328.80000 -63.89867 0.08829
328.85000 -63.89658 0.08371
328.90000 -63.89301 0.07919
328.95000 -63.89550 0.08651
329.00000 -63.89648 0.08457
329.05000 -63.90181 0.09401
329.10000 -63.89954 0.09139
329.15000 -63.90563 0.09964
329.20000 -63.90848 0.10569
329.25000 -63.91065 0.10962
329.30000 -63.90892 0.11009
329.35000 -63.90854 0.10916
329.40000 -63.90991 0.11047
329.45000 -63.91190 0.11425
329.50000 -63.91119 0.11539
329.55000 -63.91432 0.11991
329.60000 -63.91861 0.12615
329.65000 -63.91903 0.12883
329.70000 -63.91600 0.12339
329.75000 -63.91988 0.12766
329.80000 -63.92026 0.12855
329.85000 -63.92109 0.13014
329.90000 -63.92403 0.13378
329.95000 -63.92341 0.13297
330.00000 -63.92309 0.13205
330.05000 -63.92642 0.13709
330.10000 -63.92727 0.13589
330.15000 -63.92428 0.12875
330.20000 -63.92104 0.12806
330.25000 -63.91517 0.11868
330.30000 -63.90997 0.11112
330.35000 -63.91466 0.11736
330.40000 -63.91696 0.11957
330.45000 -63.91782 0.12215
330.50000 -63.91441 0.11843
330.55000 -63.91443 0.11779
330.60000 -63.91150 0.11533
330.65000 -63.90943 0.11269
330.70000 -63.90703 0.10800
330.75000 -63.90507 0.10146
330.80000 -63.90146 0.09457
330.85000 -63.90678 0.10603
330.90000 -63.90984 0.11142
330.95000 -63.90821 0.10514
331.00000 -63.90312 0.09932
331.05000 -63.90530 0.10589
331.10000 -63.90457 0.10387
331.15000 -63.90818 0.10662
331.20000 -63.90752 0.10164
331.25000 -63.90753 0.09856
331.30000 -63.90753 0.10337
331.35000 -63.90823 0.10668
331.40000 -63.90791 0.10335
331.45000 -63.90556 0.10001
331.50000 -63.90601 0.10100
331.55000 -63.90514 0.10258
331.60000 -63.90068 0.09573
331.65000 -63.89996 0.09609
331.70000 -63.90483 0.10426
331.75000 -63.90083 0.09787
331.80000 -63.90147 0.09842
331.85000 -63.90087 0.09871
331.90000 -63.89741 0.09476
331.95000 -63.90079 0.10111
332.00000 -63.89773 0.09428
332.05000 -63.90104 0.10071
332.10000 -63.90156 0.10268
332.15000 -63.89638 0.09347
332.20000 -63.89699 0.09180
332.25000 -63.89876 0.09244
332.30000 -63.89814 0.08992
332.35000 -63.89860 0.09464
332.40000 -63.89809 0.09416
332.45000 -63.89993 0.09391
332.50000 -63.89682 0.08792
332.55000 -63.89589 0.08820
332.60000 -63.89002 0.08053
332.65000 -63.89321 0.08580
332.70000 -63.88817 0.07715
332.75000 -63.88670 0.08024
332.80000 -63.88703 0.08499
332.85000 -63.88375 0.07848
332.90000 -63.88451 0.07685
332.95000 -63.88091 0.07435
333.00000 -63.87852 0.06714
333.05000 -63.88278 0.07499
333.10000 -63.88043 0.07791
333.15000 -63.87778 0.07740
333.20000 -63.87468 0.07568
333.25000 -63.87066 0.05888
333.30000 -63.86648 0.05572
333.35000 -63.86274 0.04691
333.40000 -63.85949 0.03946
333.45000 -63.86112 0.03433
333.50000 -63.85435 0.01998
333.55000 -63.85072 0.02326
333.60000 -63.85569 0.02296
333.65000 -63.85298 0.01787
333.70000 -63.85079 0.01549
333.75000 -63.85093 0.01517
333.80000 -63.85194 0.01487
333.85000 -63.85050 0.01472
333.90000 -63.85216 0.02099
333.95000 -63.85289 0.01955
334.00000 -63.85757 0.02457
334.05000 -63.85771 0.02214
334.10000 -63.85791 0.02613
334.15000 -63.85716 0.02723
334.20000 -63.86136 0.03074
334.25000 -63.86080 0.03294
334.30000 -63.86280 0.03002
334.35000 -63.86272 0.03019
334.40000 -63.86263 0.03159
334.45000 -63.86143 0.03094
334.50000 -63.86694 0.03137
334.55000 -63.86873 0.03300
334.60000 -63.86733 0.03479
334.65000 -63.87224 0.03860
334.70000 -63.87338 0.03962
334.75000 -63.87569 0.04254
334.80000 -63.87709 0.04650
334.85000 -63.87876 0.05186
334.90000 -63.87929 0.05332
334.95000 -63.88040 0.05435
335.00000 -63.87791 0.05195
335.05000 -63.87974 0.05103
335.10000 -63.88581 0.05815
335.15000 -63.88667 0.06613
335.20000 -63.88765 0.06859
335.25000 -63.88906 0.07155
335.30000 -63.88711 0.06313
335.35000 -63.88829 0.06779
335.40000 -63.89101 0.07678
335.45000 -63.89420 0.08427
335.50000 -63.89772 0.08848
335.55000 -63.89599 0.08378
335.60000 -63.89722 0.08489
335.65000 -63.89162 0.07631
335.70000 -63.89079 0.07036
335.75000 -63.88632 0.06453
335.80000 -63.87742 0.04495
335.85000 -63.87441 0.04179
335.90000 -63.87403 0.03934
335.95000 -63.86728 0.03305
336.00000 -63.86338 0.03139
336.05000 -63.85939 0.02548
336.10000 -63.86138 0.02848
336.15000 -63.85868 0.03240
336.20000 -63.85676 0.03181
336.25000 -63.85868 0.04062
336.30000 -63.85564 0.03244
336.35000 -63.85892 0.03494
336.40000 -63.86110 0.03488
336.45000 -63.86030 0.02826
336.50000 -63.85561 0.03175
336.55000 -63.85572 0.02760
336.60000 -63.85459 0.02997
336.65000 -63.85335 0.03155
336.70000 -63.85098 0.02794
336.75000 -63.84676 0.03306
336.80000 -63.85133 0.02623
336.85000 -63.85310 0.02686
336.90000 -63.85486 0.02915
336.95000 -63.85824 0.02950
337.00000 -63.85754 0.03060
337.05000 -63.85812 0.03606
337.10000 -63.85642 0.03367
337.15000 -63.85517 0.03593
337.20000 -63.85781 0.03468
337.25000 -63.85668 0.03763
337.30000 -63.85961 0.04454
337.35000 -63.85724 0.04784
337.40000 -63.85912 0.03851
337.45000 -63.86255 0.03882
337.50000 -63.86417 0.03897
337.55000 -63.86198 0.03090
337.60000 -63.86789 0.04491
337.65000 -63.86653 0.03964
337.70000 -63.86963 0.04296
337.75000 -63.87295 0.04980
337.80000 -63.87182 0.05381
337.85000 -63.87416 0.05119
337.90000 -63.87998 0.05775
337.95000 -63.88146 0.06168
338.00000 -63.88244 0.06283
338.05000 -63.88107 0.06131
338.10000 -63.88366 0.06471
338.15000 -63.88338 0.06071
338.20000 -63.88796 0.07048
338.25000 -63.88848 0.07172
338.30000 -63.88035 0.06114
338.35000 -63.88406 0.06828
338.40000 -63.88413 0.06707
338.45000 -63.88390 0.07009
338.50000 -63.89004 0.07701
338.55000 -63.88976 0.07535
338.60000 -63.88787 0.07031
338.65000 -63.89048 0.07392
338.70000 -63.89120 0.07494
338.75000 -63.89328 0.07955
338.80000 -63.89847 0.08737
338.85000 -63.89761 0.08650
338.90000 -63.89559 0.08538
338.95000 -63.89499 0.09228
339.00000 -63.88740 0.07305
339.05000 -63.88698 0.07396
339.10000 -63.88703 0.07956
339.15000 -63.88763 0.07412
339.20000 -63.88926 0.07328
339.25000 -63.88781 0.06991
339.30000 -63.88562 0.06341
339.35000 -63.87895 0.05218
339.40000 -63.88211 0.05624
339.45000 -63.88247 0.05425
339.50000 -63.88366 0.05949
339.55000 -63.88937 0.06665
339.60000 -63.88723 0.06414
339.65000 -63.89040 0.06728
339.70000 -63.88920 0.06687
339.75000 -63.88867 0.06650
339.80000 -63.89166 0.06912
339.85000 -63.89081 0.06926
339.90000 -63.89450 0.07376
339.95000 -63.89851 0.08439
340.00000 -63.90052 0.08534
340.05000 -63.89929 0.08313
340.10000 -63.90100 0.08587
340.15000 -63.89926 0.08333
340.20000 -63.90003 0.08473
340.25000 -63.90038 0.08335
340.30000 -63.89959 0.08106
340.35000 -63.90107 0.08287
340.40000 -63.90346 0.08574
340.45000 -63.90473 0.08661
340.50000 -63.90302 0.08363
340.55000 -63.90096 0.08281
340.60000 -63.90439 0.08705
340.65000 -63.90241 0.08540
340.70000 -63.89936 0.08104
340.75000 -63.90366 0.08621
340.80000 -63.90264 0.08613
340.85000 -63.90404 0.08967
340.90000 -63.90360 0.09009
340.95000 -63.89696 0.08265
341.00000 -63.89507 0.07984
341.05000 -63.89688 0.08074
341.10000 -63.89414 0.07798
341.15000 -63.89422 0.07676
341.20000 -63.89567 0.07636
341.25000 -63.89652 0.07960
341.30000 -63.89082 0.06929
341.35000 -63.89064 0.06945
341.40000 -63.89576 0.07589
341.45000 -63.89611 0.07413
341.50000 -63.89588 0.07531
341.55000 -63.89916 0.08207
341.60000 -63.89530 0.07756
341.65000 -63.90136 0.08709
341.70000 -63.90171 0.08891
341.75000 -63.90288 0.08883
341.80000 -63.90301 0.08957
341.85000 -63.90226 0.08514
341.90000 -63.90395 0.09124
341.95000 -63.90515 0.09204
342.00000 -63.90493 0.09205
342.05000 -63.90417 0.09514
342.10000 -63.90826 0.09447
342.15000 -63.91074 0.10024
342.20000 -63.91124 0.10280
342.25000 -63.91453 0.10610
342.30000 -63.91182 0.09857
342.35000 -63.91490 0.10597
342.40000 -63.91597 0.10829
342.45000 -63.91464 0.10954
342.50000 -63.91408 0.10905
342.55000 -63.90988 0.10329
342.60000 -63.91547 0.11063
342.65000 -63.91158 0.10512
342.70000 -63.91807 0.11539
342.75000 -63.91730 0.11259
342.80000 -63.91439 0.10863
342.85000 -63.91960 0.11669
342.90000 -63.92134 0.11891
342.95000 -63.91932 0.11495
343.00000 -63.92335 0.12266
343.05000 -63.92323 0.12269
343.10000 -63.92275 0.12185
343.15000 -63.92289 0.12064
343.20000 -63.92437 0.12424
343.25000 -63.92688 0.12446
343.30000 -63.92444 0.12481
343.35000 -63.92312 0.12620
343.40000 -63.92194 0.12685
343.45000 -63.91598 0.11565
343.50000 -63.92239 0.12280
343.55000 -63.92259 0.12687
343.60000 -63.92141 0.12511
343.65000 -63.91840 0.11425
343.70000 -63.91597 0.10804
343.75000 -63.91029 0.10210
343.80000 -63.91224 0.10751
343.85000 -63.90420 0.09533
343.90000 -63.90676 0.09726
343.95000 -63.90117 0.09032
344.00000 -63.90332 0.09209
344.05000 -63.90184 0.08940
344.10000 -63.90108 0.08735
344.15000 -63.90086 0.08263
344.20000 -63.89603 0.07123
344.25000 -63.89285 0.06979
344.30000 -63.89318 0.06953
344.35000 -63.88489 0.05712
344.40000 -63.88230 0.05360
344.45000 -63.87919 0.05598
344.50000 -63.87836 0.05072
344.55000 -63.87358 0.03961
344.60000 -63.87451 0.05447
344.65000 -63.87558 0.05526
344.70000 -63.87986 0.06182
344.75000 -63.88121 0.06460
344.80000 -63.87458 0.05660
344.85000 -63.87678 0.06536
344.90000 -63.87769 0.06729
344.95000 -63.87205 0.07138
345.00000 -63.86941 0.07741
345.05000 -63.86807 0.09319
345.10000 -63.86193 0.09427
345.15000 -63.86342 0.09751
345.20000 -63.85915 0.09208
345.25000 -63.85069 0.09684
345.30000 -63.85657 0.10544
345.35000 -63.85510 0.09786
345.40000 -63.85367 0.09533
345.45000 -63.85265 0.09050
345.50000 -63.84658 0.09596
345.55000 -63.84738 0.08930
345.60000 -63.84454 0.09003
345.65000 -63.84648 0.09428
345.70000 -63.85134 0.08630
345.75000 -63.85103 0.08116
345.80000 -63.85524 0.08292
345.85000 -63.85260 0.07007
345.90000 -63.85749 0.07215
345.95000 -63.85616 0.08224
346.00000 -63.86131 0.08059
346.05000 -63.86264 0.07475
346.10000 -63.86147 0.06648
346.15000 -63.86421 0.07073
346.20000 -63.86122 0.07127
346.25000 -63.86480 0.08356
346.30000 -63.86275 0.07951
346.35000 -63.86107 0.07234
346.40000 -63.86104 0.07366
346.45000 -63.86239 0.06586
346.50000 -63.86295 0.06021
346.55000 -63.86551 0.06010
346.60000 -63.86755 0.06182
346.65000 -63.87294 0.07003
346.70000 -63.87301 0.06342
346.75000 -63.87372 0.07135
346.80000 -63.87306 0.07304
346.85000 -63.87828 0.07710
346.90000 -63.88118 0.07751
346.95000 -63.88390 0.08196
347.00000 -63.88561 0.08280
347.05000 -63.88349 0.07916
347.10000 -63.88347 0.07864
347.15000 -63.88118 0.07356
347.20000 -63.88256 0.07188
347.25000 -63.87736 0.06832
347.30000 -63.87751 0.06530
347.35000 -63.87948 0.06453
347.40000 -63.88009 0.06840
347.45000 -63.87776 0.05992
347.50000 -63.88224 0.06131
347.55000 -63.88400 0.06157
347.60000 -63.88262 0.06315
347.65000 -63.87841 0.05679
347.70000 -63.88155 0.05985
347.75000 -63.88180 0.05570
347.80000 -63.87942 0.05380
347.85000 -63.87957 0.05660
347.90000 -63.87794 0.05477
347.95000 -63.87712 0.05143
348.00000 -63.87644 0.05242
348.05000 -63.88084 0.05912
348.10000 -63.88171 0.06520
348.15000 -63.88153 0.06728
348.20000 -63.87906 0.06255
348.25000 -63.88143 0.06183
348.30000 -63.88271 0.06768
348.35000 -63.88205 0.06813
348.40000 -63.87752 0.06070
348.45000 -63.87099 0.05718
348.50000 -63.87001 0.04762
348.55000 -63.87110 0.04220
348.60000 -63.87685 0.05282
348.65000 -63.87526 0.05144
348.70000 -63.87050 0.04870
348.75000 -63.86761 0.04500
348.80000 -63.86981 0.05090
348.85000 -63.87324 0.05621
348.90000 -63.87097 0.05785
348.95000 -63.87203 0.06922
349.00000 -63.86840 0.05516
349.05000 -63.86279 0.04698
349.10000 -63.86950 0.05577
349.15000 -63.86591 0.04313
349.20000 -63.86577 0.04485
349.25000 -63.86411 0.04436
349.30000 -63.86600 0.04159
349.35000 -63.86531 0.04081
349.40000 -63.87016 0.04620
349.45000 -63.87525 0.05491
349.50000 -63.86922 0.04494
349.55000 -63.87011 0.04380
349.60000 -63.87534 0.05111
349.65000 -63.87417 0.04895
349.70000 -63.86960 0.04060
349.75000 -63.86537 0.03336
349.80000 -63.86422 0.03357
349.85000 -63.85904 0.02843
349.90000 -63.85700 0.02841
349.95000 -63.85948 0.03021
350.00000 -63.86008 0.03277
350.05000 -63.86002 0.02824
350.10000 -63.86155 0.02937
350.15000 -63.86126 0.03104
350.20000 -63.86165 0.02946
350.25000 -63.85853 0.02657
350.30000 -63.86003 0.02927
350.35000 -63.85956 0.02597
350.40000 -63.86120 0.03059
350.45000 -63.86047 0.03187
350.50000 -63.85901 0.02837
350.55000 -63.86134 0.02840
350.60000 -63.86083 0.02843
350.65000 -63.85770 0.02454
350.70000 -63.85314 0.01971
350.75000 -63.85087 0.01890
350.80000 -63.84794 0.01663
350.85000 -63.84646 0.01706
350.90000 -63.84407 0.01969
350.95000 -63.84589 0.02023
351.00000 -63.84429 0.02296
351.05000 -63.84121 0.02878
351.10000 -63.83875 0.03820
351.15000 -63.84342 0.03002
351.20000 -63.84215 0.03415
351.25000 -63.84647 0.02973
351.30000 -63.84603 0.03110
351.35000 -63.85103 0.03579
351.40000 -63.85024 0.03251
351.45000 -63.84793 0.04413
351.50000 -63.84621 0.04422
351.55000 -63.84997 0.04241
351.60000 -63.85471 0.04232
351.65000 -63.85278 0.04265
351.70000 -63.85418 0.04040
351.75000 -63.85740 0.03412
351.80000 -63.85783 0.03468
351.85000 -63.85849 0.02316
351.90000 -63.85508 0.02019
351.95000 -63.85375 0.01876
352.00000 -63.85787 0.01956
352.05000 -63.85697 0.01752
352.10000 -63.85858 0.01959
352.15000 -63.85322 0.02007
352.20000 -63.85720 0.01742
352.25000 -63.85428 0.01791
352.30000 -63.85827 0.01953
352.35000 -63.85708 0.01976
352.40000 -63.86220 0.02182
352.45000 -63.86096 0.02245
352.50000 -63.86406 0.02612
352.55000 -63.85982 0.02223
352.60000 -63.85446 0.01828
352.65000 -63.85101 0.02164
352.70000 -63.85140 0.02357
352.75000 -63.85005 0.02750
352.80000 -63.84925 0.02812
352.85000 -63.84571 0.03476
352.90000 -63.84510 0.04058
352.95000 -63.84497 0.03911
353.00000 -63.85124 0.04129
353.05000 -63.85040 0.04017
353.10000 -63.85259 0.04455
353.15000 -63.84894 0.03811
353.20000 -63.84254 0.03770
353.25000 -63.84456 0.06255
353.30000 -63.84323 0.05422
353.35000 -63.84185 0.05465
353.40000 -63.84597 0.05248
353.45000 -63.84143 0.05129
353.50000 -63.84417 0.04478
353.55000 -63.84390 0.03988
353.60000 -63.84400 0.05071
353.65000 -63.84104 0.05477
353.70000 -63.84151 0.04162
353.75000 -63.84147 0.03921
353.80000 -63.84605 0.03720
353.85000 -63.83991 0.03979
353.90000 -63.84297 0.04365
353.95000 -63.84246 0.04400
354.00000 -63.83770 0.04231
354.05000 -63.83511 0.04687
354.10000 -63.83339 0.05498
354.15000 -63.83451 0.05911
354.20000 -63.82998 0.06314
354.25000 -63.82760 0.07548
354.30000 -63.82221 0.08644
354.35000 -63.82320 0.08118
354.40000 -63.81820 0.07929
354.45000 -63.82391 0.07504
354.50000 -63.82319 0.07595
354.55000 -63.82441 0.07081
354.60000 -63.82291 0.07098
354.65000 -63.82108 0.06503
354.70000 -63.81945 0.05952
354.75000 -63.82417 0.05215
354.80000 -63.82273 0.04675
354.85000 -63.82451 0.04382
354.90000 -63.82257 0.04844
354.95000 -63.82604 0.04135
355.00000 -63.82810 0.03765
355.05000 -63.82596 0.04073
355.10000 -63.82754 0.03782
355.15000 -63.83435 0.02603
355.20000 -63.83119 0.03179
355.25000 -63.83037 0.03007
355.30000 -63.83022 0.03244
355.35000 -63.82825 0.03089
355.40000 -63.83177 0.02570
355.45000 -63.83544 0.02207
355.50000 -63.83300 0.03157
355.55000 -63.83655 0.03106
355.60000 -63.83585 0.02537
355.65000 -63.83882 0.02343
355.70000 -63.83636 0.03272
355.75000 -63.84387 0.03138
355.80000 -63.84201 0.02800
355.85000 -63.84517 0.03305
355.90000 -63.84399 0.03675
355.95000 -63.84791 0.03935
356.00000 -63.84591 0.04524
356.05000 -63.84729 0.04733
356.10000 -63.84742 0.05203
356.15000 -63.84730 0.05809
356.20000 -63.84847 0.06548
356.25000 -63.84756 0.07033
356.30000 -63.84663 0.06416
356.35000 -63.85097 0.06618
356.40000 -63.85030 0.07461
356.45000 -63.84916 0.07092
356.50000 -63.85454 0.06780
356.55000 -63.85603 0.06993
356.60000 -63.85669 0.06221
356.65000 -63.85949 0.06371
356.70000 -63.85932 0.05229
356.75000 -63.85904 0.05371
356.80000 -63.86148 0.04750
356.85000 -63.86338 0.05076
356.90000 -63.86645 0.05427
356.95000 -63.86393 0.05414
357.00000 -63.86625 0.05122
357.05000 -63.86908 0.05088
357.10000 -63.86836 0.04787
357.15000 -63.86435 0.03758
357.20000 -63.86563 0.03663
357.25000 -63.86427 0.03753
357.30000 -63.86666 0.04246
357.35000 -63.86389 0.03578
357.40000 -63.86332 0.04056
357.45000 -63.86338 0.04306
357.50000 -63.86218 0.03700
357.55000 -63.86751 0.04167
357.60000 -63.86586 0.04040
357.65000 -63.86087 0.03837
357.70000 -63.86739 0.03970
357.75000 -63.86896 0.04033
357.80000 -63.87404 0.05225
357.85000 -63.87380 0.05314
357.90000 -63.87542 0.05323
357.95000 -63.87326 0.04656
358.00000 -63.87584 0.05313
358.05000 -63.87338 0.04351
358.10000 -63.87525 0.04838
358.15000 -63.87932 0.05359
358.20000 -63.88069 0.05627
358.25000 -63.87720 0.05677
358.30000 -63.87604 0.06157
358.35000 -63.86911 0.05892
358.40000 -63.86887 0.06181
358.45000 -63.87115 0.07148
358.50000 -63.86301 0.07371
358.55000 -63.86419 0.08231
358.60000 -63.85377 0.08923
358.65000 -63.86070 0.10272
358.70000 -63.85773 0.10902
358.75000 -63.85542 0.10278
358.80000 -63.85194 0.10781
358.85000 -63.85355 0.10795
358.90000 -63.85103 0.11017
358.95000 -63.85105 0.11236
359.00000 -63.84325 0.11829
359.05000 -63.84240 0.11252
359.10000 -63.84062 0.11652
359.15000 -63.84439 0.11234
359.20000 -63.84191 0.11179
359.25000 -63.83478 0.13182
359.30000 -63.83275 0.12138
359.35000 -63.83213 0.11350
359.40000 -63.82658 0.10333
359.45000 -63.82523 0.10805
359.50000 -63.82538 0.09884
359.55000 -63.82087 0.10037
359.60000 -63.82037 0.09969
359.65000 -63.82202 0.09111
359.70000 -63.82147 0.09006
359.75000 -63.82123 0.08776
359.80000 -63.81918 0.09016
359.85000 -63.82587 0.08201
359.90000 -63.82768 0.08684
359.95000 -63.83192 0.07829
360.00000 -63.83542 0.07340
360.05000 -63.83985 0.07646
360.10000 -63.83847 0.07009
360.15000 -63.84013 0.06854
360.20000 -63.84216 0.06606
360.25000 -63.84355 0.05457
360.30000 -63.84613 0.05515
360.35000 -63.84885 0.05994
360.40000 -63.84594 0.06612
360.45000 -63.85255 0.06578
360.50000 -63.85527 0.06934
360.55000 -63.86071 0.06786
360.60000 -63.86581 0.07557
360.65000 -63.86638 0.07299
360.70000 -63.86611 0.07831
360.75000 -63.86612 0.07456
360.80000 -63.87020 0.07656
360.85000 -63.87045 0.07593
360.90000 -63.86591 0.06786
360.95000 -63.86855 0.07342
361.00000 -63.87352 0.07295
361.05000 -63.86851 0.06226
361.10000 -63.86938 0.06595
361.15000 -63.86987 0.06412
361.20000 -63.87147 0.06573
361.25000 -63.87291 0.06678
361.30000 -63.86993 0.06001
361.35000 -63.86849 0.06373
361.40000 -63.86998 0.06799
361.45000 -63.86886 0.07115
361.50000 -63.86707 0.07267
361.55000 -63.86783 0.07607
361.60000 -63.87317 0.08440
361.65000 -63.86863 0.07861
361.70000 -63.86830 0.08660
361.75000 -63.86386 0.08193
361.80000 -63.86600 0.07536
361.85000 -63.86102 0.07141
361.90000 -63.85753 0.05611
361.95000 -63.85855 0.05608
362.00000 -63.85685 0.06573
362.05000 -63.85645 0.05883
362.10000 -63.85905 0.06157
362.15000 -63.85367 0.05400
362.20000 -63.85583 0.05371
362.25000 -63.85734 0.05974
362.30000 -63.86111 0.05846
362.35000 -63.86346 0.05647
362.40000 -63.86340 0.04376
362.45000 -63.86124 0.04789
362.50000 -63.86118 0.05090
362.55000 -63.86314 0.04987
362.60000 -63.85760 0.04267
362.65000 -63.85398 0.04622
362.70000 -63.84913 0.05075
362.75000 -63.84525 0.04895
362.80000 -63.84439 0.04732
362.85000 -63.85016 0.04599
362.90000 -63.84211 0.04182
362.95000 -63.83603 0.04434
363.00000 -63.83630 0.04032
363.05000 -63.83406 0.04488
363.10000 -63.83907 0.04495
363.15000 -63.84051 0.04016
363.20000 -63.84198 0.03957
363.25000 -63.84572 0.04052
363.30000 -63.84514 0.03961
363.35000 -63.84885 0.04015
363.40000 -63.84834 0.03670
363.45000 -63.85167 0.02880
363.50000 -63.85187 0.03356
363.55000 -63.85530 0.04100
363.60000 -63.85460 0.03772
363.65000 -63.85342 0.02994
363.70000 -63.85272 0.04275
363.75000 -63.85518 0.03820
363.80000 -63.85564 0.03910
363.85000 -63.85749 0.03995
363.90000 -63.86346 0.03957
363.95000 -63.86103 0.03505
364.00000 -63.86121 0.03339
364.05000 -63.86414 0.03785
364.10000 -63.86730 0.03576
364.15000 -63.87107 0.04209
364.20000 -63.86832 0.03881
364.25000 -63.87865 0.05643
364.30000 -63.87944 0.05343
364.35000 -63.88076 0.05412
364.40000 -63.88040 0.05469
364.45000 -63.87753 0.04778
364.50000 -63.87995 0.05507
364.55000 -63.88278 0.05909
364.60000 -63.88198 0.05546
364.65000 -63.88420 0.05866
364.70000 -63.88750 0.06525
364.75000 -63.88685 0.06360
364.80000 -63.88563 0.05897
364.85000 -63.88778 0.06465
364.90000 -63.89360 0.07126
364.95000 -63.89254 0.06839
365.00000 -63.89227 0.07095
365.05000 -63.89200 0.07085
365.10000 -63.89095 0.06873
365.15000 -63.89114 0.07069
365.20000 -63.88663 0.06184
365.25000 -63.88760 0.06237
365.30000 -63.88531 0.05989
365.35000 -63.88522 0.06235
365.40000 -63.88907 0.07098
365.45000 -63.88500 0.06329
365.50000 -63.88199 0.05933
365.55000 -63.88250 0.06236
365.60000 -63.88121 0.06091
365.65000 -63.88171 0.06595
365.70000 -63.88241 0.06631
365.75000 -63.88143 0.06637
365.80000 -63.87737 0.06348
365.85000 -63.87705 0.06073
365.90000 -63.87622 0.06178
365.95000 -63.87520 0.05878
366.00000 -63.87435 0.05873
366.05000 -63.86720 0.04651
366.10000 -63.86883 0.04672
366.15000 -63.87232 0.05279
366.20000 -63.87054 0.05022
366.25000 -63.87322 0.05559
366.30000 -63.87328 0.05875
366.35000 -63.87862 0.06616
366.40000 -63.87690 0.05731
366.45000 -63.87019 0.04681
366.50000 -63.87256 0.04838
366.55000 -63.86798 0.04821
366.60000 -63.86523 0.04221
366.65000 -63.86062 0.04048
366.70000 -63.86098 0.03586
366.75000 -63.86128 0.03416
366.80000 -63.85282 0.03284
366.85000 -63.85494 0.03384
366.90000 -63.84948 0.03791
366.95000 -63.84881 0.04769
367.00000 -63.84851 0.05112
367.05000 -63.84275 0.05388
367.10000 -63.84147 0.06259
367.15000 -63.83791 0.05718
367.20000 -63.84040 0.05608
367.25000 -63.84312 0.05484
367.30000 -63.84181 0.06806
367.35000 -63.84293 0.06439
367.40000 -63.84520 0.05867
367.45000 -63.84751 0.06390
367.50000 -63.85098 0.05372
367.55000 -63.84897 0.05052
367.60000 -63.84889 0.04611
367.65000 -63.85313 0.04220
367.70000 -63.85528 0.04135
367.75000 -63.85196 0.03799
367.80000 -63.85185 0.03423
367.85000 -63.85012 0.03612
367.90000 -63.85261 0.03794
367.95000 -63.86074 0.03827
368.00000 -63.85471 0.02780
368.05000 -63.85419 0.03141
368.10000 -63.85424 0.02736
368.15000 -63.85651 0.03261
368.20000 -63.85085 0.02692
368.25000 -63.84786 0.02117
368.30000 -63.84870 0.02438
368.35000 -63.85310 0.02835
368.40000 -63.85267 0.02440
368.45000 -63.85464 0.02668
368.50000 -63.85340 0.02976
368.55000 -63.85441 0.02705
368.60000 -63.85636 0.02633
368.65000 -63.85886 0.02878
368.70000 -63.86116 0.03165
368.75000 -63.86376 0.03569
368.80000 -63.86535 0.03846
368.85000 -63.86613 0.03720
368.90000 -63.86150 0.03330
368.95000 -63.85621 0.02364
369.00000 -63.86156 0.03336
369.05000 -63.86200 0.03444
369.10000 -63.85694 0.03057
369.15000 -63.85926 0.03551
369.20000 -63.86255 0.03794
369.25000 -63.86503 0.03620
369.30000 -63.85985 0.02804
369.35000 -63.86126 0.02606
369.40000 -63.85530 0.02375
369.45000 -63.85597 0.02747
369.50000 -63.85435 0.01996
369.55000 -63.85117 0.01440
369.60000 -63.84831 0.02263
369.65000 -63.85146 0.01561
369.70000 -63.84833 0.00628
369.75000 -63.84755 0.00667
369.80000 -63.84559 0.01023
369.85000 -63.84123 0.01643
369.90000 -63.84197 0.01586
369.95000 -63.83278 0.02951
370.00000 -63.83152 0.03380
370.05000 -63.82857 0.03982
370.10000 -63.82570 0.04290
370.15000 -63.81945 0.05822
370.20000 -63.81916 0.05639
370.25000 -63.81790 0.06175
370.30000 -63.81540 0.06461
370.35000 -63.80958 0.07319
370.40000 -63.81127 0.06859
370.45000 -63.80864 0.07068
370.50000 -63.80699 0.07145
370.55000 -63.80789 0.07242
370.60000 -63.80891 0.07031
370.65000 -63.80454 0.07713
370.70000 -63.80552 0.07694
370.75000 -63.80465 0.07697
370.80000 -63.80444 0.07628
370.85000 -63.80679 0.07231
370.90000 -63.80200 0.07884
370.95000 -63.80088 0.07859
371.00000 -63.80369 0.07625
371.05000 -63.80293 0.07321
371.10000 -63.80666 0.06931
371.15000 -63.80737 0.06761
371.20000 -63.81054 0.06459
371.25000 -63.81174 0.06145
371.30000 -63.81355 0.06377
371.35000 -63.80888 0.06751
371.40000 -63.81384 0.05896
371.45000 -63.81815 0.05295
371.50000 -63.81801 0.05543
371.55000 -63.81592 0.05846
371.60000 -63.81706 0.05791
371.65000 -63.81831 0.06001
371.70000 -63.81867 0.05658
371.75000 -63.81622 0.06223
371.80000 -63.81924 0.05720
371.85000 -63.81791 0.05877
371.90000 -63.82343 0.05361
371.95000 -63.81966 0.05771
372.00000 -63.81602 0.06280
372.05000 -63.81471 0.06603
372.10000 -63.81861 0.05935
372.15000 -63.81865 0.06120
372.20000 -63.81766 0.06292
372.25000 -63.81288 0.07136
372.30000 -63.81586 0.06872
372.35000 -63.81728 0.06474
372.40000 -63.81646 0.06665
372.45000 -63.82066 0.05976
372.50000 -63.82002 0.06044
372.55000 -63.82226 0.05496
372.60000 -63.82509 0.05018
372.65000 -63.82646 0.04679
372.70000 -63.82589 0.04978
372.75000 -63.83248 0.04440
372.80000 -63.83566 0.04106
372.85000 -63.83781 0.03788
372.90000 -63.84116 0.03783
372.95000 -63.84494 0.04049
373.00000 -63.84323 0.03626
373.05000 -63.84180 0.03676
373.10000 -63.84591 0.03449
373.15000 -63.84535 0.03396
373.20000 -63.84531 0.03453
373.25000 -63.85204 0.03241
373.30000 -63.85346 0.03138
373.35000 -63.85717 0.03155
373.40000 -63.85743 0.03138
373.45000 -63.86111 0.03517
373.50000 -63.86252 0.03610
373.55000 -63.86494 0.03771
373.60000 -63.86973 0.04296
373.65000 -63.86843 0.04408
373.70000 -63.87316 0.04788
373.75000 -63.87934 0.05302
373.80000 -63.88060 0.05563
373.85000 -63.88222 0.05651
373.90000 -63.88100 0.05627
373.95000 -63.87855 0.05130
374.00000 -63.87991 0.05196
374.05000 -63.87956 0.05171
374.10000 -63.87895 0.05230
374.15000 -63.88125 0.05503
374.20000 -63.88151 0.05821
374.25000 -63.88248 0.05678
374.30000 -63.88460 0.05983
374.35000 -63.87800 0.05237
374.40000 -63.88379 0.06197
374.45000 -63.88100 0.05922
374.50000 -63.87848 0.05579
374.55000 -63.87706 0.05523
374.60000 -63.87712 0.05778
374.65000 -63.87524 0.06005
374.70000 -63.87958 0.05786
374.75000 -63.87598 0.05267
374.80000 -63.88039 0.05343
374.85000 -63.87320 0.05088
374.90000 -63.87520 0.04907
374.95000 -63.87727 0.05424
375.00000 -63.87761 0.05146
375.05000 -63.87536 0.04741
375.10000 -63.87343 0.04320
375.15000 -63.87070 0.04195
375.20000 -63.87274 0.04412
375.25000 -63.86717 0.03955
375.30000 -63.86902 0.03672
375.35000 -63.86902 0.03628
375.40000 -63.86787 0.03324
375.45000 -63.87058 0.03771
375.50000 -63.87312 0.04097
375.55000 -63.87436 0.04383
375.60000 -63.87612 0.04418
375.65000 -63.87859 0.04771
375.70000 -63.87206 0.03821
375.75000 -63.87140 0.04073
375.80000 -63.87389 0.04133
375.85000 -63.87379 0.03674
375.90000 -63.87055 0.03580
375.95000 -63.87265 0.03836
376.00000 -63.87091 0.04174
376.05000 -63.87326 0.04474
376.10000 -63.87287 0.04325
376.15000 -63.87124 0.04614
376.20000 -63.87032 0.04225
376.25000 -63.86955 0.04364
376.30000 -63.87545 0.05277
376.35000 -63.87562 0.05335
376.40000 -63.87486 0.05516
376.45000 -63.87299 0.05426
376.50000 -63.87190 0.05101
376.55000 -63.87098 0.04895
376.60000 -63.86910 0.04889
376.65000 -63.86774 0.05044
376.70000 -63.86798 0.04982
376.75000 -63.86390 0.05024
376.80000 -63.86213 0.05119
376.85000 -63.86134 0.05278
376.90000 -63.85652 0.05429
376.95000 -63.85546 0.05347
377.00000 -63.85219 0.05777
377.05000 -63.85636 0.06534
377.10000 -63.85813 0.06657
377.15000 -63.86219 0.06823
377.20000 -63.85925 0.07162
377.25000 -63.85709 0.07252
377.30000 -63.86245 0.08016
377.35000 -63.86116 0.07559
377.40000 -63.86048 0.07887
377.45000 -63.85685 0.08212
377.50000 -63.85764 0.08541
377.55000 -63.85861 0.08575
377.60000 -63.85453 0.08930
377.65000 -63.85027 0.08361
377.70000 -63.84858 0.07330
377.75000 -63.84753 0.07416
377.80000 -63.84283 0.07743
377.85000 -63.83811 0.06565
377.90000 -63.83426 0.05789
377.95000 -63.83619 0.05329
378.00000 -63.83295 0.05309
378.05000 -63.83522 0.05499
378.10000 -63.83242 0.05024
378.15000 -63.82839 0.06130
378.20000 -63.83095 0.05302
378.25000 -63.83133 0.06753
378.30000 -63.83429 0.06187
378.35000 -63.83184 0.06207
378.40000 -63.83471 0.05861
378.45000 -63.83319 0.05158
378.50000 -63.83364 0.04967
378.55000 -63.83555 0.05318
378.60000 -63.83935 0.05406
378.65000 -63.84046 0.04846
378.70000 -63.84298 0.04038
378.75000 -63.84905 0.03520
378.80000 -63.85127 0.03590
378.85000 -63.84952 0.03487
378.90000 -63.84971 0.03012
378.95000 -63.85798 0.03722
379.00000 -63.85592 0.02746
379.05000 -63.85760 0.02888
379.10000 -63.86238 0.04059
379.15000 -63.85820 0.03657
379.20000 -63.85946 0.03233
379.25000 -63.85968 0.03621
379.30000 -63.85998 0.03305
379.35000 -63.85844 0.03121
379.40000 -63.85760 0.02615
379.45000 -63.85860 0.02389
379.50000 -63.86373 0.02501
379.55000 -63.86483 0.02278
379.60000 -63.87117 0.03142
379.65000 -63.86734 0.02694
379.70000 -63.87386 0.03347
379.75000 -63.87309 0.03305
379.80000 -63.87508 0.03623
379.85000 -63.87767 0.03862
379.90000 -63.88048 0.04281
379.95000 -63.87988 0.04299
380.00000 -63.88113 0.04442
380.05000 -63.88130 0.04717
380.10000 -63.88251 0.04812
380.15000 -63.88060 0.04480
380.20000 -63.88273 0.04692
380.25000 -63.87882 0.04295
380.30000 -63.87818 0.04299
380.35000 -63.87450 0.04235
380.40000 -63.87828 0.04762
380.45000 -63.87897 0.04420
380.50000 -63.87818 0.05160
380.55000 -63.88068 0.05379
380.60000 -63.88355 0.05756
380.65000 -63.88494 0.05660
380.70000 -63.89025 0.06520
380.75000 -63.89191 0.06668
380.80000 -63.89259 0.06938
380.85000 -63.88795 0.06867
380.90000 -63.88864 0.06827
380.95000 -63.88941 0.06524
381.00000 -63.89072 0.06970
381.05000 -63.88665 0.05870
381.10000 -63.88531 0.06020
381.15000 -63.88380 0.05622
381.20000 -63.87514 0.04494
381.25000 -63.87757 0.04983
381.30000 -63.87801 0.05039
381.35000 -63.87219 0.04181
381.40000 -63.87077 0.03986
381.45000 -63.86963 0.03726
381.50000 -63.86835 0.03882
381.55000 -63.86793 0.03515
381.60000 -63.86828 0.03758
381.65000 -63.86813 0.03858
381.70000 -63.86505 0.03891
381.75000 -63.86488 0.03516
381.80000 -63.86273 0.03291
381.85000 -63.85518 0.02795
381.90000 -63.85881 0.02835
381.95000 -63.85879 0.03152
382.00000 -63.86097 0.03901
382.05000 -63.85740 0.04228
382.10000 -63.85636 0.03953
382.15000 -63.85852 0.04327
382.20000 -63.85665 0.03950
382.25000 -63.85703 0.04276
382.30000 -63.85810 0.03940
382.35000 -63.85976 0.04643
382.40000 -63.85740 0.04060
382.45000 -63.85617 0.04447
382.50000 -63.85660 0.03844
382.55000 -63.85482 0.04490
382.60000 -63.85510 0.04711
382.65000 -63.85298 0.04180
382.70000 -63.85025 0.04460
382.75000 -63.84870 0.04616
382.80000 -63.85516 0.04813
382.85000 -63.85783 0.04481
382.90000 -63.85815 0.04668
382.95000 -63.85484 0.04695
383.00000 -63.85511 0.04606
383.05000 -63.85968 0.04267
383.10000 -63.86292 0.04735
383.15000 -63.86154 0.04578
383.20000 -63.86236 0.05183
383.25000 -63.86121 0.04085
383.30000 -63.85473 0.03718
383.35000 -63.85722 0.03882
383.40000 -63.85766 0.04049
383.45000 -63.85697 0.03298
383.50000 -63.85980 0.04309
383.55000 -63.85346 0.03514
383.60000 -63.85057 0.04090
383.65000 -63.84594 0.04609
383.70000 -63.84170 0.04841
383.75000 -63.83607 0.06132
383.80000 -63.83359 0.06944
383.85000 -63.83122 0.08279
383.90000 -63.82864 0.08134
383.95000 -63.82498 0.07959
384.00000 -63.82445 0.07995
384.05000 -63.82568 0.08220
384.10000 -63.82286 0.07490
384.15000 -63.82154 0.07769
384.20000 -63.82446 0.09017
384.25000 -63.82666 0.08769
384.30000 -63.82470 0.08947
384.35000 -63.82746 0.08960
384.40000 -63.82744 0.08511
384.45000 -63.82891 0.08811
384.50000 -63.82837 0.09498
384.55000 -63.82662 0.09432
384.60000 -63.82800 0.09529
384.65000 -63.82532 0.09639
384.70000 -63.82727 0.09700
384.75000 -63.82773 0.09739
384.80000 -63.82538 0.09792
384.85000 -63.83053 0.09880
384.90000 -63.82836 0.09292
384.95000 -63.82977 0.09857
385.00000 -63.82889 0.10257
385.05000 -63.82913 0.09708
385.10000 -63.83091 0.10016
385.15000 -63.83077 0.09958
385.20000 -63.83186 0.09730
385.25000 -63.83306 0.08030
385.30000 -63.83059 0.07889
385.35000 -63.82502 0.08319
385.40000 -63.82509 0.07773
385.45000 -63.82741 0.08181
385.50000 -63.82558 0.08146
385.55000 -63.81872 0.08328
385.60000 -63.82293 0.08614
385.65000 -63.82077 0.07827
385.70000 -63.82195 0.06867
385.75000 -63.82154 0.07562
385.80000 -63.82080 0.07907
385.85000 -63.82457 0.08852
385.90000 -63.82616 0.08145
385.95000 -63.82887 0.07234
386.00000 -63.82852 0.07802
386.05000 -63.82887 0.07736
386.10000 -63.82373 0.06786
386.15000 -63.82398 0.06851
386.20000 -63.82407 0.05980
386.25000 -63.82549 0.04852
386.30000 -63.82958 0.04083
386.35000 -63.82749 0.04033
386.40000 -63.83000 0.03928
386.45000 -63.82993 0.03596
386.50000 -63.83599 0.03871
386.55000 -63.83469 0.03690
386.60000 -63.83180 0.03870
386.65000 -63.83218 0.03818
386.70000 -63.83500 0.04132
386.75000 -63.83098 0.03721
386.80000 -63.83689 0.03597
386.85000 -63.83655 0.04180
386.90000 -63.83598 0.04587
386.95000 -63.83889 0.05295
387.00000 -63.83826 0.05241
387.05000 -63.84287 0.05107
387.10000 -63.84639 0.05918
387.15000 -63.84362 0.04383
387.20000 -63.84800 0.04858
387.25000 -63.84739 0.04494
387.30000 -63.83975 0.03622
387.35000 -63.84626 0.03445
387.40000 -63.84497 0.03146
387.45000 -63.84645 0.03158
387.50000 -63.84943 0.03681
387.55000 -63.84907 0.03343
387.60000 -63.85405 0.03691
387.65000 -63.85416 0.03345
387.70000 -63.85665 0.03620
387.75000 -63.85773 0.03290
387.80000 -63.85586 0.03732
387.85000 -63.85457 0.03490
387.90000 -63.85851 0.04036
387.95000 -63.86276 0.04252
388.00000 -63.86214 0.04644
388.05000 -63.86444 0.05112
388.10000 -63.87082 0.05777
388.15000 -63.86952 0.06082
388.20000 -63.86852 0.05973
388.25000 -63.86620 0.06386
388.30000 -63.87252 0.07119
388.35000 -63.87338 0.06989
388.40000 -63.87624 0.07351
388.45000 -63.87153 0.07654
388.50000 -63.87231 0.07827
388.55000 -63.87073 0.07840
388.60000 -63.87328 0.09131
388.65000 -63.87104 0.09641
388.70000 -63.87572 0.10074
388.75000 -63.87340 0.09982
388.80000 -63.87762 0.10447
388.85000 -63.87499 0.09991
388.90000 -63.88088 0.10885
388.95000 -63.88195 0.10493
389.00000 -63.87944 0.10621
389.05000 -63.88330 0.11351
389.10000 -63.88637 0.11677
389.15000 -63.88764 0.11546
389.20000 -63.88881 0.11868
389.25000 -63.88596 0.12078
389.30000 -63.88589 0.10823
389.35000 -63.89069 0.11434
389.40000 -63.88910 0.11370
389.45000 -63.89218 0.11784
389.50000 -63.89271 0.11675
389.55000 -63.89713 0.11960
389.60000 -63.89500 0.12449
389.65000 -63.89064 0.12338
389.70000 -63.89063 0.11798
389.75000 -63.89494 0.12139
389.80000 -63.89438 0.11838
389.85000 -63.89028 0.10706
389.90000 -63.89176 0.11438
389.95000 -63.88633 0.10340
390.00000 -63.88649 0.09783
390.05000 -63.88058 0.08805
390.10000 -63.87936 0.09345
390.15000 -63.87262 0.07813
390.20000 -63.87430 0.09173
390.25000 -63.86973 0.08924
390.30000 -63.87080 0.08709
390.35000 -63.86898 0.08222
390.40000 -63.86537 0.08086
390.45000 -63.85840 0.08383
390.50000 -63.85704 0.08574
390.55000 -63.84910 0.08106
390.60000 -63.85201 0.07622
390.65000 -63.84282 0.08062
390.70000 -63.84272 0.07510
390.75000 -63.84108 0.07372
390.80000 -63.84138 0.06292
390.85000 -63.84178 0.05681
390.90000 -63.83810 0.05625
390.95000 -63.83944 0.05791
391.00000 -63.83421 0.05273
391.05000 -63.82731 0.05758
391.10000 -63.83288 0.05320
391.15000 -63.83575 0.05261
391.20000 -63.83959 0.05218
391.25000 -63.83605 0.04949
391.30000 -63.83122 0.05712
391.35000 -63.83076 0.05936
391.40000 -63.83454 0.05931
391.45000 -63.82946 0.06331
391.50000 -63.83368 0.06185
391.55000 -63.82891 0.06524
391.60000 -63.82757 0.07481
391.65000 -63.82601 0.07633
391.70000 -63.82781 0.07187
391.75000 -63.82508 0.07383
391.80000 -63.82457 0.08280
391.85000 -63.82598 0.08892
391.90000 -63.82371 0.08535
391.95000 -63.82116 0.09071
392.00000 -63.82621 0.09081
392.05000 -63.82343 0.08872
392.10000 -63.82082 0.08857
392.15000 -63.82461 0.08616
392.20000 -63.82457 0.07917
392.25000 -63.82844 0.08031
392.30000 -63.82751 0.07321
392.35000 -63.83041 0.06909
392.40000 -63.83215 0.05960
392.45000 -63.83688 0.04859
392.50000 -63.83408 0.05394
392.55000 -63.83467 0.04643
392.60000 -63.84271 0.03677
392.65000 -63.84032 0.03439
392.70000 -63.84163 0.03975
392.75000 -63.84508 0.03227
392.80000 -63.85015 0.02778
392.85000 -63.84978 0.02724
392.90000 -63.85157 0.02591
392.95000 -63.85310 0.02642
393.00000 -63.85938 0.03732
393.05000 -63.85461 0.03985
393.10000 -63.86025 0.04780
393.15000 -63.85659 0.04751
393.20000 -63.85508 0.05420
393.25000 -63.85464 0.06266
393.30000 -63.85594 0.07059
393.35000 -63.85596 0.07298
393.40000 -63.85398 0.08862
393.45000 -63.85237 0.08246
393.50000 -63.84807 0.08796
393.55000 -63.84473 0.07445
393.60000 -63.84572 0.08019
393.65000 -63.84319 0.09218
393.70000 -63.83996 0.09812
393.75000 -63.84016 0.10260
393.80000 -63.84194 0.10300
393.85000 -63.83852 0.10199
393.90000 -63.83930 0.09721
393.95000 -63.83597 0.09764
394.00000 -63.83503 0.09628
394.05000 -63.83212 0.09611
394.10000 -63.82389 0.09495
394.15000 -63.82217 0.09262
394.20000 -63.81887 0.08569
394.25000 -63.81741 0.09010
394.30000 -63.81601 0.09383
394.35000 -63.81353 0.09423
394.40000 -63.81220 0.09714
394.45000 -63.81872 0.09363
394.50000 -63.81753 0.09300
394.55000 -63.82571 0.07637
394.60000 -63.82275 0.08275
394.65000 -63.82761 0.07832
394.70000 -63.82416 0.08424
394.75000 -63.82566 0.08149
394.80000 -63.82974 0.07809
394.85000 -63.82790 0.07519
394.90000 -63.82589 0.08050
394.95000 -63.82823 0.08157
395.00000 -63.83345 0.08024
395.05000 -63.83272 0.08230
395.10000 -63.83019 0.08656
395.15000 -63.83234 0.09077
395.20000 -63.83456 0.09368
395.25000 -63.83434 0.08540
395.30000 -63.83532 0.08823
395.35000 -63.83744 0.09028
395.40000 -63.84561 0.09027
395.45000 -63.85184 0.08697
395.50000 -63.85167 0.07968
395.55000 -63.85151 0.07217
395.60000 -63.84885 0.07106
395.65000 -63.84915 0.06234
395.70000 -63.85522 0.05945
395.75000 -63.85493 0.04634
395.80000 -63.85445 0.03980
395.85000 -63.85194 0.04823
395.90000 -63.85370 0.03017
395.95000 -63.85646 0.03628
396.00000 -63.85946 0.03058
396.05000 -63.85940 0.02285
396.10000 -63.86121 0.03416
396.15000 -63.86262 0.03513
396.20000 -63.86756 0.03201
396.25000 -63.86500 0.03694
396.30000 -63.86902 0.04459
396.35000 -63.86597 0.03855
396.40000 -63.86852 0.04450
396.45000 -63.86530 0.04179
396.50000 -63.86402 0.03571
396.55000 -63.86818 0.03700
396.60000 -63.86973 0.03996
396.65000 -63.86860 0.04204
396.70000 -63.86910 0.03611
396.75000 -63.86711 0.03012
396.80000 -63.86764 0.03354
396.85000 -63.86414 0.02609
396.90000 -63.85918 0.02467
396.95000 -63.85895 0.02385
397.00000 -63.86059 0.02103
397.05000 -63.86035 0.02258
397.10000 -63.85901 0.02224
397.15000 -63.85897 0.02230
397.20000 -63.85642 0.02106
397.25000 -63.85861 0.02929
397.30000 -63.86169 0.03081
397.35000 -63.86353 0.03027
397.40000 -63.86169 0.02886
397.45000 -63.86655 0.03594
397.50000 -63.86359 0.03204
397.55000 -63.86070 0.03028
397.60000 -63.86140 0.03189
397.65000 -63.86027 0.03415
397.70000 -63.85467 0.02371
397.75000 -63.85611 0.02630
397.80000 -63.85500 0.02378
397.85000 -63.85562 0.03163
397.90000 -63.85280 0.02407
397.95000 -63.85237 0.02422
398.00000 -63.85097 0.02865
398.05000 -63.84622 0.02327
398.10000 -63.84293 0.02408
398.15000 -63.84007 0.03628
398.20000 -63.84256 0.03150
398.25000 -63.84527 0.03901
398.30000 -63.84634 0.03722
398.35000 -63.84722 0.03771
398.40000 -63.85209 0.04845
398.45000 -63.85175 0.05259
398.50000 -63.85590 0.05594
398.55000 -63.85884 0.05637
398.60000 -63.86114 0.05738
398.65000 -63.86054 0.05968
398.70000 -63.86373 0.06243
398.75000 -63.86268 0.06041
398.80000 -63.86864 0.06328
398.85000 -63.86558 0.05638
398.90000 -63.86389 0.05643
398.95000 -63.85837 0.04608
399.00000 -63.86232 0.05218
399.05000 -63.86298 0.05269
399.10000 -63.85706 0.04544
399.15000 -63.85914 0.05057
399.20000 -63.86455 0.05568
399.25000 -63.86057 0.05233
399.30000 -63.86244 0.05322
399.35000 -63.86641 0.05977
399.40000 -63.86454 0.05783
399.45000 -63.86445 0.05671
399.50000 -63.86676 0.06241
399.55000 -63.86855 0.06485
399.60000 -63.87130 0.06953
399.65000 -63.87276 0.07047
399.70000 -63.87169 0.07072
399.75000 -63.86865 0.06406
399.80000 -63.87194 0.07063
399.85000 -63.86971 0.07017
399.90000 -63.86848 0.06856
399.95000 -63.86138 0.06296
400.00000 -63.86268 0.06652
400.05000 -63.85872 0.06481
400.10000 -63.85861 0.06730
400.15000 -63.85647 0.07233
400.20000 -63.86145 0.07525
400.25000 -63.86079 0.08536
400.30000 -63.85700 0.08723
400.35000 -63.85309 0.09166
400.40000 -63.85321 0.08142
400.45000 -63.84673 0.09319
400.50000 -63.84396 0.09532
400.55000 -63.84655 0.09400
400.60000 -63.84661 0.10319
400.65000 -63.84640 0.09355
400.70000 -63.84359 0.09569
400.75000 -63.85011 0.08959
400.80000 -63.84706 0.08232
400.85000 -63.84959 0.07433
400.90000 -63.84442 0.07165
400.95000 -63.84394 0.06492
401.00000 -63.84273 0.06273
401.05000 -63.84450 0.06111
401.10000 -63.84630 0.05184
401.15000 -63.85302 0.05252
401.20000 -63.84997 0.05650
401.25000 -63.85401 0.04766
401.30000 -63.85466 0.05015
401.35000 -63.85682 0.05102
401.40000 -63.85602 0.04509
401.45000 -63.85301 0.03856
401.50000 -63.85160 0.03687
401.55000 -63.85692 0.03900
401.60000 -63.85696 0.03915
401.65000 -63.85503 0.03976
401.70000 -63.85796 0.04466
401.75000 -63.85915 0.04624
401.80000 -63.86153 0.04527
401.85000 -63.86609 0.05887
401.90000 -63.86571 0.05473
401.95000 -63.86516 0.05564
402.00000 -63.86509 0.06031
402.05000 -63.87018 0.06502
402.10000 -63.86952 0.07005
402.15000 -63.86784 0.06550
402.20000 -63.86864 0.07910
402.25000 -63.87004 0.07730
402.30000 -63.87413 0.08572
402.35000 -63.87804 0.08829
402.40000 -63.87633 0.08767
402.45000 -63.87444 0.08897
402.50000 -63.87355 0.08478
402.55000 -63.87278 0.08306
402.60000 -63.87607 0.08923
402.65000 -63.88066 0.09490
402.70000 -63.88103 0.09130
402.75000 -63.88194 0.09814
402.80000 -63.87928 0.09469
402.85000 -63.88177 0.09534
402.90000 -63.87973 0.09196
402.95000 -63.87919 0.09493
403.00000 -63.87904 0.09434
403.05000 -63.88299 0.09923
403.10000 -63.88238 0.09617
403.15000 -63.87932 0.09506
403.20000 -63.87814 0.09687
403.25000 -63.87575 0.09836
403.30000 -63.87669 0.09328
403.35000 -63.87288 0.09606
403.40000 -63.87429 0.09232
403.45000 -63.87384 0.09011
403.50000 -63.87579 0.08447
403.55000 -63.87332 0.08092
403.60000 -63.87833 0.09053
403.65000 -63.87889 0.08978
403.70000 -63.87863 0.08933
403.75000 -63.87870 0.08939
403.80000 -63.87978 0.08615
403.85000 -63.87915 0.09025
403.90000 -63.88256 0.09232
403.95000 -63.88372 0.08980
404.00000 -63.88886 0.08884
404.05000 -63.88830 0.09109
404.10000 -63.88652 0.09069
404.15000 -63.89116 0.09865
404.20000 -63.89407 0.10455
404.25000 -63.89234 0.09963
404.30000 -63.88907 0.09561
404.35000 -63.89037 0.09944
404.40000 -63.89124 0.10198
404.45000 -63.88747 0.10374
404.50000 -63.88872 0.10385
404.55000 -63.88826 0.10606
404.60000 -63.88681 0.10518
404.65000 -63.88715 0.10927
404.70000 -63.88949 0.11124
404.75000 -63.88849 0.11234
404.80000 -63.88414 0.10566
404.85000 -63.88245 0.10241
404.90000 -63.88976 0.11007
404.95000 -63.88663 0.10718
405.00000 -63.88297 0.10322
405.05000 -63.88507 0.10635
405.10000 -63.88889 0.10235
405.15000 -63.88754 0.10527
405.20000 -63.88552 0.10850
405.25000 -63.88612 0.10248
405.30000 -63.88922 0.10289
405.35000 -63.89328 0.11035
405.40000 -63.89161 0.11125
405.45000 -63.89215 0.10895
405.50000 -63.89269 0.11068
405.55000 -63.89321 0.11007
405.60000 -63.89299 0.12050
405.65000 -63.89836 0.12206
405.70000 -63.90184 0.12511
405.75000 -63.89917 0.12311
405.80000 -63.89697 0.12155
405.85000 -63.89577 0.11341
405.90000 -63.89964 0.11722
405.95000 -63.89847 0.11500
406.00000 -63.89520 0.11158
406.05000 -63.90139 0.12118
406.10000 -63.90021 0.11351
406.15000 -63.90141 0.11168
406.20000 -63.89754 0.10642
406.25000 -63.89682 0.10155
406.30000 -63.89980 0.10928
406.35000 -63.89945 0.10434
406.40000 -63.89864 0.10317
406.45000 -63.89501 0.09686
406.50000 -63.89671 0.09912
406.55000 -63.89406 0.09500
406.60000 -63.89348 0.09416
406.65000 -63.89883 0.10424
406.70000 -63.90016 0.10718
406.75000 -63.89910 0.10311
406.80000 -63.89831 0.10235
406.85000 -63.89672 0.09852
406.90000 -63.90242 0.10585
406.95000 -63.90234 0.10588
407.00000 -63.89832 0.10290
407.05000 -63.90382 0.10628
407.10000 -63.90358 0.10557
407.15000 -63.90426 0.10718
407.20000 -63.90438 0.10615
407.25000 -63.90701 0.10898
407.30000 -63.90865 0.11216
407.35000 -63.90063 0.10261
407.40000 -63.90380 0.10666
407.45000 -63.90723 0.11311
407.50000 -63.90100 0.10482
407.55000 -63.90222 0.10495
407.60000 -63.90032 0.10092
407.65000 -63.89775 0.10052
407.70000 -63.90293 0.10812
407.75000 -63.90026 0.10171
407.80000 -63.90011 0.10198
407.85000 -63.90065 0.10345
407.90000 -63.89682 0.09847
407.95000 -63.89671 0.09458
408.00000 -63.90240 0.10503
408.05000 -63.90295 0.10334
408.10000 -63.90186 0.09927
408.15000 -63.90342 0.10091
408.20000 -63.90456 0.10387
408.25000 -63.90173 0.10294
408.30000 -63.90061 0.09969
408.35000 -63.90065 0.09824
408.40000 -63.89767 0.09329
408.45000 -63.89678 0.09135
408.50000 -63.89180 0.08478
408.55000 -63.89007 0.08168
408.60000 -63.88843 0.07713
408.65000 -63.88563 0.07665
408.70000 -63.88664 0.07834
408.75000 -63.88821 0.08026
408.80000 -63.88552 0.07054
408.85000 -63.88601 0.07269
408.90000 -63.88394 0.07227
408.95000 -63.88288 0.07211
409.00000 -63.88239 0.07093
409.05000 -63.88416 0.07703
409.10000 -63.88282 0.07480
409.15000 -63.88571 0.07737
409.20000 -63.87881 0.06687
409.25000 -63.87948 0.06675
409.30000 -63.87867 0.06541
409.35000 -63.88435 0.07149
409.40000 -63.88231 0.06720
409.45000 -63.87874 0.05938
409.50000 -63.87753 0.05906
409.55000 -63.87695 0.05830
409.60000 -63.87902 0.06175
409.65000 -63.87416 0.05652
409.70000 -63.87739 0.06369
409.75000 -63.87461 0.05813
409.80000 -63.87242 0.05455
409.85000 -63.86710 0.04744
409.90000 -63.86721 0.04952
409.95000 -63.86821 0.05192
410.00000 -63.86160 0.04406
410.05000 -63.85609 0.03147
410.10000 -63.85952 0.04086
410.15000 -63.85811 0.03701
410.20000 -63.85962 0.04155
410.25000 -63.85656 0.03821
410.30000 -63.85495 0.03197
410.35000 -63.85651 0.03466
410.40000 -63.85258 0.02713
410.45000 -63.84823 0.02291
410.50000 -63.84591 0.01607
410.55000 -63.84574 0.01805
410.60000 -63.84183 0.01852
410.65000 -63.84245 0.02047
410.70000 -63.83828 0.01970
410.75000 -63.84558 0.02862
410.80000 -63.83793 0.02796
410.85000 -63.84151 0.02341
410.90000 -63.83618 0.02384
410.95000 -63.83500 0.02433
411.00000 -63.82877 0.01643
411.05000 -63.83346 0.01391
411.10000 -63.82951 0.00700
411.15000 -63.82932 0.00751
411.20000 -63.83211 0.00989
411.25000 -63.82889 0.01538
411.30000 -63.83030 0.02088
411.35000 -63.82715 0.02279
411.40000 -63.82906 0.03244
411.45000 -63.82761 0.03853
411.50000 -63.83016 0.04375
411.55000 -63.82521 0.04606
411.60000 -63.82935 0.04777
411.65000 -63.82904 0.05483
411.70000 -63.82662 0.05503
411.75000 -63.82696 0.04362
411.80000 -63.82350 0.04698
411.85000 -63.81699 0.04305
411.90000 -63.81652 0.03815
411.95000 -63.81678 0.03579
412.00000 -63.81124 0.04138
412.05000 -63.80912 0.04088
412.10000 -63.81113 0.04623
412.15000 -63.80720 0.04325
412.20000 -63.80933 0.04153
412.25000 -63.81215 0.04100
412.30000 -63.81436 0.04471
412.35000 -63.81683 0.04102
412.40000 -63.82120 0.03397
412.45000 -63.82517 0.03203
412.50000 -63.82919 0.02888
412.55000 -63.83167 0.02804
412.60000 -63.83426 0.02790
412.65000 -63.84090 0.02096
412.70000 -63.84103 0.01851
412.75000 -63.83897 0.01439
412.80000 -63.84383 0.01536
412.85000 -63.84096 0.01408
412.90000 -63.84560 0.02165
412.95000 -63.84861 0.02462
413.00000 -63.85057 0.03466
413.05000 -63.84674 0.02163
413.10000 -63.84998 0.02502
413.15000 -63.85088 0.03033
413.20000 -63.84772 0.02312
413.25000 -63.84774 0.02781
413.30000 -63.84398 0.02357
413.35000 -63.84659 0.02921
413.40000 -63.84447 0.03311
413.45000 -63.84169 0.02359
413.50000 -63.83969 0.02548
413.55000 -63.84106 0.03305
413.60000 -63.84394 0.02213
413.65000 -63.84514 0.01813
413.70000 -63.84508 0.01673
413.75000 -63.84636 0.01801
413.80000 -63.84652 0.01607
413.85000 -63.84669 0.01206
413.90000 -63.85673 0.02739
413.95000 -63.85477 0.02415
414.00000 -63.85856 0.03228
414.05000 -63.85935 0.03197
414.10000 -63.86616 0.04190
414.15000 -63.86399 0.03815
414.20000 -63.86885 0.04527
414.25000 -63.86936 0.04603
414.30000 -63.87187 0.05242
414.35000 -63.87660 0.05215
414.40000 -63.87565 0.05106
414.45000 -63.87471 0.05170
414.50000 -63.87454 0.05311
414.55000 -63.87223 0.05077
414.60000 -63.87204 0.05177
414.65000 -63.87253 0.04962
414.70000 -63.87491 0.05860
414.75000 -63.87720 0.06161
414.80000 -63.88207 0.06840
414.85000 -63.88542 0.07601
414.90000 -63.87754 0.06580
414.95000 -63.87895 0.06787
415.00000 -63.87958 0.07314
415.05000 -63.88394 0.08265
415.10000 -63.88128 0.07119
415.15000 -63.88342 0.07895
415.20000 -63.88254 0.07607
415.25000 -63.88513 0.07660
415.30000 -63.88665 0.07973
415.35000 -63.88921 0.08695
415.40000 -63.88846 0.08369
415.45000 -63.89325 0.09196
415.50000 -63.89565 0.09468
415.55000 -63.89586 0.09237
415.60000 -63.89793 0.09929
415.65000 -63.89902 0.09842
415.70000 -63.90034 0.10073
415.75000 -63.89878 0.09673
415.80000 -63.90241 0.09877
415.85000 -63.90755 0.10430
415.90000 -63.90862 0.10465
415.95000 -63.91217 0.11313
416.00000 -63.91185 0.11156
416.05000 -63.91176 0.11516
416.10000 -63.91164 0.11035
416.15000 -63.91102 0.10935
416.20000 -63.91028 0.10711
416.25000 -63.90815 0.09842
416.30000 -63.90310 0.09075
416.35000 -63.90427 0.09488
416.40000 -63.89814 0.08559
416.45000 -63.89479 0.07863
416.50000 -63.89650 0.08273
416.55000 -63.89636 0.07869
416.60000 -63.89026 0.06898
416.65000 -63.89051 0.07049
416.70000 -63.88598 0.06413
416.75000 -63.88184 0.05855
416.80000 -63.87663 0.04867
416.85000 -63.87660 0.05227
416.90000 -63.87384 0.04882
416.95000 -63.87618 0.05523
417.00000 -63.87948 0.05930
417.05000 -63.88148 0.06430
417.10000 -63.88247 0.06773
417.15000 -63.88427 0.06727
417.20000 -63.88246 0.06496
417.25000 -63.88197 0.06630
417.30000 -63.88309 0.06921
417.35000 -63.88767 0.07251
417.40000 -63.89033 0.07781
417.45000 -63.88579 0.07154
417.50000 -63.89130 0.08045
417.55000 -63.88759 0.07534
417.60000 -63.89014 0.08058
417.65000 -63.89058 0.08360
417.70000 -63.89280 0.08704
417.75000 -63.89364 0.08831
417.80000 -63.89527 0.09178
417.85000 -63.89576 0.09008
417.90000 -63.89594 0.09154
417.95000 -63.89808 0.09572
418.00000 -63.89682 0.09275
418.05000 -63.89649 0.09215
418.10000 -63.89861 0.09425
418.15000 -63.89440 0.08821
418.20000 -63.88998 0.08091
418.25000 -63.88898 0.07793
418.30000 -63.89268 0.08611
418.35000 -63.88671 0.07554
418.40000 -63.88274 0.07015
418.45000 -63.88281 0.07145
418.50000 -63.88456 0.07469
418.55000 -63.88501 0.08023
418.60000 -63.88369 0.07676
418.65000 -63.88576 0.07870
418.70000 -63.88338 0.07483
418.75000 -63.88645 0.08145
418.80000 -63.88469 0.08099
418.85000 -63.89210 0.09015
418.90000 -63.88489 0.07476
418.95000 -63.88786 0.08023
419.00000 -63.88956 0.08339
419.05000 -63.88772 0.07817
419.10000 -63.88627 0.07543
419.15000 -63.88596 0.07406
419.20000 -63.88437 0.06700
419.25000 -63.88397 0.06738
419.30000 -63.88466 0.06915
419.35000 -63.87779 0.06226
419.40000 -63.88175 0.06942
419.45000 -63.87578 0.06569
419.50000 -63.87569 0.06872
419.55000 -63.87151 0.06258
419.60000 -63.87049 0.06173
419.65000 -63.87629 0.06906
419.70000 -63.87084 0.06007
419.75000 -63.86981 0.06465
419.80000 -63.87264 0.06184
419.85000 -63.87451 0.07001
419.90000 -63.87208 0.07087
419.95000 -63.87358 0.06752
420.00000 -63.87117 0.06306
420.05000 -63.87116 0.06240
420.10000 -63.87228 0.06093
420.15000 -63.87001 0.06143
420.20000 -63.86919 0.05876
420.25000 -63.86780 0.04639
420.30000 -63.86629 0.04589
420.35000 -63.86949 0.05066
420.40000 -63.86655 0.04129
420.45000 -63.86300 0.03739
420.50000 -63.86305 0.04002
420.55000 -63.86097 0.03363
420.60000 -63.86129 0.03562
420.65000 -63.86181 0.03619
420.70000 -63.85537 0.02677
420.75000 -63.85560 0.02597
420.80000 -63.85648 0.02957
420.85000 -63.85275 0.02450
420.90000 -63.85818 0.03368
420.95000 -63.85997 0.03782
421.00000 -63.86204 0.04338
421.05000 -63.86367 0.04347
421.10000 -63.86355 0.04123
421.15000 -63.86380 0.04700
421.20000 -63.86612 0.04695
421.25000 -63.86871 0.05156
421.30000 -63.86916 0.05021
421.35000 -63.86962 0.05025
421.40000 -63.87256 0.05488
421.45000 -63.87373 0.05405
421.50000 -63.87552 0.05814
421.55000 -63.87781 0.05708
421.60000 -63.88192 0.06267
421.65000 -63.88500 0.06793
421.70000 -63.88788 0.06738
421.75000 -63.89190 0.07407
421.80000 -63.88918 0.07098
421.85000 -63.89218 0.07491
421.90000 -63.89454 0.08134
421.95000 -63.89685 0.07941
422.00000 -63.89632 0.07940
422.05000 -63.89303 0.07402
422.10000 -63.89489 0.07485
422.15000 -63.89378 0.07209
422.20000 -63.88813 0.06472
422.25000 -63.88777 0.06609
422.30000 -63.88571 0.06708
422.35000 -63.88449 0.06249
422.40000 -63.88749 0.06874
422.45000 -63.89535 0.08619
422.50000 -63.88976 0.07405
422.55000 -63.88651 0.06808
422.60000 -63.88479 0.06252
422.65000 -63.88772 0.06463
422.70000 -63.88275 0.05942
422.75000 -63.87904 0.05659
422.80000 -63.87807 0.05476
422.85000 -63.88044 0.05823
422.90000 -63.88477 0.06722
422.95000 -63.88013 0.06193
423.00000 -63.87878 0.05530
423.05000 -63.87729 0.05333
423.10000 -63.87788 0.05481
423.15000 -63.87865 0.05741
423.20000 -63.87404 0.05062
423.25000 -63.87082 0.04260
423.30000 -63.86769 0.04524
423.35000 -63.86951 0.04707
423.40000 -63.86505 0.04189
423.45000 -63.86342 0.04316
423.50000 -63.86262 0.04435
423.55000 -63.86827 0.05018
423.60000 -63.86756 0.05648
423.65000 -63.86515 0.05647
423.70000 -63.86694 0.05868
423.75000 -63.86887 0.06319
423.80000 -63.86366 0.05719
423.85000 -63.86397 0.06453
423.90000 -63.86387 0.07260
423.95000 -63.86022 0.06476
424.00000 -63.86208 0.06721
424.05000 -63.86160 0.06825
424.10000 -63.86391 0.07713
424.15000 -63.86074 0.06702
424.20000 -63.86053 0.06339
424.25000 -63.86216 0.06267
424.30000 -63.85857 0.04976
424.35000 -63.85235 0.04796
424.40000 -63.85314 0.04802
424.45000 -63.85567 0.04426
424.50000 -63.85672 0.04861
424.55000 -63.85644 0.04528
424.60000 -63.85402 0.03803
424.65000 -63.85306 0.03438
424.70000 -63.85295 0.03145
424.75000 -63.85390 0.02705
424.80000 -63.84961 0.01939
424.85000 -63.85259 0.02322
424.90000 -63.85554 0.02866
424.95000 -63.85437 0.02654
425.00000 -63.85256 0.02300
425.05000 -63.85416 0.02554
425.10000 -63.85565 0.02645
425.15000 -63.85370 0.02587
425.20000 -63.85368 0.02429
425.25000 -63.86116 0.03415
425.30000 -63.85790 0.02737
425.35000 -63.86121 0.03490
425.40000 -63.86476 0.04135
425.45000 -63.86562 0.04319
425.50000 -63.86680 0.04618
425.55000 -63.86682 0.04671
425.60000 -63.86151 0.04149
425.65000 -63.86999 0.05514
425.70000 -63.86848 0.05234
425.75000 -63.87257 0.05687
425.80000 -63.86713 0.05095
425.85000 -63.87202 0.05658
425.90000 -63.87306 0.06105
425.95000 -63.87188 0.05918
426.00000 -63.87728 0.06689
426.05000 -63.87335 0.06905
426.10000 -63.87786 0.06957
426.15000 -63.87835 0.07289
426.20000 -63.87756 0.06801
426.25000 -63.87567 0.07208
426.30000 -63.87854 0.07327
426.35000 -63.88011 0.07442
426.40000 -63.87589 0.07001
426.45000 -63.87973 0.07942
426.50000 -63.87552 0.06934
426.55000 -63.87983 0.07214
426.60000 -63.87766 0.06846
426.65000 -63.87507 0.06745
426.70000 -63.87349 0.06436
426.75000 -63.87390 0.06102
426.80000 -63.87538 0.06540
426.85000 -63.87107 0.05743
426.90000 -63.87263 0.06282
426.95000 -63.87334 0.06380
427.00000 -63.87020 0.06149
427.05000 -63.87227 0.06194
427.10000 -63.87174 0.06325
427.15000 -63.86935 0.06197
427.20000 -63.86804 0.06087
427.25000 -63.86431 0.05702
427.30000 -63.85918 0.05435
427.35000 -63.85614 0.05549
427.40000 -63.85228 0.05157
427.45000 -63.85000 0.04923
427.50000 -63.84948 0.05008
427.55000 -63.84838 0.04289
427.60000 -63.84924 0.03501
427.65000 -63.84961 0.03024
427.70000 -63.84941 0.03186
427.75000 -63.84652 0.03824
427.80000 -63.85238 0.03414
427.85000 -63.85146 0.03573
427.90000 -63.84730 0.03843
427.95000 -63.85228 0.04117
428.00000 -63.85143 0.03773
428.05000 -63.85441 0.03164
428.10000 -63.85689 0.03708
428.15000 -63.86132 0.03925
428.20000 -63.85915 0.02728
428.25000 -63.86005 0.02832
428.30000 -63.86088 0.02987
428.35000 -63.85949 0.02497
428.40000 -63.86338 0.03013
428.45000 -63.86626 0.03429
428.50000 -63.86268 0.03044
428.55000 -63.86376 0.03616
428.60000 -63.87152 0.04596
428.65000 -63.87319 0.04860
428.70000 -63.87305 0.04967
428.75000 -63.87428 0.04947
428.80000 -63.87320 0.04711
428.85000 -63.87504 0.05040
428.90000 -63.87895 0.05792
428.95000 -63.88115 0.06019
429.00000 -63.88197 0.06289
429.05000 -63.87746 0.05482
429.10000 -63.87636 0.05169
429.15000 -63.88023 0.06064
429.20000 -63.88077 0.06312
429.25000 -63.87833 0.05726
429.30000 -63.87966 0.06258
429.35000 -63.88103 0.06414
429.40000 -63.87832 0.06189
429.45000 -63.88393 0.06913
429.50000 -63.88622 0.07250
429.55000 -63.88333 0.06852
429.60000 -63.88642 0.07456
429.65000 -63.88747 0.07534
429.70000 -63.88663 0.07492
429.75000 -63.88853 0.07396
429.80000 -63.88676 0.07344
429.85000 -63.88408 0.06748
429.90000 -63.88530 0.06502
429.95000 -63.88628 0.06684
430.00000 -63.88906 0.07280
430.05000 -63.88572 0.06439
430.10000 -63.88520 0.06449
430.15000 -63.88956 0.07367
430.20000 -63.89330 0.07710
430.25000 -63.88875 0.07302
430.30000 -63.88874 0.07235
430.35000 -63.88707 0.06670
430.40000 -63.88831 0.07212
430.45000 -63.88842 0.07332
430.50000 -63.88551 0.06969
430.55000 -63.88132 0.06169
430.60000 -63.87520 0.05508
430.65000 -63.87239 0.05133
430.70000 -63.87443 0.04931
430.75000 -63.86968 0.04054
430.80000 -63.86578 0.03317
430.85000 -63.86046 0.02661
430.90000 -63.86357 0.03123
430.95000 -63.85493 0.02659
431.00000 -63.85201 0.02760
431.05000 -63.85285 0.03079
431.10000 -63.85244 0.02991
431.15000 -63.85201 0.02831
431.20000 -63.85288 0.02320
431.25000 -63.85216 0.02226
431.30000 -63.85320 0.02587
431.35000 -63.85760 0.02519
431.40000 -63.85813 0.02398
431.45000 -63.85936 0.03283
431.50000 -63.86100 0.03435
431.55000 -63.85813 0.02755
431.60000 -63.86035 0.02794
431.65000 -63.85871 0.03451
431.70000 -63.85747 0.03638
431.75000 -63.85675 0.02824
431.80000 -63.85631 0.02800
431.85000 -63.86046 0.04128
431.90000 -63.85842 0.04496
431.95000 -63.85892 0.04703
432.00000 -63.85750 0.04562
432.05000 -63.85350 0.05731
432.10000 -63.85671 0.05407
432.15000 -63.85648 0.05507
432.20000 -63.85892 0.05130
432.25000 -63.85481 0.05774
432.30000 -63.85590 0.06497
432.35000 -63.85328 0.05971
432.40000 -63.85447 0.06502
432.45000 -63.85860 0.06851
432.50000 -63.85737 0.06510
432.55000 -63.86417 0.07067
432.60000 -63.86581 0.06510
432.65000 -63.86724 0.06584
432.70000 -63.86772 0.06754
432.75000 -63.87053 0.06659
432.80000 -63.87091 0.07152
432.85000 -63.87116 0.07570
432.90000 -63.87110 0.07078
432.95000 -63.87382 0.08145
433.00000 -63.87281 0.07306
433.05000 -63.87534 0.07233
433.10000 -63.87362 0.07473
433.15000 -63.87326 0.07970
433.20000 -63.87009 0.07882
433.25000 -63.86438 0.07088
433.30000 -63.86589 0.06133
433.35000 -63.86403 0.05688
433.40000 -63.86638 0.05686
433.45000 -63.86780 0.05579
433.50000 -63.86187 0.04250
433.55000 -63.86673 0.04169
433.60000 -63.86498 0.03685
433.65000 -63.86811 0.04463
433.70000 -63.86732 0.03898
433.75000 -63.86773 0.03643
433.80000 -63.86999 0.04086
433.85000 -63.87021 0.03979
433.90000 -63.87265 0.04592
433.95000 -63.87843 0.05612
434.00000 -63.87840 0.05559
434.05000 -63.87834 0.05660
434.10000 -63.87981 0.05721
434.15000 -63.88204 0.06167
434.20000 -63.88769 0.07272
434.25000 -63.88757 0.07501
434.30000 -63.89069 0.08225
434.35000 -63.89173 0.08343
434.40000 -63.89258 0.08516
434.45000 -63.89855 0.09379
434.50000 -63.90212 0.09874
434.55000 -63.90315 0.10371
434.60000 -63.90325 0.10465
434.65000 -63.90085 0.10113
434.70000 -63.89698 0.09427
434.75000 -63.89742 0.09655
434.80000 -63.90513 0.10728
434.85000 -63.90205 0.10143
434.90000 -63.90411 0.10646
434.95000 -63.90216 0.10419
435.00000 -63.89818 0.09724
435.05000 -63.89299 0.08638
435.10000 -63.88405 0.07244
435.15000 -63.88109 0.06618
435.20000 -63.87577 0.05893
435.25000 -63.87286 0.05300
435.30000 -63.86963 0.04838
435.35000 -63.87006 0.05025
435.40000 -63.87513 0.05916
435.45000 -63.87005 0.05875
435.50000 -63.86947 0.06100
435.55000 -63.87004 0.06186
435.60000 -63.87471 0.06638
435.65000 -63.86447 0.05597
435.70000 -63.86809 0.05589
435.75000 -63.86931 0.06387
435.80000 -63.86980 0.06011
435.85000 -63.86858 0.05680
435.90000 -63.86959 0.05678
435.95000 -63.87314 0.05896
436.00000 -63.87062 0.05351
436.05000 -63.87275 0.05615
436.10000 -63.87128 0.05845
436.15000 -63.86877 0.06142
436.20000 -63.87181 0.05533
436.25000 -63.86873 0.05721
436.30000 -63.86974 0.05721
436.35000 -63.86908 0.05822
436.40000 -63.86840 0.06102
436.45000 -63.87328 0.06068
436.50000 -63.87132 0.05777
436.55000 -63.87157 0.05298
436.60000 -63.86767 0.05099
436.65000 -63.86649 0.04709
436.70000 -63.87589 0.05711
436.75000 -63.87245 0.05502
436.80000 -63.87126 0.05458
436.85000 -63.87069 0.05260
436.90000 -63.87623 0.05462
436.95000 -63.87070 0.04324
437.00000 -63.86919 0.04326
437.05000 -63.87029 0.04790
437.10000 -63.87110 0.04511
437.15000 -63.87413 0.05041
437.20000 -63.86913 0.05240
437.25000 -63.86813 0.05124
437.30000 -63.87201 0.05430
437.35000 -63.87409 0.06487
437.40000 -63.87116 0.05608
437.45000 -63.87009 0.06986
437.50000 -63.86672 0.07310
437.55000 -63.86325 0.06923
437.60000 -63.86387 0.07062
437.65000 -63.86183 0.08417
437.70000 -63.85989 0.09438
437.75000 -63.86185 0.09514
437.80000 -63.86060 0.09141
437.85000 -63.86219 0.09040
437.90000 -63.86031 0.08747
437.95000 -63.86311 0.08319
438.00000 -63.86090 0.08047
438.05000 -63.86366 0.07988
438.10000 -63.86454 0.08137
438.15000 -63.86930 0.07828
438.20000 -63.86845 0.07728
438.25000 -63.86971 0.07624
438.30000 -63.87065 0.08181
438.35000 -63.87103 0.07415
438.40000 -63.87143 0.06468
438.45000 -63.87544 0.07016
438.50000 -63.87252 0.06265
438.55000 -63.87436 0.06912
438.60000 -63.87835 0.07357
438.65000 -63.87968 0.07700
438.70000 -63.88291 0.08479
438.75000 -63.88596 0.08345
438.80000 -63.88735 0.08308
438.85000 -63.88595 0.08563
438.90000 -63.88592 0.08118
438.95000 -63.89572 0.09012
439.00000 -63.89447 0.09176
439.05000 -63.89626 0.09642
439.10000 -63.89631 0.09758
439.15000 -63.89951 0.09837
439.20000 -63.90477 0.10407
439.25000 -63.90732 0.11198
439.30000 -63.90335 0.10482
439.35000 -63.90366 0.09983
439.40000 -63.90220 0.10008
439.45000 -63.90749 0.10845
439.50000 -63.90555 0.10391
439.55000 -63.90261 0.10402
439.60000 -63.89990 0.09942
439.65000 -63.89735 0.09667
439.70000 -63.89762 0.09300
439.75000 -63.89668 0.09135
439.80000 -63.89254 0.08689
439.85000 -63.89715 0.08959
439.90000 -63.89473 0.08475
439.95000 -63.89580 0.08545
440.00000 -63.89339 0.08527
440.05000 -63.89856 0.09044
440.10000 -63.90274 0.09528
440.15000 -63.90369 0.09307
440.20000 -63.90870 0.09788
440.25000 -63.90841 0.09627
440.30000 -63.91003 0.10050
440.35000 -63.90133 0.08858
440.40000 -63.90830 0.09820
440.45000 -63.90919 0.10410
440.50000 -63.91180 0.10713
440.55000 -63.91303 0.10973
440.60000 -63.91574 0.11366
440.65000 -63.91025 0.09786
440.70000 -63.91124 0.10291
440.75000 -63.91688 0.11090
440.80000 -63.91577 0.11390
440.85000 -63.91420 0.11273
440.90000 -63.91526 0.11406
440.95000 -63.90783 0.10965
441.00000 -63.90933 0.10832
441.05000 -63.90675 0.11222
441.10000 -63.91005 0.11467
441.15000 -63.90904 0.11704
441.20000 -63.90620 0.11099
441.25000 -63.90507 0.10540
441.30000 -63.90166 0.10080
441.35000 -63.89907 0.10108
441.40000 -63.90147 0.10619
441.45000 -63.89757 0.10253
441.50000 -63.89759 0.10648
441.55000 -63.89249 0.09148
441.60000 -63.88666 0.08978
441.65000 -63.88670 0.09462
441.70000 -63.89023 0.09753
441.75000 -63.88640 0.08660
441.80000 -63.88419 0.08196
441.85000 -63.88550 0.08011
441.90000 -63.88565 0.07316
441.95000 -63.88655 0.07337
442.00000 -63.88830 0.07220
442.05000 -63.88925 0.07374
442.10000 -63.88890 0.07341
442.15000 -63.88888 0.07380
442.20000 -63.88858 0.07517
442.25000 -63.89501 0.08015
442.30000 -63.89420 0.07683
442.35000 -63.89750 0.08170
442.40000 -63.89301 0.07337
442.45000 -63.89837 0.08380
442.50000 -63.89546 0.08248
442.55000 -63.89236 0.07520
442.60000 -63.89353 0.07850
442.65000 -63.89139 0.07648
442.70000 -63.89249 0.07576
442.75000 -63.89070 0.07546
442.80000 -63.89030 0.07377
442.85000 -63.89045 0.07355
442.90000 -63.88581 0.07468
442.95000 -63.87574 0.05799
443.00000 -63.88012 0.06386
443.05000 -63.87947 0.06008
443.10000 -63.87838 0.05878
443.15000 -63.87550 0.05128
443.20000 -63.87727 0.06159
443.25000 -63.87685 0.06243
443.30000 -63.87747 0.06105
443.35000 -63.87252 0.05861
443.40000 -63.87438 0.05425
443.45000 -63.87099 0.04864
443.50000 -63.87136 0.05511
443.55000 -63.87388 0.05927
443.60000 -63.87171 0.05535
443.65000 -63.86672 0.04845
443.70000 -63.86998 0.05368
443.75000 -63.87282 0.05902
443.80000 -63.86911 0.05143
443.85000 -63.87408 0.06047
443.90000 -63.87764 0.06594
443.95000 -63.87506 0.05836
444.00000 -63.87479 0.05488
444.05000 -63.87277 0.04805
444.10000 -63.87643 0.05155
444.15000 -63.87723 0.04940
444.20000 -63.87582 0.04466
444.25000 -63.87520 0.04104
444.30000 -63.87615 0.04224
444.35000 -63.87544 0.03815
444.40000 -63.87543 0.04137
444.45000 -63.87212 0.03251
444.50000 -63.87631 0.04253
444.55000 -63.87377 0.03780
444.60000 -63.87307 0.03952
444.65000 -63.86861 0.03253
444.70000 -63.86491 0.03076
444.75000 -63.86572 0.03548
444.80000 -63.87073 0.03766
444.85000 -63.86860 0.03448
444.90000 -63.86446 0.03021
444.95000 -63.86602 0.03696
445.00000 -63.86405 0.03574
445.05000 -63.86409 0.03433
445.10000 -63.86173 0.03976
445.15000 -63.86164 0.03142
445.20000 -63.85905 0.02242
445.25000 -63.86227 0.02685
445.30000 -63.86296 0.02845
445.35000 -63.86161 0.02243
445.40000 -63.86455 0.02854
445.45000 -63.86699 0.03369
445.50000 -63.87013 0.03428
445.55000 -63.86466 0.02848
445.60000 -63.86520 0.02523
445.65000 -63.86546 0.02660
445.70000 -63.86846 0.03216
445.75000 -63.85941 0.01754
445.80000 -63.86313 0.02343
445.85000 -63.86306 0.02583
445.90000 -63.86262 0.02086
445.95000 -63.86263 0.02137
446.00000 -63.86643 0.02924
446.05000 -63.86552 0.02940
446.10000 -63.86340 0.02519
446.15000 -63.86525 0.03213
446.20000 -63.86613 0.03397
446.25000 -63.86282 0.02984
446.30000 -63.86267 0.02940
446.35000 -63.86490 0.03249
446.40000 -63.86484 0.03188
446.45000 -63.86485 0.03290
446.50000 -63.86968 0.03864
446.55000 -63.87090 0.04112
446.60000 -63.87066 0.04205
446.65000 -63.86600 0.03521
446.70000 -63.86406 0.03616
446.75000 -63.86303 0.03591
446.80000 -63.86548 0.03885
446.85000 -63.86442 0.04055
446.90000 -63.86428 0.04687
446.95000 -63.86208 0.04442
447.00000 -63.86343 0.04980
447.05000 -63.86236 0.05198
447.10000 -63.86397 0.04767
447.15000 -63.86534 0.05826
447.20000 -63.86975 0.05857
447.25000 -63.87019 0.06261
447.30000 -63.86955 0.06675
447.35000 -63.87149 0.06209
447.40000 -63.86853 0.04831
447.45000 -63.86868 0.05396
447.50000 -63.86698 0.05364
447.55000 -63.87315 0.05886
447.60000 -63.87171 0.05664
447.65000 -63.86943 0.04968
447.70000 -63.86791 0.05219
447.75000 -63.86161 0.04489
447.80000 -63.86881 0.05282
447.85000 -63.86710 0.05144
447.90000 -63.85803 0.04254
447.95000 -63.86034 0.05694
448.00000 -63.85723 0.05128
448.05000 -63.85760 0.05392
448.10000 -63.85296 0.04751
448.15000 -63.85323 0.04539
448.20000 -63.85480 0.04752
448.25000 -63.85537 0.04126
448.30000 -63.85295 0.03905
448.35000 -63.85458 0.03503
448.40000 -63.85326 0.03688
448.45000 -63.84915 0.02307
448.50000 -63.85404 0.03769
448.55000 -63.85157 0.02628
448.60000 -63.85660 0.02429
448.65000 -63.85713 0.02519
448.70000 -63.85829 0.03177
448.75000 -63.85557 0.02932
448.80000 -63.85803 0.03517
448.85000 -63.85865 0.02816
448.90000 -63.86191 0.04001
448.95000 -63.86379 0.03764
449.00000 -63.86097 0.04223
449.05000 -63.86136 0.04661
449.10000 -63.86792 0.05205
449.15000 -63.86582 0.04457
449.20000 -63.86654 0.04915
449.25000 -63.86660 0.04351
449.30000 -63.86759 0.04837
449.35000 -63.87056 0.05351
449.40000 -63.87352 0.05528
449.45000 -63.86929 0.05206
449.50000 -63.87068 0.05008
449.55000 -63.87212 0.05093
449.60000 -63.87410 0.04164
449.65000 -63.87584 0.04339
449.70000 -63.88310 0.05284
449.75000 -63.87837 0.04473
449.80000 -63.87809 0.04274
449.85000 -63.88136 0.04918
449.90000 -63.88292 0.05326
449.95000 -63.87626 0.04196
450.00000 -63.87501 0.04238
450.05000 -63.87879 0.04765
450.10000 -63.87824 0.04237
450.15000 -63.87686 0.03863
450.20000 -63.87436 0.03626
450.25000 -63.87700 0.03894
450.30000 -63.88308 0.04449
450.35000 -63.88349 0.04322
450.40000 -63.88408 0.04656
450.45000 -63.88301 0.04545
450.50000 -63.88434 0.04819
450.55000 -63.89079 0.06204
450.60000 -63.89019 0.06075
450.65000 -63.89247 0.06305
450.70000 -63.89306 0.06525
450.75000 -63.89318 0.07001
450.80000 -63.88874 0.06112
450.85000 -63.88905 0.05973
450.90000 -63.88930 0.06069
450.95000 -63.88650 0.06148
451.00000 -63.88790 0.06816
451.05000 -63.88825 0.06518
451.10000 -63.88604 0.06134
451.15000 -63.88429 0.05947
451.20000 -63.87657 0.04659
451.25000 -63.87234 0.03856
451.30000 -63.87052 0.03390
451.35000 -63.86448 0.02793
451.40000 -63.85642 0.02230
451.45000 -63.85818 0.01952
451.50000 -63.85389 0.02028
451.55000 -63.85252 0.01723
451.60000 -63.85686 0.02787
451.65000 -63.85030 0.02169
451.70000 -63.85005 0.02731
451.75000 -63.84980 0.02713
451.80000 -63.84785 0.02714
451.85000 -63.84510 0.02633
451.90000 -63.84345 0.02621
451.95000 -63.84203 0.02625
452.00000 -63.84130 0.02890
452.05000 -63.84120 0.02726
452.10000 -63.84099 0.02798
452.15000 -63.84089 0.02516
452.20000 -63.83815 0.03359
452.25000 -63.83771 0.02980
452.30000 -63.84032 0.02943
452.35000 -63.83439 0.04005
452.40000 -63.83266 0.04309
452.45000 -63.83184 0.04510
452.50000 -63.83539 0.03773
452.55000 -63.83055 0.04391
452.60000 -63.83116 0.04176
452.65000 -63.83150 0.04517
452.70000 -63.83531 0.03836
452.75000 -63.83509 0.03643
452.80000 -63.83467 0.03666
452.85000 -63.83343 0.04062
452.90000 -63.83234 0.03343
452.95000 -63.83655 0.03112
453.00000 -63.83006 0.03901
453.05000 -63.83302 0.03105
453.10000 -63.83529 0.03660
453.15000 -63.83180 0.04217
453.20000 -63.83387 0.04111
453.25000 -63.83281 0.04283
453.30000 -63.83542 0.04066
453.35000 -63.83710 0.03774
453.40000 -63.83383 0.04099
453.45000 -63.83639 0.03675
453.50000 -63.84095 0.02577
453.55000 -63.83602 0.03223
453.60000 -63.83836 0.02863
453.65000 -63.83492 0.03270
453.70000 -63.83632 0.03340
453.75000 -63.83995 0.02903
453.80000 -63.84050 0.02649
453.85000 -63.84377 0.02104
453.90000 -63.84067 0.02848
453.95000 -63.84776 0.02309
454.00000 -63.84648 0.02114
454.05000 -63.85168 0.02215
454.10000 -63.85617 0.02941
454.15000 -63.85857 0.02785
454.20000 -63.85858 0.03391
454.25000 -63.85904 0.04031
454.30000 -63.85446 0.02641
454.35000 -63.85779 0.03467
454.40000 -63.85493 0.03731
454.45000 -63.84855 0.02987
454.50000 -63.84970 0.02773
454.55000 -63.84524 0.02743
454.60000 -63.83490 0.02877
454.65000 -63.83242 0.03798
454.70000 -63.82951 0.03257
454.75000 -63.82598 0.03708
454.80000 -63.82236 0.04391
454.85000 -63.82065 0.04543
454.90000 -63.82175 0.04236
454.95000 -63.82046 0.04494
455.00000 -63.82039 0.04243
455.05000 -63.82044 0.04392
455.10000 -63.81743 0.04997
455.15000 -63.82190 0.04202
455.20000 -63.82170 0.04359
455.25000 -63.82009 0.04387
455.30000 -63.82201 0.04314
455.35000 -63.82330 0.04005
455.40000 -63.82540 0.03971
455.45000 -63.82559 0.03826
455.50000 -63.83138 0.03272
455.55000 -63.83971 0.02321
455.60000 -63.84113 0.02023
455.65000 -63.84160 0.01817
455.70000 -63.84329 0.01686
455.75000 -63.84675 0.01696
455.80000 -63.84607 0.01393
455.85000 -63.85064 0.01553
455.90000 -63.85768 0.02056
455.95000 -63.85686 0.01705
456.00000 -63.85466 0.01566
456.05000 -63.85920 0.02005
456.10000 -63.86532 0.02560
456.15000 -63.86427 0.02501
456.20000 -63.86155 0.01836
456.25000 -63.86285 0.01963
456.30000 -63.86518 0.02385
456.35000 -63.86707 0.02385
456.40000 -63.87196 0.03018
456.45000 -63.87345 0.03313
456.50000 -63.87907 0.03666
456.55000 -63.87480 0.03024
456.60000 -63.87406 0.02818
456.65000 -63.87825 0.03715
456.70000 -63.88143 0.04004
456.75000 -63.88505 0.04446
456.80000 -63.88247 0.04519
456.85000 -63.88505 0.05148
456.90000 -63.88169 0.05055
456.95000 -63.87792 0.05013
457.00000 -63.88130 0.04893
457.05000 -63.88325 0.05225
457.10000 -63.88200 0.05562
457.15000 -63.88240 0.05613
457.20000 -63.88444 0.05713
457.25000 -63.88323 0.05654
457.30000 -63.88302 0.05718
457.35000 -63.88057 0.05535
457.40000 -63.88600 0.06156
457.45000 -63.88801 0.06534
457.50000 -63.88907 0.06807
457.55000 -63.88345 0.06231
457.60000 -63.88581 0.06357
457.65000 -63.88725 0.06671
457.70000 -63.88726 0.06001
457.75000 -63.88296 0.05901
457.80000 -63.88554 0.06328
457.85000 -63.88287 0.05841
457.90000 -63.88145 0.05458
457.95000 -63.88097 0.05196
458.00000 -63.88070 0.05319
458.05000 -63.88032 0.05048
458.10000 -63.87591 0.04262
458.15000 -63.87476 0.03984
458.20000 -63.87249 0.03704
458.25000 -63.87343 0.03859
458.30000 -63.87029 0.03734
458.35000 -63.86835 0.03411
458.40000 -63.87292 0.04151
458.45000 -63.87232 0.03892
458.50000 -63.87603 0.04618
458.55000 -63.87249 0.04072
458.60000 -63.86679 0.03174
458.65000 -63.86699 0.03008
458.70000 -63.86409 0.02553
458.75000 -63.86656 0.03052
458.80000 -63.86510 0.02716
458.85000 -63.85641 0.02024
458.90000 -63.85655 0.01602
458.95000 -63.85163 0.01127
459.00000 -63.84898 0.01445
459.05000 -63.84532 0.01510
459.10000 -63.84365 0.01455
459.15000 -63.84265 0.01670
459.20000 -63.84088 0.02081
459.25000 -63.84197 0.02211
459.30000 -63.84066 0.02736
459.35000 -63.84018 0.02475
459.40000 -63.84416 0.02085
459.45000 -63.84225 0.02836
459.50000 -63.84104 0.03029
459.55000 -63.84615 0.02670
459.60000 -63.84833 0.03357
459.65000 -63.85038 0.04320
459.70000 -63.84906 0.04654
459.75000 -63.84857 0.05151
459.80000 -63.85328 0.04549
459.85000 -63.85219 0.04451
459.90000 -63.85316 0.04657
459.95000 -63.85451 0.04475
460.00000 -63.85399 0.04635
460.05000 -63.85515 0.05261
460.10000 -63.85642 0.04923
460.15000 -63.86073 0.05460
460.20000 -63.85714 0.06400
460.25000 -63.86006 0.05809
460.30000 -63.86019 0.06910
460.35000 -63.85977 0.07467
460.40000 -63.85989 0.08254
460.45000 -63.86069 0.08461
460.50000 -63.85257 0.07745
460.55000 -63.85595 0.08524
460.60000 -63.85505 0.09508
460.65000 -63.85360 0.08464
460.70000 -63.85662 0.09412
460.75000 -63.85599 0.10215
460.80000 -63.85753 0.10040
460.85000 -63.85710 0.09859
460.90000 -63.86580 0.09885
460.95000 -63.86073 0.08840
461.00000 -63.86537 0.10004
461.05000 -63.86753 0.09557
461.10000 -63.86672 0.08986
461.15000 -63.87003 0.08764
461.20000 -63.87268 0.08887
461.25000 -63.87633 0.09039
461.30000 -63.87343 0.08034
461.35000 -63.87416 0.07643
461.40000 -63.87369 0.07607
461.45000 -63.86998 0.06858
461.50000 -63.87124 0.06596
461.55000 -63.86501 0.06040
461.60000 -63.87087 0.06432
461.65000 -63.87149 0.06581
461.70000 -63.86641 0.05537
461.75000 -63.86716 0.06269
461.80000 -63.86999 0.06684
461.85000 -63.86718 0.06288
461.90000 -63.86565 0.06718
461.95000 -63.86861 0.06274
462.00000 -63.87052 0.06067
462.05000 -63.86864 0.05816
462.10000 -63.86524 0.05078
462.15000 -63.86466 0.04023
462.20000 -63.86368 0.03858
462.25000 -63.86376 0.04407
462.30000 -63.85918 0.03386
462.35000 -63.85992 0.03149
462.40000 -63.85495 0.02852
462.45000 -63.85848 0.04723
462.50000 -63.85714 0.04319
462.55000 -63.85982 0.04309
462.60000 -63.85622 0.05157
462.65000 -63.85938 0.05042
462.70000 -63.85586 0.04908
462.75000 -63.85160 0.05578
462.80000 -63.85382 0.06321
462.85000 -63.85063 0.05673
462.90000 -63.85341 0.06643
462.95000 -63.85269 0.06222
463.00000 -63.86175 0.07430
463.05000 -63.86198 0.07287
463.10000 -63.85842 0.07442
463.15000 -63.85861 0.07301
463.20000 -63.86065 0.08799
463.25000 -63.85747 0.07779
463.30000 -63.85570 0.07416
463.35000 -63.85452 0.06917
463.40000 -63.85208 0.07361
463.45000 -63.85012 0.07172
463.50000 -63.85327 0.07006
463.55000 -63.85089 0.08100
463.60000 -63.85438 0.08078
463.65000 -63.85718 0.07534
463.70000 -63.85712 0.07492
463.75000 -63.86117 0.08628
463.80000 -63.86052 0.08297
463.85000 -63.86626 0.08158
463.90000 -63.86342 0.07879
463.95000 -63.86487 0.07241
464.00000 -63.86384 0.06669
464.05000 -63.86765 0.06644
464.10000 -63.86367 0.06318
464.15000 -63.86495 0.05671
464.20000 -63.86689 0.05677
464.25000 -63.87133 0.05576
464.30000 -63.87494 0.06696
464.35000 -63.87887 0.06628
464.40000 -63.87931 0.06304
464.45000 -63.87839 0.06115
464.50000 -63.87981 0.06238
464.55000 -63.87565 0.05266
464.60000 -63.87670 0.05517
464.65000 -63.87898 0.05677
464.70000 -63.88047 0.06203
464.75000 -63.87926 0.06314
464.80000 -63.88072 0.06438
464.85000 -63.88118 0.06812
464.90000 -63.88467 0.07514
464.95000 -63.88275 0.07202
465.00000 -63.88727 0.07976
465.05000 -63.89117 0.08373
465.10000 -63.89126 0.08508
465.15000 -63.89231 0.08894
465.20000 -63.88823 0.08196
465.25000 -63.89197 0.08939
465.30000 -63.89372 0.09105
465.35000 -63.89663 0.09682
465.40000 -63.89274 0.09068
465.45000 -63.89282 0.08896
465.50000 -63.89326 0.09249
465.55000 -63.89182 0.08845
465.60000 -63.89500 0.09266
465.65000 -63.89395 0.08954
465.70000 -63.89884 0.09905
465.75000 -63.89834 0.09746
465.80000 -63.90330 0.10465
465.85000 -63.90476 0.10556
465.90000 -63.90572 0.10668
465.95000 -63.90700 0.11033
466.00000 -63.90662 0.10907
466.05000 -63.90979 0.11404
466.10000 -63.90670 0.10814
466.15000 -63.90096 0.09758
466.20000 -63.90328 0.10505
466.25000 -63.89899 0.09546
466.30000 -63.89690 0.09309
466.35000 -63.89427 0.08805
466.40000 -63.89641 0.09320
466.45000 -63.89288 0.08668
466.50000 -63.89085 0.08094
466.55000 -63.88960 0.08071
466.60000 -63.89125 0.08244
466.65000 -63.89369 0.08753
466.70000 -63.89215 0.08425
466.75000 -63.89488 0.08804
466.80000 -63.89619 0.08822
466.85000 -63.89549 0.08834
466.90000 -63.89645 0.08839
466.95000 -63.90310 0.09937
467.00000 -63.89843 0.09360
467.05000 -63.89985 0.09703
467.10000 -63.90222 0.10146
467.15000 -63.90062 0.09504
467.20000 -63.89596 0.08514
467.25000 -63.89591 0.09004
467.30000 -63.89883 0.09243
467.35000 -63.89470 0.08608
467.40000 -63.89545 0.08585
467.45000 -63.89959 0.09103
467.50000 -63.89768 0.09205
467.55000 -63.89765 0.09237
467.60000 -63.89966 0.09419
467.65000 -63.89476 0.08901
467.70000 -63.89165 0.08162
467.75000 -63.89478 0.08295
467.80000 -63.89907 0.08851
467.85000 -63.89809 0.08787
467.90000 -63.89447 0.08421
467.95000 -63.89727 0.08463
468.00000 -63.89695 0.08377
468.05000 -63.89346 0.07510
468.10000 -63.89194 0.07073
468.15000 -63.89212 0.07088
468.20000 -63.89316 0.07732
468.25000 -63.89478 0.07952
468.30000 -63.89692 0.08243
468.35000 -63.89859 0.08287
468.40000 -63.89552 0.08092
468.45000 -63.89478 0.07632
468.50000 -63.89787 0.08255
468.55000 -63.89925 0.08303
468.60000 -63.89522 0.08024
468.65000 -63.89624 0.08239
468.70000 -63.89417 0.07722
468.75000 -63.89375 0.07113
468.80000 -63.89103 0.07310
468.85000 -63.88581 0.06572
468.90000 -63.88750 0.06493
468.95000 -63.88628 0.06203
469.00000 -63.88683 0.06253
469.05000 -63.89336 0.06633
469.10000 -63.88915 0.05859
469.15000 -63.89029 0.06162
469.20000 -63.88938 0.06152
469.25000 -63.88708 0.05575
469.30000 -63.88525 0.05185
469.35000 -63.88353 0.04898
469.40000 -63.88524 0.05194
469.45000 -63.88634 0.05329
469.50000 -63.88481 0.05317
469.55000 -63.88111 0.04781
469.60000 -63.87579 0.04193
469.65000 -63.87973 0.04765
469.70000 -63.88220 0.05227
469.75000 -63.88261 0.05317
469.80000 -63.88047 0.05377
469.85000 -63.87998 0.04874
469.90000 -63.88295 0.05352
469.95000 -63.88258 0.05434
470.00000 -63.88425 0.05835
470.05000 -63.88596 0.06205
470.10000 -63.88810 0.06929
470.15000 -63.88819 0.06815
470.20000 -63.88325 0.06045
470.25000 -63.88050 0.05538
470.30000 -63.88005 0.05767
470.35000 -63.88150 0.05977
470.40000 -63.88237 0.06182
470.45000 -63.88595 0.06752
470.50000 -63.88209 0.06318
470.55000 -63.88587 0.07103
470.60000 -63.88144 0.06721
470.65000 -63.87828 0.06380
470.70000 -63.88500 0.07461
470.75000 -63.88538 0.07766
470.80000 -63.88238 0.07101
470.85000 -63.87939 0.06689
470.90000 -63.87738 0.06373
470.95000 -63.88106 0.06910
471.00000 -63.88239 0.06807
471.05000 -63.87896 0.06331
471.10000 -63.87936 0.06407
471.15000 -63.88200 0.06529
471.20000 -63.87942 0.06423
471.25000 -63.87298 0.05256
471.30000 -63.87374 0.05616
471.35000 -63.87319 0.05280
471.40000 -63.87347 0.05721
471.45000 -63.87901 0.06392
471.50000 -63.87396 0.05529
471.55000 -63.87321 0.05693
471.60000 -63.87048 0.05144
471.65000 -63.87254 0.05352
471.70000 -63.86973 0.05134
471.75000 -63.87202 0.05507
471.80000 -63.86502 0.04138
471.85000 -63.86596 0.04489
471.90000 -63.86278 0.04271
471.95000 -63.86120 0.04011
472.00000 -63.85886 0.04073
472.05000 -63.85749 0.03419
472.10000 -63.85848 0.03768
472.15000 -63.85841 0.03483
472.20000 -63.85718 0.03292
472.25000 -63.85410 0.03108
472.30000 -63.85167 0.02559
472.35000 -63.84444 0.02893
472.40000 -63.84534 0.03075
472.45000 -63.84081 0.03114
472.50000 -63.83394 0.03566
472.55000 -63.83465 0.03782
472.60000 -63.83109 0.04290
472.65000 -63.83141 0.04667
472.70000 -63.83062 0.04314
472.75000 -63.82967 0.05416
472.80000 -63.83528 0.04183
472.85000 -63.83601 0.04475
472.90000 -63.83466 0.04837
472.95000 -63.83529 0.04394
473.00000 -63.83983 0.04422
473.05000 -63.84266 0.04731
473.10000 -63.84456 0.04743
473.15000 -63.84783 0.03843
473.20000 -63.84757 0.03428
473.25000 -63.85268 0.04033
473.30000 -63.84888 0.02996
473.35000 -63.85127 0.02641
473.40000 -63.84884 0.02237
473.45000 -63.84821 0.02534
473.50000 -63.85114 0.02315
473.55000 -63.84808 0.02446
473.60000 -63.84635 0.02435
473.65000 -63.84731 0.02467
473.70000 -63.84986 0.02920
473.75000 -63.84320 0.03574
473.80000 -63.84433 0.04018
473.85000 -63.84612 0.03989
473.90000 -63.84715 0.03632
473.95000 -63.84484 0.04539
474.00000 -63.84853 0.03826
474.05000 -63.84760 0.04723
474.10000 -63.85145 0.05396
474.15000 -63.85757 0.04121
474.20000 -63.86016 0.04669
474.25000 -63.86157 0.04465
474.30000 -63.86221 0.04314
474.35000 -63.86371 0.05075
474.40000 -63.86797 0.05185
474.45000 -63.86891 0.06013
474.50000 -63.86996 0.06162
474.55000 -63.86611 0.04901
474.60000 -63.87083 0.05136
474.65000 -63.87062 0.05644
474.70000 -63.87541 0.06575
474.75000 -63.88065 0.07074
474.80000 -63.88257 0.07021
474.85000 -63.88383 0.07266
474.90000 -63.88656 0.07402
474.95000 -63.88912 0.07895
475.00000 -63.88884 0.07427
475.05000 -63.88822 0.07186
475.10000 -63.89055 0.07388
475.15000 -63.89161 0.07925
475.20000 -63.89283 0.07971
475.25000 -63.89402 0.07335
475.30000 -63.89750 0.08150
475.35000 -63.89775 0.08649
475.40000 -63.90079 0.08553
475.45000 -63.89922 0.08419
475.50000 -63.89918 0.08996
475.55000 -63.90450 0.09503
475.60000 -63.90405 0.09154
475.65000 -63.90212 0.08635
475.70000 -63.89912 0.08278
475.75000 -63.90189 0.08387
475.80000 -63.90082 0.08484
475.85000 -63.89968 0.08397
475.90000 -63.89857 0.08148
475.95000 -63.89996 0.08183
476.00000 -63.90012 0.08777
476.05000 -63.89567 0.08110
476.10000 -63.89103 0.07603
476.15000 -63.89377 0.08362
476.20000 -63.88975 0.07793
476.25000 -63.88721 0.08018
476.30000 -63.88506 0.07661
476.35000 -63.88290 0.07275
476.40000 -63.87224 0.05936
476.45000 -63.87521 0.06293
476.50000 -63.86846 0.05020
476.55000 -63.86272 0.03895
476.60000 -63.86189 0.03930
476.65000 -63.85921 0.02861
476.70000 -63.85530 0.02088
476.75000 -63.85107 0.01549
476.80000 -63.85318 0.02068
476.85000 -63.84902 0.02006
476.90000 -63.85000 0.01734
476.95000 -63.84862 0.01506
477.00000 -63.84729 0.01952
477.05000 -63.84965 0.02043
477.10000 -63.84830 0.01658
477.15000 -63.85227 0.01287
477.20000 -63.85662 0.01599
477.25000 -63.86090 0.02045
477.30000 -63.85976 0.02018
477.35000 -63.85870 0.01891
477.40000 -63.86217 0.02470
477.45000 -63.86627 0.03287
477.50000 -63.86889 0.03642
477.55000 -63.86772 0.03463
477.60000 -63.87082 0.04178
477.65000 -63.87245 0.04297
477.70000 -63.86904 0.04066
477.75000 -63.87248 0.04431
477.80000 -63.87393 0.04723
477.85000 -63.87375 0.04940
477.90000 -63.87371 0.04974
477.95000 -63.87811 0.05613
478.00000 -63.87931 0.06280
478.05000 -63.87722 0.05991
478.10000 -63.87845 0.06120
478.15000 -63.87882 0.06518
478.20000 -63.88230 0.07313
478.25000 -63.88335 0.07722
478.30000 -63.88221 0.07367
478.35000 -63.88604 0.08119
478.40000 -63.88823 0.08956
478.45000 -63.88358 0.08636
478.50000 -63.88254 0.08541
478.55000 -63.88473 0.08890
478.60000 -63.88292 0.08603
478.65000 -63.87659 0.08574
478.70000 -63.87085 0.08429
478.75000 -63.87049 0.08376
478.80000 -63.86865 0.07355
478.85000 -63.86032 0.06787
478.90000 -63.85733 0.05942
478.95000 -63.85770 0.05882
479.00000 -63.85591 0.05489
479.05000 -63.85447 0.05175
479.10000 -63.85200 0.03537
479.15000 -63.85219 0.02949
479.20000 -63.85311 0.02740
479.25000 -63.84845 0.01766
479.30000 -63.85169 0.02022
479.35000 -63.84851 0.01585
479.40000 -63.84867 0.02017
479.45000 -63.85367 0.02144
479.50000 -63.84775 0.01778
479.55000 -63.84909 0.02635
479.60000 -63.84690 0.02319
479.65000 -63.84414 0.02250
479.70000 -63.84569 0.01945
479.75000 -63.84172 0.01766
479.80000 -63.84034 0.01751
479.85000 -63.84023 0.01455
479.90000 -63.84133 0.01640
479.95000 -63.83948 0.01662
480.00000 -63.83912 0.01406
480.05000 -63.83887 0.01841
480.10000 -63.83887 0.02065
480.15000 -63.84411 0.02366
480.20000 -63.84619 0.02447
480.25000 -63.85121 0.03064
480.30000 -63.85053 0.02329
480.35000 -63.85605 0.02967
480.40000 -63.85950 0.02933
480.45000 -63.85727 0.02482
480.50000 -63.85825 0.02741
480.55000 -63.86171 0.03389
480.60000 -63.86380 0.03215
480.65000 -63.86525 0.03742
480.70000 -63.86645 0.03858
480.75000 -63.86857 0.04121
480.80000 -63.87450 0.04958
480.85000 -63.87312 0.04905
480.90000 -63.87764 0.05654
480.95000 -63.88430 0.06834
481.00000 -63.88621 0.06955
481.05000 -63.88827 0.07292
481.10000 -63.88372 0.06350
481.15000 -63.88446 0.06518
481.20000 -63.88258 0.06448
481.25000 -63.88471 0.06963
481.30000 -63.88524 0.07064
481.35000 -63.88633 0.07274
481.40000 -63.88493 0.06901
481.45000 -63.87795 0.06059
481.50000 -63.87630 0.06010
481.55000 -63.87697 0.05839
481.60000 -63.87483 0.05465
481.65000 -63.87540 0.05979
481.70000 -63.87258 0.05329
481.75000 -63.86991 0.04979
481.80000 -63.86813 0.04592
481.85000 -63.86791 0.04590
481.90000 -63.86265 0.03720
481.95000 -63.86476 0.03955
482.00000 -63.86081 0.03482
482.05000 -63.86403 0.04054
482.10000 -63.86245 0.03747
482.15000 -63.86199 0.03440
482.20000 -63.86121 0.03346
482.25000 -63.85934 0.03119
482.30000 -63.86337 0.04021
482.35000 -63.86418 0.03984
482.40000 -63.86261 0.03843
482.45000 -63.86531 0.04132
482.50000 -63.86993 0.04989
482.55000 -63.86880 0.04806
482.60000 -63.87267 0.05181
482.65000 -63.87561 0.05526
482.70000 -63.87632 0.05377
482.75000 -63.87810 0.05585
482.80000 -63.87530 0.05308
482.85000 -63.87885 0.05633
482.90000 -63.87092 0.04393
482.95000 -63.86949 0.04346
483.00000 -63.87094 0.04310
483.05000 -63.87330 0.04537
483.10000 -63.86749 0.03571
483.15000 -63.87090 0.04042
483.20000 -63.87078 0.03819
483.25000 -63.86736 0.03313
483.30000 -63.86264 0.02661
483.35000 -63.86044 0.02201
483.40000 -63.86291 0.02641
483.45000 -63.86459 0.02739
483.50000 -63.86649 0.03305
483.55000 -63.86800 0.03480
483.60000 -63.86464 0.03227
483.65000 -63.86490 0.03138
483.70000 -63.87025 0.04315
483.75000 -63.87144 0.04794
483.80000 -63.87030 0.04185
483.85000 -63.86796 0.03853
483.90000 -63.87273 0.05042
483.95000 -63.87086 0.04515
484.00000 -63.86981 0.04281
484.05000 -63.86670 0.03547
484.10000 -63.86831 0.03577
484.15000 -63.86761 0.03295
484.20000 -63.86569 0.03281
484.25000 -63.86718 0.03392
484.30000 -63.86572 0.03103
484.35000 -63.86246 0.02530
484.40000 -63.86327 0.03118
484.45000 -63.86693 0.04220
484.50000 -63.86781 0.04226
484.55000 -63.87020 0.04914
484.60000 -63.86971 0.04666
484.65000 -63.86796 0.04083
484.70000 -63.86685 0.04219
484.75000 -63.87115 0.04130
484.80000 -63.87128 0.04067
484.85000 -63.86699 0.03534
484.90000 -63.86764 0.03499
484.95000 -63.87569 0.04305
485.00000 -63.87585 0.04699
485.05000 -63.87295 0.04143
485.10000 -63.87256 0.03989
485.15000 -63.87312 0.04165
485.20000 -63.87621 0.04247
485.25000 -63.87562 0.04388
485.30000 -63.87882 0.05118
485.35000 -63.86897 0.03290
485.40000 -63.86569 0.03123
485.45000 -63.86802 0.03060
485.50000 -63.86551 0.02925
485.55000 -63.86483 0.02657
485.60000 -63.86316 0.02471
485.65000 -63.85822 0.02215
485.70000 -63.86015 0.02647
485.75000 -63.85941 0.02780
485.80000 -63.86559 0.03054
485.85000 -63.85829 0.02055
485.90000 -63.85498 0.01099
485.95000 -63.85400 0.01322
486.00000 -63.86056 0.02172
486.05000 -63.85744 0.01754
486.10000 -63.85697 0.02581
486.15000 -63.85961 0.03500
486.20000 -63.85580 0.03703
486.25000 -63.85611 0.04457
486.30000 -63.85645 0.04751
486.35000 -63.85185 0.05227
486.40000 -63.85160 0.06813
486.45000 -63.85525 0.07361
486.50000 -63.85113 0.08037
486.55000 -63.85249 0.07370
486.60000 -63.85596 0.07673
486.65000 -63.85419 0.08432
486.70000 -63.85781 0.07347
486.75000 -63.86572 0.06914
486.80000 -63.86671 0.07808
486.85000 -63.86626 0.07334
486.90000 -63.86966 0.07889
486.95000 -63.87401 0.07707
487.00000 -63.87814 0.06951
487.05000 -63.87743 0.07001
487.10000 -63.87833 0.07467
487.15000 -63.88218 0.06846
487.20000 -63.88020 0.06500
487.25000 -63.88508 0.06093
487.30000 -63.88544 0.05813
487.35000 -63.88568 0.05228
487.40000 -63.88487 0.04421
487.45000 -63.88272 0.03918
487.50000 -63.88359 0.04186
487.55000 -63.88057 0.03716
487.60000 -63.88071 0.03411
487.65000 -63.87961 0.03639
487.70000 -63.87085 0.02249
487.75000 -63.87495 0.02968
487.80000 -63.87073 0.02114
487.85000 -63.86696 0.01849
487.90000 -63.87177 0.02778
487.95000 -63.86815 0.02160
488.00000 -63.86731 0.02028
488.05000 -63.86993 0.02307
488.10000 -63.87103 0.02406
488.15000 -63.86860 0.02386
488.20000 -63.86954 0.02696
488.25000 -63.86643 0.02120
488.30000 -63.86897 0.02714
488.35000 -63.86924 0.02634
488.40000 -63.86756 0.03362
488.45000 -63.86995 0.04210
488.50000 -63.87319 0.04049
488.55000 -63.86996 0.04299
488.60000 -63.87089 0.03776
488.65000 -63.87105 0.03821
488.70000 -63.87411 0.03755
488.75000 -63.87929 0.04650
488.80000 -63.87619 0.04059
488.85000 -63.88041 0.04374
488.90000 -63.88192 0.04795
488.95000 -63.88359 0.04766
489.00000 -63.88305 0.05407
489.05000 -63.88137 0.05166
489.10000 -63.88271 0.05059
489.15000 -63.89044 0.06083
489.20000 -63.88899 0.05943
489.25000 -63.88769 0.05924
489.30000 -63.89199 0.06625
489.35000 -63.88668 0.06282
489.40000 -63.88150 0.05792
489.45000 -63.88041 0.05535
489.50000 -63.87503 0.05428
489.55000 -63.87185 0.04811
489.60000 -63.87240 0.04076
489.65000 -63.87519 0.04873
489.70000 -63.86867 0.03952
489.75000 -63.86892 0.03668
489.80000 -63.86722 0.03141
489.85000 -63.85948 0.02208
489.90000 -63.85928 0.02024
489.95000 -63.85822 0.01998
490.00000 -63.85911 0.02185
490.05000 -63.86023 0.02025
490.10000 -63.86116 0.02405
490.15000 -63.86070 0.02465
490.20000 -63.85854 0.02103
490.25000 -63.86055 0.02207
490.30000 -63.86058 0.02129
490.35000 -63.86355 0.03112
490.40000 -63.86190 0.02750
490.45000 -63.85926 0.02702
490.50000 -63.86232 0.02781
490.55000 -63.86208 0.02958
490.60000 -63.86424 0.03180
490.65000 -63.86257 0.03391
490.70000 -63.86229 0.03423
490.75000 -63.86606 0.03424
490.80000 -63.86535 0.02950
490.85000 -63.86473 0.03124
490.90000 -63.86574 0.03102
490.95000 -63.86542 0.02766
491.00000 -63.86431 0.03232
491.05000 -63.86470 0.02950
491.10000 -63.86455 0.03532
491.15000 -63.86197 0.02634
491.20000 -63.86144 0.02718
491.25000 -63.86236 0.03272
491.30000 -63.86629 0.03558
491.35000 -63.85845 0.02779
491.40000 -63.86024 0.02650
491.45000 -63.86104 0.03096
491.50000 -63.86561 0.03289
491.55000 -63.86431 0.03752
491.60000 -63.85884 0.02709
491.65000 -63.85786 0.02547
491.70000 -63.85413 0.02613
491.75000 -63.85498 0.02840
491.80000 -63.85293 0.03456
491.85000 -63.85032 0.03646
491.90000 -63.84834 0.02919
491.95000 -63.84509 0.03379
492.00000 -63.84543 0.03129
492.05000 -63.84118 0.02821
492.10000 -63.84200 0.03126
492.15000 -63.84449 0.02887
492.20000 -63.84627 0.03278
492.25000 -63.84089 0.02410
492.30000 -63.84339 0.02491
492.35000 -63.84708 0.02711
492.40000 -63.85006 0.02783
492.45000 -63.84709 0.02053
492.50000 -63.84431 0.01871
492.55000 -63.84160 0.02145
492.60000 -63.84396 0.03063
492.65000 -63.83907 0.03427
492.70000 -63.83989 0.03673
492.75000 -63.83690 0.03673
492.80000 -63.83867 0.03319
492.85000 -63.83864 0.03858
492.90000 -63.83861 0.02889
492.95000 -63.84179 0.03796
493.00000 -63.84511 0.03762
493.05000 -63.84040 0.03036
493.10000 -63.84074 0.02908
493.15000 -63.84123 0.02112
493.20000 -63.84649 0.02680
493.25000 -63.84656 0.02163
493.30000 -63.84831 0.02216
493.35000 -63.84631 0.01682
493.40000 -63.84635 0.01835
493.45000 -63.85429 0.02885
493.50000 -63.85770 0.03382
493.55000 -63.86312 0.03883
493.60000 -63.86003 0.03592
493.65000 -63.86234 0.03675
493.70000 -63.86668 0.04241
493.75000 -63.86720 0.04109
493.80000 -63.86141 0.03550
493.85000 -63.86133 0.03441
493.90000 -63.86283 0.03524
493.95000 -63.86509 0.03574
494.00000 -63.86403 0.03607
494.05000 -63.86557 0.03788
494.10000 -63.86633 0.03656
494.15000 -63.86524 0.03475
494.20000 -63.86836 0.03673
494.25000 -63.86855 0.03862
494.30000 -63.86382 0.03087
494.35000 -63.86169 0.02919
494.40000 -63.86006 0.03152
494.45000 -63.85710 0.02516
494.50000 -63.85739 0.02733
494.55000 -63.86188 0.04249
494.60000 -63.86225 0.04466
494.65000 -63.86359 0.04085
494.70000 -63.86052 0.03320
494.75000 -63.86207 0.03973
494.80000 -63.86486 0.04395
494.85000 -63.86531 0.04316
494.90000 -63.86050 0.03894
494.95000 -63.86515 0.04652
495.00000 -63.86440 0.04580
495.05000 -63.86170 0.04213
495.10000 -63.86283 0.04535
495.15000 -63.86441 0.04607
495.20000 -63.86202 0.04280
495.25000 -63.85509 0.03857
495.30000 -63.85214 0.04736
495.35000 -63.85363 0.04893
495.40000 -63.85000 0.04802
495.45000 -63.84820 0.04745
495.50000 -63.85511 0.04612
495.55000 -63.85312 0.04381
495.60000 -63.85174 0.04443
495.65000 -63.85338 0.05050
495.70000 -63.85922 0.04474
495.75000 -63.85851 0.04301
495.80000 -63.86062 0.04430
495.85000 -63.86342 0.05176
495.90000 -63.86881 0.04830
495.95000 -63.86800 0.05157
496.00000 -63.86938 0.05814
496.05000 -63.87207 0.05956
496.10000 -63.87383 0.06667
496.15000 -63.87830 0.06590
496.20000 -63.87151 0.05940
496.25000 -63.87609 0.06823
496.30000 -63.87446 0.06037
496.35000 -63.87421 0.06259
496.40000 -63.87371 0.06284
496.45000 -63.87897 0.07299
496.50000 -63.88092 0.07374
496.55000 -63.87740 0.06854
496.60000 -63.88104 0.07018
496.65000 -63.87885 0.06331
496.70000 -63.87811 0.06078
496.75000 -63.87652 0.06069
496.80000 -63.88231 0.06814
496.85000 -63.88506 0.07503
496.90000 -63.88766 0.07466
496.95000 -63.88817 0.07975
497.00000 -63.88261 0.07543
497.05000 -63.88331 0.06813
497.10000 -63.88029 0.06820
497.15000 -63.88252 0.06780
497.20000 -63.88259 0.06513
497.25000 -63.88294 0.07095
497.30000 -63.88518 0.07129
497.35000 -63.88638 0.07433
497.40000 -63.89090 0.08108
497.45000 -63.88767 0.08000
497.50000 -63.88943 0.08375
497.55000 -63.89158 0.08376
497.60000 -63.89672 0.09209
497.65000 -63.89419 0.08453
497.70000 -63.89808 0.09089
497.75000 -63.89716 0.08966
497.80000 -63.90282 0.09680
497.85000 -63.90055 0.09296
497.90000 -63.89826 0.09274
497.95000 -63.90018 0.09527
498.00000 -63.89801 0.09353
498.05000 -63.89634 0.09007
498.10000 -63.89317 0.07994
498.15000 -63.89564 0.09031
498.20000 -63.89646 0.09082
498.25000 -63.89746 0.08931
498.30000 -63.89777 0.09220
498.35000 -63.89633 0.08946
498.40000 -63.89484 0.08607
498.45000 -63.89501 0.08904
498.50000 -63.89042 0.07892
498.55000 -63.89767 0.09155
498.60000 -63.89257 0.08362
498.65000 -63.89008 0.07686
498.70000 -63.88733 0.07433
498.75000 -63.88375 0.07012
498.80000 -63.87892 0.06837
498.85000 -63.88089 0.07879
498.90000 -63.87852 0.07547
498.95000 -63.87919 0.07808
499.00000 -63.87655 0.07803
499.05000 -63.87806 0.07989
499.10000 -63.87980 0.08444
499.15000 -63.87769 0.07965
499.20000 -63.87805 0.08428
499.25000 -63.88377 0.08995
499.30000 -63.88121 0.08450
499.35000 -63.88463 0.09017
499.40000 -63.88329 0.08466
499.45000 -63.88935 0.09393
499.50000 -63.88690 0.09238
499.55000 -63.89200 0.09933
499.60000 -63.88861 0.09508
499.65000 -63.88514 0.09198
499.70000 -63.88484 0.09262
499.75000 -63.89124 0.10034
499.80000 -63.88814 0.09483
499.85000 -63.89324 0.10133
499.90000 -63.89565 0.10397
499.95000 -63.89457 0.10524
500.00000 -63.89528 0.10118
500.05000 -63.89397 0.09327
500.10000 -63.90067 0.10482
500.15000 -63.89818 0.10191
500.20000 -63.89917 0.10265
500.25000 -63.90064 0.10438
500.30000 -63.89702 0.08960
500.35000 -63.90046 0.09328
500.40000 -63.90147 0.09306
500.45000 -63.90150 0.09289
500.50000 -63.89764 0.08295
500.55000 -63.89763 0.07810
500.60000 -63.89995 0.07883
500.65000 -63.90111 0.07865
500.70000 -63.89719 0.07318
500.75000 -63.89238 0.06832
500.80000 -63.89453 0.07428
500.85000 -63.89877 0.07925
500.90000 -63.89373 0.07124
500.95000 -63.89821 0.07997
501.00000 -63.89781 0.08332
501.05000 -63.89641 0.07984
501.10000 -63.89449 0.07496
501.15000 -63.89626 0.07848
501.20000 -63.89436 0.07797
501.25000 -63.89391 0.07812
501.30000 -63.89968 0.08516
501.35000 -63.89381 0.07506
501.40000 -63.89505 0.07742
501.45000 -63.89219 0.07556
501.50000 -63.88518 0.06981
501.55000 -63.88500 0.06587
501.60000 -63.88454 0.06474
501.65000 -63.88263 0.06777
501.70000 -63.88856 0.07492
501.75000 -63.88158 0.06644
501.80000 -63.88709 0.07617
501.85000 -63.88354 0.07408
501.90000 -63.88462 0.07251
501.95000 -63.88361 0.07021
502.00000 -63.88549 0.07305
502.05000 -63.88870 0.08115
502.10000 -63.88891 0.08022
502.15000 -63.88386 0.07121
502.20000 -63.88608 0.07423
502.25000 -63.89050 0.07912
502.30000 -63.88892 0.07480
502.35000 -63.89402 0.08272
502.40000 -63.89391 0.08358
502.45000 -63.89223 0.08372
502.50000 -63.89220 0.08118
502.55000 -63.89050 0.07643
502.60000 -63.89180 0.07939
502.65000 -63.88864 0.07572
502.70000 -63.88945 0.07999
502.75000 -63.88786 0.07876
502.80000 -63.89067 0.07959
502.85000 -63.88999 0.08175
502.90000 -63.89065 0.07922
502.95000 -63.89178 0.07841
503.00000 -63.89022 0.07363
503.05000 -63.89340 0.07995
503.10000 -63.89531 0.08189
503.15000 -63.89029 0.07548
503.20000 -63.89473 0.08178
503.25000 -63.89609 0.08237
503.30000 -63.89511 0.08121
503.35000 -63.89514 0.07904
503.40000 -63.89338 0.08201
503.45000 -63.89801 0.08730
503.50000 -63.90043 0.09201
503.55000 -63.89736 0.08722
503.60000 -63.89575 0.08683
503.65000 -63.89781 0.09485
503.70000 -63.89103 0.08575
503.75000 -63.89535 0.09410
503.80000 -63.89548 0.09434
503.85000 -63.88828 0.08049
503.90000 -63.88685 0.07715
503.95000 -63.88731 0.07621
504.00000 -63.88525 0.07265
504.05000 -63.88190 0.06724
504.10000 -63.88437 0.07104
504.15000 -63.88251 0.06925
504.20000 -63.88249 0.07113
504.25000 -63.88028 0.06475
504.30000 -63.88325 0.06953
504.35000 -63.88335 0.07155
504.40000 -63.88696 0.07612
504.45000 -63.89149 0.07833
504.50000 -63.88635 0.07137
504.55000 -63.88787 0.07225
504.60000 -63.89085 0.08234
504.65000 -63.89110 0.08061
504.70000 -63.89303 0.08986
504.75000 -63.89281 0.08868
504.80000 -63.89375 0.08842
504.85000 -63.89393 0.08763
504.90000 -63.89353 0.08943
504.95000 -63.89478 0.08916
505.00000 -63.89841 0.09400
505.05000 -63.89579 0.08616
505.10000 -63.89433 0.08299
505.15000 -63.89298 0.08125
505.20000 -63.89065 0.07829
505.25000 -63.89257 0.08335
505.30000 -63.89170 0.08220
505.35000 -63.88926 0.08083
505.40000 -63.87990 0.06455
505.45000 -63.88294 0.06876
505.50000 -63.88330 0.07087
505.55000 -63.87722 0.06438
505.60000 -63.87183 0.04912
505.65000 -63.86973 0.04478
505.70000 -63.86855 0.04546
505.75000 -63.86634 0.03988
505.80000 -63.86110 0.03135
505.85000 -63.85724 0.02562
505.90000 -63.85995 0.02996
505.95000 -63.85858 0.02487
506.00000 -63.85744 0.02115
506.05000 -63.85834 0.02357
506.10000 -63.85735 0.02218
506.15000 -63.85862 0.02246
506.20000 -63.85987 0.02367
506.25000 -63.86070 0.02538
506.30000 -63.86356 0.03160
506.35000 -63.86126 0.03018
506.40000 -63.85590 0.02297
506.45000 -63.85224 0.01660
506.50000 -63.85301 0.01643
506.55000 -63.85158 0.01710
506.60000 -63.84510 0.00775
506.65000 -63.84307 0.00866
506.70000 -63.84039 0.00862
506.75000 -63.84393 0.00929
506.80000 -63.84147 0.01276
506.85000 -63.84068 0.01004
506.90000 -63.84165 0.01598
506.95000 -63.84281 0.01486
507.00000 -63.84385 0.01304
507.05000 -63.84675 0.02187
507.10000 -63.84264 0.01736
507.15000 -63.84942 0.02321
507.20000 -63.85146 0.02521
507.25000 -63.84588 0.02302
507.30000 -63.84696 0.01968
507.35000 -63.84891 0.01942
507.40000 -63.85165 0.02414
507.45000 -63.84805 0.02044
507.50000 -63.84705 0.02368
507.55000 -63.84374 0.02757
507.60000 -63.84453 0.03588
507.65000 -63.84106 0.04064
507.70000 -63.83811 0.03503
507.75000 -63.84015 0.02908
507.80000 -63.84014 0.02667
507.85000 -63.83881 0.02561
507.90000 -63.83679 0.02151
507.95000 -63.83367 0.02305
508.00000 -63.82835 0.02871
508.05000 -63.83015 0.03025
508.10000 -63.82872 0.03178
508.15000 -63.83016 0.03863
508.20000 -63.82932 0.03906
508.25000 -63.82796 0.04457
508.30000 -63.82593 0.04676
508.35000 -63.82311 0.05188
508.40000 -63.82178 0.05517
508.45000 -63.82724 0.05810
508.50000 -63.82809 0.06171
508.55000 -63.83381 0.05269
508.60000 -63.83163 0.05770
508.65000 -63.83245 0.04907
508.70000 -63.82863 0.05974
508.75000 -63.83387 0.05395
508.80000 -63.84034 0.03986
508.85000 -63.83792 0.03416
508.90000 -63.83552 0.03655
508.95000 -63.83740 0.03023
509.00000 -63.83632 0.02525
509.05000 -63.83268 0.02792
509.10000 -63.83444 0.03095
509.15000 -63.83660 0.02722
509.20000 -63.83939 0.03040
509.25000 -63.84034 0.03345
509.30000 -63.84108 0.02846
509.35000 -63.84255 0.02912
509.40000 -63.84166 0.03568
509.45000 -63.84376 0.03807
509.50000 -63.84658 0.03939
509.55000 -63.84500 0.03294
509.60000 -63.84585 0.03063
509.65000 -63.83976 0.02853
509.70000 -63.83652 0.03184
509.75000 -63.84114 0.02164
509.80000 -63.83558 0.01963
509.85000 -63.84100 0.01676
509.90000 -63.83799 0.01720
509.95000 -63.83723 0.02139
510.00000 -63.83298 0.02711
510.05000 -63.83601 0.02390
510.10000 -63.82985 0.03188
510.15000 -63.82699 0.03870
510.20000 -63.82835 0.03259
510.25000 -63.82623 0.03683
510.30000 -63.82275 0.04150
510.35000 -63.82507 0.04006
510.40000 -63.82260 0.04137
510.45000 -63.82309 0.04087
510.50000 -63.82468 0.04024
510.55000 -63.82997 0.03267
510.60000 -63.82922 0.03146
510.65000 -63.83172 0.02927
510.70000 -63.82866 0.03180
510.75000 -63.83343 0.02688
510.80000 -63.83551 0.02268
510.85000 -63.84023 0.01975
510.90000 -63.84075 0.01848
510.95000 -63.83910 0.01708
511.00000 -63.84371 0.01577
511.05000 -63.84332 0.01683
511.10000 -63.84390 0.02364
511.15000 -63.84971 0.02448
511.20000 -63.84991 0.02501
511.25000 -63.85175 0.02789
511.30000 -63.85616 0.03366
511.35000 -63.85894 0.03648
511.40000 -63.85615 0.03514
511.45000 -63.85102 0.03004
511.50000 -63.85478 0.03684
511.55000 -63.85340 0.03256
511.60000 -63.85396 0.03209
511.65000 -63.85343 0.03263
511.70000 -63.85730 0.03839
511.75000 -63.85823 0.04092
511.80000 -63.86042 0.04251
511.85000 -63.86326 0.04889
511.90000 -63.86838 0.05905
511.95000 -63.86999 0.06227
512.00000 -63.87153 0.06153
512.05000 -63.87305 0.06463
512.10000 -63.87263 0.06113
512.15000 -63.87912 0.06711
512.20000 -63.88244 0.07397
512.25000 -63.88686 0.08012
512.30000 -63.88783 0.08378
512.35000 -63.88539 0.07682
512.40000 -63.88917 0.08380
512.45000 -63.89303 0.08889
512.50000 -63.89340 0.09036
512.55000 -63.89584 0.09139
512.60000 -63.89514 0.09113
512.65000 -63.89331 0.08933
512.70000 -63.89207 0.09011
512.75000 -63.89316 0.08985
512.80000 -63.89074 0.08689
512.85000 -63.88555 0.07594
512.90000 -63.88553 0.07643
512.95000 -63.88431 0.07504
513.00000 -63.88461 0.07414
513.05000 -63.88198 0.07061
513.10000 -63.88207 0.06775
513.15000 -63.88427 0.06734
513.20000 -63.88676 0.07284
513.25000 -63.88864 0.07535
513.30000 -63.88619 0.06912
513.35000 -63.88728 0.07145
513.40000 -63.88722 0.07122
513.45000 -63.88613 0.07206
513.50000 -63.88589 0.07347
513.55000 -63.88597 0.07064
513.60000 -63.88858 0.07600
513.65000 -63.88728 0.07532
513.70000 -63.88802 0.07724
513.75000 -63.88637 0.07519
513.80000 -63.89293 0.08489
513.85000 -63.89282 0.08147
513.90000 -63.89458 0.08374
513.95000 -63.89188 0.07933
514.00000 -63.89530 0.08110
514.05000 -63.89785 0.08682
514.10000 -63.89593 0.08350
514.15000 -63.89562 0.08418
514.20000 -63.90165 0.09118
514.25000 -63.89985 0.08958
514.30000 -63.90081 0.09005
514.35000 -63.89919 0.08918
514.40000 -63.90138 0.09383
514.45000 -63.89692 0.08831
514.50000 -63.89510 0.08733
514.55000 -63.89569 0.08886
514.60000 -63.90175 0.09804
514.65000 -63.89262 0.08570
514.70000 -63.89437 0.09069
514.75000 -63.89353 0.08794
514.80000 -63.88613 0.08101
514.85000 -63.88411 0.07966
514.90000 -63.88245 0.07519
514.95000 -63.87898 0.07165
515.00000 -63.87604 0.06423
515.05000 -63.87483 0.06060
515.10000 -63.87473 0.06334
515.15000 -63.87367 0.05664
515.20000 -63.87170 0.05299
515.25000 -63.87588 0.05719
515.30000 -63.88111 0.07008
515.35000 -63.87878 0.06533
515.40000 -63.87919 0.06751
515.45000 -63.87838 0.06728
515.50000 -63.88415 0.07235
515.55000 -63.88559 0.07300
515.60000 -63.88482 0.07132
515.65000 -63.88871 0.07664
515.70000 -63.88554 0.06981
515.75000 -63.88844 0.07257
515.80000 -63.89475 0.07983
515.85000 -63.89438 0.08093
515.90000 -63.89689 0.08202
515.95000 -63.89411 0.07939
516.00000 -63.89643 0.08183
516.05000 -63.89808 0.08558
516.10000 -63.89688 0.08441
516.15000 -63.89214 0.08053
516.20000 -63.89122 0.07766
516.25000 -63.89249 0.07850
516.30000 -63.88659 0.06578
516.35000 -63.88412 0.06214
516.40000 -63.88431 0.06367
516.45000 -63.88217 0.06032
516.50000 -63.87651 0.05085
516.55000 -63.87806 0.05514
516.60000 -63.87566 0.05210
516.65000 -63.87477 0.05944
516.70000 -63.87387 0.05562
516.75000 -63.87011 0.05318
516.80000 -63.87356 0.05767
516.85000 -63.87540 0.06785
516.90000 -63.87295 0.06134
516.95000 -63.87539 0.06395
517.00000 -63.87656 0.06821
517.05000 -63.88244 0.07494
517.10000 -63.88387 0.07441
517.15000 -63.88860 0.08155
517.20000 -63.88743 0.07757
517.25000 -63.88870 0.07862
517.30000 -63.88941 0.07901
517.35000 -63.88562 0.07217
517.40000 -63.88669 0.07486
517.45000 -63.89280 0.08361
517.50000 -63.88956 0.07869
517.55000 -63.88929 0.07857
517.60000 -63.88720 0.07508
517.65000 -63.89016 0.08194
517.70000 -63.88399 0.06987
517.75000 -63.88653 0.07749
517.80000 -63.88248 0.07070
517.85000 -63.87774 0.06633
517.90000 -63.87882 0.06760
517.95000 -63.87995 0.06897
518.00000 -63.87651 0.06249
518.05000 -63.87246 0.05708
518.10000 -63.86731 0.04561
518.15000 -63.86689 0.04505
518.20000 -63.86296 0.03882
518.25000 -63.86290 0.04085
518.30000 -63.86060 0.03257
518.35000 -63.86106 0.03305
518.40000 -63.86221 0.03661
518.45000 -63.85508 0.02317
518.50000 -63.85139 0.01734
518.55000 -63.85077 0.01934
518.60000 -63.85018 0.02594
518.65000 -63.84770 0.01440
518.70000 -63.84650 0.02693
518.75000 -63.84176 0.03104
518.80000 -63.84221 0.04031
518.85000 -63.84166 0.04354
518.90000 -63.84074 0.04496
518.95000 -63.84300 0.04666
519.00000 -63.83805 0.05570
519.05000 -63.83703 0.05896
519.10000 -63.83756 0.05401
519.15000 -63.83564 0.04780
519.20000 -63.83997 0.05045
519.25000 -63.84011 0.04094
519.30000 -63.84013 0.03471
519.35000 -63.83835 0.03685
519.40000 -63.84061 0.03035
519.45000 -63.83901 0.04284
519.50000 -63.83525 0.04482
519.55000 -63.83050 0.05109
519.60000 -63.82268 0.05862
519.65000 -63.81935 0.07351
519.70000 -63.81402 0.07731
519.75000 -63.81379 0.07958
519.80000 -63.81307 0.07221
519.85000 -63.80675 0.07882
519.90000 -63.80445 0.07763
519.95000 -63.81013 0.06695
520.00000 -63.80915 0.06789
520.05000 -63.81164 0.06315
520.10000 -63.81352 0.05885
520.15000 -63.81712 0.04680
520.20000 -63.81810 0.04980
520.25000 -63.81842 0.05343
520.30000 -63.81853 0.05052
520.35000 -63.81548 0.04874
520.40000 -63.81617 0.04968
520.45000 -63.81648 0.04816
520.50000 -63.82026 0.03554
520.55000 -63.82266 0.03391
520.60000 -63.81850 0.04136
520.65000 -63.81316 0.05271
520.70000 -63.81245 0.05420
520.75000 -63.81490 0.05185
520.80000 -63.80946 0.06309
520.85000 -63.81141 0.05869
520.90000 -63.81114 0.06188
520.95000 -63.81435 0.05846
521.00000 -63.81301 0.05916
521.05000 -63.81140 0.06088
521.10000 -63.81258 0.06365
521.15000 -63.81598 0.05690
521.20000 -63.81578 0.06147
521.25000 -63.81583 0.05759
521.30000 -63.82069 0.05503
521.35000 -63.82334 0.05103
521.40000 -63.82973 0.04746
521.45000 -63.83058 0.05169
521.50000 -63.83266 0.05820
521.55000 -63.83637 0.05027
521.60000 -63.84069 0.04873
521.65000 -63.84252 0.04272
521.70000 -63.84211 0.03840
521.75000 -63.84163 0.04599
521.80000 -63.84580 0.04543
521.85000 -63.84642 0.04290
521.90000 -63.85069 0.04155
521.95000 -63.84562 0.03412
522.00000 -63.84631 0.03009
522.05000 -63.85107 0.02998
522.10000 -63.84880 0.02223
522.15000 -63.85086 0.02025
522.20000 -63.85089 0.01921
522.25000 -63.84733 0.02378
522.30000 -63.84901 0.02298
522.35000 -63.85396 0.02212
522.40000 -63.85010 0.02559
522.45000 -63.85006 0.02973
522.50000 -63.85337 0.01668
522.55000 -63.85446 0.02437
522.60000 -63.85404 0.02921
522.65000 -63.85293 0.03124
522.70000 -63.85143 0.03264
522.75000 -63.85002 0.02381
522.80000 -63.85261 0.03112
522.85000 -63.85419 0.03379
522.90000 -63.85396 0.03489
522.95000 -63.85613 0.03637
523.00000 -63.85313 0.03817
523.05000 -63.85257 0.04497
523.10000 -63.85590 0.04899
523.15000 -63.85195 0.05762
523.20000 -63.84925 0.06181
523.25000 -63.84848 0.05960
523.30000 -63.84885 0.05440
523.35000 -63.84564 0.06088
523.40000 -63.84156 0.06540
523.45000 -63.84517 0.06001
523.50000 -63.84745 0.06260
523.55000 -63.84890 0.06403
523.60000 -63.84744 0.06497
523.65000 -63.85224 0.06850
523.70000 -63.84505 0.07178
523.75000 -63.84966 0.06316
523.80000 -63.85275 0.07306
523.85000 -63.85447 0.06674
523.90000 -63.85626 0.07662
523.95000 -63.84899 0.07455
524.00000 -63.85283 0.06595
524.05000 -63.84818 0.05671
524.10000 -63.84404 0.05189
524.15000 -63.84534 0.05134
524.20000 -63.84666 0.05039
524.25000 -63.84582 0.04147
524.30000 -63.84656 0.04637
524.35000 -63.84668 0.04320
524.40000 -63.85020 0.03867
524.45000 -63.85298 0.04354
524.50000 -63.85255 0.03806
524.55000 -63.85367 0.03793
524.60000 -63.85281 0.04246
524.65000 -63.84945 0.04733
524.70000 -63.84548 0.04941
524.75000 -63.84173 0.04768
524.80000 -63.84254 0.04121
524.85000 -63.84892 0.04590
524.90000 -63.85110 0.04920
524.95000 -63.85067 0.04709
525.00000 -63.84904 0.05146
525.05000 -63.84616 0.05146
525.10000 -63.84812 0.05295
525.15000 -63.84670 0.05376
525.20000 -63.84656 0.06051
525.25000 -63.84724 0.07085
525.30000 -63.85290 0.06193
525.35000 -63.85549 0.05426
525.40000 -63.85274 0.06340
525.45000 -63.85871 0.06364
525.50000 -63.85957 0.05309
525.55000 -63.85501 0.04697
525.60000 -63.85797 0.06305
525.65000 -63.85737 0.04135
525.70000 -63.85686 0.03839
525.75000 -63.85271 0.04748
525.80000 -63.85180 0.04781
525.85000 -63.84514 0.05902
525.90000 -63.84340 0.06136
525.95000 -63.84515 0.06499
526.00000 -63.84720 0.06480
526.05000 -63.84640 0.06142
526.10000 -63.84716 0.06973
526.15000 -63.84227 0.06774
526.20000 -63.84565 0.07508
526.25000 -63.84732 0.07657
526.30000 -63.84638 0.07712
526.35000 -63.84412 0.07431
526.40000 -63.84790 0.07277
526.45000 -63.84750 0.07232
526.50000 -63.84939 0.07886
526.55000 -63.84332 0.07601
526.60000 -63.84369 0.06667
526.65000 -63.85142 0.07133
526.70000 -63.84952 0.07668
526.75000 -63.85093 0.07574
526.80000 -63.84398 0.06956
526.85000 -63.84745 0.06813
526.90000 -63.84564 0.06980
526.95000 -63.84511 0.07672
527.00000 -63.84888 0.06857
527.05000 -63.85071 0.06439
527.10000 -63.84769 0.06829
527.15000 -63.84575 0.06532
527.20000 -63.84652 0.06700
527.25000 -63.84729 0.05999
527.30000 -63.84084 0.06215
527.35000 -63.84259 0.05265
527.40000 -63.83713 0.04657
527.45000 -63.83588 0.04326
527.50000 -63.83475 0.03913
527.55000 -63.83211 0.04053
527.60000 -63.83280 0.04159
527.65000 -63.83352 0.03931
527.70000 -63.82914 0.04033
527.75000 -63.83009 0.03015
527.80000 -63.82961 0.02837
527.85000 -63.83228 0.02232
527.90000 -63.83651 0.01435
527.95000 -63.84075 0.01092
528.00000 -63.83666 0.01382
528.05000 -63.84235 0.01154
528.10000 -63.84774 0.01956
528.15000 -63.85263 0.02551
528.20000 -63.85368 0.02894
528.25000 -63.85373 0.02416
528.30000 -63.85388 0.02234
528.35000 -63.85776 0.03128
528.40000 -63.85567 0.02600
528.45000 -63.85717 0.02548
528.50000 -63.85560 0.02347
528.55000 -63.85664 0.02420
528.60000 -63.85911 0.02606
528.65000 -63.86125 0.03300
528.70000 -63.86062 0.02824
528.75000 -63.86367 0.03387
528.80000 -63.86196 0.03085
528.85000 -63.85964 0.02592
528.90000 -63.86513 0.03385
528.95000 -63.86390 0.03405
529.00000 -63.86336 0.03244
529.05000 -63.86434 0.03502
529.10000 -63.86648 0.03674
529.15000 -63.86352 0.03076
529.20000 -63.86452 0.03021
529.25000 -63.86312 0.02722
529.30000 -63.86434 0.02950
529.35000 -63.86291 0.02905
529.40000 -63.86753 0.03449
529.45000 -63.86615 0.03036
529.50000 -63.86495 0.03277
529.55000 -63.86348 0.03191
529.60000 -63.86448 0.03264
529.65000 -63.86680 0.03727
529.70000 -63.86961 0.04127
529.75000 -63.86980 0.04547
529.80000 -63.86847 0.04339
529.85000 -63.86998 0.04918
529.90000 -63.86374 0.04114
529.95000 -63.86572 0.04613
530.00000 -63.86480 0.04574
530.05000 -63.86672 0.04883
530.10000 -63.86485 0.05188
530.15000 -63.86093 0.04994
530.20000 -63.85862 0.05203
530.25000 -63.85951 0.05938
530.30000 -63.85705 0.06538
530.35000 -63.85456 0.06614
530.40000 -63.85121 0.06144
530.45000 -63.85360 0.06662
530.50000 -63.85487 0.05833
530.55000 -63.85521 0.06064
530.60000 -63.85467 0.06115
530.65000 -63.85381 0.06280
530.70000 -63.85100 0.05721
530.75000 -63.85725 0.05561
530.80000 -63.85872 0.05450
530.85000 -63.86010 0.05424
530.90000 -63.85587 0.04236
530.95000 -63.85718 0.03632
531.00000 -63.85594 0.03640
531.05000 -63.85899 0.04267
531.10000 -63.85851 0.03523
531.15000 -63.85829 0.03919
531.20000 -63.86221 0.04322
531.25000 -63.86052 0.03836
531.30000 -63.85878 0.03476
531.35000 -63.86474 0.04113
531.40000 -63.86595 0.04033
531.45000 -63.86527 0.04014
531.50000 -63.86040 0.02913
531.55000 -63.86358 0.03747
531.60000 -63.86468 0.03890
531.65000 -63.85978 0.03868
531.70000 -63.85715 0.03580
531.75000 -63.86047 0.04630
531.80000 -63.85142 0.04884
531.85000 -63.85251 0.04733
531.90000 -63.85194 0.04576
531.95000 -63.85297 0.05281
532.00000 -63.85151 0.05161
532.05000 -63.84833 0.04222
532.10000 -63.84561 0.03506
532.15000 -63.84522 0.02592
532.20000 -63.84706 0.02913
532.25000 -63.84306 0.02868
532.30000 -63.84596 0.02625
532.35000 -63.84382 0.02487
532.40000 -63.84453 0.02130
532.45000 -63.85221 0.02245
532.50000 -63.84716 0.02195
532.55000 -63.84818 0.02018
532.60000 -63.84756 0.01321
532.65000 -63.85382 0.01246
532.70000 -63.85306 0.01518
532.75000 -63.85999 0.02317
532.80000 -63.85881 0.02270
532.85000 -63.86094 0.02715
532.90000 -63.86245 0.03180
532.95000 -63.86588 0.03196
533.00000 -63.86497 0.04211
533.05000 -63.85907 0.03765
533.10000 -63.86405 0.04346
533.15000 -63.86388 0.04061
533.20000 -63.86483 0.04213
533.25000 -63.86714 0.04793
533.30000 -63.86777 0.04085
533.35000 -63.87013 0.05032
533.40000 -63.86956 0.04603
533.45000 -63.87338 0.04930
533.50000 -63.86949 0.04271
533.55000 -63.86249 0.03915
533.60000 -63.86321 0.04004
533.65000 -63.86342 0.04951
533.70000 -63.86506 0.05162
533.75000 -63.86332 0.05117
533.80000 -63.86562 0.05763
533.85000 -63.86320 0.05777
533.90000 -63.86672 0.06164
533.95000 -63.86813 0.06293
534.00000 -63.87141 0.06822
534.05000 -63.87008 0.06899
534.10000 -63.87066 0.07365
534.15000 -63.86950 0.08196
534.20000 -63.87346 0.08256
534.25000 -63.87515 0.08414
534.30000 -63.87312 0.08077
534.35000 -63.87163 0.08020
534.40000 -63.87700 0.09379
534.45000 -63.87530 0.08712
534.50000 -63.87564 0.08407
534.55000 -63.87277 0.07455
534.60000 -63.87315 0.08542
534.65000 -63.87862 0.08182
534.70000 -63.87612 0.08338
534.75000 -63.87757 0.08906
534.80000 -63.87057 0.08087
534.85000 -63.86909 0.08461
534.90000 -63.86893 0.08958
534.95000 -63.86515 0.08444
535.00000 -63.85787 0.08348
535.05000 -63.85202 0.08563
535.10000 -63.84837 0.08441
535.15000 -63.84096 0.07931
535.20000 -63.83440 0.08678
535.25000 -63.83418 0.09079
535.30000 -63.82894 0.08608
535.35000 -63.83261 0.09359
535.40000 -63.82786 0.09253
535.45000 -63.82872 0.09109
535.50000 -63.83086 0.08620
535.55000 -63.83058 0.09411
535.60000 -63.82687 0.08973
535.65000 -63.83130 0.09886
535.70000 -63.83265 0.09994
535.75000 -63.83426 0.09308
535.80000 -63.83292 0.08929
535.85000 -63.83626 0.10117
535.90000 -63.84110 0.10296
535.95000 -63.83855 0.10514
536.00000 -63.83996 0.10529
536.05000 -63.84434 0.10183
536.10000 -63.84560 0.10433
536.15000 -63.84632 0.10133
536.20000 -63.84911 0.09632
536.25000 -63.84862 0.09747
536.30000 -63.84650 0.09825
536.35000 -63.84527 0.08549
536.40000 -63.84291 0.08183
536.45000 -63.84374 0.07953
536.50000 -63.83833 0.07388
536.55000 -63.84437 0.06644
536.60000 -63.83736 0.06316
536.65000 -63.83700 0.06148
536.70000 -63.83861 0.06629
536.75000 -63.83885 0.06782
536.80000 -63.83729 0.06940
536.85000 -63.82964 0.06609
536.90000 -63.83229 0.06114
536.95000 -63.83287 0.05213
537.00000 -63.83685 0.06132
537.05000 -63.83637 0.05079
537.10000 -63.84029 0.04664
537.15000 -63.83998 0.04799
537.20000 -63.83958 0.03695
537.25000 -63.83780 0.04400
537.30000 -63.83337 0.03673
537.35000 -63.83699 0.03089
537.40000 -63.83822 0.02830
537.45000 -63.83435 0.02663
537.50000 -63.83497 0.02639
537.55000 -63.84331 0.02152
537.60000 -63.83741 0.02400
537.65000 -63.83740 0.01954
537.70000 -63.83763 0.03015
537.75000 -63.83726 0.02802
537.80000 -63.83931 0.03591
537.85000 -63.84170 0.03093
537.90000 -63.84451 0.03416
537.95000 -63.84355 0.03531
538.00000 -63.84735 0.02483
538.05000 -63.85085 0.02633
538.10000 -63.84909 0.01925
538.15000 -63.85049 0.02044
538.20000 -63.85116 0.02263
538.25000 -63.85431 0.02650
538.30000 -63.85696 0.02832
538.35000 -63.85888 0.02906
538.40000 -63.85925 0.03178
538.45000 -63.86247 0.03275
538.50000 -63.86605 0.04019
538.55000 -63.86585 0.03888
538.60000 -63.86941 0.04416
538.65000 -63.87072 0.04937
538.70000 -63.87530 0.05490
538.75000 -63.87043 0.04862
538.80000 -63.87579 0.05365
538.85000 -63.87948 0.05864
538.90000 -63.88039 0.05920
538.95000 -63.88237 0.06288
539.00000 -63.88383 0.06856
539.05000 -63.88673 0.07332
539.10000 -63.88851 0.07693
539.15000 -63.89275 0.08247
539.20000 -63.89148 0.07947
539.25000 -63.89260 0.08319
539.30000 -63.89231 0.08264
539.35000 -63.89302 0.08320
539.40000 -63.89784 0.09175
539.45000 -63.88779 0.07676
539.50000 -63.88941 0.08220
539.55000 -63.89238 0.08776
539.60000 -63.89101 0.08869
539.65000 -63.89036 0.08665
539.70000 -63.89079 0.08840
539.75000 -63.89355 0.09411
539.80000 -63.89677 0.09851
539.85000 -63.89854 0.10433
539.90000 -63.89597 0.10072
539.95000 -63.89592 0.09989
540.00000 -63.89574 0.09819
540.05000 -63.89959 0.10594
540.10000 -63.90128 0.10767
540.15000 -63.90210 0.10879
540.20000 -63.90426 0.11006
540.25000 -63.90461 0.10991
540.30000 -63.90418 0.10898
540.35000 -63.90338 0.10856
540.40000 -63.90766 0.11565
540.45000 -63.90220 0.10574
540.50000 -63.89770 0.09762
540.55000 -63.90029 0.10308
540.60000 -63.89945 0.10118
540.65000 -63.89995 0.09970
540.70000 -63.90193 0.10315
540.75000 -63.90086 0.10519
540.80000 -63.89880 0.10387
540.85000 -63.89159 0.09019
540.90000 -63.89350 0.09514
540.95000 -63.88944 0.08778
541.00000 -63.89093 0.09131
541.05000 -63.88933 0.08787
541.10000 -63.88311 0.07668
541.15000 -63.88498 0.07944
541.20000 -63.88160 0.07617
541.25000 -63.88191 0.07838
541.30000 -63.87754 0.07105
541.35000 -63.87754 0.07712
541.40000 -63.87926 0.07685
541.45000 -63.87827 0.07819
541.50000 -63.87948 0.08610
541.55000 -63.87963 0.08458
541.60000 -63.87686 0.08017
541.65000 -63.88187 0.08482
541.70000 -63.88445 0.08555
541.75000 -63.88413 0.08380
541.80000 -63.88137 0.08275
541.85000 -63.88568 0.08969
541.90000 -63.88792 0.09101
541.95000 -63.88540 0.08453
542.00000 -63.88594 0.08625
542.05000 -63.88843 0.09174
542.10000 -63.88467 0.08437
542.15000 -63.88892 0.09201
542.20000 -63.89562 0.10361
542.25000 -63.89091 0.09546
542.30000 -63.88631 0.09020
542.35000 -63.88622 0.09099
542.40000 -63.88615 0.09638
542.45000 -63.88652 0.09999
542.50000 -63.88954 0.10306
542.55000 -63.88788 0.10150
542.60000 -63.88193 0.09192
542.65000 -63.87870 0.09406
542.70000 -63.87891 0.08776
542.75000 -63.87705 0.08570
542.80000 -63.87199 0.07737
542.85000 -63.86915 0.06705
542.90000 -63.86873 0.06601
542.95000 -63.86736 0.06483
543.00000 -63.86573 0.06071
543.05000 -63.86662 0.05644
543.10000 -63.86891 0.05910
543.15000 -63.86782 0.05594
543.20000 -63.86592 0.05343
543.25000 -63.86700 0.05294
543.30000 -63.86152 0.04455
543.35000 -63.86673 0.05100
543.40000 -63.86271 0.04229
543.45000 -63.86810 0.05192
543.50000 -63.86971 0.05278
543.55000 -63.86212 0.04588
543.60000 -63.86458 0.04712
543.65000 -63.86305 0.04123
543.70000 -63.86036 0.03656
543.75000 -63.86282 0.04242
543.80000 -63.85798 0.03419
543.85000 -63.85729 0.03881
543.90000 -63.85025 0.02645
543.95000 -63.84873 0.03232
544.00000 -63.84352 0.03167
544.05000 -63.84273 0.02828
544.10000 -63.83642 0.02598
544.15000 -63.82984 0.02949
544.20000 -63.82638 0.02991
544.25000 -63.82765 0.02576
544.30000 -63.82573 0.02276
544.35000 -63.82919 0.02219
544.40000 -63.82739 0.02730
544.45000 -63.83229 0.01884
544.50000 -63.83362 0.01478
544.55000 -63.83377 0.01413
544.60000 -63.83654 0.01400
544.65000 -63.83639 0.01136
544.70000 -63.83295 0.01220
544.75000 -63.83356 0.01372
544.80000 -63.83583 0.01206
544.85000 -63.83459 0.01403
544.90000 -63.83309 0.01365
544.95000 -63.83704 0.01071
545.00000 -63.83712 0.01638
545.05000 -63.83789 0.02255
545.10000 -63.83746 0.01338
545.15000 -63.83659 0.01273
545.20000 -63.83902 0.00769
545.25000 -63.83614 0.01049
545.30000 -63.83998 0.00888
545.35000 -63.84231 0.01175
545.40000 -63.84367 0.00884
545.45000 -63.84064 0.00656
545.50000 -63.84453 0.00568
545.55000 -63.84864 0.01253
545.60000 -63.85174 0.01481
545.65000 -63.85591 0.02361
545.70000 -63.85588 0.02745
545.75000 -63.85420 0.02679
545.80000 -63.85826 0.03095
545.85000 -63.85737 0.03139
545.90000 -63.85714 0.03567
545.95000 -63.85778 0.04430
546.00000 -63.85757 0.04504
546.05000 -63.85368 0.03890
546.10000 -63.85559 0.04501
546.15000 -63.85082 0.05142
546.20000 -63.85411 0.05908
546.25000 -63.85302 0.05238
546.30000 -63.85244 0.04344
546.35000 -63.85359 0.04279
546.40000 -63.85491 0.04622
546.45000 -63.84888 0.03207
546.50000 -63.84990 0.03554
546.55000 -63.84938 0.02738
546.60000 -63.84805 0.02285
546.65000 -63.84797 0.02281
546.70000 -63.84770 0.01640
546.75000 -63.84480 0.02141
546.80000 -63.84120 0.01501
546.85000 -63.83864 0.01488
546.90000 -63.83666 0.01984
546.95000 -63.83818 0.01682
547.00000 -63.83466 0.01859
547.05000 -63.83506 0.02052
547.10000 -63.83399 0.02131
547.15000 -63.83196 0.02450
547.20000 -63.82874 0.02943
547.25000 -63.83114 0.02642
547.30000 -63.83315 0.02261
547.35000 -63.82869 0.02751
547.40000 -63.82596 0.03440
547.45000 -63.82659 0.03299
547.50000 -63.82926 0.02614
547.55000 -63.82362 0.03597
547.60000 -63.82463 0.03445
547.65000 -63.82674 0.03131
547.70000 -63.82687 0.03281
547.75000 -63.82970 0.03314
547.80000 -63.82808 0.03690
547.85000 -63.82649 0.03347
547.90000 -63.82987 0.03895
547.95000 -63.82836 0.04467
548.00000 -63.83131 0.04030
548.05000 -63.83224 0.04420
548.10000 -63.83016 0.04968
548.15000 -63.83511 0.04801
548.20000 -63.83854 0.05149
548.25000 -63.83719 0.05360
548.30000 -63.84173 0.05661
548.35000 -63.84365 0.04900
548.40000 -63.84801 0.04826
548.45000 -63.84734 0.05086
548.50000 -63.84744 0.04581
548.55000 -63.84685 0.04627
548.60000 -63.84797 0.04679
548.65000 -63.84714 0.04596
548.70000 -63.84355 0.05621
548.75000 -63.84823 0.05333
548.80000 -63.84073 0.04740
548.85000 -63.84298 0.05249
548.90000 -63.84437 0.05861
548.95000 -63.83493 0.06133
549.00000 -63.83978 0.06047
549.05000 -63.83777 0.06114
549.10000 -63.84026 0.05810
549.15000 -63.84071 0.05760
549.20000 -63.84505 0.04734
549.25000 -63.84322 0.04984
549.30000 -63.84612 0.05042
549.35000 -63.84766 0.05075
549.40000 -63.84586 0.05101
549.45000 -63.84779 0.04417
549.50000 -63.85059 0.04809
549.55000 -63.85431 0.04641
549.60000 -63.85388 0.04583
549.65000 -63.85343 0.04680
549.70000 -63.85466 0.05316
549.75000 -63.85132 0.04453
549.80000 -63.85571 0.05476
549.85000 -63.85454 0.04828
549.90000 -63.85304 0.04425
549.95000 -63.85442 0.04136
