0.00000 -64.71
0.05000 -64.73
0.10000 -64.73
0.15000 -64.74
0.20000 -64.74
0.25000 -64.74
0.30000 -64.75
0.35000 -64.75
0.40000 -64.75
0.45000 -64.75
0.50000 -64.75
0.55000 -64.75
0.60000 -64.74
0.65000 -64.74
0.70000 -64.74
0.75000 -64.74
0.80000 -64.73
0.85000 -64.74
0.90000 -64.73
0.95000 -64.73
1.00000 -64.73
1.05000 -64.73
1.10000 -64.72
1.15000 -64.72
1.20000 -64.72
1.25000 -64.72
1.30000 -64.72
1.35000 -64.71
1.40000 -64.71
1.45000 -64.71
1.50000 -64.72
1.55000 -64.71
1.60000 -64.72
1.65000 -64.72
1.70000 -64.72
1.75000 -64.72
1.80000 -64.72
1.85000 -64.72
1.90000 -64.72
1.95000 -64.72
2.00000 -64.72
2.05000 -64.72
2.10000 -64.71
2.15000 -64.71
2.20000 -64.71
2.25000 -64.71
2.30000 -64.71
2.35000 -64.71
2.40000 -64.71
2.45000 -64.71
2.50000 -64.71
2.55000 -64.71
2.60000 -64.71
2.65000 -64.72
2.70000 -64.72
2.75000 -64.72
2.80000 -64.73
2.85000 -64.73
2.90000 -64.73
2.95000 -64.73
3.00000 -64.73
3.05000 -64.74
3.10000 -64.74
3.15000 -64.74
3.20000 -64.74
3.25000 -64.74
3.30000 -64.74
3.35000 -64.74
3.40000 -64.74
3.45000 -64.74
3.50000 -64.74
3.55000 -64.74
3.60000 -64.74
3.65000 -64.74
3.70000 -64.74
3.75000 -64.74
3.80000 -64.74
3.85000 -64.75
3.90000 -64.74
3.95000 -64.75
4.00000 -64.74
4.05000 -64.74
4.10000 -64.73
4.15000 -64.74
4.20000 -64.73
4.25000 -64.73
4.30000 -64.73
4.35000 -64.73
4.40000 -64.74
4.45000 -64.73
4.50000 -64.73
4.55000 -64.73
4.60000 -64.73
4.65000 -64.73
4.70000 -64.73
4.75000 -64.73
4.80000 -64.73
4.85000 -64.73
4.90000 -64.73
4.95000 -64.74
5.00000 -64.74
5.05000 -64.74
5.10000 -64.74
5.15000 -64.74
5.20000 -64.75
5.25000 -64.75
5.30000 -64.76
5.35000 -64.76
5.40000 -64.76
5.45000 -64.76
5.50000 -64.77
5.55000 -64.77
5.60000 -64.77
5.65000 -64.77
5.70000 -64.77
5.75000 -64.77
5.80000 -64.77
5.85000 -64.78
5.90000 -64.78
5.95000 -64.78
6.00000 -64.77
6.05000 -64.78
6.10000 -64.78
6.15000 -64.78
6.20000 -64.78
6.25000 -64.78
6.30000 -64.78
6.35000 -64.78
6.40000 -64.78
6.45000 -64.76
6.50000 -64.76
6.55000 -64.76
6.60000 -64.76
6.65000 -64.76
6.70000 -64.76
6.75000 -64.76
6.80000 -64.76
6.85000 -64.75
6.90000 -64.75
6.95000 -64.76
7.00000 -64.75
7.05000 -64.75
7.10000 -64.75
7.15000 -64.75
7.20000 -64.75
7.25000 -64.75
7.30000 -64.75
7.35000 -64.75
7.40000 -64.75
7.45000 -64.75
7.50000 -64.75
7.55000 -64.75
7.60000 -64.76
7.65000 -64.75
7.70000 -64.75
7.75000 -64.75
7.80000 -64.75
7.85000 -64.74
7.90000 -64.75
7.95000 -64.75
8.00000 -64.75
8.05000 -64.75
8.10000 -64.75
8.15000 -64.75
8.20000 -64.76
8.25000 -64.76
8.30000 -64.76
8.35000 -64.76
8.40000 -64.75
8.45000 -64.75
8.50000 -64.75
8.55000 -64.74
8.60000 -64.74
8.65000 -64.73
8.70000 -64.74
8.75000 -64.73
8.80000 -64.73
8.85000 -64.72
8.90000 -64.72
8.95000 -64.72
9.00000 -64.73
9.05000 -64.73
9.10000 -64.73
9.15000 -64.73
9.20000 -64.73
9.25000 -64.73
9.30000 -64.73
9.35000 -64.73
9.40000 -64.73
9.45000 -64.73
9.50000 -64.74
9.55000 -64.74
9.60000 -64.74
9.65000 -64.74
9.70000 -64.75
9.75000 -64.75
9.80000 -64.75
9.85000 -64.74
9.90000 -64.74
9.95000 -64.74
10.00000 -64.75
10.05000 -64.74
10.10000 -64.74
10.15000 -64.74
10.20000 -64.75
10.25000 -64.74
10.30000 -64.75
10.35000 -64.75
10.40000 -64.75
10.45000 -64.75
10.50000 -64.74
10.55000 -64.75
10.60000 -64.74
10.65000 -64.74
10.70000 -64.74
10.75000 -64.73
10.80000 -64.74
10.85000 -64.73
10.90000 -64.73
10.95000 -64.73
11.00000 -64.73
11.05000 -64.73
11.10000 -64.73
11.15000 -64.73
11.20000 -64.72
11.25000 -64.72
11.30000 -64.73
11.35000 -64.73
11.40000 -64.73
11.45000 -64.74
11.50000 -64.73
11.55000 -64.73
11.60000 -64.74
11.65000 -64.74
11.70000 -64.74
11.75000 -64.74
11.80000 -64.74
11.85000 -64.74
11.90000 -64.73
11.95000 -64.73
12.00000 -64.73
12.05000 -64.73
12.10000 -64.73
12.15000 -64.73
12.20000 -64.72
12.25000 -64.72
12.30000 -64.72
12.35000 -64.72
12.40000 -64.72
12.45000 -64.72
12.50000 -64.72
12.55000 -64.72
12.60000 -64.72
12.65000 -64.73
12.70000 -64.73
12.75000 -64.73
12.80000 -64.73
12.85000 -64.73
12.90000 -64.73
12.95000 -64.73
13.00000 -64.73
13.05000 -64.73
13.10000 -64.73
13.15000 -64.74
13.20000 -64.75
13.25000 -64.75
13.30000 -64.74
13.35000 -64.74
13.40000 -64.75
13.45000 -64.75
13.50000 -64.75
13.55000 -64.75
13.60000 -64.76
13.65000 -64.76
13.70000 -64.76
13.75000 -64.76
13.80000 -64.76
13.85000 -64.76
13.90000 -64.75
13.95000 -64.75
14.00000 -64.75
14.05000 -64.74
14.10000 -64.74
14.15000 -64.74
14.20000 -64.73
14.25000 -64.73
14.30000 -64.72
14.35000 -64.73
14.40000 -64.73
14.45000 -64.72
14.50000 -64.73
14.55000 -64.72
14.60000 -64.73
14.65000 -64.73
14.70000 -64.73
14.75000 -64.73
14.80000 -64.74
14.85000 -64.74
14.90000 -64.74
14.95000 -64.74
15.00000 -64.74
15.05000 -64.74
15.10000 -64.74
15.15000 -64.74
15.20000 -64.75
15.25000 -64.74
15.30000 -64.74
15.35000 -64.74
15.40000 -64.74
15.45000 -64.74
15.50000 -64.74
15.55000 -64.74
15.60000 -64.74
15.65000 -64.74
15.70000 -64.75
15.75000 -64.75
15.80000 -64.75
15.85000 -64.75
15.90000 -64.75
15.95000 -64.75
16.00000 -64.75
16.05000 -64.76
16.10000 -64.75
16.15000 -64.75
16.20000 -64.75
16.25000 -64.75
16.30000 -64.75
16.35000 -64.74
16.40000 -64.74
16.45000 -64.74
16.50000 -64.74
16.55000 -64.73
16.60000 -64.73
16.65000 -64.74
16.70000 -64.73
16.75000 -64.73
16.80000 -64.73
16.85000 -64.73
16.90000 -64.73
16.95000 -64.74
17.00000 -64.74
17.05000 -64.74
17.10000 -64.75
17.15000 -64.75
17.20000 -64.75
17.25000 -64.76
17.30000 -64.75
17.35000 -64.76
17.40000 -64.76
17.45000 -64.76
17.50000 -64.75
17.55000 -64.75
17.60000 -64.75
17.65000 -64.75
17.70000 -64.75
17.75000 -64.75
17.80000 -64.75
17.85000 -64.75
17.90000 -64.75
17.95000 -64.75
18.00000 -64.76
18.05000 -64.76
18.10000 -64.76
18.15000 -64.76
18.20000 -64.76
18.25000 -64.77
18.30000 -64.77
18.35000 -64.77
18.40000 -64.77
18.45000 -64.77
18.50000 -64.77
18.55000 -64.77
18.60000 -64.77
18.65000 -64.77
18.70000 -64.77
18.75000 -64.77
18.80000 -64.77
18.85000 -64.77
18.90000 -64.77
18.95000 -64.77
19.00000 -64.77
19.05000 -64.77
19.10000 -64.77
19.15000 -64.77
19.20000 -64.76
19.25000 -64.76
19.30000 -64.77
19.35000 -64.77
19.40000 -64.76
19.45000 -64.76
19.50000 -64.76
19.55000 -64.76
19.60000 -64.75
19.65000 -64.75
19.70000 -64.75
19.75000 -64.75
19.80000 -64.75
19.85000 -64.75
19.90000 -64.75
19.95000 -64.75
20.00000 -64.75
20.05000 -64.76
20.10000 -64.76
20.15000 -64.75
20.20000 -64.76
20.25000 -64.76
20.30000 -64.76
20.35000 -64.76
20.40000 -64.76
20.45000 -64.76
20.50000 -64.76
20.55000 -64.76
20.60000 -64.75
20.65000 -64.75
20.70000 -64.75
20.75000 -64.75
20.80000 -64.75
20.85000 -64.76
20.90000 -64.76
20.95000 -64.76
21.00000 -64.76
21.05000 -64.76
21.10000 -64.76
21.15000 -64.76
21.20000 -64.76
21.25000 -64.77
21.30000 -64.77
21.35000 -64.77
21.40000 -64.77
21.45000 -64.77
21.50000 -64.78
21.55000 -64.78
21.60000 -64.78
21.65000 -64.78
21.70000 -64.78
21.75000 -64.78
21.80000 -64.78
21.85000 -64.79
21.90000 -64.78
21.95000 -64.78
22.00000 -64.78
22.05000 -64.78
22.10000 -64.78
22.15000 -64.78
22.20000 -64.78
22.25000 -64.78
22.30000 -64.78
22.35000 -64.78
22.40000 -64.78
22.45000 -64.78
22.50000 -64.79
22.55000 -64.79
22.60000 -64.78
22.65000 -64.79
22.70000 -64.79
22.75000 -64.79
22.80000 -64.79
22.85000 -64.79
22.90000 -64.79
22.95000 -64.79
23.00000 -64.79
23.05000 -64.80
23.10000 -64.79
23.15000 -64.80
23.20000 -64.79
23.25000 -64.79
23.30000 -64.79
23.35000 -64.79
23.40000 -64.79
23.45000 -64.79
23.50000 -64.79
23.55000 -64.78
23.60000 -64.78
23.65000 -64.78
23.70000 -64.78
23.75000 -64.77
23.80000 -64.77
23.85000 -64.77
23.90000 -64.76
23.95000 -64.76
24.00000 -64.76
24.05000 -64.75
24.10000 -64.75
24.15000 -64.75
24.20000 -64.75
24.25000 -64.75
24.30000 -64.74
24.35000 -64.75
24.40000 -64.75
24.45000 -64.75
24.50000 -64.75
24.55000 -64.75
24.60000 -64.75
24.65000 -64.75
24.70000 -64.75
24.75000 -64.75
24.80000 -64.75
24.85000 -64.75
24.90000 -64.74
24.95000 -64.74
25.00000 -64.73
25.05000 -64.72
25.10000 -64.71
25.15000 -64.71
25.20000 -64.70
25.25000 -64.70
25.30000 -64.69
25.35000 -64.69
25.40000 -64.69
25.45000 -64.69
25.50000 -64.69
25.55000 -64.70
25.60000 -64.70
25.65000 -64.70
25.70000 -64.70
25.75000 -64.70
25.80000 -64.71
25.85000 -64.71
25.90000 -64.71
25.95000 -64.71
26.00000 -64.71
26.05000 -64.72
26.10000 -64.71
26.15000 -64.71
26.20000 -64.71
26.25000 -64.72
26.30000 -64.72
26.35000 -64.72
26.40000 -64.72
26.45000 -64.72
26.50000 -64.72
26.55000 -64.71
26.60000 -64.71
26.65000 -64.71
26.70000 -64.71
26.75000 -64.71
26.80000 -64.71
26.85000 -64.71
26.90000 -64.71
26.95000 -64.72
27.00000 -64.72
27.05000 -64.72
27.10000 -64.72
27.15000 -64.72
27.20000 -64.73
27.25000 -64.73
27.30000 -64.73
27.35000 -64.73
27.40000 -64.73
27.45000 -64.73
27.50000 -64.73
27.55000 -64.73
27.60000 -64.73
27.65000 -64.73
27.70000 -64.73
27.75000 -64.74
27.80000 -64.74
27.85000 -64.74
27.90000 -64.74
27.95000 -64.75
28.00000 -64.75
28.05000 -64.75
28.10000 -64.76
28.15000 -64.75
28.20000 -64.76
28.25000 -64.76
28.30000 -64.76
28.35000 -64.77
28.40000 -64.76
28.45000 -64.76
28.50000 -64.76
28.55000 -64.76
28.60000 -64.76
28.65000 -64.76
28.70000 -64.76
28.75000 -64.76
28.80000 -64.77
28.85000 -64.77
28.90000 -64.77
28.95000 -64.77
29.00000 -64.77
29.05000 -64.77
29.10000 -64.77
29.15000 -64.78
29.20000 -64.78
29.25000 -64.78
29.30000 -64.78
29.35000 -64.79
29.40000 -64.79
29.45000 -64.79
29.50000 -64.79
29.55000 -64.80
29.60000 -64.80
29.65000 -64.80
29.70000 -64.81
29.75000 -64.81
29.80000 -64.81
29.85000 -64.81
29.90000 -64.81
29.95000 -64.80
30.00000 -64.80
30.05000 -64.80
30.10000 -64.80
30.15000 -64.80
30.20000 -64.80
30.25000 -64.80
30.30000 -64.80
30.35000 -64.80
30.40000 -64.80
30.45000 -64.80
30.50000 -64.80
30.55000 -64.80
30.60000 -64.79
30.65000 -64.79
30.70000 -64.79
30.75000 -64.79
30.80000 -64.78
30.85000 -64.78
30.90000 -64.78
30.95000 -64.78
31.00000 -64.78
31.05000 -64.78
31.10000 -64.78
31.15000 -64.78
31.20000 -64.78
31.25000 -64.78
31.30000 -64.78
31.35000 -64.78
31.40000 -64.78
31.45000 -64.78
31.50000 -64.77
31.55000 -64.78
31.60000 -64.77
31.65000 -64.77
31.70000 -64.77
31.75000 -64.77
31.80000 -64.76
31.85000 -64.76
31.90000 -64.76
31.95000 -64.76
32.00000 -64.75
32.05000 -64.75
32.10000 -64.74
32.15000 -64.75
32.20000 -64.75
32.25000 -64.75
32.30000 -64.75
32.35000 -64.75
32.40000 -64.76
32.45000 -64.76
32.50000 -64.76
32.55000 -64.76
32.60000 -64.76
32.65000 -64.76
32.70000 -64.76
32.75000 -64.76
32.80000 -64.76
32.85000 -64.76
32.90000 -64.76
32.95000 -64.75
33.00000 -64.75
33.05000 -64.76
33.10000 -64.76
33.15000 -64.76
33.20000 -64.76
33.25000 -64.76
33.30000 -64.76
33.35000 -64.76
33.40000 -64.76
33.45000 -64.76
33.50000 -64.76
33.55000 -64.76
33.60000 -64.76
33.65000 -64.76
33.70000 -64.76
33.75000 -64.76
33.80000 -64.76
33.85000 -64.76
33.90000 -64.77
33.95000 -64.77
34.00000 -64.77
34.05000 -64.77
34.10000 -64.77
34.15000 -64.76
34.20000 -64.76
34.25000 -64.76
34.30000 -64.76
34.35000 -64.76
34.40000 -64.76
34.45000 -64.76
34.50000 -64.76
34.55000 -64.75
34.60000 -64.75
34.65000 -64.75
34.70000 -64.75
34.75000 -64.74
34.80000 -64.74
34.85000 -64.74
34.90000 -64.74
34.95000 -64.74
35.00000 -64.73
35.05000 -64.73
35.10000 -64.73
35.15000 -64.73
35.20000 -64.73
35.25000 -64.73
35.30000 -64.73
35.35000 -64.73
35.40000 -64.74
35.45000 -64.74
35.50000 -64.75
35.55000 -64.74
35.60000 -64.74
35.65000 -64.75
35.70000 -64.75
35.75000 -64.75
35.80000 -64.75
35.85000 -64.75
35.90000 -64.76
35.95000 -64.76
36.00000 -64.76
36.05000 -64.76
36.10000 -64.76
36.15000 -64.76
36.20000 -64.76
36.25000 -64.76
36.30000 -64.76
36.35000 -64.77
36.40000 -64.77
36.45000 -64.76
36.50000 -64.75
36.55000 -64.76
36.60000 -64.76
36.65000 -64.76
36.70000 -64.76
36.75000 -64.76
36.80000 -64.76
36.85000 -64.76
36.90000 -64.76
36.95000 -64.77
37.00000 -64.77
37.05000 -64.77
37.10000 -64.77
37.15000 -64.76
37.20000 -64.76
37.25000 -64.76
37.30000 -64.76
37.35000 -64.76
37.40000 -64.75
37.45000 -64.75
37.50000 -64.74
37.55000 -64.75
37.60000 -64.74
37.65000 -64.74
37.70000 -64.74
37.75000 -64.73
37.80000 -64.73
37.85000 -64.73
37.90000 -64.72
37.95000 -64.72
38.00000 -64.72
38.05000 -64.72
38.10000 -64.72
38.15000 -64.72
38.20000 -64.73
38.25000 -64.73
38.30000 -64.73
38.35000 -64.73
38.40000 -64.73
38.45000 -64.74
38.50000 -64.74
38.55000 -64.75
38.60000 -64.75
38.65000 -64.75
38.70000 -64.75
38.75000 -64.75
38.80000 -64.75
38.85000 -64.75
38.90000 -64.75
38.95000 -64.75
39.00000 -64.74
39.05000 -64.74
39.10000 -64.73
39.15000 -64.73
39.20000 -64.73
39.25000 -64.73
39.30000 -64.73
39.35000 -64.73
39.40000 -64.73
39.45000 -64.73
39.50000 -64.73
39.55000 -64.73
39.60000 -64.73
39.65000 -64.73
39.70000 -64.73
39.75000 -64.73
39.80000 -64.73
39.85000 -64.73
39.90000 -64.73
39.95000 -64.73
40.00000 -64.73
40.05000 -64.73
40.10000 -64.73
40.15000 -64.72
40.20000 -64.72
40.25000 -64.72
40.30000 -64.73
40.35000 -64.73
40.40000 -64.72
40.45000 -64.73
40.50000 -64.73
40.55000 -64.73
40.60000 -64.72
40.65000 -64.72
40.70000 -64.72
40.75000 -64.72
40.80000 -64.72
40.85000 -64.71
40.90000 -64.71
40.95000 -64.71
41.00000 -64.70
41.05000 -64.70
41.10000 -64.69
41.15000 -64.69
41.20000 -64.69
41.25000 -64.68
41.30000 -64.68
41.35000 -64.69
41.40000 -64.69
41.45000 -64.69
41.50000 -64.69
41.55000 -64.70
41.60000 -64.70
41.65000 -64.70
41.70000 -64.71
41.75000 -64.71
41.80000 -64.71
41.85000 -64.72
41.90000 -64.72
41.95000 -64.73
42.00000 -64.73
42.05000 -64.73
42.10000 -64.74
42.15000 -64.75
42.20000 -64.74
42.25000 -64.75
42.30000 -64.76
42.35000 -64.76
42.40000 -64.76
42.45000 -64.77
42.50000 -64.76
42.55000 -64.76
42.60000 -64.76
42.65000 -64.76
42.70000 -64.76
42.75000 -64.76
42.80000 -64.77
42.85000 -64.76
42.90000 -64.76
42.95000 -64.77
43.00000 -64.77
43.05000 -64.77
43.10000 -64.77
43.15000 -64.77
43.20000 -64.77
43.25000 -64.76
43.30000 -64.76
43.35000 -64.76
43.40000 -64.76
43.45000 -64.76
43.50000 -64.75
43.55000 -64.76
43.60000 -64.77
43.65000 -64.76
43.70000 -64.76
43.75000 -64.76
43.80000 -64.77
43.85000 -64.78
43.90000 -64.77
43.95000 -64.77
44.00000 -64.78
44.05000 -64.78
44.10000 -64.78
44.15000 -64.78
44.20000 -64.78
44.25000 -64.79
44.30000 -64.78
44.35000 -64.78
44.40000 -64.78
44.45000 -64.79
44.50000 -64.78
44.55000 -64.79
44.60000 -64.79
44.65000 -64.79
44.70000 -64.79
44.75000 -64.78
44.80000 -64.78
44.85000 -64.78
44.90000 -64.79
44.95000 -64.79
45.00000 -64.79
45.05000 -64.78
45.10000 -64.79
45.15000 -64.78
45.20000 -64.78
45.25000 -64.78
45.30000 -64.78
45.35000 -64.78
45.40000 -64.77
45.45000 -64.77
45.50000 -64.78
45.55000 -64.78
45.60000 -64.78
45.65000 -64.78
45.70000 -64.78
45.75000 -64.79
45.80000 -64.79
45.85000 -64.78
45.90000 -64.79
45.95000 -64.78
46.00000 -64.78
46.05000 -64.78
46.10000 -64.78
46.15000 -64.77
46.20000 -64.77
46.25000 -64.77
46.30000 -64.77
46.35000 -64.76
46.40000 -64.77
46.45000 -64.76
46.50000 -64.76
46.55000 -64.75
46.60000 -64.74
46.65000 -64.74
46.70000 -64.74
46.75000 -64.74
46.80000 -64.74
46.85000 -64.74
46.90000 -64.74
46.95000 -64.74
47.00000 -64.74
47.05000 -64.74
47.10000 -64.74
47.15000 -64.74
47.20000 -64.74
47.25000 -64.74
47.30000 -64.74
47.35000 -64.74
47.40000 -64.74
47.45000 -64.75
47.50000 -64.75
47.55000 -64.76
47.60000 -64.76
47.65000 -64.76
47.70000 -64.77
47.75000 -64.76
47.80000 -64.77
47.85000 -64.77
47.90000 -64.78
47.95000 -64.78
48.00000 -64.78
48.05000 -64.78
48.10000 -64.78
48.15000 -64.78
48.20000 -64.78
48.25000 -64.79
48.30000 -64.79
48.35000 -64.79
48.40000 -64.79
48.45000 -64.80
48.50000 -64.79
48.55000 -64.80
48.60000 -64.80
48.65000 -64.80
48.70000 -64.79
48.75000 -64.80
48.80000 -64.79
48.85000 -64.79
48.90000 -64.79
48.95000 -64.79
49.00000 -64.78
49.05000 -64.78
49.10000 -64.77
49.15000 -64.77
49.20000 -64.77
49.25000 -64.77
49.30000 -64.78
49.35000 -64.77
49.40000 -64.77
49.45000 -64.77
49.50000 -64.77
49.55000 -64.77
49.60000 -64.77
49.65000 -64.77
49.70000 -64.76
49.75000 -64.77
49.80000 -64.77
49.85000 -64.77
49.90000 -64.77
49.95000 -64.77
50.00000 -64.77
50.05000 -64.77
50.10000 -64.77
50.15000 -64.77
50.20000 -64.77
50.25000 -64.77
50.30000 -64.78
50.35000 -64.77
50.40000 -64.77
50.45000 -64.77
50.50000 -64.77
50.55000 -64.77
50.60000 -64.77
50.65000 -64.76
50.70000 -64.76
50.75000 -64.76
50.80000 -64.75
50.85000 -64.75
50.90000 -64.75
50.95000 -64.75
51.00000 -64.75
51.05000 -64.74
51.10000 -64.75
51.15000 -64.74
51.20000 -64.74
51.25000 -64.74
51.30000 -64.74
51.35000 -64.74
51.40000 -64.73
51.45000 -64.73
51.50000 -64.73
51.55000 -64.73
51.60000 -64.72
51.65000 -64.72
51.70000 -64.72
51.75000 -64.72
51.80000 -64.72
51.85000 -64.72
51.90000 -64.72
51.95000 -64.72
52.00000 -64.72
52.05000 -64.72
52.10000 -64.72
52.15000 -64.72
52.20000 -64.73
52.25000 -64.72
52.30000 -64.72
52.35000 -64.73
52.40000 -64.72
52.45000 -64.72
52.50000 -64.72
52.55000 -64.72
52.60000 -64.72
52.65000 -64.73
52.70000 -64.72
52.75000 -64.73
52.80000 -64.73
52.85000 -64.73
52.90000 -64.73
52.95000 -64.72
53.00000 -64.73
53.05000 -64.72
53.10000 -64.72
53.15000 -64.72
53.20000 -64.71
53.25000 -64.72
53.30000 -64.71
53.35000 -64.71
53.40000 -64.71
53.45000 -64.72
53.50000 -64.72
53.55000 -64.73
53.60000 -64.73
53.65000 -64.74
53.70000 -64.73
53.75000 -64.73
53.80000 -64.74
53.85000 -64.74
53.90000 -64.74
53.95000 -64.74
54.00000 -64.75
54.05000 -64.75
54.10000 -64.75
54.15000 -64.75
54.20000 -64.75
54.25000 -64.75
54.30000 -64.75
54.35000 -64.75
54.40000 -64.76
54.45000 -64.76
54.50000 -64.76
54.55000 -64.75
54.60000 -64.75
54.65000 -64.76
54.70000 -64.76
54.75000 -64.75
54.80000 -64.75
54.85000 -64.74
54.90000 -64.74
54.95000 -64.74
55.00000 -64.73
55.05000 -64.73
55.10000 -64.73
55.15000 -64.73
55.20000 -64.73
55.25000 -64.74
55.30000 -64.74
55.35000 -64.74
55.40000 -64.74
55.45000 -64.75
55.50000 -64.76
55.55000 -64.75
55.60000 -64.76
55.65000 -64.76
55.70000 -64.77
55.75000 -64.77
55.80000 -64.77
55.85000 -64.77
55.90000 -64.77
55.95000 -64.77
56.00000 -64.77
56.05000 -64.77
56.10000 -64.77
56.15000 -64.76
56.20000 -64.76
56.25000 -64.76
56.30000 -64.76
56.35000 -64.76
56.40000 -64.76
56.45000 -64.76
56.50000 -64.76
56.55000 -64.76
56.60000 -64.76
56.65000 -64.76
56.70000 -64.75
56.75000 -64.76
56.80000 -64.76
56.85000 -64.76
56.90000 -64.76
56.95000 -64.76
57.00000 -64.76
57.05000 -64.76
57.10000 -64.76
57.15000 -64.76
57.20000 -64.76
57.25000 -64.76
57.30000 -64.76
57.35000 -64.76
57.40000 -64.76
57.45000 -64.76
57.50000 -64.76
57.55000 -64.76
57.60000 -64.76
57.65000 -64.76
57.70000 -64.75
57.75000 -64.75
57.80000 -64.75
57.85000 -64.75
57.90000 -64.75
57.95000 -64.75
58.00000 -64.74
58.05000 -64.75
58.10000 -64.75
58.15000 -64.74
58.20000 -64.74
58.25000 -64.74
58.30000 -64.74
58.35000 -64.74
58.40000 -64.74
58.45000 -64.73
58.50000 -64.73
58.55000 -64.73
58.60000 -64.72
58.65000 -64.72
58.70000 -64.72
58.75000 -64.72
58.80000 -64.72
58.85000 -64.72
58.90000 -64.72
58.95000 -64.72
59.00000 -64.72
59.05000 -64.72
59.10000 -64.72
59.15000 -64.73
59.20000 -64.73
59.25000 -64.73
59.30000 -64.74
59.35000 -64.74
59.40000 -64.74
59.45000 -64.75
59.50000 -64.75
59.55000 -64.75
59.60000 -64.75
59.65000 -64.75
59.70000 -64.76
59.75000 -64.76
59.80000 -64.76
59.85000 -64.76
59.90000 -64.77
59.95000 -64.77
60.00000 -64.77
60.05000 -64.76
60.10000 -64.77
60.15000 -64.77
60.20000 -64.77
60.25000 -64.77
60.30000 -64.77
60.35000 -64.77
60.40000 -64.77
60.45000 -64.76
60.50000 -64.76
60.55000 -64.77
60.60000 -64.77
60.65000 -64.76
60.70000 -64.77
60.75000 -64.77
60.80000 -64.77
60.85000 -64.77
60.90000 -64.77
60.95000 -64.76
61.00000 -64.76
61.05000 -64.76
61.10000 -64.75
61.15000 -64.75
61.20000 -64.74
61.25000 -64.74
61.30000 -64.74
61.35000 -64.73
61.40000 -64.74
61.45000 -64.73
61.50000 -64.74
61.55000 -64.74
61.60000 -64.74
61.65000 -64.74
61.70000 -64.74
61.75000 -64.74
61.80000 -64.75
61.85000 -64.75
61.90000 -64.75
61.95000 -64.75
62.00000 -64.75
62.05000 -64.75
62.10000 -64.75
62.15000 -64.75
62.20000 -64.75
62.25000 -64.75
62.30000 -64.76
62.35000 -64.76
62.40000 -64.76
62.45000 -64.76
62.50000 -64.77
62.55000 -64.77
62.60000 -64.77
62.65000 -64.77
62.70000 -64.78
62.75000 -64.78
62.80000 -64.78
62.85000 -64.78
62.90000 -64.78
62.95000 -64.78
63.00000 -64.78
63.05000 -64.78
63.10000 -64.78
63.15000 -64.78
63.20000 -64.78
63.25000 -64.78
63.30000 -64.79
63.35000 -64.78
63.40000 -64.78
63.45000 -64.78
63.50000 -64.78
63.55000 -64.78
63.60000 -64.77
63.65000 -64.77
63.70000 -64.77
63.75000 -64.76
63.80000 -64.76
63.85000 -64.76
63.90000 -64.76
63.95000 -64.75
64.00000 -64.75
64.05000 -64.75
64.10000 -64.75
64.15000 -64.75
64.20000 -64.75
64.25000 -64.75
64.30000 -64.75
64.35000 -64.75
64.40000 -64.75
64.45000 -64.74
64.50000 -64.74
64.55000 -64.74
64.60000 -64.73
64.65000 -64.73
64.70000 -64.73
64.75000 -64.72
64.80000 -64.72
64.85000 -64.72
64.90000 -64.72
64.95000 -64.72
65.00000 -64.72
65.05000 -64.72
65.10000 -64.72
65.15000 -64.72
65.20000 -64.72
65.25000 -64.72
65.30000 -64.72
65.35000 -64.72
65.40000 -64.71
65.45000 -64.72
65.50000 -64.72
65.55000 -64.72
65.60000 -64.72
65.65000 -64.73
65.70000 -64.72
65.75000 -64.73
65.80000 -64.73
65.85000 -64.73
65.90000 -64.73
65.95000 -64.73
66.00000 -64.73
66.05000 -64.73
66.10000 -64.74
66.15000 -64.74
66.20000 -64.74
66.25000 -64.74
66.30000 -64.74
66.35000 -64.74
66.40000 -64.75
66.45000 -64.74
66.50000 -64.74
66.55000 -64.74
66.60000 -64.74
66.65000 -64.73
66.70000 -64.73
66.75000 -64.73
66.80000 -64.73
66.85000 -64.73
66.90000 -64.73
66.95000 -64.73
67.00000 -64.73
67.05000 -64.73
67.10000 -64.73
67.15000 -64.73
67.20000 -64.73
67.25000 -64.72
67.30000 -64.72
67.35000 -64.72
67.40000 -64.72
67.45000 -64.72
67.50000 -64.73
67.55000 -64.73
67.60000 -64.73
67.65000 -64.73
67.70000 -64.72
67.75000 -64.72
67.80000 -64.72
67.85000 -64.72
67.90000 -64.72
67.95000 -64.71
68.00000 -64.71
68.05000 -64.72
68.10000 -64.72
68.15000 -64.72
68.20000 -64.72
68.25000 -64.72
68.30000 -64.73
68.35000 -64.73
68.40000 -64.73
68.45000 -64.73
68.50000 -64.73
68.55000 -64.73
68.60000 -64.73
68.65000 -64.74
68.70000 -64.74
68.75000 -64.74
68.80000 -64.74
68.85000 -64.75
68.90000 -64.75
68.95000 -64.76
69.00000 -64.75
69.05000 -64.75
69.10000 -64.76
69.15000 -64.76
69.20000 -64.76
69.25000 -64.76
69.30000 -64.76
69.35000 -64.76
69.40000 -64.76
69.45000 -64.76
69.50000 -64.76
69.55000 -64.76
69.60000 -64.76
69.65000 -64.76
69.70000 -64.75
69.75000 -64.75
69.80000 -64.75
69.85000 -64.75
69.90000 -64.74
69.95000 -64.74
70.00000 -64.74
70.05000 -64.74
70.10000 -64.75
70.15000 -64.74
70.20000 -64.74
70.25000 -64.74
70.30000 -64.74
70.35000 -64.74
70.40000 -64.74
70.45000 -64.73
70.50000 -64.74
70.55000 -64.74
70.60000 -64.73
70.65000 -64.73
70.70000 -64.74
70.75000 -64.74
70.80000 -64.74
70.85000 -64.74
70.90000 -64.74
70.95000 -64.74
71.00000 -64.74
71.05000 -64.74
71.10000 -64.74
71.15000 -64.74
71.20000 -64.74
71.25000 -64.74
71.30000 -64.74
71.35000 -64.74
71.40000 -64.74
71.45000 -64.74
71.50000 -64.74
71.55000 -64.73
71.60000 -64.74
71.65000 -64.73
71.70000 -64.73
71.75000 -64.74
71.80000 -64.74
71.85000 -64.75
71.90000 -64.75
71.95000 -64.75
72.00000 -64.75
72.05000 -64.75
72.10000 -64.75
72.15000 -64.75
72.20000 -64.76
72.25000 -64.75
72.30000 -64.76
72.35000 -64.76
72.40000 -64.76
72.45000 -64.77
72.50000 -64.77
72.55000 -64.77
72.60000 -64.78
72.65000 -64.78
72.70000 -64.78
72.75000 -64.79
72.80000 -64.79
72.85000 -64.79
72.90000 -64.79
72.95000 -64.80
73.00000 -64.80
73.05000 -64.80
73.10000 -64.80
73.15000 -64.80
73.20000 -64.80
73.25000 -64.81
73.30000 -64.80
73.35000 -64.80
73.40000 -64.80
73.45000 -64.80
73.50000 -64.79
73.55000 -64.79
73.60000 -64.79
73.65000 -64.78
73.70000 -64.77
73.75000 -64.77
73.80000 -64.76
73.85000 -64.76
73.90000 -64.75
73.95000 -64.75
74.00000 -64.75
74.05000 -64.75
74.10000 -64.75
74.15000 -64.75
74.20000 -64.75
74.25000 -64.75
74.30000 -64.74
74.35000 -64.75
74.40000 -64.75
74.45000 -64.76
74.50000 -64.76
74.55000 -64.76
74.60000 -64.76
74.65000 -64.76
74.70000 -64.77
74.75000 -64.77
74.80000 -64.77
74.85000 -64.77
74.90000 -64.77
74.95000 -64.77
75.00000 -64.78
75.05000 -64.77
75.10000 -64.78
75.15000 -64.78
75.20000 -64.78
75.25000 -64.78
75.30000 -64.78
75.35000 -64.78
75.40000 -64.79
75.45000 -64.78
75.50000 -64.78
75.55000 -64.79
75.60000 -64.78
75.65000 -64.78
75.70000 -64.78
75.75000 -64.78
75.80000 -64.78
75.85000 -64.78
75.90000 -64.78
75.95000 -64.78
76.00000 -64.79
76.05000 -64.78
76.10000 -64.78
76.15000 -64.79
76.20000 -64.79
76.25000 -64.80
76.30000 -64.79
76.35000 -64.80
76.40000 -64.79
76.45000 -64.80
76.50000 -64.80
76.55000 -64.81
76.60000 -64.82
76.65000 -64.81
76.70000 -64.82
76.75000 -64.82
76.80000 -64.81
76.85000 -64.81
76.90000 -64.82
76.95000 -64.81
77.00000 -64.80
77.05000 -64.81
77.10000 -64.81
77.15000 -64.81
77.20000 -64.81
77.25000 -64.81
77.30000 -64.81
77.35000 -64.81
77.40000 -64.81
77.45000 -64.81
77.50000 -64.81
77.55000 -64.81
77.60000 -64.81
77.65000 -64.81
77.70000 -64.81
77.75000 -64.82
77.80000 -64.82
77.85000 -64.81
77.90000 -64.81
77.95000 -64.82
78.00000 -64.81
78.05000 -64.81
78.10000 -64.82
78.15000 -64.82
78.20000 -64.81
78.25000 -64.81
78.30000 -64.81
78.35000 -64.81
78.40000 -64.81
78.45000 -64.81
78.50000 -64.81
78.55000 -64.81
78.60000 -64.82
78.65000 -64.81
78.70000 -64.81
78.75000 -64.82
78.80000 -64.81
78.85000 -64.81
78.90000 -64.82
78.95000 -64.82
79.00000 -64.81
79.05000 -64.81
79.10000 -64.82
79.15000 -64.81
79.20000 -64.80
79.25000 -64.80
79.30000 -64.80
79.35000 -64.79
79.40000 -64.78
79.45000 -64.78
79.50000 -64.79
79.55000 -64.78
79.60000 -64.78
79.65000 -64.78
79.70000 -64.78
79.75000 -64.78
79.80000 -64.78
79.85000 -64.78
79.90000 -64.78
79.95000 -64.78
80.00000 -64.78
80.05000 -64.78
80.10000 -64.78
80.15000 -64.78
80.20000 -64.78
80.25000 -64.78
80.30000 -64.78
80.35000 -64.78
80.40000 -64.78
80.45000 -64.78
80.50000 -64.77
80.55000 -64.78
80.60000 -64.78
80.65000 -64.77
80.70000 -64.78
80.75000 -64.78
80.80000 -64.78
80.85000 -64.78
80.90000 -64.78
80.95000 -64.79
81.00000 -64.79
81.05000 -64.79
81.10000 -64.79
81.15000 -64.79
81.20000 -64.79
81.25000 -64.79
81.30000 -64.80
81.35000 -64.80
81.40000 -64.80
81.45000 -64.80
81.50000 -64.79
81.55000 -64.80
81.60000 -64.80
81.65000 -64.80
81.70000 -64.81
81.75000 -64.80
81.80000 -64.80
81.85000 -64.80
81.90000 -64.80
81.95000 -64.79
82.00000 -64.79
82.05000 -64.79
82.10000 -64.80
82.15000 -64.80
82.20000 -64.79
82.25000 -64.79
82.30000 -64.80
82.35000 -64.79
82.40000 -64.79
82.45000 -64.79
82.50000 -64.79
82.55000 -64.79
82.60000 -64.79
82.65000 -64.79
82.70000 -64.79
82.75000 -64.80
82.80000 -64.80
82.85000 -64.80
82.90000 -64.80
82.95000 -64.80
83.00000 -64.80
83.05000 -64.80
83.10000 -64.81
83.15000 -64.81
83.20000 -64.81
83.25000 -64.81
83.30000 -64.80
83.35000 -64.81
83.40000 -64.81
83.45000 -64.81
83.50000 -64.81
83.55000 -64.80
83.60000 -64.81
83.65000 -64.81
83.70000 -64.81
83.75000 -64.81
83.80000 -64.82
83.85000 -64.81
83.90000 -64.81
83.95000 -64.81
84.00000 -64.81
84.05000 -64.81
84.10000 -64.80
84.15000 -64.81
84.20000 -64.80
84.25000 -64.79
84.30000 -64.79
84.35000 -64.79
84.40000 -64.78
84.45000 -64.78
84.50000 -64.77
84.55000 -64.77
84.60000 -64.76
84.65000 -64.76
84.70000 -64.76
84.75000 -64.76
84.80000 -64.75
84.85000 -64.75
84.90000 -64.75
84.95000 -64.75
85.00000 -64.75
85.05000 -64.75
85.10000 -64.75
85.15000 -64.75
85.20000 -64.75
85.25000 -64.75
85.30000 -64.76
85.35000 -64.76
85.40000 -64.77
85.45000 -64.77
85.50000 -64.77
85.55000 -64.78
85.60000 -64.78
85.65000 -64.78
85.70000 -64.78
85.75000 -64.79
85.80000 -64.79
85.85000 -64.79
85.90000 -64.79
85.95000 -64.79
86.00000 -64.79
86.05000 -64.80
86.10000 -64.80
86.15000 -64.81
86.20000 -64.81
86.25000 -64.81
86.30000 -64.81
86.35000 -64.81
86.40000 -64.81
86.45000 -64.82
86.50000 -64.82
86.55000 -64.82
86.60000 -64.82
86.65000 -64.82
86.70000 -64.82
86.75000 -64.82
86.80000 -64.83
86.85000 -64.82
86.90000 -64.82
86.95000 -64.82
87.00000 -64.83
87.05000 -64.83
87.10000 -64.83
87.15000 -64.83
87.20000 -64.83
87.25000 -64.83
87.30000 -64.83
87.35000 -64.83
87.40000 -64.83
87.45000 -64.83
87.50000 -64.83
87.55000 -64.82
87.60000 -64.81
87.65000 -64.82
87.70000 -64.81
87.75000 -64.81
87.80000 -64.80
87.85000 -64.80
87.90000 -64.80
87.95000 -64.80
88.00000 -64.80
88.05000 -64.80
88.10000 -64.80
88.15000 -64.80
88.20000 -64.80
88.25000 -64.80
88.30000 -64.80
88.35000 -64.79
88.40000 -64.79
88.45000 -64.79
88.50000 -64.79
88.55000 -64.78
88.60000 -64.78
88.65000 -64.78
88.70000 -64.78
88.75000 -64.78
88.80000 -64.78
88.85000 -64.77
88.90000 -64.77
88.95000 -64.76
89.00000 -64.77
89.05000 -64.76
89.10000 -64.76
89.15000 -64.76
89.20000 -64.76
89.25000 -64.76
89.30000 -64.76
89.35000 -64.75
89.40000 -64.76
89.45000 -64.76
89.50000 -64.75
89.55000 -64.76
89.60000 -64.76
89.65000 -64.76
89.70000 -64.76
89.75000 -64.76
89.80000 -64.76
89.85000 -64.76
89.90000 -64.76
89.95000 -64.75
90.00000 -64.75
90.05000 -64.75
90.10000 -64.75
90.15000 -64.75
90.20000 -64.74
90.25000 -64.74
90.30000 -64.74
90.35000 -64.75
90.40000 -64.74
90.45000 -64.74
90.50000 -64.74
90.55000 -64.74
90.60000 -64.74
90.65000 -64.74
90.70000 -64.74
90.75000 -64.74
90.80000 -64.74
90.85000 -64.73
90.90000 -64.74
90.95000 -64.74
91.00000 -64.74
91.05000 -64.74
91.10000 -64.74
91.15000 -64.75
91.20000 -64.75
91.25000 -64.75
91.30000 -64.75
91.35000 -64.75
91.40000 -64.76
91.45000 -64.75
91.50000 -64.76
91.55000 -64.75
91.60000 -64.75
91.65000 -64.74
91.70000 -64.74
91.75000 -64.74
91.80000 -64.75
91.85000 -64.74
91.90000 -64.75
91.95000 -64.75
92.00000 -64.75
92.05000 -64.75
92.10000 -64.75
92.15000 -64.75
92.20000 -64.75
92.25000 -64.75
92.30000 -64.75
92.35000 -64.75
92.40000 -64.75
92.45000 -64.75
92.50000 -64.75
92.55000 -64.75
92.60000 -64.75
92.65000 -64.75
92.70000 -64.75
92.75000 -64.75
92.80000 -64.75
92.85000 -64.75
92.90000 -64.76
92.95000 -64.76
93.00000 -64.76
93.05000 -64.76
93.10000 -64.76
93.15000 -64.75
93.20000 -64.75
93.25000 -64.74
93.30000 -64.74
93.35000 -64.74
93.40000 -64.74
93.45000 -64.74
93.50000 -64.74
93.55000 -64.73
93.60000 -64.73
93.65000 -64.73
93.70000 -64.73
93.75000 -64.73
93.80000 -64.73
93.85000 -64.73
93.90000 -64.73
93.95000 -64.73
94.00000 -64.73
94.05000 -64.73
94.10000 -64.73
94.15000 -64.73
94.20000 -64.73
94.25000 -64.74
94.30000 -64.74
94.35000 -64.74
94.40000 -64.75
94.45000 -64.75
94.50000 -64.75
94.55000 -64.75
94.60000 -64.75
94.65000 -64.75
94.70000 -64.76
94.75000 -64.75
94.80000 -64.75
94.85000 -64.75
94.90000 -64.75
94.95000 -64.75
95.00000 -64.76
95.05000 -64.76
95.10000 -64.76
95.15000 -64.76
95.20000 -64.75
95.25000 -64.76
95.30000 -64.76
95.35000 -64.76
95.40000 -64.76
95.45000 -64.76
95.50000 -64.76
95.55000 -64.75
95.60000 -64.75
95.65000 -64.75
95.70000 -64.75
95.75000 -64.75
95.80000 -64.75
95.85000 -64.75
95.90000 -64.74
95.95000 -64.74
96.00000 -64.74
96.05000 -64.74
96.10000 -64.74
96.15000 -64.74
96.20000 -64.74
96.25000 -64.74
96.30000 -64.74
96.35000 -64.74
96.40000 -64.74
96.45000 -64.73
96.50000 -64.73
96.55000 -64.73
96.60000 -64.73
96.65000 -64.72
96.70000 -64.72
96.75000 -64.72
96.80000 -64.73
96.85000 -64.73
96.90000 -64.73
96.95000 -64.73
97.00000 -64.73
97.05000 -64.73
97.10000 -64.73
97.15000 -64.73
97.20000 -64.73
97.25000 -64.73
97.30000 -64.74
97.35000 -64.74
97.40000 -64.73
97.45000 -64.73
97.50000 -64.73
97.55000 -64.73
97.60000 -64.73
97.65000 -64.72
97.70000 -64.72
97.75000 -64.71
97.80000 -64.71
97.85000 -64.70
97.90000 -64.71
97.95000 -64.70
98.00000 -64.70
98.05000 -64.71
98.10000 -64.70
98.15000 -64.71
98.20000 -64.71
98.25000 -64.71
98.30000 -64.71
98.35000 -64.71
98.40000 -64.71
98.45000 -64.72
98.50000 -64.72
98.55000 -64.73
98.60000 -64.72
98.65000 -64.73
98.70000 -64.72
98.75000 -64.73
98.80000 -64.73
98.85000 -64.73
98.90000 -64.73
98.95000 -64.73
99.00000 -64.73
99.05000 -64.73
99.10000 -64.73
99.15000 -64.74
99.20000 -64.74
99.25000 -64.74
99.30000 -64.74
99.35000 -64.74
99.40000 -64.74
99.45000 -64.74
99.50000 -64.74
99.55000 -64.74
99.60000 -64.74
99.65000 -64.74
99.70000 -64.75
99.75000 -64.74
99.80000 -64.74
99.85000 -64.75
99.90000 -64.75
99.95000 -64.75
100.00000 -64.75
100.05000 -64.75
100.10000 -64.75
100.15000 -64.75
100.20000 -64.74
100.25000 -64.75
100.30000 -64.74
100.35000 -64.75
100.40000 -64.75
100.45000 -64.74
100.50000 -64.75
100.55000 -64.74
100.60000 -64.75
100.65000 -64.75
100.70000 -64.75
100.75000 -64.75
100.80000 -64.76
100.85000 -64.77
100.90000 -64.76
100.95000 -64.77
101.00000 -64.77
101.05000 -64.77
101.10000 -64.76
101.15000 -64.76
101.20000 -64.77
101.25000 -64.77
101.30000 -64.76
101.35000 -64.76
101.40000 -64.76
101.45000 -64.76
101.50000 -64.76
101.55000 -64.76
101.60000 -64.76
101.65000 -64.75
101.70000 -64.76
101.75000 -64.76
101.80000 -64.76
101.85000 -64.76
101.90000 -64.76
101.95000 -64.75
102.00000 -64.75
102.05000 -64.76
102.10000 -64.75
102.15000 -64.75
102.20000 -64.75
102.25000 -64.74
102.30000 -64.75
102.35000 -64.74
102.40000 -64.74
102.45000 -64.74
102.50000 -64.74
102.55000 -64.74
102.60000 -64.73
102.65000 -64.73
102.70000 -64.73
102.75000 -64.73
102.80000 -64.73
102.85000 -64.73
102.90000 -64.73
102.95000 -64.73
103.00000 -64.73
103.05000 -64.73
103.10000 -64.73
103.15000 -64.73
103.20000 -64.73
103.25000 -64.73
103.30000 -64.74
103.35000 -64.73
103.40000 -64.73
103.45000 -64.73
103.50000 -64.73
103.55000 -64.72
103.60000 -64.72
103.65000 -64.72
103.70000 -64.71
103.75000 -64.71
103.80000 -64.71
103.85000 -64.71
103.90000 -64.71
103.95000 -64.71
104.00000 -64.71
104.05000 -64.71
104.10000 -64.72
104.15000 -64.72
104.20000 -64.72
104.25000 -64.72
104.30000 -64.73
104.35000 -64.73
104.40000 -64.73
104.45000 -64.73
104.50000 -64.74
104.55000 -64.74
104.60000 -64.74
104.65000 -64.74
104.70000 -64.74
104.75000 -64.73
104.80000 -64.73
104.85000 -64.73
104.90000 -64.72
104.95000 -64.73
105.00000 -64.73
105.05000 -64.73
105.10000 -64.73
105.15000 -64.73
105.20000 -64.73
105.25000 -64.73
105.30000 -64.73
105.35000 -64.72
105.40000 -64.72
105.45000 -64.72
105.50000 -64.71
105.55000 -64.71
105.60000 -64.71
105.65000 -64.71
105.70000 -64.71
105.75000 -64.71
105.80000 -64.72
105.85000 -64.72
105.90000 -64.72
105.95000 -64.73
106.00000 -64.73
106.05000 -64.73
106.10000 -64.73
106.15000 -64.73
106.20000 -64.73
106.25000 -64.74
106.30000 -64.74
106.35000 -64.73
106.40000 -64.73
106.45000 -64.73
106.50000 -64.73
106.55000 -64.73
106.60000 -64.73
106.65000 -64.72
106.70000 -64.72
106.75000 -64.72
106.80000 -64.72
106.85000 -64.72
106.90000 -64.71
106.95000 -64.71
107.00000 -64.71
107.05000 -64.71
107.10000 -64.71
107.15000 -64.71
107.20000 -64.72
107.25000 -64.71
107.30000 -64.71
107.35000 -64.71
107.40000 -64.71
107.45000 -64.72
107.50000 -64.72
107.55000 -64.72
107.60000 -64.72
107.65000 -64.72
107.70000 -64.72
107.75000 -64.72
107.80000 -64.72
107.85000 -64.72
107.90000 -64.72
107.95000 -64.72
108.00000 -64.72
108.05000 -64.72
108.10000 -64.72
108.15000 -64.72
108.20000 -64.72
108.25000 -64.72
108.30000 -64.72
108.35000 -64.72
108.40000 -64.72
108.45000 -64.72
108.50000 -64.73
108.55000 -64.73
108.60000 -64.73
108.65000 -64.73
108.70000 -64.74
108.75000 -64.74
108.80000 -64.74
108.85000 -64.74
108.90000 -64.75
108.95000 -64.75
109.00000 -64.74
109.05000 -64.74
109.10000 -64.74
109.15000 -64.75
109.20000 -64.75
109.25000 -64.75
109.30000 -64.75
109.35000 -64.75
109.40000 -64.74
109.45000 -64.75
109.50000 -64.74
109.55000 -64.74
109.60000 -64.74
109.65000 -64.75
109.70000 -64.74
109.75000 -64.74
109.80000 -64.75
109.85000 -64.74
109.90000 -64.74
109.95000 -64.74
110.00000 -64.73
110.05000 -64.73
110.10000 -64.73
110.15000 -64.73
110.20000 -64.73
110.25000 -64.73
110.30000 -64.73
110.35000 -64.72
110.40000 -64.72
110.45000 -64.72
110.50000 -64.72
110.55000 -64.72
110.60000 -64.72
110.65000 -64.71
110.70000 -64.71
110.75000 -64.71
110.80000 -64.71
110.85000 -64.71
110.90000 -64.71
110.95000 -64.71
111.00000 -64.71
111.05000 -64.71
111.10000 -64.71
111.15000 -64.71
111.20000 -64.72
111.25000 -64.72
111.30000 -64.72
111.35000 -64.72
111.40000 -64.72
111.45000 -64.72
111.50000 -64.71
111.55000 -64.71
111.60000 -64.72
111.65000 -64.71
111.70000 -64.72
111.75000 -64.72
111.80000 -64.73
111.85000 -64.72
111.90000 -64.73
111.95000 -64.73
112.00000 -64.72
112.05000 -64.72
112.10000 -64.72
112.15000 -64.72
112.20000 -64.71
112.25000 -64.72
112.30000 -64.72
112.35000 -64.71
112.40000 -64.71
112.45000 -64.71
112.50000 -64.71
112.55000 -64.71
112.60000 -64.72
112.65000 -64.71
112.70000 -64.71
112.75000 -64.71
112.80000 -64.71
112.85000 -64.72
112.90000 -64.72
112.95000 -64.72
113.00000 -64.72
113.05000 -64.72
113.10000 -64.73
113.15000 -64.73
113.20000 -64.74
113.25000 -64.73
113.30000 -64.74
113.35000 -64.75
113.40000 -64.75
113.45000 -64.75
113.50000 -64.76
113.55000 -64.76
113.60000 -64.76
113.65000 -64.76
113.70000 -64.76
113.75000 -64.76
113.80000 -64.76
113.85000 -64.76
113.90000 -64.75
113.95000 -64.76
114.00000 -64.76
114.05000 -64.76
114.10000 -64.76
114.15000 -64.76
114.20000 -64.76
114.25000 -64.76
114.30000 -64.76
114.35000 -64.76
114.40000 -64.76
114.45000 -64.76
114.50000 -64.76
114.55000 -64.76
114.60000 -64.75
114.65000 -64.76
114.70000 -64.76
114.75000 -64.76
114.80000 -64.76
114.85000 -64.76
114.90000 -64.77
114.95000 -64.77
115.00000 -64.76
115.05000 -64.76
115.10000 -64.76
115.15000 -64.76
115.20000 -64.76
115.25000 -64.75
115.30000 -64.76
115.35000 -64.76
115.40000 -64.76
115.45000 -64.76
115.50000 -64.76
115.55000 -64.76
115.60000 -64.76
115.65000 -64.76
115.70000 -64.76
115.75000 -64.76
115.80000 -64.76
115.85000 -64.76
115.90000 -64.76
115.95000 -64.76
116.00000 -64.76
116.05000 -64.76
116.10000 -64.76
116.15000 -64.76
116.20000 -64.77
116.25000 -64.77
116.30000 -64.77
116.35000 -64.77
116.40000 -64.77
116.45000 -64.78
116.50000 -64.78
116.55000 -64.78
116.60000 -64.78
116.65000 -64.79
116.70000 -64.78
116.75000 -64.78
116.80000 -64.78
116.85000 -64.78
116.90000 -64.79
116.95000 -64.79
117.00000 -64.79
117.05000 -64.79
117.10000 -64.79
117.15000 -64.78
117.20000 -64.78
117.25000 -64.79
117.30000 -64.79
117.35000 -64.78
117.40000 -64.78
117.45000 -64.78
117.50000 -64.78
117.55000 -64.77
117.60000 -64.77
117.65000 -64.77
117.70000 -64.77
117.75000 -64.76
117.80000 -64.76
117.85000 -64.76
117.90000 -64.76
117.95000 -64.76
118.00000 -64.76
118.05000 -64.76
118.10000 -64.75
118.15000 -64.75
118.20000 -64.75
118.25000 -64.75
118.30000 -64.75
118.35000 -64.75
118.40000 -64.75
118.45000 -64.75
118.50000 -64.75
118.55000 -64.75
118.60000 -64.75
118.65000 -64.75
118.70000 -64.75
118.75000 -64.75
118.80000 -64.75
118.85000 -64.75
118.90000 -64.76
118.95000 -64.76
119.00000 -64.76
119.05000 -64.76
119.10000 -64.76
119.15000 -64.75
119.20000 -64.75
119.25000 -64.75
119.30000 -64.75
119.35000 -64.75
119.40000 -64.75
119.45000 -64.75
119.50000 -64.75
119.55000 -64.75
119.60000 -64.75
119.65000 -64.75
119.70000 -64.75
119.75000 -64.75
119.80000 -64.75
119.85000 -64.76
119.90000 -64.76
119.95000 -64.75
120.00000 -64.75
120.05000 -64.75
120.10000 -64.75
120.15000 -64.75
120.20000 -64.75
120.25000 -64.75
120.30000 -64.75
120.35000 -64.75
120.40000 -64.74
120.45000 -64.74
120.50000 -64.75
120.55000 -64.75
120.60000 -64.75
120.65000 -64.76
120.70000 -64.75
120.75000 -64.76
120.80000 -64.76
120.85000 -64.77
120.90000 -64.77
120.95000 -64.76
121.00000 -64.77
121.05000 -64.76
121.10000 -64.77
121.15000 -64.76
121.20000 -64.76
121.25000 -64.76
121.30000 -64.76
121.35000 -64.76
121.40000 -64.76
121.45000 -64.75
121.50000 -64.76
121.55000 -64.76
121.60000 -64.76
121.65000 -64.76
121.70000 -64.76
121.75000 -64.76
121.80000 -64.76
121.85000 -64.76
121.90000 -64.77
121.95000 -64.77
122.00000 -64.77
122.05000 -64.77
122.10000 -64.77
122.15000 -64.77
122.20000 -64.77
122.25000 -64.77
122.30000 -64.77
122.35000 -64.77
122.40000 -64.77
122.45000 -64.77
122.50000 -64.77
122.55000 -64.77
122.60000 -64.77
122.65000 -64.77
122.70000 -64.77
122.75000 -64.77
122.80000 -64.77
122.85000 -64.77
122.90000 -64.77
122.95000 -64.77
123.00000 -64.78
123.05000 -64.77
123.10000 -64.78
123.15000 -64.78
123.20000 -64.78
123.25000 -64.78
123.30000 -64.78
123.35000 -64.78
123.40000 -64.78
123.45000 -64.78
123.50000 -64.78
123.55000 -64.78
123.60000 -64.78
123.65000 -64.78
123.70000 -64.79
123.75000 -64.78
123.80000 -64.78
123.85000 -64.78
123.90000 -64.79
123.95000 -64.78
124.00000 -64.78
124.05000 -64.77
124.10000 -64.77
124.15000 -64.77
124.20000 -64.77
124.25000 -64.76
124.30000 -64.76
124.35000 -64.76
124.40000 -64.75
124.45000 -64.75
124.50000 -64.75
124.55000 -64.74
124.60000 -64.74
124.65000 -64.74
124.70000 -64.74
124.75000 -64.74
124.80000 -64.74
124.85000 -64.74
124.90000 -64.73
124.95000 -64.74
125.00000 -64.74
125.05000 -64.74
125.10000 -64.74
125.15000 -64.74
125.20000 -64.74
125.25000 -64.74
125.30000 -64.74
125.35000 -64.75
125.40000 -64.75
125.45000 -64.75
125.50000 -64.75
125.55000 -64.75
125.60000 -64.75
125.65000 -64.76
125.70000 -64.75
125.75000 -64.76
125.80000 -64.76
125.85000 -64.76
125.90000 -64.76
125.95000 -64.76
126.00000 -64.76
126.05000 -64.76
126.10000 -64.76
126.15000 -64.76
126.20000 -64.76
126.25000 -64.76
126.30000 -64.76
126.35000 -64.77
126.40000 -64.77
126.45000 -64.77
126.50000 -64.77
126.55000 -64.77
126.60000 -64.78
126.65000 -64.77
126.70000 -64.77
126.75000 -64.77
126.80000 -64.77
126.85000 -64.77
126.90000 -64.76
126.95000 -64.76
127.00000 -64.76
127.05000 -64.75
127.10000 -64.75
127.15000 -64.75
127.20000 -64.75
127.25000 -64.75
127.30000 -64.75
127.35000 -64.76
127.40000 -64.76
127.45000 -64.76
127.50000 -64.76
127.55000 -64.77
127.60000 -64.77
127.65000 -64.77
127.70000 -64.77
127.75000 -64.77
127.80000 -64.77
127.85000 -64.77
127.90000 -64.78
127.95000 -64.78
128.00000 -64.78
128.05000 -64.78
128.10000 -64.78
128.15000 -64.78
128.20000 -64.78
128.25000 -64.78
128.30000 -64.78
128.35000 -64.78
128.40000 -64.77
128.45000 -64.78
128.50000 -64.78
128.55000 -64.77
128.60000 -64.77
128.65000 -64.77
128.70000 -64.77
128.75000 -64.76
128.80000 -64.76
128.85000 -64.75
128.90000 -64.75
128.95000 -64.74
129.00000 -64.74
129.05000 -64.74
129.10000 -64.74
129.15000 -64.74
129.20000 -64.74
129.25000 -64.74
129.30000 -64.74
129.35000 -64.74
129.40000 -64.74
129.45000 -64.74
129.50000 -64.74
129.55000 -64.74
129.60000 -64.74
129.65000 -64.75
129.70000 -64.74
129.75000 -64.75
129.80000 -64.75
129.85000 -64.75
129.90000 -64.75
129.95000 -64.75
130.00000 -64.74
130.05000 -64.75
130.10000 -64.74
130.15000 -64.74
130.20000 -64.75
130.25000 -64.75
130.30000 -64.75
130.35000 -64.75
130.40000 -64.75
130.45000 -64.75
130.50000 -64.75
130.55000 -64.74
130.60000 -64.74
130.65000 -64.75
130.70000 -64.74
130.75000 -64.74
130.80000 -64.74
130.85000 -64.74
130.90000 -64.73
130.95000 -64.74
131.00000 -64.74
131.05000 -64.74
131.10000 -64.74
131.15000 -64.74
131.20000 -64.74
131.25000 -64.74
131.30000 -64.74
131.35000 -64.74
131.40000 -64.75
131.45000 -64.74
131.50000 -64.74
131.55000 -64.73
131.60000 -64.73
131.65000 -64.72
131.70000 -64.72
131.75000 -64.72
131.80000 -64.72
131.85000 -64.72
131.90000 -64.71
131.95000 -64.71
132.00000 -64.71
132.05000 -64.71
132.10000 -64.71
132.15000 -64.71
132.20000 -64.71
132.25000 -64.71
132.30000 -64.71
132.35000 -64.72
132.40000 -64.72
132.45000 -64.72
132.50000 -64.72
132.55000 -64.72
132.60000 -64.73
132.65000 -64.74
132.70000 -64.74
132.75000 -64.74
132.80000 -64.74
132.85000 -64.74
132.90000 -64.75
132.95000 -64.75
133.00000 -64.75
133.05000 -64.75
133.10000 -64.76
133.15000 -64.76
133.20000 -64.76
133.25000 -64.76
133.30000 -64.75
133.35000 -64.75
133.40000 -64.75
133.45000 -64.76
133.50000 -64.76
133.55000 -64.76
133.60000 -64.76
133.65000 -64.76
133.70000 -64.75
133.75000 -64.75
133.80000 -64.75
133.85000 -64.74
133.90000 -64.75
133.95000 -64.74
134.00000 -64.74
134.05000 -64.73
134.10000 -64.73
134.15000 -64.73
134.20000 -64.73
134.25000 -64.73
134.30000 -64.73
134.35000 -64.73
134.40000 -64.73
134.45000 -64.73
134.50000 -64.73
134.55000 -64.73
134.60000 -64.73
134.65000 -64.73
134.70000 -64.73
134.75000 -64.73
134.80000 -64.73
134.85000 -64.73
134.90000 -64.73
134.95000 -64.73
135.00000 -64.74
135.05000 -64.74
135.10000 -64.74
135.15000 -64.74
135.20000 -64.74
135.25000 -64.74
135.30000 -64.73
135.35000 -64.73
135.40000 -64.73
135.45000 -64.73
135.50000 -64.73
135.55000 -64.73
135.60000 -64.72
135.65000 -64.72
135.70000 -64.72
135.75000 -64.72
135.80000 -64.72
135.85000 -64.71
135.90000 -64.71
135.95000 -64.71
136.00000 -64.71
136.05000 -64.70
136.10000 -64.70
136.15000 -64.71
136.20000 -64.70
136.25000 -64.71
136.30000 -64.70
136.35000 -64.70
136.40000 -64.70
136.45000 -64.69
136.50000 -64.69
136.55000 -64.69
136.60000 -64.70
136.65000 -64.69
136.70000 -64.70
136.75000 -64.70
136.80000 -64.69
136.85000 -64.70
136.90000 -64.71
136.95000 -64.71
137.00000 -64.71
137.05000 -64.71
137.10000 -64.71
137.15000 -64.71
137.20000 -64.72
137.25000 -64.71
137.30000 -64.72
137.35000 -64.72
137.40000 -64.71
137.45000 -64.72
137.50000 -64.72
137.55000 -64.72
137.60000 -64.72
137.65000 -64.72
137.70000 -64.72
137.75000 -64.72
137.80000 -64.72
137.85000 -64.73
137.90000 -64.73
137.95000 -64.73
138.00000 -64.73
138.05000 -64.73
138.10000 -64.73
138.15000 -64.73
138.20000 -64.73
138.25000 -64.73
138.30000 -64.73
138.35000 -64.73
138.40000 -64.73
138.45000 -64.74
138.50000 -64.74
138.55000 -64.74
138.60000 -64.75
138.65000 -64.75
138.70000 -64.74
138.75000 -64.75
138.80000 -64.75
138.85000 -64.75
138.90000 -64.75
138.95000 -64.76
139.00000 -64.76
139.05000 -64.76
139.10000 -64.76
139.15000 -64.77
139.20000 -64.77
139.25000 -64.77
139.30000 -64.77
139.35000 -64.77
139.40000 -64.77
139.45000 -64.78
139.50000 -64.77
139.55000 -64.77
139.60000 -64.76
139.65000 -64.77
139.70000 -64.77
139.75000 -64.76
139.80000 -64.76
139.85000 -64.75
139.90000 -64.75
139.95000 -64.75
140.00000 -64.76
140.05000 -64.75
140.10000 -64.75
140.15000 -64.75
140.20000 -64.75
140.25000 -64.75
140.30000 -64.74
140.35000 -64.74
140.40000 -64.74
140.45000 -64.74
140.50000 -64.74
140.55000 -64.74
140.60000 -64.74
140.65000 -64.74
140.70000 -64.74
140.75000 -64.74
140.80000 -64.74
140.85000 -64.74
140.90000 -64.74
140.95000 -64.74
141.00000 -64.74
141.05000 -64.74
141.10000 -64.74
141.15000 -64.74
141.20000 -64.74
141.25000 -64.74
141.30000 -64.74
141.35000 -64.75
141.40000 -64.75
141.45000 -64.75
141.50000 -64.75
141.55000 -64.75
141.60000 -64.75
141.65000 -64.75
141.70000 -64.75
141.75000 -64.75
141.80000 -64.74
141.85000 -64.74
141.90000 -64.74
141.95000 -64.74
142.00000 -64.74
142.05000 -64.73
142.10000 -64.73
142.15000 -64.73
142.20000 -64.74
142.25000 -64.73
142.30000 -64.74
142.35000 -64.74
142.40000 -64.74
142.45000 -64.74
142.50000 -64.74
142.55000 -64.74
142.60000 -64.74
142.65000 -64.74
142.70000 -64.74
142.75000 -64.74
142.80000 -64.74
142.85000 -64.74
142.90000 -64.73
142.95000 -64.74
143.00000 -64.74
143.05000 -64.74
143.10000 -64.74
143.15000 -64.74
143.20000 -64.73
143.25000 -64.73
143.30000 -64.74
143.35000 -64.75
143.40000 -64.74
143.45000 -64.74
143.50000 -64.74
143.55000 -64.73
143.60000 -64.73
143.65000 -64.73
143.70000 -64.73
143.75000 -64.72
143.80000 -64.72
143.85000 -64.72
143.90000 -64.72
143.95000 -64.73
144.00000 -64.73
144.05000 -64.73
144.10000 -64.74
144.15000 -64.74
144.20000 -64.74
144.25000 -64.75
144.30000 -64.74
144.35000 -64.75
144.40000 -64.75
144.45000 -64.74
144.50000 -64.75
144.55000 -64.74
144.60000 -64.74
144.65000 -64.74
144.70000 -64.74
144.75000 -64.74
144.80000 -64.75
144.85000 -64.74
144.90000 -64.75
144.95000 -64.75
145.00000 -64.75
145.05000 -64.76
145.10000 -64.76
145.15000 -64.76
145.20000 -64.76
145.25000 -64.76
145.30000 -64.76
145.35000 -64.76
145.40000 -64.77
145.45000 -64.77
145.50000 -64.77
145.55000 -64.77
145.60000 -64.77
145.65000 -64.77
145.70000 -64.77
145.75000 -64.78
145.80000 -64.77
145.85000 -64.78
145.90000 -64.78
145.95000 -64.78
146.00000 -64.78
146.05000 -64.78
146.10000 -64.78
146.15000 -64.78
146.20000 -64.77
146.25000 -64.78
146.30000 -64.78
146.35000 -64.77
146.40000 -64.77
146.45000 -64.77
146.50000 -64.77
146.55000 -64.77
146.60000 -64.77
146.65000 -64.77
146.70000 -64.77
146.75000 -64.77
146.80000 -64.77
146.85000 -64.77
146.90000 -64.77
146.95000 -64.77
147.00000 -64.77
147.05000 -64.77
147.10000 -64.77
147.15000 -64.77
147.20000 -64.76
147.25000 -64.77
147.30000 -64.77
147.35000 -64.76
147.40000 -64.76
147.45000 -64.76
147.50000 -64.76
147.55000 -64.76
147.60000 -64.76
147.65000 -64.75
147.70000 -64.75
147.75000 -64.74
147.80000 -64.74
147.85000 -64.74
147.90000 -64.73
147.95000 -64.73
148.00000 -64.73
148.05000 -64.73
148.10000 -64.73
148.15000 -64.72
148.20000 -64.72
148.25000 -64.71
148.30000 -64.71
148.35000 -64.71
148.40000 -64.71
148.45000 -64.71
148.50000 -64.71
148.55000 -64.70
148.60000 -64.70
148.65000 -64.70
148.70000 -64.70
148.75000 -64.70
148.80000 -64.70
148.85000 -64.71
148.90000 -64.71
148.95000 -64.71
149.00000 -64.71
149.05000 -64.72
149.10000 -64.72
149.15000 -64.73
149.20000 -64.73
149.25000 -64.73
149.30000 -64.73
149.35000 -64.74
149.40000 -64.74
149.45000 -64.74
149.50000 -64.75
149.55000 -64.75
149.60000 -64.75
149.65000 -64.76
149.70000 -64.76
149.75000 -64.76
149.80000 -64.76
149.85000 -64.77
149.90000 -64.77
149.95000 -64.77
150.00000 -64.77
150.05000 -64.76
150.10000 -64.77
150.15000 -64.77
150.20000 -64.77
150.25000 -64.77
150.30000 -64.76
150.35000 -64.76
150.40000 -64.76
150.45000 -64.76
150.50000 -64.75
150.55000 -64.75
150.60000 -64.76
150.65000 -64.76
150.70000 -64.76
150.75000 -64.76
150.80000 -64.76
150.85000 -64.77
150.90000 -64.77
150.95000 -64.77
151.00000 -64.77
151.05000 -64.77
151.10000 -64.77
151.15000 -64.77
151.20000 -64.77
151.25000 -64.76
151.30000 -64.76
151.35000 -64.76
151.40000 -64.76
151.45000 -64.75
151.50000 -64.74
151.55000 -64.74
151.60000 -64.74
151.65000 -64.74
151.70000 -64.74
151.75000 -64.74
151.80000 -64.74
151.85000 -64.75
151.90000 -64.74
151.95000 -64.74
152.00000 -64.75
152.05000 -64.75
152.10000 -64.75
152.15000 -64.76
152.20000 -64.75
152.25000 -64.76
152.30000 -64.76
152.35000 -64.76
152.40000 -64.76
152.45000 -64.76
152.50000 -64.77
152.55000 -64.76
152.60000 -64.76
152.65000 -64.75
152.70000 -64.76
152.75000 -64.76
152.80000 -64.76
152.85000 -64.76
152.90000 -64.76
152.95000 -64.75
153.00000 -64.75
153.05000 -64.75
153.10000 -64.75
153.15000 -64.75
153.20000 -64.76
153.25000 -64.75
153.30000 -64.75
153.35000 -64.76
153.40000 -64.76
153.45000 -64.76
153.50000 -64.77
153.55000 -64.77
153.60000 -64.77
153.65000 -64.77
153.70000 -64.77
153.75000 -64.77
153.80000 -64.77
153.85000 -64.77
153.90000 -64.77
153.95000 -64.77
154.00000 -64.77
154.05000 -64.77
154.10000 -64.77
154.15000 -64.77
154.20000 -64.76
154.25000 -64.77
154.30000 -64.77
154.35000 -64.77
154.40000 -64.77
154.45000 -64.77
154.50000 -64.78
154.55000 -64.78
154.60000 -64.78
154.65000 -64.78
154.70000 -64.78
154.75000 -64.78
154.80000 -64.78
154.85000 -64.79
154.90000 -64.79
154.95000 -64.79
155.00000 -64.79
155.05000 -64.80
155.10000 -64.79
155.15000 -64.80
155.20000 -64.80
155.25000 -64.79
155.30000 -64.80
155.35000 -64.79
155.40000 -64.79
155.45000 -64.79
155.50000 -64.80
155.55000 -64.80
155.60000 -64.80
155.65000 -64.79
155.70000 -64.80
155.75000 -64.80
155.80000 -64.80
155.85000 -64.80
155.90000 -64.80
155.95000 -64.79
156.00000 -64.79
156.05000 -64.79
156.10000 -64.79
156.15000 -64.79
156.20000 -64.78
156.25000 -64.78
156.30000 -64.77
156.35000 -64.77
156.40000 -64.77
156.45000 -64.76
156.50000 -64.76
156.55000 -64.76
156.60000 -64.75
156.65000 -64.75
156.70000 -64.75
156.75000 -64.75
156.80000 -64.75
156.85000 -64.75
156.90000 -64.75
156.95000 -64.75
157.00000 -64.75
157.05000 -64.75
157.10000 -64.75
157.15000 -64.75
157.20000 -64.75
157.25000 -64.76
157.30000 -64.76
157.35000 -64.76
157.40000 -64.76
157.45000 -64.76
157.50000 -64.75
157.55000 -64.75
157.60000 -64.75
157.65000 -64.76
157.70000 -64.76
157.75000 -64.76
157.80000 -64.76
157.85000 -64.77
157.90000 -64.77
157.95000 -64.77
158.00000 -64.77
158.05000 -64.77
158.10000 -64.77
158.15000 -64.77
158.20000 -64.78
158.25000 -64.77
158.30000 -64.77
158.35000 -64.78
158.40000 -64.78
158.45000 -64.78
158.50000 -64.77
158.55000 -64.78
158.60000 -64.78
158.65000 -64.78
158.70000 -64.78
158.75000 -64.78
158.80000 -64.78
158.85000 -64.78
158.90000 -64.79
158.95000 -64.79
159.00000 -64.79
159.05000 -64.79
159.10000 -64.79
159.15000 -64.79
159.20000 -64.79
159.25000 -64.80
159.30000 -64.79
159.35000 -64.80
159.40000 -64.80
159.45000 -64.80
159.50000 -64.80
159.55000 -64.80
159.60000 -64.80
159.65000 -64.80
159.70000 -64.81
159.75000 -64.80
159.80000 -64.80
159.85000 -64.80
159.90000 -64.80
159.95000 -64.80
160.00000 -64.80
160.05000 -64.80
160.10000 -64.81
160.15000 -64.81
160.20000 -64.81
160.25000 -64.80
160.30000 -64.80
160.35000 -64.80
160.40000 -64.81
160.45000 -64.80
160.50000 -64.80
160.55000 -64.80
160.60000 -64.80
160.65000 -64.80
160.70000 -64.79
160.75000 -64.79
160.80000 -64.78
160.85000 -64.78
160.90000 -64.77
160.95000 -64.77
161.00000 -64.76
161.05000 -64.76
161.10000 -64.76
161.15000 -64.76
161.20000 -64.75
161.25000 -64.75
161.30000 -64.75
161.35000 -64.76
161.40000 -64.75
161.45000 -64.75
161.50000 -64.75
161.55000 -64.75
161.60000 -64.75
161.65000 -64.76
161.70000 -64.76
161.75000 -64.77
161.80000 -64.77
161.85000 -64.77
161.90000 -64.77
161.95000 -64.77
162.00000 -64.77
162.05000 -64.77
162.10000 -64.77
162.15000 -64.76
162.20000 -64.76
162.25000 -64.75
162.30000 -64.74
162.35000 -64.74
162.40000 -64.74
162.45000 -64.74
162.50000 -64.74
162.55000 -64.74
162.60000 -64.75
162.65000 -64.75
162.70000 -64.75
162.75000 -64.75
162.80000 -64.75
162.85000 -64.75
162.90000 -64.75
162.95000 -64.75
163.00000 -64.75
163.05000 -64.75
163.10000 -64.75
163.15000 -64.75
163.20000 -64.75
163.25000 -64.75
163.30000 -64.74
163.35000 -64.74
163.40000 -64.73
163.45000 -64.73
163.50000 -64.72
163.55000 -64.72
163.60000 -64.72
163.65000 -64.72
163.70000 -64.73
163.75000 -64.72
163.80000 -64.72
163.85000 -64.72
163.90000 -64.72
163.95000 -64.72
164.00000 -64.72
164.05000 -64.71
164.10000 -64.72
164.15000 -64.72
164.20000 -64.72
164.25000 -64.72
164.30000 -64.72
164.35000 -64.72
164.40000 -64.72
164.45000 -64.72
164.50000 -64.72
164.55000 -64.72
164.60000 -64.72
164.65000 -64.72
164.70000 -64.72
164.75000 -64.72
164.80000 -64.71
164.85000 -64.71
164.90000 -64.71
164.95000 -64.70
165.00000 -64.70
165.05000 -64.70
165.10000 -64.69
165.15000 -64.69
165.20000 -64.69
165.25000 -64.69
165.30000 -64.69
165.35000 -64.69
165.40000 -64.69
165.45000 -64.69
165.50000 -64.69
165.55000 -64.69
165.60000 -64.69
165.65000 -64.69
165.70000 -64.69
165.75000 -64.69
165.80000 -64.69
165.85000 -64.70
165.90000 -64.70
165.95000 -64.70
166.00000 -64.70
166.05000 -64.70
166.10000 -64.70
166.15000 -64.70
166.20000 -64.70
166.25000 -64.69
166.30000 -64.70
166.35000 -64.70
166.40000 -64.70
166.45000 -64.70
166.50000 -64.70
166.55000 -64.70
166.60000 -64.71
166.65000 -64.72
166.70000 -64.72
166.75000 -64.72
166.80000 -64.72
166.85000 -64.73
166.90000 -64.73
166.95000 -64.73
167.00000 -64.74
167.05000 -64.74
167.10000 -64.74
167.15000 -64.74
167.20000 -64.74
167.25000 -64.75
167.30000 -64.74
167.35000 -64.75
167.40000 -64.75
167.45000 -64.75
167.50000 -64.75
167.55000 -64.76
167.60000 -64.76
167.65000 -64.76
167.70000 -64.76
167.75000 -64.76
167.80000 -64.76
167.85000 -64.76
167.90000 -64.76
167.95000 -64.77
168.00000 -64.77
168.05000 -64.77
168.10000 -64.77
168.15000 -64.77
168.20000 -64.77
168.25000 -64.78
168.30000 -64.78
168.35000 -64.77
168.40000 -64.78
168.45000 -64.78
168.50000 -64.77
168.55000 -64.77
168.60000 -64.77
168.65000 -64.77
168.70000 -64.77
168.75000 -64.77
168.80000 -64.77
168.85000 -64.78
168.90000 -64.78
168.95000 -64.77
169.00000 -64.78
169.05000 -64.78
169.10000 -64.78
169.15000 -64.78
169.20000 -64.78
169.25000 -64.78
169.30000 -64.79
169.35000 -64.79
169.40000 -64.79
169.45000 -64.79
169.50000 -64.79
169.55000 -64.79
169.60000 -64.79
169.65000 -64.78
169.70000 -64.79
169.75000 -64.79
169.80000 -64.78
169.85000 -64.78
169.90000 -64.79
169.95000 -64.78
170.00000 -64.78
170.05000 -64.78
170.10000 -64.78
170.15000 -64.77
170.20000 -64.77
170.25000 -64.76
170.30000 -64.76
170.35000 -64.76
170.40000 -64.76
170.45000 -64.75
170.50000 -64.75
170.55000 -64.75
170.60000 -64.75
170.65000 -64.75
170.70000 -64.74
170.75000 -64.74
170.80000 -64.74
170.85000 -64.75
170.90000 -64.75
170.95000 -64.74
171.00000 -64.74
171.05000 -64.74
171.10000 -64.74
171.15000 -64.73
171.20000 -64.73
171.25000 -64.73
171.30000 -64.73
171.35000 -64.73
171.40000 -64.73
171.45000 -64.72
171.50000 -64.72
171.55000 -64.72
171.60000 -64.72
171.65000 -64.72
171.70000 -64.72
171.75000 -64.72
171.80000 -64.72
171.85000 -64.72
171.90000 -64.72
171.95000 -64.72
172.00000 -64.72
172.05000 -64.73
172.10000 -64.72
172.15000 -64.72
172.20000 -64.72
172.25000 -64.73
172.30000 -64.73
172.35000 -64.72
172.40000 -64.73
172.45000 -64.73
172.50000 -64.73
172.55000 -64.73
172.60000 -64.72
172.65000 -64.72
172.70000 -64.72
172.75000 -64.71
172.80000 -64.71
172.85000 -64.71
172.90000 -64.71
172.95000 -64.71
173.00000 -64.71
173.05000 -64.71
173.10000 -64.71
173.15000 -64.71
173.20000 -64.72
173.25000 -64.72
173.30000 -64.72
173.35000 -64.71
173.40000 -64.72
173.45000 -64.72
173.50000 -64.72
173.55000 -64.72
173.60000 -64.72
173.65000 -64.73
173.70000 -64.73
173.75000 -64.74
173.80000 -64.73
173.85000 -64.73
173.90000 -64.74
173.95000 -64.74
174.00000 -64.74
174.05000 -64.75
174.10000 -64.75
174.15000 -64.75
174.20000 -64.75
174.25000 -64.75
174.30000 -64.75
174.35000 -64.74
174.40000 -64.74
174.45000 -64.74
174.50000 -64.74
174.55000 -64.74
174.60000 -64.74
174.65000 -64.73
174.70000 -64.73
174.75000 -64.73
174.80000 -64.73
174.85000 -64.72
174.90000 -64.72
174.95000 -64.72
175.00000 -64.72
175.05000 -64.71
175.10000 -64.71
175.15000 -64.71
175.20000 -64.72
175.25000 -64.72
175.30000 -64.72
175.35000 -64.73
175.40000 -64.73
175.45000 -64.73
175.50000 -64.73
175.55000 -64.73
175.60000 -64.73
175.65000 -64.73
175.70000 -64.73
175.75000 -64.73
175.80000 -64.74
175.85000 -64.74
175.90000 -64.74
175.95000 -64.74
176.00000 -64.74
176.05000 -64.75
176.10000 -64.75
176.15000 -64.75
176.20000 -64.75
176.25000 -64.75
176.30000 -64.76
176.35000 -64.76
176.40000 -64.76
176.45000 -64.76
176.50000 -64.76
176.55000 -64.76
176.60000 -64.76
176.65000 -64.76
176.70000 -64.76
176.75000 -64.76
176.80000 -64.76
176.85000 -64.77
176.90000 -64.77
176.95000 -64.76
177.00000 -64.77
177.05000 -64.77
177.10000 -64.77
177.15000 -64.77
177.20000 -64.77
177.25000 -64.77
177.30000 -64.77
177.35000 -64.77
177.40000 -64.78
177.45000 -64.78
177.50000 -64.78
177.55000 -64.78
177.60000 -64.78
177.65000 -64.79
177.70000 -64.79
177.75000 -64.79
177.80000 -64.79
177.85000 -64.79
177.90000 -64.78
177.95000 -64.78
178.00000 -64.78
178.05000 -64.78
178.10000 -64.78
178.15000 -64.78
178.20000 -64.78
178.25000 -64.77
178.30000 -64.77
178.35000 -64.76
178.40000 -64.76
178.45000 -64.75
178.50000 -64.75
178.55000 -64.75
178.60000 -64.75
178.65000 -64.75
178.70000 -64.74
178.75000 -64.74
178.80000 -64.74
178.85000 -64.74
178.90000 -64.74
178.95000 -64.74
179.00000 -64.74
179.05000 -64.74
179.10000 -64.74
179.15000 -64.75
179.20000 -64.75
179.25000 -64.75
179.30000 -64.75
179.35000 -64.75
179.40000 -64.75
179.45000 -64.75
179.50000 -64.75
179.55000 -64.75
179.60000 -64.74
179.65000 -64.74
179.70000 -64.74
179.75000 -64.74
179.80000 -64.73
179.85000 -64.73
179.90000 -64.73
179.95000 -64.73
180.00000 -64.73
180.05000 -64.73
180.10000 -64.73
180.15000 -64.73
180.20000 -64.73
180.25000 -64.73
180.30000 -64.72
180.35000 -64.72
180.40000 -64.72
180.45000 -64.72
180.50000 -64.72
180.55000 -64.72
180.60000 -64.72
180.65000 -64.73
180.70000 -64.73
180.75000 -64.73
180.80000 -64.73
180.85000 -64.74
180.90000 -64.74
180.95000 -64.74
181.00000 -64.74
181.05000 -64.74
181.10000 -64.74
181.15000 -64.75
181.20000 -64.74
181.25000 -64.75
181.30000 -64.75
181.35000 -64.75
181.40000 -64.76
181.45000 -64.76
181.50000 -64.76
181.55000 -64.76
181.60000 -64.76
181.65000 -64.76
181.70000 -64.76
181.75000 -64.76
181.80000 -64.76
181.85000 -64.76
181.90000 -64.76
181.95000 -64.76
182.00000 -64.76
182.05000 -64.76
182.10000 -64.76
182.15000 -64.76
182.20000 -64.75
182.25000 -64.76
182.30000 -64.75
182.35000 -64.75
182.40000 -64.75
182.45000 -64.75
182.50000 -64.76
182.55000 -64.75
182.60000 -64.75
182.65000 -64.75
182.70000 -64.76
182.75000 -64.75
182.80000 -64.75
182.85000 -64.75
182.90000 -64.75
182.95000 -64.75
183.00000 -64.75
183.05000 -64.75
183.10000 -64.75
183.15000 -64.76
183.20000 -64.75
183.25000 -64.76
183.30000 -64.76
183.35000 -64.76
183.40000 -64.77
183.45000 -64.76
183.50000 -64.76
183.55000 -64.76
183.60000 -64.76
183.65000 -64.76
183.70000 -64.77
183.75000 -64.77
183.80000 -64.77
183.85000 -64.77
183.90000 -64.77
183.95000 -64.76
184.00000 -64.76
184.05000 -64.76
184.10000 -64.75
184.15000 -64.75
184.20000 -64.75
184.25000 -64.74
184.30000 -64.74
184.35000 -64.74
184.40000 -64.74
184.45000 -64.74
184.50000 -64.73
184.55000 -64.73
184.60000 -64.73
184.65000 -64.73
184.70000 -64.73
184.75000 -64.73
184.80000 -64.73
184.85000 -64.73
184.90000 -64.73
184.95000 -64.73
185.00000 -64.72
185.05000 -64.72
185.10000 -64.72
185.15000 -64.72
185.20000 -64.71
185.25000 -64.72
185.30000 -64.72
185.35000 -64.71
185.40000 -64.72
185.45000 -64.71
185.50000 -64.72
185.55000 -64.72
185.60000 -64.72
185.65000 -64.73
185.70000 -64.74
185.75000 -64.74
185.80000 -64.74
185.85000 -64.74
185.90000 -64.74
185.95000 -64.74
186.00000 -64.74
186.05000 -64.75
186.10000 -64.75
186.15000 -64.75
186.20000 -64.75
186.25000 -64.75
186.30000 -64.75
186.35000 -64.75
186.40000 -64.75
186.45000 -64.75
186.50000 -64.75
186.55000 -64.75
186.60000 -64.74
186.65000 -64.74
186.70000 -64.74
186.75000 -64.74
186.80000 -64.74
186.85000 -64.74
186.90000 -64.74
186.95000 -64.75
187.00000 -64.75
187.05000 -64.75
187.10000 -64.75
187.15000 -64.75
187.20000 -64.76
187.25000 -64.76
187.30000 -64.75
187.35000 -64.75
187.40000 -64.75
187.45000 -64.76
187.50000 -64.76
187.55000 -64.76
187.60000 -64.76
187.65000 -64.75
187.70000 -64.75
187.75000 -64.75
187.80000 -64.75
187.85000 -64.75
187.90000 -64.75
187.95000 -64.75
188.00000 -64.74
188.05000 -64.74
188.10000 -64.75
188.15000 -64.75
188.20000 -64.75
188.25000 -64.75
188.30000 -64.74
188.35000 -64.75
188.40000 -64.74
188.45000 -64.74
188.50000 -64.75
188.55000 -64.75
188.60000 -64.75
188.65000 -64.74
188.70000 -64.74
188.75000 -64.74
188.80000 -64.74
188.85000 -64.74
188.90000 -64.74
188.95000 -64.75
189.00000 -64.74
189.05000 -64.74
189.10000 -64.74
189.15000 -64.75
189.20000 -64.75
189.25000 -64.75
189.30000 -64.76
189.35000 -64.76
189.40000 -64.77
189.45000 -64.76
189.50000 -64.76
189.55000 -64.76
189.60000 -64.76
189.65000 -64.76
189.70000 -64.75
189.75000 -64.75
189.80000 -64.75
189.85000 -64.75
189.90000 -64.75
189.95000 -64.74
190.00000 -64.74
190.05000 -64.74
190.10000 -64.75
190.15000 -64.74
190.20000 -64.75
190.25000 -64.75
190.30000 -64.75
190.35000 -64.76
190.40000 -64.76
190.45000 -64.76
190.50000 -64.76
190.55000 -64.76
190.60000 -64.76
190.65000 -64.77
190.70000 -64.76
190.75000 -64.76
190.80000 -64.76
190.85000 -64.76
190.90000 -64.77
190.95000 -64.77
191.00000 -64.77
191.05000 -64.77
191.10000 -64.77
191.15000 -64.77
191.20000 -64.77
191.25000 -64.78
191.30000 -64.78
191.35000 -64.78
191.40000 -64.79
191.45000 -64.79
191.50000 -64.79
191.55000 -64.79
191.60000 -64.79
191.65000 -64.78
191.70000 -64.78
191.75000 -64.78
191.80000 -64.78
191.85000 -64.77
191.90000 -64.77
191.95000 -64.77
192.00000 -64.76
192.05000 -64.76
192.10000 -64.76
192.15000 -64.76
192.20000 -64.76
192.25000 -64.76
192.30000 -64.77
192.35000 -64.77
192.40000 -64.76
192.45000 -64.76
192.50000 -64.76
192.55000 -64.76
192.60000 -64.76
192.65000 -64.75
192.70000 -64.75
192.75000 -64.75
192.80000 -64.74
192.85000 -64.74
192.90000 -64.74
192.95000 -64.74
193.00000 -64.73
193.05000 -64.73
193.10000 -64.73
193.15000 -64.73
193.20000 -64.72
193.25000 -64.73
193.30000 -64.73
193.35000 -64.73
193.40000 -64.72
193.45000 -64.72
193.50000 -64.72
193.55000 -64.72
193.60000 -64.72
193.65000 -64.72
193.70000 -64.72
193.75000 -64.72
193.80000 -64.72
193.85000 -64.72
193.90000 -64.71
193.95000 -64.70
194.00000 -64.71
194.05000 -64.70
194.10000 -64.70
194.15000 -64.71
194.20000 -64.70
194.25000 -64.71
194.30000 -64.71
194.35000 -64.71
194.40000 -64.71
194.45000 -64.70
194.50000 -64.71
194.55000 -64.71
194.60000 -64.70
194.65000 -64.70
194.70000 -64.71
194.75000 -64.70
194.80000 -64.71
194.85000 -64.71
194.90000 -64.71
194.95000 -64.71
195.00000 -64.72
195.05000 -64.72
195.10000 -64.72
195.15000 -64.71
195.20000 -64.71
195.25000 -64.71
195.30000 -64.71
195.35000 -64.71
195.40000 -64.71
195.45000 -64.71
195.50000 -64.72
195.55000 -64.72
195.60000 -64.72
195.65000 -64.73
195.70000 -64.73
195.75000 -64.73
195.80000 -64.73
195.85000 -64.74
195.90000 -64.74
195.95000 -64.75
196.00000 -64.75
196.05000 -64.75
196.10000 -64.74
196.15000 -64.75
196.20000 -64.74
196.25000 -64.75
196.30000 -64.74
196.35000 -64.75
196.40000 -64.74
196.45000 -64.74
196.50000 -64.74
196.55000 -64.74
196.60000 -64.74
196.65000 -64.74
196.70000 -64.74
196.75000 -64.74
196.80000 -64.73
196.85000 -64.73
196.90000 -64.73
196.95000 -64.73
197.00000 -64.73
197.05000 -64.73
197.10000 -64.73
197.15000 -64.74
197.20000 -64.74
197.25000 -64.74
197.30000 -64.74
197.35000 -64.75
197.40000 -64.75
197.45000 -64.75
197.50000 -64.75
197.55000 -64.75
197.60000 -64.75
197.65000 -64.75
197.70000 -64.75
197.75000 -64.75
197.80000 -64.75
197.85000 -64.75
197.90000 -64.76
197.95000 -64.76
198.00000 -64.76
198.05000 -64.76
198.10000 -64.76
198.15000 -64.75
198.20000 -64.76
198.25000 -64.76
198.30000 -64.76
198.35000 -64.76
198.40000 -64.76
198.45000 -64.76
198.50000 -64.76
198.55000 -64.76
198.60000 -64.76
198.65000 -64.76
198.70000 -64.76
198.75000 -64.75
198.80000 -64.76
198.85000 -64.76
198.90000 -64.75
198.95000 -64.76
199.00000 -64.75
199.05000 -64.75
199.10000 -64.75
199.15000 -64.75
199.20000 -64.75
199.25000 -64.75
199.30000 -64.76
199.35000 -64.76
199.40000 -64.76
199.45000 -64.76
199.50000 -64.76
199.55000 -64.75
199.60000 -64.75
199.65000 -64.75
199.70000 -64.75
199.75000 -64.74
199.80000 -64.74
199.85000 -64.74
199.90000 -64.74
199.95000 -64.74
200.00000 -64.73
200.05000 -64.73
200.10000 -64.73
200.15000 -64.72
200.20000 -64.72
200.25000 -64.72
200.30000 -64.72
200.35000 -64.72
200.40000 -64.73
200.45000 -64.73
200.50000 -64.73
200.55000 -64.73
200.60000 -64.73
200.65000 -64.73
200.70000 -64.73
200.75000 -64.73
200.80000 -64.73
200.85000 -64.73
200.90000 -64.73
200.95000 -64.73
201.00000 -64.73
201.05000 -64.72
201.10000 -64.72
201.15000 -64.72
201.20000 -64.72
201.25000 -64.72
201.30000 -64.72
201.35000 -64.72
201.40000 -64.72
201.45000 -64.72
201.50000 -64.72
201.55000 -64.72
201.60000 -64.72
201.65000 -64.73
201.70000 -64.73
201.75000 -64.73
201.80000 -64.73
201.85000 -64.74
201.90000 -64.74
201.95000 -64.74
202.00000 -64.74
202.05000 -64.74
202.10000 -64.75
202.15000 -64.75
202.20000 -64.75
202.25000 -64.76
202.30000 -64.75
202.35000 -64.76
202.40000 -64.76
202.45000 -64.76
202.50000 -64.77
202.55000 -64.76
202.60000 -64.77
202.65000 -64.77
202.70000 -64.76
202.75000 -64.77
202.80000 -64.77
202.85000 -64.76
202.90000 -64.77
202.95000 -64.77
203.00000 -64.77
203.05000 -64.77
203.10000 -64.76
203.15000 -64.76
203.20000 -64.76
203.25000 -64.76
203.30000 -64.76
203.35000 -64.76
203.40000 -64.76
203.45000 -64.76
203.50000 -64.76
203.55000 -64.76
203.60000 -64.76
203.65000 -64.76
203.70000 -64.76
203.75000 -64.76
203.80000 -64.76
203.85000 -64.77
203.90000 -64.77
203.95000 -64.77
204.00000 -64.77
204.05000 -64.77
204.10000 -64.77
204.15000 -64.77
204.20000 -64.77
204.25000 -64.76
204.30000 -64.76
204.35000 -64.76
204.40000 -64.76
204.45000 -64.76
204.50000 -64.77
204.55000 -64.76
204.60000 -64.77
204.65000 -64.77
204.70000 -64.77
204.75000 -64.77
204.80000 -64.77
204.85000 -64.76
204.90000 -64.76
204.95000 -64.76
205.00000 -64.75
205.05000 -64.76
205.10000 -64.75
205.15000 -64.75
205.20000 -64.75
205.25000 -64.75
205.30000 -64.75
205.35000 -64.75
205.40000 -64.75
205.45000 -64.75
205.50000 -64.75
205.55000 -64.75
205.60000 -64.76
205.65000 -64.76
205.70000 -64.76
205.75000 -64.76
205.80000 -64.76
205.85000 -64.76
205.90000 -64.76
205.95000 -64.77
206.00000 -64.76
206.05000 -64.76
206.10000 -64.76
206.15000 -64.76
206.20000 -64.76
206.25000 -64.76
206.30000 -64.76
206.35000 -64.76
206.40000 -64.76
206.45000 -64.76
206.50000 -64.76
206.55000 -64.76
206.60000 -64.76
206.65000 -64.76
206.70000 -64.76
206.75000 -64.76
206.80000 -64.76
206.85000 -64.75
206.90000 -64.75
206.95000 -64.74
207.00000 -64.74
207.05000 -64.73
207.10000 -64.73
207.15000 -64.73
207.20000 -64.73
207.25000 -64.72
207.30000 -64.72
207.35000 -64.73
207.40000 -64.72
207.45000 -64.72
207.50000 -64.71
207.55000 -64.71
207.60000 -64.72
207.65000 -64.72
207.70000 -64.71
207.75000 -64.72
207.80000 -64.72
207.85000 -64.72
207.90000 -64.72
207.95000 -64.72
208.00000 -64.72
208.05000 -64.73
208.10000 -64.73
208.15000 -64.73
208.20000 -64.73
208.25000 -64.73
208.30000 -64.74
208.35000 -64.74
208.40000 -64.74
208.45000 -64.74
208.50000 -64.73
208.55000 -64.74
208.60000 -64.74
208.65000 -64.74
208.70000 -64.74
208.75000 -64.74
208.80000 -64.73
208.85000 -64.74
208.90000 -64.74
208.95000 -64.74
209.00000 -64.74
209.05000 -64.74
209.10000 -64.75
209.15000 -64.74
209.20000 -64.75
209.25000 -64.74
209.30000 -64.75
209.35000 -64.75
209.40000 -64.74
209.45000 -64.74
209.50000 -64.74
209.55000 -64.74
209.60000 -64.74
209.65000 -64.74
209.70000 -64.74
209.75000 -64.74
209.80000 -64.74
209.85000 -64.74
209.90000 -64.74
209.95000 -64.74
210.00000 -64.74
210.05000 -64.74
210.10000 -64.75
210.15000 -64.74
210.20000 -64.74
210.25000 -64.74
210.30000 -64.74
210.35000 -64.74
210.40000 -64.74
210.45000 -64.75
210.50000 -64.74
210.55000 -64.74
210.60000 -64.74
210.65000 -64.73
210.70000 -64.73
210.75000 -64.73
210.80000 -64.73
210.85000 -64.72
210.90000 -64.72
210.95000 -64.72
211.00000 -64.71
211.05000 -64.71
211.10000 -64.71
211.15000 -64.72
211.20000 -64.72
211.25000 -64.71
211.30000 -64.72
211.35000 -64.72
211.40000 -64.72
211.45000 -64.72
211.50000 -64.72
211.55000 -64.72
211.60000 -64.72
211.65000 -64.72
211.70000 -64.72
211.75000 -64.72
211.80000 -64.72
211.85000 -64.72
211.90000 -64.71
211.95000 -64.72
212.00000 -64.72
212.05000 -64.73
212.10000 -64.72
212.15000 -64.72
212.20000 -64.72
212.25000 -64.72
212.30000 -64.73
212.35000 -64.73
212.40000 -64.72
212.45000 -64.73
212.50000 -64.73
212.55000 -64.73
212.60000 -64.74
212.65000 -64.74
212.70000 -64.74
212.75000 -64.74
212.80000 -64.75
212.85000 -64.75
212.90000 -64.75
212.95000 -64.75
213.00000 -64.74
213.05000 -64.75
213.10000 -64.74
213.15000 -64.74
213.20000 -64.74
213.25000 -64.74
213.30000 -64.74
213.35000 -64.73
213.40000 -64.74
213.45000 -64.73
213.50000 -64.74
213.55000 -64.74
213.60000 -64.75
213.65000 -64.74
213.70000 -64.75
213.75000 -64.76
213.80000 -64.76
213.85000 -64.76
213.90000 -64.76
213.95000 -64.77
214.00000 -64.78
214.05000 -64.78
214.10000 -64.78
214.15000 -64.78
214.20000 -64.79
214.25000 -64.78
214.30000 -64.78
214.35000 -64.78
214.40000 -64.78
214.45000 -64.78
214.50000 -64.77
214.55000 -64.77
214.60000 -64.77
214.65000 -64.77
214.70000 -64.77
214.75000 -64.77
214.80000 -64.77
214.85000 -64.77
214.90000 -64.78
214.95000 -64.77
215.00000 -64.77
215.05000 -64.77
215.10000 -64.77
215.15000 -64.76
215.20000 -64.76
215.25000 -64.76
215.30000 -64.76
215.35000 -64.76
215.40000 -64.76
215.45000 -64.76
215.50000 -64.76
215.55000 -64.75
215.60000 -64.76
215.65000 -64.75
215.70000 -64.75
215.75000 -64.75
215.80000 -64.75
215.85000 -64.74
215.90000 -64.74
215.95000 -64.75
216.00000 -64.74
216.05000 -64.74
216.10000 -64.75
216.15000 -64.75
216.20000 -64.75
216.25000 -64.75
216.30000 -64.75
216.35000 -64.75
216.40000 -64.75
216.45000 -64.75
216.50000 -64.76
216.55000 -64.76
216.60000 -64.76
216.65000 -64.76
216.70000 -64.76
216.75000 -64.75
216.80000 -64.75
216.85000 -64.75
216.90000 -64.75
216.95000 -64.74
217.00000 -64.74
217.05000 -64.75
217.10000 -64.75
217.15000 -64.75
217.20000 -64.76
217.25000 -64.76
217.30000 -64.76
217.35000 -64.76
217.40000 -64.76
217.45000 -64.76
217.50000 -64.76
217.55000 -64.75
217.60000 -64.75
217.65000 -64.75
217.70000 -64.74
217.75000 -64.74
217.80000 -64.74
217.85000 -64.75
217.90000 -64.75
217.95000 -64.74
218.00000 -64.74
218.05000 -64.74
218.10000 -64.74
218.15000 -64.74
218.20000 -64.74
218.25000 -64.74
218.30000 -64.74
218.35000 -64.73
218.40000 -64.73
218.45000 -64.73
218.50000 -64.73
218.55000 -64.73
218.60000 -64.72
218.65000 -64.73
218.70000 -64.72
218.75000 -64.72
218.80000 -64.72
218.85000 -64.71
218.90000 -64.71
218.95000 -64.71
219.00000 -64.71
219.05000 -64.71
219.10000 -64.71
219.15000 -64.71
219.20000 -64.71
219.25000 -64.70
219.30000 -64.70
219.35000 -64.71
219.40000 -64.70
219.45000 -64.70
219.50000 -64.70
219.55000 -64.70
219.60000 -64.69
219.65000 -64.70
219.70000 -64.69
219.75000 -64.69
219.80000 -64.69
219.85000 -64.69
219.90000 -64.69
219.95000 -64.68
220.00000 -64.69
220.05000 -64.69
220.10000 -64.69
220.15000 -64.68
220.20000 -64.68
220.25000 -64.68
220.30000 -64.68
220.35000 -64.68
220.40000 -64.68
220.45000 -64.69
220.50000 -64.69
220.55000 -64.69
220.60000 -64.69
220.65000 -64.69
220.70000 -64.70
220.75000 -64.70
220.80000 -64.70
220.85000 -64.70
220.90000 -64.71
220.95000 -64.71
221.00000 -64.71
221.05000 -64.71
221.10000 -64.72
221.15000 -64.72
221.20000 -64.72
221.25000 -64.72
221.30000 -64.72
221.35000 -64.73
221.40000 -64.72
221.45000 -64.73
221.50000 -64.73
221.55000 -64.73
221.60000 -64.73
221.65000 -64.72
221.70000 -64.73
221.75000 -64.72
221.80000 -64.73
221.85000 -64.72
221.90000 -64.72
221.95000 -64.72
222.00000 -64.72
222.05000 -64.72
222.10000 -64.72
222.15000 -64.72
222.20000 -64.72
222.25000 -64.72
222.30000 -64.72
222.35000 -64.72
222.40000 -64.71
222.45000 -64.71
222.50000 -64.71
222.55000 -64.71
222.60000 -64.72
222.65000 -64.72
222.70000 -64.72
222.75000 -64.73
222.80000 -64.72
222.85000 -64.72
222.90000 -64.73
222.95000 -64.73
223.00000 -64.73
223.05000 -64.74
223.10000 -64.73
223.15000 -64.74
223.20000 -64.74
223.25000 -64.74
223.30000 -64.74
223.35000 -64.74
223.40000 -64.75
223.45000 -64.75
223.50000 -64.75
223.55000 -64.75
223.60000 -64.75
223.65000 -64.76
223.70000 -64.76
223.75000 -64.75
223.80000 -64.75
223.85000 -64.75
223.90000 -64.74
223.95000 -64.74
224.00000 -64.74
224.05000 -64.73
224.10000 -64.73
224.15000 -64.73
224.20000 -64.72
224.25000 -64.72
224.30000 -64.71
224.35000 -64.71
224.40000 -64.72
224.45000 -64.72
224.50000 -64.71
224.55000 -64.72
224.60000 -64.72
224.65000 -64.72
224.70000 -64.73
224.75000 -64.72
224.80000 -64.72
224.85000 -64.73
224.90000 -64.73
224.95000 -64.72
225.00000 -64.73
225.05000 -64.72
225.10000 -64.72
225.15000 -64.72
225.20000 -64.72
225.25000 -64.72
225.30000 -64.71
225.35000 -64.71
225.40000 -64.71
225.45000 -64.70
225.50000 -64.70
225.55000 -64.69
225.60000 -64.70
225.65000 -64.70
225.70000 -64.70
225.75000 -64.70
225.80000 -64.70
225.85000 -64.70
225.90000 -64.70
225.95000 -64.71
226.00000 -64.71
226.05000 -64.71
226.10000 -64.72
226.15000 -64.73
226.20000 -64.72
226.25000 -64.73
226.30000 -64.73
226.35000 -64.73
226.40000 -64.74
226.45000 -64.74
226.50000 -64.74
226.55000 -64.74
226.60000 -64.74
226.65000 -64.74
226.70000 -64.74
226.75000 -64.74
226.80000 -64.74
226.85000 -64.74
226.90000 -64.74
226.95000 -64.74
227.00000 -64.74
227.05000 -64.74
227.10000 -64.74
227.15000 -64.75
227.20000 -64.75
227.25000 -64.75
227.30000 -64.75
227.35000 -64.75
227.40000 -64.75
227.45000 -64.76
227.50000 -64.76
227.55000 -64.77
227.60000 -64.77
227.65000 -64.77
227.70000 -64.77
227.75000 -64.78
227.80000 -64.77
227.85000 -64.77
227.90000 -64.77
227.95000 -64.77
228.00000 -64.77
228.05000 -64.77
228.10000 -64.76
228.15000 -64.76
228.20000 -64.76
228.25000 -64.76
228.30000 -64.76
228.35000 -64.76
228.40000 -64.77
228.45000 -64.76
228.50000 -64.77
228.55000 -64.77
228.60000 -64.77
228.65000 -64.77
228.70000 -64.77
228.75000 -64.77
228.80000 -64.77
228.85000 -64.76
228.90000 -64.77
228.95000 -64.76
229.00000 -64.77
229.05000 -64.78
229.10000 -64.77
229.15000 -64.78
229.20000 -64.78
229.25000 -64.78
229.30000 -64.78
229.35000 -64.78
229.40000 -64.79
229.45000 -64.79
229.50000 -64.80
229.55000 -64.80
229.60000 -64.80
229.65000 -64.80
229.70000 -64.80
229.75000 -64.80
229.80000 -64.81
229.85000 -64.81
229.90000 -64.81
229.95000 -64.81
230.00000 -64.82
230.05000 -64.82
230.10000 -64.82
230.15000 -64.83
230.20000 -64.83
230.25000 -64.83
230.30000 -64.83
230.35000 -64.83
230.40000 -64.83
230.45000 -64.83
230.50000 -64.82
230.55000 -64.82
230.60000 -64.82
230.65000 -64.82
230.70000 -64.82
230.75000 -64.82
230.80000 -64.82
230.85000 -64.82
230.90000 -64.81
230.95000 -64.81
231.00000 -64.81
231.05000 -64.80
231.10000 -64.81
231.15000 -64.81
231.20000 -64.81
231.25000 -64.80
231.30000 -64.81
231.35000 -64.81
231.40000 -64.81
231.45000 -64.81
231.50000 -64.81
231.55000 -64.81
231.60000 -64.81
231.65000 -64.80
231.70000 -64.80
231.75000 -64.80
231.80000 -64.81
231.85000 -64.81
231.90000 -64.80
231.95000 -64.80
232.00000 -64.79
232.05000 -64.79
232.10000 -64.79
232.15000 -64.78
232.20000 -64.78
232.25000 -64.78
232.30000 -64.78
232.35000 -64.78
232.40000 -64.78
232.45000 -64.77
232.50000 -64.77
232.55000 -64.77
232.60000 -64.77
232.65000 -64.77
232.70000 -64.77
232.75000 -64.78
232.80000 -64.77
232.85000 -64.78
232.90000 -64.77
232.95000 -64.77
233.00000 -64.77
233.05000 -64.77
233.10000 -64.77
233.15000 -64.78
233.20000 -64.78
233.25000 -64.78
233.30000 -64.78
233.35000 -64.78
233.40000 -64.78
233.45000 -64.78
233.50000 -64.78
233.55000 -64.79
233.60000 -64.79
233.65000 -64.79
233.70000 -64.79
233.75000 -64.79
233.80000 -64.80
233.85000 -64.80
233.90000 -64.80
233.95000 -64.80
234.00000 -64.80
234.05000 -64.80
234.10000 -64.80
234.15000 -64.80
234.20000 -64.81
234.25000 -64.81
234.30000 -64.81
234.35000 -64.80
234.40000 -64.80
234.45000 -64.80
234.50000 -64.79
234.55000 -64.80
234.60000 -64.79
234.65000 -64.79
234.70000 -64.79
234.75000 -64.79
234.80000 -64.79
234.85000 -64.78
234.90000 -64.78
234.95000 -64.79
235.00000 -64.79
235.05000 -64.79
235.10000 -64.79
235.15000 -64.79
235.20000 -64.78
235.25000 -64.79
235.30000 -64.79
235.35000 -64.79
235.40000 -64.79
235.45000 -64.79
235.50000 -64.79
235.55000 -64.79
235.60000 -64.79
235.65000 -64.79
235.70000 -64.79
235.75000 -64.79
235.80000 -64.79
235.85000 -64.79
235.90000 -64.79
235.95000 -64.79
236.00000 -64.79
236.05000 -64.79
236.10000 -64.80
236.15000 -64.80
236.20000 -64.80
236.25000 -64.79
236.30000 -64.78
236.35000 -64.78
236.40000 -64.78
236.45000 -64.77
236.50000 -64.77
236.55000 -64.77
236.60000 -64.77
236.65000 -64.77
236.70000 -64.76
236.75000 -64.76
236.80000 -64.77
236.85000 -64.76
236.90000 -64.77
236.95000 -64.76
237.00000 -64.77
237.05000 -64.78
237.10000 -64.78
237.15000 -64.78
237.20000 -64.78
237.25000 -64.78
237.30000 -64.78
237.35000 -64.78
237.40000 -64.78
237.45000 -64.79
237.50000 -64.79
237.55000 -64.79
237.60000 -64.79
237.65000 -64.79
237.70000 -64.79
237.75000 -64.80
237.80000 -64.80
237.85000 -64.80
237.90000 -64.80
237.95000 -64.80
238.00000 -64.80
238.05000 -64.80
238.10000 -64.80
238.15000 -64.80
238.20000 -64.80
238.25000 -64.80
238.30000 -64.79
238.35000 -64.79
238.40000 -64.80
238.45000 -64.79
238.50000 -64.79
238.55000 -64.79
238.60000 -64.79
238.65000 -64.79
238.70000 -64.79
238.75000 -64.79
238.80000 -64.79
238.85000 -64.78
238.90000 -64.79
238.95000 -64.79
239.00000 -64.79
239.05000 -64.78
239.10000 -64.78
239.15000 -64.78
239.20000 -64.78
239.25000 -64.78
239.30000 -64.78
239.35000 -64.78
239.40000 -64.78
239.45000 -64.79
239.50000 -64.79
239.55000 -64.78
239.60000 -64.79
239.65000 -64.79
239.70000 -64.79
239.75000 -64.79
239.80000 -64.79
239.85000 -64.79
239.90000 -64.79
239.95000 -64.80
240.00000 -64.80
240.05000 -64.80
240.10000 -64.80
240.15000 -64.81
240.20000 -64.81
240.25000 -64.81
240.30000 -64.81
240.35000 -64.80
240.40000 -64.81
240.45000 -64.81
240.50000 -64.81
240.55000 -64.81
240.60000 -64.81
240.65000 -64.81
240.70000 -64.80
240.75000 -64.80
240.80000 -64.80
240.85000 -64.80
240.90000 -64.79
240.95000 -64.79
241.00000 -64.80
241.05000 -64.79
241.10000 -64.79
241.15000 -64.78
241.20000 -64.78
241.25000 -64.78
241.30000 -64.78
241.35000 -64.78
241.40000 -64.77
241.45000 -64.77
241.50000 -64.77
241.55000 -64.77
241.60000 -64.77
241.65000 -64.76
241.70000 -64.76
241.75000 -64.76
241.80000 -64.76
241.85000 -64.75
241.90000 -64.76
241.95000 -64.75
242.00000 -64.75
242.05000 -64.76
242.10000 -64.75
242.15000 -64.76
242.20000 -64.76
242.25000 -64.76
242.30000 -64.75
242.35000 -64.76
242.40000 -64.76
242.45000 -64.76
242.50000 -64.76
242.55000 -64.76
242.60000 -64.76
242.65000 -64.75
242.70000 -64.75
242.75000 -64.74
242.80000 -64.74
242.85000 -64.75
242.90000 -64.75
242.95000 -64.75
243.00000 -64.75
243.05000 -64.75
243.10000 -64.75
243.15000 -64.75
243.20000 -64.75
243.25000 -64.76
243.30000 -64.76
243.35000 -64.76
243.40000 -64.76
243.45000 -64.76
243.50000 -64.76
243.55000 -64.76
243.60000 -64.75
243.65000 -64.75
243.70000 -64.75
243.75000 -64.74
243.80000 -64.74
243.85000 -64.74
243.90000 -64.74
243.95000 -64.74
244.00000 -64.74
244.05000 -64.74
244.10000 -64.73
244.15000 -64.73
244.20000 -64.73
244.25000 -64.73
244.30000 -64.73
244.35000 -64.73
244.40000 -64.74
244.45000 -64.73
244.50000 -64.73
244.55000 -64.74
244.60000 -64.74
244.65000 -64.74
244.70000 -64.74
244.75000 -64.75
244.80000 -64.74
244.85000 -64.75
244.90000 -64.75
244.95000 -64.75
245.00000 -64.76
245.05000 -64.76
245.10000 -64.76
245.15000 -64.76
245.20000 -64.76
245.25000 -64.76
245.30000 -64.76
245.35000 -64.77
245.40000 -64.77
245.45000 -64.77
245.50000 -64.77
245.55000 -64.77
245.60000 -64.77
245.65000 -64.77
245.70000 -64.77
245.75000 -64.77
245.80000 -64.77
245.85000 -64.77
245.90000 -64.77
245.95000 -64.77
246.00000 -64.77
246.05000 -64.77
246.10000 -64.77
246.15000 -64.76
246.20000 -64.76
246.25000 -64.76
246.30000 -64.76
246.35000 -64.76
246.40000 -64.76
246.45000 -64.76
246.50000 -64.76
246.55000 -64.76
246.60000 -64.75
246.65000 -64.75
246.70000 -64.75
246.75000 -64.74
246.80000 -64.75
246.85000 -64.75
246.90000 -64.76
246.95000 -64.76
247.00000 -64.75
247.05000 -64.76
247.10000 -64.76
247.15000 -64.77
247.20000 -64.76
247.25000 -64.76
247.30000 -64.77
247.35000 -64.77
247.40000 -64.76
247.45000 -64.76
247.50000 -64.75
247.55000 -64.76
247.60000 -64.76
247.65000 -64.76
247.70000 -64.76
247.75000 -64.76
247.80000 -64.77
247.85000 -64.77
247.90000 -64.76
247.95000 -64.76
248.00000 -64.76
248.05000 -64.75
248.10000 -64.75
248.15000 -64.75
248.20000 -64.75
248.25000 -64.75
248.30000 -64.74
248.35000 -64.75
248.40000 -64.75
248.45000 -64.75
248.50000 -64.75
248.55000 -64.75
248.60000 -64.75
248.65000 -64.76
248.70000 -64.75
248.75000 -64.76
248.80000 -64.76
248.85000 -64.76
248.90000 -64.76
248.95000 -64.77
249.00000 -64.77
249.05000 -64.77
249.10000 -64.77
249.15000 -64.77
249.20000 -64.77
249.25000 -64.77
249.30000 -64.78
249.35000 -64.78
249.40000 -64.78
249.45000 -64.78
249.50000 -64.78
249.55000 -64.78
249.60000 -64.77
249.65000 -64.77
249.70000 -64.77
249.75000 -64.77
249.80000 -64.76
249.85000 -64.76
249.90000 -64.75
249.95000 -64.75
250.00000 -64.75
250.05000 -64.75
250.10000 -64.91
250.15000 -65.37
250.20000 -65.37
250.25000 -65.48
250.30000 -65.63
250.35000 -65.78
250.40000 -65.92
250.45000 -66.04
250.50000 -66.17
250.55000 -66.28
250.60000 -66.39
250.65000 -66.50
250.70000 -66.59
250.75000 -66.68
250.80000 -66.77
250.85000 -66.85
250.90000 -66.93
250.95000 -67.00
251.00000 -67.06
251.05000 -67.13
251.10000 -67.19
251.15000 -67.24
251.20000 -67.30
251.25000 -67.35
251.30000 -67.40
251.35000 -67.43
251.40000 -67.48
251.45000 -67.51
251.50000 -67.55
251.55000 -67.58
251.60000 -67.61
251.65000 -67.64
251.70000 -67.66
251.75000 -67.69
251.80000 -67.72
251.85000 -67.74
251.90000 -67.77
251.95000 -67.79
252.00000 -67.82
252.05000 -67.84
252.10000 -67.86
252.15000 -67.88
252.20000 -67.90
252.25000 -67.92
252.30000 -67.93
252.35000 -67.95
252.40000 -67.97
252.45000 -67.98
252.50000 -68.00
252.55000 -68.01
252.60000 -68.02
252.65000 -68.03
252.70000 -68.04
252.75000 -68.06
252.80000 -68.07
252.85000 -68.08
252.90000 -68.08
252.95000 -68.09
253.00000 -68.11
253.05000 -68.12
253.10000 -68.12
253.15000 -68.13
253.20000 -68.13
253.25000 -68.14
253.30000 -68.15
253.35000 -68.16
253.40000 -68.16
253.45000 -68.17
253.50000 -68.17
253.55000 -68.19
253.60000 -68.19
253.65000 -68.19
253.70000 -68.19
253.75000 -68.20
253.80000 -68.19
253.85000 -68.20
253.90000 -68.20
253.95000 -68.20
254.00000 -68.20
254.05000 -68.20
254.10000 -68.21
254.15000 -68.21
254.20000 -68.21
254.25000 -68.21
254.30000 -68.22
254.35000 -68.22
254.40000 -68.22
254.45000 -68.23
254.50000 -68.23
254.55000 -68.23
254.60000 -68.24
254.65000 -68.24
254.70000 -68.24
254.75000 -68.25
254.80000 -68.25
254.85000 -68.25
254.90000 -68.26
254.95000 -68.26
255.00000 -68.27
255.05000 -68.27
255.10000 -68.27
255.15000 -68.27
255.20000 -68.27
255.25000 -68.28
255.30000 -68.28
255.35000 -68.28
255.40000 -68.28
255.45000 -68.28
255.50000 -68.28
255.55000 -68.28
255.60000 -68.28
255.65000 -68.29
255.70000 -68.29
255.75000 -68.29
255.80000 -68.29
255.85000 -68.29
255.90000 -68.29
255.95000 -68.30
256.00000 -68.30
256.05000 -68.29
256.10000 -68.29
256.15000 -68.29
256.20000 -68.30
256.25000 -68.30
256.30000 -68.30
256.35000 -68.30
256.40000 -68.30
256.45000 -68.31
256.50000 -68.31
256.55000 -68.31
256.60000 -68.31
256.65000 -68.31
256.70000 -68.31
256.75000 -68.31
256.80000 -68.31
256.85000 -68.31
256.90000 -68.31
256.95000 -68.31
257.00000 -68.30
257.05000 -68.30
257.10000 -68.30
257.15000 -68.30
257.20000 -68.28
257.25000 -68.28
257.30000 -68.28
257.35000 -68.28
257.40000 -68.27
257.45000 -68.27
257.50000 -68.26
257.55000 -68.27
257.60000 -68.27
257.65000 -68.27
257.70000 -68.27
257.75000 -68.27
257.80000 -68.27
257.85000 -68.27
257.90000 -68.27
257.95000 -68.27
258.00000 -68.26
258.05000 -68.27
258.10000 -68.26
258.15000 -68.26
258.20000 -68.26
258.25000 -68.26
258.30000 -68.25
258.35000 -68.25
258.40000 -68.25
258.45000 -68.25
258.50000 -68.25
258.55000 -68.26
258.60000 -68.26
258.65000 -68.25
258.70000 -68.25
258.75000 -68.25
258.80000 -68.25
258.85000 -68.25
258.90000 -68.26
258.95000 -68.26
259.00000 -68.26
259.05000 -68.26
259.10000 -68.27
259.15000 -68.27
259.20000 -68.27
259.25000 -68.27
259.30000 -68.28
259.35000 -68.28
259.40000 -68.28
259.45000 -68.28
259.50000 -68.29
259.55000 -68.29
259.60000 -68.29
259.65000 -68.29
259.70000 -68.29
259.75000 -68.30
259.80000 -68.29
259.85000 -68.30
259.90000 -68.30
259.95000 -68.30
260.00000 -68.30
260.05000 -68.30
260.10000 -68.30
260.15000 -68.30
260.20000 -68.31
260.25000 -68.31
260.30000 -68.31
260.35000 -68.30
260.40000 -68.30
260.45000 -68.30
260.50000 -68.29
260.55000 -68.29
260.60000 -68.29
260.65000 -68.29
260.70000 -68.29
260.75000 -68.29
260.80000 -68.29
260.85000 -68.29
260.90000 -68.29
260.95000 -68.29
261.00000 -68.29
261.05000 -68.29
261.10000 -68.29
261.15000 -68.29
261.20000 -68.29
261.25000 -68.29
261.30000 -68.29
261.35000 -68.29
261.40000 -68.28
261.45000 -68.28
261.50000 -68.28
261.55000 -68.28
261.60000 -68.28
261.65000 -68.28
261.70000 -68.28
261.75000 -68.28
261.80000 -68.28
261.85000 -68.28
261.90000 -68.28
261.95000 -68.28
262.00000 -68.28
262.05000 -68.28
262.10000 -68.28
262.15000 -68.28
262.20000 -68.27
262.25000 -68.27
262.30000 -68.27
262.35000 -68.27
262.40000 -68.27
262.45000 -68.27
262.50000 -68.26
262.55000 -68.26
262.60000 -68.27
262.65000 -68.27
262.70000 -68.26
262.75000 -68.27
262.80000 -68.27
262.85000 -68.28
262.90000 -68.28
262.95000 -68.28
263.00000 -68.29
263.05000 -68.29
263.10000 -68.29
263.15000 -68.29
263.20000 -68.29
263.25000 -68.29
263.30000 -68.29
263.35000 -68.29
263.40000 -68.29
263.45000 -68.29
263.50000 -68.30
263.55000 -68.30
263.60000 -68.30
263.65000 -68.30
263.70000 -68.30
263.75000 -68.29
263.80000 -68.29
263.85000 -68.28
263.90000 -68.28
263.95000 -68.28
264.00000 -68.27
264.05000 -68.27
264.10000 -68.26
264.15000 -68.27
264.20000 -68.26
264.25000 -68.27
264.30000 -68.27
264.35000 -68.27
264.40000 -68.27
264.45000 -68.27
264.50000 -68.26
264.55000 -68.26
264.60000 -68.26
264.65000 -68.26
264.70000 -68.25
264.75000 -68.25
264.80000 -68.25
264.85000 -68.24
264.90000 -68.24
264.95000 -68.24
265.00000 -68.25
265.05000 -68.25
265.10000 -68.25
265.15000 -68.25
265.20000 -68.26
265.25000 -68.26
265.30000 -68.26
265.35000 -68.26
265.40000 -68.26
265.45000 -68.26
265.50000 -68.26
265.55000 -68.26
265.60000 -68.26
265.65000 -68.26
265.70000 -68.27
265.75000 -68.27
265.80000 -68.27
265.85000 -68.27
265.90000 -68.27
265.95000 -68.28
266.00000 -68.28
266.05000 -68.28
266.10000 -68.28
266.15000 -68.28
266.20000 -68.28
266.25000 -68.28
266.30000 -68.28
266.35000 -68.27
266.40000 -68.27
266.45000 -68.27
266.50000 -68.27
266.55000 -68.26
266.60000 -68.26
266.65000 -68.26
266.70000 -68.25
266.75000 -68.26
266.80000 -68.26
266.85000 -68.25
266.90000 -68.25
266.95000 -68.25
267.00000 -68.25
267.05000 -68.25
267.10000 -68.24
267.15000 -68.24
267.20000 -68.24
267.25000 -68.24
267.30000 -68.24
267.35000 -68.25
267.40000 -68.25
267.45000 -68.25
267.50000 -68.25
267.55000 -68.26
267.60000 -68.26
267.65000 -68.26
267.70000 -68.26
267.75000 -68.27
267.80000 -68.27
267.85000 -68.27
267.90000 -68.27
267.95000 -68.26
268.00000 -68.26
268.05000 -68.27
268.10000 -68.27
268.15000 -68.27
268.20000 -68.27
268.25000 -68.27
268.30000 -68.27
268.35000 -68.27
268.40000 -68.27
268.45000 -68.27
268.50000 -68.26
268.55000 -68.26
268.60000 -68.26
268.65000 -68.27
268.70000 -68.27
268.75000 -68.27
268.80000 -68.27
268.85000 -68.28
268.90000 -68.28
268.95000 -68.28
269.00000 -68.28
269.05000 -68.28
269.10000 -68.28
269.15000 -68.27
269.20000 -68.28
269.25000 -68.28
269.30000 -68.28
269.35000 -68.29
269.40000 -68.29
269.45000 -68.29
269.50000 -68.29
269.55000 -68.30
269.60000 -68.30
269.65000 -68.30
269.70000 -68.30
269.75000 -68.30
269.80000 -68.30
269.85000 -68.30
269.90000 -68.30
269.95000 -68.30
270.00000 -68.30
270.05000 -68.30
270.10000 -68.31
270.15000 -68.31
270.20000 -68.31
270.25000 -68.31
270.30000 -68.31
270.35000 -68.31
270.40000 -68.31
270.45000 -68.31
270.50000 -68.31
270.55000 -68.31
270.60000 -68.31
270.65000 -68.31
270.70000 -68.31
270.75000 -68.31
270.80000 -68.31
270.85000 -68.30
270.90000 -68.29
270.95000 -68.29
271.00000 -68.29
271.05000 -68.28
271.10000 -68.29
271.15000 -68.29
271.20000 -68.29
271.25000 -68.28
271.30000 -68.28
271.35000 -68.29
271.40000 -68.28
271.45000 -68.29
271.50000 -68.29
271.55000 -68.29
271.60000 -68.29
271.65000 -68.30
271.70000 -68.29
271.75000 -68.29
271.80000 -68.29
271.85000 -68.30
271.90000 -68.30
271.95000 -68.30
272.00000 -68.30
272.05000 -68.30
272.10000 -68.30
272.15000 -68.30
272.20000 -68.30
272.25000 -68.30
272.30000 -68.30
272.35000 -68.30
272.40000 -68.29
272.45000 -68.30
272.50000 -68.30
272.55000 -68.30
272.60000 -68.29
272.65000 -68.29
272.70000 -68.29
272.75000 -68.29
272.80000 -68.29
272.85000 -68.29
272.90000 -68.30
272.95000 -68.30
273.00000 -68.30
273.05000 -68.30
273.10000 -68.30
273.15000 -68.30
273.20000 -68.30
273.25000 -68.30
273.30000 -68.30
273.35000 -68.29
273.40000 -68.29
273.45000 -68.29
273.50000 -68.29
273.55000 -68.29
273.60000 -68.29
273.65000 -68.29
273.70000 -68.29
273.75000 -68.29
273.80000 -68.29
273.85000 -68.29
273.90000 -68.30
273.95000 -68.30
274.00000 -68.30
274.05000 -68.30
274.10000 -68.30
274.15000 -68.30
274.20000 -68.30
274.25000 -68.29
274.30000 -68.29
274.35000 -68.28
274.40000 -68.27
274.45000 -68.27
274.50000 -68.27
274.55000 -68.27
274.60000 -68.27
274.65000 -68.28
274.70000 -68.27
274.75000 -68.27
274.80000 -68.28
274.85000 -68.28
274.90000 -68.28
274.95000 -68.28
275.00000 -68.28
275.05000 -68.28
275.10000 -68.29
275.15000 -68.28
275.20000 -68.28
275.25000 -68.28
275.30000 -68.28
275.35000 -68.28
275.40000 -68.28
275.45000 -68.28
275.50000 -68.28
275.55000 -68.27
275.60000 -68.28
275.65000 -68.28
275.70000 -68.28
275.75000 -68.28
275.80000 -68.28
275.85000 -68.29
275.90000 -68.28
275.95000 -68.29
276.00000 -68.29
276.05000 -68.29
276.10000 -68.29
276.15000 -68.29
276.20000 -68.29
276.25000 -68.29
276.30000 -68.29
276.35000 -68.29
276.40000 -68.30
276.45000 -68.30
276.50000 -68.30
276.55000 -68.30
276.60000 -68.30
276.65000 -68.30
276.70000 -68.30
276.75000 -68.30
276.80000 -68.30
276.85000 -68.29
276.90000 -68.30
276.95000 -68.30
277.00000 -68.30
277.05000 -68.30
277.10000 -68.29
277.15000 -68.30
277.20000 -68.30
277.25000 -68.30
277.30000 -68.30
277.35000 -68.30
277.40000 -68.30
277.45000 -68.29
277.50000 -68.30
277.55000 -68.30
277.60000 -68.30
277.65000 -68.30
277.70000 -68.30
277.75000 -68.30
277.80000 -68.30
277.85000 -68.30
277.90000 -68.29
277.95000 -68.30
278.00000 -68.30
278.05000 -68.30
278.10000 -68.30
278.15000 -68.30
278.20000 -68.30
278.25000 -68.30
278.30000 -68.30
278.35000 -68.30
278.40000 -68.30
278.45000 -68.30
278.50000 -68.30
278.55000 -68.30
278.60000 -68.29
278.65000 -68.30
278.70000 -68.30
278.75000 -68.29
278.80000 -68.29
278.85000 -68.29
278.90000 -68.28
278.95000 -68.28
279.00000 -68.28
279.05000 -68.28
279.10000 -68.27
279.15000 -68.27
279.20000 -68.27
279.25000 -68.27
279.30000 -68.27
279.35000 -68.27
279.40000 -68.27
279.45000 -68.28
279.50000 -68.28
279.55000 -68.28
279.60000 -68.29
279.65000 -68.28
279.70000 -68.28
279.75000 -68.29
279.80000 -68.29
279.85000 -68.30
279.90000 -68.30
279.95000 -68.30
280.00000 -68.31
280.05000 -68.31
280.10000 -68.31
280.15000 -68.31
280.20000 -68.31
280.25000 -68.31
280.30000 -68.31
280.35000 -68.31
280.40000 -68.31
280.45000 -68.31
280.50000 -68.31
280.55000 -68.31
280.60000 -68.31
280.65000 -68.31
280.70000 -68.32
280.75000 -68.31
280.80000 -68.31
280.85000 -68.31
280.90000 -68.31
280.95000 -68.31
281.00000 -68.31
281.05000 -68.31
281.10000 -68.32
281.15000 -68.32
281.20000 -68.31
281.25000 -68.31
281.30000 -68.31
281.35000 -68.31
281.40000 -68.32
281.45000 -68.32
281.50000 -68.32
281.55000 -68.32
281.60000 -68.31
281.65000 -68.32
281.70000 -68.32
281.75000 -68.32
281.80000 -68.32
281.85000 -68.33
281.90000 -68.32
281.95000 -68.33
282.00000 -68.33
282.05000 -68.33
282.10000 -68.33
282.15000 -68.34
282.20000 -68.33
282.25000 -68.34
282.30000 -68.34
282.35000 -68.34
282.40000 -68.34
282.45000 -68.34
282.50000 -68.34
282.55000 -68.34
282.60000 -68.34
282.65000 -68.33
282.70000 -68.33
282.75000 -68.33
282.80000 -68.32
282.85000 -68.32
282.90000 -68.32
282.95000 -68.32
283.00000 -68.32
283.05000 -68.32
283.10000 -68.32
283.15000 -68.32
283.20000 -68.31
283.25000 -68.31
283.30000 -68.31
283.35000 -68.31
283.40000 -68.30
283.45000 -68.30
283.50000 -68.30
283.55000 -68.30
283.60000 -68.30
283.65000 -68.30
283.70000 -68.30
283.75000 -68.30
283.80000 -68.30
283.85000 -68.30
283.90000 -68.31
283.95000 -68.31
284.00000 -68.31
284.05000 -68.31
284.10000 -68.31
284.15000 -68.31
284.20000 -68.31
284.25000 -68.31
284.30000 -68.31
284.35000 -68.31
284.40000 -68.30
284.45000 -68.30
284.50000 -68.31
284.55000 -68.31
284.60000 -68.31
284.65000 -68.31
284.70000 -68.30
284.75000 -68.31
284.80000 -68.31
284.85000 -68.30
284.90000 -68.30
284.95000 -68.30
285.00000 -68.29
285.05000 -68.29
285.10000 -68.29
285.15000 -68.28
285.20000 -68.28
285.25000 -68.29
285.30000 -68.29
285.35000 -68.29
285.40000 -68.29
285.45000 -68.29
285.50000 -68.29
285.55000 -68.29
285.60000 -68.30
285.65000 -68.30
285.70000 -68.31
285.75000 -68.31
285.80000 -68.31
285.85000 -68.31
285.90000 -68.31
285.95000 -68.31
286.00000 -68.31
286.05000 -68.31
286.10000 -68.31
286.15000 -68.31
286.20000 -68.31
286.25000 -68.32
286.30000 -68.31
286.35000 -68.31
286.40000 -68.31
286.45000 -68.32
286.50000 -68.32
286.55000 -68.32
286.60000 -68.32
286.65000 -68.31
286.70000 -68.31
286.75000 -68.30
286.80000 -68.30
286.85000 -68.30
286.90000 -68.30
286.95000 -68.29
287.00000 -68.29
287.05000 -68.30
287.10000 -68.30
287.15000 -68.30
287.20000 -68.30
287.25000 -68.30
287.30000 -68.31
287.35000 -68.31
287.40000 -68.31
287.45000 -68.31
287.50000 -68.31
287.55000 -68.31
287.60000 -68.31
287.65000 -68.31
287.70000 -68.31
287.75000 -68.31
287.80000 -68.31
287.85000 -68.31
287.90000 -68.31
287.95000 -68.30
288.00000 -68.30
288.05000 -68.30
288.10000 -68.29
288.15000 -68.29
288.20000 -68.29
288.25000 -68.29
288.30000 -68.29
288.35000 -68.28
288.40000 -68.28
288.45000 -68.28
288.50000 -68.27
288.55000 -68.28
288.60000 -68.27
288.65000 -68.27
288.70000 -68.28
288.75000 -68.28
288.80000 -68.28
288.85000 -68.28
288.90000 -68.28
288.95000 -68.29
289.00000 -68.28
289.05000 -68.28
289.10000 -68.29
289.15000 -68.28
289.20000 -68.28
289.25000 -68.28
289.30000 -68.28
289.35000 -68.28
289.40000 -68.27
289.45000 -68.27
289.50000 -68.27
289.55000 -68.27
289.60000 -68.27
289.65000 -68.27
289.70000 -68.27
289.75000 -68.28
289.80000 -68.27
289.85000 -68.28
289.90000 -68.28
289.95000 -68.28
290.00000 -68.27
290.05000 -68.27
290.10000 -68.28
290.15000 -68.27
290.20000 -68.27
290.25000 -68.27
290.30000 -68.27
290.35000 -68.27
290.40000 -68.27
290.45000 -68.27
290.50000 -68.27
290.55000 -68.27
290.60000 -68.27
290.65000 -68.27
290.70000 -68.27
290.75000 -68.27
290.80000 -68.27
290.85000 -68.26
290.90000 -68.26
290.95000 -68.27
291.00000 -68.27
291.05000 -68.28
291.10000 -68.28
291.15000 -68.28
291.20000 -68.29
291.25000 -68.29
291.30000 -68.29
291.35000 -68.28
291.40000 -68.29
291.45000 -68.29
291.50000 -68.29
291.55000 -68.29
291.60000 -68.29
291.65000 -68.29
291.70000 -68.29
291.75000 -68.29
291.80000 -68.29
291.85000 -68.29
291.90000 -68.29
291.95000 -68.29
292.00000 -68.29
292.05000 -68.28
292.10000 -68.28
292.15000 -68.28
292.20000 -68.29
292.25000 -68.28
292.30000 -68.28
292.35000 -68.28
292.40000 -68.28
292.45000 -68.28
292.50000 -68.28
292.55000 -68.28
292.60000 -68.29
292.65000 -68.29
292.70000 -68.29
292.75000 -68.29
292.80000 -68.29
292.85000 -68.29
292.90000 -68.29
292.95000 -68.29
293.00000 -68.29
293.05000 -68.30
293.10000 -68.30
293.15000 -68.30
293.20000 -68.31
293.25000 -68.31
293.30000 -68.31
293.35000 -68.32
293.40000 -68.32
293.45000 -68.32
293.50000 -68.32
293.55000 -68.31
293.60000 -68.32
293.65000 -68.32
293.70000 -68.32
293.75000 -68.33
293.80000 -68.32
293.85000 -68.33
293.90000 -68.32
293.95000 -68.32
294.00000 -68.32
294.05000 -68.33
294.10000 -68.33
294.15000 -68.32
294.20000 -68.33
294.25000 -68.33
294.30000 -68.33
294.35000 -68.32
294.40000 -68.32
294.45000 -68.32
294.50000 -68.32
294.55000 -68.33
294.60000 -68.32
294.65000 -68.32
294.70000 -68.32
294.75000 -68.32
294.80000 -68.32
294.85000 -68.32
294.90000 -68.32
294.95000 -68.32
295.00000 -68.32
295.05000 -68.32
295.10000 -68.33
295.15000 -68.33
295.20000 -68.34
295.25000 -68.34
295.30000 -68.34
295.35000 -68.34
295.40000 -68.34
295.45000 -68.34
295.50000 -68.34
295.55000 -68.34
295.60000 -68.35
295.65000 -68.34
295.70000 -68.35
295.75000 -68.35
295.80000 -68.35
295.85000 -68.36
295.90000 -68.36
295.95000 -68.36
296.00000 -68.36
296.05000 -68.37
296.10000 -68.36
296.15000 -68.37
296.20000 -68.37
296.25000 -68.36
296.30000 -68.35
296.35000 -68.35
296.40000 -68.35
296.45000 -68.34
296.50000 -68.34
296.55000 -68.34
296.60000 -68.33
296.65000 -68.33
296.70000 -68.33
296.75000 -68.33
296.80000 -68.33
296.85000 -68.32
296.90000 -68.33
296.95000 -68.33
297.00000 -68.33
297.05000 -68.33
297.10000 -68.33
297.15000 -68.33
297.20000 -68.33
297.25000 -68.33
297.30000 -68.33
297.35000 -68.33
297.40000 -68.32
297.45000 -68.33
297.50000 -68.32
297.55000 -68.32
297.60000 -68.32
297.65000 -68.32
297.70000 -68.32
297.75000 -68.32
297.80000 -68.33
297.85000 -68.33
297.90000 -68.32
297.95000 -68.32
298.00000 -68.32
298.05000 -68.32
298.10000 -68.33
298.15000 -68.33
298.20000 -68.33
298.25000 -68.32
298.30000 -68.32
298.35000 -68.32
298.40000 -68.32
298.45000 -68.32
298.50000 -68.32
298.55000 -68.31
298.60000 -68.31
298.65000 -68.31
298.70000 -68.31
298.75000 -68.31
298.80000 -68.30
298.85000 -68.30
298.90000 -68.30
298.95000 -68.30
299.00000 -68.30
299.05000 -68.30
299.10000 -68.30
299.15000 -68.30
299.20000 -68.30
299.25000 -68.30
299.30000 -68.31
299.35000 -68.31
299.40000 -68.31
299.45000 -68.31
299.50000 -68.31
299.55000 -68.32
299.60000 -68.32
299.65000 -68.32
299.70000 -68.32
299.75000 -68.32
299.80000 -68.33
299.85000 -68.33
299.90000 -68.32
299.95000 -68.32
300.00000 -68.33
300.05000 -68.53
300.10000 -68.16
300.15000 -67.70
300.20000 -67.70
300.25000 -67.57
300.30000 -67.42
300.35000 -67.27
300.40000 -67.14
300.45000 -67.00
300.50000 -66.87
300.55000 -66.76
300.60000 -66.65
300.65000 -66.54
300.70000 -66.44
300.75000 -66.35
300.80000 -66.27
300.85000 -66.18
300.90000 -66.12
300.95000 -66.04
301.00000 -65.98
301.05000 -65.92
301.10000 -65.86
301.15000 -65.81
301.20000 -65.76
301.25000 -65.71
301.30000 -65.66
301.35000 -65.61
301.40000 -65.57
301.45000 -65.53
301.50000 -65.49
301.55000 -65.45
301.60000 -65.42
301.65000 -65.39
301.70000 -65.36
301.75000 -65.33
301.80000 -65.30
301.85000 -65.27
301.90000 -65.25
301.95000 -65.23
302.00000 -65.21
302.05000 -65.19
302.10000 -65.17
302.15000 -65.15
302.20000 -65.13
302.25000 -65.12
302.30000 -65.11
302.35000 -65.09
302.40000 -65.08
302.45000 -65.07
302.50000 -65.06
302.55000 -65.05
302.60000 -65.04
302.65000 -65.03
302.70000 -65.02
302.75000 -65.01
302.80000 -65.01
302.85000 -65.00
302.90000 -64.99
302.95000 -64.97
303.00000 -64.97
303.05000 -64.96
303.10000 -64.95
303.15000 -64.93
303.20000 -64.93
303.25000 -64.92
303.30000 -64.92
303.35000 -64.91
303.40000 -64.90
303.45000 -64.90
303.50000 -64.90
303.55000 -64.90
303.60000 -64.90
303.65000 -64.89
303.70000 -64.89
303.75000 -64.89
303.80000 -64.88
303.85000 -64.88
303.90000 -64.88
303.95000 -64.88
304.00000 -64.87
304.05000 -64.87
304.10000 -64.87
304.15000 -64.87
304.20000 -64.87
304.25000 -64.87
304.30000 -64.86
304.35000 -64.86
304.40000 -64.86
304.45000 -64.86
304.50000 -64.86
304.55000 -64.86
304.60000 -64.86
304.65000 -64.86
304.70000 -64.86
304.75000 -64.86
304.80000 -64.86
304.85000 -64.85
304.90000 -64.85
304.95000 -64.85
305.00000 -64.86
305.05000 -64.85
305.10000 -64.85
305.15000 -64.85
305.20000 -64.85
305.25000 -64.85
305.30000 -64.85
305.35000 -64.85
305.40000 -64.85
305.45000 -64.85
305.50000 -64.84
305.55000 -64.85
305.60000 -64.85
305.65000 -64.84
305.70000 -64.84
305.75000 -64.84
305.80000 -64.84
305.85000 -64.85
305.90000 -64.84
305.95000 -64.84
306.00000 -64.84
306.05000 -64.84
306.10000 -64.84
306.15000 -64.84
306.20000 -64.84
306.25000 -64.84
306.30000 -64.83
306.35000 -64.83
306.40000 -64.83
306.45000 -64.84
306.50000 -64.83
306.55000 -64.83
306.60000 -64.83
306.65000 -64.83
306.70000 -64.83
306.75000 -64.83
306.80000 -64.82
306.85000 -64.82
306.90000 -64.81
306.95000 -64.81
307.00000 -64.81
307.05000 -64.81
307.10000 -64.81
307.15000 -64.81
307.20000 -64.81
307.25000 -64.81
307.30000 -64.81
307.35000 -64.81
307.40000 -64.82
307.45000 -64.81
307.50000 -64.82
307.55000 -64.82
307.60000 -64.82
307.65000 -64.82
307.70000 -64.82
307.75000 -64.82
307.80000 -64.82
307.85000 -64.82
307.90000 -64.83
307.95000 -64.82
308.00000 -64.83
308.05000 -64.82
308.10000 -64.82
308.15000 -64.81
308.20000 -64.82
308.25000 -64.82
308.30000 -64.81
308.35000 -64.82
308.40000 -64.82
308.45000 -64.82
308.50000 -64.82
308.55000 -64.82
308.60000 -64.82
308.65000 -64.82
308.70000 -64.82
308.75000 -64.82
308.80000 -64.82
308.85000 -64.81
308.90000 -64.81
308.95000 -64.81
309.00000 -64.81
309.05000 -64.81
309.10000 -64.81
309.15000 -64.80
309.20000 -64.80
309.25000 -64.80
309.30000 -64.80
309.35000 -64.79
309.40000 -64.79
309.45000 -64.80
309.50000 -64.79
309.55000 -64.79
309.60000 -64.79
309.65000 -64.80
309.70000 -64.79
309.75000 -64.79
309.80000 -64.79
309.85000 -64.80
309.90000 -64.80
309.95000 -64.80
310.00000 -64.80
310.05000 -64.79
310.10000 -64.79
310.15000 -64.79
310.20000 -64.79
310.25000 -64.79
310.30000 -64.78
310.35000 -64.78
310.40000 -64.78
310.45000 -64.78
310.50000 -64.78
310.55000 -64.78
310.60000 -64.77
310.65000 -64.77
310.70000 -64.77
310.75000 -64.77
310.80000 -64.77
310.85000 -64.77
310.90000 -64.76
310.95000 -64.76
311.00000 -64.76
311.05000 -64.77
311.10000 -64.76
311.15000 -64.76
311.20000 -64.76
311.25000 -64.76
311.30000 -64.76
311.35000 -64.76
311.40000 -64.76
311.45000 -64.76
311.50000 -64.76
311.55000 -64.76
311.60000 -64.77
311.65000 -64.77
311.70000 -64.78
311.75000 -64.78
311.80000 -64.79
311.85000 -64.79
311.90000 -64.79
311.95000 -64.79
312.00000 -64.80
312.05000 -64.80
312.10000 -64.80
312.15000 -64.80
312.20000 -64.80
312.25000 -64.81
312.30000 -64.81
312.35000 -64.80
312.40000 -64.81
312.45000 -64.81
312.50000 -64.81
312.55000 -64.81
312.60000 -64.81
312.65000 -64.81
312.70000 -64.81
312.75000 -64.80
312.80000 -64.80
312.85000 -64.80
312.90000 -64.80
312.95000 -64.80
313.00000 -64.79
313.05000 -64.79
313.10000 -64.79
313.15000 -64.79
313.20000 -64.78
313.25000 -64.78
313.30000 -64.77
313.35000 -64.77
313.40000 -64.76
313.45000 -64.76
313.50000 -64.76
313.55000 -64.76
313.60000 -64.76
313.65000 -64.76
313.70000 -64.76
313.75000 -64.76
313.80000 -64.75
313.85000 -64.75
313.90000 -64.75
313.95000 -64.75
314.00000 -64.75
314.05000 -64.75
314.10000 -64.75
314.15000 -64.76
314.20000 -64.75
314.25000 -64.76
314.30000 -64.76
314.35000 -64.76
314.40000 -64.76
314.45000 -64.76
314.50000 -64.76
314.55000 -64.77
314.60000 -64.77
314.65000 -64.77
314.70000 -64.78
314.75000 -64.78
314.80000 -64.79
314.85000 -64.79
314.90000 -64.79
314.95000 -64.79
315.00000 -64.79
315.05000 -64.79
315.10000 -64.78
315.15000 -64.79
315.20000 -64.78
315.25000 -64.78
315.30000 -64.77
315.35000 -64.77
315.40000 -64.77
315.45000 -64.78
315.50000 -64.78
315.55000 -64.78
315.60000 -64.78
315.65000 -64.78
315.70000 -64.78
315.75000 -64.79
315.80000 -64.79
315.85000 -64.79
315.90000 -64.79
315.95000 -64.80
316.00000 -64.80
316.05000 -64.80
316.10000 -64.80
316.15000 -64.80
316.20000 -64.81
316.25000 -64.81
316.30000 -64.81
316.35000 -64.81
316.40000 -64.81
316.45000 -64.81
316.50000 -64.81
316.55000 -64.81
316.60000 -64.81
316.65000 -64.80
316.70000 -64.80
316.75000 -64.80
316.80000 -64.80
316.85000 -64.80
316.90000 -64.80
316.95000 -64.81
317.00000 -64.80
317.05000 -64.80
317.10000 -64.81
317.15000 -64.81
317.20000 -64.81
317.25000 -64.81
317.30000 -64.82
317.35000 -64.82
317.40000 -64.82
317.45000 -64.82
317.50000 -64.82
317.55000 -64.82
317.60000 -64.82
317.65000 -64.82
317.70000 -64.82
317.75000 -64.82
317.80000 -64.82
317.85000 -64.82
317.90000 -64.82
317.95000 -64.83
318.00000 -64.82
318.05000 -64.82
318.10000 -64.83
318.15000 -64.83
318.20000 -64.82
318.25000 -64.82
318.30000 -64.83
318.35000 -64.82
318.40000 -64.82
318.45000 -64.82
318.50000 -64.81
318.55000 -64.81
318.60000 -64.81
318.65000 -64.81
318.70000 -64.81
318.75000 -64.80
318.80000 -64.80
318.85000 -64.80
318.90000 -64.81
318.95000 -64.80
319.00000 -64.80
319.05000 -64.79
319.10000 -64.79
319.15000 -64.79
319.20000 -64.79
319.25000 -64.79
319.30000 -64.78
319.35000 -64.78
319.40000 -64.77
319.45000 -64.77
319.50000 -64.76
319.55000 -64.77
319.60000 -64.77
319.65000 -64.77
319.70000 -64.76
319.75000 -64.76
319.80000 -64.76
319.85000 -64.75
319.90000 -64.75
319.95000 -64.75
320.00000 -64.74
320.05000 -64.74
320.10000 -64.74
320.15000 -64.74
320.20000 -64.74
320.25000 -64.75
320.30000 -64.74
320.35000 -64.75
320.40000 -64.75
320.45000 -64.75
320.50000 -64.76
320.55000 -64.76
320.60000 -64.76
320.65000 -64.77
320.70000 -64.76
320.75000 -64.76
320.80000 -64.77
320.85000 -64.77
320.90000 -64.77
320.95000 -64.77
321.00000 -64.77
321.05000 -64.77
321.10000 -64.76
321.15000 -64.77
321.20000 -64.76
321.25000 -64.76
321.30000 -64.76
321.35000 -64.77
321.40000 -64.77
321.45000 -64.77
321.50000 -64.78
321.55000 -64.77
321.60000 -64.77
321.65000 -64.78
321.70000 -64.78
321.75000 -64.78
321.80000 -64.78
321.85000 -64.78
321.90000 -64.78
321.95000 -64.78
322.00000 -64.78
322.05000 -64.78
322.10000 -64.79
322.15000 -64.79
322.20000 -64.79
322.25000 -64.80
322.30000 -64.79
322.35000 -64.79
322.40000 -64.80
322.45000 -64.80
322.50000 -64.79
322.55000 -64.79
322.60000 -64.79
322.65000 -64.79
322.70000 -64.79
322.75000 -64.79
322.80000 -64.79
322.85000 -64.78
322.90000 -64.79
322.95000 -64.79
323.00000 -64.79
323.05000 -64.78
323.10000 -64.79
323.15000 -64.78
323.20000 -64.78
323.25000 -64.78
323.30000 -64.77
323.35000 -64.78
323.40000 -64.78
323.45000 -64.78
323.50000 -64.78
323.55000 -64.77
323.60000 -64.78
323.65000 -64.78
323.70000 -64.78
323.75000 -64.77
323.80000 -64.78
323.85000 -64.77
323.90000 -64.77
323.95000 -64.77
324.00000 -64.76
324.05000 -64.76
324.10000 -64.76
324.15000 -64.76
324.20000 -64.76
324.25000 -64.76
324.30000 -64.76
324.35000 -64.75
324.40000 -64.75
324.45000 -64.76
324.50000 -64.75
324.55000 -64.76
324.60000 -64.75
324.65000 -64.75
324.70000 -64.75
324.75000 -64.75
324.80000 -64.74
324.85000 -64.75
324.90000 -64.75
324.95000 -64.75
325.00000 -64.76
325.05000 -64.75
325.10000 -64.76
325.15000 -64.76
325.20000 -64.76
325.25000 -64.76
325.30000 -64.76
325.35000 -64.76
325.40000 -64.77
325.45000 -64.76
325.50000 -64.76
325.55000 -64.76
325.60000 -64.77
325.65000 -64.76
325.70000 -64.76
325.75000 -64.76
325.80000 -64.77
325.85000 -64.76
325.90000 -64.76
325.95000 -64.76
326.00000 -64.77
326.05000 -64.77
326.10000 -64.77
326.15000 -64.77
326.20000 -64.77
326.25000 -64.78
326.30000 -64.77
326.35000 -64.77
326.40000 -64.78
326.45000 -64.78
326.50000 -64.78
326.55000 -64.78
326.60000 -64.78
326.65000 -64.78
326.70000 -64.78
326.75000 -64.77
326.80000 -64.78
326.85000 -64.77
326.90000 -64.77
326.95000 -64.78
327.00000 -64.78
327.05000 -64.77
327.10000 -64.78
327.15000 -64.78
327.20000 -64.78
327.25000 -64.78
327.30000 -64.78
327.35000 -64.78
327.40000 -64.78
327.45000 -64.78
327.50000 -64.78
327.55000 -64.78
327.60000 -64.78
327.65000 -64.78
327.70000 -64.78
327.75000 -64.78
327.80000 -64.78
327.85000 -64.78
327.90000 -64.77
327.95000 -64.77
328.00000 -64.76
328.05000 -64.76
328.10000 -64.76
328.15000 -64.76
328.20000 -64.77
328.25000 -64.77
328.30000 -64.76
328.35000 -64.76
328.40000 -64.76
328.45000 -64.76
328.50000 -64.76
328.55000 -64.76
328.60000 -64.76
328.65000 -64.76
328.70000 -64.76
328.75000 -64.76
328.80000 -64.76
328.85000 -64.76
328.90000 -64.76
328.95000 -64.76
329.00000 -64.77
329.05000 -64.77
329.10000 -64.77
329.15000 -64.78
329.20000 -64.79
329.25000 -64.79
329.30000 -64.79
329.35000 -64.79
329.40000 -64.80
329.45000 -64.80
329.50000 -64.80
329.55000 -64.80
329.60000 -64.80
329.65000 -64.80
329.70000 -64.80
329.75000 -64.80
329.80000 -64.81
329.85000 -64.81
329.90000 -64.81
329.95000 -64.81
330.00000 -64.81
330.05000 -64.82
330.10000 -64.82
330.15000 -64.82
330.20000 -64.82
330.25000 -64.82
330.30000 -64.81
330.35000 -64.82
330.40000 -64.82
330.45000 -64.82
330.50000 -64.82
330.55000 -64.82
330.60000 -64.82
330.65000 -64.81
330.70000 -64.81
330.75000 -64.81
330.80000 -64.81
330.85000 -64.81
330.90000 -64.81
330.95000 -64.81
331.00000 -64.80
331.05000 -64.80
331.10000 -64.80
331.15000 -64.80
331.20000 -64.80
331.25000 -64.80
331.30000 -64.80
331.35000 -64.80
331.40000 -64.80
331.45000 -64.80
331.50000 -64.80
331.55000 -64.80
331.60000 -64.80
331.65000 -64.80
331.70000 -64.80
331.75000 -64.80
331.80000 -64.80
331.85000 -64.80
331.90000 -64.80
331.95000 -64.80
332.00000 -64.79
332.05000 -64.79
332.10000 -64.79
332.15000 -64.79
332.20000 -64.78
332.25000 -64.78
332.30000 -64.78
332.35000 -64.78
332.40000 -64.78
332.45000 -64.78
332.50000 -64.78
332.55000 -64.78
332.60000 -64.77
332.65000 -64.78
332.70000 -64.77
332.75000 -64.77
332.80000 -64.77
332.85000 -64.77
332.90000 -64.77
332.95000 -64.76
333.00000 -64.76
333.05000 -64.77
333.10000 -64.77
333.15000 -64.76
333.20000 -64.76
333.25000 -64.76
333.30000 -64.75
333.35000 -64.75
333.40000 -64.75
333.45000 -64.75
333.50000 -64.74
333.55000 -64.74
333.60000 -64.74
333.65000 -64.74
333.70000 -64.74
333.75000 -64.74
333.80000 -64.74
333.85000 -64.74
333.90000 -64.75
333.95000 -64.74
334.00000 -64.75
334.05000 -64.75
334.10000 -64.75
334.15000 -64.74
334.20000 -64.75
334.25000 -64.75
334.30000 -64.75
334.35000 -64.75
334.40000 -64.75
334.45000 -64.75
334.50000 -64.76
334.55000 -64.76
334.60000 -64.76
334.65000 -64.77
334.70000 -64.77
334.75000 -64.77
334.80000 -64.77
334.85000 -64.77
334.90000 -64.77
334.95000 -64.77
335.00000 -64.77
335.05000 -64.77
335.10000 -64.78
335.15000 -64.78
335.20000 -64.78
335.25000 -64.78
335.30000 -64.78
335.35000 -64.78
335.40000 -64.79
335.45000 -64.79
335.50000 -64.79
335.55000 -64.79
335.60000 -64.80
335.65000 -64.79
335.70000 -64.79
335.75000 -64.79
335.80000 -64.78
335.85000 -64.78
335.90000 -64.78
335.95000 -64.77
336.00000 -64.77
336.05000 -64.77
336.10000 -64.77
336.15000 -64.77
336.20000 -64.77
336.25000 -64.77
336.30000 -64.77
336.35000 -64.77
336.40000 -64.77
336.45000 -64.77
336.50000 -64.77
336.55000 -64.77
336.60000 -64.76
336.65000 -64.76
336.70000 -64.76
336.75000 -64.75
336.80000 -64.76
336.85000 -64.76
336.90000 -64.76
336.95000 -64.76
337.00000 -64.76
337.05000 -64.76
337.10000 -64.75
337.15000 -64.75
337.20000 -64.75
337.25000 -64.75
337.30000 -64.75
337.35000 -64.75
337.40000 -64.76
337.45000 -64.76
337.50000 -64.76
337.55000 -64.76
337.60000 -64.76
337.65000 -64.76
337.70000 -64.77
337.75000 -64.77
337.80000 -64.77
337.85000 -64.78
337.90000 -64.78
337.95000 -64.78
338.00000 -64.78
338.05000 -64.78
338.10000 -64.78
338.15000 -64.78
338.20000 -64.78
338.25000 -64.78
338.30000 -64.78
338.35000 -64.78
338.40000 -64.78
338.45000 -64.78
338.50000 -64.79
338.55000 -64.79
338.60000 -64.79
338.65000 -64.79
338.70000 -64.79
338.75000 -64.79
338.80000 -64.80
338.85000 -64.80
338.90000 -64.80
338.95000 -64.80
339.00000 -64.79
339.05000 -64.79
339.10000 -64.79
339.15000 -64.79
339.20000 -64.79
339.25000 -64.79
339.30000 -64.79
339.35000 -64.78
339.40000 -64.79
339.45000 -64.79
339.50000 -64.78
339.55000 -64.79
339.60000 -64.79
339.65000 -64.78
339.70000 -64.78
339.75000 -64.78
339.80000 -64.78
339.85000 -64.78
339.90000 -64.79
339.95000 -64.79
340.00000 -64.80
340.05000 -64.79
340.10000 -64.80
340.15000 -64.80
340.20000 -64.80
340.25000 -64.80
340.30000 -64.80
340.35000 -64.80
340.40000 -64.80
340.45000 -64.80
340.50000 -64.80
340.55000 -64.80
340.60000 -64.80
340.65000 -64.80
340.70000 -64.80
340.75000 -64.81
340.80000 -64.81
340.85000 -64.81
340.90000 -64.82
340.95000 -64.81
341.00000 -64.81
341.05000 -64.81
341.10000 -64.80
341.15000 -64.80
341.20000 -64.79
341.25000 -64.79
341.30000 -64.78
341.35000 -64.77
341.40000 -64.78
341.45000 -64.77
341.50000 -64.77
341.55000 -64.77
341.60000 -64.77
341.65000 -64.78
341.70000 -64.78
341.75000 -64.78
341.80000 -64.78
341.85000 -64.78
341.90000 -64.79
341.95000 -64.78
342.00000 -64.78
342.05000 -64.79
342.10000 -64.79
342.15000 -64.79
342.20000 -64.79
342.25000 -64.79
342.30000 -64.79
342.35000 -64.80
342.40000 -64.80
342.45000 -64.80
342.50000 -64.80
342.55000 -64.79
342.60000 -64.80
342.65000 -64.80
342.70000 -64.80
342.75000 -64.80
342.80000 -64.80
342.85000 -64.80
342.90000 -64.81
342.95000 -64.81
343.00000 -64.81
343.05000 -64.81
343.10000 -64.81
343.15000 -64.81
343.20000 -64.82
343.25000 -64.82
343.30000 -64.82
343.35000 -64.81
343.40000 -64.81
343.45000 -64.81
343.50000 -64.81
343.55000 -64.81
343.60000 -64.81
343.65000 -64.80
343.70000 -64.80
343.75000 -64.80
343.80000 -64.80
343.85000 -64.80
343.90000 -64.80
343.95000 -64.80
344.00000 -64.80
344.05000 -64.80
344.10000 -64.80
344.15000 -64.80
344.20000 -64.80
344.25000 -64.79
344.30000 -64.79
344.35000 -64.79
344.40000 -64.79
344.45000 -64.79
344.50000 -64.78
344.55000 -64.78
344.60000 -64.78
344.65000 -64.78
344.70000 -64.78
344.75000 -64.78
344.80000 -64.78
344.85000 -64.78
344.90000 -64.78
344.95000 -64.78
345.00000 -64.78
345.05000 -64.77
345.10000 -64.77
345.15000 -64.77
345.20000 -64.77
345.25000 -64.76
345.30000 -64.76
345.35000 -64.76
345.40000 -64.76
345.45000 -64.76
345.50000 -64.76
345.55000 -64.76
345.60000 -64.75
345.65000 -64.75
345.70000 -64.76
345.75000 -64.76
345.80000 -64.76
345.85000 -64.76
345.90000 -64.76
345.95000 -64.76
346.00000 -64.77
346.05000 -64.77
346.10000 -64.76
346.15000 -64.77
346.20000 -64.77
346.25000 -64.77
346.30000 -64.77
346.35000 -64.77
346.40000 -64.77
346.45000 -64.77
346.50000 -64.77
346.55000 -64.77
346.60000 -64.77
346.65000 -64.78
346.70000 -64.77
346.75000 -64.78
346.80000 -64.77
346.85000 -64.78
346.90000 -64.78
346.95000 -64.78
347.00000 -64.78
347.05000 -64.78
347.10000 -64.77
347.15000 -64.77
347.20000 -64.77
347.25000 -64.77
347.30000 -64.77
347.35000 -64.77
347.40000 -64.77
347.45000 -64.77
347.50000 -64.77
347.55000 -64.77
347.60000 -64.76
347.65000 -64.76
347.70000 -64.76
347.75000 -64.76
347.80000 -64.76
347.85000 -64.76
347.90000 -64.75
347.95000 -64.75
348.00000 -64.75
348.05000 -64.75
348.10000 -64.75
348.15000 -64.75
348.20000 -64.74
348.25000 -64.75
348.30000 -64.75
348.35000 -64.75
348.40000 -64.74
348.45000 -64.74
348.50000 -64.74
348.55000 -64.74
348.60000 -64.74
348.65000 -64.74
348.70000 -64.74
348.75000 -64.73
348.80000 -64.74
348.85000 -64.74
348.90000 -64.74
348.95000 -64.75
349.00000 -64.75
349.05000 -64.74
349.10000 -64.75
349.15000 -64.75
349.20000 -64.75
349.25000 -64.75
349.30000 -64.75
349.35000 -64.75
349.40000 -64.76
349.45000 -64.77
349.50000 -64.76
349.55000 -64.76
349.60000 -64.77
349.65000 -64.77
349.70000 -64.77
349.75000 -64.77
349.80000 -64.77
349.85000 -64.77
349.90000 -64.77
349.95000 -64.77
350.00000 -64.77
350.05000 -64.77
350.10000 -64.77
350.15000 -64.77
350.20000 -64.78
350.25000 -64.77
350.30000 -64.77
350.35000 -64.77
350.40000 -64.77
350.45000 -64.77
350.50000 -64.76
350.55000 -64.76
350.60000 -64.77
350.65000 -64.76
350.70000 -64.76
350.75000 -64.76
350.80000 -64.75
350.85000 -64.75
350.90000 -64.75
350.95000 -64.75
351.00000 -64.74
351.05000 -64.74
351.10000 -64.74
351.15000 -64.74
351.20000 -64.74
351.25000 -64.74
351.30000 -64.74
351.35000 -64.75
351.40000 -64.74
351.45000 -64.75
351.50000 -64.74
351.55000 -64.75
351.60000 -64.76
351.65000 -64.76
351.70000 -64.76
351.75000 -64.76
351.80000 -64.77
351.85000 -64.77
351.90000 -64.77
351.95000 -64.77
352.00000 -64.78
352.05000 -64.78
352.10000 -64.78
352.15000 -64.77
352.20000 -64.78
352.25000 -64.77
352.30000 -64.77
352.35000 -64.77
352.40000 -64.78
352.45000 -64.77
352.50000 -64.78
352.55000 -64.77
352.60000 -64.77
352.65000 -64.77
352.70000 -64.77
352.75000 -64.77
352.80000 -64.77
352.85000 -64.77
352.90000 -64.77
352.95000 -64.77
353.00000 -64.77
353.05000 -64.77
353.10000 -64.78
353.15000 -64.77
353.20000 -64.77
353.25000 -64.77
353.30000 -64.77
353.35000 -64.76
353.40000 -64.77
353.45000 -64.76
353.50000 -64.76
353.55000 -64.76
353.60000 -64.76
353.65000 -64.75
353.70000 -64.75
353.75000 -64.75
353.80000 -64.76
353.85000 -64.75
353.90000 -64.75
353.95000 -64.75
354.00000 -64.75
354.05000 -64.74
354.10000 -64.74
354.15000 -64.74
354.20000 -64.74
354.25000 -64.74
354.30000 -64.73
354.35000 -64.73
354.40000 -64.73
354.45000 -64.74
354.50000 -64.74
354.55000 -64.74
354.60000 -64.74
354.65000 -64.74
354.70000 -64.74
354.75000 -64.75
354.80000 -64.75
354.85000 -64.75
354.90000 -64.75
354.95000 -64.75
355.00000 -64.76
355.05000 -64.76
355.10000 -64.76
355.15000 -64.77
355.20000 -64.77
355.25000 -64.77
355.30000 -64.77
355.35000 -64.77
355.40000 -64.77
355.45000 -64.77
355.50000 -64.77
355.55000 -64.77
355.60000 -64.77
355.65000 -64.78
355.70000 -64.77
355.75000 -64.78
355.80000 -64.78
355.85000 -64.78
355.90000 -64.78
355.95000 -64.78
356.00000 -64.78
356.05000 -64.78
356.10000 -64.78
356.15000 -64.79
356.20000 -64.79
356.25000 -64.79
356.30000 -64.79
356.35000 -64.79
356.40000 -64.79
356.45000 -64.79
356.50000 -64.79
356.55000 -64.79
356.60000 -64.79
356.65000 -64.79
356.70000 -64.79
356.75000 -64.79
356.80000 -64.79
356.85000 -64.79
356.90000 -64.80
356.95000 -64.79
357.00000 -64.79
357.05000 -64.79
357.10000 -64.80
357.15000 -64.79
357.20000 -64.79
357.25000 -64.79
357.30000 -64.79
357.35000 -64.79
357.40000 -64.79
357.45000 -64.80
357.50000 -64.79
357.55000 -64.80
357.60000 -64.80
357.65000 -64.79
357.70000 -64.80
357.75000 -64.80
357.80000 -64.81
357.85000 -64.81
357.90000 -64.81
357.95000 -64.80
358.00000 -64.81
358.05000 -64.81
358.10000 -64.81
358.15000 -64.81
358.20000 -64.82
358.25000 -64.81
358.30000 -64.81
358.35000 -64.81
358.40000 -64.81
358.45000 -64.81
358.50000 -64.80
358.55000 -64.80
358.60000 -64.79
358.65000 -64.80
358.70000 -64.79
358.75000 -64.79
358.80000 -64.79
358.85000 -64.79
358.90000 -64.79
358.95000 -64.79
359.00000 -64.78
359.05000 -64.77
359.10000 -64.77
359.15000 -64.77
359.20000 -64.77
359.25000 -64.76
359.30000 -64.76
359.35000 -64.76
359.40000 -64.75
359.45000 -64.75
359.50000 -64.75
359.55000 -64.74
359.60000 -64.74
359.65000 -64.75
359.70000 -64.75
359.75000 -64.74
359.80000 -64.74
359.85000 -64.74
359.90000 -64.75
359.95000 -64.75
360.00000 -64.75
360.05000 -64.75
360.10000 -64.75
360.15000 -64.75
360.20000 -64.75
360.25000 -64.75
360.30000 -64.75
360.35000 -64.75
360.40000 -64.75
360.45000 -64.75
360.50000 -64.75
360.55000 -64.76
360.60000 -64.76
360.65000 -64.76
360.70000 -64.76
360.75000 -64.76
360.80000 -64.76
360.85000 -64.77
360.90000 -64.76
360.95000 -64.77
361.00000 -64.77
361.05000 -64.76
361.10000 -64.76
361.15000 -64.76
361.20000 -64.77
361.25000 -64.77
361.30000 -64.77
361.35000 -64.77
361.40000 -64.77
361.45000 -64.77
361.50000 -64.77
361.55000 -64.77
361.60000 -64.78
361.65000 -64.78
361.70000 -64.78
361.75000 -64.77
361.80000 -64.78
361.85000 -64.77
361.90000 -64.77
361.95000 -64.76
362.00000 -64.76
362.05000 -64.76
362.10000 -64.76
362.15000 -64.75
362.20000 -64.75
362.25000 -64.75
362.30000 -64.75
362.35000 -64.75
362.40000 -64.75
362.45000 -64.74
362.50000 -64.74
362.55000 -64.74
362.60000 -64.74
362.65000 -64.73
362.70000 -64.73
362.75000 -64.72
362.80000 -64.72
362.85000 -64.73
362.90000 -64.72
362.95000 -64.72
363.00000 -64.73
363.05000 -64.73
363.10000 -64.73
363.15000 -64.73
363.20000 -64.74
363.25000 -64.74
363.30000 -64.74
363.35000 -64.74
363.40000 -64.74
363.45000 -64.74
363.50000 -64.74
363.55000 -64.74
363.60000 -64.74
363.65000 -64.75
363.70000 -64.75
363.75000 -64.75
363.80000 -64.75
363.85000 -64.75
363.90000 -64.76
363.95000 -64.75
364.00000 -64.76
364.05000 -64.76
364.10000 -64.76
364.15000 -64.76
364.20000 -64.77
364.25000 -64.77
364.30000 -64.77
364.35000 -64.77
364.40000 -64.77
364.45000 -64.77
364.50000 -64.77
364.55000 -64.77
364.60000 -64.77
364.65000 -64.77
364.70000 -64.77
364.75000 -64.77
364.80000 -64.77
364.85000 -64.77
364.90000 -64.78
364.95000 -64.78
365.00000 -64.77
365.05000 -64.77
365.10000 -64.78
365.15000 -64.78
365.20000 -64.77
365.25000 -64.78
365.30000 -64.77
365.35000 -64.77
365.40000 -64.78
365.45000 -64.78
365.50000 -64.77
365.55000 -64.78
365.60000 -64.78
365.65000 -64.78
365.70000 -64.78
365.75000 -64.78
365.80000 -64.78
365.85000 -64.78
365.90000 -64.78
365.95000 -64.78
366.00000 -64.78
366.05000 -64.78
366.10000 -64.78
366.15000 -64.79
366.20000 -64.79
366.25000 -64.79
366.30000 -64.79
366.35000 -64.80
366.40000 -64.80
366.45000 -64.79
366.50000 -64.79
366.55000 -64.79
366.60000 -64.79
366.65000 -64.79
366.70000 -64.79
366.75000 -64.79
366.80000 -64.78
366.85000 -64.79
366.90000 -64.78
366.95000 -64.78
367.00000 -64.78
367.05000 -64.78
367.10000 -64.78
367.15000 -64.77
367.20000 -64.77
367.25000 -64.77
367.30000 -64.77
367.35000 -64.77
367.40000 -64.77
367.45000 -64.77
367.50000 -64.78
367.55000 -64.77
367.60000 -64.77
367.65000 -64.77
367.70000 -64.77
367.75000 -64.76
367.80000 -64.76
367.85000 -64.76
367.90000 -64.76
367.95000 -64.77
368.00000 -64.76
368.05000 -64.76
368.10000 -64.76
368.15000 -64.76
368.20000 -64.75
368.25000 -64.74
368.30000 -64.74
368.35000 -64.74
368.40000 -64.74
368.45000 -64.75
368.50000 -64.75
368.55000 -64.75
368.60000 -64.75
368.65000 -64.75
368.70000 -64.76
368.75000 -64.76
368.80000 -64.76
368.85000 -64.77
368.90000 -64.76
368.95000 -64.76
369.00000 -64.76
369.05000 -64.77
369.10000 -64.76
369.15000 -64.76
369.20000 -64.76
369.25000 -64.76
369.30000 -64.75
369.35000 -64.75
369.40000 -64.75
369.45000 -64.75
369.50000 -64.75
369.55000 -64.74
369.60000 -64.74
369.65000 -64.74
369.70000 -64.73
369.75000 -64.73
369.80000 -64.73
369.85000 -64.73
369.90000 -64.73
369.95000 -64.72
370.00000 -64.71
370.05000 -64.71
370.10000 -64.70
370.15000 -64.69
370.20000 -64.69
370.25000 -64.69
370.30000 -64.68
370.35000 -64.68
370.40000 -64.68
370.45000 -64.68
370.50000 -64.68
370.55000 -64.68
370.60000 -64.69
370.65000 -64.68
370.70000 -64.69
370.75000 -64.69
370.80000 -64.69
370.85000 -64.69
370.90000 -64.69
370.95000 -64.69
371.00000 -64.70
371.05000 -64.70
371.10000 -64.70
371.15000 -64.71
371.20000 -64.72
371.25000 -64.72
371.30000 -64.72
371.35000 -64.71
371.40000 -64.72
371.45000 -64.72
371.50000 -64.72
371.55000 -64.72
371.60000 -64.72
371.65000 -64.72
371.70000 -64.72
371.75000 -64.72
371.80000 -64.72
371.85000 -64.72
371.90000 -64.73
371.95000 -64.72
372.00000 -64.72
372.05000 -64.72
372.10000 -64.72
372.15000 -64.72
372.20000 -64.72
372.25000 -64.71
372.30000 -64.71
372.35000 -64.71
372.40000 -64.71
372.45000 -64.71
372.50000 -64.71
372.55000 -64.71
372.60000 -64.72
372.65000 -64.72
372.70000 -64.72
372.75000 -64.72
372.80000 -64.72
372.85000 -64.73
372.90000 -64.73
372.95000 -64.74
373.00000 -64.74
373.05000 -64.74
373.10000 -64.74
373.15000 -64.74
373.20000 -64.74
373.25000 -64.75
373.30000 -64.75
373.35000 -64.76
373.40000 -64.76
373.45000 -64.76
373.50000 -64.76
373.55000 -64.76
373.60000 -64.76
373.65000 -64.76
373.70000 -64.77
373.75000 -64.77
373.80000 -64.77
373.85000 -64.77
373.90000 -64.77
373.95000 -64.77
374.00000 -64.77
374.05000 -64.78
374.10000 -64.77
374.15000 -64.77
374.20000 -64.77
374.25000 -64.78
374.30000 -64.78
374.35000 -64.77
374.40000 -64.78
374.45000 -64.78
374.50000 -64.78
374.55000 -64.78
374.60000 -64.78
374.65000 -64.78
374.70000 -64.78
374.75000 -64.78
374.80000 -64.79
374.85000 -64.78
374.90000 -64.78
374.95000 -64.78
375.00000 -64.78
375.05000 -64.78
375.10000 -64.77
375.15000 -64.77
375.20000 -64.77
375.25000 -64.77
375.30000 -64.77
375.35000 -64.77
375.40000 -64.77
375.45000 -64.77
375.50000 -64.78
375.55000 -64.78
375.60000 -64.78
375.65000 -64.79
375.70000 -64.78
375.75000 -64.78
375.80000 -64.78
375.85000 -64.78
375.90000 -64.78
375.95000 -64.78
376.00000 -64.77
376.05000 -64.78
376.10000 -64.77
376.15000 -64.76
376.20000 -64.76
376.25000 -64.76
376.30000 -64.76
376.35000 -64.76
376.40000 -64.76
376.45000 -64.76
376.50000 -64.75
376.55000 -64.75
376.60000 -64.74
376.65000 -64.74
376.70000 -64.74
376.75000 -64.73
376.80000 -64.73
376.85000 -64.73
376.90000 -64.72
376.95000 -64.72
377.00000 -64.71
377.05000 -64.72
377.10000 -64.72
377.15000 -64.72
377.20000 -64.72
377.25000 -64.73
377.30000 -64.73
377.35000 -64.73
377.40000 -64.73
377.45000 -64.73
377.50000 -64.74
377.55000 -64.74
377.60000 -64.74
377.65000 -64.73
377.70000 -64.74
377.75000 -64.73
377.80000 -64.73
377.85000 -64.73
377.90000 -64.72
377.95000 -64.73
378.00000 -64.72
378.05000 -64.73
378.10000 -64.73
378.15000 -64.72
378.20000 -64.73
378.25000 -64.73
378.30000 -64.73
378.35000 -64.73
378.40000 -64.74
378.45000 -64.74
378.50000 -64.74
378.55000 -64.74
378.60000 -64.75
378.65000 -64.75
378.70000 -64.75
378.75000 -64.76
378.80000 -64.76
378.85000 -64.76
378.90000 -64.76
378.95000 -64.76
379.00000 -64.76
379.05000 -64.76
379.10000 -64.77
379.15000 -64.77
379.20000 -64.77
379.25000 -64.77
379.30000 -64.77
379.35000 -64.77
379.40000 -64.77
379.45000 -64.77
379.50000 -64.78
379.55000 -64.78
379.60000 -64.79
379.65000 -64.78
379.70000 -64.79
379.75000 -64.79
379.80000 -64.79
379.85000 -64.79
379.90000 -64.79
379.95000 -64.79
380.00000 -64.79
380.05000 -64.79
380.10000 -64.79
380.15000 -64.79
380.20000 -64.79
380.25000 -64.79
380.30000 -64.79
380.35000 -64.79
380.40000 -64.79
380.45000 -64.79
380.50000 -64.79
380.55000 -64.79
380.60000 -64.79
380.65000 -64.79
380.70000 -64.80
380.75000 -64.80
380.80000 -64.80
380.85000 -64.79
380.90000 -64.80
380.95000 -64.80
381.00000 -64.80
381.05000 -64.79
381.10000 -64.79
381.15000 -64.79
381.20000 -64.78
381.25000 -64.79
381.30000 -64.79
381.35000 -64.79
381.40000 -64.79
381.45000 -64.79
381.50000 -64.79
381.55000 -64.79
381.60000 -64.79
381.65000 -64.79
381.70000 -64.79
381.75000 -64.79
381.80000 -64.79
381.85000 -64.78
381.90000 -64.79
381.95000 -64.78
382.00000 -64.79
382.05000 -64.78
382.10000 -64.78
382.15000 -64.78
382.20000 -64.78
382.25000 -64.78
382.30000 -64.78
382.35000 -64.78
382.40000 -64.78
382.45000 -64.77
382.50000 -64.77
382.55000 -64.77
382.60000 -64.77
382.65000 -64.76
382.70000 -64.76
382.75000 -64.76
382.80000 -64.77
382.85000 -64.77
382.90000 -64.77
382.95000 -64.76
383.00000 -64.76
383.05000 -64.77
383.10000 -64.77
383.15000 -64.76
383.20000 -64.76
383.25000 -64.76
383.30000 -64.76
383.35000 -64.76
383.40000 -64.76
383.45000 -64.76
383.50000 -64.77
383.55000 -64.76
383.60000 -64.76
383.65000 -64.76
383.70000 -64.75
383.75000 -64.75
383.80000 -64.75
383.85000 -64.75
383.90000 -64.75
383.95000 -64.74
384.00000 -64.74
384.05000 -64.74
384.10000 -64.73
384.15000 -64.73
384.20000 -64.73
384.25000 -64.73
384.30000 -64.72
384.35000 -64.72
384.40000 -64.72
384.45000 -64.72
384.50000 -64.71
384.55000 -64.71
384.60000 -64.71
384.65000 -64.71
384.70000 -64.72
384.75000 -64.71
384.80000 -64.71
384.85000 -64.72
384.90000 -64.72
384.95000 -64.72
385.00000 -64.72
385.05000 -64.72
385.10000 -64.72
385.15000 -64.71
385.20000 -64.71
385.25000 -64.71
385.30000 -64.71
385.35000 -64.70
385.40000 -64.70
385.45000 -64.69
385.50000 -64.69
385.55000 -64.68
385.60000 -64.69
385.65000 -64.68
385.70000 -64.69
385.75000 -64.69
385.80000 -64.69
385.85000 -64.69
385.90000 -64.70
385.95000 -64.70
386.00000 -64.70
386.05000 -64.70
386.10000 -64.70
386.15000 -64.69
386.20000 -64.70
386.25000 -64.70
386.30000 -64.70
386.35000 -64.70
386.40000 -64.70
386.45000 -64.70
386.50000 -64.71
386.55000 -64.71
386.60000 -64.71
386.65000 -64.71
386.70000 -64.72
386.75000 -64.71
386.80000 -64.72
386.85000 -64.72
386.90000 -64.72
386.95000 -64.72
387.00000 -64.72
387.05000 -64.73
387.10000 -64.73
387.15000 -64.73
387.20000 -64.74
387.25000 -64.73
387.30000 -64.73
387.35000 -64.73
387.40000 -64.73
387.45000 -64.73
387.50000 -64.73
387.55000 -64.73
387.60000 -64.74
387.65000 -64.73
387.70000 -64.74
387.75000 -64.74
387.80000 -64.74
387.85000 -64.74
387.90000 -64.74
387.95000 -64.75
388.00000 -64.75
388.05000 -64.75
388.10000 -64.76
388.15000 -64.75
388.20000 -64.76
388.25000 -64.75
388.30000 -64.76
388.35000 -64.76
388.40000 -64.76
388.45000 -64.76
388.50000 -64.76
388.55000 -64.76
388.60000 -64.76
388.65000 -64.76
388.70000 -64.77
388.75000 -64.76
388.80000 -64.77
388.85000 -64.76
388.90000 -64.77
388.95000 -64.77
389.00000 -64.77
389.05000 -64.77
389.10000 -64.78
389.15000 -64.78
389.20000 -64.78
389.25000 -64.78
389.30000 -64.78
389.35000 -64.78
389.40000 -64.79
389.45000 -64.79
389.50000 -64.79
389.55000 -64.80
389.60000 -64.80
389.65000 -64.79
389.70000 -64.79
389.75000 -64.80
389.80000 -64.80
389.85000 -64.79
389.90000 -64.79
389.95000 -64.79
390.00000 -64.78
390.05000 -64.78
390.10000 -64.78
390.15000 -64.77
390.20000 -64.78
390.25000 -64.77
390.30000 -64.77
390.35000 -64.77
390.40000 -64.77
390.45000 -64.76
390.50000 -64.76
390.55000 -64.76
390.60000 -64.76
390.65000 -64.75
390.70000 -64.75
390.75000 -64.75
390.80000 -64.76
390.85000 -64.76
390.90000 -64.75
390.95000 -64.75
391.00000 -64.75
391.05000 -64.74
391.10000 -64.75
391.15000 -64.75
391.20000 -64.75
391.25000 -64.74
391.30000 -64.74
391.35000 -64.74
391.40000 -64.74
391.45000 -64.74
391.50000 -64.74
391.55000 -64.74
391.60000 -64.74
391.65000 -64.74
391.70000 -64.74
391.75000 -64.74
391.80000 -64.74
391.85000 -64.74
391.90000 -64.74
391.95000 -64.73
392.00000 -64.74
392.05000 -64.73
392.10000 -64.73
392.15000 -64.73
392.20000 -64.73
392.25000 -64.74
392.30000 -64.74
392.35000 -64.74
392.40000 -64.74
392.45000 -64.75
392.50000 -64.75
392.55000 -64.75
392.60000 -64.76
392.65000 -64.76
392.70000 -64.76
392.75000 -64.76
392.80000 -64.77
392.85000 -64.77
392.90000 -64.77
392.95000 -64.77
393.00000 -64.78
393.05000 -64.77
393.10000 -64.77
393.15000 -64.77
393.20000 -64.77
393.25000 -64.77
393.30000 -64.77
393.35000 -64.77
393.40000 -64.77
393.45000 -64.77
393.50000 -64.77
393.55000 -64.77
393.60000 -64.77
393.65000 -64.77
393.70000 -64.76
393.75000 -64.76
393.80000 -64.77
393.85000 -64.76
393.90000 -64.76
393.95000 -64.76
394.00000 -64.76
394.05000 -64.76
394.10000 -64.75
394.15000 -64.75
394.20000 -64.75
394.25000 -64.74
394.30000 -64.74
394.35000 -64.73
394.40000 -64.73
394.45000 -64.74
394.50000 -64.73
394.55000 -64.74
394.60000 -64.73
394.65000 -64.73
394.70000 -64.73
394.75000 -64.73
394.80000 -64.73
394.85000 -64.73
394.90000 -64.73
394.95000 -64.73
395.00000 -64.74
395.05000 -64.74
395.10000 -64.73
395.15000 -64.74
395.20000 -64.74
395.25000 -64.74
395.30000 -64.74
395.35000 -64.74
395.40000 -64.75
395.45000 -64.75
395.50000 -64.75
395.55000 -64.74
395.60000 -64.74
395.65000 -64.74
395.70000 -64.74
395.75000 -64.73
395.80000 -64.73
395.85000 -64.73
395.90000 -64.73
395.95000 -64.73
396.00000 -64.73
396.05000 -64.73
396.10000 -64.73
396.15000 -64.73
396.20000 -64.74
396.25000 -64.74
396.30000 -64.74
396.35000 -64.73
396.40000 -64.74
396.45000 -64.74
396.50000 -64.74
396.55000 -64.74
396.60000 -64.74
396.65000 -64.74
396.70000 -64.74
396.75000 -64.74
396.80000 -64.74
396.85000 -64.73
396.90000 -64.73
396.95000 -64.73
397.00000 -64.73
397.05000 -64.73
397.10000 -64.73
397.15000 -64.73
397.20000 -64.73
397.25000 -64.73
397.30000 -64.73
397.35000 -64.74
397.40000 -64.74
397.45000 -64.74
397.50000 -64.74
397.55000 -64.74
397.60000 -64.75
397.65000 -64.75
397.70000 -64.74
397.75000 -64.74
397.80000 -64.74
397.85000 -64.75
397.90000 -64.74
397.95000 -64.74
398.00000 -64.74
398.05000 -64.74
398.10000 -64.73
398.15000 -64.73
398.20000 -64.74
398.25000 -64.74
398.30000 -64.74
398.35000 -64.74
398.40000 -64.75
398.45000 -64.74
398.50000 -64.75
398.55000 -64.75
398.60000 -64.76
398.65000 -64.76
398.70000 -64.76
398.75000 -64.76
398.80000 -64.77
398.85000 -64.76
398.90000 -64.76
398.95000 -64.76
399.00000 -64.76
399.05000 -64.76
399.10000 -64.75
399.15000 -64.76
399.20000 -64.76
399.25000 -64.75
399.30000 -64.76
399.35000 -64.76
399.40000 -64.75
399.45000 -64.75
399.50000 -64.75
399.55000 -64.75
399.60000 -64.75
399.65000 -64.75
399.70000 -64.75
399.75000 -64.75
399.80000 -64.76
399.85000 -64.75
399.90000 -64.75
399.95000 -64.74
400.00000 -64.75
400.05000 -64.75
400.10000 -64.75
400.15000 -64.74
400.20000 -64.75
400.25000 -64.75
400.30000 -64.75
400.35000 -64.75
400.40000 -64.75
400.45000 -64.74
400.50000 -64.74
400.55000 -64.74
400.60000 -64.75
400.65000 -64.74
400.70000 -64.74
400.75000 -64.75
400.80000 -64.75
400.85000 -64.75
400.90000 -64.75
400.95000 -64.75
401.00000 -64.75
401.05000 -64.75
401.10000 -64.76
401.15000 -64.76
401.20000 -64.76
401.25000 -64.76
401.30000 -64.77
401.35000 -64.77
401.40000 -64.77
401.45000 -64.77
401.50000 -64.76
401.55000 -64.77
401.60000 -64.77
401.65000 -64.77
401.70000 -64.77
401.75000 -64.78
401.80000 -64.78
401.85000 -64.78
401.90000 -64.78
401.95000 -64.78
402.00000 -64.79
402.05000 -64.79
402.10000 -64.79
402.15000 -64.79
402.20000 -64.79
402.25000 -64.79
402.30000 -64.80
402.35000 -64.80
402.40000 -64.80
402.45000 -64.80
402.50000 -64.79
402.55000 -64.79
402.60000 -64.79
402.65000 -64.79
402.70000 -64.79
402.75000 -64.79
402.80000 -64.79
402.85000 -64.79
402.90000 -64.78
402.95000 -64.78
403.00000 -64.78
403.05000 -64.78
403.10000 -64.78
403.15000 -64.78
403.20000 -64.78
403.25000 -64.77
403.30000 -64.77
403.35000 -64.76
403.40000 -64.76
403.45000 -64.76
403.50000 -64.76
403.55000 -64.76
403.60000 -64.77
403.65000 -64.77
403.70000 -64.76
403.75000 -64.77
403.80000 -64.77
403.85000 -64.77
403.90000 -64.77
403.95000 -64.77
404.00000 -64.77
404.05000 -64.78
404.10000 -64.78
404.15000 -64.78
404.20000 -64.79
404.25000 -64.78
404.30000 -64.78
404.35000 -64.78
404.40000 -64.78
404.45000 -64.78
404.50000 -64.78
404.55000 -64.78
404.60000 -64.78
404.65000 -64.78
404.70000 -64.79
404.75000 -64.79
404.80000 -64.78
404.85000 -64.78
404.90000 -64.78
404.95000 -64.78
405.00000 -64.77
405.05000 -64.77
405.10000 -64.78
405.15000 -64.77
405.20000 -64.77
405.25000 -64.77
405.30000 -64.78
405.35000 -64.78
405.40000 -64.78
405.45000 -64.78
405.50000 -64.78
405.55000 -64.78
405.60000 -64.78
405.65000 -64.78
405.70000 -64.79
405.75000 -64.78
405.80000 -64.78
405.85000 -64.78
405.90000 -64.79
405.95000 -64.79
406.00000 -64.79
406.05000 -64.79
406.10000 -64.79
406.15000 -64.79
406.20000 -64.79
406.25000 -64.79
406.30000 -64.79
406.35000 -64.79
406.40000 -64.79
406.45000 -64.78
406.50000 -64.78
406.55000 -64.78
406.60000 -64.78
406.65000 -64.78
406.70000 -64.78
406.75000 -64.78
406.80000 -64.78
406.85000 -64.78
406.90000 -64.79
406.95000 -64.79
407.00000 -64.79
407.05000 -64.80
407.10000 -64.80
407.15000 -64.80
407.20000 -64.80
407.25000 -64.80
407.30000 -64.80
407.35000 -64.80
407.40000 -64.80
407.45000 -64.80
407.50000 -64.79
407.55000 -64.79
407.60000 -64.79
407.65000 -64.79
407.70000 -64.79
407.75000 -64.79
407.80000 -64.79
407.85000 -64.79
407.90000 -64.78
407.95000 -64.78
408.00000 -64.79
408.05000 -64.79
408.10000 -64.79
408.15000 -64.79
408.20000 -64.80
408.25000 -64.79
408.30000 -64.79
408.35000 -64.80
408.40000 -64.80
408.45000 -64.79
408.50000 -64.79
408.55000 -64.79
408.60000 -64.79
408.65000 -64.79
408.70000 -64.79
408.75000 -64.79
408.80000 -64.79
408.85000 -64.79
408.90000 -64.79
408.95000 -64.79
409.00000 -64.79
409.05000 -64.79
409.10000 -64.79
409.15000 -64.79
409.20000 -64.78
409.25000 -64.78
409.30000 -64.78
409.35000 -64.79
409.40000 -64.79
409.45000 -64.78
409.50000 -64.78
409.55000 -64.78
409.60000 -64.79
409.65000 -64.78
409.70000 -64.78
409.75000 -64.78
409.80000 -64.78
409.85000 -64.78
409.90000 -64.78
409.95000 -64.78
410.00000 -64.77
410.05000 -64.77
410.10000 -64.77
410.15000 -64.77
410.20000 -64.77
410.25000 -64.77
410.30000 -64.77
410.35000 -64.76
410.40000 -64.76
410.45000 -64.76
410.50000 -64.76
410.55000 -64.76
410.60000 -64.75
410.65000 -64.75
410.70000 -64.75
410.75000 -64.75
410.80000 -64.75
410.85000 -64.75
410.90000 -64.75
410.95000 -64.74
411.00000 -64.74
411.05000 -64.74
411.10000 -64.74
411.15000 -64.74
411.20000 -64.74
411.25000 -64.73
411.30000 -64.73
411.35000 -64.73
411.40000 -64.73
411.45000 -64.73
411.50000 -64.73
411.55000 -64.72
411.60000 -64.73
411.65000 -64.72
411.70000 -64.72
411.75000 -64.72
411.80000 -64.72
411.85000 -64.71
411.90000 -64.71
411.95000 -64.71
412.00000 -64.70
412.05000 -64.70
412.10000 -64.69
412.15000 -64.69
412.20000 -64.69
412.25000 -64.69
412.30000 -64.69
412.35000 -64.69
412.40000 -64.70
412.45000 -64.70
412.50000 -64.71
412.55000 -64.71
412.60000 -64.71
412.65000 -64.72
412.70000 -64.72
412.75000 -64.72
412.80000 -64.72
412.85000 -64.72
412.90000 -64.73
412.95000 -64.73
413.00000 -64.73
413.05000 -64.73
413.10000 -64.73
413.15000 -64.74
413.20000 -64.73
413.25000 -64.73
413.30000 -64.73
413.35000 -64.73
413.40000 -64.73
413.45000 -64.72
413.50000 -64.72
413.55000 -64.72
413.60000 -64.72
413.65000 -64.72
413.70000 -64.72
413.75000 -64.72
413.80000 -64.72
413.85000 -64.72
413.90000 -64.73
413.95000 -64.73
414.00000 -64.73
414.05000 -64.73
414.10000 -64.74
414.15000 -64.74
414.20000 -64.75
414.25000 -64.75
414.30000 -64.75
414.35000 -64.76
414.40000 -64.76
414.45000 -64.76
414.50000 -64.76
414.55000 -64.76
414.60000 -64.77
414.65000 -64.76
414.70000 -64.77
414.75000 -64.77
414.80000 -64.77
414.85000 -64.78
414.90000 -64.77
414.95000 -64.77
415.00000 -64.77
415.05000 -64.78
415.10000 -64.78
415.15000 -64.78
415.20000 -64.78
415.25000 -64.78
415.30000 -64.78
415.35000 -64.79
415.40000 -64.79
415.45000 -64.80
415.50000 -64.80
415.55000 -64.80
415.60000 -64.81
415.65000 -64.81
415.70000 -64.81
415.75000 -64.81
415.80000 -64.82
415.85000 -64.82
415.90000 -64.83
415.95000 -64.83
416.00000 -64.83
416.05000 -64.84
416.10000 -64.83
416.15000 -64.84
416.20000 -64.83
416.25000 -64.83
416.30000 -64.83
416.35000 -64.83
416.40000 -64.82
416.45000 -64.82
416.50000 -64.82
416.55000 -64.82
416.60000 -64.81
416.65000 -64.81
416.70000 -64.81
416.75000 -64.80
416.80000 -64.79
416.85000 -64.79
416.90000 -64.78
416.95000 -64.78
417.00000 -64.79
417.05000 -64.79
417.10000 -64.79
417.15000 -64.79
417.20000 -64.79
417.25000 -64.79
417.30000 -64.79
417.35000 -64.80
417.40000 -64.80
417.45000 -64.80
417.50000 -64.80
417.55000 -64.80
417.60000 -64.80
417.65000 -64.80
417.70000 -64.81
417.75000 -64.81
417.80000 -64.81
417.85000 -64.81
417.90000 -64.81
417.95000 -64.82
418.00000 -64.82
418.05000 -64.82
418.10000 -64.82
418.15000 -64.82
418.20000 -64.81
418.25000 -64.81
418.30000 -64.82
418.35000 -64.81
418.40000 -64.81
418.45000 -64.81
418.50000 -64.81
418.55000 -64.81
418.60000 -64.81
418.65000 -64.81
418.70000 -64.81
418.75000 -64.81
418.80000 -64.81
418.85000 -64.82
418.90000 -64.81
418.95000 -64.81
419.00000 -64.81
419.05000 -64.81
419.10000 -64.80
419.15000 -64.80
419.20000 -64.79
419.25000 -64.78
419.30000 -64.78
419.35000 -64.77
419.40000 -64.77
419.45000 -64.75
419.50000 -64.75
419.55000 -64.74
419.60000 -64.74
419.65000 -64.74
419.70000 -64.74
419.75000 -64.74
419.80000 -64.74
419.85000 -64.74
419.90000 -64.74
419.95000 -64.74
420.00000 -64.74
420.05000 -64.74
420.10000 -64.74
420.15000 -64.74
420.20000 -64.74
420.25000 -64.74
420.30000 -64.74
420.35000 -64.74
420.40000 -64.74
420.45000 -64.74
420.50000 -64.74
420.55000 -64.74
420.60000 -64.74
420.65000 -64.74
420.70000 -64.74
420.75000 -64.74
420.80000 -64.74
420.85000 -64.74
420.90000 -64.74
420.95000 -64.75
421.00000 -64.75
421.05000 -64.75
421.10000 -64.75
421.15000 -64.75
421.20000 -64.76
421.25000 -64.76
421.30000 -64.76
421.35000 -64.76
421.40000 -64.76
421.45000 -64.76
421.50000 -64.76
421.55000 -64.76
421.60000 -64.77
421.65000 -64.77
421.70000 -64.77
421.75000 -64.78
421.80000 -64.78
421.85000 -64.78
421.90000 -64.78
421.95000 -64.78
422.00000 -64.78
422.05000 -64.77
422.10000 -64.78
422.15000 -64.77
422.20000 -64.77
422.25000 -64.77
422.30000 -64.77
422.35000 -64.77
422.40000 -64.77
422.45000 -64.78
422.50000 -64.78
422.55000 -64.77
422.60000 -64.77
422.65000 -64.78
422.70000 -64.78
422.75000 -64.78
422.80000 -64.78
422.85000 -64.78
422.90000 -64.79
422.95000 -64.78
423.00000 -64.78
423.05000 -64.78
423.10000 -64.78
423.15000 -64.78
423.20000 -64.77
423.25000 -64.77
423.30000 -64.77
423.35000 -64.77
423.40000 -64.76
423.45000 -64.76
423.50000 -64.76
423.55000 -64.76
423.60000 -64.77
423.65000 -64.77
423.70000 -64.77
423.75000 -64.77
423.80000 -64.77
423.85000 -64.77
423.90000 -64.77
423.95000 -64.77
424.00000 -64.77
424.05000 -64.77
424.10000 -64.77
424.15000 -64.77
424.20000 -64.77
424.25000 -64.77
424.30000 -64.77
424.35000 -64.76
424.40000 -64.76
424.45000 -64.76
424.50000 -64.77
424.55000 -64.76
424.60000 -64.76
424.65000 -64.76
424.70000 -64.76
424.75000 -64.76
424.80000 -64.75
424.85000 -64.75
424.90000 -64.75
424.95000 -64.75
425.00000 -64.75
425.05000 -64.75
425.10000 -64.75
425.15000 -64.75
425.20000 -64.75
425.25000 -64.75
425.30000 -64.75
425.35000 -64.75
425.40000 -64.75
425.45000 -64.76
425.50000 -64.76
425.55000 -64.76
425.60000 -64.75
425.65000 -64.76
425.70000 -64.76
425.75000 -64.77
425.80000 -64.76
425.85000 -64.76
425.90000 -64.76
425.95000 -64.76
426.00000 -64.76
426.05000 -64.76
426.10000 -64.76
426.15000 -64.76
426.20000 -64.76
426.25000 -64.76
426.30000 -64.76
426.35000 -64.76
426.40000 -64.75
426.45000 -64.76
426.50000 -64.75
426.55000 -64.76
426.60000 -64.75
426.65000 -64.75
426.70000 -64.76
426.75000 -64.75
426.80000 -64.76
426.85000 -64.76
426.90000 -64.76
426.95000 -64.76
427.00000 -64.75
427.05000 -64.76
427.10000 -64.76
427.15000 -64.76
427.20000 -64.76
427.25000 -64.75
427.30000 -64.75
427.35000 -64.74
427.40000 -64.74
427.45000 -64.74
427.50000 -64.74
427.55000 -64.73
427.60000 -64.73
427.65000 -64.74
427.70000 -64.73
427.75000 -64.73
427.80000 -64.74
427.85000 -64.74
427.90000 -64.74
427.95000 -64.74
428.00000 -64.75
428.05000 -64.75
428.10000 -64.75
428.15000 -64.76
428.20000 -64.75
428.25000 -64.76
428.30000 -64.76
428.35000 -64.75
428.40000 -64.76
428.45000 -64.76
428.50000 -64.75
428.55000 -64.75
428.60000 -64.76
428.65000 -64.76
428.70000 -64.76
428.75000 -64.76
428.80000 -64.76
428.85000 -64.76
428.90000 -64.76
428.95000 -64.76
429.00000 -64.76
429.05000 -64.76
429.10000 -64.76
429.15000 -64.76
429.20000 -64.76
429.25000 -64.77
429.30000 -64.77
429.35000 -64.77
429.40000 -64.76
429.45000 -64.77
429.50000 -64.78
429.55000 -64.78
429.60000 -64.78
429.65000 -64.78
429.70000 -64.78
429.75000 -64.79
429.80000 -64.79
429.85000 -64.79
429.90000 -64.79
429.95000 -64.79
430.00000 -64.79
430.05000 -64.79
430.10000 -64.79
430.15000 -64.79
430.20000 -64.80
430.25000 -64.79
430.30000 -64.79
430.35000 -64.79
430.40000 -64.79
430.45000 -64.79
430.50000 -64.79
430.55000 -64.78
430.60000 -64.77
430.65000 -64.77
430.70000 -64.77
430.75000 -64.77
430.80000 -64.76
430.85000 -64.76
430.90000 -64.76
430.95000 -64.75
431.00000 -64.75
431.05000 -64.75
431.10000 -64.75
431.15000 -64.75
431.20000 -64.75
431.25000 -64.75
431.30000 -64.75
431.35000 -64.75
431.40000 -64.76
431.45000 -64.75
431.50000 -64.76
431.55000 -64.76
431.60000 -64.76
431.65000 -64.76
431.70000 -64.76
431.75000 -64.75
431.80000 -64.76
431.85000 -64.76
431.90000 -64.76
431.95000 -64.76
432.00000 -64.76
432.05000 -64.76
432.10000 -64.76
432.15000 -64.76
432.20000 -64.77
432.25000 -64.76
432.30000 -64.76
432.35000 -64.76
432.40000 -64.76
432.45000 -64.76
432.50000 -64.76
432.55000 -64.77
432.60000 -64.77
432.65000 -64.77
432.70000 -64.77
432.75000 -64.77
432.80000 -64.78
432.85000 -64.78
432.90000 -64.78
432.95000 -64.78
433.00000 -64.78
433.05000 -64.79
433.10000 -64.79
433.15000 -64.79
433.20000 -64.79
433.25000 -64.78
433.30000 -64.79
433.35000 -64.79
433.40000 -64.79
433.45000 -64.79
433.50000 -64.79
433.55000 -64.79
433.60000 -64.79
433.65000 -64.79
433.70000 -64.79
433.75000 -64.79
433.80000 -64.79
433.85000 -64.79
433.90000 -64.79
433.95000 -64.79
434.00000 -64.79
434.05000 -64.79
434.10000 -64.79
434.15000 -64.80
434.20000 -64.80
434.25000 -64.80
434.30000 -64.81
434.35000 -64.81
434.40000 -64.81
434.45000 -64.81
434.50000 -64.81
434.55000 -64.81
434.60000 -64.81
434.65000 -64.81
434.70000 -64.81
434.75000 -64.81
434.80000 -64.81
434.85000 -64.81
434.90000 -64.81
434.95000 -64.81
435.00000 -64.80
435.05000 -64.79
435.10000 -64.79
435.15000 -64.78
435.20000 -64.78
435.25000 -64.77
435.30000 -64.77
435.35000 -64.77
435.40000 -64.78
435.45000 -64.77
435.50000 -64.78
435.55000 -64.78
435.60000 -64.79
435.65000 -64.78
435.70000 -64.78
435.75000 -64.78
435.80000 -64.78
435.85000 -64.77
435.90000 -64.77
435.95000 -64.77
436.00000 -64.76
436.05000 -64.76
436.10000 -64.76
436.15000 -64.76
436.20000 -64.76
436.25000 -64.76
436.30000 -64.76
436.35000 -64.76
436.40000 -64.76
436.45000 -64.77
436.50000 -64.77
436.55000 -64.77
436.60000 -64.77
436.65000 -64.77
436.70000 -64.78
436.75000 -64.78
436.80000 -64.77
436.85000 -64.77
436.90000 -64.78
436.95000 -64.78
437.00000 -64.78
437.05000 -64.78
437.10000 -64.78
437.15000 -64.78
437.20000 -64.78
437.25000 -64.78
437.30000 -64.78
437.35000 -64.79
437.40000 -64.78
437.45000 -64.78
437.50000 -64.78
437.55000 -64.77
437.60000 -64.78
437.65000 -64.77
437.70000 -64.77
437.75000 -64.77
437.80000 -64.77
437.85000 -64.78
437.90000 -64.77
437.95000 -64.77
438.00000 -64.77
438.05000 -64.77
438.10000 -64.77
438.15000 -64.77
438.20000 -64.77
438.25000 -64.78
438.30000 -64.78
438.35000 -64.78
438.40000 -64.78
438.45000 -64.78
438.50000 -64.77
438.55000 -64.78
438.60000 -64.78
438.65000 -64.78
438.70000 -64.78
438.75000 -64.78
438.80000 -64.78
438.85000 -64.78
438.90000 -64.78
438.95000 -64.79
439.00000 -64.79
439.05000 -64.79
439.10000 -64.79
439.15000 -64.80
439.20000 -64.80
439.25000 -64.80
439.30000 -64.80
439.35000 -64.80
439.40000 -64.80
439.45000 -64.81
439.50000 -64.80
439.55000 -64.80
439.60000 -64.80
439.65000 -64.79
439.70000 -64.79
439.75000 -64.79
439.80000 -64.79
439.85000 -64.79
439.90000 -64.79
439.95000 -64.79
440.00000 -64.79
440.05000 -64.79
440.10000 -64.80
440.15000 -64.80
440.20000 -64.80
440.25000 -64.80
440.30000 -64.81
440.35000 -64.80
440.40000 -64.81
440.45000 -64.81
440.50000 -64.81
440.55000 -64.82
440.60000 -64.82
440.65000 -64.82
440.70000 -64.82
440.75000 -64.82
440.80000 -64.82
440.85000 -64.82
440.90000 -64.82
440.95000 -64.82
441.00000 -64.82
441.05000 -64.81
441.10000 -64.82
441.15000 -64.82
441.20000 -64.81
441.25000 -64.81
441.30000 -64.81
441.35000 -64.80
441.40000 -64.81
441.45000 -64.80
441.50000 -64.80
441.55000 -64.80
441.60000 -64.79
441.65000 -64.79
441.70000 -64.79
441.75000 -64.78
441.80000 -64.78
441.85000 -64.78
441.90000 -64.78
441.95000 -64.77
442.00000 -64.77
442.05000 -64.77
442.10000 -64.77
442.15000 -64.77
442.20000 -64.76
442.25000 -64.76
442.30000 -64.76
442.35000 -64.76
442.40000 -64.75
442.45000 -64.76
442.50000 -64.76
442.55000 -64.75
442.60000 -64.76
442.65000 -64.76
442.70000 -64.76
442.75000 -64.76
442.80000 -64.76
442.85000 -64.77
442.90000 -64.76
442.95000 -64.76
443.00000 -64.76
443.05000 -64.77
443.10000 -64.76
443.15000 -64.76
443.20000 -64.76
443.25000 -64.76
443.30000 -64.77
443.35000 -64.76
443.40000 -64.77
443.45000 -64.76
443.50000 -64.76
443.55000 -64.77
443.60000 -64.76
443.65000 -64.75
443.70000 -64.75
443.75000 -64.76
443.80000 -64.75
443.85000 -64.76
443.90000 -64.76
443.95000 -64.75
444.00000 -64.75
444.05000 -64.75
444.10000 -64.75
444.15000 -64.76
444.20000 -64.76
444.25000 -64.76
444.30000 -64.76
444.35000 -64.76
444.40000 -64.76
444.45000 -64.76
444.50000 -64.76
444.55000 -64.76
444.60000 -64.76
444.65000 -64.76
444.70000 -64.75
444.75000 -64.75
444.80000 -64.76
444.85000 -64.75
444.90000 -64.75
444.95000 -64.75
445.00000 -64.75
445.05000 -64.75
445.10000 -64.75
445.15000 -64.75
445.20000 -64.75
445.25000 -64.76
445.30000 -64.76
445.35000 -64.76
445.40000 -64.76
445.45000 -64.77
445.50000 -64.77
445.55000 -64.77
445.60000 -64.77
445.65000 -64.77
445.70000 -64.77
445.75000 -64.76
445.80000 -64.77
445.85000 -64.77
445.90000 -64.77
445.95000 -64.77
446.00000 -64.78
446.05000 -64.78
446.10000 -64.78
446.15000 -64.78
446.20000 -64.78
446.25000 -64.78
446.30000 -64.78
446.35000 -64.78
446.40000 -64.78
446.45000 -64.78
446.50000 -64.79
446.55000 -64.79
446.60000 -64.79
446.65000 -64.78
446.70000 -64.78
446.75000 -64.78
446.80000 -64.78
446.85000 -64.78
446.90000 -64.78
446.95000 -64.77
447.00000 -64.77
447.05000 -64.77
447.10000 -64.77
447.15000 -64.77
447.20000 -64.77
447.25000 -64.77
447.30000 -64.77
447.35000 -64.77
447.40000 -64.77
447.45000 -64.77
447.50000 -64.77
447.55000 -64.78
447.60000 -64.77
447.65000 -64.77
447.70000 -64.77
447.75000 -64.76
447.80000 -64.77
447.85000 -64.77
447.90000 -64.76
447.95000 -64.76
448.00000 -64.76
448.05000 -64.76
448.10000 -64.76
448.15000 -64.76
448.20000 -64.76
448.25000 -64.76
448.30000 -64.76
448.35000 -64.76
448.40000 -64.76
448.45000 -64.76
448.50000 -64.76
448.55000 -64.76
448.60000 -64.76
448.65000 -64.76
448.70000 -64.76
448.75000 -64.76
448.80000 -64.76
448.85000 -64.76
448.90000 -64.77
448.95000 -64.77
449.00000 -64.76
449.05000 -64.76
449.10000 -64.77
449.15000 -64.77
449.20000 -64.77
449.25000 -64.77
449.30000 -64.77
449.35000 -64.77
449.40000 -64.78
449.45000 -64.78
449.50000 -64.78
449.55000 -64.78
449.60000 -64.78
449.65000 -64.79
449.70000 -64.79
449.75000 -64.79
449.80000 -64.79
449.85000 -64.80
449.90000 -64.80
449.95000 -64.79
450.00000 -64.79
450.05000 -64.79
450.10000 -64.80
450.15000 -64.80
450.20000 -64.80
450.25000 -64.80
450.30000 -64.80
450.35000 -64.80
450.40000 -64.80
450.45000 -64.81
450.50000 -64.81
450.55000 -64.81
450.60000 -64.81
450.65000 -64.81
450.70000 -64.81
450.75000 -64.80
450.80000 -64.79
450.85000 -64.79
450.90000 -64.79
450.95000 -64.79
451.00000 -64.79
451.05000 -64.78
451.10000 -64.78
451.15000 -64.78
451.20000 -64.77
451.25000 -64.77
451.30000 -64.76
451.35000 -64.75
451.40000 -64.74
451.45000 -64.74
451.50000 -64.74
451.55000 -64.73
451.60000 -64.74
451.65000 -64.73
451.70000 -64.73
451.75000 -64.73
451.80000 -64.73
451.85000 -64.73
451.90000 -64.72
451.95000 -64.72
452.00000 -64.72
452.05000 -64.73
452.10000 -64.73
452.15000 -64.73
452.20000 -64.72
452.25000 -64.73
452.30000 -64.72
452.35000 -64.72
452.40000 -64.72
452.45000 -64.72
452.50000 -64.72
452.55000 -64.71
452.60000 -64.72
452.65000 -64.72
452.70000 -64.72
452.75000 -64.72
452.80000 -64.72
452.85000 -64.72
452.90000 -64.72
452.95000 -64.73
453.00000 -64.73
453.05000 -64.73
453.10000 -64.73
453.15000 -64.73
453.20000 -64.74
453.25000 -64.74
453.30000 -64.74
453.35000 -64.74
453.40000 -64.74
453.45000 -64.74
453.50000 -64.75
453.55000 -64.75
453.60000 -64.75
453.65000 -64.75
453.70000 -64.75
453.75000 -64.75
453.80000 -64.76
453.85000 -64.76
453.90000 -64.76
453.95000 -64.76
454.00000 -64.75
454.05000 -64.76
454.10000 -64.76
454.15000 -64.76
454.20000 -64.75
454.25000 -64.75
454.30000 -64.75
454.35000 -64.75
454.40000 -64.75
454.45000 -64.75
454.50000 -64.75
454.55000 -64.74
454.60000 -64.73
454.65000 -64.73
454.70000 -64.73
454.75000 -64.73
454.80000 -64.72
454.85000 -64.72
454.90000 -64.72
454.95000 -64.72
455.00000 -64.72
455.05000 -64.72
455.10000 -64.72
455.15000 -64.73
455.20000 -64.73
455.25000 -64.73
455.30000 -64.73
455.35000 -64.74
455.40000 -64.74
455.45000 -64.74
455.50000 -64.75
455.55000 -64.75
455.60000 -64.75
455.65000 -64.75
455.70000 -64.75
455.75000 -64.75
455.80000 -64.75
455.85000 -64.75
455.90000 -64.75
455.95000 -64.75
456.00000 -64.75
456.05000 -64.75
456.10000 -64.75
456.15000 -64.75
456.20000 -64.74
456.25000 -64.75
456.30000 -64.75
456.35000 -64.75
456.40000 -64.76
456.45000 -64.76
456.50000 -64.77
456.55000 -64.76
456.60000 -64.76
456.65000 -64.76
456.70000 -64.77
456.75000 -64.77
456.80000 -64.77
456.85000 -64.77
456.90000 -64.77
456.95000 -64.77
457.00000 -64.77
457.05000 -64.78
457.10000 -64.78
457.15000 -64.78
457.20000 -64.78
457.25000 -64.78
457.30000 -64.78
457.35000 -64.78
457.40000 -64.78
457.45000 -64.78
457.50000 -64.78
457.55000 -64.77
457.60000 -64.78
457.65000 -64.77
457.70000 -64.77
457.75000 -64.76
457.80000 -64.76
457.85000 -64.76
457.90000 -64.76
457.95000 -64.76
458.00000 -64.76
458.05000 -64.76
458.10000 -64.76
458.15000 -64.76
458.20000 -64.76
458.25000 -64.76
458.30000 -64.76
458.35000 -64.76
458.40000 -64.77
458.45000 -64.77
458.50000 -64.77
458.55000 -64.78
458.60000 -64.77
458.65000 -64.77
458.70000 -64.77
458.75000 -64.77
458.80000 -64.77
458.85000 -64.77
458.90000 -64.77
458.95000 -64.77
459.00000 -64.77
459.05000 -64.77
459.10000 -64.77
459.15000 -64.77
459.20000 -64.77
459.25000 -64.77
459.30000 -64.77
459.35000 -64.77
459.40000 -64.78
459.45000 -64.78
459.50000 -64.78
459.55000 -64.78
459.60000 -64.78
459.65000 -64.78
459.70000 -64.77
459.75000 -64.77
459.80000 -64.78
459.85000 -64.77
459.90000 -64.77
459.95000 -64.77
460.00000 -64.77
460.05000 -64.77
460.10000 -64.77
460.15000 -64.77
460.20000 -64.77
460.25000 -64.78
460.30000 -64.78
460.35000 -64.78
460.40000 -64.78
460.45000 -64.78
460.50000 -64.78
460.55000 -64.78
460.60000 -64.78
460.65000 -64.78
460.70000 -64.79
460.75000 -64.79
460.80000 -64.79
460.85000 -64.79
460.90000 -64.80
460.95000 -64.79
461.00000 -64.80
461.05000 -64.80
461.10000 -64.79
461.15000 -64.80
461.20000 -64.80
461.25000 -64.80
461.30000 -64.79
461.35000 -64.79
461.40000 -64.79
461.45000 -64.78
461.50000 -64.78
461.55000 -64.77
461.60000 -64.78
461.65000 -64.78
461.70000 -64.77
461.75000 -64.77
461.80000 -64.77
461.85000 -64.77
461.90000 -64.77
461.95000 -64.78
462.00000 -64.78
462.05000 -64.78
462.10000 -64.78
462.15000 -64.78
462.20000 -64.78
462.25000 -64.78
462.30000 -64.78
462.35000 -64.77
462.40000 -64.77
462.45000 -64.78
462.50000 -64.77
462.55000 -64.78
462.60000 -64.77
462.65000 -64.77
462.70000 -64.77
462.75000 -64.77
462.80000 -64.77
462.85000 -64.77
462.90000 -64.77
462.95000 -64.77
463.00000 -64.78
463.05000 -64.78
463.10000 -64.77
463.15000 -64.77
463.20000 -64.77
463.25000 -64.77
463.30000 -64.77
463.35000 -64.77
463.40000 -64.77
463.45000 -64.77
463.50000 -64.77
463.55000 -64.77
463.60000 -64.78
463.65000 -64.78
463.70000 -64.77
463.75000 -64.77
463.80000 -64.77
463.85000 -64.77
463.90000 -64.77
463.95000 -64.77
464.00000 -64.77
464.05000 -64.77
464.10000 -64.76
464.15000 -64.76
464.20000 -64.76
464.25000 -64.76
464.30000 -64.77
464.35000 -64.77
464.40000 -64.77
464.45000 -64.77
464.50000 -64.77
464.55000 -64.77
464.60000 -64.77
464.65000 -64.77
464.70000 -64.77
464.75000 -64.77
464.80000 -64.77
464.85000 -64.77
464.90000 -64.78
464.95000 -64.77
465.00000 -64.78
465.05000 -64.78
465.10000 -64.78
465.15000 -64.78
465.20000 -64.77
465.25000 -64.77
465.30000 -64.77
465.35000 -64.78
465.40000 -64.77
465.45000 -64.77
465.50000 -64.77
465.55000 -64.77
465.60000 -64.77
465.65000 -64.77
465.70000 -64.77
465.75000 -64.77
465.80000 -64.78
465.85000 -64.78
465.90000 -64.78
465.95000 -64.78
466.00000 -64.78
466.05000 -64.79
466.10000 -64.79
466.15000 -64.78
466.20000 -64.79
466.25000 -64.79
466.30000 -64.79
466.35000 -64.79
466.40000 -64.79
466.45000 -64.79
466.50000 -64.79
466.55000 -64.79
466.60000 -64.79
466.65000 -64.80
466.70000 -64.79
466.75000 -64.80
466.80000 -64.80
466.85000 -64.80
466.90000 -64.80
466.95000 -64.81
467.00000 -64.81
467.05000 -64.81
467.10000 -64.81
467.15000 -64.81
467.20000 -64.81
467.25000 -64.81
467.30000 -64.81
467.35000 -64.81
467.40000 -64.81
467.45000 -64.81
467.50000 -64.81
467.55000 -64.81
467.60000 -64.82
467.65000 -64.81
467.70000 -64.81
467.75000 -64.81
467.80000 -64.81
467.85000 -64.81
467.90000 -64.81
467.95000 -64.81
468.00000 -64.81
468.05000 -64.81
468.10000 -64.81
468.15000 -64.81
468.20000 -64.81
468.25000 -64.81
468.30000 -64.81
468.35000 -64.81
468.40000 -64.81
468.45000 -64.82
468.50000 -64.82
468.55000 -64.82
468.60000 -64.81
468.65000 -64.81
468.70000 -64.81
468.75000 -64.81
468.80000 -64.80
468.85000 -64.80
468.90000 -64.80
468.95000 -64.79
469.00000 -64.79
469.05000 -64.79
469.10000 -64.79
469.15000 -64.79
469.20000 -64.79
469.25000 -64.79
469.30000 -64.79
469.35000 -64.79
469.40000 -64.79
469.45000 -64.79
469.50000 -64.80
469.55000 -64.79
469.60000 -64.79
469.65000 -64.79
469.70000 -64.80
469.75000 -64.80
469.80000 -64.80
469.85000 -64.80
469.90000 -64.80
469.95000 -64.81
470.00000 -64.81
470.05000 -64.81
470.10000 -64.81
470.15000 -64.81
470.20000 -64.81
470.25000 -64.80
470.30000 -64.80
470.35000 -64.80
470.40000 -64.80
470.45000 -64.80
470.50000 -64.80
470.55000 -64.80
470.60000 -64.80
470.65000 -64.80
470.70000 -64.80
470.75000 -64.80
470.80000 -64.80
470.85000 -64.80
470.90000 -64.80
470.95000 -64.80
471.00000 -64.80
471.05000 -64.80
471.10000 -64.81
471.15000 -64.81
471.20000 -64.81
471.25000 -64.80
471.30000 -64.80
471.35000 -64.80
471.40000 -64.80
471.45000 -64.81
471.50000 -64.80
471.55000 -64.80
471.60000 -64.79
471.65000 -64.79
471.70000 -64.79
471.75000 -64.78
471.80000 -64.78
471.85000 -64.77
471.90000 -64.77
471.95000 -64.77
472.00000 -64.77
472.05000 -64.76
472.10000 -64.77
472.15000 -64.77
472.20000 -64.77
472.25000 -64.77
472.30000 -64.76
472.35000 -64.76
472.40000 -64.76
472.45000 -64.75
472.50000 -64.75
472.55000 -64.75
472.60000 -64.74
472.65000 -64.74
472.70000 -64.74
472.75000 -64.74
472.80000 -64.75
472.85000 -64.75
472.90000 -64.75
472.95000 -64.75
473.00000 -64.76
473.05000 -64.76
473.10000 -64.76
473.15000 -64.76
473.20000 -64.76
473.25000 -64.77
473.30000 -64.76
473.35000 -64.77
473.40000 -64.76
473.45000 -64.77
473.50000 -64.77
473.55000 -64.76
473.60000 -64.76
473.65000 -64.76
473.70000 -64.76
473.75000 -64.75
473.80000 -64.75
473.85000 -64.75
473.90000 -64.75
473.95000 -64.74
474.00000 -64.75
474.05000 -64.75
474.10000 -64.75
474.15000 -64.76
474.20000 -64.76
474.25000 -64.77
474.30000 -64.77
474.35000 -64.77
474.40000 -64.78
474.45000 -64.78
474.50000 -64.78
474.55000 -64.78
474.60000 -64.79
474.65000 -64.79
474.70000 -64.79
474.75000 -64.80
474.80000 -64.80
474.85000 -64.80
474.90000 -64.80
474.95000 -64.81
475.00000 -64.81
475.05000 -64.81
475.10000 -64.81
475.15000 -64.81
475.20000 -64.81
475.25000 -64.82
475.30000 -64.82
475.35000 -64.82
475.40000 -64.82
475.45000 -64.82
475.50000 -64.82
475.55000 -64.82
475.60000 -64.82
475.65000 -64.82
475.70000 -64.82
475.75000 -64.82
475.80000 -64.81
475.85000 -64.81
475.90000 -64.80
475.95000 -64.80
476.00000 -64.80
476.05000 -64.79
476.10000 -64.78
476.15000 -64.78
476.20000 -64.78
476.25000 -64.77
476.30000 -64.77
476.35000 -64.77
476.40000 -64.76
476.45000 -64.77
476.50000 -64.76
476.55000 -64.76
476.60000 -64.76
476.65000 -64.75
476.70000 -64.75
476.75000 -64.74
476.80000 -64.75
476.85000 -64.74
476.90000 -64.74
476.95000 -64.74
477.00000 -64.74
477.05000 -64.74
477.10000 -64.74
477.15000 -64.74
477.20000 -64.75
477.25000 -64.75
477.30000 -64.75
477.35000 -64.75
477.40000 -64.75
477.45000 -64.76
477.50000 -64.76
477.55000 -64.76
477.60000 -64.76
477.65000 -64.76
477.70000 -64.75
477.75000 -64.76
477.80000 -64.76
477.85000 -64.76
477.90000 -64.75
477.95000 -64.75
478.00000 -64.76
478.05000 -64.75
478.10000 -64.76
478.15000 -64.76
478.20000 -64.76
478.25000 -64.76
478.30000 -64.76
478.35000 -64.77
478.40000 -64.77
478.45000 -64.77
478.50000 -64.77
478.55000 -64.78
478.60000 -64.78
478.65000 -64.77
478.70000 -64.77
478.75000 -64.77
478.80000 -64.77
478.85000 -64.76
478.90000 -64.76
478.95000 -64.76
479.00000 -64.76
479.05000 -64.76
479.10000 -64.76
479.15000 -64.75
479.20000 -64.75
479.25000 -64.75
479.30000 -64.75
479.35000 -64.75
479.40000 -64.75
479.45000 -64.76
479.50000 -64.75
479.55000 -64.75
479.60000 -64.75
479.65000 -64.74
479.70000 -64.74
479.75000 -64.74
479.80000 -64.74
479.85000 -64.74
479.90000 -64.74
479.95000 -64.74
480.00000 -64.74
480.05000 -64.74
480.10000 -64.74
480.15000 -64.75
480.20000 -64.75
480.25000 -64.76
480.30000 -64.76
480.35000 -64.76
480.40000 -64.76
480.45000 -64.76
480.50000 -64.76
480.55000 -64.76
480.60000 -64.76
480.65000 -64.76
480.70000 -64.76
480.75000 -64.76
480.80000 -64.77
480.85000 -64.77
480.90000 -64.77
480.95000 -64.78
481.00000 -64.78
481.05000 -64.78
481.10000 -64.77
481.15000 -64.78
481.20000 -64.77
481.25000 -64.78
481.30000 -64.78
481.35000 -64.78
481.40000 -64.78
481.45000 -64.78
481.50000 -64.77
481.55000 -64.78
481.60000 -64.78
481.65000 -64.78
481.70000 -64.78
481.75000 -64.78
481.80000 -64.78
481.85000 -64.78
481.90000 -64.77
481.95000 -64.78
482.00000 -64.77
482.05000 -64.78
482.10000 -64.78
482.15000 -64.77
482.20000 -64.78
482.25000 -64.78
482.30000 -64.78
482.35000 -64.79
482.40000 -64.78
482.45000 -64.79
482.50000 -64.79
482.55000 -64.79
482.60000 -64.79
482.65000 -64.79
482.70000 -64.79
482.75000 -64.79
482.80000 -64.79
482.85000 -64.79
482.90000 -64.78
482.95000 -64.78
483.00000 -64.79
483.05000 -64.79
483.10000 -64.79
483.15000 -64.79
483.20000 -64.79
483.25000 -64.79
483.30000 -64.78
483.35000 -64.78
483.40000 -64.79
483.45000 -64.79
483.50000 -64.79
483.55000 -64.79
483.60000 -64.79
483.65000 -64.78
483.70000 -64.79
483.75000 -64.79
483.80000 -64.78
483.85000 -64.78
483.90000 -64.78
483.95000 -64.78
484.00000 -64.78
484.05000 -64.77
484.10000 -64.77
484.15000 -64.77
484.20000 -64.77
484.25000 -64.76
484.30000 -64.76
484.35000 -64.76
484.40000 -64.76
484.45000 -64.76
484.50000 -64.77
484.55000 -64.77
484.60000 -64.77
484.65000 -64.77
484.70000 -64.77
484.75000 -64.78
484.80000 -64.78
484.85000 -64.78
484.90000 -64.78
484.95000 -64.79
485.00000 -64.80
485.05000 -64.80
485.10000 -64.80
485.15000 -64.80
485.20000 -64.81
485.25000 -64.81
485.30000 -64.81
485.35000 -64.80
485.40000 -64.80
485.45000 -64.80
485.50000 -64.80
485.55000 -64.80
485.60000 -64.79
485.65000 -64.79
485.70000 -64.79
485.75000 -64.79
485.80000 -64.79
485.85000 -64.78
485.90000 -64.78
485.95000 -64.78
486.00000 -64.78
486.05000 -64.78
486.10000 -64.78
486.15000 -64.78
486.20000 -64.78
486.25000 -64.78
486.30000 -64.78
486.35000 -64.77
486.40000 -64.77
486.45000 -64.77
486.50000 -64.77
486.55000 -64.77
486.60000 -64.77
486.65000 -64.77
486.70000 -64.77
486.75000 -64.78
486.80000 -64.78
486.85000 -64.78
486.90000 -64.78
486.95000 -64.79
487.00000 -64.79
487.05000 -64.79
487.10000 -64.79
487.15000 -64.79
487.20000 -64.79
487.25000 -64.79
487.30000 -64.79
487.35000 -64.78
487.40000 -64.78
487.45000 -64.78
487.50000 -64.78
487.55000 -64.78
487.60000 -64.77
487.65000 -64.77
487.70000 -64.76
487.75000 -64.77
487.80000 -64.77
487.85000 -64.76
487.90000 -64.77
487.95000 -64.77
488.00000 -64.77
488.05000 -64.77
488.10000 -64.77
488.15000 -64.77
488.20000 -64.77
488.25000 -64.77
488.30000 -64.77
488.35000 -64.77
488.40000 -64.77
488.45000 -64.77
488.50000 -64.77
488.55000 -64.77
488.60000 -64.77
488.65000 -64.78
488.70000 -64.78
488.75000 -64.78
488.80000 -64.77
488.85000 -64.78
488.90000 -64.78
488.95000 -64.77
489.00000 -64.77
489.05000 -64.77
489.10000 -64.77
489.15000 -64.77
489.20000 -64.77
489.25000 -64.77
489.30000 -64.78
489.35000 -64.77
489.40000 -64.77
489.45000 -64.77
489.50000 -64.76
489.55000 -64.76
489.60000 -64.77
489.65000 -64.77
489.70000 -64.76
489.75000 -64.76
489.80000 -64.76
489.85000 -64.75
489.90000 -64.76
489.95000 -64.75
490.00000 -64.75
490.05000 -64.75
490.10000 -64.75
490.15000 -64.75
490.20000 -64.75
490.25000 -64.75
490.30000 -64.75
490.35000 -64.75
490.40000 -64.75
490.45000 -64.74
490.50000 -64.74
490.55000 -64.74
490.60000 -64.74
490.65000 -64.74
490.70000 -64.74
490.75000 -64.75
490.80000 -64.75
490.85000 -64.75
490.90000 -64.75
490.95000 -64.75
491.00000 -64.75
491.05000 -64.75
491.10000 -64.75
491.15000 -64.75
491.20000 -64.75
491.25000 -64.76
491.30000 -64.76
491.35000 -64.75
491.40000 -64.75
491.45000 -64.75
491.50000 -64.76
491.55000 -64.76
491.60000 -64.75
491.65000 -64.75
491.70000 -64.75
491.75000 -64.75
491.80000 -64.75
491.85000 -64.75
491.90000 -64.74
491.95000 -64.74
492.00000 -64.74
492.05000 -64.74
492.10000 -64.74
492.15000 -64.74
492.20000 -64.74
492.25000 -64.74
492.30000 -64.74
492.35000 -64.75
492.40000 -64.75
492.45000 -64.75
492.50000 -64.75
492.55000 -64.75
492.60000 -64.75
492.65000 -64.75
492.70000 -64.74
492.75000 -64.75
492.80000 -64.75
492.85000 -64.75
492.90000 -64.75
492.95000 -64.75
493.00000 -64.75
493.05000 -64.75
493.10000 -64.75
493.15000 -64.74
493.20000 -64.75
493.25000 -64.75
493.30000 -64.75
493.35000 -64.74
493.40000 -64.75
493.45000 -64.75
493.50000 -64.76
493.55000 -64.76
493.60000 -64.76
493.65000 -64.75
493.70000 -64.76
493.75000 -64.75
493.80000 -64.74
493.85000 -64.74
493.90000 -64.74
493.95000 -64.74
494.00000 -64.74
494.05000 -64.74
494.10000 -64.74
494.15000 -64.74
494.20000 -64.75
494.25000 -64.74
494.30000 -64.74
494.35000 -64.74
494.40000 -64.74
494.45000 -64.74
494.50000 -64.74
494.55000 -64.74
494.60000 -64.74
494.65000 -64.74
494.70000 -64.74
494.75000 -64.74
494.80000 -64.74
494.85000 -64.74
494.90000 -64.74
494.95000 -64.75
495.00000 -64.75
495.05000 -64.75
495.10000 -64.75
495.15000 -64.76
495.20000 -64.76
495.25000 -64.75
495.30000 -64.75
495.35000 -64.75
495.40000 -64.75
495.45000 -64.74
495.50000 -64.75
495.55000 -64.75
495.60000 -64.75
495.65000 -64.75
495.70000 -64.76
495.75000 -64.75
495.80000 -64.76
495.85000 -64.76
495.90000 -64.76
495.95000 -64.77
496.00000 -64.77
496.05000 -64.77
496.10000 -64.77
496.15000 -64.78
496.20000 -64.77
496.25000 -64.78
496.30000 -64.78
496.35000 -64.78
496.40000 -64.78
496.45000 -64.79
496.50000 -64.79
496.55000 -64.79
496.60000 -64.79
496.65000 -64.79
496.70000 -64.79
496.75000 -64.79
496.80000 -64.79
496.85000 -64.79
496.90000 -64.79
496.95000 -64.79
497.00000 -64.79
497.05000 -64.79
497.10000 -64.78
497.15000 -64.78
497.20000 -64.79
497.25000 -64.78
497.30000 -64.79
497.35000 -64.79
497.40000 -64.79
497.45000 -64.79
497.50000 -64.79
497.55000 -64.79
497.60000 -64.79
497.65000 -64.79
497.70000 -64.79
497.75000 -64.78
497.80000 -64.79
497.85000 -64.78
497.90000 -64.78
497.95000 -64.78
498.00000 -64.78
498.05000 -64.77
498.10000 -64.77
498.15000 -64.78
498.20000 -64.78
498.25000 -64.78
498.30000 -64.77
498.35000 -64.77
498.40000 -64.77
498.45000 -64.77
498.50000 -64.77
498.55000 -64.77
498.60000 -64.77
498.65000 -64.77
498.70000 -64.78
498.75000 -64.77
498.80000 -64.77
498.85000 -64.77
498.90000 -64.77
498.95000 -64.77
499.00000 -64.77
499.05000 -64.78
499.10000 -64.78
499.15000 -64.77
499.20000 -64.78
499.25000 -64.78
499.30000 -64.78
499.35000 -64.78
499.40000 -64.78
499.45000 -64.78
499.50000 -64.78
499.55000 -64.78
499.60000 -64.78
499.65000 -64.78
499.70000 -64.78
499.75000 -64.78
499.80000 -64.78
499.85000 -64.79
499.90000 -64.79
499.95000 -64.79
500.00000 -64.79
500.05000 -64.79
500.10000 -64.80
500.15000 -64.79
500.20000 -64.80
500.25000 -64.80
500.30000 -64.80
500.35000 -64.80
500.40000 -64.80
500.45000 -64.80
500.50000 -64.80
500.55000 -64.80
500.60000 -64.80
500.65000 -64.81
500.70000 -64.80
500.75000 -64.80
500.80000 -64.80
500.85000 -64.80
500.90000 -64.79
500.95000 -64.80
501.00000 -64.80
501.05000 -64.79
501.10000 -64.79
501.15000 -64.79
501.20000 -64.79
501.25000 -64.79
501.30000 -64.79
501.35000 -64.79
501.40000 -64.79
501.45000 -64.78
501.50000 -64.78
501.55000 -64.78
501.60000 -64.78
501.65000 -64.78
501.70000 -64.78
501.75000 -64.77
501.80000 -64.78
501.85000 -64.77
501.90000 -64.77
501.95000 -64.77
502.00000 -64.78
502.05000 -64.78
502.10000 -64.78
502.15000 -64.77
502.20000 -64.78
502.25000 -64.78
502.30000 -64.78
502.35000 -64.79
502.40000 -64.79
502.45000 -64.79
502.50000 -64.79
502.55000 -64.78
502.60000 -64.78
502.65000 -64.78
502.70000 -64.78
502.75000 -64.78
502.80000 -64.78
502.85000 -64.78
502.90000 -64.78
502.95000 -64.78
503.00000 -64.78
503.05000 -64.78
503.10000 -64.78
503.15000 -64.78
503.20000 -64.78
503.25000 -64.79
503.30000 -64.78
503.35000 -64.79
503.40000 -64.78
503.45000 -64.78
503.50000 -64.79
503.55000 -64.78
503.60000 -64.78
503.65000 -64.78
503.70000 -64.78
503.75000 -64.78
503.80000 -64.78
503.85000 -64.77
503.90000 -64.77
503.95000 -64.77
504.00000 -64.77
504.05000 -64.77
504.10000 -64.77
504.15000 -64.76
504.20000 -64.77
504.25000 -64.76
504.30000 -64.76
504.35000 -64.77
504.40000 -64.77
504.45000 -64.77
504.50000 -64.77
504.55000 -64.77
504.60000 -64.78
504.65000 -64.78
504.70000 -64.78
504.75000 -64.78
504.80000 -64.78
504.85000 -64.78
504.90000 -64.78
504.95000 -64.78
505.00000 -64.78
505.05000 -64.79
505.10000 -64.78
505.15000 -64.78
505.20000 -64.78
505.25000 -64.78
505.30000 -64.78
505.35000 -64.77
505.40000 -64.76
505.45000 -64.76
505.50000 -64.75
505.55000 -64.74
505.60000 -64.74
505.65000 -64.73
505.70000 -64.73
505.75000 -64.73
505.80000 -64.72
505.85000 -64.72
505.90000 -64.72
505.95000 -64.72
506.00000 -64.71
506.05000 -64.71
506.10000 -64.71
506.15000 -64.71
506.20000 -64.71
506.25000 -64.71
506.30000 -64.72
506.35000 -64.71
506.40000 -64.71
506.45000 -64.71
506.50000 -64.71
506.55000 -64.71
506.60000 -64.71
506.65000 -64.71
506.70000 -64.71
506.75000 -64.71
506.80000 -64.71
506.85000 -64.71
506.90000 -64.71
506.95000 -64.71
507.00000 -64.72
507.05000 -64.72
507.10000 -64.71
507.15000 -64.71
507.20000 -64.72
507.25000 -64.71
507.30000 -64.71
507.35000 -64.72
507.40000 -64.72
507.45000 -64.72
507.50000 -64.73
507.55000 -64.73
507.60000 -64.73
507.65000 -64.73
507.70000 -64.73
507.75000 -64.73
507.80000 -64.74
507.85000 -64.74
507.90000 -64.74
507.95000 -64.74
508.00000 -64.73
508.05000 -64.73
508.10000 -64.73
508.15000 -64.74
508.20000 -64.74
508.25000 -64.73
508.30000 -64.73
508.35000 -64.73
508.40000 -64.73
508.45000 -64.73
508.50000 -64.73
508.55000 -64.74
508.60000 -64.73
508.65000 -64.73
508.70000 -64.72
508.75000 -64.73
508.80000 -64.74
508.85000 -64.74
508.90000 -64.73
508.95000 -64.74
509.00000 -64.74
509.05000 -64.73
509.10000 -64.73
509.15000 -64.73
509.20000 -64.74
509.25000 -64.74
509.30000 -64.74
509.35000 -64.74
509.40000 -64.74
509.45000 -64.74
509.50000 -64.74
509.55000 -64.74
509.60000 -64.74
509.65000 -64.73
509.70000 -64.73
509.75000 -64.74
509.80000 -64.73
509.85000 -64.74
509.90000 -64.74
509.95000 -64.74
510.00000 -64.73
510.05000 -64.73
510.10000 -64.73
510.15000 -64.73
510.20000 -64.73
510.25000 -64.72
510.30000 -64.72
510.35000 -64.73
510.40000 -64.72
510.45000 -64.72
510.50000 -64.73
510.55000 -64.73
510.60000 -64.73
510.65000 -64.74
510.70000 -64.73
510.75000 -64.74
510.80000 -64.73
510.85000 -64.73
510.90000 -64.73
510.95000 -64.73
511.00000 -64.72
511.05000 -64.72
511.10000 -64.72
511.15000 -64.72
511.20000 -64.72
511.25000 -64.72
511.30000 -64.72
511.35000 -64.72
511.40000 -64.71
511.45000 -64.70
511.50000 -64.71
511.55000 -64.71
511.60000 -64.71
511.65000 -64.71
511.70000 -64.71
511.75000 -64.72
511.80000 -64.72
511.85000 -64.73
511.90000 -64.74
511.95000 -64.74
512.00000 -64.74
512.05000 -64.74
512.10000 -64.74
512.15000 -64.75
512.20000 -64.75
512.25000 -64.76
512.30000 -64.76
512.35000 -64.76
512.40000 -64.77
512.45000 -64.77
512.50000 -64.77
512.55000 -64.78
512.60000 -64.78
512.65000 -64.78
512.70000 -64.78
512.75000 -64.78
512.80000 -64.78
512.85000 -64.78
512.90000 -64.78
512.95000 -64.78
513.00000 -64.78
513.05000 -64.78
513.10000 -64.78
513.15000 -64.78
513.20000 -64.78
513.25000 -64.78
513.30000 -64.77
513.35000 -64.77
513.40000 -64.77
513.45000 -64.76
513.50000 -64.76
513.55000 -64.76
513.60000 -64.76
513.65000 -64.76
513.70000 -64.76
513.75000 -64.76
513.80000 -64.77
513.85000 -64.77
513.90000 -64.78
513.95000 -64.77
514.00000 -64.78
514.05000 -64.78
514.10000 -64.78
514.15000 -64.77
514.20000 -64.78
514.25000 -64.78
514.30000 -64.78
514.35000 -64.78
514.40000 -64.78
514.45000 -64.78
514.50000 -64.77
514.55000 -64.78
514.60000 -64.78
514.65000 -64.77
514.70000 -64.77
514.75000 -64.77
514.80000 -64.77
514.85000 -64.77
514.90000 -64.76
514.95000 -64.76
515.00000 -64.75
515.05000 -64.75
515.10000 -64.75
515.15000 -64.75
515.20000 -64.75
515.25000 -64.75
515.30000 -64.76
515.35000 -64.76
515.40000 -64.76
515.45000 -64.76
515.50000 -64.77
515.55000 -64.77
515.60000 -64.77
515.65000 -64.77
515.70000 -64.76
515.75000 -64.77
515.80000 -64.77
515.85000 -64.77
515.90000 -64.77
515.95000 -64.77
516.00000 -64.77
516.05000 -64.77
516.10000 -64.77
516.15000 -64.77
516.20000 -64.77
516.25000 -64.77
516.30000 -64.77
516.35000 -64.76
516.40000 -64.77
516.45000 -64.76
516.50000 -64.76
516.55000 -64.76
516.60000 -64.76
516.65000 -64.76
516.70000 -64.76
516.75000 -64.76
516.80000 -64.76
516.85000 -64.76
516.90000 -64.76
516.95000 -64.76
517.00000 -64.76
517.05000 -64.77
517.10000 -64.77
517.15000 -64.77
517.20000 -64.76
517.25000 -64.76
517.30000 -64.76
517.35000 -64.75
517.40000 -64.75
517.45000 -64.75
517.50000 -64.75
517.55000 -64.75
517.60000 -64.74
517.65000 -64.74
517.70000 -64.73
517.75000 -64.73
517.80000 -64.73
517.85000 -64.73
517.90000 -64.72
517.95000 -64.72
518.00000 -64.72
518.05000 -64.72
518.10000 -64.72
518.15000 -64.72
518.20000 -64.72
518.25000 -64.72
518.30000 -64.72
518.35000 -64.72
518.40000 -64.72
518.45000 -64.72
518.50000 -64.71
518.55000 -64.71
518.60000 -64.71
518.65000 -64.71
518.70000 -64.71
518.75000 -64.71
518.80000 -64.71
518.85000 -64.71
518.90000 -64.71
518.95000 -64.70
519.00000 -64.70
519.05000 -64.69
519.10000 -64.69
519.15000 -64.69
519.20000 -64.69
519.25000 -64.69
519.30000 -64.69
519.35000 -64.69
519.40000 -64.69
519.45000 -64.70
519.50000 -64.70
519.55000 -64.69
519.60000 -64.69
519.65000 -64.69
519.70000 -64.69
519.75000 -64.69
519.80000 -64.69
519.85000 -64.69
519.90000 -64.69
519.95000 -64.70
520.00000 -64.70
520.05000 -64.71
520.10000 -64.71
520.15000 -64.71
520.20000 -64.71
520.25000 -64.71
520.30000 -64.71
520.35000 -64.71
520.40000 -64.71
520.45000 -64.71
520.50000 -64.71
520.55000 -64.71
520.60000 -64.71
520.65000 -64.70
520.70000 -64.70
520.75000 -64.71
520.80000 -64.70
520.85000 -64.70
520.90000 -64.70
520.95000 -64.70
521.00000 -64.70
521.05000 -64.70
521.10000 -64.70
521.15000 -64.70
521.20000 -64.70
521.25000 -64.70
521.30000 -64.71
521.35000 -64.71
521.40000 -64.71
521.45000 -64.71
521.50000 -64.72
521.55000 -64.72
521.60000 -64.72
521.65000 -64.72
521.70000 -64.72
521.75000 -64.72
521.80000 -64.73
521.85000 -64.73
521.90000 -64.73
521.95000 -64.73
522.00000 -64.73
522.05000 -64.74
522.10000 -64.74
522.15000 -64.74
522.20000 -64.74
522.25000 -64.74
522.30000 -64.74
522.35000 -64.75
522.40000 -64.75
522.45000 -64.75
522.50000 -64.76
522.55000 -64.76
522.60000 -64.76
522.65000 -64.76
522.70000 -64.75
522.75000 -64.75
522.80000 -64.76
522.85000 -64.75
522.90000 -64.75
522.95000 -64.76
523.00000 -64.75
523.05000 -64.75
523.10000 -64.75
523.15000 -64.75
523.20000 -64.74
523.25000 -64.74
523.30000 -64.74
523.35000 -64.74
523.40000 -64.73
523.45000 -64.74
523.50000 -64.74
523.55000 -64.75
523.60000 -64.74
523.65000 -64.75
523.70000 -64.74
523.75000 -64.75
523.80000 -64.75
523.85000 -64.75
523.90000 -64.75
523.95000 -64.74
524.00000 -64.74
524.05000 -64.73
524.10000 -64.73
524.15000 -64.73
524.20000 -64.73
524.25000 -64.73
524.30000 -64.73
524.35000 -64.73
524.40000 -64.73
524.45000 -64.74
524.50000 -64.74
524.55000 -64.74
524.60000 -64.74
524.65000 -64.74
524.70000 -64.74
524.75000 -64.73
524.80000 -64.74
524.85000 -64.74
524.90000 -64.74
524.95000 -64.74
525.00000 -64.74
525.05000 -64.74
525.10000 -64.74
525.15000 -64.74
525.20000 -64.74
525.25000 -64.75
525.30000 -64.75
525.35000 -64.75
525.40000 -64.75
525.45000 -64.75
525.50000 -64.75
525.55000 -64.75
525.60000 -64.75
525.65000 -64.75
525.70000 -64.76
525.75000 -64.76
525.80000 -64.75
525.85000 -64.75
525.90000 -64.75
525.95000 -64.75
526.00000 -64.75
526.05000 -64.75
526.10000 -64.75
526.15000 -64.74
526.20000 -64.75
526.25000 -64.75
526.30000 -64.75
526.35000 -64.74
526.40000 -64.75
526.45000 -64.75
526.50000 -64.75
526.55000 -64.75
526.60000 -64.75
526.65000 -64.76
526.70000 -64.76
526.75000 -64.75
526.80000 -64.75
526.85000 -64.75
526.90000 -64.75
526.95000 -64.75
527.00000 -64.76
527.05000 -64.76
527.10000 -64.76
527.15000 -64.76
527.20000 -64.76
527.25000 -64.76
527.30000 -64.75
527.35000 -64.75
527.40000 -64.75
527.45000 -64.74
527.50000 -64.74
527.55000 -64.73
527.60000 -64.73
527.65000 -64.73
527.70000 -64.73
527.75000 -64.73
527.80000 -64.72
527.85000 -64.73
527.90000 -64.73
527.95000 -64.73
528.00000 -64.73
528.05000 -64.73
528.10000 -64.74
528.15000 -64.75
528.20000 -64.75
528.25000 -64.75
528.30000 -64.75
528.35000 -64.75
528.40000 -64.75
528.45000 -64.75
528.50000 -64.74
528.55000 -64.74
528.60000 -64.74
528.65000 -64.74
528.70000 -64.74
528.75000 -64.74
528.80000 -64.74
528.85000 -64.74
528.90000 -64.75
528.95000 -64.75
529.00000 -64.75
529.05000 -64.75
529.10000 -64.75
529.15000 -64.75
529.20000 -64.75
529.25000 -64.75
529.30000 -64.75
529.35000 -64.75
529.40000 -64.76
529.45000 -64.75
529.50000 -64.75
529.55000 -64.75
529.60000 -64.75
529.65000 -64.75
529.70000 -64.76
529.75000 -64.76
529.80000 -64.76
529.85000 -64.76
529.90000 -64.75
529.95000 -64.75
530.00000 -64.76
530.05000 -64.76
530.10000 -64.75
530.15000 -64.75
530.20000 -64.75
530.25000 -64.75
530.30000 -64.74
530.35000 -64.74
530.40000 -64.73
530.45000 -64.74
530.50000 -64.74
530.55000 -64.74
530.60000 -64.74
530.65000 -64.74
530.70000 -64.74
530.75000 -64.74
530.80000 -64.75
530.85000 -64.75
530.90000 -64.74
530.95000 -64.75
531.00000 -64.75
531.05000 -64.75
531.10000 -64.75
531.15000 -64.75
531.20000 -64.76
531.25000 -64.76
531.30000 -64.76
531.35000 -64.77
531.40000 -64.77
531.45000 -64.77
531.50000 -64.76
531.55000 -64.77
531.60000 -64.77
531.65000 -64.76
531.70000 -64.76
531.75000 -64.76
531.80000 -64.75
531.85000 -64.75
531.90000 -64.74
531.95000 -64.74
532.00000 -64.74
532.05000 -64.73
532.10000 -64.73
532.15000 -64.73
532.20000 -64.73
532.25000 -64.72
532.30000 -64.73
532.35000 -64.73
532.40000 -64.73
532.45000 -64.74
532.50000 -64.73
532.55000 -64.74
532.60000 -64.74
532.65000 -64.75
532.70000 -64.74
532.75000 -64.75
532.80000 -64.75
532.85000 -64.75
532.90000 -64.76
532.95000 -64.76
533.00000 -64.76
533.05000 -64.75
533.10000 -64.76
533.15000 -64.76
533.20000 -64.76
533.25000 -64.77
533.30000 -64.77
533.35000 -64.78
533.40000 -64.77
533.45000 -64.78
533.50000 -64.78
533.55000 -64.77
533.60000 -64.78
533.65000 -64.78
533.70000 -64.78
533.75000 -64.78
533.80000 -64.78
533.85000 -64.78
533.90000 -64.78
533.95000 -64.78
534.00000 -64.79
534.05000 -64.78
534.10000 -64.78
534.15000 -64.78
534.20000 -64.78
534.25000 -64.78
534.30000 -64.78
534.35000 -64.78
534.40000 -64.78
534.45000 -64.78
534.50000 -64.78
534.55000 -64.78
534.60000 -64.78
534.65000 -64.78
534.70000 -64.78
534.75000 -64.78
534.80000 -64.77
534.85000 -64.77
534.90000 -64.78
534.95000 -64.77
535.00000 -64.77
535.05000 -64.76
535.10000 -64.76
535.15000 -64.75
535.20000 -64.75
535.25000 -64.75
535.30000 -64.74
535.35000 -64.75
535.40000 -64.74
535.45000 -64.74
535.50000 -64.75
535.55000 -64.75
535.60000 -64.74
535.65000 -64.75
535.70000 -64.75
535.75000 -64.75
535.80000 -64.75
535.85000 -64.75
535.90000 -64.76
535.95000 -64.75
536.00000 -64.76
536.05000 -64.76
536.10000 -64.76
536.15000 -64.76
536.20000 -64.76
536.25000 -64.76
536.30000 -64.76
536.35000 -64.76
536.40000 -64.75
536.45000 -64.75
536.50000 -64.75
536.55000 -64.75
536.60000 -64.75
536.65000 -64.75
536.70000 -64.75
536.75000 -64.75
536.80000 -64.75
536.85000 -64.75
536.90000 -64.75
536.95000 -64.75
537.00000 -64.75
537.05000 -64.75
537.10000 -64.76
537.15000 -64.76
537.20000 -64.75
537.25000 -64.75
537.30000 -64.75
537.35000 -64.75
537.40000 -64.75
537.45000 -64.74
537.50000 -64.74
537.55000 -64.74
537.60000 -64.73
537.65000 -64.73
537.70000 -64.73
537.75000 -64.73
537.80000 -64.73
537.85000 -64.73
537.90000 -64.74
537.95000 -64.73
538.00000 -64.74
538.05000 -64.74
538.10000 -64.74
538.15000 -64.74
538.20000 -64.74
538.25000 -64.75
538.30000 -64.75
538.35000 -64.76
538.40000 -64.76
538.45000 -64.76
538.50000 -64.76
538.55000 -64.76
538.60000 -64.76
538.65000 -64.76
538.70000 -64.76
538.75000 -64.76
538.80000 -64.76
538.85000 -64.76
538.90000 -64.76
538.95000 -64.76
539.00000 -64.77
539.05000 -64.76
539.10000 -64.77
539.15000 -64.77
539.20000 -64.77
539.25000 -64.77
539.30000 -64.77
539.35000 -64.77
539.40000 -64.78
539.45000 -64.77
539.50000 -64.77
539.55000 -64.78
539.60000 -64.78
539.65000 -64.78
539.70000 -64.78
539.75000 -64.78
539.80000 -64.79
539.85000 -64.79
539.90000 -64.79
539.95000 -64.79
540.00000 -64.79
540.05000 -64.80
540.10000 -64.80
540.15000 -64.80
540.20000 -64.80
540.25000 -64.81
540.30000 -64.81
540.35000 -64.80
540.40000 -64.81
540.45000 -64.81
540.50000 -64.80
540.55000 -64.80
540.60000 -64.80
540.65000 -64.80
540.70000 -64.80
540.75000 -64.81
540.80000 -64.81
540.85000 -64.80
540.90000 -64.80
540.95000 -64.80
541.00000 -64.80
541.05000 -64.80
541.10000 -64.79
541.15000 -64.80
541.20000 -64.80
541.25000 -64.80
541.30000 -64.80
541.35000 -64.79
541.40000 -64.80
541.45000 -64.80
541.50000 -64.80
541.55000 -64.80
541.60000 -64.80
541.65000 -64.80
541.70000 -64.80
541.75000 -64.80
541.80000 -64.80
541.85000 -64.80
541.90000 -64.80
541.95000 -64.80
542.00000 -64.80
542.05000 -64.80
542.10000 -64.79
542.15000 -64.80
542.20000 -64.80
542.25000 -64.80
542.30000 -64.79
542.35000 -64.79
542.40000 -64.79
542.45000 -64.79
542.50000 -64.79
542.55000 -64.79
542.60000 -64.78
542.65000 -64.78
542.70000 -64.79
542.75000 -64.78
542.80000 -64.78
542.85000 -64.78
542.90000 -64.78
542.95000 -64.78
543.00000 -64.78
543.05000 -64.78
543.10000 -64.79
543.15000 -64.79
543.20000 -64.78
543.25000 -64.79
543.30000 -64.78
543.35000 -64.79
543.40000 -64.78
543.45000 -64.79
543.50000 -64.79
543.55000 -64.78
543.60000 -64.79
543.65000 -64.78
543.70000 -64.78
543.75000 -64.78
543.80000 -64.78
543.85000 -64.78
543.90000 -64.77
543.95000 -64.77
544.00000 -64.77
544.05000 -64.77
544.10000 -64.77
544.15000 -64.76
544.20000 -64.76
544.25000 -64.76
544.30000 -64.76
544.35000 -64.76
544.40000 -64.75
544.45000 -64.75
544.50000 -64.75
544.55000 -64.75
544.60000 -64.75
544.65000 -64.75
544.70000 -64.74
544.75000 -64.74
544.80000 -64.75
544.85000 -64.75
544.90000 -64.75
544.95000 -64.75
545.00000 -64.75
545.05000 -64.75
545.10000 -64.75
545.15000 -64.75
545.20000 -64.75
545.25000 -64.75
545.30000 -64.75
545.35000 -64.75
545.40000 -64.75
545.45000 -64.75
545.50000 -64.75
545.55000 -64.75
545.60000 -64.75
545.65000 -64.76
545.70000 -64.75
545.75000 -64.75
545.80000 -64.76
545.85000 -64.75
545.90000 -64.76
545.95000 -64.75
546.00000 -64.76
546.05000 -64.76
546.10000 -64.76
546.15000 -64.75
546.20000 -64.75
546.25000 -64.75
546.30000 -64.75
546.35000 -64.75
546.40000 -64.75
546.45000 -64.75
546.50000 -64.75
546.55000 -64.75
546.60000 -64.75
546.65000 -64.75
546.70000 -64.75
546.75000 -64.74
546.80000 -64.74
546.85000 -64.74
546.90000 -64.74
546.95000 -64.74
547.00000 -64.74
547.05000 -64.74
547.10000 -64.74
547.15000 -64.73
547.20000 -64.73
547.25000 -64.73
547.30000 -64.73
547.35000 -64.73
547.40000 -64.72
547.45000 -64.72
547.50000 -64.73
547.55000 -64.72
547.60000 -64.72
547.65000 -64.72
547.70000 -64.73
547.75000 -64.73
547.80000 -64.73
547.85000 -64.73
547.90000 -64.73
547.95000 -64.73
548.00000 -64.73
548.05000 -64.74
548.10000 -64.73
548.15000 -64.74
548.20000 -64.74
548.25000 -64.74
548.30000 -64.74
548.35000 -64.74
548.40000 -64.74
548.45000 -64.74
548.50000 -64.74
548.55000 -64.74
548.60000 -64.74
548.65000 -64.74
548.70000 -64.74
548.75000 -64.75
548.80000 -64.74
548.85000 -64.74
548.90000 -64.75
548.95000 -64.74
549.00000 -64.75
549.05000 -64.74
549.10000 -64.74
549.15000 -64.75
549.20000 -64.75
549.25000 -64.74
549.30000 -64.75
549.35000 -64.75
549.40000 -64.75
549.45000 -64.75
549.50000 -64.76
549.55000 -64.76
549.60000 -64.76
549.65000 -64.76
549.70000 -64.77
549.75000 -64.77
549.80000 -64.77
549.85000 -64.77
549.90000 -64.77
549.95000 -64.78
