0.00000 -64.73
0.05000 -64.76
0.10000 -64.76
0.15000 -64.76
0.20000 -64.76
0.25000 -64.76
0.30000 -64.76
0.35000 -64.76
0.40000 -64.76
0.45000 -64.76
0.50000 -64.76
0.55000 -64.76
0.60000 -64.76
0.65000 -64.76
0.70000 -64.76
0.75000 -64.76
0.80000 -64.75
0.85000 -64.76
0.90000 -64.76
0.95000 -64.76
1.00000 -64.76
1.05000 -64.76
1.10000 -64.76
1.15000 -64.76
1.20000 -64.76
1.25000 -64.76
1.30000 -64.76
1.35000 -64.76
1.40000 -64.76
1.45000 -64.76
1.50000 -64.76
1.55000 -64.76
1.60000 -64.76
1.65000 -64.76
1.70000 -64.75
1.75000 -64.75
1.80000 -64.75
1.85000 -64.75
1.90000 -64.75
1.95000 -64.75
2.00000 -64.75
2.05000 -64.75
2.10000 -64.75
2.15000 -64.75
2.20000 -64.75
2.25000 -64.75
2.30000 -64.75
2.35000 -64.75
2.40000 -64.76
2.45000 -64.76
2.50000 -64.76
2.55000 -64.76
2.60000 -64.76
2.65000 -64.76
2.70000 -64.76
2.75000 -64.76
2.80000 -64.76
2.85000 -64.76
2.90000 -64.76
2.95000 -64.76
3.00000 -64.76
3.05000 -64.76
3.10000 -64.76
3.15000 -64.76
3.20000 -64.76
3.25000 -64.76
3.30000 -64.76
3.35000 -64.76
3.40000 -64.76
3.45000 -64.76
3.50000 -64.76
3.55000 -64.76
3.60000 -64.76
3.65000 -64.76
3.70000 -64.76
3.75000 -64.76
3.80000 -64.76
3.85000 -64.76
3.90000 -64.76
3.95000 -64.75
4.00000 -64.75
4.05000 -64.75
4.10000 -64.75
4.15000 -64.75
4.20000 -64.75
4.25000 -64.75
4.30000 -64.75
4.35000 -64.75
4.40000 -64.75
4.45000 -64.75
4.50000 -64.75
4.55000 -64.75
4.60000 -64.75
4.65000 -64.75
4.70000 -64.75
4.75000 -64.75
4.80000 -64.75
4.85000 -64.75
4.90000 -64.75
4.95000 -64.75
5.00000 -64.75
5.05000 -64.75
5.10000 -64.75
5.15000 -64.75
5.20000 -64.75
5.25000 -64.75
5.30000 -64.75
5.35000 -64.75
5.40000 -64.75
5.45000 -64.75
5.50000 -64.75
5.55000 -64.75
5.60000 -64.75
5.65000 -64.75
5.70000 -64.75
5.75000 -64.75
5.80000 -64.75
5.85000 -64.75
5.90000 -64.75
5.95000 -64.75
6.00000 -64.75
6.05000 -64.75
6.10000 -64.75
6.15000 -64.75
6.20000 -64.75
6.25000 -64.75
6.30000 -64.75
6.35000 -64.75
6.40000 -64.75
6.45000 -64.75
6.50000 -64.75
6.55000 -64.75
6.60000 -64.75
6.65000 -64.75
6.70000 -64.75
6.75000 -64.75
6.80000 -64.75
6.85000 -64.75
6.90000 -64.75
6.95000 -64.75
7.00000 -64.75
7.05000 -64.75
7.10000 -64.75
7.15000 -64.75
7.20000 -64.75
7.25000 -64.75
7.30000 -64.75
7.35000 -64.75
7.40000 -64.75
7.45000 -64.75
7.50000 -64.75
7.55000 -64.75
7.60000 -64.75
7.65000 -64.75
7.70000 -64.75
7.75000 -64.75
7.80000 -64.75
7.85000 -64.75
7.90000 -64.75
7.95000 -64.75
8.00000 -64.75
8.05000 -64.75
8.10000 -64.75
8.15000 -64.75
8.20000 -64.75
8.25000 -64.75
8.30000 -64.75
8.35000 -64.75
8.40000 -64.75
8.45000 -64.75
8.50000 -64.75
8.55000 -64.75
8.60000 -64.75
8.65000 -64.75
8.70000 -64.75
8.75000 -64.75
8.80000 -64.75
8.85000 -64.75
8.90000 -64.74
8.95000 -64.74
9.00000 -64.74
9.05000 -64.74
9.10000 -64.74
9.15000 -64.74
9.20000 -64.75
9.25000 -64.75
9.30000 -64.74
9.35000 -64.74
9.40000 -64.74
9.45000 -64.75
9.50000 -64.75
9.55000 -64.75
9.60000 -64.75
9.65000 -64.75
9.70000 -64.75
9.75000 -64.75
9.80000 -64.74
9.85000 -64.74
9.90000 -64.74
9.95000 -64.74
10.00000 -64.74
10.05000 -64.74
10.10000 -64.74
10.15000 -64.74
10.20000 -64.74
10.25000 -64.74
10.30000 -64.74
10.35000 -64.74
10.40000 -64.74
10.45000 -64.74
10.50000 -64.74
10.55000 -64.74
10.60000 -64.74
10.65000 -64.74
10.70000 -64.74
10.75000 -64.74
10.80000 -64.75
10.85000 -64.75
10.90000 -64.75
10.95000 -64.75
11.00000 -64.75
11.05000 -64.75
11.10000 -64.75
11.15000 -64.75
11.20000 -64.75
11.25000 -64.75
11.30000 -64.75
11.35000 -64.75
11.40000 -64.75
11.45000 -64.75
11.50000 -64.75
11.55000 -64.75
11.60000 -64.75
11.65000 -64.75
11.70000 -64.75
11.75000 -64.75
11.80000 -64.75
11.85000 -64.75
11.90000 -64.75
11.95000 -64.75
12.00000 -64.75
12.05000 -64.75
12.10000 -64.74
12.15000 -64.75
12.20000 -64.74
12.25000 -64.75
12.30000 -64.75
12.35000 -64.75
12.40000 -64.75
12.45000 -64.75
12.50000 -64.75
12.55000 -64.74
12.60000 -64.74
12.65000 -64.75
12.70000 -64.75
12.75000 -64.75
12.80000 -64.75
12.85000 -64.75
12.90000 -64.75
12.95000 -64.75
13.00000 -64.75
13.05000 -64.75
13.10000 -64.75
13.15000 -64.75
13.20000 -64.75
13.25000 -64.75
13.30000 -64.75
13.35000 -64.75
13.40000 -64.75
13.45000 -64.75
13.50000 -64.75
13.55000 -64.75
13.60000 -64.75
13.65000 -64.75
13.70000 -64.75
13.75000 -64.75
13.80000 -64.75
13.85000 -64.75
13.90000 -64.75
13.95000 -64.75
14.00000 -64.75
14.05000 -64.75
14.10000 -64.75
14.15000 -64.75
14.20000 -64.75
14.25000 -64.75
14.30000 -64.75
14.35000 -64.75
14.40000 -64.75
14.45000 -64.75
14.50000 -64.75
14.55000 -64.75
14.60000 -64.75
14.65000 -64.75
14.70000 -64.75
14.75000 -64.75
14.80000 -64.74
14.85000 -64.74
14.90000 -64.74
14.95000 -64.74
15.00000 -64.74
15.05000 -64.74
15.10000 -64.74
15.15000 -64.74
15.20000 -64.74
15.25000 -64.74
15.30000 -64.74
15.35000 -64.74
15.40000 -64.74
15.45000 -64.74
15.50000 -64.74
15.55000 -64.74
15.60000 -64.74
15.65000 -64.74
15.70000 -64.74
15.75000 -64.74
15.80000 -64.74
15.85000 -64.74
15.90000 -64.74
15.95000 -64.74
16.00000 -64.74
16.05000 -64.74
16.10000 -64.74
16.15000 -64.74
16.20000 -64.75
16.25000 -64.75
16.30000 -64.75
16.35000 -64.74
16.40000 -64.74
16.45000 -64.75
16.50000 -64.75
16.55000 -64.75
16.60000 -64.75
16.65000 -64.75
16.70000 -64.74
16.75000 -64.75
16.80000 -64.75
16.85000 -64.74
16.90000 -64.74
16.95000 -64.74
17.00000 -64.74
17.05000 -64.74
17.10000 -64.74
17.15000 -64.75
17.20000 -64.75
17.25000 -64.75
17.30000 -64.75
17.35000 -64.75
17.40000 -64.75
17.45000 -64.75
17.50000 -64.75
17.55000 -64.75
17.60000 -64.75
17.65000 -64.75
17.70000 -64.75
17.75000 -64.75
17.80000 -64.75
17.85000 -64.75
17.90000 -64.75
17.95000 -64.75
18.00000 -64.75
18.05000 -64.75
18.10000 -64.75
18.15000 -64.75
18.20000 -64.75
18.25000 -64.75
18.30000 -64.75
18.35000 -64.75
18.40000 -64.75
18.45000 -64.75
18.50000 -64.75
18.55000 -64.75
18.60000 -64.75
18.65000 -64.75
18.70000 -64.75
18.75000 -64.75
18.80000 -64.75
18.85000 -64.75
18.90000 -64.75
18.95000 -64.75
19.00000 -64.75
19.05000 -64.75
19.10000 -64.75
19.15000 -64.75
19.20000 -64.75
19.25000 -64.75
19.30000 -64.75
19.35000 -64.76
19.40000 -64.76
19.45000 -64.76
19.50000 -64.75
19.55000 -64.76
19.60000 -64.76
19.65000 -64.75
19.70000 -64.75
19.75000 -64.75
19.80000 -64.75
19.85000 -64.75
19.90000 -64.75
19.95000 -64.75
20.00000 -64.75
20.05000 -64.75
20.10000 -64.75
20.15000 -64.75
20.20000 -64.75
20.25000 -64.75
20.30000 -64.75
20.35000 -64.75
20.40000 -64.75
20.45000 -64.75
20.50000 -64.75
20.55000 -64.75
20.60000 -64.75
20.65000 -64.75
20.70000 -64.75
20.75000 -64.75
20.80000 -64.75
20.85000 -64.75
20.90000 -64.75
20.95000 -64.75
21.00000 -64.75
21.05000 -64.75
21.10000 -64.75
21.15000 -64.75
21.20000 -64.75
21.25000 -64.75
21.30000 -64.75
21.35000 -64.75
21.40000 -64.75
21.45000 -64.75
21.50000 -64.75
21.55000 -64.75
21.60000 -64.75
21.65000 -64.75
21.70000 -64.75
21.75000 -64.74
21.80000 -64.74
21.85000 -64.74
21.90000 -64.74
21.95000 -64.74
22.00000 -64.74
22.05000 -64.74
22.10000 -64.74
22.15000 -64.74
22.20000 -64.74
22.25000 -64.75
22.30000 -64.75
22.35000 -64.75
22.40000 -64.75
22.45000 -64.75
22.50000 -64.75
22.55000 -64.75
22.60000 -64.75
22.65000 -64.75
22.70000 -64.75
22.75000 -64.75
22.80000 -64.75
22.85000 -64.75
22.90000 -64.75
22.95000 -64.75
23.00000 -64.75
23.05000 -64.75
23.10000 -64.75
23.15000 -64.75
23.20000 -64.75
23.25000 -64.75
23.30000 -64.75
23.35000 -64.75
23.40000 -64.75
23.45000 -64.75
23.50000 -64.75
23.55000 -64.75
23.60000 -64.75
23.65000 -64.75
23.70000 -64.75
23.75000 -64.75
23.80000 -64.75
23.85000 -64.75
23.90000 -64.75
23.95000 -64.75
24.00000 -64.75
24.05000 -64.75
24.10000 -64.75
24.15000 -64.75
24.20000 -64.75
24.25000 -64.75
24.30000 -64.75
24.35000 -64.75
24.40000 -64.75
24.45000 -64.75
24.50000 -64.75
24.55000 -64.75
24.60000 -64.75
24.65000 -64.75
24.70000 -64.75
24.75000 -64.75
24.80000 -64.75
24.85000 -64.75
24.90000 -64.75
24.95000 -64.75
25.00000 -64.75
25.05000 -64.75
25.10000 -64.75
25.15000 -64.75
25.20000 -64.75
25.25000 -64.75
25.30000 -64.75
25.35000 -64.75
25.40000 -64.75
25.45000 -64.75
25.50000 -64.75
25.55000 -64.75
25.60000 -64.75
25.65000 -64.75
25.70000 -64.75
25.75000 -64.75
25.80000 -64.75
25.85000 -64.75
25.90000 -64.75
25.95000 -64.75
26.00000 -64.75
26.05000 -64.75
26.10000 -64.75
26.15000 -64.75
26.20000 -64.75
26.25000 -64.76
26.30000 -64.76
26.35000 -64.75
26.40000 -64.76
26.45000 -64.76
26.50000 -64.76
26.55000 -64.76
26.60000 -64.76
26.65000 -64.76
26.70000 -64.76
26.75000 -64.76
26.80000 -64.76
26.85000 -64.76
26.90000 -64.76
26.95000 -64.76
27.00000 -64.76
27.05000 -64.76
27.10000 -64.76
27.15000 -64.76
27.20000 -64.76
27.25000 -64.76
27.30000 -64.76
27.35000 -64.76
27.40000 -64.76
27.45000 -64.76
27.50000 -64.76
27.55000 -64.76
27.60000 -64.76
27.65000 -64.75
27.70000 -64.75
27.75000 -64.75
27.80000 -64.75
27.85000 -64.75
27.90000 -64.75
27.95000 -64.75
28.00000 -64.75
28.05000 -64.75
28.10000 -64.75
28.15000 -64.75
28.20000 -64.75
28.25000 -64.75
28.30000 -64.75
28.35000 -64.75
28.40000 -64.75
28.45000 -64.75
28.50000 -64.75
28.55000 -64.75
28.60000 -64.75
28.65000 -64.75
28.70000 -64.75
28.75000 -64.75
28.80000 -64.75
28.85000 -64.75
28.90000 -64.75
28.95000 -64.75
29.00000 -64.75
29.05000 -64.75
29.10000 -64.75
29.15000 -64.75
29.20000 -64.75
29.25000 -64.75
29.30000 -64.75
29.35000 -64.76
29.40000 -64.75
29.45000 -64.75
29.50000 -64.75
29.55000 -64.75
29.60000 -64.75
29.65000 -64.75
29.70000 -64.75
29.75000 -64.75
29.80000 -64.75
29.85000 -64.75
29.90000 -64.75
29.95000 -64.75
30.00000 -64.75
30.05000 -64.75
30.10000 -64.75
30.15000 -64.75
30.20000 -64.75
30.25000 -64.75
30.30000 -64.75
30.35000 -64.75
30.40000 -64.75
30.45000 -64.75
30.50000 -64.75
30.55000 -64.75
30.60000 -64.75
30.65000 -64.75
30.70000 -64.75
30.75000 -64.75
30.80000 -64.75
30.85000 -64.75
30.90000 -64.75
30.95000 -64.75
31.00000 -64.75
31.05000 -64.75
31.10000 -64.75
31.15000 -64.75
31.20000 -64.75
31.25000 -64.75
31.30000 -64.75
31.35000 -64.75
31.40000 -64.75
31.45000 -64.74
31.50000 -64.74
31.55000 -64.74
31.60000 -64.74
31.65000 -64.74
31.70000 -64.75
31.75000 -64.75
31.80000 -64.75
31.85000 -64.75
31.90000 -64.75
31.95000 -64.75
32.00000 -64.75
32.05000 -64.75
32.10000 -64.75
32.15000 -64.75
32.20000 -64.75
32.25000 -64.75
32.30000 -64.75
32.35000 -64.75
32.40000 -64.75
32.45000 -64.75
32.50000 -64.75
32.55000 -64.75
32.60000 -64.75
32.65000 -64.75
32.70000 -64.75
32.75000 -64.75
32.80000 -64.75
32.85000 -64.75
32.90000 -64.75
32.95000 -64.75
33.00000 -64.75
33.05000 -64.75
33.10000 -64.75
33.15000 -64.76
33.20000 -64.76
33.25000 -64.76
33.30000 -64.76
33.35000 -64.76
33.40000 -64.76
33.45000 -64.76
33.50000 -64.76
33.55000 -64.76
33.60000 -64.76
33.65000 -64.76
33.70000 -64.76
33.75000 -64.76
33.80000 -64.76
33.85000 -64.76
33.90000 -64.76
33.95000 -64.76
34.00000 -64.76
34.05000 -64.76
34.10000 -64.76
34.15000 -64.76
34.20000 -64.76
34.25000 -64.75
34.30000 -64.75
34.35000 -64.75
34.40000 -64.75
34.45000 -64.76
34.50000 -64.75
34.55000 -64.75
34.60000 -64.75
34.65000 -64.75
34.70000 -64.75
34.75000 -64.75
34.80000 -64.75
34.85000 -64.75
34.90000 -64.75
34.95000 -64.75
35.00000 -64.75
35.05000 -64.75
35.10000 -64.75
35.15000 -64.75
35.20000 -64.75
35.25000 -64.75
35.30000 -64.75
35.35000 -64.75
35.40000 -64.75
35.45000 -64.75
35.50000 -64.75
35.55000 -64.75
35.60000 -64.75
35.65000 -64.75
35.70000 -64.75
35.75000 -64.74
35.80000 -64.74
35.85000 -64.74
35.90000 -64.75
35.95000 -64.75
36.00000 -64.75
36.05000 -64.75
36.10000 -64.75
36.15000 -64.75
36.20000 -64.75
36.25000 -64.75
36.30000 -64.75
36.35000 -64.75
36.40000 -64.75
36.45000 -64.75
36.50000 -64.75
36.55000 -64.75
36.60000 -64.75
36.65000 -64.75
36.70000 -64.75
36.75000 -64.75
36.80000 -64.75
36.85000 -64.75
36.90000 -64.75
36.95000 -64.75
37.00000 -64.75
37.05000 -64.75
37.10000 -64.75
37.15000 -64.75
37.20000 -64.75
37.25000 -64.75
37.30000 -64.75
37.35000 -64.75
37.40000 -64.75
37.45000 -64.75
37.50000 -64.75
37.55000 -64.75
37.60000 -64.75
37.65000 -64.75
37.70000 -64.75
37.75000 -64.75
37.80000 -64.75
37.85000 -64.75
37.90000 -64.75
37.95000 -64.75
38.00000 -64.75
38.05000 -64.75
38.10000 -64.75
38.15000 -64.75
38.20000 -64.75
38.25000 -64.75
38.30000 -64.75
38.35000 -64.75
38.40000 -64.75
38.45000 -64.75
38.50000 -64.75
38.55000 -64.75
38.60000 -64.75
38.65000 -64.75
38.70000 -64.75
38.75000 -64.75
38.80000 -64.75
38.85000 -64.75
38.90000 -64.75
38.95000 -64.75
39.00000 -64.75
39.05000 -64.75
39.10000 -64.75
39.15000 -64.75
39.20000 -64.76
39.25000 -64.76
39.30000 -64.76
39.35000 -64.75
39.40000 -64.75
39.45000 -64.75
39.50000 -64.75
39.55000 -64.75
39.60000 -64.75
39.65000 -64.75
39.70000 -64.75
39.75000 -64.75
39.80000 -64.75
39.85000 -64.75
39.90000 -64.75
39.95000 -64.75
40.00000 -64.75
40.05000 -64.75
40.10000 -64.75
40.15000 -64.75
40.20000 -64.75
40.25000 -64.75
40.30000 -64.75
40.35000 -64.75
40.40000 -64.75
40.45000 -64.75
40.50000 -64.75
40.55000 -64.75
40.60000 -64.75
40.65000 -64.75
40.70000 -64.75
40.75000 -64.75
40.80000 -64.75
40.85000 -64.75
40.90000 -64.75
40.95000 -64.75
41.00000 -64.75
41.05000 -64.75
41.10000 -64.74
41.15000 -64.75
41.20000 -64.75
41.25000 -64.74
41.30000 -64.74
41.35000 -64.74
41.40000 -64.74
41.45000 -64.74
41.50000 -64.74
41.55000 -64.74
41.60000 -64.74
41.65000 -64.74
41.70000 -64.74
41.75000 -64.74
41.80000 -64.74
41.85000 -64.74
41.90000 -64.74
41.95000 -64.74
42.00000 -64.74
42.05000 -64.74
42.10000 -64.74
42.15000 -64.75
42.20000 -64.74
42.25000 -64.75
42.30000 -64.74
42.35000 -64.74
42.40000 -64.74
42.45000 -64.74
42.50000 -64.74
42.55000 -64.74
42.60000 -64.74
42.65000 -64.74
42.70000 -64.74
42.75000 -64.74
42.80000 -64.74
42.85000 -64.74
42.90000 -64.74
42.95000 -64.74
43.00000 -64.74
43.05000 -64.74
43.10000 -64.74
43.15000 -64.74
43.20000 -64.74
43.25000 -64.74
43.30000 -64.74
43.35000 -64.75
43.40000 -64.75
43.45000 -64.74
43.50000 -64.74
43.55000 -64.75
43.60000 -64.75
43.65000 -64.75
43.70000 -64.75
43.75000 -64.75
43.80000 -64.75
43.85000 -64.75
43.90000 -64.75
43.95000 -64.75
44.00000 -64.75
44.05000 -64.75
44.10000 -64.75
44.15000 -64.75
44.20000 -64.75
44.25000 -64.75
44.30000 -64.75
44.35000 -64.75
44.40000 -64.75
44.45000 -64.75
44.50000 -64.75
44.55000 -64.75
44.60000 -64.75
44.65000 -64.75
44.70000 -64.75
44.75000 -64.75
44.80000 -64.75
44.85000 -64.75
44.90000 -64.75
44.95000 -64.75
45.00000 -64.75
45.05000 -64.75
45.10000 -64.75
45.15000 -64.75
45.20000 -64.75
45.25000 -64.75
45.30000 -64.75
45.35000 -64.75
45.40000 -64.75
45.45000 -64.75
45.50000 -64.75
45.55000 -64.75
45.60000 -64.75
45.65000 -64.75
45.70000 -64.75
45.75000 -64.75
45.80000 -64.75
45.85000 -64.75
45.90000 -64.75
45.95000 -64.75
46.00000 -64.75
46.05000 -64.75
46.10000 -64.75
46.15000 -64.75
46.20000 -64.75
46.25000 -64.75
46.30000 -64.75
46.35000 -64.75
46.40000 -64.75
46.45000 -64.75
46.50000 -64.76
46.55000 -64.76
46.60000 -64.75
46.65000 -64.75
46.70000 -64.75
46.75000 -64.75
46.80000 -64.75
46.85000 -64.75
46.90000 -64.75
46.95000 -64.75
47.00000 -64.75
47.05000 -64.75
47.10000 -64.75
47.15000 -64.75
47.20000 -64.75
47.25000 -64.75
47.30000 -64.75
47.35000 -64.75
47.40000 -64.75
47.45000 -64.75
47.50000 -64.75
47.55000 -64.75
47.60000 -64.75
47.65000 -64.75
47.70000 -64.75
47.75000 -64.75
47.80000 -64.75
47.85000 -64.75
47.90000 -64.75
47.95000 -64.75
48.00000 -64.75
48.05000 -64.75
48.10000 -64.75
48.15000 -64.75
48.20000 -64.75
48.25000 -64.75
48.30000 -64.75
48.35000 -64.76
48.40000 -64.75
48.45000 -64.76
48.50000 -64.76
48.55000 -64.76
48.60000 -64.76
48.65000 -64.76
48.70000 -64.76
48.75000 -64.76
48.80000 -64.76
48.85000 -64.76
48.90000 -64.76
48.95000 -64.76
49.00000 -64.76
49.05000 -64.76
49.10000 -64.76
49.15000 -64.76
49.20000 -64.76
49.25000 -64.76
49.30000 -64.76
49.35000 -64.76
49.40000 -64.76
49.45000 -64.76
49.50000 -64.76
49.55000 -64.76
49.60000 -64.76
49.65000 -64.76
49.70000 -64.76
49.75000 -64.76
49.80000 -64.76
49.85000 -64.75
49.90000 -64.75
49.95000 -64.75
50.00000 -64.75
50.05000 -64.75
50.10000 -64.75
50.15000 -64.75
50.20000 -64.75
50.25000 -64.75
50.30000 -64.75
50.35000 -64.75
50.40000 -64.75
50.45000 -64.75
50.50000 -64.75
50.55000 -64.75
50.60000 -64.75
50.65000 -64.75
50.70000 -64.75
50.75000 -64.75
50.80000 -64.75
50.85000 -64.75
50.90000 -64.75
50.95000 -64.75
51.00000 -64.75
51.05000 -64.75
51.10000 -64.75
51.15000 -64.75
51.20000 -64.75
51.25000 -64.76
51.30000 -64.76
51.35000 -64.76
51.40000 -64.76
51.45000 -64.76
51.50000 -64.76
51.55000 -64.76
51.60000 -64.76
51.65000 -64.76
51.70000 -64.76
51.75000 -64.76
51.80000 -64.76
51.85000 -64.76
51.90000 -64.76
51.95000 -64.75
52.00000 -64.75
52.05000 -64.76
52.10000 -64.76
52.15000 -64.76
52.20000 -64.76
52.25000 -64.76
52.30000 -64.76
52.35000 -64.76
52.40000 -64.76
52.45000 -64.75
52.50000 -64.76
52.55000 -64.76
52.60000 -64.76
52.65000 -64.76
52.70000 -64.76
52.75000 -64.76
52.80000 -64.76
52.85000 -64.76
52.90000 -64.76
52.95000 -64.76
53.00000 -64.76
53.05000 -64.76
53.10000 -64.75
53.15000 -64.75
53.20000 -64.76
53.25000 -64.76
53.30000 -64.75
53.35000 -64.75
53.40000 -64.75
53.45000 -64.75
53.50000 -64.75
53.55000 -64.75
53.60000 -64.75
53.65000 -64.75
53.70000 -64.75
53.75000 -64.75
53.80000 -64.75
53.85000 -64.75
53.90000 -64.75
53.95000 -64.75
54.00000 -64.75
54.05000 -64.75
54.10000 -64.74
54.15000 -64.74
54.20000 -64.75
54.25000 -64.75
54.30000 -64.75
54.35000 -64.74
54.40000 -64.74
54.45000 -64.74
54.50000 -64.74
54.55000 -64.74
54.60000 -64.74
54.65000 -64.74
54.70000 -64.74
54.75000 -64.74
54.80000 -64.74
54.85000 -64.74
54.90000 -64.74
54.95000 -64.74
55.00000 -64.74
55.05000 -64.74
55.10000 -64.74
55.15000 -64.74
55.20000 -64.74
55.25000 -64.74
55.30000 -64.74
55.35000 -64.74
55.40000 -64.74
55.45000 -64.74
55.50000 -64.74
55.55000 -64.74
55.60000 -64.74
55.65000 -64.74
55.70000 -64.74
55.75000 -64.74
55.80000 -64.74
55.85000 -64.74
55.90000 -64.74
55.95000 -64.74
56.00000 -64.74
56.05000 -64.74
56.10000 -64.74
56.15000 -64.74
56.20000 -64.74
56.25000 -64.74
56.30000 -64.74
56.35000 -64.74
56.40000 -64.74
56.45000 -64.74
56.50000 -64.74
56.55000 -64.74
56.60000 -64.74
56.65000 -64.74
56.70000 -64.74
56.75000 -64.74
56.80000 -64.75
56.85000 -64.74
56.90000 -64.74
56.95000 -64.75
57.00000 -64.75
57.05000 -64.75
57.10000 -64.74
57.15000 -64.75
57.20000 -64.75
57.25000 -64.75
57.30000 -64.75
57.35000 -64.75
57.40000 -64.75
57.45000 -64.75
57.50000 -64.75
57.55000 -64.75
57.60000 -64.75
57.65000 -64.75
57.70000 -64.75
57.75000 -64.75
57.80000 -64.75
57.85000 -64.75
57.90000 -64.75
57.95000 -64.75
58.00000 -64.75
58.05000 -64.75
58.10000 -64.75
58.15000 -64.75
58.20000 -64.75
58.25000 -64.75
58.30000 -64.75
58.35000 -64.75
58.40000 -64.75
58.45000 -64.75
58.50000 -64.75
58.55000 -64.75
58.60000 -64.75
58.65000 -64.75
58.70000 -64.75
58.75000 -64.75
58.80000 -64.75
58.85000 -64.75
58.90000 -64.75
58.95000 -64.75
59.00000 -64.75
59.05000 -64.75
59.10000 -64.75
59.15000 -64.75
59.20000 -64.75
59.25000 -64.75
59.30000 -64.75
59.35000 -64.75
59.40000 -64.75
59.45000 -64.75
59.50000 -64.75
59.55000 -64.75
59.60000 -64.75
59.65000 -64.75
59.70000 -64.75
59.75000 -64.75
59.80000 -64.75
59.85000 -64.75
59.90000 -64.75
59.95000 -64.75
60.00000 -64.75
60.05000 -64.75
60.10000 -64.75
60.15000 -64.75
60.20000 -64.75
60.25000 -64.75
60.30000 -64.75
60.35000 -64.75
60.40000 -64.75
60.45000 -64.75
60.50000 -64.75
60.55000 -64.75
60.60000 -64.75
60.65000 -64.75
60.70000 -64.75
60.75000 -64.75
60.80000 -64.75
60.85000 -64.75
60.90000 -64.75
60.95000 -64.75
61.00000 -64.75
61.05000 -64.75
61.10000 -64.75
61.15000 -64.75
61.20000 -64.75
61.25000 -64.75
61.30000 -64.75
61.35000 -64.75
61.40000 -64.75
61.45000 -64.75
61.50000 -64.75
61.55000 -64.75
61.60000 -64.75
61.65000 -64.75
61.70000 -64.75
61.75000 -64.75
61.80000 -64.75
61.85000 -64.75
61.90000 -64.75
61.95000 -64.75
62.00000 -64.75
62.05000 -64.75
62.10000 -64.75
62.15000 -64.75
62.20000 -64.75
62.25000 -64.75
62.30000 -64.75
62.35000 -64.75
62.40000 -64.75
62.45000 -64.75
62.50000 -64.75
62.55000 -64.75
62.60000 -64.75
62.65000 -64.75
62.70000 -64.75
62.75000 -64.75
62.80000 -64.75
62.85000 -64.75
62.90000 -64.75
62.95000 -64.75
63.00000 -64.75
63.05000 -64.75
63.10000 -64.75
63.15000 -64.75
63.20000 -64.75
63.25000 -64.75
63.30000 -64.75
63.35000 -64.75
63.40000 -64.75
63.45000 -64.75
63.50000 -64.75
63.55000 -64.75
63.60000 -64.75
63.65000 -64.75
63.70000 -64.75
63.75000 -64.76
63.80000 -64.76
63.85000 -64.75
63.90000 -64.76
63.95000 -64.76
64.00000 -64.76
64.05000 -64.76
64.10000 -64.76
64.15000 -64.76
64.20000 -64.76
64.25000 -64.76
64.30000 -64.76
64.35000 -64.76
64.40000 -64.76
64.45000 -64.76
64.50000 -64.76
64.55000 -64.76
64.60000 -64.76
64.65000 -64.76
64.70000 -64.76
64.75000 -64.76
64.80000 -64.76
64.85000 -64.76
64.90000 -64.76
64.95000 -64.76
65.00000 -64.76
65.05000 -64.76
65.10000 -64.76
65.15000 -64.76
65.20000 -64.76
65.25000 -64.76
65.30000 -64.76
65.35000 -64.76
65.40000 -64.76
65.45000 -64.76
65.50000 -64.76
65.55000 -64.76
65.60000 -64.75
65.65000 -64.75
65.70000 -64.75
65.75000 -64.75
65.80000 -64.75
65.85000 -64.75
65.90000 -64.75
65.95000 -64.75
66.00000 -64.75
66.05000 -64.75
66.10000 -64.75
66.15000 -64.75
66.20000 -64.75
66.25000 -64.75
66.30000 -64.75
66.35000 -64.75
66.40000 -64.75
66.45000 -64.75
66.50000 -64.75
66.55000 -64.75
66.60000 -64.75
66.65000 -64.75
66.70000 -64.75
66.75000 -64.75
66.80000 -64.75
66.85000 -64.75
66.90000 -64.75
66.95000 -64.75
67.00000 -64.75
67.05000 -64.75
67.10000 -64.75
67.15000 -64.75
67.20000 -64.75
67.25000 -64.74
67.30000 -64.74
67.35000 -64.75
67.40000 -64.75
67.45000 -64.75
67.50000 -64.75
67.55000 -64.75
67.60000 -64.75
67.65000 -64.75
67.70000 -64.75
67.75000 -64.75
67.80000 -64.75
67.85000 -64.75
67.90000 -64.75
67.95000 -64.74
68.00000 -64.75
68.05000 -64.75
68.10000 -64.75
68.15000 -64.75
68.20000 -64.75
68.25000 -64.74
68.30000 -64.75
68.35000 -64.74
68.40000 -64.74
68.45000 -64.74
68.50000 -64.75
68.55000 -64.74
68.60000 -64.74
68.65000 -64.74
68.70000 -64.74
68.75000 -64.74
68.80000 -64.74
68.85000 -64.74
68.90000 -64.74
68.95000 -64.74
69.00000 -64.74
69.05000 -64.74
69.10000 -64.75
69.15000 -64.75
69.20000 -64.75
69.25000 -64.75
69.30000 -64.75
69.35000 -64.74
69.40000 -64.75
69.45000 -64.75
69.50000 -64.75
69.55000 -64.75
69.60000 -64.75
69.65000 -64.75
69.70000 -64.75
69.75000 -64.75
69.80000 -64.75
69.85000 -64.75
69.90000 -64.75
69.95000 -64.75
70.00000 -64.75
70.05000 -64.75
70.10000 -64.75
70.15000 -64.75
70.20000 -64.75
70.25000 -64.75
70.30000 -64.75
70.35000 -64.75
70.40000 -64.75
70.45000 -64.75
70.50000 -64.75
70.55000 -64.75
70.60000 -64.75
70.65000 -64.75
70.70000 -64.75
70.75000 -64.75
70.80000 -64.75
70.85000 -64.75
70.90000 -64.75
70.95000 -64.75
71.00000 -64.75
71.05000 -64.75
71.10000 -64.75
71.15000 -64.75
71.20000 -64.75
71.25000 -64.75
71.30000 -64.75
71.35000 -64.75
71.40000 -64.75
71.45000 -64.75
71.50000 -64.75
71.55000 -64.75
71.60000 -64.75
71.65000 -64.76
71.70000 -64.75
71.75000 -64.75
71.80000 -64.75
71.85000 -64.75
71.90000 -64.75
71.95000 -64.75
72.00000 -64.75
72.05000 -64.75
72.10000 -64.75
72.15000 -64.75
72.20000 -64.76
72.25000 -64.76
72.30000 -64.76
72.35000 -64.76
72.40000 -64.76
72.45000 -64.76
72.50000 -64.76
72.55000 -64.76
72.60000 -64.76
72.65000 -64.76
72.70000 -64.76
72.75000 -64.76
72.80000 -64.76
72.85000 -64.76
72.90000 -64.76
72.95000 -64.76
73.00000 -64.76
73.05000 -64.76
73.10000 -64.76
73.15000 -64.76
73.20000 -64.76
73.25000 -64.76
73.30000 -64.75
73.35000 -64.75
73.40000 -64.75
73.45000 -64.75
73.50000 -64.75
73.55000 -64.75
73.60000 -64.75
73.65000 -64.75
73.70000 -64.75
73.75000 -64.75
73.80000 -64.75
73.85000 -64.75
73.90000 -64.75
73.95000 -64.74
74.00000 -64.74
74.05000 -64.75
74.10000 -64.75
74.15000 -64.75
74.20000 -64.75
74.25000 -64.75
74.30000 -64.75
74.35000 -64.74
74.40000 -64.74
74.45000 -64.74
74.50000 -64.74
74.55000 -64.75
74.60000 -64.74
74.65000 -64.75
74.70000 -64.75
74.75000 -64.75
74.80000 -64.75
74.85000 -64.75
74.90000 -64.75
74.95000 -64.75
75.00000 -64.75
75.05000 -64.75
75.10000 -64.75
75.15000 -64.75
75.20000 -64.75
75.25000 -64.75
75.30000 -64.75
75.35000 -64.75
75.40000 -64.75
75.45000 -64.75
75.50000 -64.75
75.55000 -64.75
75.60000 -64.75
75.65000 -64.75
75.70000 -64.75
75.75000 -64.75
75.80000 -64.75
75.85000 -64.75
75.90000 -64.75
75.95000 -64.75
76.00000 -64.75
76.05000 -64.75
76.10000 -64.75
76.15000 -64.75
76.20000 -64.75
76.25000 -64.75
76.30000 -64.75
76.35000 -64.75
76.40000 -64.75
76.45000 -64.75
76.50000 -64.75
76.55000 -64.75
76.60000 -64.75
76.65000 -64.75
76.70000 -64.75
76.75000 -64.75
76.80000 -64.75
76.85000 -64.75
76.90000 -64.75
76.95000 -64.75
77.00000 -64.75
77.05000 -64.75
77.10000 -64.75
77.15000 -64.75
77.20000 -64.75
77.25000 -64.75
77.30000 -64.75
77.35000 -64.75
77.40000 -64.75
77.45000 -64.75
77.50000 -64.75
77.55000 -64.75
77.60000 -64.75
77.65000 -64.75
77.70000 -64.75
77.75000 -64.75
77.80000 -64.75
77.85000 -64.75
77.90000 -64.75
77.95000 -64.75
78.00000 -64.75
78.05000 -64.75
78.10000 -64.75
78.15000 -64.75
78.20000 -64.75
78.25000 -64.75
78.30000 -64.75
78.35000 -64.75
78.40000 -64.75
78.45000 -64.75
78.50000 -64.75
78.55000 -64.75
78.60000 -64.74
78.65000 -64.75
78.70000 -64.75
78.75000 -64.75
78.80000 -64.75
78.85000 -64.74
78.90000 -64.74
78.95000 -64.74
79.00000 -64.74
79.05000 -64.74
79.10000 -64.74
79.15000 -64.74
79.20000 -64.74
79.25000 -64.74
79.30000 -64.74
79.35000 -64.74
79.40000 -64.74
79.45000 -64.74
79.50000 -64.74
79.55000 -64.74
79.60000 -64.75
79.65000 -64.74
79.70000 -64.75
79.75000 -64.75
79.80000 -64.75
79.85000 -64.75
79.90000 -64.75
79.95000 -64.75
80.00000 -64.75
80.05000 -64.75
80.10000 -64.75
80.15000 -64.75
80.20000 -64.75
80.25000 -64.75
80.30000 -64.75
80.35000 -64.75
80.40000 -64.75
80.45000 -64.75
80.50000 -64.75
80.55000 -64.75
80.60000 -64.75
80.65000 -64.75
80.70000 -64.75
80.75000 -64.75
80.80000 -64.75
80.85000 -64.75
80.90000 -64.75
80.95000 -64.75
81.00000 -64.75
81.05000 -64.74
81.10000 -64.74
81.15000 -64.74
81.20000 -64.74
81.25000 -64.74
81.30000 -64.74
81.35000 -64.74
81.40000 -64.74
81.45000 -64.74
81.50000 -64.74
81.55000 -64.74
81.60000 -64.74
81.65000 -64.74
81.70000 -64.74
81.75000 -64.74
81.80000 -64.74
81.85000 -64.74
81.90000 -64.74
81.95000 -64.74
82.00000 -64.74
82.05000 -64.74
82.10000 -64.74
82.15000 -64.74
82.20000 -64.74
82.25000 -64.74
82.30000 -64.74
82.35000 -64.74
82.40000 -64.74
82.45000 -64.74
82.50000 -64.74
82.55000 -64.74
82.60000 -64.74
82.65000 -64.74
82.70000 -64.74
82.75000 -64.74
82.80000 -64.74
82.85000 -64.74
82.90000 -64.74
82.95000 -64.74
83.00000 -64.74
83.05000 -64.74
83.10000 -64.74
83.15000 -64.74
83.20000 -64.74
83.25000 -64.74
83.30000 -64.74
83.35000 -64.74
83.40000 -64.74
83.45000 -64.74
83.50000 -64.74
83.55000 -64.74
83.60000 -64.74
83.65000 -64.74
83.70000 -64.74
83.75000 -64.75
83.80000 -64.75
83.85000 -64.75
83.90000 -64.75
83.95000 -64.75
84.00000 -64.75
84.05000 -64.75
84.10000 -64.75
84.15000 -64.75
84.20000 -64.75
84.25000 -64.75
84.30000 -64.75
84.35000 -64.75
84.40000 -64.75
84.45000 -64.75
84.50000 -64.75
84.55000 -64.75
84.60000 -64.75
84.65000 -64.75
84.70000 -64.75
84.75000 -64.75
84.80000 -64.75
84.85000 -64.75
84.90000 -64.75
84.95000 -64.75
85.00000 -64.75
85.05000 -64.75
85.10000 -64.75
85.15000 -64.75
85.20000 -64.75
85.25000 -64.75
85.30000 -64.75
85.35000 -64.75
85.40000 -64.75
85.45000 -64.75
85.50000 -64.75
85.55000 -64.75
85.60000 -64.75
85.65000 -64.75
85.70000 -64.75
85.75000 -64.75
85.80000 -64.75
85.85000 -64.75
85.90000 -64.75
85.95000 -64.75
86.00000 -64.75
86.05000 -64.75
86.10000 -64.75
86.15000 -64.75
86.20000 -64.75
86.25000 -64.75
86.30000 -64.75
86.35000 -64.74
86.40000 -64.74
86.45000 -64.74
86.50000 -64.74
86.55000 -64.74
86.60000 -64.74
86.65000 -64.74
86.70000 -64.74
86.75000 -64.74
86.80000 -64.74
86.85000 -64.74
86.90000 -64.75
86.95000 -64.75
87.00000 -64.75
87.05000 -64.75
87.10000 -64.75
87.15000 -64.75
87.20000 -64.75
87.25000 -64.75
87.30000 -64.75
87.35000 -64.75
87.40000 -64.75
87.45000 -64.75
87.50000 -64.75
87.55000 -64.75
87.60000 -64.74
87.65000 -64.75
87.70000 -64.74
87.75000 -64.74
87.80000 -64.74
87.85000 -64.74
87.90000 -64.74
87.95000 -64.74
88.00000 -64.74
88.05000 -64.74
88.10000 -64.74
88.15000 -64.74
88.20000 -64.74
88.25000 -64.74
88.30000 -64.74
88.35000 -64.74
88.40000 -64.74
88.45000 -64.74
88.50000 -64.74
88.55000 -64.74
88.60000 -64.74
88.65000 -64.74
88.70000 -64.74
88.75000 -64.74
88.80000 -64.74
88.85000 -64.74
88.90000 -64.74
88.95000 -64.74
89.00000 -64.74
89.05000 -64.74
89.10000 -64.74
89.15000 -64.74
89.20000 -64.74
89.25000 -64.74
89.30000 -64.74
89.35000 -64.74
89.40000 -64.74
89.45000 -64.74
89.50000 -64.74
89.55000 -64.74
89.60000 -64.74
89.65000 -64.74
89.70000 -64.74
89.75000 -64.74
89.80000 -64.74
89.85000 -64.73
89.90000 -64.73
89.95000 -64.73
90.00000 -64.73
90.05000 -64.73
90.10000 -64.73
90.15000 -64.74
90.20000 -64.73
90.25000 -64.73
90.30000 -64.74
90.35000 -64.74
90.40000 -64.73
90.45000 -64.74
90.50000 -64.74
90.55000 -64.74
90.60000 -64.74
90.65000 -64.74
90.70000 -64.74
90.75000 -64.74
90.80000 -64.74
90.85000 -64.74
90.90000 -64.74
90.95000 -64.74
91.00000 -64.74
91.05000 -64.74
91.10000 -64.74
91.15000 -64.74
91.20000 -64.74
91.25000 -64.74
91.30000 -64.74
91.35000 -64.74
91.40000 -64.74
91.45000 -64.74
91.50000 -64.74
91.55000 -64.74
91.60000 -64.74
91.65000 -64.74
91.70000 -64.74
91.75000 -64.74
91.80000 -64.74
91.85000 -64.74
91.90000 -64.74
91.95000 -64.74
92.00000 -64.74
92.05000 -64.74
92.10000 -64.74
92.15000 -64.74
92.20000 -64.74
92.25000 -64.74
92.30000 -64.74
92.35000 -64.74
92.40000 -64.74
92.45000 -64.74
92.50000 -64.74
92.55000 -64.74
92.60000 -64.74
92.65000 -64.75
92.70000 -64.74
92.75000 -64.74
92.80000 -64.74
92.85000 -64.74
92.90000 -64.74
92.95000 -64.74
93.00000 -64.74
93.05000 -64.74
93.10000 -64.74
93.15000 -64.74
93.20000 -64.74
93.25000 -64.74
93.30000 -64.74
93.35000 -64.74
93.40000 -64.74
93.45000 -64.74
93.50000 -64.74
93.55000 -64.74
93.60000 -64.74
93.65000 -64.74
93.70000 -64.74
93.75000 -64.74
93.80000 -64.74
93.85000 -64.74
93.90000 -64.74
93.95000 -64.74
94.00000 -64.74
94.05000 -64.74
94.10000 -64.74
94.15000 -64.74
94.20000 -64.74
94.25000 -64.74
94.30000 -64.74
94.35000 -64.74
94.40000 -64.74
94.45000 -64.74
94.50000 -64.74
94.55000 -64.74
94.60000 -64.74
94.65000 -64.74
94.70000 -64.74
94.75000 -64.74
94.80000 -64.74
94.85000 -64.74
94.90000 -64.74
94.95000 -64.74
95.00000 -64.74
95.05000 -64.74
95.10000 -64.74
95.15000 -64.74
95.20000 -64.75
95.25000 -64.75
95.30000 -64.75
95.35000 -64.75
95.40000 -64.75
95.45000 -64.75
95.50000 -64.75
95.55000 -64.75
95.60000 -64.75
95.65000 -64.75
95.70000 -64.75
95.75000 -64.75
95.80000 -64.75
95.85000 -64.75
95.90000 -64.75
95.95000 -64.75
96.00000 -64.75
96.05000 -64.75
96.10000 -64.75
96.15000 -64.75
96.20000 -64.75
96.25000 -64.75
96.30000 -64.74
96.35000 -64.74
96.40000 -64.74
96.45000 -64.74
96.50000 -64.74
96.55000 -64.74
96.60000 -64.74
96.65000 -64.74
96.70000 -64.74
96.75000 -64.74
96.80000 -64.74
96.85000 -64.74
96.90000 -64.74
96.95000 -64.74
97.00000 -64.74
97.05000 -64.74
97.10000 -64.74
97.15000 -64.74
97.20000 -64.74
97.25000 -64.74
97.30000 -64.74
97.35000 -64.74
97.40000 -64.74
97.45000 -64.74
97.50000 -64.74
97.55000 -64.74
97.60000 -64.74
97.65000 -64.74
97.70000 -64.74
97.75000 -64.74
97.80000 -64.74
97.85000 -64.74
97.90000 -64.74
97.95000 -64.74
98.00000 -64.74
98.05000 -64.74
98.10000 -64.74
98.15000 -64.75
98.20000 -64.75
98.25000 -64.75
98.30000 -64.75
98.35000 -64.75
98.40000 -64.75
98.45000 -64.75
98.50000 -64.75
98.55000 -64.75
98.60000 -64.75
98.65000 -64.75
98.70000 -64.75
98.75000 -64.75
98.80000 -64.75
98.85000 -64.74
98.90000 -64.74
98.95000 -64.74
99.00000 -64.74
99.05000 -64.74
99.10000 -64.74
99.15000 -64.74
99.20000 -64.75
99.25000 -64.74
99.30000 -64.75
99.35000 -64.75
99.40000 -64.75
99.45000 -64.75
99.50000 -64.75
99.55000 -64.75
99.60000 -64.75
99.65000 -64.75
99.70000 -64.75
99.75000 -64.75
99.80000 -64.75
99.85000 -64.75
99.90000 -64.75
99.95000 -64.75
100.00000 -64.75
100.05000 -64.75
100.10000 -64.75
100.15000 -64.75
100.20000 -64.75
100.25000 -64.75
100.30000 -64.75
100.35000 -64.75
100.40000 -64.75
100.45000 -64.75
100.50000 -64.75
100.55000 -64.75
100.60000 -64.75
100.65000 -64.75
100.70000 -64.75
100.75000 -64.75
100.80000 -64.75
100.85000 -64.75
100.90000 -64.75
100.95000 -64.75
101.00000 -64.75
101.05000 -64.75
101.10000 -64.75
101.15000 -64.75
101.20000 -64.75
101.25000 -64.75
101.30000 -64.75
101.35000 -64.75
101.40000 -64.75
101.45000 -64.75
101.50000 -64.75
101.55000 -64.75
101.60000 -64.75
101.65000 -64.75
101.70000 -64.75
101.75000 -64.75
101.80000 -64.75
101.85000 -64.75
101.90000 -64.75
101.95000 -64.75
102.00000 -64.75
102.05000 -64.75
102.10000 -64.75
102.15000 -64.75
102.20000 -64.75
102.25000 -64.75
102.30000 -64.75
102.35000 -64.75
102.40000 -64.75
102.45000 -64.75
102.50000 -64.75
102.55000 -64.75
102.60000 -64.75
102.65000 -64.75
102.70000 -64.75
102.75000 -64.75
102.80000 -64.75
102.85000 -64.75
102.90000 -64.75
102.95000 -64.75
103.00000 -64.75
103.05000 -64.75
103.10000 -64.75
103.15000 -64.75
103.20000 -64.75
103.25000 -64.75
103.30000 -64.75
103.35000 -64.75
103.40000 -64.75
103.45000 -64.75
103.50000 -64.74
103.55000 -64.74
103.60000 -64.74
103.65000 -64.74
103.70000 -64.75
103.75000 -64.75
103.80000 -64.75
103.85000 -64.75
103.90000 -64.74
103.95000 -64.74
104.00000 -64.74
104.05000 -64.74
104.10000 -64.75
104.15000 -64.75
104.20000 -64.75
104.25000 -64.75
104.30000 -64.75
104.35000 -64.75
104.40000 -64.75
104.45000 -64.75
104.50000 -64.75
104.55000 -64.75
104.60000 -64.75
104.65000 -64.75
104.70000 -64.75
104.75000 -64.75
104.80000 -64.75
104.85000 -64.75
104.90000 -64.75
104.95000 -64.75
105.00000 -64.75
105.05000 -64.75
105.10000 -64.75
105.15000 -64.75
105.20000 -64.75
105.25000 -64.75
105.30000 -64.75
105.35000 -64.75
105.40000 -64.75
105.45000 -64.75
105.50000 -64.74
105.55000 -64.74
105.60000 -64.74
105.65000 -64.75
105.70000 -64.74
105.75000 -64.74
105.80000 -64.74
105.85000 -64.74
105.90000 -64.74
105.95000 -64.75
106.00000 -64.74
106.05000 -64.74
106.10000 -64.74
106.15000 -64.74
106.20000 -64.75
106.25000 -64.75
106.30000 -64.75
106.35000 -64.75
106.40000 -64.75
106.45000 -64.75
106.50000 -64.75
106.55000 -64.75
106.60000 -64.75
106.65000 -64.75
106.70000 -64.74
106.75000 -64.75
106.80000 -64.75
106.85000 -64.74
106.90000 -64.75
106.95000 -64.75
107.00000 -64.75
107.05000 -64.75
107.10000 -64.75
107.15000 -64.75
107.20000 -64.75
107.25000 -64.75
107.30000 -64.75
107.35000 -64.75
107.40000 -64.75
107.45000 -64.75
107.50000 -64.75
107.55000 -64.75
107.60000 -64.75
107.65000 -64.75
107.70000 -64.75
107.75000 -64.75
107.80000 -64.75
107.85000 -64.75
107.90000 -64.75
107.95000 -64.75
108.00000 -64.75
108.05000 -64.75
108.10000 -64.75
108.15000 -64.75
108.20000 -64.75
108.25000 -64.75
108.30000 -64.75
108.35000 -64.75
108.40000 -64.75
108.45000 -64.75
108.50000 -64.75
108.55000 -64.75
108.60000 -64.75
108.65000 -64.75
108.70000 -64.75
108.75000 -64.75
108.80000 -64.75
108.85000 -64.75
108.90000 -64.75
108.95000 -64.75
109.00000 -64.75
109.05000 -64.75
109.10000 -64.75
109.15000 -64.75
109.20000 -64.75
109.25000 -64.75
109.30000 -64.75
109.35000 -64.75
109.40000 -64.75
109.45000 -64.75
109.50000 -64.75
109.55000 -64.75
109.60000 -64.75
109.65000 -64.75
109.70000 -64.75
109.75000 -64.75
109.80000 -64.75
109.85000 -64.75
109.90000 -64.75
109.95000 -64.75
110.00000 -64.75
110.05000 -64.75
110.10000 -64.75
110.15000 -64.75
110.20000 -64.75
110.25000 -64.75
110.30000 -64.75
110.35000 -64.75
110.40000 -64.75
110.45000 -64.75
110.50000 -64.75
110.55000 -64.75
110.60000 -64.75
110.65000 -64.75
110.70000 -64.74
110.75000 -64.74
110.80000 -64.74
110.85000 -64.74
110.90000 -64.74
110.95000 -64.74
111.00000 -64.74
111.05000 -64.74
111.10000 -64.74
111.15000 -64.74
111.20000 -64.74
111.25000 -64.74
111.30000 -64.74
111.35000 -64.74
111.40000 -64.74
111.45000 -64.74
111.50000 -64.74
111.55000 -64.74
111.60000 -64.74
111.65000 -64.74
111.70000 -64.74
111.75000 -64.74
111.80000 -64.74
111.85000 -64.74
111.90000 -64.74
111.95000 -64.74
112.00000 -64.74
112.05000 -64.74
112.10000 -64.74
112.15000 -64.75
112.20000 -64.75
112.25000 -64.75
112.30000 -64.75
112.35000 -64.75
112.40000 -64.75
112.45000 -64.75
112.50000 -64.75
112.55000 -64.75
112.60000 -64.75
112.65000 -64.75
112.70000 -64.75
112.75000 -64.75
112.80000 -64.75
112.85000 -64.75
112.90000 -64.75
112.95000 -64.75
113.00000 -64.75
113.05000 -64.75
113.10000 -64.75
113.15000 -64.75
113.20000 -64.75
113.25000 -64.75
113.30000 -64.75
113.35000 -64.75
113.40000 -64.75
113.45000 -64.75
113.50000 -64.75
113.55000 -64.75
113.60000 -64.75
113.65000 -64.75
113.70000 -64.75
113.75000 -64.75
113.80000 -64.75
113.85000 -64.75
113.90000 -64.75
113.95000 -64.75
114.00000 -64.75
114.05000 -64.74
114.10000 -64.75
114.15000 -64.75
114.20000 -64.74
114.25000 -64.75
114.30000 -64.75
114.35000 -64.74
114.40000 -64.75
114.45000 -64.75
114.50000 -64.74
114.55000 -64.74
114.60000 -64.74
114.65000 -64.74
114.70000 -64.74
114.75000 -64.74
114.80000 -64.74
114.85000 -64.74
114.90000 -64.74
114.95000 -64.74
115.00000 -64.74
115.05000 -64.74
115.10000 -64.75
115.15000 -64.74
115.20000 -64.74
115.25000 -64.74
115.30000 -64.74
115.35000 -64.74
115.40000 -64.74
115.45000 -64.74
115.50000 -64.74
115.55000 -64.74
115.60000 -64.74
115.65000 -64.74
115.70000 -64.74
115.75000 -64.74
115.80000 -64.74
115.85000 -64.74
115.90000 -64.74
115.95000 -64.74
116.00000 -64.74
116.05000 -64.74
116.10000 -64.74
116.15000 -64.74
116.20000 -64.75
116.25000 -64.75
116.30000 -64.75
116.35000 -64.75
116.40000 -64.75
116.45000 -64.75
116.50000 -64.75
116.55000 -64.75
116.60000 -64.75
116.65000 -64.75
116.70000 -64.75
116.75000 -64.75
116.80000 -64.75
116.85000 -64.75
116.90000 -64.75
116.95000 -64.75
117.00000 -64.75
117.05000 -64.75
117.10000 -64.75
117.15000 -64.75
117.20000 -64.75
117.25000 -64.75
117.30000 -64.75
117.35000 -64.75
117.40000 -64.75
117.45000 -64.75
117.50000 -64.75
117.55000 -64.75
117.60000 -64.75
117.65000 -64.75
117.70000 -64.75
117.75000 -64.75
117.80000 -64.75
117.85000 -64.75
117.90000 -64.75
117.95000 -64.75
118.00000 -64.75
118.05000 -64.75
118.10000 -64.74
118.15000 -64.74
118.20000 -64.74
118.25000 -64.74
118.30000 -64.74
118.35000 -64.74
118.40000 -64.74
118.45000 -64.74
118.50000 -64.74
118.55000 -64.74
118.60000 -64.74
118.65000 -64.74
118.70000 -64.74
118.75000 -64.74
118.80000 -64.74
118.85000 -64.74
118.90000 -64.74
118.95000 -64.74
119.00000 -64.74
119.05000 -64.74
119.10000 -64.74
119.15000 -64.74
119.20000 -64.74
119.25000 -64.75
119.30000 -64.74
119.35000 -64.75
119.40000 -64.75
119.45000 -64.74
119.50000 -64.75
119.55000 -64.74
119.60000 -64.74
119.65000 -64.74
119.70000 -64.74
119.75000 -64.74
119.80000 -64.74
119.85000 -64.74
119.90000 -64.74
119.95000 -64.74
120.00000 -64.74
120.05000 -64.74
120.10000 -64.74
120.15000 -64.74
120.20000 -64.74
120.25000 -64.74
120.30000 -64.74
120.35000 -64.74
120.40000 -64.74
120.45000 -64.74
120.50000 -64.74
120.55000 -64.74
120.60000 -64.74
120.65000 -64.74
120.70000 -64.74
120.75000 -64.74
120.80000 -64.74
120.85000 -64.74
120.90000 -64.74
120.95000 -64.74
121.00000 -64.74
121.05000 -64.74
121.10000 -64.74
121.15000 -64.74
121.20000 -64.74
121.25000 -64.74
121.30000 -64.74
121.35000 -64.73
121.40000 -64.73
121.45000 -64.73
121.50000 -64.73
121.55000 -64.73
121.60000 -64.73
121.65000 -64.73
121.70000 -64.73
121.75000 -64.73
121.80000 -64.74
121.85000 -64.73
121.90000 -64.74
121.95000 -64.74
122.00000 -64.74
122.05000 -64.74
122.10000 -64.74
122.15000 -64.74
122.20000 -64.73
122.25000 -64.73
122.30000 -64.74
122.35000 -64.74
122.40000 -64.74
122.45000 -64.74
122.50000 -64.74
122.55000 -64.74
122.60000 -64.74
122.65000 -64.74
122.70000 -64.74
122.75000 -64.74
122.80000 -64.74
122.85000 -64.74
122.90000 -64.75
122.95000 -64.75
123.00000 -64.75
123.05000 -64.75
123.10000 -64.75
123.15000 -64.75
123.20000 -64.75
123.25000 -64.75
123.30000 -64.75
123.35000 -64.75
123.40000 -64.75
123.45000 -64.75
123.50000 -64.74
123.55000 -64.74
123.60000 -64.74
123.65000 -64.74
123.70000 -64.74
123.75000 -64.74
123.80000 -64.74
123.85000 -64.74
123.90000 -64.74
123.95000 -64.74
124.00000 -64.73
124.05000 -64.74
124.10000 -64.74
124.15000 -64.74
124.20000 -64.74
124.25000 -64.74
124.30000 -64.74
124.35000 -64.74
124.40000 -64.74
124.45000 -64.74
124.50000 -64.74
124.55000 -64.74
124.60000 -64.74
124.65000 -64.74
124.70000 -64.74
124.75000 -64.74
124.80000 -64.74
124.85000 -64.74
124.90000 -64.74
124.95000 -64.74
125.00000 -64.74
125.05000 -64.74
125.10000 -64.74
125.15000 -64.74
125.20000 -64.74
125.25000 -64.74
125.30000 -64.74
125.35000 -64.74
125.40000 -64.74
125.45000 -64.74
125.50000 -64.74
125.55000 -64.74
125.60000 -64.74
125.65000 -64.74
125.70000 -64.74
125.75000 -64.74
125.80000 -64.74
125.85000 -64.74
125.90000 -64.74
125.95000 -64.74
126.00000 -64.74
126.05000 -64.74
126.10000 -64.74
126.15000 -64.74
126.20000 -64.74
126.25000 -64.74
126.30000 -64.74
126.35000 -64.74
126.40000 -64.73
126.45000 -64.74
126.50000 -64.73
126.55000 -64.74
126.60000 -64.74
126.65000 -64.74
126.70000 -64.74
126.75000 -64.74
126.80000 -64.74
126.85000 -64.74
126.90000 -64.74
126.95000 -64.74
127.00000 -64.74
127.05000 -64.74
127.10000 -64.74
127.15000 -64.74
127.20000 -64.74
127.25000 -64.74
127.30000 -64.74
127.35000 -64.74
127.40000 -64.74
127.45000 -64.74
127.50000 -64.74
127.55000 -64.74
127.60000 -64.74
127.65000 -64.74
127.70000 -64.74
127.75000 -64.74
127.80000 -64.74
127.85000 -64.74
127.90000 -64.74
127.95000 -64.74
128.00000 -64.74
128.05000 -64.74
128.10000 -64.74
128.15000 -64.74
128.20000 -64.74
128.25000 -64.74
128.30000 -64.74
128.35000 -64.74
128.40000 -64.74
128.45000 -64.74
128.50000 -64.75
128.55000 -64.74
128.60000 -64.74
128.65000 -64.74
128.70000 -64.74
128.75000 -64.74
128.80000 -64.74
128.85000 -64.74
128.90000 -64.74
128.95000 -64.74
129.00000 -64.74
129.05000 -64.74
129.10000 -64.74
129.15000 -64.74
129.20000 -64.74
129.25000 -64.74
129.30000 -64.74
129.35000 -64.74
129.40000 -64.74
129.45000 -64.74
129.50000 -64.73
129.55000 -64.73
129.60000 -64.73
129.65000 -64.73
129.70000 -64.73
129.75000 -64.73
129.80000 -64.73
129.85000 -64.73
129.90000 -64.73
129.95000 -64.73
130.00000 -64.73
130.05000 -64.73
130.10000 -64.73
130.15000 -64.73
130.20000 -64.73
130.25000 -64.73
130.30000 -64.73
130.35000 -64.73
130.40000 -64.73
130.45000 -64.73
130.50000 -64.73
130.55000 -64.73
130.60000 -64.73
130.65000 -64.73
130.70000 -64.73
130.75000 -64.73
130.80000 -64.73
130.85000 -64.73
130.90000 -64.74
130.95000 -64.74
131.00000 -64.74
131.05000 -64.74
131.10000 -64.74
131.15000 -64.74
131.20000 -64.74
131.25000 -64.74
131.30000 -64.74
131.35000 -64.74
131.40000 -64.74
131.45000 -64.74
131.50000 -64.74
131.55000 -64.74
131.60000 -64.74
131.65000 -64.74
131.70000 -64.74
131.75000 -64.74
131.80000 -64.75
131.85000 -64.75
131.90000 -64.75
131.95000 -64.74
132.00000 -64.74
132.05000 -64.74
132.10000 -64.74
132.15000 -64.74
132.20000 -64.74
132.25000 -64.74
132.30000 -64.74
132.35000 -64.74
132.40000 -64.74
132.45000 -64.74
132.50000 -64.74
132.55000 -64.74
132.60000 -64.74
132.65000 -64.74
132.70000 -64.74
132.75000 -64.74
132.80000 -64.74
132.85000 -64.74
132.90000 -64.74
132.95000 -64.74
133.00000 -64.74
133.05000 -64.74
133.10000 -64.74
133.15000 -64.74
133.20000 -64.74
133.25000 -64.74
133.30000 -64.74
133.35000 -64.74
133.40000 -64.74
133.45000 -64.74
133.50000 -64.74
133.55000 -64.74
133.60000 -64.74
133.65000 -64.74
133.70000 -64.74
133.75000 -64.74
133.80000 -64.74
133.85000 -64.74
133.90000 -64.74
133.95000 -64.74
134.00000 -64.74
134.05000 -64.74
134.10000 -64.74
134.15000 -64.74
134.20000 -64.74
134.25000 -64.74
134.30000 -64.74
134.35000 -64.74
134.40000 -64.74
134.45000 -64.74
134.50000 -64.74
134.55000 -64.74
134.60000 -64.74
134.65000 -64.74
134.70000 -64.74
134.75000 -64.74
134.80000 -64.74
134.85000 -64.74
134.90000 -64.74
134.95000 -64.74
135.00000 -64.75
135.05000 -64.75
135.10000 -64.75
135.15000 -64.75
135.20000 -64.75
135.25000 -64.75
135.30000 -64.75
135.35000 -64.75
135.40000 -64.75
135.45000 -64.75
135.50000 -64.75
135.55000 -64.75
135.60000 -64.75
135.65000 -64.75
135.70000 -64.75
135.75000 -64.75
135.80000 -64.75
135.85000 -64.75
135.90000 -64.75
135.95000 -64.75
136.00000 -64.75
136.05000 -64.75
136.10000 -64.75
136.15000 -64.75
136.20000 -64.75
136.25000 -64.75
136.30000 -64.75
136.35000 -64.74
136.40000 -64.75
136.45000 -64.74
136.50000 -64.74
136.55000 -64.74
136.60000 -64.74
136.65000 -64.74
136.70000 -64.74
136.75000 -64.74
136.80000 -64.74
136.85000 -64.74
136.90000 -64.74
136.95000 -64.74
137.00000 -64.74
137.05000 -64.74
137.10000 -64.74
137.15000 -64.75
137.20000 -64.75
137.25000 -64.75
137.30000 -64.75
137.35000 -64.74
137.40000 -64.74
137.45000 -64.74
137.50000 -64.74
137.55000 -64.74
137.60000 -64.74
137.65000 -64.74
137.70000 -64.74
137.75000 -64.74
137.80000 -64.74
137.85000 -64.74
137.90000 -64.74
137.95000 -64.74
138.00000 -64.74
138.05000 -64.74
138.10000 -64.74
138.15000 -64.74
138.20000 -64.74
138.25000 -64.74
138.30000 -64.74
138.35000 -64.74
138.40000 -64.74
138.45000 -64.74
138.50000 -64.74
138.55000 -64.74
138.60000 -64.74
138.65000 -64.74
138.70000 -64.74
138.75000 -64.74
138.80000 -64.74
138.85000 -64.74
138.90000 -64.74
138.95000 -64.74
139.00000 -64.74
139.05000 -64.74
139.10000 -64.74
139.15000 -64.74
139.20000 -64.74
139.25000 -64.74
139.30000 -64.74
139.35000 -64.74
139.40000 -64.74
139.45000 -64.74
139.50000 -64.74
139.55000 -64.74
139.60000 -64.73
139.65000 -64.74
139.70000 -64.74
139.75000 -64.73
139.80000 -64.73
139.85000 -64.73
139.90000 -64.73
139.95000 -64.73
140.00000 -64.73
140.05000 -64.73
140.10000 -64.73
140.15000 -64.73
140.20000 -64.73
140.25000 -64.74
140.30000 -64.74
140.35000 -64.74
140.40000 -64.74
140.45000 -64.74
140.50000 -64.74
140.55000 -64.74
140.60000 -64.74
140.65000 -64.74
140.70000 -64.74
140.75000 -64.74
140.80000 -64.74
140.85000 -64.74
140.90000 -64.74
140.95000 -64.74
141.00000 -64.74
141.05000 -64.74
141.10000 -64.74
141.15000 -64.74
141.20000 -64.75
141.25000 -64.75
141.30000 -64.75
141.35000 -64.75
141.40000 -64.75
141.45000 -64.75
141.50000 -64.75
141.55000 -64.75
141.60000 -64.75
141.65000 -64.75
141.70000 -64.75
141.75000 -64.75
141.80000 -64.75
141.85000 -64.75
141.90000 -64.75
141.95000 -64.75
142.00000 -64.74
142.05000 -64.75
142.10000 -64.75
142.15000 -64.75
142.20000 -64.75
142.25000 -64.75
142.30000 -64.75
142.35000 -64.75
142.40000 -64.75
142.45000 -64.75
142.50000 -64.75
142.55000 -64.75
142.60000 -64.75
142.65000 -64.75
142.70000 -64.74
142.75000 -64.74
142.80000 -64.74
142.85000 -64.74
142.90000 -64.74
142.95000 -64.74
143.00000 -64.74
143.05000 -64.74
143.10000 -64.74
143.15000 -64.74
143.20000 -64.74
143.25000 -64.74
143.30000 -64.73
143.35000 -64.73
143.40000 -64.73
143.45000 -64.73
143.50000 -64.73
143.55000 -64.73
143.60000 -64.73
143.65000 -64.73
143.70000 -64.73
143.75000 -64.73
143.80000 -64.73
143.85000 -64.73
143.90000 -64.73
143.95000 -64.73
144.00000 -64.73
144.05000 -64.73
144.10000 -64.73
144.15000 -64.73
144.20000 -64.73
144.25000 -64.73
144.30000 -64.73
144.35000 -64.73
144.40000 -64.73
144.45000 -64.73
144.50000 -64.74
144.55000 -64.74
144.60000 -64.74
144.65000 -64.74
144.70000 -64.74
144.75000 -64.74
144.80000 -64.74
144.85000 -64.74
144.90000 -64.74
144.95000 -64.74
145.00000 -64.74
145.05000 -64.74
145.10000 -64.74
145.15000 -64.74
145.20000 -64.74
145.25000 -64.74
145.30000 -64.74
145.35000 -64.74
145.40000 -64.74
145.45000 -64.75
145.50000 -64.75
145.55000 -64.74
145.60000 -64.75
145.65000 -64.75
145.70000 -64.74
145.75000 -64.75
145.80000 -64.75
145.85000 -64.75
145.90000 -64.75
145.95000 -64.75
146.00000 -64.75
146.05000 -64.75
146.10000 -64.75
146.15000 -64.75
146.20000 -64.75
146.25000 -64.75
146.30000 -64.75
146.35000 -64.75
146.40000 -64.75
146.45000 -64.75
146.50000 -64.75
146.55000 -64.75
146.60000 -64.75
146.65000 -64.75
146.70000 -64.75
146.75000 -64.75
146.80000 -64.75
146.85000 -64.75
146.90000 -64.75
146.95000 -64.75
147.00000 -64.75
147.05000 -64.75
147.10000 -64.75
147.15000 -64.75
147.20000 -64.75
147.25000 -64.75
147.30000 -64.75
147.35000 -64.75
147.40000 -64.75
147.45000 -64.75
147.50000 -64.75
147.55000 -64.75
147.60000 -64.75
147.65000 -64.75
147.70000 -64.75
147.75000 -64.75
147.80000 -64.75
147.85000 -64.76
147.90000 -64.75
147.95000 -64.75
148.00000 -64.75
148.05000 -64.76
148.10000 -64.76
148.15000 -64.76
148.20000 -64.76
148.25000 -64.76
148.30000 -64.76
148.35000 -64.76
148.40000 -64.76
148.45000 -64.76
148.50000 -64.76
148.55000 -64.76
148.60000 -64.76
148.65000 -64.76
148.70000 -64.76
148.75000 -64.76
148.80000 -64.76
148.85000 -64.76
148.90000 -64.76
148.95000 -64.76
149.00000 -64.76
149.05000 -64.76
149.10000 -64.76
149.15000 -64.76
149.20000 -64.76
149.25000 -64.76
149.30000 -64.76
149.35000 -64.76
149.40000 -64.76
149.45000 -64.76
149.50000 -64.76
149.55000 -64.76
149.60000 -64.76
149.65000 -64.76
149.70000 -64.75
149.75000 -64.75
149.80000 -64.75
149.85000 -64.75
149.90000 -64.75
149.95000 -64.75
150.00000 -64.75
150.05000 -64.75
150.10000 -64.75
150.15000 -64.75
150.20000 -64.75
150.25000 -64.75
150.30000 -64.75
150.35000 -64.75
150.40000 -64.75
150.45000 -64.75
150.50000 -64.75
150.55000 -64.75
150.60000 -64.75
150.65000 -64.75
150.70000 -64.74
150.75000 -64.74
150.80000 -64.74
150.85000 -64.74
150.90000 -64.74
150.95000 -64.74
151.00000 -64.74
151.05000 -64.74
151.10000 -64.74
151.15000 -64.74
151.20000 -64.74
151.25000 -64.74
151.30000 -64.74
151.35000 -64.74
151.40000 -64.74
151.45000 -64.74
151.50000 -64.74
151.55000 -64.74
151.60000 -64.74
151.65000 -64.74
151.70000 -64.74
151.75000 -64.74
151.80000 -64.74
151.85000 -64.74
151.90000 -64.74
151.95000 -64.74
152.00000 -64.74
152.05000 -64.74
152.10000 -64.74
152.15000 -64.74
152.20000 -64.74
152.25000 -64.74
152.30000 -64.75
152.35000 -64.75
152.40000 -64.74
152.45000 -64.75
152.50000 -64.75
152.55000 -64.75
152.60000 -64.75
152.65000 -64.74
152.70000 -64.74
152.75000 -64.74
152.80000 -64.74
152.85000 -64.74
152.90000 -64.75
152.95000 -64.75
153.00000 -64.75
153.05000 -64.75
153.10000 -64.75
153.15000 -64.75
153.20000 -64.75
153.25000 -64.75
153.30000 -64.75
153.35000 -64.75
153.40000 -64.75
153.45000 -64.75
153.50000 -64.75
153.55000 -64.75
153.60000 -64.75
153.65000 -64.75
153.70000 -64.75
153.75000 -64.75
153.80000 -64.75
153.85000 -64.75
153.90000 -64.75
153.95000 -64.74
154.00000 -64.75
154.05000 -64.74
154.10000 -64.75
154.15000 -64.75
154.20000 -64.75
154.25000 -64.75
154.30000 -64.75
154.35000 -64.75
154.40000 -64.75
154.45000 -64.75
154.50000 -64.75
154.55000 -64.75
154.60000 -64.75
154.65000 -64.75
154.70000 -64.75
154.75000 -64.75
154.80000 -64.75
154.85000 -64.75
154.90000 -64.75
154.95000 -64.75
155.00000 -64.75
155.05000 -64.75
155.10000 -64.75
155.15000 -64.75
155.20000 -64.75
155.25000 -64.75
155.30000 -64.75
155.35000 -64.75
155.40000 -64.75
155.45000 -64.75
155.50000 -64.75
155.55000 -64.74
155.60000 -64.74
155.65000 -64.74
155.70000 -64.74
155.75000 -64.74
155.80000 -64.74
155.85000 -64.74
155.90000 -64.74
155.95000 -64.74
156.00000 -64.74
156.05000 -64.74
156.10000 -64.74
156.15000 -64.75
156.20000 -64.75
156.25000 -64.75
156.30000 -64.75
156.35000 -64.75
156.40000 -64.75
156.45000 -64.75
156.50000 -64.75
156.55000 -64.75
156.60000 -64.75
156.65000 -64.75
156.70000 -64.75
156.75000 -64.75
156.80000 -64.75
156.85000 -64.75
156.90000 -64.75
156.95000 -64.75
157.00000 -64.75
157.05000 -64.75
157.10000 -64.75
157.15000 -64.75
157.20000 -64.75
157.25000 -64.75
157.30000 -64.75
157.35000 -64.75
157.40000 -64.75
157.45000 -64.74
157.50000 -64.74
157.55000 -64.74
157.60000 -64.74
157.65000 -64.74
157.70000 -64.74
157.75000 -64.74
157.80000 -64.74
157.85000 -64.74
157.90000 -64.74
157.95000 -64.75
158.00000 -64.74
158.05000 -64.74
158.10000 -64.74
158.15000 -64.75
158.20000 -64.74
158.25000 -64.74
158.30000 -64.74
158.35000 -64.75
158.40000 -64.74
158.45000 -64.74
158.50000 -64.74
158.55000 -64.74
158.60000 -64.74
158.65000 -64.74
158.70000 -64.74
158.75000 -64.74
158.80000 -64.74
158.85000 -64.74
158.90000 -64.74
158.95000 -64.74
159.00000 -64.74
159.05000 -64.74
159.10000 -64.74
159.15000 -64.75
159.20000 -64.75
159.25000 -64.75
159.30000 -64.75
159.35000 -64.75
159.40000 -64.75
159.45000 -64.75
159.50000 -64.75
159.55000 -64.75
159.60000 -64.75
159.65000 -64.74
159.70000 -64.75
159.75000 -64.74
159.80000 -64.74
159.85000 -64.74
159.90000 -64.74
159.95000 -64.74
160.00000 -64.74
160.05000 -64.74
160.10000 -64.74
160.15000 -64.74
160.20000 -64.74
160.25000 -64.74
160.30000 -64.74
160.35000 -64.74
160.40000 -64.74
160.45000 -64.74
160.50000 -64.74
160.55000 -64.74
160.60000 -64.74
160.65000 -64.75
160.70000 -64.75
160.75000 -64.74
160.80000 -64.75
160.85000 -64.75
160.90000 -64.74
160.95000 -64.75
161.00000 -64.75
161.05000 -64.75
161.10000 -64.75
161.15000 -64.75
161.20000 -64.75
161.25000 -64.75
161.30000 -64.75
161.35000 -64.75
161.40000 -64.75
161.45000 -64.75
161.50000 -64.75
161.55000 -64.75
161.60000 -64.75
161.65000 -64.75
161.70000 -64.75
161.75000 -64.75
161.80000 -64.75
161.85000 -64.75
161.90000 -64.75
161.95000 -64.75
162.00000 -64.75
162.05000 -64.75
162.10000 -64.75
162.15000 -64.75
162.20000 -64.75
162.25000 -64.75
162.30000 -64.74
162.35000 -64.74
162.40000 -64.74
162.45000 -64.74
162.50000 -64.74
162.55000 -64.74
162.60000 -64.74
162.65000 -64.74
162.70000 -64.74
162.75000 -64.74
162.80000 -64.74
162.85000 -64.74
162.90000 -64.74
162.95000 -64.74
163.00000 -64.74
163.05000 -64.74
163.10000 -64.74
163.15000 -64.74
163.20000 -64.74
163.25000 -64.74
163.30000 -64.74
163.35000 -64.74
163.40000 -64.74
163.45000 -64.74
163.50000 -64.74
163.55000 -64.74
163.60000 -64.75
163.65000 -64.74
163.70000 -64.74
163.75000 -64.74
163.80000 -64.74
163.85000 -64.74
163.90000 -64.74
163.95000 -64.74
164.00000 -64.75
164.05000 -64.74
164.10000 -64.75
164.15000 -64.75
164.20000 -64.75
164.25000 -64.74
164.30000 -64.74
164.35000 -64.74
164.40000 -64.74
164.45000 -64.74
164.50000 -64.74
164.55000 -64.74
164.60000 -64.74
164.65000 -64.74
164.70000 -64.74
164.75000 -64.74
164.80000 -64.74
164.85000 -64.74
164.90000 -64.74
164.95000 -64.74
165.00000 -64.74
165.05000 -64.74
165.10000 -64.74
165.15000 -64.74
165.20000 -64.74
165.25000 -64.74
165.30000 -64.74
165.35000 -64.74
165.40000 -64.74
165.45000 -64.74
165.50000 -64.74
165.55000 -64.74
165.60000 -64.74
165.65000 -64.74
165.70000 -64.74
165.75000 -64.74
165.80000 -64.74
165.85000 -64.74
165.90000 -64.74
165.95000 -64.74
166.00000 -64.74
166.05000 -64.74
166.10000 -64.74
166.15000 -64.74
166.20000 -64.74
166.25000 -64.74
166.30000 -64.74
166.35000 -64.74
166.40000 -64.74
166.45000 -64.75
166.50000 -64.75
166.55000 -64.74
166.60000 -64.74
166.65000 -64.74
166.70000 -64.74
166.75000 -64.75
166.80000 -64.74
166.85000 -64.74
166.90000 -64.74
166.95000 -64.74
167.00000 -64.74
167.05000 -64.74
167.10000 -64.74
167.15000 -64.74
167.20000 -64.74
167.25000 -64.74
167.30000 -64.74
167.35000 -64.74
167.40000 -64.75
167.45000 -64.75
167.50000 -64.75
167.55000 -64.75
167.60000 -64.75
167.65000 -64.75
167.70000 -64.75
167.75000 -64.75
167.80000 -64.75
167.85000 -64.75
167.90000 -64.75
167.95000 -64.75
168.00000 -64.75
168.05000 -64.75
168.10000 -64.75
168.15000 -64.75
168.20000 -64.75
168.25000 -64.75
168.30000 -64.75
168.35000 -64.75
168.40000 -64.75
168.45000 -64.75
168.50000 -64.75
168.55000 -64.75
168.60000 -64.75
168.65000 -64.75
168.70000 -64.75
168.75000 -64.75
168.80000 -64.75
168.85000 -64.76
168.90000 -64.76
168.95000 -64.76
169.00000 -64.76
169.05000 -64.76
169.10000 -64.76
169.15000 -64.76
169.20000 -64.76
169.25000 -64.76
169.30000 -64.76
169.35000 -64.76
169.40000 -64.76
169.45000 -64.76
169.50000 -64.76
169.55000 -64.76
169.60000 -64.76
169.65000 -64.76
169.70000 -64.76
169.75000 -64.76
169.80000 -64.76
169.85000 -64.76
169.90000 -64.76
169.95000 -64.76
170.00000 -64.76
170.05000 -64.76
170.10000 -64.76
170.15000 -64.76
170.20000 -64.76
170.25000 -64.76
170.30000 -64.75
170.35000 -64.75
170.40000 -64.75
170.45000 -64.75
170.50000 -64.75
170.55000 -64.75
170.60000 -64.75
170.65000 -64.75
170.70000 -64.75
170.75000 -64.75
170.80000 -64.75
170.85000 -64.75
170.90000 -64.75
170.95000 -64.75
171.00000 -64.75
171.05000 -64.75
171.10000 -64.75
171.15000 -64.75
171.20000 -64.75
171.25000 -64.75
171.30000 -64.74
171.35000 -64.74
171.40000 -64.74
171.45000 -64.74
171.50000 -64.74
171.55000 -64.74
171.60000 -64.74
171.65000 -64.74
171.70000 -64.74
171.75000 -64.74
171.80000 -64.74
171.85000 -64.74
171.90000 -64.74
171.95000 -64.74
172.00000 -64.74
172.05000 -64.74
172.10000 -64.74
172.15000 -64.74
172.20000 -64.75
172.25000 -64.74
172.30000 -64.74
172.35000 -64.74
172.40000 -64.74
172.45000 -64.74
172.50000 -64.74
172.55000 -64.74
172.60000 -64.74
172.65000 -64.74
172.70000 -64.75
172.75000 -64.74
172.80000 -64.74
172.85000 -64.74
172.90000 -64.74
172.95000 -64.74
173.00000 -64.74
173.05000 -64.74
173.10000 -64.74
173.15000 -64.74
173.20000 -64.75
173.25000 -64.74
173.30000 -64.74
173.35000 -64.74
173.40000 -64.75
173.45000 -64.75
173.50000 -64.75
173.55000 -64.75
173.60000 -64.74
173.65000 -64.74
173.70000 -64.74
173.75000 -64.74
173.80000 -64.74
173.85000 -64.74
173.90000 -64.74
173.95000 -64.74
174.00000 -64.74
174.05000 -64.74
174.10000 -64.74
174.15000 -64.74
174.20000 -64.74
174.25000 -64.74
174.30000 -64.74
174.35000 -64.74
174.40000 -64.74
174.45000 -64.74
174.50000 -64.74
174.55000 -64.74
174.60000 -64.74
174.65000 -64.74
174.70000 -64.74
174.75000 -64.74
174.80000 -64.74
174.85000 -64.74
174.90000 -64.74
174.95000 -64.74
175.00000 -64.74
175.05000 -64.74
175.10000 -64.74
175.15000 -64.74
175.20000 -64.74
175.25000 -64.74
175.30000 -64.74
175.35000 -64.74
175.40000 -64.74
175.45000 -64.74
175.50000 -64.74
175.55000 -64.74
175.60000 -64.74
175.65000 -64.74
175.70000 -64.74
175.75000 -64.74
175.80000 -64.74
175.85000 -64.74
175.90000 -64.74
175.95000 -64.74
176.00000 -64.74
176.05000 -64.74
176.10000 -64.74
176.15000 -64.75
176.20000 -64.74
176.25000 -64.74
176.30000 -64.75
176.35000 -64.75
176.40000 -64.75
176.45000 -64.75
176.50000 -64.75
176.55000 -64.75
176.60000 -64.75
176.65000 -64.75
176.70000 -64.75
176.75000 -64.74
176.80000 -64.74
176.85000 -64.74
176.90000 -64.74
176.95000 -64.74
177.00000 -64.74
177.05000 -64.74
177.10000 -64.74
177.15000 -64.74
177.20000 -64.74
177.25000 -64.74
177.30000 -64.75
177.35000 -64.75
177.40000 -64.75
177.45000 -64.75
177.50000 -64.75
177.55000 -64.75
177.60000 -64.75
177.65000 -64.75
177.70000 -64.75
177.75000 -64.75
177.80000 -64.75
177.85000 -64.75
177.90000 -64.74
177.95000 -64.74
178.00000 -64.74
178.05000 -64.74
178.10000 -64.75
178.15000 -64.74
178.20000 -64.74
178.25000 -64.74
178.30000 -64.74
178.35000 -64.74
178.40000 -64.74
178.45000 -64.74
178.50000 -64.74
178.55000 -64.74
178.60000 -64.74
178.65000 -64.74
178.70000 -64.74
178.75000 -64.74
178.80000 -64.74
178.85000 -64.74
178.90000 -64.74
178.95000 -64.74
179.00000 -64.74
179.05000 -64.74
179.10000 -64.74
179.15000 -64.74
179.20000 -64.74
179.25000 -64.75
179.30000 -64.74
179.35000 -64.75
179.40000 -64.75
179.45000 -64.75
179.50000 -64.75
179.55000 -64.74
179.60000 -64.75
179.65000 -64.75
179.70000 -64.74
179.75000 -64.75
179.80000 -64.75
179.85000 -64.75
179.90000 -64.75
179.95000 -64.75
180.00000 -64.75
180.05000 -64.75
180.10000 -64.74
180.15000 -64.74
180.20000 -64.74
180.25000 -64.74
180.30000 -64.74
180.35000 -64.74
180.40000 -64.74
180.45000 -64.74
180.50000 -64.74
180.55000 -64.74
180.60000 -64.74
180.65000 -64.74
180.70000 -64.75
180.75000 -64.75
180.80000 -64.74
180.85000 -64.74
180.90000 -64.75
180.95000 -64.75
181.00000 -64.75
181.05000 -64.75
181.10000 -64.75
181.15000 -64.75
181.20000 -64.75
181.25000 -64.75
181.30000 -64.75
181.35000 -64.75
181.40000 -64.75
181.45000 -64.75
181.50000 -64.75
181.55000 -64.75
181.60000 -64.75
181.65000 -64.75
181.70000 -64.75
181.75000 -64.75
181.80000 -64.75
181.85000 -64.75
181.90000 -64.75
181.95000 -64.74
182.00000 -64.74
182.05000 -64.74
182.10000 -64.75
182.15000 -64.74
182.20000 -64.75
182.25000 -64.75
182.30000 -64.74
182.35000 -64.74
182.40000 -64.74
182.45000 -64.74
182.50000 -64.74
182.55000 -64.74
182.60000 -64.74
182.65000 -64.74
182.70000 -64.74
182.75000 -64.74
182.80000 -64.74
182.85000 -64.74
182.90000 -64.74
182.95000 -64.74
183.00000 -64.74
183.05000 -64.75
183.10000 -64.75
183.15000 -64.75
183.20000 -64.75
183.25000 -64.75
183.30000 -64.75
183.35000 -64.75
183.40000 -64.75
183.45000 -64.75
183.50000 -64.75
183.55000 -64.75
183.60000 -64.75
183.65000 -64.75
183.70000 -64.75
183.75000 -64.75
183.80000 -64.75
183.85000 -64.75
183.90000 -64.75
183.95000 -64.75
184.00000 -64.75
184.05000 -64.75
184.10000 -64.75
184.15000 -64.75
184.20000 -64.75
184.25000 -64.75
184.30000 -64.75
184.35000 -64.75
184.40000 -64.75
184.45000 -64.75
184.50000 -64.75
184.55000 -64.75
184.60000 -64.74
184.65000 -64.74
184.70000 -64.74
184.75000 -64.74
184.80000 -64.74
184.85000 -64.74
184.90000 -64.74
184.95000 -64.74
185.00000 -64.74
185.05000 -64.74
185.10000 -64.74
185.15000 -64.74
185.20000 -64.74
185.25000 -64.74
185.30000 -64.74
185.35000 -64.74
185.40000 -64.74
185.45000 -64.74
185.50000 -64.74
185.55000 -64.74
185.60000 -64.74
185.65000 -64.74
185.70000 -64.74
185.75000 -64.74
185.80000 -64.74
185.85000 -64.74
185.90000 -64.74
185.95000 -64.74
186.00000 -64.74
186.05000 -64.74
186.10000 -64.74
186.15000 -64.74
186.20000 -64.74
186.25000 -64.74
186.30000 -64.74
186.35000 -64.74
186.40000 -64.74
186.45000 -64.74
186.50000 -64.74
186.55000 -64.74
186.60000 -64.74
186.65000 -64.74
186.70000 -64.74
186.75000 -64.74
186.80000 -64.74
186.85000 -64.74
186.90000 -64.74
186.95000 -64.74
187.00000 -64.74
187.05000 -64.74
187.10000 -64.74
187.15000 -64.74
187.20000 -64.74
187.25000 -64.74
187.30000 -64.74
187.35000 -64.74
187.40000 -64.73
187.45000 -64.74
187.50000 -64.74
187.55000 -64.73
187.60000 -64.73
187.65000 -64.73
187.70000 -64.73
187.75000 -64.73
187.80000 -64.73
187.85000 -64.73
187.90000 -64.73
187.95000 -64.73
188.00000 -64.73
188.05000 -64.74
188.10000 -64.74
188.15000 -64.74
188.20000 -64.74
188.25000 -64.74
188.30000 -64.74
188.35000 -64.74
188.40000 -64.74
188.45000 -64.74
188.50000 -64.74
188.55000 -64.74
188.60000 -64.74
188.65000 -64.74
188.70000 -64.74
188.75000 -64.74
188.80000 -64.74
188.85000 -64.74
188.90000 -64.74
188.95000 -64.74
189.00000 -64.74
189.05000 -64.74
189.10000 -64.74
189.15000 -64.74
189.20000 -64.74
189.25000 -64.74
189.30000 -64.74
189.35000 -64.74
189.40000 -64.74
189.45000 -64.74
189.50000 -64.74
189.55000 -64.74
189.60000 -64.74
189.65000 -64.74
189.70000 -64.74
189.75000 -64.74
189.80000 -64.74
189.85000 -64.74
189.90000 -64.74
189.95000 -64.74
190.00000 -64.74
190.05000 -64.74
190.10000 -64.74
190.15000 -64.74
190.20000 -64.74
190.25000 -64.74
190.30000 -64.74
190.35000 -64.74
190.40000 -64.74
190.45000 -64.74
190.50000 -64.74
190.55000 -64.74
190.60000 -64.74
190.65000 -64.74
190.70000 -64.74
190.75000 -64.74
190.80000 -64.74
190.85000 -64.74
190.90000 -64.74
190.95000 -64.74
191.00000 -64.74
191.05000 -64.74
191.10000 -64.74
191.15000 -64.74
191.20000 -64.74
191.25000 -64.74
191.30000 -64.74
191.35000 -64.74
191.40000 -64.74
191.45000 -64.74
191.50000 -64.74
191.55000 -64.74
191.60000 -64.74
191.65000 -64.74
191.70000 -64.74
191.75000 -64.74
191.80000 -64.75
191.85000 -64.74
191.90000 -64.74
191.95000 -64.74
192.00000 -64.74
192.05000 -64.74
192.10000 -64.74
192.15000 -64.74
192.20000 -64.74
192.25000 -64.75
192.30000 -64.74
192.35000 -64.74
192.40000 -64.74
192.45000 -64.75
192.50000 -64.75
192.55000 -64.75
192.60000 -64.75
192.65000 -64.75
192.70000 -64.75
192.75000 -64.75
192.80000 -64.75
192.85000 -64.75
192.90000 -64.75
192.95000 -64.75
193.00000 -64.74
193.05000 -64.74
193.10000 -64.74
193.15000 -64.74
193.20000 -64.74
193.25000 -64.74
193.30000 -64.74
193.35000 -64.74
193.40000 -64.74
193.45000 -64.74
193.50000 -64.74
193.55000 -64.74
193.60000 -64.74
193.65000 -64.74
193.70000 -64.74
193.75000 -64.74
193.80000 -64.74
193.85000 -64.74
193.90000 -64.74
193.95000 -64.73
194.00000 -64.73
194.05000 -64.73
194.10000 -64.73
194.15000 -64.73
194.20000 -64.73
194.25000 -64.73
194.30000 -64.73
194.35000 -64.73
194.40000 -64.73
194.45000 -64.73
194.50000 -64.73
194.55000 -64.73
194.60000 -64.73
194.65000 -64.73
194.70000 -64.73
194.75000 -64.73
194.80000 -64.73
194.85000 -64.73
194.90000 -64.73
194.95000 -64.73
195.00000 -64.73
195.05000 -64.73
195.10000 -64.73
195.15000 -64.73
195.20000 -64.73
195.25000 -64.73
195.30000 -64.73
195.35000 -64.73
195.40000 -64.73
195.45000 -64.73
195.50000 -64.73
195.55000 -64.74
195.60000 -64.74
195.65000 -64.74
195.70000 -64.74
195.75000 -64.74
195.80000 -64.74
195.85000 -64.74
195.90000 -64.74
195.95000 -64.74
196.00000 -64.74
196.05000 -64.74
196.10000 -64.74
196.15000 -64.74
196.20000 -64.74
196.25000 -64.74
196.30000 -64.74
196.35000 -64.74
196.40000 -64.74
196.45000 -64.74
196.50000 -64.74
196.55000 -64.74
196.60000 -64.74
196.65000 -64.74
196.70000 -64.74
196.75000 -64.74
196.80000 -64.74
196.85000 -64.74
196.90000 -64.74
196.95000 -64.74
197.00000 -64.74
197.05000 -64.74
197.10000 -64.74
197.15000 -64.74
197.20000 -64.74
197.25000 -64.74
197.30000 -64.75
197.35000 -64.74
197.40000 -64.74
197.45000 -64.75
197.50000 -64.74
197.55000 -64.74
197.60000 -64.74
197.65000 -64.74
197.70000 -64.74
197.75000 -64.74
197.80000 -64.74
197.85000 -64.74
197.90000 -64.74
197.95000 -64.74
198.00000 -64.74
198.05000 -64.74
198.10000 -64.74
198.15000 -64.74
198.20000 -64.74
198.25000 -64.74
198.30000 -64.74
198.35000 -64.74
198.40000 -64.74
198.45000 -64.74
198.50000 -64.74
198.55000 -64.74
198.60000 -64.74
198.65000 -64.74
198.70000 -64.74
198.75000 -64.74
198.80000 -64.74
198.85000 -64.74
198.90000 -64.74
198.95000 -64.74
199.00000 -64.74
199.05000 -64.74
199.10000 -64.74
199.15000 -64.74
199.20000 -64.75
199.25000 -64.75
199.30000 -64.75
199.35000 -64.75
199.40000 -64.75
199.45000 -64.75
199.50000 -64.75
199.55000 -64.75
199.60000 -64.75
199.65000 -64.75
199.70000 -64.75
199.75000 -64.75
199.80000 -64.75
199.85000 -64.75
199.90000 -64.75
199.95000 -64.75
200.00000 -64.75
200.05000 -64.75
200.10000 -64.75
200.15000 -64.75
200.20000 -64.75
200.25000 -64.75
200.30000 -64.75
200.35000 -64.75
200.40000 -64.75
200.45000 -64.75
200.50000 -64.75
200.55000 -64.75
200.60000 -64.75
200.65000 -64.75
200.70000 -64.75
200.75000 -64.75
200.80000 -64.75
200.85000 -64.75
200.90000 -64.75
200.95000 -64.75
201.00000 -64.75
201.05000 -64.75
201.10000 -64.75
201.15000 -64.75
201.20000 -64.75
201.25000 -64.75
201.30000 -64.75
201.35000 -64.75
201.40000 -64.75
201.45000 -64.75
201.50000 -64.75
201.55000 -64.75
201.60000 -64.74
201.65000 -64.75
201.70000 -64.75
201.75000 -64.75
201.80000 -64.74
201.85000 -64.75
201.90000 -64.75
201.95000 -64.74
202.00000 -64.75
202.05000 -64.75
202.10000 -64.75
202.15000 -64.75
202.20000 -64.74
202.25000 -64.75
202.30000 -64.75
202.35000 -64.75
202.40000 -64.75
202.45000 -64.75
202.50000 -64.75
202.55000 -64.75
202.60000 -64.75
202.65000 -64.75
202.70000 -64.75
202.75000 -64.75
202.80000 -64.75
202.85000 -64.74
202.90000 -64.75
202.95000 -64.75
203.00000 -64.74
203.05000 -64.75
203.10000 -64.75
203.15000 -64.74
203.20000 -64.74
203.25000 -64.75
203.30000 -64.75
203.35000 -64.75
203.40000 -64.75
203.45000 -64.75
203.50000 -64.75
203.55000 -64.75
203.60000 -64.75
203.65000 -64.75
203.70000 -64.75
203.75000 -64.74
203.80000 -64.75
203.85000 -64.75
203.90000 -64.75
203.95000 -64.74
204.00000 -64.74
204.05000 -64.74
204.10000 -64.74
204.15000 -64.74
204.20000 -64.74
204.25000 -64.74
204.30000 -64.74
204.35000 -64.74
204.40000 -64.74
204.45000 -64.74
204.50000 -64.74
204.55000 -64.74
204.60000 -64.74
204.65000 -64.74
204.70000 -64.74
204.75000 -64.74
204.80000 -64.74
204.85000 -64.74
204.90000 -64.74
204.95000 -64.74
205.00000 -64.74
205.05000 -64.74
205.10000 -64.74
205.15000 -64.74
205.20000 -64.74
205.25000 -64.74
205.30000 -64.74
205.35000 -64.74
205.40000 -64.74
205.45000 -64.74
205.50000 -64.74
205.55000 -64.74
205.60000 -64.74
205.65000 -64.74
205.70000 -64.74
205.75000 -64.74
205.80000 -64.74
205.85000 -64.74
205.90000 -64.74
205.95000 -64.74
206.00000 -64.74
206.05000 -64.74
206.10000 -64.74
206.15000 -64.74
206.20000 -64.74
206.25000 -64.74
206.30000 -64.74
206.35000 -64.74
206.40000 -64.74
206.45000 -64.74
206.50000 -64.74
206.55000 -64.74
206.60000 -64.74
206.65000 -64.74
206.70000 -64.74
206.75000 -64.74
206.80000 -64.74
206.85000 -64.74
206.90000 -64.74
206.95000 -64.74
207.00000 -64.74
207.05000 -64.74
207.10000 -64.74
207.15000 -64.74
207.20000 -64.74
207.25000 -64.74
207.30000 -64.74
207.35000 -64.74
207.40000 -64.74
207.45000 -64.74
207.50000 -64.74
207.55000 -64.74
207.60000 -64.74
207.65000 -64.74
207.70000 -64.74
207.75000 -64.74
207.80000 -64.74
207.85000 -64.74
207.90000 -64.74
207.95000 -64.74
208.00000 -64.74
208.05000 -64.73
208.10000 -64.73
208.15000 -64.73
208.20000 -64.73
208.25000 -64.73
208.30000 -64.73
208.35000 -64.73
208.40000 -64.73
208.45000 -64.73
208.50000 -64.73
208.55000 -64.73
208.60000 -64.73
208.65000 -64.73
208.70000 -64.73
208.75000 -64.74
208.80000 -64.73
208.85000 -64.73
208.90000 -64.73
208.95000 -64.73
209.00000 -64.73
209.05000 -64.73
209.10000 -64.73
209.15000 -64.73
209.20000 -64.73
209.25000 -64.73
209.30000 -64.73
209.35000 -64.73
209.40000 -64.73
209.45000 -64.73
209.50000 -64.73
209.55000 -64.73
209.60000 -64.73
209.65000 -64.73
209.70000 -64.73
209.75000 -64.73
209.80000 -64.73
209.85000 -64.73
209.90000 -64.73
209.95000 -64.73
210.00000 -64.73
210.05000 -64.73
210.10000 -64.73
210.15000 -64.74
210.20000 -64.74
210.25000 -64.74
210.30000 -64.73
210.35000 -64.74
210.40000 -64.74
210.45000 -64.74
210.50000 -64.74
210.55000 -64.74
210.60000 -64.74
210.65000 -64.73
210.70000 -64.73
210.75000 -64.73
210.80000 -64.73
210.85000 -64.74
210.90000 -64.73
210.95000 -64.73
211.00000 -64.73
211.05000 -64.73
211.10000 -64.73
211.15000 -64.74
211.20000 -64.73
211.25000 -64.73
211.30000 -64.73
211.35000 -64.73
211.40000 -64.73
211.45000 -64.73
211.50000 -64.73
211.55000 -64.73
211.60000 -64.73
211.65000 -64.73
211.70000 -64.73
211.75000 -64.73
211.80000 -64.73
211.85000 -64.73
211.90000 -64.73
211.95000 -64.73
212.00000 -64.73
212.05000 -64.74
212.10000 -64.73
212.15000 -64.73
212.20000 -64.73
212.25000 -64.74
212.30000 -64.74
212.35000 -64.74
212.40000 -64.74
212.45000 -64.74
212.50000 -64.74
212.55000 -64.74
212.60000 -64.74
212.65000 -64.74
212.70000 -64.74
212.75000 -64.74
212.80000 -64.74
212.85000 -64.74
212.90000 -64.74
212.95000 -64.74
213.00000 -64.74
213.05000 -64.74
213.10000 -64.74
213.15000 -64.74
213.20000 -64.74
213.25000 -64.74
213.30000 -64.74
213.35000 -64.74
213.40000 -64.74
213.45000 -64.74
213.50000 -64.74
213.55000 -64.74
213.60000 -64.74
213.65000 -64.74
213.70000 -64.74
213.75000 -64.74
213.80000 -64.74
213.85000 -64.74
213.90000 -64.74
213.95000 -64.74
214.00000 -64.74
214.05000 -64.74
214.10000 -64.74
214.15000 -64.74
214.20000 -64.73
214.25000 -64.73
214.30000 -64.73
214.35000 -64.73
214.40000 -64.73
214.45000 -64.73
214.50000 -64.73
214.55000 -64.73
214.60000 -64.73
214.65000 -64.73
214.70000 -64.73
214.75000 -64.73
214.80000 -64.73
214.85000 -64.73
214.90000 -64.73
214.95000 -64.73
215.00000 -64.73
215.05000 -64.73
215.10000 -64.73
215.15000 -64.73
215.20000 -64.73
215.25000 -64.73
215.30000 -64.73
215.35000 -64.73
215.40000 -64.73
215.45000 -64.73
215.50000 -64.73
215.55000 -64.73
215.60000 -64.73
215.65000 -64.73
215.70000 -64.73
215.75000 -64.73
215.80000 -64.73
215.85000 -64.73
215.90000 -64.73
215.95000 -64.73
216.00000 -64.73
216.05000 -64.73
216.10000 -64.73
216.15000 -64.73
216.20000 -64.73
216.25000 -64.73
216.30000 -64.73
216.35000 -64.73
216.40000 -64.73
216.45000 -64.73
216.50000 -64.73
216.55000 -64.73
216.60000 -64.73
216.65000 -64.73
216.70000 -64.73
216.75000 -64.73
216.80000 -64.73
216.85000 -64.73
216.90000 -64.74
216.95000 -64.73
217.00000 -64.73
217.05000 -64.73
217.10000 -64.73
217.15000 -64.73
217.20000 -64.74
217.25000 -64.73
217.30000 -64.73
217.35000 -64.73
217.40000 -64.73
217.45000 -64.74
217.50000 -64.73
217.55000 -64.74
217.60000 -64.74
217.65000 -64.74
217.70000 -64.73
217.75000 -64.74
217.80000 -64.74
217.85000 -64.74
217.90000 -64.74
217.95000 -64.74
218.00000 -64.74
218.05000 -64.74
218.10000 -64.74
218.15000 -64.74
218.20000 -64.74
218.25000 -64.74
218.30000 -64.74
218.35000 -64.73
218.40000 -64.74
218.45000 -64.74
218.50000 -64.74
218.55000 -64.74
218.60000 -64.74
218.65000 -64.74
218.70000 -64.74
218.75000 -64.74
218.80000 -64.74
218.85000 -64.74
218.90000 -64.74
218.95000 -64.74
219.00000 -64.74
219.05000 -64.74
219.10000 -64.74
219.15000 -64.74
219.20000 -64.74
219.25000 -64.74
219.30000 -64.74
219.35000 -64.74
219.40000 -64.74
219.45000 -64.74
219.50000 -64.74
219.55000 -64.74
219.60000 -64.74
219.65000 -64.74
219.70000 -64.74
219.75000 -64.74
219.80000 -64.74
219.85000 -64.74
219.90000 -64.74
219.95000 -64.74
220.00000 -64.74
220.05000 -64.74
220.10000 -64.74
220.15000 -64.74
220.20000 -64.74
220.25000 -64.74
220.30000 -64.74
220.35000 -64.73
220.40000 -64.74
220.45000 -64.73
220.50000 -64.74
220.55000 -64.73
220.60000 -64.73
220.65000 -64.74
220.70000 -64.73
220.75000 -64.74
220.80000 -64.73
220.85000 -64.74
220.90000 -64.74
220.95000 -64.74
221.00000 -64.74
221.05000 -64.74
221.10000 -64.74
221.15000 -64.74
221.20000 -64.74
221.25000 -64.74
221.30000 -64.74
221.35000 -64.74
221.40000 -64.74
221.45000 -64.74
221.50000 -64.73
221.55000 -64.74
221.60000 -64.73
221.65000 -64.73
221.70000 -64.74
221.75000 -64.73
221.80000 -64.73
221.85000 -64.73
221.90000 -64.73
221.95000 -64.73
222.00000 -64.73
222.05000 -64.73
222.10000 -64.73
222.15000 -64.73
222.20000 -64.73
222.25000 -64.73
222.30000 -64.73
222.35000 -64.73
222.40000 -64.73
222.45000 -64.73
222.50000 -64.73
222.55000 -64.73
222.60000 -64.73
222.65000 -64.73
222.70000 -64.73
222.75000 -64.73
222.80000 -64.74
222.85000 -64.73
222.90000 -64.74
222.95000 -64.74
223.00000 -64.74
223.05000 -64.74
223.10000 -64.74
223.15000 -64.74
223.20000 -64.74
223.25000 -64.74
223.30000 -64.74
223.35000 -64.74
223.40000 -64.74
223.45000 -64.74
223.50000 -64.74
223.55000 -64.74
223.60000 -64.74
223.65000 -64.74
223.70000 -64.74
223.75000 -64.74
223.80000 -64.74
223.85000 -64.74
223.90000 -64.74
223.95000 -64.74
224.00000 -64.74
224.05000 -64.74
224.10000 -64.74
224.15000 -64.74
224.20000 -64.74
224.25000 -64.74
224.30000 -64.74
224.35000 -64.74
224.40000 -64.75
224.45000 -64.74
224.50000 -64.74
224.55000 -64.74
224.60000 -64.74
224.65000 -64.74
224.70000 -64.74
224.75000 -64.74
224.80000 -64.74
224.85000 -64.74
224.90000 -64.74
224.95000 -64.74
225.00000 -64.74
225.05000 -64.74
225.10000 -64.74
225.15000 -64.74
225.20000 -64.75
225.25000 -64.75
225.30000 -64.75
225.35000 -64.75
225.40000 -64.75
225.45000 -64.75
225.50000 -64.75
225.55000 -64.75
225.60000 -64.75
225.65000 -64.75
225.70000 -64.75
225.75000 -64.75
225.80000 -64.75
225.85000 -64.75
225.90000 -64.75
225.95000 -64.75
226.00000 -64.75
226.05000 -64.75
226.10000 -64.75
226.15000 -64.75
226.20000 -64.75
226.25000 -64.75
226.30000 -64.75
226.35000 -64.75
226.40000 -64.75
226.45000 -64.75
226.50000 -64.75
226.55000 -64.74
226.60000 -64.74
226.65000 -64.74
226.70000 -64.74
226.75000 -64.74
226.80000 -64.74
226.85000 -64.74
226.90000 -64.74
226.95000 -64.74
227.00000 -64.74
227.05000 -64.74
227.10000 -64.74
227.15000 -64.74
227.20000 -64.74
227.25000 -64.74
227.30000 -64.74
227.35000 -64.74
227.40000 -64.74
227.45000 -64.74
227.50000 -64.74
227.55000 -64.74
227.60000 -64.74
227.65000 -64.74
227.70000 -64.74
227.75000 -64.74
227.80000 -64.74
227.85000 -64.74
227.90000 -64.74
227.95000 -64.74
228.00000 -64.74
228.05000 -64.74
228.10000 -64.74
228.15000 -64.74
228.20000 -64.74
228.25000 -64.74
228.30000 -64.74
228.35000 -64.74
228.40000 -64.74
228.45000 -64.74
228.50000 -64.74
228.55000 -64.74
228.60000 -64.74
228.65000 -64.74
228.70000 -64.74
228.75000 -64.74
228.80000 -64.74
228.85000 -64.74
228.90000 -64.74
228.95000 -64.74
229.00000 -64.74
229.05000 -64.74
229.10000 -64.74
229.15000 -64.74
229.20000 -64.74
229.25000 -64.74
229.30000 -64.74
229.35000 -64.74
229.40000 -64.74
229.45000 -64.74
229.50000 -64.74
229.55000 -64.74
229.60000 -64.74
229.65000 -64.74
229.70000 -64.74
229.75000 -64.74
229.80000 -64.74
229.85000 -64.74
229.90000 -64.74
229.95000 -64.74
230.00000 -64.74
230.05000 -64.74
230.10000 -64.74
230.15000 -64.74
230.20000 -64.74
230.25000 -64.74
230.30000 -64.74
230.35000 -64.74
230.40000 -64.74
230.45000 -64.74
230.50000 -64.74
230.55000 -64.74
230.60000 -64.74
230.65000 -64.74
230.70000 -64.74
230.75000 -64.74
230.80000 -64.74
230.85000 -64.74
230.90000 -64.74
230.95000 -64.74
231.00000 -64.74
231.05000 -64.74
231.10000 -64.74
231.15000 -64.74
231.20000 -64.74
231.25000 -64.74
231.30000 -64.74
231.35000 -64.74
231.40000 -64.74
231.45000 -64.74
231.50000 -64.74
231.55000 -64.75
231.60000 -64.75
231.65000 -64.75
231.70000 -64.75
231.75000 -64.75
231.80000 -64.75
231.85000 -64.75
231.90000 -64.75
231.95000 -64.75
232.00000 -64.75
232.05000 -64.75
232.10000 -64.75
232.15000 -64.75
232.20000 -64.75
232.25000 -64.75
232.30000 -64.75
232.35000 -64.76
232.40000 -64.76
232.45000 -64.76
232.50000 -64.76
232.55000 -64.75
232.60000 -64.75
232.65000 -64.75
232.70000 -64.75
232.75000 -64.75
232.80000 -64.75
232.85000 -64.75
232.90000 -64.75
232.95000 -64.75
233.00000 -64.75
233.05000 -64.75
233.10000 -64.75
233.15000 -64.75
233.20000 -64.75
233.25000 -64.75
233.30000 -64.75
233.35000 -64.75
233.40000 -64.75
233.45000 -64.75
233.50000 -64.74
233.55000 -64.74
233.60000 -64.74
233.65000 -64.74
233.70000 -64.74
233.75000 -64.74
233.80000 -64.74
233.85000 -64.74
233.90000 -64.74
233.95000 -64.74
234.00000 -64.74
234.05000 -64.74
234.10000 -64.74
234.15000 -64.74
234.20000 -64.74
234.25000 -64.75
234.30000 -64.75
234.35000 -64.75
234.40000 -64.75
234.45000 -64.74
234.50000 -64.75
234.55000 -64.75
234.60000 -64.75
234.65000 -64.75
234.70000 -64.74
234.75000 -64.74
234.80000 -64.74
234.85000 -64.74
234.90000 -64.74
234.95000 -64.74
235.00000 -64.74
235.05000 -64.74
235.10000 -64.74
235.15000 -64.74
235.20000 -64.74
235.25000 -64.74
235.30000 -64.74
235.35000 -64.74
235.40000 -64.74
235.45000 -64.74
235.50000 -64.74
235.55000 -64.74
235.60000 -64.74
235.65000 -64.74
235.70000 -64.74
235.75000 -64.74
235.80000 -64.74
235.85000 -64.74
235.90000 -64.74
235.95000 -64.74
236.00000 -64.74
236.05000 -64.74
236.10000 -64.74
236.15000 -64.74
236.20000 -64.74
236.25000 -64.74
236.30000 -64.74
236.35000 -64.74
236.40000 -64.74
236.45000 -64.74
236.50000 -64.74
236.55000 -64.74
236.60000 -64.74
236.65000 -64.74
236.70000 -64.74
236.75000 -64.74
236.80000 -64.74
236.85000 -64.74
236.90000 -64.74
236.95000 -64.74
237.00000 -64.74
237.05000 -64.74
237.10000 -64.74
237.15000 -64.74
237.20000 -64.74
237.25000 -64.74
237.30000 -64.74
237.35000 -64.74
237.40000 -64.74
237.45000 -64.74
237.50000 -64.74
237.55000 -64.74
237.60000 -64.74
237.65000 -64.74
237.70000 -64.74
237.75000 -64.74
237.80000 -64.74
237.85000 -64.74
237.90000 -64.74
237.95000 -64.74
238.00000 -64.74
238.05000 -64.74
238.10000 -64.74
238.15000 -64.74
238.20000 -64.74
238.25000 -64.74
238.30000 -64.74
238.35000 -64.74
238.40000 -64.74
238.45000 -64.74
238.50000 -64.74
238.55000 -64.74
238.60000 -64.74
238.65000 -64.75
238.70000 -64.75
238.75000 -64.75
238.80000 -64.75
238.85000 -64.75
238.90000 -64.75
238.95000 -64.75
239.00000 -64.75
239.05000 -64.75
239.10000 -64.75
239.15000 -64.75
239.20000 -64.75
239.25000 -64.75
239.30000 -64.75
239.35000 -64.75
239.40000 -64.75
239.45000 -64.75
239.50000 -64.75
239.55000 -64.75
239.60000 -64.75
239.65000 -64.75
239.70000 -64.75
239.75000 -64.75
239.80000 -64.75
239.85000 -64.75
239.90000 -64.75
239.95000 -64.75
240.00000 -64.75
240.05000 -64.75
240.10000 -64.75
240.15000 -64.75
240.20000 -64.74
240.25000 -64.74
240.30000 -64.74
240.35000 -64.74
240.40000 -64.74
240.45000 -64.74
240.50000 -64.74
240.55000 -64.74
240.60000 -64.74
240.65000 -64.74
240.70000 -64.74
240.75000 -64.74
240.80000 -64.74
240.85000 -64.74
240.90000 -64.74
240.95000 -64.74
241.00000 -64.74
241.05000 -64.74
241.10000 -64.74
241.15000 -64.74
241.20000 -64.74
241.25000 -64.73
241.30000 -64.74
241.35000 -64.74
241.40000 -64.73
241.45000 -64.74
241.50000 -64.73
241.55000 -64.74
241.60000 -64.74
241.65000 -64.73
241.70000 -64.73
241.75000 -64.73
241.80000 -64.73
241.85000 -64.73
241.90000 -64.73
241.95000 -64.74
242.00000 -64.73
242.05000 -64.74
242.10000 -64.73
242.15000 -64.74
242.20000 -64.74
242.25000 -64.74
242.30000 -64.74
242.35000 -64.74
242.40000 -64.74
242.45000 -64.74
242.50000 -64.74
242.55000 -64.74
242.60000 -64.74
242.65000 -64.74
242.70000 -64.74
242.75000 -64.74
242.80000 -64.74
242.85000 -64.74
242.90000 -64.74
242.95000 -64.74
243.00000 -64.74
243.05000 -64.74
243.10000 -64.74
243.15000 -64.75
243.20000 -64.74
243.25000 -64.74
243.30000 -64.75
243.35000 -64.75
243.40000 -64.75
243.45000 -64.75
243.50000 -64.74
243.55000 -64.75
243.60000 -64.75
243.65000 -64.75
243.70000 -64.75
243.75000 -64.75
243.80000 -64.75
243.85000 -64.75
243.90000 -64.75
243.95000 -64.75
244.00000 -64.75
244.05000 -64.75
244.10000 -64.74
244.15000 -64.75
244.20000 -64.75
244.25000 -64.75
244.30000 -64.75
244.35000 -64.75
244.40000 -64.75
244.45000 -64.75
244.50000 -64.75
244.55000 -64.75
244.60000 -64.75
244.65000 -64.75
244.70000 -64.75
244.75000 -64.75
244.80000 -64.75
244.85000 -64.75
244.90000 -64.75
244.95000 -64.75
245.00000 -64.75
245.05000 -64.75
245.10000 -64.75
245.15000 -64.75
245.20000 -64.75
245.25000 -64.75
245.30000 -64.75
245.35000 -64.75
245.40000 -64.75
245.45000 -64.75
245.50000 -64.75
245.55000 -64.75
245.60000 -64.75
245.65000 -64.75
245.70000 -64.75
245.75000 -64.75
245.80000 -64.75
245.85000 -64.75
245.90000 -64.75
245.95000 -64.75
246.00000 -64.74
246.05000 -64.75
246.10000 -64.75
246.15000 -64.74
246.20000 -64.74
246.25000 -64.74
246.30000 -64.74
246.35000 -64.74
246.40000 -64.74
246.45000 -64.74
246.50000 -64.74
246.55000 -64.74
246.60000 -64.74
246.65000 -64.74
246.70000 -64.74
246.75000 -64.74
246.80000 -64.74
246.85000 -64.74
246.90000 -64.74
246.95000 -64.74
247.00000 -64.74
247.05000 -64.74
247.10000 -64.74
247.15000 -64.74
247.20000 -64.74
247.25000 -64.74
247.30000 -64.74
247.35000 -64.74
247.40000 -64.74
247.45000 -64.74
247.50000 -64.74
247.55000 -64.74
247.60000 -64.74
247.65000 -64.74
247.70000 -64.74
247.75000 -64.74
247.80000 -64.74
247.85000 -64.74
247.90000 -64.74
247.95000 -64.74
248.00000 -64.74
248.05000 -64.74
248.10000 -64.74
248.15000 -64.75
248.20000 -64.75
248.25000 -64.75
248.30000 -64.75
248.35000 -64.75
248.40000 -64.75
248.45000 -64.75
248.50000 -64.75
248.55000 -64.75
248.60000 -64.75
248.65000 -64.75
248.70000 -64.75
248.75000 -64.75
248.80000 -64.75
248.85000 -64.75
248.90000 -64.75
248.95000 -64.75
249.00000 -64.75
249.05000 -64.75
249.10000 -64.75
249.15000 -64.75
249.20000 -64.75
249.25000 -64.75
249.30000 -64.75
249.35000 -64.75
249.40000 -64.75
249.45000 -64.75
249.50000 -64.75
249.55000 -64.75
249.60000 -64.75
249.65000 -64.75
249.70000 -64.75
249.75000 -64.76
249.80000 -64.75
249.85000 -64.75
249.90000 -64.75
249.95000 -64.75
250.00000 -64.75
250.05000 -64.42
250.10000 -64.83
250.15000 -65.05
250.20000 -65.14
250.25000 -65.30
250.30000 -65.46
250.35000 -65.63
250.40000 -65.78
250.45000 -65.92
250.50000 -66.06
250.55000 -66.18
250.60000 -66.30
250.65000 -66.41
250.70000 -66.51
250.75000 -66.61
250.80000 -66.70
250.85000 -66.78
250.90000 -66.86
250.95000 -66.94
251.00000 -67.01
251.05000 -67.08
251.10000 -67.14
251.15000 -67.20
251.20000 -67.25
251.25000 -67.31
251.30000 -67.36
251.35000 -67.40
251.40000 -67.45
251.45000 -67.49
251.50000 -67.53
251.55000 -67.57
251.60000 -67.61
251.65000 -67.64
251.70000 -67.67
251.75000 -67.70
251.80000 -67.73
251.85000 -67.76
251.90000 -67.78
251.95000 -67.81
252.00000 -67.84
252.05000 -67.86
252.10000 -67.88
252.15000 -67.90
252.20000 -67.92
252.25000 -67.94
252.30000 -67.96
252.35000 -67.98
252.40000 -67.99
252.45000 -68.01
252.50000 -68.02
252.55000 -68.03
252.60000 -68.05
252.65000 -68.06
252.70000 -68.07
252.75000 -68.08
252.80000 -68.10
252.85000 -68.11
252.90000 -68.12
252.95000 -68.13
253.00000 -68.14
253.05000 -68.15
253.10000 -68.16
253.15000 -68.16
253.20000 -68.17
253.25000 -68.18
253.30000 -68.18
253.35000 -68.19
253.40000 -68.20
253.45000 -68.20
253.50000 -68.21
253.55000 -68.21
253.60000 -68.22
253.65000 -68.22
253.70000 -68.23
253.75000 -68.23
253.80000 -68.24
253.85000 -68.24
253.90000 -68.25
253.95000 -68.25
254.00000 -68.26
254.05000 -68.26
254.10000 -68.26
254.15000 -68.26
254.20000 -68.27
254.25000 -68.27
254.30000 -68.27
254.35000 -68.28
254.40000 -68.28
254.45000 -68.28
254.50000 -68.29
254.55000 -68.29
254.60000 -68.29
254.65000 -68.29
254.70000 -68.29
254.75000 -68.30
254.80000 -68.30
254.85000 -68.31
254.90000 -68.31
254.95000 -68.31
255.00000 -68.31
255.05000 -68.31
255.10000 -68.31
255.15000 -68.31
255.20000 -68.32
255.25000 -68.32
255.30000 -68.32
255.35000 -68.32
255.40000 -68.32
255.45000 -68.32
255.50000 -68.33
255.55000 -68.33
255.60000 -68.33
255.65000 -68.33
255.70000 -68.33
255.75000 -68.33
255.80000 -68.33
255.85000 -68.33
255.90000 -68.34
255.95000 -68.34
256.00000 -68.34
256.05000 -68.34
256.10000 -68.34
256.15000 -68.34
256.20000 -68.34
256.25000 -68.34
256.30000 -68.34
256.35000 -68.34
256.40000 -68.34
256.45000 -68.35
256.50000 -68.35
256.55000 -68.35
256.60000 -68.35
256.65000 -68.35
256.70000 -68.35
256.75000 -68.35
256.80000 -68.35
256.85000 -68.35
256.90000 -68.35
256.95000 -68.35
257.00000 -68.35
257.05000 -68.36
257.10000 -68.36
257.15000 -68.36
257.20000 -68.36
257.25000 -68.36
257.30000 -68.36
257.35000 -68.36
257.40000 -68.37
257.45000 -68.37
257.50000 -68.37
257.55000 -68.37
257.60000 -68.37
257.65000 -68.37
257.70000 -68.37
257.75000 -68.37
257.80000 -68.37
257.85000 -68.37
257.90000 -68.37
257.95000 -68.37
258.00000 -68.37
258.05000 -68.37
258.10000 -68.37
258.15000 -68.37
258.20000 -68.37
258.25000 -68.37
258.30000 -68.37
258.35000 -68.37
258.40000 -68.37
258.45000 -68.37
258.50000 -68.37
258.55000 -68.37
258.60000 -68.37
258.65000 -68.37
258.70000 -68.38
258.75000 -68.38
258.80000 -68.38
258.85000 -68.38
258.90000 -68.38
258.95000 -68.38
259.00000 -68.38
259.05000 -68.38
259.10000 -68.38
259.15000 -68.38
259.20000 -68.38
259.25000 -68.38
259.30000 -68.38
259.35000 -68.38
259.40000 -68.38
259.45000 -68.38
259.50000 -68.38
259.55000 -68.38
259.60000 -68.38
259.65000 -68.38
259.70000 -68.38
259.75000 -68.38
259.80000 -68.38
259.85000 -68.38
259.90000 -68.38
259.95000 -68.38
260.00000 -68.38
260.05000 -68.38
260.10000 -68.38
260.15000 -68.38
260.20000 -68.38
260.25000 -68.38
260.30000 -68.38
260.35000 -68.38
260.40000 -68.38
260.45000 -68.38
260.50000 -68.38
260.55000 -68.38
260.60000 -68.38
260.65000 -68.38
260.70000 -68.38
260.75000 -68.38
260.80000 -68.38
260.85000 -68.38
260.90000 -68.38
260.95000 -68.38
261.00000 -68.38
261.05000 -68.38
261.10000 -68.38
261.15000 -68.38
261.20000 -68.38
261.25000 -68.38
261.30000 -68.38
261.35000 -68.38
261.40000 -68.38
261.45000 -68.38
261.50000 -68.37
261.55000 -68.37
261.60000 -68.37
261.65000 -68.37
261.70000 -68.37
261.75000 -68.37
261.80000 -68.37
261.85000 -68.37
261.90000 -68.37
261.95000 -68.37
262.00000 -68.37
262.05000 -68.37
262.10000 -68.37
262.15000 -68.37
262.20000 -68.38
262.25000 -68.38
262.30000 -68.37
262.35000 -68.38
262.40000 -68.38
262.45000 -68.38
262.50000 -68.37
262.55000 -68.37
262.60000 -68.37
262.65000 -68.38
262.70000 -68.37
262.75000 -68.37
262.80000 -68.37
262.85000 -68.37
262.90000 -68.37
262.95000 -68.37
263.00000 -68.37
263.05000 -68.37
263.10000 -68.37
263.15000 -68.37
263.20000 -68.37
263.25000 -68.37
263.30000 -68.37
263.35000 -68.37
263.40000 -68.37
263.45000 -68.37
263.50000 -68.37
263.55000 -68.37
263.60000 -68.37
263.65000 -68.37
263.70000 -68.37
263.75000 -68.37
263.80000 -68.37
263.85000 -68.37
263.90000 -68.37
263.95000 -68.37
264.00000 -68.38
264.05000 -68.38
264.10000 -68.38
264.15000 -68.38
264.20000 -68.38
264.25000 -68.38
264.30000 -68.38
264.35000 -68.38
264.40000 -68.38
264.45000 -68.38
264.50000 -68.38
264.55000 -68.38
264.60000 -68.38
264.65000 -68.38
264.70000 -68.38
264.75000 -68.38
264.80000 -68.38
264.85000 -68.38
264.90000 -68.38
264.95000 -68.38
265.00000 -68.38
265.05000 -68.38
265.10000 -68.38
265.15000 -68.38
265.20000 -68.38
265.25000 -68.38
265.30000 -68.38
265.35000 -68.38
265.40000 -68.38
265.45000 -68.38
265.50000 -68.38
265.55000 -68.38
265.60000 -68.38
265.65000 -68.38
265.70000 -68.38
265.75000 -68.38
265.80000 -68.38
265.85000 -68.38
265.90000 -68.38
265.95000 -68.38
266.00000 -68.38
266.05000 -68.38
266.10000 -68.38
266.15000 -68.38
266.20000 -68.38
266.25000 -68.38
266.30000 -68.38
266.35000 -68.38
266.40000 -68.38
266.45000 -68.39
266.50000 -68.38
266.55000 -68.38
266.60000 -68.38
266.65000 -68.39
266.70000 -68.38
266.75000 -68.39
266.80000 -68.39
266.85000 -68.39
266.90000 -68.39
266.95000 -68.39
267.00000 -68.39
267.05000 -68.39
267.10000 -68.39
267.15000 -68.39
267.20000 -68.39
267.25000 -68.39
267.30000 -68.39
267.35000 -68.39
267.40000 -68.39
267.45000 -68.39
267.50000 -68.39
267.55000 -68.39
267.60000 -68.39
267.65000 -68.39
267.70000 -68.39
267.75000 -68.39
267.80000 -68.39
267.85000 -68.39
267.90000 -68.39
267.95000 -68.39
268.00000 -68.39
268.05000 -68.39
268.10000 -68.39
268.15000 -68.39
268.20000 -68.39
268.25000 -68.39
268.30000 -68.39
268.35000 -68.39
268.40000 -68.39
268.45000 -68.39
268.50000 -68.39
268.55000 -68.39
268.60000 -68.39
268.65000 -68.39
268.70000 -68.39
268.75000 -68.39
268.80000 -68.39
268.85000 -68.39
268.90000 -68.39
268.95000 -68.39
269.00000 -68.39
269.05000 -68.39
269.10000 -68.39
269.15000 -68.39
269.20000 -68.39
269.25000 -68.39
269.30000 -68.39
269.35000 -68.39
269.40000 -68.39
269.45000 -68.39
269.50000 -68.39
269.55000 -68.39
269.60000 -68.39
269.65000 -68.39
269.70000 -68.39
269.75000 -68.39
269.80000 -68.39
269.85000 -68.39
269.90000 -68.39
269.95000 -68.39
270.00000 -68.39
270.05000 -68.39
270.10000 -68.39
270.15000 -68.39
270.20000 -68.39
270.25000 -68.39
270.30000 -68.39
270.35000 -68.39
270.40000 -68.39
270.45000 -68.39
270.50000 -68.39
270.55000 -68.39
270.60000 -68.39
270.65000 -68.39
270.70000 -68.39
270.75000 -68.39
270.80000 -68.39
270.85000 -68.39
270.90000 -68.39
270.95000 -68.39
271.00000 -68.39
271.05000 -68.39
271.10000 -68.39
271.15000 -68.39
271.20000 -68.39
271.25000 -68.39
271.30000 -68.39
271.35000 -68.39
271.40000 -68.39
271.45000 -68.39
271.50000 -68.39
271.55000 -68.39
271.60000 -68.39
271.65000 -68.39
271.70000 -68.39
271.75000 -68.39
271.80000 -68.39
271.85000 -68.39
271.90000 -68.39
271.95000 -68.39
272.00000 -68.38
272.05000 -68.39
272.10000 -68.39
272.15000 -68.39
272.20000 -68.39
272.25000 -68.39
272.30000 -68.39
272.35000 -68.39
272.40000 -68.39
272.45000 -68.39
272.50000 -68.39
272.55000 -68.39
272.60000 -68.39
272.65000 -68.39
272.70000 -68.39
272.75000 -68.39
272.80000 -68.39
272.85000 -68.39
272.90000 -68.39
272.95000 -68.39
273.00000 -68.39
273.05000 -68.39
273.10000 -68.38
273.15000 -68.38
273.20000 -68.39
273.25000 -68.39
273.30000 -68.39
273.35000 -68.39
273.40000 -68.39
273.45000 -68.39
273.50000 -68.39
273.55000 -68.39
273.60000 -68.39
273.65000 -68.39
273.70000 -68.39
273.75000 -68.39
273.80000 -68.39
273.85000 -68.39
273.90000 -68.39
273.95000 -68.39
274.00000 -68.39
274.05000 -68.39
274.10000 -68.39
274.15000 -68.39
274.20000 -68.39
274.25000 -68.39
274.30000 -68.39
274.35000 -68.39
274.40000 -68.39
274.45000 -68.39
274.50000 -68.39
274.55000 -68.39
274.60000 -68.39
274.65000 -68.39
274.70000 -68.39
274.75000 -68.39
274.80000 -68.39
274.85000 -68.39
274.90000 -68.38
274.95000 -68.38
275.00000 -68.38
275.05000 -68.38
275.10000 -68.38
275.15000 -68.39
275.20000 -68.39
275.25000 -68.39
275.30000 -68.39
275.35000 -68.39
275.40000 -68.39
275.45000 -68.39
275.50000 -68.39
275.55000 -68.39
275.60000 -68.39
275.65000 -68.39
275.70000 -68.39
275.75000 -68.39
275.80000 -68.39
275.85000 -68.39
275.90000 -68.39
275.95000 -68.39
276.00000 -68.39
276.05000 -68.39
276.10000 -68.39
276.15000 -68.39
276.20000 -68.39
276.25000 -68.39
276.30000 -68.39
276.35000 -68.39
276.40000 -68.39
276.45000 -68.39
276.50000 -68.39
276.55000 -68.39
276.60000 -68.39
276.65000 -68.38
276.70000 -68.39
276.75000 -68.39
276.80000 -68.39
276.85000 -68.38
276.90000 -68.38
276.95000 -68.38
277.00000 -68.38
277.05000 -68.38
277.10000 -68.39
277.15000 -68.39
277.20000 -68.39
277.25000 -68.39
277.30000 -68.39
277.35000 -68.39
277.40000 -68.39
277.45000 -68.39
277.50000 -68.39
277.55000 -68.39
277.60000 -68.39
277.65000 -68.39
277.70000 -68.39
277.75000 -68.39
277.80000 -68.39
277.85000 -68.39
277.90000 -68.39
277.95000 -68.39
278.00000 -68.39
278.05000 -68.39
278.10000 -68.39
278.15000 -68.39
278.20000 -68.39
278.25000 -68.40
278.30000 -68.40
278.35000 -68.39
278.40000 -68.40
278.45000 -68.40
278.50000 -68.40
278.55000 -68.40
278.60000 -68.40
278.65000 -68.40
278.70000 -68.39
278.75000 -68.39
278.80000 -68.39
278.85000 -68.39
278.90000 -68.39
278.95000 -68.39
279.00000 -68.39
279.05000 -68.39
279.10000 -68.39
279.15000 -68.39
279.20000 -68.39
279.25000 -68.39
279.30000 -68.39
279.35000 -68.39
279.40000 -68.39
279.45000 -68.39
279.50000 -68.39
279.55000 -68.39
279.60000 -68.39
279.65000 -68.39
279.70000 -68.39
279.75000 -68.39
279.80000 -68.39
279.85000 -68.39
279.90000 -68.39
279.95000 -68.39
280.00000 -68.40
280.05000 -68.39
280.10000 -68.40
280.15000 -68.40
280.20000 -68.40
280.25000 -68.40
280.30000 -68.40
280.35000 -68.40
280.40000 -68.40
280.45000 -68.40
280.50000 -68.40
280.55000 -68.40
280.60000 -68.40
280.65000 -68.40
280.70000 -68.40
280.75000 -68.40
280.80000 -68.39
280.85000 -68.39
280.90000 -68.39
280.95000 -68.39
281.00000 -68.39
281.05000 -68.39
281.10000 -68.39
281.15000 -68.39
281.20000 -68.39
281.25000 -68.39
281.30000 -68.39
281.35000 -68.39
281.40000 -68.39
281.45000 -68.39
281.50000 -68.39
281.55000 -68.39
281.60000 -68.39
281.65000 -68.39
281.70000 -68.39
281.75000 -68.39
281.80000 -68.39
281.85000 -68.39
281.90000 -68.39
281.95000 -68.39
282.00000 -68.39
282.05000 -68.39
282.10000 -68.39
282.15000 -68.39
282.20000 -68.39
282.25000 -68.40
282.30000 -68.40
282.35000 -68.40
282.40000 -68.40
282.45000 -68.40
282.50000 -68.40
282.55000 -68.40
282.60000 -68.40
282.65000 -68.40
282.70000 -68.40
282.75000 -68.40
282.80000 -68.40
282.85000 -68.40
282.90000 -68.40
282.95000 -68.40
283.00000 -68.40
283.05000 -68.40
283.10000 -68.40
283.15000 -68.40
283.20000 -68.40
283.25000 -68.40
283.30000 -68.40
283.35000 -68.40
283.40000 -68.40
283.45000 -68.40
283.50000 -68.40
283.55000 -68.40
283.60000 -68.40
283.65000 -68.40
283.70000 -68.40
283.75000 -68.40
283.80000 -68.40
283.85000 -68.40
283.90000 -68.40
283.95000 -68.40
284.00000 -68.40
284.05000 -68.40
284.10000 -68.40
284.15000 -68.40
284.20000 -68.40
284.25000 -68.40
284.30000 -68.40
284.35000 -68.40
284.40000 -68.40
284.45000 -68.39
284.50000 -68.39
284.55000 -68.39
284.60000 -68.39
284.65000 -68.40
284.70000 -68.39
284.75000 -68.40
284.80000 -68.40
284.85000 -68.40
284.90000 -68.40
284.95000 -68.40
285.00000 -68.40
285.05000 -68.40
285.10000 -68.40
285.15000 -68.40
285.20000 -68.40
285.25000 -68.40
285.30000 -68.40
285.35000 -68.40
285.40000 -68.40
285.45000 -68.40
285.50000 -68.40
285.55000 -68.40
285.60000 -68.40
285.65000 -68.40
285.70000 -68.40
285.75000 -68.39
285.80000 -68.40
285.85000 -68.40
285.90000 -68.39
285.95000 -68.40
286.00000 -68.39
286.05000 -68.39
286.10000 -68.39
286.15000 -68.40
286.20000 -68.40
286.25000 -68.40
286.30000 -68.40
286.35000 -68.40
286.40000 -68.40
286.45000 -68.40
286.50000 -68.40
286.55000 -68.40
286.60000 -68.40
286.65000 -68.40
286.70000 -68.40
286.75000 -68.40
286.80000 -68.40
286.85000 -68.40
286.90000 -68.40
286.95000 -68.40
287.00000 -68.40
287.05000 -68.40
287.10000 -68.40
287.15000 -68.40
287.20000 -68.40
287.25000 -68.40
287.30000 -68.40
287.35000 -68.40
287.40000 -68.40
287.45000 -68.40
287.50000 -68.40
287.55000 -68.39
287.60000 -68.39
287.65000 -68.39
287.70000 -68.39
287.75000 -68.39
287.80000 -68.39
287.85000 -68.39
287.90000 -68.39
287.95000 -68.39
288.00000 -68.39
288.05000 -68.39
288.10000 -68.39
288.15000 -68.39
288.20000 -68.39
288.25000 -68.39
288.30000 -68.39
288.35000 -68.39
288.40000 -68.39
288.45000 -68.39
288.50000 -68.39
288.55000 -68.39
288.60000 -68.39
288.65000 -68.39
288.70000 -68.39
288.75000 -68.39
288.80000 -68.39
288.85000 -68.39
288.90000 -68.39
288.95000 -68.39
289.00000 -68.39
289.05000 -68.39
289.10000 -68.39
289.15000 -68.39
289.20000 -68.39
289.25000 -68.39
289.30000 -68.39
289.35000 -68.39
289.40000 -68.39
289.45000 -68.39
289.50000 -68.39
289.55000 -68.39
289.60000 -68.39
289.65000 -68.39
289.70000 -68.39
289.75000 -68.39
289.80000 -68.39
289.85000 -68.39
289.90000 -68.39
289.95000 -68.39
290.00000 -68.39
290.05000 -68.39
290.10000 -68.39
290.15000 -68.39
290.20000 -68.39
290.25000 -68.39
290.30000 -68.39
290.35000 -68.39
290.40000 -68.39
290.45000 -68.39
290.50000 -68.39
290.55000 -68.39
290.60000 -68.40
290.65000 -68.39
290.70000 -68.39
290.75000 -68.40
290.80000 -68.39
290.85000 -68.39
290.90000 -68.40
290.95000 -68.40
291.00000 -68.40
291.05000 -68.40
291.10000 -68.40
291.15000 -68.40
291.20000 -68.40
291.25000 -68.40
291.30000 -68.40
291.35000 -68.40
291.40000 -68.40
291.45000 -68.40
291.50000 -68.40
291.55000 -68.40
291.60000 -68.40
291.65000 -68.40
291.70000 -68.40
291.75000 -68.40
291.80000 -68.40
291.85000 -68.40
291.90000 -68.40
291.95000 -68.40
292.00000 -68.40
292.05000 -68.40
292.10000 -68.40
292.15000 -68.40
292.20000 -68.40
292.25000 -68.40
292.30000 -68.40
292.35000 -68.40
292.40000 -68.40
292.45000 -68.40
292.50000 -68.40
292.55000 -68.40
292.60000 -68.40
292.65000 -68.40
292.70000 -68.40
292.75000 -68.39
292.80000 -68.39
292.85000 -68.39
292.90000 -68.39
292.95000 -68.39
293.00000 -68.39
293.05000 -68.39
293.10000 -68.39
293.15000 -68.39
293.20000 -68.39
293.25000 -68.39
293.30000 -68.40
293.35000 -68.39
293.40000 -68.39
293.45000 -68.39
293.50000 -68.39
293.55000 -68.39
293.60000 -68.39
293.65000 -68.39
293.70000 -68.39
293.75000 -68.39
293.80000 -68.39
293.85000 -68.39
293.90000 -68.39
293.95000 -68.39
294.00000 -68.39
294.05000 -68.39
294.10000 -68.39
294.15000 -68.39
294.20000 -68.40
294.25000 -68.40
294.30000 -68.40
294.35000 -68.40
294.40000 -68.39
294.45000 -68.40
294.50000 -68.40
294.55000 -68.40
294.60000 -68.40
294.65000 -68.40
294.70000 -68.40
294.75000 -68.40
294.80000 -68.40
294.85000 -68.40
294.90000 -68.40
294.95000 -68.40
295.00000 -68.40
295.05000 -68.40
295.10000 -68.40
295.15000 -68.40
295.20000 -68.40
295.25000 -68.40
295.30000 -68.40
295.35000 -68.40
295.40000 -68.40
295.45000 -68.40
295.50000 -68.40
295.55000 -68.40
295.60000 -68.40
295.65000 -68.40
295.70000 -68.40
295.75000 -68.40
295.80000 -68.40
295.85000 -68.40
295.90000 -68.40
295.95000 -68.40
296.00000 -68.40
296.05000 -68.40
296.10000 -68.40
296.15000 -68.40
296.20000 -68.40
296.25000 -68.40
296.30000 -68.40
296.35000 -68.40
296.40000 -68.40
296.45000 -68.40
296.50000 -68.40
296.55000 -68.40
296.60000 -68.40
296.65000 -68.40
296.70000 -68.40
296.75000 -68.40
296.80000 -68.40
296.85000 -68.40
296.90000 -68.40
296.95000 -68.40
297.00000 -68.40
297.05000 -68.40
297.10000 -68.40
297.15000 -68.40
297.20000 -68.40
297.25000 -68.40
297.30000 -68.40
297.35000 -68.40
297.40000 -68.40
297.45000 -68.40
297.50000 -68.40
297.55000 -68.40
297.60000 -68.40
297.65000 -68.40
297.70000 -68.40
297.75000 -68.40
297.80000 -68.40
297.85000 -68.40
297.90000 -68.40
297.95000 -68.40
298.00000 -68.40
298.05000 -68.40
298.10000 -68.40
298.15000 -68.40
298.20000 -68.41
298.25000 -68.41
298.30000 -68.41
298.35000 -68.41
298.40000 -68.41
298.45000 -68.41
298.50000 -68.41
298.55000 -68.41
298.60000 -68.41
298.65000 -68.41
298.70000 -68.41
298.75000 -68.41
298.80000 -68.41
298.85000 -68.41
298.90000 -68.41
298.95000 -68.41
299.00000 -68.41
299.05000 -68.41
299.10000 -68.41
299.15000 -68.41
299.20000 -68.41
299.25000 -68.41
299.30000 -68.41
299.35000 -68.41
299.40000 -68.41
299.45000 -68.41
299.50000 -68.41
299.55000 -68.41
299.60000 -68.41
299.65000 -68.41
299.70000 -68.41
299.75000 -68.41
299.80000 -68.41
299.85000 -68.41
299.90000 -68.41
299.95000 -68.41
300.00000 -68.41
300.05000 -68.73
300.10000 -68.33
300.15000 -68.11
300.20000 -68.01
300.25000 -67.85
300.30000 -67.68
300.35000 -67.52
300.40000 -67.36
300.45000 -67.22
300.50000 -67.09
300.55000 -66.96
300.60000 -66.84
300.65000 -66.73
300.70000 -66.62
300.75000 -66.52
300.80000 -66.43
300.85000 -66.35
300.90000 -66.26
300.95000 -66.19
301.00000 -66.12
301.05000 -66.05
301.10000 -65.99
301.15000 -65.93
301.20000 -65.87
301.25000 -65.82
301.30000 -65.77
301.35000 -65.72
301.40000 -65.68
301.45000 -65.63
301.50000 -65.59
301.55000 -65.56
301.60000 -65.52
301.65000 -65.49
301.70000 -65.46
301.75000 -65.42
301.80000 -65.39
301.85000 -65.37
301.90000 -65.34
301.95000 -65.32
302.00000 -65.29
302.05000 -65.27
302.10000 -65.25
302.15000 -65.23
302.20000 -65.21
302.25000 -65.19
302.30000 -65.17
302.35000 -65.16
302.40000 -65.14
302.45000 -65.13
302.50000 -65.11
302.55000 -65.10
302.60000 -65.09
302.65000 -65.07
302.70000 -65.06
302.75000 -65.05
302.80000 -65.04
302.85000 -65.02
302.90000 -65.02
302.95000 -65.00
303.00000 -64.99
303.05000 -64.99
303.10000 -64.98
303.15000 -64.97
303.20000 -64.96
303.25000 -64.95
303.30000 -64.95
303.35000 -64.94
303.40000 -64.93
303.45000 -64.93
303.50000 -64.92
303.55000 -64.91
303.60000 -64.91
303.65000 -64.90
303.70000 -64.90
303.75000 -64.89
303.80000 -64.89
303.85000 -64.88
303.90000 -64.88
303.95000 -64.88
304.00000 -64.87
304.05000 -64.87
304.10000 -64.86
304.15000 -64.86
304.20000 -64.86
304.25000 -64.86
304.30000 -64.85
304.35000 -64.85
304.40000 -64.85
304.45000 -64.85
304.50000 -64.84
304.55000 -64.84
304.60000 -64.84
304.65000 -64.84
304.70000 -64.84
304.75000 -64.84
304.80000 -64.83
304.85000 -64.83
304.90000 -64.83
304.95000 -64.83
305.00000 -64.83
305.05000 -64.83
305.10000 -64.82
305.15000 -64.82
305.20000 -64.82
305.25000 -64.82
305.30000 -64.82
305.35000 -64.81
305.40000 -64.81
305.45000 -64.81
305.50000 -64.81
305.55000 -64.81
305.60000 -64.81
305.65000 -64.81
305.70000 -64.80
305.75000 -64.80
305.80000 -64.80
305.85000 -64.80
305.90000 -64.80
305.95000 -64.80
306.00000 -64.80
306.05000 -64.79
306.10000 -64.79
306.15000 -64.79
306.20000 -64.79
306.25000 -64.79
306.30000 -64.79
306.35000 -64.79
306.40000 -64.79
306.45000 -64.79
306.50000 -64.79
306.55000 -64.79
306.60000 -64.79
306.65000 -64.79
306.70000 -64.78
306.75000 -64.78
306.80000 -64.78
306.85000 -64.78
306.90000 -64.78
306.95000 -64.78
307.00000 -64.78
307.05000 -64.78
307.10000 -64.78
307.15000 -64.78
307.20000 -64.78
307.25000 -64.78
307.30000 -64.78
307.35000 -64.78
307.40000 -64.77
307.45000 -64.78
307.50000 -64.78
307.55000 -64.78
307.60000 -64.78
307.65000 -64.78
307.70000 -64.78
307.75000 -64.78
307.80000 -64.78
307.85000 -64.77
307.90000 -64.77
307.95000 -64.78
308.00000 -64.78
308.05000 -64.78
308.10000 -64.78
308.15000 -64.78
308.20000 -64.78
308.25000 -64.78
308.30000 -64.78
308.35000 -64.78
308.40000 -64.78
308.45000 -64.78
308.50000 -64.78
308.55000 -64.78
308.60000 -64.78
308.65000 -64.78
308.70000 -64.78
308.75000 -64.78
308.80000 -64.78
308.85000 -64.78
308.90000 -64.78
308.95000 -64.78
309.00000 -64.78
309.05000 -64.78
309.10000 -64.78
309.15000 -64.77
309.20000 -64.78
309.25000 -64.78
309.30000 -64.77
309.35000 -64.78
309.40000 -64.77
309.45000 -64.77
309.50000 -64.77
309.55000 -64.77
309.60000 -64.77
309.65000 -64.77
309.70000 -64.77
309.75000 -64.77
309.80000 -64.77
309.85000 -64.77
309.90000 -64.77
309.95000 -64.77
310.00000 -64.77
310.05000 -64.77
310.10000 -64.77
310.15000 -64.77
310.20000 -64.77
310.25000 -64.77
310.30000 -64.77
310.35000 -64.77
310.40000 -64.77
310.45000 -64.77
310.50000 -64.77
310.55000 -64.77
310.60000 -64.77
310.65000 -64.77
310.70000 -64.77
310.75000 -64.77
310.80000 -64.77
310.85000 -64.77
310.90000 -64.77
310.95000 -64.77
311.00000 -64.77
311.05000 -64.76
311.10000 -64.76
311.15000 -64.76
311.20000 -64.76
311.25000 -64.76
311.30000 -64.77
311.35000 -64.76
311.40000 -64.77
311.45000 -64.76
311.50000 -64.76
311.55000 -64.76
311.60000 -64.77
311.65000 -64.77
311.70000 -64.76
311.75000 -64.77
311.80000 -64.77
311.85000 -64.77
311.90000 -64.77
311.95000 -64.77
312.00000 -64.77
312.05000 -64.77
312.10000 -64.77
312.15000 -64.77
312.20000 -64.77
312.25000 -64.77
312.30000 -64.77
312.35000 -64.77
312.40000 -64.77
312.45000 -64.77
312.50000 -64.77
312.55000 -64.77
312.60000 -64.77
312.65000 -64.77
312.70000 -64.77
312.75000 -64.77
312.80000 -64.77
312.85000 -64.77
312.90000 -64.77
312.95000 -64.77
313.00000 -64.77
313.05000 -64.76
313.10000 -64.76
313.15000 -64.76
313.20000 -64.76
313.25000 -64.76
313.30000 -64.76
313.35000 -64.76
313.40000 -64.76
313.45000 -64.76
313.50000 -64.76
313.55000 -64.76
313.60000 -64.76
313.65000 -64.76
313.70000 -64.76
313.75000 -64.76
313.80000 -64.76
313.85000 -64.76
313.90000 -64.76
313.95000 -64.76
314.00000 -64.76
314.05000 -64.76
314.10000 -64.76
314.15000 -64.76
314.20000 -64.76
314.25000 -64.76
314.30000 -64.76
314.35000 -64.76
314.40000 -64.76
314.45000 -64.76
314.50000 -64.76
314.55000 -64.76
314.60000 -64.76
314.65000 -64.76
314.70000 -64.76
314.75000 -64.76
314.80000 -64.76
314.85000 -64.76
314.90000 -64.76
314.95000 -64.76
315.00000 -64.76
315.05000 -64.76
315.10000 -64.76
315.15000 -64.76
315.20000 -64.76
315.25000 -64.76
315.30000 -64.76
315.35000 -64.76
315.40000 -64.76
315.45000 -64.76
315.50000 -64.76
315.55000 -64.76
315.60000 -64.76
315.65000 -64.76
315.70000 -64.75
315.75000 -64.75
315.80000 -64.76
315.85000 -64.75
315.90000 -64.75
315.95000 -64.75
316.00000 -64.75
316.05000 -64.75
316.10000 -64.75
316.15000 -64.75
316.20000 -64.75
316.25000 -64.75
316.30000 -64.76
316.35000 -64.76
316.40000 -64.75
316.45000 -64.76
316.50000 -64.76
316.55000 -64.76
316.60000 -64.76
316.65000 -64.76
316.70000 -64.76
316.75000 -64.76
316.80000 -64.76
316.85000 -64.76
316.90000 -64.76
316.95000 -64.76
317.00000 -64.76
317.05000 -64.76
317.10000 -64.76
317.15000 -64.76
317.20000 -64.76
317.25000 -64.76
317.30000 -64.76
317.35000 -64.76
317.40000 -64.76
317.45000 -64.76
317.50000 -64.76
317.55000 -64.76
317.60000 -64.76
317.65000 -64.76
317.70000 -64.76
317.75000 -64.76
317.80000 -64.76
317.85000 -64.76
317.90000 -64.76
317.95000 -64.76
318.00000 -64.76
318.05000 -64.76
318.10000 -64.76
318.15000 -64.76
318.20000 -64.76
318.25000 -64.76
318.30000 -64.76
318.35000 -64.76
318.40000 -64.76
318.45000 -64.76
318.50000 -64.76
318.55000 -64.76
318.60000 -64.76
318.65000 -64.76
318.70000 -64.76
318.75000 -64.76
318.80000 -64.75
318.85000 -64.75
318.90000 -64.76
318.95000 -64.75
319.00000 -64.75
319.05000 -64.76
319.10000 -64.75
319.15000 -64.76
319.20000 -64.76
319.25000 -64.76
319.30000 -64.76
319.35000 -64.76
319.40000 -64.76
319.45000 -64.76
319.50000 -64.76
319.55000 -64.76
319.60000 -64.76
319.65000 -64.76
319.70000 -64.76
319.75000 -64.76
319.80000 -64.76
319.85000 -64.76
319.90000 -64.76
319.95000 -64.76
320.00000 -64.76
320.05000 -64.76
320.10000 -64.76
320.15000 -64.76
320.20000 -64.76
320.25000 -64.76
320.30000 -64.76
320.35000 -64.76
320.40000 -64.76
320.45000 -64.76
320.50000 -64.76
320.55000 -64.76
320.60000 -64.76
320.65000 -64.76
320.70000 -64.76
320.75000 -64.75
320.80000 -64.76
320.85000 -64.75
320.90000 -64.75
320.95000 -64.75
321.00000 -64.75
321.05000 -64.75
321.10000 -64.75
321.15000 -64.75
321.20000 -64.75
321.25000 -64.75
321.30000 -64.75
321.35000 -64.75
321.40000 -64.75
321.45000 -64.75
321.50000 -64.75
321.55000 -64.75
321.60000 -64.75
321.65000 -64.75
321.70000 -64.75
321.75000 -64.75
321.80000 -64.75
321.85000 -64.75
321.90000 -64.75
321.95000 -64.75
322.00000 -64.75
322.05000 -64.75
322.10000 -64.75
322.15000 -64.75
322.20000 -64.75
322.25000 -64.75
322.30000 -64.75
322.35000 -64.75
322.40000 -64.76
322.45000 -64.76
322.50000 -64.76
322.55000 -64.75
322.60000 -64.75
322.65000 -64.76
322.70000 -64.76
322.75000 -64.76
322.80000 -64.76
322.85000 -64.76
322.90000 -64.76
322.95000 -64.76
323.00000 -64.76
323.05000 -64.75
323.10000 -64.76
323.15000 -64.76
323.20000 -64.76
323.25000 -64.76
323.30000 -64.76
323.35000 -64.76
323.40000 -64.76
323.45000 -64.76
323.50000 -64.76
323.55000 -64.76
323.60000 -64.76
323.65000 -64.76
323.70000 -64.75
323.75000 -64.75
323.80000 -64.75
323.85000 -64.75
323.90000 -64.75
323.95000 -64.75
324.00000 -64.75
324.05000 -64.75
324.10000 -64.75
324.15000 -64.75
324.20000 -64.75
324.25000 -64.75
324.30000 -64.75
324.35000 -64.75
324.40000 -64.75
324.45000 -64.76
324.50000 -64.75
324.55000 -64.75
324.60000 -64.76
324.65000 -64.76
324.70000 -64.75
324.75000 -64.75
324.80000 -64.75
324.85000 -64.75
324.90000 -64.75
324.95000 -64.75
325.00000 -64.75
325.05000 -64.75
325.10000 -64.75
325.15000 -64.75
325.20000 -64.75
325.25000 -64.75
325.30000 -64.75
325.35000 -64.75
325.40000 -64.75
325.45000 -64.75
325.50000 -64.75
325.55000 -64.75
325.60000 -64.75
325.65000 -64.75
325.70000 -64.75
325.75000 -64.75
325.80000 -64.75
325.85000 -64.75
325.90000 -64.75
325.95000 -64.75
326.00000 -64.75
326.05000 -64.75
326.10000 -64.75
326.15000 -64.75
326.20000 -64.75
326.25000 -64.75
326.30000 -64.75
326.35000 -64.75
326.40000 -64.75
326.45000 -64.75
326.50000 -64.75
326.55000 -64.75
326.60000 -64.75
326.65000 -64.75
326.70000 -64.75
326.75000 -64.75
326.80000 -64.75
326.85000 -64.75
326.90000 -64.74
326.95000 -64.74
327.00000 -64.74
327.05000 -64.74
327.10000 -64.75
327.15000 -64.75
327.20000 -64.75
327.25000 -64.75
327.30000 -64.75
327.35000 -64.75
327.40000 -64.75
327.45000 -64.75
327.50000 -64.75
327.55000 -64.75
327.60000 -64.75
327.65000 -64.75
327.70000 -64.75
327.75000 -64.75
327.80000 -64.75
327.85000 -64.75
327.90000 -64.75
327.95000 -64.75
328.00000 -64.75
328.05000 -64.75
328.10000 -64.75
328.15000 -64.75
328.20000 -64.75
328.25000 -64.75
328.30000 -64.75
328.35000 -64.75
328.40000 -64.75
328.45000 -64.75
328.50000 -64.75
328.55000 -64.75
328.60000 -64.75
328.65000 -64.75
328.70000 -64.75
328.75000 -64.75
328.80000 -64.75
328.85000 -64.75
328.90000 -64.75
328.95000 -64.75
329.00000 -64.75
329.05000 -64.75
329.10000 -64.75
329.15000 -64.75
329.20000 -64.75
329.25000 -64.75
329.30000 -64.75
329.35000 -64.75
329.40000 -64.75
329.45000 -64.75
329.50000 -64.75
329.55000 -64.75
329.60000 -64.75
329.65000 -64.75
329.70000 -64.75
329.75000 -64.75
329.80000 -64.75
329.85000 -64.75
329.90000 -64.75
329.95000 -64.75
330.00000 -64.75
330.05000 -64.75
330.10000 -64.75
330.15000 -64.75
330.20000 -64.75
330.25000 -64.75
330.30000 -64.75
330.35000 -64.75
330.40000 -64.75
330.45000 -64.75
330.50000 -64.75
330.55000 -64.75
330.60000 -64.75
330.65000 -64.75
330.70000 -64.75
330.75000 -64.75
330.80000 -64.75
330.85000 -64.75
330.90000 -64.75
330.95000 -64.75
331.00000 -64.75
331.05000 -64.75
331.10000 -64.75
331.15000 -64.75
331.20000 -64.75
331.25000 -64.75
331.30000 -64.75
331.35000 -64.75
331.40000 -64.75
331.45000 -64.75
331.50000 -64.75
331.55000 -64.75
331.60000 -64.75
331.65000 -64.75
331.70000 -64.75
331.75000 -64.75
331.80000 -64.75
331.85000 -64.75
331.90000 -64.75
331.95000 -64.75
332.00000 -64.75
332.05000 -64.75
332.10000 -64.75
332.15000 -64.75
332.20000 -64.75
332.25000 -64.75
332.30000 -64.75
332.35000 -64.75
332.40000 -64.75
332.45000 -64.75
332.50000 -64.75
332.55000 -64.75
332.60000 -64.75
332.65000 -64.75
332.70000 -64.75
332.75000 -64.75
332.80000 -64.75
332.85000 -64.75
332.90000 -64.75
332.95000 -64.75
333.00000 -64.75
333.05000 -64.75
333.10000 -64.75
333.15000 -64.75
333.20000 -64.75
333.25000 -64.75
333.30000 -64.75
333.35000 -64.75
333.40000 -64.75
333.45000 -64.75
333.50000 -64.75
333.55000 -64.75
333.60000 -64.75
333.65000 -64.75
333.70000 -64.75
333.75000 -64.75
333.80000 -64.75
333.85000 -64.75
333.90000 -64.75
333.95000 -64.75
334.00000 -64.75
334.05000 -64.75
334.10000 -64.75
334.15000 -64.75
334.20000 -64.75
334.25000 -64.76
334.30000 -64.76
334.35000 -64.75
334.40000 -64.76
334.45000 -64.76
334.50000 -64.76
334.55000 -64.76
334.60000 -64.75
334.65000 -64.76
334.70000 -64.76
334.75000 -64.76
334.80000 -64.76
334.85000 -64.75
334.90000 -64.75
334.95000 -64.75
335.00000 -64.75
335.05000 -64.76
335.10000 -64.76
335.15000 -64.76
335.20000 -64.76
335.25000 -64.76
335.30000 -64.76
335.35000 -64.76
335.40000 -64.76
335.45000 -64.76
335.50000 -64.76
335.55000 -64.76
335.60000 -64.76
335.65000 -64.76
335.70000 -64.76
335.75000 -64.76
335.80000 -64.76
335.85000 -64.76
335.90000 -64.76
335.95000 -64.76
336.00000 -64.76
336.05000 -64.76
336.10000 -64.76
336.15000 -64.76
336.20000 -64.76
336.25000 -64.76
336.30000 -64.76
336.35000 -64.76
336.40000 -64.76
336.45000 -64.76
336.50000 -64.76
336.55000 -64.76
336.60000 -64.76
336.65000 -64.76
336.70000 -64.76
336.75000 -64.76
336.80000 -64.76
336.85000 -64.76
336.90000 -64.76
336.95000 -64.76
337.00000 -64.76
337.05000 -64.76
337.10000 -64.76
337.15000 -64.76
337.20000 -64.76
337.25000 -64.76
337.30000 -64.76
337.35000 -64.76
337.40000 -64.75
337.45000 -64.76
337.50000 -64.75
337.55000 -64.75
337.60000 -64.75
337.65000 -64.75
337.70000 -64.75
337.75000 -64.75
337.80000 -64.75
337.85000 -64.75
337.90000 -64.75
337.95000 -64.75
338.00000 -64.75
338.05000 -64.75
338.10000 -64.75
338.15000 -64.75
338.20000 -64.75
338.25000 -64.75
338.30000 -64.75
338.35000 -64.75
338.40000 -64.75
338.45000 -64.75
338.50000 -64.75
338.55000 -64.75
338.60000 -64.75
338.65000 -64.75
338.70000 -64.75
338.75000 -64.75
338.80000 -64.75
338.85000 -64.75
338.90000 -64.75
338.95000 -64.75
339.00000 -64.75
339.05000 -64.75
339.10000 -64.75
339.15000 -64.75
339.20000 -64.76
339.25000 -64.76
339.30000 -64.76
339.35000 -64.76
339.40000 -64.76
339.45000 -64.76
339.50000 -64.76
339.55000 -64.76
339.60000 -64.76
339.65000 -64.76
339.70000 -64.76
339.75000 -64.76
339.80000 -64.76
339.85000 -64.76
339.90000 -64.76
339.95000 -64.76
340.00000 -64.76
340.05000 -64.76
340.10000 -64.76
340.15000 -64.76
340.20000 -64.76
340.25000 -64.76
340.30000 -64.76
340.35000 -64.76
340.40000 -64.76
340.45000 -64.76
340.50000 -64.76
340.55000 -64.76
340.60000 -64.76
340.65000 -64.76
340.70000 -64.76
340.75000 -64.76
340.80000 -64.76
340.85000 -64.76
340.90000 -64.76
340.95000 -64.75
341.00000 -64.75
341.05000 -64.75
341.10000 -64.75
341.15000 -64.75
341.20000 -64.76
341.25000 -64.75
341.30000 -64.75
341.35000 -64.75
341.40000 -64.76
341.45000 -64.76
341.50000 -64.76
341.55000 -64.76
341.60000 -64.75
341.65000 -64.75
341.70000 -64.75
341.75000 -64.75
341.80000 -64.75
341.85000 -64.76
341.90000 -64.75
341.95000 -64.75
342.00000 -64.75
342.05000 -64.75
342.10000 -64.76
342.15000 -64.76
342.20000 -64.75
342.25000 -64.76
342.30000 -64.76
342.35000 -64.76
342.40000 -64.76
342.45000 -64.75
342.50000 -64.75
342.55000 -64.75
342.60000 -64.75
342.65000 -64.75
342.70000 -64.75
342.75000 -64.76
342.80000 -64.75
342.85000 -64.76
342.90000 -64.76
342.95000 -64.76
343.00000 -64.76
343.05000 -64.76
343.10000 -64.76
343.15000 -64.76
343.20000 -64.76
343.25000 -64.76
343.30000 -64.76
343.35000 -64.76
343.40000 -64.76
343.45000 -64.76
343.50000 -64.76
343.55000 -64.76
343.60000 -64.76
343.65000 -64.76
343.70000 -64.76
343.75000 -64.76
343.80000 -64.76
343.85000 -64.76
343.90000 -64.76
343.95000 -64.76
344.00000 -64.76
344.05000 -64.76
344.10000 -64.76
344.15000 -64.76
344.20000 -64.76
344.25000 -64.76
344.30000 -64.76
344.35000 -64.76
344.40000 -64.76
344.45000 -64.76
344.50000 -64.76
344.55000 -64.76
344.60000 -64.76
344.65000 -64.75
344.70000 -64.75
344.75000 -64.75
344.80000 -64.75
344.85000 -64.75
344.90000 -64.75
344.95000 -64.75
345.00000 -64.75
345.05000 -64.75
345.10000 -64.75
345.15000 -64.75
345.20000 -64.75
345.25000 -64.75
345.30000 -64.75
345.35000 -64.75
345.40000 -64.75
345.45000 -64.75
345.50000 -64.75
345.55000 -64.75
345.60000 -64.75
345.65000 -64.75
345.70000 -64.75
345.75000 -64.75
345.80000 -64.75
345.85000 -64.75
345.90000 -64.75
345.95000 -64.75
346.00000 -64.75
346.05000 -64.75
346.10000 -64.75
346.15000 -64.75
346.20000 -64.75
346.25000 -64.75
346.30000 -64.75
346.35000 -64.75
346.40000 -64.75
346.45000 -64.75
346.50000 -64.75
346.55000 -64.75
346.60000 -64.75
346.65000 -64.75
346.70000 -64.75
346.75000 -64.75
346.80000 -64.75
346.85000 -64.75
346.90000 -64.75
346.95000 -64.75
347.00000 -64.75
347.05000 -64.75
347.10000 -64.75
347.15000 -64.75
347.20000 -64.75
347.25000 -64.75
347.30000 -64.75
347.35000 -64.75
347.40000 -64.75
347.45000 -64.75
347.50000 -64.75
347.55000 -64.76
347.60000 -64.76
347.65000 -64.76
347.70000 -64.76
347.75000 -64.76
347.80000 -64.76
347.85000 -64.76
347.90000 -64.76
347.95000 -64.76
348.00000 -64.76
348.05000 -64.75
348.10000 -64.76
348.15000 -64.76
348.20000 -64.76
348.25000 -64.76
348.30000 -64.76
348.35000 -64.76
348.40000 -64.76
348.45000 -64.76
348.50000 -64.75
348.55000 -64.76
348.60000 -64.76
348.65000 -64.76
348.70000 -64.76
348.75000 -64.76
348.80000 -64.76
348.85000 -64.75
348.90000 -64.75
348.95000 -64.75
349.00000 -64.75
349.05000 -64.75
349.10000 -64.75
349.15000 -64.75
349.20000 -64.75
349.25000 -64.75
349.30000 -64.75
349.35000 -64.75
349.40000 -64.75
349.45000 -64.75
349.50000 -64.75
349.55000 -64.75
349.60000 -64.75
349.65000 -64.75
349.70000 -64.75
349.75000 -64.75
349.80000 -64.75
349.85000 -64.75
349.90000 -64.75
349.95000 -64.75
350.00000 -64.75
350.05000 -64.75
350.10000 -64.75
350.15000 -64.75
350.20000 -64.75
350.25000 -64.75
350.30000 -64.75
350.35000 -64.75
350.40000 -64.75
350.45000 -64.75
350.50000 -64.75
350.55000 -64.75
350.60000 -64.75
350.65000 -64.75
350.70000 -64.75
350.75000 -64.75
350.80000 -64.75
350.85000 -64.75
350.90000 -64.75
350.95000 -64.75
351.00000 -64.75
351.05000 -64.75
351.10000 -64.75
351.15000 -64.76
351.20000 -64.76
351.25000 -64.76
351.30000 -64.76
351.35000 -64.76
351.40000 -64.76
351.45000 -64.76
351.50000 -64.76
351.55000 -64.76
351.60000 -64.76
351.65000 -64.76
351.70000 -64.76
351.75000 -64.76
351.80000 -64.76
351.85000 -64.76
351.90000 -64.76
351.95000 -64.76
352.00000 -64.76
352.05000 -64.76
352.10000 -64.76
352.15000 -64.76
352.20000 -64.76
352.25000 -64.76
352.30000 -64.76
352.35000 -64.76
352.40000 -64.76
352.45000 -64.76
352.50000 -64.76
352.55000 -64.76
352.60000 -64.75
352.65000 -64.75
352.70000 -64.75
352.75000 -64.75
352.80000 -64.76
352.85000 -64.75
352.90000 -64.75
352.95000 -64.75
353.00000 -64.75
353.05000 -64.75
353.10000 -64.75
353.15000 -64.75
353.20000 -64.75
353.25000 -64.75
353.30000 -64.75
353.35000 -64.75
353.40000 -64.75
353.45000 -64.75
353.50000 -64.75
353.55000 -64.75
353.60000 -64.75
353.65000 -64.75
353.70000 -64.75
353.75000 -64.75
353.80000 -64.75
353.85000 -64.75
353.90000 -64.75
353.95000 -64.75
354.00000 -64.75
354.05000 -64.75
354.10000 -64.75
354.15000 -64.75
354.20000 -64.75
354.25000 -64.75
354.30000 -64.75
354.35000 -64.75
354.40000 -64.75
354.45000 -64.75
354.50000 -64.75
354.55000 -64.75
354.60000 -64.75
354.65000 -64.75
354.70000 -64.75
354.75000 -64.75
354.80000 -64.75
354.85000 -64.75
354.90000 -64.75
354.95000 -64.75
355.00000 -64.75
355.05000 -64.75
355.10000 -64.75
355.15000 -64.75
355.20000 -64.75
355.25000 -64.75
355.30000 -64.75
355.35000 -64.75
355.40000 -64.75
355.45000 -64.75
355.50000 -64.75
355.55000 -64.75
355.60000 -64.75
355.65000 -64.74
355.70000 -64.74
355.75000 -64.75
355.80000 -64.74
355.85000 -64.74
355.90000 -64.75
355.95000 -64.75
356.00000 -64.75
356.05000 -64.75
356.10000 -64.75
356.15000 -64.75
356.20000 -64.75
356.25000 -64.75
356.30000 -64.75
356.35000 -64.75
356.40000 -64.75
356.45000 -64.75
356.50000 -64.75
356.55000 -64.75
356.60000 -64.75
356.65000 -64.75
356.70000 -64.75
356.75000 -64.75
356.80000 -64.75
356.85000 -64.75
356.90000 -64.75
356.95000 -64.75
357.00000 -64.75
357.05000 -64.75
357.10000 -64.75
357.15000 -64.75
357.20000 -64.75
357.25000 -64.75
357.30000 -64.75
357.35000 -64.75
357.40000 -64.75
357.45000 -64.75
357.50000 -64.75
357.55000 -64.75
357.60000 -64.75
357.65000 -64.75
357.70000 -64.75
357.75000 -64.76
357.80000 -64.76
357.85000 -64.76
357.90000 -64.76
357.95000 -64.76
358.00000 -64.76
358.05000 -64.76
358.10000 -64.76
358.15000 -64.76
358.20000 -64.76
358.25000 -64.76
358.30000 -64.76
358.35000 -64.76
358.40000 -64.76
358.45000 -64.76
358.50000 -64.76
358.55000 -64.76
358.60000 -64.76
358.65000 -64.76
358.70000 -64.76
358.75000 -64.76
358.80000 -64.76
358.85000 -64.76
358.90000 -64.76
358.95000 -64.76
359.00000 -64.76
359.05000 -64.76
359.10000 -64.76
359.15000 -64.76
359.20000 -64.76
359.25000 -64.76
359.30000 -64.76
359.35000 -64.76
359.40000 -64.76
359.45000 -64.76
359.50000 -64.76
359.55000 -64.76
359.60000 -64.76
359.65000 -64.75
359.70000 -64.75
359.75000 -64.75
359.80000 -64.75
359.85000 -64.75
359.90000 -64.75
359.95000 -64.75
360.00000 -64.75
360.05000 -64.75
360.10000 -64.75
360.15000 -64.75
360.20000 -64.75
360.25000 -64.75
360.30000 -64.75
360.35000 -64.75
360.40000 -64.74
360.45000 -64.74
360.50000 -64.74
360.55000 -64.74
360.60000 -64.74
360.65000 -64.74
360.70000 -64.74
360.75000 -64.74
360.80000 -64.74
360.85000 -64.74
360.90000 -64.74
360.95000 -64.74
361.00000 -64.74
361.05000 -64.74
361.10000 -64.74
361.15000 -64.74
361.20000 -64.74
361.25000 -64.74
361.30000 -64.74
361.35000 -64.74
361.40000 -64.74
361.45000 -64.74
361.50000 -64.74
361.55000 -64.74
361.60000 -64.74
361.65000 -64.74
361.70000 -64.74
361.75000 -64.74
361.80000 -64.75
361.85000 -64.75
361.90000 -64.75
361.95000 -64.75
362.00000 -64.75
362.05000 -64.75
362.10000 -64.75
362.15000 -64.75
362.20000 -64.75
362.25000 -64.75
362.30000 -64.75
362.35000 -64.75
362.40000 -64.75
362.45000 -64.75
362.50000 -64.75
362.55000 -64.75
362.60000 -64.75
362.65000 -64.75
362.70000 -64.75
362.75000 -64.75
362.80000 -64.75
362.85000 -64.75
362.90000 -64.75
362.95000 -64.75
363.00000 -64.75
363.05000 -64.75
363.10000 -64.75
363.15000 -64.75
363.20000 -64.75
363.25000 -64.75
363.30000 -64.75
363.35000 -64.75
363.40000 -64.75
363.45000 -64.75
363.50000 -64.75
363.55000 -64.75
363.60000 -64.75
363.65000 -64.75
363.70000 -64.75
363.75000 -64.75
363.80000 -64.75
363.85000 -64.75
363.90000 -64.75
363.95000 -64.75
364.00000 -64.75
364.05000 -64.75
364.10000 -64.75
364.15000 -64.75
364.20000 -64.75
364.25000 -64.75
364.30000 -64.76
364.35000 -64.75
364.40000 -64.75
364.45000 -64.75
364.50000 -64.76
364.55000 -64.76
364.60000 -64.75
364.65000 -64.75
364.70000 -64.75
364.75000 -64.76
364.80000 -64.76
364.85000 -64.75
364.90000 -64.76
364.95000 -64.76
365.00000 -64.76
365.05000 -64.76
365.10000 -64.75
365.15000 -64.75
365.20000 -64.75
365.25000 -64.75
365.30000 -64.75
365.35000 -64.75
365.40000 -64.75
365.45000 -64.75
365.50000 -64.75
365.55000 -64.75
365.60000 -64.75
365.65000 -64.75
365.70000 -64.75
365.75000 -64.75
365.80000 -64.75
365.85000 -64.75
365.90000 -64.75
365.95000 -64.75
366.00000 -64.75
366.05000 -64.75
366.10000 -64.75
366.15000 -64.75
366.20000 -64.75
366.25000 -64.75
366.30000 -64.75
366.35000 -64.75
366.40000 -64.75
366.45000 -64.75
366.50000 -64.75
366.55000 -64.75
366.60000 -64.75
366.65000 -64.75
366.70000 -64.75
366.75000 -64.75
366.80000 -64.75
366.85000 -64.75
366.90000 -64.75
366.95000 -64.75
367.00000 -64.75
367.05000 -64.75
367.10000 -64.75
367.15000 -64.75
367.20000 -64.75
367.25000 -64.75
367.30000 -64.75
367.35000 -64.75
367.40000 -64.75
367.45000 -64.75
367.50000 -64.75
367.55000 -64.75
367.60000 -64.75
367.65000 -64.75
367.70000 -64.75
367.75000 -64.75
367.80000 -64.75
367.85000 -64.75
367.90000 -64.75
367.95000 -64.75
368.00000 -64.75
368.05000 -64.75
368.10000 -64.75
368.15000 -64.75
368.20000 -64.75
368.25000 -64.75
368.30000 -64.75
368.35000 -64.75
368.40000 -64.75
368.45000 -64.75
368.50000 -64.75
368.55000 -64.74
368.60000 -64.75
368.65000 -64.75
368.70000 -64.75
368.75000 -64.75
368.80000 -64.75
368.85000 -64.75
368.90000 -64.75
368.95000 -64.75
369.00000 -64.75
369.05000 -64.75
369.10000 -64.75
369.15000 -64.75
369.20000 -64.75
369.25000 -64.75
369.30000 -64.75
369.35000 -64.75
369.40000 -64.75
369.45000 -64.75
369.50000 -64.75
369.55000 -64.75
369.60000 -64.75
369.65000 -64.75
369.70000 -64.75
369.75000 -64.75
369.80000 -64.75
369.85000 -64.75
369.90000 -64.75
369.95000 -64.75
370.00000 -64.75
370.05000 -64.75
370.10000 -64.75
370.15000 -64.75
370.20000 -64.75
370.25000 -64.75
370.30000 -64.75
370.35000 -64.75
370.40000 -64.75
370.45000 -64.75
370.50000 -64.75
370.55000 -64.75
370.60000 -64.75
370.65000 -64.75
370.70000 -64.75
370.75000 -64.75
370.80000 -64.75
370.85000 -64.75
370.90000 -64.75
370.95000 -64.75
371.00000 -64.75
371.05000 -64.75
371.10000 -64.75
371.15000 -64.75
371.20000 -64.75
371.25000 -64.75
371.30000 -64.75
371.35000 -64.75
371.40000 -64.75
371.45000 -64.75
371.50000 -64.75
371.55000 -64.75
371.60000 -64.75
371.65000 -64.75
371.70000 -64.75
371.75000 -64.75
371.80000 -64.75
371.85000 -64.75
371.90000 -64.76
371.95000 -64.75
372.00000 -64.75
372.05000 -64.75
372.10000 -64.75
372.15000 -64.76
372.20000 -64.75
372.25000 -64.75
372.30000 -64.75
372.35000 -64.75
372.40000 -64.75
372.45000 -64.75
372.50000 -64.75
372.55000 -64.75
372.60000 -64.75
372.65000 -64.75
372.70000 -64.75
372.75000 -64.75
372.80000 -64.75
372.85000 -64.75
372.90000 -64.76
372.95000 -64.76
373.00000 -64.75
373.05000 -64.76
373.10000 -64.76
373.15000 -64.76
373.20000 -64.76
373.25000 -64.76
373.30000 -64.76
373.35000 -64.76
373.40000 -64.76
373.45000 -64.76
373.50000 -64.76
373.55000 -64.76
373.60000 -64.76
373.65000 -64.76
373.70000 -64.76
373.75000 -64.76
373.80000 -64.76
373.85000 -64.76
373.90000 -64.76
373.95000 -64.76
374.00000 -64.76
374.05000 -64.76
374.10000 -64.76
374.15000 -64.76
374.20000 -64.76
374.25000 -64.76
374.30000 -64.76
374.35000 -64.76
374.40000 -64.76
374.45000 -64.76
374.50000 -64.76
374.55000 -64.76
374.60000 -64.76
374.65000 -64.76
374.70000 -64.76
374.75000 -64.76
374.80000 -64.76
374.85000 -64.76
374.90000 -64.76
374.95000 -64.76
375.00000 -64.76
375.05000 -64.76
375.10000 -64.76
375.15000 -64.76
375.20000 -64.76
375.25000 -64.76
375.30000 -64.76
375.35000 -64.76
375.40000 -64.76
375.45000 -64.76
375.50000 -64.76
375.55000 -64.76
375.60000 -64.76
375.65000 -64.76
375.70000 -64.76
375.75000 -64.76
375.80000 -64.76
375.85000 -64.76
375.90000 -64.76
375.95000 -64.76
376.00000 -64.75
376.05000 -64.75
376.10000 -64.75
376.15000 -64.75
376.20000 -64.75
376.25000 -64.75
376.30000 -64.75
376.35000 -64.75
376.40000 -64.75
376.45000 -64.75
376.50000 -64.75
376.55000 -64.75
376.60000 -64.75
376.65000 -64.75
376.70000 -64.75
376.75000 -64.74
376.80000 -64.74
376.85000 -64.74
376.90000 -64.74
376.95000 -64.74
377.00000 -64.74
377.05000 -64.74
377.10000 -64.74
377.15000 -64.74
377.20000 -64.74
377.25000 -64.74
377.30000 -64.74
377.35000 -64.74
377.40000 -64.74
377.45000 -64.74
377.50000 -64.74
377.55000 -64.74
377.60000 -64.74
377.65000 -64.74
377.70000 -64.75
377.75000 -64.74
377.80000 -64.74
377.85000 -64.74
377.90000 -64.75
377.95000 -64.75
378.00000 -64.75
378.05000 -64.75
378.10000 -64.75
378.15000 -64.75
378.20000 -64.75
378.25000 -64.75
378.30000 -64.75
378.35000 -64.75
378.40000 -64.75
378.45000 -64.75
378.50000 -64.75
378.55000 -64.75
378.60000 -64.75
378.65000 -64.75
378.70000 -64.75
378.75000 -64.75
378.80000 -64.75
378.85000 -64.75
378.90000 -64.75
378.95000 -64.75
379.00000 -64.75
379.05000 -64.75
379.10000 -64.75
379.15000 -64.75
379.20000 -64.75
379.25000 -64.75
379.30000 -64.75
379.35000 -64.75
379.40000 -64.75
379.45000 -64.75
379.50000 -64.76
379.55000 -64.76
379.60000 -64.76
379.65000 -64.76
379.70000 -64.76
379.75000 -64.76
379.80000 -64.76
379.85000 -64.76
379.90000 -64.76
379.95000 -64.76
380.00000 -64.76
380.05000 -64.76
380.10000 -64.76
380.15000 -64.76
380.20000 -64.76
380.25000 -64.76
380.30000 -64.76
380.35000 -64.76
380.40000 -64.76
380.45000 -64.76
380.50000 -64.76
380.55000 -64.76
380.60000 -64.76
380.65000 -64.76
380.70000 -64.76
380.75000 -64.76
380.80000 -64.76
380.85000 -64.76
380.90000 -64.76
380.95000 -64.76
381.00000 -64.76
381.05000 -64.76
381.10000 -64.76
381.15000 -64.76
381.20000 -64.75
381.25000 -64.75
381.30000 -64.75
381.35000 -64.75
381.40000 -64.75
381.45000 -64.75
381.50000 -64.75
381.55000 -64.75
381.60000 -64.75
381.65000 -64.75
381.70000 -64.75
381.75000 -64.75
381.80000 -64.75
381.85000 -64.75
381.90000 -64.75
381.95000 -64.75
382.00000 -64.75
382.05000 -64.75
382.10000 -64.75
382.15000 -64.75
382.20000 -64.75
382.25000 -64.75
382.30000 -64.75
382.35000 -64.75
382.40000 -64.75
382.45000 -64.75
382.50000 -64.75
382.55000 -64.75
382.60000 -64.75
382.65000 -64.74
382.70000 -64.75
382.75000 -64.74
382.80000 -64.75
382.85000 -64.75
382.90000 -64.75
382.95000 -64.75
383.00000 -64.75
383.05000 -64.75
383.10000 -64.75
383.15000 -64.75
383.20000 -64.74
383.25000 -64.75
383.30000 -64.74
383.35000 -64.74
383.40000 -64.74
383.45000 -64.74
383.50000 -64.74
383.55000 -64.74
383.60000 -64.74
383.65000 -64.74
383.70000 -64.74
383.75000 -64.74
383.80000 -64.74
383.85000 -64.74
383.90000 -64.74
383.95000 -64.74
384.00000 -64.74
384.05000 -64.74
384.10000 -64.74
384.15000 -64.74
384.20000 -64.74
384.25000 -64.74
384.30000 -64.74
384.35000 -64.74
384.40000 -64.74
384.45000 -64.74
384.50000 -64.74
384.55000 -64.74
384.60000 -64.74
384.65000 -64.74
384.70000 -64.74
384.75000 -64.74
384.80000 -64.74
384.85000 -64.74
384.90000 -64.74
384.95000 -64.74
385.00000 -64.74
385.05000 -64.74
385.10000 -64.74
385.15000 -64.74
385.20000 -64.74
385.25000 -64.74
385.30000 -64.74
385.35000 -64.74
385.40000 -64.75
385.45000 -64.74
385.50000 -64.74
385.55000 -64.74
385.60000 -64.74
385.65000 -64.74
385.70000 -64.74
385.75000 -64.74
385.80000 -64.74
385.85000 -64.74
385.90000 -64.74
385.95000 -64.74
386.00000 -64.74
386.05000 -64.74
386.10000 -64.74
386.15000 -64.74
386.20000 -64.74
386.25000 -64.74
386.30000 -64.74
386.35000 -64.74
386.40000 -64.74
386.45000 -64.74
386.50000 -64.74
386.55000 -64.74
386.60000 -64.74
386.65000 -64.74
386.70000 -64.74
386.75000 -64.73
386.80000 -64.74
386.85000 -64.73
386.90000 -64.74
386.95000 -64.73
387.00000 -64.73
387.05000 -64.73
387.10000 -64.73
387.15000 -64.74
387.20000 -64.74
387.25000 -64.74
387.30000 -64.74
387.35000 -64.74
387.40000 -64.74
387.45000 -64.74
387.50000 -64.74
387.55000 -64.74
387.60000 -64.74
387.65000 -64.74
387.70000 -64.74
387.75000 -64.74
387.80000 -64.74
387.85000 -64.74
387.90000 -64.75
387.95000 -64.75
388.00000 -64.75
388.05000 -64.75
388.10000 -64.75
388.15000 -64.75
388.20000 -64.75
388.25000 -64.75
388.30000 -64.75
388.35000 -64.75
388.40000 -64.75
388.45000 -64.75
388.50000 -64.75
388.55000 -64.75
388.60000 -64.75
388.65000 -64.75
388.70000 -64.75
388.75000 -64.76
388.80000 -64.76
388.85000 -64.76
388.90000 -64.76
388.95000 -64.76
389.00000 -64.76
389.05000 -64.76
389.10000 -64.76
389.15000 -64.76
389.20000 -64.76
389.25000 -64.76
389.30000 -64.76
389.35000 -64.76
389.40000 -64.76
389.45000 -64.76
389.50000 -64.75
389.55000 -64.76
389.60000 -64.75
389.65000 -64.75
389.70000 -64.75
389.75000 -64.76
389.80000 -64.75
389.85000 -64.75
389.90000 -64.75
389.95000 -64.76
390.00000 -64.76
390.05000 -64.76
390.10000 -64.76
390.15000 -64.76
390.20000 -64.76
390.25000 -64.76
390.30000 -64.76
390.35000 -64.76
390.40000 -64.76
390.45000 -64.76
390.50000 -64.76
390.55000 -64.76
390.60000 -64.76
390.65000 -64.76
390.70000 -64.76
390.75000 -64.76
390.80000 -64.76
390.85000 -64.76
390.90000 -64.76
390.95000 -64.76
391.00000 -64.76
391.05000 -64.75
391.10000 -64.75
391.15000 -64.75
391.20000 -64.76
391.25000 -64.76
391.30000 -64.75
391.35000 -64.75
391.40000 -64.75
391.45000 -64.75
391.50000 -64.75
391.55000 -64.75
391.60000 -64.75
391.65000 -64.75
391.70000 -64.75
391.75000 -64.75
391.80000 -64.75
391.85000 -64.75
391.90000 -64.75
391.95000 -64.75
392.00000 -64.75
392.05000 -64.75
392.10000 -64.75
392.15000 -64.75
392.20000 -64.75
392.25000 -64.75
392.30000 -64.75
392.35000 -64.75
392.40000 -64.75
392.45000 -64.75
392.50000 -64.75
392.55000 -64.75
392.60000 -64.75
392.65000 -64.75
392.70000 -64.75
392.75000 -64.75
392.80000 -64.75
392.85000 -64.75
392.90000 -64.75
392.95000 -64.75
393.00000 -64.75
393.05000 -64.75
393.10000 -64.76
393.15000 -64.76
393.20000 -64.76
393.25000 -64.76
393.30000 -64.76
393.35000 -64.76
393.40000 -64.76
393.45000 -64.76
393.50000 -64.76
393.55000 -64.76
393.60000 -64.76
393.65000 -64.75
393.70000 -64.75
393.75000 -64.75
393.80000 -64.75
393.85000 -64.75
393.90000 -64.75
393.95000 -64.75
394.00000 -64.75
394.05000 -64.75
394.10000 -64.75
394.15000 -64.75
394.20000 -64.75
394.25000 -64.75
394.30000 -64.75
394.35000 -64.75
394.40000 -64.75
394.45000 -64.75
394.50000 -64.75
394.55000 -64.76
394.60000 -64.75
394.65000 -64.75
394.70000 -64.75
394.75000 -64.75
394.80000 -64.76
394.85000 -64.75
394.90000 -64.76
394.95000 -64.76
395.00000 -64.76
395.05000 -64.76
395.10000 -64.76
395.15000 -64.76
395.20000 -64.76
395.25000 -64.76
395.30000 -64.76
395.35000 -64.76
395.40000 -64.76
395.45000 -64.76
395.50000 -64.76
395.55000 -64.76
395.60000 -64.76
395.65000 -64.76
395.70000 -64.76
395.75000 -64.76
395.80000 -64.76
395.85000 -64.76
395.90000 -64.76
395.95000 -64.76
396.00000 -64.76
396.05000 -64.76
396.10000 -64.76
396.15000 -64.76
396.20000 -64.76
396.25000 -64.76
396.30000 -64.76
396.35000 -64.76
396.40000 -64.76
396.45000 -64.76
396.50000 -64.76
396.55000 -64.76
396.60000 -64.76
396.65000 -64.76
396.70000 -64.76
396.75000 -64.76
396.80000 -64.76
396.85000 -64.76
396.90000 -64.76
396.95000 -64.75
397.00000 -64.76
397.05000 -64.75
397.10000 -64.75
397.15000 -64.75
397.20000 -64.75
397.25000 -64.75
397.30000 -64.75
397.35000 -64.75
397.40000 -64.75
397.45000 -64.75
397.50000 -64.75
397.55000 -64.75
397.60000 -64.75
397.65000 -64.75
397.70000 -64.75
397.75000 -64.75
397.80000 -64.75
397.85000 -64.75
397.90000 -64.74
397.95000 -64.74
398.00000 -64.74
398.05000 -64.74
398.10000 -64.74
398.15000 -64.74
398.20000 -64.74
398.25000 -64.74
398.30000 -64.74
398.35000 -64.74
398.40000 -64.74
398.45000 -64.74
398.50000 -64.74
398.55000 -64.74
398.60000 -64.74
398.65000 -64.74
398.70000 -64.74
398.75000 -64.74
398.80000 -64.74
398.85000 -64.74
398.90000 -64.74
398.95000 -64.74
399.00000 -64.74
399.05000 -64.74
399.10000 -64.74
399.15000 -64.73
399.20000 -64.74
399.25000 -64.73
399.30000 -64.74
399.35000 -64.74
399.40000 -64.74
399.45000 -64.74
399.50000 -64.73
399.55000 -64.73
399.60000 -64.73
399.65000 -64.74
399.70000 -64.73
399.75000 -64.74
399.80000 -64.74
399.85000 -64.74
399.90000 -64.74
399.95000 -64.74
400.00000 -64.74
400.05000 -64.74
400.10000 -64.74
400.15000 -64.74
400.20000 -64.74
400.25000 -64.74
400.30000 -64.74
400.35000 -64.74
400.40000 -64.74
400.45000 -64.74
400.50000 -64.74
400.55000 -64.74
400.60000 -64.74
400.65000 -64.74
400.70000 -64.74
400.75000 -64.74
400.80000 -64.74
400.85000 -64.74
400.90000 -64.74
400.95000 -64.74
401.00000 -64.74
401.05000 -64.74
401.10000 -64.74
401.15000 -64.74
401.20000 -64.74
401.25000 -64.74
401.30000 -64.74
401.35000 -64.74
401.40000 -64.74
401.45000 -64.74
401.50000 -64.74
401.55000 -64.74
401.60000 -64.74
401.65000 -64.74
401.70000 -64.74
401.75000 -64.74
401.80000 -64.74
401.85000 -64.74
401.90000 -64.74
401.95000 -64.74
402.00000 -64.74
402.05000 -64.74
402.10000 -64.74
402.15000 -64.74
402.20000 -64.74
402.25000 -64.74
402.30000 -64.74
402.35000 -64.74
402.40000 -64.74
402.45000 -64.74
402.50000 -64.73
402.55000 -64.74
402.60000 -64.74
402.65000 -64.74
402.70000 -64.74
402.75000 -64.74
402.80000 -64.74
402.85000 -64.74
402.90000 -64.74
402.95000 -64.74
403.00000 -64.74
403.05000 -64.74
403.10000 -64.75
403.15000 -64.75
403.20000 -64.75
403.25000 -64.75
403.30000 -64.75
403.35000 -64.75
403.40000 -64.75
403.45000 -64.75
403.50000 -64.75
403.55000 -64.75
403.60000 -64.75
403.65000 -64.75
403.70000 -64.75
403.75000 -64.75
403.80000 -64.75
403.85000 -64.75
403.90000 -64.75
403.95000 -64.75
404.00000 -64.75
404.05000 -64.75
404.10000 -64.75
404.15000 -64.75
404.20000 -64.75
404.25000 -64.75
404.30000 -64.75
404.35000 -64.75
404.40000 -64.75
404.45000 -64.75
404.50000 -64.75
404.55000 -64.75
404.60000 -64.75
404.65000 -64.75
404.70000 -64.75
404.75000 -64.75
404.80000 -64.75
404.85000 -64.75
404.90000 -64.75
404.95000 -64.75
405.00000 -64.74
405.05000 -64.74
405.10000 -64.74
405.15000 -64.74
405.20000 -64.74
405.25000 -64.74
405.30000 -64.74
405.35000 -64.74
405.40000 -64.74
405.45000 -64.74
405.50000 -64.74
405.55000 -64.74
405.60000 -64.74
405.65000 -64.74
405.70000 -64.74
405.75000 -64.74
405.80000 -64.74
405.85000 -64.74
405.90000 -64.74
405.95000 -64.74
406.00000 -64.74
406.05000 -64.74
406.10000 -64.74
406.15000 -64.74
406.20000 -64.74
406.25000 -64.74
406.30000 -64.74
406.35000 -64.74
406.40000 -64.74
406.45000 -64.74
406.50000 -64.74
406.55000 -64.74
406.60000 -64.74
406.65000 -64.74
406.70000 -64.74
406.75000 -64.74
406.80000 -64.74
406.85000 -64.74
406.90000 -64.74
406.95000 -64.74
407.00000 -64.74
407.05000 -64.75
407.10000 -64.75
407.15000 -64.75
407.20000 -64.75
407.25000 -64.75
407.30000 -64.75
407.35000 -64.75
407.40000 -64.75
407.45000 -64.75
407.50000 -64.75
407.55000 -64.75
407.60000 -64.75
407.65000 -64.75
407.70000 -64.75
407.75000 -64.75
407.80000 -64.75
407.85000 -64.75
407.90000 -64.75
407.95000 -64.75
408.00000 -64.75
408.05000 -64.75
408.10000 -64.75
408.15000 -64.75
408.20000 -64.75
408.25000 -64.75
408.30000 -64.75
408.35000 -64.75
408.40000 -64.75
408.45000 -64.75
408.50000 -64.75
408.55000 -64.75
408.60000 -64.75
408.65000 -64.75
408.70000 -64.75
408.75000 -64.75
408.80000 -64.75
408.85000 -64.75
408.90000 -64.75
408.95000 -64.75
409.00000 -64.75
409.05000 -64.74
409.10000 -64.74
409.15000 -64.75
409.20000 -64.74
409.25000 -64.75
409.30000 -64.75
409.35000 -64.75
409.40000 -64.75
409.45000 -64.75
409.50000 -64.75
409.55000 -64.75
409.60000 -64.75
409.65000 -64.75
409.70000 -64.75
409.75000 -64.75
409.80000 -64.74
409.85000 -64.74
409.90000 -64.74
409.95000 -64.74
410.00000 -64.74
410.05000 -64.74
410.10000 -64.74
410.15000 -64.74
410.20000 -64.74
410.25000 -64.74
410.30000 -64.74
410.35000 -64.74
410.40000 -64.74
410.45000 -64.74
410.50000 -64.74
410.55000 -64.74
410.60000 -64.74
410.65000 -64.74
410.70000 -64.74
410.75000 -64.74
410.80000 -64.74
410.85000 -64.74
410.90000 -64.74
410.95000 -64.73
411.00000 -64.73
411.05000 -64.73
411.10000 -64.73
411.15000 -64.73
411.20000 -64.73
411.25000 -64.73
411.30000 -64.73
411.35000 -64.73
411.40000 -64.73
411.45000 -64.73
411.50000 -64.73
411.55000 -64.73
411.60000 -64.73
411.65000 -64.73
411.70000 -64.73
411.75000 -64.73
411.80000 -64.73
411.85000 -64.73
411.90000 -64.73
411.95000 -64.73
412.00000 -64.73
412.05000 -64.73
412.10000 -64.73
412.15000 -64.73
412.20000 -64.73
412.25000 -64.73
412.30000 -64.73
412.35000 -64.73
412.40000 -64.73
412.45000 -64.74
412.50000 -64.74
412.55000 -64.74
412.60000 -64.74
412.65000 -64.74
412.70000 -64.74
412.75000 -64.74
412.80000 -64.74
412.85000 -64.74
412.90000 -64.74
412.95000 -64.74
413.00000 -64.74
413.05000 -64.74
413.10000 -64.74
413.15000 -64.74
413.20000 -64.74
413.25000 -64.74
413.30000 -64.75
413.35000 -64.74
413.40000 -64.74
413.45000 -64.74
413.50000 -64.74
413.55000 -64.74
413.60000 -64.74
413.65000 -64.74
413.70000 -64.74
413.75000 -64.74
413.80000 -64.74
413.85000 -64.75
413.90000 -64.75
413.95000 -64.75
414.00000 -64.74
414.05000 -64.74
414.10000 -64.74
414.15000 -64.75
414.20000 -64.75
414.25000 -64.75
414.30000 -64.75
414.35000 -64.75
414.40000 -64.75
414.45000 -64.75
414.50000 -64.75
414.55000 -64.75
414.60000 -64.75
414.65000 -64.75
414.70000 -64.75
414.75000 -64.75
414.80000 -64.75
414.85000 -64.75
414.90000 -64.75
414.95000 -64.75
415.00000 -64.75
415.05000 -64.75
415.10000 -64.75
415.15000 -64.75
415.20000 -64.75
415.25000 -64.75
415.30000 -64.75
415.35000 -64.75
415.40000 -64.75
415.45000 -64.75
415.50000 -64.75
415.55000 -64.75
415.60000 -64.75
415.65000 -64.75
415.70000 -64.75
415.75000 -64.75
415.80000 -64.75
415.85000 -64.75
415.90000 -64.75
415.95000 -64.75
416.00000 -64.75
416.05000 -64.75
416.10000 -64.75
416.15000 -64.75
416.20000 -64.75
416.25000 -64.75
416.30000 -64.75
416.35000 -64.75
416.40000 -64.75
416.45000 -64.75
416.50000 -64.75
416.55000 -64.75
416.60000 -64.75
416.65000 -64.75
416.70000 -64.75
416.75000 -64.75
416.80000 -64.75
416.85000 -64.75
416.90000 -64.75
416.95000 -64.75
417.00000 -64.75
417.05000 -64.75
417.10000 -64.75
417.15000 -64.75
417.20000 -64.75
417.25000 -64.75
417.30000 -64.75
417.35000 -64.75
417.40000 -64.75
417.45000 -64.75
417.50000 -64.75
417.55000 -64.75
417.60000 -64.75
417.65000 -64.75
417.70000 -64.75
417.75000 -64.75
417.80000 -64.75
417.85000 -64.75
417.90000 -64.75
417.95000 -64.75
418.00000 -64.75
418.05000 -64.75
418.10000 -64.75
418.15000 -64.75
418.20000 -64.75
418.25000 -64.75
418.30000 -64.75
418.35000 -64.75
418.40000 -64.75
418.45000 -64.75
418.50000 -64.75
418.55000 -64.74
418.60000 -64.74
418.65000 -64.74
418.70000 -64.74
418.75000 -64.74
418.80000 -64.74
418.85000 -64.74
418.90000 -64.74
418.95000 -64.74
419.00000 -64.74
419.05000 -64.74
419.10000 -64.75
419.15000 -64.75
419.20000 -64.75
419.25000 -64.75
419.30000 -64.75
419.35000 -64.75
419.40000 -64.75
419.45000 -64.75
419.50000 -64.75
419.55000 -64.75
419.60000 -64.75
419.65000 -64.75
419.70000 -64.75
419.75000 -64.75
419.80000 -64.75
419.85000 -64.75
419.90000 -64.75
419.95000 -64.75
420.00000 -64.75
420.05000 -64.75
420.10000 -64.75
420.15000 -64.75
420.20000 -64.75
420.25000 -64.75
420.30000 -64.75
420.35000 -64.75
420.40000 -64.75
420.45000 -64.75
420.50000 -64.75
420.55000 -64.75
420.60000 -64.74
420.65000 -64.74
420.70000 -64.74
420.75000 -64.75
420.80000 -64.74
420.85000 -64.74
420.90000 -64.74
420.95000 -64.74
421.00000 -64.74
421.05000 -64.74
421.10000 -64.74
421.15000 -64.74
421.20000 -64.74
421.25000 -64.74
421.30000 -64.74
421.35000 -64.74
421.40000 -64.75
421.45000 -64.75
421.50000 -64.75
421.55000 -64.75
421.60000 -64.75
421.65000 -64.75
421.70000 -64.75
421.75000 -64.75
421.80000 -64.75
421.85000 -64.75
421.90000 -64.75
421.95000 -64.75
422.00000 -64.75
422.05000 -64.75
422.10000 -64.75
422.15000 -64.76
422.20000 -64.75
422.25000 -64.75
422.30000 -64.75
422.35000 -64.75
422.40000 -64.75
422.45000 -64.75
422.50000 -64.75
422.55000 -64.75
422.60000 -64.75
422.65000 -64.75
422.70000 -64.75
422.75000 -64.75
422.80000 -64.75
422.85000 -64.75
422.90000 -64.75
422.95000 -64.75
423.00000 -64.75
423.05000 -64.75
423.10000 -64.75
423.15000 -64.75
423.20000 -64.75
423.25000 -64.75
423.30000 -64.75
423.35000 -64.75
423.40000 -64.75
423.45000 -64.75
423.50000 -64.75
423.55000 -64.75
423.60000 -64.75
423.65000 -64.75
423.70000 -64.75
423.75000 -64.75
423.80000 -64.75
423.85000 -64.74
423.90000 -64.74
423.95000 -64.74
424.00000 -64.74
424.05000 -64.74
424.10000 -64.74
424.15000 -64.74
424.20000 -64.74
424.25000 -64.74
424.30000 -64.74
424.35000 -64.74
424.40000 -64.74
424.45000 -64.74
424.50000 -64.74
424.55000 -64.74
424.60000 -64.74
424.65000 -64.74
424.70000 -64.74
424.75000 -64.74
424.80000 -64.74
424.85000 -64.74
424.90000 -64.74
424.95000 -64.74
425.00000 -64.74
425.05000 -64.74
425.10000 -64.75
425.15000 -64.74
425.20000 -64.74
425.25000 -64.75
425.30000 -64.75
425.35000 -64.75
425.40000 -64.74
425.45000 -64.74
425.50000 -64.74
425.55000 -64.74
425.60000 -64.74
425.65000 -64.74
425.70000 -64.74
425.75000 -64.74
425.80000 -64.74
425.85000 -64.74
425.90000 -64.74
425.95000 -64.74
426.00000 -64.74
426.05000 -64.74
426.10000 -64.74
426.15000 -64.74
426.20000 -64.74
426.25000 -64.74
426.30000 -64.74
426.35000 -64.74
426.40000 -64.74
426.45000 -64.74
426.50000 -64.74
426.55000 -64.74
426.60000 -64.74
426.65000 -64.74
426.70000 -64.74
426.75000 -64.74
426.80000 -64.74
426.85000 -64.74
426.90000 -64.74
426.95000 -64.74
427.00000 -64.74
427.05000 -64.74
427.10000 -64.74
427.15000 -64.74
427.20000 -64.74
427.25000 -64.74
427.30000 -64.74
427.35000 -64.74
427.40000 -64.74
427.45000 -64.74
427.50000 -64.74
427.55000 -64.74
427.60000 -64.74
427.65000 -64.74
427.70000 -64.74
427.75000 -64.75
427.80000 -64.75
427.85000 -64.75
427.90000 -64.75
427.95000 -64.75
428.00000 -64.75
428.05000 -64.75
428.10000 -64.75
428.15000 -64.75
428.20000 -64.75
428.25000 -64.75
428.30000 -64.75
428.35000 -64.75
428.40000 -64.75
428.45000 -64.75
428.50000 -64.75
428.55000 -64.75
428.60000 -64.75
428.65000 -64.75
428.70000 -64.75
428.75000 -64.75
428.80000 -64.75
428.85000 -64.75
428.90000 -64.75
428.95000 -64.75
429.00000 -64.75
429.05000 -64.75
429.10000 -64.75
429.15000 -64.75
429.20000 -64.75
429.25000 -64.75
429.30000 -64.75
429.35000 -64.75
429.40000 -64.75
429.45000 -64.75
429.50000 -64.75
429.55000 -64.75
429.60000 -64.75
429.65000 -64.75
429.70000 -64.75
429.75000 -64.75
429.80000 -64.75
429.85000 -64.75
429.90000 -64.75
429.95000 -64.75
430.00000 -64.75
430.05000 -64.75
430.10000 -64.75
430.15000 -64.75
430.20000 -64.75
430.25000 -64.75
430.30000 -64.75
430.35000 -64.75
430.40000 -64.75
430.45000 -64.75
430.50000 -64.75
430.55000 -64.75
430.60000 -64.75
430.65000 -64.75
430.70000 -64.75
430.75000 -64.75
430.80000 -64.75
430.85000 -64.75
430.90000 -64.75
430.95000 -64.75
431.00000 -64.75
431.05000 -64.75
431.10000 -64.75
431.15000 -64.75
431.20000 -64.75
431.25000 -64.75
431.30000 -64.75
431.35000 -64.75
431.40000 -64.75
431.45000 -64.75
431.50000 -64.75
431.55000 -64.75
431.60000 -64.75
431.65000 -64.75
431.70000 -64.75
431.75000 -64.75
431.80000 -64.75
431.85000 -64.75
431.90000 -64.75
431.95000 -64.75
432.00000 -64.75
432.05000 -64.75
432.10000 -64.75
432.15000 -64.75
432.20000 -64.75
432.25000 -64.75
432.30000 -64.75
432.35000 -64.75
432.40000 -64.75
432.45000 -64.75
432.50000 -64.75
432.55000 -64.75
432.60000 -64.75
432.65000 -64.75
432.70000 -64.75
432.75000 -64.75
432.80000 -64.75
432.85000 -64.75
432.90000 -64.75
432.95000 -64.75
433.00000 -64.75
433.05000 -64.75
433.10000 -64.75
433.15000 -64.75
433.20000 -64.75
433.25000 -64.75
433.30000 -64.75
433.35000 -64.75
433.40000 -64.75
433.45000 -64.75
433.50000 -64.75
433.55000 -64.75
433.60000 -64.75
433.65000 -64.75
433.70000 -64.75
433.75000 -64.75
433.80000 -64.75
433.85000 -64.75
433.90000 -64.75
433.95000 -64.75
434.00000 -64.75
434.05000 -64.75
434.10000 -64.75
434.15000 -64.75
434.20000 -64.75
434.25000 -64.75
434.30000 -64.75
434.35000 -64.75
434.40000 -64.75
434.45000 -64.75
434.50000 -64.75
434.55000 -64.75
434.60000 -64.74
434.65000 -64.74
434.70000 -64.75
434.75000 -64.74
434.80000 -64.75
434.85000 -64.75
434.90000 -64.75
434.95000 -64.74
435.00000 -64.74
435.05000 -64.75
435.10000 -64.75
435.15000 -64.75
435.20000 -64.75
435.25000 -64.75
435.30000 -64.75
435.35000 -64.75
435.40000 -64.75
435.45000 -64.75
435.50000 -64.74
435.55000 -64.74
435.60000 -64.75
435.65000 -64.74
435.70000 -64.74
435.75000 -64.74
435.80000 -64.74
435.85000 -64.75
435.90000 -64.75
435.95000 -64.75
436.00000 -64.75
436.05000 -64.75
436.10000 -64.75
436.15000 -64.75
436.20000 -64.75
436.25000 -64.75
436.30000 -64.75
436.35000 -64.75
436.40000 -64.75
436.45000 -64.75
436.50000 -64.75
436.55000 -64.75
436.60000 -64.75
436.65000 -64.75
436.70000 -64.75
436.75000 -64.75
436.80000 -64.75
436.85000 -64.75
436.90000 -64.76
436.95000 -64.76
437.00000 -64.76
437.05000 -64.76
437.10000 -64.76
437.15000 -64.76
437.20000 -64.76
437.25000 -64.75
437.30000 -64.76
437.35000 -64.75
437.40000 -64.75
437.45000 -64.75
437.50000 -64.75
437.55000 -64.75
437.60000 -64.75
437.65000 -64.76
437.70000 -64.76
437.75000 -64.75
437.80000 -64.75
437.85000 -64.75
437.90000 -64.75
437.95000 -64.75
438.00000 -64.75
438.05000 -64.75
438.10000 -64.75
438.15000 -64.75
438.20000 -64.75
438.25000 -64.75
438.30000 -64.75
438.35000 -64.75
438.40000 -64.75
438.45000 -64.75
438.50000 -64.75
438.55000 -64.75
438.60000 -64.75
438.65000 -64.75
438.70000 -64.75
438.75000 -64.75
438.80000 -64.75
438.85000 -64.75
438.90000 -64.75
438.95000 -64.75
439.00000 -64.75
439.05000 -64.75
439.10000 -64.75
439.15000 -64.75
439.20000 -64.75
439.25000 -64.75
439.30000 -64.75
439.35000 -64.75
439.40000 -64.75
439.45000 -64.75
439.50000 -64.76
439.55000 -64.75
439.60000 -64.75
439.65000 -64.75
439.70000 -64.75
439.75000 -64.75
439.80000 -64.75
439.85000 -64.75
439.90000 -64.76
439.95000 -64.76
440.00000 -64.75
440.05000 -64.75
440.10000 -64.76
440.15000 -64.76
440.20000 -64.76
440.25000 -64.76
440.30000 -64.76
440.35000 -64.76
440.40000 -64.76
440.45000 -64.76
440.50000 -64.76
440.55000 -64.76
440.60000 -64.76
440.65000 -64.76
440.70000 -64.76
440.75000 -64.76
440.80000 -64.76
440.85000 -64.76
440.90000 -64.76
440.95000 -64.76
441.00000 -64.76
441.05000 -64.75
441.10000 -64.76
441.15000 -64.75
441.20000 -64.75
441.25000 -64.76
441.30000 -64.76
441.35000 -64.75
441.40000 -64.76
441.45000 -64.76
441.50000 -64.75
441.55000 -64.75
441.60000 -64.75
441.65000 -64.75
441.70000 -64.75
441.75000 -64.75
441.80000 -64.75
441.85000 -64.75
441.90000 -64.75
441.95000 -64.75
442.00000 -64.75
442.05000 -64.75
442.10000 -64.75
442.15000 -64.75
442.20000 -64.75
442.25000 -64.75
442.30000 -64.75
442.35000 -64.75
442.40000 -64.75
442.45000 -64.75
442.50000 -64.75
442.55000 -64.75
442.60000 -64.75
442.65000 -64.75
442.70000 -64.75
442.75000 -64.75
442.80000 -64.75
442.85000 -64.75
442.90000 -64.75
442.95000 -64.75
443.00000 -64.75
443.05000 -64.75
443.10000 -64.75
443.15000 -64.75
443.20000 -64.75
443.25000 -64.75
443.30000 -64.75
443.35000 -64.75
443.40000 -64.75
443.45000 -64.75
443.50000 -64.75
443.55000 -64.75
443.60000 -64.75
443.65000 -64.75
443.70000 -64.75
443.75000 -64.75
443.80000 -64.75
443.85000 -64.75
443.90000 -64.75
443.95000 -64.75
444.00000 -64.75
444.05000 -64.75
444.10000 -64.75
444.15000 -64.75
444.20000 -64.75
444.25000 -64.75
444.30000 -64.76
444.35000 -64.76
444.40000 -64.75
444.45000 -64.76
444.50000 -64.75
444.55000 -64.76
444.60000 -64.75
444.65000 -64.76
444.70000 -64.75
444.75000 -64.75
444.80000 -64.75
444.85000 -64.76
444.90000 -64.75
444.95000 -64.75
445.00000 -64.75
445.05000 -64.76
445.10000 -64.75
445.15000 -64.76
445.20000 -64.75
445.25000 -64.76
445.30000 -64.75
445.35000 -64.76
445.40000 -64.76
445.45000 -64.76
445.50000 -64.76
445.55000 -64.75
445.60000 -64.76
445.65000 -64.75
445.70000 -64.75
445.75000 -64.75
445.80000 -64.75
445.85000 -64.75
445.90000 -64.75
445.95000 -64.75
446.00000 -64.75
446.05000 -64.75
446.10000 -64.75
446.15000 -64.75
446.20000 -64.75
446.25000 -64.75
446.30000 -64.75
446.35000 -64.75
446.40000 -64.75
446.45000 -64.75
446.50000 -64.75
446.55000 -64.75
446.60000 -64.75
446.65000 -64.75
446.70000 -64.75
446.75000 -64.75
446.80000 -64.75
446.85000 -64.75
446.90000 -64.75
446.95000 -64.75
447.00000 -64.75
447.05000 -64.75
447.10000 -64.75
447.15000 -64.75
447.20000 -64.75
447.25000 -64.75
447.30000 -64.75
447.35000 -64.75
447.40000 -64.75
447.45000 -64.75
447.50000 -64.75
447.55000 -64.75
447.60000 -64.75
447.65000 -64.75
447.70000 -64.75
447.75000 -64.75
447.80000 -64.75
447.85000 -64.75
447.90000 -64.75
447.95000 -64.75
448.00000 -64.75
448.05000 -64.75
448.10000 -64.74
448.15000 -64.75
448.20000 -64.75
448.25000 -64.75
448.30000 -64.75
448.35000 -64.75
448.40000 -64.75
448.45000 -64.75
448.50000 -64.75
448.55000 -64.75
448.60000 -64.75
448.65000 -64.75
448.70000 -64.75
448.75000 -64.75
448.80000 -64.75
448.85000 -64.75
448.90000 -64.75
448.95000 -64.75
449.00000 -64.75
449.05000 -64.75
449.10000 -64.75
449.15000 -64.75
449.20000 -64.75
449.25000 -64.75
449.30000 -64.75
449.35000 -64.75
449.40000 -64.75
449.45000 -64.76
449.50000 -64.76
449.55000 -64.76
449.60000 -64.76
449.65000 -64.76
449.70000 -64.76
449.75000 -64.76
449.80000 -64.76
449.85000 -64.76
449.90000 -64.76
449.95000 -64.76
450.00000 -64.76
450.05000 -64.76
450.10000 -64.76
450.15000 -64.76
450.20000 -64.76
450.25000 -64.76
450.30000 -64.76
450.35000 -64.76
450.40000 -64.76
450.45000 -64.76
450.50000 -64.76
450.55000 -64.76
450.60000 -64.76
450.65000 -64.76
450.70000 -64.76
450.75000 -64.76
450.80000 -64.76
450.85000 -64.76
450.90000 -64.76
450.95000 -64.76
451.00000 -64.76
451.05000 -64.76
451.10000 -64.76
451.15000 -64.76
451.20000 -64.76
451.25000 -64.76
451.30000 -64.76
451.35000 -64.76
451.40000 -64.76
451.45000 -64.76
451.50000 -64.76
451.55000 -64.76
451.60000 -64.75
451.65000 -64.76
451.70000 -64.76
451.75000 -64.76
451.80000 -64.76
451.85000 -64.76
451.90000 -64.76
451.95000 -64.76
452.00000 -64.76
452.05000 -64.76
452.10000 -64.76
452.15000 -64.75
452.20000 -64.76
452.25000 -64.75
452.30000 -64.76
452.35000 -64.76
452.40000 -64.76
452.45000 -64.76
452.50000 -64.75
452.55000 -64.76
452.60000 -64.75
452.65000 -64.75
452.70000 -64.75
452.75000 -64.75
452.80000 -64.76
452.85000 -64.75
452.90000 -64.75
452.95000 -64.75
453.00000 -64.75
453.05000 -64.75
453.10000 -64.75
453.15000 -64.75
453.20000 -64.75
453.25000 -64.75
453.30000 -64.75
453.35000 -64.75
453.40000 -64.75
453.45000 -64.75
453.50000 -64.76
453.55000 -64.75
453.60000 -64.76
453.65000 -64.75
453.70000 -64.76
453.75000 -64.75
453.80000 -64.75
453.85000 -64.75
453.90000 -64.75
453.95000 -64.76
454.00000 -64.75
454.05000 -64.76
454.10000 -64.76
454.15000 -64.76
454.20000 -64.75
454.25000 -64.76
454.30000 -64.76
454.35000 -64.75
454.40000 -64.75
454.45000 -64.75
454.50000 -64.75
454.55000 -64.75
454.60000 -64.75
454.65000 -64.75
454.70000 -64.75
454.75000 -64.75
454.80000 -64.75
454.85000 -64.75
454.90000 -64.75
454.95000 -64.75
455.00000 -64.75
455.05000 -64.75
455.10000 -64.75
455.15000 -64.75
455.20000 -64.75
455.25000 -64.75
455.30000 -64.75
455.35000 -64.75
455.40000 -64.75
455.45000 -64.75
455.50000 -64.75
455.55000 -64.75
455.60000 -64.75
455.65000 -64.75
455.70000 -64.75
455.75000 -64.75
455.80000 -64.75
455.85000 -64.75
455.90000 -64.75
455.95000 -64.75
456.00000 -64.75
456.05000 -64.75
456.10000 -64.75
456.15000 -64.76
456.20000 -64.76
456.25000 -64.76
456.30000 -64.76
456.35000 -64.76
456.40000 -64.76
456.45000 -64.76
456.50000 -64.76
456.55000 -64.76
456.60000 -64.76
456.65000 -64.76
456.70000 -64.76
456.75000 -64.76
456.80000 -64.76
456.85000 -64.76
456.90000 -64.76
456.95000 -64.76
457.00000 -64.76
457.05000 -64.76
457.10000 -64.76
457.15000 -64.76
457.20000 -64.76
457.25000 -64.76
457.30000 -64.76
457.35000 -64.76
457.40000 -64.76
457.45000 -64.76
457.50000 -64.76
457.55000 -64.76
457.60000 -64.76
457.65000 -64.75
457.70000 -64.76
457.75000 -64.75
457.80000 -64.75
457.85000 -64.75
457.90000 -64.75
457.95000 -64.76
458.00000 -64.75
458.05000 -64.75
458.10000 -64.75
458.15000 -64.76
458.20000 -64.75
458.25000 -64.75
458.30000 -64.75
458.35000 -64.75
458.40000 -64.75
458.45000 -64.75
458.50000 -64.75
458.55000 -64.75
458.60000 -64.75
458.65000 -64.75
458.70000 -64.75
458.75000 -64.75
458.80000 -64.75
458.85000 -64.75
458.90000 -64.75
458.95000 -64.75
459.00000 -64.75
459.05000 -64.75
459.10000 -64.75
459.15000 -64.75
459.20000 -64.75
459.25000 -64.75
459.30000 -64.75
459.35000 -64.75
459.40000 -64.75
459.45000 -64.75
459.50000 -64.75
459.55000 -64.75
459.60000 -64.75
459.65000 -64.75
459.70000 -64.75
459.75000 -64.75
459.80000 -64.75
459.85000 -64.75
459.90000 -64.75
459.95000 -64.75
460.00000 -64.75
460.05000 -64.75
460.10000 -64.75
460.15000 -64.76
460.20000 -64.76
460.25000 -64.76
460.30000 -64.76
460.35000 -64.76
460.40000 -64.76
460.45000 -64.76
460.50000 -64.75
460.55000 -64.76
460.60000 -64.76
460.65000 -64.76
460.70000 -64.76
460.75000 -64.76
460.80000 -64.76
460.85000 -64.76
460.90000 -64.76
460.95000 -64.76
461.00000 -64.76
461.05000 -64.76
461.10000 -64.76
461.15000 -64.76
461.20000 -64.76
461.25000 -64.76
461.30000 -64.76
461.35000 -64.76
461.40000 -64.76
461.45000 -64.76
461.50000 -64.76
461.55000 -64.75
461.60000 -64.76
461.65000 -64.75
461.70000 -64.76
461.75000 -64.76
461.80000 -64.76
461.85000 -64.75
461.90000 -64.76
461.95000 -64.76
462.00000 -64.76
462.05000 -64.76
462.10000 -64.76
462.15000 -64.76
462.20000 -64.76
462.25000 -64.76
462.30000 -64.76
462.35000 -64.76
462.40000 -64.76
462.45000 -64.76
462.50000 -64.75
462.55000 -64.75
462.60000 -64.75
462.65000 -64.75
462.70000 -64.75
462.75000 -64.75
462.80000 -64.75
462.85000 -64.75
462.90000 -64.75
462.95000 -64.75
463.00000 -64.75
463.05000 -64.75
463.10000 -64.75
463.15000 -64.75
463.20000 -64.75
463.25000 -64.75
463.30000 -64.75
463.35000 -64.75
463.40000 -64.75
463.45000 -64.75
463.50000 -64.75
463.55000 -64.75
463.60000 -64.75
463.65000 -64.75
463.70000 -64.75
463.75000 -64.75
463.80000 -64.75
463.85000 -64.75
463.90000 -64.75
463.95000 -64.75
464.00000 -64.75
464.05000 -64.75
464.10000 -64.75
464.15000 -64.75
464.20000 -64.75
464.25000 -64.75
464.30000 -64.75
464.35000 -64.75
464.40000 -64.75
464.45000 -64.75
464.50000 -64.75
464.55000 -64.75
464.60000 -64.75
464.65000 -64.75
464.70000 -64.75
464.75000 -64.75
464.80000 -64.75
464.85000 -64.74
464.90000 -64.74
464.95000 -64.74
465.00000 -64.74
465.05000 -64.75
465.10000 -64.74
465.15000 -64.74
465.20000 -64.74
465.25000 -64.74
465.30000 -64.74
465.35000 -64.74
465.40000 -64.74
465.45000 -64.74
465.50000 -64.74
465.55000 -64.74
465.60000 -64.74
465.65000 -64.75
465.70000 -64.75
465.75000 -64.75
465.80000 -64.75
465.85000 -64.75
465.90000 -64.75
465.95000 -64.75
466.00000 -64.75
466.05000 -64.75
466.10000 -64.75
466.15000 -64.75
466.20000 -64.75
466.25000 -64.75
466.30000 -64.75
466.35000 -64.75
466.40000 -64.74
466.45000 -64.75
466.50000 -64.75
466.55000 -64.75
466.60000 -64.75
466.65000 -64.75
466.70000 -64.75
466.75000 -64.75
466.80000 -64.75
466.85000 -64.75
466.90000 -64.75
466.95000 -64.75
467.00000 -64.75
467.05000 -64.75
467.10000 -64.75
467.15000 -64.75
467.20000 -64.75
467.25000 -64.75
467.30000 -64.75
467.35000 -64.75
467.40000 -64.75
467.45000 -64.75
467.50000 -64.75
467.55000 -64.75
467.60000 -64.75
467.65000 -64.75
467.70000 -64.75
467.75000 -64.75
467.80000 -64.75
467.85000 -64.75
467.90000 -64.75
467.95000 -64.75
468.00000 -64.75
468.05000 -64.75
468.10000 -64.76
468.15000 -64.75
468.20000 -64.75
468.25000 -64.75
468.30000 -64.75
468.35000 -64.75
468.40000 -64.75
468.45000 -64.75
468.50000 -64.75
468.55000 -64.76
468.60000 -64.76
468.65000 -64.76
468.70000 -64.76
468.75000 -64.76
468.80000 -64.76
468.85000 -64.76
468.90000 -64.76
468.95000 -64.76
469.00000 -64.76
469.05000 -64.76
469.10000 -64.76
469.15000 -64.76
469.20000 -64.76
469.25000 -64.76
469.30000 -64.76
469.35000 -64.76
469.40000 -64.76
469.45000 -64.76
469.50000 -64.76
469.55000 -64.76
469.60000 -64.76
469.65000 -64.76
469.70000 -64.76
469.75000 -64.76
469.80000 -64.76
469.85000 -64.76
469.90000 -64.76
469.95000 -64.76
470.00000 -64.75
470.05000 -64.75
470.10000 -64.75
470.15000 -64.75
470.20000 -64.75
470.25000 -64.75
470.30000 -64.75
470.35000 -64.75
470.40000 -64.75
470.45000 -64.75
470.50000 -64.75
470.55000 -64.75
470.60000 -64.75
470.65000 -64.75
470.70000 -64.75
470.75000 -64.74
470.80000 -64.75
470.85000 -64.74
470.90000 -64.74
470.95000 -64.74
471.00000 -64.75
471.05000 -64.75
471.10000 -64.75
471.15000 -64.75
471.20000 -64.75
471.25000 -64.75
471.30000 -64.75
471.35000 -64.75
471.40000 -64.75
471.45000 -64.75
471.50000 -64.75
471.55000 -64.75
471.60000 -64.75
471.65000 -64.75
471.70000 -64.75
471.75000 -64.75
471.80000 -64.75
471.85000 -64.75
471.90000 -64.75
471.95000 -64.75
472.00000 -64.74
472.05000 -64.74
472.10000 -64.75
472.15000 -64.75
472.20000 -64.75
472.25000 -64.75
472.30000 -64.75
472.35000 -64.75
472.40000 -64.74
472.45000 -64.75
472.50000 -64.74
472.55000 -64.75
472.60000 -64.75
472.65000 -64.75
472.70000 -64.75
472.75000 -64.75
472.80000 -64.75
472.85000 -64.75
472.90000 -64.75
472.95000 -64.75
473.00000 -64.75
473.05000 -64.75
473.10000 -64.75
473.15000 -64.75
473.20000 -64.75
473.25000 -64.75
473.30000 -64.75
473.35000 -64.75
473.40000 -64.75
473.45000 -64.75
473.50000 -64.75
473.55000 -64.75
473.60000 -64.75
473.65000 -64.75
473.70000 -64.75
473.75000 -64.75
473.80000 -64.75
473.85000 -64.75
473.90000 -64.75
473.95000 -64.75
474.00000 -64.75
474.05000 -64.75
474.10000 -64.75
474.15000 -64.75
474.20000 -64.75
474.25000 -64.75
474.30000 -64.75
474.35000 -64.75
474.40000 -64.76
474.45000 -64.75
474.50000 -64.76
474.55000 -64.75
474.60000 -64.76
474.65000 -64.75
474.70000 -64.75
474.75000 -64.75
474.80000 -64.76
474.85000 -64.76
474.90000 -64.76
474.95000 -64.76
475.00000 -64.76
475.05000 -64.76
475.10000 -64.76
475.15000 -64.76
475.20000 -64.76
475.25000 -64.76
475.30000 -64.76
475.35000 -64.76
475.40000 -64.76
475.45000 -64.76
475.50000 -64.76
475.55000 -64.76
475.60000 -64.76
475.65000 -64.76
475.70000 -64.76
475.75000 -64.76
475.80000 -64.76
475.85000 -64.76
475.90000 -64.76
475.95000 -64.76
476.00000 -64.76
476.05000 -64.76
476.10000 -64.76
476.15000 -64.76
476.20000 -64.76
476.25000 -64.76
476.30000 -64.76
476.35000 -64.76
476.40000 -64.75
476.45000 -64.75
476.50000 -64.75
476.55000 -64.75
476.60000 -64.75
476.65000 -64.75
476.70000 -64.75
476.75000 -64.75
476.80000 -64.76
476.85000 -64.75
476.90000 -64.75
476.95000 -64.76
477.00000 -64.75
477.05000 -64.75
477.10000 -64.76
477.15000 -64.76
477.20000 -64.75
477.25000 -64.75
477.30000 -64.75
477.35000 -64.75
477.40000 -64.75
477.45000 -64.75
477.50000 -64.75
477.55000 -64.75
477.60000 -64.75
477.65000 -64.75
477.70000 -64.75
477.75000 -64.75
477.80000 -64.75
477.85000 -64.75
477.90000 -64.75
477.95000 -64.75
478.00000 -64.75
478.05000 -64.75
478.10000 -64.75
478.15000 -64.75
478.20000 -64.75
478.25000 -64.75
478.30000 -64.75
478.35000 -64.75
478.40000 -64.75
478.45000 -64.75
478.50000 -64.75
478.55000 -64.75
478.60000 -64.75
478.65000 -64.75
478.70000 -64.75
478.75000 -64.75
478.80000 -64.75
478.85000 -64.75
478.90000 -64.75
478.95000 -64.74
479.00000 -64.75
479.05000 -64.74
479.10000 -64.74
479.15000 -64.75
479.20000 -64.75
479.25000 -64.75
479.30000 -64.75
479.35000 -64.75
479.40000 -64.75
479.45000 -64.75
479.50000 -64.75
479.55000 -64.75
479.60000 -64.75
479.65000 -64.75
479.70000 -64.75
479.75000 -64.75
479.80000 -64.75
479.85000 -64.75
479.90000 -64.74
479.95000 -64.74
480.00000 -64.74
480.05000 -64.74
480.10000 -64.74
480.15000 -64.75
480.20000 -64.74
480.25000 -64.74
480.30000 -64.75
480.35000 -64.75
480.40000 -64.75
480.45000 -64.75
480.50000 -64.75
480.55000 -64.75
480.60000 -64.75
480.65000 -64.75
480.70000 -64.75
480.75000 -64.75
480.80000 -64.75
480.85000 -64.75
480.90000 -64.75
480.95000 -64.75
481.00000 -64.75
481.05000 -64.75
481.10000 -64.75
481.15000 -64.75
481.20000 -64.75
481.25000 -64.75
481.30000 -64.75
481.35000 -64.75
481.40000 -64.75
481.45000 -64.75
481.50000 -64.75
481.55000 -64.75
481.60000 -64.75
481.65000 -64.74
481.70000 -64.75
481.75000 -64.74
481.80000 -64.75
481.85000 -64.75
481.90000 -64.74
481.95000 -64.75
482.00000 -64.74
482.05000 -64.74
482.10000 -64.74
482.15000 -64.75
482.20000 -64.75
482.25000 -64.75
482.30000 -64.74
482.35000 -64.74
482.40000 -64.74
482.45000 -64.75
482.50000 -64.74
482.55000 -64.74
482.60000 -64.75
482.65000 -64.75
482.70000 -64.75
482.75000 -64.75
482.80000 -64.75
482.85000 -64.75
482.90000 -64.75
482.95000 -64.75
483.00000 -64.75
483.05000 -64.75
483.10000 -64.75
483.15000 -64.75
483.20000 -64.75
483.25000 -64.75
483.30000 -64.75
483.35000 -64.75
483.40000 -64.75
483.45000 -64.75
483.50000 -64.75
483.55000 -64.75
483.60000 -64.75
483.65000 -64.75
483.70000 -64.75
483.75000 -64.75
483.80000 -64.75
483.85000 -64.75
483.90000 -64.75
483.95000 -64.75
484.00000 -64.75
484.05000 -64.75
484.10000 -64.75
484.15000 -64.75
484.20000 -64.75
484.25000 -64.75
484.30000 -64.75
484.35000 -64.75
484.40000 -64.75
484.45000 -64.75
484.50000 -64.75
484.55000 -64.75
484.60000 -64.75
484.65000 -64.75
484.70000 -64.75
484.75000 -64.75
484.80000 -64.75
484.85000 -64.75
484.90000 -64.75
484.95000 -64.76
485.00000 -64.75
485.05000 -64.75
485.10000 -64.75
485.15000 -64.75
485.20000 -64.76
485.25000 -64.75
485.30000 -64.75
485.35000 -64.75
485.40000 -64.75
485.45000 -64.75
485.50000 -64.75
485.55000 -64.75
485.60000 -64.75
485.65000 -64.75
485.70000 -64.75
485.75000 -64.75
485.80000 -64.75
485.85000 -64.75
485.90000 -64.75
485.95000 -64.75
486.00000 -64.75
486.05000 -64.75
486.10000 -64.75
486.15000 -64.75
486.20000 -64.75
486.25000 -64.75
486.30000 -64.75
486.35000 -64.75
486.40000 -64.75
486.45000 -64.75
486.50000 -64.75
486.55000 -64.76
486.60000 -64.76
486.65000 -64.75
486.70000 -64.76
486.75000 -64.76
486.80000 -64.75
486.85000 -64.76
486.90000 -64.76
486.95000 -64.76
487.00000 -64.76
487.05000 -64.76
487.10000 -64.76
487.15000 -64.76
487.20000 -64.76
487.25000 -64.76
487.30000 -64.76
487.35000 -64.76
487.40000 -64.76
487.45000 -64.76
487.50000 -64.76
487.55000 -64.76
487.60000 -64.76
487.65000 -64.76
487.70000 -64.76
487.75000 -64.76
487.80000 -64.76
487.85000 -64.76
487.90000 -64.76
487.95000 -64.76
488.00000 -64.76
488.05000 -64.76
488.10000 -64.76
488.15000 -64.76
488.20000 -64.76
488.25000 -64.76
488.30000 -64.76
488.35000 -64.76
488.40000 -64.76
488.45000 -64.76
488.50000 -64.76
488.55000 -64.76
488.60000 -64.76
488.65000 -64.76
488.70000 -64.76
488.75000 -64.76
488.80000 -64.76
488.85000 -64.76
488.90000 -64.76
488.95000 -64.76
489.00000 -64.76
489.05000 -64.76
489.10000 -64.76
489.15000 -64.76
489.20000 -64.76
489.25000 -64.76
489.30000 -64.76
489.35000 -64.76
489.40000 -64.76
489.45000 -64.76
489.50000 -64.76
489.55000 -64.76
489.60000 -64.76
489.65000 -64.76
489.70000 -64.75
489.75000 -64.75
489.80000 -64.75
489.85000 -64.75
489.90000 -64.75
489.95000 -64.75
490.00000 -64.75
490.05000 -64.75
490.10000 -64.75
490.15000 -64.75
490.20000 -64.75
490.25000 -64.75
490.30000 -64.75
490.35000 -64.75
490.40000 -64.75
490.45000 -64.75
490.50000 -64.75
490.55000 -64.75
490.60000 -64.75
490.65000 -64.75
490.70000 -64.75
490.75000 -64.75
490.80000 -64.75
490.85000 -64.75
490.90000 -64.75
490.95000 -64.76
491.00000 -64.75
491.05000 -64.75
491.10000 -64.75
491.15000 -64.75
491.20000 -64.75
491.25000 -64.75
491.30000 -64.75
491.35000 -64.75
491.40000 -64.75
491.45000 -64.75
491.50000 -64.75
491.55000 -64.75
491.60000 -64.75
491.65000 -64.75
491.70000 -64.75
491.75000 -64.75
491.80000 -64.75
491.85000 -64.75
491.90000 -64.75
491.95000 -64.74
492.00000 -64.74
492.05000 -64.74
492.10000 -64.74
492.15000 -64.74
492.20000 -64.74
492.25000 -64.74
492.30000 -64.74
492.35000 -64.74
492.40000 -64.74
492.45000 -64.74
492.50000 -64.74
492.55000 -64.74
492.60000 -64.74
492.65000 -64.74
492.70000 -64.74
492.75000 -64.74
492.80000 -64.74
492.85000 -64.74
492.90000 -64.74
492.95000 -64.74
493.00000 -64.74
493.05000 -64.74
493.10000 -64.74
493.15000 -64.74
493.20000 -64.74
493.25000 -64.74
493.30000 -64.74
493.35000 -64.74
493.40000 -64.74
493.45000 -64.74
493.50000 -64.74
493.55000 -64.74
493.60000 -64.74
493.65000 -64.74
493.70000 -64.75
493.75000 -64.75
493.80000 -64.74
493.85000 -64.74
493.90000 -64.75
493.95000 -64.75
494.00000 -64.75
494.05000 -64.75
494.10000 -64.75
494.15000 -64.75
494.20000 -64.75
494.25000 -64.75
494.30000 -64.75
494.35000 -64.75
494.40000 -64.75
494.45000 -64.75
494.50000 -64.75
494.55000 -64.75
494.60000 -64.75
494.65000 -64.75
494.70000 -64.75
494.75000 -64.75
494.80000 -64.75
494.85000 -64.75
494.90000 -64.75
494.95000 -64.75
495.00000 -64.75
495.05000 -64.76
495.10000 -64.76
495.15000 -64.76
495.20000 -64.76
495.25000 -64.76
495.30000 -64.76
495.35000 -64.76
495.40000 -64.76
495.45000 -64.76
495.50000 -64.76
495.55000 -64.76
495.60000 -64.76
495.65000 -64.76
495.70000 -64.76
495.75000 -64.76
495.80000 -64.76
495.85000 -64.75
495.90000 -64.76
495.95000 -64.76
496.00000 -64.76
496.05000 -64.76
496.10000 -64.75
496.15000 -64.75
496.20000 -64.75
496.25000 -64.75
496.30000 -64.75
496.35000 -64.75
496.40000 -64.75
496.45000 -64.75
496.50000 -64.75
496.55000 -64.75
496.60000 -64.75
496.65000 -64.75
496.70000 -64.75
496.75000 -64.75
496.80000 -64.75
496.85000 -64.75
496.90000 -64.75
496.95000 -64.75
497.00000 -64.75
497.05000 -64.75
497.10000 -64.75
497.15000 -64.75
497.20000 -64.75
497.25000 -64.75
497.30000 -64.75
497.35000 -64.75
497.40000 -64.75
497.45000 -64.75
497.50000 -64.75
497.55000 -64.75
497.60000 -64.75
497.65000 -64.75
497.70000 -64.75
497.75000 -64.75
497.80000 -64.75
497.85000 -64.75
497.90000 -64.75
497.95000 -64.75
498.00000 -64.75
498.05000 -64.75
498.10000 -64.75
498.15000 -64.75
498.20000 -64.75
498.25000 -64.75
498.30000 -64.75
498.35000 -64.75
498.40000 -64.75
498.45000 -64.75
498.50000 -64.75
498.55000 -64.75
498.60000 -64.75
498.65000 -64.75
498.70000 -64.75
498.75000 -64.75
498.80000 -64.75
498.85000 -64.75
498.90000 -64.75
498.95000 -64.75
499.00000 -64.75
499.05000 -64.75
499.10000 -64.75
499.15000 -64.75
499.20000 -64.75
499.25000 -64.75
499.30000 -64.75
499.35000 -64.75
499.40000 -64.75
499.45000 -64.75
499.50000 -64.75
499.55000 -64.75
499.60000 -64.75
499.65000 -64.75
499.70000 -64.75
499.75000 -64.75
499.80000 -64.75
499.85000 -64.75
499.90000 -64.75
499.95000 -64.75
500.00000 -64.75
500.05000 -64.75
500.10000 -64.75
500.15000 -64.75
500.20000 -64.76
500.25000 -64.76
500.30000 -64.76
500.35000 -64.76
500.40000 -64.76
500.45000 -64.76
500.50000 -64.76
500.55000 -64.76
500.60000 -64.76
500.65000 -64.76
500.70000 -64.76
500.75000 -64.76
500.80000 -64.75
500.85000 -64.76
500.90000 -64.76
500.95000 -64.75
501.00000 -64.75
501.05000 -64.75
501.10000 -64.75
501.15000 -64.75
501.20000 -64.75
501.25000 -64.75
501.30000 -64.75
501.35000 -64.75
501.40000 -64.75
501.45000 -64.75
501.50000 -64.75
501.55000 -64.75
501.60000 -64.75
501.65000 -64.76
501.70000 -64.75
501.75000 -64.75
501.80000 -64.75
501.85000 -64.75
501.90000 -64.75
501.95000 -64.75
502.00000 -64.75
502.05000 -64.75
502.10000 -64.75
502.15000 -64.75
502.20000 -64.75
502.25000 -64.75
502.30000 -64.75
502.35000 -64.75
502.40000 -64.75
502.45000 -64.75
502.50000 -64.75
502.55000 -64.75
502.60000 -64.75
502.65000 -64.75
502.70000 -64.75
502.75000 -64.75
502.80000 -64.75
502.85000 -64.75
502.90000 -64.75
502.95000 -64.75
503.00000 -64.75
503.05000 -64.75
503.10000 -64.75
503.15000 -64.75
503.20000 -64.75
503.25000 -64.75
503.30000 -64.75
503.35000 -64.75
503.40000 -64.75
503.45000 -64.75
503.50000 -64.75
503.55000 -64.75
503.60000 -64.75
503.65000 -64.75
503.70000 -64.74
503.75000 -64.74
503.80000 -64.74
503.85000 -64.74
503.90000 -64.74
503.95000 -64.75
504.00000 -64.75
504.05000 -64.75
504.10000 -64.75
504.15000 -64.75
504.20000 -64.74
504.25000 -64.75
504.30000 -64.75
504.35000 -64.75
504.40000 -64.75
504.45000 -64.75
504.50000 -64.75
504.55000 -64.75
504.60000 -64.75
504.65000 -64.75
504.70000 -64.75
504.75000 -64.75
504.80000 -64.75
504.85000 -64.75
504.90000 -64.75
504.95000 -64.75
505.00000 -64.75
505.05000 -64.75
505.10000 -64.75
505.15000 -64.75
505.20000 -64.75
505.25000 -64.75
505.30000 -64.75
505.35000 -64.75
505.40000 -64.75
505.45000 -64.75
505.50000 -64.75
505.55000 -64.75
505.60000 -64.75
505.65000 -64.75
505.70000 -64.75
505.75000 -64.75
505.80000 -64.75
505.85000 -64.75
505.90000 -64.75
505.95000 -64.75
506.00000 -64.75
506.05000 -64.75
506.10000 -64.75
506.15000 -64.75
506.20000 -64.75
506.25000 -64.75
506.30000 -64.75
506.35000 -64.75
506.40000 -64.75
506.45000 -64.75
506.50000 -64.75
506.55000 -64.75
506.60000 -64.75
506.65000 -64.75
506.70000 -64.74
506.75000 -64.75
506.80000 -64.75
506.85000 -64.75
506.90000 -64.75
506.95000 -64.74
507.00000 -64.74
507.05000 -64.74
507.10000 -64.74
507.15000 -64.75
507.20000 -64.74
507.25000 -64.74
507.30000 -64.74
507.35000 -64.74
507.40000 -64.74
507.45000 -64.75
507.50000 -64.74
507.55000 -64.75
507.60000 -64.74
507.65000 -64.74
507.70000 -64.74
507.75000 -64.75
507.80000 -64.75
507.85000 -64.75
507.90000 -64.74
507.95000 -64.74
508.00000 -64.74
508.05000 -64.74
508.10000 -64.74
508.15000 -64.75
508.20000 -64.75
508.25000 -64.75
508.30000 -64.75
508.35000 -64.75
508.40000 -64.75
508.45000 -64.75
508.50000 -64.75
508.55000 -64.75
508.60000 -64.75
508.65000 -64.75
508.70000 -64.75
508.75000 -64.75
508.80000 -64.75
508.85000 -64.75
508.90000 -64.75
508.95000 -64.75
509.00000 -64.75
509.05000 -64.75
509.10000 -64.75
509.15000 -64.75
509.20000 -64.75
509.25000 -64.75
509.30000 -64.75
509.35000 -64.75
509.40000 -64.75
509.45000 -64.75
509.50000 -64.75
509.55000 -64.75
509.60000 -64.75
509.65000 -64.74
509.70000 -64.74
509.75000 -64.74
509.80000 -64.74
509.85000 -64.74
509.90000 -64.74
509.95000 -64.74
510.00000 -64.74
510.05000 -64.74
510.10000 -64.75
510.15000 -64.75
510.20000 -64.74
510.25000 -64.75
510.30000 -64.75
510.35000 -64.75
510.40000 -64.75
510.45000 -64.75
510.50000 -64.75
510.55000 -64.75
510.60000 -64.75
510.65000 -64.75
510.70000 -64.75
510.75000 -64.75
510.80000 -64.75
510.85000 -64.75
510.90000 -64.75
510.95000 -64.74
511.00000 -64.75
511.05000 -64.74
511.10000 -64.74
511.15000 -64.74
511.20000 -64.74
511.25000 -64.74
511.30000 -64.74
511.35000 -64.74
511.40000 -64.74
511.45000 -64.74
511.50000 -64.74
511.55000 -64.74
511.60000 -64.74
511.65000 -64.74
511.70000 -64.74
511.75000 -64.74
511.80000 -64.74
511.85000 -64.74
511.90000 -64.74
511.95000 -64.74
512.00000 -64.74
512.05000 -64.74
512.10000 -64.74
512.15000 -64.74
512.20000 -64.74
512.25000 -64.74
512.30000 -64.74
512.35000 -64.74
512.40000 -64.74
512.45000 -64.74
512.50000 -64.74
512.55000 -64.75
512.60000 -64.75
512.65000 -64.74
512.70000 -64.74
512.75000 -64.74
512.80000 -64.74
512.85000 -64.74
512.90000 -64.74
512.95000 -64.74
513.00000 -64.75
513.05000 -64.74
513.10000 -64.75
513.15000 -64.75
513.20000 -64.75
513.25000 -64.75
513.30000 -64.75
513.35000 -64.75
513.40000 -64.75
513.45000 -64.75
513.50000 -64.75
513.55000 -64.75
513.60000 -64.75
513.65000 -64.75
513.70000 -64.75
513.75000 -64.75
513.80000 -64.75
513.85000 -64.75
513.90000 -64.75
513.95000 -64.75
514.00000 -64.75
514.05000 -64.75
514.10000 -64.75
514.15000 -64.75
514.20000 -64.75
514.25000 -64.75
514.30000 -64.75
514.35000 -64.75
514.40000 -64.75
514.45000 -64.75
514.50000 -64.75
514.55000 -64.75
514.60000 -64.75
514.65000 -64.75
514.70000 -64.75
514.75000 -64.75
514.80000 -64.74
514.85000 -64.74
514.90000 -64.75
514.95000 -64.75
515.00000 -64.75
515.05000 -64.75
515.10000 -64.75
515.15000 -64.75
515.20000 -64.75
515.25000 -64.75
515.30000 -64.75
515.35000 -64.75
515.40000 -64.75
515.45000 -64.74
515.50000 -64.75
515.55000 -64.75
515.60000 -64.75
515.65000 -64.75
515.70000 -64.75
515.75000 -64.75
515.80000 -64.75
515.85000 -64.75
515.90000 -64.75
515.95000 -64.75
516.00000 -64.75
516.05000 -64.75
516.10000 -64.75
516.15000 -64.75
516.20000 -64.75
516.25000 -64.75
516.30000 -64.75
516.35000 -64.75
516.40000 -64.75
516.45000 -64.75
516.50000 -64.75
516.55000 -64.75
516.60000 -64.75
516.65000 -64.75
516.70000 -64.75
516.75000 -64.75
516.80000 -64.75
516.85000 -64.74
516.90000 -64.74
516.95000 -64.74
517.00000 -64.74
517.05000 -64.75
517.10000 -64.75
517.15000 -64.75
517.20000 -64.75
517.25000 -64.75
517.30000 -64.75
517.35000 -64.75
517.40000 -64.75
517.45000 -64.75
517.50000 -64.75
517.55000 -64.75
517.60000 -64.75
517.65000 -64.75
517.70000 -64.75
517.75000 -64.75
517.80000 -64.75
517.85000 -64.74
517.90000 -64.74
517.95000 -64.74
518.00000 -64.74
518.05000 -64.74
518.10000 -64.74
518.15000 -64.74
518.20000 -64.74
518.25000 -64.74
518.30000 -64.75
518.35000 -64.74
518.40000 -64.74
518.45000 -64.74
518.50000 -64.74
518.55000 -64.74
518.60000 -64.74
518.65000 -64.74
518.70000 -64.74
518.75000 -64.74
518.80000 -64.74
518.85000 -64.74
518.90000 -64.74
518.95000 -64.74
519.00000 -64.74
519.05000 -64.74
519.10000 -64.74
519.15000 -64.74
519.20000 -64.74
519.25000 -64.74
519.30000 -64.74
519.35000 -64.74
519.40000 -64.74
519.45000 -64.74
519.50000 -64.74
519.55000 -64.74
519.60000 -64.74
519.65000 -64.74
519.70000 -64.74
519.75000 -64.74
519.80000 -64.74
519.85000 -64.74
519.90000 -64.74
519.95000 -64.74
520.00000 -64.74
520.05000 -64.74
520.10000 -64.74
520.15000 -64.74
520.20000 -64.74
520.25000 -64.75
520.30000 -64.75
520.35000 -64.74
520.40000 -64.75
520.45000 -64.75
520.50000 -64.74
520.55000 -64.74
520.60000 -64.74
520.65000 -64.74
520.70000 -64.74
520.75000 -64.74
520.80000 -64.74
520.85000 -64.74
520.90000 -64.74
520.95000 -64.74
521.00000 -64.75
521.05000 -64.74
521.10000 -64.74
521.15000 -64.74
521.20000 -64.75
521.25000 -64.75
521.30000 -64.75
521.35000 -64.74
521.40000 -64.75
521.45000 -64.75
521.50000 -64.75
521.55000 -64.75
521.60000 -64.75
521.65000 -64.75
521.70000 -64.75
521.75000 -64.74
521.80000 -64.75
521.85000 -64.75
521.90000 -64.75
521.95000 -64.75
522.00000 -64.75
522.05000 -64.75
522.10000 -64.75
522.15000 -64.75
522.20000 -64.75
522.25000 -64.75
522.30000 -64.75
522.35000 -64.75
522.40000 -64.75
522.45000 -64.75
522.50000 -64.75
522.55000 -64.75
522.60000 -64.75
522.65000 -64.75
522.70000 -64.75
522.75000 -64.75
522.80000 -64.75
522.85000 -64.75
522.90000 -64.75
522.95000 -64.75
523.00000 -64.75
523.05000 -64.75
523.10000 -64.75
523.15000 -64.75
523.20000 -64.75
523.25000 -64.75
523.30000 -64.75
523.35000 -64.75
523.40000 -64.75
523.45000 -64.75
523.50000 -64.75
523.55000 -64.75
523.60000 -64.75
523.65000 -64.75
523.70000 -64.75
523.75000 -64.75
523.80000 -64.76
523.85000 -64.76
523.90000 -64.76
523.95000 -64.76
524.00000 -64.76
524.05000 -64.76
524.10000 -64.76
524.15000 -64.76
524.20000 -64.76
524.25000 -64.76
524.30000 -64.76
524.35000 -64.76
524.40000 -64.76
524.45000 -64.76
524.50000 -64.76
524.55000 -64.76
524.60000 -64.76
524.65000 -64.76
524.70000 -64.76
524.75000 -64.76
524.80000 -64.76
524.85000 -64.76
524.90000 -64.76
524.95000 -64.76
525.00000 -64.76
525.05000 -64.76
525.10000 -64.76
525.15000 -64.76
525.20000 -64.76
525.25000 -64.76
525.30000 -64.76
525.35000 -64.76
525.40000 -64.76
525.45000 -64.76
525.50000 -64.76
525.55000 -64.76
525.60000 -64.76
525.65000 -64.76
525.70000 -64.76
525.75000 -64.75
525.80000 -64.75
525.85000 -64.75
525.90000 -64.75
525.95000 -64.75
526.00000 -64.75
526.05000 -64.75
526.10000 -64.75
526.15000 -64.75
526.20000 -64.75
526.25000 -64.75
526.30000 -64.75
526.35000 -64.75
526.40000 -64.75
526.45000 -64.75
526.50000 -64.75
526.55000 -64.75
526.60000 -64.75
526.65000 -64.75
526.70000 -64.75
526.75000 -64.75
526.80000 -64.75
526.85000 -64.75
526.90000 -64.75
526.95000 -64.75
527.00000 -64.75
527.05000 -64.75
527.10000 -64.75
527.15000 -64.75
527.20000 -64.75
527.25000 -64.75
527.30000 -64.75
527.35000 -64.75
527.40000 -64.75
527.45000 -64.75
527.50000 -64.74
527.55000 -64.74
527.60000 -64.74
527.65000 -64.74
527.70000 -64.74
527.75000 -64.74
527.80000 -64.74
527.85000 -64.74
527.90000 -64.74
527.95000 -64.74
528.00000 -64.74
528.05000 -64.74
528.10000 -64.74
528.15000 -64.74
528.20000 -64.74
528.25000 -64.75
528.30000 -64.75
528.35000 -64.75
528.40000 -64.75
528.45000 -64.75
528.50000 -64.75
528.55000 -64.75
528.60000 -64.75
528.65000 -64.75
528.70000 -64.75
528.75000 -64.75
528.80000 -64.75
528.85000 -64.75
528.90000 -64.75
528.95000 -64.75
529.00000 -64.75
529.05000 -64.75
529.10000 -64.75
529.15000 -64.75
529.20000 -64.75
529.25000 -64.75
529.30000 -64.75
529.35000 -64.75
529.40000 -64.75
529.45000 -64.75
529.50000 -64.75
529.55000 -64.75
529.60000 -64.75
529.65000 -64.75
529.70000 -64.75
529.75000 -64.75
529.80000 -64.75
529.85000 -64.75
529.90000 -64.75
529.95000 -64.75
530.00000 -64.75
530.05000 -64.75
530.10000 -64.75
530.15000 -64.75
530.20000 -64.75
530.25000 -64.75
530.30000 -64.75
530.35000 -64.75
530.40000 -64.75
530.45000 -64.75
530.50000 -64.75
530.55000 -64.75
530.60000 -64.75
530.65000 -64.75
530.70000 -64.75
530.75000 -64.75
530.80000 -64.75
530.85000 -64.75
530.90000 -64.75
530.95000 -64.75
531.00000 -64.75
531.05000 -64.75
531.10000 -64.75
531.15000 -64.75
531.20000 -64.75
531.25000 -64.75
531.30000 -64.75
531.35000 -64.75
531.40000 -64.75
531.45000 -64.75
531.50000 -64.75
531.55000 -64.75
531.60000 -64.75
531.65000 -64.75
531.70000 -64.75
531.75000 -64.75
531.80000 -64.75
531.85000 -64.75
531.90000 -64.75
531.95000 -64.75
532.00000 -64.75
532.05000 -64.75
532.10000 -64.75
532.15000 -64.75
532.20000 -64.75
532.25000 -64.75
532.30000 -64.75
532.35000 -64.75
532.40000 -64.75
532.45000 -64.76
532.50000 -64.75
532.55000 -64.75
532.60000 -64.75
532.65000 -64.75
532.70000 -64.75
532.75000 -64.75
532.80000 -64.75
532.85000 -64.75
532.90000 -64.75
532.95000 -64.75
533.00000 -64.75
533.05000 -64.75
533.10000 -64.75
533.15000 -64.75
533.20000 -64.75
533.25000 -64.75
533.30000 -64.75
533.35000 -64.75
533.40000 -64.75
533.45000 -64.75
533.50000 -64.75
533.55000 -64.75
533.60000 -64.75
533.65000 -64.75
533.70000 -64.75
533.75000 -64.75
533.80000 -64.75
533.85000 -64.75
533.90000 -64.75
533.95000 -64.75
534.00000 -64.75
534.05000 -64.75
534.10000 -64.75
534.15000 -64.75
534.20000 -64.75
534.25000 -64.75
534.30000 -64.75
534.35000 -64.75
534.40000 -64.75
534.45000 -64.75
534.50000 -64.75
534.55000 -64.75
534.60000 -64.75
534.65000 -64.75
534.70000 -64.75
534.75000 -64.75
534.80000 -64.75
534.85000 -64.74
534.90000 -64.74
534.95000 -64.74
535.00000 -64.74
535.05000 -64.74
535.10000 -64.74
535.15000 -64.74
535.20000 -64.74
535.25000 -64.74
535.30000 -64.74
535.35000 -64.74
535.40000 -64.74
535.45000 -64.74
535.50000 -64.74
535.55000 -64.74
535.60000 -64.73
535.65000 -64.74
535.70000 -64.74
535.75000 -64.74
535.80000 -64.74
535.85000 -64.74
535.90000 -64.74
535.95000 -64.74
536.00000 -64.74
536.05000 -64.74
536.10000 -64.74
536.15000 -64.74
536.20000 -64.74
536.25000 -64.74
536.30000 -64.74
536.35000 -64.74
536.40000 -64.74
536.45000 -64.74
536.50000 -64.74
536.55000 -64.74
536.60000 -64.74
536.65000 -64.75
536.70000 -64.74
536.75000 -64.75
536.80000 -64.75
536.85000 -64.75
536.90000 -64.74
536.95000 -64.75
537.00000 -64.75
537.05000 -64.75
537.10000 -64.75
537.15000 -64.75
537.20000 -64.75
537.25000 -64.75
537.30000 -64.75
537.35000 -64.75
537.40000 -64.75
537.45000 -64.75
537.50000 -64.75
537.55000 -64.74
537.60000 -64.74
537.65000 -64.74
537.70000 -64.74
537.75000 -64.74
537.80000 -64.74
537.85000 -64.74
537.90000 -64.74
537.95000 -64.74
538.00000 -64.74
538.05000 -64.74
538.10000 -64.74
538.15000 -64.75
538.20000 -64.75
538.25000 -64.75
538.30000 -64.75
538.35000 -64.75
538.40000 -64.75
538.45000 -64.75
538.50000 -64.75
538.55000 -64.75
538.60000 -64.75
538.65000 -64.75
538.70000 -64.75
538.75000 -64.75
538.80000 -64.75
538.85000 -64.75
538.90000 -64.75
538.95000 -64.75
539.00000 -64.75
539.05000 -64.75
539.10000 -64.75
539.15000 -64.75
539.20000 -64.75
539.25000 -64.75
539.30000 -64.75
539.35000 -64.75
539.40000 -64.75
539.45000 -64.75
539.50000 -64.74
539.55000 -64.74
539.60000 -64.74
539.65000 -64.74
539.70000 -64.74
539.75000 -64.74
539.80000 -64.74
539.85000 -64.74
539.90000 -64.74
539.95000 -64.74
540.00000 -64.74
540.05000 -64.74
540.10000 -64.74
540.15000 -64.74
540.20000 -64.74
540.25000 -64.74
540.30000 -64.74
540.35000 -64.74
540.40000 -64.74
540.45000 -64.74
540.50000 -64.74
540.55000 -64.74
540.60000 -64.74
540.65000 -64.75
540.70000 -64.75
540.75000 -64.74
540.80000 -64.74
540.85000 -64.74
540.90000 -64.74
540.95000 -64.74
541.00000 -64.74
541.05000 -64.74
541.10000 -64.74
541.15000 -64.74
541.20000 -64.74
541.25000 -64.74
541.30000 -64.74
541.35000 -64.74
541.40000 -64.74
541.45000 -64.74
541.50000 -64.74
541.55000 -64.74
541.60000 -64.74
541.65000 -64.74
541.70000 -64.74
541.75000 -64.74
541.80000 -64.74
541.85000 -64.74
541.90000 -64.74
541.95000 -64.74
542.00000 -64.74
542.05000 -64.74
542.10000 -64.74
542.15000 -64.74
542.20000 -64.74
542.25000 -64.74
542.30000 -64.74
542.35000 -64.74
542.40000 -64.74
542.45000 -64.74
542.50000 -64.74
542.55000 -64.74
542.60000 -64.74
542.65000 -64.74
542.70000 -64.74
542.75000 -64.74
542.80000 -64.74
542.85000 -64.74
542.90000 -64.74
542.95000 -64.74
543.00000 -64.74
543.05000 -64.74
543.10000 -64.74
543.15000 -64.74
543.20000 -64.74
543.25000 -64.74
543.30000 -64.74
543.35000 -64.74
543.40000 -64.74
543.45000 -64.74
543.50000 -64.74
543.55000 -64.74
543.60000 -64.74
543.65000 -64.74
543.70000 -64.74
543.75000 -64.74
543.80000 -64.74
543.85000 -64.74
543.90000 -64.74
543.95000 -64.74
544.00000 -64.74
544.05000 -64.74
544.10000 -64.74
544.15000 -64.74
544.20000 -64.74
544.25000 -64.74
544.30000 -64.74
544.35000 -64.74
544.40000 -64.74
544.45000 -64.74
544.50000 -64.74
544.55000 -64.74
544.60000 -64.74
544.65000 -64.74
544.70000 -64.74
544.75000 -64.74
544.80000 -64.74
544.85000 -64.74
544.90000 -64.74
544.95000 -64.74
545.00000 -64.74
545.05000 -64.74
545.10000 -64.74
545.15000 -64.74
545.20000 -64.74
545.25000 -64.74
545.30000 -64.74
545.35000 -64.74
545.40000 -64.74
545.45000 -64.75
545.50000 -64.75
545.55000 -64.75
545.60000 -64.75
545.65000 -64.75
545.70000 -64.74
545.75000 -64.74
545.80000 -64.75
545.85000 -64.75
545.90000 -64.75
545.95000 -64.75
546.00000 -64.75
546.05000 -64.75
546.10000 -64.75
546.15000 -64.75
546.20000 -64.75
546.25000 -64.75
546.30000 -64.75
546.35000 -64.75
546.40000 -64.75
546.45000 -64.75
546.50000 -64.75
546.55000 -64.75
546.60000 -64.75
546.65000 -64.75
546.70000 -64.75
546.75000 -64.75
546.80000 -64.75
546.85000 -64.75
546.90000 -64.75
546.95000 -64.75
547.00000 -64.74
547.05000 -64.75
547.10000 -64.75
547.15000 -64.75
547.20000 -64.75
547.25000 -64.75
547.30000 -64.75
547.35000 -64.75
547.40000 -64.75
547.45000 -64.75
547.50000 -64.75
547.55000 -64.75
547.60000 -64.75
547.65000 -64.75
547.70000 -64.75
547.75000 -64.74
547.80000 -64.74
547.85000 -64.74
547.90000 -64.74
547.95000 -64.74
548.00000 -64.74
548.05000 -64.74
548.10000 -64.74
548.15000 -64.74
548.20000 -64.74
548.25000 -64.74
548.30000 -64.74
548.35000 -64.74
548.40000 -64.74
548.45000 -64.74
548.50000 -64.74
548.55000 -64.74
548.60000 -64.74
548.65000 -64.74
548.70000 -64.74
548.75000 -64.74
548.80000 -64.74
548.85000 -64.74
548.90000 -64.74
548.95000 -64.74
549.00000 -64.74
549.05000 -64.74
549.10000 -64.74
549.15000 -64.74
549.20000 -64.74
549.25000 -64.74
549.30000 -64.74
549.35000 -64.74
549.40000 -64.74
549.45000 -64.74
549.50000 -64.74
549.55000 -64.74
549.60000 -64.74
549.65000 -64.74
549.70000 -64.74
549.75000 -64.74
549.80000 -64.74
549.85000 -64.74
549.90000 -64.74
549.95000 -64.74
