pre,pre_x,pre_y,pre_z,post_x,post_y,post_z,type,VPN_color,mappedSection,mappedSegRangeVar
720575940614914107,392.224,244.848,163.08,392.144,244.736,163.04,LC4,blue,dend[558],0.7173770012041041
720575940616713355,391.776,241.152,160.68,391.936,241.024,160.72,LC4,blue,dend[589],0.5515709255867367
720575940649229433,391.984,244.432,163.04,392.176,244.496,163.04,LC4,blue,dend[558],0.5942173783986789
720575940625991043,391.824,245.088,162.92,391.984,245.136,162.96,LC4,blue,dend[558],0.928467062082008
720575940625991043,393.072,244.672,161.28,393.04,244.464,161.24,LC4,blue,dend[376],0.22869437244369262
720575940617026260,393.056,238.976,159.24,393.2,239.152,159.2,LC4,blue,dend[580],0.09867370734808087
720575940617026260,392.416,239.328,160.64,392.224,239.472,160.64,LC4,blue,dend[590],0.8920467863709514
720575940628081541,392.672,242.0,161.08,392.832,242.112,160.96,LC4,blue,dend[577],0.8648920477709684
720575940628699560,392.624,242.384,163.44,392.72,242.192,163.44,LC4,blue,dend[380],0.3976633691376898
720575940628699560,392.048,241.92,163.4,392.16,241.792,163.36,LC4,blue,dend[413],0.6243945293911911
720575940628699560,393.088,242.832,163.68,393.312,242.784,163.64,LC4,blue,dend[554],0.8024901234853191
720575940613260959,389.616,242.032,168.76,389.456,242.128,168.68,LC4,blue,dend[516],0.9726299022766575
720575940613260959,392.0,244.256,165.96,391.776,244.416,165.84,LC4,blue,dend[387],0.39919744465992163
720575940613260959,391.088,242.128,167.96,391.232,241.984,167.96,LC4,blue,dend[508],0.47854592468342727
720575940613260959,393.184,243.456,165.16,393.2,243.248,165.12,LC4,blue,dend[401],0.07978129594500098
720575940613260959,393.168,243.632,165.04,393.2,243.568,164.88,LC4,blue,dend[412],0.4425379382859629
720575940613260959,391.824,243.968,165.88,391.76,244.048,165.72,LC4,blue,dend[387],0.19648353960300946
720575940613260959,391.232,243.168,166.48,391.136,243.12,166.32,LC4,blue,dend[399],0.7760440970751303
720575940613260959,389.264,242.256,168.92,389.232,242.304,168.76,LC4,blue,dend[516],0.8849329089704703
720575940613260959,391.792,242.912,166.2,391.888,242.768,166.12,LC4,blue,dend[385],0.8925417081485276
720575940638456227,392.288,243.248,167.44,392.32,243.136,167.48,LC4,blue,dend[529],0.5949399131804785
720575940638456227,392.56,244.352,166.92,392.672,244.576,166.88,LC4,blue,dend[402],0.4723290059553586
720575940638456227,392.08,243.216,167.36,392.064,242.992,167.4,LC4,blue,dend[529],0.3451341485263889
720575940638456227,390.288,244.32,168.08,390.176,244.48,168.04,LC4,blue,dend[514],0.5687909912211496
720575940628462340,391.632,245.664,163.84,391.792,245.808,163.88,LC4,blue,dend[391],0.30293445145123604
720575940628462340,391.152,245.504,164.76,391.344,245.552,164.84,LC4,blue,dend[391],0.07999162373081628
720575940626605200,391.872,241.088,168.48,391.776,241.264,168.44,LC4,blue,dend[452],0.907164126480362
720575940626605200,392.144,239.792,168.84,392.096,239.584,168.84,LC4,blue,dend[447],0.059819342445406355
720575940620903551,392.112,239.344,168.84,392.112,239.552,168.88,LC4,blue,dend[447],0.0827882178766799
720575940610522009,392.032,245.392,165.12,391.952,245.376,164.92,LC4,blue,dend[394],0.727028613284162
720575940610522009,391.904,241.056,165.0,391.936,240.976,165.12,LC4,blue,dend[395],0.9089423486953937
720575940610522009,391.728,245.184,165.6,391.504,245.2,165.68,LC4,blue,dend[387],0.8398329413838634
720575940610522009,391.92,241.856,165.32,392.064,241.712,165.32,LC4,blue,dend[395],0.4472654394889446
720575940610522009,392.064,242.048,165.56,392.256,242.016,165.52,LC4,blue,dend[395],0.2351731450945844
720575940612518055,391.392,241.872,167.92,391.28,242.0,167.96,LC4,blue,dend[508],0.4514947441648626
720575940612518055,390.176,244.704,168.32,390.272,244.704,168.2,LC4,blue,dend[514],0.8134787685094556
720575940612518055,391.536,241.456,168.36,391.728,241.312,168.4,LC4,blue,dend[452],0.9380154279894622
720575940612518055,391.408,241.632,165.72,391.312,241.712,165.64,LC4,blue,dend[399],0.27944607285353773
720575940612518055,390.16,244.176,168.88,390.08,244.016,168.96,LC4,blue,dend[519],1.0
720575940614914107,388.496,243.488,167.48,388.624,243.632,167.56,LC4,blue,dend[517],0.4428612737377052
720575940632769180,391.168,245.568,165.88,391.296,245.424,165.76,LC4,blue,dend[387],0.9956143160600577
720575940631338271,391.04,240.08,164.6,391.2,239.952,164.64,LC4,blue,dend[396],0.3121646120610145
720575940631338271,390.816,239.952,164.64,390.832,239.728,164.6,LC4,blue,dend[396],0.40479715561657703
720575940624111763,390.896,243.168,168.12,390.928,243.12,168.0,LC4,blue,dend[510],0.9219724130097217
720575940611134833,390.928,241.44,167.88,391.04,241.44,167.96,LC4,blue,dend[508],0.8832086167553608
720575940611134833,392.352,242.096,166.84,392.416,241.904,166.88,LC4,blue,dend[507],0.6500977139080243
720575940624111763,389.648,242.944,168.84,389.84,242.944,168.92,LC4,blue,dend[518],0.9687976071841421
720575940611134833,390.624,242.288,167.64,390.576,242.496,167.6,LC4,blue,dend[512],0.9009544647605628
720575940611134833,393.2,242.944,165.6,393.232,243.136,165.52,LC4,blue,dend[401],0.16872414988830603
720575940611134833,392.096,241.824,166.56,392.224,241.584,166.56,LC4,blue,dend[507],0.5661202957281156
720575940616713355,391.648,244.56,166.0,391.696,244.64,165.84,LC4,blue,dend[387],0.5293776543474539
720575940616713355,391.392,242.016,165.52,391.344,241.904,165.68,LC4,blue,dend[399],0.3312773553213786
720575940649229433,391.968,245.6,164.24,391.792,245.728,164.16,LC4,blue,dend[391],0.2595406694500165
720575940649229433,389.472,243.952,167.24,389.36,244.048,167.32,LC4,blue,dend[515],0.40304198388502493
720575940649229433,388.096,243.088,168.2,387.92,243.136,168.16,LC4,blue,dend[526],0.9081831580881938
720575940649229433,390.176,243.264,166.6,390.4,243.312,166.6,LC4,blue,dend[399],0.976958297300766
720575940649229433,392.144,245.6,163.96,392.032,245.68,163.8,LC4,blue,dend[391],0.328200396295845
720575940629753807,392.24,241.392,165.08,392.032,241.296,165.2,LC4,blue,dend[395],0.6980800871102354
720575940629753807,391.888,245.552,167.8,392.0,245.68,167.76,LC4,blue,dend[410],0.3451113879036038
720575940629753807,392.336,241.744,165.12,392.208,241.872,165.16,LC4,blue,dend[395],0.3001523784241438
720575940629753807,392.464,241.888,165.08,392.336,242.032,165.0,LC4,blue,dend[383],0.5024858855976624
720575940629753807,392.448,244.608,167.2,392.624,244.672,167.08,LC4,blue,dend[402],0.8170893070949127
720575940629753807,392.528,245.088,167.72,392.56,245.264,167.64,LC4,blue,dend[404],0.9157853816806456
720575940629753807,392.0,245.456,167.76,392.08,245.6,167.72,LC4,blue,dend[410],0.29554428724576975
720575940638496720,390.32,243.616,168.92,390.192,243.76,168.84,LC4,blue,dend[519],0.827138219827342
720575940619397542,390.752,243.2,166.6,390.544,243.248,166.56,LC4,blue,dend[399],0.9327426699740102
720575940627519107,392.608,244.88,166.84,392.72,244.672,166.84,LC4,blue,dend[402],0.44225009365771023
720575940627519107,387.712,244.768,168.64,387.856,244.672,168.72,LC4,blue,dend[526],0.2325423999751017
720575940627519107,392.96,245.2,166.56,393.12,245.024,166.52,LC4,blue,dend[402],0.0445186673627926
720575940617026260,392.752,241.072,165.12,392.944,241.04,165.16,LC4,blue,dend[416],0.9858299162795873
720575940617026260,392.656,241.2,165.2,392.8,241.328,165.32,LC4,blue,dend[553],0.7055825309041615
720575940617026260,392.8,241.28,163.88,392.816,241.504,163.84,LC4,blue,dend[380],0.8152567406602861
720575940617026260,392.816,240.928,164.68,393.024,240.832,164.72,LC4,blue,dend[416],0.2581908818005623
720575940617026260,392.56,241.392,164.32,392.624,241.648,164.28,LC4,blue,dend[381],0.6618179354235866
720575940617266722,393.136,241.648,164.4,393.088,241.68,164.24,LC4,blue,dend[380],0.9816305451959197
720575940617266722,392.992,239.264,167.72,393.088,239.264,167.52,LC4,blue,dend[419],0.9093858638897238
720575940617266722,393.184,241.376,164.8,393.392,241.296,164.76,LC4,blue,dend[414],0.635426854563556
720575940617266722,392.688,239.424,168.52,392.528,239.536,168.56,LC4,blue,dend[446],0.23965795497017106
720575940628081541,390.4,243.168,166.36,390.496,243.248,166.48,LC4,blue,dend[399],0.9285333316139596
720575940628081541,391.52,243.6,164.28,391.616,243.568,164.4,LC4,blue,dend[393],0.34578251307898217
720575940617266722,392.64,239.136,168.6,392.512,239.12,168.76,LC4,blue,dend[446],0.8339532177359505
720575940628081541,391.488,243.248,164.28,391.632,243.184,164.36,LC4,blue,dend[393],0.7083144251065875
720575940617266722,392.416,239.728,168.04,392.32,239.808,168.2,LC4,blue,dend[452],0.07310378406853164
720575940617266722,392.768,242.128,164.88,392.544,242.208,164.88,LC4,blue,dend[382],1.0
720575940628081541,389.296,242.336,168.12,389.36,242.544,168.16,LC4,blue,dend[516],0.6518664572725436
720575940620795728,389.872,244.672,167.8,389.984,244.48,167.8,LC4,blue,dend[513],0.9382833731519562
720575940622531767,387.84,244.096,168.2,387.984,244.032,168.32,LC4,blue,dend[526],0.54212311475073
720575940615127227,390.0,244.432,167.32,389.984,244.384,167.48,LC4,blue,dend[513],0.8965447730271908
720575940615127227,390.832,245.584,165.44,390.912,245.472,165.4,LC4,blue,dend[390],0.30909493424943074
720575940613260959,389.888,242.56,169.16,389.984,242.736,169.24,LC4,blue,dend[528],0.7997157840755734
720575940638456227,388.944,244.448,169.32,388.96,244.688,169.32,LC4,blue,dend[525],0.5155285867840615
720575940638456227,389.248,244.4,169.04,389.296,244.576,169.12,LC4,blue,dend[525],0.3034931255769598
720575940620903551,391.904,237.744,170.8,392.016,237.856,170.64,LC4,blue,dend[451],0.14548986205979866
720575940612518055,389.008,244.752,169.04,388.992,244.688,169.2,LC4,blue,dend[525],0.5032232947255515
720575940612518055,388.832,244.752,169.0,388.72,244.624,169.08,LC4,blue,dend[525],0.6623736452452699
720575940612518055,390.4,244.576,169.76,390.24,244.64,169.84,LC4,blue,dend[522],0.7956716877780063
720575940612518055,390.144,244.448,169.52,389.984,244.368,169.56,LC4,blue,dend[522],0.3505182292578487
720575940612518055,388.592,245.6,169.52,388.704,245.68,169.6,LC4,blue,dend[527],0.6410739761422454
720575940612518055,387.696,245.04,168.96,387.792,244.832,168.96,LC4,blue,dend[526],0.12765846509609677
720575940633580384,388.912,245.728,169.76,388.864,245.664,169.6,LC4,blue,dend[527],0.7230815548152103
720575940633580384,388.448,245.728,169.96,388.512,245.632,169.84,LC4,blue,dend[527],0.49717483167366994
720575940626626895,390.128,242.656,169.48,390.112,242.688,169.28,LC4,blue,dend[528],0.9945135839550858
720575940638496720,390.16,243.968,170.16,390.32,244.064,170.2,LC4,blue,dend[523],0.10579574035192726
720575940638496720,390.768,243.2,169.32,390.96,243.136,169.36,LC4,blue,dend[523],0.9441848753545945
720575940638496720,389.712,242.944,169.28,389.856,242.816,169.28,LC4,blue,dend[528],0.6546941820703376
720575940619397542,388.048,244.656,169.64,388.064,244.704,169.44,LC4,blue,dend[525],1.0
720575940619397542,389.52,244.464,169.52,389.552,244.496,169.32,LC4,blue,dend[525],0.12237425490986431
720575940619397542,389.968,244.88,169.84,390.192,244.8,169.8,LC4,blue,dend[524],0.25575342129805684
720575940619397542,389.168,245.488,169.48,389.072,245.664,169.48,LC4,blue,dend[527],0.846015314535334
720575940612580977,390.432,243.824,170.36,390.416,244.016,170.24,LC4,blue,dend[523],0.14260777642858233
720575940625038090,390.976,239.392,170.0,391.152,239.472,170.0,LC4,blue,dend[447],0.7099464650282998
720575940620795728,388.48,244.304,168.96,388.352,244.48,168.96,LC4,blue,dend[526],0.21493884777500863
720575940614572742,392.752,239.68,168.96,392.72,239.52,168.8,LC4,blue,dend[446],0.4916981192346579
720575940614572742,391.12,239.6,170.28,391.136,239.44,170.2,LC4,blue,dend[447],0.7984123798530156
720575940614572742,391.952,239.36,169.6,391.872,239.2,169.6,LC4,blue,dend[447],0.5188964148989349
720575940630998339,393.168,246.32,157.0,393.04,246.144,157.04,LC4,blue,dend[338],0.8947413710607922
720575940628462340,392.304,246.608,162.88,392.272,246.736,163.0,LC4,blue,dend[391],0.6513507267435547
720575940622108001,392.832,247.6,163.04,392.832,247.552,163.2,LC4,blue,dend[391],0.8836906011524598
720575940615053580,392.896,247.936,163.32,392.928,247.728,163.32,LC4,blue,dend[391],0.9217776545042063
720575940615127227,392.528,247.104,163.28,392.464,247.072,163.12,LC4,blue,dend[391],0.7365459811036624
720575940615127227,393.168,247.728,163.64,393.2,247.888,163.56,LC4,blue,dend[391],0.9752535642168583
720575940615575007,391.28,246.8,168.28,391.2,246.784,168.12,LC4,blue,dend[410],0.9171944093304595
720575940615575007,392.128,246.56,167.84,392.32,246.496,167.76,LC4,blue,dend[407],0.450632629115624
720575940615575007,391.36,246.72,168.24,391.28,246.72,168.08,LC4,blue,dend[410],0.8718305267300724
720575940615575007,391.824,246.272,168.04,391.792,246.112,167.96,LC4,blue,dend[410],0.5411088102010893
720575940615575007,392.16,246.528,168.12,392.352,246.528,168.12,LC4,blue,dend[407],0.7210676567226333
720575940629753807,390.896,246.784,168.16,391.12,246.816,168.16,LC4,blue,dend[410],0.9541518558159856
720575940619397542,391.6,246.064,167.84,391.744,246.08,167.96,LC4,blue,dend[410],0.5477635033628709
720575940619397542,392.8,246.0,167.36,392.944,245.952,167.52,LC4,blue,dend[406],0.7428189614726519
720575940619397542,392.192,246.464,167.56,392.272,246.528,167.72,LC4,blue,dend[407],0.44862687590768563
720575940627519107,392.976,245.808,167.36,392.976,245.92,167.52,LC4,blue,dend[406],0.6808536060410164
720575940630998339,392.704,246.144,167.92,392.64,246.208,167.76,LC4,blue,dend[407],0.23082993170191307
720575940630998339,393.056,245.808,168.08,393.104,245.632,168.04,LC4,blue,dend[409],0.28540162675141983
720575940615127227,391.744,246.0,164.08,391.776,245.792,164.08,LC4,blue,dend[391],0.27700086977639704
720575940615127227,391.936,245.92,164.96,392.064,245.808,165.04,LC4,blue,dend[394],0.9476641414625427
720575940615127227,391.504,245.84,164.84,391.472,245.632,164.8,LC4,blue,dend[391],0.12143385766112735
720575940618676440,390.304,246.16,169.44,390.352,245.936,169.52,LC4,blue,dend[524],0.9310369123091835
720575940615575007,389.024,245.888,169.28,389.152,245.696,169.28,LC4,blue,dend[527],0.9169010819410613
720575940633580384,390.128,245.936,169.68,390.288,245.824,169.6,LC4,blue,dend[524],0.8551927029326023
720575940622939836,409.568,243.488,151.92,409.52,243.68,151.84,LC4,blue,dend[174],1.0
720575940622939836,409.248,243.632,152.28,409.056,243.728,152.24,LC4,blue,dend[175],0.5092500684532256
720575940618676440,408.544,245.088,150.48,408.592,244.88,150.52,LC4,blue,dend[171],0.5256860479957207
720575940620903551,408.816,244.32,151.64,408.992,244.368,151.44,LC4,blue,dend[173],0.1019988563195288
720575940610522009,408.496,244.448,150.04,408.528,244.656,150.12,LC4,blue,dend[171],0.3254442387771685
720575940633580384,408.976,243.968,152.72,408.816,243.696,152.56,LC4,blue,dend[175],0.7274144088817966
720575940611134833,409.008,243.488,152.68,408.912,243.664,152.72,LC4,blue,dend[175],0.7635125140895133
720575940611134833,409.008,243.376,153.36,409.088,243.44,153.24,LC4,blue,dend[176],0.4880505105725056
720575940618312606,409.248,244.896,150.8,409.2,244.656,150.8,LC4,blue,dend[171],0.7936898381520964
720575940618312606,409.408,245.008,150.76,409.568,244.88,150.68,LC4,blue,dend[171],0.7655226940958262
720575940613260959,409.472,244.448,154.48,409.568,244.384,154.36,LC4,blue,dend[211],0.9530668616946676
720575940613260959,409.216,244.992,155.16,409.248,245.2,155.16,LC4,blue,dend[240],0.6867810175418756
720575940618676440,409.232,238.48,157.28,409.216,238.304,157.36,LC4,blue,dend[1132],0.3692017904779855
720575940615462587,405.536,244.08,157.2,405.424,244.016,157.04,LC4,blue,dend[744],0.47436670978763773
720575940615462587,409.024,238.192,157.84,409.008,238.24,157.64,LC4,blue,dend[1132],0.4129249049914165
720575940615462587,405.44,243.68,157.36,405.312,243.632,157.2,LC4,blue,dend[743],0.9019694906886635
720575940615462587,405.568,244.352,157.12,405.504,244.4,156.96,LC4,blue,dend[744],0.8461603338248974
720575940628462340,404.352,242.224,157.6,404.336,242.352,157.44,LC4,blue,dend[718],0.94551794676463
720575940615462587,408.864,238.624,158.16,408.8,238.704,158.04,LC4,blue,dend[1132],0.49606786878048564
720575940628462340,406.224,240.848,157.64,406.24,240.624,157.72,LC4,blue,dend[1119],0.685982273136081
720575940615462587,408.832,245.36,155.28,409.008,245.312,155.36,LC4,blue,dend[240],0.9169964816101361
720575940628462340,405.968,241.856,157.04,406.128,241.952,156.92,LC4,blue,dend[747],0.6060744571608969
720575940624017251,407.792,243.072,154.16,407.872,243.088,154.04,LC4,blue,dend[183],0.409743329294447
720575940624017251,406.864,241.488,158.28,406.88,241.296,158.2,LC4,blue,dend[1119],0.06912619410984472
720575940624017251,405.904,242.736,156.68,405.728,242.608,156.64,LC4,blue,dend[745],0.8095604610128416
720575940626605200,408.272,239.104,158.4,408.24,238.912,158.4,LC4,blue,dend[1132],0.5968924070479901
720575940624017251,408.72,243.264,154.4,408.88,243.408,154.28,LC4,blue,dend[213],0.8781155173079246
720575940624017251,406.0,242.384,156.92,405.856,242.288,156.88,LC4,blue,dend[745],1.0
720575940620903551,405.472,244.688,156.84,405.488,244.48,156.92,LC4,blue,dend[744],0.920369379535551
720575940620903551,405.296,245.232,157.08,405.12,245.376,157.12,LC4,blue,dend[748],1.0
720575940620903551,406.48,245.104,155.36,406.32,245.152,155.28,LC4,blue,dend[750],0.8952323296877687
720575940620903551,405.792,245.424,156.44,405.744,245.616,156.44,LC4,blue,dend[750],0.25904640643965393
720575940612518055,405.456,244.048,156.8,405.44,244.032,156.96,LC4,blue,dend[744],0.49867693164097565
720575940633580384,405.344,244.464,157.52,405.168,244.336,157.56,LC4,blue,dend[743],0.43942965725051947
720575940633580384,405.328,244.896,157.52,405.344,245.088,157.52,LC4,blue,dend[752],0.32635342793638655
720575940615575007,394.656,237.776,158.68,394.48,237.664,158.64,LC4,blue,dend[581],0.8359222687289466
720575940633580384,407.744,244.96,154.84,407.648,245.12,154.76,LC4,blue,dend[234],0.971198871330271
720575940614914107,404.512,245.344,158.68,404.384,245.296,158.56,LC4,blue,dend[738],0.6359671887557722
720575940614914107,409.28,243.6,156.28,409.216,243.376,156.28,LC4,blue,dend[216],0.3449577995933979
720575940614914107,406.112,244.784,157.48,406.0,244.656,157.44,LC4,blue,dend[752],0.8662847100313109
720575940631338271,406.704,231.952,157.24,406.768,231.808,157.32,LC4,blue,dend[1216],0.35438983486052356
720575940631338271,406.96,232.8,157.4,407.056,232.848,157.24,LC4,blue,dend[1238],0.541529976538333
720575940624111763,409.456,240.16,158.08,409.584,240.016,158.16,LC4,blue,dend[1112],0.4704855397094938
720575940611134833,409.504,243.408,157.12,409.312,243.28,157.12,LC4,blue,dend[216],0.6841042513219072
720575940624111763,409.584,240.032,157.88,409.68,240.0,158.08,LC4,blue,dend[1112],0.3577624141067267
720575940611134833,409.536,243.008,155.2,409.712,243.12,155.2,LC4,blue,dend[215],0.8059570348129071
720575940611134833,409.504,242.896,155.88,409.296,243.008,155.96,LC4,blue,dend[216],0.20678198391627192
720575940629753807,403.408,244.848,156.64,403.472,244.72,156.76,LC4,blue,dend[754],0.6017885968535656
720575940629753807,404.608,245.136,156.08,404.704,245.28,156.2,LC4,blue,dend[751],0.8622539289711444
720575940629753807,402.224,245.696,156.32,402.064,245.76,156.36,LC4,blue,dend[755],0.04769390855689442
720575940629753807,402.624,245.44,156.96,402.592,245.232,157.0,LC4,blue,dend[717],0.4237363861792094
720575940629753807,403.424,244.64,156.44,403.536,244.512,156.52,LC4,blue,dend[754],0.8115672481801153
720575940618312606,407.856,243.696,154.0,407.648,243.76,153.96,LC4,blue,dend[182],0.613694026555486
720575940619397542,401.328,245.328,156.88,401.52,245.28,156.8,LC4,blue,dend[716],0.6992012916607822
720575940619397542,402.224,244.864,158.2,402.384,245.024,158.2,LC4,blue,dend[719],0.9492929018307045
720575940640612480,408.992,243.328,157.2,409.216,243.28,157.2,LC4,blue,dend[216],0.7173556390267694
720575940640612480,409.36,243.456,155.56,409.52,243.328,155.6,LC4,blue,dend[215],1.0
720575940625991043,399.984,244.368,157.84,399.856,244.32,157.68,LC4,blue,dend[708],0.8532397381881386
720575940625991043,400.192,244.56,158.6,400.368,244.688,158.56,LC4,blue,dend[709],0.8703531245103406
720575940625991043,407.888,242.432,154.04,408.016,242.608,154.04,LC4,blue,dend[183],0.814249814007901
720575940625991043,400.08,244.592,158.04,399.824,244.8,158.04,LC4,blue,dend[709],0.42647739047198985
720575940630484495,409.168,242.768,157.44,409.376,242.784,157.52,LC4,blue,dend[216],0.8364252528179144
720575940630484495,409.056,242.976,156.36,409.184,243.168,156.32,LC4,blue,dend[216],0.3572890500802881
720575940630484495,409.072,243.024,157.56,409.248,243.2,157.56,LC4,blue,dend[216],0.8619904862264895
720575940617026260,408.352,230.88,154.84,408.272,230.688,155.0,LC4,blue,dend[1241],0.5847700764233071
720575940618002644,406.368,245.616,155.48,406.352,245.408,155.52,LC4,blue,dend[750],0.7802468255554662
720575940612580977,403.312,244.0,157.2,403.504,244.032,157.2,LC4,blue,dend[718],0.3542590951400981
720575940612580977,406.32,241.6,156.84,406.304,241.76,156.96,LC4,blue,dend[747],0.8665084186271994
720575940612580977,401.968,245.2,157.76,402.128,245.312,157.72,LC4,blue,dend[717],0.38614145443057096
720575940612580977,399.792,245.056,158.04,399.632,244.864,158.08,LC4,blue,dend[709],0.3519701430095227
720575940612580977,405.184,242.368,156.48,405.376,242.48,156.48,LC4,blue,dend[746],0.06937971131558376
720575940612580977,402.88,244.368,157.36,402.976,244.544,157.28,LC4,blue,dend[718],0.13243395706359587
720575940617266722,405.568,244.896,154.4,405.568,244.992,154.24,LC4,blue,dend[253],0.993286500488856
720575940617266722,403.456,245.712,158.08,403.264,245.712,158.16,LC4,blue,dend[721],0.6055310636238267
720575940617266722,404.656,245.024,158.48,404.656,245.184,158.36,LC4,blue,dend[738],0.8655470856613698
720575940628081541,406.496,240.88,158.04,406.368,240.688,158.0,LC4,blue,dend[1119],0.5330826444945034
720575940617266722,403.184,245.456,157.48,402.944,245.424,157.44,LC4,blue,dend[717],0.8277545283320328
720575940617266722,406.112,244.96,155.04,406.32,245.04,155.12,LC4,blue,dend[750],0.9689393202986475
720575940617266722,404.752,245.248,156.6,404.848,245.424,156.56,LC4,blue,dend[751],0.4148120199059938
720575940630851036,407.616,240.752,158.64,407.472,240.8,158.72,LC4,blue,dend[1118],0.582926778357642
720575940630851036,405.84,242.88,155.44,405.792,242.704,155.44,LC4,blue,dend[746],0.8764540614626541
720575940613256863,409.536,243.552,157.96,409.472,243.36,157.84,LC4,blue,dend[216],0.977492900560234
720575940630998339,405.232,243.536,156.84,405.248,243.36,157.0,LC4,blue,dend[745],0.1007219762104292
720575940630998339,405.2,243.936,157.08,405.312,243.872,157.16,LC4,blue,dend[743],0.7848368148029171
720575940630998339,393.936,245.088,158.4,393.92,244.864,158.44,LC4,blue,dend[333],0.9295262067985006
720575940620795728,409.216,245.344,157.32,409.344,245.424,157.28,LC4,blue,dend[231],0.19954695243534035
720575940620795728,408.848,245.536,158.0,408.976,245.664,158.0,LC4,blue,dend[231],0.5353134755425006
720575940622531767,409.392,242.736,157.72,409.424,242.848,157.6,LC4,blue,dend[216],0.8699100848446
720575940618807105,409.04,238.816,157.84,408.912,238.688,157.84,LC4,blue,dend[1132],0.4651967101096193
720575940614572742,409.584,240.496,158.56,409.44,240.528,158.6,LC4,blue,dend[1130],0.8677005868475552
720575940615127227,403.664,243.152,157.2,403.648,243.216,157.12,LC4,blue,dend[718],0.602527950720812
720575940615127227,403.44,243.712,157.4,403.52,243.792,157.24,LC4,blue,dend[718],0.4232037602768167
720575940615127227,400.64,244.912,158.6,400.528,244.768,158.48,LC4,blue,dend[709],0.9195582692387768
720575940615127227,404.736,243.536,157.28,404.912,243.616,157.28,LC4,blue,dend[743],0.8611256823192741
720575940615127227,402.432,244.336,158.64,402.496,244.528,158.64,LC4,blue,dend[720],0.4765860701195724
720575940615127227,404.368,242.56,157.56,404.304,242.4,157.48,LC4,blue,dend[718],0.927309158304034
720575940618723749,409.088,245.424,155.52,409.056,245.296,155.36,LC4,blue,dend[240],0.8780430630977925
720575940618723749,398.704,245.056,157.68,398.816,244.864,157.6,LC4,blue,dend[707],0.8059039676702875
720575940618723749,409.584,245.52,156.24,409.776,245.6,156.32,LC4,blue,dend[230],0.23128282780792797
720575940618723749,399.12,245.088,157.8,399.136,244.864,157.8,LC4,blue,dend[709],0.014802105191602674
720575940613260959,408.032,236.912,163.28,408.128,237.088,163.24,LC4,blue,dend[1153],0.9888989851254213
720575940638456227,403.04,242.256,163.08,403.088,242.128,163.2,LC4,blue,dend[695],0.35156931395612395
720575940638456227,401.216,243.632,163.68,401.104,243.632,163.56,LC4,blue,dend[651],0.2930890031634429
720575940622939836,408.832,235.872,160.16,408.672,235.648,160.08,LC4,blue,dend[1148],0.5822802388840083
720575940618676440,406.0,240.192,162.2,405.92,240.24,162.32,LC4,blue,dend[1182],0.8193941866928501
720575940618676440,408.688,244.032,161.48,408.64,243.936,161.64,LC4,blue,dend[220],0.787349698868877
720575940618676440,402.992,245.44,162.96,403.056,245.504,162.8,LC4,blue,dend[730],0.051499388236250325
720575940618676440,404.432,244.48,162.24,404.352,244.288,162.28,LC4,blue,dend[732],0.8032433630982683
720575940618676440,407.808,243.984,161.6,407.744,243.824,161.6,LC4,blue,dend[221],0.20079643175111792
720575940628462340,400.048,243.792,160.88,400.224,243.888,160.92,LC4,blue,dend[637],0.3335483411500514
720575940628462340,396.304,244.496,162.64,396.352,244.4,162.76,LC4,blue,dend[570],0.35968797782267137
720575940634517856,407.056,237.632,162.92,406.944,237.664,162.8,LC4,blue,dend[1154],0.3779778677069934
720575940628462340,399.904,244.416,160.44,399.92,244.48,160.28,LC4,blue,dend[636],0.8008074309610252
720575940634517856,407.92,237.248,162.88,408.032,237.2,162.76,LC4,blue,dend[1153],0.6714313107158129
720575940628462340,398.832,244.064,161.28,398.736,243.888,161.28,LC4,blue,dend[641],0.2143311689122922
720575940615462587,401.808,241.936,162.96,401.824,242.128,163.0,LC4,blue,dend[696],0.6898980195474146
720575940628462340,396.416,244.432,162.52,396.512,244.272,162.6,LC4,blue,dend[570],0.3880989038405985
720575940628462340,400.144,243.968,160.72,400.256,243.968,160.8,LC4,blue,dend[637],0.2726519372630375
720575940615462587,402.288,240.704,163.24,402.272,240.832,163.36,LC4,blue,dend[693],0.2949930799901919
720575940628462340,399.504,243.552,160.4,399.376,243.568,160.28,LC4,blue,dend[636],0.27932202662072075
720575940615462587,406.672,239.376,160.16,406.72,239.584,160.16,LC4,blue,dend[1132],0.9500918211503006
720575940634517856,405.92,238.704,163.8,405.776,238.672,163.64,LC4,blue,dend[1180],0.34232266243646803
720575940628462340,402.528,243.904,159.16,402.64,244.08,159.12,LC4,blue,dend[720],0.907799391869634
720575940628462340,400.144,243.984,160.0,400.064,244.16,159.96,LC4,blue,dend[636],0.7450294944028054
720575940615462587,402.816,240.944,162.6,402.928,241.072,162.68,LC4,blue,dend[697],0.31702095931430735
720575940615462587,401.904,240.672,163.68,402.096,240.72,163.72,LC4,blue,dend[692],0.9459963309115134
720575940615462587,406.464,239.44,160.12,406.576,239.6,160.12,LC4,blue,dend[1132],0.9615228194947328
720575940626605200,399.824,241.52,163.24,399.728,241.552,163.04,LC4,blue,dend[664],0.38661073787419653
720575940626605200,406.976,239.712,159.76,407.04,239.584,159.84,LC4,blue,dend[1132],0.8880286881450563
720575940626605200,399.328,241.408,163.36,399.36,241.312,163.2,LC4,blue,dend[663],1.0
720575940624017251,407.008,240.976,158.76,407.056,240.976,158.6,LC4,blue,dend[1118],0.924160653431526
720575940626605200,406.752,239.6,159.8,406.832,239.552,159.96,LC4,blue,dend[1132],0.9183689888867738
720575940624017251,406.352,240.96,159.2,406.16,240.864,159.2,LC4,blue,dend[1120],0.8478202170845732
720575940626605200,400.704,241.104,162.76,400.592,240.944,162.68,LC4,blue,dend[666],0.9963035755815443
720575940626605200,399.312,241.312,163.48,399.36,241.184,163.36,LC4,blue,dend[665],0.027682676211024767
720575940620903551,394.16,243.824,162.72,394.208,244.048,162.72,LC4,blue,dend[565],0.5272408682738984
720575940620903551,393.536,242.704,163.8,393.344,242.816,163.76,LC4,blue,dend[554],0.8738810646557803
720575940620903551,393.712,242.448,163.32,393.552,242.416,163.24,LC4,blue,dend[379],0.7656468201162562
720575940610522009,408.56,245.632,158.88,408.656,245.472,158.76,LC4,blue,dend[231],0.9621994917151713
720575940612518055,408.4,243.408,161.64,408.352,243.456,161.48,LC4,blue,dend[219],0.8775635931138164
720575940612518055,409.024,235.456,160.16,408.864,235.664,160.12,LC4,blue,dend[1148],0.8835354069432741
720575940612518055,409.2,242.864,160.72,409.072,242.864,160.56,LC4,blue,dend[219],0.18673606726628955
720575940612518055,408.768,243.184,161.32,408.624,243.296,161.2,LC4,blue,dend[219],0.6525069069179845
720575940633580384,403.504,244.384,163.68,403.424,244.368,163.48,LC4,blue,dend[731],0.613525025240037
720575940615575007,394.144,241.6,163.4,393.952,241.696,163.4,LC4,blue,dend[380],0.11498215735798537
720575940615575007,408.672,243.888,159.88,408.688,243.696,159.8,LC4,blue,dend[218],0.9427720700407702
720575940633580384,393.856,242.08,163.16,393.648,242.08,163.2,LC4,blue,dend[379],0.9494367176574671
720575940633580384,400.688,244.064,163.8,400.752,243.888,163.72,LC4,blue,dend[652],0.7558927341066218
720575940633580384,393.968,242.24,162.84,393.792,242.336,162.8,LC4,blue,dend[379],0.44223962443720327
720575940615575007,394.0,241.568,163.64,393.84,241.68,163.6,LC4,blue,dend[380],0.29614351322452687
720575940615575007,394.56,238.544,158.76,394.352,238.528,158.68,LC4,blue,dend[581],0.22120470044065849
720575940615575007,408.752,243.584,160.28,408.768,243.376,160.2,LC4,blue,dend[219],0.13738984945458652
720575940633580384,409.264,242.752,162.4,409.312,242.864,162.28,LC4,blue,dend[1129],0.9575613928132348
720575940615575007,394.64,240.896,161.84,394.8,241.04,161.8,LC4,blue,dend[561],0.22061581144644507
720575940633580384,403.84,244.4,160.6,403.648,244.528,160.64,LC4,blue,dend[723],0.8633470735491023
720575940615575007,406.448,244.736,161.4,406.624,244.8,161.48,LC4,blue,dend[221],0.9560295520763301
720575940633580384,404.544,244.512,158.72,404.608,244.368,158.64,LC4,blue,dend[741],0.44281176662576927
720575940615575007,395.008,239.84,161.2,395.136,239.68,161.24,LC4,blue,dend[561],0.827454752978479
720575940615575007,394.512,238.704,158.88,394.336,238.784,158.8,LC4,blue,dend[580],0.9405127936520572
720575940605598892,406.224,241.264,162.72,406.32,241.328,162.92,LC4,blue,dend[1184],0.4444164475727888
720575940605598892,406.16,241.056,162.76,406.32,240.992,162.84,LC4,blue,dend[1184],0.32385951727776063
720575940605598892,405.808,240.4,162.4,405.904,240.24,162.4,LC4,blue,dend[1182],0.7127948055883024
720575940605598892,403.68,241.248,163.36,403.504,241.168,163.28,LC4,blue,dend[697],0.8601633425949871
720575940614914107,403.312,245.184,159.12,403.376,245.152,159.0,LC4,blue,dend[723],0.11697541090145813
720575940614914107,398.816,244.976,160.88,398.72,244.848,160.76,LC4,blue,dend[641],0.8818644466862259
720575940614914107,400.48,244.464,160.6,400.4,244.384,160.52,LC4,blue,dend[637],0.12250712637837564
720575940614914107,400.656,244.72,160.16,400.576,244.592,160.04,LC4,blue,dend[638],0.27007347265538434
720575940614914107,400.736,245.024,159.76,400.752,244.848,159.72,LC4,blue,dend[638],0.6675975176181284
720575940614914107,401.024,244.768,159.96,400.944,244.656,159.84,LC4,blue,dend[638],0.6831771226563014
720575940614914107,394.176,244.672,162.32,394.208,244.4,162.32,LC4,blue,dend[565],0.5113270085969033
720575940614914107,400.032,244.672,160.44,399.968,244.512,160.32,LC4,blue,dend[636],0.8304099788870145
720575940614914107,395.056,245.152,162.88,395.136,245.152,162.92,LC4,blue,dend[571],0.7903901187305689
720575940631338271,400.368,240.88,163.64,400.4,240.672,163.56,LC4,blue,dend[667],0.9625312966811672
720575940631338271,399.984,240.88,163.76,399.872,240.704,163.76,LC4,blue,dend[699],0.13663657502017965
720575940631338271,399.952,240.944,163.72,399.76,240.976,163.8,LC4,blue,dend[665],0.0843445542396778
720575940611134833,399.6,245.024,162.24,399.488,245.184,162.28,LC4,blue,dend[643],0.6926721174582183
720575940624111763,400.192,242.8,162.32,400.208,242.976,162.2,LC4,blue,dend[649],0.7180998197180479
720575940611134833,400.4,244.96,162.16,400.432,245.104,162.24,LC4,blue,dend[643],0.9603364953484161
720575940624111763,397.296,242.672,163.56,397.312,242.464,163.56,LC4,blue,dend[646],0.9670731402390154
720575940611134833,400.96,244.016,161.52,400.768,243.92,161.48,LC4,blue,dend[637],0.7168338242943894
720575940624111763,396.48,243.968,163.8,396.544,244.16,163.72,LC4,blue,dend[570],0.8817630986145603
720575940611134833,399.904,245.024,162.36,399.872,245.28,162.56,LC4,blue,dend[643],0.847086402565315
720575940624111763,400.816,242.896,162.16,400.896,243.056,162.2,LC4,blue,dend[653],0.22567125225851536
720575940628064260,399.952,242.944,161.48,400.048,242.784,161.56,LC4,blue,dend[649],0.46696787196909495
720575940628064260,402.272,245.6,161.88,402.288,245.664,161.76,LC4,blue,dend[726],1.0
720575940628064260,401.92,245.616,161.76,402.096,245.728,161.68,LC4,blue,dend[726],1.0
720575940628064260,399.872,241.776,160.92,399.664,241.744,160.96,LC4,blue,dend[648],0.9382140421948866
720575940628064260,399.856,242.432,160.92,399.632,242.512,160.84,LC4,blue,dend[639],0.8867673683119838
720575940628064260,409.488,241.712,160.36,409.696,241.664,160.44,LC4,blue,dend[1128],0.031107730062065544
720575940628064260,403.744,245.152,162.2,403.776,245.36,162.2,LC4,blue,dend[733],0.8478486603059758
720575940626626895,400.944,243.008,162.64,400.832,243.104,162.52,LC4,blue,dend[649],0.9674885027576514
720575940626626895,403.632,242.976,161.32,403.632,243.2,161.4,LC4,blue,dend[728],0.9551040053629992
720575940626626895,408.832,242.832,159.2,408.832,243.056,159.16,LC4,blue,dend[218],0.549098810027445
720575940626626895,401.568,242.352,162.76,401.648,242.208,162.88,LC4,blue,dend[696],0.9242570598992194
720575940617176321,405.856,242.032,163.52,405.936,241.936,163.44,LC4,blue,dend[1184],0.7150192889931335
720575940617176321,409.488,242.368,162.04,409.472,242.432,161.92,LC4,blue,dend[1129],0.7049459995862104
720575940616713355,393.392,243.776,163.2,393.264,243.84,163.04,LC4,blue,dend[556],0.8625047669479156
720575940616713355,393.408,241.888,161.72,393.568,241.888,161.68,LC4,blue,dend[377],1.0
720575940616713355,408.528,245.232,158.76,408.624,245.44,158.76,LC4,blue,dend[231],0.9740279915460959
720575940616713355,393.328,241.072,162.56,393.456,241.152,162.68,LC4,blue,dend[380],0.13033929385610643
720575940616713355,393.616,241.712,161.72,393.696,241.888,161.72,LC4,blue,dend[377],1.0
720575940617176321,409.472,242.432,162.08,409.488,242.512,161.96,LC4,blue,dend[1129],0.7366905195265818
720575940617176321,405.872,242.064,163.52,405.952,241.952,163.4,LC4,blue,dend[1184],0.7182258578836195
720575940649229433,395.328,244.336,163.12,395.312,244.432,162.92,LC4,blue,dend[566],0.3175204781173693
720575940649229433,395.808,242.944,162.92,395.632,242.864,162.96,LC4,blue,dend[575],0.8748461064878207
720575940649229433,395.392,244.112,163.2,395.328,243.984,163.08,LC4,blue,dend[573],0.5372680528866228
720575940649229433,395.632,243.168,163.24,395.44,243.12,163.12,LC4,blue,dend[575],0.5482281649585232
720575940649229433,396.176,244.256,163.08,396.368,244.336,162.96,LC4,blue,dend[570],0.464118880953611
720575940649229433,396.4,243.856,162.92,396.592,243.968,162.84,LC4,blue,dend[570],0.6001442875403237
720575940649229433,396.976,242.32,162.88,397.136,242.432,162.8,LC4,blue,dend[646],0.790735549860518
720575940649229433,397.104,242.352,163.56,397.296,242.464,163.56,LC4,blue,dend[646],0.9697340223832777
720575940618312606,406.0,241.808,163.6,405.92,241.904,163.48,LC4,blue,dend[1184],0.7061190659538215
720575940618312606,409.28,233.968,159.92,409.12,233.968,160.0,LC4,blue,dend[1141],0.5278466092616447
720575940618312606,403.024,244.336,161.88,402.816,244.368,161.84,LC4,blue,dend[728],0.44992086083427646
720575940618312606,409.184,237.84,161.4,409.2,237.872,161.28,LC4,blue,dend[1187],0.7772681514841672
720575940618312606,406.4,241.792,163.0,406.176,241.792,163.0,LC4,blue,dend[1184],0.6284505091187212
720575940618312606,406.944,240.112,162.72,406.736,240.144,162.76,LC4,blue,dend[1183],1.0
720575940618312606,409.392,241.856,161.88,409.44,242.08,161.88,LC4,blue,dend[1129],0.6073874877834817
720575940618312606,406.352,241.568,163.32,406.304,241.36,163.28,LC4,blue,dend[1184],0.46225161380833685
720575940618312606,405.056,243.984,159.0,404.752,243.904,159.08,LC4,blue,dend[741],0.7091233076377651
720575940638496720,409.168,244.032,160.16,409.184,243.808,160.2,LC4,blue,dend[222],0.6354990644304662
720575940619397542,399.456,245.2,162.68,399.376,245.264,162.56,LC4,blue,dend[643],0.6893892241691718
720575940619397542,407.44,241.104,160.96,407.552,241.216,160.8,LC4,blue,dend[1122],0.9464244981831879
720575940619397542,407.84,240.944,160.92,407.824,241.04,160.8,LC4,blue,dend[1122],0.8639144287283591
720575940619397542,403.488,243.376,161.64,403.536,243.472,161.48,LC4,blue,dend[728],0.8514606727401182
720575940619397542,399.84,245.168,162.68,399.872,245.28,162.56,LC4,blue,dend[643],0.847086402565315
720575940619397542,395.44,243.568,159.12,395.248,243.52,159.2,LC4,blue,dend[335],0.33126258954771665
720575940619397542,403.568,242.288,162.32,403.616,242.096,162.36,LC4,blue,dend[695],0.8860644847901142
720575940619397542,408.144,240.608,160.76,408.144,240.656,160.64,LC4,blue,dend[1122],0.6821535751621225
720575940619397542,400.928,243.456,163.48,401.04,243.408,163.56,LC4,blue,dend[650],0.9072002831753194
720575940619397542,403.904,242.144,162.16,403.792,242.0,162.24,LC4,blue,dend[695],1.0
720575940619397542,399.328,240.8,160.96,399.376,240.864,160.8,LC4,blue,dend[655],0.349968911696707
720575940619397542,400.688,243.568,162.92,400.576,243.392,162.96,LC4,blue,dend[650],0.2993413143357335
720575940619397542,399.824,241.248,160.96,399.696,241.408,160.92,LC4,blue,dend[654],0.41488453253109814
720575940619397542,395.536,244.0,158.84,395.392,244.112,158.8,LC4,blue,dend[333],0.8332099561106674
720575940619397542,402.528,244.304,161.92,402.736,244.4,161.88,LC4,blue,dend[728],0.42648629256526555
720575940619397542,399.264,245.248,162.88,399.152,245.328,162.76,LC4,blue,dend[643],0.6445133045417181
720575940627519107,406.528,240.592,163.04,406.528,240.592,162.88,LC4,blue,dend[1184],0.15611740738844193
720575940627519107,406.768,240.192,163.04,406.816,240.096,162.88,LC4,blue,dend[1185],0.5886893708286796
720575940627519107,406.384,240.928,163.0,406.384,241.056,162.92,LC4,blue,dend[1184],0.3396563723494178
720575940627519107,406.144,241.088,163.24,406.288,241.264,163.16,LC4,blue,dend[1184],0.4285963878339629
720575940640612480,403.328,243.648,163.56,403.344,243.744,163.44,LC4,blue,dend[731],0.9085688227659704
720575940640612480,403.68,243.872,163.48,403.568,244.016,163.4,LC4,blue,dend[731],0.6885825216145001
720575940640612480,405.984,242.016,162.92,406.064,241.92,163.04,LC4,blue,dend[1184],0.6884387596078212
720575940640612480,408.528,243.36,158.88,408.736,243.312,158.92,LC4,blue,dend[218],0.4697905772497036
720575940640612480,408.624,242.928,160.32,408.752,243.088,160.36,LC4,blue,dend[219],0.20147255094472466
720575940640612480,408.32,243.2,159.88,408.448,243.344,159.92,LC4,blue,dend[218],1.0
720575940640612480,408.336,243.088,160.04,408.416,243.28,160.08,LC4,blue,dend[219],0.18106301267345146
720575940626916936,404.384,244.368,162.56,404.32,244.288,162.36,LC4,blue,dend[732],0.7436639744143576
720575940626916936,404.464,244.096,162.48,404.352,244.144,162.32,LC4,blue,dend[732],0.8359709911930888
720575940626916936,403.424,244.608,163.4,403.408,244.4,163.44,LC4,blue,dend[731],0.5803800044630987
720575940626916936,403.664,244.528,162.88,403.6,244.432,162.8,LC4,blue,dend[730],0.9909101342790538
720575940625991043,393.92,244.528,161.52,393.888,244.336,161.56,LC4,blue,dend[565],0.2204865721586016
720575940625991043,400.08,244.064,159.4,400.224,244.16,159.56,LC4,blue,dend[636],0.8046242166890695
720575940625991043,396.256,243.808,160.36,396.272,243.6,160.36,LC4,blue,dend[335],0.9456882982713256
720575940625991043,395.92,243.76,159.84,395.84,243.536,159.84,LC4,blue,dend[335],0.6818686172742734
720575940625991043,397.856,243.632,159.24,398.016,243.504,159.24,LC4,blue,dend[635],0.38349890423792593
720575940625991043,397.984,243.616,159.56,398.096,243.44,159.56,LC4,blue,dend[635],0.5231291913395085
720575940625991043,393.392,244.48,161.32,393.28,244.304,161.36,LC4,blue,dend[376],0.3835978425708613
720575940625991043,399.072,244.528,158.8,398.992,244.736,158.88,LC4,blue,dend[703],0.5747975747733339
720575940625991043,398.672,244.4,158.76,398.64,244.608,158.76,LC4,blue,dend[703],0.40754964374145336
720575940625991043,397.552,243.76,159.0,397.616,243.68,158.88,LC4,blue,dend[635],0.14184535301582638
720575940625991043,398.08,244.384,159.12,398.096,244.528,159.08,LC4,blue,dend[702],0.763166628962676
720575940630484495,409.536,234.304,162.56,409.52,234.288,162.76,LC4,blue,dend[1163],0.9537567894423559
720575940630484495,408.384,237.36,161.16,408.432,237.12,161.2,LC4,blue,dend[1152],0.11926223027833756
720575940617026260,409.52,240.24,159.96,409.568,240.352,159.84,LC4,blue,dend[1123],0.44467733276658483
720575940618002644,407.072,244.4,161.56,406.976,244.464,161.64,LC4,blue,dend[221],0.7057563775001999
720575940618002644,407.824,240.736,159.36,407.856,240.752,159.2,LC4,blue,dend[1118],0.22279921533357483
720575940618002644,402.8,242.416,163.44,402.752,242.24,163.36,LC4,blue,dend[695],0.14826991793108368
720575940618002644,403.408,242.24,162.84,403.344,242.096,162.8,LC4,blue,dend[695],0.6067111692184126
720575940618002644,408.096,240.368,159.48,408.304,240.384,159.48,LC4,blue,dend[1122],0.17988259724023142
720575940612580977,403.184,241.12,162.52,403.072,241.072,162.64,LC4,blue,dend[697],0.4090309703039045
720575940612580977,408.768,240.016,159.24,408.832,240.224,159.16,LC4,blue,dend[1116],0.4970476724621732
720575940617266722,409.552,239.952,162.64,409.52,239.76,162.64,LC4,blue,dend[1205],0.9174749307333188
720575940628081541,401.296,243.376,161.12,401.504,243.472,161.16,LC4,blue,dend[653],0.9245450434919351
720575940628081541,398.784,244.416,162.28,398.944,244.56,162.36,LC4,blue,dend[643],0.35073312882548763
720575940617266722,409.568,239.968,162.8,409.568,239.76,162.76,LC4,blue,dend[1205],0.9128241235260866
720575940628081541,400.192,243.728,161.08,400.272,243.856,161.0,LC4,blue,dend[637],0.3858829595621173
720575940628081541,398.736,244.08,162.24,398.704,243.872,162.28,LC4,blue,dend[643],0.07961634663943465
720575940628081541,396.56,244.512,163.68,396.64,244.288,163.72,LC4,blue,dend[570],0.8783389659252914
720575940628081541,395.168,244.864,163.36,395.2,244.656,163.32,LC4,blue,dend[566],0.5329532637731008
720575940630851036,395.44,242.8,163.04,395.536,242.928,163.04,LC4,blue,dend[575],0.7683342704888958
720575940630851036,395.536,242.736,162.88,395.632,242.848,162.96,LC4,blue,dend[575],0.8890453901792316
720575940630851036,398.256,242.08,161.64,398.48,242.064,161.6,LC4,blue,dend[701],0.9307271441372372
720575940630851036,397.616,242.096,161.76,397.52,241.968,161.72,LC4,blue,dend[646],0.4144427781813145
720575940630851036,399.136,240.496,163.72,398.992,240.224,163.84,LC4,blue,dend[699],0.3767568997117663
720575940630851036,395.344,243.68,162.24,395.504,243.824,162.2,LC4,blue,dend[572],0.8153845975136569
720575940630851036,407.456,240.576,159.04,407.504,240.736,159.0,LC4,blue,dend[1118],0.5044083482901827
720575940628699560,402.96,245.056,162.76,403.088,245.232,162.76,LC4,blue,dend[730],0.18090878263993032
720575940613256863,408.688,243.424,159.32,408.592,243.264,159.32,LC4,blue,dend[218],0.6836677783755288
720575940628699560,404.304,243.968,162.24,404.352,244.144,162.32,LC4,blue,dend[732],0.8359709911930888
720575940628699560,407.472,241.456,160.84,407.504,241.264,160.8,LC4,blue,dend[1122],0.9634216082945172
720575940628699560,403.504,244.752,159.52,403.632,244.928,159.56,LC4,blue,dend[723],0.3867991954966777
720575940630998339,401.792,243.2,161.44,401.6,243.168,161.4,LC4,blue,dend[653],0.7953258271238429
720575940630998339,398.96,243.648,161.16,398.864,243.52,161.24,LC4,blue,dend[640],0.7313200682353865
720575940625038090,405.936,238.832,163.28,405.936,238.72,163.12,LC4,blue,dend[1181],0.28670488422698714
720575940625038090,406.752,239.872,162.88,406.8,240.08,162.84,LC4,blue,dend[1185],0.488659850737652
720575940625038090,407.472,238.144,162.4,407.392,237.904,162.4,LC4,blue,dend[1152],0.953526870703962
720575940625038090,409.088,238.384,161.52,409.168,238.176,161.48,LC4,blue,dend[1187],1.0
720575940625038090,405.536,239.152,163.8,405.552,239.072,163.92,LC4,blue,dend[1180],0.6082429686507008
720575940625038090,406.448,239.424,162.48,406.352,239.584,162.48,LC4,blue,dend[1181],0.8223775398311761
720575940625038090,407.744,238.08,162.32,407.728,237.872,162.32,LC4,blue,dend[1152],0.814298161063908
720575940622531767,404.56,243.376,159.4,404.544,243.392,159.28,LC4,blue,dend[741],0.9552053490709554
720575940622531767,398.96,244.608,162.12,399.008,244.608,162.28,LC4,blue,dend[643],0.38158675714016443
720575940622531767,401.6,243.696,161.04,401.6,243.52,161.12,LC4,blue,dend[653],0.9742984588705241
720575940622531767,400.512,244.0,161.32,400.512,243.872,161.36,LC4,blue,dend[637],0.6109309225269494
720575940614572742,396.064,243.584,160.4,396.24,243.568,160.32,LC4,blue,dend[335],0.928208873811089
720575940614572742,402.416,241.264,163.32,402.384,241.12,163.16,LC4,blue,dend[693],0.6206422606532278
720575940614572742,403.776,241.936,162.44,403.728,242.096,162.4,LC4,blue,dend[695],0.9252582056993321
720575940614572742,408.192,240.848,160.6,408.144,240.752,160.68,LC4,blue,dend[1122],0.7107710115704085
720575940614572742,403.824,241.808,162.28,403.776,242.0,162.24,LC4,blue,dend[695],0.9939766454974022
720575940614572742,409.472,240.656,160.0,409.664,240.56,160.04,LC4,blue,dend[1125],0.5745775648248267
720575940614572742,408.56,240.88,159.44,408.528,240.784,159.28,LC4,blue,dend[1116],0.8684524108252824
720575940618807105,399.68,242.0,163.0,399.744,241.824,162.92,LC4,blue,dend[664],0.7735144895270066
720575940614572742,402.832,241.776,163.12,402.688,241.904,163.16,LC4,blue,dend[695],0.15575635996137577
720575940614572742,403.536,241.952,162.56,403.52,242.16,162.56,LC4,blue,dend[695],0.778017898606671
720575940614572742,408.48,240.64,159.64,408.432,240.432,159.6,LC4,blue,dend[1122],0.20430124368496086
720575940614572742,407.84,240.656,160.28,408.0,240.496,160.32,LC4,blue,dend[1122],0.5709387054698104
720575940615127227,402.784,244.0,158.92,402.704,244.096,159.08,LC4,blue,dend[720],0.8796129864359359
720575940615127227,404.592,243.264,159.12,404.544,243.344,159.28,LC4,blue,dend[741],0.9715512687330402
720575940615127227,398.656,245.328,159.36,398.672,245.392,159.2,LC4,blue,dend[703],0.9678371160132938
720575940615127227,398.416,245.104,160.72,398.48,244.928,160.8,LC4,blue,dend[641],0.9439870999937904
720575940615127227,398.608,244.816,158.92,398.752,244.688,158.84,LC4,blue,dend[703],0.49619656729209355
720575940618723749,406.064,238.0,162.28,406.08,237.904,162.16,LC4,blue,dend[1186],0.7378028267636405
720575940618723749,405.776,238.896,162.92,405.888,239.072,162.96,LC4,blue,dend[1181],0.4802714786361762
720575940618723749,395.568,243.728,159.56,395.536,243.52,159.56,LC4,blue,dend[335],0.5140965288889466
720575940618723749,408.912,237.664,161.08,409.008,237.536,161.2,LC4,blue,dend[1187],0.45313137234402756
720575940618723749,405.264,238.16,163.68,405.44,238.144,163.8,LC4,blue,dend[1173],0.6012924917266669
720575940613260959,396.928,241.056,166.08,396.992,240.992,166.24,LC4,blue,dend[535],0.3078652614076766
720575940613260959,393.216,244.736,166.04,393.248,244.864,166.2,LC4,blue,dend[402],0.5150246308584682
720575940613260959,405.152,237.536,165.44,405.248,237.744,165.48,LC4,blue,dend[1169],0.8813658657208947
720575940613260959,393.44,243.408,165.16,393.44,243.168,165.16,LC4,blue,dend[400],1.0
720575940613260959,396.464,241.232,165.64,396.256,241.264,165.68,LC4,blue,dend[552],0.5672830250312366
720575940613260959,407.792,236.4,164.04,407.984,236.336,164.08,LC4,blue,dend[1167],0.4336278326090605
720575940613260959,408.096,236.656,163.96,408.208,236.656,164.12,LC4,blue,dend[1167],0.6173955141107684
720575940613260959,405.856,237.28,164.36,405.936,237.392,164.24,LC4,blue,dend[1157],1.0
720575940613260959,400.448,238.864,165.2,400.64,238.992,165.16,LC4,blue,dend[674],0.013285031688522683
720575940613260959,406.912,236.384,164.0,406.784,236.224,164.0,LC4,blue,dend[1159],0.404155707917734
720575940613260959,398.24,240.288,164.88,398.208,240.08,164.76,LC4,blue,dend[699],0.7083404169223427
720575940613260959,395.072,244.336,164.68,395.184,244.432,164.6,LC4,blue,dend[574],0.6500051607730407
720575940638456227,393.536,244.416,167.2,393.52,244.528,167.32,LC4,blue,dend[403],0.7059133305122838
720575940638456227,393.632,244.464,166.4,393.424,244.544,166.4,LC4,blue,dend[402],0.34985652619980423
720575940638456227,393.296,244.0,166.28,393.2,244.016,166.16,LC4,blue,dend[401],0.6699579638596632
720575940638456227,393.888,244.56,166.2,393.904,244.736,166.16,LC4,blue,dend[411],0.6814190740067914
720575940634517856,405.44,238.352,164.4,405.392,238.352,164.28,LC4,blue,dend[1173],0.8374673267108552
720575940634517856,404.608,238.944,165.04,404.624,239.136,164.96,LC4,blue,dend[1177],0.269522564173914
720575940634517856,400.96,238.432,167.24,401.168,238.464,167.24,LC4,blue,dend[678],0.4630305382128211
720575940634517856,401.696,239.104,166.4,401.616,239.264,166.36,LC4,blue,dend[674],0.739795444386055
720575940615462587,401.616,240.72,163.96,401.824,240.768,164.0,LC4,blue,dend[698],0.8063219038611826
720575940634517856,405.312,237.888,165.2,405.376,237.76,165.28,LC4,blue,dend[1169],0.526577319425969
720575940634517856,406.064,237.792,164.24,405.968,237.68,164.12,LC4,blue,dend[1157],0.8047727996237711
720575940615462587,400.048,241.264,164.84,399.904,241.152,164.8,LC4,blue,dend[665],0.25547759746352655
720575940626605200,393.536,241.104,168.6,393.696,241.088,168.76,LC4,blue,dend[443],0.840879020213517
720575940624017251,403.168,239.52,166.8,403.168,239.344,166.8,LC4,blue,dend[676],0.7269973354170962
720575940624017251,401.344,239.824,167.16,401.28,239.792,166.96,LC4,blue,dend[674],1.0
720575940626605200,395.376,241.232,166.08,395.392,240.992,166.08,LC4,blue,dend[530],1.0
720575940626605200,394.368,240.784,166.92,394.256,240.544,166.84,LC4,blue,dend[531],0.8598028773503966
720575940624017251,403.568,239.552,166.6,403.584,239.36,166.68,LC4,blue,dend[676],0.9407503023126748
720575940626605200,394.688,240.88,166.84,394.816,240.736,166.88,LC4,blue,dend[531],0.6627484740172983
720575940624017251,405.12,239.168,165.96,405.168,238.96,165.96,LC4,blue,dend[1171],0.9367390385405047
720575940626605200,396.08,241.376,165.64,396.208,241.28,165.72,LC4,blue,dend[552],0.5704529192633804
720575940624017251,405.696,239.056,164.76,405.536,238.96,164.68,LC4,blue,dend[1176],0.33744536652877766
720575940626605200,393.28,240.064,168.0,393.408,239.872,167.96,LC4,blue,dend[440],1.0
720575940620903551,406.336,237.52,165.24,406.224,237.504,165.12,LC4,blue,dend[1172],0.7299865439759445
720575940620903551,405.296,237.84,165.68,405.216,237.776,165.56,LC4,blue,dend[1169],1.0
720575940620903551,405.328,238.272,165.52,405.184,238.208,165.48,LC4,blue,dend[1171],0.27983439674221217
720575940620903551,408.0,237.424,164.32,408.08,237.248,164.28,LC4,blue,dend[1167],0.9711964007081603
720575940612518055,402.24,243.152,165.64,402.432,243.104,165.52,LC4,blue,dend[1179],0.9644131878566922
720575940633580384,395.024,244.88,165.24,395.2,244.784,165.16,LC4,blue,dend[574],0.918502450452958
720575940615575007,394.176,240.928,166.16,394.192,240.72,166.2,LC4,blue,dend[417],0.8464838150941424
720575940615575007,393.616,241.216,165.24,393.456,241.264,165.24,LC4,blue,dend[414],1.0
720575940605598892,399.104,240.768,168.16,398.976,240.96,168.08,LC4,blue,dend[538],0.734479151087103
720575940605598892,401.824,240.496,166.52,401.904,240.32,166.52,LC4,blue,dend[677],0.40362925973935676
720575940631338271,404.016,240.656,165.04,403.984,240.544,165.2,LC4,blue,dend[1177],1.0
720575940631338271,404.352,240.288,164.84,404.192,240.256,164.96,LC4,blue,dend[1177],0.8818602313834009
720575940631338271,393.6,245.504,168.2,393.568,245.664,168.08,LC4,blue,dend[409],0.8454492669988207
720575940631338271,397.536,242.832,166.96,397.664,242.656,166.88,LC4,blue,dend[535],0.9502989350647018
720575940631338271,399.904,241.968,166.16,399.76,241.84,166.2,LC4,blue,dend[665],0.520334517286535
720575940631338271,399.424,242.4,166.28,399.424,242.288,166.4,LC4,blue,dend[665],0.5790322096235778
720575940631338271,403.68,241.248,165.2,403.872,241.536,165.32,LC4,blue,dend[1179],0.33317126475934195
720575940631338271,405.28,239.472,164.12,405.424,239.296,164.12,LC4,blue,dend[1180],0.767824206215535
720575940611134833,393.68,242.928,165.24,393.472,242.992,165.16,LC4,blue,dend[400],1.0
720575940611134833,393.568,242.768,165.36,393.44,242.816,165.2,LC4,blue,dend[400],0.9716642418599377
720575940626626895,393.776,241.312,168.56,393.904,241.184,168.56,LC4,blue,dend[435],0.8274359951102538
720575940626626895,395.984,242.304,166.36,396.16,242.16,166.32,LC4,blue,dend[549],1.0
720575940626626895,395.776,242.16,166.52,395.904,242.016,166.52,LC4,blue,dend[549],0.9426934318805479
720575940626626895,393.792,241.312,168.56,393.952,241.184,168.56,LC4,blue,dend[435],0.8334973995863536
720575940617176321,402.768,243.12,165.32,402.784,242.976,165.44,LC4,blue,dend[1179],0.8732751281749241
720575940617176321,395.312,237.28,167.08,395.12,237.248,167.0,LC4,blue,dend[455],0.23177221616665203
720575940617176321,398.08,242.496,167.04,397.936,242.384,166.96,LC4,blue,dend[535],0.9199070158011511
720575940617176321,398.656,242.816,167.44,398.832,242.816,167.4,LC4,blue,dend[665],0.7796704351555666
720575940649229433,407.952,235.904,164.24,407.984,235.808,164.04,LC4,blue,dend[1159],0.8932051515636301
720575940649229433,400.832,237.952,165.04,400.864,237.76,165.04,LC4,blue,dend[672],0.6382409172784519
720575940649229433,400.8,238.864,164.76,400.992,238.944,164.8,LC4,blue,dend[670],1.0
720575940649229433,395.152,244.464,164.08,395.12,244.288,164.16,LC4,blue,dend[574],0.46859506146479984
720575940649229433,398.528,240.336,164.36,398.48,240.16,164.32,LC4,blue,dend[699],0.5698505188638892
720575940649229433,409.296,235.376,164.08,409.328,235.152,164.04,LC4,blue,dend[1161],0.3844492455403441
720575940629753807,403.296,239.472,167.2,403.2,239.424,167.04,LC4,blue,dend[676],0.7384432263930185
720575940629753807,395.856,242.768,168.92,395.856,242.704,169.12,LC4,blue,dend[436],0.7334112098241712
720575940629753807,393.424,244.304,167.4,393.52,244.496,167.32,LC4,blue,dend[403],0.7193377840559363
720575940629753807,396.576,242.032,167.96,396.208,241.808,167.76,LC4,blue,dend[551],0.6607744498582531
720575940618312606,398.688,242.768,168.36,398.896,242.752,168.36,LC4,blue,dend[665],0.93584248167659
720575940618312606,398.944,243.056,168.36,399.024,242.864,168.32,LC4,blue,dend[665],0.9311961800126491
720575940618312606,402.832,243.088,165.68,402.688,243.056,165.56,LC4,blue,dend[1179],0.9123595690425128
720575940638496720,394.272,244.832,165.92,394.24,244.656,166.0,LC4,blue,dend[411],0.9434386545736314
720575940638496720,393.664,244.88,166.48,393.552,244.672,166.44,LC4,blue,dend[411],0.368899237486867
720575940619397542,395.376,244.912,165.36,395.216,244.816,165.28,LC4,blue,dend[574],0.966410409704747
720575940617026260,398.816,241.28,168.12,398.768,241.184,167.96,LC4,blue,dend[537],0.9263488693324429
720575940617026260,400.816,241.664,166.96,400.768,241.536,166.8,LC4,blue,dend[689],1.0
720575940617026260,404.368,241.456,165.24,404.208,241.36,165.16,LC4,blue,dend[1179],0.2301873281208844
720575940617026260,393.36,239.6,168.64,393.552,239.76,168.64,LC4,blue,dend[440],0.886219558219699
720575940617026260,403.76,241.76,165.56,403.76,241.648,165.4,LC4,blue,dend[1179],0.3816780735760742
720575940617026260,393.296,239.312,167.88,393.408,239.232,167.76,LC4,blue,dend[419],1.0
720575940617026260,398.848,242.512,168.56,398.864,242.736,168.52,LC4,blue,dend[665],0.9625181726395409
720575940617026260,400.0,241.6,167.48,399.952,241.424,167.32,LC4,blue,dend[545],0.6846631792267575
720575940628454522,404.464,240.304,165.72,404.352,240.16,165.64,LC4,blue,dend[1177],0.9094944300262829
720575940628454522,405.584,239.248,164.36,405.456,239.344,164.24,LC4,blue,dend[1180],0.8118517371071037
720575940628454522,404.544,240.352,165.64,404.432,240.24,165.52,LC4,blue,dend[1177],0.8978012737078355
720575940628454522,404.384,240.432,165.88,404.192,240.496,165.88,LC4,blue,dend[1178],0.8202709418327894
720575940618002644,399.136,241.808,167.6,399.088,241.632,167.48,LC4,blue,dend[539],0.3486777126659813
720575940617266722,403.792,241.328,165.64,403.824,241.488,165.48,LC4,blue,dend[1179],0.3335850305801088
720575940617266722,402.72,240.832,166.56,402.656,240.64,166.52,LC4,blue,dend[677],1.0
720575940617266722,403.888,240.896,165.68,403.92,240.784,165.52,LC4,blue,dend[1179],0.142593294570325
720575940617266722,402.432,240.896,166.76,402.464,240.704,166.72,LC4,blue,dend[677],0.9753091672009572
720575940630851036,400.496,239.184,165.28,400.672,239.008,165.24,LC4,blue,dend[674],0.05737530354462124
720575940630851036,405.28,237.248,165.8,405.312,237.456,165.72,LC4,blue,dend[1170],0.8348724907607319
720575940630851036,408.304,236.864,164.36,408.256,236.832,164.2,LC4,blue,dend[1167],0.7250828934365761
720575940630851036,400.592,239.808,164.92,400.784,239.776,164.76,LC4,blue,dend[669],0.7102596155172715
720575940630851036,396.08,241.44,166.08,396.208,241.36,166.04,LC4,blue,dend[552],0.5958131822508611
720575940630851036,396.064,241.584,166.76,396.192,241.44,166.8,LC4,blue,dend[547],0.8961705330908332
720575940628699560,393.296,243.504,164.52,393.216,243.568,164.64,LC4,blue,dend[412],0.5256336086970836
720575940625038090,395.056,240.992,166.04,395.184,240.864,166.12,LC4,blue,dend[530],0.9662806383336451
720575940625038090,401.552,239.968,165.32,401.424,240.096,165.24,LC4,blue,dend[686],0.15914094984154098
720575940625038090,398.432,240.528,167.32,398.496,240.784,167.32,LC4,blue,dend[537],0.808634503044708
720575940625038090,401.136,239.104,165.16,401.04,238.928,165.12,LC4,blue,dend[674],0.037365604572708454
720575940625038090,395.632,241.088,166.6,395.792,241.024,166.56,LC4,blue,dend[532],0.4728235292744102
720575940625038090,396.928,240.32,168.12,396.896,240.448,168.0,LC4,blue,dend[536],0.7851102193552245
720575940625038090,399.488,240.0,166.48,399.328,240.032,166.48,LC4,blue,dend[544],0.16940247420947685
720575940625038090,400.896,239.808,165.6,400.976,240.0,165.56,LC4,blue,dend[687],0.14592695423802504
720575940625038090,395.152,240.72,166.88,395.072,240.656,166.8,LC4,blue,dend[531],0.45019243582189794
720575940625038090,397.056,240.608,168.72,397.04,240.88,168.76,LC4,blue,dend[546],0.8080014342183203
720575940618807105,397.584,241.488,166.12,397.632,241.328,166.24,LC4,blue,dend[535],0.501235722495109
720575940614572742,394.272,240.304,168.12,394.048,240.272,168.04,LC4,blue,dend[440],1.0
720575940614572742,401.728,241.056,165.4,401.76,241.04,165.56,LC4,blue,dend[686],0.9764171869217203
720575940614572742,400.832,240.432,165.84,400.912,240.432,165.96,LC4,blue,dend[687],0.9044855871349227
720575940614572742,394.016,240.4,168.32,393.984,240.384,168.16,LC4,blue,dend[435],0.5510200262793279
720575940614572742,399.232,240.944,166.8,399.312,240.896,166.96,LC4,blue,dend[539],0.9713918439444966
720575940614572742,393.68,240.832,168.72,393.68,241.056,168.76,LC4,blue,dend[443],0.8421710765460793
720575940614572742,396.016,240.24,166.88,395.952,240.128,166.8,LC4,blue,dend[536],0.12274999050860075
720575940618807105,393.792,241.248,168.92,393.68,241.104,168.84,LC4,blue,dend[443],0.819818173224968
720575940618807105,396.432,241.968,166.28,396.256,242.032,166.2,LC4,blue,dend[552],1.0
720575940614572742,396.288,241.12,166.48,396.096,241.104,166.4,LC4,blue,dend[532],0.8301951946568422
720575940614572742,400.464,241.232,166.16,400.656,241.248,166.24,LC4,blue,dend[688],0.7967548316024136
720575940618807105,396.112,242.08,166.64,396.016,241.984,166.52,LC4,blue,dend[549],0.8560702635853293
720575940614572742,394.208,240.8,168.72,394.24,241.008,168.64,LC4,blue,dend[435],0.8436620758666777
720575940614572742,398.8,239.808,166.36,398.88,239.632,166.44,LC4,blue,dend[544],0.5958186269304601
720575940618807105,397.328,241.44,166.24,397.36,241.216,166.24,LC4,blue,dend[535],0.4279680164734877
720575940614572742,396.672,241.248,167.44,396.672,241.472,167.4,LC4,blue,dend[550],0.2785270302307297
720575940614572742,401.408,241.056,165.72,401.616,241.072,165.68,LC4,blue,dend[686],0.974161502713237
720575940614572742,401.84,240.944,163.96,401.872,240.768,163.96,LC4,blue,dend[698],0.6896047158947793
720575940614572742,401.424,240.4,165.12,401.488,240.224,165.16,LC4,blue,dend[686],0.2517368837824144
720575940618807105,396.384,241.648,167.24,396.352,241.488,167.16,LC4,blue,dend[548],0.6697915182757198
720575940614572742,399.872,241.488,166.32,399.728,241.824,166.28,LC4,blue,dend[665],0.533667100093918
720575940614572742,393.728,240.144,168.56,393.744,239.968,168.48,LC4,blue,dend[440],0.9343191925010331
720575940614572742,395.872,241.216,167.04,395.936,241.36,166.96,LC4,blue,dend[547],0.9217981453539713
720575940625934973,399.008,241.52,167.24,399.12,241.44,167.36,LC4,blue,dend[539],0.4784307576379356
720575940625934973,401.376,240.112,164.96,401.472,240.176,165.12,LC4,blue,dend[686],0.20586083905206837
720575940618723749,401.52,238.288,167.44,401.344,238.176,167.4,LC4,blue,dend[678],0.5696931866930101
720575940625934973,396.784,241.408,167.8,396.864,241.504,167.64,LC4,blue,dend[550],0.4766161536308315
720575940618723749,403.408,239.184,166.64,403.44,239.344,166.68,LC4,blue,dend[676],0.8672999229396151
720575940625934973,398.24,241.168,167.36,398.288,240.96,167.44,LC4,blue,dend[537],0.6463491151567803
720575940618723749,403.104,239.136,166.68,403.072,239.296,166.72,LC4,blue,dend[676],0.6809525184049448
720575940625934973,401.36,239.696,164.32,401.152,239.632,164.28,LC4,blue,dend[669],0.4955473750696744
720575940625934973,399.776,241.472,165.8,399.888,241.616,165.84,LC4,blue,dend[665],0.4484337258526403
720575940625934973,398.464,241.376,167.68,398.496,241.168,167.76,LC4,blue,dend[537],0.76153042605626
720575940625934973,401.712,239.472,164.56,401.68,239.344,164.72,LC4,blue,dend[684],0.7925162581633715
720575940618723749,405.056,238.064,164.32,405.296,238.128,164.4,LC4,blue,dend[1174],0.7965537128534741
720575940625934973,400.848,240.16,165.2,400.896,239.936,165.24,LC4,blue,dend[685],0.8093707440062602
720575940625934973,401.008,240.112,164.36,400.864,239.984,164.28,LC4,blue,dend[669],0.3805402602534803
720575940625934973,399.728,241.088,165.2,399.712,241.232,165.04,LC4,blue,dend[665],0.30271532358513015
720575940615462587,394.976,242.96,169.2,395.104,242.88,169.32,LC4,blue,dend[436],0.5527524021643889
720575940620903551,396.496,238.528,170.88,396.4,238.512,170.72,LC4,blue,dend[454],0.7907012585390407
720575940605598892,394.816,240.672,169.84,394.816,240.544,169.64,LC4,blue,dend[442],0.00793614002246305
720575940617176321,395.36,243.056,169.36,395.296,242.896,169.24,LC4,blue,dend[436],0.6067896099519562
720575940617026260,396.448,241.984,169.36,396.512,242.176,169.32,LC4,blue,dend[436],0.8601760125649812
720575940618002644,395.136,242.8,169.68,395.008,242.816,169.48,LC4,blue,dend[436],0.5269120980623198
720575940618002644,396.096,242.464,169.52,396.128,242.496,169.32,LC4,blue,dend[436],0.7984497918378208
720575940617266722,396.8,242.56,169.84,396.688,242.384,169.72,LC4,blue,dend[436],0.9859295748748467
720575940625038090,395.296,240.416,169.28,395.12,240.576,169.36,LC4,blue,dend[442],0.6947494335963719
720575940625038090,394.8,240.304,169.76,394.816,240.448,169.6,LC4,blue,dend[438],1.0
720575940618807105,393.776,241.184,169.16,393.792,241.024,169.12,LC4,blue,dend[443],0.5021231375083113
720575940625934973,393.968,241.792,169.48,394.096,241.872,169.4,LC4,blue,dend[436],0.07864912152811583
720575940620903551,405.088,245.824,153.04,405.008,245.68,153.2,LC4,blue,dend[252],0.5322553124621181
720575940620903551,404.528,245.968,152.56,404.56,245.776,152.48,LC4,blue,dend[251],0.6785840616888569
720575940612518055,404.864,245.856,153.44,405.024,245.712,153.36,LC4,blue,dend[252],0.7334294582725581
720575940612518055,404.272,246.88,152.2,404.432,246.752,152.16,LC4,blue,dend[250],0.7668109564645371
720575940617176321,404.736,246.896,152.68,404.576,246.8,152.56,LC4,blue,dend[250],1.0
720575940638496720,409.488,246.24,153.4,409.552,246.432,153.48,LC4,blue,dend[243],0.3255630484650356
720575940613260959,404.256,247.216,157.28,404.32,247.168,157.44,LC4,blue,dend[753],1.0
720575940613260959,407.648,246.224,155.52,407.648,246.352,155.44,LC4,blue,dend[234],0.6240822278115936
720575940613260959,407.36,246.384,155.36,407.536,246.4,155.32,LC4,blue,dend[234],0.6621890595650385
720575940613260959,401.072,247.904,157.56,400.976,247.904,157.72,LC4,blue,dend[755],0.9913721148951553
720575940613260959,401.12,247.792,157.52,401.136,247.616,157.64,LC4,blue,dend[755],0.8749096843667786
720575940613260959,398.8,247.936,158.08,398.688,247.808,158.0,LC4,blue,dend[710],0.9283410672741422
720575940613260959,407.696,245.968,155.32,407.728,246.032,155.16,LC4,blue,dend[234],0.7302971109829651
720575940613260959,401.52,247.616,157.16,401.488,247.392,157.2,LC4,blue,dend[755],0.7073833957068724
720575940613260959,398.496,248.016,158.32,398.384,248.128,158.24,LC4,blue,dend[711],0.5261871547484873
720575940613260959,400.768,248.352,157.28,400.944,248.48,157.24,LC4,blue,dend[756],0.8474595335380517
720575940613260959,407.424,246.608,156.08,407.648,246.608,156.12,LC4,blue,dend[234],0.41486983570724856
720575940613260959,401.152,248.128,157.12,401.216,248.272,157.08,LC4,blue,dend[757],0.7435909167428624
720575940622939836,408.704,246.752,157.2,408.768,246.672,157.08,LC4,blue,dend[234],0.01801007174750193
720575940622939836,408.0,247.408,157.08,407.92,247.248,156.96,LC4,blue,dend[234],0.07582872843620683
720575940622939836,393.552,246.272,156.64,393.504,246.08,156.6,LC4,blue,dend[342],0.5181324106845163
720575940622939836,408.992,246.736,157.2,408.944,246.592,157.12,LC4,blue,dend[234],0.0034189405096019653
720575940622108001,409.168,245.808,156.96,409.28,245.888,157.12,LC4,blue,dend[230],0.974466177897545
720575940622108001,408.08,246.832,156.96,408.144,246.992,156.88,LC4,blue,dend[234],0.1036532769894321
720575940615575007,398.624,247.168,158.0,398.688,247.376,158.0,LC4,blue,dend[710],0.8570600244854429
720575940633580384,400.656,246.912,153.72,400.576,246.752,153.64,LC4,blue,dend[318],0.5846690026504037
720575940615575007,397.92,246.304,157.64,397.808,246.432,157.56,LC4,blue,dend[632],0.9345948543872389
720575940622108001,407.552,247.152,156.92,407.712,247.2,156.84,LC4,blue,dend[234],0.13980196899104555
720575940633580384,400.56,247.088,158.4,400.688,247.28,158.48,LC4,blue,dend[759],0.1773380928078298
720575940615575007,398.56,247.264,157.8,398.576,247.472,157.88,LC4,blue,dend[710],0.8383070608528932
720575940617176321,405.248,246.304,153.76,405.456,246.304,153.72,LC4,blue,dend[254],0.3965708345459633
720575940617176321,405.312,246.384,154.04,405.504,246.432,154.04,LC4,blue,dend[254],0.6464148502455429
720575940649229433,407.616,247.296,156.72,407.744,247.168,156.8,LC4,blue,dend[234],0.15040160417223072
720575940649229433,399.312,248.048,158.4,399.168,247.968,158.32,LC4,blue,dend[714],1.0
720575940649229433,398.848,248.432,158.64,398.832,248.576,158.48,LC4,blue,dend[713],0.5586059307598583
720575940649229433,399.216,248.288,158.48,399.136,248.48,158.48,LC4,blue,dend[713],0.9147831558626297
720575940649229433,407.936,247.072,156.4,407.904,246.88,156.48,LC4,blue,dend[234],0.2520221926910829
720575940649229433,400.352,247.792,158.6,400.528,247.648,158.64,LC4,blue,dend[759],0.2525002901530838
720575940629753807,401.696,246.16,157.04,401.728,246.288,156.92,LC4,blue,dend[755],0.31646841013113886
720575940629753807,398.752,246.576,156.12,398.592,246.608,156.04,LC4,blue,dend[710],0.3288615515893644
720575940629753807,398.704,246.864,156.0,398.576,246.688,156.0,LC4,blue,dend[710],0.3325435481543179
720575940615053580,408.752,246.144,157.6,408.672,246.048,157.52,LC4,blue,dend[233],0.8687168971366089
720575940615053580,403.712,247.056,158.16,403.68,246.832,158.08,LC4,blue,dend[753],0.5561673533242417
720575940615053580,403.712,246.944,158.6,403.584,246.8,158.6,LC4,blue,dend[753],0.3208668002757897
720575940615053580,406.096,246.272,154.56,405.968,246.224,154.6,LC4,blue,dend[254],1.0
720575940615053580,409.28,245.824,157.68,409.232,245.696,157.64,LC4,blue,dend[231],0.3255930651862397
720575940615053580,404.656,246.72,158.52,404.752,246.512,158.52,LC4,blue,dend[739],0.9110787864931515
720575940619397542,401.376,246.08,156.84,401.584,246.208,156.84,LC4,blue,dend[755],0.3036512714197085
720575940619397542,399.024,247.376,158.2,398.896,247.488,158.08,LC4,blue,dend[710],0.9111828536869048
720575940618002644,406.176,245.76,156.36,405.952,245.696,156.32,LC4,blue,dend[750],0.34546363636318034
720575940630998339,393.664,245.952,157.96,393.424,245.968,157.92,LC4,blue,dend[338],0.6524658211067216
720575940620795728,408.464,245.984,157.36,408.64,246.096,157.36,LC4,blue,dend[233],0.7105631074457329
720575940618723749,404.368,246.56,157.16,404.224,246.704,157.16,LC4,blue,dend[753],1.0
720575940618723749,404.48,246.8,157.52,404.304,246.976,157.56,LC4,blue,dend[753],0.9130818747426868
720575940618723749,401.136,247.296,157.52,401.248,247.472,157.52,LC4,blue,dend[755],0.8026541161095012
720575940613260959,395.712,247.056,159.8,395.632,247.2,159.72,LC4,blue,dend[629],0.525438039024746
720575940613260959,395.952,247.136,159.72,395.904,247.28,159.6,LC4,blue,dend[629],0.38324003892674013
720575940613260959,395.28,246.928,162.0,395.056,246.992,162.04,LC4,blue,dend[348],0.3757829339561237
720575940613260959,396.928,247.408,159.92,396.928,247.312,159.76,LC4,blue,dend[618],0.7222508613586718
720575940613260959,396.656,247.92,160.48,396.688,248.112,160.4,LC4,blue,dend[617],0.7340149516952441
720575940613260959,396.72,247.792,160.16,396.704,247.92,160.08,LC4,blue,dend[617],0.48045430174616566
720575940613260959,397.648,247.776,159.52,397.824,247.616,159.52,LC4,blue,dend[628],0.9465256105668775
720575940622939836,393.984,246.736,159.92,393.856,246.592,160.0,LC4,blue,dend[344],1.0
720575940622939836,394.56,247.616,159.92,394.768,247.648,159.92,LC4,blue,dend[629],0.9505131387966738
720575940622939836,394.08,248.224,161.16,394.112,248.416,161.16,LC4,blue,dend[349],0.8074018121786747
720575940628462340,394.176,246.496,162.04,394.32,246.64,162.0,LC4,blue,dend[347],0.437485443786348
720575940628462340,394.624,246.432,160.96,394.496,246.64,161.0,LC4,blue,dend[361],0.9641622784208516
720575940628462340,394.112,246.336,161.76,394.08,246.352,161.6,LC4,blue,dend[346],0.6582888343204564
720575940628462340,393.488,246.608,161.84,393.456,246.688,161.72,LC4,blue,dend[356],0.7635607597093014
720575940628462340,393.712,246.608,161.8,393.792,246.768,161.64,LC4,blue,dend[346],1.0
720575940628462340,394.4,246.336,161.72,394.336,246.496,161.64,LC4,blue,dend[347],0.19223369058981835
720575940610522009,397.696,247.328,160.52,397.712,247.2,160.4,LC4,blue,dend[621],1.0
720575940610522009,397.584,247.12,159.92,397.584,246.912,159.96,LC4,blue,dend[619],0.7649103193062963
720575940610522009,403.616,246.08,159.28,403.392,246.032,159.28,LC4,blue,dend[725],0.12953016611623291
720575940610522009,397.264,247.808,160.64,397.168,248.016,160.68,LC4,blue,dend[617],0.9557963678846356
720575940610522009,402.32,246.8,161.56,402.384,246.64,161.44,LC4,blue,dend[725],1.0
720575940610522009,401.776,246.912,161.84,401.584,246.72,161.88,LC4,blue,dend[734],0.9839626657588826
720575940610522009,396.928,247.504,162.8,396.768,247.52,162.68,LC4,blue,dend[351],1.0
720575940610522009,397.536,247.184,159.56,397.456,247.296,159.56,LC4,blue,dend[628],0.31704846786418545
720575940610522009,403.696,246.24,160.76,403.568,246.112,160.8,LC4,blue,dend[725],0.6097158850114928
720575940622108001,393.808,248.688,161.2,393.856,248.544,161.08,LC4,blue,dend[349],0.9384152449352149
720575940615575007,398.368,246.576,159.4,398.208,246.4,159.48,LC4,blue,dend[620],0.9023447012966958
720575940622108001,393.584,247.152,161.4,393.536,247.024,161.56,LC4,blue,dend[356],0.8112868476780883
720575940622108001,397.456,249.024,159.4,397.536,248.88,159.28,LC4,blue,dend[712],0.9385917798003438
720575940615575007,403.216,245.952,162.64,403.072,245.84,162.56,LC4,blue,dend[729],0.7047292415042213
720575940615575007,398.368,246.752,161.16,398.16,246.768,161.2,LC4,blue,dend[623],0.053618421116599466
720575940615575007,402.704,246.0,162.68,402.816,245.936,162.52,LC4,blue,dend[729],0.4436310666238781
720575940622108001,394.176,248.72,161.0,394.08,248.544,161.0,LC4,blue,dend[349],0.8945957396103315
720575940615575007,398.272,246.768,162.32,398.112,246.848,162.36,LC4,blue,dend[623],0.5670669700492718
720575940622108001,398.032,249.104,159.04,397.936,248.88,159.04,LC4,blue,dend[712],0.6231968190430163
720575940622108001,393.552,247.936,162.6,393.776,247.888,162.6,LC4,blue,dend[358],0.8708898880963614
720575940615575007,401.808,246.336,162.72,401.808,246.24,162.6,LC4,blue,dend[735],0.5677650313154782
720575940615575007,400.72,246.768,163.08,400.656,246.608,163.0,LC4,blue,dend[736],0.7455112117509635
720575940614914107,402.864,246.016,159.48,402.976,246.16,159.44,LC4,blue,dend[725],0.24329908632095995
720575940614914107,397.76,245.936,161.44,397.872,246.112,161.4,LC4,blue,dend[626],0.8294590921253118
720575940632769180,400.848,246.992,162.24,400.784,246.816,162.2,LC4,blue,dend[736],0.2215221058756769
720575940632769180,401.408,246.864,162.24,401.424,246.672,162.16,LC4,blue,dend[734],1.0
720575940611134833,401.872,245.984,161.28,401.92,246.08,161.48,LC4,blue,dend[726],1.0
720575940611134833,403.568,245.776,160.88,403.584,246.032,160.96,LC4,blue,dend[725],0.6557705419500668
720575940611134833,402.112,246.048,161.24,402.176,246.176,161.4,LC4,blue,dend[726],0.5839801291756802
720575940628064260,400.752,246.64,162.4,400.672,246.848,162.36,LC4,blue,dend[736],0.3416659043926646
720575940628064260,398.272,246.656,163.04,398.224,246.528,162.92,LC4,blue,dend[623],0.9011400592153885
720575940628064260,402.576,245.808,162.36,402.752,245.968,162.36,LC4,blue,dend[729],0.2719868569881845
720575940628064260,401.232,246.096,161.8,401.344,246.32,161.76,LC4,blue,dend[736],0.12305645262481726
720575940628064260,401.536,246.176,162.2,401.584,246.352,162.08,LC4,blue,dend[734],0.8673723122775516
720575940628064260,400.192,246.656,162.32,400.304,246.768,162.2,LC4,blue,dend[736],0.37903527271625415
720575940616713355,397.968,247.28,160.52,397.728,247.216,160.4,LC4,blue,dend[621],1.0
720575940616713355,395.52,247.504,162.6,395.36,247.456,162.48,LC4,blue,dend[350],0.10773290740593809
720575940616713355,403.36,246.8,158.76,403.536,246.816,158.64,LC4,blue,dend[753],0.2993823892709345
720575940616713355,395.664,247.696,162.52,395.488,247.76,162.44,LC4,blue,dend[350],0.3379663722544623
720575940616713355,396.848,247.184,162.48,396.912,247.344,162.56,LC4,blue,dend[353],0.5712782724712913
720575940616713355,395.152,248.016,162.88,395.2,248.128,162.76,LC4,blue,dend[350],0.7211496495579461
720575940616713355,398.032,247.248,161.2,398.224,247.328,161.28,LC4,blue,dend[623],0.029099492157115
720575940616713355,397.728,247.008,161.6,397.92,246.944,161.68,LC4,blue,dend[623],0.1684648661726262
720575940616713355,402.832,246.608,160.4,402.88,246.352,160.56,LC4,blue,dend[725],0.6338250154519232
720575940616713355,398.128,246.992,160.8,398.048,246.784,160.76,LC4,blue,dend[622],0.5014976704887453
720575940616713355,399.488,247.904,160.36,399.52,248.128,160.36,LC4,blue,dend[759],0.8802162084267201
720575940649229433,395.04,247.52,161.76,395.056,247.552,161.96,LC4,blue,dend[348],0.8811446532124624
720575940649229433,397.84,248.688,159.28,397.632,248.848,159.24,LC4,blue,dend[712],0.8626123162297882
720575940649229433,396.448,248.448,160.48,396.608,248.48,160.6,LC4,blue,dend[617],0.9579632798726047
720575940649229433,398.08,248.576,158.96,398.032,248.704,158.88,LC4,blue,dend[712],0.45606929156240683
720575940649229433,395.792,247.728,159.36,395.872,247.52,159.44,LC4,blue,dend[629],0.37537877661792163
720575940649229433,396.16,247.792,159.28,396.256,247.616,159.24,LC4,blue,dend[616],0.9386826329247449
720575940649229433,394.56,247.664,162.2,394.768,247.744,162.2,LC4,blue,dend[348],0.877098540387993
720575940649229433,393.856,247.248,162.16,393.6,247.408,162.16,LC4,blue,dend[358],0.32196733821375045
720575940649229433,394.16,246.304,163.0,394.336,246.384,163.0,LC4,blue,dend[355],0.34668550353161326
720575940649229433,394.48,248.064,161.52,394.416,248.272,161.52,LC4,blue,dend[349],0.5693930066915072
720575940649229433,395.136,247.568,160.0,395.088,247.488,159.88,LC4,blue,dend[629],0.7977633609349519
720575940638496720,402.864,246.336,162.04,402.752,246.144,162.0,LC4,blue,dend[737],0.6085542622371287
720575940615053580,399.712,248.448,160.48,399.664,248.224,160.44,LC4,blue,dend[759],0.8841840398962498
720575940615053580,393.712,248.0,162.8,393.776,247.872,162.64,LC4,blue,dend[358],0.8840054777759258
720575940615053580,393.296,248.032,163.48,393.264,247.888,163.6,LC4,blue,dend[391],0.9823232011163442
720575940615053580,394.048,248.16,162.56,393.888,248.0,162.48,LC4,blue,dend[358],0.9100560406359223
720575940615053580,394.752,248.08,162.12,394.8,247.872,162.08,LC4,blue,dend[349],0.1901311397972745
720575940615053580,397.104,248.288,160.84,397.088,248.112,160.72,LC4,blue,dend[617],0.9969282204760236
720575940625991043,393.632,245.968,160.88,393.648,246.08,160.76,LC4,blue,dend[343],0.8980911957588307
720575940625991043,393.424,246.32,161.56,393.392,246.512,161.64,LC4,blue,dend[356],0.7119805730466088
720575940625991043,393.744,246.192,161.16,393.808,246.416,161.12,LC4,blue,dend[345],0.6208480496433848
720575940625991043,393.856,246.224,161.56,393.984,246.4,161.56,LC4,blue,dend[346],0.6561937223894163
720575940612580977,398.048,246.32,159.32,398.048,246.4,159.48,LC4,blue,dend[620],0.8187364568695877
720575940612580977,397.776,246.32,159.36,397.888,246.4,159.52,LC4,blue,dend[620],0.7105606638395213
720575940628699560,400.624,246.176,163.52,400.736,246.288,163.36,LC4,blue,dend[736],0.974134238065414
720575940630998339,393.92,246.064,159.16,393.728,246.032,159.2,LC4,blue,dend[344],1.0
720575940620795728,398.256,247.792,161.36,398.304,247.552,161.32,LC4,blue,dend[623],0.00806176680047962
720575940620795728,395.856,248.128,162.84,395.728,248.128,162.8,LC4,blue,dend[350],0.9926193261238591
720575940620795728,395.248,248.576,163.04,395.232,248.4,162.92,LC4,blue,dend[354],0.4651220558123424
720575940622531767,395.168,246.976,163.8,394.992,246.848,163.76,LC4,blue,dend[355],0.9509615763208001
720575940622531767,397.968,246.496,162.76,398.16,246.576,162.76,LC4,blue,dend[623],0.8037420699923798
720575940615127227,395.04,246.832,163.52,394.992,246.816,163.76,LC4,blue,dend[355],0.9510954368806684
720575940615127227,394.736,247.504,162.64,394.864,247.52,162.44,LC4,blue,dend[348],0.6710950399396838
720575940615127227,395.344,247.168,162.52,395.312,247.328,162.4,LC4,blue,dend[348],0.699787759341936
720575940615127227,394.576,246.656,162.72,394.544,246.544,162.56,LC4,blue,dend[347],0.923297768469221
720575940615127227,397.68,246.208,161.32,397.904,246.16,161.36,LC4,blue,dend[626],0.7194914598239317
720575940615127227,397.568,246.336,160.72,397.712,246.512,160.68,LC4,blue,dend[622],0.3977541484178259
720575940615127227,394.08,246.528,163.36,394.192,246.368,163.36,LC4,blue,dend[355],0.5915651324940923
720575940613260959,394.848,246.384,163.96,394.72,246.56,163.92,LC4,blue,dend[355],1.0
720575940618676440,395.632,246.832,166.28,395.488,246.688,166.2,LC4,blue,dend[569],0.9380195246042106
720575940618676440,395.36,246.656,166.52,395.392,246.544,166.4,LC4,blue,dend[569],1.0
720575940618676440,394.208,246.496,167.36,394.16,246.592,167.24,LC4,blue,dend[408],0.373379715815134
720575940618676440,394.368,246.928,167.28,394.272,246.976,167.16,LC4,blue,dend[408],0.49949202131640197
720575940633580384,393.68,245.792,167.92,393.584,245.664,168.08,LC4,blue,dend[409],0.8637999570422504
720575940633580384,395.536,246.48,166.52,395.392,246.56,166.36,LC4,blue,dend[569],1.0
720575940615575007,394.448,247.84,166.88,394.32,247.664,166.84,LC4,blue,dend[408],0.7427689352964377
720575940632769180,396.352,246.32,164.08,396.384,246.112,164.08,LC4,blue,dend[567],0.6946302158065775
720575940632769180,396.976,246.64,164.12,397.184,246.528,164.2,LC4,blue,dend[568],0.7868073344637919
720575940632769180,396.064,246.224,163.96,396.192,246.048,163.88,LC4,blue,dend[567],0.5898003576463255
720575940628064260,394.624,247.36,167.0,394.4,247.328,166.92,LC4,blue,dend[408],0.6567794841245359
720575940628064260,397.472,246.736,164.32,397.328,246.576,164.28,LC4,blue,dend[568],0.852320031325011
720575940619397542,396.448,246.096,165.12,396.512,246.256,165.08,LC4,blue,dend[569],0.17002039552880618
720575940628081541,396.384,245.776,163.88,396.384,245.968,163.92,LC4,blue,dend[567],0.6176786887173634
720575940628699560,394.048,247.424,166.4,394.16,247.504,166.52,LC4,blue,dend[408],0.7536006932381528
720575940628699560,395.312,246.72,166.0,395.392,246.624,166.12,LC4,blue,dend[569],0.9304218214583674
720575940628699560,397.12,246.544,164.44,397.168,246.48,164.32,LC4,blue,dend[568],0.6837948526786536
720575940628699560,396.384,246.512,165.28,396.416,246.32,165.32,LC4,blue,dend[569],0.2928008966592999
720575940628699560,396.912,246.416,164.64,396.88,246.208,164.64,LC4,blue,dend[568],0.1890283778130254
720575940630998339,393.392,245.792,168.16,393.424,245.632,168.08,LC4,blue,dend[409],0.6731311501917402
720575940615127227,394.464,246.64,163.88,394.608,246.528,163.88,LC4,blue,dend[355],1.0
720575940622108001,419.68,229.328,157.96,419.6,229.2,158.08,LC4,blue,dend[1097],0.9742896594729316
720575940614572742,419.408,229.216,158.2,419.568,229.12,158.12,LC4,blue,dend[1097],0.9766675321464334
720575940614572742,419.184,228.928,158.32,419.248,228.832,158.2,LC4,blue,dend[1097],0.9473164400958052
720575940613260959,423.776,242.32,140.96,423.6,242.432,141.04,LC4,blue,dend[50],0.7657303571112719
720575940638456227,425.28,243.056,142.76,425.136,243.248,142.72,LC4,blue,dend[41],0.9165673904827433
720575940628462340,425.632,241.808,139.8,425.728,241.84,139.72,LC4,blue,dend[54],0.9817361102283124
720575940614914107,425.68,239.232,141.48,425.728,239.2,141.32,LC4,blue,dend[15],0.5699998995538652
720575940614914107,425.92,239.568,140.04,425.968,239.36,140.12,LC4,blue,dend[3],0.9120044693778535
720575940624111763,425.872,241.856,142.76,425.84,241.664,142.68,LC4,blue,dend[49],0.09980539155162602
720575940625991043,425.968,239.344,141.32,425.76,239.28,141.28,LC4,blue,dend[15],0.6172155905734852
720575940617026260,423.424,241.952,142.84,423.552,241.824,142.84,LC4,blue,dend[49],1.0
720575940617026260,423.936,242.112,142.0,423.824,241.968,141.92,LC4,blue,dend[50],0.32413670868825517
720575940628081541,425.376,241.728,140.88,425.408,241.888,140.84,LC4,blue,dend[54],0.5008201946804877
720575940617266722,423.552,243.024,140.92,423.568,242.832,140.88,LC4,blue,dend[50],0.918475491127246
720575940614572742,410.752,240.944,143.2,410.8,241.12,143.08,LC4,blue,dend[165],0.44113212844967287
720575940614572742,412.0,240.432,143.12,411.888,240.592,143.08,LC4,blue,dend[162],0.17020407352247605
720575940618723749,416.208,245.728,142.88,416.288,245.872,142.92,LC4,blue,dend[147],0.7471763032776543
720575940613260959,423.824,238.848,146.48,423.936,238.848,146.32,LC4,blue,dend[781],0.17069808058167518
720575940613260959,423.232,239.68,146.84,423.232,239.808,147.0,LC4,blue,dend[779],0.8864758501073823
720575940613260959,423.648,238.912,146.4,423.728,238.912,146.24,LC4,blue,dend[781],0.26297767006812434
720575940613260959,424.672,237.024,146.96,424.816,237.12,146.84,LC4,blue,dend[771],0.9259285325700414
720575940613260959,424.88,237.104,147.16,424.912,237.232,147.04,LC4,blue,dend[772],0.33612132075764006
720575940638456227,413.84,235.216,147.8,413.744,235.152,147.64,LC4,blue,dend[940],0.2526073101344722
720575940638456227,414.128,234.8,147.68,414.144,234.928,147.48,LC4,blue,dend[996],0.05237316231878172
720575940618676440,422.496,245.232,145.92,422.384,245.136,145.8,LC4,blue,dend[159],0.5941526099193705
720575940618676440,421.2,245.2,147.24,421.344,245.36,147.2,LC4,blue,dend[152],0.4592998843282171
720575940628462340,424.912,235.888,146.2,424.736,235.904,146.2,LC4,blue,dend[768],0.7297698865648097
720575940628462340,424.8,235.696,146.36,424.688,235.728,146.24,LC4,blue,dend[768],0.6809962724965759
720575940628462340,424.896,236.0,146.84,424.832,236.272,146.76,LC4,blue,dend[771],0.2300852062979684
720575940628462340,425.168,235.504,145.64,424.976,235.44,145.64,LC4,blue,dend[767],1.0
720575940628462340,425.072,235.584,145.76,424.848,235.584,145.68,LC4,blue,dend[768],0.38761971743130386
720575940624017251,419.968,242.0,146.84,420.016,242.128,146.8,LC4,blue,dend[53],0.8795769574584338
720575940633580384,421.392,245.712,147.92,421.408,245.552,147.8,LC4,blue,dend[153],0.5822208577071715
720575940622108001,424.048,236.144,146.28,424.128,236.112,146.44,LC4,blue,dend[782],0.10528818101956663
720575940622108001,424.8,235.584,145.44,424.848,235.52,145.6,LC4,blue,dend[768],0.3390309553667436
720575940615575007,423.472,243.36,147.44,423.472,243.584,147.52,LC4,blue,dend[157],0.9416676602199227
720575940615575007,421.92,244.736,145.4,421.696,244.816,145.52,LC4,blue,dend[159],0.48963641728637886
720575940615575007,422.256,244.96,145.72,422.192,245.104,145.8,LC4,blue,dend[159],0.5246435532678003
720575940633580384,416.608,234.816,147.48,416.544,234.64,147.4,LC4,blue,dend[852],1.0
720575940622108001,423.92,235.792,146.2,424.096,235.68,146.32,LC4,blue,dend[769],0.47524719038629465
720575940614914107,419.328,242.288,146.92,419.552,242.304,146.88,LC4,blue,dend[53],0.9679798736334191
720575940632769180,422.784,239.344,145.84,422.72,239.552,145.84,LC4,blue,dend[781],0.7610601525092865
720575940632769180,422.912,239.584,146.08,422.896,239.632,145.92,LC4,blue,dend[781],0.7028424093271562
720575940631338271,422.752,244.512,145.52,422.72,244.72,145.36,LC4,blue,dend[159],0.9787201660477176
720575940631338271,422.112,244.288,148.44,422.288,244.352,148.48,LC4,blue,dend[156],0.8316164509314257
720575940611134833,420.752,242.032,146.04,420.848,242.128,146.24,LC4,blue,dend[53],0.6840101999835165
720575940611134833,425.84,241.136,144.4,425.872,241.28,144.44,LC4,blue,dend[14],0.599251736729654
720575940611134833,423.264,240.048,147.24,423.36,239.888,147.16,LC4,blue,dend[779],0.5854262432644358
720575940611134833,411.12,244.448,146.84,410.976,244.496,146.76,LC4,blue,dend[245],0.5345788211692012
720575940611134833,423.488,240.16,147.32,423.568,240.016,147.36,LC4,blue,dend[778],1.0
720575940624111763,425.808,234.752,146.72,425.808,234.912,146.6,LC4,blue,dend[783],0.8625149220772771
720575940626626895,422.72,245.04,148.36,422.752,244.912,148.24,LC4,blue,dend[155],1.0
720575940626626895,422.144,245.392,147.84,421.952,245.312,147.88,LC4,blue,dend[155],0.2477384027923981
720575940616713355,420.256,245.072,145.2,420.176,245.2,145.28,LC4,blue,dend[160],0.21841035023534067
720575940616713355,420.368,245.168,145.08,420.384,245.328,145.16,LC4,blue,dend[160],0.027567994747152866
720575940649229433,425.216,238.608,146.92,425.264,238.496,146.8,LC4,blue,dend[774],0.6982316725634514
720575940649229433,425.872,239.632,148.04,426.0,239.84,148.04,LC4,blue,dend[1285],0.9720696222919928
720575940638496720,425.952,241.392,144.52,425.952,241.248,144.48,LC4,blue,dend[14],0.556745098438236
720575940638496720,420.368,245.536,145.12,420.464,245.36,145.12,LC4,blue,dend[148],0.9431756554044525
720575940638496720,419.92,245.312,145.32,420.048,245.168,145.32,LC4,blue,dend[160],0.2989743288439806
720575940619397542,422.784,244.608,145.16,422.72,244.672,145.32,LC4,blue,dend[159],1.0
720575940627519107,418.976,245.68,143.4,419.088,245.488,143.44,LC4,blue,dend[148],0.5572435771503743
720575940640612480,422.992,244.72,148.16,422.832,244.864,148.12,LC4,blue,dend[157],0.07086874335760295
720575940626916936,419.536,242.512,146.84,419.568,242.352,146.92,LC4,blue,dend[53],0.9731364583400236
720575940625991043,422.192,239.776,146.0,422.32,239.856,146.0,LC4,blue,dend[781],0.9510731503001637
720575940617026260,422.832,241.696,143.72,422.944,241.504,143.8,LC4,blue,dend[53],0.028322233293481842
720575940617026260,422.208,241.744,144.4,422.32,241.6,144.48,LC4,blue,dend[53],0.21303867324560138
720575940628454522,424.272,240.448,144.36,424.208,240.656,144.36,LC4,blue,dend[52],0.8300438444039718
720575940612580977,421.536,245.088,145.48,421.536,244.896,145.56,LC4,blue,dend[149],0.5002917077102642
720575940612580977,421.744,245.328,147.44,421.584,245.312,147.56,LC4,blue,dend[152],1.0
720575940612580977,420.928,245.504,144.88,420.72,245.504,144.96,LC4,blue,dend[148],0.9818272753305164
720575940612580977,421.856,245.184,146.08,421.776,244.992,146.12,LC4,blue,dend[149],0.9195014406142992
720575940612580977,421.744,245.104,145.48,421.76,244.912,145.56,LC4,blue,dend[159],0.4787433765713442
720575940612580977,421.664,245.296,147.2,421.44,245.312,147.24,LC4,blue,dend[152],0.5710138311507597
720575940612580977,421.088,245.744,146.16,420.912,245.648,146.2,LC4,blue,dend[149],0.5696778958287838
720575940628081541,424.512,236.048,146.24,424.48,235.872,146.36,LC4,blue,dend[768],0.9171570034289671
720575940617266722,423.616,243.792,147.4,423.536,243.808,147.56,LC4,blue,dend[157],0.8504103250428752
720575940628081541,423.952,236.816,146.84,423.792,236.928,146.76,LC4,blue,dend[782],0.6770178721545985
720575940617266722,421.824,245.2,148.12,421.936,245.296,148.0,LC4,blue,dend[155],0.27151083361106626
720575940617266722,423.312,243.648,147.4,423.456,243.584,147.52,LC4,blue,dend[157],0.9376214362848041
720575940617266722,421.168,245.376,147.84,421.36,245.456,147.76,LC4,blue,dend[153],0.6190903328737508
720575940628081541,424.56,236.352,146.68,424.736,236.24,146.68,LC4,blue,dend[771],0.18377484253367374
720575940617266722,421.984,245.04,148.24,422.144,245.136,148.2,LC4,blue,dend[155],0.5276212353621872
720575940617266722,423.136,243.952,147.64,423.248,244.112,147.6,LC4,blue,dend[157],0.6354174669736755
720575940630851036,413.584,237.136,148.04,413.616,237.28,147.92,LC4,blue,dend[857],0.7366830562934912
720575940630851036,413.584,237.392,148.36,413.44,237.536,148.32,LC4,blue,dend[858],0.20950538183607997
720575940613256863,425.472,233.84,146.52,425.296,233.984,146.56,LC4,blue,dend[765],1.0
720575940613256863,415.344,237.008,148.08,415.36,237.2,148.08,LC4,blue,dend[939],0.5194126736128488
720575940613256863,415.424,239.28,145.72,415.456,239.472,145.72,LC4,blue,dend[163],0.9007432514424836
720575940613256863,415.2,239.44,145.76,415.376,239.504,145.76,LC4,blue,dend[163],0.8694411602698001
720575940613256863,423.6,238.688,146.08,423.6,238.912,146.08,LC4,blue,dend[781],0.31906595077989264
720575940628699560,421.152,243.936,148.28,421.36,244.0,148.28,LC4,blue,dend[154],0.9235180758523108
720575940630998339,422.368,245.68,147.08,422.192,245.76,147.16,LC4,blue,dend[158],0.9370578005811336
720575940630998339,420.864,245.552,146.8,421.056,245.552,146.64,LC4,blue,dend[150],0.7349920639913124
720575940625038090,423.792,241.44,143.48,423.68,241.504,143.36,LC4,blue,dend[51],0.47236221533551415
720575940625038090,423.808,240.256,147.6,423.68,240.096,147.48,LC4,blue,dend[780],0.2766523640255509
720575940620795728,424.64,239.6,146.64,424.48,239.52,146.6,LC4,blue,dend[778],0.2765600709467757
720575940620795728,424.576,239.872,147.08,424.304,239.808,147.04,LC4,blue,dend[778],0.5668667042662543
720575940614572742,415.36,237.264,148.24,415.328,237.216,148.08,LC4,blue,dend[939],0.503034804214713
720575940618807105,423.616,237.296,146.76,423.632,237.232,146.88,LC4,blue,dend[782],0.9020536754960409
720575940614572742,412.544,240.832,143.68,412.64,240.992,143.64,LC4,blue,dend[162],0.34665913535717113
720575940614572742,412.416,240.816,143.68,412.32,240.944,143.6,LC4,blue,dend[162],0.2994554977578239
720575940618807105,423.856,236.992,146.48,423.872,236.784,146.52,LC4,blue,dend[782],0.5370072787894057
720575940614572742,413.6,239.984,144.04,413.664,240.192,144.12,LC4,blue,dend[162],0.6365618079157006
720575940614572742,423.872,237.712,146.0,424.048,237.792,146.04,LC4,blue,dend[773],0.5408333775741564
720575940615127227,424.88,237.648,147.48,424.992,237.456,147.52,LC4,blue,dend[772],0.7471110372182007
720575940618723749,419.616,244.496,145.96,419.808,244.592,145.92,LC4,blue,dend[160],0.9099416962437193
720575940613260959,414.128,242.128,151.0,414.048,242.016,150.8,LC4,blue,dend[868],0.8458886186364359
720575940613260959,415.456,243.376,151.24,415.472,243.488,151.4,LC4,blue,dend[210],0.8523419478054128
720575940613260959,417.504,244.336,150.6,417.408,244.432,150.48,LC4,blue,dend[202],0.7859186681133586
720575940613260959,425.296,233.328,151.32,425.472,233.376,151.28,LC4,blue,dend[1292],1.0
720575940613260959,410.752,243.872,153.52,410.768,243.968,153.36,LC4,blue,dend[186],0.6687781527382426
720575940613260959,425.248,233.472,151.04,425.44,233.44,151.08,LC4,blue,dend[1294],0.04841211318429586
720575940613260959,424.784,232.912,150.68,424.816,232.72,150.68,LC4,blue,dend[1294],0.46212801896247496
720575940613260959,424.928,233.888,151.24,425.04,234.048,151.28,LC4,blue,dend[1291],1.0
720575940638456227,425.536,240.176,150.44,425.616,240.0,150.56,LC4,blue,dend[1308],0.7468982969859391
720575940638456227,412.064,234.08,148.72,412.16,234.224,148.84,LC4,blue,dend[993],0.4517170468871167
720575940638456227,424.256,239.968,151.12,424.384,239.744,151.12,LC4,blue,dend[1302],1.0
720575940638456227,423.872,239.952,151.44,423.936,239.744,151.36,LC4,blue,dend[1303],0.9350714531465502
720575940638456227,424.624,240.752,151.04,424.752,240.88,151.12,LC4,blue,dend[1305],0.7743670489310809
720575940638456227,413.248,237.68,152.08,413.104,237.92,152.08,LC4,blue,dend[865],0.6924145057135911
720575940622939836,425.136,236.592,151.96,425.088,236.512,152.12,LC4,blue,dend[1335],0.8303981590878308
720575940622939836,424.32,237.136,152.24,424.192,237.248,152.08,LC4,blue,dend[1299],0.8099203653205027
720575940622939836,417.632,243.136,150.2,417.696,243.312,150.24,LC4,blue,dend[203],1.0
720575940618676440,413.68,233.936,153.12,413.712,233.744,153.0,LC4,blue,dend[1010],0.7220638560184531
720575940634517856,420.144,241.184,151.6,420.0,241.056,151.72,LC4,blue,dend[1400],1.0
720575940615462587,423.456,240.704,148.92,423.312,240.896,148.92,LC4,blue,dend[1285],0.06463025641555357
720575940628462340,419.472,236.736,151.96,419.472,236.72,151.8,LC4,blue,dend[1389],0.25813494155539357
720575940615462587,423.104,240.336,149.64,423.248,240.272,149.56,LC4,blue,dend[1284],0.10122050787817015
720575940634517856,415.92,232.688,153.28,415.936,232.608,153.08,LC4,blue,dend[1005],0.739668738104662
720575940615462587,415.504,235.952,150.12,415.456,235.968,150.32,LC4,blue,dend[996],0.913578385660529
720575940628462340,415.84,232.976,151.6,415.632,232.912,151.6,LC4,blue,dend[1003],0.4130450803006419
720575940615462587,424.72,238.096,149.88,424.8,238.304,150.0,LC4,blue,dend[1328],0.18066791228378723
720575940634517856,410.256,243.184,151.64,410.16,243.264,151.44,LC4,blue,dend[173],0.9714083113221885
720575940628462340,419.2,236.736,152.04,419.04,236.72,151.96,LC4,blue,dend[1388],1.0
720575940615462587,419.904,237.824,152.48,419.888,237.6,152.44,LC4,blue,dend[1389],0.9857900655193077
720575940615462587,423.792,239.664,151.24,423.968,239.712,151.36,LC4,blue,dend[1303],0.8875420936010107
720575940628462340,422.288,235.184,149.28,422.08,235.136,149.2,LC4,blue,dend[1386],0.35997542854496256
720575940634517856,420.912,240.544,151.44,420.912,240.64,151.56,LC4,blue,dend[1401],0.9466321553643894
720575940628462340,422.16,235.024,150.76,422.032,235.216,150.84,LC4,blue,dend[1274],0.6206158194343119
720575940634517856,415.92,231.888,152.36,416.112,231.952,152.44,LC4,blue,dend[1006],1.0
720575940628462340,414.656,232.832,149.84,414.864,232.944,149.84,LC4,blue,dend[999],1.0
720575940628462340,421.856,234.0,150.64,421.76,233.872,150.72,LC4,blue,dend[1387],0.7852857581244348
720575940628462340,418.368,238.464,150.48,418.576,238.512,150.48,LC4,blue,dend[1396],0.4132220629619624
720575940628462340,420.736,234.624,153.4,420.528,234.72,153.36,LC4,blue,dend[1433],0.5120768862419632
720575940615462587,424.416,241.04,151.68,424.608,241.024,151.64,LC4,blue,dend[1306],0.2547353959558519
720575940634517856,422.768,236.816,151.52,422.816,236.608,151.48,LC4,blue,dend[1298],0.09441954809708274
720575940624017251,414.8,240.112,150.8,414.928,239.952,150.84,LC4,blue,dend[867],0.3806433483552311
720575940624017251,412.704,241.168,152.0,412.832,241.024,152.04,LC4,blue,dend[875],0.9396422473788932
720575940624017251,416.624,240.368,151.04,416.544,240.448,151.2,LC4,blue,dend[869],0.9412859786967565
720575940626605200,424.08,237.632,152.16,424.112,237.44,152.04,LC4,blue,dend[1300],0.8506795597230393
720575940624017251,413.824,240.144,150.84,413.712,239.984,150.96,LC4,blue,dend[870],0.8223396206063202
720575940624017251,416.176,240.48,150.96,416.144,240.624,151.04,LC4,blue,dend[869],0.6425010000022116
720575940624017251,418.08,242.688,150.68,417.984,242.864,150.68,LC4,blue,dend[204],0.8735694739742568
720575940626605200,424.72,237.68,151.4,424.576,237.616,151.36,LC4,blue,dend[1301],0.32724570280201376
720575940626605200,423.44,237.568,152.28,423.44,237.456,152.12,LC4,blue,dend[1329],0.9847740096003986
720575940626605200,423.776,237.456,152.44,423.904,237.328,152.44,LC4,blue,dend[1330],0.21976050434186326
720575940620903551,419.152,233.872,153.32,419.344,233.744,153.32,LC4,blue,dend[1430],0.5740434775581882
720575940620903551,413.2,243.408,152.08,413.136,243.408,151.92,LC4,blue,dend[188],0.881535176272747
720575940620903551,411.744,243.584,152.64,411.792,243.664,152.8,LC4,blue,dend[187],0.5153647528100889
720575940620903551,419.744,235.936,150.4,419.52,235.936,150.48,LC4,blue,dend[1388],0.24160651963972998
720575940620903551,419.728,233.632,150.8,419.584,233.44,150.8,LC4,blue,dend[1424],0.44706639720551405
720575940620903551,420.192,234.336,150.16,420.112,234.528,150.2,LC4,blue,dend[1420],1.0
720575940620903551,410.848,243.632,152.16,410.784,243.84,152.16,LC4,blue,dend[244],0.5932631661749104
720575940620903551,413.808,244.48,153.52,413.616,244.56,153.56,LC4,blue,dend[190],0.33337388817924135
720575940620903551,413.296,243.728,152.84,413.104,243.712,152.96,LC4,blue,dend[187],0.9227620866768109
720575940620903551,418.576,234.128,153.16,418.384,234.192,153.12,LC4,blue,dend[1425],0.6168695286513542
720575940620903551,413.664,244.384,153.28,413.504,244.48,153.24,LC4,blue,dend[189],0.8553720007474477
720575940620903551,420.16,235.648,150.2,420.32,235.568,150.28,LC4,blue,dend[1420],0.7014395889038528
720575940620903551,419.824,235.888,149.2,419.728,235.76,149.08,LC4,blue,dend[1267],0.8835909159895948
720575940620903551,413.2,243.76,152.24,413.088,243.84,152.12,LC4,blue,dend[188],0.49974403290443176
720575940610522009,409.696,245.056,149.96,409.76,245.056,149.84,LC4,blue,dend[170],0.8707268051018019
720575940610522009,409.744,244.4,150.2,409.968,244.336,150.28,LC4,blue,dend[172],0.5208981569188108
720575940612518055,425.952,236.192,152.64,425.968,236.256,152.48,LC4,blue,dend[1337],0.36100995213479686
720575940612518055,424.912,237.2,153.24,425.024,237.376,153.24,LC4,blue,dend[1382],0.9365963481914013
720575940615575007,421.472,234.432,148.84,421.504,234.288,148.96,LC4,blue,dend[1386],0.6414698049414206
720575940622108001,425.92,232.88,151.48,425.872,232.896,151.64,LC4,blue,dend[1293],0.4497927026152261
720575940633580384,417.008,234.496,149.52,416.96,234.272,149.44,LC4,blue,dend[998],0.8748136497572349
720575940622108001,425.616,233.52,151.04,425.456,233.488,151.12,LC4,blue,dend[1292],0.881067289618545
720575940622108001,423.232,235.6,150.16,423.216,235.792,150.24,LC4,blue,dend[1296],0.6161658792204104
720575940622108001,421.952,235.792,149.12,421.824,235.632,149.24,LC4,blue,dend[1386],0.2614861991504269
720575940633580384,417.2,234.416,150.08,417.36,234.272,150.04,LC4,blue,dend[1264],0.6335987508435971
720575940633580384,416.048,245.248,150.92,416.208,245.184,151.0,LC4,blue,dend[201],0.9414383008447892
720575940633580384,409.824,243.872,152.52,409.936,244.048,152.44,LC4,blue,dend[185],0.5601396672971245
720575940622108001,425.056,234.432,150.64,425.152,234.608,150.68,LC4,blue,dend[1295],0.38490977045231806
720575940615575007,420.608,235.712,150.92,420.512,235.568,150.96,LC4,blue,dend[1273],0.5490677948357509
720575940615575007,424.88,239.024,153.04,425.072,239.072,153.08,LC4,blue,dend[1345],0.7971006357504832
720575940615575007,421.776,236.336,151.8,421.936,236.48,151.84,LC4,blue,dend[1385],0.9086198096652772
720575940615575007,425.344,242.032,148.72,425.296,241.856,148.8,LC4,blue,dend[1285],0.5735473997910191
720575940633580384,415.936,244.8,151.32,415.952,244.944,151.4,LC4,blue,dend[201],0.6259154646183795
720575940622108001,422.896,235.376,149.88,422.768,235.184,149.96,LC4,blue,dend[1287],0.9536969414008237
720575940622108001,419.216,238.784,149.84,419.328,238.832,149.96,LC4,blue,dend[1397],0.5184542601462765
720575940605598892,413.248,243.696,153.08,413.088,243.728,152.96,LC4,blue,dend[187],0.9177582851991188
720575940605598892,417.984,234.88,149.84,418.128,234.752,149.76,LC4,blue,dend[1264],0.9938396850689167
720575940605598892,419.376,241.584,153.16,419.312,241.552,153.0,LC4,blue,dend[1417],0.36021310500726184
720575940605598892,419.488,241.552,153.16,419.52,241.52,153.04,LC4,blue,dend[1417],0.6225773542080506
720575940605598892,413.2,238.144,152.32,413.264,237.968,152.32,LC4,blue,dend[865],0.7949309761750117
720575940605598892,417.2,234.736,153.24,417.376,234.816,153.32,LC4,blue,dend[1427],0.14910844561446818
720575940605598892,412.88,240.224,152.72,413.088,240.144,152.64,LC4,blue,dend[874],0.610533276507428
720575940605598892,413.984,237.648,150.88,413.936,237.824,150.76,LC4,blue,dend[861],0.7621518909184208
720575940605598892,413.632,237.968,151.36,413.504,237.872,151.32,LC4,blue,dend[865],0.34232990218804293
720575940605598892,417.36,235.536,152.24,417.344,235.712,152.2,LC4,blue,dend[1391],0.7002612552914463
720575940605598892,425.712,241.632,148.72,425.584,241.44,148.72,LC4,blue,dend[1285],0.6860612018360865
720575940614914107,421.056,240.96,151.04,421.12,241.04,151.16,LC4,blue,dend[1402],0.5696890389704372
720575940614914107,423.616,236.224,150.24,423.52,236.096,150.12,LC4,blue,dend[1296],0.9451561104748258
720575940614914107,422.96,236.176,150.96,422.784,236.032,150.96,LC4,blue,dend[1288],0.6751484469690154
720575940614914107,419.712,241.04,151.8,419.856,240.96,151.84,LC4,blue,dend[1400],0.9899579960084535
720575940614914107,418.976,241.184,152.32,419.12,241.184,152.32,LC4,blue,dend[1416],0.8108200566175358
720575940614914107,423.424,235.472,151.4,423.328,235.28,151.32,LC4,blue,dend[1289],0.4416195075294644
720575940614914107,421.216,241.12,150.88,421.28,241.216,151.0,LC4,blue,dend[1402],0.7740429161085303
720575940614914107,419.52,240.848,151.88,419.648,240.8,152.0,LC4,blue,dend[1400],0.9133243620663115
720575940614914107,423.744,236.288,151.56,423.744,236.448,151.68,LC4,blue,dend[1298],0.5922815352257198
720575940614914107,422.752,240.224,149.28,422.816,240.352,149.2,LC4,blue,dend[1283],0.8018835821521406
720575940614914107,423.328,235.248,152.8,423.168,235.36,152.76,LC4,blue,dend[1333],0.8862274978944512
720575940614914107,423.696,235.376,151.8,423.68,235.136,151.64,LC4,blue,dend[1290],0.4537899894327473
720575940614914107,419.744,239.76,148.64,419.936,239.824,148.6,LC4,blue,dend[1280],0.981692899348731
720575940632769180,413.2,241.04,152.12,413.168,240.912,152.24,LC4,blue,dend[875],0.6900628034880563
720575940632769180,419.872,241.424,153.16,419.696,241.504,153.04,LC4,blue,dend[1417],0.8109738115500507
720575940632769180,414.944,238.912,149.76,415.024,238.768,149.88,LC4,blue,dend[866],0.26060024861781705
720575940632769180,414.224,239.76,150.72,414.32,239.616,150.76,LC4,blue,dend[870],0.21200554288605009
720575940632769180,415.664,232.384,152.8,415.84,232.48,152.8,LC4,blue,dend[1005],0.7166909012648774
720575940632769180,421.312,241.488,152.04,421.488,241.344,152.0,LC4,blue,dend[1407],0.07903199195288768
720575940632769180,422.816,241.072,148.92,422.96,240.88,148.96,LC4,blue,dend[1285],0.03655610737087037
720575940631338271,415.664,245.12,152.32,415.712,244.976,152.48,LC4,blue,dend[198],0.3486730135831356
720575940631338271,415.232,244.8,152.0,415.216,244.592,152.0,LC4,blue,dend[197],1.0
720575940631338271,416.4,245.072,152.04,416.496,245.168,152.2,LC4,blue,dend[198],0.6603350491456045
720575940631338271,425.28,236.096,152.52,425.456,236.144,152.48,LC4,blue,dend[1336],0.5448500964875834
720575940631338271,413.248,243.984,152.48,413.2,244.064,152.36,LC4,blue,dend[187],1.0
720575940631338271,425.184,235.728,152.4,425.104,235.6,152.28,LC4,blue,dend[1384],0.5737018096166746
720575940631338271,424.576,236.24,153.0,424.384,236.096,152.92,LC4,blue,dend[1334],0.7540390042427839
720575940631338271,421.904,243.728,151.84,422.112,243.648,151.84,LC4,blue,dend[1414],0.9528043401678229
720575940624111763,410.128,242.992,151.4,410.16,243.152,151.52,LC4,blue,dend[173],1.0
720575940624111763,423.568,236.08,152.2,423.536,236.24,152.04,LC4,blue,dend[1298],0.5404526072165716
720575940624111763,410.432,244.336,151.08,410.336,244.496,151.16,LC4,blue,dend[173],0.6351994232188105
720575940611134833,422.32,240.352,148.76,422.528,240.32,148.88,LC4,blue,dend[1283],0.5299509989078145
720575940611134833,410.368,244.112,149.96,410.528,244.16,150.08,LC4,blue,dend[172],0.8972371125076362
720575940611134833,421.216,239.584,149.4,421.008,239.504,149.36,LC4,blue,dend[1280],0.4140447743325655
720575940624111763,410.112,243.488,150.64,410.208,243.248,150.64,LC4,blue,dend[184],0.41328828025390957
720575940624111763,409.792,243.872,150.72,409.584,243.936,150.76,LC4,blue,dend[171],0.9061757407148854
720575940611134833,422.208,239.936,148.68,422.4,239.856,148.76,LC4,blue,dend[1283],0.10427250822886827
720575940624111763,423.776,236.048,152.56,423.904,235.952,152.64,LC4,blue,dend[1332],0.8615329800145697
720575940611134833,420.512,240.16,151.8,420.416,240.336,151.76,LC4,blue,dend[1401],0.4374834076313453
720575940628064260,424.16,238.768,150.68,424.352,238.832,150.76,LC4,blue,dend[1301],0.8905945289964361
720575940628064260,424.4,238.16,150.48,424.592,238.176,150.56,LC4,blue,dend[1301],0.778296661820531
720575940628064260,424.544,238.352,149.92,424.784,238.368,149.96,LC4,blue,dend[1328],0.2191228563001779
720575940628064260,424.576,238.384,149.76,424.736,238.528,149.76,LC4,blue,dend[1328],0.3753850195565682
720575940628064260,414.576,243.984,151.6,414.72,244.112,151.72,LC4,blue,dend[197],0.9348684541251774
720575940628064260,423.872,237.744,151.84,424.0,237.568,151.88,LC4,blue,dend[1300],1.0
720575940628064260,415.024,243.6,151.56,415.232,243.68,151.56,LC4,blue,dend[210],0.57555624458115
720575940628064260,415.12,242.032,152.6,415.312,241.984,152.68,LC4,blue,dend[906],0.6789727726009886
720575940626626895,416.512,231.856,151.0,416.528,231.904,150.84,LC4,blue,dend[1002],0.6021357762079307
720575940626626895,425.008,241.04,152.16,424.944,240.864,152.12,LC4,blue,dend[1306],0.8392471096268297
720575940626626895,424.88,241.008,151.64,424.64,241.008,151.64,LC4,blue,dend[1306],0.27275723495444415
720575940626626895,422.816,243.264,152.08,422.688,243.44,152.08,LC4,blue,dend[1413],0.01572798603588785
720575940626626895,422.72,244.944,148.48,422.704,244.848,148.32,LC4,blue,dend[155],1.0
720575940626626895,416.592,232.064,151.32,416.576,232.208,151.44,LC4,blue,dend[1000],0.9387227967751853
720575940626626895,416.064,231.264,151.2,416.096,231.072,151.36,LC4,blue,dend[1002],1.0
720575940626626895,422.816,243.12,152.2,422.624,243.2,152.28,LC4,blue,dend[1412],0.7300042680687846
720575940626626895,425.024,240.592,151.0,424.848,240.528,151.08,LC4,blue,dend[1305],0.5210661680979035
720575940616713355,415.392,240.384,153.24,415.216,240.32,153.2,LC4,blue,dend[878],0.7992701205302646
720575940616713355,415.632,241.024,153.12,415.68,241.216,153.16,LC4,blue,dend[878],1.0
720575940616713355,425.664,234.592,150.64,425.52,234.752,150.52,LC4,blue,dend[1295],0.7134552104853729
720575940616713355,422.928,235.168,152.68,423.072,235.344,152.72,LC4,blue,dend[1333],0.9599618695777995
720575940616713355,425.12,235.168,152.24,425.152,235.392,152.24,LC4,blue,dend[1384],0.771840782969767
720575940616713355,420.736,235.232,153.52,420.736,235.056,153.44,LC4,blue,dend[1433],0.8862594156295478
720575940616713355,415.488,240.656,151.2,415.28,240.64,151.12,LC4,blue,dend[867],0.9557880175476992
720575940616713355,424.032,242.032,148.76,424.064,241.84,148.84,LC4,blue,dend[1285],0.22909576434615056
720575940617176321,418.96,245.008,149.12,418.768,245.104,149.16,LC4,blue,dend[208],0.4556000808750271
720575940617176321,409.968,244.72,152.04,409.888,244.464,152.04,LC4,blue,dend[185],0.21174026909025812
720575940616713355,425.808,234.672,150.52,425.744,234.848,150.52,LC4,blue,dend[1295],0.8808119576715909
720575940617176321,413.408,245.056,153.52,413.568,244.976,153.44,LC4,blue,dend[190],0.19775919670485026
720575940616713355,424.64,241.616,150.44,424.416,241.2,150.24,LC4,blue,dend[1307],0.9704970699331539
720575940649229433,424.592,238.768,149.24,424.592,238.88,149.36,LC4,blue,dend[1328],0.7058948476808571
720575940649229433,422.288,238.656,149.92,422.224,238.704,149.76,LC4,blue,dend[1281],0.1714450022992598
720575940649229433,422.016,237.872,149.96,422.0,237.68,149.88,LC4,blue,dend[1278],0.9493593645667272
720575940649229433,418.944,241.36,152.92,419.136,241.44,152.76,LC4,blue,dend[1417],0.09107255779855558
720575940649229433,419.408,239.216,152.68,419.312,239.04,152.6,LC4,blue,dend[1399],1.0
720575940629753807,424.448,241.568,149.16,424.352,241.648,149.04,LC4,blue,dend[1285],0.29559337836057925
720575940629753807,411.104,244.176,153.44,411.12,244.048,153.48,LC4,blue,dend[187],0.24623106771803283
720575940629753807,413.008,243.392,151.76,413.12,243.424,151.92,LC4,blue,dend[188],0.8722506304986557
720575940629753807,411.408,243.952,152.16,411.184,243.904,152.16,LC4,blue,dend[244],0.7904794648097371
720575940629753807,419.328,241.28,152.76,419.168,241.424,152.76,LC4,blue,dend[1417],0.0583781829487541
720575940629753807,410.736,244.448,152.64,410.592,244.288,152.56,LC4,blue,dend[185],0.7717677473947787
720575940629753807,425.28,241.424,148.68,425.472,241.488,148.72,LC4,blue,dend[1285],0.6524066812371647
720575940629753807,414.496,241.76,151.04,414.352,241.616,150.96,LC4,blue,dend[868],0.5831268270258321
720575940629753807,419.728,241.488,152.52,419.664,241.664,152.52,LC4,blue,dend[1418],0.5676769793852607
720575940629753807,418.272,239.424,151.96,418.512,239.376,151.92,LC4,blue,dend[1399],0.5499868763370577
720575940629753807,421.776,236.64,151.8,421.936,236.48,151.84,LC4,blue,dend[1385],0.9086198096652772
720575940629753807,418.48,239.024,152.28,418.688,239.056,152.24,LC4,blue,dend[1399],0.7794164433007593
720575940618312606,425.232,234.896,150.44,425.232,234.688,150.52,LC4,blue,dend[1295],0.5223917875241665
720575940618312606,423.568,235.568,152.92,423.408,235.616,152.84,LC4,blue,dend[1333],0.6212279836978403
720575940618312606,424.112,235.184,152.0,423.92,235.232,151.92,LC4,blue,dend[1290],0.7558586660559878
720575940638496720,423.248,241.504,148.68,423.376,241.36,148.76,LC4,blue,dend[1285],0.07539757979621509
720575940638496720,423.312,241.76,148.84,423.52,241.728,148.92,LC4,blue,dend[1285],0.07544222953945205
720575940615053580,421.936,242.24,152.68,422.064,242.336,152.56,LC4,blue,dend[1407],0.7259059573319477
720575940615053580,414.24,245.168,152.4,414.16,244.96,152.36,LC4,blue,dend[197],0.4290226359218779
720575940615053580,424.56,239.952,151.12,424.496,239.744,151.12,LC4,blue,dend[1304],0.05346459288942941
720575940615053580,413.648,245.2,153.0,413.6,244.96,152.96,LC4,blue,dend[189],1.0
720575940615053580,425.456,239.712,150.08,425.648,239.632,150.16,LC4,blue,dend[1309],0.8497136428019082
720575940619397542,418.448,239.056,151.28,418.656,239.04,151.32,LC4,blue,dend[1399],0.1878619958961717
720575940619397542,420.08,240.128,148.84,420.128,239.952,148.72,LC4,blue,dend[1280],0.9125404280203748
720575940619397542,420.608,240.176,149.0,420.576,239.968,149.04,LC4,blue,dend[1280],0.6986753017948911
720575940619397542,415.696,242.192,152.28,415.632,242.0,152.32,LC4,blue,dend[906],0.9529249028047633
720575940619397542,418.352,239.216,150.96,418.576,239.264,150.96,LC4,blue,dend[1398],1.0
720575940627519107,421.792,237.2,150.04,421.76,237.136,149.96,LC4,blue,dend[1277],0.31068572572114084
720575940627519107,414.48,234.688,152.16,414.672,234.784,152.08,LC4,blue,dend[1263],0.5720861732508941
720575940627519107,413.872,234.08,152.8,413.904,233.84,152.84,LC4,blue,dend[1010],0.3053620543635571
720575940627519107,421.872,237.52,149.84,421.968,237.696,149.88,LC4,blue,dend[1278],0.935962266732752
720575940627519107,421.712,236.912,150.4,421.84,236.752,150.44,LC4,blue,dend[1286],0.7215175787820763
720575940627519107,417.904,243.408,150.48,417.808,243.232,150.48,LC4,blue,dend[204],0.39380904067953587
720575940627519107,419.792,237.456,152.08,419.808,237.232,152.08,LC4,blue,dend[1389],0.6828193031196443
720575940640612480,417.104,244.624,149.84,417.136,244.56,150.04,LC4,blue,dend[202],0.745426408604242
720575940640612480,423.92,236.768,151.56,423.968,236.576,151.64,LC4,blue,dend[1298],0.7185926608318817
720575940640612480,424.208,237.056,151.6,424.336,237.04,151.72,LC4,blue,dend[1299],0.6490435499577879
720575940640612480,423.28,236.96,151.44,423.12,236.768,151.4,LC4,blue,dend[1298],0.257111172353689
720575940640612480,410.72,244.896,151.44,410.56,244.784,151.36,LC4,blue,dend[173],0.9132145210649316
720575940640612480,423.072,236.72,151.88,423.024,236.512,151.76,LC4,blue,dend[1298],0.2545011661001338
720575940640612480,411.056,244.128,152.04,410.992,243.888,152.32,LC4,blue,dend[244],0.5974654376153877
720575940640612480,424.832,237.888,150.48,424.736,238.08,150.48,LC4,blue,dend[1301],0.7937302074202357
720575940625991043,420.064,239.968,148.52,420.064,239.904,148.68,LC4,blue,dend[1280],0.9347430809973626
720575940625991043,414.832,239.088,152.08,414.928,239.136,152.2,LC4,blue,dend[935],0.6975708917369194
720575940625991043,414.336,239.312,152.24,414.384,239.488,152.32,LC4,blue,dend[935],0.4235117736397402
720575940625991043,413.808,239.44,151.08,413.856,239.632,151.0,LC4,blue,dend[870],0.6448092639707409
720575940625991043,415.264,238.704,152.08,415.36,238.864,152.2,LC4,blue,dend[935],0.9211542693947026
720575940625991043,414.352,239.536,151.56,414.24,239.712,151.52,LC4,blue,dend[870],0.7488701552221835
720575940625991043,413.584,239.328,151.12,413.44,239.488,151.08,LC4,blue,dend[936],0.9114848505134941
720575940625991043,415.104,239.68,150.84,414.992,239.84,150.8,LC4,blue,dend[867],0.3244892838396742
720575940630484495,413.024,238.384,149.8,412.88,238.32,149.68,LC4,blue,dend[858],0.9889974529594833
720575940630484495,413.68,241.968,150.68,413.888,242.032,150.68,LC4,blue,dend[868],0.9212415466555455
720575940630484495,413.456,239.84,151.0,413.616,239.824,151.04,LC4,blue,dend[936],0.504304608996396
720575940630484495,413.472,237.984,150.56,413.584,237.856,150.68,LC4,blue,dend[861],0.9527821677297729
720575940630484495,413.6,241.76,150.96,413.792,241.856,150.96,LC4,blue,dend[868],0.8700621596985473
720575940617026260,415.584,243.264,151.48,415.536,243.456,151.4,LC4,blue,dend[210],0.9017948215440824
720575940617026260,413.12,232.784,152.2,413.312,232.752,152.24,LC4,blue,dend[1009],0.9311469451013382
720575940617026260,414.176,240.272,152.68,414.128,240.4,152.84,LC4,blue,dend[874],0.7971679398281646
720575940617026260,415.616,243.328,151.6,415.44,243.536,151.56,LC4,blue,dend[210],0.7661514468373691
720575940617026260,413.712,239.712,152.8,413.552,239.824,152.72,LC4,blue,dend[874],0.6596740545022511
720575940617026260,413.456,232.992,152.36,413.536,232.864,152.36,LC4,blue,dend[1009],0.6861119629427718
720575940617026260,418.464,244.432,150.44,418.544,244.624,150.44,LC4,blue,dend[207],0.6381600797602457
720575940617026260,417.872,244.432,150.6,417.696,244.56,150.52,LC4,blue,dend[202],0.8544315383896157
720575940617026260,413.616,239.584,153.12,413.424,239.68,153.16,LC4,blue,dend[874],1.0
720575940617026260,425.456,235.36,153.36,425.52,235.568,153.28,LC4,blue,dend[1383],1.0
720575940628454522,421.024,240.656,152.32,421.04,240.608,152.12,LC4,blue,dend[1403],0.15358242072836983
720575940628454522,416.176,232.528,153.04,415.984,232.576,152.96,LC4,blue,dend[1005],0.7626104973768706
720575940628454522,421.2,241.136,151.76,421.36,241.04,151.84,LC4,blue,dend[1403],0.6999481146337713
720575940628454522,416.208,231.888,152.68,416.224,232.048,152.56,LC4,blue,dend[1005],0.9673729867199816
720575940628454522,421.264,241.472,150.96,421.344,241.312,150.96,LC4,blue,dend[1402],0.8527466545232122
720575940628454522,422.0,233.44,150.96,421.984,233.664,150.92,LC4,blue,dend[1387],0.944649933473325
720575940628454522,419.728,232.8,153.48,419.68,233.008,153.4,LC4,blue,dend[1435],1.0
720575940628454522,420.96,241.056,151.32,421.04,240.896,151.28,LC4,blue,dend[1402],0.4207881315974189
720575940628454522,416.416,232.128,153.24,416.64,232.112,153.24,LC4,blue,dend[1007],0.8250495411340188
720575940618002644,416.944,245.472,152.32,416.912,245.632,152.24,LC4,blue,dend[198],0.9178236840741095
720575940618002644,425.936,241.312,148.48,425.824,241.2,148.6,LC4,blue,dend[1285],0.7802079574390941
720575940612580977,421.296,243.696,153.48,421.264,243.456,153.52,LC4,blue,dend[1409],0.600273457709052
720575940617266722,422.736,243.6,152.36,422.688,243.488,152.16,LC4,blue,dend[1413],0.020426088757456787
720575940617266722,422.048,242.816,153.2,421.952,242.832,153.04,LC4,blue,dend[1409],0.18896903124375758
720575940617266722,422.976,244.4,152.16,423.168,244.4,152.16,LC4,blue,dend[1413],0.39411125150509396
720575940617266722,413.568,239.952,153.4,413.424,239.888,153.28,LC4,blue,dend[874],1.0
720575940617266722,422.944,244.048,152.16,423.12,244.032,152.08,LC4,blue,dend[1413],0.2661466263803312
720575940628081541,419.328,237.632,150.04,419.184,237.488,150.12,LC4,blue,dend[1395],0.7226805618741537
720575940628081541,421.296,237.504,149.52,421.424,237.344,149.52,LC4,blue,dend[1277],0.581117309649963
720575940628081541,418.832,238.048,150.96,418.752,238.16,150.88,LC4,blue,dend[1419],0.3989138232657619
720575940617266722,421.808,243.248,153.48,421.584,243.2,153.48,LC4,blue,dend[1409],0.4683194901346535
720575940617266722,425.904,236.592,152.6,426.096,236.48,152.6,LC4,blue,dend[1337],0.6054645928486159
720575940617266722,422.752,243.92,152.04,422.816,243.744,152.0,LC4,blue,dend[1413],0.1515258643598516
720575940628081541,419.248,238.448,150.48,419.04,238.432,150.44,LC4,blue,dend[1396],0.42675782942961965
720575940628081541,419.36,238.592,150.32,419.12,238.8,150.28,LC4,blue,dend[1396],0.9644514560386418
720575940617266722,424.832,237.472,153.16,424.976,237.392,153.24,LC4,blue,dend[1382],0.9573563221683294
720575940617266722,422.368,242.576,153.28,422.528,242.448,153.24,LC4,blue,dend[1415],0.7722448704087784
720575940617266722,422.928,244.64,152.0,423.12,244.704,152.0,LC4,blue,dend[1413],0.5317569345524602
720575940630851036,413.408,237.936,151.32,413.552,237.888,151.2,LC4,blue,dend[865],0.2890256564865262
720575940630851036,413.568,237.376,149.68,413.664,237.232,149.68,LC4,blue,dend[864],0.6027469946688198
720575940630851036,425.312,239.184,152.92,425.136,239.056,152.96,LC4,blue,dend[1345],0.9547903124448571
720575940628699560,414.832,235.152,152.32,414.672,235.216,152.28,LC4,blue,dend[1263],0.7765155216063468
720575940613256863,413.632,236.96,149.96,413.696,237.088,150.08,LC4,blue,dend[862],1.0
720575940628699560,415.664,235.68,150.56,415.696,235.824,150.44,LC4,blue,dend[996],0.9756850090907361
720575940628699560,416.624,234.448,149.56,416.624,234.24,149.48,LC4,blue,dend[998],0.847670282607581
720575940628699560,424.576,241.264,151.32,424.624,241.136,151.2,LC4,blue,dend[1305],0.9958456184373857
720575940628699560,415.088,234.624,152.16,414.928,234.512,152.12,LC4,blue,dend[1263],0.4561176588839498
720575940613256863,418.784,237.216,150.04,418.992,237.232,150.04,LC4,blue,dend[1395],0.6487137152883587
720575940628699560,416.656,245.696,152.04,416.736,245.504,152.16,LC4,blue,dend[198],0.8223892056991163
720575940628699560,416.336,234.416,149.52,416.336,234.24,149.44,LC4,blue,dend[998],0.7979366094062821
720575940613256863,418.784,237.648,150.56,418.928,237.792,150.48,LC4,blue,dend[1395],0.8724162513849111
720575940628699560,422.4,241.728,152.08,422.176,241.824,152.12,LC4,blue,dend[1407],0.431834272299588
720575940613256863,419.472,236.592,151.28,419.424,236.4,151.28,LC4,blue,dend[1388],0.697864640855275
720575940613256863,419.216,236.72,151.6,419.2,236.544,151.68,LC4,blue,dend[1388],0.9515226982689791
720575940628699560,414.672,235.6,152.04,414.72,235.52,152.24,LC4,blue,dend[1263],0.9136904861474197
720575940613256863,413.6,236.976,149.56,413.632,237.2,149.6,LC4,blue,dend[864],0.728158388527157
720575940613256863,421.648,235.84,149.24,421.808,235.728,149.28,LC4,blue,dend[1386],0.23415179237092507
720575940613256863,421.392,237.024,149.8,421.456,237.232,149.8,LC4,blue,dend[1277],0.42901652290093767
720575940628699560,415.984,245.328,152.56,415.76,245.008,152.48,LC4,blue,dend[198],0.37316342594254603
720575940625038090,425.264,237.152,153.4,425.328,237.168,153.2,LC4,blue,dend[1382],0.7721815896915164
720575940620795728,424.016,240.064,149.2,423.952,240.24,149.2,LC4,blue,dend[1284],0.8286707254940988
720575940620795728,421.952,236.56,152.0,421.984,236.48,151.84,LC4,blue,dend[1385],0.8696476028641759
720575940620795728,419.152,239.424,151.8,419.056,239.232,151.8,LC4,blue,dend[1399],0.4921156282247435
720575940625038090,415.408,232.64,151.92,415.28,232.784,151.88,LC4,blue,dend[1003],0.6019257805804851
720575940625038090,414.976,232.128,150.84,415.184,232.288,150.8,LC4,blue,dend[1001],1.0
720575940620795728,415.12,238.8,152.32,415.168,238.976,152.2,LC4,blue,dend[935],0.8238431060858511
720575940625038090,423.28,240.736,150.0,423.296,240.56,149.88,LC4,blue,dend[1284],0.11066662268185964
720575940625038090,424.128,240.432,149.28,423.968,240.24,149.2,LC4,blue,dend[1284],0.8443762108442786
720575940620795728,422.912,235.584,152.8,423.12,235.472,152.76,LC4,blue,dend[1333],0.8746077052689284
720575940620795728,419.312,239.504,151.08,419.12,239.488,151.0,LC4,blue,dend[1400],0.12794997210313455
720575940625038090,414.88,232.576,151.88,414.72,232.72,151.92,LC4,blue,dend[1004],0.797730830024111
720575940625038090,421.536,240.704,151.84,421.424,240.832,151.96,LC4,blue,dend[1403],0.7232904981912394
720575940620795728,419.312,239.376,151.32,419.136,239.2,151.28,LC4,blue,dend[1399],0.161056128268649
720575940625038090,416.144,230.56,150.6,416.336,230.688,150.68,LC4,blue,dend[1002],1.0
720575940625038090,424.096,236.224,152.88,424.096,236.016,152.8,LC4,blue,dend[1332],0.8996170298420769
720575940620795728,423.344,240.192,149.76,423.312,240.304,149.6,LC4,blue,dend[1284],0.15941544116674586
720575940620795728,415.808,241.36,153.44,415.68,241.232,153.44,LC4,blue,dend[879],0.16592698834889086
720575940625038090,423.552,237.264,153.04,423.568,237.408,152.96,LC4,blue,dend[1330],0.4938011397787474
720575940625038090,421.584,240.896,151.48,421.568,241.088,151.52,LC4,blue,dend[1406],1.0
720575940625038090,411.888,231.36,149.36,412.048,231.504,149.36,LC4,blue,dend[994],0.872172565218163
720575940622531767,418.224,244.88,150.24,418.192,244.768,150.16,LC4,blue,dend[206],0.8708375383918328
720575940622531767,417.92,245.024,150.24,417.824,244.88,150.2,LC4,blue,dend[206],0.6315872635837272
720575940614572742,419.328,239.328,150.44,419.296,239.2,150.6,LC4,blue,dend[1398],0.36296922307738744
720575940614572742,418.672,239.76,151.04,418.848,239.728,151.12,LC4,blue,dend[1400],0.1670061928439801
720575940618807105,424.992,238.912,150.44,424.768,238.912,150.52,LC4,blue,dend[1301],1.0
720575940618807105,413.664,238.16,152.68,413.568,238.096,152.48,LC4,blue,dend[865],0.8622186511362631
720575940618807105,425.616,239.424,150.04,425.664,239.616,150.12,LC4,blue,dend[1309],0.9036444477550257
720575940614572742,415.536,238.064,149.92,415.344,238.144,149.96,LC4,blue,dend[937],0.6556517116078887
720575940618807105,424.976,238.608,149.96,424.8,238.544,149.88,LC4,blue,dend[1328],0.29190621719332227
720575940614572742,415.424,238.048,149.72,415.2,238.128,149.72,LC4,blue,dend[859],0.963410717609763
720575940614572742,420.464,239.728,149.12,420.592,239.904,149.12,LC4,blue,dend[1280],0.667814666642922
720575940614572742,420.688,239.152,149.44,420.88,239.168,149.44,LC4,blue,dend[1280],0.39005716456583694
720575940614572742,419.456,239.056,149.72,419.472,238.848,149.76,LC4,blue,dend[1397],0.7545805705542556
720575940614572742,420.416,239.664,148.68,420.24,239.824,148.68,LC4,blue,dend[1280],0.8607508415071906
720575940618807105,415.136,235.968,149.72,415.008,236.08,149.68,LC4,blue,dend[996],0.6971839572788988
720575940615127227,422.768,234.096,153.28,422.832,234.224,153.44,LC4,blue,dend[1500],0.9540329416166291
720575940615127227,415.696,241.792,152.52,415.6,241.968,152.44,LC4,blue,dend[906],0.8714761896615563
720575940615127227,422.288,238.944,149.88,422.224,238.816,149.72,LC4,blue,dend[1281],0.2574068886908339
720575940615127227,425.84,239.568,150.48,425.84,239.76,150.4,LC4,blue,dend[1309],0.4410543153150589
720575940615127227,422.032,239.504,149.68,422.16,239.552,149.56,LC4,blue,dend[1282],0.7874101614875941
720575940615127227,415.6,241.328,153.0,415.632,241.216,153.12,LC4,blue,dend[878],1.0
720575940615127227,419.504,240.176,151.04,419.472,239.968,151.12,LC4,blue,dend[1400],0.4070055854226608
720575940615127227,415.376,241.808,152.8,415.296,241.888,152.68,LC4,blue,dend[906],0.6439554714758012
720575940615127227,424.032,239.072,149.28,424.128,239.2,149.28,LC4,blue,dend[1328],0.9280434808514838
720575940625934973,415.424,235.904,150.48,415.504,236.0,150.4,LC4,blue,dend[996],0.9392966492318107
720575940613260959,422.88,234.208,155.12,422.928,234.368,155.2,LC4,blue,dend[1442],0.7380074924304497
720575940613260959,417.6,234.528,158.6,417.52,234.704,158.56,LC4,blue,dend[1035],0.8519269115928858
720575940613260959,422.176,233.792,154.64,422.08,234.032,154.6,LC4,blue,dend[1441],0.5220644398446326
720575940613260959,422.016,234.016,155.08,421.92,234.192,155.0,LC4,blue,dend[1439],0.5172530498247463
720575940613260959,420.72,233.36,155.88,420.528,233.376,155.8,LC4,blue,dend[1437],0.7345199596437848
720575940613260959,422.88,234.08,153.6,422.8,234.224,153.48,LC4,blue,dend[1500],0.9230668942039315
720575940613260959,418.288,234.608,158.2,418.32,234.832,158.28,LC4,blue,dend[1057],0.9221679356657831
720575940613260959,422.144,233.616,154.6,421.936,233.52,154.52,LC4,blue,dend[1438],0.6858476006035319
720575940613260959,424.8,234.768,155.76,424.688,234.912,155.84,LC4,blue,dend[1456],0.8757517721971706
720575940613260959,423.376,234.048,154.4,423.376,234.224,154.36,LC4,blue,dend[1499],0.6595743293862881
720575940613260959,420.384,233.568,156.28,420.336,233.472,156.16,LC4,blue,dend[1437],0.9545808920438268
720575940613260959,423.584,233.392,154.88,423.712,233.248,154.96,LC4,blue,dend[1447],0.16447257511255242
720575940613260959,422.816,230.928,157.04,422.704,230.736,157.0,LC4,blue,dend[1491],0.8864670502225745
720575940638456227,411.792,237.456,157.32,411.776,237.36,157.2,LC4,blue,dend[1131],0.8549732811540983
720575940638456227,412.192,238.8,153.96,412.352,238.96,154.04,LC4,blue,dend[931],0.9510516052638168
720575940638456227,421.216,240.928,155.36,421.36,241.072,155.48,LC4,blue,dend[895],1.0
720575940638456227,420.352,240.16,156.84,420.512,240.352,156.88,LC4,blue,dend[892],0.2401041008214779
720575940638456227,411.424,237.696,156.92,411.536,237.648,156.8,LC4,blue,dend[1106],0.7694506195122881
720575940638456227,411.36,238.544,155.88,411.568,238.544,155.92,LC4,blue,dend[1109],0.8571296961959379
720575940638456227,420.88,240.896,155.28,420.672,240.96,155.32,LC4,blue,dend[899],1.0
720575940622939836,417.232,241.52,155.28,417.136,241.488,155.08,LC4,blue,dend[887],0.7270992911786297
720575940622939836,421.488,237.744,154.88,421.504,237.552,154.96,LC4,blue,dend[1505],0.6254134282837995
720575940622939836,421.68,237.616,154.52,421.552,237.584,154.44,LC4,blue,dend[1507],0.2948178873558635
720575940622939836,420.576,238.08,155.16,420.736,237.968,155.2,LC4,blue,dend[1504],0.9253758582400106
720575940622939836,413.872,245.664,155.04,413.84,245.456,155.0,LC4,blue,dend[192],0.3549743918554363
720575940618676440,420.128,240.832,157.48,420.224,240.688,157.52,LC4,blue,dend[892],0.5621823592408192
720575940618676440,424.72,236.16,156.48,424.656,236.0,156.56,LC4,blue,dend[1496],0.17667685114077375
720575940618676440,424.544,240.704,154.44,424.544,240.544,154.52,LC4,blue,dend[1346],0.5684727890408972
720575940618676440,410.688,244.672,157.88,410.592,244.448,157.92,LC4,blue,dend[224],0.9371240042130048
720575940618676440,420.624,241.152,156.92,420.624,241.28,156.8,LC4,blue,dend[895],0.06846255792957516
720575940618676440,420.304,241.088,157.0,420.192,241.2,156.88,LC4,blue,dend[891],0.8559110776206054
720575940628462340,416.224,234.448,156.88,416.032,234.4,156.8,LC4,blue,dend[1026],0.5617279815564606
720575940628462340,424.24,232.528,154.68,424.256,232.624,154.52,LC4,blue,dend[1447],0.6460583301421273
720575940628462340,424.24,231.872,154.48,424.272,231.792,154.32,LC4,blue,dend[1448],0.32625654145662925
720575940628462340,421.776,233.712,154.28,421.68,233.856,154.44,LC4,blue,dend[1438],0.6912923942275556
720575940628462340,409.952,240.24,156.68,410.144,240.32,156.72,LC4,blue,dend[934],0.9144276229144683
720575940628462340,416.048,235.76,154.64,416.256,235.808,154.72,LC4,blue,dend[1427],1.0
720575940628462340,421.84,233.424,154.36,421.872,233.504,154.52,LC4,blue,dend[1438],0.6259835880054047
720575940628462340,416.672,235.024,153.68,416.848,235.2,153.8,LC4,blue,dend[1427],0.4955648879977406
720575940628462340,423.968,232.576,154.56,424.112,232.72,154.56,LC4,blue,dend[1447],0.559395584607302
720575940628462340,411.664,239.392,154.68,411.696,239.584,154.56,LC4,blue,dend[932],0.35070469438273677
720575940615462587,412.592,238.08,156.52,412.592,237.904,156.44,LC4,blue,dend[1107],0.43210146354166196
720575940628462340,423.184,232.672,154.52,423.216,232.496,154.64,LC4,blue,dend[1454],0.8852889694753439
720575940615462587,411.328,238.88,157.48,411.168,239.04,157.44,LC4,blue,dend[1110],0.44446847254828853
720575940628462340,416.224,234.832,153.92,416.112,234.64,153.88,LC4,blue,dend[1014],0.8765829010012828
720575940628462340,410.848,239.936,155.56,410.848,240.16,155.48,LC4,blue,dend[932],0.8973087915690066
720575940615462587,409.904,245.648,154.04,409.984,245.84,154.08,LC4,blue,dend[241],0.5564672646745666
720575940628462340,415.84,236.512,154.72,416.032,236.544,154.76,LC4,blue,dend[1429],0.3600089074581341
720575940628462340,411.072,239.92,155.44,411.072,240.144,155.24,LC4,blue,dend[932],0.7658776739236947
720575940615462587,418.096,238.304,154.04,418.24,238.224,154.04,LC4,blue,dend[1394],0.6217504638809997
720575940628462340,409.984,240.256,156.52,410.176,240.304,156.56,LC4,blue,dend[934],0.8043371954057318
720575940626605200,417.728,241.088,154.72,417.584,241.2,154.68,LC4,blue,dend[905],0.9114951214422399
720575940626605200,417.888,241.552,154.48,417.696,241.712,154.52,LC4,blue,dend[904],0.6425686477476378
720575940624017251,425.136,239.792,153.72,425.008,239.616,153.76,LC4,blue,dend[1346],0.14643420410559926
720575940626605200,412.752,239.456,157.4,412.56,239.488,157.4,LC4,blue,dend[911],0.23143299339011378
720575940626605200,417.568,240.768,154.56,417.36,240.704,154.64,LC4,blue,dend[886],0.14801290988691534
720575940626605200,412.608,238.992,157.0,412.448,239.168,156.84,LC4,blue,dend[909],0.9856714022625392
720575940626605200,417.888,239.424,153.96,417.936,239.568,153.84,LC4,blue,dend[886],0.7983628060250197
720575940620903551,414.128,245.104,154.04,413.984,245.056,154.12,LC4,blue,dend[192],0.024810921542529406
720575940620903551,414.448,244.992,154.28,414.32,244.992,154.4,LC4,blue,dend[192],0.04959732036324349
720575940620903551,422.96,233.552,156.64,422.88,233.616,156.48,LC4,blue,dend[1445],0.9380718574274857
720575940620903551,420.944,243.136,154.16,420.816,243.136,154.0,LC4,blue,dend[1409],0.891071340583052
720575940620903551,421.504,232.976,157.2,421.616,232.784,157.24,LC4,blue,dend[1453],0.9396258736592212
720575940620903551,414.352,245.152,154.28,414.208,245.152,154.4,LC4,blue,dend[192],0.08586056256917955
720575940620903551,414.192,244.624,154.0,414.08,244.56,154.08,LC4,blue,dend[190],0.8277125940276684
720575940620903551,418.144,242.72,156.48,418.096,242.512,156.4,LC4,blue,dend[889],0.8396098227610346
720575940620903551,417.984,242.144,157.08,418.096,241.936,157.04,LC4,blue,dend[890],0.7897766109583112
720575940620903551,418.032,235.088,156.84,417.872,235.232,156.84,LC4,blue,dend[1073],0.9233425513631862
720575940620903551,417.936,242.816,156.52,417.744,242.736,156.44,LC4,blue,dend[889],0.852735292390838
720575940620903551,421.088,243.392,154.12,421.024,243.44,154.0,LC4,blue,dend[1409],0.8329290676250299
720575940620903551,425.776,233.072,156.04,425.792,233.248,156.12,LC4,blue,dend[1458],0.19447530215030706
720575940620903551,418.288,234.528,154.48,418.128,234.48,154.4,LC4,blue,dend[1426],0.9263748460404883
720575940610522009,421.296,241.392,156.32,421.216,241.248,156.2,LC4,blue,dend[895],0.62120607114346
720575940610522009,418.624,241.68,157.2,418.576,241.712,157.0,LC4,blue,dend[891],0.06985701751873913
720575940610522009,420.4,241.648,156.52,420.368,241.44,156.48,LC4,blue,dend[895],0.13232463285502127
720575940610522009,424.752,241.584,155.24,424.8,241.6,155.08,LC4,blue,dend[1346],0.9624952089933125
720575940610522009,412.176,244.752,158.24,412.288,244.944,158.24,LC4,blue,dend[196],0.7909802034092105
720575940610522009,424.768,240.752,154.8,424.608,240.752,154.68,LC4,blue,dend[1346],0.6546895195230328
720575940610522009,421.36,241.392,156.28,421.264,241.264,156.16,LC4,blue,dend[895],0.6634257871777387
720575940610522009,420.0,241.776,156.76,419.872,241.648,156.68,LC4,blue,dend[891],0.6281849063332486
720575940610522009,412.128,244.912,158.08,412.224,245.056,158.16,LC4,blue,dend[196],0.7860875250177949
720575940610522009,412.832,243.008,158.04,412.848,242.784,158.12,LC4,blue,dend[916],0.7811223887740534
720575940610522009,421.888,241.344,155.96,421.808,241.376,155.8,LC4,blue,dend[898],0.4681087858790341
720575940612518055,425.216,239.44,153.92,425.2,239.328,153.76,LC4,blue,dend[1344],0.8002037766468346
720575940612518055,414.864,233.84,157.6,414.88,233.92,157.44,LC4,blue,dend[1079],0.9404251509337024
720575940612518055,423.216,238.0,154.04,423.168,237.872,153.92,LC4,blue,dend[1330],0.9950764667265979
720575940612518055,415.84,241.024,157.84,415.68,241.152,157.8,LC4,blue,dend[914],0.8177068044484064
720575940612518055,412.96,240.896,155.68,413.072,240.736,155.68,LC4,blue,dend[909],0.17609662709110874
720575940612518055,421.664,238.096,155.36,421.712,237.968,155.44,LC4,blue,dend[1506],0.7499135292380071
720575940615575007,419.216,232.176,155.08,419.168,232.16,155.28,LC4,blue,dend[1023],0.8214042182358782
720575940615575007,410.08,240.512,156.72,410.144,240.32,156.72,LC4,blue,dend[934],0.9144276229144683
720575940615575007,418.24,235.92,157.64,418.224,236.016,157.52,LC4,blue,dend[1075],0.7053508446538276
720575940622108001,409.712,245.488,156.52,409.792,245.648,156.44,LC4,blue,dend[230],0.29881131222852825
720575940633580384,413.568,232.88,157.72,413.504,232.672,157.8,LC4,blue,dend[1210],0.2945993572122264
720575940615575007,411.776,239.76,154.6,411.664,239.632,154.56,LC4,blue,dend[932],0.3649889867476149
720575940615575007,421.936,240.336,154.8,421.92,240.288,154.96,LC4,blue,dend[897],0.6025997156254016
720575940615575007,418.08,235.776,157.64,418.0,235.824,157.52,LC4,blue,dend[1075],0.4228471318364208
720575940615575007,422.128,239.744,154.52,422.0,239.76,154.64,LC4,blue,dend[897],0.9427260461790432
720575940622108001,410.464,244.736,155.72,410.384,244.944,155.64,LC4,blue,dend[229],0.22329561665005843
720575940615575007,420.032,234.848,153.68,419.872,234.816,153.56,LC4,blue,dend[1431],0.9147986460560251
720575940615575007,419.184,232.48,155.16,419.184,232.352,155.28,LC4,blue,dend[1023],0.9236246678396053
720575940615575007,418.72,236.272,157.84,418.672,236.464,157.88,LC4,blue,dend[1056],0.7269367912241308
720575940633580384,420.656,240.08,156.92,420.576,240.288,156.84,LC4,blue,dend[892],0.22012560222495034
720575940615575007,417.184,243.968,155.8,417.344,244.112,155.76,LC4,blue,dend[902],0.8009165645275814
720575940633580384,419.744,240.672,157.8,419.84,240.704,157.92,LC4,blue,dend[892],0.8687727980408217
720575940622108001,418.112,230.576,157.48,418.048,230.784,157.56,LC4,blue,dend[1087],0.9090916435296513
720575940615575007,425.2,231.76,158.64,425.136,231.616,158.6,LC4,blue,dend[1483],0.40894420255944125
720575940622108001,417.568,230.912,157.56,417.696,231.088,157.64,LC4,blue,dend[1087],0.5037776520678373
720575940615575007,413.184,245.008,158.16,413.12,245.152,158.04,LC4,blue,dend[195],0.4765821880802252
720575940633580384,413.248,233.12,157.44,413.056,233.04,157.4,LC4,blue,dend[1210],0.17014147260672505
720575940615575007,412.192,239.168,154.04,412.336,238.992,154.04,LC4,blue,dend[931],0.9195944264408236
720575940615575007,417.776,243.44,156.0,417.824,243.6,156.04,LC4,blue,dend[902],0.1074890024657571
720575940615575007,416.944,242.864,155.92,416.96,242.64,155.96,LC4,blue,dend[889],0.4508631438414268
720575940615575007,420.608,234.24,154.48,420.768,234.112,154.48,LC4,blue,dend[1436],0.938670161136127
720575940615575007,425.216,232.32,158.68,425.296,232.464,158.6,LC4,blue,dend[1472],0.37350942083406274
720575940615575007,412.32,239.728,153.88,412.48,239.808,153.88,LC4,blue,dend[930],0.9581586446251537
720575940605598892,410.768,240.128,155.28,410.88,240.224,155.32,LC4,blue,dend[932],0.8529846029354345
720575940605598892,410.992,239.872,154.88,411.2,239.936,154.88,LC4,blue,dend[932],0.6171386901783317
720575940605598892,410.336,240.272,155.84,410.528,240.288,155.88,LC4,blue,dend[934],0.289707168335549
720575940614914107,413.248,230.528,155.8,413.136,230.384,155.72,LC4,blue,dend[1246],1.0
720575940614914107,421.728,231.408,158.08,421.632,231.216,158.08,LC4,blue,dend[1490],0.6878432159294724
720575940614914107,423.744,232.912,154.68,423.92,233.024,154.72,LC4,blue,dend[1447],0.36189589770246755
720575940614914107,413.952,232.176,157.72,413.84,232.352,157.76,LC4,blue,dend[1210],0.37061070056632966
720575940614914107,416.272,241.376,154.36,416.352,241.216,154.44,LC4,blue,dend[883],0.31944652041548677
720575940614914107,422.8,232.704,155.76,422.704,232.88,155.8,LC4,blue,dend[1451],0.10575320733898841
720575940614914107,423.152,232.656,155.0,423.104,232.656,154.88,LC4,blue,dend[1454],0.6471661517830003
720575940614914107,422.912,232.8,155.84,422.816,232.976,155.84,LC4,blue,dend[1451],0.05637227024426377
720575940614914107,422.544,232.448,155.88,422.464,232.512,156.08,LC4,blue,dend[1451],0.45638081046614987
720575940614914107,413.056,241.648,155.2,413.072,241.44,155.28,LC4,blue,dend[912],0.030607073859405788
720575940614914107,415.984,241.264,154.36,415.984,241.056,154.4,LC4,blue,dend[881],0.9555534522905282
720575940614914107,414.992,241.312,154.64,414.976,241.12,154.72,LC4,blue,dend[880],0.7259236426415697
720575940614914107,422.304,231.952,156.72,422.176,232.032,156.64,LC4,blue,dend[1451],1.0
720575940614914107,413.136,230.992,157.0,413.28,231.12,157.04,LC4,blue,dend[1261],0.5567501667686692
720575940614914107,422.896,234.512,153.6,422.688,234.544,153.6,LC4,blue,dend[1500],0.757317286156796
720575940632769180,412.256,244.816,158.4,412.288,244.96,158.24,LC4,blue,dend[196],0.7859499173575528
720575940632769180,418.096,243.312,157.12,418.016,243.456,156.96,LC4,blue,dend[903],0.44164978549872136
720575940632769180,418.016,243.552,157.36,418.032,243.776,157.28,LC4,blue,dend[903],0.7695521991909983
720575940632769180,417.232,232.544,157.0,417.168,232.352,157.0,LC4,blue,dend[1081],0.9234145868153798
720575940632769180,417.04,232.688,157.24,416.832,232.528,157.16,LC4,blue,dend[1081],0.7715224403847151
720575940632769180,418.224,242.112,157.32,418.176,241.952,157.24,LC4,blue,dend[890],0.8169760916518394
720575940631338271,420.208,240.4,158.0,420.016,240.432,157.96,LC4,blue,dend[892],0.9202953276479516
720575940611134833,414.56,243.04,154.4,414.56,243.232,154.24,LC4,blue,dend[191],0.8152084360401686
720575940611134833,412.688,243.328,156.28,412.656,243.12,156.4,LC4,blue,dend[927],0.7658541932105979
720575940611134833,417.76,241.744,154.0,417.824,241.92,154.08,LC4,blue,dend[904],0.9198715592882696
720575940611134833,424.672,235.968,156.84,424.64,235.92,156.68,LC4,blue,dend[1496],0.1579794763332017
720575940611134833,425.072,232.176,154.4,425.056,232.0,154.4,LC4,blue,dend[1449],0.8697456793507129
720575940611134833,415.776,241.552,154.88,415.824,241.328,154.88,LC4,blue,dend[883],0.5628777525268706
720575940611134833,410.032,243.888,157.64,410.16,243.84,157.76,LC4,blue,dend[224],0.46344378481850174
720575940611134833,422.176,234.416,158.36,421.968,234.576,158.32,LC4,blue,dend[1051],0.9337322913663648
720575940611134833,424.048,231.6,154.28,424.24,231.504,154.32,LC4,blue,dend[1448],0.6389816743837502
720575940611134833,416.544,241.456,154.56,416.464,241.248,154.52,LC4,blue,dend[885],0.3023668239887103
720575940611134833,412.592,237.712,156.4,412.608,237.904,156.32,LC4,blue,dend[1107],0.45009890335344427
720575940611134833,425.568,235.264,156.76,425.504,235.072,156.72,LC4,blue,dend[1497],0.8437782164629379
720575940624111763,415.264,241.28,155.56,415.376,241.44,155.56,LC4,blue,dend[884],0.8232567408919691
720575940611134833,414.96,235.456,157.68,415.104,235.456,157.8,LC4,blue,dend[1028],0.5893928678516672
720575940611134833,413.008,237.424,156.28,413.152,237.552,156.24,LC4,blue,dend[1107],0.7777615825906861
720575940611134833,423.12,232.256,154.56,423.248,232.416,154.64,LC4,blue,dend[1454],0.9256414924537675
720575940624111763,413.056,240.656,156.36,412.976,240.544,156.2,LC4,blue,dend[909],0.36697115062918995
720575940624111763,409.856,241.2,154.48,409.984,241.344,154.48,LC4,blue,dend[933],0.8160674100656046
720575940624111763,418.432,240.192,154.44,418.24,240.224,154.4,LC4,blue,dend[886],0.3983444657564947
720575940611134833,416.032,233.072,158.44,416.048,232.896,158.48,LC4,blue,dend[1083],0.762191659342908
720575940611134833,421.696,232.208,157.04,421.808,232.4,157.08,LC4,blue,dend[1453],0.5689632498169566
720575940611134833,415.04,234.784,157.88,415.216,234.896,157.88,LC4,blue,dend[1027],0.7384023179835522
720575940628064260,415.328,239.456,158.28,415.328,239.44,158.48,LC4,blue,dend[1042],0.9521542253957719
720575940628064260,415.744,239.328,158.32,415.824,239.344,158.52,LC4,blue,dend[1042],0.7900133725621915
720575940628064260,416.704,230.192,154.92,416.688,230.16,154.76,LC4,blue,dend[1095],0.10582940397040627
720575940628064260,421.152,236.08,154.76,421.296,236.208,154.72,LC4,blue,dend[1501],0.8194990908029526
720575940628064260,413.904,241.52,156.92,414.032,241.664,156.96,LC4,blue,dend[914],0.15397664088798121
720575940628064260,420.512,233.776,155.0,420.496,233.584,154.92,LC4,blue,dend[1437],0.23778644768432133
720575940628064260,420.88,237.6,155.12,421.024,237.696,155.2,LC4,blue,dend[1504],0.6068027616768554
720575940628064260,414.592,241.04,157.84,414.784,241.072,157.76,LC4,blue,dend[914],0.5052893260220334
720575940628064260,421.152,235.728,154.64,421.36,235.744,154.56,LC4,blue,dend[1501],0.5779192576956365
720575940628064260,412.64,232.416,157.4,412.704,232.64,157.44,LC4,blue,dend[1210],0.15751550421930197
720575940628064260,421.68,234.128,155.16,421.696,233.968,155.08,LC4,blue,dend[1439],0.7427336891162193
720575940628064260,419.44,233.296,154.64,419.616,233.36,154.52,LC4,blue,dend[1436],0.22806873521134607
720575940628064260,425.904,233.232,155.64,426.032,233.216,155.8,LC4,blue,dend[1458],0.3493123895528353
720575940628064260,412.784,241.824,158.32,412.72,242.048,158.28,LC4,blue,dend[915],0.8672135840562515
720575940628064260,421.328,237.68,154.4,421.536,237.712,154.4,LC4,blue,dend[1507],0.49029202599168453
720575940628064260,413.984,241.248,155.04,413.792,241.136,155.0,LC4,blue,dend[908],0.28196838509532063
720575940628064260,418.208,233.04,154.92,418.224,232.88,154.84,LC4,blue,dend[1017],0.9501155721275436
720575940628064260,421.104,235.392,154.48,421.328,235.408,154.44,LC4,blue,dend[1501],0.4156102328199414
720575940628064260,416.096,230.48,155.28,415.952,230.4,155.28,LC4,blue,dend[1100],0.6052149316337058
720575940628064260,421.648,234.672,155.36,421.808,234.768,155.36,LC4,blue,dend[1438],1.0
720575940626626895,421.984,241.616,155.68,421.968,241.456,155.76,LC4,blue,dend[898],0.5843903814002951
720575940626626895,421.664,233.664,154.76,421.632,233.776,154.64,LC4,blue,dend[1438],0.5905091493780967
720575940626626895,416.752,232.336,156.56,416.832,232.272,156.68,LC4,blue,dend[1081],0.8093518914740035
720575940626626895,417.872,232.032,154.08,417.92,231.776,154.2,LC4,blue,dend[1021],0.2550852969722242
720575940626626895,417.888,232.72,154.68,417.824,232.816,154.8,LC4,blue,dend[1017],0.6164276458263237
720575940626626895,418.224,243.968,157.4,418.096,244.016,157.28,LC4,blue,dend[903],0.8769379365938997
720575940626626895,421.52,233.744,155.16,421.616,233.936,155.12,LC4,blue,dend[1439],0.803988614051785
720575940626626895,412.912,242.704,158.4,412.88,242.56,158.28,LC4,blue,dend[915],1.0
720575940626626895,416.336,232.768,156.68,416.496,232.832,156.72,LC4,blue,dend[1081],0.5006802432160801
720575940626626895,416.336,233.168,156.08,416.304,233.344,155.88,LC4,blue,dend[1025],0.3969991714461003
720575940626626895,412.304,234.64,157.32,412.352,234.432,157.24,LC4,blue,dend[1134],0.9167331111798911
720575940626626895,415.632,233.2,156.64,415.248,233.408,156.48,LC4,blue,dend[1080],0.4535825334941872
720575940617176321,412.64,245.44,156.4,412.688,245.6,156.44,LC4,blue,dend[193],0.32941609490456064
720575940617176321,412.368,245.488,156.48,412.368,245.616,156.36,LC4,blue,dend[193],0.6151165174807439
720575940616713355,411.52,234.72,158.52,411.328,234.624,158.52,LC4,blue,dend[1136],0.9111481337780981
720575940617176321,414.288,231.92,153.6,414.16,232.096,153.6,LC4,blue,dend[1093],0.3644346868714606
720575940616713355,413.584,230.88,155.44,413.504,230.928,155.28,LC4,blue,dend[1258],0.5887119551197199
720575940617176321,413.584,245.52,154.68,413.744,245.44,154.8,LC4,blue,dend[192],0.3082741882952961
720575940616713355,417.984,234.688,154.36,418.128,234.496,154.36,LC4,blue,dend[1426],0.8866077918047988
720575940616713355,412.432,241.968,157.32,412.64,242.048,157.24,LC4,blue,dend[915],0.3186951341171252
720575940616713355,414.96,240.88,154.84,415.008,241.088,154.84,LC4,blue,dend[880],0.7811161059243773
720575940616713355,410.336,244.352,158.08,410.432,244.368,157.92,LC4,blue,dend[224],0.8321220653269188
720575940616713355,410.608,242.992,158.12,410.416,243.008,158.04,LC4,blue,dend[223],0.7486838197547966
720575940616713355,411.696,233.936,157.64,411.792,233.824,157.76,LC4,blue,dend[1136],0.2896267853696855
720575940616713355,412.848,241.472,157.6,413.024,241.6,157.52,LC4,blue,dend[915],0.1466250342088476
720575940617176321,410.88,244.528,157.88,410.656,244.448,157.92,LC4,blue,dend[224],0.9643786339253128
720575940617176321,414.352,232.256,154.88,414.496,232.432,154.88,LC4,blue,dend[1101],0.8825428590450057
720575940616713355,419.856,235.376,153.72,419.68,235.216,153.68,LC4,blue,dend[1432],0.9170871931093566
720575940616713355,415.12,240.88,154.36,415.296,241.04,154.36,LC4,blue,dend[879],0.8549079061933318
720575940616713355,410.192,243.872,158.04,410.064,243.744,157.88,LC4,blue,dend[224],0.38547442610046007
720575940617176321,414.592,233.936,157.44,414.816,233.92,157.44,LC4,blue,dend[1079],0.9819895449039339
720575940617176321,413.696,245.168,154.36,413.952,245.184,154.36,LC4,blue,dend[192],0.11608750668852354
720575940616713355,411.792,234.256,157.36,411.984,234.16,157.32,LC4,blue,dend[1133],1.0
720575940616713355,413.248,231.152,155.64,413.12,230.992,155.6,LC4,blue,dend[1257],0.7405727446962347
720575940616713355,410.8,245.36,155.12,410.624,245.216,155.12,LC4,blue,dend[229],0.051509208243548675
720575940617176321,419.456,240.048,158.04,419.472,240.176,157.92,LC4,blue,dend[893],0.7410730286961525
720575940616713355,413.248,231.232,155.76,413.2,231.12,155.92,LC4,blue,dend[1257],1.0
720575940649229433,413.168,245.44,156.0,413.28,245.392,156.16,LC4,blue,dend[192],0.7729234039448024
720575940649229433,416.928,232.208,158.32,416.944,232.08,158.44,LC4,blue,dend[1085],0.5366061522121562
720575940649229433,424.16,230.832,158.4,424.112,230.8,158.56,LC4,blue,dend[1485],0.13055299356134736
720575940649229433,412.784,245.712,156.28,412.784,245.584,156.4,LC4,blue,dend[192],0.9411210985302172
720575940649229433,425.904,230.704,157.44,425.984,230.8,157.28,LC4,blue,dend[1480],0.6042140578383912
720575940649229433,414.224,244.992,154.72,414.24,245.184,154.64,LC4,blue,dend[192],0.1558556589760098
720575940649229433,413.712,245.216,154.76,413.76,245.424,154.76,LC4,blue,dend[192],0.2921261442146756
720575940649229433,425.488,229.984,156.64,425.392,230.192,156.68,LC4,blue,dend[1481],0.43016090876511887
720575940649229433,417.664,231.664,154.28,417.856,231.76,154.4,LC4,blue,dend[1021],0.17828589779125573
720575940649229433,417.024,232.128,157.8,417.2,232.064,157.76,LC4,blue,dend[1084],0.514422616260367
720575940649229433,417.36,231.552,155.04,417.408,231.776,155.04,LC4,blue,dend[1020],0.1765289179409414
720575940649229433,416.736,232.448,157.92,416.736,232.576,157.84,LC4,blue,dend[1083],0.3212471336655008
720575940649229433,416.864,231.488,154.88,416.896,231.632,154.96,LC4,blue,dend[1024],0.9200029074899881
720575940649229433,417.36,231.152,155.64,417.2,231.168,155.72,LC4,blue,dend[1020],0.7540014204281381
720575940629753807,418.032,237.6,153.84,417.92,237.744,153.76,LC4,blue,dend[1394],0.18889189897729658
720575940629753807,418.32,236.48,157.72,418.448,236.432,157.84,LC4,blue,dend[1056],0.6034219737942118
720575940629753807,417.472,235.792,157.12,417.392,235.52,156.88,LC4,blue,dend[1073],0.531425212567814
720575940629753807,410.08,244.464,153.76,410.096,244.304,153.84,LC4,blue,dend[211],0.41149579657268526
720575940629753807,418.032,237.584,153.8,417.888,237.68,153.64,LC4,blue,dend[1394],0.10897454939002456
720575940618312606,417.904,242.064,154.16,417.824,241.904,154.08,LC4,blue,dend[904],0.921357433816622
720575940618312606,418.96,236.464,157.08,418.96,236.32,157.2,LC4,blue,dend[1076],0.7274716777523581
720575940618312606,416.672,242.56,155.88,416.864,242.464,155.92,LC4,blue,dend[889],0.3628967025803423
720575940618312606,423.12,234.624,154.08,423.024,234.448,154.16,LC4,blue,dend[1500],0.5022048423799828
720575940618312606,414.448,242.448,157.24,414.24,242.512,157.24,LC4,blue,dend[928],0.697261488355063
720575940618312606,417.424,242.016,154.6,417.52,241.84,154.64,LC4,blue,dend[904],0.5008573995772426
720575940638496720,413.632,231.584,156.2,413.552,231.488,156.36,LC4,blue,dend[1260],0.273033995665024
720575940638496720,425.344,233.84,157.28,425.392,233.728,157.12,LC4,blue,dend[1457],0.7084016093987959
720575940638496720,412.592,234.16,157.36,412.416,234.272,157.24,LC4,blue,dend[1134],0.7425976955193445
720575940638496720,412.064,234.416,158.32,411.92,234.288,158.4,LC4,blue,dend[1136],0.6548905664619881
720575940638496720,414.608,242.928,157.44,414.448,242.752,157.32,LC4,blue,dend[928],0.8933015321376118
720575940638496720,412.544,233.664,157.32,412.384,233.488,157.32,LC4,blue,dend[1135],1.0
720575940638496720,413.584,231.808,156.24,413.6,231.744,156.4,LC4,blue,dend[1260],0.3177727939656639
720575940638496720,425.52,233.12,157.8,425.472,232.944,157.68,LC4,blue,dend[1469],0.5964222172729003
720575940615053580,413.152,245.184,156.2,413.28,245.376,156.24,LC4,blue,dend[192],0.7945787477364749
720575940615053580,420.992,243.008,153.8,420.976,243.2,153.88,LC4,blue,dend[1409],0.8013999057289963
720575940615053580,412.144,245.552,156.32,412.32,245.632,156.32,LC4,blue,dend[193],0.675588099899667
720575940615053580,413.536,244.704,154.52,413.68,244.64,154.56,LC4,blue,dend[190],1.0
720575940619397542,417.056,235.68,158.04,417.024,235.728,158.2,LC4,blue,dend[1030],0.9971738446830386
720575940619397542,416.24,236.736,155.04,416.048,236.736,154.96,LC4,blue,dend[1429],0.48077910433640136
720575940619397542,412.416,232.752,157.44,412.64,232.784,157.4,LC4,blue,dend[1210],0.13246513590030776
720575940619397542,417.92,235.856,158.36,418.016,235.936,158.44,LC4,blue,dend[1056],0.03432339723708678
720575940619397542,418.496,235.552,158.24,418.4,235.488,158.36,LC4,blue,dend[1057],0.3236712130201669
720575940619397542,422.784,235.888,156.96,422.752,235.984,156.8,LC4,blue,dend[1498],0.8968549182269119
720575940619397542,424.304,235.6,156.44,424.432,235.648,156.56,LC4,blue,dend[1496],0.08398937781817985
720575940619397542,416.432,236.48,154.88,416.224,236.4,154.88,LC4,blue,dend[1429],0.2759705574386464
720575940619397542,411.92,233.072,156.8,411.952,233.296,156.84,LC4,blue,dend[1133],0.8138586939665484
720575940619397542,411.856,233.552,158.16,411.744,233.744,158.12,LC4,blue,dend[1136],0.45785506732608816
720575940619397542,415.184,235.904,157.68,415.136,235.728,157.76,LC4,blue,dend[1028],0.9281208946885674
720575940619397542,416.352,236.256,156.76,416.544,236.176,156.84,LC4,blue,dend[1078],0.5962822902524251
720575940619397542,423.104,235.568,156.48,423.04,235.584,156.32,LC4,blue,dend[1498],0.5247569062019714
720575940627519107,417.728,240.224,154.32,417.84,240.256,154.44,LC4,blue,dend[886],0.37479750290524244
720575940627519107,417.328,240.656,154.48,417.392,240.64,154.6,LC4,blue,dend[886],0.1833286327890595
720575940627519107,416.912,240.768,154.48,416.992,240.896,154.6,LC4,blue,dend[885],0.7629594092853453
720575940627519107,415.584,240.496,154.96,415.584,240.608,154.84,LC4,blue,dend[882],0.8026076813457276
720575940627519107,414.24,241.328,157.16,414.256,241.552,157.12,LC4,blue,dend[914],0.24945751024932872
720575940627519107,415.056,233.888,154.88,415.216,233.744,154.88,LC4,blue,dend[1013],0.7390113118799503
720575940627519107,413.584,241.136,157.48,413.456,241.344,157.44,LC4,blue,dend[913],1.0
720575940627519107,415.744,241.056,155.4,415.616,241.328,155.44,LC4,blue,dend[884],0.5862434773603481
720575940627519107,414.32,233.52,156.36,414.464,233.408,156.32,LC4,blue,dend[1080],0.9353478226586522
720575940640612480,420.96,236.352,154.6,421.04,236.432,154.72,LC4,blue,dend[1501],0.9674953841737193
720575940640612480,422.208,232.464,158.68,422.16,232.4,158.84,LC4,blue,dend[1487],0.9559015053083837
720575940640612480,421.296,236.016,154.36,421.408,235.92,154.52,LC4,blue,dend[1501],0.6500481653602955
720575940640612480,415.552,234.352,155.76,415.712,234.208,155.8,LC4,blue,dend[1025],0.6265262112506922
720575940640612480,414.624,232.272,154.32,414.592,232.064,154.28,LC4,blue,dend[1093],0.7813016478246861
720575940640612480,409.6,244.016,153.88,409.776,244.128,153.92,LC4,blue,dend[211],0.5609137807357032
720575940640612480,417.888,235.68,157.16,417.776,235.584,157.24,LC4,blue,dend[1073],0.9563798276865213
720575940640612480,413.6,230.24,155.68,413.456,230.112,155.64,LC4,blue,dend[1247],0.25047395109525306
720575940640612480,413.648,230.672,155.24,413.52,230.96,155.24,LC4,blue,dend[1258],0.6245672558906847
720575940626916936,424.048,233.472,154.96,423.904,233.296,154.96,LC4,blue,dend[1447],0.2113596815337458
720575940626916936,424.336,233.84,156.0,424.448,233.872,156.16,LC4,blue,dend[1457],0.1945602754306901
720575940626916936,417.84,244.096,157.24,418.0,243.936,157.24,LC4,blue,dend[903],0.7994036596529335
720575940625991043,416.08,236.736,154.68,416.032,236.688,154.84,LC4,blue,dend[1429],0.43955575679514786
720575940625991043,417.088,232.0,158.52,417.04,232.032,158.4,LC4,blue,dend[1085],0.4404261941855448
720575940625991043,418.416,232.544,156.68,418.416,232.4,156.52,LC4,blue,dend[1091],0.8842854330258991
720575940625991043,422.8,230.528,157.12,422.704,230.704,157.04,LC4,blue,dend[1491],0.8745508004129806
720575940625991043,416.48,236.224,154.52,416.464,235.984,154.56,LC4,blue,dend[1427],0.9658262346823892
720575940625991043,424.576,230.176,156.76,424.784,230.176,156.8,LC4,blue,dend[1481],0.9484981474884361
720575940625991043,422.096,230.432,157.12,422.192,230.608,157.12,LC4,blue,dend[1491],0.6130087140422477
720575940625991043,420.448,231.232,157.48,420.592,231.408,157.48,LC4,blue,dend[1492],0.8933814398318656
720575940625991043,416.848,232.032,158.68,416.8,232.208,158.64,LC4,blue,dend[1085],0.8008316808854401
720575940630484495,419.52,240.992,158.16,419.568,240.8,158.16,LC4,blue,dend[892],1.0
720575940630484495,410.224,241.36,154.44,410.0,241.36,154.4,LC4,blue,dend[933],0.8506722080888324
720575940630484495,424.976,238.944,154.48,425.184,238.976,154.48,LC4,blue,dend[1347],0.9630515241813391
720575940617026260,412.384,238.8,154.16,412.368,238.96,154.04,LC4,blue,dend[931],0.9496425997572919
720575940617026260,412.064,231.632,155.08,411.92,231.712,155.2,LC4,blue,dend[1246],0.363538147497908
720575940617026260,419.264,236.384,157.88,419.04,236.464,157.84,LC4,blue,dend[1056],0.9418130410710651
720575940617026260,411.248,238.864,156.72,411.2,238.688,156.8,LC4,blue,dend[1110],0.21298919192279298
720575940617026260,413.168,233.504,154.0,413.04,233.344,153.96,LC4,blue,dend[1102],0.6928665909129017
720575940617026260,418.944,235.792,158.56,419.152,235.792,158.6,LC4,blue,dend[1047],0.9001261395222572
720575940617026260,423.68,234.416,154.12,423.552,234.24,154.12,LC4,blue,dend[1499],0.8852886620558847
720575940617026260,422.88,235.168,156.0,423.12,235.168,156.0,LC4,blue,dend[1498],0.25727315737195333
720575940628454522,419.04,231.728,155.4,418.992,231.776,155.2,LC4,blue,dend[1023],0.5618015189263781
720575940628454522,422.64,230.736,156.76,422.72,230.752,156.92,LC4,blue,dend[1491],0.9222950869097623
720575940628454522,421.92,231.024,156.48,422.064,231.2,156.56,LC4,blue,dend[1452],0.8944382315028182
720575940628454522,418.0,236.304,158.08,418.176,236.24,158.08,LC4,blue,dend[1056],0.3229583995772947
720575940628454522,415.744,235.488,158.64,415.856,235.312,158.68,LC4,blue,dend[1029],1.0
720575940628454522,417.888,234.304,154.0,418.048,234.48,153.96,LC4,blue,dend[1426],0.4927117060314673
720575940628454522,415.856,234.56,153.76,416.048,234.688,153.76,LC4,blue,dend[1014],0.9468715667340312
720575940628454522,416.096,234.224,155.4,416.016,234.016,155.48,LC4,blue,dend[1025],0.33128464568086863
720575940618002644,411.584,237.2,157.36,411.648,237.328,157.2,LC4,blue,dend[1131],0.866172095563319
720575940618002644,416.0,230.416,154.8,416.208,230.416,154.76,LC4,blue,dend[1094],0.8956931173441324
720575940618002644,413.776,245.344,156.36,413.648,245.36,156.2,LC4,blue,dend[192],0.726020479371289
720575940618002644,420.672,242.544,154.12,420.704,242.72,154.12,LC4,blue,dend[1411],0.7552157355231938
720575940618002644,412.656,245.04,158.0,412.432,245.104,158.04,LC4,blue,dend[196],0.4970281133137082
720575940618002644,413.072,234.32,155.28,412.848,234.368,155.24,LC4,blue,dend[1105],0.09637377758638088
720575940618002644,414.672,245.04,154.56,414.448,244.976,154.48,LC4,blue,dend[192],0.05219440077870629
720575940618002644,417.2,244.416,155.6,417.36,244.272,155.72,LC4,blue,dend[902],0.932587504027645
720575940618002644,413.04,245.12,157.2,412.896,245.264,157.16,LC4,blue,dend[194],0.3745916567658476
720575940612580977,412.976,233.728,155.72,412.832,233.712,155.64,LC4,blue,dend[1104],0.9683127386213708
720575940612580977,410.944,235.248,158.52,410.848,235.104,158.64,LC4,blue,dend[1138],0.6189378373866875
720575940612580977,412.096,234.352,157.12,412.112,234.192,157.24,LC4,blue,dend[1134],0.4859150485059118
720575940617266722,414.976,241.344,157.8,414.944,241.264,157.64,LC4,blue,dend[914],0.5477229656980989
720575940617266722,420.464,241.488,155.92,420.576,241.456,156.12,LC4,blue,dend[895],0.4035520501761762
720575940617266722,413.184,242.32,157.08,413.152,242.208,156.96,LC4,blue,dend[912],0.9844399367949362
720575940617266722,415.52,241.424,157.96,415.68,241.424,157.92,LC4,blue,dend[914],0.8394863028598096
720575940617266722,413.088,240.576,153.64,413.216,240.752,153.68,LC4,blue,dend[907],0.3011743287714787
720575940628081541,410.016,239.792,157.24,410.048,239.68,157.36,LC4,blue,dend[1111],0.6773412137012285
720575940617266722,415.68,241.312,158.0,415.696,241.344,157.88,LC4,blue,dend[914],0.837902238657546
720575940617266722,413.12,242.048,157.8,412.976,241.904,157.8,LC4,blue,dend[915],0.44588987919077355
720575940628081541,414.944,235.936,157.92,415.088,235.76,157.84,LC4,blue,dend[1028],1.0
720575940617266722,411.088,237.52,156.24,410.944,237.376,156.2,LC4,blue,dend[1132],0.038219675272701044
720575940628081541,410.224,240.144,156.8,410.192,240.304,156.72,LC4,blue,dend[934],0.904474565344675
720575940628081541,409.616,239.504,157.16,409.776,239.488,157.24,LC4,blue,dend[1111],1.0
720575940617266722,414.0,240.08,154.68,414.16,240.192,154.76,LC4,blue,dend[929],0.8446337842751055
720575940617266722,420.832,241.616,155.36,421.024,241.472,155.44,LC4,blue,dend[895],0.9383944285652976
720575940617266722,413.568,242.112,157.16,413.552,241.92,157.08,LC4,blue,dend[912],0.9887162368451244
720575940617266722,413.552,242.208,157.12,413.648,242.24,156.96,LC4,blue,dend[928],0.288634449973534
720575940617266722,411.968,235.6,155.0,412.16,235.68,155.08,LC4,blue,dend[1105],0.48273531251955376
720575940617266722,421.6,238.208,154.44,421.568,238.016,154.4,LC4,blue,dend[1507],0.8657057520917327
720575940617266722,415.52,234.944,156.84,415.68,234.8,156.92,LC4,blue,dend[1026],0.9534975383577724
720575940617266722,410.192,243.168,157.92,410.224,242.992,158.04,LC4,blue,dend[223],0.5900453952853617
720575940628081541,414.384,239.952,154.64,414.224,240.16,154.72,LC4,blue,dend[929],0.902399244680122
720575940617266722,410.048,243.392,157.8,409.872,243.52,157.76,LC4,blue,dend[224],0.1933364926917431
720575940617266722,412.96,240.16,153.64,412.864,239.952,153.64,LC4,blue,dend[930],0.6244126867717652
720575940617266722,421.744,242.896,153.72,421.568,243.04,153.68,LC4,blue,dend[1409],0.5303874151249997
720575940617266722,412.736,242.688,157.0,412.816,242.752,156.84,LC4,blue,dend[927],0.5091397324489882
720575940617266722,415.616,241.664,158.24,415.792,241.728,158.2,LC4,blue,dend[914],0.9215785819884169
720575940628081541,414.656,235.952,158.56,414.608,235.872,158.84,LC4,blue,dend[1071],0.31485020228778715
720575940630851036,410.0,240.976,155.08,410.064,241.024,154.96,LC4,blue,dend[933],0.5001026546335985
720575940630851036,421.968,239.904,155.0,421.984,240.016,154.88,LC4,blue,dend[897],0.7583567636171952
720575940630851036,410.32,240.672,155.36,410.416,240.576,155.24,LC4,blue,dend[932],1.0
720575940630851036,416.576,232.832,158.0,416.56,232.688,158.0,LC4,blue,dend[1083],0.4391202055510136
720575940630851036,410.656,243.792,154.4,410.512,243.84,154.52,LC4,blue,dend[226],0.8557483459804772
720575940630851036,416.608,232.496,155.04,416.608,232.72,155.0,LC4,blue,dend[1016],0.3955185535634784
720575940630851036,416.96,231.888,155.0,417.12,231.792,155.04,LC4,blue,dend[1024],0.6330475461722819
720575940630851036,424.112,239.888,154.04,424.272,239.968,154.16,LC4,blue,dend[1346],0.34863470616213443
720575940613256863,417.344,232.064,157.36,417.168,232.096,157.44,LC4,blue,dend[1082],0.986498244037508
720575940628699560,421.664,238.176,155.6,421.728,237.984,155.48,LC4,blue,dend[1506],0.7950874852776547
720575940628699560,421.92,238.144,155.6,421.888,237.984,155.48,LC4,blue,dend[1506],0.8653001383365574
720575940628699560,412.992,233.76,155.04,412.768,233.744,155.08,LC4,blue,dend[1104],0.7013024191356699
720575940628699560,415.568,239.616,158.6,415.456,239.44,158.52,LC4,blue,dend[1042],0.914061039071629
720575940613256863,414.592,231.648,158.32,414.576,231.84,158.24,LC4,blue,dend[1210],0.5555027245307809
720575940628699560,414.784,243.2,154.0,414.56,243.072,154.0,LC4,blue,dend[191],0.9277025720486791
720575940628699560,421.664,239.856,154.52,421.824,239.936,154.64,LC4,blue,dend[897],0.8418649086311606
720575940613256863,410.832,244.08,153.76,410.96,244.08,153.6,LC4,blue,dend[187],0.18519333978989058
720575940613256863,417.616,237.12,153.84,417.856,237.056,153.88,LC4,blue,dend[1393],0.24050462635192058
720575940613256863,415.968,237.072,154.92,415.952,236.864,155.0,LC4,blue,dend[1429],0.567285127732581
720575940613256863,414.72,231.824,158.64,414.848,231.904,158.6,LC4,blue,dend[1210],0.6121808321483817
720575940613256863,410.304,244.288,154.36,410.144,244.432,154.36,LC4,blue,dend[211],0.7693482508188607
720575940613256863,409.824,243.104,158.44,409.648,243.12,158.4,LC4,blue,dend[217],1.0
720575940613256863,413.056,239.6,156.88,412.848,239.584,156.84,LC4,blue,dend[909],0.8111192167275652
720575940613256863,417.2,231.744,157.4,417.12,231.952,157.4,LC4,blue,dend[1084],0.1287739919939169
720575940613256863,420.16,233.456,156.08,420.352,233.456,156.12,LC4,blue,dend[1437],0.9317484701134434
720575940628699560,414.704,244.16,154.28,414.592,244.144,154.36,LC4,blue,dend[191],0.2916279930984142
720575940613256863,417.376,232.144,157.16,417.184,232.224,157.12,LC4,blue,dend[1081],0.9902320305106176
720575940613256863,415.648,237.616,155.24,415.648,237.44,155.32,LC4,blue,dend[1429],0.9548793794721597
720575940613256863,414.96,231.68,158.24,414.912,231.872,158.24,LC4,blue,dend[1210],0.6018894073771236
720575940628699560,425.392,234.928,156.16,425.136,234.928,156.16,LC4,blue,dend[1497],0.4069675650694125
720575940630998339,424.944,233.568,156.96,425.152,233.6,156.88,LC4,blue,dend[1457],0.636217713998462
720575940630998339,425.072,233.152,157.12,425.28,233.2,157.08,LC4,blue,dend[1469],0.14090850131701274
720575940630998339,421.584,234.512,158.44,421.696,234.656,158.36,LC4,blue,dend[1051],0.8592959747317751
720575940625038090,416.72,233.44,155.24,416.56,233.296,155.16,LC4,blue,dend[1015],1.0
720575940625038090,416.0,236.768,155.2,415.936,236.864,155.04,LC4,blue,dend[1429],0.5788070015398427
720575940620795728,411.904,243.264,156.36,412.144,243.216,156.4,LC4,blue,dend[927],0.9576246894770675
720575940625038090,416.384,235.712,154.84,416.208,235.808,154.8,LC4,blue,dend[1428],0.13032432876054104
720575940625038090,416.592,233.408,155.48,416.368,233.424,155.44,LC4,blue,dend[1015],0.9301766706786586
720575940620795728,410.144,244.416,157.8,410.304,244.336,157.92,LC4,blue,dend[224],0.762866660060185
720575940625038090,412.624,239.84,158.12,412.768,239.904,158.04,LC4,blue,dend[911],0.5685504812859448
720575940625038090,422.72,237.76,153.6,422.832,237.872,153.64,LC4,blue,dend[1330],0.9331195864910122
720575940622531767,412.656,242.752,156.44,412.704,242.992,156.44,LC4,blue,dend[927],0.6983724558739282
720575940622531767,413.216,233.728,156.16,412.944,233.552,156.0,LC4,blue,dend[1133],0.21800657154226014
720575940622531767,413.104,242.16,156.12,413.04,241.968,156.08,LC4,blue,dend[912],0.4882735264592864
720575940622531767,412.048,235.232,155.56,412.176,235.36,155.48,LC4,blue,dend[1105],0.4239067687701217
720575940622531767,413.52,242.32,156.72,413.536,242.192,156.88,LC4,blue,dend[928],0.2107735024206061
720575940622531767,410.272,237.568,157.12,410.064,237.552,157.12,LC4,blue,dend[1132],0.22203324079567738
720575940622531767,411.04,237.152,156.48,411.2,237.168,156.36,LC4,blue,dend[1105],1.0
720575940622531767,409.648,242.864,158.08,409.664,243.088,158.12,LC4,blue,dend[217],0.7067386780982292
720575940622531767,422.784,233.168,156.08,422.72,232.976,156.0,LC4,blue,dend[1451],0.15944276081667605
720575940622531767,422.752,233.424,156.32,422.848,233.568,156.32,LC4,blue,dend[1445],0.8158805334171197
720575940614572742,421.888,231.328,156.68,422.064,231.216,156.6,LC4,blue,dend[1452],0.8752858364051884
720575940614572742,415.664,240.704,154.64,415.728,240.768,154.8,LC4,blue,dend[882],0.5134054026432797
720575940614572742,422.112,231.664,156.76,422.144,231.728,156.6,LC4,blue,dend[1452],0.3242994160604654
720575940618807105,422.032,241.072,154.84,421.968,240.928,155.0,LC4,blue,dend[897],0.29371356236326146
720575940614572742,411.904,239.632,157.12,412.016,239.504,157.0,LC4,blue,dend[909],0.986322882536825
720575940614572742,417.792,231.136,157.48,417.712,231.072,157.64,LC4,blue,dend[1087],0.5217342122876465
720575940614572742,412.464,239.488,157.84,412.64,239.6,157.76,LC4,blue,dend[911],0.4052496751219476
720575940618807105,424.928,232.288,157.72,425.088,232.208,157.84,LC4,blue,dend[1471],0.39130825403887554
720575940614572742,413.152,240.16,156.2,412.928,240.224,156.2,LC4,blue,dend[909],0.4654940055342857
720575940614572742,425.952,231.36,157.76,425.856,231.536,157.72,LC4,blue,dend[1474],1.0
720575940618807105,412.672,241.664,156.32,412.72,241.904,156.32,LC4,blue,dend[912],0.5839850137428217
720575940618807105,425.776,232.336,157.16,425.76,232.528,157.24,LC4,blue,dend[1469],0.5604352267225293
720575940618807105,424.752,239.824,153.8,424.832,239.664,153.84,LC4,blue,dend[1346],0.18159955827223642
720575940618807105,412.928,240.496,155.52,412.848,240.704,155.52,LC4,blue,dend[909],0.17842748640311953
720575940618807105,417.824,241.552,156.72,418.0,241.648,156.8,LC4,blue,dend[890],0.9235872622688915
720575940614572742,420.656,231.68,157.4,420.624,231.424,157.52,LC4,blue,dend[1492],0.8550141436069879
720575940618807105,425.968,231.376,157.32,425.968,231.2,157.44,LC4,blue,dend[1480],0.3803024191404782
720575940614572742,412.32,239.52,157.36,412.512,239.456,157.36,LC4,blue,dend[911],0.20341381061340813
720575940614572742,410.0,241.648,154.08,410.016,241.44,154.16,LC4,blue,dend[933],0.9712353746970117
720575940614572742,409.68,242.16,154.92,409.76,242.336,154.96,LC4,blue,dend[225],0.8431441200969612
720575940614572742,414.208,240.256,155.0,414.128,240.256,154.84,LC4,blue,dend[929],0.7876264359115893
720575940614572742,418.032,231.52,158.24,417.84,231.52,158.28,LC4,blue,dend[1086],1.0
720575940614572742,424.96,231.696,158.08,425.136,231.712,158.2,LC4,blue,dend[1473],0.053570188034839865
720575940614572742,416.144,235.216,157.32,416.032,235.072,157.2,LC4,blue,dend[1026],1.0
720575940614572742,415.52,240.8,154.6,415.552,241.024,154.6,LC4,blue,dend[879],1.0
720575940618807105,414.976,241.104,157.2,414.768,241.312,157.28,LC4,blue,dend[914],0.4404256901944738
720575940614572742,420.64,231.632,157.32,420.656,231.424,157.36,LC4,blue,dend[1492],0.9065092498730709
720575940614572742,410.0,241.392,154.92,409.952,241.184,154.92,LC4,blue,dend[933],0.5910247628851895
720575940615127227,416.448,235.792,156.72,416.544,235.824,156.88,LC4,blue,dend[1078],0.23020025967624333
720575940615127227,412.752,240.576,156.32,412.912,240.432,156.28,LC4,blue,dend[909],0.4267992348191943
720575940615127227,413.52,231.728,156.6,413.616,231.744,156.44,LC4,blue,dend[1260],0.3106960907534544
720575940615127227,417.024,235.28,156.6,417.04,235.392,156.72,LC4,blue,dend[1073],0.21762057324403494
720575940615127227,413.184,231.472,156.8,413.264,231.28,156.84,LC4,blue,dend[1259],1.0
720575940615127227,420.032,233.216,154.4,419.92,233.392,154.36,LC4,blue,dend[1436],0.3222621160955552
720575940615127227,412.48,240.976,155.56,412.608,240.8,155.56,LC4,blue,dend[909],0.19331404633925575
720575940615127227,420.16,233.28,153.72,419.936,233.312,153.72,LC4,blue,dend[1434],1.0
720575940615127227,413.024,241.12,154.88,413.136,240.944,154.84,LC4,blue,dend[908],0.36321398144788586
720575940615127227,417.616,231.968,156.56,417.632,232.144,156.68,LC4,blue,dend[1091],0.3650490681054857
720575940615127227,418.64,232.096,156.4,418.528,232.288,156.44,LC4,blue,dend[1091],0.9591016273347026
720575940615127227,419.808,233.2,154.76,419.696,233.248,154.64,LC4,blue,dend[1436],0.29970444545474456
720575940615127227,413.744,241.216,154.52,413.712,240.96,154.52,LC4,blue,dend[907],0.8168107183854941
720575940615127227,415.712,230.512,155.6,415.856,230.592,155.52,LC4,blue,dend[1100],0.807763094389598
720575940625934973,421.072,237.696,155.36,421.04,237.696,155.2,LC4,blue,dend[1504],0.5966775960006402
720575940625934973,421.68,237.616,155.16,421.648,237.584,155.0,LC4,blue,dend[1506],0.20316111282957688
720575940625934973,412.672,243.12,156.52,412.72,243.008,156.44,LC4,blue,dend[927],0.6991842030553526
720575940618723749,424.256,235.2,157.72,424.256,235.168,157.52,LC4,blue,dend[1495],0.892250010961407
720575940618723749,410.976,238.864,156.92,411.12,238.688,156.88,LC4,blue,dend[1110],0.2493069169411215
720575940618723749,414.48,243.488,154.04,414.608,243.456,154.16,LC4,blue,dend[191],0.7018495239871394
720575940618723749,412.592,243.088,156.2,412.608,243.12,156.4,LC4,blue,dend[927],0.7806094574088303
720575940625934973,413.76,244.256,153.84,413.808,244.464,153.88,LC4,blue,dend[190],0.6185696669444382
720575940618723749,415.712,230.8,155.8,415.872,230.624,155.72,LC4,blue,dend[1100],0.9257282703840859
720575940618723749,409.792,245.536,155.64,409.984,245.632,155.64,LC4,blue,dend[229],0.5544508674114267
720575940618723749,410.096,239.408,157.4,409.952,239.552,157.28,LC4,blue,dend[1111],0.8925669640731442
720575940618723749,415.152,232.256,158.4,415.152,232.032,158.48,LC4,blue,dend[1210],0.6375720680232145
720575940618723749,413.936,244.336,154.4,414.0,244.528,154.32,LC4,blue,dend[190],0.9706027725128569
720575940618723749,413.712,244.448,154.56,413.728,244.624,154.52,LC4,blue,dend[190],1.0
720575940618723749,421.264,237.408,155.2,421.12,237.616,155.16,LC4,blue,dend[1504],0.493540391016805
720575940618723749,418.72,236.656,157.84,418.688,236.464,157.88,LC4,blue,dend[1056],0.7357972586542024
720575940618723749,412.8,242.0,155.64,412.944,241.792,155.6,LC4,blue,dend[912],0.20625899798944913
720575940618723749,414.336,243.168,154.04,414.512,243.072,154.08,LC4,blue,dend[191],0.9141053829439242
720575940613260959,412.096,235.216,161.24,411.984,235.12,161.16,LC4,blue,dend[1207],0.22137068854651099
720575940613260959,411.904,236.144,161.32,411.792,236.208,161.2,LC4,blue,dend[1199],0.4294740551959693
720575940613260959,412.224,234.752,161.32,412.208,234.72,161.16,LC4,blue,dend[1207],0.428299494949527
720575940613260959,413.056,234.384,161.0,413.008,234.224,161.12,LC4,blue,dend[1207],0.8432602848792758
720575940613260959,417.408,234.56,158.72,417.424,234.752,158.68,LC4,blue,dend[1035],0.6451369167807531
720575940613260959,412.688,234.48,161.24,412.624,234.336,161.16,LC4,blue,dend[1207],0.688853806709229
720575940613260959,410.88,235.2,162.0,410.992,235.024,162.04,LC4,blue,dend[1193],0.8424996856175286
720575940613260959,417.008,234.704,159.16,417.072,234.928,159.2,LC4,blue,dend[1034],0.4105082426857207
720575940613260959,423.136,230.656,159.52,423.056,230.832,159.64,LC4,blue,dend[1485],0.875284643052628
720575940613260959,410.48,235.856,161.84,410.432,235.984,161.72,LC4,blue,dend[1206],0.9591034586322283
720575940638456227,412.112,235.12,161.04,412.0,235.12,161.16,LC4,blue,dend[1207],0.22629924408893284
720575940638456227,410.288,238.944,159.04,410.416,239.056,159.08,LC4,blue,dend[1113],0.7485845394393307
720575940638456227,412.128,234.48,160.16,412.0,234.528,160.04,LC4,blue,dend[1198],0.15693295144634736
720575940638456227,411.776,235.664,160.52,411.6,235.568,160.64,LC4,blue,dend[1198],0.8843601594939463
720575940638456227,409.952,239.184,159.16,409.984,239.408,159.24,LC4,blue,dend[1113],0.4704827334637198
720575940638456227,411.76,234.128,160.28,411.76,233.904,160.28,LC4,blue,dend[1191],0.1718047433892926
720575940622939836,411.072,234.48,161.76,411.248,234.528,161.84,LC4,blue,dend[1192],0.8192466526880807
720575940622939836,412.96,232.656,161.16,412.944,232.672,161.32,LC4,blue,dend[1197],0.841388806522447
720575940622939836,419.04,235.36,159.6,419.008,235.6,159.64,LC4,blue,dend[1046],0.9040764366362506
720575940622939836,411.232,234.192,161.64,411.424,234.176,161.72,LC4,blue,dend[1192],0.4812586944716414
720575940622939836,412.048,233.872,160.88,411.824,233.792,160.68,LC4,blue,dend[1191],0.4015098068510351
720575940628462340,418.368,232.944,159.92,418.416,233.008,159.76,LC4,blue,dend[1089],0.865836700677796
720575940634517856,411.248,237.008,161.36,411.28,236.88,161.48,LC4,blue,dend[1200],0.6083237665682191
720575940634517856,419.68,236.896,159.8,419.6,237.024,159.88,LC4,blue,dend[1052],0.8266030002737377
720575940634517856,421.776,235.696,159.56,421.68,235.568,159.44,LC4,blue,dend[1051],0.5060117096655473
720575940634517856,411.424,236.112,160.88,411.488,235.92,160.96,LC4,blue,dend[1199],0.2919207040860485
720575940634517856,425.68,233.6,159.16,425.584,233.408,159.2,LC4,blue,dend[1472],1.0
720575940634517856,421.168,236.016,159.84,421.008,235.872,159.72,LC4,blue,dend[1051],0.27128244225941756
720575940634517856,420.608,236.448,160.04,420.4,236.368,160.12,LC4,blue,dend[1050],1.0
720575940634517856,412.864,237.568,160.04,412.784,237.792,160.04,LC4,blue,dend[1071],1.0
720575940628462340,417.44,232.544,162.16,417.504,232.416,162.28,LC4,blue,dend[1068],0.4009548024833676
720575940624017251,410.48,238.448,162.72,410.496,238.656,162.68,LC4,blue,dend[1204],0.2011012176383193
720575940624017251,419.536,237.328,159.76,419.472,237.264,159.88,LC4,blue,dend[1053],0.1661954438575975
720575940624017251,416.72,237.632,159.56,416.736,237.616,159.4,LC4,blue,dend[1040],0.7069221254241754
720575940624017251,419.392,237.136,159.68,419.424,237.088,159.84,LC4,blue,dend[1052],0.9707630863083004
720575940624017251,410.288,237.424,162.28,410.24,237.424,162.08,LC4,blue,dend[1203],0.46582731075205575
720575940626605200,410.192,239.168,158.96,410.288,239.232,159.16,LC4,blue,dend[1113],0.6382261052234475
720575940624017251,412.064,237.664,161.56,412.256,237.52,161.64,LC4,blue,dend[1201],0.89355123763445
720575940624017251,410.352,237.12,162.68,410.336,236.944,162.72,LC4,blue,dend[1202],0.6779885906140136
720575940624017251,416.512,237.648,160.0,416.576,237.488,160.12,LC4,blue,dend[1043],0.08106096318877253
720575940626605200,417.04,234.176,159.96,417.104,234.352,160.04,LC4,blue,dend[1069],0.7800908856766544
720575940624017251,416.416,237.888,160.2,416.448,237.744,160.44,LC4,blue,dend[1043],0.2198247114847961
720575940624017251,411.376,237.216,161.68,411.36,237.008,161.56,LC4,blue,dend[1200],0.9095843526390233
720575940626605200,415.664,235.088,159.04,415.84,235.088,159.08,LC4,blue,dend[1031],0.6194956297456061
720575940626605200,409.632,239.456,158.92,409.6,239.68,158.92,LC4,blue,dend[1114],0.04381114760048892
720575940626605200,415.632,234.736,159.16,415.648,234.896,159.32,LC4,blue,dend[1031],0.9024575507509655
720575940620903551,417.776,235.968,159.56,417.744,236.144,159.56,LC4,blue,dend[1046],0.2809945934862414
720575940620903551,414.32,238.64,161.28,414.352,238.592,161.08,LC4,blue,dend[924],0.8470763102284463
720575940620903551,414.544,239.568,160.68,414.688,239.424,160.68,LC4,blue,dend[924],0.5480013848984149
720575940620903551,414.832,240.24,160.52,414.96,240.24,160.64,LC4,blue,dend[924],0.23709111491796467
720575940620903551,417.072,235.808,159.64,416.928,235.904,159.56,LC4,blue,dend[1037],0.4583436985399002
720575940620903551,414.416,239.344,160.84,414.592,239.248,160.8,LC4,blue,dend[924],0.6113576831759084
720575940620903551,415.84,237.968,161.2,415.84,238.128,161.12,LC4,blue,dend[1043],0.5169465520287589
720575940620903551,410.768,237.856,163.36,410.736,237.632,163.28,LC4,blue,dend[1202],0.9792181538404853
720575940620903551,416.272,237.552,160.72,416.352,237.728,160.64,LC4,blue,dend[1043],0.26060527626156454
720575940620903551,414.112,239.552,161.92,414.288,239.648,161.96,LC4,blue,dend[1045],0.9513600616330882
720575940620903551,417.376,235.2,159.16,417.152,235.104,159.16,LC4,blue,dend[1033],0.8458155675610091
720575940620903551,414.4,240.144,161.04,414.624,240.368,161.04,LC4,blue,dend[924],0.19833183733957613
720575940612518055,410.496,234.208,159.52,410.56,234.4,159.56,LC4,blue,dend[1139],0.2082947140433505
720575940612518055,416.784,237.36,160.48,416.64,237.408,160.32,LC4,blue,dend[1043],0.08242714365595386
720575940612518055,421.248,232.144,159.32,421.152,232.064,159.2,LC4,blue,dend[1489],0.36125401268187535
720575940612518055,413.168,242.064,159.48,413.184,242.192,159.4,LC4,blue,dend[926],0.48290952126736575
720575940612518055,417.024,235.12,159.4,417.12,235.072,159.24,LC4,blue,dend[1034],0.4558775759366474
720575940612518055,416.08,238.928,160.8,416.032,238.864,161.0,LC4,blue,dend[1043],0.672751659175971
720575940612518055,412.08,232.848,159.0,412.224,232.992,159.08,LC4,blue,dend[1209],0.84573059150316
720575940612518055,415.584,239.824,160.68,415.6,239.712,160.84,LC4,blue,dend[1043],0.9382357197284915
720575940612518055,420.688,232.448,159.72,420.56,232.448,159.56,LC4,blue,dend[1489],0.7452693034069684
720575940612518055,412.384,241.6,160.28,412.528,241.488,160.36,LC4,blue,dend[920],0.20380473817502348
720575940612518055,421.68,232.048,159.24,421.712,231.856,159.12,LC4,blue,dend[1486],0.9669652363483596
720575940612518055,412.88,242.16,159.56,412.976,242.352,159.48,LC4,blue,dend[917],0.9181501651050998
720575940612518055,411.344,233.76,159.24,411.472,233.936,159.12,LC4,blue,dend[1136],1.0
720575940612518055,409.92,241.952,160.8,410.0,241.808,160.88,LC4,blue,dend[1129],0.12244655857826303
720575940612518055,415.904,239.968,160.6,416.048,239.952,160.68,LC4,blue,dend[1044],0.20531053567516205
720575940612518055,416.24,239.52,160.48,416.368,239.664,160.52,LC4,blue,dend[1044],0.2996884501873705
720575940612518055,413.152,242.112,159.56,413.152,242.272,159.44,LC4,blue,dend[917],0.89254517947035
720575940612518055,411.936,233.104,159.04,412.16,233.152,159.04,LC4,blue,dend[1209],0.7373084876293501
720575940612518055,413.6,241.776,159.24,413.456,241.872,159.16,LC4,blue,dend[926],0.9504975840237625
720575940612518055,417.856,235.888,160.32,418.016,236.0,160.2,LC4,blue,dend[1046],0.43411972605102944
720575940612518055,409.6,234.88,159.96,409.632,234.688,160.0,LC4,blue,dend[1139],0.9195573097371168
720575940612518055,409.696,241.968,160.52,409.696,241.856,160.36,LC4,blue,dend[1128],0.18347004343013765
720575940615575007,415.072,240.496,161.16,414.976,240.576,161.04,LC4,blue,dend[924],0.09099357281668931
720575940622108001,412.832,233.088,161.24,412.832,233.056,161.4,LC4,blue,dend[1197],0.47417221443816526
720575940633580384,411.344,235.648,159.84,411.232,235.68,159.68,LC4,blue,dend[1150],1.0
720575940622108001,412.672,232.816,161.24,412.832,232.72,161.32,LC4,blue,dend[1197],0.7870880268273203
720575940615575007,419.792,236.576,160.4,419.824,236.64,160.2,LC4,blue,dend[1052],0.4127612818762975
720575940615575007,416.48,239.568,160.64,416.368,239.664,160.52,LC4,blue,dend[1044],0.2996884501873705
720575940622108001,412.112,233.488,161.4,412.08,233.664,161.48,LC4,blue,dend[1191],0.8528684895144716
720575940633580384,411.744,242.768,161.48,411.76,242.816,161.32,LC4,blue,dend[921],0.9356253319552486
720575940615575007,419.184,236.144,160.52,419.136,235.952,160.4,LC4,blue,dend[1048],0.6159043765044553
720575940615575007,416.864,237.712,160.28,416.656,237.584,160.28,LC4,blue,dend[1043],0.12197174638296471
720575940633580384,411.728,234.288,159.68,411.872,234.352,159.56,LC4,blue,dend[1190],0.5117913476137093
720575940622108001,412.16,233.376,161.48,412.16,233.52,161.6,LC4,blue,dend[1191],0.9355916631840455
720575940622108001,415.952,231.504,159.12,415.856,231.328,159.08,LC4,blue,dend[1210],0.8428319582919419
720575940622108001,413.264,233.872,161.16,413.136,234.016,161.24,LC4,blue,dend[1207],0.961908772943261
720575940615575007,412.032,242.752,161.28,411.84,242.72,161.28,LC4,blue,dend[921],0.8602154738331123
720575940622108001,415.728,231.728,159.24,415.52,231.664,159.16,LC4,blue,dend[1210],0.7678715331151962
720575940633580384,412.096,233.648,159.8,412.128,233.792,159.92,LC4,blue,dend[1191],0.0015572746843119873
720575940622108001,425.504,229.936,159.48,425.664,230.08,159.52,LC4,blue,dend[1477],0.6495611440807549
720575940633580384,411.152,235.728,160.12,410.816,235.776,160.04,LC4,blue,dend[1151],0.10780449121899482
720575940633580384,413.792,242.24,161.32,413.904,242.064,161.24,LC4,blue,dend[922],0.2784225834737046
720575940615575007,413.584,240.88,161.72,413.568,240.72,161.64,LC4,blue,dend[923],0.4739448570798752
720575940622108001,422.72,230.8,159.68,422.88,230.928,159.64,LC4,blue,dend[1485],0.965303955752622
720575940605598892,414.944,235.616,161.24,415.04,235.456,161.16,LC4,blue,dend[1062],1.0
720575940614914107,418.224,231.808,159.84,418.272,231.712,159.68,LC4,blue,dend[1088],0.9868694507954321
720575940614914107,418.448,232.144,159.72,418.432,232.24,159.56,LC4,blue,dend[1089],0.25029375074263405
720575940614914107,420.656,232.112,159.36,420.784,232.224,159.48,LC4,blue,dend[1489],0.5967333577533938
720575940614914107,418.336,231.792,159.84,418.352,231.696,159.72,LC4,blue,dend[1090],0.49243842974218754
720575940614914107,415.728,231.216,159.16,415.84,231.312,159.08,LC4,blue,dend[1210],0.8419446922040593
720575940614914107,421.168,231.76,158.88,421.392,231.728,158.92,LC4,blue,dend[1488],0.5825966847200639
720575940632769180,412.816,232.624,161.44,412.88,232.704,161.32,LC4,blue,dend[1197],0.806623436751307
720575940632769180,414.864,233.808,162.28,414.976,233.648,162.2,LC4,blue,dend[1066],0.39015204032267087
720575940631338271,409.84,239.536,162.88,409.728,239.664,162.72,LC4,blue,dend[1205],0.7911945476253537
720575940631338271,410.288,239.536,162.64,410.144,239.536,162.56,LC4,blue,dend[1205],0.5209781219809804
720575940631338271,410.368,239.312,162.6,410.304,239.312,162.44,LC4,blue,dend[1205],0.3308778328352428
720575940631338271,414.208,239.84,162.0,414.32,239.648,161.96,LC4,blue,dend[1045],0.9340847451218408
720575940631338271,418.576,240.368,159.72,418.512,240.192,159.72,LC4,blue,dend[1044],0.9857075795584768
720575940631338271,413.536,240.528,161.8,413.52,240.72,161.72,LC4,blue,dend[923],0.5104231424515628
720575940631338271,414.848,239.936,161.88,414.848,239.728,161.8,LC4,blue,dend[1045],0.5890355645386431
720575940631338271,412.912,240.624,161.72,412.976,240.816,161.68,LC4,blue,dend[923],0.7343590785271009
720575940631338271,418.016,240.336,160.08,417.872,240.304,159.92,LC4,blue,dend[1044],0.795417031720408
720575940624111763,420.576,232.496,159.36,420.576,232.4,159.52,LC4,blue,dend[1489],0.7196087133310619
720575940611134833,416.048,233.024,158.8,415.888,233.008,158.76,LC4,blue,dend[1083],0.9131785416480622
720575940624111763,421.888,232.512,158.92,422.064,232.352,158.92,LC4,blue,dend[1487],0.8078818539857542
720575940611134833,416.016,233.12,158.84,415.856,233.104,158.88,LC4,blue,dend[1083],0.9784306999516524
720575940624111763,418.048,231.36,159.04,418.08,231.568,158.96,LC4,blue,dend[1088],0.5386344773250685
720575940628064260,416.384,235.504,159.72,416.32,235.616,159.56,LC4,blue,dend[1036],1.0
720575940628064260,409.68,241.104,160.08,409.792,240.928,160.16,LC4,blue,dend[1127],0.3255387420221305
720575940628064260,416.192,238.4,159.0,416.352,238.592,159.0,LC4,blue,dend[1042],0.3931232489482835
720575940628064260,416.432,236.08,159.84,416.528,236.064,159.68,LC4,blue,dend[1036],1.0
720575940626626895,412.624,242.992,159.28,412.624,242.88,159.4,LC4,blue,dend[917],0.9018337370302133
720575940626626895,412.992,243.008,159.32,413.008,242.832,159.44,LC4,blue,dend[917],0.965422124573101
720575940626626895,412.304,243.536,159.52,412.432,243.616,159.6,LC4,blue,dend[925],0.9021587760687159
720575940617176321,418.512,240.176,159.48,418.528,240.192,159.68,LC4,blue,dend[1044],0.9949504404527043
720575940617176321,413.616,237.696,159.88,413.44,237.536,159.92,LC4,blue,dend[1071],0.8479046245951861
720575940617176321,412.368,241.776,160.88,412.416,241.872,160.72,LC4,blue,dend[921],0.17359404981562115
720575940617176321,413.648,237.584,159.88,413.488,237.472,159.88,LC4,blue,dend[1071],0.8270248388311959
720575940617176321,414.272,236.112,158.88,414.48,236.176,158.92,LC4,blue,dend[1071],0.3864428712984952
720575940616713355,412.352,232.816,159.52,412.24,232.832,159.4,LC4,blue,dend[1209],0.9925545405343741
720575940617176321,416.448,240.416,160.24,416.512,240.208,160.32,LC4,blue,dend[1044],0.3822538826794369
720575940617176321,414.976,241.264,160.68,414.8,241.392,160.68,LC4,blue,dend[922],0.8570036172026102
720575940617176321,412.992,240.864,161.44,412.96,240.768,161.56,LC4,blue,dend[923],0.7120506816845996
720575940616713355,412.832,233.456,159.4,412.944,233.632,159.36,LC4,blue,dend[1208],0.5734648541729206
720575940649229433,423.12,231.2,158.92,423.248,231.232,159.04,LC4,blue,dend[1485],0.6456225905985153
720575940649229433,415.04,233.824,161.6,415.056,233.888,161.8,LC4,blue,dend[1066],0.2888195222024351
720575940649229433,410.144,235.216,163.48,410.08,235.04,163.6,LC4,blue,dend[1164],0.9151234227863055
720575940649229433,413.568,234.176,162.8,413.632,234.016,162.92,LC4,blue,dend[1196],0.7464872850939083
720575940649229433,411.36,235.152,162.68,411.552,235.216,162.64,LC4,blue,dend[1194],0.5456647584604836
720575940649229433,421.504,231.552,159.12,421.52,231.728,159.0,LC4,blue,dend[1488],0.35095746947248946
720575940649229433,414.672,234.016,161.8,414.864,234.064,161.84,LC4,blue,dend[1066],0.22687503354302066
720575940649229433,413.056,233.936,162.16,412.992,233.712,162.12,LC4,blue,dend[1196],0.23360471607040106
720575940629753807,412.384,237.68,161.84,412.288,237.504,161.76,LC4,blue,dend[1201],0.9223236212782498
720575940629753807,416.592,237.44,159.0,416.784,237.456,159.12,LC4,blue,dend[1040],1.0
720575940629753807,410.432,238.784,162.92,410.432,238.816,162.76,LC4,blue,dend[1204],0.5614494728508772
720575940618312606,410.272,234.16,159.92,410.4,234.112,159.84,LC4,blue,dend[1139],0.4320260476077156
720575940618312606,412.528,241.408,160.2,412.528,241.456,160.36,LC4,blue,dend[920],0.23331785815673306
720575940618312606,410.048,236.16,160.8,409.904,236.112,160.68,LC4,blue,dend[1151],0.48656423712468105
720575940618312606,409.824,234.512,160.08,409.696,234.624,159.96,LC4,blue,dend[1139],0.8758217074164826
720575940618312606,409.952,234.624,160.08,409.84,234.704,160.0,LC4,blue,dend[1139],0.7680386841874642
720575940618312606,416.24,238.688,158.8,416.336,238.816,158.88,LC4,blue,dend[1042],0.4714943656436553
720575940618312606,409.872,241.904,161.64,409.76,242.096,161.56,LC4,blue,dend[1129],0.4599590242439251
720575940618312606,410.288,234.096,159.96,410.432,234.096,159.88,LC4,blue,dend[1139],0.42051143235924404
720575940638496720,411.152,235.312,159.04,411.168,235.12,159.16,LC4,blue,dend[1150],0.34727380446339756
720575940638496720,410.08,243.216,160.2,410.08,242.96,160.2,LC4,blue,dend[1128],1.0
720575940638496720,409.92,236.384,160.32,409.936,236.16,160.44,LC4,blue,dend[1151],0.44900960961726494
720575940638496720,425.744,232.768,158.92,425.488,232.848,158.88,LC4,blue,dend[1472],0.6444622742250194
720575940638496720,424.24,232.096,159.92,424.192,231.872,159.92,LC4,blue,dend[1484],0.8654395963472664
720575940619397542,411.696,235.712,159.48,411.744,235.92,159.48,LC4,blue,dend[1188],0.7453208567264915
720575940627519107,413.056,237.856,160.28,412.976,237.776,160.12,LC4,blue,dend[1071],0.9794384127424822
720575940627519107,420.208,232.704,159.56,420.224,232.528,159.6,LC4,blue,dend[1489],0.8943700091902479
720575940627519107,410.656,238.832,162.12,410.656,238.88,162.28,LC4,blue,dend[1203],0.9765432173306196
720575940627519107,422.016,232.432,159.12,422.08,232.32,158.96,LC4,blue,dend[1487],0.7753316243516922
720575940627519107,420.48,232.72,159.6,420.464,232.496,159.6,LC4,blue,dend[1489],0.8000876653451886
720575940627519107,415.456,234.096,161.24,415.36,234.304,161.32,LC4,blue,dend[1066],0.16846513427167334
720575940627519107,412.992,240.032,158.76,412.912,239.856,158.56,LC4,blue,dend[911],0.8095552610623143
720575940627519107,425.68,231.344,159.08,425.776,231.184,159.04,LC4,blue,dend[1477],0.1169558549053664
720575940627519107,424.272,231.808,159.52,424.352,231.664,159.6,LC4,blue,dend[1484],0.492047105463412
720575940640612480,409.952,241.584,160.88,410.016,241.696,160.8,LC4,blue,dend[1129],0.06481173415631633
720575940640612480,410.416,240.384,160.28,410.208,240.352,160.2,LC4,blue,dend[1125],0.6759947055709107
720575940640612480,409.872,241.712,161.0,410.016,241.84,161.0,LC4,blue,dend[1129],0.1698717797307769
720575940640612480,410.016,241.472,160.76,410.016,241.648,160.72,LC4,blue,dend[1127],1.0
720575940626916936,409.664,235.856,160.56,409.84,236.0,160.52,LC4,blue,dend[1151],0.46062557560506673
720575940626916936,420.4,236.64,160.24,420.32,236.512,160.12,LC4,blue,dend[1050],1.0
720575940626916936,411.776,243.088,161.44,411.744,242.848,161.32,LC4,blue,dend[921],0.9536228908892546
720575940626916936,410.64,234.016,160.04,410.544,234.128,159.92,LC4,blue,dend[1139],0.3436898663885058
720575940626916936,414.016,242.352,160.8,413.952,242.144,160.72,LC4,blue,dend[922],0.16705689630772602
720575940626916936,409.904,235.616,160.56,410.048,235.744,160.56,LC4,blue,dend[1151],0.37515880968679405
720575940626916936,419.008,238.048,159.6,419.008,237.856,159.64,LC4,blue,dend[1053],0.9488568751685375
720575940625991043,415.344,232.288,158.8,415.264,232.08,158.72,LC4,blue,dend[1210],0.6646958581241036
720575940625991043,416.384,231.168,159.36,416.304,231.024,159.28,LC4,blue,dend[1210],0.9488885754312445
720575940630484495,412.912,242.88,159.8,412.864,242.656,159.72,LC4,blue,dend[918],0.06678582767235643
720575940617026260,409.92,239.728,159.04,409.776,239.76,158.96,LC4,blue,dend[1114],0.20392868313686888
720575940617026260,414.848,236.304,160.44,414.976,236.16,160.52,LC4,blue,dend[1070],1.0
720575940617026260,410.704,239.216,162.16,410.592,239.104,162.28,LC4,blue,dend[1205],0.08360179712887962
720575940617026260,416.304,236.192,159.68,416.384,236.032,159.56,LC4,blue,dend[1036],1.0
720575940617026260,409.792,240.288,160.24,409.888,240.496,160.16,LC4,blue,dend[1125],0.7278263306369919
720575940617026260,416.992,236.4,159.0,416.928,236.176,159.0,LC4,blue,dend[1036],0.04379634791157397
720575940617026260,409.936,239.616,159.28,409.968,239.408,159.24,LC4,blue,dend[1113],0.46526592095972685
720575940617026260,415.856,236.128,159.72,415.888,235.936,159.72,LC4,blue,dend[1058],0.472119608612178
720575940617026260,415.232,236.24,160.28,415.264,236.128,160.4,LC4,blue,dend[1070],0.6964516434100555
720575940617026260,409.776,240.16,160.56,409.968,240.176,160.6,LC4,blue,dend[1126],0.7615915451522435
720575940617026260,417.712,235.952,159.0,417.68,235.792,158.96,LC4,blue,dend[1055],0.5330837928232778
720575940617026260,413.744,238.432,161.0,413.952,238.432,161.04,LC4,blue,dend[924],0.9448088070001278
720575940628454522,414.368,236.832,159.16,414.256,236.752,159.16,LC4,blue,dend[1071],0.5273930980360065
720575940628454522,410.48,238.144,162.08,410.48,237.968,162.2,LC4,blue,dend[1203],0.6478148137865898
720575940628454522,414.16,236.304,160.52,414.352,236.224,160.6,LC4,blue,dend[1063],0.9240273860041041
720575940618002644,421.648,235.104,159.08,421.616,235.216,158.92,LC4,blue,dend[1051],0.6472026482837798
720575940618002644,419.888,235.392,159.84,419.888,235.616,159.76,LC4,blue,dend[1050],0.49214762370645365
720575940618002644,418.848,235.392,160.16,418.832,235.632,160.16,LC4,blue,dend[1046],0.8368325535589758
720575940612580977,410.032,239.36,159.48,410.08,239.376,159.28,LC4,blue,dend[1113],0.5236272135302272
720575940612580977,411.232,235.872,159.36,411.408,235.888,159.48,LC4,blue,dend[1188],0.4725247755021525
720575940612580977,416.8,237.952,159.48,416.688,237.792,159.4,LC4,blue,dend[1042],0.04222367534952312
720575940617266722,413.232,241.504,160.76,413.168,241.712,160.8,LC4,blue,dend[918],1.0
720575940628081541,415.712,233.12,159.0,415.856,233.088,158.88,LC4,blue,dend[1083],0.9751248700788566
720575940628081541,418.608,232.112,161.36,418.608,232.288,161.48,LC4,blue,dend[1068],0.8391733176731435
720575940628081541,422.656,231.2,159.48,422.848,231.2,159.52,LC4,blue,dend[1485],0.9418903134804829
720575940628081541,418.944,232.08,161.16,418.96,232.256,161.24,LC4,blue,dend[1068],0.9758759890585161
720575940628081541,421.904,231.632,159.32,421.888,231.808,159.2,LC4,blue,dend[1486],0.8250991042167501
720575940630851036,410.672,237.536,163.4,410.752,237.584,163.24,LC4,blue,dend[1202],0.9481361820070443
720575940630851036,424.576,231.408,159.8,424.432,231.616,159.76,LC4,blue,dend[1484],0.5743637439113576
720575940630851036,425.504,230.304,159.4,425.696,230.256,159.48,LC4,blue,dend[1477],0.5700047446470979
720575940630851036,414.416,238.352,161.2,414.272,238.448,161.12,LC4,blue,dend[924],0.9028803542315094
720575940630851036,425.616,230.656,159.28,425.792,230.624,159.32,LC4,blue,dend[1477],0.3906554700474251
720575940630851036,411.68,235.568,162.96,411.76,235.36,162.92,LC4,blue,dend[1194],0.8296091234554857
720575940630851036,414.176,235.584,161.76,414.4,235.584,161.76,LC4,blue,dend[1065],0.9871403965507907
720575940628699560,411.92,236.016,159.64,411.76,235.968,159.48,LC4,blue,dend[1188],0.7750455187157475
720575940628699560,412.112,240.848,160.64,412.192,240.944,160.48,LC4,blue,dend[920],0.8555524585572798
720575940628699560,413.136,233.936,158.8,413.248,233.808,158.88,LC4,blue,dend[1208],0.9505382299466698
720575940628699560,416.016,239.168,158.92,416.08,239.008,158.84,LC4,blue,dend[1042],0.5964209645036762
720575940628699560,412.08,234.576,159.28,411.952,234.384,159.24,LC4,blue,dend[1137],0.37504779193814003
720575940630998339,413.872,242.016,161.48,413.952,241.952,161.32,LC4,blue,dend[922],0.3599606019785794
720575940630998339,412.528,241.328,162.12,412.736,241.216,162.08,LC4,blue,dend[923],0.9492670510940817
720575940620795728,415.024,235.936,160.48,415.072,236.144,160.52,LC4,blue,dend[1070],1.0
720575940620795728,415.152,235.824,160.6,415.28,235.664,160.6,LC4,blue,dend[1058],1.0
720575940620795728,419.424,235.472,161.08,419.488,235.68,161.08,LC4,blue,dend[1049],0.9373591869403266
720575940618807105,410.544,235.296,159.0,410.64,235.2,158.84,LC4,blue,dend[1138],1.0
720575940614572742,410.432,240.672,159.2,410.496,240.736,159.32,LC4,blue,dend[1124],0.8452543636568078
720575940614572742,409.936,240.16,158.72,409.824,239.968,158.72,LC4,blue,dend[1112],0.8546416732704565
720575940614572742,409.824,240.256,159.12,409.68,240.064,159.08,LC4,blue,dend[1114],1.0
720575940618807105,410.288,234.944,159.72,410.24,234.752,159.68,LC4,blue,dend[1139],0.4042079648577274
720575940618807105,410.608,235.456,159.68,410.784,235.488,159.76,LC4,blue,dend[1150],0.77057965846644
720575940615127227,415.392,234.4,161.52,415.328,234.4,161.36,LC4,blue,dend[1066],0.14791665799250212
720575940615127227,411.504,234.512,162.16,411.44,234.592,162.0,LC4,blue,dend[1192],0.8096416243065471
720575940615127227,414.848,234.272,161.96,414.896,234.208,161.76,LC4,blue,dend[1066],0.18718218737595432
720575940615127227,414.976,234.08,162.0,414.928,233.904,161.88,LC4,blue,dend[1066],0.27829605225408455
720575940615127227,418.304,233.36,159.56,418.288,233.056,159.64,LC4,blue,dend[1089],0.9039309898405027
720575940615127227,412.0,233.984,161.84,411.888,233.792,161.76,LC4,blue,dend[1191],0.985145290361378
720575940615127227,417.408,234.0,160.16,417.344,234.224,160.04,LC4,blue,dend[1069],0.883309768491669
720575940615127227,411.504,234.592,162.2,411.488,234.704,162.08,LC4,blue,dend[1192],0.8797220570580383
720575940618723749,416.72,236.288,158.96,416.8,236.096,158.96,LC4,blue,dend[1032],1.0
720575940618723749,416.896,237.312,158.84,416.864,237.456,158.92,LC4,blue,dend[1041],0.6776062749673645
720575940625934973,410.672,238.56,159.16,410.592,238.752,159.08,LC4,blue,dend[1113],0.9482302597241483
720575940627519107,416.448,246.0,142.96,416.384,245.904,142.88,LC4,blue,dend[147],0.7891181641318398
720575940633580384,422.016,246.016,147.04,421.968,245.824,147.12,LC4,blue,dend[158],0.7221627405016188
720575940638496720,420.592,245.92,144.64,420.528,245.76,144.56,LC4,blue,dend[148],0.9213144747077002
720575940638496720,420.336,246.064,144.64,420.16,245.92,144.56,LC4,blue,dend[148],0.8574994905164699
720575940627519107,419.872,246.064,144.44,420.08,245.968,144.44,LC4,blue,dend[148],0.8343967446535824
720575940627519107,420.848,246.144,146.64,420.992,246.24,146.68,LC4,blue,dend[151],0.4651034730395348
720575940618723749,421.28,245.792,147.12,421.392,245.712,147.0,LC4,blue,dend[150],1.0
720575940618676440,412.384,246.016,153.48,412.112,246.128,153.48,LC4,blue,dend[236],0.3932690691944703
720575940610522009,411.92,246.176,153.28,412.064,246.272,153.4,LC4,blue,dend[236],0.3959781277868539
720575940612518055,418.976,245.952,149.16,419.088,245.84,149.28,LC4,blue,dend[208],0.908383896649687
720575940605598892,413.136,245.936,151.52,413.088,246.08,151.56,LC4,blue,dend[238],0.3209203438426767
720575940616713355,416.32,246.416,150.96,416.128,246.304,150.96,LC4,blue,dend[209],0.8306682955171083
720575940616713355,416.192,246.576,151.16,416.08,246.4,151.08,LC4,blue,dend[209],0.9092180106383511
720575940638496720,409.68,246.288,153.12,409.744,246.384,153.24,LC4,blue,dend[243],0.8417112301997128
720575940615053580,413.664,246.08,151.92,413.488,246.08,151.8,LC4,blue,dend[236],0.9998502888843716
720575940615053580,416.416,246.144,151.16,416.192,246.128,151.04,LC4,blue,dend[209],0.6943221859932877
720575940615053580,413.824,245.984,151.52,413.6,245.904,151.56,LC4,blue,dend[237],0.7907391494449527
720575940619397542,419.376,246.08,149.48,419.2,246.032,149.4,LC4,blue,dend[208],1.0
720575940630851036,412.848,246.128,151.6,412.912,246.112,151.44,LC4,blue,dend[238],0.5598244956516786
720575940630851036,412.96,246.096,151.8,413.184,246.032,151.76,LC4,blue,dend[236],0.9590546451043653
720575940628699560,416.096,245.808,151.28,416.176,245.728,151.12,LC4,blue,dend[209],0.4041834299188807
720575940622939836,409.664,246.144,153.64,409.616,246.176,153.8,LC4,blue,dend[241],0.8160982227725019
720575940622939836,409.648,246.672,156.96,409.584,246.512,156.92,LC4,blue,dend[232],0.13902726146131042
720575940618676440,412.144,246.112,154.04,412.064,246.32,154.0,LC4,blue,dend[236],0.2616984089954239
720575940610522009,411.216,245.984,154.4,411.104,245.984,154.56,LC4,blue,dend[239],0.8066649552451117
720575940649229433,410.688,246.32,155.92,410.544,246.256,155.84,LC4,blue,dend[235],0.26799882181553475
720575940638496720,410.128,245.824,155.44,410.096,245.76,155.6,LC4,blue,dend[229],0.5947973751536181
720575940638496720,410.816,245.92,154.64,411.056,245.984,154.6,LC4,blue,dend[239],0.8126646226037092
720575940638496720,410.112,245.824,154.44,410.096,245.664,154.36,LC4,blue,dend[241],0.39131366879636176
720575940622939836,432.048,228.88,154.76,432.224,228.88,154.88,LC4,blue,dend[1464],0.8120035625152744
720575940622939836,431.952,229.248,154.96,432.08,229.216,155.08,LC4,blue,dend[1464],0.5252090350214962
720575940628462340,427.472,229.088,158.2,427.536,229.04,158.36,LC4,blue,dend[1478],0.7969943102145303
720575940614914107,432.08,228.848,155.04,432.24,228.912,154.92,LC4,blue,dend[1464],0.7869304019082857
720575940625991043,432.432,226.432,154.68,432.24,226.272,154.72,LC4,blue,dend[1465],0.8070106997681923
720575940625991043,432.992,228.352,154.88,432.832,228.32,154.96,LC4,blue,dend[1465],0.10844084554334667
720575940625991043,432.992,228.736,154.84,432.896,228.912,154.88,LC4,blue,dend[1466],0.817019141418544
720575940625991043,432.096,226.528,155.2,432.16,226.672,155.08,LC4,blue,dend[1465],0.6772515870921053
720575940630484495,432.352,229.008,154.68,432.32,228.928,154.84,LC4,blue,dend[1464],0.8279051843511264
720575940630484495,432.48,228.88,154.6,432.464,228.752,154.72,LC4,blue,dend[1464],1.0
720575940613260959,426.72,235.632,137.36,426.704,235.456,137.48,LC4,blue,dend[1],0.7350968790394894
720575940613260959,426.816,236.448,137.76,426.72,236.496,137.92,LC4,blue,dend[2],0.17847290521594802
720575940613260959,435.12,235.744,136.84,434.96,235.888,136.96,LC4,blue,dend[1589],0.7279898241073195
720575940613260959,435.648,235.696,134.96,435.52,235.888,135.04,LC4,blue,dend[1597],0.4351717057432449
720575940613260959,435.584,235.712,135.2,435.376,235.776,135.12,LC4,blue,dend[1597],0.4760753389165558
720575940613260959,435.744,236.24,135.72,435.712,236.432,135.76,LC4,blue,dend[1597],0.11607327098769975
720575940618676440,437.504,231.92,137.84,437.664,231.984,137.84,LC4,blue,dend[1607],0.25748626455973983
720575940618676440,437.376,232.032,137.68,437.488,232.224,137.68,LC4,blue,dend[1606],0.8161029706965004
720575940628462340,435.888,237.136,136.36,435.84,236.992,136.48,LC4,blue,dend[1592],0.23511788036660056
720575940628462340,436.064,237.056,136.24,436.08,236.88,136.2,LC4,blue,dend[1592],0.4722116754790212
720575940628462340,435.616,236.88,136.28,435.744,236.864,136.44,LC4,blue,dend[1592],0.27042948387280713
720575940628462340,434.544,236.4,136.44,434.688,236.288,136.56,LC4,blue,dend[1598],0.6574480835372039
720575940624017251,430.816,235.792,136.68,430.608,235.936,136.68,LC4,blue,dend[1517],0.6437459190950774
720575940620903551,433.408,235.28,137.2,433.456,235.12,137.28,LC4,blue,dend[1599],0.855656669254522
720575940620903551,434.368,235.456,136.72,434.464,235.408,136.88,LC4,blue,dend[1589],0.2683408896686779
720575940610522009,433.536,233.152,137.76,433.712,233.184,137.8,LC4,blue,dend[1603],0.919176822698733
720575940612518055,433.232,235.072,137.32,433.392,235.136,137.28,LC4,blue,dend[1599],0.9071197536515967
720575940612518055,436.16,232.112,137.8,436.048,232.128,137.96,LC4,blue,dend[1610],0.48521660016408197
720575940612518055,436.528,232.416,137.96,436.576,232.656,137.96,LC4,blue,dend[1606],0.2314352506734108
720575940622108001,435.68,236.4,135.12,435.76,236.304,135.28,LC4,blue,dend[1597],0.2330915846881721
720575940622108001,435.488,236.016,134.92,435.488,235.888,135.08,LC4,blue,dend[1597],0.433117339586049
720575940622108001,435.68,236.112,135.0,435.696,236.016,135.12,LC4,blue,dend[1597],0.3547603722014256
720575940622108001,429.552,238.336,136.92,429.392,238.288,136.88,LC4,blue,dend[59],0.969375312995965
720575940622108001,429.808,238.064,137.48,429.584,238.08,137.44,LC4,blue,dend[59],0.8620293416057287
720575940622108001,429.664,237.584,138.08,429.472,237.664,138.08,LC4,blue,dend[59],0.6964179611896848
720575940622108001,435.216,237.856,135.52,435.12,237.984,135.64,LC4,blue,dend[1595],0.9002757326171128
720575940622108001,437.632,232.816,137.92,437.632,232.592,137.88,LC4,blue,dend[1606],0.797370143466973
720575940614914107,435.536,236.928,135.76,435.76,236.88,135.76,LC4,blue,dend[1592],1.0
720575940632769180,434.944,235.392,134.6,434.992,235.312,134.76,LC4,blue,dend[1597],0.7380309691953815
720575940631338271,431.968,235.232,136.64,431.856,235.328,136.56,LC4,blue,dend[1519],0.7328001320736275
720575940631338271,431.76,234.832,136.84,431.616,234.752,136.76,LC4,blue,dend[1520],0.6200484319309663
720575940624111763,435.152,236.336,137.12,435.152,236.144,137.0,LC4,blue,dend[1589],0.935106068653272
720575940624111763,433.76,235.808,137.96,433.968,235.728,138.0,LC4,blue,dend[1600],0.8680893784322834
720575940611134833,437.904,231.808,138.16,437.84,231.696,138.04,LC4,blue,dend[1607],0.6772281652949749
720575940628064260,434.832,235.408,137.76,434.592,235.488,137.8,LC4,blue,dend[1587],1.0
720575940626626895,435.952,236.096,136.8,435.888,236.288,136.72,LC4,blue,dend[1590],0.6706602618218855
720575940626626895,436.56,236.176,136.76,436.464,236.384,136.68,LC4,blue,dend[1591],0.7008186909679125
720575940617176321,435.6,232.608,138.16,435.584,232.816,138.12,LC4,blue,dend[1604],0.49471571317471114
720575940617176321,435.84,232.256,138.04,436.016,232.144,138.04,LC4,blue,dend[1610],0.47744788674205796
720575940649229433,431.376,235.2,136.04,431.552,235.296,136.0,LC4,blue,dend[1519],0.9635161400212836
720575940649229433,436.144,236.592,135.56,436.064,236.4,135.6,LC4,blue,dend[1597],0.09584573510394538
720575940649229433,436.176,238.32,134.92,436.016,238.432,135.04,LC4,blue,dend[1596],0.7834892700672671
720575940649229433,431.552,235.088,135.84,431.584,235.28,135.92,LC4,blue,dend[1521],0.5656660385514916
720575940649229433,430.272,235.952,136.04,430.32,236.0,136.2,LC4,blue,dend[1517],0.9690108531196778
720575940649229433,436.256,237.856,135.48,436.128,237.728,135.56,LC4,blue,dend[1593],0.7883686862772491
720575940649229433,430.576,235.904,136.28,430.496,236.032,136.4,LC4,blue,dend[1517],0.796556332804058
720575940649229433,436.144,236.624,135.72,436.0,236.784,135.76,LC4,blue,dend[1592],1.0
720575940649229433,436.528,237.136,135.52,436.416,237.232,135.64,LC4,blue,dend[1593],0.3860457192466147
720575940649229433,432.048,235.04,136.16,432.096,235.216,136.16,LC4,blue,dend[1522],0.10778750508587182
720575940649229433,431.232,235.2,136.36,431.44,235.216,136.44,LC4,blue,dend[1519],0.8394868267749724
720575940649229433,430.848,235.456,135.44,431.024,235.312,135.48,LC4,blue,dend[1523],0.8967055673394625
720575940649229433,429.984,238.352,136.6,429.808,238.384,136.56,LC4,blue,dend[60],0.2758116536320364
720575940649229433,429.168,238.368,137.08,429.248,238.24,137.0,LC4,blue,dend[59],0.9348937395572029
720575940629753807,434.224,233.216,137.8,434.112,233.104,137.84,LC4,blue,dend[1603],0.625948425794488
720575940629753807,434.416,233.28,137.96,434.432,233.12,138.08,LC4,blue,dend[1603],0.3593549364683808
720575940629753807,432.032,236.416,138.2,431.936,236.272,138.24,LC4,blue,dend[1516],0.6037386769940722
720575940629753807,434.128,232.912,138.0,434.16,233.056,137.88,LC4,blue,dend[1603],0.5833548202369954
720575940618312606,432.208,235.696,135.2,432.208,235.52,135.28,LC4,blue,dend[1522],0.8529022800009375
720575940618312606,432.096,235.552,135.04,432.144,235.44,135.2,LC4,blue,dend[1522],0.9025758737137316
720575940638496720,435.904,231.856,138.12,436.08,232.0,138.08,LC4,blue,dend[1610],0.6030496137051646
720575940619397542,436.016,231.744,137.84,436.192,231.84,137.92,LC4,blue,dend[1610],0.7243117239248272
720575940640612480,436.128,233.744,137.48,436.256,233.6,137.48,LC4,blue,dend[1609],0.7275662952937633
720575940625991043,437.712,239.488,137.2,437.664,239.536,137.4,LC4,blue,dend[109],0.9971804596090291
720575940625991043,435.808,238.576,135.92,435.648,238.512,135.96,LC4,blue,dend[1594],0.9131368413987964
720575940625991043,435.2,235.232,134.96,435.104,235.184,134.8,LC4,blue,dend[1597],0.7480259299183589
720575940625991043,431.664,237.536,136.68,431.728,237.296,136.72,LC4,blue,dend[1524],0.9903526941446399
720575940625991043,435.072,235.424,135.04,435.168,235.584,135.0,LC4,blue,dend[1597],0.5873220700536306
720575940617026260,433.952,235.04,137.04,433.824,235.104,137.2,LC4,blue,dend[1599],0.512933642924224
720575940617026260,434.304,234.784,137.12,434.352,234.928,137.28,LC4,blue,dend[1588],1.0
720575940617026260,434.32,235.184,136.84,434.432,235.376,136.88,LC4,blue,dend[1589],0.23659315050637147
720575940617026260,436.944,230.976,137.68,437.056,231.12,137.64,LC4,blue,dend[1611],0.7301180186339659
720575940628454522,431.856,236.848,137.12,431.984,237.072,137.04,LC4,blue,dend[1524],0.8969648005637235
720575940628454522,429.632,237.904,136.72,429.728,238.016,136.76,LC4,blue,dend[61],0.6446857553454638
720575940628454522,434.72,234.64,134.64,434.8,234.816,134.56,LC4,blue,dend[1597],0.9472608157461535
720575940628454522,434.784,234.688,134.36,434.752,234.8,134.48,LC4,blue,dend[1597],0.9746281245068624
720575940628454522,431.616,236.704,137.24,431.584,236.48,137.28,LC4,blue,dend[1516],0.9234708017410899
720575940628454522,429.76,238.528,136.0,429.936,238.512,136.04,LC4,blue,dend[60],0.8935423516893536
720575940617266722,434.592,234.24,138.08,434.416,234.32,138.16,LC4,blue,dend[1586],0.6776656256434367
720575940628081541,432.992,237.184,137.6,432.848,237.248,137.44,LC4,blue,dend[1526],0.9321061064847471
720575940628081541,437.216,239.968,137.84,437.392,240.016,137.88,LC4,blue,dend[109],0.8557619864563313
720575940628081541,434.752,236.304,136.92,434.784,236.176,136.8,LC4,blue,dend[1598],0.3719322862628766
720575940628081541,428.944,237.264,138.12,429.088,237.392,138.16,LC4,blue,dend[59],0.6250642605608691
720575940613256863,431.312,237.024,136.56,431.504,236.928,136.64,LC4,blue,dend[1524],0.5881923146950843
720575940628699560,431.328,235.36,136.64,431.52,235.36,136.56,LC4,blue,dend[1519],0.6895814788337241
720575940613256863,434.752,236.128,136.4,434.72,236.288,136.52,LC4,blue,dend[1598],0.6708422840266884
720575940613256863,435.152,235.92,135.16,435.296,235.808,135.12,LC4,blue,dend[1597],0.48042536154881443
720575940613256863,435.376,236.384,135.68,435.568,236.448,135.76,LC4,blue,dend[1597],0.13565021077287076
720575940613256863,431.264,236.8,136.56,431.456,236.768,136.64,LC4,blue,dend[1524],0.4308300651828185
720575940620795728,432.784,237.408,137.44,432.784,237.248,137.4,LC4,blue,dend[1526],0.8642755580553316
720575940625038090,437.552,239.664,137.64,437.632,239.84,137.64,LC4,blue,dend[109],0.9397428479711472
720575940614572742,433.824,233.152,137.6,433.824,233.168,137.8,LC4,blue,dend[1603],0.8392065810305702
720575940618807105,436.448,236.592,136.8,436.432,236.448,136.68,LC4,blue,dend[1591],0.6465159641589681
720575940614572742,435.488,238.672,136.0,435.648,238.544,136.0,LC4,blue,dend[1594],0.9782842921321878
720575940614572742,433.84,235.296,137.24,433.744,235.104,137.2,LC4,blue,dend[1599],0.5849240780896497
720575940614572742,435.408,238.368,135.92,435.584,238.32,135.84,LC4,blue,dend[1594],0.6180005595398006
720575940614572742,434.0,234.672,137.52,434.208,234.768,137.6,LC4,blue,dend[1587],0.6186212320807354
720575940614572742,432.256,237.04,137.36,432.08,237.104,137.08,LC4,blue,dend[1526],0.17177326673015642
720575940614572742,433.584,234.736,137.44,433.536,234.912,137.44,LC4,blue,dend[1599],0.8987392392568408
720575940615127227,432.528,235.328,135.4,432.304,235.344,135.4,LC4,blue,dend[1522],0.8000104754929764
720575940615127227,432.304,235.68,136.52,432.064,235.792,136.52,LC4,blue,dend[1519],0.4181345309908625
720575940613260959,438.176,232.72,138.48,438.224,232.784,138.28,LC4,blue,dend[1608],0.5217708734313325
720575940613260959,428.384,235.52,140.16,428.336,235.376,140.24,LC4,blue,dend[58],0.0016687158587822106
720575940613260959,432.064,242.448,140.4,431.904,242.592,140.48,LC4,blue,dend[30],0.5027053710197364
720575940613260959,434.432,235.76,138.24,434.272,235.664,138.12,LC4,blue,dend[1600],0.5581799229576332
720575940613260959,432.08,242.448,140.48,431.936,242.576,140.56,LC4,blue,dend[30],0.6858273819333693
720575940613260959,432.064,242.384,140.08,431.92,242.288,140.0,LC4,blue,dend[33],0.3307149704468207
720575940638456227,433.6,239.92,141.48,433.504,239.856,141.36,LC4,blue,dend[110],0.6293318378317578
720575940638456227,426.32,243.296,141.92,426.416,243.408,142.04,LC4,blue,dend[41],0.1482352995989394
720575940638456227,436.128,239.968,138.92,436.208,240.016,139.08,LC4,blue,dend[109],0.47900883084431717
720575940638456227,436.352,239.856,138.64,436.56,239.792,138.68,LC4,blue,dend[109],0.6082838609561215
720575940638456227,435.136,239.424,141.32,435.024,239.584,141.36,LC4,blue,dend[105],1.0
720575940618676440,432.56,233.168,139.36,432.768,233.152,139.32,LC4,blue,dend[1578],0.7284936617330406
720575940618676440,432.944,233.168,138.8,432.832,232.992,138.84,LC4,blue,dend[1578],0.9255917895417278
720575940618676440,432.528,233.328,142.8,432.48,233.44,142.68,LC4,blue,dend[1529],0.49812155892484894
720575940628462340,434.752,240.24,140.16,434.768,240.032,140.24,LC4,blue,dend[107],1.0
720575940615462587,431.68,234.768,140.92,431.488,234.688,140.84,LC4,blue,dend[1514],0.8759006354408816
720575940628462340,435.12,240.24,140.52,435.008,240.064,140.44,LC4,blue,dend[107],1.0
720575940628462340,427.92,239.632,139.76,427.76,239.792,139.84,LC4,blue,dend[17],0.930361175139956
720575940628462340,429.536,236.8,141.4,429.376,236.656,141.4,LC4,blue,dend[58],0.9341526362538166
720575940615462587,433.04,235.216,139.92,432.88,235.152,140.04,LC4,blue,dend[1580],0.722810390114603
720575940628462340,436.304,239.52,141.12,436.224,239.376,141.16,LC4,blue,dend[111],0.8925723738587743
720575940624017251,429.568,235.232,140.8,429.44,235.184,140.72,LC4,blue,dend[58],0.2691379625568061
720575940624017251,430.128,235.168,140.12,430.336,235.152,140.2,LC4,blue,dend[1515],0.5051956942601713
720575940624017251,437.136,239.824,138.52,436.944,239.92,138.44,LC4,blue,dend[109],0.7006904193497376
720575940626605200,435.168,232.672,139.56,435.184,232.896,139.6,LC4,blue,dend[1582],0.4727656402889029
720575940626605200,435.312,232.624,139.64,435.456,232.768,139.64,LC4,blue,dend[1582],0.7163780187865023
720575940626605200,431.28,242.288,140.08,431.376,242.384,140.2,LC4,blue,dend[29],0.5731512250844091
720575940626605200,430.688,234.992,141.32,430.704,234.896,141.36,LC4,blue,dend[1528],0.8577349058057157
720575940624017251,429.216,236.144,139.36,429.12,236.304,139.36,LC4,blue,dend[59],0.2889199385044402
720575940626605200,432.272,232.656,140.2,432.272,232.8,140.32,LC4,blue,dend[1511],0.845972117083991
720575940624017251,433.968,241.056,141.48,434.08,240.832,141.48,LC4,blue,dend[108],0.3502159847699856
720575940624017251,428.896,235.584,139.48,428.752,235.648,139.6,LC4,blue,dend[59],0.14238151303372537
720575940620903551,432.928,235.104,140.24,432.944,235.136,140.08,LC4,blue,dend[1580],0.7039722615134862
720575940620903551,435.488,240.24,139.72,435.616,240.336,139.8,LC4,blue,dend[109],0.2566487996949057
720575940620903551,434.896,237.696,141.6,434.752,237.808,141.56,LC4,blue,dend[112],0.718808795581126
720575940620903551,435.024,239.808,140.48,434.848,239.904,140.48,LC4,blue,dend[107],1.0
720575940610522009,430.864,233.28,143.16,430.864,233.184,143.28,LC4,blue,dend[1569],0.4489002377471646
720575940610522009,434.064,232.112,140.76,434.048,232.016,140.56,LC4,blue,dend[1613],0.8644092786006905
720575940610522009,436.336,231.504,142.52,436.272,231.664,142.6,LC4,blue,dend[1575],0.8640655187191415
720575940610522009,433.12,232.832,140.72,433.184,232.96,140.84,LC4,blue,dend[1570],0.5923201658772592
720575940610522009,432.928,232.384,140.6,432.8,232.192,140.68,LC4,blue,dend[1510],0.9904222488067371
720575940610522009,434.784,239.888,142.96,434.96,239.728,143.0,LC4,blue,dend[93],0.8807377890144498
720575940610522009,433.536,232.48,140.92,433.456,232.608,141.04,LC4,blue,dend[1570],0.7573469759244313
720575940610522009,431.648,232.448,140.68,431.76,232.288,140.64,LC4,blue,dend[1511],0.18714086621795104
720575940610522009,430.976,233.328,143.08,431.12,233.312,143.16,LC4,blue,dend[1529],0.9781543639593276
720575940610522009,430.208,242.832,142.72,430.208,242.72,142.6,LC4,blue,dend[39],0.8205898504957767
720575940612518055,431.008,234.64,141.36,430.944,234.832,141.32,LC4,blue,dend[1528],0.4801434636837446
720575940612518055,432.176,242.064,141.84,432.176,242.192,141.72,LC4,blue,dend[32],0.8378045626881307
720575940612518055,431.616,233.728,142.64,431.504,233.536,142.64,LC4,blue,dend[1529],0.7270415494250428
720575940612518055,431.36,233.984,143.2,431.536,233.904,143.28,LC4,blue,dend[1530],0.15082815868682556
720575940612518055,434.096,240.784,141.72,434.144,240.88,141.6,LC4,blue,dend[108],0.410203666691829
720575940612518055,432.56,233.488,142.52,432.528,233.392,142.6,LC4,blue,dend[1529],0.4540896398962721
720575940615575007,431.008,242.96,140.72,430.912,242.816,140.56,LC4,blue,dend[28],0.650617929199009
720575940615575007,430.384,242.048,141.04,430.496,242.048,140.88,LC4,blue,dend[27],0.13703320751250406
720575940622108001,427.984,235.408,140.16,428.144,235.472,140.28,LC4,blue,dend[58],0.00948946544154649
720575940622108001,429.424,237.104,138.4,429.248,237.232,138.48,LC4,blue,dend[59],0.5613711996641578
720575940633580384,430.32,233.68,141.92,430.32,233.744,141.76,LC4,blue,dend[122],0.9751349329057234
720575940622108001,426.944,234.72,143.28,427.168,234.672,143.28,LC4,blue,dend[64],0.775601867500978
720575940633580384,430.512,233.216,143.24,430.528,232.992,143.24,LC4,blue,dend[1569],0.7137675610511045
720575940615575007,431.04,241.12,141.6,431.056,240.944,141.56,LC4,blue,dend[27],0.8969595424730458
720575940615575007,431.024,243.552,140.76,431.024,243.44,140.84,LC4,blue,dend[31],0.6830744458235115
720575940615575007,431.184,243.232,140.6,431.248,243.232,140.72,LC4,blue,dend[31],0.4728605766166799
720575940622108001,427.296,234.896,142.32,427.296,234.608,142.48,LC4,blue,dend[64],0.47455523441127356
720575940615575007,430.176,242.128,141.0,430.192,242.352,140.96,LC4,blue,dend[26],0.8002350245229619
720575940622108001,428.304,234.64,139.56,428.304,234.416,139.56,LC4,blue,dend[56],0.7051837137884396
720575940615575007,430.272,241.696,140.8,430.496,241.744,140.8,LC4,blue,dend[27],0.25873504063123126
720575940605598892,426.96,244.464,142.16,426.88,244.304,142.2,LC4,blue,dend[42],0.8676492775384735
720575940605598892,434.112,234.16,138.48,434.256,234.32,138.48,LC4,blue,dend[1586],0.6678637908100907
720575940632769180,431.984,242.4,139.16,432.112,242.288,139.24,LC4,blue,dend[33],0.8531793219896026
720575940632769180,428.048,242.416,141.08,428.112,242.528,140.96,LC4,blue,dend[24],0.5836096417278033
720575940632769180,427.808,242.384,140.96,428.0,242.464,140.88,LC4,blue,dend[24],0.565905547605093
720575940632769180,426.576,241.584,141.56,426.496,241.392,141.64,LC4,blue,dend[48],0.6966972783636118
720575940631338271,429.04,242.512,140.68,428.88,242.624,140.72,LC4,blue,dend[25],0.21565100537515672
720575940631338271,427.024,243.664,142.32,426.896,243.552,142.2,LC4,blue,dend[40],0.9217945352818849
720575940631338271,433.728,233.264,141.64,433.872,233.152,141.52,LC4,blue,dend[1571],0.1609016007480875
720575940624111763,432.416,235.6,140.04,432.496,235.488,140.16,LC4,blue,dend[1580],0.8983659098113845
720575940624111763,431.264,235.568,140.76,431.12,235.488,140.68,LC4,blue,dend[1515],0.23154839094453128
720575940611134833,433.472,237.856,141.52,433.376,237.728,141.6,LC4,blue,dend[117],0.9396766779069072
720575940611134833,436.944,233.088,139.6,436.768,232.928,139.64,LC4,blue,dend[1583],0.6383120630367937
720575940611134833,428.816,242.048,140.76,428.608,242.0,140.72,LC4,blue,dend[23],0.7608347968773479
720575940611134833,429.024,240.8,140.92,428.864,240.944,140.76,LC4,blue,dend[22],0.4648890911929571
720575940611134833,434.416,237.616,141.36,434.576,237.552,141.4,LC4,blue,dend[112],0.9262697891011522
720575940628064260,434.256,234.976,138.28,434.288,234.8,138.16,LC4,blue,dend[1586],1.0
720575940628064260,433.072,237.184,143.24,432.944,237.248,143.16,LC4,blue,dend[86],1.0
720575940628064260,429.6,236.112,140.8,429.44,236.08,140.88,LC4,blue,dend[58],0.6010509548501205
720575940628064260,429.984,242.048,142.08,430.0,242.224,141.96,LC4,blue,dend[38],0.7955001612091008
720575940628064260,429.28,236.4,139.64,429.232,236.544,139.52,LC4,blue,dend[59],0.30058487181404553
720575940628064260,434.448,238.112,143.0,434.32,238.112,142.88,LC4,blue,dend[91],0.47119896979320613
720575940628064260,428.688,235.904,139.76,428.768,235.76,139.64,LC4,blue,dend[59],0.15134337035976586
720575940628064260,433.904,234.912,138.84,434.08,234.768,138.76,LC4,blue,dend[1601],0.4628396804475149
720575940628064260,429.68,242.416,142.12,429.696,242.528,141.84,LC4,blue,dend[25],0.9165112966277977
720575940626626895,428.528,239.552,140.76,428.512,239.776,140.84,LC4,blue,dend[20],0.7759544974972804
720575940626626895,427.552,240.08,139.88,427.568,239.904,139.92,LC4,blue,dend[17],0.7196151622458834
720575940626626895,432.0,241.92,141.36,432.0,242.128,141.36,LC4,blue,dend[32],0.5915627585493057
720575940626626895,429.008,236.816,141.52,429.152,236.672,141.52,LC4,blue,dend[58],0.939857361821433
720575940616713355,432.016,233.536,141.16,431.856,233.504,141.28,LC4,blue,dend[1514],0.3696490071025821
720575940616713355,436.544,238.752,142.2,436.56,238.848,142.36,LC4,blue,dend[95],0.8853459436218422
720575940617176321,435.552,232.208,139.44,435.504,232.304,139.52,LC4,blue,dend[1584],0.7338370473023754
720575940616713355,436.512,239.184,141.88,436.464,239.328,141.76,LC4,blue,dend[111],1.0
720575940616713355,432.048,233.472,141.24,431.888,233.408,141.32,LC4,blue,dend[1514],0.3276916865401491
720575940616713355,436.048,231.664,142.64,436.224,231.744,142.6,LC4,blue,dend[1575],0.7285137800935428
720575940616713355,436.24,239.104,142.12,436.288,239.216,142.28,LC4,blue,dend[95],0.5576244597737009
720575940616713355,431.616,234.0,141.52,431.488,233.968,141.44,LC4,blue,dend[1514],0.6028899418395257
720575940616713355,435.12,239.888,143.08,435.008,239.728,143.04,LC4,blue,dend[93],0.8965420312196074
720575940617176321,435.44,239.808,141.44,435.536,239.648,141.56,LC4,blue,dend[111],0.2996139722677061
720575940617176321,435.328,233.248,141.84,435.264,233.184,141.72,LC4,blue,dend[1574],0.261409173651073
720575940617176321,435.664,232.144,139.68,435.504,232.224,139.72,LC4,blue,dend[1584],0.7848786455880009
720575940617176321,433.04,234.656,139.96,433.072,234.88,140.0,LC4,blue,dend[1580],0.6133581793858933
720575940617176321,435.376,232.672,142.04,435.552,232.736,142.04,LC4,blue,dend[1574],0.5268225690449034
720575940617176321,435.008,238.288,142.2,434.72,238.336,142.44,LC4,blue,dend[91],0.9043639767141083
720575940649229433,428.912,241.152,139.68,428.928,241.072,139.84,LC4,blue,dend[22],0.9273538167965354
720575940629753807,436.416,238.816,142.52,436.512,238.896,142.4,LC4,blue,dend[95],0.819023810470593
720575940629753807,433.536,238.56,142.96,433.584,238.384,143.08,LC4,blue,dend[90],0.35222458841939824
720575940629753807,433.648,234.768,140.36,433.536,234.656,140.24,LC4,blue,dend[1580],0.45209410248220083
720575940629753807,433.68,234.752,140.04,433.488,234.688,140.0,LC4,blue,dend[1580],0.46404170678474255
720575940629753807,432.816,236.624,143.32,432.96,236.752,143.36,LC4,blue,dend[87],0.7731036816872637
720575940618312606,432.672,241.872,139.2,432.576,242.0,139.32,LC4,blue,dend[33],1.0
720575940618312606,431.632,236.112,138.68,431.6,236.064,138.48,LC4,blue,dend[1516],0.4534319906085243
720575940618312606,427.584,234.72,141.16,427.456,234.56,141.08,LC4,blue,dend[121],0.4103639585688694
720575940618312606,431.008,235.68,138.92,431.088,235.504,138.84,LC4,blue,dend[1516],0.18616164881283814
720575940618312606,428.128,235.056,140.48,428.176,235.2,140.4,LC4,blue,dend[58],0.03338082421856309
720575940618312606,427.344,234.88,141.32,427.28,234.8,141.2,LC4,blue,dend[121],0.6024548408328869
720575940618312606,428.608,233.984,141.28,428.576,233.808,141.24,LC4,blue,dend[62],1.0
720575940618312606,427.648,234.848,142.36,427.52,234.672,142.32,LC4,blue,dend[64],0.42159396637709967
720575940618312606,434.4,235.488,138.24,434.432,235.408,138.04,LC4,blue,dend[1587],0.7745145751367861
720575940618312606,427.488,234.896,143.24,427.568,234.704,143.28,LC4,blue,dend[64],0.7807661647032921
720575940618312606,427.904,234.784,142.4,427.92,234.56,142.36,LC4,blue,dend[64],0.43053125231727013
720575940618312606,431.168,235.632,139.32,431.104,235.424,139.32,LC4,blue,dend[1515],0.9068105851630854
720575940618312606,429.376,234.832,140.64,429.568,234.976,140.68,LC4,blue,dend[58],0.2122216618434672
720575940618312606,427.376,234.864,141.28,427.296,234.8,141.16,LC4,blue,dend[121],0.607454728433217
720575940618312606,433.776,240.688,141.16,434.0,240.576,141.16,LC4,blue,dend[108],0.20171821632078812
720575940638496720,428.72,242.192,141.92,428.512,242.24,141.92,LC4,blue,dend[43],0.30496581627034847
720575940615053580,427.056,240.528,141.16,426.976,240.384,141.28,LC4,blue,dend[48],0.25320025610082125
720575940615053580,432.48,230.608,139.72,432.288,230.48,139.72,LC4,blue,dend[1510],0.3565382144632056
720575940615053580,434.592,233.328,139.88,434.72,233.472,139.96,LC4,blue,dend[1581],0.41431820425836846
720575940615053580,427.44,240.64,140.84,427.536,240.448,140.8,LC4,blue,dend[18],0.7977476019818571
720575940615053580,432.288,230.336,140.72,432.144,230.464,140.72,LC4,blue,dend[1510],0.5261306843783258
720575940615053580,433.44,230.672,142.48,433.536,230.832,142.44,LC4,blue,dend[1614],0.893424039034599
720575940615053580,433.392,237.456,141.8,433.376,237.632,141.76,LC4,blue,dend[117],0.847228079066944
720575940619397542,432.72,233.584,142.88,432.656,233.488,142.68,LC4,blue,dend[1529],0.4607036015644478
720575940619397542,435.68,239.488,141.72,435.552,239.6,141.6,LC4,blue,dend[111],0.31718198596554653
720575940619397542,435.344,240.256,142.56,435.376,240.432,142.52,LC4,blue,dend[108],0.9700747980651093
720575940619397542,435.136,240.288,142.48,435.216,240.496,142.48,LC4,blue,dend[108],0.9294316215704472
720575940619397542,436.032,232.432,142.92,436.128,232.272,142.84,LC4,blue,dend[1576],0.05315885104718839
720575940619397542,434.176,232.688,140.92,434.176,232.928,140.92,LC4,blue,dend[1571],0.49016251963862967
720575940619397542,435.776,239.392,142.36,435.792,239.264,142.48,LC4,blue,dend[95],0.13223780996046156
720575940619397542,434.48,241.328,142.12,434.592,241.232,142.0,LC4,blue,dend[108],0.6538876238570888
720575940619397542,436.176,239.248,141.36,436.256,239.408,141.32,LC4,blue,dend[111],0.9007030126201212
720575940619397542,434.064,232.864,142.2,434.24,232.976,142.24,LC4,blue,dend[1572],0.8520399698845806
720575940619397542,434.08,232.528,140.72,433.808,232.704,140.6,LC4,blue,dend[1570],1.0
720575940627519107,432.496,233.36,141.84,432.304,233.232,141.8,LC4,blue,dend[1529],0.2134183519570233
720575940627519107,432.0,232.368,142.16,431.904,232.464,142.0,LC4,blue,dend[1529],0.30380328430388936
720575940640612480,434.816,233.472,140.32,434.768,233.488,140.16,LC4,blue,dend[1579],0.82155526320637
720575940640612480,434.528,233.296,140.56,434.368,233.216,140.52,LC4,blue,dend[1579],0.019430287768017477
720575940626916936,428.208,242.368,142.4,428.416,242.432,142.4,LC4,blue,dend[43],0.5283474808729766
720575940626916936,428.176,242.288,141.84,428.368,242.208,141.8,LC4,blue,dend[43],0.2435255411983233
720575940626916936,427.184,242.976,141.32,427.232,243.216,141.36,LC4,blue,dend[40],0.5385578991692672
720575940625991043,429.488,237.776,138.28,429.44,237.68,138.16,LC4,blue,dend[59],0.6834848337689212
720575940625991043,426.496,238.72,140.76,426.272,238.704,140.76,LC4,blue,dend[3],0.9051616826868111
720575940625991043,426.496,238.816,141.08,426.304,238.688,141.12,LC4,blue,dend[4],0.7604813498840626
720575940625991043,426.544,239.856,140.44,426.4,239.536,140.36,LC4,blue,dend[3],0.9870402187182534
720575940630484495,426.64,243.088,142.44,426.448,243.104,142.48,LC4,blue,dend[41],0.2140631341019319
720575940630484495,426.992,243.28,141.32,427.216,243.28,141.32,LC4,blue,dend[40],0.5431245632674718
720575940630484495,433.76,240.4,140.76,433.904,240.288,140.84,LC4,blue,dend[106],1.0
720575940617026260,431.28,242.736,140.08,431.152,242.608,140.24,LC4,blue,dend[28],0.8957894265020512
720575940617026260,435.616,233.232,139.44,435.568,233.104,139.6,LC4,blue,dend[1582],0.5895010458390101
720575940617026260,430.544,243.216,139.88,430.72,243.216,139.84,LC4,blue,dend[36],1.0
720575940617026260,429.968,242.64,141.0,429.984,242.464,141.04,LC4,blue,dend[26],0.6318952323663617
720575940617026260,436.08,231.92,142.52,436.192,231.744,142.6,LC4,blue,dend[1575],0.7261139743635611
720575940617026260,430.4,242.8,140.44,430.592,242.672,140.52,LC4,blue,dend[28],0.4256527509652952
720575940617026260,431.584,242.64,140.08,431.616,242.464,140.2,LC4,blue,dend[29],0.8579372990684885
720575940617026260,436.272,232.416,139.56,436.352,232.624,139.6,LC4,blue,dend[1583],0.3900274226840088
720575940617026260,435.232,233.6,138.72,434.992,233.568,138.72,LC4,blue,dend[1602],0.16691442078489888
720575940617026260,434.208,233.808,142.56,434.368,233.952,142.56,LC4,blue,dend[1573],0.846955163774437
720575940628454522,428.784,241.072,140.96,428.608,241.024,140.88,LC4,blue,dend[22],0.31189659908323963
720575940628454522,431.616,241.792,139.08,431.648,242.048,139.04,LC4,blue,dend[34],0.679550313541001
720575940628454522,426.848,239.92,141.2,427.024,239.952,141.08,LC4,blue,dend[18],0.2998491774180547
720575940628454522,426.384,238.816,142.12,426.528,238.656,142.12,LC4,blue,dend[5],0.24402948933414484
720575940618002644,431.328,235.2,138.4,431.216,235.328,138.52,LC4,blue,dend[1516],0.2780188221918205
720575940618002644,430.352,233.888,141.48,430.208,233.696,141.52,LC4,blue,dend[122],0.898109302163327
720575940618002644,436.128,240.016,141.4,436.0,239.84,141.48,LC4,blue,dend[111],0.623292412076763
720575940618002644,429.312,241.648,143.24,429.264,241.808,143.36,LC4,blue,dend[44],0.43647460486064954
720575940612580977,436.672,232.464,139.32,436.672,232.576,139.44,LC4,blue,dend[1583],0.647573626245073
720575940612580977,434.208,232.992,140.4,434.192,233.216,140.4,LC4,blue,dend[1577],0.7065062847693009
720575940612580977,434.32,232.784,140.64,434.272,232.96,140.8,LC4,blue,dend[1571],0.6976664568164425
720575940612580977,426.4,243.632,142.12,426.416,243.424,142.16,LC4,blue,dend[41],0.16071573149184695
720575940612580977,433.152,233.072,139.96,433.184,233.2,139.88,LC4,blue,dend[1578],0.39586000476432137
720575940612580977,436.816,232.352,139.28,436.96,232.432,139.4,LC4,blue,dend[1583],0.875642998336005
720575940612580977,432.736,232.688,138.68,432.88,232.784,138.68,LC4,blue,dend[1578],1.0
720575940628081541,438.736,232.88,138.56,438.512,232.976,138.52,LC4,blue,dend[1608],0.8316109629415587
720575940628081541,436.752,239.92,138.32,436.88,239.968,138.44,LC4,blue,dend[109],0.688486246441593
720575940617266722,432.208,230.592,141.04,432.288,230.496,140.92,LC4,blue,dend[1510],0.5853633210627306
720575940617266722,434.176,231.904,140.4,434.048,232.048,140.44,LC4,blue,dend[1613],0.8758099803130115
720575940617266722,434.192,234.16,142.48,434.368,234.016,142.48,LC4,blue,dend[1573],0.7975182236257928
720575940628081541,427.056,235.28,140.88,427.2,235.2,140.96,LC4,blue,dend[121],0.9617064802126083
720575940628081541,426.112,240.576,141.64,426.288,240.688,141.68,LC4,blue,dend[48],0.5905960528281514
720575940617266722,434.176,233.648,140.64,434.256,233.472,140.6,LC4,blue,dend[1579],0.08755955246123516
720575940628081541,426.032,241.76,140.12,425.888,241.872,140.08,LC4,blue,dend[54],0.8200085963490209
720575940617266722,433.76,233.584,140.28,433.84,233.392,140.36,LC4,blue,dend[1577],0.9066406689075172
720575940617266722,433.28,233.296,139.64,433.104,233.168,139.68,LC4,blue,dend[1578],0.49956713782399353
720575940617266722,433.024,231.344,141.6,433.152,231.52,141.68,LC4,blue,dend[1614],0.43230305563405186
720575940617266722,435.792,239.632,142.72,435.744,239.408,142.72,LC4,blue,dend[94],0.8381023392322412
720575940617266722,430.384,230.4,140.68,430.32,230.256,140.72,LC4,blue,dend[1615],0.6097521089582667
720575940630851036,431.264,242.112,138.92,431.488,242.128,138.96,LC4,blue,dend[34],0.8885358806792089
720575940628699560,431.936,233.056,142.96,431.872,233.328,142.96,LC4,blue,dend[1529],0.7301606461431115
720575940628699560,431.552,233.968,141.04,431.648,234.096,141.12,LC4,blue,dend[1514],0.6246598686115731
720575940628699560,431.872,232.96,142.24,431.968,232.928,142.2,LC4,blue,dend[1529],0.4034437591995536
720575940613256863,427.264,239.728,142.48,427.216,239.76,142.64,LC4,blue,dend[5],0.6497442631829309
720575940613256863,426.48,239.136,143.04,426.528,239.216,142.92,LC4,blue,dend[5],0.5541418107750327
720575940613256863,427.024,239.824,142.96,427.12,239.888,142.84,LC4,blue,dend[5],0.7126198956049814
720575940628699560,430.848,235.024,139.32,430.768,235.12,139.32,LC4,blue,dend[1515],0.9096842001824913
720575940630998339,428.64,242.976,141.2,428.624,242.832,141.04,LC4,blue,dend[24],0.8377208998872063
720575940630998339,429.616,233.472,140.44,429.408,233.408,140.48,LC4,blue,dend[62],0.031104861150672857
720575940630998339,429.152,233.344,141.36,429.088,233.6,141.32,LC4,blue,dend[122],0.3998314081988312
720575940630998339,429.728,233.36,141.48,429.76,233.584,141.48,LC4,blue,dend[122],0.7077276342901655
720575940630998339,434.528,234.128,142.08,434.576,233.92,142.12,LC4,blue,dend[1573],0.3194679113048392
720575940630998339,434.912,233.92,139.6,434.8,233.712,139.56,LC4,blue,dend[1581],0.663268961399796
720575940630998339,427.44,244.128,141.24,427.248,243.984,141.28,LC4,blue,dend[40],0.625089081079762
720575940630998339,429.856,233.392,141.8,429.904,233.584,141.72,LC4,blue,dend[122],0.8007430396746399
720575940625038090,431.968,242.0,138.88,431.904,242.096,139.04,LC4,blue,dend[34],0.42209225151863744
720575940625038090,428.464,240.048,140.92,428.432,239.872,140.96,LC4,blue,dend[20],0.6201550538887287
720575940620795728,435.824,232.416,139.68,435.648,232.496,139.68,LC4,blue,dend[1584],0.33916068209508604
720575940625038090,429.328,236.992,139.16,429.28,236.816,139.12,LC4,blue,dend[59],0.4043411213487689
720575940625038090,428.416,240.0,141.08,428.384,239.888,141.0,LC4,blue,dend[20],0.5566779854757856
720575940625038090,428.192,240.416,141.12,428.0,240.448,141.08,LC4,blue,dend[21],0.25271020093196006
720575940625038090,431.632,242.096,138.76,431.52,242.128,138.92,LC4,blue,dend[34],0.8732986707024369
720575940625038090,429.008,240.688,140.0,428.976,240.864,140.0,LC4,blue,dend[22],0.8969105580488853
720575940620795728,430.16,230.48,141.16,430.048,230.368,141.12,LC4,blue,dend[1615],0.7593773567564834
720575940622531767,434.976,238.128,141.52,434.816,237.936,141.6,LC4,blue,dend[112],0.6344490812716762
720575940622531767,435.504,238.672,142.2,435.328,238.864,142.28,LC4,blue,dend[92],0.5245183998393735
720575940622531767,428.528,242.032,143.2,428.656,242.224,143.2,LC4,blue,dend[43],0.8820115276195972
720575940614572742,429.28,236.272,140.84,429.408,236.192,140.96,LC4,blue,dend[58],0.6560168450860356
720575940614572742,427.68,239.632,140.08,427.808,239.728,140.0,LC4,blue,dend[17],0.8657939842464464
720575940614572742,428.464,240.976,140.68,428.528,240.976,140.84,LC4,blue,dend[22],0.3157374395585686
720575940618807105,428.112,234.704,143.16,427.984,234.528,143.2,LC4,blue,dend[64],0.740340397786594
720575940614572742,428.432,242.032,140.56,428.496,242.176,140.68,LC4,blue,dend[23],0.8818572668668508
720575940618807105,428.816,242.656,142.56,428.624,242.56,142.6,LC4,blue,dend[43],0.6343544495870188
720575940614572742,428.112,235.648,140.36,428.16,235.488,140.28,LC4,blue,dend[58],0.017152786171754728
720575940614572742,428.32,240.752,140.72,428.288,240.768,140.88,LC4,blue,dend[21],0.5339940419329487
720575940618807105,428.944,242.64,142.76,428.8,242.576,142.92,LC4,blue,dend[43],0.785452819946561
720575940614572742,428.096,239.744,140.84,428.064,239.872,140.96,LC4,blue,dend[19],1.0
720575940614572742,427.328,235.312,141.04,427.296,235.184,140.96,LC4,blue,dend[121],0.9106523078055043
720575940618807105,433.392,239.952,141.2,433.472,239.856,141.32,LC4,blue,dend[110],0.6408345945563846
720575940614572742,428.592,240.88,140.56,428.816,240.928,140.6,LC4,blue,dend[22],0.5336989380472694
720575940614572742,429.104,236.752,139.6,429.216,236.592,139.52,LC4,blue,dend[59],0.3058720699631949
720575940614572742,429.008,235.488,140.8,429.152,235.408,140.72,LC4,blue,dend[58],0.29231644532931894
720575940618807105,428.496,234.272,141.72,428.272,234.272,141.64,LC4,blue,dend[64],0.14346706570314655
720575940618807105,430.832,235.056,140.48,430.88,235.2,140.36,LC4,blue,dend[1515],0.3881118672066556
720575940614572742,427.552,239.712,140.24,427.376,239.792,140.28,LC4,blue,dend[16],1.0
720575940618807105,432.976,240.064,141.24,433.008,239.888,141.4,LC4,blue,dend[110],0.963724375981809
720575940618807105,427.424,243.84,141.2,427.28,243.776,141.28,LC4,blue,dend[40],0.5834735762543348
720575940618807105,433.968,234.768,138.36,434.16,234.688,138.4,LC4,blue,dend[1586],0.9647144624711066
720575940615127227,433.296,237.44,141.4,433.328,237.552,141.56,LC4,blue,dend[117],0.9884229331773873
720575940615127227,429.536,242.736,140.92,429.504,242.592,141.0,LC4,blue,dend[25],0.5932343052795377
720575940615127227,428.576,243.136,140.84,428.48,242.944,140.88,LC4,blue,dend[24],1.0
720575940615127227,435.248,233.184,138.6,435.072,233.28,138.52,LC4,blue,dend[1602],0.5739018467394844
720575940625934973,434.848,241.184,142.32,434.976,241.28,142.2,LC4,blue,dend[108],0.798595794439842
720575940618723749,429.92,233.776,141.36,429.904,233.6,141.44,LC4,blue,dend[122],0.7629199252130515
720575940618723749,433.936,240.016,141.4,433.792,239.984,141.28,LC4,blue,dend[110],0.41438525942801546
720575940618723749,434.64,239.76,140.24,434.624,239.984,140.28,LC4,blue,dend[107],1.0
720575940618723749,436.8,239.84,138.84,436.64,239.776,138.76,LC4,blue,dend[109],0.6087063506063657
720575940618723749,429.616,233.808,141.4,429.584,233.616,141.44,LC4,blue,dend[122],0.6259650022630004
720575940625934973,432.016,242.8,140.76,431.92,242.624,140.76,LC4,blue,dend[30],1.0
720575940618723749,436.368,240.08,139.28,436.208,240.176,139.28,LC4,blue,dend[109],0.43961710053433495
720575940625934973,434.32,234.304,140.2,434.064,234.32,140.0,LC4,blue,dend[1580],0.2354010957083684
720575940618723749,434.336,239.872,141.36,434.528,239.888,141.32,LC4,blue,dend[106],0.576129556312708
720575940618723749,430.48,234.448,139.24,430.368,234.56,139.16,LC4,blue,dend[1527],0.8674905945055837
720575940613260959,429.712,235.376,143.76,429.504,235.36,143.8,LC4,blue,dend[67],0.21895458139373974
720575940613260959,433.504,241.2,143.52,433.28,241.184,143.52,LC4,blue,dend[115],0.9325483770132537
720575940613260959,435.792,237.568,146.4,435.664,237.456,146.52,LC4,blue,dend[1553],0.9734410148221948
720575940613260959,427.232,234.208,147.76,427.376,234.288,147.88,LC4,blue,dend[787],1.0
720575940613260959,435.456,237.744,146.96,435.44,237.536,146.88,LC4,blue,dend[1553],0.9736157736579469
720575940613260959,435.008,239.28,143.68,435.232,239.328,143.64,LC4,blue,dend[104],0.5905885867683158
720575940613260959,427.056,234.352,148.04,427.28,234.352,148.04,LC4,blue,dend[788],0.6783940517234409
720575940638456227,426.048,239.936,147.88,425.984,239.888,148.0,LC4,blue,dend[1285],0.9697312151262878
720575940638456227,434.288,240.176,146.92,434.304,240.24,147.08,LC4,blue,dend[77],0.31054187339320855
720575940638456227,427.424,240.288,144.28,427.28,240.4,144.2,LC4,blue,dend[7],0.45238078708695506
720575940638456227,433.184,239.952,147.32,433.024,240.032,147.2,LC4,blue,dend[76],0.43408389875809855
720575940638456227,427.264,240.32,144.6,427.152,240.496,144.56,LC4,blue,dend[7],0.6967490654507984
720575940638456227,426.176,240.384,147.88,426.048,240.384,148.0,LC4,blue,dend[1285],0.9595905459664508
720575940638456227,433.792,239.92,146.92,433.824,240.08,146.8,LC4,blue,dend[76],0.9274658051806178
720575940638456227,427.424,240.256,145.16,427.248,240.48,145.2,LC4,blue,dend[13],0.657147572760473
720575940622939836,431.984,240.08,147.04,432.144,240.192,146.96,LC4,blue,dend[81],0.6124691018624179
720575940622939836,428.448,234.544,145.04,428.64,234.592,145.0,LC4,blue,dend[66],0.9490981876408378
720575940622939836,431.136,240.048,145.08,431.216,239.84,145.2,LC4,blue,dend[85],0.543127987465525
720575940618676440,428.288,243.376,144.6,428.08,243.264,144.6,LC4,blue,dend[46],0.19404513049556982
720575940618676440,428.656,243.28,144.32,428.736,243.168,144.16,LC4,blue,dend[45],0.9256136278819252
720575940618676440,432.336,233.088,144.12,432.176,232.96,144.12,LC4,blue,dend[1564],0.05223622229807243
720575940628462340,427.76,235.536,143.72,427.856,235.376,143.84,LC4,blue,dend[120],0.6148587043456962
720575940615462587,435.216,240.624,146.84,435.44,240.608,146.88,LC4,blue,dend[78],0.6045599660130224
720575940615462587,433.536,231.536,145.2,433.44,231.344,145.2,LC4,blue,dend[1567],0.12136625473133074
720575940615462587,428.656,235.344,144.24,428.832,235.312,144.16,LC4,blue,dend[65],0.8908508853477096
720575940615462587,432.016,231.952,145.96,432.144,231.744,145.92,LC4,blue,dend[1565],0.9216855828498557
720575940615462587,434.032,239.84,146.04,434.048,239.696,146.2,LC4,blue,dend[80],1.0
720575940615462587,428.336,234.96,144.28,428.368,234.864,144.08,LC4,blue,dend[65],0.4340621719180427
720575940615462587,428.512,234.864,143.6,428.528,234.688,143.68,LC4,blue,dend[65],0.4614458583728603
720575940615462587,431.968,240.512,146.92,432.08,240.352,147.0,LC4,blue,dend[81],0.8761118613782501
720575940634517856,431.024,238.144,144.12,430.96,237.984,144.16,LC4,blue,dend[68],0.9038968274582484
720575940624017251,432.064,239.232,144.52,431.872,239.136,144.52,LC4,blue,dend[71],0.534909496416273
720575940624017251,432.304,238.848,144.64,432.192,238.768,144.8,LC4,blue,dend[71],0.5389876115790445
720575940624017251,432.08,239.232,144.68,431.936,239.216,144.76,LC4,blue,dend[71],0.6430297710776385
720575940626605200,429.296,236.24,144.24,429.472,236.112,144.28,LC4,blue,dend[67],0.6242568315274198
720575940626605200,431.024,239.296,145.64,431.216,239.392,145.64,LC4,blue,dend[83],0.9224416692362537
720575940620903551,437.024,239.152,144.64,437.2,239.264,144.64,LC4,blue,dend[100],0.24695892727413654
720575940620903551,432.864,235.232,143.4,432.816,235.04,143.4,LC4,blue,dend[1561],0.897593628791103
720575940620903551,432.608,235.248,143.4,432.672,235.056,143.44,LC4,blue,dend[1561],0.8180819014586302
720575940620903551,435.456,240.224,145.2,435.664,240.304,145.2,LC4,blue,dend[102],1.0
720575940620903551,433.984,231.232,145.12,433.888,231.072,145.16,LC4,blue,dend[1567],0.3450497895754071
720575940620903551,432.928,231.968,146.56,432.848,232.144,146.44,LC4,blue,dend[1568],0.8529163988066247
720575940620903551,432.896,236.56,144.92,433.12,236.592,144.96,LC4,blue,dend[1560],0.8344039876584627
720575940620903551,433.888,239.424,146.32,433.984,239.6,146.32,LC4,blue,dend[80],0.9839275689969944
720575940620903551,434.176,231.088,145.16,434.08,230.944,145.16,LC4,blue,dend[1567],0.44051522748672717
720575940610522009,431.152,233.648,143.36,431.296,233.52,143.36,LC4,blue,dend[1529],1.0
720575940610522009,436.576,232.992,144.84,436.528,232.784,144.84,LC4,blue,dend[1576],0.9030887663374381
720575940610522009,436.016,240.304,144.68,436.112,240.16,144.72,LC4,blue,dend[98],0.5062090756153012
720575940612518055,430.048,242.0,143.84,430.112,241.904,143.72,LC4,blue,dend[44],0.8494720516024815
720575940612518055,436.832,239.072,146.16,436.736,238.928,146.04,LC4,blue,dend[101],0.9508598173312285
720575940612518055,432.112,240.256,146.64,432.032,240.192,146.48,LC4,blue,dend[74],1.0
720575940612518055,430.48,240.496,146.72,430.416,240.272,146.52,LC4,blue,dend[84],0.9099752871248546
720575940612518055,426.336,244.496,145.64,426.432,244.32,145.72,LC4,blue,dend[46],0.9501269655506813
720575940612518055,432.16,240.224,146.76,432.176,240.112,146.88,LC4,blue,dend[81],0.4567857967880947
720575940612518055,432.448,240.24,146.96,432.48,240.048,146.96,LC4,blue,dend[76],0.08112195778205923
720575940615575007,436.272,236.864,146.52,436.176,236.928,146.64,LC4,blue,dend[1559],0.8446568437833544
720575940615575007,432.416,232.064,144.56,432.416,232.288,144.6,LC4,blue,dend[1564],0.42966474496262014
720575940633580384,429.824,243.36,145.04,429.792,243.184,144.92,LC4,blue,dend[47],0.8913517042368184
720575940615575007,433.888,239.648,143.48,433.776,239.488,143.52,LC4,blue,dend[113],0.9645500444904016
720575940615575007,434.112,236.368,145.6,434.064,236.528,145.64,LC4,blue,dend[1553],0.2976024337585002
720575940615575007,433.248,235.232,146.8,433.184,235.056,146.76,LC4,blue,dend[1535],0.4771126158552324
720575940633580384,433.488,231.888,146.08,433.376,231.792,146.0,LC4,blue,dend[1568],0.3696990350723338
720575940615575007,433.408,232.064,144.84,433.456,231.904,144.88,LC4,blue,dend[1564],0.8330862460531405
720575940622108001,426.96,234.592,143.68,427.136,234.512,143.76,LC4,blue,dend[64],0.9412716877244383
720575940615575007,432.16,232.096,144.52,432.304,232.256,144.56,LC4,blue,dend[1564],0.4075374327226536
720575940615575007,434.944,236.768,146.04,434.896,236.896,146.2,LC4,blue,dend[1553],0.647775030865356
720575940615575007,434.56,236.528,145.96,434.416,236.656,146.0,LC4,blue,dend[1553],0.45900121920131093
720575940615575007,432.752,235.088,147.6,432.912,235.184,147.68,LC4,blue,dend[1537],1.0
720575940633580384,427.456,243.76,144.6,427.584,243.632,144.68,LC4,blue,dend[46],0.37988970139585876
720575940615575007,434.128,237.2,143.44,433.984,237.072,143.48,LC4,blue,dend[116],0.6485694026032941
720575940605598892,433.408,236.496,145.48,433.28,236.32,145.52,LC4,blue,dend[1552],1.0
720575940605598892,434.208,236.784,145.56,434.256,236.64,145.64,LC4,blue,dend[1553],0.36423171339414323
720575940605598892,434.112,236.816,146.0,434.304,236.768,146.04,LC4,blue,dend[1553],0.44945514114033014
720575940632769180,429.584,232.976,145.32,429.536,233.168,145.4,LC4,blue,dend[801],0.9789287732943623
720575940632769180,427.008,242.032,145.2,427.152,242.016,145.32,LC4,blue,dend[9],0.9504185636894055
720575940632769180,426.8,241.728,145.08,426.96,241.552,145.04,LC4,blue,dend[9],0.43910631108703163
720575940631338271,432.192,239.424,145.08,432.208,239.216,145.08,LC4,blue,dend[71],0.7548047045698781
720575940631338271,437.504,238.688,143.76,437.584,238.784,143.92,LC4,blue,dend[100],0.9280559333392984
720575940631338271,432.272,239.52,145.72,432.288,239.296,145.76,LC4,blue,dend[71],1.0
720575940631338271,433.376,233.952,146.6,433.552,234.0,146.64,LC4,blue,dend[1536],0.27859538580526433
720575940631338271,436.592,239.648,143.48,436.608,239.824,143.56,LC4,blue,dend[97],0.8616343223424585
720575940631338271,435.136,239.36,143.48,435.28,239.408,143.56,LC4,blue,dend[96],1.0
720575940631338271,432.848,240.128,143.64,432.88,240.336,143.72,LC4,blue,dend[115],0.551065536329855
720575940631338271,432.224,239.392,145.32,432.208,239.168,145.32,LC4,blue,dend[71],0.8332891145550906
720575940631338271,432.048,234.624,147.96,432.16,234.608,148.08,LC4,blue,dend[1539],0.7694253007174396
720575940631338271,431.184,239.792,145.52,431.184,239.6,145.44,LC4,blue,dend[85],0.17002614109476372
720575940631338271,427.504,241.424,147.24,427.264,241.552,147.32,LC4,blue,dend[12],0.8395140016279938
720575940611134833,432.928,235.216,147.96,432.96,235.056,147.84,LC4,blue,dend[1537],1.0
720575940611134833,433.984,239.584,146.64,434.064,239.584,146.48,LC4,blue,dend[80],0.8757826694966558
720575940611134833,431.344,236.112,146.4,431.408,236.112,146.28,LC4,blue,dend[1534],0.9044508317066252
720575940611134833,428.208,235.664,144.12,428.128,235.536,144.0,LC4,blue,dend[120],0.9228190841024173
720575940624111763,428.896,234.48,143.64,428.688,234.64,143.68,LC4,blue,dend[65],0.5789802304737182
720575940611134833,426.88,233.68,147.16,427.04,233.84,147.16,LC4,blue,dend[786],0.551116646844357
720575940624111763,428.4,234.096,143.56,428.32,234.304,143.48,LC4,blue,dend[64],0.8293268177168268
720575940624111763,426.736,234.512,146.4,426.768,234.656,146.48,LC4,blue,dend[784],0.5690286513408047
720575940611134833,432.56,235.472,147.44,432.688,235.632,147.48,LC4,blue,dend[1551],0.7406673744474674
720575940628064260,431.552,238.016,144.64,431.536,238.048,144.44,LC4,blue,dend[68],1.0
720575940628064260,433.04,240.0,146.76,433.056,239.872,146.92,LC4,blue,dend[76],0.4180534700298996
720575940628064260,433.728,237.2,143.6,433.904,237.088,143.56,LC4,blue,dend[116],0.631053787747583
720575940628064260,426.496,243.936,145.48,426.576,244.128,145.56,LC4,blue,dend[46],0.8588993146856373
720575940628064260,427.152,241.376,147.0,427.312,241.536,147.04,LC4,blue,dend[12],0.7133528667770704
720575940628064260,427.248,237.872,145.96,427.056,238.0,145.92,LC4,blue,dend[777],0.9942673435581932
720575940628064260,431.248,238.048,144.76,431.12,238.208,144.72,LC4,blue,dend[118],0.12880478857505256
720575940628064260,432.912,237.392,143.48,432.704,237.44,143.44,LC4,blue,dend[86],0.7899194123759004
720575940628064260,432.704,239.552,146.76,432.704,239.712,146.88,LC4,blue,dend[76],0.17078667202000136
720575940628064260,432.736,237.504,143.8,432.544,237.456,143.72,LC4,blue,dend[69],1.0
720575940628064260,432.368,239.264,146.52,432.32,239.504,146.48,LC4,blue,dend[73],0.653474835471738
720575940628064260,432.288,239.12,146.28,432.368,239.28,146.16,LC4,blue,dend[73],0.3411110214470229
720575940628064260,430.224,240.112,146.52,430.416,240.224,146.52,LC4,blue,dend[84],0.8928713819276135
720575940628064260,426.928,241.728,146.24,427.056,241.6,146.2,LC4,blue,dend[12],0.38967277829397184
720575940628064260,427.056,243.664,145.12,427.216,243.824,145.12,LC4,blue,dend[46],0.5786273283862154
720575940628064260,429.632,237.248,145.44,429.584,237.168,145.56,LC4,blue,dend[119],0.6225003926723951
720575940626626895,428.912,237.792,145.6,429.072,237.632,145.64,LC4,blue,dend[119],0.954937555532242
720575940626626895,428.8,237.872,144.2,428.912,238.016,144.28,LC4,blue,dend[118],0.9631040702534545
720575940626626895,432.32,231.952,146.04,432.208,231.76,145.96,LC4,blue,dend[1565],0.9014295538567333
720575940626626895,426.928,239.008,148.2,427.12,238.96,148.32,LC4,blue,dend[1317],0.8178332570555616
720575940626626895,432.56,232.224,146.2,432.736,232.192,146.2,LC4,blue,dend[1568],0.7810672632986924
720575940616713355,428.992,235.216,144.4,428.976,235.312,144.24,LC4,blue,dend[65],1.0
720575940617176321,428.256,243.44,143.8,428.336,243.248,143.84,LC4,blue,dend[45],0.7819245673505321
720575940616713355,428.784,234.912,144.44,428.72,234.8,144.32,LC4,blue,dend[66],0.35464871323571573
720575940617176321,432.512,235.44,146.48,432.4,235.392,146.36,LC4,blue,dend[1534],0.25419398497641577
720575940616713355,428.048,234.688,148.2,428.112,234.512,148.16,LC4,blue,dend[789],0.25848920184907576
720575940617176321,427.856,243.536,144.68,427.76,243.472,144.6,LC4,blue,dend[46],0.3002459591525664
720575940617176321,433.36,234.912,145.76,433.168,234.784,145.84,LC4,blue,dend[1533],0.6307562269752277
720575940617176321,427.712,243.552,144.88,427.568,243.584,144.8,LC4,blue,dend[46],0.3999544788439266
720575940617176321,426.912,241.568,147.4,426.88,241.424,147.32,LC4,blue,dend[12],0.9268592178096356
720575940616713355,427.936,234.672,148.16,427.936,234.448,148.08,LC4,blue,dend[789],0.18258170810790794
720575940616713355,434.128,236.768,143.64,434.112,236.992,143.6,LC4,blue,dend[116],0.7628584722306351
720575940617176321,432.624,235.36,146.44,432.56,235.2,146.36,LC4,blue,dend[1533],0.891355690655452
720575940616713355,433.152,236.544,145.24,433.184,236.352,145.2,LC4,blue,dend[1560],0.38947582406506376
720575940616713355,436.368,231.616,143.52,436.48,231.808,143.48,LC4,blue,dend[1576],0.26797844078276073
720575940616713355,428.688,234.912,144.6,428.736,234.752,144.56,LC4,blue,dend[66],0.5411483901413747
720575940649229433,426.256,238.784,145.44,426.112,238.656,145.48,LC4,blue,dend[777],0.5732465389758824
720575940649229433,427.616,239.68,143.8,427.472,239.632,143.72,LC4,blue,dend[5],0.9686228835338987
720575940649229433,426.08,238.896,145.8,425.904,238.768,145.76,LC4,blue,dend[777],0.4732999194124666
720575940629753807,432.512,235.2,144.12,432.688,235.136,144.2,LC4,blue,dend[1532],0.32913394791917433
720575940629753807,426.304,234.496,147.52,426.368,234.672,147.48,LC4,blue,dend[785],0.3677456706843271
720575940629753807,431.152,233.728,145.0,431.328,233.76,145.0,LC4,blue,dend[1563],0.8834908052544487
720575940618312606,426.576,234.816,146.36,426.656,234.672,146.44,LC4,blue,dend[784],0.47440754151201325
720575940618312606,426.144,235.2,146.48,426.016,235.28,146.48,LC4,blue,dend[802],0.23805038658417607
720575940618312606,430.752,239.856,146.4,430.528,239.952,146.36,LC4,blue,dend[84],0.6849648382660366
720575940638496720,432.144,234.304,148.04,432.16,234.512,148.12,LC4,blue,dend[1539],0.8652058314538055
720575940638496720,434.848,232.432,148.12,435.04,232.384,148.04,LC4,blue,dend[1547],1.0
720575940638496720,426.224,241.312,144.36,426.192,241.168,144.4,LC4,blue,dend[14],0.43306376790837386
720575940615053580,429.824,236.352,145.04,429.728,236.4,144.92,LC4,blue,dend[67],0.9270633434854237
720575940615053580,429.584,237.296,145.8,429.424,237.392,145.68,LC4,blue,dend[119],0.7849415280768054
720575940619397542,436.896,238.592,145.88,436.944,238.8,145.92,LC4,blue,dend[101],0.851655300555919
720575940619397542,431.28,236.224,146.08,431.344,236.128,146.24,LC4,blue,dend[1534],0.9385441752009424
720575940619397542,436.752,238.672,145.8,436.736,238.88,145.92,LC4,blue,dend[101],0.8729266052133559
720575940619397542,435.44,237.648,146.48,435.568,237.52,146.6,LC4,blue,dend[1553],0.967264531398168
720575940619397542,426.96,241.616,145.48,427.04,241.744,145.44,LC4,blue,dend[9],0.7686056412039738
720575940619397542,432.624,233.68,144.12,432.528,233.808,144.04,LC4,blue,dend[1530],1.0
720575940619397542,429.104,243.088,144.2,428.992,243.248,144.16,LC4,blue,dend[47],0.22616476500951843
720575940619397542,434.336,237.216,146.2,434.416,237.024,146.12,LC4,blue,dend[1553],0.5249473312655555
720575940627519107,429.536,242.016,143.56,429.632,241.856,143.48,LC4,blue,dend[44],0.6084027208549944
720575940627519107,430.496,240.256,146.28,430.496,240.176,146.44,LC4,blue,dend[84],0.8116366530061669
720575940627519107,428.8,242.352,143.6,428.64,242.416,143.48,LC4,blue,dend[43],1.0
720575940627519107,426.448,234.912,147.92,426.368,234.784,147.96,LC4,blue,dend[785],0.776835630843235
720575940627519107,430.48,232.832,143.44,430.48,232.912,143.24,LC4,blue,dend[1569],0.7775309247544133
720575940640612480,432.88,234.464,146.08,432.944,234.672,146.08,LC4,blue,dend[1533],0.8606952375541992
720575940640612480,433.344,239.072,143.4,433.52,239.072,143.32,LC4,blue,dend[113],0.497153677025103
720575940640612480,431.6,235.84,146.52,431.664,236.0,146.4,LC4,blue,dend[1534],0.7547919343505678
720575940640612480,432.176,234.416,145.96,432.192,234.544,145.88,LC4,blue,dend[1533],0.6981524077663397
720575940640612480,433.312,239.456,143.52,433.472,239.584,143.44,LC4,blue,dend[113],1.0
720575940626916936,432.608,234.272,147.84,432.704,234.432,147.96,LC4,blue,dend[1538],0.9612470017505914
720575940626916936,433.376,234.768,147.56,433.184,234.848,147.52,LC4,blue,dend[1537],0.5530044261502822
720575940630484495,428.736,242.048,143.52,428.768,242.112,143.32,LC4,blue,dend[44],0.14110258016004215
720575940630484495,432.704,232.288,146.6,432.8,232.224,146.44,LC4,blue,dend[1568],0.8970868815281954
720575940630484495,431.92,239.232,145.16,432.08,239.088,145.2,LC4,blue,dend[71],0.7724025811413883
720575940630484495,428.192,243.04,143.52,428.4,243.104,143.52,LC4,blue,dend[45],0.44203534643055853
720575940630484495,431.552,238.96,144.52,431.744,238.992,144.44,LC4,blue,dend[71],0.47324097134122817
720575940630484495,431.504,239.504,145.56,431.424,239.344,145.64,LC4,blue,dend[83],0.7139900178532149
720575940630484495,432.0,239.568,146.12,432.208,239.44,146.12,LC4,blue,dend[73],0.4403367442485877
720575940630484495,435.04,233.136,145.68,435.024,233.328,145.72,LC4,blue,dend[1536],0.9255031104247127
720575940617026260,431.952,234.608,148.32,432.064,234.592,148.16,LC4,blue,dend[1539],0.9609850739906629
720575940617026260,432.608,232.528,144.4,432.448,232.464,144.52,LC4,blue,dend[1564],0.3610292827333711
720575940617026260,434.528,239.36,144.2,434.368,239.328,144.12,LC4,blue,dend[114],0.6901043565968847
720575940617026260,436.32,231.92,144.24,436.352,232.128,144.2,LC4,blue,dend[1576],0.5687233067510866
720575940617026260,432.32,232.688,145.2,432.432,232.496,145.2,LC4,blue,dend[1564],0.5055338771519279
720575940617026260,432.768,240.928,143.68,432.96,240.864,143.72,LC4,blue,dend[115],0.8139061814212981
720575940617026260,433.904,237.84,148.36,434.032,237.984,148.48,LC4,blue,dend[1555],0.9666631196323482
720575940628454522,426.08,234.848,148.16,426.304,234.816,148.04,LC4,blue,dend[785],0.8670733549991225
720575940618002644,434.176,239.36,144.24,434.336,239.344,144.08,LC4,blue,dend[114],0.6538348220608127
720575940618002644,432.608,240.4,143.88,432.8,240.416,143.8,LC4,blue,dend[115],0.6048033761379151
720575940618002644,435.76,240.928,146.84,435.536,240.88,146.84,LC4,blue,dend[78],0.839384114266053
720575940618002644,426.576,244.448,145.96,426.512,244.32,145.84,LC4,blue,dend[46],0.9532156378190922
720575940612580977,432.112,240.528,147.16,432.112,240.4,147.0,LC4,blue,dend[81],0.9142203257017437
720575940612580977,428.528,234.672,148.44,428.448,234.528,148.36,LC4,blue,dend[789],0.42386443080920627
720575940612580977,431.936,234.752,143.44,431.984,234.528,143.52,LC4,blue,dend[1530],0.715895818317057
720575940612580977,429.536,235.744,144.64,429.456,235.728,144.48,LC4,blue,dend[67],0.4803453848425825
720575940617266722,429.6,234.624,148.12,429.696,234.48,148.24,LC4,blue,dend[800],0.9147591952463223
720575940617266722,434.784,239.824,144.16,434.592,239.76,144.04,LC4,blue,dend[114],0.9119789860475479
720575940617266722,432.752,235.232,145.92,432.752,235.04,145.96,LC4,blue,dend[1533],0.6204375050245478
720575940617266722,435.456,239.68,143.6,435.504,239.52,143.56,LC4,blue,dend[96],1.0
720575940617266722,432.88,239.2,145.56,432.704,239.088,145.56,LC4,blue,dend[72],1.0
720575940617266722,432.432,238.752,145.96,432.4,238.992,145.92,LC4,blue,dend[72],0.8137860342880957
720575940617266722,429.536,234.672,148.44,429.616,234.528,148.48,LC4,blue,dend[800],0.7684980018665224
720575940617266722,432.432,234.656,144.56,432.256,234.768,144.56,LC4,blue,dend[1532],0.3584350840066444
720575940617266722,431.936,235.728,146.24,431.984,235.824,146.36,LC4,blue,dend[1534],0.567387941747091
720575940617266722,432.896,235.088,144.2,432.72,235.168,144.2,LC4,blue,dend[1532],0.34060221479325015
720575940630851036,431.136,239.664,145.12,431.2,239.792,145.2,LC4,blue,dend[85],0.4957730491715311
720575940630851036,431.152,239.472,145.24,431.168,239.6,145.36,LC4,blue,dend[85],0.2154685260616904
720575940630851036,432.944,239.84,143.6,433.168,239.824,143.6,LC4,blue,dend[115],0.2429231087893188
720575940628699560,435.616,240.56,145.36,435.68,240.432,145.24,LC4,blue,dend[102],1.0
720575940613256863,427.232,239.6,143.64,427.36,239.744,143.72,LC4,blue,dend[5],0.9706272934940539
720575940613256863,427.344,233.936,146.44,427.504,234.064,146.52,LC4,blue,dend[801],0.135847784914061
720575940630998339,428.64,233.568,145.8,428.656,233.536,146.0,LC4,blue,dend[801],0.5899240671048137
720575940630998339,431.568,240.304,145.16,431.456,240.064,145.16,LC4,blue,dend[85],0.866607771402363
720575940630998339,433.248,233.84,148.28,433.264,234.064,148.32,LC4,blue,dend[1540],0.32891990395449633
720575940630998339,434.752,233.664,145.88,434.768,233.504,146.0,LC4,blue,dend[1536],0.7806243460894691
720575940620795728,426.0,238.832,145.36,426.096,238.656,145.48,LC4,blue,dend[777],0.5678105439442548
720575940625038090,426.304,240.976,144.36,426.272,241.136,144.44,LC4,blue,dend[14],0.39055712961692923
720575940625038090,426.16,240.976,144.6,426.144,241.168,144.52,LC4,blue,dend[14],0.454823371035673
720575940620795728,427.76,239.216,143.68,427.76,239.424,143.64,LC4,blue,dend[6],0.587042842067489
720575940625038090,426.368,240.96,144.4,426.384,241.104,144.48,LC4,blue,dend[14],0.3328258214357612
720575940622531767,427.52,243.456,144.4,427.68,243.536,144.52,LC4,blue,dend[46],0.31332851987874233
720575940622531767,428.048,243.024,144.24,428.192,243.168,144.28,LC4,blue,dend[46],0.09340506077020065
720575940618807105,427.472,241.728,145.84,427.408,241.792,145.68,LC4,blue,dend[9],0.9759987074207888
720575940618807105,427.808,241.824,145.76,427.728,241.888,145.64,LC4,blue,dend[11],1.0
720575940618807105,426.272,244.304,145.88,426.48,244.336,145.84,LC4,blue,dend[46],0.9631885840144628
720575940618807105,427.296,241.552,145.96,427.104,241.616,145.96,LC4,blue,dend[12],0.27592981419397505
720575940618807105,426.288,235.616,146.28,426.304,235.424,146.36,LC4,blue,dend[802],0.6907973590005444
720575940615127227,429.232,238.144,144.24,429.184,237.968,144.28,LC4,blue,dend[118],0.8567449019128817
720575940615127227,426.976,238.32,146.2,426.96,238.128,146.12,LC4,blue,dend[777],0.9322972703226561
720575940618723749,429.024,243.296,144.56,429.136,243.344,144.48,LC4,blue,dend[47],0.40457234701995426
720575940625934973,433.008,231.728,145.76,433.152,231.696,145.68,LC4,blue,dend[1568],0.2250342381644212
720575940625934973,432.912,231.632,145.72,432.992,231.632,145.56,LC4,blue,dend[1564],0.9829251204875257
720575940625934973,429.376,237.648,145.56,429.328,237.472,145.6,LC4,blue,dend[119],0.8152012200547766
720575940625934973,430.448,237.184,143.68,430.304,237.04,143.84,LC4,blue,dend[68],0.396176519806743
720575940618723749,427.328,242.192,145.32,427.232,242.016,145.32,LC4,blue,dend[9],0.9658135701022532
720575940618723749,428.0,233.936,148.16,428.144,234.08,148.12,LC4,blue,dend[789],0.29649794884482805
720575940618723749,427.472,242.208,145.44,427.456,242.048,145.44,LC4,blue,dend[9],1.0
720575940625934973,432.256,232.224,144.92,432.48,232.288,144.88,LC4,blue,dend[1564],0.5079820721010788
720575940625934973,430.336,237.968,144.32,430.4,238.128,144.4,LC4,blue,dend[118],0.3966614796879237
720575940618723749,428.928,233.6,145.8,429.04,233.472,145.88,LC4,blue,dend[801],0.7156693848891778
720575940625934973,432.224,231.744,145.56,432.192,231.568,145.52,LC4,blue,dend[1565],0.6511890064607118
720575940613260959,435.664,237.072,148.76,435.68,237.024,148.64,LC4,blue,dend[1555],0.23946395371542686
720575940613260959,435.904,237.2,148.76,436.064,237.232,148.64,LC4,blue,dend[1554],0.9735074416938418
720575940638456227,428.544,234.128,152.8,428.672,234.208,152.72,LC4,blue,dend[1360],0.9831856310651129
720575940622939836,427.536,238.016,148.76,427.536,238.096,148.6,LC4,blue,dend[1317],1.0
720575940622939836,427.824,238.096,148.88,427.952,238.24,148.88,LC4,blue,dend[1318],0.5748422539172795
720575940622939836,427.632,237.984,148.64,427.52,237.968,148.6,LC4,blue,dend[1319],0.13366791325789706
720575940618676440,428.944,234.784,151.96,428.976,234.912,152.12,LC4,blue,dend[1357],0.6053739878091385
720575940618676440,433.472,231.184,148.88,433.312,231.28,148.92,LC4,blue,dend[797],0.9518521560855835
720575940618676440,434.688,231.44,150.48,434.736,231.6,150.64,LC4,blue,dend[1543],0.5658120823629528
720575940618676440,429.696,234.688,150.84,429.92,234.768,150.8,LC4,blue,dend[1377],0.9946847315297732
720575940618676440,428.496,234.768,151.96,428.544,234.944,152.04,LC4,blue,dend[1357],0.23650300480887745
720575940618676440,427.248,241.312,150.96,427.424,241.152,150.92,LC4,blue,dend[1312],0.8713260461509017
720575940618676440,427.12,241.264,151.32,427.328,241.12,151.36,LC4,blue,dend[1313],0.28950688508422034
720575940618676440,429.408,234.368,151.76,429.6,234.368,151.8,LC4,blue,dend[1379],0.9288428445694346
720575940615462587,433.28,232.336,153.56,433.216,232.4,153.76,LC4,blue,dend[1368],0.7884669080838208
720575940615462587,431.616,232.496,153.52,431.696,232.688,153.48,LC4,blue,dend[1368],0.21310641316114143
720575940634517856,427.168,238.544,148.56,427.28,238.688,148.52,LC4,blue,dend[1317],0.8670718330918953
720575940626605200,431.6,235.536,152.28,431.472,235.36,152.4,LC4,blue,dend[1378],0.7214474524134155
720575940624017251,428.32,240.272,150.36,428.416,240.384,150.44,LC4,blue,dend[1324],0.5957177515317879
720575940624017251,428.432,240.192,150.28,428.544,240.304,150.4,LC4,blue,dend[1324],0.707739440318333
720575940624017251,429.68,237.648,153.08,429.808,237.488,153.04,LC4,blue,dend[1352],0.10491982387991049
720575940624017251,429.488,237.856,152.88,429.424,237.936,152.72,LC4,blue,dend[1355],0.23553716667552113
720575940624017251,429.664,238.08,153.24,429.872,238.048,153.28,LC4,blue,dend[1352],0.43573437287181066
720575940624017251,426.944,240.512,151.56,426.768,240.672,151.48,LC4,blue,dend[1327],0.8485397104906598
720575940624017251,427.168,240.4,150.72,427.072,240.592,150.64,LC4,blue,dend[1312],0.31530810312162927
720575940624017251,427.632,240.368,151.96,427.856,240.416,151.96,LC4,blue,dend[1313],0.9604187766748155
720575940620903551,430.112,241.328,150.04,430.16,241.504,150.12,LC4,blue,dend[1320],0.8572744182074933
720575940620903551,429.328,241.408,149.88,429.152,241.344,149.96,LC4,blue,dend[1320],0.46353132088414734
720575940620903551,430.688,233.472,153.16,430.752,233.392,153.0,LC4,blue,dend[1364],0.3994164348812897
720575940620903551,427.344,242.864,150.72,427.152,242.784,150.64,LC4,blue,dend[1322],0.5860432319496318
720575940620903551,428.272,242.224,150.04,428.208,242.032,150.0,LC4,blue,dend[1316],0.8780742807703562
720575940620903551,427.184,243.168,151.08,427.152,243.28,151.0,LC4,blue,dend[1322],0.9502574491170899
720575940620903551,431.088,233.872,152.64,430.928,233.712,152.64,LC4,blue,dend[1364],0.2936870540953247
720575940610522009,427.584,240.944,152.0,427.552,240.848,151.88,LC4,blue,dend[1313],0.7103786932839512
720575940610522009,430.448,235.248,152.76,430.288,235.248,152.68,LC4,blue,dend[1362],0.4577325184101691
720575940610522009,430.8,235.056,152.44,430.8,235.2,152.28,LC4,blue,dend[1376],0.6428565508172546
720575940610522009,427.28,242.032,149.84,427.2,241.888,149.84,LC4,blue,dend[1323],0.11270323415454703
720575940610522009,427.808,240.864,152.08,427.792,240.672,152.04,LC4,blue,dend[1313],0.8998278101210798
720575940610522009,427.424,242.288,150.6,427.232,242.384,150.52,LC4,blue,dend[1322],0.35154686907860316
720575940610522009,427.968,241.984,149.96,428.176,241.92,150.0,LC4,blue,dend[1316],0.7360232440337249
720575940610522009,430.832,234.224,152.16,430.624,234.272,152.2,LC4,blue,dend[1362],1.0
720575940610522009,427.536,241.824,150.52,427.536,241.696,150.4,LC4,blue,dend[1321],0.662324252283351
720575940610522009,428.16,238.256,148.84,427.92,238.288,148.8,LC4,blue,dend[1318],0.4471026373144092
720575940610522009,429.696,232.896,149.36,429.856,233.056,149.28,LC4,blue,dend[790],0.5804104097386041
720575940610522009,427.264,241.232,151.68,427.344,241.056,151.56,LC4,blue,dend[1313],0.4257713647623755
720575940612518055,427.888,240.464,152.2,427.856,240.464,152.04,LC4,blue,dend[1313],0.9866442209709986
720575940612518055,428.4,241.168,149.92,428.336,241.344,150.0,LC4,blue,dend[1316],0.1593614043672585
720575940612518055,431.328,232.16,150.2,431.216,231.984,150.2,LC4,blue,dend[792],0.09315674626422063
720575940612518055,432.016,232.56,152.56,431.84,232.464,152.52,LC4,blue,dend[1366],0.954074149351675
720575940612518055,428.592,241.12,150.04,428.576,241.296,150.12,LC4,blue,dend[1320],0.2517271827255434
720575940612518055,428.752,241.088,150.0,428.816,241.264,150.04,LC4,blue,dend[1320],0.33722897513369116
720575940612518055,431.664,231.984,150.24,431.584,231.808,150.32,LC4,blue,dend[792],0.2543137047336454
720575940612518055,426.4,236.032,152.52,426.48,236.192,152.4,LC4,blue,dend[1337],0.8674087383631717
720575940612518055,428.416,241.088,150.36,428.336,241.264,150.36,LC4,blue,dend[1315],0.3310388707035667
720575940612518055,432.336,232.688,153.4,432.192,232.832,153.48,LC4,blue,dend[1368],0.36039249856100386
720575940612518055,430.432,232.992,149.84,430.272,233.056,149.76,LC4,blue,dend[790],0.9070834390540434
720575940612518055,428.448,240.592,150.6,428.352,240.464,150.52,LC4,blue,dend[1324],0.5168767397316935
720575940612518055,428.224,241.072,149.44,428.0,241.072,149.44,LC4,blue,dend[1317],0.12737130301534122
720575940633580384,428.128,236.0,152.08,427.984,235.824,152.12,LC4,blue,dend[1356],0.6058117873319666
720575940622108001,426.176,232.736,151.56,426.08,232.672,151.72,LC4,blue,dend[1293],0.6574370073956649
720575940615575007,431.344,233.264,152.4,431.344,233.136,152.56,LC4,blue,dend[1364],0.821031988296434
720575940615575007,426.464,237.216,151.96,426.48,237.12,152.12,LC4,blue,dend[1339],0.17525538319463874
720575940622108001,426.176,232.32,151.36,426.224,232.208,151.52,LC4,blue,dend[1293],0.9310378595027908
720575940633580384,429.776,234.912,150.8,429.92,234.816,150.84,LC4,blue,dend[1377],0.9638676205394131
720575940615575007,426.352,241.664,149.76,426.416,241.872,149.76,LC4,blue,dend[1323],0.7896063967093798
720575940633580384,428.88,233.552,148.6,428.832,233.744,148.56,LC4,blue,dend[789],0.6736776868264006
720575940633580384,427.376,236.0,152.84,427.264,235.856,152.76,LC4,blue,dend[1356],0.24440382011902226
720575940615575007,426.848,236.896,151.28,426.784,236.736,151.32,LC4,blue,dend[1381],0.45066365027883576
720575940615575007,427.712,236.608,150.92,427.632,236.464,150.92,LC4,blue,dend[1381],0.8512114809984455
720575940615575007,427.12,236.64,151.52,426.944,236.528,151.72,LC4,blue,dend[1381],0.2677861659796453
720575940615575007,426.304,239.952,150.2,426.432,239.936,150.04,LC4,blue,dend[1325],0.882009115152173
720575940605598892,426.048,240.848,151.2,426.144,240.64,151.2,LC4,blue,dend[1327],0.2161327795267326
720575940605598892,426.032,240.976,151.0,426.256,240.992,151.0,LC4,blue,dend[1326],0.811814646893216
720575940631338271,427.824,241.12,149.08,427.888,240.96,149.16,LC4,blue,dend[1317],0.18711833185573684
720575940631338271,429.856,233.264,149.84,429.888,233.136,149.68,LC4,blue,dend[790],0.6892768505053545
720575940631338271,425.984,234.96,150.72,425.856,234.896,150.56,LC4,blue,dend[1295],0.9496988432686921
720575940631338271,426.416,241.168,151.08,426.32,240.992,151.08,LC4,blue,dend[1326],0.8103337724874763
720575940631338271,427.232,241.136,150.28,427.424,241.04,150.36,LC4,blue,dend[1312],0.8028426136420164
720575940631338271,426.928,241.056,150.64,427.04,240.896,150.72,LC4,blue,dend[1312],0.4228405258009606
720575940631338271,429.584,233.36,149.8,429.6,233.184,149.64,LC4,blue,dend[790],0.5380713902033921
720575940631338271,427.152,241.536,149.68,427.216,241.744,149.76,LC4,blue,dend[1323],0.12355278955954066
720575940611134833,433.008,234.912,148.72,433.104,234.704,148.8,LC4,blue,dend[1540],0.22347390598392758
720575940611134833,431.168,235.616,151.96,431.04,235.408,152.0,LC4,blue,dend[1376],0.9716020988590712
720575940628064260,434.08,233.616,151.76,434.16,233.488,151.76,LC4,blue,dend[1549],0.8250941571390756
720575940626626895,432.048,232.912,153.32,432.144,232.848,153.52,LC4,blue,dend[1368],0.3488487211816407
720575940626626895,426.064,232.416,151.84,426.096,232.528,151.72,LC4,blue,dend[1293],0.7391731243332688
720575940626626895,432.304,231.744,150.4,432.128,231.552,150.36,LC4,blue,dend[792],0.7181081076038625
720575940626626895,432.32,231.68,150.16,432.16,231.552,150.16,LC4,blue,dend[792],0.6674429922247945
720575940626626895,427.072,239.616,148.8,427.248,239.6,148.76,LC4,blue,dend[1317],0.6015811677481575
720575940617176321,430.176,235.424,152.64,430.24,235.216,152.64,LC4,blue,dend[1362],0.4126849947169777
720575940617176321,431.28,235.328,152.2,431.232,235.28,152.32,LC4,blue,dend[1378],0.5073230587518496
720575940616713355,426.576,240.72,151.56,426.608,240.672,151.44,LC4,blue,dend[1327],0.7137980450394116
720575940617176321,428.736,234.096,152.48,428.704,234.176,152.68,LC4,blue,dend[1360],0.9840187654795464
720575940616713355,428.32,235.168,152.4,428.4,235.216,152.2,LC4,blue,dend[1356],0.9801001722961065
720575940616713355,427.104,235.664,152.84,427.216,235.84,152.72,LC4,blue,dend[1356],0.2313037707246094
720575940616713355,427.872,237.12,153.48,427.776,237.056,153.68,LC4,blue,dend[1348],0.37138147277976136
720575940617176321,429.328,237.776,152.28,429.472,237.776,152.4,LC4,blue,dend[1351],0.9720350444741387
720575940649229433,429.136,229.488,152.52,429.296,229.616,152.56,LC4,blue,dend[795],0.588837701343627
720575940649229433,428.08,230.096,152.24,427.968,229.952,152.28,LC4,blue,dend[795],0.8182743914065106
720575940649229433,429.168,229.856,152.32,429.296,229.856,152.44,LC4,blue,dend[795],0.5788733801264493
720575940629753807,431.536,235.104,152.4,431.424,235.28,152.4,LC4,blue,dend[1378],0.6904292690198995
720575940629753807,430.992,231.52,149.8,431.04,231.728,149.76,LC4,blue,dend[791],0.8638995602851137
720575940618312606,429.408,237.088,152.72,429.392,237.296,152.68,LC4,blue,dend[1351],0.9089016866939974
720575940619397542,430.064,235.488,150.92,430.176,235.296,150.88,LC4,blue,dend[1377],0.7266957867020293
720575940619397542,431.072,235.072,152.28,431.024,235.264,152.32,LC4,blue,dend[1378],0.3689555979216585
720575940619397542,430.544,235.648,151.08,430.64,235.44,151.08,LC4,blue,dend[1377],0.4382203778318917
720575940630484495,426.464,232.16,151.68,426.288,232.272,151.68,LC4,blue,dend[1293],0.9422836949808037
720575940630484495,427.456,238.864,148.48,427.36,238.704,148.52,LC4,blue,dend[1317],0.8611424039891195
720575940630484495,427.296,239.04,148.48,427.136,238.96,148.44,LC4,blue,dend[1317],0.8056598366374687
720575940617026260,432.624,233.632,149.6,432.544,233.424,149.64,LC4,blue,dend[1550],0.901882018159684
720575940617026260,435.248,232.672,151.56,435.296,232.528,151.52,LC4,blue,dend[1545],0.9606327002999784
720575940617026260,433.824,233.6,149.32,433.888,233.52,149.12,LC4,blue,dend[1540],0.9722770344711625
720575940617026260,434.832,233.52,149.48,434.864,233.44,149.32,LC4,blue,dend[1541],0.48708118641934767
720575940617026260,426.976,235.84,152.52,427.008,236.016,152.6,LC4,blue,dend[1356],0.09095791211054123
720575940617026260,433.664,233.584,149.32,433.648,233.408,149.2,LC4,blue,dend[1550],0.19303390508411977
720575940617026260,427.904,235.568,151.88,428.016,235.632,152.08,LC4,blue,dend[1356],0.6849718183473499
720575940617026260,433.216,233.568,149.36,433.152,233.424,149.28,LC4,blue,dend[1550],0.47996716477983703
720575940617026260,434.576,233.312,150.16,434.736,233.168,150.12,LC4,blue,dend[1549],0.1263360168058475
720575940617026260,426.864,235.824,152.28,426.864,236.032,152.24,LC4,blue,dend[1338],0.5441946022979203
720575940617026260,432.864,234.624,148.76,433.088,234.672,148.8,LC4,blue,dend[1540],0.22811290767384754
720575940617026260,429.6,234.432,149.0,429.504,234.384,148.88,LC4,blue,dend[800],0.4110796753449793
720575940617026260,430.368,234.192,149.72,430.544,234.096,149.8,LC4,blue,dend[799],0.7194432196140289
720575940618002644,427.264,238.288,152.96,427.184,238.112,153.08,LC4,blue,dend[1341],0.15661470772439912
720575940618002644,428.096,237.568,152.4,428.128,237.456,152.48,LC4,blue,dend[1351],0.35170939481633523
720575940618002644,430.592,235.36,152.36,430.592,235.184,152.36,LC4,blue,dend[1376],0.5355872596207123
720575940612580977,426.624,236.384,152.84,426.544,236.336,152.68,LC4,blue,dend[1337],1.0
720575940612580977,427.024,236.768,152.64,427.024,236.928,152.64,LC4,blue,dend[1339],0.36790603805744987
720575940612580977,427.184,236.4,151.84,426.976,236.448,151.84,LC4,blue,dend[1338],1.0
720575940612580977,428.576,234.48,148.68,428.592,234.256,148.68,LC4,blue,dend[789],0.5752511864828369
720575940612580977,428.32,235.344,151.6,428.464,235.44,151.56,LC4,blue,dend[1380],0.8710680665297604
720575940617266722,426.304,236.784,151.92,426.448,236.88,152.04,LC4,blue,dend[1338],0.14924960977529883
720575940617266722,430.32,234.4,150.56,430.224,234.592,150.68,LC4,blue,dend[1377],0.9906646937785544
720575940617266722,426.464,236.224,151.92,426.368,236.112,152.04,LC4,blue,dend[1337],0.6827809305060868
720575940628081541,428.064,230.336,152.72,427.888,230.224,152.6,LC4,blue,dend[795],0.8652446418359989
720575940617266722,432.704,232.912,149.84,432.576,233.072,149.76,LC4,blue,dend[1550],0.9857671116019656
720575940617266722,427.472,236.32,150.8,427.568,236.464,150.84,LC4,blue,dend[1381],0.8805084274127151
720575940617266722,434.912,233.296,149.16,434.848,233.424,149.28,LC4,blue,dend[1541],0.47021894753027454
720575940617266722,434.272,232.96,149.4,434.352,233.152,149.4,LC4,blue,dend[1541],0.40572061776354
720575940617266722,429.264,234.48,148.8,429.424,234.368,148.84,LC4,blue,dend[800],0.4072552939157545
720575940628699560,429.472,234.944,152.12,429.408,234.784,152.24,LC4,blue,dend[1361],0.5415046606482637
720575940628699560,434.336,233.488,151.36,434.4,233.584,151.48,LC4,blue,dend[1549],0.7011017026016012
720575940628699560,429.248,235.216,152.24,429.152,235.024,152.28,LC4,blue,dend[1357],0.7602810811172155
720575940628699560,430.72,232.128,152.44,430.72,231.968,152.48,LC4,blue,dend[1367],0.5712051142619683
720575940628699560,430.496,235.168,151.12,430.512,235.36,151.0,LC4,blue,dend[1377],0.5397854141961606
720575940628699560,428.64,235.648,152.32,428.32,235.68,152.24,LC4,blue,dend[1356],0.7911088008289054
720575940628699560,426.544,242.032,149.88,426.56,241.888,149.84,LC4,blue,dend[1323],0.6440769984080706
720575940628699560,433.264,233.296,149.04,433.296,233.44,149.16,LC4,blue,dend[1550],0.36803068883075196
720575940628699560,433.936,231.776,153.44,433.984,231.936,153.48,LC4,blue,dend[1369],0.6328971027215281
720575940628699560,434.384,233.536,151.32,434.448,233.6,151.44,LC4,blue,dend[1549],0.6813315427563199
720575940630998339,428.416,241.776,149.96,428.192,241.824,150.0,LC4,blue,dend[1316],0.6348556395595275
720575940630998339,432.272,233.44,149.8,432.464,233.328,149.76,LC4,blue,dend[1550],0.9951151264914138
720575940630998339,427.808,241.584,150.72,427.68,241.424,150.68,LC4,blue,dend[1312],1.0
720575940625038090,431.984,230.048,150.36,432.0,230.192,150.52,LC4,blue,dend[793],0.6250878504758621
720575940625038090,428.912,229.936,152.76,428.896,229.808,152.68,LC4,blue,dend[795],0.677706217348914
720575940625038090,429.072,229.696,152.84,429.056,229.712,152.68,LC4,blue,dend[795],0.6465741104314496
720575940614572742,427.248,230.16,152.88,427.408,230.096,152.96,LC4,blue,dend[795],0.9902343114394628
720575940618807105,427.152,240.16,148.56,427.328,239.984,148.56,LC4,blue,dend[1317],0.5175378775668832
720575940614572742,427.344,230.064,152.68,427.52,230.032,152.68,LC4,blue,dend[795],0.9420773640233092
720575940615127227,429.904,238.528,153.2,429.84,238.496,153.36,LC4,blue,dend[1352],0.6624740760433425
720575940615127227,430.384,230.784,150.52,430.496,230.816,150.68,LC4,blue,dend[794],0.9136744134453516
720575940615127227,430.112,237.84,153.16,430.0,237.792,153.28,LC4,blue,dend[1352],0.33175937845284864
720575940615127227,430.08,237.344,152.96,429.856,237.408,152.96,LC4,blue,dend[1352],0.05435205459477191
720575940615127227,435.008,233.28,150.0,434.8,233.184,150.0,LC4,blue,dend[1549],0.07659168037745531
720575940618723749,435.344,231.584,149.6,435.44,231.632,149.76,LC4,blue,dend[1542],1.0
720575940625934973,427.488,237.232,152.96,427.488,237.44,153.0,LC4,blue,dend[1339],0.84675404285479
720575940625934973,427.616,237.232,152.8,427.584,237.392,152.76,LC4,blue,dend[1339],0.7557064449155493
720575940625934973,427.792,237.216,152.8,427.808,237.456,152.8,LC4,blue,dend[1351],0.16581470619736094
720575940625934973,426.0,236.992,153.2,425.84,236.944,153.08,LC4,blue,dend[1382],0.514687095973597
720575940625934973,428.32,237.2,152.32,428.384,237.328,152.4,LC4,blue,dend[1351],0.48092383962851293
720575940618723749,435.84,232.464,151.16,436.032,232.416,151.2,LC4,blue,dend[1545],0.5913142763559547
720575940613260959,429.616,234.928,156.44,429.712,234.8,156.48,LC4,blue,dend[1350],0.8832821416418875
720575940613260959,429.52,235.2,156.2,429.584,235.152,156.0,LC4,blue,dend[1350],0.7053510738805646
720575940613260959,432.16,235.248,155.48,431.968,235.216,155.4,LC4,blue,dend[1375],0.8922955215074061
720575940613260959,429.536,235.2,156.2,429.632,235.12,156.04,LC4,blue,dend[1350],0.726547162894101
720575940638456227,426.512,237.856,156.4,426.544,237.712,156.48,LC4,blue,dend[1496],0.7437425763591513
720575940638456227,426.816,237.744,156.2,426.96,237.824,156.32,LC4,blue,dend[1496],0.8261840707134013
720575940638456227,428.032,236.128,154.76,428.096,236.272,154.6,LC4,blue,dend[1348],0.9823989071824891
720575940638456227,426.528,237.904,156.52,426.608,237.728,156.56,LC4,blue,dend[1496],0.753914407584659
720575940622939836,431.424,229.68,155.56,431.376,229.856,155.56,LC4,blue,dend[1462],0.7918926880769888
720575940634517856,427.136,233.024,158.2,427.024,232.992,158.04,LC4,blue,dend[1470],0.9145593198346667
720575940634517856,433.344,232.4,154.08,433.216,232.432,153.96,LC4,blue,dend[1368],0.8151805587601785
720575940628462340,426.464,229.52,156.4,426.304,229.6,156.32,LC4,blue,dend[1482],0.8484989380995582
720575940628462340,427.904,232.528,156.0,427.984,232.432,156.12,LC4,blue,dend[1460],0.505814560107999
720575940634517856,432.656,232.528,154.36,432.688,232.704,154.28,LC4,blue,dend[1368],0.6592828997990632
720575940615462587,430.096,233.68,154.08,430.224,233.824,154.12,LC4,blue,dend[1373],0.5079542357979877
720575940615462587,427.648,236.224,154.8,427.712,236.384,154.72,LC4,blue,dend[1349],0.6745502629544698
720575940628462340,426.704,232.512,155.4,426.496,232.496,155.4,LC4,blue,dend[1458],0.7783069356148522
720575940624017251,429.936,230.608,154.8,429.952,230.56,155.0,LC4,blue,dend[1461],1.0
720575940624017251,427.568,232.656,156.56,427.6,232.896,156.48,LC4,blue,dend[1460],0.36901717586902855
720575940624017251,426.288,232.784,157.88,426.336,232.88,157.8,LC4,blue,dend[1470],0.5306737898521318
720575940626605200,432.72,232.992,154.4,432.784,232.912,154.24,LC4,blue,dend[1368],0.6615793522235296
720575940624017251,427.888,232.064,155.92,428.112,232.032,156.0,LC4,blue,dend[1460],0.5769479816379874
720575940620903551,427.728,233.136,156.32,427.648,232.976,156.44,LC4,blue,dend[1460],0.37152425641108205
720575940620903551,427.248,233.408,156.2,427.12,233.44,156.32,LC4,blue,dend[1460],0.2297727210726299
720575940620903551,427.36,233.232,156.28,427.344,233.152,156.44,LC4,blue,dend[1460],0.2962247887010046
720575940620903551,430.096,234.048,153.76,430.192,234.208,153.8,LC4,blue,dend[1372],0.7605627213281753
720575940620903551,429.152,235.136,155.6,429.184,235.344,155.52,LC4,blue,dend[1350],0.5138210766225627
720575940610522009,428.544,236.32,154.72,428.4,236.16,154.76,LC4,blue,dend[1350],0.09323580304757102
720575940610522009,427.344,238.24,155.92,427.264,238.304,156.04,LC4,blue,dend[1496],0.9585225936372941
720575940612518055,433.36,231.44,154.48,433.568,231.52,154.48,LC4,blue,dend[1370],0.6937862751716064
720575940614914107,429.2,230.448,156.84,429.344,230.56,156.92,LC4,blue,dend[1468],0.817903779555222
720575940614914107,430.832,229.744,155.48,430.88,229.952,155.44,LC4,blue,dend[1462],0.5210552972904382
720575940614914107,429.36,230.656,156.44,429.504,230.864,156.44,LC4,blue,dend[1468],0.4075874567723588
720575940632769180,426.784,231.296,158.32,426.608,231.2,158.28,LC4,blue,dend[1476],0.7061708894897327
720575940611134833,427.792,237.04,154.4,427.824,236.992,154.24,LC4,blue,dend[1348],0.5785656441108509
720575940611134833,431.584,234.752,155.28,431.744,234.864,155.2,LC4,blue,dend[1375],0.7263206356027345
720575940624111763,426.384,233.936,156.24,426.304,233.824,156.36,LC4,blue,dend[1460],0.03501954104323719
720575940611134833,426.048,232.032,155.2,426.24,231.92,155.24,LC4,blue,dend[1458],0.9837132105250869
720575940611134833,430.992,235.248,154.52,431.008,235.056,154.44,LC4,blue,dend[1375],0.42577572900526184
720575940611134833,431.952,234.736,155.44,431.92,234.896,155.32,LC4,blue,dend[1375],0.7986520365859305
720575940611134833,427.568,236.56,154.68,427.664,236.4,154.72,LC4,blue,dend[1349],0.7771943477091412
720575940611134833,426.24,232.608,155.48,426.464,232.64,155.52,LC4,blue,dend[1458],0.6861243531605002
720575940626626895,431.056,234.608,153.92,430.912,234.656,153.8,LC4,blue,dend[1375],0.16884772917406113
720575940626626895,428.976,235.984,154.84,428.784,235.968,154.8,LC4,blue,dend[1350],0.19660964662223776
720575940626626895,430.832,234.784,154.4,430.976,234.96,154.36,LC4,blue,dend[1375],0.38030149732594537
720575940616713355,427.344,238.72,153.6,427.168,238.496,153.6,LC4,blue,dend[1341],0.3510904558585073
720575940617176321,426.192,239.536,153.84,426.016,239.552,153.76,LC4,blue,dend[1342],0.6845878598959253
720575940617176321,426.24,239.024,154.4,426.192,238.848,154.36,LC4,blue,dend[1341],0.9082338400405677
720575940617176321,426.704,238.912,153.72,426.624,238.672,153.72,LC4,blue,dend[1341],0.6122896441321032
720575940629753807,428.336,235.888,154.8,428.352,236.08,154.72,LC4,blue,dend[1350],0.09251368813078369
720575940618312606,433.248,232.944,154.08,433.072,232.784,154.08,LC4,blue,dend[1368],0.7465394446411533
720575940640612480,429.344,230.48,157.04,429.376,230.592,156.92,LC4,blue,dend[1468],0.8071206822386923
720575940626916936,431.152,230.4,155.24,431.104,230.192,155.32,LC4,blue,dend[1462],0.5687985242749471
720575940626916936,426.384,232.16,155.2,426.384,232.048,155.32,LC4,blue,dend[1458],0.9334964629859372
720575940626916936,431.456,230.208,155.2,431.344,230.064,155.32,LC4,blue,dend[1462],0.7119843010963277
720575940626916936,428.784,231.456,155.88,428.896,231.504,156.0,LC4,blue,dend[1460],0.7788542215572174
720575940626916936,428.272,231.744,155.68,428.096,231.792,155.76,LC4,blue,dend[1460],0.6099466776075226
720575940625991043,426.304,230.096,156.96,426.336,230.288,156.88,LC4,blue,dend[1482],0.06252510054166008
720575940625991043,426.624,229.776,156.64,426.384,229.728,156.4,LC4,blue,dend[1482],0.7287270364352982
720575940630484495,429.648,230.192,154.88,429.744,230.4,154.88,LC4,blue,dend[1467],0.8902692464099348
720575940630484495,426.304,231.136,158.24,426.304,231.328,158.36,LC4,blue,dend[1475],0.7700976708671199
720575940628454522,429.76,234.336,156.84,429.744,234.416,156.68,LC4,blue,dend[1350],0.9974448271990529
720575940628454522,426.416,231.664,155.24,426.4,231.888,155.28,LC4,blue,dend[1458],1.0
720575940618002644,431.904,232.688,153.76,431.984,232.752,153.56,LC4,blue,dend[1368],0.31293899654738616
720575940618002644,431.84,233.04,153.68,431.984,232.944,153.56,LC4,blue,dend[1368],0.29145913424365105
720575940618002644,432.064,230.352,155.6,432.128,230.192,155.52,LC4,blue,dend[1463],0.11226906118959058
720575940612580977,433.6,231.744,154.8,433.68,231.728,154.64,LC4,blue,dend[1370],0.8072581764667308
720575940630851036,430.64,229.92,155.48,430.848,229.968,155.4,LC4,blue,dend[1462],0.49874039289369887
720575940630851036,430.528,230.272,155.4,430.592,230.4,155.32,LC4,blue,dend[1462],0.2770114518525548
720575940630851036,432.0,234.496,154.8,431.904,234.672,154.88,LC4,blue,dend[1375],0.6425950286430582
720575940613256863,426.112,229.44,155.96,426.192,229.504,156.12,LC4,blue,dend[1482],1.0
720575940628699560,426.112,234.048,156.4,426.192,233.84,156.48,LC4,blue,dend[1460],0.006851860097759573
720575940620795728,428.368,232.736,156.48,428.16,232.736,156.4,LC4,blue,dend[1460],0.49430852874564385
720575940620795728,427.216,233.088,157.92,427.04,232.992,157.96,LC4,blue,dend[1470],0.9110463437568879
720575940620795728,427.056,233.28,158.0,426.992,233.056,158.04,LC4,blue,dend[1470],0.9152894146020455
720575940620795728,432.8,230.624,155.68,432.784,230.4,155.64,LC4,blue,dend[1463],0.36677874446208303
720575940622531767,429.584,230.96,155.24,429.792,230.896,155.32,LC4,blue,dend[1461],0.598289924045364
720575940618807105,430.864,230.064,155.6,430.928,229.92,155.56,LC4,blue,dend[1462],0.5613806135289617
720575940614572742,426.032,231.184,157.6,426.0,231.216,157.48,LC4,blue,dend[1480],0.35707888436164936
720575940618807105,430.032,230.544,155.76,430.048,230.656,155.6,LC4,blue,dend[1461],0.5521726287578433
720575940614572742,429.472,230.864,157.24,429.408,230.784,157.08,LC4,blue,dend[1468],0.9012949197449782
720575940614572742,426.096,231.44,157.92,426.0,231.584,158.04,LC4,blue,dend[1474],1.0
720575940618807105,429.36,230.864,156.28,429.504,230.944,156.36,LC4,blue,dend[1468],0.3444603709682512
720575940618807105,431.76,229.648,155.6,431.712,229.6,155.52,LC4,blue,dend[1462],1.0
720575940618807105,432.24,234.848,155.0,432.0,234.736,155.04,LC4,blue,dend[1375],0.7145507126958841
720575940618807105,431.936,235.84,155.2,431.984,235.728,155.32,LC4,blue,dend[1375],0.9785144622444234
720575940618807105,429.04,231.104,156.0,429.088,231.312,155.96,LC4,blue,dend[1460],0.8366622458413591
720575940618807105,433.648,229.888,155.72,433.728,230.032,155.68,LC4,blue,dend[1463],0.7580214214679305
720575940618807105,432.912,230.176,155.8,432.928,230.384,155.68,LC4,blue,dend[1463],0.4262199631450873
720575940618807105,429.392,238.976,153.6,429.568,239.12,153.52,LC4,blue,dend[1353],0.1738223805187554
720575940615127227,432.352,233.296,153.8,432.256,233.072,153.76,LC4,blue,dend[1368],0.39703710203169884
720575940625934973,432.976,232.736,153.6,432.896,232.736,153.76,LC4,blue,dend[1368],0.6454603863892716
720575940625934973,429.792,230.496,155.12,429.872,230.544,155.0,LC4,blue,dend[1467],0.49786371545292535
720575940618723749,427.328,233.04,156.8,427.392,232.976,156.64,LC4,blue,dend[1460],0.31435783310868004
720575940630851036,426.24,230.8,158.8,426.24,231.04,158.8,LC4,blue,dend[1477],0.12365902337760408
720575940621658971,393.104,224.576,164.0,392.896,224.576,164.0,LPLC1,red,dend[475],0.8010151406239008
720575940619506415,390.592,224.944,165.6,390.496,224.72,165.6,LPLC1,red,dend[477],0.2328591647223878
720575940613304803,389.904,222.832,164.92,389.84,222.688,164.72,LPLC1,red,dend[482],0.6004663337663665
720575940640792973,391.344,224.096,164.56,391.408,223.888,164.52,LPLC1,red,dend[482],0.09206154989863931
720575940621522671,419.232,227.744,156.72,418.992,227.76,156.72,LPLC1,red,dend[1097],0.40059660231411587
720575940632946477,425.792,229.344,159.6,425.92,229.408,159.52,LPLC1,red,dend[1477],0.9174182728530873
720575940626260490,425.456,228.816,159.28,425.6,228.816,159.36,LPLC1,red,dend[1479],1.0
720575940621522671,421.184,233.136,148.52,421.248,233.328,148.56,LPLC1,red,dend[1386],0.9492328203393453
720575940637905478,416.208,232.128,163.76,416.064,232.032,163.68,LPLC1,red,dend[1067],0.5588403353531334
720575940637905478,427.472,228.592,158.48,427.664,228.656,158.44,LPLC1,red,dend[1478],0.8820058511362945
720575940614751027,426.944,229.024,159.04,426.864,229.2,159.08,LPLC1,red,dend[1478],0.3368693303500253
720575940634700980,389.456,224.784,166.84,389.312,224.704,166.72,LPLC2,orange,dend[477],0.4441269350608959
720575940634700980,389.024,224.192,167.08,388.736,224.384,166.96,LPLC2,orange,dend[477],0.5224422718418731
720575940636295019,389.408,237.312,157.56,389.536,237.44,157.48,LPLC2,orange,dend[595],0.644679823740929
720575940625695269,388.4,237.008,158.04,388.256,237.136,158.12,LPLC2,orange,dend[611],0.6126017718612259
720575940625695269,389.104,237.616,157.6,389.184,237.744,157.52,LPLC2,orange,dend[595],0.7658384881341137
720575940625695269,388.688,237.52,157.36,388.72,237.744,157.36,LPLC2,orange,dend[595],0.8814307711143418
720575940628395797,391.936,236.864,158.52,392.048,237.008,158.56,LPLC2,orange,dend[592],0.7779990673362739
720575940630831185,393.072,238.544,158.36,392.912,238.544,158.48,LPLC2,orange,dend[591],0.3022476726891578
720575940622156799,391.696,235.888,157.44,391.856,235.92,157.6,LPLC2,orange,dend[594],0.4040119539565943
720575940635516084,392.784,238.656,158.32,392.848,238.496,158.44,LPLC2,orange,dend[591],0.3354114395124392
720575940625700739,390.448,236.768,158.0,390.464,236.944,157.88,LPLC2,orange,dend[595],0.3470069206052002
720575940648418425,391.824,236.944,157.64,391.824,236.816,157.76,LPLC2,orange,dend[593],0.482580030371313
720575940632080146,388.208,236.96,158.6,388.16,236.8,158.52,LPLC2,orange,dend[611],0.8715801129858398
720575940624208824,391.856,236.096,157.92,391.824,236.16,157.76,LPLC2,orange,dend[594],0.1760909770201195
720575940624208824,392.224,235.52,157.68,392.128,235.504,157.48,LPLC2,orange,dend[594],0.8239120401595941
720575940624359093,392.544,238.464,158.28,392.688,238.32,158.44,LPLC2,orange,dend[591],0.42263947118182954
720575940643740964,389.28,237.792,157.76,389.328,237.76,157.6,LPLC2,orange,dend[595],0.7309701607909846
720575940628976956,391.984,235.264,157.28,391.984,235.584,157.52,LPLC2,orange,dend[594],0.7004236046720266
720575940628552247,390.0,237.664,157.84,389.808,237.552,157.84,LPLC2,orange,dend[595],0.5820928748101993
720575940628552247,392.736,237.376,158.04,392.576,237.52,158.08,LPLC2,orange,dend[591],0.7772063500527623
720575940638626118,392.128,235.888,157.6,391.92,235.84,157.56,LPLC2,orange,dend[594],0.4959062088256191
720575940628395797,389.376,237.648,163.76,389.232,237.696,163.84,LPLC2,orange,dend[397],0.18594043075705055
720575940628395797,390.144,230.56,163.8,390.176,230.672,163.88,LPLC2,orange,dend[463],0.827911765602204
720575940619750822,393.04,238.576,158.88,393.056,238.752,158.8,LPLC2,orange,dend[591],0.15706153642472154
720575940619750822,393.024,238.176,158.72,392.832,238.08,158.56,LPLC2,orange,dend[591],0.4658452391302154
720575940613470947,392.768,239.696,160.04,392.624,239.856,160.04,LPLC2,orange,dend[588],0.7262984708244912
720575940613470947,392.496,239.824,159.72,392.64,239.792,159.8,LPLC2,orange,dend[588],0.6052603339944609
720575940616377817,390.0,238.16,163.64,389.888,238.384,163.6,LPLC2,orange,dend[396],0.8756763884308523
720575940621914904,391.888,240.496,160.16,392.08,240.528,160.2,LPLC2,orange,dend[589],0.20237210148171655
720575940648418425,389.216,238.352,163.08,389.36,238.224,163.04,LPLC2,orange,dend[398],0.22096300149745532
720575940615907723,392.208,239.664,160.76,392.304,239.52,160.68,LPLC2,orange,dend[590],0.8305122867160476
720575940615907723,392.112,240.048,160.44,392.272,240.144,160.36,LPLC2,orange,dend[588],1.0
720575940615907723,391.648,240.56,160.64,391.792,240.704,160.6,LPLC2,orange,dend[589],0.400817873194049
720575940619263937,388.784,237.872,161.68,388.736,237.968,161.8,LPLC2,orange,dend[398],0.9710341398341562
720575940616083345,388.176,236.752,158.76,388.208,236.72,158.6,LPLC2,orange,dend[611],0.9263147929622668
720575940613219474,393.024,240.704,163.48,393.2,240.816,163.48,LPLC2,orange,dend[380],0.5995090210157756
720575940653666465,388.8,237.888,162.2,388.912,238.032,162.12,LPLC2,orange,dend[398],0.7745474291917358
720575940624359093,392.64,239.184,158.92,392.848,239.296,158.92,LPLC2,orange,dend[579],0.9585460575715726
720575940624359093,389.264,237.936,162.56,389.136,238.144,162.52,LPLC2,orange,dend[398],0.5258267953080538
720575940623827348,389.04,237.872,163.76,389.264,237.872,163.76,LPLC2,orange,dend[397],0.12570072585757694
720575940612766691,388.864,238.288,162.32,388.96,238.08,162.28,LPLC2,orange,dend[398],0.6833564752414183
720575940614738444,392.736,240.0,160.32,392.56,239.92,160.28,LPLC2,orange,dend[588],0.8577443732379925
720575940614738444,392.592,239.904,160.68,392.448,239.744,160.56,LPLC2,orange,dend[590],0.47239788778987873
720575940615332502,388.576,234.688,165.24,388.672,234.704,165.4,LPLC2,orange,dend[425],0.7776320292011719
720575940615332502,388.72,234.64,165.16,388.8,234.608,165.28,LPLC2,orange,dend[425],0.4624018410226098
720575940626375172,390.656,232.688,167.76,390.576,232.848,167.76,LPLC2,orange,dend[430],0.8519866607546952
720575940626375172,390.88,233.68,168.12,390.704,233.76,168.04,LPLC2,orange,dend[430],0.5776827218572858
720575940627902078,388.912,236.544,164.84,389.072,236.672,164.88,LPLC2,orange,dend[397],0.6660698227326091
720575940625695269,390.608,235.2,165.2,390.688,235.008,165.28,LPLC2,orange,dend[424],0.19835050625827347
720575940625695269,390.448,235.232,165.36,390.512,235.024,165.4,LPLC2,orange,dend[424],0.2754323744048941
720575940626414279,389.296,234.24,165.32,389.04,234.224,165.24,LPLC2,orange,dend[424],0.9819309675475302
720575940624755504,390.176,232.32,167.36,390.208,232.544,167.36,LPLC2,orange,dend[430],0.9851172957667699
720575940639878352,391.888,230.976,165.56,391.856,230.768,165.48,LPLC2,orange,dend[463],0.49950041987166294
720575940639878352,392.32,231.04,166.16,392.384,230.88,166.12,LPLC2,orange,dend[463],0.38974172311162214
720575940628395797,389.36,237.52,164.32,389.248,237.344,164.32,LPLC2,orange,dend[397],0.3732507147452561
720575940628395797,390.288,230.544,163.88,390.272,230.704,163.92,LPLC2,orange,dend[463],0.8103996906445783
720575940611821334,392.352,230.608,165.64,392.128,230.688,165.68,LPLC2,orange,dend[463],0.45041133364050356
720575940613470947,392.128,235.776,165.56,392.224,235.568,165.56,LPLC2,orange,dend[421],0.8582750228334021
720575940613470947,388.416,233.216,164.64,388.432,233.424,164.6,LPLC2,orange,dend[426],0.7553665719246957
720575940613470947,391.904,235.904,165.12,391.952,235.712,165.04,LPLC2,orange,dend[422],0.06229960879880049
720575940630831185,392.192,230.688,165.4,392.064,230.736,165.56,LPLC2,orange,dend[463],0.46391743213413994
720575940629292785,389.184,231.232,164.04,389.04,231.024,164.0,LPLC2,orange,dend[465],0.2752759537036827
720575940629292785,389.728,235.952,168.84,389.952,235.984,168.76,LPLC2,orange,dend[449],0.9331454904087092
720575940629292785,388.864,236.624,165.28,388.96,236.432,165.2,LPLC2,orange,dend[397],0.8022133605978957
720575940610226645,391.568,235.552,164.72,391.648,235.376,164.8,LPLC2,orange,dend[422],0.4964856706071768
720575940631380695,391.6,230.464,166.28,391.632,230.336,166.2,LPLC2,orange,dend[463],0.5192256452699103
720575940632777124,389.376,237.232,164.28,389.248,237.312,164.32,LPLC2,orange,dend[397],0.3803886770102047
720575940632777124,389.184,237.376,163.84,389.232,237.616,163.92,LPLC2,orange,dend[397],0.22213659108016823
720575940632777124,390.544,238.832,164.2,390.432,239.008,164.16,LPLC2,orange,dend[396],0.6322154622549375
720575940624417584,390.304,238.608,163.92,390.112,238.768,163.84,LPLC2,orange,dend[396],0.7523619471431633
720575940614631079,389.024,234.0,165.36,389.056,234.16,165.24,LPLC2,orange,dend[426],0.020863154506857058
720575940614631079,389.552,234.112,164.92,389.52,234.32,164.92,LPLC2,orange,dend[424],0.7523124691747316
720575940618608177,390.56,230.656,164.96,390.592,230.8,164.84,LPLC2,orange,dend[463],0.7245582152046365
720575940618608177,391.136,230.8,165.56,391.328,230.752,165.52,LPLC2,orange,dend[463],0.583308999096415
720575940618608177,388.032,233.28,164.2,387.92,233.088,164.28,LPLC2,orange,dend[428],0.10258789714102153
720575940618608177,389.504,230.016,164.0,389.376,230.128,164.08,LPLC2,orange,dend[463],0.9608880075478045
720575940618608177,389.424,229.824,164.08,389.232,229.92,164.16,LPLC2,orange,dend[464],0.43984995558901974
720575940640302389,390.704,230.88,164.52,390.672,230.736,164.64,LPLC2,orange,dend[463],0.7200798928437376
720575940612560680,390.928,234.032,166.96,391.136,234.016,167.08,LPLC2,orange,dend[430],0.2994134017549398
720575940622009284,393.104,237.568,166.44,392.976,237.6,166.32,LPLC2,orange,dend[420],0.6536972825490232
720575940622009284,388.976,230.32,164.12,389.184,230.256,164.12,LPLC2,orange,dend[463],0.9876613841488848
720575940616377817,389.136,237.2,164.76,389.152,237.04,164.6,LPLC2,orange,dend[397],0.5131797209193437
720575940628921303,388.8,235.968,165.6,388.704,236.144,165.56,LPLC2,orange,dend[397],0.9700729292076349
720575940603989420,391.36,233.904,167.0,391.184,234.016,167.08,LPLC2,orange,dend[430],0.28843842145562626
720575940628921303,390.976,235.312,164.6,391.056,235.136,164.64,LPLC2,orange,dend[423],0.5205958417446881
720575940620139678,388.032,231.12,163.84,388.016,231.312,163.84,LPLC2,orange,dend[465],0.9158555230725058
720575940619197318,390.816,233.728,167.56,390.928,233.68,167.64,LPLC2,orange,dend[430],0.5079397247088348
720575940619197318,389.904,234.928,165.44,389.904,234.8,165.28,LPLC2,orange,dend[424],0.5488431534901538
720575940619197318,390.352,232.944,167.8,390.528,232.864,167.76,LPLC2,orange,dend[430],0.8581391023538516
720575940619197318,391.312,230.976,165.04,391.424,230.848,165.08,LPLC2,orange,dend[463],0.5813512793620289
720575940619197318,390.432,233.12,167.88,390.64,233.072,167.84,LPLC2,orange,dend[430],0.7783656350704903
720575940619197318,390.56,231.008,164.84,390.528,230.8,164.8,LPLC2,orange,dend[463],0.7362548773548716
720575940619197318,391.008,233.76,167.12,391.152,233.872,167.2,LPLC2,orange,dend[430],0.3519496580657113
720575940615907723,390.416,235.984,168.6,390.272,235.984,168.76,LPLC2,orange,dend[449],0.783741600095385
720575940615907723,392.08,234.816,166.36,391.872,234.8,166.32,LPLC2,orange,dend[429],0.6972727872294648
720575940619263937,392.16,234.544,166.92,392.0,234.656,166.84,LPLC2,orange,dend[431],0.6255923342617653
720575940627368254,391.84,235.232,166.2,391.984,235.072,166.2,LPLC2,orange,dend[429],0.5351009937188465
720575940626617084,391.424,234.256,167.04,391.264,234.192,167.0,LPLC2,orange,dend[430],0.2085710387378242
720575940613219474,392.976,238.56,166.48,392.896,238.416,166.6,LPLC2,orange,dend[420],0.37674735121355785
720575940616083345,388.512,234.848,165.56,388.624,234.736,165.4,LPLC2,orange,dend[425],0.8585437218648907
720575940616083345,390.496,233.952,168.08,390.64,233.744,168.04,LPLC2,orange,dend[430],0.5971385676232105
720575940627368254,391.904,234.816,165.96,391.984,234.944,166.04,LPLC2,orange,dend[429],0.5015414554815839
720575940626617084,391.648,234.16,166.64,391.552,234.336,166.6,LPLC2,orange,dend[430],0.05667919272132826
720575940612096462,391.504,230.336,165.92,391.568,230.48,166.0,LPLC2,orange,dend[463],0.5335345221434932
720575940612096462,391.472,230.704,164.96,391.408,230.832,165.04,LPLC2,orange,dend[463],0.5856670329191466
720575940612096462,392.784,237.296,166.2,392.96,237.36,166.16,LPLC2,orange,dend[420],0.7526114269482199
720575940612096462,392.624,238.192,166.92,392.704,238.368,166.88,LPLC2,orange,dend[420],0.3260477176782278
720575940617480094,389.008,233.904,164.84,389.072,233.872,165.0,LPLC2,orange,dend[426],0.20599443787761876
720575940617480094,388.832,233.872,164.88,388.816,233.68,164.96,LPLC2,orange,dend[426],0.39444432767844473
720575940617480094,388.736,233.632,164.56,388.56,233.472,164.64,LPLC2,orange,dend[426],0.6747380781294235
720575940622680088,390.144,235.76,168.84,390.128,235.968,168.8,LPLC2,orange,dend[449],0.8360205972451583
720575940622680088,388.272,231.408,163.96,388.256,231.264,163.88,LPLC2,orange,dend[465],0.7727727226857012
720575940624359093,390.128,236.288,168.8,390.176,236.064,168.8,LPLC2,orange,dend[449],0.7872242562971368
720575940623925774,390.144,232.736,167.36,390.256,232.592,167.4,LPLC2,orange,dend[430],0.9639386109588841
720575940643740964,391.04,234.752,165.28,390.848,234.896,165.28,LPLC2,orange,dend[424],0.1487638674622836
720575940643740964,391.168,234.448,166.76,391.376,234.352,166.72,LPLC2,orange,dend[430],0.10488998322772908
720575940638835288,390.272,239.12,164.32,390.448,239.072,164.28,LPLC2,orange,dend[396],0.60561608582235
720575940645328436,391.12,235.232,165.28,391.152,235.12,165.16,LPLC2,orange,dend[422],0.8221459155855659
720575940645328436,392.032,235.12,164.84,391.856,235.344,164.76,LPLC2,orange,dend[422],0.355703591912886
720575940623827348,389.04,237.328,164.52,389.168,237.12,164.56,LPLC2,orange,dend[397],0.484844359035844
720575940606126438,389.888,234.528,164.92,389.68,234.56,164.96,LPLC2,orange,dend[424],0.6551529792956818
720575940606126438,391.616,231.072,164.92,391.504,230.896,165.04,LPLC2,orange,dend[463],0.5688918998059732
720575940628976956,388.048,233.392,164.72,388.176,233.424,164.6,LPLC2,orange,dend[426],0.8528815692801425
720575940607845250,390.128,230.672,164.64,390.288,230.64,164.52,LPLC2,orange,dend[463],0.7880490402118345
720575940608088259,391.824,235.536,164.64,391.776,235.376,164.76,LPLC2,orange,dend[422],0.4103282715920651
720575940614738444,388.96,233.44,164.8,388.752,233.552,164.84,LPLC2,orange,dend[426],0.5078734071113848
720575940614738444,389.344,233.84,164.8,389.168,233.952,164.96,LPLC2,orange,dend[426],0.14879606691776553
720575940614738444,391.68,230.064,166.16,391.6,230.256,166.2,LPLC2,orange,dend[463],0.5260477160407557
720575940625216202,391.168,234.24,167.24,391.2,234.128,167.04,LPLC2,orange,dend[430],0.246758412196141
720575940625216202,389.6,234.736,164.8,389.552,234.544,164.88,LPLC2,orange,dend[424],0.7049536673247521
720575940634700980,390.56,239.152,164.08,390.496,239.072,164.2,LPLC2,orange,dend[396],0.6080861146888269
720575940612874536,389.2,230.48,164.4,389.232,230.384,164.24,LPLC2,orange,dend[463],0.9730363602050704
720575940612874536,389.12,230.992,164.16,389.056,230.88,164.04,LPLC2,orange,dend[465],0.21047864797934354
720575940641552347,393.168,236.0,164.84,393.088,236.16,164.96,LPLC2,orange,dend[421],0.3966620773738278
720575940626375172,392.992,233.84,170.16,393.056,233.984,170.2,LPLC2,orange,dend[451],0.9666602859896579
720575940626375172,392.592,234.016,170.12,392.688,234.208,170.12,LPLC2,orange,dend[451],0.8966069579293218
720575940615953302,390.976,236.528,170.04,390.816,236.56,169.96,LPLC2,orange,dend[450],0.06400374167308352
720575940629368015,392.96,235.984,170.4,392.752,235.888,170.4,LPLC2,orange,dend[451],0.576965022753874
720575940629368015,392.72,236.384,170.76,392.528,236.4,170.68,LPLC2,orange,dend[451],0.46517621033821027
720575940615953302,390.672,236.192,169.8,390.656,236.4,169.8,LPLC2,orange,dend[448],1.0
720575940610226645,390.816,235.152,170.44,390.576,235.072,170.4,LPLC2,orange,dend[450],0.8112076773473899
720575940624417584,389.968,236.08,170.84,390.096,235.808,170.84,LPLC2,orange,dend[450],0.5353740077337644
720575940647369507,392.336,234.352,170.12,392.576,234.432,170.16,LPLC2,orange,dend[451],0.8457066547657216
720575940647369507,390.064,234.72,170.12,390.24,234.816,170.12,LPLC2,orange,dend[450],0.9605787776132552
720575940648418425,391.04,237.456,169.28,391.232,237.52,169.36,LPLC2,orange,dend[448],0.45659923976275096
720575940616083345,390.496,235.056,170.6,390.4,235.168,170.48,LPLC2,orange,dend[450],0.7931954983860031
720575940615055989,392.48,237.504,170.72,392.368,237.536,170.56,LPLC2,orange,dend[451],0.23116450875331193
720575940624359093,391.28,237.552,169.12,391.248,237.648,169.28,LPLC2,orange,dend[448],0.4037599985023356
720575940638835288,390.608,235.984,169.2,390.464,236.176,169.16,LPLC2,orange,dend[449],0.4478239538581643
720575940638835288,390.704,236.064,169.32,390.576,236.288,169.36,LPLC2,orange,dend[449],0.2679973099903753
720575940638835288,390.64,235.984,170.76,390.448,235.952,170.68,LPLC2,orange,dend[450],0.3925899576854418
720575940611567638,390.752,236.8,169.32,390.912,236.784,169.48,LPLC2,orange,dend[448],0.8192923213830703
720575940607845250,390.144,235.552,171.0,390.144,235.68,170.84,LPLC2,orange,dend[450],0.5969922408021168
720575940607845250,392.4,235.504,170.36,392.624,235.424,170.4,LPLC2,orange,dend[451],0.658599418483266
720575940632009167,391.936,238.24,169.84,391.92,238.384,169.96,LPLC2,orange,dend[451],0.027461197312767673
720575940632009167,391.712,237.984,170.64,391.968,237.904,170.64,LPLC2,orange,dend[451],0.13282040089508582
720575940632009167,391.6,238.416,170.48,391.696,238.496,170.36,LPLC2,orange,dend[451],0.0048476268977670385
720575940632009167,391.424,237.936,169.2,391.28,237.856,169.28,LPLC2,orange,dend[448],0.3098847215806511
720575940635004271,390.384,236.432,170.16,390.576,236.432,170.2,LPLC2,orange,dend[450],0.06434602578792825
720575940624531652,405.36,223.168,152.96,405.264,223.36,152.84,LPLC2,orange,dend[840],0.9897245075815329
720575940635234478,405.04,223.696,152.64,405.232,223.552,152.6,LPLC2,orange,dend[840],0.9082117727069585
720575940623551684,405.024,223.456,152.32,405.184,223.616,152.28,LPLC2,orange,dend[840],0.8143324413947319
720575940613145258,404.224,224.128,149.92,404.336,224.0,149.84,LPLC2,orange,dend[840],0.07745343847333522
720575940626384200,405.168,220.448,149.68,405.232,220.448,149.52,LPLC2,orange,dend[837],0.9280275935556752
720575940626414279,405.232,223.536,152.92,405.264,223.392,152.8,LPLC2,orange,dend[840],0.9764626299404395
720575940624417584,404.512,224.064,151.48,404.432,223.84,151.52,LPLC2,orange,dend[840],0.5469880307722029
720575940647369507,403.904,223.616,151.76,404.08,223.76,151.8,LPLC2,orange,dend[840],0.6071190949324924
720575940647369507,403.84,223.6,151.96,404.032,223.712,151.96,LPLC2,orange,dend[840],0.6509511130554008
720575940640302389,405.472,220.8,149.92,405.472,220.592,149.84,LPLC2,orange,dend[837],0.9778564954216494
720575940628921303,404.208,223.744,151.56,404.368,223.76,151.64,LPLC2,orange,dend[840],0.5816300678595038
720575940627368254,404.944,223.776,152.2,405.088,223.616,152.16,LPLC2,orange,dend[840],0.7762863480666132
720575940627368254,404.448,223.824,152.12,404.304,223.712,152.0,LPLC2,orange,dend[840],0.6781941618750562
720575940627368254,405.104,223.84,152.24,405.184,223.648,152.24,LPLC2,orange,dend[840],0.8010705637536444
720575940627368254,404.736,223.776,152.04,404.784,223.712,151.88,LPLC2,orange,dend[840],0.6750945110516486
720575940626617084,404.368,223.824,150.08,404.368,224.032,150.04,LPLC2,orange,dend[840],0.1305764023482818
720575940626617084,404.72,224.048,150.32,404.528,224.24,150.2,LPLC2,orange,dend[840],0.16685744467539168
720575940612096462,404.688,220.832,149.16,404.592,220.656,149.16,LPLC2,orange,dend[837],0.7917852824286759
720575940612096462,404.96,220.688,149.28,404.88,220.528,149.36,LPLC2,orange,dend[837],0.8591625674667879
720575940630731847,404.32,223.536,152.0,404.32,223.712,151.92,LPLC2,orange,dend[840],0.6576837722264114
720575940614738444,404.704,223.568,151.72,404.64,223.744,151.68,LPLC2,orange,dend[840],0.610133774459053
720575940626375172,407.552,228.192,154.36,407.328,228.304,154.36,LPLC2,orange,dend[1244],0.3472584944923475
720575940642414837,408.512,226.544,157.76,408.32,226.448,157.76,LPLC2,orange,dend[1233],0.6809780717300439
720575940624531652,405.456,227.264,154.68,405.616,227.168,154.72,LPLC2,orange,dend[1244],0.9054569897566779
720575940624531652,408.032,228.544,154.4,407.936,228.704,154.36,LPLC2,orange,dend[1244],0.14428582431953704
720575940623551684,402.48,228.992,157.56,402.544,229.2,157.6,LPLC2,orange,dend[1223],0.013590018241383778
720575940626414279,406.528,227.808,155.0,406.432,227.824,154.84,LPLC2,orange,dend[1244],0.6033230780439219
720575940626414279,406.624,227.76,154.96,406.544,227.776,154.8,LPLC2,orange,dend[1244],0.5927717265273155
720575940626414279,403.296,229.36,157.6,403.216,229.296,157.76,LPLC2,orange,dend[1221],0.7298472154336376
720575940635307639,405.456,226.832,154.44,405.456,227.008,154.48,LPLC2,orange,dend[1244],0.9803973681537034
720575940619750822,408.048,228.832,154.04,408.064,228.752,154.2,LPLC2,orange,dend[1244],0.11584776620465811
720575940641704656,407.872,226.864,157.8,407.968,226.752,157.92,LPLC2,orange,dend[1233],0.6074293616486431
720575940629292785,402.752,229.04,158.24,402.8,229.136,158.08,LPLC2,orange,dend[1221],0.8322427013901776
720575940612560680,407.568,228.976,154.36,407.696,228.832,154.44,LPLC2,orange,dend[1244],0.1619457099590836
720575940640302389,407.888,228.864,154.72,407.776,228.848,154.52,LPLC2,orange,dend[1244],0.1393986649831819
720575940640302389,407.152,227.952,154.68,406.912,227.968,154.56,LPLC2,orange,dend[1244],0.49048966961209245
720575940640302389,407.056,228.288,154.76,406.896,228.208,154.6,LPLC2,orange,dend[1244],0.4423791774989246
720575940640302389,407.904,228.864,154.72,407.808,228.928,154.56,LPLC2,orange,dend[1244],0.11483641638295776
720575940612560680,401.968,228.672,158.28,402.16,228.576,158.24,LPLC2,orange,dend[1224],0.863636980247784
720575940612560680,401.504,228.96,156.52,401.568,229.184,156.52,LPLC2,orange,dend[1223],0.3828784500569907
720575940635516084,408.752,225.696,157.28,408.816,225.552,157.4,LPLC2,orange,dend[1233],0.8400407108638738
720575940625700739,405.616,229.344,158.48,405.44,229.456,158.56,LPLC2,orange,dend[1220],0.9031269599678856
720575940628921303,402.384,228.56,158.16,402.192,228.592,158.24,LPLC2,orange,dend[1224],0.8408290016292204
720575940632129848,406.592,228.224,154.6,406.656,228.0,154.6,LPLC2,orange,dend[1244],0.5328496734125556
720575940632129848,403.76,229.04,157.84,403.696,229.232,157.92,LPLC2,orange,dend[1221],0.5604827614705133
720575940628921303,402.832,228.832,158.08,402.72,229.04,158.04,LPLC2,orange,dend[1221],0.8679375869656811
720575940632129848,407.04,228.32,154.32,407.12,228.24,154.44,LPLC2,orange,dend[1244],0.3982435975831222
720575940632080146,402.0,229.056,156.28,401.84,229.12,156.36,LPLC2,orange,dend[1223],0.3364297180518228
720575940622680088,407.616,228.688,154.64,407.712,228.8,154.52,LPLC2,orange,dend[1244],0.16198182157143134
720575940625477721,404.032,229.072,158.12,403.952,229.28,158.08,LPLC2,orange,dend[1221],0.4565180394582896
720575940623652083,407.76,227.728,158.4,407.68,227.568,158.36,LPLC2,orange,dend[1233],0.4728294787408536
720575940623925774,407.312,229.264,155.76,407.424,229.232,155.64,LPLC2,orange,dend[1245],0.961908970095777
720575940643740964,406.176,228.0,154.84,406.384,227.872,154.8,LPLC2,orange,dend[1244],0.6046128222525748
720575940643740964,406.144,228.032,154.6,406.368,227.92,154.68,LPLC2,orange,dend[1244],0.6029751156979262
720575940643740964,400.88,229.312,156.56,401.008,229.44,156.48,LPLC2,orange,dend[1223],0.5465750622334679
720575940606126438,402.08,228.576,158.04,402.192,228.592,158.24,LPLC2,orange,dend[1224],0.8408290016292204
720575940606126438,406.704,227.472,154.72,406.592,227.664,154.72,LPLC2,orange,dend[1244],0.6098118323226009
720575940606126438,401.92,229.024,157.2,401.808,229.248,157.0,LPLC2,orange,dend[1223],0.25823573757782053
720575940607854531,394.832,225.984,163.24,394.704,226.112,163.08,LPLC2,orange,dend[466],0.9684127201022226
720575940620139678,395.344,227.28,163.12,395.376,227.056,163.12,LPLC2,orange,dend[466],0.8144229042052549
720575940623262461,394.848,226.912,162.44,394.768,226.672,162.44,LPLC2,orange,dend[466],0.9402089213752506
720575940622425271,395.024,227.072,160.72,394.992,226.928,160.6,LPLC2,orange,dend[467],0.9640072574393869
720575940632777124,396.016,228.512,164.64,396.176,228.528,164.52,LPLC2,orange,dend[466],0.4573007057739668
720575940630209603,396.528,228.432,164.32,396.352,228.32,164.28,LPLC2,orange,dend[466],0.5083248792228088
720575940632080146,396.32,227.712,163.88,396.208,227.888,163.84,LPLC2,orange,dend[466],0.6147309127893763
720575940610226645,406.832,231.6,142.84,406.704,231.408,142.84,LPLC2,orange,dend[972],0.8782768826954491
720575940610226645,406.704,231.6,143.08,406.736,231.44,143.04,LPLC2,orange,dend[972],0.9623052346060857
720575940639895003,406.768,231.248,142.96,406.72,231.424,142.88,LPLC2,orange,dend[972],0.8986048534296907
720575940626384200,402.752,231.792,147.56,402.736,231.696,147.72,LPLC2,orange,dend[964],0.2436221755208087
720575940626384200,404.08,231.248,145.68,403.904,231.136,145.6,LPLC2,orange,dend[978],0.43677401618961387
720575940626414279,403.696,232.144,148.36,403.44,232.24,148.24,LPLC2,orange,dend[963],0.7355825200046802
720575940639878352,403.84,232.0,146.16,403.632,232.016,146.08,LPLC2,orange,dend[965],0.5920536269609794
720575940639878352,402.864,232.112,147.6,402.976,231.968,147.68,LPLC2,orange,dend[963],0.9349247448340091
720575940614631079,403.152,231.472,147.36,402.928,231.408,147.36,LPLC2,orange,dend[964],0.47259579514836597
720575940614631079,403.712,231.568,147.0,403.632,231.744,147.04,LPLC2,orange,dend[965],0.23037432037431038
720575940632129848,404.368,231.424,144.96,404.288,231.632,144.88,LPLC2,orange,dend[966],0.2801714158323174
720575940619197318,403.712,231.744,147.44,403.504,231.84,147.48,LPLC2,orange,dend[963],1.0
720575940623925774,404.0,232.352,145.36,403.904,232.112,145.28,LPLC2,orange,dend[965],0.9264283208652067
720575940615332502,402.592,232.24,153.56,402.576,232.464,153.56,LPLC2,orange,dend[984],0.43152829459084774
720575940615332502,403.6,232.768,149.72,403.488,232.944,149.68,LPLC2,orange,dend[963],0.21946398277361912
720575940636295019,407.632,235.152,150.16,407.536,235.04,150.28,LPLC2,orange,dend[944],1.0
720575940636295019,404.736,233.856,151.12,404.752,233.648,151.08,LPLC2,orange,dend[950],0.2871427177495347
720575940623551684,403.312,233.68,150.4,403.264,233.584,150.56,LPLC2,orange,dend[950],0.9086630202237865
720575940625695269,405.424,245.072,153.52,405.36,245.152,153.68,LPLC2,orange,dend[253],0.5386492998910292
720575940625695269,403.68,232.48,148.92,403.456,232.528,148.88,LPLC2,orange,dend[963],0.5098325155432486
720575940626384200,402.384,232.512,153.56,402.496,232.432,153.48,LPLC2,orange,dend[984],0.49939764846471224
720575940626384200,404.4,231.504,153.4,404.256,231.712,153.52,LPLC2,orange,dend[985],0.9425554735840875
720575940624755504,408.16,243.312,152.8,408.192,243.376,152.92,LPLC2,orange,dend[177],0.41833487355027765
720575940635307639,404.832,245.408,152.6,404.656,245.504,152.64,LPLC2,orange,dend[251],0.8182235674561325
720575940635307639,407.328,235.248,150.36,407.424,235.04,150.36,LPLC2,orange,dend[944],1.0
720575940626414279,407.392,233.936,152.92,407.088,233.888,152.84,LPLC2,orange,dend[988],0.810663328070851
720575940626414279,401.792,232.08,153.44,401.984,232.096,153.44,LPLC2,orange,dend[984],0.91873801140887
720575940635307639,407.28,235.84,150.72,407.408,235.968,150.88,LPLC2,orange,dend[989],0.2695282031735367
720575940639878352,407.824,231.168,150.12,407.776,231.408,150.12,LPLC2,orange,dend[946],0.949321376635774
720575940613470947,403.952,245.232,148.92,404.0,245.36,148.84,LPLC2,orange,dend[248],0.8395190130507528
720575940611821334,406.16,233.408,152.8,406.064,233.328,152.76,LPLC2,orange,dend[981],0.17689100517898917
720575940613470947,402.16,235.728,150.88,402.112,235.648,150.72,LPLC2,orange,dend[962],0.8775682841042016
720575940611821334,407.408,233.472,149.56,407.6,233.568,149.56,LPLC2,orange,dend[946],0.2934161408814641
720575940611821334,406.816,233.744,152.6,406.976,233.792,152.72,LPLC2,orange,dend[988],0.6241194165924033
720575940629292785,403.168,232.176,148.68,403.36,232.304,148.6,LPLC2,orange,dend[963],0.6227454681395557
720575940629292785,403.312,232.624,149.28,403.472,232.72,149.24,LPLC2,orange,dend[963],0.37846686902863985
720575940625697772,393.872,238.0,152.08,394.0,237.952,151.92,LPLC2,orange,dend[958],0.8501546813973618
720575940610226645,407.744,233.664,149.4,407.6,233.632,149.52,LPLC2,orange,dend[946],0.27484919898332294
720575940631380695,403.968,245.488,151.44,404.064,245.712,151.4,LPLC2,orange,dend[249],0.9633058814722384
720575940631380695,407.616,231.408,149.88,407.696,231.536,149.96,LPLC2,orange,dend[946],0.9084229037649373
720575940631380695,404.528,245.168,150.76,404.48,245.376,150.76,LPLC2,orange,dend[249],0.8796034068019993
720575940632777124,407.712,233.552,149.84,407.744,233.44,149.68,LPLC2,orange,dend[946],0.3395859542414724
720575940632777124,407.36,234.16,149.6,407.552,234.112,149.68,LPLC2,orange,dend[946],0.1223007662198849
720575940632777124,407.296,234.048,150.36,407.376,234.16,150.56,LPLC2,orange,dend[945],1.0
720575940647369507,405.824,234.32,150.44,405.968,234.256,150.52,LPLC2,orange,dend[947],0.6869726218571701
720575940647369507,404.0,245.536,151.76,403.984,245.744,151.68,LPLC2,orange,dend[251],0.14065484799119712
720575940647369507,404.384,245.616,151.92,404.352,245.856,151.92,LPLC2,orange,dend[251],0.3221492802269254
720575940647369507,406.624,233.728,150.72,406.656,233.936,150.76,LPLC2,orange,dend[947],0.4958958387072713
720575940647369507,403.648,245.408,151.76,403.632,245.6,151.68,LPLC2,orange,dend[251],0.09922429033286383
720575940618608177,404.464,245.408,152.84,404.608,245.456,152.72,LPLC2,orange,dend[251],0.8606019683776029
720575940622009284,404.976,233.664,151.28,405.024,233.68,151.16,LPLC2,orange,dend[950],0.17473905325497435
720575940640302389,407.68,232.4,149.56,407.744,232.544,149.68,LPLC2,orange,dend[946],0.611690590512853
720575940612560680,403.008,232.368,153.56,402.944,232.528,153.68,LPLC2,orange,dend[984],0.16024866952392014
720575940640302389,408.0,232.496,149.48,408.096,232.704,149.52,LPLC2,orange,dend[946],0.5907891942586574
720575940635516084,406.784,235.232,150.4,406.912,235.04,150.48,LPLC2,orange,dend[947],0.174545234835349
720575940603989420,407.52,242.944,152.88,407.488,242.928,153.04,LPLC2,orange,dend[178],0.49731977641771097
720575940628921303,409.488,243.328,151.6,409.6,243.552,151.6,LPLC2,orange,dend[173],0.6357813611213895
720575940603989420,407.408,232.032,150.2,407.552,231.872,150.08,LPLC2,orange,dend[946],0.7938713214001726
720575940603989420,407.84,242.816,153.08,407.696,242.96,153.16,LPLC2,orange,dend[178],0.25663792004163294
720575940603989420,407.568,232.64,149.52,407.76,232.624,149.64,LPLC2,orange,dend[946],0.5893651964875618
720575940632129848,406.736,242.448,152.04,406.896,242.368,152.08,LPLC2,orange,dend[180],0.8955073122719154
720575940628921303,408.176,231.248,149.96,408.016,231.408,150.04,LPLC2,orange,dend[946],0.9675679722579769
720575940632129848,407.152,235.616,152.36,407.312,235.744,152.28,LPLC2,orange,dend[989],0.7606045681605077
720575940628921303,409.04,243.744,151.28,409.2,243.888,151.24,LPLC2,orange,dend[173],0.02392975650636342
720575940628921303,404.384,245.056,152.64,404.56,245.2,152.64,LPLC2,orange,dend[255],0.9360508999410402
720575940648418425,402.592,235.632,150.8,402.464,235.504,150.88,LPLC2,orange,dend[962],0.8560875945390076
720575940619197318,407.968,232.272,149.88,407.776,232.352,149.8,LPLC2,orange,dend[946],0.6695925346769499
720575940619197318,407.76,231.808,149.76,407.648,231.84,149.88,LPLC2,orange,dend[946],0.8145382172822612
720575940619197318,408.096,231.664,150.12,408.032,231.44,150.08,LPLC2,orange,dend[946],0.9580814052190167
720575940619197318,407.76,231.568,150.36,407.76,231.456,150.28,LPLC2,orange,dend[946],0.9301673691157063
720575940619197318,407.12,234.56,151.08,407.04,234.416,150.96,LPLC2,orange,dend[947],0.30848322507162845
720575940616008854,407.2,242.368,152.64,407.2,242.64,152.72,LPLC2,orange,dend[180],0.2680514861118382
720575940632080146,404.4,245.328,152.48,404.576,245.296,152.6,LPLC2,orange,dend[255],0.792497903931774
720575940619263937,406.88,234.08,152.76,406.944,233.84,152.76,LPLC2,orange,dend[988],0.6529844483704887
720575940653666465,402.24,235.136,150.52,402.128,235.168,150.64,LPLC2,orange,dend[962],0.5434875552333982
720575940653666465,402.336,235.216,150.56,402.208,235.28,150.68,LPLC2,orange,dend[962],0.6407103147854498
720575940653666465,408.976,235.6,149.84,409.072,235.424,149.8,LPLC2,orange,dend[944],0.31743401569148894
720575940653666465,407.488,235.552,153.08,407.392,235.536,152.92,LPLC2,orange,dend[989],0.9743149915147704
720575940616083345,408.176,235.216,150.52,408.096,235.312,150.4,LPLC2,orange,dend[944],0.7772000507256905
720575940626617084,406.88,236.592,151.44,407.008,236.4,151.48,LPLC2,orange,dend[989],0.5245739110977554
720575940620306904,400.32,245.392,151.88,400.288,245.584,151.92,LPLC2,orange,dend[318],0.3152618884016001
720575940655750305,407.232,243.12,152.96,407.312,242.928,153.04,LPLC2,orange,dend[178],0.6493628500256019
720575940617289782,402.032,236.0,150.56,401.952,235.792,150.64,LPLC2,orange,dend[962],0.9428583049398006
720575940639895003,401.696,234.624,150.48,401.776,234.72,150.6,LPLC2,orange,dend[951],0.9263164728083573
720575940625477721,406.464,242.896,153.36,406.688,242.88,153.28,LPLC2,orange,dend[179],1.0
720575940623925774,406.96,236.032,151.84,407.168,236.096,151.8,LPLC2,orange,dend[989],0.6151111209904538
720575940624359093,404.352,234.24,150.96,404.208,234.176,150.84,LPLC2,orange,dend[950],0.49604328418770055
720575940624359093,405.168,234.224,150.16,405.12,234.0,150.16,LPLC2,orange,dend[948],0.9359468719682587
720575940645328436,409.456,235.792,149.64,409.552,235.632,149.64,LPLC2,orange,dend[944],0.08361514132407637
720575940607845250,402.848,233.76,150.36,402.848,233.584,150.48,LPLC2,orange,dend[951],0.21410455080537785
720575940630731847,407.664,234.784,150.6,407.488,234.832,150.52,LPLC2,orange,dend[944],1.0
720575940630731847,407.92,234.416,150.04,407.712,234.368,150.0,LPLC2,orange,dend[945],0.9765414923986399
720575940632779932,401.936,235.216,150.6,402.112,235.168,150.68,LPLC2,orange,dend[962],0.5392692497192383
720575940608088259,407.184,242.992,153.32,407.12,242.864,153.16,LPLC2,orange,dend[178],0.7926760611488574
720575940614738444,405.28,233.92,150.0,405.168,234.0,150.16,LPLC2,orange,dend[948],0.9161138458916286
720575940614738444,405.456,233.68,150.52,405.376,233.888,150.52,LPLC2,orange,dend[948],0.5356939686618415
720575940614738444,405.6,233.52,150.92,405.504,233.648,151.0,LPLC2,orange,dend[949],0.601012860253512
720575940614738444,406.624,243.152,152.84,406.656,242.992,152.92,LPLC2,orange,dend[179],1.0
720575940632009167,407.344,235.776,152.76,407.36,235.648,152.64,LPLC2,orange,dend[989],0.8819718740474838
720575940632009167,406.976,242.176,152.32,407.072,242.352,152.32,LPLC2,orange,dend[180],0.6893575993101394
720575940632009167,407.376,235.872,152.64,407.36,235.68,152.56,LPLC2,orange,dend[989],0.8552609775185714
720575940632009167,407.392,235.536,152.08,407.344,235.744,152.16,LPLC2,orange,dend[989],0.7165074009004732
720575940615332502,399.312,241.648,153.88,399.248,241.552,154.0,LPLC2,orange,dend[325],0.7833481928600919
720575940615332502,406.032,230.96,157.36,406.128,231.056,157.48,LPLC2,orange,dend[1216],0.9822219510700307
720575940615332502,395.28,236.832,157.72,395.216,236.768,157.88,LPLC2,orange,dend[584],0.31052039220598215
720575940615332502,408.288,230.688,155.96,408.16,230.736,155.8,LPLC2,orange,dend[1241],0.46210419032782724
720575940615332502,408.672,232.32,155.0,408.912,232.4,155.08,LPLC2,orange,dend[1212],0.7276747560910528
720575940615332502,408.576,232.128,155.16,408.768,232.192,155.28,LPLC2,orange,dend[1212],0.8135185344804332
720575940615332502,395.344,235.952,157.44,395.52,236.0,157.52,LPLC2,orange,dend[584],0.5452941425060016
720575940615332502,408.496,231.696,155.64,408.704,231.744,155.72,LPLC2,orange,dend[1212],0.9212643387829748
720575940626375172,405.408,230.432,157.76,405.504,230.592,157.88,LPLC2,orange,dend[1220],0.38851734412490324
720575940626375172,401.6,242.832,156.28,401.728,242.736,156.12,LPLC2,orange,dend[760],0.5317202394544126
720575940626375172,406.656,233.744,156.68,406.688,233.92,156.6,LPLC2,orange,dend[1240],0.6195551921971221
720575940626375172,403.52,234.368,154.04,403.28,234.304,154.08,LPLC2,orange,dend[986],0.4069745602953588
720575940626375172,406.976,233.264,156.96,407.072,233.344,157.08,LPLC2,orange,dend[1238],0.8540650813707563
720575940626375172,403.68,234.176,154.12,403.584,233.984,154.04,LPLC2,orange,dend[986],0.26116913437975936
720575940636529520,406.88,234.208,157.96,406.896,234.112,157.84,LPLC2,orange,dend[1239],0.8240693770770688
720575940642414837,405.792,229.712,158.4,405.536,229.744,158.44,LPLC2,orange,dend[1220],0.7699417201953671
720575940636295019,398.912,240.704,153.84,399.088,240.624,153.8,LPLC2,orange,dend[325],0.9535879964782327
720575940636295019,395.008,236.848,157.8,395.12,236.832,157.92,LPLC2,orange,dend[584],0.27947288092256306
720575940624531652,409.312,232.256,154.92,409.184,232.368,155.04,LPLC2,orange,dend[1212],0.6377287173892051
720575940636295019,403.28,233.936,154.04,403.36,234.112,154.08,LPLC2,orange,dend[986],0.3256695227438303
720575940636295019,401.264,245.088,155.16,401.12,245.136,155.32,LPLC2,orange,dend[715],0.7252757101020669
720575940636295019,406.4,231.792,157.24,406.528,231.68,157.32,LPLC2,orange,dend[1216],0.532873900532681
720575940636295019,408.704,231.2,155.96,408.56,231.248,155.8,LPLC2,orange,dend[1241],0.2437314342371942
720575940636295019,398.864,241.232,153.88,399.072,241.248,153.92,LPLC2,orange,dend[325],0.8370628032277655
720575940636295019,406.288,231.664,157.16,406.368,231.488,157.28,LPLC2,orange,dend[1216],0.6738877402668574
720575940636295019,403.424,233.872,154.4,403.696,233.76,154.24,LPLC2,orange,dend[981],1.0
720575940635234478,400.112,230.272,156.48,400.08,230.112,156.4,LPLC2,orange,dend[1223],0.8431069811869865
720575940635234478,399.856,242.96,154.72,399.664,242.944,154.64,LPLC2,orange,dend[325],0.5198053664106246
720575940635234478,397.248,242.272,156.08,397.392,242.176,156.16,LPLC2,orange,dend[631],0.7962850459646432
720575940635234478,397.488,241.728,155.36,397.424,241.632,155.48,LPLC2,orange,dend[631],0.9827121296847823
720575940635234478,397.184,242.32,156.36,397.36,242.256,156.36,LPLC2,orange,dend[631],0.7593861328703525
720575940635234478,399.824,243.28,154.8,399.568,243.28,154.72,LPLC2,orange,dend[325],0.45471776125098257
720575940613145258,407.2,233.856,156.48,407.184,233.952,156.64,LPLC2,orange,dend[1240],0.31317104103045407
720575940613145258,406.912,233.648,157.08,406.992,233.44,157.12,LPLC2,orange,dend[1238],0.9231102431558589
720575940613145258,406.88,234.096,157.64,406.816,234.08,157.76,LPLC2,orange,dend[1239],0.7187189989588934
720575940623551684,397.408,241.744,155.88,397.456,241.904,155.84,LPLC2,orange,dend[631],0.8899527557801976
720575940623551684,405.36,232.256,157.68,405.536,232.208,157.8,LPLC2,orange,dend[1217],0.3714281115153211
720575940623551684,404.608,234.016,154.36,404.464,233.936,154.36,LPLC2,orange,dend[987],0.6311638687315535
720575940613145258,406.784,233.824,157.44,406.736,233.728,157.52,LPLC2,orange,dend[1239],0.31315851010987855
720575940615953302,406.768,234.048,156.8,406.8,233.952,156.68,LPLC2,orange,dend[1240],0.5076936499437105
720575940625695269,408.096,230.432,155.72,408.064,230.656,155.72,LPLC2,orange,dend[1241],0.513450223170543
720575940625695269,407.728,229.472,155.6,407.536,229.264,155.6,LPLC2,orange,dend[1245],0.8425645815888613
720575940625695269,406.8,233.088,157.32,407.008,233.024,157.24,LPLC2,orange,dend[1238],0.6577454420616184
720575940625695269,404.816,232.464,158.16,404.928,232.448,158.28,LPLC2,orange,dend[1217],0.7415829451218791
720575940626384200,408.464,230.496,154.68,408.384,230.544,154.84,LPLC2,orange,dend[1241],0.6384866381370861
720575940626384200,406.816,231.408,157.08,406.672,231.504,157.2,LPLC2,orange,dend[1216],0.4725979128493762
720575940626384200,401.888,229.52,156.84,401.808,229.312,156.88,LPLC2,orange,dend[1223],0.28255736873643356
720575940635307639,401.552,241.344,156.2,401.616,241.184,156.24,LPLC2,orange,dend[761],0.6027898452562266
720575940626414279,403.92,229.472,158.0,403.952,229.328,158.08,LPLC2,orange,dend[1221],0.45389249390312675
720575940626414279,399.168,241.952,154.04,399.296,241.744,154.08,LPLC2,orange,dend[325],0.7470912066374924
720575940624755504,402.576,234.768,154.12,402.816,234.832,154.04,LPLC2,orange,dend[986],0.6473598103791841
720575940626414279,403.792,229.632,158.2,403.872,229.456,158.2,LPLC2,orange,dend[1221],0.4577396627122462
720575940639878352,399.552,242.544,154.76,399.696,242.528,154.6,LPLC2,orange,dend[325],0.5965390919621323
720575940639878352,407.824,229.856,154.72,407.776,229.792,154.92,LPLC2,orange,dend[1241],0.9498048182935248
720575940639878352,407.504,230.512,154.92,407.712,230.432,155.08,LPLC2,orange,dend[1241],0.7336318794401453
720575940619750822,396.384,235.328,156.52,396.24,235.248,156.44,LPLC2,orange,dend[584],0.9507136202980859
720575940619750822,407.392,230.256,155.08,407.584,230.048,155.08,LPLC2,orange,dend[1241],0.8725399778318407
720575940611821334,393.248,239.136,158.36,393.12,239.168,158.52,LPLC2,orange,dend[579],0.9082328811944009
720575940611821334,408.08,232.352,157.08,408.064,232.096,157.08,LPLC2,orange,dend[1213],0.9302850239534741
720575940611821334,395.872,235.296,156.64,396.048,235.392,156.64,LPLC2,orange,dend[584],0.8666010374770904
720575940613470947,407.424,234.144,156.6,407.408,233.952,156.64,LPLC2,orange,dend[1240],0.18394252090463975
720575940611821334,398.992,243.712,154.92,399.184,243.808,154.92,LPLC2,orange,dend[325],0.34502932727305213
720575940611821334,395.696,235.424,157.12,395.776,235.632,157.08,LPLC2,orange,dend[584],0.7160475450496812
720575940611821334,399.504,242.48,154.28,399.568,242.208,154.4,LPLC2,orange,dend[325],0.6582927905138278
720575940630831185,398.768,244.688,155.4,398.608,244.784,155.36,LPLC2,orange,dend[325],0.142595849665044
720575940630831185,403.696,233.28,158.52,403.904,233.184,158.44,LPLC2,orange,dend[1219],0.7382075027318764
720575940622156799,407.36,232.592,157.32,407.184,232.576,157.24,LPLC2,orange,dend[1238],0.3555010366117696
720575940622156799,407.328,232.976,157.16,407.136,233.056,157.16,LPLC2,orange,dend[1238],0.6640936999046061
720575940610226645,402.48,235.664,154.04,402.4,235.52,153.96,LPLC2,orange,dend[986],0.9488611478029707
720575940610226645,401.872,242.112,156.32,401.84,242.048,156.16,LPLC2,orange,dend[760],0.7355110304379961
720575940631380695,407.744,230.832,155.76,407.792,230.656,155.84,LPLC2,orange,dend[1241],0.534210141992719
720575940631380695,407.872,230.88,155.76,407.936,230.704,155.8,LPLC2,orange,dend[1241],0.5045281984357003
720575940631380695,401.904,240.608,156.28,402.128,240.56,156.36,LPLC2,orange,dend[762],0.6935369663313043
720575940631380695,401.04,229.808,156.4,400.832,229.6,156.4,LPLC2,orange,dend[1223],0.6157639895452648
720575940631380695,401.472,240.928,156.36,401.472,241.104,156.28,LPLC2,orange,dend[761],0.8863718602207336
720575940632777124,394.8,237.2,157.96,394.864,237.056,158.08,LPLC2,orange,dend[584],0.17879156437786656
720575940626236041,402.784,240.864,156.04,402.544,240.96,156.08,LPLC2,orange,dend[762],0.2827762654194112
720575940614631079,408.24,230.4,154.88,408.352,230.544,154.88,LPLC2,orange,dend[1241],0.6369233194362982
720575940614631079,399.632,238.784,157.96,399.568,238.672,158.12,LPLC2,orange,dend[659],0.978897887906168
720575940614631079,408.464,232.416,156.16,408.512,232.192,156.2,LPLC2,orange,dend[1213],0.11050642217599689
720575940614631079,408.8,232.608,154.84,408.992,232.576,154.92,LPLC2,orange,dend[1212],0.6696000410178291
720575940647369507,399.104,240.32,153.84,399.072,240.528,153.8,LPLC2,orange,dend[325],0.9704908534971837
720575940640302389,406.848,229.712,155.32,406.976,229.728,155.16,LPLC2,orange,dend[1242],0.7802307407713817
720575940612560680,407.104,229.568,155.12,407.024,229.744,155.2,LPLC2,orange,dend[1242],0.7259262093308175
720575940640302389,400.656,229.936,156.2,400.464,229.824,156.28,LPLC2,orange,dend[1223],0.7428715156814456
720575940612560680,407.6,229.44,155.2,407.744,229.584,155.2,LPLC2,orange,dend[1241],0.9763142657954639
720575940622009284,404.368,234.416,154.6,404.4,234.16,154.44,LPLC2,orange,dend[987],0.7941200927335776
720575940640302389,394.832,239.008,158.04,394.736,239.104,158.16,LPLC2,orange,dend[587],0.8125490285376632
720575940616377817,404.544,230.208,158.28,404.48,230.08,158.44,LPLC2,orange,dend[1220],0.8656077245022626
720575940628921303,395.072,239.376,157.96,394.976,239.264,158.16,LPLC2,orange,dend[587],1.0
720575940628921303,394.048,240.368,158.64,393.888,240.384,158.76,LPLC2,orange,dend[579],0.3521451808475027
720575940603989420,400.464,245.312,154.76,400.416,245.488,154.84,LPLC2,orange,dend[715],0.45585395555323394
720575940603989420,402.0,229.888,158.08,402.0,229.792,158.16,LPLC2,orange,dend[1222],0.20743888512063735
720575940628921303,393.872,239.744,158.24,393.648,239.792,158.24,LPLC2,orange,dend[579],0.5511992893812047
720575940632129848,395.12,236.704,158.16,395.088,236.816,158.0,LPLC2,orange,dend[584],0.2649941033628229
720575940620139678,394.496,241.264,158.48,394.48,241.392,158.32,LPLC2,orange,dend[612],0.3287726994876005
720575940619197318,401.872,242.544,156.28,401.744,242.56,156.16,LPLC2,orange,dend[760],0.5840701400479532
720575940619197318,399.28,243.808,154.72,399.36,243.68,154.84,LPLC2,orange,dend[325],0.37443213377966056
720575940619197318,397.2,242.624,156.16,397.376,242.512,156.28,LPLC2,orange,dend[631],0.7061532530586998
720575940619197318,404.0,233.232,154.36,403.888,233.408,154.24,LPLC2,orange,dend[981],1.0
720575940619197318,403.504,232.416,153.72,403.52,232.288,153.64,LPLC2,orange,dend[983],1.0
720575940619197318,397.184,242.784,156.28,397.36,242.736,156.36,LPLC2,orange,dend[631],0.6458308628473255
720575940619197318,403.824,232.96,154.08,403.76,233.136,154.0,LPLC2,orange,dend[982],0.6372983388266116
720575940632080146,397.456,242.064,156.64,397.312,242.176,156.64,LPLC2,orange,dend[631],0.7530090455831328
720575940619263937,404.688,230.512,158.6,404.656,230.272,158.6,LPLC2,orange,dend[1220],0.8117514958641584
720575940619263937,405.104,230.48,158.08,405.296,230.432,158.16,LPLC2,orange,dend[1220],0.5411087763384264
720575940619263937,402.432,241.12,155.92,402.56,240.976,155.92,LPLC2,orange,dend[762],0.23875187664720257
720575940619263937,402.208,241.584,156.28,402.0,241.568,156.24,LPLC2,orange,dend[760],0.8813852655818462
720575940613219474,394.864,241.616,157.48,394.704,241.552,157.44,LPLC2,orange,dend[614],0.6664461479624649
720575940613219474,395.056,241.648,157.4,395.12,241.488,157.44,LPLC2,orange,dend[613],0.9037319176772229
720575940613219474,395.152,236.16,157.76,395.328,236.288,157.72,LPLC2,orange,dend[584],0.4359395583869129
720575940653666465,404.848,232.768,158.56,404.72,232.608,158.48,LPLC2,orange,dend[1217],0.8947299164701421
720575940627368254,399.536,241.728,154.48,399.392,241.84,154.36,LPLC2,orange,dend[325],0.7221055160304966
720575940613219474,394.688,241.456,158.08,394.448,241.376,158.04,LPLC2,orange,dend[612],0.5534954670368307
720575940613219474,394.592,241.6,158.28,394.448,241.424,158.28,LPLC2,orange,dend[612],0.3701980970282653
720575940627368254,399.52,241.984,154.6,399.504,242.048,154.44,LPLC2,orange,dend[325],0.6843005245650294
720575940612096462,395.792,236.0,157.56,395.568,235.984,157.48,LPLC2,orange,dend[584],0.5612153802440205
720575940612096462,407.184,229.904,155.0,407.2,229.824,155.16,LPLC2,orange,dend[1242],0.4956614519823734
720575940612096462,409.04,231.616,155.64,408.88,231.76,155.68,LPLC2,orange,dend[1212],0.858844611663639
720575940612096462,406.784,229.68,154.96,406.848,229.632,155.12,LPLC2,orange,dend[1242],0.9403447796650354
720575940617289782,403.904,233.728,158.6,403.984,233.52,158.6,LPLC2,orange,dend[1219],0.946634328899662
720575940622680088,399.84,230.464,156.28,399.744,230.288,156.32,LPLC2,orange,dend[1223],0.9519768820794886
720575940615055989,405.312,242.272,156.0,405.488,242.432,156.04,LPLC2,orange,dend[746],0.3809630841443229
720575940615055989,400.912,244.768,155.28,400.928,244.992,155.32,LPLC2,orange,dend[715],0.7000555548151106
720575940615055989,405.76,240.176,157.84,405.776,240.384,157.88,LPLC2,orange,dend[1119],0.9350051391357918
720575940615055989,401.392,244.0,155.84,401.584,244.064,155.92,LPLC2,orange,dend[760],0.13809730573374965
720575940624359093,395.92,235.728,156.8,395.92,235.536,156.88,LPLC2,orange,dend[584],0.7850338543252814
720575940617997241,408.896,237.808,157.2,409.088,237.872,157.2,LPLC2,orange,dend[1132],0.3438767669555159
720575940643740964,400.224,229.792,156.44,400.272,229.952,156.36,LPLC2,orange,dend[1223],0.7884369568453518
720575940643740964,401.664,229.504,156.64,401.616,229.344,156.72,LPLC2,orange,dend[1223],0.35582124359578643
720575940617997241,399.472,230.336,156.32,399.696,230.304,156.32,LPLC2,orange,dend[1223],0.9649284155847805
720575940643740964,400.048,229.872,156.52,400.096,230.08,156.4,LPLC2,orange,dend[1223],0.8362963713731039
720575940638835288,407.664,233.824,156.52,407.456,233.936,156.64,LPLC2,orange,dend[1240],0.15286233924190504
720575940645328436,397.184,242.192,156.88,397.28,242.176,156.68,LPLC2,orange,dend[631],0.7482887029161092
720575940645328436,396.8,243.808,156.76,396.832,243.984,156.84,LPLC2,orange,dend[631],0.28761078538295964
720575940645328436,397.04,243.616,156.6,397.216,243.632,156.64,LPLC2,orange,dend[631],0.4043365509131037
720575940645328436,397.072,243.296,156.52,397.248,243.296,156.52,LPLC2,orange,dend[631],0.49517192864129245
720575940645328436,406.256,233.664,156.4,406.336,233.84,156.44,LPLC2,orange,dend[1240],0.913734789425722
720575940623827348,399.264,238.8,158.64,399.376,238.736,158.92,LPLC2,orange,dend[659],0.6175658017835849
720575940606126438,409.072,231.568,157.08,408.96,231.552,157.2,LPLC2,orange,dend[1214],0.8325101421924818
720575940606126438,403.392,234.512,154.16,403.264,234.368,154.04,LPLC2,orange,dend[986],0.4342332648449362
720575940606126438,403.04,235.904,153.88,402.896,235.824,153.76,LPLC2,orange,dend[986],1.0
720575940606126438,402.032,242.48,155.92,401.824,242.352,156.0,LPLC2,orange,dend[760],0.643564203424326
720575940606126438,407.424,230.608,156.24,407.568,230.736,156.2,LPLC2,orange,dend[1241],0.48580262820326164
720575940628976956,402.064,241.184,156.48,402.08,241.2,156.28,LPLC2,orange,dend[760],0.9914177877452992
720575940628976956,399.552,243.152,154.84,399.584,243.232,154.68,LPLC2,orange,dend[325],0.4650569845973004
720575940628976956,406.288,234.096,156.36,406.416,233.904,156.44,LPLC2,orange,dend[1240],0.8811351702094781
720575940607845250,403.104,234.24,154.16,403.296,234.224,154.08,LPLC2,orange,dend[986],0.3742299839797806
720575940607845250,408.624,231.456,157.32,408.72,231.52,157.16,LPLC2,orange,dend[1214],0.660608200034345
720575940628976956,399.536,243.472,155.0,399.52,243.584,154.88,LPLC2,orange,dend[325],0.3935856881148873
720575940628976956,404.112,233.696,158.64,404.0,233.52,158.6,LPLC2,orange,dend[1219],0.9409720042958293
720575940607845250,402.224,240.128,156.4,402.112,240.352,156.36,LPLC2,orange,dend[762],0.9159991554499313
720575940607845250,402.912,234.4,154.08,403.088,234.544,154.04,LPLC2,orange,dend[986],0.515470901457872
720575940613763759,406.512,231.04,157.44,406.304,231.104,157.48,LPLC2,orange,dend[1216],0.8644786244014245
720575940608088259,405.456,229.696,158.2,405.376,229.808,158.32,LPLC2,orange,dend[1220],0.7525281965442829
720575940608088259,401.856,242.208,155.84,401.808,242.288,156.0,LPLC2,orange,dend[760],0.6616020270494346
720575940608088259,404.928,229.616,158.2,404.928,229.76,158.32,LPLC2,orange,dend[1220],0.8508660333324103
720575940608088259,404.4,230.032,158.24,404.464,230.0,158.4,LPLC2,orange,dend[1221],0.21445650321673732
720575940608088259,407.616,243.12,154.04,407.84,243.104,154.04,LPLC2,orange,dend[183],0.38903050139141365
720575940608088259,407.344,243.696,154.0,407.488,243.808,154.04,LPLC2,orange,dend[182],0.9126850171339562
720575940614738444,396.064,235.28,156.32,396.112,235.312,156.52,LPLC2,orange,dend[584],0.9087869624584315
720575940614738444,403.888,232.912,158.44,403.936,233.136,158.48,LPLC2,orange,dend[1219],0.6866067657556014
720575940614738444,403.952,232.864,158.48,404.064,232.976,158.6,LPLC2,orange,dend[1219],0.5084240631869291
720575940625216202,399.168,240.848,153.96,399.152,240.912,153.8,LPLC2,orange,dend[325],0.90321050479362
720575940625216202,401.04,229.472,156.24,400.896,229.536,156.4,LPLC2,orange,dend[1223],0.5945057870388161
720575940625216202,408.864,232.432,156.16,408.832,232.24,156.08,LPLC2,orange,dend[1212],0.8972858954471211
720575940623262461,406.32,240.56,157.52,406.24,240.608,157.68,LPLC2,orange,dend[1119],0.7006729644078277
720575940628552247,403.408,244.032,156.92,403.504,244.08,157.08,LPLC2,orange,dend[718],0.3411313895897172
720575940628552247,400.592,244.576,158.32,400.528,244.688,158.48,LPLC2,orange,dend[709],0.9170923240521547
720575940628552247,403.6,243.952,156.88,403.6,244.032,157.04,LPLC2,orange,dend[718],0.36899194658423506
720575940628552247,405.792,242.768,155.2,405.872,242.704,155.32,LPLC2,orange,dend[746],0.968627068187354
720575940623262461,399.488,244.096,157.36,399.424,244.144,157.52,LPLC2,orange,dend[708],0.38745157716536166
720575940612874536,394.16,237.856,158.52,394.368,237.872,158.52,LPLC2,orange,dend[581],0.7048760472554199
720575940612874536,394.384,237.616,158.16,394.592,237.648,158.12,LPLC2,orange,dend[581],0.9420301203959668
720575940612874536,394.144,237.6,157.92,394.32,237.6,157.84,LPLC2,orange,dend[583],0.8415136499719452
720575940612874536,394.24,237.296,158.6,394.288,237.12,158.64,LPLC2,orange,dend[582],0.7122929132071276
720575940635004271,401.536,242.528,156.24,401.712,242.576,156.12,LPLC2,orange,dend[760],0.5775796165231655
720575940622425271,394.16,236.88,158.48,394.24,237.072,158.56,LPLC2,orange,dend[582],0.8195906907020082
720575940622425271,394.576,237.04,158.36,394.672,237.248,158.28,LPLC2,orange,dend[584],0.08626498112419546
720575940642414837,404.416,230.16,159.56,404.624,230.112,159.56,LPLC2,orange,dend[1226],0.5463474123652521
720575940642414837,404.96,230.4,159.4,404.896,230.304,159.28,LPLC2,orange,dend[1226],0.4414820366858595
720575940622312072,399.328,238.544,159.96,399.28,238.752,159.92,LPLC2,orange,dend[659],0.17072609166980285
720575940623551684,401.184,230.192,159.2,401.152,230.256,159.08,LPLC2,orange,dend[1222],0.7178105916455871
720575940623551684,401.536,230.24,159.0,401.424,230.24,158.88,LPLC2,orange,dend[1222],0.5930359688159957
720575940623551684,400.88,230.288,159.36,400.768,230.272,159.24,LPLC2,orange,dend[1222],0.867920626053992
720575940615953302,409.216,232.688,160.76,409.168,232.64,160.6,LPLC2,orange,dend[1143],0.41730637087737477
720575940625695269,395.6,238.528,161.28,395.52,238.576,161.44,LPLC2,orange,dend[562],0.7073892943505996
720575940625695269,404.24,231.872,158.8,404.448,231.872,158.76,LPLC2,orange,dend[1218],0.8568591168675467
720575940625695269,404.32,232.064,158.8,404.48,231.984,158.72,LPLC2,orange,dend[1218],0.6919608895385491
720575940629368015,400.192,238.368,160.6,400.144,238.64,160.56,LPLC2,orange,dend[660],0.352302602696868
720575940629368015,400.112,238.192,161.2,400.224,238.368,161.24,LPLC2,orange,dend[660],0.703263473639438
720575940624755504,399.424,240.048,160.88,399.52,240.048,160.72,LPLC2,orange,dend[655],0.9760047119602501
720575940624755504,408.416,235.584,160.32,408.336,235.504,160.2,LPLC2,orange,dend[1146],0.9524507782574922
720575940624755504,408.768,235.616,159.88,408.752,235.664,160.08,LPLC2,orange,dend[1148],0.7111812483918538
720575940617294219,409.52,234.464,159.64,409.648,234.384,159.64,LPLC2,orange,dend[1149],0.5153351082826558
720575940635307639,397.984,242.048,161.04,398.048,242.016,161.16,LPLC2,orange,dend[646],0.17859731703288187
720575940635307639,397.424,242.0,161.4,397.648,241.984,161.48,LPLC2,orange,dend[646],0.3294903558756566
720575940617294219,399.104,238.688,159.6,399.136,239.072,159.48,LPLC2,orange,dend[659],0.33728689136385714
720575940639878352,400.4,230.08,159.32,400.464,230.256,159.28,LPLC2,orange,dend[1222],0.9647988972102404
720575940628395797,408.128,235.184,160.28,408.288,235.28,160.2,LPLC2,orange,dend[1146],0.8364469178247739
720575940628395797,408.928,234.096,160.04,409.12,234.048,160.04,LPLC2,orange,dend[1141],0.39762968794819503
720575940611821334,394.064,240.096,158.76,393.856,240.24,158.72,LPLC2,orange,dend[579],0.4057508735478709
720575940630831185,393.872,239.12,159.72,393.888,239.328,159.64,LPLC2,orange,dend[580],0.4846145629873994
720575940630831185,393.92,238.72,158.92,394.064,238.8,158.88,LPLC2,orange,dend[580],0.7505714539132622
720575940641704656,395.536,238.72,162.72,395.776,238.816,162.72,LPLC2,orange,dend[563],0.8826214116530235
720575940610226645,396.272,235.296,163.76,396.384,235.392,163.88,LPLC2,orange,dend[502],0.9355789851164059
720575940631380695,395.264,240.736,161.76,395.04,240.624,161.68,LPLC2,orange,dend[561],0.42859908856248724
720575940631380695,393.808,239.456,159.64,393.872,239.328,159.6,LPLC2,orange,dend[579],0.8367088141617899
720575940624417584,399.808,241.28,160.8,399.584,241.2,160.84,LPLC2,orange,dend[654],0.7852268609702476
720575940630209603,403.04,231.424,163.36,402.928,231.248,163.32,LPLC2,orange,dend[1229],0.6439818149071119
720575940630209603,402.672,231.52,163.4,402.736,231.296,163.44,LPLC2,orange,dend[1229],0.6791782173377798
720575940630209603,399.744,240.56,160.8,399.52,240.512,160.72,LPLC2,orange,dend[655],0.6268422065398869
720575940630209603,409.2,231.952,160.44,409.28,232.08,160.6,LPLC2,orange,dend[1143],0.9675280321252353
720575940630209603,399.92,239.152,160.12,399.84,239.2,160.24,LPLC2,orange,dend[658],0.7417238451423305
720575940626236041,403.264,230.896,161.64,403.392,230.784,161.76,LPLC2,orange,dend[1229],0.32861901157201395
720575940626236041,403.648,230.304,160.24,403.712,230.464,160.24,LPLC2,orange,dend[1227],0.49057331080821037
720575940612560680,401.104,230.048,158.96,401.168,230.224,159.08,LPLC2,orange,dend[1222],0.7083371332270755
720575940612560680,395.904,231.872,161.92,395.808,231.712,162.08,LPLC2,orange,dend[496],0.9630278926510702
720575940612560680,394.752,239.376,159.08,394.72,239.168,159.04,LPLC2,orange,dend[586],0.5519076810514368
720575940612560680,398.656,240.272,160.64,398.832,240.208,160.64,LPLC2,orange,dend[656],0.9326154938223322
720575940622009284,399.008,240.112,160.56,398.992,240.224,160.68,LPLC2,orange,dend[656],0.5882409272197225
720575940635516084,409.408,233.2,160.12,409.184,233.136,160.16,LPLC2,orange,dend[1142],0.748148283593989
720575940635516084,402.624,231.2,162.8,402.736,231.12,162.88,LPLC2,orange,dend[1229],0.5765989351439829
720575940619981494,403.488,231.088,162.32,403.344,230.96,162.24,LPLC2,orange,dend[1229],0.420876360871547
720575940619981494,402.512,231.104,163.56,402.64,231.264,163.68,LPLC2,orange,dend[1229],0.7246190074858064
720575940625700739,405.456,230.512,160.2,405.408,230.656,160.08,LPLC2,orange,dend[1232],0.19562059825108624
720575940625700739,407.328,236.176,160.44,407.552,236.064,160.48,LPLC2,orange,dend[1147],0.8542331542233115
720575940632129848,405.216,231.264,159.88,405.392,231.168,159.92,LPLC2,orange,dend[1231],0.7490595362045123
720575940632129848,405.152,231.28,160.04,405.28,231.152,160.12,LPLC2,orange,dend[1231],0.3708265729270152
720575940621914904,404.336,230.416,160.76,404.304,230.624,160.72,LPLC2,orange,dend[1229],0.08517180693692168
720575940632129848,395.472,231.552,162.44,395.632,231.744,162.48,LPLC2,orange,dend[496],0.827315461433501
720575940620139678,405.488,230.992,159.92,405.36,231.136,159.96,LPLC2,orange,dend[1231],0.6204341003728896
720575940620139678,406.144,230.576,160.12,406.064,230.512,159.96,LPLC2,orange,dend[1232],0.7912153451141788
720575940616008854,399.888,240.4,163.52,399.824,240.528,163.64,LPLC2,orange,dend[699],0.142797321403251
720575940616008854,399.728,240.16,163.76,399.6,240.352,163.76,LPLC2,orange,dend[699],0.22602281786891557
720575940632080146,401.344,230.736,158.96,401.392,230.512,158.88,LPLC2,orange,dend[1222],0.6424215850850783
720575940632080146,395.792,231.952,163.28,395.648,231.808,163.28,LPLC2,orange,dend[496],0.5805016915274641
720575940619263937,405.104,230.512,159.2,404.944,230.368,159.24,LPLC2,orange,dend[1220],0.8778070771564718
720575940616083345,403.6,230.496,160.12,403.616,230.528,160.28,LPLC2,orange,dend[1227],0.5922098384911832
720575940626617084,409.056,233.888,159.64,408.976,233.808,159.8,LPLC2,orange,dend[1141],0.8618411335214065
720575940626617084,408.864,233.504,159.52,408.752,233.6,159.6,LPLC2,orange,dend[1145],0.36790815265462795
720575940612096462,395.216,239.552,160.96,395.152,239.616,161.16,LPLC2,orange,dend[561],0.8592843709480563
720575940617480094,405.12,231.04,160.24,405.264,231.088,160.12,LPLC2,orange,dend[1231],0.2574990241372382
720575940617480094,404.912,230.832,160.32,404.848,230.672,160.2,LPLC2,orange,dend[1228],1.0
720575940617480094,395.792,238.512,162.8,395.808,238.752,162.76,LPLC2,orange,dend[563],0.9336334557542824
720575940623652083,395.184,239.504,161.32,395.136,239.68,161.24,LPLC2,orange,dend[561],0.827454752978479
720575940623652083,395.248,239.6,161.56,395.328,239.776,161.56,LPLC2,orange,dend[561],0.8077124678456868
720575940624359093,404.384,230.56,161.08,404.224,230.64,160.96,LPLC2,orange,dend[1229],0.1317375147889719
720575940624359093,395.792,238.688,161.36,395.584,238.736,161.4,LPLC2,orange,dend[562],0.5798825105481228
720575940617997241,395.264,240.032,161.84,395.264,239.984,161.64,LPLC2,orange,dend[561],0.7129028853703188
720575940617997241,395.904,239.296,162.44,395.824,239.168,162.36,LPLC2,orange,dend[563],0.5298094434491046
720575940617997241,395.568,239.696,161.96,395.632,239.616,161.8,LPLC2,orange,dend[561],0.9097096838069468
720575940618927892,399.584,239.744,160.68,399.536,239.904,160.56,LPLC2,orange,dend[657],0.31861160128613825
720575940611567638,409.088,232.064,160.76,409.232,232.24,160.68,LPLC2,orange,dend[1143],0.8341544834677309
720575940618927892,400.16,239.104,160.6,400.08,238.96,160.52,LPLC2,orange,dend[660],0.25042122257567634
720575940606126438,402.8,231.552,163.8,402.72,231.344,163.88,LPLC2,orange,dend[1229],0.7567245562246423
720575940606126438,394.32,237.824,158.84,394.416,237.728,158.64,LPLC2,orange,dend[581],0.787521600677841
720575940606126438,402.976,231.28,163.6,402.72,231.264,163.68,LPLC2,orange,dend[1229],0.7193079830900111
720575940606126438,394.384,237.728,158.92,394.48,237.52,158.88,LPLC2,orange,dend[582],0.01752486998892547
720575940628847164,404.752,230.384,160.24,404.656,230.544,160.2,LPLC2,orange,dend[1228],0.7296968342171081
720575940612766691,395.872,239.296,161.88,395.776,239.488,161.96,LPLC2,orange,dend[563],0.1609791388189803
720575940612766691,395.648,239.088,161.6,395.584,239.184,161.44,LPLC2,orange,dend[562],0.2517543426710618
720575940625216202,408.736,233.664,159.04,408.88,233.52,159.12,LPLC2,orange,dend[1145],0.8393749047161069
720575940628552247,400.56,238.416,161.84,400.416,238.256,161.72,LPLC2,orange,dend[660],0.962179408608956
720575940628552247,400.464,238.752,160.64,400.224,238.736,160.64,LPLC2,orange,dend[660],0.3799713843127167
720575940634700980,395.28,238.464,161.44,395.44,238.48,161.52,LPLC2,orange,dend[562],0.7895292890407474
720575940634700980,395.44,238.8,161.28,395.6,238.832,161.4,LPLC2,orange,dend[562],0.5067313066252696
720575940641552347,403.088,230.688,160.36,403.312,230.752,160.36,LPLC2,orange,dend[1227],0.9158731941306155
720575940612874536,394.624,241.152,161.52,394.704,241.344,161.64,LPLC2,orange,dend[561],0.09830345242667633
720575940634700980,395.216,238.304,161.48,395.392,238.304,161.56,LPLC2,orange,dend[562],0.9253999369144381
720575940634700980,408.912,232.848,160.56,409.12,232.752,160.56,LPLC2,orange,dend[1143],0.2929693872093684
720575940634700980,409.008,233.408,160.24,409.04,233.6,160.08,LPLC2,orange,dend[1142],0.18382508286930985
720575940638626118,395.408,238.016,161.44,395.456,238.224,161.52,LPLC2,orange,dend[562],0.9725682988135574
720575940639109795,400.256,238.112,161.64,400.256,238.288,161.56,LPLC2,orange,dend[660],0.8563950126547663
720575940639109795,396.112,239.456,161.36,395.92,239.616,161.44,LPLC2,orange,dend[561],0.9848648575466293
720575940632009167,403.248,230.992,161.96,403.36,230.848,162.08,LPLC2,orange,dend[1229],0.38769377490150536
720575940622425271,399.12,239.2,159.72,399.248,239.008,159.64,LPLC2,orange,dend[659],0.2710306672816476
720575940635004271,403.488,230.816,160.36,403.312,230.768,160.36,LPLC2,orange,dend[1227],0.9205630534125785
720575940622425271,399.296,239.456,160.12,399.456,239.36,160.16,LPLC2,orange,dend[657],0.8985702847539363
720575940615332502,400.896,237.76,165.16,400.848,237.696,165.04,LPLC2,orange,dend[672],0.7088795566944649
720575940615332502,396.688,239.664,167.24,396.704,239.856,167.16,LPLC2,orange,dend[536],0.3847611880512261
720575940615332502,401.36,238.336,164.64,401.184,238.224,164.72,LPLC2,orange,dend[671],0.7314375857139694
720575940615332502,393.728,234.208,166.24,393.84,234.064,166.28,LPLC2,orange,dend[457],1.0
720575940642414837,400.912,237.568,165.24,400.848,237.648,165.08,LPLC2,orange,dend[672],0.8031756022972552
720575940642414837,395.728,237.792,168.28,395.616,238.0,168.32,LPLC2,orange,dend[454],0.21850416305708673
720575940642414837,395.568,237.616,168.88,395.616,237.888,168.88,LPLC2,orange,dend[454],0.3262324484561669
720575940619900993,397.12,234.896,165.16,396.944,234.944,165.12,LPLC2,orange,dend[501],0.40735436969949124
720575940624531652,396.24,232.24,165.76,396.352,232.368,165.8,LPLC2,orange,dend[498],0.3466207319817343
720575940624531652,395.968,232.448,165.72,396.048,232.672,165.76,LPLC2,orange,dend[498],0.22088768377302423
720575940622312072,397.44,233.6,166.0,397.488,233.6,165.8,LPLC2,orange,dend[505],0.7230909274748254
720575940635234478,395.056,234.0,164.64,395.232,233.984,164.6,LPLC2,orange,dend[499],0.5852862867627872
720575940623551684,394.096,230.912,167.64,394.256,230.864,167.52,LPLC2,orange,dend[497],0.9863063901198906
720575940623551684,402.528,231.456,164.6,402.736,231.568,164.56,LPLC2,orange,dend[1229],0.8806915774200662
720575940629368015,393.984,237.04,164.92,393.824,236.912,164.96,LPLC2,orange,dend[434],0.2670214090856992
720575940629368015,394.096,236.816,164.72,393.888,236.608,164.76,LPLC2,orange,dend[434],0.5676057162498087
720575940625695269,395.36,231.696,164.28,395.568,231.712,164.32,LPLC2,orange,dend[496],0.249491500638849
720575940624755504,400.912,237.904,164.6,401.088,237.936,164.68,LPLC2,orange,dend[671],0.9714775153851314
720575940624755504,393.696,230.896,165.84,393.568,231.072,165.84,LPLC2,orange,dend[463],0.20523204389078056
720575940635307639,396.496,233.792,164.0,396.512,233.92,163.88,LPLC2,orange,dend[503],0.8141117524390302
720575940628395797,401.232,239.584,163.96,401.088,239.696,164.04,LPLC2,orange,dend[669],0.3445860746546144
720575940628395797,398.032,239.328,165.52,397.872,239.44,165.56,LPLC2,orange,dend[699],0.9746360823470477
720575940619750822,394.032,231.408,165.68,394.08,231.232,165.72,LPLC2,orange,dend[463],0.12379173883170276
720575940613470947,394.048,231.504,166.84,394.224,231.488,166.92,LPLC2,orange,dend[497],0.6865213929095139
720575940611821334,393.264,230.832,165.8,393.296,231.04,165.88,LPLC2,orange,dend[463],0.2482217157827708
720575940613470947,397.728,233.568,165.8,397.536,233.52,165.76,LPLC2,orange,dend[505],0.8186341249349534
720575940613470947,393.264,231.328,165.88,393.264,231.104,165.88,LPLC2,orange,dend[463],0.2520238126632224
720575940630831185,396.432,229.808,164.32,396.224,229.696,164.4,LPLC2,orange,dend[466],0.29065896898338467
720575940630831185,396.208,229.792,164.8,396.048,229.648,164.76,LPLC2,orange,dend[466],0.2676530721939781
720575940630831185,396.528,240.48,165.32,396.368,240.288,165.48,LPLC2,orange,dend[534],0.3619517515819686
720575940622156799,401.952,235.44,165.92,402.048,235.504,166.08,LPLC2,orange,dend[680],0.560362187129101
720575940629292785,396.528,232.176,166.04,396.656,232.176,165.92,LPLC2,orange,dend[498],0.4725103797535229
720575940629292785,394.416,231.536,165.6,394.448,231.312,165.6,LPLC2,orange,dend[463],0.06717858078789224
720575940629292785,394.496,231.808,166.08,394.56,231.824,166.2,LPLC2,orange,dend[497],0.3503881149140247
720575940645407268,397.472,234.72,166.32,397.328,234.544,166.4,LPLC2,orange,dend[506],0.35214577838038563
720575940627685765,397.552,234.624,164.64,397.376,234.72,164.56,LPLC2,orange,dend[503],0.0635511877408019
720575940610226645,395.488,234.4,165.56,395.472,234.176,165.64,LPLC2,orange,dend[458],0.5115071299358511
720575940610226645,401.776,235.12,166.76,401.888,235.28,166.76,LPLC2,orange,dend[682],0.4315083169916415
720575940610226645,394.528,235.232,166.68,394.672,235.392,166.72,LPLC2,orange,dend[455],0.7752701317428521
720575940627685765,397.616,234.464,164.36,397.392,234.608,164.36,LPLC2,orange,dend[503],0.15444035532135097
720575940626236041,393.76,237.344,164.84,393.696,237.28,165.04,LPLC2,orange,dend[432],1.0
720575940630209603,396.32,229.44,164.68,396.112,229.504,164.64,LPLC2,orange,dend[466],0.2994886392656132
720575940624417584,395.28,237.808,168.0,395.136,237.984,167.92,LPLC2,orange,dend[454],0.12077841629072006
720575940630209603,394.208,230.624,167.64,394.24,230.816,167.52,LPLC2,orange,dend[497],0.9961538061095124
720575940626236041,394.208,237.376,165.12,394.0,237.424,165.2,LPLC2,orange,dend[433],0.31968104234932354
720575940626236041,393.84,237.488,164.8,393.904,237.664,164.88,LPLC2,orange,dend[433],0.8504885384020813
720575940624417584,395.376,238.096,168.72,395.568,238.048,168.64,LPLC2,orange,dend[454],0.2891334229187937
720575940630209603,395.904,238.176,168.64,395.696,238.08,168.64,LPLC2,orange,dend[454],0.29526068216197277
720575940630209603,396.432,240.48,165.8,396.304,240.624,165.8,LPLC2,orange,dend[533],0.6162517443268193
720575940647369507,394.352,234.032,166.6,394.32,234.16,166.72,LPLC2,orange,dend[457],0.5718987101067544
720575940647369507,402.576,234.064,166.36,402.4,234.272,166.4,LPLC2,orange,dend[681],0.912671478124879
720575940647369507,395.28,233.712,164.68,395.28,233.936,164.68,LPLC2,orange,dend[499],0.5205153535795911
720575940647369507,395.088,233.168,165.92,395.2,232.96,165.84,LPLC2,orange,dend[459],1.0
720575940618608177,402.144,235.76,165.76,402.208,235.584,165.88,LPLC2,orange,dend[680],0.8859769521690836
720575940635516084,400.768,236.816,167.4,400.944,236.896,167.32,LPLC2,orange,dend[679],0.13956139998121467
720575940635516084,397.088,231.664,166.8,397.216,231.76,166.68,LPLC2,orange,dend[498],0.8365833434216853
720575940619981494,397.488,234.768,166.72,397.472,234.656,166.52,LPLC2,orange,dend[506],0.5166673215308252
720575940619981494,395.936,231.12,164.8,395.792,230.96,164.88,LPLC2,orange,dend[466],0.06110122390747755
720575940619981494,393.44,236.528,165.56,393.184,236.48,165.52,LPLC2,orange,dend[421],0.21782762722375798
720575940625700739,397.536,235.52,164.16,397.232,235.392,164.16,LPLC2,orange,dend[502],0.2992036205398592
720575940621914904,396.8,234.144,165.92,396.992,234.192,166.04,LPLC2,orange,dend[504],0.8761763066544342
720575940621914904,401.408,235.984,166.96,401.376,236.176,166.92,LPLC2,orange,dend[679],0.5142301381490281
720575940621914904,397.008,234.528,164.2,397.104,234.368,164.24,LPLC2,orange,dend[503],0.3687099161025967
720575940621914904,396.768,234.768,165.16,396.912,234.944,165.12,LPLC2,orange,dend[501],0.39602070888287216
720575940621914904,401.76,235.344,166.96,401.904,235.28,166.88,LPLC2,orange,dend[682],0.5927430679067511
720575940620139678,396.896,235.632,163.84,396.88,235.424,163.92,LPLC2,orange,dend[502],0.6197023014192551
720575940648418425,395.472,235.472,165.84,395.632,235.488,165.96,LPLC2,orange,dend[500],0.2573344637287724
720575940639884878,396.72,235.248,164.2,396.8,235.392,164.04,LPLC2,orange,dend[502],0.614831593039103
720575940616008854,398.768,238.992,166.36,398.736,239.184,166.36,LPLC2,orange,dend[544],0.9210679214515599
720575940632080146,394.72,232.144,165.12,394.784,231.968,165.16,LPLC2,orange,dend[460],1.0
720575940619263937,401.072,237.456,164.64,401.184,237.664,164.64,LPLC2,orange,dend[673],0.8293912122669223
720575940619263937,394.128,230.688,167.2,394.128,230.896,167.28,LPLC2,orange,dend[497],0.9161239319598804
720575940619263937,393.376,236.8,165.24,393.52,237.04,165.32,LPLC2,orange,dend[432],0.4663860982178908
720575940616083345,395.344,234.096,164.64,395.264,233.968,164.64,LPLC2,orange,dend[499],0.552577039850978
720575940616083345,395.568,234.224,165.44,395.552,234.112,165.6,LPLC2,orange,dend[458],0.5750159505600142
720575940616083345,402.88,231.904,165.36,402.848,231.904,165.16,LPLC2,orange,dend[1229],0.9898801078362275
720575940616083345,394.16,234.32,166.68,394.112,234.112,166.64,LPLC2,orange,dend[457],0.7453660706200653
720575940626617084,396.624,231.904,166.0,396.704,232.16,165.96,LPLC2,orange,dend[498],0.4948619832794044
720575940620306904,406.24,236.032,163.96,406.416,236.08,164.0,LPLC2,orange,dend[1159],0.3142893923203099
720575940655750305,395.664,233.856,166.0,395.536,233.696,165.92,LPLC2,orange,dend[458],0.6014039861305603
720575940655750305,397.088,234.112,164.32,397.04,234.272,164.24,LPLC2,orange,dend[503],0.42958172770874753
720575940612096462,393.664,236.336,164.68,393.856,236.384,164.6,LPLC2,orange,dend[434],0.7881593252471779
720575940612096462,402.176,234.88,166.44,402.064,234.832,166.32,LPLC2,orange,dend[681],0.3551201821295914
720575940617480094,393.552,238.656,167.8,393.76,238.64,167.72,LPLC2,orange,dend[453],0.3345281258296676
720575940617289782,394.528,231.712,166.36,394.448,231.76,166.28,LPLC2,orange,dend[497],0.40105400599663515
720575940617480094,394.064,237.856,164.76,393.904,237.68,164.84,LPLC2,orange,dend[433],0.9018420599824564
720575940617289782,394.432,231.552,166.52,394.304,231.664,166.56,LPLC2,orange,dend[497],0.5276296012522156
720575940615055989,400.896,238.864,166.0,401.008,239.024,165.96,LPLC2,orange,dend[674],0.4470074007427968
720575940624208824,395.6,231.856,164.64,395.52,231.68,164.6,LPLC2,orange,dend[496],0.15848654270682896
720575940624208824,397.984,234.656,166.6,397.968,234.848,166.64,LPLC2,orange,dend[506],0.9045175460983478
720575940624208824,395.648,231.856,164.32,395.632,231.712,164.28,LPLC2,orange,dend[496],0.2662267920634323
720575940623652083,395.168,235.824,167.12,394.976,235.872,167.12,LPLC2,orange,dend[455],0.6012292874147781
720575940623652083,400.224,236.992,166.92,400.304,237.088,166.84,LPLC2,orange,dend[683],0.8856028956661945
720575940623925774,396.8,234.016,163.84,396.672,234.016,163.96,LPLC2,orange,dend[503],0.7089128553666462
720575940623925774,397.648,239.504,165.6,397.84,239.424,165.56,LPLC2,orange,dend[699],0.9827334750993238
720575940623925774,396.96,240.544,166.12,396.8,240.704,166.24,LPLC2,orange,dend[535],0.19567102837796085
720575940623925774,396.528,239.488,164.92,396.624,239.68,164.88,LPLC2,orange,dend[534],0.9441342064906016
720575940617997241,396.88,234.24,166.44,397.008,234.32,166.28,LPLC2,orange,dend[504],0.9113074354991911
720575940617997241,396.064,235.264,166.04,396.192,235.216,165.92,LPLC2,orange,dend[500],0.6219312797881973
720575940617997241,396.528,234.736,165.6,396.544,234.88,165.72,LPLC2,orange,dend[500],0.9032655038829329
720575940617997241,396.944,234.256,166.48,397.056,234.352,166.36,LPLC2,orange,dend[506],0.1139351388269115
720575940617997241,395.568,235.76,166.0,395.504,235.584,166.04,LPLC2,orange,dend[455],0.8686664375515338
720575940617997241,396.704,234.32,164.04,396.736,234.112,164.04,LPLC2,orange,dend[503],0.6301175368952412
720575940618927892,395.984,232.768,165.52,396.048,232.768,165.68,LPLC2,orange,dend[498],0.18734381553272067
720575940618927892,395.232,234.704,166.6,395.232,234.64,166.4,LPLC2,orange,dend[456],0.5774379963774314
720575940618927892,395.376,234.848,166.52,395.344,234.8,166.32,LPLC2,orange,dend[455],1.0
720575940645328436,407.44,235.312,163.92,407.52,235.504,164.0,LPLC2,orange,dend[1159],0.8091507599183966
720575940645328436,402.896,231.424,164.28,402.72,231.472,164.32,LPLC2,orange,dend[1229],0.8368538945376597
720575940645328436,394.704,233.904,164.0,394.8,234.064,164.04,LPLC2,orange,dend[499],1.0
720575940623827348,397.232,232.0,166.76,397.264,231.776,166.72,LPLC2,orange,dend[498],0.8537984440741321
720575940623827348,397.296,231.968,166.48,397.2,231.792,166.44,LPLC2,orange,dend[498],0.7734717042617436
720575940623827348,397.216,231.92,167.16,397.344,231.776,167.12,LPLC2,orange,dend[498],0.9623305293062491
720575940608875531,395.488,237.056,167.0,395.28,237.12,166.92,LPLC2,orange,dend[455],0.29006081201066025
720575940606126438,400.352,237.52,166.88,400.4,237.296,166.92,LPLC2,orange,dend[683],0.6480081351997085
720575940607845250,394.704,235.888,167.24,394.72,235.952,167.04,LPLC2,orange,dend[455],0.5728240335277905
720575940607845250,394.416,235.568,166.56,394.624,235.616,166.64,LPLC2,orange,dend[455],0.7189307792898904
720575940613763759,401.408,236.496,166.84,401.344,236.288,166.92,LPLC2,orange,dend[679],0.47097572446322356
720575940630731847,402.256,234.08,166.36,402.304,234.32,166.4,LPLC2,orange,dend[681],0.8414784527509214
720575940628847164,397.168,235.488,164.8,397.184,235.248,164.76,LPLC2,orange,dend[501],0.7177747816584735
720575940628847164,396.432,235.424,166.04,396.304,235.248,165.96,LPLC2,orange,dend[500],0.6792640735526543
720575940628847164,396.704,235.44,165.36,396.592,235.216,165.36,LPLC2,orange,dend[501],0.13768977832028517
720575940612766691,402.576,231.744,164.72,402.784,231.648,164.64,LPLC2,orange,dend[1229],0.8946587146196255
720575940623262461,401.44,236.16,167.12,401.344,236.272,166.96,LPLC2,orange,dend[679],0.4709008693104977
720575940641552347,393.296,236.24,165.6,393.072,236.416,165.56,LPLC2,orange,dend[421],0.27514877163995244
720575940612874536,396.88,232.352,166.16,396.832,232.176,166.04,LPLC2,orange,dend[498],0.5390045508737632
720575940639109795,401.936,235.808,166.4,401.792,235.76,166.48,LPLC2,orange,dend[679],0.7902526316467376
720575940639109795,396.432,239.792,164.76,396.624,239.744,164.88,LPLC2,orange,dend[534],0.9234758007726361
720575940639109795,396.432,239.952,165.16,396.576,240.048,165.16,LPLC2,orange,dend[534],0.6519612099181322
720575940639109795,402.112,235.488,166.64,401.92,235.344,166.64,LPLC2,orange,dend[679],0.9310699445459434
720575940632009167,403.072,231.76,164.64,402.864,231.68,164.72,LPLC2,orange,dend[1229],0.9043143194777
720575940632009167,395.488,237.488,166.84,395.312,237.264,166.92,LPLC2,orange,dend[455],0.25074181262972667
720575940635004271,395.056,238.08,167.56,395.088,237.984,167.68,LPLC2,orange,dend[454],0.06901105288257223
720575940635004271,395.136,238.0,168.12,395.216,238.032,168.0,LPLC2,orange,dend[454],0.14403150128918943
720575940622425271,401.6,235.648,166.48,401.808,235.648,166.52,LPLC2,orange,dend[679],0.8250970338506904
720575940639109795,395.984,237.6,169.2,395.84,237.824,169.12,LPLC2,orange,dend[454],0.37652366526091496
720575940623262461,412.992,221.536,153.28,413.184,221.568,153.28,LPLC2,orange,dend[1236],0.42581509724770944
720575940619750822,411.568,223.744,155.76,411.712,223.6,155.76,LPLC2,orange,dend[1235],0.8576404639058106
720575940635234478,410.272,240.848,147.08,410.272,241.104,147.12,LPLC2,orange,dend[167],0.9526711788368294
720575940613470947,410.224,241.056,147.32,410.32,241.152,147.16,LPLC2,orange,dend[167],0.9467381916092116
720575940631380695,410.016,241.216,147.04,410.24,241.168,147.04,LPLC2,orange,dend[167],0.9155828435951124
720575940621914904,413.44,235.088,147.24,413.6,235.216,147.28,LPLC2,orange,dend[940],0.19427116848673068
720575940628976956,412.336,235.168,148.24,412.416,235.232,148.44,LPLC2,orange,dend[940],0.8275182341558875
720575940628847164,412.112,235.616,148.28,412.208,235.488,148.4,LPLC2,orange,dend[940],0.833099116557365
720575940615332502,413.472,236.96,150.2,413.68,237.024,150.16,LPLC2,orange,dend[863],0.13348660081376532
720575940636295019,409.728,236.032,150.16,409.952,235.968,150.08,LPLC2,orange,dend[990],0.5637436303388618
720575940625695269,411.776,233.248,149.84,411.888,233.424,149.8,LPLC2,orange,dend[995],0.7842192023098283
720575940626414279,411.888,234.0,149.08,412.096,234.0,149.0,LPLC2,orange,dend[993],0.5880261925762297
720575940626414279,411.888,233.584,149.28,412.096,233.536,149.28,LPLC2,orange,dend[993],0.8601532684260134
720575940617294219,412.72,238.496,149.32,412.64,238.208,149.16,LPLC2,orange,dend[858],0.83411232217442
720575940613470947,412.048,232.24,149.2,411.952,232.368,149.32,LPLC2,orange,dend[994],0.4402472944471511
720575940641704656,412.656,238.352,149.76,412.816,238.336,149.6,LPLC2,orange,dend[858],0.9762582293012083
720575940625697772,410.112,235.408,149.28,409.968,235.552,149.32,LPLC2,orange,dend[943],0.7257074681204679
720575940626236041,410.512,236.832,149.12,410.384,236.688,149.16,LPLC2,orange,dend[992],0.8564921218873195
720575940647369507,410.176,242.752,149.88,410.4,242.656,149.84,LPLC2,orange,dend[184],0.7289375629432776
720575940618608177,411.84,231.616,149.68,412.048,231.584,149.56,LPLC2,orange,dend[994],0.8414760138594388
720575940618608177,411.728,232.176,149.36,411.936,232.144,149.36,LPLC2,orange,dend[994],0.5519752496108679
720575940618608177,411.712,232.256,149.36,411.904,232.368,149.32,LPLC2,orange,dend[994],0.4384210368604594
720575940621914904,412.528,238.16,149.44,412.656,238.272,149.36,LPLC2,orange,dend[858],0.9165071334805526
720575940621914904,412.752,238.08,149.52,412.784,238.304,149.48,LPLC2,orange,dend[858],0.9335510811733604
720575940620139678,410.096,236.864,149.2,410.288,236.752,149.16,LPLC2,orange,dend[992],0.9437669781748035
720575940613219474,412.64,234.704,148.8,412.416,234.608,148.8,LPLC2,orange,dend[993],0.2520116159666248
720575940612096462,412.32,234.208,149.12,412.176,234.048,149.0,LPLC2,orange,dend[993],0.5630327081720709
720575940612096462,411.712,234.88,150.48,411.504,234.88,150.36,LPLC2,orange,dend[991],0.7556724886951882
720575940612096462,412.0,235.152,148.64,412.096,235.328,148.64,LPLC2,orange,dend[940],0.9541458003330959
720575940655750305,413.52,236.096,150.52,413.712,236.128,150.56,LPLC2,orange,dend[863],0.8862885516123193
720575940612096462,411.52,235.328,149.92,411.344,235.376,149.92,LPLC2,orange,dend[991],0.34800342219517155
720575940615055989,412.352,233.2,149.04,412.176,233.232,149.12,LPLC2,orange,dend[993],0.9836943325692394
720575940618927892,411.92,233.632,149.72,411.952,233.424,149.68,LPLC2,orange,dend[995],0.5793259547411465
720575940606126438,413.664,236.528,150.68,413.712,236.512,150.52,LPLC2,orange,dend[863],0.6089461809551117
720575940606126438,413.728,236.112,150.84,413.76,236.128,150.68,LPLC2,orange,dend[863],0.9295202373902802
720575940606126438,411.632,234.336,150.28,411.648,234.544,150.2,LPLC2,orange,dend[991],0.916707730829601
720575940628976956,411.344,235.168,149.88,411.36,235.296,150.0,LPLC2,orange,dend[991],0.4130786499810188
720575940628976956,411.12,235.216,149.12,411.024,235.424,149.12,LPLC2,orange,dend[941],0.8015004940613275
720575940641552347,411.28,235.92,148.76,411.36,235.776,148.92,LPLC2,orange,dend[941],0.6730462789870268
720575940641552347,410.656,236.224,149.08,410.752,236.352,149.16,LPLC2,orange,dend[992],0.46154696361071473
720575940641552347,409.792,235.856,149.32,409.792,235.632,149.4,LPLC2,orange,dend[943],0.8946279252797389
720575940635004271,410.304,236.512,149.04,410.368,236.688,149.16,LPLC2,orange,dend[992],0.8639330439146896
720575940635004271,409.936,236.048,149.88,409.92,235.84,149.96,LPLC2,orange,dend[943],0.9271646954836938
720575940636295019,410.848,232.192,154.76,410.736,232.112,154.72,LPLC2,orange,dend[1212],0.11686717532471395
720575940624755504,412.16,233.936,153.72,412.368,233.92,153.72,LPLC2,orange,dend[1262],0.9336729897451015
720575940630831185,410.784,236.992,155.92,410.944,237.088,155.96,LPLC2,orange,dend[1105],1.0
720575940632777124,411.792,231.712,155.6,411.936,231.664,155.48,LPLC2,orange,dend[1246],0.3991981800828858
720575940648418425,410.112,237.232,157.0,410.096,237.456,156.96,LPLC2,orange,dend[1132],0.19864795717354924
720575940648418425,410.512,237.136,156.2,410.656,237.264,156.24,LPLC2,orange,dend[1132],0.06473123034537044
720575940615055989,411.456,231.744,155.16,411.664,231.84,155.16,LPLC2,orange,dend[1246],0.26060568860003835
720575940624208824,412.08,230.928,155.6,412.24,231.088,155.6,LPLC2,orange,dend[1246],0.6318701091191518
720575940625477721,410.56,232.016,154.72,410.736,232.096,154.72,LPLC2,orange,dend[1212],0.11788182877413683
720575940617997241,410.064,237.824,156.4,410.144,237.696,156.6,LPLC2,orange,dend[1132],0.17269557724647494
720575940617294219,410.176,233.984,159.72,410.384,234.064,159.84,LPLC2,orange,dend[1139],0.45153900704455685
720575940635516084,409.728,234.272,159.44,409.696,234.384,159.6,LPLC2,orange,dend[1149],0.5540231891648214
720575940635516084,409.6,234.128,159.56,409.552,234.256,159.64,LPLC2,orange,dend[1149],0.7660619625056746
