pre_x,pre_y,pre_z,post_x,post_y,post_z,synBlockID,synDists,pre,type
23.112,55.44,90.84,22.992,55.336,90.912,3043,0.968019923,976575766,PS038_R
38.128,54.712,85.824,38.12,54.648,85.64,1313,0.205827025,976562755,CL297_R
28.592,37.592,86.504,28.488,37.6,86.424,1609,0.989082854,976190756,PLP013_R
27.216,36.072,85.552,27.112,35.928,85.616,1610,0.940556838,976190756,PLP013_R
27.616,36.656,86.04,27.64,36.704,86.192,1609,0.989082854,976190756,PLP013_R
34.776,41.568,93.056,34.824,41.392,92.992,2783,0.990552253,976190756,PLP013_R
34.48,40.928,93.736,34.368,40.816,93.696,2761,0.993790132,976190756,PLP013_R
90.152,12.968,56.624,90.104,12.872,56.52,3784,0.994135201,974995783,ATL042(PVL17)_L
20.864,53.144,125.432,20.992,53.208,125.4,3817,0,974771466,NA
3.096,47.36,93.336,3.192,47.488,93.248,2145,0,974771466,NA
11.096,60.224,91.336,11.216,60.28,91.44,2131,0.931559731,974771466,NA
39.128,48.744,100.992,39.184,48.88,100.872,3306,1,974771466,NA
20.504,61.784,143.84,20.592,61.656,143.92,716,0.25320479,974771466,NA
20.64,62.512,143.592,20.808,62.568,143.456,716,0,974771466,NA
20.016,62.4,142.928,20.128,62.616,142.824,716,0,974771466,NA
20.68,62.496,143.064,20.648,62.616,143.192,716,0,974771466,NA
21.536,52.28,121.544,21.52,52.472,121.576,1131,0.044670166,974771466,NA
22.072,52.44,121.568,22.104,52.6,121.544,1126,0.998833522,974771466,NA
14.416,67.64,140.416,14.232,67.496,140.432,749,0.997766854,974771466,NA
9.592,55.976,92.952,9.496,56.04,93.016,2124,0.924906836,974771466,NA
5.72,52.16,93.64,5.584,52.144,93.792,2140,0,974771466,NA
6.088,51.304,95.304,6.032,51.28,95.192,3645,1,974771466,NA
26.104,53.448,87.168,26.112,53.272,87.232,1636,0.994137444,974771466,NA
41.312,59.104,117.736,41.28,59.232,117.64,329,0,974771466,NA
31.8,57.208,127.896,32,57.264,127.824,883,0.958470851,974771466,NA
11.744,70.84,139.864,11.896,70.712,139.768,785,0.150088704,974771466,NA
12.008,70.152,140.48,12.032,70.112,140.624,743,0.995802231,974771466,NA
22.344,51.384,116.864,22.496,51.384,116.792,1223,0.990797483,974771466,NA
19.24,33.552,106.256,19.136,33.648,106.368,1576,0,974485542,PLP081_R
25.496,53.632,116.136,25.616,53.712,116.096,1176,0,947573616,AVLP016_R
34.288,44.072,108.296,34.16,44.144,107.992,2711,0,945647730,IB038(PDM21)_L
36.104,53.256,107.264,36.112,53.384,107.032,3308,1,945532230,CL340(PVM09)_L
26.64,56.592,94.528,26.704,56.68,94.424,3038,0,945532230,CL340(PVM09)_L
35.192,53.128,107.272,35.144,52.936,107.2,3309,1,945532230,CL340(PVM09)_L
31.12,52.064,97.744,31.128,52.04,97.856,2103,0.970969744,945532230,CL340(PVM09)_L
35.008,53.296,107.496,34.84,53.216,107.552,3309,1,945532230,CL340(PVM09)_L
30.464,52.544,97.768,30.424,52.432,97.848,2103,0.970969744,945532230,CL340(PVM09)_L
56.4,52.08,94.12,56.472,52.136,94.328,433,0.992515284,945532230,CL340(PVM09)_L
56.08,52.08,94.328,56.08,52.016,94.448,433,0.992515284,945532230,CL340(PVM09)_L
31.632,51.72,97.632,31.64,51.8,97.848,3638,1,945532230,CL340(PVM09)_L
55.704,52.376,93.992,55.552,52.328,94.16,431,0.990618334,945532230,CL340(PVM09)_L
56.352,52.272,94.624,56.48,52.136,94.448,433,0.992515284,945532230,CL340(PVM09)_L
32.72,54.776,109.144,32.864,54.808,109.04,381,0,945532230,CL340(PVM09)_L
34.736,54.536,92.072,34.616,54.544,92.08,2928,0.995579618,945532230,CL340(PVM09)_L
31.392,54.808,109.592,31.176,54.728,109.488,3371,1,945532230,CL340(PVM09)_L
32.424,54.504,109.408,32.424,54.336,109.448,381,0,945532230,CL340(PVM09)_L
35.368,53.912,91.88,35.56,53.912,91.784,2930,0.97506569,945532230,CL340(PVM09)_L
35.488,54.256,91.696,35.664,54.072,91.776,2930,0.97506569,945532230,CL340(PVM09)_L
36.144,54.288,91.704,36.184,54.136,91.744,2930,0.97506569,945532230,CL340(PVM09)_L
19.296,59.208,111.12,19.416,59.336,110.896,1035,0.198136858,945532230,CL340(PVM09)_L
19.84,59.12,111.312,20.008,59.328,111.112,1034,0.99814567,945532230,CL340(PVM09)_L
22.576,54.992,98.136,22.464,54.912,98.248,2108,0.99887107,945532230,CL340(PVM09)_L
18.92,59.128,111.256,18.952,59.28,111.08,1050,0.493921593,945532230,CL340(PVM09)_L
50.328,52.168,89.36,50.44,51.968,89.408,508,0.31447854,945532230,CL340(PVM09)_L
26.04,56.24,92.768,26,56.104,92.576,3044,0,945532230,CL340(PVM09)_L
14.904,59.672,111.536,14.968,59.824,111.496,392,0.575435514,945532230,CL340(PVM09)_L
14.144,60.272,111.184,14.304,60.392,111.144,392,0.983382618,945532230,CL340(PVM09)_L
13.64,60.392,111.192,13.704,60.48,111.072,392,0.983382618,945532230,CL340(PVM09)_L
13.344,60.384,110.824,13.552,60.52,111,392,0.983382618,945532230,CL340(PVM09)_L
24.104,55.04,97.776,24.192,55.216,97.752,3140,0.226471517,945532230,CL340(PVM09)_L
24.232,54.96,97.616,24.288,55.088,97.592,3140,0.188276273,945532230,CL340(PVM09)_L
26.144,55.864,92.872,26.008,55.944,93,3039,0.998757598,945532230,CL340(PVM09)_L
64.888,49.16,92.472,64.824,49.4,92.352,360,0.996094954,945532230,CL340(PVM09)_L
61.744,50.536,91.512,61.8,50.424,91.608,354,0,945532230,CL340(PVM09)_L
61.896,50.776,91.816,61.816,50.648,91.816,352,0.951323126,945532230,CL340(PVM09)_L
36.04,53.44,106.776,36.208,53.528,106.744,3308,1,945532230,CL340(PVM09)_L
21.512,57.464,112.936,21.608,57.384,112.736,3436,1,945532230,CL340(PVM09)_L
21.264,58.56,112.712,21.472,58.88,112.672,1195,0.985406354,945532230,CL340(PVM09)_L
35.768,53.824,107.24,35.984,53.776,107.136,3309,1,945532230,CL340(PVM09)_L
21.536,57.488,112.512,21.664,57.488,112.592,1194,0,945532230,CL340(PVM09)_L
21.728,58.336,112.832,21.816,58.488,112.952,1188,0,945532230,CL340(PVM09)_L
62.592,50.216,91.184,62.52,50.048,91.16,355,0.959762177,945532230,CL340(PVM09)_L
63.024,49.848,91.392,63.032,49.688,91.44,355,0.959762177,945532230,CL340(PVM09)_L
62.72,50.04,90.904,62.552,49.96,91.112,355,0.959762177,945532230,CL340(PVM09)_L
36.544,55.504,97.024,36.68,55.528,97.208,3247,0.883962365,945532230,CL340(PVM09)_L
39.448,56.528,85.344,39.216,56.704,85.312,1383,0,945532230,CL340(PVM09)_L
36,53.872,106.472,36.168,53.968,106.512,3308,1,945532230,CL340(PVM09)_L
39.792,56.104,83.92,39.56,55.968,83.984,1336,0,945532230,CL340(PVM09)_L
41.808,52.016,104.456,41.928,51.944,104.368,2401,0,945532230,CL340(PVM09)_L
30.064,52.176,96.984,30.016,52.296,96.936,2104,0.333483513,945532230,CL340(PVM09)_L
55.536,53.736,82.432,55.536,53.904,82.416,527,0.893019105,945532230,CL340(PVM09)_L
49.736,52.464,90.064,49.656,52.304,90.056,504,0.980502755,945532230,CL340(PVM09)_L
63.856,49.064,91.328,63.672,49.184,91.392,358,0.150504983,945532230,CL340(PVM09)_L
63.744,49.216,90.928,63.544,49.152,91.032,357,0.16007686,945532230,CL340(PVM09)_L
48.944,52.056,89.816,49.048,51.944,89.904,504,0.980502755,945532230,CL340(PVM09)_L
29.992,52.472,97.152,29.96,52.44,97,2104,0.997960062,945532230,CL340(PVM09)_L
24,54.216,97,24.032,54.104,96.864,3129,0,945532230,CL340(PVM09)_L
21.968,54.392,97.368,22.24,54.384,97.424,2108,0.99887107,945532230,CL340(PVM09)_L
21.16,54.96,96.784,21.216,55.024,96.88,2990,0,945532230,CL340(PVM09)_L
21.488,54.976,96.968,21.28,55.032,96.88,2990,0,945532230,CL340(PVM09)_L
20.776,54.624,97.312,20.864,54.68,97.416,2109,0.998665067,945532230,CL340(PVM09)_L
39.64,56.784,85.504,39.544,56.936,85.456,1383,0,945532230,CL340(PVM09)_L
21.072,54.744,97.256,20.952,54.808,97.304,2109,0.998665067,945532230,CL340(PVM09)_L
23.696,54.344,96.712,23.848,54.224,96.688,3130,0.997301837,945532230,CL340(PVM09)_L
36.624,54.944,97.184,36.576,54.96,97.296,3247,0.883962365,945532230,CL340(PVM09)_L
20.744,54.96,97.224,20.896,55,97.232,2109,0.998665067,945532230,CL340(PVM09)_L
29.352,52.712,89.952,29.472,52.888,90.12,1620,0.994304103,943809606,PVLP109_R
28.744,52.896,90.064,28.632,52.992,90.024,2855,0.966221956,943809606,PVLP109_R
33.2,52.864,89.632,33.296,52.944,89.448,1388,0.979630057,943809606,PVLP109_R
36.48,28.048,101.888,36.4,28.216,101.8,2666,0,920086841,PS003(ADM01)_L
37.88,28.424,104.608,37.696,28.4,104.672,2229,0,920086841,PS003(ADM01)_L
17.296,66.544,138.128,17.312,66.688,138.152,711,0.991811436,915528488,PLP093_R
17.664,66.088,138.184,17.792,65.888,138.304,710,0.16220316,915528488,PLP093_R
34.184,54.824,118.288,34.416,54.84,118.328,416,0.957554418,915528488,PLP093_R
18.512,55.272,119.064,18.392,55.16,118.992,906,0,915528488,PLP093_R
41.664,51.144,91.64,41.432,51.344,91.56,2082,0.246436476,915528488,PLP093_R
41.352,51.104,91.432,41.36,51.28,91.456,2082,0.246436476,915528488,PLP093_R
39.824,63.648,126.264,39.488,63.552,126.144,3793,0,915528488,PLP093_R
18.816,55.08,119.096,18.736,54.896,119.032,906,0,915528488,PLP093_R
39.216,63.608,126.336,39.288,63.76,126.328,3793,0,915528488,PLP093_R
33.432,54.544,116.888,33.248,54.616,116.712,1378,0.936969524,915528488,PLP093_R
34.256,54.568,118.752,34.448,54.536,118.736,417,0.980444267,915528488,PLP093_R
41.512,86.192,124.336,41.696,86,124.32,21,0,915528488,PLP093_R
25.768,49.144,105.352,25.808,49.336,105.592,2567,0.972376668,915528488,PLP093_R
44.784,32.184,99.384,45.032,32.144,99.488,1995,0.951117098,915528488,PLP093_R
26.6,45.312,86.856,26.64,45.44,87.136,2305,0.997127665,915528488,PLP093_R
46.36,65.768,113.792,46.488,65.656,113.856,232,0,915528488,PLP093_R
46.096,64.8,113.6,46.32,64.856,113.544,232,0,915528488,PLP093_R
24.4,45.496,99.112,24.496,45.52,99.232,2531,0.10000675,915179102,PLP074_R
24.328,45.192,99.24,24.52,45.232,99.232,2531,0.10000675,915179102,PLP074_R
14.272,67.672,139.936,14.144,67.728,139.888,1067,0.991710997,915105429,PVLP076_R
19.432,47.528,84.136,19.464,47.656,84.128,3825,0,912601209,PLP244(SCB010)_L
37.976,30.24,108.304,37.88,30.144,108.264,2241,0.993471386,912601209,PLP244(SCB010)_L
15.304,54.2,117.48,15.384,54.296,117.432,966,0,912601209,PLP244(SCB010)_L
55.528,54.424,82.704,55.552,54.392,82.48,527,0.893019105,883803361,CL340_R
55.432,54.632,82.336,55.456,54.472,82.304,527,0.893019105,883803361,CL340_R
53.224,52.96,86.952,53.432,52.944,86.992,525,0.91683109,883803361,CL340_R
38.44,55.864,85.456,38.44,56.016,85.496,1383,0,883803361,CL340_R
38.904,54.848,85.104,39.04,54.832,85.072,1331,0.899193107,883803361,CL340_R
25.792,34.496,84.712,25.952,34.48,84.656,1610,0.940556838,883803361,CL340_R
53.144,53.04,86.168,53.288,52.912,86.216,526,0,883803361,CL340_R
64.64,49.832,92.224,64.64,49.616,92.2,360,0.996094954,883803361,CL340_R
37.88,55.208,85.36,37.712,55.144,85.392,3546,1,883803361,CL340_R
38.96,55.208,85.328,39.032,55.104,85.136,1331,0.899193107,883803361,CL340_R
55.448,54.704,82.024,55.376,54.496,82.168,527,0.893019105,883803361,CL340_R
35.488,53.24,92.376,35.28,53.344,92.392,2930,0.97506569,883514695,IB043_R
42.392,51.712,106.096,42.472,51.84,106.048,2398,0.921987878,883514695,IB043_R
42.48,52.08,107.2,42.488,52.216,107.184,2407,0,883514695,IB043_R
55.432,50.96,92.432,55.192,50.888,92.544,3762,0,859489809,NA
36.096,59.536,80.856,35.96,59.648,81.016,1282,0.985741944,852422640,CL161_R
35.912,59.504,80.856,35.904,59.648,81.016,1282,0.985741944,852422640,CL161_R
41.328,53.632,108.264,41.264,53.592,108.44,2405,0.333384778,852422640,CL161_R
35.8,59.528,81.336,35.904,59.64,81.24,1282,0.985741944,852422640,CL161_R
35.48,60.112,80.888,35.648,60.248,80.832,1284,0.894272297,852422640,CL161_R
35.504,60.104,81.256,35.616,60,81.392,1286,0,852422640,CL161_R
25.312,65.432,137.232,25.248,65.264,137.304,826,0.596375398,829162792,CL022_R
13.488,69.432,137.976,13.456,69.512,137.864,787,0,829162792,CL022_R
39.208,89.344,124.184,39.264,89.336,124.32,26,0,821344462,OA-ASM2_R
15.392,64.424,142.904,15.464,64.608,142.92,753,0.062156941,797442049,AVLP280_R
27.216,53.784,89.928,27.392,53.776,90,2860,0.840876827,797442049,AVLP280_R
26.072,53.912,89.576,26.072,53.84,89.448,2857,0.968041327,797442049,AVLP280_R
27.584,54.288,89.688,27.56,54.088,89.64,2856,0.923623381,797442049,AVLP280_R
26.344,53.72,89.504,26.32,53.728,89.392,2857,0.968041327,797442049,AVLP280_R
15.08,54.664,97.528,15.232,54.6,97.592,3643,1,797442049,AVLP280_R
14.944,54.064,97.36,15.104,54.024,97.4,2116,0,797442049,AVLP280_R
15.152,54.232,97.864,15.248,54.384,97.768,3643,1,797442049,AVLP280_R
15.064,54.064,98.512,15.04,54.088,98.664,3643,1,797442049,AVLP280_R
14.848,54.4,98.352,14.952,54.512,98.384,3643,1,797442049,AVLP280_R
11.432,60.176,91.56,11.272,60.264,91.48,2131,0.931559731,797442049,AVLP280_R
11.304,60.656,91.736,11.224,60.784,91.712,2132,0.998407001,797442049,AVLP280_R
34.672,52.496,112.048,34.6,52.536,111.936,3310,1,796733478,CL263_R
33.392,68.376,125.432,33.208,68.488,125.36,158,0,792326206,LHAD1g1_R
2.44,72.032,127.376,2.448,71.872,127.376,771,0,792326206,LHAD1g1_R
14.24,64.008,134.712,14.08,63.952,134.88,704,0.956158854,792326206,LHAD1g1_R
31.52,67.528,126.064,31.496,67.568,126.144,164,0.114111028,792326206,LHAD1g1_R
14.272,65.152,135.992,14.184,65.064,136.048,705,0.990732118,792326206,LHAD1g1_R
42.384,73.08,119.928,42.32,73.2,119.992,266,0.552141232,792326206,LHAD1g1_R
47.12,74.752,123.576,47,74.608,123.608,132,0.995231333,792326206,LHAD1g1_R
20.872,72.552,122.504,21.04,72.592,122.448,650,0.994438942,792326206,LHAD1g1_R
9.464,61.848,129.672,9.552,61.872,129.784,758,0.999620179,792326206,LHAD1g1_R
33.192,61.824,120.544,33.192,61.728,120.704,296,0.202904355,792326206,LHAD1g1_R
34.184,71.552,122.536,34.208,71.408,122.496,157,0.968820351,792326206,LHAD1g1_R
35.096,67.192,123.28,35.032,67.256,123.04,3271,0,792326206,LHAD1g1_R
17.136,74.016,132.84,17.176,73.976,132.688,670,0,792326206,LHAD1g1_R
13.376,70.176,136.776,13.288,70.128,136.736,721,0,792326206,LHAD1g1_R
15.72,71.544,137.696,15.832,71.68,137.816,675,0.071574275,792326206,LHAD1g1_R
53.416,53.072,86.368,53.344,52.912,86.368,526,0,791017605,CL340_R
36.024,55.12,86.832,36.288,54.992,86.944,1277,0.999929411,791017605,CL340_R
35.544,55.08,86.584,35.44,55.104,86.64,1276,0.991070819,791017605,CL340_R
54.368,52.8,90.272,54.472,52.664,90.12,3775,1,791017605,CL340_R
41.256,50.944,85.52,41.416,50.984,85.408,3821,0,768253675,SIP021_R
53.448,46.24,88.8,53.192,46.264,88.944,371,0,768253675,SIP021_R
52.592,46.152,88.368,52.32,46.256,88.28,371,0,768253675,SIP021_R
40.872,51.736,85.376,40.952,51.784,85.224,3821,0,768253675,SIP021_R
31.64,46.568,98.816,31.48,46.6,98.792,2601,0,737607426,SIP020(ADM01)_L
31.656,46.784,98.776,31.584,46.712,98.904,2601,0,737607426,SIP020(ADM01)_L
31.248,46.376,96.992,31.024,46.472,97.096,2592,0,737607426,SIP020(ADM01)_L
31.12,46.352,97.8,30.992,46.224,97.84,2601,0,737607426,SIP020(ADM01)_L
31.64,48.456,94.64,31.616,48.336,94.768,3160,0.99229269,737607426,SIP020(ADM01)_L
31.608,47.504,97.648,31.608,47.504,97.504,2592,0,737607426,SIP020(ADM01)_L
31.984,47.376,97.6,31.984,47.408,97.48,3571,0,737607426,SIP020(ADM01)_L
28.08,44.888,94.52,28.192,44.936,94.432,2822,0.999207194,737218700,PS006_R
50.984,26.84,102.416,50.928,26.832,102.272,3501,1,737218700,PS006_R
44.704,26.408,104.552,44.896,26.4,104.528,1864,0.980672218,737218700,PS006_R
45.016,26.328,103.968,45.032,26.576,104.008,1864,0.980672218,737218700,PS006_R
44.648,26.752,104.016,44.904,26.824,104.04,1864,0.980672218,737218700,PS006_R
22.808,50.072,85.496,22.696,50.176,85.52,1625,0.973412689,737218700,PS006_R
41.48,31.36,104.4,41.664,31.16,104.352,1851,0.986435078,737218700,PS006_R
23.84,50.632,85.536,23.792,50.64,85.664,1624,0.990911629,737218700,PS006_R
42.088,29.712,104.32,42.096,29.712,104.528,1843,0.984293211,737218700,PS006_R
38.56,35.072,107.04,38.616,35.128,107.216,1879,0.993791224,737218700,PS006_R
29.008,27.736,95.144,28.936,27.808,95.08,3596,1,675835107,PS002_R
35.448,41.056,92.576,35.408,40.936,92.656,2786,0.332326181,675835107,PS002_R
36.408,40.12,90.632,36.44,40.248,90.608,2779,0.142719789,675835107,PS002_R
33.144,38.216,92.304,33.128,38.232,92.392,1968,0,675835107,PS002_R
35.696,41.36,92.704,35.856,41.296,92.752,2785,0.903942466,675835107,PS002_R
30.64,35.648,90.792,30.672,35.56,90.896,1974,0.942468341,675835107,PS002_R
30.736,37.12,97.648,30.88,37.152,97.624,1447,0.997930302,675835107,PS002_R
37.024,44.696,107.072,37.168,44.656,107.112,1666,0.999876085,675835107,PS002_R
41.936,45.888,88.536,42.04,45.968,88.568,2065,0.996076887,675835107,PS002_R
37.92,38.32,105.168,37.992,38.32,105.264,2365,0.972751303,675835107,PS002_R
32.408,37.656,91.888,32.28,37.72,91.88,1968,0,675835107,PS002_R
36.144,42.488,97.976,36.192,42.432,97.864,2802,0.919957203,675835107,PS002_R
29.456,43.104,97.144,29.544,43.264,97.088,2814,0.960212953,675835107,PS002_R
44.472,32.888,100.992,44.328,32.944,100.92,1998,0.936913333,675835107,PS002_R
35.48,39.768,90.56,35.44,39.816,90.44,2777,0.997502268,675835107,PS002_R
36.936,44.056,106.592,37.056,44.128,106.56,1666,0.999876085,675835107,PS002_R
44.024,28.008,101.68,44.08,28.08,101.776,1869,0,675835107,PS002_R
23.624,48.928,96.016,23.592,48.976,96.112,2589,0.989582983,675835107,PS002_R
35.288,41.104,93.144,35.2,41.016,93.064,2785,0.903942466,675835107,PS002_R
37.12,43.552,106.256,37.248,43.584,106.288,1669,0,675835107,PS002_R
40,36.2,109.256,40.056,36.16,109.168,1890,0.984335233,675835107,PS002_R
22.992,48.792,96.048,22.936,48.888,96.04,2589,0.989582983,675835107,PS002_R
37.392,59.232,82.456,37.184,59.072,82.632,1281,0.999539494,675835107,PS002_R
39.032,58.248,116.032,38.992,58.104,116.08,323,0.996061609,675835107,PS002_R
30.432,36.536,98.624,30.288,36.648,98.632,1447,0.997930302,675835107,PS002_R
46.456,68.2,114.624,46.528,68.176,114.704,231,0.995091914,675835107,PS002_R
31.04,36.936,98.664,31.072,37.072,98.568,1447,0.997930302,675835107,PS002_R
42.04,45.792,88.248,42.176,45.864,88.24,2065,0.996076887,675835107,PS002_R
30.448,36.256,91.312,30.496,35.936,91.376,1973,0,675835107,PS002_R
19.472,47.928,90.68,19.376,48.064,90.688,2269,0.985006748,669325882,5-HTPMPV03_R
31.864,41.256,94.424,31.88,41.328,94.576,1348,0.997854244,669325882,5-HTPMPV03_R
39.456,48.328,92.096,39.64,48.248,92.056,2056,0.997631149,644455046,PS003_R
52.968,24.784,106.784,52.768,24.576,106.76,1803,0.98704984,644455046,PS003_R
46.032,32.024,98.784,45.952,32,98.928,1995,0.951117098,644455046,PS003_R
39.184,49.368,92.304,39.168,49.544,92.232,2049,0.970138276,644455046,PS003_R
40.04,48.048,92.552,39.896,47.944,92.496,2056,0.997631149,644455046,PS003_R
37.312,49.944,93.048,37.288,50.152,93.08,1920,0.936016116,644455046,PS003_R
36.288,67.872,121.56,36.208,67.928,121.344,4,0.999577634,5901215446,LC4
33.016,66.208,124.696,33.08,66.056,124.68,146,0,5901215446,LC4
32.808,66,124.888,32.96,65.912,124.696,146,0.981184831,5901215446,LC4
12.744,61.848,129.192,12.52,61.936,129.232,3421,1,5901215446,LC4
27.408,53.496,117.608,27.512,53.568,117.64,1181,0.959917239,5901215446,LC4
37.856,67.392,119.712,37.984,67.456,119.72,209,0.629858612,5901215446,LC4
42.592,76.104,123.744,42.632,76.296,123.896,39,0.960581879,5901215446,LC4
33.496,66.784,123.992,33.624,66.656,123.856,144,0.518667849,5901215446,LC4
34.008,67.128,123.632,33.928,66.944,123.552,143,0.97032611,5901215446,LC4
34.672,67.496,122.8,34.688,67.384,122.728,3343,1,5901215446,LC4
35.592,67.912,122.168,35.768,67.912,122.168,4,0.999577634,5901215446,LC4
39.504,69.68,127.632,39.536,69.6,127.496,13,0.999181483,5901215446,LC4
35.36,67.432,122.416,35.376,67.384,122.288,3,0.999991398,5901215446,LC4
40,69.392,127.968,40.176,69.4,127.848,13,0.999181483,5901215446,LC4
42.232,75.512,124.856,42.08,75.472,124.84,38,0.933110804,5901215446,LC4
14.2,55.984,97.36,14.32,55.784,97.328,2121,0,5901205169,PVLP028_R
35.128,42.152,111.6,35.272,42.072,111.504,2731,0.987233615,5901196898,LPLC4_R
31.92,44.92,109.752,31.736,44.92,109.8,1243,0.969651177,5901196898,LPLC4_R
34.736,42.632,111,34.856,42.496,110.856,2731,0.987233615,5901196898,LPLC4_R
23.936,41.432,95.696,24.088,41.456,95.744,2509,0.997340285,5901196898,LPLC4_R
36.464,46.024,96.896,36.192,46.072,97.032,2828,0,5901196898,LPLC4_R
38.16,29.888,108.536,38.096,30,108.64,2246,0,5901196898,LPLC4_R
32.784,43.944,109.128,32.656,43.672,109.08,2712,0.952363349,5901196898,LPLC4_R
24.424,42.752,96.608,24.424,42.752,96.456,2504,0.211799813,5901196898,LPLC4_R
48.992,46.808,99.992,48.976,46.888,99.864,1590,0.167357899,5901196898,LPLC4_R
43.632,46.792,104.368,43.552,46.496,104.456,2426,0.421993738,5901196898,LPLC4_R
22.52,48.736,85.968,22.272,48.904,85.976,1661,0,5901196898,LPLC4_R
21.952,48.24,85.896,21.856,48.304,85.84,1661,0.060941964,5901196898,LPLC4_R
43.152,46.264,104.472,43.392,46.136,104.408,2425,0.945005714,5901196898,LPLC4_R
33.912,44.2,111.92,34.048,44.024,112.04,1257,0,5901196898,LPLC4_R
43.36,46.64,104.904,43.512,46.736,104.928,2423,0.999642751,5901196898,LPLC4_R
21.96,48.864,86.52,22.104,48.888,86.272,1661,0,5901196898,LPLC4_R
33.784,29.64,99.352,33.736,29.408,99.464,3829,0,5901194314,PLP172_R
38,29.072,104.136,38.152,29.008,104.16,2228,0.497828902,5901194314,PLP172_R
25.68,54.504,97.824,25.792,54.256,97.888,3639,1,5813098282,CL340(PVM09)_L
49.344,52.984,90.928,49.144,53.008,91,3745,1,5813098282,CL340(PVM09)_L
19.808,60.016,110.72,19.776,59.776,110.688,1196,0,5813098282,CL340(PVM09)_L
38.712,56.928,84.304,38.552,57.048,84.256,1279,0.999587214,5813098282,CL340(PVM09)_L
22.144,58.528,113.568,22.288,58.536,113.624,385,0.999848193,5813098282,CL340(PVM09)_L
62.208,50.008,90.744,62.368,50.008,90.808,356,0,5813098282,CL340(PVM09)_L
22.136,58.584,113.256,22.336,58.64,113.368,385,0.999848193,5813098282,CL340(PVM09)_L
25.584,55.552,93.016,25.632,55.624,92.872,3041,0.978449553,5813098282,CL340(PVM09)_L
19.432,60.392,111.344,19.504,60.552,111.224,1007,0.99995265,5813098282,CL340(PVM09)_L
21.896,58.088,113.176,21.784,58.216,113.144,3436,1,5813098282,CL340(PVM09)_L
33.496,52.04,97.424,33.448,52.064,97.632,2102,0.495969171,5813098282,CL340(PVM09)_L
32.312,52.104,97.88,32.328,52.048,98,2102,0.218260435,5813098282,CL340(PVM09)_L
55.112,51.544,92.816,55.24,51.424,93.048,428,0.98127143,5813098282,CL340(PVM09)_L
39.68,51.976,105.936,39.696,52.096,106.016,3837,0,5813098282,CL340(PVM09)_L
25.616,56.176,93.584,25.616,56.352,93.368,3039,0.998757598,5813098282,CL340(PVM09)_L
62.536,50.064,91.76,62.288,50.16,91.544,354,0,5813098282,CL340(PVM09)_L
41.008,51.568,103.672,40.952,51.416,103.648,3306,1,5813098282,CL340(PVM09)_L
12.136,61.4,110.72,12.056,61.128,110.624,1001,0.987456827,5813098282,CL340(PVM09)_L
38.608,56.776,84.008,38.52,56.928,84,1279,0.999587214,5813098282,CL340(PVM09)_L
61.936,50.176,91.36,62.008,50.264,91.472,354,0,5813098282,CL340(PVM09)_L
40.8,51.952,103.632,40.792,52.208,103.648,3306,1,5813098282,CL340(PVM09)_L
37.008,54.304,87.96,37.032,54.312,87.72,1312,0,5813098282,CL340(PVM09)_L
21.768,58.536,113.144,21.848,58.408,113.072,3436,1,5813098282,CL340(PVM09)_L
40.512,52.304,104.056,40.496,52.432,103.976,3306,1,5813098282,CL340(PVM09)_L
42.216,50.952,104.064,42.176,50.984,104.192,2420,0,5813098282,CL340(PVM09)_L
62.368,49.656,91.336,62.496,49.896,91.248,355,0.959762177,5813098282,CL340(PVM09)_L
38.96,55.856,84.456,38.968,55.704,84.624,1330,0,5813098282,CL340(PVM09)_L
32.848,51.536,97.488,32.912,51.464,97.624,2102,0.218260435,5813098282,CL340(PVM09)_L
19.936,59.648,111.592,20.16,59.712,111.6,1005,0.999976034,5813098282,CL340(PVM09)_L
42.288,51.424,104.112,42.384,51.272,103.992,2420,0,5813098282,CL340(PVM09)_L
20.28,55.6,97.984,20.144,55.328,98.032,2111,0.500542842,5813098282,CL340(PVM09)_L
19,59.624,111.04,19.008,59.496,110.952,1050,0,5813098282,CL340(PVM09)_L
40.752,51.256,104.072,40.88,51.264,103.872,3306,1,5813098282,CL340(PVM09)_L
19.568,56.184,98.12,19.456,56.048,98.208,2111,0.999961534,5813098282,CL340(PVM09)_L
39.312,55.76,84.336,39.216,55.72,84.232,1336,0,5813098282,CL340(PVM09)_L
36.696,53.408,106.664,36.464,53.376,106.648,3308,1,5813098282,CL340(PVM09)_L
21.4,58.024,113.312,21.6,58.024,113.24,3436,1,5813098282,CL340(PVM09)_L
35.856,54.136,88.28,35.704,54.152,88.296,1275,0.966872362,5813098282,CL340(PVM09)_L
54.96,52.656,93.288,55.232,52.576,93.336,429,0.987937408,5813098282,CL340(PVM09)_L
32.648,54.104,109.192,32.624,54.152,109.312,381,0,5813098282,CL340(PVM09)_L
32.856,53.912,109.024,32.928,53.784,109.096,381,0,5813098282,CL340(PVM09)_L
5.584,63.664,105.376,5.72,63.488,105.368,609,0.974102057,5813098282,CL340(PVM09)_L
50.016,52.368,91.816,50.016,52.368,91.888,474,0.990794588,5813098282,CL340(PVM09)_L
12.072,61.056,110.296,12.224,60.96,110.392,1000,0.370543984,5813098282,CL340(PVM09)_L
33.208,53.896,108.848,33.296,53.752,108.872,3370,1,5813098282,CL340(PVM09)_L
36.488,53.272,107.072,36.328,53.264,106.992,3308,1,5813098282,CL340(PVM09)_L
33.072,54.632,109.096,32.96,54.736,109.096,381,0,5813098282,CL340(PVM09)_L
5.04,64.064,104.784,5.024,64.36,104.904,639,0.973938827,5813098282,CL340(PVM09)_L
33.296,53.944,108.272,33.48,53.92,108.232,3370,1,5813098282,CL340(PVM09)_L
22.656,57.52,112.968,22.824,57.416,113.016,1156,0.979335767,5813098282,CL340(PVM09)_L
20.168,54.976,97.504,20.136,54.952,97.632,2110,0.982302384,5813098282,CL340(PVM09)_L
21.816,57.816,113.392,21.768,57.832,113.512,3436,1,5813098282,CL340(PVM09)_L
33.424,53.92,108.544,33.6,53.8,108.504,3370,1,5813098282,CL340(PVM09)_L
48.672,52.16,91.488,48.744,52.392,91.504,486,0.153859315,5813098282,CL340(PVM09)_L
40.728,51.712,104.568,40.976,51.784,104.48,3306,1,5813098282,CL340(PVM09)_L
49.272,52.208,91.656,49.416,52.368,91.752,486,0.153859315,5813098282,CL340(PVM09)_L
38.776,56.488,84.8,38.776,56.568,84.944,1291,0,5813098282,CL340(PVM09)_L
25.16,54.392,96.312,25.176,54.592,96.464,3132,0.875959074,5813098282,CL340(PVM09)_L
25.216,54.472,96.496,25.152,54.584,96.472,3132,0.875959074,5813098282,CL340(PVM09)_L
19.68,59.96,110.424,19.8,59.832,110.528,1196,0,5813098282,CL340(PVM09)_L
41.088,51.872,104.32,41.088,51.736,104.416,2401,0,5813098282,CL340(PVM09)_L
5.12,63.48,104.56,5.088,63.36,104.408,613,0,5813098282,CL340(PVM09)_L
5.104,63.552,105.208,5.152,63.568,105.36,611,0,5813098282,CL340(PVM09)_L
42.072,52.4,104.272,41.944,52.336,104.4,2401,0,5813098282,CL340(PVM09)_L
19.4,59.816,110.704,19.68,59.672,110.672,1048,0,5813098282,CL340(PVM09)_L
49.28,52.448,90.376,49.128,52.528,90.248,503,0,5813098282,CL340(PVM09)_L
26.64,53.792,96.6,26.728,53.896,96.528,3028,0.142060154,5813098282,CL340(PVM09)_L
12.064,61.496,109.576,12.024,61.344,109.504,1484,0.969855682,5813098282,CL340(PVM09)_L
25.408,56.208,93.032,25.48,56.424,93.096,3051,0.987549254,5813098282,CL340(PVM09)_L
40.016,51.992,105.728,39.984,52.008,105.888,3837,0,5813098282,CL340(PVM09)_L
37.264,54.552,87.544,37.12,54.448,87.472,1312,0,5813098282,CL340(PVM09)_L
12.384,61.296,109.968,12.408,61.016,110.208,393,0.983837271,5813098282,CL340(PVM09)_L
37.344,54.712,87.824,37.376,54.56,87.872,1312,0,5813098282,CL340(PVM09)_L
5.08,63.28,105.328,5.248,63.336,105.336,609,0.974102057,5813098282,CL340(PVM09)_L
21.312,31.68,109.592,21.392,31.712,109.472,1533,0.954867767,5813089462,LLPC2c
24.664,24.32,112.912,24.624,24.456,113.072,3824,0,5813089462,LLPC2c
24.664,23.856,113.376,24.64,23.92,113.464,3824,0,5813089462,LLPC2c
23.128,27.168,110.04,23.248,27.192,109.984,1566,0.972703397,5813089462,LLPC2c
18.312,35.312,107.192,18.464,35.176,107.232,1574,0.997336864,5813089462,LLPC2c
14.864,55.792,127.552,15.032,55.92,127.68,916,0.989463875,5813088549,PLP150_R
19.704,66.168,137.384,19.616,66.36,137.264,837,0,5813088549,PLP150_R
36.072,54.232,86.816,36.056,54.352,86.936,1276,0.991070819,5813088549,PLP150_R
48.184,52.024,103.608,47.944,51.776,103.64,3540,0,5813079585,LC14(pIP8b)_R
40.424,50.008,94.728,40.096,50.064,94.776,2047,0,5813079585,LC14(pIP8b)_R
55.16,48.056,95.52,55.36,48.056,95.512,3297,1,5813079585,LC14(pIP8b)_R
47.168,34.056,107.448,47.256,34.088,107.344,3526,0,5813079585,LC14(pIP8b)_R
29.968,27.672,98.264,30.152,27.664,98.208,1457,0.206326501,5813079585,LC14(pIP8b)_R
25.544,50.544,96.712,25.776,50.6,96.88,3674,1,5813079585,LC14(pIP8b)_R
24.92,50.152,96.968,24.88,49.952,96.792,2261,0.999287589,5813079585,LC14(pIP8b)_R
29.64,53.344,89.944,29.656,53.176,89.912,1620,0.994304103,5813079585,LC14(pIP8b)_R
25.552,50.008,97.832,25.704,49.88,97.76,2261,0.999287589,5813079585,LC14(pIP8b)_R
46.976,34.4,107.464,47.032,34.608,107.36,1834,0.964503833,5813079585,LC14(pIP8b)_R
40.92,35.52,109.528,40.936,35.496,109.64,1887,0.999660006,5813079585,LC14(pIP8b)_R
40.928,74.536,122.904,41.168,74.568,123.024,43,0,5813075607,LC4
46.032,80.312,123.16,45.976,80.184,123.2,60,0,5813075607,LC4
46.056,80.696,123.896,46.056,80.752,123.984,57,0,5813075607,LC4
26.736,56.096,113.888,26.88,55.992,113.936,3374,1,5813075607,LC4
31.128,64.8,122.352,31.088,64.864,122.464,304,0.999794027,5813075607,LC4
30.4,64.576,122.536,30.368,64.56,122.672,306,0,5813075607,LC4
41.648,75.184,123.512,41.72,75.104,123.576,43,0,5813075607,LC4
18.696,72.464,133.352,18.824,72.552,133.36,669,0,5813075607,LC4
19.448,72.64,136.072,19.408,72.536,135.96,667,0.410280518,5813075607,LC4
14.632,56.784,123.024,14.568,56.608,123.056,911,0,5813075607,LC4
19.192,58.856,122.752,19.248,58.832,122.968,464,0.998832762,5813075607,LC4
34.496,63.928,119.896,34.728,63.888,119.952,193,0.995517344,5813075607,LC4
46.736,79.648,122.984,46.696,79.432,123.056,61,0.992565304,5813075607,LC4
17.648,72.976,133.288,17.72,73.024,133.176,663,0,5813075607,LC4
38.208,62.24,114.664,38.376,62.256,114.768,315,0,5813075607,LC4
19.256,72.88,135.552,19.424,72.816,135.432,667,0.410280518,5813075607,LC4
55.624,47.632,96.08,55.448,47.704,96.04,3811,0,5813070612,NA
47.512,33.368,106.56,47.416,33.464,106.648,1812,0.989743245,5813070612,NA
43.872,42.192,106.024,43.968,42.072,106.152,2093,0.994581302,5813070612,NA
44.064,42.52,105.8,44.216,42.432,106.048,2093,0.994581302,5813070612,NA
40.512,50.792,95.104,40.696,50.672,95.072,3304,1,5813070612,NA
43.92,41.8,106.144,43.968,41.856,106.208,2093,0.994581302,5813070612,NA
55.584,47.064,96.384,55.48,47.032,96.488,3811,0,5813070612,NA
39.912,50.448,94.768,40.12,50.28,94.848,2047,0,5813070612,NA
40.408,50.608,94.136,40.608,50.56,94.096,2045,0.999999719,5813070612,NA
31.792,52.128,89.904,31.72,52.248,89.832,2832,0.989814509,5813070612,NA
26.888,31.376,104.832,26.96,31.4,104.904,2008,0.968928898,5813070594,PS112_R
24.608,49.016,96.512,24.496,49.216,96.472,2588,0.948095291,5813070594,PS112_R
5.616,66.536,128.536,5.68,66.472,128.704,782,0.985103057,5813070019,AMMC-A1_R
24.04,64.408,118.16,24.04,64.544,118.16,893,0.988852641,5813069523,PLP219_R
36.176,79.24,124.528,36.416,79.224,124.592,3791,0,5813069523,PLP219_R
31.52,58.84,125.4,31.52,58.632,125.448,882,0.969696047,5813069377,LC4
14.12,64.912,136.544,14.152,64.792,136.568,707,0,5813069377,LC4
15.464,65.088,136.2,15.44,64.96,136.288,708,0,5813069377,LC4
22.8,71.84,127.064,22.896,71.672,127.04,854,0,5813069377,LC4
23.832,68.072,129.208,23.72,68.04,129.08,1098,0.995504127,5813069377,LC4
37.808,72.112,124.984,37.976,72.128,124.936,8,0.998831801,5813069377,LC4
29.32,58.816,125.52,29.152,58.76,125.68,868,0.964407905,5813069377,LC4
15.048,64.96,136.504,15.296,64.936,136.384,708,0,5813069377,LC4
28.368,57.936,124.144,28.472,58.04,124.12,881,0,5813069377,LC4
15.976,65.664,136.928,16.032,65.384,136.936,708,0,5813069377,LC4
32.32,58.896,126.096,32.36,58.672,126.056,884,0,5813069377,LC4
38.048,70.112,126.888,38.032,69.824,126.832,12,0.991443216,5813069377,LC4
17.8,65.984,134.192,17.8,66.192,134.256,828,0.996354864,5813069377,LC4
39.416,67.064,124.864,39.552,67.2,124.968,190,0.971128804,5813069246,NA
45.696,68.672,125.328,45.696,68.52,125.472,91,0.999875323,5813069246,NA
25.68,70.592,137.288,25.544,70.384,137.224,811,0.947773914,5813069246,NA
14.096,69.384,137.632,13.88,69.736,137.568,787,0,5813069246,NA
41.624,66.016,118.304,41.56,66.248,118.432,217,0.271661314,5813069246,NA
19.92,58.712,121.448,20.016,58.768,121.536,463,0,5813069053,LC4
14.656,61.888,122.904,14.528,61.792,122.856,938,0,5813069053,LC4
20.936,58.12,120.96,21.032,58.152,120.752,3405,1,5813069053,LC4
45.848,80.624,124.008,45.984,80.736,124.008,58,0.974070432,5813069053,LC4
45.936,80.904,124.12,45.992,80.824,124.056,57,0,5813069053,LC4
46.272,80.76,124.336,46.368,80.704,124.208,49,0.990617259,5813069053,LC4
14.16,71.184,133.184,14.224,71.088,133.368,660,0.997646609,5813069053,LC4
32.84,70.672,125.264,32.848,70.608,125.352,167,0.979571053,5813069053,LC4
41.536,74.928,123.608,41.672,74.984,123.544,43,0,5813069053,LC4
40.88,80.072,128.056,40.776,80.152,128.056,109,0.277723696,5813069053,LC4
19.712,73.4,134.488,19.808,73.248,134.536,668,0.075396663,5813069053,LC4
14.768,71.576,133.504,14.624,71.44,133.56,660,0.997646609,5813069053,LC4
21.36,68.128,129.144,21.4,67.96,129.248,1097,0.994553285,5813069053,LC4
22.096,68.432,128.8,22.176,68.232,128.944,1674,0,5813069053,LC4
22.096,68.176,128.72,22.208,68.224,128.912,1098,0.995504127,5813069053,LC4
43.296,77,124.088,43.248,77,124,39,0.960581879,5813069053,LC4
13.824,61.664,124.072,13.808,61.528,124.056,938,0,5813069053,LC4
46.6,53.368,97.984,46.432,52.992,98.048,3301,1,5813069046,LPLC1_R
28.056,56.512,95.648,27.832,56.552,95.528,3034,0.991142403,5813069046,LPLC1_R
42.16,52.984,100.088,42.2,52.96,100.016,3305,1,5813069046,LPLC1_R
37.432,51.48,101.752,37.472,51.496,101.608,3306,1,5813069046,LPLC1_R
26.688,59.72,103.952,26.752,59.672,103.856,2970,0.947513226,5813069046,LPLC1_R
37.96,52.336,103.36,37.84,52.304,103.464,3306,1,5813069046,LPLC1_R
42.096,56.344,101.656,42.04,56.344,101.56,1419,0,5813069046,LPLC1_R
37.848,52.832,102.672,37.856,52.944,102.632,3306,1,5813069046,LPLC1_R
30.376,54.168,99.32,30.232,54.224,99.272,2864,0.984394205,5813069046,LPLC1_R
19.336,54.888,108.24,19.128,54.896,108.248,1202,0,5813069046,LPLC1_R
29.904,53.944,99.872,30.12,53.928,99.944,2975,0,5813069046,LPLC1_R
37.584,55.336,95.344,37.568,55.168,95.296,2897,0,5813069046,LPLC1_R
12.84,58.528,102.104,13.032,58.44,102.104,2332,0.980779167,5813069046,LPLC1_R
19.128,54.576,108.064,19.112,54.56,108.176,1202,0,5813069046,LPLC1_R
41.296,52.568,100.04,41.44,52.464,100.072,3305,1,5813069046,LPLC1_R
40.656,52.328,100.68,40.512,52.328,100.776,3306,1,5813069046,LPLC1_R
43.584,52.112,100.688,43.448,52.08,100.592,3304,1,5813069046,LPLC1_R
22.6,55.688,99.256,22.472,55.856,99.096,2955,0.976417109,5813069046,LPLC1_R
12.88,58.152,101.104,13.024,58.152,101.016,2331,0.215850461,5813069046,LPLC1_R
37.144,52.12,102.408,37.04,52.232,102.488,3306,1,5813069046,LPLC1_R
43.888,55.768,101.368,43.88,55.664,101.248,1416,0.995476259,5813069046,LPLC1_R
17.448,62.096,102.976,17.528,62.216,102.864,1024,0,5813069046,LPLC1_R
47.44,53.592,94.064,47.592,53.544,94.008,560,0.985596324,5813069046,LPLC1_R
46.488,53.032,98.2,46.456,52.968,98.008,3301,1,5813069046,LPLC1_R
11.76,57.12,106.92,11.608,57.208,106.952,995,0.957660034,5813069046,LPLC1_R
41.656,56.56,91.688,41.632,56.704,91.696,2173,0.496206136,5813069046,LPLC1_R
44.4,55.272,101.2,44.376,55.48,101.168,1413,0.895581592,5813069046,LPLC1_R
47.08,53.624,93.44,46.952,53.568,93.408,570,0,5813069046,LPLC1_R
12.464,58.304,101.152,12.408,58.44,101.056,2323,0,5813069046,LPLC1_R
24.024,57.28,102.152,24.008,57.224,102.256,2985,0.058790704,5813069046,LPLC1_R
40.088,52.576,100.6,40.096,52.688,100.632,3306,1,5813069046,LPLC1_R
41.064,57.096,91.472,41.12,57.2,91.512,2174,0.988724166,5813069046,LPLC1_R
36.392,54.248,106.776,36.336,54.184,106.64,3308,1,5813069046,LPLC1_R
33.32,51.136,106.504,33.424,51,106.592,3308,1,5813069046,LPLC1_R
33.176,51.096,106.344,33.368,50.944,106.536,3308,1,5813069046,LPLC1_R
24.624,64.128,137.544,24.632,64.176,137.64,822,0.999907876,5813068801,PLP015_R
23.312,28.08,108.728,23.184,28.232,108.792,1562,1,5813068137,LLPC2c
29.16,53.376,89.192,29.16,53.248,89.192,1621,0.99165776,5813066248,NA
15.304,53.8,125.104,15.376,53.84,124.896,919,0,5813065321,PLP150_R
14.904,56.128,128.088,15.008,56.096,127.904,916,0.989463875,5813065321,PLP150_R
21.224,62.448,142.4,21.264,62.624,142.328,713,0.927186019,5813065321,PLP150_R
22.344,53.712,127.048,22.416,53.776,127.208,1144,0.999635577,5813065321,PLP150_R
35.192,48.264,106.304,35.192,48.128,106.384,3484,1,5813065321,PLP150_R
21.4,62.68,142.528,21.336,62.696,142.368,713,0.927186019,5813065321,PLP150_R
21.4,62.944,142.536,21.304,62.768,142.368,713,0.927186019,5813065321,PLP150_R
14.944,53.96,124.92,15.032,54.08,124.912,919,0,5813065321,PLP150_R
21.992,54.312,121.552,22.104,54.36,121.632,1125,0.121516046,5813065321,PLP150_R
35.28,47.984,105.832,35.416,47.848,105.864,3484,1,5813065321,PLP150_R
27.976,50.52,112.696,28.232,50.616,112.528,1254,0.982123005,5813065321,PLP150_R
28.232,50.808,112.84,28.32,50.736,112.728,1254,0.982123005,5813065321,PLP150_R
18.344,34.92,107.328,18.456,34.92,107.224,1574,0.997336864,5813062734,LLPC2c
25.744,36.432,92.264,25.8,36.552,92.248,2759,0,5813062698,PLP249(SCB022)_R
24.736,55.8,116.4,24.808,55.88,116.208,3376,1,5813062698,PLP249(SCB022)_R
21.152,71.848,123.512,21.024,71.84,123.568,650,0.994438942,5813061245,PVLP022_R
25.352,51.888,115.904,25.224,51.904,115.864,1228,0.308942958,5813061245,PVLP022_R
17.032,69.64,129.16,17.064,69.752,128.992,656,0.999971551,5813061197,LC4
39.992,76.312,127.16,39.776,76.336,127.16,105,0.995356221,5813061197,LC4
26.672,60.528,116.696,26.768,60.408,116.752,899,0.21760954,5813061197,LC4
32.704,72.528,128.776,32.704,72.512,128.96,174,0.929592955,5813061197,LC4
15.744,61.768,123.76,15.608,61.728,123.768,932,0.999565984,5813061197,LC4
34.736,72.312,128.728,34.808,72.328,128.6,176,0,5813061197,LC4
47.056,80.688,123.312,46.96,80.68,123.464,49,0.990617259,5813061197,LC4
33.368,72.176,128.168,33.488,72.016,128.2,174,0.420621523,5813061197,LC4
22.416,68.728,128.912,22.472,68.528,128.912,1674,0,5813061197,LC4
40.112,80.328,128.264,40.096,80.256,128.392,108,0.944548133,5813061197,LC4
33.872,72.584,128.128,34.04,72.464,128.088,240,0,5813061197,LC4
32.824,72.984,129.056,32.736,72.784,129.128,174,0.929592955,5813061197,LC4
23.688,61.16,115.24,23.848,61.096,115.208,383,0.999465517,5813061197,LC4
39.288,75.272,126.568,39.2,75.272,126.44,103,0.991975983,5813061197,LC4
40.152,75.824,126.672,40.264,75.784,126.56,15,0.990860111,5813061197,LC4
46.096,79.88,123.752,46.184,79.88,123.632,48,0.999061146,5813061197,LC4
35.544,58.176,115.216,35.44,58.184,115.344,3313,1,5813061197,LC4
25.296,60.936,117.056,25.184,60.92,117.048,896,0.998482852,5813061197,LC4
15.888,62.152,123.28,15.656,62.232,123.256,932,0.999565984,5813061197,LC4
18.952,59.936,123.56,18.808,59.904,123.696,1473,0,5813061197,LC4
27.512,56.288,96.08,27.584,56.32,96.16,3033,0.987979535,5813061112,PLP244(SCB010)_R
41.368,29.952,99.68,41.48,29.904,99.744,1779,0,5813058342,PS002_R
32.44,35.32,92.832,32.296,35.176,92.832,2947,0,5813058342,PS002_R
32,35.32,92.656,31.984,35.36,92.736,2947,0,5813058342,PS002_R
33.008,29.064,103.296,33.008,29.272,103.264,2695,0.327893462,5813058342,PS002_R
31.504,41.184,95.792,31.536,41.248,95.856,1347,0,5813058342,PS002_R
31.664,40.976,95.048,31.712,41.088,94.992,1348,0.997854244,5813058342,PS002_R
32.976,29.32,103.456,33.192,29.488,103.424,2695,0,5813058342,PS002_R
41.456,30.184,99.016,41.368,30.04,99.04,1777,0.946268422,5813058342,PS002_R
31.952,35.136,92.336,31.928,34.944,92.384,1958,0.971969255,5813058342,PS002_R
38.2,48.448,100.704,38.008,48.6,100.8,3306,1,5813058008,SIP021_R
42.512,53.032,108.448,42.552,53.08,108.312,2406,0.796682972,5813058008,SIP021_R
42.192,52.744,107.992,42.12,52.848,107.864,2406,0.796682972,5813058008,SIP021_R
42.432,51.584,108.072,42.68,51.544,108.024,2409,0.986786804,5813058008,SIP021_R
26.392,50.552,94.136,26.344,50.536,94.288,2584,0.940533258,5813058008,SIP021_R
39.16,48.576,100.6,39.184,48.76,100.776,3306,1,5813058008,SIP021_R
39,48.872,100.464,39.136,48.928,100.608,3306,1,5813058008,SIP021_R
57.72,44.968,96.784,57.768,44.896,96.616,3812,0.38844202,5813058008,SIP021_R
35.888,66.328,120.816,35.856,66.208,120.816,1,0.977630229,5813057178,PVLP136_R
33.736,53.608,103.104,33.768,53.792,103.08,3846,0,5813057178,PVLP136_R
20.36,31.552,107.136,20.432,31.464,107.064,1501,0.917021747,5813056439,LLPC2c
41.696,73.416,126.944,41.656,73.224,126.968,99,0,5813056435,NA
17.072,74.184,132.352,17.264,74.288,132.416,672,0,5813056435,NA
36.864,78.896,125.368,36.824,78.768,125.344,3791,0,5813056435,NA
14.464,67.576,139.264,14.576,67.408,139.408,746,0.999974184,5813055328,WED072_R
47.664,82.752,123.024,47.744,82.792,123.096,50,0.968426945,5813055328,WED072_R
14.768,66.88,139.224,14.64,66.992,139.368,746,0.999974184,5813055328,WED072_R
13.896,67.896,139.384,14.064,67.992,139.456,746,0.999974184,5813055328,WED072_R
11.664,69.912,140.128,11.904,69.92,140.192,743,0.995802231,5813055328,WED072_R
13.16,68.312,138.936,13,68.448,138.944,722,0.991755722,5813055328,WED072_R
12.104,69.968,139.6,12.176,70.128,139.584,783,0.994229572,5813055328,WED072_R
44.232,88.008,122.944,44.144,88.032,122.944,33,0.865414692,5813055328,WED072_R
32.624,63.848,124.52,32.416,63.64,124.592,305,0,5813055129,LC4
37.536,58.312,115.096,37.48,58.152,115.176,320,0,5813055129,LC4
39.584,68.768,124.36,39.656,68.528,124.448,3341,1,5813055129,LC4
43.2,73.312,119.048,43.384,73.528,119.056,262,0.64780165,5813055129,LC4
15.392,72.76,138.568,15.288,72.88,138.48,674,0.970317998,5813055129,LC4
13.384,61.264,131.344,13.424,61.36,131.424,699,0.339136426,5813055129,LC4
36.288,61.432,121.768,36.368,61.392,121.88,3356,1,5813055129,LC4
36.776,64.728,119.152,36.744,64.832,119.192,208,0.080970504,5813055129,LC4
45.328,78.16,122.824,45.304,78.224,122.672,62,0.026407372,5813055129,LC4
46.536,79.248,124.312,46.624,78.944,124.008,61,0.992565304,5813055129,LC4
14.68,61.616,131.184,14.72,61.584,131.288,698,0.997706255,5813055129,LC4
28.152,63,127.328,28.352,62.8,127.232,872,0.974932256,5813055129,LC4
35.888,62.136,123.064,35.872,61.984,123.152,294,0,5813055129,LC4
13.664,62.016,130.48,13.448,62.096,130.536,1150,0,5813055129,LC4
47.088,74.032,122.608,47.136,74,122.792,81,0.970911688,5813055129,LC4
32.624,63.632,124.984,32.72,63.528,124.976,305,0,5813055129,LC4
25.448,54.648,99.952,25.568,54.64,100.08,3665,1,5813055080,LPLC1_R
40.664,52.272,100.88,40.664,52.144,100.752,3306,1,5813055080,LPLC1_R
48.048,54.064,93.712,47.944,53.904,93.8,561,0.989970782,5813055080,LPLC1_R
36.664,58.616,94.256,36.752,58.384,94.12,2900,0.989614373,5813055080,LPLC1_R
23.296,60.672,108.768,23.432,60.696,108.72,1165,0.18965039,5813055080,LPLC1_R
34.704,51.656,105.384,34.584,51.552,105.336,3307,1,5813055080,LPLC1_R
36.376,52.624,103.896,36.376,52.776,103.936,3307,1,5813055080,LPLC1_R
18.632,58.968,98.912,18.528,58.864,98.928,2650,0.9957756,5813055080,LPLC1_R
14.024,58.904,108.792,13.92,58.864,108.984,626,0,5813055080,LPLC1_R
23.04,60.568,108.064,23.104,60.704,108.2,1165,0,5813055080,LPLC1_R
36.072,54.136,98.776,36.208,54.192,98.832,3234,0.972747635,5813055080,LPLC1_R
50.952,53.488,92.76,50.736,53.648,92.68,476,0.997956455,5813055080,LPLC1_R
18.76,58.68,98.936,18.592,58.68,98.944,2650,0.9957756,5813055080,LPLC1_R
25.592,54.64,98.88,25.48,54.344,98.928,3639,1,5813055080,LPLC1_R
38.88,51.768,104.72,38.968,51.928,104.544,3306,1,5813055080,LPLC1_R
31.76,60.176,99.328,31.8,60.008,99.376,2873,0.978124514,5813055080,LPLC1_R
27.344,55.128,98.208,27.488,54.976,98.136,3029,0,5813055080,LPLC1_R
24.944,55.04,100.44,24.984,54.904,100.576,2978,0.999998999,5813055080,LPLC1_R
40.144,51.128,103.616,40.072,51.072,103.528,3306,1,5813055080,LPLC1_R
47.76,54.104,94.328,47.936,54.136,94.344,569,0,5813055080,LPLC1_R
43.512,54.2,93.312,43.664,54.16,93.288,2159,0.996238824,5813055080,LPLC1_R
43.464,55.816,89.792,43.568,55.952,89.736,2183,0.979999779,5813055080,LPLC1_R
24.272,57.304,102.432,24.128,57.304,102.272,2985,0.058790704,5813055080,LPLC1_R
27.64,56.152,96.624,27.704,56.144,96.464,3032,0,5813055080,LPLC1_R
36.472,52.008,104.808,36.568,51.864,104.68,3307,1,5813055080,LPLC1_R
36.432,52.336,104.296,36.52,52.488,104.28,3307,1,5813055080,LPLC1_R
43.832,53.296,94.04,44.008,53.384,94.112,2213,0,5813055080,LPLC1_R
10.888,58,107.68,10.768,58,107.72,995,0.957660034,5813055080,LPLC1_R
32.048,60.408,99.936,32.12,60.352,99.936,2877,0.99932825,5813055080,LPLC1_R
26.584,56.88,110.056,26.368,56.76,110.016,2351,0.999459418,5813055080,LPLC1_R
27.16,57.592,110.144,27.4,57.664,110.112,2352,0,5813055080,LPLC1_R
38.552,51.816,105.896,38.424,51.744,105.928,3307,1,5813055080,LPLC1_R
27.552,57.928,110.136,27.496,57.72,110.128,2352,0,5813055080,LPLC1_R
41.984,53.192,99.912,42.104,53.128,99.792,3305,1,5813055080,LPLC1_R
11.2,64.456,140.696,11.304,64.232,140.656,737,0.9711736,5813054604,NA
37.288,52.576,102.952,37.448,52.512,102.992,3306,1,5813054604,NA
36.968,51.616,105.176,36.96,51.488,105.16,3307,1,5813054604,NA
34.32,54.248,92.192,34.4,54.232,92.28,2928,0.995579618,5813054604,NA
4.744,49.856,94.72,4.84,49.784,94.696,2150,0,5813054604,NA
40.568,53.728,95.872,40.456,53.68,95.968,3305,1,5813054604,NA
5.12,50.08,94.928,5.008,49.904,94.72,2150,0,5813054604,NA
49.024,51.936,93.576,48.856,51.872,93.608,198,0.999630607,5813054604,NA
34.632,52.56,110.28,34.64,52.656,110.184,3310,1,5813054604,NA
57.976,51.24,96.608,57.944,51.12,96.544,435,0.979433313,5813054604,NA
27.112,53.52,96.584,27.024,53.712,96.512,3048,0,5813054604,NA
58.528,51.128,96.784,58.344,50.92,96.712,435,0.979433313,5813054604,NA
35.256,52.76,110.184,35.2,52.864,110.144,3309,1,5813054604,NA
36.88,53.048,108.768,36.848,53.192,108.76,3309,1,5813054604,NA
15.072,51.304,116.992,15.232,51.392,116.944,965,0,5813054604,NA
43.824,53.376,94.552,43.88,53.352,94.488,2156,0.997407842,5813054604,NA
36.856,52.12,106.032,36.808,52.064,105.936,3307,1,5813054604,NA
48.632,52.08,93.792,48.624,52.04,93.672,198,0.999630607,5813054604,NA
47.168,53.384,97.088,46.856,53.496,97.08,3300,1,5813054604,NA
35.04,58.616,89.864,35.136,58.56,89.936,1311,0.993453018,5813054604,NA
52.544,51.688,94.424,52.408,51.6,94.44,197,0.999292037,5813054604,NA
37.672,51.52,106.272,37.544,51.408,106.16,3307,1,5813054604,NA
36.04,59.488,89.824,36.112,59.568,89.896,1323,0.090529401,5813054604,NA
34.832,59.288,89.776,34.84,59.288,89.896,1319,0,5813054604,NA
27.616,52.736,118.656,27.768,52.728,118.664,1181,0.959917239,5813054604,NA
14.864,51.616,116.544,14.944,51.672,116.48,968,0,5813054604,NA
11.104,63.888,140.536,11.256,63.968,140.496,737,0.9711736,5813054604,NA
14.336,52.896,116.688,14.44,52.888,116.584,961,0.999508423,5813054604,NA
14.888,52.048,116.952,14.896,52.128,116.816,962,0.999366962,5813054604,NA
35.6,58.848,90.016,35.512,58.728,90.024,1320,0.095730386,5813054604,NA
36.576,53.296,108.288,36.456,53.272,108.32,3309,1,5813054604,NA
38.976,50.656,96.064,38.992,50.672,96.168,1268,0.987666367,5813054604,NA
14.688,52.784,116.416,14.624,52.864,116.496,961,0.999508423,5813054604,NA
14.976,52.544,116.488,15.064,52.584,116.624,961,0.999508423,5813054604,NA
48.44,52.672,93.864,48.376,52.672,93.784,198,0.999630607,5813054604,NA
21.84,53.808,99.336,21.84,53.808,99.184,2988,0.992518661,5813054604,NA
34.264,54.712,92.176,34.4,54.768,92.208,2928,0.995579618,5813054604,NA
48.08,52.376,93.912,48.104,52.432,93.84,198,0.999630607,5813054604,NA
27.744,52.216,119.384,27.76,52.296,119.296,1181,0.959917239,5813054604,NA
52.256,51.824,94.328,52.352,51.608,94.352,197,0.999292037,5813054604,NA
21.776,52.6,84.888,21.832,52.448,84.88,1650,0.9999959,5813054604,NA
51.904,51.76,95.984,51.896,51.776,95.832,198,0.999630607,5813054604,NA
40.576,50.024,95.768,40.696,50.168,96,3305,1,5813054604,NA
26.048,54.008,97.744,25.84,54.104,97.8,3639,1,5813054604,NA
47.776,52.864,96.512,47.672,52.728,96.432,198,0.999630607,5813054604,NA
33.672,51.824,110,33.712,51.952,109.928,3370,1,5813054604,NA
10.92,64.176,140.128,11.048,64.16,140.04,736,0,5813054604,NA
37.48,52.344,98.664,37.544,52.216,98.672,1268,0.987666367,5813054604,NA
16.584,53.224,100.512,16.44,53.176,100.312,2625,0.960749243,5813054604,NA
39.864,52.448,95.576,39.952,52.536,95.552,3305,1,5813054604,NA
40.488,52.536,95.544,40.44,52.4,95.496,3305,1,5813054604,NA
34.008,53.888,91.264,34.12,53.68,91.28,1273,0.993988544,5813054604,NA
24.912,53.232,98.904,25.072,53.344,98.792,2106,0.999692632,5813054604,NA
39.696,49.672,96.288,39.696,49.816,96.472,1268,0.987666367,5813054604,NA
36.392,52.448,97.568,36.424,52.312,97.6,3543,0,5813054604,NA
16.256,53.08,100.328,16.328,53.12,100.24,2625,0.960749243,5813054604,NA
23.664,52.72,121.096,23.664,52.64,121.224,1129,0.998967623,5813054604,NA
8.904,67.96,141.32,8.904,68.096,141.32,727,0.997838005,5813054604,NA
35.976,52.656,109.592,35.904,52.728,109.544,3309,1,5813054604,NA
18.776,58.288,98.048,18.776,58.152,98.128,2647,0.768364651,5813054604,NA
43.968,53.12,94.688,44.048,53.064,94.616,3301,1,5813054604,NA
19.288,56.048,126.36,19.28,56.016,126.448,980,0.128469723,5813054604,NA
5.08,51.288,95.848,5.192,51.368,95.888,2337,0,5813054604,NA
34.704,54.544,88.448,34.8,54.72,88.528,1309,0,5813054604,NA
51.872,52.12,95.496,51.984,52.016,95.528,556,0,5813054604,NA
51.968,52.184,95.168,52.04,52.112,95.352,556,0,5813054604,NA
9.544,68.968,141.016,9.656,68.88,141.056,728,0,5813054604,NA
25.136,54.08,99.936,25.176,54.128,100.016,3665,1,5813054604,NA
38.176,51.864,96.168,38.216,51.8,96.248,1268,0.987666367,5813054604,NA
11.088,63.464,139.776,11.152,63.584,139.832,735,0.999227835,5813054604,NA
37.6,52.088,96.456,37.6,51.976,96.512,1268,0.987666367,5813054604,NA
57.552,51.68,96.208,57.568,51.576,96.176,436,0.096688776,5813054604,NA
18.688,58.448,98.096,18.736,58.16,98.136,2647,0.768364651,5813054604,NA
37.832,52.312,96.136,37.6,52.216,96.104,1268,0.987666367,5813054604,NA
51.168,51.752,96.288,51.144,51.744,96.2,198,0.999630607,5813054604,NA
39.72,51.592,96.4,39.72,51.536,96.488,1268,0.987666367,5813054604,NA
36.536,53.192,109.064,36.456,53.264,109.032,3309,1,5813054604,NA
27.312,52.344,119.616,27.392,52.44,119.512,1181,0.959917239,5813054604,NA
14.944,51.128,116.016,15.056,51.256,116.008,964,0.308999766,5813054604,NA
19.584,52.752,99.408,19.552,52.784,99.28,2632,0.997353881,5813054604,NA
26.744,53.96,97.144,26.752,54.12,97.08,3028,0.071063646,5813054604,NA
29.488,50.912,113.696,29.44,50.864,113.76,1233,0.993386937,5813054604,NA
25.536,53.704,99.664,25.672,53.704,99.608,2977,0.983264009,5813054604,NA
37.272,52.216,96.4,37.408,52.32,96.272,1268,0.987666367,5813054604,NA
33.944,53.656,91.784,33.84,53.52,91.768,1272,0.999927607,5813054604,NA
57.888,51.832,95.936,57.76,51.752,95.912,436,0.032071835,5813054604,NA
27.168,53.864,98.336,27.28,53.824,98.312,2105,0.989245739,5813054604,NA
12.424,54.208,100.328,12.6,54.232,100.256,2621,0.999414335,5813054604,NA
33.656,53.752,91.672,33.696,53.584,91.68,1272,0.999927607,5813054604,NA
22.56,52.712,120.816,22.544,52.696,120.912,1129,0.998967623,5813054604,NA
33.968,51.752,109.736,33.96,51.8,109.656,3370,1,5813054604,NA
4.824,51.072,94.952,4.952,51.216,94.944,3648,0,5813054604,NA
40.608,52.288,96.264,40.784,52.064,96.128,3305,1,5813054604,NA
40.24,49.84,96.24,40.24,49.88,96.36,3305,1,5813054604,NA
40.616,51.84,95.968,40.752,51.904,95.968,3305,1,5813054604,NA
34.528,51.712,109.52,34.496,51.76,109.376,3309,1,5813054604,NA
22.632,53.336,121.864,22.488,53.24,121.744,1126,0.998833522,5813054604,NA
8.92,68.608,140.504,8.976,68.48,140.488,726,0.999522021,5813054604,NA
18.552,57.464,97.856,18.496,57.36,97.92,2647,0.768364651,5813054604,NA
18.24,57.696,97.976,18.384,57.696,98.056,2647,0.768364651,5813054604,NA
22.784,53.624,121.192,22.72,53.752,121.168,1125,0.121516046,5813054604,NA
23.496,53.512,121.432,23.56,53.624,121.44,1185,0.986864491,5813054604,NA
22.768,53.16,121.624,22.664,53.056,121.616,1126,0.998833522,5813054604,NA
36.664,52.688,107.224,36.544,52.632,107.224,3308,1,5813054604,NA
29.056,50.928,114.296,29.088,51.072,114.168,1232,0.870726355,5813054604,NA
26.416,53.432,97.912,26.416,53.36,97.992,2105,0.989245739,5813054604,NA
27.84,53.568,117.496,27.768,53.672,117.528,1181,0.959917239,5813054604,NA
35.792,59.584,89.424,35.712,59.672,89.384,1323,0.045253043,5813054604,NA
5.32,51.192,96.272,5.288,51.336,96.2,2337,0,5813054604,NA
23.88,53.344,98.48,23.84,53.424,98.368,2107,0.999515659,5813054604,NA
39.2,52.072,96.632,39.144,51.96,96.672,1268,0.987666367,5813054604,NA
51.2,50.448,96.792,51.112,50.416,96.688,198,0.999630607,5813054604,NA
36.616,52.264,97.216,36.616,52.176,97.208,3543,0,5813054604,NA
22.568,53.472,120.712,22.648,53.664,120.792,1125,0.121516046,5813054604,NA
47.32,52.8,97.208,47.296,52.712,97.16,3300,1,5813054604,NA
22.928,53.64,120.768,22.8,53.736,120.76,1125,0.121516046,5813054604,NA
15.392,50.92,115.968,15.336,51.032,115.88,964,0.377476428,5813054604,NA
51.432,51.24,96.376,51.392,51.232,96.28,198,0.999630607,5813054604,NA
27.592,53.848,98,27.568,53.848,98.104,2105,0.989245739,5813054604,NA
36.68,52.56,96.856,36.528,52.384,96.84,3543,0,5813054604,NA
29.56,50.16,114.336,29.512,50.112,114.248,1234,0.999999978,5813054604,NA
26.592,32.808,103.752,26.664,32.84,103.864,2613,0,5813054141,PLP029_R
48.32,73.528,124.92,48.448,73.584,124.896,3790,0,5813054141,PLP029_R
37.712,58.672,83.336,37.776,58.664,83.224,1302,0.999022045,5813054141,PLP029_R
34.68,52.848,94.496,34.688,52.752,94.44,3545,1,5813054096,PS155_R
49.504,51.832,89.936,49.472,51.992,89.888,504,0.980502755,5813054096,PS155_R
43.264,36.824,107.544,43.192,36.688,107.52,1904,0,5813054096,PS155_R
34.504,36.64,98.384,34.448,36.592,98.216,2684,0.879344739,5813054096,PS155_R
55.512,51.8,94.056,55.416,51.888,93.92,430,0,5813054096,PS155_R
42.112,29.424,104.632,42.256,29.648,104.608,1846,0,5813054096,PS155_R
34.792,54.664,109.304,34.704,54.456,109.352,3310,1,5813054096,PS155_R
36.472,39.416,92.912,36.304,39.208,92.792,2769,0,5813054096,PS155_R
26.776,51.28,87.368,26.592,51.44,87.376,1622,0.997028211,5813054096,PS155_R
24.864,54.744,96.624,24.984,54.656,96.56,3132,0.875959074,5813054096,PS155_R
41.256,50.984,93.552,41.144,50.944,93.44,2079,0.899940442,5813054096,PS155_R
35.44,33.12,97.32,35.288,33.176,97.504,3840,0,5813054096,PS155_R
49.736,46.928,92.144,49.64,47.064,92.144,198,0.999630607,5813054096,PS155_R
23.616,45.152,92.792,23.72,45.152,92.72,2266,0.942445101,5813054096,PS155_R
53.576,51.512,87.68,53.744,51.568,87.792,523,0.214217177,5813048127,CL235_R
32.72,59.024,93.896,32.808,58.992,94,1329,0.328914681,5813047992,LPLC1_R
9.928,58.888,107.552,9.856,58.712,107.64,635,0.963785237,5813047992,LPLC1_R
54.488,54.848,93.912,54.632,54.776,94.032,451,0.954919498,5813047992,LPLC1_R
21.328,60.416,111.392,21.248,60.264,111.352,1197,0.980618595,5813047992,LPLC1_R
22.6,58.192,110.784,22.648,58.104,110.616,1162,0,5813047992,LPLC1_R
51.992,55.16,93.792,51.736,55.248,94,480,0.997917415,5813047992,LPLC1_R
36.184,59.616,90.808,36.088,59.488,90.728,1321,0.884902415,5813047992,LPLC1_R
43.872,55.56,97.576,44.024,55.504,97.744,2204,0.996293588,5813047992,LPLC1_R
36.456,59.536,90.944,36.144,59.36,90.888,1396,0,5813047992,LPLC1_R
13.32,57.968,100.52,13.224,57.936,100.448,2330,0,5813047992,LPLC1_R
37.096,59.256,90.488,37.224,59.32,90.456,1322,0.991174699,5813047992,LPLC1_R
37.544,59.272,90.432,37.368,59.208,90.408,1322,0.991174699,5813047992,LPLC1_R
32.944,59.12,93.136,33.072,59.232,93.184,1327,0.945171385,5813047992,LPLC1_R
27.232,52.592,104.6,27.176,52.768,104.488,3012,0.935767523,5813047992,LPLC1_R
32.416,53.816,100.608,32.352,53.816,100.72,3211,0.975790576,5813047992,LPLC1_R
25.544,56.36,98.408,25.392,56.512,98.432,3847,0.475736041,5813047992,LPLC1_R
48.16,54.52,91.216,48.04,54.624,91.256,497,0,5813047992,LPLC1_R
45.648,54.536,96.704,45.536,54.376,96.696,3301,1,5813047992,LPLC1_R
48.456,53.24,93.984,48.208,53.216,93.912,198,0.999630607,5813047992,LPLC1_R
48.376,54.328,90.328,48.304,54.248,90.232,495,0,5813047992,LPLC1_R
48.344,55.064,89.64,48.176,55.112,89.568,498,0,5813047992,LPLC1_R
23.912,56.576,102.344,24.024,56.696,102.28,2985,0.058790704,5813047992,LPLC1_R
32.24,53.152,101.016,32.224,53.16,100.848,3211,0.975790576,5813047992,LPLC1_R
37.592,51.552,101.384,37.72,51.544,101.44,3306,1,5813047992,LPLC1_R
37.896,51.648,101.032,37.968,51.728,101.096,3306,1,5813047992,LPLC1_R
38.024,54.824,94.064,38.208,54.968,94.112,2896,0.994186621,5813047489,AVLP531_R
43.568,56.2,94.768,43.48,56.144,94.864,2177,0,5813047489,AVLP531_R
24.032,28.912,105.888,23.912,28.912,105.936,1556,0.99898002,5813046303,LLPC2c
28.312,29.408,111.528,28.088,29.512,111.608,1550,0,5813046303,LLPC2c
23.688,29.384,105.792,23.68,29.28,105.944,3585,0,5813046303,LLPC2c
23.56,29.056,105.808,23.6,29.208,105.968,1556,0.620956364,5813046303,LLPC2c
27.344,30.232,111.936,27.416,30.392,111.888,1540,0.295862997,5813046028,LLPC1
27.824,29.744,112.12,27.984,29.832,112.064,1539,0.99711427,5813046028,LLPC1
27.976,30.456,113.104,28.136,30.24,113.152,1541,0.105993619,5813046028,LLPC1
51.36,27.368,106.272,51.528,27.464,106.296,1801,0,5813045867,LC22_R
35.888,30.312,101.84,35.736,30.32,101.928,2660,0.514968042,5813045867,LC22_R
24.408,43.088,105.792,24.344,43.256,105.888,2557,0.099517155,5813045867,LC22_R
35.288,29.752,101.816,35.4,29.992,101.68,2661,0.42244068,5813045867,LC22_R
23.328,42.976,106.32,23.264,42.864,106.296,2548,0.999907034,5813045867,LC22_R
24.888,43.032,106.208,25.064,43.224,105.952,2556,0.962665723,5813045867,LC22_R
50.304,32.872,110.856,50.216,32.736,110.872,1816,0.982512376,5813045867,LC22_R
25.488,42.664,105.264,25.48,42.664,105.12,2557,0.211270002,5813045867,LC22_R
52.048,26.16,106.16,52.224,26.224,106.16,1800,0.965427625,5813045867,LC22_R
51.76,27.92,106.664,51.512,27.88,106.592,1801,0,5813045867,LC22_R
39,33.272,105.488,39.16,33.072,105.376,2221,0,5813045867,LC22_R
29.88,35.2,102.816,29.84,35.024,102.904,2697,0.990249326,5813045867,LC22_R
48.936,33.32,109.392,49,33.56,109.304,1813,0.966442524,5813045867,LC22_R
3.648,67.808,129.816,3.712,67.872,129.608,765,0.949428369,5813045806,PLP220_R
18.96,72.456,133.08,18.952,72.432,133.272,669,0,5813045806,PLP220_R
16.688,60.688,112.064,16.768,60.64,112.16,3267,0.96097416,5813045806,PLP220_R
36.128,66.208,120.752,35.896,66.152,120.792,1,0.977630229,5813045806,PLP220_R
12.496,60.864,124.488,12.496,60.968,124.536,939,0,5813045806,PLP220_R
19.016,59.544,123.616,18.872,59.448,123.632,924,0.985825743,5813045806,PLP220_R
6.784,68.136,104.6,6.848,68.024,104.592,603,0,5813045792,LPLC1_R
23.776,56.448,96.504,23.728,56.568,96.584,3147,0.977999749,5813045792,LPLC1_R
46.064,56.432,93.224,46.192,56.376,93.176,567,0.953552426,5813045792,LPLC1_R
46.376,56.592,93.264,46.352,56.432,93.24,567,0.953552426,5813045792,LPLC1_R
40.776,56.472,94.288,40.584,56.608,94.112,3845,0,5813045792,LPLC1_R
37.6,55.192,106.248,37.536,55.024,106.168,3186,0,5813045792,LPLC1_R
37.336,56.168,106.352,37.28,56.128,106.208,3185,0.715140031,5813045792,LPLC1_R
47.072,56.064,93.528,47.016,55.936,93.584,566,0,5813045792,LPLC1_R
9.536,63.8,106.504,9.56,63.88,106.568,598,0.99890695,5813045792,LPLC1_R
40.448,53.592,96.184,40.432,53.656,96.072,3305,1,5813045792,LPLC1_R
7.976,58.088,109.32,8.08,57.96,109.224,992,0.91016753,5813045792,LPLC1_R
17.992,55.24,109.176,18.056,55.12,109.248,1045,0.995907916,5813045792,LPLC1_R
47.8,54.024,90.064,47.736,53.912,90.088,495,0,5813042873,LPLC1_R
44.56,53.696,94.512,44.512,53.624,94.384,3301,1,5813042873,LPLC1_R
19.208,64.28,105.752,19.208,64.256,105.872,1016,0.997719259,5813042873,LPLC1_R
17.912,63.456,104.776,17.992,63.552,104.704,1019,0,5813042873,LPLC1_R
27.448,56.568,110.968,27.44,56.656,111.016,2347,0.993565487,5813042873,LPLC1_R
48.152,54.192,90.072,48.16,54.192,90.2,495,0,5813042873,LPLC1_R
23.696,53.992,105.56,23.768,53.992,105.432,3004,0.990355245,5813042873,LPLC1_R
30.376,53.864,99.68,30.24,53.864,99.608,2864,0.984394205,5813042873,LPLC1_R
41.048,52.616,103.504,40.96,52.464,103.416,3306,1,5813042873,LPLC1_R
19.064,54.032,108.04,19.216,54.064,108.096,1202,0,5813042873,LPLC1_R
37.792,55.696,105.576,37.904,55.752,105.464,3188,0.22319779,5813042873,LPLC1_R
40.856,52.52,103.504,40.904,52.4,103.416,3306,1,5813042873,LPLC1_R
27.056,53.072,104.904,27.224,52.872,104.856,3012,0.935767523,5813042873,LPLC1_R
37.816,52.152,103.408,37.8,52.248,103.456,3306,1,5813042873,LPLC1_R
19.552,53.44,107.44,19.784,53.52,107.408,1202,0,5813042873,LPLC1_R
46.36,54.064,93.176,46.528,54.008,93.32,572,0.986163935,5813042873,LPLC1_R
15.776,58.84,109.28,15.768,59.016,109.296,622,0.999668148,5813042873,LPLC1_R
39.808,53.856,101.208,39.904,53.936,101.056,3306,1,5813042873,LPLC1_R
30.048,52.712,96.664,29.968,52.672,96.856,2104,0.997960062,5813042873,LPLC1_R
43.496,54.16,94.704,43.624,54.064,94.568,2156,0.997407842,5813042873,LPLC1_R
32.144,53.936,100.672,32.328,53.912,100.816,3211,0.975790576,5813042873,LPLC1_R
36.976,55.888,106.496,37.104,55.752,106.376,3185,0.715140031,5813042873,LPLC1_R
33.208,56.704,94.016,33.096,56.736,94.096,2919,0,5813042873,LPLC1_R
45.504,54.2,94.976,45.616,53.96,95.048,3301,1,5813042873,LPLC1_R
15.84,58.192,108.92,15.728,58.248,108.776,622,0.999668148,5813042873,LPLC1_R
34.024,56.8,94.104,34.024,56.816,94.328,2916,0.975155298,5813042873,LPLC1_R
33.184,51.872,103.72,33.352,51.88,103.816,3307,1,5813042873,LPLC1_R
47.776,54.448,90.32,47.944,54.616,90.296,496,0.961905505,5813042873,LPLC1_R
21.304,57.072,113.08,21.44,57.104,113.104,3436,1,5813042873,LPLC1_R
18.464,59.4,111.144,18.744,59.328,111.096,1050,0.9942687,5813042873,LPLC1_R
34.808,55.864,92.288,34.912,55.88,92.36,2928,0.995579618,5813042873,LPLC1_R
31.984,53.16,101.104,32.016,53.096,100.976,3211,0.975790576,5813042873,LPLC1_R
18.608,63.664,104.784,18.504,63.632,104.792,1019,0,5813042873,LPLC1_R
46.424,53.8,97.44,46.56,53.76,97.344,3301,1,5813042873,LPLC1_R
22.16,55.488,98.976,22.32,55.472,98.864,2954,0.980592746,5813042873,LPLC1_R
40.456,52.512,103.856,40.488,52.44,103.952,3306,1,5813042873,LPLC1_R
33.904,56.568,94.352,33.92,56.752,94.352,2919,0,5813042873,LPLC1_R
37.144,52.112,102.696,37.144,52.248,102.648,3306,1,5813042873,LPLC1_R
24,50.944,116.272,23.832,51.136,116.072,1225,0,5813040309,PLP018_R
39.16,55.872,117.816,39.152,56.072,117.84,336,0.977918975,5813040309,PLP018_R
23.256,57.704,114.216,23.184,57.544,114.256,384,0.179836081,5813040309,PLP018_R
13.752,54.488,96.064,13.808,54.488,96.168,2134,0.924900251,5813040309,PLP018_R
27.472,33.408,104.056,27.616,33.44,104.152,3576,1,5813040309,PLP018_R
13.512,54.336,96.56,13.432,54.552,96.536,2119,0.87226195,5813040309,PLP018_R
17.984,55.4,97.592,17.992,55.416,97.672,2111,0.999961534,5813040309,PLP018_R
23.48,52.352,116.112,23.384,52.264,116.04,1224,0,5813040309,PLP018_R
41.816,84.136,124.6,41.872,84.144,124.52,18,0.991055168,5813040309,PLP018_R
13.552,54.568,96.808,13.472,54.6,96.608,2119,0.87226195,5813040309,PLP018_R
23.584,51.896,116.008,23.552,51.96,115.928,1222,0.031439621,5813040309,PLP018_R
36.416,56.704,112.544,36.464,56.936,112.536,1380,0,5813040309,PLP018_R
24.272,57.944,114.576,24.432,57.88,114.52,3377,1,5813040309,PLP018_R
40.496,90.024,123.28,40.656,89.952,123.392,31,0.99679518,5813040309,PLP018_R
35.776,56.784,112.376,35.832,56.736,112.448,1380,0,5813040309,PLP018_R
27.016,33.976,104.112,27.12,33.976,104.056,1494,0.995171234,5813040309,PLP018_R
22.768,51.616,116.568,22.664,51.496,116.544,1223,0.990797483,5813040309,PLP018_R
14.472,55.528,96.912,14.344,55.408,96.944,2118,0,5813040309,PLP018_R
16.488,54.864,97.536,16.488,54.904,97.648,3642,1,5813040309,PLP018_R
27.024,32.76,103.936,26.792,32.864,103.952,2613,0,5813040309,PLP018_R
39.168,55.688,116.208,39.232,55.832,116.168,342,0,5813040309,PLP018_R
22.976,56.528,115.592,23.08,56.656,115.52,384,0.179836081,5813040309,PLP018_R
38.84,55.92,116.6,38.8,56.072,116.656,341,0.933551917,5813040309,PLP018_R
23.736,26.712,110.76,23.728,26.848,110.816,1566,0.972703397,5813039331,LLPC3
39.128,55.496,94.192,39.024,55.416,94.256,2896,0.994186621,5813039148,PVLP011_R
24.752,23.24,113.736,24.832,23.28,113.8,3824,0,5813039148,PVLP011_R
36.184,55.064,92.64,36.224,55.296,92.512,2910,0,5813039148,PVLP011_R
34.416,51.624,105.464,34.528,51.536,105.352,3308,1,5813039148,PVLP011_R
33.384,54.696,107.248,33.432,54.552,107.024,3309,1,5813039148,PVLP011_R
32.696,54.784,101.912,32.744,55.016,101.896,3213,0.995001618,5813039148,PVLP011_R
37.392,51.288,103.088,37.448,51.136,103.08,3306,1,5813038998,LPLC1
37.824,52.656,98.48,37.84,52.528,98.592,1268,0.987666367,5813038998,LPLC1
32.296,52.592,99.224,32.104,52.488,99.128,3638,1,5813038998,LPLC1
34.768,55.36,93.856,34.888,55.336,93.912,2914,0.966415593,5813038998,LPLC1
26.152,56.752,94.272,26.336,56.752,94.248,3038,0.045589882,5813038998,LPLC1
38.16,51.24,101.752,38.192,51.056,101.68,3306,1,5813038998,LPLC1
26.144,56.768,94.68,26.192,56.896,94.624,3038,0,5813038998,LPLC1
55.584,52.752,94.808,55.368,52.752,94.824,431,0.990618334,5813038998,LPLC1
18.816,54.76,108.168,18.928,54.88,108.28,1202,0,5813038998,LPLC1
23.2,55.392,104.888,23.128,55.52,104.976,3001,0.965163584,5813038998,LPLC1
40.064,53.392,101.072,40.048,53.52,100.936,3306,1,5813038998,LPLC1
39.856,52.912,100.712,39.944,52.992,100.64,3306,1,5813038998,LPLC1
22.976,55.352,105.024,23.072,55.584,104.92,3001,0.965163584,5813038998,LPLC1
39.28,51.664,101.144,39.32,51.552,101.144,3306,1,5813038998,LPLC1
38.2,51.456,101.336,38.208,51.168,101.48,3306,1,5813038998,LPLC1
38.112,51.752,101.208,37.968,51.672,101.192,3306,1,5813038998,LPLC1
24.176,55.376,102.416,24.304,55.488,102.504,2984,0.541253715,5813038998,LPLC1
34.256,50.864,105.64,34.376,50.848,105.568,3308,1,5813038998,LPLC1
31.768,51.056,104.496,31.704,51.216,104.568,3021,0,5813038998,LPLC1
32.176,50.896,103.888,32.168,51.048,103.904,3021,0,5813038998,LPLC1
18.752,61.048,108.896,18.712,61.184,108.976,1009,0.988974352,5813038998,LPLC1
31.6,60.944,102.016,31.504,60.728,102.08,2883,0,5813038998,LPLC1
26.568,59.856,103.832,26.6,59.752,103.712,2970,0.947513226,5813038998,LPLC1
33.024,51.152,104.048,32.944,51.464,104.2,3021,0,5813038998,LPLC1
14.648,59.576,110.08,14.616,59.688,110.208,392,0.983382618,5813038998,LPLC1
14.928,59.192,110.528,15.088,59.128,110.648,392,0.983382618,5813038998,LPLC1
31.456,60.448,102.272,31.488,60.576,102.032,2883,0,5813038998,LPLC1
24.28,55.2,100.92,24.36,54.976,100.968,2979,0.990185762,5813038998,LPLC1
37.784,52.712,96.432,37.656,52.616,96.448,1268,0.987666367,5813038998,LPLC1
32.568,52.048,100.208,32.4,52.112,100.216,3206,0.973739085,5813038998,LPLC1
14.376,59.368,109.776,14.344,59.52,109.744,392,0.983382618,5813038998,LPLC1
31.272,60.04,102.528,31.08,59.88,102.536,2882,0.921412141,5813038998,LPLC1
26.416,60.264,102.88,26.256,60.32,102.768,2969,0.860335033,5813038998,LPLC1
37.808,52.368,100.472,37.848,52.208,100.568,3306,1,5813038998,LPLC1
36.888,53.992,110.88,36.88,54.048,111.024,374,0.986597139,5813038998,LPLC1
42.48,55.488,91.376,42.504,55.576,91.464,3725,1,5813038998,LPLC1
45.136,54.96,97.448,44.832,54.944,97.472,2202,0.973852506,5813038998,LPLC1
30.824,56.992,99.216,30.824,56.904,99.288,2866,0.980431874,5813038319,LPLC1_R
23.528,57.832,99.688,23.384,57.816,99.64,2956,0.965947918,5813038319,LPLC1_R
21.096,56.312,112.992,21.28,56.288,113.008,1191,0.954907573,5813038319,LPLC1_R
46.576,54.104,93.16,46.504,53.992,93.28,572,0.986163935,5813038319,LPLC1_R
30.016,56.544,100.352,30.216,56.456,100.352,2867,0.121658014,5813038319,LPLC1_R
14.24,61.624,111.28,14.248,61.784,111.344,1200,0.987890007,5813038319,LPLC1_R
33.2,59.496,94.336,33.048,59.472,94.376,1329,0.328914681,5813038319,LPLC1_R
31.936,58.76,98.208,31.96,58.896,98.216,2874,0.057941528,5813038319,LPLC1_R
30.528,56.776,99.856,30.648,56.688,99.744,2866,0.980431874,5813038319,LPLC1_R
49.712,55.992,92.112,49.856,56.032,92.184,482,0.961295705,5813038319,LPLC1_R
46.608,53.896,93.704,46.528,53.912,93.584,571,0.855918036,5813038319,LPLC1_R
38.208,52.672,98.752,38.112,52.76,98.696,1268,0.987666367,5813038319,LPLC1_R
22.672,57.928,110.6,22.664,58.104,110.616,1162,0,5813038319,LPLC1_R
48.192,56.048,94.96,48.032,56.112,94.896,568,0,5813038319,LPLC1_R
48.184,54.328,94.568,48.072,54.216,94.448,569,0,5813038319,LPLC1_R
34.048,58.632,92.352,34.072,58.84,92.408,1326,0,5813037812,PS181_R
38.184,61.088,86.728,38.224,60.96,86.768,1294,0.946691402,5813037812,PS181_R
30.936,56.376,98.888,30.752,56.584,98.992,2866,0.980431874,5813037812,PS181_R
32.376,60.4,101.344,32.304,60.24,101.352,2881,0.047508219,5813037812,PS181_R
40.016,52.832,106.704,39.808,52.576,106.608,3837,0,5813037812,PS181_R
40.8,53.52,108.336,40.96,53.512,108.408,2405,0.333384778,5813037812,PS181_R
31.32,52.888,89.952,31.336,52.848,90.104,1619,0.964169583,5813037804,PLP209_R
31.32,52.744,89.92,31.344,52.672,90.016,1619,0.964169583,5813037804,PLP209_R
14.792,75.192,140.92,14.752,75.224,140.784,680,0.936707223,5813037804,PLP209_R
30.56,53.512,89.52,30.464,53.328,89.68,1620,0.994304103,5813037804,PLP209_R
22.144,52.392,116.84,22.008,52.176,116.656,1223,0.990797483,5813037804,PLP209_R
31.68,52.392,89.6,31.712,52.344,89.8,2832,0.989814509,5813037804,PLP209_R
27.936,33.008,105.016,27.872,33.12,105.12,3576,1,5813037804,PLP209_R
24.288,25.12,112.408,24.336,25.248,112.472,1568,0.354592189,5813034211,LLPC1
34.2,71.512,122.264,34.296,71.416,122.328,157,0.968820351,5813034018,PLP220_R
35.104,72.36,121.952,35.184,72.28,121.904,157,0.968820351,5813034018,PLP220_R
25.064,56.04,116.616,25.136,56.112,116.472,3375,1,5813034018,PLP220_R
30.952,44.872,95.208,30.952,44.872,95.352,2818,0.981866939,5813033809,LC29_R
21.288,65.368,106.16,21.184,65.464,106.352,1026,0.998033885,5813033596,AVLP516_R
19.176,54.32,108.536,19.168,54.352,108.36,1202,0,5813031567,LPLC1_R
34.736,51.384,105.336,34.656,51.408,105.336,3307,1,5813031567,LPLC1_R
35.64,54.56,92.744,35.504,54.584,92.8,2925,0,5813031567,LPLC1_R
37.608,55.216,94.64,37.736,55.248,94.608,2897,0,5813031567,LPLC1_R
31.664,59.936,100.952,31.648,59.96,100.888,2881,0.047508219,5813031567,LPLC1_R
38.608,54.688,93.68,38.408,54.792,93.752,2896,0.994186621,5813031567,LPLC1_R
35.456,51.88,99.096,35.24,51.672,99.24,3543,0,5813031567,LPLC1_R
33.6,52.136,103.728,33.424,52.136,103.688,3307,1,5813031567,LPLC1_R
4.48,63.536,105.304,4.48,63.608,105.392,612,0.989988795,5813031567,LPLC1_R
31.096,58.952,103.136,31.208,59.096,103.112,2882,0.921412141,5813031567,LPLC1_R
13.784,61.968,113.016,13.848,62.072,112.688,1200,0.987890007,5813031567,LPLC1_R
34.456,51.952,98.952,34.744,51.712,99.104,3544,1,5813031567,LPLC1_R
48.712,53.064,90.424,48.784,52.96,90.52,503,0,5813031567,LPLC1_R
36.28,55.104,92.4,36.304,55.256,92.328,2910,0.030025404,5813031567,LPLC1_R
33.968,51.952,104.912,34.064,51.952,104.808,3307,1,5813031567,LPLC1_R
48.632,53.456,90.68,48.56,53.424,90.728,487,0.999702603,5813031567,LPLC1_R
36.496,53.384,106.488,36.464,53.368,106.64,3308,1,5813031567,LPLC1_R
34.744,51.752,99.272,34.8,51.68,99.136,3544,1,5813031567,LPLC1_R
25.528,56.136,97.792,25.264,56.168,97.56,3139,0.090853078,5813031567,LPLC1_R
32.6,52.312,107.512,32.872,52.144,107.688,3309,1,5813031567,LPLC1_R
8.224,58.328,107.656,8.288,58.288,107.792,637,0.927920138,5813031567,LPLC1_R
42.072,55.632,91.672,41.912,55.48,91.736,3727,0,5813031567,LPLC1_R
48.04,53.632,90.176,48.088,53.768,90.24,495,0,5813031567,LPLC1_R
9.096,58.432,105.472,9.096,58.576,105.488,3814,0.220941588,5813031567,LPLC1_R
36.792,54.136,106.504,36.584,54.248,106.44,3177,0.99582869,5813031567,LPLC1_R
42.552,55.32,91.904,42.576,55.272,91.8,2171,0,5813031567,LPLC1_R
24.072,54.304,98.936,24.032,54.176,99,2106,0.999692632,5813031567,LPLC1_R
32.208,60.904,99.88,32.296,60.712,99.912,2877,0.99932825,5813031567,LPLC1_R
9.96,61.056,108.96,10.04,61.232,108.896,598,0.99890695,5813031567,LPLC1_R
22.408,54.496,97.288,22.408,54.384,97.424,2108,0.99887107,5813031567,LPLC1_R
9.192,58.664,105.968,9.136,58.792,105.976,3814,0.183892961,5813031567,LPLC1_R
26.36,56.528,94.16,26.408,56.616,94.168,3038,0.045589882,5813031567,LPLC1_R
37.656,53.72,97.272,37.552,53.52,97.296,1268,0.987666367,5813031567,LPLC1_R
11.72,69.368,137.144,11.608,69.224,137.288,781,0,5813027278,AVLP429_R
25.384,58.72,98.12,25.44,58.576,98.08,3848,0.350018948,5813027276,AVLP080_R
25.448,59.304,98.576,25.696,59.256,98.52,3848,0.969112223,5813027276,AVLP080_R
19.24,61.76,110.368,19.192,61.432,110.432,1007,0.99995265,5813027276,AVLP080_R
13.984,62.232,110.656,14.144,62.128,110.752,1201,0.065595516,5813027276,AVLP080_R
24.608,57.712,97.16,24.72,57.6,97.144,3144,0,5813027276,AVLP080_R
23.488,58.088,110.856,23.432,58.072,110.952,1167,0,5813027276,AVLP080_R
22.984,58.44,110.584,22.856,58.496,110.712,1486,0.973827814,5813027276,AVLP080_R
22.672,58.92,110.72,22.8,58.76,110.848,1486,0.973827814,5813027276,AVLP080_R
23.872,57.96,110.96,23.8,58.192,111.056,1167,0,5813027276,AVLP080_R
23.552,58.136,110.056,23.408,58.072,110.008,1161,0.991110564,5813027276,AVLP080_R
19.488,58.096,110.216,19.488,58.232,110.264,1218,0.884091763,5813027276,AVLP080_R
23.144,58.648,110.08,23.256,58.528,109.952,1163,0,5813027276,AVLP080_R
41.2,57.744,91.632,41.328,57.544,91.616,2174,0.988724166,5813027276,AVLP080_R
44.952,57.76,91.64,44.984,57.472,91.68,3730,1,5813027276,AVLP080_R
48.392,57.488,96.88,48.096,57.392,96.936,594,0.946500392,5813027276,AVLP080_R
20.296,60.656,111.024,20.232,60.584,111.08,1196,0.99095013,5813027276,AVLP080_R
20.936,60.4,111.184,20.952,60.24,111.224,1197,0.980618595,5813027276,AVLP080_R
3.048,63.552,105.776,3.024,63.608,105.888,612,0.989988795,5813027276,AVLP080_R
7.496,67.4,105.84,7.776,67.352,105.752,601,0.956894533,5813027276,AVLP080_R
32.832,56.4,94.24,32.8,56.4,94.128,2923,0,5813027276,AVLP080_R
32.496,56.2,94.44,32.528,56.16,94.232,2924,0.897933265,5813027276,AVLP080_R
29.592,54.616,108.76,29.72,54.504,108.76,3060,0,5813027276,AVLP080_R
29.8,55.072,108.56,29.96,55.016,108.6,3061,0.777502262,5813027276,AVLP080_R
18.296,61.48,106.128,18.296,61.512,105.912,1018,0.984743339,5813027276,AVLP080_R
37.176,59.088,93.864,37.328,58.992,94.072,2901,0.98398992,5813027276,AVLP080_R
32.688,59.424,93.776,32.864,59.328,93.92,1329,0,5813027276,AVLP080_R
32.656,59.392,93.624,32.84,59.256,93.712,1329,0,5813027276,AVLP080_R
18.952,61.56,109.296,18.96,61.432,109.232,1009,0.988974352,5813027276,AVLP080_R
18.04,61.592,108.944,17.952,61.544,108.848,1010,0.920076599,5813027276,AVLP080_R
37.096,59.328,94.224,37.408,59.168,94.152,2901,0.98398992,5813027276,AVLP080_R
14.456,58.848,113.256,14.36,58.736,113.152,951,0,5813027276,AVLP080_R
14.888,58.808,113.224,14.816,58.68,113.12,951,0,5813027276,AVLP080_R
18.76,57.296,109.32,18.904,57.192,109.28,1038,0.975740537,5813027276,AVLP080_R
24.024,59.648,99.96,24.168,59.488,99.872,2962,0.998981384,5813027276,AVLP080_R
24.672,59.584,100.016,24.544,59.704,99.904,2962,0.998981384,5813027276,AVLP080_R
24.4,57.128,96.888,24.544,57.088,96.888,3144,0,5813027276,AVLP080_R
37.352,56.896,105.728,37.304,56.784,105.544,3273,0.887479687,5813027276,AVLP080_R
47.936,57.032,96.928,48.016,57.224,97.072,594,0.946500392,5813027276,AVLP080_R
18.912,57.944,109.504,19.224,57.84,109.528,1037,0.997181941,5813027276,AVLP080_R
19.32,57.552,109.816,19.384,57.552,109.712,1037,0.997181941,5813027276,AVLP080_R
48.248,57.432,97.304,48.104,57.368,97.264,594,0.946500392,5813027276,AVLP080_R
33.016,56.856,94.36,33.184,56.936,94.296,2919,0,5813027276,AVLP080_R
32.408,56.776,94.168,32.52,56.872,94.104,2920,0.978169089,5813027276,AVLP080_R
29.744,57.808,108.048,29.888,57.728,108.064,3078,0,5813027276,AVLP080_R
33.008,59.536,93.504,33.056,59.376,93.488,1327,0.945171385,5813027276,AVLP080_R
34.024,56.816,94.8,34.16,56.832,94.712,2916,0.975155298,5813027276,AVLP080_R
28.536,57.744,108.704,28.56,57.616,108.744,3072,0.949638474,5813027276,AVLP080_R
32.504,54.856,106.32,32.504,54.856,106.432,3109,0,5813027276,AVLP080_R
26.608,57.24,107.048,26.608,57.392,107.04,3085,0,5813027276,AVLP080_R
32.096,55.824,106.792,32.128,55.856,107.032,3110,0.990689909,5813027276,AVLP080_R
32.664,55.576,106.88,32.656,55.488,106.984,3110,0.990689909,5813027276,AVLP080_R
32.44,55.896,107.128,32.352,55.728,107.128,3110,0.990689909,5813027276,AVLP080_R
26.56,56.896,107.744,26.584,57.04,107.76,3085,0,5813027276,AVLP080_R
33.936,51.584,104.56,33.984,51.504,104.688,3307,1,5813027276,AVLP080_R
33.824,52.792,104.544,34.016,52.688,104.632,3307,1,5813027276,AVLP080_R
33.232,51.896,104.12,33.344,51.784,104.136,3307,1,5813027276,AVLP080_R
25.288,54.568,95.192,25.536,54.568,95.328,3220,0,5813027276,AVLP080_R
24.92,54.976,95.448,24.848,55.008,95.528,3136,0,5813027276,AVLP080_R
36.992,56.728,105.952,37.064,56.6,105.816,3273,0.887479687,5813027276,AVLP080_R
35.408,57.184,105.992,35.168,57.264,105.904,3850,0.985654736,5813027276,AVLP080_R
11.8,59.32,101.56,11.736,59.184,101.504,3650,1,5813027276,AVLP080_R
6.808,67.472,105.104,7.008,67.512,105.104,603,0,5813027276,AVLP080_R
39.504,59,97.912,39.528,59.032,98.008,1437,0.34461996,5813027276,AVLP080_R
18.536,61.536,105.736,18.4,61.592,105.728,1018,0.984743339,5813027276,AVLP080_R
7.944,67.72,105.536,8.056,67.664,105.504,604,0,5813027276,AVLP080_R
45.224,58.288,91.256,45.256,58.328,91.152,2189,0.998880209,5813027276,AVLP080_R
6.784,67.816,105,6.976,67.672,104.952,603,0,5813027276,AVLP080_R
45.128,57.52,91.4,45.08,57.368,91.408,2194,0.978802401,5813027276,AVLP080_R
45.56,58.616,91.216,45.48,58.464,91.16,2189,0.998880209,5813027276,AVLP080_R
39.008,59.008,97.848,39.024,59.088,97.92,1441,0.999966433,5813027276,AVLP080_R
25.408,55.528,95.704,25.384,55.584,95.816,3136,0,5813027276,AVLP080_R
33.176,56.64,95.592,33.392,56.8,95.712,2917,0.916616727,5813027276,AVLP080_R
4.032,63.352,105.568,4.168,63.384,105.536,612,0.989988795,5813027276,AVLP080_R
36.744,57.456,105.296,36.744,57.456,105.12,3274,0.980418769,5813027276,AVLP080_R
12.6,59.728,101.584,12.672,59.56,101.528,2328,0.392021133,5813027276,AVLP080_R
13.064,60.272,101.568,13.16,60.44,101.344,2327,0.991979871,5813027276,AVLP080_R
12.544,59.704,101.08,12.36,59.464,100.984,2327,0.991979871,5813027276,AVLP080_R
23.784,59.584,100.536,23.672,59.472,100.584,2964,0.97990883,5813027276,AVLP080_R
24.384,60.216,100.488,24.496,60.288,100.4,2967,0.999748728,5813027276,AVLP080_R
12.864,60.24,101.072,13.016,60.232,101.072,2327,0.991979871,5813027276,AVLP080_R
40.616,59.24,97.568,40.416,59.168,97.544,1430,0,5813027276,AVLP080_R
21.96,32.088,108.712,22.056,32.048,108.832,1518,0.986809732,5813024817,LLPC2c
22.336,31.504,107.448,22.48,31.32,107.424,1499,0.966105186,5813024817,LLPC2c
21.712,31.664,108.888,21.712,31.68,109.008,1532,0,5813024817,LLPC2c
38.008,69.312,126.688,38.072,69.368,126.592,12,0.991443216,5813024035,SAD013_R
37.912,69.736,126.936,38,69.808,126.936,12,0.991443216,5813024035,SAD013_R
44.656,67.872,116.736,44.712,67.784,116.704,224,0.999962957,5813024035,SAD013_R
24.92,66.816,136.696,24.92,66.832,136.808,817,0.983798474,5813024035,SAD013_R
25.272,66.552,137.096,25.16,66.576,137.144,817,0.983798474,5813024035,SAD013_R
39.136,65,126.68,39.152,64.84,126.68,3793,0,5813024035,SAD013_R
25.712,65.384,136.816,25.712,65.304,136.792,825,0,5813024035,SAD013_R
45.16,67.96,117.536,45.256,67.912,117.44,225,0.361579769,5813024035,SAD013_R
42.016,66.96,128.968,42.128,66.992,128.904,135,0.989859457,5813024035,SAD013_R
23.536,73.104,128.472,23.528,72.936,128.464,857,0.209903637,5813024035,SAD013_R
24.704,66.424,136.048,24.608,66.48,135.984,817,0.983798474,5813024035,SAD013_R
45.416,67.968,118.464,45.56,68.048,118.424,225,0.856290898,5813024035,SAD013_R
22.576,51.624,124.592,22.512,51.808,124.528,3817,0,5813023739,PLP092_R
36.048,45.128,93.136,35.968,45.016,93.056,2762,0.998870041,5813023739,PLP092_R
52.416,46.056,97.776,52.464,46.064,97.688,553,0.158765502,5813023739,PLP092_R
30.392,38.096,99.392,30.352,37.984,99.448,1447,0.997930302,5813023739,PLP092_R
22.408,55.472,131.224,22.288,55.24,131.352,1140,0.926190774,5813023739,PLP092_R
22.44,55.2,130.976,22.624,55.112,130.928,1141,0.907003477,5813023739,PLP092_R
31.064,37.312,98.36,31.048,37.096,98.288,1447,0.997930302,5813023739,PLP092_R
36.72,45.952,93.248,36.688,45.992,93.096,1927,0.999746456,5813023739,PLP092_R
21.056,57.896,115.136,21.112,57.848,114.952,3436,1,5813023617,PVLP021_R
16.072,54.152,116.976,15.984,54.248,116.912,963,0,5813023617,PVLP021_R
31.736,58.496,124.392,31.84,58.472,124.488,886,0.146885911,5813023617,PVLP021_R
22.04,56.272,127.984,21.936,56.416,128.016,976,0.966405331,5813023617,PVLP021_R
25.04,52.896,115.424,25.04,52.848,115.576,1177,0.94331599,5813023617,PVLP021_R
21.824,58.08,122.984,21.904,58.008,122.896,1127,0,5813023617,PVLP021_R
34.168,59.68,91.672,34,59.56,91.672,1317,0.992708242,5813023370,AVLP516_R
39.352,58.44,86.104,39.144,58.472,86.104,1293,0.984175784,5813023370,AVLP516_R
40.936,51.968,92.8,40.816,51.752,92.768,2082,0.403522424,5813023370,AVLP516_R
41.272,51.768,92.744,41.248,51.712,92.584,2082,0.403522424,5813023370,AVLP516_R
38.712,57.944,85.84,38.872,57.88,85.808,1384,0.924928514,5813023370,AVLP516_R
38.288,58.056,85.824,38.4,57.896,85.672,1292,0.890558826,5813023370,AVLP516_R
35.056,58.896,91.264,34.936,58.992,91.152,1318,0,5813023370,AVLP516_R
40.896,51.704,92.928,40.848,51.688,92.768,2082,0.403522424,5813023370,AVLP516_R
37.816,54.392,110.64,37.84,54.656,110.76,375,0.996759552,5813023370,AVLP516_R
35.616,59.968,89.656,35.824,59.856,89.568,1323,0.045253043,5813023370,AVLP516_R
34.864,58.984,91.528,34.728,59.08,91.272,1316,0.992005048,5813023370,AVLP516_R
35.888,59.808,89.96,35.92,59.808,89.76,1323,0.045253043,5813023370,AVLP516_R
15.408,65.72,142.976,15.52,65.728,142.872,752,0.963175935,5813023370,AVLP516_R
34.952,59.872,89.984,34.88,59.816,90.096,1319,0,5813023370,AVLP516_R
33.592,59.936,91.392,33.504,59.872,91.424,1325,0.957883177,5813023370,AVLP516_R
36.928,94.952,134.64,37.024,95.056,134.504,126,0,5813023368,NA
35.592,46.456,96.984,35.552,46.336,96.92,2828,0,5813022794,PLP253(SCB055)_R
40.784,45.52,106.408,40.712,45.544,106.296,2462,0.999988258,5813022794,PLP253(SCB055)_R
21.128,53.344,125.288,21.064,53.336,125.4,3817,0,5813022794,PLP253(SCB055)_R
41.032,47.248,86.992,40.904,47.336,87.048,2072,0,5813022794,PLP253(SCB055)_R
35.88,42.064,112.064,35.792,42.184,112.072,2732,0.906709278,5813022794,PLP253(SCB055)_R
22.2,54.616,127.384,22.104,54.744,127.536,1139,0.999316134,5813022794,PLP253(SCB055)_R
36.16,42.72,112.416,35.976,42.568,112.376,2732,0.906709278,5813022794,PLP253(SCB055)_R
25.6,33.936,96.528,25.512,34.016,96.672,2035,0,5813022794,PLP253(SCB055)_R
36.848,55.128,85.576,36.848,55.176,85.752,1277,0.999929411,5813022794,PLP253(SCB055)_R
37.456,55,85.288,37.528,55.08,85.2,1313,0,5813022794,PLP253(SCB055)_R
36.768,47.608,103.096,36.768,47.712,103.064,3483,1,5813022591,PS002_R
42.784,43.696,106.6,42.752,43.848,106.56,2468,0,5813022591,PS002_R
31.168,26.048,98.728,31.224,26.16,98.656,1467,0.925780569,5813022591,PS002_R
36.672,47.312,103.6,36.592,47.424,103.592,3483,0,5813022591,PS002_R
33.168,42.328,95.736,33.104,42.448,95.784,1344,0.998664675,5813022591,PS002_R
34.592,39.52,90.344,34.64,39.48,90.496,2789,0,5813022591,PS002_R
28.928,32.456,99.056,28.92,32.352,98.992,3593,1,5813022591,PS002_R
47.04,24.936,105.408,47.152,25.168,105.376,1765,0.962858739,5813022591,PS002_R
35.672,47.696,105.768,35.576,47.696,105.728,3484,1,5813022591,PS002_R
46.128,43.304,105.92,46.032,43.336,105.92,2096,0,5813022591,PS002_R
46.016,42.992,105.824,45.96,43.216,105.76,2096,0,5813022591,PS002_R
45.56,26.112,105.04,45.56,26.04,104.976,1864,0.980672218,5813022591,PS002_R
24.032,56.944,117.072,23.944,56.976,116.992,3377,1,5813022591,PS002_R
29.656,33.176,99.248,29.568,33.296,99.208,1452,0.973616199,5813022591,PS002_R
33.344,41.24,94.664,33.384,41.152,94.584,1350,0.581577035,5813022591,PS002_R
46.52,43.216,105.24,46.576,43.312,105.104,2097,0.9460678,5813022591,PS002_R
24.64,56.2,117.848,24.784,56.2,117.888,3286,0.490278814,5813022591,PS002_R
28.304,53.256,112.888,28.392,53.224,112.824,3373,1,5813022591,PS002_R
33.552,44.496,98.184,33.44,44.608,98.04,1343,0.992349448,5813022591,PS002_R
34.36,44.152,97.512,34.488,44.12,97.456,2799,0.977753626,5813022591,PS002_R
33.624,44.216,97.848,33.552,44.256,97.784,1343,0.992349448,5813022591,PS002_R
48.568,44.968,98.976,48.592,44.936,98.888,1585,0.997086891,5813022591,PS002_R
25.8,33.36,104.576,25.808,33.408,104.64,2002,0,5813022547,PS059_R
25.456,44.696,85.592,25.552,44.576,85.496,2301,0.924033454,5813021498,SMP398_R
27.52,53.432,103.128,27.456,53.528,103.208,3011,0.483437872,5813021112,PVLP119_R
36.144,26.888,104.848,36,26.832,104.832,2230,0.977719092,5813016762,PLP009_R
44.76,33.984,104.152,44.736,33.856,104.32,1788,0.351597615,5813016762,PLP009_R
19.872,58.416,124.056,19.768,58.456,123.928,3406,1,5813000577,LC4
26.92,58.392,123.048,26.952,58.352,123.16,867,0.999548774,5813000577,LC4
37.464,64.352,120.352,37.472,64.192,120.456,410,0.420998989,5813000577,LC4
40.664,66.984,120.624,40.752,67.128,120.568,214,0,5813000577,LC4
36.496,64.016,120.456,36.464,64.016,120.344,206,0.803848328,5813000577,LC4
35.984,65.776,122.2,35.896,65.464,122.2,273,0,5813000577,LC4
36.336,68.96,123.6,36.272,69.184,123.664,6,0.998597224,5813000577,LC4
37.664,65.12,120.392,37.464,65.096,120.424,207,0.998249378,5813000577,LC4
35.624,65.36,122.024,35.776,65.432,122.016,273,0,5813000577,LC4
35.6,65.872,122.872,35.728,65.792,122.928,273,0,5813000577,LC4
36.952,70.76,123.992,37.088,70.712,123.896,7,0.998380556,5813000577,LC4
35.872,65.952,122.888,35.816,65.808,122.92,273,0,5813000577,LC4
40.4,67.832,120.784,40.304,67.624,120.816,214,0.616248647,5813000577,LC4
35.64,62.672,120.704,35.736,62.552,120.688,288,0.981006989,5813000577,LC4
35.352,62.456,120.712,35.36,62.44,120.504,287,0,5813000577,LC4
35.896,67.104,122.936,36.048,67.184,122.976,140,0.216397872,5813000577,LC4
28.208,58.24,122.488,28.088,58.152,122.552,867,0.999548774,5813000577,LC4
45.896,74.952,124.04,45.872,74.776,124.064,131,0,5813000577,LC4
31.816,52.312,99.504,31.824,52.216,99.384,3205,0.973908074,5812999862,LPLC1_R
37.904,52.408,98.288,37.8,52.152,98.448,1268,0.987666367,5812999862,LPLC1_R
40.416,52.696,104.056,40.464,52.616,104.168,3306,1,5812999862,LPLC1_R
31.216,55.536,109.136,31.136,55.392,109.216,3371,1,5812999862,LPLC1_R
27.36,53.624,103.056,27.456,53.608,103.176,3011,0.483437872,5812999862,LPLC1_R
32.88,54.952,108.656,32.704,54.872,108.76,381,0,5812999862,LPLC1_R
24.072,54.696,103.296,24.144,54.816,103.192,2989,0.990220296,5812999862,LPLC1_R
32.112,52.184,99.424,32.088,52.024,99.4,3638,1,5812999862,LPLC1_R
36.6,52.088,98.192,36.552,51.944,98.184,3543,0,5812999862,LPLC1_R
47.896,54.432,90.768,47.96,54.56,90.736,497,0.060486545,5812999862,LPLC1_R
21.144,54.92,97.928,21.12,54.72,98.008,2109,0.998665067,5812999862,LPLC1_R
22.112,55.072,98.424,22.176,54.872,98.376,3660,0,5812999862,LPLC1_R
24.088,54.904,104.064,24.208,54.832,104.04,2992,0.997191165,5812999862,LPLC1_R
48.024,53.896,90.632,48.088,53.808,90.544,495,0,5812999862,LPLC1_R
10.216,59.216,108.472,10.376,59.216,108.376,632,0.988743499,5812999862,LPLC1_R
22.376,58.92,113.48,22.36,58.704,113.448,385,0.999848193,5812999862,LPLC1_R
20.744,55.064,98.048,20.704,54.968,98.024,2109,0.998665067,5812999862,LPLC1_R
22.624,55.464,104.712,22.496,55.616,104.4,3001,0.965163584,5812999862,LPLC1_R
4.792,63.448,104.208,4.864,63.416,104.104,613,0,5812999862,LPLC1_R
37.392,52.008,98.68,37.44,51.96,98.88,1268,0.987666367,5812999862,LPLC1_R
38.536,56.024,104.16,38.688,56.024,104.208,3101,0.985342813,5812999862,LPLC1_R
13.584,59.52,109.096,13.776,59.416,109.176,626,0,5812999862,LPLC1_R
20.408,59.432,111.52,20.288,59.56,111.48,1005,0.999976034,5812999862,LPLC1_R
20.848,54.928,97.472,20.856,54.776,97.408,2109,0.998665067,5812999862,LPLC1_R
44.76,53.744,92.392,44.656,53.6,92.384,2211,0.979837329,5812999862,LPLC1_R
35.512,51.744,99.8,35.472,51.904,99.688,3226,0,5812999862,LPLC1_R
32.184,52,100.064,32.208,52.248,100.016,3206,0.973739085,5812999862,LPLC1_R
35.856,54.24,91.936,35.72,54.056,91.848,2930,0.97506569,5812999862,LPLC1_R
43.024,56.264,100.648,43.104,56.176,100.624,1412,0.269211635,5812999862,LPLC1_R
43.984,54.336,94.056,44.096,54.448,94.136,2157,0.995381721,5812999862,LPLC1_R
36.024,55.088,92.984,36.04,55.216,93.056,2910,0,5812999862,LPLC1_R
43.72,54.432,93.272,43.664,54.24,93.176,2160,0.989716937,5812999862,LPLC1_R
13.072,56.608,99.688,13.128,56.792,99.688,2319,0.945229983,5812999862,LPLC1_R
42.44,56.128,99.576,42.288,56.272,99.52,1418,0,5812999862,LPLC1_R
14.912,55.608,99.184,14.984,55.552,99.048,3643,1,5812999862,LPLC1_R
21.992,58.48,110.4,22.2,58.4,110.464,1170,0,5812999862,LPLC1_R
43.328,56.36,100,43.296,56.496,100.008,1411,0.89588777,5812999862,LPLC1_R
44.12,54,92.944,44.088,53.904,93.048,2210,0.9777211,5812999862,LPLC1_R
41.4,58.008,100.432,41.448,57.992,100.312,1424,0,5812999862,LPLC1_R
27.88,57.624,93.824,27.84,57.696,93.928,3037,0.930294907,5812999862,LPLC1_R
43.456,54.312,93.696,43.224,54.224,93.744,2208,0.995237509,5812999862,LPLC1_R
17.904,56.376,106.672,17.808,56.472,106.784,1042,0.888236527,5812999862,LPLC1_R
44.104,53.952,93.64,44,53.832,93.704,2159,0.996238824,5812999862,LPLC1_R
39.152,55.184,94.392,39.064,55.296,94.264,2896,0.994186621,5812999862,LPLC1_R
27.536,57.208,93.992,27.488,57.336,94.016,3037,0.930294907,5812999862,LPLC1_R
36,56.72,92.68,36.168,56.808,92.568,2909,0.91657217,5812999862,LPLC1_R
17.664,56.456,107.424,17.76,56.56,107.408,1041,0.447153946,5812999862,LPLC1_R
36.144,57.6,93.44,36.176,57.576,93.544,2899,0.96774506,5812999862,LPLC1_R
38.904,55.64,94.72,39.032,55.744,94.584,2896,0.994186621,5812999862,LPLC1_R
15.592,64.096,132.448,15.56,63.976,132.496,793,0,5812999526,NA
9.12,58.856,107.136,9.272,58.832,107.136,638,0,5812998137,LPLC1_R
3.792,56.92,104.016,3.824,56.92,103.864,3813,0,5812998137,LPLC1_R
24.864,59.664,105.424,25.088,59.536,105.376,3084,0,5812998137,LPLC1_R
38.072,52.576,98.704,37.952,52.632,98.608,1268,0.987666367,5812998137,LPLC1_R
31.504,60.2,100.552,31.672,60.104,100.448,2879,0,5812998137,LPLC1_R
35.776,55.952,93.056,35.848,55.928,92.936,2909,0.91657217,5812998137,LPLC1_R
23.912,54.52,103.048,23.896,54.68,103.048,2994,0,5812998137,LPLC1_R
35.432,55.96,93.744,35.456,55.808,93.832,2892,0.998683906,5812998137,LPLC1_R
43.64,54.984,93.8,43.76,55.128,93.88,2157,0.995381721,5812998137,LPLC1_R
28.08,54.92,98.024,28.064,55.032,97.92,3031,0,5812998137,LPLC1_R
44.112,54.56,93.992,44.088,54.56,94.112,2157,0.995381721,5812998137,LPLC1_R
36.6,57.48,92.536,36.664,57.312,92.416,2909,0.91657217,5812998137,LPLC1_R
27.216,54.048,101.76,27.096,54.144,101.904,3009,0.898067346,5812998137,LPLC1_R
44.048,54.816,94.352,44.056,54.752,94.224,2157,0.995381721,5812998137,LPLC1_R
37.976,52.2,98.472,37.872,52.128,98.384,1268,0.987666367,5812998137,LPLC1_R
27.64,54.856,99.248,27.584,54.904,99.152,3849,0,5812998137,LPLC1_R
12.592,60.192,110.36,12.584,60.2,110.24,393,0.983837271,5812998137,LPLC1_R
26.512,54.608,100.392,26.36,54.64,100.504,3008,0.990995043,5812998137,LPLC1_R
43.192,55.664,91.016,43.12,55.736,91,2182,0.124505613,5812998137,LPLC1_R
27.536,54.456,98.992,27.488,54.488,98.896,3150,0.98625595,5812998137,LPLC1_R
11.552,61.296,110.808,11.704,61.256,110.88,1001,0.987456827,5812998137,LPLC1_R
26.68,54.52,101.192,26.648,54.584,101.32,3008,0.990995043,5812998137,LPLC1_R
12.616,60.544,111.256,12.696,60.456,111.16,1215,0.98286679,5812998137,LPLC1_R
12.584,60.792,110.984,12.632,60.696,110.864,1002,0,5812998137,LPLC1_R
12.472,59.904,110.296,12.472,60.08,110.208,393,0.983837271,5812998137,LPLC1_R
22.672,60.648,107.568,22.904,60.608,107.576,1488,0,5812998137,LPLC1_R
37.752,54.992,94.8,37.768,55.16,94.848,2897,0,5812998137,LPLC1_R
12.04,59.68,109.968,12.016,59.72,109.872,596,0.986083525,5812998137,LPLC1_R
22.848,61.2,107.608,22.976,61.096,107.76,1488,0,5812998137,LPLC1_R
28.256,55.152,98.224,28.192,55.184,98.032,3031,0,5812998137,LPLC1_R
43.36,55.752,90.264,43.344,55.936,90.288,2182,0,5812998137,LPLC1_R
43.16,80.424,124.104,43.016,80.464,124.048,3322,1,5812998136,LC4
15.12,70.776,129.968,15.36,70.712,129.992,657,0.978216126,5812998136,LC4
24.112,63.584,118.776,24.312,63.712,118.792,461,0.991641054,5812998136,LC4
40.192,79.552,127.32,40.312,79.408,127.448,107,0.309108594,5812998136,LC4
23.264,72.304,126.368,23.144,72.272,126.552,854,0,5812998136,LC4
18.248,67.872,124.032,18.136,67.872,124.08,1081,0.984357075,5812998136,LC4
24.712,62.288,117.704,24.76,62.216,117.792,899,0,5812998136,LC4
25.2,62.288,117.64,25.096,62.232,117.776,899,0,5812998136,LC4
19.752,70.848,126.016,19.808,70.784,126.144,648,0.984569163,5812998136,LC4
22.976,71.416,126.568,22.992,71.28,126.704,851,0.997560266,5812998136,LC4
15.016,69.056,125.992,14.992,69.008,126.12,1057,0.957672396,5812998136,LC4
25.424,61.192,116.264,25.192,61.136,116.328,896,0.998482852,5812998136,LC4
19.872,70.912,124.888,20.136,70.912,124.904,650,0.994438942,5812998136,LC4
20.344,71.16,125.072,20.344,70.968,124.976,650,0.994438942,5812998136,LC4
25.08,61.984,116.56,24.848,61.824,116.64,899,0,5812998136,LC4
25.816,58.544,116.408,25.952,58.688,116.52,897,0,5812998136,LC4
39.864,66.832,125.568,39.808,67.152,125.488,3340,0,5812998127,NA
38.968,67.456,125.608,39.08,67.248,125.536,187,0.981841228,5812998127,NA
38.984,68.96,127.64,39.272,68.936,127.704,13,0.999181483,5812998127,NA
39.616,67.04,125.76,39.584,67.144,125.592,3340,0,5812998127,NA
18.48,73.216,139.304,18.224,73.184,139.2,684,0,5812998127,NA
16.744,72.912,139.424,16.896,73.064,139.472,684,0,5812998127,NA
16.088,73.328,138.96,15.992,73.272,138.856,683,0.105500684,5812998127,NA
16.424,73.416,139.752,16.408,73.336,139.592,689,0,5812998127,NA
45.592,68.824,119.752,45.44,68.976,119.664,227,0.999429303,5812998127,NA
16.408,73.928,139.024,16.704,73.904,139.248,689,0,5812998127,NA
45.696,68.856,119.4,45.616,68.96,119.344,226,0.920584763,5812998127,NA
27.68,30.632,111.856,27.576,30.456,111.808,1540,0.295862997,5812998049,LLPC3
20.32,29.456,106.44,20.456,29.384,106.32,1502,0.466029578,5812998000,LLPC2c
23.72,29.8,105.952,23.656,29.832,106.12,1552,0,5812998000,LLPC2c
21.12,29.256,106.36,20.92,29.448,106.312,1502,0.15857802,5812998000,LLPC2c
22.696,31.576,106.784,22.64,31.424,106.824,1498,0.999363105,5812997986,LLPC2c
28.032,30.376,110.344,27.896,30.424,110.408,1537,0.965938818,5812997922,LLPC2c
18.704,35.168,107.24,18.568,35.144,107.24,1574,0.997336864,5812997870,LLPC1
19.2,32.528,107.624,19.104,32.44,107.608,1571,0,5812997870,LLPC1
25.424,22.568,115.024,25.264,22.672,114.912,3824,0,5812997870,LLPC1
18.896,33.704,106.864,18.928,33.672,106.664,1576,0,5812997870,LLPC1
18.864,33.864,106.8,18.936,33.704,106.624,1576,0,5812997870,LLPC1
19.64,27.864,110.736,19.656,27.976,110.544,1528,0.956777622,5812997870,LLPC1
27.536,34.472,104.904,27.432,34.376,104.688,3575,1,5812997319,SIP020_R
27.416,34.544,104.768,27.44,34.408,104.656,3575,1,5812997319,SIP020_R
23.144,29.36,106.576,23.096,29.44,106.656,1553,0.965206971,5812997234,LLPC2c
23.16,29.216,106.896,23.048,29.248,106.848,1553,0.965206971,5812997234,LLPC2c
23.352,28.872,107.664,23.168,28.84,107.712,1560,0,5812997234,LLPC2c
22.784,28.688,107.224,22.936,28.872,107.288,1558,0.385984345,5812997222,LLPC2c
22.856,28.864,106.752,22.8,29.04,106.704,1553,0.965206971,5812997222,LLPC2c
24.768,24.856,113.192,24.68,24.616,113.04,3824,0,5812997220,LLPC3
28.44,30.392,113.368,28.216,30.216,113.352,1541,0.105993619,5812997220,LLPC3
27.8,29.664,114.128,27.72,29.848,114.208,1543,0.999061405,5812997220,LLPC3
19.632,29.632,111.184,19.64,29.648,111.024,1529,0,5812997213,LLPC3
19.888,29.104,110.512,19.912,29.04,110.592,1527,0,5812997213,LLPC3
27.712,27.792,117.112,27.928,27.864,117.112,1545,0,5812997213,LLPC3
28.104,28.072,116.512,28.256,28.136,116.576,1545,0,5812997213,LLPC3
28.224,28.192,116.856,28.304,28.152,116.76,1545,0,5812997213,LLPC3
28.472,28.064,116.912,28.4,28.088,116.792,1545,0,5812997208,LLPC1
32.24,41.44,117.936,32.36,41.56,117.824,1265,0,5812997208,LLPC1
28.064,27.824,117.192,27.944,27.864,117.112,1545,0,5812997208,LLPC1
31.4,41.504,117.184,31.584,41.76,117.256,1265,0,5812997208,LLPC1
19.864,31.472,106.888,19.92,31.528,106.968,1501,0.917021747,5812997201,LLPC2c
20.328,29.528,106.256,20.448,29.384,106.312,1502,0.466029578,5812997173,LLPC2c
20.576,29.584,106.104,20.704,29.536,106.176,1502,0.15857802,5812997173,LLPC2c
20.672,28.32,106.216,20.528,28.552,106.12,1508,0,5812997173,LLPC2c
20.28,26.888,105.976,20.152,26.72,105.728,1506,0.960314589,5812997173,LLPC2c
28.016,30.096,110.48,27.92,30.264,110.44,1537,0.965938818,5812997144,LLPC3
23.448,28.16,109.224,23.344,28.008,109.232,1565,0.446662049,5812997144,LLPC3
26.64,30.808,112.536,26.808,30.824,112.344,1540,0.980485528,5812997115,LLPC3
18.72,32.4,107.736,18.872,32.376,107.752,1571,0,5812997074,LLPC1
18.216,33.296,107.44,18.136,33.432,107.36,1575,0.081083755,5812997074,LLPC1
28.36,28.224,116.376,28.312,28.256,116.48,1545,0,5812997074,LLPC1
32.784,41.768,118.104,32.848,41.584,118.016,1265,0,5812997074,LLPC1
25.416,22.768,114.648,25.216,22.72,114.736,3824,0,5812997074,LLPC1
33.304,41.272,118.184,33.232,41.528,118.056,1264,0.962247575,5812997074,LLPC1
33.592,41.648,118.192,33.544,41.56,118.08,1264,0.962247575,5812997074,LLPC1
33.792,42.176,118.304,33.904,42.256,118.256,1262,0.982815329,5812997074,LLPC1
34.36,42.104,118.328,34.112,42.256,118.24,1262,0.982815329,5812997074,LLPC1
25,23.312,113.824,24.896,23.344,113.776,3824,0,5812997074,LLPC1
23.096,33.84,109.608,22.992,33.88,109.52,1520,0.991874781,5812997074,LLPC1
21.352,31.968,109.384,21.416,31.816,109.44,1533,0.954867767,5812997074,LLPC1
25.016,23.024,113.728,24.856,23.24,113.8,3824,0,5812997074,LLPC1
27.312,29.208,116.144,27.512,29.264,116.112,1546,0.030193354,5812997068,LLPC1
23.288,28.232,108.448,23.168,28.376,108.52,1562,1,5812997061,LLPC2c
22.344,30.896,108.056,22.512,31.168,107.992,1499,0.966105186,5812997060,LLPC2c
23.08,31.224,109.048,22.992,31.288,109.136,1531,0.329523656,5812997060,LLPC2c
22.56,30.672,109.296,22.56,30.752,109.352,1530,0,5812997060,LLPC2c
26.744,31.008,112.256,26.792,30.824,112.328,1540,0.980485528,5812997060,LLPC2c
23.4,30.976,107.24,23.448,31.048,107.12,1498,0.999363105,5812997060,LLPC2c
23.048,30.992,107.512,22.896,31.024,107.472,1500,0,5812997060,LLPC2c
27.464,29.08,116.208,27.52,29.24,116.12,1546,0.030193354,5812997059,LLPC1
20.608,29.888,110.704,20.6,29.832,110.656,1527,0,5812997059,LLPC1
23.08,33.288,109.032,22.936,33.24,109.216,1519,0.934604875,5812997059,LLPC1
27.8,29.424,116.08,27.656,29.344,116.048,1546,0.030193354,5812997059,LLPC1
20.352,29.088,110.776,20.312,29.184,110.696,1527,0,5812997059,LLPC1
20.424,29.456,110.744,20.376,29.44,110.648,1527,0,5812997059,LLPC1
23.256,34.672,109.552,23.048,34.696,109.64,3823,0,5812997059,LLPC1
20.416,29.896,110.52,20.488,29.792,110.536,1527,0,5812997054,LLPC2c
20.712,30.04,110.416,20.664,29.84,110.504,1527,0,5812997054,LLPC2c
20.224,29.168,110.56,20.256,29.2,110.648,1527,0,5812997053,LLPC1
21.824,29.136,111.984,21.896,29.04,112.048,1526,0.999722869,5812997053,LLPC1
21.616,28.816,112.384,21.728,28.904,112.408,1526,0.999722869,5812997053,LLPC1
31.688,41.216,117.032,31.664,41.28,117.168,1265,0.200289883,5812996978,LLPC1
34.088,43.184,118.312,34.152,43.256,118.208,1260,0.983841373,5812996978,LLPC1
33.72,43.032,118.128,33.64,43.024,118.016,1260,0.983841373,5812996978,LLPC1
32.736,41.312,117.896,32.68,41.496,117.912,1265,0,5812996978,LLPC1
21.888,29.08,112.232,21.792,28.984,112.256,1526,0.999722869,5812996978,LLPC1
34.976,43.528,118.192,34.688,43.384,118.184,1260,0.983841373,5812996158,LLPC1
14.176,59.408,109.608,14.304,59.52,109.688,392,0.983382618,5812995757,LPLC1
14.24,59.744,109.8,14.352,59.68,109.864,392,0.983382618,5812995757,LPLC1
24.272,56.224,96.72,24.48,56.424,96.896,3138,0.991429461,5812995757,LPLC1
14.792,56.304,113.84,14.768,56.496,113.824,950,0.985035824,5812995757,LPLC1
30.12,54.072,108.312,30.128,53.952,108.376,3057,0.978626504,5812995757,LPLC1
52.072,55.168,94.48,51.952,55.304,94.432,480,0.997917415,5812995757,LPLC1
32.352,55.128,107.088,32.512,55.408,107.048,3110,0.990689909,5812995757,LPLC1
10.024,64.256,107.384,9.92,64.16,107.36,598,0.99890695,5812995757,LPLC1
13.8,59.688,109.08,13.792,59.384,109.168,626,0,5812995757,LPLC1
25.144,56.256,97.248,25,56.12,97.216,3139,0.090853078,5812995757,LPLC1
36.904,54.536,104.896,36.928,54.52,105.016,3180,0,5812995757,LPLC1
24.28,56.584,96.672,24.44,56.728,96.784,3144,0,5812995757,LPLC1
23.288,58.688,100.216,23.432,58.752,100.104,2964,0.97990883,5812995757,LPLC1
24.424,55.296,95.192,24.624,55.312,95.232,3135,0.999058568,5812995757,LPLC1
44.392,37.432,109.304,44.32,37.504,109.224,1914,0.884897797,5812994939,LPLC4_R
37.424,32.896,96.896,37.376,33.016,96.768,2374,0,5812994939,LPLC4_R
23.856,40.768,98.344,23.784,40.616,98.512,2525,0.993512414,5812994939,LPLC4_R
25.704,37.16,93.296,25.728,37.184,93.168,2752,0,5812994939,LPLC4_R
23.416,39.944,98.016,23.296,40.064,98.112,2518,0.315401555,5812994939,LPLC4_R
34.784,42.864,106.304,34.984,42.896,106.336,2706,0.99142103,5812994939,LPLC4_R
31.136,44.176,96.64,31.136,44.152,96.488,1344,0.998664675,5812994939,LPLC4_R
29.064,37.624,98.728,29.2,37.6,98.624,1447,0.997930302,5812994939,LPLC4_R
36.904,28.192,105.68,36.928,28.384,105.52,2231,0,5812994939,LPLC4_R
31.864,51.824,103.856,31.76,51.648,103.976,3021,0.243852618,5812994826,LPLC1_R
31.664,51.864,103.904,31.736,51.68,103.968,3024,0,5812994826,LPLC1_R
27.64,54.224,98.808,27.576,54.328,98.704,2105,0.989245739,5812994826,LPLC1_R
42.064,53.448,99.184,42.024,53.44,99.296,3305,1,5812994826,LPLC1_R
42.224,53.416,99.248,42.032,53.44,99.304,3305,1,5812994826,LPLC1_R
27.008,52.984,104.656,27.12,52.864,104.672,3012,0.935767523,5812994826,LPLC1_R
19.232,54.056,108.272,19.24,54.088,108.12,1202,0,5812994826,LPLC1_R
18.968,54.352,108.392,19.12,54.4,108.336,1202,0,5812994826,LPLC1_R
18.04,54.968,109.248,18.032,55.096,109.264,1045,0.995907916,5812994826,LPLC1_R
18.376,56.4,108.64,18.48,56.432,108.616,1039,0.953555244,5812994826,LPLC1_R
20.224,53.608,107.608,20.128,53.656,107.544,1202,0,5812994826,LPLC1_R
20.128,61.04,111.208,20.056,60.992,111.112,1007,0.99995265,5812994826,LPLC1_R
37.896,51.936,100.088,38.024,52.04,100.168,3306,1,5812994826,LPLC1_R
26.272,54.216,100.464,26.144,54.376,100.44,3008,0.990995043,5812994826,LPLC1_R
13.128,57.968,100.92,13.088,58.056,100.912,2331,0.356776571,5812994826,LPLC1_R
38.12,52.896,98.832,38.136,52.8,98.712,1268,0.987666367,5812994826,LPLC1_R
19.592,65.176,106.304,19.6,65.128,106.44,1026,0.998033885,5812994062,LPLC1_R
13.84,58.512,100.224,13.896,58.336,100.048,2330,0,5812994062,LPLC1_R
36.08,52.904,99.832,36.04,52.904,99.928,3306,1,5812994062,LPLC1_R
40.088,58.344,100.856,40.2,58.432,100.952,1434,0.986729366,5812994062,LPLC1_R
25.24,54.72,101.312,25.112,54.912,101.208,2979,0.596293161,5812994062,LPLC1_R
25.456,55.24,101.616,25.296,55.36,101.608,2979,0.990185762,5812994062,LPLC1_R
25.904,58.464,107.544,25.936,58.312,107.496,3082,0.994222786,5812994062,LPLC1_R
25.568,54.264,100.784,25.456,54.456,100.568,2978,0.999998999,5812994062,LPLC1_R
32.32,52.896,100.912,32.32,52.896,100.72,3211,0.975790576,5812994062,LPLC1_R
27.688,53.656,104.304,27.688,53.8,104.168,3011,0.483437872,5812994062,LPLC1_R
27.376,52.92,104.032,27.32,52.784,103.976,3012,0.935767523,5812994062,LPLC1_R
42.664,54.264,100.048,42.616,54.088,100.024,3304,1,5812994062,LPLC1_R
26.896,58.032,106.768,26.936,57.952,106.736,3086,0.554813635,5812994062,LPLC1_R
42.752,54.968,100.04,42.64,55.008,100.128,3249,0,5812994062,LPLC1_R
41.888,54.64,100.072,41.952,54.52,100.056,1401,0.995361758,5812994062,LPLC1_R
47.448,55.584,93.648,47.448,55.696,93.76,566,0.093037574,5812994062,LPLC1_R
36.352,57.024,92.328,36.392,57.12,92.448,2909,0.91657217,5812994062,LPLC1_R
47.008,55.904,93.328,46.872,55.944,93.368,567,0.953552426,5812994062,LPLC1_R
35.92,56.72,89.6,35.888,56.744,89.472,1385,0.965682724,5812994062,LPLC1_R
15.728,59.928,110.808,15.576,59.848,110.912,391,0.981374316,5812994062,LPLC1_R
15.984,59.176,109.768,15.84,59.224,109.704,622,0.999668148,5812994062,LPLC1_R
15.264,59.08,110.64,15.112,59.12,110.664,392,0.575435514,5812994062,LPLC1_R
33.432,54.864,106.712,33.248,54.784,106.8,3309,1,5812994062,LPLC1_R
36.672,53.744,98.808,36.84,53.928,98.68,3234,0.972747635,5812994062,LPLC1_R
47.08,55.176,93.856,47.296,55.176,93.728,564,0,5812994062,LPLC1_R
15.928,59.552,111.12,15.832,59.584,111.208,391,0.981374316,5812994062,LPLC1_R
33.832,66.528,123.904,33.744,66.64,123.952,144,0.518667849,5812993692,LC4
33.2,65.8,124.544,33.136,65.944,124.512,146,0,5812993692,LC4
14.848,72.064,135.928,14.984,72.136,135.848,676,0,5812993692,LC4
37.328,69.6,122.816,37.224,69.576,122.912,6,0.998597224,5812993692,LC4
42.872,75.56,118.816,42.84,75.616,118.696,268,0.998637992,5812993692,LC4
14.328,70.552,135.664,14.424,70.72,135.544,661,0.965015248,5812993692,LC4
40,74.512,125.384,39.92,74.68,125.488,14,0.066595823,5812993692,LC4
34.944,57,120.664,35.232,57.048,120.528,349,0.481884705,5812993692,LC4
40.176,74.728,125.504,40.072,74.832,125.488,15,0.990860111,5812993692,LC4
19.28,72.376,133.464,19.128,72.4,133.36,669,0,5812993692,LC4
43.464,75.456,118.2,43.224,75.328,118.112,270,0.465311979,5812993692,LC4
20.776,73.176,121.504,20.72,72.96,121.256,652,0.157243941,5812993692,LC4
43.128,75.504,118.248,43.008,75.576,118.2,269,0.618519909,5812993692,LC4
35.432,73.928,129.432,35.264,73.688,129.464,178,0,5812993692,LC4
21.312,73.296,121.648,21.456,73.272,121.72,653,0.123374136,5812993692,LC4
42.872,74.64,118.464,42.824,74.688,118.352,264,0,5812993692,LC4
25.784,33.936,84.592,25.808,33.952,84.704,1612,0.964150654,5812993576,PLP176_R
38.96,42.048,104.912,38.872,41.968,104.888,3293,0,5812993576,PLP176_R
37.712,42.288,104.408,37.664,42.2,104.512,1670,0.97593924,5812993576,PLP176_R
25.952,34.272,84.24,26.04,34.44,84.448,1610,0.940556838,5812993576,PLP176_R
35.672,27.216,101.736,35.824,27.288,101.808,2665,0.97006293,5812993576,PLP176_R
20.848,51.632,83.864,21.008,51.576,83.912,1628,0,5812993576,PLP176_R
23.304,38.296,97.704,23.416,38.44,97.536,2513,0.946361475,5812993576,PLP176_R
21.488,39.272,97.472,21.632,39.216,97.472,2521,0,5812993576,PLP176_R
29.68,39.608,85.328,29.84,39.512,85.36,1606,0.072558189,5812993576,PLP176_R
25.816,33.32,98.8,25.84,33.392,98.896,2032,0.989596334,5812991619,LPLC4_R
39.608,25.568,101.544,39.608,25.432,101.656,1742,0.382821276,5812991619,LPLC4_R
33.4,29.32,99.36,33.552,29.304,99.52,3829,0,5812991619,LPLC4_R
49.824,31.464,105.496,49.8,31.408,105.624,1795,0,5812991619,LPLC4_R
41.608,30.896,103.272,41.512,30.792,103.272,1736,0.998940895,5812991619,LPLC4_R
36.896,38.304,108.784,36.936,38.256,108.928,1714,0.999345168,5812991619,LPLC4_R
28.704,29.016,96.664,28.784,29.208,96.656,1456,0.983495861,5812991619,LPLC4_R
40.856,31.44,103.352,40.792,31.224,103.432,1735,0.949786551,5812991619,LPLC4_R
31.704,39.248,97.024,31.8,39.344,96.944,2681,0,5812991619,LPLC4_R
42.744,36.984,107.384,42.848,36.968,107.272,1900,0,5812991619,LPLC4_R
34.944,42.176,90.496,34.712,42.048,90.616,2791,0.91627328,5812991619,LPLC4_R
32.648,38.168,97.04,32.8,38.216,97.128,2682,0.912638661,5812991619,LPLC4_R
40.568,25.112,101.704,40.488,25.216,101.864,1741,0.919357781,5812991619,LPLC4_R
40.352,25.48,101.728,40.368,25.288,101.864,1741,0.919357781,5812991619,LPLC4_R
26.176,33.432,98.432,26.176,33.576,98.52,2031,0.995007457,5812991619,LPLC4_R
30.616,26.696,98.04,30.72,26.752,98.136,1466,0.125155975,5812991619,LPLC4_R
32.792,31.84,100.304,32.784,31.728,100.504,1944,0.97932319,5812991619,LPLC4_R
33,35.304,95.048,32.88,35.336,94.968,1967,0.900774054,5812991619,LPLC4_R
36.56,37.672,108.936,36.592,37.872,109.032,1717,0,5812991619,LPLC4_R
44.168,35.728,107.552,44.392,35.76,107.616,1906,0.999894658,5812991619,LPLC4_R
43.944,36.032,107.432,44.112,36.104,107.592,1906,0.999894658,5812991619,LPLC4_R
31.256,40.832,99.288,31.152,40.72,99.184,2940,0,5812991619,LPLC4_R
30.488,27.504,97.856,30.472,27.48,97.96,1466,0.125155975,5812991619,LPLC4_R
35.312,39.624,91.464,35.28,39.776,91.424,2775,0.954700555,5812991619,LPLC4_R
29.976,29.024,97.56,29.872,29.008,97.76,1457,0.206326501,5812991619,LPLC4_R
36.472,38.432,108.568,36.408,38.48,108.76,1714,0.999345168,5812991619,LPLC4_R
33.672,29,98.96,33.752,28.848,99.24,3829,0,5812991619,LPLC4_R
29.04,28.968,96.48,28.992,29.008,96.352,1456,0.983495861,5812991619,LPLC4_R
34.816,26.952,98.512,34.904,26.984,98.624,1947,0.982169538,5812991619,LPLC4_R
31.232,41.176,99.112,31.104,41.192,99.08,2940,0,5812991619,LPLC4_R
42.96,44.352,106.544,42.992,44.2,106.64,2467,0.981050996,5812991470,LPLC4_R
32.904,32.344,106.192,32.696,32.288,106.024,2670,0.959625355,5812991470,LPLC4_R
25.44,37.104,91.96,25.536,36.872,92.032,2759,0,5812991470,LPLC4_R
29.848,45.72,98.872,30.016,45.792,98.84,2604,0.466721132,5812991470,LPLC4_R
29.952,39.68,89.736,29.976,39.792,89.816,3275,0,5812991470,LPLC4_R
39.536,33.496,99.264,39.376,33.624,99.368,2373,0.99921063,5812991470,LPLC4_R
23.912,41.232,96.864,23.856,41.272,96.608,2510,0.98822623,5812991470,LPLC4_R
33.208,43.536,109.504,33.16,43.328,109.448,2729,0,5812991470,LPLC4_R
25.416,44.896,86.344,25.48,44.72,86.384,2300,0.999999795,5812991470,LPLC4_R
25.912,37.456,92.976,25.888,37.368,93.104,2752,0,5812991470,LPLC4_R
40.192,44.08,108.664,40.064,44.096,108.584,2457,0,5812991470,LPLC4_R
33.528,44.088,108.616,33.584,43.904,108.52,2711,0,5812991470,LPLC4_R
21.696,30.568,111.032,21.664,30.608,110.912,1524,0.991751909,5812991142,LLPC1
27.784,29.576,115.824,27.712,29.456,115.808,1543,0.999061405,5812991142,LLPC1
27.8,29.392,115.176,27.888,29.592,115.072,1543,0.999061405,5812991142,LLPC1
15.264,54.976,125.584,15.344,54.864,125.664,919,0,5812991035,(PVF4)_R
15.904,65.224,137.28,16.096,65.232,137.296,3407,1,5812991035,(PVF4)_R
57.92,42.912,92.264,58.064,43.008,92.112,3797,0.991320454,5812990678,LC29_R
17.048,57.6,127.448,17.008,57.912,127.528,692,0.963513129,5812990638,PLP106_R
12.192,69.68,140.624,12.168,69.696,140.496,743,0.995802231,5812990292,PVLP031_R
20.92,71.984,123.552,20.984,71.944,123.472,650,0.994438942,5812990292,PVLP031_R
25.232,37.36,92.784,25.176,37.32,92.888,2752,0,5812990157,LPLC4_R
39.048,44.44,108.808,39.184,44.32,108.832,2454,0.162056551,5812990157,LPLC4_R
32.264,48.616,93.32,32.128,48.848,93.224,3565,0,5812990157,LPLC4_R
39.648,46.224,109.232,39.544,46.144,109.128,2456,0.978341002,5812990157,LPLC4_R
39.808,44.36,107.288,39.728,44.08,107.224,3521,0,5812990157,LPLC4_R
31.424,48.064,94.464,31.288,48.008,94.472,3160,0.99229269,5812990157,LPLC4_R
30.88,45.88,97.72,30.888,46.04,97.72,2601,0,5812990157,LPLC4_R
30.528,45.44,98.128,30.528,45.52,98.264,2602,0,5812990157,LPLC4_R
30.688,45.488,98.208,30.552,45.512,98.264,2602,0,5812990157,LPLC4_R
32.136,48.056,94.48,32.216,48.128,94.632,3160,0.99229269,5812990157,LPLC4_R
38.328,33.104,97.48,38.224,33.184,97.52,2370,0.532570222,5812990157,LPLC4_R
30.696,44.384,112.424,30.904,44.456,112.304,3469,1,5812990157,LPLC4_R
38.24,44.144,110.016,38.192,44.208,109.936,3118,0.988696025,5812990157,LPLC4_R
48.192,48.104,102.36,48.008,48.176,102.36,1685,0.925255303,5812990157,LPLC4_R
45.6,50.208,106.016,45.432,50.344,106.072,2415,0.186772196,5812990157,LPLC4_R
38.384,44.072,109.096,38.56,44.024,109.104,2454,0.137380212,5812990157,LPLC4_R
40.024,50.56,92.864,39.936,50.312,92.768,2046,0.984651267,5812989822,(ADM01)_L
41.632,51.352,92.168,41.424,51.536,92.208,2082,0.246436476,5812989822,(ADM01)_L
41.872,50.544,93.432,41.808,50.472,93.504,2079,0.899940442,5812989822,(ADM01)_L
42.176,50.528,93.456,42.184,50.384,93.504,2079,0.899940442,5812989822,(ADM01)_L
40.856,51.208,92.608,40.856,51.36,92.672,2082,0.246436476,5812989822,(ADM01)_L
40.64,50.112,93.024,40.48,50.04,93.072,2078,0,5812989822,(ADM01)_L
41.232,49.896,92.256,41.344,49.728,92.392,2053,0,5812989822,(ADM01)_L
49.928,84.392,117.976,49.784,84.448,118.216,55,0.999712636,5812989469,SIP020_R
45.448,65.176,126.856,45.32,65.2,126.752,93,0.890401204,5812989469,SIP020_R
45.496,65.36,127.208,45.496,65.592,127.24,93,0.890401204,5812989469,SIP020_R
-0.104,49.144,89.96,-0.04,49.336,90.184,2147,0,5812988389,PLP139_R
22.472,54.296,129.28,22.248,54.2,129.336,1139,0.999316134,5812988389,PLP139_R
21.992,61.984,142.68,21.864,61.992,142.6,713,0.927186019,5812987961,PLP142_R
37.44,29.848,109.672,37.488,29.992,109.608,2245,0,5812987961,PLP142_R
37.568,64.016,120.496,37.448,64.136,120.448,410,0.420998989,5812987602,PVLP142_R
31.992,58.568,123.888,32.016,58.416,123.96,886,0.146885911,5812987602,PVLP142_R
33.072,67.896,125.744,33.048,68.088,125.704,158,0,5812987602,PVLP142_R
33.208,65.952,124.728,33.096,66.016,124.664,146,0,5812987602,PVLP142_R
31.704,68.232,126.304,31.8,68.24,126.152,163,0.498460142,5812987602,PVLP142_R
27.584,57.192,94.224,27.464,57.232,94.184,3037,0.469161338,543692985,SLP003_R
29.224,29.208,95.352,29.136,29.056,95.4,1458,0,2273583250,NA
29.88,36.6,86.32,29.72,36.584,86.304,1614,0.38514346,2273583250,NA
30.464,44.88,99.528,30.24,44.824,99.488,2609,0.993208986,2273583250,NA
31.608,44.664,95.48,31.544,44.64,95.504,1344,0.998664675,2273583250,NA
31.784,44.48,95.688,31.544,44.616,95.52,1344,0.998664675,2273583250,NA
42.768,81.096,125.112,42.776,80.936,125.12,37,0,2219650933,SAD011_R
13.72,69.672,135.424,13.6,69.888,135.616,662,0,2215161310,LC4
40.552,78.512,128.64,40.44,78.488,128.392,105,0.995356221,2215161310,LC4
5.392,66.992,129.368,5.224,66.928,129.376,763,0.997605223,2215161310,LC4
40.056,78.664,128.328,40.216,78.608,128.288,105,0.995356221,2215161310,LC4
13.816,69.584,136.176,13.696,69.808,136.2,662,0.295102304,2215161310,LC4
14.64,69.312,135.664,14.416,69.296,135.76,780,0,2215161310,LC4
25.192,60.944,117.736,25.136,61.224,117.528,899,0,2215161310,LC4
43.544,78.096,123.376,43.544,78.048,123.256,41,0.388669472,2215161310,LC4
45.152,79.728,122.768,45.232,79.552,122.696,47,0.984744852,2215161310,LC4
35.584,56.672,112.472,35.816,56.688,112.44,1380,0,2215161310,LC4
27.208,61.032,117.184,27.248,61.056,117.072,899,0.872802737,2215161310,LC4
25.008,60.704,117.16,25.064,60.84,117.024,896,0.998482852,2215161310,LC4
12.584,69.536,136.832,12.64,69.6,136.912,721,0,2215161310,LC4
15.04,63.52,123.192,15.096,63.632,123.08,3816,0,2215161310,LC4
40.712,79.936,128.664,40.6,80.048,128.608,109,0.977218787,2215161310,LC4
21.984,44.624,90.16,22.12,44.52,90.184,2275,0.954553858,2151489958,NA
25.928,39.632,89.296,25.832,39.408,89.232,2750,0.951690575,2151489958,NA
45.84,66.08,126.224,45.768,66.2,126.12,92,0.153774163,2126866046,WED072_R
38.76,87.096,129.656,38.648,87.048,129.752,119,0.955352653,2126866046,WED072_R
38.28,87.728,129.224,38.192,87.784,129.328,121,0.044641395,2126866046,WED072_R
45.32,64.456,126.2,45.408,64.424,126.296,95,0.998550503,2126866046,WED072_R
45.496,64.592,125.944,45.6,64.488,125.968,95,0.998550503,2126866046,WED072_R
45.488,64.744,126.424,45.376,64.696,126.488,95,0.998550503,2126866046,WED072_R
15.16,51.32,96.68,15.16,51.456,96.736,2117,0.972262839,2126866046,WED072_R
39.704,89.28,123.768,39.776,89.256,123.928,25,0.971942979,2126866046,WED072_R
39.824,88.944,123.816,39.88,88.928,123.936,25,0.567108467,2126866046,WED072_R
24.712,67.288,138.6,24.56,67.288,138.624,818,0.996567423,2124806674,NA
23.544,68.344,132.792,23.808,68.144,132.872,1073,0.117119002,2121711447,LC4
34.928,76.064,130.4,35.024,75.952,130.256,182,0.980970952,2121711447,LC4
21.552,66.752,123.376,21.696,66.904,123.608,641,0.993498912,2121711447,LC4
19.528,69.632,127.04,19.296,69.664,127.072,647,0.984823873,2121711447,LC4
21.192,68.4,131.784,21.216,68.216,131.68,1303,0,2121711447,LC4
43.648,79.688,126.336,43.616,79.552,126.304,37,0.99039208,2121711447,LC4
24.096,67.504,132.216,24.16,67.48,132.36,1076,0.972592729,2121711447,LC4
20.344,70.456,126.008,20.144,70.576,125.792,649,0.990175421,2121711447,LC4
20.84,64.872,122.552,20.712,64.736,122.656,641,0.993498912,2121711447,LC4
19.8,70.232,126.824,19.648,70.248,126.808,648,0.984569163,2121711447,LC4
21.456,64.664,122.896,21.632,64.592,122.968,1090,0,2121711447,LC4
25.072,56.368,116.824,25.088,56.448,116.68,3376,1,2121711447,LC4
43.448,79.696,125.864,43.36,79.768,125.944,37,0.99039208,2121711447,LC4
26.432,56.992,117.504,26.432,56.896,117.648,843,0.969568138,2121711447,LC4
21.592,62.344,118.528,21.472,62.264,118.52,893,0.988852641,2121711447,LC4
41.896,72.696,126.568,41.824,73,126.648,99,0,2121711447,LC4
22.976,58.968,117.536,22.656,59.04,117.768,3379,1,2121711447,LC4
25.848,58.272,116.824,25.744,58.208,116.632,894,0.293576774,2121711447,LC4
14.208,70.512,133.008,14.304,70.72,133.144,660,0.997646609,2121711447,LC4
22.56,59.536,117.784,22.656,59.512,117.608,900,0,2121711447,LC4
14.056,70.512,133.048,14.32,70.728,133.104,660,0.997646609,2121711447,LC4
24.408,67.12,138.888,24.488,67.32,138.752,818,0.996567423,2094466607,NA
17.76,66.056,138.296,17.792,65.888,138.296,710,0.16220316,2094457814,NA
9.952,68.704,140.792,9.912,68.664,140.864,725,0.981978675,2094449919,NA
15.776,65.48,139.488,15.912,65.424,139.512,747,0.940677981,2094449503,NA
19.448,73.288,134.488,19.488,73.128,134.528,668,0.075396663,2064109159,NA
14.8,63.104,134.968,14.776,63.168,135.056,719,0,2063081542,NA
11.992,54.216,95.256,12.136,54.152,95.296,2136,0,2062404496,WED072_R
41,88,125.968,41.2,87.912,125.92,20,0.965008855,2062404496,WED072_R
17.352,57.16,118.208,17.48,57.328,118.296,1490,0,2062404496,WED072_R
45.712,64.48,125.16,45.912,64.424,125.2,95,0.998550503,2062404496,WED072_R
17.408,56.928,118.744,17.408,57.016,118.832,904,0.953650704,2062404496,WED072_R
42.784,88.08,123.296,42.816,88.184,123.312,33,0.865414692,2062404496,WED072_R
11.648,54.784,95.184,11.768,54.944,95.272,2122,0,2062404496,WED072_R
43.456,87.984,122.488,43.376,88.056,122.544,33,0.865414692,2062404496,WED072_R
45.824,64.32,124.976,45.944,64.448,125.12,95,0.998550503,2062404496,WED072_R
30.176,55.072,108.728,30.008,54.992,108.624,3061,0.777502262,2059295981,LPLC1_R
40.664,57.752,98.76,40.672,57.784,98.872,1426,0,2059295981,LPLC1_R
20.24,57.928,109.912,20.152,58.152,110.016,1218,0.884091763,2059295981,LPLC1_R
41.12,58.16,97.6,41.008,58.336,97.592,1429,0.988047136,2059295981,LPLC1_R
11.256,58.344,100.76,11.336,58.312,100.888,2323,0.999976034,2059295981,LPLC1_R
26.864,59.48,104.104,26.992,59.528,103.96,2970,0.947513226,2059295981,LPLC1_R
48.864,55.472,97.408,48.76,55.592,97.224,592,0.395369108,2059295981,LPLC1_R
25.472,58.544,107.04,25.648,58.504,107.04,3082,0.994222786,2059295981,LPLC1_R
41.024,57.776,97.048,41.048,57.76,97.168,1429,0.988047136,2059295981,LPLC1_R
19.944,58.704,109.784,19.84,58.672,109.944,1036,0.996037315,2059295981,LPLC1_R
44.344,55.824,100.08,44.344,55.888,100.16,1414,0.909183205,2059295981,LPLC1_R
44.352,55.336,100.488,44.416,55.456,100.576,1414,0.909183205,2059295981,LPLC1_R
30.264,54.64,108.936,30.24,54.52,109.056,3371,1,2059295981,LPLC1_R
31.128,54.712,109.32,31.168,54.728,109.48,3371,1,2059295981,LPLC1_R
24.696,54.408,96.488,24.848,54.448,96.648,3132,0.875959074,2059295981,LPLC1_R
46.616,55.504,98.536,46.744,55.352,98.424,582,0.930512557,2059295981,LPLC1_R
47.808,55.64,98.48,47.608,55.872,98.456,3739,1,2059295981,LPLC1_R
49,55.952,97.064,48.888,56.032,96.968,591,0.993271378,2059295981,LPLC1_R
41,56.28,100.376,41.064,56.328,100.24,1408,0.170335306,2059295981,LPLC1_R
15.208,55.8,98.848,15.208,55.632,98.848,3643,1,2059295981,LPLC1_R
16.024,55.776,98.992,16.024,55.768,98.808,3642,1,2059295981,LPLC1_R
47.48,56.008,98.816,47.448,56.152,98.768,588,0.981252049,2059295981,LPLC1_R
15.4,56.72,113.96,15.192,56.784,114.016,950,0.985035824,2059295981,LPLC1_R
13.456,56.344,98.872,13.432,56.416,99,2318,0.982560055,2059295981,LPLC1_R
39.744,57.392,101.176,39.896,57.488,101.152,1434,0.986729366,2059295981,LPLC1_R
23.872,56.408,96.712,23.96,56.504,96.736,3147,0.977999749,2059295981,LPLC1_R
33.752,53.824,103.536,33.872,53.736,103.44,3846,0,2059295981,LPLC1_R
39.632,57.304,101.256,39.936,57.496,101.168,1434,0.986729366,2059295981,LPLC1_R
37.656,57.528,101.744,37.584,57.608,101.848,3243,0,2059295981,LPLC1_R
3.584,57.28,103.648,3.68,57.184,103.72,620,0.427387642,2059295981,LPLC1_R
23.608,56.632,96.704,23.608,56.616,96.552,3147,0.977999749,2059295981,LPLC1_R
43.352,55.704,101.16,43.512,55.872,101.096,1412,0.269211635,2059295981,LPLC1_R
26.096,57.664,102.36,25.92,57.624,102.472,2995,0,2059295981,LPLC1_R
26.016,57,102.2,25.872,56.832,102.256,3014,0,2059295981,LPLC1_R
22.808,57.856,112.256,23.048,57.704,112.256,1156,0.979335767,2059295981,LPLC1_R
31.104,55.136,109.128,31.192,55.176,109.216,3371,1,2059295981,LPLC1_R
51.416,55.072,93.32,51.328,55.112,93.416,480,0,2059295981,LPLC1_R
26.44,59.552,103.544,26.432,59.688,103.536,2970,0.947513226,2059295981,LPLC1_R
34.56,74.72,130.624,34.568,74.888,130.592,179,0.996728314,2033432408,NA
23.24,67.688,133.048,23.264,67.688,132.864,803,0,2032737737,NA
10.304,67.456,132.04,10.456,67.504,131.824,1108,0.977172837,2032720384,NA
10.384,68.6,131.704,10.352,68.28,131.552,1107,0,2032720307,NA
15.864,63.864,132.472,15.632,63.928,132.504,793,0,2032387890,NA
11.648,61.368,132.112,11.784,61.296,131.96,700,0.981754784,2032042693,NA
11.312,61.512,131.944,11.32,61.272,131.888,1217,0.992108321,2032042666,NA
12.344,63.848,130.728,12.456,63.832,130.656,1104,0.953182486,2032042365,NA
10.096,61.912,131.392,10.152,61.784,131.312,754,0,2032038151,NA
44.008,87.952,122.584,43.936,87.92,122.744,33,0.865414692,2028309036,WED037_R
38.984,86.296,129.344,38.944,86.256,129.552,119,0.955352653,2003430242,NA
40.504,79.856,128.768,40.408,79.912,128.704,109,0.277723696,2002747386,NA
22.616,68.592,128.96,22.512,68.464,128.944,1098,0.995504127,2001702698,NA
4.264,67.376,129.832,4.384,67.416,129.72,764,0.99830094,2001681366,NA
20.824,66.8,129.032,20.824,66.96,128.936,797,0.999980387,2001357298,NA
5.96,64.848,128.736,6.224,64.648,128.848,761,0.978532908,2001340078,NA
27.632,63.272,128.176,27.616,63.168,128.272,875,0,2001024934,NA
12.008,63.296,127.712,12.112,63.448,127.656,1153,0.951566008,2001007508,NA
12.96,63.48,127.608,12.848,63.488,127.704,1154,0,2001007478,NA
14.928,59.816,130.712,15.096,59.984,130.624,696,0.986543167,2000671447,NA
16.792,59.424,130.296,16.752,59.448,130.184,694,0.991316544,2000671447,NA
17.24,59.248,130.168,17.032,59.288,130.056,694,0.991316544,2000671447,NA
17.472,58.376,129.144,17.44,58.544,129.088,694,0.991316544,2000671248,NA
16.816,71.792,132.24,16.68,71.904,132.288,658,0.96953176,1998922583,LC4
11.976,68.376,129.896,11.792,68.28,129.968,3819,0.967342272,1998922583,LC4
15.04,70.904,130.784,15.264,70.984,130.736,657,0.978216126,1998922583,LC4
16.168,71.264,131.2,16.056,71.184,131.144,657,0.978216126,1998922583,LC4
18,72.888,133.056,17.936,72.928,133.152,663,0,1998922583,LC4
35.592,75.304,130.336,35.504,75.36,130.248,242,0.998156625,1998922583,LC4
18.736,72.752,133.16,18.808,72.624,133.376,669,0,1998922583,LC4
35.64,57.704,119.784,35.32,57.752,119.824,346,0.982473799,1998922583,LC4
35.416,57.864,119.96,35.368,58.04,119.92,346,0.982473799,1998922583,LC4
40.984,73.032,126.376,40.944,73.136,126.288,99,0,1998922583,LC4
35.464,62.392,124.392,35.336,62.296,124.256,295,0.484483016,1998922583,LC4
32.88,73.976,131.656,33.016,74.184,131.832,180,0.983560337,1998922583,LC4
47.384,81.328,124.192,47.392,81.328,124.088,50,0.968426945,1971721200,NA
39.192,72.464,125.12,39.064,72.544,125.216,96,0,1971030529,NA
34.328,74.52,123.816,34.264,74.376,123.696,160,0.555310502,1971021565,NA
18.144,67.752,125.744,18.408,67.784,125.824,646,0.939253569,1970663487,NA
21.256,66.024,124.464,21.192,66.136,124.6,642,0.965058951,1970326655,NA
20.904,64.096,123.392,21.032,64.104,123.32,1090,0,1970322132,NA
28.28,62.192,126.44,28.328,62.048,126.44,871,0.981498954,1969994727,NA
16.96,60.968,124.456,16.96,60.792,124.424,927,0.986002663,1969977072,NA
12.584,60.76,124.912,12.48,60.84,124.776,939,0,1969972710,NA
29.824,58.248,124.176,29.656,58.232,124.28,881,0,1969653153,NA
17.632,57.992,126.264,17.848,57.96,126.248,691,0.416248136,1969640463,NA
14.376,61.44,110.36,14.296,61.44,110.272,1199,0,1966864706,LPLC1_R
35.8,55.464,97.808,35.944,55.528,97.888,3248,0.114443444,1966864706,LPLC1_R
25.048,57.28,97.128,24.928,57.352,97.024,3144,0,1966864706,LPLC1_R
22.544,55.432,98.728,22.44,55.432,98.776,2954,0.980592746,1966864706,LPLC1_R
24.84,59.328,102.656,24.936,59.512,102.584,2971,0,1966864706,LPLC1_R
47.776,56.096,94.888,47.912,56.104,94.92,568,0,1966864706,LPLC1_R
20.424,58.368,109.88,20.312,58.368,110.056,1218,0.884091763,1966864706,LPLC1_R
27.056,54.024,96.656,26.88,53.976,96.736,3028,0.142060154,1966864706,LPLC1_R
43.576,54.544,92.976,43.568,54.392,92.92,2160,0.989716937,1966864706,LPLC1_R
36.928,54.656,99.96,36.872,54.76,99.912,3238,0.990395716,1966864706,LPLC1_R
24.488,56.16,97.064,24.568,56.248,96.968,3138,0.991429461,1966864706,LPLC1_R
43.176,54.384,93.728,43.176,54.248,93.792,2208,0.995237509,1966864706,LPLC1_R
20.712,60.128,112.36,20.6,60.04,112.328,1005,0.999976034,1966864706,LPLC1_R
20.952,57.504,113.36,20.952,57.536,113.44,386,0.997114421,1966864706,LPLC1_R
37.344,54.128,98.696,37.312,54.032,98.608,1268,0.987666367,1966864706,LPLC1_R
43.376,56.088,95.584,43.392,56.168,95.48,2179,0,1966864706,LPLC1_R
20.264,57.464,114.792,20.328,57.616,114.728,386,0.997114421,1966864706,LPLC1_R
37.584,53.832,102.648,37.72,53.856,102.688,3306,1,1966864706,LPLC1_R
42.632,55.896,99.92,42.512,55.792,99.984,1412,0,1966864706,LPLC1_R
20.472,60.088,110.984,20.44,60.16,111.064,1196,0.99095013,1966864706,LPLC1_R
20.944,60.088,111.352,20.952,60.136,111.216,1197,0.980618595,1966864706,LPLC1_R
43.504,56.088,95.128,43.424,56.112,95.056,2179,0,1966864706,LPLC1_R
14.072,60.592,111.016,14.088,60.448,110.96,392,0.983382618,1966864706,LPLC1_R
18.688,57.056,108.92,18.776,57,108.976,1038,0.975740537,1966864706,LPLC1_R
46.6,56.008,93.584,46.688,56,93.472,567,0.953552426,1966864706,LPLC1_R
32.696,57.184,95.312,32.544,57.224,95.096,2920,0.978169089,1966864706,LPLC1_R
27.624,56.912,95.032,27.496,56.88,94.96,3035,0.985006596,1966864706,LPLC1_R
19.224,57.768,108.64,19.248,57.736,108.872,1047,0.194314747,1966864706,LPLC1_R
43.152,54.936,92.752,43.312,55.016,92.632,2200,0,1966864706,LPLC1_R
42.64,56.432,100.912,42.384,56.304,100.76,1419,0.981945009,1966864706,LPLC1_R
43.168,55.92,96.192,43.16,55.832,96.104,2178,0.972219244,1966864706,LPLC1_R
42.6,55.136,91.776,42.552,55.256,91.8,2171,0,1966864706,LPLC1_R
34.048,53.104,104.152,33.984,52.968,104.16,3307,1,1966864706,LPLC1_R
44.752,53.576,92.288,44.656,53.6,92.392,2211,0.979837329,1966864706,LPLC1_R
48.368,54.352,90,48.28,54.28,90.144,495,0,1966864706,LPLC1_R
47.56,55.784,94.328,47.704,55.704,94.28,2042,0.904411266,1966864706,LPLC1_R
42.92,55.792,96.728,42.96,55.68,96.68,2178,0.972219244,1966864706,LPLC1_R
48.032,54.952,89.568,48.08,55.064,89.528,498,0,1966864706,LPLC1_R
165.12,3.768,123.968,165.064,3.776,123.984,3810,0.984618982,1964364686,NA
37.2,62.424,123.312,37.136,62.28,123.064,293,0.999498919,1938968230,NA
21.528,59.072,121.504,21.376,59.056,121.376,3405,1,1938609722,NA
32,61.632,121.12,32.096,61.672,121.192,297,0.982133143,1938544937,LC4
24.304,67.6,135.096,24.624,67.616,135.088,816,0.985103214,1938544937,LC4
43.512,74.768,124.184,43.592,74.904,124.176,72,0.983248337,1938544937,LC4
13.552,70.832,135.608,13.68,70.624,135.512,662,0.295102304,1938544937,LC4
15.296,60.552,130.584,15.384,60.384,130.664,697,0.498528653,1938544937,LC4
15.76,60.872,130.672,15.648,60.72,130.808,697,0.998094809,1938544937,LC4
13.16,60.984,124.504,13.144,61.08,124.52,944,0.995382482,1938544937,LC4
31.944,62.864,122.368,31.856,62.896,122.24,301,0.928250779,1938544937,LC4
14.736,64.488,123.08,14.928,64.424,123.088,942,0,1938544937,LC4
20.528,73.288,120.84,20.656,73.168,120.928,652,0.157243941,1938544937,LC4
15.072,71.52,135.968,15.032,71.504,136.04,673,0,1938544937,LC4
37.584,65.928,121.152,37.592,65.952,121.016,207,0.998249378,1938544937,LC4
14.32,71.024,135.168,14.416,70.824,135.152,661,0.965015248,1938544937,LC4
30.936,62,121.92,30.936,62,121.752,299,0.997122908,1938544937,LC4
42.64,75.088,124.088,42.688,75.248,124.104,71,0,1938544937,LC4
21.536,56.28,125.432,21.496,56.184,125.576,1471,0,1938544937,LC4
32,61.8,121.68,32,61.808,121.384,297,0.982133143,1938544937,LC4
13.272,61.464,124.392,13.384,61.408,124.456,937,0.991258703,1938541380,LC4
20.48,59.216,122.24,20.464,59,122.232,463,0,1938541380,LC4
43.896,73.544,118.72,43.84,73.592,118.872,262,0.64780165,1938541380,LC4
13,62.76,128.872,12.936,62.688,129,3420,1,1938541380,LC4
12.552,63.16,129.512,12.672,62.888,129.568,3420,1,1938541380,LC4
9.824,61.056,128.48,9.832,61.024,128.64,758,0.999620179,1938541380,LC4
12.256,63.936,130.56,12.456,63.976,130.568,1104,0.953182486,1938541380,LC4
12.872,63.104,127.928,12.704,63.152,127.928,1154,0,1938541380,LC4
12.968,63.16,127.816,12.688,63.16,127.856,1154,0,1938541380,LC4
12.936,61.224,124.352,12.816,61.096,124.432,944,0.995382482,1938541380,LC4
44.088,74.568,124.008,44.104,74.632,124.096,74,0,1938541380,LC4
28.304,58.232,122.888,28.168,58.296,122.816,867,0.999548774,1938541380,LC4
14.4,62.112,122.624,14.496,61.92,122.752,938,0,1938541380,LC4
35.896,65.432,122.832,35.832,65.672,122.88,273,0,1938541380,LC4
15.848,73.312,138.68,15.912,73.24,138.8,683,0.105500684,1938541380,LC4
13.032,70.552,135.88,13.272,70.536,135.856,662,0.295102304,1938541380,LC4
35.136,57.168,122.848,35.24,57,122.896,403,0.971098241,1938286444,NA
35.992,56.384,123.704,35.92,56.392,123.616,3366,0,1938286394,NA
36.592,54.432,120.888,36.568,54.432,120.736,401,0,1938286013,NA
32.472,66.552,124.096,32.552,66.472,123.968,3348,1,1938207942,LC4
33.712,60.264,117.568,33.952,60.336,117.384,201,0.999337958,1938207942,LC4
42.144,66.24,119.344,42.152,66.392,119.408,216,0.984456338,1938207942,LC4
33.568,68.424,125.048,33.496,68.52,125.032,158,0,1938207942,LC4
37.544,71.16,123.248,37.544,71.152,123.44,7,0.998380556,1938207942,LC4
37.872,88.56,130.568,38.072,88.568,130.72,120,0.962669989,1937924009,NA
38.064,88.064,129.296,38.16,87.936,129.304,121,0.044641395,1937924009,NA
37.792,96.712,136.624,37.744,96.608,136.64,125,0.990082767,1937924009,NA
38.04,89.424,131.256,38,89.512,131.128,120,0.962669989,1937924009,NA
38.2,87.848,129.76,38.216,87.64,129.696,121,0.044641395,1937924009,NA
11.536,66.128,139.304,11.512,66.08,139.432,733,0.993640983,1937924009,NA
26.064,56.616,117.648,26.272,56.704,117.696,843,0.969568138,1937875810,LC4
24.824,55.976,117.408,24.768,55.952,117.536,3375,1,1937875810,LC4
44.784,78.688,122.224,44.88,78.808,122.376,3325,1,1937875810,LC4
44.352,67.472,116.632,44.52,67.528,116.736,223,0.963905279,1937875810,LC4
18.344,57.768,118.368,18.16,57.68,118.416,1490,0,1937875810,LC4
38.808,73.72,125.872,38.888,73.872,125.768,9,0.999465944,1937875810,LC4
40.056,74.488,125.808,39.936,74.656,125.736,14,0.066595823,1937875810,LC4
39.072,74.424,126.192,39.096,74.424,126.056,14,0,1937875810,LC4
21.48,57.792,117.52,21.6,57.856,117.568,3378,1,1937875810,LC4
12.824,64.608,130.592,12.728,64.56,130.456,3818,0,1936848448,LC4
32.104,58.32,123.784,31.992,58.344,123.944,886,0.146885911,1936848448,LC4
16.352,73.072,139.4,16.424,73.224,139.512,689,0,1936848448,LC4
20.88,67.472,132.416,21.072,67.576,132.344,1100,0.987097815,1936848448,LC4
34.112,73.616,123.432,33.984,73.552,123.552,160,0.555310502,1936848448,LC4
6.472,64.128,129.024,6.48,64.216,129.048,760,0.999919772,1936848448,LC4
33.904,60.408,119.008,33.832,60.432,118.744,278,0,1936848448,LC4
43.488,79.36,126.328,43.568,79.448,126.304,37,0.99039208,1910328899,SAD064_R
46.464,68.376,114.864,46.624,68.352,114.728,231,0.995091914,1908628383,NA
39.824,70.064,120.152,40.104,69.936,120.264,237,0.958221495,1908619664,NA
43.376,64.544,117.32,43.344,64.568,117.224,396,0.625041095,1908282825,NA
45.856,74.328,123.432,45.84,74.44,123.52,77,0.999973951,1908226457,LC4
2.568,69.824,127.952,2.704,69.912,128.032,3815,0,1908226457,LC4
46.192,74.744,123.744,46.208,74.624,123.8,77,0.999973951,1908226457,LC4
16.704,58.688,129.888,16.608,58.768,129.792,694,0.991316544,1908226457,LC4
45.24,73.304,117.856,45.128,73.424,117.896,272,0.437902384,1908226457,LC4
2.12,71.976,127.016,2.184,71.84,126.952,771,0,1908226457,LC4
25.224,68.28,134.952,25.328,68.48,134.808,808,0.994258735,1908226457,LC4
2.552,69.256,128.456,2.656,69.312,128.544,767,0.979232045,1908226457,LC4
14.24,63.352,135.096,14.168,63.4,134.936,703,0.985648214,1908226457,LC4
14.248,68.96,126.672,14.2,69.096,126.92,1060,0,1908226457,LC4
15.264,64.488,136.336,15.056,64.672,136.256,708,0,1908226457,LC4
26.712,69.336,135.44,26.56,69.384,135.544,814,0,1908226457,LC4
24.832,67.992,135.008,24.888,67.872,134.912,816,0.985103214,1908226457,LC4
40.184,69.208,120.152,40.128,69.208,120.24,237,0.958221495,1908226457,LC4
39.72,68.904,120.088,39.848,68.872,120.184,236,0,1908226457,LC4
2.536,71.112,127.168,2.552,71.04,127.04,3815,0,1908226457,LC4
15.872,71.528,138.024,15.904,71.656,137.848,675,0.071574275,1908226457,LC4
14.232,69.328,127.112,14.256,69.168,127.024,1060,0.108306118,1908226457,LC4
14.592,69.736,127.072,14.44,69.616,127.192,1061,0.99590176,1908226457,LC4
36.24,64.064,120.424,36.304,64.04,120.272,205,0,1908226457,LC4
39.8,68.616,124.36,39.688,68.528,124.416,3341,1,1908226457,LC4
2.168,71.336,126.808,2.432,71.336,126.792,768,0.973231572,1908226457,LC4
13.008,60.968,131.84,12.76,61.088,131.88,700,0.981754784,1908226457,LC4
17.032,68.088,137.792,17.128,67.864,137.792,711,0.991811436,1907933561,LC4
42.696,66.32,118.696,42.64,66.424,118.632,216,0.984456338,1907933561,LC4
37.448,69.6,124.576,37.304,69.696,124.488,10,0,1907933561,LC4
14.4,71.512,133.624,14.528,71.408,133.648,660,0.997646609,1907933561,LC4
35.144,61.016,120.272,35.104,61.168,120.272,280,0.988421938,1907933561,LC4
38.288,71.008,124.064,38.184,71.104,124.064,102,0.990598368,1907933561,LC4
14.24,70.176,134.448,14.328,70.288,134.592,660,0.997646609,1907933561,LC4
20.592,63.784,130.672,20.568,63.768,130.776,802,0.896883089,1907933561,LC4
34.92,61.344,120.184,34.92,61.216,120.248,280,0.988421938,1907929086,NA
34.168,60.936,116.816,34.28,60.824,116.888,201,0.999337958,1907928627,NA
47.456,77.528,124.448,47.328,77.576,124.312,61,0.992565304,1907924777,LC4
42.88,66.52,117.96,42.984,66.736,118.048,220,0.33176434,1907924777,LC4
28.224,62.896,126.952,28.384,62.696,126.992,872,0.974932256,1907924777,LC4
11.712,61.912,131.56,11.704,61.728,131.456,700,0.981754784,1907924777,LC4
33.584,61.864,120.632,33.472,61.76,120.576,282,0.985299151,1907924777,LC4
12.776,62.872,129.72,12.712,62.84,129.576,1151,0.844229026,1907924777,LC4
35.336,62.512,120.416,35.384,62.464,120.504,287,0,1907924777,LC4
32.336,62.168,121.264,32.264,62.048,121.256,297,0.532963764,1907924777,LC4
27.424,56.84,119.584,27.296,57.008,119.632,1117,0,1907924777,LC4
31.64,62.104,121.168,31.712,62.096,121.288,300,0,1907924777,LC4
19.8,63.568,131.16,19.864,63.456,131.064,802,0.896883089,1907924777,LC4
13.128,63.528,131.76,13.264,63.544,131.56,1110,0,1907924777,LC4
13.344,63.288,131.368,13.256,63.36,131.304,1110,0,1907924777,LC4
31.008,61.8,121.152,31.128,62,121.264,299,0.630749298,1907924777,LC4
24.552,62.416,116.08,24.552,62.416,116.2,899,0,1907915565,NA
40.2,69.224,127.568,40.16,69.416,127.552,13,0.999181483,1907587934,LC4
45.488,74.64,123.008,45.576,74.464,123.04,78,0.162221407,1907587934,LC4
39.352,64.736,126.848,39.256,64.472,126.776,3793,0,1907587934,LC4
35.976,62.456,121.704,35.992,62.408,121.592,290,0.260525493,1907587934,LC4
32.224,63.24,124.552,32.24,63.368,124.536,305,0,1907587934,LC4
21.792,55.288,121.928,21.888,55.2,121.944,1123,0.995639061,1907587934,LC4
21.848,55.808,122.136,22,55.816,122.168,3431,0,1907587934,LC4
39.392,68.888,126.704,39.264,68.92,126.728,13,0.999181483,1907587934,LC4
37.28,63.96,120.232,37.112,64.064,120.184,207,0.998249378,1907587934,LC4
19.432,72.272,136.504,19.272,72.04,136.488,667,0.410280518,1907587934,LC4
16.856,58.672,128.528,17.016,58.504,128.6,694,0.991316544,1907587934,LC4
35.976,62.64,120.696,35.832,62.608,120.744,288,0.981006989,1907587934,LC4
42.208,67.2,119.76,42.096,67.096,119.8,215,0.901781948,1907587934,LC4
34.96,57.976,117.288,35.032,57.96,117.328,343,0,1907587744,NA
36.544,61.272,121.96,36.424,61.392,121.88,3356,1,1907584319,LC4(lVLPT8)_R
23.856,68.864,132.904,23.904,68.912,133.12,1072,0.995469676,1907584319,LC4(lVLPT8)_R
28.032,57.12,119.872,27.928,57.12,119.952,1117,0,1907584319,LC4(lVLPT8)_R
42.904,67.264,118.4,42.864,67.12,118.592,220,0.127305617,1907584319,LC4(lVLPT8)_R
28.448,62.56,127.776,28.344,62.728,127.664,872,0.974932256,1907584319,LC4(lVLPT8)_R
33.12,69.832,123.888,33.192,69.872,123.752,155,0.999963392,1907584319,LC4(lVLPT8)_R
41.776,66.728,118.608,41.608,66.592,118.568,217,0.271661314,1907584319,LC4(lVLPT8)_R
37.464,61.696,122.016,37.24,61.896,122.056,293,0,1907584319,LC4(lVLPT8)_R
35.832,61.752,123.336,35.744,61.904,123.24,294,0,1907584319,LC4(lVLPT8)_R
26.248,58.448,116.824,26.144,58.608,116.712,897,0,1907578957,LC4
36.224,69.928,121.816,36.176,69.864,121.92,141,0,1907578957,LC4
25.296,62.272,117.904,25.096,62.272,117.848,899,0,1907578957,LC4
21.672,64.536,122.744,21.664,64.576,122.888,1090,0,1907578957,LC4
24.656,61.8,117.72,24.848,61.848,117.632,899,0,1907578957,LC4
33.8,71.592,127.952,33.928,71.688,127.856,174,0,1907578957,LC4
31.64,67.312,123.056,31.584,67.136,123.096,149,0.813801677,1907578957,LC4
32.28,67.272,121.552,32.344,67.488,121.536,3792,0,1907578957,LC4
20.968,66.32,124.824,20.872,66.256,124.768,642,0.965058951,1907578957,LC4
32.152,67.512,121.736,32.312,67.648,121.776,149,0.813801677,1907578957,LC4
43.536,78.248,122.56,43.44,78.496,122.528,67,0.632659206,1907578957,LC4
40.16,80.144,130.328,40.224,80.288,130.416,110,0,1907578957,LC4
21.64,66.608,124.352,21.496,66.536,124.496,848,0.973668176,1907578957,LC4
21.28,67.832,126.488,21.368,67.976,126.44,848,0.973668176,1907578957,LC4
33.56,71.864,128.672,33.432,72.056,128.648,174,0.929592955,1907578957,LC4
34.752,68.328,121.464,34.68,68.192,121.44,248,0.972711183,1907578957,LC4
31.6,68.616,125.264,31.656,68.6,125.392,246,0.992952042,1907578957,LC4
21.4,65.952,124.632,21.2,66.16,124.608,642,0.965058951,1907578957,LC4
24.76,58.216,116.288,24.72,58.04,116.176,3376,1,1907578813,NA
23.136,57.496,118.128,22.992,57.496,117.992,3378,1,1907574954,NA
18.64,66.752,134.448,18.632,66.712,134.584,830,0,1907574944,LC4(lVLPT8)_R
43.8,77.904,122.768,43.776,77.92,122.896,41,0.388669472,1907574944,LC4(lVLPT8)_R
14.976,69.96,135.088,15.104,70.184,135.016,1066,0.990634718,1907574944,LC4(lVLPT8)_R
28.08,58.36,121.824,28.04,58.224,121.816,890,0.98347679,1907574944,LC4(lVLPT8)_R
19.248,60.44,117.024,19.136,60.448,116.968,923,0.215960979,1907574944,LC4(lVLPT8)_R
36.784,61.984,122.936,36.784,62.16,122.896,293,0.999498919,1907574944,LC4(lVLPT8)_R
47.536,73.472,124.032,47.568,73.656,124.096,83,0,1907574944,LC4(lVLPT8)_R
19.008,72.992,133.864,18.864,73.024,133.864,665,0.988618279,1907574944,LC4(lVLPT8)_R
36.592,62.344,123.536,36.36,62.352,123.536,294,0.183880472,1907574944,LC4(lVLPT8)_R
47.752,73.464,124.248,47.88,73.728,124.2,3790,0,1907574944,LC4(lVLPT8)_R
25.584,68.56,134.608,25.464,68.552,134.696,808,0.994258735,1907571222,LC4
20.024,64.64,129.016,20.144,64.824,129.16,797,0.999980387,1907571222,LC4
13.8,64.008,126.008,13.664,64.096,126.136,1154,0.956894192,1907571222,LC4
37.6,69.824,124.088,37.384,69.8,124.032,7,0.998380556,1907571222,LC4
36.784,69.56,124.56,37.024,69.56,124.552,10,0,1907571222,LC4
31.696,58.776,124.656,31.752,58.608,124.76,886,0.146885911,1907571222,LC4
41.32,67.52,120.016,41.4,67.424,120.112,233,0,1907571222,LC4
45.312,73.608,117.768,45.192,73.504,117.728,272,0.437902384,1907571222,LC4
36.608,61.712,121.848,36.4,61.736,121.912,289,0.999532749,1907571222,LC4
26.52,70.592,137.152,26.688,70.592,136.984,813,0.995999156,1907571222,LC4
34.288,61.264,120.088,34.352,61.264,119.984,280,0.988421938,1907571222,LC4
35.256,72.592,128.424,35.096,72.592,128.52,176,0,1907571222,LC4
19.16,58.872,116.4,19.064,58.976,116.352,923,0.133379273,1907570289,NA
9.424,61.92,129.976,9.6,61.968,129.928,758,0.999620179,1907519001,LC4
26.968,57.656,121.568,27.208,57.696,121.512,865,0,1907519001,LC4
37.192,69.336,123.52,37.056,69.464,123.496,6,0.998597224,1907519001,LC4
17.208,58.256,127.536,17.16,58.056,127.6,692,0.963513129,1907519001,LC4
27.696,57.568,122.128,27.592,57.768,122.216,866,0.993841733,1907519001,LC4
44.328,78.272,123.056,44.16,78.424,122.952,42,0.995142586,1907519001,LC4
8.768,62.504,130.2,9,62.648,130.152,756,0.992921168,1907519001,LC4
9.896,61.592,129.72,9.664,61.592,129.64,758,0.999620179,1907519001,LC4
46.744,79.528,122.656,46.784,79.408,122.768,61,0.992565304,1907519001,LC4
38.04,70.888,123.624,38.016,70.808,123.68,102,0.990598368,1907519001,LC4
28.424,58.072,121.784,28.392,58.072,121.712,890,0.98347679,1907519001,LC4
43.672,77.664,122.72,43.64,77.664,122.904,41,0.388669472,1907519001,LC4
36.088,66.976,123.216,36.104,67.096,123.112,140,0.216397872,1907519001,LC4
8.64,62.784,130.056,8.688,62.928,130.144,776,0.998426322,1907519001,LC4
37.008,69.088,123.504,36.912,69.272,123.44,6,0.998597224,1907519001,LC4
18.312,58.488,127.808,18.136,58.328,127.848,692,0.963513129,1907519001,LC4
22.08,57.704,123.144,21.944,57.776,122.976,1127,0,1907519001,LC4
19.36,58.224,125.992,19.28,58.312,125.944,691,0.416248136,1907519001,LC4
14.68,60.04,124.712,14.912,60.096,124.728,930,0.9008025,1907519001,LC4
14.52,60.272,124.6,14.592,60.408,124.544,935,0.432550047,1907519001,LC4
39.504,72.272,125.248,39.456,72.392,125.344,97,0.978957426,1907510214,LC4
20.024,58.408,120.32,20.24,58.584,120.424,3405,1,1907510214,LC4
17.56,59.168,129.504,17.336,59.064,129.448,694,0.991316544,1907510214,LC4
40.536,70.52,120.136,40.384,70.296,119.92,237,0.958221495,1907510214,LC4
41.28,71.96,119.384,41.072,71.84,119.296,252,0.996879272,1907510214,LC4
37.848,69.88,126.744,37.952,69.776,126.76,12,0.991443216,1907510214,LC4
17.808,58.544,126.256,17.976,58.368,126.328,691,0.416248136,1907510214,LC4
15.992,71.48,137.784,15.92,71.648,137.824,675,0.071574275,1907510214,LC4
24.856,67.28,132.472,24.72,67.512,132.544,1076,0.972592729,1907510214,LC4
20.304,58.656,120.024,20.472,58.68,120.088,3381,1,1907510214,LC4
47.472,74.128,124.016,47.248,74.056,124.008,83,0,1907510214,LC4
40.856,69.728,120.96,40.696,69.672,120.864,238,0.208564082,1907510214,LC4
23.376,67.464,132.968,23.408,67.568,132.872,1076,0.972592729,1907510214,LC4
38.104,69.76,126.248,38.04,69.64,126.312,11,0.966735032,1907510214,LC4
45.752,36.816,109.784,46.056,36.856,109.808,1912,0.978585625,1907501440,LC22_R
26.608,35.616,85.664,26.752,35.784,85.472,1610,0.940556838,1907501440,LC22_R
27,54.432,116.856,27.088,54.424,116.752,1180,0.903025922,1907237938,NA
25.192,57.08,117.28,25.168,56.896,117.328,3376,1,1907237846,NA
19.616,58.296,121.976,19.776,58.376,122.008,463,0,1907169406,LC4
26.536,69.76,136.08,26.488,69.864,136.016,810,0.995436608,1907169406,LC4
32.648,63.384,125.24,32.712,63.44,125.12,305,0,1907169406,LC4
34.04,71.112,123.408,34.24,71.032,123.384,156,0.993503804,1907169406,LC4
42.72,73.904,118.912,42.544,74.008,118.88,261,0,1907169406,LC4
20.872,67.44,129.248,20.992,67.312,129.36,798,0.979433608,1907169406,LC4
22.6,67.664,126.888,22.392,67.696,126.784,1692,0.90782003,1907169406,LC4
40.656,71.28,119.968,40.568,71.16,119.816,250,0.980182012,1907169406,LC4
34.224,70.52,123.88,34.256,70.44,123.792,156,0.993503804,1907169406,LC4
24.336,67.432,136.488,24.336,67.432,136.248,817,0.983798474,1907169406,LC4
40.928,71.88,119.472,40.896,71.904,119.336,252,0.996879272,1907169406,LC4
32.168,63.456,124.68,32.28,63.456,124.6,305,0,1907169406,LC4
17.704,59.96,124.32,17.704,60.144,124.28,926,0.999944726,1907169406,LC4
24.872,67.776,136.152,24.848,67.664,136.04,816,0.985103214,1907169406,LC4
41.584,67.872,120.648,41.736,67.768,120.632,233,0,1907156409,LC4
35.528,62.144,123.408,35.48,61.936,123.472,294,0,1907156409,LC4
20.088,63.08,131.128,20.088,63.328,131.08,802,0.896883089,1907156409,LC4
28.008,59.68,126.408,28.304,59.648,126.336,868,0.964407905,1907156409,LC4
20.664,63.48,131.328,20.424,63.592,131.312,802,0.896883089,1907156409,LC4
16.488,59.472,124.664,16.504,59.152,124.784,1698,0.985826536,1907156409,LC4
13.144,62.176,133.72,13.2,62.288,133.864,720,0,1907156409,LC4
17.288,57.072,119.768,17.24,56.952,119.776,3453,1,1906496111,LC4
14.144,64.68,136.024,14.272,64.816,136.048,705,0.990732118,1906496111,LC4
17.256,65.504,133.536,17.168,65.64,133.424,794,0.973671073,1906496111,LC4
27.032,57.072,120.76,27.16,57.208,120.824,847,0.999463153,1906496111,LC4
16.904,65,133.2,16.688,65.064,133.2,793,0,1906496111,LC4
27.84,57.088,120.76,27.584,57.24,120.8,847,0.999463153,1906496111,LC4
42.608,72.856,126.856,42.576,72.824,126.776,3334,0,1906496111,LC4
33.12,55.872,117.328,33.312,55.936,117.328,415,0.983360779,1906496111,LC4
34.288,70.976,122.712,34.304,71.2,122.672,157,0.968820351,1906496111,LC4
27.856,57.088,120.176,27.792,57.176,120.072,1117,0,1906496111,LC4
44.176,75.008,124.712,44.104,75,124.552,72,0.983248337,1906496111,LC4
22.376,66.624,132.04,22.568,66.632,131.944,803,0.24627022,1906496111,LC4
34.744,57.864,118.112,34.936,57.944,118.128,344,0.88861692,1906496111,LC4
33.92,43.264,117.92,33.92,43.248,118.056,1260,0.983841373,1906223770,NA
33.872,42.856,117.96,33.72,42.896,117.944,1260,0.983841373,1906223754,NA
15.864,69.328,129.944,15.72,69.424,129.68,656,0.999971551,1906159299,LC4
24.008,69.824,124.512,24.008,69.608,124.368,860,0.957972609,1906159299,LC4
10.248,67.6,131.864,10.44,67.528,131.752,1108,0.977172837,1906159299,LC4
21.864,68.176,130.872,21.856,68.048,130.936,3384,1,1906159299,LC4
43.296,80.224,125.04,43.192,80.24,125.128,37,0.99039208,1906159299,LC4
22.8,67.08,132.16,22.704,67.112,132.136,803,0,1906159299,LC4
34.272,70.488,126.352,34.264,70.608,126.32,171,0.991230516,1906159299,LC4
21.88,58.968,117.736,21.728,59.056,117.68,3379,1,1906159299,LC4
27.92,28.52,116.112,28.072,28.592,116.176,1545,0,1904509380,NA
17.48,67.272,137.832,17.48,67.288,137.936,711,0.991811436,1878271377,LC4
35.368,66.104,120.744,35.488,66.088,120.832,1,0.977630229,1878271377,LC4
38.768,67.6,121.184,38.848,67.48,121.16,213,0.999999935,1878271377,LC4
20.328,59.088,120.176,20.48,58.944,120.224,3381,1,1878271377,LC4
32.072,63.968,123.328,31.944,63.936,123.376,305,0,1878271377,LC4
44.592,73.416,119.208,44.608,73.44,119.064,271,0.988279532,1878271377,LC4
38.944,67.8,121.584,39.08,67.728,121.52,213,0.999999935,1878271377,LC4
21.88,59.304,120.696,21.8,59.24,120.528,3381,1,1878271377,LC4
15.52,70.008,129.352,15.704,69.992,129.36,656,0.999971551,1877939213,LC4
23.696,68.032,128.752,23.728,68.008,128.984,1098,0.995504127,1877939213,LC4
15.12,70.936,132.04,15.176,71.056,132.08,659,0,1877939213,LC4
33.616,74.576,131.144,33.576,74.736,131.208,180,0.983560337,1877939213,LC4
23.016,58.992,119.584,23.048,58.872,119.808,1087,0.995150095,1877939213,LC4
34.136,70.736,127.56,34.144,70.92,127.488,171,0.991230516,1877939213,LC4
23.368,68.168,128.888,23.416,68.088,128.992,1098,0.995504127,1877939213,LC4
34.856,58.064,119.592,35.016,57.88,119.512,346,0.982473799,1877939213,LC4
40.336,72.984,126,40.4,72.824,125.992,99,0,1877939213,LC4
22.408,68,126.992,22.288,68.112,126.848,849,0.973740523,1877939213,LC4
24,68.176,128.864,24.04,68.048,128.84,1098,0.995504127,1877939213,LC4
19.752,66.688,126.912,19.848,66.456,126.824,644,0.999169658,1877939213,LC4
21.768,67.952,126.904,21.864,68.008,126.8,848,0.973668176,1877939213,LC4
22.232,67.488,126.904,22.232,67.64,126.712,1692,0.90782003,1877939213,LC4
20.232,62.136,120.576,20.304,62.056,120.712,461,0.991641054,1877939213,LC4
45.32,79.416,123.096,45.464,79.48,122.96,47,0.984744852,1877939213,LC4
22,68.288,127.184,21.928,68.48,127,849,0.973740523,1877939213,LC4
14.536,69.248,127.432,14.864,69.296,127.16,1059,0.428818395,1877939213,LC4
19.272,64.288,123.496,19.448,64.432,123.576,641,0.993498912,1877939213,LC4
20.224,65.296,122.888,20.28,65.232,122.992,641,0.993498912,1877939213,LC4
20.104,66.784,126.248,20.168,66.72,126.152,643,0.997806778,1877939213,LC4
19.976,63.024,121.216,20.024,62.816,121.304,461,0.991641054,1877939213,LC4
17.8,58.248,118.248,17.744,58.152,118.176,903,0.976568046,1877930505,LC4
39.224,67.72,121.544,39.104,67.72,121.52,213,0.999999935,1877930505,LC4
13.848,62.776,134.08,13.96,62.656,134.136,702,0.972324447,1877930505,LC4
30.512,62.256,122.328,30.544,62.296,122.104,299,0.997122908,1877930505,LC4
34.08,60.76,118.864,33.952,60.776,118.864,276,0.981565532,1877930505,LC4
14.432,69.096,135.96,14.296,69.24,135.824,780,0,1877930505,LC4
36.176,69.168,123.92,36.272,69.2,123.808,6,0.998597224,1877930505,LC4
14.704,71.448,133.776,14.584,71.408,133.672,660,0.997646609,1877930505,LC4
44.624,73.072,119.064,44.696,73.2,119.088,271,0.988279532,1877930505,LC4
15.064,70.408,134.072,14.84,70.448,134.136,660,0.997646609,1877930505,LC4
32.064,67.104,122.888,31.896,67.152,122.96,149,0.813801677,1877930505,LC4
35.384,60.792,116.824,35.128,60.816,116.896,201,0.999337958,1877930505,LC4
19.344,66.072,135.928,19.136,66.288,135.912,831,0.986737377,1877930505,LC4
36.16,68.144,121.8,36.16,67.976,121.904,4,0.999577634,1877930505,LC4
34.392,68.36,122.504,34.528,68.232,122.584,153,0,1877930505,LC4
30.864,67.024,122.896,31.12,67.152,123.016,150,0.127305221,1877930505,LC4
45.504,65.712,115.144,45.456,65.792,115.208,229,0.985933814,1877589390,NA
17.736,60.632,124.216,17.672,60.536,124.2,926,0.999944726,1877217777,LC4
14.92,64.176,136.432,14.968,64.424,136.232,708,0,1877217777,LC4
17.288,60.904,124.312,17.144,60.776,124.336,3425,0,1877217777,LC4
14.432,63.064,135.152,14.432,63.072,135.016,719,0,1877217777,LC4
34.84,59.616,115.536,34.856,59.56,115.664,201,0.999337958,1877217777,LC4
33.608,59.28,116.296,33.56,59.104,116.248,201,0.999337958,1877217777,LC4
14.744,63.224,135.176,14.76,63.168,135.056,719,0,1877217777,LC4
20.904,57.744,120.824,21.008,57.8,120.928,1121,0.959239858,1877217777,LC4
39.312,72.984,125.152,39.072,73.072,125.104,9,0.999465944,1877217777,LC4
22.072,57,121.92,21.864,56.928,122.04,1122,0.986026318,1877217777,LC4
27.52,56.512,113.712,27.52,56.368,113.776,3374,1,1876911484,NA
27.624,56.408,113.32,27.648,56.224,113.368,3374,1,1876911484,NA
42.064,67.296,128.416,42.192,67.328,128.24,3338,1,1876911484,NA
15.376,72.728,137.752,15.232,72.592,137.888,674,0.970317998,1876902545,LC4
15.648,71.352,136.568,15.648,71.448,136.48,690,0,1876902545,LC4
39.312,67,125.4,39.264,67.032,125.496,189,0,1876902545,LC4
24.392,67.008,135.664,24.528,67.096,135.816,816,0.985103214,1876902545,LC4
39.592,67.896,125.192,39.528,68.08,125.408,191,0.106214961,1876902545,LC4
12.24,60.728,131.608,12.168,60.888,131.68,778,0.623926031,1876902545,LC4
39.144,63.008,114.232,39.272,62.896,114.392,3365,1,1876902545,LC4
38.816,62.208,114.76,38.68,62.184,114.808,315,0.913162012,1876902545,LC4
16.488,58.6,129.696,16.504,58.752,129.688,694,0.991316544,1876902545,LC4
19.224,57.384,127.08,19.192,57.264,126.952,971,0.975793151,1876902545,LC4
24.576,67.248,135.504,24.584,67.376,135.592,816,0.985103214,1876902545,LC4
40.664,67.536,120.88,40.568,67.448,120.8,214,0.616248647,1876902545,LC4
17.624,73.408,139.344,17.632,73.184,139.328,684,0,1876902545,LC4
19.84,67.08,136.952,19.84,67.056,137.072,838,0.076336689,1876902545,LC4
25.256,67.552,135.04,25.032,67.632,135.056,816,0.985103214,1876902545,LC4
12.384,60.848,132.008,12.44,61.048,131.896,700,0.981754784,1876902545,LC4
42.24,74.944,124.424,42.384,75.16,124.296,101,0,1876902545,LC4
14.896,62.056,133.648,14.784,62.064,133.544,701,0,1876902545,LC4
15.16,61.904,123.968,15.352,61.872,123.888,932,0.999565984,1876902545,LC4
15.488,62.728,122.768,15.52,62.864,122.856,3816,0,1876902545,LC4
36.24,66.016,121.136,36.024,66.016,121.088,1,0.977630229,1876898200,LC4(lVLPT8)_R
16.392,60.688,124.784,16.408,60.568,124.688,928,0.999756539,1876898200,LC4(lVLPT8)_R
27.728,63.104,125.448,27.864,63.032,125.632,877,0.980892557,1876898200,LC4(lVLPT8)_R
31.704,64.032,123.496,31.824,63.888,123.376,305,0,1876898200,LC4(lVLPT8)_R
25.832,57.048,118.192,26.04,56.92,118.16,843,0.969568138,1876898200,LC4(lVLPT8)_R
21.232,57.208,122.48,21.424,57.152,122.576,1127,0,1876898200,LC4(lVLPT8)_R
18.16,58.04,125.512,18.2,58.176,125.52,691,0.416248136,1876898200,LC4(lVLPT8)_R
20.984,73.24,121.032,20.744,73.152,120.944,652,0.157243941,1876898200,LC4(lVLPT8)_R
19.88,58.032,123.984,19.68,58.072,123.92,3406,1,1876898200,LC4(lVLPT8)_R
14.36,56.784,123.544,14.376,56.832,123.44,911,0.084509679,1876898200,LC4(lVLPT8)_R
21.096,57.504,121.944,21.232,57.392,121.8,1121,0.959239858,1876898200,LC4(lVLPT8)_R
15.152,56.32,124.952,15.176,56.176,125.04,920,0,1876898200,LC4(lVLPT8)_R
15.296,56.36,123.792,15.296,56.176,123.808,910,0.999939173,1876898200,LC4(lVLPT8)_R
14,70.72,133.68,14.168,70.752,133.608,660,0.997646609,1876898200,LC4(lVLPT8)_R
40.048,70.248,118.736,40.12,70.32,118.56,239,0,1876898200,LC4(lVLPT8)_R
20.488,58.12,123.248,20.464,58.264,123.048,3283,0,1876898200,LC4(lVLPT8)_R
28.04,63.32,125.568,27.872,63.08,125.648,877,0.980892557,1876898200,LC4(lVLPT8)_R
28.144,63.032,125.584,27.992,62.896,125.688,877,0.980892557,1876898200,LC4(lVLPT8)_R
16.408,59.296,124.992,16.512,59.2,124.776,1698,0.985826536,1876898200,LC4(lVLPT8)_R
39.368,68.656,120.4,39.512,68.576,120.448,236,0,1876898200,LC4(lVLPT8)_R
20.648,73.104,121.32,20.712,72.984,121.352,652,0.157243941,1876898200,LC4(lVLPT8)_R
35.8,63.4,117.272,35.944,63.304,117.136,204,0,1876894387,LC4
39.824,72.264,125.256,39.92,72.208,125.336,97,0.978957426,1876894387,LC4
6.096,64.544,128.904,6.2,64.56,128.856,761,0.978532908,1876894387,LC4
33.768,60.76,117.112,33.96,60.72,117.104,201,0.999337958,1876894387,LC4
19.68,57.608,123.736,19.6,57.648,123.936,3406,1,1876894387,LC4
40.168,72.632,125.496,40.048,72.496,125.568,97,0.978957426,1876894387,LC4
22.304,55.608,123.504,22.304,55.424,123.288,3434,0,1876894387,LC4
26.696,63.032,129.032,26.864,62.944,129.056,874,0.943094006,1876894387,LC4
17.024,66.264,134.376,17.112,66.424,134.368,829,0.111818959,1876894387,LC4
26.664,62.984,128.624,26.736,62.96,128.512,873,0.963215641,1876894387,LC4
42.568,59.08,115.496,42.512,59.08,115.576,328,0.997850446,1876566373,NA
39.808,68.328,120.76,39.728,68.28,120.664,236,0,1876565477,PVLP142_R
32.344,70.728,125.48,32.44,70.672,125.576,167,0.979571053,1876565477,PVLP142_R
44.984,66.936,115.36,45.072,66.768,115.32,3352,1,1876565477,PVLP142_R
40.208,69.248,120.96,40.256,69.448,120.768,238,0.076251582,1876565477,PVLP142_R
40.112,70.128,120.28,40.16,70.024,120.16,237,0.958221495,1876565477,PVLP142_R
41.424,59.728,117.2,41.4,59.56,117.288,329,0,1876561473,NA
19.888,58.744,113.656,20.008,58.704,113.776,387,0.967151821,1876535539,NA
15.304,56.984,113.728,15.192,57.024,113.776,958,0,1876531198,NA
13.248,59.088,113.552,13.312,59.128,113.424,952,0.941258267,1876526852,NA
19.064,66.44,134.336,18.84,66.512,134.456,830,0,1876471221,LC4
2.656,71.344,126.456,2.552,71.192,126.424,770,0,1876471221,LC4
22.176,63.088,123.888,22.128,63.104,124.032,1093,0.265406958,1876471221,LC4
22.056,63.672,123.488,21.992,63.64,123.608,1089,0.952106093,1876471221,LC4
42.056,68.136,121.264,42.112,68.184,121.144,233,0,1876471221,LC4
28.672,35.184,103.064,28.584,34.984,103.008,1494,0.995171234,1876466986,LC22_R
40.216,55.168,115.952,40.064,55.256,115.752,342,0,1876221478,NA
14.992,55.728,115.792,14.936,55.856,115.784,955,0.995886711,1876190593,NA
33.776,54.832,115.424,33.872,54.832,115.512,1376,0,1875867036,NA
33.16,55.016,115.808,33.184,54.896,115.88,1377,0.952989899,1875866639,NA
21.904,52.216,116.088,21.864,52.2,116.408,1223,0.990797483,1875858132,NA
28.496,31.816,107.504,28.496,32.08,107.64,1536,0.987799634,1875181194,WED069_R
59.208,49.96,92.032,59.352,50,92.112,259,0.984617183,1874615577,PS094_R
54.88,51.848,90.088,54.896,51.992,90.16,367,0,1874615577,PS094_R
58.088,50.504,92.832,58.016,50.488,92.656,257,0.909834416,1874615577,PS094_R
62.016,51.64,92.552,62.064,51.544,92.512,353,0.956398168,1874615577,PS094_R
59.176,50.048,93.072,59.056,49.904,93.208,351,0.996195658,1874615577,PS094_R
47.52,53.824,89.84,47.608,53.944,89.84,495,0.42489671,1874615577,PS094_R
40.328,73.248,126.544,40.448,73.12,126.432,99,0,1874035952,LC4
20.144,64.312,130.288,20.032,64.168,130.264,797,0.999980387,1874035952,LC4
42.024,67.928,120.696,42.048,68,120.984,233,0,1874035952,LC4
34.352,71.064,125.688,34.552,70.976,125.6,168,0.073799006,1874035952,LC4
12.184,65.272,130.28,12.312,65.304,130.12,3818,0,1874035952,LC4
35.264,61.232,120.224,35.12,61.224,120.264,280,0.988421938,1874035952,LC4
22,57.576,119.376,21.96,57.648,119.232,3379,1,1874035952,LC4
20.152,65.6,129.224,20.192,65.512,129.048,797,0.999980387,1874035952,LC4
32.904,73.976,132.024,32.968,74.168,131.912,180,0.983560337,1874035952,LC4
32.888,70.36,125.16,32.888,70.592,125.328,167,0.979571053,1874035952,LC4
20.616,66.016,129.144,20.448,65.992,128.984,797,0.999980387,1874035952,LC4
39.544,73.872,125.056,39.4,73.96,125.136,14,0,1874035952,LC4
4.744,66.8,129.672,4.816,66.984,129.6,764,0.99830094,1874035952,LC4
149.536,9.44,115.72,149.448,9.44,115.568,3808,0.991320243,1871921253,NA
37.016,93.488,132.384,36.952,93.584,132.352,124,0.140753064,1849921277,NA
36.968,94.168,132.128,36.968,93.88,132.28,124,0.210658356,1849921277,NA
38.776,61.464,114.48,38.72,61.384,114.552,313,0.905195701,1845846189,NA
42.64,69.096,121.512,42.568,69.016,121.536,235,0.433230248,1845846189,NA
40.296,71.168,119.392,40.376,71.104,119.456,251,0.173571469,1845846189,NA
39.368,63.32,114.112,39.416,63.04,114.088,319,0,1845846189,NA
39.288,63.024,113.944,39.408,63,114.048,319,0,1845846189,NA
39.712,63.136,113.896,39.592,62.944,113.96,319,0,1845846189,NA
38.64,62.192,114.472,38.68,62.208,114.576,316,0,1845846189,NA
18.688,61.104,109.56,18.832,61.008,109.68,1008,0.986799398,1845841454,NA
11.664,61.624,110.904,11.672,61.312,110.912,1001,0.987456827,1845833118,NA
23.6,60.088,109.608,23.68,59.92,109.504,1164,0.985589048,1845504801,NA
17.104,60.344,112.256,16.896,60.416,112.216,3267,0.96097416,1845496696,NA
28.08,34.872,101.592,28.344,34.832,101.52,1454,0,1845431908,LC22_R
24.256,45.992,97.76,24.32,46.192,97.952,2528,0.454138208,1845431908,LC22_R
42.792,42.408,103.976,42.928,42.424,103.84,2471,0.934078548,1845431908,LC22_R
46.752,36.608,110,46.6,36.824,110.192,1912,0.978585625,1845431908,LC22_R
37.344,28.128,105.16,37.304,28.168,105.032,2229,0,1845431908,LC22_R
34.896,37.192,105.84,35.008,37.248,106.048,3838,0,1845431840,LC22_R
24.432,44.256,106.288,24.488,44.288,106.168,2555,0.999754139,1845431840,LC22_R
43.376,35.96,108,43.264,35.888,107.856,1904,0.759821745,1845431840,LC22_R
40.616,30.976,105.768,40.6,30.944,105.64,2222,0,1845431840,LC22_R
44.256,36.168,107.992,44.192,36.08,107.672,1906,0.999894658,1845431840,LC22_R
24.576,44.176,106.616,24.712,44.048,106.392,2555,0.999754139,1845431840,LC22_R
38.24,39.112,100.792,38.152,39.088,100.904,1709,0.990444639,1845431840,LC22_R
37.688,39.216,100.328,37.592,39.328,100.216,2379,0.266074189,1845431840,LC22_R
46.552,26.344,102.04,46.744,26.488,102.08,1753,0.998317466,1845431840,LC22_R
38.504,38.896,100.744,38.624,38.864,100.904,1708,0,1845431840,LC22_R
33.152,33.024,102.232,33.304,33.104,102.128,1940,0.991214069,1845431840,LC22_R
41.976,30.6,104.064,41.968,30.672,104.344,1842,0.983231582,1845431840,LC22_R
32.792,31.656,100.952,32.792,31.664,100.84,1944,0.97932319,1845431840,LC22_R
42.232,28.688,107.064,42.112,28.744,106.968,2225,0.196912701,1845431840,LC22_R
42.272,30.64,104.296,42.12,30.624,104.4,1842,0.983231582,1845431840,LC22_R
42.464,30.704,104.264,42.144,30.616,104.416,1842,0.983231582,1845431840,LC22_R
40.104,31.136,105.584,40.152,31.208,105.456,2222,0,1845431840,LC22_R
25.96,43.816,106.648,25.936,43.608,106.792,2556,0.962665723,1845431840,LC22_R
37.72,39.064,99.92,37.56,39.208,99.976,2379,0.311548068,1845431840,LC22_R
39.344,54.472,111.424,39.344,54.48,111.296,375,0.996759552,1845186538,NA
31.112,55.184,109.584,31.064,55.096,109.504,3371,1,1845172429,NA
23.856,55.912,111.488,23.856,55.96,111.368,1171,0,1845164148,NA
42.8,52.664,101.04,42.832,52.648,100.912,3305,1,1845117373,LPLC1_R
44.144,55.304,101.2,44.32,55.456,101.232,1413,0.895581592,1845117373,LPLC1_R
24.384,60,99.68,24.488,59.832,99.808,2962,0.998981384,1845117373,LPLC1_R
29.76,53.32,108.304,29.912,53.504,108.288,3057,0.978626504,1845117373,LPLC1_R
23.36,57.56,110.888,23.288,57.784,111.032,1167,0,1845117373,LPLC1_R
23.304,57.488,111.072,23.232,57.592,111.176,1157,0.984666636,1845117373,LPLC1_R
32.016,60.368,99.712,32.112,60.312,99.96,2877,0.99932825,1845117373,LPLC1_R
15.144,58.4,112.976,15.256,58.288,112.944,949,0.983822265,1845117373,LPLC1_R
30.648,56.136,103.088,30.664,56.032,102.976,3697,0,1845117373,LPLC1_R
26.192,59.952,98.856,26.2,59.768,98.92,3848,0.969112223,1845117373,LPLC1_R
32.912,58.336,100.184,32.912,58.336,100.048,3843,0,1845117373,LPLC1_R
23.848,56.592,96.512,23.848,56.592,96.664,3147,0.977999749,1845117373,LPLC1_R
30.32,56.248,102.44,30.488,56.248,102.376,3842,0,1845117373,LPLC1_R
40.152,53.8,101.208,40.032,53.744,101.056,3306,1,1845117373,LPLC1_R
13.616,58.984,108.976,13.856,58.928,108.992,626,0,1845117373,LPLC1_R
15.056,57.512,113.832,15.12,57.424,113.728,949,0.983822265,1845117373,LPLC1_R
23.104,57.248,111.28,23.336,57.184,111.248,1156,0.979335767,1845117373,LPLC1_R
13.8,58.792,109.12,13.872,58.84,108.976,626,0,1845117373,LPLC1_R
14.888,58.88,110.496,15.04,58.88,110.456,392,0.983382618,1845117373,LPLC1_R
15.04,58.528,112.496,15.144,58.6,112.592,948,0.982124447,1845117373,LPLC1_R
32.296,60.64,99.832,32.264,60.6,99.96,2877,0.99932825,1845117373,LPLC1_R
14.928,58.56,113.112,14.864,58.68,113.088,951,0,1845117373,LPLC1_R
24.616,55.152,95.512,24.856,55.032,95.6,3136,0,1845117373,LPLC1_R
24.72,55.32,95.52,24.752,55.288,95.432,3136,0.201322404,1845117373,LPLC1_R
25.136,55.448,95.872,25.192,55.336,95.784,3136,0,1845117373,LPLC1_R
44.568,55.832,101.032,44.376,55.84,101.152,1416,0.589619012,1845117373,LPLC1_R
30.296,53.712,108.104,30.264,53.68,108.24,381,0,1845117373,LPLC1_R
9.056,58.792,105.48,9.04,58.664,105.584,3814,0.183892961,1845117373,LPLC1_R
15.28,61.376,124.984,15.392,61.36,125.008,3427,1,1845078711,LC4
36.296,62.368,122.64,36.288,62.168,122.64,293,0.561564657,1845078711,LC4
20.768,63.712,131.016,20.64,63.704,130.848,802,0.896883089,1845078711,LC4
2.608,71.224,125.696,2.512,71,125.704,770,0,1845078711,LC4
14.944,60.84,130.56,14.896,60.968,130.64,697,0.998094809,1845078711,LC4
9.08,63.08,130.432,9.008,63.08,130.28,777,0.999712874,1845078711,LC4
10.136,61.76,130.464,10.032,61.72,130.432,757,0,1845078711,LC4
25.272,67.544,134.816,25.12,67.648,134.664,816,0.985103214,1845078711,LC4
10.976,61.84,131.192,10.952,61.8,131.264,754,0,1845078711,LC4
17.632,72.92,139.56,17.6,72.984,139.448,684,0,1845078711,LC4
27.752,58.576,123.552,27.84,58.488,123.464,867,0.999548774,1845078711,LC4
36.6,62.48,122.864,36.552,62.296,122.952,293,0.999498919,1845078711,LC4
26.992,58.448,123.304,26.976,58.336,123.144,867,0.999548774,1845078711,LC4
40.144,53.952,110.048,40.224,54.16,110.24,380,0,1844844360,NA
37.952,55.2,110.088,37.864,55.392,110.168,426,0.980486656,1844844360,NA
28.96,53.064,112.44,28.776,53.088,112.52,382,0.998851107,1844832407,NA
29.856,52.944,110.24,29.8,53.056,110.344,3372,1,1844831554,NA
30.648,47.544,112.768,30.552,47.464,112.76,1247,0.999899684,1844491260,NA
42.336,82.456,124.056,42.272,82.4,124.168,18,0.991055168,1844223096,NA
29.168,44.208,111.592,29.192,44.36,111.568,1360,0.992801379,1844150078,NA
31.344,40.52,109.624,31.288,40.672,109.632,2721,0.992846121,1843808183,NA
23.6,57.656,112.352,23.424,57.592,112.376,1156,0.979335767,1843744231,LPLC1_R
31.168,51.272,97.84,31.136,51.272,97.92,2103,0.970969744,1843744231,LPLC1_R
37.576,56.552,101.864,37.616,56.576,101.752,3240,0.987715739,1843744231,LPLC1_R
25.768,54.608,95.376,25.616,54.616,95.376,3220,0,1843744231,LPLC1_R
42.088,58.848,95.472,42.064,58.952,95.456,2170,0,1843744231,LPLC1_R
22.784,58.272,111.168,22.872,58.32,111.072,1168,0.458606266,1843744231,LPLC1_R
25.52,56.656,98.36,25.416,56.544,98.368,3847,0.475736041,1843744231,LPLC1_R
32.256,53.44,106,32.32,53.576,106.072,3114,0.992909419,1843744231,LPLC1_R
48.072,52.984,93.608,48.232,52.952,93.664,198,0.999630607,1843744231,LPLC1_R
36.184,54.152,99.184,36.416,54.12,99.12,3237,0,1843744231,LPLC1_R
19.256,65.488,107.072,19.376,65.552,107.168,1031,0.901311037,1843744231,LPLC1_R
47.864,53.328,94.184,47.776,53.424,94.008,198,0.999630607,1843744231,LPLC1_R
47.416,52.912,94,47.552,52.704,93.92,198,0.999630607,1843744231,LPLC1_R
27.84,56.488,94.96,27.88,56.504,95.232,3219,0.872768182,1843744231,LPLC1_R
37.048,57.272,92.384,36.848,57.344,92.416,2909,0.91657217,1843744231,LPLC1_R
32.496,53.168,108.128,32.456,52.872,108.16,3370,1,1843744231,LPLC1_R
35.024,55.864,92.24,34.976,55.8,92.328,2928,0.995579618,1843744231,LPLC1_R
46.616,54.824,97.472,46.616,54.744,97.624,581,0.066194281,1843744231,LPLC1_R
33.448,53.864,107.848,33.456,54.008,107.848,3309,1,1843744231,LPLC1_R
33.72,53.704,108.208,33.648,53.72,108.32,3370,1,1843744231,LPLC1_R
25.912,57.272,99.552,26.032,57.336,99.424,3847,0.437109087,1843744231,LPLC1_R
34.432,55.4,92.008,34.456,55.4,92.144,2928,0.995579618,1843744231,LPLC1_R
6.784,68.136,104.256,6.824,68.12,104.408,603,0,1843744231,LPLC1_R
19.008,64.736,106.504,19.12,64.672,106.592,1016,0.997719259,1843744231,LPLC1_R
43.32,57.304,94.568,43.176,57.224,94.608,2165,0.987998163,1843744231,LPLC1_R
25.84,57.936,102.424,25.84,57.936,102.264,2995,0,1843744231,LPLC1_R
37.368,57.528,101.896,37.472,57.608,101.912,3243,0,1843744231,LPLC1_R
52.432,33.288,111.496,52.448,33.288,111.688,1827,0,1843152775,NA
49.808,33.696,110.088,49.832,33.64,110.176,1828,0,1843152305,NA
53.384,32.016,112.168,53.44,32.248,112.168,1820,0.990577644,1842815728,NA
54.36,32.64,112.088,54.4,32.536,112.208,1820,0.990577644,1842815508,NA
52.504,31.6,110.496,52.328,31.432,110.48,1822,0.975453174,1842815346,NA
52.496,30.936,110.056,52.56,31.136,110.28,1822,0.975453174,1842811067,NA
53.216,27.888,109.72,53.024,27.872,109.608,1810,0.307949086,1842474240,NA
19.624,28.36,110.624,19.672,28.32,110.512,1528,0.956777622,1842431266,NA
23.968,27.232,111.816,23.968,26.992,111.912,1567,0.976817187,1842090637,LLPC1
34.84,43.52,118.04,34.768,43.352,118.12,1260,0.983841373,1841063105,LLPC1
33.416,41.984,117.856,33.408,42.024,117.96,1262,0.982815329,1841063105,LLPC1
33.576,41.384,118,33.552,41.472,118.08,1264,0.962247575,1841063105,LLPC1
23.8,26.976,111.952,23.912,26.928,111.92,1567,0.976817187,1841063105,LLPC1
43.44,76.832,123.824,43.304,76.984,123.84,3324,0,1840636280,LC4
42.528,77.728,123.336,42.736,77.784,123.44,41,0.771289438,1840636280,LC4
42.896,77.48,123.064,43.048,77.504,123.12,41,0.388669472,1840636280,LC4
24.8,70.12,125.08,24.832,69.88,125.12,863,0.999156771,1840636280,LC4
24.448,70.848,127.624,24.368,70.664,127.616,856,0,1840636280,LC4
48.424,73.56,125.36,48.608,73.56,125.352,3790,0,1840636280,LC4
26.504,60.12,116.792,26.584,60.096,116.712,896,0.998482852,1840636280,LC4
24.552,63.664,118.64,24.408,63.632,118.624,461,0.991641054,1840636280,LC4
24.392,63.808,118.904,24.344,63.792,118.776,461,0.991641054,1840636280,LC4
38.6,57.936,117.408,38.728,57.704,117.344,400,0.831400536,1840636280,LC4
21.896,30.584,110.632,21.864,30.344,110.576,1523,0.980917844,1840372147,LLPC3
37.592,76.056,127.072,37.632,76.216,126.928,130,0,1839288696,LC4
10.664,68.608,131.408,10.376,68.288,131.544,1107,0,1839288696,LC4
22.432,69.224,126.904,22.384,69.096,126.744,849,0.973740523,1839288696,LC4
40.648,73.184,119.592,40.728,73.008,119.52,254,0.297133754,1839288696,LC4
19.352,69.152,127.048,19.12,69.376,127.024,3389,0,1839288696,LC4
37.272,76.6,126.12,37.272,76.608,126.36,129,0.993567694,1839288696,LC4
40.424,72.696,119.248,40.616,72.648,119.336,252,0.996879272,1839288696,LC4
11.752,68.704,130.44,11.624,68.672,130.336,3819,0.967342272,1839288696,LC4
11.208,68.672,130.624,11.376,68.84,130.6,3819,0.967342272,1839288696,LC4
45.808,74.088,124.256,45.64,74.36,124.232,76,0.999649984,1839288696,LC4
41.672,73.744,119.56,41.832,73.688,119.624,265,0,1839288696,LC4
42.264,74.176,119.864,42.336,74.08,119.896,265,0,1839288696,LC4
4.632,67.272,129.976,4.592,67.432,129.848,764,0.99830094,1839288696,LC4
22,69.12,127.376,21.856,68.848,127.288,1230,0,1839288696,LC4
17.32,69.072,128.384,17.256,69.216,128.248,654,0,1839288696,LC4
40.528,79.152,125.368,40.672,79,125.368,16,0.880673282,1839288696,LC4
39.408,81.008,127.432,39.376,80.872,127.344,113,0,1838257401,LC4
38.344,82.128,130.496,38.496,82.216,130.464,3330,0,1838257401,LC4
25.424,57.632,115.04,25.408,57.592,115.2,3376,1,1838257401,LC4
38.968,83.256,130.464,38.928,83.088,130.352,114,0,1838257401,LC4
24.584,60.368,115.272,24.664,60.424,115.368,895,0.985182443,1838257401,LC4
24.208,60.528,115.56,24.216,60.776,115.384,383,0.999465517,1838257401,LC4
38.776,83.128,131.672,38.8,82.944,131.6,115,0.993664026,1838257401,LC4
16.96,73.152,132.728,17.2,73.128,132.808,670,0,1838257401,LC4
2.792,68.536,129.12,2.944,68.744,129.128,767,0.979232045,1838257401,LC4
41.832,82.168,124.112,41.936,82.28,124.184,18,0.991055168,1838257401,LC4
21.304,62.296,118.24,21.376,62.368,118.368,893,0.988852641,1838257401,LC4
25.84,58.192,116.32,25.8,58.2,116.496,894,0.967121456,1838257401,LC4
28.088,57.136,115.168,27.92,57.216,115.232,3374,1,1838257401,LC4
16.648,72.096,132.24,16.64,71.92,132.256,658,0.96953176,1838257401,LC4
28.016,57.2,115.472,27.912,57.264,115.264,3374,1,1838257401,LC4
24.32,58.496,115.616,24.408,58.48,115.528,3377,1,1838257401,LC4
24.904,58.704,115.536,24.712,58.648,115.496,3377,1,1838257401,LC4
8.464,68.272,105.768,8.4,68.336,105.688,604,0,1815475608,NA
17.672,64.152,107.584,17.584,64.024,107.576,1030,0,1815148154,NA
14.72,69.096,126.184,14.872,69.008,126.16,1112,0.599041006,1815126312,LPLC2_R
14.688,69.2,126.592,14.76,69.064,126.672,1058,0.92598549,1815126312,LPLC2_R
19.24,72.96,135.24,19.408,72.84,135.32,667,0.410280518,1815070402,LC4
19.68,72.808,134.648,19.432,72.888,134.624,668,0.075396663,1815070402,LC4
19.928,63.712,130.824,20.152,63.728,130.736,802,0.896883089,1815070402,LC4
19.992,73.304,134.336,19.824,73.256,134.52,668,0.075396663,1815070402,LC4
39.896,70.432,118.496,40.112,70.336,118.536,239,0,1815070402,LC4
45.504,73.592,117.264,45.424,73.528,117.44,272,0.437902384,1815070402,LC4
20.392,63.96,131.184,20.352,63.72,131.08,802,0.896883089,1815070402,LC4
9.576,61.176,129.248,9.784,61.32,129.232,758,0.999620179,1815070402,LC4
36.072,59.744,116.224,36.016,59.648,116.048,309,0.973145428,1815070402,LC4
19.36,58.608,125.928,19.232,58.408,125.88,691,0.416248136,1815070402,LC4
10.056,60.976,128.584,9.992,60.968,128.48,758,0.999620179,1815070402,LC4
9.8,60.92,108.96,9.808,61.008,108.752,598,0.99890695,1814794275,NA
41.176,30.008,105.752,41.216,30.136,105.776,3835,0,1814733827,LC22
41.616,29.024,106.552,41.656,29.128,106.672,2223,0.966446294,1814733827,LC22
36.24,27.272,101.832,36.08,27.264,101.904,2665,0.97006293,1814733827,LC22
53,25.36,106.504,52.856,25.408,106.408,1804,0,1814733827,LC22
24.296,43.32,103.68,24.12,43.224,103.544,2541,0.294451645,1814733827,LC22
53.32,24.952,106.248,53.24,25.272,106.184,1804,0,1814733827,LC22
44.24,28.328,105.216,44.36,28.376,105.304,1852,0,1814733827,LC22
43.56,28.496,105.008,43.536,28.728,105.024,1845,0.99528311,1814733827,LC22
40.4,30.68,105.52,40.464,30.832,105.536,2222,0,1814733827,LC22
24.128,44.416,104.544,23.784,44.384,104.384,2543,0.998530205,1814733827,LC22
23.176,44.488,103.624,23.272,44.6,103.624,2542,0,1814733827,LC22
42.176,28.584,106.56,42.24,28.616,106.744,2224,0.973525657,1814733827,LC22
30.032,57.776,107.944,29.928,57.784,108.04,3078,0,1814478898,NA
33.736,53.912,108.6,33.704,53.84,108.496,3370,1,1814142392,NA
33.256,54.128,108.08,33.408,54.096,108.072,3370,1,1814142268,NA
31.36,56.08,109.4,31.2,56.08,109.456,3067,0.998273458,1814137961,NA
23.784,55.64,105.76,23.616,55.648,105.872,3002,0,1814128693,NA
21.48,73.168,123.088,21.504,73.28,123.008,651,0.966038626,1813840510,NA
19.184,65.736,124.336,19.2,65.76,124.464,641,0.993498912,1813840510,NA
38.128,65.92,120.584,38.064,65.88,120.672,207,0.998249378,1813840510,NA
37.768,66.88,120.352,37.832,67.016,120.328,209,0.290197977,1813840510,NA
21.608,73.344,122.048,21.416,73.24,121.832,653,0.123374136,1813840510,NA
33.608,70.472,125.24,33.56,70.608,125.32,167,0.979571053,1813840510,NA
35.952,67.4,122.88,36.056,67.272,123.016,4,0.999577634,1813840510,NA
35.32,67.464,122.92,35.248,67.32,122.944,4,0.999577634,1813840510,NA
36.312,62.048,121.656,36.208,62.08,121.728,289,0.999532749,1813840510,NA
16.648,71.736,132.76,16.616,71.8,132.512,658,0.96953176,1813840510,NA
32.408,70.432,125.808,32.424,70.536,125.704,167,0.979571053,1813840510,NA
41.616,66.216,118.928,41.704,66.496,119.056,216,0.984456338,1813840510,NA
36.424,68.408,122.952,36.4,68.464,122.832,5,0.998325091,1813840510,NA
35.096,68.176,122.648,35.048,68.136,122.536,4,0.999577634,1813840510,NA
33.928,70.152,125.944,34.048,70.304,125.864,170,0,1813840510,NA
36.616,62.088,120.576,36.616,62.24,120.56,409,0,1813840510,NA
15.304,70.016,135.296,15.304,70.12,135.08,1066,0.990634718,1813840510,NA
37.408,51.696,106.632,37.408,51.576,106.568,3307,1,1813805096,NA
30.752,46.936,111.768,30.712,47.136,111.904,3470,1,1813732543,LPLC4_R
30.248,46.808,112.432,30.376,47.024,112.416,1247,0.999899684,1813732543,LPLC4_R
51.192,47.408,96.072,51.168,47.576,96.12,548,0.979400135,1813732543,LPLC4_R
24.696,44.944,93.424,24.536,44.984,93.4,2266,0.942445101,1813732543,LPLC4_R
34.136,46.56,95.896,33.888,46.72,95.864,3571,0,1813732543,LPLC4_R
30.552,46.832,112.12,30.552,46.832,112.288,1251,0.82818595,1813732543,LPLC4_R
36.6,46.96,94.312,36.76,47.152,94.28,1937,0,1813732543,LPLC4_R
24.72,45.736,94.152,24.552,45.72,94.136,2266,0.942445101,1813732543,LPLC4_R
31.856,45.824,108.96,31.912,45.704,108.984,1243,0.969651177,1813732543,LPLC4_R
48.072,46.256,92.752,48.072,46.056,92.792,533,0.565880208,1813732543,LPLC4_R
39.536,47.104,92.696,39.504,47.16,92.8,2057,0.990616248,1813732543,LPLC4_R
47.896,46.064,92.464,48.064,46.032,92.44,536,0,1813732543,LPLC4_R
51.68,46.808,96.112,51.864,46.904,96.224,552,0,1813732543,LPLC4_R
29.896,47.28,111.28,29.936,47.424,111.32,1249,0.991810127,1813732543,LPLC4_R
48.816,46.864,92.88,48.736,46.8,93.048,198,0.999630607,1813732543,LPLC4_R
41.224,46.632,106.68,41.096,46.656,106.608,2462,0.999988258,1813732543,LPLC4_R
31.44,45.656,111.144,31.664,45.4,111.16,1252,0.977770217,1813732543,LPLC4_R
24.28,44.792,90.504,24.392,44.688,90.432,2296,0,1813732543,LPLC4_R
36.432,46.608,93.56,36.536,46.656,93.376,1927,0.999746456,1813732543,LPLC4_R
24.64,44.928,94.368,24.528,44.976,94.32,2265,0.953112202,1813732543,LPLC4_R
24.176,44.832,96.648,24.432,44.776,96.68,2500,0,1813732543,LPLC4_R
24.056,43.416,96.064,24.008,43.36,96.176,2502,0.98948435,1813732543,LPLC4_R
48.88,33.312,109.912,48.984,33.528,110.016,1814,0.927552528,1813727811,LC22_R
41.728,36.056,107.832,41.696,36.304,107.872,1876,0.841015391,1813727811,LC22_R
49.824,33.264,110.248,49.808,33.512,110.168,1828,0,1813727811,LC22_R
26.176,42.824,106.832,26.24,43.016,106.8,2556,0.962665723,1813727811,LC22_R
43.04,30.344,105.136,43.024,30.168,105.128,1860,0.186379545,1813727811,LC22_R
40.496,37.392,103.024,40.608,37.376,103.12,1702,0.992195347,1813727811,LC22_R
36.2,28.264,101.44,36.064,28.336,101.568,2666,0,1813727811,LC22_R
48.528,26.808,101.288,48.576,26.704,101.192,1755,0.09353583,1813727811,LC22_R
23.872,43.536,105.912,24.136,43.376,105.984,2547,0.964771885,1813727811,LC22_R
42.384,30.728,104.68,42.216,30.656,104.576,1842,0.983231582,1813727811,LC22_R
48.32,26.896,102.04,48.288,26.704,102.104,1753,0.998317466,1813727811,LC22_R
52.768,27.328,109.488,52.928,27.568,109.456,1810,0.493180272,1813727811,LC22_R
36.816,36.088,106.92,36.888,36.176,106.808,2482,0,1813727811,LC22_R
42.92,35.568,108.144,43.12,35.672,107.96,1907,0,1813727811,LC22_R
37.152,35.896,106.984,37.224,35.888,106.848,2482,0,1813727811,LC22_R
20.68,70.824,124.848,20.464,70.872,124.848,650,0.994438942,1813529619,NA
30.312,64.76,122.792,30.296,64.672,122.864,306,0.086638614,1813529619,NA
37.008,69.472,126.208,37.096,69.552,126,11,0.966735032,1813529619,NA
12.096,63.792,127.424,12.024,63.72,127.352,1153,0.951566008,1813529619,NA
29.576,64.92,123.336,29.792,65.104,123.392,306,0.086638614,1813529619,NA
15.104,64.32,123.328,15.056,64.424,123.176,942,0,1813529619,NA
15.368,70,127.024,15.48,69.848,127.064,1059,0.286888639,1813529619,NA
34.808,70.864,126.328,34.648,70.768,126.272,171,0.991230516,1813529619,NA
34.552,71.032,125.464,34.592,70.992,125.552,168,0.073799006,1813529619,NA
15.584,70.168,127.2,15.712,70.04,127.168,1059,0.286888639,1813529619,NA
20.32,70.464,125.688,20.176,70.552,125.672,649,0.990175421,1813529619,NA
29.632,65.44,123.464,29.72,65.4,123.536,306,0.086638614,1813529619,NA
14.192,70.016,127.344,14.168,69.84,127.336,1061,0.99590176,1813529619,NA
17.128,65.096,137.6,17.152,65.184,137.656,3410,0,1813481611,NA
16.848,65.016,137.72,16.824,65.096,137.776,709,0.977904981,1813481611,NA
25.736,49.568,107.056,25.784,49.44,106.944,2568,0.993165294,1813481611,NA
26.824,51.136,114.168,26.904,51.24,113.984,1362,0.98447512,1813481611,NA
37.784,58.208,115.448,37.68,58.12,115.496,321,0.335295617,1813481611,NA
31.944,53.616,93.072,31.992,53.52,93.192,2911,0,1813481611,NA
41.328,59.08,115.016,41.4,59.096,115.12,327,0.971588577,1813481611,NA
26.464,48.656,108.696,26.392,48.512,108.64,2568,0.993165294,1813481611,NA
40.624,58.576,115.32,40.888,58.44,115.288,326,0.991813517,1813481611,NA
33.224,54.92,116.76,33.256,54.736,116.72,1378,0.936969524,1813481611,NA
30.104,54.568,115.888,30,54.672,115.84,1182,0,1813481611,NA
29.816,54.44,115.84,29.832,54.56,115.888,1182,0,1813481611,NA
37.72,58.328,115.576,37.68,58.16,115.608,321,0.183131426,1813481611,NA
42.128,67.576,128.264,42.16,67.56,128.352,3338,1,1813481611,NA
26.736,51.544,114.768,26.84,51.264,114.656,1363,0.890539454,1813481611,NA
50.624,47.928,103.48,50.464,47.896,103.392,1687,0.096815961,1813481611,NA
26.28,48.824,107.784,26.136,48.744,107.744,2568,0.993165294,1813481611,NA
25.488,50.048,107.216,25.336,50.064,107.144,2572,0,1813481611,NA
26.032,48.784,109.08,26.056,48.648,109.08,2568,0.993165294,1813481611,NA
51.064,46.456,103.528,50.864,46.664,103.456,1688,0.290369048,1813481611,NA
50.76,46.592,103.736,50.704,46.664,103.8,1688,0.290369048,1813481611,NA
40.616,58.424,114.28,40.512,58.256,114.272,331,0.984291527,1813481611,NA
51.12,47,104.432,51.2,46.896,104.376,1688,0.364815198,1813481611,NA
33.648,55.536,117.224,33.616,55.704,117.288,415,0.462746248,1813481611,NA
27.024,49.656,104.032,27.24,49.616,103.888,3019,0,1813481611,NA
26.176,49.552,103.864,26.128,49.648,103.824,2565,0,1813481611,NA
19.552,64.136,137.176,19.624,64.064,137.296,841,0.92889287,1813481611,NA
40.688,58.544,114.064,40.552,58.448,114.04,331,0.984291527,1813473103,NA
41.24,59.072,115.272,41.36,59.024,115.184,327,0.971588577,1813473103,NA
42.792,67.072,128.92,42.48,67.112,128.92,84,0.394167624,1813473103,NA
30.872,47.92,113.432,30.8,47.8,113.4,1247,0.999899684,1813455819,NA
28.208,47.496,105.936,28.304,47.704,105.904,2576,0.988427328,1813455519,NA
24.496,54.936,103.936,24.464,54.952,103.816,2992,0.997191165,1813399871,LPLC1_R
18.376,61.704,105.472,18.392,61.872,105.672,1018,0.984743339,1813399871,LPLC1_R
18.04,63.784,104.712,18.096,63.576,104.696,1019,0,1813399871,LPLC1_R
40.824,51.96,95.536,40.752,51.968,95.672,3304,1,1813399871,LPLC1_R
34.048,52.856,104.784,34.016,52.688,104.64,3307,1,1813399871,LPLC1_R
18.36,63.296,104.936,18.392,63.544,104.784,1019,0,1813399871,LPLC1_R
34.224,51.96,104.848,34.12,51.968,104.792,3307,1,1813399871,LPLC1_R
32.936,58.824,94.136,32.92,59.008,94.08,1329,0.328914681,1813399871,LPLC1_R
34.392,58.656,92.64,34.248,58.808,92.672,1326,0,1813399871,LPLC1_R
33.112,59.312,94.392,33.048,59.408,94.28,1329,0.328914681,1813399871,LPLC1_R
44.2,52.664,94.896,44.216,52.584,94.816,3301,1,1813399871,LPLC1_R
35.056,58.912,92.68,35.28,58.696,92.408,1318,0.098855737,1813399871,LPLC1_R
44.376,53.344,93.928,44.248,53.344,93.96,2215,0.252844218,1813399871,LPLC1_R
32.44,57.352,94.528,32.544,57.264,94.632,2920,0.978169089,1813399871,LPLC1_R
35.104,58.528,92.288,35.264,58.592,92.272,1318,0.098855737,1813399871,LPLC1_R
33.808,53.488,106.496,33.872,53.68,106.584,3309,1,1813399871,LPLC1_R
9.064,59.12,106.24,9.096,58.936,106.232,3814,0.183892961,1813399871,LPLC1_R
44.696,53.744,92.592,44.64,53.64,92.592,2211,0.979837329,1813399871,LPLC1_R
44.4,53.472,94.608,44.232,53.536,94.536,3301,1,1813399871,LPLC1_R
35.6,58.88,91.776,35.376,58.656,91.648,1318,0,1813399871,LPLC1_R
44.304,53.832,93.048,44.232,53.824,92.968,2211,0.433263763,1813399871,LPLC1_R
44.28,53.664,94.056,44.208,53.632,94.056,2213,0,1813399871,LPLC1_R
48.544,47.032,99.232,48.624,46.92,99.312,1590,0,1813391435,LPLC4_R
39.544,46.016,105.592,39.512,45.888,105.656,2453,0,1813391435,LPLC4_R
23.48,44.432,94.336,23.408,44.52,94.2,2288,0,1813391435,LPLC4_R
20.888,54.24,82.872,21.024,54.248,82.936,1644,0.973219289,1813391435,LPLC4_R
20.992,53.688,83.512,21.184,53.704,83.448,1647,0.116095642,1813391435,LPLC4_R
47.144,47.064,100.936,46.952,47.104,100.816,2444,0,1813391435,LPLC4_R
20.896,54.656,82.224,21.08,54.712,82.24,1644,0.973219289,1813391435,LPLC4_R
23.952,43.216,96.328,24.064,43.28,96.264,2502,0.98948435,1813391435,LPLC4_R
36.28,48.752,95.712,36.352,48.568,95.68,3705,0,1813391435,LPLC4_R
36.336,48.384,96.248,36.408,48.248,96.24,3202,0.2517929,1813391435,LPLC4_R
52.24,47.008,97.672,52.24,47.008,97.536,551,0.981760089,1813391435,LPLC4_R
20.824,54.768,81.848,21.024,54.776,82,1644,0.973219289,1813391435,LPLC4_R
49.76,46.528,91.608,49.64,46.68,91.584,541,0.158579473,1813391435,LPLC4_R
49.856,46.296,91.432,49.832,46.312,91.28,2086,0.364472692,1813391435,LPLC4_R
48.432,46.568,93.12,48.56,46.456,92.976,533,0.565880208,1813391435,LPLC4_R
33.584,46.632,95.856,33.76,46.72,95.84,3571,0,1813391435,LPLC4_R
34.008,46.856,96.376,33.896,46.696,96.496,3571,0,1813391435,LPLC4_R
48.488,45.952,92.84,48.568,46.176,92.864,533,0.565880208,1813391435,LPLC4_R
32.312,46.824,97.048,32.536,46.832,97.104,3572,1,1813391435,LPLC4_R
48.856,45.536,93.616,48.992,45.56,93.4,535,0.98719056,1813391435,LPLC4_R
40.632,45.752,106.224,40.736,45.704,106.288,2462,0.999988258,1813391435,LPLC4_R
23.168,44.24,93.92,23.072,44.24,94.032,2288,0,1813391435,LPLC4_R
39.8,68.192,124.688,39.768,68.36,124.776,191,0.877783939,1813256823,NA
39.84,68.24,124.376,39.712,68.448,124.456,3341,1,1813256823,NA
41.608,81.672,126.576,41.592,81.672,126.288,34,0.103680582,1813206171,SAD053_R
45.288,44.008,106.312,45.216,43.952,106.384,2099,0.993781626,1813131847,NA
40.752,44.64,106.176,40.816,44.672,106.264,2462,0.999988258,1813127468,NA
34.448,43.696,107.056,34.416,43.92,107.104,2703,0.997697707,1813118706,NA
26.16,43.48,106.984,26.056,43.48,106.864,2556,0.962665723,1813110157,NA
25.2,43.952,106.248,25.232,43.768,106.192,2556,0.962665723,1813109913,NA
20.856,51.712,122.384,20.928,51.816,122.48,1136,0,1813089300,AOTU032_R
23.144,59.072,99.68,23.152,58.904,99.552,2963,0,1813054194,LPLC1
15.088,56.552,114.2,15.128,56.688,114.208,950,0.985035824,1813054194,LPLC1
4.552,59.28,104.512,4.464,59.36,104.424,617,0.999142902,1813054194,LPLC1
14.728,56.4,114.168,14.72,56.544,114.176,950,0.985035824,1813054194,LPLC1
17.536,55.84,114.064,17.592,55.968,114.096,1205,0,1813054194,LPLC1
4.8,58.416,103.984,4.712,58.296,103.96,619,0,1813054194,LPLC1
24.32,59.048,100.056,24.352,59.008,99.936,2965,0.183421522,1813054194,LPLC1
46.216,55.512,98.056,46.192,55.352,97.984,585,0,1813054194,LPLC1
48.288,56.192,94.48,48.12,56.104,94.536,2042,0.904411266,1813054194,LPLC1
43.416,56.216,95.76,43.432,56.24,95.584,2179,0,1813054194,LPLC1
34.184,56.256,94.544,34.4,56.352,94.472,2921,0,1813054194,LPLC1
23.672,59.288,99.584,23.832,59.168,99.624,2962,0.998981384,1813054194,LPLC1
37.584,55.08,101.144,37.472,55.176,101.104,3245,0.979922893,1813054194,LPLC1
35.816,54.688,105.808,35.72,54.888,105.896,3184,0,1813054194,LPLC1
3.32,63.768,106.224,3.248,63.696,106.04,612,0.989988795,1813054194,LPLC1
25.488,58.056,98.008,25.368,58.136,97.976,3848,0.309440741,1813054194,LPLC1
34.936,55.008,93.952,35.016,54.984,93.864,2890,0.995756481,1813054194,LPLC1
34.936,55.416,94.008,35.168,55.472,94.008,2892,0.998683906,1813054194,LPLC1
31.104,55.544,109.328,31.136,55.432,109.24,3371,1,1813054194,LPLC1
27.736,57.176,108.536,27.776,57.296,108.504,3072,0.949638474,1813054194,LPLC1
29.016,56.928,108.904,29.024,56.968,108.8,3072,0.949638474,1813054194,LPLC1
27.6,57.16,108.248,27.608,57.344,108.336,3080,0,1813054194,LPLC1
26.136,56.416,108.584,26.032,56.488,108.784,2351,0.999459418,1813054194,LPLC1
37.896,54.192,102.64,37.896,54.192,102.72,3099,0.997064489,1813054194,LPLC1
34.232,56.664,94.992,34.248,56.984,95,2916,0.975155298,1813054194,LPLC1
30.784,55.92,103.192,30.664,55.896,103.168,3697,0,1813054194,LPLC1
22.84,59.232,98.984,22.84,59.128,98.912,2959,0.99765399,1813054194,LPLC1
47.816,56.592,95.16,47.816,56.504,95.264,3758,1,1813054194,LPLC1
26.512,43.184,106.928,26.344,43.224,107.008,2556,0.962665723,1812769014,NA
23.552,42.504,106.16,23.504,42.688,106.16,2548,0.999907034,1812764645,NA
36.592,36.552,106.496,36.496,36.456,106.584,2482,0,1812441026,NA
27.424,29.448,116.28,27.56,29.376,116.136,1546,0.030193354,1812419638,LLPC1
48.608,32.76,105.888,48.592,32.632,105.84,1791,0.990977465,1812112589,NA
22.984,34.584,109.816,22.944,34.496,109.704,3823,0,1812078303,LLPC1
50.032,30.552,106.512,49.896,30.48,106.376,1793,0.98288963,1811776213,NA
49.904,30.192,106.44,49.872,30.216,106.336,1793,0.98288963,1811776213,NA
50.72,29.104,106.312,50.672,29,106.248,1798,0.451398373,1811776100,NA
48.872,32.28,105.664,48.864,32.272,105.768,1791,0.990977465,1811771611,NA
24.056,31.08,106.184,24.056,31.024,106.344,1496,0.985549951,1811741602,NA
21.504,31.608,109.024,21.608,31.68,109.016,1532,0,1811737795,LLPC1
22.808,32.896,109.168,22.728,33,109.12,1519,0.934604875,1811737700,LLPC3
22.672,32.944,109.312,22.784,33.112,109.2,1519,0.934604875,1811737700,LLPC3
22.336,32.72,108.824,22.464,32.576,108.816,1518,0.986809732,1811737700,LLPC3
22.088,28.952,111.6,22.072,28.992,111.664,1526,0.999722869,1811737700,LLPC3
21.792,32.008,109.072,21.792,31.912,109.072,1532,0.310184832,1811737700,LLPC3
23.192,31.536,109.112,23.048,31.504,109.152,1531,0.329523656,1811737700,LLPC3
21.512,31.6,108.824,21.592,31.688,109.008,1532,0,1811737700,LLPC3
22.264,28.904,110.944,22.104,29.208,110.928,1526,0.999722869,1811737700,LLPC3
20.152,31.168,107,20.096,31.232,106.968,1501,0.917021747,1811737468,NA
18.896,31.968,108.392,18.752,32.072,108.208,1571,0,1811733868,LLPC1
27.92,30.248,114.88,27.952,29.84,114.928,1543,0.999061405,1811733868,LLPC1
22.68,34.68,109.256,22.752,34.784,109.264,3823,0,1811733868,LLPC1
22.104,28.944,111.816,22.056,29.008,111.768,1526,0.999722869,1811733868,LLPC1
22.088,29.28,111.688,22.056,29.224,111.608,1526,0.999722869,1811733868,LLPC1
52.768,27.28,108.92,52.68,27.368,108.912,1808,0.814808317,1811440026,NA
53.96,25.608,105.976,53.8,25.552,106,1804,0,1811439388,NA
52.16,27.904,106.384,52.096,27.832,106.4,1801,0,1811435182,NA
50.68,29.128,105.888,50.592,29.16,105.992,1798,0.451398373,1811434961,NA
33.624,31.6,102.568,33.688,31.688,102.408,2654,0.98602504,1811426935,NA
10.696,57.592,107.944,10.752,57.744,107.992,995,0.957660034,1811426935,NA
27.16,54.888,97.744,27.112,54.728,97.616,3027,0.999986955,1811426935,NA
45.08,53.48,92.704,45.112,53.616,92.792,2211,0.979837329,1811426935,NA
15.704,59.136,108.712,15.664,59,108.784,622,0.999668148,1811426935,NA
28.176,55.256,96.544,28.176,55.344,96.656,3670,1,1811426935,NA
15.48,59.872,110.32,15.48,59.744,110.424,392,0.575435514,1811426935,NA
33.448,43.584,118.152,33.6,43.44,117.952,1260,0.503352187,1811426935,NA
31.064,60.12,101.152,31.312,60.072,101.16,2880,0.992823142,1811426935,NA
33.12,44.32,117.456,33.048,44.24,117.304,1361,0,1811426935,NA
35.96,52.8,100.56,36.072,52.624,100.456,3306,1,1811426935,NA
36.056,53.392,100.216,36.056,53.344,100.04,3231,0,1811426935,NA
44.752,54.496,97.464,44.816,54.624,97.384,3302,1,1811426935,NA
14.752,60.144,111.216,14.736,60.128,111.088,392,0.983382618,1811426935,NA
38.192,51.808,100.248,38.08,52.032,100.2,3306,1,1811426935,NA
33.296,30.272,102.872,33.416,30.112,102.904,2693,0.992700191,1811426935,NA
22.88,31.32,109.376,22.864,31.192,109.256,1531,0.329523656,1811426935,NA
22.664,30.952,109.8,22.6,30.752,109.776,1530,0,1811426935,NA
45.112,52.952,94,45.128,53,94.112,3301,1,1811426935,NA
24.232,54.68,104.936,24.072,54.6,105,3000,0,1811426935,NA
44.424,52.536,94.184,44.368,52.624,94.288,3301,1,1811426935,NA
24.064,55.056,105.376,23.88,55.04,105.4,3000,0.999993383,1811426935,NA
36.888,52.32,101.992,36.912,52.232,102.24,3306,1,1811426935,NA
30.96,59.712,102.024,31.048,59.872,102.112,2882,0.921412141,1811426935,NA
3.52,57.592,104.04,3.632,57.616,103.88,620,0.129331082,1811426935,NA
27.44,59.68,104.432,27.536,59.472,104.312,2970,0.947513226,1811426935,NA
23.584,30.568,110.08,23.488,30.8,109.816,1530,0,1811426935,NA
37.808,53.584,102.888,37.84,53.624,102.784,3306,1,1811426935,NA
37.432,53.152,102.56,37.56,53.128,102.64,3306,1,1811426935,NA
23.032,30.32,109.68,22.752,30.496,109.616,1530,0,1811426935,NA
23.512,30.664,109.752,23.48,30.792,109.76,1530,0,1811426935,NA
22.832,27.584,109.36,23.064,27.592,109.56,1565,0.446662049,1811401061,LLPC2c
28.464,29.856,112.032,28.424,29.92,111.936,1550,0.993492444,1811401061,LLPC2c
18.848,32.088,107.64,18.968,32.28,107.736,1571,0,1811392834,LLPC2c
19.688,31.568,107.184,19.72,31.584,107.024,1510,0.60846722,1811392834,LLPC2c
21.432,29.664,110.704,21.424,29.84,110.656,1525,0.098223729,1811392809,LLPC3
21.816,29.488,110.664,21.872,29.584,110.736,1526,0.999722869,1811392809,LLPC3
21.864,29.928,110.816,21.896,29.8,110.712,1526,0.565664395,1811392809,LLPC3
21.968,29.88,110.816,21.904,29.84,110.712,1526,0.565664395,1811392809,LLPC3
22.288,29.416,110.88,22.104,29.36,110.912,1526,0.999722869,1811392809,LLPC3
52.432,25.288,106.672,52.608,25.288,106.648,1804,0,1811098589,NA
23.704,39.096,96.68,23.6,39.16,96.792,2512,0.995885553,1810986443,LC22_R
45.416,48.584,104.872,45.52,48.4,104.856,2432,0.956984912,1810986443,LC22_R
45.776,48.696,104.792,45.752,48.52,104.848,2432,0.956984912,1810986443,LC22_R
41.608,51.096,89.968,41.496,51.232,90.088,3831,0,1810986443,LC22_R
35.976,58.192,116.432,36.168,58.264,116.384,310,0,1810956698,LC4
37.736,59.544,115.768,37.912,59.608,115.824,314,0.0402473,1810956698,LC4
37.424,59.416,116.048,37.504,59.336,116.144,312,0.999636323,1810956698,LC4
39.528,74.992,126.288,39.28,75,126.248,14,0.066595823,1810956698,LC4
47.616,73.808,124.296,47.832,73.696,124.168,3790,0,1810956698,LC4
36.816,62.112,120.024,36.512,62.032,119.944,284,0.89359658,1810956698,LC4
21.776,73.496,121.824,21.672,73.368,121.696,653,0.123374136,1810956698,LC4
29.2,58.848,125.352,29.112,58.76,125.44,868,0.964407905,1810956698,LC4
36.096,61.624,120.04,36.096,61.936,119.992,284,0.89359658,1810956698,LC4
29.016,59.232,125.568,28.984,59.168,125.648,868,0.964407905,1810956698,LC4
15.456,64.144,132.896,15.472,64.184,132.768,793,0,1810956698,LC4
47.96,74.024,124.336,47.968,73.824,124.264,3790,0,1810956698,LC4
33.512,72.6,123.232,33.648,72.736,123.328,160,0.393121802,1810956698,LC4
18.48,68.264,123.136,18.312,68.104,123.104,1084,0.495062931,1810956698,LC4
28.736,58.688,124.368,28.704,58.544,124.384,881,0,1810956698,LC4
24.576,60.848,116.16,24.728,60.776,116.096,896,0.998482852,1809264255,LC4
24.704,60.816,115.456,24.696,60.632,115.376,895,0.985182443,1809264255,LC4
23.392,70.656,126.72,23.312,70.736,126.584,850,0.948090851,1809264255,LC4
24.672,70.456,127.568,24.456,70.576,127.624,856,0,1809264255,LC4
20.896,64.504,122.592,20.696,64.616,122.664,641,0.993498912,1809264255,LC4
42.84,75.832,118.856,42.856,75.736,118.736,268,0.998637992,1809264255,LC4
32.472,73.064,129.512,32.368,73,129.432,174,0.929592955,1809264255,LC4
32.272,73.656,129.424,32.072,73.56,129.432,177,0.398112043,1809264255,LC4
21.304,64.472,123.328,21.384,64.392,123.352,1090,0.103914116,1809264255,LC4
12.424,66.824,129.984,12.368,66.776,129.896,1105,0.846542811,1809264255,LC4
11.912,66.192,130.088,12.072,66.056,130.048,1105,0.846542811,1809264255,LC4
12.568,66.44,130.096,12.52,66.392,129.992,1105,0.846542811,1809264255,LC4
20.672,65.024,123.56,20.536,64.96,123.592,641,0.993498912,1809264255,LC4
23.016,70.976,127.032,23.128,71.04,126.976,856,0,1809264255,LC4
6.28,66.464,128.504,6.08,66.488,128.736,782,0.985103057,1809264255,LC4
40.856,80.168,128.44,40.728,80.168,128.448,109,0.977218787,1809264255,LC4
37.192,77.824,125.488,37,77.888,125.6,3791,0,1809264255,LC4
36.816,77.376,126.248,37.016,77.392,126.264,129,0.993567694,1809264255,LC4
20.712,66.648,126.176,20.576,66.608,126.2,848,0.973668176,1809264255,LC4
38.52,33.752,98.104,38.472,33.688,98.216,2370,0.321637837,1806664947,WED136_R
41.424,89.992,122.464,41.248,90.008,122.504,31,0.99679518,1789933168,LC31
15.488,54.24,117.784,15.48,54.368,117.6,966,0.223491265,1788546780,NA
11.52,68.52,140.392,11.44,68.32,140.384,723,0.951637921,1788546780,NA
11.672,70.056,140.768,11.872,70.056,140.776,743,0.995802231,1788546780,NA
34.848,66.184,121.272,35,66.176,121.208,1,0.977630229,1785511781,SAD064_R
48.952,73.408,126.12,48.808,73.472,125.952,3790,0,1785511781,SAD064_R
43.728,77.32,122.992,43.712,77.368,122.88,41,0.388669472,1785511781,SAD064_R
43.208,79.72,126.248,43.328,79.784,126.056,37,0.99039208,1785511781,SAD064_R
7.936,67.28,105.536,7.936,67.36,105.648,601,0.956894533,1784100382,NA
7.216,67.608,104.72,7.024,67.696,104.816,603,0,1784100347,NA
15.088,55.944,115.768,14.952,55.888,115.824,955,0.995886711,1783910467,NA
26.368,60.504,102.736,26.264,60.448,102.704,2969,0.860335033,1783780326,NA
18.592,64.696,103.752,18.688,64.656,103.888,1023,0.999976407,1783771841,NA
5.632,63.16,105.632,5.728,63.176,105.52,609,0.974102057,1783755137,NA
5.04,60.784,105.032,4.944,60.792,104.928,989,0,1783754934,NA
4.976,61.16,104.456,4.936,61.072,104.6,989,0,1783754805,NA
26.32,59.952,103.416,26.256,59.84,103.344,2970,0.947513226,1783439430,NA
4.872,60.304,105.008,4.76,60.328,104.896,617,0.999142902,1783414200,NA
4.128,58.336,103.736,4.088,58.376,103.856,999,0,1783413833,NA
38.8,55.336,103.472,38.744,55.224,103.52,3101,0.985342813,1783115681,NA
23.464,53.944,104.88,23.576,54.056,104.944,3004,0,1783094337,NA
24.456,53.744,103.888,24.408,53.6,103.904,3005,0,1783094130,NA
4,56.208,103.984,4.176,56.128,103.912,3813,0,1783072885,NA
43.128,55.816,95.24,43.264,55.96,95.368,2179,0,1783068831,LPLC1_R
32.64,51.456,103.872,32.544,51.496,104.08,3021,0.243852618,1783068831,LPLC1_R
18.848,56.256,109.16,18.888,56.312,109.056,1039,0.953555244,1783068831,LPLC1_R
18.496,56.784,109.12,18.672,56.8,109.096,1038,0.975740537,1783068831,LPLC1_R
26.128,56.744,108.944,26.152,56.624,108.912,2351,0.999459418,1783068831,LPLC1_R
34.52,56.416,94.712,34.464,56.448,94.592,2921,0,1783068831,LPLC1_R
36.28,53.024,107.096,36.312,52.968,107.024,3308,1,1783068831,LPLC1_R
41.744,56.696,91.288,41.768,56.728,91.416,2173,0.496206136,1783068831,LPLC1_R
45,54.816,97.28,44.856,54.68,97.328,3302,1,1783068831,LPLC1_R
39.848,53.024,100.576,39.96,53.032,100.64,3306,1,1783068831,LPLC1_R
31.264,59.816,102.128,31.104,59.888,102.112,2883,0.10744822,1783068831,LPLC1_R
31.432,60.144,102.032,31.376,60.192,101.888,2883,0,1783068831,LPLC1_R
10.592,57.968,107.648,10.672,58.024,107.776,995,0.957660034,1783068831,LPLC1_R
18.376,57.168,109.528,18.536,57.192,109.56,1037,0.997181941,1783068831,LPLC1_R
26.168,56.96,109.392,26.264,56.76,109.448,2351,0.999459418,1783068831,LPLC1_R
20.24,54.088,107.408,20.04,53.928,107.448,1202,0,1783068831,LPLC1_R
26.432,54.816,100.464,26.36,54.68,100.512,3008,0.990995043,1783068831,LPLC1_R
47.256,54.68,93.544,47.416,54.688,93.624,562,0.381590708,1783068831,LPLC1_R
27.384,57.744,110.048,27.416,57.672,110.112,2352,0,1783068831,LPLC1_R
34.12,56.968,94.52,34.152,56.912,94.56,2916,0.975155298,1783068831,LPLC1_R
42.904,55.888,91.984,43.024,55.984,91.936,2181,0,1783068831,LPLC1_R
25.856,56.448,108.8,26,56.496,108.784,2351,0.999459418,1783068831,LPLC1_R
31.944,51.128,104.136,31.944,51.256,104.208,3021,0,1783068831,LPLC1_R
32.064,51.136,103.72,32.152,51.056,103.912,3021,0,1783068831,LPLC1_R
25.48,58,102.416,25.552,57.848,102.424,2995,0,1783068831,LPLC1_R
37.608,51.776,101.576,37.648,51.56,101.528,3306,1,1783068831,LPLC1_R
42.896,55.528,91.04,42.984,55.688,91.104,2182,0.124505613,1783068831,LPLC1_R
27.144,54.552,98.776,27.36,54.432,98.8,3150,0.98625595,1783068831,LPLC1_R
37.912,52.152,100.928,37.96,52.048,100.84,3306,1,1783068831,LPLC1_R
36.448,53.264,106.512,36.464,53.264,106.584,3308,1,1783068831,LPLC1_R
27.632,55.544,97.144,27.712,55.592,97.24,3029,0.166156337,1783068831,LPLC1_R
11.448,57.52,107.416,11.416,57.36,107.48,995,0.957660034,1783068831,LPLC1_R
45.264,54.44,96.76,45.24,54.352,96.856,3301,1,1783068831,LPLC1_R
34.464,56.736,94.744,34.392,56.696,94.624,2921,0,1783068831,LPLC1_R
44.832,54.664,97.032,44.976,54.52,97.056,3302,1,1783068831,LPLC1_R
15.616,58.392,108.864,15.704,58.32,108.736,622,0.999668148,1783068831,LPLC1_R
15.712,59.24,109.928,15.672,59.392,109.928,622,0.999668148,1783068831,LPLC1_R
15.472,58.208,108.52,15.664,58.376,108.472,622,0.999668148,1783068831,LPLC1_R
42.648,56.12,91.304,42.648,56.12,91.448,2172,0.999104645,1783068831,LPLC1_R
48.304,54.176,90.504,48.192,54.176,90.416,495,0,1783068831,LPLC1_R
36.104,53.6,105.92,35.944,53.704,105.984,3308,1,1783068831,LPLC1_R
45.752,54.144,95.112,45.672,53.96,95.032,3301,1,1783068831,LPLC1_R
39.776,39.608,100.552,39.912,39.688,100.6,2381,0.973609187,1782992460,LC22_R
27.504,36.816,104.992,27.792,36.672,104.88,2012,0.908865218,1782992460,LC22_R
27.608,36.744,104.872,27.792,36.672,104.872,2012,0.908865218,1782992460,LC22_R
41.84,29.984,104.576,41.96,29.816,104.528,1843,0.984293211,1782992460,LC22_R
37.56,51.432,103.328,37.68,51.256,103.344,3306,1,1782770222,NA
34.04,53.256,104,33.992,53.256,103.912,3307,1,1782766211,NA
31.856,51.744,104.04,31.8,51.576,104,3021,0.243852618,1782766195,NA
27.016,53.056,103.848,27.28,53,103.768,3012,0.501277277,1782757399,NA
27.968,57.12,109.008,27.928,57.168,108.88,3072,0.949638474,1782714902,LPLC1
14.296,62.264,110.64,14.216,62.232,110.784,1201,0.065595516,1782714902,LPLC1
24.728,59.112,105.576,25.008,59.12,105.568,3084,0,1782714902,LPLC1
33.352,55.632,100.952,33.248,55.584,100.92,3217,0.361658,1782714902,LPLC1
9.792,61.312,108.68,9.832,61.08,108.712,598,0.99890695,1782714902,LPLC1
18.584,54.936,114.592,18.64,55.024,114.456,1204,0.908911073,1782714902,LPLC1
18.552,55.24,114.704,18.48,55.304,114.632,1204,0.908911073,1782714902,LPLC1
6.752,63.808,106.432,6.84,63.912,106.496,607,0.999663145,1782714902,LPLC1
37.648,55.352,95,37.72,55.208,95.032,2897,0,1782714902,LPLC1
22.216,56.352,98.328,22.288,56.184,98.576,2957,0,1782714902,LPLC1
19.032,54.816,114.32,18.92,54.816,114.272,1204,0.908911073,1782714902,LPLC1
24.96,58.864,105.408,25.096,59.024,105.48,3084,0,1782714902,LPLC1
44.072,53.792,92.768,44.184,53.808,92.896,2211,0.501737382,1782714902,LPLC1
27.256,57.376,110.008,27.368,57.584,110.16,2352,0,1782714902,LPLC1
30.4,56.632,109.456,30.504,56.432,109.224,3067,0.998273458,1782714902,LPLC1
23.12,57.152,99.72,23.056,57.4,99.656,2956,0.965947918,1782714902,LPLC1
48.392,53.032,90.784,48.496,53.12,90.776,487,0.999702603,1782714902,LPLC1
19.08,54.968,114.24,18.912,54.8,114.272,1204,0.908911073,1782714902,LPLC1
43.464,55.952,100.592,43.264,56.08,100.624,1412,0.359493447,1782714902,LPLC1
37.272,55.504,94.816,37.288,55.592,94.6,2894,0.967185797,1782714902,LPLC1
28.992,57.176,108.96,29.024,57.168,108.832,3072,0.949638474,1782714902,LPLC1
45.68,55.488,98.04,45.84,55.488,98.056,580,0.964261891,1782714902,LPLC1
31.144,57.08,99.32,31.056,57.136,99.376,2866,0.980431874,1782714902,LPLC1
9.608,61.2,108.984,9.824,61.128,108.768,598,0.99890695,1782714902,LPLC1
20.752,55.264,98.304,20.64,55.128,98.232,2109,0.998665067,1782714902,LPLC1
36.768,55.08,100.048,36.856,54.984,100.12,3238,0.990395716,1782714902,LPLC1
21.84,59.24,112.824,21.92,59.112,112.816,1195,0.985406354,1782714902,LPLC1
14.496,61.68,110.12,14.368,61.624,110.104,629,0.953353102,1782714902,LPLC1
26.144,56.688,108.728,26.144,56.616,108.904,2351,0.999459418,1782714902,LPLC1
31.784,58.928,98.248,31.968,58.928,98.296,2874,0.057941528,1782714902,LPLC1
23.584,55.344,105.856,23.568,55.256,105.76,3002,0,1782714902,LPLC1
23.808,55.192,105.872,23.6,55.2,105.76,3002,0,1782714902,LPLC1
18.672,55.416,114.336,18.584,55.32,114.376,1204,0.908911073,1782714902,LPLC1
48.824,53.104,91.424,48.696,53.176,91.352,489,0,1782714902,LPLC1
31.16,56.104,109.312,31.128,56.072,109.368,3067,0.998273458,1782714902,LPLC1
23.408,55.464,106.016,23.528,55.64,105.904,3002,0,1782714902,LPLC1
35.928,55.032,93.312,35.88,55.16,93.112,2908,0.989465192,1782714902,LPLC1
35.512,54.472,92.984,35.44,54.488,92.84,2929,0,1782714902,LPLC1
36.312,56.84,92.424,36.24,56.904,92.496,2909,0.91657217,1782714902,LPLC1
18.848,59.392,123.864,18.832,59.408,123.736,924,0.985825743,1782668028,LC4
38.544,71.792,123.688,38.52,71.64,123.824,102,0.990598368,1782668028,LC4
15.552,56.288,121.784,15.68,56.24,121.792,907,0,1782668028,LC4
20.744,73.12,120.808,20.72,73.16,120.928,652,0.157243941,1782668028,LC4
15.968,56.504,121.904,15.912,56.424,121.752,907,0,1782668028,LC4
45.28,68.92,119.824,45.352,68.968,119.672,227,0.999429303,1782668028,LC4
26.84,57.216,118.704,26.784,57.04,118.68,845,0.98640347,1782668028,LC4
20.72,57.768,121.24,20.744,57.72,121.128,3405,1,1782668028,LC4
14.656,56.568,122.912,14.672,56.528,123.032,911,0,1782668028,LC4
17.84,60.432,124.48,17.728,60.368,124.376,926,0.999944726,1782668028,LC4
33.176,68.216,125.792,33.048,68.16,125.712,158,0,1782668028,LC4
18.984,58.248,122.888,19.176,58.296,122.992,464,0.998832762,1782668028,LC4
20.032,57.888,122.472,19.984,58.16,122.448,463,0,1782668028,LC4
33.48,68.864,125.216,33.496,68.784,125.136,158,0,1782668028,LC4
26.576,57.344,117.792,26.592,57.04,117.832,843,0.969568138,1782668028,LC4
28.224,49.576,104.296,28.216,49.512,104.2,3019,0,1782447437,NA
50.696,46.6,103.208,50.808,46.648,103.416,1690,0,1782447437,NA
21.072,55.456,126.088,21.272,55.616,125.984,1137,0,1782447437,NA
20.992,55.576,125.44,21.152,55.52,125.464,1470,0.994108812,1782447437,NA
34.992,53.512,119.928,34.688,53.48,119.896,421,0.091639162,1782447437,NA
35.072,56.808,122.536,35.32,56.752,122.44,402,0.026050631,1782447437,NA
27.056,49.368,101.96,27.056,49.376,101.816,2564,0.339927771,1782447437,NA
35.304,56.384,122.168,35.408,56.528,122.28,402,0.026050631,1782447437,NA
50.512,46.936,103.352,50.576,46.928,103.456,1688,0.290369048,1782447437,NA
27.056,49.68,102.6,26.848,49.768,102.608,2573,0,1782447437,NA
27.8,49.304,103.896,27.76,49.216,104.064,3019,0,1782447437,NA
28.104,49.368,104.08,28.128,49.56,104.088,3019,0,1782447437,NA
31.208,47.304,114.144,31.048,47.544,114.144,1236,0.999662243,1782447437,NA
35.736,56.016,120.848,35.776,56.08,120.984,401,0.41355695,1782447437,NA
25.28,48.776,111.024,25.416,48.872,111.08,2570,0.98619688,1782447437,NA
35.808,56.12,121.312,35.768,56.168,121.072,401,0.663407035,1782447437,NA
17.376,64.144,139.488,17.664,64.256,139.328,709,0.977904981,1782447437,NA
30.656,47.08,113.52,30.568,47.024,113.528,1250,0,1782447437,NA
35.2,56.672,121.984,35.328,56.776,121.952,402,0,1782447437,NA
35.464,56.296,121.68,35.504,56.584,121.64,402,0.026050631,1782447437,NA
30.2,47.568,113.344,30.464,47.568,113.184,1247,0.999899684,1782447437,NA
33.264,58.176,125.984,33.176,58.04,125.92,884,0.12366834,1782447437,NA
21.192,55.832,126.256,21.296,55.832,126.144,1137,0,1782447437,NA
28.184,49.576,103.696,28.088,49.68,103.92,3019,0,1782447437,NA
27.352,49.608,103.448,27.312,49.64,103.512,3019,0,1782447437,NA
33.384,57.88,125.504,33.296,57.808,125.56,884,0.065013153,1782447437,NA
26,48.24,109.104,26.072,48.352,109.096,2568,0.993165294,1782447437,NA
25.04,48.64,111.568,25.136,48.768,111.584,2570,0.98619688,1782447437,NA
50.304,47.136,103.896,50.448,47.064,103.832,1688,0.290369048,1782446772,NA
50.624,47.904,103.264,50.56,47.952,103.296,1687,0.096815961,1782446304,NA
27.944,47.736,104.712,27.992,47.92,104.8,2580,0,1782416787,NA
27.848,47.968,104.72,27.928,48,104.8,3696,1,1782416783,NA
26.432,49.504,103.088,26.392,49.632,103.04,2573,0,1782416256,NA
47.672,51.528,103.792,47.688,51.448,103.656,3830,0,1782244099,NA
42.488,49.936,93.736,42.36,50.128,93.632,3302,1,1782244099,NA
51.088,46.704,104.176,51.04,46.792,104.208,1688,0.290369048,1782105793,NA
23.832,43.272,104.512,23.696,43.448,104.456,2551,0,1782071214,NA
40.616,39.504,103.048,40.616,39.504,103.184,1700,0.974768892,1781751679,NA
26.432,42.312,103.968,26.656,42.4,104.024,3689,1,1781734435,NA
15.84,56.448,105.408,15.944,56.336,105.472,1043,0.964105279,1781674298,LPLC1_R
36.44,52.92,103.896,36.384,52.792,103.968,3307,1,1781674298,LPLC1_R
32.952,58.792,93.936,32.912,58.936,94.024,1328,0.985928305,1781674298,LPLC1_R
26.208,57.208,99.568,26.072,57.376,99.488,3847,0.437109087,1781674298,LPLC1_R
30.232,54.416,99.736,30.336,54.52,99.6,2865,0.986016025,1781674298,LPLC1_R
44.312,55.896,100.48,44.408,55.776,100.264,1414,0.909183205,1781674298,LPLC1_R
47.64,53.624,94.304,47.632,53.592,94.136,198,0.999630607,1781674298,LPLC1_R
37.968,55.952,105.328,37.912,55.88,105.464,3188,0.22319779,1781674298,LPLC1_R
37.752,56.16,105.456,37.656,56.104,105.512,3188,0.22319779,1781674298,LPLC1_R
45.912,53.896,95.168,45.696,53.92,95.144,3301,1,1781674298,LPLC1_R
37.272,51.304,101.6,37.432,51.344,101.552,3306,1,1781674298,LPLC1_R
23.304,57.944,111.952,23.248,57.84,111.952,1156,0.979335767,1781674298,LPLC1_R
37.776,52.256,103.88,37.752,52.152,103.768,3306,1,1781674298,LPLC1_R
36.656,52.488,104.232,36.536,52.488,104.296,3307,1,1781674298,LPLC1_R
15.312,55.512,105.04,15.272,55.576,105.184,1043,0.964105279,1781674298,LPLC1_R
31.632,60.632,101.744,31.616,60.632,101.88,2883,0,1781674298,LPLC1_R
13.832,58.432,102.08,13.792,58.352,101.968,2333,0.112811773,1781674298,LPLC1_R
30.104,54.136,100.048,30.152,53.976,100.064,2975,0,1781674298,LPLC1_R
45.576,54.144,96.608,45.512,54.192,96.696,3301,1,1781674298,LPLC1_R
45.024,54.376,96.888,45.064,54.408,96.992,3302,1,1781674298,LPLC1_R
33.44,59.392,92.944,33.432,59.32,92.752,1327,0.369362159,1781674298,LPLC1_R
4.312,55.808,104.088,4.144,55.8,104.152,3813,0,1781674298,LPLC1_R
34.168,52.672,104.664,34.048,52.648,104.624,3307,1,1781674298,LPLC1_R
22.752,58.872,111.04,22.824,58.68,110.952,1169,0.934291643,1781674298,LPLC1_R
44.68,55.456,100.656,44.472,55.488,100.552,1414,0.909183205,1781674298,LPLC1_R
15.872,58.264,107.56,15.752,58.368,107.568,625,0,1781674298,LPLC1_R
48.008,53.688,94.184,47.904,53.712,93.952,561,0.989970782,1781674298,LPLC1_R
48.176,53.568,93.872,47.928,53.48,93.872,198,0.999630607,1781674298,LPLC1_R
30.304,56.248,99.656,30.456,56.328,99.664,2866,0.980431874,1781674298,LPLC1_R
36.896,52.16,102.616,36.984,52.24,102.536,3306,1,1781674298,LPLC1_R
45.904,53.744,96.672,45.856,53.744,96.768,3301,1,1781674298,LPLC1_R
27.92,36.88,105.016,27.856,36.8,104.928,2012,0.908865218,1781393607,NA
29.968,54.248,109.152,30.104,54.352,109.144,3371,1,1781328716,LPLC1_R
42.76,52.776,100.776,42.8,52.544,100.8,3305,1,1781328716,LPLC1_R
27.76,56.24,95.536,27.744,56.44,95.48,3034,0.991142403,1781328716,LPLC1_R
30.288,54.048,108.592,30.192,54.168,108.576,3056,0.965898099,1781328716,LPLC1_R
34.384,56.304,94.312,34.44,56.36,94.4,2921,0,1781328716,LPLC1_R
29.856,53.56,108.448,29.928,53.608,108.344,3057,0.978626504,1781328716,LPLC1_R
43.456,52.6,100.112,43.408,52.296,100.176,3304,1,1781328716,LPLC1_R
31.368,59.232,103.12,31.248,59.144,103.088,2882,0.921412141,1781328716,LPLC1_R
15.984,57.048,113.4,15.904,56.904,113.344,958,0.273345119,1781328716,LPLC1_R
8.448,67.536,104.976,8.56,67.648,105.04,602,0.980801747,1781328716,LPLC1_R
13.2,62.416,130.704,13.368,62.24,130.824,1102,0.970087351,1781268241,LC4
24.256,67.76,128.864,24.272,67.872,128.72,1098,0.995504127,1781268241,LC4
38.464,72.84,124.32,38.32,72.816,124.456,9,0.999465944,1781268241,LC4
39.296,76.024,127.192,39.296,76.128,127.056,151,0.285653964,1781268241,LC4
15.64,61.344,124.736,15.656,61.456,124.672,3426,1,1781268241,LC4
15.296,61.168,125.048,15.416,61.088,125.136,934,0.974774609,1781268241,LC4
34.056,63.256,118.552,34.224,63.168,118.64,192,0.947130593,1781268241,LC4
20.56,66.208,126.92,20.52,66.416,126.992,797,0.999980387,1781268241,LC4
34.528,71.184,123,34.472,71.256,122.96,160,0.193343473,1781268241,LC4
14.768,68.616,126.12,14.904,68.848,126.216,1057,0.957672396,1781268241,LC4
38.784,71.576,124.104,38.592,71.544,123.992,8,0.998831801,1781268241,LC4
33.8,70.368,123.696,34.08,70.384,123.712,156,0.993503804,1781268241,LC4
19.584,72.144,136.488,19.288,72.032,136.48,667,0.410280518,1781268241,LC4
36.112,69.976,122,36.176,69.832,121.968,141,0,1781268241,LC4
38.704,75.136,126.008,38.912,75.112,126.152,103,0.991975983,1781268241,LC4
46.216,34.336,102.336,46.28,34.464,102.368,1839,0.899021473,1781077769,NA
40.944,33.368,105.232,40.872,33.344,105.12,1734,0.544942838,1781069808,NA
28.24,35.296,104.952,28.192,35.248,105.056,2013,0.038815783,1781057142,NA
28.632,32.416,106.92,28.472,32.416,106.872,1536,0.987799634,1781057029,NA
25.408,43.152,105.592,25.304,43.2,105.504,2557,0.211270002,1781057029,NA
28.416,32.496,107.672,28.384,32.376,107.552,1536,0.987799634,1781057029,NA
25.192,43.512,106.264,25.192,43.624,106.296,2556,0.962665723,1781057029,NA
18.368,34.368,107.184,18.472,34.408,107.136,1574,0.997336864,1781044541,LLPC3
18.56,32.808,106.816,18.632,32.872,106.904,1572,0,1781044541,LLPC3
24.576,24.584,112.72,24.504,24.672,112.776,1568,0.436528182,1781044455,LLPC2c
24.232,31.984,106.712,24.232,31.768,106.64,1496,0.985549951,1781044455,LLPC2c
24.44,24.52,112.688,24.504,24.672,112.784,1568,0.436528182,1781044455,LLPC2c
21.696,30.32,107.024,21.8,30.368,106.888,1500,0.169589358,1781044455,LLPC2c
21.2,30.144,106.616,21.352,30.064,106.608,1502,0,1781044455,LLPC2c
23.368,31.8,107.072,23.224,31.504,107.088,1498,0.999363105,1781044455,LLPC2c
24.552,31.816,107.112,24.448,31.664,106.976,1496,0.985549951,1781044455,LLPC2c
19.192,34.032,106.328,19.208,33.928,106.4,1576,0,1781044455,LLPC2c
22.016,29.664,110.528,21.92,29.808,110.56,1524,0.451929156,1781039902,LLPC1
23,28.496,108.96,23.128,28.336,108.912,1562,1,1781039902,LLPC1
22.856,28.504,108.248,23.056,28.592,108.224,1562,1,1781039902,LLPC1
22.152,30.28,109.824,22.208,30.392,109.896,1522,0.943908761,1781039902,LLPC1
39.288,31.928,105.6,39.264,31.848,105.504,2220,0.979467347,1780728893,NA
24.776,23.784,113.816,24.752,23.856,113.624,3824,0,1780703535,LLPC3
24.728,23.376,114.112,24.768,23.232,114.064,3824,0,1780703535,LLPC3
20.776,31.672,107.088,20.856,31.536,107.088,1501,0.917021747,1780699257,LLPC2c
22.408,35.296,108.608,22.264,35.264,108.696,3823,0,1780699257,LLPC2c
24.456,23.064,114.264,24.736,23.088,114.336,3824,0,1780699257,LLPC2c
52.552,26.464,106.144,52.416,26.408,106.184,1800,0.965427625,1780405257,NA
50.496,26.712,102.224,50.6,26.784,102.12,3501,1,1780400039,NA
47.68,26.424,102.272,47.728,26.52,102.272,1753,0.998317466,1780395722,NA
43.416,27.768,105.64,43.488,27.632,105.6,1857,0.978344349,1780392256,NA
43.392,27.92,105.584,43.472,27.632,105.616,1857,0.978344349,1780392256,NA
18.984,33.32,106.824,18.76,33.28,106.872,1576,0,1780362372,LLPC2c
23.888,30.656,106,23.776,30.48,106.184,1552,0,1780357845,LLPC2c
23.496,29.696,105.944,23.568,29.616,106.048,1554,0,1780357845,LLPC2c
20.648,31.28,106.976,20.64,31.352,107.048,1501,0.917021747,1780025270,LLPC2c
46.52,49.08,102.88,46.368,48.952,102.76,2440,0.988824632,1779710234,PLP194_R
46.192,49.272,102.416,46.088,49.24,102.488,2439,0.92568248,1779710234,PLP194_R
26,32.336,105.52,26.128,32.28,105.632,1496,0.985549951,1756886387,NA
0.632,49.016,90.984,0.784,49.056,90.864,2147,0,1755556277,M_l2PN3t18_R
0.368,49.648,90.52,0.392,49.568,90.328,2147,0,1755556277,M_l2PN3t18_R
0.536,49.592,90.608,0.584,49.376,90.592,2147,0,1755556277,M_l2PN3t18_R
34.16,74.12,123.728,34.128,74.136,123.68,160,0.555310502,1754446468,WED046_R
16.424,67.12,144.032,16.328,67.16,143.832,752,0.963175935,1754446468,WED046_R
16.224,68.64,126.96,16.208,68.592,126.848,1056,0.99503719,1753751888,PVLP024_R
15.12,69.376,127.288,15.072,69.456,127.192,1059,0.286888639,1753751888,PVLP024_R
22.032,57.088,118.4,22.032,57.224,118.424,3379,0,1753751888,PVLP024_R
27.056,56.832,114.72,27.112,56.704,114.64,3374,1,1753751888,PVLP024_R
27.072,58.816,116.64,27.072,58.72,116.568,897,0,1753751888,PVLP024_R
34.08,70.48,126.608,34.2,70.512,126.496,171,0.991230516,1753751888,PVLP024_R
17.616,68.448,126.576,17.864,68.512,126.56,646,0.939253569,1753751888,PVLP024_R
20.752,64.048,121.416,20.64,63.824,121.584,462,0.99384092,1753751888,PVLP024_R
31.96,60.384,101.2,32.144,60.248,101.184,2881,0.047508219,1752754748,NA
32.472,60.664,99.896,32.336,60.648,99.968,2877,0.99932825,1752754397,NA
17.944,62.592,103.056,17.864,62.52,103.104,1024,0,1752737610,NA
17.904,63.04,103.248,17.992,63.096,103.384,1024,0,1752737610,NA
11.248,60.832,100.688,11.12,60.784,100.672,2325,0.996920047,1752724241,NA
26.112,57.576,99.424,26.088,57.52,99.512,3847,0.437109087,1752404446,NA
11.904,58.256,101.04,11.904,58.4,100.928,2323,0.999976034,1752387719,NA
36.048,53.456,99.952,36.064,53.336,99.952,3231,0,1752076426,NA
30.328,56.304,100.952,30.304,56.392,100.92,2867,0.121658014,1752068339,NA
30.44,56.216,99.856,30.488,56.256,99.816,2866,0.980431874,1752067973,NA
30.608,56.072,99.872,30.632,56.168,99.856,2868,0.164166715,1752067928,NA
25.328,56.016,101.808,25.32,55.904,101.872,2980,0.99484938,1752064223,NA
24.776,55.264,101.576,24.888,55.336,101.536,2979,0.990185762,1752064109,NA
27.28,54.6,98.944,27.368,54.552,98.848,3150,0.98625595,1752063395,NA
19.936,55.824,98.768,19.936,55.776,98.648,2111,0.999961534,1752054586,NA
46.264,43.504,104.816,46.28,43.384,104.928,2097,0.9460678,1751986317,LC46a_R
46.488,43.64,105.08,46.384,43.464,105.12,2097,0.9460678,1751986317,LC46a_R
46.024,43.648,104.84,46,43.584,104.952,2098,0,1751986317,LC46a_R
46.744,50.432,102.656,46.64,50.488,102.56,1684,0.996092364,1751749155,NA
38.328,51.256,101.6,38.304,51.088,101.624,3306,1,1751735943,NA
44.664,57.784,90.152,44.744,57.736,90.264,3729,1,1751438143,NA
48.76,56.64,88.848,48.576,56.76,88.944,501,0.984903923,1751438143,NA
54.704,55.616,91.952,54.648,55.584,92.16,454,0.976456012,1751438143,NA
9.704,60.856,108.776,9.832,60.992,108.68,598,0.99890695,1751364895,LPC?
10.416,59.208,108.56,10.44,59.264,108.504,632,0.988743499,1751364895,LPC?
57.32,50.88,92.472,57.192,50.736,92.472,257,0.909834416,1751096979,NA
33.312,44.264,98.84,33.44,44.216,98.92,2793,0,1751048953,NA
24.688,45.344,102,24.52,45.44,101.952,2535,0.990319677,1751041322,NA
23.68,45.736,102.4,23.68,45.664,102.28,2540,0.089634506,1751036934,NA
24.288,45.208,102.024,24.392,45.264,101.912,2535,0.990319677,1751036865,NA
23.504,45.864,100.696,23.736,45.608,100.616,2534,0,1751036521,NA
23.528,45.856,100.344,23.64,45.784,100.384,2530,0.999839598,1751036292,NA
23.216,44.672,100.224,23.288,44.512,100.264,2538,0,1751036249,NA
23.424,45.256,100.464,23.56,45.512,100.376,3683,1,1751036249,NA
35.104,56.728,123.736,35.448,56.528,123.776,406,0,1750733958,NA
32.528,57.912,127.208,32.552,57.672,127.168,883,0.958470851,1750733958,NA
31.032,48.024,114.456,30.96,47.992,114.448,1236,0.999662243,1750733958,NA
35.6,56.36,122.624,35.504,56.528,122.608,404,0,1750733958,NA
30.04,48.552,113.976,30.056,48.84,114.096,1234,0.999999978,1750733958,NA
19.592,55.496,126.088,19.464,55.552,126.08,980,0,1750733958,NA
30.936,47.96,113.784,30.864,47.832,113.872,1247,0.999899684,1750733958,NA
19.872,54.96,126.376,19.8,54.784,126.296,982,0.99746631,1750733958,NA
36.304,55.704,120.84,36.144,55.672,120.832,401,0.41355695,1750733958,NA
34.904,52.64,119.84,34.824,52.64,119.712,427,0,1750733958,NA
45.36,68.392,125.456,45.568,68.448,125.496,91,0.999875323,1750721034,CL323_R
45.544,67.816,125.824,45.616,67.912,125.928,91,0.999875323,1750721034,CL323_R
41.512,37.752,107.328,41.488,37.608,107.264,1900,0,1750721034,CL323_R
33.672,30.208,102.392,33.656,30.32,102.544,2655,0.990126957,1750721034,CL323_R
18.032,57.216,118.4,17.928,57.384,118.44,1490,0,1750721034,CL323_R
23.96,54.464,121.48,23.848,54.36,121.592,1185,0.426442239,1750721034,CL323_R
42.848,59.032,115.448,42.528,59.096,115.592,328,0.997850446,1750721034,CL323_R
33.864,30.816,102.2,33.904,30.904,102.296,2654,0.98602504,1750721034,CL323_R
26.376,51.208,96.768,26.448,51.04,96.728,2260,0.9971419,1750721034,CL323_R
41.936,44.056,106.76,42.016,43.928,106.584,2466,0.97752436,1750721034,CL323_R
37.808,39.6,101.408,37.848,39.6,101.496,2385,0.939998223,1750721034,CL323_R
37.408,54.848,110.376,37.424,54.864,110.496,375,0.996759552,1750721034,CL323_R
42.416,58.888,115.624,42.472,59.048,115.608,328,0.997850446,1750721034,CL323_R
34.032,30.752,101.96,34.136,30.928,101.976,2658,0,1750721034,CL323_R
42.936,41.336,107,43.016,41.28,107.128,2091,0.97799719,1750721034,CL323_R
39.84,49.768,92.056,39.856,49.72,92.144,2049,0.970138276,1750721034,CL323_R
32.256,32.456,104.496,32.312,32.424,104.36,2668,0,1750419433,PLP009_R
49.128,26.52,100.4,49.016,26.328,100.472,1759,0,1750419433,PLP009_R
48.792,26.984,101.184,48.68,26.928,101.096,1762,0,1750419433,PLP009_R
25.192,44.072,106.28,25.232,43.768,106.2,2556,0.962665723,1750371809,LC22_R
37.808,39.896,101.672,37.728,39.848,101.536,2385,0.939998223,1750371809,LC22_R
50.32,27.512,106.88,50.32,27.656,106.84,1806,0,1750371809,LC22_R
38.208,39.44,101.464,38.104,39.344,101.456,2386,0,1750371809,LC22_R
37.4,38.848,100.648,37.464,38.872,100.528,2378,0.98113785,1750371586,NA
43.184,34.616,102.032,43.08,34.52,102.104,1896,0.997372454,1750039198,NA
41.904,36.6,102.624,41.768,36.608,102.616,1785,0.999999935,1750035305,NA
39.936,35.776,100.088,39.848,35.992,100.048,1707,0.997373225,1750034859,NA
40.36,31.72,105.256,40.168,31.744,105.144,3507,1,1750026634,LC22_R
33.048,32.936,103.976,32.856,32.976,103.984,2675,0,1750026634,LC22_R
33.184,33.176,102.736,33.016,33.264,102.864,1940,0.991214069,1750026634,LC22_R
33.368,33.736,102.656,33.352,33.752,102.552,1940,0.991214069,1750026634,LC22_R
33.2,33.408,103.736,33.12,33.432,103.896,2675,0,1750026634,LC22_R
41.032,32.408,105.008,41.056,32.552,104.84,1734,0.998458235,1750026634,LC22_R
34.792,34.416,101.608,34.592,34.496,101.56,1940,0.549347898,1750026267,NA
29.752,35.56,102.032,29.704,35.352,102.04,1454,0,1750022489,NA
29.864,34.904,100.616,29.816,34.928,100.688,1450,0,1750021653,NA
29,34.328,100.448,29.024,34.488,100.576,1450,0,1750021653,NA
29.032,34.192,99.368,29.264,34.184,99.264,1452,0.973616199,1750021509,NA
37.824,30.64,100.368,37.792,30.656,100.464,2663,0.976598161,1749688998,NA
22.664,29.24,106.68,22.776,29.176,106.728,1553,0.965206971,1749672337,LLPC2c
33.504,50.824,106.312,33.408,50.88,106.512,3308,1,1749434934,PS299(SCB002)_R
50.648,52.04,88.816,50.672,51.936,88.912,512,0,1749434934,PS299(SCB002)_R
51.6,52.128,89.232,51.68,51.952,89.088,513,0.939840516,1749434934,PS299(SCB002)_R
52.52,45.992,88.64,52.536,46.16,88.552,371,0,1749434934,PS299(SCB002)_R
52.864,46.368,89.08,53.008,46.416,89.032,371,0,1749434934,PS299(SCB002)_R
52.896,46.064,88.864,52.896,46.256,88.816,371,0,1749434934,PS299(SCB002)_R
32.392,46.384,116.056,32.104,46.352,116.16,1238,0,1749434934,PS299(SCB002)_R
37.904,54.136,82.784,37.808,54.272,82.88,1300,0.961150614,1749434934,PS299(SCB002)_R
32.136,46.288,115.864,32.008,46.248,115.896,1238,0,1749434934,PS299(SCB002)_R
31.272,46.584,115.328,31.296,46.592,115.24,1236,0.999662243,1749434934,PS299(SCB002)_R
31.424,46.248,115.808,31.712,46.24,115.864,1238,0,1749434934,PS299(SCB002)_R
31.6,46.472,116.232,31.816,46.344,116.152,1238,0,1749434934,PS299(SCB002)_R
37.624,53.904,82.792,37.744,54.192,82.96,1300,0.961150614,1749434934,PS299(SCB002)_R
51.216,52.12,89.456,51.24,51.952,89.456,512,0,1749434934,PS299(SCB002)_R
31.68,50.728,98.736,31.784,50.864,98.736,2102,0.218260435,1749434934,PS299(SCB002)_R
32.12,50.552,98.768,32.264,50.712,98.632,2102,0.218260435,1749434934,PS299(SCB002)_R
32.664,50.296,98.672,32.664,50.392,98.528,2102,0.218260435,1749434934,PS299(SCB002)_R
37.56,52.808,109.952,37.312,52.984,109.808,3309,1,1749434934,PS299(SCB002)_R
18.8,49.936,82.664,18.8,50.072,82.768,1638,0.997380694,1749434934,PS299(SCB002)_R
38.84,38.6,100.744,38.84,38.696,100.84,1708,0,1749374615,PLP172_R
50.048,26.76,101.992,50.04,26.816,101.848,1761,0.167148031,1749366349,NA
49.744,26.712,101.88,49.768,26.824,101.752,1761,0,1749366307,NA
48.88,33.568,110.248,49.056,33.464,110.184,1814,0.927552528,1749343874,LC22_R
48.608,33.792,110.008,48.744,33.688,110.04,1814,0.927552528,1749343874,LC22_R
52.52,27.784,109.44,52.656,27.688,109.376,1810,0,1749343874,LC22_R
25.896,42.36,104.52,25.96,42.336,104.624,2558,0.914746533,1749343874,LC22_R
26.056,42.24,103.96,26.208,42.128,104.232,2558,0.914746533,1749343874,LC22_R
26.144,42.272,104.248,26.232,42.208,104.28,3689,1,1749343874,LC22_R
26.392,42.048,104.032,26.496,42.032,104.216,2560,0.08600586,1749343874,LC22_R
25.288,43,104.928,25.432,42.96,105.048,2557,0.211270002,1749343874,LC22_R
46.224,26.888,102.944,46.144,26.704,102.936,1751,0.937744174,1749343874,LC22_R
22.96,42.888,106.248,23.152,42.84,106.296,2548,0.999907034,1749343874,LC22_R
23,42.848,105.84,23.12,42.888,105.76,2549,0.53651626,1749343874,LC22_R
45.36,27.488,103.208,45.272,27.464,103.072,1750,0.974711298,1749343874,LC22_R
35.416,30.48,101.832,35.6,30.336,101.816,2660,0.99532326,1749343874,LC22_R
46.36,26.944,103.856,46.496,26.744,103.936,1766,0.051428558,1749343874,LC22_R
43.376,35.488,108.392,43.208,35.728,108.048,1907,0,1749343874,LC22_R
38.832,35.832,107.448,38.864,35.792,107.56,1878,0.993882362,1749343874,LC22_R
43.288,35.536,107.888,43.152,35.632,107.92,1907,0,1749343874,LC22_R
21.768,30.048,107.008,21.656,30.184,106.776,1502,0,1749331593,LLPC2c
22.72,28.4,107.856,22.856,28.464,107.896,1561,0.993759501,1749331593,LLPC2c
22.088,58.248,110.552,22.256,58.328,110.52,1170,0,1749275570,LPLC1_R
37.352,59.432,90.648,37.336,59.304,90.488,1322,0.991174699,1749275570,LPLC1_R
13.632,57.616,100.12,13.552,57.872,100.184,2330,0,1749275570,LPLC1_R
31.768,51.392,104.496,31.696,51.24,104.528,3021,0,1749275570,LPLC1_R
50.056,56.184,92.52,49.856,56.264,92.512,502,0.845971312,1749275570,LPLC1_R
15.952,56.416,105.704,16.088,56.44,105.688,1043,0.964105279,1749275570,LPLC1_R
34.232,58.88,93.024,34.152,58.832,92.864,1326,0,1749275570,LPLC1_R
24.048,54.728,100.88,24.168,54.832,100.912,2986,0,1749275570,LPLC1_R
32.848,59.408,94.464,32.976,59.488,94.432,1329,0.328914681,1749275570,LPLC1_R
12.104,58.144,101.12,12.12,58.248,101.024,2323,0.999976034,1749275570,LPLC1_R
35.032,59.096,92.808,35.304,59,92.696,1318,0.098855737,1749275570,LPLC1_R
44.712,56.896,90.856,44.776,57.032,90.784,2190,0,1749275570,LPLC1_R
43.32,56.288,92.288,43.32,56.344,92.2,2181,0,1749275570,LPLC1_R
27.24,55.472,99.496,27.392,55.312,99.592,3849,0.031181729,1749275570,LPLC1_R
26.568,53.76,99.76,26.432,53.776,99.744,2105,0.989245739,1749275570,LPLC1_R
32.176,55.544,107.12,32.248,55.664,107.08,3110,0.990689909,1749275570,LPLC1_R
40.464,53.896,96.144,40.408,53.784,96.056,3305,1,1749275570,LPLC1_R
15.688,55.864,105.08,15.624,55.976,105.184,1043,0.964105279,1749275570,LPLC1_R
43.024,56.312,94.336,43.152,56.288,94.376,2164,0.999995502,1749275570,LPLC1_R
12.936,57.136,99.808,13.048,57.064,99.68,2319,0.945229983,1749275570,LPLC1_R
32.232,53.544,106.176,32.312,53.592,106.08,3114,0.992909419,1749275570,LPLC1_R
27.992,53.688,118.04,27.768,53.648,117.816,1181,0.959917239,1749258134,LC4
28.032,53.12,118.312,27.912,53.016,118.272,1181,0.959917239,1749258134,LC4
19.024,59.376,117.008,18.736,59.312,116.824,923,0.174554434,1749258134,LC4
21.16,58.528,117.976,21.272,58.424,118.128,3379,1,1749258134,LC4
36.432,58.52,115.336,36.52,58.336,115.48,311,0.999981489,1749258134,LC4
38.448,62.104,114.88,38.536,62.2,114.8,315,0.913162012,1749258134,LC4
33.288,74.856,131.216,33.432,74.776,131.304,180,0.983560337,1749258134,LC4
38.248,70.912,123.688,38.096,70.792,123.728,102,0.990598368,1749258134,LC4
10.28,67.448,131.632,10.384,67.6,131.536,1108,0.977172837,1749258134,LC4
18.416,59.624,116.984,18.592,59.64,116.912,923,0.174554434,1749258134,LC4
34.864,72.136,128.616,34.848,72.24,128.528,176,0,1749258134,LC4
34.976,75.72,130.44,35.008,75.72,130.256,182,0.980970952,1749258134,LC4
33.712,74.776,130.928,33.856,74.704,130.992,180,0.983560337,1749258134,LC4
35.432,57.96,115.48,35.336,58.144,115.4,3313,1,1749258134,LC4
40.784,33.264,105.512,40.776,33.08,105.384,1734,0.998458235,1749020373,LC22_R
24.384,43.072,105.328,24.32,43.248,105.456,2557,0,1749020373,LC22_R
30.112,34.696,103.104,30.12,34.744,102.968,2697,0.990249326,1749020373,LC22_R
49.992,26.992,101.496,50.024,27.04,101.624,1761,0.167148031,1749020373,LC22_R
38.992,31.976,105.432,39.056,31.872,105.416,2220,0.979467347,1749020373,LC22_R
43.808,27.992,105.752,43.784,27.992,105.584,1856,0.224035179,1749020373,LC22_R
28.224,33.48,103.52,28.264,33.576,103.64,1494,0.995171234,1749020373,LC22_R
23.552,43.656,104.568,23.704,43.64,104.56,2552,0,1749020373,LC22_R
23.368,43.632,104.48,23.712,43.632,104.544,2552,0,1749020373,LC22_R
29.624,34.872,102.984,29.616,34.88,102.864,2697,0.990249326,1749020373,LC22_R
45.408,27.664,105.352,45.272,27.872,105.408,1854,0.999994105,1749020373,LC22_R
43.928,27.744,105.6,43.752,27.816,105.56,1856,0.224035179,1749020373,LC22_R
36.848,29.576,101.968,36.936,29.512,101.816,2663,0.976598161,1749020373,LC22_R
43.744,27.536,105.768,43.608,27.488,105.736,1857,0.978344349,1749020373,LC22_R
22.816,43.32,105.584,22.84,43.08,105.64,2549,0.939033154,1749020373,LC22_R
44.616,27.856,106.648,44.68,28.056,106.4,1855,0.26053334,1749020373,LC22_R
52.32,31.048,110.448,52.472,31.272,110.44,1822,0.975453174,1749020373,LC22_R
52.2,28,108.632,52.344,27.72,108.552,1808,0.437846334,1749020373,LC22_R
29.08,34.592,103.464,28.992,34.736,103.472,1494,0.995171234,1749020373,LC22_R
52.312,33.464,111.72,52.432,33.272,111.672,1827,0,1749020274,LC22_R
26.64,32.328,99.648,26.648,32.432,99.432,2033,0.981509756,1749020274,LC22_R
48.232,26.448,100.96,48.312,26.56,100.912,1762,0,1749020274,LC22_R
48.36,26.552,101.144,48.432,26.624,101.032,1762,0,1749020274,LC22_R
35.8,28.384,101.552,36.016,28.376,101.616,2666,0,1749020274,LC22_R
47.432,26.776,102.096,47.528,26.76,102.184,1753,0.998317466,1749020274,LC22_R
35.832,29.464,101.32,35.88,29.496,101.416,2661,0,1749020274,LC22_R
51.88,26.84,107.696,51.848,27,107.64,1807,0,1749020274,LC22_R
48.864,26.048,100.368,49.016,26.272,100.464,1759,0,1749020274,LC22_R
40.04,32.8,105.072,40.008,32.608,105.096,1734,0.998458235,1749007519,LC22_R
41.96,30.096,103.584,41.896,30.096,103.384,1737,0.998226173,1749007519,LC22_R
35.992,36.424,106.512,36.056,36.568,106.496,2482,0,1749007519,LC22_R
29.392,34.272,102.496,29.368,34.544,102.536,2697,0.990249326,1749007519,LC22_R
35.16,37.288,106.304,35.28,37.24,106.184,3838,0,1749007519,LC22_R
34.92,37.472,106.456,34.776,37.496,106.232,3838,0,1749007519,LC22_R
40.208,32.864,104.72,40.304,32.72,104.784,1734,0.998458235,1749007519,LC22_R
52.512,25.408,106.84,52.616,25.32,106.664,1804,0,1749007519,LC22_R
51.936,31.888,110.752,52.104,31.76,110.848,1822,0.975453174,1749007519,LC22_R
33.112,35.168,105.848,33.056,34.952,105.76,2677,0.980320771,1749007519,LC22_R
39.848,32.272,104.064,39.88,32.104,104.088,2218,0,1749007519,LC22_R
33.424,32.464,102.04,33.536,32.504,102.152,2653,0.140937362,1749007402,LC22_R
24.36,43.488,106.328,24.312,43.448,106.184,2556,0.386236745,1749007402,LC22_R
34.04,31.64,102.032,33.952,31.6,102.184,2654,0.98602504,1749007402,LC22_R
33.04,34.592,105.016,33.12,34.368,104.968,2677,0.980320771,1749007402,LC22_R
21.44,31.528,106.52,21.408,31.328,106.728,1501,0.917021747,1747625772,WED075_R
25.456,31.864,106.848,25.448,31.68,106.688,1496,0.985549951,1747625772,WED075_R
25.096,31.896,106.488,25.224,31.624,106.584,1496,0.985549951,1747625772,WED075_R
35.904,56.92,89.056,35.776,56.888,89.168,1385,0.965682724,1746858454,LPLC1_R
34.44,59.144,92.392,34.152,59.152,92.32,1326,0.10391098,1746858454,LPLC1_R
15.216,58.832,112.48,15.136,58.712,112.648,948,0.982124447,1746858454,LPLC1_R
13.976,58.248,108.712,13.952,58.432,108.736,627,0.962199674,1746858454,LPLC1_R
32.584,59.56,101.824,32.456,59.488,101.88,3844,0.384510274,1746858454,LPLC1_R
36.584,54.24,105.648,36.712,54.392,105.672,3180,0.474125825,1746858454,LPLC1_R
12.704,59.408,101.56,12.664,59.488,101.456,2328,0.365110811,1746858454,LPLC1_R
36.104,56.808,89.44,35.896,56.76,89.472,1385,0.965682724,1746858454,LPLC1_R
35.752,58.984,90.728,35.68,59.112,90.688,1396,0,1746858454,LPLC1_R
44,55.144,93.776,43.896,55.104,93.888,2157,0.995381721,1746858454,LPLC1_R
36.224,59.4,91.088,36.128,59.472,90.936,1396,0,1746858454,LPLC1_R
24.744,55.176,100.864,24.816,55.04,100.912,2979,0.990185762,1746858454,LPLC1_R
36.704,54.68,105.032,36.936,54.6,105.04,3180,0,1746858454,LPLC1_R
24.504,59.136,99.872,24.4,59.088,99.912,2962,0.998981384,1746858454,LPLC1_R
16.168,56.424,105.952,16.272,56.528,105.8,1043,0.964105279,1746858454,LPLC1_R
23.904,60.808,115.536,24.096,60.816,115.376,383,0.999465517,1745821751,LC4
16.52,68.504,126.64,16.536,68.464,126.816,1056,0,1745821751,LC4
39.736,81.624,129.952,39.688,81.848,129.744,112,0.977119447,1745821751,LC4
16.52,68.776,126.464,16.352,68.584,126.408,1056,0,1745821751,LC4
46.704,80.352,124.608,46.536,80.448,124.464,49,0.990617259,1745821751,LC4
41.368,79.68,124.392,41.328,79.744,124.448,17,0.982071665,1745821751,LC4
41.928,79.824,124.688,41.752,79.944,124.664,17,0.982071665,1745821751,LC4
39.48,81.056,128.792,39.576,81.112,128.68,112,0.977119447,1745821751,LC4
16.56,69.928,128.512,16.648,69.864,128.624,656,0.999971551,1745821751,LC4
36.704,77.912,125.568,36.904,77.96,125.632,3791,0,1745821751,LC4
40.128,80.688,129.784,40.232,80.552,129.664,110,0,1745821751,LC4
33.904,72.208,123.344,34.048,72.288,123.264,160,0.31181019,1745821751,LC4
16.04,70.136,128.904,16.248,70.104,128.992,656,0.999971551,1745821751,LC4
19.768,62.064,121.568,19.968,62.168,121.56,461,0.991641054,1745821751,LC4
19.416,63.296,122.52,19.384,63.344,122.648,462,0.99384092,1745821751,LC4
32.92,55.984,102.696,32.824,55.784,102.816,3214,0.990377112,1723386459,LPLC1_R
42.12,59.056,95.656,42.048,59.024,95.536,2170,0,1723386459,LPLC1_R
37.488,54.64,106.072,37.304,54.792,106.168,3186,0,1723386459,LPLC1_R
30.336,56.384,102.048,30.48,56.288,102.048,3842,0,1723386459,LPLC1_R
30.312,54.52,109.904,30.312,54.672,109.856,3371,1,1723386459,LPLC1_R
32.816,55.176,101.32,32.8,54.992,101.384,3213,0.995001618,1723386459,LPLC1_R
32.904,55.184,102.416,32.744,55.2,102.44,3214,0.990377112,1723386459,LPLC1_R
4.256,56.544,103.848,4.144,56.48,103.912,3813,0,1723386459,LPLC1_R
41.832,58.128,98.936,41.88,57.984,98.968,1423,0,1723386459,LPLC1_R
36.808,54.288,105.76,36.72,54.384,105.664,3180,0.474125825,1723386459,LPLC1_R
36.44,54.248,106.048,36.68,54.248,105.952,3177,0.99582869,1723386459,LPLC1_R
41.112,58.592,97.92,40.992,58.592,97.896,1430,0.089605882,1723386459,LPLC1_R
40.896,56.648,100.184,40.944,56.456,100.264,1408,0.170335306,1723386459,LPLC1_R
21.576,61.944,118.592,21.576,62.088,118.6,893,0.988852641,1723325539,NA
2.672,70.744,126.048,2.672,70.888,125.992,770,0,1723325539,NA
15.872,60.952,131.072,15.76,60.856,131,697,0.998094809,1723325539,NA
24.456,68.256,133.832,24.48,67.944,133.912,805,0.997191474,1723325539,NA
2.248,70.736,125.704,2.44,70.912,125.664,770,0,1723325539,NA
34.8,71.48,125.64,34.744,71.392,125.56,168,0.073799006,1723325539,NA
15.688,57.552,120.952,15.8,57.416,121.032,922,0,1723325539,NA
14.432,68.992,135.728,14.296,69.2,135.8,780,0,1723325539,NA
21.24,62.176,118.624,21.368,62.256,118.584,893,0.988852641,1723325539,NA
26.44,57.264,120.064,26.656,57.248,120.08,846,0.997960421,1723325539,NA
13.168,61.936,131.984,13.216,61.808,131.832,699,0.991640355,1723325539,NA
15.008,60.696,124.104,14.744,60.576,124.184,935,0.182160682,1723325539,NA
22.912,58.984,119.888,22.912,58.864,119.816,3381,1,1723325539,NA
18.888,60.456,117.272,19.032,60.456,117.088,460,0.997072266,1723325539,NA
2.232,70.952,126.424,2.472,71.128,126.376,770,0,1723325539,NA
18.464,59.848,117.04,18.608,59.712,116.936,923,0.215960979,1723325539,NA
15.272,60.896,125.128,15.344,61.008,125.184,934,0.974774609,1723325539,NA
15.488,60.96,124.312,15.6,61.056,124.296,931,0,1723325539,NA
15.536,60.456,124.296,15.56,60.248,124.456,929,0.998573893,1723325539,NA
14.952,60.144,124.944,14.936,60.08,124.776,930,0.9008025,1723325539,NA
13.08,61.52,131.896,13.176,61.72,131.8,699,0.991640355,1723325539,NA
34.016,67.112,124.704,34.008,66.968,124.616,144,0.518667849,1723325539,NA
15.336,64.912,122.608,15.344,64.944,122.704,942,0,1723325539,NA
25.048,57.52,97.672,25.032,57.68,97.576,3144,0,1721370146,NA
18.296,56.448,114.616,18.256,56.448,114.488,1203,0,1721365654,LPLC1
42.992,58.16,94.696,42.952,58.152,94.536,2166,0.565456156,1721365654,LPLC1
39.808,54.152,101.264,39.832,54.112,101.128,3306,1,1721365654,LPLC1
18.656,55.704,114.608,18.6,55.656,114.504,1204,0.908911073,1721365654,LPLC1
38.32,55.168,102.32,38.44,55.032,102.416,3103,0,1721365654,LPLC1
41.576,58.96,95.84,41.696,59.04,95.816,2170,0,1721365654,LPLC1
42.488,58.752,95.176,42.464,58.672,94.936,2170,0,1721365654,LPLC1
25.88,59.76,98.864,26.08,59.728,98.928,3848,0.969112223,1721365654,LPLC1
27.72,57.736,96.328,27.84,57.768,96.2,3036,0,1721365654,LPLC1
18.144,58.792,99.36,18.152,58.904,99.24,2651,0.199220824,1721365654,LPLC1
18.304,61.432,108.776,18.304,61.424,108.88,1012,0,1721365654,LPLC1
39.312,59.168,98.248,39.392,59.104,98.144,1437,0,1721365654,LPLC1
23.552,59.696,100.816,23.608,59.64,100.712,2964,0.97990883,1721365654,LPLC1
18.32,58.912,99.32,18.24,58.856,99.208,2650,0.9957756,1721365654,LPLC1
33.008,55.432,102.768,32.888,55.544,102.816,3214,0.990377112,1721365654,LPLC1
13.704,60.616,111.208,13.736,60.504,111.08,392,0.983382618,1721365654,LPLC1
43.264,56.16,91.96,43.216,56.168,92.024,2181,0,1721365654,LPLC1
45.04,57.416,91.888,44.976,57.384,91.776,3730,1,1721365654,LPLC1
43.488,56.776,92.256,43.544,56.672,92.296,2181,0,1721365654,LPLC1
17.8,58.928,99.432,17.92,59.04,99.288,2651,0.199220824,1721365654,LPLC1
54.36,54.744,95.4,54.56,54.728,95.368,449,0.998763414,1721062883,NA
36.936,53.664,97.48,37.056,53.688,97.576,3234,0.972747635,1721041744,NA
29.104,55.136,98.68,29.168,55.248,98.728,2885,0.990987937,1721033913,NA
28.448,56.464,97.176,28.384,56.296,97.184,3030,0.987348345,1721033378,NA
26.688,54.336,97.384,26.8,54.296,97.28,3028,0.142060154,1721029052,NA
41.376,52.296,103.104,41.312,52.336,103.168,3306,1,1721025057,LPLC1_R
39.752,59.584,98.272,39.824,59.456,98.416,1437,0,1721025057,LPLC1_R
29.968,57.4,108.336,29.912,57.4,108.184,3078,0,1721025057,LPLC1_R
4.608,58.808,103.552,4.456,58.728,103.736,617,0.999142902,1721025057,LPLC1_R
22.952,57.064,99.288,22.912,56.944,99.336,2955,0.976417109,1721025057,LPLC1_R
27.968,57.432,109,27.968,57.28,108.904,3072,0.949638474,1721025057,LPLC1_R
23.984,56,111.464,23.856,56.112,111.376,1171,0,1721025057,LPLC1_R
26.192,56.904,109.912,26.344,56.744,109.992,2351,0.999459418,1721025057,LPLC1_R
31.672,58.872,99.136,31.752,58.72,99.232,2872,0.384155109,1721025057,LPLC1_R
13.352,60.232,100.848,13.16,60.168,100.872,2327,0.991979871,1721025057,LPLC1_R
12.92,60.376,100.64,12.968,60.248,100.816,2327,0.991979871,1721025057,LPLC1_R
18.176,56.824,98.464,18.272,56.608,98.456,2652,0,1721020661,NA
25.328,59.776,105.504,25.256,59.744,105.344,3084,0,1721020290,LPLC1_R
22.192,56.08,98.552,22.288,56.176,98.552,2957,0,1721020290,LPLC1_R
22.208,56.232,99.208,22.432,56.192,99.104,2955,0.976417109,1721020290,LPLC1_R
36.528,54.912,99.408,36.712,54.712,99.68,3238,0.990395716,1721020290,LPLC1_R
35.896,52.72,100.952,35.92,52.648,100.832,3306,1,1721020290,LPLC1_R
45.936,55.24,98.056,45.92,55.392,98.048,580,0.964261891,1721020290,LPLC1_R
46.496,55.352,98.032,46.256,55.296,97.952,585,0,1721020290,LPLC1_R
54.968,53.6,94.104,55.12,53.736,94.144,450,0,1721020290,LPLC1_R
46.424,54.832,97.808,46.504,54.936,97.76,581,0.11429866,1721020290,LPLC1_R
23.008,57.288,99.304,23.056,57.28,99.408,2956,0.965947918,1721020290,LPLC1_R
43.488,55.16,92.648,43.392,54.952,92.552,2200,0.120761558,1721020290,LPLC1_R
55.576,53.688,94.104,55.464,53.728,94.208,450,0,1721020290,LPLC1_R
29.984,53.288,110.264,29.872,53.216,110.408,3372,1,1721020290,LPLC1_R
42.304,56.328,99.344,42.248,56.336,99.528,1418,0,1721020290,LPLC1_R
14.392,56.016,116.224,14.6,56.024,116.096,955,0.995886711,1721020290,LPLC1_R
18.976,54.088,114.44,19.024,54.136,114.312,1204,0.908911073,1721020290,LPLC1_R
36.656,54.472,99.92,36.656,54.616,99.944,3238,0.990395716,1721020290,LPLC1_R
40.224,52.608,106.272,40.112,52.464,106.384,3837,0,1721020290,LPLC1_R
42.232,57.512,99.136,42.12,57.528,99.072,1423,0,1721020290,LPLC1_R
34.208,52.968,104.192,33.944,52.96,104.112,3307,1,1721020290,LPLC1_R
23.056,57.56,99.904,23.08,57.432,99.752,2956,0.965947918,1721020290,LPLC1_R
27.84,57.072,96.208,27.744,57.112,96.232,3036,0,1721020290,LPLC1_R
30.352,55.04,98.936,30.336,55.04,99.056,2865,0.986016025,1721020290,LPLC1_R
22.336,55.592,98.736,22.336,55.592,98.808,2954,0.980592746,1721020290,LPLC1_R
11.872,61.456,109.192,11.704,61.384,109.32,1484,0.969855682,1721020290,LPLC1_R
35.968,53.848,105.864,35.968,53.728,105.912,3308,1,1721020290,LPLC1_R
54.8,53.016,94.264,54.88,52.84,94.352,431,0.990618334,1721020290,LPLC1_R
12.552,60.76,110.336,12.432,60.872,110.288,393,0.983837271,1721020290,LPLC1_R
36.44,54.216,98.992,36.392,54.12,99.032,3237,0,1721020290,LPLC1_R
12.456,60.392,111.184,12.688,60.44,111.144,1215,0.98286679,1721020290,LPLC1_R
22.152,55.992,99.032,22.36,55.992,99.008,2955,0.976417109,1721020290,LPLC1_R
36.352,54.08,106.256,36.352,54.12,106.336,3176,0.994771917,1721020290,LPLC1_R
28.032,57.936,96.224,27.944,57.864,96.152,3036,0,1721020290,LPLC1_R
18.656,56.648,98.44,18.528,56.704,98.344,2652,0,1721020290,LPLC1_R
20.2,59.312,111.728,20.16,59.2,111.632,1005,0.999976034,1721020290,LPLC1_R
32.256,59.152,98.416,32.16,59.048,98.472,2874,0.057941528,1721020290,LPLC1_R
41.776,56.024,99.736,41.816,56.152,99.744,1407,0.999996722,1721020290,LPLC1_R
24.776,59.448,109.688,24.624,59.56,109.68,1164,0.985589048,1721020290,LPLC1_R
42.952,54.128,93.944,43.112,54.24,93.864,2208,0.995237509,1721020290,LPLC1_R
14.856,53.872,97.408,15.056,53.848,97.376,2116,0,1721016026,NA
49.152,50.848,97.608,49.048,50.96,97.48,198,0.999630607,1720718317,NA
38.672,52.16,98.144,38.592,52.048,98.152,1268,0.987666367,1720700952,NA
35.48,52.304,97.296,35.448,52.096,97.248,3544,1,1720696452,NA
29.896,52.688,97.064,29.952,52.704,96.904,2104,0.997960062,1720692398,NA
28.28,51.208,97.48,28.28,51.208,97.632,2104,0.997960062,1720692379,NA
30.232,52.392,96.728,30.072,52.36,96.832,2104,0.333483513,1720692172,NA
27.808,52.408,97.296,27.84,52.464,97.512,2104,0.997960062,1720688096,NA
28.136,51.568,97.4,28.16,51.536,97.472,2104,0.997960062,1720687920,NA
55.016,46.632,96.712,55.136,46.576,96.568,3811,0,1720381427,NA
50.384,47.88,97.672,50.28,47.872,97.72,1579,0.999996558,1720377545,NA
52.224,46.896,97.36,52.216,47.008,97.408,551,0.981760089,1720377506,NA
49.76,49.848,96.92,49.696,49.912,96.808,198,0.999630607,1720377343,NA
50.856,49.832,96.608,50.752,49.936,96.576,198,0.999630607,1720377083,NA
47.288,49.816,98.376,47.36,50.016,98.288,3300,1,1720373285,NA
32.696,49.816,96.96,32.64,49.896,96.856,2596,0.979859438,1720355529,NA
28.28,47.928,104.912,28.184,47.984,104.96,2575,0.970315684,1720347353,NA
4.768,50.448,97.768,4.56,50.544,97.52,2338,0.98344697,1720321321,NA
15.064,65.344,142.928,15.344,65.384,142.808,752,0.963175935,1720321321,NA
15.512,65.224,142.624,15.424,65.168,142.904,753,0.088323391,1720321321,NA
20.896,56.44,127.728,21.056,56.44,127.688,977,0.082199047,1720321321,NA
25.56,48.912,111.424,25.416,48.912,111.336,2570,0.98619688,1720321321,NA
4.976,51.152,97.216,4.976,51.192,97.072,3646,1,1720321321,NA
11.496,67.192,139.992,11.472,67.192,139.856,723,0.951637921,1720321321,NA
11.568,66.856,139.92,11.456,66.752,139.936,732,0.991287522,1720321321,NA
4.896,50.448,97.48,4.64,50.552,97.64,2338,0.98344697,1720321321,NA
25.856,49.344,103.688,25.856,49.544,103.688,2565,0,1720321321,NA
19.176,55.768,125.84,19.304,55.64,125.936,980,0,1720321321,NA
33,57.256,125.208,32.976,57.168,125.296,884,0.18231953,1720321321,NA
19.376,55.296,125.488,19.32,55.176,125.56,1478,0.984181944,1720321321,NA
33.128,57.424,125.232,33.32,57.656,125.504,884,0.12366834,1720321321,NA
21.456,56.608,128.216,21.832,56.688,128.048,976,0.966405331,1720321321,NA
20.232,63.704,141.408,20.168,63.6,141.448,712,0,1720321321,NA
22.208,57.072,128.52,22.272,56.92,128.496,976,0.966405331,1720321321,NA
35.376,72.568,121.616,35.44,72.56,121.816,157,0.968820351,1720109208,NA
42.104,74.096,118.496,42.344,74.056,118.56,264,0,1720109208,NA
40.328,70.328,118.48,40.216,70.424,118.504,239,0,1720109208,NA
41.64,66.992,117.48,41.672,66.936,117.6,219,0,1720109208,NA
42.16,73.712,118.264,42.384,73.992,118.456,264,0,1720109208,NA
30,45.832,98.568,29.984,45.68,98.584,2603,0.963171708,1720010321,NA
31.272,44.648,95.312,31.272,44.696,95.432,2818,0.49878881,1720009550,NA
30.072,43.576,95.352,30.104,43.736,95.232,2819,0,1720009501,NA
23.36,45.8,98.856,23.696,45.896,98.728,2528,0.454138208,1720001736,NA
39.4,41.544,98.344,39.328,41.512,98.208,2391,0.966782928,1719682406,NA
34.456,44.328,100.176,34.432,44.088,100.064,2796,0,1719678048,LPLC4_R
40.496,40.168,103.28,40.312,40.088,103.464,1700,0.974768892,1719678048,LPLC4_R
30.656,41.376,94.728,30.824,41.248,94.568,1592,0,1719678048,LPLC4_R
46.528,34.016,105.4,46.512,33.816,105.384,1789,0.999962687,1719678048,LPLC4_R
33.856,44.024,100.4,33.912,43.872,100.272,2796,0,1719678048,LPLC4_R
40.192,39.36,103.808,40.296,39.496,103.856,1700,0.974768892,1719678048,LPLC4_R
41.168,26.376,102.208,41.136,26.248,102.264,1740,0.999944394,1719678048,LPLC4_R
39.912,36.768,100.44,39.736,36.824,100.36,1707,0.997373225,1719678048,LPLC4_R
33.84,43.64,100.712,33.72,43.64,100.576,2795,0.899122786,1719678048,LPLC4_R
35.424,40.08,91.52,35.304,40.016,91.424,2775,0.954700555,1719678048,LPLC4_R
40.136,38.168,100.792,40.008,38.24,100.8,1705,0.968662281,1719678048,LPLC4_R
28.68,47.272,105.4,28.792,47.288,105.504,2579,0,1719678048,LPLC4_R
39.152,38.616,101.12,39.128,38.568,101,1706,0.080635481,1719678048,LPLC4_R
38.424,39.144,101.376,38.288,39.144,101.312,2384,0,1719678048,LPLC4_R
45.784,33.736,104.448,45.64,33.64,104.632,1789,0.999962687,1719678048,LPLC4_R
40.08,39.136,102.048,40.232,39.016,102.056,1704,0.97915605,1719678048,LPLC4_R
28.624,30.128,97.152,28.824,30.008,97.16,3595,1,1719678048,LPLC4_R
36.368,40.832,90.984,36.216,40.688,90.728,2777,0.997502268,1719678048,LPLC4_R
15.8,71.584,136.408,15.8,71.584,136.536,690,0,1719643238,PLP083_R
28.208,53.528,89.584,28.208,53.464,89.648,2855,0.966221956,1719643238,PLP083_R
28.12,58.376,124.224,28.36,58.296,124.128,881,0,1719643238,PLP083_R
30.312,58.488,124.544,30.28,58.424,124.6,881,0.998174731,1719643238,PLP083_R
32.952,57.36,125.816,32.92,57.496,125.776,884,0.18231953,1719643238,PLP083_R
19.288,57.096,126.088,19.208,57.208,126.16,971,0.975793151,1719643238,PLP083_R
2.8,47.792,92.392,2.696,47.648,92.464,2145,0,1719643238,PLP083_R
27.288,53.92,89.352,27.272,53.816,89.44,2856,0.923623381,1719643238,PLP083_R
32.248,57.856,126.84,32.384,57.792,126.888,883,0.958470851,1719643238,PLP083_R
28.488,58.528,124.928,28.56,58.44,124.84,868,0.964407905,1719643238,PLP083_R
26.832,49.448,102.552,26.776,49.568,102.608,2573,0,1719643238,PLP083_R
23.96,67.208,135.736,24.128,67.056,135.84,3386,0,1719643238,PLP083_R
32.464,48.024,91.328,32.592,47.896,91.392,2845,0.995530363,1719569268,LC22_R
28.048,36.168,105.056,27.912,36.072,104.96,2012,0.908865218,1719569268,LC22_R
24.072,42.904,103.504,24.104,43.048,103.448,2541,0.294451645,1719332432,LC22_R
32.864,33.88,105.2,33.016,34.16,105.08,2677,0.980320771,1719332432,LC22_R
23.616,43.104,104.208,23.712,43.224,104.32,2551,0,1719332432,LC22_R
40.2,40.736,103.608,40.072,40.776,103.784,1699,0.967274621,1719332432,LC22_R
51.064,27.048,101.84,50.944,27.008,101.984,3501,1,1719332432,LC22_R
38.488,33.464,98.184,38.376,33.616,98.136,2370,0.532570222,1718995751,NA
24.2,43.304,103.328,24.08,43.328,103.432,2541,0.294451645,1718995507,LC22_R
33.048,33.712,103.608,32.992,33.528,103.64,2675,0,1718995507,LC22_R
33.072,33.792,102.752,33.016,33.632,102.736,1940,0.991214069,1718995507,LC22_R
42.488,30.352,104.344,42.208,30.392,104.504,1843,0.428928571,1718995507,LC22_R
42.768,29.616,104.616,42.64,29.656,104.864,1860,0,1718995507,LC22_R
30.04,35.488,98.656,30.2,35.368,98.76,1453,0,1718987406,NA
28.4,36.48,97.32,28.288,36.592,97.264,2736,0,1718987167,NA
43.192,51.888,85.904,43.128,51.784,85.784,1332,0.972017453,1718749619,PS096_c_R
43.528,51.984,85.672,43.376,51.864,85.552,1332,0.972017453,1718749619,PS096_c_R
39.008,56.384,85.688,38.96,56.408,85.584,1383,0,1718749619,PS096_c_R
29.376,31.064,98.2,29.44,30.952,98.136,1455,0,1718646521,NA
30.136,39.744,91.664,30.192,39.672,91.528,1599,0,1718645916,LPLC4
38.376,38.264,104.6,38.36,38.408,104.72,2364,0.348111701,1718645916,LPLC4
37.712,39.376,108.68,37.56,39.416,108.888,1712,0.947942999,1718645916,LPLC4
34.984,31.448,96.632,35.104,31.472,96.688,2687,0.951867111,1718645916,LPLC4
40.936,38.784,103.848,40.992,39.016,103.816,3121,0.26980211,1718645916,LPLC4
47.28,26.424,104.72,47.088,26.4,104.728,1765,0.962858739,1718645916,LPLC4
32.016,39.064,94.896,31.928,39.168,94.68,1356,0.248942247,1718645916,LPLC4
38.744,30.4,108.032,38.552,30.376,107.728,2248,0,1718645916,LPLC4
41.176,30.752,102.312,41.384,30.824,102.168,1871,0.998864385,1718645916,LPLC4
37.888,39.608,109,37.728,39.72,108.928,3512,1,1718645916,LPLC4
37.152,38.448,109.024,37.024,38.568,108.992,3513,1,1718645916,LPLC4
40.792,31.08,103.24,40.736,31.192,103.384,1735,0.949786551,1718645916,LPLC4
34.736,32.328,97.24,34.88,32.4,97.288,3840,0,1718645916,LPLC4
41.44,30.816,102.88,41.472,30.576,102.952,1737,0.998226173,1718645916,LPLC4
30.056,42.592,91.216,30.008,42.64,91.36,2641,0.165075473,1718645916,LPLC4
40.456,39.064,103.968,40.464,39.296,103.792,1700,0.974768892,1718645916,LPLC4
34.872,31.864,96.664,35.032,31.864,96.752,2687,0.951867111,1718645916,LPLC4
32.888,43.784,98.88,33.016,43.92,98.952,3262,0.988130488,1718645916,LPLC4
35.016,41.992,104.96,35.064,41.856,105.008,2708,0,1718645916,LPLC4
29.496,30.76,97.208,29.416,30.848,97.184,1455,0,1718645775,NA
28.608,35.656,96.936,28.496,35.768,96.816,2737,0.911853021,1718308979,LPLC4_R
37.28,38.824,100.256,37.36,38.96,100.296,2378,0.98113785,1718308979,LPLC4_R
28.264,36.608,96.912,28.264,36.448,96.904,2740,0,1718308979,LPLC4_R
44.952,31.848,100.384,44.984,31.976,100.344,1998,0.936913333,1718308979,LPLC4_R
44.64,32.016,100.592,44.76,32.072,100.384,1998,0.936913333,1718308979,LPLC4_R
44.928,42.824,105.92,44.904,42.872,106.104,2093,0.994581302,1718308979,LPLC4_R
28.288,37.84,97.088,28.24,37.752,97.296,2735,0.945580608,1718308979,LPLC4_R
28.296,37.704,97.216,28.24,37.752,97.288,2735,0.945580608,1718308979,LPLC4_R
44.888,33.136,104.864,44.936,33.256,104.84,1789,0.999962687,1718308979,LPLC4_R
38.456,39.416,109.504,38.304,39.528,109.624,2497,0.328542269,1718308979,LPLC4_R
32.48,32.272,104.192,32.4,32.432,104.216,2668,0,1718308979,LPLC4_R
35.088,41.928,99.424,35.096,42.104,99.384,2805,0.987094544,1718308979,LPLC4_R
32.496,31.584,104.032,32.352,31.48,104.152,2674,0,1718308979,LPLC4_R
28.584,37.128,97.752,28.424,37.08,97.8,2021,0.979855823,1718308979,LPLC4_R
47.24,31.96,105.392,47.12,32.088,105.512,1790,0.975600246,1718308979,LPLC4_R
45.288,32.848,105.056,45.36,33.072,104.976,1789,0.999962687,1718308979,LPLC4_R
32.848,32.856,104,32.784,32.92,104.024,2668,0,1718308979,LPLC4_R
36.664,31.92,109.264,36.832,32.04,109.216,2244,0.99285409,1718308979,LPLC4_R
45.112,43.4,105.984,45.072,43.4,106.184,2093,0.994581302,1718308979,LPLC4_R
33.056,40.28,109,33.2,40.192,109.064,2719,0.948761412,1718308979,LPLC4_R
32.328,41.336,108.96,32.184,41.4,109,2718,0,1718308979,LPLC4_R
31.968,41.712,108.448,31.904,41.768,108.552,2716,0.982887726,1718308979,LPLC4_R
30.528,27.4,98.376,30.432,27.424,98.2,1466,0.125155975,1718305383,NA
30.256,27.552,97.84,30.216,27.736,97.92,1457,0.206326501,1718305338,NA
53.56,51.56,88.296,53.552,51.56,88.16,522,0.169537418,1718067830,PS094_R
54.648,52.064,89.96,54.752,52.016,90.04,367,0,1718067830,PS094_R
54.296,52.568,89.816,54.352,52.72,89.808,366,0,1718067830,PS094_R
54.68,52.768,89.6,54.408,52.768,89.688,366,0,1718067830,PS094_R
58.592,49.592,92.792,58.696,49.688,92.792,3767,1,1718067830,PS094_R
26.464,33.384,98.184,26.28,33.568,98.04,2612,0,1717968338,LPLC4
44.536,28.808,104.4,44.592,28.688,104.504,1849,0.999155562,1717968338,LPLC4
36.848,40.304,91.04,36.88,40.152,91,2779,0.142719789,1717968338,LPLC4
35.256,32.624,97.312,35.096,32.688,97.36,3840,0,1717968338,LPLC4
39.888,25.28,102.152,39.888,25.28,102.032,1741,0.919357781,1717968338,LPLC4
40.352,25.6,102.272,40.456,25.568,102.168,1741,0.919357781,1717968338,LPLC4
47.584,33.144,105.408,47.528,33.096,105.536,1790,0.975600246,1717968338,LPLC4
37.384,38.88,109.272,37.248,38.944,109.152,1712,0.947942999,1717968338,LPLC4
26.408,33.456,97.952,26.296,33.552,98,2612,0,1717968338,LPLC4
31.312,31.752,100.016,31.52,31.576,100.112,1945,0.985805041,1717968338,LPLC4
29.816,38.072,93.416,29.72,38.16,93.544,2700,0.97494878,1717968338,LPLC4
24.272,45.432,101,24.304,45.544,100.904,2534,0,1717968338,LPLC4
33.896,43.904,99.872,34.016,43.848,99.984,2796,0,1717968338,LPLC4
33.496,43.968,99.352,33.712,44,99.184,2794,0.937381879,1717968338,LPLC4
47.496,34.456,107.392,47.4,34.152,107.4,1813,0.966442524,1717968338,LPLC4
47.848,34.424,107.456,47.896,34.232,107.552,1813,0.966442524,1717968338,LPLC4
24.512,46.088,101.984,24.512,45.88,102.008,2535,0.990319677,1717968338,LPLC4
24.296,46.104,102.064,24.464,45.88,102.016,2535,0.990319677,1717968338,LPLC4
33.824,28.792,99.56,33.752,28.792,99.504,3829,0,1717968338,LPLC4
48.256,26.52,100.04,48.008,26.568,99.976,1757,0.497863179,1717968338,LPLC4
47.824,26.704,100.736,48.064,26.624,100.624,1756,0.993248742,1717968338,LPLC4
30.792,26.368,98.184,30.912,26.496,98.224,1466,0.125155975,1717964033,NA
19.32,69.776,126.408,19.44,69.864,126.584,647,0.984823873,1715459859,LC4
18.6,69.808,126.656,18.592,69.648,126.744,3389,0,1715459859,LC4
34.576,70.976,126.4,34.552,70.88,126.368,171,0.991230516,1715459859,LC4
43.432,78.856,122.648,43.48,78.64,122.544,42,0.995142586,1715459859,LC4
42.848,76.736,124.352,42.848,76.672,124.264,39,0.960581879,1715459859,LC4
35.216,56.288,115.208,35.168,56.392,114.992,3312,1,1715459859,LC4
35.92,56,114.376,35.696,56.024,114.44,425,0,1715459859,LC4
35.96,56.776,114.208,35.816,56.696,114.12,425,0,1715459859,LC4
35.096,78.712,129.768,35.032,78.664,129.632,184,0.251053922,1715459859,LC4
42.664,81.896,124.416,42.48,81.952,124.328,18,0.991055168,1715459859,LC4
35.184,78.04,129.496,35.312,78.048,129.52,183,0.980917867,1715459859,LC4
33.28,56.232,116.888,33.488,56.152,116.92,414,0.978555519,1715459859,LC4
24.424,63.28,118.848,24.376,63.288,118.672,461,0.991641054,1715459859,LC4
21.312,66.968,124.08,21.424,66.896,124.032,848,0.973668176,1715459859,LC4
13.856,64.168,126.136,13.704,64.152,126.096,1154,0.956894192,1715459859,LC4
22.384,67.448,123.664,22.28,67.4,123.568,860,0.957972609,1715459859,LC4
40.32,75.664,126.688,40.32,75.76,126.6,15,0.990860111,1715459859,LC4
42.056,75.584,125.04,42.072,75.496,124.856,38,0.933110804,1715459859,LC4
35.112,76.592,129.864,35.144,76.592,130.008,182,0.980970952,1715459859,LC4
33.672,71.592,127.544,33.864,71.496,127.6,172,0.985497338,1715459859,LC4
39.824,74.848,126.248,39.824,75.032,126.088,15,0.990860111,1715459859,LC4
41.44,75.56,125.304,41.36,75.592,125.2,38,0.933110804,1715459859,LC4
14.152,62.952,111.048,14.208,62.904,110.976,1201,0.098378832,1691310419,PVLP026_R
21.088,61.576,121.016,20.952,61.696,120.944,461,0.991641054,1691310419,PVLP026_R
13.928,62.176,112.28,13.928,62.016,112.272,1200,0.987890007,1691310419,PVLP026_R
17.512,75.928,130.984,17.512,76.056,131.088,671,0.96503746,1691310419,PVLP026_R
24.072,65.008,118.976,24.096,64.856,118.896,461,0.991641054,1691310419,PVLP026_R
43.736,73.776,119.296,43.672,73.68,119.096,262,0.64780165,1691310419,PVLP026_R
33.216,59.488,94.064,33.04,59.44,94.152,1329,0.328914681,1690343743,NA
33.192,57.016,94.136,33.272,56.952,94.256,2919,0,1690343722,NA
54.936,54.792,94.272,54.952,54.736,94.144,3772,0,1690028882,NA
54.944,55.448,93.16,54.808,55.424,93.2,470,0,1690028516,NA
54.128,55.752,92.616,54.256,55.792,92.504,454,0.976456012,1690028298,NA
54.656,55.44,92.328,54.64,55.568,92.248,454,0.976456012,1690028209,NA
52.008,55.352,94.656,51.968,55.328,94.432,480,0.997917415,1690024689,NA
51.36,54.992,93.6,51.352,55.064,93.488,480,0,1690024367,NA
50.08,54.792,93.056,50.144,54.792,93.016,477,0,1690024111,NA
50.168,54.224,93.032,50.336,54.328,92.944,477,0.993821622,1690023951,NA
15.208,56.736,114.408,15.144,56.736,114.248,950,0.985035824,1690020010,LPLC1
17.88,63.776,107.448,17.8,63.832,107.304,1027,0,1690020010,LPLC1
23.36,57.176,112.304,23.328,57.368,112.392,1156,0.979335767,1690020010,LPLC1
36.912,58.128,103.616,36.88,58.216,103.704,3194,0.997460401,1690020010,LPLC1
39.736,59.408,97.16,39.776,59.264,97.2,1442,0.169066742,1690020010,LPLC1
25.096,60.512,100.552,25,60.512,100.648,2968,0.983585187,1690020010,LPLC1
9.728,64.456,106.424,9.6,64.56,106.464,598,0.99890695,1690020010,LPLC1
30.016,56.648,100.856,30.176,56.528,100.8,2867,0.121658014,1690020010,LPLC1
12.936,59.032,113.28,12.912,59.128,113.336,952,0.941258267,1690020010,LPLC1
42.92,58.16,94.16,42.976,58.24,94.304,2166,0.98066715,1690020010,LPLC1
17.44,63.024,107.2,17.288,63.256,107.272,1028,0.89876698,1690020010,LPLC1
9.888,61.392,108.92,9.976,61.264,108.88,598,0.99890695,1690020010,LPLC1
10.744,61.504,109.288,10.744,61.48,109.128,598,0.99890695,1690020010,LPLC1
47.824,56.36,94.84,47.84,56.272,94.984,568,0,1690020010,LPLC1
18.024,57.088,114.384,18.048,57.12,114.552,1203,0,1690020010,LPLC1
17.728,56.568,114.416,17.832,56.416,114.368,1203,0,1690020010,LPLC1
8.368,66.632,106.456,8.28,66.6,106.32,600,0.998614686,1690020010,LPLC1
36.24,59.072,100.872,36.264,58.928,100.84,3242,0.979126734,1690020010,LPLC1
24.44,60.16,99.8,24.512,60.048,99.976,2967,0.501148706,1690020010,LPLC1
38.848,59.272,97.648,38.984,59.216,97.816,1441,0.999966433,1690020010,LPLC1
18.08,64.168,107.344,18.168,64.08,107.272,1027,0,1690020010,LPLC1
36.776,55.272,100.352,36.944,55.312,100.48,3238,0.990395716,1690015835,LPLC1_R
36.944,53.936,97.968,37.128,53.872,98.032,3234,0.972747635,1690015835,LPLC1_R
47.816,56.64,95.344,47.816,56.456,95.312,3758,1,1690015835,LPLC1_R
48.752,56.208,96.888,48.808,56.104,96.968,591,0.993271378,1690015835,LPLC1_R
18.288,56.76,108.784,18.416,56.696,108.848,1039,0.953555244,1690015835,LPLC1_R
18.576,56.88,98.44,18.552,56.728,98.32,2652,0,1690015835,LPLC1_R
18.088,56.592,98.384,18.168,56.48,98.32,2652,0,1690015835,LPLC1_R
54.768,52.504,94.008,54.872,52.36,93.968,431,0.399229972,1690015835,LPLC1_R
33.296,55.032,101.088,33.096,55.176,101.088,3217,0.460544378,1690015835,LPLC1_R
51.712,55.48,94.36,51.856,55.384,94.344,480,0.997917415,1690015835,LPLC1_R
33.296,54.784,101.264,33.208,54.624,101.224,3216,0,1690015835,LPLC1_R
42.8,55.592,96.704,42.912,55.56,96.72,2178,0.972219244,1690015835,LPLC1_R
23.344,55.632,105.136,23.112,55.504,104.96,3001,0.965163584,1690015835,LPLC1_R
43.072,55.768,96.408,43.144,55.672,96.424,2178,0.972219244,1690015835,LPLC1_R
23.216,55.672,105.92,23.472,55.712,105.936,3002,0,1690015835,LPLC1_R
43.152,56.224,95.584,43.168,55.968,95.632,2179,0.119670758,1690015835,LPLC1_R
16.44,62.88,107.768,16.56,62.88,107.704,1029,0.977697672,1690015835,LPLC1_R
23.712,55.88,111.376,23.792,55.96,111.36,1171,0,1690015835,LPLC1_R
36.88,54.832,104.984,36.96,54.68,105.064,3180,0,1690015835,LPLC1_R
36.768,53.952,98.528,36.88,53.952,98.608,3234,0.972747635,1690015835,LPLC1_R
26.104,57.744,99.536,26.072,57.528,99.512,3847,0.437109087,1690015835,LPLC1_R
8.232,57.832,109.264,8.192,57.952,109.192,993,0.435967986,1690015835,LPLC1_R
22.48,55.536,104.504,22.496,55.616,104.384,3001,0.965163584,1690011290,LPLC1_R
33.144,54.432,101.152,33.208,54.544,101.2,3216,0,1690011290,LPLC1_R
24.744,55.128,103.112,24.576,55.064,103.072,3667,0,1690011290,LPLC1_R
32.216,58.344,100.056,32.384,58.184,99.984,2871,0.999698847,1690011290,LPLC1_R
24.704,61.072,101.008,24.824,60.952,101.032,2968,0.983585187,1690011290,LPLC1_R
17.304,56.504,106.928,17.544,56.464,106.856,1042,0.888236527,1690011290,LPLC1_R
24.416,55.24,103.688,24.416,55.08,103.704,2992,0.997191165,1690011290,LPLC1_R
22.976,57.664,109.384,23,57.576,109.424,1161,0.991110564,1690011290,LPLC1_R
42.592,53.896,100.12,42.608,54.016,100.064,3304,1,1690011290,LPLC1_R
33.048,54.648,100.936,33,54.728,101.088,3217,0.561601462,1690011290,LPLC1_R
39.336,56.168,94.768,39.336,56.16,94.592,3845,0.091087092,1690011290,LPLC1_R
43.064,58.76,94.328,43.224,58.688,94.256,2167,0.996919285,1690011290,LPLC1_R
14.232,61.856,112.032,14.048,61.832,111.904,1200,0.987890007,1690011290,LPLC1_R
18.6,63.984,105.6,18.752,63.856,105.616,1017,0.390618974,1690011290,LPLC1_R
16.84,60.136,112.472,16.928,60.048,112.392,3438,1,1690011290,LPLC1_R
26.904,54.688,101.904,26.976,54.496,101.792,3008,0.990995043,1690011290,LPLC1_R
42.072,59.064,94.952,42.152,58.928,95.104,2170,0,1690011290,LPLC1_R
36.04,54.376,98.768,36.208,54.184,98.864,3234,0.972747635,1690011290,LPLC1_R
25.448,60.856,100.864,25.176,60.848,101.056,2968,0.983585187,1690011142,LPLC1
5.128,61.216,104.736,5.04,61.096,104.632,989,0,1690011142,LPLC1
5.16,60.928,105.128,4.936,60.864,104.96,989,0,1690011142,LPLC1
23.744,56.144,92.76,23.84,56.112,92.68,3292,0.984038079,1690011142,LPLC1
36.208,56.672,105.088,36.256,56.552,105.176,3191,0,1690011142,LPLC1
37.016,57.472,104.944,36.848,57.496,105.032,3274,0.980418769,1690011142,LPLC1
37.048,58.2,103.784,36.96,58.288,103.64,3194,0.997460401,1690011142,LPLC1
36.936,58.328,103.864,36.816,58.272,103.848,3194,0.997460401,1690011142,LPLC1
37.016,57.288,104.656,37.008,57.152,104.68,3274,0.980418769,1690011142,LPLC1
13.912,58.776,113.04,13.976,58.792,113.2,951,0,1690011142,LPLC1
35.28,53.864,93.368,35.16,53.888,93.408,3567,1,1690006790,NA
27.272,56.56,95.16,27.368,56.68,95.104,3035,0.985006596,1689994426,NA
15.536,58.112,112.472,15.536,58.232,112.536,948,0.982124447,1689994425,LPLC1_R
36.432,55.472,91.616,36.368,55.448,91.896,2910,0.151856462,1689994425,LPLC1_R
26.184,56.376,110.704,26.296,56.336,110.608,2355,0.183156229,1689994425,LPLC1_R
33.024,55.616,109.424,33.096,55.392,109.312,381,0,1689994425,LPLC1_R
30.392,55.232,110.392,30.488,55.176,110.248,3371,1,1689994425,LPLC1_R
41.136,52.792,103.176,40.96,52.52,103.4,3306,1,1689994425,LPLC1_R
19.968,58.816,110.944,19.984,58.952,110.936,1035,0.540313559,1689994425,LPLC1_R
41.032,52.352,103.32,40.984,52.336,103.432,3306,1,1689994425,LPLC1_R
9.928,63.512,106.632,9.72,63.776,106.592,598,0.99890695,1689994425,LPLC1_R
47.96,56.64,97.304,48.024,56.64,97.344,593,0,1689994425,LPLC1_R
10.152,63.328,107.28,10.144,63.408,107.352,598,0.99890695,1689994425,LPLC1_R
25.776,58.232,107.552,25.88,58.28,107.432,3082,0.994222786,1689994425,LPLC1_R
15.328,58.656,112.352,15.208,58.576,112.584,948,0.982124447,1689994425,LPLC1_R
35.616,55.28,106.168,35.68,55.144,106.192,3184,0,1689994425,LPLC1_R
38.312,55.088,93.816,38.336,54.968,93.904,2896,0.994186621,1689994425,LPLC1_R
36.248,55.568,92.368,36.256,55.36,92.336,2910,0.030025404,1689994425,LPLC1_R
47.472,56.352,98.896,47.44,56.184,98.784,588,0.981252049,1689994425,LPLC1_R
33.208,55.016,106.952,33.144,54.936,106.808,3309,1,1689994425,LPLC1_R
38.44,54.344,103.048,38.32,54.48,102.976,3100,0.976407465,1689994425,LPLC1_R
19.664,58.808,110.008,19.768,58.696,110.016,1036,0.996037315,1689994425,LPLC1_R
35.896,54.888,105.744,35.736,54.904,105.912,3184,0,1689994425,LPLC1_R
26.6,57.592,106.736,26.728,57.656,106.848,3085,0,1689994425,LPLC1_R
37.448,56.512,105.888,37.312,56.416,105.8,3187,0.564099325,1689994425,LPLC1_R
4.488,57.968,104.064,4.776,57.984,104.008,619,0.501435575,1689994425,LPLC1_R
4.04,57.688,103.784,3.8,57.688,103.752,620,0.218196239,1689994425,LPLC1_R
21.248,55.328,112.808,21.224,55.48,112.776,1192,0.9644757,1689994425,LPLC1_R
19.968,58.216,110.536,20.016,58.272,110.48,1218,0.884091763,1689994425,LPLC1_R
25.728,58.104,107.176,25.8,58.24,107.184,3082,0.994222786,1689994425,LPLC1_R
32.048,58.488,99.416,31.912,58.6,99.376,2872,0.384155109,1689994425,LPLC1_R
29.272,55.6,111.704,29.16,55.552,111.736,382,0.998851107,1689994425,LPLC1_R
36.944,54.8,105.176,36.92,54.688,105.128,3180,0.474125825,1689994425,LPLC1_R
28.904,57.512,108.912,28.96,57.512,108.816,3072,0.949638474,1689994325,LPLC1_R
5.128,63.288,104.088,5.008,63.352,104.272,613,0,1689994325,LPLC1_R
14.184,56.496,115.328,14.28,56.576,115.208,956,0.046538214,1689994325,LPLC1_R
25.856,58.32,106.728,25.768,58.448,106.752,3477,1,1689994325,LPLC1_R
18.432,57.184,109.792,18.52,57.264,109.68,1037,0.997181941,1689994325,LPLC1_R
38.056,56.44,101.712,37.776,56.536,101.712,3240,0.987715739,1689994325,LPLC1_R
27.024,56.912,95.216,27.24,56.896,95.128,3035,0.985006596,1689994302,NA
27.424,57.144,94.784,27.392,56.984,94.832,3035,0.985006596,1689994302,NA
23.536,59.456,100.704,23.592,59.576,100.688,2964,0.97990883,1689994034,LPLC1
29.712,57.144,106.728,29.744,56.96,106.784,3076,0.981704185,1689994034,LPLC1
18.792,61.08,109.856,18.832,61.008,109.688,1008,0.986799398,1689994034,LPLC1
37.448,57.8,101.664,37.384,57.792,101.768,3243,0,1689994034,LPLC1
19.072,64.68,108.936,19.176,64.744,108.8,1032,0.965163162,1689994034,LPLC1
36.56,57.304,105.224,36.672,57.376,105.152,3194,0,1689994034,LPLC1
37.008,57.144,104.504,37.008,57.104,104.656,3193,0.965279811,1689994034,LPLC1
25.192,60.504,100.928,25,60.544,100.776,2968,0.983585187,1689994034,LPLC1
43.168,55.992,92.112,43.192,56.152,92.04,2181,0,1689994034,LPLC1
37.528,57.84,102.064,37.528,57.656,101.96,3243,0,1689994034,LPLC1
37.2,57.92,101.52,37.176,57.952,101.632,3241,0.959328721,1689994034,LPLC1
11.112,60.904,109.688,11.216,61.016,109.664,598,0.99890695,1689994034,LPLC1
47.8,57.432,97.6,47.896,57.52,97.416,594,0.946500392,1689994034,LPLC1
28.56,56.88,108.472,28.576,57.008,108.576,3072,0.949638474,1689994034,LPLC1
27.528,57.376,108.176,27.56,57.4,108.32,3080,0,1689994034,LPLC1
47.416,55.888,97.864,47.528,55.848,97.96,584,0.99941076,1689994034,LPLC1
48.376,56.472,97.736,48.288,56.384,97.592,589,0,1689994034,LPLC1
25.192,58.024,97.44,25.192,58.016,97.592,3144,0,1689994034,LPLC1
24.112,59.264,99.408,23.976,59.208,99.576,2962,0.998981384,1689994034,LPLC1
43.216,55.192,92.608,43.296,55,92.592,2200,0,1689994034,LPLC1
26.48,57.496,107.784,26.624,57.408,107.848,3080,0.956368985,1689994034,LPLC1
26.536,58.856,101.512,26.496,58.728,101.424,3013,0,1689994034,LPLC1
22.664,57.216,108.888,22.712,57.296,108.768,1161,0.991110564,1689994034,LPLC1
23.224,57.312,109.088,23.04,57.36,108.984,1161,0.991110564,1689994034,LPLC1
4.936,62.984,104.4,5.136,63.248,104.48,613,0,1689994034,LPLC1
42.312,55.272,92.152,42.224,55.304,92.048,2171,0,1689994034,LPLC1
15.112,59.808,111.648,15.008,59.824,111.568,392,0.575435514,1689993656,LPLC1_R
43.4,56.68,99.848,43.416,56.56,99.872,1411,0.89588777,1689993656,LPLC1_R
36.152,54.272,106.584,36.248,54.184,106.536,3308,1,1689993656,LPLC1_R
18.952,64.496,106.376,19.088,64.512,106.44,1016,0.997719259,1689993656,LPLC1_R
43,56.52,100.048,43,56.4,100.168,1411,0.89588777,1689993656,LPLC1_R
26.2,56.512,109.88,26.32,56.704,109.824,2351,0.999459418,1689993656,LPLC1_R
42.416,56.336,99.632,42.32,56.312,99.592,1418,0,1689993656,LPLC1_R
25.072,57.488,97.072,24.976,57.488,97.12,3144,0,1689993656,LPLC1_R
8.608,67.632,105.536,8.496,67.624,105.528,602,0.980801747,1689993656,LPLC1_R
22.264,55.424,114.896,22.584,55.496,114.832,1175,0,1689993656,LPLC1_R
35.672,55.32,93.104,35.864,55.176,93.112,2908,0.989465192,1689993656,LPLC1_R
27.856,56.384,111.048,27.704,56.496,111.112,2347,0.993565487,1689993656,LPLC1_R
41.872,56.488,101.6,41.968,56.416,101.656,1419,0,1689993656,LPLC1_R
28.488,56.168,111.664,28.584,56.2,111.616,3373,1,1689993656,LPLC1_R
36.112,57.12,97.472,36.048,57.088,97.552,3247,0.883962365,1689993656,LPLC1_R
35.288,54.648,93.464,35.184,54.648,93.44,2890,0.995756481,1689993656,LPLC1_R
35.952,57.072,97.448,36.048,57.088,97.544,3247,0.883962365,1689993656,LPLC1_R
17.664,55.768,119.248,17.928,55.616,119.28,906,0,1689993656,LPLC1_R
23.008,58.6,99.704,23.104,58.76,99.552,2963,0,1689993656,LPLC1_R
23.32,57.496,109.248,23.056,57.392,109.24,1161,0.991110564,1689993656,LPLC1_R
12.976,60.12,109.528,12.88,60.2,109.568,393,0.983837271,1689993656,LPLC1_R
25,57.864,96.832,24.88,57.712,97.008,3144,0,1689993656,LPLC1_R
29.488,56.36,107.864,29.464,56.536,107.848,3073,0,1689989557,LPLC1_R
35.536,55.488,106.264,35.664,55.496,106.328,3850,0.985654736,1689989557,LPLC1_R
35.648,55.096,105.848,35.696,54.96,105.952,3184,0,1689989557,LPLC1_R
26.96,59.408,103.928,26.984,59.528,103.952,2970,0.947513226,1689989557,LPLC1_R
4.496,59.736,104.176,4.464,59.616,104.296,617,0.999142902,1689989557,LPLC1_R
4.784,60.68,104.568,4.744,60.792,104.688,989,0,1689989557,LPLC1_R
42.096,55.104,100.008,42.32,54.992,99.96,1405,0,1689989271,LPLC1
23.664,55.928,92.632,23.896,56.064,92.672,3672,1,1689989271,LPLC1
19.072,61.824,107.904,19.152,61.704,108.016,1187,0.390797429,1689989271,LPLC1
19.344,62.76,108.24,19.232,62.752,108.2,1013,0.976211413,1689989271,LPLC1
42.048,55.888,99.928,42.184,55.904,99.912,1410,0.998536372,1689989271,LPLC1
38.68,55.12,102.456,38.544,54.976,102.456,3103,0,1689989271,LPLC1
38.384,55.264,102.48,38.456,55.048,102.432,3103,0,1689989271,LPLC1
19.368,62.008,108.312,19.192,61.92,108.312,1013,0.976211413,1689989271,LPLC1
11.84,59.8,109.752,11.984,59.8,109.864,3441,1,1689989271,LPLC1
11.304,60.872,109.8,11.368,60.944,109.744,597,0.999410295,1689989271,LPLC1
32.6,59.104,102.784,32.672,59.12,102.584,3844,0.461564737,1689989271,LPLC1
30.304,55.904,109.936,30.448,55.752,109.904,3054,0.99965246,1689989271,LPLC1
30.616,55.36,109.144,30.624,55.536,109.272,3066,0,1689989271,LPLC1
10.904,56.592,94.832,10.912,56.464,94.552,2127,0,1689972789,NA
54.832,52.8,94.152,54.904,52.768,94.272,431,0.990618334,1689687330,NA
55.2,52.488,93.648,55.216,52.464,93.52,429,0.987937408,1689687287,NA
49.664,51.928,92.4,49.664,52.032,92.352,198,0.999630607,1689683043,NA
49.24,52.248,92.208,49.384,52.128,92.192,198,0.999630607,1689682904,NA
49.496,51.728,92.288,49.624,51.992,92.312,198,0.999630607,1689678275,NA
44.432,52.4,94.64,44.328,52.424,94.656,3301,1,1689675161,NA
44.352,53.4,92.672,44.352,53.536,92.72,2211,0.979837329,1689674264,NA
37.144,51.008,94.128,37.104,50.88,94.144,1918,0,1689665823,NA
33.592,51.664,92.008,33.568,51.728,92.088,2833,0.984423627,1689661156,NA
26.056,50.832,94.384,26.232,50.768,94.36,2583,0.983262795,1689653050,NA
26.92,50.784,96.664,26.704,50.896,96.784,2260,0.9971419,1689652997,NA
5.688,52.544,94.52,5.752,52.448,94.552,2138,0.987073019,1689627963,NA
6.024,52.232,94.12,5.984,52.208,94.144,2138,0.987073019,1689627603,NA
57.424,46.912,94.296,57.416,46.952,94.128,196,0,1689351081,NA
41.64,49.864,92.656,41.552,49.696,92.656,2053,0,1689328797,NA
42.52,50.104,93.384,42.376,50.24,93.488,2079,0.899940442,1689328797,NA
32.176,48.024,91.704,32.248,48.048,91.744,2845,0.995530363,1689319971,NA
28.312,45.408,94.408,28.216,45.32,94.56,2822,0.999207194,1688975402,NA
24.736,45.128,91.96,24.752,45.096,92.032,2498,0,1688970425,NA
23.88,44.648,94.36,23.824,44.824,94.408,2265,0.953112202,1688966824,NA
45.616,66.432,126.976,45.44,66.464,127.032,89,0.999948124,1688663936,PS189_R
45.016,66.472,127.12,45.232,66.48,127.136,89,0.999948124,1688663936,PS189_R
34.912,40.048,92.016,34.912,39.944,91.88,2774,0.922283082,1688642285,NA
33.312,40.664,93.728,33.392,40.72,93.824,2760,0.127123021,1688638392,NA
28.408,39.672,92.896,28.376,39.584,92.8,2743,0.946918053,1688633914,NA
43.416,73.416,118.992,43.376,73.52,119.072,262,0.64780165,1688505620,LC4
42.456,73.664,120.232,42.4,73.592,120.112,266,0.996388349,1688505620,LC4
42.416,75.168,123.952,42.44,75.176,124.12,45,0.872083432,1688505620,LC4
26.392,57.96,121.392,26.512,57.904,121.424,865,0,1688505620,LC4
26.712,57.992,121.36,26.648,57.888,121.384,865,0,1688505620,LC4
35.408,58.312,120.168,35.408,58.184,120.048,346,0.982473799,1688505620,LC4
35.12,62.368,124.232,35.296,62.368,124.208,295,0.484483016,1688505620,LC4
37.192,70.544,124.48,37.32,70.552,124.384,7,0.998380556,1688505620,LC4
41.056,74.344,122.984,41.144,74.568,123.04,43,0,1688505620,LC4
35.232,61.824,123.328,35.384,61.888,123.488,295,0.157478978,1688505620,LC4
18.376,68.52,123.68,18.272,68.432,123.696,1083,0.99287325,1688505620,LC4
41.992,75.016,123.576,41.816,75.112,123.56,43,0,1688505620,LC4
20.304,71.272,124.808,20.408,71.056,124.744,650,0.994438942,1688505620,LC4
35.92,29.68,102.16,36.008,29.72,101.792,2661,0.671336952,1688302103,LC22_R
45.088,48.16,103.36,45.008,48.024,103.216,2437,0.449535582,1688302103,LC22_R
46.04,48.824,102.784,46.04,48.92,102.848,2438,0,1688302103,LC22_R
35.936,28.704,101.744,36.008,28.672,101.544,2662,0.981021211,1688302103,LC22_R
45.464,36.784,109.144,45.52,37.008,109.136,1910,0.979692131,1688302103,LC22_R
29.72,37.992,93.808,29.632,38.032,93.688,2700,0.97494878,1688293515,NA
32.144,35.152,93.072,32.216,35.08,92.936,2947,0,1687956216,NA
28.696,29.528,95.16,28.728,29.336,95.128,1458,0,1687611568,NA
28.48,28.056,95.112,28.56,27.928,95.136,1459,0.995152669,1687270403,NA
28.648,28.392,95.232,28.744,28.512,95.216,1458,0,1687270403,NA
28.48,28.792,96.224,28.512,28.92,96.224,1456,0.983495861,1687270403,NA
27.824,28.528,93.624,27.928,28.56,93.584,1461,0.999496926,1687265255,NA
23.088,45.448,101.4,23.2,45.424,101.488,2533,0.999107414,1686932677,LPLC4_R
44.112,32.832,103.592,44.16,33.024,103.56,1836,0.983293208,1686932677,LPLC4_R
31.08,25.656,98.208,31.152,25.84,98.24,1467,0.925780569,1686932677,LPLC4_R
43.992,42.144,106.728,43.8,41.984,106.544,2093,0.994581302,1686932677,LPLC4_R
43.512,40.52,107.856,43.488,40.488,107.608,2100,0,1686932677,LPLC4_R
33.248,45.152,89.36,33.304,45.336,89.256,2846,0.94789464,1686932677,LPLC4_R
31.736,26.032,98.336,31.56,26.12,98.456,1467,0.925780569,1686932677,LPLC4_R
41.552,38.712,107.4,41.416,38.608,107.448,2101,0.193909548,1686932677,LPLC4_R
27.312,38.128,97.784,27.2,37.944,97.944,2610,0.991407904,1686932677,LPLC4_R
44.304,41.528,106.272,44.272,41.648,106.136,2093,0.994581302,1686932677,LPLC4_R
32.952,41.016,95.12,32.872,41.04,95.04,1348,0.997854244,1686932677,LPLC4_R
43.712,41.008,107.24,43.552,41.048,107.2,2091,0.97799719,1686932677,LPLC4_R
24.136,44.904,100.864,24.168,44.912,100.744,2534,0,1686932677,LPLC4_R
39.656,35.704,104.088,39.712,35.704,104.224,2357,0.975402331,1686932677,LPLC4_R
32.576,35.448,95.008,32.808,35.416,94.92,1967,0.900774054,1686932677,LPLC4_R
33.768,41.136,95.088,33.84,41.304,95.064,1350,0.581577035,1686932677,LPLC4_R
39.792,37.648,106.928,39.888,37.544,107,1728,0.997912907,1686932677,LPLC4_R
35.888,41.152,93.056,35.8,41.24,92.968,2785,0.903942466,1686932677,LPLC4_R
113.648,3.232,94.912,113.504,3.328,94.944,3802,0.957063611,1684986938,NA
111.872,4.208,94.2,111.848,4.152,94.2,3802,0.957063611,1684982241,NA
48.944,73.48,125.144,48.704,73.496,125.208,3790,0,1664097010,SAD049_R
64.08,49.192,92.528,64.128,49.36,92.464,360,0.996094954,1663778352,LAL061_R
64.16,48.984,92.52,64.208,49.248,92.392,360,0.996094954,1663778352,LAL061_R
14.68,78.616,141.016,14.624,78.592,140.92,688,0.991637177,1663017965,WED104_R
14.632,77.024,140.872,14.744,77.064,140.808,687,0.999750968,1663017965,WED104_R
-0.208,49.168,88.56,-0.216,49.48,88.448,2147,0.110661207,1661769627,M_l2PN3t18_R
-0.048,49.824,89.712,0.112,49.664,89.664,2147,0,1661769627,M_l2PN3t18_R
-0.392,49.664,88.336,-0.264,49.592,88.384,2147,0.110661207,1661769627,M_l2PN3t18_R
-0.064,49.32,89.096,-0.008,49.496,89.08,2147,0,1661769627,M_l2PN3t18_R
19.936,52.32,120.816,20.016,52.36,120.92,1133,0.998287961,1660267880,AVLP515_R
40.072,53.976,100.96,39.888,54.04,101.024,3306,1,1660219098,LPLC1_R
29.36,56.64,107.92,29.456,56.64,107.84,3073,0,1660219098,LPLC1_R
43.576,56.216,95.448,43.464,56.224,95.552,2179,0,1660219098,LPLC1_R
37.816,55.656,101.648,37.696,55.696,101.528,3244,0,1660219098,LPLC1_R
11.424,59.736,100.992,11.528,59.816,100.936,2326,0.077375674,1660219098,LPLC1_R
43.632,58.736,94.536,43.512,58.768,94.296,2167,0.996919285,1660219098,LPLC1_R
11.656,60.216,100.784,11.504,60.2,100.712,2325,0.996920047,1660219098,LPLC1_R
18.464,59.216,113.12,18.28,59.2,113.136,3437,1,1660219098,LPLC1_R
13.408,59.336,113.376,13.544,59.184,113.408,952,0.941258267,1660219098,LPLC1_R
18.16,61.192,105.664,18.288,61.192,105.688,1018,0.984743339,1660219098,LPLC1_R
42.112,56.816,102.136,42.072,56.648,102.024,1419,0,1659672646,NA
21.096,55.664,112.624,21.184,55.616,112.688,1191,0.954907573,1659331215,LPLC1
34.4,58.192,100.904,34.376,58.312,100.776,3843,0.116684082,1659331215,LPLC1
37.864,55.68,101.456,37.704,55.72,101.528,3244,0,1659331215,LPLC1
26.304,60.56,102.512,26.136,60.488,102.488,2969,0.860335033,1659331215,LPLC1
5.232,60.968,104.672,5.072,60.936,104.744,989,0,1659331215,LPLC1
14.568,62.08,111.088,14.344,61.96,111.032,1200,0.987890007,1659331215,LPLC1
14.056,62.176,110.976,14.136,62.088,110.936,1201,0.098378832,1659331215,LPLC1
27.184,58.472,106.968,27.2,58.36,106.84,3086,0.554813635,1659331215,LPLC1
20.992,55.064,112.888,21.008,55.088,112.992,1193,0.049278576,1659331215,LPLC1
36.512,56.248,97.256,36.408,56.24,97.224,3247,0.883962365,1659331215,LPLC1
18.8,54.088,114.248,18.992,54.128,114.304,1204,0.908911073,1659331215,LPLC1
22.592,57.528,108.912,22.8,57.368,109.032,1161,0.991110564,1659331215,LPLC1
14.12,62.112,111.792,14.112,61.856,111.744,1200,0.987890007,1659331215,LPLC1
37.056,59.688,90.448,36.968,59.584,90.368,1322,0.991174699,1659313338,NA
17.44,64.032,107.768,17.536,64.056,107.624,1030,0,1658990108,LPLC1_R
2.608,63.368,106.096,2.656,63.464,105.968,612,0.989988795,1658990108,LPLC1_R
53.504,56.08,91.84,53.704,56.048,91.952,454,0.976456012,1658990108,LPLC1_R
49.864,55.352,91.896,49.904,55.488,91.912,483,0.200173452,1658990108,LPLC1_R
33.312,56.24,103.456,33.176,56.224,103.424,3214,0.990377112,1658990108,LPLC1_R
50.4,54.584,92.12,50.456,54.6,92.288,481,0,1658990108,LPLC1_R
24.984,54.488,96.024,25.104,54.584,96.12,3133,0.96983969,1658990108,LPLC1_R
26.016,56.8,103.016,25.832,56.792,102.944,2982,0.997298801,1658990108,LPLC1_R
27.144,55.888,100.216,27.296,55.784,100.16,3849,0.153767355,1658990108,LPLC1_R
49.664,55.664,92.168,49.816,55.648,92.112,482,0.961295705,1658990108,LPLC1_R
29.808,56.952,106.984,29.728,56.824,106.912,3076,0.981704185,1658990108,LPLC1_R
37.32,56,101.68,37.568,56.12,101.536,3240,0.987715739,1658990108,LPLC1_R
18.72,55.144,108.872,18.76,55.248,108.712,1045,0.995907916,1658990108,LPLC1_R
4.64,61.392,105.44,4.608,61.504,105.264,615,0.998600093,1658990108,LPLC1_R
33.056,55.512,102.952,32.92,55.576,102.864,3214,0.990377112,1658990108,LPLC1_R
4.32,60.272,105.016,4.544,60.2,104.848,617,0.999142902,1658990108,LPLC1_R
43.184,56.216,94.976,43.28,56.112,95.064,2177,0,1658990108,LPLC1_R
47.712,55.712,93.736,47.536,55.64,93.8,566,0.093037574,1658990108,LPLC1_R
43.32,57.032,94.656,43.184,57.096,94.616,2165,0.987998163,1658990108,LPLC1_R
48.152,53.664,90.056,48.2,53.8,90.2,495,0,1658985038,NA
41.816,56.448,91.488,41.904,56.592,91.44,2172,0.999104645,1658976972,NA
26.536,50.512,94.392,26.408,50.496,94.336,2584,0.940533258,1658972262,NA
25.28,49.848,96.744,25.28,49.792,96.856,2261,0.999287589,1658972262,NA
24.296,49.456,97.888,24.448,49.472,97.784,2591,0.612386809,1658972262,NA
32.576,53.792,88.976,32.52,53.88,89.016,1389,0.969022783,1658972262,NA
44.224,51.672,105.744,44.208,51.52,105.688,2411,0.999937323,1658972262,NA
41.136,50.104,94.56,40.904,50.304,94.6,3304,1,1658972262,NA
31.92,54.256,88.816,32.16,54.312,88.872,1391,0.991069089,1658967397,NA
32.736,54.592,88.712,32.728,54.432,88.776,1391,0.991069089,1658967284,NA
32.424,54.376,88.576,32.456,54.312,88.728,1391,0.991069089,1658967274,NA
27.632,57.296,96.464,27.632,57.288,96.344,3036,0,1658963980,PLP220_R
39.624,68.6,124.712,39.704,68.416,124.68,191,0.877783939,1658963980,PLP220_R
40.688,69.024,128.032,40.736,69.168,127.952,13,0.999181483,1658963980,PLP220_R
22.72,68.4,128.856,22.624,68.344,128.816,1098,0.995504127,1658963980,PLP220_R
21.28,67.144,127.872,20.984,66.904,127.92,797,0.999980387,1658963980,PLP220_R
34.76,68.416,121.104,34.664,68.4,121.28,248,0.972711183,1658963980,PLP220_R
15.552,65.944,143.512,15.56,65.952,143.28,752,0.963175935,1658885859,PLP098_R
21.696,54.232,129.584,21.896,54.248,129.536,1139,0.999316134,1658885859,PLP098_R
21.88,54.632,130.328,22.048,54.76,130.328,1141,0,1658885859,PLP098_R
21.824,55.008,130.744,21.984,54.984,130.72,1141,0.230261603,1658885859,PLP098_R
54.912,52.32,90.544,54.824,52.32,90.464,367,0,1658653257,NA
54.272,51.968,90.656,54.336,51.984,90.736,364,0,1658652743,NA
54.408,51.592,90.544,54.376,51.56,90.688,364,0.627640219,1658652743,NA
50.336,52.024,89.856,50.256,51.912,89.92,507,0.910025007,1658648380,NA
52.232,51.096,89.816,52.128,51.192,89.832,514,0,1658648378,NA
17.664,63.96,107.176,17.648,63.888,107.28,1027,0,1658644171,LPLC1_R
23.392,58.984,99.352,23.344,58.912,99.448,2961,0.998857776,1658644171,LPLC1_R
23.912,59.136,99.456,23.888,59.24,99.56,2962,0.998981384,1658644171,LPLC1_R
32.2,53.592,105.864,32.304,53.616,106.056,3114,0.992909419,1658644171,LPLC1_R
33.936,53.464,103.632,33.888,53.664,103.592,3846,0,1658644171,LPLC1_R
42.088,56.056,101.112,42.144,56.176,101.176,1419,0,1658644171,LPLC1_R
38.352,54.592,102.816,38.464,54.68,102.904,3103,0,1658644171,LPLC1_R
19.336,65.848,107.304,19.328,65.68,107.344,1031,0.901311037,1658644171,LPLC1_R
14.296,58.584,113.408,14.304,58.648,113.224,951,0,1658644171,LPLC1_R
36.872,54.216,99.56,36.736,54.352,99.472,3237,0,1658644171,LPLC1_R
45.528,53.648,94.768,45.392,53.72,94.744,3301,1,1658644171,LPLC1_R
43.064,52.616,100.832,42.848,52.576,100.824,3305,1,1658644171,LPLC1_R
43.248,52.656,100.184,43.248,52.464,100.272,3304,1,1658644171,LPLC1_R
26.064,59.28,98.416,25.952,59.32,98.472,3848,0.969112223,1658644171,LPLC1_R
32.304,53.808,105.68,32.416,53.912,105.84,3115,0,1658644171,LPLC1_R
27.64,55.152,99.488,27.512,55.104,99.432,3849,0,1658644171,LPLC1_R
19.672,61.216,110.496,19.552,61.104,110.488,1007,0.99995265,1658644171,LPLC1_R
49.288,51.912,92.024,49.4,52.056,92.104,198,0.999630607,1658644171,LPLC1_R
36.512,54.488,100.128,36.568,54.592,99.984,3238,0.990395716,1658644171,LPLC1_R
16.896,63.056,107.272,16.992,63.144,107.352,1028,0.89876698,1658644171,LPLC1_R
33.888,53.144,103.744,33.968,53.24,103.912,3307,1,1658644171,LPLC1_R
27.92,54.96,98.944,27.728,54.84,98.888,3150,0.98625595,1658644171,LPLC1_R
46.392,53.888,93.68,46.48,53.92,93.56,571,0.855918036,1658644171,LPLC1_R
48.88,53.368,91.104,48.864,53.12,91.12,487,0.999702603,1658644025,NA
27.08,57.056,94,27.208,57.112,94.08,3037,0.123995239,1658643766,LPLC1_R
26.032,55.816,93.248,25.976,55.944,93.192,3039,0.998757598,1658643766,LPLC1_R
24.2,57.008,102.112,24.088,56.96,102.216,2985,0.058790704,1658643766,LPLC1_R
25.904,56.616,102.616,25.76,56.728,102.568,2982,0.997298801,1658643766,LPLC1_R
22.16,55.904,103.864,22.16,55.728,103.848,3001,0.965163584,1658643766,LPLC1_R
34.336,55.216,91.984,34.376,55.216,92.224,2928,0.995579618,1658643766,LPLC1_R
32.648,53.112,107.976,32.52,52.936,107.936,3370,1,1658643766,LPLC1_R
34.144,53.744,103.08,33.928,53.816,103.136,3846,0,1658643766,LPLC1_R
43.568,56.576,99.928,43.416,56.56,99.88,1411,0.89588777,1658643766,LPLC1_R
47.416,52.768,93.72,47.544,52.704,93.896,198,0.999630607,1658643766,LPLC1_R
47.896,52.632,93.76,47.896,52.6,93.888,198,0.999630607,1658643766,LPLC1_R
46.88,53.424,93.088,46.944,53.504,93.36,570,0,1658643766,LPLC1_R
47.704,52.784,94.088,47.656,52.696,93.952,198,0.999630607,1658643766,LPLC1_R
11.608,61.072,111.216,11.632,61.248,111.016,1001,0.987456827,1658643766,LPLC1_R
10.792,57.552,108.632,10.792,57.568,108.472,998,0,1658643766,LPLC1_R
25.616,54.712,99.84,25.64,54.616,99.976,3665,1,1658643766,LPLC1_R
22.824,55.784,104.536,22.672,55.656,104.568,3001,0.965163584,1658643766,LPLC1_R
34.56,55.28,92.448,34.384,55.152,92.368,2928,0.995579618,1658643766,LPLC1_R
46.808,54.68,98.152,46.792,54.904,98.136,582,0.930512557,1658643766,LPLC1_R
20.992,55.984,97.216,20.992,55.872,97.104,2974,0.820713315,1658643766,LPLC1_R
20.096,60.728,111.816,20.192,60.48,111.72,1005,0.999976034,1658643766,LPLC1_R
38.856,55.728,103.816,38.728,55.68,103.872,3101,0.985342813,1658643766,LPLC1_R
33.24,53.936,107.904,33.384,54.056,107.944,3370,1,1658643766,LPLC1_R
25.976,56.448,103.552,25.824,56.656,103.368,2982,0.997298801,1658643766,LPLC1_R
34.48,53.168,107.504,34.528,53.112,107.624,3309,1,1658643766,LPLC1_R
15.744,59.176,111.184,15.752,59.24,111.256,391,0.981374316,1658643766,LPLC1_R
29.584,56.792,106.736,29.72,56.84,106.76,3076,0.981704185,1658643766,LPLC1_R
15.76,59.048,109.528,15.8,59.192,109.536,622,0.999668148,1658643766,LPLC1_R
43.48,56.168,100.88,43.416,56.016,100.88,1412,0.359493447,1658643766,LPLC1_R
8.096,58.112,109.52,8.128,57.984,109.24,992,0.91016753,1658643766,LPLC1_R
25.064,54.376,98.216,25.168,54.184,98.168,2106,0.999692632,1658643766,LPLC1_R
35.72,55.696,92.928,35.84,55.744,92.936,2909,0.91657217,1658643766,LPLC1_R
25.704,57.752,102.272,25.76,57.768,102.328,2995,0,1658643766,LPLC1_R
42.336,56.656,101.728,42.144,56.608,101.768,1419,0,1658643766,LPLC1_R
25.616,57.408,102.312,25.76,57.384,102.368,2995,0,1658643766,LPLC1_R
35.024,55.8,92.544,34.984,55.8,92.376,2928,0.995579618,1658643766,LPLC1_R
27.768,58.128,95.976,27.928,58.112,96.032,3036,0.053988702,1658643766,LPLC1_R
15.4,57.752,108.112,15.432,57.96,108.088,623,0.962966271,1658643766,LPLC1_R
18.24,62.808,105.048,18.32,62.872,105.24,1018,0.984743339,1658643766,LPLC1_R
25.68,57.84,102.568,25.752,57.776,102.432,2995,0,1658643766,LPLC1_R
8.072,58.376,107.84,8.272,58.272,107.776,637,0.927920138,1658643766,LPLC1_R
24.336,56.072,102.424,24.424,56.104,102.328,2985,0,1658643766,LPLC1_R
37.016,55.776,94.776,37.096,55.704,94.616,2894,0.967185797,1658643766,LPLC1_R
43.416,55.88,101.28,43.512,55.872,101.088,1412,0.269211635,1658643766,LPLC1_R
20.832,55.384,97.248,20.92,55.32,97.08,2974,0.820713315,1658643766,LPLC1_R
26.032,58.496,101.224,26.24,58.64,101.312,3013,0,1658643766,LPLC1_R
19.296,61.76,108.512,19.12,61.736,108.496,1012,0,1658643766,LPLC1_R
26.48,56.216,93.456,26.368,56.32,93.552,3039,0.998757598,1658643766,LPLC1_R
38.032,54.32,103,38.08,54.32,102.904,3103,0,1658643766,LPLC1_R
18.216,62.16,105.64,18.384,62.144,105.64,1018,0.984743339,1658643766,LPLC1_R
42.432,56.512,101.232,42.296,56.32,101.192,1419,0,1658643766,LPLC1_R
18.688,60.688,109.64,18.664,60.88,109.84,1008,0.986799398,1658640107,NA
25.112,59.688,105.024,25.136,59.656,105.264,3084,0,1658640107,NA
38.768,55.944,104.504,38.72,56.008,104.296,3101,0.985342813,1658640107,NA
35.264,56.04,94.216,35.08,55.96,94.136,2892,0.998683906,1658640107,NA
32.144,59.752,101.688,32.368,59.728,101.624,3844,0.307327289,1658640107,NA
48.832,55.384,97.168,48.776,55.608,97.24,592,0.395369108,1658640107,NA
41.344,58.232,99.792,41.408,58.056,99.792,1424,0.951561303,1658640107,NA
33.488,53.712,107.384,33.384,53.776,107.408,3309,1,1658640107,NA
33.688,54.272,107.544,33.608,54.152,107.504,3309,1,1658640107,NA
40.824,58.936,99.536,40.656,58.872,99.48,1432,0.577627279,1658640107,NA
38.256,55.232,94.704,38.056,55.2,94.6,2896,0.994186621,1658640107,NA
20.416,59.24,112.776,20.352,59.424,112.872,1004,0.982741585,1658640107,NA
25.84,58.344,102.088,25.968,58.208,102.016,2995,0,1658640107,NA
44.376,56.128,100.984,44.328,55.952,101.144,1416,0.589619012,1658640107,NA
40.816,58.52,100.216,40.6,58.656,100.32,3162,0.984374615,1658640107,NA
37.56,55.6,94.192,37.536,55.52,94.344,2894,0.967185797,1658640107,NA
40.528,58.448,99.944,40.416,58.496,99.672,1432,0.98367731,1658640107,NA
37.112,55.752,94.312,37.2,55.664,94.432,2894,0.967185797,1658640107,NA
43.184,54.352,92.08,43.28,54.488,92.2,2160,0.989716937,1658640107,NA
43.344,54.912,91.656,43.528,54.832,91.88,2199,0.989033204,1658640107,NA
36.448,55.48,97.912,36.44,55.376,97.832,3248,0.08580161,1658640107,NA
36.656,55.528,97.576,36.52,55.352,97.688,3247,0.883962365,1658640107,NA
43.016,54.992,91.536,43.08,55.096,91.632,2209,0.430820721,1658640107,NA
29.368,54.52,99.912,29.528,54.36,99.888,3276,0,1658640107,NA
18.224,60.712,109.976,18.544,60.864,109.888,1008,0.986799398,1658640107,NA
43.464,53.552,92.648,43.784,53.56,92.632,2210,0.9777211,1658640107,NA
44.368,53.8,92.496,44.464,53.672,92.576,2211,0.979837329,1658640107,NA
42.816,56.616,100.312,42.912,56.352,100.296,1411,0.89588777,1658640107,NA
25.68,59.624,103.36,25.888,59.784,103.232,3662,1,1658640107,NA
29.68,54.96,99.288,29.816,55.016,99.32,2865,0.986016025,1658640107,NA
35.248,56.592,94.48,34.96,56.528,94.52,2921,0,1658640107,NA
29.56,55.128,99.464,29.824,55.08,99.368,2865,0.986016025,1658640107,NA
36.152,56.016,97.032,36.288,56.16,97.144,3247,0.883962365,1658640107,NA
20.424,58.512,110.656,20.368,58.464,110.504,1218,0.884091763,1658640107,NA
20.168,59.432,110.6,20.072,59.4,110.68,1035,0.198136858,1658640107,NA
34.08,53.648,106.704,34.08,53.664,106.584,3309,1,1658640107,NA
27.032,57.28,110.752,27.184,57.192,110.64,2352,0,1658640107,NA
28.688,56.464,111.312,28.672,56.304,111.464,2348,0,1658640107,NA
27.136,57.424,110.656,27.192,57.36,110.56,2352,0,1658640107,NA
25.848,58.432,101.464,26.112,58.496,101.576,3013,0,1658640107,NA
33.048,55.032,109.784,33.072,54.944,109.696,381,0,1658640107,NA
35.912,56.768,97.68,36.088,56.848,97.632,3247,0.883962365,1658640107,NA
35.528,53.224,88.792,35.496,53.376,88.696,1274,0.996063426,1658630714,NA
33.928,52.064,91.344,33.928,52.16,91.392,1272,0.999927607,1658627652,NA
32.416,53.88,89.232,32.504,53.92,89.12,1389,0.969022783,1658626653,NA
28.576,53.696,89.632,28.552,53.624,89.76,2855,0.966221956,1658622369,NA
20.096,52.912,99.16,20,52.776,99.088,2632,0.997353881,1658614582,NA
54.504,48.232,91.664,54.48,48.2,91.76,3298,1,1658312024,NA
40.4,44.304,106.12,40.584,44.376,106.424,2461,0.992527851,1658290299,LC22_R
29.424,28.552,94.416,29.208,28.368,94.48,1462,0,1658290299,LC22_R
29.2,44.896,95.056,29.16,44.712,94.872,2820,0.937604422,1658290299,LC22_R
49.68,45.416,91.576,49.816,45.384,91.464,546,0.223117907,1657967176,NA
49.792,45.824,91.216,49.872,45.808,91.184,545,0.988780252,1657967000,NA
49.952,46.184,90.768,49.944,46.072,90.848,2085,0,1657966748,NA
49.736,45.96,90.696,49.952,46.04,90.784,2085,0,1657966671,NA
35.264,44.904,91.504,35.176,45.064,91.424,1932,0.993821741,1657949928,NA
44.016,35.2,100.4,44.216,35.04,100.552,1990,0.963102463,1657949594,LPLC4_R
43.296,40.376,106.992,43.248,40.384,107.12,2100,0,1657949594,LPLC4_R
23.328,39.336,96.728,23.504,39.352,96.8,2512,0.995885553,1657949594,LPLC4_R
27.4,38.52,90,27.48,38.416,90.088,2751,0,1657949594,LPLC4_R
27.76,38.4,89.92,27.64,38.36,90.12,2751,0,1657949594,LPLC4_R
41.728,29.296,100.6,41.656,29.408,100.664,1773,0.08012091,1657949594,LPLC4_R
27.2,39.328,90.136,27.088,39.144,90.256,2747,0.981094707,1657949594,LPLC4_R
48.92,44.872,98.384,48.768,45.008,98.416,1587,0,1657949594,LPLC4_R
43.448,43.312,107.152,43.48,43.376,107.088,2468,0.188702967,1657949594,LPLC4_R
41.368,29.152,100.488,41.304,29.344,100.52,1773,0.08012091,1657949594,LPLC4_R
38.008,44.792,91.888,37.872,44.664,91.96,1930,0,1657949594,LPLC4_R
32.408,32.296,105.936,32.624,32.296,105.952,2670,0.959625355,1657949594,LPLC4_R
37.672,45.328,92.304,37.56,45.248,92.384,1930,0,1657949594,LPLC4_R
34.48,42.296,98.72,34.648,42.088,98.856,2807,0,1657949594,LPLC4_R
28.384,37.456,98.336,28.456,37.344,98.216,1447,0.997930302,1657949594,LPLC4_R
35.88,27.184,104.752,35.936,26.904,104.824,2230,0.977719092,1657949594,LPLC4_R
35.256,42.296,99.656,35.176,42.176,99.656,2806,0.444434814,1657949594,LPLC4_R
24.256,40.568,99.296,24.2,40.76,99.072,2525,0.993512414,1657949594,LPLC4_R
27.464,37.568,98.2,27.368,37.352,98.184,2022,0.967394729,1657949594,LPLC4_R
28.448,37.68,97.936,28.336,37.48,97.856,2021,0.979855823,1657949594,LPLC4_R
41.944,28.168,100.792,41.824,28.128,100.864,1772,0.994790956,1657949594,LPLC4_R
42.08,27.488,100.456,41.96,27.456,100.424,1772,0.994790956,1657949594,LPLC4_R
24.056,40.544,98.88,23.992,40.688,98.824,2525,0.993512414,1657949594,LPLC4_R
36.72,37.48,94.32,36.56,37.336,94.328,2772,0,1657949594,LPLC4_R
45.024,25.936,104.688,45.064,26.024,104.736,1864,0.980672218,1657949594,LPLC4_R
46.856,37.36,109.368,46.928,37.664,109.424,1910,0.979692131,1657949594,LPLC4_R
46.04,37.288,109.496,45.976,37.36,109.328,1910,0.979692131,1657949594,LPLC4_R
38.568,43.752,106.912,38.448,43.792,107.016,1667,0.971437975,1657949594,LPLC4_R
38.952,43.792,107.192,38.84,43.688,107.296,1667,0.971437975,1657949594,LPLC4_R
39.2,43.632,106.872,39.288,43.72,106.976,2460,0.982500068,1657949594,LPLC4_R
34.184,29.92,103.216,34.112,30.136,103.304,2656,0.980176921,1657949330,LPLC4
34.264,30,103.344,34.368,30.128,103.488,2656,0.980176921,1657949330,LPLC4
32.984,29.816,103.28,33.128,29.736,103.144,2693,0.992700191,1657949330,LPLC4
28.144,46.888,107.128,28.144,46.824,107.336,2578,0.292441985,1657949330,LPLC4
38.224,44.08,92.24,38.168,44.2,92.048,1935,0.314842906,1657949330,LPLC4
44.872,33.496,100.816,44.568,33.552,100.784,1993,0.9982251,1657949330,LPLC4
30.808,41.376,108.392,30.808,41.376,108.256,2722,0,1657949330,LPLC4
43.728,44.792,106.568,43.608,44.624,106.568,2467,0.981050996,1657949330,LPLC4
37.84,28.944,106.552,38,29.032,106.64,2253,0.45052669,1657949330,LPLC4
35.288,30.408,96.328,35.304,30.408,96.416,2689,0.968818145,1657949330,LPLC4
37.952,29.008,107.552,37.784,28.992,107.608,2240,0.990343578,1657949330,LPLC4
38.16,29.128,107.32,38.248,29.144,107.424,2240,0.990343578,1657949330,LPLC4
31.432,50.568,93.584,31.512,50.384,93.472,2839,0,1657945663,LC14_R
32.928,47.656,91.816,32.808,47.784,91.592,2845,0.995530363,1657945663,LC14_R
38.2,23.576,101.016,38.016,23.576,101.016,1744,0.967057005,1657945663,LC14_R
37.704,23.712,101,37.952,23.712,101.168,1744,0.967057005,1657945663,LC14_R
35.848,36.944,106.208,35.72,36.888,106.28,3838,0,1657945663,LC14_R
32.48,52.84,91.08,32.464,52.84,91.24,1619,0.964169583,1657945663,LC14_R
32.856,52.936,91.328,32.68,52.968,91.408,1618,0.999655693,1657945663,LC14_R
32.104,50.312,92.344,32.288,50.232,92.344,2834,0.990194947,1657945663,LC14_R
27.912,35.12,103.56,28.04,35.08,103.456,1494,0.995171234,1657940629,LC22_R
32.6,46.712,90.144,32.784,46.728,90.12,3841,0,1657940629,LC22_R
32.656,47.36,90.712,32.864,47.416,90.744,2845,0.995530363,1657940629,LC22_R
37.584,27.944,104.84,37.432,27.952,104.912,2229,0,1657940629,LC22_R
26.16,44.096,89.216,25.92,44.072,89.152,2311,0,1657935648,NA
36.656,40.536,90.328,36.632,40.424,90.392,2778,0.814401538,1657608022,NA
38.704,44.112,109.408,38.512,44.088,109.248,2454,0.137380212,1657603789,LPLC4_R
36.264,37.408,94.648,36.44,37.432,94.672,2948,0.973050553,1657603789,LPLC4_R
38.304,43.36,91.792,38.288,43.72,91.928,1935,0.314842906,1657603789,LPLC4_R
39.952,39.44,99.792,39.848,39.4,99.904,2383,0.404319462,1657603789,LPLC4_R
26.336,37.712,93.272,26.448,37.6,93.04,2752,0,1657603789,LPLC4_R
30.872,40.96,108.208,30.768,41.016,108.128,2722,0,1657603789,LPLC4_R
30.688,40.416,108.16,30.664,40.576,108.096,2722,0,1657603789,LPLC4_R
41.384,30.4,102.008,41.4,30.4,102.192,3504,1,1657603789,LPLC4_R
26.792,37.384,92.96,26.624,37.576,92.944,2752,0,1657603789,LPLC4_R
36.488,37.888,94.32,36.384,37.64,94.152,2768,0.99267742,1657603789,LPLC4_R
31.512,40.936,108.464,31.48,41.008,108.592,2718,0.398295304,1657603789,LPLC4_R
32,35.592,100.432,31.984,35.376,100.448,1449,0.978043295,1657603789,LPLC4_R
39.72,39.768,98.88,39.752,39.648,98.784,2388,0.988651596,1657603789,LPLC4_R
38.76,43.688,108.88,38.76,43.776,108.776,2454,0.137380212,1657603789,LPLC4_R
36.208,38.808,93.544,36.096,38.704,93.464,2766,0,1657603789,LPLC4_R
39.656,39.752,99.856,39.72,39.496,99.936,2383,0.547850992,1657603789,LPLC4_R
39.016,43.944,108.92,38.944,43.832,108.744,2454,0.137380212,1657603789,LPLC4_R
30.224,39.648,90.048,30.136,39.728,90.064,3275,0,1657599301,NA
25.936,39.52,89.224,25.832,39.408,89.24,2750,0.951690575,1657594688,NA
34,53.864,106.48,33.896,53.784,106.64,3309,1,1657525433,LPLC1_R
34.072,53.704,106.36,34.072,53.704,106.568,3309,1,1657525433,LPLC1_R
29.288,56.52,106.8,29.36,56.6,106.696,3076,0.981704185,1657525433,LPLC1_R
41.776,57.64,98.72,41.856,57.64,98.816,1423,0,1657525433,LPLC1_R
34.464,58.52,100.856,34.32,58.44,100.784,3843,0.116684082,1657525433,LPLC1_R
34.176,58.48,100.432,34.096,58.488,100.544,3843,0.116684082,1657525433,LPLC1_R
14.304,61.832,109.664,14.376,61.776,109.84,629,0.953353102,1657525433,LPLC1_R
36.408,58.744,100.656,36.376,58.776,100.744,3242,0.979126734,1657525433,LPLC1_R
15.976,59.096,111.224,15.88,59.184,111.296,391,0.981374316,1657525433,LPLC1_R
51.496,55.44,93.4,51.408,55.32,93.456,479,0.975411848,1657525433,LPLC1_R
28.92,56.28,107.36,28.912,56.304,107.424,3077,0,1657525433,LPLC1_R
54.712,54.536,92.888,54.72,54.608,93.128,451,0.954919498,1657525433,LPLC1_R
32.672,54.208,106.312,32.576,54.112,106.16,3113,0,1657525433,LPLC1_R
26.04,58.928,106.456,25.856,58.856,106.52,3477,1,1657525433,LPLC1_R
14.008,61.192,110.16,14.016,61.192,110.272,628,0,1657525433,LPLC1_R
24.928,58.992,105.8,25.048,59.072,105.712,3084,0,1657525433,LPLC1_R
27.4,57.584,106.336,27.232,57.536,106.368,3087,0.180179832,1657525433,LPLC1_R
38.424,55.2,103.68,38.544,55.2,103.744,3101,0.985342813,1657525433,LPLC1_R
38.264,54.784,103.04,38.352,54.648,103.024,3100,0.976407465,1657525433,LPLC1_R
38.76,54.992,102.744,38.624,54.88,102.752,3103,0,1657525433,LPLC1_R
41.456,56.2,99.752,41.584,56.248,99.88,1407,0.999996722,1657525433,LPLC1_R
29.544,56.496,107.72,29.472,56.52,107.768,3073,0,1657525433,LPLC1_R
18.424,56.184,113.776,18.264,56.184,113.808,1207,0,1657525433,LPLC1_R
38.256,38.648,103.832,38.424,38.608,103.928,2362,0.973341181,1657266898,LPLC4_R
41.192,25.584,103.224,41.056,25.48,102.968,1748,0.997164777,1657266898,LPLC4_R
38.472,42.376,105.864,38.368,42.584,105.76,1669,0.23755628,1657266898,LPLC4_R
39.528,36.928,100.544,39.712,37.016,100.448,1707,0.997373225,1657266898,LPLC4_R
46.536,27.968,101.24,46.376,27.88,101.208,1865,0,1657266898,LPLC4_R
44.048,34.24,101.08,44.056,34.136,100.984,1989,0,1657266898,LPLC4_R
43.872,34.28,100.976,44.104,34.28,100.912,1989,0,1657266898,LPLC4_R
47.008,28.08,100.648,46.8,28.2,100.664,1865,0,1657266898,LPLC4_R
43.928,34.072,101.792,43.736,34.016,101.912,1897,0.998959083,1657266898,LPLC4_R
37.24,29.928,106.416,37.448,29.808,106.416,2251,0,1657266898,LPLC4_R
34.264,44.16,99.832,34.264,43.944,99.896,2796,0,1657266898,LPLC4_R
37.392,29.72,106.216,37.52,29.72,106.24,2237,0.788909692,1657266898,LPLC4_R
37.688,42.216,105.4,37.784,42.344,105.44,1669,0.23755628,1657266898,LPLC4_R
30.08,32.248,98.496,29.888,32.328,98.496,1455,0,1657266898,LPLC4_R
33.792,44.216,98.96,33.616,44.184,98.984,2794,0.937381879,1657266898,LPLC4_R
34.968,36.016,98.608,34.912,35.896,98.464,2684,0.879344739,1657263439,LPLC4
35.76,39.376,93.112,35.656,39.272,93.304,2764,0.953000348,1657263439,LPLC4
35.936,39.304,93.152,35.888,39.096,93.208,2764,0.953000348,1657263439,LPLC4
45.344,44.04,105.088,45.56,43.904,105.008,2098,0,1657263439,LPLC4
46.192,33.704,102.744,46.088,33.8,102.816,1840,0,1657263439,LPLC4
32.424,31.704,100.648,32.528,31.648,100.52,1944,0.97932319,1657263439,LPLC4
40.808,25.288,102.08,40.512,25.264,101.952,1741,0.919357781,1657263439,LPLC4
37.6,30.128,101.392,37.44,30.016,101.28,2663,0.976598161,1657263439,LPLC4
37.584,29.92,101.152,37.44,30.016,101.224,2663,0.976598161,1657263439,LPLC4
39.32,25.544,101.728,39.376,25.304,101.832,1742,0.933110778,1657263439,LPLC4
46.056,34.304,102.288,46.232,34.448,102.432,1839,0.899021473,1657263439,LPLC4
41.016,26.064,102.056,41.112,26.208,102.256,1740,0.999944394,1657263439,LPLC4
35.368,40.152,93.696,35.264,40.096,93.76,3617,1,1657263439,LPLC4
38.696,35.64,108.056,38.648,35.552,107.928,3491,1,1657263439,LPLC4
29.552,30.888,98.304,29.552,30.864,98.16,1455,0,1657263439,LPLC4
29.872,40.16,90.128,29.928,40.024,90.2,1598,0.98826754,1657263439,LPLC4
30.352,40.224,89.936,30.352,40.056,89.904,3275,0,1657263439,LPLC4
35.168,39.6,92.304,34.976,39.648,92.304,2774,0.922283082,1657263439,LPLC4
39.312,36.36,107.816,39.4,36.216,107.832,3490,0,1657263439,LPLC4
45.104,34.016,102.744,45.136,33.848,102.84,1838,0.461385218,1657263439,LPLC4
37.808,30.408,100.872,37.6,30.408,100.728,2663,0.976598161,1657263439,LPLC4
41.12,36.728,103.576,41.152,36.776,103.376,1785,0.999999935,1657263439,LPLC4
38.68,35.464,108.072,38.68,35.456,107.936,3491,1,1657263439,LPLC4
39.272,47.072,87.144,39.4,47.072,87.088,2071,0.970252349,1657263405,LPLC4_R
35.624,39.52,91.888,35.344,39.728,91.776,2774,0.922283082,1657263405,LPLC4_R
33.168,38.528,92.352,33.168,38.4,92.296,1968,0,1657263405,LPLC4_R
35.152,39.528,91.8,35,39.68,91.8,2774,0.922283082,1657263405,LPLC4_R
34.8,39.512,91.776,34.888,39.696,91.744,2774,0.922283082,1657263405,LPLC4_R
31.672,40.856,100.96,31.592,40.776,100.96,2937,0.995012916,1657263405,LPLC4_R
34.56,41.36,100.152,34.48,41.44,100.096,2806,0.966780023,1657263405,LPLC4_R
31.128,41.312,100.376,31.04,41.312,100.352,2938,0.286228704,1657263405,LPLC4_R
31.352,39.528,100.264,31.232,39.568,100.272,2943,0,1657263405,LPLC4_R
41.104,39.248,102.976,40.92,39.264,102.672,3122,0,1657263405,LPLC4_R
34.704,41.296,100.16,34.456,41.456,100.096,2806,0.966780023,1657263405,LPLC4_R
34.192,41.456,100.344,34.296,41.544,100.2,2809,0,1657263405,LPLC4_R
35.152,26.584,98.384,35.312,26.656,98.432,1947,0.982169538,1657263405,LPLC4_R
41.92,36.456,108.376,41.816,36.4,108.136,1876,0.841015391,1657263405,LPLC4_R
38.352,42.04,108.472,38.48,41.832,108.36,1668,0.995362685,1657263405,LPLC4_R
24.448,45.464,100.864,24.312,45.536,100.896,2534,0,1657263405,LPLC4_R
24.56,45.832,101.192,24.448,45.872,101.128,2534,0,1657263405,LPLC4_R
38.272,41.904,108.104,38.416,41.864,108.232,1710,0.991243315,1657263405,LPLC4_R
38.456,38.688,101.048,38.616,38.84,100.96,1708,0,1657263405,LPLC4_R
52.576,25.464,106.032,52.464,25.536,106.16,1800,0.965427625,1657263405,LPLC4_R
31.544,35.84,100.928,31.584,35.576,100.888,1449,0.978043295,1657263405,LPLC4_R
29.576,43.112,91.984,29.672,43.16,91.848,2640,0.997462281,1657263405,LPLC4_R
33.416,39.36,93.296,33.288,39.272,93.4,1956,0.998191826,1657263405,LPLC4_R
41.68,38.2,102.608,41.592,38.112,102.424,2001,0.941851569,1657263405,LPLC4_R
30.904,35.888,100.616,30.904,35.912,100.456,1448,0.997587598,1657263405,LPLC4_R
36.008,36.672,109.68,36.088,36.48,109.608,1721,0.971846252,1657263405,LPLC4_R
29.656,42.024,92.512,29.704,41.88,92.52,2638,0.99783083,1657263405,LPLC4_R
38.16,42.176,107.928,38.328,42.16,107.944,1668,0.995362685,1657263405,LPLC4_R
42.904,36.232,107.776,43.144,36.152,107.656,1904,0,1657263405,LPLC4_R
41.352,39.208,103.656,41.152,39.28,103.672,1701,0.98615905,1657263405,LPLC4_R
27.08,41.832,103.592,27.224,41.824,103.68,2559,0.965003862,1657263405,LPLC4_R
40.632,38.68,102.576,40.592,38.776,102.68,3122,0,1657263405,LPLC4_R
41.736,29.704,101.976,41.664,29.744,101.84,1771,0.968348597,1657263405,LPLC4_R
52.688,25.56,106.088,52.64,25.624,106.256,1802,0,1657263405,LPLC4_R
35.576,36.408,109.792,35.736,36.16,109.808,2489,0.989095707,1657263405,LPLC4_R
35.368,42.824,99.208,35.408,42.784,99.04,2805,0.987094544,1657263405,LPLC4_R
53.384,25.64,105.992,53.424,25.512,106.104,1804,0,1657263405,LPLC4_R
45.312,29.216,105.488,45.168,29.272,105.44,1859,0,1657259448,LPLC4
44.24,33.392,103.904,44.112,33.392,103.96,1788,0.13669342,1657259448,LPLC4
41.536,36.192,102.52,41.576,36.272,102.552,1785,0.999999935,1657259448,LPLC4
42.528,35.928,102.648,42.28,35.816,102.704,1785,0.999999935,1657259448,LPLC4
38.616,38.576,104.856,38.48,38.584,104.704,2364,0.348111701,1657259448,LPLC4
31.888,39.12,92.792,31.976,39.208,92.896,2756,0.994575256,1657259448,LPLC4
42.576,35.256,102.568,42.48,35.248,102.48,1893,0.997458376,1657258338,LPLC4
43.176,43.088,104.44,43.08,42.888,104.544,2471,0.934078548,1657258338,LPLC4
27.496,30.096,94.936,27.576,30.248,95.016,1464,0.997699474,1657258338,LPLC4
31.184,36.4,99.984,31.032,36.264,100.032,1448,0.997587598,1657258338,LPLC4
38.264,40.456,109.368,38.192,40.352,109.44,2496,0.992963989,1657258338,LPLC4
32.112,37.728,91.608,32.176,37.6,91.72,1969,0.333166227,1657258338,LPLC4
45.216,31.984,100.464,45.024,31.992,100.344,1998,0.936913333,1657258338,LPLC4
31.68,37.56,91.264,31.776,37.4,91.344,3621,0,1657258338,LPLC4
42.432,43.368,105.048,42.448,43.392,105.176,2470,0.990844695,1657258338,LPLC4
34.832,35.896,109.504,34.664,35.936,109.624,1723,0.999974367,1657258136,LPLC4_R
25.264,43.736,89.32,25.336,43.616,89.24,2297,0.989337008,1657258136,LPLC4_R
35.536,36.04,109.784,35.696,36.12,109.824,3516,1,1657258136,LPLC4_R
34.784,35.504,109.576,34.616,35.576,109.616,1723,0.999974367,1657258136,LPLC4_R
24.888,43.224,89.336,25,43.096,89.32,2297,0.989337008,1657258136,LPLC4_R
23.712,44.488,100.288,23.712,44.504,100.496,2537,0.964416072,1657258136,LPLC4_R
37.936,40.984,108.024,38.048,41.048,108.088,1711,0.79758767,1657258136,LPLC4_R
49.376,30.352,106.336,49.544,30.264,106.216,1793,0.98288963,1657258136,LPLC4_R
23.496,44.12,100.272,23.448,44.352,100.368,2538,0,1657258136,LPLC4_R
40.784,28.136,108.456,40.584,28.168,108.488,2257,0.138672579,1657258136,LPLC4_R
37.776,40.168,108.568,37.792,40.184,108.712,3512,1,1657258136,LPLC4_R
31.504,38.928,100.728,31.592,39.016,100.576,2944,0.940763474,1657258136,LPLC4_R
40.312,27.568,107.616,40.16,27.736,107.784,2255,0.47332091,1657258136,LPLC4_R
31.256,37.16,98.344,31.088,37.072,98.304,1447,0.997930302,1657258136,LPLC4_R
33.832,41.392,94.656,33.712,41.392,94.72,1350,0.581577035,1657258136,LPLC4_R
44.224,37.688,109.136,44.32,37.512,109.208,1914,0.884897797,1657258136,LPLC4_R
48.92,31.432,106.048,48.784,31.512,105.952,1794,0,1657258136,LPLC4_R
31,36.784,97.608,30.888,36.824,97.544,2018,0,1657258136,LPLC4_R
49.392,31.448,105.488,49.464,31.528,105.632,1792,0.985362128,1657258136,LPLC4_R
33.744,41.096,94.464,33.496,41.056,94.4,1350,0.581577035,1657258136,LPLC4_R
30.384,39.224,101.008,30.408,39.392,100.848,2946,0,1657258136,LPLC4_R
35.184,42.264,96.552,35.024,42.424,96.752,2931,0,1657258136,LPLC4_R
39.448,41.824,104.712,39.24,41.736,104.776,3293,0,1657258136,LPLC4_R
36.368,26.048,98.184,36.224,25.88,98.264,1949,0.977017803,1657258136,LPLC4_R
29.072,29.352,94.952,28.96,29.256,94.92,1458,0,1657258136,LPLC4_R
28.016,29.992,94.88,28.048,29.816,94.984,1464,0.997699474,1657258136,LPLC4_R
28.32,29.656,94.896,28.248,29.592,95.016,1463,0,1657258136,LPLC4_R
21.568,56.208,127.44,21.576,56.376,127.424,976,0.966405331,1656929646,NA
24.456,49.416,110.912,24.384,49.456,110.696,3839,0.922354465,1656929646,NA
29.72,47.416,114.568,29.72,47.576,114.44,1255,0.238647502,1656929646,NA
21.824,55.432,127.28,21.728,55.272,127.256,1137,0,1656929646,NA
21.92,55.312,127.2,21.728,55.264,127.248,1137,0,1656929646,NA
29.352,47.528,114.112,29.288,47.512,114.184,1255,0.238647502,1656929646,NA
24.64,48.992,111.008,24.704,48.84,110.864,2570,0.98619688,1656929646,NA
24.752,49.248,110.352,24.736,49.472,110.28,3839,0.922354465,1656929646,NA
21.664,55.872,126.672,21.504,55.688,126.528,1137,0,1656929646,NA
34.8,52.888,119.192,34.808,52.904,119.504,427,0,1656929646,NA
34.432,53.024,119.888,34.696,53,119.808,421,0,1656929646,NA
23.408,51.088,115.84,23.48,51.096,115.944,1225,0,1656929646,NA
31.2,46.392,114.664,31.272,46.328,114.792,1236,0.999662243,1656929646,NA
34.248,53.52,119.824,34.456,53.488,119.88,420,0.861477156,1656929646,NA
21.408,55.696,126.864,21.408,55.528,126.816,1137,0,1656929646,NA
21.712,55.256,126.248,21.584,55.384,126.28,1137,0,1656929646,NA
23.064,51.432,115.952,23.152,51.28,116.088,1223,0.990797483,1656929646,NA
23.592,51.616,115.736,23.648,51.528,115.824,1222,0.031439621,1656929646,NA
21.776,55.864,125.984,21.608,55.928,125.928,974,0.921802505,1656929646,NA
27.472,46.952,113.696,27.456,47.016,113.904,1255,0.28706577,1656929646,NA
30.056,47.296,113.936,30.28,47.12,113.872,1250,0,1656929646,NA
35.592,56.344,124.776,35.648,56.336,124.616,405,0.988783344,1656929646,NA
35.504,56.536,124.288,35.68,56.336,124.296,405,0.988783344,1656929646,NA
32.272,34.656,92.568,32.184,34.736,92.64,1966,0.31238623,1656921483,NA
32.536,34.752,92.736,32.32,34.8,92.84,1966,0,1656921483,NA
32.344,34.336,92.696,32.256,34.336,92.784,1961,0.999559753,1656921483,NA
45.08,47.104,104.648,44.896,47.104,104.584,2429,0.999800274,1656792632,LPLC4_R
29.808,35.488,92.688,29.888,35.296,92.632,1982,0.989500074,1656792632,LPLC4_R
30.112,35.4,92.2,30.24,35.232,92.288,1981,0.995617912,1656792632,LPLC4_R
43.28,39.928,107.056,43.32,40.096,106.968,2100,0,1656792632,LPLC4_R
45.704,47.952,104.392,45.48,47.952,104.352,2431,0.501338513,1656792632,LPLC4_R
37.176,45.392,92.712,37.128,45.328,92.584,1930,0,1656792632,LPLC4_R
31.024,44.424,95.648,30.96,44.456,95.728,2818,0,1656792632,LPLC4_R
48.992,47.192,91.16,48.912,47.064,91.216,3751,1,1656792632,LPLC4_R
39.8,46.816,93.496,39.832,46.976,93.52,2057,0.990616248,1656792632,LPLC4_R
30.432,34.824,92.24,30.4,35,92.136,1981,0.995617912,1656792632,LPLC4_R
30.744,44.312,95.536,30.712,44.312,95.648,2816,0.571493736,1656792632,LPLC4_R
36.824,45.84,92.592,36.72,45.736,92.616,1927,0.999746456,1656792632,LPLC4_R
31.496,43.888,96.264,31.432,44.024,96.344,1344,0.998664675,1656792632,LPLC4_R
33.4,42.784,109.896,33.56,42.952,109.824,3119,0.965898654,1656792632,LPLC4_R
33.056,40.728,109.584,32.936,40.64,109.488,2719,0.948761412,1656792632,LPLC4_R
32.416,41.416,109.328,32.336,41.328,109.192,2718,0,1656792632,LPLC4_R
49.232,47.136,91.456,49.144,46.984,91.64,530,0.969824335,1656792632,LPLC4_R
67.696,30.984,88.136,67.608,31.08,88.4,3795,0.990387326,1656622971,NA
31.864,44.912,114.536,32.016,45.024,114.408,1239,0,1655898470,NA
29.304,38.328,86.264,29.32,38.248,86.152,1607,0.993170752,1655894101,NA
30.072,39.904,86.032,30.152,39.96,85.944,1606,0,1655894101,NA
30.968,40.784,86.824,30.84,40.728,86.872,1604,0.951141511,1655894101,NA
108.336,4.232,91.784,108.312,4.2,91.832,3801,0.992327735,1653947849,NA
103.248,3.248,89.384,103.272,3.32,89.432,3801,0.992327735,1653938276,NA
36.08,59.384,115.776,35.952,59.448,115.808,309,0.973145428,1630678924,PVLP021_R
39.152,75.832,126.896,39.224,75.888,126.824,104,0.971130522,1630678924,PVLP021_R
39.84,76.2,127.328,39.744,76.296,127.16,105,0.995356221,1630678924,PVLP021_R
38.096,75.872,126.136,38.152,75.872,126.24,127,0.318386799,1630678924,PVLP021_R
36.376,58.368,116.816,36.336,58.496,116.816,332,0,1630678924,PVLP021_R
22.6,51.224,116.736,22.544,51.328,116.696,1223,0.990797483,1630678924,PVLP021_R
38.792,86.144,129.96,38.92,86.256,129.88,119,0.955352653,1630678924,PVLP021_R
36.224,69.44,123.96,36.304,69.28,123.8,6,0.998597224,1630678924,PVLP021_R
17.44,75.168,131.888,17.296,75.12,131.888,671,0.96503746,1630678924,PVLP021_R
39.064,82.984,129.72,39.16,82.944,129.768,118,0,1630678924,PVLP021_R
39.408,81.064,128.056,39.504,81.032,128.072,113,0.060887179,1630678924,PVLP021_R
23.816,63.048,115.296,23.816,62.904,115.344,899,0,1630678924,PVLP021_R
40.224,49.928,103.008,40.136,50.032,102.952,3306,1,1630678924,PVLP021_R
27.496,58.296,122.064,27.52,58.208,122.128,866,0.993841733,1630678924,PVLP021_R
42.576,72.952,126.64,42.48,72.808,126.688,3334,0,1630678924,PVLP021_R
36.352,57.344,112.528,36.312,57.184,112.552,1380,0,1630678924,PVLP021_R
42.976,64.752,117.464,43.304,64.928,117.44,221,0.99611099,1630678924,PVLP021_R
41.136,73.16,126.176,41.112,73.24,126.248,99,0,1630678924,PVLP021_R
27.888,57.576,121.64,27.704,57.568,121.536,890,0.98347679,1630678924,PVLP021_R
35.24,74.4,129.552,35.256,74.272,129.776,178,0,1630342124,PVLP031_R
35.424,76.184,130.08,35.352,76.24,130.144,182,0.980970952,1630342124,PVLP031_R
35.552,77.944,129.544,35.52,77.976,129.416,183,0.980917867,1630342124,PVLP031_R
32.248,67.656,122.648,32.168,67.632,122.576,149,0.813801677,1630342124,PVLP031_R
31.76,68.392,125.904,31.744,68.152,125.792,162,0.163493418,1630342124,PVLP031_R
31.8,68.488,125.448,31.672,68.544,125.384,246,0.992952042,1630342124,PVLP031_R
34.064,68.44,122.792,34.136,68.472,122.88,155,0.999963392,1630342124,PVLP031_R
42.416,67.736,128.848,42.496,67.736,128.8,84,0.394167624,1630342124,PVLP031_R
32.552,67.584,121.264,32.424,67.68,121.272,3792,0,1630342124,PVLP031_R
83.272,12.584,74.944,83.472,12.656,75.024,3788,0.975544606,1629206279,LT59_R
17.384,76.368,131.272,17.424,76.224,131.272,671,0.96503746,1628973439,PVLP151(SCB004)_L
11.096,68.992,137.536,11.208,69.064,137.288,781,0,1628291400,PVLP024_R
26.016,54,115.856,25.904,54.104,115.96,3374,1,1628291400,PVLP024_R
22.792,59.608,117.536,22.736,59.552,117.608,900,0,1628291400,PVLP024_R
25.808,53.952,116.392,25.72,53.992,116.312,1176,0,1628291400,PVLP024_R
8.288,62.928,130.008,8.384,63.024,129.968,775,0.989446056,1628291400,PVLP024_R
40.064,59.472,98.576,39.952,59.432,98.384,1437,0.34461996,1628274418,PS208_R
42.216,56.064,100.064,42.312,55.944,100.032,1410,0.998536372,1628274418,PS208_R
41.664,56.52,100.096,41.504,56.376,100.064,1408,0.170335306,1628274418,PS208_R
56.184,54.088,94.08,56.008,54.248,94.016,458,0.961144796,1628274418,PS208_R
42.088,56.448,99.736,42.072,56.408,99.672,1418,0,1628274418,PS208_R
42.016,56.816,99.664,41.984,56.792,99.528,1420,0,1628274418,PS208_R
25.96,60.152,103.184,25.976,59.96,103.08,2969,0.860335033,1628274418,PS208_R
18.104,63.008,103.496,18.032,63.048,103.384,1024,0,1628274418,PS208_R
40.264,59.104,98.672,40.2,59.08,98.48,1437,0.34461996,1628274418,PS208_R
55.032,54.656,95.208,54.944,54.456,95.208,2087,0.997997992,1628274418,PS208_R
54.624,54.848,95.312,54.616,54.728,95.4,449,0.998763414,1628274418,PS208_R
18.328,63.344,104.664,18.344,63.552,104.712,1019,0,1628274418,PS208_R
18.056,63.56,104.496,18.032,63.544,104.68,1019,0,1628274418,PS208_R
55.848,54.808,94.248,55.824,54.936,94.288,465,0,1628274418,PS208_R
55.496,54.784,94.352,55.424,54.784,94.232,465,0,1628274418,PS208_R
14.848,56.672,113.656,14.848,56.648,113.792,950,0.985035824,1628230708,LPLC1_R
40.992,57.432,97.328,40.944,57.544,97.248,1429,0.988047136,1628230708,LPLC1_R
41.048,58.168,97.84,40.976,58.36,97.64,1429,0.988047136,1628230708,LPLC1_R
47.32,56.152,98.48,47.448,56.024,98.376,587,0.970286056,1628230708,LPLC1_R
42.872,55.088,100.16,42.64,55.032,100.12,3249,0,1628230708,LPLC1_R
15.768,56.768,113.336,15.768,56.936,113.424,958,0.273345119,1628230708,LPLC1_R
32.144,55.128,105.952,31.968,55.152,106.176,3112,0.985898593,1628230708,LPLC1_R
19.328,58.28,110.456,19.432,58.232,110.312,3456,0,1628230708,LPLC1_R
47.208,55.848,98.08,47.352,55.704,98.144,586,0.407653908,1628230708,LPLC1_R
19.168,61.592,107.944,19.136,61.68,108.016,1187,0.390797429,1628230708,LPLC1_R
23.728,45.176,96.352,23.872,45.248,96.312,2264,0.995275016,1628135911,SIP020_R
31.16,49.52,93.104,31.16,49.72,92.944,2838,0.999832159,1628135911,SIP020_R
31.8,48.752,92.424,31.944,48.728,92.36,2844,0.991055949,1628135911,SIP020_R
54.552,47.52,91.144,54.376,47.424,91.12,3297,1,1628135911,SIP020_R
54.704,47.136,90.712,54.504,47.28,90.68,3297,1,1628135911,SIP020_R
23.592,45.464,94.976,23.552,45.448,94.832,2265,0.953112202,1628135911,SIP020_R
51.304,34.4,112.28,51.36,34.192,112.248,1826,0,1628135911,SIP020_R
31.752,48.944,92.68,31.936,48.992,92.608,2844,0.991055949,1628135911,SIP020_R
23.008,44.928,95.312,23.2,45.128,95.024,2522,0,1628135911,SIP020_R
35.784,54.248,87.232,35.776,54.32,87.248,1275,0.966872362,1627937620,NA
37,54.832,86.128,36.92,54.928,86.296,1277,0.999929411,1627936934,NA
23.64,59.544,109.712,23.536,59.464,109.664,1164,0.985589048,1627890175,LPLC1_R
23.696,59.176,109.568,23.512,59.24,109.608,1163,0,1627890175,LPLC1_R
13.856,61.664,112.032,13.896,61.784,112.008,1200,0.987890007,1627890175,LPLC1_R
25.512,60.2,102.352,25.64,60.336,102.504,2969,0.860335033,1627890175,LPLC1_R
26.064,60.6,102.304,25.968,60.544,102.392,2969,0.860335033,1627890175,LPLC1_R
25.752,60.696,101.64,25.568,60.792,101.608,2968,0.983585187,1627890175,LPLC1_R
12.768,59.168,113.432,12.816,59.144,113.304,952,0.941258267,1627890175,LPLC1_R
55.936,55.288,94.392,55.904,55.104,94.4,465,0,1627643971,PS208_R
44.36,55.464,101.448,44.36,55.464,101.256,1413,0.895581592,1627643971,PS208_R
25.312,60.28,102.992,25.384,59.944,102.832,2969,0.860335033,1627643971,PS208_R
34.296,58.752,91.984,34.184,58.96,91.912,1317,0.992708242,1627643971,PS208_R
36.528,57.44,93.624,36.464,57.488,93.696,2899,0.96774506,1627643971,PS208_R
54.352,51.504,86.456,54.216,51.632,86.384,519,0.984178488,1627617840,NA
53.736,52.688,87.592,53.72,52.784,87.44,525,0.91683109,1627617771,NA
54.152,52.016,87.984,54.112,51.792,87.88,523,0.214217177,1627617771,NA
53.976,51.928,85.792,54.224,51.888,85.824,519,0.984178488,1627617235,NA
26.136,52.728,87.392,26.24,52.672,87.296,3559,1,1627583722,NA
42.36,87.92,123.736,42.232,88.08,123.68,33,0.865414692,1627561374,LT77_R
19.112,54.568,118.712,19,54.688,118.728,906,0,1627561374,LT77_R
18.72,54.656,118.552,18.776,54.768,118.64,906,0,1627561374,LT77_R
47.456,84.12,122.424,47.608,84.088,122.416,53,0.997757115,1627561374,LT77_R
26.072,49.28,87.208,26.024,49.352,87.128,1634,0.886593763,1627242752,NA
38.36,69.096,126.808,38.448,69.344,126.736,12,0.991443216,1627117134,LC4
22.048,63.168,123.536,22.008,63.336,123.672,1089,0.952106093,1627117134,LC4
19.456,72.504,136.264,19.424,72.432,136.056,667,0.410280518,1627117134,LC4
44.624,73.832,118.848,44.76,73.696,118.808,272,0.29726686,1627117134,LC4
38.968,68.776,126.632,39.168,68.864,126.648,13,0.999181483,1627117134,LC4
31.032,65.336,122.24,31.04,65.264,122.352,304,0.999794027,1627117134,LC4
22.024,57.456,122.776,21.736,57.56,122.864,1127,0,1627117134,LC4
34.776,68.088,121.272,34.664,68.184,121.432,248,0.972711183,1627117134,LC4
22.048,56.848,122.144,21.912,56.824,122.12,1122,0.986026318,1627117134,LC4
25.152,55.656,118.624,25.12,55.728,118.432,3287,0.931927704,1627117134,LC4
36.56,69.48,121.904,36.56,69.392,121.984,141,0,1627117134,LC4
44.112,73.768,118.912,44.144,73.584,118.896,272,0,1627117134,LC4
19.04,72.032,136.592,19.232,71.984,136.52,667,0.410280518,1627117134,LC4
22.664,56.128,122.48,22.296,56.024,122.512,1123,0.995639061,1627117134,LC4
23.232,55.264,121.784,23.224,55.104,121.824,1124,0.527933523,1627117134,LC4
22.344,55.392,121.736,22.288,55.28,121.808,1123,0.995639061,1627117134,LC4
39.032,69.016,127.256,39.24,69.128,127.224,13,0.999181483,1627117134,LC4
39.92,68.184,125.344,39.608,68.152,125.336,191,0.106214961,1627117134,LC4
44.456,28.032,101.736,44.344,27.976,101.656,1869,0,1626922712,LPLC4
42.568,45.92,88.24,42.32,45.88,88.272,2065,0.996076887,1626922712,LPLC4
42.568,45.6,88.264,42.448,45.488,88.352,2065,0.996076887,1626922712,LPLC4
35.656,42.448,106.272,35.536,42.6,106.248,2709,0.032203511,1626922712,LPLC4
29.616,38.728,98.544,29.76,38.688,98.472,1446,0.999999501,1626922712,LPLC4
31.088,35.624,91.24,30.944,35.736,91.224,1974,0.942468341,1626922712,LPLC4
36.92,44.12,107.36,37.072,44.024,107.32,3486,1,1626922712,LPLC4
40.52,33.944,104.488,40.488,33.912,104.608,1733,0.993602736,1626922712,LPLC4
30.8,39.856,99.312,30.752,40,99.304,2940,0,1626922712,LPLC4
31.128,39.496,100.152,31.128,39.56,100.248,2943,0,1626922712,LPLC4
30.128,39.584,99.056,30.208,39.704,98.968,2932,0.457669892,1626922712,LPLC4
33.336,29.68,102.984,33.272,29.816,103.008,2693,0.992700191,1626922712,LPLC4
27.536,37.92,92.92,27.328,38,92.832,2752,0,1626922712,LPLC4
30.712,35.04,91.976,30.464,35.144,91.96,1978,0.998211876,1626922712,LPLC4
33.552,29.456,103.496,33.352,29.504,103.456,2695,0,1626922712,LPLC4
46.496,37.536,109.104,46.472,37.528,109.2,1910,0.979692131,1626922712,LPLC4
46.392,27.8,100.952,46.52,27.92,100.976,1865,0,1626922712,LPLC4
25.88,39.384,89.968,26.096,39.312,89.976,2750,0.951690575,1626922712,LPLC4
27.736,38.312,92.192,27.8,38.432,92.312,2811,0,1626922712,LPLC4
34.208,35.872,109.216,34.296,35.768,109.352,1723,0.999974367,1626922712,LPLC4
44.064,28.456,101.448,44.04,28.288,101.568,1869,0,1626922712,LPLC4
39.744,28.68,106.528,39.528,28.616,106.568,2254,0.980595328,1626922712,LPLC4
29.496,38.712,93.064,29.632,38.816,93.232,2699,0,1626919110,LPLC4_R
29.616,38.4,93.296,29.744,38.28,93.464,2700,0.97494878,1626919110,LPLC4_R
28.144,39.984,91.744,28.064,39.768,91.76,2745,0.471900567,1626919110,LPLC4_R
34.032,40.176,93.752,34.032,40.36,93.616,2761,0.993790132,1626919110,LPLC4_R
34.496,40.328,93.752,34.464,40.424,93.632,2761,0.993790132,1626919110,LPLC4_R
33.664,41.016,94.84,33.584,41.136,94.752,1350,0.581577035,1626919110,LPLC4_R
30.544,35.208,98.456,30.432,35.104,98.568,1453,0.074907539,1626919110,LPLC4_R
38.68,29.16,104,38.76,29.008,104.176,2228,0.415318853,1626919110,LPLC4_R
30.392,39.8,98.68,30.256,39.68,98.616,2932,0.457669892,1626919110,LPLC4_R
36.344,36.016,110.224,36.208,36.352,110.192,2491,0.106748865,1626919110,LPLC4_R
47.072,25.968,105.288,46.968,25.88,105.248,1765,0.962858739,1626919110,LPLC4_R
34.952,41.816,105.112,35.04,41.88,105.048,2708,0,1626919110,LPLC4_R
37.824,41.864,104.912,38.008,41.936,104.992,1670,0.97593924,1626919110,LPLC4_R
37.544,42.04,104.328,37.632,42.224,104.432,1670,0.97593924,1626919110,LPLC4_R
36.28,36.12,109.736,36.112,36.072,109.704,3516,1,1626919110,LPLC4_R
29.048,34.904,99.536,29.208,35.008,99.584,1450,0,1626919110,LPLC4_R
36.872,42.552,98.12,36.712,42.536,98,2802,0.919957203,1626919110,LPLC4_R
43.992,33.184,103.504,44.064,33.216,103.6,1836,0.983293208,1626919110,LPLC4_R
28.064,39.416,91.088,27.904,39.256,91.08,2748,0,1626919110,LPLC4_R
35.728,43.4,98.816,35.64,43.392,98.68,2805,0.987094544,1626919110,LPLC4_R
31.656,39.608,96.568,31.656,39.608,96.792,2681,0,1626919110,LPLC4_R
33.744,30.288,99.96,33.64,30.256,99.896,1946,0,1626919110,LPLC4_R
37.176,29.488,101.984,37.08,29.392,101.952,2663,0.976598161,1626919110,LPLC4_R
47.248,26.216,104.784,47.08,26.344,104.76,1765,0.962858739,1626919110,LPLC4_R
39.568,46.784,89.4,39.568,46.776,89.552,2075,0.988300119,1626919110,LPLC4_R
24.456,43.832,97.024,24.664,43.736,97.048,2506,0.995679848,1626909735,LPLC4_R
24.496,43.832,97.28,24.624,43.704,97.264,2506,0.995679848,1626909735,LPLC4_R
31.352,41.232,94.008,31.336,41.392,94.064,1592,0,1626909735,LPLC4_R
39.856,42.752,108.24,39.616,42.856,108.24,1668,0.995362685,1626909735,LPLC4_R
24.888,43.128,90.368,24.968,43.264,90.448,2294,0.985771379,1626909735,LPLC4_R
26.832,39.424,90.096,26.832,39.264,90.088,2750,0.951690575,1626909735,LPLC4_R
30.872,40.68,94.504,30.768,40.768,94.424,1593,0.923245529,1626909735,LPLC4_R
31.392,40.944,94.752,31.312,41.128,94.648,1592,0,1626909735,LPLC4_R
32.296,40.888,93.872,32.44,40.92,93.928,3612,0,1626909735,LPLC4_R
32.088,40.672,94.16,32.28,40.704,94.224,3612,0,1626909735,LPLC4_R
38.072,30.632,108.992,37.992,30.528,109.032,2247,0.433725764,1626909735,LPLC4_R
39.248,35.16,99.432,39.432,35.144,99.512,2367,0.94748876,1626909735,LPLC4_R
39.144,35.024,99.424,39.328,35.008,99.568,2367,0.94748876,1626909735,LPLC4_R
39.312,35.576,99.808,39.384,35.648,99.928,1707,0.997373225,1626909735,LPLC4_R
39.512,48.096,90.968,39.648,48.216,90.92,2052,0.994976987,1626909735,LPLC4_R
27.776,39.04,92.672,27.952,39.008,92.64,2743,0.946918053,1626909735,LPLC4_R
36.944,41.128,107.168,37.056,41.024,107.336,2493,0.075566307,1626909735,LPLC4_R
27.912,38.96,92.336,27.968,38.888,92.552,2743,0.946918053,1626909735,LPLC4_R
35.896,44.496,93.296,36.024,44.68,93.104,2762,0.998870041,1626909735,LPLC4_R
39.8,28.632,107.52,39.744,28.424,107.504,2255,0.29608749,1626909735,LPLC4_R
41.136,43.808,107.24,41.048,44.048,107.032,2465,0,1626909735,LPLC4_R
41.144,43.728,106.936,41.024,43.928,106.864,2465,0,1626909735,LPLC4_R
39.416,43.64,107.416,39.312,43.744,107.336,2460,0.982500068,1626909735,LPLC4_R
36.52,45.616,92.256,36.32,45.6,92.384,1930,0,1626909735,LPLC4_R
36.92,45.48,92.352,36.896,45.456,92.528,1930,0,1626909735,LPLC4_R
39.888,43.616,107.016,39.968,43.768,106.96,3521,1,1626909735,LPLC4_R
35.424,43.352,107.04,35.416,43.528,107.056,2707,0,1626909735,LPLC4_R
29.936,40.592,91.072,29.928,40.504,91.176,1597,0.994915193,1626573444,LPLC4_R
31.136,39.464,100.52,31.248,39.472,100.408,2943,0,1626573444,LPLC4_R
30.536,39.624,100.664,30.448,39.576,100.656,2935,0.991600312,1626573444,LPLC4_R
32.472,34.968,100.904,32.424,34.928,100.984,1449,0.978043295,1626573444,LPLC4_R
43.112,28.448,102.776,43.176,28.512,102.856,1749,0,1626573444,LPLC4_R
31.624,40.536,101,31.544,40.664,100.92,2937,0.995012916,1626573444,LPLC4_R
45.584,27.656,101.336,45.776,27.624,101.448,1865,0,1626573444,LPLC4_R
35.184,42.688,97.52,35.24,42.632,97.424,2801,0.98486004,1626573444,LPLC4_R
44.984,27.264,102.384,44.992,27.216,102.504,1750,0.974711298,1626573444,LPLC4_R
41.616,36.928,107.536,41.464,36.96,107.648,1875,0.910575428,1626573444,LPLC4_R
31.888,39.264,93.136,32.048,39.264,93.192,2755,0.942991395,1626573444,LPLC4_R
41.752,36.304,107.696,41.696,36.304,107.84,1876,0.841015391,1626573444,LPLC4_R
29.136,34.152,99.048,29.312,34.048,99.112,1452,0.973616199,1626573444,LPLC4_R
32.376,39.272,94.496,32.184,39.184,94.52,1351,0,1626573444,LPLC4_R
46.6,27.128,103.992,46.528,26.96,104.016,1766,0.076997936,1626573444,LPLC4_R
32.496,39.512,94.104,32.56,39.624,94.072,1352,0.977429725,1626573444,LPLC4_R
29.88,33.52,99,29.76,33.488,99.016,1452,0.973616199,1626573444,LPLC4_R
43.968,28.392,102.664,44.024,28.368,102.768,1750,0.974711298,1626573444,LPLC4_R
32.8,33.44,100.936,32.704,33.312,100.92,1449,0.978043295,1626573444,LPLC4_R
35.624,42.952,98.504,35.672,42.944,98.72,2805,0.987094544,1626573444,LPLC4_R
50.44,30.752,106,50.328,30.744,106.016,1793,0.98288963,1626573444,LPLC4_R
40.144,46.976,88.512,40.296,46.968,88.472,2067,0,1626573444,LPLC4_R
45.536,27.488,102.824,45.432,27.344,102.888,1750,0.974711298,1626573444,LPLC4_R
38.288,40,109.6,38.224,39.848,109.52,2497,0.328542269,1626573444,LPLC4_R
35.368,40.192,90.304,35.504,40.064,90.336,2777,0.997502268,1626573444,LPLC4_R
38.128,39.624,109.784,38.248,39.584,109.64,2497,0.328542269,1626573444,LPLC4_R
38.192,40.36,109.656,38.32,40.384,109.544,2496,0.992963989,1626573444,LPLC4_R
38.768,37.48,108.2,38.68,37.272,108.152,2478,0.982049699,1626573183,LPLC4
31.728,34.48,101.144,31.904,34.672,101.04,1449,0.978043295,1626573183,LPLC4
34.872,44.92,91.52,35.016,45.104,91.496,1932,0.993821741,1626573183,LPLC4
45.392,27.424,103.976,45.44,27.264,103.792,1868,0.316859701,1626573183,LPLC4
26.6,42.704,103.8,26.584,42.592,103.84,3689,1,1626573183,LPLC4
34.432,31.968,97.832,34.656,32.272,97.624,3840,0,1626573183,LPLC4
39.456,40.112,98.568,39.624,40.096,98.576,2765,0.963930588,1626573183,LPLC4
34.512,32.24,97.72,34.648,32.272,97.632,2692,0.58226484,1626573183,LPLC4
44.76,28.536,104.368,44.656,28.64,104.496,1849,0.999155562,1626573183,LPLC4
46.368,26.696,104.112,46.536,26.696,104.04,1765,0.962858739,1626573183,LPLC4
28.568,32.096,99.4,28.592,32.232,99.192,1469,0,1626573183,LPLC4
45.216,27.096,103.944,45.112,27.112,103.768,1868,0.316859701,1626573183,LPLC4
42.296,34.264,101.792,42.528,34.08,101.752,1896,0.997372454,1626573183,LPLC4
39.496,38.968,99.032,39.672,38.856,99.104,2389,0,1626573183,LPLC4
39.44,38.32,99.056,39.584,38.272,98.984,2389,0.094834231,1626573183,LPLC4
42.032,34.936,102.248,42.216,34.976,102.32,1893,0.997458376,1626573183,LPLC4
46.688,33.136,104.96,46.68,33.176,105.024,1789,0.999962687,1626573183,LPLC4
30.864,40.336,87.2,30.664,40.472,87.272,1604,0.44715989,1626564569,NA
39.976,40.008,100.808,40,40.112,100.672,2381,0.973609187,1626560949,LPLC4_R
40.088,39.056,100.808,40.04,38.992,100.704,1705,0.58097561,1626560949,LPLC4_R
41.072,34.512,105.296,40.912,34.408,105.168,1732,0.983105273,1626560949,LPLC4_R
41.448,30.136,100.16,41.632,30,100.192,1779,0.4152782,1626560949,LPLC4_R
39.528,33.624,100.12,39.624,33.832,99.896,2373,0.99921063,1626560949,LPLC4_R
35.56,36.04,110.304,35.568,36.12,110.112,3516,1,1626560949,LPLC4_R
47.84,35.416,107.552,47.672,35.504,107.464,1834,0.964503833,1626560949,LPLC4_R
33.152,38.432,93.496,33.152,38.432,93.28,1956,0.998191826,1626560949,LPLC4_R
47.288,34.968,107.504,47.24,34.864,107.4,1834,0.964503833,1626560949,LPLC4_R
36.456,26.832,102.24,36.304,26.968,102.232,2665,0.97006293,1626560949,LPLC4_R
34.808,41.112,91.072,34.688,41.208,90.928,3618,0,1626560949,LPLC4_R
45.16,43.896,106.52,45.16,43.896,106.352,2099,0.993781626,1626560949,LPLC4_R
32.088,38.8,93.84,32.096,39.024,93.832,1353,0.337303595,1626560949,LPLC4_R
45,43.928,106.472,45.096,43.856,106.36,2099,0.993781626,1626560949,LPLC4_R
39.904,35.456,105.376,40.056,35.528,105.376,1731,0.986561684,1626560949,LPLC4_R
41.968,27.6,102.544,42.2,27.544,102.448,1738,0.995331356,1626560949,LPLC4_R
27.704,36.256,86.616,27.856,36.248,86.472,1984,0,1626560949,LPLC4_R
42.552,27.72,102.928,42.624,27.56,102.824,1738,0.995331356,1626560949,LPLC4_R
41.816,28.936,100.976,41.672,28.936,101,1771,0.968348597,1626560949,LPLC4_R
29.968,40.152,88.736,29.968,39.992,88.728,1602,0,1626560949,LPLC4_R
39.648,33.64,100.024,39.648,33.84,99.904,2373,0.99921063,1626560949,LPLC4_R
30.168,44.68,99.6,30.168,44.776,99.504,2609,0.993208986,1626560949,LPLC4_R
42.296,26.688,102.864,42.224,26.736,102.68,1739,0.899870748,1626560949,LPLC4_R
30.456,37.152,97.792,30.448,37.312,97.744,1447,0.997930302,1626560096,LPLC4_R
32.024,32.52,104.04,32.248,32.472,104.104,2668,0,1626560096,LPLC4_R
38.184,28.72,104.216,38.256,28.864,104.152,2228,0.497828902,1626560096,LPLC4_R
39.768,36.08,104.616,39.968,35.96,104.608,1731,0.986561684,1626560096,LPLC4_R
30.792,35.56,100.312,30.896,35.656,100.384,1448,0.997587598,1626560096,LPLC4_R
40.6,34.152,104.44,40.616,34.056,104.616,1733,0.993602736,1626560096,LPLC4_R
26.76,42.72,104.048,26.808,42.56,104.08,3689,1,1626560096,LPLC4_R
39.712,35.536,104.472,39.744,35.704,104.264,2357,0.975402331,1626560096,LPLC4_R
30.712,36.688,97.656,30.792,36.776,97.584,2018,0,1626560096,LPLC4_R
32.808,33.192,102.584,32.904,33.272,102.808,2675,0,1626560096,LPLC4_R
40.248,36.72,109.52,40.208,36.576,109.456,3496,0,1626560096,LPLC4_R
36.576,40.856,108.648,36.544,41.144,108.76,2494,0.311166283,1626560096,LPLC4_R
31.048,37.568,97.808,30.92,37.44,97.792,1447,0.445636238,1626560096,LPLC4_R
39.888,32.024,103.592,40.064,31.816,103.512,1734,0.998458235,1626560096,LPLC4_R
36.832,41.368,108.72,36.76,41.368,108.6,2494,0.278714856,1626560096,LPLC4_R
43.44,39.368,106.688,43.416,39.512,106.6,2100,0,1626560096,LPLC4_R
35.96,39.192,92.736,36.112,39.048,92.784,2769,0,1626560096,LPLC4_R
36.944,41.24,108.616,36.872,41.368,108.544,2494,0.142450549,1626560096,LPLC4_R
36.12,39.128,92.672,36.136,39.056,92.784,2769,0,1626560096,LPLC4_R
23.368,45.376,102.768,23.376,45.232,102.696,2539,0,1626560096,LPLC4_R
23.4,45.048,103.4,23.456,44.88,103.368,2539,0,1626560096,LPLC4_R
23.248,45.072,103.664,23.216,44.912,103.648,2544,0,1626560096,LPLC4_R
28.68,35.248,96.632,28.616,35.312,96.552,3608,1,1626560096,LPLC4_R
28.568,35.072,96.664,28.512,35.256,96.624,3608,1,1626560096,LPLC4_R
43.384,39.016,106.04,43.448,39.136,106.168,2100,0,1626560096,LPLC4_R
27.728,36.616,98.216,27.728,36.8,98.216,2022,0.967394729,1626232238,LPLC4
33.544,28.888,99.84,33.616,28.856,99.64,3829,0,1626232238,LPLC4
37.296,30.184,106.92,37.392,30.024,106.944,2251,0,1626232238,LPLC4
38.2,30.088,107.432,38.216,29.92,107.512,2248,0,1626232238,LPLC4
30.072,28.896,97.952,29.976,28.896,97.84,1457,0.206326501,1626232238,LPLC4
29.032,39.728,92.28,28.952,39.8,92.344,2742,0,1626232238,LPLC4
27.936,36.496,97.328,28.064,36.528,97.2,2736,0,1626232238,LPLC4
27.832,35.888,98.72,27.64,35.984,98.608,2026,0,1626232238,LPLC4
31.824,35.976,92.896,31.912,35.944,92.816,1957,0.927239558,1626232238,LPLC4
43.872,33.6,103.76,43.824,33.584,103.92,1787,0.949586859,1626232238,LPLC4
31.888,36.384,92.968,31.96,36.4,92.832,1957,0.927239558,1626232238,LPLC4
35.176,41.616,101.68,35.04,41.704,101.336,2808,0,1626232238,LPLC4
43.288,34.288,103.68,43.24,34.336,103.8,1786,0.98915456,1626232238,LPLC4
38.712,38.464,104.36,38.648,38.584,104.36,2362,0.973341181,1626232238,LPLC4
32.816,35.32,93.88,32.944,35.088,93.96,1966,0,1626232238,LPLC4
31.944,35.112,93.144,32.168,35.128,92.928,2947,0,1626232238,LPLC4
34.048,40.672,89.888,34.104,40.568,90.032,2792,0,1626232238,LPLC4
39.608,37.512,107.072,39.736,37.48,107.056,1728,0.997912907,1626232238,LPLC4
32.64,34.888,93.624,32.808,34.872,93.552,1966,0,1626232238,LPLC4
36.76,42.44,104.368,36.848,42.432,104.488,2492,0,1626232238,LPLC4
28.736,37.792,86.488,28.664,37.88,86.44,1952,0.980073196,1626223145,NA
29.304,37.144,85.816,29.552,37.264,85.88,1614,0.38514346,1626222951,NA
32.8,34.824,93.896,32.896,34.96,93.872,1966,0,1625191546,LPLC4_R
30.896,37.144,97.448,30.904,37.064,97.56,2016,0.389130438,1625191546,LPLC4_R
33.312,40.184,108.944,33.224,40.184,109.104,2719,0.948761412,1625191546,LPLC4_R
33.192,35.232,94.464,33.032,35.312,94.44,1966,0,1625191546,LPLC4_R
47.208,33.904,105.832,47.072,33.64,105.76,1812,0.989743245,1625191546,LPLC4_R
34.288,42.256,109.792,34.2,42.384,109.84,2734,0,1625191546,LPLC4_R
29.984,31.296,97.976,29.864,31.288,97.936,1455,0,1625191546,LPLC4_R
44.792,42.872,106.408,44.784,42.84,106.256,2093,0.994581302,1625191546,LPLC4_R
34.296,41.216,90.624,34.392,40.984,90.768,3618,0,1625191546,LPLC4_R
41.536,46.88,88.32,41.416,46.84,88.448,2064,0.976272624,1625191546,LPLC4_R
34.584,28.152,98.888,34.408,28.104,99.12,1948,0,1625191546,LPLC4_R
41.168,32.52,103.632,41.24,32.432,103.816,1734,0.998458235,1625191546,LPLC4_R
26.536,44.648,88.096,26.32,44.696,87.992,2298,0.989583459,1625191546,LPLC4_R
41.88,30.072,100.224,41.704,30.056,100.288,1779,0.4152782,1625191546,LPLC4_R
25.888,34.232,97.968,26.016,34.128,98.096,2030,0.979630701,1625191546,LPLC4_R
44.448,35.984,107.528,44.392,35.936,107.64,1906,0.999894658,1625191546,LPLC4_R
47.936,33.112,105.672,47.824,32.952,105.704,1790,0.975600246,1625191546,LPLC4_R
34.832,27.288,98.568,34.752,27.216,98.672,1947,0.982169538,1625191546,LPLC4_R
41.616,30.984,102.176,41.576,30.832,102.12,1871,0.998864385,1625191546,LPLC4_R
34.904,42.52,110.512,34.736,42.552,110.608,2731,0.987233615,1625191546,LPLC4_R
47.584,33.664,106.624,47.488,33.608,106.696,1812,0.989743245,1625191546,LPLC4_R
46.936,34.736,107.168,46.872,34.736,107.36,1834,0.964503833,1625191546,LPLC4_R
32.24,39.12,97,32.256,39.128,97.176,2681,0,1625191546,LPLC4_R
47.024,34.592,107.256,47.072,34.68,107.352,1834,0.964503833,1625191546,LPLC4_R
36.592,37.72,93.224,36.496,37.792,93.392,2770,0.119360842,1625191546,LPLC4_R
41.112,34.632,104.672,41.016,34.392,104.784,1873,0.989684201,1625191546,LPLC4_R
26.072,34.352,98.68,26.28,34.456,98.568,2025,0.982675054,1625191546,LPLC4_R
41.76,29.744,100.184,41.624,29.8,100.184,1779,0.4152782,1625191546,LPLC4_R
25.32,34.264,97.176,25.504,34.176,97.152,2035,0,1625191546,LPLC4_R
36.456,37.472,93.992,36.456,37.48,94.104,3615,1,1625191546,LPLC4_R
17.408,65.752,133.592,17.288,65.968,133.608,794,0.973671073,1625080038,LC4
17.608,65.944,133.84,17.608,66.144,133.96,828,0.996354864,1625080038,LC4
31.832,63.472,122.832,31.744,63.6,122.824,305,0,1625080038,LC4
31.928,63.04,122.576,31.864,63.064,122.456,301,0.928250779,1625080038,LC4
31.744,63.736,123.52,31.84,63.84,123.464,305,0,1625080038,LC4
35.592,65.672,123.016,35.72,65.76,122.952,273,0,1625080038,LC4
31.424,63.568,123.224,31.584,63.752,123.128,305,0,1625080038,LC4
20.512,58.416,122.728,20.28,58.416,122.736,463,0,1625080038,LC4
35.352,62.168,120.528,35.36,62.368,120.528,287,0,1625080038,LC4
18.944,59.76,123.968,18.792,59.76,123.856,1473,0,1625080038,LC4
17.144,65.408,133.224,17.088,65.632,133.352,793,0.736064173,1625080038,LC4
39.136,67.112,120.112,39.088,67.152,120.288,212,0.999980279,1625080038,LC4
15.928,73.136,138.568,15.96,73.224,138.816,683,0.105500684,1625080038,LC4
13.336,61.6,124.544,13.408,61.416,124.44,937,0.991258703,1625080038,LC4
15.616,68.48,126.472,15.616,68.488,126.592,1057,0.957672396,1625080038,LC4
28.32,62.536,125.688,28,62.824,125.728,877,0.220822603,1625080038,LC4
15.84,61.6,124.936,15.68,61.576,124.712,1474,0.384999156,1625080038,LC4
15.368,69.552,126.96,15.304,69.56,127.032,1059,0.286888639,1625080038,LC4
27.696,53.792,117.128,27.568,54.008,117.16,3290,0,1625080038,LC4
15.808,69.888,127.056,15.688,69.976,127.064,1059,0.286888639,1625080038,LC4
39.192,44.072,106.88,39.248,43.912,106.984,2460,0.982500068,1624747496,LPLC4_R
41.968,46.288,88.88,41.904,46.304,88.696,2066,0.073994988,1624747496,LPLC4_R
29.928,44.64,111.704,29.944,44.632,111.808,1359,0.996586595,1624747496,LPLC4_R
44.432,48.408,105.84,44.56,48.36,105.72,2419,0.988535597,1624747496,LPLC4_R
33.216,45.768,89.616,33.072,45.848,89.584,3841,0,1624747496,LPLC4_R
39.408,44.128,107.4,39.488,44.04,107.296,3520,0,1624747496,LPLC4_R
48.496,45.256,98.488,48.56,45.056,98.464,1585,0.997086891,1624747496,LPLC4_R
22.712,46.144,91.496,22.504,46.032,91.472,2268,0.995181438,1624747496,LPLC4_R
32.384,43.52,109.008,32.584,43.464,109.008,2713,0.550120835,1624747496,LPLC4_R
22.88,45.952,91.568,22.848,45.816,91.696,3675,1,1624747496,LPLC4_R
39.928,44.224,108.448,40.056,44.192,108.56,2457,0,1624747496,LPLC4_R
33.744,45.408,89.2,33.504,45.264,89.112,3564,1,1624747496,LPLC4_R
31.976,43.552,108.648,32.072,43.32,108.696,2713,0.97488022,1624747496,LPLC4_R
48.888,45.04,98.592,48.76,44.984,98.504,1585,0.997086891,1624747496,LPLC4_R
32.904,43.92,108.76,32.992,43.776,108.592,2711,0.910613187,1624747496,LPLC4_R
38.448,45.624,106.008,38.656,45.584,106.112,2453,0,1624074309,LPLC4_R
30.68,45.896,111.328,30.624,45.832,111.584,1251,0.82818595,1624074309,LPLC4_R
30.872,45.76,111.448,30.816,45.8,111.616,1251,0.82818595,1624074309,LPLC4_R
25.624,51.216,86.424,25.592,51.216,86.504,1623,0.986477625,1624074309,LPLC4_R
48.912,47.12,99.632,48.728,46.992,99.44,1590,0.167357899,1624074309,LPLC4_R
52.488,46.416,97.408,52.432,46.312,97.496,553,0.158765502,1624074309,LPLC4_R
52.304,46.624,97.304,52.24,46.76,97.504,551,0.981760089,1624074309,LPLC4_R
23.144,51.44,84.248,23.032,51.352,84.24,1631,0.9582357,1624074309,LPLC4_R
41.208,48.072,89.504,41.056,47.92,89.632,2076,0,1624074309,LPLC4_R
24.656,44.416,96.296,24.648,44.36,96.472,2500,0,1624074309,LPLC4_R
23.384,44.824,92.28,23.432,44.976,92.288,2267,0.93921968,1624074309,LPLC4_R
30,35.008,92.88,30.072,35.168,92.8,1982,0.989500074,1624074309,LPLC4_R
48.816,47.856,92.832,49.128,47.68,92.88,198,0.999630607,1624074309,LPLC4_R
24.912,45.272,91.832,24.896,45.232,91.928,2498,0,1624074309,LPLC4_R
24.584,44.752,91.512,24.768,44.68,91.496,2293,0.979552481,1624074309,LPLC4_R
23.312,50.936,84.664,23.144,50.848,84.624,1631,0.9582357,1624074309,LPLC4_R
36.528,46.04,97.688,36.256,46.008,97.496,2828,0,1624074309,LPLC4_R
49.408,45.872,93.352,49.192,45.872,93.176,3753,0,1624074309,LPLC4_R
37.248,47.784,93.64,37.28,47.752,93.768,1925,0,1624074309,LPLC4_R
39.184,46.808,93.008,39.224,46.896,92.952,2059,0,1624074309,LPLC4_R
24.424,44.632,92.152,24.472,44.752,92.232,2292,0,1624074309,LPLC4_R
49.088,47.32,92.352,49.352,47.224,92.376,198,0.999630607,1624074309,LPLC4_R
24.6,44.544,95.104,24.592,44.736,95.088,2265,0.953112202,1624074309,LPLC4_R
40.536,46.624,106.264,40.696,46.752,106.208,2464,0,1624074309,LPLC4_R
39.368,45.848,106.088,39.248,45.64,106.008,2453,0,1624074309,LPLC4_R
52.528,47.232,97.304,52.288,47.28,97.224,551,0.981760089,1624074309,LPLC4_R
38.864,45.776,105.992,38.984,45.672,106.088,2453,0,1624074309,LPLC4_R
51.912,47.024,96.664,51.88,47.2,96.552,551,0.981760089,1624074309,LPLC4_R
40.72,46.248,106.376,40.864,46.216,106.456,2462,0.999988258,1624074309,LPLC4_R
18.728,46.944,84.36,18.568,46.992,84.168,1657,0,1624074309,LPLC4_R
92.84,6.408,86.096,92.84,6.552,86.104,3799,0.967513261,1623231289,NA
25.4,33.856,96.816,25.48,33.976,96.712,2035,0,1622468068,PLP038_R
25.52,34.032,97.512,25.728,34.136,97.512,2035,0,1622468068,PLP038_R
32.816,51.624,104.488,32.816,51.624,104.32,3021,0.150009215,1622350949,LPLC1_R
41.208,57.68,97.2,41.096,57.68,97.184,1429,0.988047136,1622350949,LPLC1_R
48.12,56.32,89.368,48.064,56.344,89.256,500,0.521460997,1622350949,LPLC1_R
23.232,56.84,99.44,23.064,56.888,99.424,2955,0.976417109,1622350949,LPLC1_R
10.6,59.312,108.104,10.512,59.144,108.112,632,0.988743499,1622350949,LPLC1_R
43.336,57.52,94.512,43.216,57.52,94.552,2165,0.987998163,1622350949,LPLC1_R
40.464,59.08,97.824,40.312,59.152,97.912,2193,0.374817466,1622350949,LPLC1_R
32.144,57.92,99.592,32.144,57.944,99.688,2871,0.999698847,1622350949,LPLC1_R
31.728,58.616,99.112,31.76,58.616,99.248,2872,0.313618359,1622350949,LPLC1_R
39.92,53.32,100.688,40,53.232,100.76,3306,1,1622350949,LPLC1_R
39.936,59.184,98.256,40.024,59.016,98.224,1439,0.999829029,1622350949,LPLC1_R
39.56,59.064,98.376,39.536,59.016,98.224,1437,0,1622350949,LPLC1_R
30.32,56.184,102.16,30.456,56.216,102.232,3842,0,1622350949,LPLC1_R
31.2,55.952,99.92,31.104,55.912,99.976,2868,0.127046711,1622350949,LPLC1_R
17.008,58.656,113.032,16.984,58.768,113.096,390,0.999208321,1622350949,LPLC1_R
12.392,58.232,100.688,12.472,58.368,100.768,2323,0,1622350949,LPLC1_R
12.912,58.72,100.84,12.768,58.64,100.872,2323,0,1622350949,LPLC1_R
15.936,58.52,112.56,15.856,58.608,112.544,3439,1,1622350949,LPLC1_R
34.632,78.76,129.624,34.92,78.688,129.6,184,0.251053922,1621357756,LC4
41.048,80.176,124.344,40.976,80.112,124.424,17,0.982071665,1621357756,LC4
21.792,68.6,127.232,21.872,68.688,127.136,1230,0,1621357756,LC4
15.512,68.328,126.84,15.52,68.456,126.728,1057,0.957672396,1621357756,LC4
24.184,62.888,115.944,23.992,62.768,115.84,899,0,1621357756,LC4
16.176,68.232,126.976,16.256,68.36,126.896,1056,0.27903768,1621357756,LC4
20.184,66.128,124.176,20.216,65.952,124.216,641,0.993498912,1621357756,LC4
43.216,78.368,122.536,43.328,78.472,122.528,67,0.632659206,1621357756,LC4
42.648,78,123.408,42.76,77.872,123.4,41,0.771289438,1621357756,LC4
40.296,88.096,123.552,40.384,87.952,123.544,23,0.984553746,1602704738,PVLP034_R
42.608,88.456,123.472,42.68,88.32,123.504,33,0.865414692,1602704738,PVLP034_R
39.52,88.896,124.112,39.64,88.984,124.048,25,0.638456531,1602704738,PVLP034_R
24.584,62.56,116.456,24.528,62.536,116.336,899,0,1602704738,PVLP034_R
22.56,69.464,126.592,22.672,69.36,126.56,849,0.973740523,1602704738,PVLP034_R
41.048,89.584,123.904,41.024,89.592,123.992,31,0.99679518,1602704738,PVLP034_R
24.048,69.376,124.76,24.088,69.44,124.56,860,0.957972609,1602704738,PVLP034_R
43.2,39.48,106.4,43.312,39.48,106.472,2100,0,1597287219,NA
43.016,42.944,104.944,42.976,43.056,104.96,2471,0.934078548,1597287219,NA
42.296,56.112,101.288,42.232,56.208,101.176,1419,0,1597265225,PS208_R
36.784,57.32,92.272,36.784,57.32,92.416,2909,0.91657217,1597265225,PS208_R
55.464,54.016,94.496,55.432,53.952,94.368,450,0,1597265225,PS208_R
33.552,58.736,92.216,33.576,58.896,92.368,1326,0.10391098,1597265225,PS208_R
32.456,59.568,98.88,32.448,59.32,99.008,2873,0.978124514,1597265225,PS208_R
32.344,60.336,100.088,32.272,60.272,100.024,2877,0.99932825,1597264864,PS208_R
55.176,54.456,82.12,55.304,54.456,82.208,527,0.893019105,1596923321,NA
37.648,54.424,83.816,37.704,54.52,83.68,1301,0.050921445,1596902740,NA
37.208,55,84.48,37.336,54.984,84.528,1299,0.998029703,1596898510,NA
21.216,54.672,81.8,21.216,54.832,81.8,1646,0,1596884604,NA
47.52,51.104,101.832,47.424,51.176,101.992,2038,0.965686187,1596199055,LC14_R
29.616,35.288,102.16,29.696,35.288,102.048,1454,0,1596199055,LC14_R
20.96,65.68,106.944,20.904,65.544,106.8,1026,0.998033885,1596199055,LC14_R
46.416,50.632,102.824,46.48,50.528,102.696,1684,0.996092364,1596199055,LC14_R
29.48,34.992,102.624,29.48,34.88,102.68,2697,0.990249326,1596199055,LC14_R
33.792,53.328,90.576,33.984,53.328,90.672,1273,0.993988544,1596199055,LC14_R
32.064,31.856,104.528,32.224,31.888,104.408,2669,0.926392767,1596199055,LC14_R
21.888,50.2,85.696,21.984,50.136,85.584,1625,0.973412689,1596199055,LC14_R
26.072,49.416,87.288,26,49.36,87.144,1634,0.886593763,1596199055,LC14_R
29.328,35.128,102.664,29.448,34.88,102.68,2697,0.990249326,1596199055,LC14_R
24.472,49.752,97.752,24.544,49.52,97.728,2591,0.99661465,1596199055,LC14_R
24.616,49.512,97.12,24.808,49.552,97.136,2586,0.995100435,1596199055,LC14_R
33.936,30.912,102.632,33.92,30.824,102.456,2654,0.98602504,1596199055,LC14_R
21.184,50.592,84.744,21.256,50.576,84.648,1626,0.970033938,1596199055,LC14_R
32.608,52.504,91.432,32.584,52.64,91.544,1618,0.999655693,1596199055,LC14_R
21.168,50.248,84.576,21.184,50.44,84.48,1626,0.970033938,1596199055,LC14_R
33.872,30.304,103.2,33.896,30.136,103.048,2656,0.980176921,1596199055,LC14_R
27.92,50.808,112.272,28.28,50.584,112.192,1254,0.982123005,1596199055,LC14_R
23.648,48.688,96.52,23.6,48.856,96.32,2589,0.478497674,1596199055,LC14_R
33.2,34.312,104.56,33.232,34.152,104.624,2676,0.904698193,1596091814,LC22_R
43.448,33.8,101.264,43.656,33.872,101.328,1987,0,1595866921,LPLC4
41.872,36.4,102.264,41.816,36.448,102.384,1785,0.999999935,1595866921,LPLC4
42.752,34.072,101.672,42.688,34.056,101.864,1896,0.997372454,1595866921,LPLC4
29.104,29.808,95.88,29.04,29.656,95.872,1456,0.983495861,1595866921,LPLC4
35.368,39.576,90.152,35.448,39.672,90.264,2777,0.997502268,1595866921,LPLC4
28.232,29.096,95.112,28.36,29.008,95.12,1458,0,1595866921,LPLC4
33.52,30.328,99.744,33.552,30.296,99.888,1946,0,1595866921,LPLC4
32.096,37.584,92.272,32.152,37.672,92.16,1969,0.333166227,1595866921,LPLC4
32.12,37.104,92.56,32.16,37,92.656,1957,0.927239558,1595866921,LPLC4
37.216,39.584,109.04,37.4,39.552,109.016,1712,0.947942999,1595866921,LPLC4
44.064,33.472,101.664,44.2,33.224,101.504,2000,0,1595866921,LPLC4
43.712,33.784,101.912,43.704,33.992,101.936,1897,0.998959083,1595866921,LPLC4
36.112,36.072,109.384,36.024,36.2,109.464,1722,0.979448335,1595866921,LPLC4
27.856,28.944,93.736,27.904,28.752,93.672,1461,0.999496926,1595866921,LPLC4
52.312,27.736,106.424,52.128,27.712,106.416,1801,0,1595866921,LPLC4
27.848,29.672,95.008,28.048,29.8,94.976,1464,0.997699474,1595866921,LPLC4
43.608,44.216,106.392,43.64,44.472,106.52,2467,0.981050996,1595853024,LPLC4_R
31.184,41.824,93.784,31.304,41.624,93.952,1592,0,1595853024,LPLC4_R
31.248,41.64,93.8,31.296,41.568,93.936,1592,0,1595853024,LPLC4_R
27.672,39.264,91.472,27.72,39.464,91.456,2745,0.906121702,1595853024,LPLC4_R
44.048,33.28,104.024,44.048,33.352,103.912,1788,0.13669342,1595853024,LPLC4_R
34.992,45.48,91.4,35.008,45.28,91.584,1932,0.993821741,1595853024,LPLC4_R
35.976,38.312,93.08,36.064,38.16,93.2,2773,0,1595853024,LPLC4_R
47.936,44.52,99.568,48.096,44.672,99.536,1586,0.981539025,1595853024,LPLC4_R
31.992,42.368,108.92,32.152,42.304,108.816,2726,0,1595853024,LPLC4_R
35.792,45.472,91.84,35.912,45.288,91.768,1932,0.993821741,1595853024,LPLC4_R
35.768,45.392,91.432,35.848,45.216,91.656,1932,0.993821741,1595853024,LPLC4_R
47.168,25.048,106.16,47.224,24.952,105.944,1767,0,1595853024,LPLC4_R
30.424,40.176,93.552,30.336,40.184,93.64,1593,0.923245529,1595853024,LPLC4_R
32.56,42.856,109.312,32.64,42.944,109.096,2729,0,1595853024,LPLC4_R
31.128,41.304,107.856,31.128,41.16,107.976,2722,0,1595853024,LPLC4_R
34.952,41.28,92.768,35,41.184,92.872,2783,0.990552253,1595853024,LPLC4_R
30.736,41.4,108.032,30.792,41.248,108.088,2722,0,1595853024,LPLC4_R
43.48,44.248,106.768,43.224,44.256,106.64,2467,0.981050996,1595853024,LPLC4_R
43.528,43.76,107.08,43.424,43.664,107.064,2468,0.532561243,1595853024,LPLC4_R
31.272,36.976,91.32,31.288,36.92,91.44,1970,0.957037896,1595853024,LPLC4_R
38.032,31.4,99.864,37.856,31.28,99.936,2663,0.976598161,1595853024,LPLC4_R
39.568,35.72,100.112,39.528,35.72,99.952,1707,0.997373225,1595853024,LPLC4_R
39.256,28.464,106.8,39.392,28.632,106.776,2254,0.980595328,1595853024,LPLC4_R
39.552,35.008,99.88,39.576,35.184,99.704,2367,0.94748876,1595853024,LPLC4_R
39.608,34.304,100.2,39.744,34.12,100.12,2373,0.99921063,1595853024,LPLC4_R
32.272,36.856,91.368,32.336,36.96,91.48,1971,0,1595853024,LPLC4_R
21.912,44.408,89.176,22.056,44.52,89.104,2276,0.997761161,1595853024,LPLC4_R
44.288,32.936,103.648,44.24,33.12,103.608,1788,0.13669342,1595853024,LPLC4_R
39.024,28.912,104.096,38.8,29.016,104.208,2228,0.415318853,1595853024,LPLC4_R
44.472,51.28,105.512,44.392,51.192,105.608,2411,0.999937323,1594882312,PLP224_R
28.576,52.968,112.4,28.712,52.976,112.448,382,0.998851107,1594882312,PLP224_R
28.2,53.024,112.776,28.2,53.008,112.888,3373,1,1594882312,PLP224_R
43.808,47.792,105.04,43.752,47.864,105.168,2417,0.999966617,1594882312,PLP224_R
38.672,33.52,98.424,38.608,33.656,98.416,2368,0.934071657,1594882312,PLP224_R
23.128,54.224,121.928,23.016,54.256,122.056,1124,0.997123362,1594882312,PLP224_R
42,50.832,85.416,41.936,50.784,85.504,1335,0,1594882312,PLP224_R
32.2,51.136,92.824,32.376,51.048,92.848,2834,0.990194947,1594882312,PLP224_R
42.464,50.544,85.544,42.352,50.56,85.648,1335,0,1594882312,PLP224_R
52.696,24.2,106.816,52.776,24.496,106.816,1803,0.98704984,1594882312,PLP224_R
37.624,55.136,110.552,37.688,55.032,110.576,375,0.996759552,1594882312,PLP224_R
36.32,38.072,93.424,36.128,38.088,93.392,2773,0,1594882312,PLP224_R
33.224,52.128,93.992,33.408,52.168,93.96,1270,0.998733391,1594882312,PLP224_R
35.144,52.808,93.088,35.024,52.816,93.112,2888,0.97549786,1594882312,PLP224_R
44.576,32.664,100.4,44.496,32.504,100.616,1998,0.936913333,1594882312,PLP224_R
44.36,32.336,100.52,44.52,32.384,100.56,1998,0.936913333,1594882312,PLP224_R
35.208,53.096,93.048,35.192,53.264,92.912,2889,0.987961489,1594882312,PLP224_R
52.392,32.04,111.936,52.36,32.128,111.832,1820,0.990577644,1594882312,PLP224_R
26.664,45.44,87.584,26.608,45.32,87.56,2303,0,1594882312,PLP224_R
26.92,46.224,87.472,26.904,46.392,87.4,2309,0.473703688,1594882312,PLP224_R
35.104,42.072,99.104,35.08,42.16,99.208,2805,0.987094544,1594882312,PLP224_R
36.304,26.296,105.176,36.368,26.2,105.112,2236,0,1594882312,PLP224_R
23.712,45.112,102.624,23.576,45.112,102.576,2539,0,1594882312,PLP224_R
30.024,34.648,102.72,30.024,34.832,102.912,2697,0.990249326,1594882312,PLP224_R
43.088,42.208,103.552,42.92,42.264,103.576,2471,0.934078548,1594882312,PLP224_R
44.408,33.384,101.408,44.368,33.224,101.352,2000,0,1594882312,PLP224_R
23.816,44.44,103.552,23.648,44.56,103.48,2539,0,1594882312,PLP224_R
23.768,45.272,102.568,23.576,45.312,102.44,2539,0,1594882312,PLP224_R
42.616,28.616,102.168,42.648,28.64,102.272,1738,0.995331356,1594882312,PLP224_R
44.24,33.44,101.136,44.24,33.392,101.016,1993,0.9982251,1594882312,PLP224_R
43.056,41.752,103.32,42.832,41.896,103.272,2471,0.934078548,1594882312,PLP224_R
46.816,51.384,102.656,46.832,51.352,102.56,2040,0,1594882312,PLP224_R
44.168,32.88,100.824,44.296,32.896,100.888,1998,0.936913333,1594882312,PLP224_R
40.096,35.896,108.904,40.048,35.8,108.952,1889,0,1594882312,PLP224_R
33.272,54.632,116.416,33.264,54.744,116.456,1378,0.936969524,1594882312,PLP224_R
41.928,51.016,85.92,41.96,50.864,85.808,1332,0.972017453,1594882312,PLP224_R
42.904,64.344,117.008,42.992,64.504,117.048,397,0.469458769,1594882312,PLP224_R
43.576,65.096,118.008,43.664,65.168,117.936,394,0,1594882312,PLP224_R
45.848,52.072,103.648,45.928,52.152,103.6,3827,0.80147463,1594882312,PLP224_R
45.952,51.864,103.24,45.984,52.008,103.176,3827,0.80147463,1594882312,PLP224_R
46.496,34.328,102.464,46.32,34.416,102.48,1839,0.899021473,1594882312,PLP224_R
40,36.68,107.96,40.152,36.608,107.76,1902,0.990506134,1594882312,PLP224_R
40,31.776,103.408,40.064,31.784,103.528,1734,0.998458235,1594506747,NA
39.824,30.176,102.648,39.824,30.304,102.56,1780,0.488086095,1594506747,NA
23.104,44.608,104.096,23.352,44.68,103.96,2543,0.998530205,1594152108,LLPC2d
38.616,30,107.488,38.448,30,107.488,2248,0,1593815080,LPLC4
33.088,36.376,101.952,33.008,36.208,102.008,3828,0,1593815080,LPLC4
30.184,39.576,100.568,30.384,39.584,100.624,2935,0.991600312,1593815080,LPLC4
43.864,28.312,101.856,43.992,28.24,101.792,1869,0,1593815080,LPLC4
39.32,29.032,107.16,39.296,29.072,107.032,2255,0,1593815080,LPLC4
36.336,42.744,97.584,36.144,42.736,97.536,2803,0.415196942,1593815080,LPLC4
24.864,43.984,100.304,24.776,43.96,100.36,2537,0.964416072,1593815080,LPLC4
41.128,34.592,105.04,40.976,34.512,104.944,1732,0.983105273,1593815080,LPLC4
42.8,27.664,102.024,42.8,27.824,101.976,1738,0.995331356,1593815080,LPLC4
33.96,35.36,101.248,33.968,35.304,101.512,3828,0,1593815080,LPLC4
25.12,42.944,89.448,25.104,43.064,89.568,2297,0.989337008,1593815080,LPLC4
47.456,35.12,107.168,47.4,35.152,107.336,1834,0.964503833,1593815080,LPLC4
40.08,36.112,104.936,40.056,36.016,104.808,1731,0.986561684,1593815080,LPLC4
25.552,43.32,90.248,25.312,43.424,90.136,2295,0.983340039,1593815080,LPLC4
37.776,38.136,105.528,37.928,38.344,105.504,2365,0.972751303,1593815080,LPLC4
37.304,55.064,101.2,37.456,55.264,101.136,3244,0,1593417998,LPLC1_R
40.52,59.112,98.504,40.424,59.024,98.296,3713,1,1593417998,LPLC1_R
23.432,58.92,109.568,23.416,58.992,109.712,1163,0,1593417998,LPLC1_R
23.016,58.008,109.824,23.104,57.872,109.808,1161,0.991110564,1593417998,LPLC1_R
24.392,53.832,96.616,24.296,53.904,96.888,3129,0,1593417998,LPLC1_R
30.864,56,99.544,30.784,56.032,99.544,2866,0.980431874,1593417998,LPLC1_R
25.032,56.4,97.784,25.2,56.328,97.848,3139,0.090853078,1593417998,LPLC1_R
49.672,55.792,92.432,49.808,55.656,92.344,482,0.961295705,1593417998,LPLC1_R
16.92,56.624,106.168,16.84,56.576,106.248,1042,0.888236527,1593417998,LPLC1_R
43.944,55.28,93.952,43.832,55.168,94,2157,0.995381721,1593417998,LPLC1_R
17.16,56.52,106.152,17.144,56.464,106.248,1042,0.888236527,1593417998,LPLC1_R
18.288,58.72,113.44,18.312,58.848,113.568,389,0.996898884,1593417998,LPLC1_R
24.52,56.624,97.048,24.584,56.624,96.96,3138,0.991429461,1593417998,LPLC1_R
40.736,58.528,99.48,40.64,58.704,99.416,1432,0.497133356,1593417998,LPLC1_R
31.008,56.448,99.2,30.768,56.504,99.088,2866,0.980431874,1593417998,LPLC1_R
46.816,55.312,93.28,46.968,55.4,93.152,563,0.952851992,1593417998,LPLC1_R
32.488,56.08,93.984,32.512,56.208,94.08,2924,0.897933265,1593417998,LPLC1_R
26.12,56.968,94.8,26.192,56.888,94.592,3038,0,1593417998,LPLC1_R
36.76,55.408,100.792,36.944,55.392,100.544,3238,0.990395716,1593417998,LPLC1_R
17.856,57.824,114.408,17.976,57.808,114.48,388,0.997663825,1593417998,LPLC1_R
30.504,56.32,100.432,30.376,56.328,100.36,2867,0.121658014,1593417998,LPLC1_R
43.648,55.424,93.768,43.552,55.392,93.824,2157,0.995381721,1593417998,LPLC1_R
32.432,56.376,93.848,32.56,56.336,94.04,2924,0.897933265,1593417998,LPLC1_R
26,58.44,106.912,25.952,58.504,106.672,3477,1,1593417998,LPLC1_R
40.32,59.512,98.048,40.216,59.264,97.944,2193,0.374817466,1593417998,LPLC1_R
16.264,56.544,105.424,16.184,56.48,105.6,1043,0.964105279,1593417998,LPLC1_R
24.584,54.92,102.936,24.528,55.032,103.064,3667,0,1593417998,LPLC1_R
23.904,54.872,102.92,23.904,54.8,103.024,2989,0.990220296,1593417998,LPLC1_R
50.016,54.344,92.8,50.128,54.424,92.832,481,0,1593417998,LPLC1_R
46.84,55.784,93.336,46.84,55.912,93.416,567,0.953552426,1593417998,LPLC1_R
24.92,57.048,96.976,24.76,57.12,96.896,3144,0,1593417998,LPLC1_R
24.408,55.088,97.272,24.416,54.992,97.392,3137,0.989789689,1593417998,LPLC1_R
23.872,64.688,117.768,23.96,64.64,117.944,893,0.988852641,1590979045,LC4
46.48,79.072,123.216,46.488,79.208,123.368,61,0.992565304,1590979045,LC4
40.4,80.632,130.608,40.28,80.432,130.456,110,0,1590979045,LC4
45.432,78.328,122.568,45.336,78.304,122.688,62,0.026407372,1590979045,LC4
34.624,71.592,121.928,34.688,71.624,122.024,157,0.968820351,1590979045,LC4
17.192,67.288,123.848,17.176,67.336,123.976,1085,0,1590979045,LC4
24.048,60.872,115.144,24.04,60.96,115.216,383,0.999465517,1570565128,PVLP026_R
2.712,70.728,127.232,2.664,70.872,127.272,3815,0,1570565128,PVLP026_R
41.952,75.28,124.688,42.024,75.36,124.616,44,0,1570565128,PVLP026_R
27.32,60.64,116.8,27.192,60.752,116.832,899,0.872802737,1570565128,PVLP026_R
31.736,66.056,123.216,31.984,66.248,123.2,148,0.595390502,1570565128,PVLP026_R
36.56,69.808,122.184,36.512,69.688,122.24,141,0,1570565128,PVLP026_R
16.704,67.184,135.112,16.672,67.056,135.008,829,0.222505924,1570565128,PVLP026_R
43.056,77.64,123.032,43.136,77.56,123.112,41,0.388669472,1570249860,AVLP514_R
18.72,63.664,140.28,18.776,63.76,140.32,3409,0,1570245517,PVLP108_R
18.256,63.76,139.872,18.272,63.904,139.864,709,0.977904981,1570245517,PVLP108_R
32.056,58.472,125.016,31.968,58.552,125.088,882,0.969696047,1570245517,PVLP108_R
13.728,67.736,139.656,13.816,67.832,139.728,746,0.999974184,1569899283,NA
25.344,65.616,137.968,25.312,65.464,137.848,826,0,1569899283,NA
41.304,89.128,124.36,41.304,89.064,124.208,31,0.99679518,1569899283,NA
14.712,77.592,140.72,14.784,77.552,140.8,3397,1,1569899283,NA
14.44,75.216,140.584,14.592,75.256,140.616,680,0.936707223,1569899283,NA
14.728,77.12,140.6,14.792,77.12,140.72,687,0.999750968,1569899283,NA
22.92,72.584,126.4,23.072,72.536,126.448,854,0.4724993,1568936570,PVLP034_R
22.944,72.104,126.64,23.04,72.144,126.736,854,0,1568936570,PVLP034_R
18.92,65.288,103.832,18.936,65.08,103.832,1023,0.999976407,1566514624,PLP164_R
32.976,59.864,91.456,33.032,59.976,91.392,1325,0.957883177,1566514624,PLP164_R
19.16,65.264,103.912,19.12,65.152,103.936,1023,0.999976407,1566514624,PLP164_R
32.76,60,91.56,32.936,60.064,91.424,1325,0.957883177,1566506400,PLP165_R
19.16,47.84,83.736,19.136,47.664,83.888,3825,0,1565505443,NA
40.184,36.032,104.784,40.048,36.008,104.768,1731,0.986561684,1564482235,PLP173_R
40.304,35.416,104.776,40.272,35.392,104.864,1732,0.983105273,1564482235,PLP173_R
24.856,33.816,103.464,24.784,33.8,103.552,2003,0.988802737,1564482235,PLP173_R
35.352,44.656,106.176,35.296,44.76,106.28,2701,0,1564482235,PLP173_R
43.976,27.4,102.864,44.048,27.504,102.872,1750,0.974711298,1564482235,PLP173_R
35.072,44.216,106.2,35,44.152,106.304,2702,0.386397545,1564482235,PLP173_R
35.568,31.672,97.096,35.376,31.664,96.888,2687,0.951867111,1564482235,PLP173_R
44.472,28.36,102.92,44.368,28.256,102.912,1750,0.974711298,1564482235,PLP173_R
22.544,54.872,90.584,22.544,55.008,90.536,3043,0.968019923,1564157830,PLP226_R
34.64,53.376,93.544,34.776,53.344,93.416,2889,0.987961489,1564157830,PLP226_R
32.472,41.92,97.496,32.672,42.096,97.416,1344,0.998664675,1564157830,PLP226_R
34.76,52.888,92.664,34.752,52.912,92.864,2888,0.97549786,1564157830,PLP226_R
32.288,39.544,93.2,32.184,39.448,93.256,1956,0,1564157830,PLP226_R
34.256,53.648,92.752,34.432,53.824,92.808,2889,0.987961489,1564157830,PLP226_R
54.296,51.432,87.344,54.336,51.648,87.288,520,0,1564157830,PLP226_R
37.616,50.976,93.952,37.448,50.928,94.016,1918,0,1564157830,PLP226_R
37.28,50.8,93.88,37.16,50.744,93.976,1918,0,1564157830,PLP226_R
23.224,55.528,91.672,23.472,55.36,91.704,3043,0.968019923,1564157830,PLP226_R
41.712,51.864,89.504,41.608,51.76,89.392,2084,0,1564157830,PLP226_R
42.872,52.592,107.064,42.704,52.464,106.968,2398,0.921987878,1564157830,PLP226_R
28.2,53.92,89.824,28.144,53.808,89.752,2856,0.923623381,1564157830,PLP226_R
41.712,51.416,89.672,41.56,51.416,89.616,2084,0,1564157830,PLP226_R
23.944,55.584,91.776,23.912,55.416,91.816,3043,0.968019923,1564157830,PLP226_R
37.208,50.416,93.416,37.176,50.296,93.176,1920,0.936016116,1564157830,PLP226_R
27.84,53.904,90.104,27.6,53.904,89.952,2856,0.923623381,1564157830,PLP226_R
41.552,53.12,88.944,41.624,53.04,88.744,2084,0,1564157830,PLP226_R
41.272,51.296,89.992,41.416,51.296,90.072,3831,0,1564157830,PLP226_R
41.28,54.056,108.624,41.112,53.896,108.56,2405,0.996941009,1564157830,PLP226_R
35.568,42.352,112.12,35.808,42.328,112.128,2732,0.906709278,1564157830,PLP226_R
29.904,43.984,95.096,30.048,44.048,95.176,2819,0,1564157830,PLP226_R
29.992,43.544,95,30.176,43.64,95.032,2824,0,1564157830,PLP226_R
24.608,55.184,91.664,24.44,55.24,91.824,3043,0.968019923,1564157830,PLP226_R
24.272,55.568,91.856,24.352,55.44,91.96,3043,0.968019923,1564157830,PLP226_R
18.88,47.632,83.712,18.832,47.592,83.816,3825,0,1563467433,LPLC4_R
33.656,44.8,96.472,33.664,44.688,96.576,1343,0.992349448,1563467433,LPLC4_R
30.264,40.48,87.056,30.392,40.568,86.968,1604,0.951141511,1563467433,LPLC4_R
44.832,48.088,105.656,44.592,48.272,105.768,2419,0.988535597,1563467433,LPLC4_R
43.216,47.504,105.72,43.264,47.56,105.864,2422,0.490932886,1563467433,LPLC4_R
40.76,44.76,106.088,40.84,44.944,106.088,2462,0.999988258,1563467433,LPLC4_R
19.016,50,83.072,19.008,50.152,83.12,1638,0.997380694,1563467433,LPLC4_R
39.624,47.152,93.32,39.816,47.176,93.4,2057,0.990616248,1563467433,LPLC4_R
39.112,47.208,93.016,39.24,47.096,92.888,2059,0,1563467433,LPLC4_R
40.272,47.048,93.112,40.136,47.08,93.296,2057,0.990616248,1563467433,LPLC4_R
23.096,45.712,91.416,23.136,45.736,91.528,3675,1,1563467433,LPLC4_R
35.736,46.4,96.776,35.672,46.368,96.88,2828,0,1563467433,LPLC4_R
29.128,44.792,94.56,29.096,44.76,94.68,2820,0.937604422,1563467433,LPLC4_R
35.312,46.352,96.76,35.28,46.4,96.832,2828,0,1563467433,LPLC4_R
39.76,45.68,105.76,39.544,45.808,105.64,2453,0,1563467433,LPLC4_R
29.832,44.48,94.784,29.824,44.44,94.92,2820,0.937604422,1563467433,LPLC4_R
37.616,48.384,95.152,37.408,48.472,95.168,1924,0,1563467433,LPLC4_R
22.528,45.712,91.384,22.456,45.88,91.504,2268,0.995181438,1563467433,LPLC4_R
48.88,47.064,91.648,48.992,47.008,91.536,530,0.969824335,1563467433,LPLC4_R
40.16,47.456,92.984,39.968,47.512,93.024,2058,0.045293554,1563467433,LPLC4_R
24.856,44.712,92.44,24.704,44.8,92.328,2292,0,1563467433,LPLC4_R
18.392,46.896,84.104,18.448,47.008,84.16,1657,0,1563467433,LPLC4_R
47.8,36.36,107.984,47.752,36.16,107.872,1834,0.964503833,1563126151,LPLC4
39.2,41.568,105.104,39.08,41.544,104.976,1699,0.967274621,1563126151,LPLC4
29.032,33.152,98.488,29.008,33.128,98.552,3592,1,1563126151,LPLC4
24.64,43.728,100.224,24.816,43.792,100.368,2537,0.964416072,1563126151,LPLC4
25.56,42.84,89.696,25.52,42.952,89.6,2297,0.316871995,1563126151,LPLC4
24.712,42.512,89.392,24.776,42.72,89.424,2313,0.457919928,1563126151,LPLC4
38.248,38.832,105.16,38.176,38.568,105.112,2364,0.348111701,1563126151,LPLC4
40.128,41.104,103.952,39.936,40.904,103.92,1699,0.967274621,1563126151,LPLC4
47.296,24.768,106.12,47.32,24.824,105.976,1767,0,1563126151,LPLC4
37.224,47.264,93.488,37.008,47.28,93.48,1925,0,1563126068,LPLC4_R
40.088,48,91.44,39.84,48.24,91.344,2050,0.999533747,1563126068,LPLC4_R
29.68,43.68,96.984,29.672,43.512,96.976,2814,0.960212953,1563126068,LPLC4_R
29.936,43.776,96.712,29.984,43.616,96.776,2813,0.971868799,1563126068,LPLC4_R
22.72,45.144,90.016,22.672,45.056,89.92,2278,0.228356444,1563126068,LPLC4_R
24.704,42.8,96.144,24.56,42.8,96.16,2504,0.211799813,1563126068,LPLC4_R
22.848,44.352,90.84,22.728,44.504,90.856,2274,0.984657036,1563126068,LPLC4_R
24.328,42.688,91.648,24.456,42.608,91.416,2315,0.978984871,1563126068,LPLC4_R
41.648,27.136,108.328,41.64,27.088,108.512,2256,0.912871159,1563126068,LPLC4_R
50.56,47.728,98.304,50.296,47.776,98.256,1580,0.982874944,1563126068,LPLC4_R
24.656,42.192,96.064,24.536,42.216,96.144,2504,0.211799813,1563126068,LPLC4_R
50.424,47.704,97.816,50.296,47.744,97.776,1583,0,1563126068,LPLC4_R
18.96,47.368,83.944,18.864,47.464,83.856,3825,0,1563126068,LPLC4_R
17.872,46.952,83.992,17.888,47.24,84.128,1657,0,1563126068,LPLC4_R
49.608,46.712,91.248,49.648,46.648,91.36,3752,1,1563126068,LPLC4_R
39.992,48.112,91.92,39.96,48.24,91.976,2050,0.999533747,1563126068,LPLC4_R
22.784,43.848,90.424,22.72,43.96,90.328,2275,0.34535486,1563126068,LPLC4_R
49.784,45.36,91.184,49.824,45.488,91.288,546,0.223117907,1563126068,LPLC4_R
22.728,44.312,91.528,22.68,44.456,91.584,2273,0,1563126068,LPLC4_R
33.256,46.496,94.336,33.272,46.656,94.296,3152,0.877659635,1563126068,LPLC4_R
18.328,47.36,84.424,18.312,47.28,84.312,3825,0,1563126068,LPLC4_R
33.552,44.984,96.584,33.448,44.848,96.648,1343,0.992349448,1563126068,LPLC4_R
33.4,46.136,94.656,33.56,46.224,94.632,3155,0,1563126068,LPLC4_R
40.528,46.008,110.04,40.416,45.92,109.92,2458,0.148450362,1563126068,LPLC4_R
31.376,44.848,95.608,31.352,44.784,95.448,2818,0.981866939,1563126068,LPLC4_R
33.472,46,93.8,33.512,45.736,93.952,3154,0.997123736,1563126068,LPLC4_R
38.688,45.032,106.528,38.696,45.224,106.432,2453,0,1563126068,LPLC4_R
38.448,44.624,106.512,38.336,44.608,106.616,3486,1,1563126068,LPLC4_R
49.52,46.76,98.928,49.336,46.672,98.92,1581,0.995968129,1563126068,LPLC4_R
48.888,46.944,99.424,48.728,46.984,99.432,1590,0.167357899,1563126068,LPLC4_R
49.528,46.84,99.392,49.32,46.656,99.232,2451,0,1563126068,LPLC4_R
37.096,47.096,93.2,36.96,47.048,93.184,1925,0,1563126068,LPLC4_R
39.728,40.08,98.336,39.824,40.248,98.392,2765,0.963930588,1563126068,LPLC4_R
48.44,46.68,99.48,48.456,46.784,99.408,1590,0.167357899,1563126068,LPLC4_R
34.976,44.64,97.536,34.992,44.512,97.672,2804,0.409948388,1563126068,LPLC4_R
34.008,45.576,97.888,33.808,45.576,97.832,1342,0.999754043,1563126068,LPLC4_R
47.968,46.128,92.08,48.024,46,92.184,540,0,1563126068,LPLC4_R
40.472,45.776,109.464,40.424,45.736,109.576,2458,0.148450362,1563126068,LPLC4_R
34.152,42.576,109.68,34.168,42.416,109.776,2734,0,1563122080,LPLC4_R
34.328,36.264,109.472,34.344,35.992,109.448,1723,0.999974367,1563122080,LPLC4_R
42.32,43.488,106.624,42.232,43.712,106.608,2466,0.97752436,1563122080,LPLC4_R
26.048,44.32,87.752,26.184,44.504,87.808,2298,0.989583459,1563122080,LPLC4_R
30.712,39.6,100.312,31.032,39.656,100.384,2935,0.991600312,1563122080,LPLC4_R
25.776,44.224,88.472,25.824,44.272,88.592,2298,0.989583459,1563122080,LPLC4_R
26.392,44.496,88.488,26.2,44.552,88.416,2298,0.989583459,1563122080,LPLC4_R
30.232,45.168,98.712,30.184,45.248,98.776,2603,0.963171708,1563122080,LPLC4_R
30.528,39.408,99.848,30.424,39.496,99.904,2934,0.985558647,1563122080,LPLC4_R
36.144,41.056,109.048,36.328,41.08,108.928,2494,0.343108269,1563122080,LPLC4_R
30.48,38.96,99.736,30.264,39.152,99.92,2942,0.998426486,1563122080,LPLC4_R
25.776,44.536,88.296,26,44.544,88.392,2298,0.989583459,1563122080,LPLC4_R
33.904,42.968,109.752,33.728,42.936,109.848,2730,0.984794123,1563122080,LPLC4_R
39.608,41.824,107.752,39.576,41.84,107.856,1668,0.995362685,1563122080,LPLC4_R
30.616,38.408,99.784,30.552,38.24,99.72,2741,0.989284216,1563122080,LPLC4_R
38.992,41.704,108.44,39.136,41.888,108.344,1668,0.995362685,1563122080,LPLC4_R
34.28,40.544,89.824,34.192,40.464,89.88,2792,0,1563122080,LPLC4_R
41.784,42.992,106.096,41.648,42.952,105.992,2472,0,1563122080,LPLC4_R
28.176,39.008,92.792,28.064,39.072,92.696,2743,0.946918053,1563122080,LPLC4_R
39.912,41.136,107.512,39.992,41.112,107.6,1671,0.977245446,1563122080,LPLC4_R
39.408,36.528,100.232,39.576,36.512,100.12,1707,0.997373225,1563122080,LPLC4_R
28.272,39.064,92.776,28.128,39.152,92.696,2743,0.946918053,1563122080,LPLC4_R
39.12,35.84,100.248,39.144,35.712,100.016,1707,0.997373225,1563122080,LPLC4_R
29.928,45.032,99.104,30.072,45.096,99.112,2609,0.993208986,1563122080,LPLC4_R
42.904,43.32,105.344,42.848,43.336,105.184,3523,1,1563122080,LPLC4_R
42.088,43.48,106.04,42.144,43.568,105.888,2469,0,1563122080,LPLC4_R
41.44,29.312,99.736,41.624,29.472,99.56,1778,0,1563122080,LPLC4_R
30.36,36.52,100.208,30.44,36.584,99.984,1448,0.997587598,1563122080,LPLC4_R
41.68,26.76,108.368,41.808,26.856,108.408,2256,0.912871159,1563122080,LPLC4_R
31,40.096,99.344,30.84,40.096,99.296,2940,0,1563122080,LPLC4_R
41.816,26.88,108.792,41.744,26.928,108.656,2256,0.912871159,1563122080,LPLC4_R
33.968,42.984,110.272,34.056,42.728,110.176,2731,0.987233615,1563122080,LPLC4_R
42.208,26.824,108.328,42.056,26.792,108.264,2256,0.912871159,1563122080,LPLC4_R
25.616,36.768,91.92,25.576,36.816,92.048,2759,0,1563122080,LPLC4_R
24.544,37.264,92.832,24.616,37.256,92.944,2758,0.999413746,1563122080,LPLC4_R
29.936,45.168,98.424,30.104,45.192,98.416,2603,0.963171708,1563122080,LPLC4_R
24.824,37.136,92.808,24.92,37.28,92.84,2758,0.999413746,1563122080,LPLC4_R
40.024,30.264,102.048,40.12,30.176,102.152,1780,0.488086095,1563122080,LPLC4_R
59.344,50.624,92.048,59.376,50.568,92.112,352,0,1562914024,NA
34.12,44.256,96.472,34.112,44.32,96.592,1343,0.992349448,1562785146,LPLC4_R
27.816,38.024,90.344,27.808,37.904,90.192,2751,0,1562785146,LPLC4_R
27.744,38.68,90.688,27.704,38.792,90.584,2748,0.397823872,1562785146,LPLC4_R
31.392,36.264,91.064,31.28,36.264,91.04,1973,0.94444206,1562785146,LPLC4_R
32.68,43.88,108.24,32.784,43.816,108.336,2714,0,1562785146,LPLC4_R
48.92,46.184,98.888,48.768,46.216,98.904,1584,0,1562785146,LPLC4_R
48.344,46.168,98.976,48.584,46.016,98.904,1585,0.997086891,1562785146,LPLC4_R
49.384,46.4,99.024,49.288,46.584,98.96,1581,0.995968129,1562785146,LPLC4_R
41.328,27.04,108.472,41.504,27.152,108.488,2256,0.912871159,1562785146,LPLC4_R
41,27.416,108.616,41.024,27.488,108.488,2256,0.912871159,1562785146,LPLC4_R
48.256,45.536,99.104,48.44,45.48,98.952,1585,0.997086891,1562785146,LPLC4_R
30.376,43.912,95.488,30.28,44.032,95.384,2819,0,1562785146,LPLC4_R
25.224,43.128,90.704,25.056,43.088,90.72,2314,0,1562785146,LPLC4_R
41.536,43.272,105.744,41.648,43.128,105.776,2472,0,1562785146,LPLC4_R
41.568,42.704,105.856,41.6,42.848,105.952,2472,0,1562785146,LPLC4_R
46.736,36.808,110.488,46.688,36.776,110.328,1912,0.978585625,1562785146,LPLC4_R
41.952,43.968,106.096,42.056,43.856,106.192,2466,0.97752436,1562785146,LPLC4_R
55.2,45.92,97.496,54.912,45.872,97.344,441,0,1562785146,LPLC4_R
24.72,44.592,90.792,24.6,44.744,90.728,2293,0.979552481,1562785146,LPLC4_R
55.144,46.144,97.312,55.08,46.208,97.216,441,0,1562785146,LPLC4_R
40.192,29.96,101.776,40.112,30.04,101.976,1780,0.488086095,1562781110,LPLC4
40.216,41.464,107.68,40.096,41.304,107.696,3487,1,1562781110,LPLC4
32.624,40.592,93.96,32.568,40.744,94.032,3612,0,1562781110,LPLC4
32.544,42.304,109.072,32.496,42.472,108.976,2713,0.97488022,1562781110,LPLC4
22.176,48.864,85.368,22.072,48.992,85.456,3558,1,1562781110,LPLC4
36.84,41.6,108.416,36.92,41.408,108.472,2494,0.142450549,1562781110,LPLC4
32.016,40.168,94.424,32.232,40.28,94.512,1348,0.997854244,1562781110,LPLC4
30.24,37.888,99.704,30.36,37.968,99.624,2741,0.989284216,1562781110,LPLC4
41.2,29.704,97.968,41.344,29.648,98.008,1777,0.946268422,1562781110,LPLC4
30.152,37.76,99.672,30.36,37.968,99.632,2741,0.989284216,1562781110,LPLC4
25.672,43.376,89.136,25.608,43.52,89.208,2311,0,1562781110,LPLC4
30.968,41.16,94.064,30.888,41.064,94.208,1592,0,1562781110,LPLC4
30.544,41.376,94.32,30.784,41.248,94.424,1592,0,1562781110,LPLC4
32.536,42.152,108.72,32.448,42.312,108.816,2726,0,1562781110,LPLC4
41.352,28.872,101.024,41.528,28.992,100.984,1772,0.994790956,1562781110,LPLC4
30.96,36.792,90.856,31.032,36.584,90.928,1973,0.94444206,1562781110,LPLC4
30.248,37.064,99.832,30.28,36.92,99.752,1448,0.997587598,1562781110,LPLC4
41.664,40.552,107.272,41.808,40.44,107.264,2090,0.980368584,1562781110,LPLC4
34.416,34.752,101.424,34.392,34.712,101.528,1940,0.326583834,1562781110,LPLC4
33.96,41.24,95.28,33.856,41.296,95.16,1350,0.581577035,1562781110,LPLC4
25.448,44.472,86.808,25.488,44.592,86.72,2300,0.999999795,1562781110,LPLC4
39.352,28.544,107.52,39.44,28.592,107.384,2255,0.29608749,1562781110,LPLC4
39.744,28.024,107.608,39.872,28.16,107.6,2255,0.29608749,1562781110,LPLC4
32.032,39.576,93.688,32.16,39.424,93.608,1353,0.337303595,1562781110,LPLC4
36.376,68.072,121.336,36.224,68.056,121.296,4,0.999577634,1562673627,LC4
21.872,64.112,123.768,21.904,63.944,123.696,1089,0.952106093,1562673627,LC4
42.168,69.072,121.952,42.32,68.944,121.968,234,0.988397285,1562673627,LC4
35.024,57.496,117.528,35.032,57.72,117.432,344,0.88861692,1562673627,LC4
31.096,65.12,122.424,31.056,65.128,122.32,304,0.999794027,1562673627,LC4
21.928,66.728,123.44,21.704,66.88,123.584,641,0.993498912,1562673627,LC4
22.112,67.6,123.584,22.232,67.472,123.616,860,0.957972609,1562673627,LC4
37.712,58.504,116.744,37.816,58.488,116.624,321,0,1562673627,LC4
19.576,62.952,121.072,19.648,62.728,120.992,461,0.991641054,1562673627,LC4
47.424,73.904,122.744,47.384,74.016,122.64,81,0.970911688,1562673627,LC4
39.848,68.544,120.168,39.84,68.624,120.216,236,0,1562673627,LC4
34.936,67.688,122.072,34.8,67.832,122.136,3343,1,1562673627,LC4
35.52,66.776,120.952,35.608,66.64,121.12,1,0.977630229,1562673627,LC4
15.768,62.336,123.256,15.616,62.328,123.168,932,0.999565984,1562673627,LC4
38.008,67.744,119.696,38.024,67.552,119.656,209,0.629858612,1562673627,LC4
48.144,73.912,124.248,48.016,73.816,124.32,3790,0,1562673627,LC4
12.696,61.272,124.216,12.72,61.136,124.352,939,0,1562673627,LC4
29.304,55.128,115.256,29.328,55.352,115.152,3373,1,1540216055,PVLP124_R
26.488,56.464,109.552,26.312,56.688,109.52,2351,0.999459418,1539879204,PVLP126_R
18.44,55.4,114.304,18.552,55.376,114.4,1204,0.908911073,1539508448,NA
18.296,56.96,97.6,18.392,57.088,97.688,2647,0.768364651,1539508448,NA
19.976,54.168,99.208,19.872,54.008,99.08,2630,0.971040275,1539189146,PVLP126_R
26.752,70.16,137.2,26.864,70.288,137.208,813,0.995999156,1538562093,PVLP130(PVL06)_L
31.8,62.488,120.928,31.8,62.496,121.024,300,0,1538562093,PVLP130(PVL06)_L
44.016,67.032,117.48,44.016,67.136,117.368,222,0,1538562093,PVLP130(PVL06)_L
43.464,66.288,117.64,43.376,66.288,117.616,221,0.99611099,1538562093,PVLP130(PVL06)_L
43.416,67.232,118.224,43.328,67.16,118.032,220,0.391027368,1538562093,PVLP130(PVL06)_L
17.672,56.416,120.04,17.424,56.312,119.944,3453,1,1538562093,PVLP130(PVL06)_L
22.68,58.296,119.472,22.544,58.296,119.4,3380,1,1538562093,PVLP130(PVL06)_L
10.944,56.312,94.08,11.024,56.344,94.272,2127,0,1536490336,PLP059_R
50.888,27.632,106.736,50.784,27.768,106.768,1807,0.198979615,1535488185,PLP060_R
32.168,53.208,92.08,32.328,53.128,92.056,1618,0.999655693,1535488185,PLP060_R
17.44,47.632,83.896,17.728,47.48,83.968,1655,0,1535488185,PLP060_R
33.592,51.4,92.12,33.608,51.48,92.168,2833,0.984423627,1535488185,PLP060_R
37.88,34.736,107.16,37.864,34.992,107.016,2479,0,1535488185,PLP060_R
29.712,42.4,91.848,29.808,42.456,91.904,2641,0,1535488185,PLP060_R
27.6,33.016,106.192,27.752,32.968,106.208,1536,0.987799634,1535488185,PLP060_R
28.912,40.24,91.424,28.872,40.104,91.536,1597,0.994915193,1535488185,PLP060_R
49.96,48.144,93.4,49.792,48.248,93.448,198,0.999630607,1535488185,PLP060_R
31.928,49.808,93.032,31.896,49.92,92.952,2841,0.957309999,1535488185,PLP060_R
30.296,39.296,91.456,30.224,39.496,91.528,1599,0,1535488185,PLP060_R
33.744,50.136,92.824,33.544,50.232,92.856,2851,0,1535488185,PLP060_R
18.72,64.92,104.216,18.824,64.904,104.008,1023,0.999976407,1535488185,PLP060_R
18.856,64.368,104.304,18.712,64.248,104.32,1025,0,1535488185,PLP060_R
32.152,49.4,93.176,32.224,49.32,93.04,2843,0.999962082,1535488185,PLP060_R
20.512,47.04,91.496,20.608,46.896,91.28,3836,0,1535488185,PLP060_R
24.192,44.032,105.792,24.32,43.888,105.656,2553,0,1535488185,PLP060_R
48.664,84.384,120.392,48.536,84.4,120.312,3789,0.984151035,1535488185,PLP060_R
29.824,41.768,92.056,29.84,41.92,92.176,2638,0.99783083,1535488185,PLP060_R
45.104,50.248,105.936,45.08,50.2,106.048,2415,0.186772196,1535488185,PLP060_R
45.016,49.792,105.768,44.792,49.808,105.776,2413,0,1535488185,PLP060_R
4.92,53.2,94.344,4.984,53.08,94.472,3834,0,1535488185,PLP060_R
4.52,53.352,94.24,4.44,53.216,94.304,3834,0,1535488185,PLP060_R
40.496,36.408,107.432,40.376,36.384,107.528,1728,0.997912907,1535488185,PLP060_R
41.32,36.64,107.696,41.44,36.672,107.768,1875,0.910575428,1535488185,PLP060_R
26.2,43.088,106.504,26.248,43.096,106.664,2556,0.962665723,1535488185,PLP060_R
5.2,50.352,94.12,5.32,50.408,94.24,2139,0.87399663,1535488185,PLP060_R
29.528,40.8,92.168,29.664,40.656,92.152,2645,0.999953409,1535488185,PLP060_R
27.016,50.272,114.192,26.888,50.28,114.168,1365,0.967913137,1535488185,PLP060_R
26.888,50.32,114.64,26.792,50.408,114.688,1364,0.999971023,1535488185,PLP060_R
26.6,50.408,114.872,26.728,50.424,114.72,1364,0.999971023,1535488185,PLP060_R
48.256,84,120.952,48.128,84.016,120.92,3789,0.984151035,1535488185,PLP060_R
24.288,36.936,93.272,24.392,36.992,93.184,2758,0.999413746,1535488185,PLP060_R
49.896,48.056,93.712,49.872,48.312,93.648,198,0.999630607,1535488185,PLP060_R
50.024,48.24,93.936,50.088,48.352,94.064,198,0.999630607,1535488185,PLP060_R
35.128,57.344,115.08,35.048,57.296,115.152,3313,1,1535488185,PLP060_R
3.888,53.64,93.896,3.824,53.472,93.984,3834,0,1535488185,PLP060_R
3.104,53.68,93.76,3.296,53.584,93.688,2152,0.937364043,1535488185,PLP060_R
40.6,37.04,107.616,40.592,37.272,107.4,1874,0.524902732,1535488185,PLP060_R
48.296,84.096,121.392,48.056,84.088,121.28,53,0.997757115,1535488185,PLP060_R
3.944,53.48,94.32,4.032,53.328,94.32,3834,0,1535488185,PLP060_R
37.384,31.152,108.952,37.384,31.128,109.184,2244,0.99285409,1535488185,PLP060_R
37.312,31.744,109.232,37.112,31.84,109.168,2244,0.99285409,1535488185,PLP060_R
38.096,35.208,108.032,38.256,35.24,108.04,1879,0.993791224,1535488185,PLP060_R
53.472,47.416,89.968,53.48,47.384,89.816,370,0.303382855,1535488185,PLP060_R
37.24,31.448,109.584,37.224,31.424,109.352,2244,0.99285409,1535488185,PLP060_R
44.688,28.728,105.208,44.504,28.832,105.168,1859,0,1535488185,PLP060_R
49.664,33.64,109.664,49.496,33.68,109.632,1813,0.966442524,1535488185,PLP060_R
34.264,34.152,109.752,34.56,34.136,109.848,3517,1,1535488185,PLP060_R
49.256,33.696,108.952,49.112,33.696,108.952,1813,0.966442524,1535488185,PLP060_R
53.632,47.8,89.88,53.512,47.768,89.888,370,0.259810948,1535488185,PLP060_R
44.24,29.128,105.208,44.168,28.952,105.136,1859,0.510547091,1535488185,PLP060_R
36.92,36.856,109.288,36.696,36.848,109.352,2488,0.333271047,1535488185,PLP060_R
21.064,46.96,91.072,21,46.8,91.12,3836,0,1535488185,PLP060_R
21.592,46.688,91.408,21.544,46.608,91.264,2268,0.995181438,1535488185,PLP060_R
40.784,37.944,107.968,40.784,38,107.792,1727,0.416186352,1535488185,PLP060_R
41.224,37.168,107.92,41.344,37.088,107.848,1875,0.910575428,1535488185,PLP060_R
32.272,52.848,108.328,32.448,52.848,108.192,3370,1,1535488185,PLP060_R
36.232,38.056,109.024,36.392,37.896,109.056,1716,0.999199499,1535488185,PLP060_R
36.76,36.984,109.744,36.728,36.888,109.464,2488,0.333271047,1535488185,PLP060_R
36.328,38.136,109.488,36.368,37.968,109.664,1729,0,1535488185,PLP060_R
36.44,38.632,109.128,36.512,38.464,108.912,1714,0.999345168,1535488185,PLP060_R
36.312,37.096,109.424,36.312,37.096,109.32,1720,0,1535488185,PLP060_R
26.12,33.488,104.736,26.16,33.344,104.912,1495,0.966207686,1535488185,PLP060_R
25.552,34.008,104.672,25.44,33.832,104.528,2002,0,1535488185,PLP060_R
26.256,33.592,105.288,26.248,33.424,105.288,1495,0.966207686,1535488185,PLP060_R
22.664,49.32,95.648,22.72,49.208,95.736,2589,0.989582983,1535488185,PLP060_R
32.008,53.024,90.704,31.944,53.024,90.784,1619,0.964169583,1535488185,PLP060_R
51.792,47.984,96.728,51.84,47.88,96.56,576,0,1535488185,PLP060_R
22.72,39.648,97.52,22.72,39.784,97.496,2518,0.452798706,1535488185,PLP060_R
35.32,43.544,97.328,35.048,43.496,97.328,2800,0.963325035,1535488185,PLP060_R
38.904,39.952,104.4,39.04,40,104.464,2363,0,1535488185,PLP060_R
32.504,33.168,101.36,32.64,33.312,101.312,1449,0.978043295,1535488185,PLP060_R
43.976,64.608,127.192,44.112,64.536,127.16,134,0,1535488185,PLP060_R
29.688,34.6,101.224,29.488,34.728,101.128,1450,0,1535488185,PLP060_R
45.752,67.968,127.144,45.848,67.8,127.288,133,0,1535488185,PLP060_R
45.16,67.952,127.52,45.176,67.84,127.56,133,0,1535488185,PLP060_R
32.28,33.528,101.08,32.216,33.768,101.168,1449,0.978043295,1535488185,PLP060_R
23.968,44.856,100.416,23.96,44.824,100.56,2536,0.091543394,1535488185,PLP060_R
34.272,43.56,99.944,34.176,43.68,99.976,2796,0,1535488185,PLP060_R
38.136,30.6,105.2,38.12,30.464,105.376,2220,0.979467347,1535488185,PLP060_R
32.784,32.28,100.624,32.992,32.16,100.776,1944,0.97932319,1535488185,PLP060_R
37.248,29.648,101.432,37.168,29.768,101.488,2663,0.976598161,1535488185,PLP060_R
32.896,33.008,100.336,32.768,33.024,100.336,1942,0.997966822,1535488185,PLP060_R
33.312,32.072,100.776,33.136,32.072,100.784,1944,0.97932319,1535488185,PLP060_R
32.568,32.72,101.328,32.8,32.68,101.24,1943,0,1535488185,PLP060_R
24.648,44.816,100.704,24.432,44.536,100.584,2537,0.485313708,1535488185,PLP060_R
29.136,35.824,99.872,29.28,35.744,99.824,1450,0,1535488185,PLP060_R
28.568,35.176,100.184,28.744,35.136,100.232,1450,0,1535488185,PLP060_R
34.04,43.72,99.288,33.96,43.816,99.28,2794,0.937381879,1535488185,PLP060_R
35.456,44.016,98.76,35.584,44.016,98.712,3294,0,1535488185,PLP060_R
22.944,39.648,97.928,22.952,39.928,97.8,2518,0.452798706,1535488185,PLP060_R
29.2,36.144,99.568,29.288,36.064,99.536,3574,1,1535488185,PLP060_R
15.664,53.528,98.992,15.576,53.392,99.128,2628,0,1535488185,PLP060_R
15.432,54.096,98.808,15.28,54.216,98.704,3643,1,1535488185,PLP060_R
15.536,54.664,98.824,15.504,54.76,98.72,3643,1,1535488185,PLP060_R
50.408,48.184,98.064,50.248,48.112,98.008,1579,0.999996558,1535488185,PLP060_R
15.88,54.56,98.296,15.848,54.752,98.352,3643,1,1535488185,PLP060_R
15.408,53.256,99.032,15.472,53.256,99.136,2628,0,1535488185,PLP060_R
36.648,37.952,110.176,36.52,37.952,109.984,1729,0,1535488185,PLP060_R
34.576,34.728,109.872,34.72,34.816,109.816,2484,0,1535488185,PLP060_R
51.272,32.656,111.6,51.28,32.6,111.496,1823,0,1535488185,PLP060_R
48.048,26.32,99.464,48.192,26.36,99.6,1757,0.975661264,1535488185,PLP060_R
25.704,32.856,98.816,25.608,33.008,98.888,2033,0.981509756,1535488185,PLP060_R
51.464,33.464,112.392,51.48,33.584,112.352,1824,0.982238087,1535488185,PLP060_R
25.904,32.912,99.16,25.984,33,99.192,2033,0.981509756,1535488185,PLP060_R
51.664,33.672,112.992,51.56,33.744,112.904,1825,0.992222206,1535488185,PLP060_R
34.096,27.528,99.024,34.384,27.496,98.928,1947,0.982169538,1535488185,PLP060_R
31.2,54.688,110.352,31,54.648,110.632,3371,1,1535488185,PLP060_R
30.856,54.152,110.376,30.808,54.216,110.576,3371,1,1535488185,PLP060_R
35.712,44.824,91.12,35.552,44.952,91.144,1932,0.993821741,1535488185,PLP060_R
35.464,44.88,90.944,35.416,44.96,91.008,1934,0,1535488185,PLP060_R
40.96,54.448,110.864,40.72,54.472,110.776,378,0.488211126,1535488185,PLP060_R
38.632,56.6,116.176,38.784,56.664,116.168,340,0,1535488185,PLP060_R
38.928,57.032,116.056,38.792,56.856,116.208,340,0,1535488185,PLP060_R
53.536,47.104,90.256,53.76,46.952,90.176,369,0.991555279,1535488185,PLP060_R
38.888,57.088,116.36,38.768,57.016,116.336,3361,1,1535488185,PLP060_R
39.256,57.32,116.096,39.288,57.472,116.024,325,0.61409533,1535488185,PLP060_R
39.032,57.336,117.048,38.872,57.472,117.12,3361,1,1535488185,PLP060_R
38.896,57.208,117.488,38.84,57.28,117.552,335,0.981804394,1535488185,PLP060_R
43.096,68.696,128.608,43,68.488,128.624,84,0.394167624,1535488185,PLP060_R
40.176,54.872,111.44,40.256,54.944,111.296,376,0.956295864,1535488185,PLP060_R
40.752,54.328,111.176,40.736,54.344,111.032,378,0.488211126,1535488185,PLP060_R
40.744,54.512,111.088,40.656,54.472,110.976,378,0.488211126,1535488185,PLP060_R
53.312,47.168,89.44,53.408,47.104,89.6,370,0.433960737,1535488185,PLP060_R
30.392,39.896,91.096,30.296,40.04,91.136,1597,0.994915193,1535488185,PLP060_R
29.584,40.68,91.256,29.752,40.576,91.368,1597,0.994915193,1535488185,PLP060_R
30.072,52.92,110.864,29.952,53.072,110.808,3372,1,1535488185,PLP060_R
30.112,52.88,111.016,30.288,53.088,111.312,3372,1,1535488185,PLP060_R
29.944,52.808,110.528,29.88,52.848,110.464,3372,1,1535488185,PLP060_R
40.784,35.272,105.648,40.768,35.28,105.568,1732,0.416208341,1535488185,PLP060_R
49.296,83.68,122.384,49.176,83.432,122.352,52,0.887875598,1535488185,PLP060_R
49.104,83.4,122.144,49.104,83.4,122.288,52,0.887875598,1535488185,PLP060_R
45.808,26.936,102.256,45.896,26.776,102.296,1752,0.968700964,1535488185,PLP060_R
48.088,83.336,122.568,48.064,83.312,122.656,51,0.933796195,1535488185,PLP060_R
49.04,82.864,122.64,48.912,82.8,122.536,52,0.887875598,1535488185,PLP060_R
48.352,82.968,122.544,48.424,83.088,122.552,52,0.544404979,1535488185,PLP060_R
41.56,26.224,102.568,41.488,26.368,102.512,1740,0.999944394,1535488185,PLP060_R
41.24,25.456,102.328,41.168,25.6,102.288,1747,0.992370631,1535488185,PLP060_R
41.336,25.48,102.744,41.024,25.584,102.744,1748,0.997164777,1535488185,PLP060_R
23.672,44.208,105.216,23.744,44.024,105.04,2546,0.945310231,1535488185,PLP060_R
38.712,31.544,105.504,38.84,31.544,105.368,2220,0.979467347,1535488185,PLP060_R
39.56,46.904,87.544,39.712,46.912,87.32,2070,0.979548297,1535488185,PLP060_R
40.128,46.848,87.864,40.152,46.856,88.04,2069,0.075179025,1535488185,PLP060_R
17.928,47.144,84.472,18.056,47.096,84.44,1657,0,1535488185,PLP060_R
40.28,38.952,102.664,40.456,38.912,102.624,3122,0,1535488185,PLP060_R
40.856,37.168,102.64,40.936,37.192,102.736,1785,0.500346306,1535488185,PLP060_R
24.616,34.144,103.56,24.536,34.056,103.368,2003,0.988802737,1535488185,PLP060_R
45.168,34.072,103.64,45.16,33.896,103.872,1837,0.077420232,1535488185,PLP060_R
47.928,49.336,102.144,47.952,49.376,102.24,1684,0.996092364,1535488185,PLP060_R
47.656,49.56,101.752,47.616,49.568,102.144,1684,0.996092364,1535488185,PLP060_R
35.744,47.944,103.08,35.84,48,103.168,3483,1,1535488185,PLP060_R
47.32,49.52,102.088,47.28,49.656,102.128,1684,0.996092364,1535488185,PLP060_R
41.856,35.464,102.448,42.008,35.536,102.48,1893,0.997458376,1535488185,PLP060_R
40.176,38.864,103.432,40.368,38.928,103.416,1701,0.98615905,1535488185,PLP060_R
41.984,35.656,103.616,42.04,35.664,103.48,1786,0.98915456,1535488185,PLP060_R
40.912,36.44,102.792,41.056,36.464,102.792,1785,0.999999935,1535488185,PLP060_R
38.68,38.856,104.016,38.568,38.776,103.944,2362,0.973341181,1535488185,PLP060_R
39.304,39,103.88,39.36,39.128,103.976,2362,0.973341181,1535488185,PLP060_R
27.08,42.104,104.24,26.904,42.144,104.152,3689,1,1535488185,PLP060_R
26.792,42.352,104.36,26.768,42.408,104.176,3689,1,1535488185,PLP060_R
26.552,42.152,104.688,26.432,42.08,104.608,2558,0.914746533,1535488185,PLP060_R
38.872,57.4,119.024,38.704,57.208,118.984,338,0.994401829,1535488185,PLP060_R
44.64,50.656,105.672,44.552,50.656,105.56,2411,0.999937323,1535488185,PLP060_R
38.792,57.176,119.408,38.648,57.152,119.2,339,0.99997768,1535488185,PLP060_R
45.752,68.208,126.064,45.672,68.072,125.992,91,0.999875323,1535488185,PLP060_R
43.856,48.848,105.2,43.864,48.736,105.288,2412,0.815987136,1535488185,PLP060_R
46.064,68.304,125.624,45.92,68.36,125.592,91,0.999875323,1535488185,PLP060_R
39.448,57.376,118.848,39.248,57.392,118.72,338,0.994401829,1535488185,PLP060_R
47.872,81.352,124.2,47.768,81.392,124.144,50,0.968426945,1535488185,PLP060_R
42.256,80.632,124.592,42.12,80.752,124.608,17,0.982071665,1535488185,PLP060_R
42.712,80.504,124.256,42.8,80.56,124.288,3322,1,1535488185,PLP060_R
24.64,59.84,109.68,24.472,59.76,109.672,1164,0.985589048,1535198939,PS208_R
44.872,53.216,94.464,45.064,53.416,94.48,3301,1,1535186205,PLP164_R
37.424,58.688,90.128,37.472,58.888,90.12,1322,0.991174699,1535186205,PLP164_R
32.712,60.224,91.36,32.92,60.112,91.424,1325,0.957883177,1535186205,PLP164_R
38.488,56.864,118.776,38.616,57.072,118.896,339,0.99997768,1535144397,PLP018_R
11.944,55.272,95.696,11.992,55.176,95.592,2122,0,1535144397,PLP018_R
27.88,32.648,105.44,28.032,32.72,105.616,1536,0.987799634,1535144397,PLP018_R
24.408,27.112,112.6,24.336,27.288,112.592,1567,0.976817187,1535144397,PLP018_R
38.76,56.144,117.296,38.8,56.152,117.144,341,0.330501941,1535144397,PLP018_R
27.28,32.192,105.52,27.232,32.352,105.456,1495,0.966207686,1535144397,PLP018_R
23.304,55.496,115.072,23.32,55.568,114.944,384,0.179836081,1535144397,PLP018_R
22.672,56.544,115.016,22.776,56.664,115.056,384,0.179836081,1535144397,PLP018_R
14.104,55.656,96.976,14.168,55.496,97.08,2121,0,1535144397,PLP018_R
15.176,53.64,97.024,15.16,53.64,97.2,2116,0,1535144397,PLP018_R
41.952,85.048,124.08,41.936,85.072,124.176,18,0.991055168,1535144397,PLP018_R
25.056,51.712,115.664,25.024,51.736,115.728,1228,0.308942958,1535144397,PLP018_R
27.584,32.184,104.84,27.352,32.04,105.016,1495,0.966207686,1535144397,PLP018_R
15.048,52.112,96.632,14.944,52.04,96.696,2117,0.972262839,1535144397,PLP018_R
38.552,56.896,117.848,38.784,56.952,117.92,337,0,1535144397,PLP018_R
13.768,54.656,96.4,13.696,54.592,96.272,2134,0.924900251,1535144397,PLP018_R
36.736,58.408,101.448,36.928,58.408,101.4,3242,0.979126734,1534850246,PLP226_R
36.176,58.912,101.08,36.32,58.976,100.96,3242,0.979126734,1534850246,PLP226_R
35.088,58.072,105.856,35.2,57.96,105.84,3850,0.985654736,1534850246,PLP226_R
43.424,56.112,89.8,43.552,56.056,89.848,2183,0.979999779,1534850246,PLP226_R
43.528,56.152,89.664,43.584,56.016,89.744,2183,0.979999779,1534850246,PLP226_R
39.176,56.24,94.512,39.312,56.136,94.576,3845,0.091087092,1534850246,PLP226_R
17.144,56.28,98.64,17.144,56.152,98.48,2112,0.989408564,1534850246,PLP226_R
26.656,33.976,103.76,26.776,33.864,103.816,2005,0.94541909,1534850246,PLP226_R
43.888,56.16,89.36,44.088,56.28,89.448,2184,0.987494366,1534850246,PLP226_R
48.416,56.28,88.744,48.44,56.336,88.832,510,0.823246765,1534850246,PLP226_R
24.648,59.944,99.656,24.632,59.944,99.848,2967,0.999748728,1534850246,PLP226_R
26.776,33.144,104.248,26.792,33.144,104.088,3576,0,1534850246,PLP226_R
6.568,52.48,94.272,6.496,52.432,94.488,2138,0.987073019,1534850246,PLP226_R
19.152,55.704,127.776,19.288,55.736,127.672,987,0,1534798522,PLP083_R
19.312,55.096,127.24,19.52,55.168,127.16,985,0.996811386,1534798522,PLP083_R
46.592,65.744,113.728,46.512,65.72,113.776,232,0,1534798522,PLP083_R
29.488,54.28,116.416,29.432,54.272,116.16,1179,0.896152233,1534798522,PLP083_R
48.176,48.92,102.672,48.208,48.928,102.6,1684,0.996092364,1534798522,PLP083_R
31.504,43.496,112.872,31.632,43.552,112.928,1256,0,1534798522,PLP083_R
15.664,53.832,124.36,15.56,53.792,124.496,919,0,1534798522,PLP083_R
21.144,52.488,122.12,21.152,52.408,122.04,1131,0.078773688,1534798522,PLP083_R
19.248,54.8,125.088,19.36,54.856,125.12,1479,0.978671494,1534798522,PLP083_R
28.072,51.448,113.736,28.216,51.432,113.792,1231,0,1534798522,PLP083_R
21.352,52.328,121.016,21.504,52.272,121.024,1131,0.078773688,1534798522,PLP083_R
35.416,44.704,106.688,35.264,44.632,106.736,2702,0.359652569,1534798522,PLP083_R
45.84,25.48,105.064,45.704,25.648,105.192,1864,0.980672218,1533782991,PLP172_R
30.136,40.528,85.832,30.24,40.48,85.952,1605,0.998595272,1533481571,PLP224_R
26.056,51.368,94.952,26.232,51.416,94.92,2583,0.983262795,1533481571,PLP224_R
28,37.456,86.528,28.168,37.36,86.488,1609,0.989082854,1533481571,PLP224_R
29.488,28.272,94.68,29.504,28.216,94.552,1462,0,1533481571,PLP224_R
27.952,35.016,103.824,28.032,34.912,103.792,1494,0.995171234,1533481571,PLP224_R
46.664,51.808,102.392,46.512,51.752,102.52,1682,0.97693642,1533481571,PLP224_R
46.096,52.328,103.456,46,52.112,103.472,3827,0.80147463,1533481571,PLP224_R
55.52,46.28,97.288,55.408,46.192,97.232,441,0,1533481571,PLP224_R
30.808,26.296,98.512,31,26.224,98.48,1468,0,1533481571,PLP224_R
41.256,30.328,105.864,41.2,30.16,105.904,3835,0,1533481571,PLP224_R
32.992,34.896,106.144,32.968,34.768,106.048,3281,0.985832096,1533481571,PLP224_R
27.552,34.08,103.944,27.752,34.12,104.024,1494,0.995171234,1533481571,PLP224_R
27.56,34.4,104.312,27.632,34.192,104.392,3575,1,1533481571,PLP224_R
32.728,50.368,92.744,32.632,50.424,92.808,2851,0,1533481571,PLP224_R
32.44,50.312,91.84,32.336,50.208,91.816,2854,0,1533481571,PLP224_R
30.936,40.56,85.608,30.816,40.568,85.76,1605,0.998595272,1533481571,PLP224_R
39.696,32.256,104.544,39.832,32.248,104.624,2218,0,1533481571,PLP224_R
55.648,47.072,96.72,55.584,47.192,96.544,3811,0,1533481571,PLP224_R
47.344,50.32,102.48,47.232,50.192,102.376,1684,0.996092364,1533481571,PLP224_R
38.736,24.744,101.776,38.832,24.712,101.864,1743,0.931274178,1533481571,PLP224_R
32.216,47.784,91.584,32.344,47.856,91.704,2845,0.995530363,1533481571,PLP224_R
47.072,51.52,102.016,46.92,51.376,102.096,2038,0.965686187,1533481571,PLP224_R
29.112,28.96,94.912,29.04,28.96,95.032,1458,0,1533481571,PLP224_R
27.752,52.896,112.88,27.912,52.952,112.848,3373,1,1533481571,PLP224_R
27.384,35.912,85.768,27.312,36.048,85.776,1610,0.940556838,1533481571,PLP224_R
27.08,35.616,85.536,26.952,35.736,85.512,1610,0.940556838,1533481571,PLP224_R
27.728,36.792,86.272,27.736,36.696,86.344,1609,0.989082854,1533481571,PLP224_R
34.792,41.824,101.216,34.88,41.68,101.232,2808,0,1529698954,PLP037_R
34.576,41.832,100.848,34.64,41.728,100.824,2808,0,1529698954,PLP037_R
31.44,44.256,112.096,31.496,44.024,112.04,1357,0.99806255,1528253194,LPLC4_R
21.784,44.832,90.864,22,44.664,90.728,2275,0.34535486,1528253194,LPLC4_R
20.936,55.04,81.504,20.856,55.12,81.568,1645,0.978083129,1528253194,LPLC4_R
21.016,55.352,81.456,20.88,55.2,81.512,1645,0.978083129,1528253194,LPLC4_R
22.152,45.952,91.248,22.16,46,91.352,2268,0.995181438,1528253194,LPLC4_R
31.496,44.4,112.376,31.288,44.4,112.392,1357,0.99806255,1528253194,LPLC4_R
32.432,44.424,112.64,32.472,44.336,112.768,1257,0,1528253194,LPLC4_R
28.008,45.824,94.68,27.792,45.68,94.584,2822,0.999207194,1528253194,LPLC4_R
48.12,45.84,92.552,48.12,45.992,92.56,536,0,1528253194,LPLC4_R
54.544,46.04,97.488,54.688,45.904,97.552,3778,0,1528253194,LPLC4_R
31.448,44.72,109.872,31.648,44.776,109.8,1242,0.963120808,1528253194,LPLC4_R
46.96,46.8,99.68,46.64,46.712,99.72,2443,0.959652208,1528253194,LPLC4_R
31.632,44.776,110.456,31.832,44.624,110.512,1242,0.963120808,1528253194,LPLC4_R
39.816,44.728,109.152,39.712,44.808,109.064,2458,0.148450362,1528253194,LPLC4_R
54.88,45.728,97.416,54.8,45.816,97.48,3778,0,1528253194,LPLC4_R
36.84,48.512,95.688,36.832,48.584,95.784,1921,0,1528253194,LPLC4_R
21.672,54.888,81.304,21.768,54.888,81.4,1646,0,1528253194,LPLC4_R
39.256,45.664,106.184,39.256,45.664,106.048,2453,0,1528253194,LPLC4_R
38.632,45.344,106.192,38.616,45.344,106.304,2453,0,1528253194,LPLC4_R
39.28,45.392,105.952,39.216,45.6,105.912,2453,0,1528253194,LPLC4_R
47.952,45.88,92.968,48.048,45.984,92.84,536,0,1528253194,LPLC4_R
31.384,45.288,111.632,31.464,45.424,111.568,1252,0.977770217,1528253194,LPLC4_R
36.952,48.272,96.352,36.872,48.432,96.28,3543,1,1528253194,LPLC4_R
22.784,44.424,91.704,22.688,44.456,91.592,2273,0,1528253194,LPLC4_R
46.592,46.784,99.464,46.576,46.688,99.688,2443,0.959652208,1528253194,LPLC4_R
35.976,48.192,95.056,35.944,48.136,95.184,3229,0.98742724,1528253194,LPLC4_R
35.4,48.176,94.704,35.56,47.984,94.76,3229,0.98742724,1528253194,LPLC4_R
32.376,44.408,113.792,32.4,44.624,113.728,1239,0,1528253194,LPLC4_R
23.72,45.016,94.128,23.8,45.072,94.312,2265,0.953112202,1528253194,LPLC4_R
22.72,44.712,91.664,22.808,44.72,91.544,2267,0.93921968,1528253194,LPLC4_R
37.064,48.496,95.352,37.104,48.632,95.216,1922,0.986751111,1528253194,LPLC4_R
23.664,44.744,94.016,23.576,44.744,94.152,2266,0.942445101,1528253194,LPLC4_R
15.2,71.936,141.408,15.352,72.048,141.24,685,0,1507139129,PVLP028_R
38.496,24.112,101.96,38.584,24.2,101.864,1743,0.931274178,1504388714,PLP170_R
38.616,24.592,102.104,38.696,24.544,102,1743,0.931274178,1504388714,PLP170_R
31.408,62.368,121.2,31.344,62.168,121.312,300,0.04221765,1503999967,LC4
30.296,62.36,121.888,30.424,62.32,121.96,299,0.997122908,1503999967,LC4
36.656,65.04,118.928,36.792,65.04,118.824,208,0.080970504,1503999967,LC4
24.264,66.64,135.992,24.152,66.864,135.904,3386,0,1503999967,LC4
47.16,74.296,124.168,47.096,74.152,124.016,83,0,1503999967,LC4
46.12,74.84,124.096,46.064,74.784,124.008,77,0.999973951,1503999967,LC4
44.032,75.08,124.416,44.104,74.992,124.504,72,0.983248337,1503999967,LC4
46.872,74.36,124.112,46.952,74.208,123.976,83,0,1503999967,LC4
36.04,63.024,117.04,35.976,63.232,117.128,204,0,1503999967,LC4
36.128,63.28,117.208,35.968,63.184,117.2,204,0,1503999967,LC4
42.152,73.16,119.984,42.296,73.216,119.952,266,0.552141232,1503999967,LC4
44.048,75.048,123.76,44.096,74.832,123.792,74,0.438415607,1503999967,LC4
41.352,73.304,119.544,41.344,73.32,119.416,255,0.999553413,1503999967,LC4
32.808,65.88,124.536,32.952,65.912,124.688,146,0.981184831,1503999967,LC4
36.672,65.032,119.536,36.856,64.848,119.544,207,0.998249378,1503999967,LC4
18.184,59.792,123.592,18.176,59.768,123.704,925,0.976000451,1503999967,LC4
32.384,66.28,123.976,32.464,66.4,123.992,3348,1,1503999967,LC4
19.496,72.16,136.152,19.336,72.112,136.32,667,0.410280518,1503999967,LC4
37.912,60.712,114.952,38.08,60.68,114.952,313,0.905195701,1503999967,LC4
19.176,72.496,135.736,19.336,72.544,135.84,667,0.410280518,1503999967,LC4
27.904,29.2,112.048,27.944,29.344,111.944,1539,0.99711427,1503733177,PVLP094_R
16.808,66.864,135.056,16.664,66.944,134.984,829,0.222505924,1503733177,PVLP094_R
17.848,58.536,128.688,17.752,58.592,128.6,694,0.991316544,1503733177,PVLP094_R
25.616,48.92,112.064,25.424,48.888,111.896,2570,0.98619688,1503733177,PVLP094_R
25.472,49.376,107.12,25.576,49.224,107.072,2568,0.993165294,1503733177,PVLP094_R
15.592,53.208,117.224,15.6,53.232,117.024,969,0.998768939,1503733177,PVLP094_R
14.952,53.528,117.144,15.128,53.448,117.016,959,0.984039058,1503733177,PVLP094_R
25.744,49.088,107.424,25.8,48.984,107.424,2568,0.993165294,1503733177,PVLP094_R
4.544,48.848,94.584,4.408,48.96,94.6,2142,0.999999959,1503733177,PVLP094_R
17.216,66.624,134.208,17.128,66.464,134.288,829,0.111818959,1503733177,PVLP094_R
25.264,49.44,103.68,25.432,49.504,103.728,2566,0.99294589,1503733177,PVLP094_R
30.44,49.424,91.6,30.552,49.512,91.64,2838,0.999832159,1502748318,LC29_R
34.912,43.072,106.32,35.024,42.96,106.384,2706,0.99142103,1502748318,LC29_R
27.912,33.224,106.632,27.896,33.064,106.44,1536,0.987799634,1501790467,PS190_R
37.76,28.912,104.832,37.88,28.912,104.736,2227,0.344054691,1501664809,LC22_R
37.888,29.176,106.064,37.88,29.384,106.232,2237,0.788909692,1501664809,LC22_R
23.432,42.712,106.488,23.216,42.792,106.328,2548,0.999907034,1501664809,LC22_R
43.024,27.408,105.472,43.048,27.56,105.664,1857,0.978344349,1501664809,LC22_R
33.336,33.304,104.096,33.256,33.448,103.976,2680,0,1501664809,LC22_R
38.144,28.848,106.504,38,28.976,106.608,2253,0.45052669,1501664809,LC22_R
33,34.464,106.024,32.992,34.712,106.032,3281,0.985832096,1501664809,LC22_R
49.24,32.88,110.856,49.456,33.016,110.856,1816,0.982512376,1501664809,LC22_R
33.136,34.472,106.12,32.992,34.712,106.04,3281,0.985832096,1501664809,LC22_R
33.208,33.92,104.856,33.224,34.12,104.872,2677,0.980320771,1501664809,LC22_R
38.856,28.92,106.8,38.984,29.08,106.824,2253,0,1501664809,LC22_R
41.152,59.16,117.496,41.28,59.2,117.544,329,0,1501111926,PVLP142_R
34.288,62.944,119.408,34.136,62.936,119.28,192,0.947130593,1501111926,PVLP142_R
14.576,74.024,139.168,14.608,74.112,139.032,678,0.372398888,1501111926,PVLP142_R
42.616,41.12,107.312,42.712,41.016,107.296,2100,0,1499441777,PS138_R
27.312,30.712,104.272,27.08,30.784,104.36,2009,0.978978431,1499441777,PS138_R
51.016,28.536,106.088,50.872,28.608,106.224,1798,0.451398373,1499441777,PS138_R
40.592,79.208,127.952,40.584,79.072,127.896,107,0.110462241,1498574596,LC4
20.688,66.272,124.544,20.68,66.16,124.648,641,0.993498912,1498574596,LC4
21.76,68.888,126.656,21.84,68.752,126.616,849,0.973740523,1498574596,LC4
21.4,66.624,124.104,21.416,66.712,124.128,641,0.993498912,1498574596,LC4
33.928,58.904,115.704,34.024,58.896,115.888,201,0.999337958,1498574596,LC4
17.216,67.64,123.968,17.288,67.432,124.008,1085,0,1498574596,LC4
24.328,62.32,116.288,24.464,62.336,116.208,899,0,1498574596,LC4
24.328,62.048,116.088,24.424,62.24,116.136,899,0,1498574596,LC4
17.6,67.584,124.264,17.632,67.512,124.16,1085,0,1498574596,LC4
45.024,74.208,124.224,45.096,74.368,124.168,74,0,1498574596,LC4
31.824,73.104,129.712,32.176,73,129.52,174,0.929592955,1498574596,LC4
39.184,73.04,124.936,39.064,73.112,125.024,9,0.999465944,1498574596,LC4
23.784,69.856,125.568,23.848,69.992,125.536,859,0.986262785,1498574596,LC4
24.92,69.576,125.264,24.896,69.704,125.104,863,0.999156771,1498574596,LC4
18.696,68.376,125.408,18.624,68.096,125.384,646,0.939253569,1498574596,LC4
37.512,58.16,116.424,37.552,58.304,116.376,321,0,1498574596,LC4
39.96,79.52,128.408,40.104,79.52,128.456,106,0.958952316,1498574596,LC4
40.944,80.04,127.84,40.872,80.144,127.864,109,0.277723696,1498574596,LC4
25.04,61.416,116.256,25.04,61.232,116.328,896,0.998482852,1498574596,LC4
37.744,57.968,115.208,37.576,58.128,115.24,320,0,1498574596,LC4
39.664,56.512,94.664,39.696,56.392,94.592,3845,0.091087092,1480525262,AVLP536_R
8.064,69.768,105.904,7.984,69.68,105.816,604,0.314522294,1480222035,NA
26.184,51.768,86.688,26.072,51.64,86.712,1623,0.986477625,1472723900,WED107_R
15.136,72.216,135.872,14.992,72.168,135.8,676,0,1471601440,LC4
40.408,69.664,120.944,40.424,69.632,120.792,238,0.208564082,1471601440,LC4
45.904,73.96,122.392,45.824,74.048,122.52,78,0.978751931,1471601440,LC4
21.064,62.72,121.952,20.872,62.72,121.832,461,0.991641054,1471601440,LC4
34.424,63.472,119.184,34.456,63.28,119.176,192,0.947130593,1471601440,LC4
47.24,78.2,124.184,47.112,78.2,124.232,61,0.992565304,1471601440,LC4
22.624,58.504,119.904,22.424,58.592,119.824,3381,1,1471601440,LC4
47.488,77.856,124.248,47.36,77.608,124.256,61,0.992565304,1471601440,LC4
22.648,58.392,119.736,22.544,58.376,119.632,3380,1,1471601440,LC4
15.624,61.632,123.464,15.624,61.768,123.544,932,0.999565984,1471601440,LC4
19.296,63.16,122.8,19.28,63.312,122.68,462,0.99384092,1471601440,LC4
19.304,70.528,126.728,19.36,70.408,126.88,1055,0.994724892,1471601440,LC4
14.576,61.328,123.024,14.504,61.632,123.072,938,0,1471601440,LC4
15.992,60.912,124.04,15.856,60.944,124.224,929,0.998573893,1471601440,LC4
17.064,60.864,123.88,17.024,60.952,124.16,1472,0.988144795,1471601440,LC4
16.872,61,124.072,16.976,61,124.192,1472,0.988144795,1471601440,LC4
37.84,30.352,107.936,37.856,30.248,108.072,2241,0.993471386,1470358604,PLP173_R
38.984,33.624,99.192,39.056,33.696,99.128,2371,0,1470358604,PLP173_R
26.464,34.736,84.68,26.464,34.736,84.8,1610,0.940556838,1470358604,PLP173_R
34.928,34.088,110.04,34.856,34.16,109.968,3517,1,1470358604,PLP173_R
38.328,44.088,108.232,38.352,44.048,108.088,1667,0.971437975,1470358604,PLP173_R
37.336,29.896,107.08,37.352,29.936,106.92,2251,0,1470358604,PLP173_R
42.56,42.136,103.112,42.624,42.04,103.192,2471,0.934078548,1470358604,PLP173_R
37.696,30.04,107.688,37.848,29.936,107.744,2241,0.993471386,1470358604,PLP173_R
34.36,52.016,91.36,34.352,52.208,91.208,1272,0.999927607,1470358604,PLP173_R
45.944,32.92,104.768,45.944,33.016,104.816,1789,0.999962687,1470358604,PLP173_R
36.64,26.008,105.288,36.544,26.04,105.304,2236,0.369975709,1470358604,PLP173_R
32.184,49.976,92.112,32.24,50.112,92.12,2854,0,1470358604,PLP173_R
32.536,49.928,92.416,32.496,50.096,92.432,2851,0,1470358604,PLP173_R
31.984,49.416,92.68,32.056,49.4,92.792,2843,0.999962082,1470358604,PLP173_R
31.608,48.336,92.112,31.744,48.352,92.184,2845,0.995530363,1470358604,PLP173_R
25.096,47.52,97.92,25.256,47.496,97.808,2262,0.994578748,1470358604,PLP173_R
46.784,32.488,105.552,46.888,32.592,105.536,1790,0.975600246,1470358604,PLP173_R
46.672,32.68,105.52,46.616,32.92,105.488,1789,0.999962687,1470358604,PLP173_R
36.36,35.456,109.592,36.304,35.696,109.696,2487,0.12952161,1470358604,PLP173_R
36.432,25.856,104.888,36.36,25.888,104.968,2236,0.369975709,1470358604,PLP173_R
32.464,57.056,95.216,32.56,57.152,95.008,2920,0.978169089,1469947367,LPLC1_R
38.128,59.712,93.48,38.296,59.744,93.616,2902,0.988314819,1469947367,LPLC1_R
37.968,59.816,94.328,37.928,59.904,94.192,2902,0.988314819,1469947367,LPLC1_R
31.304,55.632,99.992,31.272,55.712,100.088,2868,0.076462941,1469947367,LPLC1_R
18.296,57.24,114.496,18.272,57.192,114.376,388,0.997663825,1469947367,LPLC1_R
44.352,54.776,94.16,44.16,54.68,94.224,2157,0.995381721,1469947367,LPLC1_R
27.216,57.984,107.04,27.112,57.992,106.912,3086,0.554813635,1469947367,LPLC1_R
43.576,54.36,95.568,43.568,54.36,95.432,3302,1,1469947367,LPLC1_R
26.936,57.544,106.808,26.832,57.648,106.848,3085,0,1469947367,LPLC1_R
24.312,54.832,101.16,24.296,54.848,100.992,2979,0.990185762,1469947367,LPLC1_R
24.864,54.88,100.296,24.88,54.792,100.432,2978,0.999998999,1469947367,LPLC1_R
29.904,57.024,108.016,29.928,57.024,108.16,3078,0,1469947367,LPLC1_R
29.904,57.408,107.976,29.856,57.56,108.104,3078,0,1469947367,LPLC1_R
27.104,57.408,106.424,27.152,57.464,106.352,3087,0.180179832,1469947367,LPLC1_R
22.248,53.8,98.568,22.272,53.896,98.448,2108,0.99887107,1469663014,NA
28.544,52.296,114.328,28.536,52.304,114.2,1231,0,1469663014,NA
33.808,52.488,110.656,33.704,52.584,110.616,381,0,1469663014,NA
13.384,53.848,98.976,13.288,53.976,98.984,2114,0.997837252,1469663014,NA
24.04,53.216,97.856,24.08,53.36,97.952,2107,0.999515659,1469663014,NA
37.744,56.88,84.704,37.944,56.848,84.848,1279,0.999587214,1469663014,NA
11.624,63.376,140.08,11.392,63.608,140.024,735,0.999227835,1469663014,NA
38.504,57.28,84.432,38.464,57.144,84.44,1279,0.999587214,1469663014,NA
24.448,53.176,97.736,24.448,53.304,97.72,2106,0.999692632,1469663014,NA
14.56,53.792,99.296,14.776,53.784,99.272,2623,0,1469663014,NA
28.64,51.536,114.336,28.72,51.408,114.304,1232,0.870726355,1469663014,NA
38.968,51.352,105.088,38.912,51.376,104.968,3306,1,1469663014,NA
37.8,57.28,83.76,37.888,57.312,83.704,1279,0.999587214,1469663014,NA
44.624,56.752,90.112,44.52,56.912,90.144,2190,0,1469663014,NA
14.92,55.752,126.912,15.056,55.696,127.008,915,0.975608516,1469663014,NA
44.048,50.656,101.448,44.056,50.84,101.384,3304,1,1469663014,NA
42.936,50.544,101.16,42.92,50.6,101.04,3305,1,1469663014,NA
43.816,51.056,101.424,43.896,51.08,101.336,3304,1,1469663014,NA
15.208,55.416,126.36,15.36,55.376,126.328,914,0,1469663014,NA
43.4,51.056,101.28,43.32,51.144,101.184,3304,1,1469663014,NA
38.928,59.56,86.64,38.936,59.656,86.496,1293,0.984175784,1469663014,NA
11.6,64.672,139.952,11.352,64.704,139.84,733,0.993640983,1469663014,NA
11.168,64.48,139.64,11.168,64.48,139.784,733,0.993640983,1469663014,NA
43.144,49.984,100.352,43,50.064,100.296,3304,1,1469663014,NA
43.728,49.944,100.552,43.872,50.048,100.608,3304,1,1469663014,NA
24.136,53.736,96.952,24.216,53.888,97.056,3129,0,1469663014,NA
13.152,54.328,100.016,13.056,54.416,100.048,2621,0.200322748,1469663014,NA
12.456,53.904,99.904,12.544,54.016,99.824,2621,0,1469663014,NA
14.976,53.576,99.848,15.008,53.664,99.752,2627,0,1469663014,NA
33.04,51.872,110.712,33.08,52.072,110.472,381,0,1469663014,NA
39.264,51.512,104.648,39.136,51.416,104.552,3306,1,1469663014,NA
34.784,58.904,90.84,34.864,58.96,90.912,1316,0.992005048,1469663014,NA
12.296,53.344,98.944,12.352,53.496,98.896,2115,0.975655583,1469663014,NA
44.152,50.368,100.792,43.928,50.128,100.616,3304,1,1469663014,NA
29.432,52.728,114.68,29.312,52.792,114.696,3373,1,1469663014,NA
43.688,51.104,100.864,43.6,51.248,100.864,3304,1,1469663014,NA
43.456,50.304,100.416,43.344,50.4,100.352,3304,1,1469663014,NA
29.4,52.592,115.232,29.552,52.544,115.184,1221,0.971456106,1469663014,NA
22.92,56.24,114.68,22.96,56.216,114.784,384,0.179836081,1469663014,NA
44.752,57.368,89.928,44.752,57.368,90.048,2186,0.982073166,1469663014,NA
33.448,49.576,96.664,33.6,49.52,96.776,1339,0.998918733,1469663014,NA
33.656,50.984,96.488,33.888,50.92,96.656,3544,1,1469663014,NA
44.888,56.312,89.072,44.76,56.264,89.088,2184,0.987494366,1469663014,NA
32.632,50.12,96.568,32.616,49.976,96.64,2596,0.979859438,1469663014,NA
33.52,49.872,96.72,33.64,49.72,96.784,1339,0.998918733,1469663014,NA
50.424,50.248,96.848,50.416,50.216,96.76,198,0.999630607,1469663014,NA
34.96,59.256,90.808,34.968,59.184,90.896,1320,0.164233956,1469663014,NA
44.448,56.512,89.144,44.464,56.408,89.144,2184,0.987494366,1469663014,NA
37.56,51.28,95.552,37.416,51.352,95.608,1268,0.987666367,1469663014,NA
22.952,52.16,121.136,22.88,52.104,121.344,1129,0.998967623,1469663014,NA
2.848,51.312,92.592,2.888,51.472,92.64,3833,0.953284703,1469663014,NA
22.824,52.672,121.744,22.688,52.776,121.664,1126,0.998833522,1469663014,NA
32.936,51.232,96.32,32.96,51.192,96.472,2102,0.218260435,1469663014,NA
50.744,52.104,92.536,50.64,52,92.496,198,0.999630607,1469663014,NA
32.76,50.928,96.512,32.952,51.08,96.528,2102,0.218260435,1469663014,NA
55.168,53.08,95.048,55.048,53.2,95.064,447,0,1469663014,NA
28.704,51.28,114.592,28.76,51.24,114.464,1232,0.870726355,1469663014,NA
32.464,49.776,96.488,32.552,49.864,96.64,2596,0.979859438,1469663014,NA
49.912,52.24,92.76,49.688,52.296,92.712,198,0.999630607,1469663014,NA
23.792,52.184,120.984,23.84,52.32,120.976,1129,0.998967623,1469663014,NA
39.56,51.888,106.688,39.56,52.032,106.664,3837,0,1469663014,NA
49.04,50.4,97.464,49.008,50.44,97.352,198,0.999630607,1469663014,NA
50.816,50.672,97.064,50.944,50.552,96.872,198,0.999630607,1469663014,NA
21.168,54.272,83.432,21.152,54.208,83.24,1644,0.973219289,1469663014,NA
58.88,50.408,96.584,58.8,50.584,96.72,435,0.979433313,1469663014,NA
33.088,50.528,96.608,33.12,50.536,96.712,2102,0.218260435,1469663014,NA
50.832,50.328,96.912,50.8,50.256,96.784,198,0.999630607,1469663014,NA
58.496,50.616,96.96,58.496,50.672,96.832,435,0.979433313,1469663014,NA
50.328,49.304,97.416,50.336,49.12,97.384,198,0.999630607,1469663014,NA
39.136,52.096,106.776,39.16,51.992,106.568,3837,0,1469663014,NA
33.696,53.4,111.248,33.696,53.4,111.096,3310,1,1469663014,NA
36.776,49.064,95.792,36.856,48.984,95.792,3543,1,1469663014,NA
37.496,57.872,83.648,37.472,57.96,83.576,1290,0,1469663014,NA
33.752,50.856,95.424,33.752,50.896,95.304,3545,1,1469663014,NA
39.152,59.36,86.504,39.12,59.392,86.416,1293,0.984175784,1469663014,NA
34.84,53.016,111.736,34.68,53.064,111.736,3310,1,1469663014,NA
39.312,51.184,104.68,39.192,51.136,104.68,3306,1,1469663014,NA
37.096,49.184,96.024,37.024,49.08,95.992,3543,1,1469663014,NA
34.808,52.496,111.744,34.632,52.496,111.88,3310,1,1469663014,NA
34.448,53.184,111.776,34.576,53.04,111.784,3310,1,1469663014,NA
38.128,50.64,95.544,38.088,50.656,95.784,1268,0.987666367,1469663014,NA
37.4,51.088,94.968,37.312,51.224,94.968,1915,0.989294165,1469663014,NA
36.864,49.728,95.96,36.768,49.704,96.048,3543,1,1469663014,NA
37.864,50.112,95.728,37.872,50.376,95.8,1268,0.987666367,1469663014,NA
34.2,58.784,91.12,34.28,58.92,91.208,1316,0.992005048,1469663014,NA
3.24,51.16,92.664,3.28,51.328,92.672,3833,0,1469663014,NA
38.952,59.264,86.128,39.016,59.128,86.264,1293,0.984175784,1469663014,NA
38.856,51.672,106.032,38.744,51.776,106.072,3307,1,1469663014,NA
37.616,52.096,108.064,37.56,52.144,107.976,3308,1,1469663014,NA
14.8,53.464,99.192,14.984,53.592,99.288,2623,0,1469663014,NA
29.52,51.816,113.664,29.528,51.568,113.776,1371,0,1469663014,NA
29.168,52.032,113.848,29.096,52.04,113.872,1231,0,1469663014,NA
21.672,53.544,99.112,21.824,53.736,99.072,3117,0.966272282,1469663014,NA
38.672,58.424,85.728,38.656,58.384,85.816,1293,0.984175784,1469663014,NA
13.56,54.72,99.464,13.584,54.648,99.368,2114,0.997837252,1469663014,NA
23.432,56.976,113.328,23.464,57.096,113.272,1172,0.185809788,1469663014,NA
23.336,55.488,114.544,23.328,55.408,114.704,1174,0.986345383,1469663014,NA
23.704,53.712,95.624,23.768,53.832,95.872,3128,0.993728869,1469663014,NA
34.4,53.168,111.208,34.4,53.272,111.128,3310,1,1469663014,NA
10.528,67.456,140.832,10.488,67.536,140.736,724,0.99397103,1469663014,NA
11.592,64.24,140.616,11.44,64.208,140.576,737,0.9711736,1469663014,NA
33.392,52.976,111.192,33.232,53.064,111.2,3371,1,1469663014,NA
21.36,54.064,83.928,21.36,53.896,83.872,1647,0.116095642,1469663014,NA
10.232,67.432,140.6,10.368,67.592,140.688,724,0.99397103,1469663014,NA
19.352,48.224,90.368,19.408,48.216,90.504,2527,0.945801179,1469663014,NA
19.232,48.496,90.992,19.36,48.352,90.92,2269,0.985006748,1469663014,NA
42.368,51.504,101.728,42.232,51.44,101.544,3305,1,1469663014,NA
11.64,64.128,140.936,11.568,64.064,141.04,737,0.9711736,1469663014,NA
26.112,51.824,95.576,26.144,51.68,95.56,2582,0.931243968,1469663014,NA
46.688,46.808,100.512,46.84,46.864,100.44,2443,0.959652208,1469291436,NA
34.992,47.816,106.44,35.096,47.968,106.424,3484,1,1469291436,NA
34.864,47.824,105.336,35.016,47.824,105.344,3484,1,1469291436,NA
23.832,40.816,96.032,23.832,40.816,96.2,2510,0.98822623,1469291436,NA
26.704,57.064,107.856,26.656,57.08,107.752,3085,0,1469269528,LPLC1_R
27.592,57.32,108.632,27.68,57.328,108.504,3072,0.949638474,1469269528,LPLC1_R
29.152,55.456,98.968,29.232,55.296,98.76,2885,0.990987937,1469269528,LPLC1_R
29.24,55.424,98.824,29.24,55.312,98.744,2885,0.990987937,1469269528,LPLC1_R
4.544,60.096,105.088,4.624,60.208,104.896,617,0.999142902,1469269528,LPLC1_R
32.192,52.672,100.864,32.304,52.824,100.728,3210,0,1469269528,LPLC1_R
31.096,55.648,100.088,31.264,55.728,100.088,2868,0.127046711,1469269528,LPLC1_R
30.232,56.264,100.312,30.28,56.36,100.368,2867,0.121658014,1469269528,LPLC1_R
22.832,58.08,111.032,22.92,58.272,111.136,1168,0.458606266,1469269528,LPLC1_R
23.464,58.12,111.312,23.256,58.032,111.472,1156,0.979335767,1469269528,LPLC1_R
34.104,52.76,104.496,34,52.712,104.536,3307,1,1469269528,LPLC1_R
38.008,52.872,102.552,37.864,52.944,102.632,3306,1,1469269528,LPLC1_R
40.176,57.952,101.256,40.096,57.912,101.16,1434,0.986729366,1469269528,LPLC1_R
44.184,54.152,94.088,44.12,54.304,94.208,2157,0.995381721,1469269528,LPLC1_R
24.104,53.84,104.136,24.152,54.008,104.112,3005,0,1469269528,LPLC1_R
32.592,51.92,100.6,32.52,51.808,100.48,3209,0.995512456,1469269528,LPLC1_R
32.536,52.264,100.408,32.48,52.424,100.312,3206,0.973739085,1469269528,LPLC1_R
28.408,56.216,97.456,28.248,56.176,97.368,3030,0.987348345,1469269528,LPLC1_R
54.656,55.944,93.232,54.736,55.72,93.232,470,0,1469269528,LPLC1_R
41.296,52.472,96.224,41.16,52.456,96.288,3304,1,1469269528,LPLC1_R
38.64,54.632,103.048,38.456,54.64,103.056,3100,0.976407465,1469269528,LPLC1_R
28.664,55.968,96.864,28.688,56.08,97.048,3030,0.987348345,1469269528,LPLC1_R
22.96,58.728,110.936,22.88,58.68,110.872,1486,0.973827814,1469269528,LPLC1_R
36.912,47.616,93.888,37.056,47.728,93.896,1925,0,1469227143,LPLC4_R
37.352,47.44,93.968,37.2,47.552,94.128,1925,0,1469227143,LPLC4_R
33.056,46.984,94.624,33.288,47.072,94.8,3151,0,1469227143,LPLC4_R
39.784,46.68,94.2,39.88,46.632,94.064,2057,0.990616248,1469227143,LPLC4_R
24.976,42.568,91.016,24.992,42.72,90.784,2314,0,1469227143,LPLC4_R
33.528,46.912,94.368,33.496,46.872,94.56,3152,0.877659635,1469227143,LPLC4_R
41.008,47.288,88.328,41.008,47.184,88.464,2063,0.99868432,1469227143,LPLC4_R
33.112,48.192,94.944,33.28,47.936,94.832,3228,0.513465769,1469227143,LPLC4_R
32.44,48.176,94.584,32.24,48.128,94.656,3160,0.99229269,1469227143,LPLC4_R
37.264,47.24,94.368,37.176,47.4,94.296,1925,0.987470441,1469227143,LPLC4_R
38.6,31.184,110.304,38.648,31.392,110.208,2247,0.433725764,1469227143,LPLC4_R
38.752,31.52,110.464,38.76,31.528,110.32,2247,0.433725764,1469227143,LPLC4_R
24.584,42.672,91.448,24.576,42.776,91.336,2315,0.978984871,1469227143,LPLC4_R
38.232,30.152,109.048,38.136,30.344,108.984,2243,0.979966057,1469227143,LPLC4_R
38.048,29.912,108.856,38.152,29.944,108.736,2246,0,1469227143,LPLC4_R
34.016,52.48,89.376,33.84,52.584,89.368,1274,0.996063426,1469227143,LPLC4_R
32.64,43.184,108.688,32.64,43.168,108.816,2712,0.952363349,1469227143,LPLC4_R
33.664,52.208,89.472,33.624,52.352,89.368,1392,0,1469227143,LPLC4_R
33.984,35.544,109.24,34.192,35.616,109.32,1723,0.999974367,1469227143,LPLC4_R
39.536,46.032,108.856,39.536,46.024,109.032,2456,0.978341002,1469227143,LPLC4_R
22.152,54.776,81.04,22.048,54.936,81.288,1646,0,1469227143,LPLC4_R
24.768,43.464,97.096,24.712,43.6,97.104,2506,0.995679848,1469227143,LPLC4_R
54.12,50.896,92.488,54.352,50.872,92.528,256,0.998239574,1468635219,PS299(SCB002)_L
32.936,49.176,97.568,33.056,49.176,97.424,1340,0.993935853,1468635219,PS299(SCB002)_L
54.24,50.352,92.712,54.312,50.52,92.888,256,0.998239574,1468635219,PS299(SCB002)_L
53.208,50.304,92.864,53.2,50.136,92.912,197,0.999292037,1468635219,PS299(SCB002)_L
53.456,50.512,93.112,53.616,50.344,93.208,197,0.999292037,1468635219,PS299(SCB002)_L
32.16,46.664,116.832,32.176,46.616,116.616,1238,0,1468635219,PS299(SCB002)_L
37.296,30.256,109.456,37.44,30.224,109.472,2243,0.979966057,1468635219,PS299(SCB002)_L
32.656,50.336,97.896,32.616,50.504,98.04,2102,0.218260435,1468635219,PS299(SCB002)_L
32.176,50.64,97.84,32.232,50.752,97.896,2102,0.218260435,1468635219,PS299(SCB002)_L
33.264,49.336,97.496,33.112,49.224,97.408,1340,0.993935853,1468635219,PS299(SCB002)_L
33.296,49.92,98.208,33.432,49.968,98.088,2102,0.218260435,1468635219,PS299(SCB002)_L
32.408,49.96,98.24,32.392,50.056,98.336,2102,0.218260435,1468635219,PS299(SCB002)_L
33.2,50.04,97.928,33.344,50.168,97.944,2102,0.218260435,1468635219,PS299(SCB002)_L
32.296,49.952,96.936,32.528,49.92,96.84,2596,0.979859438,1468635219,PS299(SCB002)_L
32.56,50.288,96.952,32.632,50.168,96.88,2596,0.979859438,1468635219,PS299(SCB002)_L
37.68,54.992,83.816,37.624,54.92,83.896,1301,0,1468635219,PS299(SCB002)_L
39.032,55.736,83.704,39.048,55.88,83.744,1336,0,1468635219,PS299(SCB002)_L
21.072,64.84,138.264,20.888,64.808,138.08,840,0,1467340016,PS230_R
20.704,52.304,121.888,20.84,52.36,121.768,1131,0.078773688,1467340016,PS230_R
20,52.304,121.176,20.024,52.416,121.096,1133,0.998287961,1467340016,PS230_R
36.784,54.488,120.52,36.616,54.44,120.6,401,0,1467340016,PS230_R
26.824,30.752,104.328,26.976,30.816,104.376,2009,0.978978431,1467340016,PS230_R
27.968,47.2,107.384,28.088,47.16,107.264,2578,0.292441985,1467340016,PS230_R
28.216,47.784,106.936,28.304,47.616,106.88,2578,0,1467340016,PS230_R
26.984,30.84,105.048,26.984,31.024,104.96,2008,0.968928898,1467340016,PS230_R
37.144,28.216,104.784,37.216,28.16,104.832,2229,0,1466998977,DNp05_R
10.48,69.024,131.624,10.664,69.048,131.416,1106,0.93388341,1466861327,LC4
45.248,81.208,124.632,45.424,81,124.656,58,0.974070432,1466861327,LC4
45.28,81.056,124.584,45.424,81,124.648,58,0.974070432,1466861327,LC4
24.384,64.072,118.864,24.352,63.984,118.736,461,0.991641054,1466861327,LC4
38.48,82.432,130.264,38.616,82.392,130.296,114,0,1466861327,LC4
45.336,79.072,122.176,45.312,79.08,122.312,3325,1,1466861327,LC4
39.232,82.936,131.416,39.072,82.928,131.328,115,0.993664026,1466861327,LC4
35.944,78.752,128.912,35.776,78.584,128.872,183,0.980917867,1466861327,LC4
17.28,70.416,129.048,17.288,70.32,128.808,1054,0.993338711,1466861327,LC4
45.072,79.224,122.192,45.096,79.184,122.392,47,0.984744852,1466861327,LC4
16.08,69.672,129.904,15.888,69.76,129.832,656,0.999971551,1466861327,LC4
35.8,78.792,128.824,35.784,78.608,128.8,183,0.980917867,1466861327,LC4
53.072,50.752,95.152,52.92,50.944,95.048,197,0.999292037,1449266027,LAL061_R
54.632,51.808,87.664,54.408,51.704,87.672,521,0.993925143,1449266027,LAL061_R
54.776,51.392,87.848,54.736,51.336,87.768,521,0.993925143,1449266027,LAL061_R
53.984,51.296,88.456,53.912,51.368,88.336,522,0.364743693,1449266027,LAL061_R
54.344,51.496,90.96,54.392,51.592,90.952,468,0,1449266027,LAL061_R
22.48,44.568,88.784,22.416,44.536,88.704,2279,0.517698614,1448794542,NA
9.688,68.632,141.272,9.712,68.76,141.168,728,0,1445760214,AVLP513_R
15.056,54.416,124.872,15,54.264,124.976,919,0,1445760214,AVLP513_R
51.832,46.392,88.456,51.928,46.256,88.616,371,0.225895493,1440670548,LC29_R
27.864,36.64,105.176,27.896,36.688,104.912,2012,0.908865218,1440566287,LC14_R
48.032,49.584,102.928,48.184,49.376,102.864,1691,0,1440566287,LC14_R
32.848,40.224,109.744,32.8,40.52,109.76,2720,0,1440566287,LC14_R
28.664,34.952,105.216,28.48,34.96,105.12,3575,1,1440566287,LC14_R
47.136,32.376,105.632,47.056,32.384,105.512,1790,0.975600246,1440566287,LC14_R
47.488,49.928,102.616,47.376,49.848,102.44,1684,0.996092364,1440566287,LC14_R
24.576,49.856,96.872,24.776,49.792,96.768,2590,0,1440566287,LC14_R
44.504,35.68,107.704,44.408,35.8,107.648,1906,0.999894658,1440566287,LC14_R
36.432,27.296,104.808,36.632,27.248,104.768,2230,0.977719092,1440566287,LC14_R
37.288,27.4,105.184,37.232,27.56,105.04,2230,0.977719092,1440566287,LC14_R
36.768,26.696,104.944,36.568,26.816,104.784,2230,0.977719092,1440566287,LC14_R
31.792,40.448,108.776,31.768,40.616,108.728,2721,0,1440566287,LC14_R
31.68,31.44,104.288,31.896,31.432,104.256,2674,0,1440566287,LC14_R
34.648,52.064,90.96,34.576,52.032,91.104,1272,0.999927607,1440566287,LC14_R
46,65.192,114.856,45.984,65.344,114.848,229,0.985933814,1440566287,LC14_R
24.656,47.224,97.232,24.8,47.16,97.328,2262,0.994578748,1440566287,LC14_R
19.504,64.992,108.888,19.456,64.8,108.88,1032,0.965163162,1440566287,LC14_R
42.088,59.672,115.832,41.912,59.504,115.984,329,0.330932847,1440566287,LC14_R
42.2,59.272,115.712,42.152,59.2,115.624,328,0.997850446,1440566287,LC14_R
46.736,33.456,106.408,46.952,33.496,106.368,1812,0.989743245,1440566287,LC14_R
46.296,64.248,113.528,46.288,64.56,113.464,232,0,1440566287,LC14_R
46.6,65.096,113.792,46.544,65.208,113.76,232,0,1440566287,LC14_R
39.112,49.968,92.24,39.28,49.968,92.192,2049,0.970138276,1440566287,LC14_R
38.52,44.032,108.84,38.64,44.008,108.968,2454,0.137380212,1439590350,LC22_R
29.272,46.952,107.432,29.12,46.992,107.352,2578,0,1439590350,LC22_R
37.712,54.296,102.864,37.856,54.224,102.768,3099,0.997064489,1439203192,LPLC1_R
40.408,56.384,94.16,40.432,56.544,94.216,3845,0,1439203192,LPLC1_R
39.816,56.776,94.664,39.824,56.512,94.496,3845,0,1439203192,LPLC1_R
40.6,57.08,93.864,40.752,57.08,93.8,3845,0,1439203192,LPLC1_R
27.208,57.328,93.968,27.296,57.192,94.048,3037,0.469161338,1439203192,LPLC1_R
23.808,58.608,99.32,23.632,58.528,99.44,2961,0.998857776,1439203192,LPLC1_R
42.04,57.56,98.704,42.04,57.624,98.824,1423,0,1439203192,LPLC1_R
37.496,55.28,101.336,37.464,55.296,101.144,3244,0,1439203192,LPLC1_R
24.392,58.848,100.032,24.368,59,99.928,2965,0.183421522,1439203192,LPLC1_R
16.432,62.84,107.568,16.552,62.888,107.632,1029,0.977697672,1439203192,LPLC1_R
15.144,56.928,114.328,15.144,56.816,114.224,950,0.985035824,1439203192,LPLC1_R
15.08,64.584,132.904,15.064,64.432,132.76,792,0.271320589,1438524573,LC4
15.792,64.536,132.536,15.752,64.352,132.664,793,0,1438524573,LC4
17.288,66.048,133.096,17.336,66.136,133.224,3413,1,1438524573,LC4
16.744,65.648,133.4,16.952,65.648,133.36,793,0.736064173,1438524573,LC4
25.568,70.304,136.768,25.632,70.16,136.856,811,0.947773914,1438524573,LC4
29.544,66.4,123.944,29.64,66.152,123.984,306,0.141952134,1438524573,LC4
25.72,70.464,137.04,25.64,70.336,137.112,811,0.947773914,1438524573,LC4
20.464,57.96,118.928,20.52,58.104,118.832,3380,1,1438524573,LC4
45.6,68.136,117.712,45.48,68.016,117.744,225,0.856290898,1438524573,LC4
22.024,67.688,129.064,21.936,67.848,129.072,1097,0.994553285,1438524573,LC4
15.096,51.96,96.904,15.08,51.96,96.8,2117,0.972262839,1437613381,LT78_R
15.232,51.424,97.328,15.304,51.416,96.96,2117,0.972262839,1437613381,LT78_R
33.432,44.168,112.552,33.376,44.344,112.48,1257,0,1437302815,NA
33.24,44.28,112.784,33.112,44.368,112.592,1257,0,1437302815,NA
33.52,44.464,112.584,33.44,44.408,112.472,1257,0,1437302815,NA
45.424,33.384,103.192,45.384,33.696,103.064,1838,0.428640636,1436698436,PS075_R
45.656,33.52,102.92,45.568,33.584,102.76,1838,0.964435728,1436698436,PS075_R
25.248,43.984,88.952,25.432,44.088,88.952,2311,0,1436698436,PS075_R
32.344,33.976,93.408,32.312,33.824,93.36,1964,0,1436698436,PS075_R
37.76,33.616,96.224,37.448,33.56,96.176,2377,0,1436698436,PS075_R
32.352,34.552,93.088,32.352,34.744,93.096,1966,0,1436698436,PS075_R
32.736,34.584,93.376,32.784,34.752,93.44,1966,0,1436698436,PS075_R
24.584,47.056,97.792,24.736,47.032,97.776,2262,0.994578748,1436698436,PS075_R
34.072,43.944,107.008,34.048,43.904,107.088,2710,0,1436698436,PS075_R
16.272,68.472,126.256,16.384,68.528,126.344,1056,0,1411737459,PVLP010_R
9.848,61.336,128.672,9.84,61.12,128.752,758,0.999620179,1411737459,PVLP010_R
15.512,70.76,133.2,15.232,70.848,133.152,660,0.997646609,1411737459,PVLP010_R
14.296,66.28,141.216,14.376,66.352,141.296,749,0.997766854,1409358980,SAD044_R
14.792,65.648,141.368,14.776,65.696,141.488,750,0.964181804,1409358980,SAD044_R
14.616,65.744,141.384,14.672,65.76,141.496,750,0.964181804,1409358980,SAD044_R
29.808,27.912,97.736,29.984,28.024,97.76,1457,0.206326501,1407939124,PLP242_R
32.448,33.288,93.296,32.36,33.312,93.184,1963,0.965253813,1407939124,PLP242_R
35.92,55.44,120.6,36.04,55.512,120.672,401,0.41355695,1407939124,PLP242_R
25.912,50.632,87.624,25.864,50.52,87.536,1664,0.649426217,1407939124,PLP242_R
35.816,30.232,96.56,35.64,30.376,96.568,2689,0.968818145,1407939124,PLP242_R
33.104,44.792,116.584,33.016,44.648,116.64,3820,0,1407939124,PLP242_R
37.392,52.568,96.128,37.456,52.496,96.248,1268,0.987666367,1407874177,LPLC1_R
53.912,55.856,92.2,54.048,55.816,92.128,454,0.976456012,1407874177,LPLC1_R
34.432,50.992,105.336,34.528,51.088,105.312,3307,1,1407874177,LPLC1_R
35.944,51.888,104.064,35.992,51.96,104.152,3307,1,1407874177,LPLC1_R
36.04,52.48,100.928,35.96,52.632,100.832,3306,1,1407874177,LPLC1_R
31.392,58.432,100.312,31.224,58.376,100.296,2875,0,1407874177,LPLC1_R
27.92,58.248,96.144,27.976,58.168,96.048,3036,0.053988702,1407874177,LPLC1_R
32.408,58.376,100.208,32.408,58.232,100.032,2871,0.999698847,1407874177,LPLC1_R
8.128,67.184,105.656,8.016,67.264,105.728,601,0.956894533,1407874177,LPLC1_R
33.008,55.296,109.216,33.088,55.376,109.312,381,0,1407874177,LPLC1_R
30.056,54.672,109.792,30.2,54.688,109.864,3371,1,1407874177,LPLC1_R
24.32,55.872,92.688,24.32,55.872,92.504,3672,1,1407874177,LPLC1_R
37.832,51.912,103.52,37.784,52.16,103.536,3306,1,1407874177,LPLC1_R
53.664,55.944,92.128,53.712,56.008,91.992,454,0.976456012,1407874177,LPLC1_R
30.024,54.448,109.248,30.128,54.384,109.192,3371,1,1407874177,LPLC1_R
35.728,52.24,99.424,35.608,52.24,99.616,3226,0,1407874177,LPLC1_R
41.384,56.576,91.952,41.544,56.656,91.912,2173,0.496206136,1407874177,LPLC1_R
40.96,57.224,91.624,41.056,57.256,91.52,2174,0.988724166,1407874177,LPLC1_R
37.712,51.68,103.688,37.76,51.656,103.784,3306,1,1407874177,LPLC1_R
36.52,52.408,98.056,36.56,52.256,97.968,3543,0,1407874177,LPLC1_R
8.424,66.976,106,8.264,66.904,106.136,600,0.998614686,1407874177,LPLC1_R
7.472,66.584,106.136,7.632,66.712,106.168,600,0.998614686,1407874177,LPLC1_R
10.608,59.072,108.024,10.512,59.04,108.072,634,0.999722721,1407874177,LPLC1_R
54.824,54.456,93.112,54.768,54.6,93.192,451,0.954919498,1407874177,LPLC1_R
42.136,57.752,98.776,42.056,57.72,98.888,1423,0,1407874177,LPLC1_R
39.048,59.368,97.688,39.032,59.264,97.776,1441,0.999966433,1407874177,LPLC1_R
40.848,58.528,97.936,40.92,58.6,97.864,1430,0.089605882,1407874177,LPLC1_R
47.2,55.088,93.192,47.128,55.152,93.296,3757,1,1407874177,LPLC1_R
11.864,58.944,100.544,11.864,58.928,100.704,2323,0.999976034,1407873674,LPLC1_R
54.72,54.56,93.344,54.736,54.608,93.216,451,0.954919498,1407873674,LPLC1_R
13.256,56.856,98.448,13.304,56.624,98.656,2329,0,1407873674,LPLC1_R
39.016,52.088,104.496,39.016,51.96,104.544,3306,1,1407873674,LPLC1_R
14.872,54.488,98.96,14.88,54.384,98.72,3643,1,1407873674,LPLC1_R
39.656,59.336,98.008,39.744,59.024,98.112,1437,0.34461996,1407873674,LPLC1_R
30.52,55.864,102.664,30.56,55.952,102.64,3697,0,1407873674,LPLC1_R
12.832,57.472,99.712,13,57.496,99.824,2319,0.945229983,1407873674,LPLC1_R
39.712,59.16,97.984,39.704,59.064,98.112,1437,0.34461996,1407873674,LPLC1_R
23.2,58.56,99.608,23.12,58.776,99.568,2963,0,1407873674,LPLC1_R
22.864,58.88,98.864,22.856,59.008,98.92,2959,0.99765399,1407873674,LPLC1_R
32.472,54.936,101.296,32.736,54.912,101.344,3213,0.995001618,1407873674,LPLC1_R
13.8,56.296,99.384,13.72,56.264,99.416,2318,0.982560055,1407873674,LPLC1_R
13.584,56.536,98.952,13.448,56.48,98.944,2329,0,1407873674,LPLC1_R
14.928,55.776,99.056,14.976,55.6,99.024,3643,1,1407873674,LPLC1_R
15.368,55.536,99.312,15.192,55.36,99.096,3643,1,1407873674,LPLC1_R
38.448,59.968,93.704,38.36,59.832,93.72,2902,0.988314819,1407873674,LPLC1_R
24.072,56.528,97,24.088,56.528,96.832,3144,0,1407873674,LPLC1_R
40.008,59.504,97.936,40.192,59.376,97.864,2193,0.374817466,1407873674,LPLC1_R
51.168,54.912,93.096,51.152,54.896,93.2,478,0.970354469,1407873674,LPLC1_R
24.824,57.688,97.6,24.92,57.72,97.48,3144,0,1407873674,LPLC1_R
35.088,56.92,105.896,35.168,56.92,105.992,3850,0.985654736,1407873674,LPLC1_R
43,56.208,91.96,43.056,56.08,91.952,2181,0,1407873674,LPLC1_R
55.04,54,94.032,55.176,53.96,94.128,450,0,1407873674,LPLC1_R
42.064,56.168,91.736,42.104,56.36,91.696,2172,0.999104645,1407873674,LPLC1_R
43.6,55.992,90.768,43.536,56.024,90.656,2182,0.244088381,1407873674,LPLC1_R
41.56,56.576,92.088,41.528,56.64,91.936,2173,0.496206136,1407873674,LPLC1_R
16.864,60.44,111.984,16.864,60.472,112.168,3267,0.96097416,1407873674,LPLC1_R
43,56.08,91.304,42.768,56.08,91.448,2172,0.999104645,1407873674,LPLC1_R
36.216,56.496,105.352,36.208,56.488,105.232,3191,0,1407873674,LPLC1_R
37.632,56.8,105.64,37.336,56.768,105.576,3273,0.887479687,1407873674,LPLC1_R
36.456,56.472,105.416,36.336,56.52,105.216,3191,0,1407873674,LPLC1_R
48.696,53.384,91.336,48.68,53.16,91.28,489,0,1407873674,LPLC1_R
37.48,56.312,105.384,37.528,56.24,105.624,3188,0.22319779,1407873674,LPLC1_R
10.152,56.304,93.912,10.312,56.152,93.872,2124,0.924906836,1406583670,LT78_R
23.048,50.696,84.88,23.224,50.656,84.936,1631,0.9582357,1406147470,LPLC4_R
39.216,46.728,89.584,39.36,46.64,89.496,2075,0.988300119,1406147470,LPLC4_R
47.136,47.464,101.312,47.184,47.664,101.304,2442,0,1406147470,LPLC4_R
38.584,45.624,106.352,38.752,45.496,106.32,2453,0,1406147470,LPLC4_R
57.232,44.848,96.128,57.232,45.184,96,3812,0.336785957,1406147470,LPLC4_R
57.032,45.144,96.288,57.184,45.168,96.16,3812,0.362777917,1406147470,LPLC4_R
22.84,45.264,89.616,22.776,45.288,89.728,2278,0.351097581,1406147470,LPLC4_R
37.592,44.824,107.424,37.664,44.648,107.336,3486,1,1406147470,LPLC4_R
22.648,44.12,90.024,22.616,44.096,90.208,2275,0.34535486,1406147470,LPLC4_R
32.416,44.456,110.544,32.096,44.624,110.304,1242,0.963120808,1406147470,LPLC4_R
55.264,46.048,97.072,55.248,46.168,97.12,441,0,1406147470,LPLC4_R
37.512,44.8,107.552,37.648,44.664,107.32,3486,1,1406147470,LPLC4_R
39.656,46.96,89.872,39.752,46.888,89.76,2062,0.992239267,1406147470,LPLC4_R
22.328,44.072,90.048,22.344,44.168,90.128,2275,0.954553858,1406147470,LPLC4_R
40.752,46.944,106.2,40.688,46.776,106.264,2464,0,1406147470,LPLC4_R
31.792,44.432,111,31.68,44.488,110.912,1242,0.963120808,1406147470,LPLC4_R
24.208,42.608,91.376,24.472,42.624,91.432,2315,0.978984871,1406147470,LPLC4_R
27.592,45.808,94.696,27.68,45.752,94.632,2822,0.999207194,1406147470,LPLC4_R
37.464,47.816,94.064,37.264,47.816,94.04,1923,0.989419033,1406147470,LPLC4_R
47.52,47.52,102.304,47.608,47.64,102.384,1689,0,1406147470,LPLC4_R
22.664,44.216,89.728,22.56,44.344,89.744,2276,0.997761161,1406147470,LPLC4_R
47.736,48.008,101.544,47.528,47.984,101.664,2442,0,1406147470,LPLC4_R
47.68,47.944,101.976,47.632,48.056,101.832,1689,0,1406147470,LPLC4_R
31.656,44.048,111.448,31.544,44.088,111.496,1241,0.991393693,1406147470,LPLC4_R
40.632,47.088,106.872,40.8,47.088,106.936,2463,0.911646313,1406147470,LPLC4_R
37.312,48.616,94.64,37.16,48.528,94.68,1924,0,1406147470,LPLC4_R
36.016,48.28,95.576,36.072,48.32,95.432,3201,0,1406147470,LPLC4_R
25.064,42.872,91.224,24.92,42.896,91.088,2317,0,1406147470,LPLC4_R
48.256,47.544,101.328,48.168,47.368,101.48,2447,0.992176949,1406147470,LPLC4_R
24.952,43.256,90.816,25.008,43.112,90.68,2314,0,1406147470,LPLC4_R
24.848,43.088,91.08,24.848,42.984,91.032,2317,0,1406147470,LPLC4_R
24.968,43.672,90.968,25.04,43.816,90.888,2294,0.985771379,1406147470,LPLC4_R
33.872,56.592,116.776,33.856,56.376,116.712,414,0.978555519,1405780725,LC4
36.016,56.96,114.016,35.928,56.824,114.072,425,0,1405780725,LC4
33.248,57.032,114.92,33.208,57.32,114.936,423,0,1405780725,LC4
46.888,73.752,123.248,46.872,73.76,123.008,80,0.992770982,1405780725,LC4
24.072,68.456,133.312,23.944,68.464,133.112,1073,0.230745855,1405780725,LC4
28.408,58.232,121.576,28.36,58.176,121.704,890,0.98347679,1405780725,LC4
37.048,77.288,126.52,37.104,77.208,126.368,129,0.993567694,1405780725,LC4
33.912,57.184,116.032,34.136,57.304,115.92,3313,1,1405780725,LC4
38.768,64.52,126.76,38.84,64.664,126.672,3793,0,1405615693,WED125_R
35.584,62.384,119.288,35.472,62.488,119.312,192,0.947130593,1405615693,WED125_R
37.688,69.096,126.456,37.728,69.24,126.472,11,0.966735032,1405615693,WED125_R
22.632,54.648,121.304,22.512,54.584,121.392,1125,0.199426555,1405615693,WED125_R
23.008,54.568,121.504,22.912,54.512,121.664,1125,0.632040763,1405615693,WED125_R
22.728,55.504,123.12,22.56,55.464,123.096,1149,0.983789694,1405615693,WED125_R
24.6,51.216,116.504,24.456,51.176,116.344,1226,0.979047336,1405615693,WED125_R
45.568,67.328,115.416,45.648,67.224,115.52,228,0,1405615693,WED125_R
44.92,68.192,128.168,44.896,67.968,128.176,87,0,1405615693,WED125_R
23.136,55.048,122.152,23.256,55.048,121.968,1124,0.527933523,1405615693,WED125_R
45.872,67.68,115.656,45.808,67.504,115.688,228,0,1405615693,WED125_R
34.848,57.736,117.352,35.008,57.744,117.416,344,0.88861692,1405615693,WED125_R
37.024,69.984,126.08,37.024,69.824,126.08,11,0.966735032,1405615693,WED125_R
35.352,58.448,91.216,35.256,58.568,91.224,1318,0,1404446113,LPLC1_R
32.568,53.792,105.76,32.432,53.912,105.84,3115,0,1404446113,LPLC1_R
40.48,52.448,100.936,40.496,52.344,100.784,3306,1,1404446113,LPLC1_R
32.608,53.536,106.056,32.52,53.664,106.032,3114,0.992909419,1404446113,LPLC1_R
27.464,55.616,97.264,27.704,55.616,97.256,3029,0.166156337,1404446113,LPLC1_R
37.944,51.688,101.4,37.912,51.584,101.328,3306,1,1404446113,LPLC1_R
23.928,57.36,102.632,23.952,57.264,102.368,2985,0.058790704,1404446113,LPLC1_R
42.008,54.44,99.944,42.12,54.536,99.968,1401,0.995361758,1404446113,LPLC1_R
25.64,56.888,102.168,25.728,56.864,102.28,3014,0,1404446113,LPLC1_R
43.672,56.72,92.384,43.552,56.672,92.312,2181,0,1404446113,LPLC1_R
28.432,55.288,97.912,28.232,55.192,97.904,3031,0,1404446113,LPLC1_R
27.6,55.128,98.248,27.56,54.968,98.152,3031,0,1404446113,LPLC1_R
47.528,56.16,95.048,47.816,56.304,95.088,3758,1,1404446113,LPLC1_R
47.624,56.208,95.096,47.8,56.304,95.104,3758,1,1404446113,LPLC1_R
15.696,58.88,109.064,15.688,58.968,109.016,622,0.999668148,1404446113,LPLC1_R
48.68,56.016,89.112,48.544,56.152,89.072,510,0.823246765,1404446113,LPLC1_R
48.368,56.192,89.344,48.36,56.056,89.296,500,0.998442931,1404446113,LPLC1_R
13.632,58.136,101.816,13.68,58.208,101.864,2333,0.112811773,1385093648,PVLP150(SCB030)_R
25.608,53.744,116.68,25.728,53.584,116.512,1375,0,1383383062,PVLP015_R
35.248,57.352,117.232,35.168,57.472,117.264,3091,0,1383383062,PVLP015_R
24.24,54.896,114.968,24.064,54.864,114.84,3375,1,1383383062,PVLP015_R
24.704,57.624,114.712,24.688,57.696,114.8,3376,1,1383383062,PVLP015_R
17.792,74.496,132.68,17.6,74.488,132.656,672,0,1383383062,PVLP015_R
10.52,69,131.36,10.656,69.056,131.408,1106,0.93388341,1383383062,PVLP015_R
43.168,64.36,116.896,43.12,64.36,116.992,3351,1,1378251040,PLP211_R
27.264,54.104,112.896,27.32,54.168,112.968,3373,1,1378251040,PLP211_R
27.88,55.048,112.664,27.952,55.04,112.736,3373,1,1378251040,PLP211_R
46.608,51.328,102.64,46.728,51.36,102.56,2040,0,1378251040,PLP211_R
37.768,48.64,100.688,37.84,48.608,100.8,3306,1,1378251040,PLP211_R
25.352,45.392,92.088,25.216,45.288,91.968,2498,0,1376558469,PS058_R
22.056,52.032,124.832,22.008,52.112,124.728,3817,0,1376558469,PS058_R
30.584,46.36,112.28,30.64,46.544,112.248,1251,0.82818595,1376558469,PS058_R
31.104,44.632,112.368,31.04,44.464,112.328,3469,1,1376558469,PS058_R
21.992,54.84,129.144,21.96,54.656,129.24,1139,0.999316134,1376558469,PS058_R
20.104,27.608,104.848,19.984,27.616,105.08,1504,0.99979154,1375889180,PLP037_R
15.872,56.52,120.848,16.048,56.688,120.792,905,0.921610241,1375845363,PVLP100_R
34.64,54.288,120.968,34.64,54.4,120.92,417,0.980444267,1375845363,PVLP100_R
15.624,56.776,120.72,15.912,56.856,120.704,905,0.921610241,1375845363,PVLP100_R
15.464,74.088,139.12,15.352,74.04,139.096,677,0.299399857,1375845363,PVLP100_R
18.904,66.144,136.208,19.12,66.296,136.168,835,0.993202333,1375845363,PVLP100_R
32.952,54.848,116.296,33.112,54.752,116.272,1378,0.936969524,1375845363,PVLP100_R
15.88,57.024,119.968,16.136,56.952,120.168,905,0.921610241,1375845363,PVLP100_R
47.048,50.96,101.832,47.104,51.136,101.92,2038,0.965686187,1375845363,PVLP100_R
46.848,51.024,102.344,46.728,51.064,102.304,2040,0.605769686,1375845363,PVLP100_R
46.848,51.064,102.648,46.928,51.24,102.568,2040,0.996339875,1375845363,PVLP100_R
46.808,50.272,101.92,46.752,50.28,102.056,1684,0.996092364,1375845363,PVLP100_R
21.6,56.776,122.576,21.592,56.712,122.48,3429,1,1375845363,PVLP100_R
38.384,58.936,116.4,38.224,58.688,116.44,321,0,1375845363,PVLP100_R
38.488,59.28,116.184,38.488,59.424,116.192,314,0.0402473,1375845363,PVLP100_R
39.28,53.64,84.688,39.48,53.68,84.832,1331,0.899193107,1375845363,PVLP100_R
2.008,71.64,126.824,2.152,71.696,126.936,771,0,1375845363,PVLP100_R
34.368,56.32,116.128,34.272,56.408,116.112,3312,1,1375845363,PVLP100_R
29.024,53.056,114.864,29.16,52.96,114.912,3373,1,1375845363,PVLP100_R
32.784,54.792,115.8,32.904,54.856,115.76,1377,0.952989899,1375845363,PVLP100_R
27.136,51.424,114.088,27.152,51.312,114.152,1362,0.98447512,1375845363,PVLP100_R
38.712,59.376,115.976,38.656,59.488,116.216,314,0.0402473,1375845363,PVLP100_R
33.24,43.672,97.88,33.296,43.808,97.816,1344,0.998664675,1375242214,PS065_R
39.464,39.952,104.336,39.384,39.96,104.28,2361,0.998313795,1375242214,PS065_R
30.96,45.176,95.536,30.96,45.04,95.48,2817,0.993967102,1375242214,PS065_R
33.728,37.376,97.496,33.72,37.392,97.6,2685,0.112223237,1375242214,PS065_R
30.888,47.832,94.576,31.088,47.984,94.64,3160,0.99229269,1375242214,PS065_R
32.192,33.12,93.088,32.368,33.2,93.096,1963,0.965253813,1375242214,PS065_R
41.048,29.248,100.392,41.28,29.344,100.432,1773,0.08012091,1375242214,PS065_R
31.848,33.968,92.504,31.896,34.056,92.672,1961,0.999559753,1375242214,PS065_R
44.792,35.36,100.888,44.728,35.272,100.808,1990,0.963102463,1375242214,PS065_R
72.592,23.76,84.216,72.608,23.688,84.304,3794,0.837054225,1375242214,PS065_R
40.696,35.776,109.904,40.648,35.688,109.856,1887,0.999660006,1375242214,PS065_R
31.48,45.856,115.208,31.616,45.912,115.128,1238,0,1375224269,PLP034_R
31.944,45.304,114.328,31.984,45.24,114.4,1239,0,1375224269,PLP034_R
57.12,47.44,94.8,57.176,47.272,94.808,196,0,1375224269,PLP034_R
30.216,48.336,114.76,30.28,48.352,114.656,1235,0.981915906,1375224269,PLP034_R
42.512,67.272,127.968,42.392,67.168,127.976,3338,1,1375224269,PLP034_R
23.544,40.968,98.888,23.664,40.976,98.776,2520,0.995328137,1375224269,PLP034_R
22.584,43.96,94.128,22.656,43.992,94.224,2288,0,1375224269,PLP034_R
42.616,66.904,127.624,42.488,66.984,127.648,85,0.295785625,1375224269,PLP034_R
25.696,48.528,86.928,25.768,48.776,86.888,1634,0.886593763,1375224269,PLP034_R
33.072,46.744,93.72,33.088,46.76,93.824,3156,0,1375224269,PLP034_R
26.704,46.68,87.6,26.856,46.616,87.544,2307,0.993109894,1375224269,PLP034_R
40,47.576,93.288,39.92,47.432,93.232,2058,0.090562236,1375224269,PLP034_R
33.408,45.432,93.952,33.488,45.52,94.016,3154,0.997123736,1375224269,PLP034_R
40.696,47.456,87.072,40.712,47.296,87.032,2072,0,1375224269,PLP034_R
45.272,50.536,106.368,45.08,50.592,106.352,2414,0.97364176,1375224269,PLP034_R
23.2,54.2,122.152,23.064,54.248,122.096,1124,0.997123362,1375224269,PLP034_R
28.056,47.312,106.768,28.128,47.456,106.896,2578,0,1375224269,PLP034_R
22.064,44.416,94.4,22.32,44.504,94.368,2289,0.934917569,1375224269,PLP034_R
26.84,49.896,114.064,26.896,50.104,114.056,1365,0.967913137,1375224269,PLP034_R
23.024,54.96,123.096,22.896,55.104,123.056,1149,0.983789694,1375224269,PLP034_R
30.696,27.168,98.592,30.8,27.032,98.304,1466,0.125155975,1375224269,PLP034_R
30.816,27.112,98.48,30.8,27.032,98.312,1466,0.125155975,1375224269,PLP034_R
28.464,50.552,111.8,28.4,50.512,111.872,1254,0.982123005,1375224269,PLP034_R
29.68,36.328,86.432,29.656,36.432,86.256,1614,0.38514346,1375224269,PLP034_R
46.424,34.872,102.344,46.456,34.688,102.416,1839,0.899021473,1375224269,PLP034_R
21.92,49.648,85.144,21.816,49.592,85.192,1651,0.998357153,1375224269,PLP034_R
22.304,49.328,85.144,22.12,49.2,85.064,1662,0.190577761,1375224269,PLP034_R
23.632,38.616,97.16,23.52,38.76,97.064,2512,0.995885553,1375224269,PLP034_R
23.816,54.288,121.84,23.768,54.296,121.664,1185,0.426442239,1375224269,PLP034_R
32.408,45.04,113.832,32.408,44.88,113.88,1239,0,1375224269,PLP034_R
44.68,33.288,100.128,44.616,33.136,100.128,1994,0.999732553,1375224269,PLP034_R
44.288,33.48,100.152,44.4,33.36,100.312,1993,0.9982251,1375224269,PLP034_R
37.56,32.984,96.36,37.432,33.128,96.28,2377,0,1375224269,PLP034_R
32.088,43.576,112.632,31.992,43.656,112.52,1240,0.977048996,1375224269,PLP034_R
42.432,68.392,129.416,42.44,68.248,129.312,86,0,1375224269,PLP034_R
23.624,38.336,96.688,23.432,38.376,96.504,2514,0,1375224269,PLP034_R
36.728,32.808,96.512,36.832,32.88,96.424,2377,0,1375224269,PLP034_R
27.128,31.256,105.12,27.088,31.248,105.016,2008,0.968928898,1375224269,PLP034_R
26.768,48.392,108.12,26.536,48.48,108.184,2568,0.993165294,1375224269,PLP034_R
21.224,56.704,126.368,21.088,56.6,126.232,973,0.99891426,1374900967,PLP214_R
21.288,56.944,127.736,21.16,56.832,127.704,978,0.996446942,1374900967,PLP214_R
29.976,41.32,85.848,30.216,41.424,85.784,1605,0.998595272,1374900967,PLP214_R
30.048,46.144,97.216,30.216,46.144,97.344,2600,0,1374900967,PLP214_R
57.624,44.936,96.032,57.456,44.936,96.088,3812,0.362777917,1374900967,PLP214_R
42.808,51.24,107.864,42.8,51.416,107.896,2409,0.986786804,1374900967,PLP214_R
28.664,33.8,105.36,28.608,33.952,105.312,3575,1,1374554946,PLP241_R
28.432,33.432,105.392,28.224,33.368,105.392,3576,1,1374554946,PLP241_R
31.176,36.904,91.592,31.336,36.904,91.552,1970,0.957037896,1374554946,PLP241_R
40.432,45.616,109.752,40.432,45.776,109.68,2458,0.148450362,1374438280,LC22_R
26.216,49.704,87.208,26.056,49.648,87.2,1634,0.886593763,1374438280,LC22_R
16.96,66.616,138.264,17.016,66.528,138.384,711,0.991811436,1354394414,PVLP120_R
12.416,70.328,139.4,12.256,70.376,139.416,784,0.885075448,1354394414,PVLP120_R
51.04,83.2,117.936,51.024,83.256,118.056,56,0,1353031856,PVLP012_R
38.248,57.648,116.512,38.336,57.76,116.48,3361,1,1352676969,AVLP476_R
33.112,46.792,90.144,32.96,46.792,90.144,3841,0,1347642883,PLP223_R
24.944,55.96,114.896,24.96,56.016,114.976,3375,1,1347642883,PLP223_R
17.376,55.76,120.216,17.36,55.944,120.08,1198,0.999341529,1347642883,PLP223_R
29.952,41.96,92.528,29.92,41.976,92.328,2638,0.99783083,1347642883,PLP223_R
35.224,30.176,96.544,35.32,30.264,96.416,2689,0.968818145,1347642883,PLP223_R
41.456,38.048,102.368,41.576,38.088,102.44,2001,0.941851569,1347642883,PLP223_R
40.648,38.696,102.32,40.52,38.736,102.328,1704,0.97915605,1347642883,PLP223_R
35.944,62.728,117.352,36.088,62.848,117.376,204,0,1347642883,PLP223_R
36.048,62.416,117.688,36.2,62.552,117.664,202,0.966876869,1347642883,PLP223_R
35.544,61.864,117.688,35.456,61.864,117.744,3314,1,1347642883,PLP223_R
28.728,51.84,113.56,28.776,51.776,113.632,1231,0,1347642883,PLP223_R
35.816,54.008,86.976,35.904,54.128,87.016,1275,0.966872362,1347642883,PLP223_R
47.912,26.448,99.992,47.992,26.504,99.912,1757,0.497863179,1347642883,PLP223_R
46.752,65.816,113.96,46.624,65.672,113.968,232,0,1347642883,PLP223_R
17.784,55.832,120.064,17.832,55.968,120.24,1198,0.999341529,1347642883,PLP223_R
38.64,42.616,108.504,38.76,42.616,108.384,1668,0.995362685,1347642883,PLP223_R
30.152,40.912,94.456,30.368,40.808,94.344,1593,0.923245529,1347642883,PLP223_R
36.664,25.704,98.208,36.608,25.656,98.192,1950,0.984545091,1347642883,PLP223_R
50.024,33.6,110.16,50.016,33.592,110.264,1828,0,1347642883,PLP223_R
30.048,41.448,92.704,29.944,41.44,92.648,2636,0.991954737,1347642883,PLP223_R
30.576,46.176,97.68,30.712,46.248,97.616,2598,0.98953235,1347642883,PLP223_R
29.848,45.672,98.24,29.824,45.648,98.392,2603,0.963171708,1347642883,PLP223_R
49.056,32.064,105.592,49.128,31.984,105.664,1791,0.990977465,1347642883,PLP223_R
42.76,51.192,85.584,42.648,51.176,85.752,1332,0.972017453,1347642883,PLP223_R
36.384,37.208,110.184,36.256,36.944,110.048,2490,0.857075359,1347642883,PLP223_R
36.904,32.48,109.128,36.864,32.264,109.264,2244,0.99285409,1347642883,PLP223_R
32.12,31.352,104.176,32.136,31.48,104.232,2674,0,1347642883,PLP223_R
41.848,51.92,89.168,41.64,51.992,89.168,2084,0,1347642883,PLP223_R
42.008,50.632,85.624,42.024,50.728,85.64,1335,0,1347642883,PLP223_R
2.672,45,93.304,2.704,45.12,93.4,2144,0.976742694,1347638401,NA
23.496,54.768,131.24,23.264,54.84,131.12,1141,0.907003477,1347638401,NA
2.592,46.544,91.352,2.6,46.584,91.48,2146,0.978253524,1347638401,NA
12.48,63.8,142.592,12.36,63.856,142.448,739,1,1347638401,NA
36.096,45.728,105.768,36.304,45.856,105.8,1666,0.999876085,1347638401,NA
35.752,45.984,105.656,35.696,46.16,105.6,3484,1,1347638401,NA
37.28,96.336,136.248,37.552,96.288,136.248,125,0.990082767,1347638398,SAD044_R
20.36,63.632,142.112,20.368,63.48,142.032,712,0,1347638398,SAD044_R
35.04,48.328,106.672,35.256,48.208,106.592,3307,1,1347638398,SAD044_R
18.04,56.504,126.168,18.016,56.4,126.088,983,0,1346896720,PVLP095_R
24.496,64.456,137.616,24.64,64.424,137.592,822,0.999907876,1346896720,PVLP095_R
27.824,53.264,89.584,28.008,53.216,89.648,2856,0.923623381,1346896720,PVLP095_R
24.672,66.44,137.096,24.8,66.544,137.192,817,0.983798474,1346896720,PVLP095_R
20.152,47.744,90.68,20.048,47.704,90.856,2271,0,1346896720,PVLP095_R
19.6,56.752,127.432,19.696,56.656,127.296,979,0.985647073,1346896720,PVLP095_R
27.2,53.664,89.472,27.224,53.792,89.464,2857,0.968041327,1346896720,PVLP095_R
12.32,70.72,139.52,12.224,70.488,139.424,784,0.885075448,1346896720,PVLP095_R
12.152,70.736,139.544,12.224,70.488,139.432,784,0.885075448,1346896720,PVLP095_R
14.312,68.184,139.976,14.096,68.104,139.92,1067,0.991710997,1346896720,PVLP095_R
13.96,68.44,139.864,13.912,68.32,139.888,746,0.999974184,1346896720,PVLP095_R
22.592,44.712,88.12,22.392,44.608,88.32,2282,0,1344858936,PLP142_R
3.136,46.656,94.008,3.096,46.656,93.896,2144,0.976742694,1344858936,PLP142_R
3.376,46.504,93.848,3.272,46.624,93.808,2144,0.976742694,1344858936,PLP142_R
22.328,45.68,88.648,22.272,45.56,88.8,2277,0.913037229,1344858936,PLP142_R
2.872,46.248,91.664,2.768,46.248,91.68,2146,0.978253524,1344858936,PLP142_R
22.52,44.736,88.656,22.408,44.568,88.688,2279,0.517698614,1344858936,PLP142_R
37.6,29.824,109.4,37.512,30,109.424,2245,0,1344858936,PLP142_R
35.6,58.816,92.704,35.496,58.88,92.648,1318,0.098855737,1344392982,LPLC1_R
32.44,54.136,105.656,32.4,53.976,105.824,3115,0,1344392982,LPLC1_R
8.376,69.264,105.728,8.264,69.2,105.776,604,0,1344392982,LPLC1_R
47.968,55.728,94.192,47.736,55.72,94.28,2042,0.904411266,1344392982,LPLC1_R
44.008,55.64,98,43.976,55.52,97.888,2204,0.996293588,1344392982,LPLC1_R
39.64,54.064,101.168,39.816,54.08,101.128,3306,1,1344392982,LPLC1_R
11.744,61.648,109.28,11.624,61.528,109.296,598,0.99890695,1344392982,LPLC1_R
17.632,56.152,113.912,17.696,56.08,114.024,1207,0,1344392982,LPLC1_R
18.152,56,113.672,18.224,56.12,113.8,1207,0,1344392982,LPLC1_R
11.112,61.712,109.328,11.152,61.64,109.208,598,0.99890695,1344392982,LPLC1_R
38.072,60.104,94.232,37.944,59.912,94.192,2902,0.988314819,1344392982,LPLC1_R
37.88,60.096,94.312,37.872,59.928,94.208,2922,0.905028243,1344392982,LPLC1_R
42.48,54.912,99.76,42.48,54.88,99.824,1405,0,1344392982,LPLC1_R
39.824,54.496,100.92,39.816,54.208,101.04,3306,1,1344392982,LPLC1_R
39.744,38.656,98.88,39.68,38.536,98.944,2389,0.094834231,1343860874,NA
39.952,39.064,98.92,39.848,39.232,98.864,2388,0.988651596,1343860874,NA
39.864,38.872,99.256,39.776,39.024,99.192,2383,0.404319462,1343860874,NA
39.448,36.952,100.12,39.608,36.872,100.232,1707,0.997373225,1343860874,NA
52.904,46.104,97.768,52.656,46.136,97.712,553,0.158765502,1343395439,LPLC4_R
21.304,54.688,82.568,21.128,54.608,82.496,1644,0.973219289,1343395439,LPLC4_R
21.256,54.424,82.416,21.168,54.456,82.472,1644,0.973219289,1343395439,LPLC4_R
35.752,47.872,95.112,35.808,48.032,95.08,3229,0.98742724,1343395439,LPLC4_R
24.104,45.92,95.832,24.192,45.792,95.752,2264,0.995275016,1343395439,LPLC4_R
22.856,51.256,84.24,22.984,51.264,84.264,1631,0.9582357,1343395439,LPLC4_R
21.424,53.592,82.864,21.352,53.416,82.928,1643,0.995853389,1343395439,LPLC4_R
24.52,45.904,96.944,24.632,45.84,96.912,2263,0.977233363,1343395439,LPLC4_R
48.344,46.792,99.256,48.416,46.808,99.384,1590,0.167357899,1343395439,LPLC4_R
34.608,46.664,96.216,34.808,46.56,96.304,2827,0.956677554,1343395439,LPLC4_R
54.792,45.232,97.936,54.824,45.272,97.752,444,0,1343395439,LPLC4_R
22.16,45.328,89.04,22.232,45.296,88.96,2277,0.913037229,1343395439,LPLC4_R
34.848,46.84,96.248,34.896,46.656,96.344,2827,0.956677554,1343395439,LPLC4_R
22.36,45.144,89.256,22.248,44.912,89.112,2277,0.452723445,1343395439,LPLC4_R
21.256,55.16,81.848,21.248,54.92,81.8,1646,0,1343395439,LPLC4_R
22.808,44.64,90.12,22.576,44.528,90.048,2275,0.954553858,1343395439,LPLC4_R
33.88,47.192,95.304,33.696,47.12,95.304,3151,0,1343395439,LPLC4_R
38.192,44.432,109.952,38.208,44.256,109.92,3118,0.988696025,1343395439,LPLC4_R
39.744,45.952,109.152,39.544,46.112,109.128,2456,0.978341002,1343395439,LPLC4_R
39.6,45.248,109.112,39.488,45.12,109.048,2458,0.148450362,1343395439,LPLC4_R
22.176,44.648,89.312,22.28,44.632,89.232,2276,0.997761161,1343395439,LPLC4_R
32.416,45.648,109.48,32.176,45.688,109.392,1243,0.969651177,1343395439,LPLC4_R
48.248,47.208,101.48,48.168,47.32,101.528,2447,0.992176949,1343395439,LPLC4_R
54.696,44.896,97.6,54.728,45.176,97.64,444,0,1343395439,LPLC4_R
49.888,47.072,91.528,49.704,47,91.552,3752,1,1343395439,LPLC4_R
22.776,43.744,94.464,22.728,43.848,94.272,2288,0,1343395439,LPLC4_R
23.136,43.896,94.192,23.096,44.088,94.176,2288,0,1343395439,LPLC4_R
36.624,47.52,94.192,36.768,47.4,94.24,1937,0,1343395439,LPLC4_R
36.696,50.056,93.488,36.8,50.168,93.48,1919,0.110232533,1343395439,LPLC4_R
36.544,50.104,93.6,36.784,50.184,93.512,1919,0.110232533,1343395439,LPLC4_R
42.136,57.024,98.776,42.152,57.024,98.952,1436,0.998478118,1343045604,LPLC1_R
25.912,57.504,99.456,26.024,57.456,99.512,3847,0.437109087,1343045604,LPLC1_R
15.272,57.88,107.992,15.448,57.976,108.104,623,0.962966271,1343045604,LPLC1_R
25.36,56.96,98.568,25.416,56.832,98.552,3847,0.475736041,1343045604,LPLC1_R
15.872,59,109.144,15.744,59.016,109.16,622,0.999668148,1343045604,LPLC1_R
4.32,59.248,104.472,4.408,59.336,104.4,617,0.999142902,1343045604,LPLC1_R
15.704,58.144,107.448,15.728,58.304,107.6,625,0,1343045604,LPLC1_R
36.144,56.248,105.096,36.184,56.408,105.208,3191,0,1343045604,LPLC1_R
46.144,56.312,93.056,46.192,56.344,93.176,567,0.953552426,1343045604,LPLC1_R
41.232,56.52,100.312,41.232,56.4,100.2,1408,0.170335306,1343045604,LPLC1_R
47.032,54.872,98.352,46.944,54.896,98.392,582,0.930512557,1343045604,LPLC1_R
29.384,37.768,85.752,29.4,37.632,85.912,1614,0.38514346,1316945065,PS106_R
22.008,39.32,97.024,22.08,39.368,97.128,2521,0,1316945065,PS106_R
26.264,54.144,114.536,26.368,54.288,114.552,3374,1,1314820316,PLP150_R
26.152,54.576,114.256,26.296,54.576,114.384,3374,1,1314820316,PLP150_R
20.344,63.144,141.992,20.328,63.256,142.048,712,0,1314820316,PLP150_R
20.552,63.4,142.08,20.408,63.408,142.032,712,0,1314820316,PLP150_R
37.904,22.688,100.864,37.872,22.936,100.768,1744,0.967057005,1314820316,PLP150_R
29.336,56.296,113.24,29.304,56.104,113.256,3373,1,1314820316,PLP150_R
29.584,56.008,112.784,29.584,55.84,112.848,382,0.998851107,1314820316,PLP150_R
30.296,41.792,85.768,30.44,41.744,85.68,1605,0.998595272,1314820316,PLP150_R
30.632,41.424,85.904,30.528,41.344,85.84,1605,0.998595272,1314820316,PLP150_R
24.24,52.248,120.152,24.248,52.152,120.416,1129,0.998967623,1314820316,PLP150_R
31.224,50.152,93.096,31.304,49.992,92.936,2837,0.996757553,1314820316,PLP150_R
24.544,52.392,120.592,24.192,52.224,120.592,1129,0.998967623,1314820316,PLP150_R
36.56,54.096,110.888,36.64,54.072,111,374,0.986597139,1314820316,PLP150_R
36.44,54.24,111.176,36.432,54.096,111.224,3310,1,1314820316,PLP150_R
23.544,60.936,108.008,23.24,61.024,107.936,1488,0,1313849969,PLP016_R
20.896,65.264,106.76,20.744,65.368,106.696,1026,0.998033885,1313849969,PLP016_R
20.736,65.168,106.352,20.736,65.432,106.528,1026,0.998033885,1313849969,PLP016_R
41.368,51,104.28,41.36,51.152,104.304,2396,0.107509589,1286937453,NA
40.056,34.056,108.632,39.8,34.088,108.712,1884,0.98417076,1286937453,NA
40.056,34.72,108.552,39.8,34.592,108.736,1883,0.863839871,1286937453,NA
37.12,53.704,111.112,37.2,53.888,111.128,374,0.986597139,1286937453,NA
36.832,53.848,111.552,36.88,54,111.264,374,0.986597139,1286937453,NA
34.008,54.776,115.92,33.936,54.752,115.84,3092,0.996691976,1286937453,NA
34.104,54.424,115.856,33.992,54.456,115.824,3092,0.996691976,1286937453,NA
32.72,45.376,115.728,32.632,45.288,115.68,1258,0,1286937453,NA
40.728,53.96,110.072,40.704,53.992,110.168,380,0,1286937453,NA
40.896,53.88,110.072,40.896,53.944,110.184,380,0,1286937453,NA
21.16,50.704,83.312,21.032,50.704,83.336,1630,0,1286937453,NA
45.88,67.816,127.448,45.84,67.784,127.296,133,0,1286937453,NA
29.456,59.168,126.464,29.368,59.232,126.504,879,0,1286937453,NA
21.464,54.92,127.624,21.568,54.912,127.592,1138,0.969197713,1286937453,NA
21.432,54.8,127.344,21.536,54.864,127.344,1144,0,1286937453,NA
22.008,44.864,94.216,22.144,44.816,94.432,2289,0.934917569,1286937453,NA
32.792,51.376,107.256,32.976,51.392,107.36,3309,1,1286937453,NA
51.192,83.144,118.36,51.032,83.144,118.128,56,0,1286937453,NA
30.784,58.352,125.464,30.784,58.424,125.176,881,0.998174731,1286937453,NA
29.208,58.952,126.2,29.056,59.072,126.184,879,0,1286937453,NA
32.08,56.52,127.536,32.048,56.792,127.544,889,0,1284373356,NA
37.712,90.04,131.712,37.816,89.96,131.496,122,0,1284373356,NA
37.744,89.944,131.112,37.824,89.944,131.256,122,0.374853698,1284373356,NA
26.328,51.312,98.424,26.536,51.448,98.416,2259,0.990128549,1281752255,PS180_R
26.184,51.096,98.128,26.288,50.984,98.016,2260,0.9971419,1281752255,PS180_R
22.352,43.76,88.448,22.272,43.768,88.584,3678,1,1281752255,PS180_R
22.328,43.608,88.376,22.272,43.768,88.576,3678,1,1281752255,PS180_R
56.512,45.584,95.096,56.688,45.688,95.184,196,0,1281752255,PS180_R
19.944,51.888,98.768,19.888,51.944,98.864,2633,0.952627298,1281752255,PS180_R
20.056,51.488,98.888,20.032,51.496,99.064,2633,0.952627298,1281752255,PS180_R
39,57.592,117.248,38.864,57.52,117.224,3361,1,1281324958,DNp11_R
16.328,56.52,121.032,16.16,56.656,121.016,905,0.921610241,1281303666,LC4
38.256,73.272,124.56,38.272,73.04,124.376,9,0.999465944,1281303666,LC4
34.432,70.36,123.648,34.32,70.52,123.744,156,0.993503804,1281303666,LC4
27.12,54.696,116.4,27.184,54.768,116.552,3374,1,1281303666,LC4
16.04,56.128,123.344,15.8,56.08,123.416,921,0,1281303666,LC4
31.792,72.672,129.4,32.072,72.616,129.504,174,0.929592955,1281303666,LC4
41.592,75.744,124.52,41.816,75.696,124.6,38,0.467330266,1281303666,LC4
41.304,75.896,125.152,41.288,75.744,125.176,15,0.990860111,1281303666,LC4
18.24,73.248,133.224,18.248,73.04,133.336,663,0,1281303666,LC4
40.064,75.12,125.136,40.064,75.112,125.272,15,0.990860111,1281303666,LC4
15.728,70.88,129.96,15.904,70.632,129.968,657,0.978216126,1281303666,LC4
15.568,70.824,129.96,15.52,70.68,130.008,657,0.978216126,1281303666,LC4
16.536,71.08,130.984,16.264,70.992,130.912,657,0.978216126,1281303666,LC4
52.224,47.496,96.944,52.2,47.416,97.072,551,0.981760089,1255328073,PS006(ADM01)_L
57,45.672,95.168,56.8,45.72,95.168,196,0,1255328073,PS006(ADM01)_L
56.712,45.808,95.376,56.736,45.752,95.28,196,0,1255328073,PS006(ADM01)_L
57.024,46.256,95.368,56.912,46.272,95.224,196,0,1255328073,PS006(ADM01)_L
49.512,47.656,92.576,49.424,47.52,92.688,198,0.999630607,1255328073,PS006(ADM01)_L
49.864,47.304,92.592,49.64,47.296,92.552,198,0.999630607,1255328073,PS006(ADM01)_L
52.088,47.472,96.464,51.912,47.416,96.584,551,0.981760089,1255328073,PS006(ADM01)_L
51.936,47.304,96.296,51.824,47.24,96.424,550,0,1255328073,PS006(ADM01)_L
25.576,44.824,84.456,25.608,44.776,84.624,2301,0.924033454,1255121271,NA
25.768,45.04,84.664,25.704,44.76,84.664,2301,0.924033454,1255121271,NA
17.16,55.752,99.424,17.008,55.576,99.304,2112,0.989408564,1252582215,NA
16.912,55.488,99.528,16.88,55.48,99.4,2112,0.989408564,1252582215,NA
17.208,55.28,99.44,17.2,55.28,99.288,2112,0.989408564,1252582215,NA
18.696,67.016,136.488,18.752,66.768,136.376,836,0.088362913,1251287671,LC4
35.28,59.576,115.568,35.24,59.48,115.68,201,0.999337958,1251287671,LC4
38.04,59.576,115.76,38,59.608,115.832,314,0.0402473,1251287671,LC4
16,71.624,136.656,15.88,71.576,136.552,690,0,1251287671,LC4
27.344,54.784,116.656,27.24,54.76,116.576,3374,1,1251287671,LC4
19.656,67.144,137.28,19.768,67.088,137.28,838,0.110432992,1251287671,LC4
42.312,68.752,121.952,42.296,68.912,121.912,234,0.988397285,1251287671,LC4
15.824,63.336,132.272,15.816,63.6,132.432,791,0.441669616,1251287671,LC4
39.92,71.536,125.016,40.048,71.808,125.04,98,0.100171375,1251287671,LC4
13.696,62.44,133.808,13.76,62.32,133.888,701,0,1251287671,LC4
15.88,62.456,132.032,15.696,62.256,131.904,3412,0,1251287671,LC4
40.112,72.336,125.568,40.056,72.496,125.656,97,0.978957426,1251287671,LC4
14.304,62.024,133.224,14.496,62.008,133.304,701,0,1251287671,LC4
14.024,62.368,133.72,14.088,62.32,133.816,701,0,1251287671,LC4
18.784,66.336,136.464,18.976,66.6,136.36,835,0.613178811,1251287671,LC4
37.256,69.368,124.76,37.2,69.56,124.704,10,0,1251287671,LC4
15.288,62.24,132.816,15.216,61.952,132.736,701,0,1251287671,LC4
48.952,46.904,93.248,48.832,46.952,93.12,198,0.999630607,1251032454,PLP195_R
41.776,81.176,126.12,41.712,81.248,126.04,34,0.103680582,1249932198,LC4
40.472,75.96,126.656,40.336,75.904,126.616,15,0.990860111,1249932198,LC4
24.768,59.272,115.416,24.584,59.36,115.504,383,0.999465517,1249932198,LC4
40.608,78.984,125.656,40.736,78.912,125.576,15,0.990860111,1249932198,LC4
4.264,68.104,129.416,4.136,68.064,129.544,773,0.30676475,1249932198,LC4
41.56,80.256,124.904,41.64,80.208,124.784,17,0.982071665,1249932198,LC4
4.096,67.592,129.464,4.168,67.664,129.536,764,0.99830094,1249932198,LC4
3.496,67.792,129.416,3.632,67.856,129.544,765,0.949428369,1249932198,LC4
4.64,67.448,129.288,4.64,67.44,129.432,764,0.99830094,1249932198,LC4
4.952,67.56,129.24,4.744,67.464,129.432,764,0.99830094,1249932198,LC4
23.328,72.672,128.472,23.448,72.776,128.376,857,0.209903637,1249932198,LC4
20.84,56.792,126.672,20.776,56.728,126.576,975,0,1231610379,LPTC_R
28.008,35.312,105.128,28.112,35.32,105.104,2013,0.077627418,1231610379,LPTC_R
3.976,48.488,93.408,3.92,48.496,93.496,2148,0,1227135350,PVLP096_R
5.544,51.984,95.376,5.616,51.832,95.304,2138,0.987073019,1227135350,PVLP096_R
9.28,60.528,91.824,9.472,60.416,91.872,2129,0.999476261,1227135350,PVLP096_R
28.384,47.128,114.352,28.472,47.128,114.184,1255,0.262889457,1225540409,CL050_a_R
41.296,53.288,108.872,41.336,53.424,108.752,2405,0.333384778,1225540409,CL050_a_R
2.04,46.992,91.52,2.352,47.032,91.576,2146,0.978253524,1224523027,NA
2.68,46.992,91.744,2.472,46.856,91.576,2146,0.978253524,1224523027,NA
34.952,47.72,104.056,35.096,47.808,104.016,3483,1,1224523027,NA
20.664,51.808,122.904,20.8,51.88,122.832,1135,0.983521175,1224523027,NA
35.216,47.56,103.872,35.288,47.64,104,3484,1,1224523027,NA
20.792,61.328,144.032,20.6,61.496,144.056,716,0.25320479,1224523027,NA
30.592,39.112,84.696,30.36,39.096,84.688,1611,0,1224523027,NA
26.68,38.232,98.2,26.72,38.056,98.192,2610,0.991407904,1224523027,NA
21.56,61.24,142.344,21.64,61.504,142.416,713,0.927186019,1224523027,NA
21.768,52.2,124.464,21.872,52.224,124.584,3817,0,1224523027,NA
21.248,51.848,123.448,21.112,51.944,123.24,1135,0.983521175,1224523027,NA
21.824,53.496,128.32,21.824,53.672,128.184,1480,0,1224523027,NA
25.232,53.504,89.456,25.232,53.56,89.336,2858,0.979034725,1224523027,NA
21.776,53.568,127.856,21.808,53.696,127.944,1143,0.950147987,1224523027,NA
30.232,38.824,84.336,30.216,38.96,84.424,1611,0,1224523027,NA
15.104,66.08,143.08,15.208,66.232,142.872,752,0.963175935,1224523027,NA
15.392,66.56,143.04,15.24,66.424,142.856,752,0.963175935,1224523027,NA
2.704,47.128,92.776,2.584,47.296,92.768,2145,0,1224523027,NA
9.4,58.896,106.864,9.232,58.944,106.824,638,0,1222332850,LPLC1_R
26.192,56.928,109.632,26.24,56.744,109.384,2351,0.999459418,1222332850,LPLC1_R
9.024,58.776,106.448,9.08,58.896,106.4,3814,0.183892961,1222332850,LPLC1_R
18.712,55.088,108.096,18.816,55.136,108.184,1202,0,1222332850,LPLC1_R
36.016,57.552,93.584,36.16,57.6,93.552,2899,0.96774506,1222332850,LPLC1_R
27.608,53.808,103.312,27.664,53.904,103.168,3011,0.276637719,1222332850,LPLC1_R
26.12,56.728,109.6,26.264,56.712,109.552,2351,0.999459418,1222332850,LPLC1_R
48.192,55.104,89.408,48.144,55.136,89.504,498,0,1222332850,LPLC1_R
36.24,52.84,103.832,36.368,52.8,103.944,3307,1,1222332850,LPLC1_R
9.496,64.808,106.424,9.568,64.608,106.44,598,0.99890695,1222332850,LPLC1_R
31.808,52.936,101.032,31.968,53.024,100.944,3236,0.519073593,1222332850,LPLC1_R
41.784,56.752,91.88,41.768,56.904,91.744,2173,0.496206136,1222332850,LPLC1_R
44.064,56.768,90.136,44.152,56.704,90.016,2185,0,1222332850,LPLC1_R
23.024,55.36,105.208,23.288,55.376,105.224,3000,0.999993383,1222332850,LPLC1_R
23.816,55.032,105.688,23.688,55.232,105.568,3002,0,1222332850,LPLC1_R
11.432,57.352,107.68,11.32,57.408,107.632,995,0.957660034,1222332850,LPLC1_R
37.912,52.296,100.672,37.888,52.168,100.64,3306,1,1222332850,LPLC1_R
33.84,57.08,95.896,33.928,57.032,95.784,2918,0,1222332850,LPLC1_R
48.32,55.896,89.072,48.32,55.904,89.232,500,0.521460997,1222332850,LPLC1_R
31.448,59.712,100.8,31.6,59.92,100.816,2881,0.047508219,1222332850,LPLC1_R
43.376,56.272,90.824,43.272,56.064,90.832,2182,0.197142521,1222332850,LPLC1_R
38.36,30.024,105.136,38.184,29.896,105.232,2227,0.155197038,1222195226,PLP014_R
16.632,54.624,116.816,16.632,54.472,116.864,963,0,1220270134,LT61_R
17.16,54.672,116.712,16.92,54.44,116.776,963,0,1220270134,LT61_R
16.416,54.704,117.048,16.464,54.464,116.912,963,0,1220270134,LT61_R
42.752,54.024,99.928,42.64,54.008,99.976,3304,1,1220257051,LPLC1_R
25.872,59.16,98.376,25.848,59.192,98.488,3848,0.969112223,1220257051,LPLC1_R
36.136,57.136,97.856,36.112,57.096,97.608,3247,0.883962365,1220257051,LPLC1_R
51.992,55.456,94.344,51.928,55.376,94.424,480,0.997917415,1220257051,LPLC1_R
49.864,56.408,92.68,49.832,56.28,92.528,502,0.845971312,1220257051,LPLC1_R
49.576,56.136,92.456,49.76,56.104,92.384,502,0.845971312,1220257051,LPLC1_R
27.408,55.904,100.04,27.296,55.84,100.072,3849,0.153767355,1220257051,LPLC1_R
27.728,54.056,104.032,27.712,53.856,104.024,3011,0.483437872,1220257051,LPLC1_R
25.472,58.072,97.6,25.304,58.128,97.776,3848,0.26896696,1220257051,LPLC1_R
13.816,58.216,102.08,13.752,58.28,101.96,2333,0.112811773,1220257051,LPLC1_R
42.688,54.176,100.296,42.64,54.096,100.088,3304,1,1220257051,LPLC1_R
36.216,56.912,97.552,36.136,56.984,97.608,3247,0.883962365,1220257051,LPLC1_R
43.432,56.6,94.136,43.344,56.56,94.472,2164,0.999995502,1220257051,LPLC1_R
44.912,56.952,92.16,45.032,56.8,92.096,2192,0.999235857,1220257051,LPLC1_R
23.152,55.768,104.952,23.136,55.544,104.952,3001,0.965163584,1220257051,LPLC1_R
43.608,56.64,92.56,43.48,56.672,92.392,2181,0,1220257051,LPLC1_R
12.4,59.912,108.696,12.24,60.008,108.744,3441,1,1220257051,LPLC1_R
11.36,57.704,107.568,11.304,57.496,107.648,995,0.957660034,1220257051,LPLC1_R
19.8,58.112,115.224,19.816,58.16,115.136,387,0.967151821,1220257051,LPLC1_R
51.552,55.368,93.88,51.728,55.272,94.016,480,0.997917415,1220257051,LPLC1_R
38.584,82.72,131.896,38.624,82.88,131.936,117,0,1218901359,LC4
19.168,61.032,116.632,19.12,60.84,116.72,923,0.215960979,1218901359,LC4
38.352,82.736,132.152,38.648,82.648,132.296,117,0,1218901359,LC4
38.656,82.904,132.304,38.656,82.68,132.272,117,0,1218901359,LC4
25.768,59.016,116.504,25.968,58.856,116.496,895,0.985182443,1218901359,LC4
18.648,67.76,124.52,18.568,67.912,124.552,1081,0.255248506,1218901359,LC4
18.624,69.872,127.128,18.688,69.8,127.008,3389,0,1218901359,LC4
24.488,59.352,116.4,24.384,59.44,116.312,383,0.999465517,1218901359,LC4
17.376,70.296,128.48,17.376,70.296,128.592,1054,0.993338711,1218901359,LC4
2.808,69,129.264,2.928,68.864,129.128,767,0.979232045,1218901359,LC4
2.848,69.536,128.696,2.736,69.424,128.616,767,0.979232045,1218901359,LC4
17.656,67.328,124.328,17.632,67.448,124.192,1085,0,1218901359,LC4
38.856,82.296,130.104,38.744,82.456,130.248,114,0,1218901359,LC4
2.648,69.24,128.92,2.792,69.144,128.848,767,0.979232045,1218901359,LC4
20.512,53.64,125.384,20.6,53.6,125.472,982,0.99746631,1191402226,SAD070_R
34.224,67.928,122.632,34.432,68.048,122.64,153,0,1189559257,LC4
36.072,69.664,122.84,36.216,69.56,122.816,6,0.998597224,1189559257,LC4
32.36,66.584,123.832,32.496,66.464,123.848,3348,1,1189559257,LC4
31.48,67.096,123.36,31.528,67.072,123.152,149,0.813801677,1189559257,LC4
21.08,67.536,132.192,21.152,67.68,132.248,1100,0.987097815,1189559257,LC4
43.744,74.952,124.424,43.696,74.984,124.232,72,0.983248337,1189559257,LC4
33.752,62.856,119.528,33.76,62.72,119.576,192,0.947130593,1189559257,LC4
27.248,58.64,116.456,27.232,58.672,116.56,897,0,1189559257,LC4
26.936,59.952,116.32,26.912,60.032,116.4,898,0.345419666,1189559257,LC4
23.696,62.752,115.408,23.76,62.872,115.32,900,0.99650856,1189559257,LC4
36.36,56.232,105.424,36.208,56.424,105.232,3191,0,1189230326,LPLC1_R
9.224,58.84,105.808,9.072,58.736,105.752,3814,0.183892961,1189230326,LPLC1_R
46.344,52.912,98.384,46.24,52.608,98.368,3301,1,1189230326,LPLC1_R
32.6,55.888,102.808,32.736,55.752,102.776,3214,0.990377112,1189230326,LPLC1_R
19.32,58.832,99.688,19.128,58.784,99.664,2650,0.9957756,1189230326,LPLC1_R
10.856,61.288,109.144,10.936,61.504,109.184,598,0.99890695,1189230326,LPLC1_R
32.32,57.808,99.728,32.448,58.024,99.792,2871,0.999698847,1189230326,LPLC1_R
11.912,59.64,109.736,12.032,59.696,109.856,596,0.986083525,1189230326,LPLC1_R
10.768,59.576,108.864,10.872,59.52,108.672,632,0.988743499,1189230326,LPLC1_R
51.016,54.576,93.12,51.128,54.728,93.168,478,0.970354469,1189230326,LPLC1_R
51.36,54.552,93.2,51.28,54.712,93.224,478,0.970354469,1189230326,LPLC1_R
31.52,55.144,106.128,31.648,55.312,106.08,3112,0.985898593,1189230326,LPLC1_R
21.584,59.088,98.36,21.624,59.192,98.368,2959,0.99765399,1189230326,LPLC1_R
33.008,56.128,100.872,33.208,55.992,100.768,3217,0.361658,1189230326,LPLC1_R
32.4,63.544,124.848,32.384,63.528,124.648,305,0,1166186949,PVLP122_R
30.888,55.824,99.736,30.696,55.92,99.624,2868,0.076462941,1163120884,PLP164_R
13.192,58.12,102.056,13.112,58.216,102,2333,0.368047822,1163120884,PLP164_R
11.624,57.432,107.32,11.52,57.336,107.336,995,0.957660034,1163120884,PLP164_R
20.12,65.016,138.4,20.376,65.048,138.432,837,0,1161429278,PS250_R
40.4,71.104,119.864,40.552,71.144,119.84,250,0.980182012,1158864995,LC4
23.4,55.216,121.952,23.28,55.144,121.872,1124,0.527933523,1158864995,LC4
19.104,60.904,117.032,19.136,60.696,116.904,460,0.997072266,1158864995,LC4
18.936,59.76,116.848,18.784,59.8,116.928,923,0.215960979,1158864995,LC4
15.008,70.456,135.368,14.856,70.48,135.336,661,0.965015248,1158864995,LC4
25.04,56.408,117.52,25.048,56.56,117.704,3375,1,1158864995,LC4
48.832,73.696,125.328,48.696,73.52,125.248,3790,0,1158864995,LC4
24.976,56.16,117.784,24.76,56.104,117.76,3286,0.490278814,1158864995,LC4
15.248,70.464,134.696,15.088,70.432,134.64,660,0.997646609,1158864995,LC4
18.752,58.216,116.992,18.552,58.416,116.992,903,0.976568046,1158864995,LC4
44.968,74.168,124.016,44.992,74.296,124.08,74,0,1158864995,LC4
34.792,66.944,122.384,34.792,67.096,122.352,142,0,1158864995,LC4
34.672,66.896,122.984,34.576,67.008,122.856,3271,0,1158864995,LC4
35.928,67.12,122.704,36.144,67.264,122.64,4,0.999577634,1158864995,LC4
33.32,66.36,123.688,33.28,66.488,123.688,144,0.576381599,1158864995,LC4
33.032,66.16,123.392,33,66.344,123.568,145,0,1158864995,LC4
38.848,82.912,132.016,38.64,82.88,132.032,117,0,1158187240,LC4
26.416,59.632,116.888,26.48,59.672,116.712,895,0.985182443,1158187240,LC4
26.192,59.256,116.656,26.304,59.192,116.584,895,0.985182443,1158187240,LC4
37.2,78.384,125.448,37.032,78.336,125.504,3791,0,1158187240,LC4
19.624,66.208,126.992,19.648,66.392,126.936,644,0.999169658,1158187240,LC4
43.328,77.312,122.96,43.432,77.456,123.016,41,0.388669472,1158187240,LC4
20.744,63.896,123.168,20.68,64.056,123.136,640,0,1158187240,LC4
20.512,63.656,123.144,20.432,63.728,123.072,640,0,1158187240,LC4
12.44,65.288,129.84,12.352,65.44,130,3818,0,1158187240,LC4
39.648,80.04,128.32,39.944,80.072,128.376,108,0.287850908,1158187240,LC4
20.544,66.008,128.896,20.464,66.008,129,797,0.999980387,1158187240,LC4
43.32,88.296,122.808,43.232,88.152,122.88,33,0.865414692,1135441187,AVLP076_R
42.736,73.816,119.128,42.624,73.632,119.272,262,0.529673947,1134819586,AVLP092_R
45.016,66.76,115.464,45.136,66.76,115.384,3352,1,1134146373,CL323_R
20.016,73.16,134.744,19.856,73.176,134.648,668,0.129339834,1134146373,CL323_R
42.872,53.272,108.128,42.704,53.352,108.168,2406,0.796682972,1132436808,NA
49.192,48.104,93.128,49.272,47.864,93.144,198,0.999630607,1132436808,NA
31.24,48.528,95.04,31.32,48.408,94.832,3160,0.99229269,1129302146,AOTU010_R
30.28,35.968,91.368,30.456,35.904,91.336,1979,0,1129302146,AOTU010_R
24.92,55.856,117.584,24.768,55.88,117.568,3375,1,1103102334,PVLP122_R
24.896,55.6,115.256,25.056,55.68,115.264,3375,1,1103102334,PVLP122_R
45.784,66.688,125.824,45.56,66.632,126.048,92,0.153774163,1102761868,CL022_R
9.04,56.576,92.912,9.152,56.448,92.76,2124,0.924906836,1100261649,NA
8.96,56.904,92.312,8.984,56.728,92.328,2126,0,1100261649,NA
39.032,89.768,124.68,39.136,89.624,124.592,27,0.988564216,1100261649,NA
20.288,63.872,137.504,20.056,63.936,137.48,841,0.92889287,1100261649,NA
20.552,64.304,137.832,20.48,64.424,137.92,842,0,1100261649,NA
20.824,64.464,137.672,20.944,64.584,137.68,842,0,1100261649,NA
7.616,52.832,94.904,7.456,52.72,95.032,2137,0.287832593,1100261649,NA
36.552,94.192,131.656,36.672,94.296,131.576,123,0.962730696,1100261649,NA
32.464,57.152,127.28,32.44,57.264,127.36,883,0.958470851,1100261649,NA
16.024,64.952,139.496,15.944,65.232,139.6,747,0.940677981,1100261649,NA
16.16,65.648,139.112,15.944,65.696,139.336,747,0.940677981,1100261649,NA
15.488,72.248,141.152,15.344,72.312,141.136,685,0,1100261649,NA
14.432,79.456,141.216,14.528,79.264,141.08,688,0.991637177,1100261649,NA
11.008,61.096,92.104,11.104,61.008,91.936,2132,0,1100261649,NA
19.656,50.816,83.192,19.728,50.728,83.296,1629,0,1100261649,NA
10.816,60.568,91.72,10.896,60.368,91.936,2132,0,1100261649,NA
9.672,59.712,92.296,9.816,59.88,92.328,3654,1,1100261649,NA
40.472,89.976,123.968,40.584,89.896,124.008,31,0.99679518,1100261649,NA
38.8,90.216,124.176,38.624,90.04,124.176,28,0.996691628,1100261649,NA
25.872,48.672,86.48,25.848,48.72,86.632,1634,0.886593763,1100261649,NA
35.072,55.264,120.104,35.072,54.944,120.096,417,0.980444267,1100261649,NA
34.4,54.712,120.928,34.56,54.632,121.024,417,0.980444267,1100261649,NA
19.392,50.856,82.656,19.408,50.688,82.696,1639,0,1100261649,NA
34.544,55.224,118.896,34.64,54.952,118.896,417,0.980444267,1100261649,NA
34.584,54.648,119.08,34.56,54.544,118.904,417,0.980444267,1100261649,NA
19.824,50.944,83.232,19.816,50.776,83.288,1629,0.118755225,1100261649,NA
48.288,32.488,105.52,48.32,32.512,105.68,1791,0.990977465,1100088382,PS110_R
44.216,34.376,104.68,44.152,34.2,104.68,1788,0.891731934,1100088382,PS110_R
35.536,30.296,96.648,35.504,30.36,96.544,2689,0.968818145,1100088382,PS110_R
27.856,36.424,96.856,28.104,36.296,96.92,2736,0,1100088382,PS110_R
40.248,52.432,84.728,40.2,52.424,84.848,3821,0,1100041650,CL039_R
3.696,48.288,93.856,3.888,48.328,93.784,2148,0,1099912501,NA
25.16,64.296,137.552,25.008,64.336,137.536,821,0.973411623,1099912501,NA
37.56,96.008,135.896,37.616,96.128,136.024,125,0.990082767,1099912501,NA
15.28,74.056,140.16,15.096,74.096,140.144,679,0.169339957,1099912501,NA
6.272,51.008,94.888,6.176,51.16,95.016,3645,1,1099912501,NA
37.2,95.8,135.752,37.176,95.888,135.608,125,0.990082767,1099912501,NA
25.552,64.872,137.296,25.36,64.96,137.336,825,0,1099912501,NA
12.224,69.08,140.104,12.056,69.144,140.136,740,0,1099912501,NA
25.328,65.024,137.776,25.16,65.016,137.656,826,0,1099912501,NA
5.96,51.648,94.16,5.824,51.736,94.2,2138,0.987073019,1099912501,NA
17.504,65,138.704,17.432,64.856,138.632,709,0.977904981,1099912501,NA
25.736,49.896,87.488,25.928,49.952,87.504,1633,0.951914598,1099912501,NA
37.224,95.264,134.44,37.112,95.256,134.696,125,0.990082767,1099912501,NA
37.224,95.264,134.92,37.192,95.184,134.792,126,0.112780734,1099912501,NA
3.328,47.696,93.992,3.536,47.712,93.84,2143,0.972590483,1099912501,NA
12.72,69.248,139.856,12.624,69.2,139.776,722,0.991755722,1099912501,NA
10.384,59.296,92.68,10.28,59.296,92.792,2128,0.946190927,1099912501,NA
10.848,58.896,93.128,10.744,58.84,93.2,3832,0,1099912501,NA
15.2,74.248,140.624,15.08,74.12,140.584,685,0,1099912501,NA
10.12,58.424,92.768,9.952,58.52,92.688,2128,0.946190927,1099912501,NA
17.592,65.256,138.072,17.344,65.216,138.024,3410,0,1099912501,NA
18.72,55.64,126.928,18.72,55.536,127.048,986,0.68692792,1099912501,NA
19.184,55.856,126.84,19.328,55.712,126.704,980,0.428354905,1099912501,NA
19.608,56.2,127.392,19.656,56.424,127.416,979,0.985647073,1099912501,NA
20.064,56.104,127.6,20.04,56.272,127.392,979,0.282974145,1099912501,NA
18.936,55.96,126.48,18.992,56.096,126.552,980,0.128469723,1099912501,NA
18.944,55.408,126.336,19.128,55.296,126.336,981,0.975281163,1099912501,NA
42.44,86.512,123.872,42.256,86.504,123.84,32,0,1099912501,NA
30.992,57.6,128.888,31.256,57.592,128.904,888,0.991835258,1099912501,NA
25.744,49.864,87.216,25.872,49.936,87.2,1633,0.951914598,1099912501,NA
25.8,49.96,87.168,25.856,50.016,87.232,1633,0.951914598,1099912501,NA
25.808,50.312,86.952,25.872,50.352,87.048,1632,0,1099912501,NA
41.528,87.672,125.216,41.48,87.568,125.272,19,0.981888008,1099912501,NA
15.224,73.728,140.376,15.064,73.824,140.528,685,0,1099912501,NA
41.816,86.84,124.864,41.776,86.704,124.968,19,0.981888008,1099912501,NA
11.152,62.032,92.264,11.168,62.056,91.952,2132,0.998407001,1099912501,NA
41.344,87.392,124.992,41.48,87.264,125.184,19,0.981888008,1099912501,NA
41.888,86.52,124.336,41.84,86.352,124.216,22,0.999170759,1099912501,NA
41.816,87.928,124.2,41.76,88.024,124.104,30,0.984079858,1099912501,NA
31.24,57.752,128.64,31.296,57.568,128.8,888,0.991835258,1099912501,NA
3.592,48.032,94.464,3.752,48.128,94.504,2142,0.999999959,1099912501,NA
42.04,86.904,123.776,41.848,86.872,123.784,22,0.999170759,1099912501,NA
21.664,54.232,127.816,21.76,54.296,127.928,1142,0,1096315538,PLP140_R
37.048,40.072,90.72,36.936,40.16,90.8,2779,0.142719789,1070379357,PLP229_R
25.736,33.464,99.136,25.84,33.392,99.04,2032,0.989596334,1070379357,PLP229_R
39.672,47.224,87.072,39.584,47.168,87.152,2071,0.970252349,1070379357,PLP229_R
35.024,30.552,96.376,35.264,30.552,96.424,2688,0.958145596,1070379357,PLP229_R
29.944,36.288,85.8,29.928,36.328,85.92,1615,0.953445691,1070379357,PLP229_R
39.608,46.912,87.12,39.48,47.032,87.184,2071,0.970252349,1070379357,PLP229_R
35.024,43.56,106.768,35.144,43.48,106.848,2707,0,1070379357,PLP229_R
40.512,31.088,105.432,40.424,31.056,105.528,2222,0,1070379357,PLP229_R
34.864,44.008,106.304,34.984,44.112,106.272,2702,0.386397545,1070379357,PLP229_R
45.16,42.728,106.16,44.936,42.824,106.144,2093,0.994581302,1070379357,PLP229_R
48.016,34.336,107.712,47.992,34.176,107.64,1813,0.966442524,1070379357,PLP229_R
36.944,39.712,91.328,37,39.824,91.432,2779,0.142719789,1070379357,PLP229_R
26.48,49.52,98.232,26.288,49.424,98.168,3674,1,1070379357,PLP229_R
26.152,49.552,98.312,26.152,49.448,98.16,2261,0.999287589,1070379357,PLP229_R
35.6,42.544,111.824,35.712,42.376,111.856,2732,0.906709278,1070379357,PLP229_R
33.496,38.656,93.288,33.344,38.64,93.256,1956,0.998191826,1070379357,PLP229_R
38.904,26.112,100.792,39.016,25.928,100.84,1745,0,1070379357,PLP229_R
37.4,39.512,91.704,37.256,39.424,91.568,2779,0.142719789,1070379357,PLP229_R
26.944,49.976,98,26.848,50.04,97.84,2260,0.9971419,1070379357,PLP229_R
37.688,29.24,104.584,37.816,29.208,104.608,2227,0.344054691,1070379357,PLP229_R
49,31.88,106.04,49.032,31.848,105.92,1791,0.990977465,1070379357,PLP229_R
39,36.44,108.304,38.968,36.36,108.176,2478,0.982049699,1070379357,PLP229_R
41.232,35.488,109.776,41.144,35.48,109.832,1887,0.999660006,1070379357,PLP229_R
35.016,52.904,90.304,34.888,52.992,90.384,1273,0.993988544,1070379357,PLP229_R
29.688,52.936,90.312,29.656,52.96,90.176,1620,0.994304103,1070379357,PLP229_R
35.608,55.984,114.096,35.496,56.008,114.032,425,0,1040004619,CL304_R
55.784,53.888,83.104,55.664,53.816,83.136,527,0.893019105,1038636222,PS038_R
35.368,53.648,89.728,35.224,53.624,89.648,1274,0.996063426,1038636222,PS038_R
42.64,67.216,118.76,42.752,67.136,118.744,216,0.984456338,1037972384,WED127_R
35.392,58.104,119.68,35.376,58.056,119.784,346,0.982473799,1037972384,WED127_R
20.832,52.088,121.472,20.76,52.256,121.44,1147,0.99115622,1037972384,WED127_R
26.048,39.008,89.84,26.192,39.232,89.928,2750,0.951690575,1037609552,CL221_R
4.544,49.912,96.72,4.608,49.976,96.888,2341,0.333056897,1037237333,PVLP109_R
17.952,59.088,99.128,17.952,59.04,99.232,2651,0.199220824,1013982515,AVLP086_R
4.736,57.856,103.824,4.8,57.984,103.832,619,0.999973577,1013982515,AVLP086_R
10.816,60.576,100.408,10.816,60.664,100.472,2325,0.996920047,1013982515,AVLP086_R
18.2,58.944,98.896,18.272,58.912,99.136,2650,0.9957756,1013982515,AVLP086_R
4.824,57.704,104.24,4.864,57.944,104.072,619,0.501435575,1013982515,AVLP086_R
11.408,59.904,100.568,11.496,60.072,100.72,2326,0.154620141,1013982515,AVLP086_R
21.352,59.536,98.08,21.384,59.424,98.144,2959,0.99765399,1013982515,AVLP086_R
32.224,53.264,93,32.16,53.32,92.896,2911,0,1013982515,AVLP086_R
20.584,59.288,97.912,20.68,59.192,98.032,2959,0.99765399,1013982515,AVLP086_R
19.424,64.568,108.288,19.488,64.464,108.384,1032,0.463214635,1013982515,AVLP086_R
32.16,53.488,93.208,32,53.52,93.176,2911,0,1013982515,AVLP086_R
22.36,55.08,90.296,22.464,54.992,90.352,3046,0,1013982515,AVLP086_R
22.672,55.568,90.744,22.776,55.328,90.784,3043,0.968019923,1013982515,AVLP086_R
22.336,55.512,90.872,22.352,55.36,90.872,3043,0.968019923,1013982515,AVLP086_R
32.256,53.424,94.048,31.976,53.504,93.88,2913,0,1013982515,AVLP086_R
45.944,43.584,106.224,45.88,43.536,106.112,2096,0,1009475172,PLP229(PVM03)_L
34.048,51.224,93.408,33.952,51.528,93.464,1270,0.998733391,1009311804,PS182_R
41.048,53.032,108.32,41.128,53.168,108.32,2400,0.988694273,1009311804,PS182_R
42.96,75.736,118.112,42.968,75.72,118.256,269,0.618519909,1009311804,PS182_R
19.744,53.68,98.944,19.824,53.784,99.032,2630,0.971040275,1009311804,PS182_R
20.216,52.728,98.632,20.152,52.592,98.744,2635,0,1009311804,PS182_R
26.152,51.024,97.664,26.24,50.912,97.856,2260,0.9971419,1009311804,PS182_R
19.44,52.928,99.08,19.496,52.896,99.248,2632,0.997353881,1009311804,PS182_R
35.632,53.432,91.656,35.632,53.576,91.824,2930,0.97506569,1009311804,PS182_R
37.608,56.992,84.976,37.744,56.848,84.96,3547,1,1009311804,PS182_R
41.496,53.04,108.024,41.576,53.04,108.136,2400,0.988694273,1009311804,PS182_R
21.576,55.288,128.368,21.816,55.096,128.28,1139,0.999316134,1007964729,PS122(PDM16)_L
23.136,40.352,97.048,23.16,40.168,97.104,2511,0.995140138,1007256476,PLP253(SCB055)_R
23.408,40.368,96.256,23.584,40.416,96.328,2510,0.98822623,1007256476,PLP253(SCB055)_R
23.456,40.56,96.24,23.584,40.424,96.328,2510,0.98822623,1007256476,PLP253(SCB055)_R
29.24,52.88,114.232,29.064,52.832,114.24,3373,1,1007256476,PLP253(SCB055)_R
35.448,43.568,107.208,35.416,43.544,107.08,2707,0,1007256476,PLP253(SCB055)_R
28.936,44.336,111.36,29.096,44.336,111.384,1360,0.992801379,1007256476,PLP253(SCB055)_R
23.496,51.456,121.264,23.464,51.536,121.408,1130,0.282197334,1007256476,PLP253(SCB055)_R
23.584,51.504,121.584,23.512,51.576,121.48,1130,0.282197334,1007256476,PLP253(SCB055)_R
44.16,34.52,100.656,44.128,34.512,100.8,1989,0,1007256476,PLP253(SCB055)_R
54.064,51.92,87.128,54.232,51.776,87.192,520,0,1007256476,PLP253(SCB055)_R
53.56,52.352,87.256,53.68,52.472,87.256,525,0.91683109,1007256476,PLP253(SCB055)_R
32.928,51.576,93.424,33.08,51.472,93.496,2834,0.294592156,1007256476,PLP253(SCB055)_R
29.456,53.456,113.96,29.328,53.584,113.888,3373,1,1007256476,PLP253(SCB055)_R
43.872,51.368,105.448,44.184,51.352,105.584,2411,0.999937323,1007256476,PLP253(SCB055)_R
5.04,49.784,96.656,4.848,49.928,96.6,2340,0.943439657,1007256476,PLP253(SCB055)_R
33.656,52.76,93.6,33.816,52.648,93.712,1270,0.998733391,1007256476,PLP253(SCB055)_R
32.288,39.592,93.64,32.24,39.472,93.632,1352,0.977429725,1006984280,DNp31_R
32.304,38.992,93.48,32.112,39.208,93.304,1956,0,1006876508,PLP013_R
33.424,39.408,93.648,33.312,39.384,93.56,1956,0,1006876508,PLP013_R
