pre,pre_x,pre_y,pre_z,post_x,post_y,post_z,type,VPN_color,mappedSection,mappedSegRangeVar
720575940631338271,393.168,242.032,165.48,393.264,242.24,165.36,LC4,blue,dend[797],0.1390670750080492
720575940617026260,393.152,239.472,168.72,392.992,239.584,168.8,LC4,blue,dend[812],0.5734558767911404
720575940617266722,392.96,242.288,164.64,392.912,242.272,164.48,LC4,blue,dend[802],0.3382596165226439
720575940617266722,392.944,242.416,164.72,392.88,242.608,164.72,LC4,blue,dend[802],0.07551299034879834
720575940614572742,392.576,239.632,169.12,392.672,239.504,169.0,LC4,blue,dend[812],0.8799682994505565
720575940624111763,409.04,239.696,157.6,409.088,239.456,157.56,LC4,blue,dend[870],0.712000746435219
720575940628081541,409.056,239.488,157.36,409.12,239.408,157.44,LC4,blue,dend[870],0.7537528225334207
720575940618807105,409.024,238.896,157.96,408.8,238.944,158.04,LC4,blue,dend[870],0.5116692453908
720575940628462340,409.44,239.376,156.64,409.408,239.296,156.8,LC4,blue,dend[870],0.9970117415500903
720575940626605200,408.4,239.088,158.52,408.464,238.96,158.6,LC4,blue,dend[870],0.2843018910815819
720575940625038090,407.968,238.48,161.88,408.032,238.64,161.8,LC4,blue,dend[778],0.3380203187699105
720575940625038090,408.544,238.512,161.64,408.384,238.448,161.56,LC4,blue,dend[778],0.16562201160364476
720575940625038090,408.208,238.128,162.08,408.336,237.936,162.04,LC4,blue,dend[773],0.980426788143598
720575940625038090,406.688,239.68,162.36,406.656,239.872,162.24,LC4,blue,dend[782],0.651307099565428
720575940633580384,402.624,243.6,161.32,402.624,243.728,161.16,LC4,blue,dend[832],0.06372979302795535
720575940633580384,403.248,243.888,161.16,403.248,243.888,161.0,LC4,blue,dend[831],0.9206166797314911
720575940633580384,403.84,244.336,160.68,403.696,244.432,160.8,LC4,blue,dend[851],0.3955987084330527
720575940605598892,407.84,240.416,162.04,407.872,240.192,162.04,LC4,blue,dend[779],1.0
720575940605598892,404.464,240.368,163.2,404.336,240.352,163.24,LC4,blue,dend[824],0.6724873151570558
720575940605598892,406.272,240.432,162.32,406.272,240.192,162.32,LC4,blue,dend[782],0.961903998300178
720575940605598892,404.448,240.656,162.72,404.256,240.576,162.76,LC4,blue,dend[822],0.8816785133958951
720575940614914107,404.688,245.472,159.12,404.72,245.648,159.16,LC4,blue,dend[867],0.5167645499469622
720575940631338271,406.048,238.016,161.76,406.128,238.208,161.68,LC4,blue,dend[785],0.3261011254041046
720575940631338271,400.32,240.848,163.72,400.304,240.656,163.76,LC4,blue,dend[817],0.31392395945331913
720575940631338271,399.968,240.976,163.52,399.856,240.848,163.44,LC4,blue,dend[817],0.6590678150416506
720575940631338271,407.184,236.384,160.84,407.296,236.544,160.8,LC4,blue,dend[868],0.8741548843626227
720575940611134833,404.672,245.184,160.64,404.672,245.264,160.8,LC4,blue,dend[851],0.9147295446313346
720575940611134833,401.584,244.784,161.52,401.648,244.864,161.68,LC4,blue,dend[834],0.15367386714188302
720575940624111763,403.312,242.144,160.24,403.488,242.24,160.28,LC4,blue,dend[827],1.0
720575940626626895,403.6,242.928,161.28,403.456,243.056,161.24,LC4,blue,dend[829],0.7251677823575438
720575940626626895,402.416,242.704,162.76,402.576,242.8,162.8,LC4,blue,dend[830],0.7882295537988051
720575940619397542,402.416,243.84,161.32,402.592,243.776,161.2,LC4,blue,dend[832],0.12174389883009647
720575940619397542,402.672,243.12,162.52,402.608,242.928,162.56,LC4,blue,dend[830],0.6587837691973408
720575940619397542,408.208,240.016,161.4,408.224,239.872,161.56,LC4,blue,dend[780],0.39249900349944083
720575940619397542,402.272,244.48,162.04,402.4,244.56,162.0,LC4,blue,dend[833],0.06276364331077548
720575940628064260,401.904,245.504,161.76,401.984,245.536,161.64,LC4,blue,dend[834],0.21047834570103796
720575940628064260,401.456,245.04,161.84,401.568,244.896,161.72,LC4,blue,dend[834],0.1641395302199139
720575940628064260,401.568,245.728,161.64,401.696,245.792,161.48,LC4,blue,dend[834],0.31668084288937953
720575940628064260,402.176,245.008,162.4,402.288,244.88,162.48,LC4,blue,dend[833],0.4823891561111566
720575940628064260,400.128,242.544,160.88,400.272,242.656,160.88,LC4,blue,dend[820],0.9673017990868228
720575940628064260,400.288,242.288,161.12,400.448,242.352,161.16,LC4,blue,dend[820],0.8491301390843407
720575940626916936,408.416,237.024,160.6,408.464,237.184,160.64,LC4,blue,dend[869],0.2450281383323835
720575940630484495,409.024,235.68,161.6,408.928,235.728,161.48,LC4,blue,dend[783],0.10547040704842008
720575940630484495,407.744,237.6,161.16,407.664,237.424,161.16,LC4,blue,dend[784],0.7714192038037584
720575940617026260,408.288,240.048,162.4,408.16,240.016,162.36,LC4,blue,dend[781],0.6565783714277915
720575940612580977,403.712,240.592,162.12,403.664,240.368,162.12,LC4,blue,dend[821],1.0
720575940630851036,408.992,238.576,162.72,408.976,238.368,162.6,LC4,blue,dend[777],0.9472727874133964
720575940630851036,398.368,242.032,161.96,398.544,241.968,161.92,LC4,blue,dend[818],0.7383048621562827
720575940622531767,404.368,242.72,160.08,404.32,242.512,160.08,LC4,blue,dend[828],0.4956730027377182
720575940618807105,400.928,241.52,162.48,400.816,241.344,162.4,LC4,blue,dend[820],0.41627656437938443
720575940618807105,404.384,242.32,160.12,404.32,242.512,160.04,LC4,blue,dend[828],0.5107106670146678
720575940618807105,403.968,242.128,160.4,403.872,242.32,160.44,LC4,blue,dend[828],0.19329542595901214
720575940615127227,404.512,243.104,159.04,404.48,243.024,159.2,LC4,blue,dend[828],0.9749497981913184
720575940625934973,403.872,239.28,162.44,403.84,239.248,162.28,LC4,blue,dend[785],0.882463233181263
720575940618723749,407.152,237.872,161.64,407.104,237.728,161.48,LC4,blue,dend[785],0.0863480997300304
720575940618723749,408.272,238.096,161.52,408.384,238.224,161.64,LC4,blue,dend[778],0.06007054868851191
720575940625934973,406.32,238.688,161.44,406.224,238.496,161.4,LC4,blue,dend[785],0.33416790455623285
720575940618723749,408.384,237.648,160.48,408.272,237.504,160.44,LC4,blue,dend[869],0.36669639932215997
720575940613260959,409.12,236.56,162.88,409.28,236.672,162.88,LC4,blue,dend[771],0.827605954864946
720575940638456227,407.376,239.792,159.84,407.392,239.616,159.8,LC4,blue,dend[871],0.9521291345261107
720575940638456227,402.752,242.56,162.96,402.784,242.752,163.0,LC4,blue,dend[830],0.8825405967608998
720575940622939836,407.936,238.112,159.88,408.128,238.224,159.8,LC4,blue,dend[869],0.6697681550663178
720575940618676440,406.048,240.176,162.16,406.256,240.16,162.32,LC4,blue,dend[782],0.9673057841922956
720575940618676440,402.368,245.584,162.96,402.224,245.472,162.84,LC4,blue,dend[833],0.9632406036703883
720575940615462587,406.144,238.56,161.12,406.192,238.432,161.32,LC4,blue,dend[785],0.3290895841351282
720575940615462587,408.096,238.544,159.52,408.128,238.544,159.64,LC4,blue,dend[869],0.7797145716049535
720575940628462340,400.224,242.88,160.76,400.272,242.688,160.88,LC4,blue,dend[820],0.9727951056062256
720575940615462587,403.328,241.2,161.76,403.472,241.328,161.68,LC4,blue,dend[825],0.7346849128818242
720575940615462587,404.256,242.816,159.28,404.416,242.736,159.32,LC4,blue,dend[828],0.8537976770231691
720575940626605200,401.04,241.088,162.4,400.848,241.12,162.36,LC4,blue,dend[820],0.3827490542868323
720575940626605200,404.704,239.616,161.24,404.848,239.584,161.32,LC4,blue,dend[785],0.7094600009777536
720575940626605200,400.848,241.072,162.6,400.832,240.944,162.52,LC4,blue,dend[820],0.3240117024625902
720575940628699560,402.4,244.864,162.64,402.288,244.896,162.48,LC4,blue,dend[833],0.48996613703774533
720575940628699560,402.112,245.344,162.92,402.24,245.456,162.84,LC4,blue,dend[833],0.9552146088030018
720575940625038090,400.624,239.712,165.76,400.576,239.84,165.68,LC4,blue,dend[789],1.0
720575940625038090,400.752,239.728,165.64,400.64,239.856,165.52,LC4,blue,dend[789],0.9196861798330859
720575940625038090,394.848,241.36,165.88,394.848,241.504,166.0,LC4,blue,dend[804],0.053814409883094785
720575940615575007,394.368,241.12,166.08,394.56,241.12,166.16,LC4,blue,dend[804],0.19582747084170712
720575940615575007,394.32,241.088,166.28,394.528,241.072,166.28,LC4,blue,dend[804],0.2351137487856954
720575940611134833,393.488,242.336,165.6,393.568,242.288,165.44,LC4,blue,dend[796],0.7406427444715212
720575940611134833,393.44,242.72,165.44,393.344,242.656,165.32,LC4,blue,dend[798],0.15770776771550182
720575940624111763,394.528,242.304,166.32,394.544,242.16,166.28,LC4,blue,dend[795],0.47032792270264523
720575940626626895,395.824,242.32,166.2,395.968,242.208,166.2,LC4,blue,dend[792],0.9779154832891052
720575940617176321,398.192,242.256,166.88,398.128,242.112,167.0,LC4,blue,dend[816],0.36842475293395327
720575940617176321,397.92,242.624,167.88,397.904,242.4,167.8,LC4,blue,dend[814],0.881911656685653
720575940617176321,398.56,242.72,167.48,398.688,242.624,167.44,LC4,blue,dend[816],0.7330663104501741
720575940649229433,409.184,235.376,164.16,409.088,235.136,164.12,LC4,blue,dend[759],1.0
720575940629753807,398.128,241.776,167.96,398.192,241.84,167.8,LC4,blue,dend[813],0.9801976598114012
720575940629753807,398.064,241.92,167.96,398.112,241.984,167.8,LC4,blue,dend[813],0.9800451747695702
720575940618312606,398.208,242.096,167.68,398.048,242.016,167.72,LC4,blue,dend[813],0.9295232110743176
720575940617026260,398.672,241.52,168.16,398.64,241.6,167.96,LC4,blue,dend[815],0.8506552368320844
720575940617026260,393.296,239.232,168.0,393.408,239.04,167.96,LC4,blue,dend[807],0.8056115369024022
720575940630851036,400.352,240.0,164.88,400.384,240.208,164.84,LC4,blue,dend[788],1.0
720575940618807105,396.304,242.08,166.44,396.144,241.984,166.36,LC4,blue,dend[792],0.7765700575162636
720575940614572742,394.256,240.16,168.24,394.16,239.984,168.2,LC4,blue,dend[804],0.9057712289664533
720575940614572742,393.792,240.384,168.44,393.76,240.352,168.32,LC4,blue,dend[805],0.3673909765847164
720575940618807105,396.448,241.904,166.32,396.272,241.84,166.4,LC4,blue,dend[792],0.651098481102849
720575940618807105,397.216,241.52,166.4,397.216,241.344,166.48,LC4,blue,dend[791],0.8044405883800434
720575940614572742,393.904,240.688,168.48,393.936,240.832,168.48,LC4,blue,dend[805],0.7976080113973912
720575940614572742,394.784,240.592,167.44,394.768,240.496,167.24,LC4,blue,dend[804],0.5246204376652662
720575940618807105,393.968,241.136,168.76,393.984,240.944,168.6,LC4,blue,dend[805],0.9198198860030019
720575940614572742,396.512,241.328,166.64,396.576,241.552,166.6,LC4,blue,dend[792],0.35270301009244615
720575940625934973,398.464,241.472,167.76,398.576,241.6,167.88,LC4,blue,dend[815],0.7531592062427577
720575940625934973,398.272,241.536,167.8,398.336,241.712,167.84,LC4,blue,dend[815],0.3865182099540223
720575940618002644,398.816,241.84,167.88,398.64,241.632,167.92,LC4,blue,dend[815],0.8119699989814962
720575940626605200,394.56,240.88,166.72,394.592,240.736,166.64,LC4,blue,dend[804],0.36922908094876716
720575940649229433,407.712,248.272,156.2,407.84,248.496,156.32,LC4,blue,dend[861],0.9008639933308998
720575940629753807,401.824,246.176,157.08,401.936,246.32,157.08,LC4,blue,dend[839],0.7451103190583366
720575940629753807,401.632,246.176,157.56,401.728,246.384,157.56,LC4,blue,dend[839],0.529076775592016
720575940629753807,402.304,245.824,156.36,402.304,246.0,156.32,LC4,blue,dend[841],0.8475606563098178
720575940618723749,400.752,247.216,157.48,400.704,247.424,157.44,LC4,blue,dend[842],0.42203392184395677
720575940618723749,400.672,247.072,157.24,400.656,247.296,157.2,LC4,blue,dend[842],0.53028724324494
720575940613260959,400.608,247.872,157.16,400.688,247.632,157.08,LC4,blue,dend[842],0.6641285583896754
720575940611134833,401.792,245.936,161.24,401.696,245.984,161.44,LC4,blue,dend[834],0.35167054203543646
720575940638496720,404.464,246.4,161.24,404.496,246.528,161.32,LC4,blue,dend[857],0.4123668975289811
720575940616713355,400.848,247.36,159.56,400.816,247.264,159.44,LC4,blue,dend[838],0.12635177784956203
720575940612580977,398.464,245.872,159.48,398.496,245.792,159.6,LC4,blue,dend[835],0.7140688574392465
720575940615127227,399.024,245.84,159.8,398.992,246.0,159.76,LC4,blue,dend[835],0.5026176784434154
720575940615127227,399.312,245.92,159.6,399.344,246.112,159.6,LC4,blue,dend[835],0.36721302696142477
720575940610522009,404.304,246.16,160.76,404.384,245.904,160.76,LC4,blue,dend[853],0.4831686853894797
720575940610522009,404.576,246.288,160.68,404.752,246.144,160.72,LC4,blue,dend[854],0.5077986810195764
720575940640612480,415.04,229.328,156.36,415.248,229.408,156.28,LC4,blue,dend[893],0.9764592940073786
720575940614572742,419.2,228.912,158.4,419.328,228.752,158.36,LC4,blue,dend[926],0.1494492025919111
720575940626605200,425.968,228.432,157.04,426.032,228.32,156.96,LC4,blue,dend[1225],0.9515889697485951
720575940622108001,419.792,240.48,146.56,419.936,240.56,146.6,LC4,blue,dend[497],0.9066660070739088
720575940614914107,419.664,239.808,147.48,419.856,239.792,147.6,LC4,blue,dend[496],0.2460362445538522
720575940614914107,419.616,239.36,147.72,419.808,239.248,147.68,LC4,blue,dend[496],0.03345081254446468
720575940624111763,421.152,240.496,146.52,421.184,240.352,146.52,LC4,blue,dend[498],0.21576974358621653
720575940625991043,420.48,239.792,147.4,420.384,239.84,147.28,LC4,blue,dend[496],0.48771950019485355
720575940625991043,420.8,239.888,147.16,420.624,240.0,147.12,LC4,blue,dend[496],0.6639683597519936
720575940625991043,422.288,239.952,145.4,422.304,240.176,145.4,LC4,blue,dend[499],0.8290142154967651
720575940625991043,422.032,240.224,145.76,421.968,240.432,145.72,LC4,blue,dend[498],0.8620524996358689
720575940625991043,419.936,239.504,148.16,420.0,239.28,148.2,LC4,blue,dend[493],1.0
720575940628081541,419.152,239.12,148.2,419.344,239.2,148.28,LC4,blue,dend[494],0.8873848530660943
720575940618807105,420.496,239.92,147.0,420.608,240.0,147.12,LC4,blue,dend[496],0.660202147970066
720575940613260959,422.432,240.32,145.48,422.192,240.288,145.48,LC4,blue,dend[499],0.6544420069952178
720575940625038090,423.344,241.536,151.12,423.456,241.68,151.2,LC4,blue,dend[563],0.4927967185158159
720575940615575007,420.992,235.824,149.56,421.2,235.856,149.6,LC4,blue,dend[492],0.5836955785680009
720575940622108001,422.176,235.744,149.08,422.288,235.568,149.08,LC4,blue,dend[491],0.2325786735657256
720575940622108001,422.384,235.728,149.08,422.384,235.536,149.08,LC4,blue,dend[491],0.2641530504929071
720575940622108001,422.816,236.304,148.56,423.04,236.32,148.64,LC4,blue,dend[491],0.6168122008356679
720575940605598892,417.552,234.784,152.68,417.76,234.896,152.68,LC4,blue,dend[508],0.9004709386802535
720575940614914107,423.28,236.56,150.24,423.136,236.576,150.12,LC4,blue,dend[488],0.9329558861384956
720575940614914107,423.248,237.168,150.08,423.104,237.184,150.16,LC4,blue,dend[490],0.21172512920510053
720575940614914107,423.456,235.424,151.52,423.376,235.2,151.52,LC4,blue,dend[486],0.7955784818722902
720575940631338271,422.96,243.84,153.08,423.088,243.792,153.0,LC4,blue,dend[555],0.5148144520859443
720575940611134833,420.128,239.696,153.52,420.128,239.616,153.68,LC4,blue,dend[569],0.6907486829346602
720575940649229433,423.104,238.048,150.36,423.296,237.952,150.36,LC4,blue,dend[490],0.5906236996898296
720575940618312606,410.032,245.744,150.96,410.176,245.824,150.88,LC4,blue,dend[1020],0.9091127030949404
720575940627519107,422.944,236.608,149.76,422.928,236.448,149.96,LC4,blue,dend[488],0.7544035345937918
720575940640612480,410.88,245.088,151.24,410.928,245.296,151.24,LC4,blue,dend[1019],0.9474422341323666
720575940628064260,423.92,237.968,150.8,423.696,237.952,150.8,LC4,blue,dend[490],0.7911304757026574
720575940625991043,422.336,235.264,148.8,422.448,235.44,148.88,LC4,blue,dend[491],0.3280059235984187
720575940630484495,425.296,238.896,152.96,425.376,239.04,153.04,LC4,blue,dend[596],1.0
720575940628454522,421.408,232.768,152.0,421.216,232.912,152.0,LC4,blue,dend[482],0.6751366787006836
720575940628454522,423.344,232.672,150.64,423.52,232.672,150.68,LC4,blue,dend[484],0.6462367466612606
720575940628454522,423.232,232.368,149.96,423.328,232.176,149.96,LC4,blue,dend[484],0.8566232730975859
720575940628454522,422.704,233.52,150.84,422.752,233.712,150.92,LC4,blue,dend[484],0.24642005514233048
720575940628081541,421.088,237.632,149.44,421.056,237.536,149.28,LC4,blue,dend[493],0.3680795279262264
720575940617266722,422.352,242.72,153.16,422.528,242.768,153.08,LC4,blue,dend[562],0.12661335943457167
720575940628081541,420.816,237.584,149.44,420.864,237.552,149.28,LC4,blue,dend[493],0.3879604881095701
720575940617266722,422.976,243.984,152.56,423.104,244.064,152.64,LC4,blue,dend[555],0.7395957200668477
720575940617266722,421.936,243.344,153.52,422.0,243.36,153.68,LC4,blue,dend[554],0.6321741658271064
720575940617266722,423.04,243.984,152.48,423.184,244.112,152.52,LC4,blue,dend[555],0.8185012667789979
720575940614572742,420.128,238.992,148.68,420.0,238.88,148.56,LC4,blue,dend[493],0.8933190242480376
720575940615127227,420.912,232.928,153.52,421.088,232.864,153.52,LC4,blue,dend[482],0.036442180174998604
720575940615462587,410.88,245.328,151.44,410.944,245.312,151.24,LC4,blue,dend[1019],0.9287715654573401
720575940628462340,421.968,234.016,150.8,421.888,233.952,150.96,LC4,blue,dend[484],0.08184857612960718
720575940628462340,421.952,234.784,150.84,421.872,234.944,150.88,LC4,blue,dend[485],0.8549241499522732
720575940628462340,422.432,235.296,149.16,422.4,235.504,149.08,LC4,blue,dend[491],0.26843890018180283
720575940628462340,423.04,235.68,148.76,422.944,235.856,148.76,LC4,blue,dend[491],0.5397514884936275
720575940615462587,423.424,238.192,150.64,423.424,238.016,150.52,LC4,blue,dend[490],0.6867300545483922
720575940634517856,423.264,237.792,151.24,423.424,237.856,151.32,LC4,blue,dend[490],0.9602318916555677
720575940624017251,425.568,239.712,153.56,425.712,239.52,153.64,LC4,blue,dend[596],0.5445351571906991
720575940620903551,419.872,233.712,151.12,420.032,233.728,151.28,LC4,blue,dend[505],0.3286285355200421
720575940620903551,419.712,233.792,151.2,419.888,233.872,151.32,LC4,blue,dend[505],0.3900264544504899
720575940620903551,423.216,243.584,153.08,423.072,243.728,153.0,LC4,blue,dend[555],0.4842482066006894
720575940620903551,418.272,234.56,151.92,418.256,234.8,151.96,LC4,blue,dend[505],1.0
720575940612518055,422.768,238.16,155.28,422.816,238.224,155.4,LC4,blue,dend[533],0.9501421653789232
720575940612518055,414.96,233.296,158.32,414.992,233.344,158.48,LC4,blue,dend[887],0.1760591475818652
720575940612518055,423.504,238.784,154.12,423.632,238.912,154.12,LC4,blue,dend[535],0.9336383472596173
720575940612518055,423.088,239.152,154.44,423.056,239.328,154.4,LC4,blue,dend[535],0.5647362045106594
720575940625038090,414.864,237.664,156.84,414.784,237.456,156.84,LC4,blue,dend[913],0.9311696328253275
720575940633580384,422.8,238.704,155.64,422.752,238.576,155.48,LC4,blue,dend[534],0.12786442275502863
720575940622108001,416.768,230.576,156.28,416.832,230.624,156.12,LC4,blue,dend[892],0.2436359053524404
720575940615575007,422.4,239.632,154.56,422.384,239.568,154.76,LC4,blue,dend[535],0.17906581443908862
720575940633580384,424.32,238.352,155.4,424.368,238.56,155.48,LC4,blue,dend[572],0.3022373056748993
720575940615575007,421.232,241.28,155.08,421.36,241.168,155.2,LC4,blue,dend[537],0.3376043949211283
720575940622108001,416.784,231.184,156.12,417.008,231.168,156.12,LC4,blue,dend[890],0.9629567657950491
720575940622108001,417.136,230.896,157.48,417.168,231.104,157.4,LC4,blue,dend[889],0.5337907476387177
720575940615575007,420.448,234.8,154.08,420.592,234.864,154.12,LC4,blue,dend[476],1.0
720575940622108001,422.352,229.856,156.68,422.304,230.064,156.72,LC4,blue,dend[455],0.9851860293648029
720575940615575007,422.672,239.6,154.48,422.816,239.504,154.52,LC4,blue,dend[535],0.4099417278607352
720575940615575007,418.784,235.584,157.68,418.864,235.408,157.64,LC4,blue,dend[465],0.7015164692288259
720575940622108001,417.568,230.832,157.4,417.536,231.024,157.44,LC4,blue,dend[889],0.8445354996574921
720575940633580384,424.048,238.352,155.68,424.16,238.512,155.68,LC4,blue,dend[572],0.22772560321824992
720575940633580384,424.752,237.552,155.88,424.832,237.36,155.96,LC4,blue,dend[603],0.2679872410048156
720575940622108001,411.12,245.104,155.8,411.248,245.232,155.8,LC4,blue,dend[1000],0.792082079374161
720575940615575007,420.304,234.816,153.68,420.496,234.928,153.64,LC4,blue,dend[480],0.7924833931824369
720575940605598892,420.56,240.208,154.0,420.624,240.08,153.96,LC4,blue,dend[569],0.13953338259698075
720575940605598892,421.648,240.576,153.88,421.696,240.48,154.04,LC4,blue,dend[570],0.4822944372878755
720575940605598892,421.296,240.672,153.96,421.312,240.528,154.08,LC4,blue,dend[566],1.0
720575940614914107,420.688,231.808,158.12,420.72,231.808,157.96,LC4,blue,dend[457],0.2090768401134144
720575940614914107,423.872,232.464,155.08,424.08,232.464,155.12,LC4,blue,dend[469],0.9481425362208478
720575940614914107,423.072,232.88,155.76,423.12,233.072,155.76,LC4,blue,dend[469],0.5213288218885337
720575940614914107,421.824,231.648,158.12,422.016,231.712,158.12,LC4,blue,dend[454],1.0
720575940614914107,412.864,230.96,156.92,412.672,231.2,156.92,LC4,blue,dend[906],0.9431227756487349
720575940614914107,414.016,232.176,157.76,414.128,232.352,157.8,LC4,blue,dend[907],0.7511279066563196
720575940632769180,417.072,232.656,157.36,416.96,232.48,157.44,LC4,blue,dend[887],0.9973707668184439
720575940632769180,414.24,244.656,158.56,414.176,244.8,158.6,LC4,blue,dend[976],0.4901585103532122
720575940631338271,423.584,238.928,155.84,423.808,238.848,155.88,LC4,blue,dend[572],0.18880438825174156
720575940631338271,422.512,243.088,154.08,422.368,242.864,154.08,LC4,blue,dend[554],0.5173572688571845
720575940624111763,424.064,233.872,158.32,423.984,233.936,158.2,LC4,blue,dend[512],0.7807823263910232
720575940611134833,413.696,236.944,156.72,413.888,236.96,156.76,LC4,blue,dend[912],0.9608198366339471
720575940624111763,423.264,233.504,158.68,423.152,233.648,158.56,LC4,blue,dend[512],0.3093942638589198
720575940624111763,423.888,233.904,158.44,423.824,233.936,158.24,LC4,blue,dend[512],0.725882083340908
720575940611134833,422.464,235.056,158.4,422.384,235.184,158.4,LC4,blue,dend[516],0.7173364230040953
720575940611134833,421.248,232.784,157.72,421.2,232.672,157.84,LC4,blue,dend[458],0.36404315189242564
720575940611134833,414.992,234.784,157.96,415.104,234.928,158.08,LC4,blue,dend[908],0.9179751011444521
720575940611134833,415.984,233.088,158.4,415.856,232.864,158.36,LC4,blue,dend[887],0.5004579920636584
720575940624111763,424.016,234.448,158.64,423.984,234.32,158.68,LC4,blue,dend[610],0.09073055148111862
720575940611134833,422.208,231.888,155.12,422.064,231.984,155.04,LC4,blue,dend[510],0.8880297069744587
720575940611134833,414.224,235.936,157.96,414.272,236.144,157.88,LC4,blue,dend[912],0.13275552069812543
720575940611134833,414.912,235.536,157.72,414.944,235.616,157.84,LC4,blue,dend[909],0.8083050509834286
720575940611134833,424.048,236.032,157.28,423.824,236.08,157.28,LC4,blue,dend[521],0.8727287746184809
720575940624111763,424.384,234.4,158.28,424.336,234.48,158.24,LC4,blue,dend[513],0.7381533902567137
720575940611134833,421.68,232.496,157.36,421.6,232.384,157.32,LC4,blue,dend[456],1.0
720575940611134833,419.76,233.024,157.96,419.712,233.216,157.96,LC4,blue,dend[467],0.36086794216801676
720575940611134833,422.784,235.168,158.36,422.784,235.312,158.32,LC4,blue,dend[516],0.4845596327943434
720575940611134833,413.808,236.496,157.12,413.872,236.672,157.12,LC4,blue,dend[912],0.7162388963104244
720575940611134833,422.752,234.464,158.4,422.864,234.352,158.48,LC4,blue,dend[609],0.8469865639928441
720575940626626895,412.368,242.864,158.32,412.288,242.8,158.16,LC4,blue,dend[999],0.23242279737627147
720575940626626895,412.368,234.576,157.44,412.368,234.336,157.44,LC4,blue,dend[905],0.9979886717322578
720575940626626895,422.336,242.88,154.64,422.224,242.96,154.56,LC4,blue,dend[538],1.0
720575940626626895,421.712,243.248,155.76,421.84,243.408,155.76,LC4,blue,dend[541],0.6863266477791665
720575940617176321,424.336,238.464,156.88,424.544,238.512,156.92,LC4,blue,dend[597],0.49622282858560635
720575940617176321,411.584,244.08,158.4,411.728,243.872,158.36,LC4,blue,dend[999],0.7584205965752349
720575940617176321,425.248,239.552,155.36,425.216,239.68,155.24,LC4,blue,dend[572],0.6875021113172015
720575940617176321,410.944,244.48,157.76,410.88,244.352,157.68,LC4,blue,dend[1000],0.12136107370535341
720575940617176321,412.064,245.2,154.76,411.84,245.248,154.8,LC4,blue,dend[1002],0.09888598907097666
720575940617176321,424.368,238.464,156.44,424.464,238.256,156.48,LC4,blue,dend[597],0.33984641749440675
720575940649229433,413.168,245.616,155.12,413.152,245.648,155.0,LC4,blue,dend[1001],0.7189519930216941
720575940649229433,423.792,231.264,158.12,423.76,231.392,158.0,LC4,blue,dend[452],0.7523058648155133
720575940649229433,416.704,232.448,157.92,416.56,232.544,157.84,LC4,blue,dend[887],0.8195043175508304
720575940649229433,417.376,231.184,155.84,417.136,231.2,155.92,LC4,blue,dend[891],0.9367160776640789
720575940629753807,422.912,237.68,156.6,422.928,237.76,156.44,LC4,blue,dend[602],0.5773261376918196
720575940618312606,425.76,235.248,154.48,425.776,235.024,154.52,LC4,blue,dend[608],0.5396340534485045
720575940638496720,424.88,235.184,156.96,424.8,235.088,156.84,LC4,blue,dend[520],0.9092661153830678
720575940638496720,424.656,233.904,157.92,424.416,233.952,158.04,LC4,blue,dend[611],0.7942913478026358
720575940638496720,412.48,233.808,157.36,412.32,233.824,157.4,LC4,blue,dend[905],0.3554673886818168
720575940638496720,420.752,240.352,154.44,420.736,240.496,154.32,LC4,blue,dend[567],0.7739088391955551
720575940615053580,410.48,245.04,157.32,410.48,244.832,157.32,LC4,blue,dend[1000],0.2618459067519589
720575940619397542,415.024,236.016,157.6,414.976,235.808,157.68,LC4,blue,dend[917],0.3008979275478286
720575940619397542,415.184,235.904,157.68,415.04,235.76,157.64,LC4,blue,dend[917],0.3975043451544987
720575940619397542,418.384,235.376,157.8,418.512,235.232,157.76,LC4,blue,dend[463],1.0
720575940619397542,412.288,232.704,157.36,412.4,232.752,157.28,LC4,blue,dend[906],0.32489991312300104
720575940619397542,419.488,235.696,158.56,419.568,235.552,158.68,LC4,blue,dend[462],0.6331984170879851
720575940619397542,418.624,235.408,158.2,418.64,235.264,158.32,LC4,blue,dend[463],0.9869044223868604
720575940619397542,412.256,233.728,158.2,412.48,233.728,158.24,LC4,blue,dend[904],0.5710675865956655
720575940619397542,425.648,235.392,155.28,425.792,235.296,155.36,LC4,blue,dend[606],0.8614843148961928
720575940619397542,422.944,235.888,157.4,423.152,235.904,157.44,LC4,blue,dend[521],0.5511395951782797
720575940627519107,414.576,235.184,158.64,414.688,235.136,158.48,LC4,blue,dend[908],0.8489267013468276
720575940640612480,419.424,234.624,157.6,419.472,234.688,157.8,LC4,blue,dend[461],0.4996391317540627
720575940640612480,422.272,232.416,158.68,422.288,232.208,158.72,LC4,blue,dend[453],0.865326499208037
720575940640612480,420.608,235.696,154.44,420.56,235.6,154.32,LC4,blue,dend[478],0.3310639073803365
720575940640612480,419.92,233.76,158.0,420.096,233.824,157.96,LC4,blue,dend[460],0.180345871066593
720575940640612480,414.112,236.448,157.84,414.096,236.32,157.76,LC4,blue,dend[912],0.2779234752239692
720575940640612480,422.096,232.432,158.56,421.984,232.24,158.56,LC4,blue,dend[454],0.7278845718608095
720575940640612480,420.816,236.272,154.6,420.72,236.416,154.68,LC4,blue,dend[478],0.9409722673339993
720575940640612480,423.136,232.064,158.2,423.168,231.904,158.28,LC4,blue,dend[453],0.580271886755362
720575940640612480,419.52,234.528,157.56,419.712,234.528,157.6,LC4,blue,dend[460],0.9811071279363239
720575940628064260,412.304,232.176,157.24,412.304,232.272,157.12,LC4,blue,dend[906],0.5084254909486614
720575940628064260,416.4,230.688,155.76,416.576,230.64,155.84,LC4,blue,dend[892],0.31195831921910433
720575940628064260,420.848,235.408,154.44,420.672,235.36,154.28,LC4,blue,dend[478],0.18506960996440727
720575940628064260,416.656,230.576,155.68,416.704,230.528,155.84,LC4,blue,dend[892],0.3461996325906673
720575940628064260,417.008,231.264,155.8,417.12,231.2,155.92,LC4,blue,dend[891],0.9085412558055845
720575940628064260,422.448,233.84,155.84,422.496,233.6,155.92,LC4,blue,dend[469],0.2471078841818712
720575940626916936,423.504,234.624,156.92,423.68,234.64,156.96,LC4,blue,dend[518],1.0
720575940628064260,412.72,241.808,158.48,412.688,242.032,158.52,LC4,blue,dend[998],1.0
720575940626916936,423.488,234.096,156.68,423.632,234.128,156.76,LC4,blue,dend[519],0.9702219515280387
720575940628064260,420.96,234.08,155.52,421.056,234.0,155.64,LC4,blue,dend[471],1.0
720575940625991043,418.032,233.68,156.0,417.824,233.632,156.0,LC4,blue,dend[464],0.9565341948540296
720575940625991043,422.0,230.432,157.08,422.016,230.592,157.04,LC4,blue,dend[455],0.731531401849132
720575940625991043,417.92,233.84,156.88,417.936,234.0,156.84,LC4,blue,dend[464],0.6335403998539787
720575940625991043,420.048,231.312,157.6,420.096,231.488,157.72,LC4,blue,dend[457],0.5110872727122671
720575940630484495,423.92,238.736,154.08,423.68,238.88,154.12,LC4,blue,dend[535],0.9600521417913213
720575940630484495,424.24,239.04,155.36,424.4,238.944,155.48,LC4,blue,dend[572],0.37267885609206985
720575940616713355,420.24,235.76,154.32,420.384,235.76,154.4,LC4,blue,dend[478],0.4269085317109605
720575940616713355,410.928,243.632,158.04,410.976,243.728,157.92,LC4,blue,dend[999],0.979887006655102
720575940616713355,412.032,241.904,158.36,412.0,241.92,158.52,LC4,blue,dend[1022],0.5605524610162473
720575940616713355,412.096,242.256,158.36,412.176,242.304,158.52,LC4,blue,dend[998],0.8686106758446616
720575940616713355,411.472,243.408,158.32,411.6,243.424,158.4,LC4,blue,dend[999],0.6253807826547476
720575940616713355,411.472,243.52,158.24,411.648,243.6,158.2,LC4,blue,dend[999],0.70316202983965
720575940616713355,414.288,236.0,155.04,414.096,236.144,155.08,LC4,blue,dend[916],0.33096267411008296
720575940617026260,425.248,234.768,154.28,425.44,234.736,154.28,LC4,blue,dend[608],0.962155142833679
720575940628454522,420.592,240.672,154.4,420.528,240.528,154.36,LC4,blue,dend[568],0.6071843097997409
720575940628454522,415.104,235.536,158.08,414.928,235.616,157.96,LC4,blue,dend[909],0.7820882260337498
720575940628454522,422.928,236.944,158.0,423.104,236.816,158.04,LC4,blue,dend[522],0.7685324844281526
720575940612580977,421.84,243.584,153.76,421.984,243.376,153.68,LC4,blue,dend[554],0.6277341187300179
720575940612580977,423.264,236.48,157.12,423.376,236.32,157.2,LC4,blue,dend[521],1.0
720575940612580977,424.032,237.12,155.68,424.0,237.312,155.76,LC4,blue,dend[530],0.8717667900260772
720575940617266722,410.352,243.664,157.84,410.432,243.856,157.88,LC4,blue,dend[1021],0.9100762599765361
720575940628081541,414.336,236.272,157.96,414.24,236.192,157.84,LC4,blue,dend[912],0.1721301804353453
720575940617266722,421.536,242.48,154.48,421.664,242.576,154.56,LC4,blue,dend[537],0.8590394620967199
720575940628081541,414.784,236.032,157.92,414.8,235.856,157.84,LC4,blue,dend[911],0.6468440891483116
720575940628081541,423.52,231.36,157.96,423.6,231.568,158.04,LC4,blue,dend[452],0.6451815351033506
720575940630851036,421.152,239.856,154.84,421.152,239.984,154.68,LC4,blue,dend[566],0.07800758044039222
720575940630851036,422.112,239.184,155.16,422.224,239.024,155.08,LC4,blue,dend[534],0.5615725702249995
720575940630851036,416.8,232.704,157.56,416.752,232.48,157.48,LC4,blue,dend[887],0.9370742497621701
720575940630851036,423.04,239.648,154.48,422.88,239.488,154.52,LC4,blue,dend[535],0.43971228251275635
720575940613256863,417.376,232.192,157.28,417.2,232.384,157.36,LC4,blue,dend[902],0.859878703377609
720575940613256863,416.96,231.456,157.4,416.912,231.408,157.2,LC4,blue,dend[889],0.14677610408461406
720575940613256863,411.568,241.776,158.44,411.776,241.856,158.52,LC4,blue,dend[1022],0.8365562749060478
720575940613256863,421.152,232.704,155.76,421.28,232.88,155.72,LC4,blue,dend[468],0.8403363871339915
720575940630998339,423.6,233.888,157.84,423.536,234.112,157.88,LC4,blue,dend[515],0.023342093678079795
720575940630998339,424.064,233.152,157.2,423.968,232.992,157.2,LC4,blue,dend[612],0.7660737067180319
720575940630998339,421.808,243.12,156.48,421.792,243.328,156.52,LC4,blue,dend[542],0.1810730683515313
720575940620795728,410.496,244.416,157.52,410.576,244.528,157.44,LC4,blue,dend[1000],0.19132678284353605
720575940622531767,422.976,233.184,156.0,422.976,233.136,155.84,LC4,blue,dend[469],0.4603046693294227
720575940622531767,412.608,233.36,157.04,412.496,233.248,157.2,LC4,blue,dend[906],0.1585717307317789
720575940618807105,421.888,241.104,154.84,421.76,241.024,155.0,LC4,blue,dend[537],0.29577909026132515
720575940618807105,424.128,234.128,158.0,424.192,234.032,158.12,LC4,blue,dend[512],0.9157937315565192
720575940614572742,419.872,231.616,157.68,420.048,231.504,157.72,LC4,blue,dend[457],0.5207966654208551
720575940614572742,417.696,234.192,157.04,417.92,234.064,157.0,LC4,blue,dend[464],0.5773313984824424
720575940614572742,422.352,231.392,157.44,422.224,231.312,157.6,LC4,blue,dend[455],0.3847358434791572
720575940614572742,417.84,234.512,157.88,418.048,234.56,157.88,LC4,blue,dend[464],0.2132971085458888
720575940614572742,419.296,232.864,157.76,419.392,233.008,157.72,LC4,blue,dend[467],0.698145023896031
720575940618807105,423.824,233.168,158.0,423.712,233.04,158.04,LC4,blue,dend[511],1.0
720575940615127227,412.496,231.632,156.88,412.544,231.584,157.04,LC4,blue,dend[906],0.7830333030216031
720575940615127227,419.056,232.976,157.4,419.2,232.88,157.48,LC4,blue,dend[467],0.9327066206949253
720575940615127227,417.792,233.952,156.48,417.872,233.808,156.44,LC4,blue,dend[464],0.7922000316696518
720575940615127227,420.592,233.424,153.92,420.8,233.456,153.96,LC4,blue,dend[475],0.7350355618530174
720575940615127227,416.112,230.016,156.08,416.304,229.888,156.08,LC4,blue,dend[892],0.7499591929211017
720575940615127227,414.144,237.328,155.8,414.032,237.232,155.76,LC4,blue,dend[915],0.7127766676425886
720575940625934973,412.096,243.168,158.04,412.16,243.12,158.16,LC4,blue,dend[999],0.38630006503393777
720575940618723749,424.128,235.216,157.76,423.984,235.296,157.6,LC4,blue,dend[517],0.8772379893629838
720575940618723749,411.936,245.056,155.32,411.936,245.264,155.36,LC4,blue,dend[1000],0.9664457315326929
720575940625934973,413.824,237.328,155.56,414.032,237.328,155.6,LC4,blue,dend[915],0.8753326725251055
720575940625934973,411.664,242.336,158.64,411.856,242.304,158.68,LC4,blue,dend[998],0.5008696930529436
720575940613260959,420.928,233.792,155.84,421.008,233.872,155.68,LC4,blue,dend[471],0.9962363430929505
720575940613260959,418.256,234.528,158.04,418.208,234.688,157.92,LC4,blue,dend[464],0.1569810162678686
720575940613260959,418.304,234.032,157.44,418.144,234.208,157.4,LC4,blue,dend[464],0.4123560095253383
720575940613260959,421.088,232.88,156.4,421.2,232.768,156.56,LC4,blue,dend[468],0.4113645013598079
720575940613260959,422.128,233.232,155.72,422.144,233.136,155.8,LC4,blue,dend[469],0.16368228834312346
720575940618002644,420.544,242.848,154.6,420.576,242.96,154.72,LC4,blue,dend[565],0.6664840876982566
720575940638456227,414.416,237.2,156.84,414.352,237.152,156.72,LC4,blue,dend[913],0.42958363968318436
720575940638456227,422.032,240.816,154.04,421.856,240.624,154.0,LC4,blue,dend[570],0.8303962380630898
720575940638456227,415.232,237.488,158.12,415.152,237.248,158.16,LC4,blue,dend[910],0.9396397900305742
720575940638456227,424.672,239.056,156.84,424.784,238.928,156.88,LC4,blue,dend[597],0.6883102996790409
720575940638456227,413.808,236.784,157.4,413.92,236.576,157.48,LC4,blue,dend[912],0.5182548608770258
720575940622939836,419.2,235.52,157.64,418.976,235.44,157.64,LC4,blue,dend[465],0.8423179738542155
720575940622939836,419.296,234.896,158.12,419.344,234.816,157.96,LC4,blue,dend[461],1.0
720575940622939836,419.392,235.184,158.44,419.568,235.312,158.52,LC4,blue,dend[462],0.4584055922027793
720575940618676440,423.408,236.512,158.36,423.392,236.704,158.36,LC4,blue,dend[522],0.8495482167792173
720575940618676440,412.048,245.44,155.28,412.128,245.312,155.32,LC4,blue,dend[1001],0.17512895674094014
720575940618676440,424.72,236.144,156.44,424.496,236.112,156.48,LC4,blue,dend[529],1.0
720575940634517856,420.352,236.096,154.44,420.288,236.0,154.6,LC4,blue,dend[478],0.608105179907893
720575940628462340,424.208,232.272,154.96,424.128,232.384,155.12,LC4,blue,dend[469],0.9716826304877028
720575940628462340,421.728,233.632,154.28,421.504,233.536,154.32,LC4,blue,dend[475],0.355920735236271
720575940628462340,421.008,234.368,153.92,420.96,234.32,154.04,LC4,blue,dend[476],0.6521258368884365
720575940628462340,421.936,233.152,153.8,421.904,233.2,153.72,LC4,blue,dend[481],0.2685884301833246
720575940634517856,420.496,236.4,154.64,420.624,236.352,154.68,LC4,blue,dend[478],0.8886566392688168
720575940634517856,415.04,236.976,158.4,415.088,236.832,158.32,LC4,blue,dend[910],0.7028222425453261
720575940628462340,415.552,234.624,158.0,415.52,234.848,158.0,LC4,blue,dend[918],0.3929361904166678
720575940626605200,420.24,239.152,153.64,420.224,239.232,153.52,LC4,blue,dend[569],0.9684990115729201
720575940626605200,419.984,239.488,153.8,420.096,239.568,153.68,LC4,blue,dend[569],0.7317399243074705
720575940628699560,421.056,239.696,154.56,420.992,239.84,154.52,LC4,blue,dend[566],0.03974890197873431
720575940628699560,422.24,238.096,155.56,422.272,237.984,155.48,LC4,blue,dend[571],0.9076985726288268
720575940628699560,422.72,237.728,156.04,422.88,237.744,156.08,LC4,blue,dend[533],0.4729620457156257
720575940628699560,413.024,233.904,158.6,412.992,233.696,158.56,LC4,blue,dend[904],0.10584974662987015
720575940628699560,421.568,240.112,154.12,421.456,240.304,154.12,LC4,blue,dend[566],0.902315446996326
720575940620903551,418.608,235.184,158.52,418.64,235.248,158.32,LC4,blue,dend[463],0.97974256767623
720575940620903551,418.88,234.4,154.36,419.104,234.4,154.4,LC4,blue,dend[479],0.97419534480051
720575940620903551,422.16,243.152,153.88,422.24,242.992,153.8,LC4,blue,dend[554],0.6329581267250033
720575940620903551,420.976,233.392,157.72,420.912,233.2,157.8,LC4,blue,dend[459],0.3550230059076499
720575940610522009,425.584,240.192,154.84,425.648,240.048,154.76,LC4,blue,dend[572],0.8952258818001655
720575940610522009,411.568,245.744,154.76,411.712,245.552,154.72,LC4,blue,dend[1002],0.19633527371770845
720575940610522009,411.84,243.936,158.24,411.728,243.792,158.28,LC4,blue,dend[999],0.7398885352676345
720575940610522009,425.296,240.272,155.08,425.344,240.064,155.08,LC4,blue,dend[572],0.7972020991767473
720575940612518055,420.144,233.472,160.04,420.048,233.488,159.92,LC4,blue,dend[1038],0.8048975591369412
720575940612518055,416.8,237.168,161.16,416.768,237.216,161.32,LC4,blue,dend[961],0.3247130305970478
720575940612518055,416.416,239.296,160.16,416.624,239.232,160.08,LC4,blue,dend[1035],0.5228092658941038
720575940612518055,417.312,236.176,161.36,417.184,236.032,161.4,LC4,blue,dend[934],0.46106661224988005
720575940612518055,417.408,236.176,161.48,417.296,236.112,161.64,LC4,blue,dend[934],0.32814890183622025
720575940612518055,412.384,241.68,160.32,412.432,241.6,160.48,LC4,blue,dend[1024],0.5815150376863097
720575940612518055,412.304,241.552,160.28,412.352,241.376,160.44,LC4,blue,dend[1024],0.7058650021418219
720575940612518055,421.952,232.0,159.68,422.144,232.0,159.72,LC4,blue,dend[613],0.5456258175718499
720575940612518055,417.68,236.816,160.68,417.856,236.896,160.72,LC4,blue,dend[948],0.6471991630510557
720575940622108001,421.984,230.592,159.88,421.936,230.656,159.76,LC4,blue,dend[449],0.7718634407397627
720575940615575007,418.032,236.88,160.4,418.048,236.72,160.48,LC4,blue,dend[948],0.85914520364785
720575940633580384,413.136,242.464,161.68,413.104,242.24,161.68,LC4,blue,dend[965],0.38725381676963266
720575940622108001,412.624,232.864,161.12,412.512,232.768,161.0,LC4,blue,dend[750],0.7449948755447137
720575940622108001,424.128,229.712,159.88,424.112,229.6,160.0,LC4,blue,dend[441],0.13965978233495469
720575940633580384,414.304,242.256,161.28,414.384,242.08,161.24,LC4,blue,dend[964],0.34383372376828103
720575940622108001,422.976,230.24,160.24,423.008,230.416,160.36,LC4,blue,dend[614],0.89221513812236
720575940622108001,415.936,231.568,159.28,415.984,231.568,159.44,LC4,blue,dend[882],0.9462112468575149
720575940615575007,413.488,244.976,158.72,413.664,244.992,158.84,LC4,blue,dend[976],0.39654494739022256
720575940633580384,413.632,242.256,161.32,413.616,242.048,161.24,LC4,blue,dend[965],0.3187272470389451
720575940615575007,413.072,243.696,160.12,413.184,243.568,160.24,LC4,blue,dend[970],0.6645241235404062
720575940622108001,414.704,232.848,160.32,414.88,232.848,160.4,LC4,blue,dend[882],0.13056587709942874
720575940622108001,424.608,229.872,159.76,424.512,230.112,159.76,LC4,blue,dend[442],0.3291639862694351
720575940615575007,416.976,238.992,160.36,416.992,239.04,160.24,LC4,blue,dend[1035],0.33543678738990473
720575940615575007,413.088,244.496,159.32,413.28,244.496,159.36,LC4,blue,dend[975],0.8271071421935559
720575940615575007,417.008,238.864,160.24,416.96,239.024,160.2,LC4,blue,dend[1035],0.3619235569823666
720575940614914107,418.864,231.856,160.08,418.944,231.776,160.2,LC4,blue,dend[1039],0.5883273024105107
720575940614914107,413.632,232.304,160.28,413.456,232.416,160.4,LC4,blue,dend[749],0.20523436264485148
720575940614914107,415.76,232.0,159.76,415.616,231.952,159.84,LC4,blue,dend[882],0.6726004037723166
720575940632769180,425.36,234.368,158.76,425.136,234.432,158.84,LC4,blue,dend[610],0.9592741675481149
720575940632769180,419.968,234.544,160.96,419.952,234.496,160.84,LC4,blue,dend[1036],0.8751218757963419
720575940632769180,414.368,232.912,161.68,414.512,233.04,161.68,LC4,blue,dend[743],0.56432701107136
720575940632769180,418.896,233.888,161.4,418.88,233.744,161.36,LC4,blue,dend[932],0.0851290248307216
720575940631338271,419.712,241.12,159.72,419.856,241.12,159.84,LC4,blue,dend[1028],0.9601480964521638
720575940631338271,418.752,240.32,159.64,418.784,240.096,159.64,LC4,blue,dend[1028],0.5360305029009389
720575940617176321,411.824,242.336,160.96,411.888,242.432,160.8,LC4,blue,dend[968],0.31468378688976917
720575940617176321,411.584,241.68,160.96,411.632,241.552,160.88,LC4,blue,dend[968],0.5065211243703605
720575940617176321,418.576,240.192,159.48,418.736,240.096,159.6,LC4,blue,dend[1028],0.5282128629853285
720575940649229433,418.704,231.808,160.28,418.88,231.808,160.32,LC4,blue,dend[1039],0.442928537934674
720575940649229433,415.184,233.552,161.64,415.28,233.52,161.76,LC4,blue,dend[742],1.0
720575940649229433,411.264,234.912,162.72,411.152,234.816,162.6,LC4,blue,dend[752],0.4028099938934653
720575940649229433,413.008,234.448,162.56,412.912,234.576,162.72,LC4,blue,dend[746],0.7918630030069842
720575940649229433,418.976,231.472,159.92,419.008,231.632,159.96,LC4,blue,dend[1039],0.875483585642706
720575940649229433,413.104,234.176,162.04,413.104,234.208,161.84,LC4,blue,dend[745],0.44314058402968687
720575940649229433,418.416,231.52,160.28,418.432,231.312,160.32,LC4,blue,dend[922],0.26372930265034644
720575940649229433,422.24,231.632,158.72,422.288,231.84,158.72,LC4,blue,dend[454],0.5788998653244602
720575940649229433,410.736,234.928,163.2,410.832,234.768,163.24,LC4,blue,dend[752],0.6612479533688236
720575940618312606,411.344,241.392,160.88,411.456,241.456,161.0,LC4,blue,dend[968],0.5756272416286613
720575940618312606,410.32,234.4,159.88,410.336,234.48,159.76,LC4,blue,dend[874],0.24664753199681924
720575940618312606,411.968,240.992,160.36,412.064,240.992,160.48,LC4,blue,dend[1024],0.9556612279779161
720575940627519107,422.224,232.192,159.76,422.144,232.032,159.72,LC4,blue,dend[613],0.5481339588645838
720575940627519107,425.296,231.152,159.6,425.248,231.12,159.52,LC4,blue,dend[444],0.8941478658716425
720575940627519107,415.296,233.632,160.52,415.296,233.392,160.48,LC4,blue,dend[883],0.1777161406944773
720575940627519107,424.976,231.552,159.68,424.896,231.344,159.6,LC4,blue,dend[444],0.6679862039005033
720575940627519107,424.192,231.808,159.52,424.096,231.648,159.64,LC4,blue,dend[447],0.6984599092905522
720575940627519107,418.48,233.584,160.52,418.384,233.792,160.44,LC4,blue,dend[931],0.4672143343617497
720575940627519107,415.136,233.68,160.64,415.04,233.488,160.64,LC4,blue,dend[881],0.6196271169148282
720575940627519107,419.008,233.328,160.36,419.184,233.344,160.44,LC4,blue,dend[1038],0.23931677786384997
720575940640612480,422.256,232.0,160.48,422.192,232.016,160.32,LC4,blue,dend[613],0.7490857218438203
720575940640612480,422.448,231.888,160.36,422.368,231.92,160.24,LC4,blue,dend[613],0.6347129184918372
720575940626916936,413.968,242.384,160.8,413.92,242.288,160.64,LC4,blue,dend[965],0.5904241304446156
720575940626916936,418.224,239.408,160.28,418.32,239.472,160.4,LC4,blue,dend[1028],0.2566372665315799
720575940626916936,412.368,243.248,160.92,412.272,243.072,160.84,LC4,blue,dend[967],1.0
720575940628064260,415.952,236.032,160.2,415.888,236.16,160.28,LC4,blue,dend[936],0.8817744509893364
720575940626916936,418.672,239.968,159.84,418.816,240.128,159.8,LC4,blue,dend[1028],0.5379592310636796
720575940626916936,409.92,235.44,160.8,410.112,235.488,160.84,LC4,blue,dend[872],0.2517113796529323
720575940625991043,415.6,232.688,158.84,415.568,232.88,158.76,LC4,blue,dend[887],0.35977689376802713
720575940630484495,413.92,243.376,159.88,413.968,243.536,160.0,LC4,blue,dend[971],0.10630133477416634
720575940630484495,410.64,243.728,160.88,410.496,243.696,160.88,LC4,blue,dend[1023],0.9012397638878701
720575940630484495,410.496,243.728,161.04,410.4,243.76,160.96,LC4,blue,dend[1023],0.9502467068832362
720575940630484495,409.808,235.264,161.68,409.936,235.376,161.6,LC4,blue,dend[770],1.0
720575940612580977,416.736,238.768,159.96,416.656,238.88,160.12,LC4,blue,dend[1035],0.4567454795862922
720575940612580977,416.688,239.168,159.72,416.736,239.344,159.8,LC4,blue,dend[1035],0.6568560236548894
720575940628081541,421.968,230.768,159.6,422.016,230.656,159.68,LC4,blue,dend[449],0.7416423290910612
720575940617266722,410.272,241.264,162.16,410.304,241.408,162.0,LC4,blue,dend[968],0.9751807246662091
720575940628081541,422.368,231.216,159.6,422.48,231.2,159.72,LC4,blue,dend[449],0.4221605681632281
720575940628081541,416.112,232.416,161.4,416.144,232.56,161.52,LC4,blue,dend[740],0.6281394321400418
720575940628081541,414.864,233.872,159.6,414.64,233.84,159.6,LC4,blue,dend[884],0.6772273919833376
720575940628081541,416.416,232.512,161.48,416.272,232.608,161.56,LC4,blue,dend[740],0.5839438337215063
720575940628081541,422.272,231.536,159.68,422.416,231.648,159.8,LC4,blue,dend[613],0.42866948086073825
720575940628081541,415.264,233.216,158.92,415.216,233.152,158.8,LC4,blue,dend[887],0.2160825873216131
720575940628081541,415.488,232.992,159.04,415.536,232.864,159.0,LC4,blue,dend[887],0.31623576797197267
720575940630851036,424.544,231.072,159.72,424.336,231.024,159.64,LC4,blue,dend[444],0.30658331201043004
720575940630851036,425.008,231.136,159.52,425.12,231.248,159.56,LC4,blue,dend[444],0.811281318226551
720575940630851036,412.8,235.28,162.24,412.752,235.056,162.28,LC4,blue,dend[746],0.42981928388506213
720575940630851036,416.864,239.488,159.36,416.912,239.376,159.4,LC4,blue,dend[1035],0.8309925688657854
720575940613256863,413.136,231.056,159.8,413.312,230.992,159.64,LC4,blue,dend[749],0.5753071569424907
720575940630998339,416.992,235.248,161.6,417.152,235.392,161.6,LC4,blue,dend[934],0.40474415882897874
720575940620795728,413.136,233.184,160.36,413.152,233.104,160.52,LC4,blue,dend[749],0.04216470000128898
720575940620795728,416.4,236.112,161.12,416.448,236.272,161.08,LC4,blue,dend[934],0.9486673890950578
720575940620795728,424.576,234.224,158.88,424.464,234.432,158.88,LC4,blue,dend[610],0.4998452932399604
720575940614572742,418.656,229.52,159.96,418.448,229.584,159.92,LC4,blue,dend[922],0.9631934244710084
720575940618807105,422.896,236.496,158.72,423.12,236.576,158.72,LC4,blue,dend[523],0.7082826175998782
720575940618807105,410.352,234.944,159.76,410.4,234.736,159.8,LC4,blue,dend[872],0.925924225210308
720575940615127227,415.424,233.888,161.84,415.296,233.664,161.8,LC4,blue,dend[742],1.0
720575940615127227,411.36,234.608,162.32,411.312,234.8,162.28,LC4,blue,dend[752],0.27318394205571844
720575940615127227,417.76,233.936,160.04,417.952,233.984,160.08,LC4,blue,dend[931],0.9374678656549043
720575940618723749,414.304,234.96,159.8,414.416,234.832,159.92,LC4,blue,dend[885],0.9078960649753677
720575940613260959,410.816,234.944,161.76,410.8,234.864,161.68,LC4,blue,dend[765],0.35779696786062504
720575940613260959,414.48,234.512,160.0,414.512,234.544,159.84,LC4,blue,dend[885],0.6911423439343505
720575940613260959,412.192,234.688,161.36,412.048,234.528,161.24,LC4,blue,dend[747],1.0
720575940613260959,413.952,234.112,160.44,414.016,233.936,160.48,LC4,blue,dend[884],0.1073287602255396
720575940613260959,423.776,230.512,159.48,423.936,230.544,159.64,LC4,blue,dend[442],1.0
720575940613260959,412.256,234.912,161.8,412.336,234.752,161.84,LC4,blue,dend[745],0.994635064576376
720575940618002644,414.96,234.688,159.4,414.88,234.448,159.36,LC4,blue,dend[884],0.9356399934777172
720575940638456227,412.208,233.904,160.56,412.4,233.888,160.56,LC4,blue,dend[748],0.6146876692587108
720575940638456227,411.776,235.712,160.44,411.552,235.824,160.52,LC4,blue,dend[876],0.756703944662529
720575940622939836,413.12,232.24,160.52,413.296,232.224,160.36,LC4,blue,dend[749],0.2451433140838532
720575940622939836,419.392,232.912,160.96,419.36,233.088,160.76,LC4,blue,dend[929],0.9169130495247932
720575940622939836,421.632,232.112,160.56,421.792,232.096,160.44,LC4,blue,dend[613],0.9751939613112843
720575940622939836,412.544,232.56,160.88,412.512,232.736,161.0,LC4,blue,dend[750],0.7863619020157787
720575940622939836,415.184,233.136,160.48,415.072,233.264,160.44,LC4,blue,dend[881],0.9835374965095149
720575940622939836,418.224,232.928,161.12,418.256,233.152,161.04,LC4,blue,dend[1037],0.8891419474915194
720575940622939836,415.456,233.2,160.52,415.44,233.36,160.44,LC4,blue,dend[883],0.3506903356152032
720575940618676440,413.872,244.288,159.6,413.712,244.368,159.64,LC4,blue,dend[974],0.8173855835881366
720575940618676440,415.536,244.064,159.08,415.728,244.096,159.12,LC4,blue,dend[971],0.5894273395413515
720575940618676440,413.68,244.368,159.28,413.744,244.512,159.36,LC4,blue,dend[974],1.0
720575940618676440,410.224,243.904,160.92,410.384,243.776,160.96,LC4,blue,dend[1023],0.9561004969544817
720575940618676440,413.584,244.304,159.36,413.616,244.448,159.44,LC4,blue,dend[974],0.9781414728938687
720575940634517856,412.032,236.64,160.12,411.936,236.576,160.04,LC4,blue,dend[878],0.5029196721866471
720575940634517856,424.688,234.208,159.12,424.688,234.416,159.08,LC4,blue,dend[610],0.715428195607611
720575940634517856,411.296,236.288,160.64,411.248,236.272,160.52,LC4,blue,dend[877],0.3767264788111787
720575940634517856,410.704,236.848,160.76,410.72,236.768,160.64,LC4,blue,dend[877],0.9886004313712433
720575940628462340,416.032,233.104,160.16,415.824,233.168,160.2,LC4,blue,dend[883],0.8900172437132131
720575940634517856,411.328,236.096,160.8,411.248,235.872,160.8,LC4,blue,dend[876],0.4543992512262207
720575940634517856,412.096,236.832,160.04,411.936,236.8,159.96,LC4,blue,dend[878],0.7013653272288203
720575940634517856,411.376,236.272,160.6,411.344,236.208,160.48,LC4,blue,dend[877],0.27362347335914305
720575940628462340,417.472,232.4,162.0,417.536,232.192,162.0,LC4,blue,dend[631],0.5170907769083001
720575940626605200,420.32,233.6,159.84,420.24,233.44,159.88,LC4,blue,dend[1038],0.9021287032217506
720575940628699560,411.744,237.2,160.04,411.856,237.12,160.12,LC4,blue,dend[878],0.9331419667030552
720575940628699560,411.968,240.832,160.6,412.048,240.976,160.48,LC4,blue,dend[1024],0.9670973583984576
720575940620903551,416.512,237.28,161.2,416.72,237.28,161.32,LC4,blue,dend[961],0.3516441194982259
720575940605598892,421.664,246.336,150.76,421.824,246.448,150.72,LC4,blue,dend[560],0.9794536024031362
720575940615053580,413.728,246.272,152.12,413.552,246.512,152.16,LC4,blue,dend[1011],0.9966579037919259
720575940615053580,413.792,246.624,150.8,413.648,246.768,150.84,LC4,blue,dend[1012],0.8778146010971956
720575940628064260,413.888,246.72,150.28,413.776,246.88,150.56,LC4,blue,dend[1013],0.20399917529862818
720575940616713355,414.848,246.32,152.44,414.752,246.528,152.52,LC4,blue,dend[1015],0.9096191291818853
720575940630851036,413.152,246.72,152.12,413.216,246.624,152.2,LC4,blue,dend[1011],0.7213451216726494
720575940630851036,412.224,246.56,152.2,412.032,246.576,152.24,LC4,blue,dend[1016],0.30670983983584915
720575940630851036,413.552,246.784,151.52,413.696,246.672,151.44,LC4,blue,dend[1012],0.46752710663376573
720575940618676440,410.56,245.936,151.2,410.464,246.048,151.24,LC4,blue,dend[1020],0.6169452919514461
720575940618676440,411.664,246.064,151.68,411.536,246.32,151.6,LC4,blue,dend[1016],0.9661860893585629
720575940628699560,413.136,246.944,150.52,413.296,246.96,150.64,LC4,blue,dend[1014],1.0
720575940610522009,410.752,246.192,151.36,410.64,246.224,151.4,LC4,blue,dend[1020],0.4473866361704649
720575940622939836,413.648,245.824,154.96,413.552,245.632,154.88,LC4,blue,dend[1001],0.920260239212147
720575940622939836,410.416,247.168,154.48,410.512,247.264,154.32,LC4,blue,dend[1005],0.16749217540146688
720575940625991043,428.096,227.632,156.96,427.92,227.616,157.12,LC4,blue,dend[1225],0.25334338442454113
720575940624111763,433.52,236.32,138.08,433.408,236.48,138.12,LC4,blue,dend[1169],0.09443143390154782
720575940625991043,433.168,237.024,136.12,433.28,237.008,136.24,LC4,blue,dend[1169],0.3533245881756005
720575940625991043,432.48,237.536,136.4,432.672,237.568,136.44,LC4,blue,dend[1169],0.40272367978738743
720575940625991043,432.56,237.392,136.44,432.736,237.456,136.44,LC4,blue,dend[1169],0.39126762995380876
720575940620795728,433.488,237.12,136.48,433.28,237.216,136.44,LC4,blue,dend[1169],0.34571302766015777
720575940620795728,433.504,236.928,136.24,433.28,237.008,136.24,LC4,blue,dend[1169],0.3533245881756005
720575940620795728,433.184,237.424,137.08,433.232,237.232,137.12,LC4,blue,dend[1169],0.27200402351685793
720575940614572742,432.976,237.184,136.8,433.104,237.312,136.68,LC4,blue,dend[1169],0.33448644839256725
720575940612518055,430.656,234.352,142.0,430.448,234.384,142.12,LC4,blue,dend[1163],0.27005310169053115
720575940633580384,430.032,233.776,142.6,430.016,233.968,142.68,LC4,blue,dend[1163],0.21215839970316452
720575940631338271,433.744,233.792,143.2,433.776,233.888,143.12,LC4,blue,dend[1174],0.6062138918387627
720575940617176321,433.328,234.64,140.32,433.44,234.864,140.28,LC4,blue,dend[1165],0.7985914828689012
720575940629753807,432.176,236.672,139.16,432.304,236.752,139.08,LC4,blue,dend[1172],0.9300102451688234
720575940629753807,433.664,234.768,140.08,433.472,234.912,140.04,LC4,blue,dend[1165],0.878261021095304
720575940619397542,432.672,233.696,142.88,432.56,233.808,142.8,LC4,blue,dend[1164],0.7048897490570687
720575940627519107,433.264,234.768,141.6,433.216,234.96,141.52,LC4,blue,dend[1165],0.4144583556000188
720575940640612480,434.16,233.568,143.32,434.176,233.792,143.32,LC4,blue,dend[1174],0.9004101360663214
720575940628064260,429.632,236.416,141.12,429.616,236.576,141.04,LC4,blue,dend[1163],0.6573624260386586
720575940628064260,433.616,234.8,139.48,433.584,234.928,139.64,LC4,blue,dend[1167],0.6878568833026257
720575940612580977,433.2,234.752,142.36,433.04,234.784,142.28,LC4,blue,dend[1165],0.15880436518638502
720575940628081541,433.184,236.656,138.32,433.296,236.448,138.32,LC4,blue,dend[1169],0.07513437339935261
720575940620795728,432.016,236.928,138.92,432.192,236.832,139.0,LC4,blue,dend[1172],1.0
720575940614572742,429.36,236.4,140.8,429.584,236.464,140.92,LC4,blue,dend[1163],0.651407784848915
720575940618807105,432.704,234.72,139.56,432.768,234.944,139.6,LC4,blue,dend[1166],0.45677157878338887
720575940618807105,429.92,235.264,141.32,430.112,235.312,141.44,LC4,blue,dend[1163],0.4450784397742199
720575940615127227,432.768,234.864,139.32,432.72,234.944,139.52,LC4,blue,dend[1166],0.5083560705104383
720575940613260959,433.568,235.776,139.12,433.456,235.728,138.96,LC4,blue,dend[1168],0.6124608378284495
720575940618002644,430.0,234.16,142.36,430.224,234.176,142.4,LC4,blue,dend[1163],0.24157704309905847
720575940628462340,429.664,236.768,141.32,429.616,236.768,141.12,LC4,blue,dend[1163],0.6775802510002513
720575940615462587,433.04,235.2,139.84,433.024,235.04,139.72,LC4,blue,dend[1165],0.9807755705729752
720575940615462587,430.224,235.184,141.72,430.208,235.184,141.52,LC4,blue,dend[1163],0.41875543473872545
720575940628462340,429.568,238.304,140.8,429.552,238.336,140.96,LC4,blue,dend[1163],0.8903153994350546
720575940615462587,433.76,235.488,138.96,433.504,235.728,138.84,LC4,blue,dend[1168],0.6426821416044847
720575940615462587,433.84,235.232,139.4,433.744,235.072,139.36,LC4,blue,dend[1173],0.1829155935047598
720575940626605200,430.56,235.216,141.4,430.4,235.088,141.48,LC4,blue,dend[1163],0.397335504604838
720575940620903551,433.024,235.184,141.16,433.232,235.056,141.2,LC4,blue,dend[1165],0.5228516708606589
720575940610522009,430.24,233.936,143.32,430.096,233.872,143.32,LC4,blue,dend[1163],0.16067293740403535
720575940615575007,434.912,235.952,145.48,434.976,235.744,145.52,LC4,blue,dend[1157],0.25276842878760886
720575940633580384,430.496,233.376,143.56,430.656,233.44,143.6,LC4,blue,dend[1163],0.057390498576395686
720575940615575007,434.32,235.68,145.96,434.336,235.472,145.96,LC4,blue,dend[1157],0.04118644577597592
720575940631338271,437.376,235.648,144.56,437.152,235.6,144.64,LC4,blue,dend[1157],0.8710145921742958
720575940626626895,432.512,232.4,146.28,432.608,232.544,146.32,LC4,blue,dend[1178],0.8938031859600495
720575940626626895,432.064,232.64,146.36,432.016,232.848,146.36,LC4,blue,dend[1154],1.0
720575940626626895,432.048,232.48,145.84,431.92,232.624,145.8,LC4,blue,dend[1161],0.40089724038262226
720575940617176321,433.344,234.912,145.8,433.216,234.944,145.96,LC4,blue,dend[1155],0.7317665093124723
720575940617176321,437.104,236.0,145.24,437.168,235.824,145.2,LC4,blue,dend[1157],0.8785196630533434
720575940638496720,432.016,233.696,146.16,431.92,233.84,146.24,LC4,blue,dend[1155],0.20266468145206587
720575940627519107,436.896,229.984,147.72,436.736,229.84,147.8,LC4,blue,dend[1136],0.91373456816548
720575940630484495,431.6,232.56,146.76,431.6,232.768,146.76,LC4,blue,dend[1154],0.6762535173643905
720575940617026260,431.456,232.64,147.24,431.584,232.544,147.36,LC4,blue,dend[1154],0.26580089640680127
720575940617026260,431.616,232.64,145.68,431.744,232.592,145.76,LC4,blue,dend[1161],0.394810779923283
720575940617026260,432.16,232.704,145.12,432.128,232.528,145.12,LC4,blue,dend[1162],0.10565614789763376
720575940617026260,431.248,232.992,146.08,431.264,232.88,146.0,LC4,blue,dend[1161],0.0308817330617946
720575940617266722,432.992,235.2,145.84,433.168,235.056,145.96,LC4,blue,dend[1155],0.7420789685609895
720575940630998339,434.912,234.272,146.08,434.848,234.496,146.16,LC4,blue,dend[1156],0.2976744888031168
720575940625934973,432.64,231.52,145.68,432.576,231.408,145.56,LC4,blue,dend[1177],0.4698353841671266
720575940625934973,432.224,232.176,145.16,432.256,232.288,145.32,LC4,blue,dend[1161],0.992879931658795
720575940618676440,431.936,234.048,146.32,432.064,233.952,146.24,LC4,blue,dend[1155],0.258224614534407
720575940618676440,431.712,233.744,146.44,431.744,233.584,146.36,LC4,blue,dend[1155],0.10724909907116978
720575940624017251,435.36,235.744,145.16,435.504,235.888,145.16,LC4,blue,dend[1157],0.4208573839607693
720575940628699560,432.48,232.816,146.28,432.304,232.736,146.36,LC4,blue,dend[1178],0.48488472297912594
720575940620903551,431.632,231.904,147.88,431.472,231.888,148.0,LC4,blue,dend[1153],0.34219461392189293
720575940612518055,427.68,240.288,153.52,427.664,240.096,153.6,LC4,blue,dend[576],0.102335493568292
720575940612518055,432.304,232.656,152.44,432.288,232.896,152.44,LC4,blue,dend[1117],0.11384718299456631
720575940625038090,427.68,230.8,153.52,427.648,230.608,153.48,LC4,blue,dend[1108],0.43153596589913834
720575940612518055,432.064,232.112,151.64,431.904,232.208,151.52,LC4,blue,dend[1119],0.8168036306042841
720575940612518055,431.216,233.088,149.32,431.136,233.248,149.32,LC4,blue,dend[1151],0.682935094585964
720575940615575007,429.664,234.592,151.68,429.664,234.464,151.56,LC4,blue,dend[1183],0.47421806448105247
720575940615575007,431.328,233.248,152.16,431.408,233.104,152.12,LC4,blue,dend[1118],0.551438976213637
720575940631338271,432.752,232.064,151.0,432.528,231.936,150.92,LC4,blue,dend[1120],0.3611206218134919
720575940631338271,431.6,232.768,151.32,431.472,232.688,151.2,LC4,blue,dend[1149],0.1465490156505918
720575940631338271,430.656,233.52,149.4,430.432,233.36,149.28,LC4,blue,dend[1179],0.1441584689374473
720575940611134833,431.184,235.936,152.36,431.312,235.888,152.36,LC4,blue,dend[1184],0.656040763962578
720575940611134833,431.136,235.664,151.96,430.944,235.632,152.04,LC4,blue,dend[1184],0.4597334890671694
720575940626626895,432.832,233.744,152.32,432.912,233.616,152.32,LC4,blue,dend[1117],0.46703766070039465
720575940617176321,430.72,235.808,152.08,430.88,235.776,152.0,LC4,blue,dend[1184],0.47570113493649824
720575940629753807,431.984,232.272,151.08,431.904,232.128,151.2,LC4,blue,dend[1120],0.12317182318943601
720575940629753807,432.384,232.176,150.84,432.464,231.952,150.88,LC4,blue,dend[1120],0.34344596873300304
720575940640612480,435.648,233.568,152.84,435.568,233.632,153.0,LC4,blue,dend[1186],0.8739366213236589
720575940640612480,435.84,233.664,152.88,435.856,233.792,152.96,LC4,blue,dend[1186],0.9350162061909747
720575940640612480,434.144,230.512,148.84,434.256,230.64,148.88,LC4,blue,dend[1134],0.6639786250399989
720575940628064260,433.312,234.336,151.92,433.248,234.336,151.76,LC4,blue,dend[1117],0.8015633276956973
720575940628064260,433.424,233.904,151.92,433.232,233.904,152.0,LC4,blue,dend[1117],0.6541099255449705
720575940626916936,430.32,233.6,149.28,430.24,233.44,149.28,LC4,blue,dend[1179],0.23820758484108379
720575940628064260,434.4,231.408,151.0,434.416,231.264,150.88,LC4,blue,dend[1143],0.767081283976412
720575940617026260,429.84,234.288,148.8,429.68,234.096,148.84,LC4,blue,dend[1179],0.5963368414965755
720575940616713355,426.912,239.952,153.44,427.072,239.936,153.52,LC4,blue,dend[574],0.9452408407706601
720575940612580977,428.608,234.544,148.6,428.72,234.368,148.56,LC4,blue,dend[1179],1.0
720575940628081541,428.112,230.944,151.76,427.984,231.008,151.72,LC4,blue,dend[1108],0.9862343742942131
720575940617266722,431.376,233.248,150.32,431.296,233.12,150.32,LC4,blue,dend[1149],0.758688661676082
720575940628081541,427.616,230.432,153.4,427.632,230.624,153.36,LC4,blue,dend[1108],0.4650168215897687
720575940617266722,429.184,234.48,148.72,429.072,234.32,148.6,LC4,blue,dend[1179],0.9181351431261833
720575940630851036,431.648,236.416,152.48,431.76,236.24,152.36,LC4,blue,dend[1184],0.8618373382590923
720575940614572742,427.488,230.832,152.36,427.648,230.736,152.32,LC4,blue,dend[1108],0.7666639359045465
720575940614572742,427.568,230.368,152.2,427.632,230.528,152.08,LC4,blue,dend[1108],0.8156613531693377
720575940614572742,427.616,231.04,152.12,427.696,230.88,152.2,LC4,blue,dend[1108],0.8161188859591663
720575940614572742,427.456,230.528,152.96,427.648,230.608,152.96,LC4,blue,dend[1108],0.5771336704216836
720575940615127227,428.672,239.184,152.68,428.784,239.2,152.84,LC4,blue,dend[588],0.4300262262980992
720575940618723749,435.104,232.4,151.2,434.992,232.208,151.32,LC4,blue,dend[1147],0.9300135229574144
720575940618723749,431.52,231.184,148.52,431.712,231.2,148.56,LC4,blue,dend[1153],0.7806036303259923
720575940618676440,429.536,234.768,151.12,429.632,234.816,151.2,LC4,blue,dend[1183],0.7599493848357427
720575940618676440,434.08,230.848,149.16,434.16,230.672,149.2,LC4,blue,dend[1134],0.44638202070201966
720575940618676440,429.424,234.352,151.64,429.616,234.384,151.6,LC4,blue,dend[1183],0.45713297316715135
720575940634517856,434.8,233.04,153.2,434.608,233.104,153.12,LC4,blue,dend[1186],0.6714523227546093
720575940624017251,428.912,239.632,152.92,428.752,239.536,153.0,LC4,blue,dend[588],0.21334253180889415
720575940628699560,430.288,234.48,151.64,430.208,234.432,151.76,LC4,blue,dend[1182],0.8677000595558116
720575940628699560,429.968,234.656,151.32,429.808,234.56,151.32,LC4,blue,dend[1183],0.5345089310862373
720575940620903551,431.552,233.456,150.0,431.344,233.456,150.0,LC4,blue,dend[1150],0.8982319922294475
720575940610522009,431.168,233.024,151.0,431.296,232.864,150.96,LC4,blue,dend[1149],0.3621148755583872
720575940614914107,427.168,230.656,156.48,427.296,230.448,156.48,LC4,blue,dend[1102],0.8145223871623649
720575940614914107,429.6,230.336,156.48,429.776,230.368,156.52,LC4,blue,dend[1110],0.6264657138212718
720575940632769180,427.616,231.04,158.0,427.76,230.928,157.92,LC4,blue,dend[1102],0.15984923421288544
720575940632769180,427.984,230.0,157.96,427.984,229.888,158.12,LC4,blue,dend[1109],0.8961627918279533
720575940632769180,429.632,229.488,157.28,429.664,229.728,157.32,LC4,blue,dend[1110],0.2922421293168717
720575940611134833,431.424,234.592,155.24,431.248,234.496,155.2,LC4,blue,dend[1188],0.8681109489355365
720575940611134833,430.768,234.864,155.92,430.512,234.896,155.92,LC4,blue,dend[1189],0.9016969367944755
720575940611134833,427.28,235.92,156.16,427.328,235.744,156.12,LC4,blue,dend[607],0.8968570993450482
720575940626626895,425.984,240.224,154.64,425.872,240.096,154.64,LC4,blue,dend[572],0.962781479327269
720575940617176321,427.104,239.056,153.84,427.296,239.024,153.88,LC4,blue,dend[590],0.8221708422823262
720575940617176321,426.16,239.584,153.96,425.984,239.664,153.92,LC4,blue,dend[596],0.3258401876147411
720575940649229433,426.88,229.728,154.72,426.928,229.904,154.8,LC4,blue,dend[1106],0.996805559920009
720575940618312606,433.168,233.44,154.08,433.024,233.552,154.12,LC4,blue,dend[1186],0.3216691609593297
720575940640612480,427.984,230.784,157.72,427.872,230.688,157.8,LC4,blue,dend[1102],0.1929792931271071
720575940640612480,428.448,230.32,157.84,428.288,230.288,158.0,LC4,blue,dend[1102],0.052058379610499736
720575940640612480,429.008,230.208,157.76,429.184,230.096,157.84,LC4,blue,dend[1110],0.1429169729680502
720575940640612480,430.016,230.08,156.96,429.808,230.016,157.0,LC4,blue,dend[1110],0.45144976990465807
720575940640612480,427.872,230.672,157.28,427.728,230.512,157.24,LC4,blue,dend[1102],0.4439308193210134
720575940628064260,430.192,232.432,154.36,430.256,232.672,154.28,LC4,blue,dend[1114],0.7509332961034751
720575940626916936,428.576,231.776,155.36,428.656,231.84,155.32,LC4,blue,dend[1193],1.0
720575940626916936,428.304,231.888,155.4,428.336,232.112,155.48,LC4,blue,dend[1195],0.8905847921332274
720575940625991043,427.76,229.648,156.28,427.92,229.76,156.24,LC4,blue,dend[1103],0.0012952329454480258
720575940616713355,427.376,239.264,153.72,427.504,239.424,153.76,LC4,blue,dend[574],1.0
720575940616713355,427.36,238.768,153.64,427.296,238.832,153.84,LC4,blue,dend[590],1.0
720575940628454522,431.472,231.888,156.56,431.312,232.032,156.44,LC4,blue,dend[1196],0.551134160689689
720575940628454522,426.352,231.056,154.64,426.528,230.896,154.56,LC4,blue,dend[1107],0.8956555781817004
720575940628454522,431.424,231.008,156.8,431.248,230.864,156.76,LC4,blue,dend[1201],0.3847252551488183
720575940628454522,426.528,231.072,155.64,426.688,231.056,155.76,LC4,blue,dend[1105],0.8275786430482103
720575940612580977,431.296,232.208,156.08,431.28,232.064,156.24,LC4,blue,dend[1196],0.501417753214785
720575940612580977,431.28,232.128,155.96,431.168,231.904,156.04,LC4,blue,dend[1196],0.3702700441435318
720575940628081541,427.776,230.32,153.84,427.808,230.464,153.88,LC4,blue,dend[1108],0.32201551382466076
720575940628081541,426.864,230.272,155.16,427.04,230.224,155.16,LC4,blue,dend[1106],0.5254105053037876
720575940630851036,428.096,229.808,156.28,427.92,229.808,156.24,LC4,blue,dend[1103],0.0009064717948744244
720575940630998339,428.16,232.24,155.36,428.32,232.112,155.48,LC4,blue,dend[1195],0.9089731390354188
720575940620795728,431.024,231.632,156.16,431.04,231.824,156.2,LC4,blue,dend[1196],0.35259479025995455
720575940620795728,426.64,234.352,158.16,426.688,234.56,158.16,LC4,blue,dend[526],0.9920177730083006
720575940620795728,429.776,232.176,155.6,429.968,232.16,155.64,LC4,blue,dend[1112],1.0
720575940620795728,432.688,230.688,155.68,432.592,230.512,155.64,LC4,blue,dend[1202],0.6558853236921723
720575940622531767,430.784,231.776,154.76,430.816,231.92,154.88,LC4,blue,dend[1113],0.4798908017739669
720575940622531767,430.56,231.568,155.12,430.656,231.696,155.2,LC4,blue,dend[1113],0.2569009298578159
720575940618807105,432.768,230.144,155.92,432.656,230.304,155.84,LC4,blue,dend[1202],0.5968630654001864
720575940614572742,427.952,231.136,158.0,427.792,230.944,157.92,LC4,blue,dend[1102],0.15682291821638075
720575940614572742,430.048,229.888,157.28,429.808,229.904,157.24,LC4,blue,dend[1110],0.3728722235742706
720575940618807105,428.448,231.184,155.04,428.576,231.392,154.96,LC4,blue,dend[1194],1.0
720575940618807105,430.112,230.56,155.92,430.224,230.768,155.96,LC4,blue,dend[1110],0.9239534209587729
720575940614572742,431.088,231.12,156.96,431.136,230.944,156.84,LC4,blue,dend[1201],0.3144369941789033
720575940614572742,427.488,230.592,157.52,427.696,230.576,157.56,LC4,blue,dend[1102],0.3118744554506496
720575940615127227,432.048,233.616,154.0,432.016,233.424,154.16,LC4,blue,dend[1186],0.1285200195232878
720575940625934973,428.464,230.128,155.52,428.224,230.096,155.52,LC4,blue,dend[1103],0.8659856306792058
720575940625934973,432.112,232.0,153.88,432.0,232.208,153.92,LC4,blue,dend[1192],0.9362636509314983
720575940613260959,429.568,234.928,156.36,429.728,234.8,156.32,LC4,blue,dend[1190],0.9093612218790272
720575940613260959,430.08,234.928,156.24,429.936,234.8,156.16,LC4,blue,dend[1190],0.5979894724912613
720575940613260959,426.544,235.36,155.64,426.688,235.408,155.64,LC4,blue,dend[607],0.45564714773471604
720575940618002644,431.888,232.256,154.08,431.968,232.24,153.92,LC4,blue,dend[1192],0.8856748130324769
720575940618002644,431.936,232.544,153.88,431.92,232.352,153.88,LC4,blue,dend[1192],0.7665261761445649
720575940618002644,432.32,230.48,155.72,432.56,230.464,155.72,LC4,blue,dend[1202],0.6025913882319216
720575940622939836,433.856,229.904,156.56,433.68,229.808,156.64,LC4,blue,dend[1204],0.14759801570095804
720575940622939836,430.768,231.536,155.68,430.64,231.376,155.68,LC4,blue,dend[1111],0.7380722347185289
720575940622939836,430.08,232.352,155.6,430.016,232.208,155.68,LC4,blue,dend[1113],0.005421825959238598
720575940618676440,426.208,235.248,155.08,426.112,235.184,155.2,LC4,blue,dend[606],1.0
720575940615462587,430.496,232.848,154.08,430.48,232.704,154.16,LC4,blue,dend[1114],0.5761842631319254
720575940615462587,426.848,240.304,154.76,426.896,240.368,154.6,LC4,blue,dend[591],0.2501253298709459
720575940615462587,432.016,232.208,153.72,431.968,232.24,153.88,LC4,blue,dend[1192],0.89411729714974
720575940615462587,426.816,238.048,155.6,426.96,238.0,155.72,LC4,blue,dend[605],0.2974575529225281
720575940628462340,431.504,232.688,156.72,431.6,232.816,156.88,LC4,blue,dend[1197],0.11195864313977316
720575940628462340,427.056,230.784,154.76,426.944,230.592,154.64,LC4,blue,dend[1107],0.42830355155795546
720575940628462340,431.504,232.288,156.32,431.36,232.096,156.32,LC4,blue,dend[1196],0.5530472431614208
720575940628462340,427.824,230.048,155.64,428.016,230.112,155.68,LC4,blue,dend[1103],0.5315277947584173
720575940628462340,432.608,230.496,156.92,432.544,230.304,156.96,LC4,blue,dend[1203],0.3499936234644338
720575940628462340,430.688,232.288,156.32,430.8,232.096,156.36,LC4,blue,dend[1196],0.4162980514642199
720575940628462340,427.76,229.92,155.92,427.904,230.032,155.96,LC4,blue,dend[1103],0.20112104024641106
720575940615462587,430.16,233.024,154.28,430.096,232.832,154.28,LC4,blue,dend[1114],0.9031338124954725
720575940626605200,432.432,233.248,154.4,432.336,233.312,154.24,LC4,blue,dend[1186],0.17847244323252828
720575940626605200,431.184,230.176,156.16,431.36,230.192,156.2,LC4,blue,dend[1201],0.5337716761313578
720575940624017251,428.736,231.568,155.04,428.704,231.728,155.08,LC4,blue,dend[1194],0.3300852107260879
720575940626605200,432.544,233.6,154.16,432.688,233.488,154.12,LC4,blue,dend[1186],0.2575655999601721
720575940610522009,426.752,241.28,153.92,426.896,241.344,154.0,LC4,blue,dend[595],0.3515837079019385
720575940610522009,427.952,238.4,155.84,428.128,238.448,155.88,LC4,blue,dend[604],0.20302420861512696
720575940610171234,425.056,211.856,169.28,425.184,211.984,169.28,LC22,yellow,dend[2053],1.0
720575940610171234,424.864,211.952,169.56,425.04,211.904,169.56,LC22,yellow,dend[2054],0.46405784338983347
720575940624292244,425.184,211.952,169.68,425.04,211.904,169.6,LC22,yellow,dend[2054],0.48908294568317373
720575940624292244,425.472,211.92,169.24,425.28,212.0,169.16,LC22,yellow,dend[2053],0.9285271703227483
720575940635679327,423.056,211.84,178.48,422.896,211.888,178.36,LC22,yellow,dend[1964],0.9041424308819477
720575940631806671,423.312,222.64,173.16,423.392,222.88,173.16,LC22,yellow,dend[2317],1.0
720575940631806671,423.552,222.88,172.92,423.568,222.976,173.12,LC22,yellow,dend[2317],0.9904201969878386
720575940628228251,425.248,223.392,173.92,425.296,223.488,173.8,LC22,yellow,dend[2317],0.27657886107410296
720575940628228251,423.744,223.056,173.48,423.776,223.136,173.28,LC22,yellow,dend[2317],0.8843489918716881
720575940628228251,425.536,223.472,174.0,425.568,223.616,173.88,LC22,yellow,dend[2317],0.166371548292665
720575940627015430,424.112,223.536,172.44,423.952,223.568,172.44,LC22,yellow,dend[2317],0.9559468027330829
720575940620132999,424.8,217.648,169.4,424.896,217.568,169.56,LC22,yellow,dend[2063],0.9661786500797094
720575940620132999,424.704,217.264,169.4,424.864,217.168,169.52,LC22,yellow,dend[2063],0.662947271653344
720575940627419910,425.696,225.104,174.76,425.776,225.056,174.88,LC22,yellow,dend[2289],0.8118633382245746
720575940647068451,423.696,221.008,178.28,423.84,220.8,178.28,LC22,yellow,dend[1909],0.8916102611714154
720575940619590241,424.208,214.096,174.56,424.416,214.176,174.52,LC22,yellow,dend[1921],0.2279837724491628
720575940623567459,420.752,215.136,178.6,420.704,215.04,178.4,LC22,yellow,dend[1970],0.3955164650589954
720575940626392593,424.384,220.832,179.16,424.464,220.656,179.2,LC22,yellow,dend[1911],0.5850358564175795
720575940611628145,425.28,225.056,175.44,425.296,225.28,175.4,LC22,yellow,dend[2290],0.25105115540306255
720575940611628145,425.616,224.288,174.52,425.776,224.4,174.52,LC22,yellow,dend[2289],0.38988176790709406
720575940611628145,425.264,225.04,175.08,425.408,225.216,175.12,LC22,yellow,dend[2290],0.13419270756843024
720575940613439230,423.808,219.952,179.44,423.872,219.888,179.32,LC22,yellow,dend[1906],1.0
720575940613439230,424.08,219.584,179.76,424.096,219.408,179.72,LC22,yellow,dend[1912],0.40545718173684786
720575940620132999,426.192,205.456,170.2,426.368,205.6,170.16,LC22,yellow,dend[1788],0.8773981155977723
720575940610171234,434.8,219.824,165.68,434.576,219.808,165.64,LC22,yellow,dend[2416],0.9348164775066946
720575940620020390,433.664,217.328,168.4,433.712,217.44,168.32,LC22,yellow,dend[2383],0.5227461441131215
720575940620020390,434.064,216.528,168.56,434.288,216.464,168.64,LC22,yellow,dend[2384],0.7071321137285506
720575940620020390,434.048,217.104,167.96,434.16,217.232,168.04,LC22,yellow,dend[2383],0.19317599497996962
720575940624292244,432.272,219.744,165.96,432.304,219.696,166.16,LC22,yellow,dend[2417],0.7447179270917846
720575940613439230,427.056,213.456,168.48,427.168,213.536,168.64,LC22,yellow,dend[1749],0.41289870619845365
720575940613439230,434.928,216.944,167.56,434.784,216.896,167.68,LC22,yellow,dend[2380],0.9172031698400552
720575940621159302,436.08,220.544,167.68,436.08,220.768,167.56,LC22,yellow,dend[2349],0.3243825085881413
720575940627419910,441.408,227.488,171.64,441.312,227.344,171.56,LC22,yellow,dend[2133],0.7824589291148355
720575940627419910,439.504,226.576,172.68,439.568,226.352,172.6,LC22,yellow,dend[2126],0.8747552117413487
720575940628228251,426.464,223.776,173.84,426.336,223.952,173.76,LC22,yellow,dend[2316],0.7012155198917661
720575940628228251,426.432,223.92,174.0,426.336,224.08,173.96,LC22,yellow,dend[2288],1.0
720575940647068451,430.672,223.664,172.96,430.656,223.44,172.96,LC22,yellow,dend[2264],0.40462274576844265
720575940647068451,430.224,224.608,172.96,430.432,224.576,172.92,LC22,yellow,dend[2271],0.9072312272261688
720575940647068451,430.544,223.968,172.96,430.368,223.968,172.88,LC22,yellow,dend[2265],0.21315647159931114
720575940628228251,429.584,223.12,173.92,429.52,223.344,173.88,LC22,yellow,dend[2274],0.7895946969128678
720575940635437966,439.552,226.208,172.96,439.552,226.32,172.8,LC22,yellow,dend[2126],0.9816248614968957
720575940635437966,430.304,224.736,173.52,430.352,224.624,173.36,LC22,yellow,dend[2273],0.9672414868289548
720575940627015430,439.632,225.888,172.36,439.664,225.984,172.32,LC22,yellow,dend[2126],0.5691938709121066
720575940627015430,430.624,223.664,173.44,430.704,223.504,173.36,LC22,yellow,dend[2264],0.4450659041098333
720575940627015430,430.096,223.664,173.68,429.968,223.52,173.68,LC22,yellow,dend[2274],0.477280160273941
720575940623706365,429.872,223.696,172.24,430.016,223.744,172.4,LC22,yellow,dend[2265],0.9951253317622247
720575940623828884,440.944,226.976,171.8,440.896,227.024,171.64,LC22,yellow,dend[2131],0.8672318197156371
720575940623828884,440.944,226.096,172.08,440.832,225.968,172.12,LC22,yellow,dend[2145],0.8077222585405852
720575940640747683,430.848,222.784,173.04,430.896,222.752,172.92,LC22,yellow,dend[2263],0.3146276547980279
720575940640747683,426.08,223.712,173.56,426.112,223.84,173.72,LC22,yellow,dend[2316],1.0
720575940640747683,430.464,223.248,173.28,430.528,223.424,173.28,LC22,yellow,dend[2264],0.5337488448095113
720575940640747683,428.576,222.944,173.36,428.64,223.024,173.48,LC22,yellow,dend[2321],0.9626198906936994
720575940640747683,431.104,223.024,172.96,431.056,223.2,172.88,LC22,yellow,dend[2262],0.9058169068567545
720575940640747683,426.256,223.84,173.24,426.224,224.048,173.24,LC22,yellow,dend[2320],0.445482152777064
720575940640747683,429.952,223.424,173.08,430.032,223.6,173.08,LC22,yellow,dend[2264],1.0
720575940640747683,440.784,225.904,172.32,440.752,226.048,172.24,LC22,yellow,dend[2145],0.9189991347817588
720575940623434060,440.832,226.576,170.92,440.768,226.368,170.88,LC22,yellow,dend[2130],0.8918729556218499
720575940623434060,440.432,227.12,171.64,440.432,227.344,171.64,LC22,yellow,dend[2132],0.48437216009938333
720575940611201998,430.24,224.096,172.8,430.384,224.096,172.92,LC22,yellow,dend[2271],0.5543833895218796
720575940611201998,429.84,224.064,172.48,429.808,223.936,172.44,LC22,yellow,dend[2270],0.19954781247916745
720575940611201998,429.936,224.656,172.16,429.808,224.576,172.08,LC22,yellow,dend[2270],0.8146046135191979
720575940611201998,430.688,224.352,171.56,430.752,224.208,171.48,LC22,yellow,dend[2267],0.9078104054608177
720575940611201998,430.048,223.968,172.56,430.096,223.744,172.52,LC22,yellow,dend[2265],0.7793155915597778
720575940631806671,432.272,222.08,176.6,432.416,222.096,176.52,LC22,yellow,dend[2257],0.9166837360341047
720575940631806671,432.112,222.224,176.4,432.272,222.144,176.28,LC22,yellow,dend[2257],0.7392902201855015
720575940631806671,438.944,221.824,178.04,438.896,221.712,177.92,LC22,yellow,dend[2170],0.9597182671298806
720575940631806671,438.576,223.008,177.6,438.72,223.184,177.56,LC22,yellow,dend[2176],0.5905650829870883
720575940631806671,438.656,222.992,177.08,438.848,223.104,177.0,LC22,yellow,dend[2176],0.28464318966382
720575940631806671,438.272,221.152,178.72,438.128,221.232,178.68,LC22,yellow,dend[2174],0.6319086134158902
720575940627419910,426.24,225.824,174.4,426.128,225.936,174.44,LC22,yellow,dend[2315],0.561622075618284
720575940627419910,425.984,225.408,174.76,425.872,225.456,174.84,LC22,yellow,dend[2289],0.9536424636892119
720575940627419910,439.68,224.288,177.0,439.584,224.048,177.0,LC22,yellow,dend[2190],0.8643751498388124
720575940627419910,426.064,225.056,174.52,426.128,224.88,174.6,LC22,yellow,dend[2289],0.5476784676444009
720575940604268972,431.296,220.944,175.36,431.488,220.912,175.32,LC22,yellow,dend[2260],0.38839455573119774
720575940604268972,440.08,223.552,176.44,440.24,223.408,176.36,LC22,yellow,dend[2166],0.42868959585969735
720575940604268972,431.168,221.904,175.52,431.28,222.064,175.56,LC22,yellow,dend[2261],0.9437442064054612
720575940628228251,434.48,223.168,176.84,434.256,223.136,176.76,LC22,yellow,dend[2258],0.871877808712935
720575940628228251,429.392,223.152,174.36,429.44,223.328,174.28,LC22,yellow,dend[2274],1.0
720575940647068451,432.016,224.336,179.08,432.016,224.128,179.16,LC22,yellow,dend[1871],0.7087545867331305
720575940627015430,433.408,222.752,176.32,433.52,222.944,176.28,LC22,yellow,dend[2258],0.49062202465310567
720575940627015430,439.712,222.128,178.48,439.584,222.032,178.48,LC22,yellow,dend[2169],0.42885397068490116
720575940635437966,427.424,219.664,176.16,427.248,219.44,176.2,LC22,yellow,dend[1903],0.9201104313834726
720575940635437966,439.168,223.184,176.2,439.008,223.184,176.32,LC22,yellow,dend[2175],0.6845594962585433
720575940635437966,440.16,221.488,178.24,440.192,221.312,178.16,LC22,yellow,dend[2171],0.9247156079325839
720575940627015430,439.712,222.192,178.36,439.616,222.08,178.36,LC22,yellow,dend[2169],0.35215356097095885
720575940627015430,432.864,222.912,175.32,432.672,222.736,175.36,LC22,yellow,dend[2256],0.6856767848995797
720575940615071675,428.896,224.272,175.32,428.864,224.4,175.2,LC22,yellow,dend[2277],1.0
720575940616180881,432.688,222.528,175.56,432.64,222.72,175.56,LC22,yellow,dend[2256],0.9193618639667457
720575940616180881,431.584,222.016,175.48,431.504,222.0,175.36,LC22,yellow,dend[2261],0.450830506566892
720575940620020390,429.52,223.12,174.88,429.68,222.992,174.76,LC22,yellow,dend[2322],0.6506921848327314
720575940626392593,438.352,221.824,177.12,438.416,221.808,176.96,LC22,yellow,dend[2163],0.7493027991200325
720575940626392593,438.56,221.76,177.4,438.656,221.984,177.36,LC22,yellow,dend[2170],0.5672807857510793
720575940626392593,438.736,223.568,176.28,438.72,223.376,176.36,LC22,yellow,dend[2175],0.9126369220450109
720575940626392593,438.192,222.16,176.92,438.256,222.256,177.0,LC22,yellow,dend[2164],0.5146922055287916
720575940626392593,438.528,221.632,177.92,438.592,221.696,178.08,LC22,yellow,dend[2174],0.16275649391177424
720575940623828884,438.368,223.52,178.12,438.544,223.648,178.12,LC22,yellow,dend[2177],0.40653345186930057
720575940623828884,440.032,223.68,178.56,439.984,223.888,178.64,LC22,yellow,dend[2189],1.0
720575940623828884,432.16,222.448,175.88,432.352,222.368,175.92,LC22,yellow,dend[2257],0.37423451095191945
720575940623828884,431.616,221.216,176.04,431.696,221.024,176.04,LC22,yellow,dend[2260],0.518928110738169
720575940623828884,428.736,224.976,175.68,428.72,224.848,175.76,LC22,yellow,dend[2279],0.8165575968143385
720575940623828884,427.44,224.992,175.56,427.2,225.104,175.52,LC22,yellow,dend[2283],0.4687073130835795
720575940623828884,437.84,223.12,179.0,437.728,223.232,179.16,LC22,yellow,dend[2178],0.8147912254882299
720575940623828884,432.08,222.224,176.08,432.288,222.288,176.04,LC22,yellow,dend[2257],0.5022577420866702
720575940623828884,428.384,224.816,175.76,428.512,224.88,175.84,LC22,yellow,dend[2279],0.988294307343558
720575940623828884,429.024,224.688,175.08,428.976,224.48,175.16,LC22,yellow,dend[2279],0.07000599049862902
720575940623828884,439.072,223.552,177.96,438.976,223.648,177.84,LC22,yellow,dend[2176],0.9853085134844619
720575940626522440,432.032,223.984,179.04,432.016,224.112,179.16,LC22,yellow,dend[1871],0.7044005029784488
720575940611628145,434.256,223.168,176.56,434.208,223.152,176.72,LC22,yellow,dend[2258],0.852546271201836
720575940640747683,439.744,222.464,177.52,439.968,222.496,177.56,LC22,yellow,dend[2167],0.6323705670749739
720575940611628145,426.096,224.144,174.52,426.224,224.288,174.4,LC22,yellow,dend[2289],0.1877683603301216
720575940611628145,440.352,224.432,175.88,440.512,224.368,175.96,LC22,yellow,dend[2166],0.9489761548985772
720575940640747683,439.04,222.192,177.24,438.816,222.144,177.2,LC22,yellow,dend[2170],0.42501111919609136
720575940640747683,432.368,222.816,174.52,432.4,222.592,174.56,LC22,yellow,dend[2255],0.6732847783970811
720575940640747683,439.568,222.224,177.96,439.776,222.256,178.0,LC22,yellow,dend[2167],1.0
720575940611628145,429.472,223.968,174.36,429.424,223.808,174.2,LC22,yellow,dend[2274],0.9738481201752647
720575940611628145,428.752,224.048,174.6,428.672,224.144,174.48,LC22,yellow,dend[2277],0.3036278055864475
720575940611628145,433.888,223.792,176.6,433.824,223.696,176.72,LC22,yellow,dend[2258],0.8927898994714811
720575940640747683,439.952,223.136,176.64,440.048,223.008,176.68,LC22,yellow,dend[2166],0.15907779223758106
720575940620877147,440.08,224.304,178.56,439.856,224.256,178.6,LC22,yellow,dend[2189],0.6957670456597413
720575940631806671,428.8,220.864,180.2,428.832,220.928,180.0,LC22,yellow,dend[1874],0.36107469580542445
720575940631806671,428.912,220.816,180.2,429.024,220.848,180.08,LC22,yellow,dend[1866],0.769343853442374
720575940631806671,428.432,219.424,180.8,428.464,219.536,180.72,LC22,yellow,dend[1888],0.5378468406779428
720575940631806671,428.704,219.616,180.84,428.688,219.408,180.68,LC22,yellow,dend[1888],0.3980979928788467
720575940631806671,428.192,219.888,181.16,428.0,219.792,181.2,LC22,yellow,dend[1888],0.8946768914017244
720575940631806671,428.16,218.4,180.8,428.08,218.272,180.68,LC22,yellow,dend[1892],0.8034319414000719
720575940650869238,431.52,222.704,179.76,431.344,222.72,179.68,LC22,yellow,dend[1871],0.20687201108729059
720575940627419910,431.264,222.448,179.48,431.296,222.528,179.68,LC22,yellow,dend[1871],0.14844778902431038
720575940627419910,430.304,221.568,179.88,430.32,221.44,180.0,LC22,yellow,dend[1869],0.3213948326397875
720575940627419910,432.0,221.392,179.64,431.968,221.552,179.76,LC22,yellow,dend[1872],0.9194535630662242
720575940604268972,428.992,219.952,180.12,429.2,220.032,180.08,LC22,yellow,dend[1866],0.07546307184219442
720575940604268972,428.72,219.52,180.56,428.64,219.44,180.68,LC22,yellow,dend[1888],0.42771762339509095
720575940604268972,430.096,220.064,181.56,430.304,219.984,181.52,LC22,yellow,dend[1885],0.3919617934975449
720575940647068451,427.84,218.384,180.12,427.84,218.288,180.28,LC22,yellow,dend[1889],0.9093928630015699
720575940647068451,432.224,224.464,179.24,432.352,224.464,179.36,LC22,yellow,dend[1871],0.8310052618831169
720575940647068451,428.064,221.088,180.16,428.128,221.136,180.0,LC22,yellow,dend[1874],0.8582825111267612
720575940628228251,427.856,217.472,180.2,427.68,217.536,180.24,LC22,yellow,dend[1891],0.9956780230440664
720575940628228251,437.072,223.072,179.6,436.912,223.264,179.48,LC22,yellow,dend[2179],0.15999993155829098
720575940628228251,437.408,222.992,179.24,437.36,223.232,179.2,LC22,yellow,dend[2178],1.0
720575940647068451,436.576,223.216,179.4,436.688,223.36,179.52,LC22,yellow,dend[2179],0.22018516334219532
720575940628228251,428.32,217.808,180.16,428.432,217.968,180.12,LC22,yellow,dend[1889],0.30821692153522606
720575940628228251,437.584,223.072,179.6,437.696,223.216,179.64,LC22,yellow,dend[2180],0.7870640290826794
720575940628228251,427.92,217.76,180.4,427.744,217.76,180.32,LC22,yellow,dend[1891],0.6164254504561733
720575940628228251,439.024,224.208,179.36,438.88,224.384,179.36,LC22,yellow,dend[2182],0.739412879957384
720575940647068451,428.032,219.76,180.76,428.176,219.712,180.84,LC22,yellow,dend[1888],0.7325042562475134
720575940626170426,428.032,220.96,179.84,428.112,221.136,180.0,LC22,yellow,dend[1874],0.8694624835594458
720575940626170426,435.68,224.048,179.72,435.792,223.952,179.84,LC22,yellow,dend[2179],0.4991563896522224
720575940635437966,431.056,220.336,181.0,431.104,220.4,181.2,LC22,yellow,dend[1887],0.8580699240725773
720575940626392593,432.096,223.744,179.64,432.08,223.68,179.48,LC22,yellow,dend[1871],0.5752152998844707
720575940626392593,431.936,223.568,179.64,431.968,223.52,179.52,LC22,yellow,dend[1871],0.5147833021060343
720575940626392593,431.984,224.016,179.48,432.128,223.984,179.36,LC22,yellow,dend[1871],0.6715650698776838
720575940623828884,430.688,220.624,181.44,430.784,220.432,181.44,LC22,yellow,dend[1887],0.30898236586492794
720575940623828884,430.816,221.6,180.36,430.816,221.824,180.28,LC22,yellow,dend[1869],0.7660042203857146
720575940611628145,429.456,221.056,180.32,429.36,221.088,180.12,LC22,yellow,dend[1866],0.9399623822666847
720575940640747683,429.632,218.416,180.96,429.584,218.336,180.8,LC22,yellow,dend[1862],0.8951663686256531
720575940640747683,428.832,218.784,180.76,428.944,218.768,180.6,LC22,yellow,dend[1862],0.6449782556023158
720575940640747683,428.752,218.944,180.76,428.864,219.04,180.64,LC22,yellow,dend[1888],0.21788391655049583
720575940611201998,427.504,217.92,180.12,427.712,217.84,180.24,LC22,yellow,dend[1891],0.4965724965010526
720575940611201998,432.256,225.024,179.24,432.368,224.816,179.24,LC22,yellow,dend[1871],0.9363004718025499
720575940611201998,432.752,225.008,179.2,432.64,224.8,179.2,LC22,yellow,dend[1871],0.9694216049686591
720575940611201998,427.056,218.496,180.0,427.232,218.624,180.0,LC22,yellow,dend[1890],0.8744628915828315
720575940623567459,450.304,212.608,158.0,450.32,212.544,157.92,LC22,yellow,dend[2462],0.9851379048111458
720575940623567459,443.296,210.464,162.24,443.072,210.512,162.16,LC22,yellow,dend[106],0.5917088404729718
720575940604268972,452.448,229.168,166.16,452.32,229.184,166.04,LC22,yellow,dend[2142],0.8901689097725135
720575940627015430,448.944,228.768,168.4,448.736,228.832,168.28,LC22,yellow,dend[2142],0.36527347125056586
720575940627015430,446.624,228.368,168.6,446.64,228.56,168.6,LC22,yellow,dend[2142],0.11083248376723352
720575940623828884,446.944,229.04,168.52,447.024,228.832,168.52,LC22,yellow,dend[2142],0.16158043407664768
720575940623828884,445.632,228.352,168.88,445.728,228.176,168.88,LC22,yellow,dend[2140],0.7373815174740528
720575940631806671,448.256,227.44,173.12,448.384,227.296,173.2,LC22,yellow,dend[2212],0.6429539167692215
720575940631806671,447.552,227.216,173.48,447.616,227.2,173.6,LC22,yellow,dend[2212],0.1684157042294061
720575940627419910,443.456,226.64,169.68,443.328,226.704,169.56,LC22,yellow,dend[2136],0.23584433735048224
720575940627419910,447.296,226.752,173.36,447.392,226.656,173.44,LC22,yellow,dend[2211],0.6478908275053694
720575940628228251,445.264,227.616,174.0,445.36,227.488,174.12,LC22,yellow,dend[2213],0.9488230731117765
720575940649953913,443.504,227.12,169.44,443.568,226.912,169.48,LC22,yellow,dend[2136],0.3481404237757647
720575940623828884,445.712,228.144,169.4,445.856,228.112,169.32,LC22,yellow,dend[2141],0.09047835873726154
720575940623828884,445.008,228.064,169.56,444.912,227.984,169.4,LC22,yellow,dend[2136],0.9388346439257685
720575940623828884,444.528,228.32,169.6,444.56,228.176,169.52,LC22,yellow,dend[2137],0.9142510192841075
720575940647068451,444.544,220.752,176.36,444.48,220.768,176.52,LC22,yellow,dend[2201],0.4714317331310191
720575940647068451,443.968,220.448,176.08,443.936,220.512,175.92,LC22,yellow,dend[2200],0.9181219384971938
720575940649953913,444.576,219.056,177.56,444.752,219.2,177.56,LC22,yellow,dend[2204],0.08220791377313046
720575940649953913,444.528,219.184,177.88,444.672,219.072,177.88,LC22,yellow,dend[2204],0.1616877212819982
720575940635437966,445.232,227.024,174.96,445.088,226.88,174.96,LC22,yellow,dend[2209],0.9635883278139984
720575940626392593,444.656,227.28,174.56,444.784,227.232,174.48,LC22,yellow,dend[2213],0.36086576681653076
720575940626392593,444.768,227.152,174.6,444.928,227.152,174.48,LC22,yellow,dend[2213],0.3229339398099381
720575940623828884,443.952,222.496,178.48,443.92,222.608,178.56,LC22,yellow,dend[2226],0.8924516202181633
720575940623828884,443.776,222.304,178.36,443.664,222.432,178.36,LC22,yellow,dend[2226],0.9772409272927813
720575940611628145,445.376,227.088,174.24,445.184,227.168,174.36,LC22,yellow,dend[2213],0.4750533695083365
720575940611628145,445.68,227.008,174.28,445.664,226.784,174.4,LC22,yellow,dend[2210],0.22004671678217988
720575940611628145,444.864,227.376,175.44,444.8,227.376,175.4,LC22,yellow,dend[2214],0.535197422913812
720575940640747683,444.48,227.648,175.6,444.688,227.6,175.56,LC22,yellow,dend[2214],0.6976457246712671
720575940611628145,444.912,227.616,175.8,444.784,227.776,175.8,LC22,yellow,dend[2214],0.8539229476700713
720575940624305737,392.032,221.824,169.16,392.16,221.68,169.08,LPLC1,red,dend[1627],0.9335502548910424
720575940624305737,392.832,221.616,169.52,392.832,221.488,169.6,LPLC1,red,dend[1627],0.5464974804053829
720575940611922126,403.456,222.304,162.44,403.424,222.16,162.36,LPLC1,red,dend[1534],0.37912594328649946
720575940611922126,403.488,221.808,163.0,403.568,221.984,163.08,LPLC1,red,dend[1533],1.0
720575940619506415,402.56,221.904,161.16,402.56,222.016,161.28,LPLC1,red,dend[1534],0.9731381868431372
720575940626667270,403.216,222.128,161.76,402.992,222.0,161.72,LPLC1,red,dend[1534],0.7135167010227056
720575940614089197,402.08,221.92,162.76,401.968,221.728,162.76,LPLC1,red,dend[1536],0.30254626455661765
720575940619720129,408.992,223.344,162.96,409.184,223.44,162.92,LPLC1,red,dend[1524],0.6547652081688743
720575940619720129,408.688,223.2,162.8,408.736,222.928,162.76,LPLC1,red,dend[1523],0.7717535042144418
720575940616403771,402.32,222.144,161.16,402.512,222.048,161.24,LPLC1,red,dend[1534],0.9988930755591169
720575940625031426,407.6,222.544,163.6,407.552,222.576,163.44,LPLC1,red,dend[1522],0.6448867348541186
720575940625031426,407.776,222.416,163.56,407.776,222.32,163.4,LPLC1,red,dend[1521],0.9354260802270298
720575940626721881,404.576,222.192,163.56,404.512,222.336,163.52,LPLC1,red,dend[1529],0.7427241905995332
720575940608422958,401.632,221.36,163.68,401.648,221.552,163.76,LPLC1,red,dend[1537],0.815110006375085
720575940626721881,407.28,222.736,163.6,407.424,222.608,163.56,LPLC1,red,dend[1522],0.7911183894188496
720575940608422958,401.728,221.36,163.68,401.744,221.504,163.76,LPLC1,red,dend[1537],0.7572546154197575
720575940625369884,408.528,221.584,163.32,408.528,221.648,163.44,LPLC1,red,dend[1520],0.534679288603558
720575940625369884,406.592,222.352,163.0,406.464,222.16,162.96,LPLC1,red,dend[1528],0.6180951960849754
720575940625369884,408.56,221.888,162.96,408.576,222.016,163.08,LPLC1,red,dend[1539],0.5175709099730692
720575940632086573,409.536,223.248,162.96,409.344,223.408,162.88,LPLC1,red,dend[1524],0.6561117665530095
720575940621403887,401.488,221.808,163.76,401.44,221.648,163.84,LPLC1,red,dend[1537],0.9608258489646623
720575940628716294,408.736,223.952,162.96,408.96,223.968,163.0,LPLC1,red,dend[1525],0.5457382425682294
720575940628716294,408.624,224.112,163.12,408.768,224.112,163.24,LPLC1,red,dend[1525],0.9124375358255017
720575940612570481,408.784,223.008,162.96,408.736,222.928,162.8,LPLC1,red,dend[1523],0.7634935901549409
720575940626865148,400.432,222.096,162.08,400.496,221.92,162.04,LPLC1,red,dend[1536],0.8268199886034705
720575940626865148,406.08,221.6,161.6,406.064,221.408,161.6,LPLC1,red,dend[1538],0.9082812318041918
720575940632481849,400.464,221.92,161.48,400.288,222.032,161.48,LPLC1,red,dend[1536],0.9831137913621303
720575940632481849,400.832,221.968,162.08,400.704,221.888,162.12,LPLC1,red,dend[1536],0.7562717283761327
720575940639172816,400.336,221.808,162.04,400.48,221.92,162.04,LPLC1,red,dend[1536],0.8310883837809373
720575940639172816,399.952,221.952,161.76,400.016,222.096,161.72,LPLC1,red,dend[1536],1.0
720575940623514467,403.92,222.656,163.8,404.08,222.704,163.76,LPLC1,red,dend[1530],0.20919588006807233
720575940636703977,409.136,223.824,163.12,409.04,223.984,163.04,LPLC1,red,dend[1525],0.5073506906753549
720575940634361336,408.88,221.648,163.76,408.768,221.536,163.84,LPLC1,red,dend[1518],0.986591128519668
720575940640642723,402.064,221.52,162.68,402.08,221.68,162.72,LPLC1,red,dend[1536],0.27756323406619887
720575940622932297,400.704,222.064,162.72,400.848,222.128,162.64,LPLC1,red,dend[1536],0.6384086527549613
720575940646708788,408.896,222.288,162.96,408.8,222.08,162.92,LPLC1,red,dend[1539],0.7491939772535824
720575940611922126,400.352,221.904,168.44,400.48,221.904,168.36,LPLC1,red,dend[1615],0.15390905712060243
720575940611922126,400.112,222.048,168.2,400.192,222.048,168.12,LPLC1,red,dend[1615],0.34521382142197593
720575940611922126,403.856,223.328,163.96,403.776,223.152,164.08,LPLC1,red,dend[1530],0.5956114942815599
720575940613672931,408.064,223.408,167.04,407.824,223.44,167.08,LPLC1,red,dend[1488],0.6385306318401022
720575940613672931,408.064,223.264,166.76,407.856,223.232,166.84,LPLC1,red,dend[1486],0.792754225076891
720575940619506415,402.288,223.84,164.56,402.256,223.68,164.6,LPLC1,red,dend[1532],0.6821048897049287
720575940626667270,403.456,228.368,167.56,403.152,228.368,167.68,LPLC1,red,dend[1502],0.2782245937338062
720575940610902442,402.896,224.064,164.4,402.928,223.888,164.4,LPLC1,red,dend[1532],0.24985670629473036
720575940610902442,404.768,225.84,168.44,404.864,225.952,168.4,LPLC1,red,dend[1497],0.08011591299939332
720575940645134359,408.496,221.952,166.2,408.704,221.92,166.2,LPLC1,red,dend[1484],0.9076226494972512
720575940645134359,408.848,222.096,166.4,408.944,222.032,166.44,LPLC1,red,dend[1515],0.05150366673323756
720575940631450669,399.904,228.336,168.72,399.936,228.256,168.8,LPLC1,red,dend[1504],0.9321594965836753
720575940645134359,408.928,222.528,166.2,408.88,222.656,166.12,LPLC1,red,dend[1485],0.780576259450773
720575940645134359,408.512,222.224,166.28,408.384,222.256,166.4,LPLC1,red,dend[1486],0.20319268872890978
720575940631450669,403.52,223.504,164.12,403.552,223.312,164.2,LPLC1,red,dend[1530],0.770262468189457
720575940631450669,399.92,227.84,168.52,399.936,227.92,168.68,LPLC1,red,dend[1504],0.8639744982530284
720575940645134359,408.304,221.904,166.4,408.4,222.0,166.44,LPLC1,red,dend[1486],0.11855815920739944
720575940645134359,402.16,226.592,167.8,402.032,226.72,167.68,LPLC1,red,dend[1507],0.3218726479783541
720575940645134359,408.384,223.936,167.92,408.4,224.096,167.84,LPLC1,red,dend[1489],0.8315724607904855
720575940614354326,402.32,226.048,166.88,402.352,225.904,167.04,LPLC1,red,dend[1507],0.7104796274402623
720575940616403771,406.496,222.496,166.44,406.672,222.544,166.4,LPLC1,red,dend[1487],0.9834801712169816
720575940614354326,402.16,226.384,167.16,402.192,226.352,167.32,LPLC1,red,dend[1507],0.5094940625406686
720575940616403771,403.248,223.12,164.64,403.36,223.28,164.6,LPLC1,red,dend[1530],0.9593345916043932
720575940629661381,408.72,222.48,167.0,408.704,222.32,167.08,LPLC1,red,dend[1515],0.5971927365734278
720575940629661381,408.816,222.416,166.88,408.816,222.256,166.88,LPLC1,red,dend[1515],0.4244939799465959
720575940625175068,400.08,220.848,168.64,399.936,220.816,168.48,LPLC1,red,dend[1619],0.3917865785484468
720575940625175068,403.088,223.696,164.72,402.992,223.616,164.64,LPLC1,red,dend[1532],0.23350106047872854
720575940625175068,404.112,221.536,168.2,404.096,221.648,168.04,LPLC1,red,dend[1610],0.29223793779030954
720575940625175068,404.32,220.864,168.24,404.336,220.672,168.28,LPLC1,red,dend[1632],0.7274967791845313
720575940625175068,409.008,221.648,165.12,409.04,221.472,165.12,LPLC1,red,dend[1516],0.9637297205448511
720575940625175068,408.592,221.648,164.92,408.592,221.552,164.76,LPLC1,red,dend[1518],0.573450835529284
720575940625175068,403.648,228.64,166.8,403.52,228.8,166.8,LPLC1,red,dend[1502],0.6479554150233697
720575940625175068,402.992,223.664,164.96,402.88,223.536,165.0,LPLC1,red,dend[1531],1.0
720575940625175068,409.328,221.632,164.64,409.312,221.44,164.6,LPLC1,red,dend[1518],0.2843801910256113
720575940625175068,403.056,228.608,167.96,403.008,228.464,167.88,LPLC1,red,dend[1502],0.2104878804093391
720575940625175068,403.232,223.6,164.88,403.296,223.344,164.92,LPLC1,red,dend[1531],1.0
720575940608422958,402.096,228.032,168.24,402.0,227.84,168.24,LPLC1,red,dend[1503],0.7016402337393695
720575940625369884,402.944,223.424,165.24,402.864,223.504,165.08,LPLC1,red,dend[1531],1.0
720575940625369884,404.432,222.624,163.84,404.304,222.544,163.64,LPLC1,red,dend[1529],0.8945350257602096
720575940625369884,409.04,221.808,166.0,408.96,221.792,166.16,LPLC1,red,dend[1484],0.6957635795710044
720575940621403887,402.256,221.536,163.88,402.224,221.344,163.76,LPLC1,red,dend[1537],0.4678404766992312
720575940621403887,401.616,227.168,168.64,401.536,227.248,168.48,LPLC1,red,dend[1504],0.114015240084799
720575940632086573,408.624,222.592,164.04,408.56,222.384,164.0,LPLC1,red,dend[1519],0.9510809612485865
720575940632086573,398.832,221.712,168.92,398.96,221.552,169.04,LPLC1,red,dend[1621],0.1924388978269429
720575940632086573,399.328,222.096,168.76,399.488,221.968,168.76,LPLC1,red,dend[1631],0.9361007258077982
720575940613304803,408.176,224.0,167.72,408.352,224.016,167.76,LPLC1,red,dend[1489],0.743440295406286
720575940613304803,407.84,223.76,167.44,407.808,223.6,167.28,LPLC1,red,dend[1513],0.5415499506050797
720575940613304803,407.744,224.144,167.32,407.568,224.192,167.24,LPLC1,red,dend[1512],0.17491934244579466
720575940645750324,405.344,226.064,168.56,405.296,225.936,168.64,LPLC1,red,dend[1495],0.8031232101798953
720575940620050811,398.976,228.0,168.92,399.024,227.808,168.96,LPLC1,red,dend[1506],0.6162209740880824
720575940622694217,406.16,225.168,168.88,405.984,225.264,168.8,LPLC1,red,dend[1491],0.9229467505456539
720575940629778587,397.744,221.408,168.64,397.696,221.568,168.76,LPLC1,red,dend[1622],0.5129173367493071
720575940629778587,397.888,221.616,168.0,397.824,221.488,168.04,LPLC1,red,dend[1624],0.9209315765076841
720575940622670845,407.296,223.04,167.6,407.408,222.928,167.64,LPLC1,red,dend[1514],0.6453291779909012
720575940621110464,405.76,224.784,168.24,405.856,224.992,168.32,LPLC1,red,dend[1491],0.7846120357325929
720575940616881821,403.936,222.16,168.56,403.936,222.032,168.64,LPLC1,red,dend[1610],0.4624979633390788
720575940621110464,406.288,224.32,167.64,406.432,224.448,167.64,LPLC1,red,dend[1491],0.3564095730017376
720575940621110464,399.856,222.432,168.0,399.904,222.32,167.88,LPLC1,red,dend[1615],0.5895481605315431
720575940621110464,400.0,223.008,167.6,399.84,223.12,167.64,LPLC1,red,dend[1617],0.14627915596604796
720575940616881821,403.792,221.904,168.48,403.968,221.936,168.52,LPLC1,red,dend[1610],0.424655290249169
720575940614362380,399.264,223.936,168.48,399.44,223.808,168.44,LPLC1,red,dend[1617],0.9358330564634735
720575940615999547,399.056,222.864,166.72,399.104,223.008,166.8,LPLC1,red,dend[1616],0.5053064622353468
720575940615999547,398.576,223.168,166.68,398.72,223.296,166.72,LPLC1,red,dend[1616],0.7562021804156001
720575940615999547,399.2,222.832,166.76,399.2,222.976,166.88,LPLC1,red,dend[1616],0.43099907413540683
720575940627555197,402.16,225.6,166.84,402.352,225.504,166.92,LPLC1,red,dend[1507],0.8587614093869995
720575940619695494,400.64,221.856,168.12,400.592,221.76,168.28,LPLC1,red,dend[1614],0.9912046274314557
720575940630420281,402.064,221.424,168.48,401.984,221.2,168.48,LPLC1,red,dend[1614],0.6219828515813253
720575940630420281,400.112,221.44,168.6,400.096,221.328,168.64,LPLC1,red,dend[1618],0.6133100803770671
720575940630420281,407.744,223.504,166.72,407.76,223.328,166.84,LPLC1,red,dend[1486],0.8554723256270788
720575940619695494,399.824,222.4,167.48,399.712,222.608,167.48,LPLC1,red,dend[1615],0.8618644401706305
720575940619695494,404.576,220.576,168.52,404.384,220.688,168.36,LPLC1,red,dend[1632],0.8320238455038503
720575940630420281,401.504,226.96,168.64,401.536,227.136,168.48,LPLC1,red,dend[1504],0.09554251587138285
720575940630420281,407.024,223.248,166.84,407.072,223.056,166.76,LPLC1,red,dend[1487],0.4606210530740751
720575940630420281,399.968,221.472,168.84,399.92,221.328,168.8,LPLC1,red,dend[1618],0.8528136470731262
720575940630420281,402.416,221.008,167.88,402.4,220.832,167.96,LPLC1,red,dend[1614],0.47116896858175505
720575940626260490,407.28,221.6,164.92,407.344,221.408,165.0,LPLC1,red,dend[1518],1.0
720575940616298816,408.128,222.016,166.64,408.256,222.096,166.64,LPLC1,red,dend[1486],0.23739521205938469
720575940616298816,406.992,222.944,166.84,407.04,223.024,166.76,LPLC1,red,dend[1487],0.4883076224807152
720575940616298816,405.616,226.528,168.68,405.616,226.512,168.56,LPLC1,red,dend[1496],0.4425291826657878
720575940614751027,405.12,225.808,168.52,405.12,225.968,168.56,LPLC1,red,dend[1495],0.9581486207825985
720575940616298816,407.424,222.912,167.24,407.6,222.976,167.32,LPLC1,red,dend[1486],0.8831407976179487
720575940616298816,402.736,223.456,164.96,402.88,223.568,164.88,LPLC1,red,dend[1532],0.36196940831751634
720575940616298816,407.84,225.024,167.44,407.888,224.8,167.44,LPLC1,red,dend[1512],0.8114647686711549
720575940623514467,401.168,227.824,168.48,401.056,227.632,168.52,LPLC1,red,dend[1504],0.36695936411535895
720575940623514467,403.632,222.976,164.12,403.6,223.2,164.16,LPLC1,red,dend[1530],0.6964867196676164
720575940623514467,402.048,227.184,167.64,401.984,227.104,167.84,LPLC1,red,dend[1507],0.16887369204698696
720575940636703977,406.288,226.896,168.24,406.112,226.784,168.36,LPLC1,red,dend[1496],0.9095695317743886
720575940632946477,399.712,223.312,167.64,399.872,223.248,167.72,LPLC1,red,dend[1617],0.2396717894376434
720575940632946477,399.408,223.008,167.2,399.472,222.864,167.16,LPLC1,red,dend[1616],0.19686979697890614
720575940632946477,399.392,222.768,167.48,399.584,222.688,167.44,LPLC1,red,dend[1615],0.9353965300743134
720575940624305737,402.24,227.072,168.24,402.224,227.328,168.28,LPLC1,red,dend[1503],0.7661970206217377
720575940624305737,400.576,222.144,168.44,400.464,221.952,168.36,LPLC1,red,dend[1615],0.17748465238199918
720575940624305737,401.312,221.152,168.6,401.472,221.056,168.48,LPLC1,red,dend[1614],0.7348253388447157
720575940635631211,403.84,221.968,168.84,403.872,222.08,168.72,LPLC1,red,dend[1610],0.4903503911197032
720575940635631211,408.288,222.32,167.44,408.4,222.464,167.4,LPLC1,red,dend[1515],0.9113283303655784
720575940635631211,407.744,222.72,167.32,407.712,222.912,167.24,LPLC1,red,dend[1486],0.8099574061448
720575940615934150,401.808,223.744,165.04,402.0,223.792,165.0,LPLC1,red,dend[1532],0.9705894231504921
720575940629047340,402.352,224.784,167.16,402.4,225.008,167.12,LPLC1,red,dend[1507],0.9916195305894645
720575940634361336,408.816,222.832,166.0,408.896,222.688,166.12,LPLC1,red,dend[1485],0.8243304058800281
720575940634361336,404.64,221.376,167.76,404.464,221.472,167.68,LPLC1,red,dend[1610],0.16395635829091282
720575940634361336,407.504,221.52,165.0,407.376,221.392,165.0,LPLC1,red,dend[1518],1.0
720575940634361336,407.056,222.816,166.36,407.024,222.688,166.44,LPLC1,red,dend[1487],0.7530967475428674
720575940634361336,406.768,223.008,166.68,407.008,222.976,166.68,LPLC1,red,dend[1487],0.5514952791141807
720575940634361336,405.072,220.288,167.72,405.088,220.096,167.68,LPLC1,red,dend[1605],0.8666361997730041
720575940645134103,398.736,223.728,166.52,398.592,223.584,166.56,LPLC1,red,dend[1616],0.9312205007937594
720575940622932297,402.0,223.68,164.6,402.08,223.744,164.8,LPLC1,red,dend[1532],0.8569829154195575
720575940629638443,401.728,221.136,168.84,401.728,221.296,168.76,LPLC1,red,dend[1614],0.703271141763673
720575940621658971,402.816,228.672,167.6,403.008,228.528,167.64,LPLC1,red,dend[1502],0.3179021499891059
720575940621658971,403.664,229.056,166.72,403.632,228.864,166.72,LPLC1,red,dend[1502],0.6754718394269608
720575940621658971,397.136,221.456,168.52,397.28,221.568,168.6,LPLC1,red,dend[1622],0.8942244245764764
720575940631450669,398.56,222.384,170.04,398.656,222.272,170.12,LPLC1,red,dend[1630],0.659330692453015
720575940614354326,396.128,222.32,170.96,396.0,222.272,170.84,LPLC1,red,dend[1629],0.25875545786045434
720575940627806992,403.52,222.688,170.0,403.552,222.768,169.8,LPLC1,red,dend[1610],0.800523810888909
720575940625175068,398.928,221.232,169.2,398.928,221.472,169.12,LPLC1,red,dend[1621],0.23173981591839563
720575940608422958,398.176,221.616,169.64,398.096,221.568,169.48,LPLC1,red,dend[1621],0.9033987146923014
720575940608422958,397.344,221.84,170.24,397.136,221.728,170.24,LPLC1,red,dend[1625],0.5077193034702747
720575940625369884,400.256,229.04,169.12,400.176,228.88,169.0,LPLC1,red,dend[1505],0.9037177355314248
720575940625369884,396.288,223.024,171.08,396.128,223.104,171.2,LPLC1,red,dend[1629],0.7453449511114375
720575940625369884,396.24,222.736,170.84,396.048,222.656,170.96,LPLC1,red,dend[1629],0.4700612955299247
720575940632086573,397.632,221.552,169.72,397.712,221.68,169.72,LPLC1,red,dend[1625],0.19178860294931474
720575940632086573,398.144,221.616,168.96,398.0,221.552,169.0,LPLC1,red,dend[1621],0.9142996431671757
720575940621403887,395.056,221.744,170.52,395.12,221.552,170.44,LPLC1,red,dend[1626],0.39929669267198514
720575940621403887,394.048,221.504,170.24,394.016,221.28,170.12,LPLC1,red,dend[1626],0.9385774283602979
720575940632086573,397.84,221.552,169.04,397.92,221.568,168.96,LPLC1,red,dend[1622],0.21684523383501025
720575940632086573,397.456,221.568,169.72,397.296,221.728,170.0,LPLC1,red,dend[1625],0.3990884649189058
720575940613304803,404.272,228.032,169.0,404.384,227.936,169.0,LPLC1,red,dend[1498],0.9481186236630519
720575940645750324,403.088,227.2,169.2,403.008,227.088,169.16,LPLC1,red,dend[1509],0.883194574679967
720575940622694217,406.704,225.488,169.12,406.544,225.696,169.16,LPLC1,red,dend[1492],1.0
720575940637905478,406.8,225.616,169.4,406.672,225.696,169.2,LPLC1,red,dend[1493],0.7932125680760999
720575940637905478,403.712,226.256,169.8,403.856,226.32,169.68,LPLC1,red,dend[1511],0.925120821268812
720575940628324802,402.528,222.688,169.44,402.624,222.896,169.44,LPLC1,red,dend[1610],0.9079157880886712
720575940628324802,399.168,222.048,169.88,399.056,221.952,169.76,LPLC1,red,dend[1630],0.37777854138966394
720575940628324802,403.024,222.864,169.28,403.056,222.816,169.44,LPLC1,red,dend[1610],0.8335697891669005
720575940628324802,398.368,222.496,170.6,398.48,222.608,170.56,LPLC1,red,dend[1630],0.9336583216804194
720575940630420281,403.92,226.4,169.4,404.064,226.336,169.44,LPLC1,red,dend[1511],0.6125437059408956
720575940630420281,399.488,221.616,169.12,399.392,221.504,168.96,LPLC1,red,dend[1620],0.6852194074289851
720575940630420281,399.328,221.744,169.32,399.184,221.616,169.36,LPLC1,red,dend[1630],0.12698981828432426
720575940639172816,406.096,226.064,169.48,406.192,225.936,169.52,LPLC1,red,dend[1494],0.6054184375158357
720575940639172816,402.56,223.408,169.16,402.576,223.264,169.12,LPLC1,red,dend[1611],0.5558168232257983
720575940616298816,404.384,226.368,169.44,404.288,226.352,169.32,LPLC1,red,dend[1511],0.37824634981209265
720575940616298816,406.048,225.696,169.0,406.112,225.6,169.08,LPLC1,red,dend[1492],0.6200591295701893
720575940623514467,400.112,228.56,169.0,400.064,228.624,168.92,LPLC1,red,dend[1505],0.5602531997103313
720575940644971299,403.536,228.0,169.08,403.696,228.128,169.08,LPLC1,red,dend[1499],0.28900226793267764
720575940615934150,406.512,225.552,169.28,406.576,225.696,169.16,LPLC1,red,dend[1493],0.427435121755255
720575940635631211,401.648,223.28,170.28,401.696,223.312,170.08,LPLC1,red,dend[1612],0.8897554459280911
720575940635631211,396.048,223.232,171.12,396.16,223.2,171.24,LPLC1,red,dend[1629],0.802365153838811
720575940615934150,406.304,225.536,169.36,406.288,225.744,169.28,LPLC1,red,dend[1494],0.19101869265829727
720575940629047340,395.984,221.6,170.28,395.888,221.76,170.44,LPLC1,red,dend[1625],0.9784509007784956
720575940629047340,403.6,222.704,169.48,403.44,222.736,169.44,LPLC1,red,dend[1610],0.7657295179122955
720575940608302857,398.624,227.36,169.04,398.72,227.472,169.12,LPLC1,red,dend[1506],0.9411534231223931
720575940646708788,396.016,221.936,170.8,396.08,222.064,170.72,LPLC1,red,dend[1629],0.1374046263536211
720575940646708788,402.784,227.072,169.16,402.992,227.072,169.2,LPLC1,red,dend[1509],0.9181414141613061
720575940632086573,402.608,229.696,168.52,402.752,229.696,168.64,LPLC1,red,dend[1508],0.9616968676972879
720575940614354326,425.76,207.616,160.96,425.84,207.504,160.88,LPLC1,red,dend[1342],0.5030091683154244
720575940614354326,425.2,207.76,160.92,425.136,207.552,160.84,LPLC1,red,dend[1342],0.8949368849680773
720575940629661381,422.208,225.952,158.28,422.288,225.872,158.16,LPLC1,red,dend[1053],0.9384158006424298
720575940621522671,419.248,227.808,157.12,419.152,227.856,157.08,LPLC1,red,dend[926],0.8313555024394548
720575940621522671,419.12,227.52,156.92,419.104,227.696,156.92,LPLC1,red,dend[926],0.9277196741237334
720575940636703977,422.32,226.048,158.04,422.288,225.872,158.16,LPLC1,red,dend[1053],0.9384158006424298
720575940611922126,422.192,226.336,163.48,422.112,226.224,163.6,LPLC1,red,dend[382],0.7369841677745167
720575940611922126,425.776,221.52,162.96,425.888,221.456,162.84,LPLC1,red,dend[313],0.8680332311752463
720575940611922126,413.824,227.12,161.24,413.632,227.136,161.32,LPLC1,red,dend[660],0.7669297053338084
720575940611922126,421.472,226.992,163.4,421.456,226.816,163.48,LPLC1,red,dend[388],0.9716197115755713
720575940611922126,423.072,226.0,163.6,423.248,226.032,163.6,LPLC1,red,dend[379],0.8331299869197677
720575940613672931,425.808,215.104,159.0,425.744,214.976,159.16,LPLC1,red,dend[1279],0.8905132924353737
720575940613672931,424.496,218.816,160.36,424.544,218.928,160.48,LPLC1,red,dend[1699],0.27752870673525903
720575940613672931,425.744,214.272,158.84,425.776,214.352,159.0,LPLC1,red,dend[1278],0.7555627029497817
720575940619506415,421.52,224.592,159.68,421.536,224.624,159.52,LPLC1,red,dend[1055],0.5184924984595657
720575940626667270,418.256,226.608,162.88,418.304,226.56,163.04,LPLC1,red,dend[1063],0.8599828357664686
720575940610902442,422.496,219.216,161.2,422.512,219.104,161.32,LPLC1,red,dend[1695],0.9919235659030097
720575940626667270,422.416,218.944,161.4,422.512,219.104,161.32,LPLC1,red,dend[1695],0.9919235659030097
720575940619506415,425.424,223.712,160.32,425.536,223.6,160.4,LPLC1,red,dend[1088],0.8104325987307891
720575940619506415,417.984,225.344,163.04,418.128,225.52,163.12,LPLC1,red,dend[1066],0.7566151837035833
720575940610902442,425.44,221.776,161.08,425.6,221.872,161.2,LPLC1,red,dend[324],0.5876262904938138
720575940610902442,424.048,219.728,161.32,424.224,219.648,161.36,LPLC1,red,dend[1698],0.34500988900933394
720575940619506415,425.68,224.032,160.4,425.68,224.224,160.64,LPLC1,red,dend[1087],0.9477248585289496
720575940614089197,413.488,227.024,161.44,413.6,227.136,161.32,LPLC1,red,dend[660],0.7726279269206122
720575940614089197,425.344,222.752,161.12,425.36,222.56,161.16,LPLC1,red,dend[323],0.3910619829304244
720575940614089197,414.304,228.688,162.68,414.336,228.368,162.64,LPLC1,red,dend[660],0.3051731375794512
720575940645134359,418.112,229.232,160.08,418.016,229.2,159.96,LPLC1,red,dend[923],0.2728306221519704
720575940645134359,415.184,224.528,160.28,415.072,224.576,160.2,LPLC1,red,dend[1656],0.2440327500642035
720575940631450669,422.16,216.992,161.36,422.096,216.816,161.36,LPLC1,red,dend[1448],0.8438406343197801
720575940645134359,421.36,228.08,162.44,421.408,228.256,162.44,LPLC1,red,dend[1075],0.7886677311295903
720575940645134359,421.264,227.872,161.44,421.088,227.888,161.52,LPLC1,red,dend[1077],0.7356156787236446
720575940645134359,414.912,224.48,160.44,414.768,224.464,160.36,LPLC1,red,dend[1646],0.9080449664440803
720575940645134359,422.064,227.872,161.04,422.032,227.84,160.92,LPLC1,red,dend[1078],0.7022856617201372
720575940631450669,421.664,217.136,161.76,421.552,217.152,161.96,LPLC1,red,dend[1448],0.5335243188361503
720575940645134359,418.976,228.128,163.64,419.024,227.952,163.6,LPLC1,red,dend[1073],0.5135666813083755
720575940631450669,418.928,225.568,159.44,418.8,225.44,159.44,LPLC1,red,dend[1060],0.49690021700717185
720575940645134359,419.664,223.744,159.36,419.536,223.872,159.4,LPLC1,red,dend[1059],0.8141152256696256
720575940631450669,422.256,216.976,161.32,422.176,216.784,161.28,LPLC1,red,dend[1448],0.8853971805656149
720575940631450669,418.368,226.368,160.52,418.512,226.528,160.52,LPLC1,red,dend[1046],0.949883996641451
720575940619720129,423.712,227.6,162.92,423.84,227.584,163.04,LPLC1,red,dend[433],0.8532827133696809
720575940619720129,418.72,227.968,163.0,418.672,227.872,162.92,LPLC1,red,dend[1072],1.0
720575940619720129,422.784,227.008,163.6,422.848,226.816,163.68,LPLC1,red,dend[380],0.31281685665729936
720575940619720129,423.344,219.12,160.84,423.312,219.056,161.0,LPLC1,red,dend[1695],0.421687192585991
720575940619720129,418.192,228.544,162.84,418.032,228.4,162.84,LPLC1,red,dend[1074],0.8690164491582295
720575940619720129,419.376,227.952,163.72,419.152,227.968,163.72,LPLC1,red,dend[1073],0.6158739534418011
720575940619720129,414.928,224.496,159.92,414.736,224.416,159.88,LPLC1,red,dend[1649],0.21416254021816966
720575940619720129,418.928,227.952,163.24,418.832,227.808,163.32,LPLC1,red,dend[1073],0.29811315257803733
720575940619720129,422.992,227.056,163.6,423.008,226.832,163.68,LPLC1,red,dend[378],0.835153932945479
720575940619720129,421.376,220.816,162.0,421.536,220.832,161.88,LPLC1,red,dend[1440],0.7063670583874255
720575940616403771,417.84,222.464,161.36,417.792,222.48,161.2,LPLC1,red,dend[1641],0.8600773867351402
720575940616403771,418.176,222.4,161.24,418.064,222.32,161.12,LPLC1,red,dend[1641],0.9770370816360915
720575940614354326,417.12,222.48,161.68,417.072,222.64,161.64,LPLC1,red,dend[1641],0.4958695492359508
720575940627806992,415.056,224.72,160.28,414.88,224.56,160.28,LPLC1,red,dend[1646],0.9995627646357288
720575940627806992,421.2,225.92,163.44,420.944,225.872,163.4,LPLC1,red,dend[384],0.9056492572044453
720575940629661381,425.968,215.936,160.24,425.872,215.744,160.2,LPLC1,red,dend[1275],0.9918551741128638
720575940627806992,422.976,225.312,161.6,423.024,225.12,161.48,LPLC1,red,dend[1085],0.10479900779004135
720575940627806992,425.696,226.736,160.96,425.856,226.896,161.04,LPLC1,red,dend[431],0.7426700159515878
720575940627806992,424.464,228.272,160.56,424.592,228.352,160.72,LPLC1,red,dend[439],0.45436209162935204
720575940629661381,419.968,228.304,162.08,419.984,228.368,162.0,LPLC1,red,dend[1042],0.5596424391797725
720575940629661381,420.784,227.808,161.52,421.008,227.808,161.52,LPLC1,red,dend[1077],0.9117804390536283
720575940627806992,414.976,224.848,160.48,414.8,224.848,160.48,LPLC1,red,dend[1648],0.45122530084935575
720575940627806992,415.824,224.928,160.04,415.744,224.704,160.0,LPLC1,red,dend[1656],0.8518841062007415
720575940627806992,415.424,224.88,160.0,415.424,224.704,160.0,LPLC1,red,dend[1656],0.57123636731215
720575940627806992,415.2,225.216,160.68,415.088,225.28,160.6,LPLC1,red,dend[1648],0.9625322107597573
720575940627806992,422.688,225.472,162.24,422.752,225.616,162.24,LPLC1,red,dend[1090],0.8155061496626322
720575940627806992,425.696,218.576,163.48,425.84,218.496,163.56,LPLC1,red,dend[1408],0.5305517734003843
720575940625175068,418.064,225.536,163.24,418.08,225.6,163.16,LPLC1,red,dend[1066],0.5661023108653161
720575940625175068,416.112,222.0,162.48,416.048,222.192,162.48,LPLC1,red,dend[1642],0.3797118004772682
720575940625175068,423.664,228.096,159.48,423.792,228.288,159.52,LPLC1,red,dend[441],0.6400132257465151
720575940625175068,415.92,221.888,162.64,415.888,222.048,162.6,LPLC1,red,dend[1642],0.8895225746165532
720575940625175068,415.04,222.512,161.72,414.976,222.768,161.8,LPLC1,red,dend[1657],0.7609924875862096
720575940625175068,425.296,225.472,159.84,425.328,225.248,159.8,LPLC1,red,dend[375],0.9735647346531738
720575940625175068,417.136,222.768,161.16,417.312,222.8,161.28,LPLC1,red,dend[1641],0.6681361582222681
720575940625175068,423.952,227.792,159.08,424.096,227.808,159.04,LPLC1,red,dend[441],0.8725998901688375
720575940625175068,414.256,227.52,162.0,414.032,227.68,162.0,LPLC1,red,dend[660],0.5339753724836052
720575940625175068,421.408,223.264,159.16,421.424,223.44,159.08,LPLC1,red,dend[1058],0.8017527704761571
720575940625031426,415.088,222.848,161.6,415.104,222.72,161.72,LPLC1,red,dend[1657],0.9094145606612016
720575940625031426,420.272,219.088,163.04,420.272,218.96,162.92,LPLC1,red,dend[1446],0.5212258852701143
720575940625031426,423.792,216.944,163.24,423.648,216.784,163.28,LPLC1,red,dend[1708],0.8573044884861234
720575940625031426,425.344,224.912,159.72,425.344,225.184,159.76,LPLC1,red,dend[375],0.9963109943030614
720575940625031426,417.696,229.184,159.96,417.68,229.04,159.88,LPLC1,red,dend[923],0.5075519276748994
720575940625031426,420.416,220.128,162.28,420.464,220.272,162.2,LPLC1,red,dend[1443],0.45266766298725575
720575940625031426,422.96,218.016,162.92,422.912,218.208,162.92,LPLC1,red,dend[1691],0.7232879042454283
720575940608422958,417.488,222.512,161.12,417.536,222.592,161.28,LPLC1,red,dend[1641],0.7486916910464331
720575940608422958,417.648,222.464,161.08,417.792,222.496,161.12,LPLC1,red,dend[1641],0.8788038621275305
720575940626721881,410.672,223.584,162.52,410.656,223.744,162.6,LPLC1,red,dend[1526],0.9336868182424792
720575940626721881,420.256,225.632,159.24,420.144,225.568,159.32,LPLC1,red,dend[1051],0.24187219496128942
720575940626721881,420.32,225.552,159.16,420.256,225.456,159.28,LPLC1,red,dend[1051],0.34509624807200195
720575940626721881,418.864,225.936,160.92,418.88,226.08,160.84,LPLC1,red,dend[1046],0.3124345908018675
720575940608422958,419.696,224.352,159.64,419.568,224.256,159.76,LPLC1,red,dend[1059],0.3459943754306147
720575940608422958,420.592,225.184,159.28,420.72,225.296,159.28,LPLC1,red,dend[1051],0.6952038612718316
720575940626721881,418.576,225.984,160.88,418.704,226.096,160.72,LPLC1,red,dend[1046],0.4905256990399636
720575940626721881,425.184,215.152,162.8,425.28,215.296,162.8,LPLC1,red,dend[1403],0.46922009888120864
720575940608422958,420.24,226.048,160.52,420.096,225.904,160.6,LPLC1,red,dend[1061],0.7634110217790762
720575940626721881,413.52,224.448,161.88,413.696,224.32,161.88,LPLC1,red,dend[1645],0.4049020239158114
720575940625369884,425.312,222.608,161.32,425.248,222.592,161.2,LPLC1,red,dend[323],0.4665661380564253
720575940625369884,425.712,222.512,161.16,425.696,222.368,161.0,LPLC1,red,dend[323],0.11991760948110246
720575940625369884,420.192,218.752,162.76,420.4,218.672,162.8,LPLC1,red,dend[1446],0.4958229068259787
720575940625369884,424.672,223.12,161.56,424.688,222.96,161.48,LPLC1,red,dend[323],0.9395222751814336
720575940625369884,420.096,218.88,162.88,420.272,218.96,162.92,LPLC1,red,dend[1446],0.5212258852701143
720575940625369884,423.2,223.328,162.84,423.312,223.216,162.92,LPLC1,red,dend[1232],0.6928199191523023
720575940625369884,420.272,218.352,162.56,420.416,218.208,162.68,LPLC1,red,dend[1447],0.4513096532860986
720575940625369884,422.016,225.248,163.36,421.936,225.392,163.28,LPLC1,red,dend[389],0.8089569061047573
720575940632086573,419.456,224.576,160.04,419.472,224.4,159.88,LPLC1,red,dend[1059],0.2168439268564579
720575940632086573,420.08,224.512,160.16,420.16,224.432,160.04,LPLC1,red,dend[1058],0.04866526715342508
720575940621403887,425.808,215.024,159.24,425.76,214.944,159.16,LPLC1,red,dend[1279],0.8304442668137154
720575940632086573,419.504,224.816,160.04,419.504,224.912,159.92,LPLC1,red,dend[1056],1.0
720575940632086573,421.168,219.52,162.0,421.248,219.568,162.16,LPLC1,red,dend[1437],1.0
720575940632086573,422.768,221.216,160.4,422.704,221.184,160.24,LPLC1,red,dend[1442],0.7824022492292084
720575940621403887,424.528,223.312,162.4,424.432,223.232,162.48,LPLC1,red,dend[1235],0.5530551369651275
720575940621403887,419.056,227.792,162.72,418.88,227.904,162.64,LPLC1,red,dend[1072],0.7704244785563586
720575940632086573,425.84,215.888,162.52,425.696,215.712,162.48,LPLC1,red,dend[1403],0.9217133409268391
720575940621403887,423.312,218.992,161.24,423.424,219.04,161.08,LPLC1,red,dend[1695],0.34944131617039825
720575940632086573,424.48,219.52,161.08,424.384,219.36,161.0,LPLC1,red,dend[1698],0.5733949952306356
720575940621403887,423.024,216.368,160.56,422.896,216.512,160.72,LPLC1,red,dend[1450],1.0
720575940632086573,417.904,228.464,162.96,418.0,228.416,162.84,LPLC1,red,dend[1074],0.9062368843287953
720575940632086573,419.424,225.552,160.92,419.296,225.648,160.96,LPLC1,red,dend[1048],0.11372670866368231
720575940621403887,423.792,224.112,162.4,423.904,223.968,162.56,LPLC1,red,dend[1231],0.7121975920067384
720575940621403887,417.648,222.72,163.44,417.776,222.656,163.52,LPLC1,red,dend[1679],0.827371392484664
720575940632086573,421.264,219.344,161.96,421.376,219.312,162.12,LPLC1,red,dend[1437],0.9393616378158051
720575940621403887,421.472,221.904,161.6,421.6,221.824,161.52,LPLC1,red,dend[1441],0.8532650121295391
720575940632086573,418.624,227.68,163.2,418.768,227.776,163.2,LPLC1,red,dend[1073],0.214059885604576
720575940632086573,418.288,228.112,162.92,418.368,228.224,162.92,LPLC1,red,dend[1074],0.47548316538338264
720575940632086573,421.136,225.2,159.32,421.088,225.072,159.28,LPLC1,red,dend[1051],0.9791754428795875
720575940632086573,422.4,221.248,160.48,422.4,221.072,160.52,LPLC1,red,dend[1442],0.5825666371060894
720575940628716294,425.264,219.216,159.32,425.36,219.2,159.2,LPLC1,red,dend[1700],0.580940168162811
720575940628716294,423.76,228.288,159.72,423.808,228.4,159.56,LPLC1,red,dend[441],0.5974819458221807
720575940628716294,425.728,222.32,160.8,425.776,222.256,161.0,LPLC1,red,dend[323],0.0370322002545613
720575940628716294,420.72,228.816,162.4,420.944,228.8,162.28,LPLC1,red,dend[1041],0.9191518370000447
720575940628716294,420.496,228.736,162.32,420.608,228.624,162.12,LPLC1,red,dend[1042],0.20723085060523336
720575940628716294,416.08,228.384,163.68,415.888,228.256,163.68,LPLC1,red,dend[656],0.19013265570876484
720575940628716294,421.024,218.672,162.56,420.976,218.832,162.64,LPLC1,red,dend[1437],0.4185809439090072
720575940628716294,423.12,225.344,158.8,423.056,225.152,158.76,LPLC1,red,dend[1054],0.8765070056616359
720575940628716294,424.08,228.272,159.48,423.888,228.384,159.48,LPLC1,red,dend[441],0.6156829391464872
720575940628716294,424.96,218.88,159.84,425.024,218.8,159.96,LPLC1,red,dend[1699],0.7424942774118584
720575940628716294,418.576,229.088,159.68,418.656,229.28,159.68,LPLC1,red,dend[924],0.6263630470722942
720575940628716294,420.416,218.432,162.76,420.416,218.64,162.76,LPLC1,red,dend[1446],0.5480783438095318
720575940628716294,422.88,225.376,159.16,422.688,225.44,159.12,LPLC1,red,dend[1054],0.4899164065600943
720575940628716294,420.448,228.432,163.32,420.576,228.56,163.32,LPLC1,red,dend[1081],0.9529456189724766
720575940612570481,423.168,218.24,162.4,423.072,218.384,162.48,LPLC1,red,dend[1691],1.0
720575940612570481,423.904,218.688,162.04,423.776,218.88,162.04,LPLC1,red,dend[1694],0.24396169782479163
720575940612570481,413.936,228.128,162.44,414.112,228.016,162.44,LPLC1,red,dend[660],0.4171246638322546
720575940612570481,418.912,225.008,159.6,418.976,225.152,159.68,LPLC1,red,dend[1060],0.2971845750448719
720575940612570481,419.152,226.384,162.44,419.104,226.592,162.36,LPLC1,red,dend[1062],0.7621966225982116
720575940613304803,419.392,223.76,159.44,419.52,223.824,159.32,LPLC1,red,dend[1059],0.8958171120127489
720575940613304803,423.92,219.568,162.24,423.888,219.632,162.4,LPLC1,red,dend[1705],0.5270907377769941
720575940613304803,422.256,220.944,160.52,422.32,221.024,160.68,LPLC1,red,dend[1442],0.5018647163385977
720575940613304803,419.424,224.08,159.76,419.52,224.272,159.8,LPLC1,red,dend[1059],0.3304516771300887
720575940645750324,424.24,220.352,162.16,424.24,220.224,162.12,LPLC1,red,dend[1707],0.5057562181563108
720575940645750324,413.664,225.024,162.24,413.664,224.784,162.24,LPLC1,red,dend[1645],0.9426768460281534
720575940645750324,424.272,219.968,162.32,424.048,219.952,162.36,LPLC1,red,dend[1705],0.8039292802177291
720575940620050811,422.24,216.384,161.36,422.16,216.528,161.24,LPLC1,red,dend[1448],0.9248221898730359
720575940620050811,420.432,220.816,161.4,420.256,221.024,161.4,LPLC1,red,dend[1445],0.876435294309794
720575940622694217,415.904,222.336,162.64,415.888,222.432,162.56,LPLC1,red,dend[1640],0.8267269883070112
720575940622694217,425.92,221.648,161.2,425.808,221.52,161.24,LPLC1,red,dend[324],1.0
720575940622694217,425.968,221.216,161.32,425.952,221.392,161.16,LPLC1,red,dend[326],0.7441216964118368
720575940622694217,420.64,226.368,161.52,420.528,226.32,161.64,LPLC1,red,dend[1070],0.9579066908028299
720575940622694217,424.8,219.216,161.2,424.736,219.136,161.36,LPLC1,red,dend[1697],0.772616753867391
720575940622694217,425.696,221.44,161.4,425.632,221.552,161.28,LPLC1,red,dend[325],0.3262492383101248
720575940622694217,424.832,219.424,161.0,424.64,219.472,161.04,LPLC1,red,dend[1702],0.8649272555915002
720575940622694217,425.712,224.72,163.12,425.808,224.896,163.16,LPLC1,red,dend[1230],0.611546786350473
720575940622694217,420.064,226.688,162.04,420.048,226.432,161.96,LPLC1,red,dend[1070],0.6300053483567808
720575940629778587,422.24,217.52,160.8,422.304,217.52,160.64,LPLC1,red,dend[1454],0.6164101759889855
720575940629778587,421.008,217.664,162.04,421.04,217.568,162.16,LPLC1,red,dend[1448],0.30108847001686956
720575940640792973,424.672,219.04,160.16,424.816,218.912,160.2,LPLC1,red,dend[1699],0.5225859233565405
720575940640792973,422.448,218.032,160.52,422.352,217.856,160.52,LPLC1,red,dend[1454],0.9485520518180418
720575940629778587,414.384,223.024,161.92,414.464,222.992,162.04,LPLC1,red,dend[1657],0.19449989258393227
720575940629778587,423.456,224.576,161.32,423.584,224.896,161.36,LPLC1,red,dend[1084],1.0
720575940629778587,416.128,222.304,162.12,416.16,222.304,162.32,LPLC1,red,dend[1640],1.0
720575940629778587,421.616,216.912,161.88,421.712,217.024,161.84,LPLC1,red,dend[1448],0.6174685636271822
720575940637905478,424.848,222.64,161.52,424.88,222.768,161.4,LPLC1,red,dend[323],0.7550154388146347
720575940622670845,420.752,224.272,159.76,420.752,224.16,159.92,LPLC1,red,dend[1058],0.304860366917839
720575940637905478,424.432,228.0,161.64,424.64,227.968,161.76,LPLC1,red,dend[439],0.23120132048270398
720575940637905478,423.2,222.912,162.8,423.264,222.848,162.92,LPLC1,red,dend[1232],0.9925887462356926
720575940637905478,423.536,228.272,161.88,423.52,228.272,162.04,LPLC1,red,dend[616],0.5551050773256762
720575940637905478,421.04,228.096,161.6,421.12,227.952,161.52,LPLC1,red,dend[1077],0.6226876483933016
720575940637905478,424.496,222.912,161.52,424.688,222.96,161.48,LPLC1,red,dend[323],0.9395222751814336
720575940637905478,420.208,218.096,163.36,420.064,218.128,163.32,LPLC1,red,dend[1456],0.8270649329555132
720575940622670845,424.72,226.08,163.12,424.784,226.256,163.16,LPLC1,red,dend[1237],0.6599663377285798
720575940637905478,418.896,227.008,161.68,418.976,227.008,161.88,LPLC1,red,dend[1044],0.7080533521141822
720575940637905478,419.376,227.584,161.04,419.36,227.776,161.0,LPLC1,red,dend[1071],0.44706673838200855
720575940637905478,425.888,221.888,161.28,425.712,221.808,161.2,LPLC1,red,dend[324],0.6667332584935399
720575940637905478,424.976,217.728,162.92,424.88,217.84,163.0,LPLC1,red,dend[1711],0.9710721589338766
720575940622670845,412.96,227.152,161.08,412.928,227.008,161.2,LPLC1,red,dend[660],0.924913451779455
720575940637905478,420.848,228.416,162.0,420.816,228.64,162.0,LPLC1,red,dend[1042],0.10987828581448064
720575940637905478,423.104,216.8,162.96,423.056,216.608,162.92,LPLC1,red,dend[1710],0.4118172376689691
720575940637905478,419.936,227.936,160.72,419.936,227.792,160.68,LPLC1,red,dend[1071],0.9197831855746186
720575940622670845,421.664,224.224,159.12,421.872,224.192,159.16,LPLC1,red,dend[1055],0.9141050933057416
720575940637905478,421.408,218.032,163.08,421.424,218.256,163.08,LPLC1,red,dend[1434],0.5222731350654617
720575940626865148,419.968,220.976,161.24,420.176,221.056,161.28,LPLC1,red,dend[1445],0.9781723517373361
720575940621522671,420.416,220.464,162.4,420.352,220.368,162.28,LPLC1,red,dend[1443],0.5913565307989427
720575940621522671,419.872,220.88,162.76,419.728,220.752,162.8,LPLC1,red,dend[1444],0.8649488277025851
720575940632481849,415.008,228.944,163.04,415.056,228.784,163.0,LPLC1,red,dend[660],0.07501164744117451
720575940632481849,414.576,229.024,162.88,414.656,228.8,162.88,LPLC1,red,dend[660],0.16048928458897807
720575940632481849,415.104,229.024,163.2,415.2,228.88,163.28,LPLC1,red,dend[654],0.8523551752395999
720575940632481849,415.136,228.864,162.84,415.12,228.72,162.92,LPLC1,red,dend[660],0.08264185873992608
720575940624530835,424.928,225.616,160.56,424.8,225.472,160.6,LPLC1,red,dend[375],0.7388894060355734
720575940624530835,425.824,224.432,160.88,425.776,224.272,160.72,LPLC1,red,dend[1087],0.966030602686126
720575940616881821,418.64,225.584,159.2,418.768,225.6,159.28,LPLC1,red,dend[1060],0.5937787116719923
720575940616881821,425.744,223.76,160.64,425.664,223.824,160.52,LPLC1,red,dend[1088],0.43905342159823085
720575940621110464,424.656,224.752,162.04,424.864,224.784,162.16,LPLC1,red,dend[1236],0.6759558458438039
720575940616881821,425.6,223.536,160.6,425.552,223.648,160.44,LPLC1,red,dend[1088],0.7302657165393641
720575940645744676,419.856,225.248,161.68,419.664,225.04,161.72,LPLC1,red,dend[1048],0.9061392148617413
720575940621110464,424.832,225.712,161.24,424.864,225.616,161.16,LPLC1,red,dend[375],0.5680569239130294
720575940616881821,418.448,226.288,159.12,418.592,226.304,159.16,LPLC1,red,dend[1060],0.9310015560288517
720575940616881821,421.264,221.456,161.52,421.472,221.36,161.48,LPLC1,red,dend[1441],0.3625160075135842
720575940628324802,422.928,216.384,162.44,422.72,216.464,162.44,LPLC1,red,dend[1710],0.9136024563757225
720575940628324802,425.888,214.16,159.24,425.744,214.256,159.16,LPLC1,red,dend[1277],1.0
720575940628324802,425.856,213.088,159.12,425.648,212.992,159.12,LPLC1,red,dend[1283],0.9717295968388935
720575940628324802,424.72,225.536,161.0,424.864,225.6,161.04,LPLC1,red,dend[375],0.6013368315817452
720575940628324802,423.808,225.024,161.28,423.68,224.896,161.32,LPLC1,red,dend[1087],0.10637931190743787
720575940628324802,422.72,227.088,160.4,422.672,227.328,160.44,LPLC1,red,dend[1079],0.9645271025271104
720575940628324802,422.768,225.136,158.96,422.752,225.264,158.92,LPLC1,red,dend[1054],0.5800452428477445
720575940628324802,421.648,227.376,160.72,421.824,227.456,160.8,LPLC1,red,dend[1078],0.8598874541540225
720575940628324802,415.648,229.312,163.6,415.488,229.232,163.72,LPLC1,red,dend[654],0.4378897731013886
720575940615999547,422.848,227.184,160.48,422.672,227.328,160.44,LPLC1,red,dend[1079],0.9645271025271104
720575940615999547,421.024,221.168,163.8,421.136,221.136,163.88,LPLC1,red,dend[1685],0.9936124940794289
720575940615999547,421.264,221.12,163.64,421.296,220.96,163.76,LPLC1,red,dend[1685],0.9293784032181847
720575940615999547,423.952,216.848,162.92,423.936,216.704,163.04,LPLC1,red,dend[1709],0.5701775053870027
720575940615999547,422.064,219.328,163.2,422.208,219.504,163.2,LPLC1,red,dend[1704],0.8879703521324057
720575940615362558,419.2,225.344,161.2,419.328,225.392,161.12,LPLC1,red,dend[1048],0.34541640157345344
720575940615362558,424.432,227.456,158.96,424.24,227.6,158.96,LPLC1,red,dend[441],0.9522144291430797
720575940615362558,424.688,225.712,161.76,424.864,225.648,161.6,LPLC1,red,dend[375],0.45148130410232246
720575940615362558,424.224,226.192,161.88,424.096,226.336,161.88,LPLC1,red,dend[1083],0.612208287434517
720575940615362558,422.016,225.104,163.08,421.888,225.28,163.16,LPLC1,red,dend[389],0.9326976188084765
720575940627555197,422.368,226.128,163.68,422.224,226.256,163.68,LPLC1,red,dend[382],0.5974579685114724
720575940627555197,419.248,224.384,159.96,419.456,224.368,159.88,LPLC1,red,dend[1059],0.24435137808065782
720575940627555197,422.256,226.048,163.72,422.064,226.08,163.68,LPLC1,red,dend[382],0.8525784459845994
720575940627555197,417.888,226.032,163.12,418.032,226.08,163.2,LPLC1,red,dend[1065],0.5475379984799446
720575940627555197,417.456,226.016,163.6,417.424,225.808,163.68,LPLC1,red,dend[1068],0.20914346938586595
720575940627555197,421.36,228.512,161.6,421.184,228.512,161.6,LPLC1,red,dend[1076],0.612477303995703
720575940630420281,422.144,219.696,163.48,422.176,219.552,163.28,LPLC1,red,dend[1704],0.9409733362770711
720575940619695494,418.624,226.512,160.72,418.56,226.464,160.56,LPLC1,red,dend[1046],0.8642021239863227
720575940619695494,419.808,227.568,160.4,419.968,227.728,160.44,LPLC1,red,dend[1071],1.0
720575940630420281,424.096,220.032,162.68,424.096,220.016,162.44,LPLC1,red,dend[1705],0.8661878485470109
720575940639172816,423.552,219.248,162.0,423.536,219.024,162.04,LPLC1,red,dend[1693],1.0
720575940639172816,423.968,219.2,161.76,423.824,219.056,161.72,LPLC1,red,dend[1694],0.5366615775079884
720575940639172816,424.144,224.656,162.48,424.24,224.512,162.52,LPLC1,red,dend[1231],0.24663578943649886
720575940626260490,423.088,225.584,162.2,423.04,225.552,162.12,LPLC1,red,dend[1090],0.5371589821287521
720575940626260490,423.28,225.872,161.92,423.392,226.0,161.84,LPLC1,red,dend[1083],0.8324665998520042
720575940626260490,423.392,226.112,163.76,423.264,226.112,163.6,LPLC1,red,dend[379],0.7375636785773977
720575940626260490,424.032,228.928,159.8,423.856,228.88,159.76,LPLC1,red,dend[441],0.4105213611852144
720575940626260490,424.032,227.984,159.44,423.856,228.224,159.44,LPLC1,red,dend[441],0.6736258805545388
720575940616298816,424.24,216.72,163.08,424.112,216.656,162.96,LPLC1,red,dend[1709],0.8317403970480696
720575940616298816,424.784,218.016,162.84,424.896,217.872,162.96,LPLC1,red,dend[1711],1.0
720575940616298816,424.416,217.632,163.24,424.592,217.648,163.36,LPLC1,red,dend[1711],0.5990320097066915
720575940616298816,419.936,225.744,159.4,420.064,225.584,159.4,LPLC1,red,dend[1051],0.15435151395498034
720575940616298816,424.992,225.552,161.96,424.96,225.728,161.88,LPLC1,red,dend[375],0.363075445813927
720575940623514467,417.056,225.52,163.76,417.088,225.648,163.76,LPLC1,red,dend[1068],0.8230312496588104
720575940623514467,421.392,217.68,162.0,421.2,217.568,162.04,LPLC1,red,dend[1448],0.3672509214349299
720575940623514467,417.248,225.552,163.68,417.232,225.696,163.76,LPLC1,red,dend[1068],0.5719318528904576
720575940616201695,422.928,224.672,161.16,422.96,224.8,161.04,LPLC1,red,dend[1085],0.6755619005499781
720575940623514467,417.664,225.472,163.8,417.696,225.68,163.84,LPLC1,red,dend[1069],0.8382942723449375
720575940636983518,424.704,225.376,160.76,424.8,225.504,160.64,LPLC1,red,dend[375],0.7223453951714708
720575940636983518,423.744,225.376,161.52,423.568,225.232,161.56,LPLC1,red,dend[1084],0.35167689488974424
720575940636983518,418.112,222.064,161.2,418.08,222.272,161.16,LPLC1,red,dend[1641],0.9732912835633781
720575940636983518,423.376,226.128,161.68,423.36,226.032,161.84,LPLC1,red,dend[1083],0.8298152058982573
720575940636703977,423.328,216.672,160.92,423.184,216.704,161.08,LPLC1,red,dend[1451],0.7588053594124401
720575940636703977,416.032,228.192,163.48,416.016,228.16,163.64,LPLC1,red,dend[656],0.4385614317324173
720575940636703977,414.592,224.448,159.88,414.688,224.432,159.96,LPLC1,red,dend[1647],1.0
720575940636703977,419.584,225.376,161.12,419.376,225.344,161.12,LPLC1,red,dend[1048],0.37212383704860985
720575940636703977,424.912,224.768,162.68,424.96,224.608,162.64,LPLC1,red,dend[1230],0.9248985984009568
720575940636703977,424.896,224.752,162.4,424.8,224.736,162.28,LPLC1,red,dend[1236],0.4198776295091854
720575940632946477,414.4,223.216,163.24,414.384,223.136,163.12,LPLC1,red,dend[1643],0.45636610348311407
720575940632946477,416.704,222.736,161.96,416.736,222.576,161.84,LPLC1,red,dend[1641],0.32639556424581884
720575940632946477,423.344,229.04,161.32,423.344,229.264,161.36,LPLC1,red,dend[439],1.0
720575940632946477,416.464,227.632,163.32,416.48,227.76,163.4,LPLC1,red,dend[658],0.7205935588183432
720575940632946477,422.352,221.392,160.12,422.464,221.248,160.2,LPLC1,red,dend[1442],0.7084284869428796
720575940632946477,416.224,222.528,162.48,416.016,222.384,162.48,LPLC1,red,dend[1640],0.8992586424725826
720575940644971299,419.488,224.768,161.72,419.504,224.96,161.68,LPLC1,red,dend[1048],0.917497506217135
720575940644971299,425.968,221.856,160.56,426.112,221.984,160.56,LPLC1,red,dend[327],0.05342480740739128
720575940624588070,425.264,224.752,162.52,425.232,224.768,162.68,LPLC1,red,dend[1230],0.7979541522069037
720575940624588070,425.84,214.64,159.76,426.0,214.544,159.88,LPLC1,red,dend[1275],0.16581951100357661
720575940624305737,421.072,217.968,162.56,420.928,217.888,162.48,LPLC1,red,dend[1447],0.7863338835715229
720575940624588070,424.88,226.0,162.04,425.024,225.856,162.0,LPLC1,red,dend[375],0.3055481585173682
720575940624588070,423.872,226.784,162.52,423.856,227.008,162.52,LPLC1,red,dend[433],0.9484421275804358
720575940624588070,421.376,220.656,163.8,421.344,220.896,163.8,LPLC1,red,dend[1685],0.880279449154984
720575940635631211,413.04,226.848,161.24,413.008,227.024,161.2,LPLC1,red,dend[660],0.9086264528987553
720575940635631211,417.024,229.04,159.88,417.072,228.912,159.88,LPLC1,red,dend[923],0.8901626481754453
720575940635631211,414.928,225.36,160.56,415.04,225.232,160.56,LPLC1,red,dend[1648],0.8864470053257635
720575940635631211,416.912,229.024,159.92,416.96,228.896,159.88,LPLC1,red,dend[923],0.9587155510534877
720575940635631211,424.016,226.544,161.8,424.08,226.368,161.88,LPLC1,red,dend[1083],0.6066077924537541
720575940635631211,412.592,226.752,161.32,412.704,226.88,161.24,LPLC1,red,dend[660],0.9757021247877801
720575940615934150,414.08,227.216,161.52,413.744,227.168,161.48,LPLC1,red,dend[660],0.7211812903173621
720575940615934150,422.784,218.304,162.12,422.72,218.208,162.24,LPLC1,red,dend[1692],0.32651546498966444
720575940615934150,420.8,226.0,163.28,420.896,225.824,163.28,LPLC1,red,dend[384],1.0
720575940629047340,424.576,219.264,161.56,424.512,219.2,161.36,LPLC1,red,dend[1697],0.4283681644515773
720575940629047340,423.184,219.536,162.48,423.168,219.312,162.44,LPLC1,red,dend[1703],1.0
720575940629047340,422.112,219.616,163.0,422.24,219.456,163.08,LPLC1,red,dend[1704],0.8203097702856051
720575940629047340,419.584,220.624,162.84,419.712,220.752,162.76,LPLC1,red,dend[1444],0.8307250502881547
720575940629047340,421.904,224.112,159.56,421.888,224.352,159.52,LPLC1,red,dend[1055],0.8383621726505225
720575940629047340,414.4,227.952,162.4,414.064,227.856,162.2,LPLC1,red,dend[660],0.47866906980219104
720575940634361336,425.696,214.656,159.08,425.824,214.528,159.2,LPLC1,red,dend[1278],0.7639287946140861
720575940634361336,424.896,218.88,161.24,424.848,219.088,161.32,LPLC1,red,dend[1697],0.9465701705258724
720575940634361336,420.928,218.992,162.36,421.104,219.104,162.4,LPLC1,red,dend[1437],0.6689804875193059
720575940634361336,417.664,227.376,159.12,417.76,227.6,159.08,LPLC1,red,dend[927],0.9372431608508373
720575940634361336,422.4,218.256,161.88,422.544,218.16,161.8,LPLC1,red,dend[1692],0.695529286124043
720575940645134103,413.824,227.12,161.88,413.808,227.264,161.76,LPLC1,red,dend[660],0.6595231157999748
720575940645134103,420.256,220.848,162.16,420.208,220.688,162.16,LPLC1,red,dend[1443],0.8335332767995707
720575940645134103,423.36,218.816,161.88,423.52,218.992,161.92,LPLC1,red,dend[1694],0.25230085885215386
720575940640642723,421.616,226.608,163.44,421.632,226.688,163.56,LPLC1,red,dend[388],0.6919324185988388
720575940622932297,424.976,214.0,159.8,425.12,213.936,159.68,LPLC1,red,dend[1282],0.2937732299645172
720575940622932297,414.72,228.528,162.96,414.576,228.624,162.88,LPLC1,red,dend[660],0.1971907326065484
720575940622932297,422.848,219.328,162.4,422.864,219.328,162.6,LPLC1,red,dend[1704],0.29616427341513657
720575940622932297,423.12,223.648,163.12,423.184,223.472,163.08,LPLC1,red,dend[1232],0.6398891631098103
720575940621658971,424.896,213.216,159.56,424.992,213.312,159.68,LPLC1,red,dend[1283],0.22568092649511923
720575940621658971,423.44,213.936,160.8,423.648,213.92,160.68,LPLC1,red,dend[1286],0.31788208964178594
720575940621658971,422.848,216.448,162.16,422.688,216.496,162.36,LPLC1,red,dend[1710],0.9772117866357671
720575940621658971,424.528,213.376,159.68,424.576,213.504,159.8,LPLC1,red,dend[1282],1.0
720575940621658971,423.6,213.728,160.28,423.76,213.648,160.24,LPLC1,red,dend[1284],0.9276330692357755
720575940621658971,417.936,226.688,163.24,418.048,226.848,163.24,LPLC1,red,dend[1064],0.665854082464697
720575940621658971,418.544,226.448,163.28,418.624,226.592,163.2,LPLC1,red,dend[1063],0.7092474549906167
720575940608302857,414.016,227.664,162.2,414.048,227.776,162.12,LPLC1,red,dend[660],0.5025862799816524
720575940608302857,423.616,214.496,160.88,423.68,214.336,160.88,LPLC1,red,dend[1286],0.6570360211753411
720575940608302857,419.584,224.96,161.28,419.504,225.168,161.28,LPLC1,red,dend[1048],0.5657474894061925
720575940608302857,423.648,214.352,160.68,423.616,214.208,160.72,LPLC1,red,dend[1286],0.48954611189385033
720575940608302857,425.792,222.112,160.0,425.984,222.016,160.0,LPLC1,red,dend[327],0.16968559928440896
720575940646708788,425.184,225.2,159.72,425.344,225.216,159.76,LPLC1,red,dend[375],0.989770144333602
720575940646708788,413.92,224.352,162.0,413.744,224.384,161.92,LPLC1,red,dend[1645],0.4567887701569892
720575940646708788,413.952,224.528,162.24,413.744,224.656,162.2,LPLC1,red,dend[1645],0.8114028602307424
720575940646708788,425.584,215.824,162.4,425.664,215.696,162.48,LPLC1,red,dend[1403],0.9163555201781989
720575940646708788,413.584,224.064,160.04,413.488,223.888,160.04,LPLC1,red,dend[1655],0.7081970184323724
720575940646708788,425.824,221.12,162.88,425.84,221.312,162.8,LPLC1,red,dend[313],0.939756033679534
720575940646708788,413.664,223.936,161.68,413.888,223.968,161.64,LPLC1,red,dend[1644],0.8427988787127427
720575940646708788,424.816,225.152,160.24,424.816,225.328,160.28,LPLC1,red,dend[375],0.8480099168717111
720575940646708788,425.936,221.216,162.92,425.856,221.376,162.84,LPLC1,red,dend[313],0.9054611195669728
720575940646708788,423.056,222.528,163.0,423.184,222.688,163.04,LPLC1,red,dend[1234],0.11191873256897594
720575940646708788,415.28,228.608,163.32,415.36,228.784,163.32,LPLC1,red,dend[654],0.9413771012521228
720575940646708788,422.88,222.528,162.6,422.72,222.672,162.64,LPLC1,red,dend[1234],0.6612060868223155
720575940611922126,423.216,225.44,164.2,423.408,225.568,164.24,LPLC1,red,dend[430],0.9538214518379234
720575940611922126,421.072,221.072,164.08,421.088,221.216,163.96,LPLC1,red,dend[1685],1.0
720575940613672931,416.544,225.232,165.8,416.672,225.296,165.96,LPLC1,red,dend[728],0.9452345958129096
720575940613672931,415.056,222.128,164.72,415.168,222.288,164.76,LPLC1,red,dend[1658],0.7047181305343497
720575940613672931,411.296,226.592,168.6,411.28,226.752,168.72,LPLC1,red,dend[705],0.40290425848003675
720575940613672931,420.768,225.552,164.56,420.896,225.68,164.6,LPLC1,red,dend[387],0.5532158195066449
720575940613672931,420.848,225.984,163.88,420.976,226.016,163.72,LPLC1,red,dend[384],0.4859892582779067
720575940619506415,415.04,222.464,165.08,415.168,222.32,165.04,LPLC1,red,dend[1658],0.8413417930463993
720575940614089197,418.912,220.144,165.04,418.864,219.904,164.96,LPLC1,red,dend[1468],0.9089917991661212
720575940645134359,413.152,222.224,165.96,413.312,222.192,166.0,LPLC1,red,dend[1478],1.0
720575940645134359,413.568,221.552,165.64,413.6,221.408,165.72,LPLC1,red,dend[1478],0.5981105017757674
720575940645134359,414.352,221.36,164.92,414.32,221.168,164.8,LPLC1,red,dend[1635],0.9183795859518628
720575940645134359,413.664,226.064,165.92,413.712,226.304,165.92,LPLC1,red,dend[730],0.9765387523941005
720575940631450669,415.104,227.152,167.76,415.264,227.264,167.6,LPLC1,red,dend[724],0.7663811696479926
720575940645134359,416.896,221.488,165.12,417.04,221.632,165.2,LPLC1,red,dend[1675],0.36032470689914103
720575940619720129,420.56,226.544,166.04,420.656,226.544,165.92,LPLC1,red,dend[429],0.532725170628109
720575940619720129,421.024,227.232,164.96,420.928,227.088,164.96,LPLC1,red,dend[381],0.8861160155852779
720575940619720129,417.488,222.832,163.88,417.504,222.704,163.88,LPLC1,red,dend[1679],0.30458888658488653
720575940619720129,420.672,226.496,166.08,420.784,226.56,166.0,LPLC1,red,dend[429],0.45052360345600634
720575940619720129,417.328,222.944,164.24,417.184,222.848,164.28,LPLC1,red,dend[1677],0.7748077753980314
720575940619720129,417.616,223.2,164.92,417.68,223.04,164.96,LPLC1,red,dend[1680],0.48144317562488864
720575940616403771,411.232,228.176,167.96,411.344,228.224,168.12,LPLC1,red,dend[704],0.6915603773200272
720575940614354326,415.424,226.832,168.36,415.488,227.056,168.36,LPLC1,red,dend[723],0.9175464233300947
720575940627806992,425.888,220.704,164.28,426.016,220.736,164.44,LPLC1,red,dend[314],0.6597627313501563
720575940627806992,417.088,221.2,166.6,416.976,221.296,166.52,LPLC1,red,dend[1667],0.7625421482615549
720575940627806992,416.944,219.792,164.32,416.864,219.616,164.28,LPLC1,red,dend[1662],0.6578503580957578
720575940627806992,417.088,219.664,164.32,417.024,219.552,164.28,LPLC1,red,dend[1662],0.6202015554768967
720575940629661381,418.352,223.904,166.76,418.176,223.984,166.8,LPLC1,red,dend[1668],0.9785543174657121
720575940629661381,425.008,222.784,164.6,424.944,222.592,164.56,LPLC1,red,dend[355],0.37114570083370596
720575940629661381,424.928,223.6,164.6,425.12,223.632,164.68,LPLC1,red,dend[354],0.8343567165914358
720575940629661381,416.208,226.768,167.0,416.016,226.768,166.92,LPLC1,red,dend[726],0.40579558539826244
720575940627806992,417.152,221.264,166.56,416.992,221.392,166.56,LPLC1,red,dend[1667],0.8352688259803975
720575940629661381,425.616,223.216,164.0,425.744,223.296,163.92,LPLC1,red,dend[356],0.741419408238429
720575940625175068,415.712,227.168,167.12,415.648,226.944,167.16,LPLC1,red,dend[725],0.49024483330694374
720575940625031426,414.896,220.384,164.0,414.896,220.496,164.12,LPLC1,red,dend[1661],0.88010182958193
720575940625031426,416.352,228.032,163.84,416.192,227.952,163.88,LPLC1,red,dend[657],0.18282761788468802
720575940625031426,410.816,222.176,164.72,410.592,222.112,164.72,LPLC1,red,dend[1517],0.9315996181031163
720575940626721881,410.752,221.216,165.84,410.56,221.056,165.84,LPLC1,red,dend[1482],1.0
720575940626721881,412.528,226.64,167.28,412.352,226.608,167.4,LPLC1,red,dend[709],0.5909091495980133
720575940626721881,415.168,228.304,163.88,415.328,228.256,163.96,LPLC1,red,dend[659],0.8270467721811461
720575940608422958,412.336,229.312,168.44,412.496,229.296,168.52,LPLC1,red,dend[694],0.2863006815465103
720575940626721881,413.744,221.504,164.08,413.712,221.664,164.04,LPLC1,red,dend[1660],0.9586918815371395
720575940625369884,414.672,220.832,164.12,414.464,220.8,164.16,LPLC1,red,dend[1635],1.0
720575940625369884,416.08,225.696,166.24,416.032,225.584,166.32,LPLC1,red,dend[727],1.0
720575940625369884,420.448,226.224,164.64,420.576,226.272,164.48,LPLC1,red,dend[386],0.8453984122029482
720575940625369884,417.232,219.376,164.08,417.184,219.504,164.24,LPLC1,red,dend[1662],0.6135714268220194
720575940625369884,417.344,219.2,164.16,417.504,219.232,164.2,LPLC1,red,dend[1473],0.6358097492308882
720575940625369884,415.712,225.984,166.56,415.824,225.856,166.68,LPLC1,red,dend[727],0.649147315183744
720575940625369884,414.112,222.432,163.88,414.24,222.496,163.8,LPLC1,red,dend[1638],1.0
720575940632086573,415.024,229.296,164.92,415.008,229.296,165.08,LPLC1,red,dend[666],0.8963613039185829
720575940632086573,411.088,229.28,166.6,411.072,229.456,166.6,LPLC1,red,dend[693],0.6871284621396712
720575940621403887,417.072,222.816,163.92,417.184,222.88,164.08,LPLC1,red,dend[1677],0.968730750932967
720575940621403887,415.136,222.4,164.64,415.168,222.288,164.68,LPLC1,red,dend[1658],0.6647453082261101
720575940621403887,416.8,223.136,164.04,416.976,223.216,164.08,LPLC1,red,dend[1678],0.8852779063229915
720575940632086573,411.728,229.344,166.76,411.728,229.504,166.84,LPLC1,red,dend[693],0.3815418273095278
720575940632086573,414.608,229.296,165.04,414.656,229.584,165.12,LPLC1,red,dend[666],0.32611972886862073
720575940621403887,415.072,222.448,164.32,415.104,222.32,164.24,LPLC1,red,dend[1658],0.41600896716931407
720575940621403887,414.032,222.912,164.68,414.144,222.992,164.64,LPLC1,red,dend[1639],0.8444484065399881
720575940628716294,414.336,221.312,164.64,414.336,221.136,164.68,LPLC1,red,dend[1635],0.977052736835072
720575940628716294,412.992,226.0,165.68,412.864,225.936,165.76,LPLC1,red,dend[710],0.8858412796926798
720575940628716294,413.76,221.12,164.28,413.776,221.264,164.4,LPLC1,red,dend[1660],0.3009535555686707
720575940628716294,413.616,220.752,164.28,413.76,220.736,164.4,LPLC1,red,dend[1660],0.16179891097126428
720575940628716294,413.968,220.96,164.08,414.176,220.976,164.12,LPLC1,red,dend[1635],1.0
720575940628716294,414.624,221.728,164.12,414.56,221.728,163.92,LPLC1,red,dend[1637],0.2907130467313487
720575940628716294,417.664,220.096,164.68,417.84,220.16,164.72,LPLC1,red,dend[1671],0.7723011438057662
720575940628716294,417.68,219.824,164.64,417.792,219.776,164.76,LPLC1,red,dend[1671],0.4524637107689726
720575940628716294,415.328,221.232,163.88,415.2,221.152,163.84,LPLC1,red,dend[1659],0.8772605069948504
720575940628716294,417.584,220.416,164.68,417.76,220.432,164.76,LPLC1,red,dend[1671],0.9693249560559092
720575940628716294,413.616,226.544,165.6,413.744,226.592,165.68,LPLC1,red,dend[730],0.9819394313989108
720575940613304803,412.832,226.224,165.88,412.752,226.016,165.84,LPLC1,red,dend[710],0.8165282581436757
720575940645750324,415.664,225.488,166.32,415.68,225.664,166.36,LPLC1,red,dend[727],0.9176346018939193
720575940620050811,421.328,220.016,165.6,421.456,219.904,165.56,LPLC1,red,dend[1684],0.33709623175956893
720575940622694217,415.52,222.32,165.88,415.728,222.352,165.92,LPLC1,red,dend[1681],0.9196849204457138
720575940622694217,417.2,222.544,164.68,417.184,222.736,164.64,LPLC1,red,dend[1677],0.42714078531493593
720575940622694217,416.896,221.888,164.88,417.008,221.936,165.0,LPLC1,red,dend[1675],0.6368802027700745
720575940629778587,420.736,226.416,164.56,420.624,226.256,164.48,LPLC1,red,dend[386],0.7015777268992527
720575940629778587,420.688,226.96,164.88,420.752,227.12,164.96,LPLC1,red,dend[381],0.9588269043253203
720575940637905478,414.448,227.152,166.64,414.576,227.072,166.64,LPLC1,red,dend[730],0.4196496970784242
720575940637905478,416.832,223.232,165.48,416.864,223.072,165.32,LPLC1,red,dend[1680],0.42762032598897576
720575940626865148,412.944,228.352,165.96,412.928,228.208,166.04,LPLC1,red,dend[692],0.8352688944042469
720575940632481849,410.672,226.88,168.92,410.688,226.752,169.08,LPLC1,red,dend[705],0.6739874411332326
720575940632481849,421.584,219.712,164.48,421.584,219.824,164.68,LPLC1,red,dend[1685],0.06272609651897404
720575940632481849,410.736,226.848,168.88,410.784,226.816,169.0,LPLC1,red,dend[705],0.5973088550048491
720575940624530835,412.768,228.608,166.28,412.816,228.416,166.36,LPLC1,red,dend[692],0.5491454297012243
720575940616881821,411.792,227.04,167.36,411.904,227.008,167.48,LPLC1,red,dend[708],0.4230335598003966
720575940616881821,412.112,226.224,166.2,412.176,226.32,166.16,LPLC1,red,dend[710],0.5192450276789784
720575940628324802,417.152,221.2,165.32,417.184,221.328,165.16,LPLC1,red,dend[1673],0.9964081095815246
720575940628324802,418.656,219.856,164.88,418.72,219.664,164.96,LPLC1,red,dend[1468],0.6945073023061126
720575940628324802,418.048,220.256,164.68,417.872,220.16,164.68,LPLC1,red,dend[1671],0.7860914294638898
720575940628324802,423.776,222.704,164.32,423.952,222.576,164.4,LPLC1,red,dend[355],0.9685669061941263
720575940628324802,417.488,221.248,165.12,417.344,221.328,165.12,LPLC1,red,dend[1673],0.9389478231482834
720575940628324802,416.16,227.808,164.84,416.208,227.68,164.84,LPLC1,red,dend[657],0.8253010264732097
720575940614362380,412.016,226.512,166.96,412.096,226.72,166.96,LPLC1,red,dend[710],0.11406150598692681
720575940614362380,417.728,223.776,167.2,417.84,223.6,167.2,LPLC1,red,dend[1668],0.8019607680049894
720575940615999547,412.208,226.368,167.4,412.336,226.576,167.4,LPLC1,red,dend[709],0.6197720828416634
720575940615362558,414.368,227.28,167.16,414.496,227.408,167.08,LPLC1,red,dend[730],0.2827154172058324
720575940627555197,414.032,227.008,165.96,414.176,227.056,165.92,LPLC1,red,dend[730],0.7208905400207861
720575940630420281,415.536,220.112,165.08,415.52,220.032,164.92,LPLC1,red,dend[1475],0.5101245199397881
720575940630420281,420.4,219.392,164.2,420.368,219.232,164.08,LPLC1,red,dend[1459],1.0
720575940630420281,418.528,219.632,164.88,418.608,219.472,164.96,LPLC1,red,dend[1468],0.5240802230810439
720575940630420281,413.472,221.568,165.88,413.584,221.696,165.84,LPLC1,red,dend[1478],0.7558777086360035
720575940630420281,411.504,220.592,166.84,411.28,220.624,166.72,LPLC1,red,dend[1634],0.9219016690896058
720575940630420281,413.536,221.12,165.68,413.552,221.184,165.6,LPLC1,red,dend[1478],0.4673845824113855
720575940630420281,420.416,219.168,164.84,420.448,218.944,164.84,LPLC1,red,dend[1682],0.7876346318036084
720575940639172816,421.712,220.912,164.2,421.648,220.704,164.16,LPLC1,red,dend[1685],0.634697722049614
720575940626260490,416.064,227.68,164.56,416.24,227.696,164.64,LPLC1,red,dend[657],0.6929321946262025
720575940626260490,417.632,223.072,167.2,417.648,223.152,167.04,LPLC1,red,dend[1668],0.6294284644733156
720575940626260490,413.792,222.176,165.92,413.568,222.064,165.92,LPLC1,red,dend[1478],0.9478120958523105
720575940616201695,411.264,226.832,167.72,411.392,226.944,167.68,LPLC1,red,dend[707],0.1144620013123294
720575940616201695,411.184,226.224,167.16,411.216,226.336,167.04,LPLC1,red,dend[707],0.8522542094325607
720575940636983518,409.984,221.36,166.36,409.952,221.536,166.32,LPLC1,red,dend[1541],0.5907783748305296
720575940636983518,410.896,220.704,166.72,411.056,220.592,166.72,LPLC1,red,dend[1634],0.7397510939855003
720575940636983518,411.184,220.752,166.4,411.024,220.448,166.4,LPLC1,red,dend[1634],0.43091675259590917
720575940636703977,410.048,222.336,165.28,410.048,222.128,165.2,LPLC1,red,dend[1517],0.5378884379317725
720575940632946477,416.064,227.856,163.88,416.192,227.968,163.84,LPLC1,red,dend[657],0.15556301517571394
720575940632946477,414.96,227.152,166.92,414.768,227.28,166.92,LPLC1,red,dend[730],0.2603785283533002
720575940624588070,411.216,226.656,167.2,411.296,226.544,167.24,LPLC1,red,dend[707],0.6044702357319955
720575940624588070,417.664,219.616,165.44,417.744,219.456,165.52,LPLC1,red,dend[1670],1.0
720575940635631211,416.144,222.112,165.68,416.128,222.192,165.56,LPLC1,red,dend[1681],0.5573325078278207
720575940635631211,410.048,221.824,166.72,410.08,221.936,166.6,LPLC1,red,dend[1541],0.8203918153265273
720575940615934150,424.224,222.448,164.24,424.256,222.512,164.4,LPLC1,red,dend[355],0.8038605964133873
720575940635631211,413.568,221.92,166.0,413.536,222.064,165.92,LPLC1,red,dend[1478],0.9454884629718308
720575940615934150,417.216,222.096,165.28,417.088,222.032,165.12,LPLC1,red,dend[1675],0.6804210882039305
720575940615934150,417.232,222.048,165.32,417.136,221.84,165.28,LPLC1,red,dend[1675],0.4922925095520967
720575940615934150,414.688,226.928,166.56,414.592,227.056,166.6,LPLC1,red,dend[730],0.4272278630385799
720575940615934150,414.688,227.184,165.92,414.432,227.2,165.92,LPLC1,red,dend[730],0.6216838593991567
720575940635631211,410.064,221.904,166.8,410.112,222.016,166.64,LPLC1,red,dend[1541],0.8658787876509656
720575940635631211,415.888,222.112,165.84,415.872,222.32,165.84,LPLC1,red,dend[1681],0.8083843003467007
720575940629047340,413.92,221.312,164.88,414.0,221.056,164.88,LPLC1,red,dend[1660],0.3476993461965525
720575940629047340,414.992,222.016,163.92,414.864,222.144,163.88,LPLC1,red,dend[1658],0.15816069191981771
720575940629047340,411.984,227.216,167.4,411.904,227.072,167.52,LPLC1,red,dend[708],0.35560548768046285
720575940634361336,411.424,228.176,168.24,411.408,228.112,168.16,LPLC1,red,dend[704],0.7196375048237444
720575940634361336,412.752,228.736,167.0,412.64,228.816,166.88,LPLC1,red,dend[691],0.8841665081005217
720575940634361336,411.552,228.656,168.8,411.648,228.592,168.96,LPLC1,red,dend[704],0.30400341426825994
720575940634361336,414.224,227.312,165.76,414.352,227.216,165.84,LPLC1,red,dend[730],0.6630989032648148
720575940634361336,411.44,228.096,168.32,411.472,227.984,168.24,LPLC1,red,dend[704],0.7433637578465628
720575940634361336,412.64,228.864,167.24,412.624,229.04,167.2,LPLC1,red,dend[691],0.6468190751179445
720575940634361336,411.808,228.08,168.32,411.776,228.016,168.44,LPLC1,red,dend[704],0.6551890555932175
720575940640642723,417.44,222.528,167.0,417.52,222.64,166.88,LPLC1,red,dend[1668],0.4476380549204567
720575940640642723,424.256,222.736,164.32,424.16,222.56,164.4,LPLC1,red,dend[355],0.8507438366870539
720575940621658971,415.248,227.936,163.88,415.296,228.176,163.92,LPLC1,red,dend[659],0.9071684403629139
720575940621658971,411.76,228.4,166.88,411.872,228.576,166.88,LPLC1,red,dend[691],1.0
720575940646708788,424.88,225.392,164.16,424.912,225.536,164.24,LPLC1,red,dend[1237],0.9866952608842466
720575940646708788,421.888,220.592,164.6,421.84,220.384,164.6,LPLC1,red,dend[1685],0.3177611323043918
720575940646708788,410.064,222.112,166.48,410.176,222.096,166.64,LPLC1,red,dend[1541],0.9120536500351096
720575940613672931,410.432,226.464,169.16,410.592,226.64,169.16,LPLC1,red,dend[705],0.7700013103520436
720575940619720129,410.704,226.64,169.28,410.656,226.624,169.16,LPLC1,red,dend[705],0.7596299072683005
720575940619720129,410.832,226.528,169.32,410.784,226.336,169.2,LPLC1,red,dend[705],0.854845342168271
720575940625369884,410.96,226.144,169.2,410.816,226.32,169.24,LPLC1,red,dend[705],0.8657189190600154
720575940614362380,410.608,226.336,169.32,410.72,226.304,169.2,LPLC1,red,dend[705],0.8845520283424096
720575940621522671,422.816,231.584,149.6,422.864,231.632,149.72,LPLC1,red,dend[484],0.9871924422764724
720575940613672931,415.52,229.728,162.52,415.664,229.92,162.48,LPLC1,red,dend[647],0.9700523924706658
720575940613672931,416.528,229.616,161.88,416.72,229.568,161.96,LPLC1,red,dend[920],0.9687769590142752
720575940619506415,414.608,230.72,163.64,414.544,230.592,163.68,LPLC1,red,dend[661],0.6763372282514722
720575940614089197,413.936,230.848,163.8,414.128,230.72,163.84,LPLC1,red,dend[661],0.940618800703984
720575940645134359,418.256,230.128,160.0,418.432,230.224,160.0,LPLC1,red,dend[922],0.7142973279162663
720575940619720129,424.896,229.408,161.16,424.912,229.472,161.0,LPLC1,red,dend[440],0.5078899084218126
720575940625031426,416.08,229.952,163.64,415.92,230.016,163.6,LPLC1,red,dend[653],0.37370750894684396
720575940621403887,415.344,231.952,163.4,415.456,231.952,163.52,LPLC1,red,dend[741],0.9216467619438804
720575940645750324,413.312,229.888,163.52,413.264,230.048,163.48,LPLC1,red,dend[738],0.817734353077975
720575940628324802,415.68,230.32,163.6,415.728,230.32,163.72,LPLC1,red,dend[652],0.9050060163805344
720575940628324802,415.36,229.776,163.48,415.136,229.856,163.52,LPLC1,red,dend[653],0.9386228162895011
720575940626260490,416.432,230.272,163.32,416.64,230.272,163.4,LPLC1,red,dend[650],0.9211615358258338
720575940616201695,416.672,230.208,161.48,416.832,230.128,161.6,LPLC1,red,dend[920],0.7055327975059149
720575940616201695,416.608,230.704,161.72,416.704,230.704,161.88,LPLC1,red,dend[920],0.41431774943605537
720575940636703977,414.688,230.304,163.44,414.768,230.464,163.52,LPLC1,red,dend[661],0.5024485463150785
720575940624588070,412.96,230.08,163.68,413.216,230.144,163.68,LPLC1,red,dend[738],0.6265048059685497
720575940635631211,415.808,230.576,162.52,415.984,230.624,162.48,LPLC1,red,dend[647],0.5654405888500063
720575940610902442,412.816,230.736,164.96,413.024,230.752,164.96,LPLC1,red,dend[735],0.9163435933330067
720575940645134359,414.544,231.104,165.16,414.576,230.896,165.2,LPLC1,red,dend[663],0.4591278464266065
720575940627806992,416.64,230.512,164.28,416.48,230.624,164.36,LPLC1,red,dend[739],0.2446428403386047
720575940627806992,416.496,231.008,164.28,416.272,230.944,164.28,LPLC1,red,dend[651],0.9273264115405271
720575940625175068,413.168,229.984,167.64,413.312,230.032,167.8,LPLC1,red,dend[690],0.23369504960226542
720575940625175068,414.256,229.792,167.0,414.32,229.616,167.0,LPLC1,red,dend[731],0.6152866459789784
720575940625031426,414.432,230.8,164.92,414.624,230.832,164.92,LPLC1,red,dend[662],1.0
720575940626721881,412.256,229.744,164.4,412.24,229.952,164.4,LPLC1,red,dend[737],0.8977993932663971
720575940626721881,414.4,229.376,166.84,414.272,229.44,166.84,LPLC1,red,dend[731],0.8200499432823818
720575940626721881,412.848,229.68,164.28,412.912,229.872,164.4,LPLC1,red,dend[737],0.18832040582146164
720575940608422958,412.576,229.632,167.68,412.72,229.488,167.6,LPLC1,red,dend[691],0.28537069926728376
720575940626721881,412.32,229.856,164.6,412.224,230.16,164.52,LPLC1,red,dend[737],0.8761515082163089
720575940625369884,411.616,229.728,166.92,411.6,229.536,166.8,LPLC1,red,dend[693],0.44669285603668
720575940625369884,411.888,229.664,166.88,411.808,229.472,166.84,LPLC1,red,dend[693],0.3391465349465977
720575940625369884,413.568,229.936,166.88,413.536,230.176,166.84,LPLC1,red,dend[687],0.6268881037037201
720575940625369884,414.064,229.408,166.76,414.256,229.392,166.84,LPLC1,red,dend[731],0.8510224677291669
720575940625369884,413.68,229.968,166.4,413.632,230.16,166.36,LPLC1,red,dend[671],0.4012274507980633
720575940632086573,415.488,230.416,164.16,415.36,230.448,164.08,LPLC1,red,dend[652],0.9969645942506915
720575940613304803,411.776,230.352,164.64,412.016,230.288,164.6,LPLC1,red,dend[737],1.0
720575940645750324,413.184,230.352,163.88,413.248,230.192,163.84,LPLC1,red,dend[738],0.4975168915618612
720575940640792973,410.336,229.552,166.8,410.448,229.376,166.76,LPLC1,red,dend[693],0.9744768711689545
720575940637905478,415.008,230.992,164.28,415.12,230.8,164.32,LPLC1,red,dend[662],0.45245673167912104
720575940615999547,413.84,230.8,164.6,413.776,230.592,164.56,LPLC1,red,dend[734],0.647808443253879
720575940630420281,413.568,231.2,166.24,413.744,231.184,166.4,LPLC1,red,dend[672],0.9570684694451881
720575940630420281,413.728,231.456,166.0,413.984,231.52,166.04,LPLC1,red,dend[732],0.6815324665666079
720575940616201695,413.584,230.16,164.08,413.392,230.24,164.12,LPLC1,red,dend[736],0.2940019351701099
720575940629047340,413.696,230.32,164.4,413.488,230.432,164.32,LPLC1,red,dend[734],0.9170563203025394
720575940634361336,413.12,230.448,164.76,413.2,230.592,164.68,LPLC1,red,dend[735],0.4286689424952044
720575940621522671,441.504,212.288,153.24,441.648,212.304,153.36,LPLC1,red,dend[156],0.6832474926759424
720575940645744676,441.216,212.592,153.52,441.296,212.368,153.56,LPLC1,red,dend[156],0.6462376867957574
720575940613672931,436.944,211.248,154.16,436.768,211.232,154.04,LPLC1,red,dend[176],0.8707651095532926
720575940626667270,434.608,212.816,156.56,434.464,212.704,156.56,LPLC1,red,dend[246],0.7480667059323265
720575940619506415,436.96,210.8,157.28,436.96,210.704,157.08,LPLC1,red,dend[180],0.9606140535197928
720575940645134359,440.08,210.48,156.16,440.144,210.56,156.32,LPLC1,red,dend[161],1.0
720575940619720129,441.088,211.248,157.16,441.216,211.472,157.2,LPLC1,red,dend[149],0.9181820212937017
720575940619720129,440.704,211.504,156.96,440.736,211.696,156.92,LPLC1,red,dend[160],0.21851744756414343
720575940619720129,440.24,211.152,156.84,440.304,210.992,156.76,LPLC1,red,dend[161],0.6786270235362816
720575940629661381,440.32,210.544,156.6,440.208,210.656,156.52,LPLC1,red,dend[161],0.9231703674239295
720575940627806992,442.144,212.064,156.88,442.304,212.16,156.88,LPLC1,red,dend[183],0.2485651665714045
720575940627806992,442.224,211.248,156.8,442.352,211.328,156.8,LPLC1,red,dend[182],0.7063713182496323
720575940625175068,434.944,212.736,156.88,434.832,212.592,156.68,LPLC1,red,dend[246],0.47522541216380365
720575940625175068,439.024,211.056,155.52,438.928,211.008,155.4,LPLC1,red,dend[181],0.8508343673112087
720575940625175068,439.28,210.912,155.4,439.344,210.736,155.52,LPLC1,red,dend[164],0.8150780066095562
720575940625175068,434.912,212.848,157.8,434.912,212.672,157.88,LPLC1,red,dend[241],0.7194685176491173
720575940625031426,438.496,210.608,155.6,438.688,210.56,155.6,LPLC1,red,dend[181],0.2980196003378226
720575940626721881,439.44,210.32,156.08,439.52,210.416,156.2,LPLC1,red,dend[163],0.47368399741215234
720575940626721881,436.688,212.656,158.24,436.88,212.672,158.36,LPLC1,red,dend[239],0.5794064470535335
720575940626721881,439.232,210.336,155.68,439.088,210.416,155.72,LPLC1,red,dend[163],0.8683588476871006
720575940626721881,439.2,209.84,155.8,439.12,209.664,155.68,LPLC1,red,dend[167],0.8918348088077914
720575940626721881,435.76,212.704,158.0,435.52,212.736,157.96,LPLC1,red,dend[240],0.7252390761375331
720575940632086573,438.816,210.688,155.68,438.72,210.656,155.56,LPLC1,red,dend[181],0.40735952088518607
720575940632086573,437.552,210.448,156.92,437.44,210.48,156.84,LPLC1,red,dend[180],0.7287772467940115
720575940632086573,440.864,210.128,153.76,440.848,210.24,153.72,LPLC1,red,dend[155],0.5461728220167718
720575940632086573,438.752,210.528,156.0,438.736,210.288,156.0,LPLC1,red,dend[163],1.0
720575940628716294,435.296,212.384,157.96,435.44,212.48,157.88,LPLC1,red,dend[240],0.9688254897182983
720575940628716294,435.168,212.512,158.0,435.232,212.704,157.92,LPLC1,red,dend[241],0.28287456587195037
720575940628716294,437.776,210.08,156.0,437.824,209.888,155.96,LPLC1,red,dend[166],1.0
720575940628716294,436.816,210.288,155.72,436.672,210.176,155.64,LPLC1,red,dend[172],0.5328125570901613
720575940622694217,436.272,212.672,156.24,436.128,212.864,156.08,LPLC1,red,dend[243],0.658045927166597
720575940640792973,441.312,211.648,153.8,441.44,211.76,153.88,LPLC1,red,dend[156],0.34245006329966954
720575940637905478,435.68,211.408,154.4,435.6,211.312,154.28,LPLC1,red,dend[174],1.0
720575940637905478,435.328,211.456,154.56,435.296,211.376,154.36,LPLC1,red,dend[175],0.41974987829277977
720575940637905478,441.424,212.112,156.12,441.392,211.968,156.04,LPLC1,red,dend[150],0.3961555148150151
720575940622670845,441.632,211.664,156.28,441.472,211.696,156.24,LPLC1,red,dend[150],0.33232134101072036
720575940637905478,439.344,212.4,157.16,439.44,212.4,157.28,LPLC1,red,dend[160],0.7933385896710776
720575940622670845,441.536,210.784,154.64,441.648,211.136,154.64,LPLC1,red,dend[154],0.5378004337313158
720575940632481849,430.464,212.848,156.92,430.336,213.056,156.88,LPLC1,red,dend[1379],0.682253435630876
720575940621110464,441.424,211.424,154.16,441.472,211.408,154.0,LPLC1,red,dend[156],0.17660853535551885
720575940616881821,436.576,212.944,155.96,436.432,212.784,156.04,LPLC1,red,dend[243],0.8289010434181735
720575940621110464,441.12,210.88,153.76,441.2,210.704,153.76,LPLC1,red,dend[155],0.27761904953683364
720575940621110464,441.152,210.88,153.92,441.296,210.816,153.96,LPLC1,red,dend[155],0.18738679957624949
720575940621110464,441.184,211.12,154.36,441.248,210.976,154.4,LPLC1,red,dend[154],0.9458093437597159
720575940628324802,439.568,212.96,157.4,439.376,212.976,157.32,LPLC1,red,dend[160],0.9496536709399472
720575940627555197,436.848,210.864,156.92,436.928,210.704,157.08,LPLC1,red,dend[180],0.967598993890841
720575940627555197,434.048,212.816,156.56,434.192,212.944,156.6,LPLC1,red,dend[246],0.9541742498105006
720575940627555197,434.24,212.576,156.56,434.432,212.656,156.6,LPLC1,red,dend[246],0.7695874713259383
720575940630420281,442.048,211.04,155.48,442.0,211.264,155.36,LPLC1,red,dend[150],0.8723313411044954
720575940626260490,442.176,211.776,156.48,442.0,211.616,156.56,LPLC1,red,dend[148],0.9266899549649358
720575940614751027,441.232,210.832,154.48,441.248,210.976,154.4,LPLC1,red,dend[154],0.9458093437597159
720575940616298816,439.904,210.944,156.72,440.08,210.896,156.72,LPLC1,red,dend[161],0.847912101092344
720575940616298816,436.304,210.256,155.56,436.432,210.208,155.44,LPLC1,red,dend[172],0.6987761633672458
720575940616298816,436.32,212.624,158.52,436.256,212.72,158.64,LPLC1,red,dend[239],0.27723373119715383
720575940616298816,435.696,212.496,157.6,435.552,212.752,157.52,LPLC1,red,dend[242],0.22181609512065095
720575940616298816,436.864,212.512,158.28,436.88,212.672,158.32,LPLC1,red,dend[239],0.5761890486131485
720575940614751027,440.72,210.544,154.6,440.8,210.688,154.68,LPLC1,red,dend[157],0.8947803439705619
720575940616298816,436.144,210.24,155.76,435.936,210.16,155.68,LPLC1,red,dend[178],0.5644428208193759
720575940614751027,441.248,210.832,154.48,441.264,210.976,154.4,LPLC1,red,dend[154],0.9371513287123918
720575940616201695,441.568,212.256,153.76,441.504,212.176,153.64,LPLC1,red,dend[156],0.564909387353628
720575940616201695,441.232,212.32,153.68,441.36,212.288,153.64,LPLC1,red,dend[156],0.6014049468492041
720575940636703977,440.72,211.968,156.52,440.688,212.08,156.68,LPLC1,red,dend[160],0.3043828127294796
720575940636703977,441.184,211.936,156.0,441.376,211.984,156.04,LPLC1,red,dend[150],0.3920765682683887
720575940636703977,441.248,211.648,156.2,441.472,211.712,156.24,LPLC1,red,dend[150],0.33157780307715273
720575940632946477,438.576,210.336,155.44,438.688,210.416,155.6,LPLC1,red,dend[181],0.1812207221223977
720575940644971299,436.064,212.768,156.92,435.904,212.912,156.96,LPLC1,red,dend[242],0.7175032607174291
720575940644971299,435.184,212.624,157.64,435.296,212.784,157.64,LPLC1,red,dend[240],1.0
720575940632946477,440.608,209.744,153.8,440.768,209.696,153.76,LPLC1,red,dend[155],0.829245168386601
720575940632946477,438.656,209.792,154.84,438.48,209.808,154.88,LPLC1,red,dend[169],0.5814129488010013
720575940629047340,435.312,212.448,156.52,435.152,212.64,156.6,LPLC1,red,dend[247],0.052832819577683314
720575940629047340,435.888,212.912,155.8,436.064,213.024,155.84,LPLC1,red,dend[243],0.8133849605298343
720575940634361336,441.552,212.416,153.64,441.44,212.272,153.6,LPLC1,red,dend[156],0.6081123590539399
720575940622932297,441.424,210.656,153.68,441.248,210.736,153.76,LPLC1,red,dend[155],0.2579950360208362
720575940621658971,437.456,212.48,158.6,437.44,212.48,158.72,LPLC1,red,dend[239],0.9278387885895897
720575940621658971,437.536,212.384,158.52,437.52,212.352,158.68,LPLC1,red,dend[239],0.9892260962608453
720575940621658971,438.304,209.28,155.64,438.144,209.456,155.64,LPLC1,red,dend[166],1.0
720575940645134359,429.376,212.384,160.16,429.328,212.4,160.36,LPLC1,red,dend[1354],0.7029472655180423
720575940645134359,429.216,212.672,160.24,429.088,212.608,160.36,LPLC1,red,dend[1354],0.45344438865645176
720575940645134359,429.12,212.88,160.12,428.944,212.992,160.2,LPLC1,red,dend[1353],0.9413442639482285
720575940614354326,426.048,207.68,160.6,426.0,207.536,160.72,LPLC1,red,dend[1342],0.43246339137847556
720575940614354326,426.384,207.84,160.84,426.464,207.68,160.92,LPLC1,red,dend[1342],0.15408055193878095
720575940626721881,428.416,212.752,162.16,428.304,212.688,162.28,LPLC1,red,dend[1268],0.30622386712757427
720575940625369884,429.024,212.864,160.44,428.896,212.816,160.32,LPLC1,red,dend[1354],0.2307106389253433
720575940625369884,429.792,212.96,160.16,429.904,212.928,160.16,LPLC1,red,dend[1355],0.2254633978144623
720575940625369884,429.872,212.784,160.4,429.76,212.736,160.48,LPLC1,red,dend[1357],0.6886323304163178
720575940632086573,437.392,212.704,158.88,437.296,212.624,158.76,LPLC1,red,dend[239],0.8310606435500685
720575940621403887,430.112,212.896,159.92,430.032,213.024,160.0,LPLC1,red,dend[1355],0.3904529969538392
720575940636703977,430.032,212.944,160.88,429.904,212.88,160.88,LPLC1,red,dend[1358],0.9456102017720296
720575940634361336,434.144,212.112,160.52,434.192,212.304,160.64,LPLC1,red,dend[275],0.9131780719381717
720575940640642723,428.512,212.864,159.88,428.64,213.056,159.96,LPLC1,red,dend[1353],0.9663341285551628
720575940610902442,441.648,213.04,153.12,441.648,212.864,153.24,LPLC1,red,dend[156],0.9358713842136736
720575940634361336,441.536,214.032,153.4,441.76,214.064,153.4,LPLC1,red,dend[215],0.8951549215601433
720575940611922126,429.344,213.568,158.6,429.184,213.712,158.56,LPLC1,red,dend[1363],0.4299242747041536
720575940611922126,437.872,215.52,158.32,437.856,215.344,158.36,LPLC1,red,dend[2431],0.9628590263275066
720575940611922126,437.36,215.456,158.2,437.152,215.44,158.36,LPLC1,red,dend[2431],0.8107737224147978
720575940611922126,438.144,215.408,158.36,438.0,215.296,158.32,LPLC1,red,dend[2431],1.0
720575940611922126,441.84,215.392,157.08,441.824,215.6,157.08,LPLC1,red,dend[189],0.7220043166729544
720575940613672931,435.008,213.744,156.44,435.216,213.776,156.44,LPLC1,red,dend[252],0.8126249154040907
720575940610902442,437.712,213.936,154.32,437.552,213.776,154.24,LPLC1,red,dend[245],0.9617139588244548
720575940619506415,435.504,213.2,157.88,435.488,212.944,157.88,LPLC1,red,dend[240],0.7207806355344301
720575940610902442,436.72,217.248,156.0,436.912,217.344,156.04,LPLC1,red,dend[200],0.9735034347464444
720575940626667270,435.248,213.728,157.08,435.488,213.664,157.04,LPLC1,red,dend[251],0.7222808271260827
720575940619506415,432.032,215.952,158.36,431.856,215.84,158.24,LPLC1,red,dend[1385],0.9576268409421284
720575940610902442,430.368,220.928,157.84,430.272,220.736,157.84,LPLC1,red,dend[1373],0.9736362799338636
720575940619506415,435.216,213.904,158.28,435.264,213.92,158.56,LPLC1,red,dend[253],1.0
720575940631450669,430.0,220.528,157.84,430.176,220.512,157.8,LPLC1,red,dend[1373],0.8171898531892106
720575940645134359,441.504,213.824,157.0,441.568,213.632,157.0,LPLC1,red,dend[2439],0.9595806837318566
720575940645134359,440.224,215.216,158.24,440.336,215.36,158.36,LPLC1,red,dend[226],0.7492748766895273
720575940619720129,441.648,214.304,155.96,441.696,214.352,155.8,LPLC1,red,dend[202],0.35412115887708473
720575940619720129,429.04,227.408,158.36,428.976,227.44,158.24,LPLC1,red,dend[1097],0.5233440333889581
720575940619720129,440.096,216.944,157.28,439.984,216.992,157.4,LPLC1,red,dend[2435],0.7238097606869325
720575940619720129,432.688,221.424,158.6,432.544,221.216,158.64,LPLC1,red,dend[301],0.57493327363841
720575940619720129,428.816,227.552,158.68,428.768,227.648,158.6,LPLC1,red,dend[1097],0.35826022017731063
720575940616403771,430.288,220.688,158.04,430.24,220.704,157.88,LPLC1,red,dend[1373],0.9499259791032162
720575940614354326,430.528,214.848,157.2,430.656,214.88,157.32,LPLC1,red,dend[1382],0.5239571252353201
720575940614354326,428.768,216.16,157.44,428.736,215.952,157.52,LPLC1,red,dend[1367],0.9000888302196012
720575940616403771,428.992,224.896,158.0,429.216,224.88,158.0,LPLC1,red,dend[366],0.9381617453716857
720575940629661381,441.44,216.416,155.4,441.312,216.368,155.48,LPLC1,red,dend[194],0.21702135780047693
720575940627806992,440.608,215.2,158.48,440.496,215.28,158.36,LPLC1,red,dend[226],1.0
720575940629661381,437.456,213.248,154.04,437.392,213.424,154.16,LPLC1,red,dend[245],0.8971283838480956
720575940629661381,441.808,216.416,155.56,441.888,216.208,155.6,LPLC1,red,dend[193],0.5051357356894176
720575940629661381,435.36,213.504,155.92,435.136,213.296,155.92,LPLC1,red,dend[247],0.9160762798630281
720575940627806992,441.936,213.568,157.48,441.792,213.664,157.12,LPLC1,red,dend[2439],0.8550146308025222
720575940625175068,435.184,213.168,156.08,435.136,213.264,155.92,LPLC1,red,dend[247],0.9058322605903232
720575940625175068,427.04,227.984,158.6,427.12,228.192,158.56,LPLC1,red,dend[1224],0.39661378454154717
720575940625175068,435.184,213.312,157.24,435.392,213.296,157.24,LPLC1,red,dend[242],0.5432489349259971
720575940625175068,431.168,213.872,157.84,430.96,214.176,157.84,LPLC1,red,dend[1383],0.004900740076709444
720575940625175068,431.184,217.968,158.68,431.376,217.952,158.72,LPLC1,red,dend[286],0.9749501040212751
720575940625031426,429.376,224.912,158.52,429.424,224.992,158.32,LPLC1,red,dend[364],0.9058984849484562
720575940625031426,441.328,215.664,156.12,441.552,215.712,156.04,LPLC1,red,dend[192],0.5320986977901326
720575940625031426,441.136,216.224,155.56,441.28,216.368,155.48,LPLC1,red,dend[194],0.2311676587854221
720575940625031426,435.888,219.536,158.68,436.064,219.664,158.68,LPLC1,red,dend[2423],0.6290289950625815
720575940608422958,435.344,213.6,157.36,435.392,213.392,157.28,LPLC1,red,dend[251],1.0
720575940608422958,429.36,214.688,157.32,429.152,214.816,157.44,LPLC1,red,dend[1380],0.8950810571739777
720575940608422958,427.344,214.736,158.08,427.216,214.816,158.04,LPLC1,red,dend[1364],0.8788208683847961
720575940608422958,431.616,215.504,158.08,431.728,215.552,157.96,LPLC1,red,dend[1385],0.707036566638824
720575940626721881,440.4,216.784,155.44,440.432,216.976,155.36,LPLC1,red,dend[194],0.7730430283405167
720575940626721881,428.992,214.544,157.56,429.12,214.512,157.68,LPLC1,red,dend[1380],0.4638315534485136
720575940608422958,431.632,214.704,157.48,431.44,214.624,157.48,LPLC1,red,dend[1383],1.0
720575940626721881,439.456,216.992,156.04,439.376,216.96,155.96,LPLC1,red,dend[199],0.9487073401938239
720575940625369884,433.968,220.768,158.16,434.096,220.784,158.32,LPLC1,red,dend[300],0.5645196434374722
720575940625369884,433.648,221.072,158.4,433.728,221.056,158.56,LPLC1,red,dend[300],0.347049637073462
720575940625369884,437.216,217.216,156.04,437.216,217.392,156.08,LPLC1,red,dend[200],0.8754655583416223
720575940625369884,434.816,218.656,157.96,434.912,218.656,158.16,LPLC1,red,dend[2427],0.9461718092803771
720575940625369884,434.816,213.04,155.56,435.024,212.992,155.6,LPLC1,red,dend[249],0.7988190391188322
720575940625369884,434.816,213.584,155.72,434.992,213.584,155.64,LPLC1,red,dend[248],0.8029146404374622
720575940621403887,436.912,213.52,154.8,436.8,213.392,154.84,LPLC1,red,dend[245],0.4929025362642465
720575940621403887,432.064,221.152,158.48,432.256,221.136,158.6,LPLC1,red,dend[301],0.885680741909399
720575940632086573,431.008,214.192,157.64,430.928,214.336,157.72,LPLC1,red,dend[1383],0.09311333531740285
720575940632086573,435.376,214.16,158.64,435.408,213.936,158.56,LPLC1,red,dend[253],0.867590143900247
720575940632086573,439.568,217.28,155.24,439.536,217.088,155.12,LPLC1,red,dend[196],1.0
720575940628716294,440.976,218.64,156.2,440.832,218.544,156.08,LPLC1,red,dend[195],0.7739281998099012
720575940628716294,427.136,216.352,158.36,427.312,216.48,158.4,LPLC1,red,dend[1376],0.9239247829871542
720575940628716294,428.464,216.0,157.96,428.464,215.792,158.04,LPLC1,red,dend[1366],0.8720105851784414
720575940628716294,429.648,216.128,156.68,429.712,216.352,156.76,LPLC1,red,dend[1375],0.8910082923443692
720575940628716294,441.776,214.72,155.72,441.984,214.672,155.68,LPLC1,red,dend[202],0.16619160715761452
720575940628716294,427.568,216.272,158.24,427.568,216.368,158.4,LPLC1,red,dend[1376],0.7356922356724334
720575940628716294,439.2,215.024,157.64,439.264,215.184,157.64,LPLC1,red,dend[225],0.7167928473305617
720575940628716294,431.36,215.488,156.24,431.472,215.312,156.28,LPLC1,red,dend[1384],0.9234138638460554
720575940628716294,442.256,215.008,155.36,442.4,214.992,155.44,LPLC1,red,dend[201],0.9080236587557434
720575940612570481,431.536,214.352,156.8,431.52,214.528,156.88,LPLC1,red,dend[1384],0.2797980052983018
720575940622694217,439.504,215.648,157.88,439.504,215.568,158.0,LPLC1,red,dend[225],0.38283849372339057
720575940622694217,428.736,214.736,158.2,428.688,214.624,158.36,LPLC1,red,dend[1365],0.5267638188121608
720575940622694217,430.976,212.992,156.84,430.848,213.184,156.76,LPLC1,red,dend[1379],0.8468619028179514
720575940622694217,429.136,214.288,157.96,429.056,214.192,157.92,LPLC1,red,dend[1378],0.5309069850623258
720575940622694217,428.848,214.96,158.52,428.704,215.136,158.56,LPLC1,red,dend[1365],0.8779962549581173
720575940622694217,436.368,212.992,157.0,436.112,213.104,156.96,LPLC1,red,dend[242],0.7677458060659205
720575940629778587,439.04,216.928,155.0,439.088,217.104,154.96,LPLC1,red,dend[200],0.1324810024424024
720575940629778587,430.096,218.4,157.8,430.08,218.464,157.64,LPLC1,red,dend[1374],0.6823464088125321
720575940640792973,439.344,215.904,154.08,439.296,216.08,154.16,LPLC1,red,dend[197],1.0
720575940629778587,437.984,217.248,155.56,438.0,217.376,155.56,LPLC1,red,dend[200],0.562639312679088
720575940622670845,430.496,213.408,156.8,430.656,213.328,156.84,LPLC1,red,dend[1379],0.744181254976692
720575940637905478,431.584,215.568,157.76,431.696,215.44,157.88,LPLC1,red,dend[1385],0.6217245879771904
720575940637905478,426.864,228.304,158.64,426.928,228.176,158.6,LPLC1,red,dend[1224],0.8428097201319242
720575940637905478,442.048,216.208,155.72,441.936,216.256,155.6,LPLC1,red,dend[193],0.6464372700296526
720575940637905478,437.072,215.232,158.36,437.008,215.488,158.4,LPLC1,red,dend[2431],0.7657334412658933
720575940637905478,431.6,215.584,157.76,431.712,215.504,157.92,LPLC1,red,dend[1385],0.668252570093604
720575940626865148,429.968,220.272,157.6,429.952,220.096,157.6,LPLC1,red,dend[1373],0.5127166478169818
720575940626865148,436.976,217.584,156.04,436.992,217.36,156.04,LPLC1,red,dend[200],0.946850710259036
720575940626865148,439.52,216.72,154.72,439.552,216.896,154.68,LPLC1,red,dend[197],0.3081753396116424
720575940626865148,437.552,217.28,155.8,437.664,217.36,155.84,LPLC1,red,dend[200],0.7012120860942128
720575940621522671,429.52,219.248,157.64,429.728,219.168,157.6,LPLC1,red,dend[1371],0.8151338880020554
720575940632481849,429.28,213.168,158.2,429.344,213.232,158.28,LPLC1,red,dend[1386],0.8578299526063654
720575940624530835,429.92,217.04,156.8,429.824,216.864,156.88,LPLC1,red,dend[1375],0.42188377422421264
720575940624530835,430.304,217.728,157.28,430.256,217.904,157.2,LPLC1,red,dend[1370],0.4965737253841704
720575940624530835,430.752,215.296,157.16,430.768,215.104,157.2,LPLC1,red,dend[1382],0.7704966940189526
720575940616881821,435.456,213.808,156.48,435.36,213.696,156.52,LPLC1,red,dend[252],0.543236235840325
720575940616881821,436.24,213.248,155.92,436.048,213.056,155.92,LPLC1,red,dend[243],0.7531002706013559
720575940628324802,442.192,214.576,155.76,442.08,214.736,155.68,LPLC1,red,dend[202],0.10987531184086272
720575940628324802,441.504,215.6,157.08,441.632,215.696,157.08,LPLC1,red,dend[189],0.9157205523785305
720575940628324802,442.272,215.424,156.68,442.4,215.28,156.76,LPLC1,red,dend[188],1.0
720575940628324802,442.08,214.384,155.76,441.808,214.4,155.72,LPLC1,red,dend[202],0.3035149708652801
720575940614362380,438.896,218.288,158.48,439.024,218.416,158.56,LPLC1,red,dend[2436],0.6602202769094148
720575940614362380,439.072,217.856,158.56,439.216,217.92,158.68,LPLC1,red,dend[2436],0.37668859717764386
720575940615999547,436.464,219.344,158.6,436.272,219.344,158.56,LPLC1,red,dend[2423],0.7894198978852487
720575940615999547,436.192,213.264,155.08,436.112,213.248,154.96,LPLC1,red,dend[244],0.8476432326860709
720575940615999547,436.528,213.232,154.88,436.624,213.376,154.96,LPLC1,red,dend[245],0.39879899842130234
720575940630420281,436.896,215.504,158.28,436.928,215.552,158.4,LPLC1,red,dend[2431],0.7354669911659506
720575940630420281,430.656,213.92,157.72,430.576,214.112,157.68,LPLC1,red,dend[1381],0.8493908070600269
720575940619695494,429.68,219.616,158.24,429.68,219.392,158.16,LPLC1,red,dend[1372],0.8653956542849526
720575940630420281,439.76,216.832,155.2,439.76,217.024,155.08,LPLC1,red,dend[196],1.0
720575940619695494,435.504,213.744,156.96,435.536,213.616,156.96,LPLC1,red,dend[250],1.0
720575940639172816,428.288,213.792,158.12,428.288,213.936,158.16,LPLC1,red,dend[1364],0.2449985448188681
720575940626260490,428.992,215.04,157.4,429.136,214.864,157.4,LPLC1,red,dend[1380],0.9662972434976033
720575940616298816,441.424,216.144,155.36,441.392,216.256,155.52,LPLC1,red,dend[194],0.1500772033387251
720575940616298816,435.104,218.4,158.32,434.992,218.64,158.28,LPLC1,red,dend[2427],0.7955895558067787
720575940616298816,442.016,215.184,155.6,442.192,215.024,155.64,LPLC1,red,dend[201],0.6401980751814903
720575940616298816,440.416,213.84,154.92,440.672,213.904,155.08,LPLC1,red,dend[202],0.9730868557542373
720575940614751027,439.232,215.232,157.28,439.152,215.072,157.36,LPLC1,red,dend[225],0.9086057676816645
720575940616201695,430.816,214.272,157.96,430.832,214.24,157.8,LPLC1,red,dend[1381],0.9716040705197121
720575940616201695,435.952,219.888,158.6,436.016,219.808,158.76,LPLC1,red,dend[2423],0.5597838099667178
720575940616201695,434.048,221.216,158.56,433.84,221.04,158.52,LPLC1,red,dend[300],0.3946017235706272
720575940623514467,430.256,218.272,157.4,430.032,218.224,157.32,LPLC1,red,dend[1370],0.7378890765312753
720575940636703977,429.504,214.112,158.16,429.504,213.904,158.16,LPLC1,red,dend[1381],0.23542518094522374
720575940636703977,440.064,213.584,155.4,440.24,213.648,155.48,LPLC1,red,dend[203],0.8897679559624729
720575940636703977,429.408,213.584,157.88,429.296,213.76,157.84,LPLC1,red,dend[1378],0.6495182385369009
720575940636703977,429.12,225.248,158.68,429.184,225.376,158.6,LPLC1,red,dend[364],0.691885178071574
720575940632946477,436.784,213.552,155.12,436.672,213.376,155.0,LPLC1,red,dend[245],0.40016260404517695
720575940632946477,429.568,219.248,158.04,429.696,219.36,158.12,LPLC1,red,dend[1372],0.770219018567464
720575940632946477,430.0,218.784,157.6,429.888,218.72,157.44,LPLC1,red,dend[1371],0.1941024083878055
720575940632946477,428.096,222.864,158.6,427.856,222.752,158.6,LPLC1,red,dend[327],0.9652651850229381
720575940632946477,442.32,215.84,154.4,442.48,215.808,154.32,LPLC1,red,dend[206],0.8625245335323305
720575940632946477,427.024,214.784,158.12,427.216,214.848,158.04,LPLC1,red,dend[1364],0.8881502869584929
720575940632946477,436.64,213.28,155.28,436.464,213.248,155.32,LPLC1,red,dend[245],0.21750134783110178
720575940632946477,429.808,219.056,157.96,429.888,219.056,158.12,LPLC1,red,dend[1372],0.5289750010009788
720575940644971299,438.128,217.552,155.84,437.92,217.376,155.76,LPLC1,red,dend[200],0.6077396442875641
720575940624305737,427.744,222.4,158.56,427.744,222.48,158.68,LPLC1,red,dend[327],0.9004391799072821
720575940615934150,439.088,218.496,158.64,438.992,218.496,158.56,LPLC1,red,dend[2436],0.706862486455165
720575940615934150,442.08,215.168,157.32,442.272,215.264,157.28,LPLC1,red,dend[189],0.27039261756562877
720575940635631211,441.744,214.416,155.28,441.536,214.336,155.36,LPLC1,red,dend[202],0.47220708101195985
720575940615934150,439.312,218.064,158.68,439.216,217.952,158.64,LPLC1,red,dend[2436],0.39031370752881545
720575940629047340,436.672,218.8,158.4,436.672,218.928,158.52,LPLC1,red,dend[2423],0.9912919046418287
720575940629047340,440.8,214.08,154.8,440.752,213.888,154.84,LPLC1,red,dend[204],0.347553281352889
720575940629047340,435.52,213.376,157.16,435.456,213.264,157.24,LPLC1,red,dend[242],0.5405022629661785
720575940629047340,434.944,218.832,158.44,435.008,218.656,158.44,LPLC1,red,dend[2427],0.5794227551983414
720575940634361336,440.8,213.744,154.32,440.832,213.728,154.52,LPLC1,red,dend[204],0.9192004001928921
720575940634361336,433.968,213.12,156.64,434.16,212.96,156.6,LPLC1,red,dend[246],0.9780453350983751
720575940645134103,428.016,214.096,158.0,427.92,214.016,158.12,LPLC1,red,dend[1364],0.39776221005515056
720575940645134103,434.944,220.16,158.12,434.816,220.208,158.08,LPLC1,red,dend[300],0.960749908611771
720575940640642723,442.096,213.936,157.84,442.288,213.84,157.76,LPLC1,red,dend[2439],0.4894120677227519
720575940622932297,438.928,218.944,158.64,438.816,218.8,158.64,LPLC1,red,dend[2436],0.9026672005179025
720575940621658971,435.904,213.552,158.4,435.84,213.344,158.48,LPLC1,red,dend[238],0.46494678607361767
720575940608302857,432.208,220.96,158.6,432.288,221.136,158.6,LPLC1,red,dend[301],0.8539458873263372
720575940608302857,429.712,218.608,157.28,429.856,218.576,157.36,LPLC1,red,dend[1371],0.004283444228200364
720575940646708788,439.184,213.232,157.2,439.296,213.072,157.28,LPLC1,red,dend[160],0.9927457978474596
720575940646708788,429.328,225.2,158.24,429.424,225.024,158.28,LPLC1,red,dend[364],0.9113681200005335
720575940611922126,426.08,221.76,163.04,426.144,221.824,162.88,LPLC1,red,dend[313],0.6510567227218995
720575940611922126,428.528,213.248,158.96,428.4,213.344,158.88,LPLC1,red,dend[1387],0.7134386722935907
720575940611922126,431.168,220.752,161.32,431.312,220.864,161.32,LPLC1,red,dend[294],0.7572564261502156
720575940611922126,431.296,220.432,161.04,431.344,220.528,161.0,LPLC1,red,dend[294],0.9877862454478813
720575940613672931,426.08,214.496,159.04,425.84,214.432,159.16,LPLC1,red,dend[1278],0.6861759267474343
720575940613672931,435.84,219.76,160.2,435.68,219.648,160.16,LPLC1,red,dend[2422],0.9638821041246064
720575940613672931,439.36,217.424,158.84,439.504,217.488,158.8,LPLC1,red,dend[2434],1.0
720575940613672931,430.768,222.64,161.44,430.864,222.688,161.56,LPLC1,red,dend[304],1.0
720575940613672931,431.408,222.08,161.32,431.52,222.224,161.44,LPLC1,red,dend[296],0.6917961268543957
720575940613672931,432.976,221.312,160.84,432.96,221.536,160.88,LPLC1,red,dend[1246],0.5940836643144469
720575940610902442,426.96,223.056,160.24,426.928,222.864,160.32,LPLC1,red,dend[318],1.0
720575940610902442,426.8,223.328,160.0,426.8,223.168,159.96,LPLC1,red,dend[319],0.9111045692069742
720575940614089197,429.408,217.856,162.24,429.2,217.712,162.2,LPLC1,red,dend[1259],0.9479797898085915
720575940645134359,429.2,213.28,159.92,429.248,213.296,160.0,LPLC1,red,dend[1388],0.2502363908969735
720575940645134359,427.808,215.488,162.68,427.84,215.392,162.56,LPLC1,red,dend[2077],0.6518784985922441
720575940645134359,433.84,215.616,160.52,433.84,215.424,160.6,LPLC1,red,dend[281],0.9085538368579797
720575940645134359,429.968,216.304,161.6,429.984,216.192,161.68,LPLC1,red,dend[1250],0.7175690368271679
720575940645134359,436.672,215.744,158.88,436.672,215.888,158.76,LPLC1,red,dend[2431],0.5435705374513431
720575940645134359,428.992,213.232,160.32,428.96,213.04,160.24,LPLC1,red,dend[1353],0.9475631652141492
720575940645134359,432.24,215.472,160.52,432.24,215.264,160.52,LPLC1,red,dend[283],0.847584025746479
720575940645134359,430.592,223.936,160.0,430.752,223.92,160.12,LPLC1,red,dend[1238],0.9694868796622075
720575940645134359,427.488,213.456,160.16,427.424,213.36,160.28,LPLC1,red,dend[1274],0.3429850593190298
720575940645134359,427.68,217.824,161.56,427.504,217.648,161.84,LPLC1,red,dend[1256],0.9848716520956518
720575940619720129,430.624,224.112,160.4,430.784,224.016,160.36,LPLC1,red,dend[1238],0.9154985492314681
720575940619720129,429.264,226.096,159.28,429.152,225.904,159.16,LPLC1,red,dend[364],0.42326291431638086
720575940619720129,435.488,219.968,159.88,435.728,219.968,159.8,LPLC1,red,dend[2423],0.0821494016954748
720575940619720129,432.016,222.064,160.56,431.936,222.16,160.6,LPLC1,red,dend[299],0.06157868465969103
720575940619720129,426.032,214.16,160.36,426.24,214.128,160.2,LPLC1,red,dend[1274],0.8052528966495563
720575940619720129,432.48,222.72,160.6,432.528,222.864,160.72,LPLC1,red,dend[297],0.16519938970260123
720575940619720129,431.504,222.368,160.4,431.552,222.256,160.28,LPLC1,red,dend[302],0.4415409193823866
720575940619720129,437.536,218.272,158.88,437.552,218.192,158.76,LPLC1,red,dend[2430],0.8879879980574547
720575940629661381,434.56,219.808,159.52,434.464,219.648,159.4,LPLC1,red,dend[2428],1.0
720575940629661381,435.584,218.768,159.4,435.36,218.72,159.32,LPLC1,red,dend[2426],0.563692927760099
720575940627806992,427.76,225.632,160.64,427.808,225.472,160.56,LPLC1,red,dend[360],0.4283079176648402
720575940627806992,437.04,217.808,159.24,436.928,217.712,159.12,LPLC1,red,dend[2430],0.4512303124970807
720575940627806992,427.456,221.152,163.44,427.6,221.248,163.4,LPLC1,red,dend[1245],0.9427481204714891
720575940627806992,428.544,213.84,161.84,428.4,213.872,161.96,LPLC1,red,dend[1263],0.15047028231353501
720575940627806992,429.952,216.496,162.48,430.032,216.352,162.64,LPLC1,red,dend[1251],0.28684206429515063
720575940627806992,427.776,225.68,160.92,427.84,225.6,161.04,LPLC1,red,dend[358],0.7131387358250079
720575940629661381,437.456,217.872,158.72,437.472,218.08,158.8,LPLC1,red,dend[2430],0.8195483185440766
720575940629661381,427.088,222.784,163.8,427.152,222.992,163.8,LPLC1,red,dend[312],0.9000795078566132
720575940627806992,428.864,225.104,159.96,428.688,225.008,160.0,LPLC1,red,dend[359],0.9489173440336335
720575940627806992,429.216,225.824,159.2,429.136,225.888,159.16,LPLC1,red,dend[364],0.42219948344046915
720575940629661381,427.008,222.368,163.64,427.024,222.224,163.56,LPLC1,red,dend[314],0.08735764912350015
720575940629661381,428.192,221.648,163.6,428.272,221.536,163.72,LPLC1,red,dend[1241],0.9996091869433519
720575940627806992,426.032,215.712,163.08,426.08,215.536,163.16,LPLC1,red,dend[1402],0.18770404058383883
720575940627806992,427.728,220.672,163.24,427.776,220.576,163.28,LPLC1,red,dend[1244],0.2790163860078917
720575940627806992,430.368,216.064,161.92,430.448,216.176,161.88,LPLC1,red,dend[1250],0.456521534496791
720575940627806992,439.904,215.84,159.12,440.016,215.712,159.08,LPLC1,red,dend[224],0.5890434965214192
720575940629661381,428.384,221.712,163.48,428.528,221.776,163.6,LPLC1,red,dend[1241],0.8442102883997166
720575940627806992,435.632,218.656,160.4,435.552,218.896,160.36,LPLC1,red,dend[2420],0.9719530485952131
720575940629661381,430.384,221.792,161.52,430.352,222.0,161.48,LPLC1,red,dend[304],0.9408240706975594
720575940625175068,431.568,217.152,159.84,431.728,217.264,159.72,LPLC1,red,dend[286],0.6880779267900592
720575940625175068,428.592,226.912,159.36,428.448,226.8,159.32,LPLC1,red,dend[373],0.9689413073178496
720575940625175068,433.776,214.736,160.44,433.856,214.704,160.56,LPLC1,red,dend[282],0.35365347143429726
720575940625175068,432.016,216.432,160.64,432.224,216.432,160.64,LPLC1,red,dend[286],0.4044638989286478
720575940625031426,426.336,224.384,160.52,426.304,224.368,160.72,LPLC1,red,dend[1089],0.8641652062161023
720575940625031426,428.064,226.112,159.84,428.192,226.016,159.8,LPLC1,red,dend[362],0.9795387793218642
720575940625031426,432.736,221.184,159.16,432.832,221.248,159.04,LPLC1,red,dend[299],0.9342563156217187
720575940625031426,433.504,221.088,158.88,433.392,221.152,158.8,LPLC1,red,dend[300],0.17510823304926945
720575940625031426,431.936,215.456,161.72,432.016,215.632,161.84,LPLC1,red,dend[286],0.11724730543024632
720575940625031426,432.32,215.312,161.44,432.448,215.216,161.48,LPLC1,red,dend[283],0.6808779758051972
720575940625031426,431.504,222.112,159.88,431.632,222.208,159.92,LPLC1,red,dend[302],0.8476295308608676
720575940625031426,435.248,218.8,159.0,435.12,218.64,158.88,LPLC1,red,dend[2426],0.8992188004664402
720575940626721881,433.92,215.408,160.72,433.84,215.408,160.6,LPLC1,red,dend[281],0.8861693639229204
720575940626721881,433.952,215.344,160.68,433.808,215.232,160.64,LPLC1,red,dend[281],0.6349507819503672
720575940626721881,436.048,214.4,159.16,436.144,214.432,159.08,LPLC1,red,dend[236],0.8533234336642245
720575940626721881,434.432,219.488,159.48,434.432,219.632,159.4,LPLC1,red,dend[2428],1.0
720575940626721881,426.112,215.328,160.04,425.952,215.328,160.0,LPLC1,red,dend[1275],0.691700246233857
720575940626721881,428.128,215.088,163.04,428.24,214.944,163.12,LPLC1,red,dend[1262],0.4521358411202029
720575940626721881,427.408,217.552,162.24,427.568,217.568,162.2,LPLC1,red,dend[1256],0.746972070143111
720575940626721881,428.128,213.296,162.28,428.016,213.184,162.16,LPLC1,red,dend[1263],0.6821723921090793
720575940626721881,426.56,215.44,162.48,426.368,215.264,162.44,LPLC1,red,dend[1402],0.8387807796969027
720575940626721881,434.544,219.376,159.24,434.432,219.44,159.16,LPLC1,red,dend[2428],0.7416814155199241
720575940626721881,427.44,215.744,162.44,427.568,215.872,162.44,LPLC1,red,dend[2077],0.8369957794208742
720575940626721881,427.36,227.44,159.16,427.472,227.584,159.24,LPLC1,red,dend[1228],0.9467759563541195
720575940625369884,428.432,216.112,159.32,428.304,216.016,159.28,LPLC1,red,dend[1377],0.6035451889808199
720575940625369884,427.92,215.232,162.36,428.016,215.248,162.52,LPLC1,red,dend[2077],0.6023979669506695
720575940625369884,426.304,222.416,160.96,426.288,222.224,160.84,LPLC1,red,dend[321],0.7870189166446437
720575940625369884,428.704,215.392,159.0,428.624,215.488,158.92,LPLC1,red,dend[1377],0.2243937416321557
720575940625369884,428.24,222.624,160.52,428.32,222.528,160.56,LPLC1,red,dend[329],0.5085755154241716
720575940625369884,427.376,222.768,160.88,427.184,222.816,160.84,LPLC1,red,dend[318],0.4958841970287768
720575940625369884,426.928,214.336,162.36,426.944,214.272,162.44,LPLC1,red,dend[1389],0.5929126449638455
720575940625369884,428.816,215.264,158.84,428.736,215.296,158.72,LPLC1,red,dend[1377],0.06315267053372192
720575940625369884,429.472,213.392,160.0,429.28,213.328,159.96,LPLC1,red,dend[1388],0.3099396684697456
720575940625369884,432.896,221.296,158.8,432.704,221.2,158.8,LPLC1,red,dend[301],0.350389315991568
720575940621403887,429.824,213.456,159.0,429.712,213.504,158.92,LPLC1,red,dend[1361],0.806175952685751
720575940632086573,426.368,215.424,162.6,426.32,215.28,162.56,LPLC1,red,dend[1402],0.7379417617920453
720575940632086573,433.712,214.56,160.68,433.744,214.768,160.64,LPLC1,red,dend[280],0.7437653926753326
720575940632086573,436.432,214.32,158.88,436.336,214.144,158.96,LPLC1,red,dend[237],0.0814717818187985
720575940628716294,426.272,222.24,160.52,426.16,222.032,160.6,LPLC1,red,dend[327],0.05715208435165848
720575940628716294,426.0,214.176,162.4,426.176,214.112,162.48,LPLC1,red,dend[1389],1.0
720575940628716294,426.352,222.4,160.64,426.368,222.304,160.8,LPLC1,red,dend[321],0.6494072538450387
720575940628716294,432.336,216.352,160.44,432.224,216.448,160.56,LPLC1,red,dend[286],0.4240537569616414
720575940628716294,428.544,225.168,160.04,428.624,225.008,160.04,LPLC1,red,dend[359],0.8791896618212879
720575940628716294,433.136,214.416,160.16,433.216,214.48,160.28,LPLC1,red,dend[283],0.134102814873595
720575940628716294,436.912,215.856,160.2,436.992,215.68,160.32,LPLC1,red,dend[232],1.0
720575940628716294,428.56,222.128,160.08,428.64,222.208,160.04,LPLC1,red,dend[329],0.9102067189171847
720575940628716294,426.208,214.912,162.28,426.32,215.12,162.36,LPLC1,red,dend[1402],0.9161354346825277
720575940628716294,426.64,227.664,159.72,426.64,227.872,159.72,LPLC1,red,dend[1227],0.9274657289750137
720575940628716294,426.976,222.544,160.08,427.104,222.688,160.08,LPLC1,red,dend[328],0.7923439519926808
720575940628716294,428.32,222.32,160.32,428.464,222.416,160.4,LPLC1,red,dend[329],0.6514641540225582
720575940612570481,432.336,216.496,160.88,432.304,216.384,160.84,LPLC1,red,dend[286],0.34815008929395425
720575940612570481,432.576,216.48,161.0,432.528,216.4,161.08,LPLC1,red,dend[286],0.27068300250754
720575940645750324,427.296,222.752,158.88,427.344,222.512,158.88,LPLC1,red,dend[327],0.7703390516567993
720575940622694217,434.304,221.344,159.88,434.336,221.264,159.8,LPLC1,red,dend[1246],0.9594895046535474
720575940622694217,432.816,221.792,160.68,432.912,221.68,160.84,LPLC1,red,dend[1246],0.5980642421751855
720575940622694217,434.112,221.216,160.4,433.84,221.12,160.4,LPLC1,red,dend[1246],0.7875829416826586
720575940622670845,437.312,217.328,160.32,437.44,217.344,160.4,LPLC1,red,dend[2429],0.7015140616815054
720575940637905478,432.208,221.92,160.2,432.304,221.952,160.28,LPLC1,red,dend[299],0.2867887287291819
720575940622670845,429.36,217.504,162.48,429.408,217.312,162.64,LPLC1,red,dend[1259],0.7841898792995948
720575940622670845,426.832,213.408,159.48,426.64,213.504,159.6,LPLC1,red,dend[1274],0.657676800425696
720575940637905478,432.848,221.584,159.64,432.688,221.536,159.6,LPLC1,red,dend[299],0.6692600681812776
720575940622670845,426.608,221.6,163.52,426.784,221.728,163.6,LPLC1,red,dend[314],0.2307297956892406
720575940637905478,432.288,221.824,160.04,432.464,221.824,160.04,LPLC1,red,dend[299],0.4237322227101912
720575940622670845,428.224,213.136,158.88,428.288,213.328,158.88,LPLC1,red,dend[1387],0.8508243877398178
720575940637905478,426.864,217.696,162.2,427.072,217.696,162.16,LPLC1,red,dend[1258],0.869988257306417
720575940622670845,427.728,217.488,162.2,427.568,217.568,162.16,LPLC1,red,dend[1256],0.7679180671576618
720575940637905478,428.512,215.888,163.0,428.64,216.032,163.12,LPLC1,red,dend[2078],0.5763065816870271
720575940637905478,429.12,222.816,160.48,429.296,222.768,160.56,LPLC1,red,dend[315],0.9478977701926241
720575940622670845,428.96,217.632,162.36,429.056,217.504,162.36,LPLC1,red,dend[1259],0.7208934272692337
720575940637905478,427.68,222.752,161.24,427.6,222.896,161.16,LPLC1,red,dend[317],0.8596305285128926
720575940626865148,426.848,222.144,159.0,426.944,222.336,159.0,LPLC1,red,dend[327],0.6436821342941473
720575940632481849,441.168,214.72,159.04,441.248,214.64,159.24,LPLC1,red,dend[221],0.5471793269724547
720575940632481849,436.0,219.024,160.12,435.824,219.056,160.12,LPLC1,red,dend[2425],0.8068070403408696
720575940632481849,428.816,220.704,162.92,428.768,220.816,163.04,LPLC1,red,dend[1243],0.7287095653950424
720575940632481849,435.712,219.68,160.6,435.584,219.824,160.6,LPLC1,red,dend[2424],0.409885955266241
720575940621110464,426.208,221.856,162.64,426.192,221.872,162.88,LPLC1,red,dend[313],0.6187594338471517
720575940621110464,428.176,213.536,158.96,428.208,213.344,158.92,LPLC1,red,dend[1387],0.9395885741076476
720575940628324802,430.144,222.112,161.44,430.352,222.016,161.48,LPLC1,red,dend[304],0.943221218423015
720575940628324802,428.688,222.24,162.28,428.672,222.064,162.32,LPLC1,red,dend[308],0.9353481255988713
720575940628324802,426.384,213.744,159.6,426.576,213.792,159.72,LPLC1,red,dend[1274],0.7139618456532997
720575940628324802,436.752,216.384,158.88,436.688,216.16,158.96,LPLC1,red,dend[2431],0.4449962626840851
720575940628324802,426.416,213.488,159.6,426.64,213.536,159.64,LPLC1,red,dend[1274],0.6587850945706926
720575940628324802,436.208,216.896,159.24,436.336,216.848,159.4,LPLC1,red,dend[2431],0.13548605231045086
720575940628324802,435.296,218.608,159.6,435.424,218.688,159.56,LPLC1,red,dend[2426],0.4034340460319511
720575940614362380,435.552,220.128,159.76,435.632,220.096,159.68,LPLC1,red,dend[2423],0.07428903135951714
720575940614362380,427.056,213.776,159.72,426.832,213.744,159.84,LPLC1,red,dend[1274],0.6236570466570723
720575940614362380,435.52,219.92,159.72,435.76,219.968,159.72,LPLC1,red,dend[2423],0.11912574643740739
720575940615999547,426.368,214.336,159.8,426.32,214.176,159.92,LPLC1,red,dend[1274],0.8282882503401696
720575940615999547,426.224,214.48,159.76,426.032,214.384,159.84,LPLC1,red,dend[1274],0.9522435258899756
720575940615999547,426.976,222.976,161.08,427.056,222.848,161.0,LPLC1,red,dend[318],0.5054227821749964
720575940615999547,426.832,223.088,160.52,426.896,222.864,160.52,LPLC1,red,dend[318],0.917932239847238
720575940615999547,434.56,219.84,159.36,434.512,219.664,159.4,LPLC1,red,dend[2428],1.0
720575940630420281,428.256,213.44,161.24,428.112,213.344,161.32,LPLC1,red,dend[1273],0.4036105937949401
720575940630420281,436.576,213.952,158.72,436.352,213.984,158.84,LPLC1,red,dend[237],0.2707856283754736
720575940630420281,428.432,213.184,161.52,428.208,213.2,161.56,LPLC1,red,dend[1263],0.9740207935260119
720575940639172816,436.304,217.552,159.96,436.304,217.36,159.96,LPLC1,red,dend[2429],0.9620232468242133
720575940626260490,436.704,216.736,159.44,436.48,216.752,159.4,LPLC1,red,dend[2431],0.18527006836843574
720575940626260490,426.88,221.968,163.8,426.864,221.872,163.68,LPLC1,red,dend[314],0.19887798686781896
720575940626260490,427.76,221.264,163.44,427.696,221.184,163.36,LPLC1,red,dend[1245],0.772799015484378
720575940626260490,428.24,220.672,163.2,428.128,220.8,163.08,LPLC1,red,dend[1243],0.9550874658649892
720575940626260490,436.768,217.312,159.4,436.736,217.488,159.44,LPLC1,red,dend[2430],0.2300204013351294
720575940626260490,429.264,216.992,162.64,429.424,217.04,162.76,LPLC1,red,dend[1259],0.6644296758370776
720575940626260490,436.768,216.432,159.28,436.608,216.368,159.24,LPLC1,red,dend[2431],0.3305461038995463
720575940626260490,428.128,221.344,163.64,428.272,221.536,163.68,LPLC1,red,dend[1241],0.9913241476388979
720575940626260490,430.08,216.08,161.76,430.048,216.192,161.68,LPLC1,red,dend[1250],0.6918601728822562
720575940626260490,427.568,216.096,162.24,427.456,216.16,162.32,LPLC1,red,dend[2077],0.9539233539326932
720575940626260490,426.8,221.952,163.8,426.832,221.808,163.68,LPLC1,red,dend[314],0.21690091022751368
720575940614751027,427.04,228.944,158.88,427.232,228.928,158.72,LPLC1,red,dend[1226],0.5172594910950694
720575940614751027,429.2,213.12,159.68,428.992,213.2,159.76,LPLC1,red,dend[1359],0.854079306559137
720575940614751027,429.408,213.328,159.28,429.248,213.504,159.28,LPLC1,red,dend[1360],0.7781954293985016
720575940616298816,434.784,218.592,158.84,434.864,218.736,158.84,LPLC1,red,dend[2426],0.9931125399399869
720575940616201695,433.152,222.848,159.84,433.28,222.912,159.96,LPLC1,red,dend[297],0.4568772627035142
720575940636983518,434.576,218.784,158.96,434.768,218.8,158.96,LPLC1,red,dend[2426],0.9465916497381651
720575940636983518,434.144,219.456,159.32,434.368,219.536,159.28,LPLC1,red,dend[2428],0.8876514418994219
720575940636703977,429.184,222.768,160.8,429.312,222.88,160.76,LPLC1,red,dend[315],0.8692813072725568
720575940636703977,436.048,215.536,160.08,436.048,215.456,160.24,LPLC1,red,dend[256],0.7145027132247805
720575940636703977,428.32,223.056,161.24,428.176,223.136,161.4,LPLC1,red,dend[316],1.0
720575940636703977,437.04,215.568,159.6,437.216,215.616,159.56,LPLC1,red,dend[2432],0.9353456357658547
720575940636703977,429.248,216.144,161.52,429.36,216.272,161.6,LPLC1,red,dend[1250],0.9972057229565894
720575940636703977,426.544,224.464,160.76,426.32,224.368,160.72,LPLC1,red,dend[1089],0.8862751701344108
720575940624588070,433.472,217.728,161.8,433.52,217.904,161.88,LPLC1,red,dend[285],0.6102552929318955
720575940624305737,434.016,213.664,161.2,433.984,213.568,161.4,LPLC1,red,dend[263],0.8585097295083185
720575940624588070,427.84,223.264,161.52,427.952,223.392,161.48,LPLC1,red,dend[330],0.35220621899057103
720575940624588070,427.648,223.296,161.44,427.776,223.44,161.44,LPLC1,red,dend[330],0.8625588832984925
720575940624588070,437.376,215.248,160.2,437.312,215.456,160.16,LPLC1,red,dend[2432],0.5911796604736785
720575940615934150,428.736,222.24,162.64,428.768,222.336,162.52,LPLC1,red,dend[308],0.735615572289516
720575940615934150,427.152,222.24,163.36,427.12,222.384,163.48,LPLC1,red,dend[312],1.0
720575940635631211,435.456,218.416,159.8,435.488,218.64,159.88,LPLC1,red,dend[2426],0.19618133491950995
720575940635631211,428.544,213.008,159.76,428.672,213.072,159.92,LPLC1,red,dend[1353],1.0
720575940635631211,428.368,220.832,162.92,428.352,220.816,163.08,LPLC1,red,dend[1243],0.8740075217994093
720575940635631211,428.576,222.016,162.44,428.72,222.144,162.4,LPLC1,red,dend[308],0.8703774523840716
720575940635631211,428.496,213.424,159.6,428.736,213.392,159.6,LPLC1,red,dend[1360],0.29831442285235543
720575940635631211,428.048,220.992,163.0,428.0,220.928,163.16,LPLC1,red,dend[1243],0.9701494161149814
720575940635631211,436.64,217.728,159.16,436.768,217.6,159.28,LPLC1,red,dend[2430],0.32132909345974425
720575940615934150,435.888,219.632,159.8,435.84,219.84,159.76,LPLC1,red,dend[2423],0.1511498616163218
720575940615934150,431.248,220.928,161.48,431.312,220.928,161.36,LPLC1,red,dend[294],0.7267767487671998
720575940615934150,435.328,219.28,160.12,435.44,219.216,160.24,LPLC1,red,dend[2422],0.09479047052775867
720575940629047340,434.4,219.216,158.96,434.496,219.312,159.08,LPLC1,red,dend[2428],0.5901493398955501
720575940629047340,426.192,222.064,159.96,426.24,221.984,160.0,LPLC1,red,dend[327],0.21999902820276224
720575940634361336,426.928,226.496,160.64,426.896,226.64,160.56,LPLC1,red,dend[369],1.0
720575940634361336,430.96,213.472,160.12,430.736,213.456,160.16,LPLC1,red,dend[1355],1.0
720575940634361336,426.96,223.008,159.88,426.816,223.136,160.0,LPLC1,red,dend[319],0.8427253308396171
720575940634361336,427.12,222.832,159.92,427.12,222.656,160.04,LPLC1,red,dend[328],0.8554881669222364
720575940634361336,427.568,225.616,160.32,427.712,225.504,160.44,LPLC1,red,dend[360],0.7596651909211779
720575940634361336,427.872,217.488,161.2,427.776,217.568,161.4,LPLC1,red,dend[1257],0.8196669450988736
720575940634361336,428.736,222.416,160.12,428.608,222.288,160.12,LPLC1,red,dend[329],0.8466247470830439
720575940634361336,428.32,215.856,159.32,428.352,215.936,159.28,LPLC1,red,dend[1377],0.5651298931934176
720575940629245937,428.464,222.016,159.76,428.64,222.128,159.92,LPLC1,red,dend[329],0.9787033414906239
720575940629245937,426.992,222.448,159.2,426.896,222.256,159.2,LPLC1,red,dend[327],0.5773435264801335
720575940645134103,431.584,217.728,159.6,431.6,217.568,159.52,LPLC1,red,dend[286],0.7541801841415178
720575940640642723,428.464,221.888,162.2,428.64,222.016,162.24,LPLC1,red,dend[308],0.978541129403246
720575940640642723,426.752,222.352,163.12,426.656,222.496,163.08,LPLC1,red,dend[313],0.21540048974502798
720575940622932297,438.656,219.088,158.8,438.704,218.88,158.72,LPLC1,red,dend[2436],0.9754299686121268
720575940622932297,439.616,217.68,158.8,439.376,217.696,158.8,LPLC1,red,dend[2436],0.2290717076225921
720575940622932297,435.904,220.208,158.88,435.936,219.984,158.96,LPLC1,red,dend[2423],0.4331232024529057
720575940622932297,439.68,217.568,158.8,439.584,217.424,158.8,LPLC1,red,dend[2434],0.9861203294720123
720575940621658971,426.0,221.392,161.0,425.952,221.392,161.16,LPLC1,red,dend[326],0.7441216964118368
720575940646708788,428.24,215.088,162.4,428.112,215.216,162.52,LPLC1,red,dend[2077],0.5742928799337006
720575940646708788,433.968,215.136,160.72,433.792,215.184,160.64,LPLC1,red,dend[281],0.5664436107902947
720575940646708788,436.752,214.496,159.44,436.656,214.656,159.36,LPLC1,red,dend[235],0.9133455759366071
720575940646708788,428.496,215.056,162.32,428.608,215.168,162.44,LPLC1,red,dend[2077],0.47751212110896385
720575940646708788,436.672,214.688,159.76,436.672,214.912,159.72,LPLC1,red,dend[234],0.8992105004908841
720575940646708788,429.024,225.552,158.72,429.136,225.504,158.8,LPLC1,red,dend[364],0.5980398730920099
720575940646708788,433.632,214.928,161.04,433.424,214.8,161.04,LPLC1,red,dend[279],0.9511153446061813
720575940646708788,437.008,214.432,159.28,436.896,214.608,159.24,LPLC1,red,dend[255],0.39590673803186066
720575940646708788,437.216,214.432,159.24,437.152,214.592,159.28,LPLC1,red,dend[255],0.7968372434503682
720575940646708788,428.416,225.824,159.36,428.624,225.856,159.4,LPLC1,red,dend[364],0.22873821091577334
720575940646708788,428.416,214.336,161.92,428.48,214.144,162.0,LPLC1,red,dend[1262],0.9452574819681966
720575940646708788,426.416,222.528,163.04,426.528,222.4,163.0,LPLC1,red,dend[313],0.3061945957856971
720575940646708788,432.448,216.256,161.16,432.512,216.4,161.08,LPLC1,red,dend[286],0.2721165363798584
720575940613672931,447.328,212.672,153.48,447.424,212.8,153.6,LPLC1,red,dend[2449],0.9461920715136913
720575940626721881,448.224,212.528,153.44,448.048,212.592,153.44,LPLC1,red,dend[2449],0.5544117857625512
720575940608422958,453.84,211.184,152.12,454.016,211.296,152.12,LPLC1,red,dend[61],0.6196208141378811
720575940637905478,448.864,212.528,152.96,448.944,212.72,152.92,LPLC1,red,dend[2450],0.4028935389115153
720575940645134359,447.968,212.496,153.6,448.0,212.64,153.52,LPLC1,red,dend[2449],0.5911459538176904
720575940645134359,448.848,212.4,153.64,448.912,212.544,153.76,LPLC1,red,dend[2448],0.6255694812991882
720575940629661381,447.984,211.872,155.2,447.872,211.712,155.24,LPLC1,red,dend[2455],0.3460963755675326
720575940625175068,443.52,209.472,156.0,443.712,209.456,156.04,LPLC1,red,dend[126],0.924386116677218
720575940625175068,443.072,209.328,156.28,442.976,209.344,156.36,LPLC1,red,dend[124],0.8938910271601772
720575940625031426,447.536,211.616,155.36,447.584,211.744,155.28,LPLC1,red,dend[2455],0.6613197281544091
720575940632086573,445.472,210.784,155.32,445.504,210.768,155.2,LPLC1,red,dend[2440],0.8350564683122729
720575940632086573,446.736,211.248,156.56,446.704,211.168,156.68,LPLC1,red,dend[74],0.9844720175378565
720575940612570481,445.136,211.824,155.8,445.344,211.872,155.8,LPLC1,red,dend[2440],0.5459399119741726
720575940637905478,447.92,212.384,154.4,448.128,212.384,154.52,LPLC1,red,dend[2454],0.9515686277325831
720575940637905478,442.752,209.28,156.4,442.976,209.312,156.4,LPLC1,red,dend[124],0.856410552684594
720575940637905478,447.728,210.976,155.2,447.92,211.008,155.16,LPLC1,red,dend[2460],0.20264429834613945
720575940622670845,445.04,212.864,155.72,445.04,212.992,155.64,LPLC1,red,dend[88],0.9335145735355095
720575940622670845,442.528,211.472,154.76,442.656,211.52,154.84,LPLC1,red,dend[152],0.3078952164542209
720575940621522671,442.912,211.728,154.36,442.928,211.536,154.36,LPLC1,red,dend[152],0.7243429239891609
720575940628324802,442.816,211.488,155.2,442.736,211.328,155.32,LPLC1,red,dend[153],1.0
720575940616298816,447.984,211.6,155.16,448.112,211.712,155.24,LPLC1,red,dend[2446],0.9613158389514916
720575940616298816,448.176,212.384,154.64,448.144,212.384,154.52,LPLC1,red,dend[2454],0.927661455542218
720575940616298816,447.984,211.2,155.28,447.968,211.008,155.2,LPLC1,red,dend[2460],0.08068489654365868
720575940616298816,448.464,211.152,155.48,448.368,211.296,155.48,LPLC1,red,dend[2445],0.668063896161958
720575940614751027,446.08,210.784,154.8,445.984,210.624,154.84,LPLC1,red,dend[2440],0.9473126903706292
720575940616298816,448.352,211.84,154.4,448.464,212.016,154.36,LPLC1,red,dend[2447],0.8702616203203705
720575940616201695,443.184,211.392,153.96,443.072,211.504,154.08,LPLC1,red,dend[152],0.9600113470503094
720575940636983518,442.64,211.792,155.08,442.496,211.552,155.04,LPLC1,red,dend[152],0.11315417866537728
720575940636703977,447.472,211.92,155.24,447.456,211.76,155.28,LPLC1,red,dend[2455],0.7982385479592401
720575940636703977,445.232,212.352,156.08,445.392,212.352,156.12,LPLC1,red,dend[2440],0.4177672400283206
720575940636703977,447.248,211.936,155.32,447.328,211.776,155.32,LPLC1,red,dend[2455],0.9424536924718232
720575940636703977,445.568,211.744,155.64,445.392,211.696,155.64,LPLC1,red,dend[2440],0.6039836349182622
720575940615934150,446.0,210.416,154.64,446.08,210.56,154.76,LPLC1,red,dend[2440],0.9768400808900267
720575940615934150,442.608,212.256,157.04,442.528,212.208,157.24,LPLC1,red,dend[147],0.8294581503825222
720575940640642723,445.312,211.376,155.24,445.424,211.392,155.4,LPLC1,red,dend[2440],0.6951337979144321
720575940640642723,446.08,210.608,154.56,446.08,210.544,154.76,LPLC1,red,dend[2440],0.9794593377205069
720575940640642723,442.624,212.32,156.6,442.496,212.4,156.72,LPLC1,red,dend[183],0.514058207379337
720575940640642723,443.088,212.784,156.56,442.88,212.8,156.56,LPLC1,red,dend[183],0.9497699837868692
720575940622932297,444.784,212.816,155.44,445.008,212.928,155.52,LPLC1,red,dend[88],0.9764224282845515
720575940646708788,445.744,211.088,155.16,445.584,211.024,155.16,LPLC1,red,dend[2440],0.8046443914202283
720575940646708788,447.792,210.816,154.8,447.952,210.928,154.88,LPLC1,red,dend[2460],0.7355668965605575
720575940626667270,442.4,214.144,153.16,442.496,214.016,153.24,LPLC1,red,dend[213],0.8948052497294744
720575940626667270,442.96,214.32,153.28,442.976,214.272,153.48,LPLC1,red,dend[213],0.042798881674729346
720575940610902442,442.496,213.536,153.0,442.688,213.584,153.12,LPLC1,red,dend[214],0.48712923505042227
720575940626721881,445.12,214.512,153.56,445.104,214.416,153.48,LPLC1,red,dend[210],0.5410991638253545
720575940626721881,445.984,214.448,153.2,445.968,214.272,153.2,LPLC1,red,dend[210],0.8029919364017913
720575940637905478,445.776,214.24,153.48,445.76,214.352,153.28,LPLC1,red,dend[210],0.7380460681915875
720575940615362558,442.736,213.856,153.08,442.608,213.776,153.16,LPLC1,red,dend[214],0.27972642352984234
720575940627555197,443.024,213.424,153.28,442.944,213.264,153.2,LPLC1,red,dend[214],0.9041446553532451
720575940616201695,443.072,213.104,153.08,442.896,213.28,153.16,LPLC1,red,dend[214],0.8626810600401456
720575940632946477,443.232,214.192,153.52,443.008,214.256,153.52,LPLC1,red,dend[213],0.11625599809913603
720575940629047340,442.928,214.832,153.48,442.896,214.624,153.56,LPLC1,red,dend[213],0.15080920778608825
720575940611922126,443.072,213.056,153.92,443.008,213.296,153.92,LPLC1,red,dend[212],0.9151119384284051
720575940611922126,443.104,214.848,156.56,442.96,214.8,156.68,LPLC1,red,dend[217],0.5513755572618912
720575940645134359,445.072,213.728,156.24,445.008,213.536,156.4,LPLC1,red,dend[88],0.6280413486877755
720575940619720129,442.8,215.44,156.44,442.704,215.28,156.48,LPLC1,red,dend[190],0.3551710597626164
720575940619720129,442.608,215.952,156.0,442.512,215.936,155.92,LPLC1,red,dend[216],0.8329744762419734
720575940629661381,443.12,214.592,156.28,443.056,214.592,156.44,LPLC1,red,dend[217],0.9393939141889698
720575940629661381,442.656,215.072,156.16,442.48,215.216,156.12,LPLC1,red,dend[190],0.8517493714411014
720575940629661381,445.168,213.184,155.8,445.056,213.088,155.72,LPLC1,red,dend[88],0.9020882270372426
720575940625031426,443.232,215.392,156.6,443.008,215.248,156.64,LPLC1,red,dend[187],1.0
720575940632086573,443.216,215.632,157.64,442.992,215.568,157.76,LPLC1,red,dend[185],0.7491681019182495
720575940632086573,443.552,214.672,157.0,443.488,214.512,157.12,LPLC1,red,dend[217],0.789005875458104
720575940628716294,443.248,215.2,154.64,443.28,215.024,154.6,LPLC1,red,dend[208],0.7784604520601021
720575940640792973,443.136,214.256,154.36,443.136,214.464,154.36,LPLC1,red,dend[209],0.4081898573433257
720575940637905478,442.976,214.88,154.88,442.848,214.8,154.84,LPLC1,red,dend[205],1.0
720575940626865148,442.432,215.632,154.32,442.512,215.76,154.36,LPLC1,red,dend[206],0.8060729800347501
720575940632481849,442.48,213.76,157.72,442.256,213.808,157.68,LPLC1,red,dend[2439],0.5285547697401752
720575940615362558,443.104,213.904,153.72,442.944,214.032,153.72,LPLC1,red,dend[211],0.7984799763317367
720575940627555197,442.736,213.792,153.76,442.88,213.856,153.8,LPLC1,red,dend[212],0.31618889905837844
720575940630420281,443.568,214.368,154.08,443.584,214.256,154.04,LPLC1,red,dend[210],0.08633447009975828
720575940630420281,443.344,214.4,153.88,443.152,214.256,153.84,LPLC1,red,dend[209],1.0
720575940630420281,443.104,214.72,154.4,443.056,214.624,154.56,LPLC1,red,dend[207],1.0
720575940636703977,443.552,213.696,156.88,443.632,213.904,156.8,LPLC1,red,dend[217],1.0
720575940636703977,444.656,213.44,156.72,444.768,213.648,156.76,LPLC1,red,dend[88],0.4624367878235698
720575940636703977,445.168,213.2,156.24,445.152,213.312,156.12,LPLC1,red,dend[88],0.7573504924489877
720575940632946477,442.832,214.704,154.52,443.024,214.656,154.6,LPLC1,red,dend[207],0.9607782915950498
720575940632946477,442.544,215.168,154.72,442.576,215.248,154.8,LPLC1,red,dend[206],0.25639307866234795
720575940632946477,442.656,214.272,153.64,442.736,214.096,153.56,LPLC1,red,dend[211],1.0
720575940635631211,443.584,214.08,154.0,443.52,214.256,154.04,LPLC1,red,dend[210],0.06848678247079613
720575940635631211,442.976,213.712,154.12,442.864,213.616,154.0,LPLC1,red,dend[212],0.6140701367291616
720575940635631211,442.496,214.64,155.16,442.576,214.88,155.12,LPLC1,red,dend[205],0.5726070500117916
720575940635631211,443.952,214.128,153.72,444.064,214.224,153.76,LPLC1,red,dend[210],0.23838715024421214
720575940635631211,442.64,213.776,154.4,442.688,213.632,154.24,LPLC1,red,dend[212],0.6546157884281367
720575940629047340,444.72,214.528,153.68,444.704,214.352,153.6,LPLC1,red,dend[210],0.42366416481603064
720575940622932297,443.584,214.0,156.68,443.632,213.92,156.8,LPLC1,red,dend[217],1.0
720575940622932297,442.496,214.992,157.64,442.688,215.024,157.64,LPLC1,red,dend[185],0.5057367634223969
720575940622009284,393.184,238.24,166.88,393.056,238.384,166.84,LPLC2,orange,dend[808],0.6648525321128285
720575940613219474,393.008,238.48,166.36,393.072,238.256,166.4,LPLC2,orange,dend[808],0.9034008032546259
720575940630731847,392.496,237.968,166.2,392.688,238.032,166.32,LPLC2,orange,dend[809],1.0
720575940628395797,401.424,239.888,163.64,401.424,240.112,163.6,LPLC2,orange,dend[786],0.9736192182918249
720575940616008854,399.888,240.4,163.48,399.904,240.64,163.44,LPLC2,orange,dend[817],0.5853972493125211
720575940623262461,403.632,238.928,162.08,403.504,239.088,162.16,LPLC2,orange,dend[785],0.9182071622084987
720575940617480094,393.328,238.848,168.0,393.456,239.008,168.04,LPLC2,orange,dend[807],0.7611053877317662
720575940617480094,393.328,238.528,168.16,393.52,238.576,168.16,LPLC2,orange,dend[811],0.9184623283305398
720575940630831185,412.416,224.912,152.2,412.608,225.008,152.08,LPLC2,orange,dend[901],0.3424182168860758
720575940648418425,412.928,225.328,153.4,413.072,225.216,153.28,LPLC2,orange,dend[901],0.08684014938690632
720575940630731847,412.32,225.12,151.68,412.416,224.896,151.76,LPLC2,orange,dend[901],0.41592247282256867
720575940635307639,412.128,224.656,151.64,412.24,224.768,151.68,LPLC2,orange,dend[901],0.44348407879072266
720575940626617084,413.184,229.52,158.92,413.152,229.424,158.8,LPLC2,orange,dend[749],0.9830880980525276
720575940626617084,413.008,229.904,158.88,413.04,229.824,158.76,LPLC2,orange,dend[749],0.9011665650408823
720575940623003653,425.328,212.496,168.68,425.488,212.384,168.72,LPLC4,green,dend[2052],0.9828206395751543
720575940624864585,421.68,206.928,168.56,421.84,206.928,168.6,LPLC4,green,dend[1799],0.3006373634545598
720575940613238418,423.68,207.488,168.88,423.824,207.456,168.92,LPLC4,green,dend[1794],0.8306591666773472
720575940620346758,423.936,207.136,167.84,424.128,207.072,167.8,LPLC4,green,dend[1793],0.9116777400756927
720575940620346758,422.528,207.6,168.76,422.496,207.376,168.84,LPLC4,green,dend[1799],0.07525425204777965
720575940620346758,424.112,206.848,168.04,424.24,206.992,168.0,LPLC4,green,dend[1793],0.732738986697859
720575940613984578,424.544,207.104,168.16,424.624,207.072,168.08,LPLC4,green,dend[1793],0.5415048155644755
720575940627363356,421.296,209.504,167.88,421.152,209.6,167.8,LPLC4,green,dend[1428],0.9257531197405803
720575940626435850,425.584,210.464,168.08,425.68,210.592,168.12,LPLC4,green,dend[2058],0.9114877685124483
720575940626435850,425.792,210.768,167.6,425.888,210.928,167.68,LPLC4,green,dend[2056],0.9140874636835818
720575940619309632,425.456,212.032,168.56,425.504,211.968,168.72,LPLC4,green,dend[2055],0.1891383787842821
720575940619309632,425.552,212.224,168.6,425.488,212.352,168.72,LPLC4,green,dend[2052],1.0
720575940619655685,425.952,210.992,168.2,425.776,211.008,168.12,LPLC4,green,dend[2058],0.5400896803387998
720575940619655685,425.872,211.12,168.52,425.84,211.36,168.48,LPLC4,green,dend[2055],0.5839405128191061
720575940624203972,425.648,208.144,169.6,425.696,207.92,169.52,LPLC4,green,dend[1785],0.9246594540695044
720575940621514093,423.6,206.992,169.6,423.616,206.88,169.56,LPLC4,green,dend[1800],0.5241423207045623
720575940634839964,425.92,209.712,169.0,426.064,209.904,169.04,LPLC4,green,dend[1778],0.9599853270509664
720575940621514093,423.648,207.024,169.56,423.664,206.912,169.52,LPLC4,green,dend[1800],0.4639674606583198
720575940622560094,425.6,208.352,169.24,425.568,208.256,169.4,LPLC4,green,dend[1801],0.3547797313611814
720575940623003653,420.656,206.576,169.76,420.736,206.464,169.64,LPLC4,green,dend[1799],1.0
720575940623003653,421.888,209.856,170.48,421.76,209.872,170.68,LPLC4,green,dend[2036],0.43248901717356364
720575940623003653,420.336,206.88,170.28,420.24,207.008,170.36,LPLC4,green,dend[2019],0.9746893081659606
720575940623003653,422.032,210.448,170.92,421.84,210.48,170.92,LPLC4,green,dend[2035],0.22786470468551595
720575940623003653,421.536,210.576,172.36,421.344,210.48,172.32,LPLC4,green,dend[2034],0.364724439953908
720575940623003653,415.728,204.8,172.76,415.856,204.72,172.68,LPLC4,green,dend[2022],0.8241881797105416
720575940623003653,421.728,210.352,172.04,421.536,210.336,172.04,LPLC4,green,dend[2034],0.522160254020134
720575940624864585,424.56,209.072,172.4,424.64,209.184,172.36,LPLC4,green,dend[1826],0.28312827396501694
720575940624864585,421.568,206.848,169.0,421.744,206.784,169.12,LPLC4,green,dend[1799],0.42710719692175775
720575940624864585,424.464,208.448,172.52,424.56,208.288,172.6,LPLC4,green,dend[1825],0.18777467510399332
720575940613238418,423.6,206.816,169.36,423.696,206.96,169.44,LPLC4,green,dend[1800],0.3717960532645111
720575940613238418,423.808,206.96,169.2,423.824,207.136,169.2,LPLC4,green,dend[1794],0.9118819134087085
720575940609063236,425.648,212.704,172.2,425.536,212.736,172.08,LPLC4,green,dend[1838],0.5241503102970987
720575940609063236,425.424,208.592,169.24,425.424,208.464,169.4,LPLC4,green,dend[1801],0.4936985989773055
720575940609063236,425.472,207.168,172.36,425.28,207.248,172.44,LPLC4,green,dend[1825],1.0
720575940609063236,425.312,212.976,172.36,425.2,212.832,172.4,LPLC4,green,dend[1838],0.17084916003697076
720575940625925450,421.84,206.768,169.32,421.808,206.8,169.12,LPLC4,green,dend[1799],0.39471484576619487
720575940625925450,422.384,207.52,170.52,422.176,207.472,170.52,LPLC4,green,dend[1796],0.8625089525226141
720575940625925450,422.32,207.12,169.48,422.432,207.312,169.44,LPLC4,green,dend[1795],1.0
720575940630321464,418.512,206.464,172.56,418.56,206.64,172.52,LPLC4,green,dend[2019],0.03182585952455612
720575940630321464,418.816,206.304,172.52,418.8,206.48,172.56,LPLC4,green,dend[2019],0.07590475483993173
720575940630321464,420.928,207.776,171.84,421.104,207.888,171.84,LPLC4,green,dend[1797],0.9943713630632771
720575940617687382,424.752,211.36,170.0,424.912,211.408,169.88,LPLC4,green,dend[2054],0.9361213226105938
720575940617687382,418.208,207.136,170.76,418.288,207.312,170.76,LPLC4,green,dend[2017],0.9925705541658302
720575940617687382,418.0,206.592,171.92,418.016,206.72,172.08,LPLC4,green,dend[2020],0.9618123297240238
720575940617687382,420.144,207.2,170.48,420.192,207.024,170.44,LPLC4,green,dend[2019],0.9439891365486853
720575940617687382,421.04,209.504,170.8,421.264,209.504,170.72,LPLC4,green,dend[2036],0.934560053157267
720575940617687382,424.8,211.552,169.96,424.928,211.536,169.84,LPLC4,green,dend[2054],0.8469831946697733
720575940618818629,421.552,207.76,171.52,421.392,207.808,171.48,LPLC4,green,dend[1797],0.6876173870278842
720575940645336100,424.992,207.056,172.44,424.944,207.2,172.52,LPLC4,green,dend[1825],1.0
720575940623383432,425.136,211.536,173.12,425.264,211.648,173.16,LPLC4,green,dend[1839],0.6863045346115639
720575940623492632,418.368,206.816,172.28,418.464,206.848,172.44,LPLC4,green,dend[2019],0.03359771088242417
720575940623492632,416.544,204.608,170.48,416.624,204.736,170.32,LPLC4,green,dend[2026],0.21515569306178628
720575940623492632,417.408,205.376,169.68,417.28,205.232,169.6,LPLC4,green,dend[2027],0.49155362665023666
720575940623492632,421.248,209.328,170.6,421.28,209.504,170.72,LPLC4,green,dend[2036],0.9272064340662738
720575940623492632,416.384,205.152,171.48,416.144,205.024,171.52,LPLC4,green,dend[2023],0.3561605260801391
720575940623492632,416.304,204.816,171.12,416.112,204.928,171.08,LPLC4,green,dend[2023],0.6468993763945333
720575940623492632,421.584,212.784,172.72,421.376,212.832,172.64,LPLC4,green,dend[2003],0.596185478201686
720575940623492632,418.176,206.8,172.08,418.016,206.72,172.12,LPLC4,green,dend[2020],0.8931958146505328
720575940624008586,418.112,207.68,171.4,418.016,207.52,171.44,LPLC4,green,dend[2017],0.5518260172066892
720575940624008586,420.288,212.048,172.24,420.368,211.888,172.32,LPLC4,green,dend[2008],0.6187418566279603
720575940624008586,418.24,204.624,169.84,418.192,204.8,169.92,LPLC4,green,dend[2028],0.8869646586355598
720575940653172726,420.848,206.16,169.6,420.8,206.416,169.6,LPLC4,green,dend[1799],0.9817777882393995
720575940620729816,423.232,206.752,170.04,423.36,206.768,169.88,LPLC4,green,dend[1800],0.9079931840084505
720575940620729816,425.936,211.12,173.44,425.808,211.2,173.28,LPLC4,green,dend[1839],1.0
720575940622276735,417.76,207.584,171.56,417.936,207.504,171.6,LPLC4,green,dend[2017],0.443673775084532
720575940622276735,419.056,210.144,171.6,418.912,210.272,171.68,LPLC4,green,dend[2012],0.9372771494782297
720575940622276735,417.552,207.12,172.2,417.68,207.312,172.24,LPLC4,green,dend[2016],0.9959183900109783
720575940619014981,420.32,210.24,173.12,420.304,210.416,173.24,LPLC4,green,dend[2033],0.29135347581224974
720575940619014981,421.648,207.664,170.56,421.632,207.6,170.4,LPLC4,green,dend[1798],0.6561907540837193
720575940619014981,420.512,210.288,172.72,420.672,210.448,172.76,LPLC4,green,dend[2032],1.0
720575940619014981,421.984,207.472,170.88,421.936,207.6,170.84,LPLC4,green,dend[1797],0.12248328240525987
720575940619014981,420.608,210.16,172.84,420.752,210.304,172.84,LPLC4,green,dend[2032],1.0
720575940615044469,423.616,210.336,172.64,423.728,210.144,172.6,LPLC4,green,dend[1826],0.9765286358219076
720575940615044469,418.32,205.344,169.2,418.112,205.408,169.24,LPLC4,green,dend[2029],0.8176797562963665
720575940640625280,424.256,207.904,172.64,424.352,208.016,172.72,LPLC4,green,dend[1825],0.3238983320176685
720575940640625280,424.48,207.76,172.44,424.528,207.616,172.6,LPLC4,green,dend[1825],0.6309674891351985
720575940640625280,424.88,208.144,172.36,424.864,208.368,172.44,LPLC4,green,dend[1825],0.20248269553689666
720575940640625280,424.976,208.8,172.08,425.056,208.72,172.2,LPLC4,green,dend[1824],0.8518204064979616
720575940638880582,418.928,206.944,171.8,418.96,206.848,171.92,LPLC4,green,dend[2019],0.28039427941722805
720575940638880582,423.888,209.776,172.4,424.064,209.84,172.48,LPLC4,green,dend[1826],0.7392780276159837
720575940638880582,424.144,209.6,172.6,424.192,209.712,172.48,LPLC4,green,dend[1826],0.6468074682558785
720575940638880582,423.68,210.032,172.48,423.728,210.128,172.6,LPLC4,green,dend[1826],0.9700262291583389
720575940638880582,419.424,206.784,171.48,419.456,206.912,171.56,LPLC4,green,dend[2019],0.48985378185851813
720575940634599650,421.312,207.68,170.24,421.456,207.648,170.36,LPLC4,green,dend[1798],1.0
720575940634599650,420.256,210.368,173.56,420.176,210.32,173.44,LPLC4,green,dend[2033],0.4334191200944392
720575940634599650,420.0,209.984,173.68,419.952,210.096,173.72,LPLC4,green,dend[2033],0.6720885631481126
720575940641216976,425.216,208.448,172.28,425.024,208.48,172.32,LPLC4,green,dend[1824],0.8641342348657058
720575940642181005,425.744,208.96,171.88,425.856,208.848,172.04,LPLC4,green,dend[1824],0.16372981483110605
720575940619414597,416.272,205.2,170.72,416.08,205.072,170.76,LPLC4,green,dend[2023],0.8500524175827934
720575940626886568,420.96,210.56,172.28,420.976,210.576,172.44,LPLC4,green,dend[2034],0.22713835164940469
720575940626886568,421.392,210.56,171.88,421.536,210.416,171.96,LPLC4,green,dend[2034],0.5505950841669489
720575940626886568,421.488,209.92,170.76,421.552,209.792,170.64,LPLC4,green,dend[2036],0.5973945497959849
720575940626886568,417.712,205.12,169.4,417.744,205.28,169.44,LPLC4,green,dend[2027],0.9392108501369268
720575940626886568,421.264,209.744,170.56,421.44,209.68,170.6,LPLC4,green,dend[2036],0.7427081770583485
720575940626886568,416.8,204.672,170.08,416.608,204.848,170.12,LPLC4,green,dend[2026],0.3639555087513574
720575940626886568,421.696,210.0,171.36,421.856,210.032,171.44,LPLC4,green,dend[2034],0.837258709346251
720575940626886568,417.44,205.024,169.68,417.504,205.184,169.68,LPLC4,green,dend[2027],0.739783288746889
720575940626408454,425.584,211.456,178.32,425.648,211.296,178.24,LPLC4,green,dend[1950],0.5178137494799522
720575940620375796,420.528,211.68,178.2,420.496,211.76,178.0,LPLC4,green,dend[1979],0.4370927082651122
720575940629320010,425.68,211.024,178.08,425.808,211.184,178.16,LPLC4,green,dend[1950],0.49949655780959445
720575940620375796,420.464,211.776,178.44,420.336,211.888,178.44,LPLC4,green,dend[1982],0.05882249022344864
720575940638338281,421.552,212.624,178.76,421.36,212.512,178.84,LPLC4,green,dend[1975],0.1723523629254309
720575940618818629,422.448,212.672,177.84,422.432,212.672,177.68,LPLC4,green,dend[1964],0.21519351020496166
720575940623383432,425.712,209.808,175.16,425.92,209.872,175.24,LPLC4,green,dend[1948],0.9297610319908852
720575940619309632,420.832,212.56,179.12,420.8,212.352,179.32,LPLC4,green,dend[1975],0.5327283529006451
720575940624008586,419.936,211.152,178.16,419.776,211.008,178.28,LPLC4,green,dend[1982],0.6235029103818203
720575940624008586,420.304,211.504,178.0,420.512,211.584,178.0,LPLC4,green,dend[1980],0.7226360471388692
720575940653172726,425.616,209.056,176.16,425.728,209.072,176.08,LPLC4,green,dend[1949],0.8971107606390607
720575940619014981,422.768,212.048,177.88,422.672,212.08,178.04,LPLC4,green,dend[1964],0.6624141712556855
720575940619014981,425.776,210.32,178.96,425.92,210.4,179.04,LPLC4,green,dend[1950],0.9773812530060776
720575940619014981,425.424,210.544,179.0,425.52,210.72,179.0,LPLC4,green,dend[1959],0.15455193285521843
720575940619014981,422.48,212.752,177.4,422.464,212.864,177.56,LPLC4,green,dend[1963],0.9314224992912535
720575940615044469,420.64,211.936,176.76,420.608,211.904,176.92,LPLC4,green,dend[1981],0.9675600596502875
720575940640625280,425.872,210.016,175.52,426.032,209.888,175.52,LPLC4,green,dend[1948],0.6547901496353492
720575940642181005,425.92,212.336,177.12,426.08,212.48,177.16,LPLC4,green,dend[1941],0.5929775365580806
720575940619414597,420.384,211.888,176.96,420.56,211.888,176.92,LPLC4,green,dend[1981],0.9619170809245902
720575940619414597,420.496,211.76,177.36,420.608,211.84,177.48,LPLC4,green,dend[1981],0.2808323786293678
720575940621514093,420.976,211.536,180.2,420.832,211.552,180.28,LPLC4,green,dend[1976],0.4249238739968627
720575940625574844,425.072,211.36,179.24,424.944,211.232,179.2,LPLC4,green,dend[1959],0.6376735860582613
720575940622560094,425.632,210.48,180.88,425.472,210.368,180.96,LPLC4,green,dend[1958],0.7566550557812619
720575940620346758,420.544,211.584,180.4,420.704,211.68,180.44,LPLC4,green,dend[1976],0.36893348593949654
720575940626435850,425.264,210.912,179.36,425.312,210.976,179.16,LPLC4,green,dend[1959],0.35609542049709514
720575940653172726,425.968,207.696,180.6,426.016,207.808,180.52,LPLC4,green,dend[1953],0.9048287772305643
720575940620729816,424.208,211.264,179.32,424.352,211.36,179.24,LPLC4,green,dend[1959],0.9996242616546378
720575940640625280,425.184,210.176,181.16,425.28,210.336,181.04,LPLC4,green,dend[1958],0.8624933191518389
720575940621259875,425.184,210.768,181.2,425.344,210.576,181.16,LPLC4,green,dend[1958],0.9389474975551588
720575940641216976,425.232,210.512,181.44,425.376,210.56,181.32,LPLC4,green,dend[1958],0.9871466903984292
720575940623003653,425.808,226.864,165.8,425.696,227.088,165.84,LPLC4,green,dend[413],0.991509758443395
720575940623003653,425.232,226.864,165.8,425.104,226.992,165.92,LPLC4,green,dend[413],0.7549046143711755
720575940623003653,425.488,213.12,168.92,425.472,213.2,169.08,LPLC4,green,dend[2052],0.45315021569391684
720575940627363356,424.928,226.56,164.96,424.72,226.48,165.04,LPLC4,green,dend[414],0.8444901798616816
720575940623492632,425.264,228.48,165.68,425.36,228.336,165.76,LPLC4,green,dend[395],0.00221710504035845
720575940623492632,425.568,227.344,165.72,425.52,227.184,165.84,LPLC4,green,dend[413],0.885010507549336
720575940623492632,424.336,229.296,165.36,424.304,229.104,165.4,LPLC4,green,dend[412],0.9057899068464638
720575940623492632,425.6,213.712,168.6,425.76,213.744,168.68,LPLC4,green,dend[1833],0.6279244392977239
720575940624008586,425.728,228.528,165.92,425.648,228.512,166.12,LPLC4,green,dend[396],0.6230309249838208
720575940624008586,425.584,223.472,168.72,425.712,223.36,168.64,LPLC4,green,dend[348],0.2166735282272635
720575940624008586,425.792,228.304,166.08,425.696,228.48,166.16,LPLC4,green,dend[396],0.7359212520440992
720575940615044469,425.856,215.312,168.64,425.84,215.104,168.64,LPLC4,green,dend[2061],0.32232674548360135
720575940619414597,425.28,228.192,165.68,425.36,228.336,165.8,LPLC4,green,dend[395],0.007284902721211448
720575940613491826,425.6,215.616,169.64,425.456,215.712,169.6,LPLC4,green,dend[2061],0.9000456169577065
720575940621514093,423.024,215.488,172.08,422.816,215.36,172.16,LPLC4,green,dend[2042],0.07647623461495869
720575940625574844,421.584,214.016,172.52,421.488,213.792,172.52,LPLC4,green,dend[1999],0.8996928682412918
720575940625574844,422.32,214.192,172.28,422.336,214.016,172.16,LPLC4,green,dend[1999],0.40294427666021915
720575940625574844,425.808,214.72,172.72,425.68,214.768,172.6,LPLC4,green,dend[2049],0.9524545295349829
720575940625574844,421.408,214.24,172.44,421.328,214.144,172.32,LPLC4,green,dend[2000],0.8427991655272064
720575940625574844,421.968,213.952,171.88,422.096,213.856,172.0,LPLC4,green,dend[1999],0.5165219201770744
720575940626408454,422.208,215.552,171.56,422.176,215.504,171.72,LPLC4,green,dend[2043],0.34200791004729364
720575940626408454,421.616,215.536,171.16,421.44,215.504,171.2,LPLC4,green,dend[2047],0.9037633670865999
720575940626408454,421.456,215.696,171.48,421.408,215.536,171.52,LPLC4,green,dend[2047],0.426171055385639
720575940613238418,421.968,215.952,171.88,421.776,215.824,171.92,LPLC4,green,dend[2048],0.023420588308068518
720575940613238418,425.136,215.008,172.4,425.376,214.944,172.44,LPLC4,green,dend[2049],0.7763670176743458
720575940613238418,425.136,214.448,173.68,425.088,214.624,173.8,LPLC4,green,dend[1844],0.9107880529884483
720575940613238418,425.04,214.432,172.92,424.896,214.32,172.88,LPLC4,green,dend[1844],0.47744074468762077
720575940613238418,425.024,214.8,172.52,425.024,214.608,172.44,LPLC4,green,dend[2049],0.5336613114394801
720575940627149514,422.816,217.552,169.92,422.736,217.648,170.04,LPLC4,green,dend[2065],0.9191806266117456
720575940627149514,424.128,217.68,170.56,424.272,217.824,170.52,LPLC4,green,dend[2070],0.4467970303009031
720575940627149514,423.28,217.648,170.04,423.312,217.76,170.12,LPLC4,green,dend[2065],0.4988895918339206
720575940627149514,423.04,217.584,170.24,423.04,217.776,170.2,LPLC4,green,dend[2065],0.6944747273203312
720575940629320010,420.256,217.616,173.12,420.32,217.424,173.08,LPLC4,green,dend[2048],0.9753799773204465
720575940629320010,423.904,215.92,170.12,424.112,215.92,170.12,LPLC4,green,dend[2074],0.9188678870904032
720575940609063236,420.096,216.512,172.2,419.952,216.512,172.36,LPLC4,green,dend[2046],0.5628979268163876
720575940609063236,421.328,215.696,172.2,421.312,215.68,172.04,LPLC4,green,dend[2044],0.15884942060671625
720575940609063236,425.728,213.52,171.6,425.68,213.728,171.52,LPLC4,green,dend[2050],0.8740413787398534
720575940609063236,421.296,216.608,172.4,421.36,216.736,172.44,LPLC4,green,dend[2048],0.4566242421736343
720575940609063236,422.208,215.616,172.96,422.288,215.44,172.96,LPLC4,green,dend[2042],0.7458393841949632
720575940630321464,422.16,213.216,172.32,422.016,213.136,172.4,LPLC4,green,dend[2002],0.2866685563963315
720575940630321464,423.088,213.936,171.64,423.104,214.128,171.68,LPLC4,green,dend[1998],0.8294090444293797
720575940614209576,425.408,223.264,173.6,425.408,223.456,173.72,LPLC4,green,dend[2317],0.256918517656204
720575940614209576,423.712,223.328,172.28,423.792,223.456,172.36,LPLC4,green,dend[2317],1.0
720575940613984578,424.688,216.4,173.28,424.928,216.48,173.28,LPLC4,green,dend[1988],0.98249667779364
720575940627471619,422.24,215.152,172.88,422.304,215.296,172.76,LPLC4,green,dend[2042],0.5911790030947093
720575940617687382,420.832,213.52,173.68,421.024,213.504,173.68,LPLC4,green,dend[2038],0.36860721475755415
720575940617687382,420.896,213.296,173.32,421.12,213.36,173.36,LPLC4,green,dend[2038],0.23273206881132877
720575940634223514,423.632,223.744,172.16,423.76,223.584,172.24,LPLC4,green,dend[2318],0.6223351349461907
720575940634223514,425.952,224.112,173.04,426.096,224.032,173.0,LPLC4,green,dend[2320],0.6599983038374648
720575940645336100,421.68,218.688,170.16,421.888,218.704,170.24,LPLC4,green,dend[2068],0.16869049326607768
720575940645336100,421.552,218.528,170.44,421.728,218.4,170.52,LPLC4,green,dend[2066],0.9863802924199963
720575940627363356,417.104,229.28,169.68,417.024,229.088,169.64,LPLC4,green,dend[719],0.930022268868149
720575940627363356,416.4,229.344,169.76,416.384,229.168,169.84,LPLC4,green,dend[719],0.5236518630006827
720575940623492632,421.312,213.392,173.72,421.088,213.472,173.68,LPLC4,green,dend[2038],0.35949182251129036
720575940626435850,419.792,216.784,172.36,419.888,216.608,172.32,LPLC4,green,dend[2046],0.7800956745470462
720575940626435850,420.944,217.024,172.68,421.072,217.088,172.72,LPLC4,green,dend[2048],0.6649808449505594
720575940619309632,424.88,216.752,169.72,424.768,216.752,169.56,LPLC4,green,dend[2063],0.33359416034262096
720575940619309632,425.264,215.632,169.68,425.456,215.712,169.6,LPLC4,green,dend[2061],0.9000456169577065
720575940633176749,419.28,216.288,174.0,419.232,216.384,173.88,LPLC4,green,dend[2045],0.6122504476759365
720575940624008586,422.208,214.304,171.76,422.4,214.208,171.76,LPLC4,green,dend[1999],0.22725810637235294
720575940623961747,424.24,218.288,171.0,424.224,218.176,170.88,LPLC4,green,dend[2070],0.9338366381690204
720575940623961747,422.304,219.216,170.48,422.24,219.12,170.32,LPLC4,green,dend[2068],0.40906736787420084
720575940653172726,424.208,216.08,170.36,424.272,216.08,170.2,LPLC4,green,dend[2074],0.7593402250054704
720575940623961747,424.384,218.064,170.96,424.24,218.096,170.84,LPLC4,green,dend[2070],0.8608832826571851
720575940653172726,421.12,214.24,172.32,421.328,214.144,172.36,LPLC4,green,dend[2000],0.8354803444308165
720575940653172726,424.656,215.072,171.2,424.816,215.056,171.32,LPLC4,green,dend[2051],0.9058021975934641
720575940653172726,425.024,214.672,170.6,425.088,214.528,170.48,LPLC4,green,dend[1834],0.5510702239096829
720575940620729816,425.104,215.088,171.44,424.96,214.992,171.36,LPLC4,green,dend[2051],0.8460973262312119
720575940620729816,423.024,215.008,171.84,422.784,215.056,171.8,LPLC4,green,dend[2041],0.5806428134506019
720575940620729816,422.352,217.232,170.04,422.528,217.232,170.0,LPLC4,green,dend[2069],0.8975440582068219
720575940615044469,424.88,215.648,169.48,424.864,215.872,169.4,LPLC4,green,dend[2062],0.3900385926485407
720575940615044469,424.0,213.872,172.12,424.144,214.032,172.08,LPLC4,green,dend[1836],0.983496459632712
720575940615044469,425.12,215.552,169.32,425.168,215.728,169.24,LPLC4,green,dend[2061],0.9425312527649884
720575940615044469,423.52,214.032,171.8,423.424,214.224,171.76,LPLC4,green,dend[1998],0.5419155015175233
720575940638880582,423.728,214.72,172.32,423.744,214.528,172.24,LPLC4,green,dend[1843],1.0
720575940621259875,425.936,223.872,172.88,426.048,224.032,173.0,LPLC4,green,dend[2320],0.6529092678749144
720575940621259875,425.856,218.544,170.48,426.032,218.64,170.52,LPLC4,green,dend[2072],0.782107222429779
720575940621259875,425.584,217.84,170.28,425.744,217.76,170.2,LPLC4,green,dend[2071],0.6811706098940196
720575940634599650,424.464,213.904,170.52,424.608,214.096,170.56,LPLC4,green,dend[1834],0.6176812586120289
720575940646414132,422.368,219.168,169.96,422.496,219.264,170.08,LPLC4,green,dend[2068],0.6030028619729594
720575940646414132,425.312,217.696,169.72,425.28,217.584,169.56,LPLC4,green,dend[2071],0.20203208502114586
720575940646414132,425.472,217.744,169.68,425.488,217.616,169.64,LPLC4,green,dend[2071],0.3502763707528941
720575940642181005,421.2,218.336,171.44,421.36,218.336,171.28,LPLC4,green,dend[2067],0.9475724098270828
720575940642181005,425.104,216.272,173.32,425.024,216.448,173.28,LPLC4,green,dend[1988],0.9230056782963002
720575940642181005,425.424,216.192,173.28,425.456,216.32,173.24,LPLC4,green,dend[1988],0.656916140177379
720575940626886568,421.92,213.28,173.0,422.048,213.152,172.96,LPLC4,green,dend[2002],0.9969747459641809
720575940626886568,421.232,213.456,173.12,421.168,213.296,173.12,LPLC4,green,dend[2038],0.1377742535922324
720575940613491826,421.872,218.032,175.2,422.048,218.032,175.28,LPLC4,green,dend[1918],0.7737204005602016
720575940613491826,418.992,216.848,174.28,418.848,216.752,174.32,LPLC4,green,dend[2045],0.8849733658578013
720575940634839964,422.928,218.384,175.12,422.784,218.24,175.2,LPLC4,green,dend[1918],0.32067514452227414
720575940625574844,423.6,218.704,178.44,423.808,218.848,178.4,LPLC4,green,dend[1905],0.7702269096011459
720575940622560094,423.104,218.704,175.68,423.12,218.592,175.52,LPLC4,green,dend[1917],0.8058971704045453
720575940623003653,420.0,213.856,175.56,419.872,213.84,175.52,LPLC4,green,dend[2039],0.5699713082352911
720575940623003653,420.576,213.648,176.2,420.672,213.84,176.2,LPLC4,green,dend[2040],0.9625230199726742
720575940623003653,420.816,213.552,175.52,420.88,213.712,175.44,LPLC4,green,dend[2040],0.19573747222485222
720575940626408454,425.408,219.056,176.92,425.44,219.232,177.04,LPLC4,green,dend[1901],0.5186441730223954
720575940627149514,424.464,217.552,175.96,424.528,217.744,175.96,LPLC4,green,dend[1915],1.0
720575940627149514,422.432,218.016,175.32,422.384,218.176,175.2,LPLC4,green,dend[1918],0.5543807486838387
720575940627149514,422.176,217.872,175.4,422.032,218.0,175.36,LPLC4,green,dend[1918],0.7958599291540996
720575940627149514,425.616,213.904,175.88,425.44,213.76,175.92,LPLC4,green,dend[1924],0.4001172075397243
720575940627149514,425.824,213.856,176.2,425.952,213.744,176.24,LPLC4,green,dend[1960],0.16068202390142186
720575940620375796,420.448,215.056,178.2,420.384,215.024,178.36,LPLC4,green,dend[1970],0.6322963896310897
720575940609063236,423.68,214.224,175.88,423.632,214.16,176.04,LPLC4,green,dend[1962],0.19982157865319106
720575940609063236,424.752,213.664,178.68,424.944,213.632,178.8,LPLC4,green,dend[1939],1.0
720575940620346758,419.728,214.432,175.76,419.696,214.224,175.76,LPLC4,green,dend[2039],0.9154754318859372
720575940625925450,424.544,217.92,178.24,424.48,218.112,178.2,LPLC4,green,dend[1913],0.9456020597135019
720575940635497311,423.52,218.528,175.44,423.408,218.416,175.32,LPLC4,green,dend[1916],0.9765277690724239
720575940635497311,423.84,218.32,175.36,423.712,218.192,175.32,LPLC4,green,dend[1916],0.7641898834182039
720575940614209576,425.376,218.224,177.2,425.328,218.16,177.04,LPLC4,green,dend[1899],0.5121527593633052
720575940614209576,425.472,218.144,177.28,425.488,218.0,177.2,LPLC4,green,dend[1899],0.5026844715747226
720575940614209576,424.608,218.336,177.72,424.656,218.448,177.84,LPLC4,green,dend[1913],0.5106916565716204
720575940614209576,425.28,218.512,177.36,425.168,218.656,177.32,LPLC4,green,dend[1899],0.812786250253548
720575940627471619,425.088,215.264,174.2,424.992,215.232,174.36,LPLC4,green,dend[1846],0.20175516643594174
720575940613984578,425.584,215.648,177.6,425.6,215.792,177.52,LPLC4,green,dend[1848],0.9260487833433886
720575940613984578,424.976,215.904,175.68,425.056,216.032,175.56,LPLC4,green,dend[1846],0.6820522617369403
720575940640353333,425.952,215.84,177.28,425.776,215.76,177.24,LPLC4,green,dend[1848],0.6625078153828791
720575940638338281,421.344,214.352,178.6,421.312,214.368,178.44,LPLC4,green,dend[1968],0.5930417344537957
720575940638338281,421.504,214.24,178.52,421.456,214.304,178.4,LPLC4,green,dend[1968],0.30895917642436355
720575940618818629,422.0,214.432,177.92,422.0,214.56,178.0,LPLC4,green,dend[1971],0.5595481983283825
720575940618818629,422.32,214.704,177.88,422.16,214.816,177.92,LPLC4,green,dend[1971],0.8855397568990655
720575940618818629,422.208,214.64,176.2,422.272,214.496,176.16,LPLC4,green,dend[1962],0.9717515650170331
720575940618818629,422.784,214.592,176.2,422.736,214.384,176.08,LPLC4,green,dend[1962],0.7088370989869128
720575940618818629,421.92,213.792,178.0,421.776,213.808,177.92,LPLC4,green,dend[1966],0.6593638820870174
720575940645336100,425.312,216.976,175.84,425.376,216.912,176.0,LPLC4,green,dend[1898],0.30429326169382165
720575940645336100,425.024,217.584,176.0,424.88,217.664,175.96,LPLC4,green,dend[1915],0.6437754318317921
720575940623383432,422.816,213.456,177.52,422.752,213.392,177.36,LPLC4,green,dend[1963],0.7181845859556101
720575940623383432,422.144,215.056,177.84,422.144,214.832,177.92,LPLC4,green,dend[1971],0.8861929327962935
720575940623383432,423.68,213.76,176.36,423.84,213.696,176.44,LPLC4,green,dend[1963],0.11511736525026177
720575940627363356,420.288,213.632,174.92,420.352,213.824,175.04,LPLC4,green,dend[2038],0.9369014720808184
720575940623492632,419.728,214.736,178.4,419.952,214.864,178.36,LPLC4,green,dend[1970],0.9290018200802826
720575940623492632,419.76,213.616,175.56,419.856,213.84,175.52,LPLC4,green,dend[2039],0.5803866421332661
720575940626435850,424.688,217.792,175.76,424.784,217.728,175.92,LPLC4,green,dend[1915],0.834922700099433
720575940626435850,424.832,218.016,175.92,424.912,217.872,175.92,LPLC4,green,dend[1919],0.5042324179205812
720575940619309632,421.392,214.096,177.92,421.6,214.016,177.84,LPLC4,green,dend[1972],0.8531126789066733
720575940619309632,421.424,214.176,178.16,421.632,214.16,178.16,LPLC4,green,dend[1967],0.5863453985600069
720575940619309632,420.8,214.336,178.68,420.928,214.496,178.72,LPLC4,green,dend[1969],0.7650163097034778
720575940633176749,425.552,213.408,175.16,425.632,213.312,175.2,LPLC4,green,dend[1984],0.8048198453535911
720575940633176749,424.88,213.344,175.4,424.688,213.536,175.36,LPLC4,green,dend[1921],0.9751745531244425
720575940623945194,425.904,219.28,176.6,425.888,219.424,176.68,LPLC4,green,dend[1901],1.0
720575940620729816,425.072,213.696,178.96,425.072,213.648,178.8,LPLC4,green,dend[1939],0.937645427967309
720575940622276735,418.736,217.008,174.6,418.768,216.864,174.44,LPLC4,green,dend[2045],0.954828459675222
720575940622276735,420.992,213.872,174.92,420.832,213.776,174.96,LPLC4,green,dend[2038],0.8618148528401686
720575940621759169,424.672,219.408,178.08,424.592,219.216,178.2,LPLC4,green,dend[1904],0.5684041738241105
720575940619014981,423.6,213.808,177.0,423.68,213.6,176.88,LPLC4,green,dend[1963],0.29248030775818984
720575940619014981,422.72,214.192,176.12,422.752,214.368,176.08,LPLC4,green,dend[1962],0.6973717014622881
720575940619014981,423.28,213.568,176.84,423.456,213.552,176.92,LPLC4,green,dend[1963],0.37469794707860365
720575940640625280,424.336,218.192,178.32,424.464,218.176,178.2,LPLC4,green,dend[1913],0.9169160488729676
720575940628523113,425.552,213.072,176.4,425.488,213.12,176.56,LPLC4,green,dend[1924],0.9018882781544961
720575940628523113,421.68,217.952,175.6,421.808,217.888,175.52,LPLC4,green,dend[1918],0.9552267529577283
720575940628523113,425.488,213.392,175.96,425.408,213.616,176.0,LPLC4,green,dend[1924],0.44929716585029683
720575940641216976,425.12,213.184,176.76,425.168,212.944,176.8,LPLC4,green,dend[1925],0.8035290237740094
720575940641216976,425.44,213.696,176.4,425.6,213.68,176.36,LPLC4,green,dend[1924],0.7552370614387944
720575940642181005,425.632,217.488,176.88,425.552,217.616,176.76,LPLC4,green,dend[1899],0.19080488525144498
720575940642181005,424.608,217.312,176.64,424.576,217.376,176.44,LPLC4,green,dend[1914],0.7567566243247705
720575940642181005,424.8,217.28,176.56,424.816,217.344,176.36,LPLC4,green,dend[1914],0.4183493061914777
720575940642181005,425.696,213.744,179.04,425.536,213.584,179.08,LPLC4,green,dend[1935],0.8648897200682202
720575940642181005,424.72,216.24,175.44,424.88,216.112,175.48,LPLC4,green,dend[1846],0.6587355269851529
720575940619414597,420.944,213.776,176.0,420.736,213.84,176.08,LPLC4,green,dend[2040],0.8456249991903342
720575940619414597,421.264,213.232,176.16,421.44,213.2,176.2,LPLC4,green,dend[1983],0.8479910038194889
720575940626886568,420.208,213.92,174.88,420.352,213.84,175.0,LPLC4,green,dend[2038],0.9247152030134129
720575940626886568,420.56,213.792,174.52,420.672,213.696,174.56,LPLC4,green,dend[2038],0.7274379212995019
720575940626886568,420.896,213.856,174.36,420.912,213.68,174.32,LPLC4,green,dend[2038],0.6210201540086523
720575940625574844,424.352,219.152,179.64,424.192,219.312,179.72,LPLC4,green,dend[1912],0.4920215260560206
720575940625574844,424.16,219.216,179.28,424.048,219.456,179.28,LPLC4,green,dend[1910],0.5971246535017013
720575940622560094,425.744,214.24,179.52,425.632,214.176,179.4,LPLC4,green,dend[1936],0.436292975213461
720575940620346758,425.44,214.752,179.64,425.232,214.624,179.68,LPLC4,green,dend[1936],0.9441032012731906
720575940625925450,425.216,215.12,181.08,425.408,215.12,181.12,LPLC4,green,dend[1938],0.9923431755694874
720575940620346758,423.136,215.824,179.48,423.12,215.696,179.36,LPLC4,green,dend[1937],0.6663288391530741
720575940620346758,422.88,216.016,179.4,422.832,215.952,179.28,LPLC4,green,dend[1937],0.7801380514779908
720575940625925450,425.216,215.024,180.88,425.408,215.072,180.88,LPLC4,green,dend[1938],0.8403631363510187
720575940620346758,425.504,214.816,179.84,425.296,214.736,179.88,LPLC4,green,dend[1938],0.16092195462774592
720575940625925450,425.456,215.12,180.36,425.52,215.008,180.4,LPLC4,green,dend[1938],0.5607086368011288
720575940653172726,422.72,216.304,179.2,422.704,216.08,179.2,LPLC4,green,dend[1937],0.8363022852468726
720575940620729816,425.104,214.128,179.4,425.248,214.272,179.44,LPLC4,green,dend[1936],0.6159685866441409
720575940622276735,425.152,214.432,179.72,425.216,214.48,179.6,LPLC4,green,dend[1936],0.8232084663121414
720575940622276735,424.32,214.272,179.76,424.288,214.448,179.64,LPLC4,green,dend[1937],0.1823857299369158
720575940622276735,425.104,214.576,179.8,425.248,214.656,179.76,LPLC4,green,dend[1936],0.9929073093146006
720575940621759169,423.552,214.928,179.76,423.664,214.992,179.68,LPLC4,green,dend[1937],0.4093682490635282
720575940621759169,423.296,215.184,179.56,423.408,215.296,179.56,LPLC4,green,dend[1937],0.5242633320383677
720575940640625280,424.656,214.656,179.48,424.784,214.48,179.56,LPLC4,green,dend[1936],0.9213571830916366
720575940640625280,423.968,214.832,179.76,423.888,214.752,179.68,LPLC4,green,dend[1937],0.3210745381860316
720575940619655685,424.464,238.08,158.84,424.512,238.256,158.8,LPLC4,green,dend[525],0.4007061932149891
720575940627363356,414.992,230.112,170.48,414.832,230.288,170.44,LPLC4,green,dend[714],0.7188849928235003
720575940627363356,415.344,230.48,170.32,415.104,230.528,170.28,LPLC4,green,dend[715],0.845340899293688
720575940619414597,415.776,229.872,169.28,415.856,229.712,169.32,LPLC4,green,dend[718],0.8368091658221778
720575940619414597,414.448,229.728,170.24,414.56,229.888,170.2,LPLC4,green,dend[714],0.4953870058767669
720575940619414597,414.816,229.856,169.96,414.704,229.712,170.04,LPLC4,green,dend[714],0.3389779580790789
720575940619414597,414.832,230.0,170.0,414.736,230.16,170.08,LPLC4,green,dend[714],0.584417195857044
720575940619414597,415.424,229.52,169.72,415.376,229.296,169.72,LPLC4,green,dend[717],0.7617933951199491
720575940626408454,440.064,209.648,163.72,440.0,209.856,163.72,LPLC4,green,dend[103],0.4208994815603705
720575940630321464,442.144,210.32,161.68,442.0,210.368,161.64,LPLC4,green,dend[101],0.35747657638290975
720575940617687382,442.128,210.72,162.16,442.352,210.656,162.2,LPLC4,green,dend[107],0.918226934234919
720575940617687382,440.272,209.968,162.12,440.304,209.84,162.2,LPLC4,green,dend[102],0.7888555093153177
720575940617687382,441.456,210.096,161.88,441.632,210.224,161.92,LPLC4,green,dend[101],0.5351394825852237
720575940624008586,435.52,210.928,163.8,435.568,210.816,163.88,LPLC4,green,dend[268],0.7770458069728591
720575940615044469,439.584,210.4,163.52,439.696,210.528,163.44,LPLC4,green,dend[103],0.33331060193235124
720575940634599650,442.224,210.96,161.4,442.208,210.832,161.56,LPLC4,green,dend[101],0.2430451613044195
720575940619414597,440.848,210.144,162.88,440.752,210.128,162.68,LPLC4,green,dend[101],0.958344876895936
720575940613491826,428.96,212.912,168.32,429.072,213.056,168.28,LPLC4,green,dend[1751],0.004453733306355967
720575940621514093,428.608,210.336,167.96,428.72,210.464,167.88,LPLC4,green,dend[1803],0.9362261360068117
720575940621514093,429.008,210.176,167.44,428.912,210.32,167.48,LPLC4,green,dend[1804],0.13389910862677762
720575940621514093,429.472,209.952,167.92,429.488,210.176,168.0,LPLC4,green,dend[1806],0.23586831973384104
720575940625574844,431.488,208.624,167.72,431.536,208.432,167.6,LPLC4,green,dend[1771],0.8620592278447593
720575940626408454,439.872,209.552,163.88,439.696,209.6,163.96,LPLC4,green,dend[103],0.5620985976829359
720575940626408454,431.376,210.496,168.6,431.424,210.464,168.76,LPLC4,green,dend[1809],0.42877165337005346
720575940613238418,430.304,210.416,167.36,430.224,210.32,167.48,LPLC4,green,dend[1806],0.8170606550525794
720575940620375796,429.44,212.496,166.96,429.28,212.544,166.88,LPLC4,green,dend[1396],0.9247514030848727
720575940609063236,430.192,210.208,167.28,430.192,210.304,167.48,LPLC4,green,dend[1806],0.7951359548521473
720575940609063236,434.336,207.952,166.28,434.192,207.856,166.36,LPLC4,green,dend[1772],0.9570568181179039
720575940609063236,434.0,208.176,166.56,433.888,208.0,166.52,LPLC4,green,dend[1772],0.8325108999947888
720575940625925450,432.288,208.576,167.6,432.208,208.704,167.68,LPLC4,green,dend[1773],0.8726396236118116
720575940625925450,438.944,209.36,164.96,438.992,209.136,164.88,LPLC4,green,dend[103],0.9719492572410515
720575940625925450,432.064,208.416,167.56,431.968,208.288,167.44,LPLC4,green,dend[1772],0.10836551525704072
720575940625925450,432.048,208.496,167.64,431.984,208.64,167.64,LPLC4,green,dend[1773],0.5059761766296432
720575940625925450,432.688,208.144,167.4,432.592,207.952,167.32,LPLC4,green,dend[1772],0.3370973799441908
720575940613984578,426.464,208.384,168.84,426.304,208.32,168.96,LPLC4,green,dend[1783],0.9112904625950342
720575940617687382,433.216,210.384,165.08,433.264,210.272,165.0,LPLC4,green,dend[274],1.0
720575940640353333,428.592,210.08,168.8,428.592,210.16,168.88,LPLC4,green,dend[1764],0.9070226147835947
720575940640353333,428.224,209.664,168.88,428.096,209.568,168.92,LPLC4,green,dend[1765],0.6030479928647526
720575940640353333,429.008,210.016,168.64,429.008,210.176,168.64,LPLC4,green,dend[1802],0.5502101213899786
720575940645336100,427.92,209.744,168.64,428.096,209.648,168.68,LPLC4,green,dend[1764],1.0
720575940627363356,433.232,210.688,164.32,433.44,210.752,164.36,LPLC4,green,dend[274],0.355874454257181
720575940624008586,434.928,210.816,163.92,434.944,210.656,164.04,LPLC4,green,dend[268],0.29574647342349136
720575940623945194,429.824,208.432,167.76,429.984,208.304,167.76,LPLC4,green,dend[1770],0.5932425189467757
720575940623945194,428.864,208.08,168.28,429.04,208.112,168.32,LPLC4,green,dend[1769],0.9093084430415704
720575940653172726,428.896,211.008,167.88,428.688,211.024,167.88,LPLC4,green,dend[1805],0.7153018049892279
720575940620729816,429.6,208.672,168.48,429.472,208.512,168.44,LPLC4,green,dend[1766],0.9547978609255505
720575940622276735,434.304,209.664,164.96,434.464,209.728,164.84,LPLC4,green,dend[269],0.6575979058155673
720575940621759169,438.8,209.056,164.96,438.976,209.152,164.88,LPLC4,green,dend[103],0.9731345259626324
720575940621759169,439.088,209.376,164.28,439.296,209.44,164.32,LPLC4,green,dend[103],0.7419288751255607
720575940619014981,432.176,210.56,168.0,432.16,210.592,168.16,LPLC4,green,dend[1809],0.9349520614784875
720575940640625280,430.288,210.288,167.68,430.24,210.352,167.52,LPLC4,green,dend[1806],0.8228019533855958
720575940640625280,430.048,210.112,167.72,429.904,210.256,167.72,LPLC4,green,dend[1806],0.5615506745895011
720575940638880582,434.944,209.824,164.56,434.752,209.712,164.64,LPLC4,green,dend[269],0.6938231082963503
720575940634599650,435.168,209.264,164.72,434.992,209.344,164.64,LPLC4,green,dend[269],1.0
720575940634599650,435.264,208.384,164.92,435.088,208.368,164.8,LPLC4,green,dend[271],0.27784738450902174
720575940634599650,435.232,209.136,164.64,435.04,209.024,164.64,LPLC4,green,dend[270],0.616317011912041
720575940634599650,435.28,209.344,164.64,435.04,209.424,164.6,LPLC4,green,dend[269],0.9645370388049516
720575940619414597,434.656,210.352,164.12,434.672,210.56,164.2,LPLC4,green,dend[267],1.0
720575940619414597,436.048,210.912,163.84,435.824,210.88,163.84,LPLC4,green,dend[268],0.9678451357737877
720575940626886568,433.696,210.608,164.28,433.632,210.784,164.24,LPLC4,green,dend[266],1.0
720575940626886568,433.344,210.176,164.84,433.28,210.32,164.92,LPLC4,green,dend[274],0.948380189587006
720575940626886568,433.456,210.32,164.64,433.328,210.448,164.6,LPLC4,green,dend[274],0.6754777779909935
720575940626886568,434.016,210.544,164.2,434.016,210.768,164.16,LPLC4,green,dend[267],0.23987958275584967
720575940613491826,428.16,212.784,171.04,427.984,212.816,171.0,LPLC4,green,dend[1759],0.9222841068147837
720575940613491826,427.84,212.656,170.08,427.888,212.432,170.08,LPLC4,green,dend[1758],0.5901148812152961
720575940624203972,427.328,208.544,170.2,427.312,208.384,170.04,LPLC4,green,dend[1780],0.12811260190730364
720575940624203972,426.272,208.16,169.6,426.352,208.048,169.44,LPLC4,green,dend[1782],0.9308018554186274
720575940624203972,426.784,208.544,169.72,426.896,208.64,169.8,LPLC4,green,dend[1779],0.7831818997885056
720575940621514093,434.688,212.368,171.24,434.544,212.32,171.08,LPLC4,green,dend[2406],0.9893853010043819
720575940621514093,426.56,210.512,171.16,426.704,210.624,171.24,LPLC4,green,dend[1828],1.0
720575940634839964,426.784,208.016,173.0,426.832,207.808,173.08,LPLC4,green,dend[1817],0.7409897607620296
720575940634839964,426.432,208.384,172.76,426.24,208.304,172.76,LPLC4,green,dend[1817],0.2966786217627336
720575940625574844,430.336,212.288,169.24,430.304,212.08,169.2,LPLC4,green,dend[1831],0.8597111600937235
720575940625574844,426.368,206.64,169.68,426.304,206.512,169.68,LPLC4,green,dend[1787],0.5874964432755311
720575940625574844,426.736,207.472,169.4,426.608,207.68,169.48,LPLC4,green,dend[1782],0.9755668142050204
720575940625574844,429.888,212.096,169.92,429.904,211.952,170.04,LPLC4,green,dend[1830],0.11080185583040328
720575940625574844,426.368,207.184,169.24,426.224,207.28,169.32,LPLC4,green,dend[1785],0.5610193365382556
720575940625574844,429.84,212.08,169.56,429.824,211.872,169.56,LPLC4,green,dend[1829],1.0
720575940622560094,426.992,212.432,172.88,427.104,212.512,172.72,LPLC4,green,dend[1760],0.9944059190280442
720575940622560094,427.296,209.344,172.68,427.152,209.424,172.68,LPLC4,green,dend[1827],0.4220714294296629
720575940622560094,427.152,208.304,169.6,426.992,208.336,169.76,LPLC4,green,dend[1782],0.20224036410698534
720575940622560094,427.408,208.784,169.72,427.232,208.896,169.76,LPLC4,green,dend[1779],0.3500589383819876
720575940622560094,426.032,208.4,168.96,426.24,208.32,169.0,LPLC4,green,dend[1783],0.8960135227022197
720575940624864585,430.224,211.936,169.16,430.272,212.08,169.24,LPLC4,green,dend[1831],0.8055673063199122
720575940624864585,430.048,211.952,170.2,429.904,212.0,170.08,LPLC4,green,dend[1830],0.11575840451527324
720575940624864585,431.2,210.624,169.08,431.04,210.464,169.04,LPLC4,green,dend[1809],0.18019763299418284
720575940624864585,430.096,211.792,170.16,429.92,211.728,170.12,LPLC4,green,dend[1830],0.1739890919709219
720575940609063236,426.272,208.432,169.28,426.368,208.24,169.24,LPLC4,green,dend[1783],0.5959961845835375
720575940609063236,427.376,212.512,171.48,427.344,212.32,171.56,LPLC4,green,dend[1760],0.5229507588434235
720575940609063236,426.848,207.648,172.64,427.008,207.52,172.76,LPLC4,green,dend[1823],0.7243060317919753
720575940609063236,427.776,212.752,170.72,427.952,212.688,170.64,LPLC4,green,dend[1759],0.46151658529849887
720575940620346758,430.544,210.192,169.24,430.592,210.352,169.2,LPLC4,green,dend[1807],0.9253511422116943
720575940620346758,429.232,210.432,170.68,429.024,210.368,170.64,LPLC4,green,dend[1812],0.7633312676295858
720575940625925450,427.6,212.208,171.76,427.408,212.368,171.72,LPLC4,green,dend[1760],0.5758542416468456
720575940635497311,426.896,210.496,171.12,426.832,210.608,171.24,LPLC4,green,dend[1828],0.887586105073059
720575940635497311,427.36,209.6,171.52,427.232,209.616,171.64,LPLC4,green,dend[1815],0.5027053847486116
720575940635497311,427.44,209.76,171.52,427.328,209.808,171.52,LPLC4,green,dend[1815],0.3087996362596218
720575940635497311,427.936,210.048,171.12,427.936,210.176,171.0,LPLC4,green,dend[1814],0.17638774874975674
720575940635497311,427.504,209.728,171.68,427.28,209.68,171.72,LPLC4,green,dend[1815],0.5066109026319701
720575940613984578,434.512,212.128,170.8,434.592,212.32,170.88,LPLC4,green,dend[2406],0.9127804651418282
720575940613984578,426.704,208.912,172.76,426.72,208.768,172.6,LPLC4,green,dend[1816],0.5243039329111567
720575940627471619,426.064,210.08,168.96,426.08,209.904,169.04,LPLC4,green,dend[1778],0.9523314726187845
720575940613984578,434.608,212.432,170.28,434.704,212.592,170.4,LPLC4,green,dend[2406],0.6148237785761184
720575940640353333,427.024,208.752,172.24,426.832,208.832,172.24,LPLC4,green,dend[1816],0.3833595369585451
720575940618818629,428.304,212.592,169.16,428.272,212.72,169.28,LPLC4,green,dend[1757],0.33340555987825565
720575940618818629,430.208,211.04,171.2,430.24,211.008,171.0,LPLC4,green,dend[1830],0.6106376294168667
720575940618818629,428.176,206.624,171.56,428.288,206.448,171.6,LPLC4,green,dend[1790],0.3126746093803568
720575940618818629,429.056,211.872,169.68,429.056,211.664,169.72,LPLC4,green,dend[1829],0.47243471503344525
720575940618818629,428.368,212.4,169.28,428.288,212.448,169.4,LPLC4,green,dend[1757],0.5486782836443926
720575940618818629,430.656,210.864,171.68,430.752,210.72,171.8,LPLC4,green,dend[1830],0.9796358199777155
720575940645336100,426.928,209.792,169.92,426.864,209.744,169.84,LPLC4,green,dend[1778],0.29573615667886044
720575940645336100,427.568,209.488,169.88,427.632,209.28,169.84,LPLC4,green,dend[1777],0.6717641528447509
720575940645336100,427.296,209.456,170.0,427.216,209.392,169.88,LPLC4,green,dend[1778],0.02066006913419662
720575940645336100,427.104,209.344,169.56,427.2,209.136,169.64,LPLC4,green,dend[1777],0.9657836684837247
720575940645336100,426.528,209.808,169.52,426.432,209.984,169.52,LPLC4,green,dend[1778],0.6623964404382426
720575940626435850,430.896,209.296,169.64,430.832,209.504,169.6,LPLC4,green,dend[1808],0.9484990199859108
720575940626435850,426.544,207.392,173.96,426.624,207.536,173.92,LPLC4,green,dend[1819],1.0
720575940619309632,428.528,206.4,169.44,428.576,206.256,169.44,LPLC4,green,dend[1791],0.8010984445337611
720575940619309632,428.48,206.416,169.36,428.64,206.288,169.28,LPLC4,green,dend[1791],0.9212641193157829
720575940633176749,428.832,210.288,171.12,428.672,210.336,171.08,LPLC4,green,dend[1811],1.0
720575940633176749,428.896,210.176,170.72,428.928,210.352,170.72,LPLC4,green,dend[1812],0.5929150121199065
720575940633176749,429.632,207.52,169.12,429.536,207.504,168.96,LPLC4,green,dend[1767],0.8311829806814733
720575940623945194,428.672,211.216,170.24,428.528,211.376,170.16,LPLC4,green,dend[1762],0.13684454902227228
720575940623945194,429.008,210.656,169.44,429.024,210.464,169.52,LPLC4,green,dend[1763],1.0
720575940623945194,428.656,210.544,170.04,428.496,210.416,170.0,LPLC4,green,dend[1762],0.9557043947798096
720575940623945194,428.368,210.576,170.92,428.288,210.384,170.84,LPLC4,green,dend[1810],0.7954345290001554
720575940623945194,428.512,210.464,171.32,428.624,210.32,171.32,LPLC4,green,dend[1813],0.5851825550265308
720575940653172726,427.92,212.08,169.88,428.112,212.16,169.88,LPLC4,green,dend[1757],0.9935793359224648
720575940653172726,426.752,212.048,171.52,426.864,212.144,171.6,LPLC4,green,dend[1760],0.59736218459215
720575940623961747,426.8,209.232,172.04,426.928,209.056,172.04,LPLC4,green,dend[1816],0.19530740956457324
720575940623961747,426.176,208.912,172.12,426.0,208.8,172.2,LPLC4,green,dend[1824],0.030770369215530093
720575940623961747,426.832,209.376,172.36,426.96,209.552,172.4,LPLC4,green,dend[1827],0.30091193673828265
720575940653172726,427.344,212.336,170.84,427.488,212.288,170.96,LPLC4,green,dend[1760],0.27721670204912136
720575940620729816,428.288,210.24,170.8,428.24,210.4,170.8,LPLC4,green,dend[1810],0.7690832340860282
720575940620729816,426.24,211.744,173.28,426.144,211.68,173.08,LPLC4,green,dend[1841],0.8123662691119525
720575940619655685,426.288,211.728,172.92,426.144,211.68,173.08,LPLC4,green,dend[1841],0.8123662691119525
720575940621759169,429.504,208.944,169.0,429.312,208.816,168.88,LPLC4,green,dend[1766],0.6927514033139044
720575940621759169,434.656,212.912,170.4,434.64,212.816,170.32,LPLC4,green,dend[2406],0.496213361148844
720575940621759169,429.28,208.48,169.0,429.104,208.56,168.92,LPLC4,green,dend[1766],0.6741674160591054
720575940619655685,426.96,210.944,171.68,426.944,210.736,171.6,LPLC4,green,dend[1828],0.9922935839817102
720575940640625280,426.24,207.168,170.52,426.448,207.168,170.64,LPLC4,green,dend[1784],0.8119624677237358
720575940621259875,426.576,209.68,172.96,426.608,209.552,172.76,LPLC4,green,dend[1827],0.9678915062140007
720575940621259875,427.024,209.696,172.76,427.008,209.584,172.6,LPLC4,green,dend[1827],0.49183767749094837
720575940638880582,429.616,212.96,169.48,429.536,212.864,169.36,LPLC4,green,dend[1753],0.9658162667854827
720575940641216976,426.448,207.152,170.08,426.48,207.312,170.28,LPLC4,green,dend[1784],0.5666327016764401
720575940641216976,426.256,206.864,170.04,426.256,206.816,169.84,LPLC4,green,dend[1787],0.4733171177585414
720575940641216976,426.032,208.336,172.56,426.176,208.448,172.6,LPLC4,green,dend[1817],0.16820207626242253
720575940621514093,426.368,212.128,177.44,426.192,212.16,177.4,LPLC4,green,dend[1941],0.9603324471280912
720575940621514093,426.64,211.904,177.04,426.544,211.776,177.08,LPLC4,green,dend[1944],0.2700448797619379
720575940621514093,426.4,212.176,177.52,426.32,212.352,177.52,LPLC4,green,dend[1942],0.1783321049989644
720575940625574844,426.624,212.704,177.88,426.832,212.752,177.88,LPLC4,green,dend[1940],0.2508260562578358
720575940625574844,426.112,212.352,178.2,426.032,212.448,178.16,LPLC4,green,dend[1942],0.9298395041813994
720575940624864585,428.752,208.368,175.04,428.656,208.24,174.96,LPLC4,green,dend[1821],0.9142596505767
720575940626408454,426.112,211.856,177.72,426.096,211.824,177.56,LPLC4,green,dend[1950],0.11021686520734637
720575940634223514,426.896,209.056,176.28,426.832,209.232,176.2,LPLC4,green,dend[1947],0.8307181986985316
720575940634223514,426.544,210.256,176.76,426.656,210.304,176.6,LPLC4,green,dend[1946],0.5085709819878074
720575940623383432,428.0,207.872,174.52,428.096,207.936,174.4,LPLC4,green,dend[1820],0.8970178444303017
720575940626435850,427.312,211.344,177.04,427.168,211.28,176.88,LPLC4,green,dend[1945],0.46187801097467124
720575940626435850,427.008,207.168,174.24,427.136,207.328,174.16,LPLC4,green,dend[1820],0.1844703869145238
720575940653172726,426.112,209.776,175.16,425.92,209.872,175.24,LPLC4,green,dend[1948],0.9297610319908852
720575940653172726,426.096,209.712,175.52,426.048,209.888,175.52,LPLC4,green,dend[1948],0.6480986687829041
720575940623961747,426.656,209.888,176.36,426.496,209.856,176.28,LPLC4,green,dend[1946],0.8175270384813347
720575940642181005,426.08,211.648,177.16,426.256,211.728,177.2,LPLC4,green,dend[1943],1.0
720575940625574844,427.328,209.28,181.44,427.248,209.088,181.48,LPLC4,green,dend[1954],0.5392375370691707
720575940625574844,427.04,210.224,180.12,426.896,210.048,180.04,LPLC4,green,dend[1957],0.24654329733902264
720575940613238418,427.552,210.208,179.68,427.392,210.304,179.68,LPLC4,green,dend[1957],0.5606317854249828
720575940627149514,426.8,212.384,180.12,426.928,212.56,180.16,LPLC4,green,dend[1930],0.823383619024667
720575940627149514,426.096,212.656,179.4,426.128,212.848,179.44,LPLC4,green,dend[1930],0.232807752029918
720575940627149514,426.736,212.656,180.84,426.768,212.832,180.84,LPLC4,green,dend[1931],0.5765347160930306
720575940609063236,426.496,209.568,180.2,426.528,209.776,180.28,LPLC4,green,dend[1952],0.1799120805816587
720575940636418740,429.696,210.528,179.56,429.888,210.416,179.56,LPLC4,green,dend[1934],0.8382217290317198
720575940636418740,427.84,210.704,179.24,427.776,210.512,179.28,LPLC4,green,dend[1957],0.8419754543747483
720575940635497311,429.456,211.744,179.72,429.552,211.68,179.92,LPLC4,green,dend[1934],0.4806877842177683
720575940645336100,427.536,210.528,179.28,427.728,210.496,179.32,LPLC4,green,dend[1957],0.8110819181746799
720575940626435850,426.48,210.224,179.88,426.432,210.064,179.88,LPLC4,green,dend[1951],0.7912557729058528
720575940626435850,426.4,208.72,182.0,426.4,208.592,181.88,LPLC4,green,dend[1955],0.6041615294246596
720575940626435850,426.544,209.728,180.64,426.624,209.584,180.56,LPLC4,green,dend[1952],0.4709814171356948
720575940653172726,426.016,207.744,180.16,426.144,207.872,180.24,LPLC4,green,dend[1953],0.9397986846508182
720575940619655685,428.208,212.304,180.36,428.272,212.48,180.4,LPLC4,green,dend[1932],0.9654739353619116
720575940628523113,426.528,212.816,180.08,426.752,212.832,180.08,LPLC4,green,dend[1930],0.6927001113041619
720575940628523113,426.592,212.928,179.8,426.752,212.928,179.72,LPLC4,green,dend[1930],0.5390162018241531
720575940640625280,427.312,212.432,179.64,427.376,212.656,179.68,LPLC4,green,dend[1930],0.7738237975083979
720575940621259875,427.408,212.848,179.36,427.344,212.736,179.6,LPLC4,green,dend[1930],0.7201687562806316
720575940621259875,427.632,212.608,179.4,427.504,212.608,179.56,LPLC4,green,dend[1930],0.777547037720773
720575940623003653,440.336,222.592,163.16,440.544,222.64,163.16,LPLC4,green,dend[2376],0.4476461649478942
720575940624864585,441.76,221.68,163.32,441.6,221.76,163.24,LPLC4,green,dend[2375],0.9230819215318065
720575940624864585,441.28,222.224,163.4,441.248,222.048,163.44,LPLC4,green,dend[2375],0.5143457725160603
720575940617687382,440.672,222.608,163.4,440.608,222.496,163.36,LPLC4,green,dend[2376],0.24811424560455853
720575940615044469,440.704,222.992,163.04,440.656,222.752,163.08,LPLC4,green,dend[2376],0.5718618078730155
720575940634599650,440.848,222.08,163.8,440.784,222.224,163.68,LPLC4,green,dend[2374],0.9885038682668372
720575940619414597,440.976,222.704,162.84,440.784,222.736,162.92,LPLC4,green,dend[2376],0.7293804083761865
720575940619414597,440.56,222.112,163.44,440.592,222.304,163.56,LPLC4,green,dend[2374],0.9662799978930816
720575940613491826,440.176,222.56,167.92,440.208,222.608,167.8,LPLC4,green,dend[2360],0.8128916640137049
720575940613491826,439.968,222.352,168.0,440.048,222.144,167.96,LPLC4,green,dend[2354],0.3307654020654741
720575940613491826,440.144,222.384,168.72,440.304,222.304,168.76,LPLC4,green,dend[2361],0.4733589675250951
720575940613491826,428.448,213.056,168.8,428.352,213.232,168.88,LPLC4,green,dend[1749],0.9840429702703077
720575940613491826,438.864,221.776,168.88,438.912,221.616,168.92,LPLC4,green,dend[2353],0.14443472426656986
720575940613491826,439.36,222.064,168.36,439.424,221.872,168.36,LPLC4,green,dend[2353],0.5590639475928092
720575940613491826,428.896,213.12,168.8,428.848,213.28,168.76,LPLC4,green,dend[1750],0.7862257283043442
720575940634839964,436.624,226.016,168.88,436.736,226.096,168.96,LPLC4,green,dend[2154],0.6358190444063055
720575940621514093,437.264,226.688,168.84,437.248,226.48,168.88,LPLC4,green,dend[2150],0.3709480550716336
720575940634839964,436.736,226.368,168.68,436.848,226.384,168.8,LPLC4,green,dend[2150],0.8696317408833455
720575940622560094,433.648,222.624,168.8,433.648,222.48,168.92,LPLC4,green,dend[2087],1.0
720575940622560094,435.296,221.472,167.44,435.392,221.28,167.52,LPLC4,green,dend[2349],0.0226260166542613
720575940623003653,434.0,220.192,166.16,433.92,220.224,166.0,LPLC4,green,dend[2417],0.15755218809780225
720575940623003653,429.408,215.536,166.72,429.536,215.696,166.64,LPLC4,green,dend[1733],0.2209268877352225
720575940623003653,431.392,215.696,167.08,431.344,215.808,166.96,LPLC4,green,dend[1727],0.9167055580063599
720575940623003653,431.136,215.056,166.96,430.976,214.912,166.96,LPLC4,green,dend[1729],0.5850921725135153
720575940623003653,428.944,215.904,167.16,428.96,216.064,167.12,LPLC4,green,dend[1733],0.7400966151991072
720575940623003653,435.536,221.6,165.6,435.648,221.776,165.64,LPLC4,green,dend[2369],0.5051551158759581
720575940626408454,435.12,219.696,168.52,434.88,219.664,168.52,LPLC4,green,dend[2347],0.6077389495302131
720575940613238418,439.36,219.776,168.8,439.264,219.888,168.68,LPLC4,green,dend[2362],0.8271906837640057
720575940620375796,429.248,213.12,168.24,429.056,213.104,168.28,LPLC4,green,dend[1751],0.02667761045017636
720575940620375796,429.184,213.328,168.72,429.088,213.28,168.84,LPLC4,green,dend[1753],0.12465209516603067
720575940620375796,429.072,213.472,168.6,428.864,213.312,168.64,LPLC4,green,dend[1750],0.8818505680460271
720575940609063236,438.176,221.952,168.04,438.0,221.92,168.16,LPLC4,green,dend[2351],0.8422951202573029
720575940609063236,442.032,221.52,168.52,442.208,221.664,168.48,LPLC4,green,dend[2358],0.27267619529253573
720575940620346758,437.968,220.256,168.0,437.968,220.128,167.84,LPLC4,green,dend[2363],0.7606537340037623
720575940620346758,438.864,221.312,168.44,438.752,221.456,168.52,LPLC4,green,dend[2352],0.9288846894437462
720575940620346758,437.824,220.48,167.88,437.632,220.448,167.8,LPLC4,green,dend[2363],0.22703829771137565
720575940620346758,437.904,220.72,168.08,437.792,220.88,168.16,LPLC4,green,dend[2350],0.3668317319598254
720575940625925450,441.184,222.64,167.28,441.232,222.48,167.24,LPLC4,green,dend[2359],0.6429225900896143
720575940620346758,440.224,221.952,167.52,440.24,222.192,167.48,LPLC4,green,dend[2355],0.08283745965334434
720575940636418740,440.256,222.112,168.84,440.144,222.176,168.4,LPLC4,green,dend[2353],1.0
720575940630321464,439.12,219.872,167.24,439.184,219.808,167.36,LPLC4,green,dend[2365],0.6670761563461539
720575940630321464,435.952,215.872,168.8,435.888,215.808,169.0,LPLC4,green,dend[2399],0.907532500341376
720575940630321464,427.952,224.576,166.76,428.16,224.592,166.72,LPLC4,green,dend[339],0.7335677818536597
720575940630321464,427.92,224.912,166.56,428.016,224.976,166.52,LPLC4,green,dend[339],0.280541399505901
720575940630321464,434.896,216.912,168.68,434.688,216.864,168.76,LPLC4,green,dend[2414],0.2080684372881044
720575940630321464,426.864,222.208,168.72,426.72,222.0,168.84,LPLC4,green,dend[346],0.34734852483500533
720575940630321464,438.784,220.048,167.28,438.672,219.952,167.44,LPLC4,green,dend[2365],0.3899308607071744
720575940613984578,433.648,221.568,168.76,433.552,221.376,168.8,LPLC4,green,dend[2085],0.8869109612106437
720575940613984578,434.544,221.264,168.36,434.56,221.072,168.4,LPLC4,green,dend[2085],0.33871247288543077
720575940617687382,427.04,224.512,168.0,427.088,224.32,167.96,LPLC4,green,dend[348],0.9618743061832119
720575940617687382,426.56,224.096,168.4,426.464,223.888,168.32,LPLC4,green,dend[348],0.6203731927557044
720575940617687382,435.504,222.016,165.48,435.52,221.952,165.68,LPLC4,green,dend[2369],0.7394311933939617
720575940617687382,433.344,220.512,166.2,433.248,220.352,166.16,LPLC4,green,dend[2417],0.36006067874312053
720575940617687382,426.64,224.176,168.28,426.656,224.016,168.24,LPLC4,green,dend[348],0.7215608997646671
720575940617687382,433.728,220.448,166.0,433.728,220.272,166.04,LPLC4,green,dend[2417],0.21352539785553526
720575940640353333,437.904,221.776,168.48,437.968,221.68,168.32,LPLC4,green,dend[2351],0.42246806973480444
720575940638338281,432.752,220.336,166.12,432.816,220.16,166.2,LPLC4,green,dend[2417],0.5237617166920926
720575940634223514,435.36,221.376,168.36,435.376,221.152,168.4,LPLC4,green,dend[2366],0.9678547971471199
720575940634223514,436.976,220.848,167.88,437.024,220.704,167.84,LPLC4,green,dend[2349],0.7540736848770028
720575940634223514,435.024,221.328,168.04,435.12,221.184,168.08,LPLC4,green,dend[2366],0.4434861018621573
720575940618818629,439.472,222.32,165.04,439.52,222.16,164.96,LPLC4,green,dend[2373],0.3777781131252579
720575940618818629,435.984,220.608,166.48,435.888,220.576,166.32,LPLC4,green,dend[2367],0.9378888155049058
720575940618818629,436.192,220.544,166.36,436.144,220.464,166.24,LPLC4,green,dend[2367],1.0
720575940618818629,439.856,222.384,165.0,439.904,222.24,165.04,LPLC4,green,dend[2373],0.08918841018570238
720575940618818629,437.424,220.752,165.8,437.44,220.544,165.68,LPLC4,green,dend[2371],0.3724734149145117
720575940618818629,440.464,222.432,163.88,440.496,222.24,163.76,LPLC4,green,dend[2374],0.8166159282331948
720575940618818629,432.304,218.24,166.88,432.432,218.048,166.84,LPLC4,green,dend[2415],0.9548801171531534
720575940618818629,439.424,222.512,164.8,439.472,222.352,164.72,LPLC4,green,dend[2373],0.4339968759345869
720575940623383432,438.336,219.952,167.92,438.144,220.032,167.84,LPLC4,green,dend[2363],0.9745444677257414
720575940623383432,435.952,216.416,168.0,435.824,216.48,167.88,LPLC4,green,dend[2381],0.9397652261601989
720575940623383432,438.464,220.016,167.84,438.352,220.032,167.68,LPLC4,green,dend[2365],0.1815305535958316
720575940623383432,439.696,219.968,167.24,439.648,219.808,167.2,LPLC4,green,dend[2365],0.9310816177594209
720575940627363356,430.256,215.6,166.44,430.192,215.584,166.28,LPLC4,green,dend[1727],0.12857893920617894
720575940627363356,431.2,214.144,166.28,431.216,214.048,166.4,LPLC4,green,dend[1730],0.7415144095964381
720575940627363356,431.328,213.168,166.24,431.2,213.12,166.4,LPLC4,green,dend[1731],0.8158099442460294
720575940627363356,430.72,214.464,166.4,430.672,214.464,166.6,LPLC4,green,dend[1730],0.20773643781118434
720575940627363356,431.312,213.52,166.28,431.264,213.536,166.48,LPLC4,green,dend[1731],0.37013458044648445
720575940627363356,430.544,215.728,166.4,430.608,215.792,166.32,LPLC4,green,dend[1727],0.38954805637575024
720575940627363356,430.432,215.104,166.4,430.224,215.024,166.4,LPLC4,green,dend[1728],0.40780617970284566
720575940627363356,432.0,213.792,165.8,431.984,213.952,165.8,LPLC4,green,dend[1732],0.5378008204287141
720575940623492632,430.864,214.864,166.6,430.72,214.752,166.76,LPLC4,green,dend[1728],1.0
720575940623492632,429.728,215.792,166.4,429.712,215.616,166.48,LPLC4,green,dend[1725],0.9560155522253323
720575940623492632,430.208,215.744,166.04,430.224,215.616,166.2,LPLC4,green,dend[1727],0.13381755226808542
720575940623492632,431.84,218.928,166.04,431.952,218.88,166.16,LPLC4,green,dend[2417],0.9656684121557708
720575940623492632,429.36,215.952,166.68,429.376,215.824,166.76,LPLC4,green,dend[1733],0.3682348572906867
720575940623492632,431.824,219.072,166.28,431.968,218.976,166.24,LPLC4,green,dend[2417],0.9523354085796679
720575940619309632,427.408,221.6,168.72,427.376,221.696,168.92,LPLC4,green,dend[346],0.9305179870054372
720575940619309632,432.592,217.904,166.92,432.528,217.968,166.8,LPLC4,green,dend[2415],0.9210592950274316
720575940619309632,426.32,221.536,168.52,426.128,221.584,168.6,LPLC4,green,dend[345],0.11927758429471619
720575940633176749,435.2,221.056,168.28,435.264,221.2,168.28,LPLC4,green,dend[2366],0.7746240154142041
720575940633176749,437.84,221.648,168.16,437.952,221.712,168.32,LPLC4,green,dend[2351],0.47739073497919354
720575940633176749,437.44,220.944,167.96,437.472,220.72,168.04,LPLC4,green,dend[2349],0.9564297000987335
720575940633176749,441.392,222.224,167.32,441.328,222.352,167.4,LPLC4,green,dend[2355],0.9942133769580805
720575940633176749,435.744,221.136,167.64,435.616,221.04,167.56,LPLC4,green,dend[2349],0.09756488007752892
720575940633176749,442.304,221.616,167.88,442.4,221.76,168.04,LPLC4,green,dend[2356],0.8943370787120646
720575940624008586,426.384,223.696,168.48,426.4,223.84,168.32,LPLC4,green,dend[348],0.5875630050380738
720575940624008586,435.6,220.576,164.52,435.6,220.464,164.68,LPLC4,green,dend[2418],0.8782570694342995
720575940624008586,432.032,218.752,166.28,431.952,218.912,166.24,LPLC4,green,dend[2417],0.9660292986596823
720575940624008586,432.048,219.168,166.04,432.016,219.168,166.2,LPLC4,green,dend[2417],0.9089026167986004
720575940624008586,431.008,214.928,167.4,430.992,214.976,167.28,LPLC4,green,dend[1729],0.9801569137900564
720575940624008586,430.992,215.792,166.8,431.168,215.792,166.72,LPLC4,green,dend[1727],0.7707965186181753
720575940624008586,425.984,227.824,166.0,425.792,227.872,166.08,LPLC4,green,dend[395],0.6645912808442018
720575940624008586,432.432,214.048,165.48,432.4,213.888,165.56,LPLC4,green,dend[1732],0.8912768625554001
720575940653172726,434.272,214.96,168.52,434.272,215.104,168.44,LPLC4,green,dend[2393],0.7553508192543654
720575940653172726,433.152,222.288,168.32,433.136,222.128,168.28,LPLC4,green,dend[2330],0.7058642169992124
720575940620729816,434.112,215.52,168.76,434.144,215.392,168.88,LPLC4,green,dend[2393],0.38477309750236943
720575940620729816,438.864,220.624,168.88,438.8,220.624,168.72,LPLC4,green,dend[2362],0.34933609754082606
720575940620729816,439.28,221.456,168.8,439.104,221.616,168.72,LPLC4,green,dend[2353],0.2704075497827382
720575940620729816,439.68,221.616,168.52,439.504,221.792,168.44,LPLC4,green,dend[2353],0.5657224852808094
720575940620729816,433.6,216.144,168.88,433.488,216.256,168.96,LPLC4,green,dend[2398],0.5976035924890803
720575940620729816,435.568,216.288,168.0,435.472,216.48,167.92,LPLC4,green,dend[2381],0.69494228243634
720575940620729816,438.8,220.144,168.68,438.976,220.256,168.72,LPLC4,green,dend[2362],0.5752821557750096
720575940620729816,434.096,215.248,168.48,434.24,215.136,168.52,LPLC4,green,dend[2393],0.6920162864249602
720575940620729816,434.416,216.016,168.76,434.464,216.24,168.8,LPLC4,green,dend[2385],0.7541351316535646
720575940622276735,439.312,222.368,164.56,439.456,222.352,164.72,LPLC4,green,dend[2373],0.4484846017068316
720575940622276735,439.12,222.128,164.64,439.2,222.128,164.8,LPLC4,green,dend[2373],0.6056279328703696
720575940622276735,436.944,220.32,165.92,436.944,220.496,165.96,LPLC4,green,dend[2371],0.2314828528919899
720575940622276735,437.152,220.384,165.68,437.296,220.496,165.76,LPLC4,green,dend[2371],0.3304341065720083
720575940621759169,431.888,224.128,168.88,432.048,224.192,169.0,LPLC4,green,dend[2336],0.3704770134532538
720575940621759169,438.304,221.6,168.52,438.224,221.424,168.4,LPLC4,green,dend[2350],1.0
720575940621759169,435.424,220.944,168.56,435.424,221.12,168.44,LPLC4,green,dend[2366],1.0
720575940619655685,434.64,219.04,168.76,434.672,219.264,168.84,LPLC4,green,dend[2347],0.9542015696459895
720575940621759169,437.504,219.616,168.16,437.712,219.648,168.2,LPLC4,green,dend[2364],0.8424110927771243
720575940621759169,437.296,220.0,167.88,437.472,220.08,167.92,LPLC4,green,dend[2363],0.4509336472122443
720575940619014981,429.104,213.488,168.04,429.088,213.472,168.2,LPLC4,green,dend[1751],0.2723846599362266
720575940619014981,440.176,222.176,165.08,439.952,222.256,165.08,LPLC4,green,dend[2373],0.06472182776209462
720575940619014981,435.824,220.72,165.96,435.84,220.832,166.12,LPLC4,green,dend[2368],0.26955120943939836
720575940619014981,429.536,214.032,167.88,429.472,214.176,167.96,LPLC4,green,dend[1751],0.8730544027678283
720575940619014981,436.112,221.136,165.64,436.08,221.344,165.76,LPLC4,green,dend[2368],0.814611611534432
720575940619014981,437.968,220.896,165.28,438.016,220.72,165.44,LPLC4,green,dend[2371],0.5317177594604585
720575940619014981,439.12,221.024,164.76,439.12,220.816,164.72,LPLC4,green,dend[2371],0.8552172761100233
720575940615044469,435.504,220.256,164.72,435.488,220.448,164.72,LPLC4,green,dend[2418],0.817150130689103
720575940615044469,434.96,220.08,165.08,434.8,220.128,165.12,LPLC4,green,dend[2418],0.3485027837891203
720575940615044469,434.688,219.856,165.12,434.752,220.032,165.2,LPLC4,green,dend[2418],0.2845373276601088
720575940621259875,437.12,226.176,168.88,437.008,226.352,168.8,LPLC4,green,dend[2150],0.6540471523076729
720575940621259875,437.024,226.08,168.88,436.848,226.176,168.84,LPLC4,green,dend[2154],0.4041748558000002
720575940621259875,434.432,219.28,168.92,434.64,219.328,168.84,LPLC4,green,dend[2347],0.9029758102493854
720575940621259875,437.392,225.984,168.68,437.616,225.968,168.64,LPLC4,green,dend[2149],0.1701200817822896
720575940638880582,433.104,217.552,166.16,433.104,217.744,166.12,LPLC4,green,dend[2415],0.6514801049888106
720575940634599650,428.096,213.584,168.92,428.064,213.392,168.88,LPLC4,green,dend[1749],0.8267279349836676
720575940634599650,430.304,214.576,166.68,430.4,214.688,166.6,LPLC4,green,dend[1728],0.8154633688399077
720575940634599650,429.52,214.464,167.84,429.52,214.304,167.96,LPLC4,green,dend[1751],0.9608942372108218
720575940634599650,440.16,219.968,164.64,440.352,220.032,164.6,LPLC4,green,dend[2379],0.20868718615528042
720575940634599650,430.128,214.736,166.76,430.176,214.88,166.6,LPLC4,green,dend[1728],0.5385278140508973
720575940634599650,440.064,221.616,164.28,439.872,221.68,164.4,LPLC4,green,dend[2372],0.6981249702870931
720575940646414132,432.208,220.656,168.88,432.272,220.832,168.88,LPLC4,green,dend[2334],0.5395490172681467
720575940646414132,432.208,220.592,168.68,432.256,220.768,168.72,LPLC4,green,dend[2334],0.7762250432082484
720575940641216976,440.528,222.576,168.92,440.48,222.368,168.92,LPLC4,green,dend[2361],0.6631978651030133
720575940646414132,437.472,225.92,168.16,437.36,225.856,168.28,LPLC4,green,dend[2149],0.4345312921658237
720575940619414597,428.16,225.392,165.6,428.336,225.52,165.64,LPLC4,green,dend[338],0.6643226640077614
720575940619414597,430.832,214.192,166.68,430.784,214.288,166.56,LPLC4,green,dend[1730],0.3653431402722741
720575940619414597,430.416,215.072,167.2,430.4,214.944,167.0,LPLC4,green,dend[1728],0.7796755369983784
720575940619414597,430.832,214.832,167.04,430.864,214.848,166.88,LPLC4,green,dend[1729],0.3800313053010943
720575940619414597,431.392,213.552,166.68,431.312,213.408,166.56,LPLC4,green,dend[1731],0.49527658877337793
720575940619414597,430.944,214.192,166.64,430.88,214.208,166.52,LPLC4,green,dend[1730],0.4644692316532906
720575940619414597,433.984,220.016,165.84,434.08,220.112,165.92,LPLC4,green,dend[2417],0.11793292380271898
720575940619414597,428.256,224.224,166.64,428.192,224.4,166.68,LPLC4,green,dend[339],0.8916127986217833
720575940619414597,428.336,225.36,165.32,428.416,225.52,165.36,LPLC4,green,dend[338],0.8692963587483439
720575940619414597,434.256,219.744,165.76,434.448,219.792,165.76,LPLC4,green,dend[2416],0.9115214897737602
720575940626886568,431.216,215.92,166.64,431.168,215.792,166.68,LPLC4,green,dend[1727],0.762502339117643
720575940626886568,428.128,225.024,166.32,428.016,224.992,166.48,LPLC4,green,dend[339],0.25038688340939863
720575940626886568,431.296,215.696,166.48,431.104,215.76,166.56,LPLC4,green,dend[1727],0.6987467332822892
720575940626886568,434.832,220.384,164.76,434.96,220.272,164.84,LPLC4,green,dend[2418],0.5327932832752806
720575940626886568,428.464,225.552,165.68,428.32,225.52,165.68,LPLC4,green,dend[338],0.6336368843851048
720575940626886568,428.128,225.424,166.2,427.936,225.424,166.2,LPLC4,green,dend[338],0.16196591067852265
720575940626886568,430.976,216.0,166.4,430.832,215.84,166.4,LPLC4,green,dend[1727],0.5326303974601244
720575940613491826,434.208,216.704,169.24,434.416,216.64,169.12,LPLC4,green,dend[2387],0.3824240074061898
720575940613491826,426.432,217.36,169.88,426.512,217.584,169.96,LPLC4,green,dend[2073],0.8017939183880761
720575940613491826,432.432,222.864,169.48,432.256,222.928,169.4,LPLC4,green,dend[2336],0.10848512745420703
720575940613491826,432.304,222.624,169.56,432.144,222.624,169.44,LPLC4,green,dend[2336],0.04875148278306649
720575940613491826,433.824,216.784,169.36,433.856,216.592,169.48,LPLC4,green,dend[2394],1.0
720575940613491826,435.696,213.728,169.84,435.616,213.6,169.76,LPLC4,green,dend[2404],0.17667293536061252
720575940613491826,433.184,222.016,169.52,433.392,221.984,169.44,LPLC4,green,dend[2086],0.45097853420083034
720575940624203972,438.784,221.84,172.48,438.784,222.032,172.52,LPLC4,green,dend[2157],0.5015703976601465
720575940624203972,435.456,214.096,171.72,435.536,214.288,171.6,LPLC4,green,dend[2413],0.9947350903146671
720575940624203972,436.288,223.136,169.48,436.208,222.928,169.52,LPLC4,green,dend[2327],0.9772519734220866
720575940621514093,429.104,213.184,169.04,429.168,213.232,168.88,LPLC4,green,dend[1753],0.22456083611068597
720575940621514093,429.024,213.552,169.28,428.96,213.664,169.16,LPLC4,green,dend[1754],0.4149249431036977
720575940634839964,432.864,222.672,172.88,432.928,222.496,172.92,LPLC4,green,dend[2253],0.3242856119778996
720575940634839964,439.392,221.68,172.4,439.264,221.888,172.48,LPLC4,green,dend[2157],0.9449371184011118
720575940621514093,441.296,224.112,172.28,441.296,224.16,172.08,LPLC4,green,dend[2144],0.9887471568149825
720575940621514093,432.112,216.528,172.56,431.952,216.416,172.52,LPLC4,green,dend[2397],0.8666821321298727
720575940621514093,442.192,221.296,169.4,442.16,221.408,169.24,LPLC4,green,dend[2358],0.9274857541334915
720575940621514093,432.096,216.48,172.88,431.968,216.48,172.76,LPLC4,green,dend[2397],0.9072010144815249
720575940621514093,432.256,223.696,169.24,432.224,223.552,169.12,LPLC4,green,dend[2336],0.24198530209398986
720575940634839964,433.072,222.608,172.68,433.088,222.416,172.72,LPLC4,green,dend[2253],0.214272171726234
720575940634839964,433.056,222.896,173.04,433.216,222.832,173.04,LPLC4,green,dend[2253],0.4854300897664082
720575940634839964,434.848,216.752,169.32,434.624,216.72,169.32,LPLC4,green,dend[2387],0.8722051659271727
720575940634839964,433.376,223.856,170.04,433.328,223.76,169.92,LPLC4,green,dend[2326],0.6084707674648715
720575940634839964,435.424,216.144,169.68,435.488,215.888,169.56,LPLC4,green,dend[2399],0.7648423721110752
720575940625574844,427.088,214.672,171.84,427.232,214.784,171.88,LPLC4,green,dend[1995],0.9232293728087881
720575940625574844,426.688,214.32,173.0,426.736,214.208,173.16,LPLC4,green,dend[1991],0.43966838821919274
720575940622560094,435.648,220.72,172.64,435.776,220.576,172.6,LPLC4,green,dend[2094],0.3390190198557991
720575940622560094,435.504,220.336,172.76,435.696,220.336,172.8,LPLC4,green,dend[2094],0.48927005952336156
720575940622560094,437.184,221.936,172.72,437.2,222.144,172.64,LPLC4,green,dend[2156],0.3411871357457497
720575940622560094,438.416,222.192,172.92,438.32,222.336,172.84,LPLC4,green,dend[2156],0.9381595638158193
720575940622560094,433.44,223.632,170.88,433.648,223.616,170.84,LPLC4,green,dend[2325],0.9229906056972732
720575940622560094,430.752,222.288,173.0,430.816,222.496,173.04,LPLC4,green,dend[2263],0.5748369067438505
720575940624864585,426.576,217.664,169.76,426.496,217.632,169.92,LPLC4,green,dend[2073],0.774563758888993
720575940624864585,435.584,215.248,169.12,435.728,215.44,169.2,LPLC4,green,dend[2399],0.9532069581937774
720575940624864585,435.632,214.144,169.4,435.76,214.08,169.44,LPLC4,green,dend[2402],0.7555012536629939
720575940624864585,435.072,215.456,169.16,435.12,215.648,169.12,LPLC4,green,dend[2399],0.5284109637747944
720575940624864585,435.664,214.448,169.48,435.824,214.336,169.56,LPLC4,green,dend[2402],0.5368830781297415
720575940626408454,430.976,221.2,172.0,431.104,221.152,171.88,LPLC4,green,dend[2323],0.6374960880740631
720575940626408454,433.824,219.84,170.52,433.728,219.728,170.44,LPLC4,green,dend[2346],0.7702983944731544
720575940626408454,433.632,220.048,170.56,433.552,220.016,170.4,LPLC4,green,dend[2346],0.411045824432199
720575940613238418,432.048,224.0,170.84,432.08,224.192,170.92,LPLC4,green,dend[2268],0.7035320451774585
720575940613238418,432.32,224.016,170.92,432.32,224.192,170.92,LPLC4,green,dend[2268],0.8193405768215144
720575940613238418,433.936,214.992,169.88,433.792,215.152,169.84,LPLC4,green,dend[2391],0.6532713612285378
720575940627149514,431.248,216.304,172.04,431.28,216.208,172.2,LPLC4,green,dend[2397],0.9554899743607292
720575940627149514,440.464,226.544,169.88,440.608,226.592,169.96,LPLC4,green,dend[2134],0.8855109747450844
720575940620375796,429.216,213.952,169.08,429.088,213.92,169.24,LPLC4,green,dend[1754],0.7199026157815758
720575940620346758,427.952,214.256,172.4,428.0,214.32,172.52,LPLC4,green,dend[1994],1.0
720575940625925450,430.288,221.056,169.8,430.24,221.28,169.76,LPLC4,green,dend[2342],0.9693250011762201
720575940625925450,429.808,221.312,170.16,429.936,221.52,170.08,LPLC4,green,dend[2341],0.7745546491031962
720575940625925450,430.704,220.688,172.0,430.752,220.72,171.8,LPLC4,green,dend[2323],0.8463645930848656
720575940625925450,427.728,213.776,173.48,427.696,213.968,173.44,LPLC4,green,dend[1993],0.7388886973646006
720575940620346758,430.416,222.784,169.8,430.544,222.864,169.76,LPLC4,green,dend[2343],0.7404373593723959
720575940636418740,438.928,221.68,169.12,438.896,221.616,168.96,LPLC4,green,dend[2353],0.13074019238917464
720575940636418740,426.0,219.008,170.52,426.08,218.784,170.48,LPLC4,green,dend[2072],0.9151530764870011
720575940636418740,433.584,219.504,170.44,433.744,219.696,170.48,LPLC4,green,dend[2346],0.8177534704865644
720575940636418740,435.584,220.384,171.36,435.584,220.448,171.52,LPLC4,green,dend[2093],0.7088082681802725
720575940636418740,439.28,226.016,170.96,439.12,225.888,170.96,LPLC4,green,dend[2146],0.35720109568391284
720575940635497311,430.96,225.248,171.84,430.912,225.392,171.96,LPLC4,green,dend[2272],0.8909228993247067
720575940635497311,430.72,222.032,173.4,430.816,222.208,173.28,LPLC4,green,dend[2263],0.8996544458186022
720575940635497311,436.352,225.968,169.2,436.576,226.016,169.16,LPLC4,green,dend[2154],0.9498219651764224
720575940635497311,429.584,223.216,173.48,429.52,223.408,173.6,LPLC4,green,dend[2274],0.6454179550495017
720575940635497311,432.416,222.144,173.32,432.592,222.24,173.32,LPLC4,green,dend[2253],0.5119226315687797
720575940635497311,431.072,224.912,171.28,431.136,224.752,171.12,LPLC4,green,dend[2269],0.9309227118716588
720575940630321464,433.712,215.472,169.88,433.6,215.456,169.72,LPLC4,green,dend[2392],0.16132549635134874
720575940630321464,434.576,216.128,169.24,434.48,216.192,169.04,LPLC4,green,dend[2385],1.0
720575940630321464,434.848,215.888,169.24,434.976,215.872,169.12,LPLC4,green,dend[2399],0.3845941341746038
720575940630321464,433.984,215.68,169.56,433.904,215.52,169.48,LPLC4,green,dend[2389],0.9940826464585782
720575940614209576,437.392,221.424,171.6,437.328,221.424,171.44,LPLC4,green,dend[2114],0.8490122137041771
720575940614209576,436.704,215.536,170.52,436.816,215.536,170.32,LPLC4,green,dend[2410],1.0
720575940614209576,433.104,219.152,171.56,432.96,219.376,171.64,LPLC4,green,dend[2345],0.9947295684271678
720575940614209576,428.368,223.968,173.8,428.432,224.08,173.88,LPLC4,green,dend[2276],0.8314190160131463
720575940614209576,436.24,214.96,170.64,436.144,214.896,170.56,LPLC4,green,dend[2413],0.2544354914098831
720575940614209576,428.4,223.264,173.64,428.608,223.2,173.56,LPLC4,green,dend[2321],0.7031689260539539
720575940627471619,437.76,222.176,173.16,437.776,222.256,173.0,LPLC4,green,dend[2156],0.7461765944757659
720575940627471619,435.84,216.144,170.16,435.696,216.064,170.0,LPLC4,green,dend[2400],0.899201661562851
720575940613984578,433.904,223.568,170.84,433.824,223.488,170.76,LPLC4,green,dend[2325],0.6431181822381502
720575940613984578,433.712,223.776,170.96,433.616,223.648,170.88,LPLC4,green,dend[2325],1.0
720575940613984578,435.824,220.368,172.96,435.728,220.272,172.84,LPLC4,green,dend[2094],0.5268437723019919
720575940613984578,432.368,223.12,169.08,432.224,223.232,169.16,LPLC4,green,dend[2336],0.17896950086751154
720575940627471619,436.496,215.696,170.2,436.672,215.6,170.2,LPLC4,green,dend[2412],0.8652712906341503
720575940627471619,438.24,222.0,173.52,438.368,222.144,173.52,LPLC4,green,dend[2158],0.6822164732817211
720575940613984578,435.04,220.832,172.16,435.248,220.848,172.08,LPLC4,green,dend[2092],1.0
720575940627471619,435.6,223.472,171.0,435.744,223.328,171.04,LPLC4,green,dend[2110],0.9538379971946789
720575940640353333,435.568,219.312,173.0,435.744,219.296,173.04,LPLC4,green,dend[2095],0.7577973122728898
720575940640353333,435.552,219.168,172.92,435.744,219.216,173.0,LPLC4,green,dend[2095],0.8652220444216265
720575940640353333,435.392,219.952,173.0,435.52,220.112,172.96,LPLC4,green,dend[2094],0.6133200760892151
720575940634223514,427.024,215.024,173.84,426.8,214.992,173.84,LPLC4,green,dend[1987],0.17467276065224446
720575940634223514,431.488,221.216,169.32,431.488,221.072,169.36,LPLC4,green,dend[2333],0.3870112014979469
720575940634223514,431.456,221.6,169.4,431.248,221.776,169.48,LPLC4,green,dend[2338],0.331722249149242
720575940634223514,439.408,225.808,169.32,439.52,225.968,169.4,LPLC4,green,dend[2147],0.9296667194926579
720575940634223514,432.144,221.728,169.36,432.304,221.888,169.36,LPLC4,green,dend[2335],0.4184009855500997
720575940634223514,439.296,222.048,172.64,439.136,221.952,172.56,LPLC4,green,dend[2157],0.7927524914812789
720575940634223514,436.96,216.064,171.4,437.12,215.952,171.36,LPLC4,green,dend[2411],0.8977658280970214
720575940645336100,441.312,224.24,171.68,441.36,224.368,171.72,LPLC4,green,dend[2144],0.8066720656889489
720575940645336100,434.032,216.464,169.84,433.856,216.496,169.72,LPLC4,green,dend[2395],0.5698301576247404
720575940645336100,439.52,223.6,172.0,439.632,223.632,172.12,LPLC4,green,dend[2123],0.9469175198824464
720575940645336100,434.512,216.816,169.48,434.64,216.736,169.4,LPLC4,green,dend[2387],0.9693872596205814
720575940645336100,436.944,222.416,172.96,437.056,222.368,172.84,LPLC4,green,dend[2156],0.3452278707498325
720575940645336100,439.184,223.92,171.76,439.104,224.128,171.72,LPLC4,green,dend[2123],0.40252661363666314
720575940645336100,433.696,216.784,170.16,433.68,216.592,170.16,LPLC4,green,dend[2396],0.8501959470753626
720575940645336100,441.136,224.576,171.28,441.264,224.672,171.32,LPLC4,green,dend[2144],0.5635227034646269
720575940645336100,435.232,214.928,171.2,435.344,215.088,171.24,LPLC4,green,dend[2413],0.7259661229758392
720575940623383432,430.176,222.128,169.68,430.224,222.048,169.6,LPLC4,green,dend[2339],0.5715203298308444
720575940623383432,441.36,216.976,173.76,441.328,217.104,173.64,LPLC4,green,dend[2102],0.8169036502057653
720575940623383432,441.248,216.912,173.8,441.184,217.056,173.72,LPLC4,green,dend[2102],0.7773388190200569
720575940623383432,430.128,222.0,169.76,430.08,221.776,169.84,LPLC4,green,dend[2341],0.1981996953887251
720575940619159233,427.12,221.856,169.12,427.104,221.888,168.92,LPLC4,green,dend[346],0.683762344946765
720575940623383432,436.304,216.128,169.0,436.144,215.952,169.08,LPLC4,green,dend[2399],1.0
720575940619159233,439.056,226.176,169.52,439.152,226.208,169.64,LPLC4,green,dend[2147],0.4751143386168772
720575940619159233,435.664,220.704,171.8,435.52,220.848,171.76,LPLC4,green,dend[2092],0.8948882030243536
720575940619159233,427.312,221.536,169.0,427.392,221.68,168.92,LPLC4,green,dend[346],0.9455806129440405
720575940619159233,427.04,216.448,172.88,426.944,216.4,173.0,LPLC4,green,dend[1989],0.8468674382475275
720575940623383432,431.024,222.48,169.56,431.136,222.496,169.64,LPLC4,green,dend[2343],0.32483836684764494
720575940619159233,434.112,223.424,170.6,433.968,223.328,170.64,LPLC4,green,dend[2325],0.3090391882290967
720575940626435850,435.456,215.904,170.16,435.584,215.968,170.04,LPLC4,green,dend[2400],0.8697369016059782
720575940626435850,435.232,215.28,171.36,435.312,215.12,171.28,LPLC4,green,dend[2413],0.7454760838517458
720575940626435850,433.168,224.128,169.64,433.184,223.952,169.64,LPLC4,green,dend[2326],0.8681009992539772
720575940626435850,435.36,220.128,171.56,435.52,220.256,171.6,LPLC4,green,dend[2093],0.9040646996594359
720575940619309632,426.496,213.872,173.12,426.544,214.048,173.08,LPLC4,green,dend[1991],0.800509653570949
720575940619309632,430.464,223.472,169.72,430.448,223.312,169.64,LPLC4,green,dend[2343],0.970662898847086
720575940619309632,430.224,223.152,169.56,430.4,223.056,169.64,LPLC4,green,dend[2343],0.8725390949461872
720575940633176749,426.16,218.016,170.44,426.128,218.0,170.28,LPLC4,green,dend[2071],0.965992374617249
720575940633176749,442.304,226.256,169.28,442.512,226.176,169.36,LPLC4,green,dend[2143],0.892793433749151
720575940623945194,441.664,225.808,170.24,441.76,225.952,170.32,LPLC4,green,dend[2135],0.4230964704767396
720575940623945194,441.264,225.36,170.64,441.088,225.408,170.76,LPLC4,green,dend[2128],0.7608902456361141
720575940623945194,432.768,222.256,170.72,432.816,222.08,170.76,LPLC4,green,dend[2248],0.03467280888401221
720575940623945194,436.288,221.936,171.2,436.288,222.128,171.16,LPLC4,green,dend[2109],0.38373098772447295
720575940623945194,427.648,214.256,173.44,427.584,214.192,173.36,LPLC4,green,dend[1992],0.8740123001791015
720575940623945194,431.952,222.048,171.2,432.0,221.984,171.28,LPLC4,green,dend[2248],0.856846289258825
720575940623945194,428.128,214.0,172.64,428.08,214.064,172.52,LPLC4,green,dend[1996],0.49475860009548767
720575940623945194,430.672,220.88,169.6,430.624,221.072,169.56,LPLC4,green,dend[2333],0.9314748497467016
720575940623945194,436.624,221.792,171.44,436.832,221.872,171.52,LPLC4,green,dend[2113],0.9978364151700873
720575940623945194,427.888,214.272,173.0,427.76,214.288,173.0,LPLC4,green,dend[1994],0.3709685241874475
720575940623945194,435.824,221.408,171.4,435.744,221.264,171.36,LPLC4,green,dend[2092],0.5191448751400124
720575940623945194,431.92,220.848,169.24,432.016,221.04,169.24,LPLC4,green,dend[2332],0.9816551015560374
720575940653172726,433.76,215.088,169.56,433.792,215.216,169.72,LPLC4,green,dend[2390],0.9826844976012965
720575940623961747,435.568,223.52,171.64,435.504,223.456,171.48,LPLC4,green,dend[2112],0.5907920435664873
720575940623961747,435.392,223.744,171.68,435.376,223.6,171.56,LPLC4,green,dend[2112],0.8903506706625169
720575940623961747,436.416,223.648,170.52,436.304,223.52,170.4,LPLC4,green,dend[2111],0.7259534253958657
720575940653172726,434.016,215.28,169.32,434.016,215.504,169.32,LPLC4,green,dend[2389],0.9682919315845778
720575940620729816,432.912,222.032,170.52,432.784,222.08,170.68,LPLC4,green,dend[2248],0.05293575762891369
720575940620729816,433.136,215.968,169.0,433.184,216.128,168.92,LPLC4,green,dend[2398],0.9434649939135759
720575940620729816,435.616,219.904,171.72,435.568,220.128,171.72,LPLC4,green,dend[2093],1.0
720575940620729816,433.648,222.528,170.28,433.776,222.4,170.28,LPLC4,green,dend[2328],0.5347142449036689
720575940620729816,433.456,223.28,170.2,433.584,223.424,170.16,LPLC4,green,dend[2326],0.262320049995099
720575940621759169,431.456,222.4,169.68,431.36,222.384,169.56,LPLC4,green,dend[2343],0.17636691860516665
720575940619655685,438.384,223.408,173.12,438.432,223.312,173.28,LPLC4,green,dend[2159],0.8905551503988325
720575940619655685,432.48,216.256,171.16,432.576,216.384,171.24,LPLC4,green,dend[2397],0.4897934904962898
720575940619655685,433.008,215.872,170.2,433.12,215.712,170.12,LPLC4,green,dend[2392],0.897295865501391
720575940619655685,437.632,224.192,171.56,437.584,224.064,171.52,LPLC4,green,dend[2155],0.7844366285738711
720575940621759169,431.984,223.312,169.16,432.192,223.248,169.16,LPLC4,green,dend[2336],0.18208319918488244
720575940619655685,437.968,223.92,171.84,437.936,223.744,171.72,LPLC4,green,dend[2121],0.5588549504428199
720575940619655685,433.056,216.288,170.56,433.184,216.4,170.56,LPLC4,green,dend[2397],0.2294276191148784
720575940619014981,433.152,215.536,169.8,433.296,215.584,169.88,LPLC4,green,dend[2392],0.5576637916523532
720575940619014981,433.472,215.12,169.96,433.712,215.12,169.84,LPLC4,green,dend[2391],0.6824953982570151
720575940619014981,433.232,215.456,169.76,433.344,215.568,169.84,LPLC4,green,dend[2392],0.4892365314450566
720575940640625280,432.24,221.792,171.64,432.32,221.84,171.8,LPLC4,green,dend[2249],0.8368818408628153
720575940640625280,435.76,214.976,169.88,435.872,215.088,169.8,LPLC4,green,dend[2401],0.8244626737038306
720575940640625280,432.0,221.296,171.88,432.0,221.344,172.04,LPLC4,green,dend[2323],0.3162129055808676
720575940640625280,432.032,221.904,171.44,431.984,221.984,171.32,LPLC4,green,dend[2248],0.8766874593244791
720575940628523113,435.84,219.312,173.2,435.744,219.456,173.16,LPLC4,green,dend[2095],0.5020643463313453
720575940628523113,431.072,224.496,171.2,431.04,224.608,171.12,LPLC4,green,dend[2269],0.7065683532629189
720575940628523113,430.384,223.376,171.88,430.448,223.488,172.04,LPLC4,green,dend[2267],0.17558399007341502
720575940640625280,436.08,220.832,172.68,435.904,220.64,172.6,LPLC4,green,dend[2094],0.32615242333447747
720575940640625280,432.96,221.6,172.24,432.848,221.76,172.36,LPLC4,green,dend[2251],0.5822756997804117
720575940640625280,432.336,216.512,171.4,432.304,216.4,171.56,LPLC4,green,dend[2397],0.6086162690808591
720575940640625280,433.088,216.496,170.72,433.136,216.416,170.6,LPLC4,green,dend[2397],0.24687269862680056
720575940640625280,432.256,221.888,171.2,432.208,222.016,171.16,LPLC4,green,dend[2248],0.6478735484721644
720575940640625280,436.432,214.72,170.08,436.464,214.912,170.08,LPLC4,green,dend[2407],0.8471582064107411
720575940640625280,432.608,216.496,171.28,432.56,216.384,171.32,LPLC4,green,dend[2397],0.5084832839787761
720575940640625280,441.984,221.344,169.16,442.16,221.424,169.16,LPLC4,green,dend[2358],0.8618869530579734
720575940640625280,432.224,220.144,170.92,432.448,220.08,170.96,LPLC4,green,dend[2345],0.4424252836864467
720575940628523113,430.608,224.096,171.4,430.736,224.224,171.48,LPLC4,green,dend[2267],0.9070007602789392
720575940640625280,436.736,214.624,169.92,436.848,214.8,169.96,LPLC4,green,dend[2408],0.48987777996504206
720575940640625280,435.92,215.168,169.16,435.824,215.376,169.24,LPLC4,green,dend[2401],0.2289190068373021
720575940638880582,429.584,213.68,169.52,429.44,213.792,169.6,LPLC4,green,dend[1755],0.46949347736374164
720575940621259875,426.256,223.696,172.6,426.304,223.856,172.64,LPLC4,green,dend[2320],1.0
720575940621259875,433.408,222.368,173.04,433.248,222.432,172.92,LPLC4,green,dend[2253],0.382176212918444
720575940621259875,426.816,213.984,173.04,426.64,214.096,173.08,LPLC4,green,dend[1991],0.6628765467117675
720575940621259875,426.112,223.84,172.84,426.192,224.0,172.96,LPLC4,green,dend[2320],0.7137878133978888
720575940621259875,433.136,222.464,173.64,433.024,222.592,173.72,LPLC4,green,dend[2253],0.8920840304091434
720575940621259875,433.648,222.864,173.8,433.52,222.976,173.88,LPLC4,green,dend[2254],0.7921345782628317
720575940621259875,438.624,222.448,172.56,438.48,222.256,172.52,LPLC4,green,dend[2156],0.892595340282078
720575940621259875,426.944,214.112,173.12,426.768,214.224,173.16,LPLC4,green,dend[1991],0.39379068593279226
720575940621259875,432.688,219.968,170.6,432.688,220.144,170.56,LPLC4,green,dend[2345],0.18327245541409012
720575940621259875,432.768,221.488,172.76,432.784,221.632,172.6,LPLC4,green,dend[2251],0.8819089076378641
720575940621259875,432.592,219.92,170.92,432.448,220.064,170.96,LPLC4,green,dend[2345],0.4479015175197478
720575940635113151,440.64,226.336,171.12,440.832,226.368,171.08,LPLC4,green,dend[2130],0.9020386979055018
720575940634599650,428.72,213.664,169.0,428.896,213.536,168.96,LPLC4,green,dend[1754],0.1591506608497765
720575940646414132,433.808,221.424,169.72,433.904,221.392,169.6,LPLC4,green,dend[2086],0.271019850518801
720575940646414132,438.816,224.304,170.88,438.736,224.384,171.04,LPLC4,green,dend[2122],0.6592555017376973
720575940641216976,434.416,214.144,170.48,434.384,214.048,170.36,LPLC4,green,dend[2405],0.9359962183579158
720575940646414132,437.76,222.816,170.76,437.808,222.896,170.92,LPLC4,green,dend[2118],0.9549064902926667
720575940641216976,429.936,221.248,169.68,430.128,221.312,169.72,LPLC4,green,dend[2342],0.9173572995092851
720575940641216976,430.4,221.168,169.4,430.544,221.088,169.56,LPLC4,green,dend[2333],0.9797000935992239
720575940641216976,432.464,224.464,170.92,432.48,224.272,170.88,LPLC4,green,dend[2268],0.9055100927722708
720575940646414132,439.424,224.736,171.72,439.328,224.928,171.68,LPLC4,green,dend[2124],0.45913554176650395
720575940646414132,435.136,222.416,169.96,435.024,222.48,170.0,LPLC4,green,dend[2091],0.47009935788297785
720575940641216976,435.536,213.344,169.84,435.664,213.52,169.8,LPLC4,green,dend[2404],0.1648080548597656
720575940641216976,440.608,222.544,169.08,440.576,222.368,169.08,LPLC4,green,dend[2361],0.8087946615172398
720575940641216976,434.72,213.168,170.2,434.608,213.168,170.12,LPLC4,green,dend[2406],0.27759304268776797
720575940641216976,429.776,221.6,170.04,429.952,221.568,170.04,LPLC4,green,dend[2341],0.6845564363178246
720575940641216976,432.0,224.336,171.0,432.016,224.192,170.96,LPLC4,green,dend[2268],0.6664328427013485
720575940646414132,435.376,222.272,169.56,435.216,222.384,169.52,LPLC4,green,dend[2327],0.5646669866172342
720575940646414132,433.152,220.592,170.0,433.248,220.432,170.0,LPLC4,green,dend[2344],0.7429703539830078
720575940646414132,437.216,215.44,170.4,437.024,215.488,170.36,LPLC4,green,dend[2410],0.8602888974622067
720575940642181005,438.832,222.592,173.96,439.008,222.416,173.92,LPLC4,green,dend[2160],0.42542485536449826
720575940642181005,439.632,223.712,172.28,439.584,223.776,172.12,LPLC4,green,dend[2123],0.8574443210609963
720575940642181005,426.256,215.824,173.24,426.32,215.984,173.28,LPLC4,green,dend[1987],0.9439911514424109
720575940642181005,430.352,220.336,171.76,430.48,220.528,171.76,LPLC4,green,dend[2323],0.9740819969269597
720575940613491826,435.392,217.648,175.88,435.6,217.696,175.88,LPLC4,green,dend[2105],0.2159484939354007
720575940624203972,428.88,216.688,175.84,428.752,216.688,176.0,LPLC4,green,dend[1852],0.968160804719158
720575940624203972,429.648,214.72,178.4,429.584,214.608,178.52,LPLC4,green,dend[1896],0.8620233623477307
720575940624203972,429.392,214.736,177.8,429.312,214.912,177.72,LPLC4,green,dend[1895],0.15412304879689048
720575940624203972,437.664,220.704,179.04,437.728,220.912,179.0,LPLC4,green,dend[2174],0.9568933032795576
720575940621514093,427.728,215.344,177.96,427.68,215.44,178.08,LPLC4,green,dend[1853],0.36901893023833976
720575940621514093,435.904,217.2,176.88,435.68,217.28,176.8,LPLC4,green,dend[2105],0.5335268703587851
720575940621514093,436.336,217.904,175.36,436.272,217.76,175.24,LPLC4,green,dend[2099],0.978805709239806
720575940634839964,438.144,221.648,178.28,438.288,221.536,178.36,LPLC4,green,dend[2174],0.4023857641424363
720575940634839964,426.368,216.0,176.4,426.32,215.776,176.44,LPLC4,green,dend[1847],0.6539417402033326
720575940634839964,429.04,214.672,178.44,429.248,214.736,178.36,LPLC4,green,dend[1896],0.3857884740018442
720575940634839964,425.984,216.656,175.84,425.888,216.768,175.76,LPLC4,green,dend[1920],0.11891492261554015
720575940621514093,428.0,215.296,177.84,428.032,215.504,177.92,LPLC4,green,dend[1853],0.5705606955472596
720575940622560094,427.584,214.08,175.2,427.6,214.208,175.32,LPLC4,green,dend[1960],0.8455718028407833
720575940622560094,439.424,227.248,177.56,439.472,227.312,177.48,LPLC4,green,dend[2186],0.6032006239699009
720575940622560094,427.76,214.08,175.16,427.808,214.192,175.24,LPLC4,green,dend[1960],0.9181782959112527
720575940622560094,438.768,226.64,178.72,438.64,226.752,178.72,LPLC4,green,dend[2185],0.1538190821533141
720575940622560094,427.152,213.76,175.68,427.056,213.904,175.72,LPLC4,green,dend[1960],0.5869913169915794
720575940624864585,438.576,217.312,174.88,438.64,217.408,174.72,LPLC4,green,dend[2102],0.12750591953154727
720575940624864585,438.24,217.12,175.16,438.144,217.04,175.12,LPLC4,green,dend[2101],0.8737749732079501
720575940624864585,438.08,217.2,175.2,437.968,217.072,175.12,LPLC4,green,dend[2101],0.7901194425022283
720575940629320010,437.904,216.64,174.56,438.032,216.752,174.56,LPLC4,green,dend[2101],0.9816409115528313
720575940629320010,436.704,215.968,174.16,436.768,215.776,174.16,LPLC4,green,dend[2103],0.9707325721667678
720575940625925450,440.24,223.152,176.08,440.24,223.28,176.24,LPLC4,green,dend[2166],0.41235056648351415
720575940625925450,435.952,218.64,174.6,436.016,218.624,174.48,LPLC4,green,dend[2099],0.2549187774973619
720575940625925450,427.072,215.088,176.6,427.232,215.216,176.64,LPLC4,green,dend[1850],0.45262897093524246
720575940620346758,438.592,219.328,176.88,438.752,219.424,176.92,LPLC4,green,dend[2194],0.5267914880554341
720575940625925450,435.92,218.288,175.16,436.08,218.096,175.16,LPLC4,green,dend[2099],0.7734909059835897
720575940625925450,426.752,215.344,176.8,426.784,215.536,176.8,LPLC4,green,dend[1849],0.8303524154956288
720575940620346758,438.656,218.944,177.24,438.816,219.024,177.24,LPLC4,green,dend[2194],0.9192282979689252
720575940636418740,439.424,221.232,177.8,439.472,221.424,177.92,LPLC4,green,dend[2171],0.39987104723652533
720575940635497311,436.016,220.032,174.2,435.76,219.984,174.16,LPLC4,green,dend[2108],0.8614706955269422
720575940635497311,427.504,215.296,176.6,427.296,215.184,176.64,LPLC4,green,dend[1850],0.5060196875560437
720575940635497311,432.208,221.68,174.8,432.112,221.728,174.96,LPLC4,green,dend[2259],0.6098435427160072
720575940635497311,432.576,222.384,174.52,432.496,222.592,174.56,LPLC4,green,dend[2255],0.6394954512864369
720575940635497311,439.088,224.528,179.16,439.024,224.352,179.16,LPLC4,green,dend[2182],0.45265460802471996
720575940635497311,432.048,222.448,174.48,432.208,222.512,174.56,LPLC4,green,dend[2255],0.7498341022541721
720575940635497311,426.656,216.8,174.92,426.752,216.96,174.96,LPLC4,green,dend[1920],0.6480644133174525
720575940614209576,442.08,222.848,174.88,442.144,222.816,174.72,LPLC4,green,dend[2196],0.6483302915803741
720575940614209576,432.064,220.912,176.32,431.936,220.688,176.4,LPLC4,green,dend[2260],0.7866920610896876
720575940614209576,429.456,223.664,174.44,429.44,223.76,174.24,LPLC4,green,dend[2274],0.9889227107564322
720575940614209576,438.592,220.288,176.64,438.64,220.208,176.56,LPLC4,green,dend[2192],0.8696367721842774
720575940614209576,441.248,222.544,174.88,441.296,222.48,174.72,LPLC4,green,dend[2196],0.35955373190180073
720575940614209576,427.376,223.76,174.12,427.264,223.968,174.12,LPLC4,green,dend[2280],0.7776748568791748
720575940614209576,438.48,221.36,175.8,438.672,221.312,175.76,LPLC4,green,dend[2192],0.3340084066229073
720575940613984578,439.248,226.832,177.28,439.44,226.96,177.32,LPLC4,green,dend[2186],0.8674388066181993
720575940627471619,442.32,220.848,175.36,442.384,221.04,175.36,LPLC4,green,dend[2206],0.9626253297953941
720575940640353333,426.16,215.856,177.08,426.128,215.712,176.96,LPLC4,green,dend[1847],0.8573146437496759
720575940640353333,427.968,216.304,177.56,428.0,216.096,177.56,LPLC4,green,dend[1853],0.35261755256653626
720575940640353333,437.664,222.0,175.44,437.664,221.824,175.36,LPLC4,green,dend[2191],0.9319997593008615
720575940640353333,438.848,222.768,175.6,438.736,222.56,175.68,LPLC4,green,dend[2162],0.17675544637378146
720575940640353333,426.256,215.824,177.08,426.24,215.696,177.0,LPLC4,green,dend[1847],0.9294592795983169
720575940640353333,429.008,216.816,178.8,428.928,216.992,178.84,LPLC4,green,dend[1855],0.4033205162318334
720575940640353333,432.848,223.008,175.96,432.928,222.848,175.84,LPLC4,green,dend[2258],0.18607020138903935
720575940634223514,438.848,219.6,176.64,438.736,219.616,176.8,LPLC4,green,dend[2194],0.35877015650631483
720575940634223514,431.536,220.928,176.52,431.632,220.912,176.28,LPLC4,green,dend[2260],0.6227728129055391
720575940634223514,426.192,214.064,175.96,426.096,213.936,176.08,LPLC4,green,dend[1960],0.24984370963365896
720575940634223514,437.616,220.016,175.8,437.584,219.872,175.96,LPLC4,green,dend[2193],1.0
720575940634223514,438.352,219.872,176.2,438.304,219.936,176.36,LPLC4,green,dend[2192],0.9541616235032643
720575940634223514,438.752,219.888,176.52,438.576,219.92,176.56,LPLC4,green,dend[2192],0.9815665763607733
720575940634223514,426.56,213.936,175.92,426.592,213.808,175.92,LPLC4,green,dend[1960],0.4087844835774399
720575940618818629,437.76,217.088,175.24,437.872,217.104,175.08,LPLC4,green,dend[2101],0.7487817860808628
720575940645336100,438.384,223.296,176.6,438.48,223.232,176.44,LPLC4,green,dend[2175],0.7656184674148071
720575940645336100,427.072,219.328,176.52,426.976,219.328,176.4,LPLC4,green,dend[1903],0.7244076148690639
720575940645336100,438.592,223.408,176.6,438.72,223.36,176.48,LPLC4,green,dend[2175],0.8467163369895394
720575940645336100,427.632,217.088,176.64,427.824,216.96,176.64,LPLC4,green,dend[1852],0.5797408640885873
720575940645336100,427.872,213.36,177.12,427.936,213.216,177.08,LPLC4,green,dend[1940],0.9354520062552802
720575940645336100,427.648,214.608,176.88,427.664,214.816,176.8,LPLC4,green,dend[1850],0.8886225999829052
720575940619159233,429.712,214.848,177.16,429.84,214.704,177.2,LPLC4,green,dend[1895],0.6724874031478669
720575940619159233,440.4,221.888,174.2,440.368,222.096,174.2,LPLC4,green,dend[2195],1.0
720575940619159233,428.864,215.392,177.72,428.736,215.392,177.88,LPLC4,green,dend[1894],0.43363067855323234
720575940626435850,427.136,215.056,178.16,427.296,215.12,178.24,LPLC4,green,dend[1853],0.1367893247128323
720575940633176749,429.376,217.024,178.56,429.28,217.056,178.76,LPLC4,green,dend[1855],0.3706161940237515
720575940633176749,428.368,217.072,176.2,428.496,216.896,176.2,LPLC4,green,dend[1852],0.8772555109783903
720575940633176749,437.84,226.912,178.84,438.016,226.816,178.88,LPLC4,green,dend[2184],0.7151691437923055
720575940623945194,441.376,222.16,174.36,441.248,222.224,174.52,LPLC4,green,dend[2196],0.32705053847266286
720575940623945194,441.68,222.448,174.36,441.648,222.544,174.52,LPLC4,green,dend[2196],0.46577523405471327
720575940623961747,438.832,221.792,175.52,438.736,221.824,175.64,LPLC4,green,dend[2192],0.11947382254631031
720575940623961747,438.848,221.456,175.6,438.72,221.456,175.72,LPLC4,green,dend[2192],0.2720607708856118
720575940623961747,438.096,221.856,175.4,438.048,222.016,175.4,LPLC4,green,dend[2191],0.5367051019384549
720575940623961747,438.432,221.872,175.44,438.48,222.064,175.48,LPLC4,green,dend[2161],0.9396046889404769
720575940623961747,426.208,220.096,175.48,426.064,220.064,175.56,LPLC4,green,dend[1902],0.9261677753160295
720575940653172726,435.6,217.184,175.36,435.76,217.36,175.36,LPLC4,green,dend[2104],0.9541079329244176
720575940653172726,435.568,217.104,176.56,435.616,217.312,176.6,LPLC4,green,dend[2105],0.47764616839198
720575940653172726,435.344,216.608,177.4,435.344,216.672,177.48,LPLC4,green,dend[2105],0.8501880974266538
720575940620729816,426.016,213.504,177.76,426.0,213.328,177.76,LPLC4,green,dend[1928],0.4937074154367554
720575940620729816,438.048,221.632,176.84,438.24,221.68,176.84,LPLC4,green,dend[2163],0.9008699193919213
720575940620729816,437.472,222.224,177.16,437.68,222.272,177.2,LPLC4,green,dend[2164],0.9243217834618827
720575940619655685,427.088,215.568,176.56,427.024,215.392,176.68,LPLC4,green,dend[1850],0.23833910168381744
720575940621759169,427.824,216.896,176.84,427.952,216.8,176.68,LPLC4,green,dend[1852],0.5705562471071738
720575940619655685,431.488,220.672,175.52,431.584,220.848,175.56,LPLC4,green,dend[2260],0.4834811994087431
720575940619655685,427.248,215.552,177.32,427.136,215.712,177.24,LPLC4,green,dend[1851],0.4425903741856583
720575940619655685,427.84,216.384,176.8,427.984,216.368,176.84,LPLC4,green,dend[1852],0.4504872010269255
720575940619655685,432.048,221.408,175.24,431.888,221.504,175.24,LPLC4,green,dend[2259],0.9621841893628312
720575940640625280,427.568,214.368,175.32,427.552,214.176,175.36,LPLC4,green,dend[1960],0.8213687260791616
720575940640625280,428.064,214.144,175.24,427.92,214.16,175.2,LPLC4,green,dend[1960],0.954535705650041
720575940628523113,442.224,222.8,174.36,442.128,222.704,174.56,LPLC4,green,dend[2196],0.6312597142004543
720575940628523113,434.72,218.416,174.52,434.784,218.208,174.44,LPLC4,green,dend[2106],0.8273656693798848
720575940628523113,426.16,213.472,178.72,426.064,213.264,178.68,LPLC4,green,dend[1929],0.6191116239623894
720575940640625280,440.88,222.16,174.28,440.736,222.176,174.4,LPLC4,green,dend[2196],0.14761577392902595
720575940640625280,440.544,222.48,174.44,440.48,222.288,174.36,LPLC4,green,dend[2196],0.06125893689524574
720575940621259875,431.632,220.816,175.72,431.664,220.912,175.6,LPLC4,green,dend[2260],0.468920120449893
720575940621259875,430.304,216.32,177.68,430.272,216.128,177.76,LPLC4,green,dend[1893],0.9132727736837196
720575940621259875,431.472,220.816,176.24,431.632,220.912,176.28,LPLC4,green,dend[2260],0.6227728129055391
720575940621259875,439.824,222.448,174.32,439.84,222.24,174.24,LPLC4,green,dend[2195],0.5422741552338798
720575940635113151,426.656,224.864,175.04,426.816,224.736,175.08,LPLC4,green,dend[2283],0.2602463421790407
720575940635113151,426.992,225.424,175.44,426.96,225.376,175.6,LPLC4,green,dend[2283],0.6143633796688035
720575940646414132,428.688,216.88,175.96,428.608,216.848,176.12,LPLC4,green,dend[1852],0.9223065579677894
720575940642181005,436.032,218.992,174.24,435.872,218.96,174.28,LPLC4,green,dend[2098],0.9217488970891263
720575940642181005,431.568,220.864,175.08,431.536,220.944,175.24,LPLC4,green,dend[2260],0.3587876779950286
720575940642181005,437.392,221.776,175.36,437.616,221.792,175.36,LPLC4,green,dend[2191],0.9830936827995156
720575940642181005,438.64,222.4,174.24,438.832,222.24,174.28,LPLC4,green,dend[2160],0.6115915000371859
720575940642181005,435.968,219.312,174.12,435.792,219.232,174.08,LPLC4,green,dend[2097],1.0
720575940613491826,428.08,217.36,182.6,428.256,217.408,182.52,LPLC4,green,dend[1858],0.8434206401140548
720575940621514093,428.32,217.104,182.12,428.528,217.088,182.2,LPLC4,green,dend[1858],0.35956495141428707
720575940622560094,428.24,216.848,179.24,428.416,216.768,179.32,LPLC4,green,dend[1855],0.6112377288779626
720575940622560094,438.448,225.728,179.28,438.48,225.616,179.16,LPLC4,green,dend[2183],0.5094922403116953
720575940622560094,428.096,217.536,179.44,428.272,217.44,179.56,LPLC4,green,dend[1861],0.12340084117574202
720575940620346758,428.928,216.272,182.8,429.04,216.256,182.68,LPLC4,green,dend[1859],0.4817420792817472
720575940636418740,430.304,218.48,179.96,430.096,218.64,179.92,LPLC4,green,dend[1863],0.3678509846999332
720575940636418740,430.832,215.808,181.0,430.656,215.808,180.92,LPLC4,green,dend[1860],0.9652313321159164
720575940614209576,437.68,223.104,179.92,437.712,223.184,179.72,LPLC4,green,dend[2180],0.9332271404900502
720575940614209576,430.352,215.968,180.68,430.432,216.016,180.8,LPLC4,green,dend[1860],0.8374581191127489
720575940613984578,428.432,217.504,182.6,428.288,217.392,182.52,LPLC4,green,dend[1858],0.8171803554242636
720575940627471619,428.944,218.448,179.72,429.04,218.304,179.88,LPLC4,green,dend[1862],0.25251759074910984
720575940613984578,428.576,217.344,182.48,428.416,217.264,182.44,LPLC4,green,dend[1858],0.6363796544559381
720575940627471619,429.216,213.456,180.76,429.072,213.376,180.92,LPLC4,green,dend[1933],0.7496049900989
720575940627471619,429.36,218.896,179.84,429.488,218.912,180.0,LPLC4,green,dend[1863],0.20494319740057787
720575940613984578,428.4,213.632,180.76,428.592,213.552,180.8,LPLC4,green,dend[1933],0.49835521170609515
720575940627471619,429.92,219.072,179.32,430.08,219.024,179.36,LPLC4,green,dend[1863],0.6802229990349299
720575940640353333,430.464,219.984,179.52,430.416,220.112,179.48,LPLC4,green,dend[1875],0.8006515086601257
720575940640353333,430.032,218.832,179.6,429.904,218.96,179.6,LPLC4,green,dend[1863],0.5111794146929266
720575940640353333,429.488,217.792,180.64,429.456,218.032,180.64,LPLC4,green,dend[1862],0.5765341108712153
720575940640353333,428.912,216.928,179.52,428.784,217.072,179.6,LPLC4,green,dend[1855],0.9221007204340893
720575940645336100,429.28,215.344,183.0,429.296,215.504,183.04,LPLC4,green,dend[1859],0.9419342471840237
720575940645336100,430.08,218.096,182.72,430.16,218.096,182.88,LPLC4,green,dend[1882],1.0
720575940645336100,429.152,215.856,182.72,429.136,216.016,182.84,LPLC4,green,dend[1859],0.6453535338787945
720575940619159233,430.528,217.552,184.28,430.72,217.536,184.36,LPLC4,green,dend[1881],0.4802779170833543
720575940619159233,428.432,213.168,180.88,428.512,213.024,180.76,LPLC4,green,dend[1933],0.2833850305515767
720575940619159233,430.768,217.872,183.92,430.976,217.824,183.92,LPLC4,green,dend[1881],0.32174266764948656
720575940623945194,430.4,216.4,180.84,430.304,216.176,180.92,LPLC4,green,dend[1860],0.7347883579416506
720575940623945194,434.96,223.968,180.64,434.928,224.16,180.6,LPLC4,green,dend[2179],0.8069979534177507
720575940623945194,427.52,217.376,180.28,427.68,217.536,180.28,LPLC4,green,dend[1891],0.9979632773832608
720575940623961747,436.592,223.648,179.48,436.576,223.456,179.52,LPLC4,green,dend[2179],0.25087771923727165
720575940623961747,436.256,223.744,179.56,436.256,223.632,179.68,LPLC4,green,dend[2179],0.35453850331375886
720575940623961747,436.176,223.856,179.72,436.048,223.76,179.8,LPLC4,green,dend[2179],0.4252177072419841
720575940620729816,426.688,213.312,179.2,426.544,213.184,179.28,LPLC4,green,dend[1930],0.2605923829594445
720575940620729816,426.832,213.392,179.4,426.736,213.248,179.48,LPLC4,green,dend[1930],0.3930123866128125
720575940619655685,430.4,218.848,181.76,430.576,218.928,181.76,LPLC4,green,dend[1878],0.4265604764063807
720575940628523113,426.496,213.024,180.16,426.688,213.04,180.16,LPLC4,green,dend[1930],0.6711465980875116
720575940621259875,429.936,216.4,181.16,429.904,216.224,181.12,LPLC4,green,dend[1860],0.5352323810632835
720575940621259875,429.536,216.496,181.12,429.504,216.352,181.2,LPLC4,green,dend[1860],0.33048953691266164
720575940621259875,429.152,216.864,180.96,428.944,216.832,180.92,LPLC4,green,dend[1856],0.7637136960187438
720575940621259875,438.352,225.2,179.48,438.528,225.232,179.48,LPLC4,green,dend[2183],0.3169949524086617
720575940621259875,428.848,217.184,181.72,428.752,217.024,181.68,LPLC4,green,dend[1857],0.5944201432686949
720575940635113151,431.456,221.696,179.96,431.424,221.824,179.88,LPLC4,green,dend[1870],0.9397123086632442
720575940635113151,437.472,223.472,179.2,437.536,223.296,179.2,LPLC4,green,dend[2178],0.9275714143209318
720575940635113151,431.104,221.616,179.96,431.056,221.84,179.96,LPLC4,green,dend[1869],0.9524881488811778
720575940635113151,431.376,221.712,180.16,431.184,221.872,180.24,LPLC4,green,dend[1873],0.4904169431630796
720575940635113151,436.992,223.504,179.36,436.912,223.312,179.44,LPLC4,green,dend[2179],0.15771090730512352
720575940646414132,431.008,218.432,182.4,430.832,218.64,182.44,LPLC4,green,dend[1878],0.8604673211594482
720575940646414132,431.648,219.504,182.72,431.568,219.392,182.88,LPLC4,green,dend[1880],0.5947840651702322
720575940642181005,426.704,213.696,179.56,426.768,213.552,179.68,LPLC4,green,dend[1930],0.4358691646993243
720575940634839964,430.784,217.344,184.68,430.592,217.392,184.68,LPLC4,green,dend[1881],0.5802985911376655
720575940619159233,430.368,217.616,184.48,430.512,217.44,184.56,LPLC4,green,dend[1881],0.5564481875003767
720575940625574844,442.496,208.592,161.72,442.432,208.736,161.64,LPLC4,green,dend[110],0.9591301448702085
720575940623003653,448.512,212.496,160.8,448.624,212.432,160.64,LPLC4,green,dend[50],0.9311158887082416
720575940624864585,444.0,211.072,161.64,444.032,211.136,161.56,LPLC4,green,dend[109],0.6239364773354762
720575940624864585,449.008,209.648,161.6,449.008,209.472,161.72,LPLC4,green,dend[41],0.5148032470937648
720575940624864585,443.6,211.04,161.72,443.568,210.976,161.56,LPLC4,green,dend[109],0.30416228965658093
720575940626408454,449.184,209.408,161.48,449.216,209.408,161.64,LPLC4,green,dend[41],0.40444848435953273
720575940626408454,449.584,209.088,161.2,449.744,209.136,161.32,LPLC4,green,dend[39],1.0
720575940626408454,448.016,211.056,161.6,448.096,211.216,161.56,LPLC4,green,dend[49],0.9182012400106135
720575940626408454,448.32,211.104,161.4,448.24,211.2,161.36,LPLC4,green,dend[49],0.7095637944231479
720575940629320010,450.176,208.912,160.68,450.176,208.848,160.84,LPLC4,green,dend[39],0.5688195355833569
720575940629320010,451.04,208.592,160.52,451.152,208.624,160.4,LPLC4,green,dend[38],0.8765640246956139
720575940629320010,449.984,209.36,161.16,449.904,209.2,161.24,LPLC4,green,dend[39],0.9545382752717517
720575940629320010,450.016,209.296,161.12,449.92,209.168,161.24,LPLC4,green,dend[39],0.9374988450113495
720575940620346758,444.8,210.96,160.84,444.688,211.088,160.84,LPLC4,green,dend[99],0.8557856823205179
720575940620346758,444.016,210.736,160.88,443.904,210.928,160.76,LPLC4,green,dend[97],0.8693338868942955
720575940620346758,443.136,210.368,161.24,443.024,210.512,161.36,LPLC4,green,dend[104],0.6026833044328697
720575940630321464,442.544,210.656,162.04,442.496,210.64,162.2,LPLC4,green,dend[107],0.7039623045079673
720575940630321464,442.512,209.92,161.44,442.64,209.808,161.56,LPLC4,green,dend[110],0.37934823496605763
720575940630321464,448.432,211.392,161.04,448.528,211.296,161.08,LPLC4,green,dend[49],0.3386751157478547
720575940630321464,442.704,210.544,161.52,442.912,210.496,161.4,LPLC4,green,dend[104],0.588893693280512
720575940630321464,442.64,210.064,161.48,442.752,209.984,161.52,LPLC4,green,dend[110],0.2707907764424202
720575940630321464,442.864,210.688,161.88,443.088,210.64,161.88,LPLC4,green,dend[106],0.2675284304936599
720575940623492632,444.56,211.456,161.76,444.48,211.296,161.6,LPLC4,green,dend[109],0.9329592762004699
720575940622276735,448.864,211.52,161.04,448.752,211.488,160.92,LPLC4,green,dend[48],1.0
720575940622276735,449.712,210.32,160.2,449.664,210.384,160.08,LPLC4,green,dend[48],0.6427062848424216
720575940619014981,442.592,209.2,161.44,442.464,209.184,161.56,LPLC4,green,dend[110],0.7249954707293738
720575940638880582,449.456,210.288,159.92,449.68,210.256,159.92,LPLC4,green,dend[48],0.6013472519531718
720575940638880582,449.6,210.976,160.44,449.488,210.848,160.48,LPLC4,green,dend[48],0.7812899334471789
720575940638880582,449.312,210.656,160.36,449.52,210.736,160.36,LPLC4,green,dend[48],0.7457889034901632
720575940634599650,442.816,210.88,161.12,442.912,210.72,161.2,LPLC4,green,dend[104],0.006332290220154801
720575940634599650,443.184,210.72,160.8,443.168,210.592,160.88,LPLC4,green,dend[96],1.0
720575940619414597,442.448,210.512,162.44,442.56,210.624,162.32,LPLC4,green,dend[108],1.0
720575940626886568,443.744,211.36,160.56,443.856,211.408,160.44,LPLC4,green,dend[98],0.670714840178498
720575940626886568,443.088,211.008,161.48,443.056,210.864,161.28,LPLC4,green,dend[104],0.21399580026384504
720575940626886568,448.608,212.544,160.44,448.704,212.368,160.56,LPLC4,green,dend[50],0.8684680532963912
720575940626886568,443.12,210.96,161.52,443.184,210.736,161.52,LPLC4,green,dend[105],0.8644979097909957
720575940626886568,443.76,211.328,160.72,443.808,211.12,160.72,LPLC4,green,dend[97],0.8848978394525379
720575940620375796,446.752,214.96,158.96,446.688,214.928,158.84,LPLC4,green,dend[76],0.6433381818652578
720575940620375796,444.88,213.104,160.68,444.72,213.2,160.6,LPLC4,green,dend[79],0.646219912743881
720575940620375796,445.248,213.328,160.32,445.072,213.472,160.32,LPLC4,green,dend[79],0.4197676901715122
720575940620375796,445.696,214.064,159.96,445.536,214.144,160.0,LPLC4,green,dend[77],1.0
720575940620375796,446.144,214.416,159.76,446.064,214.528,159.72,LPLC4,green,dend[77],0.4912715793713277
720575940609063236,443.072,221.456,168.16,442.976,221.392,168.0,LPLC4,green,dend[2357],0.8750866443441813
720575940633176749,442.656,221.424,167.88,442.736,221.552,167.96,LPLC4,green,dend[2357],0.4913321182170547
720575940622560094,442.656,222.624,173.52,442.8,222.704,173.64,LPLC4,green,dend[2207],0.5535978193529497
720575940640353333,443.36,222.896,173.84,443.28,222.816,173.72,LPLC4,green,dend[2207],0.7005976599200734
720575940640353333,443.184,222.864,173.96,443.136,222.704,173.88,LPLC4,green,dend[2207],0.534010399845213
720575940619159233,443.312,222.432,173.96,443.168,222.624,174.0,LPLC4,green,dend[2207],0.4589769799958289
720575940628523113,442.768,222.544,173.76,442.88,222.704,173.68,LPLC4,green,dend[2207],0.5587377610929997
720575940646414132,447.248,226.576,173.72,447.232,226.8,173.68,LPLC4,green,dend[2210],0.950276285417648
720575940636418740,445.328,226.384,174.92,445.392,226.448,174.8,LPLC4,green,dend[2209],0.8946518071078693
720575940613984578,445.456,222.32,176.16,445.472,222.48,176.04,LPLC4,green,dend[2238],0.6465056025456978
720575940634223514,445.728,222.464,175.92,445.632,222.624,175.96,LPLC4,green,dend[2238],0.6168331902497719
720575940634223514,444.144,221.344,175.96,444.032,221.376,176.08,LPLC4,green,dend[2201],0.07493151431763953
720575940634223514,443.984,221.232,175.84,443.824,221.344,175.84,LPLC4,green,dend[2198],1.0
720575940618818629,444.56,218.704,177.04,444.72,218.848,177.04,LPLC4,green,dend[2203],0.7894914628308864
720575940645336100,445.728,222.432,177.24,445.856,222.304,177.2,LPLC4,green,dend[2236],1.0
720575940645336100,445.552,222.496,177.16,445.488,222.4,177.12,LPLC4,green,dend[2236],1.0
720575940633176749,444.416,219.76,176.8,444.544,219.92,176.84,LPLC4,green,dend[2201],0.8390814142783882
720575940633176749,444.656,219.36,176.96,444.8,219.376,177.04,LPLC4,green,dend[2202],0.6200028134843992
720575940623945194,444.72,224.32,174.88,444.528,224.256,174.88,LPLC4,green,dend[2209],0.2294501041114635
720575940623945194,443.088,221.84,175.04,443.04,221.76,175.16,LPLC4,green,dend[2197],0.860024304632402
720575940623945194,444.672,223.824,174.56,444.512,223.984,174.64,LPLC4,green,dend[2209],0.17011960589296096
720575940623945194,443.136,222.416,174.28,443.104,222.608,174.28,LPLC4,green,dend[2207],0.27291644026116013
720575940623961747,443.344,221.648,175.44,443.344,221.52,175.32,LPLC4,green,dend[2198],0.3355578214111507
720575940619655685,442.592,221.232,174.96,442.768,221.264,175.0,LPLC4,green,dend[2206],0.4107134998190594
720575940635113151,442.88,221.904,175.24,443.008,221.776,175.16,LPLC4,green,dend[2197],0.8517065186672255
720575940646414132,444.608,224.304,174.48,444.576,224.24,174.64,LPLC4,green,dend[2209],0.24319614775209747
720575940619309632,444.16,217.856,179.88,444.24,217.776,179.8,LPLC4,green,dend[2204],0.6951728701874637
720575940619309632,444.096,217.728,180.08,444.176,217.568,180.08,LPLC4,green,dend[2204],0.7751517873426323
