pre,pre_x,pre_y,pre_z,post_x,post_y,post_z,type,mappedSection,mappedSegRangeVar
720575940631338271,437.376,235.544,144.6,437.272,235.584,144.6,LC4,dend[1157],0.9042441848253007
720575940630851036,423.076,239.608,154.44,422.976,239.532,154.44,LC4,dend[535],0.483447328217142
720575940628462340,417.552,232.424,162.04,417.544,232.272,162.08,LC4,dend[631],0.5255915041392373
720575940632769180,423.152,236.536,159.08,423.112,236.488,158.96,LC4,dend[523],1.0
720575940614572742,427.568,230.912,152.28,427.66,230.892,152.28,LC4,dend[1108],0.7915149017924085
720575940614572742,417.812,234.2,157.08,417.92,234.168,157.12,LC4,dend[464],0.5214683640827774
720575940614572742,393.82,240.688,168.44,393.944,240.792,168.44,LC4,dend[805],0.7595113310346193
720575940618807105,394.056,241.152,168.68,394.016,241.028,168.64,LC4,dend[805],0.9983137077872569
720575940615127227,414.128,237.276,155.84,414.072,237.16,155.88,LC4,dend[915],0.5902348023646566
720575940613260959,422.42,240.296,145.44,422.316,240.248,145.44,LC4,dend[499],0.7996551785864792
720575940626626895,432.06,232.564,145.84,431.972,232.648,145.84,LC4,dend[1161],0.37528249018419607
720575940617176321,433.28,235.212,145.96,433.2,235.092,145.96,LC4,dend[1155],0.75657089096291
720575940617176321,437.18,235.988,145.2,437.232,235.904,145.24,LC4,dend[1157],0.9016599726008744
720575940640612480,430.024,230.076,157.0,429.9,230.032,157.04,LC4,dend[1110],0.4629607395584026
720575940614572742,427.536,230.572,152.84,427.656,230.6,152.84,LC4,dend[1108],0.6107924479880127
720575940614572742,392.776,239.68,169.0,392.764,239.524,169.0,LC4,dend[812],0.8196267207923762
720575940614572742,431.14,231.104,156.92,431.124,230.956,156.92,LC4,dend[1201],0.3140464126103009
720575940614572742,427.524,230.684,157.64,427.664,230.648,157.68,LC4,dend[1102],0.2657566564323729
720575940614572742,427.804,231.056,151.92,427.908,231.02,151.92,LC4,dend[1108],0.9245052925542269
720575940614572742,430.0,229.92,157.28,429.92,229.904,157.24,LC4,dend[1110],0.3948678889182324
720575940640612480,434.208,230.612,148.8,434.26,230.68,148.8,LC4,dend[1134],0.7187503827308828
720575940625934973,403.98,239.296,162.32,403.856,239.228,162.36,LC4,dend[785],0.8800788577878839
720575940617026260,393.344,239.232,167.96,393.392,239.092,167.96,LC4,dend[807],0.755563784587152
720575940624111763,394.54,242.28,166.32,394.58,242.184,166.36,LC4,dend[795],0.4534548814911691
720575940628064260,421.048,234.232,155.64,421.044,234.056,155.64,LC4,dend[471],1.0
720575940628064260,433.464,233.92,152.04,433.34,233.872,152.04,LC4,dend[1117],0.6659711427479302
720575940628064260,401.528,245.1,161.76,401.528,244.964,161.76,LC4,dend[834],0.17403660601445403
720575940628064260,413.972,246.808,150.36,413.92,246.896,150.36,LC4,dend[1013],0.4235931559627319
720575940632769180,429.716,229.556,157.24,429.704,229.656,157.24,LC4,dend[1110],0.3056661059884537
720575940625038090,406.856,239.616,162.28,406.872,239.804,162.28,LC4,dend[782],0.5028273831113905
720575940625038090,408.272,238.108,162.12,408.292,238.028,162.08,LC4,dend[773],1.0
720575940625934973,404.156,239.404,162.24,404.112,239.272,162.24,LC4,dend[785],0.8355809509674756
720575940626605200,400.88,241.088,162.56,400.792,241.008,162.52,LC4,dend[820],0.3381488954278853
720575940612518055,417.328,236.116,161.4,417.256,236.096,161.4,LC4,dend[934],0.4245941541786253
720575940630484495,408.972,235.72,161.6,408.88,235.724,161.56,LC4,dend[783],0.13018070745448457
720575940649229433,413.344,234.336,161.84,413.232,234.284,161.84,LC4,dend[745],0.38084721976458935
720575940615127227,411.464,234.664,162.24,411.42,234.776,162.24,LC4,dend[752],0.24971475491483738
720575940613260959,412.364,234.984,161.84,412.432,234.88,161.84,LC4,dend[746],0.1112388290751324
720575940625991043,415.676,232.712,158.84,415.644,232.848,158.8,LC4,dend[887],0.3785888561110527
720575940625991043,422.096,240.26,145.68,422.112,240.352,145.64,LC4,dend[499],0.5562929995728195
720575940625991043,417.984,233.784,156.76,417.956,233.904,156.72,LC4,dend[464],0.6855056353794893
720575940625991043,422.204,230.364,156.92,422.14,230.476,156.92,LC4,dend[455],0.8022785593786408
720575940625991043,420.364,231.268,157.36,420.392,231.332,157.32,LC4,dend[457],0.5736564406832768
720575940616713355,414.328,236.12,155.16,414.22,236.144,155.16,LC4,dend[916],0.29016187569091106
720575940630851036,421.208,239.876,154.76,421.204,239.992,154.76,LC4,dend[536],0.9408228410533971
720575940617026260,393.36,239.64,168.56,393.372,239.764,168.6,LC4,dend[812],0.2298142598049349
720575940617026260,418.688,235.536,158.36,418.656,235.42,158.4,LC4,dend[463],1.0
720575940649229433,413.024,234.48,162.68,412.98,234.592,162.68,LC4,dend[746],0.7932887583667083
720575940617026260,408.304,240.028,162.36,408.224,239.988,162.36,LC4,dend[781],0.7001646787123308
720575940605598892,406.332,240.408,162.32,406.28,240.316,162.28,LC4,dend[782],0.9724169601340106
720575940613260959,423.72,233.68,151.04,423.6,233.724,151.04,LC4,dend[484],0.31904676506354035
720575940619397542,423.036,236.0,157.32,423.112,236.084,157.32,LC4,dend[521],0.786672805857736
720575940626916936,423.572,234.792,156.96,423.692,234.764,156.96,LC4,dend[518],0.9214978642764741
720575940628462340,428.252,232.28,155.44,428.308,232.164,155.48,LC4,dend[1195],0.9734780355188069
720575940617176321,410.988,244.496,157.72,410.896,244.404,157.72,LC4,dend[1000],0.11911649343561688
720575940622939836,430.144,232.38,155.72,430.068,232.28,155.72,LC4,dend[1113],0.017468780138751156
720575940612580977,403.808,240.56,162.24,403.744,240.44,162.24,LC4,dend[821],1.0
720575940618676440,431.74,233.72,146.48,431.784,233.62,146.48,LC4,dend[1155],0.11911463627506405
720575940618676440,429.544,234.484,151.64,429.64,234.448,151.64,LC4,dend[1183],0.4463598068860053
720575940620903551,423.256,243.676,153.04,423.168,243.776,153.04,LC4,dend[555],0.5189575461510588
720575940615575007,420.4,234.848,153.76,420.504,234.936,153.72,LC4,dend[480],0.6649966983820905
720575940624017251,428.952,239.616,153.04,428.856,239.672,153.08,LC4,dend[576],0.9252308906866187
720575940615462587,430.132,232.992,154.24,430.068,232.916,154.24,LC4,dend[1114],0.9381722559172558
720575940638456227,422.044,240.8,154.04,421.964,240.696,154.0,LC4,dend[570],1.0
720575940625038090,427.704,230.764,153.56,427.664,230.66,153.52,LC4,dend[1108],0.4259442114849803
720575940618676440,423.36,236.548,158.56,423.3,236.62,158.56,LC4,dend[522],0.9387674386494556
720575940620903551,419.912,233.712,151.16,420.06,233.74,151.16,LC4,dend[505],0.31372994890227757
720575940615575007,413.152,244.576,159.32,413.264,244.54,159.32,LC4,dend[975],0.9094729638035017
720575940610522009,431.244,233.032,151.0,431.296,232.952,150.96,LC4,dend[1149],0.3941945824418741
720575940631338271,432.752,232.048,150.96,432.6,231.988,150.96,LC4,dend[1120],0.36474058010685423
720575940630851036,413.272,246.74,152.12,413.348,246.632,152.12,LC4,dend[1011],0.8408012920288509
720575940630851036,413.664,246.82,151.52,413.692,246.716,151.48,LC4,dend[1012],0.4481128244003891
720575940614572742,396.636,241.376,166.84,396.628,241.48,166.88,LC4,dend[792],0.2477383674702059
720575940629753807,398.24,241.652,167.92,398.336,241.736,167.88,LC4,dend[815],0.3810185854733369
720575940614572742,422.448,231.452,157.6,422.316,231.412,157.6,LC4,dend[455],0.35852806840062146
720575940613260959,430.14,235.04,156.16,430.076,234.868,156.12,LC4,dend[1190],0.41814228899679146
720575940625991043,420.32,231.32,157.6,420.364,231.376,157.6,LC4,dend[457],0.49474285029705595
720575940611134833,427.404,235.948,156.16,427.444,235.852,156.16,LC4,dend[607],0.9720685926443684
720575940614572742,417.876,234.556,157.92,418.004,234.596,157.88,LC4,dend[464],0.20997180558280765
720575940612580977,424.16,237.2,155.64,424.12,237.272,155.68,LC4,dend[530],0.8348298102420758
720575940633580384,424.096,238.456,155.6,424.156,238.54,155.6,LC4,dend[572],0.2417322394279856
720575940638496720,412.464,233.8,157.4,412.392,233.764,157.44,LC4,dend[905],0.2789701089220288
720575940628081541,414.888,236.04,157.84,414.816,235.896,157.84,LC4,dend[911],0.6830375820906291
720575940638456227,424.768,239.08,156.84,424.868,239.068,156.84,LC4,dend[597],0.7505959705107403
720575940640612480,427.944,230.612,157.24,427.82,230.544,157.2,LC4,dend[1102],0.4520112275430206
720575940626916936,428.428,231.904,155.4,428.448,232.072,155.44,LC4,dend[1195],0.6924000877682908
720575940622939836,413.784,245.736,154.96,413.744,245.648,154.92,LC4,dend[1001],1.0
720575940625934973,432.14,232.112,153.92,432.08,232.176,153.92,LC4,dend[1192],1.0
720575940631338271,422.528,243.064,154.16,422.464,242.984,154.16,LC4,dend[554],0.502592778187219
720575940616713355,411.516,243.54,158.28,411.624,243.572,158.28,LC4,dend[999],0.6889634515373295
720575940618807105,400.932,241.52,162.44,400.816,241.404,162.48,LC4,dend[820],0.41168431513425796
720575940617026260,431.736,232.556,145.6,431.836,232.528,145.56,LC4,dend[1161],0.6010116183917701
720575940625991043,420.056,239.448,148.16,420.04,239.34,148.16,LC4,dend[493],1.0
720575940618676440,434.104,230.8,149.08,434.168,230.7,149.12,LC4,dend[1134],0.500852659631195
720575940620903551,431.624,231.928,147.92,431.512,231.94,147.92,LC4,dend[1153],0.30094864224137763
720575940617026260,408.4,239.884,161.56,408.288,239.86,161.56,LC4,dend[780],0.40960879442872733
720575940617026260,392.884,241.332,164.04,392.948,241.424,164.0,LC4,dend[802],0.9523470672716869
720575940618676440,410.332,243.904,160.84,410.432,243.824,160.88,LC4,dend[1023],0.9352581054751848
720575940615053580,413.74,246.348,152.16,413.676,246.46,152.16,LC4,dend[1015],0.10708754067326107
720575940611134833,424.036,236.1,157.28,423.968,236.184,157.24,LC4,dend[521],1.0
720575940611134833,421.784,232.496,157.36,421.752,232.372,157.4,LC4,dend[456],0.9367237359862418
720575940614914107,404.856,245.592,159.08,404.792,245.696,159.08,LC4,dend[867],0.5485480203560225
720575940613256863,411.48,243.304,158.44,411.592,243.388,158.4,LC4,dend[999],0.6144705694514577
720575940628462340,415.6,234.708,157.96,415.584,234.82,158.0,LC4,dend[918],0.453047295357187
720575940622939836,419.304,234.992,158.04,419.264,234.88,158.0,LC4,dend[463],0.19927753665553039
720575940619397542,419.572,235.836,158.72,419.568,235.724,158.8,LC4,dend[462],0.7600225514258211
720575940613256863,411.608,241.812,158.48,411.744,241.84,158.48,LC4,dend[1022],0.8831851378892197
720575940640612480,423.196,232.016,158.16,423.212,231.928,158.16,LC4,dend[453],0.6936231484134365
720575940613260959,423.82,230.528,159.52,423.952,230.564,159.52,LC4,dend[442],1.0
720575940614914107,420.688,231.792,158.08,420.684,231.808,158.0,LC4,dend[457],0.207790585668437
720575940638456227,402.832,242.608,163.04,402.848,242.728,163.04,LC4,dend[830],0.9015382899375513
720575940625934973,400.736,240.312,164.6,400.62,240.272,164.56,LC4,dend[787],0.8760564604266848
720575940649229433,409.192,235.344,164.2,409.184,235.232,164.2,LC4,dend[760],0.6854452034505125
720575940618676440,412.16,245.44,155.28,412.256,245.424,155.28,LC4,dend[1001],0.2482173192642529
720575940618676440,429.68,234.64,151.16,429.768,234.62,151.2,LC4,dend[1183],0.6275922327357895
720575940640612480,410.964,245.14,151.28,410.96,245.256,151.32,LC4,dend[1019],0.9513484686338171
720575940610522009,410.792,246.204,151.44,410.712,246.284,151.4,LC4,dend[1020],0.40158068102425876
720575940618676440,411.72,246.14,151.68,411.724,246.252,151.68,LC4,dend[1016],0.8411602393437868
720575940618676440,410.672,246.024,151.32,410.52,246.072,151.28,LC4,dend[1020],0.5744690942135247
720575940615127227,428.688,239.252,152.76,428.788,239.228,152.8,LC4,dend[588],0.42276496264096924
720575940640612480,423.464,237.748,151.36,423.44,237.856,151.36,LC4,dend[490],0.9775862612776142
720575940612518055,432.092,232.128,151.48,431.98,232.144,151.48,LC4,dend[1120],0.11602271172453574
720575940612518055,432.412,232.712,152.44,432.392,232.836,152.44,LC4,dend[1117],0.12150279834532288
720575940615575007,431.436,233.236,152.24,431.432,233.116,152.24,LC4,dend[1118],0.3811115223007262
720575940612518055,430.28,234.176,143.12,430.184,234.08,143.12,LC4,dend[1163],0.19284759909237884
720575940617176321,434.424,233.748,143.4,434.356,233.736,143.4,LC4,dend[1174],1.0
720575940618676440,431.896,232.984,143.44,431.792,232.96,143.44,LC4,dend[1162],0.8890495155981986
720575940630851036,412.312,246.616,152.36,412.232,246.64,152.36,LC4,dend[1010],0.9850049674324212
720575940618807105,396.596,241.792,166.4,396.556,241.696,166.4,LC4,dend[792],0.451612151983966
720575940617026260,425.352,234.832,154.24,425.448,234.832,154.32,LC4,dend[608],0.8961368925346306
720575940614572742,396.588,241.38,166.64,396.6,241.496,166.64,LC4,dend[792],0.3128122573817734
720575940628064260,433.756,234.892,139.44,433.808,234.996,139.44,LC4,dend[1173],0.33636277372935314
720575940628699560,422.288,238.132,155.52,422.288,238.008,155.52,LC4,dend[571],0.8632813358852719
720575940615127227,417.792,234.012,160.12,417.944,234.064,160.08,LC4,dend[931],0.9535340506582513
720575940614572742,420.248,238.988,148.36,420.052,238.952,148.36,LC4,dend[493],0.9293076839805267
720575940614572742,420.38,238.68,148.64,420.264,238.64,148.64,LC4,dend[493],0.7984301738108464
720575940614572742,420.152,239.028,148.68,420.044,238.916,148.64,LC4,dend[493],0.8913127655508714
720575940622108001,414.864,232.876,160.28,414.964,232.796,160.28,LC4,dend[882],0.18665739244824595
720575940614914107,413.624,232.356,160.36,413.548,232.44,160.4,LC4,dend[749],0.20259964194023686
720575940622939836,413.184,232.288,160.48,413.324,232.28,160.48,LC4,dend[749],0.22194256565358653
720575940628081541,416.436,232.6,161.52,416.344,232.688,161.48,LC4,dend[740],0.6041955292426706
720575940628081541,414.852,234.036,159.56,414.724,234.004,159.56,LC4,dend[884],0.7289724794234624
720575940628081541,404.288,242.712,159.36,404.368,242.744,159.32,LC4,dend[828],0.8416217886741106
720575940628081541,423.724,231.376,157.96,423.804,231.392,157.96,LC4,dend[452],0.779015536253108
720575940628081541,414.292,236.364,157.92,414.216,236.264,157.88,LC4,dend[912],0.1822904004300433
720575940628081541,421.2,237.604,149.44,421.172,237.592,149.36,LC4,dend[493],0.36569162370019875
720575940628699560,413.08,233.896,158.64,413.052,233.784,158.64,LC4,dend[904],0.03414169803452984
720575940638456227,413.848,236.764,157.52,413.916,236.704,157.56,LC4,dend[912],0.5242028209520196
720575940628699560,402.152,245.432,162.92,402.236,245.528,162.92,LC4,dend[833],1.0
720575940618807105,429.976,235.336,141.36,430.088,235.404,141.36,LC4,dend[1163],0.46256021455811525
720575940627519107,433.36,234.88,141.4,433.312,234.976,141.36,LC4,dend[1165],0.4676161555951002
720575940610522009,404.336,246.152,160.76,404.36,246.028,160.72,LC4,dend[853],0.8602817850388244
720575940631338271,423.696,238.924,155.88,423.788,238.888,155.88,LC4,dend[572],0.19152164368366922
720575940631338271,393.212,242.072,165.4,393.276,242.176,165.4,LC4,dend[797],0.09887964086656263
720575940631338271,400.016,240.892,163.64,399.972,240.76,163.6,LC4,dend[817],0.5194406623177543
720575940612518055,417.792,236.828,160.64,417.888,236.896,160.64,LC4,dend[948],0.7029693705379395
720575940612518055,430.248,234.088,143.24,430.136,234.052,143.28,LC4,dend[1163],0.18347115242176595
720575940628454522,426.44,231.004,154.6,426.504,230.948,154.6,LC4,dend[1107],0.939608545723179
720575940628454522,431.42,230.992,156.8,431.324,230.9,156.84,LC4,dend[1201],0.4271685111273857
720575940628454522,415.152,235.612,158.04,415.008,235.648,158.04,LC4,dend[909],0.7771824519109986
720575940638496720,404.88,245.996,161.0,404.828,245.864,160.96,LC4,dend[853],0.6791772759591415
720575940615127227,399.152,245.928,159.84,399.112,246.06,159.84,LC4,dend[835],0.4486150550370919
720575940630484495,410.812,243.52,160.68,410.736,243.436,160.72,LC4,dend[1023],0.7717478322241269
720575940615462587,404.06,242.656,160.2,404.128,242.524,160.2,LC4,dend[828],0.39785168348357786
720575940612518055,416.476,239.296,160.12,416.58,239.324,160.12,LC4,dend[1035],0.5215623053894243
720575940612580977,416.728,239.248,159.72,416.756,239.344,159.68,LC4,dend[1035],0.7154299968344858
720575940626916936,408.504,237.036,160.64,408.524,237.14,160.64,LC4,dend[869],0.23271975872409303
720575940638456227,407.408,239.732,159.88,407.408,239.648,159.88,LC4,dend[871],0.9941051338928703
720575940622939836,408.008,238.16,159.84,408.088,238.232,159.84,LC4,dend[869],0.6651409373065253
720575940614914107,415.592,232.392,159.88,415.5,232.32,159.88,LC4,dend[882],0.519216357479234
720575940628081541,414.852,233.884,159.6,414.72,233.8,159.68,LC4,dend[884],0.611759921690377
720575940622939836,418.328,233.016,161.08,418.252,233.12,161.08,LC4,dend[1037],0.917711038998127
720575940628081541,415.696,233.072,160.16,415.864,233.16,160.2,LC4,dend[883],0.9335317570946792
720575940613260959,412.284,234.704,161.28,412.136,234.576,161.28,LC4,dend[747],0.8753498276342537
720575940612518055,422.024,232.112,159.8,422.16,232.092,159.8,LC4,dend[613],0.5755928909917324
720575940627519107,424.952,231.528,159.68,424.92,231.428,159.68,LC4,dend[444],0.6727357656315187
720575940622108001,423.044,230.28,160.24,423.064,230.38,160.32,LC4,dend[614],0.8533268078681661
720575940622939836,421.652,232.148,160.52,421.76,232.12,160.44,LC4,dend[613],0.9910904359926026
720575940614914107,418.944,231.86,160.16,418.984,231.8,160.16,LC4,dend[1039],0.6353508864634057
720575940617266722,393.016,242.3,164.52,392.92,242.312,164.52,LC4,dend[802],0.30267033623621964
720575940619397542,412.348,233.848,158.36,412.456,233.832,158.36,LC4,dend[904],0.5302971332907723
720575940630998339,421.844,243.232,156.04,421.844,243.336,156.04,LC4,dend[542],0.09792948866407689
720575940617176321,412.04,245.232,154.8,411.952,245.216,154.84,LC4,dend[1002],0.07871718332566414
720575940610522009,411.552,245.62,154.76,411.672,245.632,154.72,LC4,dend[1002],0.2164325733291029
720575940626626895,422.432,242.992,154.64,422.336,243.04,154.6,LC4,dend[538],1.0
720575940610522009,425.368,240.284,155.16,425.304,240.184,155.16,LC4,dend[572],0.7991898301549427
720575940633580384,424.856,237.556,155.96,424.888,237.452,155.96,LC4,dend[603],0.28707100427320953
720575940629753807,425.524,237.432,156.2,425.548,237.552,156.2,LC4,dend[603],0.47891517115046117
720575940613260959,430.556,235.18,156.08,430.712,235.168,156.08,LC4,dend[1191],0.1817698470501553
720575940625991043,418.004,233.668,156.0,417.904,233.644,156.0,LC4,dend[464],0.945383469688121
720575940611134833,430.76,234.964,155.96,430.64,235.004,155.96,LC4,dend[1191],0.09688101360648671
720575940619397542,425.744,235.316,155.24,425.856,235.272,155.2,LC4,dend[606],0.9175573315551107
720575940618807105,428.504,231.228,155.0,428.592,231.344,155.0,LC4,dend[1194],1.0
720575940624017251,428.856,231.608,155.16,428.88,231.716,155.16,LC4,dend[1193],0.8617542095011874
720575940618002644,432.404,230.556,155.6,432.528,230.544,155.6,LC4,dend[1202],0.646895795854012
720575940628462340,427.136,230.772,154.68,427.06,230.652,154.68,LC4,dend[1107],0.40073024050331685
720575940628454522,426.616,231.008,155.68,426.764,230.984,155.68,LC4,dend[1105],0.6602354820170641
720575940622939836,434.556,229.54,155.88,434.456,229.44,155.88,LC4,dend[1204],0.42719937799699925
720575940625934973,428.404,230.14,155.48,428.316,230.1,155.52,LC4,dend[1103],0.9586906014165345
720575940630998339,431.5,233.584,149.96,431.396,233.504,149.92,LC4,dend[1150],1.0
720575940611134833,393.536,242.768,165.36,393.408,242.708,165.36,LC4,dend[798],0.07640449820662013
720575940626626895,395.904,242.376,166.2,395.992,242.284,166.16,LC4,dend[792],0.9998421698355996
720575940630851036,400.488,240.06,164.92,400.504,240.152,164.88,LC4,dend[789],0.29931916594841235
720575940630851036,400.532,240.02,165.12,400.548,240.096,165.16,LC4,dend[789],0.5322252364114367
720575940617266722,392.956,242.52,164.76,392.9,242.588,164.76,LC4,dend[800],1.0
720575940625038090,400.776,239.792,165.6,400.676,239.86,165.6,LC4,dend[789],0.9844149329658216
720575940625038090,400.668,239.784,165.72,400.568,239.824,165.72,LC4,dend[789],1.0
720575940615575007,394.456,241.22,166.12,394.544,241.164,166.08,LC4,dend[804],0.17195916184674317
720575940615575007,413.528,245.016,158.8,413.632,245.02,158.8,LC4,dend[976],0.415455118625411
720575940615575007,394.384,241.04,166.28,394.504,241.008,166.28,LC4,dend[804],0.24997830344448208
720575940626605200,399.176,241.024,164.44,399.18,240.92,164.44,LC4,dend[790],0.24670277280351405
720575940626605200,431.316,230.236,156.08,431.352,230.16,156.12,LC4,dend[1201],0.5276674265304944
720575940628064260,400.328,242.328,161.16,400.416,242.376,161.16,LC4,dend[820],0.8557705829150758
720575940628064260,430.192,232.504,154.36,430.216,232.64,154.32,LC4,dend[1114],0.7781943210905348
720575940628064260,415.948,236.084,160.28,415.912,236.18,160.28,LC4,dend[936],0.8667494664883336
720575940628064260,400.212,242.56,160.88,400.268,242.656,160.88,LC4,dend[820],0.9676168570794716
720575940628064260,412.8,241.856,158.48,412.764,241.98,158.48,LC4,dend[998],1.0
720575940615462587,430.14,235.232,141.64,430.112,235.244,141.56,LC4,dend[1163],0.4299202574143802
720575940615462587,432.024,232.208,153.76,432.024,232.272,153.84,LC4,dend[1192],0.9199919343749026
720575940615462587,426.916,240.232,154.68,426.932,240.368,154.68,LC4,dend[591],0.25050961148327106
720575940615462587,433.76,235.484,139.04,433.648,235.488,139.0,LC4,dend[1168],0.4010334411112289
720575940615462587,407.972,238.504,159.72,408.116,238.432,159.68,LC4,dend[869],0.7444985915950926
720575940614914107,419.704,239.324,147.76,419.764,239.28,147.68,LC4,dend[496],0.02944164802487464
720575940624111763,421.352,240.488,146.52,421.364,240.408,146.48,LC4,dend[498],0.2992664984287207
720575940622108001,419.928,240.48,146.52,420.092,240.488,146.52,LC4,dend[497],0.7268066393568873
720575940625991043,420.82,239.924,147.16,420.664,239.98,147.16,LC4,dend[496],0.6524238728247007
720575940627519107,434.244,234.9,139.52,434.184,234.984,139.52,LC4,dend[1173],0.952574528630452
720575940617176321,424.448,238.456,156.48,424.452,238.372,156.48,LC4,dend[597],0.3725641898015445
720575940628081541,419.316,239.18,148.36,419.392,239.232,148.36,LC4,dend[494],0.8537231359269537
720575940615053580,413.872,246.648,150.96,413.76,246.704,150.96,LC4,dend[1012],0.790338911221032
720575940617176321,397.968,242.6,167.88,397.956,242.496,167.88,LC4,dend[814],1.0
720575940630851036,417.0,239.568,159.08,416.992,239.472,159.08,LC4,dend[1035],0.9915260962190029
720575940626605200,408.912,239.04,158.08,408.8,238.924,158.08,LC4,dend[870],0.49911443352376167
720575940628699560,412.036,240.86,160.52,412.056,240.996,160.56,LC4,dend[1024],0.9548231376946694
720575940620795728,431.04,231.684,156.12,431.096,231.804,156.12,LC4,dend[1196],0.34044843755310916
720575940612580977,431.336,232.176,156.12,431.332,232.088,156.16,LC4,dend[1196],0.5020691867175995
720575940634517856,430.176,232.348,155.8,430.108,232.264,155.8,LC4,dend[1113],0.000181300348507349
720575940624111763,394.92,242.336,165.88,394.94,242.228,165.92,LC4,dend[795],0.2297810856483182
720575940628462340,429.736,238.492,140.92,429.628,238.568,140.92,LC4,dend[1163],0.9176366633330486
720575940630998339,421.872,243.084,156.64,421.86,243.184,156.64,LC4,dend[542],0.25697345458456633
720575940625991043,422.1,230.448,157.04,422.048,230.6,157.0,LC4,dend[455],0.7403484606413191
720575940618312606,410.388,234.544,159.88,410.424,234.656,159.88,LC4,dend[872],0.9162518378475041
720575940628462340,427.888,230.128,155.64,428.008,230.144,155.64,LC4,dend[1103],0.5543697910279194
720575940628462340,432.84,230.444,157.0,432.912,230.392,157.08,LC4,dend[1203],0.5948562012737498
720575940630998339,417.068,235.28,161.6,417.1,235.412,161.56,LC4,dend[934],0.4447394229715061
720575940626916936,414.952,243.628,160.0,414.892,243.732,160.0,LC4,dend[971],0.30594192034788636
720575940620903551,431.392,233.22,149.56,431.288,233.256,149.56,LC4,dend[1151],0.3849792922371548
720575940649229433,419.052,231.568,159.92,419.032,231.632,159.92,LC4,dend[1039],0.9224808703036121
720575940649229433,427.284,229.8,154.68,427.308,229.94,154.68,LC4,dend[1106],1.0
720575940634517856,420.336,236.304,154.68,420.3,236.16,154.64,LC4,dend[478],0.7189434601158796
720575940620795728,426.68,234.416,158.2,426.704,234.548,158.2,LC4,dend[526],0.9952257431026847
720575940620795728,432.748,230.656,155.64,432.672,230.572,155.64,LC4,dend[1202],0.6822208898199665
720575940618676440,423.328,236.54,157.24,423.368,236.428,157.2,LC4,dend[521],1.0
720575940626916936,410.064,235.392,160.56,410.164,235.376,160.56,LC4,dend[872],0.4055884735710012
720575940618676440,434.284,230.992,148.72,434.32,230.904,148.64,LC4,dend[1134],0.8527040342647445
720575940620795728,433.176,237.448,137.24,433.244,237.328,137.2,LC4,dend[1169],0.269271470809106
720575940620795728,433.416,236.968,136.24,433.364,236.992,136.28,LC4,dend[1169],0.34327305171016115
720575940615575007,417.104,239.144,160.52,417.256,239.168,160.56,LC4,dend[1035],0.12174617856959506
720575940633580384,424.42,238.384,155.4,424.432,238.496,155.4,LC4,dend[572],0.31435063725710666
720575940618723749,424.208,235.264,157.64,424.048,235.28,157.64,LC4,dend[517],0.8866526973995236
720575940640612480,419.608,234.6,157.56,419.704,234.584,157.56,LC4,dend[460],1.0
720575940619397542,415.108,235.968,157.64,415.088,235.84,157.68,LC4,dend[917],0.40391808864692225
720575940626626895,412.432,234.56,157.48,412.392,234.424,157.48,LC4,dend[905],1.0
720575940611134833,413.772,236.944,156.72,413.872,236.932,156.76,LC4,dend[912],0.955441941766328
720575940638456227,414.32,237.032,156.84,414.3,237.012,156.76,LC4,dend[913],0.33273347426979455
720575940625038090,414.896,237.632,156.92,414.872,237.52,156.88,LC4,dend[913],1.0
720575940638456227,413.892,236.748,157.32,413.9,236.64,157.32,LC4,dend[912],0.6126536882069006
720575940617266722,413.812,236.68,157.68,413.896,236.7,157.72,LC4,dend[912],0.45712291026004875
720575940628081541,409.22,239.32,157.32,409.156,239.34,157.32,LC4,dend[870],0.7959485285634901
720575940628462340,431.58,232.256,156.32,431.488,232.168,156.28,LC4,dend[1196],0.5990363747039207
720575940632769180,417.104,232.656,157.4,417.04,232.544,157.44,LC4,dend[902],0.49168057606298343
720575940630851036,416.856,232.68,157.52,416.924,232.576,157.56,LC4,dend[887],0.9528099497537572
720575940630998339,424.072,233.128,157.2,424.0,233.04,157.2,LC4,dend[612],0.778969757113699
720575940628081541,423.78,231.296,157.84,423.88,231.24,157.84,LC4,dend[452],0.8820708521091724
720575940620903551,421.052,233.356,157.76,420.96,233.244,157.72,LC4,dend[459],0.3212277412004319
720575940614572742,419.972,231.656,157.76,420.024,231.56,157.76,LC4,dend[457],0.5046452094458341
720575940614914107,412.864,231.048,156.88,412.788,231.152,156.84,LC4,dend[906],0.976222978777083
720575940614914107,429.816,230.144,156.36,429.86,230.26,156.32,LC4,dend[1110],0.6704651640699133
720575940628462340,432.704,230.408,156.92,432.628,230.284,156.92,LC4,dend[1203],0.3881639316359569
720575940614572742,429.996,229.864,157.48,429.896,229.8,157.48,LC4,dend[1110],0.3130860686702061
720575940640612480,415.128,229.412,156.36,415.22,229.432,156.36,LC4,dend[893],1.0
720575940626605200,426.052,228.488,156.96,426.024,228.356,156.96,LC4,dend[1225],0.9559203041792074
720575940610522009,428.072,238.396,155.8,428.176,238.42,155.8,LC4,dend[604],0.20560680773545945
720575940615575007,421.064,235.88,149.68,421.18,235.852,149.68,LC4,dend[492],0.5744553448443294
720575940630851036,432.692,233.896,154.2,432.812,233.816,154.16,LC4,dend[1186],0.28790981782754743
720575940628699560,421.608,240.228,154.16,421.496,240.276,154.16,LC4,dend[566],0.8346999009826309
720575940624111763,423.892,233.976,158.36,423.756,234.032,158.36,LC4,dend[512],0.7758546490944389
720575940624111763,424.104,234.172,158.76,424.096,234.3,158.76,LC4,dend[610],0.1911993975763829
720575940618723749,431.672,231.292,148.28,431.732,231.4,148.28,LC4,dend[1153],0.622222490250093
720575940628081541,415.352,233.3,158.8,415.292,233.2,158.76,LC4,dend[887],0.2340041121239299
720575940640612480,419.516,234.696,157.64,419.544,234.736,157.68,LC4,dend[461],0.2941068642140079
720575940626626895,432.928,233.768,152.32,432.96,233.644,152.32,LC4,dend[1117],0.4857430714061724
720575940605598892,404.456,240.368,163.28,404.384,240.3,163.32,LC4,dend[824],0.8051134132712707
720575940619397542,402.448,244.464,162.2,402.452,244.596,162.2,LC4,dend[833],0.1887453870393186
720575940612518055,416.856,237.144,161.28,416.836,237.208,161.32,LC4,dend[961],0.3141479020705109
720575940631338271,406.1,238.044,161.72,406.204,238.128,161.68,LC4,dend[785],0.3027689039074972
720575940630851036,424.728,231.2,159.6,424.696,231.288,159.56,LC4,dend[444],0.5483299733182057
720575940614914107,421.972,231.588,158.04,422.076,231.608,158.0,LC4,dend[455],0.18958857289592768
720575940632769180,428.068,230.108,158.08,428.144,229.968,158.12,LC4,dend[1101],1.0
720575940615575007,431.444,233.328,152.08,431.392,233.204,152.08,LC4,dend[1180],0.23554966088132828
720575940610522009,411.892,243.944,158.36,411.776,243.912,158.36,LC4,dend[999],0.7593667424376552
720575940622108001,424.688,229.984,159.8,424.624,230.06,159.76,LC4,dend[440],1.0
720575940622108001,421.976,230.552,159.8,421.928,230.68,159.8,LC4,dend[449],0.7688097671223726
720575940613260959,426.616,235.404,155.72,426.704,235.448,155.72,LC4,dend[607],0.4911155461724379
720575940625934973,413.936,237.368,155.52,414.028,237.392,155.52,LC4,dend[915],0.9739266370700548
720575940625038090,394.944,241.468,165.88,394.924,241.592,165.88,LC4,dend[794],1.0
720575940628462340,427.896,229.928,155.84,427.972,230.04,155.84,LC4,dend[1103],0.3630971253309051
720575940610522009,404.648,246.276,160.64,404.736,246.176,160.6,LC4,dend[854],0.6119059250166033
720575940618807105,408.98,238.956,157.84,408.908,238.936,157.88,LC4,dend[870],0.5785481870020404
720575940613256863,417.104,231.536,157.28,416.944,231.476,157.24,LC4,dend[889],0.16261253878908755
720575940649229433,417.048,231.54,157.0,416.968,231.476,157.0,LC4,dend[888],0.9370606589796328
720575940649229433,423.148,238.064,150.36,423.256,237.976,150.32,LC4,dend[490],0.5812186493844573
720575940649229433,418.524,231.472,160.24,418.476,231.344,160.24,LC4,dend[922],0.2598486906061773
720575940616713355,420.26,235.82,154.36,420.348,235.804,154.4,LC4,dend[478],0.45023483410784565
720575940611134833,431.204,235.664,152.08,431.12,235.604,152.12,LC4,dend[1184],0.5068676520560853
720575940611134833,404.6,245.568,160.48,404.552,245.708,160.44,LC4,dend[867],0.0674745887244157
720575940618807105,424.016,233.04,157.8,423.944,232.936,157.8,LC4,dend[612],0.4963959176319025
720575940611134833,404.868,245.56,159.32,404.784,245.664,159.32,LC4,dend[867],0.4609348567168151
720575940611134833,401.836,245.968,161.36,401.76,246.016,161.36,LC4,dend[834],0.3594134112673714
720575940618807105,432.888,230.192,155.76,432.82,230.288,155.76,LC4,dend[1202],0.7159055599537869
720575940618807105,432.788,234.828,139.52,432.796,234.936,139.52,LC4,dend[1166],0.42999162957666826
720575940618807105,404.608,242.42,159.88,404.552,242.52,159.88,LC4,dend[828],0.6390559215394906
720575940618807105,410.372,234.96,159.8,410.368,234.836,159.84,LC4,dend[872],0.8782662288626453
720575940618807105,403.992,242.148,160.44,403.944,242.252,160.48,LC4,dend[828],0.1853082297296747
720575940618807105,422.976,236.488,158.76,423.088,236.58,158.72,LC4,dend[523],0.7232975439407944
720575940638496720,429.984,233.8,142.68,429.992,233.936,142.64,LC4,dend[1163],0.2116404286631156
720575940618723749,400.7,247.168,157.16,400.632,247.264,157.2,LC4,dend[842],0.5243460222809264
720575940638496720,424.628,233.948,157.96,424.52,233.968,157.96,LC4,dend[611],0.9676119139809578
720575940618723749,400.86,247.292,157.48,400.808,247.392,157.48,LC4,dend[842],0.39105230041801514
720575940618723749,407.224,237.932,161.52,407.168,237.816,161.52,LC4,dend[785],0.08722339494850714
720575940618723749,435.152,232.304,151.28,435.0,232.3,151.28,LC4,dend[1147],1.0
720575940634517856,411.572,236.328,160.48,411.504,236.172,160.48,LC4,dend[876],0.8662947276638292
720575940615127227,399.42,245.936,159.56,399.42,246.056,159.52,LC4,dend[835],0.35133471959860263
720575940615127227,416.18,230.048,156.12,416.276,229.984,156.12,LC4,dend[892],0.7004629476208621
720575940629753807,431.912,232.24,151.16,431.888,232.156,151.16,LC4,dend[1120],0.1155849090729055
720575940627519107,409.148,238.5,162.56,409.04,238.432,162.56,LC4,dend[777],1.0
720575940620903551,418.932,234.404,154.4,419.104,234.404,154.36,LC4,dend[479],0.9714070193722275
720575940620903551,418.336,234.628,151.96,418.284,234.748,151.92,LC4,dend[505],0.994274125186105
720575940630484495,424.344,239.096,155.4,424.48,239.056,155.4,LC4,dend[572],0.41734192148614513
720575940617176321,398.66,242.748,167.56,398.736,242.704,167.52,LC4,dend[816],0.7840297660243158
720575940617176321,430.72,235.832,152.04,430.868,235.848,152.04,LC4,dend[1184],0.49554667047728224
720575940617176321,412.124,245.176,155.36,412.048,245.228,155.36,LC4,dend[1001],0.12730954949673312
720575940617176321,411.732,242.328,160.84,411.848,242.412,160.84,LC4,dend[968],0.3318388186269802
720575940617176321,425.34,239.652,155.32,425.288,239.728,155.28,LC4,dend[572],0.7047102968342616
720575940615575007,421.22,241.288,155.16,421.328,241.216,155.16,LC4,dend[537],0.35402293455424544
720575940615575007,418.092,236.848,160.48,418.072,236.72,160.44,LC4,dend[948],0.8893468771657982
720575940615575007,434.544,235.664,145.96,434.6,235.556,145.92,LC4,dend[1157],0.12249682352079178
720575940622531767,404.448,242.724,160.08,404.428,242.58,160.08,LC4,dend[828],0.5402892755398057
720575940615575007,413.116,243.72,160.2,413.196,243.592,160.2,LC4,dend[970],0.7016312275913831
720575940618723749,431.632,231.232,148.44,431.76,231.232,148.44,LC4,dend[1153],0.7346130959647055
720575940613260959,429.66,234.956,156.36,429.704,234.844,156.32,LC4,dend[1190],0.9298463796058273
720575940617266722,413.792,236.592,157.84,413.952,236.584,157.8,LC4,dend[912],0.3738032439453333
720575940611134833,413.92,236.544,157.12,413.904,236.66,157.12,LC4,dend[912],0.7056721594389418
720575940628462340,416.072,233.228,160.08,415.928,233.188,160.12,LC4,dend[883],1.0
720575940627519107,415.18,233.66,160.64,415.124,233.552,160.64,LC4,dend[881],0.6773106877969175
720575940638456227,412.328,234.096,160.6,412.4,234.032,160.52,LC4,dend[748],0.5522956240766647
720575940628081541,426.968,230.28,154.96,427.096,230.272,154.96,LC4,dend[1106],0.698980878046207
720575940612518055,420.064,233.584,160.08,419.976,233.504,160.04,LC4,dend[1038],0.733864631329154
720575940628081541,426.94,230.336,155.2,427.036,230.32,155.2,LC4,dend[1106],0.4414392083531128
720575940624111763,432.744,236.036,139.0,432.676,236.048,138.96,LC4,dend[1172],0.3171352917888173
720575940613260959,433.744,235.704,138.88,433.612,235.672,138.88,LC4,dend[1168],0.5675956888521692
720575940625991043,415.72,232.624,159.0,415.704,232.72,159.04,LC4,dend[887],0.37787458639557253
720575940628081541,415.628,233.008,159.0,415.644,232.888,159.0,LC4,dend[887],0.34019815099816497
720575940610522009,426.848,241.24,153.92,426.924,241.304,153.96,LC4,dend[595],0.29671944991871135
720575940633580384,403.792,244.348,160.72,403.756,244.428,160.72,LC4,dend[851],0.4145660716742176
720575940629753807,432.472,232.18,150.84,432.504,232.064,150.84,LC4,dend[1120],0.33093840275606945
720575940640747683,432.456,222.828,174.64,432.488,222.716,174.64,LC22,dend[2255],0.6828506625031604
720575940627015430,446.852,228.404,168.52,446.896,228.592,168.56,LC22,dend[2142],0.14194229051033233
720575940623828884,445.708,228.36,168.84,445.732,228.272,168.84,LC22,dend[2140],0.8803583177589722
720575940627419910,431.292,222.456,179.6,431.296,222.592,179.6,LC22,dend[1871],0.1708287651413465
720575940620132999,424.7,217.748,169.56,424.8,217.712,169.6,LC22,dend[2063],1.0
720575940613439230,424.152,219.584,179.68,424.16,219.48,179.68,LC22,dend[1912],0.33512983962942866
720575940626392593,438.84,223.632,176.4,438.776,223.472,176.36,LC22,dend[2175],1.0
720575940620020390,434.152,216.608,168.6,434.236,216.552,168.6,LC22,dend[2384],0.5855910892897538
720575940621951085,425.568,212.432,168.2,425.684,212.484,168.24,LC22,dend[2060],1.0
720575940626392593,438.688,221.648,177.88,438.768,221.736,177.88,LC22,dend[2170],0.9262390140706814
720575940626392593,431.964,223.648,179.6,431.96,223.508,179.6,LC22,dend[1871],0.5055238953572598
720575940613439230,434.98,216.872,167.68,434.936,216.812,167.72,LC22,dend[2381],0.24391103332405287
720575940611628145,434.072,223.612,176.64,433.972,223.516,176.64,LC22,dend[2258],0.8649004672002027
720575940611628145,434.028,223.776,176.64,433.896,223.732,176.68,LC22,dend[2258],0.9125448602506611
720575940626392593,438.388,221.852,177.04,438.408,221.832,176.96,LC22,dend[2163],0.7370868404436395
720575940640747683,440.06,223.144,176.84,440.112,223.06,176.8,LC22,dend[2166],0.15393079787781466
720575940623828884,439.2,223.656,177.88,439.088,223.692,177.84,LC22,dend[2176],1.0
720575940640747683,439.072,222.192,177.16,438.92,222.192,177.2,LC22,dend[2170],0.40653090775029194
720575940640747683,430.128,223.452,172.92,430.2,223.572,172.88,LC22,dend[2264],0.8990990900732331
720575940640747683,430.032,223.476,173.04,430.056,223.58,173.04,LC22,dend[2264],1.0
720575940640747683,431.14,223.068,172.92,431.164,223.216,172.92,LC22,dend[2262],0.8597990856358163
720575940628228251,429.776,223.22,173.92,429.744,223.324,173.92,LC22,dend[2274],0.7089389287694208
720575940628228251,439.88,223.888,178.68,440.012,223.856,178.68,LC22,dend[2189],1.0
720575940628228251,425.624,223.496,174.0,425.62,223.628,173.96,LC22,dend[2317],0.13417278834311952
720575940628228251,429.46,223.168,174.36,429.504,223.284,174.36,LC22,dend[2322],0.3291146458337097
720575940649953913,443.568,227.124,169.48,443.616,226.988,169.48,LC22,dend[2136],0.3762216327013984
720575940611628145,429.516,221.016,180.2,429.388,221.048,180.2,LC22,dend[1866],0.9056407301631104
720575940631806671,438.736,223.0,177.52,438.768,223.116,177.48,LC22,dend[2176],0.5193536701100745
720575940631806671,438.392,221.3,178.64,438.272,221.324,178.68,LC22,dend[2174],0.5560030860020998
720575940631806671,428.184,219.912,181.12,428.072,219.824,181.12,LC22,dend[1888],0.8568191253045985
720575940631806671,448.384,227.484,173.16,448.424,227.36,173.16,LC22,dend[2212],0.6770549562754418
720575940631806671,448.064,227.528,173.52,448.08,227.352,173.44,LC22,dend[2212],0.44466049795954954
720575940631806671,447.568,227.256,173.56,447.648,227.2,173.56,LC22,dend[2212],0.19312993657196828
720575940631806671,428.212,218.424,180.76,428.156,218.284,180.72,LC22,dend[1892],0.941166410862761
720575940631806671,432.32,222.1,176.6,432.44,222.124,176.64,LC22,dend[2257],0.987396210292058
720575940631806671,438.42,221.352,178.48,438.328,221.412,178.44,LC22,dend[2174],0.44000309468455373
720575940623567459,420.82,215.168,178.48,420.74,215.068,178.44,LC22,dend[1970],0.37171826983896117
720575940623828884,429.112,224.688,175.12,429.072,224.576,175.16,LC22,dend[2279],0.046835466286540485
720575940623828884,444.688,228.316,169.52,444.68,228.164,169.52,LC22,dend[2137],0.786286688831684
720575940647068451,430.324,224.696,172.92,430.436,224.652,172.92,LC22,dend[2271],0.9622411882972786
720575940627419910,430.372,221.696,179.96,430.416,221.564,179.96,LC22,dend[1869],0.41974664153178726
720575940623828884,429.248,224.728,175.44,429.168,224.632,175.48,LC22,dend[2279],0.255084015036131
720575940623828884,428.904,224.964,175.72,428.864,224.844,175.72,LC22,dend[2279],0.7232913719824798
720575940631806671,438.752,223.032,177.16,438.824,223.1,177.16,LC22,dend[2176],0.35888921498643683
720575940626392593,438.32,222.096,177.12,438.38,222.176,177.12,LC22,dend[2164],0.48005391464836433
720575940626392593,438.584,221.64,178.0,438.656,221.72,178.0,LC22,dend[2174],0.10794711544695053
720575940623828884,439.176,223.744,178.0,439.096,223.852,178.0,LC22,dend[2176],1.0
720575940631806671,439.036,221.824,178.0,439.024,221.7,177.96,LC22,dend[2170],0.9877834454816877
720575940623828884,427.448,225.06,175.56,427.344,225.116,175.56,LC22,dend[2283],0.46765177464611185
720575940623828884,440.872,226.208,172.12,440.804,226.084,172.12,LC22,dend[2145],0.8398162657434992
720575940623828884,428.456,224.848,175.72,428.608,224.876,175.76,LC22,dend[2279],0.8747865918451081
720575940623828884,445.12,228.016,169.48,444.992,227.948,169.48,LC22,dend[2136],0.9503455799567805
720575940623828884,428.468,224.568,175.36,428.448,224.456,175.4,LC22,dend[2278],0.7823909947508298
720575940616180881,432.752,222.616,175.56,432.716,222.704,175.56,LC22,dend[2256],0.935857883718874
720575940610171234,425.088,212.128,169.36,425.16,212.032,169.36,LC22,dend[2054],0.23790767907928756
720575940627419910,432.064,221.464,179.68,432.064,221.568,179.68,LC22,dend[1872],1.0
720575940611628145,425.384,225.024,175.08,425.448,225.144,175.04,LC22,dend[2290],0.09889750433364575
720575940611628145,444.964,227.74,175.68,444.864,227.792,175.68,LC22,dend[2214],0.7911193088428659
720575940611628145,445.412,227.2,174.32,445.288,227.196,174.32,LC22,dend[2213],0.5472582314708074
720575940611628145,429.84,221.416,180.28,429.792,221.512,180.24,LC22,dend[1867],0.9123415802214967
720575940604268972,452.464,229.232,166.12,452.372,229.248,166.08,LC22,dend[2142],0.8946626180684456
720575940611628145,425.696,224.268,174.52,425.756,224.384,174.52,LC22,dend[2289],0.38758503429284835
720575940611628145,428.976,224.04,174.36,428.8,223.988,174.32,LC22,dend[2276],0.9795842728009164
720575940611628145,426.136,224.184,174.44,426.212,224.272,174.44,LC22,dend[2289],0.19771693967996226
720575940640747683,439.704,222.292,177.84,439.816,222.316,177.84,LC22,dend[2167],0.9776270452375652
720575940640747683,430.572,223.24,173.32,430.596,223.344,173.28,LC22,dend[2264],0.41388795589052507
720575940640747683,430.8,222.76,173.0,430.84,222.608,173.04,LC22,dend[2263],0.48056843229367335
720575940623828884,446.968,229.028,168.52,447.036,228.912,168.56,LC22,dend[2142],0.1618320951562796
720575940647068451,431.96,224.324,179.12,431.948,224.208,179.08,LC22,dend[1871],0.726741422511932
720575940626392593,424.828,220.972,179.28,424.812,220.86,179.28,LC22,dend[1911],0.7604811566766334
720575940623828884,439.14,223.784,178.16,439.088,223.908,178.16,LC22,dend[2177],0.24079442578385893
720575940613439230,423.84,219.94,179.4,423.832,219.904,179.36,LC22,dend[1910],0.4608122229923972
720575940615071675,440.7,220.736,178.72,440.576,220.744,178.72,LC22,dend[2173],0.80299009457158
720575940611201998,432.824,224.996,179.2,432.772,224.872,179.2,LC22,dend[1871],1.0
720575940635437966,430.408,224.764,173.44,430.356,224.64,173.44,LC22,dend[2273],1.0
720575940640747683,426.328,223.92,173.28,426.32,224.032,173.28,LC22,dend[2320],0.42120743584448833
720575940611628145,445.708,227.008,174.32,445.748,226.892,174.32,LC22,dend[2210],0.266827828589715
720575940626392593,444.696,227.244,174.52,444.844,227.232,174.52,LC22,dend[2213],0.3406986212864053
720575940626392593,444.84,227.112,174.56,444.976,227.144,174.56,LC22,dend[2213],0.26318612905711064
720575940623706365,429.96,223.728,172.32,430.08,223.736,172.32,LC22,dend[2266],0.8731966069416383
720575940628228251,437.48,223.024,179.2,437.48,223.192,179.2,LC22,dend[2178],1.0
720575940628228251,425.268,223.436,173.88,425.308,223.532,173.84,LC22,dend[2317],0.2627615158314295
720575940628228251,429.48,223.136,174.52,429.588,223.196,174.52,LC22,dend[2322],0.45111141247796027
720575940628228251,426.544,223.96,174.16,426.536,224.112,174.16,LC22,dend[2288],0.7375806399708901
720575940620020390,434.216,217.116,167.96,434.316,217.188,167.92,LC22,dend[2382],0.470686850640317
720575940626170426,435.764,224.012,179.72,435.872,223.936,179.72,LC22,dend[2179],0.46372053075926467
720575940604268972,440.2,223.712,176.44,440.304,223.744,176.48,LC22,dend[2166],0.5341855891539381
720575940627419910,439.74,224.28,176.88,439.664,224.18,176.88,LC22,dend[2190],1.0
720575940610171234,434.792,219.908,165.6,434.68,219.892,165.6,LC22,dend[2416],0.9871942493537427
720575940627419910,447.48,226.768,173.36,447.472,226.628,173.36,LC22,dend[2211],0.8540171139661622
720575940627419910,439.548,226.56,172.64,439.592,226.456,172.64,LC22,dend[2126],0.932120982706462
720575940604268972,430.176,220.104,181.64,430.276,220.072,181.6,LC22,dend[1885],0.45936514634952247
720575940604268972,428.824,219.456,180.6,428.796,219.312,180.6,LC22,dend[1888],0.31122835190655923
720575940620132999,426.284,205.52,170.16,426.352,205.58,170.16,LC22,dend[1788],0.9056199545552053
720575940623434060,440.86,226.548,170.92,440.8,226.436,170.88,LC22,dend[2130],0.9891695713086228
720575940628228251,428.052,217.928,180.36,428.016,218.056,180.36,LC22,dend[1889],0.7507094565498197
720575940611201998,429.884,224.056,172.48,429.792,223.968,172.48,LC22,dend[2270],0.21806752698507106
720575940620877147,440.104,224.276,178.48,439.988,224.176,178.56,LC22,dend[2189],0.8852369829464413
720575940623828884,432.232,222.412,175.92,432.344,222.396,175.92,LC22,dend[2257],0.3626529455396854
720575940623828884,432.144,222.224,176.08,432.26,222.248,176.08,LC22,dend[2257],0.5515611984397257
720575940604268972,431.288,222.0,175.4,431.356,222.088,175.44,LC22,dend[2261],0.773483809278868
720575940627419910,425.98,225.456,174.72,425.952,225.492,174.76,LC22,dend[2315],0.18742965649553248
720575940627419910,426.184,225.1,174.52,426.136,224.98,174.52,LC22,dend[2289],0.5621818609096091
720575940627419910,444.112,226.788,169.6,444.12,226.9,169.6,LC22,dend[2136],0.4965138064056991
720575940627419910,426.408,225.148,174.64,426.404,225.044,174.64,LC22,dend[2289],0.5680961481884266
720575940627419910,425.78,225.064,174.72,425.836,224.976,174.72,LC22,dend[2289],0.7045590980193016
720575940611201998,427.236,218.56,180.2,427.344,218.6,180.2,LC22,dend[1890],0.6630107243410606
720575940611201998,427.512,217.944,180.2,427.688,217.956,180.16,LC22,dend[1889],1.0
720575940611201998,432.328,225.012,179.24,432.368,224.896,179.2,LC22,dend[1871],0.9605532111251155
720575940647068451,430.764,223.644,173.04,430.72,223.508,173.0,LC22,dend[2264],0.4024092639910804
720575940621159302,427.348,214.232,172.44,428.024,214.288,172.52,LC22,dend[1994],1.0
720575940627419910,441.528,227.544,171.6,441.404,227.428,171.56,LC22,dend[2133],0.9860145086481391
720575940623828884,440.96,227.0,171.8,440.92,227.024,171.72,LC22,dend[2131],0.9201912296530673
720575940647068451,430.58,223.92,172.92,430.432,223.928,172.88,LC22,dend[2265],0.20280094414794533
720575940635437966,439.592,226.28,172.92,439.552,226.34,172.84,LC22,dend[2126],1.0
720575940623828884,430.912,221.712,180.48,430.92,221.8,180.48,LC22,dend[1873],0.15022082614771406
720575940635437966,431.096,220.316,181.12,431.144,220.396,181.16,LC22,dend[1887],0.9405625055725257
720575940640747683,428.776,218.996,180.76,428.892,219.048,180.72,LC22,dend[1888],0.22151837752132467
720575940647068451,428.144,219.74,180.72,428.264,219.728,180.72,LC22,dend[1888],0.6763783099760103
720575940613439230,424.216,219.56,179.96,424.172,219.408,179.92,LC22,dend[1912],0.6443506492704992
720575940631806671,432.184,222.14,176.44,432.324,222.12,176.4,LC22,dend[2257],0.8301137336868984
720575940635437966,427.456,219.62,176.16,427.332,219.496,176.16,LC22,dend[1903],0.9762151882953224
720575940640747683,444.556,227.688,175.6,444.664,227.648,175.64,LC22,dend[2214],0.7540998137256749
720575940615071675,429.088,224.356,175.32,429.072,224.528,175.32,LC22,dend[2279],0.07548675761310696
720575940611628145,440.448,224.44,175.88,440.528,224.424,175.88,LC22,dend[2166],0.9951759029269305
720575940635437966,445.244,227.008,175.0,445.148,226.948,175.0,LC22,dend[2209],0.9857213961168776
720575940620877147,428.288,224.384,175.04,428.408,224.388,175.08,LC22,dend[2278],0.4953609427390614
720575940623434060,440.444,227.152,171.68,440.472,227.288,171.68,LC22,dend[2132],0.42103948401252933
720575940628228251,426.424,223.984,174.0,426.32,224.048,174.0,LC22,dend[2288],1.0
720575940623828884,445.808,228.188,169.44,445.9,228.164,169.44,LC22,dend[2141],0.18191605725403917
720575940627419910,426.208,225.148,174.68,426.18,225.008,174.64,LC22,dend[2289],0.6065964055235389
720575940640747683,440.808,225.952,172.36,440.768,226.152,172.36,LC22,dend[2145],1.0
720575940623828884,441.064,226.048,172.04,440.968,225.928,172.04,LC22,dend[2145],0.7292759295234281
720575940635437966,439.192,223.216,176.28,439.084,223.26,176.28,LC22,dend[2175],0.7689224802542773
720575940647068451,444.112,220.572,175.92,443.98,220.592,175.88,LC22,dend[2200],0.8346788185246861
720575940620877147,428.288,224.312,175.2,428.392,224.36,175.16,LC22,dend[2278],0.6057761506287027
720575940611628145,445.028,227.348,175.36,444.852,227.264,175.36,LC22,dend[2214],0.47346524066244705
720575940647068451,436.688,223.192,179.44,436.808,223.268,179.4,LC22,dend[2179],0.17075565340414234
720575940635679327,423.1,211.852,178.4,422.996,211.872,178.36,LC22,dend[1964],0.9390371501442834
720575940627015430,439.796,225.888,172.28,439.732,225.968,172.28,LC22,dend[2126],0.5319469691507763
720575940627015430,433.4,222.768,176.24,433.44,222.896,176.24,LC22,dend[2258],0.44491545031035773
720575940627015430,439.76,222.128,178.52,439.656,222.052,178.52,LC22,dend[2169],0.4280544642458684
720575940627015430,448.948,228.82,168.36,448.776,228.784,168.36,LC22,dend[2142],0.364769899262303
720575940623567459,443.288,210.524,162.2,443.192,210.564,162.16,LC22,dend[106],0.5002972621951746
720575940604268972,431.424,221.912,175.28,431.592,222.016,175.32,LC22,dend[2261],0.32882143572041483
720575940611201998,430.12,223.928,172.76,430.18,223.816,172.8,LC22,dend[2265],0.2951468301618661
720575940623828884,432.144,222.096,176.2,432.272,222.12,176.24,LC22,dend[2257],0.7213808333959881
720575940627015430,432.9,222.9,175.48,432.832,222.808,175.48,LC22,dend[2256],0.9312821287234814
720575940647068451,432.296,224.556,179.24,432.412,224.608,179.28,LC22,dend[1871],0.8828756780320317
720575940611628145,429.568,223.968,174.36,429.56,223.824,174.36,LC22,dend[2274],0.9921031324233359
720575940627015430,430.224,223.656,173.6,430.152,223.528,173.6,LC22,dend[2274],0.3529765607497167
720575940627015430,430.752,223.724,173.44,430.844,223.648,173.48,LC22,dend[2264],0.43951867927166977
720575940628228251,437.648,223.12,179.6,437.66,223.2,179.64,LC22,dend[2180],0.7636120837531868
720575940627015430,439.744,222.216,178.32,439.668,222.136,178.32,LC22,dend[2169],0.30829175859982394
720575940635437966,440.232,221.448,178.28,440.24,221.344,178.28,LC22,dend[2171],0.9607746333463092
720575940646708788,425.008,225.428,164.24,424.968,225.476,164.28,LPLC1,dend[1237],0.9911841870342442
720575940634361336,411.52,228.284,168.16,411.428,228.16,168.16,LPLC1,dend[704],0.6994977335011231
720575940621403887,424.628,223.264,162.48,424.52,223.204,162.48,LPLC1,dend[1235],0.6296545049350994
720575940646708788,436.72,214.76,159.8,436.74,214.896,159.8,LPLC1,dend[234],0.8609694010891854
720575940625175068,404.244,221.584,168.12,404.144,221.632,168.04,LPLC1,dend[1610],0.28257332013968023
720575940616881821,403.856,221.84,168.48,403.968,221.88,168.52,LPLC1,dend[1610],0.41359917530704404
720575940629778587,397.808,221.464,168.68,397.792,221.548,168.72,LPLC1,dend[1622],0.48496820403137636
720575940632086573,399.38,222.08,168.76,399.484,222.028,168.76,LPLC1,dend[1631],1.0
720575940632086573,397.432,221.576,168.88,397.464,221.58,168.8,LPLC1,dend[1622],0.6233173896373481
720575940630420281,399.532,221.684,169.0,399.452,221.568,169.0,LPLC1,dend[1620],0.6934539444196751
720575940608422958,398.236,221.584,169.6,398.22,221.576,169.52,LPLC1,dend[1621],0.8142496700444539
720575940625175068,400.124,220.824,168.6,399.976,220.928,168.56,LPLC1,dend[1619],0.27277463571163807
720575940622932297,439.684,217.56,158.8,439.604,217.504,158.76,LPLC1,dend[2434],1.0
720575940625175068,404.432,220.848,168.28,404.42,220.74,168.32,LPLC1,dend[1632],0.825448634358184
720575940640642723,428.636,212.848,159.96,428.688,212.968,159.92,LPLC1,dend[1353],0.9706994036832195
720575940619720129,428.6,227.712,158.64,428.704,227.68,158.6,LPLC1,dend[1097],0.3372925999688545
720575940619720129,420.424,226.516,165.96,420.464,226.516,165.88,LPLC1,dend[429],0.6317383610022455
720575940632086573,402.812,229.472,168.48,402.964,229.448,168.48,LPLC1,dend[1508],0.7765215638102617
720575940608422958,412.416,229.26,168.4,412.524,229.252,168.4,LPLC1,dend[694],0.22830702189881177
720575940630420281,401.536,226.98,168.56,401.536,227.108,168.56,LPLC1,dend[1504],0.09943555194498986
720575940646708788,402.86,227.032,169.24,402.948,227.016,169.28,LPLC1,dend[1509],1.0
720575940610902442,404.86,225.832,168.4,404.912,225.936,168.4,LPLC1,dend[1497],0.04219154500515265
720575940616298816,404.22,226.388,169.48,404.16,226.352,169.48,LPLC1,dend[1511],0.5752370021206348
720575940614354326,415.492,226.904,168.4,415.512,227.004,168.4,LPLC1,dend[723],0.9745944155134562
720575940625369884,411.036,226.24,169.24,410.924,226.328,169.2,LPLC1,dend[705],0.8212818011842934
720575940614089197,429.44,217.848,162.2,429.332,217.784,162.16,LPLC1,dend[1259],1.0
720575940624305737,392.928,221.616,169.56,392.956,221.5,169.56,LPLC1,dend[1627],0.5074326600513427
720575940627806992,417.252,221.368,166.64,417.252,221.488,166.64,LPLC1,dend[1668],0.042005073548407205
720575940614362380,417.808,223.768,167.16,417.844,223.684,167.16,LPLC1,dend[1668],0.8289086532621429
720575940632086573,398.52,223.744,166.44,398.576,223.66,166.48,LPLC1,dend[1616],0.9833777227429011
720575940634361336,406.892,223.0,166.64,407.0,222.944,166.6,LPLC1,dend[1487],0.5973224303004846
720575940629661381,408.96,222.324,166.92,408.92,222.276,166.88,LPLC1,dend[1515],0.4058726100270125
720575940616298816,407.464,223.0,167.32,407.556,222.988,167.28,LPLC1,dend[1486],0.8926466214760339
720575940632946477,399.6,223.048,167.16,399.528,222.944,167.16,LPLC1,dend[1616],0.19286301178171003
720575940621110464,400.024,223.056,167.6,399.896,223.116,167.52,LPLC1,dend[1615],1.0
720575940619695494,399.88,222.472,167.44,399.816,222.568,167.48,LPLC1,dend[1615],0.8213109174390516
720575940632946477,399.464,222.776,167.56,399.592,222.684,167.6,LPLC1,dend[1615],0.8884043315790677
720575940628716294,410.16,222.296,166.6,410.228,222.228,166.6,LPLC1,dend[1541],0.9794221527218733
720575940630420281,409.988,221.512,166.48,409.984,221.568,166.4,LPLC1,dend[1541],0.6156921294497987
720575940634361336,405.232,220.272,167.64,405.228,220.176,167.6,LPLC1,dend[1605],0.807590351263159
720575940630420281,402.588,220.944,167.88,402.588,220.82,167.92,LPLC1,dend[1614],0.4231230067882881
720575940636703977,445.288,213.192,156.16,445.208,213.304,156.12,LPLC1,dend[88],0.7643708069754681
720575940625175068,403.768,228.78,166.76,403.664,228.84,166.72,LPLC1,dend[1502],0.6711330703876833
720575940626667270,403.408,228.4,167.56,403.312,228.344,167.56,LPLC1,dend[1502],0.3137228649767285
720575940625175068,403.044,228.624,167.88,402.984,228.536,167.88,LPLC1,dend[1502],0.21668241045547743
720575940625369884,413.516,230.016,166.88,413.452,230.116,166.88,LPLC1,dend[687],0.8077314092730449
720575940632946477,414.98,227.272,166.88,414.912,227.324,166.88,LPLC1,dend[730],0.22020678220012824
720575940608422958,412.684,229.652,167.68,412.796,229.576,167.72,LPLC1,dend[691],0.18145833288077964
720575940640792973,410.44,229.52,166.72,410.46,229.428,166.72,LPLC1,dend[693],0.9755459012993569
720575940629661381,416.2,226.776,166.88,416.204,226.728,166.8,LPLC1,dend[726],0.9519548445408883
720575940625175068,415.736,227.144,167.16,415.716,227.032,167.16,LPLC1,dend[725],0.47668547608591155
720575940622670845,414.736,227.084,166.6,414.652,227.088,166.6,LPLC1,dend[730],0.4042465888800361
720575940624305737,402.236,226.7,167.72,402.12,226.72,167.72,LPLC1,dend[1507],0.32226189923689486
720575940625031426,411.16,226.188,166.92,411.256,226.252,166.88,LPLC1,dend[707],0.9745090100801936
720575940629047340,402.464,224.852,167.12,402.416,224.96,167.12,LPLC1,dend[1507],1.0
720575940614362380,412.044,226.556,166.88,412.088,226.656,166.88,LPLC1,dend[710],0.1572726825292038
720575940613672931,416.592,229.604,161.92,416.696,229.636,161.92,LPLC1,dend[920],0.9387003789387438
720575940613672931,415.12,229.08,163.36,415.172,228.996,163.36,LPLC1,dend[654],0.7231849413543565
720575940616201695,416.784,230.044,161.44,416.86,230.168,161.48,LPLC1,dend[920],0.690539956490138
720575940616201695,435.972,219.9,158.64,436.036,219.856,158.68,LPLC1,dend[2423],0.5842243468269164
720575940645134359,414.552,231.104,165.2,414.544,230.992,165.16,LPLC1,dend[663],0.2057291180040874
720575940645134359,402.048,226.664,167.84,401.948,226.712,167.8,LPLC1,dend[1507],0.2993106480012892
720575940614354326,417.184,222.532,161.64,417.188,222.664,161.6,LPLC1,dend[1641],0.5476208199330584
720575940621110464,424.74,223.024,162.52,424.624,222.944,162.52,LPLC1,dend[1235],0.8896050685483167
720575940625175068,416.312,222.192,162.2,416.356,222.32,162.16,LPLC1,dend[1641],0.11187435291126549
720575940626667270,403.168,222.16,161.84,403.096,222.044,161.84,LPLC1,dend[1534],0.6461196557312076
720575940626865148,420.096,221.0,161.44,420.2,221.036,161.44,LPLC1,dend[1445],0.8399003202246298
720575940632481849,400.876,222.02,162.16,400.848,221.912,162.2,LPLC1,dend[1536],0.705101646353309
720575940629047340,399.904,222.072,161.72,399.992,222.112,161.72,LPLC1,dend[1536],1.0
720575940639172816,400.492,221.8,162.16,400.56,221.892,162.16,LPLC1,dend[1536],0.7879807940471976
720575940622932297,400.696,222.14,162.68,400.84,222.188,162.68,LPLC1,dend[1536],0.6361409569120268
720575940632086573,409.524,223.308,162.96,409.416,223.408,162.96,LPLC1,dend[1524],0.7218762389643034
720575940625031426,417.816,229.236,159.88,417.868,229.172,159.92,LPLC1,dend[923],0.36544816301862343
720575940625031426,431.576,222.144,159.84,431.656,222.192,159.84,LPLC1,dend[302],0.9374932341671633
720575940625031426,432.648,221.472,159.64,432.656,221.624,159.68,LPLC1,dend[299],0.619714074364632
720575940625031426,429.336,222.82,160.48,429.312,222.76,160.48,LPLC1,dend[315],0.9764961773712306
720575940629661381,430.432,221.896,161.6,430.432,222.012,161.6,LPLC1,dend[304],0.878004955274416
720575940625031426,407.864,222.364,163.52,407.796,222.312,163.48,LPLC1,dend[1521],0.8653504575036629
720575940622670845,429.088,217.664,162.44,429.056,217.512,162.48,LPLC1,dend[1259],0.6717242021705134
720575940629047340,424.608,219.256,161.52,424.604,219.208,161.44,LPLC1,dend[1697],0.5651327454915452
720575940626667270,422.584,218.88,161.32,422.608,219.024,161.32,LPLC1,dend[1695],0.9259322694828576
720575940645750324,424.228,219.984,162.24,424.124,219.988,162.28,LPLC1,dend[1705],0.8720263440917291
720575940625031426,423.108,218.06,162.76,423.128,218.176,162.76,LPLC1,dend[1691],0.858778035999762
720575940639172816,424.144,219.272,161.56,424.104,219.2,161.52,LPLC1,dend[1696],0.6266527017982523
720575940630420281,424.336,220.092,162.84,424.336,220.188,162.8,LPLC1,dend[1706],0.9529704796746408
720575940629047340,422.204,219.6,162.96,422.256,219.496,162.96,LPLC1,dend[1704],0.7734956615014525
720575940626721881,426.344,218.728,162.76,426.396,218.636,162.76,LPLC1,dend[1408],1.0
720575940625031426,420.764,219.992,162.36,420.816,220.048,162.36,LPLC1,dend[1443],0.11259048543892593
720575940634361336,421.032,219.088,162.28,421.148,219.132,162.28,LPLC1,dend[1437],0.7332971945937927
720575940625369884,420.18,218.936,162.92,420.224,219.028,162.96,LPLC1,dend[1446],0.5113346254939083
720575940613672931,415.592,229.784,162.48,415.664,229.896,162.52,LPLC1,dend[647],0.9800776589924011
720575940636703977,429.316,216.152,161.56,429.352,216.264,161.6,LPLC1,dend[1250],1.0
720575940625031426,431.888,215.54,161.8,431.944,215.64,161.8,LPLC1,dend[286],0.13349313687214898
720575940646708788,428.512,214.312,161.96,428.524,214.232,161.96,LPLC1,dend[1262],0.9314096141949274
720575940615999547,424.044,216.856,163.0,424.052,216.7,162.96,LPLC1,dend[1709],0.7483033902194705
720575940613672931,416.632,229.776,161.72,416.728,229.836,161.76,LPLC1,dend[920],0.8467670432165315
720575940645134359,421.284,227.924,161.52,421.188,227.928,161.52,LPLC1,dend[1077],0.5950262149332216
720575940628716294,420.616,228.696,162.28,420.584,228.672,162.2,LPLC1,dend[1042],0.2056648077595373
720575940627555197,421.32,228.6,161.6,421.224,228.564,161.64,LPLC1,dend[1076],0.5551338901041005
720575940622694217,415.356,228.78,162.92,415.268,228.708,162.88,LPLC1,dend[660],0.06324910499503529
720575940625175068,414.284,227.608,161.96,414.184,227.668,161.92,LPLC1,dend[660],0.5193007784491622
720575940612570481,414.012,228.128,162.48,414.112,228.08,162.48,LPLC1,dend[660],0.40352844676868826
720575940630420281,428.372,213.292,161.56,428.308,213.28,161.56,LPLC1,dend[1263],0.905710743048148
720575940630420281,428.264,213.484,161.32,428.152,213.432,161.32,LPLC1,dend[1273],0.37846810378668366
720575940627806992,428.548,213.896,161.88,428.424,213.864,161.88,LPLC1,dend[1263],0.1989920128464586
720575940629778587,423.524,224.624,161.32,423.64,224.68,161.32,LPLC1,dend[1086],0.38068060445306706
720575940629778587,397.668,221.504,168.44,397.536,221.544,168.44,LPLC1,dend[1622],0.8640778627139347
720575940635631211,423.708,226.916,162.16,423.8,226.924,162.16,LPLC1,dend[433],0.9774589635832253
720575940616298816,425.136,225.704,162.08,425.04,225.812,162.0,LPLC1,dend[375],0.3142032260416724
720575940629778587,422.292,217.808,160.76,422.324,217.852,160.72,LPLC1,dend[1454],0.9079794219399733
720575940636703977,424.988,224.784,162.68,425.02,224.672,162.68,LPLC1,dend[1230],0.8900782239998014
720575940636703977,425.116,224.864,162.76,425.264,224.848,162.72,LPLC1,dend[1230],0.7668757313906305
720575940636703977,425.04,224.856,162.2,424.916,224.816,162.2,LPLC1,dend[1236],0.6968840456928534
720575940644971299,419.452,224.868,161.64,419.488,224.944,161.64,LPLC1,dend[1048],0.9008642994950579
720575940628716294,408.816,224.008,162.96,408.928,224.04,162.92,LPLC1,dend[1525],0.58266839578039
720575940626667270,419.188,226.48,162.28,419.208,226.592,162.24,LPLC1,dend[1062],0.5534394506686978
720575940646708788,413.948,224.44,161.96,413.832,224.452,161.96,LPLC1,dend[1645],0.4990054671147559
720575940627555197,417.428,225.864,163.64,417.484,225.808,163.68,LPLC1,dend[1068],0.11201612723820364
720575940627555197,417.976,226.028,163.12,418.02,226.144,163.12,LPLC1,dend[1065],0.45729128629930377
720575940627555197,425.976,221.156,162.76,425.844,221.252,162.76,LPLC1,dend[313],0.9658925315860303
720575940645134103,398.804,223.672,166.68,398.72,223.544,166.68,LPLC1,dend[1616],0.8281157112768593
720575940645134103,413.752,227.168,161.84,413.776,227.236,161.8,LPLC1,dend[660],0.6633634285769164
720575940645134359,429.24,213.36,160.12,429.304,213.352,160.08,LPLC1,dend[1388],0.3793203456368813
720575940645134359,408.544,222.304,166.36,408.464,222.356,166.36,LPLC1,dend[1486],0.20450143718763947
720575940645134359,430.048,216.292,161.64,430.04,216.212,161.64,LPLC1,dend[1250],0.7098027254764177
720575940645134359,427.672,217.824,161.6,427.656,217.704,161.6,LPLC1,dend[1257],0.48038306551509313
720575940645134359,427.852,215.596,162.56,427.816,215.468,162.56,LPLC1,dend[2077],0.6693734494399084
720575940645134359,417.876,220.66,164.56,417.8,220.576,164.56,LPLC1,dend[1672],0.06167729248239242
720575940645134359,437.104,215.648,159.48,437.192,215.644,159.48,LPLC1,dend[2432],0.9792750379722377
720575940645134359,413.68,221.484,165.68,413.628,221.384,165.68,LPLC1,dend[1478],0.5828169618599471
720575940645134359,414.952,224.632,160.44,414.86,224.688,160.44,LPLC1,dend[1646],0.9306239095502223
720575940645134359,443.132,214.544,156.4,443.072,214.608,156.4,LPLC1,dend[217],0.9613808455409236
720575940615934150,405.988,225.6,169.12,406.104,225.66,169.12,LPLC1,dend[1492],0.6602629542946755
720575940621403887,437.384,213.64,154.2,437.432,213.548,154.28,LPLC1,dend[245],0.8849446778340218
720575940619506415,422.076,216.52,161.2,422.128,216.616,161.24,LPLC1,dend[1448],0.9042005632777516
720575940632481849,410.792,226.924,168.92,410.888,226.924,168.92,LPLC1,dend[705],0.5008041971959999
720575940632481849,414.608,229.008,162.88,414.656,228.904,162.88,LPLC1,dend[660],0.14721989265001398
720575940629661381,440.416,210.552,156.52,440.304,210.628,156.48,LPLC1,dend[161],0.8918296593835358
720575940629661381,417.58,222.764,166.8,417.568,222.76,166.84,LPLC1,dend[1668],0.49325427366941516
720575940629661381,425.016,223.62,164.56,425.076,223.704,164.6,LPLC1,dend[354],0.9437982853279387
720575940632481849,421.704,219.74,164.52,421.712,219.856,164.52,LPLC1,dend[1685],0.11294738340838376
720575940632481849,429.312,213.056,158.36,429.368,213.168,158.32,LPLC1,dend[1386],0.9383188845070781
720575940639172816,424.256,224.672,162.48,424.256,224.564,162.48,LPLC1,dend[1231],0.20428225804262276
720575940632481849,435.728,219.776,160.64,435.628,219.848,160.6,LPLC1,dend[2424],0.392972160874899
720575940628716294,421.1,218.728,162.6,421.1,218.868,162.56,LPLC1,dend[1437],0.49675305611731013
720575940619506415,423.7,219.568,162.48,423.66,219.484,162.48,LPLC1,dend[1705],0.3051547524655955
720575940625031426,420.544,220.14,162.36,420.584,220.192,162.36,LPLC1,dend[1443],0.34986296439236475
720575940625369884,420.348,218.364,162.6,420.456,218.288,162.6,LPLC1,dend[1446],0.6012166517037877
720575940636983518,421.576,221.348,161.4,421.56,221.216,161.4,LPLC1,dend[1441],0.2064859728134872
720575940645750324,421.528,222.02,161.52,421.6,221.9,161.48,LPLC1,dend[1441],0.9285638368582914
720575940630420281,407.036,223.256,166.84,407.1,223.124,166.84,LPLC1,dend[1487],0.3906809527928922
720575940629661381,408.772,222.412,166.96,408.728,222.34,166.96,LPLC1,dend[1515],0.5170417047231095
720575940632086573,411.78,229.376,166.84,411.8,229.516,166.8,LPLC1,dend[693],0.34868601700175383
720575940621658971,397.16,221.44,168.6,397.264,221.512,168.64,LPLC1,dend[1622],0.868529155582291
720575940624305737,401.424,221.256,168.6,401.576,221.176,168.6,LPLC1,dend[1614],0.7239648059260522
720575940645134359,416.948,221.468,165.2,417.108,221.492,165.16,LPLC1,dend[1675],0.20754211456834135
720575940628324802,417.572,221.356,165.2,417.488,221.428,165.2,LPLC1,dend[1674],0.6327604528553561
720575940619720129,424.516,218.772,160.52,424.6,218.88,160.44,LPLC1,dend[1699],0.32764748389492315
720575940614089197,421.744,223.472,159.08,421.544,223.48,159.08,LPLC1,dend[1058],0.829535548865838
720575940632946477,416.228,222.496,162.52,416.096,222.448,162.52,LPLC1,dend[1640],0.9149123488124196
720575940625369884,425.776,222.552,161.08,425.716,222.42,161.08,LPLC1,dend[323],0.1452592558506746
720575940626721881,426.128,215.332,159.92,426.016,215.304,159.92,LPLC1,dend[1275],0.6646955142427966
720575940645750324,427.464,222.812,158.76,427.508,222.664,158.76,LPLC1,dend[327],0.8463494492139383
720575940645750324,413.668,224.98,162.2,413.636,224.876,162.24,LPLC1,dend[1645],1.0
720575940634361336,441.608,214.072,153.4,441.76,214.072,153.44,LPLC1,dend[215],0.909531085097417
720575940630420281,443.66,214.368,154.08,443.696,214.276,154.08,LPLC1,dend[210],0.1145892615027637
720575940615362558,443.144,213.988,153.76,443.072,214.104,153.76,LPLC1,dend[211],0.4992345176893403
720575940632946477,442.996,214.768,154.52,443.08,214.7,154.52,LPLC1,dend[207],1.0
720575940630420281,443.256,214.784,154.56,443.216,214.92,154.56,LPLC1,dend[207],1.0
720575940640792973,439.348,215.956,154.16,439.32,216.08,154.16,LPLC1,dend[197],1.0
720575940610902442,442.596,213.448,153.04,442.708,213.52,153.04,LPLC1,dend[214],0.5537378343692121
720575940621522671,441.564,212.316,153.28,441.656,212.328,153.32,LPLC1,dend[156],0.7016833533969234
720575940626667270,442.464,214.104,153.2,442.536,214.02,153.2,LPLC1,dend[213],0.88146250967001
720575940616201695,443.188,211.472,154.0,443.136,211.504,154.04,LPLC1,dend[152],1.0
720575940634361336,441.672,212.272,153.64,441.552,212.144,153.68,LPLC1,dend[156],0.5467682117878317
720575940640792973,441.372,211.52,153.92,441.476,211.536,153.92,LPLC1,dend[156],0.24531526636146517
720575940622670845,441.82,211.16,154.52,441.688,211.152,154.48,LPLC1,dend[154],0.6257126771192514
720575940637905478,448.896,212.612,152.96,448.896,212.676,152.92,LPLC1,dend[2450],0.3524295125813972
720575940616298816,448.416,211.852,154.32,448.444,211.952,154.28,LPLC1,dend[2453],0.5237888534306316
720575940616298816,448.356,212.4,154.52,448.344,212.312,154.44,LPLC1,dend[2447],0.9005404315281857
720575940631450669,418.896,225.784,159.32,418.784,225.808,159.28,LPLC1,dend[1060],0.6681797786735972
720575940634361336,440.848,213.748,154.4,440.884,213.784,154.44,LPLC1,dend[204],1.0
720575940621110464,441.16,211.052,154.4,441.16,210.992,154.4,LPLC1,dend[154],0.991061242838274
720575940621403887,441.132,210.812,154.12,441.256,210.832,154.04,LPLC1,dend[155],0.17112390694442176
720575940632946477,416.552,227.656,163.36,416.54,227.752,163.36,LPLC1,dend[658],0.8761568010865063
720575940632946477,436.656,213.456,155.2,436.572,213.348,155.2,LPLC1,dend[245],0.301317666918402
720575940621110464,441.156,210.86,153.68,441.184,210.768,153.68,LPLC1,dend[155],0.2556638843186353
720575940632086573,441.024,210.2,153.72,440.944,210.332,153.72,LPLC1,dend[155],0.4923410728712134
720575940615934150,428.76,222.1,162.48,428.744,222.168,162.48,LPLC1,dend[308],0.8427381082441228
720575940621403887,423.784,224.032,162.52,423.92,224.056,162.48,LPLC1,dend[1231],0.6433483366263827
720575940635631211,415.912,230.696,162.56,416.004,230.692,162.56,LPLC1,dend[647],0.5253975568741042
720575940635631211,415.192,225.472,160.64,415.188,225.4,160.64,LPLC1,dend[1648],1.0
720575940634361336,408.864,222.808,166.08,408.88,222.74,166.08,LPLC1,dend[1485],0.8829452612464816
720575940628324802,398.504,222.536,170.6,398.504,222.676,170.6,LPLC1,dend[1630],0.9601755455101215
720575940628324802,423.784,225.244,161.48,423.696,225.232,161.48,LPLC1,dend[1084],0.4363033147668285
720575940624588070,423.92,226.844,162.48,423.864,226.944,162.44,LPLC1,dend[433],0.9549544738488626
720575940624588070,421.312,220.76,163.8,421.364,220.848,163.84,LPLC1,dend[1685],0.8422852345776041
720575940632086573,402.632,229.68,168.6,402.72,229.76,168.64,LPLC1,dend[1508],1.0
720575940632086573,396.632,221.912,168.76,396.676,221.984,168.72,LPLC1,dend[1623],0.3884582382751814
720575940632086573,435.488,214.18,158.56,435.5,214.052,158.56,LPLC1,dend[253],0.8633582323723547
720575940629661381,408.376,222.592,167.48,408.368,222.484,167.48,LPLC1,dend[1515],0.9762146362246696
720575940624588070,425.0,225.976,162.16,425.168,226.032,162.2,LPLC1,dend[375],0.2165102685588542
720575940632481849,415.324,228.816,162.96,415.256,228.768,163.0,LPLC1,dend[660],0.04143920743732503
720575940619720129,432.712,221.408,158.64,432.64,221.3,158.64,LPLC1,dend[301],0.4710623540485269
720575940626865148,437.08,217.612,156.08,437.072,217.44,156.08,LPLC1,dend[200],0.9255862773484573
720575940636703977,444.712,213.468,156.76,444.744,213.608,156.68,LPLC1,dend[88],0.4906141363001107
720575940622694217,415.884,222.14,165.64,416.048,222.176,165.6,LPLC1,dend[1681],0.6163570723798721
720575940621522671,429.568,219.256,157.6,429.696,219.196,157.64,LPLC1,dend[1371],0.871790521756149
720575940629778587,430.08,218.424,157.76,430.108,218.496,157.76,LPLC1,dend[1374],0.9723687091710863
720575940625175068,431.176,213.936,157.84,431.136,214.016,157.8,LPLC1,dend[1383],0.19290648720639006
720575940636703977,436.12,215.6,160.2,436.116,215.5,160.24,LPLC1,dend[256],0.6481359574556157
720575940624588070,425.948,214.636,159.8,426.048,214.596,159.8,LPLC1,dend[1275],0.18753309243303676
720575940616298816,438.096,217.628,156.04,438.06,217.536,156.08,LPLC1,dend[200],0.593586395595422
720575940632086573,439.604,217.288,155.2,439.564,217.164,155.16,LPLC1,dend[196],1.0
720575940629778587,438.208,217.24,155.36,438.312,217.364,155.36,LPLC1,dend[200],0.43861436662115744
720575940613672931,433.192,221.296,160.8,433.264,221.376,160.8,LPLC1,dend[1246],0.6480321388723168
720575940615934150,435.408,219.508,160.2,435.548,219.492,160.2,LPLC1,dend[2422],0.6331474325599304
720575940627806992,415.224,225.2,160.48,415.148,225.268,160.48,LPLC1,dend[1648],0.9150366469281629
720575940629245937,402.768,221.936,161.28,402.656,222.012,161.28,LPLC1,dend[1534],0.9528816582034295
720575940626721881,414.348,229.336,166.88,414.268,229.372,166.88,LPLC1,dend[731],0.8468323330015456
720575940635631211,410.204,222.112,166.88,410.16,222.248,166.88,LPLC1,dend[1541],1.0
720575940622670845,407.392,223.024,167.56,407.452,222.936,167.56,LPLC1,dend[1514],0.5627613652686898
720575940624305737,421.496,218.104,162.76,421.56,218.192,162.8,LPLC1,dend[1434],0.8363505404103261
720575940646708788,422.812,222.604,162.68,422.792,222.7,162.68,LPLC1,dend[1234],0.5774186537143977
720575940616881821,421.332,221.496,161.48,421.448,221.42,161.52,LPLC1,dend[1441],0.4284794316892542
720575940616201695,411.236,226.292,167.16,411.232,226.38,167.12,LPLC1,dend[707],0.7800685781253979
720575940616881821,411.94,226.896,167.2,412.04,226.848,167.2,LPLC1,dend[708],0.8640155380930781
720575940629638443,401.988,221.416,168.88,401.864,221.388,168.84,LPLC1,dend[1614],0.680832569297653
720575940608302857,429.688,218.628,157.32,429.816,218.64,157.36,LPLC1,dend[1371],0.07676076468616334
720575940629638443,419.764,218.04,162.84,419.856,217.996,162.88,LPLC1,dend[1455],0.40964087168565294
720575940625369884,432.888,221.264,158.88,432.812,221.184,158.84,LPLC1,dend[301],0.2280548114253575
720575940625369884,415.748,225.888,166.72,415.812,225.856,166.68,LPLC1,dend[727],0.6480223627681236
720575940620050811,420.468,220.872,161.36,420.384,221.016,161.36,LPLC1,dend[1445],0.9213028607323096
720575940620050811,427.456,217.752,161.76,427.512,217.684,161.76,LPLC1,dend[1256],1.0
720575940629778587,414.448,222.936,161.92,414.6,222.888,161.88,LPLC1,dend[1657],0.403443962660603
720575940629778587,421.176,217.748,162.08,421.192,217.68,162.04,LPLC1,dend[1448],0.3495926913207256
720575940624588070,423.696,227.06,162.36,423.776,227.028,162.4,LPLC1,dend[433],0.9773481203619837
720575940624588070,414.28,228.432,162.56,414.344,228.384,162.56,LPLC1,dend[660],0.31256801208667645
720575940627806992,416.02,229.916,163.48,415.968,229.988,163.52,LPLC1,dend[653],0.42537777100047824
720575940627806992,423.052,225.32,161.56,423.008,225.192,161.56,LPLC1,dend[1085],0.011822704008377604
720575940612570481,424.0,218.808,162.08,423.916,218.864,162.04,LPLC1,dend[1694],0.29604434398699375
720575940627806992,422.768,225.448,162.2,422.796,225.56,162.2,LPLC1,dend[1090],0.7504969870669059
720575940620050811,427.608,217.84,161.68,427.612,217.732,161.68,LPLC1,dend[1257],0.3536496189111021
720575940615362558,424.772,225.768,161.8,424.896,225.708,161.76,LPLC1,dend[375],0.398527364463573
720575940615362558,442.74,213.856,153.16,442.624,213.828,153.16,LPLC1,dend[214],0.24674875122359974
720575940615362558,443.156,213.192,153.2,443.036,213.208,153.2,LPLC1,dend[214],1.0
720575940625369884,439.556,210.832,155.52,439.428,210.796,155.52,LPLC1,dend[164],0.9292184178678176
720575940625369884,422.12,225.328,163.28,422.004,225.352,163.24,LPLC1,dend[389],0.8582552501709148
720575940625369884,427.044,214.404,162.32,427.132,214.352,162.32,LPLC1,dend[1389],0.4846079575161042
720575940627806992,442.38,211.064,156.68,442.456,211.108,156.72,LPLC1,dend[182],1.0
720575940611922126,400.432,221.816,168.44,400.564,221.792,168.44,LPLC1,dend[1614],1.0
720575940611922126,443.172,214.824,156.56,443.108,214.72,156.6,LPLC1,dend[217],0.7531606255164277
720575940611922126,413.828,227.248,161.32,413.72,227.22,161.32,LPLC1,dend[660],0.7405420101732247
720575940614362380,441.98,213.552,157.32,442.032,213.664,157.32,LPLC1,dend[2439],0.7267968103904867
720575940621403887,401.632,227.208,168.64,401.556,227.284,168.56,LPLC1,dend[1504],0.12074105769019354
720575940621403887,416.848,223.24,164.08,416.96,223.268,164.08,LPLC1,dend[1678],0.9683698979090696
720575940616403771,411.312,228.248,168.0,411.316,228.28,168.04,LPLC1,dend[704],0.6930610727849473
720575940614354326,402.312,226.368,167.2,402.252,226.288,167.24,LPLC1,dend[1507],0.5472816522018851
720575940632946477,428.004,222.924,158.6,427.928,222.8,158.56,LPLC1,dend[327],0.9939687737696608
720575940626865148,427.112,222.148,159.08,427.112,222.248,159.08,LPLC1,dend[327],0.651340240696904
720575940626865148,426.908,222.232,159.0,426.928,222.34,158.96,LPLC1,dend[327],0.6507071077627794
720575940625175068,421.384,223.272,159.08,421.42,223.392,159.04,LPLC1,dend[1058],0.8174401718309873
720575940629661381,435.528,218.76,159.36,435.444,218.76,159.4,LPLC1,dend[2426],0.48985182040552
720575940622932297,438.94,218.916,158.64,438.824,218.864,158.64,LPLC1,dend[2436],0.930063402157489
720575940614362380,435.88,220.116,159.48,435.808,220.072,159.48,LPLC1,dend[2423],0.19702142196579675
720575940614362380,438.988,218.332,158.52,439.028,218.448,158.48,LPLC1,dend[2436],0.6714110715545422
720575940636703977,429.584,214.168,158.16,429.628,214.056,158.16,LPLC1,dend[1381],0.3132673277694664
720575940608422958,431.776,215.628,158.12,431.84,215.72,158.16,LPLC1,dend[1385],0.870777124695345
720575940625369884,428.728,215.424,158.96,428.648,215.528,158.96,LPLC1,dend[1377],0.2503768526079844
720575940619506415,431.964,216.008,158.32,431.868,215.896,158.28,LPLC1,dend[1385],0.9996992664728204
720575940625175068,429.66,219.444,158.28,429.696,219.432,158.2,LPLC1,dend[1372],0.9551355913605989
720575940629778587,430.028,218.956,158.12,429.928,219.008,158.16,LPLC1,dend[1372],0.5589253697280374
720575940645134103,435.016,220.096,158.08,434.896,220.12,158.08,LPLC1,dend[300],1.0
720575940625175068,431.236,217.916,158.72,431.376,217.976,158.68,LPLC1,dend[286],0.9850880234190125
720575940616881821,434.824,218.736,158.08,434.888,218.688,158.12,LPLC1,dend[2427],0.9895996003610473
720575940636983518,434.7,218.728,158.92,434.8,218.76,158.92,LPLC1,dend[2426],0.962922985886829
720575940616298816,435.132,218.476,158.32,435.056,218.684,158.36,LPLC1,dend[2427],0.6816564576814992
720575940629047340,434.4,219.32,159.0,434.456,219.416,159.0,LPLC1,dend[2428],0.6391060986911041
720575940636983518,434.232,219.52,159.28,434.34,219.496,159.24,LPLC1,dend[2428],0.8399120427136724
720575940616298816,434.944,218.58,158.64,434.936,218.684,158.6,LPLC1,dend[2427],0.35461944303502924
720575940639172816,428.384,213.848,158.08,428.448,213.916,158.08,LPLC1,dend[1364],0.188450674548771
720575940611922126,428.496,213.244,158.92,428.484,213.336,158.92,LPLC1,dend[1387],0.6234405872557875
720575940629661381,434.736,219.768,159.4,434.68,219.732,159.4,LPLC1,dend[2428],1.0
720575940629661381,434.584,219.844,159.48,434.532,219.736,159.44,LPLC1,dend[2428],1.0
720575940632946477,427.092,214.86,158.12,427.2,214.9,158.12,LPLC1,dend[1364],0.904270879527414
720575940629047340,428.308,215.28,158.6,428.424,215.316,158.56,LPLC1,dend[1365],1.0
720575940624588070,425.696,214.3,158.92,425.752,214.36,158.96,LPLC1,dend[1278],0.8134832154185486
720575940625369884,428.5,215.976,159.32,428.504,215.832,159.28,LPLC1,dend[1377],0.5018835589083225
720575940626721881,427.684,216.176,158.36,427.736,216.244,158.4,LPLC1,dend[1376],0.5900401518734576
720575940619506415,435.404,213.912,158.32,435.448,213.972,158.36,LPLC1,dend[253],0.9623594699747897
720575940632086573,436.616,214.26,159.04,436.472,214.212,159.04,LPLC1,dend[236],0.6539622939567761
720575940646708788,437.368,214.508,159.32,437.308,214.604,159.32,LPLC1,dend[255],1.0
720575940646708788,437.024,214.504,159.28,437.016,214.62,159.28,LPLC1,dend[255],0.5812561234333198
720575940626260490,436.8,216.428,159.2,436.68,216.348,159.2,LPLC1,dend[2431],0.3555856208964623
720575940628324802,436.46,219.416,158.56,436.404,219.32,158.56,LPLC1,dend[2423],0.8293208765609132
720575940629661381,437.612,217.972,158.72,437.608,218.072,158.72,LPLC1,dend[2430],0.8831704270870024
720575940635631211,436.728,217.644,159.2,436.844,217.68,159.16,LPLC1,dend[2430],0.40435053089277323
720575940625031426,435.316,218.884,159.16,435.32,218.784,159.16,LPLC1,dend[2426],0.6678741188300673
720575940645134359,440.348,215.232,158.24,440.356,215.336,158.24,LPLC1,dend[226],0.8585387222015876
720575940614362380,440.304,215.24,158.4,440.348,215.332,158.4,LPLC1,dend[226],0.792651360605422
720575940646708788,432.756,216.152,161.32,432.784,216.28,161.28,LPLC1,dend[286],0.19705686356185415
720575940646708788,432.6,216.26,161.36,432.656,216.336,161.4,LPLC1,dend[286],0.18085529939704986
720575940611922126,429.568,213.572,158.32,429.52,213.5,158.28,LPLC1,dend[1386],0.6617068675733739
720575940615934150,429.184,213.252,158.28,429.312,213.28,158.28,LPLC1,dend[1386],0.7988873695925895
720575940614751027,429.488,213.404,159.16,429.516,213.532,159.2,LPLC1,dend[1361],0.4693397994933547
720575940625175068,423.976,227.772,159.08,424.072,227.868,159.08,LPLC1,dend[441],0.8468058550273032
720575940644971299,417.632,227.52,159.08,417.736,227.588,159.12,LPLC1,dend[927],0.9540465071198998
720575940626260490,423.936,228.036,159.4,423.924,228.128,159.4,LPLC1,dend[441],0.71087668043421
720575940625175068,427.104,228.052,158.56,427.136,228.16,158.6,LPLC1,dend[1224],0.3980770362850843
720575940621522671,419.908,220.776,162.76,419.812,220.756,162.76,LPLC1,dend[1444],0.7404341448749441
720575940621522671,442.996,211.728,154.24,442.984,211.6,154.24,LPLC1,dend[152],0.8235500662251789
720575940621522671,419.232,227.652,156.8,419.132,227.664,156.8,LPLC1,dend[926],0.979464597129429
720575940619720129,408.76,223.152,162.84,408.764,223.048,162.84,LPLC1,dend[1523],0.799088580754882
720575940646708788,429.052,225.616,158.72,429.14,225.584,158.76,LPLC1,dend[364],0.595485184815379
720575940616881821,418.46,226.348,159.16,418.584,226.428,159.12,LPLC1,dend[1060],0.9870943926752564
720575940631450669,418.864,225.592,159.4,418.792,225.492,159.32,LPLC1,dend[1060],0.5392338837866569
720575940621403887,417.788,222.784,163.48,417.872,222.704,163.44,LPLC1,dend[1679],0.9641170320805593
720575940619720129,417.508,222.812,163.8,417.552,222.708,163.8,LPLC1,dend[1679],0.40902282367449605
720575940622932297,423.304,223.624,163.08,423.356,223.544,163.04,LPLC1,dend[1232],0.46577102541861776
720575940612570481,403.928,222.272,163.12,403.896,222.172,163.08,LPLC1,dend[1533],0.6291838328954482
720575940627806992,427.888,220.712,163.08,428.012,220.72,163.08,LPLC1,dend[1243],1.0
720575940611922126,403.956,223.304,164.0,403.892,223.18,164.0,LPLC1,dend[1530],0.543217947025244
720575940623514467,404.0,222.616,163.8,404.144,222.636,163.76,LPLC1,dend[1530],0.16272690443708687
720575940628324802,426.92,222.784,163.16,426.916,222.696,163.16,LPLC1,dend[313],0.0450617174093491
720575940627806992,425.844,220.628,164.4,425.868,220.616,164.48,LPLC1,dend[314],0.7129796553586045
720575940645134359,421.328,220.832,163.72,421.408,220.884,163.72,LPLC1,dend[1685],0.8922804005612932
720575940625369884,408.668,221.936,163.04,408.612,222.012,163.04,LPLC1,dend[1539],0.5615683945803522
720575940632086573,408.616,222.552,164.0,408.56,222.448,164.0,LPLC1,dend[1519],1.0
720575940632946477,414.404,223.312,163.16,414.344,223.22,163.16,LPLC1,dend[1643],0.4559377927449947
720575940646708788,421.968,220.544,164.52,421.908,220.428,164.56,LPLC1,dend[1685],0.34252586064299523
720575940625369884,414.188,222.604,163.96,414.34,222.608,163.96,LPLC1,dend[1639],0.26722382820025425
720575940625369884,414.056,222.836,164.48,414.156,222.896,164.48,LPLC1,dend[1639],0.7130079824844576
720575940625369884,417.404,219.296,164.16,417.48,219.296,164.2,LPLC1,dend[1473],0.626582833796939
720575940626721881,416.816,220.04,163.44,416.896,220.064,163.44,LPLC1,dend[1664],0.6228608479208043
720575940616298816,424.464,217.704,163.28,424.552,217.724,163.28,LPLC1,dend[1711],0.6743940468482734
720575940629245937,426.996,222.448,159.16,426.952,222.352,159.16,LPLC1,dend[327],0.6065686206107551
720575940632481849,426.404,218.52,163.04,426.328,218.584,163.04,LPLC1,dend[1408],0.8958097399459186
720575940615999547,422.184,219.336,163.16,422.252,219.42,163.16,LPLC1,dend[1704],0.8382100696550012
720575940627806992,425.784,218.588,163.52,425.888,218.56,163.52,LPLC1,dend[1408],0.5741751770063652
720575940616201695,413.6,230.36,164.24,413.6,230.444,164.28,LPLC1,dend[734],0.8521398634101583
720575940645750324,413.228,230.336,163.96,413.252,230.24,163.96,LPLC1,dend[738],0.3935329187453771
720575940610902442,413.096,230.412,164.52,413.208,230.368,164.48,LPLC1,dend[734],1.0
720575940626721881,412.352,229.784,164.4,412.304,229.904,164.4,LPLC1,dend[737],0.8412428244575297
720575940625031426,423.824,216.956,163.36,423.728,216.824,163.28,LPLC1,dend[1708],0.8434892290146074
720575940610902442,424.24,219.74,161.28,424.256,219.712,161.32,LPLC1,dend[1698],0.2704362991688367
720575940610902442,422.52,219.256,161.32,422.516,219.148,161.32,LPLC1,dend[1695],0.9891059365896748
720575940628324802,415.712,229.236,163.68,415.624,229.208,163.72,LPLC1,dend[654],0.4716312370252209
720575940625031426,416.364,227.732,164.64,416.28,227.712,164.64,LPLC1,dend[657],0.6886388235647709
720575940626260490,416.088,227.968,164.0,416.18,227.964,163.96,LPLC1,dend[657],0.2339498180443238
720575940632086573,415.752,229.324,163.96,415.664,229.244,163.96,LPLC1,dend[654],0.37475089608223094
720575940645134359,419.16,228.112,163.76,419.168,228.024,163.76,LPLC1,dend[1073],0.6463084882967001
720575940628324802,415.328,229.792,163.52,415.216,229.812,163.52,LPLC1,dend[653],0.9498212375936842
720575940623514467,417.768,225.496,163.84,417.744,225.632,163.84,LPLC1,dend[1069],1.0
720575940646708788,424.832,225.896,163.84,424.928,225.964,163.88,LPLC1,dend[1237],0.8507908429166042
720575940629661381,423.2,225.836,163.56,423.24,225.928,163.56,LPLC1,dend[379],0.9739420069205966
720575940619720129,423.12,227.032,163.6,423.188,226.944,163.6,LPLC1,dend[378],0.6554424732917313
720575940619506415,402.384,223.788,164.56,402.42,223.696,164.56,LPLC1,dend[1532],0.5733136153504174
720575940610902442,402.964,224.072,164.36,402.956,223.944,164.36,LPLC1,dend[1532],0.23075995049177106
720575940627806992,421.728,225.3,163.24,421.824,225.3,163.2,LPLC1,dend[389],0.896771324526595
720575940611922126,421.568,226.928,163.44,421.52,226.844,163.44,LPLC1,dend[388],0.9928215485347465
720575940627555197,422.252,226.024,163.64,422.132,225.984,163.64,LPLC1,dend[382],0.8464757257113448
720575940622932297,402.036,223.692,164.56,402.136,223.712,164.6,LPLC1,dend[1532],0.7606972727746417
720575940619720129,432.656,222.768,160.56,432.692,222.896,160.56,LPLC1,dend[297],0.22821545315772254
720575940619720129,442.904,215.412,156.44,442.824,215.308,156.44,LPLC1,dend[190],0.37774868709766196
720575940619720129,414.94,224.448,160.04,414.852,224.456,160.04,LPLC1,dend[1647],0.9041650352242186
720575940615999547,412.272,226.46,167.4,412.34,226.576,167.36,LPLC1,dend[709],0.6058040187392991
720575940615999547,423.116,218.144,162.96,423.032,218.268,162.92,LPLC1,dend[1691],0.7700576097669442
720575940615999547,398.616,223.224,166.72,398.684,223.328,166.72,LPLC1,dend[1616],0.7782757216756364
720575940615999547,399.328,222.808,166.88,399.288,222.936,166.88,LPLC1,dend[1616],0.3859742883210846
720575940622932297,438.66,219.072,158.76,438.672,218.948,158.8,LPLC1,dend[2436],1.0
720575940622932297,439.548,217.66,158.84,439.488,217.664,158.8,LPLC1,dend[2436],0.18113439086073868
720575940622932297,443.552,214.128,156.84,443.64,214.096,156.88,LPLC1,dend[217],1.0
720575940640642723,417.38,222.396,166.92,417.46,222.44,166.84,LPLC1,dend[1668],0.3749492721897921
720575940640642723,443.52,213.76,156.76,443.616,213.856,156.76,LPLC1,dend[217],1.0
720575940640642723,401.024,221.728,162.28,400.996,221.828,162.32,LPLC1,dend[1536],0.6415487796206831
720575940640642723,402.116,221.556,162.68,402.192,221.612,162.68,LPLC1,dend[1536],0.2517571330419962
720575940632086573,397.648,221.696,169.64,397.728,221.744,169.64,LPLC1,dend[1625],0.1718674577989043
720575940632086573,439.624,217.208,155.36,439.62,217.124,155.36,LPLC1,dend[198],1.0
720575940632086573,437.584,210.492,156.88,437.448,210.532,156.88,LPLC1,dend[180],0.7514771764598234
720575940632086573,425.856,215.896,162.48,425.776,215.768,162.52,LPLC1,dend[1403],0.8995661537837837
720575940632086573,398.932,221.728,168.92,399.036,221.584,168.92,LPLC1,dend[1620],1.0
720575940629778587,421.5,226.416,164.24,421.488,226.304,164.2,LPLC1,dend[383],0.4139247725942637
720575940628716294,408.688,224.168,163.2,408.84,224.168,163.24,LPLC1,dend[1525],0.8883924337285317
720575940624588070,411.876,230.404,164.56,411.968,230.376,164.6,LPLC1,dend[737],1.0
720575940613672931,420.744,225.752,164.52,420.864,225.804,164.52,LPLC1,dend[387],0.35379556020570196
720575940619720129,429.272,226.108,159.28,429.208,225.968,159.24,LPLC1,dend[364],0.4024799014726432
720575940636703977,437.472,215.492,159.52,437.376,215.628,159.52,LPLC1,dend[2432],0.9794708424802084
720575940622932297,435.936,220.172,158.92,435.944,220.056,158.92,LPLC1,dend[2423],0.4354769546469297
720575940629047340,436.844,218.712,158.56,436.836,218.84,158.6,LPLC1,dend[2423],1.0
720575940629047340,427.92,214.292,158.2,427.864,214.192,158.2,LPLC1,dend[1364],0.46385560411791
720575940628324802,423.868,225.032,161.2,423.8,224.92,161.24,LPLC1,dend[1087],0.15323920964853294
720575940636703977,409.132,223.4,163.0,409.192,223.412,162.96,LPLC1,dend[1524],0.6399026984923765
720575940625031426,408.768,222.2,162.88,408.804,222.204,162.92,LPLC1,dend[1539],0.7472421230213937
720575940625369884,408.84,221.984,162.92,408.876,222.12,162.92,LPLC1,dend[1539],0.803465502864868
720575940627806992,414.932,224.88,160.56,414.856,224.928,160.52,LPLC1,dend[1648],0.5558024929413053
720575940621403887,395.108,221.736,170.56,395.212,221.652,170.52,LPLC1,dend[1626],0.3363890479439964
720575940616881821,426.5,224.312,160.68,426.416,224.392,160.72,LPLC1,dend[1089],1.0
720575940624530835,425.892,224.48,160.8,425.992,224.384,160.8,LPLC1,dend[1089],0.46250104456037816
720575940624530835,430.784,215.264,157.2,430.784,215.176,157.2,LPLC1,dend[1382],0.8230695310138435
720575940625175068,432.112,216.536,160.44,432.216,216.552,160.44,LPLC1,dend[286],0.4558702628534991
720575940632086573,433.748,214.644,160.64,433.76,214.716,160.64,LPLC1,dend[280],0.8180316101769208
720575940626721881,439.32,209.928,155.64,439.272,209.804,155.64,LPLC1,dend[167],1.0
720575940621110464,428.196,213.484,158.96,428.184,213.384,158.96,LPLC1,dend[1387],0.9521000143916855
720575940630420281,443.356,214.404,153.88,443.252,214.328,153.92,LPLC1,dend[209],0.9007467366898259
720575940626721881,448.2,212.636,153.4,448.088,212.6,153.4,LPLC1,dend[2449],0.5263062077717061
720575940626721881,407.32,222.708,163.64,407.408,222.628,163.56,LPLC1,dend[1522],0.8357363759017523
720575940626721881,445.296,214.596,153.4,445.356,214.436,153.44,LPLC1,dend[210],0.6133695362911755
720575940626721881,434.608,219.448,159.16,434.488,219.464,159.16,LPLC1,dend[2428],0.7525431396077111
720575940626721881,415.22,228.256,163.92,415.296,228.18,163.96,LPLC1,dend[659],0.9265954509444873
720575940626721881,435.768,212.796,158.2,435.7,212.88,158.2,LPLC1,dend[240],0.32521781854923265
720575940626721881,412.944,229.7,164.4,413.0,229.796,164.4,LPLC1,dend[737],0.11328236462780256
720575940626721881,404.508,222.216,163.64,404.456,222.288,163.64,LPLC1,dend[1529],0.7913807485156653
720575940626721881,426.04,218.76,163.4,426.036,218.652,163.36,LPLC1,dend[1408],0.6993644926918147
720575940628716294,422.864,225.488,159.16,422.764,225.488,159.12,LPLC1,dend[1054],0.5478990943189227
720575940628716294,423.216,225.36,158.72,423.144,225.212,158.76,LPLC1,dend[1054],0.9425810045112784
720575940628716294,420.504,218.44,162.56,420.492,218.544,162.52,LPLC1,dend[1446],0.9430398040009161
720575940628716294,416.944,220.14,163.28,417.032,220.164,163.28,LPLC1,dend[1664],0.8621479327604143
720575940628716294,442.384,215.04,155.28,442.496,215.016,155.28,LPLC1,dend[201],1.0
720575940628716294,431.516,215.472,156.2,431.504,215.392,156.2,LPLC1,dend[1384],1.0
720575940621110464,399.88,222.52,167.92,399.84,222.448,167.88,LPLC1,dend[1615],0.6573357541730048
720575940628716294,426.336,222.28,160.64,426.272,222.168,160.64,LPLC1,dend[321],0.7585084302937707
720575940628716294,429.672,216.208,156.72,429.692,216.296,156.68,LPLC1,dend[1375],0.9639328510615525
720575940634361336,407.484,221.504,165.04,407.436,221.42,165.0,LPLC1,dend[1518],1.0
720575940616201695,433.24,222.876,159.84,433.312,222.924,159.88,LPLC1,dend[297],0.47653674327239837
720575940616201695,416.744,230.568,161.6,416.824,230.492,161.6,LPLC1,dend[920],0.5266936247140903
720575940621658971,418.096,226.664,163.24,418.112,226.776,163.2,LPLC1,dend[1064],0.4957378713178691
720575940621658971,418.728,226.5,163.12,418.68,226.592,163.12,LPLC1,dend[1063],0.6241932878204942
720575940608302857,414.088,227.568,162.12,414.04,227.704,162.08,LPLC1,dend[660],0.5186277748987504
720575940608302857,432.248,221.04,158.6,432.32,221.096,158.6,LPLC1,dend[301],0.8263378688580632
720575940626260490,426.968,221.756,163.8,426.86,221.644,163.84,LPLC1,dend[314],0.26508243355203376
720575940645134103,420.24,220.9,162.0,420.224,220.8,162.0,LPLC1,dend[1445],0.30756425863697034
720575940626260490,413.736,222.148,165.88,413.656,222.096,165.88,LPLC1,dend[1478],0.9646028516871119
720575940622694217,417.032,221.896,164.84,417.152,221.872,164.8,LPLC1,dend[1675],0.5129545625473159
720575940622694217,428.84,214.708,158.24,428.768,214.624,158.28,LPLC1,dend[1365],0.49653627806017775
720575940622694217,437.664,218.464,158.76,437.568,218.324,158.76,LPLC1,dend[2430],0.9303758226403706
720575940622694217,406.748,225.556,169.12,406.636,225.676,169.12,LPLC1,dend[1493],0.5583256647971576
720575940622694217,418.536,226.66,163.32,418.508,226.612,163.32,LPLC1,dend[1063],0.8590584734421607
720575940626865148,406.172,221.544,161.52,406.116,221.424,161.52,LPLC1,dend[1538],0.9531016402378594
720575940613672931,431.48,222.156,161.36,431.604,222.232,161.32,LPLC1,dend[296],0.7534196862968151
720575940613672931,408.108,223.476,167.16,408.024,223.5,167.2,LPLC1,dend[1489],0.1448869203426406
720575940613672931,439.432,217.428,158.8,439.504,217.536,158.8,LPLC1,dend[2436],0.1168966866320147
720575940635631211,407.88,222.652,167.2,407.844,222.816,167.16,LPLC1,dend[1486],0.7195862076211463
720575940613672931,433.936,220.976,160.36,433.936,221.072,160.36,LPLC1,dend[1246],0.8068225055948084
720575940635631211,427.776,217.588,162.08,427.648,217.58,162.12,LPLC1,dend[1256],0.7478471413244177
720575940635631211,402.704,222.7,169.52,402.712,222.824,169.48,LPLC1,dend[1610],0.8866243429103002
720575940636983518,411.208,220.72,166.48,411.212,220.624,166.48,LPLC1,dend[1634],0.709641539963195
720575940627806992,428.84,225.816,159.48,428.756,225.896,159.48,LPLC1,dend[364],0.23184781529554693
720575940627806992,417.076,219.688,164.32,417.024,219.616,164.28,LPLC1,dend[1662],0.631819227647771
720575940629778587,421.56,217.192,161.88,421.656,217.136,161.88,LPLC1,dend[1448],0.5791556236488669
720575940616403771,411.736,227.944,168.2,411.668,227.924,168.2,LPLC1,dend[704],0.7624147757958988
720575940624530835,422.444,221.436,160.28,422.444,221.3,160.2,LPLC1,dend[1442],0.700571083988179
720575940640792973,422.264,220.936,160.6,422.328,221.016,160.6,LPLC1,dend[1442],0.5311202004747478
720575940610902442,425.476,221.86,161.12,425.532,221.912,161.16,LPLC1,dend[324],0.5068985834643508
720575940626865148,420.084,221.016,161.28,420.148,221.064,161.28,LPLC1,dend[1445],0.9773662234060346
720575940619720129,431.656,222.38,160.4,431.584,222.324,160.36,LPLC1,dend[302],0.33787922122979586
720575940634361336,428.708,222.412,160.2,428.628,222.344,160.16,LPLC1,dend[329],0.8233295323442732
720575940619720129,431.616,222.5,160.64,431.596,222.352,160.64,LPLC1,dend[302],0.011878501849569357
720575940637905478,434.296,221.472,159.6,434.416,221.432,159.64,LPLC1,dend[1246],1.0
720575940628324802,431.236,220.508,161.04,431.332,220.56,161.04,LPLC1,dend[294],0.9587571811648051
720575940622694217,434.404,221.032,159.88,434.36,221.136,159.84,LPLC1,dend[1246],0.95229052873753
720575940636983518,418.168,222.076,161.16,418.104,222.208,161.16,LPLC1,dend[1641],0.9816957227929743
720575940622694217,432.892,221.844,160.72,432.928,221.78,160.8,LPLC1,dend[1246],0.610570945373894
720575940616403771,417.856,222.524,161.36,417.816,222.5,161.28,LPLC1,dend[1641],0.8502983557130649
720575940628716294,425.124,218.92,159.88,425.096,218.812,159.88,LPLC1,dend[1699],0.8072155190913326
720575940640792973,424.768,219.476,160.88,424.72,219.528,160.96,LPLC1,dend[1702],0.955233129737914
720575940640792973,424.756,219.008,160.12,424.84,218.92,160.12,LPLC1,dend[1699],0.570563051604042
720575940640792973,424.992,219.06,160.24,424.936,218.972,160.24,LPLC1,dend[1699],0.5343787050629474
720575940608422958,424.728,219.648,161.12,424.704,219.544,161.08,LPLC1,dend[1702],1.0
720575940619720129,423.456,219.096,160.92,423.38,219.072,160.96,LPLC1,dend[1695],0.37241144816097327
720575940614362380,435.552,220.264,159.68,435.592,220.176,159.68,LPLC1,dend[2423],0.04805743493207499
720575940628324802,435.396,218.584,159.68,435.448,218.676,159.68,LPLC1,dend[2426],0.3254493024100531
720575940635631211,435.508,218.504,159.8,435.524,218.68,159.88,LPLC1,dend[2426],0.18396875343390667
720575940632481849,435.992,219.124,160.12,435.92,219.088,160.08,LPLC1,dend[2425],1.0
720575940627806992,435.736,218.752,160.36,435.728,218.86,160.36,LPLC1,dend[2420],0.9597497951180266
720575940639172816,436.284,217.496,159.96,436.312,217.376,160.0,LPLC1,dend[2429],0.94921663687528
720575940640792973,422.44,218.032,160.44,422.412,217.944,160.48,LPLC1,dend[1454],1.0
720575940625175068,433.924,214.752,160.48,433.984,214.676,160.48,LPLC1,dend[282],0.9214530199301892
720575940636703977,432.144,216.44,160.84,432.256,216.408,160.84,LPLC1,dend[286],0.35296517648274933
720575940626721881,433.976,215.464,160.6,433.868,215.444,160.56,LPLC1,dend[281],0.9411853696251987
720575940608302857,423.648,214.332,160.68,423.588,214.244,160.68,LPLC1,dend[1286],0.48224729628414675
720575940621403887,423.008,216.448,160.6,422.94,216.52,160.68,LPLC1,dend[1450],1.0
720575940629661381,425.976,215.9,160.24,425.892,215.808,160.24,LPLC1,dend[1275],1.0
720575940608302857,423.624,214.48,160.92,423.7,214.404,160.92,LPLC1,dend[1286],0.7185619849320481
720575940614362380,427.028,213.832,159.68,426.912,213.848,159.76,LPLC1,dend[1274],0.6325320427827563
720575940631450669,422.4,216.956,161.24,422.372,216.832,161.24,LPLC1,dend[1448],0.9382181948023306
720575940615999547,426.124,214.588,159.8,426.1,214.456,159.8,LPLC1,dend[1274],0.9532127810209201
720575940645134359,429.292,213.268,159.88,429.328,213.344,159.92,LPLC1,dend[1388],0.36680933852665715
720575940625369884,429.88,213.02,160.04,429.952,213.032,160.04,LPLC1,dend[1355],0.3367561593942436
720575940645134359,429.236,212.704,160.28,429.232,212.596,160.36,LPLC1,dend[1354],0.5752858677620938
720575940634361336,434.336,212.08,160.72,434.38,212.18,160.72,LPLC1,dend[275],0.9121353083479835
720575940636703977,429.992,213.0,160.76,429.908,212.908,160.8,LPLC1,dend[1358],0.7234534257927979
720575940645134359,427.584,213.46,160.24,427.516,213.348,160.2,LPLC1,dend[1274],0.32677477239041636
720575940645134359,422.86,227.376,160.44,422.776,227.336,160.44,LPLC1,dend[1079],1.0
720575940628716294,426.684,227.76,159.72,426.624,227.848,159.68,LPLC1,dend[1227],0.9359000384819528
720575940635631211,412.584,226.792,161.28,412.692,226.868,161.28,LPLC1,dend[660],0.9739396041592958
720575940616403771,403.288,223.176,164.56,403.36,223.256,164.56,LPLC1,dend[1530],0.9352619624466602
720575940627806992,428.88,225.112,160.0,428.784,225.032,159.96,LPLC1,dend[359],1.0
720575940626721881,418.72,225.972,160.84,418.804,226.044,160.8,LPLC1,dend[1046],0.3601106939872133
720575940619720129,430.66,224.076,160.4,430.792,224.1,160.44,LPLC1,dend[1238],0.8979169412503699
720575940616298816,418.432,226.672,160.44,418.484,226.624,160.48,LPLC1,dend[1046],1.0
720575940611922126,425.424,225.416,159.72,425.384,225.32,159.76,LPLC1,dend[375],0.9676658789736524
720575940624530835,424.936,225.572,160.48,424.844,225.476,160.48,LPLC1,dend[375],0.7671501292182266
720575940635631211,427.604,225.564,160.4,427.688,225.536,160.4,LPLC1,dend[360],0.8779398217245539
720575940625031426,425.348,225.028,159.8,425.364,225.1,159.8,LPLC1,dend[375],1.0
720575940627806992,425.768,226.8,161.04,425.832,226.888,161.04,LPLC1,dend[431],0.7382343075259045
720575940612570481,419.008,225.0,159.72,419.072,225.064,159.72,LPLC1,dend[1060],0.22987474997765772
720575940636703977,419.584,225.376,161.2,419.484,225.308,161.16,LPLC1,dend[1048],0.41915517884747105
720575940608422958,419.724,224.352,159.72,419.616,224.288,159.72,LPLC1,dend[1059],0.32878268861713617
720575940632086573,419.416,225.584,161.0,419.304,225.64,160.96,LPLC1,dend[1048],0.11817794790956045
720575940622670845,418.996,224.996,159.76,419.096,225.052,159.8,LPLC1,dend[1060],0.20497608772596604
720575940645134359,413.948,224.38,160.96,414.032,224.304,160.96,LPLC1,dend[1646],0.3355111910344285
720575940622670845,419.4,224.26,159.72,419.508,224.248,159.72,LPLC1,dend[1059],0.39435857229580257
720575940646708788,413.604,223.892,159.64,413.704,223.856,159.64,LPLC1,dend[1655],0.4726397498614676
720575940628716294,436.876,210.28,155.6,436.768,210.224,155.56,LPLC1,dend[172],0.46471549574836457
720575940628716294,416.108,228.28,163.6,416.1,228.172,163.6,LPLC1,dend[656],0.5394290170670346
720575940628716294,435.376,212.376,157.92,435.432,212.512,157.92,LPLC1,dend[240],0.9221011172011948
720575940628716294,442.648,215.76,154.32,442.544,215.792,154.32,LPLC1,dend[206],0.838051082023779
720575940626260490,424.096,228.888,159.76,423.968,228.84,159.72,LPLC1,dend[441],0.4297457549025001
720575940626260490,413.208,223.984,160.28,413.316,223.96,160.32,LPLC1,dend[1655],0.8828028063172092
720575940626260490,416.512,230.268,163.32,416.616,230.264,163.4,LPLC1,dend[650],0.92064829801507
720575940626260490,426.896,221.972,163.8,426.792,221.868,163.76,LPLC1,dend[314],0.22148436821271308
720575940626260490,427.58,216.128,162.28,427.48,216.12,162.32,LPLC1,dend[2077],0.9419706449580292
720575940644971299,438.148,217.516,155.88,438.06,217.472,155.88,LPLC1,dend[200],0.5737976541433446
720575940610902442,436.816,217.292,156.0,436.904,217.348,156.0,LPLC1,dend[200],0.9727250603982971
720575940632946477,442.672,215.136,154.76,442.62,215.216,154.8,LPLC1,dend[206],0.22500132649237312
720575940635631211,442.548,214.736,155.16,442.572,214.824,155.16,LPLC1,dend[205],0.5170015797045884
720575940628716294,443.372,215.172,154.64,443.296,215.08,154.68,LPLC1,dend[208],0.9049039605485597
720575940645134103,441.732,214.312,155.36,441.632,214.352,155.32,LPLC1,dend[202],0.4320281291514576
720575940616298816,442.072,215.108,155.64,442.176,215.096,155.64,LPLC1,dend[201],0.5552217875664838
720575940628324802,442.204,214.624,155.72,442.136,214.736,155.72,LPLC1,dend[202],0.08202960274800447
720575940628324802,442.036,214.416,155.76,441.896,214.416,155.76,LPLC1,dend[202],0.2582185887479727
720575940628324802,442.14,214.4,155.56,442.028,214.436,155.56,LPLC1,dend[202],0.2188544303520527
720575940625031426,441.432,215.648,156.12,441.512,215.66,156.12,LPLC1,dend[192],0.4830223901681759
720575940625031426,441.188,216.22,155.56,441.276,216.32,155.56,LPLC1,dend[194],0.2165376754695404
720575940632086573,445.492,210.808,155.28,445.512,210.744,155.24,LPLC1,dend[2440],0.8329091608538688
720575940630420281,439.404,216.868,156.0,439.408,216.944,155.96,LPLC1,dend[199],0.9383115819847558
720575940636703977,445.564,211.768,155.68,445.456,211.728,155.68,LPLC1,dend[2440],0.596117917447794
720575940622932297,444.872,212.848,155.48,444.964,212.9,155.48,LPLC1,dend[88],0.9870142245430636
720575940616298816,436.224,210.24,155.6,436.164,210.176,155.52,LPLC1,dend[172],0.9032892664045368
720575940636983518,442.712,211.732,155.0,442.656,211.632,155.0,LPLC1,dend[152],0.2124316236296894
720575940608422958,441.652,211.268,154.92,441.756,211.192,154.88,LPLC1,dend[154],0.30318699224551615
720575940628324802,442.912,211.472,155.24,442.824,211.376,155.28,LPLC1,dend[153],1.0
720575940626260490,442.716,211.304,155.44,442.66,211.364,155.44,LPLC1,dend[153],1.0
720575940632946477,438.704,209.968,154.6,438.588,209.936,154.6,LPLC1,dend[169],0.8113927924873767
720575940628716294,440.784,210.532,154.8,440.808,210.632,154.8,LPLC1,dend[157],0.9947729110351172
720575940632946477,438.632,209.82,154.88,438.536,209.828,154.88,LPLC1,dend[169],0.603867265717645
720575940616298816,448.212,212.456,154.6,448.14,212.44,154.6,LPLC1,dend[2454],1.0
720575940616298816,448.424,211.16,155.56,448.424,211.276,155.56,LPLC1,dend[2445],0.4168866926763606
720575940627806992,448.06,211.16,155.2,448.056,211.052,155.2,LPLC1,dend[2456],0.7559578316942431
720575940637905478,447.796,211.032,155.24,447.892,211.096,155.28,LPLC1,dend[2460],0.007388910102234224
720575940614751027,446.232,210.736,154.8,446.156,210.6,154.8,LPLC1,dend[2440],0.9684038040531695
720575940625369884,434.88,213.052,155.52,435.0,213.024,155.56,LPLC1,dend[249],0.8343744989303259
720575940629661381,435.376,213.528,155.96,435.224,213.428,155.96,LPLC1,dend[248],0.20108525993767165
720575940613672931,434.884,213.344,155.88,435.04,213.368,155.88,LPLC1,dend[248],0.17462738257837507
720575940625369884,434.868,213.468,155.84,434.98,213.472,155.84,LPLC1,dend[248],0.3900681335517976
720575940616881821,436.188,213.268,155.88,436.132,213.168,155.88,LPLC1,dend[243],0.8366496108171341
720575940616881821,436.584,212.896,156.0,436.532,212.812,156.04,LPLC1,dend[243],0.8823752350684443
720575940626667270,436.076,212.764,155.96,436.14,212.852,155.92,LPLC1,dend[243],0.7748109926140911
720575940625175068,443.584,209.476,156.0,443.684,209.524,156.0,LPLC1,dend[126],0.9756889385276083
720575940626667270,418.368,226.644,162.92,418.448,226.596,162.96,LPLC1,dend[1063],0.7075467794161131
720575940626667270,443.056,214.368,153.36,443.156,214.288,153.4,LPLC1,dend[213],0.19926887511479974
720575940621403887,415.052,222.256,164.8,415.148,222.312,164.8,LPLC1,dend[1658],0.7142421916400666
720575940619720129,417.664,223.16,164.84,417.796,223.144,164.88,LPLC1,dend[1680],0.6684080415092645
720575940615934150,417.264,222.044,165.28,417.136,221.936,165.24,LPLC1,dend[1675],0.5747094598786459
720575940625175068,403.16,223.68,164.68,403.108,223.584,164.68,LPLC1,dend[1532],0.1687024816667894
720575940625175068,403.488,223.404,164.8,403.412,223.32,164.76,LPLC1,dend[1531],0.6839576569719711
720575940616403771,403.32,223.224,165.0,403.332,223.352,164.96,LPLC1,dend[1531],1.0
720575940625369884,402.956,223.46,165.2,402.896,223.488,165.12,LPLC1,dend[1531],1.0
720575940625175068,408.74,221.696,164.76,408.584,221.628,164.8,LPLC1,dend[1518],0.5580342201553047
720575940629661381,409.064,222.872,166.32,408.98,222.82,166.28,LPLC1,dend[1485],1.0
720575940619506415,415.344,222.38,164.8,415.308,222.352,164.84,LPLC1,dend[1658],0.7941385903221994
720575940637905478,415.36,230.58,166.08,415.296,230.648,166.04,LPLC1,dend[733],1.0
720575940630420281,413.6,231.192,166.28,413.716,231.208,166.32,LPLC1,dend[673],0.05394141649761074
720575940634361336,413.128,230.48,164.64,413.228,230.592,164.68,LPLC1,dend[734],0.9744040384612374
720575940629778587,420.72,227.004,164.92,420.764,227.108,164.92,LPLC1,dend[381],0.9450583044189029
720575940634361336,414.284,227.4,165.88,414.368,227.324,165.92,LPLC1,dend[730],0.6217731535882539
720575940624530835,412.736,228.532,166.24,412.836,228.464,166.28,LPLC1,dend[692],0.5741902679729419
720575940629047340,397.48,221.592,169.88,397.568,221.676,169.88,LPLC1,dend[1625],0.2766568144519803
720575940632086573,397.528,221.628,169.76,397.572,221.708,169.8,LPLC1,dend[1625],0.2590015773257975
720575940608422958,397.336,221.816,170.24,397.264,221.752,170.2,LPLC1,dend[1625],0.45657014973158244
720575940635631211,401.756,223.304,170.2,401.748,223.34,170.16,LPLC1,dend[1612],0.9152801226354343
720575940645134359,413.676,226.124,165.92,413.688,226.248,165.96,LPLC1,dend[730],0.9824863288141436
720575940613304803,413.768,226.368,165.68,413.824,226.608,165.68,LPLC1,dend[730],0.9554164618485519
720575940613304803,412.956,226.16,165.84,412.888,226.032,165.84,LPLC1,dend[710],0.8380475633567421
720575940615934150,401.988,223.648,164.76,402.064,223.728,164.8,LPLC1,dend[1532],0.8640790797210153
720575940628324802,416.308,227.752,164.88,416.216,227.672,164.92,LPLC1,dend[657],0.8769704030723753
720575940616881821,412.232,226.168,166.08,412.268,226.256,166.04,LPLC1,dend[710],0.5958490230867705
720575940630420281,420.044,227.672,160.48,420.052,227.764,160.52,LPLC1,dend[1071],1.0
720575940630420281,439.8,216.872,155.2,439.86,217.0,155.16,LPLC1,dend[196],0.720503097141685
720575940630420281,427.248,222.492,159.88,427.176,222.612,159.92,LPLC1,dend[328],1.0
720575940630420281,411.512,220.664,166.84,411.388,220.672,166.8,LPLC1,dend[1634],1.0
720575940630420281,399.364,221.736,169.28,399.24,221.656,169.36,LPLC1,dend[1630],0.12626492154352795
720575940630420281,404.064,226.384,169.4,404.168,226.348,169.36,LPLC1,dend[1511],0.48386421962972154
720575940634361336,424.96,218.952,161.28,424.936,219.056,161.28,LPLC1,dend[1697],1.0
720575940640642723,443.048,212.876,156.48,442.944,212.872,156.48,LPLC1,dend[183],1.0
720575940640642723,416.848,228.932,159.88,416.932,228.904,159.88,LPLC1,dend[923],0.9728010795171512
720575940640642723,423.3,226.216,161.8,423.344,226.112,161.8,LPLC1,dend[1083],0.8121174260517049
720575940640642723,428.564,221.9,162.24,428.644,221.996,162.2,LPLC1,dend[308],0.993907256858764
720575940640642723,442.648,212.412,156.64,442.616,212.516,156.64,LPLC1,dend[183],0.6561362213369875
720575940612570481,419.536,226.368,162.28,419.584,226.48,162.28,LPLC1,dend[1070],0.3160501837925283
720575940627806992,426.132,215.728,163.12,426.132,215.608,163.12,LPLC1,dend[1402],0.2122246555748255
720575940629661381,428.396,221.712,163.6,428.504,221.744,163.64,LPLC1,dend[1241],0.8678960722156078
720575940629661381,428.256,221.672,163.68,428.292,221.6,163.72,LPLC1,dend[1241],0.9743480862131774
720575940624305737,400.184,221.232,168.88,400.064,221.28,168.88,LPLC1,dend[1618],0.7584034820872486
720575940622694217,420.348,226.524,161.8,420.332,226.42,161.8,LPLC1,dend[1070],0.8105731578967633
720575940646708788,416.704,229.44,162.12,416.76,229.512,162.12,LPLC1,dend[920],0.9857976329113798
720575940621658971,426.004,221.344,161.04,425.988,221.376,161.08,LPLC1,dend[326],0.8446475986001984
720575940611922126,403.704,221.864,162.84,403.748,221.928,162.84,LPLC1,dend[1534],0.1247007423988857
720575940616201695,434.056,221.18,158.56,433.952,221.124,158.52,LPLC1,dend[300],0.4158157675140719
720575940626865148,430.0,220.272,157.68,430.016,220.176,157.72,LPLC1,dend[1373],0.5786975498938334
720575940644971299,436.084,212.828,157.0,435.976,212.864,157.0,LPLC1,dend[242],0.6803267314859592
720575940644971299,435.232,212.68,157.64,435.288,212.776,157.6,LPLC1,dend[240],1.0
720575940614354326,426.472,207.872,160.92,426.56,207.776,160.88,LPLC1,dend[1342],0.10518585197261514
720575940616201695,411.32,226.948,167.8,411.4,226.996,167.8,LPLC1,dend[707],0.01863183958228917
720575940626721881,420.396,225.512,159.2,420.384,225.428,159.24,LPLC1,dend[1051],0.45458514074420314
720575940627806992,421.136,225.988,163.72,421.032,226.036,163.76,LPLC1,dend[384],0.4369187377186716
720575940626721881,435.764,212.688,157.92,435.64,212.696,157.92,LPLC1,dend[240],0.7058529348591903
720575940613672931,420.9,226.068,163.88,420.976,226.084,163.88,LPLC1,dend[384],0.2762008926889136
720575940613672931,421.016,226.024,164.04,421.0,226.192,164.08,LPLC1,dend[383],0.8583489035754412
720575940612570481,423.84,218.736,162.12,423.76,218.84,162.12,LPLC1,dend[1694],0.1694216595909806
720575940646708788,429.352,225.18,158.28,429.448,225.112,158.28,LPLC1,dend[364],0.9009048211541453
720575940645134103,427.924,214.232,158.08,427.824,214.16,158.08,LPLC1,dend[1364],0.47519984169744794
720575940610902442,426.956,223.068,160.32,426.928,222.948,160.32,LPLC1,dend[319],0.34997322461720254
720575940614751027,441.632,210.992,154.76,441.624,211.112,154.72,LPLC1,dend[154],0.4983759994806452
720575940627806992,415.084,224.616,160.36,414.972,224.624,160.28,LPLC1,dend[1646],1.0
720575940637905478,432.36,221.864,160.0,432.456,221.848,160.0,LPLC1,dend[299],0.4298448403413439
720575940621110464,424.932,225.776,161.16,424.88,225.664,161.16,LPLC1,dend[375],0.5579070477751583
720575940626260490,442.524,215.036,156.0,442.516,215.164,156.04,LPLC1,dend[190],0.9197843220257643
720575940628324802,421.676,227.372,160.8,421.776,227.432,160.8,LPLC1,dend[1078],0.8536495999040054
720575940622694217,417.288,222.6,164.68,417.24,222.692,164.68,LPLC1,dend[1677],0.39022333833728595
720575940620050811,421.512,220.056,165.68,421.552,219.94,165.64,LPLC1,dend[1684],0.4245833812748994
720575940631450669,398.596,222.26,169.96,398.672,222.208,170.0,LPLC1,dend[1630],0.5968431476313301
720575940625175068,399.032,221.288,169.12,398.984,221.412,169.12,LPLC1,dend[1621],0.19278358992771016
720575940634361336,425.776,214.688,159.12,425.86,214.712,159.2,LPLC1,dend[1279],0.4141334868448816
720575940616881821,435.528,213.772,156.56,435.468,213.688,156.56,LPLC1,dend[252],0.39183401543928664
720575940632086573,443.672,214.528,157.0,443.6,214.412,157.0,LPLC1,dend[217],1.0
720575940625369884,428.94,215.34,158.68,428.788,215.304,158.72,LPLC1,dend[1377],0.0585588614244031
720575940646708788,396.108,221.904,170.76,396.132,222.028,170.72,LPLC1,dend[1629],0.12485827133666738
720575940646708788,447.86,210.872,154.8,447.924,210.944,154.84,LPLC1,dend[2460],0.8424676833417957
720575940629047340,413.996,221.296,164.92,414.056,221.184,164.92,LPLC1,dend[1660],0.28890035911394935
720575940629047340,423.58,228.7,159.48,423.64,228.612,159.44,LPLC1,dend[441],0.549677168704859
720575940625175068,417.196,222.792,161.24,417.284,222.832,161.24,LPLC1,dend[1641],0.6674190942126212
720575940625175068,424.716,225.256,160.2,424.832,225.312,160.16,LPLC1,dend[375],0.8809512233567228
720575940625175068,409.292,221.688,164.52,409.224,221.568,164.52,LPLC1,dend[1518],0.37793958844076225
720575940625175068,404.032,221.684,168.36,404.032,221.812,168.36,LPLC1,dend[1610],0.37209668077309105
720575940632086573,397.94,221.432,169.08,397.988,221.54,169.04,LPLC1,dend[1621],0.9293071826436053
720575940620050811,422.752,216.528,161.08,422.796,216.636,161.08,LPLC1,dend[1449],0.8550154422604915
720575940624588070,427.604,223.384,161.44,427.74,223.46,161.44,LPLC1,dend[330],0.980019463852211
720575940629047340,397.316,221.648,169.96,397.336,221.74,169.96,LPLC1,dend[1625],0.37713494016211213
720575940629047340,436.544,213.856,158.88,436.48,213.988,158.84,LPLC1,dend[237],0.20470570064439925
720575940629047340,414.352,228.032,162.4,414.24,228.012,162.36,LPLC1,dend[660],0.40570301353106997
720575940629047340,414.304,228.552,162.88,414.432,228.616,162.92,LPLC1,dend[660],0.21842301479521362
720575940629047340,403.644,222.692,169.64,403.536,222.796,169.64,LPLC1,dend[1610],0.7888175357009927
720575940622932297,421.68,220.944,162.0,421.54,220.912,161.96,LPLC1,dend[1440],0.7191738040529528
720575940639172816,416.868,223.28,165.36,416.876,223.144,165.32,LPLC1,dend[1680],0.38887155948326785
720575940615934150,401.896,223.752,165.08,401.992,223.808,165.04,LPLC1,dend[1532],0.9894955778005412
720575940621403887,436.316,213.464,154.92,436.248,213.34,154.88,LPLC1,dend[244],0.9936161649450055
720575940621403887,429.932,213.512,158.84,429.84,213.52,158.84,LPLC1,dend[1361],0.9783440557506282
720575940621403887,417.1,222.872,164.0,417.18,222.908,164.04,LPLC1,dend[1677],1.0
720575940621403887,419.088,227.872,162.68,418.952,227.924,162.64,LPLC1,dend[1072],0.7340059694494229
720575940615934150,435.32,219.38,160.2,435.468,219.324,160.24,LPLC1,dend[2422],0.29886651525773716
720575940615934150,439.408,218.0,158.6,439.324,217.92,158.64,LPLC1,dend[2436],0.3435570533856504
720575940621658971,423.676,213.728,160.24,423.74,213.652,160.24,LPLC1,dend[1284],0.9423763529819196
720575940621658971,424.632,213.368,159.72,424.736,213.472,159.72,LPLC1,dend[1282],1.0
720575940621658971,423.496,213.936,160.76,423.616,213.976,160.76,LPLC1,dend[1286],0.3890313791372744
720575940645134103,431.656,217.712,159.6,431.636,217.56,159.6,LPLC1,dend[286],0.7315363700864385
720575940627555197,442.776,213.784,153.8,442.888,213.736,153.84,LPLC1,dend[212],0.4462825618394557
720575940623514467,403.604,223.024,164.08,403.688,223.1,164.04,LPLC1,dend[1530],0.5866649607146812
720575940623514467,421.392,217.632,162.0,421.3,217.588,162.0,LPLC1,dend[1448],0.39877177201796166
720575940627555197,421.224,228.708,161.44,421.256,228.608,161.48,LPLC1,dend[1076],0.7274576851631916
720575940627555197,417.544,225.896,163.52,417.572,225.828,163.56,LPLC1,dend[1067],0.7428372467124047
720575940627555197,414.1,227.048,166.04,414.176,227.12,166.08,LPLC1,dend[730],0.6713364906171425
720575940626865148,430.048,220.328,157.52,430.008,220.176,157.52,LPLC1,dend[1373],0.5684516995382547
720575940624530835,430.396,217.784,157.24,430.408,217.88,157.24,LPLC1,dend[1370],0.5006538258529593
720575940619695494,418.612,226.384,160.72,418.704,226.292,160.76,LPLC1,dend[1046],0.5879976082347059
720575940645134359,440.68,211.672,157.0,440.764,211.648,156.92,LPLC1,dend[160],0.19902973175751937
720575940645134359,445.056,213.696,156.32,445.004,213.62,156.36,LPLC1,dend[88],0.6388279077704675
720575940624530835,430.992,215.264,157.12,431.004,215.2,157.12,LPLC1,dend[1382],0.9231947745938393
720575940614354326,430.608,214.932,157.24,430.704,214.996,157.24,LPLC1,dend[1382],0.6609437227611114
720575940629047340,429.032,214.42,157.88,429.104,214.344,157.88,LPLC1,dend[1378],0.6959171516022519
720575940627555197,434.328,212.576,156.48,434.432,212.644,156.52,LPLC1,dend[246],0.7696600787601794
720575940622670845,442.096,213.624,157.64,442.176,213.724,157.64,LPLC1,dend[2439],0.5775689191155807
720575940621522671,419.348,227.896,157.16,419.232,227.916,157.16,LPLC1,dend[926],0.7872741883628588
720575940615934150,442.656,212.288,157.12,442.604,212.232,157.16,LPLC1,dend[147],0.8215261259534008
720575940613672931,435.092,213.728,156.48,435.24,213.756,156.48,LPLC1,dend[252],0.7373501434465721
720575940616298816,435.712,212.564,157.6,435.672,212.688,157.56,LPLC1,dend[242],0.18417873027654463
720575940629047340,435.668,213.372,156.68,435.66,213.48,156.72,LPLC1,dend[250],0.8127872291102037
720575940619506415,435.536,213.184,157.92,435.532,213.068,157.92,LPLC1,dend[240],0.5983722149430065
720575940625175068,443.144,209.432,156.32,443.048,209.472,156.36,LPLC1,dend[124],1.0
720575940632086573,422.516,221.148,160.68,422.392,221.064,160.72,LPLC1,dend[1442],0.5141013583029855
720575940632086573,422.44,221.228,160.4,422.416,221.12,160.44,LPLC1,dend[1442],0.613980836770849
720575940616403771,406.544,222.54,166.4,406.652,222.564,166.36,LPLC1,dend[1487],0.9981082910623819
720575940645744676,407.26,222.772,166.44,407.076,222.696,166.4,LPLC1,dend[1487],0.7411765131058204
720575940614089197,402.172,221.876,162.84,402.188,221.76,162.84,LPLC1,dend[1536],0.2314305336542779
720575940629661381,425.64,223.208,163.88,425.712,223.276,163.88,LPLC1,dend[356],0.8840536763968487
720575940621522671,420.488,220.416,162.36,420.44,220.324,162.36,LPLC1,dend[1443],0.5178069237732942
720575940635631211,443.056,213.744,154.0,442.96,213.644,154.0,LPLC1,dend[212],0.6042155098160287
720575940611922126,413.952,227.228,161.48,413.848,227.216,161.48,LPLC1,dend[660],0.6965377354191857
720575940624305737,434.036,213.696,161.28,434.024,213.6,161.32,LPLC1,dend[263],0.8502237029548702
720575940614751027,416.584,229.48,162.0,416.672,229.584,161.96,LPLC1,dend[920],0.9635549603776471
720575940623514467,400.18,228.628,168.96,400.152,228.764,168.96,LPLC1,dend[1505],0.7636451701489739
720575940629047340,413.848,221.648,164.2,413.724,221.576,164.24,LPLC1,dend[1660],0.7230979269147164
720575940625369884,423.208,223.336,162.92,423.34,223.272,162.88,LPLC1,dend[1232],0.6206092102649641
720575940616298816,407.956,225.064,167.6,407.976,224.968,167.6,LPLC1,dend[1512],1.0
720575940629661381,420.868,227.784,161.52,421.0,227.844,161.52,LPLC1,dend[1077],0.8710114915638125
720575940639172816,424.384,224.732,162.4,424.48,224.676,162.4,LPLC1,dend[1230],1.0
720575940625369884,433.6,221.212,158.52,433.644,221.12,158.56,LPLC1,dend[300],0.3060772753169945
720575940615999547,426.408,214.328,159.88,426.344,214.232,159.88,LPLC1,dend[1274],0.8376304002092851
720575940634361336,412.76,228.988,167.28,412.744,229.076,167.28,LPLC1,dend[691],0.5719479163410015
720575940628716294,423.72,228.264,159.64,423.744,228.376,159.6,LPLC1,dend[441],0.5986801714288541
720575940628716294,424.132,228.436,159.52,423.996,228.452,159.48,LPLC1,dend[441],0.5936943518546275
720575940645750324,403.116,227.144,169.16,403.04,227.096,169.2,LPLC1,dend[1509],0.8946287542556586
720575940637905478,431.728,215.76,157.96,431.764,215.656,157.96,LPLC1,dend[1385],0.7626245470527865
720575940616298816,418.108,227.804,159.16,418.08,227.832,159.04,LPLC1,dend[927],0.7393697350748955
720575940628324802,436.096,219.608,158.76,436.092,219.7,158.76,LPLC1,dend[2423],0.6010689067641236
720575940632086573,419.42,224.536,160.0,419.456,224.456,159.96,LPLC1,dend[1059],0.1410253652907633
720575940637905478,437.148,215.32,158.32,437.12,215.44,158.32,LPLC1,dend[2431],0.8119231849331265
720575940614362380,434.224,220.972,160.0,434.184,221.08,160.08,LPLC1,dend[1246],0.8872294832379235
720575940629778587,422.316,217.604,160.76,422.288,217.56,160.68,LPLC1,dend[1454],0.6456392383793772
720575940615934150,435.984,219.724,159.8,435.912,219.8,159.76,LPLC1,dend[2423],0.17814597638725796
720575940637905478,442.084,216.256,155.64,442.02,216.364,155.64,LPLC1,dend[193],0.9311810343305285
720575940626260490,436.824,217.38,159.44,436.768,217.496,159.44,LPLC1,dend[2430],0.2419451245008027
720575940626865148,437.796,217.4,155.64,437.912,217.416,155.6,LPLC1,dend[200],0.597166783281191
720575940625369884,437.316,217.26,156.04,437.34,217.364,156.04,LPLC1,dend[200],0.8290784751532865
720575940621522671,439.028,211.188,155.4,438.94,211.072,155.4,LPLC1,dend[181],0.9075555504274133
720575940636703977,441.352,211.664,156.2,441.44,211.72,156.24,LPLC1,dend[150],0.32453521688428977
720575940626865148,439.584,216.804,154.8,439.592,216.92,154.8,LPLC1,dend[197],0.23723060941797264
720575940636703977,440.224,213.716,155.36,440.32,213.72,155.36,LPLC1,dend[203],0.6653212672729346
720575940622670845,445.116,212.912,155.68,445.08,213.024,155.68,LPLC1,dend[88],0.9222809452427302
720575940629661381,445.08,213.32,155.88,445.128,213.232,155.96,LPLC1,dend[88],0.8165735146310384
720575940630420281,442.124,211.08,155.44,442.152,211.224,155.4,LPLC1,dend[150],0.8872462954142909
720575940628716294,417.668,220.464,164.68,417.748,220.48,164.72,LPLC1,dend[1671],1.0
720575940619506415,415.112,222.452,165.12,415.148,222.36,165.12,LPLC1,dend[1658],0.8692116575228422
720575940626865148,412.992,228.36,166.0,412.968,228.28,166.04,LPLC1,dend[692],0.8191610443754352
720575940616201695,430.88,214.192,158.0,430.876,214.248,157.88,LPLC1,dend[1381],0.9825384765143406
720575940628716294,437.868,210.116,155.88,437.96,210.0,155.92,LPLC1,dend[166],0.9024961209502097
720575940632086573,443.576,214.652,157.08,443.504,214.584,157.08,LPLC1,dend[217],0.7638170862387819
720575940621403887,430.152,212.964,159.96,430.108,213.072,159.96,LPLC1,dend[1355],0.47426901673323096
720575940622694217,436.348,213.16,157.0,436.22,213.136,157.0,LPLC1,dend[242],0.7486140862332391
720575940627806992,442.36,211.22,156.68,442.452,211.256,156.68,LPLC1,dend[182],0.934427231244824
720575940619506415,437.008,210.82,157.28,436.928,210.784,157.12,LPLC1,dend[180],0.9982860682738668
720575940619695494,435.604,213.788,156.96,435.568,213.656,156.96,LPLC1,dend[250],1.0
720575940616298816,435.516,212.288,157.84,435.528,212.404,157.88,LPLC1,dend[240],0.9496502637067954
720575940625175068,435.016,212.868,157.88,435.02,212.74,157.92,LPLC1,dend[241],0.5720011659589159
720575940624530835,430.172,218.228,157.44,430.088,218.296,157.4,LPLC1,dend[1370],0.8128770019028898
720575940629661381,443.088,214.584,156.36,443.02,214.536,156.36,LPLC1,dend[217],1.0
720575940624530835,430.016,216.92,156.88,429.892,216.908,156.88,LPLC1,dend[1375],0.377488086804392
720575940628716294,439.272,215.084,157.72,439.3,215.208,157.72,LPLC1,dend[225],0.6620994172553066
720575940636703977,429.432,213.644,157.92,429.36,213.72,157.92,LPLC1,dend[1378],0.5632247971705524
720575940646708788,415.428,228.604,163.32,415.42,228.72,163.32,LPLC1,dend[654],1.0
720575940632086573,418.424,228.016,162.88,418.544,228.088,162.84,LPLC1,dend[1072],1.0
720575940646708788,413.88,224.572,162.28,413.816,224.616,162.24,LPLC1,dend[1645],0.7903737239233067
720575940615362558,414.412,227.304,167.16,414.492,227.4,167.08,LPLC1,dend[730],0.2851536226018191
720575940615362558,424.432,227.52,158.92,424.32,227.552,158.92,LPLC1,dend[441],0.9740608519229461
720575940624588070,417.828,219.616,165.44,417.844,219.504,165.44,LPLC1,dend[1670],1.0
720575940637905478,423.168,216.752,162.92,423.112,216.616,162.88,LPLC1,dend[1710],0.4031668507401926
720575940637905478,426.016,227.784,160.64,426.052,227.688,160.6,LPLC1,dend[1093],1.0
720575940637905478,426.9,228.288,158.64,426.888,228.208,158.64,LPLC1,dend[1224],0.9536960874103234
720575940637905478,420.112,227.892,160.68,420.044,227.816,160.68,LPLC1,dend[1071],0.9736738331521729
720575940637905478,419.976,227.872,160.76,419.936,227.824,160.72,LPLC1,dend[1071],0.8980273783879278
720575940637905478,442.888,209.208,156.44,442.976,209.16,156.48,LPLC1,dend[124],0.6937498608181368
720575940637905478,430.66,223.828,160.12,430.752,223.916,160.12,LPLC1,dend[1238],0.9694141339809378
720575940632946477,440.612,209.812,153.76,440.732,209.816,153.76,LPLC1,dend[155],0.7689611790824601
720575940624305737,392.184,221.752,169.2,392.276,221.636,169.2,LPLC1,dend[1627],0.8595055857736692
720575940624305737,400.008,227.7,168.64,400.008,227.856,168.64,LPLC1,dend[1504],0.8213600281287241
720575940624305737,400.6,222.12,168.44,400.508,222.036,168.4,LPLC1,dend[1615],0.19126660491994676
720575940614354326,425.292,207.804,160.84,425.328,207.64,160.84,LPLC1,dend[1342],0.7887774479289121
720575940614354326,396.28,222.336,170.8,396.08,222.304,170.84,LPLC1,dend[1629],0.2793581278832658
720575940621658971,411.796,228.464,166.92,411.868,228.576,166.88,LPLC1,dend[691],1.0
720575940621658971,438.36,209.344,155.72,438.352,209.472,155.76,LPLC1,dend[166],1.0
720575940646708788,428.496,225.792,159.36,428.588,225.84,159.32,LPLC1,dend[364],0.24557494259679874
720575940614751027,439.22,215.224,157.36,439.14,215.12,157.32,LPLC1,dend[225],0.9211205387973866
720575940632946477,430.256,218.58,157.48,430.152,218.488,157.52,LPLC1,dend[1374],0.4804297853323501
720575940632946477,430.144,218.74,157.48,430.016,218.704,157.44,LPLC1,dend[1370],1.0
720575940631450669,430.036,220.612,157.84,430.168,220.568,157.84,LPLC1,dend[1373],0.8517267456956912
720575940645134359,441.596,213.804,157.0,441.572,213.664,157.0,LPLC1,dend[2439],0.9529402105430916
720575940627555197,434.176,212.824,156.52,434.304,212.96,156.48,LPLC1,dend[246],0.8737095261104962
720575940634361336,434.036,213.024,156.64,434.152,213.008,156.6,LPLC1,dend[246],0.9854676308746144
720575940627806992,442.196,212.128,156.88,442.28,212.18,156.88,LPLC1,dend[183],0.2471975719485076
720575940626667270,434.88,212.692,156.76,435.004,212.656,156.72,LPLC1,dend[246],0.3516422868742544
720575940611922126,441.848,215.452,157.08,441.892,215.576,157.12,LPLC1,dend[189],0.66565889250799
720575940625031426,443.244,215.408,156.56,443.132,215.296,156.6,LPLC1,dend[190],0.07440231307551919
720575940622932297,442.544,215.06,157.68,442.64,215.124,157.68,LPLC1,dend[185],0.5492529688088044
720575940622694217,429.04,214.396,157.92,429.052,214.264,157.92,LPLC1,dend[1378],0.5595898953258294
720575940637905478,431.664,215.616,157.92,431.7,215.524,157.88,LPLC1,dend[1385],0.6629640760261799
720575940616403771,430.28,220.68,157.96,430.264,220.764,157.92,LPLC1,dend[1373],0.9928003431283715
720575940631450669,418.512,226.42,160.64,418.584,226.484,160.64,LPLC1,dend[1046],0.8282871769495053
720575940616298816,442.176,215.184,155.52,442.268,215.144,155.56,LPLC1,dend[201],0.5983270716537261
720575940645134359,418.332,230.176,160.0,418.392,230.272,160.0,LPLC1,dend[922],0.6991522479147205
720575940645134359,429.092,213.304,160.16,429.128,213.22,160.16,LPLC1,dend[1388],0.07744211841166315
720575940634361336,431.008,213.508,160.2,430.808,213.484,160.12,LPLC1,dend[1355],1.0
720575940625369884,430.008,212.816,160.56,429.884,212.804,160.52,LPLC1,dend[1356],0.7112604148542762
720575940627555197,442.62,214.124,153.64,442.72,214.12,153.6,LPLC1,dend[211],1.0
720575940636983518,410.904,220.716,166.68,411.008,220.636,166.72,LPLC1,dend[1634],0.7252584437466346
720575940629778587,420.756,226.368,164.48,420.728,226.248,164.48,LPLC1,dend[386],0.44085490709377406
720575940645134359,448.968,212.432,153.64,449.052,212.512,153.64,LPLC1,dend[2448],0.7324041163984016
720575940622932297,421.912,225.092,163.16,421.916,225.164,163.12,LPLC1,dend[389],1.0
720575940610902442,441.696,213.04,153.2,441.624,212.912,153.16,LPLC1,dend[156],0.9702042836763822
720575940626721881,445.884,214.476,153.36,445.816,214.38,153.32,LPLC1,dend[210],0.7504874210150907
720575940639172816,402.728,223.536,169.0,402.732,223.396,169.0,LPLC1,dend[1611],0.8710343745610117
720575940614354326,402.716,223.56,168.96,402.756,223.424,168.96,LPLC1,dend[1611],0.9444938494397571
720575940628324802,425.856,213.048,159.12,425.724,213.016,159.08,LPLC1,dend[1283],1.0
720575940615934150,420.836,225.896,163.28,420.892,225.832,163.24,LPLC1,dend[384],1.0
720575940629047340,442.92,214.776,153.56,442.928,214.7,153.6,LPLC1,dend[213],0.2586885858026553
720575940615999547,425.86,213.028,159.04,425.78,213.048,159.04,LPLC1,dend[1283],1.0
720575940628716294,427.12,222.532,159.96,427.136,222.616,160.0,LPLC1,dend[328],0.9191434287059609
720575940629047340,444.808,214.584,153.6,444.816,214.448,153.6,LPLC1,dend[210],0.4525370753167118
720575940628716294,426.984,222.592,160.08,427.096,222.664,160.04,LPLC1,dend[328],0.8376206409815838
720575940621403887,432.164,221.196,158.56,432.268,221.136,158.52,LPLC1,dend[301],0.9075403810295919
720575940625369884,426.372,222.412,160.88,426.36,222.304,160.88,LPLC1,dend[321],0.6881938275554398
720575940625369884,427.408,222.832,160.96,427.3,222.88,160.92,LPLC1,dend[318],0.3465377083581643
720575940625369884,428.392,222.636,160.52,428.376,222.568,160.56,LPLC1,dend[329],0.5179603350641073
720575940616881821,425.672,223.564,160.48,425.576,223.572,160.44,LPLC1,dend[1088],0.7981851820368542
720575940619506415,426.66,223.292,159.92,426.768,223.252,159.96,LPLC1,dend[319],0.9798149786559232
720575940629047340,425.96,222.004,160.6,426.1,222.024,160.6,LPLC1,dend[327],0.04412455993337927
720575940622670845,426.704,221.64,163.48,426.772,221.708,163.48,LPLC1,dend[314],0.2216738215301211
720575940645134359,419.68,223.8,159.36,419.624,223.888,159.36,LPLC1,dend[1059],0.7936436810236782
720575940626721881,412.576,229.88,164.52,412.624,229.972,164.48,LPLC1,dend[737],0.4862388899536081
720575940616201695,413.464,230.212,164.08,413.36,230.216,164.08,LPLC1,dend[738],0.32828400053098555
720575940629661381,425.148,222.708,164.44,425.1,222.608,164.44,LPLC1,dend[355],0.2914537494748795
720575940628324802,423.952,222.692,164.44,424.02,222.6,164.44,LPLC1,dend[355],0.92003802230639
720575940640642723,426.848,222.536,163.24,426.908,222.64,163.28,LPLC1,dend[313],0.043442595326473016
720575940626260490,425.276,222.528,164.6,425.316,222.604,164.56,LPLC1,dend[355],0.15292703471663655
720575940624588070,413.136,230.056,163.48,413.224,230.08,163.44,LPLC1,dend[738],0.835625045259842
720575940629047340,421.968,224.184,159.6,421.948,224.288,159.6,LPLC1,dend[1055],0.9029944790770319
720575940621403887,415.168,222.52,164.2,415.136,222.384,164.2,LPLC1,dend[1658],0.4022624262788773
720575940639172816,421.668,220.84,164.28,421.7,220.748,164.28,LPLC1,dend[1685],0.6097697211158772
720575940616298816,420.04,225.82,159.32,420.072,225.732,159.32,LPLC1,dend[1051],0.17851571041417977
720575940629047340,413.784,230.516,164.44,413.752,230.568,164.48,LPLC1,dend[734],0.6862875965567615
720575940634361336,426.404,215.036,162.28,426.344,215.092,162.28,LPLC1,dend[1402],0.9854207343713566
720575940629047340,413.636,230.42,164.52,413.612,230.532,164.56,LPLC1,dend[734],0.7635258634764014
720575940615999547,413.824,230.78,164.56,413.816,230.668,164.56,LPLC1,dend[734],0.6099985336709047
720575940625175068,415.936,221.928,162.64,415.852,222.02,162.68,LPLC1,dend[1642],1.0
720575940629661381,427.024,222.396,163.6,427.024,222.304,163.56,LPLC1,dend[314],0.0713829333326048
720575940629638443,411.528,229.528,166.92,411.584,229.604,166.88,LPLC1,dend[693],0.4636209308069676
720575940626260490,427.912,221.14,163.32,427.856,221.076,163.32,LPLC1,dend[1245],0.500743936443231
720575940619720129,419.212,228.216,161.96,419.156,228.092,161.92,LPLC1,dend[1042],1.0
720575940625175068,414.32,229.748,167.0,414.348,229.668,167.0,LPLC1,dend[731],0.5845850729961942
720575940619720129,419.068,228.144,162.04,419.124,228.068,162.04,LPLC1,dend[1042],1.0
720575940625175068,413.216,230.084,167.12,413.284,230.072,167.0,LPLC1,dend[687],1.0
720575940619506415,424.04,220.0,162.64,424.176,220.116,162.64,LPLC1,dend[1706],0.5043394950879785
720575940629661381,420.048,228.32,162.08,420.032,228.436,162.08,LPLC1,dend[1042],0.5199031445106898
720575940645134103,423.424,218.872,161.88,423.488,218.964,161.88,LPLC1,dend[1694],0.2728648524341034
720575940622932297,422.968,219.368,162.36,423.08,219.296,162.36,LPLC1,dend[1703],1.0
720575940639172816,424.068,219.18,161.68,424.024,219.112,161.6,LPLC1,dend[1694],0.7145064462406953
720575940615934150,422.752,218.38,162.28,422.764,218.292,162.32,LPLC1,dend[1692],0.25204492948527735
720575940632086573,421.312,219.36,162.0,421.388,219.336,162.08,LPLC1,dend[1437],0.967566449944997
720575940619695494,404.536,220.672,168.52,404.444,220.648,168.52,LPLC1,dend[1632],0.9991554479484396
720575940617480094,393.404,238.6,168.16,393.544,238.556,168.12,LPLC2,dend[811],0.9213758040925724
720575940622009284,393.256,238.376,166.76,393.144,238.412,166.76,LPLC2,dend[808],0.686731528680888
720575940630731847,412.384,225.084,151.72,412.432,224.992,151.76,LPLC2,dend[901],0.40300211402492336
720575940630731847,412.16,224.932,151.64,412.232,224.828,151.64,LPLC2,dend[901],0.44285340052517175
720575940648418425,412.992,225.332,153.36,413.088,225.276,153.36,LPLC2,dend[901],0.06272438149963466
720575940617294219,409.88,234.248,159.56,409.952,234.352,159.6,LPLC2,dend[874],0.9135736076460069
720575940616008854,399.912,240.48,163.48,399.908,240.6,163.48,LPLC2,dend[817],0.552384819061943
720575940630831185,412.64,224.912,152.32,412.724,225.024,152.36,LPLC2,dend[901],0.2876668333882854
720575940624359093,407.224,236.66,160.88,407.332,236.648,160.92,LPLC2,dend[868],0.732616597864433
720575940613219474,393.088,238.508,166.48,393.108,238.408,166.48,LPLC2,dend[808],0.8250489359323394
720575940635307639,412.176,224.668,151.76,412.224,224.768,151.76,LPLC2,dend[901],0.42659913725860016
720575940646414132,425.424,217.88,169.52,425.384,217.752,169.52,LPLC4,dend[2071],0.278953647956851
720575940646414132,433.208,220.652,169.56,433.328,220.62,169.56,LPLC4,dend[2344],0.46163146130639054
720575940646414132,435.252,222.48,170.16,435.176,222.512,170.16,LPLC4,dend[2091],0.560647837170012
720575940646414132,422.18,219.08,170.12,422.16,219.088,170.24,LPLC4,dend[2068],0.38545801086249454
720575940646414132,437.6,225.808,168.4,437.528,225.88,168.4,LPLC4,dend[2149],0.321862341752586
720575940626408454,435.064,219.704,168.52,434.968,219.688,168.52,LPLC4,dend[2347],0.6126665235403711
720575940635497311,432.632,222.456,174.56,432.616,222.56,174.56,LPLC4,dend[2255],0.6008470602524436
720575940640353333,426.832,214.416,173.2,426.848,214.384,173.28,LPLC4,dend[1990],0.9485536938109421
720575940621259875,427.128,214.244,173.32,427.068,214.36,173.36,LPLC4,dend[1990],1.0
720575940625574844,431.544,208.616,167.64,431.56,208.528,167.6,LPLC4,dend[1771],0.8879134879832526
720575940621514093,429.576,209.992,167.92,429.68,210.088,167.88,LPLC4,dend[1806],0.3715607845749832
720575940626886568,417.792,205.184,169.36,417.832,205.288,169.36,LPLC4,dend[2029],0.3943197445604429
720575940622560094,425.876,214.28,179.44,425.696,214.256,179.44,LPLC4,dend[1936],0.48706392283575495
720575940620346758,422.632,207.452,168.84,422.516,207.376,168.8,LPLC4,dend[1799],0.08802099118581086
720575940625925450,422.368,207.264,169.52,422.42,207.368,169.52,LPLC4,dend[1795],1.0
720575940625925450,422.416,207.18,169.4,422.524,207.328,169.4,LPLC4,dend[1795],0.9359407057245717
720575940609063236,443.172,221.452,168.08,443.08,221.368,168.08,LPLC4,dend[2357],0.9931056798373544
720575940609063236,442.1,221.56,168.52,442.164,221.644,168.52,LPLC4,dend[2358],0.31705264461083627
720575940624864585,421.728,206.94,168.64,421.824,206.932,168.64,LPLC4,dend[1799],0.3106740515992662
720575940640353333,437.98,221.792,168.4,437.98,221.688,168.4,LPLC4,dend[2351],0.3947723725161745
720575940646414132,435.452,222.304,169.48,435.332,222.42,169.48,LPLC4,dend[2327],0.6159750301304999
720575940620346758,438.936,221.34,168.52,438.88,221.46,168.52,LPLC4,dend[2353],0.13707582853811165
720575940622560094,425.68,208.336,169.36,425.64,208.256,169.36,LPLC4,dend[1801],0.32699971611785905
720575940622560094,435.384,221.44,167.44,435.42,221.336,167.44,LPLC4,dend[2349],0.017961914069486107
720575940622560094,425.676,210.544,180.96,425.544,210.452,181.0,LPLC4,dend[1958],0.7618109932446007
720575940622560094,438.564,225.856,179.16,438.552,225.728,179.16,LPLC4,dend[2183],0.5490359146271574
720575940619655685,434.736,219.104,168.84,434.792,219.224,168.84,LPLC4,dend[2347],1.0
720575940621759169,437.52,219.92,168.0,437.508,220.012,168.04,LPLC4,dend[2363],0.5294455787778728
720575940620346758,437.972,220.848,168.08,437.896,220.896,168.08,LPLC4,dend[2350],0.3975062143059438
720575940621514093,432.336,223.632,169.2,432.248,223.528,169.2,LPLC4,dend[2336],0.23318629052379472
720575940633176749,429.752,207.532,168.96,429.608,207.52,168.96,LPLC4,dend[1767],0.8188115359213042
720575940633176749,435.236,221.172,168.32,435.352,221.224,168.36,LPLC4,dend[2366],0.9152571304324871
720575940633176749,437.9,226.964,178.88,437.984,226.904,178.92,LPLC4,dend[2184],0.8690137172556298
720575940633176749,442.452,221.608,167.92,442.516,221.728,167.92,LPLC4,dend[2356],0.9221296181362475
720575940621259875,437.54,225.992,168.72,437.612,226.036,168.72,LPLC4,dend[2149],0.12063054226409867
720575940620375796,429.28,213.072,168.24,429.192,213.024,168.24,LPLC4,dend[1751],0.03738551515846144
720575940620375796,429.048,213.704,168.88,428.96,213.604,168.84,LPLC4,dend[1754],0.15727258145893738
720575940613491826,429.016,213.096,168.84,429.072,213.24,168.8,LPLC4,dend[1753],0.11464588567768062
720575940638880582,429.636,213.144,169.32,429.584,212.996,169.32,LPLC4,dend[1753],0.8852724429109879
720575940618818629,429.2,211.86,169.68,429.216,211.732,169.64,LPLC4,dend[1829],0.6012286978143759
720575940623945194,428.936,208.112,168.24,429.04,208.08,168.24,LPLC4,dend[1769],0.9160753297217497
720575940640353333,429.192,210.124,168.4,429.22,210.212,168.4,LPLC4,dend[1802],0.773357782778681
720575940640353333,429.104,210.048,168.6,429.096,210.152,168.68,LPLC4,dend[1802],0.5456444830882526
720575940619655685,434.736,217.256,168.96,434.704,217.144,168.96,LPLC4,dend[2414],0.3958066362067983
720575940653172726,434.088,215.344,169.36,434.104,215.464,169.32,LPLC4,dend[2389],1.0
720575940619655685,426.032,211.196,168.24,425.988,211.316,168.24,LPLC4,dend[2055],0.767187228910188
720575940619309632,425.596,212.336,168.64,425.544,212.392,168.64,LPLC4,dend[2060],0.4656326144349209
720575940613491826,428.468,213.12,168.84,428.436,213.224,168.84,LPLC4,dend[1749],1.0
720575940615044469,425.192,215.604,169.4,425.26,215.7,169.4,LPLC4,dend[2061],0.9187252123843854
720575940619655685,425.976,211.0,168.12,425.812,211.028,168.16,LPLC4,dend[2058],0.5160426792888626
720575940645336100,427.14,209.26,169.56,427.22,209.212,169.56,LPLC4,dend[1777],0.9075409143249814
720575940634839964,435.476,216.12,169.68,435.496,216.016,169.68,LPLC4,dend[2400],0.5296511502334589
720575940621759169,431.856,224.204,168.92,431.936,224.288,168.92,LPLC4,dend[2336],0.3931697466850521
720575940646414132,432.272,220.6,168.72,432.264,220.744,168.64,LPLC4,dend[2334],0.8970751262067442
720575940623003653,421.788,210.36,172.04,421.652,210.276,172.04,LPLC4,dend[2034],0.551867276314771
720575940613238418,425.136,214.856,172.52,425.264,214.776,172.48,LPLC4,dend[2049],0.6974144153050722
720575940629320010,423.976,215.972,170.16,424.124,215.972,170.12,LPLC4,dend[2074],0.8774483343943769
720575940621759169,432.04,223.316,169.16,432.176,223.272,169.16,LPLC4,dend[2336],0.18668636336575503
720575940624864585,428.856,208.36,175.0,428.716,208.272,175.0,LPLC4,dend[1821],1.0
720575940620729816,433.648,216.184,169.0,433.612,216.304,168.96,LPLC4,dend[2398],0.46883215117271787
720575940620729816,425.2,215.156,171.32,425.064,215.092,171.32,LPLC4,dend[2051],0.9790710248461029
720575940620729816,438.848,220.136,168.68,438.96,220.26,168.68,LPLC4,dend[2362],0.5710324234636688
720575940620729816,439.32,221.504,168.76,439.236,221.604,168.72,LPLC4,dend[2353],0.33465771801765676
720575940623945194,431.788,220.924,169.32,431.78,221.032,169.32,LPLC4,dend[2333],0.20555824532712702
720575940640625280,425.952,210.008,175.6,426.056,209.936,175.6,LPLC4,dend[1948],0.5879167946930297
720575940623945194,428.272,213.916,172.52,428.152,214.044,172.52,LPLC4,dend[1996],0.5735623538174437
720575940623945194,435.988,221.356,171.28,435.868,221.232,171.32,LPLC4,dend[2092],0.5041875510187568
720575940640625280,433.056,221.672,172.36,432.96,221.756,172.36,LPLC4,dend[2251],0.6255671941241848
720575940640625280,432.736,216.496,171.28,432.628,216.416,171.28,LPLC4,dend[2397],0.485369234542333
720575940640625280,440.932,222.072,174.36,440.824,222.156,174.36,LPLC4,dend[2196],0.1742355965157155
720575940640625280,440.6,222.48,174.4,440.512,222.368,174.36,LPLC4,dend[2196],0.0732021136094755
720575940640625280,427.432,212.48,179.72,427.424,212.592,179.72,LPLC4,dend[1930],0.8149855267182662
720575940640625280,424.984,208.216,172.36,424.992,208.368,172.36,LPLC4,dend[1825],0.2308299175621349
720575940640625280,432.368,216.556,171.44,432.308,216.472,171.52,LPLC4,dend[2397],0.5980462290245575
720575940640625280,431.952,221.892,171.36,431.908,221.98,171.4,LPLC4,dend[2248],0.9567804366079703
720575940640625280,430.056,210.2,167.76,430.012,210.296,167.72,LPLC4,dend[1806],0.6341066763080899
720575940640625280,436.088,220.832,172.64,436.032,220.7,172.68,LPLC4,dend[2094],0.3467074843227131
720575940640625280,436.008,215.192,169.36,436.0,215.312,169.36,LPLC4,dend[2401],0.4056581225062893
720575940640625280,435.916,215.088,169.52,435.828,215.164,169.48,LPLC4,dend[2401],0.5756450411691287
720575940640625280,442.112,221.388,169.04,442.168,221.444,169.04,LPLC4,dend[2358],0.7626752514632983
720575940640625280,432.384,221.896,171.12,432.368,222.048,171.12,LPLC4,dend[2248],0.49306947003585466
720575940640625280,433.176,216.66,170.56,433.188,216.548,170.56,LPLC4,dend[2397],0.22429288245455967
720575940640625280,432.932,216.432,171.08,432.864,216.392,171.04,LPLC4,dend[2397],0.38974887755108956
720575940640625280,432.348,220.216,170.84,432.436,220.168,170.84,LPLC4,dend[2345],0.3495290204186738
720575940625925450,432.76,208.112,167.36,432.744,207.992,167.36,LPLC4,dend[1772],0.37312658597180814
720575940625925450,441.224,222.684,167.2,441.256,222.552,167.24,LPLC4,dend[2359],0.7158722990276097
720575940625925450,440.344,222.392,167.24,440.308,222.324,167.28,LPLC4,dend[2355],0.06767985269724987
720575940623492632,431.796,219.004,166.36,431.888,218.96,166.36,LPLC4,dend[2417],0.9866153361102038
720575940618818629,436.068,220.676,166.36,435.916,220.632,166.36,LPLC4,dend[2367],0.9613709282802883
720575940633176749,435.928,221.12,167.52,435.896,221.0,167.52,LPLC4,dend[2349],0.22242746561612667
720575940634223514,437.036,220.82,168.0,437.108,220.752,167.96,LPLC4,dend[2349],0.7911148500648579
720575940620346758,438.028,220.248,167.92,438.044,220.116,167.92,LPLC4,dend[2363],0.8180302919264576
720575940626435850,427.18,215.1,178.2,427.288,215.092,178.2,LPLC4,dend[1853],0.10732872180389995
720575940626435850,425.856,210.8,167.68,425.916,210.904,167.72,LPLC4,dend[2056],0.8881820717223047
720575940619414597,430.444,215.06,167.12,430.42,215.016,167.04,LPLC4,dend[1728],0.7586241867253798
720575940623003653,431.488,215.648,166.96,431.416,215.816,166.96,LPLC4,dend[1727],0.9562544915634797
720575940634839964,426.216,216.796,175.6,426.184,216.876,175.56,LPLC4,dend[1920],0.27930633517307674
720575940634839964,426.108,216.792,175.72,426.012,216.836,175.72,LPLC4,dend[1920],0.17368464745817586
720575940634839964,433.112,222.848,172.92,433.2,222.908,172.96,LPLC4,dend[2253],0.43342527535719017
720575940634839964,433.416,223.884,169.96,433.376,223.756,169.96,LPLC4,dend[2326],0.569767618636878
720575940634839964,426.088,215.876,177.04,425.984,215.784,177.04,LPLC4,dend[1848],0.41893985967538216
720575940621759169,429.2,212.4,167.0,429.272,212.536,167.0,LPLC4,dend[1396],1.0
720575940621514093,429.072,210.28,167.44,428.988,210.332,167.44,LPLC4,dend[1804],0.08608054896690227
720575940625925450,432.048,208.424,167.52,431.96,208.372,167.52,LPLC4,dend[1772],0.08776031839793234
720575940630321464,428.028,224.8,166.56,428.128,224.824,166.56,LPLC4,dend[339],0.4592213299210376
720575940617687382,427.052,224.476,168.0,427.06,224.324,168.0,LPLC4,dend[348],0.9504831884920257
720575940625925450,432.116,208.588,167.6,432.08,208.68,167.6,LPLC4,dend[1773],0.6608128480361048
720575940620729816,438.096,221.744,176.8,438.236,221.732,176.76,LPLC4,dend[2163],0.869867760949212
720575940626435850,435.328,215.288,171.28,435.332,215.176,171.32,LPLC4,dend[2413],0.746234850653603
720575940626435850,435.512,215.9,170.16,435.596,215.956,170.12,LPLC4,dend[2400],0.9448837363894197
720575940626435850,427.116,207.264,174.24,427.176,207.392,174.24,LPLC4,dend[1820],0.23508128405410192
720575940628523113,425.756,213.064,174.96,425.712,213.152,174.96,LPLC4,dend[1984],0.9887091055887448
720575940628523113,425.604,213.06,176.48,425.568,213.152,176.52,LPLC4,dend[1924],0.9356142013163095
720575940628523113,426.52,213.092,180.24,426.64,213.128,180.2,LPLC4,dend[1930],0.6573775797848311
720575940621514093,428.212,215.452,177.68,428.256,215.536,177.68,LPLC4,dend[1894],0.08810370716903553
720575940628523113,431.132,224.524,171.16,431.084,224.624,171.16,LPLC4,dend[2269],0.7359715722605051
720575940621259875,430.38,216.316,177.72,430.36,216.18,177.72,LPLC4,dend[1893],0.9576429307999874
720575940628523113,430.704,224.156,171.4,430.736,224.268,171.4,LPLC4,dend[2267],0.973670826923633
720575940619655685,427.896,216.496,176.76,427.988,216.516,176.76,LPLC4,dend[1852],0.5034080202474664
720575940628523113,421.748,218.028,175.52,421.864,217.964,175.48,LPLC4,dend[1918],0.9073042786227309
720575940621514093,435.892,217.304,176.84,435.776,217.304,176.8,LPLC4,dend[2105],0.5210716560282649
720575940640353333,426.02,215.848,177.16,425.928,215.788,177.12,LPLC4,dend[1848],0.4979148658781407
720575940653172726,435.46,216.832,177.2,435.432,216.936,177.2,LPLC4,dend[2105],0.7223432852795427
720575940641216976,425.524,213.772,176.64,425.632,213.704,176.64,LPLC4,dend[1924],0.9100911950278893
720575940626408454,426.12,211.764,177.76,426.08,211.632,177.72,LPLC4,dend[1950],0.21260558818765438
720575940645336100,428.028,213.472,177.0,428.024,213.352,177.0,LPLC4,dend[1940],0.9972807174180492
720575940619309632,421.46,214.14,177.84,421.564,214.06,177.84,LPLC4,dend[1972],0.9584119875969579
720575940619414597,420.448,211.832,176.96,420.528,211.868,176.92,LPLC4,dend[1981],0.9557034464017082
720575940620375796,420.584,211.748,178.16,420.568,211.796,178.08,LPLC4,dend[1978],1.0
720575940617687382,441.64,210.464,161.92,441.644,210.336,161.92,LPLC4,dend[101],0.5230050803627391
720575940615044469,440.74,222.896,162.92,440.776,222.796,162.88,LPLC4,dend[2376],0.7795278059913143
720575940627471619,429.212,213.516,180.84,429.112,213.448,180.84,LPLC4,dend[1933],0.7657762507043632
720575940627471619,435.932,216.212,170.04,435.792,216.136,170.04,LPLC4,dend[2400],0.9960690569515473
720575940627471619,436.568,215.732,170.16,436.668,215.648,170.16,LPLC4,dend[2412],0.9268314889929916
720575940627471619,430.508,215.976,177.64,430.432,216.14,177.6,LPLC4,dend[1893],1.0
720575940627471619,438.372,221.996,173.64,438.428,222.112,173.6,LPLC4,dend[2158],0.783675229754891
720575940624203972,435.552,214.136,171.68,435.536,214.256,171.64,LPLC4,dend[2413],1.0
720575940623961747,422.632,219.38,170.36,422.624,219.296,170.28,LPLC4,dend[2068],0.6198604162377593
720575940623961747,422.392,219.264,170.4,422.36,219.184,170.36,LPLC4,dend[2068],0.4662104948687351
720575940624203972,429.668,214.676,178.44,429.696,214.664,178.52,LPLC4,dend[1896],0.9226008194120339
720575940623961747,426.688,209.84,176.32,426.536,209.808,176.32,LPLC4,dend[1946],0.8227612098243154
720575940623961747,424.268,218.4,170.92,424.22,218.252,170.92,LPLC4,dend[2070],1.0
720575940623961747,424.4,218.024,170.84,424.296,218.064,170.84,LPLC4,dend[2070],0.8563361138770553
720575940622276735,448.968,211.96,160.76,448.88,211.896,160.72,LPLC4,dend[50],0.3844530667272249
720575940623492632,444.628,211.512,161.6,444.6,211.376,161.64,LPLC4,dend[109],1.0
720575940619414597,440.816,210.224,162.88,440.708,210.236,162.88,LPLC4,dend[103],0.039714096401050177
720575940625574844,442.52,208.716,161.72,442.448,208.796,161.72,LPLC4,dend[110],0.9275979919425917
720575940624864585,443.272,210.784,161.92,443.176,210.688,161.92,LPLC4,dend[106],0.23272765054086791
720575940617687382,442.2,210.772,162.16,442.32,210.688,162.2,LPLC4,dend[107],0.9907610890448456
720575940627363356,420.392,213.664,174.88,420.448,213.752,174.92,LPLC4,dend[2038],0.8787264641756966
720575940627363356,415.052,230.164,170.4,414.944,230.264,170.44,LPLC4,dend[714],0.6865246274784511
720575940627363356,417.196,229.264,169.6,417.128,229.152,169.6,LPLC4,dend[719],0.991770045267007
720575940627363356,430.384,215.668,166.36,430.312,215.656,166.28,LPLC4,dend[1727],0.2032587692539714
720575940627363356,415.372,230.544,170.16,415.296,230.608,170.12,LPLC4,dend[715],1.0
720575940627363356,433.304,210.712,164.4,433.428,210.76,164.36,LPLC4,dend[274],0.35753261326383257
720575940622276735,428.508,208.096,174.44,428.376,208.056,174.48,LPLC4,dend[1821],0.2320088453011824
720575940622276735,434.348,209.688,164.92,434.46,209.744,164.92,LPLC4,dend[269],0.6624806718995139
720575940622276735,449.884,210.144,160.04,449.772,210.284,160.0,LPLC4,dend[48],0.6055056549586493
720575940622276735,437.324,220.404,165.6,437.416,220.488,165.6,LPLC4,dend[2371],0.37343666584725244
720575940622276735,449.572,210.688,160.44,449.632,210.82,160.44,LPLC4,dend[48],0.7550999088603881
720575940627363356,431.404,213.368,166.4,431.316,213.28,166.4,LPLC4,dend[1731],0.6046101356441553
720575940627363356,421.364,209.544,167.76,421.248,209.564,167.76,LPLC4,dend[1428],0.9585673023210238
720575940645336100,434.152,216.652,169.64,434.032,216.6,169.64,LPLC4,dend[2395],0.38619890471709134
720575940645336100,427.368,209.396,170.0,427.336,209.308,169.92,LPLC4,dend[1777],0.9550193848580136
720575940645336100,426.58,209.88,169.48,426.504,209.96,169.52,LPLC4,dend[1778],0.6214926907772369
720575940645336100,427.088,219.332,176.44,426.988,219.348,176.44,LPLC4,dend[1903],0.7234444849245623
720575940624203972,428.924,216.6,175.92,428.856,216.596,175.96,LPLC4,dend[1852],0.9905983137148977
720575940624203972,429.44,214.784,177.76,429.388,214.884,177.72,LPLC4,dend[1895],0.19014326213357013
720575940624203972,425.716,208.112,169.56,425.728,207.992,169.56,LPLC4,dend[1785],0.8354210531159316
720575940645336100,435.328,214.98,171.2,435.356,215.084,171.2,LPLC4,dend[2413],0.7060980613631618
720575940645336100,421.632,218.564,170.48,421.728,218.496,170.48,LPLC4,dend[2066],1.0
720575940645336100,441.164,224.616,171.28,441.264,224.732,171.24,LPLC4,dend[2144],0.5166048638797945
720575940623383432,436.028,216.476,167.88,435.924,216.504,167.88,LPLC4,dend[2381],1.0
720575940625925450,427.16,215.072,176.68,427.248,215.136,176.68,LPLC4,dend[1850],0.49802620562386074
720575940626435850,427.348,211.424,176.92,427.248,211.348,176.92,LPLC4,dend[1945],0.5773790015489202
720575940615044469,420.764,212.064,176.88,420.672,211.956,176.92,LPLC4,dend[1981],0.9831394484605186
720575940619655685,427.928,216.592,176.64,427.988,216.64,176.68,LPLC4,dend[1852],0.551043268388215
720575940626886568,431.16,215.86,166.44,431.124,215.792,166.48,LPLC4,dend[1727],0.697593060617722
720575940619309632,420.888,214.376,178.72,420.912,214.472,178.72,LPLC4,dend[1969],0.7880205020501522
720575940626435850,426.64,209.88,180.48,426.568,209.772,180.48,LPLC4,dend[1952],0.30503807252149334
720575940630321464,442.128,210.368,161.68,442.076,210.412,161.64,LPLC4,dend[101],0.3305908410525594
720575940634223514,439.52,225.776,169.32,439.536,225.872,169.32,LPLC4,dend[2147],1.0
720575940613238418,425.172,215.04,172.36,425.316,214.988,172.36,LPLC4,dend[2049],0.7359445521547628
720575940621259875,434.496,219.336,168.92,434.612,219.4,168.92,LPLC4,dend[2347],0.8784731940622286
720575940620346758,427.968,214.344,172.36,427.972,214.48,172.4,LPLC4,dend[1995],0.12329620815869145
720575940619159233,434.116,223.42,170.48,434.052,223.328,170.44,LPLC4,dend[2324],1.0
720575940613491826,432.344,222.656,169.48,432.196,222.648,169.48,LPLC4,dend[2336],0.051121956678903055
720575940613491826,433.224,222.112,169.48,433.4,222.1,169.48,LPLC4,dend[2086],0.5389032513685659
720575940627363356,432.236,213.836,165.6,432.268,213.94,165.6,LPLC4,dend[1732],0.7930735468865883
720575940645336100,425.12,207.128,172.4,425.152,207.216,172.4,LPLC4,dend[1825],1.0
720575940622276735,417.684,207.252,172.12,417.704,207.344,172.16,LPLC4,dend[2016],1.0
720575940627471619,429.04,218.448,179.8,429.056,218.352,179.8,LPLC4,dend[1862],0.2737019942072035
720575940619414597,431.48,213.5,166.72,431.44,213.376,166.72,LPLC4,dend[1731],0.5006286583116867
720575940621759169,438.368,221.64,168.44,438.296,221.488,168.44,LPLC4,dend[2352],0.267759528325959
720575940638880582,434.944,209.78,164.56,434.84,209.74,164.56,LPLC4,dend[269],0.6766391344048335
720575940615044469,418.312,205.388,169.24,418.236,205.46,169.24,LPLC4,dend[2029],0.9506544070013642
720575940636418740,435.688,220.456,171.44,435.668,220.576,171.44,LPLC4,dend[2093],0.600001427201922
720575940617687382,433.324,210.416,165.08,433.3,210.308,165.04,LPLC4,dend[274],1.0
720575940628523113,442.268,222.848,174.48,442.16,222.792,174.48,LPLC4,dend[2196],0.6383370149139319
720575940634839964,430.92,217.6,184.44,430.816,217.572,184.4,LPLC4,dend[1881],0.47378150640464145
720575940638880582,423.732,214.736,172.24,423.784,214.62,172.28,LPLC4,dend[1843],1.0
720575940630321464,423.172,214.008,171.8,423.176,214.128,171.8,LPLC4,dend[1998],0.7313439215708034
720575940617687382,424.848,211.68,169.88,424.92,211.544,169.88,LPLC4,dend[2054],0.8711955082905946
720575940617687382,441.748,210.164,161.68,441.808,210.252,161.68,LPLC4,dend[101],0.4332856526091279
720575940617687382,418.296,207.232,170.76,418.312,207.332,170.76,LPLC4,dend[2017],0.9977827707591155
720575940617687382,433.8,220.44,165.96,433.776,220.332,165.96,LPLC4,dend[2417],0.1856495804183989
720575940620729816,425.144,214.168,179.4,425.256,214.232,179.4,LPLC4,dend[1936],0.5718826124685209
720575940620729816,426.888,213.4,179.48,426.808,213.292,179.48,LPLC4,dend[1930],0.4106524068411515
720575940653172726,435.388,216.532,177.52,435.344,216.6,177.56,LPLC4,dend[2105],0.8838873937368543
720575940620729816,433.58,223.264,170.24,433.656,223.328,170.24,LPLC4,dend[2326],0.1588635271270343
720575940653172726,426.2,209.732,175.64,426.208,209.844,175.64,LPLC4,dend[1948],0.4736423595419059
720575940653172726,424.744,215.06,171.24,424.872,215.096,171.24,LPLC4,dend[2051],0.9825857468372697
720575940620729816,426.04,213.488,177.88,426.032,213.38,177.88,LPLC4,dend[1928],0.6884440310181036
720575940623945194,425.768,219.344,176.56,425.732,219.484,176.64,LPLC4,dend[1901],0.9696815445418842
720575940653172726,426.104,209.812,175.28,426.02,209.872,175.28,LPLC4,dend[1948],0.8549100442683332
720575940620729816,435.584,216.336,167.96,435.528,216.452,167.96,LPLC4,dend[2381],0.7394552635448949
720575940620729816,429.696,208.644,168.36,429.584,208.572,168.4,LPLC4,dend[1766],0.9919739998471981
720575940620729816,434.596,218.096,174.68,434.656,218.16,174.6,LPLC4,dend[2106],0.9499544510717398
720575940620729816,433.768,222.584,170.32,433.784,222.46,170.32,LPLC4,dend[2088],0.7330441450860442
720575940614209576,427.324,223.736,174.12,427.304,223.92,174.08,LPLC4,dend[2280],0.7406982654129509
720575940613984578,426.736,208.936,172.68,426.744,208.84,172.64,LPLC4,dend[1816],0.4805398748225191
720575940613984578,428.588,217.412,182.44,428.492,217.308,182.44,LPLC4,dend[1858],0.6225129833181134
720575940613984578,433.644,223.816,170.92,433.58,223.764,170.96,LPLC4,dend[2325],1.0
720575940613984578,432.376,223.108,169.16,432.26,223.148,169.16,LPLC4,dend[2336],0.16290054079394747
720575940613984578,426.536,208.4,168.96,426.432,208.328,169.0,LPLC4,dend[1783],0.842550371140475
720575940621514093,429.032,213.152,168.92,429.156,213.252,168.92,LPLC4,dend[1753],0.2313337209014209
720575940627149514,426.8,212.644,180.68,426.844,212.752,180.68,LPLC4,dend[1931],0.4007670368723763
720575940619014981,422.856,214.18,176.04,422.944,214.244,176.04,LPLC4,dend[1962],0.5731835738013586
720575940619014981,435.896,220.736,166.04,435.888,220.784,166.12,LPLC4,dend[2368],0.23483073306280866
720575940618818629,439.504,222.512,164.76,439.456,222.432,164.72,LPLC4,dend[2373],0.4836888113878256
720575940614209576,425.664,223.344,173.68,425.656,223.464,173.72,LPLC4,dend[2317],0.1762371520863332
720575940614209576,426.784,217.008,174.64,426.884,216.984,174.68,LPLC4,dend[1920],0.776205773633952
720575940614209576,425.564,218.168,177.2,425.56,218.052,177.2,LPLC4,dend[1899],0.520923191002827
720575940614209576,436.748,215.564,170.44,436.86,215.536,170.44,LPLC4,dend[2410],1.0
720575940614209576,428.488,223.208,173.68,428.632,223.248,173.76,LPLC4,dend[2321],0.5054722566610292
720575940614209576,441.332,222.688,174.72,441.296,222.528,174.72,LPLC4,dend[2196],0.3602994975497419
720575940614209576,425.648,218.552,177.0,425.504,218.572,177.0,LPLC4,dend[1899],0.6538884284563118
720575940614209576,438.448,221.408,175.76,438.676,221.336,175.76,LPLC4,dend[2192],0.32471364933344404
720575940653172726,435.704,217.208,175.36,435.736,217.328,175.4,LPLC4,dend[2104],1.0
720575940613491826,435.716,217.508,175.28,435.816,217.456,175.28,LPLC4,dend[2104],0.8314757495186355
720575940634599650,440.092,220.704,164.48,440.128,220.74,164.52,LPLC4,dend[2378],0.9223163164390867
720575940617687382,421.148,209.528,170.8,421.216,209.496,170.76,LPLC4,dend[2036],0.954769401251922
720575940613491826,419.196,216.624,174.12,419.128,216.6,174.04,LPLC4,dend[2045],0.7110520671762091
720575940613491826,434.232,216.632,169.2,434.312,216.576,169.16,LPLC4,dend[2386],0.9144190681951293
720575940613491826,419.076,216.772,174.28,418.952,216.744,174.32,LPLC4,dend[2045],0.8605933988379546
720575940613491826,438.936,221.808,168.64,438.984,221.672,168.68,LPLC4,dend[2353],0.23069724664089394
720575940624864585,421.84,207.036,168.88,421.924,207.0,168.92,LPLC4,dend[1799],0.2766884979424919
720575940624864585,435.144,215.476,169.16,435.116,215.608,169.12,LPLC4,dend[2399],0.536839478767408
720575940624864585,435.7,215.24,169.24,435.768,215.356,169.2,LPLC4,dend[2401],0.21562985126176648
720575940619414597,421.328,213.208,176.24,421.476,213.264,176.28,LPLC4,dend[1983],0.8043176115343437
720575940646414132,431.144,218.54,182.6,431.112,218.62,182.64,LPLC4,dend[1879],0.28355687232846216
720575940624864585,430.08,212.048,170.08,429.956,212.12,170.16,LPLC4,dend[1830],0.12902384544733222
720575940646414132,437.208,215.484,170.36,437.096,215.468,170.32,LPLC4,dend[2410],0.7500259287755613
720575940624008586,435.668,210.948,163.72,435.76,210.92,163.76,LPLC4,dend[268],0.954058468859393
720575940624008586,418.352,204.712,169.76,418.344,204.824,169.76,LPLC4,dend[2028],1.0
720575940624008586,420.408,211.488,178.04,420.512,211.536,178.0,LPLC4,dend[1980],0.778280195772004
720575940625574844,429.912,212.12,169.52,429.88,211.972,169.52,LPLC4,dend[1831],0.24336382759310476
720575940640625280,424.184,214.676,179.44,424.08,214.632,179.52,LPLC4,dend[1937],0.26979974603301754
720575940625574844,424.376,219.228,179.68,424.288,219.292,179.68,LPLC4,dend[1912],0.4878363593025834
720575940623961747,426.92,209.452,172.28,427.016,209.524,172.28,LPLC4,dend[1815],0.9755437210433066
720575940623961747,426.188,208.904,172.2,426.12,208.82,172.2,LPLC4,dend[1816],0.8111781871679182
720575940625574844,424.208,219.356,179.24,424.14,219.424,179.28,LPLC4,dend[1910],0.6599470174582275
720575940625574844,429.944,212.08,169.96,429.912,211.96,169.96,LPLC4,dend[1830],0.0853978275031448
720575940625574844,425.192,211.316,179.2,425.152,211.192,179.2,LPLC4,dend[1959],0.5128102495553792
720575940625574844,425.868,214.772,172.6,425.74,214.78,172.6,LPLC4,dend[2049],0.9883938193653554
720575940625574844,426.464,207.272,169.36,426.392,207.348,169.36,LPLC4,dend[1785],0.2894544622576092
720575940625574844,423.696,218.72,178.44,423.78,218.788,178.44,LPLC4,dend[1905],0.8473097378827228
720575940625574844,426.764,207.536,169.44,426.736,207.636,169.44,LPLC4,dend[1782],0.9262903641481991
720575940626886568,443.22,210.952,161.56,443.288,210.86,161.56,LPLC4,dend[105],1.0
720575940629320010,436.888,215.992,174.32,436.916,215.876,174.32,LPLC4,dend[2103],0.8565464335842866
720575940620729816,439.696,221.7,168.48,439.596,221.768,168.48,LPLC4,dend[2353],0.6004387727648529
720575940626886568,433.488,210.376,164.48,433.44,210.472,164.48,LPLC4,dend[274],0.5445405624624787
720575940640625280,435.92,215.232,169.24,435.88,215.348,169.2,LPLC4,dend[2401],0.2558379909870078
720575940634223514,432.208,221.784,169.36,432.288,221.848,169.4,LPLC4,dend[2335],0.4015960987706753
720575940613491826,433.88,216.684,169.4,433.872,216.552,169.4,LPLC4,dend[2394],1.0
720575940615044469,424.928,215.668,169.44,424.896,215.8,169.44,LPLC4,dend[2062],0.3521508315838477
720575940634839964,434.844,216.784,169.36,434.708,216.756,169.36,LPLC4,dend[2387],1.0
720575940621259875,438.768,222.392,172.48,438.24,222.256,172.44,LPLC4,dend[2156],0.7495750996669204
720575940628523113,425.54,213.464,175.76,425.508,213.568,175.76,LPLC4,dend[1984],0.42891767774144013
720575940621259875,431.58,220.72,176.28,431.688,220.756,176.32,LPLC4,dend[2260],0.7127499251640177
720575940623961747,426.192,208.924,172.36,426.164,208.828,172.36,LPLC4,dend[1816],0.8002795541447074
720575940640353333,427.144,208.78,172.4,426.56,208.728,172.44,LPLC4,dend[1816],0.619957658440619
720575940621259875,429.156,216.924,180.88,429.048,216.896,180.84,LPLC4,dend[1856],0.7210278120508232
720575940634839964,426.44,208.384,172.72,426.328,208.368,172.72,LPLC4,dend[1817],0.27886577273236307
720575940640353333,430.024,218.888,179.6,429.932,218.952,179.6,LPLC4,dend[1863],0.5173248078664875
720575940622560094,439.468,227.392,177.68,439.44,227.472,177.64,LPLC4,dend[2186],0.4232922936477912
720575940623961747,436.336,223.728,179.56,436.348,223.636,179.6,LPLC4,dend[2179],0.32379341725114896
720575940623003653,435.696,221.568,165.68,435.8,221.64,165.68,LPLC4,dend[2369],0.2880374039318365
720575940626435850,419.888,216.7,172.36,419.916,216.588,172.36,LPLC4,dend[2046],0.6625879311033799
720575940609063236,422.388,215.524,172.88,422.344,215.436,172.84,LPLC4,dend[2042],0.6498927702732928
720575940620729816,437.624,222.22,177.12,437.744,222.252,177.12,LPLC4,dend[2164],0.8689820298816255
720575940633176749,444.768,219.32,176.96,444.868,219.336,176.96,LPLC4,dend[2202],0.5759289730428238
720575940619309632,421.484,214.204,178.08,421.62,214.152,178.08,LPLC4,dend[1967],0.4235509771295482
720575940618818629,444.712,218.728,177.04,444.748,218.824,177.04,LPLC4,dend[2203],0.8090480972600627
720575940630321464,428.044,224.628,166.8,428.14,224.656,166.8,LPLC4,dend[339],0.7055525795266514
720575940633176749,442.472,226.304,169.6,442.56,226.256,169.56,LPLC4,dend[2135],0.9324872281734001
720575940624864585,435.736,214.232,169.36,435.792,214.156,169.36,LPLC4,dend[2402],0.7101781968111891
720575940613238418,432.436,224.016,170.96,432.432,224.16,170.92,LPLC4,dend[2268],0.8722857979286425
720575940623383432,431.096,222.484,169.56,431.144,222.536,169.6,LPLC4,dend[2343],0.33571381195022426
720575940621759169,437.668,219.704,168.08,437.792,219.72,168.08,LPLC4,dend[2364],0.6040416707804677
720575940624864585,435.72,214.584,169.6,435.836,214.608,169.56,LPLC4,dend[2402],0.34287487303384917
720575940624864585,421.684,206.864,169.0,421.788,206.848,169.04,LPLC4,dend[1799],0.3847330867305613
720575940624864585,426.62,217.644,169.8,426.56,217.552,169.84,LPLC4,dend[2073],0.9537688080891683
720575940641216976,440.704,222.532,169.16,440.684,222.42,169.16,LPLC4,dend[2361],0.9155860455549373
720575940641216976,440.636,222.56,168.92,440.576,222.436,168.92,LPLC4,dend[2361],0.7145032845922363
720575940641216976,426.284,206.936,170.0,426.292,206.824,169.92,LPLC4,dend[1787],0.5003750886537904
720575940641216976,430.068,221.328,169.68,430.2,221.376,169.68,LPLC4,dend[2342],0.7397922077200566
720575940641216976,435.2,218.164,173.96,435.168,218.264,173.92,LPLC4,dend[2106],0.4811181684731482
720575940627149514,422.22,217.92,175.32,422.116,217.98,175.32,LPLC4,dend[1918],0.7484938043451712
720575940627149514,426.152,212.704,179.48,426.128,212.82,179.44,LPLC4,dend[1930],0.2369825946335435
720575940626408454,431.012,221.244,171.92,431.184,221.256,171.96,LPLC4,dend[2323],0.5853592867862419
720575940626408454,433.804,219.996,170.44,433.724,219.904,170.4,LPLC4,dend[2346],0.6296093369112027
720575940626408454,433.904,219.764,170.56,433.832,219.648,170.52,LPLC4,dend[2346],0.9346314854472719
720575940626408454,440.112,209.744,163.68,440.068,209.832,163.72,LPLC4,dend[103],0.41149038208835625
720575940626408454,448.072,211.088,161.56,448.096,211.204,161.56,LPLC4,dend[49],0.9204702755778308
720575940626408454,431.44,210.52,168.64,431.58,210.496,168.64,LPLC4,dend[1809],0.5343277336831679
720575940633176749,425.692,213.508,175.2,425.7,213.4,175.2,LPLC4,dend[1984],0.8073525951054026
720575940620375796,446.756,215.016,158.92,446.708,214.944,158.88,LPLC4,dend[76],0.6303473651876018
720575940620375796,446.34,214.536,159.64,446.276,214.552,159.6,LPLC4,dend[77],0.31133202791768116
720575940623003653,440.4,222.592,163.2,440.504,222.632,163.2,LPLC4,dend[2376],0.40306353249281235
720575940635497311,432.1,222.464,174.56,432.192,222.532,174.56,LPLC4,dend[2255],0.7532229893636628
720575940627149514,422.592,218.044,175.24,422.576,218.212,175.24,LPLC4,dend[1918],0.44523072407327013
720575940609063236,426.576,209.612,180.28,426.584,209.72,180.28,LPLC4,dend[1952],0.22481541858701912
720575940624864585,441.8,221.728,163.24,441.664,221.692,163.24,LPLC4,dend[2375],0.9936942438199675
720575940618818629,440.552,222.476,163.84,440.58,222.352,163.8,LPLC4,dend[2374],0.8585829617511136
720575940646414132,437.232,215.8,171.16,437.204,215.9,171.16,LPLC4,dend[2411],0.7439543367537861
720575940613984578,433.68,221.552,168.68,433.628,221.44,168.72,LPLC4,dend[2085],0.8617491846520644
720575940626435850,433.216,224.14,169.6,433.184,224.032,169.6,LPLC4,dend[2326],0.9182205963388267
720575940626435850,430.936,209.356,169.68,430.856,209.472,169.64,LPLC4,dend[1808],1.0
720575940646414132,447.344,226.58,173.6,447.34,226.72,173.6,LPLC4,dend[2210],1.0
720575940626435850,426.464,209.968,180.48,426.416,209.912,180.4,LPLC4,dend[1951],1.0
720575940646414132,435.672,222.392,169.32,435.596,222.504,169.36,LPLC4,dend[2327],0.737284395744217
720575940635497311,439.164,224.484,179.16,439.2,224.352,179.12,LPLC4,dend[2181],0.9267205088808491
720575940635497311,436.016,220.048,174.28,435.916,220.096,174.24,LPLC4,dend[2108],1.0
720575940635497311,436.46,226.0,169.2,436.544,226.024,169.2,LPLC4,dend[2154],0.9852591238180733
720575940626408454,439.88,209.6,163.96,439.8,209.66,164.0,LPLC4,dend[103],0.5486063215394263
720575940613984578,424.664,207.128,168.36,424.768,207.12,168.32,LPLC4,dend[1793],0.30956920306973007
720575940620346758,425.436,214.76,179.68,425.32,214.708,179.68,LPLC4,dend[1936],0.974873563766179
720575940635497311,428.12,209.96,171.0,428.164,210.072,171.0,LPLC4,dend[1810],1.0
720575940620346758,443.228,210.468,161.36,443.168,210.528,161.32,LPLC4,dend[104],0.647837066389729
720575940620346758,438.732,219.008,177.24,438.812,219.064,177.24,LPLC4,dend[2194],0.8967178122638472
720575940620346758,440.308,221.992,167.56,440.284,222.132,167.56,LPLC4,dend[2355],0.0770443063847689
720575940634599650,420.096,210.016,173.8,420.076,210.128,173.8,LPLC4,dend[2033],0.6347479784505594
720575940630321464,442.72,210.228,161.52,442.824,210.248,161.48,LPLC4,dend[104],0.8485673415066091
720575940630321464,438.832,219.992,167.36,438.784,219.936,167.36,LPLC4,dend[2365],0.46180427323727763
720575940630321464,442.952,210.7,161.88,443.072,210.664,161.88,LPLC4,dend[106],0.26566786020596594
720575940634599650,435.264,209.456,164.48,435.188,209.472,164.48,LPLC4,dend[273],0.9066234004530467
720575940630321464,434.868,216.96,168.76,434.784,216.96,168.72,LPLC4,dend[2414],0.2587990120452085
720575940630321464,434.608,216.16,169.2,434.536,216.212,169.12,LPLC4,dend[2385],1.0
720575940619414597,420.588,211.812,177.32,420.64,211.892,177.32,LPLC4,dend[1981],0.48685634460336796
720575940619414597,415.48,229.508,169.72,415.432,229.368,169.72,LPLC4,dend[717],0.8586874595229453
720575940609063236,434.072,208.156,166.48,434.0,208.064,166.48,LPLC4,dend[1772],0.866357807571621
720575940609063236,426.936,207.62,172.68,427.02,207.552,172.68,LPLC4,dend[1823],0.7911812308180469
720575940609063236,427.476,212.564,171.6,427.424,212.448,171.64,LPLC4,dend[1760],0.5443026166858923
720575940619414597,440.6,222.22,163.4,440.584,222.328,163.4,LPLC4,dend[2376],0.15935685780006087
720575940619414597,414.912,229.76,169.88,414.908,229.632,169.88,LPLC4,dend[714],0.2240043543579824
720575940619414597,428.256,224.256,166.68,428.216,224.348,166.72,LPLC4,dend[339],0.9595035284125307
720575940623492632,429.536,215.908,166.68,429.52,215.808,166.68,LPLC4,dend[1733],0.28022351639391735
720575940624203972,436.316,223.156,169.56,436.284,223.032,169.52,LPLC4,dend[2327],1.0
720575940623492632,430.928,214.888,166.72,430.908,214.836,166.76,LPLC4,dend[1729],0.27579548738038256
720575940623492632,419.8,214.836,178.4,419.904,214.852,178.36,LPLC4,dend[1970],0.9628528952891187
720575940623492632,421.348,213.368,173.6,421.236,213.396,173.56,LPLC4,dend[2038],0.29633762050797824
720575940624203972,437.724,220.772,179.08,437.692,220.88,179.04,LPLC4,dend[2174],0.9903501989373559
720575940623492632,419.856,213.688,175.56,419.864,213.796,175.56,LPLC4,dend[2039],0.5824395402957862
720575940623492632,430.28,215.792,166.12,430.24,215.648,166.12,LPLC4,dend[1727],0.1305331176946791
720575940634599650,440.92,222.156,163.8,440.824,222.192,163.76,LPLC4,dend[2375],0.0825164375064025
720575940635497311,423.928,218.308,175.36,423.852,218.18,175.4,LPLC4,dend[1916],0.6650052624952477
720575940633176749,444.464,219.78,176.84,444.512,219.888,176.84,LPLC4,dend[2201],0.842791880136373
720575940653172726,433.82,215.136,169.64,433.8,215.264,169.64,LPLC4,dend[2390],0.7841058350008562
720575940623003653,426.096,213.864,168.4,426.072,213.972,168.4,LPLC4,dend[1832],0.38088818181379763
720575940620729816,434.472,216.056,168.8,434.48,216.172,168.8,LPLC4,dend[2385],0.9428725583604308
720575940635113151,443.024,221.928,175.28,443.08,221.84,175.28,LPLC4,dend[2197],0.835018731592436
720575940620729816,432.916,222.08,170.56,432.808,222.092,170.6,LPLC4,dend[2248],0.018776825457457427
720575940623961747,435.464,223.688,171.64,435.384,223.608,171.6,LPLC4,dend[2112],0.9339923705155063
720575940638338281,421.644,214.132,178.48,421.548,214.292,178.4,LPLC4,dend[1968],0.16316662719130345
720575940622560094,430.796,222.344,173.08,430.816,222.468,173.04,LPLC4,dend[2263],0.5980255959323105
720575940635113151,437.552,223.48,179.32,437.644,223.392,179.28,LPLC4,dend[2178],0.8344284303544319
720575940634839964,438.252,221.744,178.28,438.352,221.668,178.28,LPLC4,dend[2174],0.3231604913761562
720575940624008586,419.904,211.104,178.16,419.804,211.056,178.2,LPLC4,dend[1982],0.5900175179007957
720575940627471619,430.12,219.056,178.92,430.224,219.128,178.92,LPLC4,dend[1863],0.9443106104507465
720575940640353333,429.144,217.096,179.64,429.088,217.208,179.64,LPLC4,dend[1855],1.0
720575940638338281,421.556,212.796,178.6,421.504,212.712,178.56,LPLC4,dend[1974],0.7692911045639229
720575940625925450,424.596,218.024,178.2,424.516,218.088,178.2,LPLC4,dend[1913],0.9439871343542849
720575940653172726,422.716,216.316,179.2,422.704,216.176,179.16,LPLC4,dend[1937],0.8517137403603037
720575940640625280,424.388,214.576,179.44,424.38,214.496,179.52,LPLC4,dend[1937],0.17469957330470884
720575940620346758,423.216,215.792,179.48,423.216,215.66,179.48,LPLC4,dend[1937],0.6265574144361115
720575940640625280,424.548,214.52,179.48,424.648,214.492,179.56,LPLC4,dend[1937],0.1009861181145617
720575940629320010,425.796,211.068,178.04,425.836,211.168,178.04,LPLC4,dend[1950],0.4586905932669999
720575940629320010,451.152,208.728,160.52,451.2,208.744,160.48,LPLC4,dend[42],0.44470782815149645
720575940621514093,426.344,212.176,177.44,426.248,212.184,177.44,LPLC4,dend[1941],0.9289984446432361
720575940621259875,438.408,225.136,179.6,438.524,225.08,179.64,LPLC4,dend[2183],0.23805105718719008
720575940622560094,438.84,226.716,178.8,438.764,226.792,178.8,LPLC4,dend[2185],0.20085832856239705
720575940635497311,432.552,222.2,173.4,432.696,222.3,173.4,LPLC4,dend[2253],0.5906548107140794
720575940619159233,443.312,222.564,174.0,443.252,222.596,173.96,LPLC4,dend[2207],0.5051029175071855
720575940621259875,433.744,222.976,173.88,433.656,223.024,173.88,LPLC4,dend[2254],0.9668735810926264
720575940626435850,426.456,207.348,174.2,426.416,207.452,174.2,LPLC4,dend[1819],1.0
720575940626435850,426.668,207.36,174.0,426.68,207.452,174.0,LPLC4,dend[1819],0.9996178693965558
720575940619655685,438.456,223.388,173.16,438.476,223.292,173.2,LPLC4,dend[2159],0.879512273964303
720575940625925450,435.988,218.456,174.4,436.04,218.568,174.4,LPLC4,dend[2099],0.2486077032428243
720575940634839964,434.92,218.288,174.0,435.024,218.3,174.0,LPLC4,dend[2106],0.5696537191435994
720575940629320010,420.34,217.624,173.12,420.312,217.464,173.12,LPLC4,dend[2048],0.9959848962200493
720575940628523113,434.768,218.416,174.56,434.76,218.232,174.52,LPLC4,dend[2106],0.8490795859454734
720575940623383432,441.392,217.088,173.76,441.352,217.112,173.72,LPLC4,dend[2102],0.8180511067542247
720575940625574844,426.736,214.404,173.16,426.788,214.292,173.16,LPLC4,dend[1991],0.3230689829024451
720575940613984578,424.772,216.544,173.28,424.888,216.552,173.28,LPLC4,dend[1988],1.0
720575940633176749,419.512,216.224,173.68,419.412,216.28,173.64,LPLC4,dend[2045],0.4792776434911459
720575940624864585,438.664,217.296,174.72,438.68,217.4,174.68,LPLC4,dend[2102],0.1390887289475091
720575940625925450,427.848,213.804,173.44,427.84,213.932,173.4,LPLC4,dend[1993],0.8971656955999836
720575940621259875,426.816,214.024,173.04,426.728,214.108,173.08,LPLC4,dend[1991],0.5599118387214045
720575940626886568,421.304,213.392,173.12,421.248,213.3,173.12,LPLC4,dend[2038],0.13123413748822582
720575940626886568,420.992,213.856,174.4,420.988,213.76,174.44,LPLC4,dend[2038],0.6650677196873586
720575940626886568,420.576,213.76,174.48,420.692,213.708,174.48,LPLC4,dend[2038],0.6991136130414154
720575940635113151,431.848,221.936,179.84,431.56,221.76,179.88,LPLC4,dend[1872],0.3557718264549669
720575940614209576,428.464,223.988,173.8,428.512,224.06,173.8,LPLC4,dend[2276],0.6748058401591369
720575940635113151,431.412,221.772,180.24,431.316,221.832,180.24,LPLC4,dend[1873],0.9587174960698063
720575940617687382,426.708,224.204,168.24,426.716,224.084,168.24,LPLC4,dend[348],0.758194801417986
720575940617687382,420.84,213.568,173.68,420.984,213.556,173.64,LPLC4,dend[2038],0.3638832019181663
720575940617687382,420.984,213.296,173.32,421.08,213.36,173.36,LPLC4,dend[2038],0.2362227688726008
720575940617687382,424.792,211.44,169.92,424.9,211.372,169.92,LPLC4,dend[2054],0.9818401095593132
720575940623383432,427.832,207.844,174.48,427.8,207.792,174.4,LPLC4,dend[1820],0.7000419685808376
720575940614209576,436.32,215.008,170.52,436.236,214.912,170.52,LPLC4,dend[2413],0.2091603927583602
720575940614209576,438.696,220.376,176.6,438.748,220.276,176.6,LPLC4,dend[2192],0.8465189800636447
720575940624203972,426.336,208.164,169.56,426.424,208.02,169.56,LPLC4,dend[1782],0.8622535132527758
720575940613491826,440.252,222.492,168.8,440.34,222.396,168.84,LPLC4,dend[2361],0.5601308634862507
720575940641216976,425.272,208.516,172.16,425.176,208.592,172.16,LPLC4,dend[1824],0.7416170101295002
720575940618818629,432.404,218.268,166.84,432.428,218.128,166.84,LPLC4,dend[2415],0.950676582025216
720575940618818629,437.496,220.76,165.76,437.564,220.664,165.76,LPLC4,dend[2371],0.3960365245762206
720575940613491826,439.432,222.116,168.28,439.456,222.0,168.28,LPLC4,dend[2353],0.6239771148457592
720575940638880582,429.692,213.248,169.12,429.6,213.14,169.08,LPLC4,dend[1753],0.6505769296324923
720575940638880582,429.572,213.676,169.6,429.504,213.788,169.6,LPLC4,dend[1755],0.5143007204321937
720575940638880582,449.552,210.42,160.04,449.636,210.428,160.04,LPLC4,dend[48],0.6462813854426442
720575940619014981,425.856,210.188,179.12,425.952,210.228,179.12,LPLC4,dend[1951],0.15520797934446562
720575940619014981,429.584,214.092,167.88,429.576,214.216,167.88,LPLC4,dend[1751],0.9551316368054762
720575940634599650,435.256,209.112,164.6,435.192,208.996,164.6,LPLC4,dend[270],0.7315522395422254
720575940634599650,442.26,210.992,161.44,442.276,210.88,161.44,LPLC4,dend[101],0.19577053312199463
720575940623945194,436.696,221.808,171.52,436.824,221.864,171.48,LPLC4,dend[2114],0.2817849305925365
720575940636418740,438.972,221.668,169.08,438.848,221.636,169.04,LPLC4,dend[2353],0.10099996035891756
720575940626886568,448.696,212.544,160.44,448.692,212.432,160.52,LPLC4,dend[50],0.9341795328999543
720575940626886568,443.852,211.324,160.72,443.84,211.212,160.72,LPLC4,dend[97],0.9436405919675128
720575940626408454,448.464,211.096,161.2,448.444,211.208,161.16,LPLC4,dend[49],0.4572157518288604
720575940636418740,439.924,227.668,171.68,440.112,227.692,171.64,LPLC4,dend[2132],0.9223589020553433
720575940620375796,444.876,213.172,160.6,444.784,213.224,160.6,LPLC4,dend[79],0.6222173959475897
720575940620346758,444.876,211.072,160.8,444.832,211.152,160.8,LPLC4,dend[99],1.0
720575940620375796,445.272,213.424,160.28,445.152,213.456,160.28,LPLC4,dend[79],0.39643996560842126
720575940622276735,449.44,210.592,160.32,449.52,210.656,160.32,LPLC4,dend[48],0.7294943975490817
720575940623945194,427.732,214.204,173.44,427.656,214.088,173.44,LPLC4,dend[1992],1.0
720575940623945194,443.32,222.492,174.32,443.256,222.612,174.28,LPLC4,dend[2207],0.327025721296938
720575940619309632,430.304,223.164,169.56,430.408,223.108,169.56,LPLC4,dend[2343],0.884646755924156
720575940634599650,424.572,213.944,170.52,424.636,214.052,170.48,LPLC4,dend[1834],0.579678432804087
720575940623383432,436.376,216.108,169.08,436.252,216.016,169.04,LPLC4,dend[2399],1.0
720575940623383432,438.496,220.048,167.8,438.424,220.02,167.76,LPLC4,dend[2365],0.20325784369602506
720575940621259875,428.876,217.176,181.64,428.796,217.104,181.6,LPLC4,dend[1857],0.4927618383677617
720575940646414132,431.056,218.5,182.48,430.976,218.6,182.52,LPLC4,dend[1878],0.937561937881278
720575940619655685,430.876,218.96,182.72,430.912,218.872,182.72,LPLC4,dend[1878],0.9277945049020019
720575940609063236,434.376,207.892,166.32,434.304,207.832,166.32,LPLC4,dend[1772],0.9978952009566096
720575940617687382,435.672,222.032,165.56,435.656,221.944,165.64,LPLC4,dend[2369],0.621034928257062
720575940619014981,439.26,221.096,164.72,439.356,221.008,164.68,LPLC4,dend[2371],0.9187566155301236
720575940618818629,439.628,222.392,164.76,439.6,222.28,164.76,LPLC4,dend[2373],0.2983670340004774
720575940638880582,433.16,217.628,166.04,433.172,217.692,166.0,LPLC4,dend[2415],0.6170835722771011
720575940617687382,434.012,220.472,166.04,434.04,220.376,166.04,LPLC4,dend[2417],0.10169803896505294
720575940623492632,431.804,218.912,166.08,431.872,218.856,166.12,LPLC4,dend[2417],0.9916291926666639
720575940615044469,434.992,220.156,165.08,434.896,220.204,165.04,LPLC4,dend[2418],0.42787173534852246
720575940626886568,434.952,220.404,164.76,435.032,220.348,164.8,LPLC4,dend[2418],0.5892769027986323
720575940625925450,430.348,221.124,169.76,430.316,221.232,169.8,LPLC4,dend[2342],1.0
720575940641216976,429.872,221.768,169.92,430.0,221.8,169.88,LPLC4,dend[2341],0.3221372360948957
720575940626886568,433.384,210.28,164.76,433.336,210.368,164.76,LPLC4,dend[274],0.805354136926063
720575940625925450,429.852,221.352,170.16,429.944,221.48,170.16,LPLC4,dend[2341],0.8832467543940822
720575940627471619,435.684,223.456,171.0,435.744,223.376,171.0,LPLC4,dend[2110],1.0
720575940646414132,437.844,222.888,170.8,437.82,222.876,170.88,LPLC4,dend[2118],1.0
720575940619014981,422.08,207.432,170.8,422.116,207.496,170.76,LPLC4,dend[1796],1.0
720575940641216976,426.34,207.312,169.72,426.228,207.456,169.72,LPLC4,dend[1785],0.3319531668530479
720575940617687382,420.24,207.24,170.48,420.204,207.104,170.48,LPLC4,dend[2019],0.9392436463117856
720575940638880582,419.856,206.868,170.84,419.96,206.928,170.8,LPLC4,dend[2019],0.7975419129574832
720575940623003653,415.832,204.88,172.72,415.904,204.784,172.64,LPLC4,dend[2022],0.7383784925424232
720575940623003653,425.712,213.424,168.96,425.672,213.54,168.96,LPLC4,dend[2052],0.2641655306462529
720575940623003653,425.872,226.964,165.84,425.816,227.048,165.8,LPLC4,dend[413],1.0
720575940623003653,421.908,210.292,171.64,421.82,210.2,171.64,LPLC4,dend[2034],0.7475436734103674
720575940626886568,428.12,225.472,166.2,428.004,225.428,166.2,LPLC4,dend[338],0.18362730808360367
720575940626886568,428.412,225.652,165.56,428.384,225.54,165.56,LPLC4,dend[338],0.7345052387732652
720575940613238418,434.016,215.08,169.88,433.936,215.196,169.88,LPLC4,dend[2391],0.712591031701603
720575940619655685,433.224,216.284,170.4,433.328,216.312,170.4,LPLC4,dend[2397],0.17061636955078283
720575940619655685,433.072,215.908,170.16,433.108,215.776,170.16,LPLC4,dend[2392],0.9632335561122509
720575940646414132,433.216,220.616,169.88,433.272,220.496,169.88,LPLC4,dend[2344],0.660395334556549
720575940646414132,433.212,220.592,170.04,433.256,220.444,170.0,LPLC4,dend[2344],0.7364481776251707
720575940640625280,436.864,214.616,169.92,436.896,214.764,169.92,LPLC4,dend[2408],0.5493513215451663
720575940626408454,421.624,215.508,171.2,421.512,215.516,171.16,LPLC4,dend[2047],0.9442966209607623
720575940641216976,435.688,213.328,169.92,435.748,213.408,169.92,LPLC4,dend[2404],0.1690089268409838
720575940620729816,422.44,217.272,170.04,422.576,217.248,170.04,LPLC4,dend[2069],0.80479403468263
720575940621514093,426.448,212.232,177.6,426.396,212.32,177.6,LPLC4,dend[1942],0.21561460776411306
720575940646414132,425.672,217.788,169.72,425.7,217.692,169.72,LPLC4,dend[2071],0.5082101756658742
720575940627149514,423.176,217.6,170.32,423.136,217.744,170.28,LPLC4,dend[2065],0.6302253452707351
720575940621514093,432.12,216.596,171.64,432.212,216.488,171.64,LPLC4,dend[2397],0.6410312776159067
720575940621514093,423.896,207.096,169.48,423.784,206.984,169.48,LPLC4,dend[1800],0.36400083260540456
720575940621514093,423.04,215.484,172.16,422.904,215.428,172.12,LPLC4,dend[2042],0.036634778392176076
720575940621514093,426.608,210.536,171.2,426.676,210.628,171.24,LPLC4,dend[1828],1.0
720575940621514093,432.088,216.572,172.88,432.004,216.52,172.84,LPLC4,dend[2397],0.9136029308052949
720575940623945194,441.212,225.376,170.72,441.108,225.388,170.72,LPLC4,dend[2128],0.863452953622124
720575940641216976,432.608,224.532,170.84,432.62,224.424,170.8,LPLC4,dend[2268],0.9907180358589802
720575940636418740,439.284,226.04,171.04,439.16,225.952,171.0,LPLC4,dend[2146],0.35233725946282485
720575940646414132,438.848,224.392,170.96,438.744,224.372,170.96,LPLC4,dend[2122],0.6600466882963002
720575940635113151,440.736,226.364,171.24,440.828,226.44,171.2,LPLC4,dend[2130],1.0
720575940623945194,428.488,210.52,170.88,428.476,210.416,170.88,LPLC4,dend[1811],0.6464906312453746
720575940620346758,429.292,210.424,170.52,429.168,210.416,170.48,LPLC4,dend[1812],1.0
720575940624203972,426.896,208.54,169.64,426.98,208.544,169.72,LPLC4,dend[1779],0.8662618149265829
720575940621514093,428.412,217.176,182.16,428.528,217.124,182.16,LPLC4,dend[1858],0.36182654030996975
720575940619014981,421.656,207.676,170.52,421.672,207.6,170.44,LPLC4,dend[1798],0.5129578930713669
720575940634223514,438.784,219.904,176.6,438.696,219.904,176.64,LPLC4,dend[2194],0.11321087854979045
720575940619159233,430.588,217.552,184.32,430.696,217.532,184.32,LPLC4,dend[1881],0.4749531496242107
720575940619159233,430.868,217.988,183.8,430.98,217.988,183.8,LPLC4,dend[1881],0.2727263923639071
720575940634223514,427.016,215.032,173.84,426.892,215.024,173.84,LPLC4,dend[1987],0.1889005679409294
720575940634223514,435.208,221.368,168.2,435.16,221.272,168.16,LPLC4,dend[2366],0.5868452000795488
720575940634223514,423.728,223.712,172.2,423.768,223.64,172.2,LPLC4,dend[2318],0.8138988654817721
720575940634223514,435.168,221.324,167.96,435.176,221.232,167.96,LPLC4,dend[2366],0.2788781437203024
720575940634223514,439.308,222.04,172.6,439.196,221.984,172.6,LPLC4,dend[2157],0.8135983392376654
720575940634223514,426.084,224.168,173.04,426.176,224.096,173.04,LPLC4,dend[2320],0.6314294936212556
720575940634223514,437.036,216.104,171.36,437.1,216.028,171.36,LPLC4,dend[2411],0.9146739212658199
720575940653172726,435.704,217.336,176.2,435.7,217.444,176.16,LPLC4,dend[2105],0.3247218612806486
720575940642181005,425.732,213.756,179.16,425.632,213.7,179.16,LPLC4,dend[1935],0.8399081642519466
720575940622560094,442.688,222.644,173.6,442.784,222.72,173.6,LPLC4,dend[2207],0.5743927375076162
720575940635113151,431.176,221.696,179.96,431.164,221.82,179.96,LPLC4,dend[1869],1.0
720575940622560094,427.04,212.448,172.84,427.096,212.528,172.8,LPLC4,dend[1760],1.0
720575940622560094,439.52,227.276,177.6,439.536,227.248,177.48,LPLC4,dend[2186],0.6464933288398139
720575940618818629,422.024,214.372,178.08,421.948,214.448,178.04,LPLC4,dend[1971],0.4277095741502684
720575940618818629,428.28,212.772,169.08,428.288,212.896,169.08,LPLC4,dend[1749],1.0
720575940618818629,421.956,213.848,177.92,421.812,213.856,177.96,LPLC4,dend[1966],0.7080989809751377
720575940618818629,428.464,212.344,169.44,428.396,212.424,169.44,LPLC4,dend[1757],0.5780082851480469
720575940634839964,426.448,215.96,176.48,426.396,215.88,176.48,LPLC4,dend[1847],0.6549660290408191
720575940645336100,427.736,214.62,176.84,427.752,214.752,176.84,LPLC4,dend[1850],0.9677884257317529
720575940635497311,427.492,215.26,176.6,427.408,215.2,176.64,LPLC4,dend[1850],0.5630436437587901
720575940625925450,426.904,215.32,176.76,426.956,215.436,176.76,LPLC4,dend[1850],0.16783406420105407
720575940618818629,422.632,212.648,177.72,422.512,212.564,177.72,LPLC4,dend[1964],0.2994931314708921
720575940630321464,426.96,222.184,168.8,426.952,222.128,168.84,LPLC4,dend[346],0.5238661059073426
720575940653172726,432.98,222.196,168.4,433.056,222.112,168.4,LPLC4,dend[2330],0.6086606440891169
720575940620375796,420.624,211.904,178.32,420.552,212.0,178.32,LPLC4,dend[1978],0.8205428579653652
720575940633176749,434.84,221.036,168.28,434.748,221.104,168.28,LPLC4,dend[2366],0.670355158046737
720575940635113151,429.24,224.616,175.64,429.112,224.648,175.64,LPLC4,dend[2279],0.4369711911933461
720575940621259875,427.128,209.704,172.72,427.064,209.636,172.68,LPLC4,dend[1827],0.5508947605457577
720575940619014981,420.792,209.96,172.88,420.936,209.984,172.88,LPLC4,dend[2037],0.9300573064659206
720575940621514093,426.692,211.856,177.0,426.632,211.768,177.04,LPLC4,dend[1944],0.34914121727280906
720575940609063236,425.824,213.54,171.52,425.764,213.676,171.48,LPLC4,dend[2050],0.9668558464514274
720575940620346758,440.576,221.988,167.64,440.592,222.1,167.64,LPLC4,dend[2355],0.18201603176400727
720575940622560094,428.292,216.872,179.28,428.376,216.804,179.28,LPLC4,dend[1855],0.6061563987547315
720575940613238418,427.608,210.336,179.6,427.52,210.4,179.6,LPLC4,dend[1957],0.641422866759535
720575940645336100,426.936,219.292,176.6,426.82,219.32,176.6,LPLC4,dend[1903],0.5952890185871799
720575940620729816,423.3,206.796,170.04,423.352,206.88,170.0,LPLC4,dend[1800],0.9646450804629648
720575940640353333,443.26,222.824,173.96,443.22,222.684,174.0,LPLC4,dend[2207],0.4903973632799485
720575940620729816,426.004,211.168,173.36,425.904,211.26,173.36,LPLC4,dend[1839],1.0
720575940622276735,448.896,211.844,160.84,448.848,211.7,160.84,LPLC4,dend[50],0.2013875710858042
720575940620346758,444.088,210.812,160.88,444.112,210.924,160.88,LPLC4,dend[99],0.1996320010696788
720575940620375796,444.756,213.104,160.72,444.652,213.144,160.72,LPLC4,dend[79],0.7031823109453744
720575940623492632,421.392,209.736,170.48,421.504,209.748,170.48,LPLC4,dend[2036],0.685119740598764
720575940640353333,428.952,216.164,182.04,428.92,216.52,182.08,LPLC4,dend[1859],0.16491868509817656
720575940627149514,430.968,218.412,181.68,430.848,218.404,181.64,LPLC4,dend[1878],0.5910836347137387
720575940620346758,428.944,216.252,182.76,429.072,216.216,182.76,LPLC4,dend[1859],0.5286508999513851
720575940617687382,433.356,220.528,166.12,433.292,220.42,166.12,LPLC4,dend[2417],0.33470343793339624
720575940619414597,434.324,219.78,165.76,434.44,219.86,165.76,LPLC4,dend[2416],0.9570847829478434
720575940623492632,431.78,219.016,166.2,431.864,219.012,166.2,LPLC4,dend[2417],0.9776729108920037
720575940623492632,431.808,219.14,166.28,431.94,219.184,166.24,LPLC4,dend[2417],0.9328861504379581
720575940619414597,434.216,219.908,165.8,434.272,219.996,165.8,LPLC4,dend[2417],0.06648285369150725
720575940615044469,435.648,220.316,164.64,435.604,220.456,164.68,LPLC4,dend[2418],0.8783403431885988
720575940626886568,417.536,205.02,169.8,417.596,205.12,169.76,LPLC4,dend[2027],0.854990129321748
720575940617687382,419.824,207.152,171.16,419.808,207.064,171.16,LPLC4,dend[2019],0.6765574972760676
720575940618818629,430.952,210.76,171.76,430.856,210.72,171.8,LPLC4,dend[1830],0.994000143528382
720575940621259875,425.748,217.888,170.32,425.84,217.832,170.32,LPLC4,dend[2071],0.7827493429591333
720575940623492632,418.228,206.864,172.32,418.088,206.776,172.28,LPLC4,dend[2018],0.8545495928976165
720575940635113151,437.1,223.464,179.4,437.064,223.344,179.4,LPLC4,dend[2179],0.1220746149548497
720575940635113151,426.76,224.852,175.0,426.808,224.752,175.0,LPLC4,dend[2283],0.24459685805089096
720575940627149514,424.216,217.732,170.68,424.3,217.856,170.68,LPLC4,dend[2070],0.6095358637723823
720575940627149514,425.936,213.872,176.28,425.992,213.772,176.28,LPLC4,dend[1960],0.1667435928553866
720575940627149514,440.52,226.568,169.84,440.588,226.632,169.88,LPLC4,dend[2134],0.9612399760582073
720575940635497311,430.728,215.68,181.0,430.684,215.78,180.96,LPLC4,dend[1860],0.9789603377358682
720575940635497311,423.58,218.536,175.36,423.428,218.496,175.36,LPLC4,dend[1916],0.9730495270964489
720575940638338281,421.72,214.044,178.36,421.664,214.192,178.28,LPLC4,dend[1967],0.8631236619665209
720575940638338281,433.0,220.416,166.12,433.108,220.364,166.12,LPLC4,dend[2417],0.39992934656730406
720575940620346758,438.66,219.356,176.88,438.732,219.424,176.88,LPLC4,dend[2194],0.5020033384804606
720575940636418740,429.684,218.004,180.8,429.596,218.076,180.8,LPLC4,dend[1862],0.7447958386733898
720575940620346758,424.212,206.836,168.08,424.312,206.912,168.08,LPLC4,dend[1793],0.6571609367617431
720575940636418740,432.684,219.608,171.44,432.648,219.688,171.48,LPLC4,dend[2345],0.8338311777453878
720575940636418740,439.236,225.872,170.8,439.116,225.824,170.76,LPLC4,dend[2146],0.4263748659372255
720575940634599650,443.404,210.9,160.84,443.496,210.788,160.84,LPLC4,dend[97],0.5060436409715467
720575940634599650,443.28,210.796,160.84,443.304,210.668,160.84,LPLC4,dend[97],0.3223642534301277
720575940621759169,435.528,220.944,168.48,435.468,221.1,168.48,LPLC4,dend[2366],1.0
720575940621759169,424.744,219.288,178.16,424.672,219.3,178.2,LPLC4,dend[1904],0.5320331089315062
720575940624864585,441.332,222.212,163.48,441.272,222.12,163.48,LPLC4,dend[2375],0.4901880664022796
720575940624864585,444.64,211.244,161.56,444.576,211.312,161.56,LPLC4,dend[109],0.9957060921679803
720575940621759169,437.344,220.024,167.92,437.428,220.092,167.92,LPLC4,dend[2363],0.4087729720535731
720575940642181005,424.852,217.244,176.48,424.88,217.38,176.44,LPLC4,dend[1898],1.0
720575940621259875,439.88,222.432,174.32,439.916,222.324,174.32,LPLC4,dend[2195],0.6013775401545468
720575940621259875,429.672,216.428,181.08,429.692,216.344,181.12,LPLC4,dend[1860],0.41947211502410964
720575940621259875,429.98,216.364,181.16,430.028,216.236,181.12,LPLC4,dend[1860],0.5843185125938567
720575940609063236,425.608,212.748,172.2,425.584,212.736,172.12,LPLC4,dend[1838],0.5227468411453364
720575940609063236,438.184,221.968,168.12,438.056,221.948,168.12,LPLC4,dend[2351],0.8792951887965746
720575940609063236,426.312,208.416,169.28,426.384,208.26,169.32,LPLC4,dend[1783],0.5344339752485916
720575940609063236,420.144,216.64,172.36,420.052,216.544,172.4,LPLC4,dend[2046],0.4096291252397428
720575940609063236,427.816,212.828,170.84,427.948,212.796,170.8,LPLC4,dend[1759],0.6929177041689034
720575940615044469,434.776,219.892,165.16,434.764,220.032,165.16,LPLC4,dend[2418],0.30262414041891095
720575940615044469,439.728,210.304,163.52,439.808,210.404,163.48,LPLC4,dend[103],0.33671252104938504
720575940623492632,425.688,227.264,165.76,425.676,227.156,165.76,LPLC4,dend[413],0.9633430226393549
720575940640625280,425.064,208.776,172.08,425.156,208.72,172.08,LPLC4,dend[1824],0.7679142194308978
720575940625574844,422.44,214.188,172.32,422.46,214.064,172.28,LPLC4,dend[1999],0.36356713545022384
720575940625574844,432.408,208.832,167.64,432.3,208.776,167.72,LPLC4,dend[1773],1.0
720575940636418740,427.904,210.672,179.2,427.888,210.568,179.16,LPLC4,dend[1957],0.9244781541662304
720575940636418740,439.48,221.248,177.88,439.504,221.372,177.88,LPLC4,dend[2171],0.42669968242152123
720575940625574844,430.424,212.232,169.16,430.396,212.128,169.16,LPLC4,dend[1831],0.9834029034463118
720575940620729816,433.152,215.968,169.0,433.176,216.14,168.96,LPLC4,dend[2398],0.9196575284325404
720575940613491826,435.728,214.012,169.76,435.848,213.96,169.68,LPLC4,dend[2402],0.771922989505598
720575940613491826,432.432,222.952,169.44,432.344,222.988,169.44,LPLC4,dend[2336],0.11763400394287152
720575940613491826,440.14,222.4,167.92,440.18,222.292,167.92,LPLC4,dend[2354],0.5734987121922525
720575940613491826,425.636,215.756,169.48,425.52,215.748,169.48,LPLC4,dend[2061],0.8960948960518312
720575940619309632,444.228,217.832,179.92,444.244,217.712,179.92,LPLC4,dend[2204],0.7249982451649718
720575940624008586,420.392,212.076,172.24,420.488,212.028,172.28,LPLC4,dend[2008],0.44348826903317606
720575940624008586,435.804,220.556,164.48,435.796,220.524,164.56,LPLC4,dend[2418],1.0
720575940623003653,431.168,215.04,166.96,431.076,214.972,166.96,LPLC4,dend[1729],0.6915738885555829
720575940624008586,420.44,211.528,177.88,420.544,211.628,177.84,LPLC4,dend[1979],0.8142559765621418
720575940619309632,424.888,216.796,169.68,424.792,216.8,169.64,LPLC4,dend[2063],0.36896717205192314
720575940619309632,432.808,217.848,166.84,432.728,217.864,166.72,LPLC4,dend[2415],0.8465293176625595
720575940619309632,428.768,206.424,169.2,428.752,206.32,169.2,LPLC4,dend[1791],1.0
720575940624008586,425.68,223.492,168.72,425.724,223.416,168.64,LPLC4,dend[348],0.2348295463111894
720575940627363356,424.964,226.604,165.16,424.92,226.512,165.16,LPLC4,dend[414],0.9624169878916753
720575940634599650,430.34,214.796,166.92,430.4,214.88,166.92,LPLC4,dend[1728],0.7953336124706908
720575940634599650,428.92,213.744,168.88,428.92,213.616,168.88,LPLC4,dend[1754],0.18225169153262918
720575940630321464,442.76,210.552,161.48,442.892,210.544,161.48,LPLC4,dend[104],0.7042404769441214
720575940634599650,429.596,214.548,167.96,429.564,214.416,167.96,LPLC4,dend[1751],1.0
720575940634599650,430.36,214.488,166.6,430.488,214.596,166.6,LPLC4,dend[1728],0.9352646030434657
720575940634599650,420.3,210.416,173.52,420.18,210.364,173.48,LPLC4,dend[2033],0.4346736342420331
720575940634599650,442.824,210.912,161.2,442.928,210.8,161.2,LPLC4,dend[104],0.03500608978897683
720575940630321464,421.084,207.74,171.72,421.192,207.836,171.68,LPLC4,dend[1797],0.8683424559848508
720575940630321464,448.52,211.364,160.96,448.656,211.384,160.92,LPLC4,dend[48],1.0
720575940638880582,423.94,209.828,172.36,424.068,209.836,172.4,LPLC4,dend[1826],0.7313748538275034
720575940630321464,421.008,207.78,171.88,421.08,207.872,171.88,LPLC4,dend[1797],1.0
720575940630321464,422.288,213.144,172.48,422.18,213.084,172.48,LPLC4,dend[2002],0.5791089584368369
720575940634599650,440.172,221.828,164.04,440.124,221.9,164.04,LPLC4,dend[2374],0.4482027779185632
720575940621759169,434.88,212.6,170.48,434.804,212.492,170.48,LPLC4,dend[2406],0.6786257946843723
720575940638880582,429.632,212.892,169.44,429.532,212.824,169.44,LPLC4,dend[1753],1.0
720575940619014981,438.104,220.988,165.48,438.064,220.872,165.52,LPLC4,dend[2371],0.5395784308888558
720575940619014981,421.6,207.68,171.04,421.652,207.756,171.08,LPLC4,dend[1797],0.37124512870118936
720575940618818629,439.52,222.316,165.04,439.552,222.216,165.04,LPLC4,dend[2373],0.39735711427134857
720575940621759169,427.888,216.92,176.8,428.012,216.852,176.8,LPLC4,dend[1852],0.5566206101104666
720575940619014981,423.392,213.648,176.8,423.48,213.6,176.84,LPLC4,dend[1963],0.3394671817727426
720575940621759169,431.424,222.464,169.6,431.376,222.416,169.6,LPLC4,dend[2343],0.18893055729247346
720575940621759169,429.296,208.52,169.0,429.188,208.484,168.92,LPLC4,dend[1766],0.7295429407740199
720575940642181005,430.408,220.408,171.76,430.484,220.496,171.76,LPLC4,dend[2323],0.9802170323460411
720575940621259875,437.056,222.576,172.84,437.108,222.416,172.88,LPLC4,dend[2156],0.3838234115335479
720575940640625280,431.812,221.336,171.92,431.656,221.292,171.92,LPLC4,dend[2323],0.43774391215443703
720575940620375796,420.388,215.088,178.24,420.256,215.056,178.24,LPLC4,dend[1970],0.7363045095399983
720575940620375796,429.112,213.444,168.48,429.004,213.384,168.48,LPLC4,dend[1750],1.0
720575940620375796,429.464,212.608,166.84,429.356,212.548,166.88,LPLC4,dend[1396],0.9166267445644667
720575940621759169,434.712,212.976,170.36,434.688,212.812,170.36,LPLC4,dend[2406],0.5089258386968974
720575940620729816,435.692,220.008,171.76,435.632,220.112,171.76,LPLC4,dend[2093],1.0
720575940621759169,423.476,215.096,179.72,423.576,215.144,179.72,LPLC4,dend[1937],0.44783448583482827
720575940624008586,418.112,207.652,171.4,418.048,207.572,171.44,LPLC4,dend[2017],0.5592531855673255
720575940621759169,424.768,219.304,177.96,424.76,219.192,177.96,LPLC4,dend[1904],0.3656748152462773
720575940634599650,430.812,210.704,171.88,430.752,210.752,171.84,LPLC4,dend[1830],0.9871455808045578
720575940640625280,424.548,207.7,172.48,424.576,207.616,172.48,LPLC4,dend[1825],0.6383779040353506
720575940618818629,430.856,210.728,171.52,430.76,210.724,171.52,LPLC4,dend[1830],0.8917891691317027
720575940642181005,425.824,209.0,172.0,425.84,208.892,172.0,LPLC4,dend[1824],0.1811096294142836
720575940635497311,427.504,209.776,171.76,427.392,209.74,171.76,LPLC4,dend[1815],0.47661824801515834
720575940622276735,419.04,210.272,171.64,418.952,210.28,171.64,LPLC4,dend[2012],0.9831354749448563
720575940634839964,426.896,208.028,173.04,426.892,207.928,173.04,LPLC4,dend[1817],0.6957494848512566
720575940623003653,421.576,210.592,172.24,421.468,210.496,172.2,LPLC4,dend[2034],0.4402059251945887
720575940626886568,421.464,210.6,171.88,421.528,210.536,171.92,LPLC4,dend[2034],0.5607208267563397
720575940626886568,421.968,213.296,173.0,422.04,213.204,173.04,LPLC4,dend[2002],1.0
720575940625574844,422.06,213.968,171.92,422.088,213.88,171.92,LPLC4,dend[1999],0.49446042883859376
720575940619655685,427.032,210.924,171.68,427.004,210.808,171.68,LPLC4,dend[1828],1.0
720575940630321464,423.2,213.98,171.6,423.224,214.096,171.56,LPLC4,dend[1998],0.7722928424390888
720575940620729816,423.028,215.04,171.76,422.908,215.084,171.76,LPLC4,dend[2041],0.5505919159847197
720575940641216976,426.296,207.28,170.64,426.412,207.264,170.6,LPLC4,dend[1784],0.7496287580292966
720575940623945194,427.976,214.208,172.8,427.892,214.264,172.8,LPLC4,dend[1994],0.6441739691303267
720575940613238418,425.124,214.468,172.8,425.008,214.368,172.84,LPLC4,dend[1844],0.485995108998817
720575940609063236,421.456,215.828,172.08,421.4,215.66,172.08,LPLC4,dend[2044],0.1266198724630881
720575940641216976,425.156,213.164,176.76,425.192,213.04,176.76,LPLC4,dend[1925],0.7017069714050936
720575940621259875,426.312,223.764,172.56,426.32,223.84,172.6,LPLC4,dend[2320],1.0
720575940621514093,441.356,224.092,172.2,441.292,224.112,172.16,LPLC4,dend[2144],1.0
720575940619655685,437.616,224.204,171.44,437.624,224.1,171.4,LPLC4,dend[2155],0.6793093736636937
720575940621259875,426.18,223.88,172.84,426.284,223.948,172.88,LPLC4,dend[2320],0.8063083454023398
720575940619655685,438.076,223.98,171.72,438.02,223.84,171.68,LPLC4,dend[2121],0.6854436985230598
720575940623945194,427.624,217.376,180.28,427.684,217.496,180.24,LPLC4,dend[1891],1.0
720575940635113151,432.012,221.924,179.84,431.844,221.644,179.8,LPLC4,dend[1872],0.7283472884274542
720575940623961747,436.232,223.872,179.88,436.112,223.824,179.88,LPLC4,dend[2179],0.42787415239800136
720575940627471619,429.536,218.944,179.8,429.64,218.976,179.8,LPLC4,dend[1863],0.3482354097382891
720575940640353333,429.56,217.86,180.68,429.548,217.98,180.68,LPLC4,dend[1862],0.6214645417161248
720575940640353333,438.856,222.768,175.68,438.8,222.664,175.68,LPLC4,dend[2162],0.2189264766850985
720575940640353333,430.324,219.992,179.56,430.284,220.088,179.6,LPLC4,dend[1875],0.6702994458816895
720575940625925450,425.592,215.24,180.48,425.596,215.112,180.44,LPLC4,dend[1938],0.6181641714580169
720575940623945194,430.496,216.368,180.92,430.448,216.28,180.92,LPLC4,dend[1860],0.7713843594170658
720575940625925450,425.26,215.128,181.12,425.392,215.148,181.12,LPLC4,dend[1938],0.9957251810432054
720575940625925450,425.272,215.02,180.92,425.388,215.04,180.84,LPLC4,dend[1938],0.8068448585208682
720575940619159233,429.12,213.212,181.2,429.204,213.264,181.2,LPLC4,dend[1933],0.8837702664073356
720575940619655685,428.332,212.3,180.4,428.352,212.444,180.44,LPLC4,dend[1934],0.08623312648387188
720575940628523113,426.544,213.132,180.04,426.688,213.12,180.08,LPLC4,dend[1930],0.6282473289383692
720575940627149514,426.796,212.688,180.84,426.804,212.776,180.84,LPLC4,dend[1931],0.54494822401266
720575940640625280,425.224,210.192,181.12,425.28,210.304,181.08,LPLC4,dend[1958],0.87155495861322
720575940625574844,427.148,210.336,179.96,427.1,210.192,179.96,LPLC4,dend[1957],0.3597200886001166
720575940623945194,435.104,224.048,180.56,435.02,224.152,180.56,LPLC4,dend[2179],0.7811585698028741
720575940619159233,427.136,216.524,173.04,427.016,216.46,173.04,LPLC4,dend[1989],0.9521203997493661
720575940619159233,440.48,221.92,174.28,440.472,222.064,174.28,LPLC4,dend[2196],0.050113468437470825
720575940619159233,428.968,215.424,177.84,428.816,215.444,177.84,LPLC4,dend[1894],0.4573143376023854
720575940619159233,427.384,221.58,168.96,427.444,221.704,168.96,LPLC4,dend[346],0.9889712952102205
720575940619159233,439.16,226.152,169.56,439.276,226.2,169.56,LPLC4,dend[2147],0.6009128633361391
720575940640353333,432.944,223.032,175.96,432.92,222.868,175.96,LPLC4,dend[2258],0.21993338450005262
720575940635497311,432.284,221.74,174.88,432.156,221.712,174.88,LPLC4,dend[2259],0.5706914446191407
720575940619655685,442.712,221.288,174.72,442.8,221.256,174.76,LPLC4,dend[2206],0.330945314002282
720575940627471619,442.392,220.9,175.24,442.432,221.024,175.24,LPLC4,dend[2206],0.9050978166864849
720575940619655685,442.66,221.312,174.92,442.76,221.368,174.92,LPLC4,dend[2206],0.32641049367438296
720575940634223514,427.084,223.676,174.8,427.116,223.804,174.84,LPLC4,dend[2282],0.8211729627760087
720575940634223514,444.044,221.36,175.88,443.968,221.424,175.92,LPLC4,dend[2201],0.011699569099535007
720575940634223514,444.24,221.404,176.04,444.172,221.44,176.08,LPLC4,dend[2201],0.08452108851984076
720575940623961747,438.144,221.928,175.44,438.096,222.024,175.44,LPLC4,dend[2191],0.4860230977935215
720575940613491826,421.984,218.12,175.08,422.1,218.096,175.08,LPLC4,dend[1918],0.7143772311473238
720575940625925450,436.02,218.296,175.08,436.104,218.22,175.08,LPLC4,dend[2099],0.6913671828232347
720575940634223514,437.588,220.008,175.84,437.588,219.896,175.88,LPLC4,dend[2193],1.0
720575940613491826,435.472,217.728,175.84,435.58,217.752,175.8,LPLC4,dend[2105],0.18651603915976614
720575940634223514,438.496,219.9,176.32,438.348,219.892,176.32,LPLC4,dend[2192],0.9643520288326671
720575940621259875,431.56,220.88,176.2,431.648,220.956,176.16,LPLC4,dend[2260],0.5752188253475156
720575940622276735,421.084,213.84,175.04,420.964,213.776,175.08,LPLC4,dend[2038],0.8921497580625287
720575940635497311,426.804,216.832,174.84,426.856,216.936,174.84,LPLC4,dend[1920],0.7173312318406485
720575940618818629,422.184,214.616,176.2,422.28,214.532,176.16,LPLC4,dend[1962],0.9747350985892442
720575940642181005,424.78,216.232,175.48,424.86,216.152,175.44,LPLC4,dend[1846],0.6565679384308137
720575940624864585,438.248,217.128,175.08,438.12,217.096,175.04,LPLC4,dend[2101],0.8665050294303366
720575940629320010,437.968,216.74,174.76,437.98,216.836,174.76,LPLC4,dend[2101],0.9064082234383357
720575940618818629,422.664,214.592,176.2,422.608,214.444,176.2,LPLC4,dend[1962],0.7873114330419557
720575940623383432,423.72,213.856,176.36,423.84,213.808,176.36,LPLC4,dend[1963],0.07747971114080228
720575940627149514,425.924,213.904,176.12,426.032,213.888,176.16,LPLC4,dend[1960],0.21191010785476155
720575940627149514,425.636,213.904,175.8,425.528,213.816,175.8,LPLC4,dend[1924],0.3952310805367043
720575940623945194,444.68,223.892,174.68,444.596,223.96,174.68,LPLC4,dend[2209],0.17124357241874225
720575940623945194,429.88,208.404,167.76,429.984,208.36,167.72,LPLC4,dend[1770],0.616691829297961
720575940623945194,428.68,211.288,170.2,428.632,211.38,170.2,LPLC4,dend[1762],0.13292178240007993
720575940623383432,425.796,209.82,175.16,425.9,209.872,175.16,LPLC4,dend[1948],1.0
720575940623003653,429.032,215.808,167.04,429.08,215.96,167.0,LPLC4,dend[1733],0.6145979574841045
720575940635113151,427.168,225.472,175.56,427.112,225.412,175.6,LPLC4,dend[2283],0.6097694499285279
720575940640353333,435.632,219.096,172.96,435.732,219.164,172.96,LPLC4,dend[2095],0.947432935561439
720575940640353333,435.644,219.36,173.04,435.736,219.32,173.04,LPLC4,dend[2095],0.7365520028999348
720575940640353333,437.676,222.012,175.4,437.732,221.892,175.4,LPLC4,dend[2191],0.8448096738797017
720575940626886568,417.188,205.132,169.64,417.208,205.224,169.64,LPLC4,dend[2027],0.42419092458006485
720575940626886568,443.916,211.208,161.48,443.936,211.112,161.48,LPLC4,dend[109],0.5626799217601165
720575940626886568,421.264,213.456,173.28,421.192,213.404,173.32,LPLC4,dend[2038],0.2173515277633242
720575940626886568,434.092,210.58,164.24,434.14,210.688,164.2,LPLC4,dend[267],0.41132867187226685
720575940626886568,434.244,210.496,164.32,434.408,210.536,164.32,LPLC4,dend[267],0.7776305892739439
720575940623945194,428.72,210.496,170.0,428.632,210.432,170.0,LPLC4,dend[1763],0.3809868819596436
720575940620346758,419.784,214.224,176.0,419.712,214.112,176.0,LPLC4,dend[2039],0.9925749595455478
720575940620346758,420.608,211.62,180.28,420.72,211.704,180.32,LPLC4,dend[1976],0.3482102709479839
720575940634223514,426.216,214.068,176.04,426.112,214.016,176.04,LPLC4,dend[1960],0.2694347483253045
720575940620346758,419.824,214.412,175.68,419.76,214.32,175.68,LPLC4,dend[2039],0.8616062013811094
720575940618818629,421.752,207.744,171.24,421.644,207.748,171.24,LPLC4,dend[1797],0.46307106147110416
720575940626435850,425.768,210.456,168.08,425.744,210.572,168.08,LPLC4,dend[2058],0.8853215774006143
720575940627471619,426.232,210.08,169.08,426.188,209.996,169.08,LPLC4,dend[1778],0.9135126524141195
720575940619414597,415.616,229.616,169.6,415.64,229.52,169.52,LPLC4,dend[718],0.39595797846770475
720575940619655685,427.16,215.508,176.56,427.14,215.408,176.6,LPLC4,dend[1850],0.3064090791012287
720575940613984578,439.328,226.888,177.2,439.428,226.912,177.2,LPLC4,dend[2186],0.960070985764787
720575940645336100,427.696,217.088,176.64,427.808,217.04,176.64,LPLC4,dend[1852],0.5899991883995276
720575940653172726,435.62,217.236,176.48,435.632,217.296,176.56,LPLC4,dend[2105],0.46723267773442756
720575940624864585,431.22,210.648,169.04,431.1,210.528,169.04,LPLC4,dend[1809],0.2113736397784695
720575940619309632,426.344,221.592,168.56,426.188,221.576,168.56,LPLC4,dend[345],0.11610503240779962
720575940640353333,426.264,215.804,177.12,426.34,215.7,177.12,LPLC4,dend[1847],1.0
720575940613984578,435.172,220.94,172.2,435.332,220.92,172.2,LPLC4,dend[2092],1.0
720575940619159233,427.24,221.756,169.04,427.216,221.876,169.0,LPLC4,dend[346],0.7841258717315338
720575940646414132,431.748,219.548,182.88,431.656,219.476,182.88,LPLC4,dend[1880],0.6724569487797794
720575940634223514,431.44,221.672,169.4,431.38,221.752,169.4,LPLC4,dend[2338],0.2330830383838517
720575940609063236,425.48,207.248,172.36,425.364,207.28,172.36,LPLC4,dend[1825],1.0
720575940609063236,425.896,213.004,171.6,425.9,212.9,171.6,LPLC4,dend[1838],1.0
720575940633176749,444.896,219.24,176.76,444.988,219.304,176.72,LPLC4,dend[2202],0.3083560600304524
720575940633176749,444.788,219.172,176.88,444.896,219.132,176.88,LPLC4,dend[2203],0.18633061493033393
720575940622560094,427.208,213.84,175.72,427.128,213.904,175.72,LPLC4,dend[1960],0.6072580194745585
720575940633176749,425.46,213.424,175.4,425.536,213.428,175.4,LPLC4,dend[1984],0.6452014260581943
720575940619159233,435.684,220.696,171.76,435.6,220.82,171.76,LPLC4,dend[2092],0.8973647093267845
720575940634223514,426.768,213.988,175.84,426.836,213.904,175.84,LPLC4,dend[1960],0.5017802268195611
720575940619414597,420.964,213.832,175.92,420.852,213.868,175.88,LPLC4,dend[2040],0.6532167365389387
720575940613984578,434.684,212.42,170.36,434.716,212.552,170.36,LPLC4,dend[2406],0.6161392689704475
720575940609063236,421.376,216.548,172.36,421.428,216.644,172.36,LPLC4,dend[2048],0.40215116259671396
720575940613491826,440.172,222.344,168.56,440.2,222.252,168.52,LPLC4,dend[2361],0.2600452143713972
720575940640353333,428.632,210.224,168.68,428.736,210.26,168.68,LPLC4,dend[1802],0.46478111561912394
720575940621759169,423.7,214.904,179.8,423.752,214.912,179.76,LPLC4,dend[1937],0.3696128233281418
720575940613238418,439.484,219.976,168.76,439.32,219.912,168.8,LPLC4,dend[2362],0.8233877152878359
720575940640353333,428.992,216.996,179.64,428.856,217.048,179.6,LPLC4,dend[1855],0.9069669219357256
720575940645336100,427.68,209.5,169.92,427.752,209.416,169.92,LPLC4,dend[1777],0.5919068957333891
720575940645336100,426.968,209.84,169.92,426.888,209.736,169.88,LPLC4,dend[1778],0.27017755259243786
720575940622276735,439.204,222.16,164.68,439.24,222.14,164.72,LPLC4,dend[2373],0.5507777439778553
720575940623492632,416.628,204.684,170.48,416.652,204.728,170.4,LPLC4,dend[2026],0.17844907312463595
720575940624008586,432.552,214.0,165.52,432.544,213.896,165.48,LPLC4,dend[1732],1.0
720575940624864585,430.08,211.76,170.2,430.004,211.652,170.2,LPLC4,dend[1830],0.22295117350417962
720575940634599650,435.18,209.32,164.68,435.064,209.352,164.68,LPLC4,dend[269],1.0
720575940653172726,427.636,212.348,170.48,427.736,212.332,170.48,LPLC4,dend[1760],0.06443190861182681
720575940625925450,422.428,207.544,170.6,422.312,207.472,170.6,LPLC4,dend[1796],0.8731836639759049
720575940621259875,432.88,220.024,170.48,432.872,220.144,170.48,LPLC4,dend[2345],0.12222710141179757
720575940621259875,425.984,218.712,170.4,426.088,218.792,170.4,LPLC4,dend[2072],0.9008799149499546
720575940613491826,427.872,212.68,170.0,427.88,212.552,169.96,LPLC4,dend[1757],0.8432869408985941
720575940621259875,432.58,219.996,171.0,432.488,220.04,171.0,LPLC4,dend[2345],0.47344264560387733
720575940653172726,426.032,207.736,180.56,425.98,207.808,180.56,LPLC4,dend[1953],0.8992494041317041
720575940619655685,426.272,211.736,172.96,426.156,211.696,172.96,LPLC4,dend[1841],0.8755649913733587
720575940620346758,420.968,210.876,180.52,421.008,210.94,180.44,LPLC4,dend[1976],0.7363314468385874
720575940621514093,420.98,211.636,180.28,420.844,211.708,180.24,LPLC4,dend[1976],0.3514319490838021
720575940619014981,423.656,213.844,176.92,423.752,213.78,176.92,LPLC4,dend[1963],0.2561622048596898
720575940638880582,424.196,209.572,172.56,424.28,209.664,172.52,LPLC4,dend[1826],0.6019967097589778
720575940619014981,423.516,213.756,177.0,423.524,213.604,177.0,LPLC4,dend[1963],0.3688416694391399
720575940625925450,430.824,220.744,171.96,430.908,220.856,171.96,LPLC4,dend[2323],0.7597926434571424
720575940619014981,422.616,212.028,178.0,422.64,212.152,178.0,LPLC4,dend[1964],0.6083123984469624
720575940629320010,450.06,209.244,161.12,449.988,209.136,161.12,LPLC4,dend[39],0.8507701063529605
720575940614209576,423.82,223.388,172.24,423.832,223.552,172.24,LPLC4,dend[2318],0.5337033579925263
720575940621759169,429.608,209.024,168.92,429.44,208.924,168.92,LPLC4,dend[1766],0.7023040072062964
720575940621259875,432.8,221.488,172.68,432.844,221.64,172.68,LPLC4,dend[2251],0.9633921121422171
720575940621514093,428.996,213.46,169.16,428.968,213.628,169.2,LPLC4,dend[1754],0.4123091317672637
720575940630321464,434.132,215.768,169.32,434.016,215.696,169.32,LPLC4,dend[2389],0.7280851694822396
720575940630321464,434.052,215.712,169.44,433.948,215.568,169.48,LPLC4,dend[2389],0.937984861744487
720575940619159233,435.544,222.248,172.36,435.652,222.276,172.4,LPLC4,dend[2115],0.8738438144666814
720575940618818629,428.248,206.62,171.6,428.3,206.528,171.6,LPLC4,dend[1790],0.3058889859714393
720575940638880582,423.792,209.944,172.6,423.864,210.028,172.6,LPLC4,dend[1826],0.8864066748312407
720575940641216976,425.516,208.584,172.04,425.58,208.728,172.08,LPLC4,dend[1824],0.39772262318813995
720575940624864585,424.584,208.484,172.48,424.648,208.392,172.52,LPLC4,dend[1825],0.13657213797295034
720575940635497311,427.336,209.652,171.56,427.256,209.632,171.6,LPLC4,dend[1815],0.46559844458171606
720575940625925450,427.588,212.28,171.8,427.496,212.352,171.8,LPLC4,dend[1760],0.5948119117524305
720575940645336100,439.344,224.024,171.76,439.304,224.096,171.8,LPLC4,dend[2123],0.5088021583564424
720575940634223514,431.608,220.784,176.48,431.704,220.752,176.4,LPLC4,dend[2260],0.73458489789945
720575940622560094,427.596,214.14,175.2,427.608,214.256,175.24,LPLC4,dend[1960],0.8677424137995756
720575940633176749,424.968,213.312,175.24,424.82,213.32,175.16,LPLC4,dend[1922],0.9481499032204299
720575940613984578,425.064,215.976,175.72,425.164,215.972,175.68,LPLC4,dend[1846],0.7099567738966296
720575940624864585,428.836,208.404,174.84,428.72,208.32,174.84,LPLC4,dend[1821],0.874707749737793
720575940653172726,425.556,208.972,176.0,425.66,209.08,176.0,LPLC4,dend[1949],0.9567521157848522
720575940623003653,420.852,213.608,175.52,420.888,213.72,175.48,LPLC4,dend[2040],0.2380437689151129
720575940620346758,425.564,214.84,179.96,425.456,214.796,179.96,LPLC4,dend[1938],0.24594347425195212
720575940619159233,428.492,213.24,180.84,428.608,213.108,180.84,LPLC4,dend[1933],0.38825565465349376
720575940613984578,428.556,213.74,180.72,428.652,213.712,180.72,LPLC4,dend[1933],0.5517381392048004
720575940621259875,429.74,222.664,174.76,429.78,222.772,174.76,LPLC4,dend[2322],0.754776557035365
720575940614209576,437.452,221.56,171.48,437.34,221.536,171.48,LPLC4,dend[2114],0.7598436881215165
720575940620346758,424.008,207.144,167.8,424.12,207.16,167.8,LPLC4,dend[1793],0.9056033761983794
720575940614209576,431.888,220.964,175.88,431.808,221.024,175.88,LPLC4,dend[2260],0.49221187832722835
720575940614209576,424.824,218.384,177.72,424.856,218.516,177.72,LPLC4,dend[1899],0.9121798577890828
720575940634599650,440.056,221.732,164.36,439.96,221.736,164.4,LPLC4,dend[2374],0.17422931382039028
720575940622560094,428.176,217.592,179.52,428.284,217.464,179.48,LPLC4,dend[1861],0.1051211705081798
720575940614209576,435.612,220.148,174.24,435.68,220.044,174.2,LPLC4,dend[2108],0.9146944535101541
720575940653172726,427.488,212.328,170.76,427.6,212.3,170.76,LPLC4,dend[1760],0.1873952073403356
720575940653172726,421.208,214.232,172.32,421.32,214.224,172.28,LPLC4,dend[2000],0.9338439077005772
720575940622276735,420.996,213.804,174.8,420.928,213.748,174.76,LPLC4,dend[2038],0.7805911588558134
720575940622276735,424.756,219.152,178.32,424.648,219.312,178.28,LPLC4,dend[1904],0.5839871475999628
720575940622276735,448.896,211.688,160.92,448.824,211.588,160.92,LPLC4,dend[50],0.09629027072118598
720575940620346758,437.792,220.492,167.92,437.608,220.544,167.88,LPLC4,dend[2349],1.0
720575940620346758,430.556,210.22,169.32,430.64,210.328,169.24,LPLC4,dend[1807],0.9442321724565969
720575940620346758,422.96,216.052,179.36,422.872,215.988,179.28,LPLC4,dend[1937],0.7742164512655865
720575940620346758,430.5,222.788,169.84,430.612,222.848,169.84,LPLC4,dend[2343],0.7147038014638852
720575940626435850,435.496,220.16,171.56,435.516,220.284,171.56,LPLC4,dend[2093],0.888258022961979
720575940626435850,421.02,217.02,172.68,421.148,217.008,172.64,LPLC4,dend[2048],0.6121780470113921
720575940645336100,438.432,223.356,176.56,438.456,223.232,176.52,LPLC4,dend[2175],0.7364659849845483
720575940645336100,438.576,223.424,176.52,438.716,223.432,176.52,LPLC4,dend[2175],0.9062324856689696
720575940645336100,433.728,216.5,170.28,433.676,216.544,170.24,LPLC4,dend[2396],1.0
720575940645336100,435.416,214.808,171.24,435.512,214.824,171.24,LPLC4,dend[2413],0.7348300469796147
720575940645336100,428.008,209.74,168.6,428.112,209.716,168.6,LPLC4,dend[1764],1.0
720575940645336100,424.888,217.496,175.84,424.816,217.616,175.92,LPLC4,dend[1915],0.7228683438847744
720575940645336100,427.504,211.288,176.68,427.468,211.248,176.68,LPLC4,dend[1945],1.0
720575940619014981,436.156,221.264,165.6,436.2,221.376,165.56,LPLC4,dend[2368],0.929438273252077
720575940619014981,433.58,215.144,169.92,433.66,215.088,169.92,LPLC4,dend[2391],0.8837472098601451
720575940619014981,442.644,209.412,161.52,442.588,209.496,161.52,LPLC4,dend[110],0.545454959767433
720575940619014981,421.696,207.7,170.92,421.788,207.716,170.96,LPLC4,dend[1797],0.2543308187517478
720575940645336100,421.756,218.748,170.12,421.872,218.764,170.12,LPLC4,dend[2068],0.2051481697182148
720575940619414597,415.948,229.936,169.24,415.96,229.832,169.2,LPLC4,dend[718],1.0
720575940634839964,430.828,217.48,184.64,430.724,217.456,184.64,LPLC4,dend[1881],0.5495540591339001
720575940619414597,431.044,214.256,166.52,430.928,214.272,166.56,LPLC4,dend[1730],0.44053510693531306
720575940619014981,440.136,222.224,165.12,440.056,222.284,165.08,LPLC4,dend[2373],0.017126916369321517
720575940619014981,432.244,210.568,168.04,432.232,210.632,168.16,LPLC4,dend[1809],0.9692523269501173
720575940619414597,450.024,210.232,159.8,449.972,210.148,159.8,LPLC4,dend[48],0.5359512340976051
720575940634839964,429.136,214.664,178.44,429.232,214.688,178.44,LPLC4,dend[1896],0.47149065817876595
720575940623492632,421.608,212.824,172.68,421.496,212.88,172.68,LPLC4,dend[2003],0.4241627072984316
720575940619414597,428.476,225.456,165.24,428.516,225.548,165.24,LPLC4,dend[338],0.9827788747660746
720575940623492632,416.336,204.968,171.04,416.22,204.992,171.04,LPLC4,dend[2023],0.658239730473992
720575940619414597,434.352,219.624,165.84,434.472,219.576,165.84,LPLC4,dend[2416],0.7486369952771642
720575940623492632,441.14,222.74,162.6,440.996,222.68,162.56,LPLC4,dend[2376],1.0
720575940619414597,425.324,228.2,165.76,425.36,228.328,165.8,LPLC4,dend[395],0.013468831235993342
720575940619414597,436.044,210.94,163.8,435.932,210.904,163.8,LPLC4,dend[268],1.0
720575940622276735,417.824,207.568,171.6,417.888,207.504,171.64,LPLC4,dend[2017],0.4110700424501212
720575940623383432,439.788,219.976,167.2,439.772,219.864,167.16,LPLC4,dend[2365],0.9996251198550721
720575940623383432,422.18,215.032,177.88,422.176,214.912,177.88,LPLC4,dend[1971],0.98067504793174
720575940623961747,426.848,209.208,172.0,426.96,209.172,172.0,LPLC4,dend[1816],0.1162076120466606
720575940623961747,426.2,220.144,175.56,426.084,220.112,175.52,LPLC4,dend[1902],0.9711626115037743
720575940623961747,426.672,210.016,176.48,426.56,210.088,176.48,LPLC4,dend[1946],0.6522411605380782
720575940623961747,436.54,223.76,170.24,436.5,223.656,170.24,LPLC4,dend[2111],0.9290536837513202
720575940633176749,429.04,210.204,170.6,429.032,210.316,170.6,LPLC4,dend[1812],0.8073660346632829
720575940633176749,428.896,210.34,171.04,428.784,210.368,171.04,LPLC4,dend[1811],1.0
720575940633176749,426.352,217.988,170.32,426.22,217.924,170.28,LPLC4,dend[2071],1.0
720575940620375796,446.416,214.828,159.4,446.352,214.732,159.36,LPLC4,dend[75],1.0
720575940620375796,445.672,214.116,160.0,445.576,214.12,159.96,LPLC4,dend[77],0.9678672641087919
720575940620375796,445.696,214.248,160.12,445.628,214.292,160.08,LPLC4,dend[77],0.9633288826821105
720575940653172726,424.264,216.088,170.36,424.28,216.152,170.24,LPLC4,dend[2074],0.7341088009195472
720575940653172726,420.912,206.216,169.56,420.928,206.348,169.56,LPLC4,dend[1799],0.9366907096525723
720575940653172726,425.164,214.736,170.56,425.16,214.568,170.56,LPLC4,dend[1834],0.5758452695064696
720575940653172726,434.212,215.352,169.16,434.168,215.472,169.16,LPLC4,dend[2393],0.19826896671971914
720575940624008586,426.412,223.756,168.44,426.444,223.852,168.44,LPLC4,dend[348],0.5944909985244954
720575940624008586,431.064,214.968,167.4,430.996,214.984,167.32,LPLC4,dend[1729],1.0
720575940624008586,422.272,214.352,171.76,422.384,214.264,171.72,LPLC4,dend[1999],0.20708245951082777
720575940624008586,425.996,227.816,166.08,425.912,227.792,166.16,LPLC4,dend[395],0.809913600941479
720575940642181005,438.736,222.4,174.24,438.812,222.328,174.24,LPLC4,dend[2160],0.5541159830733511
720575940642181005,438.944,222.632,173.92,439.02,222.54,173.96,LPLC4,dend[2160],0.4266726008165922
720575940642181005,439.84,223.624,172.16,439.696,223.6,172.12,LPLC4,dend[2123],0.984677860680219
720575940634599650,428.82,213.656,168.96,428.864,213.596,169.0,LPLC4,dend[1754],0.22720665584879268
720575940634599650,430.36,214.724,166.76,430.416,214.816,166.72,LPLC4,dend[1728],0.7813984056018952
720575940634599650,430.2,214.768,166.72,430.212,214.884,166.72,LPLC4,dend[1728],0.600153311171514
720575940627363356,431.352,213.512,166.4,431.312,213.524,166.44,LPLC4,dend[1731],0.358419961870115
720575940621259875,431.664,220.88,175.76,431.732,220.96,175.72,LPLC4,dend[2260],0.47947295330055
720575940619655685,431.992,221.444,175.4,431.884,221.42,175.4,LPLC4,dend[2260],0.196368312426189
720575940619414597,414.924,230.124,170.0,414.852,230.204,170.0,LPLC4,dend[714],0.5698561549378921
720575940619414597,414.528,229.788,170.24,414.556,229.908,170.24,LPLC4,dend[714],0.5159881178045355
720575940623961747,443.472,221.664,175.4,443.464,221.528,175.4,LPLC4,dend[2198],0.4607723915389461
720575940622560094,423.184,218.736,175.6,423.144,218.608,175.6,LPLC4,dend[1917],0.8928075679505171
720575940627471619,442.344,220.912,175.4,442.384,221.044,175.44,LPLC4,dend[2206],0.9796944890281168
720575940625574844,421.508,214.14,172.36,421.432,214.088,172.28,LPLC4,dend[2000],0.7553870762978456
720575940641216976,432.056,224.336,170.96,432.0,224.252,170.96,LPLC4,dend[2268],0.660772449537798
720575940641216976,432.216,224.328,170.88,432.236,224.228,170.92,LPLC4,dend[2268],0.7800436961137557
720575940615044469,423.524,214.076,171.84,423.552,214.22,171.8,LPLC4,dend[1843],1.0
720575940641216976,434.416,214.088,170.52,434.352,214.056,170.44,LPLC4,dend[2405],1.0
720575940646414132,422.4,219.184,170.04,422.508,219.264,170.04,LPLC4,dend[2068],0.6163575986733186
720575940613984578,433.968,223.572,170.8,433.908,223.432,170.8,LPLC4,dend[2325],0.6030262182238492
720575940623492632,425.728,213.768,168.52,425.804,213.772,168.52,LPLC4,dend[1833],0.4635606417120668
720575940627149514,423.324,217.688,170.04,423.416,217.752,170.04,LPLC4,dend[2065],0.4230778998652238
720575940625574844,426.156,212.536,178.12,426.072,212.496,178.12,LPLC4,dend[1942],0.8968098940775294
720575940622276735,424.404,214.272,179.72,424.332,214.444,179.72,LPLC4,dend[1937],0.16357645996040338
720575940625574844,426.072,212.468,178.24,426.008,212.472,178.24,LPLC4,dend[1942],1.0
720575940641216976,434.764,213.208,170.16,434.632,213.16,170.16,LPLC4,dend[2406],0.29377454537951153
720575940642181005,436.032,219.136,174.24,435.936,219.168,174.24,LPLC4,dend[2098],0.6009662839112878
720575940619414597,440.584,222.128,163.52,440.608,222.204,163.6,LPLC4,dend[2374],0.9374920687758495
720575940623003653,429.46,215.552,166.64,429.568,215.648,166.6,LPLC4,dend[1733],0.1774170431798801
720575940623492632,429.808,215.8,166.44,429.808,215.68,166.44,LPLC4,dend[1725],0.9949251786562362
720575940627363356,430.496,215.016,166.36,430.42,214.908,166.4,LPLC4,dend[1728],0.6155914719080955
720575940646414132,432.296,220.7,168.88,432.3,220.832,168.88,LPLC4,dend[2334],0.5521795445036836
720575940623945194,430.752,220.936,169.56,430.728,221.052,169.56,LPLC4,dend[2333],0.8688169145791539
720575940623383432,442.384,221.624,167.96,442.42,221.72,168.0,LPLC4,dend[2356],0.9030440955602078
720575940623383432,430.252,222.256,169.48,430.224,222.148,169.48,LPLC4,dend[2339],0.8639534933008104
720575940633176749,441.688,222.308,167.44,441.736,222.288,167.52,LPLC4,dend[2356],0.22110173154946544
720575940625925450,430.428,221.1,169.56,430.54,221.108,169.56,LPLC4,dend[2333],0.9829485199671595
720575940633176749,441.544,222.528,167.28,441.432,222.428,167.36,LPLC4,dend[2355],1.0
