pre_y,pre_z,post_x,post_y,post_z,synBlockID,synDists,pre,name,type,mappedSection,mappedSegRangeVar,VPN_color
67.872,121.56,36.208,67.928,121.344,4,0.999577634,5901215446,LC4,LC4,dend[692],1,blue
66.208,124.696,33.08,66.056,124.68,146,0,5901215446,LC4,LC4,dend[749],1,blue
66,124.888,32.96,65.912,124.696,146,0.981184831,5901215446,LC4,LC4,dend[749],1,blue
61.848,129.192,12.52,61.936,129.232,3421,1,5901215446,LC4,LC4,dend[1407],0.567232386,blue
53.496,117.608,27.512,53.568,117.64,1181,0.959917239,5901215446,LC4,LC4,dend[1749],0.176539613,blue
67.392,119.712,37.984,67.456,119.72,209,0.629858612,5901215446,LC4,LC4,dend[449],0.911640607,blue
76.104,123.744,42.632,76.296,123.896,39,0.960581879,5901215446,LC4,LC4,dend[557],0.543210169,blue
66.784,123.992,33.624,66.656,123.856,144,0.518667849,5901215446,LC4,LC4,dend[742],0.485588486,blue
67.128,123.632,33.928,66.944,123.552,143,0.97032611,5901215446,LC4,LC4,dend[741],0.584687189,blue
67.496,122.8,34.688,67.384,122.728,3343,1,5901215446,LC4,LC4,dend[740],0.673559301,blue
67.912,122.168,35.768,67.912,122.168,4,0.999577634,5901215446,LC4,LC4,dend[516],0.326327595,blue
69.68,127.632,39.536,69.6,127.496,13,0.999181483,5901215446,LC4,LC4,dend[655],0.265102796,blue
67.432,122.416,35.376,67.384,122.288,3,0.999991398,5901215446,LC4,LC4,dend[691],0.253761979,blue
69.392,127.968,40.176,69.4,127.848,13,0.999181483,5901215446,LC4,LC4,dend[655],0.47046684,blue
75.512,124.856,42.08,75.472,124.84,38,0.933110804,5901215446,LC4,LC4,dend[589],0.24958934,blue
42.152,111.6,35.272,42.072,111.504,2731,0.987233615,5901196898,LPLC4_R,LPLC4,dend[1827],0.852394404,green
44.92,109.752,31.736,44.92,109.8,1243,0.969651177,5901196898,LPLC4_R,LPLC4,dend[912],1,green
42.632,111,34.856,42.496,110.856,2731,0.987233615,5901196898,LPLC4_R,LPLC4,dend[1827],0.481186592,green
41.432,95.696,24.088,41.456,95.744,2509,0.997340285,5901196898,LPLC4_R,LPLC4,dend[3445],0.420989185,green
46.024,96.896,36.192,46.072,97.032,2828,0,5901196898,LPLC4_R,LPLC4,dend[3062],1,green
29.888,108.536,38.096,30,108.64,2246,0,5901196898,LPLC4_R,LPLC4,dend[2150],0.821019201,green
43.944,109.128,32.656,43.672,109.08,2712,0.952363349,5901196898,LPLC4_R,LPLC4,dend[1808],0.355384702,green
42.752,96.608,24.424,42.752,96.456,2504,0.211799813,5901196898,LPLC4_R,LPLC4,dend[3428],0.350101,green
46.808,99.992,48.976,46.888,99.864,1590,0.167357899,5901196898,LPLC4_R,LPLC4,dend[198],1,green
46.792,104.368,43.552,46.496,104.456,2426,0.421993738,5901196898,LPLC4_R,LPLC4,dend[320],0.236423069,green
48.736,85.968,22.272,48.904,85.976,1661,0,5901196898,LPLC4_R,LPLC4,dend[2461],1,green
48.24,85.896,21.856,48.304,85.84,1661,0.060941964,5901196898,LPLC4_R,LPLC4,dend[2461],0.317259321,green
46.264,104.472,43.392,46.136,104.408,2425,0.945005714,5901196898,LPLC4_R,LPLC4,dend[319],1,green
44.2,111.92,34.048,44.024,112.04,1257,0,5901196898,LPLC4_R,LPLC4,dend[916],1,green
46.64,104.904,43.512,46.736,104.928,2423,0.999642751,5901196898,LPLC4_R,LPLC4,dend[318],0.787537151,green
48.864,86.52,22.104,48.888,86.272,1661,0,5901196898,LPLC4_R,LPLC4,dend[2461],1,green
74.536,122.904,41.168,74.568,123.024,43,0,5813075607,LC4,LC4,dend[588],0.766457954,blue
80.312,123.16,45.976,80.184,123.2,60,0,5813075607,LC4,LC4,dend[567],0.379540438,blue
80.696,123.896,46.056,80.752,123.984,57,0,5813075607,LC4,LC4,dend[579],1,blue
56.096,113.888,26.88,55.992,113.936,3374,1,5813075607,LC4,LC4,dend[1762],0.176579698,blue
64.8,122.352,31.088,64.864,122.464,304,0.999794027,5813075607,LC4,LC4,dend[416],0.566863332,blue
64.576,122.536,30.368,64.56,122.672,306,0,5813075607,LC4,LC4,dend[417],0.15458695,blue
75.184,123.512,41.72,75.104,123.576,43,0,5813075607,LC4,LC4,dend[588],0.356455864,blue
72.464,133.352,18.824,72.552,133.36,669,0,5813075607,LC4,LC4,dend[1557],0.61798462,blue
72.64,136.072,19.408,72.536,135.96,667,0.410280518,5813075607,LC4,LC4,dend[1555],0.696117748,blue
56.784,123.024,14.568,56.608,123.056,911,0,5813075607,LC4,LC4,dend[1156],0.632066072,blue
58.856,122.752,19.248,58.832,122.968,464,0.998832762,5813075607,LC4,LC4,dend[1268],0.469983438,blue
63.928,119.896,34.728,63.888,119.952,193,0.995517344,5813075607,LC4,LC4,dend[512],0.102942883,blue
79.648,122.984,46.696,79.432,123.056,61,0.992565304,5813075607,LC4,LC4,dend[584],0.920500371,blue
72.976,133.288,17.72,73.024,133.176,663,0,5813075607,LC4,LC4,dend[1549],0.598601976,blue
62.24,114.664,38.376,62.256,114.768,315,0,5813075607,LC4,LC4,dend[757],0.537350421,blue
72.88,135.552,19.424,72.816,135.432,667,0.410280518,5813075607,LC4,LC4,dend[1555],0.42741763,blue
58.84,125.4,31.52,58.632,125.448,882,0.969696047,5813069377,LC4,LC4,dend[1728],0.477985791,blue
64.912,136.544,14.152,64.792,136.568,707,0,5813069377,LC4,LC4,dend[1314],0.378451133,blue
65.088,136.2,15.44,64.96,136.288,708,0,5813069377,LC4,LC4,dend[1315],0.483906504,blue
71.84,127.064,22.896,71.672,127.04,854,0,5813069377,LC4,LC4,dend[1529],0.285845134,blue
68.072,129.208,23.72,68.04,129.08,1098,0.995504127,5813069377,LC4,LC4,dend[1515],0.835368227,blue
72.112,124.984,37.976,72.128,124.936,8,0.998831801,5813069377,LC4,LC4,dend[520],0.77045486,blue
58.816,125.52,29.152,58.76,125.68,868,0.964407905,5813069377,LC4,LC4,dend[1714],0.557109146,blue
64.96,136.504,15.296,64.936,136.384,708,0,5813069377,LC4,LC4,dend[1315],0.461798462,blue
57.936,124.144,28.472,58.04,124.12,881,0,5813069377,LC4,LC4,dend[1727],0.109890159,blue
65.664,136.928,16.032,65.384,136.936,708,0,5813069377,LC4,LC4,dend[1315],0.858778269,blue
58.896,126.096,32.36,58.672,126.056,884,0,5813069377,LC4,LC4,dend[1729],0.101990291,blue
70.112,126.888,38.032,69.824,126.832,12,0.991443216,5813069377,LC4,LC4,dend[687],0.385791649,blue
65.984,134.192,17.8,66.192,134.256,828,0.996354864,5813069377,LC4,LC4,dend[1339],0.492332257,blue
58.712,121.448,20.016,58.768,121.536,463,0,5813069053,LC4,LC4,dend[1267],0.352684377,blue
61.888,122.904,14.528,61.792,122.856,938,0,5813069053,LC4,LC4,dend[1281],0.743792803,blue
58.12,120.96,21.032,58.152,120.752,3405,1,5813069053,LC4,LC4,dend[1233],0.362952134,blue
80.624,124.008,45.984,80.736,124.008,58,0.974070432,5813069053,LC4,LC4,dend[580],0.0051164,blue
80.904,124.12,45.992,80.824,124.056,57,0,5813069053,LC4,LC4,dend[579],1,blue
80.76,124.336,46.368,80.704,124.208,49,0.990617259,5813069053,LC4,LC4,dend[579],0.996644237,blue
71.184,133.184,14.224,71.088,133.368,660,0.997646609,5813069053,LC4,LC4,dend[1562],0.359224035,blue
70.672,125.264,32.848,70.608,125.352,167,0.979571053,5813069053,LC4,LC4,dend[735],0.621003808,blue
74.928,123.608,41.672,74.984,123.544,43,0,5813069053,LC4,LC4,dend[588],0.405530489,blue
80.072,128.056,40.776,80.152,128.056,109,0.277723696,5813069053,LC4,LC4,dend[636],0.913817436,blue
73.4,134.488,19.808,73.248,134.536,668,0.075396663,5813069053,LC4,LC4,dend[1554],1,blue
71.576,133.504,14.624,71.44,133.56,660,0.997646609,5813069053,LC4,LC4,dend[1562],0.361061505,blue
68.128,129.144,21.4,67.96,129.248,1097,0.994553285,5813069053,LC4,LC4,dend[1514],0.295716462,blue
68.432,128.8,22.176,68.232,128.944,1674,0,5813069053,LC4,LC4,dend[1516],0.61118291,blue
68.176,128.72,22.208,68.224,128.912,1098,0.995504127,5813069053,LC4,LC4,dend[1516],0.62076169,blue
77,124.088,43.248,77,124,39,0.960581879,5813069053,LC4,LC4,dend[557],0.887117958,blue
61.664,124.072,13.808,61.528,124.056,938,0,5813069053,LC4,LC4,dend[1281],0.109478172,blue
53.368,97.984,46.432,52.992,98.048,3301,1,5813069046,LPLC1_R,LPLC1,dend[3734],1,red
56.512,95.648,27.832,56.552,95.528,3034,0.991142403,5813069046,LPLC1_R,LPLC1,dend[3116],1,red
52.984,100.088,42.2,52.96,100.016,3305,1,5813069046,LPLC1_R,LPLC1,dend[3567],0.200613596,red
51.48,101.752,37.472,51.496,101.608,3306,1,5813069046,LPLC1_R,LPLC1,dend[358],0.539819035,red
59.72,103.952,26.752,59.672,103.856,2970,0.947513226,5813069046,LPLC1_R,LPLC1,dend[3187],0.607730006,red
52.336,103.36,37.84,52.304,103.464,3306,1,5813069046,LPLC1_R,LPLC1,dend[347],0.81700394,red
56.344,101.656,42.04,56.344,101.56,1419,0,5813069046,LPLC1_R,LPLC1,dend[3616],0.825789841,red
52.832,102.672,37.856,52.944,102.632,3306,1,5813069046,LPLC1_R,LPLC1,dend[349],1,red
54.168,99.32,30.232,54.224,99.272,2864,0.984394205,5813069046,LPLC1_R,LPLC1,dend[3533],0.561964093,red
54.888,108.24,19.128,54.896,108.248,1202,0,5813069046,LPLC1_R,LPLC1,dend[1215],0.343965846,red
53.944,99.872,30.12,53.928,99.944,2975,0,5813069046,LPLC1_R,LPLC1,dend[3557],0.570952999,red
55.336,95.344,37.568,55.168,95.296,2897,0,5813069046,LPLC1_R,LPLC1,dend[2542],1,red
58.528,102.104,13.032,58.44,102.104,2332,0.980779167,5813069046,LPLC1_R,LPLC1,dend[3294],1,red
54.576,108.064,19.112,54.56,108.176,1202,0,5813069046,LPLC1_R,LPLC1,dend[1215],0.455053132,red
52.568,100.04,41.44,52.464,100.072,3305,1,5813069046,LPLC1_R,LPLC1,dend[3566],0.845516466,red
52.328,100.68,40.512,52.328,100.776,3306,1,5813069046,LPLC1_R,LPLC1,dend[282],0.572305088,red
52.112,100.688,43.448,52.08,100.592,3304,1,5813069046,LPLC1_R,LPLC1,dend[280],0.979649463,red
55.688,99.256,22.472,55.856,99.096,2955,0.976417109,5813069046,LPLC1_R,LPLC1,dend[3175],0.203679529,red
58.152,101.104,13.024,58.152,101.016,2331,0.215850461,5813069046,LPLC1_R,LPLC1,dend[3293],0.62196188,red
52.12,102.408,37.04,52.232,102.488,3306,1,5813069046,LPLC1_R,LPLC1,dend[357],0.525672447,red
55.768,101.368,43.88,55.664,101.248,1416,0.995476259,5813069046,LPLC1_R,LPLC1,dend[3614],0.783692662,red
62.096,102.976,17.528,62.216,102.864,1024,0,5813069046,LPLC1_R,LPLC1,dend[1183],0.886705093,red
53.592,94.064,47.592,53.544,94.008,560,0.985596324,5813069046,LPLC1_R,LPLC1,dend[161],0.645060346,red
53.032,98.2,46.456,52.968,98.008,3301,1,5813069046,LPLC1_R,LPLC1,dend[3734],1,red
57.12,106.92,11.608,57.208,106.952,995,0.957660034,5813069046,LPLC1_R,LPLC1,dend[1066],1,red
56.56,91.688,41.632,56.704,91.696,2173,0.496206136,5813069046,LPLC1_R,LPLC1,dend[3713],0.860121462,red
55.272,101.2,44.376,55.48,101.168,1413,0.895581592,5813069046,LPLC1_R,LPLC1,dend[3611],0.160412441,red
53.624,93.44,46.952,53.568,93.408,570,0,5813069046,LPLC1_R,LPLC1,dend[181],1,red
58.304,101.152,12.408,58.44,101.056,2323,0,5813069046,LPLC1_R,LPLC1,dend[3281],1,red
57.28,102.152,24.008,57.224,102.256,2985,0.058790704,5813069046,LPLC1_R,LPLC1,dend[3160],0.993126159,red
52.576,100.6,40.096,52.688,100.632,3306,1,5813069046,LPLC1_R,LPLC1,dend[282],0.653662183,red
57.096,91.472,41.12,57.2,91.512,2174,0.988724166,5813069046,LPLC1_R,LPLC1,dend[3715],0.783523021,red
54.248,106.776,36.336,54.184,106.64,3308,1,5813069046,LPLC1_R,LPLC1,dend[1779],0.530298138,red
51.136,106.504,33.424,51,106.592,3308,1,5813069046,LPLC1_R,LPLC1,dend[361],0.68015699,red
51.096,106.344,33.368,50.944,106.536,3308,1,5813069046,LPLC1_R,LPLC1,dend[361],0.707664052,red
69.64,129.16,17.064,69.752,128.992,656,0.999971551,5813061197,LC4,LC4,dend[1545],0.796067412,blue
76.312,127.16,39.776,76.336,127.16,105,0.995356221,5813061197,LC4,LC4,dend[638],1,blue
60.528,116.696,26.768,60.408,116.752,899,0.21760954,5813061197,LC4,LC4,dend[1702],0.28698621,blue
72.528,128.776,32.704,72.512,128.96,174,0.929592955,5813061197,LC4,LC4,dend[729],0.691854979,blue
61.768,123.76,15.608,61.728,123.768,932,0.999565984,5813061197,LC4,LC4,dend[1290],0.161711316,blue
72.312,128.728,34.808,72.328,128.6,176,0,5813061197,LC4,LC4,dend[717],0.449032557,blue
80.688,123.312,46.96,80.68,123.464,49,0.990617259,5813061197,LC4,LC4,dend[568],0.592975669,blue
72.176,128.168,33.488,72.016,128.2,174,0.420621523,5813061197,LC4,LC4,dend[729],0.235341001,blue
68.728,128.912,22.472,68.528,128.912,1674,0,5813061197,LC4,LC4,dend[1516],1,blue
80.328,128.264,40.096,80.256,128.392,108,0.944548133,5813061197,LC4,LC4,dend[636],0.305324484,blue
72.584,128.128,34.04,72.464,128.088,240,0,5813061197,LC4,LC4,dend[728],0.479952774,blue
72.984,129.056,32.736,72.784,129.128,174,0.929592955,5813061197,LC4,LC4,dend[729],0.758221342,blue
61.16,115.24,23.848,61.096,115.208,383,0.999465517,5813061197,LC4,LC4,dend[1691],1,blue
75.272,126.568,39.2,75.272,126.44,103,0.991975983,5813061197,LC4,LC4,dend[611],0.946943726,blue
75.824,126.672,40.264,75.784,126.56,15,0.990860111,5813061197,LC4,LC4,dend[610],1,blue
79.88,123.752,46.184,79.88,123.632,48,0.999061146,5813061197,LC4,LC4,dend[567],0.652918049,blue
58.176,115.216,35.44,58.184,115.344,3313,1,5813061197,LC4,LC4,dend[397],1,blue
60.936,117.056,25.184,60.92,117.048,896,0.998482852,5813061197,LC4,LC4,dend[1701],0.462846585,blue
62.152,123.28,15.656,62.232,123.256,932,0.999565984,5813061197,LC4,LC4,dend[1290],0.368282314,blue
59.936,123.56,18.808,59.904,123.696,1473,0,5813061197,LC4,LC4,dend[1297],1,blue
63.848,124.52,32.416,63.64,124.592,305,0,5813055129,LC4,LC4,dend[419],0.865071335,blue
58.312,115.096,37.48,58.152,115.176,320,0,5813055129,LC4,LC4,dend[790],0.759010707,blue
68.768,124.36,39.656,68.528,124.448,3341,1,5813055129,LC4,LC4,dend[685],1,blue
73.312,119.048,43.384,73.528,119.056,262,0.64780165,5813055129,LC4,LC4,dend[471],0.73531089,blue
72.76,138.568,15.288,72.88,138.48,674,0.970317998,5813055129,LC4,LC4,dend[1634],1,blue
61.264,131.344,13.424,61.36,131.424,699,0.339136426,5813055129,LC4,LC4,dend[1358],0.676874645,blue
61.432,121.768,36.368,61.392,121.88,3356,1,5813055129,LC4,LC4,dend[441],0.951350495,blue
64.728,119.152,36.744,64.832,119.192,208,0.080970504,5813055129,LC4,LC4,dend[510],0.568421441,blue
78.16,122.824,45.304,78.224,122.672,62,0.026407372,5813055129,LC4,LC4,dend[586],1,blue
79.248,124.312,46.624,78.944,124.008,61,0.992565304,5813055129,LC4,LC4,dend[583],0.35415306,blue
61.616,131.184,14.72,61.584,131.288,698,0.997706255,5813055129,LC4,LC4,dend[1307],0.380638665,blue
63,127.328,28.352,62.8,127.232,872,0.974932256,5813055129,LC4,LC4,dend[1723],0.94317264,blue
62.136,123.064,35.872,61.984,123.152,294,0,5813055129,LC4,LC4,dend[439],0.187446917,blue
62.016,130.48,13.448,62.096,130.536,1150,0,5813055129,LC4,LC4,dend[1403],0.446803487,blue
74.032,122.608,47.136,74,122.792,81,0.970911688,5813055129,LC4,LC4,dend[600],0.663937197,blue
63.632,124.984,32.72,63.528,124.976,305,0,5813055129,LC4,LC4,dend[419],1,blue
54.648,99.952,25.568,54.64,100.08,3665,1,5813055080,LPLC1_R,LPLC1,dend[3133],1,red
52.272,100.88,40.664,52.144,100.752,3306,1,5813055080,LPLC1_R,LPLC1,dend[282],0.523577647,red
54.064,93.712,47.944,53.904,93.8,561,0.989970782,5813055080,LPLC1_R,LPLC1,dend[162],0.819003971,red
58.616,94.256,36.752,58.384,94.12,2900,0.989614373,5813055080,LPLC1_R,LPLC1,dend[2528],0.506606185,red
60.672,108.768,23.432,60.696,108.72,1165,0.18965039,5813055080,LPLC1_R,LPLC1,dend[983],0.53930146,red
51.656,105.384,34.584,51.552,105.336,3307,1,5813055080,LPLC1_R,LPLC1,dend[361],0.51326085,red
52.624,103.896,36.376,52.776,103.936,3307,1,5813055080,LPLC1_R,LPLC1,dend[369],1,red
58.968,98.912,18.528,58.864,98.928,2650,0.9957756,5813055080,LPLC1_R,LPLC1,dend[3306],0.335168579,red
58.904,108.792,13.92,58.864,108.984,626,0,5813055080,LPLC1_R,LPLC1,dend[1110],0.982625188,red
60.568,108.064,23.104,60.704,108.2,1165,0,5813055080,LPLC1_R,LPLC1,dend[983],0.773768215,red
54.136,98.776,36.208,54.192,98.832,3234,0.972747635,5813055080,LPLC1_R,LPLC1,dend[2301],1,red
53.488,92.76,50.736,53.648,92.68,476,0.997956455,5813055080,LPLC1_R,LPLC1,dend[106],1,red
58.68,98.936,18.592,58.68,98.944,2650,0.9957756,5813055080,LPLC1_R,LPLC1,dend[3306],0.367686108,red
54.64,98.88,25.48,54.344,98.928,3639,1,5813055080,LPLC1_R,LPLC1,dend[3343],1,red
51.768,104.72,38.968,51.928,104.544,3306,1,5813055080,LPLC1_R,LPLC1,dend[359],1,red
60.176,99.328,31.8,60.008,99.376,2873,0.978124514,5813055080,LPLC1_R,LPLC1,dend[3547],0.388387582,red
55.128,98.208,27.488,54.976,98.136,3029,0,5813055080,LPLC1_R,LPLC1,dend[3120],0.952933835,red
55.04,100.44,24.984,54.904,100.576,2978,0.999998999,5813055080,LPLC1_R,LPLC1,dend[3134],0.789407926,red
51.128,103.616,40.072,51.072,103.528,3306,1,5813055080,LPLC1_R,LPLC1,dend[291],0.747298977,red
54.104,94.328,47.936,54.136,94.344,569,0,5813055080,LPLC1_R,LPLC1,dend[164],1,red
54.2,93.312,43.664,54.16,93.288,2159,0.996238824,5813055080,LPLC1_R,LPLC1,dend[3723],0.093639906,red
55.816,89.792,43.568,55.952,89.736,2183,0.979999779,5813055080,LPLC1_R,LPLC1,dend[3696],0.473683447,red
57.304,102.432,24.128,57.304,102.272,2985,0.058790704,5813055080,LPLC1_R,LPLC1,dend[3160],1,red
56.152,96.624,27.704,56.144,96.464,3032,0,5813055080,LPLC1_R,LPLC1,dend[3098],0.740366133,red
52.008,104.808,36.568,51.864,104.68,3307,1,5813055080,LPLC1_R,LPLC1,dend[369],0.556797798,red
52.336,104.296,36.52,52.488,104.28,3307,1,5813055080,LPLC1_R,LPLC1,dend[369],0.846466422,red
53.296,94.04,44.008,53.384,94.112,2213,0,5813055080,LPLC1_R,LPLC1,dend[3678],0.625570716,red
58,107.68,10.768,58,107.72,995,0.957660034,5813055080,LPLC1_R,LPLC1,dend[1066],0.056395669,red
60.408,99.936,32.12,60.352,99.936,2877,0.99932825,5813055080,LPLC1_R,LPLC1,dend[3541],0.982247308,red
56.88,110.056,26.368,56.76,110.016,2351,0.999459418,5813055080,LPLC1_R,LPLC1,dend[958],0.197030241,red
57.592,110.144,27.4,57.664,110.112,2352,0,5813055080,LPLC1_R,LPLC1,dend[962],1,red
51.816,105.896,38.424,51.744,105.928,3307,1,5813055080,LPLC1_R,LPLC1,dend[1799],0.712968379,red
57.928,110.136,27.496,57.72,110.128,2352,0,5813055080,LPLC1_R,LPLC1,dend[962],1,red
53.192,99.912,42.104,53.128,99.792,3305,1,5813055080,LPLC1_R,LPLC1,dend[3567],0.265158688,red
59.024,93.896,32.808,58.992,94,1329,0.328914681,5813047992,LPLC1_R,LPLC1,dend[2395],0.375467552,red
58.888,107.552,9.856,58.712,107.64,635,0.963785237,5813047992,LPLC1_R,LPLC1,dend[1057],0.758325091,red
54.848,93.912,54.632,54.776,94.032,451,0.954919498,5813047992,LPLC1_R,LPLC1,dend[36],0.556724896,red
60.416,111.392,21.248,60.264,111.352,1197,0.980618595,5813047992,LPLC1_R,LPLC1,dend[1195],1,red
58.192,110.784,22.648,58.104,110.616,1162,0,5813047992,LPLC1_R,LPLC1,dend[991],0.803129424,red
55.16,93.792,51.736,55.248,94,480,0.997917415,5813047992,LPLC1_R,LPLC1,dend[104],0.8494429,red
59.616,90.808,36.088,59.488,90.728,1321,0.884902415,5813047992,LPLC1_R,LPLC1,dend[2402],1,red
55.56,97.576,44.024,55.504,97.744,2204,0.996293588,5813047992,LPLC1_R,LPLC1,dend[3759],0.636427585,red
59.536,90.944,36.144,59.36,90.888,1396,0,5813047992,LPLC1_R,LPLC1,dend[2402],1,red
57.968,100.52,13.224,57.936,100.448,2330,0,5813047992,LPLC1_R,LPLC1,dend[3296],0.653888597,red
59.256,90.488,37.224,59.32,90.456,1322,0.991174699,5813047992,LPLC1_R,LPLC1,dend[2400],0.856082343,red
59.272,90.432,37.368,59.208,90.408,1322,0.991174699,5813047992,LPLC1_R,LPLC1,dend[2400],1,red
59.12,93.136,33.072,59.232,93.184,1327,0.945171385,5813047992,LPLC1_R,LPLC1,dend[2393],0.660456946,red
52.592,104.6,27.176,52.768,104.488,3012,0.935767523,5813047992,LPLC1_R,LPLC1,dend[3166],0.831611441,red
53.816,100.608,32.352,53.816,100.72,3211,0.975790576,5813047992,LPLC1_R,LPLC1,dend[3079],0.594223233,red
56.36,98.408,25.392,56.512,98.432,3847,0.475736041,5813047992,LPLC1_R,LPLC1,dend[3333],0.60333876,red
54.52,91.216,48.04,54.624,91.256,497,0,5813047992,LPLC1_R,LPLC1,dend[129],1,red
54.536,96.704,45.536,54.376,96.696,3301,1,5813047992,LPLC1_R,LPLC1,dend[3761],1,red
53.24,93.984,48.208,53.216,93.912,198,0.999630607,5813047992,LPLC1_R,LPLC1,dend[182],1,red
54.328,90.328,48.304,54.248,90.232,495,0,5813047992,LPLC1_R,LPLC1,dend[120],1,red
55.064,89.64,48.176,55.112,89.568,498,0,5813047992,LPLC1_R,LPLC1,dend[122],0.574933076,red
56.576,102.344,24.024,56.696,102.28,2985,0.058790704,5813047992,LPLC1_R,LPLC1,dend[3160],0.662304713,red
53.152,101.016,32.224,53.16,100.848,3211,0.975790576,5813047992,LPLC1_R,LPLC1,dend[3079],0.258646714,red
51.552,101.384,37.72,51.544,101.44,3306,1,5813047992,LPLC1_R,LPLC1,dend[358],0.593109304,red
51.648,101.032,37.968,51.728,101.096,3306,1,5813047992,LPLC1_R,LPLC1,dend[358],0.711978734,red
68.136,104.6,6.848,68.024,104.592,603,0,5813045792,LPLC1_R,LPLC1,dend[1083],0.841860506,red
56.448,96.504,23.728,56.568,96.584,3147,0.977999749,5813045792,LPLC1_R,LPLC1,dend[3332],0.310064198,red
56.432,93.224,46.192,56.376,93.176,567,0.953552426,5813045792,LPLC1_R,LPLC1,dend[174],0.811681092,red
56.592,93.264,46.352,56.432,93.24,567,0.953552426,5813045792,LPLC1_R,LPLC1,dend[174],0.705508925,red
56.472,94.288,40.584,56.608,94.112,3845,0,5813045792,LPLC1_R,LPLC1,dend[2540],0.983263142,red
55.192,106.248,37.536,55.024,106.168,3186,0,5813045792,LPLC1_R,LPLC1,dend[1792],1,red
56.168,106.352,37.28,56.128,106.208,3185,0.715140031,5813045792,LPLC1_R,LPLC1,dend[1781],0.847733626,red
56.064,93.528,47.016,55.936,93.584,566,0,5813045792,LPLC1_R,LPLC1,dend[173],0.817936768,red
63.8,106.504,9.56,63.88,106.568,598,0.99890695,5813045792,LPLC1_R,LPLC1,dend[1077],0.886627494,red
53.592,96.184,40.432,53.656,96.072,3305,1,5813045792,LPLC1_R,LPLC1,dend[286],1,red
58.088,109.32,8.08,57.96,109.224,992,0.91016753,5813045792,LPLC1_R,LPLC1,dend[1062],0.929787226,red
55.24,109.176,18.056,55.12,109.248,1045,0.995907916,5813045792,LPLC1_R,LPLC1,dend[1214],0.753750445,red
54.024,90.064,47.736,53.912,90.088,495,0,5813042873,LPLC1_R,LPLC1,dend[120],0.578491736,red
53.696,94.512,44.512,53.624,94.384,3301,1,5813042873,LPLC1_R,LPLC1,dend[3679],0.473338286,red
64.28,105.752,19.208,64.256,105.872,1016,0.997719259,5813042873,LPLC1_R,LPLC1,dend[1176],0.302100427,red
63.456,104.776,17.992,63.552,104.704,1019,0,5813042873,LPLC1_R,LPLC1,dend[1178],0.880777941,red
56.568,110.968,27.44,56.656,111.016,2347,0.993565487,5813042873,LPLC1_R,LPLC1,dend[954],0.492686472,red
54.192,90.072,48.16,54.192,90.2,495,0,5813042873,LPLC1_R,LPLC1,dend[120],0.995506477,red
53.992,105.56,23.768,53.992,105.432,3004,0.990355245,5813042873,LPLC1_R,LPLC1,dend[3156],0.626734003,red
53.864,99.68,30.24,53.864,99.608,2864,0.984394205,5813042873,LPLC1_R,LPLC1,dend[3557],0.350122165,red
52.616,103.504,40.96,52.464,103.416,3306,1,5813042873,LPLC1_R,LPLC1,dend[294],1,red
54.032,108.04,19.216,54.064,108.096,1202,0,5813042873,LPLC1_R,LPLC1,dend[1215],0.632741394,red
55.696,105.576,37.904,55.752,105.464,3188,0.22319779,5813042873,LPLC1_R,LPLC1,dend[1791],0.84980807,red
52.52,103.504,40.904,52.4,103.416,3306,1,5813042873,LPLC1_R,LPLC1,dend[294],1,red
53.072,104.904,27.224,52.872,104.856,3012,0.935767523,5813042873,LPLC1_R,LPLC1,dend[3166],0.950915035,red
52.152,103.408,37.8,52.248,103.456,3306,1,5813042873,LPLC1_R,LPLC1,dend[347],0.792538843,red
53.44,107.44,19.784,53.52,107.408,1202,0,5813042873,LPLC1_R,LPLC1,dend[1215],0.958613415,red
54.064,93.176,46.528,54.008,93.32,572,0.986163935,5813042873,LPLC1_R,LPLC1,dend[179],0.05740608,red
58.84,109.28,15.768,59.016,109.296,622,0.999668148,5813042873,LPLC1_R,LPLC1,dend[1121],0.611144003,red
53.856,101.208,39.904,53.936,101.056,3306,1,5813042873,LPLC1_R,LPLC1,dend[282],0.956224982,red
52.712,96.664,29.968,52.672,96.856,2104,0.997960062,5813042873,LPLC1_R,LPLC1,dend[3558],0.850328011,red
54.16,94.704,43.624,54.064,94.568,2156,0.997407842,5813042873,LPLC1_R,LPLC1,dend[3660],0.176211044,red
53.936,100.672,32.328,53.912,100.816,3211,0.975790576,5813042873,LPLC1_R,LPLC1,dend[3079],0.661110356,red
55.888,106.496,37.104,55.752,106.376,3185,0.715140031,5813042873,LPLC1_R,LPLC1,dend[1781],0.566580259,red
56.704,94.016,33.096,56.736,94.096,2919,0,5813042873,LPLC1_R,LPLC1,dend[2556],0.131361245,red
54.2,94.976,45.616,53.96,95.048,3301,1,5813042873,LPLC1_R,LPLC1,dend[3681],1,red
58.192,108.92,15.728,58.248,108.776,622,0.999668148,5813042873,LPLC1_R,LPLC1,dend[1125],0.943155719,red
56.8,94.104,34.024,56.816,94.328,2916,0.975155298,5813042873,LPLC1_R,LPLC1,dend[2551],0.041750251,red
51.872,103.72,33.352,51.88,103.816,3307,1,5813042873,LPLC1_R,LPLC1,dend[363],0.751506844,red
54.448,90.32,47.944,54.616,90.296,496,0.961905505,5813042873,LPLC1_R,LPLC1,dend[129],0.170074729,red
57.072,113.08,21.44,57.104,113.104,3436,1,5813042873,LPLC1_R,LPLC1,dend[1000],0.328247258,red
59.4,111.144,18.744,59.328,111.096,1050,0.9942687,5813042873,LPLC1_R,LPLC1,dend[1221],0.824565961,red
55.864,92.288,34.912,55.88,92.36,2928,0.995579618,5813042873,LPLC1_R,LPLC1,dend[2521],1,red
53.16,101.104,32.016,53.096,100.976,3211,0.975790576,5813042873,LPLC1_R,LPLC1,dend[3079],0.221657076,red
63.664,104.784,18.504,63.632,104.792,1019,0,5813042873,LPLC1_R,LPLC1,dend[1178],0.473699209,red
53.8,97.44,46.56,53.76,97.344,3301,1,5813042873,LPLC1_R,LPLC1,dend[3736],0.402561696,red
55.488,98.976,22.32,55.472,98.864,2954,0.980592746,5813042873,LPLC1_R,LPLC1,dend[3174],0.805713589,red
52.512,103.856,40.488,52.44,103.952,3306,1,5813042873,LPLC1_R,LPLC1,dend[292],1,red
56.568,94.352,33.92,56.752,94.352,2919,0,5813042873,LPLC1_R,LPLC1,dend[2554],0.129789686,red
52.112,102.696,37.144,52.248,102.648,3306,1,5813042873,LPLC1_R,LPLC1,dend[357],0.378618241,red
51.288,103.088,37.448,51.136,103.08,3306,1,5813038998,LPLC1,LPLC1,dend[347],0.266312149,red
52.656,98.48,37.84,52.528,98.592,1268,0.987666367,5813038998,LPLC1,LPLC1,dend[2266],0.570411227,red
52.592,99.224,32.104,52.488,99.128,3638,1,5813038998,LPLC1,LPLC1,dend[3073],0.676707367,red
55.36,93.856,34.888,55.336,93.912,2914,0.966415593,5813038998,LPLC1,LPLC1,dend[2549],0.191100317,red
56.752,94.272,26.336,56.752,94.248,3038,0.045589882,5813038998,LPLC1,LPLC1,dend[3102],0.021451747,red
51.24,101.752,38.192,51.056,101.68,3306,1,5813038998,LPLC1,LPLC1,dend[358],0.46880727,red
56.768,94.68,26.192,56.896,94.624,3038,0,5813038998,LPLC1,LPLC1,dend[3115],1,red
52.752,94.808,55.368,52.752,94.824,431,0.990618334,5813038998,LPLC1,LPLC1,dend[45],1,red
54.76,108.168,18.928,54.88,108.28,1202,0,5813038998,LPLC1,LPLC1,dend[1215],0.318798254,red
55.392,104.888,23.128,55.52,104.976,3001,0.965163584,5813038998,LPLC1,LPLC1,dend[3152],0.19603179,red
53.392,101.072,40.048,53.52,100.936,3306,1,5813038998,LPLC1,LPLC1,dend[282],0.852290616,red
52.912,100.712,39.944,52.992,100.64,3306,1,5813038998,LPLC1,LPLC1,dend[282],0.723590401,red
55.352,105.024,23.072,55.584,104.92,3001,0.965163584,5813038998,LPLC1,LPLC1,dend[3152],0.237748108,red
51.664,101.144,39.32,51.552,101.144,3306,1,5813038998,LPLC1,LPLC1,dend[282],0.548891794,red
51.456,101.336,38.208,51.168,101.48,3306,1,5813038998,LPLC1,LPLC1,dend[358],0.538372901,red
51.752,101.208,37.968,51.672,101.192,3306,1,5813038998,LPLC1,LPLC1,dend[358],0.678333312,red
55.376,102.416,24.304,55.488,102.504,2984,0.541253715,5813038998,LPLC1,LPLC1,dend[3146],0.321429806,red
50.864,105.64,34.376,50.848,105.568,3308,1,5813038998,LPLC1,LPLC1,dend[361],0.517604983,red
51.056,104.496,31.704,51.216,104.568,3021,0,5813038998,LPLC1,LPLC1,dend[364],0.799429154,red
50.896,103.888,32.168,51.048,103.904,3021,0,5813038998,LPLC1,LPLC1,dend[364],0.573297412,red
61.048,108.896,18.712,61.184,108.976,1009,0.988974352,5813038998,LPLC1,LPLC1,dend[1167],0.742531475,red
60.944,102.016,31.504,60.728,102.08,2883,0,5813038998,LPLC1,LPLC1,dend[3545],1,red
59.856,103.832,26.6,59.752,103.712,2970,0.947513226,5813038998,LPLC1,LPLC1,dend[3187],0.498054019,red
51.152,104.048,32.944,51.464,104.2,3021,0,5813038998,LPLC1,LPLC1,dend[362],1,red
59.576,110.08,14.616,59.688,110.208,392,0.983382618,5813038998,LPLC1,LPLC1,dend[1051],0.678080228,red
59.192,110.528,15.088,59.128,110.648,392,0.983382618,5813038998,LPLC1,LPLC1,dend[1126],0.33601086,red
60.448,102.272,31.488,60.576,102.032,2883,0,5813038998,LPLC1,LPLC1,dend[3545],1,red
55.2,100.92,24.36,54.976,100.968,2979,0.990185762,5813038998,LPLC1,LPLC1,dend[3135],0.356755457,red
52.712,96.432,37.656,52.616,96.448,1268,0.987666367,5813038998,LPLC1,LPLC1,dend[2299],0.912290301,red
52.048,100.208,32.4,52.112,100.216,3206,0.973739085,5813038998,LPLC1,LPLC1,dend[3074],1,red
59.368,109.776,14.344,59.52,109.744,392,0.983382618,5813038998,LPLC1,LPLC1,dend[1110],0.380545981,red
60.04,102.528,31.08,59.88,102.536,2882,0.921412141,5813038998,LPLC1,LPLC1,dend[3544],0.442739009,red
60.264,102.88,26.256,60.32,102.768,2969,0.860335033,5813038998,LPLC1,LPLC1,dend[3186],0.397291761,red
52.368,100.472,37.848,52.208,100.568,3306,1,5813038998,LPLC1,LPLC1,dend[358],0.917008134,red
53.992,110.88,36.88,54.048,111.024,374,0.986597139,5813038998,LPLC1,LPLC1,dend[374],0.345489485,red
55.488,91.376,42.504,55.576,91.464,3725,1,5813038998,LPLC1,LPLC1,dend[3695],0.083137908,red
54.96,97.448,44.832,54.944,97.472,2202,0.973852506,5813038998,LPLC1,LPLC1,dend[3758],0.650991345,red
56.992,99.216,30.824,56.904,99.288,2866,0.980431874,5813038319,LPLC1_R,LPLC1,dend[3535],0.721498408,red
57.832,99.688,23.384,57.816,99.64,2956,0.965947918,5813038319,LPLC1_R,LPLC1,dend[3176],0.606167381,red
56.312,112.992,21.28,56.288,113.008,1191,0.954907573,5813038319,LPLC1_R,LPLC1,dend[997],0.416582427,red
54.104,93.16,46.504,53.992,93.28,572,0.986163935,5813038319,LPLC1_R,LPLC1,dend[179],0.17850807,red
56.544,100.352,30.216,56.456,100.352,2867,0.121658014,5813038319,LPLC1_R,LPLC1,dend[3550],0.29432131,red
61.624,111.28,14.248,61.784,111.344,1200,0.987890007,5813038319,LPLC1_R,LPLC1,dend[1116],0.290173741,red
59.496,94.336,33.048,59.472,94.376,1329,0.328914681,5813038319,LPLC1_R,LPLC1,dend[2395],1,red
58.76,98.208,31.96,58.896,98.216,2874,0.057941528,5813038319,LPLC1_R,LPLC1,dend[3548],0.750291777,red
56.776,99.856,30.648,56.688,99.744,2866,0.980431874,5813038319,LPLC1_R,LPLC1,dend[3535],0.575796502,red
55.992,92.112,49.856,56.032,92.184,482,0.961295705,5813038319,LPLC1_R,LPLC1,dend[98],0.476306011,red
53.896,93.704,46.528,53.912,93.584,571,0.855918036,5813038319,LPLC1_R,LPLC1,dend[178],0.90327843,red
52.672,98.752,38.112,52.76,98.696,1268,0.987666367,5813038319,LPLC1_R,LPLC1,dend[2266],0.874825807,red
57.928,110.6,22.664,58.104,110.616,1162,0,5813038319,LPLC1_R,LPLC1,dend[991],0.794059522,red
56.048,94.96,48.032,56.112,94.896,568,0,5813038319,LPLC1_R,LPLC1,dend[169],0.492005865,red
54.328,94.568,48.072,54.216,94.448,569,0,5813038319,LPLC1_R,LPLC1,dend[164],1,red
54.32,108.536,19.168,54.352,108.36,1202,0,5813031567,LPLC1_R,LPLC1,dend[1215],0.505408086,red
51.384,105.336,34.656,51.408,105.336,3307,1,5813031567,LPLC1_R,LPLC1,dend[361],0.481927023,red
54.56,92.744,35.504,54.584,92.8,2925,0,5813031567,LPLC1_R,LPLC1,dend[2547],1,red
55.216,94.64,37.736,55.248,94.608,2897,0,5813031567,LPLC1_R,LPLC1,dend[2542],0.251051825,red
59.936,100.952,31.648,59.96,100.888,2881,0.047508219,5813031567,LPLC1_R,LPLC1,dend[3546],0.151513367,red
54.688,93.68,38.408,54.792,93.752,2896,0.994186621,5813031567,LPLC1_R,LPLC1,dend[2541],0.787329791,red
51.88,99.096,35.24,51.672,99.24,3543,0,5813031567,LPLC1_R,LPLC1,dend[2320],0.444196544,red
52.136,103.728,33.424,52.136,103.688,3307,1,5813031567,LPLC1_R,LPLC1,dend[363],1,red
63.536,105.304,4.48,63.608,105.392,612,0.989988795,5813031567,LPLC1_R,LPLC1,dend[1104],0.04208504,red
58.952,103.136,31.208,59.096,103.112,2882,0.921412141,5813031567,LPLC1_R,LPLC1,dend[3544],1,red
61.968,113.016,13.848,62.072,112.688,1200,0.987890007,5813031567,LPLC1_R,LPLC1,dend[1116],1,red
51.952,98.952,34.744,51.712,99.104,3544,1,5813031567,LPLC1_R,LPLC1,dend[2320],0.277711244,red
53.064,90.424,48.784,52.96,90.52,503,0,5813031567,LPLC1_R,LPLC1,dend[131],0.207218489,red
55.104,92.4,36.304,55.256,92.328,2910,0.030025404,5813031567,LPLC1_R,LPLC1,dend[2548],0.734662805,red
51.952,104.912,34.064,51.952,104.808,3307,1,5813031567,LPLC1_R,LPLC1,dend[368],0.136798917,red
53.456,90.68,48.56,53.424,90.728,487,0.999702603,5813031567,LPLC1_R,LPLC1,dend[114],0.668168445,red
53.384,106.488,36.464,53.368,106.64,3308,1,5813031567,LPLC1_R,LPLC1,dend[1777],0.624341011,red
51.752,99.272,34.8,51.68,99.136,3544,1,5813031567,LPLC1_R,LPLC1,dend[2320],0.291063285,red
56.136,97.792,25.264,56.168,97.56,3139,0.090853078,5813031567,LPLC1_R,LPLC1,dend[3333],0.308369759,red
52.312,107.512,32.872,52.144,107.688,3309,1,5813031567,LPLC1_R,LPLC1,dend[1766],0.754513503,red
58.328,107.656,8.288,58.288,107.792,637,0.927920138,5813031567,LPLC1_R,LPLC1,dend[1059],0.503668039,red
55.632,91.672,41.912,55.48,91.736,3727,0,5813031567,LPLC1_R,LPLC1,dend[3718],1,red
53.632,90.176,48.088,53.768,90.24,495,0,5813031567,LPLC1_R,LPLC1,dend[120],0.346816082,red
58.432,105.472,9.096,58.576,105.488,3814,0.220941588,5813031567,LPLC1_R,LPLC1,dend[1064],0.819574373,red
54.136,106.504,36.584,54.248,106.44,3177,0.99582869,5813031567,LPLC1_R,LPLC1,dend[1780],0.103598436,red
55.32,91.904,42.576,55.272,91.8,2171,0,5813031567,LPLC1_R,LPLC1,dend[3688],1,red
54.304,98.936,24.032,54.176,99,2106,0.999692632,5813031567,LPLC1_R,LPLC1,dend[3322],1,red
60.904,99.88,32.296,60.712,99.912,2877,0.99932825,5813031567,LPLC1_R,LPLC1,dend[3541],1,red
61.056,108.96,10.04,61.232,108.896,598,0.99890695,5813031567,LPLC1_R,LPLC1,dend[1077],0.250917856,red
54.496,97.288,22.408,54.384,97.424,2108,0.99887107,5813031567,LPLC1_R,LPLC1,dend[3172],0.737021565,red
58.664,105.968,9.136,58.792,105.976,3814,0.183892961,5813031567,LPLC1_R,LPLC1,dend[1064],0.625306482,red
56.528,94.16,26.408,56.616,94.168,3038,0.045589882,5813031567,LPLC1_R,LPLC1,dend[3103],0.515156054,red
53.72,97.272,37.552,53.52,97.296,1268,0.987666367,5813031567,LPLC1_R,LPLC1,dend[2317],0.998379157,red
58.416,124.056,19.768,58.456,123.928,3406,1,5813000577,LC4,LC4,dend[1268],1,blue
58.392,123.048,26.952,58.352,123.16,867,0.999548774,5813000577,LC4,LC4,dend[1738],0.681908028,blue
64.352,120.352,37.472,64.192,120.456,410,0.420998989,5813000577,LC4,LC4,dend[511],1,blue
66.984,120.624,40.752,67.128,120.568,214,0,5813000577,LC4,LC4,dend[479],0.726728271,blue
64.016,120.456,36.464,64.016,120.344,206,0.803848328,5813000577,LC4,LC4,dend[511],0.366741141,blue
65.776,122.2,35.896,65.464,122.2,273,0,5813000577,LC4,LC4,dend[750],0.737764999,blue
68.96,123.6,36.272,69.184,123.664,6,0.998597224,5813000577,LC4,LC4,dend[689],0.719792819,blue
65.12,120.392,37.464,65.096,120.424,207,0.998249378,5813000577,LC4,LC4,dend[448],0.426363836,blue
65.36,122.024,35.776,65.432,122.016,273,0,5813000577,LC4,LC4,dend[750],0.614018037,blue
65.872,122.872,35.728,65.792,122.928,273,0,5813000577,LC4,LC4,dend[750],1,blue
70.76,123.992,37.088,70.712,123.896,7,0.998380556,5813000577,LC4,LC4,dend[519],0.625327493,blue
65.952,122.888,35.816,65.808,122.92,273,0,5813000577,LC4,LC4,dend[750],1,blue
67.832,120.784,40.304,67.624,120.816,214,0.616248647,5813000577,LC4,LC4,dend[479],0.449485845,blue
62.672,120.704,35.736,62.552,120.688,288,0.981006989,5813000577,LC4,LC4,dend[444],0.837615265,blue
62.456,120.712,35.36,62.44,120.504,287,0,5813000577,LC4,LC4,dend[433],0.22476824,blue
67.104,122.936,36.048,67.184,122.976,140,0.216397872,5813000577,LC4,LC4,dend[691],0.91308324,blue
58.24,122.488,28.088,58.152,122.552,867,0.999548774,5813000577,LC4,LC4,dend[1713],0.155754871,blue
74.952,124.04,45.872,74.776,124.064,131,0,5813000577,LC4,LC4,dend[605],1,blue
52.312,99.504,31.824,52.216,99.384,3205,0.973908074,5812999862,LPLC1_R,LPLC1,dend[3073],0.719438441,red
52.408,98.288,37.8,52.152,98.448,1268,0.987666367,5812999862,LPLC1_R,LPLC1,dend[2266],0.315338297,red
52.696,104.056,40.464,52.616,104.168,3306,1,5812999862,LPLC1_R,LPLC1,dend[292],1,red
55.536,109.136,31.136,55.392,109.216,3371,1,5812999862,LPLC1_R,LPLC1,dend[848],0.990723354,red
53.624,103.056,27.456,53.608,103.176,3011,0.483437872,5812999862,LPLC1_R,LPLC1,dend[3165],0.31795157,red
54.952,108.656,32.704,54.872,108.76,381,0,5812999862,LPLC1_R,LPLC1,dend[837],1,red
54.696,103.296,24.144,54.816,103.192,2989,0.990220296,5812999862,LPLC1_R,LPLC1,dend[3147],0.94997061,red
52.184,99.424,32.088,52.024,99.4,3638,1,5812999862,LPLC1_R,LPLC1,dend[3073],0.735751405,red
52.088,98.192,36.552,51.944,98.184,3543,0,5812999862,LPLC1_R,LPLC1,dend[2267],0.622988729,red
54.432,90.768,47.96,54.56,90.736,497,0.060486545,5812999862,LPLC1_R,LPLC1,dend[129],0.545068711,red
54.92,97.928,21.12,54.72,98.008,2109,0.998665067,5812999862,LPLC1_R,LPLC1,dend[3202],0.388426585,red
55.072,98.424,22.176,54.872,98.376,3660,0,5812999862,LPLC1_R,LPLC1,dend[3174],0.214762739,red
54.904,104.064,24.208,54.832,104.04,2992,0.997191165,5812999862,LPLC1_R,LPLC1,dend[3148],0.621146615,red
53.896,90.632,48.088,53.808,90.544,495,0,5812999862,LPLC1_R,LPLC1,dend[130],1,red
59.216,108.472,10.376,59.216,108.376,632,0.988743499,5812999862,LPLC1_R,LPLC1,dend[1055],0.878819054,red
58.92,113.48,22.36,58.704,113.448,385,0.999848193,5812999862,LPLC1_R,LPLC1,dend[1003],1,red
55.064,98.048,20.704,54.968,98.024,2109,0.998665067,5812999862,LPLC1_R,LPLC1,dend[3202],0.701845151,red
55.464,104.712,22.496,55.616,104.4,3001,0.965163584,5812999862,LPLC1_R,LPLC1,dend[3152],0.585891424,red
63.448,104.208,4.864,63.416,104.104,613,0,5812999862,LPLC1_R,LPLC1,dend[1090],0.993658088,red
52.008,98.68,37.44,51.96,98.88,1268,0.987666367,5812999862,LPLC1_R,LPLC1,dend[2267],0.587009769,red
56.024,104.16,38.688,56.024,104.208,3101,0.985342813,5812999862,LPLC1_R,LPLC1,dend[353],1,red
59.52,109.096,13.776,59.416,109.176,626,0,5812999862,LPLC1_R,LPLC1,dend[1110],0.762249685,red
59.432,111.52,20.288,59.56,111.48,1005,0.999976034,5812999862,LPLC1_R,LPLC1,dend[1163],0.831860026,red
54.928,97.472,20.856,54.776,97.408,2109,0.998665067,5812999862,LPLC1_R,LPLC1,dend[3319],0.730071795,red
53.744,92.392,44.656,53.6,92.384,2211,0.979837329,5812999862,LPLC1_R,LPLC1,dend[3724],0.831145474,red
51.744,99.8,35.472,51.904,99.688,3226,0,5812999862,LPLC1_R,LPLC1,dend[2320],0.744280519,red
52,100.064,32.208,52.248,100.016,3206,0.973739085,5812999862,LPLC1_R,LPLC1,dend[3074],1,red
54.24,91.936,35.72,54.056,91.848,2930,0.97506569,5812999862,LPLC1_R,LPLC1,dend[2560],0.942458172,red
56.264,100.648,43.104,56.176,100.624,1412,0.269211635,5812999862,LPLC1_R,LPLC1,dend[3610],0.419892516,red
54.336,94.056,44.096,54.448,94.136,2157,0.995381721,5812999862,LPLC1_R,LPLC1,dend[3660],0.294062243,red
55.088,92.984,36.04,55.216,93.056,2910,0,5812999862,LPLC1_R,LPLC1,dend[2548],0.002006955,red
54.432,93.272,43.664,54.24,93.176,2160,0.989716937,5812999862,LPLC1_R,LPLC1,dend[3686],0.106569243,red
56.608,99.688,13.128,56.792,99.688,2319,0.945229983,5812999862,LPLC1_R,LPLC1,dend[3279],0.376664753,red
56.128,99.576,42.288,56.272,99.52,1418,0,5812999862,LPLC1_R,LPLC1,dend[3606],1,red
55.608,99.184,14.984,55.552,99.048,3643,1,5812999862,LPLC1_R,LPLC1,dend[3217],0.761694342,red
58.48,110.4,22.2,58.4,110.464,1170,0,5812999862,LPLC1_R,LPLC1,dend[991],1,red
56.36,100,43.296,56.496,100.008,1411,0.89588777,5812999862,LPLC1_R,LPLC1,dend[3609],1,red
54,92.944,44.088,53.904,93.048,2210,0.9777211,5812999862,LPLC1_R,LPLC1,dend[3723],0.692748375,red
58.008,100.432,41.448,57.992,100.312,1424,0,5812999862,LPLC1_R,LPLC1,dend[3578],1,red
57.624,93.824,27.84,57.696,93.928,3037,0.930294907,5812999862,LPLC1_R,LPLC1,dend[3102],1,red
54.312,93.696,43.224,54.224,93.744,2208,0.995237509,5812999862,LPLC1_R,LPLC1,dend[3728],0.645528216,red
56.376,106.672,17.808,56.472,106.784,1042,0.888236527,5812999862,LPLC1_R,LPLC1,dend[1210],0.015317722,red
53.952,93.64,44,53.832,93.704,2159,0.996238824,5812999862,LPLC1_R,LPLC1,dend[3685],0.24718847,red
55.184,94.392,39.064,55.296,94.264,2896,0.994186621,5812999862,LPLC1_R,LPLC1,dend[2540],0.338253847,red
57.208,93.992,27.488,57.336,94.016,3037,0.930294907,5812999862,LPLC1_R,LPLC1,dend[3102],0.897719812,red
56.72,92.68,36.168,56.808,92.568,2909,0.91657217,5812999862,LPLC1_R,LPLC1,dend[2545],0.766765011,red
56.456,107.424,17.76,56.56,107.408,1041,0.447153946,5812999862,LPLC1_R,LPLC1,dend[1209],0.835161742,red
57.6,93.44,36.176,57.576,93.544,2899,0.96774506,5812999862,LPLC1_R,LPLC1,dend[2527],0.387036664,red
55.64,94.72,39.032,55.744,94.584,2896,0.994186621,5812999862,LPLC1_R,LPLC1,dend[2540],0.402804746,red
58.856,107.136,9.272,58.832,107.136,638,0,5812998137,LPLC1_R,LPLC1,dend[1064],0.18273027,red
56.92,104.016,3.824,56.92,103.864,3813,0,5812998137,LPLC1_R,LPLC1,dend[1097],0.460183725,red
59.664,105.424,25.088,59.536,105.376,3084,0,5812998137,LPLC1_R,LPLC1,dend[861],0.901212272,red
52.576,98.704,37.952,52.632,98.608,1268,0.987666367,5812998137,LPLC1_R,LPLC1,dend[2266],0.689713861,red
60.2,100.552,31.672,60.104,100.448,2879,0,5812998137,LPLC1_R,LPLC1,dend[3542],0.86733951,red
55.952,93.056,35.848,55.928,92.936,2909,0.91657217,5812998137,LPLC1_R,LPLC1,dend[2545],0.264573834,red
54.52,103.048,23.896,54.68,103.048,2994,0,5812998137,LPLC1_R,LPLC1,dend[3158],0.145932009,red
55.96,93.744,35.456,55.808,93.832,2892,0.998683906,5812998137,LPLC1_R,LPLC1,dend[2525],0.545288765,red
54.984,93.8,43.76,55.128,93.88,2157,0.995381721,5812998137,LPLC1_R,LPLC1,dend[3660],0.649469739,red
54.92,98.024,28.064,55.032,97.92,3031,0,5812998137,LPLC1_R,LPLC1,dend[3120],1,red
54.56,93.992,44.088,54.56,94.112,2157,0.995381721,5812998137,LPLC1_R,LPLC1,dend[3660],0.344729133,red
57.48,92.536,36.664,57.312,92.416,2909,0.91657217,5812998137,LPLC1_R,LPLC1,dend[2545],1,red
54.048,101.76,27.096,54.144,101.904,3009,0.898067346,5812998137,LPLC1_R,LPLC1,dend[3164],0.223467183,red
54.816,94.352,44.056,54.752,94.224,2157,0.995381721,5812998137,LPLC1_R,LPLC1,dend[3660],0.426588489,red
52.2,98.472,37.872,52.128,98.384,1268,0.987666367,5812998137,LPLC1_R,LPLC1,dend[2266],0.32111162,red
54.856,99.248,27.584,54.904,99.152,3849,0,5812998137,LPLC1_R,LPLC1,dend[3125],0.583574758,red
60.192,110.36,12.584,60.2,110.24,393,0.983837271,5812998137,LPLC1_R,LPLC1,dend[1052],0.73904396,red
54.608,100.392,26.36,54.64,100.504,3008,0.990995043,5812998137,LPLC1_R,LPLC1,dend[3163],0.362675647,red
55.664,91.016,43.12,55.736,91,2182,0.124505613,5812998137,LPLC1_R,LPLC1,dend[3695],0.469914063,red
54.456,98.992,27.488,54.488,98.896,3150,0.98625595,5812998137,LPLC1_R,LPLC1,dend[3125],0.399475295,red
61.296,110.808,11.704,61.256,110.88,1001,0.987456827,5812998137,LPLC1_R,LPLC1,dend[1074],0.728993789,red
54.52,101.192,26.648,54.584,101.32,3008,0.990995043,5812998137,LPLC1_R,LPLC1,dend[3163],0.791944658,red
60.544,111.256,12.696,60.456,111.16,1215,0.98286679,5812998137,LPLC1_R,LPLC1,dend[1119],1,red
60.792,110.984,12.632,60.696,110.864,1002,0,5812998137,LPLC1_R,LPLC1,dend[1119],1,red
59.904,110.296,12.472,60.08,110.208,393,0.983837271,5812998137,LPLC1_R,LPLC1,dend[1052],0.792220298,red
60.648,107.568,22.904,60.608,107.576,1488,0,5812998137,LPLC1_R,LPLC1,dend[984],0.096722432,red
54.992,94.8,37.768,55.16,94.848,2897,0,5812998137,LPLC1_R,LPLC1,dend[2542],0.510450964,red
59.68,109.968,12.016,59.72,109.872,596,0.986083525,5812998137,LPLC1_R,LPLC1,dend[1053],0.438447027,red
61.2,107.608,22.976,61.096,107.76,1488,0,5812998137,LPLC1_R,LPLC1,dend[985],1,red
55.152,98.224,28.192,55.184,98.032,3031,0,5812998137,LPLC1_R,LPLC1,dend[3120],1,red
55.752,90.264,43.344,55.936,90.288,2182,0,5812998137,LPLC1_R,LPLC1,dend[3695],0.87677035,red
80.424,124.104,43.016,80.464,124.048,3322,1,5812998136,LC4,LC4,dend[552],1,blue
70.776,129.968,15.36,70.712,129.992,657,0.978216126,5812998136,LC4,LC4,dend[1547],0.302971695,blue
63.584,118.776,24.312,63.712,118.792,461,0.991641054,5812998136,LC4,LC4,dend[1685],1,blue
79.552,127.32,40.312,79.408,127.448,107,0.309108594,5812998136,LC4,LC4,dend[637],1,blue
72.304,126.368,23.144,72.272,126.552,854,0,5812998136,LC4,LC4,dend[1529],0.956714166,blue
67.872,124.032,18.136,67.872,124.08,1081,0.984357075,5812998136,LC4,LC4,dend[1666],0.884481404,blue
62.288,117.704,24.76,62.216,117.792,899,0,5812998136,LC4,LC4,dend[1702],1,blue
62.288,117.64,25.096,62.232,117.776,899,0,5812998136,LC4,LC4,dend[1702],1,blue
70.848,126.016,19.808,70.784,126.144,648,0.984569163,5812998136,LC4,LC4,dend[1664],0.5367586,blue
71.416,126.568,22.992,71.28,126.704,851,0.997560266,5812998136,LC4,LC4,dend[1523],0.496366696,blue
69.056,125.992,14.992,69.008,126.12,1057,0.957672396,5812998136,LC4,LC4,dend[1650],0.773440503,blue
61.192,116.264,25.192,61.136,116.328,896,0.998482852,5812998136,LC4,LC4,dend[1701],0.393990175,blue
70.912,124.888,20.136,70.912,124.904,650,0.994438942,5812998136,LC4,LC4,dend[1658],0.123523464,blue
71.16,125.072,20.344,70.968,124.976,650,0.994438942,5812998136,LC4,LC4,dend[1658],0.131156048,blue
61.984,116.56,24.848,61.824,116.64,899,0,5812998136,LC4,LC4,dend[1702],0.991364416,blue
58.544,116.408,25.952,58.688,116.52,897,0,5812998136,LC4,LC4,dend[1705],0.109315602,blue
59.408,109.608,14.304,59.52,109.688,392,0.983382618,5812995757,LPLC1,LPLC1,dend[1110],0.412257343,red
59.744,109.8,14.352,59.68,109.864,392,0.983382618,5812995757,LPLC1,LPLC1,dend[1110],0.279545866,red
56.224,96.72,24.48,56.424,96.896,3138,0.991429461,5812995757,LPLC1,LPLC1,dend[3330],0.746863566,red
56.304,113.84,14.768,56.496,113.824,950,0.985035824,5812995757,LPLC1,LPLC1,dend[1045],0.208560779,red
54.072,108.312,30.128,53.952,108.376,3057,0.978626504,5812995757,LPLC1,LPLC1,dend[879],0.303128114,red
55.168,94.48,51.952,55.304,94.432,480,0.997917415,5812995757,LPLC1,LPLC1,dend[104],1,red
55.128,107.088,32.512,55.408,107.048,3110,0.990689909,5812995757,LPLC1,LPLC1,dend[830],0.331585689,red
64.256,107.384,9.92,64.16,107.36,598,0.99890695,5812995757,LPLC1,LPLC1,dend[1077],0.801725071,red
59.688,109.08,13.792,59.384,109.168,626,0,5812995757,LPLC1,LPLC1,dend[1110],0.77227048,red
56.256,97.248,25,56.12,97.216,3139,0.090853078,5812995757,LPLC1,LPLC1,dend[3333],0.176578425,red
54.536,104.896,36.928,54.52,105.016,3180,0,5812995757,LPLC1,LPLC1,dend[1793],0.978894094,red
56.584,96.672,24.44,56.728,96.784,3144,0,5812995757,LPLC1,LPLC1,dend[3331],0.078395322,red
58.688,100.216,23.432,58.752,100.104,2964,0.97990883,5812995757,LPLC1,LPLC1,dend[3193],0.125231769,red
55.296,95.192,24.624,55.312,95.232,3135,0.999058568,5812995757,LPLC1,LPLC1,dend[3340],0.713510059,red
37.432,109.304,44.32,37.504,109.224,1914,0.884897797,5812994939,LPLC4_R,LPLC4,dend[2184],0.600090313,green
32.896,96.896,37.376,33.016,96.768,2374,0,5812994939,LPLC4_R,LPLC4,dend[1951],0.460362044,green
40.768,98.344,23.784,40.616,98.512,2525,0.993512414,5812994939,LPLC4_R,LPLC4,dend[3439],0.513705268,green
37.16,93.296,25.728,37.184,93.168,2752,0,5812994939,LPLC4_R,LPLC4,dend[2987],0.815674074,green
39.944,98.016,23.296,40.064,98.112,2518,0.315401555,5812994939,LPLC4_R,LPLC4,dend[3436],0.758694025,green
42.864,106.304,34.984,42.896,106.336,2706,0.99142103,5812994939,LPLC4_R,LPLC4,dend[1834],0.602202563,green
44.176,96.64,31.136,44.152,96.488,1344,0.998664675,5812994939,LPLC4_R,LPLC4,dend[3024],0.743583022,green
37.624,98.728,29.2,37.6,98.624,1447,0.997930302,5812994939,LPLC4_R,LPLC4,dend[2832],0.09267956,green
28.192,105.68,36.928,28.384,105.52,2231,0,5812994939,LPLC4_R,LPLC4,dend[2135],1,green
51.824,103.856,31.76,51.648,103.976,3021,0.243852618,5812994826,LPLC1_R,LPLC1,dend[364],0.751229931,red
51.864,103.904,31.736,51.68,103.968,3024,0,5812994826,LPLC1_R,LPLC1,dend[367],1,red
54.224,98.808,27.576,54.328,98.704,2105,0.989245739,5812994826,LPLC1_R,LPLC1,dend[3125],0.299741077,red
53.448,99.184,42.024,53.44,99.296,3305,1,5812994826,LPLC1_R,LPLC1,dend[3567],0.382667576,red
53.416,99.248,42.032,53.44,99.304,3305,1,5812994826,LPLC1_R,LPLC1,dend[3567],0.390694439,red
52.984,104.656,27.12,52.864,104.672,3012,0.935767523,5812994826,LPLC1_R,LPLC1,dend[3166],0.883604484,red
54.056,108.272,19.24,54.088,108.12,1202,0,5812994826,LPLC1_R,LPLC1,dend[1215],0.625583229,red
54.352,108.392,19.12,54.4,108.336,1202,0,5812994826,LPLC1_R,LPLC1,dend[1215],0.486976252,red
54.968,109.248,18.032,55.096,109.264,1045,0.995907916,5812994826,LPLC1_R,LPLC1,dend[1214],0.775837525,red
56.4,108.64,18.48,56.432,108.616,1039,0.953555244,5812994826,LPLC1_R,LPLC1,dend[1216],0.293373677,red
53.608,107.608,20.128,53.656,107.544,1202,0,5812994826,LPLC1_R,LPLC1,dend[1215],0.945462335,red
61.04,111.208,20.056,60.992,111.112,1007,0.99995265,5812994826,LPLC1_R,LPLC1,dend[1165],0.125320405,red
51.936,100.088,38.024,52.04,100.168,3306,1,5812994826,LPLC1_R,LPLC1,dend[358],1,red
54.216,100.464,26.144,54.376,100.44,3008,0.990995043,5812994826,LPLC1_R,LPLC1,dend[3163],0.280497789,red
57.968,100.92,13.088,58.056,100.912,2331,0.356776571,5812994826,LPLC1_R,LPLC1,dend[3293],0.530093202,red
52.896,98.832,38.136,52.8,98.712,1268,0.987666367,5812994826,LPLC1_R,LPLC1,dend[2266],0.913501053,red
65.176,106.304,19.6,65.128,106.44,1026,0.998033885,5812994062,LPLC1_R,LPLC1,dend[1174],0.356469364,red
58.512,100.224,13.896,58.336,100.048,2330,0,5812994062,LPLC1_R,LPLC1,dend[3296],1,red
52.904,99.832,36.04,52.904,99.928,3306,1,5812994062,LPLC1_R,LPLC1,dend[2321],0.940239172,red
58.344,100.856,40.2,58.432,100.952,1434,0.986729366,5812994062,LPLC1_R,LPLC1,dend[3599],0.266112952,red
54.72,101.312,25.112,54.912,101.208,2979,0.596293161,5812994062,LPLC1_R,LPLC1,dend[3135],0.49005612,red
55.24,101.616,25.296,55.36,101.608,2979,0.990185762,5812994062,LPLC1_R,LPLC1,dend[3136],0.139347057,red
58.464,107.544,25.936,58.312,107.496,3082,0.994222786,5812994062,LPLC1_R,LPLC1,dend[860],0.255205487,red
54.264,100.784,25.456,54.456,100.568,2978,0.999998999,5812994062,LPLC1_R,LPLC1,dend[3163],0.160842945,red
52.896,100.912,32.32,52.896,100.72,3211,0.975790576,5812994062,LPLC1_R,LPLC1,dend[3079],0.107496328,red
53.656,104.304,27.688,53.8,104.168,3011,0.483437872,5812994062,LPLC1_R,LPLC1,dend[3165],1,red
52.92,104.032,27.32,52.784,103.976,3012,0.935767523,5812994062,LPLC1_R,LPLC1,dend[3166],0.626928503,red
54.264,100.048,42.616,54.088,100.024,3304,1,5812994062,LPLC1_R,LPLC1,dend[3619],1,red
58.032,106.768,26.936,57.952,106.736,3086,0.554813635,5812994062,LPLC1_R,LPLC1,dend[865],0.881875614,red
54.968,100.04,42.64,55.008,100.128,3249,0,5812994062,LPLC1_R,LPLC1,dend[3617],1,red
54.64,100.072,41.952,54.52,100.056,1401,0.995361758,5812994062,LPLC1_R,LPLC1,dend[3569],0.736267557,red
55.584,93.648,47.448,55.696,93.76,566,0.093037574,5812994062,LPLC1_R,LPLC1,dend[173],0.130640823,red
57.024,92.328,36.392,57.12,92.448,2909,0.91657217,5812994062,LPLC1_R,LPLC1,dend[2545],0.966846801,red
55.904,93.328,46.872,55.944,93.368,567,0.953552426,5812994062,LPLC1_R,LPLC1,dend[173],1,red
56.72,89.6,35.888,56.744,89.472,1385,0.965682724,5812994062,LPLC1_R,LPLC1,dend[2383],1,red
59.928,110.808,15.576,59.848,110.912,391,0.981374316,5812994062,LPLC1_R,LPLC1,dend[1050],0.789239203,red
59.176,109.768,15.84,59.224,109.704,622,0.999668148,5812994062,LPLC1_R,LPLC1,dend[1121],0.454005551,red
59.08,110.64,15.112,59.12,110.664,392,0.575435514,5812994062,LPLC1_R,LPLC1,dend[1126],0.328109202,red
54.864,106.712,33.248,54.784,106.8,3309,1,5812994062,LPLC1_R,LPLC1,dend[829],0.45659794,red
53.744,98.808,36.84,53.928,98.68,3234,0.972747635,5812994062,LPLC1_R,LPLC1,dend[2301],0.726890245,red
55.176,93.856,47.296,55.176,93.728,564,0,5812994062,LPLC1_R,LPLC1,dend[167],0.64360004,red
59.552,111.12,15.832,59.584,111.208,391,0.981374316,5812994062,LPLC1_R,LPLC1,dend[1050],0.48028696,red
66.528,123.904,33.744,66.64,123.952,144,0.518667849,5812993692,LC4,LC4,dend[742],0.608158752,blue
65.8,124.544,33.136,65.944,124.512,146,0,5812993692,LC4,LC4,dend[749],1,blue
72.064,135.928,14.984,72.136,135.848,676,0,5812993692,LC4,LC4,dend[1639],0.937328206,blue
69.6,122.816,37.224,69.576,122.912,6,0.998597224,5812993692,LC4,LC4,dend[518],0.627210506,blue
75.56,118.816,42.84,75.616,118.696,268,0.998637992,5812993692,LC4,LC4,dend[467],1,blue
70.552,135.664,14.424,70.72,135.544,661,0.965015248,5812993692,LC4,LC4,dend[1617],0.509772979,blue
74.512,125.384,39.92,74.68,125.488,14,0.066595823,5812993692,LC4,LC4,dend[522],0.781988642,blue
57,120.664,35.232,57.048,120.528,349,0.481884705,5812993692,LC4,LC4,dend[797],0.636665657,blue
74.728,125.504,40.072,74.832,125.488,15,0.990860111,5812993692,LC4,LC4,dend[556],0.097329888,blue
72.376,133.464,19.128,72.4,133.36,669,0,5812993692,LC4,LC4,dend[1557],0.951653753,blue
75.456,118.2,43.224,75.328,118.112,270,0.465311979,5812993692,LC4,LC4,dend[470],1,blue
73.176,121.504,20.72,72.96,121.256,652,0.157243941,5812993692,LC4,LC4,dend[1662],0.583716249,blue
75.504,118.248,43.008,75.576,118.2,269,0.618519909,5812993692,LC4,LC4,dend[468],1,blue
73.928,129.432,35.264,73.688,129.464,178,0,5812993692,LC4,LC4,dend[718],0.205016327,blue
73.296,121.648,21.456,73.272,121.72,653,0.123374136,5812993692,LC4,LC4,dend[1661],1,blue
74.64,118.464,42.824,74.688,118.352,264,0,5812993692,LC4,LC4,dend[465],0.705313652,blue
33.32,98.8,25.84,33.392,98.896,2032,0.989596334,5812991619,LPLC4_R,LPLC4,dend[2616],0.544248349,green
25.568,101.544,39.608,25.432,101.656,1742,0.382821276,5812991619,LPLC4_R,LPLC4,dend[2037],0.201727534,green
29.32,99.36,33.552,29.304,99.52,3829,0,5812991619,LPLC4_R,LPLC4,dend[2817],0.626079559,green
31.464,105.496,49.8,31.408,105.624,1795,0,5812991619,LPLC4_R,LPLC4,dend[1874],1,green
30.896,103.272,41.512,30.792,103.272,1736,0.998940895,5812991619,LPLC4_R,LPLC4,dend[2031],0.625035896,green
38.304,108.784,36.936,38.256,108.928,1714,0.999345168,5812991619,LPLC4_R,LPLC4,dend[2012],1,green
29.016,96.664,28.784,29.208,96.656,1456,0.983495861,5812991619,LPLC4_R,LPLC4,dend[2644],0.590786102,green
31.44,103.352,40.792,31.224,103.432,1735,0.949786551,5812991619,LPLC4_R,LPLC4,dend[2030],0.447288524,green
39.248,97.024,31.8,39.344,96.944,2681,0,5812991619,LPLC4_R,LPLC4,dend[2848],0.485354498,green
36.984,107.384,42.848,36.968,107.272,1900,0,5812991619,LPLC4_R,LPLC4,dend[2173],0.873363814,green
42.176,90.496,34.712,42.048,90.616,2791,0.91627328,5812991619,LPLC4_R,LPLC4,dend[2929],1,green
38.168,97.04,32.8,38.216,97.128,2682,0.912638661,5812991619,LPLC4_R,LPLC4,dend[2849],0.163731006,green
25.112,101.704,40.488,25.216,101.864,1741,0.919357781,5812991619,LPLC4_R,LPLC4,dend[2036],0.302798806,green
25.48,101.728,40.368,25.288,101.864,1741,0.919357781,5812991619,LPLC4_R,LPLC4,dend[2036],0.368757419,green
33.432,98.432,26.176,33.576,98.52,2031,0.995007457,5812991619,LPLC4_R,LPLC4,dend[2615],0.788518228,green
26.696,98.04,30.72,26.752,98.136,1466,0.125155975,5812991619,LPLC4_R,LPLC4,dend[2641],0.53655544,green
31.84,100.304,32.784,31.728,100.504,1944,0.97932319,5812991619,LPLC4_R,LPLC4,dend[2816],0.8102124,green
35.304,95.048,32.88,35.336,94.968,1967,0.900774054,5812991619,LPLC4_R,LPLC4,dend[2901],0.593472644,green
37.672,108.936,36.592,37.872,109.032,1717,0,5812991619,LPLC4_R,LPLC4,dend[2012],0.732977783,green
35.728,107.552,44.392,35.76,107.616,1906,0.999894658,5812991619,LPLC4_R,LPLC4,dend[2176],1,green
36.032,107.432,44.112,36.104,107.592,1906,0.999894658,5812991619,LPLC4_R,LPLC4,dend[2176],0.046658153,green
40.832,99.288,31.152,40.72,99.184,2940,0,5812991619,LPLC4_R,LPLC4,dend[2847],0.981250521,green
27.504,97.856,30.472,27.48,97.96,1466,0.125155975,5812991619,LPLC4_R,LPLC4,dend[2640],0.68625223,green
39.624,91.464,35.28,39.776,91.424,2775,0.954700555,5812991619,LPLC4_R,LPLC4,dend[2919],0.189358776,green
29.024,97.56,29.872,29.008,97.76,1457,0.206326501,5812991619,LPLC4_R,LPLC4,dend[2639],0.489475161,green
38.432,108.568,36.408,38.48,108.76,1714,0.999345168,5812991619,LPLC4_R,LPLC4,dend[1991],0.484452148,green
29,98.96,33.752,28.848,99.24,3829,0,5812991619,LPLC4_R,LPLC4,dend[2817],0.761880284,green
28.968,96.48,28.992,29.008,96.352,1456,0.983495861,5812991619,LPLC4_R,LPLC4,dend[2644],0.825802443,green
26.952,98.512,34.904,26.984,98.624,1947,0.982169538,5812991619,LPLC4_R,LPLC4,dend[2818],0.461005727,green
41.176,99.112,31.104,41.192,99.08,2940,0,5812991619,LPLC4_R,LPLC4,dend[2847],1,green
44.352,106.544,42.992,44.2,106.64,2467,0.981050996,5812991470,LPLC4_R,LPLC4,dend[2258],0.623674494,green
32.344,106.192,32.696,32.288,106.024,2670,0.959625355,5812991470,LPLC4_R,LPLC4,dend[2781],1,green
37.104,91.96,25.536,36.872,92.032,2759,0,5812991470,LPLC4_R,LPLC4,dend[2989],0.794153786,green
45.72,98.872,30.016,45.792,98.84,2604,0.466721132,5812991470,LPLC4_R,LPLC4,dend[2572],0.355911254,green
39.68,89.736,29.976,39.792,89.816,3275,0,5812991470,LPLC4_R,LPLC4,dend[2982],1,green
33.496,99.264,39.376,33.624,99.368,2373,0.99921063,5812991470,LPLC4_R,LPLC4,dend[1957],0.39765973,green
41.232,96.864,23.856,41.272,96.608,2510,0.98822623,5812991470,LPLC4_R,LPLC4,dend[3430],0.192157786,green
43.536,109.504,33.16,43.328,109.448,2729,0,5812991470,LPLC4_R,LPLC4,dend[1825],0.566800492,green
44.896,86.344,25.48,44.72,86.384,2300,0.999999795,5812991470,LPLC4_R,LPLC4,dend[3395],0.669724696,green
37.456,92.976,25.888,37.368,93.104,2752,0,5812991470,LPLC4_R,LPLC4,dend[2987],0.723270081,green
44.08,108.664,40.064,44.096,108.584,2457,0,5812991470,LPLC4_R,LPLC4,dend[2239],1,green
44.088,108.616,33.584,43.904,108.52,2711,0,5812991470,LPLC4_R,LPLC4,dend[1807],0.648775747,green
37.36,92.784,25.176,37.32,92.888,2752,0,5812990157,LPLC4_R,LPLC4,dend[2987],0.943708398,green
44.44,108.808,39.184,44.32,108.832,2454,0.162056551,5812990157,LPLC4_R,LPLC4,dend[2239],0.127822726,green
48.616,93.32,32.128,48.848,93.224,3565,0,5812990157,LPLC4_R,LPLC4,dend[2508],1,green
46.224,109.232,39.544,46.144,109.128,2456,0.978341002,5812990157,LPLC4_R,LPLC4,dend[2237],1,green
44.36,107.288,39.728,44.08,107.224,3521,0,5812990157,LPLC4_R,LPLC4,dend[2242],1,green
48.064,94.464,31.288,48.008,94.472,3160,0.99229269,5812990157,LPLC4_R,LPLC4,dend[2589],0.739390869,green
45.88,97.72,30.888,46.04,97.72,2601,0,5812990157,LPLC4_R,LPLC4,dend[2569],0.082128314,green
45.44,98.128,30.528,45.52,98.264,2602,0,5812990157,LPLC4_R,LPLC4,dend[2570],0.679491619,green
45.488,98.208,30.552,45.512,98.264,2602,0,5812990157,LPLC4_R,LPLC4,dend[2570],0.666640062,green
48.056,94.48,32.216,48.128,94.632,3160,0.99229269,5812990157,LPLC4_R,LPLC4,dend[2589],0.225836636,green
33.104,97.48,38.224,33.184,97.52,2370,0.532570222,5812990157,LPLC4_R,LPLC4,dend[1950],0.77922534,green
44.384,112.424,30.904,44.456,112.304,3469,1,5812990157,LPLC4_R,LPLC4,dend[910],1,green
44.144,110.016,38.192,44.208,109.936,3118,0.988696025,5812990157,LPLC4_R,LPLC4,dend[2262],1,green
48.104,102.36,48.008,48.176,102.36,1685,0.925255303,5812990157,LPLC4_R,LPLC4,dend[3644],0.132814655,green
50.208,106.016,45.432,50.344,106.072,2415,0.186772196,5812990157,LPLC4_R,LPLC4,dend[346],1,green
44.072,109.096,38.56,44.024,109.104,2454,0.137380212,5812990157,LPLC4_R,LPLC4,dend[2262],0.627219984,green
69.672,135.424,13.6,69.888,135.616,662,0,2215161310,LC4,LC4,dend[1565],0.574951192,blue
78.512,128.64,40.44,78.488,128.392,105,0.995356221,2215161310,LC4,LC4,dend[613],1,blue
66.992,129.368,5.224,66.928,129.376,763,0.997605223,2215161310,LC4,LC4,dend[1383],1,blue
78.664,128.328,40.216,78.608,128.288,105,0.995356221,2215161310,LC4,LC4,dend[613],1,blue
69.584,136.176,13.696,69.808,136.2,662,0.295102304,2215161310,LC4,LC4,dend[1616],0.364607043,blue
69.312,135.664,14.416,69.296,135.76,780,0,2215161310,LC4,LC4,dend[1616],1,blue
60.944,117.736,25.136,61.224,117.528,899,0,2215161310,LC4,LC4,dend[1702],0.939365626,blue
78.096,123.376,43.544,78.048,123.256,41,0.388669472,2215161310,LC4,LC4,dend[563],0.648621545,blue
79.728,122.768,45.232,79.552,122.696,47,0.984744852,2215161310,LC4,LC4,dend[566],0.446554185,blue
56.672,112.472,35.816,56.688,112.44,1380,0,2215161310,LC4,LC4,dend[388],0.868607748,blue
61.032,117.184,27.248,61.056,117.072,899,0.872802737,2215161310,LC4,LC4,dend[1702],1,blue
60.704,117.16,25.064,60.84,117.024,896,0.998482852,2215161310,LC4,LC4,dend[1701],0.201692911,blue
69.536,136.832,12.64,69.6,136.912,721,0,2215161310,LC4,LC4,dend[1566],0.708394671,blue
63.52,123.192,15.096,63.632,123.08,3816,0,2215161310,LC4,LC4,dend[1290],0.814850741,blue
79.936,128.664,40.6,80.048,128.608,109,0.977218787,2215161310,LC4,LC4,dend[636],0.358441137,blue
68.344,132.792,23.808,68.144,132.872,1073,0.117119002,2121711447,LC4,LC4,dend[1509],0.452783834,blue
76.064,130.4,35.024,75.952,130.256,182,0.980970952,2121711447,LC4,LC4,dend[723],0.233006017,blue
66.752,123.376,21.696,66.904,123.608,641,0.993498912,2121711447,LC4,LC4,dend[1520],0.343023502,blue
69.632,127.04,19.296,69.664,127.072,647,0.984823873,2121711447,LC4,LC4,dend[1655],0.721331615,blue
68.4,131.784,21.216,68.216,131.68,1303,0,2121711447,LC4,LC4,dend[1468],0.949725046,blue
79.688,126.336,43.616,79.552,126.304,37,0.99039208,2121711447,LC4,LC4,dend[553],1,blue
67.504,132.216,24.16,67.48,132.36,1076,0.972592729,2121711447,LC4,LC4,dend[1510],0.870417416,blue
70.456,126.008,20.144,70.576,125.792,649,0.990175421,2121711447,LC4,LC4,dend[1657],0.465865113,blue
64.872,122.552,20.712,64.736,122.656,641,0.993498912,2121711447,LC4,LC4,dend[1681],1,blue
70.232,126.824,19.648,70.248,126.808,648,0.984569163,2121711447,LC4,LC4,dend[1665],0.532383061,blue
64.664,122.896,21.632,64.592,122.968,1090,0,2121711447,LC4,LC4,dend[1681],1,blue
56.368,116.824,25.088,56.448,116.68,3376,1,2121711447,LC4,LC4,dend[1694],0.379837441,blue
79.696,125.864,43.36,79.768,125.944,37,0.99039208,2121711447,LC4,LC4,dend[553],0.843984716,blue
56.992,117.504,26.432,56.896,117.648,843,0.969568138,2121711447,LC4,LC4,dend[1706],0.87725181,blue
62.344,118.528,21.472,62.264,118.52,893,0.988852641,2121711447,LC4,LC4,dend[1685],1,blue
72.696,126.568,41.824,73,126.648,99,0,2121711447,LC4,LC4,dend[646],0.870260637,blue
58.968,117.536,22.656,59.04,117.768,3379,1,2121711447,LC4,LC4,dend[1691],0.68243472,blue
58.272,116.824,25.744,58.208,116.632,894,0.293576774,2121711447,LC4,LC4,dend[1699],0.787389363,blue
70.512,133.008,14.304,70.72,133.144,660,0.997646609,2121711447,LC4,LC4,dend[1562],0.285684345,blue
59.536,117.784,22.656,59.512,117.608,900,0,2121711447,LC4,LC4,dend[1691],0.869519856,blue
70.512,133.048,14.32,70.728,133.104,660,0.997646609,2121711447,LC4,LC4,dend[1562],0.265310435,blue
55.072,108.728,30.008,54.992,108.624,3061,0.777502262,2059295981,LPLC1_R,LPLC1,dend[883],1,red
57.752,98.76,40.672,57.784,98.872,1426,0,2059295981,LPLC1_R,LPLC1,dend[3579],0.976875556,red
57.928,109.912,20.152,58.152,110.016,1218,0.884091763,2059295981,LPLC1_R,LPLC1,dend[1201],0.968076535,red
58.16,97.6,41.008,58.336,97.592,1429,0.988047136,2059295981,LPLC1_R,LPLC1,dend[3583],0.282864969,red
58.344,100.76,11.336,58.312,100.888,2323,0.999976034,2059295981,LPLC1_R,LPLC1,dend[3285],0.523941819,red
59.48,104.104,26.992,59.528,103.96,2970,0.947513226,2059295981,LPLC1_R,LPLC1,dend[3187],0.746829874,red
55.472,97.408,48.76,55.592,97.224,592,0.395369108,2059295981,LPLC1_R,LPLC1,dend[3745],0.697888798,red
58.544,107.04,25.648,58.504,107.04,3082,0.994222786,2059295981,LPLC1_R,LPLC1,dend[860],0.676878204,red
57.776,97.048,41.048,57.76,97.168,1429,0.988047136,2059295981,LPLC1_R,LPLC1,dend[3583],0.831501619,red
58.704,109.784,19.84,58.672,109.944,1036,0.996037315,2059295981,LPLC1_R,LPLC1,dend[1200],0.418021954,red
55.824,100.08,44.344,55.888,100.16,1414,0.909183205,2059295981,LPLC1_R,LPLC1,dend[3612],0.916672666,red
55.336,100.488,44.416,55.456,100.576,1414,0.909183205,2059295981,LPLC1_R,LPLC1,dend[3612],0.029943889,red
54.64,108.936,30.24,54.52,109.056,3371,1,2059295981,LPLC1_R,LPLC1,dend[878],0.398857355,red
54.712,109.32,31.168,54.728,109.48,3371,1,2059295981,LPLC1_R,LPLC1,dend[850],0.563616452,red
54.408,96.488,24.848,54.448,96.648,3132,0.875959074,2059295981,LPLC1_R,LPLC1,dend[3335],0.568733042,red
55.504,98.536,46.744,55.352,98.424,582,0.930512557,2059295981,LPLC1_R,LPLC1,dend[3739],0.441083991,red
55.64,98.48,47.608,55.872,98.456,3739,1,2059295981,LPLC1_R,LPLC1,dend[3755],1,red
55.952,97.064,48.888,56.032,96.968,591,0.993271378,2059295981,LPLC1_R,LPLC1,dend[3744],0.925205097,red
56.28,100.376,41.064,56.328,100.24,1408,0.170335306,2059295981,LPLC1_R,LPLC1,dend[3605],0.7060707,red
55.8,98.848,15.208,55.632,98.848,3643,1,2059295981,LPLC1_R,LPLC1,dend[3209],0.787589386,red
55.776,98.992,16.024,55.768,98.808,3642,1,2059295981,LPLC1_R,LPLC1,dend[3206],0.577179195,red
56.008,98.816,47.448,56.152,98.768,588,0.981252049,2059295981,LPLC1_R,LPLC1,dend[3754],1,red
56.72,113.96,15.192,56.784,114.016,950,0.985035824,2059295981,LPLC1_R,LPLC1,dend[1046],0.439898022,red
56.344,98.872,13.432,56.416,99,2318,0.982560055,2059295981,LPLC1_R,LPLC1,dend[3297],0.369844552,red
57.392,101.176,39.896,57.488,101.152,1434,0.986729366,2059295981,LPLC1_R,LPLC1,dend[3599],0.875827174,red
56.408,96.712,23.96,56.504,96.736,3147,0.977999749,2059295981,LPLC1_R,LPLC1,dend[3332],0.134598374,red
53.824,103.536,33.872,53.736,103.44,3846,0,2059295981,LPLC1_R,LPLC1,dend[368],0.93886977,red
57.304,101.256,39.936,57.496,101.168,1434,0.986729366,2059295981,LPLC1_R,LPLC1,dend[3599],0.867334468,red
57.528,101.744,37.584,57.608,101.848,3243,0,2059295981,LPLC1_R,LPLC1,dend[2310],1,red
57.28,103.648,3.68,57.184,103.72,620,0.427387642,2059295981,LPLC1_R,LPLC1,dend[1097],0.369845768,red
56.632,96.704,23.608,56.616,96.552,3147,0.977999749,2059295981,LPLC1_R,LPLC1,dend[3332],0.389444691,red
55.704,101.16,43.512,55.872,101.096,1412,0.269211635,2059295981,LPLC1_R,LPLC1,dend[3610],0.778040221,red
57.664,102.36,25.92,57.624,102.472,2995,0,2059295981,LPLC1_R,LPLC1,dend[3140],1,red
57,102.2,25.872,56.832,102.256,3014,0,2059295981,LPLC1_R,LPLC1,dend[3139],1,red
57.856,112.256,23.048,57.704,112.256,1156,0.979335767,2059295981,LPLC1_R,LPLC1,dend[975],0.473593292,red
55.136,109.128,31.192,55.176,109.216,3371,1,2059295981,LPLC1_R,LPLC1,dend[849],1,red
55.072,93.32,51.328,55.112,93.416,480,0,2059295981,LPLC1_R,LPLC1,dend[102],1,red
59.552,103.544,26.432,59.688,103.536,2970,0.947513226,2059295981,LPLC1_R,LPLC1,dend[3187],0.390034968,red
71.792,132.24,16.68,71.904,132.288,658,0.96953176,1998922583,LC4,LC4,dend[1548],0.636373845,blue
68.376,129.896,11.792,68.28,129.968,3819,0.967342272,1998922583,LC4,LC4,dend[1396],0.604621051,blue
70.904,130.784,15.264,70.984,130.736,657,0.978216126,1998922583,LC4,LC4,dend[1547],0.5859165,blue
71.264,131.2,16.056,71.184,131.144,657,0.978216126,1998922583,LC4,LC4,dend[1547],0.721625847,blue
72.888,133.056,17.936,72.928,133.152,663,0,1998922583,LC4,LC4,dend[1549],0.729495985,blue
75.304,130.336,35.504,75.36,130.248,242,0.998156625,1998922583,LC4,LC4,dend[726],1,blue
72.752,133.16,18.808,72.624,133.376,669,0,1998922583,LC4,LC4,dend[1557],0.522027382,blue
57.704,119.784,35.32,57.752,119.824,346,0.982473799,1998922583,LC4,LC4,dend[796],0.998216177,blue
57.864,119.96,35.368,58.04,119.92,346,0.982473799,1998922583,LC4,LC4,dend[796],1,blue
73.032,126.376,40.944,73.136,126.288,99,0,1998922583,LC4,LC4,dend[646],0.396739142,blue
62.392,124.392,35.336,62.296,124.256,295,0.484483016,1998922583,LC4,LC4,dend[440],0.896053985,blue
73.976,131.656,33.016,74.184,131.832,180,0.983560337,1998922583,LC4,LC4,dend[720],0.851742271,blue
61.44,110.36,14.296,61.44,110.272,1199,0,1966864706,LPLC1_R,LPLC1,dend[1115],0.331422872,red
55.464,97.808,35.944,55.528,97.888,3248,0.114443444,1966864706,LPLC1_R,LPLC1,dend[2316],0.836726245,red
57.28,97.128,24.928,57.352,97.024,3144,0,1966864706,LPLC1_R,LPLC1,dend[3331],0.275355059,red
55.432,98.728,22.44,55.432,98.776,2954,0.980592746,1966864706,LPLC1_R,LPLC1,dend[3174],0.746047811,red
59.328,102.656,24.936,59.512,102.584,2971,0,1966864706,LPLC1_R,LPLC1,dend[3189],0.687330714,red
56.096,94.888,47.912,56.104,94.92,568,0,1966864706,LPLC1_R,LPLC1,dend[169],0.555313364,red
58.368,109.88,20.312,58.368,110.056,1218,0.884091763,1966864706,LPLC1_R,LPLC1,dend[1201],1,red
54.024,96.656,26.88,53.976,96.736,3028,0.142060154,1966864706,LPLC1_R,LPLC1,dend[3122],0.684542142,red
54.544,92.976,43.568,54.392,92.92,2160,0.989716937,1966864706,LPLC1_R,LPLC1,dend[3686],0.368954935,red
54.656,99.96,36.872,54.76,99.912,3238,0.990395716,1966864706,LPLC1_R,LPLC1,dend[2304],0.311293004,red
56.16,97.064,24.568,56.248,96.968,3138,0.991429461,1966864706,LPLC1_R,LPLC1,dend[3330],0.439209772,red
54.384,93.728,43.176,54.248,93.792,2208,0.995237509,1966864706,LPLC1_R,LPLC1,dend[3728],0.648781894,red
60.128,112.36,20.6,60.04,112.328,1005,0.999976034,1966864706,LPLC1_R,LPLC1,dend[1163],0.474161075,red
57.504,113.36,20.952,57.536,113.44,386,0.997114421,1966864706,LPLC1_R,LPLC1,dend[1001],0.287657432,red
54.128,98.696,37.312,54.032,98.608,1268,0.987666367,1966864706,LPLC1_R,LPLC1,dend[2301],0.600560859,red
56.088,95.584,43.392,56.168,95.48,2179,0,1966864706,LPLC1_R,LPLC1,dend[3665],1,red
57.464,114.792,20.328,57.616,114.728,386,0.997114421,1966864706,LPLC1_R,LPLC1,dend[1004],0.531286421,red
53.832,102.648,37.72,53.856,102.688,3306,1,1966864706,LPLC1_R,LPLC1,dend[351],0.25742957,red
55.896,99.92,42.512,55.792,99.984,1412,0,1966864706,LPLC1_R,LPLC1,dend[3608],0.788257946,red
60.088,110.984,20.44,60.16,111.064,1196,0.99095013,1966864706,LPLC1_R,LPLC1,dend[1194],0.858786676,red
60.088,111.352,20.952,60.136,111.216,1197,0.980618595,1966864706,LPLC1_R,LPLC1,dend[1195],1,red
56.088,95.128,43.424,56.112,95.056,2179,0,1966864706,LPLC1_R,LPLC1,dend[3665],1,red
60.592,111.016,14.088,60.448,110.96,392,0.983382618,1966864706,LPLC1_R,LPLC1,dend[1118],0.908697288,red
57.056,108.92,18.776,57,108.976,1038,0.975740537,1966864706,LPLC1_R,LPLC1,dend[1206],0.524053325,red
56.008,93.584,46.688,56,93.472,567,0.953552426,1966864706,LPLC1_R,LPLC1,dend[174],0.193024511,red
57.184,95.312,32.544,57.224,95.096,2920,0.978169089,1966864706,LPLC1_R,LPLC1,dend[2555],0.635137047,red
56.912,95.032,27.496,56.88,94.96,3035,0.985006596,1966864706,LPLC1_R,LPLC1,dend[3101],0.211001433,red
57.768,108.64,19.248,57.736,108.872,1047,0.194314747,1966864706,LPLC1_R,LPLC1,dend[1219],0.846843655,red
54.936,92.752,43.312,55.016,92.632,2200,0,1966864706,LPLC1_R,LPLC1,dend[3722],1,red
56.432,100.912,42.384,56.304,100.76,1419,0.981945009,1966864706,LPLC1_R,LPLC1,dend[3616],0.454135856,red
55.92,96.192,43.16,55.832,96.104,2178,0.972219244,1966864706,LPLC1_R,LPLC1,dend[3664],0.498226046,red
55.136,91.776,42.552,55.256,91.8,2171,0,1966864706,LPLC1_R,LPLC1,dend[3688],1,red
53.104,104.152,33.984,52.968,104.16,3307,1,1966864706,LPLC1_R,LPLC1,dend[368],0.566948932,red
53.576,92.288,44.656,53.6,92.392,2211,0.979837329,1966864706,LPLC1_R,LPLC1,dend[3724],0.830875843,red
54.352,90,48.28,54.28,90.144,495,0,1966864706,LPLC1_R,LPLC1,dend[120],1,red
55.784,94.328,47.704,55.704,94.28,2042,0.904411266,1966864706,LPLC1_R,LPLC1,dend[172],0.983546144,red
55.792,96.728,42.96,55.68,96.68,2178,0.972219244,1966864706,LPLC1_R,LPLC1,dend[3664],0.91369736,red
54.952,89.568,48.08,55.064,89.528,498,0,1966864706,LPLC1_R,LPLC1,dend[122],0.454890324,red
61.632,121.12,32.096,61.672,121.192,297,0.982133143,1938544937,LC4,LC4,dend[409],1,blue
67.6,135.096,24.624,67.616,135.088,816,0.985103214,1938544937,LC4,LC4,dend[1490],0.476730803,blue
74.768,124.184,43.592,74.904,124.176,72,0.983248337,1938544937,LC4,LC4,dend[592],0.58885753,blue
70.832,135.608,13.68,70.624,135.512,662,0.295102304,1938544937,LC4,LC4,dend[1565],0.38438432,blue
60.552,130.584,15.384,60.384,130.664,697,0.498528653,1938544937,LC4,LC4,dend[1305],0.597686987,blue
60.872,130.672,15.648,60.72,130.808,697,0.998094809,1938544937,LC4,LC4,dend[1305],1,blue
60.984,124.504,13.144,61.08,124.52,944,0.995382482,1938544937,LC4,LC4,dend[1280],1,blue
62.864,122.368,31.856,62.896,122.24,301,0.928250779,1938544937,LC4,LC4,dend[413],0.308759102,blue
64.488,123.08,14.928,64.424,123.088,942,0,1938544937,LC4,LC4,dend[1291],0.353390201,blue
73.288,120.84,20.656,73.168,120.928,652,0.157243941,1938544937,LC4,LC4,dend[1662],0.835535823,blue
71.52,135.968,15.032,71.504,136.04,673,0,1938544937,LC4,LC4,dend[1638],0.415002637,blue
65.928,121.152,37.592,65.952,121.016,207,0.998249378,1938544937,LC4,LC4,dend[448],0.734022924,blue
71.024,135.168,14.416,70.824,135.152,661,0.965015248,1938544937,LC4,LC4,dend[1617],0.380278142,blue
62,121.92,30.936,62,121.752,299,0.997122908,1938544937,LC4,LC4,dend[411],0.49236482,blue
75.088,124.088,42.688,75.248,124.104,71,0,1938544937,LC4,LC4,dend[608],1,blue
56.28,125.432,21.496,56.184,125.576,1471,0,1938544937,LC4,LC4,dend[1446],1,blue
61.8,121.68,32,61.808,121.384,297,0.982133143,1938544937,LC4,LC4,dend[410],0.426005736,blue
61.464,124.392,13.384,61.408,124.456,937,0.991258703,1938541380,LC4,LC4,dend[1280],1,blue
59.216,122.24,20.464,59,122.232,463,0,1938541380,LC4,LC4,dend[1267],0.611329432,blue
73.544,118.72,43.84,73.592,118.872,262,0.64780165,1938541380,LC4,LC4,dend[471],0.925086798,blue
62.76,128.872,12.936,62.688,129,3420,1,1938541380,LC4,LC4,dend[1405],1,blue
63.16,129.512,12.672,62.888,129.568,3420,1,1938541380,LC4,LC4,dend[1404],0.971498646,blue
61.056,128.48,9.832,61.024,128.64,758,0.999620179,1938541380,LC4,LC4,dend[1391],0.746771829,blue
63.936,130.56,12.456,63.976,130.568,1104,0.953182486,1938541380,LC4,LC4,dend[1395],0.34771482,blue
63.104,127.928,12.704,63.152,127.928,1154,0,1938541380,LC4,LC4,dend[1410],0.089039896,blue
63.16,127.816,12.688,63.16,127.856,1154,0,1938541380,LC4,LC4,dend[1410],0.112349172,blue
61.224,124.352,12.816,61.096,124.432,944,0.995382482,1938541380,LC4,LC4,dend[1280],0.451142766,blue
74.568,124.008,44.104,74.632,124.096,74,0,1938541380,LC4,LC4,dend[594],0.249610502,blue
58.232,122.888,28.168,58.296,122.816,867,0.999548774,1938541380,LC4,LC4,dend[1713],0.32482906,blue
62.112,122.624,14.496,61.92,122.752,938,0,1938541380,LC4,LC4,dend[1281],0.798648856,blue
65.432,122.832,35.832,65.672,122.88,273,0,1938541380,LC4,LC4,dend[750],1,blue
73.312,138.68,15.912,73.24,138.8,683,0.105500684,1938541380,LC4,LC4,dend[1634],0.658097256,blue
70.552,135.88,13.272,70.536,135.856,662,0.295102304,1938541380,LC4,LC4,dend[1565],0.705605718,blue
66.552,124.096,32.552,66.472,123.968,3348,1,1938207942,LC4,LC4,dend[743],0.928339232,blue
60.264,117.568,33.952,60.336,117.384,201,0.999337958,1938207942,LC4,LC4,dend[400],0.656313668,blue
66.24,119.344,42.152,66.392,119.408,216,0.984456338,1938207942,LC4,LC4,dend[481],0.097281596,blue
68.424,125.048,33.496,68.52,125.032,158,0,1938207942,LC4,LC4,dend[702],0.539197148,blue
71.16,123.248,37.544,71.152,123.44,7,0.998380556,1938207942,LC4,LC4,dend[651],0.653988711,blue
56.616,117.648,26.272,56.704,117.696,843,0.969568138,1937875810,LC4,LC4,dend[1706],0.866447189,blue
55.976,117.408,24.768,55.952,117.536,3375,1,1937875810,LC4,LC4,dend[1696],0.516104714,blue
78.688,122.224,44.88,78.808,122.376,3325,1,1937875810,LC4,LC4,dend[565],0.988289555,blue
67.472,116.632,44.52,67.528,116.736,223,0.963905279,1937875810,LC4,LC4,dend[491],0.548665112,blue
57.768,118.368,18.16,57.68,118.416,1490,0,1937875810,LC4,LC4,dend[1157],1,blue
73.72,125.872,38.888,73.872,125.768,9,0.999465944,1937875810,LC4,LC4,dend[521],0.832383625,blue
74.488,125.808,39.936,74.656,125.736,14,0.066595823,1937875810,LC4,LC4,dend[522],0.778676865,blue
74.424,126.192,39.096,74.424,126.056,14,0,1937875810,LC4,LC4,dend[611],0.253822329,blue
57.792,117.52,21.6,57.856,117.568,3378,1,1937875810,LC4,LC4,dend[1228],1,blue
64.608,130.592,12.728,64.56,130.456,3818,0,1936848448,LC4,LC4,dend[1395],0.499463132,blue
58.32,123.784,31.992,58.344,123.944,886,0.146885911,1936848448,LC4,LC4,dend[1737],0.983550333,blue
73.072,139.4,16.424,73.224,139.512,689,0,1936848448,LC4,LC4,dend[1633],0.17342867,blue
67.472,132.416,21.072,67.576,132.344,1100,0.987097815,1936848448,LC4,LC4,dend[1467],0.8966847,blue
73.616,123.432,33.984,73.552,123.552,160,0.555310502,1936848448,LC4,LC4,dend[701],0.83340851,blue
64.128,129.024,6.48,64.216,129.048,760,0.999919772,1936848448,LC4,LC4,dend[1367],0.791195148,blue
60.408,119.008,33.832,60.432,118.744,278,0,1936848448,LC4,LC4,dend[404],0.465393063,blue
74.328,123.432,45.84,74.44,123.52,77,0.999973951,1908226457,LC4,LC4,dend[597],0.376788194,blue
69.824,127.952,2.704,69.912,128.032,3815,0,1908226457,LC4,LC4,dend[1374],0.548318126,blue
74.744,123.744,46.208,74.624,123.8,77,0.999973951,1908226457,LC4,LC4,dend[597],0.837534097,blue
58.688,129.888,16.608,58.768,129.792,694,0.991316544,1908226457,LC4,LC4,dend[1303],0.738794648,blue
73.304,117.856,45.128,73.424,117.896,272,0.437902384,1908226457,LC4,LC4,dend[473],0.777330211,blue
71.976,127.016,2.184,71.84,126.952,771,0,1908226457,LC4,LC4,dend[1377],0.885689038,blue
68.28,134.952,25.328,68.48,134.808,808,0.994258735,1908226457,LC4,LC4,dend[1479],0.262711395,blue
69.256,128.456,2.656,69.312,128.544,767,0.979232045,1908226457,LC4,LC4,dend[1374],0.366941193,blue
63.352,135.096,14.168,63.4,134.936,703,0.985648214,1908226457,LC4,LC4,dend[1310],0.719773372,blue
68.96,126.672,14.2,69.096,126.92,1060,0,1908226457,LC4,LC4,dend[1646],0.724879256,blue
64.488,136.336,15.056,64.672,136.256,708,0,1908226457,LC4,LC4,dend[1315],0.330290564,blue
69.336,135.44,26.56,69.384,135.544,814,0,1908226457,LC4,LC4,dend[1486],1,blue
67.992,135.008,24.888,67.872,134.912,816,0.985103214,1908226457,LC4,LC4,dend[1478],0.741304609,blue
69.208,120.152,40.128,69.208,120.24,237,0.958221495,1908226457,LC4,LC4,dend[478],0.446482097,blue
68.904,120.088,39.848,68.872,120.184,236,0,1908226457,LC4,LC4,dend[454],0.913761515,blue
71.112,127.168,2.552,71.04,127.04,3815,0,1908226457,LC4,LC4,dend[1374],0.90896805,blue
71.528,138.024,15.904,71.656,137.848,675,0.071574275,1908226457,LC4,LC4,dend[1636],1,blue
69.328,127.112,14.256,69.168,127.024,1060,0.108306118,1908226457,LC4,LC4,dend[1646],0.839503922,blue
69.736,127.072,14.44,69.616,127.192,1061,0.99590176,1908226457,LC4,LC4,dend[1647],0.359497177,blue
64.064,120.424,36.304,64.04,120.272,205,0,1908226457,LC4,LC4,dend[511],0.189439963,blue
68.616,124.36,39.688,68.528,124.416,3341,1,1908226457,LC4,LC4,dend[685],1,blue
71.336,126.808,2.432,71.336,126.792,768,0.973231572,1908226457,LC4,LC4,dend[1374],1,blue
60.968,131.84,12.76,61.088,131.88,700,0.981754784,1908226457,LC4,LC4,dend[1359],0.019754143,blue
68.088,137.792,17.128,67.864,137.792,711,0.991811436,1907933561,LC4,LC4,dend[1318],1,blue
66.32,118.696,42.64,66.424,118.632,216,0.984456338,1907933561,LC4,LC4,dend[481],0.885127462,blue
69.6,124.576,37.304,69.696,124.488,10,0,1907933561,LC4,LC4,dend[652],0.451201507,blue
71.512,133.624,14.528,71.408,133.648,660,0.997646609,1907933561,LC4,LC4,dend[1562],0.414745569,blue
61.016,120.272,35.104,61.168,120.272,280,0.988421938,1907933561,LC4,LC4,dend[406],1,blue
71.008,124.064,38.184,71.104,124.064,102,0.990598368,1907933561,LC4,LC4,dend[651],0.909576754,blue
70.176,134.448,14.328,70.288,134.592,660,0.997646609,1907933561,LC4,LC4,dend[1563],0.155543654,blue
63.784,130.672,20.568,63.768,130.776,802,0.896883089,1907933561,LC4,LC4,dend[1474],1,blue
77.528,124.448,47.328,77.576,124.312,61,0.992565304,1907924777,LC4,LC4,dend[583],1,blue
66.52,117.96,42.984,66.736,118.048,220,0.33176434,1907924777,LC4,LC4,dend[482],0.477547736,blue
62.896,126.952,28.384,62.696,126.992,872,0.974932256,1907924777,LC4,LC4,dend[1723],0.716463988,blue
61.912,131.56,11.704,61.728,131.456,700,0.981754784,1907924777,LC4,LC4,dend[1359],0.825638838,blue
61.864,120.632,33.472,61.76,120.576,282,0.985299151,1907924777,LC4,LC4,dend[408],1,blue
62.872,129.72,12.712,62.84,129.576,1151,0.844229026,1907924777,LC4,LC4,dend[1404],0.901208168,blue
62.512,120.416,35.384,62.464,120.504,287,0,1907924777,LC4,LC4,dend[433],0.265567907,blue
62.168,121.264,32.264,62.048,121.256,297,0.532963764,1907924777,LC4,LC4,dend[409],0.964447585,blue
56.84,119.584,27.296,57.008,119.632,1117,0,1907924777,LC4,LC4,dend[1743],0.916281344,blue
62.104,121.168,31.712,62.096,121.288,300,0,1907924777,LC4,LC4,dend[412],0.292362334,blue
63.568,131.16,19.864,63.456,131.064,802,0.896883089,1907924777,LC4,LC4,dend[1474],1,blue
63.528,131.76,13.264,63.544,131.56,1110,0,1907924777,LC4,LC4,dend[1402],1,blue
63.288,131.368,13.256,63.36,131.304,1110,0,1907924777,LC4,LC4,dend[1402],0.919493593,blue
61.8,121.152,31.128,62,121.264,299,0.630749298,1907924777,LC4,LC4,dend[411],0.248039605,blue
69.224,127.568,40.16,69.416,127.552,13,0.999181483,1907587934,LC4,LC4,dend[655],0.431073759,blue
74.64,123.008,45.576,74.464,123.04,78,0.162221407,1907587934,LC4,LC4,dend[604],0.407654392,blue
64.736,126.848,39.256,64.472,126.776,3793,0,1907587934,LC4,LC4,dend[683],0.719504044,blue
62.456,121.704,35.992,62.408,121.592,290,0.260525493,1907587934,LC4,LC4,dend[442],0.766242424,blue
63.24,124.552,32.24,63.368,124.536,305,0,1907587934,LC4,LC4,dend[419],0.819746839,blue
55.288,121.928,21.888,55.2,121.944,1123,0.995639061,1907587934,LC4,LC4,dend[1240],0.234211189,blue
55.808,122.136,22,55.816,122.168,3431,0,1907587934,LC4,LC4,dend[1234],1,blue
68.888,126.704,39.264,68.92,126.728,13,0.999181483,1907587934,LC4,LC4,dend[655],0.15671335,blue
63.96,120.232,37.112,64.064,120.184,207,0.998249378,1907587934,LC4,LC4,dend[511],0.841657634,blue
72.272,136.504,19.272,72.04,136.488,667,0.410280518,1907587934,LC4,LC4,dend[1555],1,blue
58.672,128.528,17.016,58.504,128.6,694,0.991316544,1907587934,LC4,LC4,dend[1303],0.217893618,blue
62.64,120.696,35.832,62.608,120.744,288,0.981006989,1907587934,LC4,LC4,dend[443],0.408403234,blue
67.2,119.76,42.096,67.096,119.8,215,0.901781948,1907587934,LC4,LC4,dend[480],0.464864724,blue
61.272,121.96,36.424,61.392,121.88,3356,1,1907584319,LC4(lVLPT8)_R,LC4,dend[438],0.867562478,blue
68.864,132.904,23.904,68.912,133.12,1072,0.995469676,1907584319,LC4(lVLPT8)_R,LC4,dend[1508],0.888455085,blue
57.12,119.872,27.928,57.12,119.952,1117,0,1907584319,LC4(lVLPT8)_R,LC4,dend[1743],1,blue
67.264,118.4,42.864,67.12,118.592,220,0.127305617,1907584319,LC4(lVLPT8)_R,LC4,dend[503],1,blue
62.56,127.776,28.344,62.728,127.664,872,0.974932256,1907584319,LC4(lVLPT8)_R,LC4,dend[1718],0.507749238,blue
69.832,123.888,33.192,69.872,123.752,155,0.999963392,1907584319,LC4(lVLPT8)_R,LC4,dend[736],0.548904621,blue
66.728,118.608,41.608,66.592,118.568,217,0.271661314,1907584319,LC4(lVLPT8)_R,LC4,dend[504],0.596602127,blue
61.696,122.016,37.24,61.896,122.056,293,0,1907584319,LC4(lVLPT8)_R,LC4,dend[438],1,blue
61.752,123.336,35.744,61.904,123.24,294,0,1907584319,LC4(lVLPT8)_R,LC4,dend[439],0.207027731,blue
58.448,116.824,26.144,58.608,116.712,897,0,1907578957,LC4,LC4,dend[1705],0.3056928,blue
69.928,121.816,36.176,69.864,121.92,141,0,1907578957,LC4,LC4,dend[690],1,blue
62.272,117.904,25.096,62.272,117.848,899,0,1907578957,LC4,LC4,dend[1702],1,blue
64.536,122.744,21.664,64.576,122.888,1090,0,1907578957,LC4,LC4,dend[1681],1,blue
61.8,117.72,24.848,61.848,117.632,899,0,1907578957,LC4,LC4,dend[1702],1,blue
71.592,127.952,33.928,71.688,127.856,174,0,1907578957,LC4,LC4,dend[715],1,blue
67.312,123.056,31.584,67.136,123.096,149,0.813801677,1907578957,LC4,LC4,dend[745],0.014536606,blue
67.272,121.552,32.344,67.488,121.536,3792,0,1907578957,LC4,LC4,dend[745],0.512583263,blue
66.32,124.824,20.872,66.256,124.768,642,0.965058951,1907578957,LC4,LC4,dend[1520],0.13351959,blue
67.512,121.736,32.312,67.648,121.776,149,0.813801677,1907578957,LC4,LC4,dend[745],0.458566705,blue
78.248,122.56,43.44,78.496,122.528,67,0.632659206,1907578957,LC4,LC4,dend[587],0.438889455,blue
80.144,130.328,40.224,80.288,130.416,110,0,1907578957,LC4,LC4,dend[616],0.910493584,blue
66.608,124.352,21.496,66.536,124.496,848,0.973668176,1907578957,LC4,LC4,dend[1520],0.319948099,blue
67.832,126.488,21.368,67.976,126.44,848,0.973668176,1907578957,LC4,LC4,dend[1520],0.905401586,blue
71.864,128.672,33.432,72.056,128.648,174,0.929592955,1907578957,LC4,LC4,dend[729],0.355587146,blue
68.328,121.464,34.68,68.192,121.44,248,0.972711183,1907578957,LC4,LC4,dend[695],0.796589353,blue
68.616,125.264,31.656,68.6,125.392,246,0.992952042,1907578957,LC4,LC4,dend[707],1,blue
65.952,124.632,21.2,66.16,124.608,642,0.965058951,1907578957,LC4,LC4,dend[1520],0.168595091,blue
66.752,134.448,18.632,66.712,134.584,830,0,1907574944,LC4(lVLPT8)_R,LC4,dend[1340],0.370205026,blue
77.904,122.768,43.776,77.92,122.896,41,0.388669472,1907574944,LC4(lVLPT8)_R,LC4,dend[563],0.767244838,blue
69.96,135.088,15.104,70.184,135.016,1066,0.990634718,1907574944,LC4(lVLPT8)_R,LC4,dend[1563],1,blue
58.36,121.824,28.04,58.224,121.816,890,0.98347679,1907574944,LC4(lVLPT8)_R,LC4,dend[1739],1,blue
60.44,117.024,19.136,60.448,116.968,923,0.215960979,1907574944,LC4(lVLPT8)_R,LC4,dend[1158],1,blue
61.984,122.936,36.784,62.16,122.896,293,0.999498919,1907574944,LC4(lVLPT8)_R,LC4,dend[438],0.374692479,blue
73.472,124.032,47.568,73.656,124.096,83,0,1907574944,LC4(lVLPT8)_R,LC4,dend[603],0.46646397,blue
72.992,133.864,18.864,73.024,133.864,665,0.988618279,1907574944,LC4(lVLPT8)_R,LC4,dend[1551],0.452645468,blue
62.344,123.536,36.36,62.352,123.536,294,0.183880472,1907574944,LC4(lVLPT8)_R,LC4,dend[439],0.750522316,blue
73.464,124.248,47.88,73.728,124.2,3790,0,1907574944,LC4(lVLPT8)_R,LC4,dend[603],0.543749635,blue
68.56,134.608,25.464,68.552,134.696,808,0.994258735,1907571222,LC4,LC4,dend[1479],0.302990892,blue
64.64,129.016,20.144,64.824,129.16,797,0.999980387,1907571222,LC4,LC4,dend[1462],0.486401632,blue
64.008,126.008,13.664,64.096,126.136,1154,0.956894192,1907571222,LC4,LC4,dend[1410],1,blue
69.824,124.088,37.384,69.8,124.032,7,0.998380556,1907571222,LC4,LC4,dend[519],0.250572038,blue
69.56,124.56,37.024,69.56,124.552,10,0,1907571222,LC4,LC4,dend[652],0.501501192,blue
58.776,124.656,31.752,58.608,124.76,886,0.146885911,1907571222,LC4,LC4,dend[1737],0.346673099,blue
67.52,120.016,41.4,67.424,120.112,233,0,1907571222,LC4,LC4,dend[507],0.170549143,blue
73.608,117.768,45.192,73.504,117.728,272,0.437902384,1907571222,LC4,LC4,dend[473],0.874694691,blue
61.712,121.848,36.4,61.736,121.912,289,0.999532749,1907571222,LC4,LC4,dend[438],0.780833795,blue
70.592,137.152,26.688,70.592,136.984,813,0.995999156,1907571222,LC4,LC4,dend[1485],0.694734823,blue
61.264,120.088,34.352,61.264,119.984,280,0.988421938,1907571222,LC4,LC4,dend[406],0.675968731,blue
72.592,128.424,35.096,72.592,128.52,176,0,1907571222,LC4,LC4,dend[717],0.556488079,blue
61.92,129.976,9.6,61.968,129.928,758,0.999620179,1907519001,LC4,LC4,dend[1391],0.141891947,blue
57.656,121.568,27.208,57.696,121.512,865,0,1907519001,LC4,LC4,dend[1739],0.164806651,blue
69.336,123.52,37.056,69.464,123.496,6,0.998597224,1907519001,LC4,LC4,dend[518],0.789762148,blue
58.256,127.536,17.16,58.056,127.6,692,0.963513129,1907519001,LC4,LC4,dend[1416],0.104225791,blue
57.568,122.128,27.592,57.768,122.216,866,0.993841733,1907519001,LC4,LC4,dend[1712],0.619611623,blue
78.272,123.056,44.16,78.424,122.952,42,0.995142586,1907519001,LC4,LC4,dend[564],0.407670473,blue
62.504,130.2,9,62.648,130.152,756,0.992921168,1907519001,LC4,LC4,dend[1365],0.508596536,blue
61.592,129.72,9.664,61.592,129.64,758,0.999620179,1907519001,LC4,LC4,dend[1391],0.306871035,blue
79.528,122.656,46.784,79.408,122.768,61,0.992565304,1907519001,LC4,LC4,dend[584],1,blue
70.888,123.624,38.016,70.808,123.68,102,0.990598368,1907519001,LC4,LC4,dend[651],0.801978605,blue
58.072,121.784,28.392,58.072,121.712,890,0.98347679,1907519001,LC4,LC4,dend[1739],1,blue
77.664,122.72,43.64,77.664,122.904,41,0.388669472,1907519001,LC4,LC4,dend[563],0.520507263,blue
66.976,123.216,36.104,67.096,123.112,140,0.216397872,1907519001,LC4,LC4,dend[691],1,blue
62.784,130.056,8.688,62.928,130.144,776,0.998426322,1907519001,LC4,LC4,dend[1365],0.817131058,blue
69.088,123.504,36.912,69.272,123.44,6,0.998597224,1907519001,LC4,LC4,dend[518],0.562805765,blue
58.488,127.808,18.136,58.328,127.848,692,0.963513129,1907519001,LC4,LC4,dend[1301],0.860007847,blue
57.704,123.144,21.944,57.776,122.976,1127,0,1907519001,LC4,LC4,dend[1264],1,blue
58.224,125.992,19.28,58.312,125.944,691,0.416248136,1907519001,LC4,LC4,dend[1300],0.610848257,blue
60.04,124.712,14.912,60.096,124.728,930,0.9008025,1907519001,LC4,LC4,dend[1275],0.736967966,blue
60.272,124.6,14.592,60.408,124.544,935,0.432550047,1907519001,LC4,LC4,dend[1276],0.270750758,blue
72.272,125.248,39.456,72.392,125.344,97,0.978957426,1907510214,LC4,LC4,dend[645],0.16357891,blue
58.408,120.32,20.24,58.584,120.424,3405,1,1907510214,LC4,LC4,dend[1266],0.505274394,blue
59.168,129.504,17.336,59.064,129.448,694,0.991316544,1907510214,LC4,LC4,dend[1303],0.522982571,blue
70.52,120.136,40.384,70.296,119.92,237,0.958221495,1907510214,LC4,LC4,dend[455],0.818884516,blue
71.96,119.384,41.072,71.84,119.296,252,0.996879272,1907510214,LC4,LC4,dend[477],0.986866635,blue
69.88,126.744,37.952,69.776,126.76,12,0.991443216,1907510214,LC4,LC4,dend[687],0.360463136,blue
58.544,126.256,17.976,58.368,126.328,691,0.416248136,1907510214,LC4,LC4,dend[1300],0.890371222,blue
71.48,137.784,15.92,71.648,137.824,675,0.071574275,1907510214,LC4,LC4,dend[1636],1,blue
67.28,132.472,24.72,67.512,132.544,1076,0.972592729,1907510214,LC4,LC4,dend[1510],1,blue
58.656,120.024,20.472,58.68,120.088,3381,1,1907510214,LC4,LC4,dend[1233],0.083546099,blue
74.128,124.016,47.248,74.056,124.008,83,0,1907510214,LC4,LC4,dend[603],0.347777429,blue
69.728,120.96,40.696,69.672,120.864,238,0.208564082,1907510214,LC4,LC4,dend[478],1,blue
67.464,132.968,23.408,67.568,132.872,1076,0.972592729,1907510214,LC4,LC4,dend[1475],0.948378497,blue
69.76,126.248,38.04,69.64,126.312,11,0.966735032,1907510214,LC4,LC4,dend[687],0.053793336,blue
58.296,121.976,19.776,58.376,122.008,463,0,1907169406,LC4,LC4,dend[1267],0.702781313,blue
69.76,136.08,26.488,69.864,136.016,810,0.995436608,1907169406,LC4,LC4,dend[1481],0.832727677,blue
63.384,125.24,32.712,63.44,125.12,305,0,1907169406,LC4,LC4,dend[419],1,blue
71.112,123.408,34.24,71.032,123.384,156,0.993503804,1907169406,LC4,LC4,dend[699],0.949402806,blue
73.904,118.912,42.544,74.008,118.88,261,0,1907169406,LC4,LC4,dend[463],1,blue
67.44,129.248,20.992,67.312,129.36,798,0.979433608,1907169406,LC4,LC4,dend[1513],0.276804036,blue
67.664,126.888,22.392,67.696,126.784,1692,0.90782003,1907169406,LC4,LC4,dend[1539],0.788950604,blue
71.28,119.968,40.568,71.16,119.816,250,0.980182012,1907169406,LC4,LC4,dend[458],1,blue
70.52,123.88,34.256,70.44,123.792,156,0.993503804,1907169406,LC4,LC4,dend[699],0.563844029,blue
67.432,136.488,24.336,67.432,136.248,817,0.983798474,1907169406,LC4,LC4,dend[1491],0.157938311,blue
71.88,119.472,40.896,71.904,119.336,252,0.996879272,1907169406,LC4,LC4,dend[477],0.619501685,blue
63.456,124.68,32.28,63.456,124.6,305,0,1907169406,LC4,LC4,dend[419],0.848078247,blue
59.96,124.32,17.704,60.144,124.28,926,0.999944726,1907169406,LC4,LC4,dend[1271],0.544646372,blue
67.776,136.152,24.848,67.664,136.04,816,0.985103214,1907169406,LC4,LC4,dend[1490],1,blue
67.872,120.648,41.736,67.768,120.632,233,0,1907156409,LC4,LC4,dend[507],0.509104932,blue
62.144,123.408,35.48,61.936,123.472,294,0,1907156409,LC4,LC4,dend[439],0.401938053,blue
63.08,131.128,20.088,63.328,131.08,802,0.896883089,1907156409,LC4,LC4,dend[1474],1,blue
59.68,126.408,28.304,59.648,126.336,868,0.964407905,1907156409,LC4,LC4,dend[1726],0.377375431,blue
63.48,131.328,20.424,63.592,131.312,802,0.896883089,1907156409,LC4,LC4,dend[1474],1,blue
59.472,124.664,16.504,59.152,124.784,1698,0.985826536,1907156409,LC4,LC4,dend[1293],0.91513107,blue
62.176,133.72,13.2,62.288,133.864,720,0,1907156409,LC4,LC4,dend[1332],0.55344061,blue
57.072,119.768,17.24,56.952,119.776,3453,1,1906496111,LC4,LC4,dend[1132],0.859641089,blue
64.68,136.024,14.272,64.816,136.048,705,0.990732118,1906496111,LC4,LC4,dend[1312],0.487526716,blue
65.504,133.536,17.168,65.64,133.424,794,0.973671073,1906496111,LC4,LC4,dend[1338],0.193423487,blue
57.072,120.76,27.16,57.208,120.824,847,0.999463153,1906496111,LC4,LC4,dend[1710],1,blue
65,133.2,16.688,65.064,133.2,793,0,1906496111,LC4,LC4,dend[1337],0.765012746,blue
57.088,120.76,27.584,57.24,120.8,847,0.999463153,1906496111,LC4,LC4,dend[1710],1,blue
72.856,126.856,42.576,72.824,126.776,3334,0,1906496111,LC4,LC4,dend[647],1,blue
55.872,117.328,33.312,55.936,117.328,415,0.983360779,1906496111,LC4,LC4,dend[812],0.109807138,blue
70.976,122.712,34.304,71.2,122.672,157,0.968820351,1906496111,LC4,LC4,dend[700],0.249915428,blue
57.088,120.176,27.792,57.176,120.072,1117,0,1906496111,LC4,LC4,dend[1743],1,blue
75.008,124.712,44.104,75,124.552,72,0.983248337,1906496111,LC4,LC4,dend[592],1,blue
66.624,132.04,22.568,66.632,131.944,803,0.24627022,1906496111,LC4,LC4,dend[1474],0.504005033,blue
57.864,118.112,34.936,57.944,118.128,344,0.88861692,1906496111,LC4,LC4,dend[794],0.681710788,blue
69.328,129.944,15.72,69.424,129.68,656,0.999971551,1906159299,LC4,LC4,dend[1641],0.255288658,blue
69.824,124.512,24.008,69.608,124.368,860,0.957972609,1906159299,LC4,LC4,dend[1533],0.485476693,blue
67.6,131.864,10.44,67.528,131.752,1108,0.977172837,1906159299,LC4,LC4,dend[1399],0.922426273,blue
68.176,130.872,21.856,68.048,130.936,3384,1,1906159299,LC4,LC4,dend[1470],0.536454299,blue
80.224,125.04,43.192,80.24,125.128,37,0.99039208,1906159299,LC4,LC4,dend[553],0.491920732,blue
67.08,132.16,22.704,67.112,132.136,803,0,1906159299,LC4,LC4,dend[1475],0.331797799,blue
70.488,126.352,34.264,70.608,126.32,171,0.991230516,1906159299,LC4,LC4,dend[713],1,blue
58.968,117.736,21.728,59.056,117.68,3379,1,1906159299,LC4,LC4,dend[1691],0.431213671,blue
67.272,137.832,17.48,67.288,137.936,711,0.991811436,1878271377,LC4,LC4,dend[1318],0.813967097,blue
66.104,120.744,35.488,66.088,120.832,1,0.977630229,1878271377,LC4,LC4,dend[513],0.415271486,blue
67.6,121.184,38.848,67.48,121.16,213,0.999999935,1878271377,LC4,LC4,dend[452],0.819069206,blue
59.088,120.176,20.48,58.944,120.224,3381,1,1878271377,LC4,LC4,dend[1233],0.050924603,blue
63.968,123.328,31.944,63.936,123.376,305,0,1878271377,LC4,LC4,dend[419],0.321581723,blue
73.416,119.208,44.608,73.44,119.064,271,0.988279532,1878271377,LC4,LC4,dend[472],0.741157799,blue
67.8,121.584,39.08,67.728,121.52,213,0.999999935,1878271377,LC4,LC4,dend[452],1,blue
59.304,120.696,21.8,59.24,120.528,3381,1,1878271377,LC4,LC4,dend[1233],0.074712921,blue
70.008,129.352,15.704,69.992,129.36,656,0.999971551,1877939213,LC4,LC4,dend[1546],0.866772962,blue
68.032,128.752,23.728,68.008,128.984,1098,0.995504127,1877939213,LC4,LC4,dend[1515],0.847907823,blue
70.936,132.04,15.176,71.056,132.08,659,0,1877939213,LC4,LC4,dend[1547],1,blue
74.576,131.144,33.576,74.736,131.208,180,0.983560337,1877939213,LC4,LC4,dend[720],0.340500777,blue
58.992,119.584,23.048,58.872,119.808,1087,0.995150095,1877939213,LC4,LC4,dend[1688],1,blue
70.736,127.56,34.144,70.92,127.488,171,0.991230516,1877939213,LC4,LC4,dend[732],0.208536862,blue
68.168,128.888,23.416,68.088,128.992,1098,0.995504127,1877939213,LC4,LC4,dend[1515],0.683672256,blue
58.064,119.592,35.016,57.88,119.512,346,0.982473799,1877939213,LC4,LC4,dend[796],0.599359558,blue
72.984,126,40.4,72.824,125.992,99,0,1877939213,LC4,LC4,dend[646],0.113936682,blue
68,126.992,22.288,68.112,126.848,849,0.973740523,1877939213,LC4,LC4,dend[1521],0.13046678,blue
68.176,128.864,24.04,68.048,128.84,1098,0.995504127,1877939213,LC4,LC4,dend[1515],1,blue
66.688,126.912,19.848,66.456,126.824,644,0.999169658,1877939213,LC4,LC4,dend[1461],0.426026754,blue
67.952,126.904,21.864,68.008,126.8,848,0.973668176,1877939213,LC4,LC4,dend[1539],0.262699611,blue
67.488,126.904,22.232,67.64,126.712,1692,0.90782003,1877939213,LC4,LC4,dend[1539],0.773238598,blue
62.136,120.576,20.304,62.056,120.712,461,0.991641054,1877939213,LC4,LC4,dend[1455],0.607174523,blue
79.416,123.096,45.464,79.48,122.96,47,0.984744852,1877939213,LC4,LC4,dend[566],0.619730164,blue
68.288,127.184,21.928,68.48,127,849,0.973740523,1877939213,LC4,LC4,dend[1538],0.729965542,blue
69.248,127.432,14.864,69.296,127.16,1059,0.428818395,1877939213,LC4,LC4,dend[1645],0.515279056,blue
64.288,123.496,19.448,64.432,123.576,641,0.993498912,1877939213,LC4,LC4,dend[1458],0.274086318,blue
65.296,122.888,20.28,65.232,122.992,641,0.993498912,1877939213,LC4,LC4,dend[1458],0.296521947,blue
66.784,126.248,20.168,66.72,126.152,643,0.997806778,1877939213,LC4,LC4,dend[1460],0.740035176,blue
63.024,121.216,20.024,62.816,121.304,461,0.991641054,1877939213,LC4,LC4,dend[1683],0.069819992,blue
58.248,118.248,17.744,58.152,118.176,903,0.976568046,1877930505,LC4,LC4,dend[1131],0.866236598,blue
67.72,121.544,39.104,67.72,121.52,213,0.999999935,1877930505,LC4,LC4,dend[452],1,blue
62.776,134.08,13.96,62.656,134.136,702,0.972324447,1877930505,LC4,LC4,dend[1309],0.349034049,blue
62.256,122.328,30.544,62.296,122.104,299,0.997122908,1877930505,LC4,LC4,dend[411],0.844481408,blue
60.76,118.864,33.952,60.776,118.864,276,0.981565532,1877930505,LC4,LC4,dend[402],0.719860734,blue
69.096,135.96,14.296,69.24,135.824,780,0,1877930505,LC4,LC4,dend[1616],1,blue
69.168,123.92,36.272,69.2,123.808,6,0.998597224,1877930505,LC4,LC4,dend[689],0.869409884,blue
71.448,133.776,14.584,71.408,133.672,660,0.997646609,1877930505,LC4,LC4,dend[1562],0.418432919,blue
73.072,119.064,44.696,73.2,119.088,271,0.988279532,1877930505,LC4,LC4,dend[472],1,blue
70.408,134.072,14.84,70.448,134.136,660,0.997646609,1877930505,LC4,LC4,dend[1562],0.683095067,blue
67.104,122.888,31.896,67.152,122.96,149,0.813801677,1877930505,LC4,LC4,dend[745],0.077115394,blue
60.792,116.824,35.128,60.816,116.896,201,0.999337958,1877930505,LC4,LC4,dend[400],0.744251241,blue
66.072,135.928,19.136,66.288,135.912,831,0.986737377,1877930505,LC4,LC4,dend[1341],0.776196105,blue
68.144,121.8,36.16,67.976,121.904,4,0.999577634,1877930505,LC4,LC4,dend[516],0.357833682,blue
68.36,122.504,34.528,68.232,122.584,153,0,1877930505,LC4,LC4,dend[696],0.627559853,blue
67.024,122.896,31.12,67.152,123.016,150,0.127305221,1877930505,LC4,LC4,dend[746],0.893082617,blue
60.632,124.216,17.672,60.536,124.2,926,0.999944726,1877217777,LC4,LC4,dend[1271],0.738083139,blue
64.176,136.432,14.968,64.424,136.232,708,0,1877217777,LC4,LC4,dend[1315],0.269167838,blue
60.904,124.312,17.144,60.776,124.336,3425,0,1877217777,LC4,LC4,dend[1294],0.761279378,blue
63.064,135.152,14.432,63.072,135.016,719,0,1877217777,LC4,LC4,dend[1331],1,blue
59.616,115.536,34.856,59.56,115.664,201,0.999337958,1877217777,LC4,LC4,dend[752],1,blue
59.28,116.296,33.56,59.104,116.248,201,0.999337958,1877217777,LC4,LC4,dend[809],0.602086939,blue
63.224,135.176,14.76,63.168,135.056,719,0,1877217777,LC4,LC4,dend[1331],1,blue
57.744,120.824,21.008,57.8,120.928,1121,0.959239858,1877217777,LC4,LC4,dend[1233],0.483286374,blue
72.984,125.152,39.072,73.072,125.104,9,0.999465944,1877217777,LC4,LC4,dend[521],0.403988344,blue
57,121.92,21.864,56.928,122.04,1122,0.986026318,1877217777,LC4,LC4,dend[1234],0.120535359,blue
72.728,137.752,15.232,72.592,137.888,674,0.970317998,1876902545,LC4,LC4,dend[1619],0.315001508,blue
71.352,136.568,15.648,71.448,136.48,690,0,1876902545,LC4,LC4,dend[1638],1,blue
67,125.4,39.264,67.032,125.496,189,0,1876902545,LC4,LC4,dend[678],0.801050845,blue
67.008,135.664,24.528,67.096,135.816,816,0.985103214,1876902545,LC4,LC4,dend[1490],0.973609173,blue
67.896,125.192,39.528,68.08,125.408,191,0.106214961,1876902545,LC4,LC4,dend[684],0.359161729,blue
60.728,131.608,12.168,60.888,131.68,778,0.623926031,1876902545,LC4,LC4,dend[1360],0.990687784,blue
63.008,114.232,39.272,62.896,114.392,3365,1,1876902545,LC4,LC4,dend[760],0.607949122,blue
62.208,114.76,38.68,62.184,114.808,315,0.913162012,1876902545,LC4,LC4,dend[757],0.143187945,blue
58.6,129.696,16.504,58.752,129.688,694,0.991316544,1876902545,LC4,LC4,dend[1303],0.724327423,blue
57.384,127.08,19.192,57.264,126.952,971,0.975793151,1876902545,LC4,LC4,dend[1418],0.531080349,blue
67.248,135.504,24.584,67.376,135.592,816,0.985103214,1876902545,LC4,LC4,dend[1490],0.804093384,blue
67.536,120.88,40.568,67.448,120.8,214,0.616248647,1876902545,LC4,LC4,dend[479],0.58687766,blue
73.408,139.344,17.632,73.184,139.328,684,0,1876902545,LC4,LC4,dend[1632],0.76731956,blue
67.08,136.952,19.84,67.056,137.072,838,0.076336689,1876902545,LC4,LC4,dend[1348],1,blue
67.552,135.04,25.032,67.632,135.056,816,0.985103214,1876902545,LC4,LC4,dend[1490],0.470817849,blue
60.848,132.008,12.44,61.048,131.896,700,0.981754784,1876902545,LC4,LC4,dend[1360],1,blue
74.944,124.424,42.384,75.16,124.296,101,0,1876902545,LC4,LC4,dend[589],0.956065829,blue
62.056,133.648,14.784,62.064,133.544,701,0,1876902545,LC4,LC4,dend[1308],0.636702031,blue
61.904,123.968,15.352,61.872,123.888,932,0.999565984,1876902545,LC4,LC4,dend[1290],0.2007797,blue
62.728,122.768,15.52,62.864,122.856,3816,0,1876902545,LC4,LC4,dend[1290],0.606267061,blue
66.016,121.136,36.024,66.016,121.088,1,0.977630229,1876898200,LC4(lVLPT8)_R,LC4,dend[513],0.563796897,blue
60.688,124.784,16.408,60.568,124.688,928,0.999756539,1876898200,LC4(lVLPT8)_R,LC4,dend[1293],0.05120378,blue
63.104,125.448,27.864,63.032,125.632,877,0.980892557,1876898200,LC4(lVLPT8)_R,LC4,dend[1724],1,blue
64.032,123.496,31.824,63.888,123.376,305,0,1876898200,LC4(lVLPT8)_R,LC4,dend[419],0.300563464,blue
57.048,118.192,26.04,56.92,118.16,843,0.969568138,1876898200,LC4(lVLPT8)_R,LC4,dend[1746],0.327907339,blue
57.208,122.48,21.424,57.152,122.576,1127,0,1876898200,LC4(lVLPT8)_R,LC4,dend[1264],0.56717,blue
58.04,125.512,18.2,58.176,125.52,691,0.416248136,1876898200,LC4(lVLPT8)_R,LC4,dend[1300],0.635557071,blue
73.24,121.032,20.744,73.152,120.944,652,0.157243941,1876898200,LC4(lVLPT8)_R,LC4,dend[1662],0.800684636,blue
58.032,123.984,19.68,58.072,123.92,3406,1,1876898200,LC4(lVLPT8)_R,LC4,dend[1298],0.729016717,blue
56.784,123.544,14.376,56.832,123.44,911,0.084509679,1876898200,LC4(lVLPT8)_R,LC4,dend[1156],0.92586165,blue
57.504,121.944,21.232,57.392,121.8,1121,0.959239858,1876898200,LC4(lVLPT8)_R,LC4,dend[1233],0.772247077,blue
56.32,124.952,15.176,56.176,125.04,920,0,1876898200,LC4(lVLPT8)_R,LC4,dend[1153],0.212743035,blue
56.36,123.792,15.296,56.176,123.808,910,0.999939173,1876898200,LC4(lVLPT8)_R,LC4,dend[1143],0.30227895,blue
70.72,133.68,14.168,70.752,133.608,660,0.997646609,1876898200,LC4(lVLPT8)_R,LC4,dend[1562],0.504009925,blue
70.248,118.736,40.12,70.32,118.56,239,0,1876898200,LC4(lVLPT8)_R,LC4,dend[456],0.607372659,blue
58.12,123.248,20.464,58.264,123.048,3283,0,1876898200,LC4(lVLPT8)_R,LC4,dend[1453],0.974647696,blue
63.32,125.568,27.872,63.08,125.648,877,0.980892557,1876898200,LC4(lVLPT8)_R,LC4,dend[1724],1,blue
63.032,125.584,27.992,62.896,125.688,877,0.980892557,1876898200,LC4(lVLPT8)_R,LC4,dend[1724],0.904299549,blue
59.296,124.992,16.512,59.2,124.776,1698,0.985826536,1876898200,LC4(lVLPT8)_R,LC4,dend[1293],0.880537755,blue
68.656,120.4,39.512,68.576,120.448,236,0,1876898200,LC4(lVLPT8)_R,LC4,dend[454],0.63629679,blue
73.104,121.32,20.712,72.984,121.352,652,0.157243941,1876898200,LC4(lVLPT8)_R,LC4,dend[1662],0.522481381,blue
63.4,117.272,35.944,63.304,117.136,204,0,1876894387,LC4,LC4,dend[426],0.940053669,blue
72.264,125.256,39.92,72.208,125.336,97,0.978957426,1876894387,LC4,LC4,dend[645],0.336707623,blue
64.544,128.904,6.2,64.56,128.856,761,0.978532908,1876894387,LC4,LC4,dend[1368],0.136036536,blue
60.76,117.112,33.96,60.72,117.104,201,0.999337958,1876894387,LC4,LC4,dend[400],0.715153514,blue
57.608,123.736,19.6,57.648,123.936,3406,1,1876894387,LC4,LC4,dend[1299],0.907296116,blue
72.632,125.496,40.048,72.496,125.568,97,0.978957426,1876894387,LC4,LC4,dend[645],0.631701052,blue
55.608,123.504,22.304,55.424,123.288,3434,0,1876894387,LC4,LC4,dend[1239],1,blue
63.032,129.032,26.864,62.944,129.056,874,0.943094006,1876894387,LC4,LC4,dend[1720],0.293045188,blue
66.264,134.376,17.112,66.424,134.368,829,0.111818959,1876894387,LC4,LC4,dend[1352],0.316514215,blue
62.984,128.624,26.736,62.96,128.512,873,0.963215641,1876894387,LC4,LC4,dend[1719],0.941407023,blue
66.44,134.336,18.84,66.512,134.456,830,0,1876471221,LC4,LC4,dend[1351],1,blue
71.344,126.456,2.552,71.192,126.424,770,0,1876471221,LC4,LC4,dend[1378],0.313967766,blue
63.088,123.888,22.128,63.104,124.032,1093,0.265406958,1876471221,LC4,LC4,dend[1678],0.495578303,blue
63.672,123.488,21.992,63.64,123.608,1089,0.952106093,1876471221,LC4,LC4,dend[1672],0.766729851,blue
68.136,121.264,42.112,68.184,121.144,233,0,1876471221,LC4,LC4,dend[507],0.875740052,blue
73.248,126.544,40.448,73.12,126.432,99,0,1874035952,LC4,LC4,dend[646],0.182936905,blue
64.312,130.288,20.032,64.168,130.264,797,0.999980387,1874035952,LC4,LC4,dend[1462],0.79971021,blue
67.928,120.696,42.048,68,120.984,233,0,1874035952,LC4,LC4,dend[507],0.751268742,blue
71.064,125.688,34.552,70.976,125.6,168,0.073799006,1874035952,LC4,LC4,dend[711],0.529173158,blue
65.272,130.28,12.312,65.304,130.12,3818,0,1874035952,LC4,LC4,dend[1395],0.784420089,blue
61.232,120.224,35.12,61.224,120.264,280,0.988421938,1874035952,LC4,LC4,dend[406],1,blue
57.576,119.376,21.96,57.648,119.232,3379,1,1874035952,LC4,LC4,dend[1688],0.419574941,blue
65.6,129.224,20.192,65.512,129.048,797,0.999980387,1874035952,LC4,LC4,dend[1462],0.549709207,blue
73.976,132.024,32.968,74.168,131.912,180,0.983560337,1874035952,LC4,LC4,dend[720],0.89806109,blue
70.36,125.16,32.888,70.592,125.328,167,0.979571053,1874035952,LC4,LC4,dend[735],0.595205038,blue
66.016,129.144,20.448,65.992,128.984,797,0.999980387,1874035952,LC4,LC4,dend[1462],0.622731481,blue
73.872,125.056,39.4,73.96,125.136,14,0,1874035952,LC4,LC4,dend[521],0.844303308,blue
66.8,129.672,4.816,66.984,129.6,764,0.99830094,1874035952,LC4,LC4,dend[1383],0.600343086,blue
52.664,101.04,42.832,52.648,100.912,3305,1,1845117373,LPLC1_R,LPLC1,dend[280],1,red
55.304,101.2,44.32,55.456,101.232,1413,0.895581592,1845117373,LPLC1_R,LPLC1,dend[3611],0.012881583,red
60,99.68,24.488,59.832,99.808,2962,0.998981384,1845117373,LPLC1_R,LPLC1,dend[3182],0.79343141,red
53.32,108.304,29.912,53.504,108.288,3057,0.978626504,1845117373,LPLC1_R,LPLC1,dend[879],0.836888815,red
57.56,110.888,23.288,57.784,111.032,1167,0,1845117373,LPLC1_R,LPLC1,dend[987],0.824592542,red
57.488,111.072,23.232,57.592,111.176,1157,0.984666636,1845117373,LPLC1_R,LPLC1,dend[976],0.361509469,red
60.368,99.712,32.112,60.312,99.96,2877,0.99932825,1845117373,LPLC1_R,LPLC1,dend[3541],0.914061393,red
58.4,112.976,15.256,58.288,112.944,949,0.983822265,1845117373,LPLC1_R,LPLC1,dend[1023],0.877588622,red
56.136,103.088,30.664,56.032,102.976,3697,0,1845117373,LPLC1_R,LPLC1,dend[3552],1,red
59.952,98.856,26.2,59.768,98.92,3848,0.969112223,1845117373,LPLC1_R,LPLC1,dend[3331],1,red
58.336,100.184,32.912,58.336,100.048,3843,0,1845117373,LPLC1_R,LPLC1,dend[3537],0.643617368,red
56.592,96.512,23.848,56.592,96.664,3147,0.977999749,1845117373,LPLC1_R,LPLC1,dend[3332],0.223584606,red
56.248,102.44,30.488,56.248,102.376,3842,0,1845117373,LPLC1_R,LPLC1,dend[3552],1,red
53.8,101.208,40.032,53.744,101.056,3306,1,1845117373,LPLC1_R,LPLC1,dend[282],0.910422597,red
58.984,108.976,13.856,58.928,108.992,626,0,1845117373,LPLC1_R,LPLC1,dend[1110],0.971879217,red
57.512,113.832,15.12,57.424,113.728,949,0.983822265,1845117373,LPLC1_R,LPLC1,dend[1024],0.88609604,red
57.248,111.28,23.336,57.184,111.248,1156,0.979335767,1845117373,LPLC1_R,LPLC1,dend[988],0.294002953,red
58.792,109.12,13.872,58.84,108.976,626,0,1845117373,LPLC1_R,LPLC1,dend[1111],0.216162219,red
58.88,110.496,15.04,58.88,110.456,392,0.983382618,1845117373,LPLC1_R,LPLC1,dend[1126],0.632687419,red
58.528,112.496,15.144,58.6,112.592,948,0.982124447,1845117373,LPLC1_R,LPLC1,dend[1023],0.686356934,red
60.64,99.832,32.264,60.6,99.96,2877,0.99932825,1845117373,LPLC1_R,LPLC1,dend[3541],1,red
58.56,113.112,14.864,58.68,113.088,951,0,1845117373,LPLC1_R,LPLC1,dend[1047],0.314203577,red
55.152,95.512,24.856,55.032,95.6,3136,0,1845117373,LPLC1_R,LPLC1,dend[3341],0.596259757,red
55.32,95.52,24.752,55.288,95.432,3136,0.201322404,1845117373,LPLC1_R,LPLC1,dend[3341],0.813476744,red
55.448,95.872,25.192,55.336,95.784,3136,0,1845117373,LPLC1_R,LPLC1,dend[3341],1,red
55.832,101.032,44.376,55.84,101.152,1416,0.589619012,1845117373,LPLC1_R,LPLC1,dend[3614],1,red
53.712,108.104,30.264,53.68,108.24,381,0,1845117373,LPLC1_R,LPLC1,dend[879],0.719518572,red
58.792,105.48,9.04,58.664,105.584,3814,0.183892961,1845117373,LPLC1_R,LPLC1,dend[1064],0.783582285,red
61.376,124.984,15.392,61.36,125.008,3427,1,1845078711,LC4,LC4,dend[1287],0.738160347,blue
62.368,122.64,36.288,62.168,122.64,293,0.561564657,1845078711,LC4,LC4,dend[438],0.276380603,blue
63.712,131.016,20.64,63.704,130.848,802,0.896883089,1845078711,LC4,LC4,dend[1474],1,blue
71.224,125.696,2.512,71,125.704,770,0,1845078711,LC4,LC4,dend[1378],0.880107639,blue
60.84,130.56,14.896,60.968,130.64,697,0.998094809,1845078711,LC4,LC4,dend[1412],0.442344449,blue
63.08,130.432,9.008,63.08,130.28,777,0.999712874,1845078711,LC4,LC4,dend[1390],0.588393408,blue
61.76,130.464,10.032,61.72,130.432,757,0,1845078711,LC4,LC4,dend[1392],1,blue
67.544,134.816,25.12,67.648,134.664,816,0.985103214,1845078711,LC4,LC4,dend[1478],0.608936531,blue
61.84,131.192,10.952,61.8,131.264,754,0,1845078711,LC4,LC4,dend[1363],0.197494955,blue
72.92,139.56,17.6,72.984,139.448,684,0,1845078711,LC4,LC4,dend[1632],0.740110022,blue
58.576,123.552,27.84,58.488,123.464,867,0.999548774,1845078711,LC4,LC4,dend[1713],0.591541346,blue
62.48,122.864,36.552,62.296,122.952,293,0.999498919,1845078711,LC4,LC4,dend[438],0.214675503,blue
58.448,123.304,26.976,58.336,123.144,867,0.999548774,1845078711,LC4,LC4,dend[1738],0.648338763,blue
57.656,112.352,23.424,57.592,112.376,1156,0.979335767,1843744231,LPLC1_R,LPLC1,dend[975],0.415918656,red
51.272,97.84,31.136,51.272,97.92,2103,0.970969744,1843744231,LPLC1_R,LPLC1,dend[3072],1,red
56.552,101.864,37.616,56.576,101.752,3240,0.987715739,1843744231,LPLC1_R,LPLC1,dend[2306],0.630030554,red
54.608,95.376,25.616,54.616,95.376,3220,0,1843744231,LPLC1_R,LPLC1,dend[3337],1,red
58.848,95.472,42.064,58.952,95.456,2170,0,1843744231,LPLC1_R,LPLC1,dend[3674],0.719120084,red
58.272,111.168,22.872,58.32,111.072,1168,0.458606266,1843744231,LPLC1_R,LPLC1,dend[989],0.681202197,red
56.656,98.36,25.416,56.544,98.368,3847,0.475736041,1843744231,LPLC1_R,LPLC1,dend[3333],0.594643938,red
53.44,106,32.32,53.576,106.072,3114,0.992909419,1843744231,LPLC1_R,LPLC1,dend[834],0.448432809,red
52.984,93.608,48.232,52.952,93.664,198,0.999630607,1843744231,LPLC1_R,LPLC1,dend[159],0.887408344,red
54.152,99.184,36.416,54.12,99.12,3237,0,1843744231,LPLC1_R,LPLC1,dend[2303],0.271073005,red
65.488,107.072,19.376,65.552,107.168,1031,0.901311037,1843744231,LPLC1_R,LPLC1,dend[1175],1,red
53.328,94.184,47.776,53.424,94.008,198,0.999630607,1843744231,LPLC1_R,LPLC1,dend[160],0.851441395,red
52.912,94,47.552,52.704,93.92,198,0.999630607,1843744231,LPLC1_R,LPLC1,dend[159],0.785140439,red
56.488,94.96,27.88,56.504,95.232,3219,0.872768182,1843744231,LPLC1_R,LPLC1,dend[3116],1,red
57.272,92.384,36.848,57.344,92.416,2909,0.91657217,1843744231,LPLC1_R,LPLC1,dend[2545],1,red
53.168,108.128,32.456,52.872,108.16,3370,1,1843744231,LPLC1_R,LPLC1,dend[1766],0.862562634,red
55.864,92.24,34.976,55.8,92.328,2928,0.995579618,1843744231,LPLC1_R,LPLC1,dend[2521],1,red
54.824,97.472,46.616,54.744,97.624,581,0.066194281,1843744231,LPLC1_R,LPLC1,dend[3738],0.37539911,red
53.864,107.848,33.456,54.008,107.848,3309,1,1843744231,LPLC1_R,LPLC1,dend[825],0.81817379,red
53.704,108.208,33.648,53.72,108.32,3370,1,1843744231,LPLC1_R,LPLC1,dend[825],0.561362975,red
57.272,99.552,26.032,57.336,99.424,3847,0.437109087,1843744231,LPLC1_R,LPLC1,dend[3333],1,red
55.4,92.008,34.456,55.4,92.144,2928,0.995579618,1843744231,LPLC1_R,LPLC1,dend[2521],0.796529693,red
68.136,104.256,6.824,68.12,104.408,603,0,1843744231,LPLC1_R,LPLC1,dend[1083],0.93440376,red
64.736,106.504,19.12,64.672,106.592,1016,0.997719259,1843744231,LPLC1_R,LPLC1,dend[1173],1,red
57.304,94.568,43.176,57.224,94.608,2165,0.987998163,1843744231,LPLC1_R,LPLC1,dend[3668],0.21133862,red
57.936,102.424,25.84,57.936,102.264,2995,0,1843744231,LPLC1_R,LPLC1,dend[3141],0.315287407,red
57.528,101.896,37.472,57.608,101.912,3243,0,1843744231,LPLC1_R,LPLC1,dend[2310],1,red
76.832,123.824,43.304,76.984,123.84,3324,0,1840636280,LC4,LC4,dend[557],0.931675772,blue
77.728,123.336,42.736,77.784,123.44,41,0.771289438,1840636280,LC4,LC4,dend[559],0.665102997,blue
77.48,123.064,43.048,77.504,123.12,41,0.388669472,1840636280,LC4,LC4,dend[561],1,blue
70.12,125.08,24.832,69.88,125.12,863,0.999156771,1840636280,LC4,LC4,dend[1536],1,blue
70.848,127.624,24.368,70.664,127.616,856,0,1840636280,LC4,LC4,dend[1530],1,blue
73.56,125.36,48.608,73.56,125.352,3790,0,1840636280,LC4,LC4,dend[603],0.9371746,blue
60.12,116.792,26.584,60.096,116.712,896,0.998482852,1840636280,LC4,LC4,dend[1701],0.678429114,blue
63.664,118.64,24.408,63.632,118.624,461,0.991641054,1840636280,LC4,LC4,dend[1685],1,blue
63.808,118.904,24.344,63.792,118.776,461,0.991641054,1840636280,LC4,LC4,dend[1685],1,blue
57.936,117.408,38.728,57.704,117.344,400,0.831400536,1840636280,LC4,LC4,dend[789],1,blue
76.056,127.072,37.632,76.216,126.928,130,0,1839288696,LC4,LC4,dend[642],1,blue
68.608,131.408,10.376,68.288,131.544,1107,0,1839288696,LC4,LC4,dend[1398],0.569871489,blue
69.224,126.904,22.384,69.096,126.744,849,0.973740523,1839288696,LC4,LC4,dend[1521],0.557410752,blue
73.184,119.592,40.728,73.008,119.52,254,0.297133754,1839288696,LC4,LC4,dend[460],0.951039313,blue
69.152,127.048,19.12,69.376,127.024,3389,0,1839288696,LC4,LC4,dend[1655],0.431260623,blue
76.6,126.12,37.272,76.608,126.36,129,0.993567694,1839288696,LC4,LC4,dend[641],0.142665193,blue
72.696,119.248,40.616,72.648,119.336,252,0.996879272,1839288696,LC4,LC4,dend[460],0.690428615,blue
68.704,130.44,11.624,68.672,130.336,3819,0.967342272,1839288696,LC4,LC4,dend[1396],0.75448676,blue
68.672,130.624,11.376,68.84,130.6,3819,0.967342272,1839288696,LC4,LC4,dend[1396],0.849452827,blue
74.088,124.256,45.64,74.36,124.232,76,0.999649984,1839288696,LC4,LC4,dend[605],0.606752354,blue
73.744,119.56,41.832,73.688,119.624,265,0,1839288696,LC4,LC4,dend[474],0.846218764,blue
74.176,119.864,42.336,74.08,119.896,265,0,1839288696,LC4,LC4,dend[474],1,blue
67.272,129.976,4.592,67.432,129.848,764,0.99830094,1839288696,LC4,LC4,dend[1371],0.601159625,blue
69.12,127.376,21.856,68.848,127.288,1230,0,1839288696,LC4,LC4,dend[1538],1,blue
69.072,128.384,17.256,69.216,128.248,654,0,1839288696,LC4,LC4,dend[1542],0.888126458,blue
79.152,125.368,40.672,79,125.368,16,0.880673282,1839288696,LC4,LC4,dend[524],0.161307092,blue
81.008,127.432,39.376,80.872,127.344,113,0,1838257401,LC4,LC4,dend[635],0.708665985,blue
82.128,130.496,38.496,82.216,130.464,3330,0,1838257401,LC4,LC4,dend[620],0.160687418,blue
57.632,115.04,25.408,57.592,115.2,3376,1,1838257401,LC4,LC4,dend[1699],0.370476717,blue
83.256,130.464,38.928,83.088,130.352,114,0,1838257401,LC4,LC4,dend[619],1,blue
60.368,115.272,24.664,60.424,115.368,895,0.985182443,1838257401,LC4,LC4,dend[1700],0.88422848,blue
60.528,115.56,24.216,60.776,115.384,383,0.999465517,1838257401,LC4,LC4,dend[1700],1,blue
83.128,131.672,38.8,82.944,131.6,115,0.993664026,1838257401,LC4,LC4,dend[620],0.828513099,blue
73.152,132.728,17.2,73.128,132.808,670,0,1838257401,LC4,LC4,dend[1558],0.302491939,blue
68.536,129.12,2.944,68.744,129.128,767,0.979232045,1838257401,LC4,LC4,dend[1374],0.159265017,blue
82.168,124.112,41.936,82.28,124.184,18,0.991055168,1838257401,LC4,LC4,dend[526],0.250254234,blue
62.296,118.24,21.376,62.368,118.368,893,0.988852641,1838257401,LC4,LC4,dend[1685],1,blue
58.192,116.32,25.8,58.2,116.496,894,0.967121456,1838257401,LC4,LC4,dend[1699],0.782472054,blue
57.136,115.168,27.92,57.216,115.232,3374,1,1838257401,LC4,LC4,dend[1762],0.857229149,blue
72.096,132.24,16.64,71.92,132.256,658,0.96953176,1838257401,LC4,LC4,dend[1548],0.625207926,blue
57.2,115.472,27.912,57.264,115.264,3374,1,1838257401,LC4,LC4,dend[1762],0.875058222,blue
58.496,115.616,24.408,58.48,115.528,3377,1,1838257401,LC4,LC4,dend[1699],0.526698962,blue
58.704,115.536,24.712,58.648,115.496,3377,1,1838257401,LC4,LC4,dend[1699],0.641261195,blue
72.96,135.24,19.408,72.84,135.32,667,0.410280518,1815070402,LC4,LC4,dend[1555],0.377176819,blue
72.808,134.648,19.432,72.888,134.624,668,0.075396663,1815070402,LC4,LC4,dend[1554],0.853272676,blue
63.712,130.824,20.152,63.728,130.736,802,0.896883089,1815070402,LC4,LC4,dend[1474],1,blue
73.304,134.336,19.824,73.256,134.52,668,0.075396663,1815070402,LC4,LC4,dend[1554],1,blue
70.432,118.496,40.112,70.336,118.536,239,0,1815070402,LC4,LC4,dend[456],0.621287279,blue
73.592,117.264,45.424,73.528,117.44,272,0.437902384,1815070402,LC4,LC4,dend[473],1,blue
63.96,131.184,20.352,63.72,131.08,802,0.896883089,1815070402,LC4,LC4,dend[1474],1,blue
61.176,129.248,9.784,61.32,129.232,758,0.999620179,1815070402,LC4,LC4,dend[1391],0.498596069,blue
59.744,116.224,36.016,59.648,116.048,309,0.973145428,1815070402,LC4,LC4,dend[752],1,blue
58.608,125.928,19.232,58.408,125.88,691,0.416248136,1815070402,LC4,LC4,dend[1300],0.595726405,blue
60.976,128.584,9.992,60.968,128.48,758,0.999620179,1815070402,LC4,LC4,dend[1391],0.824828375,blue
30.008,105.752,41.216,30.136,105.776,3835,0,1814733827,LC22,LC22,dend[2158],0.76602457,yellow
29.024,106.552,41.656,29.128,106.672,2223,0.966446294,1814733827,LC22,LC22,dend[2159],0.59686533,yellow
27.272,101.832,36.08,27.264,101.904,2665,0.97006293,1814733827,LC22,LC22,dend[2802],0.652233651,yellow
25.36,106.504,52.856,25.408,106.408,1804,0,1814733827,LC22,LC22,dend[1870],0.484070908,yellow
43.32,103.68,24.12,43.224,103.544,2541,0.294451645,1814733827,LC22,LC22,dend[3466],0.949621775,yellow
24.952,106.248,53.24,25.272,106.184,1804,0,1814733827,LC22,LC22,dend[1870],0.848584869,yellow
28.328,105.216,44.36,28.376,105.304,1852,0,1814733827,LC22,LC22,dend[2104],0.423572822,yellow
28.496,105.008,43.536,28.728,105.024,1845,0.99528311,1814733827,LC22,LC22,dend[2100],0.779695439,yellow
30.68,105.52,40.464,30.832,105.536,2222,0,1814733827,LC22,LC22,dend[2158],0.459935231,yellow
44.416,104.544,23.784,44.384,104.384,2543,0.998530205,1814733827,LC22,LC22,dend[3468],0.63174585,yellow
44.488,103.624,23.272,44.6,103.624,2542,0,1814733827,LC22,LC22,dend[3490],0.307400683,yellow
28.584,106.56,42.24,28.616,106.744,2224,0.973525657,1814733827,LC22,LC22,dend[2160],1,yellow
46.936,111.768,30.712,47.136,111.904,3470,1,1813732543,LPLC4_R,LPLC4,dend[934],1,green
46.808,112.432,30.376,47.024,112.416,1247,0.999899684,1813732543,LPLC4_R,LPLC4,dend[931],0.896332717,green
47.408,96.072,51.168,47.576,96.12,548,0.979400135,1813732543,LPLC4_R,LPLC4,dend[80],0.766403146,green
44.944,93.424,24.536,44.984,93.4,2266,0.942445101,1813732543,LPLC4_R,LPLC4,dend[3361],0.442210925,green
46.56,95.896,33.888,46.72,95.864,3571,0,1813732543,LPLC4_R,LPLC4,dend[2582],0.586073927,green
46.832,112.12,30.552,46.832,112.288,1251,0.82818595,1813732543,LPLC4_R,LPLC4,dend[935],0.261688352,green
46.96,94.312,36.76,47.152,94.28,1937,0,1813732543,LPLC4_R,LPLC4,dend[2287],0.606124076,green
45.736,94.152,24.552,45.72,94.136,2266,0.942445101,1813732543,LPLC4_R,LPLC4,dend[3360],0.98401884,green
45.824,108.96,31.912,45.704,108.984,1243,0.969651177,1813732543,LPLC4_R,LPLC4,dend[913],1,green
46.256,92.752,48.072,46.056,92.792,533,0.565880208,1813732543,LPLC4_R,LPLC4,dend[216],0.978695499,green
47.104,92.696,39.504,47.16,92.8,2057,0.990616248,1813732543,LPLC4_R,LPLC4,dend[263],0.062323719,green
46.064,92.464,48.064,46.032,92.44,536,0,1813732543,LPLC4_R,LPLC4,dend[220],0.745566809,green
46.808,96.112,51.864,46.904,96.224,552,0,1813732543,LPLC4_R,LPLC4,dend[85],0.606970859,green
47.28,111.28,29.936,47.424,111.32,1249,0.991810127,1813732543,LPLC4_R,LPLC4,dend[933],0.685481369,green
46.864,92.88,48.736,46.8,93.048,198,0.999630607,1813732543,LPLC4_R,LPLC4,dend[214],0.763052288,green
46.632,106.68,41.096,46.656,106.608,2462,0.999988258,1813732543,LPLC4_R,LPLC4,dend[2245],1,green
45.656,111.144,31.664,45.4,111.16,1252,0.977770217,1813732543,LPLC4_R,LPLC4,dend[936],1,green
44.792,90.504,24.392,44.688,90.432,2296,0,1813732543,LPLC4_R,LPLC4,dend[3413],0.771330895,green
46.608,93.56,36.536,46.656,93.376,1927,0.999746456,1813732543,LPLC4_R,LPLC4,dend[2274],0.100088329,green
44.928,94.368,24.528,44.976,94.32,2265,0.953112202,1813732543,LPLC4_R,LPLC4,dend[3360],0.930590977,green
44.832,96.648,24.432,44.776,96.68,2500,0,1813732543,LPLC4_R,LPLC4,dend[3424],0.663189114,green
43.416,96.064,24.008,43.36,96.176,2502,0.98948435,1813732543,LPLC4_R,LPLC4,dend[3426],0.915800133,green
54.936,103.936,24.464,54.952,103.816,2992,0.997191165,1813399871,LPLC1_R,LPLC1,dend[3148],0.405328436,red
61.704,105.472,18.392,61.872,105.672,1018,0.984743339,1813399871,LPLC1_R,LPLC1,dend[1177],0.605138991,red
63.784,104.712,18.096,63.576,104.696,1019,0,1813399871,LPLC1_R,LPLC1,dend[1178],0.833915258,red
51.96,95.536,40.752,51.968,95.672,3304,1,1813399871,LPLC1_R,LPLC1,dend[289],0.219441138,red
52.856,104.784,34.016,52.688,104.64,3307,1,1813399871,LPLC1_R,LPLC1,dend[368],0.388138645,red
63.296,104.936,18.392,63.544,104.784,1019,0,1813399871,LPLC1_R,LPLC1,dend[1178],0.519134836,red
51.96,104.848,34.12,51.968,104.792,3307,1,1813399871,LPLC1_R,LPLC1,dend[368],0.143753973,red
58.824,94.136,32.92,59.008,94.08,1329,0.328914681,1813399871,LPLC1_R,LPLC1,dend[2395],0.474076214,red
58.656,92.64,34.248,58.808,92.672,1326,0,1813399871,LPLC1_R,LPLC1,dend[2392],0.992720507,red
59.312,94.392,33.048,59.408,94.28,1329,0.328914681,1813399871,LPLC1_R,LPLC1,dend[2395],0.963906283,red
52.664,94.896,44.216,52.584,94.816,3301,1,1813399871,LPLC1_R,LPLC1,dend[3656],0.92649994,red
58.912,92.68,35.28,58.696,92.408,1318,0.098855737,1813399871,LPLC1_R,LPLC1,dend[2396],0.93219063,red
53.344,93.928,44.248,53.344,93.96,2215,0.252844218,1813399871,LPLC1_R,LPLC1,dend[3678],0.88652964,red
57.352,94.528,32.544,57.264,94.632,2920,0.978169089,1813399871,LPLC1_R,LPLC1,dend[2555],0.470294704,red
58.528,92.288,35.264,58.592,92.272,1318,0.098855737,1813399871,LPLC1_R,LPLC1,dend[2396],0.863349718,red
53.488,106.496,33.872,53.68,106.584,3309,1,1813399871,LPLC1_R,LPLC1,dend[828],0.888583242,red
59.12,106.24,9.096,58.936,106.232,3814,0.183892961,1813399871,LPLC1_R,LPLC1,dend[1064],0.526112281,red
53.744,92.592,44.64,53.64,92.592,2211,0.979837329,1813399871,LPLC1_R,LPLC1,dend[3724],0.803494012,red
53.472,94.608,44.232,53.536,94.536,3301,1,1813399871,LPLC1_R,LPLC1,dend[3678],1,red
58.88,91.776,35.376,58.656,91.648,1318,0,1813399871,LPLC1_R,LPLC1,dend[2396],0.573663599,red
53.832,93.048,44.232,53.824,92.968,2211,0.433263763,1813399871,LPLC1_R,LPLC1,dend[3723],0.891697162,red
53.664,94.056,44.208,53.632,94.056,2213,0,1813399871,LPLC1_R,LPLC1,dend[3678],0.785057431,red
47.032,99.232,48.624,46.92,99.312,1590,0,1813391435,LPLC4_R,LPLC4,dend[198],0.531369725,green
46.016,105.592,39.512,45.888,105.656,2453,0,1813391435,LPLC4_R,LPLC4,dend[1840],1,green
44.432,94.336,23.408,44.52,94.2,2288,0,1813391435,LPLC4_R,LPLC4,dend[3415],0.380287928,green
54.24,82.872,21.024,54.248,82.936,1644,0.973219289,1813391435,LPLC4_R,LPLC4,dend[2438],0.446119157,green
53.688,83.512,21.184,53.704,83.448,1647,0.116095642,1813391435,LPLC4_R,LPLC4,dend[2441],0.664617933,green
47.064,100.936,46.952,47.104,100.816,2444,0,1813391435,LPLC4_R,LPLC4,dend[3632],1,green
54.656,82.224,21.08,54.712,82.24,1644,0.973219289,1813391435,LPLC4_R,LPLC4,dend[2438],0.821575299,green
43.216,96.328,24.064,43.28,96.264,2502,0.98948435,1813391435,LPLC4_R,LPLC4,dend[3426],0.948340775,green
48.752,95.712,36.352,48.568,95.68,3705,0,1813391435,LPLC4_R,LPLC4,dend[2295],0.161328912,green
48.384,96.248,36.408,48.248,96.24,3202,0.2517929,1813391435,LPLC4_R,LPLC4,dend[2294],1,green
47.008,97.672,52.24,47.008,97.536,551,0.981760089,1813391435,LPLC4_R,LPLC4,dend[82],0.516092725,green
54.768,81.848,21.024,54.776,82,1644,0.973219289,1813391435,LPLC4_R,LPLC4,dend[2438],0.927447505,green
46.528,91.608,49.64,46.68,91.584,541,0.158579473,1813391435,LPLC4_R,LPLC4,dend[206],0.573393428,green
46.296,91.432,49.832,46.312,91.28,2086,0.364472692,1813391435,LPLC4_R,LPLC4,dend[212],1,green
46.568,93.12,48.56,46.456,92.976,533,0.565880208,1813391435,LPLC4_R,LPLC4,dend[216],0.384041855,green
46.632,95.856,33.76,46.72,95.84,3571,0,1813391435,LPLC4_R,LPLC4,dend[2582],0.590015963,green
46.856,96.376,33.896,46.696,96.496,3571,0,1813391435,LPLC4_R,LPLC4,dend[3058],0.450664074,green
45.952,92.84,48.568,46.176,92.864,533,0.565880208,1813391435,LPLC4_R,LPLC4,dend[217],0.416759831,green
46.824,97.048,32.536,46.832,97.104,3572,1,1813391435,LPLC4_R,LPLC4,dend[2566],0.258233165,green
45.536,93.616,48.992,45.56,93.4,535,0.98719056,1813391435,LPLC4_R,LPLC4,dend[218],0.077074912,green
45.752,106.224,40.736,45.704,106.288,2462,0.999988258,1813391435,LPLC4_R,LPLC4,dend[2245],0.726031388,green
44.24,93.92,23.072,44.24,94.032,2288,0,1813391435,LPLC4_R,LPLC4,dend[3415],0.627351993,green
59.072,99.68,23.152,58.904,99.552,2963,0,1813054194,LPLC1,LPLC1,dend[3192],0.430506961,red
56.552,114.2,15.128,56.688,114.208,950,0.985035824,1813054194,LPLC1,LPLC1,dend[1025],0.806774985,red
59.28,104.512,4.464,59.36,104.424,617,0.999142902,1813054194,LPLC1,LPLC1,dend[1094],0.504982942,red
56.4,114.168,14.72,56.544,114.176,950,0.985035824,1813054194,LPLC1,LPLC1,dend[1025],1,red
55.84,114.064,17.592,55.968,114.096,1205,0,1813054194,LPLC1,LPLC1,dend[1010],1,red
58.416,103.984,4.712,58.296,103.96,619,0,1813054194,LPLC1,LPLC1,dend[1096],0.823065506,red
59.048,100.056,24.352,59.008,99.936,2965,0.183421522,1813054194,LPLC1,LPLC1,dend[3191],1,red
55.512,98.056,46.192,55.352,97.984,585,0,1813054194,LPLC1,LPLC1,dend[3756],1,red
56.192,94.48,48.12,56.104,94.536,2042,0.904411266,1813054194,LPLC1,LPLC1,dend[172],1,red
56.216,95.76,43.432,56.24,95.584,2179,0,1813054194,LPLC1,LPLC1,dend[3665],1,red
56.256,94.544,34.4,56.352,94.472,2921,0,1813054194,LPLC1,LPLC1,dend[2559],0.351349856,red
59.288,99.584,23.832,59.168,99.624,2962,0.998981384,1813054194,LPLC1,LPLC1,dend[3182],0.177209328,red
55.08,101.144,37.472,55.176,101.104,3245,0.979922893,1813054194,LPLC1,LPLC1,dend[2312],0.776888503,red
54.688,105.808,35.72,54.888,105.896,3184,0,1813054194,LPLC1,LPLC1,dend[1794],0.262019093,red
63.768,106.224,3.248,63.696,106.04,612,0.989988795,1813054194,LPLC1,LPLC1,dend[1104],0.609796074,red
58.056,98.008,25.368,58.136,97.976,3848,0.309440741,1813054194,LPLC1,LPLC1,dend[3331],0.58721098,red
55.008,93.952,35.016,54.984,93.864,2890,0.995756481,1813054194,LPLC1,LPLC1,dend[2523],0.919941043,red
55.416,94.008,35.168,55.472,94.008,2892,0.998683906,1813054194,LPLC1,LPLC1,dend[2525],0.077134804,red
55.544,109.328,31.136,55.432,109.24,3371,1,1813054194,LPLC1,LPLC1,dend[848],0.940444978,red
57.176,108.536,27.776,57.296,108.504,3072,0.949638474,1813054194,LPLC1,LPLC1,dend[856],0.982256708,red
56.928,108.904,29.024,56.968,108.8,3072,0.949638474,1813054194,LPLC1,LPLC1,dend[856],0.199599443,red
57.16,108.248,27.608,57.344,108.336,3080,0,1813054194,LPLC1,LPLC1,dend[858],0.151533626,red
56.416,108.584,26.032,56.488,108.784,2351,0.999459418,1813054194,LPLC1,LPLC1,dend[958],0.859671595,red
54.192,102.64,37.896,54.192,102.72,3099,0.997064489,1813054194,LPLC1,LPLC1,dend[351],0.753461551,red
56.664,94.992,34.248,56.984,95,2916,0.975155298,1813054194,LPLC1,LPLC1,dend[2551],0.437654877,red
55.92,103.192,30.664,55.896,103.168,3697,0,1813054194,LPLC1,LPLC1,dend[3551],0.602973335,red
59.232,98.984,22.84,59.128,98.912,2959,0.99765399,1813054194,LPLC1,LPLC1,dend[3178],0.064038367,red
56.592,95.16,47.816,56.504,95.264,3758,1,1813054194,LPLC1,LPLC1,dend[170],1,red
58.192,116.432,36.168,58.264,116.384,310,0,1810956698,LC4,LC4,dend[791],0.301572412,blue
59.544,115.768,37.912,59.608,115.824,314,0.0402473,1810956698,LC4,LC4,dend[764],0.397391357,blue
59.416,116.048,37.504,59.336,116.144,312,0.999636323,1810956698,LC4,LC4,dend[764],0.195339809,blue
74.992,126.288,39.28,75,126.248,14,0.066595823,1810956698,LC4,LC4,dend[611],0.687189742,blue
73.808,124.296,47.832,73.696,124.168,3790,0,1810956698,LC4,LC4,dend[603],0.530554672,blue
62.112,120.024,36.512,62.032,119.944,284,0.89359658,1810956698,LC4,LC4,dend[430],1,blue
73.496,121.824,21.672,73.368,121.696,653,0.123374136,1810956698,LC4,LC4,dend[1661],1,blue
58.848,125.352,29.112,58.76,125.44,868,0.964407905,1810956698,LC4,LC4,dend[1714],0.491657892,blue
61.624,120.04,36.096,61.936,119.992,284,0.89359658,1810956698,LC4,LC4,dend[430],0.952843951,blue
59.232,125.568,28.984,59.168,125.648,868,0.964407905,1810956698,LC4,LC4,dend[1714],0.651693987,blue
64.144,132.896,15.472,64.184,132.768,793,0,1810956698,LC4,LC4,dend[1337],0.196003926,blue
74.024,124.336,47.968,73.824,124.264,3790,0,1810956698,LC4,LC4,dend[603],0.565609794,blue
72.6,123.232,33.648,72.736,123.328,160,0.393121802,1810956698,LC4,LC4,dend[701],0.566464211,blue
68.264,123.136,18.312,68.104,123.104,1084,0.495062931,1810956698,LC4,LC4,dend[1669],0.881336426,blue
58.688,124.368,28.704,58.544,124.384,881,0,1810956698,LC4,LC4,dend[1727],0.203731157,blue
60.848,116.16,24.728,60.776,116.096,896,0.998482852,1809264255,LC4,LC4,dend[1701],0.76241855,blue
60.816,115.456,24.696,60.632,115.376,895,0.985182443,1809264255,LC4,LC4,dend[1700],1,blue
70.656,126.72,23.312,70.736,126.584,850,0.948090851,1809264255,LC4,LC4,dend[1522],0.933665886,blue
70.456,127.568,24.456,70.576,127.624,856,0,1809264255,LC4,LC4,dend[1530],1,blue
64.504,122.592,20.696,64.616,122.664,641,0.993498912,1809264255,LC4,LC4,dend[1681],0.894207146,blue
75.832,118.856,42.856,75.736,118.736,268,0.998637992,1809264255,LC4,LC4,dend[467],1,blue
73.064,129.512,32.368,73,129.432,174,0.929592955,1809264255,LC4,LC4,dend[731],0.226891203,blue
73.656,129.424,32.072,73.56,129.432,177,0.398112043,1809264255,LC4,LC4,dend[731],1,blue
64.472,123.328,21.384,64.392,123.352,1090,0.103914116,1809264255,LC4,LC4,dend[1681],0.510245396,blue
66.824,129.984,12.368,66.776,129.896,1105,0.846542811,1809264255,LC4,LC4,dend[1396],0.169181551,blue
66.192,130.088,12.072,66.056,130.048,1105,0.846542811,1809264255,LC4,LC4,dend[1396],0.044977208,blue
66.44,130.096,12.52,66.392,129.992,1105,0.846542811,1809264255,LC4,LC4,dend[1396],0.068674535,blue
65.024,123.56,20.536,64.96,123.592,641,0.993498912,1809264255,LC4,LC4,dend[1458],0.378323617,blue
70.976,127.032,23.128,71.04,126.976,856,0,1809264255,LC4,LC4,dend[1530],0.299055057,blue
66.464,128.504,6.08,66.488,128.736,782,0.985103057,1809264255,LC4,LC4,dend[1385],1,blue
80.168,128.44,40.728,80.168,128.448,109,0.977218787,1809264255,LC4,LC4,dend[636],0.583351473,blue
77.824,125.488,37,77.888,125.6,3791,0,1809264255,LC4,LC4,dend[641],0.555396981,blue
77.376,126.248,37.016,77.392,126.264,129,0.993567694,1809264255,LC4,LC4,dend[641],0.353172777,blue
66.648,126.176,20.576,66.608,126.2,848,0.973668176,1809264255,LC4,LC4,dend[1520],0.338644024,blue
55.816,95.24,43.264,55.96,95.368,2179,0,1783068831,LPLC1_R,LPLC1,dend[3665],1,red
51.456,103.872,32.544,51.496,104.08,3021,0.243852618,1783068831,LPLC1_R,LPLC1,dend[364],0.275089149,red
56.256,109.16,18.888,56.312,109.056,1039,0.953555244,1783068831,LPLC1_R,LPLC1,dend[1217],0.916916793,red
56.784,109.12,18.672,56.8,109.096,1038,0.975740537,1783068831,LPLC1_R,LPLC1,dend[1206],0.700389186,red
56.744,108.944,26.152,56.624,108.912,2351,0.999459418,1783068831,LPLC1_R,LPLC1,dend[958],0.767932469,red
56.416,94.712,34.464,56.448,94.592,2921,0,1783068831,LPLC1_R,LPLC1,dend[2559],0.494725311,red
53.024,107.096,36.312,52.968,107.024,3308,1,1783068831,LPLC1_R,LPLC1,dend[1777],0.009940571,red
56.696,91.288,41.768,56.728,91.416,2173,0.496206136,1783068831,LPLC1_R,LPLC1,dend[3713],0.81699997,red
54.816,97.28,44.856,54.68,97.328,3302,1,1783068831,LPLC1_R,LPLC1,dend[3758],0.508811347,red
53.024,100.576,39.96,53.032,100.64,3306,1,1783068831,LPLC1_R,LPLC1,dend[282],0.730165467,red
59.816,102.128,31.104,59.888,102.112,2883,0.10744822,1783068831,LPLC1_R,LPLC1,dend[3545],0.411461521,red
60.144,102.032,31.376,60.192,101.888,2883,0,1783068831,LPLC1_R,LPLC1,dend[3545],0.818216897,red
57.968,107.648,10.672,58.024,107.776,995,0.957660034,1783068831,LPLC1_R,LPLC1,dend[1066],0.019237617,red
57.168,109.528,18.536,57.192,109.56,1037,0.997181941,1783068831,LPLC1_R,LPLC1,dend[1205],1,red
56.96,109.392,26.264,56.76,109.448,2351,0.999459418,1783068831,LPLC1_R,LPLC1,dend[958],0.484205369,red
54.088,107.408,20.04,53.928,107.448,1202,0,1783068831,LPLC1_R,LPLC1,dend[1215],0.860521938,red
54.816,100.464,26.36,54.68,100.512,3008,0.990995043,1783068831,LPLC1_R,LPLC1,dend[3163],0.366051269,red
54.68,93.544,47.416,54.688,93.624,562,0.381590708,1783068831,LPLC1_R,LPLC1,dend[165],0.695120714,red
57.744,110.048,27.416,57.672,110.112,2352,0,1783068831,LPLC1_R,LPLC1,dend[962],1,red
56.968,94.52,34.152,56.912,94.56,2916,0.975155298,1783068831,LPLC1_R,LPLC1,dend[2551],0.116584632,red
55.888,91.984,43.024,55.984,91.936,2181,0,1783068831,LPLC1_R,LPLC1,dend[3712],0.68387224,red
56.448,108.8,26,56.496,108.784,2351,0.999459418,1783068831,LPLC1_R,LPLC1,dend[958],0.864593775,red
51.128,104.136,31.944,51.256,104.208,3021,0,1783068831,LPLC1_R,LPLC1,dend[364],0.668470973,red
51.136,103.72,32.152,51.056,103.912,3021,0,1783068831,LPLC1_R,LPLC1,dend[364],0.581786117,red
58,102.416,25.552,57.848,102.424,2995,0,1783068831,LPLC1_R,LPLC1,dend[3141],0.150084277,red
51.776,101.576,37.648,51.56,101.528,3306,1,1783068831,LPLC1_R,LPLC1,dend[358],0.57006344,red
55.528,91.04,42.984,55.688,91.104,2182,0.124505613,1783068831,LPLC1_R,LPLC1,dend[3695],0.382334145,red
54.552,98.776,27.36,54.432,98.8,3150,0.98625595,1783068831,LPLC1_R,LPLC1,dend[3125],0.356627574,red
52.152,100.928,37.96,52.048,100.84,3306,1,1783068831,LPLC1_R,LPLC1,dend[358],0.821638589,red
53.264,106.512,36.464,53.264,106.584,3308,1,1783068831,LPLC1_R,LPLC1,dend[1777],0.527278441,red
55.544,97.144,27.712,55.592,97.24,3029,0.166156337,1783068831,LPLC1_R,LPLC1,dend[3095],0.944764621,red
57.52,107.416,11.416,57.36,107.48,995,0.957660034,1783068831,LPLC1_R,LPLC1,dend[1066],0.686309582,red
54.44,96.76,45.24,54.352,96.856,3301,1,1783068831,LPLC1_R,LPLC1,dend[3761],1,red
56.736,94.744,34.392,56.696,94.624,2921,0,1783068831,LPLC1_R,LPLC1,dend[2559],0.559693041,red
54.664,97.032,44.976,54.52,97.056,3302,1,1783068831,LPLC1_R,LPLC1,dend[3758],0.323719204,red
58.392,108.864,15.704,58.32,108.736,622,0.999668148,1783068831,LPLC1_R,LPLC1,dend[1125],0.756925161,red
59.24,109.928,15.672,59.392,109.928,622,0.999668148,1783068831,LPLC1_R,LPLC1,dend[1121],0.349691947,red
58.208,108.52,15.664,58.376,108.472,622,0.999668148,1783068831,LPLC1_R,LPLC1,dend[1121],0.963498278,red
56.12,91.304,42.648,56.12,91.448,2172,0.999104645,1783068831,LPLC1_R,LPLC1,dend[3712],0.346741392,red
54.176,90.504,48.192,54.176,90.416,495,0,1783068831,LPLC1_R,LPLC1,dend[120],0.967608891,red
53.6,105.92,35.944,53.704,105.984,3308,1,1783068831,LPLC1_R,LPLC1,dend[1797],0.354384072,red
54.144,95.112,45.672,53.96,95.032,3301,1,1783068831,LPLC1_R,LPLC1,dend[3681],1,red
57.12,109.008,27.928,57.168,108.88,3072,0.949638474,1782714902,LPLC1,LPLC1,dend[856],0.885872872,red
62.264,110.64,14.216,62.232,110.784,1201,0.065595516,1782714902,LPLC1,LPLC1,dend[1117],0.354257884,red
59.112,105.576,25.008,59.12,105.568,3084,0,1782714902,LPLC1,LPLC1,dend[861],0.708438292,red
55.632,100.952,33.248,55.584,100.92,3217,0.361658,1782714902,LPLC1,LPLC1,dend[3082],0.921196719,red
61.312,108.68,9.832,61.08,108.712,598,0.99890695,1782714902,LPLC1,LPLC1,dend[1077],0.272143306,red
54.936,114.592,18.64,55.024,114.456,1204,0.908911073,1782714902,LPLC1,LPLC1,dend[1009],0.504049294,red
55.24,114.704,18.48,55.304,114.632,1204,0.908911073,1782714902,LPLC1,LPLC1,dend[1009],0.354563244,red
63.808,106.432,6.84,63.912,106.496,607,0.999663145,1782714902,LPLC1,LPLC1,dend[1107],0.38772005,red
55.352,95,37.72,55.208,95.032,2897,0,1782714902,LPLC1,LPLC1,dend[2542],0.715200609,red
56.352,98.328,22.288,56.184,98.576,2957,0,1782714902,LPLC1,LPLC1,dend[3196],0.891377512,red
54.816,114.32,18.92,54.816,114.272,1204,0.908911073,1782714902,LPLC1,LPLC1,dend[1009],0.639785889,red
58.864,105.408,25.096,59.024,105.48,3084,0,1782714902,LPLC1,LPLC1,dend[861],0.699201586,red
53.792,92.768,44.184,53.808,92.896,2211,0.501737382,1782714902,LPLC1,LPLC1,dend[3723],0.91748966,red
57.376,110.008,27.368,57.584,110.16,2352,0,1782714902,LPLC1,LPLC1,dend[962],1,red
56.632,109.456,30.504,56.432,109.224,3067,0.998273458,1782714902,LPLC1,LPLC1,dend[854],0.925896488,red
57.152,99.72,23.056,57.4,99.656,2956,0.965947918,1782714902,LPLC1,LPLC1,dend[3176],0.223816419,red
53.032,90.784,48.496,53.12,90.776,487,0.999702603,1782714902,LPLC1,LPLC1,dend[114],0.355856054,red
54.968,114.24,18.912,54.8,114.272,1204,0.908911073,1782714902,LPLC1,LPLC1,dend[1009],0.64551414,red
55.952,100.592,43.264,56.08,100.624,1412,0.359493447,1782714902,LPLC1,LPLC1,dend[3610],0.506361718,red
55.504,94.816,37.288,55.592,94.6,2894,0.967185797,1782714902,LPLC1,LPLC1,dend[2538],0.782461661,red
57.176,108.96,29.024,57.168,108.832,3072,0.949638474,1782714902,LPLC1,LPLC1,dend[856],0.244585333,red
55.488,98.04,45.84,55.488,98.056,580,0.964261891,1782714902,LPLC1,LPLC1,dend[3737],0.831296734,red
57.08,99.32,31.056,57.136,99.376,2866,0.980431874,1782714902,LPLC1,LPLC1,dend[3535],0.906381973,red
61.2,108.984,9.824,61.128,108.768,598,0.99890695,1782714902,LPLC1,LPLC1,dend[1077],0.273157234,red
55.264,98.304,20.64,55.128,98.232,2109,0.998665067,1782714902,LPLC1,LPLC1,dend[3202],0.77971077,red
55.08,100.048,36.856,54.984,100.12,3238,0.990395716,1782714902,LPLC1,LPLC1,dend[2304],0.481600826,red
59.24,112.824,21.92,59.112,112.816,1195,0.985406354,1782714902,LPLC1,LPLC1,dend[1003],1,red
61.68,110.12,14.368,61.624,110.104,629,0.953353102,1782714902,LPLC1,LPLC1,dend[1114],0.765093022,red
56.688,108.728,26.144,56.616,108.904,2351,0.999459418,1782714902,LPLC1,LPLC1,dend[958],0.773714574,red
58.928,98.248,31.968,58.928,98.296,2874,0.057941528,1782714902,LPLC1,LPLC1,dend[3548],0.670139632,red
55.344,105.856,23.568,55.256,105.76,3002,0,1782714902,LPLC1,LPLC1,dend[3153],0.548439888,red
55.192,105.872,23.6,55.2,105.76,3002,0,1782714902,LPLC1,LPLC1,dend[3153],0.481665088,red
55.416,114.336,18.584,55.32,114.376,1204,0.908911073,1782714902,LPLC1,LPLC1,dend[1009],0.373105756,red
53.104,91.424,48.696,53.176,91.352,489,0,1782714902,LPLC1,LPLC1,dend[112],0.841279139,red
56.104,109.312,31.128,56.072,109.368,3067,0.998273458,1782714902,LPLC1,LPLC1,dend[854],1,red
55.464,106.016,23.528,55.64,105.904,3002,0,1782714902,LPLC1,LPLC1,dend[3153],1,red
55.032,93.312,35.88,55.16,93.112,2908,0.989465192,1782714902,LPLC1,LPLC1,dend[2548],0.095029386,red
54.472,92.984,35.44,54.488,92.84,2929,0,1782714902,LPLC1,LPLC1,dend[2519],1,red
56.84,92.424,36.24,56.904,92.496,2909,0.91657217,1782714902,LPLC1,LPLC1,dend[2545],0.834594594,red
59.392,123.864,18.832,59.408,123.736,924,0.985825743,1782668028,LC4,LC4,dend[1269],0.741306633,blue
71.792,123.688,38.52,71.64,123.824,102,0.990598368,1782668028,LC4,LC4,dend[651],1,blue
56.288,121.784,15.68,56.24,121.792,907,0,1782668028,LC4,LC4,dend[1140],0.335189337,blue
73.12,120.808,20.72,73.16,120.928,652,0.157243941,1782668028,LC4,LC4,dend[1662],0.818288017,blue
56.504,121.904,15.912,56.424,121.752,907,0,1782668028,LC4,LC4,dend[1140],0.235469364,blue
68.92,119.824,45.352,68.968,119.672,227,0.999429303,1782668028,LC4,LC4,dend[502],1,blue
57.216,118.704,26.784,57.04,118.68,845,0.98640347,1782668028,LC4,LC4,dend[1708],0.163246788,blue
57.768,121.24,20.744,57.72,121.128,3405,1,1782668028,LC4,LC4,dend[1233],0.539711025,blue
56.568,122.912,14.672,56.528,123.032,911,0,1782668028,LC4,LC4,dend[1156],0.543033635,blue
60.432,124.48,17.728,60.368,124.376,926,0.999944726,1782668028,LC4,LC4,dend[1271],0.666298458,blue
68.216,125.792,33.048,68.16,125.712,158,0,1782668028,LC4,LC4,dend[702],0.878274867,blue
58.248,122.888,19.176,58.296,122.992,464,0.998832762,1782668028,LC4,LC4,dend[1268],0.651834725,blue
57.888,122.472,19.984,58.16,122.448,463,0,1782668028,LC4,LC4,dend[1453],0.287215679,blue
68.864,125.216,33.496,68.784,125.136,158,0,1782668028,LC4,LC4,dend[702],0.512585538,blue
57.344,117.792,26.592,57.04,117.832,843,0.969568138,1782668028,LC4,LC4,dend[1706],0.978730234,blue
56.448,105.408,15.944,56.336,105.472,1043,0.964105279,1781674298,LPLC1_R,LPLC1,dend[1211],0.323258588,red
52.92,103.896,36.384,52.792,103.968,3307,1,1781674298,LPLC1_R,LPLC1,dend[369],1,red
58.792,93.936,32.912,58.936,94.024,1328,0.985928305,1781674298,LPLC1_R,LPLC1,dend[2394],0.730692176,red
57.208,99.568,26.072,57.376,99.488,3847,0.437109087,1781674298,LPLC1_R,LPLC1,dend[3333],1,red
54.416,99.736,30.336,54.52,99.6,2865,0.986016025,1781674298,LPLC1_R,LPLC1,dend[3534],0.03337877,red
55.896,100.48,44.408,55.776,100.264,1414,0.909183205,1781674298,LPLC1_R,LPLC1,dend[3612],0.676607709,red
53.624,94.304,47.632,53.592,94.136,198,0.999630607,1781674298,LPLC1_R,LPLC1,dend[164],0.518783008,red
55.952,105.328,37.912,55.88,105.464,3188,0.22319779,1781674298,LPLC1_R,LPLC1,dend[1791],0.777744358,red
56.16,105.456,37.656,56.104,105.512,3188,0.22319779,1781674298,LPLC1_R,LPLC1,dend[1791],0.514806484,red
53.896,95.168,45.696,53.92,95.144,3301,1,1781674298,LPLC1_R,LPLC1,dend[3681],1,red
51.304,101.6,37.432,51.344,101.552,3306,1,1781674298,LPLC1_R,LPLC1,dend[358],0.537821249,red
57.944,111.952,23.248,57.84,111.952,1156,0.979335767,1781674298,LPLC1_R,LPLC1,dend[975],0.671260453,red
52.256,103.88,37.752,52.152,103.768,3306,1,1781674298,LPLC1_R,LPLC1,dend[347],0.74125878,red
52.488,104.232,36.536,52.488,104.296,3307,1,1781674298,LPLC1_R,LPLC1,dend[369],0.84189815,red
55.512,105.04,15.272,55.576,105.184,1043,0.964105279,1781674298,LPLC1_R,LPLC1,dend[1211],0.707465146,red
60.632,101.744,31.616,60.632,101.88,2883,0,1781674298,LPLC1_R,LPLC1,dend[3545],1,red
58.432,102.08,13.792,58.352,101.968,2333,0.112811773,1781674298,LPLC1_R,LPLC1,dend[3295],1,red
54.136,100.048,30.152,53.976,100.064,2975,0,1781674298,LPLC1_R,LPLC1,dend[3557],0.641008479,red
54.144,96.608,45.512,54.192,96.696,3301,1,1781674298,LPLC1_R,LPLC1,dend[3761],1,red
54.376,96.888,45.064,54.408,96.992,3302,1,1781674298,LPLC1_R,LPLC1,dend[3758],0.233958964,red
59.392,92.944,33.432,59.32,92.752,1327,0.369362159,1781674298,LPLC1_R,LPLC1,dend[2393],0.377503166,red
55.808,104.088,4.144,55.8,104.152,3813,0,1781674298,LPLC1_R,LPLC1,dend[1097],0.837167043,red
52.672,104.664,34.048,52.648,104.624,3307,1,1781674298,LPLC1_R,LPLC1,dend[368],0.378989146,red
58.872,111.04,22.824,58.68,110.952,1169,0.934291643,1781674298,LPLC1_R,LPLC1,dend[990],1,red
55.456,100.656,44.472,55.488,100.552,1414,0.909183205,1781674298,LPLC1_R,LPLC1,dend[3612],0.068290443,red
58.264,107.56,15.752,58.368,107.568,625,0,1781674298,LPLC1_R,LPLC1,dend[1124],1,red
53.688,94.184,47.904,53.712,93.952,561,0.989970782,1781674298,LPLC1_R,LPLC1,dend[162],0.388777674,red
53.568,93.872,47.928,53.48,93.872,198,0.999630607,1781674298,LPLC1_R,LPLC1,dend[162],0.639973406,red
56.248,99.656,30.456,56.328,99.664,2866,0.980431874,1781674298,LPLC1_R,LPLC1,dend[3535],0.333201059,red
52.16,102.616,36.984,52.24,102.536,3306,1,1781674298,LPLC1_R,LPLC1,dend[357],0.521141908,red
53.744,96.672,45.856,53.744,96.768,3301,1,1781674298,LPLC1_R,LPLC1,dend[3757],0.593952771,red
54.248,109.152,30.104,54.352,109.144,3371,1,1781328716,LPLC1_R,LPLC1,dend[878],0.388400837,red
52.776,100.776,42.8,52.544,100.8,3305,1,1781328716,LPLC1_R,LPLC1,dend[280],1,red
56.24,95.536,27.744,56.44,95.48,3034,0.991142403,1781328716,LPLC1_R,LPLC1,dend[3116],1,red
54.048,108.592,30.192,54.168,108.576,3056,0.965898099,1781328716,LPLC1_R,LPLC1,dend[878],0.871056477,red
56.304,94.312,34.44,56.36,94.4,2921,0,1781328716,LPLC1_R,LPLC1,dend[2559],0.354053276,red
53.56,108.448,29.928,53.608,108.344,3057,0.978626504,1781328716,LPLC1_R,LPLC1,dend[879],0.684453625,red
52.6,100.112,43.408,52.296,100.176,3304,1,1781328716,LPLC1_R,LPLC1,dend[280],0.914111334,red
59.232,103.12,31.248,59.144,103.088,2882,0.921412141,1781328716,LPLC1_R,LPLC1,dend[3544],0.973083473,red
57.048,113.4,15.904,56.904,113.344,958,0.273345119,1781328716,LPLC1_R,LPLC1,dend[1046],1,red
67.536,104.976,8.56,67.648,105.04,602,0.980801747,1781328716,LPLC1_R,LPLC1,dend[1081],1,red
62.416,130.704,13.368,62.24,130.824,1102,0.970087351,1781268241,LC4,LC4,dend[1393],0.964576664,blue
67.76,128.864,24.272,67.872,128.72,1098,0.995504127,1781268241,LC4,LC4,dend[1515],1,blue
72.84,124.32,38.32,72.816,124.456,9,0.999465944,1781268241,LC4,LC4,dend[520],1,blue
76.024,127.192,39.296,76.128,127.056,151,0.285653964,1781268241,LC4,LC4,dend[638],0.607809831,blue
61.344,124.736,15.656,61.456,124.672,3426,1,1781268241,LC4,LC4,dend[1289],0.507288261,blue
61.168,125.048,15.416,61.088,125.136,934,0.974774609,1781268241,LC4,LC4,dend[1286],0.149879441,blue
63.256,118.552,34.224,63.168,118.64,192,0.947130593,1781268241,LC4,LC4,dend[428],0.081526889,blue
66.208,126.92,20.52,66.416,126.992,797,0.999980387,1781268241,LC4,LC4,dend[1461],0.855015063,blue
71.184,123,34.472,71.256,122.96,160,0.193343473,1781268241,LC4,LC4,dend[701],0.074763485,blue
68.616,126.12,14.904,68.848,126.216,1057,0.957672396,1781268241,LC4,LC4,dend[1650],0.558820494,blue
71.576,124.104,38.592,71.544,123.992,8,0.998831801,1781268241,LC4,LC4,dend[651],1,blue
70.368,123.696,34.08,70.384,123.712,156,0.993503804,1781268241,LC4,LC4,dend[699],0.534731206,blue
72.144,136.488,19.288,72.032,136.48,667,0.410280518,1781268241,LC4,LC4,dend[1555],1,blue
69.976,122,36.176,69.832,121.968,141,0,1781268241,LC4,LC4,dend[690],1,blue
75.136,126.008,38.912,75.112,126.152,103,0.991975983,1781268241,LC4,LC4,dend[611],0.72712844,blue
58.248,110.552,22.256,58.328,110.52,1170,0,1749275570,LPLC1_R,LPLC1,dend[991],1,red
59.432,90.648,37.336,59.304,90.488,1322,0.991174699,1749275570,LPLC1_R,LPLC1,dend[2400],0.93790296,red
57.616,100.12,13.552,57.872,100.184,2330,0,1749275570,LPLC1_R,LPLC1,dend[3296],0.948117233,red
51.392,104.496,31.696,51.24,104.528,3021,0,1749275570,LPLC1_R,LPLC1,dend[364],0.804115547,red
56.184,92.52,49.856,56.264,92.512,502,0.845971312,1749275570,LPLC1_R,LPLC1,dend[98],1,red
56.416,105.704,16.088,56.44,105.688,1043,0.964105279,1749275570,LPLC1_R,LPLC1,dend[1211],0.225833331,red
58.88,93.024,34.152,58.832,92.864,1326,0,1749275570,LPLC1_R,LPLC1,dend[2392],1,red
54.728,100.88,24.168,54.832,100.912,2986,0,1749275570,LPLC1_R,LPLC1,dend[3161],0.700592366,red
59.408,94.464,32.976,59.488,94.432,1329,0.328914681,1749275570,LPLC1_R,LPLC1,dend[2395],1,red
58.144,101.12,12.12,58.248,101.024,2323,0.999976034,1749275570,LPLC1_R,LPLC1,dend[3282],0.82582177,red
59.096,92.808,35.304,59,92.696,1318,0.098855737,1749275570,LPLC1_R,LPLC1,dend[2396],1,red
56.896,90.856,44.776,57.032,90.784,2190,0,1749275570,LPLC1_R,LPLC1,dend[3704],0.552154051,red
56.288,92.288,43.32,56.344,92.2,2181,0,1749275570,LPLC1_R,LPLC1,dend[3712],1,red
55.472,99.496,27.392,55.312,99.592,3849,0.031181729,1749275570,LPLC1_R,LPLC1,dend[3125],0.822723897,red
53.76,99.76,26.432,53.776,99.744,2105,0.989245739,1749275570,LPLC1_R,LPLC1,dend[3169],1,red
55.544,107.12,32.248,55.664,107.08,3110,0.990689909,1749275570,LPLC1_R,LPLC1,dend[830],0.523553816,red
53.896,96.144,40.408,53.784,96.056,3305,1,1749275570,LPLC1_R,LPLC1,dend[286],1,red
55.864,105.08,15.624,55.976,105.184,1043,0.964105279,1749275570,LPLC1_R,LPLC1,dend[1211],0.530809351,red
56.312,94.336,43.152,56.288,94.376,2164,0.999995502,1749275570,LPLC1_R,LPLC1,dend[3667],0.293966324,red
57.136,99.808,13.048,57.064,99.68,2319,0.945229983,1749275570,LPLC1_R,LPLC1,dend[3279],0.534012408,red
53.544,106.176,32.312,53.592,106.08,3114,0.992909419,1749275570,LPLC1_R,LPLC1,dend[834],0.308287132,red
53.688,118.04,27.768,53.648,117.816,1181,0.959917239,1749258134,LC4,LC4,dend[1749],0.212211878,blue
53.12,118.312,27.912,53.016,118.272,1181,0.959917239,1749258134,LC4,LC4,dend[1749],0.49067797,blue
59.376,117.008,18.736,59.312,116.824,923,0.174554434,1749258134,LC4,LC4,dend[1158],1,blue
58.528,117.976,21.272,58.424,118.128,3379,1,1749258134,LC4,LC4,dend[1690],0.313178204,blue
58.52,115.336,36.52,58.336,115.48,311,0.999981489,1749258134,LC4,LC4,dend[792],0.866880632,blue
62.104,114.88,38.536,62.2,114.8,315,0.913162012,1749258134,LC4,LC4,dend[757],0.184421403,blue
74.856,131.216,33.432,74.776,131.304,180,0.983560337,1749258134,LC4,LC4,dend[720],0.420351525,blue
70.912,123.688,38.096,70.792,123.728,102,0.990598368,1749258134,LC4,LC4,dend[651],0.848986132,blue
67.448,131.632,10.384,67.6,131.536,1108,0.977172837,1749258134,LC4,LC4,dend[1399],0.742926003,blue
59.624,116.984,18.592,59.64,116.912,923,0.174554434,1749258134,LC4,LC4,dend[1158],1,blue
72.136,128.616,34.848,72.24,128.528,176,0,1749258134,LC4,LC4,dend[717],0.406134766,blue
75.72,130.44,35.008,75.72,130.256,182,0.980970952,1749258134,LC4,LC4,dend[723],0.154349808,blue
74.776,130.928,33.856,74.704,130.992,180,0.983560337,1749258134,LC4,LC4,dend[720],0.168280698,blue
57.96,115.48,35.336,58.144,115.4,3313,1,1749258134,LC4,LC4,dend[397],1,blue
56.92,89.056,35.776,56.888,89.168,1385,0.965682724,1746858454,LPLC1_R,LPLC1,dend[2383],1,red
59.144,92.392,34.152,59.152,92.32,1326,0.10391098,1746858454,LPLC1_R,LPLC1,dend[2392],0.459074792,red
58.832,112.48,15.136,58.712,112.648,948,0.982124447,1746858454,LPLC1_R,LPLC1,dend[1023],0.655969125,red
58.248,108.712,13.952,58.432,108.736,627,0.962199674,1746858454,LPLC1_R,LPLC1,dend[1111],0.804439442,red
59.56,101.824,32.456,59.488,101.88,3844,0.384510274,1746858454,LPLC1_R,LPLC1,dend[3546],0.724126963,red
54.24,105.648,36.712,54.392,105.672,3180,0.474125825,1746858454,LPLC1_R,LPLC1,dend[1793],0.45661433,red
59.408,101.56,12.664,59.488,101.456,2328,0.365110811,1746858454,LPLC1_R,LPLC1,dend[3284],1,red
56.808,89.44,35.896,56.76,89.472,1385,0.965682724,1746858454,LPLC1_R,LPLC1,dend[2383],1,red
58.984,90.728,35.68,59.112,90.688,1396,0,1746858454,LPLC1_R,LPLC1,dend[2402],0.606845036,red
55.144,93.776,43.896,55.104,93.888,2157,0.995381721,1746858454,LPLC1_R,LPLC1,dend[3660],0.618729193,red
59.4,91.088,36.128,59.472,90.936,1396,0,1746858454,LPLC1_R,LPLC1,dend[2402],1,red
55.176,100.864,24.816,55.04,100.912,2979,0.990185762,1746858454,LPLC1_R,LPLC1,dend[3135],0.375375057,red
54.68,105.032,36.936,54.6,105.04,3180,0,1746858454,LPLC1_R,LPLC1,dend[1793],0.968048379,red
59.136,99.872,24.4,59.088,99.912,2962,0.998981384,1746858454,LPLC1_R,LPLC1,dend[3191],1,red
56.424,105.952,16.272,56.528,105.8,1043,0.964105279,1746858454,LPLC1_R,LPLC1,dend[1211],0.136383871,red
60.808,115.536,24.096,60.816,115.376,383,0.999465517,1745821751,LC4,LC4,dend[1700],1,blue
68.504,126.64,16.536,68.464,126.816,1056,0,1745821751,LC4,LC4,dend[1642],0.64678,blue
81.624,129.952,39.688,81.848,129.744,112,0.977119447,1745821751,LC4,LC4,dend[618],0.690067431,blue
68.776,126.464,16.352,68.584,126.408,1056,0,1745821751,LC4,LC4,dend[1652],1,blue
80.352,124.608,46.536,80.448,124.464,49,0.990617259,1745821751,LC4,LC4,dend[581],1,blue
79.68,124.392,41.328,79.744,124.448,17,0.982071665,1745821751,LC4,LC4,dend[525],0.188606366,blue
79.824,124.688,41.752,79.944,124.664,17,0.982071665,1745821751,LC4,LC4,dend[525],0.382967098,blue
81.056,128.792,39.576,81.112,128.68,112,0.977119447,1745821751,LC4,LC4,dend[618],0.146886862,blue
69.928,128.512,16.648,69.864,128.624,656,0.999971551,1745821751,LC4,LC4,dend[1545],0.514616991,blue
77.912,125.568,36.904,77.96,125.632,3791,0,1745821751,LC4,LC4,dend[641],0.575136446,blue
80.688,129.784,40.232,80.552,129.664,110,0,1745821751,LC4,LC4,dend[616],0.490665497,blue
72.208,123.344,34.048,72.288,123.264,160,0.31181019,1745821751,LC4,LC4,dend[701],0.419389836,blue
70.136,128.904,16.248,70.104,128.992,656,0.999971551,1745821751,LC4,LC4,dend[1546],0.441504862,blue
62.064,121.568,19.968,62.168,121.56,461,0.991641054,1745821751,LC4,LC4,dend[1455],0.894183884,blue
63.296,122.52,19.384,63.344,122.648,462,0.99384092,1745821751,LC4,LC4,dend[1682],0.442900642,blue
55.984,102.696,32.824,55.784,102.816,3214,0.990377112,1723386459,LPLC1_R,LPLC1,dend[3085],0.523399494,red
59.056,95.656,42.048,59.024,95.536,2170,0,1723386459,LPLC1_R,LPLC1,dend[3674],0.765470855,red
54.64,106.072,37.304,54.792,106.168,3186,0,1723386459,LPLC1_R,LPLC1,dend[1792],1,red
56.384,102.048,30.48,56.288,102.048,3842,0,1723386459,LPLC1_R,LPLC1,dend[3550],0.834665561,red
54.52,109.904,30.312,54.672,109.856,3371,1,1723386459,LPLC1_R,LPLC1,dend[877],0.368537889,red
55.176,101.32,32.8,54.992,101.384,3213,0.995001618,1723386459,LPLC1_R,LPLC1,dend[3082],0.353473,red
55.184,102.416,32.744,55.2,102.44,3214,0.990377112,1723386459,LPLC1_R,LPLC1,dend[3085],0.223488641,red
56.544,103.848,4.144,56.48,103.912,3813,0,1723386459,LPLC1_R,LPLC1,dend[1097],0.599640453,red
58.128,98.936,41.88,57.984,98.968,1423,0,1723386459,LPLC1_R,LPLC1,dend[3602],1,red
54.288,105.76,36.72,54.384,105.664,3180,0.474125825,1723386459,LPLC1_R,LPLC1,dend[1793],0.462680893,red
54.248,106.048,36.68,54.248,105.952,3177,0.99582869,1723386459,LPLC1_R,LPLC1,dend[1780],0.284742024,red
58.592,97.92,40.992,58.592,97.896,1430,0.089605882,1723386459,LPLC1_R,LPLC1,dend[3584],0.342353544,red
56.648,100.184,40.944,56.456,100.264,1408,0.170335306,1723386459,LPLC1_R,LPLC1,dend[3605],0.819235036,red
56.448,114.616,18.256,56.448,114.488,1203,0,1721365654,LPLC1,LPLC1,dend[1008],0.825209468,red
58.16,94.696,42.952,58.152,94.536,2166,0.565456156,1721365654,LPLC1,LPLC1,dend[3669],0.413970408,red
54.152,101.264,39.832,54.112,101.128,3306,1,1721365654,LPLC1,LPLC1,dend[282],1,red
55.704,114.608,18.6,55.656,114.504,1204,0.908911073,1721365654,LPLC1,LPLC1,dend[1009],0.226207984,red
55.168,102.32,38.44,55.032,102.416,3103,0,1721365654,LPLC1,LPLC1,dend[355],1,red
58.96,95.84,41.696,59.04,95.816,2170,0,1721365654,LPLC1,LPLC1,dend[3674],0.965923948,red
58.752,95.176,42.464,58.672,94.936,2170,0,1721365654,LPLC1,LPLC1,dend[3674],0.369873603,red
59.76,98.864,26.08,59.728,98.928,3848,0.969112223,1721365654,LPLC1,LPLC1,dend[3331],1,red
57.736,96.328,27.84,57.768,96.2,3036,0,1721365654,LPLC1,LPLC1,dend[3117],0.944244247,red
58.792,99.36,18.152,58.904,99.24,2651,0.199220824,1721365654,LPLC1,LPLC1,dend[3307],0.681090615,red
61.432,108.776,18.304,61.424,108.88,1012,0,1721365654,LPLC1,LPLC1,dend[1168],0.138252915,red
59.168,98.248,39.392,59.104,98.144,1437,0,1721365654,LPLC1,LPLC1,dend[3593],1,red
59.696,100.816,23.608,59.64,100.712,2964,0.97990883,1721365654,LPLC1,LPLC1,dend[3193],1,red
58.912,99.32,18.24,58.856,99.208,2650,0.9957756,1721365654,LPLC1,LPLC1,dend[3306],0.44092164,red
55.432,102.768,32.888,55.544,102.816,3214,0.990377112,1721365654,LPLC1,LPLC1,dend[3085],0.459331613,red
60.616,111.208,13.736,60.504,111.08,392,0.983382618,1721365654,LPLC1,LPLC1,dend[1118],1,red
56.16,91.96,43.216,56.168,92.024,2181,0,1721365654,LPLC1,LPLC1,dend[3712],0.891095071,red
57.416,91.888,44.976,57.384,91.776,3730,1,1721365654,LPLC1,LPLC1,dend[3707],1,red
56.776,92.256,43.544,56.672,92.296,2181,0,1721365654,LPLC1,LPLC1,dend[3712],1,red
58.928,99.432,17.92,59.04,99.288,2651,0.199220824,1721365654,LPLC1,LPLC1,dend[3307],1,red
52.296,103.104,41.312,52.336,103.168,3306,1,1721025057,LPLC1_R,LPLC1,dend[294],1,red
59.584,98.272,39.824,59.456,98.416,1437,0,1721025057,LPLC1_R,LPLC1,dend[3593],0.940466814,red
57.4,108.336,29.912,57.4,108.184,3078,0,1721025057,LPLC1_R,LPLC1,dend[875],0.869323986,red
58.808,103.552,4.456,58.728,103.736,617,0.999142902,1721025057,LPLC1_R,LPLC1,dend[1098],1,red
57.064,99.288,22.912,56.944,99.336,2955,0.976417109,1721025057,LPLC1_R,LPLC1,dend[3175],0.887813031,red
57.432,109,27.968,57.28,108.904,3072,0.949638474,1721025057,LPLC1_R,LPLC1,dend[856],0.888074986,red
56,111.464,23.856,56.112,111.376,1171,0,1721025057,LPLC1_R,LPLC1,dend[988],0.864324901,red
56.904,109.912,26.344,56.744,109.992,2351,0.999459418,1721025057,LPLC1_R,LPLC1,dend[958],0.213768572,red
58.872,99.136,31.752,58.72,99.232,2872,0.384155109,1721025057,LPLC1_R,LPLC1,dend[3538],0.789048941,red
60.232,100.848,13.16,60.168,100.872,2327,0.991979871,1721025057,LPLC1_R,LPLC1,dend[3289],1,red
60.376,100.64,12.968,60.248,100.816,2327,0.991979871,1721025057,LPLC1_R,LPLC1,dend[3289],1,red
59.776,105.504,25.256,59.744,105.344,3084,0,1721020290,LPLC1_R,LPLC1,dend[861],0.948361875,red
56.08,98.552,22.288,56.176,98.552,2957,0,1721020290,LPLC1_R,LPLC1,dend[3196],0.928263621,red
56.232,99.208,22.432,56.192,99.104,2955,0.976417109,1721020290,LPLC1_R,LPLC1,dend[3175],0.36485792,red
54.912,99.408,36.712,54.712,99.68,3238,0.990395716,1721020290,LPLC1_R,LPLC1,dend[2304],0.138477818,red
52.72,100.952,35.92,52.648,100.832,3306,1,1721020290,LPLC1_R,LPLC1,dend[2322],1,red
55.24,98.056,45.92,55.392,98.048,580,0.964261891,1721020290,LPLC1_R,LPLC1,dend[3737],0.73702909,red
55.352,98.032,46.256,55.296,97.952,585,0,1721020290,LPLC1_R,LPLC1,dend[3756],1,red
53.6,94.104,55.12,53.736,94.144,450,0,1721020290,LPLC1_R,LPLC1,dend[31],0.685289363,red
54.832,97.808,46.504,54.936,97.76,581,0.11429866,1721020290,LPLC1_R,LPLC1,dend[3738],0.58349866,red
57.288,99.304,23.056,57.28,99.408,2956,0.965947918,1721020290,LPLC1_R,LPLC1,dend[3176],0.13921481,red
55.16,92.648,43.392,54.952,92.552,2200,0.120761558,1721020290,LPLC1_R,LPLC1,dend[3722],1,red
53.688,94.104,55.464,53.728,94.208,450,0,1721020290,LPLC1_R,LPLC1,dend[33],0.730708143,red
53.288,110.264,29.872,53.216,110.408,3372,1,1721020290,LPLC1_R,LPLC1,dend[840],0.84410053,red
56.328,99.344,42.248,56.336,99.528,1418,0,1721020290,LPLC1_R,LPLC1,dend[3606],1,red
56.016,116.224,14.6,56.024,116.096,955,0.995886711,1721020290,LPLC1_R,LPLC1,dend[1028],0.372403731,red
54.088,114.44,19.024,54.136,114.312,1204,0.908911073,1721020290,LPLC1_R,LPLC1,dend[1009],0.943303134,red
54.472,99.92,36.656,54.616,99.944,3238,0.990395716,1721020290,LPLC1_R,LPLC1,dend[2304],0.223196639,red
52.608,106.272,40.112,52.464,106.384,3837,0,1721020290,LPLC1_R,LPLC1,dend[1799],1,red
57.512,99.136,42.12,57.528,99.072,1423,0,1721020290,LPLC1_R,LPLC1,dend[3602],1,red
52.968,104.192,33.944,52.96,104.112,3307,1,1721020290,LPLC1_R,LPLC1,dend[368],0.574840714,red
57.56,99.904,23.08,57.432,99.752,2956,0.965947918,1721020290,LPLC1_R,LPLC1,dend[3176],0.253989711,red
57.072,96.208,27.744,57.112,96.232,3036,0,1721020290,LPLC1_R,LPLC1,dend[3117],0.567869312,red
55.04,98.936,30.336,55.04,99.056,2865,0.986016025,1721020290,LPLC1_R,LPLC1,dend[3534],0.341327862,red
55.592,98.736,22.336,55.592,98.808,2954,0.980592746,1721020290,LPLC1_R,LPLC1,dend[3174],0.872649291,red
61.456,109.192,11.704,61.384,109.32,1484,0.969855682,1721020290,LPLC1_R,LPLC1,dend[1109],1,red
53.848,105.864,35.968,53.728,105.912,3308,1,1721020290,LPLC1_R,LPLC1,dend[1797],0.406935548,red
53.016,94.264,54.88,52.84,94.352,431,0.990618334,1721020290,LPLC1_R,LPLC1,dend[31],0.082902224,red
60.76,110.336,12.432,60.872,110.288,393,0.983837271,1721020290,LPLC1_R,LPLC1,dend[1075],0.04114182,red
54.216,98.992,36.392,54.12,99.032,3237,0,1721020290,LPLC1_R,LPLC1,dend[2303],0.201718195,red
60.392,111.184,12.688,60.44,111.144,1215,0.98286679,1721020290,LPLC1_R,LPLC1,dend[1119],1,red
55.992,99.032,22.36,55.992,99.008,2955,0.976417109,1721020290,LPLC1_R,LPLC1,dend[3175],0.231473004,red
54.08,106.256,36.352,54.12,106.336,3176,0.994771917,1721020290,LPLC1_R,LPLC1,dend[1779],0.574543641,red
57.936,96.224,27.944,57.864,96.152,3036,0,1721020290,LPLC1_R,LPLC1,dend[3117],1,red
56.648,98.44,18.528,56.704,98.344,2652,0,1721020290,LPLC1_R,LPLC1,dend[3302],1,red
59.312,111.728,20.16,59.2,111.632,1005,0.999976034,1721020290,LPLC1_R,LPLC1,dend[1223],0.730654714,red
59.152,98.416,32.16,59.048,98.472,2874,0.057941528,1721020290,LPLC1_R,LPLC1,dend[3548],0.424608397,red
56.024,99.736,41.816,56.152,99.744,1407,0.999996722,1721020290,LPLC1_R,LPLC1,dend[3572],0.107038088,red
59.448,109.688,24.624,59.56,109.68,1164,0.985589048,1721020290,LPLC1_R,LPLC1,dend[982],1,red
54.128,93.944,43.112,54.24,93.864,2208,0.995237509,1721020290,LPLC1_R,LPLC1,dend[3728],0.634643319,red
44.328,100.176,34.432,44.088,100.064,2796,0,1719678048,LPLC4_R,LPLC4,dend[3020],1,green
40.168,103.28,40.312,40.088,103.464,1700,0.974768892,1719678048,LPLC4_R,LPLC4,dend[1845],0.455014625,green
41.376,94.728,30.824,41.248,94.568,1592,0,1719678048,LPLC4_R,LPLC4,dend[2954],1,green
34.016,105.4,46.512,33.816,105.384,1789,0.999962687,1719678048,LPLC4_R,LPLC4,dend[1853],0.853049365,green
44.024,100.4,33.912,43.872,100.272,2796,0,1719678048,LPLC4_R,LPLC4,dend[3020],0.520861728,green
39.36,103.808,40.296,39.496,103.856,1700,0.974768892,1719678048,LPLC4_R,LPLC4,dend[1845],0.728828205,green
26.376,102.208,41.136,26.248,102.264,1740,0.999944394,1719678048,LPLC4_R,LPLC4,dend[2035],0.61342217,green
36.768,100.44,39.736,36.824,100.36,1707,0.997373225,1719678048,LPLC4_R,LPLC4,dend[1947],0.462947807,green
43.64,100.712,33.72,43.64,100.576,2795,0.899122786,1719678048,LPLC4_R,LPLC4,dend[3019],0.606638737,green
40.08,91.52,35.304,40.016,91.424,2775,0.954700555,1719678048,LPLC4_R,LPLC4,dend[2919],0.349986463,green
38.168,100.792,40.008,38.24,100.8,1705,0.968662281,1719678048,LPLC4_R,LPLC4,dend[1935],0.014866328,green
47.272,105.4,28.792,47.288,105.504,2579,0,1719678048,LPLC4_R,LPLC4,dend[3529],1,green
38.616,101.12,39.128,38.568,101,1706,0.080635481,1719678048,LPLC4_R,LPLC4,dend[1960],0.377064997,green
39.144,101.376,38.288,39.144,101.312,2384,0,1719678048,LPLC4_R,LPLC4,dend[1965],0.159218124,green
33.736,104.448,45.64,33.64,104.632,1789,0.999962687,1719678048,LPLC4_R,LPLC4,dend[1853],0.370688616,green
39.136,102.048,40.232,39.016,102.056,1704,0.97915605,1719678048,LPLC4_R,LPLC4,dend[1934],0.324916635,green
30.128,97.152,28.824,30.008,97.16,3595,1,1719678048,LPLC4_R,LPLC4,dend[2638],0.904960663,green
40.832,90.984,36.216,40.688,90.728,2777,0.997502268,1719678048,LPLC4_R,LPLC4,dend[2921],1,green
39.744,91.664,30.192,39.672,91.528,1599,0,1718645916,LPLC4,LPLC4,dend[2983],0.884242395,green
38.264,104.6,38.36,38.408,104.72,2364,0.348111701,1718645916,LPLC4,LPLC4,dend[1973],0.53349699,green
39.376,108.68,37.56,39.416,108.888,1712,0.947942999,1718645916,LPLC4,LPLC4,dend[1989],0.406940453,green
31.448,96.632,35.104,31.472,96.688,2687,0.951867111,1718645916,LPLC4,LPLC4,dend[2852],0.806400276,green
38.784,103.848,40.992,39.016,103.816,3121,0.26980211,1718645916,LPLC4,LPLC4,dend[1970],1,green
26.424,104.72,47.088,26.4,104.728,1765,0.962858739,1718645916,LPLC4,LPLC4,dend[2072],0.425233016,green
39.064,94.896,31.928,39.168,94.68,1356,0.248942247,1718645916,LPLC4,LPLC4,dend[2907],1,green
30.4,108.032,38.552,30.376,107.728,2248,0,1718645916,LPLC4,LPLC4,dend[2140],1,green
30.752,102.312,41.384,30.824,102.168,1871,0.998864385,1718645916,LPLC4,LPLC4,dend[2091],0.498555985,green
39.608,109,37.728,39.72,108.928,3512,1,1718645916,LPLC4,LPLC4,dend[1986],0.495469976,green
38.448,109.024,37.024,38.568,108.992,3513,1,1718645916,LPLC4,LPLC4,dend[2014],0.917530676,green
31.08,103.24,40.736,31.192,103.384,1735,0.949786551,1718645916,LPLC4,LPLC4,dend[2095],0.434571393,green
32.328,97.24,34.88,32.4,97.288,3840,0,1718645916,LPLC4,LPLC4,dend[2851],0.936660537,green
30.816,102.88,41.472,30.576,102.952,1737,0.998226173,1718645916,LPLC4,LPLC4,dend[2076],0.345588472,green
42.592,91.216,30.008,42.64,91.36,2641,0.165075473,1718645916,LPLC4,LPLC4,dend[3007],0.967232556,green
39.064,103.968,40.464,39.296,103.792,1700,0.974768892,1718645916,LPLC4,LPLC4,dend[1970],0.540845592,green
31.864,96.664,35.032,31.864,96.752,2687,0.951867111,1718645916,LPLC4,LPLC4,dend[2852],0.47175606,green
43.784,98.88,33.016,43.92,98.952,3262,0.988130488,1718645916,LPLC4,LPLC4,dend[3021],0.320818286,green
41.992,104.96,35.064,41.856,105.008,2708,0,1718645916,LPLC4,LPLC4,dend[1835],0.655436798,green
35.656,96.936,28.496,35.768,96.816,2737,0.911853021,1718308979,LPLC4_R,LPLC4,dend[2605],0.813165717,green
38.824,100.256,37.36,38.96,100.296,2378,0.98113785,1718308979,LPLC4_R,LPLC4,dend[1962],0.69529144,green
36.608,96.912,28.264,36.448,96.904,2740,0,1718308979,LPLC4_R,LPLC4,dend[2610],0.561772594,green
31.848,100.384,44.984,31.976,100.344,1998,0.936913333,1718308979,LPLC4_R,LPLC4,dend[1925],1,green
32.016,100.592,44.76,32.072,100.384,1998,0.936913333,1718308979,LPLC4_R,LPLC4,dend[1925],0.872298217,green
42.824,105.92,44.904,42.872,106.104,2093,0.994581302,1718308979,LPLC4_R,LPLC4,dend[2226],0.85377785,green
37.84,97.088,28.24,37.752,97.296,2735,0.945580608,1718308979,LPLC4_R,LPLC4,dend[2602],0.907276896,green
37.704,97.216,28.24,37.752,97.288,2735,0.945580608,1718308979,LPLC4_R,LPLC4,dend[2602],0.913953354,green
33.136,104.864,44.936,33.256,104.84,1789,0.999962687,1718308979,LPLC4_R,LPLC4,dend[1853],0.160159876,green
39.416,109.504,38.304,39.528,109.624,2497,0.328542269,1718308979,LPLC4_R,LPLC4,dend[1988],0.958069676,green
32.272,104.192,32.4,32.432,104.216,2668,0,1718308979,LPLC4_R,LPLC4,dend[2779],0.876263259,green
41.928,99.424,35.096,42.104,99.384,2805,0.987094544,1718308979,LPLC4_R,LPLC4,dend[3044],0.050714772,green
31.584,104.032,32.352,31.48,104.152,2674,0,1718308979,LPLC4_R,LPLC4,dend[2785],1,green
37.128,97.752,28.424,37.08,97.8,2021,0.979855823,1718308979,LPLC4_R,LPLC4,dend[2601],0.22654539,green
31.96,105.392,47.12,32.088,105.512,1790,0.975600246,1718308979,LPLC4_R,LPLC4,dend[1877],0.801232157,green
32.848,105.056,45.36,33.072,104.976,1789,0.999962687,1718308979,LPLC4_R,LPLC4,dend[1853],0.376292462,green
32.856,104,32.784,32.92,104.024,2668,0,1718308979,LPLC4_R,LPLC4,dend[2805],0.963273533,green
31.92,109.264,36.832,32.04,109.216,2244,0.99285409,1718308979,LPLC4_R,LPLC4,dend[2147],0.884469042,green
43.4,105.984,45.072,43.4,106.184,2093,0.994581302,1718308979,LPLC4_R,LPLC4,dend[2230],0.264831145,green
40.28,109,33.2,40.192,109.064,2719,0.948761412,1718308979,LPLC4_R,LPLC4,dend[1820],0.923161354,green
41.336,108.96,32.184,41.4,109,2718,0,1718308979,LPLC4_R,LPLC4,dend[1819],0.481795534,green
41.712,108.448,31.904,41.768,108.552,2716,0.982887726,1718308979,LPLC4_R,LPLC4,dend[1811],0.446101394,green
33.384,98.184,26.28,33.568,98.04,2612,0,1717968338,LPLC4,LPLC4,dend[2619],0.802200688,green
28.808,104.4,44.592,28.688,104.504,1849,0.999155562,1717968338,LPLC4,LPLC4,dend[2103],1,green
40.304,91.04,36.88,40.152,91,2779,0.142719789,1717968338,LPLC4,LPLC4,dend[2923],0.488212653,green
32.624,97.312,35.096,32.688,97.36,3840,0,1717968338,LPLC4,LPLC4,dend[2851],0.862149161,green
25.28,102.152,39.888,25.28,102.032,1741,0.919357781,1717968338,LPLC4,LPLC4,dend[2036],0.742211421,green
25.6,102.272,40.456,25.568,102.168,1741,0.919357781,1717968338,LPLC4,LPLC4,dend[2035],1,green
33.144,105.408,47.528,33.096,105.536,1790,0.975600246,1717968338,LPLC4,LPLC4,dend[1854],0.527913603,green
38.88,109.272,37.248,38.944,109.152,1712,0.947942999,1717968338,LPLC4,LPLC4,dend[1989],0.845290813,green
33.456,97.952,26.296,33.552,98,2612,0,1717968338,LPLC4,LPLC4,dend[2619],0.877545548,green
31.752,100.016,31.52,31.576,100.112,1945,0.985805041,1717968338,LPLC4,LPLC4,dend[2826],0.669890551,green
38.072,93.416,29.72,38.16,93.544,2700,0.97494878,1717968338,LPLC4,LPLC4,dend[3014],0.525330369,green
45.432,101,24.304,45.544,100.904,2534,0,1717968338,LPLC4,LPLC4,dend[3493],1,green
43.904,99.872,34.016,43.848,99.984,2796,0,1717968338,LPLC4,LPLC4,dend[3020],0.615240937,green
43.968,99.352,33.712,44,99.184,2794,0.937381879,1717968338,LPLC4,LPLC4,dend[3018],0.410561732,green
34.456,107.392,47.4,34.152,107.4,1813,0.966442524,1717968338,LPLC4,LPLC4,dend[1879],0.077746637,green
34.424,107.456,47.896,34.232,107.552,1813,0.966442524,1717968338,LPLC4,LPLC4,dend[1879],0.20726827,green
46.088,101.984,24.512,45.88,102.008,2535,0.990319677,1717968338,LPLC4,LPLC4,dend[3492],1,green
46.104,102.064,24.464,45.88,102.016,2535,0.990319677,1717968338,LPLC4,LPLC4,dend[3492],1,green
28.792,99.56,33.752,28.792,99.504,3829,0,1717968338,LPLC4,LPLC4,dend[2817],0.74920598,green
26.52,100.04,48.008,26.568,99.976,1757,0.497863179,1717968338,LPLC4,LPLC4,dend[2066],0.371676837,green
26.704,100.736,48.064,26.624,100.624,1756,0.993248742,1717968338,LPLC4,LPLC4,dend[2065],0.354268265,green
69.776,126.408,19.44,69.864,126.584,647,0.984823873,1715459859,LC4,LC4,dend[1655],1,blue
69.808,126.656,18.592,69.648,126.744,3389,0,1715459859,LC4,LC4,dend[1655],0.312984026,blue
70.976,126.4,34.552,70.88,126.368,171,0.991230516,1715459859,LC4,LC4,dend[713],1,blue
78.856,122.648,43.48,78.64,122.544,42,0.995142586,1715459859,LC4,LC4,dend[587],0.417782463,blue
76.736,124.352,42.848,76.672,124.264,39,0.960581879,1715459859,LC4,LC4,dend[557],0.628854096,blue
56.288,115.208,35.168,56.392,114.992,3312,1,1715459859,LC4,LC4,dend[823],0.574784029,blue
56,114.376,35.696,56.024,114.44,425,0,1715459859,LC4,LC4,dend[823],0.885689918,blue
56.776,114.208,35.816,56.696,114.12,425,0,1715459859,LC4,LC4,dend[823],1,blue
78.712,129.768,35.032,78.664,129.632,184,0.251053922,1715459859,LC4,LC4,dend[725],0.8019375,blue
81.896,124.416,42.48,81.952,124.328,18,0.991055168,1715459859,LC4,LC4,dend[526],0.169261347,blue
78.04,129.496,35.312,78.048,129.52,183,0.980917867,1715459859,LC4,LC4,dend[724],0.074558821,blue
56.232,116.888,33.488,56.152,116.92,414,0.978555519,1715459859,LC4,LC4,dend[811],0.761938565,blue
63.28,118.848,24.376,63.288,118.672,461,0.991641054,1715459859,LC4,LC4,dend[1685],1,blue
66.968,124.08,21.424,66.896,124.032,848,0.973668176,1715459859,LC4,LC4,dend[1520],0.330674494,blue
64.168,126.136,13.704,64.152,126.096,1154,0.956894192,1715459859,LC4,LC4,dend[1410],1,blue
67.448,123.664,22.28,67.4,123.568,860,0.957972609,1715459859,LC4,LC4,dend[1533],1,blue
75.664,126.688,40.32,75.76,126.6,15,0.990860111,1715459859,LC4,LC4,dend[610],1,blue
75.584,125.04,42.072,75.496,124.856,38,0.933110804,1715459859,LC4,LC4,dend[589],0.219296794,blue
76.592,129.864,35.144,76.592,130.008,182,0.980970952,1715459859,LC4,LC4,dend[723],0.479354462,blue
71.592,127.544,33.864,71.496,127.6,172,0.985497338,1715459859,LC4,LC4,dend[715],0.618713782,blue
74.848,126.248,39.824,75.032,126.088,15,0.990860111,1715459859,LC4,LC4,dend[610],0.385664901,blue
75.56,125.304,41.36,75.592,125.2,38,0.933110804,1715459859,LC4,LC4,dend[556],0.669088203,blue
56.736,114.408,15.144,56.736,114.248,950,0.985035824,1690020010,LPLC1,LPLC1,dend[1025],0.776149299,red
63.776,107.448,17.8,63.832,107.304,1027,0,1690020010,LPLC1,LPLC1,dend[1186],0.582425486,red
57.176,112.304,23.328,57.368,112.392,1156,0.979335767,1690020010,LPLC1,LPLC1,dend[975],0.383445643,red
58.128,103.616,36.88,58.216,103.704,3194,0.997460401,1690020010,LPLC1,LPLC1,dend[1788],1,red
59.408,97.16,39.776,59.264,97.2,1442,0.169066742,1690020010,LPLC1,LPLC1,dend[3589],0.307810634,red
60.512,100.552,25,60.512,100.648,2968,0.983585187,1690020010,LPLC1,LPLC1,dend[3190],0.526585719,red
64.456,106.424,9.6,64.56,106.464,598,0.99890695,1690020010,LPLC1,LPLC1,dend[1108],1,red
56.648,100.856,30.176,56.528,100.8,2867,0.121658014,1690020010,LPLC1,LPLC1,dend[3550],0.435958597,red
59.032,113.28,12.912,59.128,113.336,952,0.941258267,1690020010,LPLC1,LPLC1,dend[1048],0.718316392,red
58.16,94.16,42.976,58.24,94.304,2166,0.98066715,1690020010,LPLC1,LPLC1,dend[3669],0.603463268,red
63.024,107.2,17.288,63.256,107.272,1028,0.89876698,1690020010,LPLC1,LPLC1,dend[1187],0.08656997,red
61.392,108.92,9.976,61.264,108.88,598,0.99890695,1690020010,LPLC1,LPLC1,dend[1077],0.263228737,red
61.504,109.288,10.744,61.48,109.128,598,0.99890695,1690020010,LPLC1,LPLC1,dend[1077],0.186458138,red
56.36,94.84,47.84,56.272,94.984,568,0,1690020010,LPLC1,LPLC1,dend[169],0.802885623,red
57.088,114.384,18.048,57.12,114.552,1203,0,1690020010,LPLC1,LPLC1,dend[1008],0.58102564,red
56.568,114.416,17.832,56.416,114.368,1203,0,1690020010,LPLC1,LPLC1,dend[1008],0.833147811,red
66.632,106.456,8.28,66.6,106.32,600,0.998614686,1690020010,LPLC1,LPLC1,dend[1079],0.776600562,red
59.072,100.872,36.264,58.928,100.84,3242,0.979126734,1690020010,LPLC1,LPLC1,dend[2308],0.925763846,red
60.16,99.8,24.512,60.048,99.976,2967,0.501148706,1690020010,LPLC1,LPLC1,dend[3183],0.461467558,red
59.272,97.648,38.984,59.216,97.816,1441,0.999966433,1690020010,LPLC1,LPLC1,dend[3592],0.773051686,red
64.168,107.344,18.168,64.08,107.272,1027,0,1690020010,LPLC1,LPLC1,dend[1186],0.33665929,red
55.272,100.352,36.944,55.312,100.48,3238,0.990395716,1690015835,LPLC1_R,LPLC1,dend[2304],0.788165653,red
53.936,97.968,37.128,53.872,98.032,3234,0.972747635,1690015835,LPLC1_R,LPLC1,dend[2301],0.314251213,red
56.64,95.344,47.816,56.456,95.312,3758,1,1690015835,LPLC1_R,LPLC1,dend[170],1,red
56.208,96.888,48.808,56.104,96.968,591,0.993271378,1690015835,LPLC1_R,LPLC1,dend[3744],0.813074882,red
56.76,108.784,18.416,56.696,108.848,1039,0.953555244,1690015835,LPLC1_R,LPLC1,dend[1218],0.157970969,red
56.88,98.44,18.552,56.728,98.32,2652,0,1690015835,LPLC1_R,LPLC1,dend[3302],1,red
56.592,98.384,18.168,56.48,98.32,2652,0,1690015835,LPLC1_R,LPLC1,dend[3302],1,red
52.504,94.008,54.872,52.36,93.968,431,0.399229972,1690015835,LPLC1_R,LPLC1,dend[54],0.344300575,red
55.032,101.088,33.096,55.176,101.088,3217,0.460544378,1690015835,LPLC1_R,LPLC1,dend[3082],0.59584037,red
55.48,94.36,51.856,55.384,94.344,480,0.997917415,1690015835,LPLC1_R,LPLC1,dend[104],1,red
54.784,101.264,33.208,54.624,101.224,3216,0,1690015835,LPLC1_R,LPLC1,dend[3080],1,red
55.592,96.704,42.912,55.56,96.72,2178,0.972219244,1690015835,LPLC1_R,LPLC1,dend[3664],0.971950141,red
55.632,105.136,23.112,55.504,104.96,3001,0.965163584,1690015835,LPLC1_R,LPLC1,dend[3152],0.20453703,red
55.768,96.408,43.144,55.672,96.424,2178,0.972219244,1690015835,LPLC1_R,LPLC1,dend[3664],0.732959877,red
55.672,105.92,23.472,55.712,105.936,3002,0,1690015835,LPLC1_R,LPLC1,dend[3153],1,red
56.224,95.584,43.168,55.968,95.632,2179,0.119670758,1690015835,LPLC1_R,LPLC1,dend[3665],1,red
62.88,107.768,16.56,62.88,107.704,1029,0.977697672,1690015835,LPLC1_R,LPLC1,dend[1187],0.976521399,red
55.88,111.376,23.792,55.96,111.36,1171,0,1690015835,LPLC1_R,LPLC1,dend[988],0.924145112,red
54.832,104.984,36.96,54.68,105.064,3180,0,1690015835,LPLC1_R,LPLC1,dend[1793],0.958610483,red
53.952,98.528,36.88,53.952,98.608,3234,0.972747635,1690015835,LPLC1_R,LPLC1,dend[2301],0.684969416,red
57.744,99.536,26.072,57.528,99.512,3847,0.437109087,1690015835,LPLC1_R,LPLC1,dend[3333],1,red
57.832,109.264,8.192,57.952,109.192,993,0.435967986,1690015835,LPLC1_R,LPLC1,dend[1062],1,red
55.536,104.504,22.496,55.616,104.384,3001,0.965163584,1690011290,LPLC1_R,LPLC1,dend[3152],0.591200493,red
54.432,101.152,33.208,54.544,101.2,3216,0,1690011290,LPLC1_R,LPLC1,dend[3080],1,red
55.128,103.112,24.576,55.064,103.072,3667,0,1690011290,LPLC1_R,LPLC1,dend[3159],1,red
58.344,100.056,32.384,58.184,99.984,2871,0.999698847,1690011290,LPLC1_R,LPLC1,dend[3537],0.477804056,red
61.072,101.008,24.824,60.952,101.032,2968,0.983585187,1690011290,LPLC1_R,LPLC1,dend[3185],0.17635079,red
56.504,106.928,17.544,56.464,106.856,1042,0.888236527,1690011290,LPLC1_R,LPLC1,dend[1210],0.130334719,red
55.24,103.688,24.416,55.08,103.704,2992,0.997191165,1690011290,LPLC1_R,LPLC1,dend[3148],0.303224711,red
57.664,109.384,23,57.576,109.424,1161,0.991110564,1690011290,LPLC1_R,LPLC1,dend[980],0.299302951,red
53.896,100.12,42.608,54.016,100.064,3304,1,1690011290,LPLC1_R,LPLC1,dend[3619],1,red
54.648,100.936,33,54.728,101.088,3217,0.561601462,1690011290,LPLC1_R,LPLC1,dend[3082],0.294833918,red
56.168,94.768,39.336,56.16,94.592,3845,0.091087092,1690011290,LPLC1_R,LPLC1,dend[2540],0.559971379,red
58.76,94.328,43.224,58.688,94.256,2167,0.996919285,1690011290,LPLC1_R,LPLC1,dend[3670],0.578697719,red
61.856,112.032,14.048,61.832,111.904,1200,0.987890007,1690011290,LPLC1_R,LPLC1,dend[1116],0.611868925,red
63.984,105.6,18.752,63.856,105.616,1017,0.390618974,1690011290,LPLC1_R,LPLC1,dend[1176],0.587164146,red
60.136,112.472,16.928,60.048,112.392,3438,1,1690011290,LPLC1_R,LPLC1,dend[1128],0.801973987,red
54.688,101.904,26.976,54.496,101.792,3008,0.990995043,1690011290,LPLC1_R,LPLC1,dend[3163],1,red
59.064,94.952,42.152,58.928,95.104,2170,0,1690011290,LPLC1_R,LPLC1,dend[3674],0.569476658,red
54.376,98.768,36.208,54.184,98.864,3234,0.972747635,1690011290,LPLC1_R,LPLC1,dend[2303],0.09929626,red
60.856,100.864,25.176,60.848,101.056,2968,0.983585187,1690011142,LPLC1,LPLC1,dend[3185],0.270908217,red
61.216,104.736,5.04,61.096,104.632,989,0,1690011142,LPLC1,LPLC1,dend[1099],1,red
60.928,105.128,4.936,60.864,104.96,989,0,1690011142,LPLC1,LPLC1,dend[1099],1,red
56.144,92.76,23.84,56.112,92.68,3292,0.984038079,1690011142,LPLC1,LPLC1,dend[3111],0.694960849,red
56.672,105.088,36.256,56.552,105.176,3191,0,1690011142,LPLC1,LPLC1,dend[1789],0.300089068,red
57.472,104.944,36.848,57.496,105.032,3274,0.980418769,1690011142,LPLC1,LPLC1,dend[1787],1,red
58.2,103.784,36.96,58.288,103.64,3194,0.997460401,1690011142,LPLC1,LPLC1,dend[1788],1,red
58.328,103.864,36.816,58.272,103.848,3194,0.997460401,1690011142,LPLC1,LPLC1,dend[1788],0.965763221,red
57.288,104.656,37.008,57.152,104.68,3274,0.980418769,1690011142,LPLC1,LPLC1,dend[1787],1,red
58.776,113.04,13.976,58.792,113.2,951,0,1690011142,LPLC1,LPLC1,dend[1048],0.010783528,red
58.112,112.472,15.536,58.232,112.536,948,0.982124447,1689994425,LPLC1_R,LPLC1,dend[1023],0.669230926,red
55.472,91.616,36.368,55.448,91.896,2910,0.151856462,1689994425,LPLC1_R,LPLC1,dend[2548],1,red
56.376,110.704,26.296,56.336,110.608,2355,0.183156229,1689994425,LPLC1_R,LPLC1,dend[957],0.283795825,red
55.616,109.424,33.096,55.392,109.312,381,0,1689994425,LPLC1_R,LPLC1,dend[1763],1,red
55.232,110.392,30.488,55.176,110.248,3371,1,1689994425,LPLC1_R,LPLC1,dend[846],0.302678419,red
52.792,103.176,40.96,52.52,103.4,3306,1,1689994425,LPLC1_R,LPLC1,dend[294],1,red
58.816,110.944,19.984,58.952,110.936,1035,0.540313559,1689994425,LPLC1_R,LPLC1,dend[1198],0.770957643,red
52.352,103.32,40.984,52.336,103.432,3306,1,1689994425,LPLC1_R,LPLC1,dend[294],1,red
63.512,106.632,9.72,63.776,106.592,598,0.99890695,1689994425,LPLC1_R,LPLC1,dend[1077],0.85447453,red
56.64,97.304,48.024,56.64,97.344,593,0,1689994425,LPLC1_R,LPLC1,dend[3747],0.386286654,red
63.328,107.28,10.144,63.408,107.352,598,0.99890695,1689994425,LPLC1_R,LPLC1,dend[1077],0.683399885,red
58.232,107.552,25.88,58.28,107.432,3082,0.994222786,1689994425,LPLC1_R,LPLC1,dend[860],0.302965346,red
58.656,112.352,15.208,58.576,112.584,948,0.982124447,1689994425,LPLC1_R,LPLC1,dend[1023],0.667894653,red
55.28,106.168,35.68,55.144,106.192,3184,0,1689994425,LPLC1_R,LPLC1,dend[1794],0.313942348,red
55.088,93.816,38.336,54.968,93.904,2896,0.994186621,1689994425,LPLC1_R,LPLC1,dend[2540],0.107715843,red
55.568,92.368,36.256,55.36,92.336,2910,0.030025404,1689994425,LPLC1_R,LPLC1,dend[2548],0.680575558,red
56.352,98.896,47.44,56.184,98.784,588,0.981252049,1689994425,LPLC1_R,LPLC1,dend[3753],1,red
55.016,106.952,33.144,54.936,106.808,3309,1,1689994425,LPLC1_R,LPLC1,dend[829],0.596709861,red
54.344,103.048,38.32,54.48,102.976,3100,0.976407465,1689994425,LPLC1_R,LPLC1,dend[352],0.244814115,red
58.808,110.008,19.768,58.696,110.016,1036,0.996037315,1689994425,LPLC1_R,LPLC1,dend[1200],0.310511473,red
54.888,105.744,35.736,54.904,105.912,3184,0,1689994425,LPLC1_R,LPLC1,dend[1794],0.263725552,red
57.592,106.736,26.728,57.656,106.848,3085,0,1689994425,LPLC1_R,LPLC1,dend[864],0.875849706,red
56.512,105.888,37.312,56.416,105.8,3187,0.564099325,1689994425,LPLC1_R,LPLC1,dend[1790],1,red
57.968,104.064,4.776,57.984,104.008,619,0.501435575,1689994425,LPLC1_R,LPLC1,dend[1096],1,red
57.688,103.784,3.8,57.688,103.752,620,0.218196239,1689994425,LPLC1_R,LPLC1,dend[1097],0.19988625,red
55.328,112.808,21.224,55.48,112.776,1192,0.9644757,1689994425,LPLC1_R,LPLC1,dend[998],0.041726329,red
58.216,110.536,20.016,58.272,110.48,1218,0.884091763,1689994425,LPLC1_R,LPLC1,dend[1201],0.708042621,red
58.104,107.176,25.8,58.24,107.184,3082,0.994222786,1689994425,LPLC1_R,LPLC1,dend[860],0.461058254,red
58.488,99.416,31.912,58.6,99.376,2872,0.384155109,1689994425,LPLC1_R,LPLC1,dend[3538],0.761274189,red
55.6,111.704,29.16,55.552,111.736,382,0.998851107,1689994425,LPLC1_R,LPLC1,dend[949],1,red
54.8,105.176,36.92,54.688,105.128,3180,0.474125825,1689994425,LPLC1_R,LPLC1,dend[1793],0.907651378,red
57.512,108.912,28.96,57.512,108.816,3072,0.949638474,1689994325,LPLC1_R,LPLC1,dend[856],0.355498763,red
63.288,104.088,5.008,63.352,104.272,613,0,1689994325,LPLC1_R,LPLC1,dend[1090],0.843919629,red
56.496,115.328,14.28,56.576,115.208,956,0.046538214,1689994325,LPLC1_R,LPLC1,dend[1043],1,red
58.32,106.728,25.768,58.448,106.752,3477,1,1689994325,LPLC1_R,LPLC1,dend[860],0.777453265,red
57.184,109.792,18.52,57.264,109.68,1037,0.997181941,1689994325,LPLC1_R,LPLC1,dend[1205],0.93790188,red
56.44,101.712,37.776,56.536,101.712,3240,0.987715739,1689994325,LPLC1_R,LPLC1,dend[2306],0.608625714,red
59.456,100.704,23.592,59.576,100.688,2964,0.97990883,1689994034,LPLC1,LPLC1,dend[3193],1,red
57.144,106.728,29.744,56.96,106.784,3076,0.981704185,1689994034,LPLC1,LPLC1,dend[873],1,red
61.08,109.856,18.832,61.008,109.688,1008,0.986799398,1689994034,LPLC1,LPLC1,dend[1166],0.706795893,red
57.8,101.664,37.384,57.792,101.768,3243,0,1689994034,LPLC1,LPLC1,dend[2310],1,red
64.68,108.936,19.176,64.744,108.8,1032,0.965163162,1689994034,LPLC1,LPLC1,dend[1185],1,red
57.304,105.224,36.672,57.376,105.152,3194,0,1689994034,LPLC1,LPLC1,dend[1787],1,red
57.144,104.504,37.008,57.104,104.656,3193,0.965279811,1689994034,LPLC1,LPLC1,dend[1787],1,red
60.504,100.928,25,60.544,100.776,2968,0.983585187,1689994034,LPLC1,LPLC1,dend[3190],1,red
55.992,92.112,43.192,56.152,92.04,2181,0,1689994034,LPLC1,LPLC1,dend[3712],0.879757208,red
57.84,102.064,37.528,57.656,101.96,3243,0,1689994034,LPLC1,LPLC1,dend[2310],1,red
57.92,101.52,37.176,57.952,101.632,3241,0.959328721,1689994034,LPLC1,LPLC1,dend[2307],0.503566331,red
60.904,109.688,11.216,61.016,109.664,598,0.99890695,1689994034,LPLC1,LPLC1,dend[1077],0.022006757,red
57.432,97.6,47.896,57.52,97.416,594,0.946500392,1689994034,LPLC1,LPLC1,dend[3749],0.219285419,red
56.88,108.472,28.576,57.008,108.576,3072,0.949638474,1689994034,LPLC1,LPLC1,dend[856],0.457490964,red
57.376,108.176,27.56,57.4,108.32,3080,0,1689994034,LPLC1,LPLC1,dend[858],0.193666239,red
55.888,97.864,47.528,55.848,97.96,584,0.99941076,1689994034,LPLC1,LPLC1,dend[3741],0.185088656,red
56.472,97.736,48.288,56.384,97.592,589,0,1689994034,LPLC1,LPLC1,dend[3742],0.91371955,red
58.024,97.44,25.192,58.016,97.592,3144,0,1689994034,LPLC1,LPLC1,dend[3331],0.499116117,red
59.264,99.408,23.976,59.208,99.576,2962,0.998981384,1689994034,LPLC1,LPLC1,dend[3182],0.230601204,red
55.192,92.608,43.296,55,92.592,2200,0,1689994034,LPLC1,LPLC1,dend[3722],1,red
57.496,107.784,26.624,57.408,107.848,3080,0.956368985,1689994034,LPLC1,LPLC1,dend[858],0.804877318,red
58.856,101.512,26.496,58.728,101.424,3013,0,1689994034,LPLC1,LPLC1,dend[3142],1,red
57.216,108.888,22.712,57.296,108.768,1161,0.991110564,1689994034,LPLC1,LPLC1,dend[980],0.755994551,red
57.312,109.088,23.04,57.36,108.984,1161,0.991110564,1689994034,LPLC1,LPLC1,dend[980],0.56824138,red
62.984,104.4,5.136,63.248,104.48,613,0,1689994034,LPLC1,LPLC1,dend[1090],0.653978536,red
55.272,92.152,42.224,55.304,92.048,2171,0,1689994034,LPLC1,LPLC1,dend[3689],0.6285205,red
59.808,111.648,15.008,59.824,111.568,392,0.575435514,1689993656,LPLC1_R,LPLC1,dend[1127],0.585978923,red
56.68,99.848,43.416,56.56,99.872,1411,0.89588777,1689993656,LPLC1_R,LPLC1,dend[3609],1,red
54.272,106.584,36.248,54.184,106.536,3308,1,1689993656,LPLC1_R,LPLC1,dend[1779],0.389848868,red
64.496,106.376,19.088,64.512,106.44,1016,0.997719259,1689993656,LPLC1_R,LPLC1,dend[1173],0.871075595,red
56.52,100.048,43,56.4,100.168,1411,0.89588777,1689993656,LPLC1_R,LPLC1,dend[3609],0.862415681,red
56.512,109.88,26.32,56.704,109.824,2351,0.999459418,1689993656,LPLC1_R,LPLC1,dend[958],0.300579275,red
56.336,99.632,42.32,56.312,99.592,1418,0,1689993656,LPLC1_R,LPLC1,dend[3606],1,red
57.488,97.072,24.976,57.488,97.12,3144,0,1689993656,LPLC1_R,LPLC1,dend[3331],0.318052825,red
67.632,105.536,8.496,67.624,105.528,602,0.980801747,1689993656,LPLC1_R,LPLC1,dend[1081],0.434930881,red
55.424,114.896,22.584,55.496,114.832,1175,0,1689993656,LPLC1_R,LPLC1,dend[1226],0.259719669,red
55.32,93.104,35.864,55.176,93.112,2908,0.989465192,1689993656,LPLC1_R,LPLC1,dend[2544],0.841701954,red
56.384,111.048,27.704,56.496,111.112,2347,0.993565487,1689993656,LPLC1_R,LPLC1,dend[954],0.335374489,red
56.488,101.6,41.968,56.416,101.656,1419,0,1689993656,LPLC1_R,LPLC1,dend[3616],0.882807632,red
56.168,111.664,28.584,56.2,111.616,3373,1,1689993656,LPLC1_R,LPLC1,dend[963],0.800721116,red
57.12,97.472,36.048,57.088,97.552,3247,0.883962365,1689993656,LPLC1_R,LPLC1,dend[2315],1,red
54.648,93.464,35.184,54.648,93.44,2890,0.995756481,1689993656,LPLC1_R,LPLC1,dend[2523],0.690003551,red
57.072,97.448,36.048,57.088,97.544,3247,0.883962365,1689993656,LPLC1_R,LPLC1,dend[2315],1,red
55.768,119.248,17.928,55.616,119.28,906,0,1689993656,LPLC1_R,LPLC1,dend[1135],0.485944211,red
58.6,99.704,23.104,58.76,99.552,2963,0,1689993656,LPLC1_R,LPLC1,dend[3192],0.283376577,red
57.496,109.248,23.056,57.392,109.24,1161,0.991110564,1689993656,LPLC1_R,LPLC1,dend[980],0.429252708,red
60.12,109.528,12.88,60.2,109.568,393,0.983837271,1689993656,LPLC1_R,LPLC1,dend[1052],0.729966727,red
57.864,96.832,24.88,57.712,97.008,3144,0,1689993656,LPLC1_R,LPLC1,dend[3331],0.337567081,red
56.36,107.864,29.464,56.536,107.848,3073,0,1689989557,LPLC1_R,LPLC1,dend[867],1,red
55.488,106.264,35.664,55.496,106.328,3850,0.985654736,1689989557,LPLC1_R,LPLC1,dend[1794],0.391501607,red
55.096,105.848,35.696,54.96,105.952,3184,0,1689989557,LPLC1_R,LPLC1,dend[1794],0.278708832,red
59.408,103.928,26.984,59.528,103.952,2970,0.947513226,1689989557,LPLC1_R,LPLC1,dend[3187],0.741435105,red
59.736,104.176,4.464,59.616,104.296,617,0.999142902,1689989557,LPLC1_R,LPLC1,dend[1094],0.428609809,red
60.68,104.568,4.744,60.792,104.688,989,0,1689989557,LPLC1_R,LPLC1,dend[1099],0.973930875,red
55.104,100.008,42.32,54.992,99.96,1405,0,1689989271,LPLC1,LPLC1,dend[3617],1,red
55.928,92.632,23.896,56.064,92.672,3672,1,1689989271,LPLC1,LPLC1,dend[3111],0.59420615,red
61.824,107.904,19.152,61.704,108.016,1187,0.390797429,1689989271,LPLC1,LPLC1,dend[1191],0.805406946,red
62.76,108.24,19.232,62.752,108.2,1013,0.976211413,1689989271,LPLC1,LPLC1,dend[1170],0.498159377,red
55.888,99.928,42.184,55.904,99.912,1410,0.998536372,1689989271,LPLC1,LPLC1,dend[3608],0.467541218,red
55.12,102.456,38.544,54.976,102.456,3103,0,1689989271,LPLC1,LPLC1,dend[355],1,red
55.264,102.48,38.456,55.048,102.432,3103,0,1689989271,LPLC1,LPLC1,dend[355],1,red
62.008,108.312,19.192,61.92,108.312,1013,0.976211413,1689989271,LPLC1,LPLC1,dend[1170],0.095328011,red
59.8,109.752,11.984,59.8,109.864,3441,1,1689989271,LPLC1,LPLC1,dend[1071],0.727549958,red
60.872,109.8,11.368,60.944,109.744,597,0.999410295,1689989271,LPLC1,LPLC1,dend[1076],1,red
59.104,102.784,32.672,59.12,102.584,3844,0.461564737,1689989271,LPLC1,LPLC1,dend[3546],1,red
55.904,109.936,30.448,55.752,109.904,3054,0.99965246,1689989271,LPLC1,LPLC1,dend[876],1,red
55.36,109.144,30.624,55.536,109.272,3066,0,1689989271,LPLC1,LPLC1,dend[854],0.548215353,red
73.416,118.992,43.376,73.52,119.072,262,0.64780165,1688505620,LC4,LC4,dend[471],0.731206873,blue
73.664,120.232,42.4,73.592,120.112,266,0.996388349,1688505620,LC4,LC4,dend[475],1,blue
75.168,123.952,42.44,75.176,124.12,45,0.872083432,1688505620,LC4,LC4,dend[590],0.350537624,blue
57.96,121.392,26.512,57.904,121.424,865,0,1688505620,LC4,LC4,dend[1742],1,blue
57.992,121.36,26.648,57.888,121.384,865,0,1688505620,LC4,LC4,dend[1711],0.731607145,blue
58.312,120.168,35.408,58.184,120.048,346,0.982473799,1688505620,LC4,LC4,dend[796],1,blue
62.368,124.232,35.296,62.368,124.208,295,0.484483016,1688505620,LC4,LC4,dend[440],0.887952398,blue
70.544,124.48,37.32,70.552,124.384,7,0.998380556,1688505620,LC4,LC4,dend[519],0.728253335,blue
74.344,122.984,41.144,74.568,123.04,43,0,1688505620,LC4,LC4,dend[588],0.766278454,blue
61.824,123.328,35.384,61.888,123.488,295,0.157478978,1688505620,LC4,LC4,dend[440],0.50540382,blue
68.52,123.68,18.272,68.432,123.696,1083,0.99287325,1688505620,LC4,LC4,dend[1668],1,blue
75.016,123.576,41.816,75.112,123.56,43,0,1688505620,LC4,LC4,dend[588],0.34054539,blue
71.272,124.808,20.408,71.056,124.744,650,0.994438942,1688505620,LC4,LC4,dend[1658],0.200404177,blue
45.448,101.4,23.2,45.424,101.488,2533,0.999107414,1686932677,LPLC4_R,LPLC4,dend[3464],0.444253594,green
32.832,103.592,44.16,33.024,103.56,1836,0.983293208,1686932677,LPLC4_R,LPLC4,dend[1908],0.885934103,green
25.656,98.208,31.152,25.84,98.24,1467,0.925780569,1686932677,LPLC4_R,LPLC4,dend[2642],1,green
42.144,106.728,43.8,41.984,106.544,2093,0.994581302,1686932677,LPLC4_R,LPLC4,dend[2232],1,green
40.52,107.856,43.488,40.488,107.608,2100,0,1686932677,LPLC4_R,LPLC4,dend[2233],0.133187975,green
45.152,89.36,33.304,45.336,89.256,2846,0.94789464,1686932677,LPLC4_R,LPLC4,dend[2501],0.97454498,green
26.032,98.336,31.56,26.12,98.456,1467,0.925780569,1686932677,LPLC4_R,LPLC4,dend[2642],1,green
38.712,107.4,41.416,38.608,107.448,2101,0.193909548,1686932677,LPLC4_R,LPLC4,dend[2220],1,green
38.128,97.784,27.2,37.944,97.944,2610,0.991407904,1686932677,LPLC4_R,LPLC4,dend[2626],0.793806362,green
41.528,106.272,44.272,41.648,106.136,2093,0.994581302,1686932677,LPLC4_R,LPLC4,dend[2231],0.875407675,green
41.016,95.12,32.872,41.04,95.04,1348,0.997854244,1686932677,LPLC4_R,LPLC4,dend[2914],0.833329717,green
41.008,107.24,43.552,41.048,107.2,2091,0.97799719,1686932677,LPLC4_R,LPLC4,dend[2224],0.513421297,green
44.904,100.864,24.168,44.912,100.744,2534,0,1686932677,LPLC4_R,LPLC4,dend[3458],0.581335927,green
35.704,104.088,39.712,35.704,104.224,2357,0.975402331,1686932677,LPLC4_R,LPLC4,dend[2165],0.186603668,green
35.448,95.008,32.808,35.416,94.92,1967,0.900774054,1686932677,LPLC4_R,LPLC4,dend[2901],0.6165197,green
41.136,95.088,33.84,41.304,95.064,1350,0.581577035,1686932677,LPLC4_R,LPLC4,dend[2914],1,green
37.648,106.928,39.888,37.544,107,1728,0.997912907,1686932677,LPLC4_R,LPLC4,dend[2024],0.392658419,green
41.152,93.056,35.8,41.24,92.968,2785,0.903942466,1686932677,LPLC4_R,LPLC4,dend[2951],1,green
53.976,100.96,39.888,54.04,101.024,3306,1,1660219098,LPLC1_R,LPLC1,dend[282],0.973600923,red
56.64,107.92,29.456,56.64,107.84,3073,0,1660219098,LPLC1_R,LPLC1,dend[875],0.133301553,red
56.216,95.448,43.464,56.224,95.552,2179,0,1660219098,LPLC1_R,LPLC1,dend[3665],1,red
55.656,101.648,37.696,55.696,101.528,3244,0,1660219098,LPLC1_R,LPLC1,dend[2311],1,red
59.736,100.992,11.528,59.816,100.936,2326,0.077375674,1660219098,LPLC1_R,LPLC1,dend[3292],1,red
58.736,94.536,43.512,58.768,94.296,2167,0.996919285,1660219098,LPLC1_R,LPLC1,dend[3672],0.724625845,red
60.216,100.784,11.504,60.2,100.712,2325,0.996920047,1660219098,LPLC1_R,LPLC1,dend[3291],0.331606376,red
59.216,113.12,18.28,59.2,113.136,3437,1,1660219098,LPLC1_R,LPLC1,dend[1017],0.448948685,red
59.336,113.376,13.544,59.184,113.408,952,0.941258267,1660219098,LPLC1_R,LPLC1,dend[1048],0.340142683,red
61.192,105.664,18.288,61.192,105.688,1018,0.984743339,1660219098,LPLC1_R,LPLC1,dend[1177],0.888814097,red
55.664,112.624,21.184,55.616,112.688,1191,0.954907573,1659331215,LPLC1,LPLC1,dend[997],0.96664317,red
58.192,100.904,34.376,58.312,100.776,3843,0.116684082,1659331215,LPLC1,LPLC1,dend[3537],1,red
55.68,101.456,37.704,55.72,101.528,3244,0,1659331215,LPLC1,LPLC1,dend[2311],1,red
60.56,102.512,26.136,60.488,102.488,2969,0.860335033,1659331215,LPLC1,LPLC1,dend[3186],0.003194223,red
60.968,104.672,5.072,60.936,104.744,989,0,1659331215,LPLC1,LPLC1,dend[1099],1,red
62.08,111.088,14.344,61.96,111.032,1200,0.987890007,1659331215,LPLC1,LPLC1,dend[1116],0.125242745,red
62.176,110.976,14.136,62.088,110.936,1201,0.098378832,1659331215,LPLC1,LPLC1,dend[1117],0.254723331,red
58.472,106.968,27.2,58.36,106.84,3086,0.554813635,1659331215,LPLC1,LPLC1,dend[865],1,red
55.064,112.888,21.008,55.088,112.992,1193,0.049278576,1659331215,LPLC1,LPLC1,dend[999],0.673096195,red
56.248,97.256,36.408,56.24,97.224,3247,0.883962365,1659331215,LPLC1,LPLC1,dend[2315],0.570809688,red
54.088,114.248,18.992,54.128,114.304,1204,0.908911073,1659331215,LPLC1,LPLC1,dend[1009],0.942612812,red
57.528,108.912,22.8,57.368,109.032,1161,0.991110564,1659331215,LPLC1,LPLC1,dend[980],0.58845886,red
62.112,111.792,14.112,61.856,111.744,1200,0.987890007,1659331215,LPLC1,LPLC1,dend[1116],0.521512615,red
64.032,107.768,17.536,64.056,107.624,1030,0,1658990108,LPLC1_R,LPLC1,dend[1190],1,red
63.368,106.096,2.656,63.464,105.968,612,0.989988795,1658990108,LPLC1_R,LPLC1,dend[1104],0.85320913,red
56.08,91.84,53.704,56.048,91.952,454,0.976456012,1658990108,LPLC1_R,LPLC1,dend[41],0.46919574,red
55.352,91.896,49.904,55.488,91.912,483,0.200173452,1658990108,LPLC1_R,LPLC1,dend[100],0.753685605,red
56.24,103.456,33.176,56.224,103.424,3214,0.990377112,1658990108,LPLC1_R,LPLC1,dend[3085],0.878903966,red
54.584,92.12,50.456,54.6,92.288,481,0,1658990108,LPLC1_R,LPLC1,dend[101],0.300862232,red
54.488,96.024,25.104,54.584,96.12,3133,0.96983969,1658990108,LPLC1_R,LPLC1,dend[3335],1,red
56.8,103.016,25.832,56.792,102.944,2982,0.997298801,1658990108,LPLC1_R,LPLC1,dend[3138],0.786823682,red
55.888,100.216,27.296,55.784,100.16,3849,0.153767355,1658990108,LPLC1_R,LPLC1,dend[3125],1,red
55.664,92.168,49.816,55.648,92.112,482,0.961295705,1658990108,LPLC1_R,LPLC1,dend[97],0.544750052,red
56.952,106.984,29.728,56.824,106.912,3076,0.981704185,1658990108,LPLC1_R,LPLC1,dend[873],1,red
56,101.68,37.568,56.12,101.536,3240,0.987715739,1658990108,LPLC1_R,LPLC1,dend[2306],0.345394339,red
55.144,108.872,18.76,55.248,108.712,1045,0.995907916,1658990108,LPLC1_R,LPLC1,dend[1214],0.26169833,red
61.392,105.44,4.608,61.504,105.264,615,0.998600093,1658990108,LPLC1_R,LPLC1,dend[1092],0.365927795,red
55.512,102.952,32.92,55.576,102.864,3214,0.990377112,1658990108,LPLC1_R,LPLC1,dend[3085],0.48687153,red
60.272,105.016,4.544,60.2,104.848,617,0.999142902,1658990108,LPLC1_R,LPLC1,dend[1094],0.118346682,red
56.216,94.976,43.28,56.112,95.064,2177,0,1658990108,LPLC1_R,LPLC1,dend[3665],1,red
55.712,93.736,47.536,55.64,93.8,566,0.093037574,1658990108,LPLC1_R,LPLC1,dend[168],0.235032898,red
57.032,94.656,43.184,57.096,94.616,2165,0.987998163,1658990108,LPLC1_R,LPLC1,dend[3668],0.101047879,red
63.96,107.176,17.648,63.888,107.28,1027,0,1658644171,LPLC1_R,LPLC1,dend[1186],0.684465359,red
58.984,99.352,23.344,58.912,99.448,2961,0.998857776,1658644171,LPLC1_R,LPLC1,dend[3181],0.391209067,red
59.136,99.456,23.888,59.24,99.56,2962,0.998981384,1658644171,LPLC1_R,LPLC1,dend[3182],0.215207532,red
53.592,105.864,32.304,53.616,106.056,3114,0.992909419,1658644171,LPLC1_R,LPLC1,dend[833],1,red
53.464,103.632,33.888,53.664,103.592,3846,0,1658644171,LPLC1_R,LPLC1,dend[368],0.887061252,red
56.056,101.112,42.144,56.176,101.176,1419,0,1658644171,LPLC1_R,LPLC1,dend[3616],0.62909055,red
54.592,102.816,38.464,54.68,102.904,3103,0,1658644171,LPLC1_R,LPLC1,dend[355],0.540134128,red
65.848,107.304,19.328,65.68,107.344,1031,0.901311037,1658644171,LPLC1_R,LPLC1,dend[1175],1,red
58.584,113.408,14.304,58.648,113.224,951,0,1658644171,LPLC1_R,LPLC1,dend[1047],0.756769693,red
54.216,99.56,36.736,54.352,99.472,3237,0,1658644171,LPLC1_R,LPLC1,dend[2303],0.722090005,red
53.648,94.768,45.392,53.72,94.744,3301,1,1658644171,LPLC1_R,LPLC1,dend[3681],0.949063937,red
52.616,100.832,42.848,52.576,100.824,3305,1,1658644171,LPLC1_R,LPLC1,dend[280],1,red
52.656,100.184,43.248,52.464,100.272,3304,1,1658644171,LPLC1_R,LPLC1,dend[280],0.954486658,red
59.28,98.416,25.952,59.32,98.472,3848,0.969112223,1658644171,LPLC1_R,LPLC1,dend[3331],0.932674101,red
53.808,105.68,32.416,53.912,105.84,3115,0,1658644171,LPLC1_R,LPLC1,dend[835],0.629100764,red
55.152,99.488,27.512,55.104,99.432,3849,0,1658644171,LPLC1_R,LPLC1,dend[3125],0.72016499,red
61.216,110.496,19.552,61.104,110.488,1007,0.99995265,1658644171,LPLC1_R,LPLC1,dend[1165],0.682712547,red
51.912,92.024,49.4,52.056,92.104,198,0.999630607,1658644171,LPLC1_R,LPLC1,dend[108],0.299534996,red
54.488,100.128,36.568,54.592,99.984,3238,0.990395716,1658644171,LPLC1_R,LPLC1,dend[2304],0.211741467,red
63.056,107.272,16.992,63.144,107.352,1028,0.89876698,1658644171,LPLC1_R,LPLC1,dend[1187],0.410041059,red
53.144,103.744,33.968,53.24,103.912,3307,1,1658644171,LPLC1_R,LPLC1,dend[368],0.696872516,red
54.96,98.944,27.728,54.84,98.888,3150,0.98625595,1658644171,LPLC1_R,LPLC1,dend[3125],0.486480799,red
53.888,93.68,46.48,53.92,93.56,571,0.855918036,1658644171,LPLC1_R,LPLC1,dend[178],0.996556963,red
57.056,94,27.208,57.112,94.08,3037,0.123995239,1658643766,LPLC1_R,LPLC1,dend[3102],0.635562995,red
55.816,93.248,25.976,55.944,93.192,3039,0.998757598,1658643766,LPLC1_R,LPLC1,dend[3104],0.790963191,red
57.008,102.112,24.088,56.96,102.216,2985,0.058790704,1658643766,LPLC1_R,LPLC1,dend[3160],0.808766006,red
56.616,102.616,25.76,56.728,102.568,2982,0.997298801,1658643766,LPLC1_R,LPLC1,dend[3138],0.323805601,red
55.904,103.864,22.16,55.728,103.848,3001,0.965163584,1658643766,LPLC1_R,LPLC1,dend[3152],0.880779684,red
55.216,91.984,34.376,55.216,92.224,2928,0.995579618,1658643766,LPLC1_R,LPLC1,dend[2521],0.662240493,red
53.112,107.976,32.52,52.936,107.936,3370,1,1658643766,LPLC1_R,LPLC1,dend[1766],0.874416867,red
53.744,103.08,33.928,53.816,103.136,3846,0,1658643766,LPLC1_R,LPLC1,dend[368],1,red
56.576,99.928,43.416,56.56,99.88,1411,0.89588777,1658643766,LPLC1_R,LPLC1,dend[3609],1,red
52.768,93.72,47.544,52.704,93.896,198,0.999630607,1658643766,LPLC1_R,LPLC1,dend[159],0.783179266,red
52.632,93.76,47.896,52.6,93.888,198,0.999630607,1658643766,LPLC1_R,LPLC1,dend[159],0.551654311,red
53.424,93.088,46.944,53.504,93.36,570,0,1658643766,LPLC1_R,LPLC1,dend[181],1,red
52.784,94.088,47.656,52.696,93.952,198,0.999630607,1658643766,LPLC1_R,LPLC1,dend[159],0.752475341,red
61.072,111.216,11.632,61.248,111.016,1001,0.987456827,1658643766,LPLC1_R,LPLC1,dend[1074],0.860061231,red
57.552,108.632,10.792,57.568,108.472,998,0,1658643766,LPLC1_R,LPLC1,dend[1067],1,red
54.712,99.84,25.64,54.616,99.976,3665,1,1658643766,LPLC1_R,LPLC1,dend[3133],1,red
55.784,104.536,22.672,55.656,104.568,3001,0.965163584,1658643766,LPLC1_R,LPLC1,dend[3152],0.481447278,red
55.28,92.448,34.384,55.152,92.368,2928,0.995579618,1658643766,LPLC1_R,LPLC1,dend[2521],0.611260215,red
54.68,98.152,46.792,54.904,98.136,582,0.930512557,1658643766,LPLC1_R,LPLC1,dend[3739],0.150027214,red
55.984,97.216,20.992,55.872,97.104,2974,0.820713315,1658643766,LPLC1_R,LPLC1,dend[3320],1,red
60.728,111.816,20.192,60.48,111.72,1005,0.999976034,1658643766,LPLC1_R,LPLC1,dend[1163],0.945971351,red
55.728,103.816,38.728,55.68,103.872,3101,0.985342813,1658643766,LPLC1_R,LPLC1,dend[353],0.744530834,red
53.936,107.904,33.384,54.056,107.944,3370,1,1658643766,LPLC1_R,LPLC1,dend[825],0.800829153,red
56.448,103.552,25.824,56.656,103.368,2982,0.997298801,1658643766,LPLC1_R,LPLC1,dend[3138],1,red
53.168,107.504,34.528,53.112,107.624,3309,1,1658643766,LPLC1_R,LPLC1,dend[1765],0.528952474,red
59.176,111.184,15.752,59.24,111.256,391,0.981374316,1658643766,LPLC1_R,LPLC1,dend[1050],0.432941019,red
56.792,106.736,29.72,56.84,106.76,3076,0.981704185,1658643766,LPLC1_R,LPLC1,dend[873],1,red
59.048,109.528,15.8,59.192,109.536,622,0.999668148,1658643766,LPLC1_R,LPLC1,dend[1121],0.51016068,red
56.168,100.88,43.416,56.016,100.88,1412,0.359493447,1658643766,LPLC1_R,LPLC1,dend[3610],0.651363478,red
58.112,109.52,8.128,57.984,109.24,992,0.91016753,1658643766,LPLC1_R,LPLC1,dend[1062],1,red
54.376,98.216,25.168,54.184,98.168,2106,0.999692632,1658643766,LPLC1_R,LPLC1,dend[3342],1,red
55.696,92.928,35.84,55.744,92.936,2909,0.91657217,1658643766,LPLC1_R,LPLC1,dend[2545],0.184500722,red
57.752,102.272,25.76,57.768,102.328,2995,0,1658643766,LPLC1_R,LPLC1,dend[3141],0.19749112,red
56.656,101.728,42.144,56.608,101.768,1419,0,1658643766,LPLC1_R,LPLC1,dend[3616],0.947261815,red
57.408,102.312,25.76,57.384,102.368,2995,0,1658643766,LPLC1_R,LPLC1,dend[3140],1,red
55.8,92.544,34.984,55.8,92.376,2928,0.995579618,1658643766,LPLC1_R,LPLC1,dend[2521],1,red
58.128,95.976,27.928,58.112,96.032,3036,0.053988702,1658643766,LPLC1_R,LPLC1,dend[3117],1,red
57.752,108.112,15.432,57.96,108.088,623,0.962966271,1658643766,LPLC1_R,LPLC1,dend[1122],0.788563827,red
62.808,105.048,18.32,62.872,105.24,1018,0.984743339,1658643766,LPLC1_R,LPLC1,dend[1177],0.159374523,red
57.84,102.568,25.752,57.776,102.432,2995,0,1658643766,LPLC1_R,LPLC1,dend[3141],0.149655529,red
58.376,107.84,8.272,58.272,107.776,637,0.927920138,1658643766,LPLC1_R,LPLC1,dend[1059],0.51331615,red
56.072,102.424,24.424,56.104,102.328,2985,0,1658643766,LPLC1_R,LPLC1,dend[3160],0.188943219,red
55.776,94.776,37.096,55.704,94.616,2894,0.967185797,1658643766,LPLC1_R,LPLC1,dend[2538],0.662663451,red
55.88,101.28,43.512,55.872,101.088,1412,0.269211635,1658643766,LPLC1_R,LPLC1,dend[3610],0.775906822,red
55.384,97.248,20.92,55.32,97.08,2974,0.820713315,1658643766,LPLC1_R,LPLC1,dend[3320],0.758531781,red
58.496,101.224,26.24,58.64,101.312,3013,0,1658643766,LPLC1_R,LPLC1,dend[3142],1,red
61.76,108.512,19.12,61.736,108.496,1012,0,1658643766,LPLC1_R,LPLC1,dend[1169],0.900325673,red
56.216,93.456,26.368,56.32,93.552,3039,0.998757598,1658643766,LPLC1_R,LPLC1,dend[3104],0.267873812,red
54.32,103,38.08,54.32,102.904,3103,0,1658643766,LPLC1_R,LPLC1,dend[355],0.078382754,red
62.16,105.64,18.384,62.144,105.64,1018,0.984743339,1658643766,LPLC1_R,LPLC1,dend[1177],0.49244772,red
56.512,101.232,42.296,56.32,101.192,1419,0,1658643766,LPLC1_R,LPLC1,dend[3616],0.647016153,red
35.2,100.4,44.216,35.04,100.552,1990,0.963102463,1657949594,LPLC4_R,LPLC4,dend[1916],0.912987893,green
40.376,106.992,43.248,40.384,107.12,2100,0,1657949594,LPLC4_R,LPLC4,dend[2233],0.241023212,green
39.336,96.728,23.504,39.352,96.8,2512,0.995885553,1657949594,LPLC4_R,LPLC4,dend[3432],0.425639489,green
38.52,90,27.48,38.416,90.088,2751,0,1657949594,LPLC4_R,LPLC4,dend[2996],0.375002042,green
38.4,89.92,27.64,38.36,90.12,2751,0,1657949594,LPLC4_R,LPLC4,dend[2996],0.464423194,green
29.296,100.6,41.656,29.408,100.664,1773,0.08012091,1657949594,LPLC4_R,LPLC4,dend[2080],0.449034251,green
39.328,90.136,27.088,39.144,90.256,2747,0.981094707,1657949594,LPLC4_R,LPLC4,dend[2994],0.761681945,green
44.872,98.384,48.768,45.008,98.416,1587,0,1657949594,LPLC4_R,LPLC4,dend[192],0.98977691,green
43.312,107.152,43.48,43.376,107.088,2468,0.188702967,1657949594,LPLC4_R,LPLC4,dend[2259],0.869467697,green
29.152,100.488,41.304,29.344,100.52,1773,0.08012091,1657949594,LPLC4_R,LPLC4,dend[2080],0.644521159,green
44.792,91.888,37.872,44.664,91.96,1930,0,1657949594,LPLC4_R,LPLC4,dend[2275],0.885285763,green
32.296,105.936,32.624,32.296,105.952,2670,0.959625355,1657949594,LPLC4_R,LPLC4,dend[2781],1,green
45.328,92.304,37.56,45.248,92.384,1930,0,1657949594,LPLC4_R,LPLC4,dend[2275],0.539714625,green
42.296,98.72,34.648,42.088,98.856,2807,0,1657949594,LPLC4_R,LPLC4,dend[3047],0.363441571,green
37.456,98.336,28.456,37.344,98.216,1447,0.997930302,1657949594,LPLC4_R,LPLC4,dend[2601],0.036857152,green
27.184,104.752,35.936,26.904,104.824,2230,0.977719092,1657949594,LPLC4_R,LPLC4,dend[2128],0.742921915,green
42.296,99.656,35.176,42.176,99.656,2806,0.444434814,1657949594,LPLC4_R,LPLC4,dend[3044],0.196541081,green
40.568,99.296,24.2,40.76,99.072,2525,0.993512414,1657949594,LPLC4_R,LPLC4,dend[3439],1,green
37.568,98.2,27.368,37.352,98.184,2022,0.967394729,1657949594,LPLC4_R,LPLC4,dend[2626],0.365210143,green
37.68,97.936,28.336,37.48,97.856,2021,0.979855823,1657949594,LPLC4_R,LPLC4,dend[2601],0.371168134,green
28.168,100.792,41.824,28.128,100.864,1772,0.994790956,1657949594,LPLC4_R,LPLC4,dend[2079],0.495581383,green
27.488,100.456,41.96,27.456,100.424,1772,0.994790956,1657949594,LPLC4_R,LPLC4,dend[2079],0.879022717,green
40.544,98.88,23.992,40.688,98.824,2525,0.993512414,1657949594,LPLC4_R,LPLC4,dend[3439],1,green
37.48,94.32,36.56,37.336,94.328,2772,0,1657949594,LPLC4_R,LPLC4,dend[2944],1,green
25.936,104.688,45.064,26.024,104.736,1864,0.980672218,1657949594,LPLC4_R,LPLC4,dend[2051],0.76179677,green
37.36,109.368,46.928,37.664,109.424,1910,0.979692131,1657949594,LPLC4_R,LPLC4,dend[2180],1,green
37.288,109.496,45.976,37.36,109.328,1910,0.979692131,1657949594,LPLC4_R,LPLC4,dend[2180],0.594285959,green
43.752,106.912,38.448,43.792,107.016,1667,0.971437975,1657949594,LPLC4_R,LPLC4,dend[2260],1,green
43.792,107.192,38.84,43.688,107.296,1667,0.971437975,1657949594,LPLC4_R,LPLC4,dend[2240],0.646156295,green
43.632,106.872,39.288,43.72,106.976,2460,0.982500068,1657949594,LPLC4_R,LPLC4,dend[2241],0.294204817,green
29.92,103.216,34.112,30.136,103.304,2656,0.980176921,1657949330,LPLC4,LPLC4,dend[2791],1,green
30,103.344,34.368,30.128,103.488,2656,0.980176921,1657949330,LPLC4,LPLC4,dend[2791],1,green
29.816,103.28,33.128,29.736,103.144,2693,0.992700191,1657949330,LPLC4,LPLC4,dend[2792],0.518155935,green
46.888,107.128,28.144,46.824,107.336,2578,0.292441985,1657949330,LPLC4,LPLC4,dend[3528],0.754959189,green
44.08,92.24,38.168,44.2,92.048,1935,0.314842906,1657949330,LPLC4,LPLC4,dend[2276],0.047086813,green
33.496,100.816,44.568,33.552,100.784,1993,0.9982251,1657949330,LPLC4,LPLC4,dend[1920],1,green
41.376,108.392,30.808,41.376,108.256,2722,0,1657949330,LPLC4,LPLC4,dend[1814],0.509616888,green
44.792,106.568,43.608,44.624,106.568,2467,0.981050996,1657949330,LPLC4,LPLC4,dend[2258],1,green
28.944,106.552,38,29.032,106.64,2253,0.45052669,1657949330,LPLC4,LPLC4,dend[2152],0.349904252,green
30.408,96.328,35.304,30.408,96.416,2689,0.968818145,1657949330,LPLC4,LPLC4,dend[2854],0.925991458,green
29.008,107.552,37.784,28.992,107.608,2240,0.990343578,1657949330,LPLC4,LPLC4,dend[2141],0.563687929,green
29.128,107.32,38.248,29.144,107.424,2240,0.990343578,1657949330,LPLC4,LPLC4,dend[2141],0.500865802,green
44.112,109.408,38.512,44.088,109.248,2454,0.137380212,1657603789,LPLC4_R,LPLC4,dend[2262],0.703984461,green
37.408,94.648,36.44,37.432,94.672,2948,0.973050553,1657603789,LPLC4_R,LPLC4,dend[2943],1,green
43.36,91.792,38.288,43.72,91.928,1935,0.314842906,1657603789,LPLC4_R,LPLC4,dend[2276],0.797694336,green
39.44,99.792,39.848,39.4,99.904,2383,0.404319462,1657603789,LPLC4_R,LPLC4,dend[1939],0.337551834,green
37.712,93.272,26.448,37.6,93.04,2752,0,1657603789,LPLC4_R,LPLC4,dend[2987],0.494779691,green
40.96,108.208,30.768,41.016,108.128,2722,0,1657603789,LPLC4_R,LPLC4,dend[1814],0.644724575,green
40.416,108.16,30.664,40.576,108.096,2722,0,1657603789,LPLC4_R,LPLC4,dend[1816],0.505148915,green
30.4,102.008,41.4,30.4,102.192,3504,1,1657603789,LPLC4_R,LPLC4,dend[2088],1,green
37.384,92.96,26.624,37.576,92.944,2752,0,1657603789,LPLC4_R,LPLC4,dend[2987],0.437876266,green
37.888,94.32,36.384,37.64,94.152,2768,0.99267742,1657603789,LPLC4_R,LPLC4,dend[2940],0.601172447,green
40.936,108.464,31.48,41.008,108.592,2718,0.398295304,1657603789,LPLC4_R,LPLC4,dend[1819],0.25778066,green
35.592,100.432,31.984,35.376,100.448,1449,0.978043295,1657603789,LPLC4_R,LPLC4,dend[2828],1,green
39.768,98.88,39.752,39.648,98.784,2388,0.988651596,1657603789,LPLC4_R,LPLC4,dend[1940],0.540266533,green
43.688,108.88,38.76,43.776,108.776,2454,0.137380212,1657603789,LPLC4_R,LPLC4,dend[2235],0.645196312,green
38.808,93.544,36.096,38.704,93.464,2766,0,1657603789,LPLC4_R,LPLC4,dend[2938],0.464121867,green
39.752,99.856,39.72,39.496,99.936,2383,0.547850992,1657603789,LPLC4_R,LPLC4,dend[1939],0.333358788,green
43.944,108.92,38.944,43.832,108.744,2454,0.137380212,1657603789,LPLC4_R,LPLC4,dend[2235],0.705196991,green
53.864,106.48,33.896,53.784,106.64,3309,1,1657525433,LPLC1_R,LPLC1,dend[828],0.808949505,red
53.704,106.36,34.072,53.704,106.568,3309,1,1657525433,LPLC1_R,LPLC1,dend[828],1,red
56.52,106.8,29.36,56.6,106.696,3076,0.981704185,1657525433,LPLC1_R,LPLC1,dend[873],0.662426878,red
57.64,98.72,41.856,57.64,98.816,1423,0,1657525433,LPLC1_R,LPLC1,dend[3602],1,red
58.52,100.856,34.32,58.44,100.784,3843,0.116684082,1657525433,LPLC1_R,LPLC1,dend[3537],1,red
58.48,100.432,34.096,58.488,100.544,3843,0.116684082,1657525433,LPLC1_R,LPLC1,dend[3537],1,red
61.832,109.664,14.376,61.776,109.84,629,0.953353102,1657525433,LPLC1_R,LPLC1,dend[1114],1,red
58.744,100.656,36.376,58.776,100.744,3242,0.979126734,1657525433,LPLC1_R,LPLC1,dend[2308],0.820934723,red
59.096,111.224,15.88,59.184,111.296,391,0.981374316,1657525433,LPLC1_R,LPLC1,dend[1050],0.342435821,red
55.44,93.4,51.408,55.32,93.456,479,0.975411848,1657525433,LPLC1_R,LPLC1,dend[103],0.955131984,red
56.28,107.36,28.912,56.304,107.424,3077,0,1657525433,LPLC1_R,LPLC1,dend[871],0.154127051,red
54.536,92.888,54.72,54.608,93.128,451,0.954919498,1657525433,LPLC1_R,LPLC1,dend[38],1,red
54.208,106.312,32.576,54.112,106.16,3113,0,1657525433,LPLC1_R,LPLC1,dend[833],0.583874518,red
58.928,106.456,25.856,58.856,106.52,3477,1,1657525433,LPLC1_R,LPLC1,dend[862],1,red
61.192,110.16,14.016,61.192,110.272,628,0,1657525433,LPLC1_R,LPLC1,dend[1113],0.891355848,red
58.992,105.8,25.048,59.072,105.712,3084,0,1657525433,LPLC1_R,LPLC1,dend[861],0.627324378,red
57.584,106.336,27.232,57.536,106.368,3087,0.180179832,1657525433,LPLC1_R,LPLC1,dend[866],0.919898139,red
55.2,103.68,38.544,55.2,103.744,3101,0.985342813,1657525433,LPLC1_R,LPLC1,dend[353],0.180257722,red
54.784,103.04,38.352,54.648,103.024,3100,0.976407465,1657525433,LPLC1_R,LPLC1,dend[352],0.386571345,red
54.992,102.744,38.624,54.88,102.752,3103,0,1657525433,LPLC1_R,LPLC1,dend[355],0.936415048,red
56.2,99.752,41.584,56.248,99.88,1407,0.999996722,1657525433,LPLC1_R,LPLC1,dend[3605],0.218654745,red
56.496,107.72,29.472,56.52,107.768,3073,0,1657525433,LPLC1_R,LPLC1,dend[867],1,red
56.184,113.776,18.264,56.184,113.808,1207,0,1657525433,LPLC1_R,LPLC1,dend[1013],1,red
38.648,103.832,38.424,38.608,103.928,2362,0.973341181,1657266898,LPLC4_R,LPLC4,dend[1972],0.885324607,green
25.584,103.224,41.056,25.48,102.968,1748,0.997164777,1657266898,LPLC4_R,LPLC4,dend[2044],1,green
42.376,105.864,38.368,42.584,105.76,1669,0.23755628,1657266898,LPLC4_R,LPLC4,dend[1842],0.784283742,green
36.928,100.544,39.712,37.016,100.448,1707,0.997373225,1657266898,LPLC4_R,LPLC4,dend[1947],0.39039926,green
27.968,101.24,46.376,27.88,101.208,1865,0,1657266898,LPLC4_R,LPLC4,dend[2053],0.792214463,green
34.24,101.08,44.056,34.136,100.984,1989,0,1657266898,LPLC4_R,LPLC4,dend[1915],0.515374046,green
34.28,100.976,44.104,34.28,100.912,1989,0,1657266898,LPLC4_R,LPLC4,dend[1915],0.658044516,green
28.08,100.648,46.8,28.2,100.664,1865,0,1657266898,LPLC4_R,LPLC4,dend[2053],1,green
34.072,101.792,43.736,34.016,101.912,1897,0.998959083,1657266898,LPLC4_R,LPLC4,dend[1913],1,green
29.928,106.416,37.448,29.808,106.416,2251,0,1657266898,LPLC4_R,LPLC4,dend[2157],0.310745944,green
44.16,99.832,34.264,43.944,99.896,2796,0,1657266898,LPLC4_R,LPLC4,dend[3020],0.992103731,green
29.72,106.216,37.52,29.72,106.24,2237,0.788909692,1657266898,LPLC4_R,LPLC4,dend[2136],0.744657875,green
42.216,105.4,37.784,42.344,105.44,1669,0.23755628,1657266898,LPLC4_R,LPLC4,dend[1842],0.938219224,green
32.248,98.496,29.888,32.328,98.496,1455,0,1657266898,LPLC4_R,LPLC4,dend[2634],1,green
44.216,98.96,33.616,44.184,98.984,2794,0.937381879,1657266898,LPLC4_R,LPLC4,dend[3018],0.222115134,green
36.016,98.608,34.912,35.896,98.464,2684,0.879344739,1657263439,LPLC4,LPLC4,dend[2860],1,green
39.376,93.112,35.656,39.272,93.304,2764,0.953000348,1657263439,LPLC4,LPLC4,dend[2937],0.923282783,green
39.304,93.152,35.888,39.096,93.208,2764,0.953000348,1657263439,LPLC4,LPLC4,dend[2947],0.470667455,green
44.04,105.088,45.56,43.904,105.008,2098,0,1657263439,LPLC4,LPLC4,dend[2229],0.778166152,green
33.704,102.744,46.088,33.8,102.816,1840,0,1657263439,LPLC4,LPLC4,dend[1906],0.956523566,green
31.704,100.648,32.528,31.648,100.52,1944,0.97932319,1657263439,LPLC4,LPLC4,dend[2816],0.861644695,green
25.288,102.08,40.512,25.264,101.952,1741,0.919357781,1657263439,LPLC4,LPLC4,dend[2036],0.219714447,green
30.128,101.392,37.44,30.016,101.28,2663,0.976598161,1657263439,LPLC4,LPLC4,dend[2799],0.415249806,green
29.92,101.152,37.44,30.016,101.224,2663,0.976598161,1657263439,LPLC4,LPLC4,dend[2799],0.428824843,green
25.544,101.728,39.376,25.304,101.832,1742,0.933110778,1657263439,LPLC4,LPLC4,dend[2037],0.483961681,green
34.304,102.288,46.232,34.448,102.432,1839,0.899021473,1657263439,LPLC4,LPLC4,dend[1905],1,green
26.064,102.056,41.112,26.208,102.256,1740,0.999944394,1657263439,LPLC4,LPLC4,dend[2035],0.6323226,green
40.152,93.696,35.264,40.096,93.76,3617,1,1657263439,LPLC4,LPLC4,dend[2936],1,green
35.64,108.056,38.648,35.552,107.928,3491,1,1657263439,LPLC4,LPLC4,dend[2218],0.044405225,green
30.888,98.304,29.552,30.864,98.16,1455,0,1657263439,LPLC4,LPLC4,dend[2636],0.592637814,green
40.16,90.128,29.928,40.024,90.2,1598,0.98826754,1657263439,LPLC4,LPLC4,dend[2982],0.558772048,green
40.224,89.936,30.352,40.056,89.904,3275,0,1657263439,LPLC4,LPLC4,dend[2982],1,green
39.6,92.304,34.976,39.648,92.304,2774,0.922283082,1657263439,LPLC4,LPLC4,dend[2918],0.508966365,green
36.36,107.816,39.4,36.216,107.832,3490,0,1657263439,LPLC4,LPLC4,dend[2191],0.449036868,green
34.016,102.744,45.136,33.848,102.84,1838,0.461385218,1657263439,LPLC4,LPLC4,dend[1904],0.329965452,green
30.408,100.872,37.6,30.408,100.728,2663,0.976598161,1657263439,LPLC4,LPLC4,dend[2799],0.672801254,green
36.728,103.576,41.152,36.776,103.376,1785,0.999999935,1657263439,LPLC4,LPLC4,dend[1849],0.271097077,green
35.464,108.072,38.68,35.456,107.936,3491,1,1657263439,LPLC4,LPLC4,dend[2219],1,green
47.072,87.144,39.4,47.072,87.088,2071,0.970252349,1657263405,LPLC4_R,LPLC4,dend[253],0.381209099,green
39.52,91.888,35.344,39.728,91.776,2774,0.922283082,1657263405,LPLC4_R,LPLC4,dend[2918],0.816406536,green
38.528,92.352,33.168,38.4,92.296,1968,0,1657263405,LPLC4_R,LPLC4,dend[2869],1,green
39.528,91.8,35,39.68,91.8,2774,0.922283082,1657263405,LPLC4_R,LPLC4,dend[2918],0.767099037,green
39.512,91.776,34.888,39.696,91.744,2774,0.922283082,1657263405,LPLC4_R,LPLC4,dend[2918],0.783227473,green
40.856,100.96,31.592,40.776,100.96,2937,0.995012916,1657263405,LPLC4_R,LPLC4,dend[2838],1,green
41.36,100.152,34.48,41.44,100.096,2806,0.966780023,1657263405,LPLC4_R,LPLC4,dend[3044],0.862767114,green
41.312,100.376,31.04,41.312,100.352,2938,0.286228704,1657263405,LPLC4_R,LPLC4,dend[2839],0.956461015,green
39.528,100.264,31.232,39.568,100.272,2943,0,1657263405,LPLC4_R,LPLC4,dend[2841],0.543747602,green
39.248,102.976,40.92,39.264,102.672,3122,0,1657263405,LPLC4_R,LPLC4,dend[1969],1,green
41.296,100.16,34.456,41.456,100.096,2806,0.966780023,1657263405,LPLC4_R,LPLC4,dend[3044],0.865523271,green
41.456,100.344,34.296,41.544,100.2,2809,0,1657263405,LPLC4_R,LPLC4,dend[3044],0.959095606,green
26.584,98.384,35.312,26.656,98.432,1947,0.982169538,1657263405,LPLC4_R,LPLC4,dend[2818],0.641723916,green
36.456,108.376,41.816,36.4,108.136,1876,0.841015391,1657263405,LPLC4_R,LPLC4,dend[2171],1,green
42.04,108.472,38.48,41.832,108.36,1668,0.995362685,1657263405,LPLC4_R,LPLC4,dend[1982],0.571632666,green
45.464,100.864,24.312,45.536,100.896,2534,0,1657263405,LPLC4_R,LPLC4,dend[3493],1,green
45.832,101.192,24.448,45.872,101.128,2534,0,1657263405,LPLC4_R,LPLC4,dend[3493],1,green
41.904,108.104,38.416,41.864,108.232,1710,0.991243315,1657263405,LPLC4_R,LPLC4,dend[1982],0.603817528,green
38.688,101.048,38.616,38.84,100.96,1708,0,1657263405,LPLC4_R,LPLC4,dend[1960],0.873952432,green
25.464,106.032,52.464,25.536,106.16,1800,0.965427625,1657263405,LPLC4_R,LPLC4,dend[1867],1,green
35.84,100.928,31.584,35.576,100.888,1449,0.978043295,1657263405,LPLC4_R,LPLC4,dend[2828],0.341991001,green
43.112,91.984,29.672,43.16,91.848,2640,0.997462281,1657263405,LPLC4_R,LPLC4,dend[3006],0.928546678,green
39.36,93.296,33.288,39.272,93.4,1956,0.998191826,1657263405,LPLC4_R,LPLC4,dend[2867],0.98873108,green
38.2,102.608,41.592,38.112,102.424,2001,0.941851569,1657263405,LPLC4_R,LPLC4,dend[1932],1,green
35.888,100.616,30.904,35.912,100.456,1448,0.997587598,1657263405,LPLC4_R,LPLC4,dend[2776],0.7678558,green
36.672,109.68,36.088,36.48,109.608,1721,0.971846252,1657263405,LPLC4_R,LPLC4,dend[1999],0.468179115,green
42.024,92.512,29.704,41.88,92.52,2638,0.99783083,1657263405,LPLC4_R,LPLC4,dend[3004],0.431564896,green
42.176,107.928,38.328,42.16,107.944,1668,0.995362685,1657263405,LPLC4_R,LPLC4,dend[1982],0.623952831,green
36.232,107.776,43.144,36.152,107.656,1904,0,1657263405,LPLC4_R,LPLC4,dend[2174],0.558636355,green
39.208,103.656,41.152,39.28,103.672,1701,0.98615905,1657263405,LPLC4_R,LPLC4,dend[1970],1,green
41.832,103.592,27.224,41.824,103.68,2559,0.965003862,1657263405,LPLC4_R,LPLC4,dend[3475],1,green
38.68,102.576,40.592,38.776,102.68,3122,0,1657263405,LPLC4_R,LPLC4,dend[1969],0.689936716,green
29.704,101.976,41.664,29.744,101.84,1771,0.968348597,1657263405,LPLC4_R,LPLC4,dend[2078],0.408269251,green
25.56,106.088,52.64,25.624,106.256,1802,0,1657263405,LPLC4_R,LPLC4,dend[1867],1,green
36.408,109.792,35.736,36.16,109.808,2489,0.989095707,1657263405,LPLC4_R,LPLC4,dend[1998],0.965449929,green
42.824,99.208,35.408,42.784,99.04,2805,0.987094544,1657263405,LPLC4_R,LPLC4,dend[3043],0.540304207,green
25.64,105.992,53.424,25.512,106.104,1804,0,1657263405,LPLC4_R,LPLC4,dend[1870],1,green
29.216,105.488,45.168,29.272,105.44,1859,0,1657259448,LPLC4,LPLC4,dend[2104],1,green
33.392,103.904,44.112,33.392,103.96,1788,0.13669342,1657259448,LPLC4,LPLC4,dend[1852],0.433505541,green
36.192,102.52,41.576,36.272,102.552,1785,0.999999935,1657259448,LPLC4,LPLC4,dend[1849],0.611966411,green
35.928,102.648,42.28,35.816,102.704,1785,0.999999935,1657259448,LPLC4,LPLC4,dend[1909],0.216161434,green
38.576,104.856,38.48,38.584,104.704,2364,0.348111701,1657259448,LPLC4,LPLC4,dend[1973],0.356322668,green
39.12,92.792,31.976,39.208,92.896,2756,0.994575256,1657259448,LPLC4,LPLC4,dend[2909],0.551442963,green
35.256,102.568,42.48,35.248,102.48,1893,0.997458376,1657258338,LPLC4,LPLC4,dend[1909],0.823788919,green
43.088,104.44,43.08,42.888,104.544,2471,0.934078548,1657258338,LPLC4,LPLC4,dend[2254],0.214538815,green
30.096,94.936,27.576,30.248,95.016,1464,0.997699474,1657258338,LPLC4,LPLC4,dend[2652],0.708545274,green
36.4,99.984,31.032,36.264,100.032,1448,0.997587598,1657258338,LPLC4,LPLC4,dend[2776],0.659389702,green
40.456,109.368,38.192,40.352,109.44,2496,0.992963989,1657258338,LPLC4,LPLC4,dend[1987],1,green
37.728,91.608,32.176,37.6,91.72,1969,0.333166227,1657258338,LPLC4,LPLC4,dend[2871],0.726034346,green
31.984,100.464,45.024,31.992,100.344,1998,0.936913333,1657258338,LPLC4,LPLC4,dend[1925],1,green
37.56,91.264,31.776,37.4,91.344,3621,0,1657258338,LPLC4,LPLC4,dend[2872],1,green
43.368,105.048,42.448,43.392,105.176,2470,0.990844695,1657258338,LPLC4,LPLC4,dend[2253],0.79686504,green
35.896,109.504,34.664,35.936,109.624,1723,0.999974367,1657258136,LPLC4_R,LPLC4,dend[2005],0.589596364,green
43.736,89.32,25.336,43.616,89.24,2297,0.989337008,1657258136,LPLC4_R,LPLC4,dend[3392],0.611638881,green
36.04,109.784,35.696,36.12,109.824,3516,1,1657258136,LPLC4_R,LPLC4,dend[1998],0.989111932,green
35.504,109.576,34.616,35.576,109.616,1723,0.999974367,1657258136,LPLC4_R,LPLC4,dend[2005],0.690366132,green
43.224,89.336,25,43.096,89.32,2297,0.989337008,1657258136,LPLC4_R,LPLC4,dend[3392],0.181556465,green
44.488,100.288,23.712,44.504,100.496,2537,0.964416072,1657258136,LPLC4_R,LPLC4,dend[3459],0.052235034,green
40.984,108.024,38.048,41.048,108.088,1711,0.79758767,1657258136,LPLC4_R,LPLC4,dend[1982],0.889386585,green
30.352,106.336,49.544,30.264,106.216,1793,0.98288963,1657258136,LPLC4_R,LPLC4,dend[1873],0.606100276,green
44.12,100.272,23.448,44.352,100.368,2538,0,1657258136,LPLC4_R,LPLC4,dend[3460],0.340751456,green
28.136,108.456,40.584,28.168,108.488,2257,0.138672579,1657258136,LPLC4_R,LPLC4,dend[2156],1,green
40.168,108.568,37.792,40.184,108.712,3512,1,1657258136,LPLC4_R,LPLC4,dend[1986],0.293639945,green
38.928,100.728,31.592,39.016,100.576,2944,0.940763474,1657258136,LPLC4_R,LPLC4,dend[2842],1,green
27.568,107.616,40.16,27.736,107.784,2255,0.47332091,1657258136,LPLC4_R,LPLC4,dend[2154],0.991467344,green
37.16,98.344,31.088,37.072,98.304,1447,0.997930302,1657258136,LPLC4_R,LPLC4,dend[2831],1,green
41.392,94.656,33.712,41.392,94.72,1350,0.581577035,1657258136,LPLC4_R,LPLC4,dend[2914],0.961542676,green
37.688,109.136,44.32,37.512,109.208,1914,0.884897797,1657258136,LPLC4_R,LPLC4,dend[2184],0.591686218,green
31.432,106.048,48.784,31.512,105.952,1794,0,1657258136,LPLC4_R,LPLC4,dend[1875],0.288692274,green
36.784,97.608,30.888,36.824,97.544,2018,0,1657258136,LPLC4_R,LPLC4,dend[2831],0.092387329,green
31.448,105.488,49.464,31.528,105.632,1792,0.985362128,1657258136,LPLC4_R,LPLC4,dend[1874],1,green
41.096,94.464,33.496,41.056,94.4,1350,0.581577035,1657258136,LPLC4_R,LPLC4,dend[2914],0.561972309,green
39.224,101.008,30.408,39.392,100.848,2946,0,1657258136,LPLC4_R,LPLC4,dend[2846],1,green
42.264,96.552,35.024,42.424,96.752,2931,0,1657258136,LPLC4_R,LPLC4,dend[3055],0.536900928,green
41.824,104.712,39.24,41.736,104.776,3293,0,1657258136,LPLC4_R,LPLC4,dend[1978],1,green
26.048,98.184,36.224,25.88,98.264,1949,0.977017803,1657258136,LPLC4_R,LPLC4,dend[2819],0.426474418,green
29.352,94.952,28.96,29.256,94.92,1458,0,1657258136,LPLC4_R,LPLC4,dend[2653],1,green
29.992,94.88,28.048,29.816,94.984,1464,0.997699474,1657258136,LPLC4_R,LPLC4,dend[2652],0.404644592,green
29.656,94.896,28.248,29.592,95.016,1463,0,1657258136,LPLC4_R,LPLC4,dend[2652],0.255102344,green
47.104,104.648,44.896,47.104,104.584,2429,0.999800274,1656792632,LPLC4_R,LPLC4,dend[331],1,green
35.488,92.688,29.888,35.296,92.632,1982,0.989500074,1656792632,LPLC4_R,LPLC4,dend[2883],0.206817638,green
35.4,92.2,30.24,35.232,92.288,1981,0.995617912,1656792632,LPLC4_R,LPLC4,dend[2882],0.467948994,green
39.928,107.056,43.32,40.096,106.968,2100,0,1656792632,LPLC4_R,LPLC4,dend[2233],0.385509534,green
47.952,104.392,45.48,47.952,104.352,2431,0.501338513,1656792632,LPLC4_R,LPLC4,dend[324],0.59170441,green
45.392,92.712,37.128,45.328,92.584,1930,0,1656792632,LPLC4_R,LPLC4,dend[2275],0.348697692,green
44.424,95.648,30.96,44.456,95.728,2818,0,1656792632,LPLC4_R,LPLC4,dend[3031],0.730941192,green
47.192,91.16,48.912,47.064,91.216,3751,1,1656792632,LPLC4_R,LPLC4,dend[205],1,green
46.816,93.496,39.832,46.976,93.52,2057,0.990616248,1656792632,LPLC4_R,LPLC4,dend[263],0.563707485,green
34.824,92.24,30.4,35,92.136,1981,0.995617912,1656792632,LPLC4_R,LPLC4,dend[2882],0.227071344,green
44.312,95.536,30.712,44.312,95.648,2816,0.571493736,1656792632,LPLC4_R,LPLC4,dend[3029],0.520076625,green
45.84,92.592,36.72,45.736,92.616,1927,0.999746456,1656792632,LPLC4_R,LPLC4,dend[2274],0.854591923,green
43.888,96.264,31.432,44.024,96.344,1344,0.998664675,1656792632,LPLC4_R,LPLC4,dend[3024],0.633445959,green
42.784,109.896,33.56,42.952,109.824,3119,0.965898654,1656792632,LPLC4_R,LPLC4,dend[1831],1,green
40.728,109.584,32.936,40.64,109.488,2719,0.948761412,1656792632,LPLC4_R,LPLC4,dend[1819],1,green
41.416,109.328,32.336,41.328,109.192,2718,0,1656792632,LPLC4_R,LPLC4,dend[1819],0.611886447,green
47.136,91.456,49.144,46.984,91.64,530,0.969824335,1656792632,LPLC4_R,LPLC4,dend[204],0.457335207,green
56.672,113.656,14.848,56.648,113.792,950,0.985035824,1628230708,LPLC1_R,LPLC1,dend[1025],0.671057316,red
57.432,97.328,40.944,57.544,97.248,1429,0.988047136,1628230708,LPLC1_R,LPLC1,dend[3583],0.921652382,red
58.168,97.84,40.976,58.36,97.64,1429,0.988047136,1628230708,LPLC1_R,LPLC1,dend[3583],0.243366584,red
56.152,98.48,47.448,56.024,98.376,587,0.970286056,1628230708,LPLC1_R,LPLC1,dend[3755],0.859551573,red
55.088,100.16,42.64,55.032,100.12,3249,0,1628230708,LPLC1_R,LPLC1,dend[3617],1,red
56.768,113.336,15.768,56.936,113.424,958,0.273345119,1628230708,LPLC1_R,LPLC1,dend[1046],0.916105531,red
55.128,105.952,31.968,55.152,106.176,3112,0.985898593,1628230708,LPLC1_R,LPLC1,dend[832],0.2314018,red
58.28,110.456,19.432,58.232,110.312,3456,0,1628230708,LPLC1_R,LPLC1,dend[1220],0.230029582,red
55.848,98.08,47.352,55.704,98.144,586,0.407653908,1628230708,LPLC1_R,LPLC1,dend[3750],0.963505995,red
61.592,107.944,19.136,61.68,108.016,1187,0.390797429,1628230708,LPLC1_R,LPLC1,dend[1191],0.816250257,red
59.544,109.712,23.536,59.464,109.664,1164,0.985589048,1627890175,LPLC1_R,LPLC1,dend[982],0.360984475,red
59.176,109.568,23.512,59.24,109.608,1163,0,1627890175,LPLC1_R,LPLC1,dend[982],0.323380962,red
61.664,112.032,13.896,61.784,112.008,1200,0.987890007,1627890175,LPLC1_R,LPLC1,dend[1116],0.681117571,red
60.2,102.352,25.64,60.336,102.504,2969,0.860335033,1627890175,LPLC1_R,LPLC1,dend[3186],0.050225332,red
60.6,102.304,25.968,60.544,102.392,2969,0.860335033,1627890175,LPLC1_R,LPLC1,dend[3186],0.185001415,red
60.696,101.64,25.568,60.792,101.608,2968,0.983585187,1627890175,LPLC1_R,LPLC1,dend[3185],0.60176816,red
59.168,113.432,12.816,59.144,113.304,952,0.941258267,1627890175,LPLC1_R,LPLC1,dend[1048],0.779172784,red
69.096,126.808,38.448,69.344,126.736,12,0.991443216,1627117134,LC4,LC4,dend[654],0.71310672,blue
63.168,123.536,22.008,63.336,123.672,1089,0.952106093,1627117134,LC4,LC4,dend[1672],0.969897643,blue
72.504,136.264,19.424,72.432,136.056,667,0.410280518,1627117134,LC4,LC4,dend[1555],0.755320582,blue
73.832,118.848,44.76,73.696,118.808,272,0.29726686,1627117134,LC4,LC4,dend[473],0.234006328,blue
68.776,126.632,39.168,68.864,126.648,13,0.999181483,1627117134,LC4,LC4,dend[676],0.247408646,blue
65.336,122.24,31.04,65.264,122.352,304,0.999794027,1627117134,LC4,LC4,dend[416],1,blue
57.456,122.776,21.736,57.56,122.864,1127,0,1627117134,LC4,LC4,dend[1264],1,blue
68.088,121.272,34.664,68.184,121.432,248,0.972711183,1627117134,LC4,LC4,dend[695],0.80152514,blue
56.848,122.144,21.912,56.824,122.12,1122,0.986026318,1627117134,LC4,LC4,dend[1234],0.226858315,blue
55.656,118.624,25.12,55.728,118.432,3287,0.931927704,1627117134,LC4,LC4,dend[1695],0.917671221,blue
69.48,121.904,36.56,69.392,121.984,141,0,1627117134,LC4,LC4,dend[690],0.952981751,blue
73.768,118.912,44.144,73.584,118.896,272,0,1627117134,LC4,LC4,dend[473],0.008972398,blue
72.032,136.592,19.232,71.984,136.52,667,0.410280518,1627117134,LC4,LC4,dend[1555],1,blue
56.128,122.48,22.296,56.024,122.512,1123,0.995639061,1627117134,LC4,LC4,dend[1234],1,blue
55.264,121.784,23.224,55.104,121.824,1124,0.527933523,1627117134,LC4,LC4,dend[1241],1,blue
55.392,121.736,22.288,55.28,121.808,1123,0.995639061,1627117134,LC4,LC4,dend[1240],0.361544956,blue
69.016,127.256,39.24,69.128,127.224,13,0.999181483,1627117134,LC4,LC4,dend[655],0.195064145,blue
68.184,125.344,39.608,68.152,125.336,191,0.106214961,1627117134,LC4,LC4,dend[684],0.45418151,blue
28.032,101.736,44.344,27.976,101.656,1869,0,1626922712,LPLC4,LPLC4,dend[2048],0.87390775,green
45.92,88.24,42.32,45.88,88.272,2065,0.996076887,1626922712,LPLC4,LPLC4,dend[247],0.44473346,green
45.6,88.264,42.448,45.488,88.352,2065,0.996076887,1626922712,LPLC4,LPLC4,dend[247],0.690950564,green
42.448,106.272,35.536,42.6,106.248,2709,0.032203511,1626922712,LPLC4,LPLC4,dend[1836],1,green
38.728,98.544,29.76,38.688,98.472,1446,0.999999501,1626922712,LPLC4,LPLC4,dend[2597],1,green
35.624,91.24,30.944,35.736,91.224,1974,0.942468341,1626922712,LPLC4,LPLC4,dend[2878],0.159719766,green
44.12,107.36,37.072,44.024,107.32,3486,1,1626922712,LPLC4,LPLC4,dend[1841],0.776953522,green
33.944,104.488,40.488,33.912,104.608,1733,0.993602736,1626922712,LPLC4,LPLC4,dend[2163],0.656312346,green
39.856,99.312,30.752,40,99.304,2940,0,1626922712,LPLC4,LPLC4,dend[2847],0.425398384,green
39.496,100.152,31.128,39.56,100.248,2943,0,1626922712,LPLC4,LPLC4,dend[2841],0.483189287,green
39.584,99.056,30.208,39.704,98.968,2932,0.457669892,1626922712,LPLC4,LPLC4,dend[2847],0.136090494,green
29.68,102.984,33.272,29.816,103.008,2693,0.992700191,1626922712,LPLC4,LPLC4,dend[2791],0.177721028,green
37.92,92.92,27.328,38,92.832,2752,0,1626922712,LPLC4,LPLC4,dend[2987],0.121437549,green
35.04,91.976,30.464,35.144,91.96,1978,0.998211876,1626922712,LPLC4,LPLC4,dend[2881],0.954755496,green
29.456,103.496,33.352,29.504,103.456,2695,0,1626922712,LPLC4,LPLC4,dend[2794],1,green
37.536,109.104,46.472,37.528,109.2,1910,0.979692131,1626922712,LPLC4,LPLC4,dend[2180],0.958333563,green
27.8,100.952,46.52,27.92,100.976,1865,0,1626922712,LPLC4,LPLC4,dend[2053],0.884178078,green
39.384,89.968,26.096,39.312,89.976,2750,0.951690575,1626922712,LPLC4,LPLC4,dend[2995],0.422365675,green
38.312,92.192,27.8,38.432,92.312,2811,0,1626922712,LPLC4,LPLC4,dend[2990],0.648365815,green
35.872,109.216,34.296,35.768,109.352,1723,0.999974367,1626922712,LPLC4,LPLC4,dend[2005],0.898822006,green
28.456,101.448,44.04,28.288,101.568,1869,0,1626922712,LPLC4,LPLC4,dend[2048],0.885785153,green
28.68,106.528,39.528,28.616,106.568,2254,0.980595328,1626922712,LPLC4,LPLC4,dend[2153],1,green
38.712,93.064,29.632,38.816,93.232,2699,0,1626919110,LPLC4_R,LPLC4,dend[3013],0.831462439,green
38.4,93.296,29.744,38.28,93.464,2700,0.97494878,1626919110,LPLC4_R,LPLC4,dend[3014],0.349114648,green
39.984,91.744,28.064,39.768,91.76,2745,0.471900567,1626919110,LPLC4_R,LPLC4,dend[2992],0.128917119,green
40.176,93.752,34.032,40.36,93.616,2761,0.993790132,1626919110,LPLC4_R,LPLC4,dend[2916],0.735011244,green
40.328,93.752,34.464,40.424,93.632,2761,0.993790132,1626919110,LPLC4_R,LPLC4,dend[2948],0.319116552,green
41.016,94.84,33.584,41.136,94.752,1350,0.581577035,1626919110,LPLC4_R,LPLC4,dend[2914],0.864846364,green
35.208,98.456,30.432,35.104,98.568,1453,0.074907539,1626919110,LPLC4_R,LPLC4,dend[2656],1,green
29.16,104,38.76,29.008,104.176,2228,0.415318853,1626919110,LPLC4_R,LPLC4,dend[2126],1,green
39.8,98.68,30.256,39.68,98.616,2932,0.457669892,1626919110,LPLC4_R,LPLC4,dend[2833],0.647372473,green
36.016,110.224,36.208,36.352,110.192,2491,0.106748865,1626919110,LPLC4_R,LPLC4,dend[2000],1,green
25.968,105.288,46.968,25.88,105.248,1765,0.962858739,1626919110,LPLC4_R,LPLC4,dend[2072],0.723174852,green
41.816,105.112,35.04,41.88,105.048,2708,0,1626919110,LPLC4_R,LPLC4,dend[1835],0.631270028,green
41.864,104.912,38.008,41.936,104.992,1670,0.97593924,1626919110,LPLC4_R,LPLC4,dend[1843],0.428946962,green
42.04,104.328,37.632,42.224,104.432,1670,0.97593924,1626919110,LPLC4_R,LPLC4,dend[1979],0.397489735,green
36.12,109.736,36.112,36.072,109.704,3516,1,1626919110,LPLC4_R,LPLC4,dend[1998],0.812546962,green
34.904,99.536,29.208,35.008,99.584,1450,0,1626919110,LPLC4_R,LPLC4,dend[2657],0.350337082,green
42.552,98.12,36.712,42.536,98,2802,0.919957203,1626919110,LPLC4_R,LPLC4,dend[3053],1,green
33.184,103.504,44.064,33.216,103.6,1836,0.983293208,1626919110,LPLC4_R,LPLC4,dend[1908],0.727608838,green
39.416,91.088,27.904,39.256,91.08,2748,0,1626919110,LPLC4_R,LPLC4,dend[2997],0.689492361,green
43.4,98.816,35.64,43.392,98.68,2805,0.987094544,1626919110,LPLC4_R,LPLC4,dend[3043],0.145567638,green
39.608,96.568,31.656,39.608,96.792,2681,0,1626919110,LPLC4_R,LPLC4,dend[2848],0.372079661,green
30.288,99.96,33.64,30.256,99.896,1946,0,1626919110,LPLC4_R,LPLC4,dend[2817],0.39968246,green
29.488,101.984,37.08,29.392,101.952,2663,0.976598161,1626919110,LPLC4_R,LPLC4,dend[2800],1,green
26.216,104.784,47.08,26.344,104.76,1765,0.962858739,1626919110,LPLC4_R,LPLC4,dend[2072],0.450185212,green
46.784,89.4,39.568,46.776,89.552,2075,0.988300119,1626919110,LPLC4_R,LPLC4,dend[259],0.502254306,green
43.832,97.024,24.664,43.736,97.048,2506,0.995679848,1626909735,LPLC4_R,LPLC4,dend[3448],0.635241316,green
43.832,97.28,24.624,43.704,97.264,2506,0.995679848,1626909735,LPLC4_R,LPLC4,dend[3448],1,green
41.232,94.008,31.336,41.392,94.064,1592,0,1626909735,LPLC4_R,LPLC4,dend[3016],0.603840069,green
42.752,108.24,39.616,42.856,108.24,1668,0.995362685,1626909735,LPLC4_R,LPLC4,dend[1981],0.492674939,green
43.128,90.368,24.968,43.264,90.448,2294,0.985771379,1626909735,LPLC4_R,LPLC4,dend[3390],0.960298296,green
39.424,90.096,26.832,39.264,90.088,2750,0.951690575,1626909735,LPLC4_R,LPLC4,dend[2995],0.147855799,green
40.68,94.504,30.768,40.768,94.424,1593,0.923245529,1626909735,LPLC4_R,LPLC4,dend[2955],0.191156096,green
40.944,94.752,31.312,41.128,94.648,1592,0,1626909735,LPLC4_R,LPLC4,dend[2954],0.686370361,green
40.888,93.872,32.44,40.92,93.928,3612,0,1626909735,LPLC4_R,LPLC4,dend[2912],0.510675141,green
40.672,94.16,32.28,40.704,94.224,3612,0,1626909735,LPLC4_R,LPLC4,dend[2912],0.332292141,green
30.632,108.992,37.992,30.528,109.032,2247,0.433725764,1626909735,LPLC4_R,LPLC4,dend[2148],0.093947167,green
35.16,99.432,39.432,35.144,99.512,2367,0.94748876,1626909735,LPLC4_R,LPLC4,dend[1948],0.353173155,green
35.024,99.424,39.328,35.008,99.568,2367,0.94748876,1626909735,LPLC4_R,LPLC4,dend[1948],0.468640243,green
35.576,99.808,39.384,35.648,99.928,1707,0.997373225,1626909735,LPLC4_R,LPLC4,dend[1947],0.914519445,green
48.096,90.968,39.648,48.216,90.92,2052,0.994976987,1626909735,LPLC4_R,LPLC4,dend[242],0.350481097,green
39.04,92.672,27.952,39.008,92.64,2743,0.946918053,1626909735,LPLC4_R,LPLC4,dend[2986],0.537500086,green
41.128,107.168,37.056,41.024,107.336,2493,0.075566307,1626909735,LPLC4_R,LPLC4,dend[2016],0.65116397,green
38.96,92.336,27.968,38.888,92.552,2743,0.946918053,1626909735,LPLC4_R,LPLC4,dend[2986],0.582560551,green
44.496,93.296,36.024,44.68,93.104,2762,0.998870041,1626909735,LPLC4_R,LPLC4,dend[2284],0.670851825,green
28.632,107.52,39.744,28.424,107.504,2255,0.29608749,1626909735,LPLC4_R,LPLC4,dend[2154],0.565699025,green
43.808,107.24,41.048,44.048,107.032,2465,0,1626909735,LPLC4_R,LPLC4,dend[2249],0.602789799,green
43.728,106.936,41.024,43.928,106.864,2465,0,1626909735,LPLC4_R,LPLC4,dend[2249],0.613218991,green
43.64,107.416,39.312,43.744,107.336,2460,0.982500068,1626909735,LPLC4_R,LPLC4,dend[2261],0.662998478,green
45.616,92.256,36.32,45.6,92.384,1930,0,1626909735,LPLC4_R,LPLC4,dend[2275],0.038971826,green
45.48,92.352,36.896,45.456,92.528,1930,0,1626909735,LPLC4_R,LPLC4,dend[2275],0.243839887,green
43.616,107.016,39.968,43.768,106.96,3521,1,1626909735,LPLC4_R,LPLC4,dend[2249],0.048943017,green
43.352,107.04,35.416,43.528,107.056,2707,0,1626909735,LPLC4_R,LPLC4,dend[1837],1,green
40.592,91.072,29.928,40.504,91.176,1597,0.994915193,1626573444,LPLC4_R,LPLC4,dend[2959],0.834407897,green
39.464,100.52,31.248,39.472,100.408,2943,0,1626573444,LPLC4_R,LPLC4,dend[2841],0.662504804,green
39.624,100.664,30.448,39.576,100.656,2935,0.991600312,1626573444,LPLC4_R,LPLC4,dend[2836],0.17020505,green
34.968,100.904,32.424,34.928,100.984,1449,0.978043295,1626573444,LPLC4_R,LPLC4,dend[2777],0.532003351,green
28.448,102.776,43.176,28.512,102.856,1749,0,1626573444,LPLC4_R,LPLC4,dend[2045],0.672583342,green
40.536,101,31.544,40.664,100.92,2937,0.995012916,1626573444,LPLC4_R,LPLC4,dend[2838],1,green
27.656,101.336,45.776,27.624,101.448,1865,0,1626573444,LPLC4_R,LPLC4,dend[2053],0.586791891,green
42.688,97.52,35.24,42.632,97.424,2801,0.98486004,1626573444,LPLC4_R,LPLC4,dend[3052],0.437362852,green
27.264,102.384,44.992,27.216,102.504,1750,0.974711298,1626573444,LPLC4_R,LPLC4,dend[2053],0.109801026,green
36.928,107.536,41.464,36.96,107.648,1875,0.910575428,1626573444,LPLC4_R,LPLC4,dend[2170],0.493902993,green
39.264,93.136,32.048,39.264,93.192,2755,0.942991395,1626573444,LPLC4_R,LPLC4,dend[2908],1,green
36.304,107.696,41.696,36.304,107.84,1876,0.841015391,1626573444,LPLC4_R,LPLC4,dend[2171],1,green
34.152,99.048,29.312,34.048,99.112,1452,0.973616199,1626573444,LPLC4_R,LPLC4,dend[2631],0.472981283,green
39.272,94.496,32.184,39.184,94.52,1351,0,1626573444,LPLC4_R,LPLC4,dend[2907],1,green
27.128,103.992,46.528,26.96,104.016,1766,0.076997936,1626573444,LPLC4_R,LPLC4,dend[2075],1,green
39.512,94.104,32.56,39.624,94.072,1352,0.977429725,1626573444,LPLC4_R,LPLC4,dend[2866],0.123753406,green
33.52,99,29.76,33.488,99.016,1452,0.973616199,1626573444,LPLC4_R,LPLC4,dend[2631],0.782160699,green
28.392,102.664,44.024,28.368,102.768,1750,0.974711298,1626573444,LPLC4_R,LPLC4,dend[2048],0.068512432,green
33.44,100.936,32.704,33.312,100.92,1449,0.978043295,1626573444,LPLC4_R,LPLC4,dend[2813],0.905936019,green
42.952,98.504,35.672,42.944,98.72,2805,0.987094544,1626573444,LPLC4_R,LPLC4,dend[3043],0.354935332,green
30.752,106,50.328,30.744,106.016,1793,0.98288963,1626573444,LPLC4_R,LPLC4,dend[1857],0.510356734,green
46.976,88.512,40.296,46.968,88.472,2067,0,1626573444,LPLC4_R,LPLC4,dend[249],0.794209752,green
27.488,102.824,45.432,27.344,102.888,1750,0.974711298,1626573444,LPLC4_R,LPLC4,dend[2049],0.998476927,green
40,109.6,38.224,39.848,109.52,2497,0.328542269,1626573444,LPLC4_R,LPLC4,dend[1988],0.476073217,green
40.192,90.304,35.504,40.064,90.336,2777,0.997502268,1626573444,LPLC4_R,LPLC4,dend[2921],0.360998644,green
39.624,109.784,38.248,39.584,109.64,2497,0.328542269,1626573444,LPLC4_R,LPLC4,dend[1988],0.881552078,green
40.36,109.656,38.32,40.384,109.544,2496,0.992963989,1626573444,LPLC4_R,LPLC4,dend[1987],1,green
37.48,108.2,38.68,37.272,108.152,2478,0.982049699,1626573183,LPLC4,LPLC4,dend[2218],1,green
34.48,101.144,31.904,34.672,101.04,1449,0.978043295,1626573183,LPLC4,LPLC4,dend[2777],0.46822173,green
44.92,91.52,35.016,45.104,91.496,1932,0.993821741,1626573183,LPLC4,LPLC4,dend[2279],0.7808471,green
27.424,103.976,45.44,27.264,103.792,1868,0.316859701,1626573183,LPLC4,LPLC4,dend[2052],1,green
42.704,103.8,26.584,42.592,103.84,3689,1,1626573183,LPLC4,LPLC4,dend[3478],1,green
31.968,97.832,34.656,32.272,97.624,3840,0,1626573183,LPLC4,LPLC4,dend[2859],0.636810738,green
40.112,98.568,39.624,40.096,98.576,2765,0.963930588,1626573183,LPLC4,LPLC4,dend[1944],0.883375656,green
32.24,97.72,34.648,32.272,97.632,2692,0.58226484,1626573183,LPLC4,LPLC4,dend[2859],0.656010313,green
28.536,104.368,44.656,28.64,104.496,1849,0.999155562,1626573183,LPLC4,LPLC4,dend[2103],1,green
26.696,104.112,46.536,26.696,104.04,1765,0.962858739,1626573183,LPLC4,LPLC4,dend[2072],0.056479768,green
32.096,99.4,28.592,32.232,99.192,1469,0,1626573183,LPLC4,LPLC4,dend[2635],0.766592923,green
27.096,103.944,45.112,27.112,103.768,1868,0.316859701,1626573183,LPLC4,LPLC4,dend[2052],1,green
34.264,101.792,42.528,34.08,101.752,1896,0.997372454,1626573183,LPLC4,LPLC4,dend[1928],0.190787506,green
38.968,99.032,39.672,38.856,99.104,2389,0,1626573183,LPLC4,LPLC4,dend[1945],0.079969607,green
38.32,99.056,39.584,38.272,98.984,2389,0.094834231,1626573183,LPLC4,LPLC4,dend[1945],0.533627764,green
34.936,102.248,42.216,34.976,102.32,1893,0.997458376,1626573183,LPLC4,LPLC4,dend[1909],0.987093431,green
33.136,104.96,46.68,33.176,105.024,1789,0.999962687,1626573183,LPLC4,LPLC4,dend[1853],0.913204776,green
40.008,100.808,40,40.112,100.672,2381,0.973609187,1626560949,LPLC4_R,LPLC4,dend[1937],0.50921247,green
39.056,100.808,40.04,38.992,100.704,1705,0.58097561,1626560949,LPLC4_R,LPLC4,dend[1936],0.248964059,green
34.512,105.296,40.912,34.408,105.168,1732,0.983105273,1626560949,LPLC4_R,LPLC4,dend[2163],1,green
30.136,100.16,41.632,30,100.192,1779,0.4152782,1626560949,LPLC4_R,LPLC4,dend[2086],1,green
33.624,100.12,39.624,33.832,99.896,2373,0.99921063,1626560949,LPLC4_R,LPLC4,dend[1957],1,green
36.04,110.304,35.568,36.12,110.112,3516,1,1626560949,LPLC4_R,LPLC4,dend[2000],0.986794519,green
35.416,107.552,47.672,35.504,107.464,1834,0.964503833,1626560949,LPLC4_R,LPLC4,dend[1900],0.800311713,green
38.432,93.496,33.152,38.432,93.28,1956,0.998191826,1626560949,LPLC4_R,LPLC4,dend[2868],0.328875868,green
34.968,107.504,47.24,34.864,107.4,1834,0.964503833,1626560949,LPLC4_R,LPLC4,dend[1900],0.368902575,green
26.832,102.24,36.304,26.968,102.232,2665,0.97006293,1626560949,LPLC4_R,LPLC4,dend[2802],0.982063318,green
41.112,91.072,34.688,41.208,90.928,3618,0,1626560949,LPLC4_R,LPLC4,dend[2930],1,green
43.896,106.52,45.16,43.896,106.352,2099,0.993781626,1626560949,LPLC4_R,LPLC4,dend[2230],1,green
38.8,93.84,32.096,39.024,93.832,1353,0.337303595,1626560949,LPLC4_R,LPLC4,dend[2904],0.900394535,green
43.928,106.472,45.096,43.856,106.36,2099,0.993781626,1626560949,LPLC4_R,LPLC4,dend[2230],1,green
35.456,105.376,40.056,35.528,105.376,1731,0.986561684,1626560949,LPLC4_R,LPLC4,dend[2026],0.513571378,green
27.6,102.544,42.2,27.544,102.448,1738,0.995331356,1626560949,LPLC4_R,LPLC4,dend[2033],0.875064479,green
36.256,86.616,27.856,36.248,86.472,1984,0,1626560949,LPLC4_R,LPLC4,dend[2974],0.216256165,green
27.72,102.928,42.624,27.56,102.824,1738,0.995331356,1626560949,LPLC4_R,LPLC4,dend[2033],0.767807388,green
28.936,100.976,41.672,28.936,101,1771,0.968348597,1626560949,LPLC4_R,LPLC4,dend[2079],0.114918555,green
40.152,88.736,29.968,39.992,88.728,1602,0,1626560949,LPLC4_R,LPLC4,dend[2963],0.685909953,green
33.64,100.024,39.648,33.84,99.904,2373,0.99921063,1626560949,LPLC4_R,LPLC4,dend[1957],1,green
44.68,99.6,30.168,44.776,99.504,2609,0.993208986,1626560949,LPLC4_R,LPLC4,dend[2575],1,green
26.688,102.864,42.224,26.736,102.68,1739,0.899870748,1626560949,LPLC4_R,LPLC4,dend[2035],0.149262949,green
37.152,97.792,30.448,37.312,97.744,1447,0.997930302,1626560096,LPLC4_R,LPLC4,dend[2829],0.681190149,green
32.52,104.04,32.248,32.472,104.104,2668,0,1626560096,LPLC4_R,LPLC4,dend[2779],0.849525492,green
28.72,104.216,38.256,28.864,104.152,2228,0.497828902,1626560096,LPLC4_R,LPLC4,dend[2126],0.851113542,green
36.08,104.616,39.968,35.96,104.608,1731,0.986561684,1626560096,LPLC4_R,LPLC4,dend[2168],0.952882861,green
35.56,100.312,30.896,35.656,100.384,1448,0.997587598,1626560096,LPLC4_R,LPLC4,dend[2776],0.788692745,green
34.152,104.44,40.616,34.056,104.616,1733,0.993602736,1626560096,LPLC4_R,LPLC4,dend[2163],0.940682623,green
42.72,104.048,26.808,42.56,104.08,3689,1,1626560096,LPLC4_R,LPLC4,dend[3478],1,green
35.536,104.472,39.744,35.704,104.264,2357,0.975402331,1626560096,LPLC4_R,LPLC4,dend[2165],0.086259555,green
36.688,97.656,30.792,36.776,97.584,2018,0,1626560096,LPLC4_R,LPLC4,dend[2831],0.130575684,green
33.192,102.584,32.904,33.272,102.808,2675,0,1626560096,LPLC4_R,LPLC4,dend[2805],0.401659735,green
36.72,109.52,40.208,36.576,109.456,3496,0,1626560096,LPLC4_R,LPLC4,dend[2217],1,green
40.856,108.648,36.544,41.144,108.76,2494,0.311166283,1626560096,LPLC4_R,LPLC4,dend[1984],0.661408742,green
37.568,97.808,30.92,37.44,97.792,1447,0.445636238,1626560096,LPLC4_R,LPLC4,dend[2829],0.794708294,green
32.024,103.592,40.064,31.816,103.512,1734,0.998458235,1626560096,LPLC4_R,LPLC4,dend[2120],0.857880755,green
41.368,108.72,36.76,41.368,108.6,2494,0.278714856,1626560096,LPLC4_R,LPLC4,dend[1984],0.517383932,green
39.368,106.688,43.416,39.512,106.6,2100,0,1626560096,LPLC4_R,LPLC4,dend[2233],0.684582436,green
39.192,92.736,36.112,39.048,92.784,2769,0,1626560096,LPLC4_R,LPLC4,dend[2947],0.982240092,green
41.24,108.616,36.872,41.368,108.544,2494,0.142450549,1626560096,LPLC4_R,LPLC4,dend[1984],0.435176967,green
39.128,92.672,36.136,39.056,92.784,2769,0,1626560096,LPLC4_R,LPLC4,dend[2947],1,green
45.376,102.768,23.376,45.232,102.696,2539,0,1626560096,LPLC4_R,LPLC4,dend[3465],0.41399004,green
45.048,103.4,23.456,44.88,103.368,2539,0,1626560096,LPLC4_R,LPLC4,dend[3490],0.846856117,green
45.072,103.664,23.216,44.912,103.648,2544,0,1626560096,LPLC4_R,LPLC4,dend[3490],1,green
35.248,96.632,28.616,35.312,96.552,3608,1,1626560096,LPLC4_R,LPLC4,dend[2608],1,green
35.072,96.664,28.512,35.256,96.624,3608,1,1626560096,LPLC4_R,LPLC4,dend[2608],1,green
39.016,106.04,43.448,39.136,106.168,2100,0,1626560096,LPLC4_R,LPLC4,dend[2233],0.913010544,green
36.616,98.216,27.728,36.8,98.216,2022,0.967394729,1626232238,LPLC4,LPLC4,dend[2611],0.410550924,green
28.888,99.84,33.616,28.856,99.64,3829,0,1626232238,LPLC4,LPLC4,dend[2817],0.713141724,green
30.184,106.92,37.392,30.024,106.944,2251,0,1626232238,LPLC4,LPLC4,dend[2157],0.766710217,green
30.088,107.432,38.216,29.92,107.512,2248,0,1626232238,LPLC4,LPLC4,dend[2140],0.754060388,green
28.896,97.952,29.976,28.896,97.84,1457,0.206326501,1626232238,LPLC4,LPLC4,dend[2639],0.542707766,green
39.728,92.28,28.952,39.8,92.344,2742,0,1626232238,LPLC4,LPLC4,dend[2985],0.555990207,green
36.496,97.328,28.064,36.528,97.2,2736,0,1626232238,LPLC4,LPLC4,dend[2604],0.544483775,green
35.888,98.72,27.64,35.984,98.608,2026,0,1626232238,LPLC4,LPLC4,dend[2624],1,green
35.976,92.896,31.912,35.944,92.816,1957,0.927239558,1626232238,LPLC4,LPLC4,dend[2890],0.708238246,green
33.6,103.76,43.824,33.584,103.92,1787,0.949586859,1626232238,LPLC4,LPLC4,dend[1908],0.286265023,green
36.384,92.968,31.96,36.4,92.832,1957,0.927239558,1626232238,LPLC4,LPLC4,dend[2890],0.514719826,green
41.616,101.68,35.04,41.704,101.336,2808,0,1626232238,LPLC4,LPLC4,dend[3045],1,green
34.288,103.68,43.24,34.336,103.8,1786,0.98915456,1626232238,LPLC4,LPLC4,dend[1850],0.755800679,green
38.464,104.36,38.648,38.584,104.36,2362,0.973341181,1626232238,LPLC4,LPLC4,dend[1972],0.866896087,green
35.32,93.88,32.944,35.088,93.96,1966,0,1626232238,LPLC4,LPLC4,dend[2900],0.73960366,green
35.112,93.144,32.168,35.128,92.928,2947,0,1626232238,LPLC4,LPLC4,dend[2903],1,green
40.672,89.888,34.104,40.568,90.032,2792,0,1626232238,LPLC4,LPLC4,dend[2931],0.200238253,green
37.512,107.072,39.736,37.48,107.056,1728,0.997912907,1626232238,LPLC4,LPLC4,dend[2024],0.435869221,green
34.888,93.624,32.808,34.872,93.552,1966,0,1626232238,LPLC4,LPLC4,dend[2900],0.537473425,green
42.44,104.368,36.848,42.432,104.488,2492,0,1626232238,LPLC4,LPLC4,dend[1979],0.778341737,green
34.824,93.896,32.896,34.96,93.872,1966,0,1625191546,LPLC4_R,LPLC4,dend[2900],0.683837593,green
37.144,97.448,30.904,37.064,97.56,2016,0.389130438,1625191546,LPLC4_R,LPLC4,dend[2829],1,green
40.184,108.944,33.224,40.184,109.104,2719,0.948761412,1625191546,LPLC4_R,LPLC4,dend[1820],0.92259001,green
35.232,94.464,33.032,35.312,94.44,1966,0,1625191546,LPLC4_R,LPLC4,dend[2900],0.964058382,green
33.904,105.832,47.072,33.64,105.76,1812,0.989743245,1625191546,LPLC4_R,LPLC4,dend[1878],0.316742485,green
42.256,109.792,34.2,42.384,109.84,2734,0,1625191546,LPLC4_R,LPLC4,dend[1830],0.514300173,green
31.296,97.976,29.864,31.288,97.936,1455,0,1625191546,LPLC4_R,LPLC4,dend[2636],0.459506143,green
42.872,106.408,44.784,42.84,106.256,2093,0.994581302,1625191546,LPLC4_R,LPLC4,dend[2226],0.799006241,green
41.216,90.624,34.392,40.984,90.768,3618,0,1625191546,LPLC4_R,LPLC4,dend[2930],0.985909131,green
46.88,88.32,41.416,46.84,88.448,2064,0.976272624,1625191546,LPLC4_R,LPLC4,dend[246],0.509935801,green
28.152,98.888,34.408,28.104,99.12,1948,0,1625191546,LPLC4_R,LPLC4,dend[2823],1,green
32.52,103.632,41.24,32.432,103.816,1734,0.998458235,1625191546,LPLC4_R,LPLC4,dend[2029],0.547519886,green
44.648,88.096,26.32,44.696,87.992,2298,0.989583459,1625191546,LPLC4_R,LPLC4,dend[3393],0.95041215,green
30.072,100.224,41.704,30.056,100.288,1779,0.4152782,1625191546,LPLC4_R,LPLC4,dend[2086],1,green
34.232,97.968,26.016,34.128,98.096,2030,0.979630701,1625191546,LPLC4_R,LPLC4,dend[2614],0.387158501,green
35.984,107.528,44.392,35.936,107.64,1906,0.999894658,1625191546,LPLC4_R,LPLC4,dend[2176],0.771295962,green
33.112,105.672,47.824,32.952,105.704,1790,0.975600246,1625191546,LPLC4_R,LPLC4,dend[1854],0.764509607,green
27.288,98.568,34.752,27.216,98.672,1947,0.982169538,1625191546,LPLC4_R,LPLC4,dend[2818],0.368760716,green
30.984,102.176,41.576,30.832,102.12,1871,0.998864385,1625191546,LPLC4_R,LPLC4,dend[2091],1,green
42.52,110.512,34.736,42.552,110.608,2731,0.987233615,1625191546,LPLC4_R,LPLC4,dend[1827],0.359162654,green
33.664,106.624,47.488,33.608,106.696,1812,0.989743245,1625191546,LPLC4_R,LPLC4,dend[1878],0.825494772,green
34.736,107.168,46.872,34.736,107.36,1834,0.964503833,1625191546,LPLC4_R,LPLC4,dend[1900],0.218750019,green
39.12,97,32.256,39.128,97.176,2681,0,1625191546,LPLC4_R,LPLC4,dend[2848],0.676056847,green
34.592,107.256,47.072,34.68,107.352,1834,0.964503833,1625191546,LPLC4_R,LPLC4,dend[1900],0.230872165,green
37.72,93.224,36.496,37.792,93.392,2770,0.119360842,1625191546,LPLC4_R,LPLC4,dend[2945],1,green
34.632,104.672,41.016,34.392,104.784,1873,0.989684201,1625191546,LPLC4_R,LPLC4,dend[2163],1,green
34.352,98.68,26.28,34.456,98.568,2025,0.982675054,1625191546,LPLC4_R,LPLC4,dend[2613],0.805372058,green
29.744,100.184,41.624,29.8,100.184,1779,0.4152782,1625191546,LPLC4_R,LPLC4,dend[2086],1,green
34.264,97.176,25.504,34.176,97.152,2035,0,1625191546,LPLC4_R,LPLC4,dend[2620],0.624996393,green
37.472,93.992,36.456,37.48,94.104,3615,1,1625191546,LPLC4_R,LPLC4,dend[2944],0.185721726,green
65.752,133.592,17.288,65.968,133.608,794,0.973671073,1625080038,LC4,LC4,dend[1338],0.576149377,blue
65.944,133.84,17.608,66.144,133.96,828,0.996354864,1625080038,LC4,LC4,dend[1339],0.209868043,blue
63.472,122.832,31.744,63.6,122.824,305,0,1625080038,LC4,LC4,dend[419],0.091660012,blue
63.04,122.576,31.864,63.064,122.456,301,0.928250779,1625080038,LC4,LC4,dend[413],0.506831611,blue
63.736,123.52,31.84,63.84,123.464,305,0,1625080038,LC4,LC4,dend[419],0.337294578,blue
65.672,123.016,35.72,65.76,122.952,273,0,1625080038,LC4,LC4,dend[750],1,blue
63.568,123.224,31.584,63.752,123.128,305,0,1625080038,LC4,LC4,dend[419],0.168714529,blue
58.416,122.728,20.28,58.416,122.736,463,0,1625080038,LC4,LC4,dend[1453],0.614384231,blue
62.168,120.528,35.36,62.368,120.528,287,0,1625080038,LC4,LC4,dend[433],0.285491777,blue
59.76,123.968,18.792,59.76,123.856,1473,0,1625080038,LC4,LC4,dend[1297],1,blue
65.408,133.224,17.088,65.632,133.352,793,0.736064173,1625080038,LC4,LC4,dend[1337],1,blue
67.112,120.112,39.088,67.152,120.288,212,0.999980279,1625080038,LC4,LC4,dend[451],1,blue
73.136,138.568,15.96,73.224,138.816,683,0.105500684,1625080038,LC4,LC4,dend[1634],0.625251619,blue
61.6,124.544,13.408,61.416,124.44,937,0.991258703,1625080038,LC4,LC4,dend[1278],0.203052438,blue
68.48,126.472,15.616,68.488,126.592,1057,0.957672396,1625080038,LC4,LC4,dend[1643],0.202530225,blue
62.536,125.688,28,62.824,125.728,877,0.220822603,1625080038,LC4,LC4,dend[1724],0.8518122,blue
61.6,124.936,15.68,61.576,124.712,1474,0.384999156,1625080038,LC4,LC4,dend[1289],0.881405444,blue
69.552,126.96,15.304,69.56,127.032,1059,0.286888639,1625080038,LC4,LC4,dend[1645],0.87688342,blue
53.792,117.128,27.568,54.008,117.16,3290,0,1625080038,LC4,LC4,dend[1750],0.982786062,blue
69.888,127.056,15.688,69.976,127.064,1059,0.286888639,1625080038,LC4,LC4,dend[1645],1,blue
44.072,106.88,39.248,43.912,106.984,2460,0.982500068,1624747496,LPLC4_R,LPLC4,dend[2261],1,green
46.288,88.88,41.904,46.304,88.696,2066,0.073994988,1624747496,LPLC4_R,LPLC4,dend[248],1,green
44.64,111.704,29.944,44.632,111.808,1359,0.996586595,1624747496,LPLC4_R,LPLC4,dend[906],0.715390811,green
48.408,105.84,44.56,48.36,105.72,2419,0.988535597,1624747496,LPLC4_R,LPLC4,dend[341],0.409639133,green
45.768,89.616,33.072,45.848,89.584,3841,0,1624747496,LPLC4_R,LPLC4,dend[2500],0.926135452,green
44.128,107.4,39.488,44.04,107.296,3520,0,1624747496,LPLC4_R,LPLC4,dend[2241],0.477334793,green
45.256,98.488,48.56,45.056,98.464,1585,0.997086891,1624747496,LPLC4_R,LPLC4,dend[192],0.746418101,green
46.144,91.496,22.504,46.032,91.472,2268,0.995181438,1624747496,LPLC4_R,LPLC4,dend[3383],0.182261007,green
43.52,109.008,32.584,43.464,109.008,2713,0.550120835,1624747496,LPLC4_R,LPLC4,dend[1808],0.681175566,green
45.952,91.568,22.848,45.816,91.696,3675,1,1624747496,LPLC4_R,LPLC4,dend[3382],0.670440998,green
44.224,108.448,40.056,44.192,108.56,2457,0,1624747496,LPLC4_R,LPLC4,dend[2239],1,green
45.408,89.2,33.504,45.264,89.112,3564,1,1624747496,LPLC4_R,LPLC4,dend[2503],1,green
43.552,108.648,32.072,43.32,108.696,2713,0.97488022,1624747496,LPLC4_R,LPLC4,dend[1824],1,green
45.04,98.592,48.76,44.984,98.504,1585,0.997086891,1624747496,LPLC4_R,LPLC4,dend[192],0.831553603,green
43.92,108.76,32.992,43.776,108.592,2711,0.910613187,1624747496,LPLC4_R,LPLC4,dend[1807],0.876662516,green
45.624,106.008,38.656,45.584,106.112,2453,0,1624074309,LPLC4_R,LPLC4,dend[1840],0.755743102,green
45.896,111.328,30.624,45.832,111.584,1251,0.82818595,1624074309,LPLC4_R,LPLC4,dend[935],0.940944445,green
45.76,111.448,30.816,45.8,111.616,1251,0.82818595,1624074309,LPLC4_R,LPLC4,dend[935],1,green
51.216,86.424,25.592,51.216,86.504,1623,0.986477625,1624074309,LPLC4_R,LPLC4,dend[2463],0.124305507,green
47.12,99.632,48.728,46.992,99.44,1590,0.167357899,1624074309,LPLC4_R,LPLC4,dend[198],0.750365195,green
46.416,97.408,52.432,46.312,97.496,553,0.158765502,1624074309,LPLC4_R,LPLC4,dend[83],0.89028022,green
46.624,97.304,52.24,46.76,97.504,551,0.981760089,1624074309,LPLC4_R,LPLC4,dend[82],0.634568188,green
51.44,84.248,23.032,51.352,84.24,1631,0.9582357,1624074309,LPLC4_R,LPLC4,dend[2462],0.861165831,green
48.072,89.504,41.056,47.92,89.632,2076,0,1624074309,LPLC4_R,LPLC4,dend[258],1,green
44.416,96.296,24.648,44.36,96.472,2500,0,1624074309,LPLC4_R,LPLC4,dend[3424],0.875157893,green
44.824,92.28,23.432,44.976,92.288,2267,0.93921968,1624074309,LPLC4_R,LPLC4,dend[3362],0.321278996,green
35.008,92.88,30.072,35.168,92.8,1982,0.989500074,1624074309,LPLC4_R,LPLC4,dend[2883],0.122630138,green
47.856,92.832,49.128,47.68,92.88,198,0.999630607,1624074309,LPLC4_R,LPLC4,dend[202],0.831822046,green
45.272,91.832,24.896,45.232,91.928,2498,0,1624074309,LPLC4_R,LPLC4,dend[3414],1,green
44.752,91.512,24.768,44.68,91.496,2293,0.979552481,1624074309,LPLC4_R,LPLC4,dend[3389],0.497588781,green
50.936,84.664,23.144,50.848,84.624,1631,0.9582357,1624074309,LPLC4_R,LPLC4,dend[2462],0.557015648,green
46.04,97.688,36.256,46.008,97.496,2828,0,1624074309,LPLC4_R,LPLC4,dend[3062],1,green
45.872,93.352,49.192,45.872,93.176,3753,0,1624074309,LPLC4_R,LPLC4,dend[219],1,green
47.784,93.64,37.28,47.752,93.768,1925,0,1624074309,LPLC4_R,LPLC4,dend[2271],1,green
46.808,93.008,39.224,46.896,92.952,2059,0,1624074309,LPLC4_R,LPLC4,dend[265],0.524751032,green
44.632,92.152,24.472,44.752,92.232,2292,0,1624074309,LPLC4_R,LPLC4,dend[3414],0.316629962,green
47.32,92.352,49.352,47.224,92.376,198,0.999630607,1624074309,LPLC4_R,LPLC4,dend[203],0.34751062,green
44.544,95.104,24.592,44.736,95.088,2265,0.953112202,1624074309,LPLC4_R,LPLC4,dend[3360],0.314153277,green
46.624,106.264,40.696,46.752,106.208,2464,0,1624074309,LPLC4_R,LPLC4,dend[2247],0.433652649,green
45.848,106.088,39.248,45.64,106.008,2453,0,1624074309,LPLC4_R,LPLC4,dend[1840],0.964895356,green
47.232,97.304,52.288,47.28,97.224,551,0.981760089,1624074309,LPLC4_R,LPLC4,dend[82],0.276388483,green
45.776,105.992,38.984,45.672,106.088,2453,0,1624074309,LPLC4_R,LPLC4,dend[1840],0.877820777,green
47.024,96.664,51.88,47.2,96.552,551,0.981760089,1624074309,LPLC4_R,LPLC4,dend[81],1,green
46.248,106.376,40.864,46.216,106.456,2462,0.999988258,1624074309,LPLC4_R,LPLC4,dend[2245],0.923316557,green
46.944,84.36,18.568,46.992,84.168,1657,0,1624074309,LPLC4_R,LPLC4,dend[2451],1,green
51.624,104.488,32.816,51.624,104.32,3021,0.150009215,1622350949,LPLC1_R,LPLC1,dend[364],0.075415745,red
57.68,97.2,41.096,57.68,97.184,1429,0.988047136,1622350949,LPLC1_R,LPLC1,dend[3583],0.881787215,red
56.32,89.368,48.064,56.344,89.256,500,0.521460997,1622350949,LPLC1_R,LPLC1,dend[124],1,red
56.84,99.44,23.064,56.888,99.424,2955,0.976417109,1622350949,LPLC1_R,LPLC1,dend[3195],0.826529538,red
59.312,108.104,10.512,59.144,108.112,632,0.988743499,1622350949,LPLC1_R,LPLC1,dend[1055],0.896011022,red
57.52,94.512,43.216,57.52,94.552,2165,0.987998163,1622350949,LPLC1_R,LPLC1,dend[3668],0.463777617,red
59.08,97.824,40.312,59.152,97.912,2193,0.374817466,1622350949,LPLC1_R,LPLC1,dend[3591],0.576480065,red
57.92,99.592,32.144,57.944,99.688,2871,0.999698847,1622350949,LPLC1_R,LPLC1,dend[3537],0.362279382,red
58.616,99.112,31.76,58.616,99.248,2872,0.313618359,1622350949,LPLC1_R,LPLC1,dend[3538],0.740283551,red
53.32,100.688,40,53.232,100.76,3306,1,1622350949,LPLC1_R,LPLC1,dend[282],0.779790496,red
59.184,98.256,40.024,59.016,98.224,1439,0.999829029,1622350949,LPLC1_R,LPLC1,dend[3587],0.229966994,red
59.064,98.376,39.536,59.016,98.224,1437,0,1622350949,LPLC1_R,LPLC1,dend[3593],0.839036027,red
56.184,102.16,30.456,56.216,102.232,3842,0,1622350949,LPLC1_R,LPLC1,dend[3550],0.892795522,red
55.952,99.92,31.104,55.912,99.976,2868,0.127046711,1622350949,LPLC1_R,LPLC1,dend[3553],1,red
58.656,113.032,16.984,58.768,113.096,390,0.999208321,1622350949,LPLC1_R,LPLC1,dend[1019],0.695645288,red
58.232,100.688,12.472,58.368,100.768,2323,0,1622350949,LPLC1_R,LPLC1,dend[3281],0.77876942,red
58.72,100.84,12.768,58.64,100.872,2323,0,1622350949,LPLC1_R,LPLC1,dend[3281],0.793744123,red
58.52,112.56,15.856,58.608,112.544,3439,1,1622350949,LPLC1_R,LPLC1,dend[1023],0.370727291,red
78.76,129.624,34.92,78.688,129.6,184,0.251053922,1621357756,LC4,LC4,dend[725],0.899739388,blue
80.176,124.344,40.976,80.112,124.424,17,0.982071665,1621357756,LC4,LC4,dend[525],0.277538194,blue
68.6,127.232,21.872,68.688,127.136,1230,0,1621357756,LC4,LC4,dend[1538],1,blue
68.328,126.84,15.52,68.456,126.728,1057,0.957672396,1621357756,LC4,LC4,dend[1643],0.275008813,blue
62.888,115.944,23.992,62.768,115.84,899,0,1621357756,LC4,LC4,dend[1702],1,blue
68.232,126.976,16.256,68.36,126.896,1056,0.27903768,1621357756,LC4,LC4,dend[1642],0.767787039,blue
66.128,124.176,20.216,65.952,124.216,641,0.993498912,1621357756,LC4,LC4,dend[1458],0.758451762,blue
78.368,122.536,43.328,78.472,122.528,67,0.632659206,1621357756,LC4,LC4,dend[587],0.556251154,blue
78,123.408,42.76,77.872,123.4,41,0.771289438,1621357756,LC4,LC4,dend[559],0.742549284,blue
33.8,101.264,43.656,33.872,101.328,1987,0,1595866921,LPLC4,LPLC4,dend[1914],0.662207032,green
36.4,102.264,41.816,36.448,102.384,1785,0.999999935,1595866921,LPLC4,LPLC4,dend[1849],0.576808332,green
34.072,101.672,42.688,34.056,101.864,1896,0.997372454,1595866921,LPLC4,LPLC4,dend[1912],0.353969859,green
29.808,95.88,29.04,29.656,95.872,1456,0.983495861,1595866921,LPLC4,LPLC4,dend[2654],1,green
39.576,90.152,35.448,39.672,90.264,2777,0.997502268,1595866921,LPLC4,LPLC4,dend[2924],0.602393029,green
29.096,95.112,28.36,29.008,95.12,1458,0,1595866921,LPLC4,LPLC4,dend[2651],0.554684881,green
30.328,99.744,33.552,30.296,99.888,1946,0,1595866921,LPLC4,LPLC4,dend[2817],0.385491963,green
37.584,92.272,32.152,37.672,92.16,1969,0.333166227,1595866921,LPLC4,LPLC4,dend[2871],0.394417556,green
37.104,92.56,32.16,37,92.656,1957,0.927239558,1595866921,LPLC4,LPLC4,dend[2890],0.245407794,green
39.584,109.04,37.4,39.552,109.016,1712,0.947942999,1595866921,LPLC4,LPLC4,dend[1989],0.384852107,green
33.472,101.664,44.2,33.224,101.504,2000,0,1595866921,LPLC4,LPLC4,dend[1927],1,green
33.784,101.912,43.704,33.992,101.936,1897,0.998959083,1595866921,LPLC4,LPLC4,dend[1913],1,green
36.072,109.384,36.024,36.2,109.464,1722,0.979448335,1595866921,LPLC4,LPLC4,dend[1998],0.334141363,green
28.944,93.736,27.904,28.752,93.672,1461,0.999496926,1595866921,LPLC4,LPLC4,dend[2648],0.472291578,green
27.736,106.424,52.128,27.712,106.416,1801,0,1595866921,LPLC4,LPLC4,dend[1872],1,green
29.672,95.008,28.048,29.8,94.976,1464,0.997699474,1595866921,LPLC4,LPLC4,dend[2652],0.398151062,green
44.216,106.392,43.64,44.472,106.52,2467,0.981050996,1595853024,LPLC4_R,LPLC4,dend[2258],1,green
41.824,93.784,31.304,41.624,93.952,1592,0,1595853024,LPLC4_R,LPLC4,dend[3016],0.874722103,green
41.64,93.8,31.296,41.568,93.936,1592,0,1595853024,LPLC4_R,LPLC4,dend[3016],0.843326711,green
39.264,91.472,27.72,39.464,91.456,2745,0.906121702,1595853024,LPLC4_R,LPLC4,dend[2992],0.692196993,green
33.28,104.024,44.048,33.352,103.912,1788,0.13669342,1595853024,LPLC4_R,LPLC4,dend[1908],0.477334074,green
45.48,91.4,35.008,45.28,91.584,1932,0.993821741,1595853024,LPLC4_R,LPLC4,dend[2279],0.694588162,green
38.312,93.08,36.064,38.16,93.2,2773,0,1595853024,LPLC4_R,LPLC4,dend[2946],0.894225647,green
44.52,99.568,48.096,44.672,99.536,1586,0.981539025,1595853024,LPLC4_R,LPLC4,dend[195],0.752604543,green
42.368,108.92,32.152,42.304,108.816,2726,0,1595853024,LPLC4_R,LPLC4,dend[1822],1,green
45.472,91.84,35.912,45.288,91.768,1932,0.993821741,1595853024,LPLC4_R,LPLC4,dend[2279],0.178816529,green
45.392,91.432,35.848,45.216,91.656,1932,0.993821741,1595853024,LPLC4_R,LPLC4,dend[2279],0.283209593,green
25.048,106.16,47.224,24.952,105.944,1767,0,1595853024,LPLC4_R,LPLC4,dend[2073],0.720938347,green
40.176,93.552,30.336,40.184,93.64,1593,0.923245529,1595853024,LPLC4_R,LPLC4,dend[2955],0.7670384,green
42.856,109.312,32.64,42.944,109.096,2729,0,1595853024,LPLC4_R,LPLC4,dend[1825],0.275508755,green
41.304,107.856,31.128,41.16,107.976,2722,0,1595853024,LPLC4_R,LPLC4,dend[1814],0.268288642,green
41.28,92.768,35,41.184,92.872,2783,0.990552253,1595853024,LPLC4_R,LPLC4,dend[2951],0.914570077,green
41.4,108.032,30.792,41.248,108.088,2722,0,1595853024,LPLC4_R,LPLC4,dend[1814],0.66659757,green
44.248,106.768,43.224,44.256,106.64,2467,0.981050996,1595853024,LPLC4_R,LPLC4,dend[2258],0.893489368,green
43.76,107.08,43.424,43.664,107.064,2468,0.532561243,1595853024,LPLC4_R,LPLC4,dend[2259],0.747529122,green
36.976,91.32,31.288,36.92,91.44,1970,0.957037896,1595853024,LPLC4_R,LPLC4,dend[2876],0.308018372,green
31.4,99.864,37.856,31.28,99.936,2663,0.976598161,1595853024,LPLC4_R,LPLC4,dend[2799],1,green
35.72,100.112,39.528,35.72,99.952,1707,0.997373225,1595853024,LPLC4_R,LPLC4,dend[1947],0.882249902,green
28.464,106.8,39.392,28.632,106.776,2254,0.980595328,1595853024,LPLC4_R,LPLC4,dend[2153],0.664834713,green
35.008,99.88,39.576,35.184,99.704,2367,0.94748876,1595853024,LPLC4_R,LPLC4,dend[1948],0.208490634,green
34.304,100.2,39.744,34.12,100.12,2373,0.99921063,1595853024,LPLC4_R,LPLC4,dend[1957],1,green
36.856,91.368,32.336,36.96,91.48,1971,0,1595853024,LPLC4_R,LPLC4,dend[2889],1,green
44.408,89.176,22.056,44.52,89.104,2276,0.997761161,1595853024,LPLC4_R,LPLC4,dend[3369],0.847591225,green
32.936,103.648,44.24,33.12,103.608,1788,0.13669342,1595853024,LPLC4_R,LPLC4,dend[1908],0.816828768,green
28.912,104.096,38.8,29.016,104.208,2228,0.415318853,1595853024,LPLC4_R,LPLC4,dend[2126],1,green
30,107.488,38.448,30,107.488,2248,0,1593815080,LPLC4,LPLC4,dend[2140],0.921338417,green
36.376,101.952,33.008,36.208,102.008,3828,0,1593815080,LPLC4,LPLC4,dend[2812],0.884722491,green
39.576,100.568,30.384,39.584,100.624,2935,0.991600312,1593815080,LPLC4,LPLC4,dend[2836],0.130630796,green
28.312,101.856,43.992,28.24,101.792,1869,0,1593815080,LPLC4,LPLC4,dend[2048],0.724408195,green
29.032,107.16,39.296,29.072,107.032,2255,0,1593815080,LPLC4,LPLC4,dend[2154],0.077830542,green
42.744,97.584,36.144,42.736,97.536,2803,0.415196942,1593815080,LPLC4,LPLC4,dend[3054],1,green
43.984,100.304,24.776,43.96,100.36,2537,0.964416072,1593815080,LPLC4,LPLC4,dend[3459],0.911218671,green
34.592,105.04,40.976,34.512,104.944,1732,0.983105273,1593815080,LPLC4,LPLC4,dend[2163],1,green
27.664,102.024,42.8,27.824,101.976,1738,0.995331356,1593815080,LPLC4,LPLC4,dend[2033],0.652227664,green
35.36,101.248,33.968,35.304,101.512,3828,0,1593815080,LPLC4,LPLC4,dend[2812],0.54617331,green
42.944,89.448,25.104,43.064,89.568,2297,0.989337008,1593815080,LPLC4,LPLC4,dend[3392],0.073332463,green
35.12,107.168,47.4,35.152,107.336,1834,0.964503833,1593815080,LPLC4,LPLC4,dend[1900],0.540894114,green
36.112,104.936,40.056,36.016,104.808,1731,0.986561684,1593815080,LPLC4,LPLC4,dend[2168],1,green
43.32,90.248,25.312,43.424,90.136,2295,0.983340039,1593815080,LPLC4,LPLC4,dend[3391],0.395255703,green
38.136,105.528,37.928,38.344,105.504,2365,0.972751303,1593815080,LPLC4,LPLC4,dend[1974],0.92793788,green
55.064,101.2,37.456,55.264,101.136,3244,0,1593417998,LPLC1_R,LPLC1,dend[2311],1,red
59.112,98.504,40.424,59.024,98.296,3713,1,1593417998,LPLC1_R,LPLC1,dend[3586],0.650240315,red
58.92,109.568,23.416,58.992,109.712,1163,0,1593417998,LPLC1_R,LPLC1,dend[981],0.716492269,red
58.008,109.824,23.104,57.872,109.808,1161,0.991110564,1593417998,LPLC1_R,LPLC1,dend[980],0.009087336,red
53.832,96.616,24.296,53.904,96.888,3129,0,1593417998,LPLC1_R,LPLC1,dend[3327],0.308396425,red
56,99.544,30.784,56.032,99.544,2866,0.980431874,1593417998,LPLC1_R,LPLC1,dend[3553],0.470225369,red
56.4,97.784,25.2,56.328,97.848,3139,0.090853078,1593417998,LPLC1_R,LPLC1,dend[3333],0.398516706,red
55.792,92.432,49.808,55.656,92.344,482,0.961295705,1593417998,LPLC1_R,LPLC1,dend[97],0.55578199,red
56.624,106.168,16.84,56.576,106.248,1042,0.888236527,1593417998,LPLC1_R,LPLC1,dend[1210],0.864935947,red
55.28,93.952,43.832,55.168,94,2157,0.995381721,1593417998,LPLC1_R,LPLC1,dend[3660],0.650108146,red
56.52,106.152,17.144,56.464,106.248,1042,0.888236527,1593417998,LPLC1_R,LPLC1,dend[1210],0.69368955,red
58.72,113.44,18.312,58.848,113.568,389,0.996898884,1593417998,LPLC1_R,LPLC1,dend[1016],0.489323568,red
56.624,97.048,24.584,56.624,96.96,3138,0.991429461,1593417998,LPLC1_R,LPLC1,dend[3330],0.929048864,red
58.528,99.48,40.64,58.704,99.416,1432,0.497133356,1593417998,LPLC1_R,LPLC1,dend[3594],0.748931545,red
56.448,99.2,30.768,56.504,99.088,2866,0.980431874,1593417998,LPLC1_R,LPLC1,dend[3535],0.488459062,red
55.312,93.28,46.968,55.4,93.152,563,0.952851992,1593417998,LPLC1_R,LPLC1,dend[166],0.613987941,red
56.08,93.984,32.512,56.208,94.08,2924,0.897933265,1593417998,LPLC1_R,LPLC1,dend[2557],0.391317798,red
56.968,94.8,26.192,56.888,94.592,3038,0,1593417998,LPLC1_R,LPLC1,dend[3115],1,red
55.408,100.792,36.944,55.392,100.544,3238,0.990395716,1593417998,LPLC1_R,LPLC1,dend[2304],0.845434819,red
57.824,114.408,17.976,57.808,114.48,388,0.997663825,1593417998,LPLC1_R,LPLC1,dend[1008],0.321122368,red
56.32,100.432,30.376,56.328,100.36,2867,0.121658014,1593417998,LPLC1_R,LPLC1,dend[3550],0.29844205,red
55.424,93.768,43.552,55.392,93.824,2157,0.995381721,1593417998,LPLC1_R,LPLC1,dend[3660],0.796674097,red
56.376,93.848,32.56,56.336,94.04,2924,0.897933265,1593417998,LPLC1_R,LPLC1,dend[2557],0.169595983,red
58.44,106.912,25.952,58.504,106.672,3477,1,1593417998,LPLC1_R,LPLC1,dend[862],1,red
59.512,98.048,40.216,59.264,97.944,2193,0.374817466,1593417998,LPLC1_R,LPLC1,dend[3591],0.345618419,red
56.544,105.424,16.184,56.48,105.6,1043,0.964105279,1593417998,LPLC1_R,LPLC1,dend[1211],0.204410266,red
54.92,102.936,24.528,55.032,103.064,3667,0,1593417998,LPLC1_R,LPLC1,dend[3159],1,red
54.872,102.92,23.904,54.8,103.024,2989,0.990220296,1593417998,LPLC1_R,LPLC1,dend[3147],0.867314849,red
54.344,92.8,50.128,54.424,92.832,481,0,1593417998,LPLC1_R,LPLC1,dend[101],0.354335643,red
55.784,93.336,46.84,55.912,93.416,567,0.953552426,1593417998,LPLC1_R,LPLC1,dend[173],1,red
57.048,96.976,24.76,57.12,96.896,3144,0,1593417998,LPLC1_R,LPLC1,dend[3331],0.198592219,red
55.088,97.272,24.416,54.992,97.392,3137,0.989789689,1593417998,LPLC1_R,LPLC1,dend[3329],0.408804135,red
64.688,117.768,23.96,64.64,117.944,893,0.988852641,1590979045,LC4,LC4,dend[1685],1,blue
79.072,123.216,46.488,79.208,123.368,61,0.992565304,1590979045,LC4,LC4,dend[584],0.294455473,blue
80.632,130.608,40.28,80.432,130.456,110,0,1590979045,LC4,LC4,dend[616],0.921385933,blue
78.328,122.568,45.336,78.304,122.688,62,0.026407372,1590979045,LC4,LC4,dend[586],1,blue
71.592,121.928,34.688,71.624,122.024,157,0.968820351,1590979045,LC4,LC4,dend[700],0.67934265,blue
67.288,123.848,17.176,67.336,123.976,1085,0,1590979045,LC4,LC4,dend[1670],0.587275487,blue
47.632,83.712,18.832,47.592,83.816,3825,0,1563467433,LPLC4_R,LPLC4,dend[2447],0.760885954,green
44.8,96.472,33.664,44.688,96.576,1343,0.992349448,1563467433,LPLC4_R,LPLC4,dend[3056],0.744803977,green
40.48,87.056,30.392,40.568,86.968,1604,0.951141511,1563467433,LPLC4_R,LPLC4,dend[2980],0.978216314,green
48.088,105.656,44.592,48.272,105.768,2419,0.988535597,1563467433,LPLC4_R,LPLC4,dend[341],0.465639313,green
47.504,105.72,43.264,47.56,105.864,2422,0.490932886,1563467433,LPLC4_R,LPLC4,dend[316],1,green
44.76,106.088,40.84,44.944,106.088,2462,0.999988258,1563467433,LPLC4_R,LPLC4,dend[2245],0.4579907,green
50,83.072,19.008,50.152,83.12,1638,0.997380694,1563467433,LPLC4_R,LPLC4,dend[2431],0.151640007,green
47.152,93.32,39.816,47.176,93.4,2057,0.990616248,1563467433,LPLC4_R,LPLC4,dend[263],0.402066791,green
47.208,93.016,39.24,47.096,92.888,2059,0,1563467433,LPLC4_R,LPLC4,dend[265],0.346008731,green
47.048,93.112,40.136,47.08,93.296,2057,0.990616248,1563467433,LPLC4_R,LPLC4,dend[263],0.392796341,green
45.712,91.416,23.136,45.736,91.528,3675,1,1563467433,LPLC4_R,LPLC4,dend[3382],0.791772285,green
46.4,96.776,35.672,46.368,96.88,2828,0,1563467433,LPLC4_R,LPLC4,dend[3062],0.65325092,green
44.792,94.56,29.096,44.76,94.68,2820,0.937604422,1563467433,LPLC4_R,LPLC4,dend[3033],0.768621049,green
46.352,96.76,35.28,46.4,96.832,2828,0,1563467433,LPLC4_R,LPLC4,dend[3062],0.409344168,green
45.68,105.76,39.544,45.808,105.64,2453,0,1563467433,LPLC4_R,LPLC4,dend[1840],1,green
44.48,94.784,29.824,44.44,94.92,2820,0.937604422,1563467433,LPLC4_R,LPLC4,dend[3033],0.19987499,green
48.384,95.152,37.408,48.472,95.168,1924,0,1563467433,LPLC4_R,LPLC4,dend[2290],1,green
45.712,91.384,22.456,45.88,91.504,2268,0.995181438,1563467433,LPLC4_R,LPLC4,dend[3383],0.170082431,green
47.064,91.648,48.992,47.008,91.536,530,0.969824335,1563467433,LPLC4_R,LPLC4,dend[204],0.459167676,green
47.456,92.984,39.968,47.512,93.024,2058,0.045293554,1563467433,LPLC4_R,LPLC4,dend[264],1,green
44.712,92.44,24.704,44.8,92.328,2292,0,1563467433,LPLC4_R,LPLC4,dend[3414],0.589636232,green
46.896,84.104,18.448,47.008,84.16,1657,0,1563467433,LPLC4_R,LPLC4,dend[2451],1,green
36.36,107.984,47.752,36.16,107.872,1834,0.964503833,1563126151,LPLC4,LPLC4,dend[1900],1,green
41.568,105.104,39.08,41.544,104.976,1699,0.967274621,1563126151,LPLC4,LPLC4,dend[1978],1,green
33.152,98.488,29.008,33.128,98.552,3592,1,1563126151,LPLC4,LPLC4,dend[2655],0.524655372,green
43.728,100.224,24.816,43.792,100.368,2537,0.964416072,1563126151,LPLC4,LPLC4,dend[3459],1,green
42.84,89.696,25.52,42.952,89.6,2297,0.316871995,1563126151,LPLC4,LPLC4,dend[3392],0.126658662,green
42.512,89.392,24.776,42.72,89.424,2313,0.457919928,1563126151,LPLC4,LPLC4,dend[3408],0.426702172,green
38.832,105.16,38.176,38.568,105.112,2364,0.348111701,1563126151,LPLC4,LPLC4,dend[1973],0.925659285,green
41.104,103.952,39.936,40.904,103.92,1699,0.967274621,1563126151,LPLC4,LPLC4,dend[1844],0.845750416,green
24.768,106.12,47.32,24.824,105.976,1767,0,1563126151,LPLC4,LPLC4,dend[2073],0.924197158,green
47.264,93.488,37.008,47.28,93.48,1925,0,1563126068,LPLC4_R,LPLC4,dend[2272],0.692549819,green
48,91.44,39.84,48.24,91.344,2050,0.999533747,1563126068,LPLC4_R,LPLC4,dend[241],0.439052691,green
43.68,96.984,29.672,43.512,96.976,2814,0.960212953,1563126068,LPLC4_R,LPLC4,dend[3026],0.289196651,green
43.776,96.712,29.984,43.616,96.776,2813,0.971868799,1563126068,LPLC4_R,LPLC4,dend[3025],0.901571039,green
45.144,90.016,22.672,45.056,89.92,2278,0.228356444,1563126068,LPLC4_R,LPLC4,dend[3368],0.9503616,green
42.8,96.144,24.56,42.8,96.16,2504,0.211799813,1563126068,LPLC4_R,LPLC4,dend[3428],0.332908569,green
44.352,90.84,22.728,44.504,90.856,2274,0.984657036,1563126068,LPLC4_R,LPLC4,dend[3364],0.292922902,green
42.688,91.648,24.456,42.608,91.416,2315,0.978984871,1563126068,LPLC4_R,LPLC4,dend[3410],0.694050747,green
27.136,108.328,41.64,27.088,108.512,2256,0.912871159,1563126068,LPLC4_R,LPLC4,dend[2155],0.899196222,green
47.728,98.304,50.296,47.776,98.256,1580,0.982874944,1563126068,LPLC4_R,LPLC4,dend[188],0.085429428,green
42.192,96.064,24.536,42.216,96.144,2504,0.211799813,1563126068,LPLC4_R,LPLC4,dend[3446],0.473915971,green
47.704,97.816,50.296,47.744,97.776,1583,0,1563126068,LPLC4_R,LPLC4,dend[201],0.374371917,green
47.368,83.944,18.864,47.464,83.856,3825,0,1563126068,LPLC4_R,LPLC4,dend[2447],0.769949317,green
46.952,83.992,17.888,47.24,84.128,1657,0,1563126068,LPLC4_R,LPLC4,dend[2447],0.972160599,green
46.712,91.248,49.648,46.648,91.36,3752,1,1563126068,LPLC4_R,LPLC4,dend[206],1,green
48.112,91.92,39.96,48.24,91.976,2050,0.999533747,1563126068,LPLC4_R,LPLC4,dend[262],0.275190157,green
43.848,90.424,22.72,43.96,90.328,2275,0.34535486,1563126068,LPLC4_R,LPLC4,dend[3366],1,green
45.36,91.184,49.824,45.488,91.288,546,0.223117907,1563126068,LPLC4_R,LPLC4,dend[210],0.591876739,green
44.312,91.528,22.68,44.456,91.584,2273,0,1563126068,LPLC4_R,LPLC4,dend[3363],0.759298273,green
46.496,94.336,33.272,46.656,94.296,3152,0.877659635,1563126068,LPLC4_R,LPLC4,dend[2583],0.788392021,green
47.36,84.424,18.312,47.28,84.312,3825,0,1563126068,LPLC4_R,LPLC4,dend[2447],0.871376282,green
44.984,96.584,33.448,44.848,96.648,1343,0.992349448,1563126068,LPLC4_R,LPLC4,dend[3056],0.463820635,green
46.136,94.656,33.56,46.224,94.632,3155,0,1563126068,LPLC4_R,LPLC4,dend[2586],1,green
46.008,110.04,40.416,45.92,109.92,2458,0.148450362,1563126068,LPLC4_R,LPLC4,dend[2238],1,green
44.848,95.608,31.352,44.784,95.448,2818,0.981866939,1563126068,LPLC4_R,LPLC4,dend[3031],1,green
46,93.8,33.512,45.736,93.952,3154,0.997123736,1563126068,LPLC4_R,LPLC4,dend[2585],0.508148301,green
45.032,106.528,38.696,45.224,106.432,2453,0,1563126068,LPLC4_R,LPLC4,dend[1840],0.635050812,green
44.624,106.512,38.336,44.608,106.616,3486,1,1563126068,LPLC4_R,LPLC4,dend[1840],0.362946666,green
46.76,98.928,49.336,46.672,98.92,1581,0.995968129,1563126068,LPLC4_R,LPLC4,dend[199],1,green
46.944,99.424,48.728,46.984,99.432,1590,0.167357899,1563126068,LPLC4_R,LPLC4,dend[198],0.739886628,green
46.84,99.392,49.32,46.656,99.232,2451,0,1563126068,LPLC4_R,LPLC4,dend[199],1,green
47.096,93.2,36.96,47.048,93.184,1925,0,1563126068,LPLC4_R,LPLC4,dend[2273],0.264245176,green
40.08,98.336,39.824,40.248,98.392,2765,0.963930588,1563126068,LPLC4_R,LPLC4,dend[1944],1,green
46.68,99.48,48.456,46.784,99.408,1590,0.167357899,1563126068,LPLC4_R,LPLC4,dend[198],0.502145946,green
44.64,97.536,34.992,44.512,97.672,2804,0.409948388,1563126068,LPLC4_R,LPLC4,dend[3050],1,green
45.576,97.888,33.808,45.576,97.832,1342,0.999754043,1563126068,LPLC4_R,LPLC4,dend[3058],0.027048354,green
46.128,92.08,48.024,46,92.184,540,0,1563126068,LPLC4_R,LPLC4,dend[224],0.282309426,green
45.776,109.464,40.424,45.736,109.576,2458,0.148450362,1563126068,LPLC4_R,LPLC4,dend[2238],1,green
42.576,109.68,34.168,42.416,109.776,2734,0,1563122080,LPLC4_R,LPLC4,dend[1830],0.579609664,green
36.264,109.472,34.344,35.992,109.448,1723,0.999974367,1563122080,LPLC4_R,LPLC4,dend[2005],0.816642829,green
43.488,106.624,42.232,43.712,106.608,2466,0.97752436,1563122080,LPLC4_R,LPLC4,dend[2257],0.607565554,green
44.32,87.752,26.184,44.504,87.808,2298,0.989583459,1563122080,LPLC4_R,LPLC4,dend[3405],0.367491133,green
39.6,100.312,31.032,39.656,100.384,2935,0.991600312,1563122080,LPLC4_R,LPLC4,dend[2841],0.395033882,green
44.224,88.472,25.824,44.272,88.592,2298,0.989583459,1563122080,LPLC4_R,LPLC4,dend[3393],0.356675518,green
44.496,88.488,26.2,44.552,88.416,2298,0.989583459,1563122080,LPLC4_R,LPLC4,dend[3393],0.651370034,green
45.168,98.712,30.184,45.248,98.776,2603,0.963171708,1563122080,LPLC4_R,LPLC4,dend[2576],0.854125503,green
39.408,99.848,30.424,39.496,99.904,2934,0.985558647,1563122080,LPLC4_R,LPLC4,dend[2835],0.381202101,green
41.056,109.048,36.328,41.08,108.928,2494,0.343108269,1563122080,LPLC4_R,LPLC4,dend[1984],0.823462259,green
38.96,99.736,30.264,39.152,99.92,2942,0.998426486,1563122080,LPLC4_R,LPLC4,dend[2845],0.345351483,green
44.536,88.296,26,44.544,88.392,2298,0.989583459,1563122080,LPLC4_R,LPLC4,dend[3393],0.608711314,green
42.968,109.752,33.728,42.936,109.848,2730,0.984794123,1563122080,LPLC4_R,LPLC4,dend[1826],0.412612655,green
41.824,107.752,39.576,41.84,107.856,1668,0.995362685,1563122080,LPLC4_R,LPLC4,dend[1982],0.112348266,green
38.408,99.784,30.552,38.24,99.72,2741,0.989284216,1563122080,LPLC4_R,LPLC4,dend[2832],1,green
41.704,108.44,39.136,41.888,108.344,1668,0.995362685,1563122080,LPLC4_R,LPLC4,dend[1981],0.762949016,green
40.544,89.824,34.192,40.464,89.88,2792,0,1563122080,LPLC4_R,LPLC4,dend[2931],0.267490029,green
42.992,106.096,41.648,42.952,105.992,2472,0,1563122080,LPLC4_R,LPLC4,dend[2256],0.53051487,green
39.008,92.792,28.064,39.072,92.696,2743,0.946918053,1563122080,LPLC4_R,LPLC4,dend[2986],0.471009529,green
41.136,107.512,39.992,41.112,107.6,1671,0.977245446,1563122080,LPLC4_R,LPLC4,dend[2018],0.81459252,green
36.528,100.232,39.576,36.512,100.12,1707,0.997373225,1563122080,LPLC4_R,LPLC4,dend[1947],0.600450542,green
39.064,92.776,28.128,39.152,92.696,2743,0.946918053,1563122080,LPLC4_R,LPLC4,dend[2986],0.415862445,green
35.84,100.248,39.144,35.712,100.016,1707,0.997373225,1563122080,LPLC4_R,LPLC4,dend[1947],0.892620884,green
45.032,99.104,30.072,45.096,99.112,2609,0.993208986,1563122080,LPLC4_R,LPLC4,dend[2575],0.451617951,green
43.32,105.344,42.848,43.336,105.184,3523,1,1563122080,LPLC4_R,LPLC4,dend[2255],1,green
43.48,106.04,42.144,43.568,105.888,2469,0,1563122080,LPLC4_R,LPLC4,dend[2252],0.893591637,green
29.312,99.736,41.624,29.472,99.56,1778,0,1563122080,LPLC4_R,LPLC4,dend[2085],1,green
36.52,100.208,30.44,36.584,99.984,1448,0.997587598,1563122080,LPLC4_R,LPLC4,dend[2776],0.462841856,green
26.76,108.368,41.808,26.856,108.408,2256,0.912871159,1563122080,LPLC4_R,LPLC4,dend[2155],1,green
40.096,99.344,30.84,40.096,99.296,2940,0,1563122080,LPLC4_R,LPLC4,dend[2847],0.509016622,green
26.88,108.792,41.744,26.928,108.656,2256,0.912871159,1563122080,LPLC4_R,LPLC4,dend[2155],0.991202286,green
42.984,110.272,34.056,42.728,110.176,2731,0.987233615,1563122080,LPLC4_R,LPLC4,dend[1826],1,green
26.824,108.328,42.056,26.792,108.264,2256,0.912871159,1563122080,LPLC4_R,LPLC4,dend[2155],1,green
36.768,91.92,25.576,36.816,92.048,2759,0,1563122080,LPLC4_R,LPLC4,dend[2989],0.798273736,green
37.264,92.832,24.616,37.256,92.944,2758,0.999413746,1563122080,LPLC4_R,LPLC4,dend[2988],0.435864264,green
45.168,98.424,30.104,45.192,98.416,2603,0.963171708,1563122080,LPLC4_R,LPLC4,dend[2577],0.833020979,green
37.136,92.808,24.92,37.28,92.84,2758,0.999413746,1563122080,LPLC4_R,LPLC4,dend[2988],0.184557549,green
30.264,102.048,40.12,30.176,102.152,1780,0.488086095,1563122080,LPLC4_R,LPLC4,dend[2092],0.69647866,green
44.256,96.472,34.112,44.32,96.592,1343,0.992349448,1562785146,LPLC4_R,LPLC4,dend[3056],1,green
38.024,90.344,27.808,37.904,90.192,2751,0,1562785146,LPLC4_R,LPLC4,dend[2996],0.855085752,green
38.68,90.688,27.704,38.792,90.584,2748,0.397823872,1562785146,LPLC4_R,LPLC4,dend[2997],1,green
36.264,91.064,31.28,36.264,91.04,1973,0.94444206,1562785146,LPLC4_R,LPLC4,dend[2877],0.49646165,green
43.88,108.24,32.784,43.816,108.336,2714,0,1562785146,LPLC4_R,LPLC4,dend[1832],0.61584127,green
46.184,98.888,48.768,46.216,98.904,1584,0,1562785146,LPLC4_R,LPLC4,dend[189],1,green
46.168,98.976,48.584,46.016,98.904,1585,0.997086891,1562785146,LPLC4_R,LPLC4,dend[191],0.127589511,green
46.4,99.024,49.288,46.584,98.96,1581,0.995968129,1562785146,LPLC4_R,LPLC4,dend[199],1,green
27.04,108.472,41.504,27.152,108.488,2256,0.912871159,1562785146,LPLC4_R,LPLC4,dend[2155],0.824312264,green
27.416,108.616,41.024,27.488,108.488,2256,0.912871159,1562785146,LPLC4_R,LPLC4,dend[2155],0.53240662,green
45.536,99.104,48.44,45.48,98.952,1585,0.997086891,1562785146,LPLC4_R,LPLC4,dend[191],0.529969996,green
43.912,95.488,30.28,44.032,95.384,2819,0,1562785146,LPLC4_R,LPLC4,dend[3032],0.328670778,green
43.128,90.704,25.056,43.088,90.72,2314,0,1562785146,LPLC4_R,LPLC4,dend[3409],0.459012475,green
43.272,105.744,41.648,43.128,105.776,2472,0,1562785146,LPLC4_R,LPLC4,dend[2256],0.385786454,green
42.704,105.856,41.6,42.848,105.952,2472,0,1562785146,LPLC4_R,LPLC4,dend[2256],0.638823665,green
36.808,110.488,46.688,36.776,110.328,1912,0.978585625,1562785146,LPLC4_R,LPLC4,dend[2182],1,green
43.968,106.096,42.056,43.856,106.192,2466,0.97752436,1562785146,LPLC4_R,LPLC4,dend[2257],0.379255877,green
45.92,97.496,54.912,45.872,97.344,441,0,1562785146,LPLC4_R,LPLC4,dend[9],1,green
44.592,90.792,24.6,44.744,90.728,2293,0.979552481,1562785146,LPLC4_R,LPLC4,dend[3413],0.406106323,green
46.144,97.312,55.08,46.208,97.216,441,0,1562785146,LPLC4_R,LPLC4,dend[9],1,green
29.96,101.776,40.112,30.04,101.976,1780,0.488086095,1562781110,LPLC4,LPLC4,dend[2092],0.766684714,green
41.464,107.68,40.096,41.304,107.696,3487,1,1562781110,LPLC4,LPLC4,dend[2018],0.57943971,green
40.592,93.96,32.568,40.744,94.032,3612,0,1562781110,LPLC4,LPLC4,dend[2912],0.281511679,green
42.304,109.072,32.496,42.472,108.976,2713,0.97488022,1562781110,LPLC4,LPLC4,dend[1809],1,green
48.864,85.368,22.072,48.992,85.456,3558,1,1562781110,LPLC4,LPLC4,dend[2458],1,green
41.6,108.416,36.92,41.408,108.472,2494,0.142450549,1562781110,LPLC4,LPLC4,dend[1984],0.395969204,green
40.168,94.424,32.232,40.28,94.512,1348,0.997854244,1562781110,LPLC4,LPLC4,dend[2865],0.365694751,green
37.888,99.704,30.36,37.968,99.624,2741,0.989284216,1562781110,LPLC4,LPLC4,dend[2832],1,green
29.704,97.968,41.344,29.648,98.008,1777,0.946268422,1562781110,LPLC4,LPLC4,dend[2084],0.978910072,green
37.76,99.672,30.36,37.968,99.632,2741,0.989284216,1562781110,LPLC4,LPLC4,dend[2832],1,green
43.376,89.136,25.608,43.52,89.208,2311,0,1562781110,LPLC4,LPLC4,dend[3406],0.96098743,green
41.16,94.064,30.888,41.064,94.208,1592,0,1562781110,LPLC4,LPLC4,dend[3016],0.242417805,green
41.376,94.32,30.784,41.248,94.424,1592,0,1562781110,LPLC4,LPLC4,dend[3016],0.220471974,green
42.152,108.72,32.448,42.312,108.816,2726,0,1562781110,LPLC4,LPLC4,dend[1822],1,green
28.872,101.024,41.528,28.992,100.984,1772,0.994790956,1562781110,LPLC4,LPLC4,dend[2079],0.087346684,green
36.792,90.856,31.032,36.584,90.928,1973,0.94444206,1562781110,LPLC4,LPLC4,dend[2877],0.409152604,green
37.064,99.832,30.28,36.92,99.752,1448,0.997587598,1562781110,LPLC4,LPLC4,dend[2776],0.328158143,green
40.552,107.272,41.808,40.44,107.264,2090,0.980368584,1562781110,LPLC4,LPLC4,dend[2223],0.368913226,green
34.752,101.424,34.392,34.712,101.528,1940,0.326583834,1562781110,LPLC4,LPLC4,dend[2812],0.325172034,green
41.24,95.28,33.856,41.296,95.16,1350,0.581577035,1562781110,LPLC4,LPLC4,dend[2914],1,green
44.472,86.808,25.488,44.592,86.72,2300,0.999999795,1562781110,LPLC4,LPLC4,dend[3395],0.52139818,green
28.544,107.52,39.44,28.592,107.384,2255,0.29608749,1562781110,LPLC4,LPLC4,dend[2154],0.383570334,green
28.024,107.608,39.872,28.16,107.6,2255,0.29608749,1562781110,LPLC4,LPLC4,dend[2154],0.715728571,green
39.576,93.688,32.16,39.424,93.608,1353,0.337303595,1562781110,LPLC4,LPLC4,dend[2904],0.651368812,green
68.072,121.336,36.224,68.056,121.296,4,0.999577634,1562673627,LC4,LC4,dend[692],1,blue
64.112,123.768,21.904,63.944,123.696,1089,0.952106093,1562673627,LC4,LC4,dend[1672],0.580864171,blue
69.072,121.952,42.32,68.944,121.968,234,0.988397285,1562673627,LC4,LC4,dend[508],1,blue
57.496,117.528,35.032,57.72,117.432,344,0.88861692,1562673627,LC4,LC4,dend[794],0.086951609,blue
65.12,122.424,31.056,65.128,122.32,304,0.999794027,1562673627,LC4,LC4,dend[416],0.992964134,blue
66.728,123.44,21.704,66.88,123.584,641,0.993498912,1562673627,LC4,LC4,dend[1520],0.33581359,blue
67.6,123.584,22.232,67.472,123.616,860,0.957972609,1562673627,LC4,LC4,dend[1533],1,blue
58.504,116.744,37.816,58.488,116.624,321,0,1562673627,LC4,LC4,dend[765],1,blue
62.952,121.072,19.648,62.728,120.992,461,0.991641054,1562673627,LC4,LC4,dend[1683],0.610866443,blue
73.904,122.744,47.384,74.016,122.64,81,0.970911688,1562673627,LC4,LC4,dend[600],1,blue
68.544,120.168,39.84,68.624,120.216,236,0,1562673627,LC4,LC4,dend[454],0.756207701,blue
67.688,122.072,34.8,67.832,122.136,3343,1,1562673627,LC4,LC4,dend[695],0.179965226,blue
66.776,120.952,35.608,66.64,121.12,1,0.977630229,1562673627,LC4,LC4,dend[513],0.907433238,blue
62.336,123.256,15.616,62.328,123.168,932,0.999565984,1562673627,LC4,LC4,dend[1290],0.409266524,blue
67.744,119.696,38.024,67.552,119.656,209,0.629858612,1562673627,LC4,LC4,dend[449],0.971299997,blue
73.912,124.248,48.016,73.816,124.32,3790,0,1562673627,LC4,LC4,dend[603],0.587264858,blue
61.272,124.216,12.72,61.136,124.352,939,0,1562673627,LC4,LC4,dend[1279],0.122933887,blue
44.256,112.096,31.496,44.024,112.04,1357,0.99806255,1528253194,LPLC4_R,LPLC4,dend[904],0.219816533,green
44.832,90.864,22,44.664,90.728,2275,0.34535486,1528253194,LPLC4_R,LPLC4,dend[3379],0.212032087,green
55.04,81.504,20.856,55.12,81.568,1645,0.978083129,1528253194,LPLC4_R,LPLC4,dend[2439],0.33638062,green
55.352,81.456,20.88,55.2,81.512,1645,0.978083129,1528253194,LPLC4_R,LPLC4,dend[2439],0.421688918,green
45.952,91.248,22.16,46,91.352,2268,0.995181438,1528253194,LPLC4_R,LPLC4,dend[3383],0.255318411,green
44.4,112.376,31.288,44.4,112.392,1357,0.99806255,1528253194,LPLC4_R,LPLC4,dend[904],0.790023573,green
44.424,112.64,32.472,44.336,112.768,1257,0,1528253194,LPLC4_R,LPLC4,dend[916],0.269732948,green
45.824,94.68,27.792,45.68,94.584,2822,0.999207194,1528253194,LPLC4_R,LPLC4,dend[3035],0.640464621,green
45.84,92.552,48.12,45.992,92.56,536,0,1528253194,LPLC4_R,LPLC4,dend[220],0.406564049,green
46.04,97.488,54.688,45.904,97.552,3778,0,1528253194,LPLC4_R,LPLC4,dend[7],1,green
44.72,109.872,31.648,44.776,109.8,1242,0.963120808,1528253194,LPLC4_R,LPLC4,dend[914],0.16598301,green
46.8,99.68,46.64,46.712,99.72,2443,0.959652208,1528253194,LPLC4_R,LPLC4,dend[3631],0.658030348,green
44.776,110.456,31.832,44.624,110.512,1242,0.963120808,1528253194,LPLC4_R,LPLC4,dend[912],0.585004012,green
44.728,109.152,39.712,44.808,109.064,2458,0.148450362,1528253194,LPLC4_R,LPLC4,dend[2238],0.274681091,green
45.728,97.416,54.8,45.816,97.48,3778,0,1528253194,LPLC4_R,LPLC4,dend[7],1,green
48.512,95.688,36.832,48.584,95.784,1921,0,1528253194,LPLC4_R,LPLC4,dend[2294],0.135876869,green
54.888,81.304,21.768,54.888,81.4,1646,0,1528253194,LPLC4_R,LPLC4,dend[2440],1,green
45.664,106.184,39.256,45.664,106.048,2453,0,1528253194,LPLC4_R,LPLC4,dend[1840],0.965380344,green
45.344,106.192,38.616,45.344,106.304,2453,0,1528253194,LPLC4_R,LPLC4,dend[1840],0.658879775,green
45.392,105.952,39.216,45.6,105.912,2453,0,1528253194,LPLC4_R,LPLC4,dend[1840],0.963602481,green
45.88,92.968,48.048,45.984,92.84,536,0,1528253194,LPLC4_R,LPLC4,dend[220],0.285237944,green
45.288,111.632,31.464,45.424,111.568,1252,0.977770217,1528253194,LPLC4_R,LPLC4,dend[936],0.707198435,green
48.272,96.352,36.872,48.432,96.28,3543,1,1528253194,LPLC4_R,LPLC4,dend[2294],0.945353604,green
44.424,91.704,22.688,44.456,91.592,2273,0,1528253194,LPLC4_R,LPLC4,dend[3363],0.748890031,green
46.784,99.464,46.576,46.688,99.688,2443,0.959652208,1528253194,LPLC4_R,LPLC4,dend[3631],0.701055165,green
48.192,95.056,35.944,48.136,95.184,3229,0.98742724,1528253194,LPLC4_R,LPLC4,dend[2296],0.194142618,green
48.176,94.704,35.56,47.984,94.76,3229,0.98742724,1528253194,LPLC4_R,LPLC4,dend[2296],0.553997634,green
44.408,113.792,32.4,44.624,113.728,1239,0,1528253194,LPLC4_R,LPLC4,dend[900],0.587414927,green
45.016,94.128,23.8,45.072,94.312,2265,0.953112202,1528253194,LPLC4_R,LPLC4,dend[3418],0.101529166,green
44.712,91.664,22.808,44.72,91.544,2267,0.93921968,1528253194,LPLC4_R,LPLC4,dend[3363],0.537485349,green
48.496,95.352,37.104,48.632,95.216,1922,0.986751111,1528253194,LPLC4_R,LPLC4,dend[2290],1,green
44.744,94.016,23.576,44.744,94.152,2266,0.942445101,1528253194,LPLC4_R,LPLC4,dend[3415],0.241346347,green
62.368,121.2,31.344,62.168,121.312,300,0.04221765,1503999967,LC4,LC4,dend[412],0.342017995,blue
62.36,121.888,30.424,62.32,121.96,299,0.997122908,1503999967,LC4,LC4,dend[411],0.871170137,blue
65.04,118.928,36.792,65.04,118.824,208,0.080970504,1503999967,LC4,LC4,dend[510],0.840226787,blue
66.64,135.992,24.152,66.864,135.904,3386,0,1503999967,LC4,LC4,dend[1505],0.165555269,blue
74.296,124.168,47.096,74.152,124.016,83,0,1503999967,LC4,LC4,dend[603],0.309958079,blue
74.84,124.096,46.064,74.784,124.008,77,0.999973951,1503999967,LC4,LC4,dend[605],1,blue
75.08,124.416,44.104,74.992,124.504,72,0.983248337,1503999967,LC4,LC4,dend[592],1,blue
74.36,124.112,46.952,74.208,123.976,83,0,1503999967,LC4,LC4,dend[603],0.26776469,blue
63.024,117.04,35.976,63.232,117.128,204,0,1503999967,LC4,LC4,dend[426],0.877156852,blue
63.28,117.208,35.968,63.184,117.2,204,0,1503999967,LC4,LC4,dend[426],0.809317539,blue
73.16,119.984,42.296,73.216,119.952,266,0.552141232,1503999967,LC4,LC4,dend[475],1,blue
75.048,123.76,44.096,74.832,123.792,74,0.438415607,1503999967,LC4,LC4,dend[594],0.222981311,blue
73.304,119.544,41.344,73.32,119.416,255,0.999553413,1503999967,LC4,LC4,dend[474],0.218429301,blue
65.88,124.536,32.952,65.912,124.688,146,0.981184831,1503999967,LC4,LC4,dend[749],1,blue
65.032,119.536,36.856,64.848,119.544,207,0.998249378,1503999967,LC4,LC4,dend[510],0.356620495,blue
59.792,123.592,18.176,59.768,123.704,925,0.976000451,1503999967,LC4,LC4,dend[1270],0.529732866,blue
66.28,123.976,32.464,66.4,123.992,3348,1,1503999967,LC4,LC4,dend[747],1,blue
72.16,136.152,19.336,72.112,136.32,667,0.410280518,1503999967,LC4,LC4,dend[1555],0.924113056,blue
60.712,114.952,38.08,60.68,114.952,313,0.905195701,1503999967,LC4,LC4,dend[756],0.540996054,blue
72.496,135.736,19.336,72.544,135.84,667,0.410280518,1503999967,LC4,LC4,dend[1555],0.645468416,blue
79.208,127.952,40.584,79.072,127.896,107,0.110462241,1498574596,LC4,LC4,dend[637],0.472238515,blue
66.272,124.544,20.68,66.16,124.648,641,0.993498912,1498574596,LC4,LC4,dend[1458],0.903161391,blue
68.888,126.656,21.84,68.752,126.616,849,0.973740523,1498574596,LC4,LC4,dend[1521],0.292025521,blue
66.624,124.104,21.416,66.712,124.128,641,0.993498912,1498574596,LC4,LC4,dend[1520],0.295535228,blue
58.904,115.704,34.024,58.896,115.888,201,0.999337958,1498574596,LC4,LC4,dend[809],0.157177624,blue
67.64,123.968,17.288,67.432,124.008,1085,0,1498574596,LC4,LC4,dend[1670],0.455887541,blue
62.32,116.288,24.464,62.336,116.208,899,0,1498574596,LC4,LC4,dend[1702],1,blue
62.048,116.088,24.424,62.24,116.136,899,0,1498574596,LC4,LC4,dend[1702],0.963646877,blue
67.584,124.264,17.632,67.512,124.16,1085,0,1498574596,LC4,LC4,dend[1670],0.15602205,blue
74.208,124.224,45.096,74.368,124.168,74,0,1498574596,LC4,LC4,dend[594],0.994984982,blue
73.104,129.712,32.176,73,129.52,174,0.929592955,1498574596,LC4,LC4,dend[731],0.320454328,blue
73.04,124.936,39.064,73.112,125.024,9,0.999465944,1498574596,LC4,LC4,dend[521],0.406777644,blue
69.856,125.568,23.848,69.992,125.536,859,0.986262785,1498574596,LC4,LC4,dend[1532],0.507084255,blue
69.576,125.264,24.896,69.704,125.104,863,0.999156771,1498574596,LC4,LC4,dend[1536],1,blue
68.376,125.408,18.624,68.096,125.384,646,0.939253569,1498574596,LC4,LC4,dend[1666],0.252928491,blue
58.16,116.424,37.552,58.304,116.376,321,0,1498574596,LC4,LC4,dend[765],0.871446362,blue
79.52,128.408,40.104,79.52,128.456,106,0.958952316,1498574596,LC4,LC4,dend[614],0.783514111,blue
80.04,127.84,40.872,80.144,127.864,109,0.277723696,1498574596,LC4,LC4,dend[636],1,blue
61.416,116.256,25.04,61.232,116.328,896,0.998482852,1498574596,LC4,LC4,dend[1701],0.360368098,blue
57.968,115.208,37.576,58.128,115.24,320,0,1498574596,LC4,LC4,dend[790],0.677228912,blue
72.216,135.872,14.992,72.168,135.8,676,0,1471601440,LC4,LC4,dend[1639],1,blue
69.664,120.944,40.424,69.632,120.792,238,0.208564082,1471601440,LC4,LC4,dend[478],1,blue
73.96,122.392,45.824,74.048,122.52,78,0.978751931,1471601440,LC4,LC4,dend[604],0.784284074,blue
62.72,121.952,20.872,62.72,121.832,461,0.991641054,1471601440,LC4,LC4,dend[1455],1,blue
63.472,119.184,34.456,63.28,119.176,192,0.947130593,1471601440,LC4,LC4,dend[428],0.016980047,blue
78.2,124.184,47.112,78.2,124.232,61,0.992565304,1471601440,LC4,LC4,dend[583],0.752688106,blue
58.504,119.904,22.424,58.592,119.824,3381,1,1471601440,LC4,LC4,dend[1688],0.785788034,blue
77.856,124.248,47.36,77.608,124.256,61,0.992565304,1471601440,LC4,LC4,dend[583],1,blue
58.392,119.736,22.544,58.376,119.632,3380,1,1471601440,LC4,LC4,dend[1688],0.805255985,blue
61.632,123.464,15.624,61.768,123.544,932,0.999565984,1471601440,LC4,LC4,dend[1290],0.202174106,blue
63.16,122.8,19.28,63.312,122.68,462,0.99384092,1471601440,LC4,LC4,dend[1682],0.54610669,blue
70.528,126.728,19.36,70.408,126.88,1055,0.994724892,1471601440,LC4,LC4,dend[1665],0.95458097,blue
61.328,123.024,14.504,61.632,123.072,938,0,1471601440,LC4,LC4,dend[1281],0.630595154,blue
60.912,124.04,15.856,60.944,124.224,929,0.998573893,1471601440,LC4,LC4,dend[1284],0.459667842,blue
60.864,123.88,17.024,60.952,124.16,1472,0.988144795,1471601440,LC4,LC4,dend[1294],1,blue
61,124.072,16.976,61,124.192,1472,0.988144795,1471601440,LC4,LC4,dend[1294],1,blue
57.056,95.216,32.56,57.152,95.008,2920,0.978169089,1469947367,LPLC1_R,LPLC1,dend[2555],0.572126151,red
59.712,93.48,38.296,59.744,93.616,2902,0.988314819,1469947367,LPLC1_R,LPLC1,dend[2530],1,red
59.816,94.328,37.928,59.904,94.192,2902,0.988314819,1469947367,LPLC1_R,LPLC1,dend[2531],1,red
55.632,99.992,31.272,55.712,100.088,2868,0.076462941,1469947367,LPLC1_R,LPLC1,dend[3553],1,red
57.24,114.496,18.272,57.192,114.376,388,0.997663825,1469947367,LPLC1_R,LPLC1,dend[1008],0.541188986,red
54.776,94.16,44.16,54.68,94.224,2157,0.995381721,1469947367,LPLC1_R,LPLC1,dend[3660],0.380259301,red
57.984,107.04,27.112,57.992,106.912,3086,0.554813635,1469947367,LPLC1_R,LPLC1,dend[865],1,red
54.36,95.568,43.568,54.36,95.432,3302,1,1469947367,LPLC1_R,LPLC1,dend[3729],1,red
57.544,106.808,26.832,57.648,106.848,3085,0,1469947367,LPLC1_R,LPLC1,dend[865],0.244080697,red
54.832,101.16,24.296,54.848,100.992,2979,0.990185762,1469947367,LPLC1_R,LPLC1,dend[3161],0.567799893,red
54.88,100.296,24.88,54.792,100.432,2978,0.999998999,1469947367,LPLC1_R,LPLC1,dend[3134],0.728357059,red
57.024,108.016,29.928,57.024,108.16,3078,0,1469947367,LPLC1_R,LPLC1,dend[875],0.549291513,red
57.408,107.976,29.856,57.56,108.104,3078,0,1469947367,LPLC1_R,LPLC1,dend[875],0.995924826,red
57.408,106.424,27.152,57.464,106.352,3087,0.180179832,1469947367,LPLC1_R,LPLC1,dend[866],0.971092885,red
57.064,107.856,26.656,57.08,107.752,3085,0,1469269528,LPLC1_R,LPLC1,dend[864],0.14358522,red
57.32,108.632,27.68,57.328,108.504,3072,0.949638474,1469269528,LPLC1_R,LPLC1,dend[858],0.064603642,red
55.456,98.968,29.232,55.296,98.76,2885,0.990987937,1469269528,LPLC1_R,LPLC1,dend[3555],0.432201375,red
55.424,98.824,29.24,55.312,98.744,2885,0.990987937,1469269528,LPLC1_R,LPLC1,dend[3555],0.435235599,red
60.096,105.088,4.624,60.208,104.896,617,0.999142902,1469269528,LPLC1_R,LPLC1,dend[1094],0.101808441,red
52.672,100.864,32.304,52.824,100.728,3210,0,1469269528,LPLC1_R,LPLC1,dend[3078],1,red
55.648,100.088,31.264,55.728,100.088,2868,0.127046711,1469269528,LPLC1_R,LPLC1,dend[3553],1,red
56.264,100.312,30.28,56.36,100.368,2867,0.121658014,1469269528,LPLC1_R,LPLC1,dend[3550],0.300041563,red
58.08,111.032,22.92,58.272,111.136,1168,0.458606266,1469269528,LPLC1_R,LPLC1,dend[989],0.598782585,red
58.12,111.312,23.256,58.032,111.472,1156,0.979335767,1469269528,LPLC1_R,LPLC1,dend[987],1,red
52.76,104.496,34,52.712,104.536,3307,1,1469269528,LPLC1_R,LPLC1,dend[368],0.4162231,red
52.872,102.552,37.864,52.944,102.632,3306,1,1469269528,LPLC1_R,LPLC1,dend[349],1,red
57.952,101.256,40.096,57.912,101.16,1434,0.986729366,1469269528,LPLC1_R,LPLC1,dend[3599],0.616823855,red
54.152,94.088,44.12,54.304,94.208,2157,0.995381721,1469269528,LPLC1_R,LPLC1,dend[3660],0.224838164,red
53.84,104.136,24.152,54.008,104.112,3005,0,1469269528,LPLC1_R,LPLC1,dend[3157],0.300483438,red
51.92,100.6,32.52,51.808,100.48,3209,0.995512456,1469269528,LPLC1_R,LPLC1,dend[3076],0.374941018,red
52.264,100.408,32.48,52.424,100.312,3206,0.973739085,1469269528,LPLC1_R,LPLC1,dend[3078],0.427301957,red
56.216,97.456,28.248,56.176,97.368,3030,0.987348345,1469269528,LPLC1_R,LPLC1,dend[3119],1,red
55.944,93.232,54.736,55.72,93.232,470,0,1469269528,LPLC1_R,LPLC1,dend[43],1,red
52.472,96.224,41.16,52.456,96.288,3304,1,1469269528,LPLC1_R,LPLC1,dend[289],1,red
54.632,103.048,38.456,54.64,103.056,3100,0.976407465,1469269528,LPLC1_R,LPLC1,dend[352],0.428113344,red
55.968,96.864,28.688,56.08,97.048,3030,0.987348345,1469269528,LPLC1_R,LPLC1,dend[3119],0.654663927,red
58.728,110.936,22.88,58.68,110.872,1486,0.973827814,1469269528,LPLC1_R,LPLC1,dend[992],0.740991721,red
47.616,93.888,37.056,47.728,93.896,1925,0,1469227143,LPLC4_R,LPLC4,dend[2271],0.966459001,green
47.44,93.968,37.2,47.552,94.128,1925,0,1469227143,LPLC4_R,LPLC4,dend[2271],0.911773883,green
46.984,94.624,33.288,47.072,94.8,3151,0,1469227143,LPLC4_R,LPLC4,dend[2582],1,green
46.68,94.2,39.88,46.632,94.064,2057,0.990616248,1469227143,LPLC4_R,LPLC4,dend[263],1,green
42.568,91.016,24.992,42.72,90.784,2314,0,1469227143,LPLC4_R,LPLC4,dend[3409],0.957116866,green
46.912,94.368,33.496,46.872,94.56,3152,0.877659635,1469227143,LPLC4_R,LPLC4,dend[2583],0.074308034,green
47.288,88.328,41.008,47.184,88.464,2063,0.99868432,1469227143,LPLC4_R,LPLC4,dend[249],0.064717235,green
48.192,94.944,33.28,47.936,94.832,3228,0.513465769,1469227143,LPLC4_R,LPLC4,dend[2590],1,green
48.176,94.584,32.24,48.128,94.656,3160,0.99229269,1469227143,LPLC4_R,LPLC4,dend[2589],0.209558645,green
47.24,94.368,37.176,47.4,94.296,1925,0.987470441,1469227143,LPLC4_R,LPLC4,dend[2271],0.87892655,green
31.184,110.304,38.648,31.392,110.208,2247,0.433725764,1469227143,LPLC4_R,LPLC4,dend[2148],1,green
31.52,110.464,38.76,31.528,110.32,2247,0.433725764,1469227143,LPLC4_R,LPLC4,dend[2148],1,green
42.672,91.448,24.576,42.776,91.336,2315,0.978984871,1469227143,LPLC4_R,LPLC4,dend[3412],1,green
30.152,109.048,38.136,30.344,108.984,2243,0.979966057,1469227143,LPLC4_R,LPLC4,dend[2146],0.256743697,green
29.912,108.856,38.152,29.944,108.736,2246,0,1469227143,LPLC4_R,LPLC4,dend[2150],1,green
52.48,89.376,33.84,52.584,89.368,1274,0.996063426,1469227143,LPLC4_R,LPLC4,dend[2404],0.780416049,green
43.184,108.688,32.64,43.168,108.816,2712,0.952363349,1469227143,LPLC4_R,LPLC4,dend[1808],0.785214399,green
52.208,89.472,33.624,52.352,89.368,1392,0,1469227143,LPLC4_R,LPLC4,dend[2414],0.425018216,green
35.544,109.24,34.192,35.616,109.32,1723,0.999974367,1469227143,LPLC4_R,LPLC4,dend[2005],1,green
46.032,108.856,39.536,46.024,109.032,2456,0.978341002,1469227143,LPLC4_R,LPLC4,dend[2237],1,green
54.776,81.04,22.048,54.936,81.288,1646,0,1469227143,LPLC4_R,LPLC4,dend[2440],1,green
43.464,97.096,24.712,43.6,97.104,2506,0.995679848,1469227143,LPLC4_R,LPLC4,dend[3448],0.905013952,green
69.024,131.624,10.664,69.048,131.416,1106,0.93388341,1466861327,LC4,LC4,dend[1397],0.493004861,blue
81.208,124.632,45.424,81,124.656,58,0.974070432,1466861327,LC4,LC4,dend[580],0.681435843,blue
81.056,124.584,45.424,81,124.648,58,0.974070432,1466861327,LC4,LC4,dend[580],0.677899642,blue
64.072,118.864,24.352,63.984,118.736,461,0.991641054,1466861327,LC4,LC4,dend[1685],1,blue
82.432,130.264,38.616,82.392,130.296,114,0,1466861327,LC4,LC4,dend[619],0.864369046,blue
79.072,122.176,45.312,79.08,122.312,3325,1,1466861327,LC4,LC4,dend[585],1,blue
82.936,131.416,39.072,82.928,131.328,115,0.993664026,1466861327,LC4,LC4,dend[620],0.619462392,blue
78.752,128.912,35.776,78.584,128.872,183,0.980917867,1466861327,LC4,LC4,dend[724],1,blue
70.416,129.048,17.288,70.32,128.808,1054,0.993338711,1466861327,LC4,LC4,dend[1545],1,blue
79.224,122.192,45.096,79.184,122.392,47,0.984744852,1466861327,LC4,LC4,dend[585],1,blue
69.672,129.904,15.888,69.76,129.832,656,0.999971551,1466861327,LC4,LC4,dend[1546],0.99326083,blue
78.792,128.824,35.784,78.608,128.8,183,0.980917867,1466861327,LC4,LC4,dend[724],1,blue
54.296,102.864,37.856,54.224,102.768,3099,0.997064489,1439203192,LPLC1_R,LPLC1,dend[351],0.789012344,red
56.384,94.16,40.432,56.544,94.216,3845,0,1439203192,LPLC1_R,LPLC1,dend[2540],0.927780023,red
56.776,94.664,39.824,56.512,94.496,3845,0,1439203192,LPLC1_R,LPLC1,dend[2540],0.755732585,red
57.08,93.864,40.752,57.08,93.8,3845,0,1439203192,LPLC1_R,LPLC1,dend[2540],1,red
57.328,93.968,27.296,57.192,94.048,3037,0.469161338,1439203192,LPLC1_R,LPLC1,dend[3102],0.726474138,red
58.608,99.32,23.632,58.528,99.44,2961,0.998857776,1439203192,LPLC1_R,LPLC1,dend[3181],0.210310936,red
57.56,98.704,42.04,57.624,98.824,1423,0,1439203192,LPLC1_R,LPLC1,dend[3602],1,red
55.28,101.336,37.464,55.296,101.144,3244,0,1439203192,LPLC1_R,LPLC1,dend[2311],1,red
58.848,100.032,24.368,59,99.928,2965,0.183421522,1439203192,LPLC1_R,LPLC1,dend[3191],1,red
62.84,107.568,16.552,62.888,107.632,1029,0.977697672,1439203192,LPLC1_R,LPLC1,dend[1187],0.968384528,red
56.928,114.328,15.144,56.816,114.224,950,0.985035824,1439203192,LPLC1_R,LPLC1,dend[1025],0.67357187,red
64.584,132.904,15.064,64.432,132.76,792,0.271320589,1438524573,LC4,LC4,dend[1336],0.798453071,blue
64.536,132.536,15.752,64.352,132.664,793,0,1438524573,LC4,LC4,dend[1337],0.2926503,blue
66.048,133.096,17.336,66.136,133.224,3413,1,1438524573,LC4,LC4,dend[1355],1,blue
65.648,133.4,16.952,65.648,133.36,793,0.736064173,1438524573,LC4,LC4,dend[1337],0.998745711,blue
70.304,136.768,25.632,70.16,136.856,811,0.947773914,1438524573,LC4,LC4,dend[1482],0.511693585,blue
66.4,123.944,29.64,66.152,123.984,306,0.141952134,1438524573,LC4,LC4,dend[417],0.962102393,blue
70.464,137.04,25.64,70.336,137.112,811,0.947773914,1438524573,LC4,LC4,dend[1482],0.676870355,blue
57.96,118.928,20.52,58.104,118.832,3380,1,1438524573,LC4,LC4,dend[1692],0.695011771,blue
68.136,117.712,45.48,68.016,117.744,225,0.856290898,1438524573,LC4,LC4,dend[500],0.522562395,blue
67.688,129.064,21.936,67.848,129.072,1097,0.994553285,1438524573,LC4,LC4,dend[1514],0.713935975,blue
52.568,96.128,37.456,52.496,96.248,1268,0.987666367,1407874177,LPLC1_R,LPLC1,dend[2299],0.843456508,red
55.856,92.2,54.048,55.816,92.128,454,0.976456012,1407874177,LPLC1_R,LPLC1,dend[41],0.26583423,red
50.992,105.336,34.528,51.088,105.312,3307,1,1407874177,LPLC1_R,LPLC1,dend[361],0.518665164,red
51.888,104.064,35.992,51.96,104.152,3307,1,1407874177,LPLC1_R,LPLC1,dend[369],0.731201017,red
52.48,100.928,35.96,52.632,100.832,3306,1,1407874177,LPLC1_R,LPLC1,dend[2322],1,red
58.432,100.312,31.224,58.376,100.296,2875,0,1407874177,LPLC1_R,LPLC1,dend[3549],1,red
58.248,96.144,27.976,58.168,96.048,3036,0.053988702,1407874177,LPLC1_R,LPLC1,dend[3117],1,red
58.376,100.208,32.408,58.232,100.032,2871,0.999698847,1407874177,LPLC1_R,LPLC1,dend[3537],0.492839642,red
67.184,105.656,8.016,67.264,105.728,601,0.956894533,1407874177,LPLC1_R,LPLC1,dend[1080],0.693731092,red
55.296,109.216,33.088,55.376,109.312,381,0,1407874177,LPLC1_R,LPLC1,dend[1763],1,red
54.672,109.792,30.2,54.688,109.864,3371,1,1407874177,LPLC1_R,LPLC1,dend[877],0.419946343,red
55.872,92.688,24.32,55.872,92.504,3672,1,1407874177,LPLC1_R,LPLC1,dend[3112],1,red
51.912,103.52,37.784,52.16,103.536,3306,1,1407874177,LPLC1_R,LPLC1,dend[347],0.747244036,red
55.944,92.128,53.712,56.008,91.992,454,0.976456012,1407874177,LPLC1_R,LPLC1,dend[41],0.443778521,red
54.448,109.248,30.128,54.384,109.192,3371,1,1407874177,LPLC1_R,LPLC1,dend[878],0.339361393,red
52.24,99.424,35.608,52.24,99.616,3226,0,1407874177,LPLC1_R,LPLC1,dend[2320],0.891115314,red
56.576,91.952,41.544,56.656,91.912,2173,0.496206136,1407874177,LPLC1_R,LPLC1,dend[3717],0.664733044,red
57.224,91.624,41.056,57.256,91.52,2174,0.988724166,1407874177,LPLC1_R,LPLC1,dend[3715],0.844208228,red
51.68,103.688,37.76,51.656,103.784,3306,1,1407874177,LPLC1_R,LPLC1,dend[347],0.485578549,red
52.408,98.056,36.56,52.256,97.968,3543,0,1407874177,LPLC1_R,LPLC1,dend[2267],0.015441326,red
66.976,106,8.264,66.904,106.136,600,0.998614686,1407874177,LPLC1_R,LPLC1,dend[1079],0.90698974,red
66.584,106.136,7.632,66.712,106.168,600,0.998614686,1407874177,LPLC1_R,LPLC1,dend[1079],0.882756146,red
59.072,108.024,10.512,59.04,108.072,634,0.999722721,1407874177,LPLC1_R,LPLC1,dend[1056],0.281582255,red
54.456,93.112,54.768,54.6,93.192,451,0.954919498,1407874177,LPLC1_R,LPLC1,dend[38],0.919106697,red
57.752,98.776,42.056,57.72,98.888,1423,0,1407874177,LPLC1_R,LPLC1,dend[3602],1,red
59.368,97.688,39.032,59.264,97.776,1441,0.999966433,1407874177,LPLC1_R,LPLC1,dend[3592],0.759938366,red
58.528,97.936,40.92,58.6,97.864,1430,0.089605882,1407874177,LPLC1_R,LPLC1,dend[3584],0.34105083,red
55.088,93.192,47.128,55.152,93.296,3757,1,1407874177,LPLC1_R,LPLC1,dend[176],1,red
58.944,100.544,11.864,58.928,100.704,2323,0.999976034,1407873674,LPLC1_R,LPLC1,dend[3289],0.150620736,red
54.56,93.344,54.736,54.608,93.216,451,0.954919498,1407873674,LPLC1_R,LPLC1,dend[38],0.922697816,red
56.856,98.448,13.304,56.624,98.656,2329,0,1407873674,LPLC1_R,LPLC1,dend[3297],0.858816698,red
52.088,104.496,39.016,51.96,104.544,3306,1,1407873674,LPLC1_R,LPLC1,dend[359],1,red
54.488,98.96,14.88,54.384,98.72,3643,1,1407873674,LPLC1_R,LPLC1,dend[3210],0.360169268,red
59.336,98.008,39.744,59.024,98.112,1437,0.34461996,1407873674,LPLC1_R,LPLC1,dend[3593],0.692892139,red
55.864,102.664,30.56,55.952,102.64,3697,0,1407873674,LPLC1_R,LPLC1,dend[3552],1,red
57.472,99.712,13,57.496,99.824,2319,0.945229983,1407873674,LPLC1_R,LPLC1,dend[3279],0.822289086,red
59.16,97.984,39.704,59.064,98.112,1437,0.34461996,1407873674,LPLC1_R,LPLC1,dend[3593],0.754565559,red
58.56,99.608,23.12,58.776,99.568,2963,0,1407873674,LPLC1_R,LPLC1,dend[3192],0.332120549,red
58.88,98.864,22.856,59.008,98.92,2959,0.99765399,1407873674,LPLC1_R,LPLC1,dend[3178],0.054208569,red
54.936,101.296,32.736,54.912,101.344,3213,0.995001618,1407873674,LPLC1_R,LPLC1,dend[3082],0.299504914,red
56.296,99.384,13.72,56.264,99.416,2318,0.982560055,1407873674,LPLC1_R,LPLC1,dend[3278],0.817718914,red
56.536,98.952,13.448,56.48,98.944,2329,0,1407873674,LPLC1_R,LPLC1,dend[3297],0.44568888,red
55.776,99.056,14.976,55.6,99.024,3643,1,1407873674,LPLC1_R,LPLC1,dend[3217],0.753012193,red
55.536,99.312,15.192,55.36,99.096,3643,1,1407873674,LPLC1_R,LPLC1,dend[3217],0.521079477,red
59.968,93.704,38.36,59.832,93.72,2902,0.988314819,1407873674,LPLC1_R,LPLC1,dend[2530],1,red
56.528,97,24.088,56.528,96.832,3144,0,1407873674,LPLC1_R,LPLC1,dend[3331],0.011810883,red
59.504,97.936,40.192,59.376,97.864,2193,0.374817466,1407873674,LPLC1_R,LPLC1,dend[3591],0.490028135,red
54.912,93.096,51.152,54.896,93.2,478,0.970354469,1407873674,LPLC1_R,LPLC1,dend[102],0.723595023,red
57.688,97.6,24.92,57.72,97.48,3144,0,1407873674,LPLC1_R,LPLC1,dend[3331],0.401968361,red
56.92,105.896,35.168,56.92,105.992,3850,0.985654736,1407873674,LPLC1_R,LPLC1,dend[1794],0.774575629,red
56.208,91.96,43.056,56.08,91.952,2181,0,1407873674,LPLC1_R,LPLC1,dend[3712],0.745988734,red
54,94.032,55.176,53.96,94.128,450,0,1407873674,LPLC1_R,LPLC1,dend[31],0.827499169,red
56.168,91.736,42.104,56.36,91.696,2172,0.999104645,1407873674,LPLC1_R,LPLC1,dend[3713],0.423771961,red
55.992,90.768,43.536,56.024,90.656,2182,0.244088381,1407873674,LPLC1_R,LPLC1,dend[3695],0.766091691,red
56.576,92.088,41.528,56.64,91.936,2173,0.496206136,1407873674,LPLC1_R,LPLC1,dend[3717],0.731201014,red
60.44,111.984,16.864,60.472,112.168,3267,0.96097416,1407873674,LPLC1_R,LPLC1,dend[1128],1,red
56.08,91.304,42.768,56.08,91.448,2172,0.999104645,1407873674,LPLC1_R,LPLC1,dend[3712],0.388416573,red
56.496,105.352,36.208,56.488,105.232,3191,0,1407873674,LPLC1_R,LPLC1,dend[1789],0.383844778,red
56.8,105.64,37.336,56.768,105.576,3273,0.887479687,1407873674,LPLC1_R,LPLC1,dend[1790],1,red
56.472,105.416,36.336,56.52,105.216,3191,0,1407873674,LPLC1_R,LPLC1,dend[1789],0.250656326,red
53.384,91.336,48.68,53.16,91.28,489,0,1407873674,LPLC1_R,LPLC1,dend[112],0.79579545,red
56.312,105.384,37.528,56.24,105.624,3188,0.22319779,1407873674,LPLC1_R,LPLC1,dend[1791],0.351417419,red
50.696,84.88,23.224,50.656,84.936,1631,0.9582357,1406147470,LPLC4_R,LPLC4,dend[2462],0.362233806,green
46.728,89.584,39.36,46.64,89.496,2075,0.988300119,1406147470,LPLC4_R,LPLC4,dend[259],0.683846628,green
47.464,101.312,47.184,47.664,101.304,2442,0,1406147470,LPLC4_R,LPLC4,dend[3630],0.329717742,green
45.624,106.352,38.752,45.496,106.32,2453,0,1406147470,LPLC4_R,LPLC4,dend[1840],0.729483625,green
44.848,96.128,57.232,45.184,96,3812,0.336785957,1406147470,LPLC4_R,LPLC4,dend[3771],0.5477146,green
45.144,96.288,57.184,45.168,96.16,3812,0.362777917,1406147470,LPLC4_R,LPLC4,dend[3771],0.569226359,green
45.264,89.616,22.776,45.288,89.728,2278,0.351097581,1406147470,LPLC4_R,LPLC4,dend[3368],1,green
44.824,107.424,37.664,44.648,107.336,3486,1,1406147470,LPLC4_R,LPLC4,dend[1841],0.792535571,green
44.12,90.024,22.616,44.096,90.208,2275,0.34535486,1406147470,LPLC4_R,LPLC4,dend[3366],0.879716743,green
44.456,110.544,32.096,44.624,110.304,1242,0.963120808,1406147470,LPLC4_R,LPLC4,dend[912],0.766698773,green
46.048,97.072,55.248,46.168,97.12,441,0,1406147470,LPLC4_R,LPLC4,dend[9],1,green
44.8,107.552,37.648,44.664,107.32,3486,1,1406147470,LPLC4_R,LPLC4,dend[1841],0.754553971,green
46.96,89.872,39.752,46.888,89.76,2062,0.992239267,1406147470,LPLC4_R,LPLC4,dend[259],0.306394102,green
44.072,90.048,22.344,44.168,90.128,2275,0.954553858,1406147470,LPLC4_R,LPLC4,dend[3366],0.482143434,green
46.944,106.2,40.688,46.776,106.264,2464,0,1406147470,LPLC4_R,LPLC4,dend[2247],0.356015659,green
44.432,111,31.68,44.488,110.912,1242,0.963120808,1406147470,LPLC4_R,LPLC4,dend[912],0.28660491,green
42.608,91.376,24.472,42.624,91.432,2315,0.978984871,1406147470,LPLC4_R,LPLC4,dend[3410],0.690837259,green
45.808,94.696,27.68,45.752,94.632,2822,0.999207194,1406147470,LPLC4_R,LPLC4,dend[3035],0.712525413,green
47.816,94.064,37.264,47.816,94.04,1923,0.989419033,1406147470,LPLC4_R,LPLC4,dend[2271],0.829782405,green
47.52,102.304,47.608,47.64,102.384,1689,0,1406147470,LPLC4_R,LPLC4,dend[3628],0.983327187,green
44.216,89.728,22.56,44.344,89.744,2276,0.997761161,1406147470,LPLC4_R,LPLC4,dend[3368],0.358519128,green
48.008,101.544,47.528,47.984,101.664,2442,0,1406147470,LPLC4_R,LPLC4,dend[3630],0.009301531,green
47.944,101.976,47.632,48.056,101.832,1689,0,1406147470,LPLC4_R,LPLC4,dend[3628],0.717665478,green
44.048,111.448,31.544,44.088,111.496,1241,0.991393693,1406147470,LPLC4_R,LPLC4,dend[911],0.550744685,green
47.088,106.872,40.8,47.088,106.936,2463,0.911646313,1406147470,LPLC4_R,LPLC4,dend[2246],1,green
48.616,94.64,37.16,48.528,94.68,1924,0,1406147470,LPLC4_R,LPLC4,dend[2290],0.629846725,green
48.28,95.576,36.072,48.32,95.432,3201,0,1406147470,LPLC4_R,LPLC4,dend[2295],0.842818736,green
42.872,91.224,24.92,42.896,91.088,2317,0,1406147470,LPLC4_R,LPLC4,dend[3412],1,green
47.544,101.328,48.168,47.368,101.48,2447,0.992176949,1406147470,LPLC4_R,LPLC4,dend[3641],1,green
43.256,90.816,25.008,43.112,90.68,2314,0,1406147470,LPLC4_R,LPLC4,dend[3409],0.401391109,green
43.088,91.08,24.848,42.984,91.032,2317,0,1406147470,LPLC4_R,LPLC4,dend[3412],1,green
43.672,90.968,25.04,43.816,90.888,2294,0.985771379,1406147470,LPLC4_R,LPLC4,dend[3390],0.448692136,green
56.592,116.776,33.856,56.376,116.712,414,0.978555519,1405780725,LC4,LC4,dend[811],0.579040499,blue
56.96,114.016,35.928,56.824,114.072,425,0,1405780725,LC4,LC4,dend[823],1,blue
57.032,114.92,33.208,57.32,114.936,423,0,1405780725,LC4,LC4,dend[822],0.826452451,blue
73.752,123.248,46.872,73.76,123.008,80,0.992770982,1405780725,LC4,LC4,dend[599],0.917016748,blue
68.456,133.312,23.944,68.464,133.112,1073,0.230745855,1405780725,LC4,LC4,dend[1509],0.706504791,blue
58.232,121.576,28.36,58.176,121.704,890,0.98347679,1405780725,LC4,LC4,dend[1739],1,blue
77.288,126.52,37.104,77.208,126.368,129,0.993567694,1405780725,LC4,LC4,dend[641],0.290580164,blue
57.184,116.032,34.136,57.304,115.92,3313,1,1405780725,LC4,LC4,dend[398],0.754925272,blue
58.448,91.216,35.256,58.568,91.224,1318,0,1404446113,LPLC1_R,LPLC1,dend[2396],0.35886445,red
53.792,105.76,32.432,53.912,105.84,3115,0,1404446113,LPLC1_R,LPLC1,dend[835],0.619506922,red
52.448,100.936,40.496,52.344,100.784,3306,1,1404446113,LPLC1_R,LPLC1,dend[282],0.577424043,red
53.536,106.056,32.52,53.664,106.032,3114,0.992909419,1404446113,LPLC1_R,LPLC1,dend[833],0.981877936,red
55.616,97.264,27.704,55.616,97.256,3029,0.166156337,1404446113,LPLC1_R,LPLC1,dend[3095],0.946389701,red
51.688,101.4,37.912,51.584,101.328,3306,1,1404446113,LPLC1_R,LPLC1,dend[358],0.629598541,red
57.36,102.632,23.952,57.264,102.368,2985,0.058790704,1404446113,LPLC1_R,LPLC1,dend[3160],1,red
54.44,99.944,42.12,54.536,99.968,1401,0.995361758,1404446113,LPLC1_R,LPLC1,dend[3617],0.302092443,red
56.888,102.168,25.728,56.864,102.28,3014,0,1404446113,LPLC1_R,LPLC1,dend[3139],1,red
56.72,92.384,43.552,56.672,92.312,2181,0,1404446113,LPLC1_R,LPLC1,dend[3712],1,red
55.288,97.912,28.232,55.192,97.904,3031,0,1404446113,LPLC1_R,LPLC1,dend[3120],1,red
55.128,98.248,27.56,54.968,98.152,3031,0,1404446113,LPLC1_R,LPLC1,dend[3120],1,red
56.16,95.048,47.816,56.304,95.088,3758,1,1404446113,LPLC1_R,LPLC1,dend[170],1,red
56.208,95.096,47.8,56.304,95.104,3758,1,1404446113,LPLC1_R,LPLC1,dend[170],1,red
58.88,109.064,15.688,58.968,109.016,622,0.999668148,1404446113,LPLC1_R,LPLC1,dend[1121],0.703295109,red
56.016,89.112,48.544,56.152,89.072,510,0.823246765,1404446113,LPLC1_R,LPLC1,dend[126],1,red
56.192,89.344,48.36,56.056,89.296,500,0.998442931,1404446113,LPLC1_R,LPLC1,dend[124],0.70083687,red
58.816,92.704,35.496,58.88,92.648,1318,0.098855737,1344392982,LPLC1_R,LPLC1,dend[2396],1,red
54.136,105.656,32.4,53.976,105.824,3115,0,1344392982,LPLC1_R,LPLC1,dend[833],0.778673531,red
69.264,105.728,8.264,69.2,105.776,604,0,1344392982,LPLC1_R,LPLC1,dend[1082],0.844183307,red
55.728,94.192,47.736,55.72,94.28,2042,0.904411266,1344392982,LPLC1_R,LPLC1,dend[172],1,red
55.64,98,43.976,55.52,97.888,2204,0.996293588,1344392982,LPLC1_R,LPLC1,dend[3759],0.768736827,red
54.064,101.168,39.816,54.08,101.128,3306,1,1344392982,LPLC1_R,LPLC1,dend[282],0.998401267,red
61.648,109.28,11.624,61.528,109.296,598,0.99890695,1344392982,LPLC1_R,LPLC1,dend[1109],1,red
56.152,113.912,17.696,56.08,114.024,1207,0,1344392982,LPLC1_R,LPLC1,dend[1013],0.291178562,red
56,113.672,18.224,56.12,113.8,1207,0,1344392982,LPLC1_R,LPLC1,dend[1013],1,red
61.712,109.328,11.152,61.64,109.208,598,0.99890695,1344392982,LPLC1_R,LPLC1,dend[1077],0.156975082,red
60.104,94.232,37.944,59.912,94.192,2902,0.988314819,1344392982,LPLC1_R,LPLC1,dend[2531],1,red
60.096,94.312,37.872,59.928,94.208,2922,0.905028243,1344392982,LPLC1_R,LPLC1,dend[2531],1,red
54.912,99.76,42.48,54.88,99.824,1405,0,1344392982,LPLC1_R,LPLC1,dend[3617],1,red
54.496,100.92,39.816,54.208,101.04,3306,1,1344392982,LPLC1_R,LPLC1,dend[282],1,red
46.104,97.768,52.656,46.136,97.712,553,0.158765502,1343395439,LPLC4_R,LPLC4,dend[83],1,green
54.688,82.568,21.128,54.608,82.496,1644,0.973219289,1343395439,LPLC4_R,LPLC4,dend[2438],0.699031437,green
54.424,82.416,21.168,54.456,82.472,1644,0.973219289,1343395439,LPLC4_R,LPLC4,dend[2438],0.66202819,green
47.872,95.112,35.808,48.032,95.08,3229,0.98742724,1343395439,LPLC4_R,LPLC4,dend[2296],0.313852381,green
45.92,95.832,24.192,45.792,95.752,2264,0.995275016,1343395439,LPLC4_R,LPLC4,dend[3359],0.3325474,green
51.256,84.24,22.984,51.264,84.264,1631,0.9582357,1343395439,LPLC4_R,LPLC4,dend[2462],0.834913791,green
53.592,82.864,21.352,53.416,82.928,1643,0.995853389,1343395439,LPLC4_R,LPLC4,dend[2442],0.990557402,green
45.904,96.944,24.632,45.84,96.912,2263,0.977233363,1343395439,LPLC4_R,LPLC4,dend[3358],0.679230548,green
46.792,99.256,48.416,46.808,99.384,1590,0.167357899,1343395439,LPLC4_R,LPLC4,dend[198],0.456876004,green
46.664,96.216,34.808,46.56,96.304,2827,0.956677554,1343395439,LPLC4_R,LPLC4,dend[3059],0.764656597,green
45.232,97.936,54.824,45.272,97.752,444,0,1343395439,LPLC4_R,LPLC4,dend[6],1,green
45.328,89.04,22.232,45.296,88.96,2277,0.913037229,1343395439,LPLC4_R,LPLC4,dend[3370],0.891951495,green
46.84,96.248,34.896,46.656,96.344,2827,0.956677554,1343395439,LPLC4_R,LPLC4,dend[3059],0.753114909,green
45.144,89.256,22.248,44.912,89.112,2277,0.452723445,1343395439,LPLC4_R,LPLC4,dend[3370],0.480669401,green
55.16,81.848,21.248,54.92,81.8,1646,0,1343395439,LPLC4_R,LPLC4,dend[2440],0.475298069,green
44.64,90.12,22.576,44.528,90.048,2275,0.954553858,1343395439,LPLC4_R,LPLC4,dend[3368],0.426275539,green
47.192,95.304,33.696,47.12,95.304,3151,0,1343395439,LPLC4_R,LPLC4,dend[2582],0.840687966,green
44.432,109.952,38.208,44.256,109.92,3118,0.988696025,1343395439,LPLC4_R,LPLC4,dend[2262],1,green
45.952,109.152,39.544,46.112,109.128,2456,0.978341002,1343395439,LPLC4_R,LPLC4,dend[2237],1,green
45.248,109.112,39.488,45.12,109.048,2458,0.148450362,1343395439,LPLC4_R,LPLC4,dend[2238],0.332683683,green
44.648,89.312,22.28,44.632,89.232,2276,0.997761161,1343395439,LPLC4_R,LPLC4,dend[3369],0.716374851,green
45.648,109.48,32.176,45.688,109.392,1243,0.969651177,1343395439,LPLC4_R,LPLC4,dend[913],0.693282867,green
47.208,101.48,48.168,47.32,101.528,2447,0.992176949,1343395439,LPLC4_R,LPLC4,dend[3641],1,green
44.896,97.6,54.728,45.176,97.64,444,0,1343395439,LPLC4_R,LPLC4,dend[6],1,green
47.072,91.528,49.704,47,91.552,3752,1,1343395439,LPLC4_R,LPLC4,dend[206],1,green
43.744,94.464,22.728,43.848,94.272,2288,0,1343395439,LPLC4_R,LPLC4,dend[3415],0.882000527,green
43.896,94.192,23.096,44.088,94.176,2288,0,1343395439,LPLC4_R,LPLC4,dend[3415],0.651143777,green
47.52,94.192,36.768,47.4,94.24,1937,0,1343395439,LPLC4_R,LPLC4,dend[2287],0.303583713,green
50.056,93.488,36.8,50.168,93.48,1919,0.110232533,1343395439,LPLC4_R,LPLC4,dend[3562],0.508719736,green
50.104,93.6,36.784,50.184,93.512,1919,0.110232533,1343395439,LPLC4_R,LPLC4,dend[3562],0.477485547,green
57.024,98.776,42.152,57.024,98.952,1436,0.998478118,1343045604,LPLC1_R,LPLC1,dend[3603],1,red
57.504,99.456,26.024,57.456,99.512,3847,0.437109087,1343045604,LPLC1_R,LPLC1,dend[3333],1,red
57.88,107.992,15.448,57.976,108.104,623,0.962966271,1343045604,LPLC1_R,LPLC1,dend[1122],0.733433124,red
56.96,98.568,25.416,56.832,98.552,3847,0.475736041,1343045604,LPLC1_R,LPLC1,dend[3333],0.685282739,red
59,109.144,15.744,59.016,109.16,622,0.999668148,1343045604,LPLC1_R,LPLC1,dend[1121],0.653117413,red
59.248,104.472,4.408,59.336,104.4,617,0.999142902,1343045604,LPLC1_R,LPLC1,dend[1094],0.521987472,red
58.144,107.448,15.728,58.304,107.6,625,0,1343045604,LPLC1_R,LPLC1,dend[1124],1,red
56.248,105.096,36.184,56.408,105.208,3191,0,1343045604,LPLC1_R,LPLC1,dend[1789],0.468394961,red
56.312,93.056,46.192,56.344,93.176,567,0.953552426,1343045604,LPLC1_R,LPLC1,dend[174],0.796736037,red
56.52,100.312,41.232,56.4,100.2,1408,0.170335306,1343045604,LPLC1_R,LPLC1,dend[3605],0.59404984,red
54.872,98.352,46.944,54.896,98.392,582,0.930512557,1343045604,LPLC1_R,LPLC1,dend[3739],0.195209242,red
56.52,121.032,16.16,56.656,121.016,905,0.921610241,1281303666,LC4,LC4,dend[1136],0.834434496,blue
73.272,124.56,38.272,73.04,124.376,9,0.999465944,1281303666,LC4,LC4,dend[521],0.145903371,blue
70.36,123.648,34.32,70.52,123.744,156,0.993503804,1281303666,LC4,LC4,dend[699],0.622791851,blue
54.696,116.4,27.184,54.768,116.552,3374,1,1281303666,LC4,LC4,dend[1748],0.620807779,blue
56.128,123.344,15.8,56.08,123.416,921,0,1281303666,LC4,LC4,dend[1154],0.330035666,blue
72.672,129.4,32.072,72.616,129.504,174,0.929592955,1281303666,LC4,LC4,dend[729],1,blue
75.744,124.52,41.816,75.696,124.6,38,0.467330266,1281303666,LC4,LC4,dend[556],0.975360206,blue
75.896,125.152,41.288,75.744,125.176,15,0.990860111,1281303666,LC4,LC4,dend[556],0.65831442,blue
73.248,133.224,18.248,73.04,133.336,663,0,1281303666,LC4,LC4,dend[1549],0.998011673,blue
75.12,125.136,40.064,75.112,125.272,15,0.990860111,1281303666,LC4,LC4,dend[556],0.161223532,blue
70.88,129.96,15.904,70.632,129.968,657,0.978216126,1281303666,LC4,LC4,dend[1547],0.26481951,blue
70.824,129.96,15.52,70.68,130.008,657,0.978216126,1281303666,LC4,LC4,dend[1547],0.297724809,blue
71.08,130.984,16.264,70.992,130.912,657,0.978216126,1281303666,LC4,LC4,dend[1547],0.610474094,blue
67.016,136.488,18.752,66.768,136.376,836,0.088362913,1251287671,LC4,LC4,dend[1349],0.580374932,blue
59.576,115.568,35.24,59.48,115.68,201,0.999337958,1251287671,LC4,LC4,dend[752],1,blue
59.576,115.76,38,59.608,115.832,314,0.0402473,1251287671,LC4,LC4,dend[764],0.473504417,blue
71.624,136.656,15.88,71.576,136.552,690,0,1251287671,LC4,LC4,dend[1638],1,blue
54.784,116.656,27.24,54.76,116.576,3374,1,1251287671,LC4,LC4,dend[1748],0.633255231,blue
67.144,137.28,19.768,67.088,137.28,838,0.110432992,1251287671,LC4,LC4,dend[1348],1,blue
68.752,121.952,42.296,68.912,121.912,234,0.988397285,1251287671,LC4,LC4,dend[508],1,blue
63.336,132.272,15.816,63.6,132.432,791,0.441669616,1251287671,LC4,LC4,dend[1356],0.612229322,blue
71.536,125.016,40.048,71.808,125.04,98,0.100171375,1251287671,LC4,LC4,dend[650],0.664025322,blue
62.44,133.808,13.76,62.32,133.888,701,0,1251287671,LC4,LC4,dend[1308],0.957962116,blue
62.456,132.032,15.696,62.256,131.904,3412,0,1251287671,LC4,LC4,dend[1357],1,blue
72.336,125.568,40.056,72.496,125.656,97,0.978957426,1251287671,LC4,LC4,dend[645],0.67784701,blue
62.024,133.224,14.496,62.008,133.304,701,0,1251287671,LC4,LC4,dend[1308],0.594034365,blue
62.368,133.72,14.088,62.32,133.816,701,0,1251287671,LC4,LC4,dend[1308],0.878814124,blue
66.336,136.464,18.976,66.6,136.36,835,0.613178811,1251287671,LC4,LC4,dend[1342],0.439891976,blue
69.368,124.76,37.2,69.56,124.704,10,0,1251287671,LC4,LC4,dend[652],0.584110106,blue
62.24,132.816,15.216,61.952,132.736,701,0,1251287671,LC4,LC4,dend[1308],0.271183139,blue
81.176,126.12,41.712,81.248,126.04,34,0.103680582,1249932198,LC4,LC4,dend[548],0.814422534,blue
75.96,126.656,40.336,75.904,126.616,15,0.990860111,1249932198,LC4,LC4,dend[610],1,blue
59.272,115.416,24.584,59.36,115.504,383,0.999465517,1249932198,LC4,LC4,dend[1699],0.870822993,blue
78.984,125.656,40.736,78.912,125.576,15,0.990860111,1249932198,LC4,LC4,dend[523],1,blue
68.104,129.416,4.136,68.064,129.544,773,0.30676475,1249932198,LC4,LC4,dend[1381],0.331691258,blue
80.256,124.904,41.64,80.208,124.784,17,0.982071665,1249932198,LC4,LC4,dend[525],0.47326442,blue
67.592,129.464,4.168,67.664,129.536,764,0.99830094,1249932198,LC4,LC4,dend[1381],0.048447968,blue
67.792,129.416,3.632,67.856,129.544,765,0.949428369,1249932198,LC4,LC4,dend[1372],0.93360681,blue
67.448,129.288,4.64,67.44,129.432,764,0.99830094,1249932198,LC4,LC4,dend[1383],0.827217392,blue
67.56,129.24,4.744,67.464,129.432,764,0.99830094,1249932198,LC4,LC4,dend[1383],1,blue
72.672,128.472,23.448,72.776,128.376,857,0.209903637,1249932198,LC4,LC4,dend[1526],0.51567877,blue
58.896,106.864,9.232,58.944,106.824,638,0,1222332850,LPLC1_R,LPLC1,dend[1064],0.296299274,red
56.928,109.632,26.24,56.744,109.384,2351,0.999459418,1222332850,LPLC1_R,LPLC1,dend[958],0.519901593,red
58.776,106.448,9.08,58.896,106.4,3814,0.183892961,1222332850,LPLC1_R,LPLC1,dend[1064],0.466566257,red
55.088,108.096,18.816,55.136,108.184,1202,0,1222332850,LPLC1_R,LPLC1,dend[1215],0.235678748,red
57.552,93.584,36.16,57.6,93.552,2899,0.96774506,1222332850,LPLC1_R,LPLC1,dend[2527],0.404594497,red
53.808,103.312,27.664,53.904,103.168,3011,0.276637719,1222332850,LPLC1_R,LPLC1,dend[3165],0.323936359,red
56.728,109.6,26.264,56.712,109.552,2351,0.999459418,1222332850,LPLC1_R,LPLC1,dend[958],0.438562756,red
55.104,89.408,48.144,55.136,89.504,498,0,1222332850,LPLC1_R,LPLC1,dend[122],0.615055829,red
52.84,103.832,36.368,52.8,103.944,3307,1,1222332850,LPLC1_R,LPLC1,dend[369],1,red
64.808,106.424,9.568,64.608,106.44,598,0.99890695,1222332850,LPLC1_R,LPLC1,dend[1108],1,red
52.936,101.032,31.968,53.024,100.944,3236,0.519073593,1222332850,LPLC1_R,LPLC1,dend[3088],0.592919513,red
56.752,91.88,41.768,56.904,91.744,2173,0.496206136,1222332850,LPLC1_R,LPLC1,dend[3713],0.891896547,red
56.768,90.136,44.152,56.704,90.016,2185,0,1222332850,LPLC1_R,LPLC1,dend[3698],0.762599052,red
55.36,105.208,23.288,55.376,105.224,3000,0.999993383,1222332850,LPLC1_R,LPLC1,dend[3152],0.051511298,red
55.032,105.688,23.688,55.232,105.568,3002,0,1222332850,LPLC1_R,LPLC1,dend[3153],0.333857057,red
57.352,107.68,11.32,57.408,107.632,995,0.957660034,1222332850,LPLC1_R,LPLC1,dend[1066],0.55751245,red
52.296,100.672,37.888,52.168,100.64,3306,1,1222332850,LPLC1_R,LPLC1,dend[358],0.892048887,red
57.08,95.896,33.928,57.032,95.784,2918,0,1222332850,LPLC1_R,LPLC1,dend[2553],1,red
55.896,89.072,48.32,55.904,89.232,500,0.521460997,1222332850,LPLC1_R,LPLC1,dend[124],0.590177308,red
59.712,100.8,31.6,59.92,100.816,2881,0.047508219,1222332850,LPLC1_R,LPLC1,dend[3546],0.124874112,red
56.272,90.824,43.272,56.064,90.832,2182,0.197142521,1222332850,LPLC1_R,LPLC1,dend[3695],0.623441091,red
54.024,99.928,42.64,54.008,99.976,3304,1,1220257051,LPLC1_R,LPLC1,dend[3619],1,red
59.16,98.376,25.848,59.192,98.488,3848,0.969112223,1220257051,LPLC1_R,LPLC1,dend[3331],0.90004214,red
57.136,97.856,36.112,57.096,97.608,3247,0.883962365,1220257051,LPLC1_R,LPLC1,dend[2315],1,red
55.456,94.344,51.928,55.376,94.424,480,0.997917415,1220257051,LPLC1_R,LPLC1,dend[104],1,red
56.408,92.68,49.832,56.28,92.528,502,0.845971312,1220257051,LPLC1_R,LPLC1,dend[98],1,red
56.136,92.456,49.76,56.104,92.384,502,0.845971312,1220257051,LPLC1_R,LPLC1,dend[98],1,red
55.904,100.04,27.296,55.84,100.072,3849,0.153767355,1220257051,LPLC1_R,LPLC1,dend[3125],1,red
54.056,104.032,27.712,53.856,104.024,3011,0.483437872,1220257051,LPLC1_R,LPLC1,dend[3165],1,red
58.072,97.6,25.304,58.128,97.776,3848,0.26896696,1220257051,LPLC1_R,LPLC1,dend[3331],0.554454041,red
58.216,102.08,13.752,58.28,101.96,2333,0.112811773,1220257051,LPLC1_R,LPLC1,dend[3295],1,red
54.176,100.296,42.64,54.096,100.088,3304,1,1220257051,LPLC1_R,LPLC1,dend[3619],1,red
56.912,97.552,36.136,56.984,97.608,3247,0.883962365,1220257051,LPLC1_R,LPLC1,dend[2315],0.978633148,red
56.6,94.136,43.344,56.56,94.472,2164,0.999995502,1220257051,LPLC1_R,LPLC1,dend[3667],0.546382128,red
56.952,92.16,45.032,56.8,92.096,2192,0.999235857,1220257051,LPLC1_R,LPLC1,dend[3706],0.891803614,red
55.768,104.952,23.136,55.544,104.952,3001,0.965163584,1220257051,LPLC1_R,LPLC1,dend[3152],0.203990373,red
56.64,92.56,43.48,56.672,92.392,2181,0,1220257051,LPLC1_R,LPLC1,dend[3712],1,red
59.912,108.696,12.24,60.008,108.744,3441,1,1220257051,LPLC1_R,LPLC1,dend[1070],1,red
57.704,107.568,11.304,57.496,107.648,995,0.957660034,1220257051,LPLC1_R,LPLC1,dend[1066],0.509757651,red
58.112,115.224,19.816,58.16,115.136,387,0.967151821,1220257051,LPLC1_R,LPLC1,dend[1005],0.366192826,red
55.368,93.88,51.728,55.272,94.016,480,0.997917415,1220257051,LPLC1_R,LPLC1,dend[104],0.859544041,red
82.72,131.896,38.624,82.88,131.936,117,0,1218901359,LC4,LC4,dend[622],0.113375655,blue
61.032,116.632,19.12,60.84,116.72,923,0.215960979,1218901359,LC4,LC4,dend[1158],1,blue
82.736,132.152,38.648,82.648,132.296,117,0,1218901359,LC4,LC4,dend[622],0.761991474,blue
82.904,132.304,38.656,82.68,132.272,117,0,1218901359,LC4,LC4,dend[622],0.70341332,blue
59.016,116.504,25.968,58.856,116.496,895,0.985182443,1218901359,LC4,LC4,dend[1700],0.094723672,blue
67.76,124.52,18.568,67.912,124.552,1081,0.255248506,1218901359,LC4,LC4,dend[1666],0.613287248,blue
69.872,127.128,18.688,69.8,127.008,3389,0,1218901359,LC4,LC4,dend[1655],0.366723138,blue
59.352,116.4,24.384,59.44,116.312,383,0.999465517,1218901359,LC4,LC4,dend[1699],0.93682402,blue
70.296,128.48,17.376,70.296,128.592,1054,0.993338711,1218901359,LC4,LC4,dend[1545],1,blue
69,129.264,2.928,68.864,129.128,767,0.979232045,1218901359,LC4,LC4,dend[1374],0.181626849,blue
69.536,128.696,2.736,69.424,128.616,767,0.979232045,1218901359,LC4,LC4,dend[1374],0.37094327,blue
67.328,124.328,17.632,67.448,124.192,1085,0,1218901359,LC4,LC4,dend[1670],0.186906407,blue
82.296,130.104,38.744,82.456,130.248,114,0,1218901359,LC4,LC4,dend[619],0.80064741,blue
69.24,128.92,2.792,69.144,128.848,767,0.979232045,1218901359,LC4,LC4,dend[1374],0.282432318,blue
67.928,122.632,34.432,68.048,122.64,153,0,1189559257,LC4,LC4,dend[696],0.523476274,blue
69.664,122.84,36.216,69.56,122.816,6,0.998597224,1189559257,LC4,LC4,dend[517],1,blue
66.584,123.832,32.496,66.464,123.848,3348,1,1189559257,LC4,LC4,dend[743],0.99128206,blue
67.096,123.36,31.528,67.072,123.152,149,0.813801677,1189559257,LC4,LC4,dend[745],0.009451315,blue
67.536,132.192,21.152,67.68,132.248,1100,0.987097815,1189559257,LC4,LC4,dend[1467],0.599904192,blue
74.952,124.424,43.696,74.984,124.232,72,0.983248337,1189559257,LC4,LC4,dend[592],0.778650447,blue
62.856,119.528,33.76,62.72,119.576,192,0.947130593,1189559257,LC4,LC4,dend[428],0.661522079,blue
58.64,116.456,27.232,58.672,116.56,897,0,1189559257,LC4,LC4,dend[1705],1,blue
59.952,116.32,26.912,60.032,116.4,898,0.345419666,1189559257,LC4,LC4,dend[1704],0.886396221,blue
62.752,115.408,23.76,62.872,115.32,900,0.99650856,1189559257,LC4,LC4,dend[1691],1,blue
56.232,105.424,36.208,56.424,105.232,3191,0,1189230326,LPLC1_R,LPLC1,dend[1789],0.432644007,red
58.84,105.808,9.072,58.736,105.752,3814,0.183892961,1189230326,LPLC1_R,LPLC1,dend[1064],0.715574649,red
52.912,98.384,46.24,52.608,98.368,3301,1,1189230326,LPLC1_R,LPLC1,dend[3734],0.946707257,red
55.888,102.808,32.736,55.752,102.776,3214,0.990377112,1189230326,LPLC1_R,LPLC1,dend[3085],0.495341078,red
58.832,99.688,19.128,58.784,99.664,2650,0.9957756,1189230326,LPLC1_R,LPLC1,dend[3306],1,red
61.288,109.144,10.936,61.504,109.184,598,0.99890695,1189230326,LPLC1_R,LPLC1,dend[1077],0.164057639,red
57.808,99.728,32.448,58.024,99.792,2871,0.999698847,1189230326,LPLC1_R,LPLC1,dend[3537],0.46489437,red
59.64,109.736,12.032,59.696,109.856,596,0.986083525,1189230326,LPLC1_R,LPLC1,dend[1052],1,red
59.576,108.864,10.872,59.52,108.672,632,0.988743499,1189230326,LPLC1_R,LPLC1,dend[1055],0.522084368,red
54.576,93.12,51.128,54.728,93.168,478,0.970354469,1189230326,LPLC1_R,LPLC1,dend[102],0.535920866,red
54.552,93.2,51.28,54.712,93.224,478,0.970354469,1189230326,LPLC1_R,LPLC1,dend[102],0.673419751,red
55.144,106.128,31.648,55.312,106.08,3112,0.985898593,1189230326,LPLC1_R,LPLC1,dend[832],0.458170475,red
59.088,98.36,21.624,59.192,98.368,2959,0.99765399,1189230326,LPLC1_R,LPLC1,dend[3178],0.520255118,red
56.128,100.872,33.208,55.992,100.768,3217,0.361658,1189230326,LPLC1_R,LPLC1,dend[3082],1,red
71.104,119.864,40.552,71.144,119.84,250,0.980182012,1158864995,LC4,LC4,dend[458],1,blue
55.216,121.952,23.28,55.144,121.872,1124,0.527933523,1158864995,LC4,LC4,dend[1241],1,blue
60.904,117.032,19.136,60.696,116.904,460,0.997072266,1158864995,LC4,LC4,dend[1158],1,blue
59.76,116.848,18.784,59.8,116.928,923,0.215960979,1158864995,LC4,LC4,dend[1158],1,blue
70.456,135.368,14.856,70.48,135.336,661,0.965015248,1158864995,LC4,LC4,dend[1617],0.403100165,blue
56.408,117.52,25.048,56.56,117.704,3375,1,1158864995,LC4,LC4,dend[1694],0.902647729,blue
73.696,125.328,48.696,73.52,125.248,3790,0,1158864995,LC4,LC4,dend[603],0.937709732,blue
56.16,117.784,24.76,56.104,117.76,3286,0.490278814,1158864995,LC4,LC4,dend[1694],1,blue
70.464,134.696,15.088,70.432,134.64,660,0.997646609,1158864995,LC4,LC4,dend[1563],0.764823896,blue
58.216,116.992,18.552,58.416,116.992,903,0.976568046,1158864995,LC4,LC4,dend[1131],0.263623061,blue
74.168,124.016,44.992,74.296,124.08,74,0,1158864995,LC4,LC4,dend[594],0.929466327,blue
66.944,122.384,34.792,67.096,122.352,142,0,1158864995,LC4,LC4,dend[740],0.324941629,blue
66.896,122.984,34.576,67.008,122.856,3271,0,1158864995,LC4,LC4,dend[740],0.690513268,blue
67.12,122.704,36.144,67.264,122.64,4,0.999577634,1158864995,LC4,LC4,dend[691],0.587080017,blue
66.36,123.688,33.28,66.488,123.688,144,0.576381599,1158864995,LC4,LC4,dend[742],0.171741707,blue
66.16,123.392,33,66.344,123.568,145,0,1158864995,LC4,LC4,dend[743],0.244262413,blue
82.912,132.016,38.64,82.88,132.032,117,0,1158187240,LC4,LC4,dend[622],0.22779254,blue
59.632,116.888,26.48,59.672,116.712,895,0.985182443,1158187240,LC4,LC4,dend[1700],0.878871954,blue
59.256,116.656,26.304,59.192,116.584,895,0.985182443,1158187240,LC4,LC4,dend[1700],0.455460937,blue
78.384,125.448,37.032,78.336,125.504,3791,0,1158187240,LC4,LC4,dend[641],0.666742456,blue
66.208,126.992,19.648,66.392,126.936,644,0.999169658,1158187240,LC4,LC4,dend[1519],0.797272669,blue
77.312,122.96,43.432,77.456,123.016,41,0.388669472,1158187240,LC4,LC4,dend[562],0.169076233,blue
63.896,123.168,20.68,64.056,123.136,640,0,1158187240,LC4,LC4,dend[1671],0.754370743,blue
63.656,123.144,20.432,63.728,123.072,640,0,1158187240,LC4,LC4,dend[1671],0.555784396,blue
65.288,129.84,12.352,65.44,130,3818,0,1158187240,LC4,LC4,dend[1395],0.83330603,blue
80.04,128.32,39.944,80.072,128.376,108,0.287850908,1158187240,LC4,LC4,dend[636],0.190062784,blue
66.008,128.896,20.464,66.008,129,797,0.999980387,1158187240,LC4,LC4,dend[1462],0.632874521,blue
